<?xml version="1.0"?>
<VTKFile type="PolyData" version="0.1" byte_order="LittleEndian">
  <PolyData>
    <Piece NumberOfPoints="1850" NumberOfVerts="0" NumberOfLines="4084" NumberOfStrips="0" NumberOfPolys="0">
      <PointData><DataArray type="Int64" Name="particle_id" NumberOfComponents="1" format="ascii">
1 2 3 4 5 6 7 8 9 10 11 12 13 14 15 16 17 18 19 20 21 22 23 24 25 26 27 28 29 30 31 32 33 34 35 36 37 38 39 40 41 42 43 44 45 46 47 48 49 50 51 52 53 54 55 56 57 58 59 60 61 62 63 64 65 66 67 68 69 70 71 72 73 74 75 76 77 78 79 80 81 82 83 84 85 86 87 88 89 90 91 92 93 94 95 96 97 98 99 100 101 102 103 104 105 106 107 108 109 110 111 112 113 114 115 116 117 118 119 120 121 122 123 124 125 126 127 128 129 130 131 132 133 134 135 136 137 138 139 140 141 142 143 144 145 146 147 148 149 150 151 152 153 154 155 156 157 158 159 160 161 162 163 164 165 166 167 168 169 170 171 172 173 174 175 176 177 178 179 180 181 182 183 184 185 186 187 188 189 190 191 192 193 194 195 196 197 198 199 200 201 202 203 204 205 206 207 208 209 210 211 212 213 214 215 216 217 218 219 220 221 222 223 224 225 226 227 228 229 230 231 232 233 234 235 236 237 238 239 240 241 242 243 244 245 246 247 248 249 250 251 252 253 254 255 256 257 258 259 260 261 262 263 264 265 266 267 268 269 270 271 272 273 274 275 276 277 278 279 280 281 282 283 284 285 286 287 288 289 290 291 292 293 294 295 296 297 298 299 300 301 302 303 304 305 306 307 308 309 310 311 312 313 314 315 316 317 318 319 320 321 322 323 324 325 326 327 328 329 330 331 332 333 334 335 336 337 338 339 340 341 342 343 344 345 346 347 348 349 350 351 352 353 354 355 356 357 358 359 360 361 362 363 364 365 366 367 368 369 370 371 372 373 374 375 376 377 378 379 380 381 382 383 384 385 386 387 388 389 390 391 392 393 394 395 396 397 398 399 400 401 402 403 404 405 406 407 408 409 410 411 412 413 414 415 416 417 418 419 420 421 422 423 424 425 426 427 428 429 430 431 432 433 434 435 436 437 438 439 440 441 442 443 444 445 446 447 448 449 450 451 452 453 454 455 456 457 458 459 460 461 462 463 464 465 466 467 468 469 470 471 472 473 474 475 476 477 478 479 480 481 482 483 484 485 486 487 488 489 490 491 492 493 494 495 496 497 498 499 500 501 502 503 504 505 506 507 508 509 510 511 512 513 514 515 516 517 518 519 520 521 522 523 524 525 526 527 528 529 530 531 532 533 534 535 536 537 538 539 540 541 542 543 544 545 546 547 548 549 550 551 552 553 554 555 556 557 558 559 560 561 562 563 564 565 566 567 568 569 570 571 572 573 574 575 576 577 578 579 580 581 582 583 584 585 586 587 588 589 590 591 592 593 594 595 596 597 598 599 600 601 602 603 604 605 606 607 608 609 610 611 612 613 614 615 616 617 618 619 620 621 622 623 624 625 626 627 628 629 630 631 632 633 634 635 636 637 638 639 640 641 642 643 644 645 646 647 648 649 650 651 652 653 654 655 656 657 658 659 660 661 662 663 664 665 666 667 668 669 670 671 672 673 674 675 676 677 678 679 680 681 682 683 684 685 686 687 688 689 690 691 692 693 694 695 696 697 698 699 700 701 702 703 704 705 706 707 708 709 710 711 712 713 714 715 716 717 718 719 720 721 722 723 724 725 726 727 728 729 730 731 732 733 734 735 736 737 738 739 740 741 742 743 744 745 746 747 748 749 750 751 752 753 754 755 756 757 758 759 760 761 762 763 764 765 766 767 768 769 770 771 772 773 774 775 776 777 778 779 780 781 782 783 784 785 786 787 788 789 790 791 792 793 794 795 796 797 798 799 800 801 802 803 804 805 806 807 808 809 810 811 812 813 814 815 816 817 818 819 820 821 822 823 824 825 826 827 828 829 830 831 832 833 834 835 836 837 838 839 840 841 842 843 844 845 846 847 848 849 850 851 852 853 854 855 856 857 858 859 860 861 862 863 864 865 866 867 868 869 870 871 872 873 874 875 876 877 878 879 880 881 882 883 884 885 886 887 888 889 890 891 892 893 894 895 896 897 898 899 900 901 902 903 904 905 906 907 908 909 910 911 912 913 914 915 916 917 918 919 920 921 922 923 924 925 926 927 928 929 930 931 932 933 934 935 936 937 938 939 940 941 942 943 944 945 946 947 948 949 950 951 952 953 954 955 956 957 958 959 960 961 962 963 964 965 966 967 968 969 970 971 972 973 974 975 976 977 978 979 980 981 982 983 984 985 986 987 988 989 990 991 992 993 994 995 996 997 998 999 1000 1001 1002 1003 1004 1005 1006 1007 1008 1009 1010 1011 1012 1013 1014 1015 1016 1017 1018 1019 1020 1021 1022 1023 1024 1025 1026 1027 1028 1029 1030 1031 1032 1033 1034 1035 1036 1037 1038 1039 1040 1041 1042 1043 1044 1045 1046 1047 1048 1049 1050 1051 1052 1053 1054 1055 1056 1057 1058 1059 1060 1061 1062 1063 1064 1065 1066 1067 1068 1069 1070 1071 1072 1073 1074 1075 1076 1077 1078 1079 1080 1081 1082 1083 1084 1085 1086 1087 1088 1089 1090 1091 1092 1093 1094 1095 1096 1097 1098 1099 1100 1101 1102 1103 1104 1105 1106 1107 1108 1109 1110 1111 1112 1113 1114 1115 1116 1117 1118 1119 1120 1121 1122 1123 1124 1125 1126 1127 1128 1129 1130 1131 1132 1133 1134 1135 1136 1137 1138 1139 1140 1141 1142 1143 1144 1145 1146 1147 1148 1149 1150 1151 1152 1153 1154 1155 1156 1157 1158 1159 1160 1161 1162 1163 1164 1165 1166 1167 1168 1169 1170 1171 1172 1173 1174 1175 1176 1177 1178 1179 1180 1181 1182 1183 1184 1185 1186 1187 1188 1189 1190 1191 1192 1193 1194 1195 1196 1197 1198 1199 1200 1201 1202 1203 1204 1205 1206 1207 1208 1209 1210 1211 1212 1213 1214 1215 1216 1217 1218 1219 1220 1221 1222 1223 1224 1225 1226 1227 1228 1229 1230 1231 1232 1233 1234 1235 1236 1237 1238 1239 1240 1241 1242 1243 1244 1245 1246 1247 1248 1249 1250 1251 1252 1253 1254 1255 1256 1257 1258 1259 1260 1261 1262 1263 1264 1265 1266 1267 1268 1269 1270 1271 1272 1273 1274 1275 1276 1277 1278 1279 1280 1281 1282 1283 1284 1285 1286 1287 1288 1289 1290 1291 1292 1293 1294 1295 1296 1297 1298 1299 1300 1301 1302 1303 1304 1305 1306 1307 1308 1309 1310 1311 1312 1313 1314 1315 1316 1317 1318 1319 1320 1321 1322 1323 1324 1325 1326 1327 1328 1329 1330 1331 1332 1333 1334 1335 1336 1337 1338 1339 1340 1341 1342 1343 1344 1345 1346 1347 1348 1349 1350 1351 1352 1353 1354 1355 1356 1357 1358 1359 1360 1361 1362 1363 1364 1365 1366 1367 1368 1369 1370 1371 1372 1373 1374 1375 1376 1377 1378 1379 1380 1381 1382 1383 1384 1385 1386 1387 1388 1389 1390 1391 1392 1393 1394 1395 1396 1397 1398 1399 1400 1401 1402 1403 1404 1405 1406 1407 1408 1409 1410 1411 1412 1413 1414 1415 1416 1417 1418 1419 1420 1421 1422 1423 1424 1425 1426 1427 1428 1429 1430 1431 1432 1433 1434 1435 1436 1437 1438 1439 1440 1441 1442 1443 1444 1445 1446 1447 1448 1449 1450 1451 1452 1453 1454 1455 1456 1457 1458 1459 1460 1461 1462 1463 1464 1465 1466 1467 1468 1469 1470 1471 1472 1473 1474 1475 1476 1477 1478 1479 1480 1481 1482 1483 1484 1485 1486 1487 1488 1489 1490 1491 1492 1493 1494 1495 1496 1497 1498 1499 1500 1501 1502 1503 1504 1505 1506 1507 1508 1509 1510 1511 1512 1513 1514 1515 1516 1517 1518 1519 1520 1521 1522 1523 1524 1525 1526 1527 1528 1529 1530 1531 1532 1533 1534 1535 1536 1537 1538 1539 1540 1541 1542 1543 1544 1545 1546 1547 1548 1549 1550 1551 1552 1553 1554 1555 1556 1557 1558 1559 1560 1561 1562 1563 1564 1565 1566 1567 1568 1569 1570 1571 1572 1573 1574 1575 1576 1577 1578 1579 1580 1581 1582 1583 1584 1585 1586 1587 1588 1589 1590 1591 1592 1593 1594 1595 1596 1597 1598 1599 1600 1601 1602 1603 1604 1605 1606 1607 1608 1609 1610 1611 1612 1613 1614 1615 1616 1617 1618 1619 1620 1621 1622 1623 1624 1625 1626 1627 1628 1629 1630 1631 1632 1633 1634 1635 1636 1637 1638 1639 1640 1641 1642 1643 1644 1645 1646 1647 1648 1649 1650 1651 1652 1653 1654 1655 1656 1657 1658 1659 1660 1661 1662 1663 1664 1665 1666 1667 1668 1669 1670 1671 1672 1673 1674 1675 1676 1677 1678 1679 1680 1681 1682 1683 1684 1685 1686 1687 1688 1689 1690 1691 1692 1693 1694 1695 1696 1697 1698 1699 1700 1701 1702 1703 1704 1705 1706 1707 1708 1709 1710 1711 1712 1713 1714 1715 1716 1717 1718 1719 1720 1721 1722 1723 1724 1725 1726 1727 1728 1729 1730 1731 1732 1733 1734 1735 1736 1737 1738 1739 1740 1741 1742 1743 1744 1745 1746 1747 1748 1749 1750 1751 1752 1753 1754 1755 1756 1757 1758 1759 1760 1761 1762 1763 1764 1765 1766 1767 1768 1769 1770 1771 1772 1773 1774 1775 1776 1777 1778 1779 1780 1781 1782 1783 1784 1785 1786 1787 1788 1789 1790 1791 1792 1793 1794 1795 1796 1797 1798 1799 1800 1801 1802 1803 1804 1805 1806 1807 1808 1809 1810 1811 1812 1813 1814 1815 1816 1817 1818 1819 1820 1821 1822 1823 1824 1825 1826 1827 1828 1829 1830 1831 1832 1833 1834 1835 1836 1837 1838 1839 1840 1841 1842 1843 1844 1845 1846 1847 1848 1849 1850
</DataArray></PointData>
      <CellData>
        <DataArray type="Int64" Name="particle_1" NumberOfComponents="1" format="ascii">
1 1 1 1 1 2 2 2 2 3 3 3 3 3 3 3 3 4 4 4 4 4 4 5 5 5 5 5 6 6 6 7 7 7 8 8 8 9 9 9 9 9 10 10 10 10 10 11 11 11 12 12 12 12 12 12 12 13 13 13 13 13 13 14 14 14 15 15 15 15 16 16 16 17 17 17 17 17 17 18 18 19 19 19 20 20 21 21 21 22 22 23 23 23 24 24 24 25 25 25 25 26 26 26 26 26 26 27 27 28 28 29 29 29 30 30 30 30 30 31 31 32 32 33 33 33 33 34 34 35 35 35 35 36 36 36 37 37 37 37 38 38 38 39 39 39 40 40 41 41 42 42 42 42 42 42 43 43 43 43 43 44 44 44 44 44 44 45 45 45 45 45 45 46 47 47 47 47 47 47 47 48 48 48 48 48 49 49 49 49 50 50 50 50 51 52 52 52 52 52 52 52 54 54 54 54 55 55 55 55 56 56 56 56 56 57 57 58 58 58 58 58 59 59 59 59 59 60 60 60 60 60 61 61 61 62 62 62 62 62 62 63 63 64 65 65 65 65 66 66 66 66 67 67 67 68 68 68 69 69 70 70 70 71 71 72 72 73 74 74 74 75 76 76 76 77 77 77 78 78 78 79 80 80 80 81 81 81 82 82 83 83 83 84 84 84 84 85 85 86 86 86 87 87 87 87 87 87 88 89 89 89 89 90 90 91 91 91 91 92 92 92 92 93 94 95 96 96 96 96 96 96 97 99 99 100 100 101 101 101 101 102 103 104 105 106 107 107 108 108 108 108 109 109 110 111 111 111 112 112 112 113 113 113 113 114 114 114 115 115 116 117 117 118 118 118 119 120 120 120 120 121 121 122 122 123 123 124 124 125 125 125 125 126 126 126 126 127 127 127 128 129 130 131 131 131 132 133 133 134 135 135 135 136 136 137 137 137 138 138 139 139 139 139 141 141 141 142 142 142 142 143 144 144 144 145 145 148 149 149 149 150 151 151 153 155 157 157 158 158 158 159 159 161 162 162 163 164 164 164 165 165 165 166 166 167 167 168 168 169 169 171 171 172 172 173 173 173 176 178 178 178 178 179 179 179 180 180 180 180 181 185 185 186 186 188 188 188 189 192 193 193 194 195 196 196 196 197 197 198 198 198 199 199 203 203 204 204 205 206 207 208 209 210 212 213 213 213 214 214 214 214 214 214 215 215 215 216 216 216 216 217 217 217 217 217 218 218 218 218 218 218 219 219 219 220 220 220 220 220 221 221 221 223 224 224 224 224 224 225 225 226 226 226 226 227 228 228 228 228 229 229 230 230 230 230 231 233 233 233 233 233 234 235 235 236 236 236 237 237 237 237 238 238 238 239 239 239 239 240 240 240 241 241 241 241 242 242 243 243 243 243 244 244 244 244 244 245 245 245 245 246 246 246 246 247 247 248 248 249 249 250 250 250 250 251 252 252 253 253 253 253 253 254 254 254 254 254 254 255 255 256 256 256 256 257 257 257 258 258 258 258 259 259 259 261 261 261 262 262 264 265 265 265 265 265 266 266 266 266 266 267 267 267 267 267 267 268 268 268 269 269 270 270 270 271 272 272 272 273 273 273 273 274 274 274 274 275 275 275 276 276 276 276 276 277 278 278 279 279 279 280 282 283 284 284 284 284 284 285 285 285 285 285 287 287 288 288 289 289 292 293 293 294 294 295 296 296 297 297 297 297 298 302 302 302 303 303 303 304 304 306 306 306 307 308 309 309 309 309 309 310 311 311 311 313 313 314 314 315 315 315 315 316 318 318 320 323 324 324 324 327 328 328 328 328 329 329 330 330 331 331 331 332 334 334 334 335 335 335 335 337 337 337 337 338 338 338 339 339 339 339 339 339 340 340 341 342 342 343 343 343 345 345 345 346 346 347 347 347 347 348 348 348 348 348 348 349 349 350 353 353 354 354 355 355 355 356 356 357 357 358 359 359 360 362 363 364 364 364 365 366 367 369 369 370 372 372 372 374 376 378 380 380 384 387 388 388 388 389 389 389 390 390 390 390 390 390 390 391 391 391 391 391 391 392 392 392 392 393 393 394 394 394 394 395 395 395 395 396 396 396 396 396 397 397 397 397 398 399 399 399 400 400 400 400 400 401 402 402 403 403 403 404 404 404 405 405 405 406 406 406 406 406 407 407 407 407 407 408 408 408 409 409 410 410 410 411 411 411 411 411 413 413 414 414 414 414 415 415 416 416 416 416 416 417 417 417 418 418 419 419 419 419 419 421 421 421 422 422 422 422 423 423 424 424 424 424 424 424 425 425 425 425 427 427 427 427 428 428 428 428 428 428 429 429 429 429 429 430 430 431 431 432 432 432 432 433 433 433 434 434 434 434 435 435 435 436 436 436 437 437 437 438 438 438 439 439 439 440 440 440 440 440 441 441 442 442 442 443 443 444 444 445 445 445 445 446 446 446 447 447 447 448 450 450 450 450 451 451 452 452 453 453 453 454 454 454 456 456 456 457 457 457 459 459 459 460 461 461 461 461 461 462 462 462 463 463 463 464 464 464 464 464 465 465 466 467 468 468 468 469 470 470 470 470 470 471 471 471 471 472 472 473 473 473 474 474 475 476 476 477 477 477 478 479 482 482 482 484 484 484 485 485 486 486 486 486 488 489 489 489 489 489 490 491 491 492 492 492 492 493 493 494 495 495 495 495 495 496 496 496 497 498 498 498 498 498 499 499 500 500 500 501 501 501 501 502 503 503 504 504 504 506 507 507 507 508 508 511 511 512 512 513 513 514 515 515 516 516 516 517 518 518 519 519 522 524 524 526 526 527 528 528 529 530 530 530 531 531 532 532 533 533 533 534 535 535 535 536 536 536 536 537 538 538 538 539 539 539 539 539 540 540 540 541 541 542 542 542 543 543 544 544 545 545 545 545 546 547 548 548 553 554 554 556 556 556 561 561 562 564 564 566 567 567 567 568 569 569 569 569 569 569 570 570 570 570 570 571 571 572 572 573 573 573 574 574 574 576 577 577 577 578 578 578 578 579 579 579 579 579 580 580 581 581 581 581 581 582 582 582 582 582 583 583 584 584 584 584 585 585 585 585 586 586 586 587 587 587 588 588 588 588 589 589 590 590 590 590 591 592 593 593 594 594 594 594 594 595 595 595 595 596 597 597 597 597 597 597 597 597 598 598 598 599 599 599 600 600 600 601 601 601 601 601 602 602 603 603 603 604 604 604 605 605 605 606 607 608 608 608 608 609 609 609 610 612 613 613 614 614 614 614 614 615 615 615 616 616 616 616 616 617 617 618 618 618 619 619 619 619 619 620 620 620 621 621 622 622 622 622 622 624 624 624 625 625 625 626 626 627 627 627 627 628 628 629 629 629 630 630 630 631 631 631 631 631 632 632 632 632 632 633 633 633 633 633 634 634 634 634 635 635 635 635 636 636 637 638 638 638 638 639 639 639 640 641 641 641 642 643 643 643 644 644 644 645 646 646 646 646 647 647 648 649 649 649 649 649 650 650 650 650 651 651 651 652 652 652 652 653 653 653 653 654 654 654 655 656 656 657 658 658 658 658 658 659 659 660 660 660 660 660 661 661 661 661 662 662 663 663 664 664 664 665 665 665 665 665 666 666 667 667 667 667 668 668 668 668 669 669 669 669 670 670 670 671 671 671 671 671 672 672 672 673 673 673 674 676 676 678 678 678 678 678 679 679 679 680 680 680 681 682 682 683 684 685 686 686 686 686 688 688 688 688 688 690 690 690 690 691 691 691 693 694 694 695 696 696 696 697 698 699 699 699 699 701 701 702 702 702 702 702 703 703 703 703 704 706 706 706 706 707 707 707 708 709 710 710 711 711 712 712 712 712 713 714 714 714 715 715 715 715 715 715 716 716 718 718 718 718 719 719 719 719 720 720 720 720 720 721 721 721 721 722 722 722 723 723 723 723 724 725 725 725 727 728 728 729 730 730 730 730 730 731 731 732 732 732 733 733 733 734 734 737 737 738 738 738 739 739 740 740 743 743 744 744 745 745 747 749 749 750 750 751 752 754 754 755 757 757 758 759 762 763 766 767 767 767 767 767 768 770 775 776 776 778 783 783 786 786 786 787 787 787 787 787 788 788 788 788 788 788 788 789 789 790 790 791 791 791 792 792 792 793 793 793 794 794 794 795 795 796 796 796 796 797 797 797 798 798 798 799 799 799 800 801 801 801 802 802 803 803 803 803 803 803 803 804 804 804 805 805 806 806 806 806 806 807 807 807 807 808 808 808 809 809 809 810 810 810 810 810 811 811 811 811 812 812 812 812 812 812 812 813 813 813 814 815 815 815 816 816 817 818 818 818 818 818 819 819 819 820 820 820 821 821 821 822 823 823 823 823 823 824 824 824 824 824 824 825 825 825 825 825 826 826 826 826 827 827 828 828 828 829 829 829 829 830 830 831 832 832 832 832 833 833 833 835 835 835 835 835 836 836 836 838 839 839 840 840 840 840 841 841 841 841 841 841 842 843 844 844 845 846 846 846 846 846 847 847 847 848 848 849 849 849 849 849 850 850 850 850 851 851 852 852 852 853 853 853 854 854 854 854 854 855 855 855 855 855 856 857 857 858 858 859 859 860 860 860 860 861 862 862 862 863 863 863 864 865 865 865 865 865 866 866 866 867 868 868 868 869 870 870 870 871 871 872 872 872 873 874 874 875 875 875 875 876 876 876 876 877 877 878 878 878 878 878 879 880 881 881 883 884 884 884 885 886 886 887 887 889 890 891 891 891 892 892 894 894 894 894 894 895 896 896 896 896 897 898 898 898 899 900 901 901 901 901 902 902 902 903 903 903 903 904 904 904 905 906 907 907 907 907 907 907 908 908 909 909 909 909 909 909 910 910 910 911 911 911 912 912 913 913 913 913 914 914 914 916 916 916 916 916 917 918 918 918 918 920 921 921 921 922 922 922 922 922 923 923 923 923 924 924 925 925 926 926 926 926 927 927 927 927 928 928 929 930 930 932 933 933 933 933 934 934 934 934 934 935 935 935 935 936 936 936 936 937 938 938 938 938 940 940 942 942 942 943 943 943 944 944 944 944 945 945 945 946 946 946 946 947 947 947 949 950 950 951 952 953 953 955 955 955 955 955 957 957 960 960 960 960 962 962 962 963 963 964 964 966 969 969 969 969 969 971 971 971 972 972 972 974 974 974 978 978 978 978 978 979 979 979 980 980 980 982 983 984 984 984 984 985 987 988 988 989 989 989 989 992 993 997 997 997 997 997 998 1000 1000 1002 1002 1005 1005 1005 1005 1012 1015 1015 1016 1017 1018 1018 1019 1020 1020 1020 1020 1021 1021 1021 1021 1021 1022 1022 1023 1023 1023 1024 1024 1024 1024 1025 1025 1025 1025 1025 1026 1026 1026 1026 1027 1027 1027 1027 1028 1029 1029 1029 1030 1030 1030 1030 1030 1030 1031 1031 1031 1031 1032 1032 1032 1033 1033 1033 1033 1033 1033 1034 1034 1034 1035 1035 1035 1036 1036 1036 1036 1036 1037 1037 1037 1038 1039 1039 1039 1039 1040 1040 1040 1041 1041 1042 1043 1043 1043 1043 1043 1044 1045 1045 1045 1045 1046 1046 1046 1046 1046 1048 1049 1049 1049 1049 1049 1050 1051 1051 1051 1051 1052 1052 1052 1052 1052 1053 1053 1054 1054 1054 1054 1054 1055 1055 1056 1056 1056 1056 1057 1057 1057 1058 1058 1058 1058 1059 1060 1061 1061 1062 1062 1062 1062 1062 1062 1063 1063 1063 1063 1064 1064 1064 1065 1065 1065 1066 1067 1068 1069 1069 1069 1069 1069 1070 1070 1070 1071 1071 1071 1071 1071 1072 1073 1073 1073 1074 1074 1074 1074 1074 1075 1075 1075 1076 1077 1077 1078 1078 1079 1079 1079 1079 1080 1081 1082 1083 1083 1083 1084 1084 1084 1084 1084 1085 1085 1085 1086 1086 1086 1087 1087 1087 1087 1087 1088 1088 1088 1088 1088 1088 1090 1090 1091 1091 1091 1091 1091 1091 1091 1092 1092 1092 1092 1093 1093 1093 1095 1096 1096 1096 1096 1096 1096 1096 1097 1097 1097 1098 1098 1098 1098 1098 1100 1101 1101 1102 1102 1103 1103 1104 1104 1104 1104 1105 1105 1106 1107 1107 1107 1107 1107 1107 1109 1109 1110 1110 1111 1112 1112 1112 1113 1114 1115 1115 1115 1115 1116 1116 1116 1116 1117 1118 1118 1120 1120 1120 1120 1120 1121 1121 1121 1121 1122 1122 1123 1123 1123 1123 1123 1123 1123 1124 1126 1126 1127 1127 1127 1127 1128 1129 1129 1129 1129 1131 1131 1131 1132 1132 1132 1132 1133 1133 1133 1134 1134 1134 1134 1135 1135 1135 1135 1136 1137 1137 1137 1137 1137 1138 1139 1140 1144 1145 1145 1146 1148 1149 1150 1150 1151 1151 1152 1153 1153 1154 1154 1154 1155 1156 1156 1156 1156 1157 1158 1158 1160 1162 1162 1163 1163 1163 1163 1164 1165 1165 1166 1166 1166 1167 1167 1167 1167 1167 1168 1168 1170 1170 1171 1171 1171 1171 1172 1173 1174 1175 1176 1176 1177 1177 1178 1178 1178 1178 1181 1181 1182 1182 1182 1182 1182 1184 1184 1184 1186 1186 1186 1186 1187 1187 1188 1188 1189 1192 1192 1192 1193 1194 1195 1195 1196 1197 1197 1199 1199 1200 1200 1200 1200 1202 1202 1204 1206 1206 1206 1206 1207 1207 1207 1208 1208 1208 1209 1209 1209 1209 1210 1210 1210 1210 1212 1215 1217 1217 1218 1218 1219 1221 1221 1222 1222 1222 1222 1223 1223 1224 1224 1225 1226 1226 1227 1227 1228 1228 1228 1228 1228 1229 1229 1229 1230 1230 1230 1230 1230 1231 1231 1231 1233 1233 1234 1234 1234 1234 1234 1235 1236 1236 1236 1236 1236 1236 1236 1237 1237 1237 1237 1238 1239 1239 1240 1240 1240 1240 1240 1241 1243 1243 1243 1243 1244 1245 1245 1245 1245 1245 1245 1246 1246 1246 1246 1247 1247 1247 1247 1247 1247 1248 1248 1249 1249 1250 1251 1251 1251 1252 1253 1253 1253 1253 1253 1254 1254 1256 1256 1256 1256 1256 1257 1257 1257 1257 1258 1258 1258 1258 1259 1259 1259 1259 1259 1259 1260 1260 1260 1260 1261 1261 1262 1262 1264 1264 1265 1265 1265 1265 1265 1266 1267 1267 1267 1269 1269 1269 1269 1270 1271 1271 1271 1271 1272 1272 1272 1273 1273 1273 1273 1273 1274 1274 1275 1275 1275 1276 1276 1276 1276 1276 1277 1278 1278 1278 1278 1279 1279 1279 1279 1279 1280 1280 1280 1281 1281 1281 1282 1282 1282 1283 1283 1283 1284 1284 1285 1285 1285 1285 1286 1286 1287 1287 1287 1288 1288 1288 1289 1289 1289 1289 1289 1289 1290 1290 1290 1290 1290 1291 1294 1294 1294 1294 1295 1297 1297 1297 1298 1298 1298 1299 1299 1299 1300 1300 1301 1302 1302 1302 1302 1303 1303 1303 1304 1304 1305 1305 1305 1305 1306 1308 1308 1309 1309 1311 1311 1311 1311 1312 1312 1312 1313 1314 1314 1314 1315 1315 1315 1315 1317 1317 1317 1317 1317 1317 1318 1318 1318 1319 1319 1319 1320 1321 1321 1322 1322 1322 1323 1325 1325 1327 1328 1328 1328 1328 1328 1330 1330 1331 1332 1332 1332 1333 1333 1333 1333 1334 1334 1334 1334 1334 1335 1335 1335 1338 1338 1339 1339 1340 1340 1340 1340 1341 1341 1342 1343 1343 1343 1344 1344 1344 1344 1345 1345 1345 1345 1346 1347 1347 1349 1349 1349 1350 1350 1350 1351 1352 1352 1353 1354 1355 1355 1355 1355 1355 1357 1359 1359 1359 1359 1359 1360 1360 1360 1361 1361 1362 1362 1363 1363 1364 1364 1364 1364 1365 1366 1367 1370 1370 1370 1370 1370 1371 1371 1371 1372 1375 1375 1375 1376 1376 1376 1377 1377 1377 1377 1377 1378 1378 1378 1378 1379 1380 1380 1380 1381 1381 1381 1382 1382 1383 1383 1383 1384 1386 1386 1386 1388 1388 1388 1389 1389 1390 1391 1391 1391 1391 1392 1394 1394 1394 1394 1396 1397 1399 1400 1400 1400 1401 1402 1402 1402 1403 1406 1410 1411 1411 1412 1412 1413 1413 1413 1413 1414 1414 1415 1415 1415 1416 1417 1419 1421 1422 1426 1427 1427 1428 1428 1428 1430 1430 1432 1432 1432 1432 1434 1434 1435 1435 1435 1435 1435 1435 1436 1437 1437 1438 1438 1438 1438 1439 1439 1439 1439 1440 1440 1440 1440 1440 1440 1441 1441 1441 1441 1441 1441 1443 1443 1443 1443 1444 1444 1444 1444 1444 1445 1445 1445 1445 1446 1446 1446 1447 1447 1447 1449 1449 1449 1450 1450 1450 1451 1451 1451 1451 1451 1452 1452 1453 1454 1454 1454 1454 1454 1455 1455 1456 1456 1456 1456 1457 1458 1458 1459 1459 1459 1459 1459 1459 1459 1460 1460 1460 1461 1461 1461 1461 1461 1461 1463 1463 1463 1463 1463 1463 1464 1464 1464 1464 1465 1465 1465 1465 1466 1467 1468 1468 1468 1469 1470 1470 1470 1471 1471 1471 1471 1472 1472 1472 1472 1473 1473 1473 1473 1473 1474 1474 1474 1475 1475 1475 1475 1476 1476 1476 1476 1476 1477 1477 1477 1477 1477 1477 1478 1478 1478 1479 1479 1480 1480 1480 1480 1480 1481 1481 1481 1481 1481 1481 1482 1482 1482 1482 1482 1483 1483 1484 1485 1485 1485 1485 1486 1487 1487 1487 1487 1488 1488 1489 1489 1489 1489 1489 1489 1490 1490 1491 1491 1492 1492 1492 1493 1493 1493 1493 1494 1494 1494 1495 1495 1496 1497 1497 1497 1498 1498 1498 1498 1498 1499 1499 1501 1501 1501 1501 1501 1501 1502 1502 1503 1503 1504 1504 1504 1505 1507 1507 1508 1508 1508 1509 1509 1509 1509 1510 1510 1510 1510 1511 1511 1512 1513 1513 1514 1515 1515 1516 1518 1518 1518 1519 1519 1519 1519 1519 1520 1520 1521 1521 1522 1522 1522 1523 1524 1525 1525 1525 1526 1528 1528 1528 1529 1529 1530 1530 1530 1531 1532 1532 1533 1533 1534 1538 1538 1538 1539 1541 1541 1541 1542 1543 1543 1544 1544 1544 1545 1545 1545 1546 1546 1547 1547 1547 1547 1549 1549 1549 1551 1551 1551 1554 1554 1554 1555 1555 1555 1555 1556 1557 1557 1557 1557 1557 1558 1558 1559 1559 1560 1560 1560 1561 1561 1562 1562 1562 1563 1564 1564 1566 1567 1567 1568 1568 1568 1569 1569 1569 1570 1570 1570 1571 1571 1572 1572 1573 1575 1577 1578 1578 1580 1580 1580 1582 1582 1582 1583 1584 1584 1585 1585 1585 1585 1587 1587 1587 1593 1593 1595 1597 1597 1598 1598 1598 1598 1599 1602 1603 1603 1604 1606 1607 1607 1608 1611 1611 1611 1612 1612 1612 1612 1613 1613 1614 1614 1614 1614 1615 1615 1615 1616 1616 1616 1616 1616 1616 1617 1617 1617 1617 1618 1618 1618 1619 1619 1619 1620 1620 1622 1622 1623 1623 1623 1623 1624 1624 1625 1625 1625 1625 1625 1626 1626 1626 1626 1626 1627 1627 1627 1628 1628 1628 1628 1629 1629 1629 1629 1629 1629 1630 1630 1630 1630 1631 1632 1632 1633 1633 1633 1633 1634 1634 1634 1634 1634 1635 1635 1635 1635 1635 1635 1637 1637 1637 1638 1638 1638 1638 1638 1638 1639 1639 1640 1640 1640 1640 1642 1642 1642 1643 1644 1644 1645 1645 1645 1646 1646 1646 1646 1647 1647 1648 1648 1648 1648 1649 1649 1649 1649 1650 1650 1650 1650 1650 1651 1651 1652 1652 1652 1654 1654 1654 1655 1656 1657 1657 1657 1657 1658 1658 1658 1659 1659 1659 1659 1659 1660 1660 1661 1661 1662 1662 1663 1663 1663 1664 1664 1665 1665 1665 1666 1666 1666 1668 1668 1670 1670 1671 1672 1673 1673 1673 1674 1675 1675 1675 1675 1675 1676 1676 1677 1677 1677 1677 1678 1678 1678 1678 1678 1679 1680 1680 1681 1681 1681 1681 1682 1682 1683 1683 1684 1684 1685 1685 1685 1686 1686 1686 1686 1686 1687 1687 1688 1689 1689 1689 1691 1691 1692 1692 1692 1692 1693 1693 1693 1693 1693 1694 1695 1695 1695 1696 1697 1698 1699 1700 1700 1700 1701 1701 1701 1701 1701 1702 1703 1703 1703 1703 1703 1704 1705 1705 1706 1706 1706 1706 1706 1707 1707 1708 1709 1709 1710 1712 1712 1712 1713 1714 1714 1715 1715 1716 1717 1717 1718 1719 1719 1721 1721 1721 1721 1722 1722 1722 1723 1724 1724 1724 1726 1726 1728 1728 1729 1730 1731 1731 1731 1732 1732 1733 1734 1734 1734 1735 1736 1736 1736 1737 1737 1737 1738 1739 1739 1740 1740 1740 1741 1742 1743 1748 1749 1749 1751 1752 1753 1753 1754 1754 1755 1757 1758 1758 1758 1758 1759 1759 1763 1763 1764 1765 1765 1766 1766 1767 1768 1768 1768 1768 1769 1770 1772 1773 1773 1774 1774 1775 1776 1779 1780 1781 1783 1784 1786 1786 1789 1789 1790 1791 1791 1795 1797 1797 1800 1802 1804 1807 1809 1812 1814 1818 1819 1823 1824 1826 1827 1829 1831 1833 1841 1843
</DataArray>
        <DataArray type="Int64" Name="particle_2" NumberOfComponents="1" format="ascii">
286 333 198 296 225 205 64 184 99 69 32 73 98 107 114 260 138 74 6 301 161 144 271 39 325 291 141 321 105 158 383 143 203 9 202 158 271 37 206 68 286 101 38 118 46 171 281 201 98 351 86 67 137 260 56 382 277 212 118 20 300 207 121 107 371 262 22 126 97 264 102 117 95 79 132 162 28 83 97 373 189 33 37 222 40 177 130 68 319 211 116 204 86 98 110 27 26 46 75 193 296 156 158 182 133 173 377 105 104 103 58 98 114 382 153 146 118 281 121 322 227 34 164 63 100 208 188 104 156 327 271 367 336 50 46 242 100 64 208 41 64 140 93 174 116 154 177 118 140 93 127 82 106 199 249 135 317 242 294 275 232 85 327 89 283 218 215 363 66 321 385 255 303 308 106 223 323 119 198 48 269 249 135 269 344 251 207 121 84 238 140 146 210 75 162 84 78 313 246 263 259 328 154 264 181 228 377 340 166 240 260 238 246 332 221 91 165 129 211 264 363 289 157 120 161 458 367 88 87 149 109 85 150 71 290 292 412 213 293 341 268 79 183 206 151 155 187 70 75 264 231 255 201 98 305 223 304 198 212 73 326 370 120 155 74 123 99 351 191 128 301 281 90 102 325 110 128 115 170 182 262 100 94 105 110 163 95 322 124 316 210 193 231 300 207 138 318 99 237 201 92 137 134 191 187 202 327 301 148 149 170 207 313 201 92 143 124 106 223 211 325 163 121 206 290 227 109 249 157 352 251 280 231 184 148 140 210 206 286 323 308 291 140 170 191 206 159 371 127 187 109 370 199 187 133 227 185 226 171 281 341 185 332 196 320 189 371 245 144 311 291 122 201 148 281 169 335 186 370 378 374 204 385 176 305 153 146 190 192 322 299 295 252 132 162 154 181 190 192 151 290 146 208 209 371 298 174 383 377 151 199 323 237 156 145 289 168 248 164 245 169 366 341 362 154 235 494 202 170 215 282 205 271 420 236 159 194 169 177 170 327 195 184 187 212 191 187 352 202 182 279 194 179 186 183 172 325 167 300 182 316 449 344 173 263 177 212 201 322 171 283 361 308 317 294 377 209 262 189 181 231 294 381 182 369 209 291 322 299 295 386 351 189 290 374 208 210 317 197 199 317 232 373 326 197 314 266 373 234 304 350 310 206 361 222 223 212 260 206 361 229 286 377 317 300 342 255 312 401 358 224 364 550 645 327 362 525 251 505 324 441 505 490 297 441 648 283 372 280 336 362 358 293 341 268 384 412 505 297 438 252 552 320 304 362 259 417 705 307 353 232 382 247 287 551 322 231 386 274 345 281 363 505 465 537 513 342 282 417 410 452 399 298 244 278 374 302 256 323 283 251 372 277 426 510 255 341 402 329 298 523 448 312 487 480 413 286 333 306 537 481 493 299 248 365 278 330 371 263 332 314 314 451 552 510 559 359 303 368 349 273 521 510 287 253 343 277 368 521 510 606 496 572 263 520 479 448 375 284 292 491 460 508 562 393 345 549 403 378 344 306 346 318 510 307 279 311 271 340 328 325 458 336 267 408 508 552 455 357 516 389 280 483 358 459 427 547 482 297 404 350 505 310 412 413 460 381 494 338 370 344 458 343 321 303 491 278 353 356 480 297 438 404 550 545 347 436 443 383 282 340 458 560 293 479 375 561 288 780 387 410 488 421 575 445 454 414 398 363 299 363 384 412 342 354 559 308 312 412 612 404 648 455 379 367 566 347 491 339 319 350 344 324 497 536 384 353 350 310 469 505 412 383 420 387 318 328 455 479 341 362 426 401 326 366 362 445 384 449 343 537 352 525 451 520 417 550 544 368 454 381 354 735 382 341 426 557 350 449 465 360 343 497 566 704 468 485 735 436 557 348 388 423 442 520 523 366 487 345 344 483 535 381 402 468 379 380 385 366 368 521 368 521 454 423 606 519 370 378 469 376 480 381 549 523 575 529 487 462 445 500 525 528 692 537 525 385 426 496 515 559 385 560 373 371 378 384 483 401 379 469 379 562 623 412 523 543 439 391 455 431 398 522 421 575 414 457 501 540 423 503 685 484 495 577 612 526 571 652 488 558 418 453 681 467 508 562 600 475 558 530 760 769 749 513 467 680 580 478 520 522 414 457 774 587 609 734 438 482 543 462 482 526 777 640 544 504 512 565 507 656 595 594 732 503 781 437 676 574 525 459 416 506 700 460 499 509 519 466 484 514 450 490 504 448 596 728 529 735 638 508 547 518 474 475 705 561 456 480 506 687 440 731 993 976 452 509 532 623 782 769 579 521 503 515 492 531 781 643 437 563 556 670 624 438 704 533 527 473 652 694 738 976 719 683 580 538 639 719 488 760 554 666 692 727 708 751 771 591 524 537 481 513 461 666 752 1003 468 485 502 685 727 882 483 441 477 485 502 576 467 526 565 747 1013 748 564 444 611 519 555 444 559 611 552 516 528 592 548 485 722 522 531 568 520 583 756 598 713 520 561 509 522 465 490 610 559 519 466 645 496 596 532 568 776 705 527 474 560 753 563 680 538 589 480 549 506 485 542 567 541 698 693 576 620 469 534 583 573 491 548 485 490 666 684 626 785 570 521 550 503 546 488 575 477 687 683 533 741 532 717 623 648 564 683 511 536 487 612 777 502 709 756 695 502 549 735 700 698 509 645 518 527 507 656 513 557 543 572 546 757 684 517 563 555 541 647 576 709 707 515 744 531 517 544 545 503 515 781 520 523 551 692 524 596 511 672 752 611 544 647 506 681 526 700 533 683 553 566 509 529 675 615 573 681 610 567 550 546 552 780 554 717 522 741 528 539 596 607 708 700 693 545 606 592 540 623 760 553 645 587 741 696 564 683 765 736 537 704 564 552 561 572 780 753 564 765 739 685 583 771 577 746 575 778 672 543 544 695 784 775 548 544 571 647 640 683 764 710 606 704 777 698 765 592 607 670 782 659 744 596 623 704 753 717 709 775 636 741 589 624 739 686 939 617 1003 662 968 889 953 777 694 592 591 731 641 1013 673 758 644 601 756 676 746 654 725 931 986 782 630 759 677 602 748 867 789 890 921 985 972 714 662 621 953 629 692 598 652 620 948 716 644 845 856 805 766 958 825 643 594 674 758 626 674 662 729 887 613 799 912 814 666 771 696 778 656 773 628 603 857 741 696 630 604 774 770 723 678 956 820 813 826 898 746 751 657 713 667 657 704 782 765 784 775 725 888 839 759 616 732 604 820 630 679 668 617 905 750 685 745 688 931 951 859 626 675 975 736 681 697 665 650 665 981 873 994 736 772 682 769 642 743 800 920 816 625 729 742 792 908 1011 915 792 1072 693 694 888 751 968 953 799 950 1004 814 782 765 677 915 635 876 774 734 637 977 715 830 776 895 879 655 964 639 759 677 724 856 802 904 933 637 718 843 856 720 897 799 721 795 945 856 783 805 881 939 750 817 1089 756 653 828 700 698 654 726 765 740 732 648 772 1013 1014 663 764 758 773 882 746 691 764 839 791 766 815 694 673 748 890 885 915 992 809 776 689 877 895 736 970 729 687 693 664 694 1009 669 837 958 747 999 762 953 761 773 996 747 664 726 688 794 970 779 768 671 880 892 844 958 864 711 1000 882 805 782 779 693 1013 993 689 675 975 895 795 780 728 746 669 755 783 877 874 813 861 701 837 802 783 704 753 765 772 742 789 880 985 776 689 675 781 703 737 845 707 691 740 732 770 899 826 743 877 919 736 731 887 687 887 742 761 727 771 729 908 817 915 762 1013 768 928 951 890 948 716 1001 701 737 802 726 710 834 735 760 776 822 752 777 897 918 819 854 709 756 861 919 790 942 833 781 738 845 831 717 845 889 1010 805 709 888 724 785 775 761 738 783 967 775 724 977 837 756 727 785 755 794 928 836 957 829 1185 719 956 834 956 957 959 761 740 770 885 843 848 808 1142 944 897 995 950 819 999 726 784 773 857 843 1010 888 726 1006 794 746 780 774 970 750 800 1089 876 906 976 789 740 770 905 893 877 873 857 895 834 856 761 834 831 740 827 867 816 749 763 780 774 1003 968 762 759 763 779 800 996 774 763 917 805 774 758 845 760 931 893 1009 856 995 811 1142 901 991 773 1009 778 822 893 879 864 990 995 1015 1159 823 865 911 1176 874 919 886 941 790 1211 1016 887 1014 917 793 888 794 869 817 1094 954 1211 1149 1212 828 928 869 981 912 924 1094 1066 807 858 1142 1172 900 919 965 1003 975 889 851 986 869 1053 904 864 838 836 829 1053 1008 883 1047 825 1000 868 990 995 899 809 938 910 943 988 1042 1059 1043 913 1018 998 922 972 938 899 826 876 886 1060 864 858 952 821 1019 974 871 998 846 947 1078 857 860 918 961 830 1138 966 827 842 924 1183 935 909 1029 1090 918 940 1203 905 842 886 1142 1174 1215 893 940 884 1180 936 1143 864 825 868 1068 1191 1166 904 864 1138 1205 1041 992 898 860 910 867 908 888 834 948 838 869 949 1183 847 973 843 951 929 1008 835 873 854 1141 929 983 1012 927 1002 921 972 870 931 1006 1009 899 954 932 1119 1203 998 846 884 916 1143 905 987 880 929 937 998 1174 1035 1129 1092 1006 986 1038 957 1019 963 1048 914 891 1057 1016 965 1100 1148 900 1048 1012 1058 1114 1190 900 1016 994 912 942 1077 863 1147 1106 1027 947 1133 937 897 861 904 1142 1053 902 898 886 941 1018 895 1061 1158 1108 994 925 1095 952 875 982 1130 936 1125 1038 966 1081 890 1205 978 1373 986 1001 957 883 1142 944 881 1191 903 917 905 920 1004 945 1015 1017 1190 932 906 963 981 919 927 1196 1102 1145 1220 881 922 995 964 1185 1075 1374 1099 992 1190 962 890 908 897 976 962 1023 907 921 972 964 1004 923 903 1130 897 903 1125 1067 1022 975 959 979 1018 915 920 995 944 1203 982 929 1214 1047 923 982 1130 989 977 973 1138 920 914 1060 1113 1201 1075 1204 1374 985 915 1047 960 1136 1219 1027 1266 1119 1106 974 961 1095 1044 994 961 1001 959 938 1019 932 1117 1059 1203 1174 936 1039 1139 1141 1010 979 941 942 1190 1014 948 972 985 1050 1072 983 1012 964 967 1061 1067 954 932 1077 1149 1048 1007 1197 1161 1080 1147 1118 1051 948 951 1179 965 1149 988 1185 973 980 1142 973 949 966 1079 1105 1128 1214 1194 1081 1044 1143 1165 1031 995 1001 972 983 943 979 1101 1159 1077 1101 1072 1196 1005 1142 1203 998 1174 961 1159 1015 966 1105 1124 1028 974 1336 1195 1172 990 1004 991 967 968 990 1094 1080 1117 1066 1042 1001 959 1008 1147 1019 1219 963 1048 1211 1119 1111 990 967 1038 980 1172 1136 1153 1035 1214 1179 1194 1001 983 1008 1106 1023 1201 1172 1105 1166 1056 1262 987 1113 998 1185 1019 1172 989 1147 1130 1044 1165 1022 1011 995 1089 1007 1191 1125 1039 1175 1001 1013 1016 1100 1075 1037 1296 1201 1068 1061 1147 1027 1119 1023 1196 1102 1140 1203 1159 1040 1044 1060 1113 1219 1242 1208 1177 1307 1085 1291 1281 1235 1304 1193 1291 1060 1111 1204 1150 1268 1156 1425 1171 1324 1401 1400 1210 1028 1181 1155 1352 1145 1239 1266 1324 1173 1047 1083 1239 1056 1035 1262 1404 1268 1178 1165 1189 1144 1306 1336 1122 1252 1220 1082 1122 1146 1070 1384 1118 1187 1346 1215 1078 1216 1266 1224 1264 1163 1210 1109 1213 1073 1128 1215 1216 1045 1107 1296 1212 1168 1138 1173 1164 1066 1249 1329 1049 1076 1189 1175 1108 1193 1392 1155 1188 1366 1323 1275 1100 1164 1152 1082 1379 1146 1094 1179 1385 1083 1145 1129 1099 1198 1096 1320 1128 1214 1348 1157 1217 1120 1420 1291 1229 1172 1105 1153 1181 1164 1197 1213 1094 1080 1066 1202 1197 1211 1191 1067 1160 1104 1186 1237 1349 1233 1264 1258 1357 1423 1087 1086 1320 1136 1081 1090 1310 1108 1158 1086 1189 1306 1131 1154 1122 1326 1240 1184 1199 1263 1228 1548 1080 1161 1242 1206 1338 1224 1283 1135 1314 1101 1109 1099 1082 1159 1180 1219 1404 1183 1136 1081 1124 1196 1338 1249 1179 1103 1223 1220 1133 1324 1122 1132 1170 1261 1235 1087 1126 1198 1149 1180 1099 1232 1341 1206 1177 1217 1418 1419 1420 1338 1293 1336 1404 1264 1163 1301 1292 1308 1216 1336 1184 1160 1149 1095 1341 1126 1109 1099 1348 1320 1199 1121 1120 1158 1155 1366 1306 1250 1416 1287 1389 1161 1113 1180 1151 1133 1223 1316 1227 1156 1261 1313 1124 1150 1147 1216 1255 1139 1160 1222 1392 1212 1348 1338 1316 1164 1338 1283 1192 1211 1385 1165 1189 1408 1291 1404 1160 1227 1308 1119 1202 1220 1232 1348 1200 1250 1295 1320 1199 1295 1342 1152 1137 1222 1274 1548 1349 1416 1393 1372 1369 1176 1189 1161 1169 1177 1217 1183 1201 1374 1134 1184 1341 1433 1162 1264 1400 1527 1414 1336 1324 1264 1216 1144 1263 1226 1293 1337 1401 1210 1172 1213 1252 1284 1207 1429 1205 1165 1179 1263 1220 1209 1429 1296 1358 1331 1155 1152 1213 1196 1266 1238 1365 1162 1229 1366 1331 1356 1387 1261 1232 1331 1170 1227 1398 1353 1264 1178 1248 1258 1409 1193 1408 1215 1331 1175 1204 1252 1206 1348 1199 1358 1169 1175 1261 1223 1293 1337 1401 1205 1373 1216 1255 1180 1198 1242 1415 1404 1224 1367 1300 1338 1268 1223 1187 1241 1517 1442 1336 1252 1292 1292 1226 1393 1344 1385 1218 1407 1192 1365 1407 1565 1490 1281 1316 1201 1204 1310 1221 1242 1207 1396 1433 1254 1398 1270 1249 1346 1213 1213 1286 1348 1284 1284 1319 1419 1379 1307 1325 1244 1324 1241 1298 1293 1314 1332 1258 1232 1255 1254 1271 1346 1269 1238 1329 1286 1408 1226 1281 1349 1385 1225 1266 1338 1506 1292 1349 1262 1300 1301 1396 1462 1342 1246 1389 1327 1576 1280 1360 1243 1455 1605 1330 1355 1438 1248 1313 1405 1428 1434 1345 1412 1424 1396 1420 1430 1303 1280 1596 1586 1313 1424 1330 1552 1264 1244 1293 1384 1312 1422 1537 1388 1298 1297 1353 1437 1484 1385 1600 1423 1421 1370 1343 1588 1378 1531 1540 1405 1295 1287 1596 1354 1353 1437 1300 1265 1310 1346 1398 1327 1272 1576 1301 1395 1302 1537 1383 1539 1430 1270 1288 1272 1371 1574 1495 1462 1486 1405 1601 1332 1265 1368 1421 1307 1325 1299 1309 1333 1526 1301 1308 1548 1357 1424 1277 1331 1268 1324 1326 1314 1285 1594 1351 1556 1293 1539 1536 1521 1442 1591 1422 1411 1354 1415 1417 1430 1535 1372 1566 1363 1397 1594 1340 1497 1489 1306 1408 1366 1410 1380 1526 1503 1725 1631 1560 1356 1436 1576 1461 1470 1368 1377 1361 1508 1538 1342 1586 1450 1424 1390 1566 1401 1400 1527 1316 1403 1565 1409 1325 1352 1300 1410 1563 1409 1418 1295 1416 1297 1359 1552 1592 1326 1414 1388 1357 1335 1531 1393 1297 1360 1371 1412 1304 1442 1524 1411 1382 1420 1416 1372 1413 1384 1400 1414 1429 1419 1462 1352 1313 1326 1395 1379 1384 1312 1417 1402 1582 1566 1457 1376 1362 1577 1479 1320 1368 1344 1553 1312 1590 1457 1499 1495 1325 1537 1536 1387 1367 1339 1397 1609 1526 1550 1579 1354 1448 1496 1720 1469 1597 1425 1330 1453 1326 1429 1462 1416 1403 1565 1591 1411 1452 1490 1379 1418 1390 1403 1506 1375 1564 1447 1563 1399 1373 1527 1375 1343 1417 1609 1451 1347 1422 1411 1406 1542 1521 1406 1423 1458 1369 1407 1407 1594 1490 1573 1604 1799 1358 1433 1548 1427 1351 1599 1540 1399 1467 1434 1393 1434 1363 1530 1395 1601 1582 1424 1393 1386 1609 1535 1579 1489 1407 1425 1436 1496 1563 1380 1505 1573 1653 1540 1424 1381 1590 1552 1376 1548 1405 1412 1556 1434 1380 1439 1386 1485 1506 1524 1427 1466 1408 1426 1407 1591 1427 1595 1504 1588 1523 1559 1507 1390 1397 1447 1497 1381 1499 1472 1423 1531 1589 1562 1544 1388 1432 1503 1610 1553 1500 1453 1439 1387 1426 1453 1466 1584 1431 1411 1542 1431 1566 1467 1552 1429 1406 1536 1413 1436 1566 1576 1574 1523 1470 1424 1539 1526 1511 1550 1420 1583 1563 1517 1591 1527 1517 1535 1448 1513 1506 1503 1500 1431 1575 1605 1668 1576 1605 1484 1523 1600 1423 1418 1609 1535 1548 1418 1486 1508 1600 1453 1447 1504 1540 1562 1610 1596 1448 1462 1536 1486 1451 1538 1464 1559 1507 1446 1793 1643 1611 1484 1450 1496 1467 1485 1494 1464 1573 1799 1653 1534 1601 1546 1515 1443 1647 1747 1820 1744 1649 1805 1765 1651 1720 1779 1572 1519 1562 1610 1710 1528 1689 1560 1460 1629 1689 1592 1559 1792 1516 1761 1561 1542 1575 1554 1586 1455 1469 1526 1579 1601 1560 1515 1521 1458 1505 1516 1561 1671 1645 1493 1532 1621 1733 1753 1492 1702 1574 1521 1588 1756 1510 1631 1544 1482 1533 1622 1562 1544 1694 1484 1470 1465 1793 1796 1607 1668 1788 1543 1750 1800 1813 1733 1494 1788 1667 1621 1512 1672 1704 1516 1552 1504 1584 1798 1672 1523 1696 1607 1632 1608 1691 1785 1552 1476 1485 1529 1516 1761 1587 1547 1645 1744 1788 1616 1550 1725 1558 1613 1505 1653 1593 1641 1571 1672 1750 1637 1704 1634 1705 1579 1725 1745 1603 1571 1792 1699 1488 1751 1781 1563 1556 1573 1653 1549 1494 1554 1655 1644 1748 1620 1607 1760 1512 1592 1641 1507 1667 1586 1811 1669 1688 1639 1679 1661 1556 1497 1599 1545 1549 1518 1583 1500 1604 1759 1744 1805 1682 1669 1753 1782 1684 1545 1820 1744 1514 1679 1512 1564 1561 1811 1745 1615 1525 1558 1804 1592 1577 1641 1744 1667 1814 1651 1683 1578 1725 1536 1756 1589 1516 1671 1552 1520 1772 1556 1589 1742 1636 1581 1644 1787 1595 1588 1671 1644 1542 1725 1672 1551 1718 1592 1718 1615 1761 1669 1688 1820 1687 1784 1632 1777 1812 1605 1772 1578 1631 1653 1549 1766 1605 1591 1725 1690 1662 1536 1568 1747 1543 1792 1699 1668 1788 1667 1540 1610 1710 1671 1753 1603 1742 1733 1710 1542 1550 1551 1558 1578 1694 1754 1589 1671 1753 1556 1733 1570 1586 1568 1761 1625 1673 1729 1573 1604 1688 1579 1615 1555 1636 1606 1581 1687 1784 1697 1738 1563 1611 1681 1661 1665 1771 1746 1640 1574 1696 1756 1610 1745 1761 1669 1756 1742 1694 1594 1602 1567 1590 1811 1778 1668 1621 1572 1655 1690 1663 1599 1742 1585 1741 1814 1750 1755 1594 1636 1699 1725 1606 1621 1772 1637 1586 1718 1720 1602 1636 1587 1627 1684 1810 1702 1645 1787 1727 1641 1820 1636 1708 1632 1799 1688 1766 1774 1669 1604 1766 1656 1811 1748 1704 1760 1796 1679 1760 1776 1654 1773 1674 1737 1652 1746 1821 1801 1711 1842 1647 1784 1697 1772 1643 1754 1813 1683 1790 1805 1714 1802 1831 1729 1749 1670 1675 1722 1728 1622 1752 1716 1676 1667 1792 1643 1776 1762 1707 1669 1645 1673 1639 1684 1836 1819 1794 1826 1847 1688 1820 1810 1765 1656 1775 1849 1745 1690 1747 1716 1804 1695 1633 1677 1693 1832 1690 1672 1812 1697 1738 1730 1780 1755 1713 1734 1818 1773 1682 1754 1719 1650 1828 1834 1793 1643 1698 1747 1779 1750 1800 1739 1713 1729 1658 1697 1660 1819 1730 1789 1659 1826 1806 1798 1675 1727 1723 1782 1713 1818 1757 1844 1745 1804 1810 1805 1685 1830 1741 1814 1802 1701 1734 1666 1834 1841 1850 1714 1802 1655 1748 1808 1704 1705 1674 1725 1741 1795 1781 1681 1842 1709 1706 1735 1746 1836 1819 1680 1839 1680 1839 1781 1771 1746 1789 1833 1825 1789 1673 1670 1764 1674 1848 1692 1732 1850 1710 1772 1749 1823 1798 1755 1727 1709 1815 1848 1723 1752 1707 1803 1833 1822 1686 1779 1809 1794 1678 1713 1794 1832 1847 1844 1696 1740 1829 1776 1698 1795 1767 1822 1685 1712 1795 1782 1706 1714 1846 1828 1695 1715 1836 1743 1838 1720 1738 1774 1822 1695 1736 1755 1816 1813 1705 1818 1764 1777 1816 1832 1717 1757 1742 1747 1739 1794 1760 1809 1760 1814 1822 1825 1846 1814 1751 1712 1769 1711 1763 1835 1791 1749 1783 1830 1796 1773 1764 1810 1724 1846 1735 1843 1803 1827 1796 1723 1782 1788 1731 1769 1801 1777 1754 1731 1789 1840 1836 1816 1780 1784 1846 1797 1739 1794 1838 1847 1762 1815 1726 1762 1782 1763 1726 1728 1843 1833 1825 1778 1807 1790 1828 1850 1806 1795 1742 1813 1739 1841 1749 1822 1800 1743 1773 1785 1837 1817 1743 1841 1746 1808 1845 1751 1753 1834 1803 1810 1786 1814 1782 1822 1763 1800 1790 1777 1816 1803 1768 1789 1840 1778 1835 1782 1825 1767 1766 1802 1774 1775 1848 1803 1808 1824 1770 1802 1845 1788 1785 1837 1835 1791 1783 1821 1784 1807 1821 1849 1809 1835 1823 1845 1836 1806 1805 1831 1801 1825 1838 1813 1831 1809 1819 1819 1817 1821 1837 1839 1830 1827 1838 1833 1845 1849 1840 1844 1846
</DataArray>
        <DataArray type="Float64" Name="center_distance" NumberOfComponents="1" format="ascii">
0.00159982826847 0.00159976631925 0.0015998204633 0.00159980899789 0.00159991811534 0.00159956014665 0.00159992612028 0.0015999510129 0.00159938448157 0.00159961732713 0.00159939175272 0.00159968803324 0.0015997318269 0.00159964721928 0.00159946637235 0.00159946911384 0.00159975293484 0.00159959908018 0.00159913532827 0.00159997173421 0.00159959897959 0.00159930412679 0.00159945823586 0.00159963496662 0.00159956356095 0.00159924660646 0.00159974265946 0.00159916915529 0.00159896426717 0.0015993920503 0.00159940721076 0.00159974754411 0.00159976138892 0.00159938376939 0.00159969431373 0.00159960636201 0.0015995200913 0.00159875955389 0.00159984503763 0.00159889989384 0.00159955264249 0.00159944746041 0.00159935460449 0.00159949150579 0.00159979903407 0.00159975720117 0.0015997745998 0.00159969127107 0.00159986276929 0.00159979988177 0.00159918445441 0.00159960212922 0.00159992926944 0.00159989521627 0.00159923510859 0.00159965782177 0.00159957211376 0.0015995063601 0.00159950654243 0.00159995360553 0.00159988832561 0.0015998370789 0.00159954837266 0.00159971704001 0.00159966665307 0.00159953924679 0.00159897293826 0.00159933249533 0.00159926836043 0.00159963652543 0.00159975034177 0.00159996444209 0.00159956074659 0.0015992284736 0.00159963149093 0.00159939185957 0.00159931507314 0.00159951402489 0.00159971576277 0.00159979661278 0.00159939662218 0.00159991594184 0.0015999313518 0.00159990103222 0.00159997180156 0.00159992469819 0.0015999158885 0.00159987775467 0.00159992691977 0.00159933019619 0.00159923239354 0.0015997052993 0.00159890228738 0.0015996562943 0.00159998770157 0.00159991487974 0.00159967857997 0.00159996099613 0.00159989107146 0.00159995258431 0.00159991877487 0.00159942126533 0.00159963516149 0.00159963714524 0.00159970004874 0.00159967812883 0.00159949806576 0.00159971339742 0.00159971090119 0.00159976647616 0.0015992824697 0.00159975820341 0.00159972065539 0.00159970593972 0.00159970290626 0.00159969138583 0.00159987407742 0.00159983741753 0.0015995763271 0.00159994301107 0.00159994308553 0.00159978285454 0.00159972099289 0.00159966711582 0.0015994267443 0.00159977950917 0.00159979185851 0.00159976876362 0.00159982023868 0.00159963941535 0.00159964811604 0.00159989981804 0.00159982459909 0.00159978803455 0.00159984897491 0.00159975894849 0.001599080546 0.00159941140009 0.00159980954306 0.00159992788306 0.00159953368226 0.00159971731048 0.00159991034579 0.00159980017347 0.00159955306286 0.00159950290269 0.00159985515466 0.00159974374925 0.00159992593754 0.00159997935238 0.00159951025309 0.00159921082076 0.00159985689317 0.00159962719584 0.0015992218936 0.00159959943689 0.00159950061343 0.00159933970954 0.00159921019406 0.00159914024985 0.00159995969841 0.00159931319588 0.00159982936447 0.00159942645947 0.00159999679664 0.00159950639174 0.0015997777727 0.00159981690916 0.00159987233172 0.00159981933445 0.00159984590382 0.00159989696731 0.00159980436895 0.00159989443826 0.00159942768142 0.00159918703429 0.00159935920571 0.00159939432509 0.00159952920882 0.00159949549142 0.00159957622893 0.00159979982227 0.00159984506762 0.00159970324298 0.00159943407875 0.00159999860151 0.00159990510975 0.00159936868636 0.00159971621023 0.00159939400962 0.00159977906193 0.00159956902132 0.00159957665628 0.00159976165178 0.00159938761479 0.00159942987452 0.00159925494017 0.00159963708009 0.00159914605874 0.00159957137945 0.00159960647279 0.00159939370631 0.00159942964618 0.00159970066745 0.0015999978311 0.00159941136979 0.00159938820894 0.00159971973291 0.00159969251056 0.00159946232734 0.00159938314971 0.00159938548106 0.00159918074782 0.00159946455835 0.00159970175592 0.00159943818355 0.00159945357532 0.00159908955405 0.00159895271915 0.00159970200336 0.00159879811203 0.00159912575739 0.00159975483631 0.00159953683743 0.00159967759279 0.00159946946422 0.00159985833471 0.00159940261189 0.00159953616735 0.00159939974713 0.00159917490846 0.00159978351984 0.00159989076973 0.00159997298019 0.00159992398284 0.0015986811472 0.00159879760736 0.0015998102984 0.00159990519029 0.00159968748798 0.00159938602782 0.00159962034942 0.00159986668682 0.00159918336807 0.00159956722295 0.00159936402409 0.00159988374178 0.00159925451138 0.0015997305776 0.00159927383111 0.00159947226508 0.00159928518436 0.00159980407078 0.00159981880249 0.00159960923286 0.00159923241575 0.00159969852446 0.0015990678477 0.00159962485355 0.00159992056389 0.00159956386422 0.00159918078048 0.00159993888585 0.0015999226188 0.00159996444162 0.00159973268059 0.0015994898119 0.00159968585887 0.00159947112814 0.00159969871713 0.00159994832542 0.00159980127994 0.00159966169424 0.00159963876097 0.00159925726904 0.00159983458551 0.00159989780335 0.00159990018068 0.00159927250024 0.00159953433382 0.00159975073528 0.00159986867914 0.00159977519639 0.00159973896111 0.00159977157083 0.00159941576701 0.00159982477079 0.00159990554348 0.00159924119244 0.00159970531158 0.00159906662709 0.00159988124862 0.00159893476074 0.0015993800837 0.00159980615717 0.00159975722538 0.00159963075501 0.00159918662091 0.00159932170811 0.00159952373481 0.00159978427913 0.00159903868619 0.00159945680413 0.00159923564696 0.00159948273868 0.00159921735964 0.001599451308 0.00159993332867 0.0015995395683 0.00159959618777 0.00159952433114 0.00159962512864 0.00159946575145 0.00159952065651 0.00159950775556 0.00159944130192 0.00159908537751 0.00159950249427 0.00159911222553 0.00159927923175 0.00159970900405 0.00159944888878 0.00159897586181 0.00159993772446 0.00159955957122 0.0015995475858 0.00159908889382 0.00159938414296 0.00159979890569 0.00159981665676 0.0015992962244 0.00159924389997 0.0015992204723 0.00159972300739 0.00159988542963 0.00159980647506 0.00159892056945 0.00159947134947 0.00159959920094 0.00159927495482 0.00159989239296 0.00159956084986 0.00159979888876 0.00159905141497 0.00159976126 0.0015994473791 0.00159960896315 0.00159979671485 0.00159943991777 0.001599661975 0.00159959307443 0.00159941514102 0.0015992322856 0.00159962990721 0.00159947500727 0.0015994348457 0.00159925160943 0.00159912822345 0.00159976646393 0.00159982603015 0.00159973133275 0.0015996817031 0.00159934991508 0.00159989800342 0.00159945247721 0.00159928115302 0.00159953007363 0.00159949840838 0.00159994742483 0.0015999652023 0.00159910105631 0.00159962703923 0.00159923424877 0.00159989918265 0.00159999388686 0.00159962535956 0.00159944772092 0.0015995236352 0.00159949903198 0.00159988189836 0.00159982134177 0.00159941209338 0.00159914347647 0.00159961220974 0.00159982746864 0.00159983538267 0.00159974386503 0.00159965082198 0.00159977847884 0.00159947769764 0.00159960921984 0.00159987828228 0.00159945524634 0.0015997795682 0.00159941096232 0.00159962372538 0.00159985845782 0.00159928822237 0.00159990491795 0.00159939079025 0.00159991486359 0.00159975271174 0.00159985318079 0.00159972395299 0.00159968649753 0.00159974298624 0.00159993574896 0.00159951803012 0.00159940709619 0.00159962167043 0.00159961277522 0.00159958566931 0.00159971570062 0.00159981770399 0.0015999733923 0.00159956475206 0.00159945865036 0.00159898364321 0.00159970199552 0.00159964934021 0.00159944303396 0.00159973570891 0.00159961477005 0.00159948247775 0.00159982397468 0.00159982580814 0.00159974137901 0.00159963846224 0.0015995229089 0.00159974470715 0.00159947922534 0.00159959422077 0.00159982050302 0.00159991416883 0.00159938152389 0.00159995170985 0.00159998583793 0.00159956480241 0.00159950349241 0.00159960006592 0.00159971405555 0.00159990951618 0.00159984748911 0.00159947678513 0.00159989440665 0.00159952942419 0.00159971494869 0.00159999135055 0.00159940259137 0.00159913488046 0.00159964660784 0.00159969348397 0.00159941233971 0.0015996648707 0.00159989240975 0.00159925276972 0.00159981103343 0.00159951242966 0.00159970131585 0.00159940163098 0.00159935443927 0.00159921429721 0.00159941444903 0.00159985544221 0.00159966721178 0.00159973552242 0.0015996788724 0.00159949860148 0.0015995459107 0.00159976893349 0.00159979001492 0.00159971412203 0.00159979870556 0.00159970850215 0.00159924076381 0.00159967074301 0.00159969850651 0.00159946296228 0.00159922371095 0.00159994449637 0.00159944535414 0.00159977928057 0.00159970653542 0.0015990940943 0.00159925551202 0.00159955852805 0.00159908585178 0.00159944007213 0.00159919485214 0.00159941712371 0.00159991368696 0.00159964395172 0.00159929237202 0.00159957052885 0.00159980902504 0.00159989463966 0.00159960971391 0.00159965545506 0.00159936254321 0.00159920490561 0.0015999304327 0.00159991683712 0.00159954214986 0.00159935815328 0.00159928178021 0.00159944723742 0.00159918109215 0.001599516708 0.00159969517883 0.00159942146394 0.00159956522411 0.0015988396743 0.00159933569145 0.0015997240389 0.00159992852423 0.00159975117575 0.00159936631643 0.00159949844191 0.0015997675274 0.00159991450438 0.00159966002326 0.00159978840344 0.00159977058449 0.00159956161141 0.00159939406349 0.00159980300714 0.00159978389883 0.00159982822203 0.00159940826904 0.00159946717534 0.00159945594422 0.00159967577316 0.00159939605834 0.00159949310716 0.00159951766631 0.00159966993699 0.00159962336771 0.00159926939387 0.00159946335787 0.00159962421885 0.00159946499298 0.00159960325167 0.00159923884122 0.00159917560737 0.00159945751689 0.00159995049367 0.00159989046378 0.00159969702364 0.00159966046679 0.00159980541574 0.00159963816159 0.00159975376359 0.00159994883439 0.00159994241088 0.00159999186519 0.00159932921793 0.00159971426752 0.00159942182541 0.00159959379986 0.00159921615272 0.001599487342 0.00159952453438 0.00159974888662 0.00159957711638 0.00159950936526 0.00159976513882 0.00159962619193 0.0015999361752 0.00159963104513 0.00159997916587 0.00159994481889 0.00159953404697 0.00159961860316 0.00159925089807 0.00159957340487 0.00159966085408 0.0015992649915 0.00159955845677 0.00159942553709 0.0015991678124 0.00159990887337 0.0015996683594 0.00159945480711 0.00159954209495 0.00159953201874 0.00159954912676 0.00159916241084 0.00159943774808 0.00159974605423 0.00159983509789 0.00159963958826 0.00159969715826 0.0015997086148 0.00159976040263 0.00159965635685 0.00159979512593 0.00159951126014 0.00159955059399 0.00159950287678 0.00159985185461 0.00159967679865 0.00159939805854 0.0015999693624 0.00159934821103 0.00159958339998 0.00159953199788 0.00159953882257 0.00159967250093 0.00159955878644 0.00159948357238 0.00159970405208 0.00159926646569 0.00159983802726 0.00159973916743 0.00159979917489 0.00159974107188 0.00159937269189 0.00159993187264 0.00159976380726 0.00159999385496 0.00159980802893 0.00159987227703 0.00159934283322 0.00159987296921 0.00159988285528 0.00159952164746 0.00159959407655 0.00159978991963 0.0015994566623 0.00159958684986 0.00159963313305 0.00159908582276 0.00159947254925 0.00159955104391 0.00159941525817 0.00159964271122 0.0015998391537 0.00159907019386 0.00159969566545 0.00159937888714 0.00159948197959 0.00159972100488 0.00159973747169 0.00159951563053 0.00159975329043 0.00159972565251 0.00159991265611 0.0015997226317 0.00159936888329 0.00159921502317 0.00159964476449 0.00159928701441 0.0015995398026 0.00159947290884 0.00159966981736 0.00159996137172 0.0015998242461 0.00159955321611 0.00159967780952 0.00159969016415 0.00159943890884 0.00159922263441 0.00159880973074 0.00159943961425 0.00159968432245 0.00159923623038 0.00159963057152 0.00159931061549 0.0015996856857 0.00159942685211 0.00159968341804 0.00159942104281 0.00159985887039 0.00159968953647 0.00159983498233 0.00159991087405 0.00159993533521 0.0015999172233 0.00159961518916 0.00159927177891 0.00159932882513 0.00159931890698 0.00159985644142 0.00159950006559 0.00159942484448 0.00159921092911 0.00159951841484 0.00159974558697 0.00159964576749 0.00159948092717 0.00159968870359 0.00159926056676 0.00159991807307 0.00159955445767 0.00159975776969 0.00159937914758 0.00159966309521 0.00159966092646 0.00159982968434 0.0015995219554 0.0015997179154 0.001599488628 0.00159966244271 0.00159991793161 0.00159966488152 0.00159920661021 0.00159984441966 0.00159979182647 0.00159983611693 0.00159904428904 0.00159978167763 0.00159942923384 0.0015989718272 0.00159921905498 0.00159961731606 0.00159923508695 0.0015997680742 0.00159926059694 0.00159975332263 0.00159954657314 0.00159902765177 0.00159950019615 0.00159973711164 0.00159924131707 0.00159924956231 0.00159958860393 0.00159943522889 0.00159988233929 0.00159970141261 0.00159971799725 0.00159962494932 0.00159980761387 0.00159986394759 0.00159988045375 0.00159989148115 0.00159963097657 0.00159963903933 0.00159963460419 0.00159951398919 0.00159946128768 0.00159989059536 0.00159971724318 0.00159965085069 0.00159970752908 0.0015996535601 0.001599328781 0.00159954588413 0.00159991279759 0.0015993512586 0.0015990308498 0.00159868087453 0.00159994797348 0.00159998621033 0.00159928594499 0.00159959602161 0.0015993673167 0.00159979478263 0.00159981889515 0.0015990641193 0.00159929633039 0.00159936312648 0.00159990985938 0.00159955647727 0.00159984380115 0.00159989789871 0.00159951355322 0.00159951972217 0.00159919574276 0.00159928250257 0.00159996676477 0.00159936913287 0.00159978657616 0.00159987585709 0.00159990312254 0.00159959396822 0.00159988760944 0.00159898003514 0.00159965197062 0.00159952406458 0.00159959872231 0.00159913258553 0.00159882553887 0.00159947949436 0.00159991890307 0.00159947689252 0.0015998247035 0.00159960052347 0.00159925732202 0.00159984441303 0.00159979862496 0.0015998322404 0.00159966281738 0.00159970397906 0.00159939854178 0.00159968608737 0.00159973612965 0.00159949765349 0.00159916121365 0.00159909891213 0.00159948842939 0.0015992893092 0.00159980418224 0.00159905012176 0.00159971372195 0.00159951554702 0.00159962150897 0.00159972390418 0.0015996281159 0.00159995540273 0.00159961118188 0.00159981585249 0.00159975239072 0.00159968873839 0.00159986893058 0.00159988892247 0.00159988163163 0.00159987932039 0.00159952929725 0.0015993658645 0.00159913131485 0.00159984821965 0.00159958791389 0.0015999161384 0.00159962146094 0.00159961844901 0.00159930990815 0.00159949839936 0.00159956102495 0.00159966357066 0.00159992635275 0.00159993794007 0.00159969752833 0.00159959446821 0.00159952446433 0.00159979029211 0.00159953883445 0.00159971518832 0.00159916767113 0.00159932955698 0.00159952601487 0.00159948313051 0.00159904907913 0.00159984667381 0.00159954402895 0.00159917612043 0.00159988127617 0.00159942517285 0.00159903523888 0.00159964285018 0.0015997785089 0.00159898925167 0.00159955646498 0.00159971338147 0.00159952937302 0.00159952108776 0.00159990486532 0.00159952395132 0.00159991111397 0.00159999479468 0.00159956181526 0.00159991646593 0.00159969960952 0.00159993100019 0.00159975655354 0.00159958323626 0.00159978360758 0.00159965883279 0.00159946184422 0.00159955999008 0.00159982960232 0.00159967167642 0.00159964276247 0.00159955953008 0.00159982765795 0.00159957561622 0.00159961196817 0.00159937954011 0.00159944909214 0.0015997970601 0.0015995231393 0.00159996490376 0.00159978160548 0.00159988164625 0.00159977150952 0.00159961905772 0.00159975450465 0.00159965563227 0.00159962522908 0.0015993967255 0.00159984354065 0.00159994817046 0.00159982029153 0.00159970668096 0.00159943406231 0.00159964989806 0.00159973515164 0.00159991039116 0.00159973344061 0.00159982593628 0.00159963584498 0.00159960315655 0.00159975895498 0.00159943442168 0.00159962608922 0.0015997291976 0.00159926035308 0.00159952442937 0.0015998474552 0.00159929184825 0.00159933185274 0.00159980129058 0.00159949963882 0.00159972176939 0.00159922954086 0.00159956551243 0.00159943019905 0.00159934520686 0.00159974915947 0.0015994439241 0.0015997897161 0.00159964982708 0.00159931754102 0.00159903616952 0.00159943336205 0.00159924476699 0.00159925277229 0.00159923366679 0.0015989641287 0.00159959427057 0.00159966435932 0.00159961159631 0.00159977424647 0.00159957613486 0.00159965339698 0.00159942093872 0.00159937138876 0.00159956241358 0.00159940123332 0.00159979614788 0.00159975921364 0.00159974270067 0.0015996511288 0.00159948229166 0.00159944345963 0.00159954035492 0.00159953900869 0.00159956678699 0.00159952727858 0.00159965153331 0.00159953480237 0.00159960085216 0.00159962488697 0.00159911580234 0.001599536755 0.00159992452785 0.00159925465083 0.00159942717191 0.0015995201124 0.00159994192989 0.00159939183293 0.0015999444615 0.00159961654277 0.00159942418947 0.0015994148519 0.0015994392603 0.00159992862765 0.00159977498419 0.00159950563456 0.00159984962875 0.00159912540862 0.00159969968347 0.00159946708211 0.00159992338888 0.00159997577407 0.00159950385825 0.00159947706953 0.00159959757812 0.00159960047607 0.0015994957635 0.00159961927781 0.00159957133172 0.00159984187578 0.00159961229291 0.00159946099247 0.001599299403 0.00159974942199 0.00159939757533 0.00159985116445 0.00159970328222 0.00159959823367 0.00159936866407 0.00159973446506 0.00159950068755 0.00159977941959 0.00159971416458 0.00159983363353 0.00159951169206 0.0015998614828 0.00159947119009 0.00159952434556 0.00159983609237 0.00159979152419 0.00159988710332 0.00159992202779 0.00159988037726 0.00159993188209 0.00159956251048 0.00159958372708 0.00159952228306 0.00159941747322 0.00159949098634 0.00159963827252 0.0015993598262 0.00159950410256 0.00159930198186 0.00159954175619 0.00159990143246 0.00159977441488 0.00159933129804 0.00159942876043 0.00159981506027 0.00159992744384 0.00159987248812 0.00159988584928 0.00159946473491 0.00159933741322 0.00159963810545 0.00159939113776 0.00159953674845 0.00159924873905 0.00159954352727 0.00159933800697 0.00159945010403 0.00159924699372 0.00159964558246 0.00159955636978 0.00159949480161 0.00159938998484 0.00159938420855 0.00159967726862 0.00159960416036 0.00159973778066 0.00159933821661 0.00159959640545 0.00159963206141 0.00159990532534 0.00159984834574 0.00159994459753 0.00159993863635 0.0015999371316 0.00159971634845 0.00159964494063 0.00159962946567 0.00159965168704 0.00159945310912 0.00159962023366 0.00159936860388 0.00159954350076 0.0015996067563 0.00159949127051 0.00159965470722 0.00159956281564 0.0015996369539 0.0015995091866 0.00159979057032 0.0015993052908 0.00159979705374 0.0015998062012 0.00159965678143 0.00159919318401 0.00159929230665 0.00159987184646 0.00159933020964 0.00159939386923 0.00159970747774 0.00159936505058 0.00159984691134 0.00159951892643 0.00159949823837 0.00159995066347 0.00159988946126 0.00159973451306 0.00159982523292 0.00159967369064 0.00159962667942 0.00159937891506 0.00159963266975 0.00159986969073 0.00159954282973 0.00159954488045 0.00159983198102 0.00159984117836 0.00159994044778 0.00159959953606 0.0015999204654 0.00159983325779 0.00159990686301 0.00159993980982 0.00159967206689 0.00159959546221 0.00159968092907 0.00159962581021 0.00159945041904 0.00159953305028 0.00159992684216 0.00159928689205 0.00159938982446 0.00159950495869 0.0015998740709 0.00159992041139 0.00159987401234 0.00159951428181 0.00159995973467 0.00159972067882 0.00159982866848 0.00159969493386 0.00159980011854 0.00159992484762 0.00159940945676 0.00159943621007 0.00159932225443 0.00159934342832 0.00159937415355 0.00159967187075 0.00159990507501 0.00159972396461 0.00159942487832 0.00159977548904 0.00159938290902 0.00159959881569 0.00159966239109 0.00159975288252 0.00159967753582 0.00159967679274 0.00159982311913 0.00159917527848 0.00159962205827 0.00159966387235 0.00159918622416 0.00159948536674 0.00159937949723 0.00159919895074 0.00159920951919 0.0015995325858 0.00159953112868 0.00159983400995 0.00159931227614 0.00159932715764 0.0015993595366 0.00159950852246 0.00159985919808 0.00159992298477 0.00159993351077 0.00159950909507 0.00159959531706 0.00159983552055 0.0015996942415 0.00159980812088 0.00159954170336 0.00159976735433 0.00159991585695 0.00159997452649 0.00159964840637 0.00159946100214 0.00159982484501 0.00159992740601 0.00159922784065 0.00159937677682 0.00159954079758 0.00159952580399 0.00159945238627 0.00159985112082 0.00159978705008 0.00159961690188 0.00159968369129 0.00159953995216 0.00159954635802 0.00159974035163 0.00159962991068 0.00159959667766 0.00159937321603 0.00159944052603 0.00159971431911 0.00159940983853 0.00159958242235 0.00159991286033 0.00159899199412 0.00159943992651 0.00159987768225 0.00159971032263 0.00159962808353 0.00159972739885 0.00159976753195 0.00159990487452 0.0015996341603 0.00159961170176 0.00159944041528 0.00159977553779 0.0015995162477 0.00159974893512 0.00159966750832 0.00159930806939 0.00159996695846 0.00159962521851 0.00159944063566 0.00159954320202 0.00159969867703 0.00159966271076 0.001599563712 0.00159962772884 0.00159964339919 0.00159962008589 0.00159974191249 0.0015997067279 0.00159987841275 0.00159977335036 0.00159976085614 0.00159934781593 0.00159968871391 0.00159970438048 0.00159969265333 0.00159969318884 0.00159933459422 0.00159937269933 0.00159966717625 0.00159953100352 0.00159956998729 0.00159959919446 0.00159933528902 0.00159965166692 0.00159959851772 0.00159956147701 0.00159982538086 0.00159953034935 0.00159995309249 0.00159955117611 0.00159944024173 0.00159999302549 0.00159977944285 0.00159942114937 0.00159959555263 0.00159962708689 0.00159937072277 0.001599714407 0.00159936653568 0.00159907755709 0.00159967829398 0.00159980441056 0.00159989178595 0.00159889986445 0.00159904371637 0.00159927168767 0.00159966562855 0.00159973157365 0.00159995065122 0.00159946715187 0.00159970734468 0.00159952800035 0.0015997641502 0.00159933266617 0.00159983350473 0.00159959826244 0.00159957762224 0.00159976681259 0.00159968849747 0.00159911766601 0.00159956144065 0.00159948931343 0.00159917007374 0.00159951012031 0.00159967876326 0.00159962208391 0.00159963438147 0.00159928464277 0.0015990996073 0.00159947862385 0.00159934343245 0.00159983692778 0.00159959682567 0.0015995769302 0.00159967296867 0.0015989569518 0.00159969473851 0.00159952133434 0.00159967967712 0.00159947421722 0.00159986780388 0.00159962994635 0.00159985482658 0.0015995974274 0.00159984131763 0.00159909582249 0.00159984732705 0.00159893707983 0.00159995676526 0.00159958489204 0.00159976815836 0.00159941171157 0.00159989080699 0.00159968017289 0.00159995521644 0.00159948816958 0.00159980202377 0.00159914170423 0.00159955910325 0.00159911558349 0.00159952778999 0.00159957878674 0.00159983097942 0.0015994472547 0.00159962936911 0.00159992387224 0.00159999166243 0.00159953772174 0.00159970505271 0.00159964407223 0.00159958937958 0.00159994828494 0.00159967744061 0.00159938746156 0.00159956410574 0.00159959334678 0.00159938187916 0.001599842355 0.00159939088365 0.00159946591698 0.00159973068212 0.00159951811432 0.00159953429639 0.00159959412998 0.00159951015191 0.00159941977032 0.0015998711167 0.00159973055732 0.00159974891767 0.00159977750014 0.00159969442824 0.00159961150564 0.0015995965746 0.00159924158289 0.00159977873515 0.0015997258398 0.00159973871528 0.0015995428665 0.00159958716411 0.0015996250001 0.00159967174669 0.00159993434802 0.00159966059381 0.00159998960852 0.00159995614213 0.00159993555768 0.00159973239471 0.00159957068032 0.00159963146369 0.00159951843057 0.00159996288313 0.00159974496419 0.00159936038234 0.00159975648612 0.0015997857598 0.00159983095726 0.00159990559586 0.00159967522558 0.00159965928307 0.00159971297058 0.00159983092758 0.00159972509926 0.00159980940399 0.00159974481456 0.00159967255088 0.00159973096855 0.00159969629975 0.00159986400492 0.00159951029212 0.00159968435388 0.00159916270954 0.00159974426508 0.00159931115477 0.00159989589826 0.00159989499708 0.00159987471276 0.00159996383155 0.00159988701159 0.0015995475661 0.00159954889796 0.00159989931732 0.0015996760156 0.00159970423963 0.00159994973572 0.00159988897734 0.00159943272932 0.00159956085261 0.00159990149334 0.00159936875123 0.00159982069329 0.00159942293685 0.00159959632609 0.00159909822628 0.00159964789649 0.00159951381781 0.00159984726641 0.00159956984405 0.00159951098473 0.00159934392483 0.00159971496825 0.00159958815907 0.00159965097825 0.00159971327706 0.00159926596972 0.00159942311312 0.00159923128825 0.00159913370153 0.00159978258538 0.00159991394729 0.00159992457401 0.00159972712588 0.00159998356938 0.0015995262918 0.00159935671342 0.00159922298942 0.00159968902139 0.00159971031659 0.0015994360508 0.00159968031697 0.00159933150614 0.00159995483502 0.00159999070593 0.00159985917984 0.00159984776206 0.00159962351754 0.0015995578544 0.00159961793023 0.00159955562526 0.00159987004559 0.00159962933511 0.00159964453167 0.00159962575576 0.00159950266859 0.0015997705374 0.00159978836204 0.00159965456875 0.00159973040949 0.0015997178599 0.001599399415 0.00159956112255 0.00159998902325 0.00159940814396 0.00159985557216 0.00159992071698 0.00159953786119 0.00159965377455 0.00159993161766 0.00159973146381 0.0015994622214 0.00159944777808 0.00159955025115 0.00159973283419 0.0015993382614 0.00159992057529 0.00159961084806 0.00159947094251 0.00159922145794 0.0015999423419 0.00159997109687 0.00159944087132 0.00159972235028 0.00159944825984 0.00159947621458 0.00159960054461 0.00159961751591 0.00159964195228 0.0015993580931 0.00159932821185 0.00159956923159 0.00159931955815 0.00159976796802 0.00159975804597 0.00159964555787 0.00159944430144 0.00159968791146 0.00159938327947 0.00159963671521 0.00159944300284 0.00159970852531 0.00159992725251 0.00159955674944 0.00159949209266 0.00159949188258 0.00159976761354 0.00159958009472 0.00159971307698 0.00159991507682 0.00159973467265 0.0015995963077 0.00159942041427 0.00159991236939 0.00159979111929 0.0015999005603 0.0015996438883 0.00159950837299 0.00159983766674 0.0015999434041 0.00159945768186 0.00159957181775 0.00159985446066 0.00159986788836 0.00159939694967 0.00159966101046 0.00159975994379 0.00159991601857 0.00159967795866 0.00159962587256 0.00159981888497 0.00159959514678 0.00159985316183 0.00159980612522 0.00159965425255 0.00159948219057 0.00159940490671 0.00159947111481 0.00159966775514 0.00159956333225 0.00159954472379 0.00159956744122 0.00159963848752 0.00159977464634 0.00159951825892 0.00159969985382 0.00159921074795 0.00159929410799 0.00159960821269 0.00159924293289 0.00159912566076 0.00159959694665 0.00159926905429 0.00159996231442 0.00159960003218 0.00159952230604 0.00159936731249 0.00159988820043 0.00159973222856 0.0015996952737 0.00159924872668 0.00159982404685 0.00159933808244 0.00159958015955 0.00159981148729 0.00159945555337 0.00159925267132 0.00159957340498 0.00159922793733 0.00159925412175 0.00159919792788 0.00159994998645 0.00159977598716 0.00159961092742 0.00159975044991 0.00159993758734 0.00159963238343 0.00159945997747 0.00159965031162 0.00159957749548 0.0015999758434 0.00159938226751 0.00159970147828 0.00159950652639 0.00159972775812 0.00159942548539 0.00159989015747 0.00159972415629 0.00159945454689 0.00159944870616 0.00159994998333 0.00159939287551 0.00159955604237 0.00159990763026 0.0015998565739 0.00159985005551 0.00159954860766 0.00159992735933 0.00159998674994 0.00159958897255 0.00159993128537 0.00159942116926 0.0015993457984 0.00159930153093 0.00159959540473 0.00159962810321 0.00159956103375 0.001599525814 0.00159999473289 0.00159962314772 0.00159976553244 0.00159941154315 0.00159954765634 0.00159982296615 0.00159933503014 0.00159961800023 0.00159951999178 0.00159983403404 0.00159992345652 0.00159992528188 0.001599903478 0.00159998101081 0.00159970178256 0.0015995883404 0.00159966966141 0.00159971957021 0.00159976425907 0.00159932820526 0.00159947578325 0.00159891492864 0.0015995865936 0.00159976847562 0.00159907857127 0.00159935337203 0.00159960530018 0.00159932328675 0.0015998715372 0.00159966297262 0.00159995443989 0.00159975008316 0.00159959420425 0.00159926653689 0.00159945101236 0.00159944108751 0.00159964760699 0.00159969833385 0.00159963262946 0.00159971422432 0.00159957182134 0.00159976642813 0.00159981377463 0.00159977548279 0.0015998103188 0.00159984442366 0.00159924480098 0.00159994255533 0.0015998253582 0.00159947537076 0.00159929455293 0.00159946883193 0.00159974887399 0.00159936713071 0.00159929835302 0.00159961722711 0.00159985087048 0.00159962526828 0.00159942421875 0.00159958601042 0.00159932196646 0.00159954591988 0.0015994612375 0.00159991057541 0.00159967571052 0.00159959788966 0.00159964968846 0.00159933402829 0.00159978337148 0.00159968645294 0.00159936921408 0.00159965914697 0.00159938081472 0.00159959733979 0.00159978836647 0.00159938889644 0.00159952722081 0.00159964741635 0.00159977930456 0.00159961050965 0.00159970931378 0.00159942199783 0.00159913770032 0.00159956519207 0.00159953771443 0.00159903583037 0.00159964341753 0.00159965766285 0.00159960542351 0.00159992272447 0.00159978070605 0.00159945603417 0.00159953608273 0.00159983165738 0.00159964808569 0.00159953891298 0.00159959090737 0.00159992058394 0.00159968042928 0.00159952362812 0.0015998713435 0.0015995344431 0.00159990512156 0.00159972239227 0.00159952938971 0.0015994780426 0.00159994680405 0.00159970052091 0.00159949741223 0.00159950675428 0.00159945803984 0.00159960789249 0.00159959366903 0.00159944477808 0.0015995977244 0.00159986927787 0.00159979749059 0.00159984639569 0.00159969288956 0.00159931488906 0.00159953148151 0.00159973050635 0.00159980746564 0.00159987213904 0.00159992607772 0.00159988382102 0.0015997159998 0.00159988158286 0.00159986258749 0.00159905008838 0.00159984743923 0.00159971415022 0.00159909247818 0.00159935985542 0.00159981022017 0.00159974872109 0.00159972017886 0.00159903885003 0.00159975345559 0.00159961489192 0.00159923380225 0.00159978206746 0.0015997544174 0.00159939631148 0.00159953802492 0.00159948358986 0.00159966082873 0.00159976876374 0.00159975349089 0.00159949210453 0.00159946354757 0.00159956754866 0.00159950933703 0.00159959824112 0.0015998226304 0.00159960155313 0.00159985655669 0.0015997094712 0.00159955413282 0.00159957095156 0.00159983923443 0.00159971621563 0.00159930001577 0.00159924547594 0.00159923046712 0.00159951836933 0.00159983295052 0.00159966437258 0.00159974509927 0.00159998737208 0.00159969477318 0.0015997970859 0.00159977934044 0.00159990532648 0.00159962398411 0.0015995880692 0.00159974264503 0.00159948409869 0.00159915448884 0.00159993565878 0.00159946210268 0.00159986493575 0.001599405137 0.00159980634817 0.00159933721095 0.00159925225674 0.00159962805569 0.00159969648299 0.00159953204549 0.0015995116772 0.00159960201449 0.00159963358082 0.0015999343505 0.00159976134806 0.00159972526417 0.00159964308285 0.00159968285525 0.00159954972016 0.00159978019497 0.00159974135801 0.00159994060661 0.00159977005935 0.00159962759977 0.00159958227875 0.0015999219076 0.00159963373537 0.00159975961907 0.00159977441762 0.00159978673887 0.00159954749132 0.00159952137625 0.00159965081172 0.00159980672238 0.00159969751615 0.0015996352517 0.00159964407819 0.00159938344857 0.00159972148351 0.00159970594851 0.00159974745147 0.00159952625872 0.00159993543025 0.0015993406182 0.00159959405155 0.00159955408113 0.00159998071079 0.00159960735399 0.00159981226206 0.00159911017318 0.00159975990121 0.00159997200491 0.00159978585207 0.00159966355406 0.00159945090686 0.00159950227576 0.00159945442386 0.00159970062966 0.0015994300308 0.00159987616046 0.00159984040752 0.00159960146333 0.00159968753102 0.00159976114661 0.00159945158634 0.00159971098858 0.00159973640024 0.00159952458162 0.00159960333631 0.00159935550399 0.00159955699118 0.00159968241553 0.00159965925821 0.0015994080088 0.00159977185926 0.00159923707608 0.00159929502516 0.0015996453332 0.00159976027213 0.00159969484571 0.0015998885773 0.00159987200419 0.00159983439859 0.00159979685104 0.00159954789289 0.00159974568998 0.00159956124684 0.0015999464451 0.00159993980366 0.00159996359984 0.00159962402037 0.00159948840386 0.0015996241073 0.00159906963509 0.00159947676407 0.00159957375689 0.00159942029371 0.00159986957862 0.00159992335593 0.00159988290758 0.00159957260272 0.00159920498532 0.00159965804974 0.00159979666434 0.00159984359531 0.00159983774291 0.00159976872273 0.00159994050041 0.00159965714312 0.0015995330957 0.00159977499386 0.00159960952436 0.0015996480453 0.0015996653809 0.00159954373746 0.00159967474766 0.00159978820258 0.00159965219 0.00159968310877 0.00159959026087 0.00159996288179 0.0015995957583 0.00159953587063 0.00159970699228 0.00159978536346 0.00159980026804 0.00159955049251 0.00159995235773 0.00159992291489 0.00159959254241 0.00159969859567 0.00159962019663 0.00159982244692 0.00159948779094 0.00159959752659 0.00159987998912 0.00159953721751 0.00159949318851 0.00159940275581 0.00159952244545 0.00159985123657 0.00159962394779 0.00159955995545 0.00159986370123 0.00159956097772 0.00159910856818 0.00159944909565 0.00159937277507 0.00159965110257 0.00159974019325 0.00159951862108 0.0015991905973 0.0015999081519 0.00159991888612 0.00159975989381 0.00159946817643 0.00159923762016 0.00159929834243 0.00159956421685 0.00159966791807 0.00159973000953 0.00159988830205 0.00159946915582 0.00159976295627 0.0015999690588 0.00159956435829 0.00159962932614 0.00159964279299 0.00159958735377 0.00159999156656 0.00159923030444 0.00159967394847 0.00159958204573 0.00159944083037 0.00159994269669 0.00159910906924 0.00159949438216 0.00159998862896 0.00159959238067 0.00159953642141 0.00159913526217 0.00159989460828 0.00159932144389 0.00159971065091 0.00159932720716 0.00159978884824 0.00159975825601 0.00159992508435 0.00159957028735 0.00159913180692 0.0015998876038 0.00159958543643 0.00159952371762 0.0015995450705 0.00159947699778 0.00159977012273 0.00159967858135 0.00159956029149 0.00159938855333 0.00159952216114 0.00159962332363 0.0015995463983 0.00159925857184 0.00159981221525 0.00159968772555 0.00159936658593 0.00159989816883 0.00159990579943 0.00159993660235 0.00159916333039 0.00159941334017 0.00159981790807 0.00159925873238 0.00159966674363 0.00159982318341 0.00159974932607 0.00159995575083 0.00159957199284 0.00159956981453 0.00159954098173 0.00159976745006 0.00159977469958 0.00159987160884 0.00159977625534 0.00159971441574 0.00159970683587 0.0015995807026 0.00159943536406 0.00159952101871 0.00159994238706 0.00159992769156 0.00159979541036 0.00159982381078 0.00159970684371 0.00159979925378 0.00159949388815 0.0015997872455 0.00159942682375 0.00159951312183 0.00159953821064 0.00159945071319 0.00159974706369 0.00159942234716 0.00159965639042 0.00159962746748 0.00159982433911 0.00159972018171 0.00159988001278 0.00159983317516 0.00159968093334 0.00159947218975 0.00159977754026 0.0015996317325 0.00159991105943 0.00159972511349 0.00159926293986 0.00159978741096 0.00159973741002 0.00159983887642 0.00159972741325 0.00159971093826 0.00159964337435 0.00159963894161 0.00159942891303 0.00159950311045 0.00159973634511 0.00159985349327 0.00159970679852 0.00159947779379 0.00159960702021 0.00159985816767 0.00159948903393 0.00159992283226 0.00159911877466 0.00159971691937 0.0015998419409 0.00159992206784 0.00159981381165 0.00159979849179 0.00159958186269 0.0015995106066 0.00159977562066 0.00159998171119 0.00159978356674 0.00159958110579 0.00159954381805 0.0015997019608 0.00159963017178 0.0015997891746 0.00159961496537 0.00159981557312 0.00159970877147 0.00159965910905 0.00159943749755 0.00159962709221 0.00159991855516 0.00159951881554 0.00159933654642 0.00159910445698 0.00159979064004 0.00159986502509 0.00159963887278 0.00159992767453 0.00159979591881 0.00159996811456 0.00159993804611 0.00159998875267 0.0015998287907 0.00159997368209 0.00159963792321 0.00159977456394 0.00159969266648 0.00159975864489 0.00159956213393 0.00159968122207 0.00159960291028 0.00159981741026 0.00159974773465 0.00159976173114 0.00159964363671 0.00159978375269 0.00159998701669 0.00159967478651 0.00159985828415 0.00159972358132 0.00159963799071 0.00159979732223 0.00159967684434 0.00159992043654 0.0015998661556 0.0015998208656 0.00159944932683 0.00159954830863 0.00159964156267 0.00159992456273 0.00159946383942 0.00159994767272 0.00159961310597 0.00159978357482 0.001599766236 0.0015993510252 0.0015992798444 0.0015994931513 0.00159956492124 0.00159964434378 0.00159982934194 0.00159986279828 0.00159984517382 0.00159993654608 0.00159964087819 0.00159973172998 0.00159927039381 0.00159929706299 0.00159978107806 0.00159950033994 0.00159992178756 0.00159964939243 0.00159995584918 0.00159982441665 0.00159963021103 0.00159944027725 0.00159892637326 0.0015990124798 0.00159975694291 0.00159933797684 0.00159957211037 0.00159997531146 0.00159976663442 0.00159979504606 0.00159957378801 0.00159955886248 0.00159972203508 0.00159964681631 0.00159961776927 0.00159979093032 0.00159955596951 0.00159951980216 0.00159993246524 0.00159966353197 0.00159974502694 0.00159932070369 0.00159996023193 0.00159977741024 0.00159978606016 0.00159978530584 0.00159982612096 0.00159973484674 0.00159993176494 0.00159954174841 0.00159965734984 0.00159963781316 0.00159941925933 0.00159936261731 0.0015995889836 0.00159941743997 0.00159960108019 0.00159969701685 0.00159931816297 0.00159943754193 0.00159956351836 0.00159969018865 0.00159958228989 0.0015997951591 0.00159966715259 0.00159981553954 0.00159932793626 0.00159933176995 0.00159931544271 0.0015998610148 0.00159991204129 0.00159993248376 0.0015995376336 0.00159988568259 0.00159951094739 0.0015993573895 0.00159990351204 0.00159994276527 0.00159949078026 0.00159947922724 0.00159963988723 0.00159943678019 0.00159963052248 0.00159941824741 0.00159956575755 0.0015995682478 0.00159964072213 0.00159950495777 0.00159985185176 0.00159941609277 0.00159975710285 0.00159965275768 0.00159950214639 0.00159937929304 0.00159957870029 0.0015999718841 0.00159976706236 0.00159951120524 0.00159945488907 0.00159946979249 0.00159970904076 0.00159958777597 0.00159962441978 0.00159940510957 0.0015993547239 0.00159935450064 0.00159933786532 0.00159974772865 0.00159968851232 0.00159950948848 0.00159962440963 0.00159957419105 0.00159990656801 0.00159988276925 0.00159958374641 0.00159950052733 0.00159961817205 0.00159950752734 0.00159974915827 0.00159936650367 0.00159972060595 0.00159938767115 0.00159979907525 0.00159969399521 0.00159985692727 0.00159934463055 0.00159966873444 0.00159996922943 0.00159953697492 0.00159959942443 0.00159983618848 0.00159959616682 0.00159956942504 0.00159947432877 0.00159930866887 0.00159920961748 0.00159981450676 0.00159960369681 0.00159963307263 0.00159948016811 0.00159955813473 0.00159927621729 0.00159962410655 0.00159974087024 0.00159960658498 0.00159974823232 0.00159963740325 0.00159998104349 0.00159974265907 0.00159990565074 0.0015995639103 0.00159959796424 0.00159991213447 0.00159972571505 0.00159990531019 0.00159988633454 0.00159992382684 0.00159961499467 0.00159989522899 0.00159959996087 0.00159994487265 0.00159949184991 0.00159984494936 0.00159967640922 0.00159976162127 0.00159990672466 0.0015997929026 0.00159987370179 0.00159986131298 0.00159950284414 0.00159928315588 0.0015993357856 0.0015994744913 0.00159941833576 0.00159972286712 0.00159963996832 0.00159931736293 0.00159957376061 0.00159971722742 0.00159971313872 0.00159961699147 0.00159966123401 0.00159981399745 0.00159991753716 0.00159972378911 0.00159985765337 0.00159984272348 0.00159965403277 0.00159983506003 0.00159972050521 0.00159979239812 0.00159970983879 0.00159967468265 0.00159943033483 0.00159980959917 0.00159962557669 0.00159957290776 0.00159957670574 0.0015996617649 0.00159952800393 0.00159973226873 0.00159962004053 0.00159954729057 0.00159958067455 0.00159934005989 0.00159989165379 0.00159938682882 0.00159956935081 0.00159980116958 0.00159952494463 0.00159940082006 0.00159959154391 0.00159943383968 0.00159967600387 0.0015998410225 0.00159951969518 0.00159961272231 0.0015996916522 0.00159960215342 0.00159993357809 0.00159945143769 0.00159979585556 0.00159978346462 0.00159998831353 0.00159952361609 0.00159953655972 0.00159932353885 0.0015994852087 0.00159993773999 0.00159983710903 0.00159951897073 0.00159942402689 0.00159996569073 0.00159968416424 0.00159984697256 0.00159959399917 0.00159984589783 0.00159975315601 0.00159985446265 0.00159968865813 0.00159974674076 0.00159976757786 0.00159988872388 0.00159975297288 0.0015998174241 0.00159939327555 0.00159962553838 0.00159963123817 0.00159965420343 0.00159963172965 0.00159935450528 0.00159948683352 0.00159942074347 0.00159996400901 0.00159974610058 0.00159989877449 0.00159954061693 0.00159962255531 0.00159978596147 0.00159955466272 0.00159976629483 0.00159995950229 0.00159986293914 0.00159980380819 0.00159960792418 0.00159956627422 0.00159996434828 0.00159970336424 0.00159962145457 0.00159963654073 0.00159967975976 0.00159961598261 0.00159953712692 0.00159964688088 0.00159990154187 0.00159974453555 0.00159956358935 0.00159979724698 0.00159975700671 0.00159954737966 0.00159988296256 0.00159968309857 0.00159957587381 0.00159967602435 0.00159971980847 0.00159994763426 0.00159955640263 0.00159966027923 0.00159959624598 0.00159972437402 0.00159952824276 0.00159946286368 0.00159943812421 0.0015997626141 0.00159955642285 0.0015997019851 0.00159942996429 0.00159984774204 0.0015997549354 0.00159935670155 0.00159990052808 0.00159994667683 0.00159996735527 0.00159943005743 0.00159970844867 0.00159985704624 0.00159983061319 0.00159944418295 0.00159939017563 0.00159999915593 0.0015997225548 0.00159971495158 0.00159948998743 0.00159960429191 0.0015997187397 0.00159936717808 0.00159945739546 0.00159925045632 0.00159947082067 0.00159996315603 0.00159992457776 0.00159981304229 0.00159978074759 0.00159976493209 0.00159989035546 0.00159948761846 0.00159975798808 0.00159980783785 0.00159923838291 0.00159991497961 0.00159968063811 0.00159976462057 0.00159915778833 0.00159954587561 0.00159955267942 0.00159966385471 0.00159941144496 0.00159947019223 0.0015997532297 0.00159983753155 0.00159951602008 0.00159969753735 0.00159942975694 0.00159988143229 0.00159932268947 0.0015995978737 0.00159957071247 0.00159985124606 0.00159945912884 0.00159956814359 0.00159963408187 0.00159944312432 0.00159992765766 0.00159958631905 0.00159977834276 0.00159966885757 0.00159980826341 0.0015998765672 0.0015996090164 0.00159944168775 0.00159959925239 0.0015998795518 0.00159968290827 0.00159960509299 0.00159959874642 0.00159971423414 0.00159957558797 0.0015995451291 0.00159970283046 0.00159980293654 0.00159939666604 0.00159943963386 0.00159958242616 0.00159945107352 0.00159961045874 0.0015995913665 0.00159959731803 0.00159952630943 0.0015995951362 0.00159990525746 0.00159966978732 0.00159989444878 0.001599994485 0.00159978195877 0.00159978430586 0.001599902249 0.00159947296626 0.00159973250965 0.00159970533592 0.00159957652816 0.0015999117685 0.00159997943186 0.00159995957315 0.00159989755221 0.00159992115293 0.00159997541802 0.00159987465464 0.00159961646151 0.00159941048311 0.00159948726071 0.0015996457438 0.00159951325417 0.00159970881428 0.00159958319607 0.00159996828154 0.00159964153036 0.0015997162116 0.00159976592842 0.0015998202089 0.00159991773811 0.00159990979348 0.00159980292148 0.00159954671692 0.00159955982357 0.00159968065582 0.00159966292025 0.00159963948353 0.00159966698886 0.00159958761832 0.00159981260823 0.00159966950191 0.00159949699705 0.00159967810892 0.00159980298451 0.0015999319282 0.00159972448498 0.0015996683931 0.00159966697714 0.00159951515342 0.00159980030197 0.00159976825773 0.00159975028264 0.0015998898876 0.00159968127635 0.00159900096001 0.00159970764008 0.00159960067732 0.00159970708177 0.00159945747498 0.00159972104805 0.00159976905331 0.00159982761897 0.00159968197048 0.0015997113451 0.0015994785585 0.00159956540974 0.00159992562899 0.00159944566264 0.00159966615765 0.00159968193417 0.00159942064934 0.00159944890674 0.00159957108189 0.0015994054891 0.00159960666263 0.00159951359889 0.00159917534988 0.00159959776548 0.00159959364662 0.00159957014593 0.0015992014427 0.00159974188421 0.00159966926054 0.00159971842981 0.00159948718393 0.00159984278445 0.00159964484735 0.00159941705731 0.00159978435004 0.00159963800943 0.00159934907505 0.00159918883777 0.00159963864774 0.00159946675882 0.00159963429796 0.00159968745127 0.00159991366242 0.00159964126338 0.00159970348981 0.00159953288675 0.00159975438269 0.00159962445346 0.0015995799152 0.00159980451913 0.00159973067831 0.00159913846367 0.00159948402052 0.00159933487979 0.00159973259564 0.00159982522122 0.00159994024673 0.00159992355713 0.00159974649773 0.00159947119985 0.00159979391886 0.00159979411087 0.00159965271335 0.00159961269354 0.00159984705171 0.00159966519441 0.00159971171942 0.00159991835456 0.00159970605899 0.00159994262447 0.0015999325461 0.00159939794846 0.00159953408579 0.00159963863781 0.00159998077252 0.00159994362451 0.00159965162512 0.00159931774397 0.00159974998866 0.0015998953768 0.00159978519672 0.00159949533011 0.00159977934432 0.00159969694757 0.0015996263448 0.00159967899772 0.00159965167893 0.0015996388059 0.00159986512112 0.00159971490255 0.00159939575659 0.00159943302718 0.00159946187556 0.00159978549879 0.00159986651007 0.00159969025537 0.00159965072007 0.00159980053065 0.00159936631442 0.00159956820595 0.00159962115244 0.00159974703053 0.00159986732635 0.00159979155242 0.0015995886541 0.0015997551246 0.00159985613175 0.0015997541475 0.00159974763124 0.00159956289862 0.00159948011016 0.00159926238298 0.00159985760274 0.00159942182702 0.00159984366357 0.00159958130615 0.00159973397101 0.00159982003744 0.00159989888778 0.00159980215396 0.00159951297894 0.00159942558643 0.0015998374242 0.00159959116532 0.00159951340848 0.00159962617909 0.00159955393582 0.00159998146028 0.00159973853851 0.00159965489063 0.00159971102778 0.00159981305336 0.00159967641036 0.00159983061051 0.00159982728307 0.00159976815501 0.00159993679966 0.00159941620745 0.00159964055938 0.00159960917544 0.00159975613827 0.00159975899376 0.00159993956609 0.0015997096263 0.00159994939357 0.00159977835088 0.00159990978669 0.00159985179932 0.00159939745213 0.00159940957319 0.00159966549269 0.001599864658 0.00159972167479 0.00159962803824 0.00159976794147 0.00159993117435 0.00159988738185 0.00159991105057 0.00159971150913 0.00159973865126 0.00159961863678 0.00159996241485 0.00159978189259 0.00159967009535 0.00159954216722 0.00159979060711 0.00159958351577 0.00159935009657 0.00159974808028 0.00159957529436 0.001599811173 0.00159954619875 0.00159960203849 0.00159995295481 0.00159953845359 0.00159984613733 0.00159973679686 0.00159968462737 0.00159940603191 0.00159952915404 0.00159950025171 0.00159963313864 0.00159988110375 0.00159945008361 0.00159983327365 0.00159965536287 0.00159989959123 0.00159959119578 0.00159989560124 0.00159949144659 0.00159955491529 0.00159930262635 0.00159933083953 0.0015996398687 0.00159954138733 0.00159953389548 0.00159959987509 0.00159966488927 0.00159986371983 0.00159980793851 0.0015998266902 0.00159974438286 0.00159999197811 0.00159942450656 0.00159957168637 0.00159976564613 0.00159992685098 0.00159926222455 0.00159985891097 0.00159959836773 0.00159994201013 0.00159993181793 0.00159971961051 0.00159967086737 0.001599702203 0.00159961666161 0.00159944262934 0.00159984676775 0.00159966557417 0.0015996499717 0.00159992012588 0.00159960320824 0.00159977409273 0.00159971019957 0.00159990225377 0.00159974797714 0.00159995522008 0.0015995387558 0.00159973922639 0.00159977663575 0.0015998092954 0.00159995371447 0.00159974895278 0.00159972229654 0.00159968745461 0.00159942791097 0.00159968218552 0.00159989011003 0.00159982581364 0.00159988330618 0.00159956520671 0.00159952745805 0.00159985541296 0.00159995398165 0.00159992912842 0.00159955284948 0.00159978327859 0.00159955917772 0.00159958867826 0.00159982180173 0.00159971887615 0.00159972196545 0.00159991106456 0.00159985728331 0.00159987720779 0.00159942348277 0.00159979560271 0.00159968730258 0.00159978321821 0.00159963913244 0.00159977545439 0.00159986441431 0.0015996418795 0.0015997036581 0.00159944401465 0.00159980757364 0.00159963003302 0.00159990818148 0.00159974330996 0.00159994804011 0.00159964864448 0.00159962069135 0.00159969418151 0.00159965161656 0.00159962924508 0.00159967539795 0.00159993017844 0.00159965489529 0.00159964725497 0.00159954228716 0.00159949735968 0.00159938619822 0.00159977277669 0.00159974514082 0.00159929044849 0.00159984717172 0.00159956626439 0.00159958262253 0.00159964195221 0.00159954657047 0.00159964887322 0.00159921182854 0.0015995668847 0.00159981070833 0.00159976247705 0.00159952169943 0.00159963859015 0.00159937177476 0.00159946784707 0.00159975903313 0.0015996597813 0.00159968919452 0.00159974658249 0.00159981349046 0.00159968565338 0.00159969876258 0.00159976035193 0.00159952889031 0.00159966239127 0.00159977276314 0.001599915408 0.00159989854531 0.00159990705549 0.00159991814377 0.00159996812155 0.00159979995872 0.0015997182919 0.00159992376164 0.00159974531727 0.00159984006246 0.00159996852671 0.0015996675118 0.00159985365507 0.00159979064515 0.00159967019492 0.00159976784321 0.00159995880171 0.00159995947286 0.00159991586843 0.00159965923804 0.00159968089047 0.0015998006677 0.0015992734855 0.00159989747378 0.00159994345977 0.00159964659578 0.00159964261027 0.00159973780377 0.00159992145178 0.00159968546203 0.00159972274895 0.00159957628641 0.00159937907544 0.00159991357677 0.00159969517971 0.00159987152739 0.00159980452687 0.00159974894609 0.0015997163609 0.00159973434679 0.0015998035956 0.00159976834513 0.00159981256336 0.00159988571661 0.00159975577139 0.00159996159667 0.00159924636553 0.00159968492619 0.00159990175537 0.00159928127651 0.00159940728014 0.00159988490333 0.00159992466153 0.00159990717855 0.00159959105691 0.00159977113245 0.00159986566394 0.00159991851932 0.00159985662724 0.0015998741905 0.00159963350301 0.00159949795265 0.00159972216684 0.00159992284146 0.00159978378613 0.00159946179434 0.00159974295219 0.00159988085424 0.00159967650236 0.00159992673777 0.00159967359448 0.00159982237659 0.00159968542184 0.00159961830022 0.00159993691229 0.00159965669131 0.00159961610648 0.00159971377089 0.00159959930562 0.00159973200429 0.00159966001517 0.00159940138308 0.00159988605396 0.00159950719561 0.00159997444397 0.00159978851358 0.00159949081269 0.00159985617149 0.00159979814213 0.00159955795941 0.00159963488888 0.00159963974636 0.0015998176715 0.00159952733035 0.00159993442697 0.00159981755745 0.00159916747944 0.00159970206134 0.00159958828215 0.00159977626007 0.00159977812667 0.00159961143327 0.00159969546694 0.00159978894432 0.00159980275905 0.00159986616194 0.00159999035481 0.00159957877828 0.00159971413815 0.00159998581338 0.00159984283132 0.00159994038413 0.00159987795581 0.00159989930975 0.00159970454868 0.00159980011945 0.00159978419717 0.00159981386308 0.00159979375694 0.00159973652956 0.00159954690149 0.00159961608556 0.0015997404748 0.00159984964828 0.00159991308737 0.00159969062868 0.00159979607301 0.00159967669166 0.00159959848659 0.00159984569297 0.00159966525387 0.00159978497133 0.00159973371684 0.00159995758204 0.00159986325471 0.00159974302954 0.00159973130284 0.00159996070715 0.00159970216692 0.00159977672813 0.00159990574456 0.00159988633457 0.00159978718131 0.00159963427547 0.001599857805 0.00159980915152 0.00159961186972 0.00159954754665 0.0015997178218 0.00159993840031 0.00159994197832 0.00159998725005 0.00159970423579 0.00159954619397 0.00159988540146 0.00159995327197 0.00159974375869 0.00159959851199 0.00159962871297 0.00159977234835 0.00159963537198 0.00159996702638 0.0015998266004 0.00159951781357 0.001599618979 0.00159955684853 0.00159973322946 0.00159979203468 0.00159991831833 0.00159966884827 0.00159975251369 0.00159963487191 0.00159971483008 0.00159985724711 0.0015998682924 0.00159976310716 0.0015995982997 0.00159980484437 0.001599568918 0.00159979232086 0.00159951182415 0.00159977656109 0.00159979102722 0.00159961978286 0.00159973328512 0.00159925003658 0.00159974656006 0.00159954333239 0.0015999199294 0.00159950326328 0.00159985032795 0.00159963735014 0.00159964627055 0.00159973742977 0.00159966579858 0.00159978830052 0.0015997747429 0.00159961851386 0.00159969584465 0.00159947567803 0.00159963249611 0.00159973018557 0.00159969810591 0.00159970007045 0.001599723506 0.00159967656915 0.00159958647534 0.00159950359902 0.0015996703697 0.00159983966909 0.00159970093721 0.00159952025567 0.00159966445082 0.00159960938066 0.00159992100415 0.00159993260122 0.00159987188975 0.00159974708818 0.00159974185766 0.00159978649941 0.00159955287525 0.00159995838128 0.00159963957657 0.00159980250598 0.00159989964558 0.00159983893689 0.00159967181268 0.00159972996437 0.00159969914169 0.00159981137847 0.00159984957699 0.00159941162011 0.00159973186876 0.00159986579264 0.00159950302152 0.00159977806807 0.00159970834572 0.00159978510072 0.00159987846791 0.00159980716524 0.00159942912108 0.00159976644763 0.00159959102492 0.00159966793171 0.0015999445836 0.00159993710902 0.00159987826408 0.00159991979422 0.00159991634771 0.00159977545286 0.00159955941885 0.00159947475901 0.00159958324014 0.00159971295565 0.00159965889441 0.00159969416512 0.00159967458192 0.00159975218254 0.00159972383451 0.00159993139316 0.00159947749055 0.00159978836539 0.00159956142156 0.00159975600914 0.00159982945444 0.00159980032817 0.00159978525374 0.00159986285087 0.00159978094898 0.00159978639723 0.00159981986225 0.00159975796965 0.00159988349043 0.00159995904244 0.00159995380701 0.00159988810359 0.00159989700989 0.00159926039222 0.00159958494464 0.00159960894906 0.00159955263589 0.00159957345137 0.00159983236158 0.00159974904894 0.00159983799669 0.00159976358796 0.00159972226661 0.00159967057076 0.00159978324096 0.00159973324858 0.00159961492053 0.00159983908988 0.00159950225608 0.00159978609807 0.00159962845385 0.00159979984033 0.0015998247678 0.00159977863248 0.00159941997941 0.00159989556822 0.0015999004456 0.00159954255565 0.00159964438091 0.00159971515379 0.00159993356446 0.00159968872543 0.00159960553133 0.00159982235615 0.00159975706829 0.00159984919574 0.0015997272652 0.00159982321898 0.00159967623743 0.00159966014151 0.00159973317106 0.00159976935713 0.00159994148683 0.0015998310246 0.00159935808729 0.00159964280587 0.0015996455725 0.00159987045532 0.00159951328514 0.00159963042656 0.00159969674933 0.00159983269838 0.00159984127006 0.00159985390373 0.00159986356868 0.00159971257943 0.00159984902016 0.00159980118941 0.00159959570045 0.00159971865246 0.00159955866374 0.00159982924714 0.00159981284698 0.0015995008787 0.00159988205876 0.00159961838532 0.00159970441191 0.00159965306223 0.00159979331358 0.00159991277345 0.00159985076014 0.00159983642632 0.00159975747025 0.00159959037022 0.0015997860844 0.00159971988953 0.00159972012468 0.00159966381178 0.00159964377499 0.00159974885041 0.001599644624 0.00159984039048 0.00159994877186 0.00159989233743 0.00159960965226 0.0015996084274 0.00159991925526 0.00159984093951 0.00159962609771 0.00159987546013 0.00159998741398 0.00159993275215 0.00159988494371 0.00159974471378 0.00159957216522 0.00159982626383 0.00159980635993 0.00159983756303 0.00159983434167 0.00159979192688 0.00159976807098 0.00159914326881 0.00159948568213 0.00159949719551 0.00159982226456 0.00159961412074 0.00159982604325 0.00159973106381 0.00159978844862 0.00159979023226 0.00159982952337 0.00159983191778 0.0015998195034 0.00159995757897 0.0015999156113 0.00159957794962 0.00159951520035 0.00159949244945 0.00159980237596 0.00159966100848 0.00159958458839 0.0015997467858 0.00159985680204 0.00159993953477 0.00159969646382 0.00159998626212 0.00159993764084 0.00159979428751 0.0015997466697 0.00159974197468 0.00159971428181 0.00159991311497 0.00159989022456 0.00159966356792 0.00159981684375 0.00159982955245 0.00159972493206 0.00159984925804 0.00159981586004 0.00159986498115 0.0015998848453 0.00159987892427 0.00159974470464 0.0015997246037 0.00159969664587 0.00159983017587 0.00159988379068 0.00159967575382 0.00159970304692 0.00159969717553 0.00159980948063 0.00159977670669 0.00159984208562 0.00159981909219 0.00159970834461 0.00159968670586 0.0015997691053 0.00159990902378 0.00159980172868 0.00159980673102 0.00159984187893 0.00159984341303 0.0015997878303 0.00159983249033 0.00159977393273 0.00159972528403 0.00159976489729 0.00159987387495 0.00159973143749 0.00159976725586 0.00159978400217 0.0015997920419 0.00159991583117 0.00159991724907 0.00159955347233 0.0015996971068 0.00159957279252 0.00159991798653 0.00159950711121 0.00159981145408 0.00159978223336 0.00159991306719 0.00159960279166 0.00159996380741 0.0015998762402 0.00159972728925 0.00159990619304 0.00159970979857 0.0015997187897 0.00159994861081 0.00159975236599 0.00159990226928 0.00159991738071 0.00159991084156 0.00159965808245 0.00159981403996 0.00159977445789 0.00159983879257 0.0015999687583 0.00159971633758 0.00159983383554 0.00159992076206 0.00159976807584 0.00159977709344 0.00159993880418 0.00159990339527 0.00159983448995 0.00159982508457 0.00159988892546 0.00159990563784 0.00159976948134 0.00159972314082 0.0015999623011 0.00159974332811 0.0015998997481 0.00159973202614 0.00159987189793 0.00159995011062 0.00159980490644 0.00159959230249 0.00159963821041 0.00159971720882 0.00159956307697 0.00159974235064 0.00159994639655 0.00159997863227 0.00159958207995 0.00159983619997 0.00159976563349 0.00159981744269 0.00159977766409 0.00159980019735 0.00159966592635 0.00159976021832 0.00159989014755 0.00159989495261 0.00159991547117 0.00159993474718 0.00159971173064 0.00159990732658 0.00159993000416 0.00159957486362 0.00159977797208 0.00159978224529 0.00159958178515 0.00159957232806 0.00159992221122 0.0015997860109 0.00159994626935 0.00159993897227 0.00159996416766 0.00159967706835 0.00159989447804 0.00159980858827 0.0015997392996 0.0015997335 0.00159975951565 0.00159982392797 0.00159970242577 0.00159990440523 0.00159977808367 0.00159992111721 0.00159975877641 0.00159984526355 0.00159971895033 0.00159969587003 0.00159979406362 0.00159977366152 0.00159996529434 0.00159995171244 0.00159988061179 0.00159973183437 0.00159981053261 0.00159985997579 0.00159987592741 0.00159994629422 0.00159974528055 0.00159978680312 0.00159983315011 0.00159995710552 0.00159982398909 0.0015999331884 0.0015999720954 0.00159989610055 0.00159988267883 0.00159983286698 0.00159978553881 0.00159984796429 0.00159978770454 0.00159988632653 0.00159993111605 0.00159991534243 0.00159970390518 0.00159991420749 0.00159993901694 0.00159994419477 0.0015998220702 0.00159975439322 0.00159982586183 0.00159988675073 0.00159963363805 0.00159977883651 0.00159981950214 0.00159980199863 0.00159972000876 0.001599665139 0.00159983188281 0.00159974200232 0.00159999957733 0.00159978301301 0.00159980921196 0.00159973555901 0.00159975796891 0.00159987411896 0.00159974056227 0.00159990136308 0.00159990640513 0.00159988113831 0.00159987117351 0.00159992944326 0.00159994676364 0.00159983857638 0.00159973770048 0.0015995627543 0.00159988094723 0.00159997939979 0.0015995577233 0.00159965727071 0.00159973070747 0.00159981012953 0.00159978540557 0.00159988495669 0.00159992157587 0.00159998409295 0.00159973270633 0.00159973554698 0.00159983795554 0.00159966869359 0.001599824691 0.00159973530909 0.00159989257877 0.00159994506875 0.00159986803078 0.00159986904216 0.00159984374145 0.00159989473718 0.00159974393565 0.00159972871048 0.00159987379862 0.00159979006341 0.00159977032939 0.00159970652075 0.00159983247063 0.00159995921902 0.00159989120004 0.00159994700235 0.00159975048148 0.00159985790857 0.00159977054156 0.00159978882545 0.00159971748411 0.00159989673177 0.0015999576551 0.00159981173043 0.00159968632366 0.00159966880424 0.00159996385291 0.00159973525415 0.00159974190442 0.00159967163672 0.00159967964724 0.00159986716161 0.00159994882163 0.00159988955865 0.00159991136354 0.0015999278545 0.00159994159571 0.0015997158561 0.0015998438604 0.00159982287611 0.00159975352495 0.00159976121301 0.00159968357074 0.00159982548722 0.00159973953635 0.00159992898051 0.0015998826757 0.00159967785867 0.00159968152796 0.00159972168966 0.00159975582139 0.0015998195209 0.00159963001221 0.00159990651346 0.0015998162316 0.0015994958698 0.00159972662535 0.00159956606331 0.00159983336493 0.00159997955557 0.00159976472316 0.00159993144918 0.0015998585956 0.00159978606314 0.00159998660577 0.00159975416471 0.00159971375131 0.00159960399065 0.00159972448481 0.0015997869726 0.00159980325592 0.00159986311214 0.00159987480553 0.00159978018601 0.00159995261694 0.00159960631208 0.00159979059413 0.00159965353931 0.00159977224852 0.00159991067053 0.00159981625569 0.00159978280216 0.00159998089477 0.0015998585275 0.0015999160357 0.00159988712848 0.00159988731016 0.00159990325938 0.00159986521466 0.00159986753349 0.00159983568253 0.00159981102716 0.00159978912275 0.0015999157983 0.00159984682178 0.00159969242647 0.0015998833214 0.00159992600837 0.00159989125247 0.00159990748363 0.00159993642133 0.00159986291063 0.00159996757465 0.00159980286366 0.00159992855369 0.00159966550613 0.00159982836126 0.00159992788477 0.00159997566224 0.00159997357048 0.00159983092857 0.00159994952656 0.00159976542555 0.00159972543494 0.00159968933836 0.00159970714734 0.00159969643401 0.00159980636723 0.0015997608782 0.00159980659391 0.00159982758808 0.00159976754657 0.00159966946827 0.00159983492373 0.00159985304565 0.00159991328625 0.00159981579655 0.00159984360083 0.00159981648493 0.00159973288983 0.00159986973887 0.00159986343749 0.00159977310548 0.0015999379717 0.00159983432892 0.00159973688008 0.00159990251019 0.00159973466087 0.00159968111019 0.00159991728782 0.00159989140276 0.00159974422519 0.00159992140731 0.00159985896686 0.00159993315214 0.00159959738352 0.0015997732467 0.00159984390032 0.0015999426688 0.00159984511776 0.00159993390868 0.00159977941292 0.00159975773455 0.00159967459129 0.00159993956564 0.00159966532171 0.0015996358076 0.0015998871837 0.00159975373871 0.00159987994823 0.00159960546847 0.00159970455945 0.00159982692186 0.00159982802949 0.00159990998342 0.00159976935231 0.00159954030798 0.00159996144757 0.0015998034274 0.00159980845139 0.00159987842259 0.00159984030893 0.00159978427029 0.00159996506665 0.00159980995441 0.00159982217905 0.00159978873712 0.00159975473509 0.00159976608505 0.00159981782097 0.00159984027532 0.00159987455734 0.00159963412925 0.00159987465903 0.00159981559297 0.00159987708657 0.00159982703297 0.00159990700664 0.0015999302738 0.00159995589608 0.00159980090984 0.00159978181065 0.00159972095939 0.00159989775493 0.00159985410324 0.00159983570394 0.00159990475476 0.00159995333025 0.00159979342959 0.00159991374076 0.00159993669997 0.00159993867306 0.00159988858264 0.00159999331813 0.00159983801318 0.00159967325377 0.00159985900902 0.00159978474042 0.00159975386619 0.00159970789154 0.00159983132151 0.00159986783389 0.00159988340662 0.00159992311542 0.00159975571248 0.00159989366477 0.00159991690075 0.0015998048476 0.00159993477512 0.00159988654321 0.00159989520936 0.00159983323965 0.00159983736162 0.00159983220927 0.0015999478872 0.0015999034079 0.00159991424536 0.00159999101578 0.00159988266073 0.00159993326996 0.00159989853171 0.00159995853075 0.00159992830919 0.00159993538088 0.00159993372738 0.00159994096813 0.00159979967553 0.00159981415972 0.00159983914385 0.00159981126843 0.00159987730114 0.0015998346064 0.00159991627017 0.00159998690582 0.00159988660886 0.00159995466018 0.00159991388433 0.00159989762808 0.00159981716757 0.00159994166151 0.00159989838088 0.00159993035512 0.00159993163051 0.00159995397643 0.00159991280291 0.00159987146745 0.00159988828818 0.00159983872763 0.00159994004018 0.00159994763805 0.0015998810893 0.00159993937289 0.00159993910488 0.00159965766782 0.00159977989874 0.00159987253773 0.00159993890328 0.00159991591301 0.00159991319102 0.00159986570159 0.0015999225276 0.00159993956736 0.0015999462719 0.00159985377868 0.00159983044701 0.00159983843309 0.0015999510852 0.00159991585317 0.00159996566289 0.00159994900097 0.00159989554223 0.00159990224261 0.00159989923889 0.0015999299976 0.00159993722678 0.00159987908391 0.00159990473512 0.00159991483726 0.00159995451941 0.00159994066956 0.0015998830625 0.00159981150255 0.00159988453899 0.00159986583384 0.00159985701255 0.00159994270605 0.00159991710854 0.0015999259755 0.00159991475513 0.0015997763792 0.00159996628702 0.00159981985172 0.00159982777185 0.00159991442975 0.00159989993087 0.00159984124806 0.00159994940232 0.00159993773767 0.00159984503225 0.00159988245482 0.00159982507873 0.00159981877671 0.00159980055973 0.00159985231686 0.00159975925823 0.00159991050009 0.00159982636099 0.00159991865744 0.0015999027925 0.00159985818509 0.00159988823099 0.00159983657048 0.00159992810532 0.00159991686801 0.00159991585959 0.00159995843789 0.00159990507164 0.00159994669939 0.00159973503797 0.00159996467786 0.00159968172563 0.00159983137274 0.00159990701369 0.00159988270463 0.0015998990823 0.00159994940152 0.00159994846032 0.00159996044972 0.00159986718461 0.00159992338929 0.00159984095212 0.00159989312997 0.00159975038948 0.00159998255774 0.00159990381988 0.00159985429855 0.00159984550734 0.00159991531638 0.00159997556569 0.00159996416468 0.00159993487175 0.00159982357223 0.0015999154991 0.00159983492969 0.00159985386947 0.00159983515782 0.00159991058162 0.00159982723104 0.00159992889025 0.00159963289407 0.00159993411427 0.00159989518172 0.00159992111147 0.00159990716557 0.00159990192111 0.00159992180257 0.00159995068772 0.00159996404932 0.00159987840038 0.00159994835448 0.00159991084756 0.00159995646354 0.0015999652466 0.00159993631117 0.00159995721018 0.00159995605532 0.00159994599917 0.00159991483718 0.00159988119846 0.00159991148472 0.00159978569485 0.00159983482109 0.00159988122543 0.00159991592405 0.00159974078076 0.00159989785582 0.00159993527377 0.00159990107997 0.0015999317321 0.00159997130527 0.00159982217201 0.00159984069569 0.00159994884587 0.0015999500557 0.00159992989663 0.00159984656135 0.0015999092864 0.00159993725097 0.00159989810067 0.00159995823414 0.00159969352967 0.00159997595898 0.00159980006408 0.00159977007773 0.00159985705807 0.00159989045927 0.00159987781886 0.00159983806854 0.00159989663475 0.00159992175345 0.00159992030761 0.00159991532392 0.00159993795985 0.00159996260951 0.00159994275401 0.00159994596745 0.00159984937749 0.00159992596522 0.00159995950785 0.00159996175488 0.00159986385854 0.00159985207077 0.00159991858791 0.00159975246013 0.00159988339218 0.00159988853918 0.00159978945027 0.00159997161762 0.00159995005185 0.00159984063416 0.0015998957196 0.00159992290131 0.0015998633283 0.0015999049211 0.00159994752382 0.00159995882601 0.00159993557456 0.00159959355487 0.00159981813663 0.00159988940668 0.0015997406427 0.00159979109334 0.00159991389562 0.00159986157502 0.00159989376191 0.00159973779849 0.00159994073278 0.00159985270616 0.00159974978508 0.00159985324202 0.00159996178849 0.00159996414585 0.00159990696559 0.0015999590593 0.00159981248189 0.00159984951151 0.00159982777364 0.00159986530105 0.00159992752134 0.00159988335617 0.00159988896315 0.00159968786191 0.00159987356572 0.00159993343497 0.00159992222161 0.00159985953067 0.0015999782532 0.00159985634913 0.00159993728533 0.00159983923343 0.00159992254805 0.00159992718002 0.00159994619794 0.00159992213691 0.00159991161083 0.00159993439975 0.00159998125492 0.00159994848909 0.00159990215497 0.00159987375162 0.00159991551638 0.00159990292167 0.00159994465451 0.0015999520514 0.00159992546551 0.00159992002223 0.00159987390409 0.00159990023031 0.00159995007373 0.00159980816607 0.00159987960826 0.00159997490731 0.00159995725437 0.00159984044528 0.0015997629207 0.00159993450687 0.00159995295888 0.00159992443677 0.00159990837377 0.00159994339716 0.00159992987167 0.00159978812896 0.00159993380433 0.00159992359864 0.00159990394008 0.00159996693493 0.00159994538744 0.00159997168539 0.00159989269848 0.00159990335083 0.0015998941322 0.00159983791819 0.00159991456562 0.00159988162857 0.00159993770379 0.00159995757491 0.00159991848246 0.00159997492988 0.00159989928153 0.00159989917296 0.00159997620958 0.00159995621112 0.00159994547665 0.00159992686921 0.00159997398546 0.00159990928518 0.00159990096969 0.00159992204202 0.00159984485697 0.0015999551197 0.00159993646483 0.00159987486103 0.00159988769179 0.00159992163543 0.00159997313844 0.0015999267483 0.00159998187131 0.00159992189264 0.0015999615183 0.0015999389426 0.00159986645518 0.00159988001662 0.00159987600018 0.0015999103288 0.0015996943868 0.00159996038506 0.00159978779278 0.00159975795605 0.00159986522525 0.00159996705123 0.00159991670615 0.00159966563758 0.00159974691743 0.00159979669305 0.00159996515396 0.00159997328557 0.00159989718926 0.0015998998383 0.00159998101357 0.00159992270701 0.00159996502951 0.00159984490147 0.00159986436759 0.00159991247553 0.00159977558022 0.00159996358821 0.00159988104285 0.00159992312435 0.00159986597074 0.00159984434135 0.00159996687685 0.00159980026078 0.00159991946843 0.00159993038035 0.0015999088029 0.00159995204504 0.00159992718786 0.00159997062502 0.00159986574111 0.00159993964641 0.00159984176964 0.00159983569968 0.00159990924725 0.00159986664845 0.00159984949787 0.00159992788506 0.00159992745016 0.00159993969065 0.00159982101969 0.00159995555348 0.0015999410548 0.00159988262928 0.001599931528 0.00159997193137 0.00159987382278 0.00159991706448 0.00159993805349 0.00159987533202 0.0015999249126 0.0015999013992 0.00159995100967 0.00159997311606 0.00159990823461 0.00159984588167 0.00159993541913 0.00159982507916 0.00159995595434 0.00159995479512 0.00159993771836 0.0015999599 0.0015999409367 0.00159993107469 0.00159993414927 0.00159993782515 0.00159991474222 0.00159997100445 0.00159991997316
</DataArray>
        <DataArray type="Float64" Name="contact_force" NumberOfComponents="1" format="ascii">
0.000104273129202 0.000165512868219 0.000111462098297 0.000122307925917 3.43321650344e-05 0.000427424289732 2.94228821452e-05 1.58861956199e-05 0.00070755294295 0.000346847735623 0.000695052492673 0.00025530529487 0.000203479264172 0.000307011475751 0.000571156121479 0.000566760330485 0.000179934565779 0.000371949199594 0.00117807852246 6.96288191254e-06 0.000372089196347 0.000850535654063 0.000584268847155 0.000323144089032 0.000422457232185 0.000958142678564 0.000191275637087 0.00110962730956 0.0015444325908 0.000694542488957 0.000668725396696 0.000185855578827 0.000170778521004 0.000708781291438 0.00024763455069 0.0003618618981 0.000487119242504 0.00202425023648 8.9379250842e-05 0.00169063260773 0.000438408976698 0.000601786512425 0.000759689732518 0.000531283549962 0.000132002147117 0.000175294077434 0.000156793766307 0.000251340994344 7.44859398697e-05 0.000131167826978 0.00107911992956 0.000367714213748 2.75618267722e-05 4.96979082741e-05 0.000980160106856 0.000293275585789 0.000410100049402 0.000508174336915 0.000507892808536 1.46418730167e-05 5.46799037915e-05 9.6352577755e-05 0.000444700562066 0.000220538746292 0.000281995401624 0.000458247288724 0.00152507839416 0.000799058921228 0.000916944650285 0.000321076398579 0.00018277473901 9.82430146288e-06 0.000426550107626 0.000992941207713 0.000327770312312 0.000694869353656 0.000830545914237 0.000496384697784 0.00022203365013 0.000134394914922 0.000686722626408 3.5708135498e-05 2.63536673371e-05 4.56181914978e-05 6.93800919174e-06 3.02764842838e-05 3.57421295442e-05 6.26247133214e-05 2.89465742117e-05 0.000803190870933 0.000985383478065 0.000234406201441 0.0016851180448 0.000295241528689 1.99835191366e-06 3.63870406011e-05 0.000266997229563 1.1286488394e-05 5.26756463848e-05 1.5127964817e-05 3.39182118878e-05 0.000645084477597 0.000322885357289 0.000320255481971 0.000240698493605 0.000267559551099 0.000521035812555 0.000224810963902 0.000227754406978 0.000165346188006 0.000890548772759 0.000174209804689 0.0002163255371 0.000233642526574 0.000237267140408 0.000251200869625 6.54715739651e-05 9.60523383687e-05 0.000404057693128 1.99334772812e-05 1.98944232147e-05 0.000148259818517 0.000215933617008 0.00028140841984 0.000635945530085 0.000151699143827 0.000139134661712 0.000162922692999 0.00011167134004 0.00031725480217 0.000305841599797 4.64602616857e-05 0.000107632916381 0.000142986471542 8.59945620171e-05 0.000173405204841 0.00129179129009 0.000661648962679 0.00012178464883 2.83761391798e-05 0.000466573693808 0.000220222613676 3.93326666095e-05 0.000130881142391 0.000437791185095 0.000513522489004 8.07707554989e-05 0.000190061894805 2.95321143787e-05 4.34712623673e-06 0.000502174790105 0.00102721375033 7.93209449288e-05 0.000333517373793 0.00100567076396 0.000371452909421 0.000517073921523 0.000786139966121 0.00102843757874 0.00116803467684 1.18544305047e-05 0.000833962805949 0.00010327650351 0.00063641956189 2.65647496476e-07 0.000508125486661 0.000153494721895 0.000114788207462 6.68377530698e-05 0.00011251498138 8.86309013999e-05 4.84573748853e-05 0.000126780959756 5.02524387855e-05 0.000634386763389 0.00107400348248 0.000751580144953 0.000690647939944 0.000473303616865 0.000525049419873 0.000404198134833 0.000131226335709 8.93533029264e-05 0.000236863878564 0.000623779859905 7.66275834203e-08 4.28281910534e-05 0.000734962378499 0.000221509540467 0.000691187597604 0.00015216094268 0.000414553923013 0.000403586870743 0.000170496395562 0.00070215724812 0.000630743839156 0.000942288875086 0.00032034174345 0.00115621698437 0.000411156180943 0.000361709154749 0.000691706587557 0.000631122801928 0.000239954151742 1.47998364725e-07 0.000661700045355 0.000701135623484 0.000217397978533 0.000249828890602 0.00057766263317 0.000709850679483 0.000705830222123 0.00108648504088 0.000574070956861 0.00023864650705 0.000617005483773 0.000591824321714 0.00127285402055 0.00157033419662 0.000238349578957 0.00193060455952 0.00119769241607 0.000177861343651 0.000461846354173 0.000268228215998 0.000566199346413 7.81254462857e-05 0.000676522430163 0.000462848984813 0.000681394632752 0.00109812188287 0.000147578972903 5.28946661585e-05 6.50759778571e-06 3.07089391263e-05 0.0022191764291 0.00193182066503 0.000121060882311 4.27736725907e-05 0.000255974928884 0.00070488843367 0.000342746829423 7.13192835597e-05 0.00108127679448 0.000417151375541 0.000743118959102 5.80808326845e-05 0.000943102447963 0.000204902803499 0.000906679508984 0.000561721552663 0.000885499699987 0.000127070919495 0.000113012293454 0.000357910471391 0.000985340717066 0.000242535578598 0.00131864428429 0.000336665496057 3.28038086005e-05 0.000422016974811 0.00108642007339 2.21365558278e-05 3.15391910709e-05 9.82449584038e-06 0.000202508420334 0.000533940465536 0.000257979110871 0.000563537783839 0.000242303117401 1.72112641156e-05 0.00012979558214 0.000288311150318 0.00031811880795 0.000937874301074 9.85729272248e-05 4.78687757193e-05 4.62082193989e-05 0.000909173194692 0.000465596154893 0.000182342776847 6.97265085616e-05 0.000156171677816 0.000195413764957 0.00015996489813 0.000654299299499 0.000107474914132 4.25348859107e-05 0.000968489278681 0.000234391547724 0.00132123517851 5.99591344964e-05 0.00161089818015 0.000715149645162 0.000125046621358 0.000175267856298 0.000328752648177 0.0010748227419 0.000818506788071 0.000481582397154 0.000146803217922 0.00138100456791 0.000586586467308 0.000979125452424 0.00054508263563 0.00101447348567 0.000595511676898 2.5223537872e-05 0.000457767716652 0.000375981553697 0.00048067820252 0.000336295249991 0.000572153251248 0.000486258937999 0.000506021031704 0.00061187556409 0.00128162260678 0.000514155492286 0.00122560724436 0.00089658364357 0.000229999960165 0.00059945449955 0.0015185713063 2.27705533233e-05 0.00042826331876 0.000445863250881 0.00127423882196 0.000708136878409 0.000132128658487 0.000115025647503 0.000865064828213 0.000963310353906 0.0010084274874 0.000213599198155 5.6820601321e-05 0.000124739145166 0.00164319613118 0.000563184063021 0.000371781168503 0.000904575771598 5.17199816158e-05 0.00042639969804 0.000132145339371 0.00135366668929 0.000170916951855 0.000601919340806 0.000358281082197 0.000134293756967 0.000614150812509 0.000287952318862 0.000380338087973 0.000655351185027 0.000985591332506 0.000329885535694 0.000557349064771 0.000622512243275 0.000948614600045 0.00119262831502 0.00016535917003 0.000106318374357 0.00020404194352 0.000263115207254 0.000767984547452 4.77282765435e-05 0.000593609236698 0.000893001167705 0.000472000070081 0.000520502418029 1.7663158301e-05 9.51093459119e-06 0.00124880915737 0.000333727555171 0.000981813274844 4.69029590772e-05 7.00315735068e-07 0.000335984569651 0.000601360963869 0.00048173348963 0.000519532057642 5.94677140531e-05 0.000110645024281 0.000660480302608 0.00116146543005 0.000353828399997 0.000105002441286 9.78612283527e-05 0.000189933102851 0.000302320570196 0.000152763704043 0.00055307029409 0.00035792835909 6.22197238165e-05 0.00058911161103 0.000151638230516 0.000662387250173 0.000338185309656 7.80236312768e-05 0.000879860552019 4.29581113819e-05 0.000696702891636 3.63974010166e-05 0.000180178343819 8.24274096419e-05 0.000212506345532 0.000257192796553 0.000190911415552 2.38625886647e-05 0.000490260819096 0.000668919272803 0.000340959481989 0.000353054746186 0.000390767106907 0.000222106467284 0.000114041547815 6.35928555519e-06 0.000420728985476 0.000583598435572 0.00150129705248 0.000238358983444 0.000304246996463 0.000609032433131 0.000199077021017 0.000350330062943 0.000545495141814 0.000108208174423 0.000106521952959 0.000192705008214 0.000318513495063 0.000482835640837 0.000188997178275 0.000550645528404 0.000378732054174 0.000111425111845 3.68438389594e-05 0.000712658937887 1.55483831641e-05 2.46937806791e-06 0.000420655976409 0.000512608953454 0.000370578285607 0.000224037052975 3.98798684222e-05 8.72667121289e-05 0.000554520323262 5.02750145428e-05 0.000472978878303 0.000222988213194 1.1786373722e-06 0.000676557292684 0.00117899381385 0.000307809992658 0.000248643513977 0.00066006524433 0.000284260124395 5.1707875974e-05 0.000946409375022 0.000120357960819 0.000498830797488 0.000239174902256 0.000678189391517 0.000759981458822 0.00102043369109 0.000656514610773 8.053035453e-05 0.000281286745176 0.000199287764528 0.000266632934107 0.00052020187312 0.00044834181474 0.000162743202765 0.00014098730287 0.000223958926187 0.00013232594495 0.00023059526236 0.000969310011688 0.000276821523583 0.000242557247828 0.000576639686329 0.00100214955304 1.91592909111e-05 0.000605230785505 0.000151935126577 0.000232932925929 0.00126334460887 0.000941204257365 0.000429785749433 0.00128062586204 0.000613896936423 0.00105854861553 0.000652021519785 3.71545487677e-05 0.000311286783148 0.000872177429277 0.00041238070115 0.000122281846292 5.01086926854e-05 0.000357249773819 0.000296323538539 0.000745716015655 0.00103878430565 2.68846904032e-05 3.51391796558e-05 0.000453923189345 0.000753432479541 0.000891832703923 0.000602150842012 0.00108580015633 0.000492279509114 0.000246584078686 0.000644752447251 0.000420044720339 0.00183133252759 0.000793326758857 0.00021240715716 2.7998554165e-05 0.000181859670943 0.000739104791726 0.000520450226633 0.000164230945389 3.66279918165e-05 0.000290449846558 0.000142613376874 0.000161002093278 0.000425291011114 0.000691095437043 0.000128107058766 0.000147191600839 0.000104315429865 0.000666935425077 0.000569867406524 0.000587979911758 0.000270502196097 0.000687685433526 0.000528775811363 0.000490816037667 0.000277838634173 0.000338667616753 0.000915002564986 0.000576002664924 0.000337520251573 0.000573372119302 0.000366159247527 0.000972994164757 0.00109672690647 0.000585432301519 1.61394418318e-05 5.31170554015e-05 0.000244348945536 0.000289881654079 0.000125764743934 0.000318910883834 0.000179029968781 1.69576064484e-05 2.02492068125e-05 1.07502560154e-06 0.000804951127996 0.000223787979289 0.000644148263736 0.000379321494362 0.00101682104219 0.0005378224887 0.00048037016512 0.000184375040345 0.000402929101773 0.000503540940301 0.000166768570574 0.000334865458617 2.3625529272e-05 0.000328365267914 4.40616028138e-06 1.89925381208e-05 0.000466026437328 0.000345114319407 0.000949967429945 0.000408245292545 0.000289385815699 0.000923285231636 0.000429889853799 0.000637955430428 0.00111231861853 4.0305590085e-05 0.00027983296924 0.000589824238329 0.000454004854598 0.000469072563984 0.000443587228127 0.00112316592736 0.000617722981552 0.000187503257115 9.81152819992e-05 0.000317026628457 0.000244186108221 0.000230461608254 0.000171838474875 0.000295160933748 0.000135871330215 0.000500626666106 0.00044142371641 0.000513562642106 8.35467467418e-05 0.000269219854522 0.000684271937841 7.85741231385e-06 0.000771006169896 0.000393981902697 0.000469103932704 0.000458880301779 0.000274607538279 0.00042940848518 0.000543765363095 0.000235895837329 0.000920508907416 9.55125079071e-05 0.000195182143656 0.000131863432756 0.000193048381095 0.000727978740355 2.60543174439e-05 0.000168188828697 7.05805413339e-07 0.000123239812671 6.6880703246e-05 0.000780568006323 6.6337763151e-05 5.87464242622e-05 0.000484751848495 0.000378933989123 0.000141083278807 0.000586816219534 0.000389098185478 0.000325581876808 0.00128068686224 0.0005612679141 0.00044076098588 0.000655154286769 0.000312915019917 9.45178775045e-05 0.00131366901133 0.000245993842518 0.000717221212926 0.000546282963465 0.000215919697026 0.000197088620869 0.000493926674233 0.000179546246632 0.000210546887367 3.78221443676e-05 0.000214033906098 0.000734618498304 0.00101901974939 0.000310221509245 0.000882101326854 0.000457418353235 0.000560694039749 0.000277989696422 1.1123858623e-05 0.000107957989539 0.000437566034441 0.000267957794187 0.000252693947287 0.000615811053187 0.00100423490005 0.00190267744624 0.000614650108794 0.000259874032014 0.000978004640065 0.000328997737548 0.00083866714642 0.000258192458535 0.000635766138453 0.000260991636593 0.000645456560142 7.76827439752e-05 0.000253462220378 9.82184340975e-05 3.89855412887e-05 2.40934614778e-05 3.48947054436e-05 0.000349758517586 0.000910525731066 0.000805658286708 0.000823582267066 7.96968360898e-05 0.000517925011697 0.000639109522873 0.00102700220496 0.000489673939878 0.000188021002526 0.000308908585297 0.000547948565038 0.000254482839021 0.000931634998342 3.4358749979e-05 0.000435743391746 0.000174678746366 0.000716770144568 0.000286522102692 0.000289293172777 0.000102986239655 0.000484283832298 0.000219516118728 0.000535800062651 0.00028735488002 3.4447778746e-05 0.000284246357116 0.0010354455272 8.99144378265e-05 0.000139166784025 9.72072077996e-05 0.00136894876588 0.000149466784124 0.000631807350512 0.00152755377553 0.00101117898189 0.000346862778518 0.000980201699269 0.000163651854968 0.000931577967708 0.000179511102341 0.000447361096969 0.00140485043279 0.000517722139663 0.000197494217232 0.000968250687276 0.000952509467891 0.000386622881832 0.000621879237391 5.91349935554e-05 0.00023905869354 0.000219420583401 0.000336536581789 0.000123639712527 7.35286677898e-05 6.05621523909e-05 5.23787505231e-05 0.000328456795707 0.000317751177726 0.0003236254669 0.000496439401711 0.000579338918524 5.30213688483e-05 0.000220301257663 0.000302283275974 0.000231750870429 0.000298771525147 0.000805737739798 0.000448381172466 3.77302818517e-05 0.000765605008246 0.00139792535208 0.00221986469774 1.73873954695e-05 2.37262044315e-06 0.000884086693644 0.000376213651079 0.000737355453491 0.000136212990447 0.000112925614905 0.00132656362392 0.000864869404423 0.000744692761836 3.96531895542e-05 0.000432783967067 9.04511469935e-05 4.78017937367e-05 0.00049710753307 0.000487681358239 0.00105679272107 0.00089048758884 8.87759729706e-06 0.000734182785956 0.000144464703181 6.40885204068e-05 4.41805816761e-05 0.000379085687997 5.52067426146e-05 0.00150929856051 0.000300830043975 0.000481082310186 0.000372447331649 0.00118368824549 0.00186489898975 0.00055021890085 3.38379420025e-05 0.000554349604935 0.000107536824533 0.000369942513509 0.000937773945315 8.99201791788e-05 0.000132405429112 0.000100676573236 0.000286876586867 0.000235983148904 0.000683448097211 0.000257697691007 0.000198601827092 0.000521677888759 0.0011255748338 0.00125327986115 0.000536112236997 0.000877846095296 0.000126962497891 0.00135643582527 0.000224429232929 0.000494054429938 0.000341177776268 0.000212562718431 0.000332283483027 1.37993843391e-05 0.000355236095317 0.000115783352097 0.000180529310489 0.000254440178549 6.9526345102e-05 5.42421197153e-05 5.96692862322e-05 6.14254277403e-05 0.000473170270332 0.000739895591726 0.00118629019635 8.66404403684e-05 0.000387596016247 3.55829588015e-05 0.000341242713104 0.00034532357327 0.000839958227354 0.000520516453033 0.000426144714506 0.000285915784627 2.92841168503e-05 2.26524042667e-05 0.000243738655396 0.000378385689476 0.000480476330419 0.000140708225373 0.000458862574261 0.000222707081013 0.00111260186783 0.000804340902191 0.000478128269784 0.00054446340426 0.00135866977764 8.79674214164e-05 0.000451131605658 0.00109570323763 5.99382674064e-05 0.000638562261878 0.00138843972484 0.000312732491567 0.000152732602761 0.00148888753292 0.000432801962195 0.000224829733536 0.00047305602676 0.000485602874213 4.29937778461e-05 0.000481254040851 3.88282290349e-05 5.50260605451e-07 0.000424994404676 3.53747008417e-05 0.000241227376075 2.65563980437e-05 0.000175995898574 0.000394214175512 0.000147489265638 0.000291976743986 0.000578441385322 0.000427652527515 0.000103060649765 0.000275645217297 0.000312847697528 0.000428323333624 0.000104829674487 0.000405075067401 0.000354159072079 0.000716090495411 0.000599122730635 0.000133951787644 0.000482485915058 9.63359308473e-06 0.000149540886241 5.96582299568e-05 0.000160029305495 0.000344497530124 0.0001782223789 0.000296094960517 0.000336160108263 0.000686546242516 9.06775189378e-05 1.72887396749e-05 0.000111622093289 0.00023275967325 0.000623807033848 0.000303521267756 0.000199706992743 3.93028138888e-05 0.000201645404708 0.000106404440563 0.000321978447706 0.000366290930331 0.000173398199482 0.000623212966865 0.000335003485594 0.000206479100403 0.000932038876069 0.000480529316228 8.72958177499e-05 0.000873145956936 0.000800213060425 0.000129785161183 0.000518588356828 0.000215032802522 0.000990881591229 0.000419626955682 0.000630205371243 0.000776342787993 0.000184074612989 0.000607572978563 0.0001412883631 0.000303613566862 0.000826061098296 0.00138643120805 0.000624965201059 0.000961653889248 0.00094640449686 0.000982932772388 0.00154474231219 0.000378662336553 0.000284911014455 0.000354668293682 0.000157162586659 0.000404332732971 0.00029898255431 0.000645630644561 0.000730248298275 0.000424124247328 0.000678865569961 0.00013485597483 0.000173119167107 0.000191229691114 0.000301922188782 0.000545789388708 0.000608334371514 0.000456595117608 0.000458602544582 0.000417781859995 0.000476217405 0.000301397225583 0.000464893623371 0.000369486034772 0.000336620506174 0.00121820782815 0.000461969654504 3.03792797254e-05 0.000942837835254 0.000635234102864 0.000487087107171 2.05034183807e-05 0.000694915012268 1.91773478754e-05 0.000347914668314 0.000640201593952 0.000655837194939 0.000615232549017 2.79378074677e-05 0.00015639284773 0.000509295105131 8.54367222365e-05 0.00119840919481 0.000241138296447 0.000570016977673 3.10695546167e-05 5.52481868049e-06 0.000512042492918 0.000554068252807 0.000374041448116 0.000370008364896 0.000524624736785 0.000344199019845 0.000411224868701 9.2128697673e-05 0.000353714577639 0.000579815192277 0.000859210851116 0.000183785728597 0.00068509604995 8.41312497837e-05 0.000236816898677 0.000373127831215 0.000735001297411 0.000200484062308 0.000516958803546 0.000151791604921 0.00022390892421 9.94250985392e-05 0.000499963188778 7.55358126147e-05 0.000563438761362 0.000480656342998 9.72290654468e-05 0.0001394700198 5.55800694367e-05 3.19012079739e-05 6.0620279918e-05 2.60488968422e-05 0.000423983367178 0.000393517981577 0.000483786004288 0.00065143515597 0.00053209784726 0.000318764237736 0.000750488755936 0.0005116643373 0.000854471157918 0.00045450874886 4.53417430138e-05 0.000156986761302 0.000801209771227 0.000632593572442 0.000116531319582 2.86357664082e-05 6.67149706509e-05 5.65087044553e-05 0.000573787032604 0.000790244522663 0.000318985106979 0.0006961068415 0.00046197946547 0.000954077307966 0.000451876345126 0.000789182535999 0.000597472813085 0.000957404013975 0.000309150646681 0.000432941303495 0.00052612662306 0.000698084965082 0.000708023757146 0.000268632853931 0.000364902016848 0.000196740794504 0.000788807697926 0.000375677585571 0.000327009484947 4.26823129752e-05 8.65325000507e-05 1.91069351198e-05 2.22722498682e-05 2.30964905594e-05 0.000221347740085 0.000309990809637 0.000330476073541 0.000301197792936 0.000592581873629 0.00034290359948 0.000735106407942 0.000451915708916 0.000361318341453 0.000531652325185 0.000297288830615 0.00042353984601 0.0003205088411 0.000503816009385 0.000140428318374 0.000848402454214 0.000133958083181 0.000125004013312 0.000294614082767 0.00106184001822 0.000872298271251 6.7219184447e-05 0.000803166672219 0.000691427803377 0.000231811897371 0.000741320543347 8.77630862441e-05 0.000488893871865 0.000520767077458 1.60564763019e-05 5.38479422163e-05 0.000200429698913 0.000107050025648 0.000273112534504 0.000334210617955 0.000717172846016 0.000326198817531 6.89223910407e-05 0.000452912502395 0.000449868491793 0.000100910150805 9.27388797699e-05 2.12933616882e-05 0.000371314983198 3.2864837509e-05 9.97621251538e-05 4.16467026711e-05 2.16364375097e-05 0.000275153632768 0.000376995342196 0.000264075560517 0.000335378514336 0.000596959491578 0.000467522503593 2.89926991143e-05 0.000882328400536 0.000698360294291 0.000510339872252 6.54766580114e-05 3.28983192922e-05 6.55223376196e-05 0.000495991114367 1.18384350627e-05 0.000216298322548 0.000103909017048 0.000246881384442 0.00013093511246 3.01864097905e-05 0.000664928414642 0.000620259340124 0.000817518097379 0.000779507981463 0.00072543589237 0.00027540052128 4.28517110992e-05 0.000212492928769 0.000639053114897 0.00015586681893 0.000710266192523 0.000372317326567 0.000287420800217 0.000179991730503 0.000268299318534 0.00026922724877 0.000108998026267 0.00109738326482 0.000340435324544 0.000285531290988 0.00107560925849 0.000540933794875 0.000716164727858 0.0010504761177 0.00102975602894 0.000468220249729 0.000470411409652 9.90878546071e-05 0.00083563858556 0.000808662547959 0.000750998066898 0.000504838951128 7.74123396985e-05 3.13157122257e-05 2.51202719234e-05 0.000503956945456 0.000377198269671 9.77383026506e-05 0.000247722326845 0.000123151280066 0.000454587354758 0.000164414384373 3.57622431454e-05 5.95704119586e-06 0.000305463162502 0.000579799595633 0.000107406633803 2.86581642943e-05 0.000994163343912 0.000720879603552 0.000455935699527 0.00047844739097 0.000593757132721 8.41682455631e-05 0.000143983778412 0.000347426042925 0.000260653806873 0.000457195385893 0.000447679497443 0.000193854431983 0.000329880908772 0.000375297579208 0.000727066552778 0.000613150620956 0.000223727375194 0.000664283742062 0.000395369547425 3.76895706985e-05 0.00148283198486 0.000614136439894 6.26803737274e-05 0.000228438448976 0.000332326873097 0.000208539765467 0.000164226126158 4.2987544899e-05 0.000324215359502 0.000354523864815 0.00061333269476 0.000155816049116 0.000492982966507 0.000184321628311 0.000280910855975 0.000843317591535 8.80010300479e-06 0.000336174325416 0.000612970401768 0.000452359384595 0.00024235149662 0.000287012670485 0.000422237930772 0.000332802392159 0.000312011662208 0.000343103768992 0.00019210904974 0.000232703794696 6.2119710142e-05 0.000158099286558 0.000171350818035 0.000771707320186 0.00025447019037 0.000235503307695 0.000249654915825 0.000249002707422 0.000795293072673 0.00072796579788 0.000281331785345 0.000470599778854 0.000413160962187 0.000371790190271 0.000794047751528 0.000301223893164 0.000372732207646 0.00042548660153 0.000106914129664 0.000471584737928 1.48854147537e-05 0.000440566312353 0.000613618050002 8.53429828377e-07 0.000151767597845 0.000645278370694 0.000376868957865 0.000333663597814 0.000731409112398 0.00022362413491 0.000738721240742 0.00129809533418 0.000267353654029 0.000126740507112 5.2158225475e-05 0.00169070035864 0.00137017937234 0.000910696866104 0.000283296445413 0.000203767567059 1.6062457509e-05 0.000569905058748 0.00023197008444 0.000475127165805 0.000167822659304 0.000798752178098 9.95405836142e-05 0.000373087761023 0.000402206337189 0.000164989005285 0.000254735639428 0.00121435833126 0.000425539529134 0.000534723169123 0.00110778787233 0.00050237902537 0.000266768877825 0.000340400680078 0.000323921404708 0.000886506252656 0.00125182981531 0.000551599787849 0.000779500615928 9.64866680613e-05 0.000375091010502 0.000403195223391 0.000274019453154 0.00156082390845 0.000247118569687 0.000485227885652 0.000265631320055 0.000558607659259 7.04247694122e-05 0.000329833203648 8.10453351921e-05 0.000374251591279 9.26169258138e-05 0.00125973122925 8.74058506906e-05 0.00160564051043 1.31718471454e-05 0.000391867217603 0.000163562791579 0.000661123816773 5.28675990842e-05 0.000265014880681 1.3885941264e-05 0.000536520699788 0.000129067506669 0.00116507210677 0.000428946066837 0.00121866014078 0.000475444827674 0.000400544150511 0.000101813818513 0.000602122609822 0.000330605264613 3.07759801345e-05 1.11546571459e-06 0.000460524296106 0.000234700472372 0.000311128763382 0.000385529988065 1.72314910838e-05 0.000268418155103 0.0007024208083 0.000421666470736 0.000379956321448 0.000712044968293 9.17101980795e-05 0.000696542673588 0.00057188736984 0.000204783572956 0.000490132355709 0.000465652291772 0.000378859166682 0.000502330414158 0.00064758571317 6.77941628851e-05 0.000204925939161 0.000184340843286 0.000153777199876 0.000247495426468 0.000354792497501 0.000375441430457 0.000967741860801 0.000152498642477 0.000210331320004 0.000195689874801 0.000452857863082 0.000388654330567 0.000336468232271 0.000275556724366 2.46472842096e-05 0.000289719009537 1.55207852921e-06 1.34576306422e-05 2.39692286815e-05 0.000202833362945 0.000412162561613 0.00032780664977 0.00048964993845 1.04774179742e-05 0.000188711817293 0.000749511007198 0.00017606901486 0.000145294374064 0.000101833846594 4.24995063301e-05 0.000271187747169 0.000291398907514 0.00022531337502 0.000101860658001 0.000211184093795 0.000121918063756 0.000188877917881 0.000274544715975 0.000204456967508 0.000245225185101 7.34822007037e-05 0.000502114756072 0.000259835226322 0.00112256516063 0.000189488298372 0.000837683242258 4.92135096361e-05 4.98539316773e-05 6.49766946549e-05 1.00784157864e-05 5.56478249223e-05 0.000445892377296 0.000443924931141 4.68090114047e-05 0.000270198843177 0.000235671630703 1.65115004715e-05 5.42019322476e-05 0.000626012278927 0.000426395679174 4.52997426306e-05 0.000734849084882 0.000111247985962 0.000642291772375 0.00037578839406 0.00125471101385 0.000306127868532 0.0004967020042 8.74579313689e-05 0.000413367423192 0.000501049902883 0.000778623931671 0.000222965261134 0.000387250158627 0.000302117635575 0.000224952597834 0.000921442646033 0.000641997495171 0.000987512543239 0.00118140462863 0.000148535571681 3.69865774067e-05 3.03514107343e-05 0.000208853074776 3.08587380722e-06 0.000477709307281 0.000755969164755 0.00100354706536 0.000254093247388 0.000228445586745 0.000620522204139 0.000264835822329 0.000800835790334 1.40637145039e-05 1.31282371803e-06 7.74273868731e-05 8.70325491729e-05 0.000338465544308 0.000430769853128 0.000346028089675 0.000434031644995 6.86410436803e-05 0.000330650755952 0.000310526529789 0.000335451719779 0.000513885276135 0.000161051664295 0.000142655224701 0.000297467671539 0.000205094611662 0.000219580901652 0.000681960256827 0.000426002594055 1.68503116499e-06 0.000667146902702 8.04217895894e-05 3.27090239298e-05 0.000460315930294 0.000298494152591 2.62007209595e-05 0.000203892657594 0.000577833374387 0.000601267604156 0.000441928936525 0.000202333905591 0.000788727608464 3.27967462114e-05 0.000355693673435 0.000563834505401 0.00100651548619 2.0285597628e-05 7.19970428387e-06 0.000612583084695 0.000214359733755 0.000600480953136 0.000555427591721 0.000369913158072 0.000346591094411 0.000313912577805 0.00075353843391 0.000806762782896 0.000414250565236 0.000822401461136 0.000163764257755 0.000174379988266 0.000309182811724 0.000606954657768 0.000255454810548 0.000709626705281 0.000320824976347 0.000609083467656 0.000230567780556 2.8749106405e-05 0.000432385667112 0.000530364042527 0.000530693143341 0.000164139678612 0.000398679911092 0.000225188097739 3.62607426587e-05 0.000200249010687 0.000375814076168 0.000646507953543 3.80085336651e-05 0.000139876526251 4.59448732786e-05 0.000311369958908 0.00050506927795 9.5831571625e-05 1.97276241672e-05 0.000585165269654 0.000410525678763 8.13519485615e-05 7.03572699212e-05 0.000686163609869 0.000289185687896 0.000172332330025 3.56592540398e-05 0.00026777176071 0.000335294693744 0.000112935140058 0.000377436367001 8.24433785684e-05 0.000125077532029 0.000297876217915 0.000545949255553 0.000672627976486 0.000563559088749 0.000280598111007 0.000422789335956 0.000450100802332 0.000416835831265 0.00031848008884 0.000156745204335 0.000489911759196 0.0002409331601 0.00102735591325 0.000868969927701 0.000359312969646 0.00096515910998 0.0011978910001 0.000374922195396 0.000915640567334 1.07191448549e-05 0.000370625185025 0.000483751104724 0.000737362816285 5.47718653972e-05 0.000203022290405 0.000246468974473 0.000954100864758 0.000108141635285 0.000789047593064 0.000398587580153 0.000119924604934 0.000588613624982 0.000946596326352 0.000408245134129 0.000993976633343 0.00094384191433 0.00105248878025 1.63881085564e-05 0.000155348369605 0.00035558488377 0.000182656005053 2.2845798727e-05 0.000326580280297 0.000581453724662 0.000302983617557 0.000402387411216 5.5011199679e-06 0.000711374036227 0.000238979824575 0.000507917569858 0.000208127636657 0.000638041552994 5.33400126711e-05 0.000212271643417 0.000590246579732 0.00059975247828 1.63896450941e-05 0.000693128843935 0.000433420677688 4.11331449796e-05 7.95865450931e-05 8.507326587e-05 0.000444353522648 2.8685809041e-05 2.234725319e-06 0.000386103356286 2.63919290957e-05 0.000645245114601 0.000775291008848 0.000855299285599 0.000377075693182 0.000332300489065 0.000426131899885 0.000478432243029 5.60087435972e-07 0.000338964385419 0.000166349496594 0.000661407752768 0.000445758986447 0.000109139468646 0.000794511687931 0.000345933000846 0.000487270760348 9.90662819928e-05 3.10284209088e-05 2.99251444241e-05 4.39376516802e-05 3.83404407809e-06 0.000238614533727 0.000386994426807 0.000278186670166 0.000217587311902 0.000167706478247 0.000806774655075 0.000556113816002 0.00165609326887 0.000389460247706 0.000163227164301 0.00129595513214 0.000761866846978 0.000363327054655 0.000815650983329 6.74626522911e-05 0.000286678500354 1.42486756934e-05 0.000183058808738 0.000378755189109 0.000920374876704 0.000595993046307 0.000612227835385 0.000306505494572 0.000242765638094 0.000326252486153 0.000223838736558 0.000410520518449 0.000165397199813 0.000117748567218 0.000155873326626 0.00012104135945 8.99109638638e-05 0.000961588972087 2.01730698165e-05 0.000106934945799 0.000556770330813 0.000868148460323 0.000567211833324 0.000184388945447 0.000737680631515 0.00086114311461 0.000346983724442 8.43806356446e-05 0.000336107367555 0.000640152763159 0.000390284641761 0.000818039184053 0.000448328214597 0.000579419873645 3.91816526831e-05 0.000270580588577 0.000373607175413 0.000303793867009 0.000796307881919 0.000147730713561 0.000257247660275 0.000734041021867 0.000291573521615 0.000713885043469 0.000374373774059 0.000142650746837 0.000699954105944 0.000476304709106 0.00030675425917 0.00015191035351 0.000356157745606 0.000229632845069 0.000643860158614 0.00117323412254 0.00042009115367 0.000460535223195 0.0013871630708 0.00031198760287 0.000293479919329 0.000363156780053 3.14746095222e-05 0.000150465634523 0.00058783409437 0.000462975658223 0.000101201853532 0.000305881168411 0.000458745365963 0.000383380325898 3.27913924084e-05 0.000264696271507 0.000481744227429 6.76152963035e-05 0.000465432275147 4.2820196868e-05 0.000214311106286 0.000473030852844 0.000552522457268 1.79769139045e-05 0.000240130373422 0.000522053753187 0.00050756577453 0.0005845859692 0.000359753550622 0.000379504758573 0.000606173921582 0.000373837514089 6.92501981157e-05 0.000133525788537 8.82068765082e-05 0.000249367136903 0.000830880745621 0.000469880532783 0.000204984082469 0.000123782631673 6.69891214026e-05 2.94483106396e-05 5.80214621319e-05 0.000221755961683 5.9706168449e-05 7.4634007869e-05 0.00135650732278 8.73095342678e-05 0.000223925807131 0.00126672680341 0.000750437363949 0.000121135777877 0.000184557377602 0.000216879316612 0.00138065153326 0.000179365988939 0.000350163837597 0.000982672162107 0.00014906664364 0.000178317408687 0.00068725312411 0.000460071322802 0.000543737756645 0.000289418267908 0.000162922572093 0.00017932746808 0.000530345464695 0.000575697272517 0.000416680539706 0.000503584394812 0.00037311745512 0.000109450088483 0.00036851313885 7.96008661505e-05 0.000229446338438 0.000436220025733 0.000411772023179 9.44467309018e-05 0.000221503223479 0.000858083850115 0.000960300113797 0.000989095250658 0.000489743344683 0.000100038012995 0.00028489412506 0.000188561908849 2.07919484487e-06 0.000247076470623 0.000133926236893 0.000151873311301 4.26815443515e-05 0.000337836551093 0.000387376924619 0.000191291719182 0.000542934312796 0.0011391380553 2.39128450878e-05 0.000578024730605 7.27290556576e-05 0.000672237563585 0.000124861843664 0.000790606417729 0.000947384133069 0.000332364191782 0.000245003273915 0.000469032356707 0.000499985997754 0.000367873272437 0.0003249859947 2.46458858488e-05 0.000170822395225 0.00021099409204 0.000312426930924 0.000261687899002 0.000442711798386 0.000150991942016 0.00019272847727 2.12082325666e-05 0.000161555212199 0.000332975476375 0.000395573504556 3.19749990935e-05 0.000324780398339 0.000172682117845 0.000156983896237 0.000144299530018 0.000446002928529 0.000485164166318 0.000302333889134 0.000124500097642 0.000243753368238 0.000322765610668 0.000311120943997 0.000709334875461 0.000215364301116 0.000233632053815 0.000185957888722 0.000477759344878 2.40403639122e-05 0.000784517763839 0.000378968993997 0.000436295887548 3.92526496505e-06 0.00036049490039 0.00011918604596 0.00122985972847 0.000172378183363 6.86309590743e-06 0.000145200519895 0.000285936954749 0.000596164853444 0.000514494264605 0.000590446281838 0.000239999585574 0.000630484517681 6.38537428991e-05 9.34148592155e-05 0.000368637718981 0.000255922052368 0.000171038722942 0.000595058612167 0.000227651153718 0.000198296414837 0.000480298569912 0.000366042079439 0.000758102091708 0.000432031980174 0.000262232326527 0.000291430802765 0.00066737543976 0.000159662017652 0.000976380705289 0.000867276883677 0.000309476831313 0.000171978884902 0.000246988399899 5.44951480206e-05 6.70951249638e-05 9.87400631334e-05 0.000134158822437 0.000445409370061 0.000187906820186 0.000425821640508 1.81591762253e-05 2.16397613793e-05 1.01754169084e-05 0.000337787691405 0.00053615237018 0.000337670553121 0.00131485339005 0.000554553792812 0.000407740077955 0.000646709689176 6.90113541984e-05 3.10896044692e-05 5.87070842556e-05 0.00040939730466 0.00103862809534 0.000292982547851 0.000134343810557 9.06300039111e-05 9.57641292106e-05 0.00016296590878 2.12651417436e-05 0.000294148512866 0.000467454294267 0.00015638277189 0.000357510061792 0.000305933826148 0.000283611242217 0.000451564259262 0.000271786565591 0.000142816483535 0.000300545643111 0.000261374179396 0.00038428948243 1.04779869549e-05 0.000376581525569 0.000463293202309 0.000232389193594 0.000145697749468 0.000130788237716 0.000441573241972 1.52365262059e-05 3.13583417746e-05 0.000381084222173 0.000242449658012 0.00034295376359 0.000109619963996 0.000537116174482 0.000374113292869 6.09155665496e-05 0.000461277978007 0.000528648524443 0.000676277969901 0.000483539353682 8.407010912e-05 0.00033788550452 0.000427703018107 7.37284775479e-05 0.000426213487792 0.00123318871565 0.000599116998787 0.000727833951972 0.000301956233137 0.000194031831662 0.000489359420675 0.00106695061074 4.07851989525e-05 3.38485513481e-05 0.000172386157748 0.000568262133316 0.000975336439106 0.000861162603163 0.000421505253017 0.000280391738189 0.000205551193747 5.46972047859e-05 0.0005666931121 0.000169098618542 7.97449249771e-06 0.000421300066621 0.000330662753465 0.000312807605896 0.000388386535177 1.13476109482e-06 0.000989408912689 0.000272788912259 0.000395904555553 0.000612650385494 2.00986523002e-05 0.0012321491351 0.000526782001897 1.77663253394e-06 0.000381311147119 0.00046246876582 0.00117821360714 5.01310829619e-05 0.000818985083742 0.000228050238668 0.000808573283385 0.000142163920203 0.000174152962429 3.00438913321e-05 0.000412728595382 0.00118528237102 5.52108960985e-05 0.000391096605262 0.000481608475526 0.000449586734172 0.000554182285572 0.000161488427002 0.000266995500953 0.000427213181875 0.000700543685771 0.000483971224874 0.000338727071113 0.000447619864741 0.000935407740655 0.000119230628039 0.000255683098938 0.00073863333325 4.76122189625e-05 4.23621120043e-05 2.33887525834e-05 0.00112131681536 0.000658380370977 0.000113850094646 0.000935103949465 0.000281880502239 0.000108938621835 0.000183891261345 1.36381365135e-05 0.000410273903683 0.000413409967261 0.00045566146904 0.000164312912485 0.000156689667195 6.74062287974e-05 0.00015506949199 0.000223613877865 0.00023257529862 0.000397814487299 0.000621655987661 0.000485707899672 2.02617715142e-05 2.84892379934e-05 0.000135588479404 0.000108359341644 0.000232565965359 0.000131785739226 0.000527554227072 0.000143785628305 0.000635813318432 0.000497768949722 0.000459793929114 0.000596480291922 0.000186386347552 0.000643276539864 0.000295117690139 0.000333152927608 0.000107872309206 0.000216875997064 6.08975531618e-05 9.98362885135e-05 0.000264070260644 0.000561841837045 0.000153735607763 0.000327448074753 3.88639738939e-05 0.000211167701807 0.000927153693519 0.0001436179204 0.000197158070761 9.4762392133e-05 0.000208523241021 0.000227710607741 0.000312044271619 0.000317880220133 0.000632340093522 0.000513200585181 0.000198358628944 8.21644066402e-05 0.000232619745565 0.000552917574253 0.000360954669174 7.82636646474e-05 0.000535162209467 3.14087744037e-05 0.00121207030848 0.0002206798019 9.20717927632e-05 3.18766329975e-05 0.000117713450014 0.00013253679689 0.000396164652043 0.000501631160255 0.000155729771985 3.62389462647e-06 0.000147531015995 0.000397240830847 0.000451444633749 0.00023840064663 0.000329531869328 0.000141834454045 0.000350063668925 0.000116046937242 0.000230275753607 0.000291622175547 0.000618135911043 0.000333656447816 3.4055926094e-05 0.000489062918294 0.000791795739361 0.00124172957023 0.00014035820107 7.26569064655e-05 0.000317971130608 2.84993046032e-05 0.000135083345415 8.34230461704e-06 2.25943680061e-05 1.7477198266e-06 0.000103797848893 6.25568061594e-06 0.000319226090473 0.000156831183978 0.000249638887473 0.000173732909086 0.000424530875279 0.000263711896102 0.000366631945646 0.000114317287183 0.000185645206312 0.000170411250487 0.000311699985908 0.000147340935651 2.16758072542e-06 0.000271737867096 7.81672786063e-05 0.000212935675523 0.000319136816325 0.00013369233744 0.00026916277629 3.28827263365e-05 7.17459895266e-05 0.000111087662475 0.000598739929664 0.000444795142699 0.000314425093119 3.03582217132e-05 0.000575227528131 1.75383860673e-05 0.00035260250042 0.000147522762786 0.000165601322688 0.000766018206909 0.000895440764521 0.000528706736496 0.000420483708739 0.000310772763213 0.000103296960103 7.44623390992e-05 8.926144972e-05 2.34198991116e-05 0.000315326177151 0.000203589581514 0.00091312473481 0.000863519124405 0.000150082920605 0.000517498746327 3.20487489403e-05 0.000304179040225 1.35926922503e-05 0.00010780088735 0.000329479406808 0.00061355963855 0.00162996142032 0.00143785909344 0.00017557382605 0.000789236425152 0.000410104919213 5.68382178808e-06 0.000165178129729 0.000135950798145 0.000407695421121 0.00042929747714 0.00021472485717 0.000307537661234 0.000346246781394 0.000140066388563 0.000433527388828 0.00048755952629 2.57151119829e-05 0.000285965109866 0.000188642173175 0.000820325530285 1.16198127432e-05 0.000153870410003 0.000144988931378 0.000145756423831 0.000106235136521 0.000200051957532 2.61161209396e-05 0.00045452033671 0.000293882522358 0.000319371636762 0.000648441358629 0.000745585987902 0.000386087789852 0.000651490916932 0.000369169452219 0.000244357156627 0.000824932130212 0.00061806276187 0.000422519076245 0.000252663980099 0.000395557685923 0.00013583833602 0.00028136179441 0.000116078630686 0.000807259272124 0.00080036179181 0.000829873780638 7.59189475432e-05 3.82221924048e-05 2.57045338258e-05 0.000460656016904 5.66325238028e-05 0.000501107289961 0.000754777721882 4.39144079347e-05 2.00625822358e-05 0.000532421015614 0.000550642511372 0.000316632230459 0.000619318755509 0.000329063249455 0.000650136922033 0.00041927189931 0.000415670484832 0.000315531730965 0.000510341297368 8.3549161674e-05 0.000653752131886 0.00017540056054 0.000299810135594 0.000514694856439 0.00071651826817 0.000400667466766 6.90756910448e-06 0.000164723991563 0.000500711028865 0.000589691242031 0.000565673924204 0.000229956434167 0.000387790626601 0.000337249568783 0.000672284060455 0.000759478901554 0.000759873090703 0.000789435860432 0.000185651836744 0.000254717430962 0.000503351260495 0.000337263248589 0.000407117266868 4.18447284699e-05 5.88111508432e-05 0.000393490578637 0.000517207652708 0.000345699628714 0.000506372983433 0.000184075943269 0.000738777217013 0.000216382972389 0.000702060323046 0.000131961575453 0.000248021699322 7.92925946366e-05 0.000777367949976 0.000279358432577 7.90861801533e-06 0.000461640724311 0.00037147024154 9.71435564037e-05 0.000376010813838 0.000413971556718 0.000558429894619 0.000842221859021 0.00102956395933 0.000117054865498 0.00036554318536 0.000325662311595 0.000549150926771 0.000430360248187 0.000902214191063 0.000337671563328 0.000193273937431 0.000361554478215 0.000185096115165 0.00031991397126 3.82414990597e-06 0.000191276069796 4.24624562537e-05 0.000421950100441 0.000373503241202 3.81614763727e-05 0.000210474895301 4.26925598817e-05 5.61487557993e-05 3.08035148848e-05 0.000350023708531 4.96888624806e-05 0.000370724307381 1.89647911936e-05 0.000530744324835 8.94556290298e-05 0.000269706586479 0.000170529133875 4.17395369048e-05 0.000138089076712 6.57647421608e-05 7.56747612887e-05 0.000513613220753 0.000889271624608 0.000793158121281 0.000558170917169 0.000649988832915 0.000213761470431 0.000316525298069 0.000826384474263 0.000407734737132 0.000220319676695 0.000225115418392 0.000347304184257 0.000288899669201 0.000117537291523 3.46964289803e-05 0.000212695618452 7.86897466675e-05 9.13888441698e-05 0.000298160279751 9.81490738366e-05 0.000216500004696 0.000138593945996 0.000229011019566 0.000271868061903 0.000629980126392 0.000121730831485 0.000335692524179 0.000408959094317 0.000403516147218 0.000288220828967 0.000475121756448 0.00020297660365 0.000343165214534 0.000446299761343 0.000397854406702 0.000785514370148 5.2253804243e-05 0.000703509466069 0.000414078609701 0.000129903721105 0.000479748575223 0.000679568505235 0.000382485874452 0.000624175166341 0.000270213519569 9.28754283624e-05 0.000487722472109 0.000353127114986 0.000250875713306 0.000367680656468 2.5082125846e-05 0.00059530056027 0.000135146153181 0.000147635451155 1.85106877831e-06 0.000481762478227 0.000462261810713 0.000815195235192 0.000541183001142 2.27620366475e-05 9.63258524259e-05 0.000488826338525 0.000640472748114 9.31138946402e-06 0.000260069419322 8.77104437824e-05 0.000379042339892 8.8636069884e-05 0.000179693005457 8.13502788254e-05 0.000254538597075 0.000186743414023 0.000164177480697 5.438765068e-05 0.000179893018075 0.000114304283558 0.000692443894586 0.000335744043625 0.000328107595391 0.000297939698661 0.000327451868943 0.00075986489866 0.000538622838938 0.000645957219653 1.00043305488e-05 0.000187451924383 4.71880814499e-05 0.000456204765554 0.000339763968257 0.000145089268964 0.000435442607062 0.000165538805822 1.19410650818e-05 7.43476955802e-05 0.000127326458233 0.000359709936946 0.000418523837423 9.86320333862e-06 0.000236718717783 0.000341251331282 0.000321056125103 0.000265528537678 0.000348677299816 0.000461413435322 0.000307453330902 4.52662745698e-05 0.000189187766012 0.000422415987955 0.000133766799627 0.000175504706993 0.000446168019002 5.86657406666e-05 0.000261386797944 0.000404706312953 0.000270187905165 0.000217310065046 1.75577233336e-05 0.000432893221512 0.000290121891378 0.000375900259584 0.000212020359273 0.000474761183735 0.000576798503302 0.000617103233877 0.00016946488259 0.000432863627247 0.000238371490873 0.000630594877307 8.70497198378e-05 0.000177753526757 0.00075599009252 4.59672051579e-05 1.8041446228e-05 8.64205427261e-06 0.000630440329121 0.000230658723124 7.91937134308e-05 0.000102144908531 0.000607148802978 0.00069775749865 3.59304239589e-08 0.000214122927213 0.000222984822449 0.00053366492609 0.00036472013328 0.000218554627973 0.000737597799786 0.000585628866271 0.000950807861681 0.000564029277237 1.03620798723e-05 3.03491476504e-05 0.00011844382631 0.000150422883485 0.000166988803244 5.31958637073e-05 0.000537387491069 0.000174442568126 0.000123423854283 0.000973873096877 3.63230242579e-05 0.000264436847424 0.000167320869106 0.00113247658093 0.00044839378972 0.000438354693398 0.000285553761441 0.000661573305904 0.000565034316228 0.000179612546007 9.59513114338e-05 0.000493330945898 0.000243727750285 0.000630938982632 5.98200777077e-05 0.000816731079778 0.000373629416862 0.000412116269086 8.4062066656e-05 0.000582824875379 0.000415820980413 0.000324319628552 0.000608884228072 2.85092766889e-05 0.000389848289232 0.000152904487257 0.000279202685579 0.000123014086363 6.35394187446e-05 0.000358207903302 0.000611241854691 0.000371709584738 6.12488344767e-05 0.000261622271309 0.000363613168807 0.000372413759379 0.00022382719677 0.00040511551567 0.000449499877354 0.000237357949265 0.000128175931536 0.000686647753753 0.000614617848171 0.000395364137326 0.00059589345994 0.000356227579294 0.000382735095047 0.000374404122675 0.000477682628868 0.000377451159081 4.27282254597e-05 0.000278027632256 5.0244928885e-05 6.00089517898e-07 0.000149178170717 0.000146775934509 4.47794936138e-05 0.000560602426406 0.000202702700067 0.000234362513511 0.00040377009647 3.84001434536e-05 4.32205160186e-06 1.19097353727e-05 4.8045335358e-05 3.24396158793e-05 5.64706429227e-06 6.50219147444e-05 0.000348025263862 0.000663195726594 0.000537950409048 0.000308939570207 0.000497566011948 0.000230224986531 0.000394271203053 8.27685924134e-06 0.000314467609249 0.000221507942865 0.000165928270494 0.000111699086659 3.4569678368e-05 3.96966832821e-05 0.00012819063339 0.000447148317419 0.000427895302189 0.000264414853049 0.000286745321931 0.000317164823442 0.000281569417992 0.000388013102985 0.000118856552563 0.000278388172329 0.000522700765492 0.000267584378309 0.000128129135928 2.60224525576e-05 0.000211892342786 0.000279790311924 0.000281584291417 0.000494656645915 0.000130754909679 0.000163457644529 0.000182839679711 5.35367095499e-05 0.000263644541032 0.00146309206596 0.000231618949968 0.000369728828696 0.000232282741352 0.000585500133425 0.000215869582255 0.000162616634078 0.000104865240314 0.000262783747777 0.000227230046066 0.000551703488397 0.000419775734278 2.97168555982e-05 0.00060472590268 0.000282624294699 0.000262828748236 0.000646114679982 0.000599425193244 0.000411584417549 0.000671640802594 0.000361447447165 0.00049703752756 0.00109724075947 0.000373780256868 0.000379536155517 0.000412932356577 0.0010455780814 0.000192140627502 0.000278693192581 0.000218915922251 0.000538071247066 9.133570799e-05 0.000310112969473 0.000652132933532 0.00014673084778 0.000319112070598 0.000769473596235 0.0010704316072 0.000318268391618 0.000570535757429 0.00032403239327 0.000256020040771 3.71703939366e-05 0.000314818978779 0.000236568423142 0.000467768131045 0.000178355208981 0.000337204209693 0.000398935608457 0.000126634995491 0.000204787928507 0.00117167655185 0.000543057714495 0.000794781147545 0.000202604954777 0.000107060777008 2.14012868529e-05 3.0967263004e-05 0.000187012277386 0.000563423170793 0.000137073886727 0.000136882354668 0.000299867549917 0.000353166465606 8.76424061537e-05 0.000283848363346 0.000226788181081 3.41818277312e-05 0.000233500391469 2.01366561848e-05 2.56689408273e-05 0.000684459647279 0.000465968192317 0.00031828150449 3.906436191e-06 1.96124922452e-05 0.000301278120496 0.000825692652406 0.000183162642992 4.95837490979e-05 0.000145867554065 0.000525301249023 0.000151869303321 0.000244440972621 0.000334660060345 0.000266476865997 0.000301208317211 0.000318059458015 7.25793809864e-05 0.00022304235612 0.000688200887725 0.0006255192904 0.000578390855686 0.000145559974073 7.14611624922e-05 0.000252582359274 0.000302452921523 0.000130530374829 0.000739108306311 0.000415730920171 0.000341659959989 0.000186423010126 7.08067040892e-05 0.000139441682222 0.000386552164609 0.000177547712428 7.99548438642e-05 0.000178611450404 0.000185759370667 0.000423419261999 0.00054924276658 0.000928204647351 7.87317303193e-05 0.000644145578218 9.05706791497e-05 0.000396955867126 0.000201043850076 0.000111858909506 4.71088862746e-05 0.00012894021759 0.000497988084543 0.00063787323834 9.60464270834e-05 0.000383017784388 0.000497329419705 0.000334882713745 0.000436509164525 3.69872525685e-06 0.000195888504953 0.000297051989784 0.000227604835109 0.000118433303837 0.000269705158848 0.000102147335226 0.000105171901879 0.000163566328878 2.32796509304e-05 0.0006535595501 0.000315746153572 0.000357989354224 0.00017644641077 0.000173356359297 2.17679912342e-05 0.000229262625253 1.66803762234e-05 0.000152896080314 3.97011639597e-05 8.35935293423e-05 0.000685306219517 0.000664731783403 0.000283469123167 7.29535196264e-05 0.000215142479344 0.000332387571899 0.000163792360257 2.64559176808e-05 5.53745111817e-05 3.88697834201e-05 0.000227036379908 0.000195761802137 0.00034506869191 1.06763251612e-05 0.000149246092524 0.000277638697396 0.000453897376925 0.000140391314135 0.000393817665238 0.000767662970428 0.000185263808162 0.000405535972972 0.0001202246379 0.000447915275258 0.000367840000045 1.49509974338e-05 0.000459431129082 8.84295181448e-05 0.000197849033395 0.000259497601504 0.000670721163492 0.000473386217792 0.000517635816845 0.000325574435714 6.00688847017e-05 0.000597506099013 9.9747890505e-05 0.000296442484594 4.66181241035e-05 0.000382974977365 4.94242836078e-05 0.000531376329028 0.000435072219794 0.00085328800772 0.000802033964978 0.000316656680936 0.000455057649146 0.000466253721936 0.00037084354834 0.00028423649898 7.37133797832e-05 0.000123326887478 0.000105713880409 0.000189357412553 1.05271821625e-06 0.000639672831386 0.000410714642181 0.00016622852151 2.89874570446e-05 0.000928503703983 7.76492430157e-05 0.000372941104419 2.04609399398e-05 2.6085707996e-05 0.000217540407926 0.000276664704799 0.000238110107575 0.000347752944795 0.000609696209361 8.78865917024e-05 0.000283365556899 0.000303425500648 3.30755024881e-05 0.00036621937529 0.00015732315977 0.000228584028419 4.47762166087e-05 0.000185377593369 1.38842468453e-05 0.000458979956056 0.000195115965254 0.000154674183092 0.000122022269322 1.45903340151e-05 0.000184302179603 0.000214421963218 0.000256015935689 0.000634005132284 0.000262517255045 5.33745767543e-05 0.000106516905959 5.84075705464e-05 0.000420069926896 0.000475946244174 8.05547952039e-05 1.44641821336e-05 2.76442950786e-05 0.000438104745688 0.000147825746884 0.000428837390312 0.000386518106055 0.00011021800803 0.000218395598454 0.000214805547155 3.88606099159e-05 7.89968007392e-05 6.30454265472e-05 0.000641380552135 0.000135397316592 0.000256202749688 0.000147887522036 0.000317628236222 0.000155902898017 7.31506355815e-05 0.000314008294467 0.000236367053068 0.000607424580637 0.000123678491791 0.000329717338105 4.07654982784e-05 0.000190550841838 1.73540035941e-05 0.000305152913693 0.000342283894288 0.000247795242652 0.00030128922041 0.00033077122454 0.00027097188763 2.70322156999e-05 0.000297045972722 0.000306964882916 0.00045371902126 0.000522135627411 0.000704594998164 0.00015869990463 0.000188515806275 0.000875736067382 8.75392731005e-05 0.00041853805872 0.00039508527408 0.000313912661576 0.000447365040771 0.000304854964413 0.0010252467534 0.000417640521229 0.000120668690945 0.000169611664119 0.000484672844124 0.000318344480707 0.000729575792806 0.000568790102831 0.00017331387949 0.000290759969954 0.000253881087862 0.000186918494146 0.000118018178692 0.000258232287864 0.000242248291171 0.000171893018993 0.000473784012537 0.000287420574512 0.000158714098085 3.60488361113e-05 4.73484262291e-05 4.15176718236e-05 3.43142852147e-05 8.33956109109e-06 0.00013109218137 0.000219076779641 3.08430770708e-05 0.000188320059818 9.37179846422e-05 8.18107786302e-06 0.000280906442852 8.2028328334e-05 0.000140353059961 0.000277513009519 0.000163896401488 1.22522589596e-05 1.19540835276e-05 3.57549253185e-05 0.000291456671102 0.000264123480736 0.000130395879262 0.000907326870934 4.81005171449e-05 1.96985263253e-05 0.000307825750538 0.000313047645874 0.00019671478986 3.22553584314e-05 0.000258468106209 0.000213898210007 0.000404115898575 0.000716895083271 3.72257162176e-05 0.000246583011789 6.74703838389e-05 0.00012662747107 0.000184309545254 0.000221333169645 0.000200618023763 0.000127533463678 0.000163365181127 0.0001188992375 5.66072464344e-05 0.000176844735704 1.10268274675e-05 0.000958602325878 0.000259128865677 4.51191190928e-05 0.000892771051023 0.000668607990407 5.72125761269e-05 3.02985993867e-05 4.14352380602e-05 0.000383170144599 0.000160425605493 7.2141677618e-05 3.40784072036e-05 7.95421473223e-05 6.53834038855e-05 0.00032508951216 0.000521211951349 0.000214572208521 3.14031617892e-05 0.000147306753796 0.000578521813422 0.000190949362593 6.0258070233e-05 0.000269590146225 2.90547750327e-05 0.000273233277755 0.00010968510394 0.00025851765279 0.00034552557756 2.32174504531e-05 0.000294730139517 0.00034850861854 0.000224371679247 0.000371635523255 0.000203277400005 0.000290460210865 0.000678610893446 5.63567846159e-05 0.000506884712942 5.98600858816e-06 0.000142502032609 0.000532370156567 7.99217195975e-05 0.000132881916426 0.000430616408142 0.000323247323613 0.000316818045491 0.000114072029974 0.000476139176288 2.46028408284e-05 0.000114179084321 0.00111298625181 0.000238280020597 0.000387076577767 0.000155064572938 0.000153128132448 0.000354891635063 0.000246234562655 0.000142066901638 0.000128349139355 7.17408974591e-05 1.38791655413e-06 0.000400556223639 0.00022393998708 2.47579957109e-06 9.12948644578e-05 2.13275098026e-05 6.24702168974e-05 4.68142961273e-05 0.000235302342707 0.000130934219542 0.000146886895593 0.000117664681499 0.000137235464091 0.000198150508315 0.000446875246875 0.000348537104876 0.000193716513604 8.54200752564e-05 3.75423681209e-05 0.000252125877704 0.000134930271936 0.000269353553298 0.000372775557299 8.88128749535e-05 0.000283772757491 0.000146097201389 0.000201332043679 1.28003542921e-05 7.40910787869e-05 0.000190863171687 0.00020407601314 1.14121559994e-05 0.000238153371634 0.000154578242375 4.23991350923e-05 5.61487275348e-05 0.000143850699966 0.000324062272398 7.85640428181e-05 0.000122160390644 0.000354293869151 0.000445921142303 0.000219625382705 2.24008812603e-05 2.04777780524e-05 2.1094052776e-06 0.000235676222537 0.000447922357702 5.68415552541e-05 1.48000610553e-05 0.000190051399711 0.000372740186328 0.000331483572889 0.000159148868884 0.000322605971838 8.77298244067e-06 0.000105796052066 0.000490591269593 0.000344604321887 0.000432240679664 0.000201885047894 0.00013895805244 3.42045769445e-05 0.000279214444294 0.000180394845033 0.000323269856883 0.00022312740691 7.90268599025e-05 7.00347536637e-05 0.000168937180584 0.000373035851727 0.000126319086282 0.00041470300179 0.000138671321876 0.000499760337385 0.000154751745258 0.00013996902153 0.000343514346304 0.000201821859186 0.000951606642566 0.000186943305696 0.000452165743616 3.31976193567e-05 0.000512963828161 8.48415109736e-05 0.000319984253574 0.000308250769041 0.000197135837807 0.00028308038558 0.000142717433324 0.000156644471373 0.000345235539942 0.000245776598192 0.000556281258612 0.000326430146499 0.00020535019047 0.000243040840909 0.000240672362412 0.000213022714292 0.000269506662018 0.00038962738024 0.000512443847659 0.000277292445384 9.40639580332e-05 0.000239629850132 0.000486869001371 0.000284794508541 0.000357707423065 3.25314768619e-05 2.56374829587e-05 6.718513058e-05 0.000186359287787 0.000192170269161 0.000144542630056 0.000438066873765 1.24402879902e-05 0.000317042047758 0.000128596235565 4.65802846153e-05 9.47090433311e-05 0.000275473637949 0.000205602768379 0.000241791129075 0.000120028466359 8.54808381847e-05 0.000661278005516 0.000203431630189 7.20380300387e-05 0.000513338354885 0.000153188807196 0.000230780910464 0.000145965356416 6.20774427328e-05 0.000124072441803 0.000631994580658 0.000165376489338 0.000383215102676 0.000280374460307 1.91141412302e-05 2.31089347317e-05 6.22336753413e-05 3.32817264484e-05 3.54498253096e-05 0.000155904490696 0.000428485582797 0.000557744456031 0.000394208661791 0.000225330947883 0.00029189765227 0.000247815163713 0.000271994332304 0.000180757027621 0.000212643183723 2.63298526395e-05 0.000553399253189 0.000142651843578 0.00042556730754 0.000176586573619 0.000103194835763 0.000130729182687 0.000145809479692 7.44195322404e-05 0.000150215680688 0.000144646415536 0.000112022287359 0.000174462502769 5.82692921645e-05 1.21450249182e-05 1.45465970103e-05 5.48430452654e-05 4.84273389652e-05 0.000931964885858 0.000391792741558 0.000358300443944 0.000438418679195 0.00040817853747 0.00010056750533 0.000184196301863 9.55395424761e-05 0.000168423125425 0.000214456631518 0.000277038780014 0.000147864246078 0.000201863333987 0.000350124814956 9.45741323698e-05 0.000514524770241 0.000144950393887 0.000331830640077 0.000131208572913 0.000107477666155 0.000152604801435 0.000647235688044 4.94477292466e-05 4.6024387733e-05 0.000453319853602 0.000310724097338 0.000222747589336 2.50898513726e-05 0.00025445606019 0.000363007938535 0.000109704034991 0.00017543799225 8.58060170994e-05 0.000208693142874 0.000108905746923 0.000269921393866 0.000290298328771 0.000201951344319 0.000162295837952 2.07385228266e-05 0.000101772998625 0.000753548668776 0.000312790693713 0.00030916367463 6.8316674611e-05 0.000497518520642 0.00032919139454 0.000244680863814 0.000100264590615 9.2658574218e-05 8.18193492222e-05 7.38360541946e-05 0.000225774091983 8.59559222393e-05 0.000129884290034 0.0003766623708 0.000218656311844 0.000429587618624 0.00010338304886 0.000118629475479 0.000516661971794 5.93466076693e-05 0.000345410032826 0.000235465752066 0.000299415809206 0.000137678228193 3.77459512721e-05 8.44742955821e-05 9.69320648955e-05 0.000175002751074 0.000384135656505 0.000144964286834 0.000217215768018 0.000216942306199 0.000285608466513 0.000311518575691 0.000184414917439 0.000310405552328 9.34298206086e-05 1.6988700632e-05 5.17600190069e-05 0.000357334415667 0.000359017644174 3.36177535334e-05 9.29481638205e-05 0.00033499207539 6.43961553015e-05 2.06885537388e-06 2.55514177893e-05 5.71824676067e-05 0.000188989820371 0.000410026076769 0.000106104232735 0.000124850476772 9.59234218296e-05 9.87909684134e-05 0.0001390661138 0.000163655261266 0.00116188785291 0.00054043661542 0.000522391455575 0.000109788886661 0.000351216163272 0.00010630636285 0.000204348384945 0.000142567702591 0.000140768468573 0.000103132285444 0.000100967130257 0.000112357193637 1.28017429968e-05 3.59189601769e-05 0.000401738811057 0.000494584836431 0.000529805303701 0.000128723248308 0.000289188224739 0.000392297274471 0.000186693599107 7.93967223176e-05 2.17849179954e-05 0.000245026491636 2.35926564213e-06 2.28164325043e-05 0.00013670623456 0.000186822013557 0.000192039620222 0.000223771194624 3.7524490118e-05 5.32911543479e-05 0.000285919282108 0.000114849723502 0.000103105893659 0.000211376799865 8.57528568491e-05 0.000115776232849 7.26923909338e-05 5.72558501665e-05 6.1728111251e-05 0.000188999968067 0.000211755405391 0.000244806085268 0.000102540740743 5.80441955505e-05 0.000270526393298 0.000237098662289 0.000244165221771 0.000121844533993 0.000154600511086 9.19453709497e-05 0.000112741371247 0.00023078221983 0.000256936474531 0.000162561725374 4.02058459006e-05 0.000129356187023 0.000124491752067 9.21259456193e-05 9.07884865278e-05 0.000143193201745 0.000100451670015 0.000157490328923 0.000210971217272 0.000167025892251 6.56295452553e-05 0.000203922635022 0.000164518774692 0.000147086029771 0.000138950814374 3.5778674527e-05 3.48784104579e-05 0.000437189686413 0.000244248349182 0.000409124620762 3.44132086151e-05 0.000507014944204 0.000119956298759 0.000148896461698 3.75554468666e-05 0.000366796240083 1.00885069107e-05 6.37920738447e-05 0.000208665534555 4.20968843694e-05 0.000229058635713 0.000218496340972 1.7068879349e-05 0.000180556352173 4.47655557634e-05 3.47952169081e-05 3.90068622412e-05 0.000292940507214 0.00011749699911 0.000156941862621 9.48363726223e-05 8.09094699009e-06 0.000221360455707 9.92440687951e-05 3.26811350975e-05 0.000163650118573 0.000154199025257 2.21809409939e-05 4.39941475329e-05 9.86583663192e-05 0.000107186360031 5.42399296607e-05 4.24711629615e-05 0.000162164756503 0.000213444883786 1.07248304359e-05 0.000190530632268 4.65089182858e-05 0.0002032525438 6.71786982942e-05 1.63271184904e-05 0.000126258823608 0.000381420857261 0.000318846340486 0.000220341411851 0.000423160142664 0.000191620053512 1.81838759763e-05 4.57651663701e-06 0.000395855935277 9.7133336063e-05 0.000166241970414 0.000114286827177 0.00015360726603 0.000130857677375 0.000282918064248 0.000172036795778 5.33472416157e-05 4.98856034424e-05 3.60084640005e-05 2.44228465138e-05 0.000226774949841 4.13361568458e-05 2.71334929214e-05 0.00040615307207 0.000153288205607 0.000148884219359 0.000396274852274 0.000409792006086 3.17887039092e-05 0.000145039012908 1.82486388117e-05 2.2089616625e-05 9.93825580917e-06 0.000268882954103 5.02240377721e-05 0.00012270158392 0.000195033805366 0.000201578018531 0.000172793572539 0.000108251247586 0.000237842977611 4.33060462689e-05 0.000153172649859 3.24616636111e-05 0.000173590920969 8.91838655284e-05 0.000218309166074 0.000245745839176 0.000136929484256 0.000157773815898 9.47322237325e-06 1.55471309813e-05 6.0442095392e-05 0.00020347076575 0.000120836756651 7.6771859158e-05 6.40340674972e-05 1.82359682994e-05 0.000188360788392 0.000144234322375 9.98587738176e-05 1.30166573386e-05 0.000108194888813 2.53031847053e-05 6.82984753029e-06 4.90701295138e-05 5.88792040947e-05 0.000100113063924 0.000145519243012 8.6859185022e-05 0.000143320524349 5.61546892253e-05 2.64895416619e-05 3.60907593422e-05 0.000236071497772 3.68189502423e-05 2.20653645869e-05 1.93156680162e-05 0.000109969023212 0.00017834373506 0.000106472706293 5.58406486796e-05 0.000324909857595 0.000152393864818 0.000112358365839 0.000129092091559 0.000217077094835 0.000283918837112 0.000100998640813 0.000192008764056 1.27322334209e-08 0.000148097555085 0.000122102363316 0.000199246408388 0.000174463293976 6.54391746744e-05 0.000193618590968 4.53896283211e-05 4.19541968068e-05 6.00426992574e-05 6.77493443404e-05 2.7460288824e-05 1.79974032995e-05 9.50272033578e-05 0.000196831038688 0.000423628987002 6.0187543416e-05 4.33216395803e-06 0.000430961456326 0.000293984328597 0.000204754665826 0.000121222570646 0.000145654866494 5.71727949091e-05 3.21789543631e-05 2.93955606674e-06 0.00020247916797 0.000199260002051 9.55759527974e-05 0.00027941010063 0.000107548328135 0.000199528931234 5.15860832908e-05 1.8863685962e-05 7.02435260054e-05 6.9437586106e-05 9.05030064999e-05 5.00391427382e-05 0.000189854552855 0.000207036476618 6.56891285238e-05 0.000140938475287 0.000161270703474 0.000232950394724 0.000100469389909 1.20665692499e-05 5.25824036123e-05 1.7876493059e-05 0.000182621337286 7.8478227109e-05 0.000161047286192 0.000142186942914 0.000220019753807 4.86236338454e-05 1.27672976251e-05 0.000119692671213 0.000257406780798 0.000279270136751 1.00694890085e-05 0.000199591061853 0.000192118062116 0.000275695205189 0.000265668496884 7.09386256147e-05 1.69639526674e-05 5.37767931141e-05 3.86648149661e-05 2.83929940021e-05 2.06806641221e-05 0.000221924290774 9.03996905201e-05 0.000109222738838 0.000179290300087 0.000170967407214 0.000260802826634 0.000106816461953 0.000194768195251 2.77308808161e-05 5.88815612429e-05 0.000267896490466 0.000263332402206 0.000215125233081 0.000176790438242 0.000112340852017 0.000329745158726 4.1881381615e-05 0.000115425982154 0.000524458849848 0.000209427980903 0.000418829145257 9.96659861951e-05 4.28311716818e-06 0.00016721148927 2.62976143828e-05 7.79097350659e-05 0.000144985900114 2.27129822371e-06 0.000178592686983 0.000224394710325 0.000365136715653 0.000211892537462 0.00014406236944 0.000127864461669 7.42069798854e-05 6.49045378662e-05 0.000151001179285 1.51123499828e-05 0.000361930751111 0.000140404373062 0.000298798413073 0.000159253566488 3.91191556524e-05 0.000115403293874 0.000148313465278 3.86923907216e-06 7.79660267264e-05 3.56483418232e-05 5.55614920492e-05 5.54273983855e-05 4.40870105693e-05 7.25038923378e-05 7.06409409395e-05 9.75939633855e-05 0.000120363945825 0.000141886777827 3.57996405793e-05 8.7840107902e-05 0.00024993137475 5.83961437451e-05 2.94897618324e-05 5.25444021123e-05 4.12311257826e-05 2.34889967838e-05 7.4370896945e-05 8.5550833673e-06 0.000128247048661 2.7981244233e-05 0.000283452036937 0.00010418862703 2.83751256148e-05 5.56311876236e-06 6.29551468726e-06 0.000101859770536 1.66146698735e-05 0.000166463268702 0.00021079739443 0.000253704866843 0.000232204749287 0.000245062586291 0.000124843416432 0.000171327119491 0.000124624252419 0.00010489342637 0.000164210635407 0.000278430667703 9.82707619144e-05 8.25412425502e-05 3.74135813337e-05 0.000115836117045 9.06252038058e-05 0.000115187386954 0.000202270695457 6.88842018219e-05 7.39425807579e-05 0.000158355570077 2.26350843894e-05 9.88023749771e-05 0.000197755216211 4.4600136795e-05 0.0002002623432 0.000263850728191 3.48539104045e-05 5.24355107663e-05 0.000189532634953 3.2282754861e-05 7.76031078569e-05 2.53237855664e-05 0.000374312796072 0.000158207751181 9.03650187956e-05 2.01133255125e-05 8.93099356918e-05 2.48951085541e-05 0.00015179848767 0.000174716765215 0.000271982586373 2.17682386799e-05 0.000283686489166 0.000322028025357 5.55207246349e-05 0.000179057103515 6.09466990043e-05 0.000363094710919 0.000235289478436 0.000105502000053 0.000104490863138 3.95713729618e-05 0.000162300935399 0.000456665066892 1.10911100776e-05 0.000127697330791 0.00012283322385 6.21121644871e-05 9.35014394773e-05 0.000146812246828 9.566600014e-06 0.000121390310232 0.00010986812767 0.000142276155921 0.000177971498951 0.000165761744908 0.000113931788414 9.35309589091e-05 6.50976409966e-05 0.000324256638043 6.50184957647e-05 0.000116028199124 6.31388026402e-05 0.000105400416251 4.15504006389e-05 2.69768583518e-05 1.35710399469e-05 0.000130158356149 0.000149330204113 0.000215972499751 4.7902802971e-05 8.16518121017e-05 9.75748889681e-05 4.30687498116e-05 1.4772381277e-05 0.000137562330863 3.71198158782e-05 2.33347528373e-05 2.22522672675e-05 5.44912340773e-05 8.00285010835e-07 9.55249621875e-05 0.000273661198217 7.75683126415e-05 0.000146332592375 0.000178918096611 0.000231320191046 0.000101504878634 7.04007875836e-05 5.83321759507e-05 3.12360557709e-05 0.000176908725581 5.08057753414e-05 3.50988590404e-05 0.000126315953452 2.4407164663e-05 5.59942027652e-05 4.97028265457e-05 9.9778397354e-05 9.61018820616e-05 0.000100704598277 1.74306633188e-05 4.39855198369e-05 3.6794575261e-05 1.24772185787e-06 5.88928293278e-05 2.52568633613e-05 4.73579471569e-05 1.2373330784e-05 2.81250046692e-05 2.40679405627e-05 2.49976147042e-05 2.10148925347e-05 0.000131370651677 0.000117383519597 9.45265577947e-05 0.000120133507855 6.2973543973e-05 9.85542628099e-05 3.54991231582e-05 2.19540486242e-06 5.59456127786e-05 1.41454580046e-05 3.70271800518e-05 4.79919767165e-05 0.000114545280958 2.06457240362e-05 4.74635791198e-05 2.69296741721e-05 2.61933391989e-05 1.44666444355e-05 3.77268320029e-05 6.75176037226e-05 5.4707393216e-05 9.48936823081e-05 2.15123487156e-05 1.75558178457e-05 6.0079834667e-05 2.1872462783e-05 2.20176587538e-05 0.000293473529251 0.000151297284725 6.66760435819e-05 2.21270848262e-05 3.5726506194e-05 3.74752324503e-05 7.21113504309e-05 3.15949615979e-05 2.17673043442e-05 1.82473388056e-05 8.19244222699e-05 0.000102295264282 9.51537638465e-05 1.58510395038e-05 3.57646512123e-05 9.3227281248e-06 1.68748596939e-05 4.94661904771e-05 4.47838804133e-05 4.68637173764e-05 2.71373085077e-05 2.30440583971e-05 6.16060656802e-05 4.30820716781e-05 3.64142869022e-05 1.42113885715e-05 2.11745266058e-05 5.85906168994e-05 0.000119910045715 5.7484445971e-05 7.2004861565e-05 7.92217120959e-05 2.0093728552e-05 3.49672920238e-05 2.95094104846e-05 3.64669714236e-05 0.000154940749691 9.06970406688e-06 0.000112032116075 0.000104725768686 3.6675963815e-05 4.63817919236e-05 9.26778437779e-05 1.6676051568e-05 2.27633116022e-05 8.93839041787e-05 5.90479172387e-05 0.000107191725668 0.000113036408749 0.000130501833661 8.31560254651e-05 0.000173071086358 3.92311686879e-05 0.000106015237935 3.39917942509e-05 4.44065447234e-05 7.82492475624e-05 5.47494085521e-05 9.68039573212e-05 2.8245058393e-05 3.51196022981e-05 3.57605575709e-05 1.24149123858e-05 4.28539944287e-05 1.80299935499e-05 0.000199835574903 9.72675278695e-06 0.000263087280683 0.000101458636482 4.15456798887e-05 5.88597844302e-05 4.69730040814e-05 1.66764499219e-05 1.71439131341e-05 1.15244870815e-05 7.09201961196e-05 3.10693087238e-05 9.29371108811e-05 5.11895423192e-05 0.000182722346525 3.37521541724e-06 4.37044187888e-05 8.14879067883e-05 8.89731805687e-05 3.61074194999e-05 5.59625358564e-06 9.93949209639e-06 2.43529461078e-05 0.000108579481355 3.59906206736e-05 9.82654405818e-05 8.18481327969e-05 9.80618000754e-05 3.91775764743e-05 0.000105219428904 2.77837645359e-05 0.000325900065253 2.47790321582e-05 4.97224935356e-05 3.24652031379e-05 4.14439324843e-05 4.5004985058e-05 3.20395258153e-05 1.60446381002e-05 9.98752618849e-06 6.21291885432e-05 1.71967478699e-05 3.90029265673e-05 1.33099698849e-05 9.49277659482e-06 2.35500721675e-05 1.29690480532e-05 1.34976088244e-05 1.83864551068e-05 3.64143330052e-05 5.99971294468e-05 3.85855539548e-05 0.000145360444845 9.83624254205e-05 5.99766937045e-05 3.57194682888e-05 0.000193374048042 4.78319174418e-05 2.41278065542e-05 4.55851845812e-05 2.61349815355e-05 7.12197552766e-06 0.000109874657926 9.31619677437e-05 1.69519001242e-05 1.63540860018e-05 2.71960394132e-05 8.80642176931e-05 4.00318787794e-05 2.30307364362e-05 4.76600325101e-05 1.25063197974e-05 0.000248587902401 5.46168524909e-06 0.000130988622715 0.000161535844175 7.9183885047e-05 5.31203369046e-05 6.2575394518e-05 9.54759945749e-05 4.8692173806e-05 3.20697175535e-05 3.29626890936e-05 3.61025958081e-05 2.26415711329e-05 1.05934911425e-05 2.00684999363e-05 1.84026568227e-05 8.56509484317e-05 2.95155626003e-05 1.19386060937e-05 1.09587598438e-05 7.36008744494e-05 8.33639603826e-05 3.4035388268e-05 0.000180453406494 5.83430106482e-05 5.45231179431e-05 0.00014155636192 7.00600712827e-06 1.63559768468e-05 9.32159440553e-05 4.93402549354e-05 3.13666258102e-05 7.40312743464e-05 4.29559749888e-05 1.76132989024e-05 1.22414181111e-05 2.3959813774e-05 0.000379664710432 0.000113635803311 5.38878301552e-05 0.000193528555704 0.000139902593447 3.70198985081e-05 7.54603906115e-05 5.07361776245e-05 0.000196720726746 2.11406900748e-05 8.28274342149e-05 0.000183386404479 8.23758504663e-05 1.09443179925e-05 9.94732876798e-06 4.15779163221e-05 1.2137526708e-05 0.00011897677185 8.55366591548e-05 0.000104724137048 7.24341975457e-05 2.85898952773e-05 5.8370043586e-05 5.42123277938e-05 0.000255515644484 6.58710560933e-05 2.51632413909e-05 3.17823336864e-05 7.71382198533e-05 4.69883846166e-06 7.9773698125e-05 2.30118236652e-05 9.44476046473e-05 3.15824567561e-05 2.87920912339e-05 1.82850289712e-05 3.18342639733e-05 3.85031202276e-05 2.46181598131e-05 3.76034902936e-06 1.71295614615e-05 4.48441225462e-05 6.57258308192e-05 3.59795806913e-05 4.43180664299e-05 1.90774641558e-05 1.5383717108e-05 2.98148917894e-05 3.31399052442e-05 6.56067944314e-05 4.61737636195e-05 1.634522889e-05 0.00012310777861 6.12057706121e-05 5.82395748554e-06 1.29489587358e-05 9.338171189e-05 0.000169136679395 2.45578867326e-05 1.49490563058e-05 3.04342878346e-05 4.06375054021e-05 1.97312557877e-05 2.72105694581e-05 0.0001428909556 2.49540913629e-05 3.0942039697e-05 4.36225117311e-05 8.80950370467e-06 1.8699764688e-05 6.98092947494e-06 5.14998711601e-05 4.40245111838e-05 5.04711437294e-05 9.56089961168e-05 3.65886471749e-05 5.96715978319e-05 2.27818907844e-05 1.28035836543e-05 3.41015384531e-05 5.81610272611e-06 4.68339742015e-05 4.69097264889e-05 5.37651167701e-06 1.34258894243e-05 1.86539628726e-05 2.89766197689e-05 6.14782483266e-06 4.00326818215e-05 4.56614353903e-05 3.18924710659e-05 8.95356022862e-05 1.39309580244e-05 2.34648982946e-05 6.48613803996e-05 5.5146072968e-05 3.21423041332e-05 6.4505119701e-06 2.90485109248e-05 3.57640888787e-06 3.19841822405e-05 1.10606023656e-05 2.21057250849e-05 7.15052465478e-05 6.08946263426e-05 6.39777477902e-05 3.93438469175e-05 0.00024754576735 1.15527635998e-05 0.00014323118399 0.000174477207818 7.24953481799e-05 8.76306699628e-06 3.52222220083e-05 0.000283284972919 0.000186548044987 0.000134315362115 9.53076087922e-06 6.39758736908e-06 4.83008848235e-05 4.64461645713e-05 3.83320726903e-06 3.14852749765e-05 9.58186385745e-06 8.94970801335e-05 7.31884557059e-05 3.79395006347e-05 0.00015577186988 1.01802954515e-05 6.01150428884e-05 3.12306161109e-05 7.18946823467e-05 8.99823264803e-05 8.83272863594e-06 0.000130795369687 3.34847109157e-05 2.6915041462e-05 4.03523537454e-05 1.53867753047e-05 2.87874367445e-05 7.37672632363e-06 7.2079528664e-05 2.17246123229e-05 9.22214723423e-05 9.75786860524e-05 4.00577926263e-05 7.13500740066e-05 8.55482835961e-05 2.83749556446e-05 2.86320210777e-05 2.17007271198e-05 0.000110944362626 1.37294766535e-05 2.09686291461e-05 5.89165081997e-05 2.62522723221e-05 6.89015894962e-06 6.56702622967e-05 3.49951769851e-05 2.25903339051e-05 6.44955471755e-05 3.01472665502e-05 4.53646985667e-05 1.58877695214e-05 6.45857493761e-06 4.07301256454e-05 8.86500110258e-05 2.40465706543e-05 0.000107191332378 1.35441598868e-05 1.40823546388e-05 2.27739005099e-05 1.1765593283e-05 2.10316793008e-05 2.65133986452e-05 2.47592922128e-05 2.27153487872e-05 3.64752600271e-05 7.23426225619e-06 3.3170407652e-05
</DataArray>
      </CellData>
      <Points><DataArray type="Float64" Name="Points" NumberOfComponents="3" format="ascii">
-0.000364257 -0.00571916 0.00486545 -0.00243713 -0.0032517 0.000799665 0.00167199 0.0040312 0.00200388 -0.00531878 0.00295788 0.00334504 0.00634286 -0.00104103 0.00319825 -0.00429095 0.00360209 0.00230302 -0.00204962 -0.00595854 0.000799513 -0.00378981 0.0031346 0.00378379 -0.0012257 -0.00548473 0.00208586 0.000107615 -0.00220923 0.00205945 0.00412415 0.00374821 0.00079969 0.00347637 0.00261215 0.00363851 0.00132064 0.000710277 0.00219253 -0.000354084 0.00518748 0.00351238 0.00535404 -0.00265692 0.00195808 0.0068066 0.00221234 0.000799618 0.00394198 -0.00424917 0.00163696 0.00256339 0.0067285 0.000799479 -0.00040295 -0.00718877 0.000799893 -0.000264963 0.000863025 0.00204291 -0.00111078 -0.00711388 0.00399302 0.00567252 -0.00160188 0.000799553 0.0034802 0.00225684 0.000799016 -0.00335544 0.00476489 0.000799726 0.00155145 -0.00355502 0.00443329 -0.00268871 0.0053177 0.00214466 -0.00306754 0.00323895 0.00118489 0.00343241 -0.00282169 0.0021473 0.00300656 0.00419789 0.00326899 0.00209957 -0.000705328 0.00214443 0.00658145 0.00291968 0.00498587 0.000620297 0.00399326 0.000799483 0.00119454 -0.00710071 0.000799696 -0.000964613 0.0042109 0.000799892 -0.0038122 0.00177089 0.00462391 0.00114888 -0.00471389 0.00333747 -0.000283156 -0.00559333 0.000799068 -0.00011397 -0.00316929 0.000799649 0.00692819 -0.00196072 0.00202762 -0.000303466 -0.000143482 0.000799775 0.000401384 -0.00464641 0.00189201 -0.00472426 -0.00331658 0.00277403 0.00225942 -0.00683684 0.00492198 -0.00189376 3.47323e-07 0.00392529 0.00384231 -0.00106088 0.00488043 0.000586469 -0.00322237 0.0032012 -0.00337053 -0.00495978 0.00427336 -0.00415968 -0.003762 0.00498114 0.00185724 0.00133763 0.00386945 0.001878 -0.00375362 0.00228601 0.00482213 -0.00534676 0.000799499 0.000102456 0.00351646 0.00467397 0.00293195 0.000747417 0.000799936 0.00533233 -0.00288551 0.00419684 -0.00242374 0.00678013 0.00455616 0.00240885 0.00340518 0.0045268 -0.00500912 -0.00517197 0.00347385 0.00361097 -0.0012325 0.00216421 -0.00577235 0.000200852 0.00480904 -0.00282338 -0.000471285 0.00216815 -0.00719062 0.000367924 0.00216891 0.00107418 -0.00260925 0.00573534 0.00273273 -0.00666152 0.000800068 -0.00123632 -0.00430896 0.000799439 -0.00597087 -0.000823885 0.00178483 0.00374647 -0.00252728 0.00424792 0.00447386 0.00348099 0.00273916 -0.00204175 -0.00597042 0.0033722 0.00188194 0.00299933 0.000799737 -0.00712059 -0.00107151 0.00286854 -0.00562283 0.000643257 0.00233055 -0.000729938 -0.00168692 0.000799648 0.00265915 0.00439779 0.000799669 -0.00536556 0.00217595 0.00195036 0.00241644 -0.00271761 0.00337963 0.00570973 2.72322e-06 0.000799473 -0.00541725 0.00474276 0.00218554 -0.000977229 0.00340568 0.00349939 0.00285187 -0.00506634 0.000799433 -0.00591194 0.00411002 0.000799853 0.00705418 0.00144391 0.00218812 -0.00563476 -0.00448306 0.00216756 0.00313624 -0.00444319 0.00300502 0.00063231 0.00235429 0.00371127 -0.00202294 -0.00141155 0.00318525 0.00397559 0.00192629 0.00228287 -0.0036719 0.000876514 0.00201994 -0.00200238 -0.000368918 0.000799369 -0.0011134 0.00128121 0.00336979 0.00479083 0.00131213 0.000799515 -0.0044353 -0.00567242 0.00206727 0.00406993 0.000380529 0.00188157 -0.000758535 -0.00358901 0.00220253 -0.00666611 0.00269917 0.00079968 0.00656092 0.0029658 0.00218906 -0.00394364 -0.00165931 0.00446138 0.00456307 -0.00361311 0.0029669 0.00309681 0.00330635 0.00194376 -0.00201785 -0.00199556 0.00169652 0.00131352 -0.00550572 0.000799243 -0.00133869 -0.00452769 0.0033624 0.00717054 0.000654539 0.000799759 0.00283861 -0.00344698 0.000799834 -0.0015969 0.00274139 0.000799245 -0.00461846 0.00316869 0.000799163 -0.00362879 -0.00448254 0.0027688 0.000463394 0.00506995 0.00214234 -0.00519533 -0.00178726 0.00280248 -0.00360367 -0.00166065 0.00289885 -0.00485831 0.00531382 0.000799561 0.00531613 0.00485639 0.00410316 0.00046363 -0.00164452 0.00446786 0.00418839 0.00585716 0.00463905 0.00214614 0.00540603 0.00266968 -0.0056401 0.00447516 0.00374708 0.00713627 -0.000957694 0.000799116 0.00618509 0.00368666 0.000799648 0.000501561 -0.000659178 0.00208242 -0.00409528 -0.00592233 0.00532517 -0.00719525 -0.000273397 0.00425319 0.00278709 0.000573094 0.00281643 0.00521825 0.00496103 0.000799882 0.000865827 -0.00157433 0.00079981 -0.00487095 -0.0048013 0.000799025 0.00562227 0.00170425 0.00449197 0.00588766 -0.00414533 0.00219841 -0.00524839 -0.00261557 0.00143526 -0.00633104 0.00342949 0.00218604 0.00277821 -0.00125331 0.000799232 0.000340223 -0.00719204 0.00332354 -0.000185483 0.00719784 0.00387961 0.00521395 -0.00375947 0.000799647 -0.0041969 0.00585092 0.00215322 -0.00358934 -0.000154165 0.000799636 -0.00348231 -0.00301845 0.00373703 -0.00209873 0.00688747 0.00162853 0.00430872 0.00124681 0.0036915 0.000610329 0.00386629 0.00318916 7.96983e-05 -0.000134591 0.0049207 0.00130605 -0.00390593 0.000799752 0.00691099 -0.00201997 0.00432877 -0.0023133 0.00251067 0.00378568 -0.00362791 -0.00621968 0.000799657 -0.00641319 0.00327391 0.00446761 -0.000757451 0.00716009 0.000799936 0.00196254 -0.00224929 0.00174893 0.00143955 0.00545063 0.000799936 -0.00109616 -0.000740527 0.00206397 -0.0020746 0.000941672 0.00213711 -0.00718532 -0.000459973 0.000799889 -0.00477686 -0.00122589 0.00079926 -0.00336469 0.0063651 0.000799936 0.0014817 -9.77844e-05 0.000799741 0.00653133 -0.00303077 0.00314828 -0.00534581 0.000270032 0.000799633 -0.00185286 0.00554148 0.000799514 -0.00483628 -0.000541489 0.00374512 -0.00278043 0.00384737 0.002768 -0.00015942 0.00567611 0.000799419 0.00423413 -0.00239278 0.000799936 -0.00573772 0.00169 0.00422577 0.00483666 -0.00533418 0.00239877 0.00557935 0.000825381 0.00216794 -0.000271532 0.00334696 0.00195967 -0.00571426 -0.00438124 0.00467209 -0.00099115 0.00608247 0.00469753 -6.57931e-05 0.00226504 0.000799685 0.00538934 0.00219078 0.0029848 -0.000316186 -0.000643983 0.00345714 -0.00157213 0.00244235 0.00236989 -0.000650705 -0.00220835 0.00346806 0.00407391 -0.00593695 0.00366861 -0.00192787 0.00549673 0.00354038 0.00657908 -0.00292507 0.000799816 -0.00280653 0.00160414 0.000799936 0.0039939 0.00599046 0.0007994 -0.00122598 0.00116362 0.000799581 0.00494125 -0.0052374 0.0048788 -0.000895687 0.00597325 0.00218785 0.00717521 0.000602172 0.00358893 0.00571471 -0.00437979 0.00377151 -0.00135973 0.00445172 0.00235135 0.00356268 -0.00625682 0.00210658 -0.00334105 -0.00193155 0.000799769 0.00442192 0.00568261 0.00306616 -0.00710425 0.00117234 0.00357494 -0.00445639 -0.000506769 0.00219156 0.00195723 -0.00692924 0.00219549 0.00329977 0.0063999 0.00218072 -0.00611713 -0.00379835 0.000799608 -0.00442833 0.00158027 0.000799248 -0.00403274 -0.0034387 0.000799383 0.00248626 -0.00485323 0.00440824 0.000826721 0.00693569 0.000799654 -0.00690332 -0.00203483 0.000799479 0.00284446 0.00661501 0.00506239 0.00248514 0.00675552 0.00351034 -0.00191149 -0.0053144 0.00482467 -0.00327808 -0.00303603 0.00215061 -0.00673996 0.00109678 0.000799936 0.00512498 0.00271268 0.00149613 -0.00325269 0.00234263 0.00250188 -0.00274404 -0.00665679 0.00206025 0.00241836 0.00184767 0.00192335 -0.0030732 -0.00471935 0.000799729 -0.00221759 -0.00422975 0.00205968 0.000401832 0.000785325 0.00350007 0.000496462 -0.00630659 0.00200026 -0.00160674 0.00701885 0.00316749 0.00209307 -0.00533544 0.00218483 0.0043048 -0.000772899 0.000798919 0.00133664 0.00149552 0.000799137 0.00236359 -0.00350749 0.00603534 -0.000684482 0.000477976 0.00784431 -0.00218448 0.00129554 0.00481818 -0.00310122 -0.00340279 0.00699593 -0.00146614 -0.00410835 0.00845388 -0.00211204 -0.000165996 0.00550108 0.000450354 -0.00146311 0.00718887 -0.00152765 -0.00313853 0.0071666 0.00334889 0.00348956 0.00581841 -0.00121053 -0.00709753 0.002178 -0.00362 -0.00622468 0.00332721 -0.000449903 0.00176547 0.00692475 0.000337874 -0.00572457 0.00630306 0.00524835 0.00405766 0.00548687 0.0062163 0.0036333 0.00360123 0.00460129 -0.00330192 0.0055571 0.00163337 -0.000230694 0.00359977 -0.00307856 -0.00471876 0.00832633 0.00393476 -0.00411234 0.0043502 0.00180283 -0.0055129 0.00569567 -0.0024883 0.00347523 0.00675871 0.00128189 0.00708504 0.00451165 0.00712655 -0.00102814 0.0055654 -0.00676621 0.00246226 0.00579976 -0.00235394 -0.00220919 0.00453137 0.0018662 0.00210011 0.00527537 0.00216403 -0.00178465 0.00669634 -0.00153652 0.00703461 0.00586244 0.0012068 -0.00560792 0.0076889 0.00106415 -0.00606169 0.00419509 -0.00599119 -0.00399335 0.00861008 0.00599966 7.58904e-05 0.00529991 0.00144816 0.00493811 0.00403066 0.00134343 0.00405729 0.0055253 0.00632957 0.00343222 0.00648615 0.00445559 0.00040826 0.00504502 -0.00510685 -0.00272806 0.00421096 0.00335448 0.00254356 0.00710903 -0.00341019 -0.00253729 0.00568708 0.00458107 0.00261293 0.00529724 0.0020529 0.00225399 0.0079929 -0.000208853 0.00579269 0.00639509 0.00337661 -0.00229461 0.00578636 -0.00662414 0.00282438 0.00735129 0.00351303 -0.00459461 0.0082649 -0.00625803 -0.00210171 0.00656471 0.000467287 0.00268561 0.00599128 0.00200661 0.00288552 0.00306865 -0.00404508 0.00416145 0.00533341 -0.00128598 0.0045056 0.00461924 0.000204985 0.005073 0.00502794 0.00470136 -0.00183694 0.00316658 -0.00438095 0.000923636 0.00701838 0.00271554 0.00619289 0.00659945 -0.00327918 -0.000217352 0.00722492 0.00117021 -0.00288709 0.00730748 -0.00293767 -0.00446936 0.00573307 -0.000305441 -0.00470904 0.00736194 -0.00491793 0.00289528 0.00489219 0.00621419 -0.00363664 0.00688658 -0.00525835 -0.00165738 0.00538953 0.00498399 -0.00178662 0.00589703 0.00130427 -0.0070811 0.00618106 -0.000334756 -0.0017045 0.00858824 0.00335945 0.00165362 0.00491373 0.00597622 -0.00078235 0.00664948 -0.00284276 0.00433081 0.00429157 -0.0034811 -0.000933785 0.00580944 0.00123475 -0.00168558 0.00306675 -0.00272368 0.0030453 0.00523623 -0.00114847 -0.00117377 0.00471649 1.02293e-05 0.00588657 0.00797691 -0.00437312 0.00521352 0.00768529 -0.000170514 -0.00561737 0.00328066 0.0047509 0.00324742 0.00677282 -0.000917032 0.00714182 0.00832813 0.00419482 -0.00030734 0.00333058 -0.00693193 0.0019467 0.00218594 0.00719896 -0.000153552 0.00217989 0.00215469 -0.0017971 0.00488171 -0.000363473 -0.0019247 0.005891 0.00369144 -0.00618231 0.00520193 0.00708011 0.00130998 0.00502005 0.000474356 -0.00441188 0.00524901 -0.000203669 -0.00320858 0.00806151 4.70329e-06 0.00720015 0.00546801 0.00561788 0.000281684 0.0037605 0.000875821 0.00224598 0.00213425 -0.00452867 0.00157699 0.00317539 -0.0062685 0.00114884 0.00656504 0.00416406 -0.000485926 0.00633826 -0.00277948 -0.0066425 0.00462244 0.00558957 0.00453884 0.00229765 -0.00622512 -0.00361826 0.00707261 0.000532758 0.00284307 0.007582 -0.000506772 -0.00355396 0.00432126 -0.00119511 -0.00593201 0.00678636 -0.000970734 -0.00461262 0.00591038 -0.00472341 0.00543442 0.00464116 0.00117777 -0.00436257 0.00668505 -0.000883875 0.00225848 0.004615 0.0016533 0.00562474 0.0054608 0.000147164 3.61559e-05 0.00654947 -0.00622954 -0.00361026 0.00336902 0.00250039 -0.00616405 0.00349101 0.000429107 0.00142981 0.00500079 -0.00152646 -0.00703633 0.00553606 0.00399296 0.00494879 0.00594094 0.00538313 -0.0011875 0.004469 0.00686549 0.00217129 0.00360057 -0.0022771 -0.00380402 0.00443634 -0.00463951 -0.00383037 0.00709416 0.00519732 -0.000727601 0.00212676 -0.00674338 -0.00252364 0.00231389 -0.00298073 0.00107319 0.00344887 -0.00108426 0.00338029 0.00573756 0.00176416 -0.00122779 0.00814155 0.00568591 0.000873322 0.0066506 0.00495207 -0.00522663 0.00789958 0.00289611 0.00491755 0.00471016 0.000241874 -0.00719613 0.00496754 0.00173156 -9.73893e-05 0.00694289 -0.00391215 -0.00541019 0.0068293 -0.00343942 0.000692858 0.00574566 -0.00498568 -0.00108878 0.00771553 0.00615824 -0.00373175 0.00848261 0.00465325 -0.000192349 0.00783232 -0.00236914 0.00540739 0.00537575 0.00109281 -0.00101079 0.00579514 0.00337938 -0.00470459 0.00572792 -0.0046097 -0.00227722 0.00671307 -0.00546046 -0.00320768 0.00572872 0.00400751 -0.00386091 0.00693271 -0.00695891 -0.00105361 0.00754879 0.00295944 0.000483035 0.00592784 0.00442006 0.00139017 0.00786487 -0.00662604 -0.00281829 0.00470285 -0.00262843 -0.00600023 0.00607937 0.00371754 0.00480829 0.00192675 -0.003422 -0.000148997 0.0043821 -0.00025859 -0.00719606 0.00650026 0.00406673 -0.00584673 0.00672024 -0.00291468 0.00658375 0.00790352 0.00269558 -0.00667689 0.00685935 0.0041405 0.00589061 0.0072605 -0.00195793 0.00061843 0.00688677 0.00603951 0.00392036 0.00798183 -0.00504574 -0.00513666 0.0079246 -0.00197323 -0.00301842 0.00307591 -0.000906281 0.000869736 0.00568064 0.00289995 -0.00120778 0.00359599 0.000680895 0.00130036 0.00797991 0.00719011 0.000378634 0.00632499 0.0015963 0.000340671 0.00510295 -0.00500355 0.00135465 0.00560732 0.00422219 0.00140084 0.00627763 0.000130392 0.00719951 0.00222052 -0.0061211 -0.00144278 0.00406042 0.000861333 0.00618506 0.00321822 -0.0019917 -0.00168201 0.0059973 0.00171417 0.00699317 0.00212919 -0.00712508 0.0010366 0.00516884 0.000141204 0.00719908 0.00707193 -0.000897642 -0.00714383 0.00796608 -0.00311672 0.00649095 0.003144 -0.00705813 -0.00142348 0.00535689 -0.0071991 -0.0001192 0.00627254 -0.00719632 0.000241939 0.00845617 0.0052039 -0.00477189 0.00638657 0.00407424 0.00387591 0.00441592 -0.00404512 0.00479236 0.0033427 -0.00139607 -0.00310474 0.00557306 0.00300325 0.000196026 0.00435538 0.00605671 -0.00389374 0.00525695 -0.00436165 0.00572876 0.00617114 0.00451689 -0.000919206 0.00925081 0.00183912 0.0069613 0.00769509 -0.00269832 0.00522132 0.00959919 0.00404135 0.000211985 0.0102773 0.00105106 -0.00405477 0.0104776 -0.00635112 0.00339136 0.008822 -0.00107678 -0.00634807 0.00970935 -0.00565024 0.00118083 0.00919405 -0.00685814 0.00219312 0.0116542 -0.00179549 -0.00454844 0.0111577 0.000632729 0.0071717 0.00872445 -0.00191809 0.00436827 0.0079572 -0.00121811 0.00410765 0.0117263 -0.00111345 -0.000826588 0.00702443 0.00288448 -0.00291578 0.00756838 0.00230968 -0.0052595 0.009082 0.00100695 -0.00253266 0.00885867 -0.000140653 -0.00719901 0.0107404 -0.00273607 0.00102833 0.0126816 0.00281706 0.000595206 0.0112734 -0.0030393 0.00176969 0.00722415 0.00181283 -0.00696805 0.0114151 -0.00403494 0.00385495 0.00691097 0.00638107 0.00137856 0.00989371 -0.000107121 -0.00339172 0.0064759 -0.000109355 -0.00571249 0.00859221 -0.00143798 0.0056839 0.00873017 0.00499086 -0.00518986 0.0108847 -0.00398757 0.00171436 0.00851101 -0.00101699 0.00320631 0.00732626 0.000162766 -0.00719859 0.00916349 -0.000247896 -0.00462141 0.0122401 -0.00570316 0.0043948 0.00536158 -0.00384594 0.00433996 0.00891731 -0.00717819 0.000565602 0.0114353 0.00352489 0.000430751 0.00877956 0.00137163 0.00160083 0.0108392 -0.00559758 -0.00298682 0.0114571 0.00112614 0.00129684 0.00644369 -0.0031048 -0.0010358 0.00858792 -0.000255476 -0.0022475 0.0123328 -0.00261624 -0.00161706 0.0120501 -0.00590424 0.00412099 0.0101742 0.00228609 0.00682785 0.00922516 0.00506618 0.00419803 0.0109426 0.00349744 0.00466487 0.01067 -0.00373904 -0.00447763 0.0100051 0.00111357 0.00711397 0.0113329 0.00553461 -0.00151674 0.00799998 0.00274303 0.00218678 0.0114172 -0.00183152 -0.0018332 0.00803912 0.00519423 -0.00156986 0.0105458 0.000782818 -0.00572609 0.0117141 -0.00269914 -0.00309122 0.00851236 0.00578102 0.000669648 0.0085696 0.00717935 -0.00054594 0.0076772 0.00712326 0.00104925 0.00778614 0.0037686 0.00434118 0.00740343 0.00470309 -0.00315995 0.0104242 -0.00136313 0.00309135 0.0103654 -0.00153091 0.00617482 0.00721092 -0.00525219 -0.00492557 0.00610307 0.00691438 0.00200832 0.0112643 7.454e-05 0.00418609 0.00649052 -0.00327735 0.00309025 0.00809588 -0.00255189 -0.0067333 0.00922711 0.00573711 0.00222395 0.00750613 0.0014454 0.00705405 0.00614744 -0.000608451 0.00288488 0.00883932 -0.00259141 0.00437104 0.0109498 -0.00490563 -0.00025529 0.00607356 -0.00265861 0.000716222 0.00836621 -0.00536108 0.00311185 0.00641343 -0.0042147 -0.00387374 0.0114079 0.00217424 -0.00668625 0.00837154 0.00687719 -0.00213312 0.0101662 0.00325176 -0.00306649 0.0113844 -0.00365085 -0.0062063 0.00819134 0.00681134 0.00233498 0.00868601 -0.000706998 -0.00572001 0.0111329 0.00486003 -0.00296613 0.00794757 -0.00236903 -0.0067998 0.00744025 0.00169891 0.00519183 0.0115556 0.00195025 0.000325493 0.00847965 -0.00484889 0.00532244 0.0101103 -0.00113564 -0.00225392 0.0109972 -0.00351497 0.000774498 0.00971625 -0.00464842 0.00222532 0.0098753 -0.00717196 -0.000636764 0.0100105 -0.00188629 -0.00187335 0.00963698 -0.000346952 0.0071917 0.00998903 0.00125791 0.00562206 0.00701101 0.000801398 -0.00715548 0.00769768 -0.00516269 -0.00501899 0.00951619 0.00190885 -0.00407214 0.00808785 -0.00313362 -0.00180652 0.00711054 0.00562412 9.66592e-05 0.010479 0.00558693 -0.00247037 0.00928318 0.00398358 -0.00553671 0.00966963 0.00258508 -0.00509394 0.00706015 -0.00544669 0.00470944 0.00875881 -0.0018879 0.00103459 0.0102227 -0.00169353 -0.00568921 0.00837177 0.00402556 -0.00184103 0.00717609 0.00196832 0.00294003 0.0101997 -0.00634166 -0.0034096 0.0100578 0.00673015 -0.00255693 0.00582481 0.00385543 -0.000980947 0.0113261 0.000904145 0.00242875 0.00909179 -0.00573414 -0.00245997 0.00806104 0.00100724 -0.000601501 0.0100639 -0.00295897 0.00503525 0.00682436 0.00500179 0.0051779 0.00840469 -0.00138035 0.00547037 0.0104712 0.00611249 -0.000962979 0.00938482 0.00253324 -0.00015489 0.00988954 0.000491622 -0.00589525 0.0100632 -0.00208468 -0.00463508 0.00707595 0.00160593 -0.00701895 0.00982943 -0.0028915 0.000330968 0.0112507 -0.00540054 0.00189003 0.00778256 -0.00485513 0.003339 0.00818368 0.00191476 0.00300967 0.00659028 -0.00169519 0.00699781 0.0108281 -0.0015011 -0.00704199 0.0115668 -0.00224384 -0.00493898 0.00967292 0.00719476 0.000282196 0.0107271 0.000811514 0.000890283 0.00952045 0.00263558 0.00533197 0.0079451 -0.00685983 -0.00218759 0.00916491 -0.00264013 0.00209072 0.00928635 0.00525289 0.00210877 0.00902611 -0.00142126 0.00475311 0.00648605 0.00292248 0.00103656 0.00742751 -0.00241492 0.00367397 0.00931009 -0.00299442 0.00654826 0.00630632 0.00462693 0.00551657 0.00992257 -0.00185505 0.00205357 0.00618773 0.00190529 -0.00539906 0.0106228 -0.00190114 -0.000300363 0.00934183 0.00458498 0.00343937 0.00844182 -0.00237586 0.00679678 0.00939456 -0.00585503 0.00130948 0.0107757 -3.43377e-05 0.0022004 0.0103665 -0.00370238 0.00346073 0.0102458 -0.00330772 -0.000751553 0.010149 -0.00389757 -0.00605428 0.00976404 -0.00412497 -0.00236778 0.00823419 0.00142418 0.00416899 0.00765963 -0.00439639 -0.00388154 0.00867403 -0.00378339 -0.00234366 0.0112326 0.00510642 0.00248159 0.0105742 -0.00344545 0.00632277 0.010486 0.00356631 -0.00206026 0.0101814 0.00619398 -0.00275626 0.0114716 0.00333931 -0.0017994 0.00861973 0.00211152 -0.00167718 0.00963694 -0.000558339 -0.000911642 0.009959 0.00226409 0.00155749 0.00945086 -0.00425814 0.000139327 0.00843873 0.00379756 -0.00325221 0.00910846 0.00368747 -0.00618446 0.00823725 0.000497166 -0.000339301 0.00854704 0.00530601 0.00486713 0.0068653 0.00245985 0.00461567 0.00652548 -0.0044501 0.000689658 0.0112234 0.00368701 0.00618519 0.0087967 0.00689173 -0.00208431 0.00734476 -0.00688871 -0.00209688 0.0111398 0.00312349 -0.000578987 0.00756756 -0.00675243 0.00249915 0.0100876 0.00693126 0.00195007 0.00647817 -0.00394126 0.00245066 0.00608681 -0.000115477 0.0042949 0.00807505 -0.00696607 0.00182221 0.00855001 -0.00561405 -0.00450875 0.0109643 -0.00343463 -0.00227358 0.0096736 0.000407721 -0.00718854 0.0122434 -0.00572681 0.000324618 0.00782427 0.00677647 -0.00111106 0.0113922 -0.00235617 0.00293269 0.0116098 -0.00535637 -0.00272035 0.0134932 0.00190105 0.00549456 0.0131129 0.00176453 -0.00267018 0.0108424 0.00238606 0.00359363 0.00880092 -0.000829263 -0.00610938 0.0126796 0.00251908 0.00122987 0.0127114 -0.00394243 0.00602511 0.00899483 0.00458958 -0.00231017 0.0118285 0.00468087 0.00117083 0.0113865 0.00434706 -0.00573998 0.0141251 -0.00578718 0.000576606 0.0122251 -0.00240231 -0.00314336 0.011622 -0.00141746 -0.00467383 0.0155748 0.00387911 0.00477367 0.0143295 0.00653015 0.00303329 0.0100974 0.000896106 -0.00283394 0.0134043 0.00282331 0.00191879 0.0141318 0.0071898 -0.000392842 0.0165051 -0.000695425 0.00259649 0.0117679 0.00116903 0.00365655 0.0130644 -0.00436754 -0.003877 0.013 0.000127856 0.00719911 0.0152919 0.00203637 0.00456091 0.0100263 0.00361893 0.00459751 0.00897528 -0.00537455 0.00479158 0.0115273 -0.00168407 0.00220026 0.012961 -0.00366413 0.00226491 0.0122713 -0.000960372 0.00432836 0.00943272 -0.00154353 0.000504585 0.0153144 0.00632097 0.0034489 0.011628 0.00683591 0.00226128 0.0143017 -0.0052991 -8.39247e-05 0.0101072 0.00510916 -0.00286413 0.0132359 -0.00567497 0.00114787 0.0137154 -0.00246143 0.00152087 0.0141828 -0.00392442 0.00206841 0.0138373 -0.00573909 -0.000150363 0.0151751 0.00346683 0.00233406 0.00873671 0.00333242 0.00635521 0.0103472 0.00214083 -0.00687474 0.0158187 -0.00106047 0.00553294 0.012435 -0.0025086 -0.00612975 0.0107082 0.00719829 0.000183132 0.00912915 0.000584522 -0.0042689 0.00896276 -0.000625398 0.00717283 0.0138806 -0.0031185 0.00649005 0.014819 -0.00273993 -0.00637162 0.0123248 -0.00704105 0.00150739 0.0144667 -0.00560045 -0.00166109 0.0146671 -0.00507187 -0.00509771 0.0153942 -0.0038371 -0.0043175 0.0166862 0.00231321 -0.00298286 0.0126771 0.00451599 0.00560787 0.0131221 0.00189148 0.00694764 0.0152757 -0.00713629 0.000957837 0.00988519 -0.00539517 -0.00164715 0.012308 -0.00526504 -0.00202429 0.0161887 0.00033255 0.00476419 0.0122688 0.00369888 -0.00242806 0.0162493 -0.00232183 0.00365396 0.0131563 0.0050189 0.00516297 0.0153823 -0.00433645 0.000915842 0.0128075 0.00369854 -0.000445727 0.0158381 0.0017776 -0.000189554 0.0157068 0.000186627 0.00560049 0.0153876 0.00383038 0.0021499 0.0155824 -0.0068067 -0.00234818 0.0159117 0.00719779 -0.000189284 0.0126298 0.00259169 -0.00155074 0.0154986 0.00348415 -0.00535519 0.0113958 -0.00366803 -0.000509463 0.0125244 0.000287637 -0.0022366 0.0102568 -0.00031278 -0.00719388 0.0137361 -0.00720001 -8.51925e-07 0.0139572 0.000197424 0.00127338 0.0118745 0.00396021 0.00185745 0.0130081 -0.000694399 0.00132833 0.009199 0.00587465 -0.00284011 0.0154493 0.00227487 -0.00113058 0.0111306 -0.000850009 -0.00308675 0.00951997 -0.00243005 -0.00314796 0.0156294 -0.00326089 0.00520582 0.0138761 -0.00495934 -0.0052199 0.0123322 0.000792693 -0.00337622 0.0119027 0.00720034 -2.88509e-05 0.0142212 0.00367513 -0.00619188 0.0127457 0.00376349 0.00613819 0.0155627 -0.00144298 0.00118136 0.011752 0.00637253 0.00334927 0.013224 0.00240792 -0.005 0.0138721 -0.00671251 -0.00259897 0.0126482 -0.00103535 -0.00712535 0.015647 0.00694656 0.00189516 0.0167558 0.00249707 0.00417425 0.013791 -0.00715664 -0.000789849 0.012566 0.00121978 -0.00455389 0.0128979 -0.00190636 0.00621674 0.0138115 0.00134898 0.00599303 0.0102165 0.00533728 0.00222661 0.0137431 -0.00309627 0.00273808 0.0150307 0.00595045 0.000938515 0.0144666 -0.00551338 -0.00181084 0.0103757 -0.00246411 -0.00676578 0.0150243 -0.00243656 0.00581968 0.0116209 0.00239016 -0.00035352 0.0125236 -1.44852e-05 0.00259057 0.0132156 -0.0017099 0.00699454 0.0124277 0.00384364 0.000350818 0.0124754 -0.00509727 -0.000410518 0.0132784 -0.00254933 -0.000710908 0.0150505 -0.00494674 0.00302465 0.0146114 -0.0031035 -0.00484073 0.0120308 -0.000656045 -0.00480864 0.00981585 -0.00395813 -0.00601493 0.0132983 -0.00187788 -0.00084328 0.0108606 0.00240907 0.00375964 0.0115007 0.00371577 0.00177677 0.0102153 -0.00496706 -0.00359304 0.014776 -0.000450569 -0.00369858 0.010949 0.00145055 -0.00600419 0.0146677 -0.00318613 0.00645709 0.0128823 -0.000664541 -0.00327831 0.0150698 0.00401149 0.000636473 0.0140402 0.00576746 0.00431052 0.00950932 0.00214414 -0.00419137 0.0116433 0.00128885 -0.00187499 0.0121461 0.00619784 -0.00366461 0.0101549 -0.00429283 0.00362959 0.0117229 -0.000103235 0.0071994 0.0123686 0.00330529 -0.00422296 0.0102805 -0.00062287 0.00446279 0.0163626 0.0030065 -0.00654345 0.010438 0.0052978 0.000322326 0.0131425 -0.00316806 0.00387609 0.0164439 0.00110683 0.000469395 0.0130088 -0.00455037 -0.00120795 0.00925016 -0.0016384 0.0018893 0.00798868 0.00123509 0.00322536 0.0146187 0.00419705 -0.00115643 0.0128788 0.00453436 0.00559296 0.011518 0.00532256 -0.000640985 0.0118658 0.000182566 -0.00101697 0.0113725 0.00644971 0.00320135 0.0159771 0.00528585 -0.00140574 0.0140296 0.00700407 0.00166856 0.0128252 0.00412692 0.00404618 0.0129265 0.00234015 -0.00322743 0.0159772 -0.000300651 -0.00204644 0.0141162 -0.00605999 -0.0008325 0.00887716 0.000780982 -0.00118426 0.0149475 -0.00143489 -0.00151129 0.013123 0.00119908 0.000484606 0.0170371 0.000864525 0.00421857 0.0158238 0.00456986 -0.0039504 0.0118084 -0.000509926 0.00151886 0.0146347 0.00375056 -0.00117343 0.0144147 0.00440655 -0.00416671 0.0138423 0.00332713 -0.00443259 0.0126926 0.00392615 0.00325497 0.0115507 -7.47864e-05 0.00566342 0.00956645 -0.00533543 -0.00483536 0.0138386 -0.00635358 -0.000465633 0.0166317 -0.00172261 -0.00479165 0.0128366 -0.00326532 0.000163151 0.0139184 -0.00469699 0.00545752 0.0145799 -0.000724766 0.00406916 0.0132474 0.00537128 -0.00479509 0.00938182 -0.00396442 -0.00601059 0.0113612 0.00259601 -0.000106545 0.0140902 0.000207659 -0.000852704 0.0129636 -0.00398045 -0.00226301 0.0128177 -0.00293923 -0.00138005 0.0136512 -0.00330866 0.00198966 0.0107362 -0.00389259 -0.00605717 0.0148964 -0.00654264 0.00300632 0.0147188 0.000670469 0.00397443 0.00943117 0.00261305 0.00670923 0.0117312 0.00517614 0.00247368 0.0121716 0.00210868 -0.00590819 0.0125898 -0.00233303 -0.00338347 0.0100419 -0.00666127 0.00273293 0.0131471 -0.00714331 -0.000904355 0.0153112 0.005539 0.0046 0.0124172 -0.000107565 0.00608702 0.0112189 -0.00470896 -0.00315808 0.0100657 -0.00573402 0.00435455 0.0152346 0.00417469 0.00318783 0.0142757 0.00614774 0.000732372 0.0118505 0.000789338 0.00329769 0.01122 0.00137661 0.00226921 0.0122951 -0.00535862 0.00209885 0.0124682 -0.00552296 0.00284756 0.011064 -0.0010471 -0.00032293 0.0121247 0.00265552 -0.00669278 0.0138722 -0.00594493 0.00406197 0.013676 -0.000380108 0.000557961 0.0105654 -0.00449146 -0.000909577 0.0112133 0.00699419 -0.00171039 0.0156195 0.00267584 0.00174825 0.0166278 0.000483367 -0.00718409 0.0151484 -0.007094 0.00121251 0.0128957 -0.0016905 -0.000106516 0.0138437 0.0039299 0.00333045 0.00990051 -0.00188179 -0.00694772 0.0135455 -0.000706601 0.000948438 0.0131531 -5.41041e-05 0.0045651 0.0107293 0.00612051 -0.00174306 0.0127072 -0.0032675 0.00467453 0.0123675 0.00224211 -0.00334305 0.00947201 -0.0042044 0.00584524 0.0118105 -0.00700764 -0.00165366 0.0139045 0.00126856 0.00530505 0.00877496 0.00129823 0.000127315 0.0114578 -0.00617633 -0.00067454 0.011307 0.00541112 0.00216581 0.0153393 0.00601049 -0.00396458 0.012504 0.00316839 0.00508664 0.0121793 0.00229332 0.00446596 0.0171239 0.000297315 0.00566636 0.0190607 -0.00414957 0.00252206 0.0172663 -0.00190278 -0.00546903 0.0142745 -0.00428757 0.00408713 0.0175672 0.00440399 -0.00290203 0.014824 -0.00532106 -0.00485101 0.0169547 -0.00367577 0.00369698 0.0189927 0.00310528 -0.00382859 0.0147083 -0.0013745 0.00593746 0.0152942 -0.00586647 -0.00417467 0.0189468 0.00339318 0.000150668 0.0190863 -0.00617289 0.00370678 0.0166721 0.000897543 0.00635693 0.0141706 -0.00717346 0.00062109 0.0157916 0.00427332 -0.00511827 0.0170682 0.00472234 0.000727168 0.0154698 0.00192556 -0.00457612 0.0177725 0.00708785 0.0012687 0.0184611 0.00277542 0.00322791 0.0150502 -0.00238197 -0.00243892 0.017342 -0.00642772 -0.00324442 0.0201208 5.6922e-05 -0.000153842 0.0179575 -0.00206517 -0.00395936 0.0169588 -0.00335911 -0.000505147 0.0173337 0.00406271 0.0018903 0.0174123 0.000416342 -0.000308795 0.0195136 -0.00172183 0.00208086 0.0155174 0.00102952 0.00712544 0.0166115 0.00666462 -0.0027262 0.0168351 -0.00401191 -0.00155489 0.0148253 -0.00592632 -0.00367613 0.0160535 0.0031694 -0.00463849 0.0201801 0.000362407 0.00347926 0.0171505 -0.00309316 0.00085849 0.0154946 0.00325635 0.00171878 0.018783 -0.00420548 0.00378744 0.0133126 -0.000264772 0.00423075 0.0194866 0.00550868 0.00149654 0.0183342 0.00620436 0.000273136 0.0175741 -0.00198166 -0.000447813 0.0165223 -0.00360251 -0.00297027 0.0142018 0.00220177 -0.00256531 0.0143249 0.00316927 -0.00371248 0.017256 0.00508094 -0.00295072 0.016862 0.000144554 0.00011379 0.0142365 0.000427631 -0.00585442 0.0176377 -0.00307817 0.00534303 0.0170761 0.00161976 -0.00126992 0.0135888 -0.000457219 -0.00581915 0.0189695 0.00105628 -0.00397354 0.0165723 0.0059893 -0.000507171 0.015151 0.00277401 -0.00507139 0.0165101 0.00649168 -0.00311559 0.0139996 -0.00398251 -0.00233613 0.0173864 0.000308811 0.00243913 0.0197943 -0.00411016 -0.000325924 0.015845 0.000535732 0.000815396 0.0156197 -0.000838979 -0.00715111 0.0172345 0.00125465 0.00183418 0.0138296 0.000837571 0.00101753 0.0203023 0.00580369 -0.00426153 0.0162982 0.00141067 -0.00105839 0.0174022 -0.00539381 0.000101046 0.0196699 -0.00647533 0.00314924 0.0190312 -0.00711448 0.00110835 0.0173138 -0.00285104 -0.00661165 0.0201325 -0.00565629 0.0019871 0.0173329 -0.00152734 0.00567947 0.0168726 -0.000299529 -0.00252643 0.0203808 0.00292543 0.000856667 0.0153236 -0.00116709 0.00293444 0.0142842 0.00416377 0.00031871 0.0176942 0.00216911 -0.00686555 0.0174182 -0.00208445 0.00113174 0.0167527 -0.00189074 0.00367876 0.0155013 0.00600478 0.0036097 0.0202557 -0.00197993 0.00692259 0.0177722 0.00542726 0.00139511 0.0167403 0.00187489 0.00546692 0.0192336 0.00578876 -0.00428197 0.0194041 -0.0023786 -0.00280383 0.013185 0.00608211 0.000427918 0.0193778 0.00408126 -0.00397286 0.0159678 0.000951416 -0.002759 0.0176085 0.00179112 0.000424004 0.0191496 0.00390796 0.00373448 0.0180038 -0.00407573 0.0059355 0.0159745 -0.00428186 0.00196278 0.0157737 0.00169854 0.0060521 0.0177552 -0.00491654 -0.000851692 0.0172192 -0.00384775 0.00414555 0.0149202 -0.00164214 -0.00360876 0.0207328 0.0048071 0.00360637 0.0156847 -0.00227736 -0.00683074 0.0166117 0.0034513 0.00339823 0.0165081 0.00277585 0.00291956 0.0128388 0.00219008 -0.00318933 0.0185253 -0.00114968 0.0030338 0.0200724 -0.00184163 -0.00213806 0.0145373 -0.00366418 0.00102485 0.0169795 -0.00313385 -0.00468299 0.013622 0.00358033 -0.00248684 0.0135175 0.00102532 0.00476374 0.0142343 -0.00193092 -0.00386902 0.0142914 -0.00390157 0.000673818 0.0197379 -0.000501609 -0.00577781 0.0163238 -0.00497685 0.005161 0.0130327 0.00382849 0.00609822 0.0175764 -0.0017978 0.00468542 0.0142614 0.00391542 0.00604257 0.0200697 -0.000366648 0.00421799 0.0148028 -0.000650506 0.000432051 0.0166391 -0.00316509 -0.00162575 0.0162089 -0.0068239 0.00229797 0.0162845 0.00243193 0.00276831 0.0178354 0.00155852 -0.00648502 0.0188471 0.00365413 0.00509331 0.0188089 0.00510807 -0.000348831 0.0165887 -0.0045 0.000762537 0.0147391 -0.00615668 -0.000646518 0.0182091 -0.00237206 0.00114147 0.0197753 -0.00356456 -0.00428618 0.0151104 0.00195915 -0.00359762 0.0200819 -0.00173349 -0.00111166 0.0179558 -0.000124651 0.00719944 0.0192335 -0.00108356 0.00711844 0.0163335 -0.000249989 -0.00170742 0.0177311 -0.00550226 -0.00147416 0.0194119 -0.00399846 -0.00294904 0.0158738 0.00150884 0.0034665 0.0200451 -0.00519692 0.00498363 0.0166039 -0.00107894 0.00296379 0.0166858 -0.00468736 0.00349706 0.0161175 -0.00576189 0.00146546 0.0154256 0.000174592 -0.0046451 0.0154185 -0.00237642 -0.00545734 0.0174255 0.0050377 0.00514455 0.0180077 -0.00631598 -0.00345706 0.0175895 -0.00324946 0.00642564 0.0186093 -0.00717239 0.000634643 0.0196866 -0.0013993 -0.00498733 0.0199585 0.0018306 -0.00458766 0.0153067 0.000177919 -0.00719861 0.0184685 -0.00505255 0.0051299 0.0192486 0.00309782 -0.00579829 0.0151225 -0.00546304 -0.00215693 0.0179656 0.00307303 -0.000787443 0.0172699 0.00522361 -0.00225845 0.0186169 0.00426992 -0.00579809 0.0201385 0.000889967 0.00490681 0.0203628 0.00170043 0.00188496 0.0153652 -0.00100924 -0.00311272 0.017812 -0.00648781 -0.0031234 0.0145494 -0.000559786 0.00309495 0.0184001 -0.00255382 0.00259847 0.0171859 -0.00187688 0.00418864 0.0173348 -0.00226875 -0.0030931 0.0187974 0.00137666 0.0016104 0.0181593 0.000361273 0.00564522 0.016977 0.0067487 -0.00250977 0.0196584 -0.000471416 -0.000962864 0.0206728 0.000928143 -0.0033224 0.0149274 0.00369897 -0.00263786 0.0183158 0.00167799 0.00557406 0.0160674 0.00111957 -0.00570522 0.0162036 0.0052872 0.00290609 0.017247 0.00261563 0.0057358 0.0145235 -0.0047512 -0.00365826 0.0178558 -0.00431277 -0.00406982 0.0193389 -0.000782791 -0.000887335 0.0151077 0.00124141 -0.00208467 0.0161869 0.00714614 0.000879517 0.0155365 0.000161544 -0.000924198 0.0163988 0.000687916 -0.00317971 0.0192059 -0.000181273 0.00699239 0.0176484 -0.00452562 0.00109198 0.0183254 -0.00430238 -0.000459753 0.0186434 0.00418205 0.00480838 0.0166986 -0.00579389 0.00427321 0.0181193 0.00640312 -0.00329329 0.0183073 0.00571943 0.00437443 0.0167828 0.00316855 0.00646557 0.0132115 0.00275264 -0.00095491 0.0201224 -0.00597478 -0.00401803 0.0126211 0.00191251 -0.00694147 0.0203396 -0.000499411 -0.00425575 0.0168159 0.00446105 -0.00157349 0.017389 -0.00116058 -0.000483786 0.0193107 -0.000457739 0.00554637 0.0139166 -0.000879173 -0.00347005 0.0131541 0.00484115 -0.00154487 0.0155601 0.00471772 -0.000146054 0.0199843 -0.000534107 0.00173709 0.0175557 0.00250356 -0.00143545 0.0186168 -0.00272403 0.00510996 0.0155257 0.00245281 0.00403682 0.0188096 -0.00122228 -0.00465306 0.0181865 0.00237684 0.00679672 0.0203188 -0.00278233 -0.00545118 0.0158782 0.00484429 -0.00532679 0.0155883 0.000763929 0.00200819 0.0166611 -0.00679405 -0.00238217 0.0188243 0.00378329 0.00373621 0.0196456 0.00295231 0.00468639 0.0156829 0.000724351 -0.00716351 0.0167299 -0.00151802 -0.0019161 0.0160883 -7.49925e-05 -0.00467757 0.0138296 -0.00262852 0.00670323 0.0163265 0.001883 0.00311411 0.0163729 0.00560974 0.00451341 0.0140132 -0.00425546 0.0022814 0.0199627 5.09924e-05 0.00112849 0.018914 0.00495089 -0.00522785 0.0126929 0.00665126 0.00275727 0.0180702 -0.000194735 -0.00271892 0.0164929 0.000175508 -0.00470559 0.0199279 0.00154015 0.007034 0.0128723 0.0026653 0.00668893 0.0166514 -0.00242971 -0.00194348 0.019898 0.00574359 -0.00434265 0.0147019 -0.00713779 -0.000945156 0.0194374 0.00038795 -0.00433754 0.0181441 0.00701893 -0.00160564 0.0140235 -4.68878e-05 0.00279912 0.0154749 -0.00415264 -0.00588223 0.0165824 -0.00204484 -0.00600086 0.0188931 0.000647451 -0.00599701 0.0132845 -0.000446583 -0.0059488 0.014731 0.000999826 0.0046432 0.0180484 -0.00500105 0.00269453 0.0186093 0.00147763 0.00704691 0.0189884 -0.00141991 0.000455457 0.0180414 0.000930224 -0.00164943 0.0188088 -0.00719762 -0.000193326 0.0237142 0.00449508 0.00562502 0.0232059 0.00334069 0.00637701 0.0215245 -0.00273888 -0.000410747 0.0195606 0.00575439 0.000219545 0.022522 0.000719163 -0.00443066 0.0236748 0.00604516 -0.00146185 0.0223972 0.000660837 -0.00363727 0.0210152 0.00690835 -0.00202921 0.0211758 0.00190765 -0.00539345 0.0208099 0.00317214 -0.000502054 0.0216579 0.000351101 0.00559102 0.0217045 -0.00144002 -0.00110836 0.0225949 -0.00289686 -0.00357458 0.0234097 -0.00250297 -0.0056401 0.0226675 0.00226394 0.000438857 0.0207368 0.00187195 -0.00284069 0.0231327 -0.00431647 0.00132961 0.0212468 0.00556108 -0.00457368 0.017848 0.00287374 0.00300674 0.0207405 -0.0050719 0.00365953 0.0198832 0.00716661 -0.000694751 0.0184087 -0.00489143 -0.00322366 0.0205672 -0.00600133 -0.00397878 0.0214763 0.000804346 0.00650393 0.0203344 0.003945 0.00408851 0.0212302 0.0071209 -0.00106603 0.0235755 0.00162614 -0.00495183 0.0192983 -0.00610607 0.000993922 0.0185498 -0.00494367 -0.00305266 0.0222387 -0.00359429 -0.00623917 0.0181066 -0.000587476 -0.00591593 0.0209767 -0.000948604 0.0030324 0.0219449 0.00307544 -0.00567006 0.0179739 -0.00503235 0.00344009 0.0232692 0.00185761 0.00695636 0.0239286 0.00414709 -0.00141356 0.0207761 -0.00561313 -0.000341149 0.0211915 -0.00420793 -0.00584293 0.0197761 -0.00642056 -0.00175051 0.0206926 -0.00297244 0.000642037 0.0183791 0.00595701 0.00404473 0.0187172 0.00278201 0.00173281 0.0241038 0.000452767 -0.00201386 0.024876 -0.00235121 0.00504387 0.0225285 0.00369233 -0.00330481 0.0210185 -0.00533419 -0.00483641 0.0203026 0.00507124 0.00503947 0.0196035 0.0063154 0.00219126 0.019528 -0.000936273 0.00713944 0.0226174 -0.00204973 -0.00246416 0.0241898 -0.000804677 0.00171602 0.0239406 -0.0031515 -0.00424775 0.0181295 -0.00581053 0.00117066 0.0217956 0.0039503 -0.00414878 0.0235986 -0.00270963 0.00269083 0.0199874 -0.00584029 -0.00421091 0.0230511 -0.00204397 0.005404 0.0183613 0.00113825 -0.000687397 0.0208899 0.00444969 -0.00327368 0.019581 -0.00295103 -0.00487169 0.0195886 0.0048141 -0.00439017 0.0206672 -0.00424601 -0.00430274 0.022953 0.000854547 -0.00639819 0.0214733 -0.00126845 -0.00293577 0.0228603 0.00557976 0.00455116 0.0227281 -0.00154393 0.00606592 0.0215992 -0.00271097 0.00516812 0.0209745 -0.00555294 0.00179981 0.023928 -0.00698895 -0.00173109 0.0173762 0.00330408 -0.00466072 0.0217739 0.000688016 -0.000468677 0.023569 0.000940996 0.000738829 0.021874 -0.00298138 0.00655396 0.0202076 -0.00482925 -0.00527125 0.0184175 -0.00170715 0.00699484 0.0193468 -0.00239884 0.00312438 0.0226139 0.00709693 0.00121493 0.0220075 -0.00115895 0.00545434 0.0244286 -0.0021673 0.00367172 0.0211289 -0.00580789 0.00192526 0.0198156 -0.00206585 0.00349412 0.0187632 -0.00183014 -0.00215202 0.0213664 0.0021563 -0.00686971 0.0222746 0.00417422 0.00193605 0.0233421 0.00554099 -0.00151753 0.0199984 -0.00107122 -0.00206118 0.0190593 0.00251608 0.00285464 0.022292 0.00538413 0.00478129 0.0211508 -0.00335586 0.00259295 0.0214474 0.0046841 -0.00546853 0.0218422 -0.00411592 -0.000977199 0.0201456 0.00555623 -0.00457953 0.0233191 -0.00180275 0.00193667 0.0185093 -0.0021327 -0.0068769 0.0215372 0.00186415 0.00695496 0.0222785 0.00233946 0.000110124 0.0236904 -0.00426461 -0.00247369 0.0192419 -0.00247125 -0.0052675 0.021112 -0.00315726 -0.00157028 0.0185229 -0.00353112 0.00398835 0.0233424 -0.00210962 0.00327261 0.0241804 -0.00265203 -0.00214145 0.0227431 0.000943104 0.00375376 0.0244675 0.00559115 -0.00297294 0.020661 0.00287055 0.00485888 0.0203284 -0.000824873 0.00715295 0.0206717 -0.00681191 0.00233282 0.0223223 0.00455329 -0.00557784 0.0185795 -0.000182815 0.0018196 0.0212372 0.00299327 0.00654893 0.0188639 -0.00240208 0.00678735 0.0231526 -0.000245897 -0.00320951 0.0240597 -0.000328574 -0.00205713 0.0219096 0.00079377 0.00273879 0.0221092 0.00286227 -0.00517439 0.0241675 0.00307262 -0.002487 0.019791 -0.00314718 -0.000640779 0.0229904 0.0061328 -0.00130975 0.0173541 0.00185103 0.00406739 0.0214878 -0.00114734 -0.00710808 0.0196197 -0.00444575 0.00566355 0.0178422 0.00260145 0.000650292 0.0177888 0.000150067 0.00359109 0.0208932 0.000511473 0.00424796 0.0225586 -0.000589903 -0.0044436 0.021602 -0.00407124 -0.00248909 0.0234553 -0.000843854 -0.00361829 0.0193461 -0.00645318 0.00319324 0.0206304 -0.00348752 0.00517405 0.0195763 0.00599043 -0.00042576 0.0210773 -0.00315246 -0.00125424 0.0214325 -0.00351169 -0.00280712 0.0215699 0.0027691 -0.00202156 0.0213147 -0.000653443 0.00717028 0.0241914 0.00719059 -0.000376824 0.0221336 0.00551879 0.00180154 0.0224855 -0.00522996 0.0049493 0.0227779 0.00677249 0.00244569 0.0210394 -0.000584685 0.00485783 0.017999 0.00219364 0.00133425 0.0226706 -0.00699594 0.00170372 0.0208633 -0.002132 0.00687732 0.0247268 0.00182006 -0.00150708 0.0240151 -0.00492605 -0.00178406 0.0212644 0.00190739 0.00565956 0.0213409 0.00486071 0.00143577 0.0197949 -0.00311708 0.00118248 0.0222956 -0.00543469 0.0047229 0.0210221 -0.00613705 0.00376529 0.0220941 0.00561794 0.00324626 0.021804 0.00143353 -0.00579682 0.0232482 0.00399463 -0.00132859 0.019186 0.00713111 -0.000989249 0.0199807 0.0019176 0.00197962 0.0196188 0.00465834 0.00280075 0.020604 -0.00059351 0.00559568 0.0203875 -0.00706392 0.00139621 0.0235943 0.00290484 -0.00154587 0.0228401 0.00036491 -0.00673876 0.019989 -0.00176725 0.00470018 0.0197709 0.00479788 -0.0023365 0.0219091 -0.000440003 -0.00718678 0.0239892 0.00360645 -0.00429254 0.0186809 -0.00048475 0.000973054 0.0225604 0.00245357 -0.00226238 0.0172481 0.00141434 0.00173871 0.0249341 -0.00174479 -0.00698551 0.0230857 0.00671806 -0.00259098 0.0233102 0.000385081 0.00719021 0.0217172 -0.00517712 0.000621126 0.016652 0.00489866 0.00286023 0.0189058 0.00621914 -0.00362827 0.0244211 0.0030487 0.00496699 0.0222219 0.00320556 -0.00644693 0.0211414 -0.00141809 4.56366e-05 0.0214768 -0.00310576 -0.00337466 0.0201308 -0.00719104 -0.000369258 0.0209318 -0.000923355 0.00459155 0.0215884 -0.00235095 0.00182441 0.0235448 -0.00442104 0.00499429 0.0242117 -0.000861461 0.000817913 0.0201909 -0.00382124 -0.00610281 0.0213063 0.00104698 0.00312559 0.0185521 -0.00292755 0.000269391 0.020996 0.00525288 -0.000620249 0.0184984 -0.0046131 0.0010799 0.0228525 -0.00307737 0.000511149 0.0240983 -0.00698076 -0.00176536 0.0239155 -0.000822285 -0.00444699 0.0231848 0.00202247 -0.00382953 0.0243811 -0.00338125 0.00216887 0.0186243 -0.00365189 0.00390348 0.0205788 -0.00419137 -0.000128336 0.0218926 0.00308122 -0.00650764 0.0193369 0.00337064 0.00153297 0.0203676 0.00182012 0.00190016 0.0212134 -0.00651919 0.00305717 0.023718 -0.00301872 -0.00653696 0.023943 0.00128816 -0.0021594 0.0202819 -0.00205287 -0.00415279 0.0221801 -0.00657258 -0.00116151 0.0221764 0.00197512 0.00399821 0.0232705 0.000700357 -0.00716642 0.0228676 0.00335997 -0.00305831 0.022588 0.00110204 -0.00711517 0.0244151 0.00149521 0.00249356 0.0235259 0.00358529 0.000554675 0.0227907 -0.00176742 0.000915791 0.0249369 0.000711777 0.00716496 0.025025 -0.0015196 0.00399423 0.0271107 0.00440821 0.000603153 0.0276471 -0.00388545 0.00469261 0.0219505 0.00299881 0.000652221 0.0252635 3.17613e-05 0.00152531 0.027781 0.00509654 0.0045756 0.0242532 -0.00395775 0.00269025 0.0260338 0.00390604 0.00205728 0.0251949 0.00127128 -0.00203047 0.021876 0.000966447 -0.00486714 0.0219918 -0.00323819 -0.00316855 0.0249964 -0.00120035 -0.00577932 0.0239859 -0.00718272 0.000501538 0.0222735 -0.00177018 0.00548329 0.026583 -0.000160976 -0.00579846 0.0226408 0.00022056 -0.00377409 0.0271777 -0.00133078 0.000277563 0.0263372 -0.00328958 0.00513411 0.0259157 0.00285758 -0.000931823 0.0250886 -0.00500649 -0.00517503 0.0218485 -0.00268727 0.00512197 0.0240922 0.00154775 0.00597598 0.0266743 -0.00191115 0.00037441 0.0229673 -0.00549807 -0.00464915 0.0254026 -0.00580869 0.00425457 0.0245056 0.00383641 0.00210502 0.0217873 0.00319219 0.00499631 0.0276743 -0.00262034 0.000789105 0.0271357 0.00192646 -0.00249972 0.025265 -0.00575171 -0.000943814 0.0259457 -5.40492e-06 0.000965381 0.0251628 0.00525339 0.00311683 0.0233565 0.00443908 0.00045045 0.0214422 -5.07829e-05 0.00303376 0.0234357 0.000500562 -0.00203049 0.0232773 0.00334318 -0.00219485 0.0259422 0.00210805 -0.00343526 0.0216663 -0.00487545 -0.00304211 0.0274211 0.0045546 -0.000831055 0.0223931 -0.00231415 -0.00574627 0.0251416 -0.00508886 0.00509357 0.0256621 -0.00640968 0.00248488 0.0252078 0.00236892 0.00464203 0.026349 0.00497591 -0.00328041 0.0275606 0.000425403 0.00517367 0.0239428 0.00719829 -0.000162014 0.0248932 -0.00460025 -0.00196347 0.0285706 0.00633993 0.00341279 0.0244928 -0.000330487 0.00719256 0.0279781 0.000853539 -0.000993043 0.0274223 -0.00247435 0.00280769 0.0266212 0.00330626 0.00472313 0.0237816 0.000558849 -0.00492838 0.0260786 0.00448022 -0.00563667 0.0238516 -0.00446895 -0.00021284 0.0237838 0.00441105 -0.00131435 0.0251403 -0.0058079 1.94897e-05 0.0229378 -0.001955 0.00443818 0.0253739 0.00422193 0.00393652 0.0270616 -0.00134191 -0.00169555 0.0255197 0.000689176 0.00400908 0.0268744 0.00314495 0.00647715 0.0231089 0.000670835 0.00112866 0.0236557 0.00220226 -0.00443508 0.0229115 -0.00188729 -0.00694845 0.026782 -0.00338613 0.00387723 0.0249315 -0.00502375 0.00283384 0.0212528 -0.000516943 0.00464972 0.0260416 -0.00189815 -0.00439124 0.0243673 -0.00435044 -0.000423707 0.0253762 0.00379416 -0.000649765 0.0238225 -0.000731181 0.000117689 0.0240164 -0.00475789 -0.00369993 0.0243489 -0.0052373 0.00231127 0.0269159 0.00373733 0.00607784 0.02454 0.00681993 0.00230921 0.0278792 -0.00071497 0.00558016 0.0228969 -0.00715441 -0.000812319 0.0251886 0.00132003 0.000102186 0.0249231 -0.00574157 -0.00253169 0.0261419 -0.00388211 -0.00453938 0.0209049 0.00465807 0.00548972 0.0272497 -0.00457141 -0.00228838 0.0250782 0.00433882 0.000741688 0.0243939 0.00346675 -0.00344432 0.0249509 -0.00713222 -0.000987523 0.0275962 0.00357293 -0.00625104 0.0226861 -0.00463189 0.00475858 0.0281853 0.00589497 0.000670452 0.0255595 -0.00205138 -0.000631094 0.0245471 -0.00122113 0.00407977 0.0231229 0.00460626 -0.00553376 0.0262054 -0.00196584 -0.00531381 0.0273502 0.00689984 -0.00205744 0.0248114 0.000221382 -0.00342151 0.022538 -0.00554865 -0.00122891 0.0243846 -0.000798403 -0.00148045 0.0240306 0.00220452 0.00685454 0.0255096 0.00327859 -0.00641055 0.0266423 -0.00665172 -0.00275614 0.0222773 0.00438048 0.000797622 0.0260593 0.0058155 0.00116406 0.0210488 0.00210737 -0.00392132 0.0259759 -0.00571187 0.000200495 0.027063 -0.00352149 -0.00458049 0.027143 -0.00162464 -0.00240346 0.0269262 -3.11727e-05 -0.000502658 0.0221404 0.00258358 -0.00672078 0.023867 0.00465407 -0.003906 0.0221827 0.004941 -0.00282311 0.0249638 0.00654874 -0.0029935 0.0275113 -0.00317839 0.00646083 0.0217926 -0.00151419 0.00242583 0.0254001 0.00174138 -0.00413513 0.0275185 0.00166624 0.000894025 0.0262691 0.00125287 0.00242719 0.0272764 -0.0040587 -0.00594723 0.0228803 -0.0051974 0.00127106 0.0281348 -0.00380613 0.00245551 0.0229764 0.00244686 0.00322077 0.0245865 -0.0071399 0.000930392 0.0278703 0.0029931 -0.00322373 0.0271162 0.00518588 -0.00143502 0.0237461 -0.00279621 0.00663552 0.0261616 -0.0043648 0.00572672 0.0269405 0.00568868 -0.000120829 0.0270179 0.0067383 0.00253712 0.0232144 -0.000176234 -0.000615934 0.0253334 -0.00426752 0.00579918 0.0208253 0.00487868 0.00348828 0.0256735 -0.0004636 0.00297385 0.0264759 0.00225786 -0.000455691 0.027969 0.00716125 0.000746822 0.0278417 0.00249342 0.00343128 0.0273873 0.00122499 -0.00709541 0.0267023 0.000473442 0.00660809 0.0232048 0.00713535 0.000528564 0.0234516 0.00383541 -0.00228644 0.0239102 0.00139814 -0.00114192 0.0259256 0.00621693 -0.00363197 0.0219777 -0.00033371 -0.00524541 0.0274729 0.00165348 0.00467028 0.0279659 0.000992359 0.0049049 0.0255774 0.00718232 0.000510106 0.0205365 -0.00176728 0.00191697 0.0210373 0.00305253 -0.00484448 0.0268776 0.00578868 0.0030669 0.0269196 -0.000105845 -0.00221183 0.027814 -0.00226897 -0.000879082 0.0269215 -0.00566458 -0.002617 0.0235982 0.00719942 -0.00011133 0.026492 0.00590711 0.00227065 0.0255372 -0.000986057 -0.0071322 0.0280909 -0.0046554 -0.0054926 0.0264693 -0.00347472 -0.00465047 0.0244424 -0.000619696 -0.00717372 0.0219642 0.00323472 0.00328301 0.0259773 0.00558577 0.00169358 0.0240802 -0.00291048 -0.00182738 0.0258044 -0.000568621 0.00638732 0.0255863 0.00229505 0.00542094 0.0248058 0.0014786 0.00704661 0.0278682 0.00385051 0.00360719 0.0227527 0.00144407 0.0030684 0.0258234 -0.00665334 -0.00275295 0.0275125 -0.00491365 -0.00526296 0.0240461 -0.00300833 0.001923 0.025 0.00419945 -0.00388949 0.0263015 -0.0035969 0.00623732 0.0247908 0.00305682 0.000337514 0.0268313 -0.00038018 -0.00460898 0.0248232 0.00139863 -0.00535912 0.0247867 -0.00653857 0.00301508 0.0275245 0.00365866 -0.00620128 0.0251026 0.00173907 -0.000558171 0.0223666 -0.00134156 0.00173884 0.0269887 -0.00305835 -0.0030958 0.026768 0.00517249 -0.00299466 0.0233904 0.0015939 0.00550705 0.022902 -0.00500595 -0.00135856 0.0228046 0.00592751 -0.000935727 0.0254813 -0.00313519 -0.00599032 0.026493 -2.70098e-06 0.00310945 0.0280019 -0.000268063 0.00585446 0.0270645 -0.00124153 -0.00327835 0.0253102 -0.00712268 0.00105355 0.0251557 -0.000637984 0.00395215 0.024607 -0.00565785 0.00121626 0.0258282 -0.00584862 0.000337548 0.0245052 -0.00441844 0.0010582 0.0247775 -0.00432524 0.0026652 0.0244769 0.00133426 -0.0027143 0.0267354 -0.00258968 -0.00434577 0.025864 -0.000180985 -0.00253482 0.0262491 0.00401567 0.00339843 0.0243299 0.00576997 9.78159e-06 0.0241079 0.00704408 0.00149161 0.0247254 0.00121319 -0.00563656 0.0273582 -0.000739268 0.000126425 0.027869 -0.00347921 -0.0013358 0.0243924 -0.00532812 0.00348902 0.0258255 -0.00396256 -0.0060123 0.0251241 -0.00377748 -0.000349074 0.0269783 -0.00384106 0.0060899 0.0232006 0.00152775 0.000963777 0.0278614 0.00172913 0.00506602 0.0300228 -0.00138607 0.00706552 0.0267826 -0.00301536 0.00505048 0.0274896 0.00313573 0.00141046 0.0281845 0.0071499 -0.000851411 0.0279096 -0.00373524 0.00124284 0.0298401 0.0045452 0.000128711 0.031299 -0.00140016 -0.00705399 0.0252619 -0.0041465 0.00276196 0.0301269 -0.00140113 -1.92976e-05 0.0297286 -0.00254013 -0.00100139 0.0303073 0.00325333 0.00477892 0.0296304 0.00264832 -0.0058911 0.0280179 -0.00574409 0.00434147 0.0271138 -0.00431108 -0.00576694 0.0288066 -0.0030054 0.00351891 0.0279522 -0.00478887 -0.000414125 0.0282161 -0.00254917 -0.00463929 0.0286785 0.00704814 0.00147266 0.0263251 0.00156596 -0.00484652 0.0299869 -0.00158085 0.00284039 0.0282169 0.00149909 -0.00140028 0.0311585 0.00372507 0.0061616 0.0261373 -0.00222295 -0.003144 0.028212 -0.00194965 -0.00299743 0.0298326 -0.00107282 -0.00163919 0.0303113 -0.000841798 0.00663369 0.0293871 -0.00287028 6.99048e-05 0.0257289 -0.000149585 0.00225426 0.0310678 0.00215466 0.000878136 0.0293307 -0.00127524 0.005309 0.0301724 0.00061085 -0.00717422 0.0281775 0.00281117 0.00192269 0.0267043 4.79574e-05 -0.00573216 0.0297703 -0.00343742 0.00442685 0.0291965 0.000657921 0.00717005 0.029236 -0.00409135 0.00592471 0.0324077 0.00487363 0.00269066 0.0281767 0.0017481 -0.00698483 0.0303918 0.00211222 0.00141478 0.03129 -0.00675734 -0.00248612 0.0303582 0.0055784 0.00132838 0.0286316 -0.00157563 0.00473637 0.031636 -0.00563165 -0.00129173 0.0295966 0.00702966 0.00155721 0.0292754 0.0055865 0.00454224 0.0315058 0.00444379 -0.000904844 0.028184 -0.00285676 -0.00421352 0.0303395 5.50778e-05 0.00719979 0.0322599 -0.00151309 0.00608708 0.0280419 0.00335955 0.00292899 0.028635 -0.00395565 0.0010928 0.0263084 0.00431014 -0.00361864 0.0311004 0.00445864 0.00565341 0.0312759 0.00375359 -0.00273238 0.0284351 0.00648186 -0.00313316 0.0259193 0.006111 -0.00380737 0.0304588 0.00238092 -0.000177251 0.0316935 0.00143505 -0.00353566 0.0308946 0.00351481 9.73031e-05 0.0290154 0.00401794 0.00597493 0.0286332 -0.00380472 0.00611286 0.0283885 0.00388162 -0.00429784 0.0281317 -0.00558589 -0.000746811 0.0313952 0.00569745 0.0044027 0.0277949 0.00699756 -0.00169564 0.0263962 0.00378877 0.00198774 0.0308538 -0.00590867 -0.00411448 0.0304888 -0.00322716 -0.0018499 0.0277575 0.00068779 -0.00481482 0.0286264 0.00561691 0.00147715 0.0270394 0.00224665 -0.00684065 0.0254982 0.002106 0.00375051 0.0291942 0.00184256 -0.00205233 0.0281001 -0.00181222 -0.00696839 0.0307868 -0.00132893 -0.00447096 0.0297806 -0.0060964 -0.00383118 0.0285549 -0.0025076 0.00573028 0.0292431 -0.00686246 0.00217913 0.0288494 0.00495435 0.00522453 0.0296915 -0.00508512 0.000439729 0.0295361 0.00146156 -0.00614619 0.0290599 3.1503e-05 -0.00613097 0.0250949 0.00375058 -0.00244482 0.0300088 -0.00498855 0.00359898 0.0311992 0.000566492 0.00418234 0.0292503 -0.00374203 -0.00361101 0.0283964 0.00568309 -0.00101003 0.030004 0.000615077 0.00580816 0.0283978 -0.000315087 -0.00666267 0.0267055 -0.00524727 -0.00228303 0.0311035 -0.00563382 -0.00152313 0.027432 0.000708499 -0.00353818 0.0253008 -0.00138018 0.00121971 0.0307406 0.00494395 0.00314757 0.0297083 0.001322 0.00236947 0.0288736 -0.000628652 -0.00107924 0.0268123 -0.00162654 0.00127498 0.0285431 -0.000855566 -0.00337036 0.0309388 0.00717566 -0.000591547 0.0294881 -0.00696645 0.00181932 0.0265517 -0.00430929 -0.00180449 0.0265802 -0.00442703 -0.00360663 0.0259734 0.000803023 -0.000134525 0.0287713 -0.00598048 -0.00400966 0.026787 0.000244649 0.000246483 0.0266134 -0.00715958 -0.000762622 0.0299188 -0.00496698 -0.00469269 0.0278192 5.31624e-05 0.00067228 0.031194 -0.000472719 -0.00271291 0.0292882 0.00302567 -0.00142585 0.029003 -0.00289489 0.002236 0.0289088 0.00312987 -0.00648439 0.0310242 3.24673e-05 0.00255748 0.0250132 0.0051197 -0.00211102 0.0289891 -0.00693279 -0.00194324 0.0288635 -0.00715458 0.000809419 0.0296227 0.00434329 0.00238311 0.0266989 -0.00646041 -0.00317876 0.0248674 -0.00307883 -0.00571191 0.0298253 -0.00691598 0.00200245 0.0306614 0.00322392 -0.00160962 0.0274261 0.00242282 0.00678032 0.0325323 -0.00707684 -0.00132691 0.0314134 0.00239338 0.00582928 0.0287837 -0.00350077 -0.00089709 0.0290323 0.00299583 -0.00497201 0.0292806 -0.00063517 -0.00112414 0.0288611 0.00425457 -0.000699501 0.0266087 0.00426059 -0.0058044 0.0277501 0.00532659 -0.00484437 0.0249541 0.0036174 0.00470399 0.0253506 0.00465724 -0.00548895 0.0292675 -0.00168567 0.00255113 0.0299078 -0.00351673 -0.00327041 0.0319944 0.00209955 -0.00237477 0.0298983 0.00571466 0.00181217 0.0301503 -0.00279292 0.00326569 0.0308149 0.00576769 -0.00160166 0.027618 0.00295426 0.00656629 0.0274794 -0.00312296 -0.00648751 0.0280136 0.000499336 0.00718278 0.0266105 0.00632729 0.00343564 0.0289029 -0.00478829 -0.00433314 0.0293678 -0.00629792 -0.000160654 0.0286823 -0.000288686 0.00378323 0.0305715 -0.00324582 -0.00642694 0.0312467 -0.0047788 0.0027973 0.0283694 0.00570163 -0.00439708 0.0265136 -0.000640327 -0.0071716 0.0296524 0.00265885 -0.00252515 0.0313895 -0.00362675 0.0021186 0.027491 0.00025428 -0.00697878 0.0309647 -0.000876344 -0.00400121 0.0283198 0.000866697 -0.00322582 0.0285794 0.00511597 0.00506689 0.0257762 -0.00104191 -0.00539884 0.0260468 0.00435561 0.00418079 0.0286371 0.0049265 0.00039791 0.029758 0.00486975 -0.00216416 0.0264196 -0.00118618 -0.00568806 0.0287521 -0.00417849 0.00410161 0.0267544 -0.00468324 0.005469 0.0296177 0.00683917 -0.00225158 0.0304173 0.00242023 -0.00352284 0.0288312 -0.00130607 -0.00398066 0.0267463 -0.0036961 0.00074965 0.0283189 0.00541827 -0.00474161 0.0280501 0.00717476 0.000603676 0.0305517 0.00593031 -0.00348763 0.0289016 -0.000441432 0.00464499 0.0280972 -0.00457473 -0.00556006 0.030372 -6.24503e-05 0.00719989 0.0306643 -0.00280202 0.00663242 0.031778 -0.00719858 0.000150945 0.0264743 -0.0022239 -0.000198652 0.0283685 0.00242727 0.00587492 0.0312134 -0.00190935 0.00694229 0.0343157 -0.00644571 -0.00320842 0.0317513 0.00518238 0.00365751 0.0337842 -0.00606454 0.000651729 0.0307831 0.00139026 0.00273791 0.0318265 0.00348028 0.000395694 0.0336468 0.00505935 -0.00512299 0.0331701 -0.000617954 -0.00555027 0.0337695 -0.00211644 -0.00400597 0.0317425 -0.0012471 0.00396609 0.0293035 -0.00216799 -0.00246247 0.0313244 0.00271773 0.00367499 0.0307243 -0.00107807 -0.00711885 0.0343475 0.00263999 -0.00499197 0.0313273 -0.00442394 -0.000109879 0.0347277 0.00409709 -0.00182692 0.0314499 0.00668684 0.000138821 0.0335218 -0.00335467 -0.000550391 0.0316083 -0.00544119 0.0021024 0.0337772 -0.00344583 -0.00251977 0.0295283 -0.00426873 0.00502407 0.0310974 -0.00689254 0.00208184 0.0331043 -0.00199086 0.00414979 0.0330652 0.000620902 0.00048339 0.0337334 -0.00215289 -0.00687092 0.0292267 -1.18647e-05 0.00504923 0.0315098 -0.00237123 0.00204818 0.0321612 0.0036938 -0.00438113 0.0323647 -0.00668805 -0.000339695 0.0326107 0.00420236 0.00175758 0.0293256 -0.00444907 -0.00190954 0.0350905 0.00137775 0.00426971 0.0313651 -0.00194516 -0.00538178 0.0309424 0.00123163 -0.00574826 0.0312654 -0.00277132 0.00391913 0.0346076 -0.00450283 0.000686672 0.031129 0.00344383 -0.00158273 0.0336962 0.00558999 0.0012787 0.03168 -0.00023277 0.00176194 0.0341762 0.00359519 0.00108524 0.0321605 -0.00505353 -0.00399216 0.0318362 0.00584113 -0.000249457 0.0286054 -0.001478 0.00704682 0.0327786 -0.00423698 -0.00344011 0.030576 0.00715603 0.000794805 0.03214 0.00382614 0.0049947 0.0339001 0.0026913 -0.00457654 0.0335961 -0.00523587 -0.00140478 0.0337921 -0.00708764 -0.00126728 0.0338515 0.00385333 0.00608212 0.0326935 -0.00473053 -0.00242679 0.0326108 -0.00247131 -0.00321369 0.033204 0.00363416 -0.00621561 0.0336467 0.00114197 0.00710907 0.0334328 0.00042172 0.00320886 0.0343706 0.00256244 0.00232319 0.0298828 -0.000139552 0.00255668 0.0294968 0.00291455 -0.00376953 0.0303327 0.00424881 -0.00504477 0.0345473 0.000198823 -0.004018 0.0299246 -0.00276358 0.00488112 0.0305745 0.00255591 -0.00610893 0.0324696 -0.00037652 0.00719017 0.0339301 -0.00149539 -0.00571257 0.0324415 -0.00144032 -0.00153651 0.0324073 -0.00417137 0.00150707 0.0330072 -0.00345597 0.00179241 0.0344096 0.00353287 0.00627373 0.030128 -0.00620946 -0.00233752 0.0346535 0.00246194 0.00529244 0.033119 0.00099854 -0.000413161 0.0324634 0.00297915 0.00273554 0.0320134 0.00220626 -0.00377833 0.0322753 0.00221842 -0.000575981 0.0334856 -0.00211037 -0.000809408 0.0336651 -0.00632058 0.0034489 0.030326 0.00525764 -0.00245511 0.0305454 -0.00142441 -0.000398586 0.0312826 -0.00367338 -0.0020062 0.0310263 -0.00388237 0.00466849 0.0333763 -9.46124e-05 0.00427787 0.033298 -0.00474417 0.00349805 0.0341325 9.29336e-05 -0.000552988 0.0301662 -0.00227248 0.000247722 0.0324752 0.00207184 0.00689554 0.0299324 -0.00712552 0.00103432 0.0319177 0.0011855 0.00577489 0.0322839 0.00628533 0.00351258 0.0305003 0.000189374 -0.00167962 0.0331167 0.00533513 0.0023619 0.0328294 0.00157137 -0.00222914 0.0325251 0.0054827 -0.00256834 0.0339014 -0.00107417 0.00624487 0.0314544 -0.00103659 0.00551606 0.0329247 0.00240346 -0.00300405 0.0336614 -0.00224711 -0.00684053 0.0332912 -0.00353839 0.00627059 0.0303964 0.00135026 -0.00535606 0.0332041 -0.000234342 0.000975549 0.0292722 0.00658853 0.00290399 0.0336629 0.00380795 0.00225034 0.0332929 -0.00294866 0.0029077 0.0333807 0.00217453 0.00090118 0.0328728 -0.00246994 -0.00217283 0.0344211 -0.00301569 -0.00182079 0.0325199 -0.00604809 0.00390661 0.0349647 -0.00545109 0.00199656 0.0295802 0.000218115 -0.000853462 0.0345146 -0.0050456 0.00391655 0.0294808 -0.0022988 0.000604449 0.0349352 0.000697746 -0.00619009 0.0344171 9.21656e-05 -0.00589874 0.032378 0.000933391 -0.00356796 0.0333775 -0.00539 -0.00287291 0.0296233 0.00079975 -0.00460288 0.0345903 0.00132294 -0.00707749 0.0321512 -0.000658408 -0.00402982 0.0342659 0.0041122 -0.00591022 0.0321489 -0.00717034 0.00065321 0.0337689 0.00261273 0.00168763 0.0341954 0.00197152 0.00360498 0.0344021 0.00190743 -0.000624862 0.02982 -0.00127219 0.00280632 0.033553 0.00330131 -0.0037004 0.0347878 -0.000549375 -2.05992e-05 0.0325676 -0.00292786 0.00613181 0.0352462 -0.00654136 0.0030081 0.031848 -0.00200357 0.00138354 0.0335693 -0.00639481 -0.00330872 0.0333956 0.00689893 0.00206117 0.0311966 0.000818626 -0.00165666 0.0292636 -0.000990729 0.000255365 0.0340804 0.0032064 0.000534978 0.0305228 -0.00435643 -0.000715155 0.0303718 -0.00624112 -0.0019012 0.0326508 -0.00289363 0.000914678 0.0311604 -0.00373185 -0.00483795 0.0315242 0.00441913 -0.00373546 0.0336437 -0.00138083 0.00315036 0.031558 0.00640216 0.0032944 0.0320866 -0.000753984 -0.00429743 0.0325289 0.000361218 -0.00238384 0.030613 0.000724161 0.0014189 0.0324396 -0.00317494 0.00427441 0.0319965 -0.0021252 -0.0017041 0.0289079 -0.00412854 0.00436542 0.0353277 -0.00354564 -0.00434929 0.0337112 0.00567875 -0.00442606 0.0318695 0.0013719 0.00706823 0.0313607 0.00295968 -0.00656384 0.0294355 0.00013662 -0.00719885 0.0333093 0.000197453 -0.00293391 0.0321063 0.000329478 0.00576139 0.0337205 0.00579577 -0.000206981 0.0322387 0.00678693 -0.000829289 0.0311479 0.00173789 0.00572435 0.0344788 -0.00439501 -0.00570313 0.033636 0.00498153 0.00183854 0.0342994 -0.00510818 -0.00507415 0.0349227 0.00303141 0.00653075 0.0339908 0.00113471 0.00310849 0.0302913 -0.00212841 0.00537425 0.0340856 0.00612752 -0.00211043 0.0318432 0.00710667 -0.00115606 0.032681 0.0032387 0.00466256 0.0318701 -0.00429228 0.0033072 0.0326097 0.00484132 -0.00532939 0.0308486 -0.00385762 0.00215793 0.0315799 -0.00674991 0.00250587 0.0346404 0.00508959 0.00509286 0.0329234 0.000763605 -0.00442882 0.0320396 0.00693776 -0.00192575 0.0340734 -0.00540274 0.00205375 0.0311783 -0.00329787 0.00640044 0.033713 0.00588875 -0.00414297 0.0341272 -0.00088328 -0.00714563 0.0320773 0.000962903 0.00152153 0.030182 -0.00384985 -0.0027895 0.0338962 0.00146103 0.002464 0.0334012 0.00501554 -0.00149245 0.0328133 0.00424173 0.00416203 0.0307268 0.000269291 0.00571741 0.0300836 -0.00329129 0.00036641 0.033703 0.0030214 0.00379637 0.0332101 -0.00206642 0.00689726 0.0303821 -0.000882626 -0.0020096 0.0346218 -0.000414001 -0.00493876 0.0310806 0.00687555 -0.00213653 0.0288221 -0.000865878 0.00152436 0.0322982 0.00380474 0.00328923 0.0345097 0.00489911 0.000837607 0.033054 -0.00305043 -0.00555398 0.0327821 -0.00461186 -0.00012651 0.0325026 0.00372089 -0.000629017 0.0324418 0.00145381 0.00399589 0.0329395 -0.00615228 0.0010517 0.034937 -0.00551197 -0.00463248 0.0332287 -0.00562064 0.00111445 0.0324549 0.00361788 -0.00277626 0.0326451 0.00452985 -0.00391827 0.0295443 -0.00539107 0.00477254 0.0322095 -3.57238e-05 0.00287055 0.0325397 0.00511938 0.00275855 0.0312946 0.00187572 -0.00695146 0.0336474 -0.00514231 0.00503968 0.0342897 -0.00613859 0.00376271 0.0332001 -0.00119276 0.00412766 0.0344517 -0.00564429 0.000140624 0.033724 0.00405421 -0.000881544 0.03016 0.00444666 0.00373806 0.0323658 -9.0007e-05 -0.00121767 0.0316107 0.00486366 -0.00377297 0.0352985 -0.00375959 -0.00614051 0.0350377 -0.000919963 -0.00282525 0.0332459 -0.00339272 -0.000867168 0.0356884 -0.00224777 -0.00588971 0.034578 0.00187095 0.000373053 0.0347259 -0.00621205 -0.00364019 0.0355824 0.00420836 -0.00238368 0.034851 0.00479337 -0.000446111 0.034003 -0.0047456 0.00230913 0.0352031 -0.00194774 -0.00467906 0.0335759 6.7953e-05 0.000596646 0.0352305 0.00637412 -0.00334848 0.032826 -0.00364987 -0.00120272 0.0338524 -0.00187206 0.00498826 0.035617 -0.00185671 -0.000902273 0.0352421 -0.00608088 -0.000747476 0.0349811 -0.00249293 -0.00373847 0.0347497 -0.00159648 0.00208956 0.0349461 0.005211 0.00496857 0.0347008 0.0014605 -0.00318855 0.0349407 -0.00291777 0.00268917 0.0356204 -0.00516017 -0.00357036 0.0343789 0.00143103 -0.00181777 0.0341162 -0.0036649 0.000893264 0.0357164 0.000796481 0.00691574 0.034983 0.00616949 -0.000710403 0.0347752 0.00118995 0.00190651 0.0348936
</DataArray></Points>
      <Lines>
        <DataArray type="Int64" Name="connectivity" NumberOfComponents="1" format="ascii">
0 285 0 332 0 197 0 295 0 224 1 204 1 63 1 183 1 98 2 68 2 31 2 72 2 97 2 106 2 113 2 259 2 137 3 73 3 5 3 300 3 160 3 143 3 270 4 38 4 324 4 290 4 140 4 320 5 104 5 157 5 382 6 142 6 202 6 8 7 201 7 157 7 270 8 36 8 205 8 67 8 285 8 100 9 37 9 117 9 45 9 170 9 280 10 200 10 97 10 350 11 85 11 66 11 136 11 259 11 55 11 381 11 276 12 211 12 117 12 19 12 299 12 206 12 120 13 106 13 370 13 261 14 21 14 125 14 96 14 263 15 101 15 116 15 94 16 78 16 131 16 161 16 27 16 82 16 96 17 372 17 188 18 32 18 36 18 221 19 39 19 176 20 129 20 67 20 318 21 210 21 115 22 203 22 85 22 97 23 109 23 26 23 25 24 45 24 74 24 192 24 295 25 155 25 157 25 181 25 132 25 172 25 376 26 104 26 103 27 102 27 57 28 97 28 113 28 381 29 152 29 145 29 117 29 280 29 120 30 321 30 226 31 33 31 163 32 62 32 99 32 207 32 187 33 103 33 155 34 326 34 270 34 366 34 335 35 49 35 45 35 241 36 99 36 63 36 207 36 40 37 63 37 139 37 92 38 173 38 115 38 153 39 176 39 117 40 139 40 92 41 126 41 81 41 105 41 198 41 248 41 134 42 316 42 241 42 293 42 274 42 231 43 84 43 326 43 88 43 282 43 217 43 214 44 362 44 65 44 320 44 384 44 254 44 302 45 307 46 105 46 222 46 322 46 118 46 197 46 47 46 268 47 248 47 134 47 268 47 343 47 250 48 206 48 120 48 83 48 237 49 139 49 145 49 209 49 74 50 161 51 83 51 77 51 312 51 245 51 262 51 258 51 327 53 153 53 263 53 180 53 227 54 376 54 339 54 165 54 239 55 259 55 237 55 245 55 331 55 220 56 90 56 164 57 128 57 210 57 263 57 362 57 288 58 156 58 119 58 160 58 457 58 366 59 87 59 86 59 148 59 108 59 84 60 149 60 70 60 289 61 291 61 411 61 212 61 292 61 340 61 267 62 78 62 182 63 205 64 150 64 154 64 186 64 69 65 74 65 263 65 230 65 254 66 200 66 97 66 304 67 222 67 303 67 197 68 211 68 72 69 325 69 369 69 119 70 154 70 73 71 122 71 98 72 350 73 190 73 127 73 300 74 280 75 89 75 101 75 324 76 109 76 127 76 114 77 169 77 181 77 261 78 99 79 93 79 104 79 109 80 162 80 94 80 321 81 123 81 315 82 209 82 192 82 230 83 299 83 206 83 137 83 317 84 98 84 236 85 200 85 91 85 136 86 133 86 190 86 186 86 201 86 326 86 300 87 147 88 148 88 169 88 206 88 312 89 200 89 91 90 142 90 123 90 105 90 222 91 210 91 324 91 162 91 120 92 205 93 289 94 226 95 108 95 248 95 156 95 351 95 250 95 279 96 230 98 183 98 147 99 139 99 209 100 205 100 285 100 322 100 307 101 290 102 139 103 169 104 190 105 205 106 158 106 370 107 126 107 186 107 108 107 369 108 198 108 186 109 132 110 226 110 184 110 225 111 170 111 280 111 340 112 184 112 331 112 195 112 319 113 188 113 370 113 244 114 143 114 310 115 290 116 121 116 200 117 147 117 280 117 168 118 334 119 185 119 369 119 377 119 373 120 203 120 384 121 175 121 304 122 152 122 145 123 189 123 191 124 321 124 298 124 294 124 251 125 131 125 161 125 153 125 180 126 189 126 191 126 150 127 289 128 145 129 207 130 208 130 370 130 297 131 173 132 382 132 376 133 150 134 198 134 322 134 236 135 155 135 144 136 288 136 167 136 247 137 163 137 244 138 168 138 365 138 340 138 361 140 153 140 234 140 493 141 201 141 169 141 214 141 281 142 204 143 270 143 419 143 235 144 158 144 193 147 168 148 176 148 169 148 326 149 194 150 183 150 186 152 211 154 190 156 186 156 351 157 201 157 181 157 278 158 193 158 178 160 185 161 182 161 171 162 324 163 166 163 299 163 181 164 315 164 448 164 343 165 172 165 262 166 176 166 211 167 200 167 321 168 170 168 282 170 360 170 307 171 316 171 293 172 376 172 208 172 261 175 188 177 180 177 230 177 293 177 380 178 181 178 368 178 208 179 290 179 321 179 298 179 294 180 385 184 350 184 188 185 289 185 373 187 207 187 209 187 316 188 196 191 198 192 316 192 231 193 372 194 325 195 196 195 313 195 265 196 372 196 233 197 303 197 349 197 309 198 205 198 360 202 221 202 222 203 211 203 259 204 205 205 360 206 228 207 285 208 376 209 316 211 299 212 341 212 254 212 311 213 400 213 357 213 223 213 363 213 549 213 644 214 326 214 361 214 524 215 250 215 504 215 323 215 440 216 504 216 489 216 296 216 440 216 647 217 282 217 371 217 279 217 335 217 361 217 357 218 292 218 340 218 267 219 383 219 411 219 504 219 296 219 437 220 251 220 551 220 319 222 303 223 361 223 258 223 416 223 704 223 306 224 352 224 231 225 381 225 246 225 286 225 550 226 321 227 230 227 385 227 273 227 344 228 280 228 362 229 504 229 464 229 536 229 512 230 341 232 281 232 416 232 409 232 451 232 398 233 297 234 243 234 277 235 373 235 301 235 255 236 322 236 282 236 250 236 371 237 276 237 425 237 509 238 254 238 340 238 401 238 328 239 297 239 522 239 447 240 311 240 486 240 479 240 412 241 285 241 332 242 305 242 536 242 480 242 492 243 298 243 247 243 364 243 277 243 329 244 370 244 262 244 331 244 313 245 313 245 450 245 551 245 509 246 558 246 358 247 302 247 367 248 348 248 272 249 520 249 509 249 286 249 252 250 342 251 276 251 367 252 520 252 509 252 605 252 495 252 571 253 262 253 519 253 478 253 447 253 374 253 283 254 291 254 490 255 459 255 507 255 561 255 392 256 344 256 548 256 402 257 377 257 343 257 305 257 345 258 317 258 509 258 306 260 278 260 310 260 270 261 339 261 327 263 324 264 457 264 335 264 266 264 407 264 507 265 551 265 454 265 356 265 515 265 388 266 279 266 482 266 357 266 458 266 426 266 546 267 481 267 296 267 403 268 349 268 504 269 309 269 411 269 412 270 459 271 380 271 493 271 337 272 369 272 343 272 457 272 342 273 320 273 302 273 490 273 277 274 352 274 355 274 479 275 296 275 437 275 403 275 549 275 544 276 346 277 435 277 442 278 382 278 281 278 339 279 457 281 559 282 292 283 478 283 374 283 560 283 287 283 779 284 386 284 409 284 487 284 420 284 574 286 444 286 453 287 413 287 397 288 362 288 298 291 362 292 383 292 411 293 341 293 353 294 558 295 307 295 311 296 411 296 611 296 403 296 647 297 454 301 378 301 366 301 565 302 346 302 490 302 338 303 318 303 349 305 343 305 323 305 496 306 535 307 383 308 352 308 349 308 309 308 468 308 504 309 411 310 382 310 419 310 386 312 317 312 327 313 454 313 478 314 340 314 361 314 425 314 400 315 325 317 365 317 361 319 444 322 383 323 448 323 342 323 536 326 351 327 524 327 450 327 519 327 416 328 549 328 543 329 367 329 453 330 380 330 353 330 734 331 381 333 340 333 425 333 556 334 349 334 448 334 464 334 359 336 342 336 496 336 565 336 703 337 467 337 484 337 734 338 435 338 556 338 347 338 387 338 422 338 441 339 519 339 522 340 365 341 486 341 344 342 343 342 482 342 534 344 380 344 401 344 467 345 378 345 379 346 384 346 365 346 367 346 520 347 367 347 520 347 453 347 422 347 605 347 518 348 369 348 377 349 468 352 375 352 479 353 380 353 548 354 522 354 574 354 528 355 486 355 461 356 444 356 499 357 524 358 527 358 691 359 536 361 524 362 384 363 425 363 495 363 514 364 558 365 384 366 559 368 372 368 370 369 377 371 383 371 482 371 400 373 378 375 468 377 378 379 561 379 622 383 411 386 522 387 542 387 438 387 390 388 454 388 430 388 397 389 521 389 420 389 574 389 413 389 456 389 500 389 539 390 422 390 502 390 684 390 483 390 494 390 576 391 611 391 525 391 570 391 651 392 487 392 557 393 417 393 452 393 680 393 466 394 507 394 561 394 599 394 474 395 557 395 529 395 759 395 768 395 748 396 512 396 466 396 679 396 579 397 477 398 519 398 521 398 413 399 456 399 773 399 586 399 608 399 733 400 437 401 481 401 542 402 461 402 481 402 525 403 776 403 639 403 543 404 503 404 511 404 564 405 506 405 655 405 594 405 593 405 731 406 502 406 780 406 436 406 675 406 573 407 524 407 458 407 415 408 505 408 699 409 459 409 498 409 508 410 518 410 465 410 483 410 513 410 449 412 489 412 503 413 447 413 595 413 727 413 528 414 734 414 637 415 507 415 546 415 517 415 473 415 474 416 704 416 560 416 455 417 479 417 505 418 686 418 439 418 730 418 992 418 975 420 451 420 508 420 531 421 622 421 781 421 768 421 578 422 520 422 502 423 514 423 491 423 530 423 780 423 642 423 436 424 562 424 555 424 669 424 623 426 437 426 703 426 532 426 526 427 472 427 651 427 693 427 737 427 975 427 718 428 682 428 579 428 537 428 638 428 718 429 487 429 759 430 553 430 665 431 691 431 726 431 707 431 750 432 770 432 590 432 523 433 536 433 480 433 512 433 460 434 665 434 751 434 1002 435 467 435 484 435 501 436 684 436 726 436 881 437 482 437 440 437 476 438 484 438 501 438 575 439 466 439 525 439 564 439 746 439 1012 440 747 440 563 441 443 441 610 441 518 442 554 442 443 443 558 443 610 444 551 444 515 444 527 444 591 445 547 445 484 445 721 446 521 446 530 446 567 447 519 449 582 449 755 449 597 449 712 450 519 450 560 451 508 451 521 452 464 452 489 452 609 453 558 453 518 453 465 455 644 455 495 455 595 456 531 456 567 456 775 458 704 458 526 458 473 459 559 460 752 460 562 460 679 460 537 460 588 461 479 461 548 461 505 462 484 462 541 462 566 463 540 463 697 463 692 463 575 463 619 464 468 464 533 465 582 466 572 467 490 467 547 467 484 468 489 469 665 469 683 469 625 469 784 469 569 470 520 470 549 470 502 470 545 471 487 471 574 472 476 472 686 472 682 473 532 473 740 474 531 475 716 475 622 476 647 476 563 476 682 477 510 478 535 481 486 481 611 481 776 483 501 483 708 483 755 484 694 484 501 485 548 485 734 485 699 485 697 487 508 488 644 488 517 488 526 488 506 488 655 489 512 490 556 490 542 491 571 491 545 491 756 491 683 492 516 492 562 493 554 494 540 494 646 494 575 494 708 494 706 495 514 495 743 495 530 496 516 497 543 497 544 497 502 497 514 497 780 498 519 498 522 499 550 499 691 499 523 500 595 500 510 500 671 500 751 501 610 502 543 502 646 503 505 503 680 503 525 505 699 506 532 506 682 506 552 507 565 507 508 510 528 510 674 511 614 511 572 512 680 512 609 513 566 514 549 514 545 515 551 515 779 515 553 516 716 517 521 517 740 518 527 518 538 521 595 523 606 523 707 525 699 525 692 526 544 527 605 527 591 528 539 529 622 529 759 529 552 530 644 530 586 531 740 531 695 532 563 532 682 532 764 533 735 534 536 534 703 534 563 535 551 535 560 535 571 535 779 536 752 537 563 537 764 537 738 538 684 538 582 538 770 538 576 538 745 539 574 539 777 539 671 540 542 540 543 541 694 541 783 541 774 542 547 542 543 543 570 543 646 544 639 544 682 544 763 544 709 545 605 546 703 547 776 547 697 552 764 553 591 553 606 555 669 555 781 555 658 560 743 560 595 561 622 563 703 563 752 565 716 566 708 566 774 566 635 567 740 568 588 568 623 568 738 568 685 568 938 568 616 569 1002 569 661 569 967 569 888 569 952 570 776 570 693 571 591 571 590 572 730 572 640 572 1012 573 672 573 757 573 643 575 600 576 755 576 675 576 745 577 653 577 724 577 930 577 985 578 781 578 629 578 758 578 676 578 601 579 747 579 866 580 788 580 889 580 920 580 984 580 971 581 713 581 661 581 620 581 952 581 628 582 691 582 597 583 651 583 619 583 947 583 715 584 643 584 844 584 855 584 804 585 765 585 957 585 824 586 642 586 593 586 673 587 757 587 625 587 673 587 661 588 728 588 886 589 612 589 798 589 911 589 813 590 665 591 770 592 695 592 777 593 655 593 772 593 627 593 602 593 856 594 740 594 695 594 629 594 603 595 773 596 769 596 722 596 677 596 955 596 819 596 812 596 825 596 897 597 745 597 750 597 656 598 712 598 666 598 656 599 703 599 781 599 764 600 783 600 774 600 724 600 887 600 838 601 758 601 615 602 731 602 603 602 819 603 629 603 678 603 667 604 616 604 904 604 749 605 684 606 744 607 687 607 930 607 950 607 858 608 625 608 674 608 974 609 735 611 680 612 696 612 664 613 649 613 664 613 980 613 872 613 993 614 735 614 771 614 681 615 768 615 641 615 742 615 799 615 919 616 815 616 624 617 728 617 741 617 791 618 907 618 1010 618 914 618 791 618 1071 619 692 619 693 619 887 620 750 620 967 621 952 621 798 621 949 621 1003 621 813 623 781 623 764 623 676 624 914 624 634 624 875 625 773 625 733 626 636 626 976 626 714 626 829 627 775 627 894 628 878 628 654 628 963 629 638 629 758 629 676 630 723 630 855 630 801 630 903 630 932 631 636 631 717 631 842 631 855 631 719 632 896 632 798 632 720 632 794 632 944 633 855 633 782 633 804 633 880 634 938 634 749 634 816 634 1088 635 755 635 652 636 827 637 699 637 697 637 653 637 725 638 764 638 739 638 731 639 647 640 771 640 1012 640 1013 641 662 642 763 642 757 642 772 643 881 643 745 643 690 644 763 645 838 645 790 645 765 645 814 646 693 646 672 647 747 648 889 648 884 648 914 648 991 648 808 649 775 649 688 649 876 649 894 650 735 650 969 650 728 651 686 651 692 651 663 651 693 652 1008 652 668 652 836 652 957 653 746 653 998 653 761 654 952 655 760 655 772 656 995 657 746 657 663 657 725 657 687 657 793 658 969 658 778 659 767 659 670 659 879 659 891 659 843 660 957 660 863 660 710 660 999 661 881 661 804 662 781 662 778 663 692 663 1012 663 992 664 688 664 674 664 974 664 894 664 794 665 779 665 727 666 745 666 668 666 754 666 782 667 876 667 873 667 812 667 860 668 700 668 836 668 801 668 782 669 703 669 752 669 764 670 771 670 741 670 788 670 879 670 984 671 775 671 688 671 674 672 780 672 702 672 736 673 844 675 706 675 690 677 739 677 731 677 769 677 898 677 825 678 742 678 876 678 918 679 735 679 730 679 886 680 686 681 886 681 741 682 760 683 726 684 770 685 728 685 907 685 816 685 914 687 761 687 1012 687 767 687 927 687 950 689 889 689 947 689 715 689 1000 690 700 690 736 690 801 692 725 693 709 693 833 694 734 695 759 695 775 695 821 696 751 697 776 698 896 698 917 698 818 698 853 700 708 700 755 701 860 701 918 701 789 701 941 701 832 702 780 702 737 702 844 702 830 703 716 705 844 705 888 705 1009 705 804 706 708 706 887 706 723 707 784 708 774 709 760 709 737 710 782 710 966 711 774 711 723 711 976 711 836 712 755 713 726 713 784 713 754 714 793 714 927 714 835 714 956 714 828 714 1184 715 718 715 955 717 833 717 955 717 956 717 958 718 760 718 739 718 769 718 884 719 842 719 847 719 807 719 1141 719 943 720 896 720 994 720 949 720 818 721 998 721 725 721 783 722 772 722 856 722 842 722 1009 723 887 724 725 724 1005 724 793 726 745 727 779 727 773 728 969 729 749 729 799 729 1088 729 875 729 905 730 975 730 788 731 739 731 769 731 904 732 892 732 876 732 872 733 856 733 894 736 833 736 855 737 760 737 833 737 830 738 739 738 826 739 866 739 815 742 748 742 762 743 779 743 773 744 1002 744 967 746 761 748 758 748 762 749 778 749 799 750 995 751 773 753 762 753 916 754 804 756 773 756 757 757 844 758 759 761 930 762 892 765 1008 766 855 766 994 766 810 766 1141 766 900 767 990 769 772 774 1008 775 777 775 821 777 892 782 878 782 863 785 989 785 994 785 1014 786 1158 786 822 786 864 786 910 786 1175 787 873 787 918 787 885 787 940 787 789 787 1210 787 1015 788 886 788 1013 789 916 789 792 790 887 790 793 790 868 791 816 791 1093 791 953 792 1210 792 1148 792 1211 793 827 793 927 793 868 794 980 794 911 795 923 795 1093 795 1065 795 806 796 857 796 1141 796 1171 797 899 797 918 797 964 798 1002 798 974 798 888 799 850 800 985 800 868 800 1052 801 903 801 863 802 837 802 835 802 828 802 1052 802 1007 802 882 802 1046 803 824 803 999 803 867 804 989 804 994 805 898 805 808 805 937 805 909 805 942 806 987 806 1041 806 1058 806 1042 807 912 807 1017 807 997 808 921 808 971 808 937 809 898 809 825 809 875 809 885 809 1059 810 863 810 857 810 951 810 820 811 1018 811 973 811 870 811 997 811 845 811 946 811 1077 812 856 812 859 812 917 813 960 814 829 814 1137 814 965 815 826 815 841 816 923 817 1182 817 934 817 908 817 1028 817 1089 818 917 818 939 818 1202 819 904 819 841 819 885 820 1141 820 1173 820 1214 821 892 822 939 822 883 822 1179 822 935 822 1142 823 863 823 824 823 867 823 1067 823 1190 823 1165 824 903 824 863 824 1137 824 1204 824 1040 825 991 825 897 825 859 825 909 826 866 826 907 827 887 827 833 827 947 828 837 828 868 828 948 828 1182 829 846 829 972 830 842 831 950 831 928 831 1007 831 834 832 872 832 853 832 1140 834 928 834 982 834 1011 834 926 834 1001 835 920 835 971 835 869 837 930 838 1005 838 1008 839 898 839 953 839 931 839 1118 840 1202 840 997 840 845 840 883 840 915 840 1142 841 904 842 986 843 879 843 928 844 936 845 997 845 1173 845 1034 845 1128 845 1091 846 1005 846 985 846 1037 847 956 847 1018 848 962 848 1047 848 913 848 890 848 1056 849 1015 849 964 849 1099 849 1147 850 899 850 1047 851 1011 851 1057 851 1113 852 1189 852 899 852 1015 853 993 853 911 853 941 853 1076 853 862 854 1146 854 1105 854 1026 854 946 854 1132 855 936 856 896 856 860 857 903 857 1141 858 1052 858 901 859 897 859 885 859 940 859 1017 860 894 861 1060 861 1157 861 1107 862 993 862 924 862 1094 863 951 864 874 864 981 864 1129 864 935 864 1124 865 1037 865 965 865 1080 866 889 867 1204 867 977 867 1372 868 985 869 1000 869 956 869 882 870 1141 870 943 871 880 871 1190 871 902 872 916 873 904 873 919 874 1003 874 944 874 1014 874 1016 875 1189 875 931 875 905 875 962 876 980 876 918 877 926 877 1195 877 1101 877 1144 877 1219 878 880 879 921 880 994 880 963 882 1184 883 1074 883 1373 883 1098 884 991 885 1189 885 961 886 889 886 907 888 896 889 975 890 961 890 1022 890 906 891 920 891 971 893 963 893 1003 893 922 893 902 893 1129 894 896 895 902 895 1124 895 1066 895 1021 896 974 897 958 897 978 897 1017 898 914 899 919 900 994 900 943 900 1202 900 981 901 928 901 1213 901 1046 902 922 902 981 902 1129 902 988 903 976 903 972 903 1137 904 919 905 913 906 1059 906 1112 906 1200 906 1074 906 1203 906 1373 907 984 907 914 908 1046 908 959 908 1135 908 1218 908 1026 908 1265 909 1118 909 1105 909 973 910 960 910 1094 910 1043 911 993 911 960 912 1000 912 958 912 937 912 1018 913 931 913 1116 913 1058 915 1202 915 1173 915 935 915 1038 915 1138 916 1140 917 1009 917 978 917 940 917 941 919 1189 920 1013 920 947 920 971 921 984 921 1049 921 1071 921 982 921 1011 922 963 922 966 922 1060 922 1066 923 953 923 931 924 1076 924 1148 925 1047 925 1006 925 1196 925 1160 926 1079 926 1146 926 1117 926 1050 927 947 927 950 928 1178 929 964 929 1148 931 987 932 1184 932 972 932 979 932 1141 933 972 933 948 933 965 933 1078 933 1104 934 1127 934 1213 934 1193 934 1080 935 1043 935 1142 935 1164 935 1030 936 994 937 1000 937 971 937 982 937 942 939 978 939 1100 941 1158 941 1076 941 1100 942 1071 942 1195 942 1004 943 1141 943 1202 943 997 943 1173 944 960 944 1158 944 1014 945 965 945 1104 945 1123 945 1027 946 973 946 1335 946 1194 948 1171 949 989 949 1003 950 990 951 966 952 967 952 989 954 1093 954 1079 954 1116 954 1065 954 1041 956 1000 956 958 959 1007 959 1146 959 1018 959 1218 961 962 961 1047 961 1210 962 1118 962 1110 963 989 963 966 965 1037 968 979 968 1171 968 1135 968 1152 968 1034 970 1213 970 1178 970 1193 971 1000 971 982 971 1007 973 1105 973 1022 973 1200 977 1171 977 1104 977 1165 977 1055 977 1261 978 986 978 1112 978 997 979 1184 979 1018 979 1171 981 988 982 1146 983 1129 983 1043 983 1164 983 1021 984 1010 986 994 987 1088 987 1006 988 1190 988 1124 988 1038 988 1174 991 1000 992 1012 996 1015 996 1099 996 1074 996 1036 996 1295 997 1200 999 1067 999 1060 1001 1146 1001 1026 1004 1118 1004 1022 1004 1195 1004 1101 1011 1139 1014 1202 1014 1158 1015 1039 1016 1043 1017 1059 1017 1112 1018 1218 1019 1241 1019 1207 1019 1176 1019 1306 1020 1084 1020 1290 1020 1280 1020 1234 1020 1303 1021 1192 1021 1290 1022 1059 1022 1110 1022 1203 1023 1149 1023 1267 1023 1155 1023 1424 1024 1170 1024 1323 1024 1400 1024 1399 1024 1209 1025 1027 1025 1180 1025 1154 1025 1351 1026 1144 1026 1238 1026 1265 1026 1323 1027 1172 1028 1046 1028 1082 1028 1238 1029 1055 1029 1034 1029 1261 1029 1403 1029 1267 1029 1177 1030 1164 1030 1188 1030 1143 1030 1305 1031 1335 1031 1121 1031 1251 1032 1219 1032 1081 1032 1121 1032 1145 1032 1069 1032 1383 1033 1117 1033 1186 1033 1345 1034 1214 1034 1077 1034 1215 1035 1265 1035 1223 1035 1263 1035 1162 1035 1209 1036 1108 1036 1212 1036 1072 1037 1127 1038 1214 1038 1215 1038 1044 1038 1106 1039 1295 1039 1211 1039 1167 1040 1137 1040 1172 1041 1163 1042 1065 1042 1248 1042 1328 1042 1048 1042 1075 1043 1188 1044 1174 1044 1107 1044 1192 1044 1391 1045 1154 1045 1187 1045 1365 1045 1322 1045 1274 1047 1099 1048 1163 1048 1151 1048 1081 1048 1378 1048 1145 1049 1093 1050 1178 1050 1384 1050 1082 1050 1144 1051 1128 1051 1098 1051 1197 1051 1095 1051 1319 1052 1127 1052 1213 1053 1347 1053 1156 1053 1216 1053 1119 1053 1419 1054 1290 1054 1228 1055 1171 1055 1104 1055 1152 1055 1180 1056 1163 1056 1196 1056 1212 1057 1093 1057 1079 1057 1065 1057 1201 1058 1196 1059 1210 1060 1190 1060 1066 1061 1159 1061 1103 1061 1185 1061 1236 1061 1348 1061 1232 1062 1263 1062 1257 1062 1356 1062 1422 1063 1086 1063 1085 1063 1319 1064 1135 1064 1080 1064 1089 1065 1309 1066 1107 1067 1157 1068 1085 1068 1188 1068 1305 1068 1130 1068 1153 1069 1121 1069 1325 1069 1239 1070 1183 1070 1198 1070 1262 1070 1227 1070 1547 1071 1079 1072 1160 1072 1241 1072 1205 1073 1337 1073 1223 1073 1282 1073 1134 1073 1313 1074 1100 1074 1108 1074 1098 1075 1081 1076 1158 1076 1179 1077 1218 1077 1403 1078 1182 1078 1135 1078 1080 1078 1123 1079 1195 1080 1337 1081 1248 1082 1178 1082 1102 1082 1222 1083 1219 1083 1132 1083 1323 1083 1121 1083 1131 1084 1169 1084 1260 1084 1234 1085 1086 1085 1125 1085 1197 1086 1148 1086 1179 1086 1098 1086 1231 1086 1340 1087 1205 1087 1176 1087 1216 1087 1417 1087 1418 1087 1419 1089 1337 1089 1292 1090 1335 1090 1403 1090 1263 1090 1162 1090 1300 1090 1291 1090 1307 1091 1215 1091 1335 1091 1183 1091 1159 1092 1148 1092 1094 1092 1340 1094 1125 1095 1108 1095 1098 1095 1347 1095 1319 1095 1198 1095 1120 1095 1119 1096 1157 1096 1154 1096 1365 1097 1305 1097 1249 1097 1415 1097 1286 1097 1388 1099 1160 1100 1112 1100 1179 1101 1150 1101 1132 1102 1222 1102 1315 1103 1226 1103 1155 1103 1260 1103 1312 1104 1123 1104 1149 1105 1146 1106 1215 1106 1254 1106 1138 1106 1159 1106 1221 1106 1391 1108 1211 1108 1347 1109 1337 1109 1315 1110 1163 1111 1337 1111 1282 1111 1191 1112 1210 1113 1384 1114 1164 1114 1188 1114 1407 1114 1290 1115 1403 1115 1159 1115 1226 1115 1307 1116 1118 1117 1201 1117 1219 1119 1231 1119 1347 1119 1199 1119 1249 1119 1294 1120 1319 1120 1198 1120 1294 1120 1341 1121 1151 1121 1136 1122 1221 1122 1273 1122 1547 1122 1348 1122 1415 1122 1392 1122 1371 1123 1368 1125 1175 1125 1188 1126 1160 1126 1168 1126 1176 1126 1216 1127 1182 1128 1200 1128 1373 1128 1133 1128 1183 1130 1340 1130 1432 1130 1161 1131 1263 1131 1399 1131 1526 1131 1413 1132 1335 1132 1323 1132 1263 1133 1215 1133 1143 1133 1262 1133 1225 1134 1292 1134 1336 1134 1400 1134 1209 1135 1171 1136 1212 1136 1251 1136 1283 1136 1206 1136 1428 1137 1204 1138 1164 1139 1178 1143 1262 1144 1219 1144 1208 1145 1428 1147 1295 1148 1357 1149 1330 1149 1154 1150 1151 1150 1212 1151 1195 1152 1265 1152 1237 1153 1364 1153 1161 1153 1228 1154 1365 1155 1330 1155 1355 1155 1386 1155 1260 1156 1231 1157 1330 1157 1169 1159 1226 1161 1397 1161 1352 1162 1263 1162 1177 1162 1247 1162 1257 1163 1408 1164 1192 1164 1407 1165 1214 1165 1330 1165 1174 1166 1203 1166 1251 1166 1205 1166 1347 1166 1198 1167 1357 1167 1168 1169 1174 1169 1260 1170 1222 1170 1292 1170 1336 1170 1400 1171 1204 1172 1372 1173 1215 1174 1254 1175 1179 1175 1197 1176 1241 1176 1414 1177 1403 1177 1223 1177 1366 1177 1299 1180 1337 1180 1267 1181 1222 1181 1186 1181 1240 1181 1516 1181 1441 1183 1335 1183 1251 1183 1291 1185 1291 1185 1225 1185 1392 1185 1343 1186 1384 1186 1217 1187 1406 1187 1191 1188 1364 1191 1406 1191 1564 1191 1489 1192 1280 1193 1315 1194 1200 1194 1203 1195 1309 1196 1220 1196 1241 1198 1206 1198 1395 1199 1432 1199 1253 1199 1397 1199 1269 1201 1248 1201 1345 1203 1212 1205 1212 1205 1285 1205 1347 1205 1283 1206 1283 1206 1318 1206 1418 1207 1378 1207 1306 1207 1324 1208 1243 1208 1323 1208 1240 1208 1297 1209 1292 1209 1313 1209 1331 1209 1257 1211 1231 1214 1254 1216 1253 1216 1270 1217 1345 1217 1268 1218 1237 1220 1328 1220 1285 1221 1407 1221 1225 1221 1280 1221 1348 1222 1384 1222 1224 1223 1265 1223 1337 1224 1505 1225 1291 1225 1348 1226 1261 1226 1299 1227 1300 1227 1395 1227 1461 1227 1341 1227 1245 1228 1388 1228 1326 1228 1575 1229 1279 1229 1359 1229 1242 1229 1454 1229 1604 1230 1329 1230 1354 1230 1437 1232 1247 1232 1312 1233 1404 1233 1427 1233 1433 1233 1344 1233 1411 1234 1423 1235 1395 1235 1419 1235 1429 1235 1302 1235 1279 1235 1595 1235 1585 1236 1312 1236 1423 1236 1329 1236 1551 1237 1263 1238 1243 1238 1292 1239 1383 1239 1311 1239 1421 1239 1536 1239 1387 1240 1297 1242 1296 1242 1352 1242 1436 1242 1483 1243 1384 1244 1599 1244 1422 1244 1420 1244 1369 1244 1342 1244 1587 1245 1377 1245 1530 1245 1539 1245 1404 1246 1294 1246 1286 1246 1595 1246 1353 1246 1352 1246 1436 1247 1299 1247 1264 1248 1309 1248 1345 1249 1397 1250 1326 1250 1271 1250 1575 1251 1300 1252 1394 1252 1301 1252 1536 1252 1382 1252 1538 1253 1429 1253 1269 1255 1287 1255 1271 1255 1370 1255 1573 1255 1494 1256 1461 1256 1485 1256 1404 1256 1600 1257 1331 1257 1264 1257 1367 1257 1420 1258 1306 1258 1324 1258 1298 1258 1308 1258 1332 1258 1525 1259 1300 1259 1307 1259 1547 1259 1356 1260 1423 1260 1276 1261 1330 1261 1267 1263 1323 1263 1325 1264 1313 1264 1284 1264 1593 1264 1350 1264 1555 1265 1292 1266 1538 1266 1535 1266 1520 1268 1441 1268 1590 1268 1421 1268 1410 1269 1353 1270 1414 1270 1416 1270 1429 1270 1534 1271 1371 1271 1565 1271 1362 1272 1396 1272 1593 1272 1339 1272 1496 1272 1488 1273 1305 1273 1407 1274 1365 1274 1409 1274 1379 1275 1525 1275 1502 1275 1724 1275 1630 1275 1559 1276 1355 1277 1435 1277 1575 1277 1460 1277 1469 1278 1367 1278 1376 1278 1360 1278 1507 1278 1537 1279 1341 1279 1585 1279 1449 1280 1423 1280 1389 1280 1565 1281 1400 1281 1399 1281 1526 1282 1315 1282 1402 1282 1564 1283 1408 1283 1324 1284 1351 1284 1299 1284 1409 1284 1562 1285 1408 1285 1417 1286 1294 1286 1415 1286 1296 1287 1358 1287 1551 1287 1591 1288 1325 1288 1413 1288 1387 1288 1356 1288 1334 1288 1530 1289 1392 1289 1296 1289 1359 1289 1370 1289 1411 1290 1303 1293 1441 1293 1523 1293 1410 1293 1381 1294 1419 1296 1415 1296 1371 1296 1412 1297 1383 1297 1399 1297 1413 1298 1428 1298 1418 1298 1461 1299 1351 1299 1312 1300 1325 1301 1394 1301 1378 1301 1383 1301 1311 1302 1416 1302 1401 1302 1581 1303 1565 1303 1456 1304 1375 1304 1361 1304 1576 1304 1478 1305 1319 1307 1367 1307 1343 1308 1552 1308 1311 1310 1589 1310 1456 1310 1498 1310 1494 1311 1324 1311 1536 1311 1535 1312 1386 1313 1366 1313 1338 1313 1396 1314 1608 1314 1525 1314 1549 1314 1578 1316 1353 1316 1447 1316 1495 1316 1719 1316 1468 1316 1596 1317 1424 1317 1329 1317 1452 1318 1325 1318 1428 1318 1461 1319 1415 1320 1402 1320 1564 1321 1590 1321 1410 1321 1451 1322 1489 1324 1378 1324 1417 1326 1389 1327 1402 1327 1505 1327 1374 1327 1563 1327 1446 1329 1562 1329 1398 1330 1372 1331 1526 1331 1374 1331 1342 1332 1416 1332 1608 1332 1450 1332 1346 1333 1421 1333 1410 1333 1405 1333 1541 1333 1520 1334 1405 1334 1422 1334 1457 1337 1368 1337 1406 1338 1406 1338 1593 1339 1489 1339 1572 1339 1603 1339 1798 1340 1357 1340 1432 1341 1547 1342 1426 1342 1350 1342 1598 1343 1539 1343 1398 1343 1466 1343 1433 1344 1392 1344 1433 1344 1362 1344 1529 1345 1394 1346 1600 1346 1581 1348 1423 1348 1392 1348 1385 1349 1608 1349 1534 1349 1578 1350 1488 1351 1406 1351 1424 1352 1435 1353 1495 1354 1562 1354 1379 1354 1504 1354 1572 1354 1652 1356 1539 1358 1423 1358 1380 1358 1589 1358 1551 1358 1375 1359 1547 1359 1404 1359 1411 1360 1555 1360 1433 1361 1379 1361 1438 1362 1385 1362 1484 1363 1505 1363 1523 1363 1426 1363 1465 1364 1407 1365 1425 1366 1406 1369 1590 1369 1426 1369 1594 1369 1503 1369 1587 1370 1522 1370 1558 1370 1506 1371 1389 1374 1396 1374 1446 1374 1496 1375 1380 1375 1498 1375 1471 1376 1422 1376 1530 1376 1588 1376 1561 1376 1543 1377 1387 1377 1431 1377 1502 1377 1609 1378 1552 1379 1499 1379 1452 1379 1438 1380 1386 1380 1425 1380 1452 1381 1465 1381 1583 1382 1430 1382 1410 1382 1541 1383 1430 1385 1565 1385 1466 1385 1551 1387 1428 1387 1405 1387 1535 1388 1412 1388 1435 1389 1565 1390 1575 1390 1573 1390 1522 1390 1469 1391 1423 1393 1538 1393 1525 1393 1510 1393 1549 1395 1419 1396 1582 1398 1562 1399 1516 1399 1590 1399 1526 1400 1516 1401 1534 1401 1447 1401 1512 1402 1505 1405 1502 1409 1499 1410 1430 1410 1574 1411 1604 1411 1667 1412 1575 1412 1604 1412 1483 1412 1522 1413 1599 1413 1422 1414 1417 1414 1608 1414 1534 1415 1547 1416 1417 1418 1485 1420 1507 1421 1599 1425 1452 1426 1446 1426 1503 1427 1539 1427 1561 1427 1609 1429 1595 1429 1447 1431 1461 1431 1535 1431 1485 1431 1450 1433 1537 1433 1463 1434 1558 1434 1506 1434 1445 1434 1792 1434 1642 1434 1610 1435 1483 1436 1449 1436 1495 1437 1466 1437 1484 1437 1493 1437 1463 1438 1572 1438 1798 1438 1652 1438 1533 1439 1600 1439 1545 1439 1514 1439 1442 1439 1646 1439 1746 1440 1819 1440 1743 1440 1648 1440 1804 1440 1764 1440 1650 1442 1719 1442 1778 1442 1571 1442 1518 1443 1561 1443 1609 1443 1709 1443 1527 1443 1688 1444 1559 1444 1459 1444 1628 1444 1688 1445 1591 1445 1558 1445 1791 1446 1515 1446 1760 1446 1560 1448 1541 1448 1574 1448 1553 1449 1585 1449 1454 1449 1468 1450 1525 1450 1578 1450 1600 1450 1559 1450 1514 1451 1520 1451 1457 1452 1504 1453 1515 1453 1560 1453 1670 1453 1644 1453 1492 1454 1531 1454 1620 1455 1732 1455 1752 1455 1491 1455 1701 1456 1573 1457 1520 1457 1587 1458 1755 1458 1509 1458 1630 1458 1543 1458 1481 1458 1532 1458 1621 1459 1561 1459 1543 1459 1693 1460 1483 1460 1469 1460 1464 1460 1792 1460 1795 1460 1606 1462 1667 1462 1787 1462 1542 1462 1749 1462 1799 1462 1812 1463 1732 1463 1493 1463 1787 1463 1666 1464 1620 1464 1511 1464 1671 1464 1703 1465 1515 1466 1551 1467 1503 1467 1583 1467 1797 1468 1671 1469 1522 1469 1695 1469 1606 1470 1631 1470 1607 1470 1690 1470 1784 1471 1551 1471 1475 1471 1484 1471 1528 1472 1515 1472 1760 1472 1586 1472 1546 1472 1644 1473 1743 1473 1787 1473 1615 1474 1549 1474 1724 1474 1557 1474 1612 1475 1504 1475 1652 1475 1592 1475 1640 1475 1570 1476 1671 1476 1749 1476 1636 1476 1703 1476 1633 1476 1704 1477 1578 1477 1724 1477 1744 1478 1602 1478 1570 1479 1791 1479 1698 1479 1487 1479 1750 1479 1780 1480 1562 1480 1555 1480 1572 1480 1652 1480 1548 1480 1493 1481 1553 1481 1654 1481 1643 1481 1747 1481 1619 1482 1606 1482 1759 1483 1511 1484 1591 1484 1640 1484 1506 1484 1666 1485 1585 1486 1810 1486 1668 1486 1687 1486 1638 1487 1678 1487 1660 1488 1555 1488 1496 1488 1598 1488 1544 1488 1548 1488 1517 1489 1582 1489 1499 1490 1603 1490 1758 1491 1743 1491 1804 1491 1681 1492 1668 1492 1752 1492 1781 1492 1683 1493 1544 1493 1819 1493 1743 1494 1513 1494 1678 1495 1511 1496 1563 1496 1560 1496 1810 1497 1744 1497 1614 1497 1524 1497 1557 1497 1803 1498 1591 1498 1576 1500 1640 1500 1743 1500 1666 1500 1813 1500 1650 1500 1682 1501 1577 1501 1724 1502 1535 1502 1755 1503 1588 1503 1515 1503 1670 1504 1551 1506 1519 1506 1771 1507 1555 1507 1588 1507 1741 1508 1635 1508 1580 1508 1643 1508 1786 1509 1594 1509 1587 1509 1670 1509 1643 1510 1541 1510 1724 1511 1671 1512 1550 1512 1717 1513 1591 1514 1717 1514 1614 1515 1760 1517 1668 1517 1687 1517 1819 1518 1686 1518 1783 1518 1631 1518 1776 1518 1811 1519 1604 1519 1771 1520 1577 1520 1630 1521 1652 1521 1548 1521 1765 1522 1604 1523 1590 1524 1724 1524 1689 1524 1661 1525 1535 1527 1567 1527 1746 1527 1542 1528 1791 1528 1698 1529 1667 1529 1787 1529 1666 1530 1539 1531 1609 1531 1709 1532 1670 1532 1752 1533 1602 1537 1741 1537 1732 1537 1709 1538 1541 1540 1549 1540 1550 1540 1557 1541 1577 1542 1693 1542 1753 1543 1588 1543 1670 1543 1752 1544 1555 1544 1732 1544 1569 1545 1585 1545 1567 1546 1760 1546 1624 1546 1672 1546 1728 1548 1572 1548 1603 1548 1687 1550 1578 1550 1614 1550 1554 1553 1635 1553 1605 1553 1580 1554 1686 1554 1783 1554 1696 1554 1737 1555 1562 1556 1610 1556 1680 1556 1660 1556 1664 1556 1770 1557 1745 1557 1639 1558 1573 1558 1695 1559 1755 1559 1609 1559 1744 1560 1760 1560 1668 1561 1755 1561 1741 1561 1693 1562 1593 1563 1601 1563 1566 1565 1589 1566 1810 1566 1777 1567 1667 1567 1620 1567 1571 1568 1654 1568 1689 1568 1662 1569 1598 1569 1741 1569 1584 1570 1740 1570 1813 1571 1749 1571 1754 1572 1593 1574 1635 1576 1698 1577 1724 1577 1605 1579 1620 1579 1771 1579 1636 1581 1585 1581 1717 1581 1719 1582 1601 1583 1635 1583 1586 1584 1626 1584 1683 1584 1809 1584 1701 1586 1644 1586 1786 1586 1726 1592 1640 1592 1819 1594 1635 1596 1707 1596 1631 1597 1798 1597 1687 1597 1765 1597 1773 1598 1668 1601 1603 1602 1765 1602 1655 1603 1810 1605 1747 1606 1703 1606 1759 1607 1795 1610 1678 1610 1759 1610 1775 1611 1653 1611 1772 1611 1673 1611 1736 1612 1651 1612 1745 1613 1820 1613 1800 1613 1710 1613 1841 1614 1646 1614 1783 1614 1696 1615 1771 1615 1642 1615 1753 1615 1812 1615 1682 1615 1789 1616 1804 1616 1713 1616 1801 1616 1830 1617 1728 1617 1748 1617 1669 1618 1674 1618 1721 1618 1727 1619 1621 1619 1751 1621 1715 1621 1675 1622 1666 1622 1791 1622 1642 1622 1775 1623 1761 1623 1706 1624 1668 1624 1644 1624 1672 1624 1638 1624 1683 1625 1835 1625 1818 1625 1793 1625 1825 1625 1846 1626 1687 1626 1819 1626 1809 1627 1764 1627 1655 1627 1774 1627 1848 1628 1744 1628 1689 1628 1746 1628 1715 1628 1803 1628 1694 1629 1632 1629 1676 1629 1692 1629 1831 1630 1689 1631 1671 1631 1811 1632 1696 1632 1737 1632 1729 1632 1779 1633 1754 1633 1712 1633 1733 1633 1817 1633 1772 1634 1681 1634 1753 1634 1718 1634 1649 1634 1827 1634 1833 1636 1792 1636 1642 1636 1697 1637 1746 1637 1778 1637 1749 1637 1799 1637 1738 1637 1712 1638 1728 1638 1657 1639 1696 1639 1659 1639 1818 1639 1729 1641 1788 1641 1658 1641 1825 1642 1805 1643 1797 1643 1674 1644 1726 1644 1722 1644 1781 1645 1712 1645 1817 1645 1756 1645 1843 1646 1744 1646 1803 1647 1809 1647 1804 1647 1684 1647 1829 1648 1740 1648 1813 1648 1801 1648 1700 1649 1733 1649 1665 1649 1833 1649 1840 1649 1849 1650 1713 1650 1801 1651 1654 1651 1747 1651 1807 1653 1703 1653 1704 1653 1673 1654 1724 1655 1740 1656 1794 1656 1780 1656 1680 1656 1841 1657 1708 1657 1705 1657 1734 1658 1745 1658 1835 1658 1818 1658 1679 1658 1838 1659 1679 1659 1838 1660 1780 1660 1770 1661 1745 1661 1788 1662 1832 1662 1824 1662 1788 1663 1672 1663 1669 1664 1763 1664 1673 1664 1847 1665 1691 1665 1731 1665 1849 1667 1709 1667 1771 1669 1748 1669 1822 1670 1797 1671 1754 1672 1726 1672 1708 1672 1814 1673 1847 1674 1722 1674 1751 1674 1706 1674 1802 1674 1832 1675 1821 1675 1685 1676 1778 1676 1808 1676 1793 1676 1677 1677 1712 1677 1793 1677 1831 1677 1846 1677 1843 1678 1695 1679 1739 1679 1828 1680 1775 1680 1697 1680 1794 1680 1766 1681 1821 1681 1684 1682 1711 1682 1794 1683 1781 1683 1705 1684 1713 1684 1845 1684 1827 1685 1694 1685 1714 1685 1835 1685 1742 1685 1837 1686 1719 1686 1737 1687 1773 1688 1821 1688 1694 1688 1735 1690 1754 1690 1815 1691 1812 1691 1704 1691 1817 1691 1763 1692 1776 1692 1815 1692 1831 1692 1716 1692 1756 1693 1741 1694 1746 1694 1738 1694 1793 1695 1759 1696 1808 1697 1759 1698 1813 1699 1821 1699 1824 1699 1845 1700 1813 1700 1750 1700 1711 1700 1768 1700 1710 1701 1762 1702 1834 1702 1790 1702 1748 1702 1782 1702 1829 1703 1795 1704 1772 1704 1763 1705 1809 1705 1723 1705 1845 1705 1734 1705 1842 1706 1802 1706 1826 1707 1795 1708 1722 1708 1781 1709 1787 1711 1730 1711 1768 1711 1800 1712 1776 1713 1753 1713 1730 1714 1788 1714 1839 1715 1835 1716 1815 1716 1779 1717 1783 1718 1845 1718 1796 1720 1738 1720 1793 1720 1837 1720 1846 1721 1761 1721 1814 1721 1725 1722 1761 1723 1781 1723 1762 1723 1725 1725 1727 1725 1842 1727 1832 1727 1824 1728 1777 1729 1806 1730 1789 1730 1827 1730 1849 1731 1805 1731 1794 1732 1741 1733 1812 1733 1738 1733 1840 1734 1748 1735 1821 1735 1799 1735 1742 1736 1772 1736 1784 1736 1836 1737 1816 1738 1742 1738 1840 1739 1745 1739 1807 1739 1844 1740 1750 1741 1752 1742 1833 1747 1802 1748 1809 1748 1785 1750 1813 1751 1781 1752 1821 1752 1762 1753 1799 1753 1789 1754 1776 1756 1815 1757 1802 1757 1767 1757 1788 1757 1839 1758 1777 1758 1834 1762 1781 1762 1824 1763 1766 1764 1765 1764 1801 1765 1773 1765 1774 1766 1847 1767 1802 1767 1807 1767 1823 1767 1769 1768 1801 1769 1844 1771 1787 1772 1784 1772 1836 1773 1834 1773 1790 1774 1782 1775 1820 1778 1783 1779 1806 1780 1820 1782 1848 1783 1808 1785 1834 1785 1822 1788 1844 1788 1835 1789 1805 1790 1804 1790 1830 1794 1800 1796 1824 1796 1837 1799 1812 1801 1830 1803 1808 1806 1818 1808 1818 1811 1816 1813 1820 1817 1836 1818 1838 1822 1829 1823 1826 1825 1837 1826 1832 1828 1844 1830 1848 1832 1839 1840 1843 1842 1845
</DataArray>
        <DataArray type="Int64" Name="offsets" NumberOfComponents="1" format="ascii">
2 4 6 8 10 12 14 16 18 20 22 24 26 28 30 32 34 36 38 40 42 44 46 48 50 52 54 56 58 60 62 64 66 68 70 72 74 76 78 80 82 84 86 88 90 92 94 96 98 100 102 104 106 108 110 112 114 116 118 120 122 124 126 128 130 132 134 136 138 140 142 144 146 148 150 152 154 156 158 160 162 164 166 168 170 172 174 176 178 180 182 184 186 188 190 192 194 196 198 200 202 204 206 208 210 212 214 216 218 220 222 224 226 228 230 232 234 236 238 240 242 244 246 248 250 252 254 256 258 260 262 264 266 268 270 272 274 276 278 280 282 284 286 288 290 292 294 296 298 300 302 304 306 308 310 312 314 316 318 320 322 324 326 328 330 332 334 336 338 340 342 344 346 348 350 352 354 356 358 360 362 364 366 368 370 372 374 376 378 380 382 384 386 388 390 392 394 396 398 400 402 404 406 408 410 412 414 416 418 420 422 424 426 428 430 432 434 436 438 440 442 444 446 448 450 452 454 456 458 460 462 464 466 468 470 472 474 476 478 480 482 484 486 488 490 492 494 496 498 500 502 504 506 508 510 512 514 516 518 520 522 524 526 528 530 532 534 536 538 540 542 544 546 548 550 552 554 556 558 560 562 564 566 568 570 572 574 576 578 580 582 584 586 588 590 592 594 596 598 600 602 604 606 608 610 612 614 616 618 620 622 624 626 628 630 632 634 636 638 640 642 644 646 648 650 652 654 656 658 660 662 664 666 668 670 672 674 676 678 680 682 684 686 688 690 692 694 696 698 700 702 704 706 708 710 712 714 716 718 720 722 724 726 728 730 732 734 736 738 740 742 744 746 748 750 752 754 756 758 760 762 764 766 768 770 772 774 776 778 780 782 784 786 788 790 792 794 796 798 800 802 804 806 808 810 812 814 816 818 820 822 824 826 828 830 832 834 836 838 840 842 844 846 848 850 852 854 856 858 860 862 864 866 868 870 872 874 876 878 880 882 884 886 888 890 892 894 896 898 900 902 904 906 908 910 912 914 916 918 920 922 924 926 928 930 932 934 936 938 940 942 944 946 948 950 952 954 956 958 960 962 964 966 968 970 972 974 976 978 980 982 984 986 988 990 992 994 996 998 1000 1002 1004 1006 1008 1010 1012 1014 1016 1018 1020 1022 1024 1026 1028 1030 1032 1034 1036 1038 1040 1042 1044 1046 1048 1050 1052 1054 1056 1058 1060 1062 1064 1066 1068 1070 1072 1074 1076 1078 1080 1082 1084 1086 1088 1090 1092 1094 1096 1098 1100 1102 1104 1106 1108 1110 1112 1114 1116 1118 1120 1122 1124 1126 1128 1130 1132 1134 1136 1138 1140 1142 1144 1146 1148 1150 1152 1154 1156 1158 1160 1162 1164 1166 1168 1170 1172 1174 1176 1178 1180 1182 1184 1186 1188 1190 1192 1194 1196 1198 1200 1202 1204 1206 1208 1210 1212 1214 1216 1218 1220 1222 1224 1226 1228 1230 1232 1234 1236 1238 1240 1242 1244 1246 1248 1250 1252 1254 1256 1258 1260 1262 1264 1266 1268 1270 1272 1274 1276 1278 1280 1282 1284 1286 1288 1290 1292 1294 1296 1298 1300 1302 1304 1306 1308 1310 1312 1314 1316 1318 1320 1322 1324 1326 1328 1330 1332 1334 1336 1338 1340 1342 1344 1346 1348 1350 1352 1354 1356 1358 1360 1362 1364 1366 1368 1370 1372 1374 1376 1378 1380 1382 1384 1386 1388 1390 1392 1394 1396 1398 1400 1402 1404 1406 1408 1410 1412 1414 1416 1418 1420 1422 1424 1426 1428 1430 1432 1434 1436 1438 1440 1442 1444 1446 1448 1450 1452 1454 1456 1458 1460 1462 1464 1466 1468 1470 1472 1474 1476 1478 1480 1482 1484 1486 1488 1490 1492 1494 1496 1498 1500 1502 1504 1506 1508 1510 1512 1514 1516 1518 1520 1522 1524 1526 1528 1530 1532 1534 1536 1538 1540 1542 1544 1546 1548 1550 1552 1554 1556 1558 1560 1562 1564 1566 1568 1570 1572 1574 1576 1578 1580 1582 1584 1586 1588 1590 1592 1594 1596 1598 1600 1602 1604 1606 1608 1610 1612 1614 1616 1618 1620 1622 1624 1626 1628 1630 1632 1634 1636 1638 1640 1642 1644 1646 1648 1650 1652 1654 1656 1658 1660 1662 1664 1666 1668 1670 1672 1674 1676 1678 1680 1682 1684 1686 1688 1690 1692 1694 1696 1698 1700 1702 1704 1706 1708 1710 1712 1714 1716 1718 1720 1722 1724 1726 1728 1730 1732 1734 1736 1738 1740 1742 1744 1746 1748 1750 1752 1754 1756 1758 1760 1762 1764 1766 1768 1770 1772 1774 1776 1778 1780 1782 1784 1786 1788 1790 1792 1794 1796 1798 1800 1802 1804 1806 1808 1810 1812 1814 1816 1818 1820 1822 1824 1826 1828 1830 1832 1834 1836 1838 1840 1842 1844 1846 1848 1850 1852 1854 1856 1858 1860 1862 1864 1866 1868 1870 1872 1874 1876 1878 1880 1882 1884 1886 1888 1890 1892 1894 1896 1898 1900 1902 1904 1906 1908 1910 1912 1914 1916 1918 1920 1922 1924 1926 1928 1930 1932 1934 1936 1938 1940 1942 1944 1946 1948 1950 1952 1954 1956 1958 1960 1962 1964 1966 1968 1970 1972 1974 1976 1978 1980 1982 1984 1986 1988 1990 1992 1994 1996 1998 2000 2002 2004 2006 2008 2010 2012 2014 2016 2018 2020 2022 2024 2026 2028 2030 2032 2034 2036 2038 2040 2042 2044 2046 2048 2050 2052 2054 2056 2058 2060 2062 2064 2066 2068 2070 2072 2074 2076 2078 2080 2082 2084 2086 2088 2090 2092 2094 2096 2098 2100 2102 2104 2106 2108 2110 2112 2114 2116 2118 2120 2122 2124 2126 2128 2130 2132 2134 2136 2138 2140 2142 2144 2146 2148 2150 2152 2154 2156 2158 2160 2162 2164 2166 2168 2170 2172 2174 2176 2178 2180 2182 2184 2186 2188 2190 2192 2194 2196 2198 2200 2202 2204 2206 2208 2210 2212 2214 2216 2218 2220 2222 2224 2226 2228 2230 2232 2234 2236 2238 2240 2242 2244 2246 2248 2250 2252 2254 2256 2258 2260 2262 2264 2266 2268 2270 2272 2274 2276 2278 2280 2282 2284 2286 2288 2290 2292 2294 2296 2298 2300 2302 2304 2306 2308 2310 2312 2314 2316 2318 2320 2322 2324 2326 2328 2330 2332 2334 2336 2338 2340 2342 2344 2346 2348 2350 2352 2354 2356 2358 2360 2362 2364 2366 2368 2370 2372 2374 2376 2378 2380 2382 2384 2386 2388 2390 2392 2394 2396 2398 2400 2402 2404 2406 2408 2410 2412 2414 2416 2418 2420 2422 2424 2426 2428 2430 2432 2434 2436 2438 2440 2442 2444 2446 2448 2450 2452 2454 2456 2458 2460 2462 2464 2466 2468 2470 2472 2474 2476 2478 2480 2482 2484 2486 2488 2490 2492 2494 2496 2498 2500 2502 2504 2506 2508 2510 2512 2514 2516 2518 2520 2522 2524 2526 2528 2530 2532 2534 2536 2538 2540 2542 2544 2546 2548 2550 2552 2554 2556 2558 2560 2562 2564 2566 2568 2570 2572 2574 2576 2578 2580 2582 2584 2586 2588 2590 2592 2594 2596 2598 2600 2602 2604 2606 2608 2610 2612 2614 2616 2618 2620 2622 2624 2626 2628 2630 2632 2634 2636 2638 2640 2642 2644 2646 2648 2650 2652 2654 2656 2658 2660 2662 2664 2666 2668 2670 2672 2674 2676 2678 2680 2682 2684 2686 2688 2690 2692 2694 2696 2698 2700 2702 2704 2706 2708 2710 2712 2714 2716 2718 2720 2722 2724 2726 2728 2730 2732 2734 2736 2738 2740 2742 2744 2746 2748 2750 2752 2754 2756 2758 2760 2762 2764 2766 2768 2770 2772 2774 2776 2778 2780 2782 2784 2786 2788 2790 2792 2794 2796 2798 2800 2802 2804 2806 2808 2810 2812 2814 2816 2818 2820 2822 2824 2826 2828 2830 2832 2834 2836 2838 2840 2842 2844 2846 2848 2850 2852 2854 2856 2858 2860 2862 2864 2866 2868 2870 2872 2874 2876 2878 2880 2882 2884 2886 2888 2890 2892 2894 2896 2898 2900 2902 2904 2906 2908 2910 2912 2914 2916 2918 2920 2922 2924 2926 2928 2930 2932 2934 2936 2938 2940 2942 2944 2946 2948 2950 2952 2954 2956 2958 2960 2962 2964 2966 2968 2970 2972 2974 2976 2978 2980 2982 2984 2986 2988 2990 2992 2994 2996 2998 3000 3002 3004 3006 3008 3010 3012 3014 3016 3018 3020 3022 3024 3026 3028 3030 3032 3034 3036 3038 3040 3042 3044 3046 3048 3050 3052 3054 3056 3058 3060 3062 3064 3066 3068 3070 3072 3074 3076 3078 3080 3082 3084 3086 3088 3090 3092 3094 3096 3098 3100 3102 3104 3106 3108 3110 3112 3114 3116 3118 3120 3122 3124 3126 3128 3130 3132 3134 3136 3138 3140 3142 3144 3146 3148 3150 3152 3154 3156 3158 3160 3162 3164 3166 3168 3170 3172 3174 3176 3178 3180 3182 3184 3186 3188 3190 3192 3194 3196 3198 3200 3202 3204 3206 3208 3210 3212 3214 3216 3218 3220 3222 3224 3226 3228 3230 3232 3234 3236 3238 3240 3242 3244 3246 3248 3250 3252 3254 3256 3258 3260 3262 3264 3266 3268 3270 3272 3274 3276 3278 3280 3282 3284 3286 3288 3290 3292 3294 3296 3298 3300 3302 3304 3306 3308 3310 3312 3314 3316 3318 3320 3322 3324 3326 3328 3330 3332 3334 3336 3338 3340 3342 3344 3346 3348 3350 3352 3354 3356 3358 3360 3362 3364 3366 3368 3370 3372 3374 3376 3378 3380 3382 3384 3386 3388 3390 3392 3394 3396 3398 3400 3402 3404 3406 3408 3410 3412 3414 3416 3418 3420 3422 3424 3426 3428 3430 3432 3434 3436 3438 3440 3442 3444 3446 3448 3450 3452 3454 3456 3458 3460 3462 3464 3466 3468 3470 3472 3474 3476 3478 3480 3482 3484 3486 3488 3490 3492 3494 3496 3498 3500 3502 3504 3506 3508 3510 3512 3514 3516 3518 3520 3522 3524 3526 3528 3530 3532 3534 3536 3538 3540 3542 3544 3546 3548 3550 3552 3554 3556 3558 3560 3562 3564 3566 3568 3570 3572 3574 3576 3578 3580 3582 3584 3586 3588 3590 3592 3594 3596 3598 3600 3602 3604 3606 3608 3610 3612 3614 3616 3618 3620 3622 3624 3626 3628 3630 3632 3634 3636 3638 3640 3642 3644 3646 3648 3650 3652 3654 3656 3658 3660 3662 3664 3666 3668 3670 3672 3674 3676 3678 3680 3682 3684 3686 3688 3690 3692 3694 3696 3698 3700 3702 3704 3706 3708 3710 3712 3714 3716 3718 3720 3722 3724 3726 3728 3730 3732 3734 3736 3738 3740 3742 3744 3746 3748 3750 3752 3754 3756 3758 3760 3762 3764 3766 3768 3770 3772 3774 3776 3778 3780 3782 3784 3786 3788 3790 3792 3794 3796 3798 3800 3802 3804 3806 3808 3810 3812 3814 3816 3818 3820 3822 3824 3826 3828 3830 3832 3834 3836 3838 3840 3842 3844 3846 3848 3850 3852 3854 3856 3858 3860 3862 3864 3866 3868 3870 3872 3874 3876 3878 3880 3882 3884 3886 3888 3890 3892 3894 3896 3898 3900 3902 3904 3906 3908 3910 3912 3914 3916 3918 3920 3922 3924 3926 3928 3930 3932 3934 3936 3938 3940 3942 3944 3946 3948 3950 3952 3954 3956 3958 3960 3962 3964 3966 3968 3970 3972 3974 3976 3978 3980 3982 3984 3986 3988 3990 3992 3994 3996 3998 4000 4002 4004 4006 4008 4010 4012 4014 4016 4018 4020 4022 4024 4026 4028 4030 4032 4034 4036 4038 4040 4042 4044 4046 4048 4050 4052 4054 4056 4058 4060 4062 4064 4066 4068 4070 4072 4074 4076 4078 4080 4082 4084 4086 4088 4090 4092 4094 4096 4098 4100 4102 4104 4106 4108 4110 4112 4114 4116 4118 4120 4122 4124 4126 4128 4130 4132 4134 4136 4138 4140 4142 4144 4146 4148 4150 4152 4154 4156 4158 4160 4162 4164 4166 4168 4170 4172 4174 4176 4178 4180 4182 4184 4186 4188 4190 4192 4194 4196 4198 4200 4202 4204 4206 4208 4210 4212 4214 4216 4218 4220 4222 4224 4226 4228 4230 4232 4234 4236 4238 4240 4242 4244 4246 4248 4250 4252 4254 4256 4258 4260 4262 4264 4266 4268 4270 4272 4274 4276 4278 4280 4282 4284 4286 4288 4290 4292 4294 4296 4298 4300 4302 4304 4306 4308 4310 4312 4314 4316 4318 4320 4322 4324 4326 4328 4330 4332 4334 4336 4338 4340 4342 4344 4346 4348 4350 4352 4354 4356 4358 4360 4362 4364 4366 4368 4370 4372 4374 4376 4378 4380 4382 4384 4386 4388 4390 4392 4394 4396 4398 4400 4402 4404 4406 4408 4410 4412 4414 4416 4418 4420 4422 4424 4426 4428 4430 4432 4434 4436 4438 4440 4442 4444 4446 4448 4450 4452 4454 4456 4458 4460 4462 4464 4466 4468 4470 4472 4474 4476 4478 4480 4482 4484 4486 4488 4490 4492 4494 4496 4498 4500 4502 4504 4506 4508 4510 4512 4514 4516 4518 4520 4522 4524 4526 4528 4530 4532 4534 4536 4538 4540 4542 4544 4546 4548 4550 4552 4554 4556 4558 4560 4562 4564 4566 4568 4570 4572 4574 4576 4578 4580 4582 4584 4586 4588 4590 4592 4594 4596 4598 4600 4602 4604 4606 4608 4610 4612 4614 4616 4618 4620 4622 4624 4626 4628 4630 4632 4634 4636 4638 4640 4642 4644 4646 4648 4650 4652 4654 4656 4658 4660 4662 4664 4666 4668 4670 4672 4674 4676 4678 4680 4682 4684 4686 4688 4690 4692 4694 4696 4698 4700 4702 4704 4706 4708 4710 4712 4714 4716 4718 4720 4722 4724 4726 4728 4730 4732 4734 4736 4738 4740 4742 4744 4746 4748 4750 4752 4754 4756 4758 4760 4762 4764 4766 4768 4770 4772 4774 4776 4778 4780 4782 4784 4786 4788 4790 4792 4794 4796 4798 4800 4802 4804 4806 4808 4810 4812 4814 4816 4818 4820 4822 4824 4826 4828 4830 4832 4834 4836 4838 4840 4842 4844 4846 4848 4850 4852 4854 4856 4858 4860 4862 4864 4866 4868 4870 4872 4874 4876 4878 4880 4882 4884 4886 4888 4890 4892 4894 4896 4898 4900 4902 4904 4906 4908 4910 4912 4914 4916 4918 4920 4922 4924 4926 4928 4930 4932 4934 4936 4938 4940 4942 4944 4946 4948 4950 4952 4954 4956 4958 4960 4962 4964 4966 4968 4970 4972 4974 4976 4978 4980 4982 4984 4986 4988 4990 4992 4994 4996 4998 5000 5002 5004 5006 5008 5010 5012 5014 5016 5018 5020 5022 5024 5026 5028 5030 5032 5034 5036 5038 5040 5042 5044 5046 5048 5050 5052 5054 5056 5058 5060 5062 5064 5066 5068 5070 5072 5074 5076 5078 5080 5082 5084 5086 5088 5090 5092 5094 5096 5098 5100 5102 5104 5106 5108 5110 5112 5114 5116 5118 5120 5122 5124 5126 5128 5130 5132 5134 5136 5138 5140 5142 5144 5146 5148 5150 5152 5154 5156 5158 5160 5162 5164 5166 5168 5170 5172 5174 5176 5178 5180 5182 5184 5186 5188 5190 5192 5194 5196 5198 5200 5202 5204 5206 5208 5210 5212 5214 5216 5218 5220 5222 5224 5226 5228 5230 5232 5234 5236 5238 5240 5242 5244 5246 5248 5250 5252 5254 5256 5258 5260 5262 5264 5266 5268 5270 5272 5274 5276 5278 5280 5282 5284 5286 5288 5290 5292 5294 5296 5298 5300 5302 5304 5306 5308 5310 5312 5314 5316 5318 5320 5322 5324 5326 5328 5330 5332 5334 5336 5338 5340 5342 5344 5346 5348 5350 5352 5354 5356 5358 5360 5362 5364 5366 5368 5370 5372 5374 5376 5378 5380 5382 5384 5386 5388 5390 5392 5394 5396 5398 5400 5402 5404 5406 5408 5410 5412 5414 5416 5418 5420 5422 5424 5426 5428 5430 5432 5434 5436 5438 5440 5442 5444 5446 5448 5450 5452 5454 5456 5458 5460 5462 5464 5466 5468 5470 5472 5474 5476 5478 5480 5482 5484 5486 5488 5490 5492 5494 5496 5498 5500 5502 5504 5506 5508 5510 5512 5514 5516 5518 5520 5522 5524 5526 5528 5530 5532 5534 5536 5538 5540 5542 5544 5546 5548 5550 5552 5554 5556 5558 5560 5562 5564 5566 5568 5570 5572 5574 5576 5578 5580 5582 5584 5586 5588 5590 5592 5594 5596 5598 5600 5602 5604 5606 5608 5610 5612 5614 5616 5618 5620 5622 5624 5626 5628 5630 5632 5634 5636 5638 5640 5642 5644 5646 5648 5650 5652 5654 5656 5658 5660 5662 5664 5666 5668 5670 5672 5674 5676 5678 5680 5682 5684 5686 5688 5690 5692 5694 5696 5698 5700 5702 5704 5706 5708 5710 5712 5714 5716 5718 5720 5722 5724 5726 5728 5730 5732 5734 5736 5738 5740 5742 5744 5746 5748 5750 5752 5754 5756 5758 5760 5762 5764 5766 5768 5770 5772 5774 5776 5778 5780 5782 5784 5786 5788 5790 5792 5794 5796 5798 5800 5802 5804 5806 5808 5810 5812 5814 5816 5818 5820 5822 5824 5826 5828 5830 5832 5834 5836 5838 5840 5842 5844 5846 5848 5850 5852 5854 5856 5858 5860 5862 5864 5866 5868 5870 5872 5874 5876 5878 5880 5882 5884 5886 5888 5890 5892 5894 5896 5898 5900 5902 5904 5906 5908 5910 5912 5914 5916 5918 5920 5922 5924 5926 5928 5930 5932 5934 5936 5938 5940 5942 5944 5946 5948 5950 5952 5954 5956 5958 5960 5962 5964 5966 5968 5970 5972 5974 5976 5978 5980 5982 5984 5986 5988 5990 5992 5994 5996 5998 6000 6002 6004 6006 6008 6010 6012 6014 6016 6018 6020 6022 6024 6026 6028 6030 6032 6034 6036 6038 6040 6042 6044 6046 6048 6050 6052 6054 6056 6058 6060 6062 6064 6066 6068 6070 6072 6074 6076 6078 6080 6082 6084 6086 6088 6090 6092 6094 6096 6098 6100 6102 6104 6106 6108 6110 6112 6114 6116 6118 6120 6122 6124 6126 6128 6130 6132 6134 6136 6138 6140 6142 6144 6146 6148 6150 6152 6154 6156 6158 6160 6162 6164 6166 6168 6170 6172 6174 6176 6178 6180 6182 6184 6186 6188 6190 6192 6194 6196 6198 6200 6202 6204 6206 6208 6210 6212 6214 6216 6218 6220 6222 6224 6226 6228 6230 6232 6234 6236 6238 6240 6242 6244 6246 6248 6250 6252 6254 6256 6258 6260 6262 6264 6266 6268 6270 6272 6274 6276 6278 6280 6282 6284 6286 6288 6290 6292 6294 6296 6298 6300 6302 6304 6306 6308 6310 6312 6314 6316 6318 6320 6322 6324 6326 6328 6330 6332 6334 6336 6338 6340 6342 6344 6346 6348 6350 6352 6354 6356 6358 6360 6362 6364 6366 6368 6370 6372 6374 6376 6378 6380 6382 6384 6386 6388 6390 6392 6394 6396 6398 6400 6402 6404 6406 6408 6410 6412 6414 6416 6418 6420 6422 6424 6426 6428 6430 6432 6434 6436 6438 6440 6442 6444 6446 6448 6450 6452 6454 6456 6458 6460 6462 6464 6466 6468 6470 6472 6474 6476 6478 6480 6482 6484 6486 6488 6490 6492 6494 6496 6498 6500 6502 6504 6506 6508 6510 6512 6514 6516 6518 6520 6522 6524 6526 6528 6530 6532 6534 6536 6538 6540 6542 6544 6546 6548 6550 6552 6554 6556 6558 6560 6562 6564 6566 6568 6570 6572 6574 6576 6578 6580 6582 6584 6586 6588 6590 6592 6594 6596 6598 6600 6602 6604 6606 6608 6610 6612 6614 6616 6618 6620 6622 6624 6626 6628 6630 6632 6634 6636 6638 6640 6642 6644 6646 6648 6650 6652 6654 6656 6658 6660 6662 6664 6666 6668 6670 6672 6674 6676 6678 6680 6682 6684 6686 6688 6690 6692 6694 6696 6698 6700 6702 6704 6706 6708 6710 6712 6714 6716 6718 6720 6722 6724 6726 6728 6730 6732 6734 6736 6738 6740 6742 6744 6746 6748 6750 6752 6754 6756 6758 6760 6762 6764 6766 6768 6770 6772 6774 6776 6778 6780 6782 6784 6786 6788 6790 6792 6794 6796 6798 6800 6802 6804 6806 6808 6810 6812 6814 6816 6818 6820 6822 6824 6826 6828 6830 6832 6834 6836 6838 6840 6842 6844 6846 6848 6850 6852 6854 6856 6858 6860 6862 6864 6866 6868 6870 6872 6874 6876 6878 6880 6882 6884 6886 6888 6890 6892 6894 6896 6898 6900 6902 6904 6906 6908 6910 6912 6914 6916 6918 6920 6922 6924 6926 6928 6930 6932 6934 6936 6938 6940 6942 6944 6946 6948 6950 6952 6954 6956 6958 6960 6962 6964 6966 6968 6970 6972 6974 6976 6978 6980 6982 6984 6986 6988 6990 6992 6994 6996 6998 7000 7002 7004 7006 7008 7010 7012 7014 7016 7018 7020 7022 7024 7026 7028 7030 7032 7034 7036 7038 7040 7042 7044 7046 7048 7050 7052 7054 7056 7058 7060 7062 7064 7066 7068 7070 7072 7074 7076 7078 7080 7082 7084 7086 7088 7090 7092 7094 7096 7098 7100 7102 7104 7106 7108 7110 7112 7114 7116 7118 7120 7122 7124 7126 7128 7130 7132 7134 7136 7138 7140 7142 7144 7146 7148 7150 7152 7154 7156 7158 7160 7162 7164 7166 7168 7170 7172 7174 7176 7178 7180 7182 7184 7186 7188 7190 7192 7194 7196 7198 7200 7202 7204 7206 7208 7210 7212 7214 7216 7218 7220 7222 7224 7226 7228 7230 7232 7234 7236 7238 7240 7242 7244 7246 7248 7250 7252 7254 7256 7258 7260 7262 7264 7266 7268 7270 7272 7274 7276 7278 7280 7282 7284 7286 7288 7290 7292 7294 7296 7298 7300 7302 7304 7306 7308 7310 7312 7314 7316 7318 7320 7322 7324 7326 7328 7330 7332 7334 7336 7338 7340 7342 7344 7346 7348 7350 7352 7354 7356 7358 7360 7362 7364 7366 7368 7370 7372 7374 7376 7378 7380 7382 7384 7386 7388 7390 7392 7394 7396 7398 7400 7402 7404 7406 7408 7410 7412 7414 7416 7418 7420 7422 7424 7426 7428 7430 7432 7434 7436 7438 7440 7442 7444 7446 7448 7450 7452 7454 7456 7458 7460 7462 7464 7466 7468 7470 7472 7474 7476 7478 7480 7482 7484 7486 7488 7490 7492 7494 7496 7498 7500 7502 7504 7506 7508 7510 7512 7514 7516 7518 7520 7522 7524 7526 7528 7530 7532 7534 7536 7538 7540 7542 7544 7546 7548 7550 7552 7554 7556 7558 7560 7562 7564 7566 7568 7570 7572 7574 7576 7578 7580 7582 7584 7586 7588 7590 7592 7594 7596 7598 7600 7602 7604 7606 7608 7610 7612 7614 7616 7618 7620 7622 7624 7626 7628 7630 7632 7634 7636 7638 7640 7642 7644 7646 7648 7650 7652 7654 7656 7658 7660 7662 7664 7666 7668 7670 7672 7674 7676 7678 7680 7682 7684 7686 7688 7690 7692 7694 7696 7698 7700 7702 7704 7706 7708 7710 7712 7714 7716 7718 7720 7722 7724 7726 7728 7730 7732 7734 7736 7738 7740 7742 7744 7746 7748 7750 7752 7754 7756 7758 7760 7762 7764 7766 7768 7770 7772 7774 7776 7778 7780 7782 7784 7786 7788 7790 7792 7794 7796 7798 7800 7802 7804 7806 7808 7810 7812 7814 7816 7818 7820 7822 7824 7826 7828 7830 7832 7834 7836 7838 7840 7842 7844 7846 7848 7850 7852 7854 7856 7858 7860 7862 7864 7866 7868 7870 7872 7874 7876 7878 7880 7882 7884 7886 7888 7890 7892 7894 7896 7898 7900 7902 7904 7906 7908 7910 7912 7914 7916 7918 7920 7922 7924 7926 7928 7930 7932 7934 7936 7938 7940 7942 7944 7946 7948 7950 7952 7954 7956 7958 7960 7962 7964 7966 7968 7970 7972 7974 7976 7978 7980 7982 7984 7986 7988 7990 7992 7994 7996 7998 8000 8002 8004 8006 8008 8010 8012 8014 8016 8018 8020 8022 8024 8026 8028 8030 8032 8034 8036 8038 8040 8042 8044 8046 8048 8050 8052 8054 8056 8058 8060 8062 8064 8066 8068 8070 8072 8074 8076 8078 8080 8082 8084 8086 8088 8090 8092 8094 8096 8098 8100 8102 8104 8106 8108 8110 8112 8114 8116 8118 8120 8122 8124 8126 8128 8130 8132 8134 8136 8138 8140 8142 8144 8146 8148 8150 8152 8154 8156 8158 8160 8162 8164 8166 8168
</DataArray>
      </Lines>
    </Piece>
  </PolyData>
</VTKFile>
