pore_id,particle_index,particle_id
0,54,55
0,83,84
0,97,98
0,170,171
1,687,688
1,817,818
1,905,906
1,971,972
2,83,84
2,97,98
2,170,171
2,221,222
3,62,63
3,122,123
3,161,162
3,217,218
4,62,63
4,122,123
4,153,154
4,161,162
5,3,4
5,62,63
5,153,154
5,161,162
6,62,63
6,72,73
6,90,91
6,95,96
7,62,63
7,72,73
7,95,96
7,158,159
8,62,63
8,90,91
8,95,96
8,153,154
9,3,4
9,62,63
9,95,96
9,153,154
10,163,164
10,335,336
10,359,360
10,381,382
11,1672,1673
11,1674,1675
11,1685,1686
11,1691,1692
12,1457,1458
12,1685,1686
12,1691,1692
12,1772,1773
13,1674,1675
13,1685,1686
13,1691,1692
13,1772,1773
14,1657,1658
14,1737,1738
14,1801,1802
14,1843,1844
15,1648,1649
15,1714,1715
15,1724,1725
15,1800,1801
16,1630,1631
16,1648,1649
16,1724,1725
16,1800,1801
17,1702,1703
17,1714,1715
17,1724,1725
17,1800,1801
18,179,180
18,181,182
18,266,267
18,357,358
19,469,470
19,516,517
19,565,566
19,594,595
20,3,4
20,153,154
20,161,162
20,183,184
21,23,24
21,153,154
21,183,184
21,209,210
22,23,24
22,122,123
22,153,154
22,183,184
23,122,123
23,153,154
23,161,162
23,183,184
24,3,4
24,57,58
24,161,162
24,382,383
25,3,4
25,57,58
25,161,162
25,183,184
26,3,4
26,9,10
26,57,58
26,183,184
27,90,91
27,95,96
27,153,154
27,269,270
28,3,4
28,95,96
28,153,154
28,269,270
29,3,4
29,153,154
29,183,184
29,269,270
30,3,4
30,9,10
30,183,184
30,269,270
31,153,154
31,183,184
31,209,210
31,269,270
32,9,10
32,183,184
32,209,210
32,269,270
33,1651,1652
33,1665,1666
33,1795,1796
33,1841,1842
34,1544,1545
34,1577,1578
34,1601,1602
34,1745,1746
35,1032,1033
35,1054,1055
35,1154,1155
35,1292,1293
36,1083,1084
36,1118,1119
36,1184,1185
36,1204,1205
37,1211,1212
37,1236,1237
37,1315,1316
37,1343,1344
38,1070,1071
38,1083,1084
38,1118,1119
38,1204,1205
39,1070,1071
39,1118,1119
39,1184,1185
39,1204,1205
40,1070,1071
40,1118,1119
40,1211,1212
40,1343,1344
41,1070,1071
41,1211,1212
41,1236,1237
41,1343,1344
42,1629,1630
42,1666,1667
42,1733,1734
42,1781,1782
43,1666,1667
43,1733,1734
43,1781,1782
43,1825,1826
44,1652,1653
44,1672,1673
44,1674,1675
44,1691,1692
45,1652,1653
45,1674,1675
45,1691,1692
45,1734,1735
46,1252,1253
46,1305,1306
46,1391,1392
46,1576,1577
47,341,342
47,513,514
47,551,552
47,554,555
48,298,299
48,341,342
48,513,514
48,551,552
49,298,299
49,341,342
49,513,514
49,562,563
50,105,106
50,163,164
50,359,360
50,381,382
51,47,48
51,94,95
51,146,147
51,184,185
52,11,12
52,47,48
52,146,147
52,184,185
53,47,48
53,94,95
53,184,185
53,204,205
54,11,12
54,146,147
54,184,185
54,426,427
55,11,12
55,47,48
55,184,185
55,426,427
56,159,160
56,172,173
56,212,213
56,426,427
57,192,193
57,254,255
57,339,340
57,389,390
58,160,161
58,192,193
58,339,340
58,389,390
59,1070,1071
59,1204,1205
59,1236,1237
59,1388,1389
60,1070,1071
60,1184,1185
60,1204,1205
60,1388,1389
61,1070,1071
61,1236,1237
61,1343,1344
61,1388,1389
62,1236,1237
62,1315,1316
62,1343,1344
62,1388,1389
63,1118,1119
63,1184,1185
63,1343,1344
63,1388,1389
64,1070,1071
64,1118,1119
64,1343,1344
64,1388,1389
65,1070,1071
65,1118,1119
65,1184,1185
65,1388,1389
66,121,122
66,192,193
66,219,220
66,333,334
67,299,300
67,313,314
67,422,423
67,580,581
68,299,300
68,329,330
68,422,423
68,580,581
69,1259,1260
69,1327,1328
69,1367,1368
69,1580,1581
70,83,84
70,97,98
70,221,222
70,295,296
71,1664,1665
71,1672,1673
71,1685,1686
71,1691,1692
72,1652,1653
72,1664,1665
72,1672,1673
72,1691,1692
73,1457,1458
73,1691,1692
73,1744,1745
73,1772,1773
74,768,769
74,781,782
74,857,858
74,909,910
75,646,647
75,898,899
75,971,972
75,1017,1018
76,845,846
76,893,894
76,1014,1015
76,1099,1100
77,672,673
77,687,688
77,738,739
77,757,758
78,687,688
78,738,739
78,757,758
78,817,818
79,687,688
79,757,758
79,817,818
79,905,906
80,635,636
80,757,758
80,817,818
80,905,906
81,1032,1033
81,1054,1055
81,1103,1104
81,1200,1201
82,1032,1033
82,1054,1055
82,1103,1104
82,1131,1132
83,1032,1033
83,1085,1086
83,1103,1104
83,1131,1132
84,902,903
84,1085,1086
84,1103,1104
84,1131,1132
85,1032,1033
85,1054,1055
85,1154,1155
85,1231,1232
86,1026,1027
86,1054,1055
86,1231,1232
86,1292,1293
87,1054,1055
87,1154,1155
87,1231,1232
87,1292,1293
88,1026,1027
88,1169,1170
88,1231,1232
88,1292,1293
89,130,131
89,171,172
89,197,198
89,223,224
90,1637,1638
90,1695,1696
90,1703,1704
90,1794,1795
91,1637,1638
91,1695,1696
91,1703,1704
91,1812,1813
92,1405,1406
92,1609,1610
92,1635,1636
92,1774,1775
93,1405,1406
93,1450,1451
93,1635,1636
93,1774,1775
94,1543,1544
94,1680,1681
94,1774,1775
94,1824,1825
95,22,23
95,41,42
95,149,150
95,214,215
96,87,88
96,113,114
96,169,170
96,202,203
97,121,122
97,219,220
97,333,334
97,394,395
98,29,30
98,192,193
98,323,324
98,339,340
99,16,17
99,54,55
99,97,98
99,170,171
100,16,17
100,37,38
100,97,98
100,170,171
101,16,17
101,54,55
101,170,171
101,198,199
102,16,17
102,54,55
102,126,127
102,198,199
103,160,161
103,199,200
103,339,340
103,389,390
104,41,42
104,84,85
104,111,112
104,193,194
105,41,42
105,111,112
105,193,194
105,214,215
106,22,23
106,41,42
106,193,194
106,214,215
107,16,17
107,37,38
107,98,99
107,170,171
108,97,98
108,221,222
108,259,260
108,295,296
109,49,50
109,64,65
109,68,69
109,216,217
110,1,2
110,124,125
110,194,195
110,216,217
111,1451,1452
111,1457,1458
111,1608,1609
111,1744,1745
112,1505,1506
112,1702,1703
112,1724,1725
112,1800,1801
113,1696,1697
113,1702,1703
113,1714,1715
113,1800,1801
114,1696,1697
114,1714,1715
114,1717,1718
114,1795,1796
115,1696,1697
115,1714,1715
115,1795,1796
115,1834,1835
116,1665,1666
116,1696,1697
116,1717,1718
116,1795,1796
117,1418,1419
117,1441,1442
117,1589,1590
117,1705,1706
118,1303,1304
118,1441,1442
118,1589,1590
118,1705,1706
119,1309,1310
119,1441,1442
119,1495,1496
119,1499,1500
120,3,4
120,9,10
120,57,58
120,246,247
121,3,4
121,9,10
121,246,247
121,314,315
122,3,4
122,57,58
122,246,247
122,314,315
123,245,246
123,266,267
123,519,520
123,583,584
124,9,10
124,266,267
124,357,358
124,519,520
125,263,264
125,272,273
125,289,290
125,329,330
126,369,370
126,525,526
126,576,577
126,654,655
127,263,264
127,272,273
127,432,433
127,654,655
128,369,370
128,459,460
128,576,577
128,720,721
129,369,370
129,459,460
129,576,577
129,654,655
130,369,370
130,459,460
130,525,526
130,654,655
131,340,341
131,369,370
131,459,460
131,525,526
132,667,668
132,783,784
132,794,795
132,822,823
133,692,693
133,783,784
133,794,795
133,822,823
134,461,462
134,503,504
134,594,595
134,790,791
135,460,461
135,461,462
135,469,470
135,594,595
136,460,461
136,469,470
136,565,566
136,594,595
137,460,461
137,469,470
137,565,566
137,566,567
138,460,461
138,469,470
138,566,567
138,588,589
139,2,3
139,266,267
139,270,271
139,583,584
140,2,3
140,245,246
140,266,267
140,583,584
141,1063,1064
141,1186,1187
141,1290,1291
141,1332,1333
142,1651,1652
142,1665,1666
142,1795,1796
142,1819,1820
143,1651,1652
143,1665,1666
143,1819,1820
143,1841,1842
144,1169,1170
144,1223,1224
144,1292,1293
144,1321,1322
145,1169,1170
145,1231,1232
145,1292,1293
145,1321,1322
146,1244,1245
146,1303,1304
146,1495,1496
146,1599,1600
147,1244,1245
147,1303,1304
147,1441,1442
147,1495,1496
148,1244,1245
148,1303,1304
148,1441,1442
148,1589,1590
149,692,693
149,750,751
149,822,823
149,824,825
150,692,693
150,794,795
150,822,823
150,824,825
151,1309,1310
151,1495,1496
151,1499,1500
151,1607,1608
152,902,903
152,1085,1086
152,1103,1104
152,1130,1131
153,942,943
153,1029,1030
153,1080,1081
153,1324,1325
154,978,979
154,1029,1030
154,1080,1081
154,1324,1325
155,879,880
155,978,979
155,1029,1030
155,1080,1081
156,902,903
156,1019,1020
156,1100,1101
156,1172,1173
157,977,978
157,1077,1078
157,1085,1086
157,1172,1173
158,1014,1015
158,1019,1020
158,1130,1131
158,1172,1173
159,902,903
159,1019,1020
159,1130,1131
159,1172,1173
160,1014,1015
160,1077,1078
160,1130,1131
160,1172,1173
161,1077,1078
161,1085,1086
161,1130,1131
161,1172,1173
162,902,903
162,1085,1086
162,1130,1131
162,1172,1173
163,665,666
163,715,716
163,774,775
163,798,799
164,635,636
164,817,818
164,905,906
164,931,932
165,635,636
165,797,798
165,905,906
165,931,932
166,1256,1257
166,1315,1316
166,1343,1344
166,1345,1346
167,1211,1212
167,1315,1316
167,1343,1344
167,1345,1346
168,1233,1234
168,1256,1257
168,1343,1344
168,1345,1346
169,1233,1234
169,1256,1257
169,1307,1308
169,1345,1346
170,1256,1257
170,1307,1308
170,1345,1346
170,1362,1363
171,1028,1029
171,1211,1212
171,1345,1346
171,1377,1378
172,942,943
172,1176,1177
172,1324,1325
172,1352,1353
173,1028,1029
173,1211,1212
173,1352,1353
173,1377,1378
174,942,943
174,1029,1030
174,1324,1325
174,1352,1353
175,1029,1030
175,1324,1325
175,1352,1353
175,1377,1378
176,942,943
176,1029,1030
176,1083,1084
176,1352,1353
177,1070,1071
177,1083,1084
177,1118,1119
177,1352,1353
178,1070,1071
178,1118,1119
178,1211,1212
178,1352,1353
179,1118,1119
179,1211,1212
179,1352,1353
179,1377,1378
180,1029,1030
180,1118,1119
180,1352,1353
180,1377,1378
181,1029,1030
181,1083,1084
181,1118,1119
181,1352,1353
182,1644,1645
182,1718,1719
182,1748,1749
182,1794,1795
183,1637,1638
183,1695,1696
183,1748,1749
183,1794,1795
184,1409,1410
184,1556,1557
184,1638,1639
184,1807,1808
185,1556,1557
185,1638,1639
185,1644,1645
185,1807,1808
186,1681,1682
186,1777,1778
186,1827,1828
186,1848,1849
187,1629,1630
187,1681,1682
187,1733,1734
187,1781,1782
188,1629,1630
188,1631,1632
188,1681,1682
188,1733,1734
189,1631,1632
189,1681,1682
189,1752,1753
189,1848,1849
190,1631,1632
190,1681,1682
190,1733,1734
190,1752,1753
191,1450,1451
191,1538,1539
191,1641,1642
191,1761,1762
192,1631,1632
192,1733,1734
192,1752,1753
192,1806,1807
193,1641,1642
193,1733,1734
193,1752,1753
193,1806,1807
194,1651,1652
194,1682,1683
194,1772,1773
194,1845,1846
195,1651,1652
195,1682,1683
195,1841,1842
195,1845,1846
196,1687,1688
196,1763,1764
196,1834,1835
196,1841,1842
197,1763,1764
197,1795,1796
197,1834,1835
197,1841,1842
198,1665,1666
198,1763,1764
198,1795,1796
198,1841,1842
199,1696,1697
199,1763,1764
199,1795,1796
199,1834,1835
200,1665,1666
200,1696,1697
200,1763,1764
200,1795,1796
201,1634,1635
201,1687,1688
201,1836,1837
201,1841,1842
202,1634,1635
202,1682,1683
202,1734,1735
202,1836,1837
203,1634,1635
203,1682,1683
203,1836,1837
203,1841,1842
204,1305,1306
204,1503,1504
204,1525,1526
204,1593,1594
205,1305,1306
205,1391,1392
205,1503,1504
205,1593,1594
206,1305,1306
206,1391,1392
206,1576,1577
206,1593,1594
207,1391,1392
207,1485,1486
207,1576,1577
207,1593,1594
208,1252,1253
208,1305,1306
208,1464,1465
208,1576,1577
209,1252,1253
209,1367,1368
209,1464,1465
209,1580,1581
210,1259,1260
210,1367,1368
210,1464,1465
210,1580,1581
211,1252,1253
211,1391,1392
211,1576,1577
211,1658,1659
212,1391,1392
212,1485,1486
212,1576,1577
212,1658,1659
213,1255,1256
213,1307,1308
213,1375,1376
213,1559,1560
214,1233,1234
214,1241,1242
214,1375,1376
214,1559,1560
215,1233,1234
215,1256,1257
215,1307,1308
215,1375,1376
216,1233,1234
216,1307,1308
216,1375,1376
216,1559,1560
217,1233,1234
217,1256,1257
217,1343,1344
217,1375,1376
218,298,299
218,513,514
218,551,552
218,618,619
219,298,299
219,513,514
219,562,563
219,618,619
220,118,119
220,154,155
220,177,178
220,208,209
221,118,119
221,154,155
221,188,189
221,208,209
222,104,105
222,154,155
222,188,189
222,208,209
223,18,19
223,104,105
223,188,189
223,208,209
224,603,604
224,672,673
224,738,739
224,777,778
225,672,673
225,687,688
225,738,739
225,777,778
226,687,688
226,738,739
226,777,778
226,898,899
227,81,82
227,207,208
227,212,213
227,220,221
228,11,12
228,207,208
228,212,213
228,220,221
229,81,82
229,159,160
229,212,213
229,220,221
230,11,12
230,212,213
230,220,221
230,426,427
231,11,12
231,47,48
231,220,221
231,426,427
232,70,71
232,105,106
232,163,164
232,359,360
233,35,36
233,163,164
233,335,336
233,359,360
234,35,36
234,70,71
234,163,164
234,359,360
235,35,36
235,70,71
235,184,185
235,204,205
236,35,36
236,163,164
236,172,173
236,335,336
237,35,36
237,163,164
237,172,173
237,426,427
238,35,36
238,163,164
238,184,185
238,426,427
239,35,36
239,70,71
239,163,164
239,184,185
240,35,36
240,47,48
240,220,221
240,426,427
241,35,36
241,47,48
241,184,185
241,204,205
242,35,36
242,47,48
242,184,185
242,426,427
243,35,36
243,159,160
243,172,173
243,335,336
244,35,36
244,159,160
244,172,173
244,426,427
245,43,44
245,47,48
245,94,95
245,204,205
246,43,44
246,54,55
246,126,127
246,198,199
247,43,44
247,54,55
247,126,127
247,204,205
248,20,21
248,43,44
248,54,55
248,83,84
249,1695,1696
249,1703,1704
249,1786,1787
249,1794,1795
250,1695,1696
250,1703,1704
250,1780,1781
250,1786,1787
251,1466,1467
251,1703,1704
251,1786,1787
251,1794,1795
252,1695,1696
252,1748,1749
252,1786,1787
252,1794,1795
253,1695,1696
253,1718,1719
253,1748,1749
253,1786,1787
254,1718,1719
254,1748,1749
254,1786,1787
254,1794,1795
255,1644,1645
255,1718,1719
255,1786,1787
255,1794,1795
256,1656,1657
256,1676,1677
256,1780,1781
256,1812,1813
257,1676,1677
257,1703,1704
257,1780,1781
257,1812,1813
258,1625,1626
258,1716,1717
258,1773,1774
258,1802,1803
259,1625,1626
259,1716,1717
259,1741,1742
259,1802,1803
260,1625,1626
260,1667,1668
260,1773,1774
260,1832,1833
261,1625,1626
261,1667,1668
261,1773,1774
261,1802,1803
262,1644,1645
262,1748,1749
262,1794,1795
262,1805,1806
263,1637,1638
263,1748,1749
263,1794,1795
263,1805,1806
264,1314,1315
264,1355,1356
264,1438,1439
264,1460,1461
265,648,649
265,685,686
265,857,858
265,929,930
266,648,649
266,819,820
266,857,858
266,929,930
267,29,30
267,117,118
267,323,324
267,339,340
268,71,72
268,87,88
268,113,114
268,417,418
269,641,642
269,688,689
269,866,867
269,970,971
270,514,515
270,807,808
270,826,827
270,840,841
271,48,49
271,148,149
271,289,290
271,391,392
272,263,264
272,272,273
272,303,304
272,432,433
273,263,264
273,272,273
273,303,304
273,329,330
274,303,304
274,342,343
274,537,538
274,580,581
275,299,300
275,303,304
275,329,330
275,580,581
276,263,264
276,299,300
276,303,304
276,329,330
277,1241,1242
277,1247,1248
277,1364,1365
277,1375,1376
278,1247,1248
278,1256,1257
278,1315,1316
278,1343,1344
279,1247,1248
279,1256,1257
279,1343,1344
279,1375,1376
280,1247,1248
280,1364,1365
280,1375,1376
280,1557,1558
281,1236,1237
281,1315,1316
281,1370,1371
281,1443,1444
282,1236,1237
282,1275,1276
282,1315,1316
282,1443,1444
283,1681,1682
283,1757,1758
283,1781,1782
283,1827,1828
284,1757,1758
284,1777,1778
284,1813,1814
284,1827,1828
285,1681,1682
285,1757,1758
285,1777,1778
285,1827,1828
286,303,304
286,432,433
286,537,538
286,563,564
287,121,122
287,192,193
287,219,220
287,380,381
288,928,929
288,1035,1036
288,1098,1099
288,1372,1373
289,866,867
289,872,873
289,925,926
289,933,934
290,872,873
290,924,925
290,925,926
290,933,934
291,638,639
291,693,694
291,771,772
291,809,810
292,693,694
292,771,772
292,809,810
292,821,822
293,227,228
293,252,253
293,308,309
293,573,574
294,252,253
294,313,314
294,573,574
294,580,581
295,227,228
295,252,253
295,573,574
295,580,581
296,313,314
296,422,423
296,573,574
296,580,581
297,1255,1256
297,1361,1362
297,1431,1432
297,1559,1560
298,1255,1256
298,1361,1362
298,1408,1409
298,1431,1432
299,1361,1362
299,1408,1409
299,1431,1432
299,1490,1491
300,1361,1362
300,1383,1384
300,1431,1432
300,1525,1526
301,1361,1362
301,1431,1432
301,1490,1491
301,1525,1526
302,1252,1253
302,1305,1306
302,1351,1352
302,1464,1465
303,1252,1253
303,1351,1352
303,1367,1368
303,1464,1465
304,56,57
304,205,206
304,234,235
304,384,385
305,205,206
305,234,235
305,321,322
305,384,385
306,1652,1653
306,1664,1665
306,1672,1673
306,1804,1805
307,1664,1665
307,1733,1734
307,1804,1805
307,1806,1807
308,1652,1653
308,1664,1665
308,1804,1805
308,1806,1807
309,1629,1630
309,1631,1632
309,1733,1734
309,1804,1805
310,1631,1632
310,1733,1734
310,1804,1805
310,1806,1807
311,1631,1632
311,1652,1653
311,1804,1805
311,1806,1807
312,1629,1630
312,1666,1667
312,1672,1673
312,1804,1805
313,1664,1665
313,1666,1667
313,1672,1673
313,1804,1805
314,1629,1630
314,1666,1667
314,1733,1734
314,1804,1805
315,1664,1665
315,1666,1667
315,1733,1734
315,1804,1805
316,1502,1503
316,1641,1642
316,1733,1734
316,1806,1807
317,1502,1503
317,1664,1665
317,1733,1734
317,1806,1807
318,1502,1503
318,1664,1665
318,1666,1667
318,1733,1734
319,1502,1503
319,1680,1681
319,1774,1775
319,1824,1825
320,1502,1503
320,1666,1667
320,1733,1734
320,1825,1826
321,1502,1503
321,1635,1636
321,1774,1775
321,1824,1825
322,1502,1503
322,1635,1636
322,1824,1825
322,1825,1826
323,1502,1503
323,1666,1667
323,1824,1825
323,1825,1826
324,1691,1692
324,1744,1745
324,1760,1761
324,1772,1773
325,1674,1675
325,1691,1692
325,1760,1761
325,1772,1773
326,1674,1675
326,1691,1692
326,1734,1735
326,1760,1761
327,1674,1675
327,1682,1683
327,1760,1761
327,1772,1773
328,1674,1675
328,1682,1683
328,1734,1735
328,1760,1761
329,1651,1652
329,1744,1745
329,1760,1761
329,1772,1773
330,1651,1652
330,1682,1683
330,1760,1761
330,1772,1773
331,1634,1635
331,1682,1683
331,1734,1735
331,1760,1761
332,1651,1652
332,1682,1683
332,1760,1761
332,1841,1842
333,1634,1635
333,1682,1683
333,1760,1761
333,1841,1842
334,1457,1458
334,1608,1609
334,1686,1687
334,1744,1745
335,1457,1458
335,1686,1687
335,1691,1692
335,1744,1745
336,1413,1414
336,1457,1458
336,1608,1609
336,1686,1687
337,1451,1452
337,1608,1609
337,1686,1687
337,1744,1745
338,1083,1084
338,1182,1183
338,1184,1185
338,1204,1205
339,1052,1053
339,1083,1084
339,1182,1183
339,1204,1205
340,946,947
340,1052,1053
340,1182,1183
340,1204,1205
341,946,947
341,1052,1053
341,1083,1084
341,1182,1183
342,625,626
342,662,663
342,923,924
342,981,982
343,1409,1410
343,1638,1639
343,1649,1650
343,1807,1808
344,662,663
344,792,793
344,923,924
344,981,982
345,625,626
345,662,663
345,792,793
345,981,982
346,646,647
346,675,676
346,898,899
346,1017,1018
347,646,647
347,675,676
347,1017,1018
347,1105,1106
348,646,647
348,861,862
348,971,972
348,1017,1018
349,817,818
349,861,862
349,905,906
349,971,972
350,817,818
350,861,862
350,905,906
350,931,932
351,341,342
351,429,430
351,513,514
351,562,563
352,341,342
352,503,504
352,555,556
352,691,692
353,1485,1486
353,1572,1573
353,1593,1594
353,1690,1691
354,1391,1392
354,1503,1504
354,1593,1594
354,1690,1691
355,1391,1392
355,1485,1486
355,1593,1594
355,1690,1691
356,1503,1504
356,1684,1685
356,1690,1691
356,1811,1812
357,1347,1348
357,1355,1356
357,1438,1439
357,1460,1461
358,879,880
358,978,979
358,1029,1030
358,1198,1199
359,1124,1125
359,1168,1169
359,1277,1278
359,1301,1302
360,1124,1125
360,1179,1180
360,1265,1266
360,1301,1302
361,1488,1489
361,1499,1500
361,1601,1602
361,1745,1746
362,1488,1489
362,1544,1545
362,1601,1602
362,1745,1746
363,1303,1304
363,1441,1442
363,1488,1489
363,1705,1706
364,1303,1304
364,1441,1442
364,1488,1489
364,1499,1500
365,1441,1442
365,1488,1489
365,1499,1500
365,1705,1706
366,130,131
366,151,152
366,197,198
366,223,224
367,130,131
367,151,152
367,171,172
367,197,198
368,797,798
368,905,906
368,931,932
368,1041,1042
369,861,862
369,905,906
369,931,932
369,1041,1042
370,861,862
370,905,906
370,971,972
370,1041,1042
371,861,862
371,969,970
371,1041,1042
371,1108,1109
372,861,862
372,931,932
372,969,970
372,1041,1042
373,270,271
373,334,335
373,409,410
373,583,584
374,516,517
374,658,659
374,711,712
374,764,765
375,515,516
375,658,659
375,711,712
375,764,765
376,515,516
376,665,666
376,711,712
376,764,765
377,665,666
377,711,712
377,715,716
377,798,799
378,515,516
378,665,666
378,711,712
378,715,716
379,464,465
379,498,499
379,579,580
379,672,673
380,516,517
380,587,588
380,764,765
380,808,809
381,469,470
381,565,566
381,566,567
381,808,809
382,469,470
382,566,567
382,587,588
382,808,809
383,565,566
383,566,567
383,604,605
383,808,809
384,469,470
384,516,517
384,565,566
384,808,809
385,469,470
385,516,517
385,587,588
385,808,809
386,516,517
386,658,659
386,764,765
386,808,809
387,516,517
387,587,588
387,614,615
387,764,765
388,50,51
388,187,188
388,330,331
388,383,384
389,118,119
389,171,172
389,188,189
389,200,201
390,118,119
390,154,155
390,188,189
390,200,201
391,104,105
391,154,155
391,188,189
391,200,201
392,14,15
392,125,126
392,307,308
392,320,321
393,17,18
393,49,50
393,68,69
393,79,80
394,68,69
394,79,80
394,133,134
394,177,178
395,49,50
395,68,69
395,79,80
395,177,178
396,14,15
396,17,18
396,49,50
396,79,80
397,79,80
397,133,134
397,177,178
397,208,209
398,49,50
398,79,80
398,154,155
398,177,178
399,14,15
399,49,50
399,79,80
399,154,155
400,79,80
400,154,155
400,177,178
400,208,209
401,118,119
401,154,155
401,177,178
401,408,409
402,49,50
402,154,155
402,177,178
402,408,409
403,14,15
403,49,50
403,154,155
403,408,409
404,14,15
404,154,155
404,307,308
404,408,409
405,154,155
405,200,201
405,307,308
405,408,409
406,130,131
406,200,201
406,307,308
406,408,409
407,118,119
407,154,155
407,200,201
407,408,409
408,14,15
408,307,308
408,320,321
408,408,409
409,118,119
409,171,172
409,200,201
409,408,409
410,130,131
410,171,172
410,200,201
410,408,409
411,130,131
411,307,308
411,320,321
411,408,409
412,130,131
412,151,152
412,320,321
412,408,409
413,130,131
413,151,152
413,171,172
413,408,409
414,118,119
414,171,172
414,197,198
414,408,409
415,151,152
415,171,172
415,197,198
415,408,409
416,28,29
416,49,50
416,68,69
416,177,178
417,28,29
417,49,50
417,64,65
417,68,69
418,28,29
418,118,119
418,177,178
418,408,409
419,28,29
419,49,50
419,177,178
419,408,409
420,28,29
420,49,50
420,151,152
420,408,409
421,28,29
421,118,119
421,197,198
421,408,409
422,28,29
422,151,152
422,197,198
422,408,409
423,1756,1757
423,1815,1816
423,1831,1832
423,1843,1844
424,1756,1757
424,1791,1792
424,1815,1816
424,1843,1844
425,1657,1658
425,1737,1738
425,1815,1816
425,1843,1844
426,1657,1658
426,1791,1792
426,1815,1816
426,1843,1844
427,1485,1486
427,1524,1525
427,1572,1573
427,1779,1780
428,1637,1638
428,1703,1704
428,1812,1813
428,1838,1839
429,1676,1677
429,1703,1704
429,1812,1813
429,1838,1839
430,1408,1409
430,1417,1418
430,1431,1432
430,1490,1491
431,1408,1409
431,1417,1418
431,1490,1491
431,1739,1740
432,1364,1365
432,1423,1424
432,1557,1558
432,1619,1620
433,1405,1406
433,1609,1610
433,1619,1620
433,1635,1636
434,1405,1406
434,1557,1558
434,1609,1610
434,1619,1620
435,1423,1424
435,1557,1558
435,1609,1610
435,1619,1620
436,1124,1125
436,1179,1180
436,1265,1266
436,1566,1567
437,1255,1256
437,1408,1409
437,1554,1555
437,1557,1558
438,1405,1406
438,1408,1409
438,1554,1555
438,1557,1558
439,1405,1406
439,1408,1409
439,1417,1418
439,1554,1555
440,1255,1256
440,1408,1409
440,1431,1432
440,1554,1555
441,1408,1409
441,1417,1418
441,1431,1432
441,1554,1555
442,1405,1406
442,1484,1485
442,1557,1558
442,1609,1610
443,1405,1406
443,1484,1485
443,1554,1555
443,1557,1558
444,1534,1535
444,1664,1665
444,1680,1681
444,1691,1692
445,1534,1535
445,1664,1665
445,1685,1686
445,1691,1692
446,1457,1458
446,1534,1535
446,1685,1686
446,1691,1692
447,1457,1458
447,1534,1535
447,1686,1687
447,1691,1692
448,1413,1414
448,1457,1458
448,1534,1535
448,1686,1687
449,5,6
449,264,265
449,290,291
449,417,418
450,71,72
450,85,86
450,87,88
450,417,418
451,5,6
451,71,72
451,85,86
451,417,418
452,22,23
452,109,110
452,323,324
452,380,381
453,121,122
453,228,229
453,333,334
453,394,395
454,121,122
454,228,229
454,308,309
454,394,395
455,90,91
455,95,96
455,162,163
455,269,270
456,3,4
456,95,96
456,162,163
456,269,270
457,3,4
457,95,96
457,162,163
457,314,315
458,3,4
458,9,10
458,162,163
458,269,270
459,3,4
459,9,10
459,162,163
459,314,315
460,192,193
460,240,241
460,254,255
460,333,334
461,54,55
461,96,97
461,97,98
461,295,296
462,16,17
462,54,55
462,96,97
462,97,98
463,16,17
463,54,55
463,96,97
463,126,127
464,97,98
464,170,171
464,215,216
464,221,222
465,97,98
465,215,216
465,221,222
465,259,260
466,52,53
466,215,216
466,221,222
466,259,260
467,37,38
467,97,98
467,170,171
467,215,216
468,37,38
468,98,99
468,170,171
468,215,216
469,37,38
469,97,98
469,215,216
469,259,260
470,37,38
470,52,53
470,215,216
470,259,260
471,19,20
471,37,38
471,98,99
471,215,216
472,19,20
472,37,38
472,52,53
472,215,216
473,16,17
473,168,169
473,170,171
473,198,199
474,16,17
474,98,99
474,168,169
474,170,171
475,111,112
475,166,167
475,193,194
475,214,215
476,111,112
476,117,118
476,166,167
476,193,194
477,29,30
477,117,118
477,166,167
477,339,340
478,29,30
478,117,118
478,166,167
478,323,324
479,117,118
479,166,167
479,193,194
479,323,324
480,16,17
480,37,38
480,75,76
480,98,99
481,16,17
481,75,76
481,98,99
481,168,169
482,17,18
482,63,64
482,156,157
482,268,269
483,1,2
483,63,64
483,68,69
483,216,217
484,1,2
484,63,64
484,194,195
484,216,217
485,17,18
485,49,50
485,63,64
485,68,69
486,1,2
486,33,34
486,63,64
486,194,195
487,33,34
487,124,125
487,150,151
487,194,195
488,1,2
488,33,34
488,124,125
488,194,195
489,33,34
489,63,64
489,156,157
489,268,269
490,33,34
490,63,64
490,194,195
490,268,269
491,1299,1300
491,1332,1333
491,1444,1445
491,1522,1523
492,1289,1290
492,1330,1331
492,1444,1445
492,1447,1448
493,1097,1098
493,1107,1108
493,1221,1222
493,1319,1320
494,942,943
494,1175,1176
494,1176,1177
494,1352,1353
495,942,943
495,1083,1084
495,1175,1176
495,1352,1353
496,1070,1071
496,1083,1084
496,1175,1176
496,1352,1353
497,942,943
497,1052,1053
497,1083,1084
497,1175,1176
498,1070,1071
498,1083,1084
498,1175,1176
498,1204,1205
499,1052,1053
499,1083,1084
499,1175,1176
499,1204,1205
500,1413,1414
500,1512,1513
500,1543,1544
500,1546,1547
501,1413,1414
501,1534,1535
501,1543,1544
501,1546,1547
502,1543,1544
502,1546,1547
502,1680,1681
502,1824,1825
503,1534,1535
503,1543,1544
503,1546,1547
503,1680,1681
504,1543,1544
504,1546,1547
504,1774,1775
504,1824,1825
505,299,300
505,313,314
505,572,573
505,580,581
506,537,538
506,572,573
506,580,581
506,586,587
507,303,304
507,537,538
507,572,573
507,580,581
508,299,300
508,303,304
508,572,573
508,580,581
509,1451,1452
509,1608,1609
509,1610,1611
509,1669,1670
510,1256,1257
510,1362,1363
510,1429,1430
510,1484,1485
511,1429,1430
511,1484,1485
511,1609,1610
511,1774,1775
512,1413,1414
512,1574,1575
512,1608,1609
512,1686,1687
513,1413,1414
513,1512,1513
513,1543,1544
513,1574,1575
514,1413,1414
514,1534,1535
514,1543,1544
514,1574,1575
515,1413,1414
515,1534,1535
515,1574,1575
515,1686,1687
516,1534,1535
516,1543,1544
516,1574,1575
516,1680,1681
517,1394,1395
517,1449,1450
517,1526,1527
517,1610,1611
518,1394,1395
518,1526,1527
518,1610,1611
518,1669,1670
519,1028,1029
519,1248,1249
519,1289,1290
519,1566,1567
520,1248,1249
520,1289,1290
520,1330,1331
520,1447,1448
521,1458,1459
521,1679,1680
521,1715,1716
521,1802,1803
522,1625,1626
522,1715,1716
522,1741,1742
522,1802,1803
523,1456,1457
523,1458,1459
523,1715,1716
523,1802,1803
524,1702,1703
524,1714,1715
524,1724,1725
524,1755,1756
525,1696,1697
525,1714,1715
525,1717,1718
525,1755,1756
526,1696,1697
526,1702,1703
526,1714,1715
526,1755,1756
527,1496,1497
527,1717,1718
527,1755,1756
527,1821,1822
528,1406,1407
528,1492,1493
528,1515,1516
528,1613,1614
529,1406,1407
529,1426,1427
529,1492,1493
529,1613,1614
530,1406,1407
530,1515,1516
530,1613,1614
530,1754,1755
531,1406,1407
531,1492,1493
531,1515,1516
531,1597,1598
532,1406,1407
532,1426,1427
532,1492,1493
532,1597,1598
533,1687,1688
533,1763,1764
533,1834,1835
533,1846,1847
534,1696,1697
534,1763,1764
534,1834,1835
534,1846,1847
535,1293,1294
535,1564,1565
535,1589,1590
535,1598,1599
536,31,32
536,62,63
536,161,162
536,217,218
537,31,32
537,132,133
537,161,162
537,217,218
538,31,32
538,62,63
538,165,166
538,217,218
539,31,32
539,132,133
539,165,166
539,217,218
540,3,4
540,31,32
540,62,63
540,161,162
541,31,32
541,62,63
541,158,159
541,165,166
542,3,4
542,31,32
542,161,162
542,382,383
543,31,32
543,132,133
543,161,162
543,382,383
544,3,4
544,31,32
544,62,63
544,95,96
545,31,32
545,62,63
545,95,96
545,158,159
546,88,89
546,245,246
546,487,488
546,519,520
547,88,89
547,246,247
547,487,488
547,519,520
548,484,485
548,487,488
548,519,520
548,546,547
549,245,246
549,484,485
549,487,488
549,519,520
550,245,246
550,484,485
550,519,520
550,583,584
551,370,371
551,484,485
551,487,488
551,546,547
552,355,356
552,370,371
552,484,485
552,487,488
553,88,89
553,245,246
553,484,485
553,487,488
554,88,89
554,355,356
554,484,485
554,487,488
555,88,89
555,245,246
555,355,356
555,484,485
556,370,371
556,462,463
556,484,485
556,546,547
557,57,58
557,178,179
557,246,247
557,414,415
558,178,179
558,246,247
558,487,488
558,519,520
559,9,10
559,178,179
559,357,358
559,519,520
560,9,10
560,178,179
560,246,247
560,519,520
561,288,289
561,386,387
561,462,463
561,546,547
562,288,289
562,484,485
562,519,520
562,583,584
563,288,289
563,484,485
563,519,520
563,546,547
564,288,289
564,462,463
564,484,485
564,583,584
565,288,289
565,462,463
565,484,485
565,546,547
566,242,243
566,429,430
566,477,478
566,590,591
567,469,470
567,536,537
567,566,567
567,587,588
568,469,470
568,536,537
568,566,567
568,588,589
569,14,15
569,115,116
569,154,155
569,307,308
570,115,116
570,154,155
570,200,201
570,307,308
571,104,105
571,115,116
571,154,155
571,200,201
572,251,252
572,340,341
572,459,460
572,525,526
573,251,252
573,340,341
573,459,460
573,546,547
574,251,252
574,370,371
574,487,488
574,546,547
575,251,252
575,370,371
575,459,460
575,546,547
576,251,252
576,272,273
576,385,386
576,525,526
577,251,252
577,272,273
577,432,433
577,654,655
578,251,252
578,272,273
578,525,526
578,654,655
579,251,252
579,432,433
579,459,460
579,654,655
580,251,252
580,459,460
580,525,526
580,654,655
581,251,252
581,355,356
581,370,371
581,487,488
582,251,252
582,355,356
582,370,371
582,563,564
583,460,461
583,565,566
583,594,595
583,597,598
584,407,408
584,460,461
584,565,566
584,597,598
585,514,515
585,568,569
585,576,577
585,720,721
586,514,515
586,568,569
586,576,577
586,840,841
587,514,515
587,568,569
587,826,827
587,840,841
588,643,644
588,667,668
588,715,716
588,783,784
589,643,644
589,667,668
589,783,784
589,794,795
590,643,644
590,667,668
590,715,716
590,774,775
591,643,644
591,715,716
591,774,775
591,798,799
592,565,566
592,594,595
592,597,598
592,758,759
593,516,517
593,565,566
593,758,759
593,808,809
594,516,517
594,658,659
594,758,759
594,808,809
595,515,516
595,658,659
595,758,759
595,764,765
596,658,659
596,758,759
596,764,765
596,808,809
597,515,516
597,758,759
597,764,765
597,808,809
598,516,517
598,565,566
598,594,595
598,758,759
599,516,517
599,594,595
599,658,659
599,758,759
600,515,516
600,658,659
600,711,712
600,758,759
601,516,517
601,552,553
601,594,595
601,790,791
602,461,462
602,552,553
602,594,595
602,790,791
603,469,470
603,516,517
603,552,553
603,594,595
604,461,462
604,469,470
604,552,553
604,594,595
605,469,470
605,516,517
605,552,553
605,587,588
606,516,517
606,552,553
606,587,588
606,614,615
607,469,470
607,536,537
607,552,553
607,587,588
608,445,446
608,464,465
608,569,570
608,832,833
609,445,446
609,464,465
609,579,580
609,832,833
610,464,465
610,569,570
610,757,758
610,832,833
611,464,465
611,579,580
611,672,673
611,832,833
612,464,465
612,672,673
612,757,758
612,832,833
613,672,673
613,738,739
613,832,833
613,952,953
614,672,673
614,738,739
614,757,758
614,832,833
615,25,26
615,53,54
615,90,91
615,269,270
616,25,26
616,153,154
616,209,210
616,269,270
617,25,26
617,90,91
617,153,154
617,269,270
618,23,24
618,25,26
618,73,74
618,209,210
619,23,24
619,25,26
619,153,154
619,209,210
620,58,59
620,89,90
620,197,198
620,223,224
621,89,90
621,151,152
621,197,198
621,223,224
622,28,29
622,89,90
622,151,152
622,197,198
623,66,67
623,67,68
623,162,163
623,194,195
624,53,54
624,67,68
624,90,91
624,269,270
625,67,68
625,90,91
625,162,163
625,269,270
626,67,68
626,124,125
626,194,195
626,216,217
627,67,68
627,90,91
627,95,96
627,162,163
628,67,68
628,72,73
628,90,91
628,95,96
629,14,15
629,17,18
629,79,80
629,176,177
630,14,15
630,125,126
630,176,177
630,413,414
631,2,3
631,245,246
631,390,391
631,583,584
632,245,246
632,390,391
632,484,485
632,583,584
633,390,391
633,462,463
633,484,485
633,583,584
634,2,3
634,206,207
634,245,246
634,266,267
635,9,10
635,206,207
635,266,267
635,519,520
636,206,207
636,245,246
636,266,267
636,519,520
637,9,10
637,206,207
637,246,247
637,519,520
638,9,10
638,162,163
638,206,207
638,314,315
639,88,89
639,206,207
639,245,246
639,519,520
640,88,89
640,206,207
640,246,247
640,519,520
641,9,10
641,206,207
641,246,247
641,314,315
642,88,89
642,206,207
642,246,247
642,314,315
643,2,3
643,206,207
643,245,246
643,317,318
644,2,3
644,66,67
644,206,207
644,425,426
645,1299,1300
645,1320,1321
645,1332,1333
645,1522,1523
646,1063,1064
646,1290,1291
646,1320,1321
646,1332,1333
647,1293,1294
647,1334,1335
647,1394,1395
647,1526,1527
648,1334,1335
648,1394,1395
648,1449,1450
648,1526,1527
649,1290,1291
649,1299,1300
649,1334,1335
649,1449,1450
650,1299,1300
650,1334,1335
650,1394,1395
650,1449,1450
651,1044,1045
651,1169,1170
651,1223,1224
651,1387,1388
652,1044,1045
652,1169,1170
652,1223,1224
652,1321,1322
653,802,803
653,891,892
653,925,926
653,1000,1001
654,760,761
654,802,803
654,891,892
654,1001,1002
655,760,761
655,802,803
655,891,892
655,1000,1001
656,667,668
656,794,795
656,822,823
656,855,856
657,794,795
657,822,823
657,824,825
657,855,856
658,643,644
658,667,668
658,794,795
658,855,856
659,1229,1230
659,1495,1496
659,1499,1500
659,1607,1608
660,1229,1230
660,1303,1304
660,1495,1496
660,1599,1600
661,1229,1230
661,1303,1304
661,1441,1442
661,1495,1496
662,1229,1230
662,1303,1304
662,1441,1442
662,1499,1500
663,1229,1230
663,1441,1442
663,1495,1496
663,1499,1500
664,1229,1230
664,1303,1304
664,1488,1489
664,1499,1500
665,1419,1420
665,1501,1502
665,1544,1545
665,1601,1602
666,1419,1420
666,1541,1542
666,1544,1545
666,1577,1578
667,1419,1420
667,1544,1545
667,1577,1578
667,1601,1602
668,1419,1420
668,1492,1493
668,1577,1578
668,1601,1602
669,1419,1420
669,1492,1493
669,1597,1598
669,1601,1602
670,1314,1315
670,1438,1439
670,1482,1483
670,1504,1505
671,1314,1315
671,1482,1483
671,1504,1505
671,1616,1617
672,1314,1315
672,1438,1439
672,1460,1461
672,1482,1483
673,1224,1225
673,1277,1278
673,1460,1461
673,1482,1483
674,1241,1242
674,1254,1255
674,1280,1281
674,1559,1560
675,1067,1068
675,1184,1185
675,1343,1344
675,1388,1389
676,1067,1068
676,1118,1119
676,1184,1185
676,1343,1344
677,879,880
677,1170,1171
677,1191,1192
677,1198,1199
678,879,880
678,955,956
678,1029,1030
678,1080,1081
679,942,943
679,955,956
679,1029,1030
679,1083,1084
680,942,943
680,955,956
680,1029,1030
680,1080,1081
681,946,947
681,955,956
681,1083,1084
681,1182,1183
682,946,947
682,955,956
682,1052,1053
682,1083,1084
683,845,846
683,893,894
683,1014,1015
683,1089,1090
684,845,846
684,1014,1015
684,1077,1078
684,1089,1090
685,1014,1015
685,1077,1078
685,1089,1090
685,1172,1173
686,977,978
686,1077,1078
686,1089,1090
686,1172,1173
687,845,846
687,1077,1078
687,1089,1090
687,1196,1197
688,845,846
688,897,898
688,1089,1090
688,1196,1197
689,977,978
689,1077,1078
689,1089,1090
689,1196,1197
690,897,898
690,977,978
690,1089,1090
690,1196,1197
691,897,898
691,977,978
691,988,989
691,1089,1090
692,897,898
692,972,973
692,988,989
692,1089,1090
693,977,978
693,1085,1086
693,1149,1150
693,1172,1173
694,816,817
694,852,853
694,1100,1101
694,1149,1150
695,852,853
695,919,920
695,1131,1132
695,1149,1150
696,902,903
696,1085,1086
696,1131,1132
696,1149,1150
697,902,903
697,1085,1086
697,1149,1150
697,1172,1173
698,902,903
698,1100,1101
698,1149,1150
698,1172,1173
699,852,853
699,1100,1101
699,1131,1132
699,1149,1150
700,902,903
700,1100,1101
700,1131,1132
700,1149,1150
701,1030,1031
701,1032,1033
701,1154,1155
701,1292,1293
702,1140,1141
702,1176,1177
702,1195,1196
702,1324,1325
703,665,666
703,690,691
703,774,775
703,798,799
704,665,666
704,690,691
704,798,799
704,823,824
705,1167,1168
705,1200,1201
705,1297,1298
705,1353,1354
706,187,188
706,297,298
706,330,331
706,383,384
707,297,298
707,330,331
707,334,335
707,409,410
708,187,188
708,297,298
708,330,331
708,409,410
709,40,41
709,187,188
709,270,271
709,297,298
710,40,41
710,187,188
710,297,298
710,383,384
711,181,182
711,270,271
711,297,298
711,334,335
712,40,41
712,181,182
712,270,271
712,297,298
713,270,271
713,297,298
713,334,335
713,409,410
714,187,188
714,270,271
714,297,298
714,409,410
715,878,879
715,893,894
715,1014,1015
715,1019,1020
716,878,879
716,893,894
716,1014,1015
716,1089,1090
717,878,879
717,1014,1015
717,1019,1020
717,1172,1173
718,878,879
718,1014,1015
718,1089,1090
718,1172,1173
719,635,636
719,669,670
719,817,818
719,931,932
720,569,570
720,635,636
720,669,670
720,805,806
721,669,670
721,738,739
721,817,818
721,952,953
722,669,670
722,738,739
722,757,758
722,817,818
723,669,670
723,738,739
723,832,833
723,952,953
724,669,670
724,738,739
724,757,758
724,832,833
725,635,636
725,669,670
725,757,758
725,817,818
726,569,570
726,635,636
726,669,670
726,757,758
727,569,570
727,669,670
727,757,758
727,832,833
728,1309,1310
728,1477,1478
728,1495,1496
728,1607,1608
729,1308,1309
729,1322,1323
729,1477,1478
729,1495,1496
730,1308,1309
730,1477,1478
730,1495,1496
730,1607,1608
731,1251,1252
731,1308,1309
731,1477,1478
731,1607,1608
732,1233,1234
732,1343,1344
732,1345,1346
732,1382,1383
733,1067,1068
733,1118,1119
733,1343,1344
733,1382,1383
734,1067,1068
734,1233,1234
734,1343,1344
734,1382,1383
735,1118,1119
735,1211,1212
735,1343,1344
735,1382,1383
736,1211,1212
736,1343,1344
736,1345,1346
736,1382,1383
737,1067,1068
737,1233,1234
737,1382,1383
737,1384,1385
738,1118,1119
738,1211,1212
738,1377,1378
738,1382,1383
739,1211,1212
739,1345,1346
739,1377,1378
739,1382,1383
740,1028,1029
740,1179,1180
740,1432,1433
740,1566,1567
741,1124,1125
741,1179,1180
741,1432,1433
741,1566,1567
742,1028,1029
742,1248,1249
742,1432,1433
742,1566,1567
743,1124,1125
743,1224,1225
743,1432,1433
743,1566,1567
744,1224,1225
744,1248,1249
744,1432,1433
744,1566,1567
745,1224,1225
745,1248,1249
745,1362,1363
745,1432,1433
746,1124,1125
746,1224,1225
746,1368,1369
746,1432,1433
747,1307,1308
747,1345,1346
747,1362,1363
747,1432,1433
748,1307,1308
748,1362,1363
748,1368,1369
748,1432,1433
749,1224,1225
749,1273,1274
749,1362,1363
749,1432,1433
750,1273,1274
750,1362,1363
750,1368,1369
750,1432,1433
751,1224,1225
751,1273,1274
751,1368,1369
751,1432,1433
752,1028,1029
752,1248,1249
752,1258,1259
752,1289,1290
753,1028,1029
753,1211,1212
753,1258,1259
753,1352,1353
754,1524,1525
754,1572,1573
754,1706,1707
754,1779,1780
755,1445,1446
755,1485,1486
755,1524,1525
755,1706,1707
756,1485,1486
756,1524,1525
756,1572,1573
756,1706,1707
757,1445,1446
757,1698,1699
757,1706,1707
757,1811,1812
758,1698,1699
758,1706,1707
758,1791,1792
758,1811,1812
759,1445,1446
759,1485,1486
759,1690,1691
759,1706,1707
760,1485,1486
760,1572,1573
760,1690,1691
760,1706,1707
761,1445,1446
761,1690,1691
761,1706,1707
761,1811,1812
762,1538,1539
762,1626,1627
762,1641,1642
762,1761,1762
763,1626,1627
763,1645,1646
763,1704,1705
763,1752,1753
764,1681,1682
764,1757,1758
764,1777,1778
764,1784,1785
765,1641,1642
765,1733,1734
765,1752,1753
765,1784,1785
766,1681,1682
766,1733,1734
766,1752,1753
766,1784,1785
767,1681,1682
767,1752,1753
767,1784,1785
767,1848,1849
768,1681,1682
768,1777,1778
768,1784,1785
768,1848,1849
769,1626,1627
769,1641,1642
769,1752,1753
769,1784,1785
770,1538,1539
770,1626,1627
770,1641,1642
770,1784,1785
771,1652,1653
771,1664,1665
771,1691,1692
771,1822,1823
772,1652,1653
772,1664,1665
772,1806,1807
772,1822,1823
773,1652,1653
773,1691,1692
773,1734,1735
773,1822,1823
774,1664,1665
774,1680,1681
774,1691,1692
774,1822,1823
775,1631,1632
775,1752,1753
775,1767,1768
775,1806,1807
776,1645,1646
776,1704,1705
776,1765,1766
776,1767,1768
777,1645,1646
777,1704,1705
777,1752,1753
777,1767,1768
778,1631,1632
778,1652,1653
778,1767,1768
778,1806,1807
779,1652,1653
779,1734,1735
779,1767,1768
779,1836,1837
780,1687,1688
780,1763,1764
780,1839,1840
780,1841,1842
781,1634,1635
781,1687,1688
781,1839,1840
781,1841,1842
782,1634,1635
782,1760,1761
782,1839,1840
782,1841,1842
783,1665,1666
783,1819,1820
783,1839,1840
783,1841,1842
784,1665,1666
784,1763,1764
784,1839,1840
784,1841,1842
785,1665,1666
785,1763,1764
785,1819,1820
785,1839,1840
786,1651,1652
786,1819,1820
786,1839,1840
786,1841,1842
787,1665,1666
787,1696,1697
787,1713,1714
787,1763,1764
788,1696,1697
788,1702,1703
788,1713,1714
788,1755,1756
789,1696,1697
789,1713,1714
789,1717,1718
789,1755,1756
790,1713,1714
790,1717,1718
790,1755,1756
790,1821,1822
791,1665,1666
791,1713,1714
791,1809,1810
791,1821,1822
792,1665,1666
792,1696,1697
792,1713,1714
792,1717,1718
793,1665,1666
793,1713,1714
793,1717,1718
793,1821,1822
794,1472,1473
794,1713,1714
794,1809,1810
794,1821,1822
795,1309,1310
795,1499,1500
795,1597,1598
795,1650,1651
796,1309,1310
796,1441,1442
796,1499,1500
796,1650,1651
797,1422,1423
797,1620,1621
797,1650,1651
797,1705,1706
798,1441,1442
798,1499,1500
798,1650,1651
798,1705,1706
799,1499,1500
799,1601,1602
799,1650,1651
799,1745,1746
800,1499,1500
800,1597,1598
800,1601,1602
800,1650,1651
801,1488,1489
801,1499,1500
801,1650,1651
801,1745,1746
802,1422,1423
802,1488,1489
802,1650,1651
802,1745,1746
803,1488,1489
803,1499,1500
803,1650,1651
803,1705,1706
804,1422,1423
804,1488,1489
804,1650,1651
804,1705,1706
805,1293,1294
805,1487,1488
805,1564,1565
805,1589,1590
806,1322,1323
806,1477,1478
806,1487,1488
806,1495,1496
807,1309,1310
807,1441,1442
807,1487,1488
807,1495,1496
808,1309,1310
808,1441,1442
808,1487,1488
808,1562,1563
809,1244,1245
809,1487,1488
809,1564,1565
809,1589,1590
810,1309,1310
810,1477,1478
810,1487,1488
810,1495,1496
811,1244,1245
811,1441,1442
811,1487,1488
811,1495,1496
812,1244,1245
812,1441,1442
812,1487,1488
812,1589,1590
813,1386,1387
813,1504,1505
813,1552,1553
813,1616,1617
814,1386,1387
814,1482,1483
814,1504,1505
814,1616,1617
815,1215,1216
815,1386,1387
815,1482,1483
815,1504,1505
816,1391,1392
816,1400,1401
816,1485,1486
816,1658,1659
817,1391,1392
817,1400,1401
817,1485,1486
817,1690,1691
818,1391,1392
818,1400,1401
818,1445,1446
818,1690,1691
819,1400,1401
819,1445,1446
819,1485,1486
819,1690,1691
820,1400,1401
820,1445,1446
820,1485,1486
820,1524,1525
821,24,25
821,76,77
821,84,85
821,111,112
822,19,20
822,24,25
822,76,77
822,111,112
823,19,20
823,24,25
823,111,112
823,117,118
824,24,25
824,84,85
824,111,112
824,193,194
825,24,25
825,111,112
825,117,118
825,193,194
826,879,880
826,1191,1192
826,1198,1199
826,1199,1200
827,879,880
827,1170,1171
827,1191,1192
827,1199,1200
828,341,342
828,509,510
828,551,552
828,554,555
829,341,342
829,509,510
829,554,555
829,691,692
830,341,342
830,503,504
830,509,510
830,691,692
831,738,739
831,777,778
831,898,899
831,1010,1011
832,646,647
832,675,676
832,898,899
832,1010,1011
833,625,626
833,659,660
833,792,793
833,981,982
834,752,753
834,777,778
834,898,899
834,1010,1011
835,675,676
835,752,753
835,898,899
835,1010,1011
836,675,676
836,752,753
836,799,800
836,1010,1011
837,434,435
837,603,604
837,672,673
837,738,739
838,434,435
838,603,604
838,738,739
838,777,778
839,434,435
839,752,753
839,777,778
839,1010,1011
840,431,432
840,509,510
840,554,555
840,691,692
841,56,57
841,110,111
841,205,206
841,384,385
842,56,57
842,110,111
842,335,336
842,359,360
843,35,36
843,110,111
843,335,336
843,359,360
844,56,57
844,234,235
844,239,240
844,271,272
845,13,14
845,239,240
845,271,272
845,283,284
846,392,393
846,513,514
846,551,552
846,554,555
847,392,393
847,513,514
847,551,552
847,618,619
848,79,80
848,133,134
848,180,181
848,208,209
849,13,14
849,271,272
849,283,284
849,362,363
850,271,272
850,283,284
850,362,363
850,419,420
851,20,21
851,54,55
851,83,84
851,145,146
852,54,55
852,83,84
852,97,98
852,145,146
853,83,84
853,97,98
853,145,146
853,295,296
854,54,55
854,97,98
854,145,146
854,295,296
855,54,55
855,96,97
855,145,146
855,295,296
856,1466,1467
856,1586,1587
856,1780,1781
856,1786,1787
857,1409,1410
857,1437,1438
857,1556,1557
857,1561,1562
858,1639,1640
858,1656,1657
858,1676,1677
858,1716,1717
859,1639,1640
859,1676,1677
859,1716,1717
859,1741,1742
860,1639,1640
860,1716,1717
860,1741,1742
860,1802,1803
861,1639,1640
861,1679,1680
861,1715,1716
861,1802,1803
862,1591,1592
862,1639,1640
862,1656,1657
862,1679,1680
863,1591,1592
863,1639,1640
863,1656,1657
863,1659,1660
864,1630,1631
864,1648,1649
864,1667,1668
864,1747,1748
865,1630,1631
865,1648,1649
865,1747,1748
865,1800,1801
866,1625,1626
866,1667,1668
866,1747,1748
866,1802,1803
867,1625,1626
867,1715,1716
867,1747,1748
867,1802,1803
868,1656,1657
868,1676,1677
868,1780,1781
868,1788,1789
869,1639,1640
869,1656,1657
869,1676,1677
869,1788,1789
870,1639,1640
870,1656,1657
870,1659,1660
870,1788,1789
871,1676,1677
871,1703,1704
871,1780,1781
871,1788,1789
872,1639,1640
872,1676,1677
872,1741,1742
872,1788,1789
873,1703,1704
873,1780,1781
873,1786,1787
873,1788,1789
874,1466,1467
874,1703,1704
874,1786,1787
874,1788,1789
875,1466,1467
875,1780,1781
875,1786,1787
875,1788,1789
876,1466,1467
876,1703,1704
876,1788,1789
876,1794,1795
877,1406,1407
877,1426,1427
877,1613,1614
877,1699,1700
878,1404,1405
878,1613,1614
878,1699,1700
878,1754,1755
879,1406,1407
879,1613,1614
879,1699,1700
879,1754,1755
880,1638,1639
880,1649,1650
880,1807,1808
880,1842,1843
881,1638,1639
881,1644,1645
881,1718,1719
881,1842,1843
882,1572,1573
882,1729,1730
882,1758,1759
882,1779,1780
883,1572,1573
883,1729,1730
883,1758,1759
883,1799,1800
884,1572,1573
884,1706,1707
884,1729,1730
884,1799,1800
885,1644,1645
885,1646,1647
885,1730,1731
885,1794,1795
886,1644,1645
886,1646,1647
886,1730,1731
886,1807,1808
887,1646,1647
887,1725,1726
887,1730,1731
887,1785,1786
888,1644,1645
888,1730,1731
888,1786,1787
888,1794,1795
889,1466,1467
889,1730,1731
889,1786,1787
889,1794,1795
890,1556,1557
890,1644,1645
890,1730,1731
890,1807,1808
891,1261,1262
891,1291,1292
891,1353,1354
891,1369,1370
892,1261,1262
892,1276,1277
892,1291,1292
892,1369,1370
893,1220,1221
893,1261,1262
893,1276,1277
893,1291,1292
894,1166,1167
894,1261,1262
894,1276,1277
894,1369,1370
895,1142,1143
895,1166,1167
895,1261,1262
895,1369,1370
896,1220,1221
896,1261,1262
896,1274,1275
896,1276,1277
897,1166,1167
897,1261,1262
897,1274,1275
897,1276,1277
898,1047,1048
898,1142,1143
898,1166,1167
898,1284,1285
899,845,846
899,1014,1015
899,1099,1100
899,1260,1261
900,845,846
900,1014,1015
900,1077,1078
900,1260,1261
901,1047,1048
901,1142,1143
901,1260,1261
901,1284,1285
902,845,846
902,1077,1078
902,1196,1197
902,1260,1261
903,1014,1015
903,1077,1078
903,1130,1131
903,1260,1261
904,1142,1143
904,1166,1167
904,1260,1261
904,1369,1370
905,1047,1048
905,1142,1143
905,1166,1167
905,1260,1261
906,1130,1131
906,1260,1261
906,1328,1329
906,1369,1370
907,1142,1143
907,1260,1261
907,1328,1329
907,1369,1370
908,1263,1264
908,1419,1420
908,1501,1502
908,1544,1545
909,1263,1264
909,1419,1420
909,1541,1542
909,1544,1545
910,1287,1288
910,1355,1356
910,1507,1508
910,1515,1516
911,1314,1315
911,1355,1356
911,1415,1416
911,1507,1508
912,1287,1288
912,1355,1356
912,1415,1416
912,1507,1508
913,1492,1493
913,1515,1516
913,1603,1604
913,1613,1614
914,1287,1288
914,1507,1508
914,1515,1516
914,1603,1604
915,1287,1288
915,1507,1508
915,1603,1604
915,1618,1619
916,1466,1467
916,1551,1552
916,1725,1726
916,1740,1741
917,1404,1405
917,1551,1552
917,1613,1614
917,1699,1700
918,1404,1405
918,1551,1552
918,1613,1614
918,1754,1755
919,1314,1315
919,1504,1505
919,1514,1515
919,1616,1617
920,1314,1315
920,1507,1508
920,1514,1515
920,1771,1772
921,1314,1315
921,1438,1439
921,1504,1505
921,1506,1507
922,1314,1315
922,1504,1505
922,1506,1507
922,1514,1515
923,1314,1315
923,1506,1507
923,1514,1515
923,1771,1772
924,1314,1315
924,1506,1507
924,1507,1508
924,1771,1772
925,1263,1264
925,1350,1351
925,1419,1420
925,1541,1542
926,1220,1221
926,1263,1264
926,1350,1351
926,1419,1420
927,1287,1288
927,1350,1351
927,1402,1403
927,1618,1619
928,1277,1278
928,1460,1461
928,1482,1483
928,1560,1561
929,1232,1233
929,1415,1416
929,1560,1561
929,1616,1617
930,1355,1356
930,1460,1461
930,1508,1509
930,1560,1561
931,1355,1356
931,1415,1416
931,1508,1509
931,1560,1561
932,1314,1315
932,1482,1483
932,1560,1561
932,1616,1617
933,1314,1315
933,1460,1461
933,1482,1483
933,1560,1561
934,1314,1315
934,1415,1416
934,1560,1561
934,1616,1617
935,1314,1315
935,1355,1356
935,1460,1461
935,1560,1561
936,1314,1315
936,1355,1356
936,1415,1416
936,1560,1561
937,263,264
937,432,433
937,632,633
937,654,655
938,263,264
938,446,447
938,632,633
938,654,655
939,263,264
939,446,447
939,599,600
939,632,633
940,263,264
940,299,300
940,599,600
940,632,633
941,299,300
941,572,573
941,599,600
941,632,633
942,263,264
942,303,304
942,432,433
942,632,633
943,303,304
943,432,433
943,537,538
943,632,633
944,303,304
944,537,538
944,572,573
944,632,633
945,263,264
945,299,300
945,303,304
945,632,633
946,299,300
946,303,304
946,572,573
946,632,633
947,514,515
947,696,697
947,826,827
947,992,993
948,514,515
948,807,808
948,826,827
948,992,993
949,866,867
949,970,971
949,1012,1013
949,1138,1139
950,641,642
950,866,867
950,871,872
950,970,971
951,641,642
951,688,689
951,866,867
951,871,872
952,866,867
952,871,872
952,925,926
952,933,934
953,871,872
953,891,892
953,925,926
953,933,934
954,688,689
954,866,867
954,871,872
954,925,926
955,688,689
955,871,872
955,891,892
955,925,926
956,227,228
956,349,350
956,422,423
956,580,581
957,227,228
957,264,265
957,342,343
957,349,350
958,227,228
958,342,343
958,349,350
958,580,581
959,303,304
959,342,343
959,349,350
959,580,581
960,329,330
960,349,350
960,391,392
960,422,423
961,329,330
961,349,350
961,422,423
961,580,581
962,303,304
962,329,330
962,349,350
962,580,581
963,39,40
963,85,86
963,87,88
963,417,418
964,21,22
964,39,40
964,85,86
964,87,88
965,39,40
965,87,88
965,147,148
965,417,418
966,39,40
966,48,49
966,147,148
966,417,418
967,48,49
967,148,149
967,289,290
967,418,419
968,1635,1636
968,1770,1771
968,1824,1825
968,1825,1826
969,1619,1620
969,1635,1636
969,1770,1771
969,1825,1826
970,1423,1424
970,1609,1610
970,1619,1620
970,1770,1771
971,1609,1610
971,1619,1620
971,1635,1636
971,1770,1771
972,1546,1547
972,1770,1771
972,1774,1775
972,1824,1825
973,1635,1636
973,1770,1771
973,1774,1775
973,1824,1825
974,1609,1610
974,1635,1636
974,1770,1771
974,1774,1775
975,1236,1237
975,1370,1371
975,1443,1444
975,1459,1460
976,1268,1269
976,1370,1371
976,1443,1444
976,1459,1460
977,230,231
977,355,356
977,370,371
977,563,564
978,230,231
978,331,332
978,506,507
978,563,564
979,230,231
979,331,332
979,355,356
979,563,564
980,230,231
980,355,356
980,370,371
980,484,485
981,533,534
981,548,549
981,602,603
981,791,792
982,254,255
982,280,281
982,305,306
982,333,334
983,160,161
983,192,193
983,305,306
983,389,390
984,192,193
984,254,255
984,305,306
984,389,390
985,192,193
985,254,255
985,305,306
985,333,334
986,219,220
986,333,334
986,394,395
986,397,398
987,280,281
987,305,306
987,333,334
987,397,398
988,280,281
988,327,328
988,333,334
988,397,398
989,327,328
989,333,334
989,394,395
989,397,398
990,227,228
990,252,253
990,467,468
990,580,581
991,252,253
991,467,468
991,580,581
991,586,587
992,227,228
992,342,343
992,467,468
992,580,581
993,342,343
993,467,468
993,580,581
993,586,587
994,22,23
994,41,42
994,193,194
994,258,259
995,41,42
995,84,85
995,193,194
995,258,259
996,24,25
996,84,85
996,193,194
996,258,259
997,22,23
997,193,194
997,258,259
997,323,324
998,22,23
998,258,259
998,323,324
998,380,381
999,192,193
999,258,259
999,323,324
999,380,381
1000,117,118
1000,193,194
1000,258,259
1000,323,324
1001,24,25
1001,117,118
1001,193,194
1001,258,259
1002,192,193
1002,258,259
1002,323,324
1002,339,340
1003,117,118
1003,258,259
1003,323,324
1003,339,340
1004,736,737
1004,807,808
1004,826,827
1004,840,841
1005,638,639
1005,693,694
1005,736,737
1005,771,772
1006,693,694
1006,736,737
1006,771,772
1006,967,968
1007,928,929
1007,1005,1006
1007,1098,1099
1007,1372,1373
1008,922,923
1008,928,929
1008,1005,1006
1008,1372,1373
1009,922,923
1009,928,929
1009,1005,1006
1009,1138,1139
1010,922,923
1010,953,954
1010,1005,1006
1010,1138,1139
1011,928,929
1011,953,954
1011,1005,1006
1011,1138,1139
1012,922,923
1012,1005,1006
1012,1155,1156
1012,1372,1373
1013,1005,1006
1013,1098,1099
1013,1140,1141
1013,1176,1177
1014,848,849
1014,928,929
1014,1012,1013
1014,1138,1139
1015,848,849
1015,928,929
1015,953,954
1015,1138,1139
1016,848,849
1016,928,929
1016,953,954
1016,1005,1006
1017,848,849
1017,928,929
1017,1005,1006
1017,1098,1099
1018,848,849
1018,953,954
1018,1005,1006
1018,1098,1099
1019,508,509
1019,537,538
1019,586,587
1019,592,593
1020,537,538
1020,572,573
1020,586,587
1020,592,593
1021,611,612
1021,622,623
1021,652,653
1021,733,734
1022,1250,1251
1022,1255,1256
1022,1361,1362
1022,1408,1409
1023,1250,1251
1023,1255,1256
1023,1361,1362
1023,1559,1560
1024,1250,1251
1024,1255,1256
1024,1408,1409
1024,1557,1558
1025,1241,1242
1025,1250,1251
1025,1364,1365
1025,1375,1376
1026,1250,1251
1026,1255,1256
1026,1375,1376
1026,1559,1560
1027,1241,1242
1027,1250,1251
1027,1375,1376
1027,1559,1560
1028,1241,1242
1028,1250,1251
1028,1254,1255
1028,1559,1560
1029,1250,1251
1029,1254,1255
1029,1361,1362
1029,1559,1560
1030,1250,1251
1030,1364,1365
1030,1375,1376
1030,1557,1558
1031,1250,1251
1031,1255,1256
1031,1375,1376
1031,1557,1558
1032,56,57
1032,234,235
1032,363,364
1032,384,385
1033,56,57
1033,335,336
1033,359,360
1033,363,364
1034,56,57
1034,110,111
1034,335,336
1034,363,364
1035,103,104
1035,316,317
1035,400,401
1035,562,563
1036,103,104
1036,316,317
1036,562,563
1036,618,619
1037,103,104
1037,513,514
1037,562,563
1037,618,619
1038,103,104
1038,384,385
1038,513,514
1038,618,619
1039,103,104
1039,321,322
1039,384,385
1039,618,619
1040,103,104
1040,205,206
1040,321,322
1040,384,385
1041,103,104
1041,231,232
1041,321,322
1041,618,619
1042,103,104
1042,231,232
1042,316,317
1042,618,619
1043,103,104
1043,205,206
1043,278,279
1043,353,354
1044,103,104
1044,205,206
1044,278,279
1044,321,322
1045,103,104
1045,231,232
1045,278,279
1045,321,322
1046,103,104
1046,231,232
1046,278,279
1046,316,317
1047,205,206
1047,278,279
1047,321,322
1047,348,349
1048,278,279
1048,321,322
1048,348,349
1048,406,407
1049,231,232
1049,278,279
1049,321,322
1049,406,407
1050,1450,1451
1050,1502,1503
1050,1573,1574
1050,1635,1636
1051,1502,1503
1051,1573,1574
1051,1641,1642
1051,1733,1734
1052,1573,1574
1052,1641,1642
1052,1733,1734
1052,1784,1785
1053,1450,1451
1053,1538,1539
1053,1573,1574
1053,1641,1642
1054,1538,1539
1054,1573,1574
1054,1641,1642
1054,1784,1785
1055,1502,1503
1055,1573,1574
1055,1635,1636
1055,1825,1826
1056,1502,1503
1056,1573,1574
1056,1733,1734
1056,1825,1826
1057,1573,1574
1057,1733,1734
1057,1781,1782
1057,1825,1826
1058,1573,1574
1058,1681,1682
1058,1733,1734
1058,1781,1782
1059,1573,1574
1059,1681,1682
1059,1733,1734
1059,1784,1785
1060,1573,1574
1060,1681,1682
1060,1757,1758
1060,1781,1782
1061,1573,1574
1061,1681,1682
1061,1757,1758
1061,1784,1785
1062,1389,1390
1062,1691,1692
1062,1734,1735
1062,1760,1761
1063,1389,1390
1063,1634,1635
1063,1734,1735
1063,1760,1761
1064,1389,1390
1064,1691,1692
1064,1744,1745
1064,1760,1761
1065,1389,1390
1065,1686,1687
1065,1691,1692
1065,1744,1745
1066,1651,1652
1066,1726,1727
1066,1744,1745
1066,1760,1761
1067,1651,1652
1067,1726,1727
1067,1819,1820
1067,1839,1840
1068,1651,1652
1068,1726,1727
1068,1760,1761
1068,1841,1842
1069,1651,1652
1069,1726,1727
1069,1839,1840
1069,1841,1842
1070,1726,1727
1070,1760,1761
1070,1839,1840
1070,1841,1842
1071,1633,1634
1071,1726,1727
1071,1763,1764
1071,1839,1840
1072,1726,1727
1072,1763,1764
1072,1819,1820
1072,1839,1840
1073,1665,1666
1073,1726,1727
1073,1763,1764
1073,1819,1820
1074,1451,1452
1074,1608,1609
1074,1669,1670
1074,1742,1743
1075,1451,1452
1075,1608,1609
1075,1686,1687
1075,1742,1743
1076,1608,1609
1076,1610,1611
1076,1669,1670
1076,1742,1743
1077,1574,1575
1077,1608,1609
1077,1686,1687
1077,1742,1743
1078,648,649
1078,656,657
1078,800,801
1078,857,858
1079,781,782
1079,800,801
1079,857,858
1079,909,910
1080,656,657
1080,800,801
1080,857,858
1080,909,910
1081,1241,1242
1081,1247,1248
1081,1335,1336
1081,1364,1365
1082,1067,1068
1082,1184,1185
1082,1335,1336
1082,1388,1389
1083,1067,1068
1083,1335,1336
1083,1343,1344
1083,1388,1389
1084,1247,1248
1084,1275,1276
1084,1315,1316
1084,1335,1336
1085,1315,1316
1085,1335,1336
1085,1343,1344
1085,1388,1389
1086,1247,1248
1086,1315,1316
1086,1335,1336
1086,1343,1344
1087,1236,1237
1087,1275,1276
1087,1315,1316
1087,1335,1336
1088,1236,1237
1088,1315,1316
1088,1335,1336
1088,1388,1389
1089,1236,1237
1089,1275,1276
1089,1335,1336
1089,1388,1389
1090,1233,1234
1090,1335,1336
1090,1343,1344
1090,1375,1376
1091,1247,1248
1091,1335,1336
1091,1343,1344
1091,1375,1376
1092,1233,1234
1092,1241,1242
1092,1335,1336
1092,1375,1376
1093,1241,1242
1093,1247,1248
1093,1335,1336
1093,1375,1376
1094,946,947
1094,955,956
1094,1092,1093
1094,1182,1183
1095,975,976
1095,994,995
1095,1071,1072
1095,1193,1194
1096,920,921
1096,975,976
1096,1162,1163
1096,1193,1194
1097,920,921
1097,975,976
1097,1105,1106
1097,1162,1163
1098,920,921
1098,921,922
1098,1162,1163
1098,1193,1194
1099,242,243
1099,325,326
1099,429,430
1099,590,591
1100,298,299
1100,341,342
1100,539,540
1100,562,563
1101,341,342
1101,429,430
1101,539,540
1101,562,563
1102,298,299
1102,539,540
1102,562,563
1102,577,578
1103,400,401
1103,539,540
1103,562,563
1103,577,578
1104,242,243
1104,429,430
1104,477,478
1104,539,540
1105,267,268
1105,428,429
1105,498,499
1105,579,580
1106,428,429
1106,555,556
1106,579,580
1106,590,591
1107,267,268
1107,428,429
1107,555,556
1107,579,580
1108,1294,1295
1108,1330,1331
1108,1447,1448
1108,1511,1512
1109,1224,1225
1109,1248,1249
1109,1294,1295
1109,1566,1567
1110,1248,1249
1110,1294,1295
1110,1330,1331
1110,1447,1448
1111,1124,1125
1111,1179,1180
1111,1288,1289
1111,1301,1302
1112,1124,1125
1112,1168,1169
1112,1288,1289
1112,1301,1302
1113,978,979
1113,1029,1030
1113,1133,1134
1113,1324,1325
1114,978,979
1114,1029,1030
1114,1133,1134
1114,1198,1199
1115,1133,1134
1115,1179,1180
1115,1198,1199
1115,1377,1378
1116,1133,1134
1116,1179,1180
1116,1265,1266
1116,1566,1567
1117,1029,1030
1117,1133,1134
1117,1324,1325
1117,1377,1378
1118,1029,1030
1118,1133,1134
1118,1198,1199
1118,1377,1378
1119,1028,1029
1119,1133,1134
1119,1179,1180
1119,1377,1378
1120,1028,1029
1120,1133,1134
1120,1179,1180
1120,1566,1567
1121,1133,1134
1121,1324,1325
1121,1352,1353
1121,1377,1378
1122,1028,1029
1122,1133,1134
1122,1352,1353
1122,1377,1378
1123,1028,1029
1123,1133,1134
1123,1289,1290
1123,1566,1567
1124,129,130
1124,151,152
1124,223,224
1124,396,397
1125,130,131
1125,151,152
1125,223,224
1125,396,397
1126,130,131
1126,151,152
1126,320,321
1126,396,397
1127,906,907
1127,1041,1042
1127,1108,1109
1127,1181,1182
1128,845,846
1128,893,894
1128,906,907
1128,1099,1100
1129,416,417
1129,536,537
1129,566,567
1129,588,589
1130,310,311
1130,330,331
1130,334,335
1130,409,410
1131,310,311
1131,407,408
1131,585,586
1131,604,605
1132,445,446
1132,464,465
1132,521,522
1132,579,580
1133,464,465
1133,498,499
1133,521,522
1133,579,580
1134,428,429
1134,498,499
1134,521,522
1134,579,580
1135,428,429
1135,521,522
1135,579,580
1135,590,591
1136,8,9
1136,33,34
1136,150,151
1136,194,195
1137,8,9
1137,33,34
1137,194,195
1137,268,269
1138,8,9
1138,66,67
1138,194,195
1138,268,269
1139,8,9
1139,66,67
1139,268,269
1139,317,318
1140,125,126
1140,307,308
1140,320,321
1140,361,362
1141,50,51
1141,125,126
1141,312,313
1141,361,362
1142,14,15
1142,116,117
1142,125,126
1142,320,321
1143,14,15
1143,116,117
1143,125,126
1143,413,414
1144,14,15
1144,116,117
1144,320,321
1144,408,409
1145,14,15
1145,49,50
1145,116,117
1145,408,409
1146,14,15
1146,17,18
1146,49,50
1146,116,117
1147,116,117
1147,151,152
1147,320,321
1147,408,409
1148,49,50
1148,116,117
1148,151,152
1148,408,409
1149,17,18
1149,116,117
1149,176,177
1149,413,414
1150,14,15
1150,17,18
1150,116,117
1150,176,177
1151,14,15
1151,116,117
1151,176,177
1151,413,414
1152,104,105
1152,154,155
1152,167,168
1152,208,209
1153,104,105
1153,115,116
1153,154,155
1153,167,168
1154,101,102
1154,104,105
1154,115,116
1154,167,168
1155,81,82
1155,101,102
1155,167,168
1155,207,208
1156,81,82
1156,167,168
1156,207,208
1156,220,221
1157,18,19
1157,101,102
1157,104,105
1157,167,168
1158,18,19
1158,104,105
1158,167,168
1158,208,209
1159,139,140
1159,167,168
1159,180,181
1159,208,209
1160,18,19
1160,101,102
1160,139,140
1160,167,168
1161,18,19
1161,139,140
1161,167,168
1161,208,209
1162,101,102
1162,139,140
1162,167,168
1162,207,208
1163,1704,1705
1163,1750,1751
1163,1828,1829
1163,1829,1830
1164,1463,1464
1164,1684,1685
1164,1693,1694
1164,1793,1794
1165,1463,1464
1165,1587,1588
1165,1693,1694
1165,1793,1794
1166,1417,1418
1166,1463,1464
1166,1693,1694
1166,1739,1740
1167,1463,1464
1167,1587,1588
1167,1693,1694
1167,1739,1740
1168,1623,1624
1168,1684,1685
1168,1693,1694
1168,1793,1794
1169,1215,1216
1169,1399,1400
1169,1504,1505
1169,1621,1622
1170,1386,1387
1170,1399,1400
1170,1504,1505
1170,1552,1553
1171,1215,1216
1171,1386,1387
1171,1399,1400
1171,1504,1505
1172,1386,1387
1172,1399,1400
1172,1552,1553
1172,1576,1577
1173,1399,1400
1173,1485,1486
1173,1576,1577
1173,1593,1594
1174,1399,1400
1174,1485,1486
1174,1572,1573
1174,1779,1780
1175,1399,1400
1175,1485,1486
1175,1572,1573
1175,1593,1594
1176,1399,1400
1176,1572,1573
1176,1593,1594
1176,1621,1622
1177,1215,1216
1177,1386,1387
1177,1532,1533
1177,1542,1543
1178,1399,1400
1178,1542,1543
1178,1576,1577
1178,1593,1594
1179,1399,1400
1179,1542,1543
1179,1593,1594
1179,1621,1622
1180,1215,1216
1180,1399,1400
1180,1542,1543
1180,1621,1622
1181,1386,1387
1181,1464,1465
1181,1532,1533
1181,1542,1543
1182,1386,1387
1182,1464,1465
1182,1542,1543
1182,1576,1577
1183,1305,1306
1183,1542,1543
1183,1576,1577
1183,1593,1594
1184,1305,1306
1184,1464,1465
1184,1542,1543
1184,1576,1577
1185,1386,1387
1185,1399,1400
1185,1542,1543
1185,1576,1577
1186,1215,1216
1186,1386,1387
1186,1399,1400
1186,1542,1543
1187,1431,1432
1187,1525,1526
1187,1542,1543
1187,1593,1594
1188,1305,1306
1188,1525,1526
1188,1542,1543
1188,1593,1594
1189,1383,1384
1189,1431,1432
1189,1525,1526
1189,1542,1543
1190,1351,1352
1190,1383,1384
1190,1525,1526
1190,1542,1543
1191,1305,1306
1191,1351,1352
1191,1525,1526
1191,1542,1543
1192,1305,1306
1192,1351,1352
1192,1464,1465
1192,1542,1543
1193,1676,1677
1193,1716,1717
1193,1762,1763
1193,1812,1813
1194,1676,1677
1194,1762,1763
1194,1812,1813
1194,1838,1839
1195,1625,1626
1195,1716,1717
1195,1762,1763
1195,1773,1774
1196,1625,1626
1196,1762,1763
1196,1773,1774
1196,1832,1833
1197,1676,1677
1197,1716,1717
1197,1741,1742
1197,1762,1763
1198,1676,1677
1198,1741,1742
1198,1762,1763
1198,1838,1839
1199,1625,1626
1199,1716,1717
1199,1741,1742
1199,1762,1763
1200,1762,1763
1200,1832,1833
1200,1833,1834
1200,1838,1839
1201,1417,1418
1201,1431,1432
1201,1490,1491
1201,1535,1536
1202,1431,1432
1202,1490,1491
1202,1525,1526
1202,1535,1536
1203,1431,1432
1203,1525,1526
1203,1535,1536
1203,1593,1594
1204,1490,1491
1204,1503,1504
1204,1525,1526
1204,1535,1536
1205,1503,1504
1205,1525,1526
1205,1535,1536
1205,1593,1594
1206,1463,1464
1206,1490,1491
1206,1503,1504
1206,1535,1536
1207,1417,1418
1207,1463,1464
1207,1535,1536
1207,1693,1694
1208,1503,1504
1208,1535,1536
1208,1593,1594
1208,1690,1691
1209,1463,1464
1209,1490,1491
1209,1535,1536
1209,1739,1740
1210,1417,1418
1210,1463,1464
1210,1535,1536
1210,1739,1740
1211,1417,1418
1211,1490,1491
1211,1535,1536
1211,1739,1740
1212,1535,1536
1212,1572,1573
1212,1593,1594
1212,1690,1691
1213,1463,1464
1213,1503,1504
1213,1535,1536
1213,1684,1685
1214,1503,1504
1214,1535,1536
1214,1684,1685
1214,1690,1691
1215,1405,1406
1215,1408,1409
1215,1468,1469
1215,1557,1558
1216,1405,1406
1216,1468,1469
1216,1557,1558
1216,1619,1620
1217,1250,1251
1217,1408,1409
1217,1468,1469
1217,1557,1558
1218,1364,1365
1218,1468,1469
1218,1557,1558
1218,1619,1620
1219,1250,1251
1219,1364,1365
1219,1468,1469
1219,1557,1558
1220,1248,1249
1220,1289,1290
1220,1349,1350
1220,1447,1448
1221,1248,1249
1221,1289,1290
1221,1349,1350
1221,1566,1567
1222,1248,1249
1222,1294,1295
1222,1349,1350
1222,1447,1448
1223,1248,1249
1223,1294,1295
1223,1349,1350
1223,1566,1567
1224,1294,1295
1224,1349,1350
1224,1371,1372
1224,1447,1448
1225,1255,1256
1225,1554,1555
1225,1557,1558
1225,1605,1606
1226,1484,1485
1226,1554,1555
1226,1557,1558
1226,1605,1606
1227,1307,1308
1227,1362,1363
1227,1368,1369
1227,1605,1606
1228,1273,1274
1228,1362,1363
1228,1368,1369
1228,1605,1606
1229,1255,1256
1229,1307,1308
1229,1375,1376
1229,1605,1606
1230,1256,1257
1230,1307,1308
1230,1362,1363
1230,1605,1606
1231,1256,1257
1231,1362,1363
1231,1484,1485
1231,1605,1606
1232,1255,1256
1232,1375,1376
1232,1557,1558
1232,1605,1606
1233,1375,1376
1233,1484,1485
1233,1557,1558
1233,1605,1606
1234,1256,1257
1234,1307,1308
1234,1375,1376
1234,1605,1606
1235,1256,1257
1235,1375,1376
1235,1484,1485
1235,1605,1606
1236,227,228
1236,286,287
1236,422,423
1236,580,581
1237,286,287
1237,422,423
1237,573,574
1237,580,581
1238,227,228
1238,286,287
1238,573,574
1238,580,581
1239,227,228
1239,286,287
1239,308,309
1239,573,574
1240,227,228
1240,264,265
1240,286,287
1240,349,350
1241,227,228
1241,286,287
1241,349,350
1241,422,423
1242,227,228
1242,228,229
1242,264,265
1242,286,287
1243,228,229
1243,264,265
1243,286,287
1243,290,291
1244,227,228
1244,228,229
1244,286,287
1244,308,309
1245,228,229
1245,286,287
1245,290,291
1245,308,309
1246,210,211
1246,349,350
1246,391,392
1246,422,423
1247,210,211
1247,286,287
1247,290,291
1247,422,423
1248,210,211
1248,286,287
1248,349,350
1248,422,423
1249,210,211
1249,264,265
1249,286,287
1249,290,291
1250,210,211
1250,264,265
1250,286,287
1250,349,350
1251,4,5
1251,166,167
1251,224,225
1251,276,277
1252,29,30
1252,166,167
1252,276,277
1252,323,324
1253,22,23
1253,109,110
1253,276,277
1253,323,324
1254,4,5
1254,6,7
1254,214,215
1254,276,277
1255,4,5
1255,166,167
1255,214,215
1255,276,277
1256,166,167
1256,193,194
1256,214,215
1256,276,277
1257,166,167
1257,193,194
1257,276,277
1257,323,324
1258,22,23
1258,149,150
1258,214,215
1258,276,277
1259,6,7
1259,149,150
1259,214,215
1259,276,277
1260,22,23
1260,193,194
1260,214,215
1260,276,277
1261,22,23
1261,193,194
1261,276,277
1261,323,324
1262,22,23
1262,30,31
1262,149,150
1262,276,277
1263,6,7
1263,30,31
1263,149,150
1263,276,277
1264,252,253
1264,308,309
1264,315,316
1264,573,574
1265,5,6
1265,30,31
1265,71,72
1265,123,124
1266,5,6
1266,71,72
1266,85,86
1266,123,124
1267,6,7
1267,30,31
1267,123,124
1267,276,277
1268,22,23
1268,30,31
1268,109,110
1268,123,124
1269,22,23
1269,30,31
1269,123,124
1269,276,277
1270,22,23
1270,109,110
1270,123,124
1270,276,277
1271,109,110
1271,123,124
1271,276,277
1271,323,324
1272,21,22
1272,51,52
1272,87,88
1272,202,203
1273,1,2
1273,33,34
1273,124,125
1273,140,141
1274,1,2
1274,33,34
1274,136,137
1274,140,141
1275,124,125
1275,131,132
1275,140,141
1275,150,151
1276,33,34
1276,124,125
1276,140,141
1276,150,151
1277,34,35
1277,95,96
1277,162,163
1277,314,315
1278,3,4
1278,34,35
1278,95,96
1278,314,315
1279,3,4
1279,31,32
1279,34,35
1279,95,96
1280,3,4
1280,31,32
1280,34,35
1280,314,315
1281,31,32
1281,34,35
1281,95,96
1281,158,159
1282,134,135
1282,228,229
1282,240,241
1282,337,338
1283,5,6
1283,264,265
1283,290,291
1283,337,338
1284,228,229
1284,264,265
1284,290,291
1284,337,338
1285,5,6
1285,85,86
1285,123,124
1285,337,338
1286,16,17
1286,37,38
1286,75,76
1286,135,136
1287,16,17
1287,37,38
1287,97,98
1287,135,136
1288,16,17
1288,96,97
1288,97,98
1288,135,136
1289,37,38
1289,75,76
1289,135,136
1289,356,357
1290,135,136
1290,199,200
1290,348,349
1290,356,357
1291,196,197
1291,254,255
1291,339,340
1291,389,390
1292,196,197
1292,254,255
1292,389,390
1292,406,407
1293,196,197
1293,254,255
1293,309,310
1293,406,407
1294,29,30
1294,134,135
1294,196,197
1294,240,241
1295,192,193
1295,196,197
1295,254,255
1295,339,340
1296,29,30
1296,192,193
1296,196,197
1296,339,340
1297,192,193
1297,196,197
1297,240,241
1297,254,255
1298,29,30
1298,192,193
1298,196,197
1298,240,241
1299,75,76
1299,98,99
1299,102,103
1299,168,169
1300,142,143
1300,199,200
1300,348,349
1300,356,357
1301,29,30
1301,142,143
1301,196,197
1301,339,340
1302,142,143
1302,199,200
1302,339,340
1302,356,357
1303,142,143
1303,199,200
1303,348,349
1303,406,407
1304,142,143
1304,199,200
1304,339,340
1304,389,390
1305,142,143
1305,196,197
1305,339,340
1305,389,390
1306,142,143
1306,199,200
1306,389,390
1306,406,407
1307,142,143
1307,196,197
1307,389,390
1307,406,407
1308,13,14
1308,362,363
1308,415,416
1308,450,451
1309,97,98
1309,182,183
1309,259,260
1309,295,296
1310,182,183
1310,226,227
1310,259,260
1310,295,296
1311,96,97
1311,97,98
1311,182,183
1311,295,296
1312,96,97
1312,182,183
1312,226,227
1312,295,296
1313,37,38
1313,97,98
1313,182,183
1313,259,260
1314,96,97
1314,182,183
1314,226,227
1314,256,257
1315,96,97
1315,97,98
1315,135,136
1315,182,183
1316,96,97
1316,135,136
1316,182,183
1316,256,257
1317,37,38
1317,97,98
1317,135,136
1317,182,183
1318,135,136
1318,182,183
1318,199,200
1318,256,257
1319,37,38
1319,135,136
1319,182,183
1319,356,357
1320,10,11
1320,16,17
1320,75,76
1320,135,136
1321,10,11
1321,205,206
1321,278,279
1321,353,354
1322,10,11
1322,205,206
1322,278,279
1322,348,349
1323,10,11
1323,110,111
1323,205,206
1323,353,354
1324,1097,1098
1324,1173,1174
1324,1221,1222
1324,1319,1320
1325,1546,1547
1325,1615,1616
1325,1770,1771
1325,1824,1825
1326,1543,1544
1326,1546,1547
1326,1615,1616
1326,1774,1775
1327,1546,1547
1327,1615,1616
1327,1770,1771
1327,1774,1775
1328,1423,1424
1328,1609,1610
1328,1615,1616
1328,1770,1771
1329,641,642
1329,653,654
1329,941,942
1329,970,971
1330,641,642
1330,653,654
1330,941,942
1330,967,968
1331,653,654
1331,771,772
1331,941,942
1331,967,968
1332,638,639
1332,653,654
1332,736,737
1332,771,772
1333,653,654
1333,736,737
1333,771,772
1333,967,968
1334,638,639
1334,653,654
1334,736,737
1334,807,808
1335,1218,1219
1335,1285,1286
1335,1421,1422
1335,1617,1618
1336,1518,1519
1336,1610,1611
1336,1617,1618
1336,1742,1743
1337,1299,1300
1337,1394,1395
1337,1449,1450
1337,1617,1618
1338,1394,1395
1338,1449,1450
1338,1610,1611
1338,1617,1618
1339,1299,1300
1339,1356,1357
1339,1421,1422
1339,1617,1618
1340,1356,1357
1340,1518,1519
1340,1610,1611
1340,1617,1618
1341,1356,1357
1341,1449,1450
1341,1610,1611
1341,1617,1618
1342,1299,1300
1342,1356,1357
1342,1449,1450
1342,1617,1618
1343,1299,1300
1343,1332,1333
1343,1366,1367
1343,1444,1445
1344,1299,1300
1344,1366,1367
1344,1421,1422
1344,1444,1445
1345,1299,1300
1345,1356,1357
1345,1366,1367
1345,1421,1422
1346,1107,1108
1346,1221,1222
1346,1319,1320
1346,1366,1367
1347,1256,1257
1347,1315,1316
1347,1345,1346
1347,1374,1375
1348,1028,1029
1348,1248,1249
1348,1258,1259
1348,1374,1375
1349,1256,1257
1349,1345,1346
1349,1362,1363
1349,1374,1375
1350,1211,1212
1350,1315,1316
1350,1345,1346
1350,1374,1375
1351,1345,1346
1351,1362,1363
1351,1374,1375
1351,1432,1433
1352,1248,1249
1352,1362,1363
1352,1374,1375
1352,1432,1433
1353,1028,1029
1353,1211,1212
1353,1345,1346
1353,1374,1375
1354,1028,1029
1354,1211,1212
1354,1258,1259
1354,1374,1375
1355,1028,1029
1355,1345,1346
1355,1374,1375
1355,1432,1433
1356,1028,1029
1356,1248,1249
1356,1374,1375
1356,1432,1433
1357,1247,1248
1357,1256,1257
1357,1315,1316
1357,1494,1495
1358,1256,1257
1358,1429,1430
1358,1484,1485
1358,1494,1495
1359,1247,1248
1359,1275,1276
1359,1423,1424
1359,1494,1495
1360,1484,1485
1360,1494,1495
1360,1557,1558
1360,1609,1610
1361,1247,1248
1361,1375,1376
1361,1494,1495
1361,1557,1558
1362,1247,1248
1362,1256,1257
1362,1375,1376
1362,1494,1495
1363,1423,1424
1363,1494,1495
1363,1557,1558
1363,1609,1610
1364,1375,1376
1364,1484,1485
1364,1494,1495
1364,1557,1558
1365,1256,1257
1365,1375,1376
1365,1484,1485
1365,1494,1495
1366,1364,1365
1366,1423,1424
1366,1494,1495
1366,1557,1558
1367,1247,1248
1367,1364,1365
1367,1494,1495
1367,1557,1558
1368,1247,1248
1368,1364,1365
1368,1423,1424
1368,1494,1495
1369,1393,1394
1369,1429,1430
1369,1609,1610
1369,1774,1775
1370,1393,1394
1370,1543,1544
1370,1615,1616
1370,1774,1775
1371,1393,1394
1371,1609,1610
1371,1770,1771
1371,1774,1775
1372,1393,1394
1372,1615,1616
1372,1770,1771
1372,1774,1775
1373,1393,1394
1373,1609,1610
1373,1615,1616
1373,1770,1771
1374,1393,1394
1374,1429,1430
1374,1484,1485
1374,1609,1610
1375,1393,1394
1375,1484,1485
1375,1494,1495
1375,1609,1610
1376,1393,1394
1376,1429,1430
1376,1484,1485
1376,1494,1495
1377,1393,1394
1377,1423,1424
1377,1609,1610
1377,1615,1616
1378,1393,1394
1378,1423,1424
1378,1494,1495
1378,1609,1610
1379,1275,1276
1379,1393,1394
1379,1423,1424
1379,1615,1616
1380,1275,1276
1380,1393,1394
1380,1423,1424
1380,1494,1495
1381,1393,1394
1381,1512,1513
1381,1543,1544
1381,1546,1547
1382,1393,1394
1382,1543,1544
1382,1546,1547
1382,1615,1616
1383,1362,1363
1383,1429,1430
1383,1484,1485
1383,1575,1576
1384,1273,1274
1384,1362,1363
1384,1575,1576
1384,1605,1606
1385,1362,1363
1385,1484,1485
1385,1575,1576
1385,1605,1606
1386,1218,1219
1386,1421,1422
1386,1611,1612
1386,1617,1618
1387,1299,1300
1387,1444,1445
1387,1522,1523
1387,1611,1612
1388,1299,1300
1388,1421,1422
1388,1444,1445
1388,1611,1612
1389,1299,1300
1389,1421,1422
1389,1611,1612
1389,1617,1618
1390,1213,1214
1390,1294,1295
1390,1347,1348
1390,1511,1512
1391,1213,1214
1391,1330,1331
1391,1392,1393
1391,1511,1512
1392,1213,1214
1392,1294,1295
1392,1330,1331
1392,1511,1512
1393,1213,1214
1393,1294,1295
1393,1347,1348
1393,1460,1461
1394,1213,1214
1394,1224,1225
1394,1294,1295
1394,1460,1461
1395,1213,1214
1395,1248,1249
1395,1294,1295
1395,1330,1331
1396,1213,1214
1396,1224,1225
1396,1248,1249
1396,1294,1295
1397,1213,1214
1397,1224,1225
1397,1248,1249
1397,1362,1363
1398,1262,1263
1398,1392,1393
1398,1461,1462
1398,1511,1512
1399,1272,1273
1399,1392,1393
1399,1522,1523
1399,1611,1612
1400,1272,1273
1400,1299,1300
1400,1394,1395
1400,1617,1618
1401,1272,1273
1401,1299,1300
1401,1522,1523
1401,1611,1612
1402,1272,1273
1402,1299,1300
1402,1611,1612
1402,1617,1618
1403,1218,1219
1403,1272,1273
1403,1611,1612
1403,1617,1618
1404,1517,1518
1404,1569,1570
1404,1591,1592
1404,1659,1660
1405,1517,1518
1405,1569,1570
1405,1613,1614
1405,1659,1660
1406,1458,1459
1406,1517,1518
1406,1679,1680
1406,1749,1750
1407,1458,1459
1407,1517,1518
1407,1679,1680
1407,1715,1716
1408,1517,1518
1408,1591,1592
1408,1639,1640
1408,1679,1680
1409,1517,1518
1409,1591,1592
1409,1639,1640
1409,1659,1660
1410,1517,1518
1410,1591,1592
1410,1679,1680
1410,1749,1750
1411,1426,1427
1411,1492,1493
1411,1517,1518
1411,1613,1614
1412,1517,1518
1412,1570,1571
1412,1591,1592
1412,1749,1750
1413,1517,1518
1413,1569,1570
1413,1570,1571
1413,1591,1592
1414,1492,1493
1414,1517,1518
1414,1603,1604
1414,1613,1614
1415,1456,1457
1415,1458,1459
1415,1513,1514
1415,1745,1746
1416,1456,1457
1416,1458,1459
1416,1513,1514
1416,1715,1716
1417,1458,1459
1417,1513,1514
1417,1517,1518
1417,1715,1716
1418,1426,1427
1418,1513,1514
1418,1517,1518
1418,1715,1716
1419,1513,1514
1419,1601,1602
1419,1650,1651
1419,1745,1746
1420,1513,1514
1420,1597,1598
1420,1601,1602
1420,1650,1651
1421,1513,1514
1421,1577,1578
1421,1601,1602
1421,1745,1746
1422,1458,1459
1422,1513,1514
1422,1577,1578
1422,1745,1746
1423,1426,1427
1423,1492,1493
1423,1513,1514
1423,1517,1518
1424,1492,1493
1424,1513,1514
1424,1597,1598
1424,1601,1602
1425,1426,1427
1425,1492,1493
1425,1513,1514
1425,1597,1598
1426,1492,1493
1426,1513,1514
1426,1577,1578
1426,1601,1602
1427,1458,1459
1427,1513,1514
1427,1517,1518
1427,1749,1750
1428,1492,1493
1428,1513,1514
1428,1517,1518
1428,1749,1750
1429,1458,1459
1429,1513,1514
1429,1577,1578
1429,1749,1750
1430,1492,1493
1430,1513,1514
1430,1577,1578
1430,1749,1750
1431,1505,1506
1431,1630,1631
1431,1701,1702
1431,1724,1725
1432,1701,1702
1432,1714,1715
1432,1724,1725
1432,1755,1756
1433,1505,1506
1433,1701,1702
1433,1702,1703
1433,1724,1725
1434,1701,1702
1434,1702,1703
1434,1724,1725
1434,1755,1756
1435,1505,1506
1435,1701,1702
1435,1702,1703
1435,1755,1756
1436,1645,1646
1436,1764,1765
1436,1765,1766
1436,1767,1768
1437,1626,1627
1437,1645,1646
1437,1764,1765
1437,1790,1791
1438,1491,1492
1438,1761,1762
1438,1764,1765
1438,1790,1791
1439,1626,1627
1439,1761,1762
1439,1764,1765
1439,1790,1791
1440,1626,1627
1440,1645,1646
1440,1752,1753
1440,1764,1765
1441,1645,1646
1441,1752,1753
1441,1764,1765
1441,1767,1768
1442,1752,1753
1442,1764,1765
1442,1767,1768
1442,1806,1807
1443,1626,1627
1443,1641,1642
1443,1761,1762
1443,1764,1765
1444,1641,1642
1444,1752,1753
1444,1764,1765
1444,1806,1807
1445,1626,1627
1445,1641,1642
1445,1752,1753
1445,1764,1765
1446,1278,1279
1446,1330,1331
1446,1392,1393
1446,1611,1612
1447,1213,1214
1447,1278,1279
1447,1330,1331
1447,1392,1393
1448,1278,1279
1448,1429,1430
1448,1571,1572
1448,1575,1576
1449,1469,1470
1449,1507,1508
1449,1515,1516
1449,1754,1755
1450,1355,1356
1450,1469,1470
1450,1507,1508
1450,1515,1516
1451,1347,1348
1451,1438,1439
1451,1469,1470
1451,1803,1804
1452,1314,1315
1452,1355,1356
1452,1469,1470
1452,1507,1508
1453,1438,1439
1453,1469,1470
1453,1506,1507
1453,1803,1804
1454,1314,1315
1454,1355,1356
1454,1438,1439
1454,1469,1470
1455,1347,1348
1455,1355,1356
1455,1438,1439
1455,1469,1470
1456,1314,1315
1456,1438,1439
1456,1469,1470
1456,1506,1507
1457,1314,1315
1457,1469,1470
1457,1506,1507
1457,1507,1508
1458,1469,1470
1458,1507,1508
1458,1754,1755
1458,1771,1772
1459,1469,1470
1459,1506,1507
1459,1754,1755
1459,1771,1772
1460,1469,1470
1460,1506,1507
1460,1507,1508
1460,1771,1772
1461,1262,1263
1461,1461,1462
1461,1529,1530
1461,1562,1563
1462,1688,1689
1462,1696,1697
1462,1702,1703
1462,1713,1714
1463,1688,1689
1463,1696,1697
1463,1763,1764
1463,1846,1847
1464,1633,1634
1464,1688,1689
1464,1713,1714
1464,1763,1764
1465,1688,1689
1465,1696,1697
1465,1713,1714
1465,1763,1764
1466,1642,1643
1466,1687,1688
1466,1846,1847
1466,1849,1850
1467,1634,1635
1467,1642,1643
1467,1687,1688
1467,1839,1840
1468,1633,1634
1468,1634,1635
1468,1642,1643
1468,1839,1840
1469,1642,1643
1469,1687,1688
1469,1836,1837
1469,1849,1850
1470,1634,1635
1470,1642,1643
1470,1687,1688
1470,1836,1837
1471,1633,1634
1471,1642,1643
1471,1688,1689
1471,1763,1764
1472,1642,1643
1472,1687,1688
1472,1763,1764
1472,1846,1847
1473,1642,1643
1473,1688,1689
1473,1763,1764
1473,1846,1847
1474,1642,1643
1474,1687,1688
1474,1763,1764
1474,1839,1840
1475,1633,1634
1475,1642,1643
1475,1763,1764
1475,1839,1840
1476,291,292
1476,317,318
1476,393,394
1476,411,412
1477,206,207
1477,245,246
1477,317,318
1477,393,394
1478,88,89
1478,206,207
1478,245,246
1478,393,394
1479,245,246
1479,291,292
1479,317,318
1479,393,394
1480,88,89
1480,245,246
1480,355,356
1480,393,394
1481,251,252
1481,287,288
1481,340,341
1481,525,526
1482,251,252
1482,287,288
1482,385,386
1482,487,488
1483,251,252
1483,287,288
1483,385,386
1483,525,526
1484,251,252
1484,287,288
1484,340,341
1484,546,547
1485,251,252
1485,287,288
1485,487,488
1485,546,547
1486,287,288
1486,385,386
1486,414,415
1486,487,488
1487,287,288
1487,487,488
1487,519,520
1487,546,547
1488,178,179
1488,287,288
1488,487,488
1488,519,520
1489,246,247
1489,287,288
1489,414,415
1489,487,488
1490,178,179
1490,246,247
1490,287,288
1490,414,415
1491,178,179
1491,246,247
1491,287,288
1491,487,488
1492,257,258
1492,386,387
1492,462,463
1492,546,547
1493,257,258
1493,370,371
1493,462,463
1493,546,547
1494,257,258
1494,370,371
1494,459,460
1494,546,547
1495,257,258
1495,340,341
1495,386,387
1495,546,547
1496,257,258
1496,340,341
1496,369,370
1496,386,387
1497,257,258
1497,340,341
1497,459,460
1497,546,547
1498,257,258
1498,340,341
1498,369,370
1498,459,460
1499,257,258
1499,462,463
1499,545,546
1499,707,708
1500,398,399
1500,462,463
1500,545,546
1500,707,708
1501,9,10
1501,141,142
1501,178,179
1501,357,358
1502,9,10
1502,57,58
1502,141,142
1502,183,184
1503,9,10
1503,57,58
1503,141,142
1503,246,247
1504,9,10
1504,141,142
1504,178,179
1504,246,247
1505,57,58
1505,141,142
1505,178,179
1505,246,247
1506,9,10
1506,141,142
1506,179,180
1506,209,210
1507,9,10
1507,141,142
1507,183,184
1507,209,210
1508,9,10
1508,141,142
1508,179,180
1508,266,267
1509,9,10
1509,141,142
1509,266,267
1509,357,358
1510,141,142
1510,179,180
1510,266,267
1510,357,358
1511,179,180
1511,181,182
1511,357,358
1511,505,506
1512,288,289
1512,334,335
1512,505,506
1512,583,584
1513,181,182
1513,266,267
1513,357,358
1513,505,506
1514,288,289
1514,505,506
1514,519,520
1514,583,584
1515,270,271
1515,334,335
1515,505,506
1515,583,584
1516,181,182
1516,270,271
1516,334,335
1516,505,506
1517,266,267
1517,270,271
1517,505,506
1517,583,584
1518,181,182
1518,266,267
1518,270,271
1518,505,506
1519,266,267
1519,505,506
1519,519,520
1519,583,584
1520,266,267
1520,357,358
1520,505,506
1520,519,520
1521,378,379
1521,460,461
1521,557,558
1521,577,578
1522,378,379
1522,423,424
1522,577,578
1522,607,608
1523,378,379
1523,557,558
1523,577,578
1523,607,608
1524,284,285
1524,460,461
1524,461,462
1524,469,470
1525,284,285
1525,460,461
1525,469,470
1525,588,589
1526,284,285
1526,378,379
1526,460,461
1526,588,589
1527,284,285
1527,460,461
1527,557,558
1527,577,578
1528,284,285
1528,460,461
1528,461,462
1528,557,558
1529,284,285
1529,378,379
1529,460,461
1529,577,578
1530,229,230
1530,429,430
1530,555,556
1530,590,591
1531,229,230
1531,429,430
1531,477,478
1531,590,591
1532,229,230
1532,341,342
1532,429,430
1532,555,556
1533,229,230
1533,341,342
1533,503,504
1533,555,556
1534,229,230
1534,461,462
1534,503,504
1534,555,556
1535,229,230
1535,284,285
1535,477,478
1535,577,578
1536,229,230
1536,341,342
1536,429,430
1536,539,540
1537,229,230
1537,477,478
1537,539,540
1537,577,578
1538,229,230
1538,429,430
1538,477,478
1538,539,540
1539,229,230
1539,284,285
1539,557,558
1539,577,578
1540,229,230
1540,284,285
1540,461,462
1540,557,558
1541,229,230
1541,298,299
1541,539,540
1541,577,578
1542,229,230
1542,298,299
1542,341,342
1542,539,540
1543,229,230
1543,298,299
1543,557,558
1543,577,578
1544,1220,1221
1544,1276,1277
1544,1291,1292
1544,1359,1360
1545,1220,1221
1545,1263,1264
1545,1291,1292
1545,1359,1360
1546,1263,1264
1546,1350,1351
1546,1359,1360
1546,1541,1542
1547,1220,1221
1547,1263,1264
1547,1350,1351
1547,1359,1360
1548,81,82
1548,159,160
1548,212,213
1548,354,355
1549,81,82
1549,207,208
1549,212,213
1549,354,355
1550,81,82
1550,101,102
1550,207,208
1550,354,355
1551,159,160
1551,213,214
1551,328,329
1551,354,355
1552,172,173
1552,212,213
1552,213,214
1552,354,355
1553,159,160
1553,172,173
1553,213,214
1553,354,355
1554,159,160
1554,172,173
1554,212,213
1554,354,355
1555,148,149
1555,289,290
1555,391,392
1555,457,458
1556,272,273
1556,303,304
1556,432,433
1556,457,458
1557,251,252
1557,272,273
1557,432,433
1557,457,458
1558,303,304
1558,342,343
1558,349,350
1558,457,458
1559,289,290
1559,329,330
1559,391,392
1559,457,458
1560,272,273
1560,289,290
1560,329,330
1560,457,458
1561,272,273
1561,303,304
1561,329,330
1561,457,458
1562,148,149
1562,349,350
1562,391,392
1562,457,458
1563,329,330
1563,349,350
1563,391,392
1563,457,458
1564,303,304
1564,329,330
1564,349,350
1564,457,458
1565,459,460
1565,526,527
1565,576,577
1565,720,721
1566,526,527
1566,568,569
1566,576,577
1566,720,721
1567,369,370
1567,459,460
1567,526,527
1567,720,721
1568,526,527
1568,568,569
1568,626,627
1568,720,721
1569,257,258
1569,369,370
1569,459,460
1569,526,527
1570,257,258
1570,370,371
1570,459,460
1570,526,527
1571,432,433
1571,444,445
1571,537,538
1571,632,633
1572,432,433
1572,444,445
1572,537,538
1572,563,564
1573,444,445
1573,506,507
1573,537,538
1573,563,564
1574,444,445
1574,506,507
1574,508,509
1574,537,538
1575,643,644
1575,788,789
1575,794,795
1575,855,856
1576,552,553
1576,578,579
1576,587,588
1576,614,615
1577,536,537
1577,552,553
1577,578,579
1577,587,588
1578,445,446
1578,552,553
1578,578,579
1578,614,615
1579,461,462
1579,552,553
1579,719,720
1579,790,791
1580,461,462
1580,503,504
1580,719,720
1580,790,791
1581,579,580
1581,719,720
1581,790,791
1581,832,833
1582,552,553
1582,719,720
1582,790,791
1582,832,833
1583,461,462
1583,503,504
1583,555,556
1583,719,720
1584,503,504
1584,555,556
1584,579,580
1584,719,720
1585,555,556
1585,579,580
1585,590,591
1585,719,720
1586,521,522
1586,579,580
1586,590,591
1586,719,720
1587,445,446
1587,579,580
1587,719,720
1587,832,833
1588,445,446
1588,552,553
1588,719,720
1588,832,833
1589,229,230
1589,461,462
1589,555,556
1589,719,720
1590,229,230
1590,555,556
1590,590,591
1590,719,720
1591,445,446
1591,552,553
1591,578,579
1591,719,720
1592,445,446
1592,521,522
1592,579,580
1592,719,720
1593,552,553
1593,790,791
1593,814,815
1593,832,833
1594,516,517
1594,552,553
1594,790,791
1594,814,815
1595,516,517
1595,552,553
1595,614,615
1595,814,815
1596,445,446
1596,552,553
1596,614,615
1596,814,815
1597,445,446
1597,552,553
1597,814,815
1597,832,833
1598,569,570
1598,669,670
1598,814,815
1598,832,833
1599,445,446
1599,569,570
1599,614,615
1599,814,815
1600,445,446
1600,569,570
1600,814,815
1600,832,833
1601,516,517
1601,657,658
1601,790,791
1601,814,815
1602,569,570
1602,614,615
1602,805,806
1602,814,815
1603,569,570
1603,669,670
1603,805,806
1603,814,815
1604,17,18
1604,79,80
1604,107,108
1604,176,177
1605,2,3
1605,245,246
1605,250,251
1605,390,391
1606,2,3
1606,245,246
1606,250,251
1606,317,318
1607,245,246
1607,250,251
1607,291,292
1607,317,318
1608,250,251
1608,390,391
1608,423,424
1608,607,608
1609,250,251
1609,400,401
1609,413,414
1609,423,424
1610,347,348
1610,390,391
1610,462,463
1610,484,485
1611,347,348
1611,370,371
1611,462,463
1611,484,485
1612,230,231
1612,347,348
1612,370,371
1612,484,485
1613,398,399
1613,407,408
1613,597,598
1613,620,621
1614,347,348
1614,390,391
1614,607,608
1614,620,621
1615,460,461
1615,557,558
1615,597,598
1615,620,621
1616,378,379
1616,460,461
1616,557,558
1616,620,621
1617,378,379
1617,557,558
1617,607,608
1617,620,621
1618,390,391
1618,423,424
1618,607,608
1618,620,621
1619,378,379
1619,423,424
1619,607,608
1619,620,621
1620,2,3
1620,270,271
1620,358,359
1620,425,426
1621,187,188
1621,312,313
1621,320,321
1621,358,359
1622,125,126
1622,312,313
1622,320,321
1622,358,359
1623,116,117
1623,125,126
1623,320,321
1623,358,359
1624,187,188
1624,320,321
1624,358,359
1624,383,384
1625,125,126
1625,312,313
1625,358,359
1625,413,414
1626,116,117
1626,125,126
1626,358,359
1626,413,414
1627,40,41
1627,91,92
1627,129,130
1627,319,320
1628,270,271
1628,319,320
1628,358,359
1628,425,426
1629,40,41
1629,181,182
1629,270,271
1629,319,320
1630,40,41
1630,91,92
1630,181,182
1630,319,320
1631,181,182
1631,266,267
1631,270,271
1631,319,320
1632,2,3
1632,266,267
1632,270,271
1632,319,320
1633,2,3
1633,270,271
1633,319,320
1633,425,426
1634,179,180
1634,181,182
1634,266,267
1634,319,320
1635,91,92
1635,179,180
1635,181,182
1635,319,320
1636,291,292
1636,317,318
1636,403,404
1636,411,412
1637,8,9
1637,317,318
1637,403,404
1637,411,412
1638,8,9
1638,268,269
1638,317,318
1638,403,404
1639,250,251
1639,291,292
1639,317,318
1639,403,404
1640,103,104
1640,278,279
1640,316,317
1640,403,404
1641,460,461
1641,594,595
1641,597,598
1641,628,629
1642,460,461
1642,557,558
1642,597,598
1642,628,629
1643,460,461
1643,461,462
1643,594,595
1643,628,629
1644,460,461
1644,461,462
1644,557,558
1644,628,629
1645,461,462
1645,503,504
1645,594,595
1645,628,629
1646,1063,1064
1646,1290,1291
1646,1320,1321
1646,1446,1447
1647,1290,1291
1647,1299,1300
1647,1334,1335
1647,1446,1447
1648,1293,1294
1648,1334,1335
1648,1446,1447
1648,1564,1565
1649,1290,1291
1649,1299,1300
1649,1332,1333
1649,1446,1447
1650,1299,1300
1650,1320,1321
1650,1332,1333
1650,1446,1447
1651,1290,1291
1651,1320,1321
1651,1332,1333
1651,1446,1447
1652,1462,1463
1652,1516,1517
1652,1526,1527
1652,1598,1599
1653,1462,1463
1653,1472,1473
1653,1516,1517
1653,1598,1599
1654,1293,1294
1654,1516,1517
1654,1526,1527
1654,1598,1599
1655,1044,1045
1655,1223,1224
1655,1238,1239
1655,1321,1322
1656,1063,1064
1656,1238,1239
1656,1320,1321
1656,1446,1447
1657,688,689
1657,730,731
1657,891,892
1657,925,926
1658,730,731
1658,891,892
1658,925,926
1658,1000,1001
1659,688,689
1659,730,731
1659,925,926
1659,1000,1001
1660,730,731
1660,760,761
1660,891,892
1660,1000,1001
1661,688,689
1661,730,731
1661,871,872
1661,891,892
1662,688,689
1662,696,697
1662,730,731
1662,1000,1001
1663,730,731
1663,760,761
1663,824,825
1663,1000,1001
1664,730,731
1664,751,752
1664,760,761
1664,824,825
1665,696,697
1665,730,731
1665,750,751
1665,1000,1001
1666,730,731
1666,750,751
1666,824,825
1666,1000,1001
1667,695,696
1667,750,751
1667,822,823
1667,824,825
1668,695,696
1668,750,751
1668,824,825
1668,1000,1001
1669,695,696
1669,822,823
1669,824,825
1669,855,856
1670,695,696
1670,760,761
1670,824,825
1670,1000,1001
1671,695,696
1671,760,761
1671,824,825
1671,855,856
1672,667,668
1672,695,696
1672,818,819
1672,855,856
1673,667,668
1673,695,696
1673,822,823
1673,855,856
1674,695,696
1674,760,761
1674,802,803
1674,1000,1001
1675,695,696
1675,818,819
1675,855,856
1675,1001,1002
1676,695,696
1676,760,761
1676,802,803
1676,1001,1002
1677,695,696
1677,760,761
1677,855,856
1677,1001,1002
1678,695,696
1678,818,819
1678,877,878
1678,1001,1002
1679,695,696
1679,802,803
1679,877,878
1679,1001,1002
1680,643,644
1680,667,668
1680,774,775
1680,868,869
1681,643,644
1681,667,668
1681,855,856
1681,868,869
1682,667,668
1682,774,775
1682,818,819
1682,868,869
1683,667,668
1683,818,819
1683,855,856
1683,868,869
1684,774,775
1684,816,817
1684,818,819
1684,868,869
1685,643,644
1685,774,775
1685,798,799
1685,868,869
1686,818,819
1686,855,856
1686,868,869
1686,1001,1002
1687,690,691
1687,774,775
1687,816,817
1687,868,869
1688,690,691
1688,774,775
1688,798,799
1688,868,869
1689,1030,1031
1689,1128,1129
1689,1129,1130
1689,1154,1155
1690,845,846
1690,906,907
1690,1108,1109
1690,1185,1186
1691,906,907
1691,1108,1109
1691,1181,1182
1691,1185,1186
1692,1419,1420
1692,1454,1455
1692,1541,1542
1692,1577,1578
1693,1419,1420
1693,1454,1455
1693,1492,1493
1693,1577,1578
1694,1454,1455
1694,1541,1542
1694,1577,1578
1694,1749,1750
1695,1454,1455
1695,1492,1493
1695,1577,1578
1695,1749,1750
1696,1454,1455
1696,1541,1542
1696,1570,1571
1696,1749,1750
1697,1350,1351
1697,1419,1420
1697,1454,1455
1697,1541,1542
1698,1454,1455
1698,1492,1493
1698,1517,1518
1698,1749,1750
1699,1454,1455
1699,1517,1518
1699,1570,1571
1699,1749,1750
1700,1419,1420
1700,1454,1455
1700,1492,1493
1700,1603,1604
1701,1350,1351
1701,1419,1420
1701,1454,1455
1701,1603,1604
1702,1454,1455
1702,1492,1493
1702,1517,1518
1702,1603,1604
1703,1454,1455
1703,1517,1518
1703,1569,1570
1703,1570,1571
1704,1454,1455
1704,1517,1518
1704,1569,1570
1704,1603,1604
1705,1419,1420
1705,1550,1551
1705,1597,1598
1705,1601,1602
1706,1419,1420
1706,1501,1502
1706,1550,1551
1706,1601,1602
1707,1499,1500
1707,1550,1551
1707,1597,1598
1707,1601,1602
1708,1499,1500
1708,1501,1502
1708,1550,1551
1708,1601,1602
1709,1309,1310
1709,1499,1500
1709,1550,1551
1709,1597,1598
1710,1309,1310
1710,1499,1500
1710,1550,1551
1710,1607,1608
1711,1229,1230
1711,1499,1500
1711,1550,1551
1711,1607,1608
1712,1229,1230
1712,1499,1500
1712,1501,1502
1712,1550,1551
1713,1229,1230
1713,1501,1502
1713,1550,1551
1713,1607,1608
1714,1492,1493
1714,1515,1516
1714,1550,1551
1714,1597,1598
1715,1492,1493
1715,1515,1516
1715,1550,1551
1715,1603,1604
1716,1419,1420
1716,1492,1493
1716,1550,1551
1716,1597,1598
1717,1262,1263
1717,1309,1310
1717,1477,1478
1717,1550,1551
1718,1251,1252
1718,1262,1263
1718,1477,1478
1718,1550,1551
1719,1309,1310
1719,1477,1478
1719,1550,1551
1719,1607,1608
1720,1251,1252
1720,1477,1478
1720,1550,1551
1720,1607,1608
1721,1294,1295
1721,1347,1348
1721,1511,1512
1721,1520,1521
1722,1294,1295
1722,1371,1372
1722,1508,1509
1722,1520,1521
1723,1355,1356
1723,1460,1461
1723,1508,1509
1723,1520,1521
1724,1347,1348
1724,1355,1356
1724,1460,1461
1724,1520,1521
1725,1294,1295
1725,1460,1461
1725,1508,1509
1725,1520,1521
1726,1294,1295
1726,1347,1348
1726,1460,1461
1726,1520,1521
1727,1259,1260
1727,1327,1328
1727,1342,1343
1727,1580,1581
1728,1259,1260
1728,1342,1343
1728,1509,1510
1728,1580,1581
1729,1435,1436
1729,1509,1510
1729,1592,1593
1729,1606,1607
1730,1190,1191
1730,1233,1234
1730,1280,1281
1730,1384,1385
1731,1067,1068
1731,1190,1191
1731,1233,1234
1731,1384,1385
1732,1168,1169
1732,1249,1250
1732,1277,1278
1732,1301,1302
1733,1168,1169
1733,1249,1250
1733,1288,1289
1733,1301,1302
1734,945,946
1734,996,997
1734,1187,1188
1734,1201,1202
1735,1065,1066
1735,1259,1260
1735,1327,1328
1735,1342,1343
1736,1065,1066
1736,1126,1127
1736,1237,1238
1736,1271,1272
1737,1065,1066
1737,1259,1260
1737,1271,1272
1737,1342,1343
1738,1065,1066
1738,1126,1127
1738,1271,1272
1738,1342,1343
1739,1065,1066
1739,1121,1122
1739,1313,1314
1739,1327,1328
1740,1065,1066
1740,1121,1122
1740,1259,1260
1740,1271,1272
1741,1065,1066
1741,1121,1122
1741,1237,1238
1741,1271,1272
1742,1082,1083
1742,1088,1089
1742,1217,1218
1742,1384,1385
1743,1075,1076
1743,1174,1175
1743,1217,1218
1743,1333,1334
1744,944,945
1744,1075,1076
1744,1101,1102
1744,1333,1334
1745,944,945
1745,1075,1076
1745,1174,1175
1745,1333,1334
1746,1060,1061
1746,1075,1076
1746,1174,1175
1746,1217,1218
1747,1217,1218
1747,1333,1334
1747,1339,1340
1747,1384,1385
1748,1190,1191
1748,1333,1334
1748,1339,1340
1748,1384,1385
1749,1190,1191
1749,1280,1281
1749,1339,1340
1749,1384,1385
1750,1088,1089
1750,1217,1218
1750,1339,1340
1750,1384,1385
1751,1088,1089
1751,1280,1281
1751,1339,1340
1751,1384,1385
1752,662,663
1752,827,828
1752,912,913
1752,964,965
1753,827,828
1753,912,913
1753,921,922
1753,964,965
1754,920,921
1754,964,965
1754,1105,1106
1754,1162,1163
1755,912,913
1755,964,965
1755,1105,1106
1755,1162,1163
1756,920,921
1756,921,922
1756,964,965
1756,1162,1163
1757,912,913
1757,921,922
1757,964,965
1757,1162,1163
1758,922,923
1758,953,954
1758,1002,1003
1758,1138,1139
1759,922,923
1759,941,942
1759,1002,1003
1759,1138,1139
1760,867,868
1760,879,880
1760,955,956
1760,1080,1081
1761,1245,1246
1761,1289,1290
1761,1444,1445
1761,1447,1448
1762,1245,1246
1762,1332,1333
1762,1366,1367
1762,1444,1445
1763,1005,1006
1763,1098,1099
1763,1176,1177
1763,1266,1267
1764,1005,1006
1764,1098,1099
1764,1266,1267
1764,1372,1373
1765,1098,1099
1765,1140,1141
1765,1176,1177
1765,1266,1267
1766,1140,1141
1766,1176,1177
1766,1195,1196
1766,1266,1267
1767,1098,1099
1767,1140,1141
1767,1195,1196
1767,1266,1267
1768,1097,1098
1768,1173,1174
1768,1221,1222
1768,1266,1267
1769,1005,1006
1769,1155,1156
1769,1176,1177
1769,1266,1267
1770,1005,1006
1770,1155,1156
1770,1266,1267
1770,1372,1373
1771,1279,1280
1771,1330,1331
1771,1447,1448
1771,1511,1512
1772,1279,1280
1772,1330,1331
1772,1392,1393
1772,1511,1512
1773,1262,1263
1773,1279,1280
1773,1392,1393
1773,1511,1512
1774,1272,1273
1774,1279,1280
1774,1392,1393
1774,1522,1523
1775,1279,1280
1775,1330,1331
1775,1392,1393
1775,1611,1612
1776,1279,1280
1776,1392,1393
1776,1522,1523
1776,1611,1612
1777,1279,1280
1777,1330,1331
1777,1444,1445
1777,1447,1448
1778,1279,1280
1778,1330,1331
1778,1444,1445
1778,1611,1612
1779,1279,1280
1779,1444,1445
1779,1447,1448
1779,1522,1523
1780,1279,1280
1780,1444,1445
1780,1522,1523
1780,1611,1612
1781,1279,1280
1781,1308,1309
1781,1322,1323
1781,1380,1381
1782,1279,1280
1782,1380,1381
1782,1447,1448
1782,1522,1523
1783,1380,1381
1783,1444,1445
1783,1447,1448
1783,1522,1523
1784,1245,1246
1784,1380,1381
1784,1444,1445
1784,1447,1448
1785,1320,1321
1785,1332,1333
1785,1380,1381
1785,1522,1523
1786,1320,1321
1786,1322,1323
1786,1380,1381
1786,1522,1523
1787,1279,1280
1787,1322,1323
1787,1380,1381
1787,1522,1523
1788,1332,1333
1788,1380,1381
1788,1444,1445
1788,1522,1523
1789,1245,1246
1789,1332,1333
1789,1380,1381
1789,1444,1445
1790,1308,1309
1790,1322,1323
1790,1323,1324
1790,1495,1496
1791,1308,1309
1791,1323,1324
1791,1495,1496
1791,1607,1608
1792,1244,1245
1792,1323,1324
1792,1495,1496
1792,1599,1600
1793,1244,1245
1793,1323,1324
1793,1336,1337
1793,1599,1600
1794,1229,1230
1794,1323,1324
1794,1495,1496
1794,1599,1600
1795,1229,1230
1795,1323,1324
1795,1495,1496
1795,1607,1608
1796,1323,1324
1796,1336,1337
1796,1363,1364
1796,1599,1600
1797,1110,1111
1797,1308,1309
1797,1323,1324
1797,1607,1608
1798,1169,1170
1798,1223,1224
1798,1230,1231
1798,1292,1293
1799,1169,1170
1799,1223,1224
1799,1230,1231
1799,1387,1388
1800,1069,1070
1800,1223,1224
1800,1230,1231
1800,1387,1388
1801,984,985
1801,1048,1049
1801,1169,1170
1801,1230,1231
1802,1048,1049
1802,1169,1170
1802,1230,1231
1802,1387,1388
1803,1044,1045
1803,1063,1064
1803,1302,1303
1803,1387,1388
1804,1063,1064
1804,1186,1187
1804,1302,1303
1804,1387,1388
1805,1035,1036
1805,1107,1108
1805,1186,1187
1805,1302,1303
1806,1229,1230
1806,1303,1304
1806,1584,1585
1806,1599,1600
1807,797,798
1807,870,871
1807,878,879
1807,893,894
1808,870,871
1808,878,879
1808,893,894
1808,1089,1090
1809,797,798
1809,870,871
1809,931,932
1809,1041,1042
1810,870,871
1810,931,932
1810,969,970
1810,1041,1042
1811,797,798
1811,870,871
1811,893,894
1811,906,907
1812,797,798
1812,870,871
1812,906,907
1812,1041,1042
1813,870,871
1813,969,970
1813,1041,1042
1813,1108,1109
1814,870,871
1814,878,879
1814,972,973
1814,1089,1090
1815,870,871
1815,906,907
1815,1041,1042
1815,1108,1109
1816,845,846
1816,870,871
1816,893,894
1816,1089,1090
1817,845,846
1817,870,871
1817,893,894
1817,906,907
1818,878,879
1818,887,888
1818,972,973
1818,1089,1090
1819,823,824
1819,878,879
1819,887,888
1819,1019,1020
1820,878,879
1820,887,888
1820,1019,1020
1820,1172,1173
1821,878,879
1821,887,888
1821,1089,1090
1821,1172,1173
1822,887,888
1822,972,973
1822,988,989
1822,1089,1090
1823,887,888
1823,977,978
1823,988,989
1823,1089,1090
1824,887,888
1824,977,978
1824,1089,1090
1824,1172,1173
1825,690,691
1825,823,824
1825,887,888
1825,1019,1020
1826,690,691
1826,798,799
1826,823,824
1826,887,888
1827,887,888
1827,1019,1020
1827,1100,1101
1827,1172,1173
1828,690,691
1828,887,888
1828,1019,1020
1828,1100,1101
1829,1251,1252
1829,1308,1309
1829,1378,1379
1829,1477,1478
1830,1308,1309
1830,1322,1323
1830,1378,1379
1830,1477,1478
1831,1279,1280
1831,1308,1309
1831,1322,1323
1831,1378,1379
1832,1279,1280
1832,1322,1323
1832,1378,1379
1832,1477,1478
1833,1251,1252
1833,1371,1372
1833,1378,1379
1833,1520,1521
1834,1251,1252
1834,1378,1379
1834,1511,1512
1834,1520,1521
1835,1251,1252
1835,1262,1263
1835,1378,1379
1835,1511,1512
1836,1251,1252
1836,1262,1263
1836,1378,1379
1836,1477,1478
1837,1262,1263
1837,1279,1280
1837,1378,1379
1837,1511,1512
1838,1262,1263
1838,1279,1280
1838,1378,1379
1838,1477,1478
1839,1349,1350
1839,1371,1372
1839,1378,1379
1839,1447,1448
1840,1294,1295
1840,1371,1372
1840,1378,1379
1840,1447,1448
1841,1294,1295
1841,1371,1372
1841,1378,1379
1841,1520,1521
1842,1294,1295
1842,1378,1379
1842,1511,1512
1842,1520,1521
1843,1294,1295
1843,1378,1379
1843,1447,1448
1843,1511,1512
1844,1279,1280
1844,1378,1379
1844,1447,1448
1844,1511,1512
1845,1124,1125
1845,1168,1169
1845,1277,1278
1845,1424,1425
1846,1124,1125
1846,1168,1169
1846,1368,1369
1846,1424,1425
1847,1124,1125
1847,1224,1225
1847,1277,1278
1847,1424,1425
1848,1124,1125
1848,1224,1225
1848,1368,1369
1848,1424,1425
1849,1224,1225
1849,1273,1274
1849,1424,1425
1849,1482,1483
1850,1224,1225
1850,1277,1278
1850,1424,1425
1850,1482,1483
1851,1224,1225
1851,1273,1274
1851,1368,1369
1851,1424,1425
1852,1273,1274
1852,1368,1369
1852,1424,1425
1852,1532,1533
1853,1344,1345
1853,1368,1369
1853,1424,1425
1853,1532,1533
1854,1168,1169
1854,1344,1345
1854,1368,1369
1854,1424,1425
1855,1215,1216
1855,1386,1387
1855,1424,1425
1855,1532,1533
1856,1215,1216
1856,1386,1387
1856,1424,1425
1856,1482,1483
1857,1215,1216
1857,1273,1274
1857,1424,1425
1857,1532,1533
1858,1215,1216
1858,1273,1274
1858,1424,1425
1858,1482,1483
1859,1277,1278
1859,1424,1425
1859,1482,1483
1859,1560,1561
1860,1637,1638
1860,1703,1704
1860,1751,1752
1860,1794,1795
1861,1637,1638
1861,1703,1704
1861,1751,1752
1861,1838,1839
1862,1676,1677
1862,1703,1704
1862,1751,1752
1862,1838,1839
1863,1676,1677
1863,1703,1704
1863,1751,1752
1863,1788,1789
1864,1676,1677
1864,1741,1742
1864,1751,1752
1864,1838,1839
1865,1676,1677
1865,1741,1742
1865,1751,1752
1865,1788,1789
1866,1696,1697
1866,1702,1703
1866,1736,1737
1866,1800,1801
1867,1696,1697
1867,1736,1737
1867,1800,1801
1867,1846,1847
1868,1688,1689
1868,1696,1697
1868,1702,1703
1868,1736,1737
1869,1688,1689
1869,1696,1697
1869,1736,1737
1869,1846,1847
1870,1720,1721
1870,1756,1757
1870,1796,1797
1870,1831,1832
1871,1649,1650
1871,1720,1721
1871,1796,1797
1871,1842,1843
1872,1657,1658
1872,1684,1685
1872,1811,1812
1872,1826,1827
1873,1706,1707
1873,1791,1792
1873,1811,1812
1873,1826,1827
1874,1706,1707
1874,1791,1792
1874,1799,1800
1874,1826,1827
1875,1657,1658
1875,1791,1792
1875,1811,1812
1875,1826,1827
1876,1657,1658
1876,1684,1685
1876,1801,1802
1876,1826,1827
1877,1657,1658
1877,1791,1792
1877,1815,1816
1877,1826,1827
1878,1791,1792
1878,1799,1800
1878,1815,1816
1878,1826,1827
1879,1657,1658
1879,1737,1738
1879,1801,1802
1879,1826,1827
1880,1623,1624
1880,1684,1685
1880,1793,1794
1880,1826,1827
1881,1657,1658
1881,1737,1738
1881,1815,1816
1881,1826,1827
1882,1547,1548
1882,1727,1728
1882,1761,1762
1882,1790,1791
1883,1397,1398
1883,1572,1573
1883,1758,1759
1883,1799,1800
1884,1397,1398
1884,1572,1573
1884,1758,1759
1884,1779,1780
1885,1397,1398
1885,1399,1400
1885,1572,1573
1885,1779,1780
1886,1397,1398
1886,1399,1400
1886,1572,1573
1886,1621,1622
1887,1397,1398
1887,1399,1400
1887,1621,1622
1887,1779,1780
1888,1481,1482
1888,1729,1730
1888,1758,1759
1888,1799,1800
1889,1481,1482
1889,1729,1730
1889,1758,1759
1889,1835,1836
1890,1397,1398
1890,1481,1482
1890,1727,1728
1890,1758,1759
1891,1481,1482
1891,1729,1730
1891,1750,1751
1891,1835,1836
1892,1473,1474
1892,1680,1681
1892,1691,1692
1892,1822,1823
1893,1473,1474
1893,1534,1535
1893,1680,1681
1893,1691,1692
1894,1473,1474
1894,1534,1535
1894,1686,1687
1894,1691,1692
1895,1389,1390
1895,1473,1474
1895,1686,1687
1895,1691,1692
1896,1389,1390
1896,1473,1474
1896,1691,1692
1896,1822,1823
1897,1473,1474
1897,1534,1535
1897,1574,1575
1897,1680,1681
1898,1473,1474
1898,1534,1535
1898,1574,1575
1898,1686,1687
1899,1450,1451
1899,1636,1637
1899,1641,1642
1899,1761,1762
1900,1636,1637
1900,1641,1642
1900,1761,1762
1900,1764,1765
1901,1502,1503
1901,1636,1637
1901,1680,1681
1901,1774,1775
1902,1636,1637
1902,1641,1642
1902,1764,1765
1902,1806,1807
1903,1636,1637
1903,1764,1765
1903,1806,1807
1903,1822,1823
1904,1491,1492
1904,1636,1637
1904,1761,1762
1904,1764,1765
1905,1491,1492
1905,1636,1637
1905,1764,1765
1905,1822,1823
1906,1450,1451
1906,1635,1636
1906,1636,1637
1906,1774,1775
1907,1502,1503
1907,1635,1636
1907,1636,1637
1907,1774,1775
1908,1450,1451
1908,1502,1503
1908,1635,1636
1908,1636,1637
1909,1450,1451
1909,1573,1574
1909,1636,1637
1909,1641,1642
1910,1502,1503
1910,1573,1574
1910,1636,1637
1910,1641,1642
1911,1450,1451
1911,1502,1503
1911,1573,1574
1911,1636,1637
1912,1491,1492
1912,1547,1548
1912,1636,1637
1912,1761,1762
1913,1502,1503
1913,1636,1637
1913,1664,1665
1913,1680,1681
1914,1636,1637
1914,1664,1665
1914,1680,1681
1914,1822,1823
1915,1502,1503
1915,1636,1637
1915,1641,1642
1915,1806,1807
1916,1502,1503
1916,1636,1637
1916,1664,1665
1916,1806,1807
1917,1636,1637
1917,1664,1665
1917,1806,1807
1917,1822,1823
1918,1645,1646
1918,1750,1751
1918,1765,1766
1918,1775,1776
1919,1422,1423
1919,1505,1506
1919,1620,1621
1919,1769,1770
1920,1422,1423
1920,1620,1621
1920,1650,1651
1920,1769,1770
1921,1418,1419
1921,1496,1497
1921,1620,1621
1921,1769,1770
1922,1418,1419
1922,1620,1621
1922,1705,1706
1922,1769,1770
1923,1620,1621
1923,1650,1651
1923,1705,1706
1923,1769,1770
1924,1418,1419
1924,1441,1442
1924,1705,1706
1924,1769,1770
1925,1441,1442
1925,1650,1651
1925,1705,1706
1925,1769,1770
1926,1496,1497
1926,1620,1621
1926,1701,1702
1926,1769,1770
1927,1496,1497
1927,1701,1702
1927,1755,1756
1927,1769,1770
1928,1505,1506
1928,1620,1621
1928,1701,1702
1928,1769,1770
1929,1293,1294
1929,1394,1395
1929,1526,1527
1929,1555,1556
1930,1293,1294
1930,1516,1517
1930,1526,1527
1930,1555,1556
1931,1293,1294
1931,1516,1517
1931,1555,1556
1931,1598,1599
1932,1293,1294
1932,1427,1428
1932,1589,1590
1932,1598,1599
1933,1293,1294
1933,1427,1428
1933,1487,1488
1933,1589,1590
1934,1293,1294
1934,1427,1428
1934,1555,1556
1934,1598,1599
1935,1293,1294
1935,1427,1428
1935,1487,1488
1935,1555,1556
1936,1418,1419
1936,1427,1428
1936,1589,1590
1936,1598,1599
1937,1427,1428
1937,1441,1442
1937,1487,1488
1937,1589,1590
1938,1418,1419
1938,1427,1428
1938,1441,1442
1938,1589,1590
1939,1427,1428
1939,1516,1517
1939,1555,1556
1939,1598,1599
1940,1427,1428
1940,1441,1442
1940,1487,1488
1940,1562,1563
1941,1427,1428
1941,1487,1488
1941,1555,1556
1941,1562,1563
1942,1418,1419
1942,1427,1428
1942,1472,1473
1942,1598,1599
1943,1427,1428
1943,1472,1473
1943,1516,1517
1943,1598,1599
1944,1427,1428
1944,1516,1517
1944,1555,1556
1944,1562,1563
1945,1418,1419
1945,1427,1428
1945,1441,1442
1945,1769,1770
1946,1480,1481
1946,1489,1490
1946,1509,1510
1946,1552,1553
1947,1252,1253
1947,1489,1490
1947,1576,1577
1947,1658,1659
1948,1480,1481
1948,1489,1490
1948,1509,1510
1948,1606,1607
1949,1480,1481
1949,1489,1490
1949,1561,1562
1949,1658,1659
1950,1342,1343
1950,1489,1490
1950,1509,1510
1950,1580,1581
1951,1259,1260
1951,1342,1343
1951,1407,1408
1951,1509,1510
1952,1259,1260
1952,1271,1272
1952,1342,1343
1952,1407,1408
1953,1342,1343
1953,1407,1408
1953,1435,1436
1953,1509,1510
1954,1386,1387
1954,1407,1408
1954,1552,1553
1954,1616,1617
1955,1407,1408
1955,1435,1436
1955,1509,1510
1955,1592,1593
1956,1400,1401
1956,1445,1446
1956,1524,1525
1956,1594,1595
1957,1594,1595
1957,1649,1650
1957,1698,1699
1957,1720,1721
1958,1409,1410
1958,1524,1525
1958,1594,1595
1958,1807,1808
1959,1409,1410
1959,1594,1595
1959,1649,1650
1959,1807,1808
1960,1409,1410
1960,1524,1525
1960,1561,1562
1960,1594,1595
1961,1400,1401
1961,1524,1525
1961,1561,1562
1961,1594,1595
1962,1023,1024
1962,1067,1068
1962,1118,1119
1962,1382,1383
1963,1023,1024
1963,1067,1068
1963,1382,1383
1963,1384,1385
1964,1023,1024
1964,1075,1076
1964,1101,1102
1964,1333,1334
1965,1023,1024
1965,1190,1191
1965,1333,1334
1965,1384,1385
1966,1023,1024
1966,1067,1068
1966,1190,1191
1966,1384,1385
1967,1023,1024
1967,1217,1218
1967,1333,1334
1967,1384,1385
1968,1023,1024
1968,1075,1076
1968,1217,1218
1968,1333,1334
1969,1045,1046
1969,1179,1180
1969,1198,1199
1969,1377,1378
1970,1045,1046
1970,1179,1180
1970,1198,1199
1970,1288,1289
1971,1023,1024
1971,1045,1046
1971,1382,1383
1971,1384,1385
1972,1045,1046
1972,1191,1192
1972,1198,1199
1972,1199,1200
1973,1045,1046
1973,1191,1192
1973,1198,1199
1973,1288,1289
1974,1045,1046
1974,1082,1083
1974,1217,1218
1974,1384,1385
1975,1023,1024
1975,1045,1046
1975,1217,1218
1975,1384,1385
1976,1045,1046
1976,1178,1179
1976,1191,1192
1976,1288,1289
1977,1045,1046
1977,1082,1083
1977,1178,1179
1977,1288,1289
1978,879,880
1978,1029,1030
1978,1147,1148
1978,1198,1199
1979,879,880
1979,955,956
1979,1029,1030
1979,1147,1148
1980,1045,1046
1980,1147,1148
1980,1198,1199
1980,1199,1200
1981,879,880
1981,1147,1148
1981,1198,1199
1981,1199,1200
1982,879,880
1982,955,956
1982,1147,1148
1982,1199,1200
1983,1029,1030
1983,1147,1148
1983,1198,1199
1983,1377,1378
1984,1045,1046
1984,1147,1148
1984,1198,1199
1984,1377,1378
1985,1029,1030
1985,1118,1119
1985,1147,1148
1985,1377,1378
1986,1029,1030
1986,1083,1084
1986,1118,1119
1986,1147,1148
1987,955,956
1987,1029,1030
1987,1083,1084
1987,1147,1148
1988,1023,1024
1988,1045,1046
1988,1147,1148
1988,1199,1200
1989,1118,1119
1989,1147,1148
1989,1377,1378
1989,1382,1383
1990,1045,1046
1990,1147,1148
1990,1377,1378
1990,1382,1383
1991,1023,1024
1991,1118,1119
1991,1147,1148
1991,1382,1383
1992,1023,1024
1992,1045,1046
1992,1147,1148
1992,1382,1383
1993,442,443
1993,503,504
1993,594,595
1993,790,791
1994,442,443
1994,503,504
1994,594,595
1994,628,629
1995,442,443
1995,516,517
1995,594,595
1995,790,791
1996,442,443
1996,516,517
1996,657,658
1996,790,791
1997,442,443
1997,516,517
1997,594,595
1997,658,659
1998,442,443
1998,516,517
1998,657,658
1998,658,659
1999,738,739
1999,745,746
1999,817,818
1999,952,953
2000,669,670
2000,745,746
2000,817,818
2000,952,953
2001,669,670
2001,729,730
2001,745,746
2001,952,953
2002,635,636
2002,669,670
2002,741,742
2002,805,806
2003,635,636
2003,669,670
2003,741,742
2003,931,932
2004,669,670
2004,741,742
2004,805,806
2004,814,815
2005,657,658
2005,669,670
2005,741,742
2005,814,815
2006,669,670
2006,729,730
2006,741,742
2006,931,932
2007,657,658
2007,669,670
2007,729,730
2007,741,742
2008,738,739
2008,776,777
2008,898,899
2008,1010,1011
2009,646,647
2009,776,777
2009,898,899
2009,1010,1011
2010,646,647
2010,776,777
2010,911,912
2010,1010,1011
2011,687,688
2011,738,739
2011,776,777
2011,898,899
2012,687,688
2012,738,739
2012,776,777
2012,817,818
2013,738,739
2013,745,746
2013,776,777
2013,817,818
2014,646,647
2014,776,777
2014,861,862
2014,911,912
2015,646,647
2015,776,777
2015,898,899
2015,971,972
2016,646,647
2016,776,777
2016,861,862
2016,971,972
2017,687,688
2017,776,777
2017,898,899
2017,971,972
2018,687,688
2018,776,777
2018,817,818
2018,971,972
2019,776,777
2019,817,818
2019,861,862
2019,971,972
2020,648,649
2020,685,686
2020,772,773
2020,929,930
2021,648,649
2021,685,686
2021,772,773
2021,896,897
2022,648,649
2022,772,773
2022,896,897
2022,957,958
2023,685,686
2023,772,773
2023,896,897
2023,957,958
2024,664,665
2024,681,682
2024,708,709
2024,749,750
2025,685,686
2025,876,877
2025,896,897
2025,968,969
2026,685,686
2026,842,843
2026,876,877
2026,968,969
2027,926,927
2027,1170,1171
2027,1191,1192
2027,1199,1200
2028,957,958
2028,968,969
2028,999,1000
2028,1111,1112
2029,926,927
2029,999,1000
2029,1111,1112
2029,1170,1171
2030,926,927
2030,968,969
2030,999,1000
2030,1111,1112
2031,1034,1035
2031,1178,1179
2031,1188,1189
2031,1249,1250
2032,530,531
2032,541,542
2032,617,618
2032,623,624
2033,336,337
2033,541,542
2033,617,618
2033,623,624
2034,54,55
2034,96,97
2034,126,127
2034,294,295
2035,54,55
2035,96,97
2035,145,146
2035,294,295
2036,274,275
2036,331,332
2036,393,394
2036,411,412
2037,138,139
2037,274,275
2037,411,412
2037,420,421
2038,274,275
2038,331,332
2038,411,412
2038,420,421
2039,134,135
2039,138,139
2039,274,275
2039,420,421
2040,134,135
2040,138,139
2040,196,197
2040,274,275
2041,138,139
2041,196,197
2041,274,275
2041,309,310
2042,322,323
2042,454,455
2042,468,469
2042,474,475
2043,230,231
2043,331,332
2043,468,469
2043,506,507
2044,331,332
2044,342,343
2044,458,459
2044,467,468
2045,342,343
2045,458,459
2045,467,468
2045,586,587
2046,296,297
2046,458,459
2046,467,468
2046,586,587
2047,303,304
2047,342,343
2047,458,459
2047,537,538
2048,303,304
2048,458,459
2048,537,538
2048,563,564
2049,303,304
2049,342,343
2049,458,459
2049,563,564
2050,458,459
2050,506,507
2050,537,538
2050,563,564
2051,331,332
2051,458,459
2051,506,507
2051,563,564
2052,458,459
2052,506,507
2052,508,509
2052,537,538
2053,296,297
2053,458,459
2053,506,507
2053,508,509
2054,296,297
2054,458,459
2054,468,469
2054,506,507
2055,331,332
2055,458,459
2055,468,469
2055,506,507
2056,342,343
2056,458,459
2056,537,538
2056,580,581
2057,458,459
2057,537,538
2057,580,581
2057,586,587
2058,342,343
2058,458,459
2058,580,581
2058,586,587
2059,458,459
2059,508,509
2059,537,538
2059,586,587
2060,296,297
2060,458,459
2060,508,509
2060,586,587
2061,291,292
2061,374,375
2061,393,394
2061,411,412
2062,274,275
2062,374,375
2062,393,394
2062,411,412
2063,274,275
2063,331,332
2063,374,375
2063,393,394
2064,336,337
2064,617,618
2064,623,624
2064,812,813
2065,617,618
2065,623,624
2065,761,762
2065,812,813
2066,336,337
2066,561,562
2066,617,618
2066,812,813
2067,336,337
2067,419,420
2067,561,562
2067,812,813
2068,336,337
2068,401,402
2068,419,420
2068,492,493
2069,336,337
2069,401,402
2069,492,493
2069,541,542
2070,336,337
2070,492,493
2070,541,542
2070,617,618
2071,401,402
2071,480,481
2071,492,493
2071,541,542
2072,480,481
2072,492,493
2072,541,542
2072,600,601
2073,492,493
2073,530,531
2073,541,542
2073,600,601
2074,492,493
2074,530,531
2074,541,542
2074,617,618
2075,346,347
2075,392,393
2075,551,552
2075,618,619
2076,322,323
2076,346,347
2076,454,455
2076,551,552
2077,322,323
2077,346,347
2077,551,552
2077,618,619
2078,322,323
2078,346,347
2078,388,389
2078,474,475
2079,231,232
2079,322,323
2079,346,347
2079,618,619
2080,143,144
2080,164,165
2080,180,181
2080,220,221
2081,139,140
2081,143,144
2081,167,168
2081,180,181
2082,143,144
2082,167,168
2082,180,181
2082,220,221
2083,11,12
2083,139,140
2083,143,144
2083,146,147
2084,11,12
2084,139,140
2084,143,144
2084,207,208
2085,11,12
2085,143,144
2085,207,208
2085,220,221
2086,11,12
2086,47,48
2086,143,144
2086,220,221
2087,47,48
2087,143,144
2087,164,165
2087,220,221
2088,139,140
2088,143,144
2088,167,168
2088,207,208
2089,143,144
2089,167,168
2089,207,208
2089,220,221
2090,11,12
2090,47,48
2090,143,144
2090,146,147
2091,1,2
2091,63,64
2091,68,69
2091,185,186
2092,43,44
2092,60,61
2092,126,127
2092,198,199
2093,43,44
2093,60,61
2093,126,127
2093,204,205
2094,43,44
2094,47,48
2094,60,61
2094,204,205
2095,1403,1404
2095,1644,1645
2095,1718,1719
2095,1786,1787
2096,1403,1404
2096,1556,1557
2096,1638,1639
2096,1644,1645
2097,1403,1404
2097,1638,1639
2097,1644,1645
2097,1718,1719
2098,1403,1404
2098,1556,1557
2098,1644,1645
2098,1730,1731
2099,1403,1404
2099,1644,1645
2099,1730,1731
2099,1786,1787
2100,1403,1404
2100,1466,1467
2100,1730,1731
2100,1786,1787
2101,1395,1396
2101,1591,1592
2101,1656,1657
2101,1659,1660
2102,1395,1396
2102,1656,1657
2102,1659,1660
2102,1788,1789
2103,1395,1396
2103,1569,1570
2103,1591,1592
2103,1659,1660
2104,1395,1396
2104,1656,1657
2104,1780,1781
2104,1788,1789
2105,1395,1396
2105,1569,1570
2105,1659,1660
2105,1740,1741
2106,1395,1396
2106,1659,1660
2106,1740,1741
2106,1788,1789
2107,1395,1396
2107,1466,1467
2107,1586,1587
2107,1740,1741
2108,1395,1396
2108,1466,1467
2108,1740,1741
2108,1788,1789
2109,1395,1396
2109,1466,1467
2109,1586,1587
2109,1780,1781
2110,1395,1396
2110,1466,1467
2110,1780,1781
2110,1788,1789
2111,1715,1716
2111,1738,1739
2111,1741,1742
2111,1802,1803
2112,1639,1640
2112,1738,1739
2112,1741,1742
2112,1802,1803
2113,1639,1640
2113,1715,1716
2113,1738,1739
2113,1802,1803
2114,1639,1640
2114,1738,1739
2114,1741,1742
2114,1788,1789
2115,1639,1640
2115,1659,1660
2115,1738,1739
2115,1788,1789
2116,1426,1427
2116,1517,1518
2116,1715,1716
2116,1738,1739
2117,1517,1518
2117,1639,1640
2117,1659,1660
2117,1738,1739
2118,1426,1427
2118,1613,1614
2118,1699,1700
2118,1738,1739
2119,1625,1626
2119,1715,1716
2119,1738,1739
2119,1741,1742
2120,1426,1427
2120,1517,1518
2120,1613,1614
2120,1738,1739
2121,1517,1518
2121,1613,1614
2121,1659,1660
2121,1738,1739
2122,1639,1640
2122,1679,1680
2122,1715,1716
2122,1738,1739
2123,1517,1518
2123,1679,1680
2123,1715,1716
2123,1738,1739
2124,1517,1518
2124,1639,1640
2124,1679,1680
2124,1738,1739
2125,1505,1506
2125,1640,1641
2125,1702,1703
2125,1800,1801
2126,1640,1641
2126,1702,1703
2126,1736,1737
2126,1800,1801
2127,1630,1631
2127,1640,1641
2127,1724,1725
2127,1800,1801
2128,1505,1506
2128,1640,1641
2128,1724,1725
2128,1800,1801
2129,1505,1506
2129,1630,1631
2129,1640,1641
2129,1724,1725
2130,1646,1647
2130,1725,1726
2130,1785,1786
2130,1816,1817
2131,1655,1656
2131,1797,1798
2131,1816,1817
2131,1835,1836
2132,1697,1698
2132,1797,1798
2132,1816,1817
2132,1835,1836
2133,1655,1656
2133,1708,1709
2133,1775,1776
2133,1797,1798
2134,1655,1656
2134,1708,1709
2134,1775,1776
2134,1823,1824
2135,1708,1709
2135,1775,1776
2135,1823,1824
2135,1849,1850
2136,1588,1589
2136,1655,1656
2136,1708,1709
2136,1823,1824
2137,1697,1698
2137,1797,1798
2137,1837,1838
2137,1840,1841
2138,1750,1751
2138,1797,1798
2138,1835,1836
2138,1837,1838
2139,1697,1698
2139,1797,1798
2139,1835,1836
2139,1837,1838
2140,1750,1751
2140,1775,1776
2140,1797,1798
2140,1837,1838
2141,1775,1776
2141,1797,1798
2141,1837,1838
2141,1849,1850
2142,1644,1645
2142,1646,1647
2142,1719,1720
2142,1807,1808
2143,1646,1647
2143,1697,1698
2143,1719,1720
2143,1805,1806
2144,1638,1639
2144,1644,1645
2144,1719,1720
2144,1807,1808
2145,1638,1639
2145,1644,1645
2145,1719,1720
2145,1842,1843
2146,1638,1639
2146,1719,1720
2146,1807,1808
2146,1842,1843
2147,1644,1645
2147,1719,1720
2147,1794,1795
2147,1805,1806
2148,1644,1645
2148,1646,1647
2148,1719,1720
2148,1794,1795
2149,1646,1647
2149,1719,1720
2149,1794,1795
2149,1805,1806
2150,1644,1645
2150,1719,1720
2150,1748,1749
2150,1805,1806
2151,1719,1720
2151,1748,1749
2151,1805,1806
2151,1842,1843
2152,1644,1645
2152,1718,1719
2152,1719,1720
2152,1748,1749
2153,1644,1645
2153,1718,1719
2153,1719,1720
2153,1842,1843
2154,1718,1719
2154,1719,1720
2154,1748,1749
2154,1842,1843
2155,1646,1647
2155,1730,1731
2155,1766,1767
2155,1785,1786
2156,1646,1647
2156,1730,1731
2156,1766,1767
2156,1807,1808
2157,1556,1557
2157,1730,1731
2157,1766,1767
2157,1807,1808
2158,1437,1438
2158,1556,1557
2158,1730,1731
2158,1766,1767
2159,1409,1410
2159,1556,1557
2159,1766,1767
2159,1807,1808
2160,1409,1410
2160,1437,1438
2160,1556,1557
2160,1766,1767
2161,1437,1438
2161,1561,1562
2161,1600,1601
2161,1766,1767
2162,1409,1410
2162,1437,1438
2162,1561,1562
2162,1766,1767
2163,1409,1410
2163,1524,1525
2163,1766,1767
2163,1807,1808
2164,1409,1410
2164,1524,1525
2164,1561,1562
2164,1766,1767
2165,1220,1221
2165,1274,1275
2165,1276,1277
2165,1411,1412
2166,1220,1221
2166,1276,1277
2166,1359,1360
2166,1411,1412
2167,1220,1221
2167,1350,1351
2167,1402,1403
2167,1411,1412
2168,1220,1221
2168,1350,1351
2168,1359,1360
2168,1411,1412
2169,1112,1113
2169,1328,1329
2169,1353,1354
2169,1369,1370
2170,1112,1113
2170,1261,1262
2170,1353,1354
2170,1369,1370
2171,1112,1113
2171,1142,1143
2171,1328,1329
2171,1369,1370
2172,1112,1113
2172,1142,1143
2172,1261,1262
2172,1369,1370
2173,1112,1113
2173,1200,1201
2173,1328,1329
2173,1353,1354
2174,1112,1113
2174,1167,1168
2174,1200,1201
2174,1353,1354
2175,1032,1033
2175,1112,1113
2175,1167,1168
2175,1200,1201
2176,1166,1167
2176,1261,1262
2176,1274,1275
2176,1357,1358
2177,1142,1143
2177,1166,1167
2177,1261,1262
2177,1357,1358
2178,1142,1143
2178,1166,1167
2178,1284,1285
2178,1357,1358
2179,1046,1047
2179,1047,1048
2179,1099,1100
2179,1260,1261
2180,1046,1047
2180,1047,1048
2180,1260,1261
2180,1284,1285
2181,1046,1047
2181,1047,1048
2181,1099,1100
2181,1146,1147
2182,1046,1047
2182,1047,1048
2182,1146,1147
2182,1284,1285
2183,845,846
2183,1046,1047
2183,1099,1100
2183,1260,1261
2184,845,846
2184,1046,1047
2184,1196,1197
2184,1260,1261
2185,845,846
2185,1046,1047
2185,1185,1186
2185,1196,1197
2186,845,846
2186,906,907
2186,1046,1047
2186,1099,1100
2187,845,846
2187,906,907
2187,1046,1047
2187,1185,1186
2188,906,907
2188,1046,1047
2188,1181,1182
2188,1185,1186
2189,906,907
2189,1046,1047
2189,1099,1100
2189,1146,1147
2190,906,907
2190,1046,1047
2190,1146,1147
2190,1181,1182
2191,1210,1211
2191,1402,1403
2191,1479,1480
2191,1618,1619
2192,1515,1516
2192,1567,1568
2192,1603,1604
2192,1613,1614
2193,1507,1508
2193,1515,1516
2193,1567,1568
2193,1603,1604
2194,1515,1516
2194,1567,1568
2194,1613,1614
2194,1754,1755
2195,1507,1508
2195,1515,1516
2195,1567,1568
2195,1754,1755
2196,1507,1508
2196,1567,1568
2196,1754,1755
2196,1771,1772
2197,1507,1508
2197,1567,1568
2197,1603,1604
2197,1618,1619
2198,1551,1552
2198,1567,1568
2198,1613,1614
2198,1754,1755
2199,1551,1552
2199,1567,1568
2199,1754,1755
2199,1771,1772
2200,1551,1552
2200,1567,1568
2200,1659,1660
2200,1740,1741
2201,1551,1552
2201,1567,1568
2201,1613,1614
2201,1659,1660
2202,1567,1568
2202,1569,1570
2202,1659,1660
2202,1740,1741
2203,1567,1568
2203,1569,1570
2203,1613,1614
2203,1659,1660
2204,1517,1518
2204,1567,1568
2204,1569,1570
2204,1613,1614
2205,1517,1518
2205,1567,1568
2205,1603,1604
2205,1613,1614
2206,1517,1518
2206,1567,1568
2206,1569,1570
2206,1603,1604
2207,1314,1315
2207,1415,1416
2207,1521,1522
2207,1616,1617
2208,1314,1315
2208,1514,1515
2208,1521,1522
2208,1616,1617
2209,1314,1315
2209,1415,1416
2209,1507,1508
2209,1521,1522
2210,1314,1315
2210,1507,1508
2210,1514,1515
2210,1521,1522
2211,1507,1508
2211,1514,1515
2211,1521,1522
2211,1771,1772
2212,1438,1439
2212,1504,1505
2212,1506,1507
2212,1510,1511
2213,1215,1216
2213,1504,1505
2213,1510,1511
2213,1621,1622
2214,1438,1439
2214,1506,1507
2214,1510,1511
2214,1803,1804
2215,1438,1439
2215,1482,1483
2215,1504,1505
2215,1510,1511
2216,1215,1216
2216,1482,1483
2216,1504,1505
2216,1510,1511
2217,332,333
2217,346,347
2217,388,389
2217,507,508
2218,435,436
2218,556,557
2218,575,576
2218,602,603
2219,435,436
2219,556,557
2219,602,603
2219,636,637
2220,435,436
2220,556,557
2220,598,599
2220,636,637
2221,324,325
2221,530,531
2221,556,557
2221,600,601
2222,435,436
2222,451,452
2222,470,471
2222,575,576
2223,673,674
2223,914,915
2223,948,949
2223,993,994
2224,744,745
2224,756,757
2224,792,793
2224,830,831
2225,659,660
2225,756,757
2225,792,793
2225,981,982
2226,550,551
2226,638,639
2226,693,694
2226,809,810
2227,550,551
2227,693,694
2227,742,743
2227,809,810
2228,446,447
2228,599,600
2228,632,633
2228,705,706
2229,550,551
2229,599,600
2229,705,706
2229,742,743
2230,572,573
2230,599,600
2230,705,706
2230,742,743
2231,572,573
2231,599,600
2231,632,633
2231,705,706
2232,572,573
2232,592,593
2232,705,706
2232,742,743
2233,444,445
2233,537,538
2233,632,633
2233,705,706
2234,537,538
2234,572,573
2234,632,633
2234,705,706
2235,537,538
2235,572,573
2235,592,593
2235,705,706
2236,866,867
2236,881,882
2236,970,971
2236,1138,1139
2237,866,867
2237,871,872
2237,881,882
2237,970,971
2238,848,849
2238,881,882
2238,953,954
2238,1138,1139
2239,866,867
2239,881,882
2239,1012,1013
2239,1138,1139
2240,848,849
2240,881,882
2240,1012,1013
2240,1138,1139
2241,866,867
2241,871,872
2241,881,882
2241,933,934
2242,866,867
2242,881,882
2242,933,934
2242,1012,1013
2243,848,849
2243,881,882
2243,953,954
2243,961,962
2244,771,772
2244,837,838
2244,941,942
2244,967,968
2245,837,838
2245,941,942
2245,967,968
2245,1002,1003
2246,641,642
2246,871,872
2246,970,971
2246,1004,1005
2247,641,642
2247,941,942
2247,970,971
2247,1004,1005
2248,641,642
2248,941,942
2248,967,968
2248,1004,1005
2249,871,872
2249,881,882
2249,970,971
2249,1004,1005
2250,941,942
2250,967,968
2250,1002,1003
2250,1004,1005
2251,941,942
2251,970,971
2251,1004,1005
2251,1138,1139
2252,881,882
2252,953,954
2252,1004,1005
2252,1138,1139
2253,881,882
2253,970,971
2253,1004,1005
2253,1138,1139
2254,953,954
2254,1002,1003
2254,1004,1005
2254,1138,1139
2255,941,942
2255,1002,1003
2255,1004,1005
2255,1138,1139
2256,624,625
2256,751,752
2256,760,761
2256,824,825
2257,624,625
2257,794,795
2257,824,825
2257,855,856
2258,624,625
2258,760,761
2258,824,825
2258,855,856
2259,624,625
2259,788,789
2259,794,795
2259,855,856
2260,641,642
2260,871,872
2260,990,991
2260,1004,1005
2261,641,642
2261,967,968
2261,990,991
2261,1004,1005
2262,641,642
2262,653,654
2262,967,968
2262,990,991
2263,653,654
2263,736,737
2263,967,968
2263,990,991
2264,21,22
2264,39,40
2264,42,43
2264,85,86
2265,42,43
2265,210,211
2265,264,265
2265,349,350
2266,39,40
2266,42,43
2266,48,49
2266,148,149
2267,39,40
2267,42,43
2267,85,86
2267,417,418
2268,42,43
2268,148,149
2268,349,350
2268,391,392
2269,42,43
2269,210,211
2269,349,350
2269,391,392
2270,42,43
2270,264,265
2270,290,291
2270,417,418
2271,42,43
2271,210,211
2271,264,265
2271,290,291
2272,42,43
2272,210,211
2272,290,291
2272,417,418
2273,39,40
2273,42,43
2273,48,49
2273,417,418
2274,42,43
2274,48,49
2274,210,211
2274,417,418
2275,42,43
2275,48,49
2275,148,149
2275,391,392
2276,42,43
2276,48,49
2276,210,211
2276,391,392
2277,5,6
2277,42,43
2277,264,265
2277,337,338
2278,5,6
2278,42,43
2278,85,86
2278,337,338
2279,5,6
2279,42,43
2279,264,265
2279,417,418
2280,5,6
2280,42,43
2280,85,86
2280,417,418
2281,331,332
2281,342,343
2281,420,421
2281,424,425
2282,342,343
2282,349,350
2282,424,425
2282,457,458
2283,148,149
2283,349,350
2283,424,425
2283,457,458
2284,42,43
2284,148,149
2284,349,350
2284,424,425
2285,264,265
2285,342,343
2285,349,350
2285,424,425
2286,42,43
2286,264,265
2286,349,350
2286,424,425
2287,148,149
2287,277,278
2287,289,290
2287,418,419
2288,277,278
2288,289,290
2288,385,386
2288,418,419
2289,148,149
2289,277,278
2289,289,290
2289,457,458
2290,277,278
2290,385,386
2290,414,415
2290,418,419
2291,272,273
2291,277,278
2291,289,290
2291,385,386
2292,272,273
2292,277,278
2292,289,290
2292,457,458
2293,277,278
2293,385,386
2293,414,415
2293,487,488
2294,251,252
2294,272,273
2294,277,278
2294,385,386
2295,251,252
2295,272,273
2295,277,278
2295,457,458
2296,251,252
2296,277,278
2296,385,386
2296,487,488
2297,246,247
2297,277,278
2297,414,415
2297,487,488
2298,88,89
2298,277,278
2298,355,356
2298,487,488
2299,148,149
2299,277,278
2299,424,425
2299,457,458
2300,251,252
2300,277,278
2300,355,356
2300,487,488
2301,48,49
2301,128,129
2301,148,149
2301,418,419
2302,31,32
2302,128,129
2302,132,133
2302,382,383
2303,39,40
2303,48,49
2303,128,129
2303,147,148
2304,1664,1665
2304,1672,1673
2304,1685,1686
2304,1721,1722
2305,1664,1665
2305,1666,1667
2305,1672,1673
2305,1721,1722
2306,1534,1535
2306,1664,1665
2306,1685,1686
2306,1721,1722
2307,1413,1414
2307,1534,1535
2307,1546,1547
2307,1721,1722
2308,1546,1547
2308,1680,1681
2308,1721,1722
2308,1824,1825
2309,1534,1535
2309,1546,1547
2309,1680,1681
2309,1721,1722
2310,1502,1503
2310,1666,1667
2310,1721,1722
2310,1824,1825
2311,1502,1503
2311,1664,1665
2311,1666,1667
2311,1721,1722
2312,1534,1535
2312,1664,1665
2312,1680,1681
2312,1721,1722
2313,1502,1503
2313,1680,1681
2313,1721,1722
2313,1824,1825
2314,1502,1503
2314,1664,1665
2314,1680,1681
2314,1721,1722
2315,1405,1406
2315,1468,1469
2315,1619,1620
2315,1661,1662
2316,1405,1406
2316,1619,1620
2316,1635,1636
2316,1661,1662
2317,1408,1409
2317,1468,1469
2317,1661,1662
2317,1739,1740
2318,1405,1406
2318,1408,1409
2318,1468,1469
2318,1661,1662
2319,1408,1409
2319,1417,1418
2319,1661,1662
2319,1739,1740
2320,1405,1406
2320,1408,1409
2320,1417,1418
2320,1661,1662
2321,331,332
2321,374,375
2321,393,394
2321,430,431
2322,230,231
2322,331,332
2322,430,431
2322,468,469
2323,331,332
2323,374,375
2323,430,431
2323,468,469
2324,430,431
2324,454,455
2324,468,469
2324,651,652
2325,230,231
2325,430,431
2325,506,507
2325,651,652
2326,430,431
2326,468,469
2326,506,507
2326,651,652
2327,230,231
2327,430,431
2327,468,469
2327,506,507
2328,533,534
2328,602,603
2328,759,760
2328,791,792
2329,648,649
2329,759,760
2329,772,773
2329,929,930
2330,476,477
2330,548,549
2330,575,576
2330,613,614
2331,548,549
2331,575,576
2331,602,603
2331,613,614
2332,548,549
2332,602,603
2332,613,614
2332,791,792
2333,451,452
2333,476,477
2333,575,576
2333,613,614
2334,451,452
2334,470,471
2334,575,576
2334,613,614
2335,435,436
2335,575,576
2335,602,603
2335,613,614
2336,435,436
2336,470,471
2336,575,576
2336,613,614
2337,252,253
2337,467,468
2337,494,495
2337,586,587
2338,296,297
2338,467,468
2338,494,495
2338,586,587
2339,478,479
2339,567,568
2339,608,609
2339,831,832
2340,486,487
2340,533,534
2340,759,760
2340,791,792
2341,486,487
2341,759,760
2341,819,820
2341,929,930
2342,486,487
2342,759,760
2342,791,792
2342,819,820
2343,447,448
2343,491,492
2343,548,549
2343,791,792
2344,447,448
2344,476,477
2344,548,549
2344,613,614
2345,24,25
2345,117,118
2345,155,156
2345,258,259
2346,155,156
2346,160,161
2346,192,193
2346,339,340
2347,155,156
2347,192,193
2347,258,259
2347,339,340
2348,155,156
2348,192,193
2348,219,220
2348,380,381
2349,155,156
2349,192,193
2349,258,259
2349,380,381
2350,117,118
2350,155,156
2350,160,161
2350,339,340
2351,117,118
2351,155,156
2351,258,259
2351,339,340
2352,1104,1105
2352,1233,1234
2352,1241,1242
2352,1335,1336
2353,1067,1068
2353,1104,1105
2353,1190,1191
2353,1233,1234
2354,1067,1068
2354,1104,1105
2354,1184,1185
2354,1335,1336
2355,1067,1068
2355,1104,1105
2355,1233,1234
2355,1343,1344
2356,1104,1105
2356,1233,1234
2356,1335,1336
2356,1343,1344
2357,1067,1068
2357,1104,1105
2357,1335,1336
2357,1343,1344
2358,1104,1105
2358,1190,1191
2358,1233,1234
2358,1280,1281
2359,1104,1105
2359,1233,1234
2359,1241,1242
2359,1559,1560
2360,1104,1105
2360,1241,1242
2360,1280,1281
2360,1559,1560
2361,1104,1105
2361,1233,1234
2361,1280,1281
2361,1559,1560
2362,1104,1105
2362,1241,1242
2362,1254,1255
2362,1280,1281
2363,327,328
2363,333,334
2363,394,395
2363,427,428
2364,280,281
2364,327,328
2364,333,334
2364,427,428
2365,315,316
2365,327,328
2365,394,395
2365,427,428
2366,228,229
2366,333,334
2366,394,395
2366,427,428
2367,228,229
2367,308,309
2367,394,395
2367,427,428
2368,308,309
2368,315,316
2368,394,395
2368,427,428
2369,252,253
2369,308,309
2369,315,316
2369,427,428
2370,227,228
2370,252,253
2370,308,309
2370,427,428
2371,227,228
2371,228,229
2371,308,309
2371,427,428
2372,254,255
2372,280,281
2372,333,334
2372,427,428
2373,228,229
2373,240,241
2373,333,334
2373,427,428
2374,227,228
2374,228,229
2374,240,241
2374,427,428
2375,240,241
2375,254,255
2375,333,334
2375,427,428
2376,252,253
2376,427,428
2376,467,468
2376,494,495
2377,227,228
2377,252,253
2377,427,428
2377,467,468
2378,227,228
2378,240,241
2378,265,266
2378,427,428
2379,227,228
2379,265,266
2379,427,428
2379,467,468
2380,227,228
2380,228,229
2380,264,265
2380,265,266
2381,227,228
2381,228,229
2381,240,241
2381,265,266
2382,134,135
2382,228,229
2382,240,241
2382,265,266
2383,227,228
2383,264,265
2383,265,266
2383,342,343
2384,227,228
2384,265,266
2384,342,343
2384,467,468
2385,134,135
2385,265,266
2385,274,275
2385,420,421
2386,134,135
2386,264,265
2386,265,266
2386,337,338
2387,228,229
2387,264,265
2387,265,266
2387,337,338
2388,134,135
2388,228,229
2388,265,266
2388,337,338
2389,264,265
2389,265,266
2389,342,343
2389,424,425
2390,264,265
2390,265,266
2390,420,421
2390,424,425
2391,265,266
2391,342,343
2391,420,421
2391,424,425
2392,265,266
2392,331,332
2392,342,343
2392,420,421
2393,265,266
2393,274,275
2393,331,332
2393,420,421
2394,265,266
2394,331,332
2394,342,343
2394,467,468
2395,265,266
2395,274,275
2395,331,332
2395,467,468
2396,655,656
2396,736,737
2396,807,808
2396,840,841
2397,638,639
2397,655,656
2397,693,694
2397,736,737
2398,550,551
2398,655,656
2398,705,706
2398,742,743
2399,550,551
2399,638,639
2399,655,656
2399,693,694
2400,550,551
2400,655,656
2400,693,694
2400,742,743
2401,655,656
2401,693,694
2401,723,724
2401,811,812
2402,655,656
2402,693,694
2402,736,737
2402,811,812
2403,863,864
2403,922,923
2403,1009,1010
2403,1155,1156
2404,863,864
2404,922,923
2404,1005,1006
2404,1155,1156
2405,863,864
2405,922,923
2405,953,954
2405,1005,1006
2406,863,864
2406,922,923
2406,953,954
2406,1002,1003
2407,802,803
2407,877,878
2407,924,925
2407,1056,1057
2408,802,803
2408,877,878
2408,1001,1002
2408,1056,1057
2409,852,853
2409,877,878
2409,919,920
2409,1056,1057
2410,852,853
2410,919,920
2410,982,983
2410,1056,1057
2411,882,883
2411,892,893
2411,1033,1034
2411,1072,1073
2412,882,883
2412,892,893
2412,982,983
2412,1072,1073
2413,610,611
2413,652,653
2413,728,729
2413,733,734
2414,610,611
2414,723,724
2414,728,729
2414,747,748
2415,610,611
2415,728,729
2415,733,734
2415,747,748
2416,544,545
2416,610,611
2416,733,734
2416,747,748
2417,544,545
2417,592,593
2417,610,611
2417,733,734
2418,572,573
2418,586,587
2418,592,593
2418,621,622
2419,252,253
2419,313,314
2419,573,574
2419,621,622
2420,572,573
2420,592,593
2420,621,622
2420,742,743
2421,252,253
2421,313,314
2421,580,581
2421,621,622
2422,252,253
2422,580,581
2422,586,587
2422,621,622
2423,313,314
2423,572,573
2423,580,581
2423,621,622
2424,572,573
2424,580,581
2424,586,587
2424,621,622
2425,5,6
2425,80,81
2425,290,291
2425,337,338
2426,5,6
2426,80,81
2426,123,124
2426,337,338
2427,80,81
2427,228,229
2427,290,291
2427,337,338
2428,80,81
2428,121,122
2428,228,229
2428,308,309
2429,80,81
2429,228,229
2429,290,291
2429,308,309
2430,234,235
2430,247,248
2430,321,322
2430,560,561
2431,56,57
2431,205,206
2431,234,235
2431,247,248
2432,56,57
2432,234,235
2432,239,240
2432,247,248
2433,205,206
2433,234,235
2433,247,248
2433,321,322
2434,205,206
2434,247,248
2434,321,322
2434,348,349
2435,135,136
2435,199,200
2435,247,248
2435,256,257
2436,135,136
2436,199,200
2436,247,248
2436,348,349
2437,199,200
2437,247,248
2437,348,349
2437,406,407
2438,247,248
2438,321,322
2438,348,349
2438,406,407
2439,199,200
2439,247,248
2439,256,257
2439,372,373
2440,199,200
2440,247,248
2440,372,373
2440,406,407
2441,199,200
2441,372,373
2441,389,390
2441,406,407
2442,247,248
2442,321,322
2442,372,373
2442,406,407
2443,13,14
2443,271,272
2443,362,363
2443,404,405
2444,13,14
2444,362,363
2444,404,405
2444,415,416
2445,372,373
2445,404,405
2445,415,416
2445,560,561
2446,13,14
2446,239,240
2446,256,257
2446,404,405
2447,13,14
2447,239,240
2447,271,272
2447,404,405
2448,239,240
2448,247,248
2448,256,257
2448,404,405
2449,247,248
2449,256,257
2449,372,373
2449,404,405
2450,247,248
2450,372,373
2450,404,405
2450,560,561
2451,234,235
2451,239,240
2451,271,272
2451,404,405
2452,234,235
2452,239,240
2452,247,248
2452,404,405
2453,234,235
2453,247,248
2453,404,405
2453,560,561
2454,300,301
2454,381,382
2454,419,420
2454,570,571
2455,56,57
2455,234,235
2455,271,272
2455,300,301
2456,56,57
2456,234,235
2456,300,301
2456,363,364
2457,300,301
2457,359,360
2457,363,364
2457,381,382
2458,105,106
2458,300,301
2458,381,382
2458,419,420
2459,56,57
2459,300,301
2459,359,360
2459,363,364
2460,105,106
2460,300,301
2460,359,360
2460,381,382
2461,105,106
2461,271,272
2461,283,284
2461,300,301
2462,105,106
2462,283,284
2462,300,301
2462,419,420
2463,271,272
2463,283,284
2463,300,301
2463,419,420
2464,8,9
2464,59,60
2464,138,139
2464,150,151
2465,8,9
2465,33,34
2465,59,60
2465,150,151
2466,1538,1539
2466,1573,1574
2466,1707,1708
2466,1784,1785
2467,1573,1574
2467,1707,1708
2467,1757,1758
2467,1784,1785
2468,1587,1588
2468,1693,1694
2468,1707,1708
2468,1793,1794
2469,1587,1588
2469,1707,1708
2469,1757,1758
2469,1793,1794
2470,1623,1624
2470,1693,1694
2470,1707,1708
2470,1793,1794
2471,1538,1539
2471,1623,1624
2471,1693,1694
2471,1707,1708
2472,1707,1708
2472,1757,1758
2472,1793,1794
2472,1813,1814
2473,1707,1708
2473,1757,1758
2473,1777,1778
2473,1813,1814
2474,1707,1708
2474,1757,1758
2474,1777,1778
2474,1784,1785
2475,1389,1390
2475,1473,1474
2475,1491,1492
2475,1660,1661
2476,1473,1474
2476,1491,1492
2476,1660,1661
2476,1663,1664
2477,1633,1634
2477,1634,1635
2477,1642,1643
2477,1660,1661
2478,1389,1390
2478,1627,1628
2478,1686,1687
2478,1744,1745
2479,1451,1452
2479,1627,1628
2479,1686,1687
2479,1744,1745
2480,1451,1452
2480,1627,1628
2480,1686,1687
2480,1742,1743
2481,1389,1390
2481,1627,1628
2481,1744,1745
2481,1760,1761
2482,1627,1628
2482,1726,1727
2482,1744,1745
2482,1760,1761
2483,1451,1452
2483,1627,1628
2483,1669,1670
2483,1742,1743
2484,1272,1273
2484,1394,1395
2484,1555,1556
2484,1723,1724
2485,1516,1517
2485,1555,1556
2485,1562,1563
2485,1723,1724
2486,1413,1414
2486,1558,1559
2486,1574,1575
2486,1608,1609
2487,1558,1559
2487,1574,1575
2487,1608,1609
2487,1742,1743
2488,1413,1414
2488,1512,1513
2488,1558,1559
2488,1574,1575
2489,1518,1519
2489,1558,1559
2489,1608,1609
2489,1610,1611
2490,1518,1519
2490,1558,1559
2490,1610,1611
2490,1742,1743
2491,1558,1559
2491,1608,1609
2491,1610,1611
2491,1742,1743
2492,1518,1519
2492,1558,1559
2492,1617,1618
2492,1742,1743
2493,1285,1286
2493,1518,1519
2493,1558,1559
2493,1617,1618
2494,1218,1219
2494,1285,1286
2494,1558,1559
2494,1617,1618
2495,656,657
2495,800,801
2495,917,918
2495,1006,1007
2496,867,868
2496,917,918
2496,1016,1017
2496,1111,1112
2497,800,801
2497,867,868
2497,917,918
2497,1006,1007
2498,800,801
2498,867,868
2498,917,918
2498,1016,1017
2499,896,897
2499,917,918
2499,968,969
2499,1111,1112
2500,656,657
2500,917,918
2500,1006,1007
2500,1092,1093
2501,867,868
2501,917,918
2501,1006,1007
2501,1092,1093
2502,656,657
2502,888,889
2502,1006,1007
2502,1160,1161
2503,656,657
2503,1006,1007
2503,1092,1093
2503,1160,1161
2504,888,889
2504,946,947
2504,1006,1007
2504,1160,1161
2505,946,947
2505,1006,1007
2505,1092,1093
2505,1160,1161
2506,946,947
2506,1092,1093
2506,1160,1161
2506,1182,1183
2507,656,657
2507,888,889
2507,909,910
2507,1160,1161
2508,656,657
2508,857,858
2508,909,910
2508,1160,1161
2509,1071,1072
2509,1127,1128
2509,1145,1146
2509,1257,1258
2510,1127,1128
2510,1214,1215
2510,1257,1258
2510,1295,1296
2511,1071,1072
2511,1127,1128
2511,1257,1258
2511,1295,1296
2512,1095,1096
2512,1121,1122
2512,1313,1314
2512,1327,1328
2513,1095,1096
2513,1121,1122
2513,1187,1188
2513,1313,1314
2514,1095,1096
2514,1121,1122
2514,1187,1188
2514,1188,1189
2515,255,256
2515,300,301
2515,561,562
2515,570,571
2516,255,256
2516,300,301
2516,381,382
2516,570,571
2517,255,256
2517,300,301
2517,363,364
2517,381,382
2518,431,432
2518,437,438
2518,554,555
2518,691,692
2519,267,268
2519,437,438
2519,555,556
2519,691,692
2520,392,393
2520,513,514
2520,554,555
2520,616,617
2521,341,342
2521,513,514
2521,554,555
2521,616,617
2522,341,342
2522,554,555
2522,616,617
2522,691,692
2523,437,438
2523,554,555
2523,616,617
2523,691,692
2524,341,342
2524,429,430
2524,513,514
2524,616,617
2525,437,438
2525,555,556
2525,616,617
2525,691,692
2526,341,342
2526,555,556
2526,616,617
2526,691,692
2527,341,342
2527,429,430
2527,555,556
2527,616,617
2528,293,294
2528,477,478
2528,539,540
2528,577,578
2529,284,285
2529,293,294
2529,477,478
2529,577,578
2530,293,294
2530,400,401
2530,539,540
2530,577,578
2531,293,294
2531,400,401
2531,423,424
2531,577,578
2532,242,243
2532,293,294
2532,477,478
2532,539,540
2533,293,294
2533,400,401
2533,413,414
2533,423,424
2534,293,294
2534,312,313
2534,413,414
2534,423,424
2535,125,126
2535,293,294
2535,312,313
2535,413,414
2536,125,126
2536,176,177
2536,293,294
2536,413,414
2537,176,177
2537,293,294
2537,400,401
2537,413,414
2538,1034,1035
2538,1053,1054
2538,1068,1069
2538,1249,1250
2539,1034,1035
2539,1053,1054
2539,1178,1179
2539,1249,1250
2540,854,855
2540,930,931
2540,1034,1035
2540,1053,1054
2541,850,851
2541,1170,1171
2541,1191,1192
2541,1198,1199
2542,850,851
2542,1143,1144
2542,1170,1171
2542,1191,1192
2543,850,851
2543,879,880
2543,1170,1171
2543,1198,1199
2544,850,851
2544,879,880
2544,978,979
2544,1198,1199
2545,999,1000
2545,1079,1080
2545,1111,1112
2545,1170,1171
2546,1078,1079
2546,1091,1092
2546,1195,1196
2546,1245,1246
2547,1091,1092
2547,1133,1134
2547,1289,1290
2547,1566,1567
2548,1091,1092
2548,1289,1290
2548,1349,1350
2548,1566,1567
2549,1091,1092
2549,1289,1290
2549,1349,1350
2549,1447,1448
2550,1091,1092
2550,1245,1246
2550,1289,1290
2550,1447,1448
2551,1091,1092
2551,1245,1246
2551,1380,1381
2551,1447,1448
2552,1078,1079
2552,1091,1092
2552,1245,1246
2552,1380,1381
2553,906,907
2553,1041,1042
2553,1093,1094
2553,1181,1182
2554,1041,1042
2554,1093,1094
2554,1108,1109
2554,1181,1182
2555,861,862
2555,971,972
2555,1041,1042
2555,1093,1094
2556,861,862
2556,1041,1042
2556,1093,1094
2556,1108,1109
2557,861,862
2557,971,972
2557,1017,1018
2557,1093,1094
2558,152,153
2558,320,321
2558,383,384
2558,396,397
2559,130,131
2559,152,153
2559,320,321
2559,396,397
2560,152,153
2560,187,188
2560,320,321
2560,383,384
2561,50,51
2561,152,153
2561,187,188
2561,383,384
2562,130,131
2562,152,153
2562,307,308
2562,320,321
2563,152,153
2563,187,188
2563,312,313
2563,320,321
2564,50,51
2564,152,153
2564,187,188
2564,312,313
2565,152,153
2565,307,308
2565,320,321
2565,361,362
2566,125,126
2566,152,153
2566,312,313
2566,320,321
2567,50,51
2567,125,126
2567,152,153
2567,312,313
2568,125,126
2568,152,153
2568,320,321
2568,361,362
2569,50,51
2569,125,126
2569,152,153
2569,361,362
2570,310,311
2570,334,335
2570,409,410
2570,559,560
2571,334,335
2571,409,410
2571,559,560
2571,583,584
2572,288,289
2572,334,335
2572,559,560
2572,583,584
2573,310,311
2573,407,408
2573,559,560
2573,585,586
2574,288,289
2574,462,463
2574,559,560
2574,583,584
2575,407,408
2575,545,546
2575,559,560
2575,585,586
2576,390,391
2576,462,463
2576,559,560
2576,583,584
2577,390,391
2577,409,410
2577,559,560
2577,583,584
2578,398,399
2578,462,463
2578,545,546
2578,559,560
2579,398,399
2579,407,408
2579,545,546
2579,559,560
2580,390,391
2580,409,410
2580,559,560
2580,620,621
2581,398,399
2581,407,408
2581,559,560
2581,620,621
2582,347,348
2582,390,391
2582,462,463
2582,559,560
2583,347,348
2583,390,391
2583,559,560
2583,620,621
2584,347,348
2584,398,399
2584,462,463
2584,559,560
2585,347,348
2585,398,399
2585,559,560
2585,620,621
2586,325,326
2586,428,429
2586,485,486
2586,590,591
2587,125,126
2587,307,308
2587,361,362
2587,368,369
2588,14,15
2588,125,126
2588,307,308
2588,368,369
2589,14,15
2589,115,116
2589,307,308
2589,368,369
2590,14,15
2590,125,126
2590,176,177
2590,368,369
2591,125,126
2591,176,177
2591,293,294
2591,368,369
2592,17,18
2592,63,64
2592,268,269
2592,376,377
2593,17,18
2593,49,50
2593,63,64
2593,376,377
2594,17,18
2594,49,50
2594,116,117
2594,376,377
2595,66,67
2595,194,195
2595,268,269
2595,376,377
2596,63,64
2596,194,195
2596,268,269
2596,376,377
2597,63,64
2597,194,195
2597,216,217
2597,376,377
2598,49,50
2598,64,65
2598,216,217
2598,376,377
2599,49,50
2599,68,69
2599,216,217
2599,376,377
2600,49,50
2600,63,64
2600,68,69
2600,376,377
2601,63,64
2601,68,69
2601,216,217
2601,376,377
2602,1729,1730
2602,1759,1760
2602,1799,1800
2602,1815,1816
2603,1759,1760
2603,1799,1800
2603,1815,1816
2603,1826,1827
2604,1759,1760
2604,1815,1816
2604,1828,1829
2604,1829,1830
2605,1481,1482
2605,1729,1730
2605,1759,1760
2605,1799,1800
2606,1737,1738
2606,1759,1760
2606,1815,1816
2606,1829,1830
2607,1737,1738
2607,1759,1760
2607,1815,1816
2607,1826,1827
2608,1623,1624
2608,1759,1760
2608,1799,1800
2608,1826,1827
2609,1538,1539
2609,1626,1627
2609,1700,1701
2609,1784,1785
2610,1538,1539
2610,1623,1624
2610,1626,1627
2610,1700,1701
2611,1538,1539
2611,1700,1701
2611,1707,1708
2611,1784,1785
2612,1538,1539
2612,1623,1624
2612,1700,1701
2612,1707,1708
2613,1700,1701
2613,1707,1708
2613,1777,1778
2613,1784,1785
2614,1626,1627
2614,1700,1701
2614,1704,1705
2614,1752,1753
2615,1626,1627
2615,1700,1701
2615,1752,1753
2615,1784,1785
2616,1700,1701
2616,1777,1778
2616,1830,1831
2616,1848,1849
2617,1700,1701
2617,1777,1778
2617,1784,1785
2617,1848,1849
2618,1700,1701
2618,1704,1705
2618,1752,1753
2618,1848,1849
2619,1700,1701
2619,1752,1753
2619,1784,1785
2619,1848,1849
2620,1700,1701
2620,1704,1705
2620,1830,1831
2620,1848,1849
2621,1700,1701
2621,1704,1705
2621,1829,1830
2621,1830,1831
2622,1700,1701
2622,1737,1738
2622,1829,1830
2622,1830,1831
2623,1700,1701
2623,1737,1738
2623,1759,1760
2623,1829,1830
2624,1762,1763
2624,1833,1834
2624,1838,1839
2624,1844,1845
2625,1625,1626
2625,1762,1763
2625,1832,1833
2625,1844,1845
2626,1762,1763
2626,1832,1833
2626,1833,1834
2626,1844,1845
2627,1708,1709
2627,1833,1834
2627,1844,1845
2627,1849,1850
2628,1058,1059
2628,1078,1079
2628,1245,1246
2628,1380,1381
2629,1224,1225
2629,1253,1254
2629,1294,1295
2629,1566,1567
2630,1253,1254
2630,1294,1295
2630,1349,1350
2630,1566,1567
2631,1124,1125
2631,1224,1225
2631,1253,1254
2631,1566,1567
2632,1124,1125
2632,1253,1254
2632,1265,1266
2632,1566,1567
2633,1253,1254
2633,1265,1266
2633,1349,1350
2633,1566,1567
2634,1224,1225
2634,1253,1254
2634,1294,1295
2634,1460,1461
2635,1209,1210
2635,1253,1254
2635,1265,1266
2635,1349,1350
2636,1124,1125
2636,1224,1225
2636,1253,1254
2636,1277,1278
2637,1224,1225
2637,1253,1254
2637,1277,1278
2637,1460,1461
2638,1209,1210
2638,1253,1254
2638,1349,1350
2638,1371,1372
2639,1253,1254
2639,1294,1295
2639,1349,1350
2639,1371,1372
2640,1124,1125
2640,1253,1254
2640,1265,1266
2640,1301,1302
2641,1253,1254
2641,1277,1278
2641,1460,1461
2641,1560,1561
2642,1253,1254
2642,1294,1295
2642,1460,1461
2642,1508,1509
2643,1209,1210
2643,1253,1254
2643,1371,1372
2643,1508,1509
2644,1253,1254
2644,1294,1295
2644,1371,1372
2644,1508,1509
2645,1253,1254
2645,1460,1461
2645,1508,1509
2645,1560,1561
2646,1273,1274
2646,1368,1369
2646,1470,1471
2646,1532,1533
2647,1273,1274
2647,1368,1369
2647,1470,1471
2647,1605,1606
2648,1344,1345
2648,1368,1369
2648,1470,1471
2648,1532,1533
2649,1307,1308
2649,1368,1369
2649,1470,1471
2649,1605,1606
2650,1255,1256
2650,1431,1432
2650,1470,1471
2650,1559,1560
2651,1255,1256
2651,1307,1308
2651,1470,1471
2651,1559,1560
2652,1255,1256
2652,1307,1308
2652,1470,1471
2652,1605,1606
2653,71,72
2653,87,88
2653,113,114
2653,137,138
2654,87,88
2654,113,114
2654,137,138
2654,202,203
2655,51,52
2655,87,88
2655,137,138
2655,202,203
2656,30,31
2656,71,72
2656,113,114
2656,137,138
2657,71,72
2657,85,86
2657,87,88
2657,137,138
2658,21,22
2658,51,52
2658,87,88
2658,137,138
2659,4,5
2659,6,7
2659,222,223
2659,276,277
2660,4,5
2660,6,7
2660,51,52
2660,222,223
2661,6,7
2661,123,124
2661,222,223
2661,276,277
2662,6,7
2662,51,52
2662,137,138
2662,222,223
2663,4,5
2663,222,223
2663,224,225
2663,276,277
2664,4,5
2664,51,52
2664,222,223
2664,224,225
2665,36,37
2665,51,52
2665,222,223
2665,224,225
2666,21,22
2666,51,52
2666,137,138
2666,222,223
2667,21,22
2667,36,37
2667,85,86
2667,222,223
2668,21,22
2668,36,37
2668,51,52
2668,222,223
2669,6,7
2669,30,31
2669,123,124
2669,222,223
2670,6,7
2670,30,31
2670,137,138
2670,222,223
2671,71,72
2671,85,86
2671,123,124
2671,222,223
2672,71,72
2672,85,86
2672,137,138
2672,222,223
2673,21,22
2673,85,86
2673,87,88
2673,222,223
2674,85,86
2674,87,88
2674,137,138
2674,222,223
2675,21,22
2675,87,88
2675,137,138
2675,222,223
2676,30,31
2676,71,72
2676,123,124
2676,222,223
2677,30,31
2677,71,72
2677,137,138
2677,222,223
2678,134,135
2678,264,265
2678,311,312
2678,337,338
2679,21,22
2679,36,37
2679,85,86
2679,311,312
2680,134,135
2680,264,265
2680,265,266
2680,311,312
2681,264,265
2681,265,266
2681,311,312
2681,420,421
2682,134,135
2682,265,266
2682,311,312
2682,420,421
2683,42,43
2683,264,265
2683,311,312
2683,337,338
2684,21,22
2684,42,43
2684,85,86
2684,311,312
2685,42,43
2685,85,86
2685,311,312
2685,337,338
2686,36,37
2686,85,86
2686,222,223
2686,311,312
2687,264,265
2687,311,312
2687,420,421
2687,424,425
2688,42,43
2688,264,265
2688,311,312
2688,424,425
2689,8,9
2689,144,145
2689,150,151
2689,194,195
2690,66,67
2690,144,145
2690,162,163
2690,194,195
2691,34,35
2691,95,96
2691,144,145
2691,162,163
2692,124,125
2692,144,145
2692,150,151
2692,194,195
2693,72,73
2693,124,125
2693,131,132
2693,144,145
2694,124,125
2694,131,132
2694,144,145
2694,150,151
2695,67,68
2695,72,73
2695,95,96
2695,144,145
2696,67,68
2696,95,96
2696,144,145
2696,162,163
2697,67,68
2697,72,73
2697,124,125
2697,144,145
2698,67,68
2698,124,125
2698,144,145
2698,194,195
2699,67,68
2699,144,145
2699,162,163
2699,194,195
2700,236,237
2700,311,312
2700,420,421
2700,424,425
2701,21,22
2701,42,43
2701,236,237
2701,311,312
2702,42,43
2702,236,237
2702,311,312
2702,424,425
2703,42,43
2703,148,149
2703,236,237
2703,424,425
2704,21,22
2704,39,40
2704,42,43
2704,236,237
2705,3,4
2705,31,32
2705,173,174
2705,382,383
2706,3,4
2706,31,32
2706,173,174
2706,314,315
2707,148,149
2707,173,174
2707,277,278
2707,418,419
2708,3,4
2708,57,58
2708,173,174
2708,382,383
2709,3,4
2709,57,58
2709,173,174
2709,314,315
2710,57,58
2710,173,174
2710,246,247
2710,314,315
2711,173,174
2711,382,383
2711,414,415
2711,418,419
2712,148,149
2712,173,174
2712,277,278
2712,424,425
2713,57,58
2713,173,174
2713,382,383
2713,414,415
2714,57,58
2714,173,174
2714,246,247
2714,414,415
2715,173,174
2715,246,247
2715,277,278
2715,414,415
2716,173,174
2716,277,278
2716,414,415
2716,418,419
2717,88,89
2717,173,174
2717,246,247
2717,314,315
2718,88,89
2718,173,174
2718,246,247
2718,487,488
2719,173,174
2719,246,247
2719,277,278
2719,487,488
2720,88,89
2720,173,174
2720,277,278
2720,487,488
2721,31,32
2721,34,35
2721,119,120
2721,158,159
2722,21,22
2722,87,88
2722,119,120
2722,202,203
2723,21,22
2723,39,40
2723,87,88
2723,119,120
2724,39,40
2724,87,88
2724,119,120
2724,147,148
2725,119,120
2725,158,159
2725,165,166
2725,202,203
2726,31,32
2726,119,120
2726,158,159
2726,165,166
2727,39,40
2727,119,120
2727,128,129
2727,147,148
2728,87,88
2728,119,120
2728,147,148
2728,169,170
2729,87,88
2729,119,120
2729,169,170
2729,202,203
2730,119,120
2730,147,148
2730,165,166
2730,169,170
2731,119,120
2731,165,166
2731,169,170
2731,202,203
2732,119,120
2732,132,133
2732,147,148
2732,165,166
2733,31,32
2733,119,120
2733,132,133
2733,165,166
2734,119,120
2734,128,129
2734,132,133
2734,147,148
2735,109,110
2735,123,124
2735,157,158
2735,323,324
2736,123,124
2736,157,158
2736,276,277
2736,323,324
2737,80,81
2737,109,110
2737,123,124
2737,157,158
2738,80,81
2738,123,124
2738,157,158
2738,337,338
2739,80,81
2739,109,110
2739,121,122
2739,157,158
2740,109,110
2740,121,122
2740,157,158
2740,380,381
2741,109,110
2741,157,158
2741,323,324
2741,380,381
2742,29,30
2742,157,158
2742,192,193
2742,323,324
2743,29,30
2743,157,158
2743,192,193
2743,240,241
2744,29,30
2744,134,135
2744,157,158
2744,240,241
2745,134,135
2745,157,158
2745,240,241
2745,337,338
2746,157,158
2746,228,229
2746,240,241
2746,337,338
2747,80,81
2747,121,122
2747,157,158
2747,228,229
2748,80,81
2748,157,158
2748,228,229
2748,337,338
2749,121,122
2749,157,158
2749,192,193
2749,380,381
2750,157,158
2750,192,193
2750,323,324
2750,380,381
2751,121,122
2751,157,158
2751,192,193
2751,333,334
2752,157,158
2752,192,193
2752,240,241
2752,333,334
2753,121,122
2753,157,158
2753,228,229
2753,333,334
2754,157,158
2754,228,229
2754,240,241
2754,333,334
2755,102,103
2755,136,137
2755,140,141
2755,189,190
2756,33,34
2756,136,137
2756,140,141
2756,189,190
2757,33,34
2757,140,141
2757,150,151
2757,189,190
2758,33,34
2758,59,60
2758,150,151
2758,189,190
2759,59,60
2759,150,151
2759,189,190
2759,224,225
2760,102,103
2760,120,121
2760,140,141
2760,189,190
2761,120,121
2761,150,151
2761,189,190
2761,224,225
2762,120,121
2762,140,141
2762,150,151
2762,189,190
2763,4,5
2763,51,52
2763,120,121
2763,224,225
2764,120,121
2764,131,132
2764,140,141
2764,150,151
2765,36,37
2765,51,52
2765,120,121
2765,224,225
2766,36,37
2766,51,52
2766,120,121
2766,131,132
2767,36,37
2767,120,121
2767,150,151
2767,224,225
2768,36,37
2768,120,121
2768,131,132
2768,150,151
2769,0,1
2769,75,76
2769,98,99
2769,102,103
2770,0,1
2770,19,20
2770,98,99
2770,111,112
2771,0,1
2771,111,112
2771,117,118
2771,166,167
2772,0,1
2772,19,20
2772,111,112
2772,117,118
2773,0,1
2773,19,20
2773,37,38
2773,98,99
2774,0,1
2774,37,38
2774,75,76
2774,356,357
2775,0,1
2775,37,38
2775,75,76
2775,98,99
2776,0,1
2776,37,38
2776,117,118
2776,356,357
2777,225,226
2777,362,363
2777,415,416
2777,450,451
2778,225,226
2778,362,363
2778,404,405
2778,415,416
2779,225,226
2779,404,405
2779,415,416
2779,560,561
2780,225,226
2780,271,272
2780,362,363
2780,404,405
2781,225,226
2781,234,235
2781,271,272
2781,404,405
2782,225,226
2782,234,235
2782,404,405
2782,560,561
2783,225,226
2783,362,363
2783,401,402
2783,480,481
2784,225,226
2784,362,363
2784,450,451
2784,480,481
2785,225,226
2785,401,402
2785,480,481
2785,492,493
2786,16,17
2786,112,113
2786,168,169
2786,198,199
2787,46,47
2787,112,113
2787,168,169
2787,198,199
2788,16,17
2788,112,113
2788,126,127
2788,198,199
2789,60,61
2789,112,113
2789,126,127
2789,198,199
2790,46,47
2790,60,61
2790,112,113
2790,198,199
2791,10,11
2791,110,111
2791,112,113
2791,353,354
2792,27,28
2792,46,47
2792,60,61
2792,112,113
2793,46,47
2793,136,137
2793,185,186
2793,211,212
2794,33,34
2794,63,64
2794,156,157
2794,211,212
2795,1,2
2795,33,34
2795,136,137
2795,211,212
2796,1,2
2796,136,137
2796,185,186
2796,211,212
2797,1,2
2797,33,34
2797,63,64
2797,211,212
2798,1,2
2798,63,64
2798,185,186
2798,211,212
2799,1155,1156
2799,1157,1158
2799,1266,1267
2799,1372,1373
2800,1097,1098
2800,1157,1158
2800,1266,1267
2800,1372,1373
2801,1097,1098
2801,1157,1158
2801,1173,1174
2801,1266,1267
2802,1268,1269
2802,1338,1339
2802,1370,1371
2802,1459,1460
2803,1268,1269
2803,1337,1338
2803,1443,1444
2803,1459,1460
2804,1337,1338
2804,1393,1394
2804,1512,1513
2804,1546,1547
2805,1337,1338
2805,1393,1394
2805,1546,1547
2805,1615,1616
2806,1275,1276
2806,1337,1338
2806,1393,1394
2806,1443,1444
2807,1275,1276
2807,1337,1338
2807,1393,1394
2807,1615,1616
2808,706,707
2808,888,889
2808,915,916
2808,1141,1142
2809,706,707
2809,915,916
2809,949,950
2809,1141,1142
2810,888,889
2810,915,916
2810,1006,1007
2810,1141,1142
2811,1290,1291
2811,1299,1300
2811,1449,1450
2811,1455,1456
2812,1299,1300
2812,1356,1357
2812,1449,1450
2812,1455,1456
2813,1299,1300
2813,1356,1357
2813,1366,1367
2813,1455,1456
2814,1319,1320
2814,1356,1357
2814,1366,1367
2814,1455,1456
2815,1107,1108
2815,1186,1187
2815,1332,1333
2815,1455,1456
2816,1186,1187
2816,1290,1291
2816,1332,1333
2816,1455,1456
2817,1290,1291
2817,1299,1300
2817,1332,1333
2817,1455,1456
2818,1299,1300
2818,1332,1333
2818,1366,1367
2818,1455,1456
2819,1107,1108
2819,1332,1333
2819,1366,1367
2819,1455,1456
2820,1107,1108
2820,1319,1320
2820,1366,1367
2820,1455,1456
2821,571,572
2821,655,656
2821,807,808
2821,840,841
2822,446,447
2822,571,572
2822,576,577
2822,840,841
2823,446,447
2823,571,572
2823,705,706
2823,840,841
2824,446,447
2824,571,572
2824,599,600
2824,705,706
2825,571,572
2825,638,639
2825,736,737
2825,807,808
2826,571,572
2826,638,639
2826,655,656
2826,736,737
2827,571,572
2827,655,656
2827,736,737
2827,807,808
2828,571,572
2828,655,656
2828,705,706
2828,840,841
2829,550,551
2829,571,572
2829,599,600
2829,705,706
2830,550,551
2830,571,572
2830,638,639
2830,655,656
2831,550,551
2831,571,572
2831,655,656
2831,705,706
2832,1285,1286
2832,1518,1519
2832,1558,1559
2832,1614,1615
2833,1285,1286
2833,1512,1513
2833,1558,1559
2833,1614,1615
2834,1413,1414
2834,1512,1513
2834,1558,1559
2834,1614,1615
2835,1512,1513
2835,1540,1541
2835,1543,1544
2835,1574,1575
2836,1393,1394
2836,1512,1513
2836,1540,1541
2836,1543,1544
2837,1512,1513
2837,1540,1541
2837,1558,1559
2837,1574,1575
2838,1285,1286
2838,1512,1513
2838,1540,1541
2838,1558,1559
2839,1337,1338
2839,1393,1394
2839,1512,1513
2839,1540,1541
2840,1218,1219
2840,1285,1286
2840,1540,1541
2840,1558,1559
2841,1393,1394
2841,1429,1430
2841,1540,1541
2841,1543,1544
2842,1429,1430
2842,1540,1541
2842,1543,1544
2842,1571,1572
2843,1212,1213
2843,1330,1331
2843,1444,1445
2843,1611,1612
2844,1212,1213
2844,1421,1422
2844,1444,1445
2844,1611,1612
2845,1212,1213
2845,1258,1259
2845,1370,1371
2845,1374,1375
2846,1212,1213
2846,1289,1290
2846,1330,1331
2846,1444,1445
2847,1212,1213
2847,1248,1249
2847,1289,1290
2847,1330,1331
2848,1212,1213
2848,1248,1249
2848,1258,1259
2848,1289,1290
2849,1212,1213
2849,1248,1249
2849,1258,1259
2849,1374,1375
2850,1394,1395
2850,1548,1549
2850,1610,1611
2850,1617,1618
2851,1548,1549
2851,1610,1611
2851,1617,1618
2851,1742,1743
2852,1394,1395
2852,1548,1549
2852,1610,1611
2852,1669,1670
2853,1548,1549
2853,1610,1611
2853,1669,1670
2853,1742,1743
2854,1218,1219
2854,1272,1273
2854,1548,1549
2854,1617,1618
2855,1272,1273
2855,1394,1395
2855,1548,1549
2855,1617,1618
2856,1218,1219
2856,1548,1549
2856,1558,1559
2856,1742,1743
2857,1218,1219
2857,1548,1549
2857,1558,1559
2857,1617,1618
2858,1548,1549
2858,1558,1559
2858,1617,1618
2858,1742,1743
2859,1272,1273
2859,1394,1395
2859,1548,1549
2859,1723,1724
2860,1226,1227
2860,1319,1320
2860,1356,1357
2860,1366,1367
2861,1226,1227
2861,1356,1357
2861,1366,1367
2861,1421,1422
2862,1173,1174
2862,1226,1227
2862,1268,1269
2862,1338,1339
2863,1226,1227
2863,1268,1269
2863,1338,1339
2863,1370,1371
2864,1173,1174
2864,1221,1222
2864,1226,1227
2864,1319,1320
2865,1221,1222
2865,1226,1227
2865,1319,1320
2865,1366,1367
2866,1218,1219
2866,1285,1286
2866,1421,1422
2866,1612,1613
2867,1218,1219
2867,1421,1422
2867,1611,1612
2867,1612,1613
2868,1212,1213
2868,1421,1422
2868,1611,1612
2868,1612,1613
2869,1218,1219
2869,1285,1286
2869,1540,1541
2869,1612,1613
2870,1218,1219
2870,1540,1541
2870,1571,1572
2870,1612,1613
2871,1278,1279
2871,1330,1331
2871,1611,1612
2871,1612,1613
2872,1212,1213
2872,1330,1331
2872,1611,1612
2872,1612,1613
2873,1278,1279
2873,1429,1430
2873,1571,1572
2873,1612,1613
2874,1429,1430
2874,1540,1541
2874,1571,1572
2874,1612,1613
2875,1347,1348
2875,1438,1439
2875,1590,1591
2875,1803,1804
2876,1213,1214
2876,1278,1279
2876,1575,1576
2876,1590,1591
2877,1213,1214
2877,1347,1348
2877,1511,1512
2877,1590,1591
2878,1213,1214
2878,1392,1393
2878,1511,1512
2878,1590,1591
2879,1213,1214
2879,1278,1279
2879,1392,1393
2879,1590,1591
2880,1456,1457
2880,1513,1514
2880,1745,1746
2880,1746,1747
2881,1422,1423
2881,1650,1651
2881,1745,1746
2881,1746,1747
2882,1513,1514
2882,1650,1651
2882,1745,1746
2882,1746,1747
2883,1422,1423
2883,1505,1506
2883,1746,1747
2883,1769,1770
2884,1505,1506
2884,1650,1651
2884,1746,1747
2884,1769,1770
2885,1422,1423
2885,1650,1651
2885,1746,1747
2885,1769,1770
2886,1456,1457
2886,1513,1514
2886,1715,1716
2886,1746,1747
2887,1505,1506
2887,1630,1631
2887,1701,1702
2887,1746,1747
2888,1422,1423
2888,1630,1631
2888,1701,1702
2888,1746,1747
2889,1422,1423
2889,1505,1506
2889,1620,1621
2889,1746,1747
2890,1505,1506
2890,1620,1621
2890,1701,1702
2890,1746,1747
2891,1422,1423
2891,1620,1621
2891,1701,1702
2891,1746,1747
2892,1405,1406
2892,1450,1451
2892,1774,1775
2892,1792,1793
2893,1450,1451
2893,1636,1637
2893,1761,1762
2893,1792,1793
2894,1547,1548
2894,1636,1637
2894,1761,1762
2894,1792,1793
2895,1405,1406
2895,1609,1610
2895,1774,1775
2895,1792,1793
2896,1484,1485
2896,1609,1610
2896,1774,1775
2896,1792,1793
2897,1405,1406
2897,1484,1485
2897,1609,1610
2897,1792,1793
2898,1405,1406
2898,1484,1485
2898,1554,1555
2898,1792,1793
2899,1262,1263
2899,1461,1462
2899,1529,1530
2899,1582,1583
2900,1347,1348
2900,1469,1470
2900,1582,1583
2900,1803,1804
2901,1347,1348
2901,1511,1512
2901,1582,1583
2901,1590,1591
2902,1347,1348
2902,1582,1583
2902,1590,1591
2902,1803,1804
2903,1262,1263
2903,1461,1462
2903,1511,1512
2903,1582,1583
2904,1392,1393
2904,1461,1462
2904,1511,1512
2904,1582,1583
2905,1392,1393
2905,1511,1512
2905,1582,1583
2905,1590,1591
2906,1392,1393
2906,1461,1462
2906,1582,1583
2906,1590,1591
2907,407,408
2907,532,533
2907,545,546
2907,585,586
2908,288,289
2908,386,387
2908,500,501
2908,546,547
2909,357,358
2909,500,501
2909,505,506
2909,519,520
2910,288,289
2910,500,501
2910,505,506
2910,519,520
2911,288,289
2911,500,501
2911,519,520
2911,546,547
2912,287,288
2912,500,501
2912,519,520
2912,546,547
2913,340,341
2913,386,387
2913,500,501
2913,546,547
2914,287,288
2914,340,341
2914,500,501
2914,546,547
2915,178,179
2915,357,358
2915,500,501
2915,519,520
2916,178,179
2916,287,288
2916,500,501
2916,519,520
2917,233,234
2917,288,289
2917,334,335
2917,505,506
2918,233,234
2918,288,289
2918,386,387
2918,500,501
2919,233,234
2919,288,289
2919,500,501
2919,505,506
2920,233,234
2920,288,289
2920,334,335
2920,559,560
2921,233,234
2921,310,311
2921,334,335
2921,559,560
2922,233,234
2922,310,311
2922,559,560
2922,585,586
2923,233,234
2923,545,546
2923,559,560
2923,585,586
2924,233,234
2924,288,289
2924,462,463
2924,559,560
2925,233,234
2925,462,463
2925,545,546
2925,559,560
2926,50,51
2926,285,286
2926,416,417
2926,588,589
2927,50,51
2927,187,188
2927,285,286
2927,312,313
2928,187,188
2928,285,286
2928,312,313
2928,409,410
2929,285,286
2929,312,313
2929,378,379
2929,409,410
2930,50,51
2930,187,188
2930,285,286
2930,330,331
2931,50,51
2931,285,286
2931,330,331
2931,416,417
2932,187,188
2932,285,286
2932,330,331
2932,409,410
2933,469,470
2933,495,496
2933,536,537
2933,588,589
2934,284,285
2934,469,470
2934,495,496
2934,588,589
2935,281,282
2935,477,478
2935,495,496
2935,590,591
2936,284,285
2936,461,462
2936,469,470
2936,495,496
2937,229,230
2937,284,285
2937,461,462
2937,495,496
2938,229,230
2938,284,285
2938,477,478
2938,495,496
2939,461,462
2939,495,496
2939,552,553
2939,719,720
2940,495,496
2940,552,553
2940,578,579
2940,719,720
2941,461,462
2941,469,470
2941,495,496
2941,552,553
2942,469,470
2942,495,496
2942,536,537
2942,552,553
2943,495,496
2943,536,537
2943,552,553
2943,578,579
2944,229,230
2944,477,478
2944,495,496
2944,590,591
2945,229,230
2945,461,462
2945,495,496
2945,719,720
2946,229,230
2946,495,496
2946,590,591
2946,719,720
2947,284,285
2947,366,367
2947,378,379
2947,588,589
2948,285,286
2948,366,367
2948,378,379
2948,588,589
2949,285,286
2949,312,313
2949,366,367
2949,378,379
2950,284,285
2950,366,367
2950,378,379
2950,577,578
2951,284,285
2951,293,294
2951,366,367
2951,577,578
2952,50,51
2952,285,286
2952,366,367
2952,588,589
2953,50,51
2953,312,313
2953,361,362
2953,366,367
2954,50,51
2954,285,286
2954,312,313
2954,366,367
2955,284,285
2955,366,367
2955,477,478
2955,495,496
2956,284,285
2956,293,294
2956,366,367
2956,477,478
2957,125,126
2957,312,313
2957,361,362
2957,366,367
2958,125,126
2958,293,294
2958,312,313
2958,366,367
2959,366,367
2959,378,379
2959,423,424
2959,577,578
2960,312,313
2960,366,367
2960,378,379
2960,423,424
2961,293,294
2961,366,367
2961,423,424
2961,577,578
2962,293,294
2962,312,313
2962,366,367
2962,423,424
2963,493,494
2963,526,527
2963,568,569
2963,576,577
2964,493,494
2964,568,569
2964,576,577
2964,840,841
2965,459,460
2965,493,494
2965,576,577
2965,654,655
2966,459,460
2966,493,494
2966,526,527
2966,576,577
2967,446,447
2967,493,494
2967,576,577
2967,654,655
2968,446,447
2968,493,494
2968,576,577
2968,840,841
2969,446,447
2969,493,494
2969,632,633
2969,654,655
2970,432,433
2970,493,494
2970,632,633
2970,654,655
2971,432,433
2971,444,445
2971,493,494
2971,632,633
2972,446,447
2972,493,494
2972,705,706
2972,840,841
2973,446,447
2973,493,494
2973,632,633
2973,705,706
2974,444,445
2974,493,494
2974,632,633
2974,705,706
2975,257,258
2975,370,371
2975,526,527
2975,547,548
2976,257,258
2976,370,371
2976,462,463
2976,547,548
2977,257,258
2977,462,463
2977,547,548
2977,707,708
2978,398,399
2978,462,463
2978,547,548
2978,707,708
2979,230,231
2979,347,348
2979,370,371
2979,547,548
2980,347,348
2980,370,371
2980,462,463
2980,547,548
2981,347,348
2981,398,399
2981,462,463
2981,547,548
2982,398,399
2982,481,482
2982,547,548
2982,707,708
2983,657,658
2983,729,730
2983,741,742
2983,880,881
2984,711,712
2984,715,716
2984,798,799
2984,815,816
2985,643,644
2985,715,716
2985,798,799
2985,815,816
2986,657,658
2986,658,659
2986,711,712
2986,815,816
2987,1286,1287
2987,1297,1298
2987,1365,1366
2987,1584,1585
2988,1229,1230
2988,1303,1304
2988,1365,1366
2988,1488,1489
2989,1229,1230
2989,1303,1304
2989,1365,1366
2989,1584,1585
2990,1229,1230
2990,1365,1366
2990,1499,1500
2990,1501,1502
2991,1229,1230
2991,1365,1366
2991,1488,1489
2991,1499,1500
2992,1365,1366
2992,1499,1500
2992,1501,1502
2992,1601,1602
2993,1365,1366
2993,1501,1502
2993,1544,1545
2993,1601,1602
2994,1365,1366
2994,1488,1489
2994,1499,1500
2994,1601,1602
2995,1365,1366
2995,1488,1489
2995,1544,1545
2995,1601,1602
2996,1263,1264
2996,1365,1366
2996,1501,1502
2996,1544,1545
2997,1263,1264
2997,1286,1287
2997,1365,1366
2997,1544,1545
2998,1263,1264
2998,1286,1287
2998,1365,1366
2998,1501,1502
2999,398,399
2999,481,482
2999,504,505
2999,707,708
3000,481,482
3000,504,505
3000,707,708
3000,767,768
3001,398,399
3001,481,482
3001,504,505
3001,597,598
3002,398,399
3002,504,505
3002,545,546
3002,707,708
3003,398,399
3003,407,408
3003,504,505
3003,545,546
3004,398,399
3004,407,408
3004,504,505
3004,597,598
3005,407,408
3005,504,505
3005,565,566
3005,597,598
3006,407,408
3006,504,505
3006,565,566
3006,758,759
3007,504,505
3007,565,566
3007,597,598
3007,758,759
3008,407,408
3008,504,505
3008,532,533
3008,545,546
3009,504,505
3009,532,533
3009,758,759
3009,820,821
3010,516,517
3010,657,658
3010,661,662
3010,814,815
3011,516,517
3011,661,662
3011,711,712
3011,764,765
3012,516,517
3012,658,659
3012,661,662
3012,711,712
3013,516,517
3013,657,658
3013,658,659
3013,661,662
3014,657,658
3014,658,659
3014,661,662
3014,711,712
3015,516,517
3015,614,615
3015,661,662
3015,764,765
3016,614,615
3016,661,662
3016,764,765
3016,805,806
3017,516,517
3017,614,615
3017,661,662
3017,814,815
3018,614,615
3018,661,662
3018,805,806
3018,814,815
3019,661,662
3019,741,742
3019,805,806
3019,814,815
3020,657,658
3020,661,662
3020,741,742
3020,814,815
3021,110,111
3021,205,206
3021,238,239
3021,353,354
3022,103,104
3022,205,206
3022,238,239
3022,353,354
3023,110,111
3023,238,239
3023,335,336
3023,363,364
3024,110,111
3024,205,206
3024,238,239
3024,384,385
3025,103,104
3025,205,206
3025,238,239
3025,384,385
3026,56,57
3026,110,111
3026,238,239
3026,384,385
3027,56,57
3027,238,239
3027,363,364
3027,384,385
3028,56,57
3028,110,111
3028,238,239
3028,363,364
3029,17,18
3029,55,56
3029,107,108
3029,176,177
3030,55,56
3030,103,104
3030,238,239
3030,353,354
3031,55,56
3031,156,157
3031,278,279
3031,353,354
3032,55,56
3032,103,104
3032,278,279
3032,353,354
3033,15,16
3033,110,111
3033,238,239
3033,335,336
3034,15,16
3034,35,36
3034,159,160
3034,335,336
3035,15,16
3035,81,82
3035,159,160
3035,220,221
3036,15,16
3036,35,36
3036,159,160
3036,426,427
3037,15,16
3037,35,36
3037,220,221
3037,426,427
3038,15,16
3038,159,160
3038,212,213
3038,426,427
3039,15,16
3039,159,160
3039,212,213
3039,220,221
3040,15,16
3040,212,213
3040,220,221
3040,426,427
3041,167,168
3041,175,176
3041,180,181
3041,220,221
3042,164,165
3042,175,176
3042,180,181
3042,220,221
3043,15,16
3043,107,108
3043,175,176
3043,220,221
3044,27,28
3044,164,165
3044,175,176
3044,180,181
3045,79,80
3045,133,134
3045,175,176
3045,180,181
3046,27,28
3046,133,134
3046,175,176
3046,180,181
3047,27,28
3047,60,61
3047,164,165
3047,175,176
3048,250,251
3048,375,376
3048,400,401
3048,423,424
3049,250,251
3049,375,376
3049,423,424
3049,607,608
3050,250,251
3050,291,292
3050,375,376
3050,607,608
3051,375,376
3051,400,401
3051,423,424
3051,577,578
3052,316,317
3052,375,376
3052,400,401
3052,403,404
3053,291,292
3053,316,317
3053,375,376
3053,403,404
3054,375,376
3054,423,424
3054,577,578
3054,607,608
3055,298,299
3055,375,376
3055,562,563
3055,577,578
3056,375,376
3056,400,401
3056,562,563
3056,577,578
3057,291,292
3057,375,376
3057,430,431
3057,607,608
3058,316,317
3058,375,376
3058,400,401
3058,562,563
3059,298,299
3059,375,376
3059,557,558
3059,577,578
3060,375,376
3060,557,558
3060,577,578
3060,607,608
3061,298,299
3061,375,376
3061,557,558
3061,607,608
3062,2,3
3062,44,45
3062,250,251
3062,317,318
3063,44,45
3063,66,67
3063,206,207
3063,317,318
3064,2,3
3064,44,45
3064,66,67
3064,206,207
3065,2,3
3065,44,45
3065,206,207
3065,317,318
3066,44,45
3066,66,67
3066,268,269
3066,317,318
3067,2,3
3067,44,45
3067,66,67
3067,425,426
3068,44,45
3068,268,269
3068,317,318
3068,403,404
3069,44,45
3069,250,251
3069,317,318
3069,403,404
3070,2,3
3070,44,45
3070,358,359
3070,425,426
3071,44,45
3071,66,67
3071,268,269
3071,376,377
3072,44,45
3072,66,67
3072,376,377
3072,425,426
3073,44,45
3073,116,117
3073,376,377
3073,425,426
3074,44,45
3074,116,117
3074,358,359
3074,413,414
3075,44,45
3075,116,117
3075,358,359
3075,425,426
3076,17,18
3076,44,45
3076,268,269
3076,376,377
3077,17,18
3077,44,45
3077,116,117
3077,376,377
3078,17,18
3078,44,45
3078,116,117
3078,413,414
3079,245,246
3079,262,263
3079,390,391
3079,484,485
3080,262,263
3080,347,348
3080,390,391
3080,484,485
3081,245,246
3081,262,263
3081,355,356
3081,484,485
3082,230,231
3082,262,263
3082,355,356
3082,484,485
3083,230,231
3083,262,263
3083,347,348
3083,484,485
3084,230,231
3084,262,263
3084,347,348
3084,430,431
3085,262,263
3085,347,348
3085,390,391
3085,607,608
3086,262,263
3086,347,348
3086,430,431
3086,607,608
3087,245,246
3087,250,251
3087,262,263
3087,390,391
3088,245,246
3088,250,251
3088,262,263
3088,291,292
3089,262,263
3089,291,292
3089,430,431
3089,607,608
3090,230,231
3090,262,263
3090,331,332
3090,355,356
3091,230,231
3091,262,263
3091,331,332
3091,430,431
3092,250,251
3092,262,263
3092,390,391
3092,607,608
3093,250,251
3093,262,263
3093,291,292
3093,607,608
3094,245,246
3094,262,263
3094,355,356
3094,393,394
3095,245,246
3095,262,263
3095,291,292
3095,393,394
3096,262,263
3096,331,332
3096,355,356
3096,393,394
3097,262,263
3097,331,332
3097,393,394
3097,430,431
3098,262,263
3098,291,292
3098,374,375
3098,393,394
3099,262,263
3099,291,292
3099,374,375
3099,430,431
3100,262,263
3100,374,375
3100,393,394
3100,430,431
3101,344,345
3101,378,379
3101,460,461
3101,620,621
3102,344,345
3102,407,408
3102,460,461
3102,597,598
3103,344,345
3103,407,408
3103,597,598
3103,620,621
3104,344,345
3104,460,461
3104,597,598
3104,620,621
3105,344,345
3105,407,408
3105,460,461
3105,565,566
3106,344,345
3106,378,379
3106,460,461
3106,588,589
3107,344,345
3107,378,379
3107,409,410
3107,620,621
3108,344,345
3108,407,408
3108,565,566
3108,604,605
3109,344,345
3109,460,461
3109,565,566
3109,566,567
3110,344,345
3110,460,461
3110,566,567
3110,588,589
3111,344,345
3111,416,417
3111,566,567
3111,588,589
3112,285,286
3112,344,345
3112,416,417
3112,588,589
3113,285,286
3113,344,345
3113,378,379
3113,588,589
3114,344,345
3114,407,408
3114,559,560
3114,620,621
3115,344,345
3115,409,410
3115,559,560
3115,620,621
3116,285,286
3116,344,345
3116,378,379
3116,409,410
3117,344,345
3117,565,566
3117,566,567
3117,604,605
3118,344,345
3118,416,417
3118,566,567
3118,604,605
3119,310,311
3119,344,345
3119,407,408
3119,604,605
3120,310,311
3120,344,345
3120,416,417
3120,604,605
3121,310,311
3121,344,345
3121,407,408
3121,559,560
3122,310,311
3122,344,345
3122,409,410
3122,559,560
3123,310,311
3123,330,331
3123,344,345
3123,409,410
3124,310,311
3124,330,331
3124,344,345
3124,416,417
3125,285,286
3125,330,331
3125,344,345
3125,409,410
3126,285,286
3126,330,331
3126,344,345
3126,416,417
3127,2,3
3127,270,271
3127,350,351
3127,358,359
3128,2,3
3128,250,251
3128,350,351
3128,390,391
3129,2,3
3129,44,45
3129,250,251
3129,350,351
3130,2,3
3130,44,45
3130,350,351
3130,358,359
3131,2,3
3131,270,271
3131,350,351
3131,583,584
3132,2,3
3132,350,351
3132,390,391
3132,583,584
3133,44,45
3133,250,251
3133,350,351
3133,413,414
3134,44,45
3134,350,351
3134,358,359
3134,413,414
3135,270,271
3135,350,351
3135,409,410
3135,583,584
3136,350,351
3136,390,391
3136,409,410
3136,583,584
3137,187,188
3137,270,271
3137,350,351
3137,409,410
3138,187,188
3138,270,271
3138,350,351
3138,358,359
3139,250,251
3139,350,351
3139,390,391
3139,423,424
3140,250,251
3140,350,351
3140,413,414
3140,423,424
3141,187,188
3141,312,313
3141,350,351
3141,409,410
3142,187,188
3142,312,313
3142,350,351
3142,358,359
3143,312,313
3143,350,351
3143,413,414
3143,423,424
3144,312,313
3144,350,351
3144,358,359
3144,413,414
3145,312,313
3145,350,351
3145,378,379
3145,423,424
3146,312,313
3146,350,351
3146,378,379
3146,409,410
3147,350,351
3147,390,391
3147,423,424
3147,620,621
3148,350,351
3148,378,379
3148,423,424
3148,620,621
3149,350,351
3149,390,391
3149,409,410
3149,620,621
3150,350,351
3150,378,379
3150,409,410
3150,620,621
3151,40,41
3151,129,130
3151,190,191
3151,319,320
3152,129,130
3152,151,152
3152,190,191
3152,396,397
3153,40,41
3153,129,130
3153,190,191
3153,396,397
3154,190,191
3154,319,320
3154,358,359
3154,425,426
3155,40,41
3155,190,191
3155,270,271
3155,319,320
3156,190,191
3156,270,271
3156,319,320
3156,358,359
3157,151,152
3157,190,191
3157,320,321
3157,396,397
3158,40,41
3158,190,191
3158,383,384
3158,396,397
3159,116,117
3159,190,191
3159,358,359
3159,425,426
3160,40,41
3160,187,188
3160,190,191
3160,270,271
3161,187,188
3161,190,191
3161,270,271
3161,358,359
3162,116,117
3162,190,191
3162,320,321
3162,358,359
3163,190,191
3163,320,321
3163,383,384
3163,396,397
3164,190,191
3164,320,321
3164,358,359
3164,383,384
3165,40,41
3165,187,188
3165,190,191
3165,383,384
3166,187,188
3166,190,191
3166,358,359
3166,383,384
3167,38,39
3167,190,191
3167,319,320
3167,425,426
3168,38,39
3168,129,130
3168,190,191
3168,319,320
3169,32,33
3169,38,39
3169,58,59
3169,129,130
3170,32,33
3170,38,39
3170,91,92
3170,129,130
3171,38,39
3171,91,92
3171,129,130
3171,319,320
3172,38,39
3172,129,130
3172,151,152
3172,190,191
3173,38,39
3173,58,59
3173,129,130
3173,223,224
3174,38,39
3174,58,59
3174,89,90
3174,223,224
3175,38,39
3175,129,130
3175,151,152
3175,223,224
3176,38,39
3176,89,90
3176,151,152
3176,223,224
3177,481,482
3177,597,598
3177,628,629
3177,710,711
3178,557,558
3178,597,598
3178,628,629
3178,710,711
3179,398,399
3179,481,482
3179,597,598
3179,710,711
3180,398,399
3180,481,482
3180,547,548
3180,710,711
3181,347,348
3181,398,399
3181,547,548
3181,710,711
3182,398,399
3182,597,598
3182,620,621
3182,710,711
3183,347,348
3183,398,399
3183,620,621
3183,710,711
3184,557,558
3184,607,608
3184,620,621
3184,710,711
3185,557,558
3185,597,598
3185,620,621
3185,710,711
3186,347,348
3186,607,608
3186,620,621
3186,710,711
3187,347,348
3187,430,431
3187,607,608
3187,710,711
3188,230,231
3188,347,348
3188,651,652
3188,710,711
3189,230,231
3189,430,431
3189,651,652
3189,710,711
3190,230,231
3190,347,348
3190,430,431
3190,710,711
3191,481,482
3191,609,610
3191,651,652
3191,710,711
3192,481,482
3192,609,610
3192,628,629
3192,710,711
3193,1299,1300
3193,1334,1335
3193,1442,1443
3193,1446,1447
3194,1299,1300
3194,1334,1335
3194,1394,1395
3194,1442,1443
3195,1299,1300
3195,1320,1321
3195,1442,1443
3195,1522,1523
3196,1299,1300
3196,1320,1321
3196,1442,1443
3196,1446,1447
3197,1272,1273
3197,1299,1300
3197,1442,1443
3197,1522,1523
3198,1272,1273
3198,1299,1300
3198,1394,1395
3198,1442,1443
3199,1320,1321
3199,1322,1323
3199,1442,1443
3199,1522,1523
3200,1320,1321
3200,1322,1323
3200,1442,1443
3200,1446,1447
3201,1293,1294
3201,1334,1335
3201,1394,1395
3201,1442,1443
3202,1293,1294
3202,1334,1335
3202,1442,1443
3202,1446,1447
3203,1272,1273
3203,1394,1395
3203,1442,1443
3203,1555,1556
3204,1293,1294
3204,1394,1395
3204,1442,1443
3204,1555,1556
3205,1293,1294
3205,1442,1443
3205,1487,1488
3205,1555,1556
3206,1293,1294
3206,1442,1443
3206,1487,1488
3206,1564,1565
3207,1293,1294
3207,1442,1443
3207,1446,1447
3207,1564,1565
3208,1633,1634
3208,1688,1689
3208,1711,1712
3208,1713,1714
3209,1063,1064
3209,1135,1136
3209,1238,1239
3209,1320,1321
3210,1044,1045
3210,1063,1064
3210,1135,1136
3210,1238,1239
3211,1058,1059
3211,1069,1070
3211,1135,1136
3211,1223,1224
3212,1044,1045
3212,1063,1064
3212,1135,1136
3212,1302,1303
3213,1044,1045
3213,1135,1136
3213,1223,1224
3213,1387,1388
3214,1069,1070
3214,1135,1136
3214,1223,1224
3214,1387,1388
3215,1063,1064
3215,1135,1136
3215,1320,1321
3215,1332,1333
3216,1044,1045
3216,1135,1136
3216,1302,1303
3216,1387,1388
3217,1069,1070
3217,1135,1136
3217,1302,1303
3217,1387,1388
3218,1063,1064
3218,1135,1136
3218,1186,1187
3218,1332,1333
3219,1063,1064
3219,1135,1136
3219,1186,1187
3219,1302,1303
3220,645,646
3220,730,731
3220,760,761
3220,891,892
3221,645,646
3221,730,731
3221,751,752
3221,760,761
3222,645,646
3222,730,731
3222,871,872
3222,891,892
3223,795,796
3223,855,856
3223,868,869
3223,1001,1002
3224,760,761
3224,795,796
3224,855,856
3224,1001,1002
3225,624,625
3225,760,761
3225,795,796
3225,855,856
3226,818,819
3226,877,878
3226,932,933
3226,1001,1002
3227,818,819
3227,868,869
3227,932,933
3227,1001,1002
3228,818,819
3228,852,853
3228,877,878
3228,932,933
3229,816,817
3229,818,819
3229,852,853
3229,932,933
3230,816,817
3230,818,819
3230,868,869
3230,932,933
3231,852,853
3231,877,878
3231,932,933
3231,1056,1057
3232,852,853
3232,932,933
3232,982,983
3232,1056,1057
3233,877,878
3233,932,933
3233,1001,1002
3233,1056,1057
3234,932,933
3234,982,983
3234,1001,1002
3234,1056,1057
3235,795,796
3235,868,869
3235,932,933
3235,1001,1002
3236,1306,1307
3236,1349,1350
3236,1371,1372
3236,1378,1379
3237,1091,1092
3237,1306,1307
3237,1349,1350
3237,1447,1448
3238,1058,1059
3238,1078,1079
3238,1306,1307
3238,1380,1381
3239,1306,1307
3239,1349,1350
3239,1378,1379
3239,1447,1448
3240,1091,1092
3240,1306,1307
3240,1380,1381
3240,1447,1448
3241,1078,1079
3241,1091,1092
3241,1306,1307
3241,1380,1381
3242,1058,1059
3242,1306,1307
3242,1308,1309
3242,1380,1381
3243,1279,1280
3243,1306,1307
3243,1380,1381
3243,1447,1448
3244,1279,1280
3244,1306,1307
3244,1378,1379
3244,1447,1448
3245,1279,1280
3245,1306,1307
3245,1308,1309
3245,1380,1381
3246,1279,1280
3246,1306,1307
3246,1308,1309
3246,1378,1379
3247,854,855
3247,1011,1012
3247,1053,1054
3247,1143,1144
3248,860,861
3248,920,921
3248,975,976
3248,1105,1106
3249,646,647
3249,860,861
3249,964,965
3249,1105,1106
3250,860,861
3250,920,921
3250,964,965
3250,1105,1106
3251,950,951
3251,1108,1109
3251,1181,1182
3251,1185,1186
3252,950,951
3252,1093,1094
3252,1108,1109
3252,1181,1182
3253,950,951
3253,994,995
3253,1093,1094
3253,1181,1182
3254,861,862
3254,950,951
3254,1093,1094
3254,1108,1109
3255,950,951
3255,994,995
3255,1017,1018
3255,1093,1094
3256,950,951
3256,975,976
3256,994,995
3256,1105,1106
3257,860,861
3257,950,951
3257,975,976
3257,1105,1106
3258,861,862
3258,950,951
3258,1017,1018
3258,1093,1094
3259,950,951
3259,994,995
3259,1017,1018
3259,1105,1106
3260,646,647
3260,861,862
3260,950,951
3260,1017,1018
3261,646,647
3261,950,951
3261,1017,1018
3261,1105,1106
3262,646,647
3262,860,861
3262,950,951
3262,1105,1106
3263,861,862
3263,907,908
3263,969,970
3263,1108,1109
3264,646,647
3264,861,862
3264,907,908
3264,911,912
3265,646,647
3265,907,908
3265,911,912
3265,1008,1009
3266,646,647
3266,860,861
3266,907,908
3266,1008,1009
3267,861,862
3267,907,908
3267,950,951
3267,1108,1109
3268,646,647
3268,861,862
3268,907,908
3268,950,951
3269,646,647
3269,860,861
3269,907,908
3269,950,951
3270,907,908
3270,950,951
3270,1108,1109
3270,1185,1186
3271,885,886
3271,897,898
3271,1163,1164
3271,1185,1186
3272,845,846
3272,885,886
3272,897,898
3272,1196,1197
3273,845,846
3273,885,886
3273,1185,1186
3273,1196,1197
3274,885,886
3274,897,898
3274,1185,1186
3274,1196,1197
3275,845,846
3275,885,886
3275,897,898
3275,1089,1090
3276,845,846
3276,885,886
3276,1108,1109
3276,1185,1186
3277,885,886
3277,897,898
3277,972,973
3277,1089,1090
3278,885,886
3278,897,898
3278,972,973
3278,1163,1164
3279,885,886
3279,907,908
3279,1108,1109
3279,1185,1186
3280,885,886
3280,907,908
3280,1163,1164
3280,1185,1186
3281,845,846
3281,870,871
3281,885,886
3281,1089,1090
3282,885,886
3282,969,970
3282,972,973
3282,1163,1164
3283,870,871
3283,885,886
3283,969,970
3283,1108,1109
3284,885,886
3284,907,908
3284,969,970
3284,1108,1109
3285,885,886
3285,907,908
3285,969,970
3285,1163,1164
3286,870,871
3286,885,886
3286,969,970
3286,972,973
3287,870,871
3287,885,886
3287,972,973
3287,1089,1090
3288,845,846
3288,885,886
3288,906,907
3288,1108,1109
3289,870,871
3289,885,886
3289,906,907
3289,1108,1109
3290,845,846
3290,870,871
3290,885,886
3290,906,907
3291,1515,1516
3291,1545,1546
3291,1550,1551
3291,1597,1598
3292,1251,1252
3292,1262,1263
3292,1545,1546
3292,1550,1551
3293,1262,1263
3293,1511,1512
3293,1545,1546
3293,1582,1583
3294,1251,1252
3294,1262,1263
3294,1511,1512
3294,1545,1546
3295,1251,1252
3295,1511,1512
3295,1520,1521
3295,1545,1546
3296,1347,1348
3296,1511,1512
3296,1520,1521
3296,1545,1546
3297,1347,1348
3297,1511,1512
3297,1545,1546
3297,1582,1583
3298,1469,1470
3298,1515,1516
3298,1545,1546
3298,1582,1583
3299,1347,1348
3299,1469,1470
3299,1545,1546
3299,1582,1583
3300,1287,1288
3300,1515,1516
3300,1545,1546
3300,1603,1604
3301,1287,1288
3301,1355,1356
3301,1515,1516
3301,1545,1546
3302,1287,1288
3302,1355,1356
3302,1520,1521
3302,1545,1546
3303,1355,1356
3303,1469,1470
3303,1515,1516
3303,1545,1546
3304,1347,1348
3304,1355,1356
3304,1469,1470
3304,1545,1546
3305,1347,1348
3305,1355,1356
3305,1520,1521
3305,1545,1546
3306,1220,1221
3306,1350,1351
3306,1419,1420
3306,1425,1426
3307,1419,1420
3307,1425,1426
3307,1501,1502
3307,1550,1551
3308,1251,1252
3308,1425,1426
3308,1545,1546
3308,1550,1551
3309,1287,1288
3309,1350,1351
3309,1425,1426
3309,1603,1604
3310,1350,1351
3310,1419,1420
3310,1425,1426
3310,1603,1604
3311,1287,1288
3311,1425,1426
3311,1545,1546
3311,1603,1604
3312,1419,1420
3312,1425,1426
3312,1492,1493
3312,1603,1604
3313,1419,1420
3313,1425,1426
3313,1492,1493
3313,1550,1551
3314,1425,1426
3314,1492,1493
3314,1550,1551
3314,1603,1604
3315,1425,1426
3315,1515,1516
3315,1550,1551
3315,1603,1604
3316,1425,1426
3316,1515,1516
3316,1545,1546
3316,1603,1604
3317,1425,1426
3317,1515,1516
3317,1545,1546
3317,1550,1551
3318,1251,1252
3318,1425,1426
3318,1520,1521
3318,1545,1546
3319,1246,1247
3319,1501,1502
3319,1550,1551
3319,1607,1608
3320,1246,1247
3320,1251,1252
3320,1550,1551
3320,1607,1608
3321,1246,1247
3321,1425,1426
3321,1501,1502
3321,1550,1551
3322,1246,1247
3322,1251,1252
3322,1425,1426
3322,1550,1551
3323,1220,1221
3323,1246,1247
3323,1419,1420
3323,1425,1426
3324,1246,1247
3324,1419,1420
3324,1425,1426
3324,1501,1502
3325,1220,1221
3325,1246,1247
3325,1263,1264
3325,1419,1420
3326,1246,1247
3326,1263,1264
3326,1419,1420
3326,1501,1502
3327,1240,1241
3327,1287,1288
3327,1350,1351
3327,1402,1403
3328,1240,1241
3328,1287,1288
3328,1402,1403
3328,1618,1619
3329,1210,1211
3329,1240,1241
3329,1402,1403
3329,1618,1619
3330,1210,1211
3330,1240,1241
3330,1521,1522
3330,1618,1619
3331,1240,1241
3331,1287,1288
3331,1507,1508
3331,1618,1619
3332,1240,1241
3332,1507,1508
3332,1521,1522
3332,1618,1619
3333,1240,1241
3333,1287,1288
3333,1415,1416
3333,1507,1508
3334,1240,1241
3334,1415,1416
3334,1507,1508
3334,1521,1522
3335,1037,1038
3335,1110,1111
3335,1129,1130
3335,1306,1307
3336,1037,1038
3336,1128,1129
3336,1129,1130
3336,1306,1307
3337,1437,1438
3337,1531,1532
3337,1556,1557
3337,1561,1562
3338,1480,1481
3338,1531,1532
3338,1561,1562
3338,1600,1601
3339,1437,1438
3339,1531,1532
3339,1561,1562
3339,1600,1601
3340,1168,1169
3340,1267,1268
3340,1344,1345
3340,1368,1369
3341,1082,1083
3341,1168,1169
3341,1267,1268
3341,1344,1345
3342,1082,1083
3342,1088,1089
3342,1267,1268
3342,1344,1345
3343,1267,1268
3343,1344,1345
3343,1368,1369
3343,1470,1471
3344,1082,1083
3344,1088,1089
3344,1267,1268
3344,1384,1385
3345,1233,1234
3345,1267,1268
3345,1382,1383
3345,1384,1385
3346,1267,1268
3346,1307,1308
3346,1470,1471
3346,1559,1560
3347,1267,1268
3347,1307,1308
3347,1368,1369
3347,1470,1471
3348,1233,1234
3348,1267,1268
3348,1280,1281
3348,1384,1385
3349,1088,1089
3349,1267,1268
3349,1280,1281
3349,1384,1385
3350,1233,1234
3350,1267,1268
3350,1307,1308
3350,1559,1560
3351,1233,1234
3351,1267,1268
3351,1280,1281
3351,1559,1560
3352,1233,1234
3352,1267,1268
3352,1307,1308
3352,1345,1346
3353,1233,1234
3353,1267,1268
3353,1345,1346
3353,1382,1383
3354,1038,1039
3354,1082,1083
3354,1088,1089
3354,1217,1218
3355,1269,1270
3355,1351,1352
3355,1367,1368
3355,1433,1434
3356,1125,1126
3356,1269,1270
3356,1367,1368
3356,1433,1434
3357,1269,1270
3357,1351,1352
3357,1383,1384
3357,1433,1434
3358,1269,1270
3358,1351,1352
3358,1367,1368
3358,1464,1465
3359,1269,1270
3359,1464,1465
3359,1532,1533
3359,1542,1543
3360,1269,1270
3360,1351,1352
3360,1464,1465
3360,1542,1543
3361,1269,1270
3361,1351,1352
3361,1383,1384
3361,1542,1543
3362,1269,1270
3362,1344,1345
3362,1470,1471
3362,1532,1533
3363,1269,1270
3363,1383,1384
3363,1431,1432
3363,1542,1543
3364,1269,1270
3364,1470,1471
3364,1532,1533
3364,1542,1543
3365,1269,1270
3365,1431,1432
3365,1470,1471
3365,1542,1543
3366,1125,1126
3366,1139,1140
3366,1367,1368
3366,1433,1434
3367,1034,1035
3367,1117,1118
3367,1188,1189
3367,1249,1250
3368,1117,1118
3368,1121,1122
3368,1237,1238
3368,1313,1314
3369,1117,1118
3369,1121,1122
3369,1187,1188
3369,1188,1189
3370,1117,1118
3370,1121,1122
3370,1187,1188
3370,1313,1314
3371,945,946
3371,1117,1118
3371,1187,1188
3371,1313,1314
3372,945,946
3372,996,997
3372,1117,1118
3372,1187,1188
3373,996,997
3373,1119,1120
3373,1187,1188
3373,1201,1202
3374,875,876
3374,996,997
3374,1119,1120
3374,1201,1202
3375,875,876
3375,980,981
3375,1119,1120
3375,1192,1193
3376,875,876
3376,980,981
3376,1119,1120
3376,1201,1202
3377,827,828
3377,921,922
3377,936,937
3377,945,946
3378,827,828
3378,936,937
3378,945,946
3378,1201,1202
3379,936,937
3379,945,946
3379,996,997
3379,1201,1202
3380,827,828
3380,923,924
3380,936,937
3380,1201,1202
3381,920,921
3381,921,922
3381,936,937
3381,964,965
3382,827,828
3382,921,922
3382,936,937
3382,964,965
3383,662,663
3383,827,828
3383,936,937
3383,964,965
3384,1121,1122
3384,1156,1157
3384,1237,1238
3384,1313,1314
3385,1065,1066
3385,1121,1122
3385,1156,1157
3385,1237,1238
3386,1065,1066
3386,1121,1122
3386,1156,1157
3386,1313,1314
3387,1117,1118
3387,1156,1157
3387,1237,1238
3387,1313,1314
3388,1117,1118
3388,1156,1157
3388,1164,1165
3388,1237,1238
3389,1117,1118
3389,1156,1157
3389,1164,1165
3389,1313,1314
3390,1065,1066
3390,1126,1127
3390,1156,1157
3390,1237,1238
3391,1126,1127
3391,1156,1157
3391,1237,1238
3391,1295,1296
3392,1073,1074
3392,1121,1122
3392,1237,1238
3392,1271,1272
3393,1073,1074
3393,1117,1118
3393,1121,1122
3393,1237,1238
3394,1073,1074
3394,1117,1118
3394,1188,1189
3394,1249,1250
3395,1073,1074
3395,1117,1118
3395,1121,1122
3395,1188,1189
3396,1073,1074
3396,1168,1169
3396,1249,1250
3396,1277,1278
3397,1073,1074
3397,1168,1169
3397,1277,1278
3397,1424,1425
3398,876,877
3398,944,945
3398,1074,1075
3398,1101,1102
3399,944,945
3399,1074,1075
3399,1075,1076
3399,1101,1102
3400,842,843
3400,876,877
3400,944,945
3400,1074,1075
3401,842,843
3401,876,877
3401,968,969
3401,1074,1075
3402,926,927
3402,1074,1075
3402,1075,1076
3402,1199,1200
3403,876,877
3403,896,897
3403,968,969
3403,1074,1075
3404,896,897
3404,917,918
3404,1074,1075
3404,1092,1093
3405,896,897
3405,917,918
3405,968,969
3405,1074,1075
3406,842,843
3406,944,945
3406,1013,1014
3406,1174,1175
3407,944,945
3407,1013,1014
3407,1075,1076
3407,1174,1175
3408,1013,1014
3408,1060,1061
3408,1075,1076
3408,1174,1175
3409,842,843
3409,944,945
3409,1013,1014
3409,1074,1075
3410,944,945
3410,1013,1014
3410,1074,1075
3410,1075,1076
3411,926,927
3411,1013,1014
3411,1074,1075
3411,1075,1076
3412,1013,1014
3412,1060,1061
3412,1174,1175
3412,1192,1193
3413,842,843
3413,1013,1014
3413,1174,1175
3413,1192,1193
3414,842,843
3414,968,969
3414,1013,1014
3414,1074,1075
3415,926,927
3415,968,969
3415,1013,1014
3415,1074,1075
3416,1038,1039
3416,1060,1061
3416,1217,1218
3416,1228,1229
3417,1038,1039
3417,1059,1060
3417,1060,1061
3417,1228,1229
3418,1060,1061
3418,1174,1175
3418,1217,1218
3418,1228,1229
3419,1174,1175
3419,1217,1218
3419,1228,1229
3419,1333,1334
3420,1217,1218
3420,1228,1229
3420,1333,1334
3420,1339,1340
3421,646,647
3421,785,786
3421,911,912
3421,1010,1011
3422,646,647
3422,785,786
3422,911,912
3422,1008,1009
3423,646,647
3423,785,786
3423,860,861
3423,1008,1009
3424,646,647
3424,785,786
3424,860,861
3424,964,965
3425,699,700
3425,821,822
3425,901,902
3425,1007,1008
3426,771,772
3426,821,822
3426,837,838
3426,1007,1008
3427,728,729
3427,781,782
3427,914,915
3427,938,939
3428,728,729
3428,833,834
3428,914,915
3428,938,939
3429,728,729
3429,781,782
3429,833,834
3429,938,939
3430,699,700
3430,821,822
3430,858,859
3430,1007,1008
3431,699,700
3431,706,707
3431,858,859
3431,1007,1008
3432,678,679
3432,833,834
3432,858,859
3432,938,939
3433,781,782
3433,833,834
3433,858,859
3433,938,939
3434,850,851
3434,879,880
3434,978,979
3434,1061,1062
3435,850,851
3435,879,880
3435,1061,1062
3435,1170,1171
3436,879,880
3436,1061,1062
3436,1111,1112
3436,1170,1171
3437,867,868
3437,879,880
3437,1061,1062
3437,1111,1112
3438,867,868
3438,1016,1017
3438,1061,1062
3438,1084,1085
3439,867,868
3439,1016,1017
3439,1061,1062
3439,1111,1112
3440,850,851
3440,1061,1062
3440,1143,1144
3440,1170,1171
3441,839,840
3441,958,959
3441,1061,1062
3441,1084,1085
3442,882,883
3442,1030,1031
3442,1033,1034
3442,1086,1087
3443,882,883
3443,1033,1034
3443,1072,1073
3443,1086,1087
3444,882,883
3444,982,983
3444,1072,1073
3444,1086,1087
3445,863,864
3445,953,954
3445,1002,1003
3445,1158,1159
3446,863,864
3446,953,954
3446,1005,1006
3446,1158,1159
3447,953,954
3447,1005,1006
3447,1098,1099
3447,1158,1159
3448,1005,1006
3448,1098,1099
3448,1140,1141
3448,1158,1159
3449,848,849
3449,953,954
3449,1098,1099
3449,1158,1159
3450,848,849
3450,953,954
3450,961,962
3450,1158,1159
3451,740,741
3451,801,802
3451,839,840
3451,958,959
3452,1320,1321
3452,1322,1323
3452,1348,1349
3452,1446,1447
3453,1238,1239
3453,1320,1321
3453,1348,1349
3453,1446,1447
3454,1238,1239
3454,1348,1349
3454,1446,1447
3454,1564,1565
3455,1322,1323
3455,1348,1349
3455,1487,1488
3455,1495,1496
3456,1322,1323
3456,1323,1324
3456,1348,1349
3456,1495,1496
3457,1244,1245
3457,1348,1349
3457,1487,1488
3457,1564,1565
3458,1238,1239
3458,1244,1245
3458,1348,1349
3458,1564,1565
3459,1244,1245
3459,1348,1349
3459,1487,1488
3459,1495,1496
3460,1244,1245
3460,1323,1324
3460,1348,1349
3460,1495,1496
3461,1238,1239
3461,1244,1245
3461,1336,1337
3461,1348,1349
3462,1244,1245
3462,1323,1324
3462,1336,1337
3462,1348,1349
3463,1348,1349
3463,1442,1443
3463,1487,1488
3463,1564,1565
3464,1348,1349
3464,1442,1443
3464,1446,1447
3464,1564,1565
3465,1322,1323
3465,1348,1349
3465,1442,1443
3465,1487,1488
3466,1322,1323
3466,1348,1349
3466,1442,1443
3466,1446,1447
3467,1110,1111
3467,1115,1116
3467,1154,1155
3467,1167,1168
3468,1110,1111
3468,1115,1116
3468,1323,1324
3468,1607,1608
3469,1115,1116
3469,1323,1324
3469,1363,1364
3469,1599,1600
3470,1115,1116
3470,1363,1364
3470,1584,1585
3470,1599,1600
3471,1115,1116
3471,1229,1230
3471,1323,1324
3471,1607,1608
3472,1115,1116
3472,1229,1230
3472,1323,1324
3472,1599,1600
3473,1115,1116
3473,1229,1230
3473,1584,1585
3473,1599,1600
3474,844,845
3474,872,873
3474,924,925
3474,933,934
3475,844,845
3475,872,873
3475,924,925
3475,1048,1049
3476,844,845
3476,924,925
3476,984,985
3476,1056,1057
3477,844,845
3477,924,925
3477,984,985
3477,1048,1049
3478,844,845
3478,984,985
3478,1048,1049
3478,1230,1231
3479,1098,1099
3479,1140,1141
3479,1195,1196
3479,1234,1235
3480,1057,1058
3480,1058,1059
3480,1078,1079
3480,1234,1235
3481,1078,1079
3481,1195,1196
3481,1234,1235
3481,1245,1246
3482,1115,1116
3482,1235,1236
3482,1363,1364
3482,1584,1585
3483,1115,1116
3483,1235,1236
3483,1297,1298
3483,1584,1585
3484,1032,1033
3484,1054,1055
3484,1200,1201
3484,1235,1236
3485,1032,1033
3485,1054,1055
3485,1231,1232
3485,1235,1236
3486,1167,1168
3486,1200,1201
3486,1235,1236
3486,1297,1298
3487,1115,1116
3487,1167,1168
3487,1235,1236
3487,1297,1298
3488,1032,1033
3488,1167,1168
3488,1200,1201
3488,1235,1236
3489,1032,1033
3489,1154,1155
3489,1167,1168
3489,1235,1236
3490,1032,1033
3490,1154,1155
3490,1231,1232
3490,1235,1236
3491,1115,1116
3491,1154,1155
3491,1167,1168
3491,1235,1236
3492,797,798
3492,870,871
3492,878,879
3492,956,957
3493,870,871
3493,878,879
3493,956,957
3493,972,973
3494,797,798
3494,870,871
3494,931,932
3494,956,957
3495,870,871
3495,956,957
3495,969,970
3495,972,973
3496,870,871
3496,931,932
3496,956,957
3496,969,970
3497,797,798
3497,823,824
3497,878,879
3497,956,957
3498,823,824
3498,878,879
3498,887,888
3498,956,957
3499,878,879
3499,887,888
3499,956,957
3499,972,973
3500,867,868
3500,915,916
3500,1006,1007
3500,1123,1124
3501,915,916
3501,1006,1007
3501,1123,1124
3501,1141,1142
3502,946,947
3502,955,956
3502,1052,1053
3502,1123,1124
3503,867,868
3503,1006,1007
3503,1092,1093
3503,1123,1124
3504,867,868
3504,955,956
3504,1092,1093
3504,1123,1124
3505,867,868
3505,955,956
3505,1080,1081
3505,1123,1124
3506,946,947
3506,1052,1053
3506,1123,1124
3506,1141,1142
3507,946,947
3507,1006,1007
3507,1092,1093
3507,1123,1124
3508,946,947
3508,955,956
3508,1092,1093
3508,1123,1124
3509,942,943
3509,955,956
3509,1080,1081
3509,1123,1124
3510,888,889
3510,946,947
3510,1006,1007
3510,1123,1124
3511,888,889
3511,1006,1007
3511,1123,1124
3511,1141,1142
3512,888,889
3512,946,947
3512,1123,1124
3512,1141,1142
3513,942,943
3513,1052,1053
3513,1083,1084
3513,1123,1124
3514,942,943
3514,955,956
3514,1083,1084
3514,1123,1124
3515,955,956
3515,1052,1053
3515,1083,1084
3515,1123,1124
3516,693,694
3516,753,754
3516,809,810
3516,821,822
3517,753,754
3517,809,810
3517,821,822
3517,901,902
3518,693,694
3518,742,743
3518,753,754
3518,809,810
3519,693,694
3519,753,754
3519,821,822
3519,833,834
3520,693,694
3520,723,724
3520,753,754
3520,833,834
3521,723,724
3521,728,729
3521,753,754
3521,833,834
3522,610,611
3522,723,724
3522,728,729
3522,753,754
3523,610,611
3523,652,653
3523,728,729
3523,753,754
3524,655,656
3524,693,694
3524,742,743
3524,753,754
3525,610,611
3525,655,656
3525,742,743
3525,753,754
3526,655,656
3526,693,694
3526,723,724
3526,753,754
3527,610,611
3527,655,656
3527,723,724
3527,753,754
3528,1637,1638
3528,1654,1655
3528,1833,1834
3528,1838,1839
3529,1637,1638
3529,1654,1655
3529,1751,1752
3529,1838,1839
3530,1637,1638
3530,1654,1655
3530,1794,1795
3530,1805,1806
3531,1637,1638
3531,1654,1655
3531,1751,1752
3531,1794,1795
3532,1683,1684
3532,1741,1742
3532,1751,1752
3532,1838,1839
3533,1683,1684
3533,1833,1834
3533,1838,1839
3533,1844,1845
3534,1654,1655
3534,1683,1684
3534,1833,1834
3534,1838,1839
3535,1654,1655
3535,1683,1684
3535,1751,1752
3535,1838,1839
3536,1683,1684
3536,1741,1742
3536,1762,1763
3536,1838,1839
3537,1683,1684
3537,1762,1763
3537,1838,1839
3537,1844,1845
3538,1625,1626
3538,1683,1684
3538,1741,1742
3538,1762,1763
3539,1625,1626
3539,1683,1684
3539,1762,1763
3539,1844,1845
3540,1703,1704
3540,1788,1789
3540,1794,1795
3540,1810,1811
3541,1703,1704
3541,1751,1752
3541,1794,1795
3541,1810,1811
3542,1703,1704
3542,1751,1752
3542,1788,1789
3542,1810,1811
3543,1466,1467
3543,1788,1789
3543,1794,1795
3543,1810,1811
3544,1466,1467
3544,1551,1552
3544,1725,1726
3544,1810,1811
3545,1466,1467
3545,1740,1741
3545,1788,1789
3545,1810,1811
3546,1466,1467
3546,1551,1552
3546,1740,1741
3546,1810,1811
3547,1466,1467
3547,1730,1731
3547,1794,1795
3547,1810,1811
3548,1466,1467
3548,1725,1726
3548,1730,1731
3548,1810,1811
3549,1404,1405
3549,1551,1552
3549,1725,1726
3549,1810,1811
3550,1659,1660
3550,1740,1741
3550,1788,1789
3550,1810,1811
3551,1551,1552
3551,1659,1660
3551,1740,1741
3551,1810,1811
3552,1646,1647
3552,1730,1731
3552,1794,1795
3552,1810,1811
3553,1646,1647
3553,1725,1726
3553,1730,1731
3553,1810,1811
3554,1654,1655
3554,1751,1752
3554,1794,1795
3554,1810,1811
3555,1632,1633
3555,1642,1643
3555,1688,1689
3555,1846,1847
3556,1632,1633
3556,1688,1689
3556,1736,1737
3556,1846,1847
3557,1632,1633
3557,1708,1709
3557,1823,1824
3557,1849,1850
3558,1632,1633
3558,1642,1643
3558,1846,1847
3558,1849,1850
3559,1632,1633
3559,1708,1709
3559,1844,1845
3559,1849,1850
3560,1698,1699
3560,1706,1707
3560,1787,1788
3560,1791,1792
3561,1787,1788
3561,1791,1792
3561,1799,1800
3561,1815,1816
3562,1706,1707
3562,1787,1788
3562,1791,1792
3562,1799,1800
3563,1729,1730
3563,1787,1788
3563,1799,1800
3563,1815,1816
3564,1706,1707
3564,1729,1730
3564,1787,1788
3564,1799,1800
3565,1698,1699
3565,1756,1757
3565,1787,1788
3565,1791,1792
3566,1698,1699
3566,1720,1721
3566,1756,1757
3566,1787,1788
3567,1720,1721
3567,1756,1757
3567,1787,1788
3567,1831,1832
3568,1756,1757
3568,1787,1788
3568,1815,1816
3568,1831,1832
3569,1756,1757
3569,1787,1788
3569,1791,1792
3569,1815,1816
3570,1568,1569
3570,1706,1707
3570,1799,1800
3570,1826,1827
3571,1568,1569
3571,1623,1624
3571,1799,1800
3571,1826,1827
3572,1568,1569
3572,1572,1573
3572,1690,1691
3572,1706,1707
3573,1568,1569
3573,1572,1573
3573,1706,1707
3573,1799,1800
3574,1535,1536
3574,1568,1569
3574,1572,1573
3574,1690,1691
3575,1568,1569
3575,1690,1691
3575,1706,1707
3575,1811,1812
3576,1568,1569
3576,1706,1707
3576,1811,1812
3576,1826,1827
3577,1535,1536
3577,1568,1569
3577,1684,1685
3577,1690,1691
3578,1568,1569
3578,1684,1685
3578,1690,1691
3578,1811,1812
3579,1568,1569
3579,1684,1685
3579,1811,1812
3579,1826,1827
3580,1568,1569
3580,1623,1624
3580,1684,1685
3580,1693,1694
3581,1568,1569
3581,1623,1624
3581,1684,1685
3581,1826,1827
3582,1463,1464
3582,1568,1569
3582,1684,1685
3582,1693,1694
3583,1463,1464
3583,1535,1536
3583,1568,1569
3583,1684,1685
3584,1463,1464
3584,1535,1536
3584,1568,1569
3584,1693,1694
3585,1535,1536
3585,1568,1569
3585,1572,1573
3585,1722,1723
3586,1535,1536
3586,1568,1569
3586,1693,1694
3586,1722,1723
3587,1397,1398
3587,1572,1573
3587,1621,1622
3587,1722,1723
3588,1417,1418
3588,1535,1536
3588,1693,1694
3588,1722,1723
3589,1572,1573
3589,1593,1594
3589,1621,1622
3589,1722,1723
3590,1535,1536
3590,1572,1573
3590,1593,1594
3590,1722,1723
3591,1542,1543
3591,1593,1594
3591,1621,1622
3591,1722,1723
3592,1431,1432
3592,1535,1536
3592,1593,1594
3592,1722,1723
3593,1417,1418
3593,1431,1432
3593,1535,1536
3593,1722,1723
3594,1431,1432
3594,1542,1543
3594,1593,1594
3594,1722,1723
3595,1404,1405
3595,1539,1540
3595,1655,1656
3595,1816,1817
3596,1481,1482
3596,1539,1540
3596,1727,1728
3596,1758,1759
3597,1481,1482
3597,1539,1540
3597,1758,1759
3597,1835,1836
3598,1539,1540
3598,1758,1759
3598,1816,1817
3598,1835,1836
3599,1397,1398
3599,1539,1540
3599,1727,1728
3599,1758,1759
3600,1539,1540
3600,1758,1759
3600,1785,1786
3600,1816,1817
3601,1397,1398
3601,1481,1482
3601,1533,1534
3601,1727,1728
3602,1533,1534
3602,1623,1624
3602,1759,1760
3602,1799,1800
3603,1397,1398
3603,1533,1534
3603,1758,1759
3603,1799,1800
3604,1481,1482
3604,1533,1534
3604,1758,1759
3604,1799,1800
3605,1397,1398
3605,1481,1482
3605,1533,1534
3605,1758,1759
3606,1533,1534
3606,1538,1539
3606,1623,1624
3606,1626,1627
3607,1533,1534
3607,1568,1569
3607,1623,1624
3607,1799,1800
3608,1533,1534
3608,1568,1569
3608,1623,1624
3608,1693,1694
3609,1533,1534
3609,1538,1539
3609,1623,1624
3609,1693,1694
3610,1533,1534
3610,1623,1624
3610,1626,1627
3610,1700,1701
3611,1533,1534
3611,1538,1539
3611,1626,1627
3611,1761,1762
3612,1481,1482
3612,1533,1534
3612,1626,1627
3612,1790,1791
3613,1481,1482
3613,1533,1534
3613,1727,1728
3613,1790,1791
3614,1397,1398
3614,1533,1534
3614,1572,1573
3614,1799,1800
3615,1533,1534
3615,1568,1569
3615,1572,1573
3615,1799,1800
3616,1533,1534
3616,1568,1569
3616,1693,1694
3616,1722,1723
3617,1533,1534
3617,1626,1627
3617,1761,1762
3617,1790,1791
3618,1533,1534
3618,1727,1728
3618,1761,1762
3618,1790,1791
3619,1397,1398
3619,1533,1534
3619,1572,1573
3619,1722,1723
3620,1533,1534
3620,1568,1569
3620,1572,1573
3620,1722,1723
3621,1218,1219
3621,1548,1549
3621,1553,1554
3621,1742,1743
3622,1218,1219
3622,1553,1554
3622,1558,1559
3622,1742,1743
3623,1553,1554
3623,1558,1559
3623,1574,1575
3623,1742,1743
3624,1553,1554
3624,1574,1575
3624,1686,1687
3624,1742,1743
3625,1473,1474
3625,1553,1554
3625,1574,1575
3625,1686,1687
3626,1218,1219
3626,1540,1541
3626,1553,1554
3626,1571,1572
3627,1218,1219
3627,1540,1541
3627,1553,1554
3627,1558,1559
3628,1540,1541
3628,1553,1554
3628,1558,1559
3628,1574,1575
3629,1473,1474
3629,1491,1492
3629,1536,1537
3629,1822,1823
3630,1491,1492
3630,1536,1537
3630,1636,1637
3630,1822,1823
3631,1473,1474
3631,1536,1537
3631,1680,1681
3631,1822,1823
3632,1536,1537
3632,1636,1637
3632,1680,1681
3632,1822,1823
3633,1491,1492
3633,1536,1537
3633,1547,1548
3633,1636,1637
3634,1536,1537
3634,1543,1544
3634,1574,1575
3634,1680,1681
3635,1473,1474
3635,1536,1537
3635,1574,1575
3635,1680,1681
3636,1536,1537
3636,1543,1544
3636,1680,1681
3636,1774,1775
3637,1536,1537
3637,1636,1637
3637,1680,1681
3637,1774,1775
3638,1536,1537
3638,1540,1541
3638,1543,1544
3638,1574,1575
3639,1536,1537
3639,1540,1541
3639,1543,1544
3639,1571,1572
3640,1473,1474
3640,1536,1537
3640,1553,1554
3640,1574,1575
3641,1429,1430
3641,1536,1537
3641,1543,1544
3641,1571,1572
3642,1536,1537
3642,1540,1541
3642,1553,1554
3642,1574,1575
3643,1536,1537
3643,1540,1541
3643,1553,1554
3643,1571,1572
3644,1393,1394
3644,1536,1537
3644,1543,1544
3644,1774,1775
3645,1393,1394
3645,1429,1430
3645,1536,1537
3645,1774,1775
3646,1393,1394
3646,1429,1430
3646,1536,1537
3646,1543,1544
3647,1491,1492
3647,1622,1623
3647,1764,1765
3647,1790,1791
3648,1491,1492
3648,1622,1623
3648,1660,1661
3648,1663,1664
3649,1622,1623
3649,1645,1646
3649,1764,1765
3649,1765,1766
3650,1622,1623
3650,1645,1646
3650,1764,1765
3650,1790,1791
3651,1622,1623
3651,1645,1646
3651,1765,1766
3651,1775,1776
3652,1622,1623
3652,1660,1661
3652,1663,1664
3652,1823,1824
3653,1414,1415
3653,1461,1462
3653,1529,1530
3653,1582,1583
3654,1414,1415
3654,1582,1583
3654,1590,1591
3654,1803,1804
3655,1414,1415
3655,1461,1462
3655,1475,1476
3655,1529,1530
3656,1496,1497
3656,1563,1564
3656,1755,1756
3656,1769,1770
3657,1496,1497
3657,1563,1564
3657,1755,1756
3657,1821,1822
3658,1563,1564
3658,1713,1714
3658,1755,1756
3658,1821,1822
3659,1472,1473
3659,1496,1497
3659,1563,1564
3659,1821,1822
3660,1472,1473
3660,1563,1564
3660,1713,1714
3660,1821,1822
3661,1563,1564
3661,1702,1703
3661,1713,1714
3661,1755,1756
3662,1472,1473
3662,1516,1517
3662,1563,1564
3662,1711,1712
3663,1563,1564
3663,1688,1689
3663,1702,1703
3663,1713,1714
3664,1563,1564
3664,1688,1689
3664,1711,1712
3664,1713,1714
3665,1505,1506
3665,1563,1564
3665,1702,1703
3665,1755,1756
3666,1505,1506
3666,1563,1564
3666,1701,1702
3666,1755,1756
3667,1505,1506
3667,1563,1564
3667,1701,1702
3667,1769,1770
3668,1563,1564
3668,1701,1702
3668,1755,1756
3668,1769,1770
3669,1505,1506
3669,1563,1564
3669,1668,1669
3669,1769,1770
3670,1259,1260
3670,1271,1272
3670,1407,1408
3670,1498,1499
3671,1386,1387
3671,1407,1408
3671,1498,1499
3671,1616,1617
3672,1232,1233
3672,1271,1272
3672,1407,1408
3672,1498,1499
3673,1073,1074
3673,1277,1278
3673,1424,1425
3673,1498,1499
3674,1073,1074
3674,1232,1233
3674,1277,1278
3674,1498,1499
3675,1073,1074
3675,1232,1233
3675,1271,1272
3675,1498,1499
3676,1277,1278
3676,1424,1425
3676,1498,1499
3676,1560,1561
3677,1386,1387
3677,1482,1483
3677,1498,1499
3677,1616,1617
3678,1386,1387
3678,1424,1425
3678,1482,1483
3678,1498,1499
3679,1232,1233
3679,1277,1278
3679,1498,1499
3679,1560,1561
3680,1232,1233
3680,1498,1499
3680,1560,1561
3680,1616,1617
3681,1482,1483
3681,1498,1499
3681,1560,1561
3681,1616,1617
3682,1424,1425
3682,1482,1483
3682,1498,1499
3682,1560,1561
3683,1232,1233
3683,1282,1283
3683,1415,1416
3683,1616,1617
3684,1232,1233
3684,1282,1283
3684,1498,1499
3684,1616,1617
3685,1282,1283
3685,1407,1408
3685,1498,1499
3685,1616,1617
3686,1232,1233
3686,1282,1283
3686,1407,1408
3686,1498,1499
3687,1282,1283
3687,1415,1416
3687,1521,1522
3687,1616,1617
3688,1240,1241
3688,1282,1283
3688,1415,1416
3688,1521,1522
3689,849,850
3689,1023,1024
3689,1075,1076
3689,1199,1200
3690,849,850
3690,1023,1024
3690,1045,1046
3690,1199,1200
3691,849,850
3691,1023,1024
3691,1075,1076
3691,1217,1218
3692,849,850
3692,1023,1024
3692,1045,1046
3692,1217,1218
3693,849,850
3693,1045,1046
3693,1082,1083
3693,1178,1179
3694,849,850
3694,1045,1046
3694,1082,1083
3694,1217,1218
3695,849,850
3695,1038,1039
3695,1082,1083
3695,1178,1179
3696,849,850
3696,926,927
3696,1075,1076
3696,1199,1200
3697,849,850
3697,1038,1039
3697,1082,1083
3697,1217,1218
3698,849,850
3698,1045,1046
3698,1178,1179
3698,1191,1192
3699,849,850
3699,1045,1046
3699,1191,1192
3699,1199,1200
3700,849,850
3700,926,927
3700,1013,1014
3700,1075,1076
3701,849,850
3701,1060,1061
3701,1075,1076
3701,1217,1218
3702,849,850
3702,1038,1039
3702,1060,1061
3702,1217,1218
3703,849,850
3703,926,927
3703,1191,1192
3703,1199,1200
3704,849,850
3704,1013,1014
3704,1060,1061
3704,1075,1076
3705,955,956
3705,1092,1093
3705,1137,1138
3705,1182,1183
3706,955,956
3706,1083,1084
3706,1137,1138
3706,1182,1183
3707,955,956
3707,1083,1084
3707,1137,1138
3707,1147,1148
3708,955,956
3708,1137,1138
3708,1147,1148
3708,1199,1200
3709,1023,1024
3709,1137,1138
3709,1147,1148
3709,1199,1200
3710,1083,1084
3710,1118,1119
3710,1137,1138
3710,1147,1148
3711,1023,1024
3711,1075,1076
3711,1137,1138
3711,1199,1200
3712,1074,1075
3712,1075,1076
3712,1137,1138
3712,1199,1200
3713,1023,1024
3713,1075,1076
3713,1101,1102
3713,1137,1138
3714,1074,1075
3714,1075,1076
3714,1101,1102
3714,1137,1138
3715,431,432
3715,509,510
3715,691,692
3715,793,794
3716,442,443
3716,657,658
3716,769,770
3716,790,791
3717,669,670
3717,729,730
3717,769,770
3717,952,953
3718,657,658
3718,669,670
3718,729,730
3718,769,770
3719,729,730
3719,745,746
3719,769,770
3719,952,953
3720,745,746
3720,769,770
3720,793,794
3720,952,953
3721,669,670
3721,769,770
3721,832,833
3721,952,953
3722,657,658
3722,769,770
3722,790,791
3722,814,815
3723,657,658
3723,669,670
3723,769,770
3723,814,815
3724,769,770
3724,790,791
3724,814,815
3724,832,833
3725,669,670
3725,769,770
3725,814,815
3725,832,833
3726,610,611
3726,650,651
3726,723,724
3726,747,748
3727,650,651
3727,723,724
3727,754,755
3727,811,812
3728,650,651
3728,655,656
3728,723,724
3728,811,812
3729,861,862
3729,907,908
3729,960,961
3729,969,970
3730,907,908
3730,960,961
3730,969,970
3730,1163,1164
3731,911,912
3731,960,961
3731,995,996
3731,1008,1009
3732,907,908
3732,911,912
3732,960,961
3732,1008,1009
3733,960,961
3733,995,996
3733,1008,1009
3733,1163,1164
3734,907,908
3734,960,961
3734,1008,1009
3734,1163,1164
3735,883,884
3735,911,912
3735,995,996
3735,1008,1009
3736,668,669
3736,785,786
3736,883,884
3736,911,912
3737,785,786
3737,883,884
3737,911,912
3737,1008,1009
3738,644,645
3738,681,682
3738,749,750
3738,883,884
3739,644,645
3739,681,682
3739,883,884
3739,954,955
3740,681,682
3740,708,709
3740,749,750
3740,883,884
3741,763,764
3741,772,773
3741,874,875
3741,957,958
3742,664,665
3742,763,764
3742,874,875
3742,957,958
3743,664,665
3743,763,764
3743,835,836
3743,957,958
3744,854,855
3744,930,931
3744,1025,1026
3744,1034,1035
3745,854,855
3745,1025,1026
3745,1034,1035
3745,1053,1054
3746,999,1000
3746,1025,1026
3746,1079,1080
3746,1170,1171
3747,926,927
3747,999,1000
3747,1025,1026
3747,1170,1171
3748,854,855
3748,1025,1026
3748,1053,1054
3748,1143,1144
3749,854,855
3749,1025,1026
3749,1079,1080
3749,1143,1144
3750,1025,1026
3750,1079,1080
3750,1143,1144
3750,1170,1171
3751,926,927
3751,1025,1026
3751,1170,1171
3751,1191,1192
3752,849,850
3752,926,927
3752,1025,1026
3752,1191,1192
3753,1025,1026
3753,1034,1035
3753,1053,1054
3753,1178,1179
3754,1025,1026
3754,1143,1144
3754,1170,1171
3754,1191,1192
3755,1025,1026
3755,1053,1054
3755,1143,1144
3755,1191,1192
3756,1025,1026
3756,1053,1054
3756,1178,1179
3756,1191,1192
3757,849,850
3757,1025,1026
3757,1178,1179
3757,1191,1192
3758,884,885
3758,999,1000
3758,1025,1026
3758,1079,1080
3759,854,855
3759,884,885
3759,954,955
3759,1079,1080
3760,854,855
3760,884,885
3760,1025,1026
3760,1079,1080
3761,854,855
3761,884,885
3761,930,931
3761,954,955
3762,854,855
3762,884,885
3762,930,931
3762,1025,1026
3763,884,885
3763,930,931
3763,1025,1026
3763,1034,1035
3764,884,885
3764,930,931
3764,996,997
3764,1034,1035
3765,875,876
3765,884,885
3765,996,997
3765,1034,1035
3766,634,635
3766,668,669
3766,708,709
3766,717,718
3767,634,635
3767,745,746
3767,793,794
3767,952,953
3768,746,747
3768,911,912
3768,960,961
3768,995,996
3769,668,669
3769,745,746
3769,746,747
3769,911,912
3770,668,669
3770,746,747
3770,883,884
3770,911,912
3771,746,747
3771,883,884
3771,911,912
3771,995,996
3772,13,14
3772,69,70
3772,239,240
3772,283,284
3773,69,70
3773,96,97
3773,226,227
3773,295,296
3774,69,70
3774,96,97
3774,145,146
3774,295,296
3775,69,70
3775,96,97
3775,145,146
3775,294,295
3776,13,14
3776,69,70
3776,226,227
3776,256,257
3777,13,14
3777,69,70
3777,239,240
3777,256,257
3778,69,70
3778,96,97
3778,226,227
3778,256,257
3779,69,70
3779,96,97
3779,239,240
3779,256,257
3780,96,97
3780,114,115
3780,126,127
3780,294,295
3781,69,70
3781,96,97
3781,114,115
3781,239,240
3782,69,70
3782,96,97
3782,114,115
3782,294,295
3783,56,57
3783,110,111
3783,114,115
3783,359,360
3784,35,36
3784,70,71
3784,114,115
3784,359,360
3785,70,71
3785,105,106
3785,114,115
3785,359,360
3786,70,71
3786,105,106
3786,114,115
3786,294,295
3787,69,70
3787,114,115
3787,239,240
3787,283,284
3788,105,106
3788,114,115
3788,283,284
3788,294,295
3789,69,70
3789,114,115
3789,283,284
3789,294,295
3790,35,36
3790,110,111
3790,114,115
3790,359,360
3791,35,36
3791,110,111
3791,114,115
3791,126,127
3792,105,106
3792,114,115
3792,300,301
3792,359,360
3793,56,57
3793,114,115
3793,300,301
3793,359,360
3794,56,57
3794,114,115
3794,239,240
3794,271,272
3795,70,71
3795,114,115
3795,126,127
3795,204,205
3796,35,36
3796,114,115
3796,126,127
3796,204,205
3797,35,36
3797,70,71
3797,114,115
3797,204,205
3798,105,106
3798,114,115
3798,271,272
3798,283,284
3799,114,115
3799,239,240
3799,271,272
3799,283,284
3800,105,106
3800,114,115
3800,271,272
3800,300,301
3801,56,57
3801,114,115
3801,271,272
3801,300,301
3802,54,55
3802,106,107
3802,126,127
3802,204,205
3803,54,55
3803,106,107
3803,126,127
3803,294,295
3804,54,55
3804,106,107
3804,145,146
3804,294,295
3805,70,71
3805,106,107
3805,126,127
3805,204,205
3806,43,44
3806,54,55
3806,106,107
3806,204,205
3807,70,71
3807,106,107
3807,114,115
3807,126,127
3808,106,107
3808,114,115
3808,126,127
3808,294,295
3809,70,71
3809,106,107
3809,114,115
3809,294,295
3810,20,21
3810,43,44
3810,54,55
3810,106,107
3811,20,21
3811,54,55
3811,106,107
3811,145,146
3812,20,21
3812,43,44
3812,94,95
3812,106,107
3813,43,44
3813,94,95
3813,106,107
3813,204,205
3814,94,95
3814,106,107
3814,184,185
3814,204,205
3815,70,71
3815,106,107
3815,184,185
3815,204,205
3816,231,232
3816,306,307
3816,322,323
3816,374,375
3817,231,232
3817,306,307
3817,316,317
3817,374,375
3818,231,232
3818,306,307
3818,322,323
3818,618,619
3819,231,232
3819,306,307
3819,316,317
3819,618,619
3820,306,307
3820,322,323
3820,374,375
3820,468,469
3821,306,307
3821,374,375
3821,430,431
3821,468,469
3822,306,307
3822,322,323
3822,551,552
3822,618,619
3823,306,307
3823,322,323
3823,454,455
3823,468,469
3824,306,307
3824,430,431
3824,454,455
3824,468,469
3825,291,292
3825,306,307
3825,316,317
3825,374,375
3826,291,292
3826,306,307
3826,316,317
3826,375,376
3827,291,292
3827,306,307
3827,374,375
3827,430,431
3828,291,292
3828,306,307
3828,375,376
3828,430,431
3829,306,307
3829,322,323
3829,454,455
3829,551,552
3830,306,307
3830,316,317
3830,562,563
3830,618,619
3831,306,307
3831,316,317
3831,375,376
3831,562,563
3832,298,299
3832,306,307
3832,551,552
3832,618,619
3833,298,299
3833,306,307
3833,562,563
3833,618,619
3834,298,299
3834,306,307
3834,375,376
3834,562,563
3835,78,79
3835,291,292
3835,316,317
3835,403,404
3836,78,79
3836,291,292
3836,316,317
3836,374,375
3837,78,79
3837,231,232
3837,316,317
3837,374,375
3838,78,79
3838,291,292
3838,403,404
3838,411,412
3839,78,79
3839,291,292
3839,374,375
3839,411,412
3840,78,79
3840,231,232
3840,278,279
3840,316,317
3841,78,79
3841,278,279
3841,316,317
3841,403,404
3842,78,79
3842,231,232
3842,309,310
3842,374,375
3843,78,79
3843,274,275
3843,374,375
3843,411,412
3844,78,79
3844,274,275
3844,309,310
3844,374,375
3845,78,79
3845,138,139
3845,274,275
3845,411,412
3846,78,79
3846,138,139
3846,274,275
3846,309,310
3847,8,9
3847,78,79
3847,138,139
3847,411,412
3848,8,9
3848,59,60
3848,78,79
3848,138,139
3849,8,9
3849,78,79
3849,403,404
3849,411,412
3850,434,435
3850,603,604
3850,633,634
3850,777,778
3851,434,435
3851,633,634
3851,752,753
3851,777,778
3852,660,661
3852,744,745
3852,792,793
3852,830,831
3853,660,661
3853,662,663
3853,792,793
3853,923,924
3854,529,530
3854,623,624
3854,761,762
3854,812,813
3855,523,524
3855,529,530
3855,534,535
3855,761,762
3856,529,530
3856,534,535
3856,761,762
3856,812,813
3857,523,524
3857,529,530
3857,534,535
3857,812,813
3858,523,524
3858,529,530
3858,660,661
3858,830,831
3859,529,530
3859,660,661
3859,744,745
3859,830,831
3860,260,261
3860,336,337
3860,561,562
3860,617,618
3861,260,261
3861,336,337
3861,492,493
3861,617,618
3862,260,261
3862,336,337
3862,419,420
3862,561,562
3863,260,261
3863,336,337
3863,419,420
3863,492,493
3864,255,256
3864,260,261
3864,300,301
3864,561,562
3865,234,235
3865,260,261
3865,271,272
3865,300,301
3866,260,261
3866,419,420
3866,561,562
3866,570,571
3867,260,261
3867,300,301
3867,561,562
3867,570,571
3868,260,261
3868,300,301
3868,419,420
3868,570,571
3869,260,261
3869,271,272
3869,300,301
3869,419,420
3870,225,226
3870,234,235
3870,260,261
3870,271,272
3871,260,261
3871,401,402
3871,419,420
3871,492,493
3872,225,226
3872,260,261
3872,401,402
3872,492,493
3873,260,261
3873,362,363
3873,401,402
3873,419,420
3874,260,261
3874,271,272
3874,362,363
3874,419,420
3875,225,226
3875,260,261
3875,362,363
3875,401,402
3876,225,226
3876,260,261
3876,271,272
3876,362,363
3877,225,226
3877,260,261
3877,345,346
3877,492,493
3878,225,226
3878,234,235
3878,345,346
3878,560,561
3879,225,226
3879,234,235
3879,260,261
3879,345,346
3880,324,325
3880,530,531
3880,531,532
3880,600,601
3881,492,493
3881,530,531
3881,531,532
3881,600,601
3882,324,325
3882,492,493
3882,531,532
3882,600,601
3883,492,493
3883,530,531
3883,531,532
3883,617,618
3884,332,333
3884,345,346
3884,392,393
3884,531,532
3885,324,325
3885,332,333
3885,507,508
3885,531,532
3886,324,325
3886,530,531
3886,531,532
3886,556,557
3887,332,333
3887,346,347
3887,392,393
3887,531,532
3888,332,333
3888,346,347
3888,507,508
3888,531,532
3889,346,347
3889,392,393
3889,507,508
3889,531,532
3890,332,333
3890,346,347
3890,379,380
3890,392,393
3891,332,333
3891,345,346
3891,379,380
3891,392,393
3892,231,232
3892,321,322
3892,379,380
3892,618,619
3893,231,232
3893,346,347
3893,379,380
3893,618,619
3894,234,235
3894,345,346
3894,379,380
3894,560,561
3895,332,333
3895,345,346
3895,379,380
3895,560,561
3896,346,347
3896,379,380
3896,392,393
3896,618,619
3897,234,235
3897,321,322
3897,379,380
3897,384,385
3898,321,322
3898,379,380
3898,384,385
3898,618,619
3899,379,380
3899,392,393
3899,513,514
3899,618,619
3900,379,380
3900,384,385
3900,513,514
3900,618,619
3901,1437,1438
3901,1556,1557
3901,1628,1629
3901,1730,1731
3902,1403,1404
3902,1556,1557
3902,1628,1629
3902,1730,1731
3903,1403,1404
3903,1466,1467
3903,1628,1629
3903,1730,1731
3904,1466,1467
3904,1586,1587
3904,1628,1629
3904,1786,1787
3905,1403,1404
3905,1466,1467
3905,1628,1629
3905,1786,1787
3906,1403,1404
3906,1586,1587
3906,1628,1629
3906,1786,1787
3907,1395,1396
3907,1586,1587
3907,1740,1741
3907,1789,1790
3908,1569,1570
3908,1570,1571
3908,1591,1592
3908,1789,1790
3909,1395,1396
3909,1569,1570
3909,1591,1592
3909,1789,1790
3910,1395,1396
3910,1569,1570
3910,1740,1741
3910,1789,1790
3911,1479,1480
3911,1569,1570
3911,1740,1741
3911,1789,1790
3912,1504,1505
3912,1506,1507
3912,1514,1515
3912,1527,1528
3913,1504,1505
3913,1514,1515
3913,1527,1528
3913,1552,1553
3914,1514,1515
3914,1527,1528
3914,1552,1553
3914,1600,1601
3915,1399,1400
3915,1504,1505
3915,1527,1528
3915,1552,1553
3916,1399,1400
3916,1527,1528
3916,1552,1553
3916,1600,1601
3917,1399,1400
3917,1504,1505
3917,1527,1528
3917,1621,1622
3918,1506,1507
3918,1514,1515
3918,1527,1528
3918,1771,1772
3919,1527,1528
3919,1766,1767
3919,1779,1780
3919,1785,1786
3920,1625,1626
3920,1738,1739
3920,1741,1742
3920,1778,1779
3921,1625,1626
3921,1715,1716
3921,1747,1748
3921,1778,1779
3922,1625,1626
3922,1715,1716
3922,1738,1739
3922,1778,1779
3923,1426,1427
3923,1715,1716
3923,1738,1739
3923,1778,1779
3924,1426,1427
3924,1699,1700
3924,1738,1739
3924,1778,1779
3925,1662,1663
3925,1775,1776
3925,1797,1798
3925,1849,1850
3926,1662,1663
3926,1708,1709
3926,1775,1776
3926,1849,1850
3927,1662,1663
3927,1708,1709
3927,1775,1776
3927,1797,1798
3928,1662,1663
3928,1708,1709
3928,1833,1834
3928,1849,1850
3929,1662,1663
3929,1797,1798
3929,1837,1838
3929,1840,1841
3930,1662,1663
3930,1797,1798
3930,1837,1838
3930,1849,1850
3931,1662,1663
3931,1708,1709
3931,1833,1834
3931,1844,1845
3932,1662,1663
3932,1683,1684
3932,1833,1834
3932,1844,1845
3933,1662,1663
3933,1683,1684
3933,1708,1709
3933,1844,1845
3934,1655,1656
3934,1662,1663
3934,1708,1709
3934,1797,1798
3935,1654,1655
3935,1662,1663
3935,1833,1834
3935,1840,1841
3936,1654,1655
3936,1662,1663
3936,1683,1684
3936,1833,1834
3937,1654,1655
3937,1662,1663
3937,1683,1684
3937,1751,1752
3938,1436,1437
3938,1646,1647
3938,1719,1720
3938,1807,1808
3939,1436,1437
3939,1646,1647
3939,1766,1767
3939,1785,1786
3940,1436,1437
3940,1646,1647
3940,1766,1767
3940,1807,1808
3941,1436,1437
3941,1766,1767
3941,1779,1780
3941,1785,1786
3942,1436,1437
3942,1646,1647
3942,1697,1698
3942,1719,1720
3943,1436,1437
3943,1697,1698
3943,1719,1720
3943,1729,1730
3944,1436,1437
3944,1524,1525
3944,1766,1767
3944,1807,1808
3945,1436,1437
3945,1524,1525
3945,1766,1767
3945,1779,1780
3946,1436,1437
3946,1758,1759
3946,1779,1780
3946,1785,1786
3947,1436,1437
3947,1729,1730
3947,1758,1759
3947,1779,1780
3948,1436,1437
3948,1729,1730
3948,1758,1759
3948,1835,1836
3949,1436,1437
3949,1697,1698
3949,1729,1730
3949,1835,1836
3950,1436,1437
3950,1524,1525
3950,1706,1707
3950,1779,1780
3951,1436,1437
3951,1758,1759
3951,1785,1786
3951,1816,1817
3952,1436,1437
3952,1758,1759
3952,1816,1817
3952,1835,1836
3953,1436,1437
3953,1646,1647
3953,1785,1786
3953,1816,1817
3954,1436,1437
3954,1646,1647
3954,1697,1698
3954,1816,1817
3955,1436,1437
3955,1697,1698
3955,1816,1817
3955,1835,1836
3956,1436,1437
3956,1572,1573
3956,1706,1707
3956,1779,1780
3957,1436,1437
3957,1572,1573
3957,1729,1730
3957,1779,1780
3958,1436,1437
3958,1572,1573
3958,1706,1707
3958,1729,1730
3959,1478,1479
3959,1524,1525
3959,1766,1767
3959,1779,1780
3960,1478,1479
3960,1485,1486
3960,1524,1525
3960,1779,1780
3961,1399,1400
3961,1478,1479
3961,1485,1486
3961,1779,1780
3962,1399,1400
3962,1478,1479
3962,1527,1528
3962,1779,1780
3963,1478,1479
3963,1527,1528
3963,1766,1767
3963,1779,1780
3964,1478,1479
3964,1524,1525
3964,1561,1562
3964,1766,1767
3965,1478,1479
3965,1561,1562
3965,1600,1601
3965,1766,1767
3966,1399,1400
3966,1478,1479
3966,1527,1528
3966,1600,1601
3967,1478,1479
3967,1527,1528
3967,1600,1601
3967,1766,1767
3968,1399,1400
3968,1478,1479
3968,1552,1553
3968,1600,1601
3969,1400,1401
3969,1478,1479
3969,1485,1486
3969,1524,1525
3970,1400,1401
3970,1478,1479
3970,1485,1486
3970,1658,1659
3971,1400,1401
3971,1478,1479
3971,1524,1525
3971,1561,1562
3972,1400,1401
3972,1478,1479
3972,1561,1562
3972,1658,1659
3973,1478,1479
3973,1480,1481
3973,1561,1562
3973,1658,1659
3974,1399,1400
3974,1478,1479
3974,1485,1486
3974,1576,1577
3975,1399,1400
3975,1478,1479
3975,1552,1553
3975,1576,1577
3976,1478,1479
3976,1480,1481
3976,1552,1553
3976,1600,1601
3977,1478,1479
3977,1480,1481
3977,1561,1562
3977,1600,1601
3978,1478,1479
3978,1485,1486
3978,1576,1577
3978,1658,1659
3979,1478,1479
3979,1489,1490
3979,1576,1577
3979,1658,1659
3980,1478,1479
3980,1480,1481
3980,1489,1490
3980,1658,1659
3981,1478,1479
3981,1489,1490
3981,1552,1553
3981,1576,1577
3982,1478,1479
3982,1480,1481
3982,1489,1490
3982,1552,1553
3983,1300,1301
3983,1350,1351
3983,1402,1403
3983,1411,1412
3984,1300,1301
3984,1350,1351
3984,1359,1360
3984,1411,1412
3985,1300,1301
3985,1350,1351
3985,1359,1360
3985,1541,1542
3986,1300,1301
3986,1350,1351
3986,1454,1455
3986,1541,1542
3987,1300,1301
3987,1454,1455
3987,1541,1542
3987,1570,1571
3988,1112,1113
3988,1261,1262
3988,1353,1354
3988,1376,1377
3989,1261,1262
3989,1291,1292
3989,1353,1354
3989,1376,1377
3990,1220,1221
3990,1261,1262
3990,1291,1292
3990,1376,1377
3991,1286,1287
3991,1291,1292
3991,1353,1354
3991,1376,1377
3992,1112,1113
3992,1167,1168
3992,1353,1354
3992,1376,1377
3993,1220,1221
3993,1225,1226
3993,1261,1262
3993,1376,1377
3994,1220,1221
3994,1225,1226
3994,1246,1247
3994,1376,1377
3995,1112,1113
3995,1225,1226
3995,1261,1262
3995,1376,1377
3996,1220,1221
3996,1263,1264
3996,1291,1292
3996,1376,1377
3997,1263,1264
3997,1286,1287
3997,1291,1292
3997,1376,1377
3998,1220,1221
3998,1246,1247
3998,1263,1264
3998,1376,1377
3999,1167,1168
3999,1297,1298
3999,1353,1354
3999,1376,1377
4000,1286,1287
4000,1297,1298
4000,1353,1354
4000,1376,1377
4001,1049,1050
4001,1112,1113
4001,1142,1143
4001,1328,1329
4002,1049,1050
4002,1142,1143
4002,1260,1261
4002,1328,1329
4003,1049,1050
4003,1130,1131
4003,1260,1261
4003,1328,1329
4004,1049,1050
4004,1077,1078
4004,1130,1131
4004,1260,1261
4005,1049,1050
4005,1077,1078
4005,1196,1197
4005,1260,1261
4006,1049,1050
4006,1142,1143
4006,1196,1197
4006,1260,1261
4007,1049,1050
4007,1077,1078
4007,1085,1086
4007,1130,1131
4008,900,901
4008,1049,1050
4008,1077,1078
4008,1196,1197
4009,900,901
4009,1049,1050
4009,1142,1143
4009,1196,1197
4010,1049,1050
4010,1085,1086
4010,1103,1104
4010,1130,1131
4011,1049,1050
4011,1103,1104
4011,1130,1131
4011,1328,1329
4012,1032,1033
4012,1049,1050
4012,1085,1086
4012,1103,1104
4013,1049,1050
4013,1112,1113
4013,1200,1201
4013,1328,1329
4014,1032,1033
4014,1049,1050
4014,1112,1113
4014,1200,1201
4015,977,978
4015,1049,1050
4015,1077,1078
4015,1085,1086
4016,900,901
4016,977,978
4016,1049,1050
4016,1085,1086
4017,900,901
4017,977,978
4017,1049,1050
4017,1077,1078
4018,1049,1050
4018,1103,1104
4018,1200,1201
4018,1328,1329
4019,1032,1033
4019,1049,1050
4019,1103,1104
4019,1200,1201
4020,1112,1113
4020,1122,1123
4020,1142,1143
4020,1261,1262
4021,1112,1113
4021,1122,1123
4021,1225,1226
4021,1261,1262
4022,1122,1123
4022,1142,1143
4022,1261,1262
4022,1357,1358
4023,1122,1123
4023,1225,1226
4023,1261,1262
4023,1357,1358
4024,900,901
4024,1049,1050
4024,1122,1123
4024,1142,1143
4025,1049,1050
4025,1112,1113
4025,1122,1123
4025,1142,1143
4026,900,901
4026,1049,1050
4026,1112,1113
4026,1122,1123
4027,1206,1207
4027,1209,1210
4027,1253,1254
4027,1508,1509
4028,1206,1207
4028,1253,1254
4028,1508,1509
4028,1560,1561
4029,1206,1207
4029,1232,1233
4029,1277,1278
4029,1560,1561
4030,1206,1207
4030,1253,1254
4030,1277,1278
4030,1560,1561
4031,1206,1207
4031,1209,1210
4031,1253,1254
4031,1265,1266
4032,1206,1207
4032,1253,1254
4032,1265,1266
4032,1301,1302
4033,1124,1125
4033,1206,1207
4033,1277,1278
4033,1301,1302
4034,1124,1125
4034,1206,1207
4034,1253,1254
4034,1277,1278
4035,1124,1125
4035,1206,1207
4035,1253,1254
4035,1301,1302
4036,1567,1568
4036,1585,1586
4036,1603,1604
4036,1618,1619
4037,1454,1455
4037,1569,1570
4037,1585,1586
4037,1603,1604
4038,1567,1568
4038,1569,1570
4038,1585,1586
4038,1603,1604
4039,1350,1351
4039,1402,1403
4039,1585,1586
4039,1618,1619
4040,1350,1351
4040,1454,1455
4040,1585,1586
4040,1603,1604
4041,1479,1480
4041,1567,1568
4041,1585,1586
4041,1618,1619
4042,1287,1288
4042,1585,1586
4042,1603,1604
4042,1618,1619
4043,1287,1288
4043,1350,1351
4043,1585,1586
4043,1618,1619
4044,1287,1288
4044,1350,1351
4044,1585,1586
4044,1603,1604
4045,1402,1403
4045,1479,1480
4045,1585,1586
4045,1618,1619
4046,1300,1301
4046,1350,1351
4046,1402,1403
4046,1585,1586
4047,1300,1301
4047,1350,1351
4047,1454,1455
4047,1585,1586
4048,1479,1480
4048,1569,1570
4048,1585,1586
4048,1740,1741
4049,1567,1568
4049,1569,1570
4049,1585,1586
4049,1740,1741
4050,1479,1480
4050,1567,1568
4050,1585,1586
4050,1740,1741
4051,1454,1455
4051,1569,1570
4051,1570,1571
4051,1585,1586
4052,1300,1301
4052,1454,1455
4052,1570,1571
4052,1585,1586
4053,1479,1480
4053,1569,1570
4053,1585,1586
4053,1789,1790
4054,1514,1515
4054,1552,1553
4054,1600,1601
4054,1604,1605
4055,1514,1515
4055,1521,1522
4055,1604,1605
4055,1616,1617
4056,1282,1283
4056,1521,1522
4056,1604,1605
4056,1616,1617
4057,1480,1481
4057,1552,1553
4057,1600,1601
4057,1604,1605
4058,1282,1283
4058,1407,1408
4058,1592,1593
4058,1604,1605
4059,1282,1283
4059,1407,1408
4059,1604,1605
4059,1616,1617
4060,1407,1408
4060,1552,1553
4060,1604,1605
4060,1616,1617
4061,1480,1481
4061,1509,1510
4061,1604,1605
4061,1606,1607
4062,1509,1510
4062,1592,1593
4062,1604,1605
4062,1606,1607
4063,1480,1481
4063,1509,1510
4063,1552,1553
4063,1604,1605
4064,1407,1408
4064,1509,1510
4064,1552,1553
4064,1604,1605
4065,1407,1408
4065,1509,1510
4065,1592,1593
4065,1604,1605
4066,1504,1505
4066,1552,1553
4066,1604,1605
4066,1616,1617
4067,1504,1505
4067,1514,1515
4067,1604,1605
4067,1616,1617
4068,1504,1505
4068,1514,1515
4068,1552,1553
4068,1604,1605
4069,1507,1508
4069,1521,1522
4069,1596,1597
4069,1618,1619
4070,1507,1508
4070,1521,1522
4070,1596,1597
4070,1771,1772
4071,1507,1508
4071,1567,1568
4071,1596,1597
4071,1618,1619
4072,1507,1508
4072,1567,1568
4072,1596,1597
4072,1771,1772
4073,1514,1515
4073,1521,1522
4073,1596,1597
4073,1771,1772
4074,1479,1480
4074,1567,1568
4074,1596,1597
4074,1740,1741
4075,1479,1480
4075,1567,1568
4075,1596,1597
4075,1618,1619
4076,1551,1552
4076,1567,1568
4076,1596,1597
4076,1740,1741
4077,1551,1552
4077,1567,1568
4077,1596,1597
4077,1771,1772
4078,1551,1552
4078,1596,1597
4078,1725,1726
4078,1740,1741
4079,1551,1552
4079,1596,1597
4079,1725,1726
4079,1771,1772
4080,1438,1439
4080,1482,1483
4080,1510,1511
4080,1578,1579
4081,1438,1439
4081,1460,1461
4081,1482,1483
4081,1578,1579
4082,1215,1216
4082,1273,1274
4082,1482,1483
4082,1578,1579
4083,1215,1216
4083,1482,1483
4083,1510,1511
4083,1578,1579
4084,1224,1225
4084,1273,1274
4084,1482,1483
4084,1578,1579
4085,1224,1225
4085,1460,1461
4085,1482,1483
4085,1578,1579
4086,1213,1214
4086,1224,1225
4086,1460,1461
4086,1578,1579
4087,1273,1274
4087,1362,1363
4087,1575,1576
4087,1578,1579
4088,1213,1214
4088,1362,1363
4088,1575,1576
4088,1578,1579
4089,1213,1214
4089,1575,1576
4089,1578,1579
4089,1590,1591
4090,1438,1439
4090,1510,1511
4090,1578,1579
4090,1803,1804
4091,1438,1439
4091,1578,1579
4091,1590,1591
4091,1803,1804
4092,1224,1225
4092,1273,1274
4092,1362,1363
4092,1578,1579
4093,1213,1214
4093,1224,1225
4093,1362,1363
4093,1578,1579
4094,1347,1348
4094,1438,1439
4094,1460,1461
4094,1578,1579
4095,1347,1348
4095,1438,1439
4095,1578,1579
4095,1590,1591
4096,1213,1214
4096,1347,1348
4096,1460,1461
4096,1578,1579
4097,1213,1214
4097,1347,1348
4097,1578,1579
4097,1590,1591
4098,1215,1216
4098,1542,1543
4098,1581,1582
4098,1621,1622
4099,1273,1274
4099,1470,1471
4099,1581,1582
4099,1605,1606
4100,1542,1543
4100,1581,1582
4100,1621,1622
4100,1722,1723
4101,1215,1216
4101,1532,1533
4101,1542,1543
4101,1581,1582
4102,1470,1471
4102,1532,1533
4102,1542,1543
4102,1581,1582
4103,1431,1432
4103,1470,1471
4103,1542,1543
4103,1581,1582
4104,1431,1432
4104,1542,1543
4104,1581,1582
4104,1722,1723
4105,1255,1256
4105,1431,1432
4105,1554,1555
4105,1581,1582
4106,1255,1256
4106,1554,1555
4106,1581,1582
4106,1605,1606
4107,1215,1216
4107,1273,1274
4107,1532,1533
4107,1581,1582
4108,1273,1274
4108,1470,1471
4108,1532,1533
4108,1581,1582
4109,1255,1256
4109,1431,1432
4109,1470,1471
4109,1581,1582
4110,1255,1256
4110,1470,1471
4110,1581,1582
4110,1605,1606
4111,1417,1418
4111,1431,1432
4111,1554,1555
4111,1581,1582
4112,1417,1418
4112,1431,1432
4112,1581,1582
4112,1722,1723
4113,1417,1418
4113,1554,1555
4113,1581,1582
4113,1722,1723
4114,708,709
4114,717,718
4114,725,726
4114,749,750
4115,664,665
4115,708,709
4115,725,726
4115,749,750
4116,686,687
4116,708,709
4116,725,726
4116,830,831
4117,634,635
4117,708,709
4117,717,718
4117,725,726
4118,634,635
4118,686,687
4118,717,718
4118,725,726
4119,634,635
4119,686,687
4119,708,709
4119,725,726
4120,346,347
4120,392,393
4120,507,508
4120,549,550
4121,392,393
4121,549,550
4121,551,552
4121,554,555
4122,346,347
4122,392,393
4122,549,550
4122,551,552
4123,392,393
4123,507,508
4123,531,532
4123,549,550
4124,509,510
4124,549,550
4124,551,552
4124,554,555
4125,527,528
4125,556,557
4125,575,576
4125,602,603
4126,324,325
4126,527,528
4126,556,557
4126,575,576
4127,527,528
4127,548,549
4127,575,576
4127,602,603
4128,527,528
4128,556,557
4128,602,603
4128,831,832
4129,476,477
4129,527,528
4129,548,549
4129,575,576
4130,324,325
4130,527,528
4130,556,557
4130,600,601
4131,324,325
4131,478,479
4131,527,528
4131,600,601
4132,527,528
4132,533,534
4132,548,549
4132,602,603
4133,527,528
4133,533,534
4133,602,603
4133,831,832
4134,478,479
4134,527,528
4134,567,568
4134,831,832
4135,527,528
4135,600,601
4135,608,609
4135,831,832
4136,478,479
4136,527,528
4136,600,601
4136,608,609
4137,478,479
4137,527,528
4137,608,609
4137,831,832
4138,527,528
4138,533,534
4138,548,549
4138,567,568
4139,527,528
4139,533,534
4139,567,568
4139,831,832
4140,600,601
4140,608,609
4140,831,832
4140,836,837
4141,527,528
4141,600,601
4141,831,832
4141,836,837
4142,527,528
4142,556,557
4142,600,601
4142,836,837
4143,527,528
4143,556,557
4143,831,832
4143,836,837
4144,602,603
4144,636,637
4144,831,832
4144,836,837
4145,556,557
4145,602,603
4145,636,637
4145,836,837
4146,556,557
4146,602,603
4146,831,832
4146,836,837
4147,480,481
4147,600,601
4147,608,609
4147,836,837
4148,480,481
4148,541,542
4148,600,601
4148,836,837
4149,456,457
4149,636,637
4149,700,701
4149,836,837
4150,456,457
4150,556,557
4150,636,637
4150,836,837
4151,456,457
4151,530,531
4151,556,557
4151,598,599
4152,456,457
4152,530,531
4152,556,557
4152,600,601
4153,456,457
4153,556,557
4153,600,601
4153,836,837
4154,456,457
4154,541,542
4154,623,624
4154,744,745
4155,456,457
4155,530,531
4155,541,542
4155,623,624
4156,456,457
4156,530,531
4156,541,542
4156,600,601
4157,456,457
4157,541,542
4157,600,601
4157,836,837
4158,275,276
4158,326,327
4158,421,422
4158,478,479
4159,275,276
4159,387,388
4159,415,416
4159,450,451
4160,275,276
4160,450,451
4160,478,479
4160,608,609
4161,275,276
4161,326,327
4161,478,479
4161,567,568
4162,254,255
4162,280,281
4162,302,303
4162,494,495
4163,518,519
4163,598,599
4163,686,687
4163,725,726
4164,518,519
4164,686,687
4164,717,718
4164,725,726
4165,435,436
4165,518,519
4165,598,599
4165,725,726
4166,518,519
4166,634,635
4166,686,687
4166,717,718
4167,431,432
4167,518,519
4167,634,635
4167,686,687
4168,470,471
4168,679,680
4168,775,776
4168,993,994
4169,679,680
4169,775,776
4169,948,949
4169,993,994
4170,454,455
4170,468,469
4170,474,475
4170,582,583
4171,506,507
4171,582,583
4171,651,652
4171,779,780
4172,296,297
4172,508,509
4172,544,545
4172,582,583
4173,296,297
4173,474,475
4173,544,545
4173,582,583
4174,296,297
4174,468,469
4174,474,475
4174,582,583
4175,296,297
4175,506,507
4175,508,509
4175,582,583
4176,296,297
4176,468,469
4176,506,507
4176,582,583
4177,468,469
4177,506,507
4177,582,583
4177,651,652
4178,454,455
4178,468,469
4178,582,583
4178,651,652
4179,572,573
4179,599,600
4179,742,743
4179,755,756
4180,550,551
4180,599,600
4180,742,743
4180,755,756
4181,572,573
4181,621,622
4181,742,743
4181,755,756
4182,313,314
4182,535,536
4182,621,622
4182,755,756
4183,313,314
4183,572,573
4183,621,622
4183,755,756
4184,299,300
4184,313,314
4184,572,573
4184,755,756
4185,299,300
4185,572,573
4185,599,600
4185,755,756
4186,538,539
4186,751,752
4186,826,827
4186,834,835
4187,696,697
4187,730,731
4187,750,751
4187,834,835
4188,538,539
4188,568,569
4188,826,827
4188,834,835
4189,730,731
4189,750,751
4189,824,825
4189,834,835
4190,730,731
4190,751,752
4190,824,825
4190,834,835
4191,514,515
4191,696,697
4191,826,827
4191,834,835
4192,514,515
4192,568,569
4192,826,827
4192,834,835
4193,538,539
4193,568,569
4193,626,627
4193,834,835
4194,479,480
4194,696,697
4194,750,751
4194,834,835
4195,514,515
4195,696,697
4195,720,721
4195,834,835
4196,514,515
4196,568,569
4196,720,721
4196,834,835
4197,479,480
4197,692,693
4197,750,751
4197,834,835
4198,479,480
4198,626,627
4198,692,693
4198,834,835
4199,692,693
4199,750,751
4199,824,825
4199,834,835
4200,624,625
4200,751,752
4200,824,825
4200,834,835
4201,479,480
4201,696,697
4201,720,721
4201,834,835
4202,479,480
4202,626,627
4202,720,721
4202,834,835
4203,568,569
4203,626,627
4203,720,721
4203,834,835
4204,465,466
4204,481,482
4204,609,610
4204,779,780
4205,444,445
4205,482,483
4205,779,780
4205,810,811
4206,444,445
4206,482,483
4206,506,507
4206,779,780
4207,230,231
4207,370,371
4207,482,483
4207,547,548
4208,482,483
4208,506,507
4208,651,652
4208,779,780
4209,230,231
4209,482,483
4209,506,507
4209,651,652
4210,230,231
4210,482,483
4210,506,507
4210,563,564
4211,481,482
4211,482,483
4211,609,610
4211,779,780
4212,482,483
4212,609,610
4212,651,652
4212,779,780
4213,481,482
4213,482,483
4213,609,610
4213,651,652
4214,481,482
4214,482,483
4214,651,652
4214,710,711
4215,481,482
4215,482,483
4215,547,548
4215,710,711
4216,230,231
4216,347,348
4216,482,483
4216,651,652
4217,230,231
4217,347,348
4217,482,483
4217,547,548
4218,347,348
4218,482,483
4218,651,652
4218,710,711
4219,347,348
4219,482,483
4219,547,548
4219,710,711
4220,727,728
4220,754,755
4220,782,783
4220,811,812
4221,727,728
4221,754,755
4221,782,783
4221,904,905
4222,754,755
4222,782,783
4222,801,802
4222,904,905
4223,806,807
4223,821,822
4223,833,834
4223,858,859
4224,678,679
4224,806,807
4224,833,834
4224,858,859
4225,806,807
4225,837,838
4225,967,968
4225,1002,1003
4226,693,694
4226,771,772
4226,806,807
4226,821,822
4227,693,694
4227,771,772
4227,806,807
4227,967,968
4228,771,772
4228,806,807
4228,821,822
4228,837,838
4229,771,772
4229,806,807
4229,837,838
4229,967,968
4230,806,807
4230,821,822
4230,837,838
4230,1007,1008
4231,806,807
4231,821,822
4231,858,859
4231,1007,1008
4232,253,254
4232,277,278
4232,424,425
4232,457,458
4233,251,252
4233,253,254
4233,277,278
4233,457,458
4234,253,254
4234,331,332
4234,355,356
4234,563,564
4235,253,254
4235,331,332
4235,342,343
4235,424,425
4236,253,254
4236,342,343
4236,424,425
4236,457,458
4237,251,252
4237,253,254
4237,432,433
4237,563,564
4238,251,252
4238,253,254
4238,432,433
4238,457,458
4239,251,252
4239,253,254
4239,355,356
4239,563,564
4240,251,252
4240,253,254
4240,277,278
4240,355,356
4241,88,89
4241,253,254
4241,277,278
4241,355,356
4242,253,254
4242,342,343
4242,458,459
4242,563,564
4243,253,254
4243,331,332
4243,342,343
4243,458,459
4244,253,254
4244,331,332
4244,458,459
4244,563,564
4245,253,254
4245,303,304
4245,342,343
4245,563,564
4246,253,254
4246,303,304
4246,342,343
4246,457,458
4247,253,254
4247,303,304
4247,432,433
4247,563,564
4248,253,254
4248,303,304
4248,432,433
4248,457,458
4249,88,89
4249,253,254
4249,355,356
4249,393,394
4250,253,254
4250,331,332
4250,355,356
4250,393,394
4251,1439,1440
4251,1573,1574
4251,1635,1636
4251,1825,1826
4252,1439,1440
4252,1573,1574
4252,1781,1782
4252,1825,1826
4253,1439,1440
4253,1573,1574
4253,1757,1758
4253,1781,1782
4254,1439,1440
4254,1619,1620
4254,1635,1636
4254,1825,1826
4255,1439,1440
4255,1619,1620
4255,1635,1636
4255,1661,1662
4256,1439,1440
4256,1587,1588
4256,1707,1708
4256,1757,1758
4257,1439,1440
4257,1573,1574
4257,1707,1708
4257,1757,1758
4258,430,431
4258,454,455
4258,510,511
4258,651,652
4259,306,307
4259,454,455
4259,510,511
4259,551,552
4260,306,307
4260,430,431
4260,454,455
4260,510,511
4261,510,511
4261,609,610
4261,651,652
4261,710,711
4262,298,299
4262,306,307
4262,510,511
4262,551,552
4263,430,431
4263,510,511
4263,651,652
4263,710,711
4264,430,431
4264,510,511
4264,607,608
4264,710,711
4265,510,511
4265,557,558
4265,628,629
4265,710,711
4266,510,511
4266,609,610
4266,628,629
4266,710,711
4267,298,299
4267,510,511
4267,557,558
4267,607,608
4268,510,511
4268,557,558
4268,607,608
4268,710,711
4269,298,299
4269,375,376
4269,510,511
4269,607,608
4270,298,299
4270,306,307
4270,375,376
4270,510,511
4271,375,376
4271,430,431
4271,510,511
4271,607,608
4272,306,307
4272,375,376
4272,430,431
4272,510,511
4273,648,649
4273,759,760
4273,772,773
4273,965,966
4274,759,760
4274,763,764
4274,772,773
4274,965,966
4275,648,649
4275,772,773
4275,957,958
4275,965,966
4276,763,764
4276,772,773
4276,957,958
4276,965,966
4277,763,764
4277,835,836
4277,957,958
4277,965,966
4278,639,640
4278,835,836
4278,965,966
4278,993,994
4279,759,760
4279,791,792
4279,819,820
4279,965,966
4280,648,649
4280,819,820
4280,929,930
4280,965,966
4281,648,649
4281,759,760
4281,929,930
4281,965,966
4282,759,760
4282,819,820
4282,929,930
4282,965,966
4283,558,559
4283,722,723
4283,768,769
4283,838,839
4284,768,769
4284,781,782
4284,838,839
4284,909,910
4285,722,723
4285,768,769
4285,838,839
4285,909,910
4286,722,723
4286,781,782
4286,838,839
4286,909,910
4287,436,437
4287,451,452
4287,470,471
4287,613,614
4288,436,437
4288,544,545
4288,733,734
4288,747,748
4289,436,437
4289,451,452
4289,470,471
4289,775,776
4290,436,437
4290,470,471
4290,613,614
4290,639,640
4291,436,437
4291,470,471
4291,639,640
4291,993,994
4292,436,437
4292,470,471
4292,775,776
4292,993,994
4293,436,437
4293,639,640
4293,914,915
4293,993,994
4294,436,437
4294,775,776
4294,914,915
4294,993,994
4295,435,436
4295,602,603
4295,613,614
4295,677,678
4296,435,436
4296,602,603
4296,636,637
4296,677,678
4297,636,637
4297,677,678
4297,759,760
4297,763,764
4298,602,603
4298,636,637
4298,677,678
4298,759,760
4299,435,436
4299,470,471
4299,613,614
4299,677,678
4300,470,471
4300,613,614
4300,639,640
4300,677,678
4301,677,678
4301,759,760
4301,763,764
4301,965,966
4302,602,603
4302,613,614
4302,677,678
4302,791,792
4303,613,614
4303,639,640
4303,677,678
4303,791,792
4304,639,640
4304,677,678
4304,791,792
4304,965,966
4305,602,603
4305,677,678
4305,759,760
4305,791,792
4306,677,678
4306,759,760
4306,791,792
4306,965,966
4307,470,471
4307,639,640
4307,677,678
4307,993,994
4308,639,640
4308,677,678
4308,965,966
4308,993,994
4309,252,253
4309,427,428
4309,494,495
4309,564,565
4310,252,253
4310,315,316
4310,427,428
4310,564,565
4311,315,316
4311,327,328
4311,427,428
4311,564,565
4312,280,281
4312,327,328
4312,427,428
4312,564,565
4313,280,281
4313,302,303
4313,494,495
4313,564,565
4314,254,255
4314,280,281
4314,494,495
4314,564,565
4315,254,255
4315,280,281
4315,427,428
4315,564,565
4316,254,255
4316,427,428
4316,494,495
4316,564,565
4317,248,249
4317,296,297
4317,474,475
4317,544,545
4318,248,249
4318,296,297
4318,474,475
4318,494,495
4319,248,249
4319,296,297
4319,494,495
4319,586,587
4320,248,249
4320,252,253
4320,494,495
4320,586,587
4321,248,249
4321,252,253
4321,494,495
4321,564,565
4322,248,249
4322,544,545
4322,592,593
4322,733,734
4323,248,249
4323,586,587
4323,592,593
4323,621,622
4324,248,249
4324,296,297
4324,508,509
4324,586,587
4325,248,249
4325,508,509
4325,586,587
4325,592,593
4326,248,249
4326,296,297
4326,508,509
4326,544,545
4327,248,249
4327,508,509
4327,544,545
4327,592,593
4328,512,513
4328,533,534
4328,548,549
4328,567,568
4329,512,513
4329,533,534
4329,548,549
4329,791,792
4330,486,487
4330,512,513
4330,533,534
4330,791,792
4331,232,233
4331,324,325
4331,332,333
4331,507,508
4332,232,233
4332,324,325
4332,478,479
4332,527,528
4333,232,233
4333,388,389
4333,476,477
4333,507,508
4334,232,233
4334,332,333
4334,388,389
4334,507,508
4335,232,233
4335,476,477
4335,507,508
4335,575,576
4336,232,233
4336,324,325
4336,507,508
4336,575,576
4337,232,233
4337,302,303
4337,388,389
4337,476,477
4338,232,233
4338,476,477
4338,527,528
4338,575,576
4339,232,233
4339,324,325
4339,527,528
4339,575,576
4340,656,657
4340,828,829
4340,857,858
4340,1160,1161
4341,685,686
4341,828,829
4341,876,877
4341,896,897
4342,656,657
4342,828,829
4342,1092,1093
4342,1160,1161
4343,648,649
4343,685,686
4343,828,829
4343,857,858
4344,648,649
4344,685,686
4344,828,829
4344,896,897
4345,648,649
4345,656,657
4345,828,829
4345,857,858
4346,648,649
4346,656,657
4346,828,829
4346,896,897
4347,828,829
4347,876,877
4347,896,897
4347,1074,1075
4348,828,829
4348,896,897
4348,1074,1075
4348,1092,1093
4349,656,657
4349,828,829
4349,896,897
4349,917,918
4350,828,829
4350,896,897
4350,917,918
4350,1092,1093
4351,656,657
4351,828,829
4351,917,918
4351,1092,1093
4352,589,590
4352,611,612
4352,622,623
4352,652,653
4353,589,590
4353,611,612
4353,642,643
4353,652,653
4354,589,590
4354,652,653
4354,722,723
4354,838,839
4355,558,559
4355,589,590
4355,722,723
4355,838,839
4356,589,590
4356,642,643
4356,652,653
4356,722,723
4357,522,523
4357,548,549
4357,613,614
4357,791,792
4358,447,448
4358,522,523
4358,548,549
4358,791,792
4359,447,448
4359,522,523
4359,548,549
4359,613,614
4360,522,523
4360,613,614
4360,639,640
4360,791,792
4361,522,523
4361,558,559
4361,768,769
4361,838,839
4362,522,523
4362,558,559
4362,589,590
4362,622,623
4363,522,523
4363,558,559
4363,589,590
4363,838,839
4364,522,523
4364,589,590
4364,622,623
4364,652,653
4365,522,523
4365,589,590
4365,652,653
4365,838,839
4366,280,281
4366,327,328
4366,397,398
4366,593,594
4367,280,281
4367,302,303
4367,421,422
4367,466,467
4368,280,281
4368,421,422
4368,466,467
4368,593,594
4369,232,233
4369,302,303
4369,466,467
4369,476,477
4370,232,233
4370,302,303
4370,421,422
4370,466,467
4371,280,281
4371,302,303
4371,466,467
4371,564,565
4372,280,281
4372,327,328
4372,466,467
4372,564,565
4373,280,281
4373,327,328
4373,466,467
4373,593,594
4374,1023,1024
4374,1101,1102
4374,1137,1138
4374,1205,1206
4375,1067,1068
4375,1118,1119
4375,1184,1185
4375,1205,1206
4376,1023,1024
4376,1067,1068
4376,1118,1119
4376,1205,1206
4377,1023,1024
4377,1067,1068
4377,1190,1191
4377,1205,1206
4378,1083,1084
4378,1182,1183
4378,1184,1185
4378,1205,1206
4379,1083,1084
4379,1137,1138
4379,1182,1183
4379,1205,1206
4380,1101,1102
4380,1190,1191
4380,1205,1206
4380,1333,1334
4381,1023,1024
4381,1101,1102
4381,1205,1206
4381,1333,1334
4382,1023,1024
4382,1190,1191
4382,1205,1206
4382,1333,1334
4383,1083,1084
4383,1118,1119
4383,1184,1185
4383,1205,1206
4384,1083,1084
4384,1118,1119
4384,1137,1138
4384,1205,1206
4385,1023,1024
4385,1118,1119
4385,1147,1148
4385,1205,1206
4386,1118,1119
4386,1137,1138
4386,1147,1148
4386,1205,1206
4387,1023,1024
4387,1137,1138
4387,1147,1148
4387,1205,1206
4388,261,262
4388,427,428
4388,467,468
4388,494,495
4389,240,241
4389,261,262
4389,265,266
4389,427,428
4390,261,262
4390,265,266
4390,427,428
4390,467,468
4391,240,241
4391,254,255
4391,261,262
4391,427,428
4392,254,255
4392,261,262
4392,427,428
4392,494,495
4393,261,262
4393,265,266
4393,274,275
4393,467,468
4394,196,197
4394,254,255
4394,261,262
4394,309,310
4395,196,197
4395,240,241
4395,254,255
4395,261,262
4396,196,197
4396,261,262
4396,274,275
4396,309,310
4397,134,135
4397,196,197
4397,240,241
4397,261,262
4398,134,135
4398,240,241
4398,261,262
4398,265,266
4399,134,135
4399,196,197
4399,261,262
4399,274,275
4400,134,135
4400,261,262
4400,265,266
4400,274,275
4401,863,864
4401,865,866
4401,949,950
4401,1009,1010
4402,865,866
4402,915,916
4402,1123,1124
4402,1141,1142
4403,865,866
4403,915,916
4403,949,950
4403,1141,1142
4404,865,866
4404,942,943
4404,1080,1081
4404,1123,1124
4405,865,866
4405,942,943
4405,1052,1053
4405,1123,1124
4406,865,866
4406,1052,1053
4406,1123,1124
4406,1141,1142
4407,882,883
4407,1030,1031
4407,1033,1034
4407,1150,1151
4408,1030,1031
4408,1032,1033
4408,1150,1151
4408,1154,1155
4409,1030,1031
4409,1129,1130
4409,1150,1151
4409,1154,1155
4410,1032,1033
4410,1049,1050
4410,1085,1086
4410,1150,1151
4411,900,901
4411,1049,1050
4411,1085,1086
4411,1150,1151
4412,1032,1033
4412,1150,1151
4412,1154,1155
4412,1167,1168
4413,1032,1033
4413,1049,1050
4413,1112,1113
4413,1150,1151
4414,1018,1019
4414,1085,1086
4414,1131,1132
4414,1149,1150
4415,919,920
4415,1018,1019
4415,1131,1132
4415,1149,1150
4416,1018,1019
4416,1032,1033
4416,1085,1086
4416,1131,1132
4417,882,883
4417,1018,1019
4417,1085,1086
4417,1150,1151
4418,882,883
4418,1018,1019
4418,1030,1031
4418,1150,1151
4419,1018,1019
4419,1032,1033
4419,1085,1086
4419,1150,1151
4420,1018,1019
4420,1030,1031
4420,1032,1033
4420,1150,1151
4421,1018,1019
4421,1032,1033
4421,1054,1055
4421,1131,1132
4422,919,920
4422,1018,1019
4422,1054,1055
4422,1131,1132
4423,852,853
4423,919,920
4423,1018,1019
4423,1149,1150
4424,852,853
4424,919,920
4424,982,983
4424,1018,1019
4425,1018,1019
4425,1032,1033
4425,1054,1055
4425,1292,1293
4426,1018,1019
4426,1030,1031
4426,1032,1033
4426,1292,1293
4427,919,920
4427,1018,1019
4427,1026,1027
4427,1054,1055
4428,852,853
4428,932,933
4428,1018,1019
4428,1149,1150
4429,852,853
4429,932,933
4429,982,983
4429,1018,1019
4430,932,933
4430,982,983
4430,1018,1019
4430,1149,1150
4431,1018,1019
4431,1026,1027
4431,1054,1055
4431,1292,1293
4432,919,920
4432,982,983
4432,1018,1019
4432,1056,1057
4433,882,883
4433,892,893
4433,1033,1034
4433,1106,1107
4434,900,901
4434,977,978
4434,1085,1086
4434,1106,1107
4435,900,901
4435,1085,1086
4435,1106,1107
4435,1150,1151
4436,882,883
4436,977,978
4436,1085,1086
4436,1106,1107
4437,882,883
4437,1085,1086
4437,1106,1107
4437,1150,1151
4438,873,874
4438,892,893
4438,988,989
4438,1106,1107
4439,897,898
4439,977,978
4439,1106,1107
4439,1196,1197
4440,897,898
4440,977,978
4440,988,989
4440,1106,1107
4441,873,874
4441,897,898
4441,988,989
4441,1106,1107
4442,977,978
4442,1077,1078
4442,1106,1107
4442,1196,1197
4443,900,901
4443,977,978
4443,1077,1078
4443,1106,1107
4444,900,901
4444,1077,1078
4444,1106,1107
4444,1196,1197
4445,56,57
4445,77,78
4445,205,206
4445,247,248
4446,56,57
4446,77,78
4446,239,240
4446,247,248
4447,77,78
4447,205,206
4447,247,248
4447,348,349
4448,77,78
4448,135,136
4448,247,248
4448,348,349
4449,77,78
4449,239,240
4449,247,248
4449,256,257
4450,77,78
4450,135,136
4450,247,248
4450,256,257
4451,77,78
4451,96,97
4451,239,240
4451,256,257
4452,77,78
4452,96,97
4452,135,136
4452,256,257
4453,56,57
4453,77,78
4453,110,111
4453,205,206
4454,10,11
4454,77,78
4454,205,206
4454,348,349
4455,10,11
4455,77,78
4455,135,136
4455,348,349
4456,77,78
4456,96,97
4456,114,115
4456,126,127
4457,77,78
4457,96,97
4457,114,115
4457,239,240
4458,16,17
4458,77,78
4458,96,97
4458,126,127
4459,16,17
4459,77,78
4459,96,97
4459,135,136
4460,56,57
4460,77,78
4460,110,111
4460,114,115
4461,56,57
4461,77,78
4461,114,115
4461,239,240
4462,10,11
4462,77,78
4462,110,111
4462,205,206
4463,77,78
4463,110,111
4463,114,115
4463,126,127
4464,10,11
4464,16,17
4464,77,78
4464,135,136
4465,77,78
4465,110,111
4465,112,113
4465,126,127
4466,10,11
4466,77,78
4466,110,111
4466,112,113
4467,16,17
4467,77,78
4467,112,113
4467,126,127
4468,10,11
4468,16,17
4468,77,78
4468,112,113
4469,249,250
4469,256,257
4469,372,373
4469,404,405
4470,249,250
4470,372,373
4470,404,405
4470,415,416
4471,199,200
4471,249,250
4471,256,257
4471,372,373
4472,160,161
4472,249,250
4472,305,306
4472,389,390
4473,160,161
4473,199,200
4473,249,250
4473,389,390
4474,199,200
4474,249,250
4474,372,373
4474,389,390
4475,301,302
4475,321,322
4475,372,373
4475,406,407
4476,231,232
4476,301,302
4476,321,322
4476,406,407
4477,247,248
4477,301,302
4477,321,322
4477,560,561
4478,247,248
4478,301,302
4478,321,322
4478,372,373
4479,247,248
4479,301,302
4479,372,373
4479,560,561
4480,301,302
4480,332,333
4480,379,380
4480,560,561
4481,231,232
4481,301,302
4481,321,322
4481,379,380
4482,234,235
4482,301,302
4482,321,322
4482,560,561
4483,234,235
4483,301,302
4483,321,322
4483,379,380
4484,234,235
4484,301,302
4484,379,380
4484,560,561
4485,301,302
4485,332,333
4485,346,347
4485,388,389
4486,301,302
4486,332,333
4486,346,347
4486,379,380
4487,231,232
4487,301,302
4487,346,347
4487,379,380
4488,231,232
4488,301,302
4488,322,323
4488,388,389
4489,231,232
4489,301,302
4489,322,323
4489,346,347
4490,301,302
4490,322,323
4490,346,347
4490,388,389
4491,12,13
4491,278,279
4491,348,349
4491,406,407
4492,12,13
4492,142,143
4492,348,349
4492,406,407
4493,12,13
4493,59,60
4493,78,79
4493,138,139
4494,12,13
4494,231,232
4494,309,310
4494,406,407
4495,12,13
4495,231,232
4495,278,279
4495,406,407
4496,12,13
4496,196,197
4496,309,310
4496,406,407
4497,12,13
4497,142,143
4497,196,197
4497,406,407
4498,12,13
4498,78,79
4498,231,232
4498,309,310
4499,12,13
4499,78,79
4499,231,232
4499,278,279
4500,12,13
4500,78,79
4500,138,139
4500,309,310
4501,12,13
4501,138,139
4501,196,197
4501,309,310
4502,59,60
4502,108,109
4502,189,190
4502,224,225
4503,0,1
4503,75,76
4503,108,109
4503,356,357
4504,75,76
4504,102,103
4504,108,109
4504,189,190
4505,0,1
4505,75,76
4505,102,103
4505,108,109
4506,108,109
4506,142,143
4506,339,340
4506,356,357
4507,0,1
4507,108,109
4507,117,118
4507,356,357
4508,0,1
4508,108,109
4508,117,118
4508,166,167
4509,29,30
4509,108,109
4509,166,167
4509,339,340
4510,29,30
4510,108,109
4510,142,143
4510,339,340
4511,108,109
4511,117,118
4511,339,340
4511,356,357
4512,108,109
4512,117,118
4512,166,167
4512,339,340
4513,108,109
4513,120,121
4513,189,190
4513,224,225
4514,1450,1451
4514,1538,1539
4514,1573,1574
4514,1768,1769
4515,1538,1539
4515,1573,1574
4515,1707,1708
4515,1768,1769
4516,1538,1539
4516,1693,1694
4516,1707,1708
4516,1768,1769
4517,1450,1451
4517,1573,1574
4517,1635,1636
4517,1768,1769
4518,1587,1588
4518,1693,1694
4518,1707,1708
4518,1768,1769
4519,1405,1406
4519,1450,1451
4519,1635,1636
4519,1768,1769
4520,1405,1406
4520,1635,1636
4520,1661,1662
4520,1768,1769
4521,1439,1440
4521,1573,1574
4521,1635,1636
4521,1768,1769
4522,1439,1440
4522,1635,1636
4522,1661,1662
4522,1768,1769
4523,1439,1440
4523,1587,1588
4523,1661,1662
4523,1768,1769
4524,1439,1440
4524,1587,1588
4524,1707,1708
4524,1768,1769
4525,1439,1440
4525,1573,1574
4525,1707,1708
4525,1768,1769
4526,1405,1406
4526,1417,1418
4526,1661,1662
4526,1768,1769
4527,1417,1418
4527,1693,1694
4527,1739,1740
4527,1768,1769
4528,1587,1588
4528,1693,1694
4528,1739,1740
4528,1768,1769
4529,1417,1418
4529,1661,1662
4529,1739,1740
4529,1768,1769
4530,1587,1588
4530,1661,1662
4530,1739,1740
4530,1768,1769
4531,1389,1390
4531,1491,1492
4531,1660,1661
4531,1673,1674
4532,1652,1653
4532,1673,1674
4532,1734,1735
4532,1822,1823
4533,1652,1653
4533,1673,1674
4533,1734,1735
4533,1767,1768
4534,1673,1674
4534,1691,1692
4534,1734,1735
4534,1822,1823
4535,1389,1390
4535,1673,1674
4535,1691,1692
4535,1734,1735
4536,1389,1390
4536,1673,1674
4536,1691,1692
4536,1822,1823
4537,1673,1674
4537,1764,1765
4537,1806,1807
4537,1822,1823
4538,1673,1674
4538,1764,1765
4538,1767,1768
4538,1806,1807
4539,1491,1492
4539,1673,1674
4539,1764,1765
4539,1822,1823
4540,1673,1674
4540,1764,1765
4540,1765,1766
4540,1767,1768
4541,1473,1474
4541,1491,1492
4541,1673,1674
4541,1822,1823
4542,1389,1390
4542,1473,1474
4542,1491,1492
4542,1673,1674
4543,1389,1390
4543,1473,1474
4543,1673,1674
4543,1822,1823
4544,1389,1390
4544,1634,1635
4544,1673,1674
4544,1734,1735
4545,1389,1390
4545,1634,1635
4545,1660,1661
4545,1673,1674
4546,1652,1653
4546,1673,1674
4546,1806,1807
4546,1822,1823
4547,1652,1653
4547,1673,1674
4547,1767,1768
4547,1806,1807
4548,1491,1492
4548,1622,1623
4548,1673,1674
4548,1764,1765
4549,1491,1492
4549,1622,1623
4549,1660,1661
4549,1673,1674
4550,1673,1674
4550,1765,1766
4550,1767,1768
4550,1836,1837
4551,1622,1623
4551,1673,1674
4551,1764,1765
4551,1765,1766
4552,1634,1635
4552,1673,1674
4552,1734,1735
4552,1836,1837
4553,1673,1674
4553,1734,1735
4553,1767,1768
4553,1836,1837
4554,1622,1623
4554,1660,1661
4554,1692,1693
4554,1823,1824
4555,1692,1693
4555,1765,1766
4555,1836,1837
4555,1849,1850
4556,1642,1643
4556,1692,1693
4556,1836,1837
4556,1849,1850
4557,1632,1633
4557,1692,1693
4557,1823,1824
4557,1849,1850
4558,1632,1633
4558,1642,1643
4558,1692,1693
4558,1849,1850
4559,1622,1623
4559,1673,1674
4559,1692,1693
4559,1765,1766
4560,1622,1623
4560,1660,1661
4560,1673,1674
4560,1692,1693
4561,1673,1674
4561,1692,1693
4561,1765,1766
4561,1836,1837
4562,1634,1635
4562,1642,1643
4562,1692,1693
4562,1836,1837
4563,1634,1635
4563,1642,1643
4563,1660,1661
4563,1692,1693
4564,1692,1693
4564,1765,1766
4564,1775,1776
4564,1849,1850
4565,1622,1623
4565,1692,1693
4565,1765,1766
4565,1775,1776
4566,1692,1693
4566,1775,1776
4566,1823,1824
4566,1849,1850
4567,1622,1623
4567,1692,1693
4567,1775,1776
4567,1823,1824
4568,1634,1635
4568,1673,1674
4568,1692,1693
4568,1836,1837
4569,1634,1635
4569,1660,1661
4569,1673,1674
4569,1692,1693
4570,1451,1452
4570,1627,1628
4570,1744,1745
4570,1817,1818
4571,1627,1628
4571,1726,1727
4571,1744,1745
4571,1817,1818
4572,1651,1652
4572,1726,1727
4572,1744,1745
4572,1817,1818
4573,1651,1652
4573,1726,1727
4573,1817,1818
4573,1819,1820
4574,1451,1452
4574,1627,1628
4574,1669,1670
4574,1817,1818
4575,1389,1390
4575,1471,1472
4575,1627,1628
4575,1760,1761
4576,1471,1472
4576,1627,1628
4576,1726,1727
4576,1760,1761
4577,1389,1390
4577,1471,1472
4577,1634,1635
4577,1760,1761
4578,1471,1472
4578,1634,1635
4578,1760,1761
4578,1839,1840
4579,1471,1472
4579,1726,1727
4579,1760,1761
4579,1839,1840
4580,1389,1390
4580,1471,1472
4580,1634,1635
4580,1660,1661
4581,1471,1472
4581,1633,1634
4581,1634,1635
4581,1839,1840
4582,1471,1472
4582,1633,1634
4582,1726,1727
4582,1839,1840
4583,1471,1472
4583,1633,1634
4583,1634,1635
4583,1660,1661
4584,1471,1472
4584,1633,1634
4584,1678,1679
4584,1711,1712
4585,1420,1421
4585,1665,1666
4585,1809,1810
4585,1819,1820
4586,1420,1421
4586,1665,1666
4586,1726,1727
4586,1819,1820
4587,1420,1421
4587,1462,1463
4587,1809,1810
4587,1819,1820
4588,1420,1421
4588,1726,1727
4588,1817,1818
4588,1819,1820
4589,1420,1421
4589,1627,1628
4589,1726,1727
4589,1817,1818
4590,1420,1421
4590,1665,1666
4590,1713,1714
4590,1809,1810
4591,1420,1421
4591,1462,1463
4591,1817,1818
4591,1819,1820
4592,1420,1421
4592,1462,1463
4592,1627,1628
4592,1817,1818
4593,1420,1421
4593,1471,1472
4593,1627,1628
4593,1678,1679
4594,1420,1421
4594,1471,1472
4594,1627,1628
4594,1726,1727
4595,1420,1421
4595,1471,1472
4595,1633,1634
4595,1678,1679
4596,1420,1421
4596,1471,1472
4596,1633,1634
4596,1726,1727
4597,1420,1421
4597,1665,1666
4597,1713,1714
4597,1763,1764
4598,1420,1421
4598,1633,1634
4598,1713,1714
4598,1763,1764
4599,1420,1421
4599,1665,1666
4599,1726,1727
4599,1763,1764
4600,1420,1421
4600,1633,1634
4600,1726,1727
4600,1763,1764
4601,1420,1421
4601,1462,1463
4601,1472,1473
4601,1809,1810
4602,1420,1421
4602,1462,1463
4602,1472,1473
4602,1516,1517
4603,1420,1421
4603,1516,1517
4603,1678,1679
4603,1711,1712
4604,1420,1421
4604,1633,1634
4604,1678,1679
4604,1711,1712
4605,1420,1421
4605,1633,1634
4605,1711,1712
4605,1713,1714
4606,1420,1421
4606,1472,1473
4606,1713,1714
4606,1809,1810
4607,1420,1421
4607,1472,1473
4607,1516,1517
4607,1711,1712
4608,1420,1421
4608,1472,1473
4608,1563,1564
4608,1713,1714
4609,1420,1421
4609,1472,1473
4609,1563,1564
4609,1711,1712
4610,1420,1421
4610,1563,1564
4610,1711,1712
4610,1713,1714
4611,1516,1517
4611,1583,1584
4611,1678,1679
4611,1723,1724
4612,1583,1584
4612,1627,1628
4612,1669,1670
4612,1742,1743
4613,1548,1549
4613,1583,1584
4613,1669,1670
4613,1742,1743
4614,1462,1463
4614,1526,1527
4614,1583,1584
4614,1669,1670
4615,1462,1463
4615,1516,1517
4615,1526,1527
4615,1583,1584
4616,1462,1463
4616,1583,1584
4616,1669,1670
4616,1817,1818
4617,1583,1584
4617,1627,1628
4617,1669,1670
4617,1817,1818
4618,1462,1463
4618,1583,1584
4618,1627,1628
4618,1817,1818
4619,1420,1421
4619,1462,1463
4619,1516,1517
4619,1583,1584
4620,1420,1421
4620,1516,1517
4620,1583,1584
4620,1678,1679
4621,1420,1421
4621,1462,1463
4621,1583,1584
4621,1627,1628
4622,1420,1421
4622,1583,1584
4622,1627,1628
4622,1678,1679
4623,1394,1395
4623,1526,1527
4623,1583,1584
4623,1669,1670
4624,1394,1395
4624,1548,1549
4624,1583,1584
4624,1669,1670
4625,1394,1395
4625,1548,1549
4625,1583,1584
4625,1723,1724
4626,1394,1395
4626,1526,1527
4626,1555,1556
4626,1583,1584
4627,1516,1517
4627,1526,1527
4627,1555,1556
4627,1583,1584
4628,1394,1395
4628,1555,1556
4628,1583,1584
4628,1723,1724
4629,1516,1517
4629,1555,1556
4629,1583,1584
4629,1723,1724
4630,1218,1219
4630,1272,1273
4630,1500,1501
4630,1611,1612
4631,1272,1273
4631,1392,1393
4631,1500,1501
4631,1611,1612
4632,1218,1219
4632,1272,1273
4632,1500,1501
4632,1548,1549
4633,1272,1273
4633,1500,1501
4633,1548,1549
4633,1723,1724
4634,1278,1279
4634,1392,1393
4634,1500,1501
4634,1611,1612
4635,1461,1462
4635,1475,1476
4635,1500,1501
4635,1723,1724
4636,1218,1219
4636,1500,1501
4636,1548,1549
4636,1553,1554
4637,1218,1219
4637,1500,1501
4637,1611,1612
4637,1612,1613
4638,1278,1279
4638,1500,1501
4638,1611,1612
4638,1612,1613
4639,1218,1219
4639,1500,1501
4639,1553,1554
4639,1571,1572
4640,1218,1219
4640,1500,1501
4640,1571,1572
4640,1612,1613
4641,1278,1279
4641,1500,1501
4641,1571,1572
4641,1612,1613
4642,1127,1128
4642,1214,1215
4642,1257,1258
4642,1318,1319
4643,1046,1047
4643,1146,1147
4643,1284,1285
4643,1346,1347
4644,1050,1051
4644,1127,1128
4644,1189,1190
4644,1237,1238
4645,1050,1051
4645,1127,1128
4645,1237,1238
4645,1295,1296
4646,1050,1051
4646,1156,1157
4646,1237,1238
4646,1295,1296
4647,1050,1051
4647,1071,1072
4647,1127,1128
4647,1295,1296
4648,1050,1051
4648,1071,1072
4648,1193,1194
4648,1295,1296
4649,1050,1051
4649,1164,1165
4649,1193,1194
4649,1295,1296
4650,1050,1051
4650,1156,1157
4650,1164,1165
4650,1237,1238
4651,1050,1051
4651,1156,1157
4651,1164,1165
4651,1295,1296
4652,1050,1051
4652,1117,1118
4652,1189,1190
4652,1237,1238
4653,1050,1051
4653,1117,1118
4653,1164,1165
4653,1237,1238
4654,920,921
4654,921,922
4654,1050,1051
4654,1193,1194
4655,921,922
4655,1050,1051
4655,1164,1165
4655,1193,1194
4656,255,256
4656,260,261
4656,528,529
4656,561,562
4657,379,380
4657,392,393
4657,513,514
4657,528,529
4658,345,346
4658,379,380
4658,392,393
4658,528,529
4659,234,235
4659,260,261
4659,345,346
4659,528,529
4660,234,235
4660,345,346
4660,379,380
4660,528,529
4661,234,235
4661,363,364
4661,384,385
4661,528,529
4662,234,235
4662,300,301
4662,363,364
4662,528,529
4663,234,235
4663,260,261
4663,300,301
4663,528,529
4664,255,256
4664,300,301
4664,363,364
4664,528,529
4665,255,256
4665,260,261
4665,300,301
4665,528,529
4666,234,235
4666,379,380
4666,384,385
4666,528,529
4667,379,380
4667,384,385
4667,513,514
4667,528,529
4668,213,214
4668,325,326
4668,410,411
4668,612,613
4669,255,256
4669,363,364
4669,381,382
4669,410,411
4670,213,214
4670,325,326
4670,328,329
4670,410,411
4671,159,160
4671,213,214
4671,328,329
4671,410,411
4672,335,336
4672,359,360
4672,381,382
4672,410,411
4673,335,336
4673,359,360
4673,363,364
4673,410,411
4674,359,360
4674,363,364
4674,381,382
4674,410,411
4675,159,160
4675,172,173
4675,213,214
4675,410,411
4676,159,160
4676,172,173
4676,335,336
4676,410,411
4677,255,256
4677,410,411
4677,612,613
4677,619,620
4678,213,214
4678,410,411
4678,612,613
4678,619,620
4679,255,256
4679,381,382
4679,570,571
4679,619,620
4680,255,256
4680,381,382
4680,410,411
4680,619,620
4681,172,173
4681,213,214
4681,410,411
4681,619,620
4682,163,164
4682,335,336
4682,381,382
4682,619,620
4683,335,336
4683,381,382
4683,410,411
4683,619,620
4684,163,164
4684,172,173
4684,335,336
4684,619,620
4685,172,173
4685,335,336
4685,410,411
4685,619,620
4686,431,432
4686,437,438
4686,649,650
4686,691,692
4687,267,268
4687,437,438
4687,649,650
4687,691,692
4688,431,432
4688,649,650
4688,691,692
4688,793,794
4689,434,435
4689,634,635
4689,649,650
4689,952,953
4690,634,635
4690,649,650
4690,793,794
4690,952,953
4691,431,432
4691,634,635
4691,649,650
4691,793,794
4692,555,556
4692,579,580
4692,649,650
4692,691,692
4693,267,268
4693,555,556
4693,649,650
4693,691,692
4694,267,268
4694,555,556
4694,579,580
4694,649,650
4695,649,650
4695,672,673
4695,832,833
4695,952,953
4696,579,580
4696,649,650
4696,672,673
4696,832,833
4697,649,650
4697,672,673
4697,738,739
4697,952,953
4698,434,435
4698,649,650
4698,738,739
4698,952,953
4699,434,435
4699,649,650
4699,672,673
4699,738,739
4700,434,435
4700,603,604
4700,649,650
4700,672,673
4701,267,268
4701,498,499
4701,603,604
4701,649,650
4702,267,268
4702,498,499
4702,579,580
4702,649,650
4703,498,499
4703,603,604
4703,649,650
4703,672,673
4704,498,499
4704,579,580
4704,649,650
4704,672,673
4705,267,268
4705,453,454
4705,490,491
4705,606,607
4706,267,268
4706,428,429
4706,490,491
4706,498,499
4707,453,454
4707,488,489
4707,561,562
4707,812,813
4708,453,454
4708,488,489
4708,534,535
4708,812,813
4709,453,454
4709,488,489
4709,561,562
4709,606,607
4710,488,489
4710,561,562
4710,617,618
4710,812,813
4711,437,438
4711,453,454
4711,488,489
4711,606,607
4712,488,489
4712,534,535
4712,761,762
4712,812,813
4713,488,489
4713,617,618
4713,761,762
4713,812,813
4714,488,489
4714,617,618
4714,631,632
4714,761,762
4715,431,432
4715,437,438
4715,554,555
4715,631,632
4716,530,531
4716,531,532
4716,617,618
4716,631,632
4717,530,531
4717,617,618
4717,631,632
4717,761,762
4718,431,432
4718,518,519
4718,554,555
4718,631,632
4719,431,432
4719,518,519
4719,631,632
4719,686,687
4720,518,519
4720,598,599
4720,631,632
4720,686,687
4721,1011,1012
4721,1053,1054
4721,1143,1144
4721,1219,1220
4722,1053,1054
4722,1143,1144
4722,1191,1192
4722,1219,1220
4723,850,851
4723,1143,1144
4723,1191,1192
4723,1219,1220
4724,1068,1069
4724,1219,1220
4724,1249,1250
4724,1301,1302
4725,1219,1220
4725,1249,1250
4725,1288,1289
4725,1301,1302
4726,1053,1054
4726,1068,1069
4726,1219,1220
4726,1249,1250
4727,1178,1179
4727,1219,1220
4727,1249,1250
4727,1288,1289
4728,1053,1054
4728,1178,1179
4728,1219,1220
4728,1249,1250
4729,1178,1179
4729,1191,1192
4729,1219,1220
4729,1288,1289
4730,1053,1054
4730,1178,1179
4730,1191,1192
4730,1219,1220
4731,1179,1180
4731,1219,1220
4731,1265,1266
4731,1301,1302
4732,1179,1180
4732,1219,1220
4732,1288,1289
4732,1301,1302
4733,1191,1192
4733,1198,1199
4733,1219,1220
4733,1288,1289
4734,1179,1180
4734,1198,1199
4734,1219,1220
4734,1288,1289
4735,1091,1092
4735,1133,1134
4735,1281,1282
4735,1289,1290
4736,1176,1177
4736,1195,1196
4736,1281,1282
4736,1324,1325
4737,1133,1134
4737,1281,1282
4737,1324,1325
4737,1352,1353
4738,1091,1092
4738,1245,1246
4738,1281,1282
4738,1289,1290
4739,1091,1092
4739,1195,1196
4739,1245,1246
4739,1281,1282
4740,1176,1177
4740,1281,1282
4740,1324,1325
4740,1352,1353
4741,1028,1029
4741,1258,1259
4741,1281,1282
4741,1352,1353
4742,1028,1029
4742,1133,1134
4742,1281,1282
4742,1352,1353
4743,1028,1029
4743,1258,1259
4743,1281,1282
4743,1289,1290
4744,1028,1029
4744,1133,1134
4744,1281,1282
4744,1289,1290
4745,1195,1196
4745,1221,1222
4745,1245,1246
4745,1281,1282
4746,1087,1088
4746,1310,1311
4746,1373,1374
4746,1401,1402
4747,1087,1088
4747,1146,1147
4747,1284,1285
4747,1346,1347
4748,1087,1088
4748,1284,1285
4748,1310,1311
4748,1346,1347
4749,74,75
4749,152,153
4749,307,308
4749,361,362
4750,74,75
4750,115,116
4750,200,201
4750,307,308
4751,74,75
4751,104,105
4751,115,116
4751,200,201
4752,74,75
4752,115,116
4752,307,308
4752,368,369
4753,74,75
4753,307,308
4753,361,362
4753,368,369
4754,325,326
4754,371,372
4754,428,429
4754,485,486
4755,371,372
4755,428,429
4755,490,491
4755,612,613
4756,213,214
4756,325,326
4756,371,372
4756,612,613
4757,213,214
4757,325,326
4757,328,329
4757,371,372
4758,213,214
4758,328,329
4758,354,355
4758,371,372
4759,81,82
4759,159,160
4759,338,339
4759,354,355
4760,159,160
4760,328,329
4760,338,339
4760,354,355
4761,242,243
4761,293,294
4761,338,339
4761,368,369
4762,1750,1751
4762,1814,1815
4762,1828,1829
4762,1829,1830
4763,1759,1760
4763,1814,1815
4763,1828,1829
4763,1829,1830
4764,1481,1482
4764,1729,1730
4764,1750,1751
4764,1814,1815
4765,1481,1482
4765,1729,1730
4765,1759,1760
4765,1814,1815
4766,1704,1705
4766,1750,1751
4766,1814,1815
4766,1829,1830
4767,1700,1701
4767,1704,1705
4767,1814,1815
4767,1829,1830
4768,1700,1701
4768,1759,1760
4768,1814,1815
4768,1829,1830
4769,1481,1482
4769,1645,1646
4769,1750,1751
4769,1814,1815
4770,1481,1482
4770,1533,1534
4770,1626,1627
4770,1814,1815
4771,1645,1646
4771,1704,1705
4771,1750,1751
4771,1814,1815
4772,1626,1627
4772,1645,1646
4772,1704,1705
4772,1814,1815
4773,1626,1627
4773,1700,1701
4773,1704,1705
4773,1814,1815
4774,1626,1627
4774,1645,1646
4774,1790,1791
4774,1814,1815
4775,1481,1482
4775,1645,1646
4775,1790,1791
4775,1814,1815
4776,1481,1482
4776,1626,1627
4776,1790,1791
4776,1814,1815
4777,1533,1534
4777,1626,1627
4777,1700,1701
4777,1814,1815
4778,1481,1482
4778,1759,1760
4778,1799,1800
4778,1814,1815
4779,1481,1482
4779,1533,1534
4779,1799,1800
4779,1814,1815
4780,1533,1534
4780,1759,1760
4780,1799,1800
4780,1814,1815
4781,1623,1624
4781,1700,1701
4781,1759,1760
4781,1814,1815
4782,1533,1534
4782,1623,1624
4782,1759,1760
4782,1814,1815
4783,1533,1534
4783,1623,1624
4783,1700,1701
4783,1814,1815
4784,1653,1654
4784,1737,1738
4784,1777,1778
4784,1830,1831
4785,1653,1654
4785,1700,1701
4785,1737,1738
4785,1830,1831
4786,1653,1654
4786,1700,1701
4786,1777,1778
4786,1830,1831
4787,1653,1654
4787,1700,1701
4787,1737,1738
4787,1759,1760
4788,1623,1624
4788,1653,1654
4788,1700,1701
4788,1759,1760
4789,1653,1654
4789,1700,1701
4789,1707,1708
4789,1777,1778
4790,1623,1624
4790,1653,1654
4790,1700,1701
4790,1707,1708
4791,1653,1654
4791,1777,1778
4791,1801,1802
4791,1813,1814
4792,1653,1654
4792,1737,1738
4792,1777,1778
4792,1801,1802
4793,1653,1654
4793,1707,1708
4793,1777,1778
4793,1813,1814
4794,1653,1654
4794,1737,1738
4794,1759,1760
4794,1826,1827
4795,1623,1624
4795,1653,1654
4795,1759,1760
4795,1826,1827
4796,1653,1654
4796,1793,1794
4796,1801,1802
4796,1813,1814
4797,1653,1654
4797,1737,1738
4797,1801,1802
4797,1826,1827
4798,1653,1654
4798,1707,1708
4798,1793,1794
4798,1813,1814
4799,1623,1624
4799,1653,1654
4799,1707,1708
4799,1793,1794
4800,1623,1624
4800,1653,1654
4800,1793,1794
4800,1826,1827
4801,1653,1654
4801,1684,1685
4801,1793,1794
4801,1801,1802
4802,1653,1654
4802,1684,1685
4802,1801,1802
4802,1826,1827
4803,1653,1654
4803,1684,1685
4803,1793,1794
4803,1826,1827
4804,1632,1633
4804,1736,1737
4804,1847,1848
4804,1849,1850
4805,1632,1633
4805,1844,1845
4805,1847,1848
4805,1849,1850
4806,1632,1633
4806,1736,1737
4806,1844,1845
4806,1847,1848
4807,1736,1737
4807,1800,1801
4807,1846,1847
4807,1847,1848
4808,1648,1649
4808,1747,1748
4808,1800,1801
4808,1847,1848
4809,1640,1641
4809,1747,1748
4809,1800,1801
4809,1847,1848
4810,1640,1641
4810,1736,1737
4810,1800,1801
4810,1847,1848
4811,1648,1649
4811,1667,1668
4811,1747,1748
4811,1847,1848
4812,1625,1626
4812,1832,1833
4812,1844,1845
4812,1847,1848
4813,1625,1626
4813,1667,1668
4813,1832,1833
4813,1847,1848
4814,1625,1626
4814,1667,1668
4814,1747,1748
4814,1847,1848
4815,1058,1059
4815,1296,1297
4815,1320,1321
4815,1380,1381
4816,1058,1059
4816,1296,1297
4816,1308,1309
4816,1380,1381
4817,1296,1297
4817,1320,1321
4817,1322,1323
4817,1380,1381
4818,1296,1297
4818,1308,1309
4818,1322,1323
4818,1380,1381
4819,1296,1297
4819,1308,1309
4819,1322,1323
4819,1323,1324
4820,1058,1059
4820,1135,1136
4820,1223,1224
4820,1296,1297
4821,1058,1059
4821,1135,1136
4821,1296,1297
4821,1320,1321
4822,1296,1297
4822,1320,1321
4822,1322,1323
4822,1348,1349
4823,1296,1297
4823,1322,1323
4823,1323,1324
4823,1348,1349
4824,1238,1239
4824,1296,1297
4824,1320,1321
4824,1348,1349
4825,1135,1136
4825,1238,1239
4825,1296,1297
4825,1320,1321
4826,1238,1239
4826,1296,1297
4826,1336,1337
4826,1348,1349
4827,1296,1297
4827,1323,1324
4827,1336,1337
4827,1348,1349
4828,1044,1045
4828,1223,1224
4828,1238,1239
4828,1296,1297
4829,1044,1045
4829,1135,1136
4829,1223,1224
4829,1296,1297
4830,1044,1045
4830,1135,1136
4830,1238,1239
4830,1296,1297
4831,1223,1224
4831,1238,1239
4831,1296,1297
4831,1321,1322
4832,1238,1239
4832,1296,1297
4832,1321,1322
4832,1336,1337
4833,1069,1070
4833,1223,1224
4833,1230,1231
4833,1312,1313
4834,1058,1059
4834,1069,1070
4834,1223,1224
4834,1312,1313
4835,1058,1059
4835,1069,1070
4835,1234,1235
4835,1312,1313
4836,1057,1058
4836,1069,1070
4836,1234,1235
4836,1312,1313
4837,1057,1058
4837,1058,1059
4837,1234,1235
4837,1312,1313
4838,1058,1059
4838,1078,1079
4838,1128,1129
4838,1312,1313
4839,1057,1058
4839,1078,1079
4839,1128,1129
4839,1312,1313
4840,1057,1058
4840,1058,1059
4840,1078,1079
4840,1312,1313
4841,1030,1031
4841,1086,1087
4841,1230,1231
4841,1312,1313
4842,1069,1070
4842,1086,1087
4842,1230,1231
4842,1312,1313
4843,1057,1058
4843,1069,1070
4843,1086,1087
4843,1312,1313
4844,1030,1031
4844,1033,1034
4844,1128,1129
4844,1312,1313
4845,1030,1031
4845,1033,1034
4845,1086,1087
4845,1312,1313
4846,1033,1034
4846,1057,1058
4846,1128,1129
4846,1312,1313
4847,1033,1034
4847,1057,1058
4847,1086,1087
4847,1312,1313
4848,1223,1224
4848,1230,1231
4848,1292,1293
4848,1312,1313
4849,1030,1031
4849,1230,1231
4849,1292,1293
4849,1312,1313
4850,1030,1031
4850,1154,1155
4850,1292,1293
4850,1312,1313
4851,8,9
4851,144,145
4851,150,151
4851,343,344
4852,8,9
4852,138,139
4852,150,151
4852,343,344
4853,36,37
4853,138,139
4853,150,151
4853,343,344
4854,138,139
4854,343,344
4854,411,412
4854,420,421
4855,8,9
4855,138,139
4855,343,344
4855,411,412
4856,236,237
4856,311,312
4856,343,344
4856,420,421
4857,21,22
4857,36,37
4857,311,312
4857,343,344
4858,21,22
4858,236,237
4858,311,312
4858,343,344
4859,134,135
4859,138,139
4859,343,344
4859,420,421
4860,134,135
4860,311,312
4860,343,344
4860,420,421
4861,36,37
4861,134,135
4861,138,139
4861,343,344
4862,36,37
4862,134,135
4862,311,312
4862,343,344
4863,31,32
4863,34,35
4863,119,120
4863,195,196
4864,21,22
4864,39,40
4864,195,196
4864,236,237
4865,21,22
4865,39,40
4865,119,120
4865,195,196
4866,21,22
4866,34,35
4866,195,196
4866,236,237
4867,21,22
4867,34,35
4867,119,120
4867,195,196
4868,39,40
4868,119,120
4868,128,129
4868,195,196
4869,31,32
4869,34,35
4869,195,196
4869,314,315
4870,31,32
4870,173,174
4870,195,196
4870,314,315
4871,31,32
4871,128,129
4871,132,133
4871,195,196
4872,31,32
4872,119,120
4872,132,133
4872,195,196
4873,119,120
4873,128,129
4873,132,133
4873,195,196
4874,31,32
4874,128,129
4874,195,196
4874,382,383
4875,31,32
4875,173,174
4875,195,196
4875,382,383
4876,148,149
4876,173,174
4876,195,196
4876,236,237
4877,39,40
4877,48,49
4877,148,149
4877,195,196
4878,48,49
4878,128,129
4878,148,149
4878,195,196
4879,39,40
4879,48,49
4879,128,129
4879,195,196
4880,39,40
4880,42,43
4880,148,149
4880,195,196
4881,42,43
4881,148,149
4881,195,196
4881,236,237
4882,39,40
4882,42,43
4882,195,196
4882,236,237
4883,128,129
4883,195,196
4883,382,383
4883,418,419
4884,173,174
4884,195,196
4884,382,383
4884,418,419
4885,128,129
4885,148,149
4885,195,196
4885,418,419
4886,148,149
4886,173,174
4886,195,196
4886,418,419
4887,123,124
4887,157,158
4887,241,242
4887,276,277
4888,123,124
4888,157,158
4888,241,242
4888,337,338
4889,123,124
4889,222,223
4889,241,242
4889,276,277
4890,85,86
4890,123,124
4890,241,242
4890,337,338
4891,85,86
4891,123,124
4891,222,223
4891,241,242
4892,29,30
4892,241,242
4892,276,277
4892,323,324
4893,29,30
4893,157,158
4893,241,242
4893,323,324
4894,157,158
4894,241,242
4894,276,277
4894,323,324
4895,29,30
4895,134,135
4895,157,158
4895,241,242
4896,134,135
4896,157,158
4896,241,242
4896,337,338
4897,222,223
4897,224,225
4897,241,242
4897,276,277
4898,85,86
4898,241,242
4898,311,312
4898,337,338
4899,85,86
4899,222,223
4899,241,242
4899,311,312
4900,29,30
4900,166,167
4900,224,225
4900,241,242
4901,166,167
4901,224,225
4901,241,242
4901,276,277
4902,29,30
4902,166,167
4902,241,242
4902,276,277
4903,36,37
4903,222,223
4903,241,242
4903,311,312
4904,36,37
4904,222,223
4904,224,225
4904,241,242
4905,36,37
4905,134,135
4905,241,242
4905,311,312
4906,134,135
4906,241,242
4906,311,312
4906,337,338
4907,0,1
4907,98,99
4907,111,112
4907,186,187
4908,0,1
4908,98,99
4908,102,103
4908,186,187
4909,0,1
4909,111,112
4909,166,167
4909,186,187
4910,0,1
4910,108,109
4910,166,167
4910,186,187
4911,0,1
4911,102,103
4911,108,109
4911,186,187
4912,111,112
4912,166,167
4912,186,187
4912,214,215
4913,4,5
4913,166,167
4913,186,187
4913,214,215
4914,4,5
4914,166,167
4914,186,187
4914,224,225
4915,4,5
4915,120,121
4915,186,187
4915,224,225
4916,108,109
4916,166,167
4916,186,187
4916,224,225
4917,108,109
4917,120,121
4917,186,187
4917,224,225
4918,102,103
4918,120,121
4918,186,187
4918,189,190
4919,102,103
4919,108,109
4919,186,187
4919,189,190
4920,108,109
4920,120,121
4920,186,187
4920,189,190
4921,324,325
4921,492,493
4921,517,518
4921,600,601
4922,480,481
4922,492,493
4922,517,518
4922,600,601
4923,225,226
4923,480,481
4923,492,493
4923,517,518
4924,324,325
4924,478,479
4924,517,518
4924,600,601
4925,225,226
4925,450,451
4925,480,481
4925,517,518
4926,225,226
4926,345,346
4926,492,493
4926,517,518
4927,478,479
4927,517,518
4927,600,601
4927,608,609
4928,450,451
4928,478,479
4928,517,518
4928,608,609
4929,480,481
4929,517,518
4929,600,601
4929,608,609
4930,450,451
4930,480,481
4930,517,518
4930,608,609
4931,225,226
4931,415,416
4931,517,518
4931,560,561
4932,225,226
4932,415,416
4932,450,451
4932,517,518
4933,324,325
4933,332,333
4933,517,518
4933,531,532
4934,332,333
4934,345,346
4934,517,518
4934,531,532
4935,324,325
4935,492,493
4935,517,518
4935,531,532
4936,345,346
4936,492,493
4936,517,518
4936,531,532
4937,332,333
4937,345,346
4937,517,518
4937,560,561
4938,225,226
4938,345,346
4938,517,518
4938,560,561
4939,160,161
4939,174,175
4939,249,250
4939,471,472
4940,174,175
4940,249,250
4940,387,388
4940,471,472
4941,24,25
4941,117,118
4941,155,156
4941,243,244
4942,117,118
4942,155,156
4942,160,161
4942,243,244
4943,155,156
4943,160,161
4943,174,175
4943,243,244
4944,117,118
4944,160,161
4944,243,244
4944,339,340
4945,46,47
4945,112,113
4945,127,128
4945,168,169
4946,16,17
4946,112,113
4946,127,128
4946,168,169
4947,10,11
4947,16,17
4947,112,113
4947,127,128
4948,46,47
4948,112,113
4948,127,128
4948,211,212
4949,10,11
4949,112,113
4949,127,128
4949,211,212
4950,46,47
4950,127,128
4950,136,137
4950,168,169
4951,46,47
4951,127,128
4951,136,137
4951,211,212
4952,16,17
4952,75,76
4952,127,128
4952,168,169
4953,10,11
4953,16,17
4953,75,76
4953,127,128
4954,75,76
4954,108,109
4954,127,128
4954,189,190
4955,102,103
4955,127,128
4955,136,137
4955,168,169
4956,102,103
4956,127,128
4956,136,137
4956,189,190
4957,75,76
4957,102,103
4957,127,128
4957,168,169
4958,75,76
4958,102,103
4958,127,128
4958,189,190
4959,33,34
4959,127,128
4959,136,137
4959,189,190
4960,33,34
4960,127,128
4960,136,137
4960,211,212
4961,33,34
4961,156,157
4961,211,212
4961,235,236
4962,8,9
4962,33,34
4962,59,60
4962,235,236
4963,33,34
4963,127,128
4963,211,212
4963,235,236
4964,33,34
4964,156,157
4964,235,236
4964,268,269
4965,8,9
4965,33,34
4965,235,236
4965,268,269
4966,156,157
4966,235,236
4966,278,279
4966,403,404
4967,156,157
4967,235,236
4967,278,279
4967,353,354
4968,156,157
4968,211,212
4968,235,236
4968,353,354
4969,33,34
4969,59,60
4969,189,190
4969,235,236
4970,33,34
4970,127,128
4970,189,190
4970,235,236
4971,10,11
4971,127,128
4971,211,212
4971,235,236
4972,156,157
4972,235,236
4972,268,269
4972,403,404
4973,8,9
4973,235,236
4973,268,269
4973,403,404
4974,8,9
4974,78,79
4974,235,236
4974,403,404
4975,8,9
4975,59,60
4975,78,79
4975,235,236
4976,78,79
4976,235,236
4976,278,279
4976,403,404
4977,10,11
4977,235,236
4977,278,279
4977,353,354
4978,10,11
4978,211,212
4978,235,236
4978,353,354
4979,12,13
4979,78,79
4979,235,236
4979,278,279
4980,12,13
4980,59,60
4980,78,79
4980,235,236
4981,10,11
4981,235,236
4981,278,279
4981,348,349
4982,12,13
4982,235,236
4982,278,279
4982,348,349
4983,1094,1095
4983,1155,1156
4983,1176,1177
4983,1266,1267
4984,1094,1095
4984,1157,1158
4984,1176,1177
4984,1266,1267
4985,1094,1095
4985,1155,1156
4985,1157,1158
4985,1266,1267
4986,942,943
4986,1094,1095
4986,1175,1176
4986,1176,1177
4987,863,864
4987,1009,1010
4987,1094,1095
4987,1155,1156
4988,1043,1044
4988,1070,1071
4988,1175,1176
4988,1204,1205
4989,1043,1044
4989,1070,1071
4989,1175,1176
4989,1236,1237
4990,1236,1237
4990,1326,1327
4990,1370,1371
4990,1459,1460
4991,1326,1327
4991,1338,1339
4991,1370,1371
4991,1459,1460
4992,1043,1044
4992,1236,1237
4992,1326,1327
4992,1459,1460
4993,1043,1044
4993,1326,1327
4993,1338,1339
4993,1459,1460
4994,1258,1259
4994,1326,1327
4994,1338,1339
4994,1370,1371
4995,1070,1071
4995,1175,1176
4995,1236,1237
4995,1326,1327
4996,1043,1044
4996,1175,1176
4996,1236,1237
4996,1326,1327
4997,1070,1071
4997,1211,1212
4997,1236,1237
4997,1326,1327
4998,1258,1259
4998,1326,1327
4998,1370,1371
4998,1374,1375
4999,1211,1212
4999,1258,1259
4999,1326,1327
4999,1374,1375
5000,1070,1071
5000,1211,1212
5000,1326,1327
5000,1352,1353
5001,1211,1212
5001,1258,1259
5001,1326,1327
5001,1352,1353
5002,1070,1071
5002,1175,1176
5002,1326,1327
5002,1352,1353
5003,1236,1237
5003,1315,1316
5003,1326,1327
5003,1370,1371
5004,1315,1316
5004,1326,1327
5004,1370,1371
5004,1374,1375
5005,1211,1212
5005,1236,1237
5005,1315,1316
5005,1326,1327
5006,1211,1212
5006,1315,1316
5006,1326,1327
5006,1374,1375
5007,1285,1286
5007,1512,1513
5007,1540,1541
5007,1565,1566
5008,1337,1338
5008,1512,1513
5008,1540,1541
5008,1565,1566
5009,1285,1286
5009,1512,1513
5009,1565,1566
5009,1614,1615
5010,1337,1338
5010,1512,1513
5010,1565,1566
5010,1614,1615
5011,1285,1286
5011,1540,1541
5011,1565,1566
5011,1612,1613
5012,1337,1338
5012,1393,1394
5012,1540,1541
5012,1565,1566
5013,1268,1269
5013,1285,1286
5013,1565,1566
5013,1614,1615
5014,1268,1269
5014,1337,1338
5014,1565,1566
5014,1614,1615
5015,1393,1394
5015,1429,1430
5015,1540,1541
5015,1565,1566
5016,1429,1430
5016,1540,1541
5016,1565,1566
5016,1612,1613
5017,1226,1227
5017,1268,1269
5017,1370,1371
5017,1565,1566
5018,1226,1227
5018,1268,1269
5018,1285,1286
5018,1565,1566
5019,1268,1269
5019,1370,1371
5019,1443,1444
5019,1565,1566
5020,1268,1269
5020,1337,1338
5020,1443,1444
5020,1565,1566
5021,1285,1286
5021,1421,1422
5021,1565,1566
5021,1612,1613
5022,1212,1213
5022,1421,1422
5022,1565,1566
5022,1612,1613
5023,1226,1227
5023,1285,1286
5023,1421,1422
5023,1565,1566
5024,1212,1213
5024,1226,1227
5024,1370,1371
5024,1565,1566
5025,1212,1213
5025,1226,1227
5025,1421,1422
5025,1565,1566
5026,1226,1227
5026,1285,1286
5026,1360,1361
5026,1421,1422
5027,1226,1227
5027,1356,1357
5027,1360,1361
5027,1421,1422
5028,1285,1286
5028,1360,1361
5028,1421,1422
5028,1617,1618
5029,1356,1357
5029,1360,1361
5029,1421,1422
5029,1617,1618
5030,1285,1286
5030,1360,1361
5030,1518,1519
5030,1617,1618
5031,1356,1357
5031,1360,1361
5031,1518,1519
5031,1617,1618
5032,1226,1227
5032,1268,1269
5032,1285,1286
5032,1360,1361
5033,1285,1286
5033,1360,1361
5033,1518,1519
5033,1614,1615
5034,1268,1269
5034,1285,1286
5034,1360,1361
5034,1614,1615
5035,1226,1227
5035,1319,1320
5035,1356,1357
5035,1360,1361
5036,1207,1208
5036,1366,1367
5036,1421,1422
5036,1444,1445
5037,1207,1208
5037,1226,1227
5037,1366,1367
5037,1421,1422
5038,1207,1208
5038,1212,1213
5038,1421,1422
5038,1444,1445
5039,1207,1208
5039,1212,1213
5039,1226,1227
5039,1421,1422
5040,1207,1208
5040,1221,1222
5040,1226,1227
5040,1366,1367
5041,1207,1208
5041,1221,1222
5041,1245,1246
5041,1366,1367
5042,1207,1208
5042,1245,1246
5042,1366,1367
5042,1444,1445
5043,1207,1208
5043,1212,1213
5043,1289,1290
5043,1444,1445
5044,1207,1208
5044,1212,1213
5044,1258,1259
5044,1289,1290
5045,1207,1208
5045,1212,1213
5045,1258,1259
5045,1370,1371
5046,1207,1208
5046,1212,1213
5046,1226,1227
5046,1370,1371
5047,1207,1208
5047,1221,1222
5047,1245,1246
5047,1281,1282
5048,1207,1208
5048,1245,1246
5048,1289,1290
5048,1444,1445
5049,1207,1208
5049,1258,1259
5049,1338,1339
5049,1370,1371
5050,1207,1208
5050,1226,1227
5050,1338,1339
5050,1370,1371
5051,1207,1208
5051,1258,1259
5051,1281,1282
5051,1289,1290
5052,1207,1208
5052,1245,1246
5052,1281,1282
5052,1289,1290
5053,1484,1485
5053,1528,1529
5053,1575,1576
5053,1605,1606
5054,1273,1274
5054,1528,1529
5054,1575,1576
5054,1605,1606
5055,1273,1274
5055,1528,1529
5055,1575,1576
5055,1578,1579
5056,1484,1485
5056,1528,1529
5056,1554,1555
5056,1605,1606
5057,1484,1485
5057,1528,1529
5057,1554,1555
5057,1792,1793
5058,1528,1529
5058,1554,1555
5058,1581,1582
5058,1605,1606
5059,1215,1216
5059,1510,1511
5059,1528,1529
5059,1621,1622
5060,1215,1216
5060,1528,1529
5060,1581,1582
5060,1621,1622
5061,1273,1274
5061,1528,1529
5061,1581,1582
5061,1605,1606
5062,1215,1216
5062,1273,1274
5062,1528,1529
5062,1578,1579
5063,1215,1216
5063,1510,1511
5063,1528,1529
5063,1578,1579
5064,1215,1216
5064,1273,1274
5064,1528,1529
5064,1581,1582
5065,1412,1413
5065,1547,1548
5065,1727,1728
5065,1761,1762
5066,1412,1413
5066,1547,1548
5066,1761,1762
5066,1792,1793
5067,1412,1413
5067,1533,1534
5067,1727,1728
5067,1761,1762
5068,1412,1413
5068,1533,1534
5068,1538,1539
5068,1761,1762
5069,1412,1413
5069,1450,1451
5069,1538,1539
5069,1761,1762
5070,1412,1413
5070,1450,1451
5070,1761,1762
5070,1792,1793
5071,1412,1413
5071,1533,1534
5071,1538,1539
5071,1693,1694
5072,1397,1398
5072,1412,1413
5072,1533,1534
5072,1722,1723
5073,1412,1413
5073,1450,1451
5073,1538,1539
5073,1768,1769
5074,1412,1413
5074,1533,1534
5074,1693,1694
5074,1722,1723
5075,1405,1406
5075,1412,1413
5075,1450,1451
5075,1792,1793
5076,1405,1406
5076,1412,1413
5076,1450,1451
5076,1768,1769
5077,1412,1413
5077,1538,1539
5077,1693,1694
5077,1768,1769
5078,1412,1413
5078,1417,1418
5078,1693,1694
5078,1768,1769
5079,1412,1413
5079,1417,1418
5079,1693,1694
5079,1722,1723
5080,1405,1406
5080,1412,1413
5080,1417,1418
5080,1768,1769
5081,1412,1413
5081,1417,1418
5081,1554,1555
5081,1722,1723
5082,1405,1406
5082,1412,1413
5082,1417,1418
5082,1554,1555
5083,1405,1406
5083,1412,1413
5083,1554,1555
5083,1792,1793
5084,1309,1310
5084,1476,1477
5084,1597,1598
5084,1650,1651
5085,1406,1407
5085,1476,1477
5085,1529,1530
5085,1668,1669
5086,1476,1477
5086,1505,1506
5086,1668,1669
5086,1769,1770
5087,1309,1310
5087,1441,1442
5087,1476,1477
5087,1650,1651
5088,1441,1442
5088,1476,1477
5088,1650,1651
5088,1769,1770
5089,1309,1310
5089,1441,1442
5089,1476,1477
5089,1562,1563
5090,1427,1428
5090,1441,1442
5090,1476,1477
5090,1562,1563
5091,1427,1428
5091,1441,1442
5091,1476,1477
5091,1769,1770
5092,1461,1462
5092,1562,1563
5092,1723,1724
5092,1753,1754
5093,1461,1462
5093,1529,1530
5093,1562,1563
5093,1753,1754
5094,1461,1462
5094,1475,1476
5094,1723,1724
5094,1753,1754
5095,1476,1477
5095,1529,1530
5095,1562,1563
5095,1753,1754
5096,1476,1477
5096,1529,1530
5096,1668,1669
5096,1753,1754
5097,1461,1462
5097,1475,1476
5097,1529,1530
5097,1753,1754
5098,1475,1476
5098,1678,1679
5098,1723,1724
5098,1753,1754
5099,1529,1530
5099,1668,1669
5099,1753,1754
5099,1776,1777
5100,1516,1517
5100,1678,1679
5100,1723,1724
5100,1753,1754
5101,1414,1415
5101,1475,1476
5101,1529,1530
5101,1753,1754
5102,1414,1415
5102,1529,1530
5102,1753,1754
5102,1776,1777
5103,475,476
5103,692,693
5103,783,784
5103,822,823
5104,407,408
5104,565,566
5104,604,605
5104,721,722
5105,407,408
5105,565,566
5105,721,722
5105,758,759
5106,407,408
5106,585,586
5106,604,605
5106,721,722
5107,407,408
5107,532,533
5107,585,586
5107,721,722
5108,407,408
5108,504,505
5108,721,722
5108,758,759
5109,407,408
5109,504,505
5109,532,533
5109,721,722
5110,504,505
5110,532,533
5110,721,722
5110,758,759
5111,532,533
5111,721,722
5111,758,759
5111,820,821
5112,565,566
5112,604,605
5112,721,722
5112,808,809
5113,565,566
5113,721,722
5113,758,759
5113,808,809
5114,515,516
5114,721,722
5114,758,759
5114,808,809
5115,515,516
5115,721,722
5115,758,759
5115,820,821
5116,281,282
5116,472,473
5116,495,496
5116,578,579
5117,472,473
5117,495,496
5117,578,579
5117,719,720
5118,281,282
5118,472,473
5118,495,496
5118,590,591
5119,472,473
5119,495,496
5119,590,591
5119,719,720
5120,445,446
5120,472,473
5120,521,522
5120,719,720
5121,445,446
5121,472,473
5121,578,579
5121,719,720
5122,281,282
5122,472,473
5122,485,486
5122,590,591
5123,472,473
5123,521,522
5123,590,591
5123,719,720
5124,428,429
5124,472,473
5124,521,522
5124,590,591
5125,428,429
5125,472,473
5125,485,486
5125,590,591
5126,428,429
5126,472,473
5126,485,486
5126,521,522
5127,244,245
5127,281,282
5127,477,478
5127,495,496
5128,244,245
5128,366,367
5128,477,478
5128,495,496
5129,244,245
5129,495,496
5129,536,537
5129,588,589
5130,244,245
5130,284,285
5130,495,496
5130,588,589
5131,244,245
5131,284,285
5131,366,367
5131,588,589
5132,244,245
5132,284,285
5132,366,367
5132,495,496
5133,244,245
5133,281,282
5133,495,496
5133,578,579
5134,244,245
5134,495,496
5134,536,537
5134,578,579
5135,493,494
5135,526,527
5135,568,569
5135,670,671
5136,526,527
5136,568,569
5136,626,627
5136,670,671
5137,538,539
5137,568,569
5137,626,627
5137,670,671
5138,444,445
5138,482,483
5138,670,671
5138,810,811
5139,465,466
5139,538,539
5139,670,671
5139,810,811
5140,482,483
5140,670,671
5140,779,780
5140,810,811
5141,520,521
5141,657,658
5141,658,659
5141,815,816
5142,520,521
5142,657,658
5142,815,816
5142,880,881
5143,442,443
5143,520,521
5143,657,658
5143,658,659
5144,433,434
5144,481,482
5144,597,598
5144,628,629
5145,433,434
5145,481,482
5145,504,505
5145,597,598
5146,433,434
5146,481,482
5146,504,505
5146,767,768
5147,433,434
5147,594,595
5147,597,598
5147,628,629
5148,433,434
5148,594,595
5148,597,598
5148,758,759
5149,433,434
5149,504,505
5149,597,598
5149,758,759
5150,433,434
5150,481,482
5150,609,610
5150,628,629
5151,433,434
5151,594,595
5151,658,659
5151,758,759
5152,433,434
5152,442,443
5152,594,595
5152,628,629
5153,433,434
5153,442,443
5153,594,595
5153,658,659
5154,433,434
5154,442,443
5154,520,521
5154,658,659
5155,504,505
5155,758,759
5155,784,785
5155,820,821
5156,643,644
5156,783,784
5156,784,785
5156,794,795
5157,433,434
5157,504,505
5157,758,759
5157,784,785
5158,433,434
5158,504,505
5158,767,768
5158,784,785
5159,643,644
5159,784,785
5159,788,789
5159,794,795
5160,767,768
5160,784,785
5160,788,789
5160,794,795
5161,643,644
5161,715,716
5161,783,784
5161,784,785
5162,715,716
5162,783,784
5162,784,785
5162,820,821
5163,433,434
5163,658,659
5163,758,759
5163,784,785
5164,643,644
5164,715,716
5164,784,785
5164,815,816
5165,515,516
5165,715,716
5165,784,785
5165,820,821
5166,515,516
5166,758,759
5166,784,785
5166,820,821
5167,643,644
5167,784,785
5167,788,789
5167,815,816
5168,711,712
5168,715,716
5168,784,785
5168,815,816
5169,515,516
5169,711,712
5169,715,716
5169,784,785
5170,515,516
5170,711,712
5170,758,759
5170,784,785
5171,658,659
5171,711,712
5171,758,759
5171,784,785
5172,658,659
5172,711,712
5172,784,785
5172,815,816
5173,520,521
5173,658,659
5173,784,785
5173,815,816
5174,433,434
5174,520,521
5174,658,659
5174,784,785
5175,520,521
5175,767,768
5175,784,785
5175,788,789
5176,433,434
5176,520,521
5176,767,768
5176,784,785
5177,520,521
5177,784,785
5177,788,789
5177,815,816
5178,797,798
5178,823,824
5178,916,917
5178,956,957
5179,661,662
5179,741,742
5179,805,806
5179,916,917
5180,635,636
5180,741,742
5180,805,806
5180,916,917
5181,797,798
5181,916,917
5181,931,932
5181,956,957
5182,741,742
5182,916,917
5182,931,932
5182,956,957
5183,635,636
5183,797,798
5183,916,917
5183,931,932
5184,635,636
5184,741,742
5184,916,917
5184,931,932
5185,103,104
5185,191,192
5185,316,317
5185,403,404
5186,103,104
5186,191,192
5186,316,317
5186,400,401
5187,55,56
5187,103,104
5187,191,192
5187,400,401
5188,191,192
5188,316,317
5188,400,401
5188,403,404
5189,103,104
5189,191,192
5189,278,279
5189,403,404
5190,55,56
5190,103,104
5190,191,192
5190,278,279
5191,156,157
5191,191,192
5191,278,279
5191,403,404
5192,55,56
5192,156,157
5192,191,192
5192,278,279
5193,156,157
5193,191,192
5193,268,269
5193,403,404
5194,44,45
5194,191,192
5194,268,269
5194,403,404
5195,17,18
5195,156,157
5195,191,192
5195,268,269
5196,17,18
5196,55,56
5196,156,157
5196,191,192
5197,17,18
5197,44,45
5197,191,192
5197,413,414
5198,17,18
5198,44,45
5198,191,192
5198,268,269
5199,191,192
5199,250,251
5199,400,401
5199,413,414
5200,44,45
5200,191,192
5200,250,251
5200,413,414
5201,44,45
5201,191,192
5201,250,251
5201,403,404
5202,17,18
5202,176,177
5202,191,192
5202,413,414
5203,17,18
5203,55,56
5203,176,177
5203,191,192
5204,176,177
5204,191,192
5204,400,401
5204,413,414
5205,55,56
5205,176,177
5205,191,192
5205,400,401
5206,191,192
5206,250,251
5206,375,376
5206,400,401
5207,191,192
5207,375,376
5207,400,401
5207,403,404
5208,191,192
5208,250,251
5208,291,292
5208,403,404
5209,191,192
5209,250,251
5209,291,292
5209,375,376
5210,191,192
5210,291,292
5210,375,376
5210,403,404
5211,55,56
5211,176,177
5211,395,396
5211,400,401
5212,176,177
5212,293,294
5212,395,396
5212,400,401
5213,293,294
5213,395,396
5213,400,401
5213,539,540
5214,242,243
5214,293,294
5214,395,396
5214,539,540
5215,176,177
5215,293,294
5215,368,369
5215,395,396
5216,55,56
5216,103,104
5216,395,396
5216,400,401
5217,103,104
5217,395,396
5217,400,401
5217,562,563
5218,395,396
5218,400,401
5218,539,540
5218,562,563
5219,55,56
5219,103,104
5219,238,239
5219,395,396
5220,79,80
5220,92,93
5220,107,108
5220,175,176
5221,79,80
5221,92,93
5221,175,176
5221,180,181
5222,92,93
5222,167,168
5222,175,176
5222,180,181
5223,92,93
5223,167,168
5223,175,176
5223,220,221
5224,92,93
5224,107,108
5224,175,176
5224,220,221
5225,81,82
5225,92,93
5225,167,168
5225,220,221
5226,79,80
5226,92,93
5226,180,181
5226,208,209
5227,92,93
5227,167,168
5227,180,181
5227,208,209
5228,81,82
5228,92,93
5228,101,102
5228,115,116
5229,81,82
5229,92,93
5229,101,102
5229,167,168
5230,92,93
5230,101,102
5230,115,116
5230,167,168
5231,92,93
5231,115,116
5231,154,155
5231,167,168
5232,15,16
5232,81,82
5232,92,93
5232,220,221
5233,15,16
5233,81,82
5233,92,93
5233,107,108
5234,15,16
5234,92,93
5234,107,108
5234,220,221
5235,79,80
5235,92,93
5235,154,155
5235,208,209
5236,92,93
5236,154,155
5236,167,168
5236,208,209
5237,81,82
5237,92,93
5237,338,339
5237,368,369
5238,14,15
5238,79,80
5238,92,93
5238,176,177
5239,79,80
5239,92,93
5239,107,108
5239,176,177
5240,14,15
5240,79,80
5240,92,93
5240,154,155
5241,14,15
5241,92,93
5241,176,177
5241,368,369
5242,92,93
5242,107,108
5242,176,177
5242,368,369
5243,14,15
5243,92,93
5243,115,116
5243,154,155
5244,14,15
5244,92,93
5244,115,116
5244,368,369
5245,15,16
5245,107,108
5245,175,176
5245,201,202
5246,15,16
5246,107,108
5246,201,202
5246,238,239
5247,55,56
5247,201,202
5247,238,239
5247,353,354
5248,55,56
5248,107,108
5248,201,202
5248,238,239
5249,110,111
5249,201,202
5249,238,239
5249,353,354
5250,156,157
5250,201,202
5250,211,212
5250,353,354
5251,110,111
5251,112,113
5251,201,202
5251,353,354
5252,55,56
5252,156,157
5252,201,202
5252,353,354
5253,10,11
5253,112,113
5253,201,202
5253,353,354
5254,10,11
5254,201,202
5254,211,212
5254,353,354
5255,10,11
5255,112,113
5255,201,202
5255,211,212
5256,27,28
5256,46,47
5256,112,113
5256,201,202
5257,46,47
5257,112,113
5257,201,202
5257,211,212
5258,27,28
5258,60,61
5258,112,113
5258,201,202
5259,27,28
5259,46,47
5259,185,186
5259,201,202
5260,46,47
5260,185,186
5260,201,202
5260,211,212
5261,38,39
5261,53,54
5261,64,65
5261,86,87
5262,38,39
5262,64,65
5262,86,87
5262,89,90
5263,32,33
5263,38,39
5263,58,59
5263,86,87
5264,38,39
5264,58,59
5264,86,87
5264,89,90
5265,7,8
5265,38,39
5265,53,54
5265,64,65
5266,7,8
5266,53,54
5266,64,65
5266,67,68
5267,7,8
5267,66,67
5267,376,377
5267,425,426
5268,7,8
5268,64,65
5268,67,68
5268,216,217
5269,7,8
5269,64,65
5269,216,217
5269,376,377
5270,7,8
5270,53,54
5270,67,68
5270,269,270
5271,7,8
5271,67,68
5271,194,195
5271,216,217
5272,7,8
5272,194,195
5272,216,217
5272,376,377
5273,7,8
5273,66,67
5273,67,68
5273,194,195
5274,7,8
5274,66,67
5274,194,195
5274,376,377
5275,7,8
5275,66,67
5275,67,68
5275,162,163
5276,7,8
5276,67,68
5276,162,163
5276,269,270
5277,38,39
5277,99,100
5277,151,152
5277,190,191
5278,38,39
5278,99,100
5278,190,191
5278,425,426
5279,99,100
5279,116,117
5279,190,191
5279,425,426
5280,49,50
5280,99,100
5280,116,117
5280,151,152
5281,99,100
5281,116,117
5281,151,152
5281,320,321
5282,99,100
5282,151,152
5282,190,191
5282,320,321
5283,99,100
5283,116,117
5283,190,191
5283,320,321
5284,38,39
5284,64,65
5284,89,90
5284,99,100
5285,38,39
5285,89,90
5285,99,100
5285,151,152
5286,7,8
5286,38,39
5286,64,65
5286,99,100
5287,7,8
5287,38,39
5287,99,100
5287,425,426
5288,49,50
5288,99,100
5288,116,117
5288,376,377
5289,99,100
5289,116,117
5289,376,377
5289,425,426
5290,28,29
5290,49,50
5290,64,65
5290,99,100
5291,28,29
5291,49,50
5291,99,100
5291,151,152
5292,49,50
5292,64,65
5292,99,100
5292,376,377
5293,28,29
5293,64,65
5293,89,90
5293,99,100
5294,28,29
5294,89,90
5294,99,100
5294,151,152
5295,7,8
5295,64,65
5295,99,100
5295,376,377
5296,7,8
5296,99,100
5296,376,377
5296,425,426
5297,465,466
5297,609,610
5297,702,703
5297,779,780
5298,1322,1323
5298,1442,1443
5298,1452,1453
5298,1487,1488
5299,1442,1443
5299,1452,1453
5299,1487,1488
5299,1555,1556
5300,1452,1453
5300,1487,1488
5300,1555,1556
5300,1562,1563
5301,1322,1323
5301,1452,1453
5301,1477,1478
5301,1487,1488
5302,1272,1273
5302,1442,1443
5302,1452,1453
5302,1555,1556
5303,1309,1310
5303,1452,1453
5303,1487,1488
5303,1562,1563
5304,1309,1310
5304,1452,1453
5304,1477,1478
5304,1487,1488
5305,1262,1263
5305,1279,1280
5305,1452,1453
5305,1477,1478
5306,1279,1280
5306,1322,1323
5306,1452,1453
5306,1477,1478
5307,1262,1263
5307,1309,1310
5307,1452,1453
5307,1562,1563
5308,1262,1263
5308,1309,1310
5308,1452,1453
5308,1477,1478
5309,1262,1263
5309,1452,1453
5309,1461,1462
5309,1562,1563
5310,1452,1453
5310,1461,1462
5310,1562,1563
5310,1723,1724
5311,1452,1453
5311,1555,1556
5311,1562,1563
5311,1723,1724
5312,1272,1273
5312,1452,1453
5312,1555,1556
5312,1723,1724
5313,1262,1263
5313,1279,1280
5313,1392,1393
5313,1452,1453
5314,1272,1273
5314,1279,1280
5314,1392,1393
5314,1452,1453
5315,1279,1280
5315,1322,1323
5315,1452,1453
5315,1522,1523
5316,1322,1323
5316,1442,1443
5316,1452,1453
5316,1522,1523
5317,1272,1273
5317,1279,1280
5317,1452,1453
5317,1522,1523
5318,1272,1273
5318,1442,1443
5318,1452,1453
5318,1522,1523
5319,1262,1263
5319,1392,1393
5319,1452,1453
5319,1461,1462
5320,1452,1453
5320,1461,1462
5320,1500,1501
5320,1723,1724
5321,1272,1273
5321,1452,1453
5321,1500,1501
5321,1723,1724
5322,1392,1393
5322,1452,1453
5322,1461,1462
5322,1500,1501
5323,1272,1273
5323,1392,1393
5323,1452,1453
5323,1500,1501
5324,881,882
5324,933,934
5324,961,962
5324,976,977
5325,871,872
5325,891,892
5325,933,934
5325,976,977
5326,871,872
5326,881,882
5326,933,934
5326,976,977
5327,645,646
5327,730,731
5327,751,752
5327,962,963
5328,751,752
5328,826,827
5328,834,835
5328,962,963
5329,730,731
5329,751,752
5329,834,835
5329,962,963
5330,696,697
5330,826,827
5330,834,835
5330,962,963
5331,696,697
5331,730,731
5331,834,835
5331,962,963
5332,751,752
5332,811,812
5332,826,827
5332,962,963
5333,645,646
5333,727,728
5333,751,752
5333,962,963
5334,645,646
5334,727,728
5334,962,963
5334,990,991
5335,696,697
5335,826,827
5335,962,963
5335,992,993
5336,736,737
5336,811,812
5336,826,827
5336,962,963
5337,736,737
5337,811,812
5337,962,963
5337,990,991
5338,727,728
5338,751,752
5338,811,812
5338,962,963
5339,727,728
5339,811,812
5339,962,963
5339,990,991
5340,641,642
5340,871,872
5340,962,963
5340,990,991
5341,645,646
5341,871,872
5341,962,963
5341,990,991
5342,688,689
5342,696,697
5342,962,963
5342,992,993
5343,688,689
5343,696,697
5343,730,731
5343,962,963
5344,641,642
5344,688,689
5344,962,963
5344,992,993
5345,688,689
5345,730,731
5345,871,872
5345,962,963
5346,645,646
5346,730,731
5346,871,872
5346,962,963
5347,641,642
5347,653,654
5347,962,963
5347,990,991
5348,653,654
5348,736,737
5348,962,963
5348,990,991
5349,641,642
5349,688,689
5349,871,872
5349,962,963
5350,641,642
5350,653,654
5350,962,963
5350,992,993
5351,807,808
5351,826,827
5351,962,963
5351,992,993
5352,736,737
5352,807,808
5352,826,827
5352,962,963
5353,653,654
5353,807,808
5353,962,963
5353,992,993
5354,653,654
5354,736,737
5354,807,808
5354,962,963
5355,716,717
5355,887,888
5355,972,973
5355,988,989
5356,716,717
5356,887,888
5356,956,957
5356,972,973
5357,663,664
5357,716,717
5357,887,888
5357,988,989
5358,663,664
5358,795,796
5358,868,869
5358,932,933
5359,1110,1111
5359,1129,1130
5359,1239,1240
5359,1306,1307
5360,1128,1129
5360,1129,1130
5360,1239,1240
5360,1306,1307
5361,1110,1111
5361,1129,1130
5361,1154,1155
5361,1239,1240
5362,1128,1129
5362,1129,1130
5362,1154,1155
5362,1239,1240
5363,1058,1059
5363,1128,1129
5363,1239,1240
5363,1312,1313
5364,1030,1031
5364,1128,1129
5364,1154,1155
5364,1239,1240
5365,1030,1031
5365,1154,1155
5365,1239,1240
5365,1312,1313
5366,1030,1031
5366,1128,1129
5366,1239,1240
5366,1312,1313
5367,1058,1059
5367,1078,1079
5367,1128,1129
5367,1239,1240
5368,1078,1079
5368,1128,1129
5368,1239,1240
5368,1306,1307
5369,1058,1059
5369,1078,1079
5369,1239,1240
5369,1306,1307
5370,1110,1111
5370,1239,1240
5370,1306,1307
5370,1308,1309
5371,1058,1059
5371,1239,1240
5371,1306,1307
5371,1308,1309
5372,1058,1059
5372,1239,1240
5372,1296,1297
5372,1308,1309
5373,1058,1059
5373,1223,1224
5373,1239,1240
5373,1296,1297
5374,1058,1059
5374,1223,1224
5374,1239,1240
5374,1312,1313
5375,1154,1155
5375,1239,1240
5375,1292,1293
5375,1312,1313
5376,854,855
5376,959,960
5376,1011,1012
5376,1053,1054
5377,959,960
5377,1053,1054
5377,1068,1069
5377,1219,1220
5378,959,960
5378,1011,1012
5378,1053,1054
5378,1219,1220
5379,900,901
5379,1113,1114
5379,1122,1123
5379,1129,1130
5380,860,861
5380,886,887
5380,920,921
5380,975,976
5381,1251,1252
5381,1304,1305
5381,1425,1426
5381,1520,1521
5382,1246,1247
5382,1251,1252
5382,1304,1305
5382,1425,1426
5383,1304,1305
5383,1371,1372
5383,1508,1509
5383,1520,1521
5384,1220,1221
5384,1225,1226
5384,1246,1247
5384,1304,1305
5385,1220,1221
5385,1246,1247
5385,1304,1305
5385,1425,1426
5386,1287,1288
5386,1304,1305
5386,1520,1521
5386,1545,1546
5387,1287,1288
5387,1304,1305
5387,1425,1426
5387,1545,1546
5388,1304,1305
5388,1425,1426
5388,1520,1521
5388,1545,1546
5389,1287,1288
5389,1304,1305
5389,1350,1351
5389,1425,1426
5390,1220,1221
5390,1304,1305
5390,1350,1351
5390,1425,1426
5391,1304,1305
5391,1355,1356
5391,1508,1509
5391,1520,1521
5392,1287,1288
5392,1304,1305
5392,1355,1356
5392,1520,1521
5393,1264,1265
5393,1274,1275
5393,1310,1311
5393,1357,1358
5394,1264,1265
5394,1274,1275
5394,1310,1311
5394,1401,1402
5395,1210,1211
5395,1240,1241
5395,1264,1265
5395,1402,1403
5396,1264,1265
5396,1274,1275
5396,1402,1403
5396,1411,1412
5397,1264,1265
5397,1274,1275
5397,1401,1402
5397,1411,1412
5398,1151,1152
5398,1168,1169
5398,1267,1268
5398,1368,1369
5399,1082,1083
5399,1151,1152
5399,1168,1169
5399,1288,1289
5400,1082,1083
5400,1151,1152
5400,1168,1169
5400,1267,1268
5401,1124,1125
5401,1151,1152
5401,1168,1169
5401,1368,1369
5402,1124,1125
5402,1151,1152
5402,1368,1369
5402,1432,1433
5403,1124,1125
5403,1151,1152
5403,1168,1169
5403,1288,1289
5404,1045,1046
5404,1082,1083
5404,1151,1152
5404,1288,1289
5405,1151,1152
5405,1307,1308
5405,1368,1369
5405,1432,1433
5406,1151,1152
5406,1267,1268
5406,1307,1308
5406,1368,1369
5407,1124,1125
5407,1151,1152
5407,1179,1180
5407,1432,1433
5408,1124,1125
5408,1151,1152
5408,1179,1180
5408,1288,1289
5409,1045,1046
5409,1082,1083
5409,1151,1152
5409,1384,1385
5410,1082,1083
5410,1151,1152
5410,1267,1268
5410,1384,1385
5411,1151,1152
5411,1307,1308
5411,1345,1346
5411,1432,1433
5412,1151,1152
5412,1267,1268
5412,1307,1308
5412,1345,1346
5413,1151,1152
5413,1267,1268
5413,1345,1346
5413,1382,1383
5414,1045,1046
5414,1151,1152
5414,1179,1180
5414,1288,1289
5415,1045,1046
5415,1151,1152
5415,1382,1383
5415,1384,1385
5416,1151,1152
5416,1267,1268
5416,1382,1383
5416,1384,1385
5417,1151,1152
5417,1345,1346
5417,1377,1378
5417,1382,1383
5418,1045,1046
5418,1151,1152
5418,1179,1180
5418,1377,1378
5419,1045,1046
5419,1151,1152
5419,1377,1378
5419,1382,1383
5420,1028,1029
5420,1151,1152
5420,1345,1346
5420,1377,1378
5421,1028,1029
5421,1151,1152
5421,1345,1346
5421,1432,1433
5422,1028,1029
5422,1151,1152
5422,1179,1180
5422,1377,1378
5423,1028,1029
5423,1151,1152
5423,1179,1180
5423,1432,1433
5424,1027,1028
5424,1034,1035
5424,1178,1179
5424,1188,1189
5425,1027,1028
5425,1038,1039
5425,1178,1179
5425,1188,1189
5426,1027,1028
5426,1034,1035
5426,1038,1039
5426,1178,1179
5427,1027,1028
5427,1034,1035
5427,1117,1118
5427,1188,1189
5428,996,997
5428,1027,1028
5428,1034,1035
5428,1117,1118
5429,1027,1028
5429,1117,1118
5429,1187,1188
5429,1188,1189
5430,996,997
5430,1027,1028
5430,1117,1118
5430,1187,1188
5431,1027,1028
5431,1095,1096
5431,1187,1188
5431,1188,1189
5432,1027,1028
5432,1059,1060
5432,1095,1096
5432,1187,1188
5433,1027,1028
5433,1059,1060
5433,1119,1120
5433,1187,1188
5434,996,997
5434,1027,1028
5434,1119,1120
5434,1187,1188
5435,1027,1028
5435,1038,1039
5435,1059,1060
5435,1060,1061
5436,1027,1028
5436,1059,1060
5436,1060,1061
5436,1119,1120
5437,875,876
5437,996,997
5437,1027,1028
5437,1119,1120
5438,1088,1089
5438,1125,1126
5438,1317,1318
5438,1433,1434
5439,1125,1126
5439,1269,1270
5439,1317,1318
5439,1433,1434
5440,1088,1089
5440,1125,1126
5440,1317,1318
5440,1344,1345
5441,1125,1126
5441,1269,1270
5441,1317,1318
5441,1344,1345
5442,1254,1255
5442,1317,1318
5442,1383,1384
5442,1433,1434
5443,1269,1270
5443,1317,1318
5443,1383,1384
5443,1433,1434
5444,1269,1270
5444,1317,1318
5444,1344,1345
5444,1470,1471
5445,1254,1255
5445,1280,1281
5445,1317,1318
5445,1339,1340
5446,1254,1255
5446,1317,1318
5446,1339,1340
5446,1433,1434
5447,1254,1255
5447,1280,1281
5447,1317,1318
5447,1559,1560
5448,1088,1089
5448,1280,1281
5448,1317,1318
5448,1339,1340
5449,1088,1089
5449,1317,1318
5449,1339,1340
5449,1433,1434
5450,1088,1089
5450,1267,1268
5450,1317,1318
5450,1344,1345
5451,1267,1268
5451,1317,1318
5451,1344,1345
5451,1470,1471
5452,1267,1268
5452,1280,1281
5452,1317,1318
5452,1559,1560
5453,1088,1089
5453,1267,1268
5453,1280,1281
5453,1317,1318
5454,1269,1270
5454,1317,1318
5454,1383,1384
5454,1431,1432
5455,1269,1270
5455,1317,1318
5455,1431,1432
5455,1470,1471
5456,1317,1318
5456,1431,1432
5456,1470,1471
5456,1559,1560
5457,1267,1268
5457,1317,1318
5457,1470,1471
5457,1559,1560
5458,1317,1318
5458,1361,1362
5458,1383,1384
5458,1431,1432
5459,1254,1255
5459,1317,1318
5459,1361,1362
5459,1383,1384
5460,1317,1318
5460,1361,1362
5460,1431,1432
5460,1559,1560
5461,1254,1255
5461,1317,1318
5461,1361,1362
5461,1559,1560
5462,1095,1096
5462,1121,1122
5462,1188,1189
5462,1379,1380
5463,1059,1060
5463,1095,1096
5463,1139,1140
5463,1379,1380
5464,1038,1039
5464,1082,1083
5464,1088,1089
5464,1379,1380
5465,1027,1028
5465,1095,1096
5465,1188,1189
5465,1379,1380
5466,1027,1028
5466,1059,1060
5466,1095,1096
5466,1379,1380
5467,1027,1028
5467,1038,1039
5467,1188,1189
5467,1379,1380
5468,1027,1028
5468,1038,1039
5468,1059,1060
5468,1379,1380
5469,1038,1039
5469,1059,1060
5469,1228,1229
5469,1379,1380
5470,1038,1039
5470,1088,1089
5470,1217,1218
5470,1379,1380
5471,1038,1039
5471,1217,1218
5471,1228,1229
5471,1379,1380
5472,1073,1074
5472,1168,1169
5472,1344,1345
5472,1385,1386
5473,1082,1083
5473,1168,1169
5473,1344,1345
5473,1385,1386
5474,1082,1083
5474,1088,1089
5474,1344,1345
5474,1385,1386
5475,1088,1089
5475,1125,1126
5475,1344,1345
5475,1385,1386
5476,1082,1083
5476,1088,1089
5476,1379,1380
5476,1385,1386
5477,1088,1089
5477,1125,1126
5477,1379,1380
5477,1385,1386
5478,1073,1074
5478,1168,1169
5478,1249,1250
5478,1385,1386
5479,1073,1074
5479,1188,1189
5479,1249,1250
5479,1385,1386
5480,1038,1039
5480,1188,1189
5480,1379,1380
5480,1385,1386
5481,1038,1039
5481,1082,1083
5481,1379,1380
5481,1385,1386
5482,1082,1083
5482,1168,1169
5482,1288,1289
5482,1385,1386
5483,1168,1169
5483,1249,1250
5483,1288,1289
5483,1385,1386
5484,1178,1179
5484,1188,1189
5484,1249,1250
5484,1385,1386
5485,1038,1039
5485,1178,1179
5485,1188,1189
5485,1385,1386
5486,1038,1039
5486,1082,1083
5486,1178,1179
5486,1385,1386
5487,1082,1083
5487,1178,1179
5487,1288,1289
5487,1385,1386
5488,1178,1179
5488,1249,1250
5488,1288,1289
5488,1385,1386
5489,917,918
5489,968,969
5489,1021,1022
5489,1111,1112
5490,917,918
5490,968,969
5490,1021,1022
5490,1074,1075
5491,926,927
5491,968,969
5491,1021,1022
5491,1111,1112
5492,926,927
5492,968,969
5492,1021,1022
5492,1074,1075
5493,917,918
5493,1021,1022
5493,1074,1075
5493,1092,1093
5494,926,927
5494,1021,1022
5494,1074,1075
5494,1199,1200
5495,1021,1022
5495,1074,1075
5495,1092,1093
5495,1137,1138
5496,926,927
5496,1021,1022
5496,1170,1171
5496,1199,1200
5497,926,927
5497,1021,1022
5497,1111,1112
5497,1170,1171
5498,1021,1022
5498,1074,1075
5498,1137,1138
5498,1199,1200
5499,955,956
5499,1021,1022
5499,1092,1093
5499,1137,1138
5500,867,868
5500,955,956
5500,1021,1022
5500,1092,1093
5501,867,868
5501,917,918
5501,1021,1022
5501,1092,1093
5502,879,880
5502,1021,1022
5502,1170,1171
5502,1199,1200
5503,879,880
5503,1021,1022
5503,1111,1112
5503,1170,1171
5504,955,956
5504,1021,1022
5504,1137,1138
5504,1199,1200
5505,867,868
5505,879,880
5505,955,956
5505,1021,1022
5506,879,880
5506,955,956
5506,1021,1022
5506,1199,1200
5507,867,868
5507,879,880
5507,1021,1022
5507,1111,1112
5508,867,868
5508,917,918
5508,1021,1022
5508,1111,1112
5509,1125,1126
5509,1139,1140
5509,1216,1217
5509,1433,1434
5510,1088,1089
5510,1125,1126
5510,1216,1217
5510,1433,1434
5511,1125,1126
5511,1139,1140
5511,1216,1217
5511,1379,1380
5512,1088,1089
5512,1216,1217
5512,1339,1340
5512,1433,1434
5513,1088,1089
5513,1125,1126
5513,1216,1217
5513,1379,1380
5514,1059,1060
5514,1139,1140
5514,1216,1217
5514,1379,1380
5515,1059,1060
5515,1216,1217
5515,1228,1229
5515,1379,1380
5516,1088,1089
5516,1216,1217
5516,1217,1218
5516,1339,1340
5517,1216,1217
5517,1217,1218
5517,1228,1229
5517,1339,1340
5518,1088,1089
5518,1216,1217
5518,1217,1218
5518,1379,1380
5519,1216,1217
5519,1217,1218
5519,1228,1229
5519,1379,1380
5520,646,647
5520,675,676
5520,983,984
5520,1010,1011
5521,646,647
5521,785,786
5521,983,984
5521,1010,1011
5522,646,647
5522,785,786
5522,964,965
5522,983,984
5523,646,647
5523,675,676
5523,983,984
5523,1105,1106
5524,646,647
5524,964,965
5524,983,984
5524,1105,1106
5525,675,676
5525,912,913
5525,983,984
5525,1105,1106
5526,912,913
5526,964,965
5526,983,984
5526,1105,1106
5527,675,676
5527,799,800
5527,912,913
5527,983,984
5528,675,676
5528,799,800
5528,983,984
5528,1010,1011
5529,662,663
5529,799,800
5529,912,913
5529,983,984
5530,662,663
5530,912,913
5530,964,965
5530,983,984
5531,806,807
5531,837,838
5531,1002,1003
5531,1134,1135
5532,806,807
5532,837,838
5532,1007,1008
5532,1134,1135
5533,863,864
5533,922,923
5533,1002,1003
5533,1134,1135
5534,922,923
5534,941,942
5534,1002,1003
5534,1134,1135
5535,837,838
5535,922,923
5535,941,942
5535,1134,1135
5536,837,838
5536,941,942
5536,1002,1003
5536,1134,1135
5537,863,864
5537,922,923
5537,1009,1010
5537,1134,1135
5538,737,738
5538,833,834
5538,914,915
5538,938,939
5539,728,729
5539,737,738
5539,833,834
5539,914,915
5540,723,724
5540,728,729
5540,737,738
5540,833,834
5541,728,729
5541,737,738
5541,747,748
5541,914,915
5542,723,724
5542,728,729
5542,737,738
5542,747,748
5543,650,651
5543,723,724
5543,737,738
5543,754,755
5544,673,674
5544,737,738
5544,914,915
5544,938,939
5545,737,738
5545,754,755
5545,782,783
5545,801,802
5546,723,724
5546,737,738
5546,754,755
5546,811,812
5547,678,679
5547,737,738
5547,833,834
5547,938,939
5548,800,801
5548,910,911
5548,938,939
5548,1016,1017
5549,910,911
5549,938,939
5549,1016,1017
5549,1084,1085
5550,800,801
5550,867,868
5550,910,911
5550,1016,1017
5551,867,868
5551,910,911
5551,1016,1017
5551,1084,1085
5552,800,801
5552,867,868
5552,910,911
5552,1006,1007
5553,678,679
5553,858,859
5553,910,911
5553,938,939
5554,867,868
5554,910,911
5554,915,916
5554,1006,1007
5555,899,900
5555,958,959
5555,1061,1062
5555,1084,1085
5556,879,880
5556,899,900
5556,978,979
5556,1080,1081
5557,879,880
5557,899,900
5557,978,979
5557,1061,1062
5558,899,900
5558,908,909
5558,913,914
5558,978,979
5559,850,851
5559,899,900
5559,978,979
5559,1061,1062
5560,850,851
5560,899,900
5560,913,914
5560,978,979
5561,867,868
5561,879,880
5561,899,900
5561,1080,1081
5562,867,868
5562,899,900
5562,1080,1081
5562,1084,1085
5563,867,868
5563,879,880
5563,899,900
5563,1061,1062
5564,867,868
5564,899,900
5564,1061,1062
5564,1084,1085
5565,899,900
5565,908,909
5565,978,979
5565,1140,1141
5566,899,900
5566,908,909
5566,1140,1141
5566,1158,1159
5567,848,849
5567,1098,1099
5567,1158,1159
5567,1194,1195
5568,848,849
5568,961,962
5568,1158,1159
5568,1194,1195
5569,1098,1099
5569,1140,1141
5569,1194,1195
5569,1234,1235
5570,1098,1099
5570,1140,1141
5570,1158,1159
5570,1194,1195
5571,908,909
5571,1140,1141
5571,1158,1159
5571,1194,1195
5572,908,909
5572,961,962
5572,1158,1159
5572,1194,1195
5573,933,934
5573,961,962
5573,976,977
5573,1024,1025
5574,1024,1025
5574,1057,1058
5574,1069,1070
5574,1086,1087
5575,848,849
5575,961,962
5575,1024,1025
5575,1194,1195
5576,844,845
5576,1024,1025
5576,1072,1073
5576,1086,1087
5577,848,849
5577,881,882
5577,933,934
5577,1024,1025
5578,881,882
5578,933,934
5578,961,962
5578,1024,1025
5579,848,849
5579,881,882
5579,961,962
5579,1024,1025
5580,1229,1230
5580,1365,1366
5580,1416,1417
5580,1501,1502
5581,1286,1287
5581,1365,1366
5581,1416,1417
5581,1501,1502
5582,1229,1230
5582,1416,1417
5582,1501,1502
5582,1607,1608
5583,1115,1116
5583,1229,1230
5583,1416,1417
5583,1607,1608
5584,1115,1116
5584,1229,1230
5584,1416,1417
5584,1584,1585
5585,1229,1230
5585,1365,1366
5585,1416,1417
5585,1584,1585
5586,1286,1287
5586,1365,1366
5586,1416,1417
5586,1584,1585
5587,1246,1247
5587,1416,1417
5587,1501,1502
5587,1607,1608
5588,1286,1287
5588,1297,1298
5588,1416,1417
5588,1584,1585
5589,1115,1116
5589,1297,1298
5589,1416,1417
5589,1584,1585
5590,1110,1111
5590,1246,1247
5590,1416,1417
5590,1607,1608
5591,1110,1111
5591,1115,1116
5591,1416,1417
5591,1607,1608
5592,1263,1264
5592,1286,1287
5592,1416,1417
5592,1501,1502
5593,1263,1264
5593,1286,1287
5593,1376,1377
5593,1416,1417
5594,1246,1247
5594,1263,1264
5594,1416,1417
5594,1501,1502
5595,1246,1247
5595,1263,1264
5595,1376,1377
5595,1416,1417
5596,1286,1287
5596,1297,1298
5596,1376,1377
5596,1416,1417
5597,1110,1111
5597,1246,1247
5597,1376,1377
5597,1416,1417
5598,1115,1116
5598,1167,1168
5598,1297,1298
5598,1416,1417
5599,1167,1168
5599,1297,1298
5599,1376,1377
5599,1416,1417
5600,1110,1111
5600,1115,1116
5600,1167,1168
5600,1416,1417
5601,1110,1111
5601,1167,1168
5601,1376,1377
5601,1416,1417
5602,844,845
5602,1048,1049
5602,1076,1077
5602,1230,1231
5603,1069,1070
5603,1076,1077
5603,1230,1231
5603,1387,1388
5604,1048,1049
5604,1076,1077
5604,1230,1231
5604,1387,1388
5605,1048,1049
5605,1076,1077
5605,1202,1203
5605,1387,1388
5606,872,873
5606,1048,1049
5606,1076,1077
5606,1202,1203
5607,844,845
5607,872,873
5607,1048,1049
5607,1076,1077
5608,1069,1070
5608,1076,1077
5608,1086,1087
5608,1230,1231
5609,1024,1025
5609,1069,1070
5609,1076,1077
5609,1086,1087
5610,844,845
5610,1076,1077
5610,1086,1087
5610,1230,1231
5611,844,845
5611,1024,1025
5611,1076,1077
5611,1086,1087
5612,848,849
5612,1024,1025
5612,1076,1077
5612,1194,1195
5613,848,849
5613,933,934
5613,1024,1025
5613,1076,1077
5614,844,845
5614,933,934
5614,1024,1025
5614,1076,1077
5615,872,873
5615,1012,1013
5615,1076,1077
5615,1202,1203
5616,844,845
5616,872,873
5616,933,934
5616,1076,1077
5617,866,867
5617,872,873
5617,1012,1013
5617,1076,1077
5618,866,867
5618,933,934
5618,1012,1013
5618,1076,1077
5619,866,867
5619,872,873
5619,933,934
5619,1076,1077
5620,881,882
5620,933,934
5620,1012,1013
5620,1076,1077
5621,848,849
5621,881,882
5621,1012,1013
5621,1076,1077
5622,848,849
5622,881,882
5622,933,934
5622,1076,1077
5623,937,938
5623,982,983
5623,1001,1002
5623,1056,1057
5624,937,938
5624,982,983
5624,1072,1073
5624,1086,1087
5625,844,845
5625,937,938
5625,982,983
5625,1086,1087
5626,844,845
5626,937,938
5626,1072,1073
5626,1086,1087
5627,844,845
5627,924,925
5627,933,934
5627,937,938
5628,844,845
5628,924,925
5628,937,938
5628,1056,1057
5629,844,845
5629,933,934
5629,937,938
5629,1024,1025
5630,844,845
5630,937,938
5630,1024,1025
5630,1072,1073
5631,891,892
5631,933,934
5631,937,938
5631,976,977
5632,933,934
5632,937,938
5632,976,977
5632,1024,1025
5633,937,938
5633,976,977
5633,1024,1025
5633,1072,1073
5634,924,925
5634,925,926
5634,933,934
5634,937,938
5635,891,892
5635,925,926
5635,933,934
5635,937,938
5636,802,803
5636,891,892
5636,937,938
5636,1001,1002
5637,802,803
5637,924,925
5637,937,938
5637,1056,1057
5638,802,803
5638,937,938
5638,1001,1002
5638,1056,1057
5639,802,803
5639,924,925
5639,925,926
5639,937,938
5640,802,803
5640,891,892
5640,925,926
5640,937,938
5641,1022,1023
5641,1035,1036
5641,1107,1108
5641,1302,1303
5642,1022,1023
5642,1098,1099
5642,1195,1196
5642,1234,1235
5643,1022,1023
5643,1035,1036
5643,1097,1098
5643,1107,1108
5644,1022,1023
5644,1035,1036
5644,1098,1099
5644,1372,1373
5645,1022,1023
5645,1098,1099
5645,1266,1267
5645,1372,1373
5646,1022,1023
5646,1098,1099
5646,1195,1196
5646,1266,1267
5647,1022,1023
5647,1035,1036
5647,1097,1098
5647,1372,1373
5648,1022,1023
5648,1097,1098
5648,1266,1267
5648,1372,1373
5649,1022,1023
5649,1097,1098
5649,1107,1108
5649,1221,1222
5650,1022,1023
5650,1097,1098
5650,1221,1222
5650,1266,1267
5651,1022,1023
5651,1195,1196
5651,1221,1222
5651,1266,1267
5652,1022,1023
5652,1195,1196
5652,1221,1222
5652,1245,1246
5653,1058,1059
5653,1078,1079
5653,1171,1172
5653,1245,1246
5654,1078,1079
5654,1171,1172
5654,1234,1235
5654,1245,1246
5655,1058,1059
5655,1078,1079
5655,1171,1172
5655,1234,1235
5656,1171,1172
5656,1245,1246
5656,1332,1333
5656,1380,1381
5657,1058,1059
5657,1171,1172
5657,1245,1246
5657,1380,1381
5658,1171,1172
5658,1195,1196
5658,1234,1235
5658,1245,1246
5659,1022,1023
5659,1171,1172
5659,1195,1196
5659,1245,1246
5660,1022,1023
5660,1171,1172
5660,1195,1196
5660,1234,1235
5661,1058,1059
5661,1069,1070
5661,1135,1136
5661,1171,1172
5662,1058,1059
5662,1069,1070
5662,1171,1172
5662,1234,1235
5663,1171,1172
5663,1320,1321
5663,1332,1333
5663,1380,1381
5664,1135,1136
5664,1171,1172
5664,1320,1321
5664,1332,1333
5665,1058,1059
5665,1171,1172
5665,1320,1321
5665,1380,1381
5666,1058,1059
5666,1135,1136
5666,1171,1172
5666,1320,1321
5667,1107,1108
5667,1171,1172
5667,1332,1333
5667,1366,1367
5668,1171,1172
5668,1245,1246
5668,1332,1333
5668,1366,1367
5669,1022,1023
5669,1107,1108
5669,1171,1172
5669,1302,1303
5670,1022,1023
5670,1107,1108
5670,1171,1172
5670,1221,1222
5671,1022,1023
5671,1171,1172
5671,1221,1222
5671,1245,1246
5672,1069,1070
5672,1135,1136
5672,1171,1172
5672,1302,1303
5673,1107,1108
5673,1171,1172
5673,1221,1222
5673,1366,1367
5674,1171,1172
5674,1221,1222
5674,1245,1246
5674,1366,1367
5675,1107,1108
5675,1171,1172
5675,1186,1187
5675,1332,1333
5676,1107,1108
5676,1171,1172
5676,1186,1187
5676,1302,1303
5677,1135,1136
5677,1171,1172
5677,1186,1187
5677,1332,1333
5678,1135,1136
5678,1171,1172
5678,1186,1187
5678,1302,1303
5679,1078,1079
5679,1081,1082
5679,1195,1196
5679,1234,1235
5680,1081,1082
5680,1140,1141
5680,1195,1196
5680,1234,1235
5681,1057,1058
5681,1078,1079
5681,1081,1082
5681,1234,1235
5682,908,909
5682,1081,1082
5682,1140,1141
5682,1194,1195
5683,1081,1082
5683,1140,1141
5683,1194,1195
5683,1234,1235
5684,908,909
5684,978,979
5684,1081,1082
5684,1140,1141
5685,908,909
5685,913,914
5685,978,979
5685,1081,1082
5686,1081,1082
5686,1140,1141
5686,1195,1196
5686,1324,1325
5687,908,909
5687,1057,1058
5687,1081,1082
5687,1194,1195
5688,1057,1058
5688,1081,1082
5688,1194,1195
5688,1234,1235
5689,978,979
5689,1081,1082
5689,1140,1141
5689,1324,1325
5690,1081,1082
5690,1195,1196
5690,1281,1282
5690,1324,1325
5691,978,979
5691,1081,1082
5691,1133,1134
5691,1324,1325
5692,1078,1079
5692,1081,1082
5692,1091,1092
5692,1195,1196
5693,1081,1082
5693,1091,1092
5693,1195,1196
5693,1281,1282
5694,1081,1082
5694,1133,1134
5694,1281,1282
5694,1324,1325
5695,671,672
5695,729,730
5695,741,742
5695,880,881
5696,671,672
5696,956,957
5696,969,970
5696,972,973
5697,671,672
5697,716,717
5697,956,957
5697,972,973
5698,671,672
5698,729,730
5698,880,881
5698,987,988
5699,671,672
5699,931,932
5699,956,957
5699,969,970
5700,671,672
5700,741,742
5700,931,932
5700,956,957
5701,671,672
5701,716,717
5701,880,881
5701,987,988
5702,671,672
5702,729,730
5702,741,742
5702,931,932
5703,671,672
5703,729,730
5703,746,747
5703,987,988
5704,671,672
5704,746,747
5704,960,961
5704,987,988
5705,661,662
5705,724,725
5705,741,742
5705,916,917
5706,724,725
5706,741,742
5706,916,917
5706,956,957
5707,657,658
5707,661,662
5707,711,712
5707,724,725
5708,657,658
5708,724,725
5708,741,742
5708,880,881
5709,657,658
5709,661,662
5709,724,725
5709,741,742
5710,671,672
5710,724,725
5710,741,742
5710,880,881
5711,671,672
5711,724,725
5711,741,742
5711,956,957
5712,724,725
5712,823,824
5712,916,917
5712,956,957
5713,657,658
5713,711,712
5713,724,725
5713,815,816
5714,657,658
5714,724,725
5714,815,816
5714,880,881
5715,716,717
5715,724,725
5715,815,816
5715,880,881
5716,671,672
5716,716,717
5716,724,725
5716,880,881
5717,671,672
5717,716,717
5717,724,725
5717,956,957
5718,665,666
5718,724,725
5718,798,799
5718,823,824
5719,665,666
5719,711,712
5719,724,725
5719,798,799
5720,711,712
5720,724,725
5720,798,799
5720,815,816
5721,716,717
5721,724,725
5721,798,799
5721,815,816
5722,724,725
5722,798,799
5722,823,824
5722,887,888
5723,716,717
5723,724,725
5723,798,799
5723,887,888
5724,724,725
5724,823,824
5724,887,888
5724,956,957
5725,716,717
5725,724,725
5725,887,888
5725,956,957
5726,732,733
5726,753,754
5726,821,822
5726,833,834
5727,732,733
5727,753,754
5727,821,822
5727,901,902
5728,699,700
5728,732,733
5728,821,822
5728,901,902
5729,728,729
5729,732,733
5729,753,754
5729,833,834
5730,699,700
5730,732,733
5730,821,822
5730,858,859
5731,732,733
5731,821,822
5731,833,834
5731,858,859
5732,652,653
5732,728,729
5732,732,733
5732,753,754
5733,732,733
5733,781,782
5733,833,834
5733,858,859
5734,699,700
5734,722,723
5734,732,733
5734,901,902
5735,728,729
5735,732,733
5735,781,782
5735,833,834
5736,642,643
5736,652,653
5736,732,733
5736,753,754
5737,642,643
5737,732,733
5737,753,754
5737,901,902
5738,699,700
5738,722,723
5738,732,733
5738,781,782
5739,642,643
5739,652,653
5739,722,723
5739,732,733
5740,642,643
5740,722,723
5740,732,733
5740,901,902
5741,728,729
5741,732,733
5741,781,782
5741,838,839
5742,652,653
5742,728,729
5742,732,733
5742,838,839
5743,722,723
5743,732,733
5743,781,782
5743,838,839
5744,652,653
5744,722,723
5744,732,733
5744,838,839
5745,449,450
5745,550,551
5745,742,743
5745,809,810
5746,449,450
5746,742,743
5746,753,754
5746,809,810
5747,449,450
5747,550,551
5747,742,743
5747,755,756
5748,449,450
5748,753,754
5748,809,810
5748,901,902
5749,449,450
5749,642,643
5749,753,754
5749,901,902
5750,592,593
5750,610,611
5750,703,704
5750,742,743
5751,610,611
5751,703,704
5751,742,743
5751,753,754
5752,592,593
5752,610,611
5752,703,704
5752,733,734
5753,610,611
5753,652,653
5753,703,704
5753,733,734
5754,610,611
5754,652,653
5754,703,704
5754,753,754
5755,592,593
5755,621,622
5755,703,704
5755,742,743
5756,449,450
5756,703,704
5756,742,743
5756,753,754
5757,642,643
5757,652,653
5757,703,704
5757,753,754
5758,535,536
5758,621,622
5758,703,704
5758,755,756
5759,621,622
5759,703,704
5759,742,743
5759,755,756
5760,535,536
5760,611,612
5760,621,622
5760,703,704
5761,611,612
5761,652,653
5761,703,704
5761,733,734
5762,449,450
5762,535,536
5762,703,704
5762,755,756
5763,449,450
5763,703,704
5763,742,743
5763,755,756
5764,449,450
5764,535,536
5764,642,643
5764,703,704
5765,449,450
5765,642,643
5765,703,704
5765,753,754
5766,535,536
5766,611,612
5766,642,643
5766,703,704
5767,611,612
5767,642,643
5767,652,653
5767,703,704
5768,248,249
5768,592,593
5768,703,704
5768,733,734
5769,248,249
5769,592,593
5769,621,622
5769,703,704
5770,1697,1698
5770,1728,1729
5770,1805,1806
5770,1840,1841
5771,1654,1655
5771,1728,1729
5771,1805,1806
5771,1840,1841
5772,1654,1655
5772,1662,1663
5772,1728,1729
5772,1840,1841
5773,1654,1655
5773,1728,1729
5773,1794,1795
5773,1805,1806
5774,1697,1698
5774,1728,1729
5774,1797,1798
5774,1840,1841
5775,1662,1663
5775,1728,1729
5775,1797,1798
5775,1840,1841
5776,1646,1647
5776,1728,1729
5776,1794,1795
5776,1805,1806
5777,1646,1647
5777,1697,1698
5777,1728,1729
5777,1805,1806
5778,1697,1698
5778,1728,1729
5778,1797,1798
5778,1816,1817
5779,1646,1647
5779,1697,1698
5779,1728,1729
5779,1816,1817
5780,1646,1647
5780,1728,1729
5780,1794,1795
5780,1810,1811
5781,1654,1655
5781,1728,1729
5781,1794,1795
5781,1810,1811
5782,1655,1656
5782,1728,1729
5782,1797,1798
5782,1816,1817
5783,1655,1656
5783,1662,1663
5783,1728,1729
5783,1797,1798
5784,1654,1655
5784,1728,1729
5784,1751,1752
5784,1810,1811
5785,1654,1655
5785,1662,1663
5785,1728,1729
5785,1751,1752
5786,1404,1405
5786,1655,1656
5786,1728,1729
5786,1816,1817
5787,1646,1647
5787,1725,1726
5787,1728,1729
5787,1816,1817
5788,1646,1647
5788,1725,1726
5788,1728,1729
5788,1810,1811
5789,1404,1405
5789,1725,1726
5789,1728,1729
5789,1816,1817
5790,1404,1405
5790,1725,1726
5790,1728,1729
5790,1810,1811
5791,1404,1405
5791,1551,1552
5791,1671,1672
5791,1810,1811
5792,1551,1552
5792,1659,1660
5792,1671,1672
5792,1810,1811
5793,1404,1405
5793,1551,1552
5793,1671,1672
5793,1699,1700
5794,1551,1552
5794,1613,1614
5794,1659,1660
5794,1671,1672
5795,1551,1552
5795,1613,1614
5795,1671,1672
5795,1699,1700
5796,1613,1614
5796,1659,1660
5796,1671,1672
5796,1738,1739
5797,1613,1614
5797,1671,1672
5797,1699,1700
5797,1738,1739
5798,1404,1405
5798,1671,1672
5798,1728,1729
5798,1810,1811
5799,1671,1672
5799,1728,1729
5799,1751,1752
5799,1810,1811
5800,1659,1660
5800,1671,1672
5800,1788,1789
5800,1810,1811
5801,1671,1672
5801,1751,1752
5801,1788,1789
5801,1810,1811
5802,1659,1660
5802,1671,1672
5802,1738,1739
5802,1788,1789
5803,1662,1663
5803,1671,1672
5803,1683,1684
5803,1751,1752
5804,1662,1663
5804,1671,1672
5804,1728,1729
5804,1751,1752
5805,1671,1672
5805,1683,1684
5805,1741,1742
5805,1751,1752
5806,1671,1672
5806,1741,1742
5806,1751,1752
5806,1788,1789
5807,1671,1672
5807,1738,1739
5807,1741,1742
5807,1788,1789
5808,1519,1520
5808,1632,1633
5808,1688,1689
5808,1736,1737
5809,1519,1520
5809,1563,1564
5809,1688,1689
5809,1711,1712
5810,1519,1520
5810,1563,1564
5810,1668,1669
5810,1711,1712
5811,1519,1520
5811,1563,1564
5811,1688,1689
5811,1702,1703
5812,1505,1506
5812,1519,1520
5812,1563,1564
5812,1668,1669
5813,1519,1520
5813,1688,1689
5813,1702,1703
5813,1736,1737
5814,1519,1520
5814,1640,1641
5814,1702,1703
5814,1736,1737
5815,1505,1506
5815,1519,1520
5815,1640,1641
5815,1702,1703
5816,1505,1506
5816,1519,1520
5816,1563,1564
5816,1702,1703
5817,1519,1520
5817,1632,1633
5817,1689,1690
5817,1736,1737
5818,1588,1589
5818,1689,1690
5818,1708,1709
5818,1823,1824
5819,1632,1633
5819,1689,1690
5819,1708,1709
5819,1823,1824
5820,1519,1520
5820,1640,1641
5820,1689,1690
5820,1736,1737
5821,1670,1671
5821,1787,1788
5821,1815,1816
5821,1831,1832
5822,1670,1671
5822,1729,1730
5822,1787,1788
5822,1815,1816
5823,1670,1671
5823,1729,1730
5823,1759,1760
5823,1815,1816
5824,1670,1671
5824,1815,1816
5824,1828,1829
5824,1831,1832
5825,1670,1671
5825,1759,1760
5825,1815,1816
5825,1828,1829
5826,1670,1671
5826,1759,1760
5826,1814,1815
5826,1828,1829
5827,1670,1671
5827,1729,1730
5827,1759,1760
5827,1814,1815
5828,1670,1671
5828,1697,1698
5828,1729,1730
5828,1835,1836
5829,1670,1671
5829,1697,1698
5829,1835,1836
5829,1837,1838
5830,1670,1671
5830,1750,1751
5830,1814,1815
5830,1828,1829
5831,1670,1671
5831,1729,1730
5831,1750,1751
5831,1814,1815
5832,1670,1671
5832,1729,1730
5832,1750,1751
5832,1835,1836
5833,1670,1671
5833,1750,1751
5833,1828,1829
5833,1837,1838
5834,1670,1671
5834,1750,1751
5834,1835,1836
5834,1837,1838
5835,1453,1454
5835,1506,1507
5835,1510,1511
5835,1803,1804
5836,1655,1656
5836,1775,1776
5836,1797,1798
5836,1808,1809
5837,1655,1656
5837,1797,1798
5837,1808,1809
5837,1835,1836
5838,1481,1482
5838,1539,1540
5838,1808,1809
5838,1835,1836
5839,1750,1751
5839,1775,1776
5839,1797,1798
5839,1808,1809
5840,1655,1656
5840,1808,1809
5840,1816,1817
5840,1835,1836
5841,1539,1540
5841,1808,1809
5841,1816,1817
5841,1835,1836
5842,1539,1540
5842,1655,1656
5842,1808,1809
5842,1816,1817
5843,1750,1751
5843,1797,1798
5843,1808,1809
5843,1835,1836
5844,1481,1482
5844,1750,1751
5844,1808,1809
5844,1835,1836
5845,1481,1482
5845,1727,1728
5845,1790,1791
5845,1808,1809
5846,1481,1482
5846,1539,1540
5846,1727,1728
5846,1808,1809
5847,1481,1482
5847,1645,1646
5847,1790,1791
5847,1808,1809
5848,1481,1482
5848,1645,1646
5848,1750,1751
5848,1808,1809
5849,1645,1646
5849,1750,1751
5849,1775,1776
5849,1808,1809
5850,1622,1623
5850,1645,1646
5850,1790,1791
5850,1808,1809
5851,1622,1623
5851,1645,1646
5851,1775,1776
5851,1808,1809
5852,1506,1507
5852,1709,1710
5852,1754,1755
5852,1771,1772
5853,1539,1540
5853,1709,1710
5853,1785,1786
5853,1816,1817
5854,1506,1507
5854,1527,1528
5854,1709,1710
5854,1771,1772
5855,1709,1710
5855,1725,1726
5855,1785,1786
5855,1816,1817
5856,1404,1405
5856,1539,1540
5856,1709,1710
5856,1816,1817
5857,1527,1528
5857,1709,1710
5857,1725,1726
5857,1785,1786
5858,1527,1528
5858,1709,1710
5858,1725,1726
5858,1771,1772
5859,1404,1405
5859,1709,1710
5859,1725,1726
5859,1816,1817
5860,1404,1405
5860,1551,1552
5860,1709,1710
5860,1754,1755
5861,1551,1552
5861,1709,1710
5861,1754,1755
5861,1771,1772
5862,1539,1540
5862,1709,1710
5862,1758,1759
5862,1785,1786
5863,1404,1405
5863,1551,1552
5863,1709,1710
5863,1725,1726
5864,1551,1552
5864,1709,1710
5864,1725,1726
5864,1771,1772
5865,1579,1580
5865,1627,1628
5865,1686,1687
5865,1742,1743
5866,1553,1554
5866,1579,1580
5866,1686,1687
5866,1742,1743
5867,1389,1390
5867,1579,1580
5867,1627,1628
5867,1686,1687
5868,1389,1390
5868,1473,1474
5868,1579,1580
5868,1686,1687
5869,1473,1474
5869,1553,1554
5869,1579,1580
5869,1686,1687
5870,1389,1390
5870,1471,1472
5870,1579,1580
5870,1627,1628
5871,1579,1580
5871,1583,1584
5871,1627,1628
5871,1678,1679
5872,1579,1580
5872,1583,1584
5872,1627,1628
5872,1742,1743
5873,1579,1580
5873,1583,1584
5873,1678,1679
5873,1723,1724
5874,1475,1476
5874,1579,1580
5874,1678,1679
5874,1723,1724
5875,1471,1472
5875,1579,1580
5875,1627,1628
5875,1678,1679
5876,1389,1390
5876,1473,1474
5876,1579,1580
5876,1660,1661
5877,1389,1390
5877,1471,1472
5877,1579,1580
5877,1660,1661
5878,1548,1549
5878,1579,1580
5878,1583,1584
5878,1742,1743
5879,1548,1549
5879,1579,1580
5879,1583,1584
5879,1723,1724
5880,1548,1549
5880,1553,1554
5880,1579,1580
5880,1742,1743
5881,1475,1476
5881,1500,1501
5881,1579,1580
5881,1723,1724
5882,1475,1476
5882,1500,1501
5882,1553,1554
5882,1579,1580
5883,1473,1474
5883,1579,1580
5883,1660,1661
5883,1663,1664
5884,1475,1476
5884,1579,1580
5884,1660,1661
5884,1663,1664
5885,1500,1501
5885,1548,1549
5885,1579,1580
5885,1723,1724
5886,1500,1501
5886,1548,1549
5886,1553,1554
5886,1579,1580
5887,1429,1430
5887,1467,1468
5887,1536,1537
5887,1571,1572
5888,1429,1430
5888,1467,1468
5888,1571,1572
5888,1575,1576
5889,1467,1468
5889,1547,1548
5889,1636,1637
5889,1792,1793
5890,1467,1468
5890,1536,1537
5890,1547,1548
5890,1636,1637
5891,1429,1430
5891,1467,1468
5891,1484,1485
5891,1575,1576
5892,1467,1468
5892,1528,1529
5892,1547,1548
5892,1792,1793
5893,1278,1279
5893,1467,1468
5893,1571,1572
5893,1575,1576
5894,1429,1430
5894,1467,1468
5894,1484,1485
5894,1774,1775
5895,1429,1430
5895,1467,1468
5895,1536,1537
5895,1774,1775
5896,1467,1468
5896,1484,1485
5896,1774,1775
5896,1792,1793
5897,1467,1468
5897,1536,1537
5897,1636,1637
5897,1774,1775
5898,1467,1468
5898,1484,1485
5898,1528,1529
5898,1575,1576
5899,1467,1468
5899,1484,1485
5899,1528,1529
5899,1792,1793
5900,1450,1451
5900,1467,1468
5900,1636,1637
5900,1774,1775
5901,1450,1451
5901,1467,1468
5901,1774,1775
5901,1792,1793
5902,1450,1451
5902,1467,1468
5902,1636,1637
5902,1792,1793
5903,1536,1537
5903,1553,1554
5903,1571,1572
5903,1732,1733
5904,1473,1474
5904,1536,1537
5904,1553,1554
5904,1732,1733
5905,1473,1474
5905,1553,1554
5905,1579,1580
5905,1732,1733
5906,1475,1476
5906,1553,1554
5906,1579,1580
5906,1732,1733
5907,1473,1474
5907,1491,1492
5907,1536,1537
5907,1732,1733
5908,1473,1474
5908,1579,1580
5908,1663,1664
5908,1732,1733
5909,1475,1476
5909,1579,1580
5909,1663,1664
5909,1732,1733
5910,1467,1468
5910,1536,1537
5910,1571,1572
5910,1732,1733
5911,1473,1474
5911,1491,1492
5911,1663,1664
5911,1732,1733
5912,1491,1492
5912,1536,1537
5912,1547,1548
5912,1732,1733
5913,1467,1468
5913,1536,1537
5913,1547,1548
5913,1732,1733
5914,1414,1415
5914,1475,1476
5914,1663,1664
5914,1732,1733
5915,1390,1391
5915,1472,1473
5915,1516,1517
5915,1563,1564
5916,1390,1391
5916,1427,1428
5916,1472,1473
5916,1516,1517
5917,1390,1391
5917,1472,1473
5917,1496,1497
5917,1563,1564
5918,1390,1391
5918,1496,1497
5918,1563,1564
5918,1769,1770
5919,1390,1391
5919,1516,1517
5919,1563,1564
5919,1711,1712
5920,1390,1391
5920,1418,1419
5920,1427,1428
5920,1472,1473
5921,1390,1391
5921,1418,1419
5921,1427,1428
5921,1769,1770
5922,1390,1391
5922,1418,1419
5922,1472,1473
5922,1496,1497
5923,1390,1391
5923,1418,1419
5923,1496,1497
5923,1769,1770
5924,1390,1391
5924,1563,1564
5924,1668,1669
5924,1769,1770
5925,1390,1391
5925,1563,1564
5925,1668,1669
5925,1711,1712
5926,1390,1391
5926,1427,1428
5926,1516,1517
5926,1562,1563
5927,1390,1391
5927,1516,1517
5927,1678,1679
5927,1711,1712
5928,1390,1391
5928,1516,1517
5928,1678,1679
5928,1753,1754
5929,1390,1391
5929,1678,1679
5929,1711,1712
5929,1753,1754
5930,1390,1391
5930,1668,1669
5930,1711,1712
5930,1753,1754
5931,1390,1391
5931,1516,1517
5931,1562,1563
5931,1723,1724
5932,1390,1391
5932,1562,1563
5932,1723,1724
5932,1753,1754
5933,1390,1391
5933,1516,1517
5933,1723,1724
5933,1753,1754
5934,1390,1391
5934,1427,1428
5934,1476,1477
5934,1562,1563
5935,1390,1391
5935,1427,1428
5935,1476,1477
5935,1769,1770
5936,1390,1391
5936,1476,1477
5936,1668,1669
5936,1769,1770
5937,1390,1391
5937,1476,1477
5937,1562,1563
5937,1753,1754
5938,1390,1391
5938,1476,1477
5938,1668,1669
5938,1753,1754
5939,1243,1244
5939,1259,1260
5939,1407,1408
5939,1498,1499
5940,1243,1244
5940,1386,1387
5940,1407,1408
5940,1498,1499
5941,1243,1244
5941,1259,1260
5941,1407,1408
5941,1509,1510
5942,1243,1244
5942,1259,1260
5942,1464,1465
5942,1580,1581
5943,1243,1244
5943,1259,1260
5943,1509,1510
5943,1580,1581
5944,1243,1244
5944,1407,1408
5944,1509,1510
5944,1552,1553
5945,1243,1244
5945,1386,1387
5945,1407,1408
5945,1552,1553
5946,1243,1244
5946,1489,1490
5946,1509,1510
5946,1580,1581
5947,1243,1244
5947,1386,1387
5947,1464,1465
5947,1576,1577
5948,1243,1244
5948,1386,1387
5948,1552,1553
5948,1576,1577
5949,1243,1244
5949,1252,1253
5949,1464,1465
5949,1580,1581
5950,1243,1244
5950,1252,1253
5950,1489,1490
5950,1580,1581
5951,1243,1244
5951,1489,1490
5951,1552,1553
5951,1576,1577
5952,1243,1244
5952,1489,1490
5952,1509,1510
5952,1552,1553
5953,1243,1244
5953,1252,1253
5953,1464,1465
5953,1576,1577
5954,1243,1244
5954,1252,1253
5954,1489,1490
5954,1576,1577
5955,1073,1074
5955,1396,1397
5955,1424,1425
5955,1498,1499
5956,1168,1169
5956,1344,1345
5956,1396,1397
5956,1424,1425
5957,1073,1074
5957,1168,1169
5957,1344,1345
5957,1396,1397
5958,1073,1074
5958,1168,1169
5958,1396,1397
5958,1424,1425
5959,1344,1345
5959,1396,1397
5959,1424,1425
5959,1532,1533
5960,1386,1387
5960,1396,1397
5960,1424,1425
5960,1532,1533
5961,1386,1387
5961,1396,1397
5961,1424,1425
5961,1498,1499
5962,1073,1074
5962,1259,1260
5962,1271,1272
5962,1396,1397
5963,1259,1260
5963,1271,1272
5963,1396,1397
5963,1498,1499
5964,1073,1074
5964,1271,1272
5964,1396,1397
5964,1498,1499
5965,1269,1270
5965,1344,1345
5965,1396,1397
5965,1532,1533
5966,1243,1244
5966,1259,1260
5966,1396,1397
5966,1498,1499
5967,1243,1244
5967,1386,1387
5967,1396,1397
5967,1498,1499
5968,1125,1126
5968,1269,1270
5968,1344,1345
5968,1396,1397
5969,1073,1074
5969,1344,1345
5969,1385,1386
5969,1396,1397
5970,1269,1270
5970,1396,1397
5970,1464,1465
5970,1532,1533
5971,1243,1244
5971,1259,1260
5971,1396,1397
5971,1464,1465
5972,1386,1387
5972,1396,1397
5972,1464,1465
5972,1532,1533
5973,1243,1244
5973,1386,1387
5973,1396,1397
5973,1464,1465
5974,1259,1260
5974,1367,1368
5974,1396,1397
5974,1464,1465
5975,1269,1270
5975,1367,1368
5975,1396,1397
5975,1464,1465
5976,1232,1233
5976,1271,1272
5976,1298,1299
5976,1407,1408
5977,1232,1233
5977,1282,1283
5977,1298,1299
5977,1407,1408
5978,1282,1283
5978,1298,1299
5978,1407,1408
5978,1592,1593
5979,1298,1299
5979,1407,1408
5979,1435,1436
5979,1592,1593
5980,1214,1215
5980,1298,1299
5980,1435,1436
5980,1592,1593
5981,1298,1299
5981,1342,1343
5981,1407,1408
5981,1435,1436
5982,1271,1272
5982,1298,1299
5982,1342,1343
5982,1407,1408
5983,1126,1127
5983,1214,1215
5983,1298,1299
5983,1435,1436
5984,1126,1127
5984,1298,1299
5984,1342,1343
5984,1435,1436
5985,1126,1127
5985,1271,1272
5985,1298,1299
5985,1342,1343
5986,1127,1128
5986,1214,1215
5986,1298,1299
5986,1318,1319
5987,1126,1127
5987,1237,1238
5987,1271,1272
5987,1298,1299
5988,1127,1128
5988,1214,1215
5988,1295,1296
5988,1298,1299
5989,1126,1127
5989,1214,1215
5989,1295,1296
5989,1298,1299
5990,729,730
5990,745,746
5990,746,747
5990,789,790
5991,729,730
5991,745,746
5991,769,770
5991,789,790
5992,745,746
5992,769,770
5992,789,790
5992,793,794
5993,683,684
5993,769,770
5993,789,790
5993,793,794
5994,668,669
5994,745,746
5994,746,747
5994,789,790
5995,634,635
5995,668,669
5995,717,718
5995,789,790
5996,634,635
5996,668,669
5996,745,746
5996,789,790
5997,634,635
5997,745,746
5997,789,790
5997,793,794
5998,679,680
5998,717,718
5998,789,790
5998,829,830
5999,439,440
5999,503,504
5999,555,556
5999,691,692
6000,439,440
6000,555,556
6000,579,580
6000,691,692
6001,439,440
6001,503,504
6001,555,556
6001,579,580
6002,439,440
6002,579,580
6002,649,650
6002,691,692
6003,439,440
6003,649,650
6003,793,794
6003,952,953
6004,439,440
6004,649,650
6004,691,692
6004,793,794
6005,439,440
6005,503,504
6005,579,580
6005,719,720
6006,439,440
6006,503,504
6006,719,720
6006,790,791
6007,439,440
6007,579,580
6007,719,720
6007,790,791
6008,439,440
6008,649,650
6008,832,833
6008,952,953
6009,439,440
6009,579,580
6009,649,650
6009,832,833
6010,439,440
6010,579,580
6010,790,791
6010,832,833
6011,439,440
6011,769,770
6011,793,794
6011,952,953
6012,439,440
6012,769,770
6012,832,833
6012,952,953
6013,439,440
6013,769,770
6013,790,791
6013,832,833
6014,442,443
6014,448,449
6014,503,504
6014,790,791
6015,442,443
6015,448,449
6015,769,770
6015,790,791
6016,442,443
6016,448,449
6016,503,504
6016,628,629
6017,439,440
6017,448,449
6017,503,504
6017,790,791
6018,439,440
6018,448,449
6018,769,770
6018,790,791
6019,448,449
6019,683,684
6019,769,770
6019,793,794
6020,439,440
6020,448,449
6020,769,770
6020,793,794
6021,448,449
6021,503,504
6021,509,510
6021,691,692
6022,439,440
6022,448,449
6022,503,504
6022,691,692
6023,448,449
6023,509,510
6023,691,692
6023,793,794
6024,439,440
6024,448,449
6024,691,692
6024,793,794
6025,441,442
6025,610,611
6025,655,656
6025,723,724
6026,441,442
6026,650,651
6026,655,656
6026,723,724
6027,441,442
6027,610,611
6027,650,651
6027,723,724
6028,441,442
6028,508,509
6028,544,545
6028,592,593
6029,441,442
6029,544,545
6029,592,593
6029,610,611
6030,441,442
6030,610,611
6030,650,651
6030,747,748
6031,441,442
6031,537,538
6031,592,593
6031,705,706
6032,441,442
6032,444,445
6032,537,538
6032,705,706
6033,441,442
6033,592,593
6033,705,706
6033,742,743
6034,441,442
6034,655,656
6034,705,706
6034,742,743
6035,441,442
6035,508,509
6035,537,538
6035,592,593
6036,441,442
6036,444,445
6036,508,509
6036,537,538
6037,441,442
6037,592,593
6037,610,611
6037,742,743
6038,441,442
6038,610,611
6038,655,656
6038,742,743
6039,671,672
6039,786,787
6039,960,961
6039,969,970
6040,786,787
6040,861,862
6040,960,961
6040,969,970
6041,729,730
6041,745,746
6041,746,747
6041,786,787
6042,669,670
6042,745,746
6042,786,787
6042,817,818
6043,669,670
6043,729,730
6043,745,746
6043,786,787
6044,671,672
6044,786,787
6044,931,932
6044,969,970
6045,671,672
6045,729,730
6045,786,787
6045,931,932
6046,671,672
6046,729,730
6046,746,747
6046,786,787
6047,671,672
6047,746,747
6047,786,787
6047,960,961
6048,745,746
6048,746,747
6048,786,787
6048,911,912
6049,746,747
6049,786,787
6049,911,912
6049,960,961
6050,786,787
6050,817,818
6050,861,862
6050,931,932
6051,786,787
6051,861,862
6051,931,932
6051,969,970
6052,669,670
6052,786,787
6052,817,818
6052,931,932
6053,669,670
6053,729,730
6053,786,787
6053,931,932
6054,776,777
6054,786,787
6054,817,818
6054,861,862
6055,745,746
6055,776,777
6055,786,787
6055,817,818
6056,776,777
6056,786,787
6056,861,862
6056,911,912
6057,745,746
6057,776,777
6057,786,787
6057,911,912
6058,786,787
6058,861,862
6058,907,908
6058,911,912
6059,786,787
6059,861,862
6059,907,908
6059,960,961
6060,786,787
6060,907,908
6060,911,912
6060,960,961
6061,934,935
6061,960,961
6061,995,996
6061,1163,1164
6062,873,874
6062,897,898
6062,934,935
6062,988,989
6063,664,665
6063,762,763
6063,763,764
6063,874,875
6064,659,660
6064,664,665
6064,762,763
6064,874,875
6065,636,637
6065,677,678
6065,762,763
6065,763,764
6066,435,436
6066,636,637
6066,677,678
6066,762,763
6067,874,875
6067,957,958
6067,979,980
6067,999,1000
6068,625,626
6068,659,660
6068,664,665
6068,979,980
6069,659,660
6069,664,665
6069,874,875
6069,979,980
6070,875,876
6070,884,885
6070,979,980
6070,999,1000
6071,625,626
6071,664,665
6071,681,682
6071,979,980
6072,884,885
6072,979,980
6072,999,1000
6072,1079,1080
6073,884,885
6073,954,955
6073,979,980
6073,1079,1080
6074,772,773
6074,874,875
6074,939,940
6074,957,958
6075,685,686
6075,772,773
6075,939,940
6075,957,958
6076,939,940
6076,957,958
6076,968,969
6076,999,1000
6077,874,875
6077,939,940
6077,957,958
6077,999,1000
6078,685,686
6078,896,897
6078,939,940
6078,957,958
6079,685,686
6079,896,897
6079,939,940
6079,968,969
6080,896,897
6080,939,940
6080,957,958
6080,968,969
6081,685,686
6081,842,843
6081,939,940
6081,968,969
6082,664,665
6082,681,682
6082,749,750
6082,787,788
6083,664,665
6083,749,750
6083,787,788
6083,835,836
6084,644,645
6084,681,682
6084,787,788
6084,954,955
6085,644,645
6085,787,788
6085,954,955
6085,1079,1080
6086,681,682
6086,787,788
6086,954,955
6086,979,980
6087,787,788
6087,954,955
6087,979,980
6087,1079,1080
6088,664,665
6088,681,682
6088,787,788
6088,979,980
6089,787,788
6089,979,980
6089,999,1000
6089,1079,1080
6090,787,788
6090,957,958
6090,999,1000
6090,1111,1112
6091,787,788
6091,835,836
6091,957,958
6091,1111,1112
6092,664,665
6092,787,788
6092,835,836
6092,957,958
6093,787,788
6093,957,958
6093,979,980
6093,999,1000
6094,664,665
6094,787,788
6094,874,875
6094,957,958
6095,787,788
6095,874,875
6095,957,958
6095,979,980
6096,664,665
6096,787,788
6096,874,875
6096,979,980
6097,673,674
6097,839,840
6097,862,863
6097,1016,1017
6098,673,674
6098,835,836
6098,862,863
6098,1016,1017
6099,787,788
6099,835,836
6099,862,863
6099,1111,1112
6100,839,840
6100,862,863
6100,1016,1017
6100,1084,1085
6101,839,840
6101,862,863
6101,1061,1062
6101,1084,1085
6102,862,863
6102,1016,1017
6102,1061,1062
6102,1084,1085
6103,862,863
6103,1016,1017
6103,1061,1062
6103,1111,1112
6104,644,645
6104,787,788
6104,862,863
6104,1079,1080
6105,862,863
6105,1079,1080
6105,1111,1112
6105,1170,1171
6106,862,863
6106,1061,1062
6106,1111,1112
6106,1170,1171
6107,862,863
6107,1061,1062
6107,1079,1080
6107,1170,1171
6108,862,863
6108,999,1000
6108,1079,1080
6108,1111,1112
6109,787,788
6109,862,863
6109,999,1000
6109,1111,1112
6110,787,788
6110,862,863
6110,999,1000
6110,1079,1080
6111,673,674
6111,778,779
6111,948,949
6111,993,994
6112,673,674
6112,778,779
6112,835,836
6112,993,994
6113,673,674
6113,778,779
6113,835,836
6113,862,863
6114,673,674
6114,778,779
6114,839,840
6114,948,949
6115,673,674
6115,778,779
6115,839,840
6115,862,863
6116,679,680
6116,749,750
6116,778,779
6116,993,994
6117,679,680
6117,778,779
6117,948,949
6117,993,994
6118,749,750
6118,778,779
6118,787,788
6118,835,836
6119,778,779
6119,787,788
6119,835,836
6119,862,863
6120,644,645
6120,778,779
6120,839,840
6120,862,863
6121,644,645
6121,778,779
6121,787,788
6121,862,863
6122,644,645
6122,681,682
6122,749,750
6122,778,779
6123,644,645
6123,681,682
6123,778,779
6123,787,788
6124,681,682
6124,749,750
6124,778,779
6124,787,788
6125,662,663
6125,936,937
6125,964,965
6125,985,986
6126,625,626
6126,662,663
6126,923,924
6126,985,986
6127,875,876
6127,884,885
6127,979,980
6127,985,986
6128,875,876
6128,884,885
6128,985,986
6128,996,997
6129,930,931
6129,936,937
6129,985,986
6129,996,997
6130,884,885
6130,930,931
6130,985,986
6130,996,997
6131,662,663
6131,827,828
6131,923,924
6131,985,986
6132,662,663
6132,827,828
6132,936,937
6132,985,986
6133,827,828
6133,923,924
6133,936,937
6133,985,986
6134,923,924
6134,936,937
6134,985,986
6134,1201,1202
6135,923,924
6135,980,981
6135,981,982
6135,985,986
6136,625,626
6136,923,924
6136,981,982
6136,985,986
6137,923,924
6137,980,981
6137,985,986
6137,1201,1202
6138,875,876
6138,980,981
6138,985,986
6138,1201,1202
6139,875,876
6139,985,986
6139,996,997
6139,1201,1202
6140,936,937
6140,985,986
6140,996,997
6140,1201,1202
6141,634,635
6141,668,669
6141,708,709
6141,894,895
6142,668,669
6142,785,786
6142,894,895
6142,911,912
6143,785,786
6143,894,895
6143,911,912
6143,1010,1011
6144,668,669
6144,708,709
6144,883,884
6144,894,895
6145,668,669
6145,785,786
6145,883,884
6145,894,895
6146,785,786
6146,894,895
6146,983,984
6146,1010,1011
6147,799,800
6147,894,895
6147,983,984
6147,1010,1011
6148,668,669
6148,684,685
6148,746,747
6148,883,884
6149,668,669
6149,684,685
6149,717,718
6149,789,790
6150,668,669
6150,684,685
6150,746,747
6150,789,790
6151,644,645
6151,684,685
6151,749,750
6151,883,884
6152,679,680
6152,684,685
6152,717,718
6152,749,750
6153,679,680
6153,684,685
6153,717,718
6153,789,790
6154,644,645
6154,684,685
6154,883,884
6154,995,996
6155,684,685
6155,746,747
6155,883,884
6155,995,996
6156,668,669
6156,684,685
6156,708,709
6156,717,718
6157,684,685
6157,708,709
6157,717,718
6157,749,750
6158,668,669
6158,684,685
6158,708,709
6158,883,884
6159,684,685
6159,708,709
6159,749,750
6159,883,884
6160,644,645
6160,684,685
6160,749,750
6160,778,779
6161,679,680
6161,684,685
6161,749,750
6161,778,779
6162,453,454
6162,463,464
6162,534,535
6162,633,634
6163,453,454
6163,463,464
6163,488,489
6163,534,535
6164,437,438
6164,453,454
6164,463,464
6164,488,489
6165,463,464
6165,488,489
6165,534,535
6165,761,762
6166,267,268
6166,437,438
6166,463,464
6166,606,607
6167,267,268
6167,453,454
6167,463,464
6167,606,607
6168,437,438
6168,453,454
6168,463,464
6168,606,607
6169,267,268
6169,437,438
6169,463,464
6169,649,650
6170,434,435
6170,463,464
6170,603,604
6170,633,634
6171,434,435
6171,463,464
6171,603,604
6171,649,650
6172,267,268
6172,463,464
6172,603,604
6172,649,650
6173,453,454
6173,463,464
6173,490,491
6173,603,604
6174,267,268
6174,453,454
6174,463,464
6174,490,491
6175,267,268
6175,463,464
6175,498,499
6175,603,604
6176,463,464
6176,490,491
6176,498,499
6176,603,604
6177,267,268
6177,463,464
6177,490,491
6177,498,499
6178,530,531
6178,556,557
6178,598,599
6178,666,667
6179,530,531
6179,531,532
6179,556,557
6179,666,667
6180,530,531
6180,598,599
6180,631,632
6180,666,667
6181,530,531
6181,531,532
6181,631,632
6181,666,667
6182,518,519
6182,598,599
6182,631,632
6182,666,667
6183,435,436
6183,556,557
6183,598,599
6183,666,667
6184,435,436
6184,556,557
6184,575,576
6184,666,667
6185,324,325
6185,556,557
6185,575,576
6185,666,667
6186,324,325
6186,531,532
6186,556,557
6186,666,667
6187,531,532
6187,554,555
6187,631,632
6187,666,667
6188,518,519
6188,554,555
6188,631,632
6188,666,667
6189,435,436
6189,451,452
6189,575,576
6189,666,667
6190,451,452
6190,507,508
6190,575,576
6190,666,667
6191,324,325
6191,507,508
6191,575,576
6191,666,667
6192,324,325
6192,507,508
6192,531,532
6192,666,667
6193,435,436
6193,518,519
6193,598,599
6193,666,667
6194,451,452
6194,507,508
6194,549,550
6194,666,667
6195,507,508
6195,531,532
6195,549,550
6195,666,667
6196,392,393
6196,531,532
6196,554,555
6196,666,667
6197,392,393
6197,549,550
6197,554,555
6197,666,667
6198,392,393
6198,531,532
6198,549,550
6198,666,667
6199,1210,1211
6199,1402,1403
6199,1479,1480
6199,1549,1550
6200,1264,1265
6200,1402,1403
6200,1411,1412
6200,1549,1550
6201,1300,1301
6201,1402,1403
6201,1411,1412
6201,1549,1550
6202,1210,1211
6202,1483,1484
6202,1486,1487
6202,1549,1550
6203,1210,1211
6203,1479,1480
6203,1486,1487
6203,1549,1550
6204,1264,1265
6204,1401,1402
6204,1483,1484
6204,1549,1550
6205,1264,1265
6205,1401,1402
6205,1411,1412
6205,1549,1550
6206,1210,1211
6206,1264,1265
6206,1402,1403
6206,1549,1550
6207,1210,1211
6207,1264,1265
6207,1483,1484
6207,1549,1550
6208,1504,1505
6208,1506,1507
6208,1510,1511
6208,1677,1678
6209,1504,1505
6209,1506,1507
6209,1527,1528
6209,1677,1678
6210,1504,1505
6210,1510,1511
6210,1621,1622
6210,1677,1678
6211,1504,1505
6211,1527,1528
6211,1621,1622
6211,1677,1678
6212,1453,1454
6212,1506,1507
6212,1510,1511
6212,1677,1678
6213,1506,1507
6213,1527,1528
6213,1677,1678
6213,1709,1710
6214,1397,1398
6214,1621,1622
6214,1677,1678
6214,1779,1780
6215,1399,1400
6215,1621,1622
6215,1677,1678
6215,1779,1780
6216,1399,1400
6216,1527,1528
6216,1677,1678
6216,1779,1780
6217,1399,1400
6217,1527,1528
6217,1621,1622
6217,1677,1678
6218,1397,1398
6218,1677,1678
6218,1758,1759
6218,1779,1780
6219,1677,1678
6219,1758,1759
6219,1779,1780
6219,1785,1786
6220,1527,1528
6220,1677,1678
6220,1779,1780
6220,1785,1786
6221,1397,1398
6221,1539,1540
6221,1677,1678
6221,1758,1759
6222,1539,1540
6222,1677,1678
6222,1709,1710
6222,1758,1759
6223,1677,1678
6223,1709,1710
6223,1758,1759
6223,1785,1786
6224,1527,1528
6224,1677,1678
6224,1709,1710
6224,1785,1786
6225,1397,1398
6225,1539,1540
6225,1677,1678
6225,1727,1728
6226,1453,1454
6226,1539,1540
6226,1677,1678
6226,1727,1728
6227,1426,1427
6227,1712,1713
6227,1715,1716
6227,1778,1779
6228,1505,1506
6228,1640,1641
6228,1712,1713
6228,1778,1779
6229,1513,1514
6229,1712,1713
6229,1715,1716
6229,1746,1747
6230,1456,1457
6230,1712,1713
6230,1715,1716
6230,1746,1747
6231,1505,1506
6231,1630,1631
6231,1640,1641
6231,1712,1713
6232,1505,1506
6232,1630,1631
6232,1712,1713
6232,1746,1747
6233,1712,1713
6233,1715,1716
6233,1747,1748
6233,1778,1779
6234,1640,1641
6234,1712,1713
6234,1747,1748
6234,1778,1779
6235,1456,1457
6235,1712,1713
6235,1715,1716
6235,1802,1803
6236,1712,1713
6236,1715,1716
6236,1747,1748
6236,1802,1803
6237,1630,1631
6237,1712,1713
6237,1747,1748
6237,1800,1801
6238,1630,1631
6238,1640,1641
6238,1712,1713
6238,1800,1801
6239,1640,1641
6239,1712,1713
6239,1747,1748
6239,1800,1801
6240,1456,1457
6240,1630,1631
6240,1712,1713
6240,1746,1747
6241,1456,1457
6241,1667,1668
6241,1712,1713
6241,1802,1803
6242,1667,1668
6242,1712,1713
6242,1747,1748
6242,1802,1803
6243,1456,1457
6243,1630,1631
6243,1667,1668
6243,1712,1713
6244,1630,1631
6244,1667,1668
6244,1712,1713
6244,1747,1748
6245,1406,1407
6245,1426,1427
6245,1647,1648
6245,1699,1700
6246,1426,1427
6246,1647,1648
6246,1699,1700
6246,1778,1779
6247,1588,1589
6247,1647,1648
6247,1699,1700
6247,1778,1779
6248,1406,1407
6248,1476,1477
6248,1647,1648
6248,1668,1669
6249,1505,1506
6249,1519,1520
6249,1647,1648
6249,1668,1669
6250,1505,1506
6250,1640,1641
6250,1647,1648
6250,1778,1779
6251,1505,1506
6251,1519,1520
6251,1640,1641
6251,1647,1648
6252,1406,1407
6252,1529,1530
6252,1647,1648
6252,1668,1669
6253,1529,1530
6253,1647,1648
6253,1668,1669
6253,1776,1777
6254,1588,1589
6254,1647,1648
6254,1689,1690
6254,1778,1779
6255,1640,1641
6255,1647,1648
6255,1689,1690
6255,1778,1779
6256,1519,1520
6256,1640,1641
6256,1647,1648
6256,1689,1690
6257,1588,1589
6257,1647,1648
6257,1689,1690
6257,1776,1777
6258,1436,1437
6258,1710,1711
6258,1719,1720
6258,1729,1730
6259,1436,1437
6259,1710,1711
6259,1729,1730
6259,1787,1788
6260,1649,1650
6260,1710,1711
6260,1720,1721
6260,1842,1843
6261,1710,1711
6261,1720,1721
6261,1787,1788
6261,1831,1832
6262,1670,1671
6262,1710,1711
6262,1729,1730
6262,1787,1788
6263,1649,1650
6263,1710,1711
6263,1807,1808
6263,1842,1843
6264,1710,1711
6264,1719,1720
6264,1807,1808
6264,1842,1843
6265,1710,1711
6265,1720,1721
6265,1796,1797
6265,1831,1832
6266,1710,1711
6266,1720,1721
6266,1796,1797
6266,1842,1843
6267,1670,1671
6267,1710,1711
6267,1787,1788
6267,1831,1832
6268,1697,1698
6268,1710,1711
6268,1719,1720
6268,1729,1730
6269,1670,1671
6269,1697,1698
6269,1710,1711
6269,1729,1730
6270,1710,1711
6270,1719,1720
6270,1805,1806
6270,1842,1843
6271,1697,1698
6271,1710,1711
6271,1719,1720
6271,1805,1806
6272,1697,1698
6272,1710,1711
6272,1805,1806
6272,1840,1841
6273,1697,1698
6273,1710,1711
6273,1837,1838
6273,1840,1841
6274,1670,1671
6274,1697,1698
6274,1710,1711
6274,1837,1838
6275,1706,1707
6275,1729,1730
6275,1787,1788
6275,1798,1799
6276,1436,1437
6276,1706,1707
6276,1729,1730
6276,1798,1799
6277,1436,1437
6277,1729,1730
6277,1787,1788
6277,1798,1799
6278,1698,1699
6278,1706,1707
6278,1787,1788
6278,1798,1799
6279,1436,1437
6279,1524,1525
6279,1706,1707
6279,1798,1799
6280,1445,1446
6280,1698,1699
6280,1706,1707
6280,1798,1799
6281,1445,1446
6281,1594,1595
6281,1698,1699
6281,1798,1799
6282,1594,1595
6282,1698,1699
6282,1720,1721
6282,1798,1799
6283,1698,1699
6283,1720,1721
6283,1787,1788
6283,1798,1799
6284,1445,1446
6284,1524,1525
6284,1706,1707
6284,1798,1799
6285,1445,1446
6285,1524,1525
6285,1594,1595
6285,1798,1799
6286,1524,1525
6286,1594,1595
6286,1798,1799
6286,1807,1808
6287,1436,1437
6287,1524,1525
6287,1798,1799
6287,1807,1808
6288,1710,1711
6288,1720,1721
6288,1787,1788
6288,1798,1799
6289,1436,1437
6289,1710,1711
6289,1787,1788
6289,1798,1799
6290,1594,1595
6290,1649,1650
6290,1798,1799
6290,1807,1808
6291,1594,1595
6291,1649,1650
6291,1720,1721
6291,1798,1799
6292,1649,1650
6292,1710,1711
6292,1798,1799
6292,1807,1808
6293,1649,1650
6293,1710,1711
6293,1720,1721
6293,1798,1799
6294,1436,1437
6294,1719,1720
6294,1798,1799
6294,1807,1808
6295,1710,1711
6295,1719,1720
6295,1798,1799
6295,1807,1808
6296,1436,1437
6296,1710,1711
6296,1719,1720
6296,1798,1799
6297,1112,1113
6297,1153,1154
6297,1167,1168
6297,1376,1377
6298,1112,1113
6298,1153,1154
6298,1225,1226
6298,1376,1377
6299,1112,1113
6299,1122,1123
6299,1153,1154
6299,1225,1226
6300,1110,1111
6300,1153,1154
6300,1167,1168
6300,1376,1377
6301,1110,1111
6301,1153,1154
6301,1246,1247
6301,1376,1377
6302,1153,1154
6302,1225,1226
6302,1246,1247
6302,1376,1377
6303,900,901
6303,1122,1123
6303,1129,1130
6303,1153,1154
6304,900,901
6304,1112,1113
6304,1122,1123
6304,1153,1154
6305,1110,1111
6305,1153,1154
6305,1154,1155
6305,1167,1168
6306,1110,1111
6306,1129,1130
6306,1153,1154
6306,1154,1155
6307,1037,1038
6307,1110,1111
6307,1129,1130
6307,1153,1154
6308,1150,1151
6308,1153,1154
6308,1154,1155
6308,1167,1168
6309,1129,1130
6309,1150,1151
6309,1153,1154
6309,1154,1155
6310,1032,1033
6310,1112,1113
6310,1153,1154
6310,1167,1168
6311,1032,1033
6311,1150,1151
6311,1153,1154
6311,1167,1168
6312,1032,1033
6312,1112,1113
6312,1150,1151
6312,1153,1154
6313,900,901
6313,1129,1130
6313,1150,1151
6313,1153,1154
6314,1037,1038
6314,1113,1114
6314,1129,1130
6314,1153,1154
6315,1113,1114
6315,1122,1123
6315,1129,1130
6315,1153,1154
6316,900,901
6316,1049,1050
6316,1112,1113
6316,1153,1154
6317,900,901
6317,1049,1050
6317,1150,1151
6317,1153,1154
6318,1049,1050
6318,1112,1113
6318,1150,1151
6318,1153,1154
6319,1055,1056
6319,1284,1285
6319,1310,1311
6319,1346,1347
6320,1398,1399
6320,1486,1487
6320,1602,1603
6320,1743,1744
6321,1210,1211
6321,1398,1399
6321,1479,1480
6321,1486,1487
6322,1398,1399
6322,1479,1480
6322,1486,1487
6322,1743,1744
6323,1210,1211
6323,1398,1399
6323,1479,1480
6323,1618,1619
6324,1398,1399
6324,1479,1480
6324,1596,1597
6324,1618,1619
6325,1210,1211
6325,1398,1399
6325,1521,1522
6325,1618,1619
6326,1398,1399
6326,1521,1522
6326,1596,1597
6326,1618,1619
6327,1596,1597
6327,1725,1726
6327,1731,1732
6327,1771,1772
6328,1514,1515
6328,1596,1597
6328,1731,1732
6328,1771,1772
6329,1527,1528
6329,1725,1726
6329,1731,1732
6329,1771,1772
6330,1514,1515
6330,1527,1528
6330,1731,1732
6330,1771,1772
6331,1514,1515
6331,1527,1528
6331,1600,1601
6331,1731,1732
6332,1596,1597
6332,1725,1726
6332,1731,1732
6332,1740,1741
6333,1527,1528
6333,1725,1726
6333,1731,1732
6333,1785,1786
6334,1466,1467
6334,1725,1726
6334,1731,1732
6334,1740,1741
6335,1466,1467
6335,1725,1726
6335,1730,1731
6335,1731,1732
6336,1437,1438
6336,1628,1629
6336,1730,1731
6336,1731,1732
6337,1527,1528
6337,1731,1732
6337,1766,1767
6337,1785,1786
6338,1527,1528
6338,1600,1601
6338,1731,1732
6338,1766,1767
6339,1725,1726
6339,1730,1731
6339,1731,1732
6339,1785,1786
6340,1730,1731
6340,1731,1732
6340,1766,1767
6340,1785,1786
6341,1437,1438
6341,1730,1731
6341,1731,1732
6341,1766,1767
6342,1437,1438
6342,1600,1601
6342,1731,1732
6342,1766,1767
6343,1466,1467
6343,1628,1629
6343,1730,1731
6343,1731,1732
6344,496,497
6344,679,680
6344,717,718
6344,749,750
6345,496,497
6345,717,718
6345,725,726
6345,749,750
6346,496,497
6346,518,519
6346,717,718
6346,725,726
6347,496,497
6347,679,680
6347,717,718
6347,829,830
6348,470,471
6348,496,497
6348,679,680
6348,775,776
6349,435,436
6349,470,471
6349,496,497
6349,725,726
6350,435,436
6350,496,497
6350,518,519
6350,725,726
6351,496,497
6351,679,680
6351,775,776
6351,829,830
6352,451,452
6352,470,471
6352,496,497
6352,775,776
6353,435,436
6353,451,452
6353,470,471
6353,496,497
6354,435,436
6354,451,452
6354,496,497
6354,666,667
6355,435,436
6355,496,497
6355,518,519
6355,666,667
6356,443,444
6356,451,452
6356,507,508
6356,549,550
6357,346,347
6357,443,444
6357,507,508
6357,549,550
6358,346,347
6358,388,389
6358,443,444
6358,474,475
6359,346,347
6359,388,389
6359,443,444
6359,507,508
6360,443,444
6360,454,455
6360,474,475
6360,582,583
6361,322,323
6361,443,444
6361,454,455
6361,474,475
6362,322,323
6362,346,347
6362,443,444
6362,474,475
6363,322,323
6363,346,347
6363,443,444
6363,454,455
6364,346,347
6364,443,444
6364,454,455
6364,551,552
6365,443,444
6365,454,455
6365,549,550
6365,551,552
6366,346,347
6366,443,444
6366,549,550
6366,551,552
6367,527,528
6367,548,549
6367,567,568
6367,605,606
6368,478,479
6368,527,528
6368,567,568
6368,605,606
6369,232,233
6369,478,479
6369,527,528
6369,605,606
6370,476,477
6370,527,528
6370,548,549
6370,605,606
6371,232,233
6371,476,477
6371,527,528
6371,605,606
6372,232,233
6372,466,467
6372,476,477
6372,605,606
6373,232,233
6373,421,422
6373,466,467
6373,605,606
6374,326,327
6374,421,422
6374,478,479
6374,605,606
6375,326,327
6375,478,479
6375,567,568
6375,605,606
6376,512,513
6376,548,549
6376,567,568
6376,605,606
6377,447,448
6377,476,477
6377,548,549
6377,605,606
6378,447,448
6378,466,467
6378,476,477
6378,605,606
6379,556,557
6379,598,599
6379,636,637
6379,825,826
6380,456,457
6380,556,557
6380,598,599
6380,825,826
6381,456,457
6381,556,557
6381,636,637
6381,825,826
6382,456,457
6382,636,637
6382,700,701
6382,825,826
6383,435,436
6383,598,599
6383,636,637
6383,825,826
6384,435,436
6384,636,637
6384,762,763
6384,825,826
6385,636,637
6385,700,701
6385,762,763
6385,825,826
6386,700,701
6386,756,757
6386,762,763
6386,825,826
6387,744,745
6387,756,757
6387,825,826
6387,830,831
6388,700,701
6388,744,745
6388,756,757
6388,825,826
6389,456,457
6389,700,701
6389,744,745
6389,825,826
6390,435,436
6390,598,599
6390,725,726
6390,825,826
6391,435,436
6391,725,726
6391,762,763
6391,825,826
6392,598,599
6392,686,687
6392,725,726
6392,825,826
6393,686,687
6393,725,726
6393,825,826
6393,830,831
6394,254,255
6394,302,303
6394,304,305
6394,494,495
6395,302,303
6395,304,305
6395,388,389
6395,474,475
6396,302,303
6396,304,305
6396,474,475
6396,494,495
6397,254,255
6397,261,262
6397,304,305
6397,309,310
6398,254,255
6398,261,262
6398,304,305
6398,494,495
6399,304,305
6399,322,323
6399,388,389
6399,474,475
6400,254,255
6400,304,305
6400,309,310
6400,406,407
6401,231,232
6401,301,302
6401,304,305
6401,388,389
6402,231,232
6402,304,305
6402,322,323
6402,388,389
6403,254,255
6403,304,305
6403,389,390
6403,406,407
6404,231,232
6404,304,305
6404,309,310
6404,406,407
6405,231,232
6405,301,302
6405,304,305
6405,406,407
6406,448,449
6406,509,510
6406,601,602
6406,793,794
6407,448,449
6407,601,602
6407,683,684
6407,793,794
6408,431,432
6408,509,510
6408,601,602
6408,793,794
6409,496,497
6409,518,519
6409,601,602
6409,717,718
6410,431,432
6410,601,602
6410,634,635
6410,793,794
6411,431,432
6411,518,519
6411,601,602
6411,634,635
6412,601,602
6412,683,684
6412,789,790
6412,793,794
6413,518,519
6413,601,602
6413,634,635
6413,717,718
6414,496,497
6414,601,602
6414,717,718
6414,829,830
6415,496,497
6415,518,519
6415,601,602
6415,666,667
6416,431,432
6416,509,510
6416,554,555
6416,601,602
6417,509,510
6417,549,550
6417,554,555
6417,601,602
6418,431,432
6418,518,519
6418,554,555
6418,601,602
6419,601,602
6419,717,718
6419,789,790
6419,829,830
6420,601,602
6420,683,684
6420,789,790
6420,829,830
6421,601,602
6421,634,635
6421,717,718
6421,789,790
6422,601,602
6422,634,635
6422,789,790
6422,793,794
6423,549,550
6423,554,555
6423,601,602
6423,666,667
6424,518,519
6424,554,555
6424,601,602
6424,666,667
6425,538,539
6425,751,752
6425,770,771
6425,834,835
6426,624,625
6426,751,752
6426,770,771
6426,834,835
6427,538,539
6427,751,752
6427,765,766
6427,770,771
6428,624,625
6428,751,752
6428,765,766
6428,770,771
6429,538,539
6429,626,627
6429,770,771
6429,834,835
6430,465,466
6430,538,539
6430,765,766
6430,770,771
6431,624,625
6431,770,771
6431,824,825
6431,834,835
6432,624,625
6432,770,771
6432,794,795
6432,824,825
6433,626,627
6433,692,693
6433,770,771
6433,834,835
6434,692,693
6434,770,771
6434,824,825
6434,834,835
6435,624,625
6435,765,766
6435,770,771
6435,788,789
6436,767,768
6436,770,771
6436,788,789
6436,794,795
6437,624,625
6437,770,771
6437,788,789
6437,794,795
6438,692,693
6438,770,771
6438,794,795
6438,824,825
6439,626,627
6439,692,693
6439,707,708
6439,770,771
6440,540,541
6440,650,651
6440,810,811
6440,811,812
6441,540,541
6441,650,651
6441,754,755
6441,811,812
6442,540,541
6442,727,728
6442,754,755
6442,811,812
6443,465,466
6443,538,539
6443,540,541
6443,810,811
6444,540,541
6444,727,728
6444,765,766
6444,904,905
6445,540,541
6445,727,728
6445,754,755
6445,904,905
6446,540,541
6446,727,728
6446,751,752
6446,811,812
6447,538,539
6447,540,541
6447,751,752
6447,765,766
6448,465,466
6448,538,539
6448,540,541
6448,765,766
6449,540,541
6449,751,752
6449,811,812
6449,826,827
6450,538,539
6450,540,541
6450,751,752
6450,826,827
6451,645,646
6451,751,752
6451,760,761
6451,804,805
6452,624,625
6452,751,752
6452,760,761
6452,804,805
6453,645,646
6453,727,728
6453,751,752
6453,804,805
6454,624,625
6454,751,752
6454,765,766
6454,804,805
6455,727,728
6455,765,766
6455,804,805
6455,904,905
6456,624,625
6456,760,761
6456,795,796
6456,804,805
6457,540,541
6457,727,728
6457,765,766
6457,804,805
6458,540,541
6458,727,728
6458,751,752
6458,804,805
6459,540,541
6459,751,752
6459,765,766
6459,804,805
6460,689,690
6460,953,954
6460,961,962
6460,1158,1159
6461,689,690
6461,953,954
6461,1002,1003
6461,1004,1005
6462,689,690
6462,953,954
6462,1002,1003
6462,1158,1159
6463,689,690
6463,967,968
6463,1002,1003
6463,1004,1005
6464,689,690
6464,806,807
6464,967,968
6464,1002,1003
6465,689,690
6465,967,968
6465,990,991
6465,1004,1005
6466,727,728
6466,766,767
6466,811,812
6466,990,991
6467,727,728
6467,766,767
6467,782,783
6467,811,812
6468,727,728
6468,766,767
6468,782,783
6468,990,991
6469,689,690
6469,766,767
6469,782,783
6469,990,991
6470,689,690
6470,766,767
6470,967,968
6470,990,991
6471,689,690
6471,766,767
6471,806,807
6471,967,968
6472,678,679
6472,689,690
6472,766,767
6472,782,783
6473,693,694
6473,736,737
6473,766,767
6473,811,812
6474,736,737
6474,766,767
6474,811,812
6474,990,991
6475,693,694
6475,766,767
6475,806,807
6475,967,968
6476,678,679
6476,766,767
6476,806,807
6476,833,834
6477,678,679
6477,689,690
6477,766,767
6477,806,807
6478,693,694
6478,723,724
6478,766,767
6478,811,812
6479,693,694
6479,723,724
6479,766,767
6479,833,834
6480,723,724
6480,737,738
6480,766,767
6480,811,812
6481,723,724
6481,737,738
6481,766,767
6481,833,834
6482,678,679
6482,737,738
6482,766,767
6482,833,834
6483,678,679
6483,737,738
6483,766,767
6483,782,783
6484,693,694
6484,736,737
6484,766,767
6484,967,968
6485,736,737
6485,766,767
6485,967,968
6485,990,991
6486,693,694
6486,766,767
6486,821,822
6486,833,834
6487,693,694
6487,766,767
6487,806,807
6487,821,822
6488,766,767
6488,806,807
6488,821,822
6488,833,834
6489,754,755
6489,766,767
6489,782,783
6489,811,812
6490,737,738
6490,754,755
6490,766,767
6490,811,812
6491,737,738
6491,754,755
6491,766,767
6491,782,783
6492,740,741
6492,801,802
6492,864,865
6492,958,959
6493,782,783
6493,801,802
6493,864,865
6493,958,959
6494,864,865
6494,908,909
6494,961,962
6494,1158,1159
6495,864,865
6495,899,900
6495,908,909
6495,1158,1159
6496,678,679
6496,689,690
6496,806,807
6496,997,998
6497,689,690
6497,806,807
6497,997,998
6497,1002,1003
6498,863,864
6498,997,998
6498,1002,1003
6498,1134,1135
6499,806,807
6499,997,998
6499,1002,1003
6499,1134,1135
6500,678,679
6500,806,807
6500,858,859
6500,997,998
6501,678,679
6501,858,859
6501,910,911
6501,997,998
6502,858,859
6502,910,911
6502,915,916
6502,997,998
6503,865,866
6503,915,916
6503,949,950
6503,997,998
6504,863,864
6504,865,866
6504,949,950
6504,997,998
6505,863,864
6505,949,950
6505,997,998
6505,1009,1010
6506,949,950
6506,997,998
6506,1009,1010
6506,1134,1135
6507,863,864
6507,997,998
6507,1009,1010
6507,1134,1135
6508,706,707
6508,915,916
6508,949,950
6508,997,998
6509,706,707
6509,858,859
6509,915,916
6509,997,998
6510,949,950
6510,997,998
6510,1007,1008
6510,1134,1135
6511,806,807
6511,858,859
6511,997,998
6511,1007,1008
6512,806,807
6512,997,998
6512,1007,1008
6512,1134,1135
6513,706,707
6513,949,950
6513,997,998
6513,1007,1008
6514,706,707
6514,858,859
6514,997,998
6514,1007,1008
6515,298,299
6515,510,511
6515,551,552
6515,584,585
6516,510,511
6516,584,585
6516,609,610
6516,628,629
6517,298,299
6517,341,342
6517,551,552
6517,584,585
6518,341,342
6518,509,510
6518,551,552
6518,584,585
6519,448,449
6519,503,504
6519,509,510
6519,584,585
6520,341,342
6520,503,504
6520,509,510
6520,584,585
6521,448,449
6521,503,504
6521,584,585
6521,628,629
6522,298,299
6522,510,511
6522,557,558
6522,584,585
6523,510,511
6523,557,558
6523,584,585
6523,628,629
6524,229,230
6524,298,299
6524,341,342
6524,584,585
6525,229,230
6525,341,342
6525,503,504
6525,584,585
6526,229,230
6526,298,299
6526,557,558
6526,584,585
6527,461,462
6527,503,504
6527,584,585
6527,628,629
6528,461,462
6528,557,558
6528,584,585
6528,628,629
6529,229,230
6529,461,462
6529,503,504
6529,584,585
6530,229,230
6530,461,462
6530,557,558
6530,584,585
6531,639,640
6531,647,648
6531,835,836
6531,965,966
6532,647,648
6532,673,674
6532,835,836
6532,993,994
6533,639,640
6533,647,648
6533,835,836
6533,993,994
6534,647,648
6534,673,674
6534,914,915
6534,993,994
6535,639,640
6535,647,648
6535,914,915
6535,993,994
6536,647,648
6536,800,801
6536,938,939
6536,1016,1017
6537,647,648
6537,673,674
6537,938,939
6537,1016,1017
6538,647,648
6538,781,782
6538,914,915
6538,938,939
6539,647,648
6539,673,674
6539,914,915
6539,938,939
6540,647,648
6540,781,782
6540,800,801
6540,938,939
6541,489,490
6541,535,536
6541,611,612
6541,621,622
6542,252,253
6542,315,316
6542,489,490
6542,573,574
6543,252,253
6543,489,490
6543,573,574
6543,621,622
6544,313,314
6544,489,490
6544,535,536
6544,621,622
6545,313,314
6545,489,490
6545,573,574
6545,621,622
6546,315,316
6546,327,328
6546,365,366
6546,438,439
6547,315,316
6547,327,328
6547,438,439
6547,564,565
6548,252,253
6548,315,316
6548,438,439
6548,564,565
6549,252,253
6549,315,316
6549,438,439
6549,489,490
6550,315,316
6550,365,366
6550,438,439
6550,489,490
6551,248,249
6551,252,253
6551,438,439
6551,564,565
6552,252,253
6552,438,439
6552,489,490
6552,621,622
6553,365,366
6553,438,439
6553,611,612
6553,622,623
6554,365,366
6554,438,439
6554,489,490
6554,611,612
6555,252,253
6555,438,439
6555,586,587
6555,621,622
6556,248,249
6556,252,253
6556,438,439
6556,586,587
6557,248,249
6557,438,439
6557,586,587
6557,621,622
6558,438,439
6558,489,490
6558,611,612
6558,621,622
6559,438,439
6559,611,612
6559,621,622
6559,703,704
6560,248,249
6560,438,439
6560,621,622
6560,703,704
6561,438,439
6561,611,612
6561,622,623
6561,733,734
6562,248,249
6562,438,439
6562,622,623
6562,733,734
6563,438,439
6563,611,612
6563,703,704
6563,733,734
6564,248,249
6564,438,439
6564,703,704
6564,733,734
6565,438,439
6565,440,441
6565,564,565
6565,622,623
6566,248,249
6566,438,439
6566,440,441
6566,622,623
6567,248,249
6567,438,439
6567,440,441
6567,564,565
6568,302,303
6568,440,441
6568,466,467
6568,564,565
6569,248,249
6569,440,441
6569,622,623
6569,733,734
6570,440,441
6570,447,448
6570,466,467
6570,476,477
6571,302,303
6571,440,441
6571,466,467
6571,476,477
6572,302,303
6572,440,441
6572,494,495
6572,564,565
6573,248,249
6573,440,441
6573,494,495
6573,564,565
6574,302,303
6574,440,441
6574,474,475
6574,494,495
6575,248,249
6575,440,441
6575,474,475
6575,494,495
6576,486,487
6576,512,513
6576,735,736
6576,791,792
6577,491,492
6577,548,549
6577,735,736
6577,791,792
6578,512,513
6578,548,549
6578,735,736
6578,791,792
6579,491,492
6579,512,513
6579,548,549
6579,735,736
6580,447,448
6580,491,492
6580,735,736
6580,791,792
6581,447,448
6581,522,523
6581,735,736
6581,791,792
6582,447,448
6582,491,492
6582,522,523
6582,735,736
6583,486,487
6583,735,736
6583,791,792
6583,819,820
6584,491,492
6584,522,523
6584,558,559
6584,735,736
6585,522,523
6585,558,559
6585,735,736
6585,768,769
6586,326,327
6586,567,568
6586,605,606
6586,627,628
6587,512,513
6587,567,568
6587,605,606
6587,627,628
6588,491,492
6588,512,513
6588,548,549
6588,627,628
6589,512,513
6589,548,549
6589,605,606
6589,627,628
6590,447,448
6590,491,492
6590,548,549
6590,627,628
6591,447,448
6591,548,549
6591,605,606
6591,627,628
6592,421,422
6592,466,467
6592,593,594
6592,627,628
6593,326,327
6593,421,422
6593,605,606
6593,627,628
6594,421,422
6594,466,467
6594,605,606
6594,627,628
6595,447,448
6595,466,467
6595,491,492
6595,627,628
6596,447,448
6596,466,467
6596,605,606
6596,627,628
6597,305,306
6597,421,422
6597,471,472
6597,524,525
6598,249,250
6598,372,373
6598,415,416
6598,524,525
6599,249,250
6599,305,306
6599,389,390
6599,524,525
6600,249,250
6600,372,373
6600,389,390
6600,524,525
6601,275,276
6601,387,388
6601,415,416
6601,524,525
6602,249,250
6602,387,388
6602,415,416
6602,524,525
6603,249,250
6603,387,388
6603,471,472
6603,524,525
6604,160,161
6604,249,250
6604,305,306
6604,524,525
6605,160,161
6605,305,306
6605,471,472
6605,524,525
6606,160,161
6606,249,250
6606,471,472
6606,524,525
6607,275,276
6607,387,388
6607,471,472
6607,524,525
6608,275,276
6608,326,327
6608,421,422
6608,524,525
6609,326,327
6609,421,422
6609,471,472
6609,524,525
6610,275,276
6610,326,327
6610,471,472
6610,524,525
6611,558,559
6611,589,590
6611,622,623
6611,780,781
6612,365,366
6612,611,612
6612,622,623
6612,780,781
6613,589,590
6613,611,612
6613,622,623
6613,780,781
6614,522,523
6614,558,559
6614,622,623
6614,780,781
6615,491,492
6615,522,523
6615,558,559
6615,780,781
6616,447,448
6616,522,523
6616,622,623
6616,780,781
6617,447,448
6617,491,492
6617,522,523
6617,780,781
6618,436,437
6618,613,614
6618,639,640
6618,739,740
6619,522,523
6619,613,614
6619,639,640
6619,739,740
6620,622,623
6620,652,653
6620,733,734
6620,739,740
6621,522,523
6621,622,623
6621,652,653
6621,739,740
6622,728,729
6622,733,734
6622,739,740
6622,747,748
6623,436,437
6623,733,734
6623,739,740
6623,747,748
6624,522,523
6624,652,653
6624,739,740
6624,838,839
6625,728,729
6625,739,740
6625,747,748
6625,914,915
6626,436,437
6626,739,740
6626,747,748
6626,914,915
6627,652,653
6627,728,729
6627,733,734
6627,739,740
6628,652,653
6628,728,729
6628,739,740
6628,838,839
6629,436,437
6629,639,640
6629,739,740
6629,914,915
6630,728,729
6630,739,740
6630,781,782
6630,914,915
6631,728,729
6631,739,740
6631,781,782
6631,838,839
6632,639,640
6632,647,648
6632,739,740
6632,914,915
6633,647,648
6633,739,740
6633,781,782
6633,914,915
6634,273,274
6634,447,448
6634,622,623
6634,780,781
6635,273,274
6635,365,366
6635,622,623
6635,780,781
6636,273,274
6636,440,441
6636,447,448
6636,622,623
6637,273,274
6637,440,441
6637,447,448
6637,466,467
6638,273,274
6638,447,448
6638,491,492
6638,780,781
6639,273,274
6639,440,441
6639,564,565
6639,622,623
6640,273,274
6640,440,441
6640,466,467
6640,564,565
6641,273,274
6641,327,328
6641,466,467
6641,564,565
6642,273,274
6642,327,328
6642,365,366
6642,593,594
6643,273,274
6643,327,328
6643,466,467
6643,593,594
6644,273,274
6644,447,448
6644,466,467
6644,491,492
6645,273,274
6645,365,366
6645,438,439
6645,622,623
6646,273,274
6646,438,439
6646,564,565
6646,622,623
6647,273,274
6647,327,328
6647,365,366
6647,438,439
6648,273,274
6648,327,328
6648,438,439
6648,564,565
6649,273,274
6649,491,492
6649,593,594
6649,627,628
6650,273,274
6650,466,467
6650,491,492
6650,627,628
6651,273,274
6651,466,467
6651,593,594
6651,627,628
6652,261,262
6652,412,413
6652,467,468
6652,494,495
6653,296,297
6653,412,413
6653,467,468
6653,494,495
6654,261,262
6654,274,275
6654,412,413
6654,467,468
6655,296,297
6655,412,413
6655,458,459
6655,467,468
6656,296,297
6656,412,413
6656,458,459
6656,468,469
6657,296,297
6657,412,413
6657,468,469
6657,474,475
6658,296,297
6658,412,413
6658,474,475
6658,494,495
6659,274,275
6659,331,332
6659,412,413
6659,467,468
6660,261,262
6660,274,275
6660,309,310
6660,412,413
6661,322,323
6661,412,413
6661,468,469
6661,474,475
6662,331,332
6662,412,413
6662,458,459
6662,467,468
6663,331,332
6663,412,413
6663,458,459
6663,468,469
6664,274,275
6664,331,332
6664,374,375
6664,412,413
6665,331,332
6665,374,375
6665,412,413
6665,468,469
6666,304,305
6666,322,323
6666,412,413
6666,474,475
6667,304,305
6667,412,413
6667,474,475
6667,494,495
6668,261,262
6668,304,305
6668,309,310
6668,412,413
6669,261,262
6669,304,305
6669,412,413
6669,494,495
6670,322,323
6670,374,375
6670,412,413
6670,468,469
6671,274,275
6671,309,310
6671,374,375
6671,412,413
6672,231,232
6672,304,305
6672,322,323
6672,412,413
6673,231,232
6673,304,305
6673,309,310
6673,412,413
6674,231,232
6674,322,323
6674,374,375
6674,412,413
6675,231,232
6675,309,310
6675,374,375
6675,412,413
6676,847,848
6676,982,983
6676,1018,1019
6676,1056,1057
6677,844,845
6677,847,848
6677,982,983
6677,1086,1087
6678,847,848
6678,937,938
6678,982,983
6678,1056,1057
6679,844,845
6679,847,848
6679,937,938
6679,982,983
6680,844,845
6680,847,848
6680,937,938
6680,1056,1057
6681,844,845
6681,847,848
6681,984,985
6681,1056,1057
6682,847,848
6682,882,883
6682,1030,1031
6682,1086,1087
6683,847,848
6683,882,883
6683,982,983
6683,1086,1087
6684,847,848
6684,882,883
6684,1018,1019
6684,1030,1031
6685,847,848
6685,882,883
6685,982,983
6685,1018,1019
6686,847,848
6686,1018,1019
6686,1030,1031
6686,1292,1293
6687,847,848
6687,919,920
6687,1018,1019
6687,1026,1027
6688,847,848
6688,919,920
6688,1018,1019
6688,1056,1057
6689,847,848
6689,1018,1019
6689,1026,1027
6689,1292,1293
6690,844,845
6690,847,848
6690,984,985
6690,1230,1231
6691,844,845
6691,847,848
6691,1086,1087
6691,1230,1231
6692,847,848
6692,1030,1031
6692,1230,1231
6692,1292,1293
6693,847,848
6693,1030,1031
6693,1086,1087
6693,1230,1231
6694,847,848
6694,919,920
6694,984,985
6694,1026,1027
6695,847,848
6695,919,920
6695,984,985
6695,1056,1057
6696,847,848
6696,1026,1027
6696,1169,1170
6696,1292,1293
6697,847,848
6697,984,985
6697,1026,1027
6697,1169,1170
6698,847,848
6698,1169,1170
6698,1230,1231
6698,1292,1293
6699,847,848
6699,984,985
6699,1169,1170
6699,1230,1231
6700,182,183
6700,199,200
6700,256,257
6700,373,374
6701,199,200
6701,249,250
6701,256,257
6701,373,374
6702,135,136
6702,199,200
6702,356,357
6702,373,374
6703,135,136
6703,182,183
6703,356,357
6703,373,374
6704,135,136
6704,182,183
6704,199,200
6704,373,374
6705,160,161
6705,199,200
6705,249,250
6705,373,374
6706,199,200
6706,339,340
6706,356,357
6706,373,374
6707,160,161
6707,199,200
6707,339,340
6707,373,374
6708,160,161
6708,174,175
6708,249,250
6708,373,374
6709,160,161
6709,243,244
6709,339,340
6709,373,374
6710,160,161
6710,174,175
6710,243,244
6710,373,374
6711,37,38
6711,182,183
6711,356,357
6711,373,374
6712,117,118
6712,339,340
6712,356,357
6712,373,374
6713,117,118
6713,243,244
6713,339,340
6713,373,374
6714,37,38
6714,117,118
6714,356,357
6714,373,374
6715,249,250
6715,292,293
6715,387,388
6715,415,416
6716,13,14
6716,226,227
6716,256,257
6716,292,293
6717,249,250
6717,256,257
6717,292,293
6717,404,405
6718,249,250
6718,292,293
6718,404,405
6718,415,416
6719,13,14
6719,256,257
6719,292,293
6719,404,405
6720,13,14
6720,292,293
6720,404,405
6720,415,416
6721,13,14
6721,292,293
6721,415,416
6721,450,451
6722,292,293
6722,387,388
6722,415,416
6722,450,451
6723,301,302
6723,372,373
6723,542,543
6723,560,561
6724,232,233
6724,332,333
6724,388,389
6724,542,543
6725,301,302
6725,332,333
6725,388,389
6725,542,543
6726,232,233
6726,302,303
6726,421,422
6726,542,543
6727,301,302
6727,304,305
6727,388,389
6727,542,543
6728,305,306
6728,421,422
6728,524,525
6728,542,543
6729,232,233
6729,302,303
6729,388,389
6729,542,543
6730,302,303
6730,304,305
6730,388,389
6730,542,543
6731,301,302
6731,372,373
6731,406,407
6731,542,543
6732,301,302
6732,304,305
6732,406,407
6732,542,543
6733,305,306
6733,389,390
6733,524,525
6733,542,543
6734,372,373
6734,389,390
6734,524,525
6734,542,543
6735,280,281
6735,305,306
6735,421,422
6735,542,543
6736,280,281
6736,302,303
6736,421,422
6736,542,543
6737,254,255
6737,302,303
6737,304,305
6737,542,543
6738,372,373
6738,389,390
6738,406,407
6738,542,543
6739,304,305
6739,389,390
6739,406,407
6739,542,543
6740,254,255
6740,305,306
6740,389,390
6740,542,543
6741,254,255
6741,304,305
6741,389,390
6741,542,543
6742,254,255
6742,280,281
6742,305,306
6742,542,543
6743,254,255
6743,280,281
6743,302,303
6743,542,543
6744,29,30
6744,100,101
6744,142,143
6744,196,197
6745,29,30
6745,100,101
6745,108,109
6745,142,143
6746,12,13
6746,100,101
6746,138,139
6746,196,197
6747,12,13
6747,100,101
6747,142,143
6747,196,197
6748,12,13
6748,59,60
6748,100,101
6748,138,139
6749,59,60
6749,100,101
6749,108,109
6749,224,225
6750,29,30
6750,100,101
6750,166,167
6750,224,225
6751,100,101
6751,108,109
6751,166,167
6751,224,225
6752,29,30
6752,100,101
6752,108,109
6752,166,167
6753,29,30
6753,100,101
6753,134,135
6753,196,197
6754,100,101
6754,134,135
6754,138,139
6754,196,197
6755,36,37
6755,100,101
6755,134,135
6755,138,139
6756,36,37
6756,100,101
6756,150,151
6756,224,225
6757,59,60
6757,100,101
6757,150,151
6757,224,225
6758,36,37
6758,100,101
6758,138,139
6758,150,151
6759,59,60
6759,100,101
6759,138,139
6759,150,151
6760,29,30
6760,100,101
6760,134,135
6760,241,242
6761,29,30
6761,100,101
6761,224,225
6761,241,242
6762,36,37
6762,100,101
6762,134,135
6762,241,242
6763,36,37
6763,100,101
6763,224,225
6763,241,242
6764,1222,1223
6764,1373,1374
6764,1483,1484
6764,1486,1487
6765,1214,1215
6765,1222,1223
6765,1257,1258
6765,1318,1319
6766,1222,1223
6766,1257,1258
6766,1318,1319
6766,1373,1374
6767,1214,1215
6767,1222,1223
6767,1298,1299
6767,1592,1593
6768,1214,1215
6768,1222,1223
6768,1298,1299
6768,1318,1319
6769,1214,1215
6769,1222,1223
6769,1435,1436
6769,1592,1593
6770,1222,1223
6770,1592,1593
6770,1602,1603
6770,1606,1607
6771,1222,1223
6771,1435,1436
6771,1592,1593
6771,1606,1607
6772,975,976
6772,994,995
6772,1071,1072
6772,1109,1110
6773,950,951
6773,975,976
6773,994,995
6773,1109,1110
6774,950,951
6774,994,995
6774,1109,1110
6774,1181,1182
6775,950,951
6775,1109,1110
6775,1181,1182
6775,1185,1186
6776,1046,1047
6776,1109,1110
6776,1146,1147
6776,1181,1182
6777,1046,1047
6777,1109,1110
6777,1146,1147
6777,1346,1347
6778,1046,1047
6778,1109,1110
6778,1181,1182
6778,1185,1186
6779,1046,1047
6779,1109,1110
6779,1185,1186
6779,1346,1347
6780,1036,1037
6780,1127,1128
6780,1242,1243
6780,1318,1319
6781,1036,1037
6781,1127,1128
6781,1145,1146
6781,1257,1258
6782,1036,1037
6782,1127,1128
6782,1257,1258
6782,1318,1319
6783,1036,1037
6783,1087,1088
6783,1310,1311
6783,1346,1347
6784,1036,1037
6784,1055,1056
6784,1310,1311
6784,1346,1347
6785,1036,1037
6785,1055,1056
6785,1242,1243
6785,1346,1347
6786,1036,1037
6786,1145,1146
6786,1257,1258
6786,1373,1374
6787,1036,1037
6787,1257,1258
6787,1318,1319
6787,1373,1374
6788,1036,1037
6788,1087,1088
6788,1310,1311
6788,1373,1374
6789,1036,1037
6789,1087,1088
6789,1145,1146
6789,1373,1374
6790,1050,1051
6790,1117,1118
6790,1164,1165
6790,1203,1204
6791,920,921
6791,921,922
6791,1050,1051
6791,1203,1204
6792,921,922
6792,1050,1051
6792,1164,1165
6792,1203,1204
6793,1050,1051
6793,1117,1118
6793,1189,1190
6793,1203,1204
6794,920,921
6794,921,922
6794,936,937
6794,1203,1204
6795,920,921
6795,930,931
6795,936,937
6795,1203,1204
6796,921,922
6796,945,946
6796,1164,1165
6796,1203,1204
6797,921,922
6797,936,937
6797,945,946
6797,1203,1204
6798,886,887
6798,920,921
6798,930,931
6798,1203,1204
6799,930,931
6799,936,937
6799,996,997
6799,1203,1204
6800,945,946
6800,1164,1165
6800,1203,1204
6800,1313,1314
6801,945,946
6801,1117,1118
6801,1203,1204
6801,1313,1314
6802,1117,1118
6802,1164,1165
6802,1203,1204
6802,1313,1314
6803,945,946
6803,996,997
6803,1117,1118
6803,1203,1204
6804,936,937
6804,945,946
6804,996,997
6804,1203,1204
6805,930,931
6805,996,997
6805,1034,1035
6805,1203,1204
6806,996,997
6806,1034,1035
6806,1117,1118
6806,1203,1204
6807,255,256
6807,351,352
6807,561,562
6807,606,607
6808,255,256
6808,351,352
6808,528,529
6808,561,562
6809,351,352
6809,392,393
6809,513,514
6809,616,617
6810,351,352
6810,392,393
6810,513,514
6810,528,529
6811,351,352
6811,513,514
6811,528,529
6811,616,617
6812,260,261
6812,351,352
6812,528,529
6812,561,562
6813,351,352
6813,392,393
6813,554,555
6813,616,617
6814,351,352
6814,437,438
6814,606,607
6814,616,617
6815,260,261
6815,351,352
6815,561,562
6815,617,618
6816,351,352
6816,488,489
6816,561,562
6816,617,618
6817,351,352
6817,488,489
6817,561,562
6817,606,607
6818,345,346
6818,351,352
6818,392,393
6818,528,529
6819,260,261
6819,345,346
6819,351,352
6819,528,529
6820,351,352
6820,531,532
6820,617,618
6820,631,632
6821,351,352
6821,488,489
6821,617,618
6821,631,632
6822,351,352
6822,392,393
6822,531,532
6822,554,555
6823,351,352
6823,531,532
6823,554,555
6823,631,632
6824,351,352
6824,437,438
6824,554,555
6824,616,617
6825,351,352
6825,437,438
6825,554,555
6825,631,632
6826,351,352
6826,437,438
6826,488,489
6826,606,607
6827,351,352
6827,437,438
6827,488,489
6827,631,632
6828,345,346
6828,351,352
6828,392,393
6828,531,532
6829,260,261
6829,351,352
6829,492,493
6829,617,618
6830,260,261
6830,345,346
6830,351,352
6830,492,493
6831,351,352
6831,492,493
6831,531,532
6831,617,618
6832,345,346
6832,351,352
6832,492,493
6832,531,532
6833,513,514
6833,528,529
6833,591,592
6833,616,617
6834,429,430
6834,513,514
6834,591,592
6834,616,617
6835,255,256
6835,351,352
6835,528,529
6835,591,592
6836,351,352
6836,528,529
6836,591,592
6836,616,617
6837,255,256
6837,363,364
6837,528,529
6837,591,592
6838,255,256
6838,363,364
6838,410,411
6838,591,592
6839,255,256
6839,351,352
6839,591,592
6839,606,607
6840,351,352
6840,591,592
6840,606,607
6840,616,617
6841,255,256
6841,591,592
6841,606,607
6841,612,613
6842,255,256
6842,410,411
6842,591,592
6842,612,613
6843,325,326
6843,410,411
6843,591,592
6843,612,613
6844,453,454
6844,501,502
6844,561,562
6844,606,607
6845,255,256
6845,501,502
6845,570,571
6845,619,620
6846,255,256
6846,501,502
6846,561,562
6846,570,571
6847,255,256
6847,501,502
6847,561,562
6847,606,607
6848,453,454
6848,501,502
6848,561,562
6848,812,813
6849,255,256
6849,501,502
6849,606,607
6849,612,613
6850,255,256
6850,501,502
6850,612,613
6850,619,620
6851,490,491
6851,501,502
6851,606,607
6851,612,613
6852,453,454
6852,490,491
6852,501,502
6852,606,607
6853,850,851
6853,1090,1091
6853,1143,1144
6853,1219,1220
6854,1011,1012
6854,1090,1091
6854,1143,1144
6854,1219,1220
6855,959,960
6855,1068,1069
6855,1090,1091
6855,1219,1220
6856,959,960
6856,1011,1012
6856,1090,1091
6856,1219,1220
6857,1133,1134
6857,1227,1228
6857,1265,1266
6857,1566,1567
6858,1091,1092
6858,1133,1134
6858,1227,1228
6858,1566,1567
6859,1078,1079
6859,1081,1082
6859,1091,1092
6859,1227,1228
6860,1091,1092
6860,1133,1134
6860,1227,1228
6860,1281,1282
6861,1081,1082
6861,1133,1134
6861,1227,1228
6861,1281,1282
6862,1081,1082
6862,1091,1092
6862,1227,1228
6862,1281,1282
6863,1090,1091
6863,1116,1117
6863,1227,1228
6863,1265,1266
6864,1227,1228
6864,1265,1266
6864,1349,1350
6864,1566,1567
6865,1091,1092
6865,1227,1228
6865,1349,1350
6865,1566,1567
6866,1209,1210
6866,1227,1228
6866,1265,1266
6866,1349,1350
6867,1116,1117
6867,1209,1210
6867,1227,1228
6867,1265,1266
6868,850,851
6868,973,974
6868,1061,1062
6868,1143,1144
6869,839,840
6869,958,959
6869,973,974
6869,1061,1062
6870,740,741
6870,839,840
6870,973,974
6870,1003,1004
6871,740,741
6871,839,840
6871,958,959
6871,973,974
6872,862,863
6872,973,974
6872,1061,1062
6872,1079,1080
6873,973,974
6873,1079,1080
6873,1143,1144
6873,1170,1171
6874,973,974
6874,1061,1062
6874,1143,1144
6874,1170,1171
6875,973,974
6875,1061,1062
6875,1079,1080
6875,1170,1171
6876,839,840
6876,862,863
6876,973,974
6876,1061,1062
6877,644,645
6877,954,955
6877,973,974
6877,1079,1080
6878,644,645
6878,862,863
6878,973,974
6878,1079,1080
6879,644,645
6879,839,840
6879,973,974
6879,1003,1004
6880,644,645
6880,839,840
6880,862,863
6880,973,974
6881,328,329
6881,354,355
6881,371,372
6881,399,400
6882,328,329
6882,338,339
6882,354,355
6882,399,400
6883,203,204
6883,338,339
6883,354,355
6883,399,400
6884,242,243
6884,328,329
6884,338,339
6884,399,400
6885,325,326
6885,328,329
6885,371,372
6885,399,400
6886,325,326
6886,371,372
6886,399,400
6886,485,486
6887,242,243
6887,325,326
6887,328,329
6887,399,400
6888,242,243
6888,325,326
6888,399,400
6888,590,591
6889,325,326
6889,399,400
6889,485,486
6889,590,591
6890,281,282
6890,399,400
6890,485,486
6890,590,591
6891,242,243
6891,399,400
6891,477,478
6891,590,591
6892,281,282
6892,399,400
6892,477,478
6892,590,591
6893,74,75
6893,93,94
6893,115,116
6893,368,369
6894,74,75
6894,93,94
6894,338,339
6894,368,369
6895,92,93
6895,93,94
6895,115,116
6895,368,369
6896,92,93
6896,93,94
6896,338,339
6896,368,369
6897,74,75
6897,93,94
6897,203,204
6897,338,339
6898,81,82
6898,92,93
6898,93,94
6898,115,116
6899,81,82
6899,92,93
6899,93,94
6899,338,339
6900,81,82
6900,93,94
6900,101,102
6900,115,116
6901,93,94
6901,101,102
6901,104,105
6901,115,116
6902,93,94
6902,203,204
6902,338,339
6902,354,355
6903,81,82
6903,93,94
6903,101,102
6903,354,355
6904,81,82
6904,93,94
6904,338,339
6904,354,355
6905,74,75
6905,282,283
6905,361,362
6905,368,369
6906,282,283
6906,293,294
6906,338,339
6906,368,369
6907,74,75
6907,282,283
6907,338,339
6907,368,369
6908,74,75
6908,203,204
6908,282,283
6908,338,339
6909,125,126
6909,282,283
6909,361,362
6909,368,369
6910,125,126
6910,282,283
6910,293,294
6910,368,369
6911,125,126
6911,282,283
6911,361,362
6911,366,367
6912,125,126
6912,282,283
6912,293,294
6912,366,367
6913,282,283
6913,293,294
6913,366,367
6913,477,478
6914,242,243
6914,282,283
6914,293,294
6914,477,478
6915,242,243
6915,282,283
6915,293,294
6915,338,339
6916,203,204
6916,282,283
6916,338,339
6916,399,400
6917,242,243
6917,282,283
6917,399,400
6917,477,478
6918,242,243
6918,282,283
6918,338,339
6918,399,400
6919,281,282
6919,282,283
6919,399,400
6919,477,478
6920,203,204
6920,281,282
6920,282,283
6920,399,400
6921,1223,1224
6921,1296,1297
6921,1321,1322
6921,1381,1382
6922,1223,1224
6922,1292,1293
6922,1321,1322
6922,1381,1382
6923,1223,1224
6923,1239,1240
6923,1296,1297
6923,1381,1382
6924,1296,1297
6924,1321,1322
6924,1336,1337
6924,1381,1382
6925,1296,1297
6925,1323,1324
6925,1336,1337
6925,1381,1382
6926,1296,1297
6926,1308,1309
6926,1323,1324
6926,1381,1382
6927,1239,1240
6927,1296,1297
6927,1308,1309
6927,1381,1382
6928,1321,1322
6928,1336,1337
6928,1363,1364
6928,1381,1382
6929,1323,1324
6929,1336,1337
6929,1363,1364
6929,1381,1382
6930,1223,1224
6930,1292,1293
6930,1312,1313
6930,1381,1382
6931,1239,1240
6931,1292,1293
6931,1312,1313
6931,1381,1382
6932,1223,1224
6932,1239,1240
6932,1312,1313
6932,1381,1382
6933,1115,1116
6933,1323,1324
6933,1363,1364
6933,1381,1382
6934,1110,1111
6934,1308,1309
6934,1323,1324
6934,1381,1382
6935,1110,1111
6935,1239,1240
6935,1308,1309
6935,1381,1382
6936,1154,1155
6936,1239,1240
6936,1292,1293
6936,1381,1382
6937,1110,1111
6937,1115,1116
6937,1323,1324
6937,1381,1382
6938,1231,1232
6938,1292,1293
6938,1321,1322
6938,1381,1382
6939,1231,1232
6939,1321,1322
6939,1363,1364
6939,1381,1382
6940,1154,1155
6940,1231,1232
6940,1292,1293
6940,1381,1382
6941,1110,1111
6941,1115,1116
6941,1154,1155
6941,1381,1382
6942,1110,1111
6942,1154,1155
6942,1239,1240
6942,1381,1382
6943,1231,1232
6943,1235,1236
6943,1363,1364
6943,1381,1382
6944,1115,1116
6944,1235,1236
6944,1363,1364
6944,1381,1382
6945,1154,1155
6945,1231,1232
6945,1235,1236
6945,1381,1382
6946,1115,1116
6946,1154,1155
6946,1235,1236
6946,1381,1382
6947,36,37
6947,61,62
6947,150,151
6947,343,344
6948,61,62
6948,144,145
6948,150,151
6948,343,344
6949,36,37
6949,61,62
6949,131,132
6949,150,151
6950,61,62
6950,131,132
6950,144,145
6950,150,151
6951,34,35
6951,61,62
6951,144,145
6951,343,344
6952,21,22
6952,36,37
6952,61,62
6952,343,344
6953,36,37
6953,51,52
6953,61,62
6953,131,132
6954,21,22
6954,36,37
6954,51,52
6954,61,62
6955,61,62
6955,72,73
6955,131,132
6955,144,145
6956,21,22
6956,34,35
6956,61,62
6956,236,237
6957,21,22
6957,61,62
6957,236,237
6957,343,344
6958,34,35
6958,61,62
6958,236,237
6958,343,344
6959,51,52
6959,61,62
6959,72,73
6959,131,132
6960,61,62
6960,72,73
6960,95,96
6960,144,145
6961,34,35
6961,61,62
6961,95,96
6961,144,145
6962,51,52
6962,61,62
6962,72,73
6962,202,203
6963,21,22
6963,51,52
6963,61,62
6963,202,203
6964,61,62
6964,72,73
6964,158,159
6964,202,203
6965,61,62
6965,72,73
6965,95,96
6965,158,159
6966,34,35
6966,61,62
6966,95,96
6966,158,159
6967,34,35
6967,61,62
6967,119,120
6967,158,159
6968,21,22
6968,34,35
6968,61,62
6968,119,120
6969,61,62
6969,119,120
6969,158,159
6969,202,203
6970,21,22
6970,61,62
6970,119,120
6970,202,203
6971,8,9
6971,144,145
6971,343,344
6971,367,368
6972,66,67
6972,144,145
6972,162,163
6972,367,368
6973,8,9
6973,343,344
6973,367,368
6973,411,412
6974,34,35
6974,144,145
6974,162,163
6974,367,368
6975,34,35
6975,144,145
6975,343,344
6975,367,368
6976,8,9
6976,66,67
6976,317,318
6976,367,368
6977,8,9
6977,66,67
6977,194,195
6977,367,368
6978,66,67
6978,144,145
6978,194,195
6978,367,368
6979,8,9
6979,144,145
6979,194,195
6979,367,368
6980,8,9
6980,317,318
6980,367,368
6980,411,412
6981,34,35
6981,162,163
6981,314,315
6981,367,368
6982,66,67
6982,206,207
6982,317,318
6982,367,368
6983,66,67
6983,162,163
6983,206,207
6983,367,368
6984,162,163
6984,206,207
6984,314,315
6984,367,368
6985,317,318
6985,367,368
6985,393,394
6985,411,412
6986,206,207
6986,317,318
6986,367,368
6986,393,394
6987,88,89
6987,206,207
6987,367,368
6987,393,394
6988,232,233
6988,324,325
6988,478,479
6988,499,500
6989,324,325
6989,478,479
6989,499,500
6989,517,518
6990,232,233
6990,324,325
6990,332,333
6990,499,500
6991,324,325
6991,332,333
6991,499,500
6991,517,518
6992,332,333
6992,499,500
6992,517,518
6992,560,561
6993,232,233
6993,332,333
6993,499,500
6993,542,543
6994,232,233
6994,421,422
6994,499,500
6994,542,543
6995,421,422
6995,499,500
6995,524,525
6995,542,543
6996,415,416
6996,450,451
6996,499,500
6996,517,518
6997,450,451
6997,478,479
6997,499,500
6997,517,518
6998,415,416
6998,499,500
6998,517,518
6998,560,561
6999,301,302
6999,332,333
6999,499,500
6999,560,561
7000,301,302
7000,332,333
7000,499,500
7000,542,543
7001,301,302
7001,499,500
7001,542,543
7001,560,561
7002,421,422
7002,478,479
7002,499,500
7002,605,606
7003,232,233
7003,421,422
7003,499,500
7003,605,606
7004,232,233
7004,478,479
7004,499,500
7004,605,606
7005,275,276
7005,421,422
7005,478,479
7005,499,500
7006,275,276
7006,421,422
7006,499,500
7006,524,525
7007,275,276
7007,415,416
7007,499,500
7007,524,525
7008,275,276
7008,415,416
7008,450,451
7008,499,500
7009,275,276
7009,450,451
7009,478,479
7009,499,500
7010,372,373
7010,415,416
7010,499,500
7010,560,561
7011,372,373
7011,415,416
7011,499,500
7011,524,525
7012,372,373
7012,499,500
7012,542,543
7012,560,561
7013,372,373
7013,499,500
7013,524,525
7013,542,543
7014,26,27
7014,174,175
7014,243,244
7014,373,374
7015,26,27
7015,182,183
7015,226,227
7015,259,260
7016,26,27
7016,174,175
7016,249,250
7016,387,388
7017,26,27
7017,249,250
7017,292,293
7017,387,388
7018,26,27
7018,174,175
7018,249,250
7018,373,374
7019,26,27
7019,182,183
7019,226,227
7019,256,257
7020,26,27
7020,226,227
7020,256,257
7020,292,293
7021,26,27
7021,249,250
7021,256,257
7021,292,293
7022,26,27
7022,182,183
7022,256,257
7022,373,374
7023,26,27
7023,249,250
7023,256,257
7023,373,374
7024,10,11
7024,75,76
7024,127,128
7024,352,353
7025,10,11
7025,135,136
7025,348,349
7025,352,353
7026,10,11
7026,75,76
7026,135,136
7026,352,353
7027,75,76
7027,108,109
7027,127,128
7027,352,353
7028,10,11
7028,235,236
7028,348,349
7028,352,353
7029,10,11
7029,127,128
7029,235,236
7029,352,353
7030,135,136
7030,348,349
7030,352,353
7030,356,357
7031,75,76
7031,135,136
7031,352,353
7031,356,357
7032,142,143
7032,348,349
7032,352,353
7032,356,357
7033,75,76
7033,108,109
7033,352,353
7033,356,357
7034,108,109
7034,142,143
7034,352,353
7034,356,357
7035,59,60
7035,108,109
7035,189,190
7035,352,353
7036,108,109
7036,127,128
7036,189,190
7036,352,353
7037,12,13
7037,235,236
7037,348,349
7037,352,353
7038,12,13
7038,59,60
7038,235,236
7038,352,353
7039,59,60
7039,189,190
7039,235,236
7039,352,353
7040,127,128
7040,189,190
7040,235,236
7040,352,353
7041,12,13
7041,142,143
7041,348,349
7041,352,353
7042,100,101
7042,108,109
7042,142,143
7042,352,353
7043,59,60
7043,100,101
7043,108,109
7043,352,353
7044,12,13
7044,100,101
7044,142,143
7044,352,353
7045,12,13
7045,59,60
7045,100,101
7045,352,353
7046,1043,1044
7046,1173,1174
7046,1338,1339
7046,1340,1341
7047,1173,1174
7047,1221,1222
7047,1226,1227
7047,1340,1341
7048,1173,1174
7048,1226,1227
7048,1338,1339
7048,1340,1341
7049,1043,1044
7049,1157,1158
7049,1173,1174
7049,1340,1341
7050,1207,1208
7050,1221,1222
7050,1226,1227
7050,1340,1341
7051,1207,1208
7051,1226,1227
7051,1338,1339
7051,1340,1341
7052,1173,1174
7052,1221,1222
7052,1266,1267
7052,1340,1341
7053,1157,1158
7053,1173,1174
7053,1266,1267
7053,1340,1341
7054,1043,1044
7054,1326,1327
7054,1338,1339
7054,1340,1341
7055,1157,1158
7055,1176,1177
7055,1266,1267
7055,1340,1341
7056,1094,1095
7056,1157,1158
7056,1176,1177
7056,1340,1341
7057,1043,1044
7057,1094,1095
7057,1157,1158
7057,1340,1341
7058,1043,1044
7058,1175,1176
7058,1326,1327
7058,1340,1341
7059,1207,1208
7059,1221,1222
7059,1281,1282
7059,1340,1341
7060,1258,1259
7060,1326,1327
7060,1338,1339
7060,1340,1341
7061,1207,1208
7061,1258,1259
7061,1338,1339
7061,1340,1341
7062,1176,1177
7062,1195,1196
7062,1266,1267
7062,1340,1341
7063,1195,1196
7063,1221,1222
7063,1266,1267
7063,1340,1341
7064,1094,1095
7064,1175,1176
7064,1176,1177
7064,1340,1341
7065,1043,1044
7065,1094,1095
7065,1175,1176
7065,1340,1341
7066,1176,1177
7066,1195,1196
7066,1281,1282
7066,1340,1341
7067,1195,1196
7067,1221,1222
7067,1281,1282
7067,1340,1341
7068,1176,1177
7068,1281,1282
7068,1340,1341
7068,1352,1353
7069,1175,1176
7069,1176,1177
7069,1340,1341
7069,1352,1353
7070,1175,1176
7070,1326,1327
7070,1340,1341
7070,1352,1353
7071,1207,1208
7071,1258,1259
7071,1281,1282
7071,1340,1341
7072,1258,1259
7072,1281,1282
7072,1340,1341
7072,1352,1353
7073,1258,1259
7073,1326,1327
7073,1340,1341
7073,1352,1353
7074,865,866
7074,943,944
7074,949,950
7074,1009,1010
7075,865,866
7075,943,944
7075,949,950
7075,1141,1142
7076,865,866
7076,943,944
7076,1052,1053
7076,1141,1142
7077,943,944
7077,1052,1053
7077,1175,1176
7077,1204,1205
7078,865,866
7078,943,944
7078,1009,1010
7078,1094,1095
7079,943,944
7079,1043,1044
7079,1094,1095
7079,1175,1176
7080,865,866
7080,942,943
7080,943,944
7080,1052,1053
7081,865,866
7081,942,943
7081,943,944
7081,1094,1095
7082,942,943
7082,943,944
7082,1052,1053
7082,1175,1176
7083,942,943
7083,943,944
7083,1094,1095
7083,1175,1176
7084,1337,1338
7084,1393,1394
7084,1430,1431
7084,1443,1444
7085,1337,1338
7085,1430,1431
7085,1443,1444
7085,1565,1566
7086,1337,1338
7086,1393,1394
7086,1430,1431
7086,1565,1566
7087,1275,1276
7087,1393,1394
7087,1430,1431
7087,1443,1444
7088,1275,1276
7088,1393,1394
7088,1430,1431
7088,1494,1495
7089,1275,1276
7089,1315,1316
7089,1430,1431
7089,1443,1444
7090,1370,1371
7090,1430,1431
7090,1443,1444
7090,1565,1566
7091,1256,1257
7091,1429,1430
7091,1430,1431
7091,1494,1495
7092,1393,1394
7092,1429,1430
7092,1430,1431
7092,1494,1495
7093,1393,1394
7093,1429,1430
7093,1430,1431
7093,1565,1566
7094,1247,1248
7094,1275,1276
7094,1315,1316
7094,1430,1431
7095,1247,1248
7095,1315,1316
7095,1430,1431
7095,1494,1495
7096,1247,1248
7096,1275,1276
7096,1430,1431
7096,1494,1495
7097,1256,1257
7097,1315,1316
7097,1430,1431
7097,1494,1495
7098,1256,1257
7098,1315,1316
7098,1374,1375
7098,1430,1431
7099,1315,1316
7099,1370,1371
7099,1430,1431
7099,1443,1444
7100,1315,1316
7100,1370,1371
7100,1374,1375
7100,1430,1431
7101,1212,1213
7101,1370,1371
7101,1374,1375
7101,1430,1431
7102,1212,1213
7102,1370,1371
7102,1430,1431
7102,1565,1566
7103,1429,1430
7103,1430,1431
7103,1565,1566
7103,1612,1613
7104,1412,1413
7104,1547,1548
7104,1727,1728
7104,1820,1821
7105,1397,1398
7105,1533,1534
7105,1727,1728
7105,1820,1821
7106,1412,1413
7106,1533,1534
7106,1727,1728
7106,1820,1821
7107,1397,1398
7107,1412,1413
7107,1533,1534
7107,1820,1821
7108,1412,1413
7108,1547,1548
7108,1792,1793
7108,1820,1821
7109,1397,1398
7109,1621,1622
7109,1722,1723
7109,1820,1821
7110,1397,1398
7110,1412,1413
7110,1722,1723
7110,1820,1821
7111,1510,1511
7111,1528,1529
7111,1621,1622
7111,1820,1821
7112,1528,1529
7112,1547,1548
7112,1792,1793
7112,1820,1821
7113,1397,1398
7113,1621,1622
7113,1677,1678
7113,1820,1821
7114,1510,1511
7114,1621,1622
7114,1677,1678
7114,1820,1821
7115,1453,1454
7115,1547,1548
7115,1727,1728
7115,1820,1821
7116,1453,1454
7116,1510,1511
7116,1677,1678
7116,1820,1821
7117,1397,1398
7117,1677,1678
7117,1727,1728
7117,1820,1821
7118,1453,1454
7118,1677,1678
7118,1727,1728
7118,1820,1821
7119,1528,1529
7119,1554,1555
7119,1792,1793
7119,1820,1821
7120,1412,1413
7120,1554,1555
7120,1792,1793
7120,1820,1821
7121,1581,1582
7121,1621,1622
7121,1722,1723
7121,1820,1821
7122,1528,1529
7122,1581,1582
7122,1621,1622
7122,1820,1821
7123,1412,1413
7123,1554,1555
7123,1722,1723
7123,1820,1821
7124,1554,1555
7124,1581,1582
7124,1722,1723
7124,1820,1821
7125,1528,1529
7125,1554,1555
7125,1581,1582
7125,1820,1821
7126,1406,1407
7126,1434,1435
7126,1476,1477
7126,1529,1530
7127,1262,1263
7127,1434,1435
7127,1529,1530
7127,1562,1563
7128,1434,1435
7128,1476,1477
7128,1529,1530
7128,1562,1563
7129,1262,1263
7129,1434,1435
7129,1529,1530
7129,1582,1583
7130,1262,1263
7130,1434,1435
7130,1545,1546
7130,1582,1583
7131,1406,1407
7131,1434,1435
7131,1476,1477
7131,1597,1598
7132,1262,1263
7132,1309,1310
7132,1434,1435
7132,1562,1563
7133,1309,1310
7133,1434,1435
7133,1476,1477
7133,1562,1563
7134,1434,1435
7134,1515,1516
7134,1545,1546
7134,1582,1583
7135,1309,1310
7135,1434,1435
7135,1476,1477
7135,1597,1598
7136,1406,1407
7136,1434,1435
7136,1515,1516
7136,1597,1598
7137,1434,1435
7137,1515,1516
7137,1545,1546
7137,1597,1598
7138,1309,1310
7138,1434,1435
7138,1550,1551
7138,1597,1598
7139,1434,1435
7139,1545,1546
7139,1550,1551
7139,1597,1598
7140,1262,1263
7140,1309,1310
7140,1434,1435
7140,1550,1551
7141,1262,1263
7141,1434,1435
7141,1545,1546
7141,1550,1551
7142,1474,1475
7142,1588,1589
7142,1647,1648
7142,1776,1777
7143,1406,1407
7143,1474,1475
7143,1529,1530
7143,1647,1648
7144,1474,1475
7144,1529,1530
7144,1647,1648
7144,1776,1777
7145,1406,1407
7145,1474,1475
7145,1699,1700
7145,1754,1755
7146,1406,1407
7146,1474,1475
7146,1515,1516
7146,1754,1755
7147,1474,1475
7147,1588,1589
7147,1647,1648
7147,1699,1700
7148,1406,1407
7148,1474,1475
7148,1647,1648
7148,1699,1700
7149,1414,1415
7149,1474,1475
7149,1529,1530
7149,1776,1777
7150,1404,1405
7150,1474,1475
7150,1588,1589
7150,1699,1700
7151,1404,1405
7151,1474,1475
7151,1699,1700
7151,1754,1755
7152,1406,1407
7152,1434,1435
7152,1474,1475
7152,1515,1516
7153,1406,1407
7153,1434,1435
7153,1474,1475
7153,1529,1530
7154,1434,1435
7154,1474,1475
7154,1515,1516
7154,1582,1583
7155,1434,1435
7155,1474,1475
7155,1529,1530
7155,1582,1583
7156,1414,1415
7156,1474,1475
7156,1582,1583
7156,1803,1804
7157,1414,1415
7157,1474,1475
7157,1529,1530
7157,1582,1583
7158,1469,1470
7158,1474,1475
7158,1515,1516
7158,1754,1755
7159,1469,1470
7159,1474,1475
7159,1754,1755
7159,1803,1804
7160,1469,1470
7160,1474,1475
7160,1515,1516
7160,1582,1583
7161,1469,1470
7161,1474,1475
7161,1582,1583
7161,1803,1804
7162,1622,1623
7162,1663,1664
7162,1694,1695
7162,1823,1824
7163,1663,1664
7163,1694,1695
7163,1776,1777
7163,1823,1824
7164,1622,1623
7164,1694,1695
7164,1775,1776
7164,1823,1824
7165,1622,1623
7165,1694,1695
7165,1775,1776
7165,1808,1809
7166,1655,1656
7166,1694,1695
7166,1775,1776
7166,1823,1824
7167,1655,1656
7167,1694,1695
7167,1775,1776
7167,1808,1809
7168,1588,1589
7168,1655,1656
7168,1694,1695
7168,1823,1824
7169,1588,1589
7169,1694,1695
7169,1776,1777
7169,1823,1824
7170,1539,1540
7170,1655,1656
7170,1694,1695
7170,1808,1809
7171,1414,1415
7171,1663,1664
7171,1694,1695
7171,1776,1777
7172,1474,1475
7172,1588,1589
7172,1694,1695
7172,1776,1777
7173,1414,1415
7173,1474,1475
7173,1694,1695
7173,1776,1777
7174,1404,1405
7174,1588,1589
7174,1655,1656
7174,1694,1695
7175,1668,1669
7175,1675,1676
7175,1711,1712
7175,1753,1754
7176,1668,1669
7176,1675,1676
7176,1753,1754
7176,1776,1777
7177,1675,1676
7177,1678,1679
7177,1711,1712
7177,1753,1754
7178,1475,1476
7178,1675,1676
7178,1678,1679
7178,1753,1754
7179,1414,1415
7179,1475,1476
7179,1663,1664
7179,1675,1676
7180,1414,1415
7180,1663,1664
7180,1675,1676
7180,1776,1777
7181,1414,1415
7181,1475,1476
7181,1675,1676
7181,1753,1754
7182,1414,1415
7182,1675,1676
7182,1753,1754
7182,1776,1777
7183,1475,1476
7183,1660,1661
7183,1663,1664
7183,1675,1676
7184,1471,1472
7184,1675,1676
7184,1678,1679
7184,1711,1712
7185,1471,1472
7185,1633,1634
7185,1660,1661
7185,1675,1676
7186,1471,1472
7186,1633,1634
7186,1675,1676
7186,1711,1712
7187,1475,1476
7187,1579,1580
7187,1675,1676
7187,1678,1679
7188,1471,1472
7188,1579,1580
7188,1675,1676
7188,1678,1679
7189,1475,1476
7189,1579,1580
7189,1660,1661
7189,1675,1676
7190,1471,1472
7190,1579,1580
7190,1660,1661
7190,1675,1676
7191,257,258
7191,386,387
7191,455,456
7191,462,463
7192,257,258
7192,455,456
7192,462,463
7192,545,546
7193,233,234
7193,455,456
7193,462,463
7193,545,546
7194,233,234
7194,455,456
7194,545,546
7194,585,586
7195,288,289
7195,386,387
7195,455,456
7195,462,463
7196,233,234
7196,288,289
7196,455,456
7196,462,463
7197,233,234
7197,288,289
7197,386,387
7197,455,456
7198,455,456
7198,532,533
7198,545,546
7198,585,586
7199,455,456
7199,475,476
7199,532,533
7199,545,546
7200,475,476
7200,692,693
7200,704,705
7200,783,784
7201,475,476
7201,532,533
7201,704,705
7201,783,784
7202,475,476
7202,545,546
7202,704,705
7202,707,708
7203,475,476
7203,532,533
7203,545,546
7203,704,705
7204,504,505
7204,545,546
7204,704,705
7204,707,708
7205,504,505
7205,532,533
7205,545,546
7205,704,705
7206,692,693
7206,704,705
7206,783,784
7206,794,795
7207,704,705
7207,783,784
7207,784,785
7207,794,795
7208,504,505
7208,704,705
7208,707,708
7208,767,768
7209,504,505
7209,704,705
7209,767,768
7209,784,785
7210,532,533
7210,704,705
7210,783,784
7210,820,821
7211,704,705
7211,783,784
7211,784,785
7211,820,821
7212,504,505
7212,532,533
7212,704,705
7212,820,821
7213,504,505
7213,704,705
7213,784,785
7213,820,821
7214,704,705
7214,767,768
7214,784,785
7214,794,795
7215,692,693
7215,704,705
7215,770,771
7215,794,795
7216,704,705
7216,767,768
7216,770,771
7216,794,795
7217,692,693
7217,704,705
7217,707,708
7217,770,771
7218,704,705
7218,707,708
7218,767,768
7218,770,771
7219,50,51
7219,361,362
7219,366,367
7219,402,403
7220,50,51
7220,366,367
7220,402,403
7220,588,589
7221,50,51
7221,244,245
7221,402,403
7221,588,589
7222,244,245
7222,366,367
7222,402,403
7222,588,589
7223,282,283
7223,361,362
7223,366,367
7223,402,403
7224,74,75
7224,282,283
7224,361,362
7224,402,403
7225,74,75
7225,203,204
7225,282,283
7225,402,403
7226,244,245
7226,366,367
7226,402,403
7226,477,478
7227,282,283
7227,366,367
7227,402,403
7227,477,478
7228,203,204
7228,281,282
7228,282,283
7228,402,403
7229,244,245
7229,281,282
7229,402,403
7229,477,478
7230,281,282
7230,282,283
7230,402,403
7230,477,478
7231,459,460
7231,493,494
7231,502,503
7231,526,527
7232,493,494
7232,502,503
7232,526,527
7232,670,671
7233,370,371
7233,459,460
7233,502,503
7233,526,527
7234,482,483
7234,502,503
7234,526,527
7234,670,671
7235,432,433
7235,459,460
7235,502,503
7235,654,655
7236,432,433
7236,493,494
7236,502,503
7236,654,655
7237,459,460
7237,493,494
7237,502,503
7237,654,655
7238,432,433
7238,444,445
7238,493,494
7238,502,503
7239,444,445
7239,493,494
7239,502,503
7239,670,671
7240,251,252
7240,370,371
7240,459,460
7240,502,503
7241,251,252
7241,432,433
7241,459,460
7241,502,503
7242,370,371
7242,502,503
7242,526,527
7242,547,548
7243,370,371
7243,482,483
7243,502,503
7243,547,548
7244,482,483
7244,502,503
7244,526,527
7244,547,548
7245,444,445
7245,482,483
7245,502,503
7245,670,671
7246,432,433
7246,444,445
7246,502,503
7246,563,564
7247,251,252
7247,370,371
7247,502,503
7247,563,564
7248,251,252
7248,432,433
7248,502,503
7248,563,564
7249,230,231
7249,370,371
7249,502,503
7249,563,564
7250,230,231
7250,370,371
7250,482,483
7250,502,503
7251,230,231
7251,482,483
7251,502,503
7251,563,564
7252,444,445
7252,502,503
7252,506,507
7252,563,564
7253,482,483
7253,502,503
7253,506,507
7253,563,564
7254,444,445
7254,482,483
7254,502,503
7254,506,507
7255,493,494
7255,568,569
7255,714,715
7255,840,841
7256,493,494
7256,568,569
7256,670,671
7256,714,715
7257,568,569
7257,714,715
7257,826,827
7257,840,841
7258,493,494
7258,705,706
7258,714,715
7258,840,841
7259,538,539
7259,568,569
7259,714,715
7259,826,827
7260,538,539
7260,568,569
7260,670,671
7260,714,715
7261,444,445
7261,493,494
7261,705,706
7261,714,715
7262,444,445
7262,493,494
7262,670,671
7262,714,715
7263,538,539
7263,670,671
7263,714,715
7263,810,811
7264,441,442
7264,444,445
7264,705,706
7264,714,715
7265,655,656
7265,705,706
7265,714,715
7265,840,841
7266,538,539
7266,540,541
7266,714,715
7266,826,827
7267,538,539
7267,540,541
7267,714,715
7267,810,811
7268,444,445
7268,670,671
7268,714,715
7268,810,811
7269,441,442
7269,444,445
7269,714,715
7269,810,811
7270,714,715
7270,736,737
7270,826,827
7270,840,841
7271,655,656
7271,714,715
7271,736,737
7271,840,841
7272,441,442
7272,655,656
7272,705,706
7272,714,715
7273,540,541
7273,714,715
7273,811,812
7273,826,827
7274,540,541
7274,714,715
7274,810,811
7274,811,812
7275,714,715
7275,736,737
7275,811,812
7275,826,827
7276,655,656
7276,714,715
7276,736,737
7276,811,812
7277,441,442
7277,650,651
7277,714,715
7277,810,811
7278,441,442
7278,650,651
7278,655,656
7278,714,715
7279,650,651
7279,714,715
7279,810,811
7279,811,812
7280,650,651
7280,655,656
7280,714,715
7280,811,812
7281,497,498
7281,538,539
7281,626,627
7281,670,671
7282,465,466
7282,497,498
7282,538,539
7282,670,671
7283,497,498
7283,538,539
7283,626,627
7283,770,771
7284,465,466
7284,497,498
7284,538,539
7284,770,771
7285,497,498
7285,626,627
7285,707,708
7285,770,771
7286,497,498
7286,526,527
7286,626,627
7286,707,708
7287,497,498
7287,526,527
7287,626,627
7287,670,671
7288,497,498
7288,526,527
7288,547,548
7288,707,708
7289,482,483
7289,497,498
7289,670,671
7289,779,780
7290,481,482
7290,497,498
7290,707,708
7290,767,768
7291,497,498
7291,707,708
7291,767,768
7291,770,771
7292,465,466
7292,481,482
7292,497,498
7292,767,768
7293,465,466
7293,497,498
7293,767,768
7293,770,771
7294,482,483
7294,497,498
7294,526,527
7294,547,548
7295,482,483
7295,497,498
7295,526,527
7295,670,671
7296,481,482
7296,497,498
7296,547,548
7296,707,708
7297,481,482
7297,482,483
7297,497,498
7297,547,548
7298,465,466
7298,481,482
7298,497,498
7298,779,780
7299,481,482
7299,482,483
7299,497,498
7299,779,780
7300,465,466
7300,497,498
7300,779,780
7300,810,811
7301,497,498
7301,670,671
7301,779,780
7301,810,811
7302,465,466
7302,497,498
7302,670,671
7302,810,811
7303,624,625
7303,765,766
7303,788,789
7303,951,952
7304,765,766
7304,804,805
7304,904,905
7304,951,952
7305,709,710
7305,804,805
7305,904,905
7305,951,952
7306,624,625
7306,765,766
7306,804,805
7306,951,952
7307,624,625
7307,795,796
7307,804,805
7307,951,952
7308,698,699
7308,934,935
7308,995,996
7308,1003,1004
7309,698,699
7309,746,747
7309,960,961
7309,995,996
7310,684,685
7310,698,699
7310,746,747
7310,995,996
7311,442,443
7311,511,512
7311,657,658
7311,769,770
7312,442,443
7312,511,512
7312,520,521
7312,657,658
7313,511,512
7313,657,658
7313,729,730
7313,769,770
7314,511,512
7314,657,658
7314,729,730
7314,880,881
7315,511,512
7315,520,521
7315,657,658
7315,880,881
7316,442,443
7316,448,449
7316,511,512
7316,769,770
7317,448,449
7317,511,512
7317,683,684
7317,769,770
7318,511,512
7318,729,730
7318,880,881
7318,987,988
7319,511,512
7319,729,730
7319,769,770
7319,789,790
7320,511,512
7320,683,684
7320,769,770
7320,789,790
7321,511,512
7321,729,730
7321,746,747
7321,987,988
7322,511,512
7322,729,730
7322,746,747
7322,789,790
7323,433,434
7323,543,544
7323,609,610
7323,628,629
7324,433,434
7324,442,443
7324,543,544
7324,628,629
7325,433,434
7325,442,443
7325,520,521
7325,543,544
7326,433,434
7326,481,482
7326,543,544
7326,609,610
7327,442,443
7327,448,449
7327,543,544
7327,628,629
7328,448,449
7328,543,544
7328,609,610
7328,628,629
7329,442,443
7329,448,449
7329,511,512
7329,543,544
7330,448,449
7330,511,512
7330,543,544
7330,683,684
7331,442,443
7331,511,512
7331,520,521
7331,543,544
7332,107,108
7332,176,177
7332,237,238
7332,368,369
7333,176,177
7333,237,238
7333,368,369
7333,395,396
7334,55,56
7334,107,108
7334,176,177
7334,237,238
7335,55,56
7335,176,177
7335,237,238
7335,395,396
7336,55,56
7336,107,108
7336,237,238
7336,238,239
7337,55,56
7337,237,238
7337,238,239
7337,395,396
7338,81,82
7338,237,238
7338,338,339
7338,368,369
7339,237,238
7339,242,243
7339,338,339
7339,368,369
7340,15,16
7340,107,108
7340,237,238
7340,238,239
7341,81,82
7341,92,93
7341,107,108
7341,237,238
7342,81,82
7342,92,93
7342,237,238
7342,368,369
7343,92,93
7343,107,108
7343,237,238
7343,368,369
7344,81,82
7344,159,160
7344,237,238
7344,338,339
7345,237,238
7345,242,243
7345,293,294
7345,368,369
7346,237,238
7346,242,243
7346,293,294
7346,395,396
7347,237,238
7347,293,294
7347,368,369
7347,395,396
7348,15,16
7348,81,82
7348,159,160
7348,237,238
7349,15,16
7349,81,82
7349,107,108
7349,237,238
7350,159,160
7350,237,238
7350,328,329
7350,338,339
7351,237,238
7351,242,243
7351,328,329
7351,338,339
7352,103,104
7352,364,365
7352,395,396
7352,562,563
7353,103,104
7353,364,365
7353,513,514
7353,562,563
7354,103,104
7354,364,365
7354,384,385
7354,513,514
7355,103,104
7355,238,239
7355,364,365
7355,384,385
7356,103,104
7356,238,239
7356,364,365
7356,395,396
7357,364,365
7357,429,430
7357,513,514
7357,562,563
7358,364,365
7358,429,430
7358,513,514
7358,591,592
7359,364,365
7359,395,396
7359,539,540
7359,562,563
7360,364,365
7360,384,385
7360,513,514
7360,528,529
7361,364,365
7361,513,514
7361,528,529
7361,591,592
7362,238,239
7362,363,364
7362,364,365
7362,384,385
7363,364,365
7363,429,430
7363,539,540
7363,562,563
7364,363,364
7364,364,365
7364,384,385
7364,528,529
7365,363,364
7365,364,365
7365,528,529
7365,591,592
7366,363,364
7366,364,365
7366,410,411
7366,591,592
7367,242,243
7367,364,365
7367,429,430
7367,539,540
7368,242,243
7368,364,365
7368,395,396
7368,539,540
7369,15,16
7369,82,83
7369,175,176
7369,201,202
7370,27,28
7370,60,61
7370,82,83
7370,175,176
7371,27,28
7371,60,61
7371,82,83
7371,201,202
7372,27,28
7372,82,83
7372,175,176
7372,201,202
7373,60,61
7373,82,83
7373,164,165
7373,175,176
7374,15,16
7374,35,36
7374,82,83
7374,220,221
7375,15,16
7375,82,83
7375,175,176
7375,220,221
7376,82,83
7376,164,165
7376,175,176
7376,220,221
7377,82,83
7377,110,111
7377,112,113
7377,201,202
7378,60,61
7378,82,83
7378,112,113
7378,201,202
7379,35,36
7379,82,83
7379,110,111
7379,335,336
7380,15,16
7380,35,36
7380,82,83
7380,335,336
7381,15,16
7381,82,83
7381,110,111
7381,335,336
7382,15,16
7382,82,83
7382,110,111
7382,238,239
7383,82,83
7383,110,111
7383,201,202
7383,238,239
7384,15,16
7384,82,83
7384,201,202
7384,238,239
7385,35,36
7385,47,48
7385,82,83
7385,204,205
7386,47,48
7386,60,61
7386,82,83
7386,164,165
7387,47,48
7387,60,61
7387,82,83
7387,204,205
7388,47,48
7388,82,83
7388,164,165
7388,220,221
7389,35,36
7389,47,48
7389,82,83
7389,220,221
7390,35,36
7390,82,83
7390,126,127
7390,204,205
7391,35,36
7391,82,83
7391,110,111
7391,126,127
7392,60,61
7392,82,83
7392,126,127
7392,204,205
7393,82,83
7393,110,111
7393,112,113
7393,126,127
7394,60,61
7394,82,83
7394,112,113
7394,126,127
7395,107,108
7395,175,176
7395,201,202
7395,218,219
7396,79,80
7396,133,134
7396,175,176
7396,218,219
7397,79,80
7397,107,108
7397,175,176
7397,218,219
7398,27,28
7398,133,134
7398,175,176
7398,218,219
7399,27,28
7399,175,176
7399,201,202
7399,218,219
7400,27,28
7400,133,134
7400,185,186
7400,218,219
7401,27,28
7401,185,186
7401,201,202
7401,218,219
7402,17,18
7402,79,80
7402,107,108
7402,218,219
7403,68,69
7403,79,80
7403,133,134
7403,218,219
7404,68,69
7404,133,134
7404,185,186
7404,218,219
7405,63,64
7405,68,69
7405,185,186
7405,218,219
7406,17,18
7406,55,56
7406,156,157
7406,218,219
7407,17,18
7407,55,56
7407,107,108
7407,218,219
7408,17,18
7408,63,64
7408,156,157
7408,218,219
7409,55,56
7409,156,157
7409,201,202
7409,218,219
7410,55,56
7410,107,108
7410,201,202
7410,218,219
7411,17,18
7411,68,69
7411,79,80
7411,218,219
7412,17,18
7412,63,64
7412,68,69
7412,218,219
7413,63,64
7413,156,157
7413,211,212
7413,218,219
7414,63,64
7414,185,186
7414,211,212
7414,218,219
7415,156,157
7415,201,202
7415,211,212
7415,218,219
7416,185,186
7416,201,202
7416,211,212
7416,218,219
7417,7,8
7417,53,54
7417,65,66
7417,269,270
7418,7,8
7418,38,39
7418,53,54
7418,65,66
7419,38,39
7419,53,54
7419,65,66
7419,86,87
7420,25,26
7420,53,54
7420,65,66
7420,269,270
7421,25,26
7421,53,54
7421,65,66
7421,86,87
7422,32,33
7422,38,39
7422,65,66
7422,86,87
7423,38,39
7423,65,66
7423,91,92
7423,319,320
7424,25,26
7424,65,66
7424,209,210
7424,269,270
7425,32,33
7425,65,66
7425,91,92
7425,209,210
7426,32,33
7426,38,39
7426,65,66
7426,91,92
7427,65,66
7427,91,92
7427,179,180
7427,209,210
7428,65,66
7428,91,92
7428,179,180
7428,319,320
7429,32,33
7429,65,66
7429,73,74
7429,209,210
7430,25,26
7430,65,66
7430,73,74
7430,209,210
7431,32,33
7431,65,66
7431,73,74
7431,86,87
7432,25,26
7432,65,66
7432,73,74
7432,86,87
7433,9,10
7433,65,66
7433,179,180
7433,209,210
7434,9,10
7434,65,66
7434,209,210
7434,269,270
7435,709,710
7435,940,941
7435,976,977
7435,989,990
7436,940,941
7436,976,977
7436,989,990
7436,1072,1073
7437,937,938
7437,940,941
7437,976,977
7437,1072,1073
7438,709,710
7438,795,796
7438,940,941
7438,951,952
7439,709,710
7439,804,805
7439,940,941
7439,951,952
7440,795,796
7440,804,805
7440,940,941
7440,951,952
7441,891,892
7441,937,938
7441,940,941
7441,976,977
7442,937,938
7442,940,941
7442,982,983
7442,1001,1002
7443,760,761
7443,795,796
7443,940,941
7443,1001,1002
7444,760,761
7444,795,796
7444,804,805
7444,940,941
7445,645,646
7445,891,892
7445,940,941
7445,976,977
7446,760,761
7446,891,892
7446,940,941
7446,1001,1002
7447,891,892
7447,937,938
7447,940,941
7447,1001,1002
7448,645,646
7448,760,761
7448,891,892
7448,940,941
7449,645,646
7449,760,761
7449,804,805
7449,940,941
7450,871,872
7450,881,882
7450,947,948
7450,976,977
7451,871,872
7451,881,882
7451,947,948
7451,1004,1005
7452,645,646
7452,871,872
7452,891,892
7452,947,948
7453,871,872
7453,891,892
7453,947,948
7453,976,977
7454,645,646
7454,891,892
7454,947,948
7454,976,977
7455,871,872
7455,947,948
7455,990,991
7455,1004,1005
7456,645,646
7456,871,872
7456,947,948
7456,990,991
7457,645,646
7457,727,728
7457,947,948
7457,990,991
7458,881,882
7458,947,948
7458,961,962
7458,976,977
7459,689,690
7459,947,948
7459,990,991
7459,1004,1005
7460,727,728
7460,782,783
7460,947,948
7460,990,991
7461,881,882
7461,947,948
7461,953,954
7461,961,962
7462,881,882
7462,947,948
7462,953,954
7462,1004,1005
7463,689,690
7463,782,783
7463,947,948
7463,990,991
7464,689,690
7464,947,948
7464,953,954
7464,961,962
7465,689,690
7465,947,948
7465,953,954
7465,1004,1005
7466,864,865
7466,947,948
7466,961,962
7466,976,977
7467,689,690
7467,782,783
7467,864,865
7467,947,948
7468,903,904
7468,932,933
7468,982,983
7468,1149,1150
7469,903,904
7469,982,983
7469,1018,1019
7469,1149,1150
7470,882,883
7470,903,904
7470,982,983
7470,1018,1019
7471,903,904
7471,1018,1019
7471,1085,1086
7471,1149,1150
7472,882,883
7472,903,904
7472,1018,1019
7472,1085,1086
7473,903,904
7473,977,978
7473,1085,1086
7473,1149,1150
7474,882,883
7474,903,904
7474,977,978
7474,1085,1086
7475,887,888
7475,903,904
7475,977,978
7475,988,989
7476,903,904
7476,977,978
7476,988,989
7476,1106,1107
7477,892,893
7477,903,904
7477,988,989
7477,1106,1107
7478,882,883
7478,903,904
7478,977,978
7478,1106,1107
7479,882,883
7479,892,893
7479,903,904
7479,1106,1107
7480,716,717
7480,972,973
7480,988,989
7480,998,999
7481,671,672
7481,716,717
7481,972,973
7481,998,999
7482,671,672
7482,716,717
7482,987,988
7482,998,999
7483,671,672
7483,960,961
7483,987,988
7483,998,999
7484,746,747
7484,960,961
7484,987,988
7484,998,999
7485,698,699
7485,746,747
7485,960,961
7485,998,999
7486,698,699
7486,746,747
7486,987,988
7486,998,999
7487,934,935
7487,960,961
7487,998,999
7487,1163,1164
7488,671,672
7488,969,970
7488,972,973
7488,998,999
7489,671,672
7489,960,961
7489,969,970
7489,998,999
7490,934,935
7490,960,961
7490,995,996
7490,998,999
7491,698,699
7491,960,961
7491,995,996
7491,998,999
7492,698,699
7492,934,935
7492,995,996
7492,998,999
7493,897,898
7493,972,973
7493,988,989
7493,998,999
7494,897,898
7494,972,973
7494,998,999
7494,1163,1164
7495,897,898
7495,934,935
7495,988,989
7495,998,999
7496,897,898
7496,934,935
7496,998,999
7496,1163,1164
7497,969,970
7497,972,973
7497,998,999
7497,1163,1164
7498,960,961
7498,969,970
7498,998,999
7498,1163,1164
7499,716,717
7499,798,799
7499,846,847
7499,887,888
7500,663,664
7500,716,717
7500,798,799
7500,846,847
7501,663,664
7501,716,717
7501,846,847
7501,887,888
7502,663,664
7502,798,799
7502,846,847
7502,868,869
7503,690,691
7503,798,799
7503,846,847
7503,868,869
7504,690,691
7504,798,799
7504,846,847
7504,887,888
7505,690,691
7505,816,817
7505,846,847
7505,868,869
7506,816,817
7506,846,847
7506,868,869
7506,932,933
7507,663,664
7507,846,847
7507,868,869
7507,932,933
7508,690,691
7508,816,817
7508,846,847
7508,1100,1101
7509,690,691
7509,846,847
7509,887,888
7509,1100,1101
7510,816,817
7510,846,847
7510,1100,1101
7510,1149,1150
7511,816,817
7511,846,847
7511,852,853
7511,1149,1150
7512,816,817
7512,846,847
7512,852,853
7512,932,933
7513,846,847
7513,852,853
7513,932,933
7513,1149,1150
7514,846,847
7514,903,904
7514,932,933
7514,1149,1150
7515,663,664
7515,846,847
7515,903,904
7515,932,933
7516,846,847
7516,1100,1101
7516,1149,1150
7516,1172,1173
7517,846,847
7517,887,888
7517,1100,1101
7517,1172,1173
7518,663,664
7518,846,847
7518,887,888
7518,988,989
7519,846,847
7519,887,888
7519,903,904
7519,988,989
7520,663,664
7520,846,847
7520,903,904
7520,988,989
7521,846,847
7521,977,978
7521,1149,1150
7521,1172,1173
7522,846,847
7522,903,904
7522,977,978
7522,1149,1150
7523,846,847
7523,887,888
7523,977,978
7523,1172,1173
7524,846,847
7524,887,888
7524,903,904
7524,977,978
7525,854,855
7525,886,887
7525,959,960
7525,1096,1097
7526,907,908
7526,1008,1009
7526,1096,1097
7526,1163,1164
7527,860,861
7527,907,908
7527,1008,1009
7527,1096,1097
7528,907,908
7528,1096,1097
7528,1163,1164
7528,1185,1186
7529,860,861
7529,907,908
7529,950,951
7529,1096,1097
7530,907,908
7530,950,951
7530,1096,1097
7530,1185,1186
7531,1064,1065
7531,1206,1207
7531,1209,1210
7531,1508,1509
7532,1037,1038
7532,1064,1065
7532,1116,1117
7532,1209,1210
7533,1037,1038
7533,1064,1065
7533,1113,1114
7533,1116,1117
7534,1078,1079
7534,1128,1129
7534,1306,1307
7534,1358,1359
7535,1037,1038
7535,1128,1129
7535,1306,1307
7535,1358,1359
7536,1037,1038
7536,1116,1117
7536,1209,1210
7536,1358,1359
7537,1078,1079
7537,1091,1092
7537,1306,1307
7537,1358,1359
7538,1091,1092
7538,1306,1307
7538,1349,1350
7538,1358,1359
7539,1306,1307
7539,1349,1350
7539,1358,1359
7539,1371,1372
7540,1037,1038
7540,1306,1307
7540,1358,1359
7540,1371,1372
7541,1078,1079
7541,1091,1092
7541,1227,1228
7541,1358,1359
7542,1091,1092
7542,1227,1228
7542,1349,1350
7542,1358,1359
7543,1209,1210
7543,1227,1228
7543,1349,1350
7543,1358,1359
7544,1116,1117
7544,1209,1210
7544,1227,1228
7544,1358,1359
7545,1209,1210
7545,1349,1350
7545,1358,1359
7545,1371,1372
7546,1037,1038
7546,1209,1210
7546,1358,1359
7546,1371,1372
7547,900,901
7547,1113,1114
7547,1122,1123
7547,1331,1332
7548,900,901
7548,1142,1143
7548,1196,1197
7548,1331,1332
7549,900,901
7549,1122,1123
7549,1142,1143
7549,1331,1332
7550,1046,1047
7550,1196,1197
7550,1260,1261
7550,1331,1332
7551,1046,1047
7551,1260,1261
7551,1284,1285
7551,1331,1332
7552,1046,1047
7552,1284,1285
7552,1331,1332
7552,1346,1347
7553,1055,1056
7553,1284,1285
7553,1331,1332
7553,1346,1347
7554,1142,1143
7554,1196,1197
7554,1260,1261
7554,1331,1332
7555,1142,1143
7555,1260,1261
7555,1284,1285
7555,1331,1332
7556,1142,1143
7556,1284,1285
7556,1331,1332
7556,1357,1358
7557,1122,1123
7557,1142,1143
7557,1331,1332
7557,1357,1358
7558,892,893
7558,1033,1034
7558,1106,1107
7558,1161,1162
7559,873,874
7559,892,893
7559,1106,1107
7559,1161,1162
7560,900,901
7560,1113,1114
7560,1129,1130
7560,1161,1162
7561,1037,1038
7561,1113,1114
7561,1129,1130
7561,1161,1162
7562,1037,1038
7562,1113,1114
7562,1116,1117
7562,1161,1162
7563,900,901
7563,1129,1130
7563,1150,1151
7563,1161,1162
7564,900,901
7564,1106,1107
7564,1150,1151
7564,1161,1162
7565,1037,1038
7565,1128,1129
7565,1129,1130
7565,1161,1162
7566,1030,1031
7566,1033,1034
7566,1150,1151
7566,1161,1162
7567,1030,1031
7567,1129,1130
7567,1150,1151
7567,1161,1162
7568,882,883
7568,1033,1034
7568,1150,1151
7568,1161,1162
7569,882,883
7569,1033,1034
7569,1106,1107
7569,1161,1162
7570,882,883
7570,1106,1107
7570,1150,1151
7570,1161,1162
7571,1030,1031
7571,1033,1034
7571,1128,1129
7571,1161,1162
7572,1030,1031
7572,1128,1129
7572,1129,1130
7572,1161,1162
7573,1037,1038
7573,1128,1129
7573,1161,1162
7573,1358,1359
7574,1116,1117
7574,1128,1129
7574,1161,1162
7574,1358,1359
7575,1037,1038
7575,1116,1117
7575,1161,1162
7575,1358,1359
7576,860,861
7576,886,887
7576,975,976
7576,1114,1115
7577,886,887
7577,920,921
7577,975,976
7577,1114,1115
7578,920,921
7578,975,976
7578,1114,1115
7578,1193,1194
7579,920,921
7579,1050,1051
7579,1114,1115
7579,1193,1194
7580,920,921
7580,1050,1051
7580,1114,1115
7580,1203,1204
7581,886,887
7581,920,921
7581,1114,1115
7581,1203,1204
7582,1050,1051
7582,1114,1115
7582,1127,1128
7582,1189,1190
7583,1050,1051
7583,1114,1115
7583,1189,1190
7583,1203,1204
7584,1050,1051
7584,1071,1072
7584,1114,1115
7584,1127,1128
7585,1050,1051
7585,1071,1072
7585,1114,1115
7585,1193,1194
7586,854,855
7586,930,931
7586,954,955
7586,986,987
7587,854,855
7587,886,887
7587,930,931
7587,986,987
7588,854,855
7588,886,887
7588,986,987
7588,1096,1097
7589,860,861
7589,986,987
7589,1008,1009
7589,1096,1097
7590,860,861
7590,886,887
7590,986,987
7590,1096,1097
7591,884,885
7591,930,931
7591,954,955
7591,986,987
7592,886,887
7592,920,921
7592,930,931
7592,986,987
7593,860,861
7593,920,921
7593,964,965
7593,986,987
7594,860,861
7594,886,887
7594,920,921
7594,986,987
7595,785,786
7595,860,861
7595,986,987
7595,1008,1009
7596,785,786
7596,860,861
7596,964,965
7596,986,987
7597,920,921
7597,930,931
7597,936,937
7597,986,987
7598,920,921
7598,936,937
7598,964,965
7598,986,987
7599,883,884
7599,954,955
7599,986,987
7599,1008,1009
7600,785,786
7600,883,884
7600,986,987
7600,1008,1009
7601,1304,1305
7601,1311,1312
7601,1371,1372
7601,1508,1509
7602,1209,1210
7602,1311,1312
7602,1371,1372
7602,1508,1509
7603,1064,1065
7603,1209,1210
7603,1311,1312
7603,1508,1509
7604,1037,1038
7604,1209,1210
7604,1311,1312
7604,1371,1372
7605,1037,1038
7605,1064,1065
7605,1209,1210
7605,1311,1312
7606,1037,1038
7606,1064,1065
7606,1113,1114
7606,1311,1312
7607,1122,1123
7607,1153,1154
7607,1225,1226
7607,1311,1312
7608,1037,1038
7608,1113,1114
7608,1153,1154
7608,1311,1312
7609,1113,1114
7609,1122,1123
7609,1153,1154
7609,1311,1312
7610,1264,1265
7610,1310,1311
7610,1325,1326
7610,1357,1358
7611,1036,1037
7611,1055,1056
7611,1310,1311
7611,1325,1326
7612,1036,1037
7612,1055,1056
7612,1242,1243
7612,1325,1326
7613,1240,1241
7613,1264,1265
7613,1325,1326
7613,1493,1494
7614,1225,1226
7614,1304,1305
7614,1311,1312
7614,1493,1494
7615,1264,1265
7615,1325,1326
7615,1357,1358
7615,1493,1494
7616,1220,1221
7616,1304,1305
7616,1350,1351
7616,1493,1494
7617,1220,1221
7617,1225,1226
7617,1304,1305
7617,1493,1494
7618,1240,1241
7618,1287,1288
7618,1350,1351
7618,1493,1494
7619,1287,1288
7619,1304,1305
7619,1350,1351
7619,1493,1494
7620,1240,1241
7620,1350,1351
7620,1402,1403
7620,1493,1494
7621,1240,1241
7621,1264,1265
7621,1402,1403
7621,1493,1494
7622,1220,1221
7622,1350,1351
7622,1402,1403
7622,1493,1494
7623,1220,1221
7623,1225,1226
7623,1261,1262
7623,1493,1494
7624,1225,1226
7624,1261,1262
7624,1357,1358
7624,1493,1494
7625,1264,1265
7625,1274,1275
7625,1357,1358
7625,1493,1494
7626,1264,1265
7626,1274,1275
7626,1402,1403
7626,1493,1494
7627,1220,1221
7627,1261,1262
7627,1274,1275
7627,1493,1494
7628,1261,1262
7628,1274,1275
7628,1357,1358
7628,1493,1494
7629,1220,1221
7629,1274,1275
7629,1411,1412
7629,1493,1494
7630,1274,1275
7630,1402,1403
7630,1411,1412
7630,1493,1494
7631,1220,1221
7631,1402,1403
7631,1411,1412
7631,1493,1494
7632,1310,1311
7632,1373,1374
7632,1401,1402
7632,1440,1441
7633,1264,1265
7633,1310,1311
7633,1401,1402
7633,1440,1441
7634,1264,1265
7634,1310,1311
7634,1325,1326
7634,1440,1441
7635,1373,1374
7635,1401,1402
7635,1440,1441
7635,1483,1484
7636,1264,1265
7636,1401,1402
7636,1440,1441
7636,1483,1484
7637,1036,1037
7637,1310,1311
7637,1373,1374
7637,1440,1441
7638,1036,1037
7638,1310,1311
7638,1325,1326
7638,1440,1441
7639,1036,1037
7639,1318,1319
7639,1373,1374
7639,1440,1441
7640,1036,1037
7640,1318,1319
7640,1325,1326
7640,1440,1441
7641,1222,1223
7641,1373,1374
7641,1440,1441
7641,1483,1484
7642,1222,1223
7642,1318,1319
7642,1373,1374
7642,1440,1441
7643,1210,1211
7643,1264,1265
7643,1440,1441
7643,1483,1484
7644,1210,1211
7644,1240,1241
7644,1264,1265
7644,1440,1441
7645,1240,1241
7645,1264,1265
7645,1325,1326
7645,1440,1441
7646,1222,1223
7646,1440,1441
7646,1483,1484
7646,1486,1487
7647,853,854
7647,875,876
7647,884,885
7647,1034,1035
7648,853,854
7648,884,885
7648,1025,1026
7648,1034,1035
7649,853,854
7649,875,876
7649,996,997
7649,1034,1035
7650,853,854
7650,875,876
7650,996,997
7650,1027,1028
7651,853,854
7651,996,997
7651,1027,1028
7651,1034,1035
7652,853,854
7652,875,876
7652,884,885
7652,999,1000
7653,853,854
7653,884,885
7653,999,1000
7653,1025,1026
7654,853,854
7654,1027,1028
7654,1060,1061
7654,1119,1120
7655,853,854
7655,875,876
7655,1027,1028
7655,1119,1120
7656,853,854
7656,1025,1026
7656,1034,1035
7656,1178,1179
7657,849,850
7657,853,854
7657,1025,1026
7657,1178,1179
7658,853,854
7658,1027,1028
7658,1034,1035
7658,1038,1039
7659,853,854
7659,1013,1014
7659,1060,1061
7659,1192,1193
7660,849,850
7660,853,854
7660,1013,1014
7660,1060,1061
7661,853,854
7661,1060,1061
7661,1119,1120
7661,1192,1193
7662,853,854
7662,875,876
7662,1119,1120
7662,1192,1193
7663,849,850
7663,853,854
7663,1038,1039
7663,1060,1061
7664,853,854
7664,1027,1028
7664,1038,1039
7664,1060,1061
7665,853,854
7665,1034,1035
7665,1038,1039
7665,1178,1179
7666,849,850
7666,853,854
7666,1038,1039
7666,1178,1179
7667,853,854
7667,926,927
7667,999,1000
7667,1025,1026
7668,849,850
7668,853,854
7668,926,927
7668,1013,1014
7669,849,850
7669,853,854
7669,926,927
7669,1025,1026
7670,712,713
7670,737,738
7670,747,748
7670,914,915
7671,650,651
7671,712,713
7671,737,738
7671,754,755
7672,673,674
7672,712,713
7672,914,915
7672,948,949
7673,673,674
7673,712,713
7673,737,738
7673,914,915
7674,673,674
7674,712,713
7674,737,738
7674,948,949
7675,712,713
7675,737,738
7675,801,802
7675,948,949
7676,712,713
7676,737,738
7676,754,755
7676,801,802
7677,650,651
7677,712,713
7677,723,724
7677,747,748
7678,712,713
7678,723,724
7678,737,738
7678,747,748
7679,650,651
7679,712,713
7679,723,724
7679,737,738
7680,436,437
7680,712,713
7680,747,748
7680,914,915
7681,436,437
7681,712,713
7681,775,776
7681,914,915
7682,436,437
7682,712,713
7682,747,748
7682,775,776
7683,712,713
7683,914,915
7683,948,949
7683,993,994
7684,712,713
7684,775,776
7684,914,915
7684,993,994
7685,712,713
7685,775,776
7685,948,949
7685,993,994
7686,673,674
7686,737,738
7686,938,939
7686,966,967
7687,839,840
7687,966,967
7687,1016,1017
7687,1084,1085
7688,673,674
7688,839,840
7688,966,967
7688,1016,1017
7689,938,939
7689,966,967
7689,1016,1017
7689,1084,1085
7690,673,674
7690,938,939
7690,966,967
7690,1016,1017
7691,801,802
7691,839,840
7691,948,949
7691,966,967
7692,673,674
7692,839,840
7692,948,949
7692,966,967
7693,737,738
7693,801,802
7693,948,949
7693,966,967
7694,673,674
7694,737,738
7694,948,949
7694,966,967
7695,678,679
7695,737,738
7695,938,939
7695,966,967
7696,801,802
7696,839,840
7696,958,959
7696,966,967
7697,839,840
7697,958,959
7697,966,967
7697,1084,1085
7698,678,679
7698,910,911
7698,966,967
7698,1084,1085
7699,678,679
7699,910,911
7699,938,939
7699,966,967
7700,910,911
7700,938,939
7700,966,967
7700,1084,1085
7701,782,783
7701,801,802
7701,958,959
7701,966,967
7702,678,679
7702,737,738
7702,782,783
7702,966,967
7703,737,738
7703,782,783
7703,801,802
7703,966,967
7704,782,783
7704,864,865
7704,958,959
7704,966,967
7705,734,735
7705,910,911
7705,915,916
7705,1006,1007
7706,734,735
7706,858,859
7706,910,911
7706,915,916
7707,734,735
7707,888,889
7707,915,916
7707,1006,1007
7708,734,735
7708,800,801
7708,910,911
7708,1006,1007
7709,706,707
7709,734,735
7709,888,889
7709,915,916
7710,706,707
7710,734,735
7710,858,859
7710,915,916
7711,706,707
7711,734,735
7711,888,889
7711,909,910
7712,734,735
7712,781,782
7712,800,801
7712,909,910
7713,734,735
7713,781,782
7713,800,801
7713,938,939
7714,734,735
7714,800,801
7714,910,911
7714,938,939
7715,734,735
7715,781,782
7715,858,859
7715,938,939
7716,734,735
7716,858,859
7716,910,911
7716,938,939
7717,656,657
7717,734,735
7717,888,889
7717,909,910
7718,656,657
7718,734,735
7718,888,889
7718,1006,1007
7719,656,657
7719,734,735
7719,800,801
7719,909,910
7720,656,657
7720,734,735
7720,800,801
7720,1006,1007
7721,699,700
7721,706,707
7721,734,735
7721,909,910
7722,699,700
7722,706,707
7722,734,735
7722,858,859
7723,722,723
7723,734,735
7723,781,782
7723,909,910
7724,699,700
7724,722,723
7724,734,735
7724,909,910
7725,699,700
7725,722,723
7725,734,735
7725,781,782
7726,699,700
7726,732,733
7726,734,735
7726,781,782
7727,732,733
7727,734,735
7727,781,782
7727,858,859
7728,699,700
7728,732,733
7728,734,735
7728,858,859
7729,908,909
7729,1057,1058
7729,1159,1160
7729,1194,1195
7730,1024,1025
7730,1057,1058
7730,1159,1160
7730,1194,1195
7731,864,865
7731,908,909
7731,961,962
7731,1159,1160
7732,961,962
7732,976,977
7732,1024,1025
7732,1159,1160
7733,908,909
7733,961,962
7733,1159,1160
7733,1194,1195
7734,961,962
7734,1024,1025
7734,1159,1160
7734,1194,1195
7735,976,977
7735,989,990
7735,1072,1073
7735,1159,1160
7736,976,977
7736,1024,1025
7736,1072,1073
7736,1159,1160
7737,892,893
7737,1033,1034
7737,1072,1073
7737,1159,1160
7738,892,893
7738,989,990
7738,1072,1073
7738,1159,1160
7739,864,865
7739,976,977
7739,989,990
7739,1159,1160
7740,864,865
7740,961,962
7740,976,977
7740,1159,1160
7741,1033,1034
7741,1072,1073
7741,1086,1087
7741,1159,1160
7742,1024,1025
7742,1072,1073
7742,1086,1087
7742,1159,1160
7743,1033,1034
7743,1057,1058
7743,1086,1087
7743,1159,1160
7744,1024,1025
7744,1057,1058
7744,1086,1087
7744,1159,1160
7745,1076,1077
7745,1177,1178
7745,1202,1203
7745,1387,1388
7746,1069,1070
7746,1076,1077
7746,1177,1178
7746,1387,1388
7747,1177,1178
7747,1202,1203
7747,1302,1303
7747,1387,1388
7748,1069,1070
7748,1177,1178
7748,1302,1303
7748,1387,1388
7749,1035,1036
7749,1177,1178
7749,1202,1203
7749,1302,1303
7750,1022,1023
7750,1035,1036
7750,1177,1178
7750,1302,1303
7751,1022,1023
7751,1098,1099
7751,1177,1178
7751,1234,1235
7752,1057,1058
7752,1069,1070
7752,1177,1178
7752,1234,1235
7753,1057,1058
7753,1177,1178
7753,1194,1195
7753,1234,1235
7754,1024,1025
7754,1069,1070
7754,1076,1077
7754,1177,1178
7755,1024,1025
7755,1076,1077
7755,1177,1178
7755,1194,1195
7756,848,849
7756,1076,1077
7756,1177,1178
7756,1194,1195
7757,1022,1023
7757,1035,1036
7757,1098,1099
7757,1177,1178
7758,1069,1070
7758,1171,1172
7758,1177,1178
7758,1302,1303
7759,1069,1070
7759,1171,1172
7759,1177,1178
7759,1234,1235
7760,1022,1023
7760,1171,1172
7760,1177,1178
7760,1302,1303
7761,1022,1023
7761,1171,1172
7761,1177,1178
7761,1234,1235
7762,1012,1013
7762,1076,1077
7762,1177,1178
7762,1202,1203
7763,848,849
7763,1012,1013
7763,1076,1077
7763,1177,1178
7764,848,849
7764,1098,1099
7764,1177,1178
7764,1194,1195
7765,1098,1099
7765,1177,1178
7765,1194,1195
7765,1234,1235
7766,1024,1025
7766,1057,1058
7766,1069,1070
7766,1177,1178
7767,1024,1025
7767,1057,1058
7767,1177,1178
7767,1194,1195
7768,928,929
7768,1035,1036
7768,1177,1178
7768,1202,1203
7769,928,929
7769,1035,1036
7769,1098,1099
7769,1177,1178
7770,848,849
7770,928,929
7770,1098,1099
7770,1177,1178
7771,928,929
7771,1012,1013
7771,1177,1178
7771,1202,1203
7772,848,849
7772,928,929
7772,1012,1013
7772,1177,1178
7773,640,641
7773,724,725
7773,823,824
7773,916,917
7774,640,641
7774,661,662
7774,724,725
7774,916,917
7775,640,641
7775,665,666
7775,724,725
7775,823,824
7776,640,641
7776,665,666
7776,711,712
7776,724,725
7777,640,641
7777,661,662
7777,711,712
7777,724,725
7778,640,641
7778,665,666
7778,711,712
7778,764,765
7779,640,641
7779,661,662
7779,711,712
7779,764,765
7780,640,641
7780,661,662
7780,764,765
7780,805,806
7781,640,641
7781,661,662
7781,805,806
7781,916,917
7782,1624,1625
7782,1699,1700
7782,1738,1739
7782,1778,1779
7783,1624,1625
7783,1671,1672
7783,1699,1700
7783,1738,1739
7784,1624,1625
7784,1671,1672
7784,1683,1684
7784,1741,1742
7785,1624,1625
7785,1662,1663
7785,1683,1684
7785,1708,1709
7786,1624,1625
7786,1662,1663
7786,1671,1672
7786,1683,1684
7787,1624,1625
7787,1738,1739
7787,1741,1742
7787,1778,1779
7788,1624,1625
7788,1671,1672
7788,1738,1739
7788,1741,1742
7789,1588,1589
7789,1624,1625
7789,1689,1690
7789,1708,1709
7790,1588,1589
7790,1624,1625
7790,1699,1700
7790,1778,1779
7791,1588,1589
7791,1624,1625
7791,1689,1690
7791,1778,1779
7792,1404,1405
7792,1588,1589
7792,1624,1625
7792,1699,1700
7793,1404,1405
7793,1624,1625
7793,1671,1672
7793,1699,1700
7794,1588,1589
7794,1624,1625
7794,1655,1656
7794,1708,1709
7795,1624,1625
7795,1655,1656
7795,1662,1663
7795,1708,1709
7796,1404,1405
7796,1588,1589
7796,1624,1625
7796,1655,1656
7797,1624,1625
7797,1655,1656
7797,1662,1663
7797,1728,1729
7798,1624,1625
7798,1662,1663
7798,1671,1672
7798,1728,1729
7799,1404,1405
7799,1624,1625
7799,1655,1656
7799,1728,1729
7800,1404,1405
7800,1624,1625
7800,1671,1672
7800,1728,1729
7801,1632,1633
7801,1736,1737
7801,1783,1784
7801,1844,1845
7802,1632,1633
7802,1708,1709
7802,1783,1784
7802,1844,1845
7803,1632,1633
7803,1689,1690
7803,1736,1737
7803,1783,1784
7804,1632,1633
7804,1689,1690
7804,1708,1709
7804,1783,1784
7805,1736,1737
7805,1783,1784
7805,1844,1845
7805,1847,1848
7806,1624,1625
7806,1689,1690
7806,1708,1709
7806,1783,1784
7807,1640,1641
7807,1736,1737
7807,1783,1784
7807,1847,1848
7808,1640,1641
7808,1689,1690
7808,1736,1737
7808,1783,1784
7809,1683,1684
7809,1708,1709
7809,1783,1784
7809,1844,1845
7810,1624,1625
7810,1683,1684
7810,1708,1709
7810,1783,1784
7811,1640,1641
7811,1747,1748
7811,1783,1784
7811,1847,1848
7812,1625,1626
7812,1683,1684
7812,1783,1784
7812,1844,1845
7813,1640,1641
7813,1747,1748
7813,1778,1779
7813,1783,1784
7814,1640,1641
7814,1689,1690
7814,1778,1779
7814,1783,1784
7815,1625,1626
7815,1747,1748
7815,1783,1784
7815,1847,1848
7816,1625,1626
7816,1783,1784
7816,1844,1845
7816,1847,1848
7817,1624,1625
7817,1689,1690
7817,1778,1779
7817,1783,1784
7818,1625,1626
7818,1683,1684
7818,1741,1742
7818,1783,1784
7819,1624,1625
7819,1683,1684
7819,1741,1742
7819,1783,1784
7820,1625,1626
7820,1747,1748
7820,1778,1779
7820,1783,1784
7821,1625,1626
7821,1741,1742
7821,1778,1779
7821,1783,1784
7822,1624,1625
7822,1741,1742
7822,1778,1779
7822,1783,1784
7823,1588,1589
7823,1643,1644
7823,1776,1777
7823,1823,1824
7824,1588,1589
7824,1643,1644
7824,1689,1690
7824,1823,1824
7825,1588,1589
7825,1643,1644
7825,1689,1690
7825,1776,1777
7826,1632,1633
7826,1643,1644
7826,1689,1690
7826,1823,1824
7827,1519,1520
7827,1632,1633
7827,1643,1644
7827,1689,1690
7828,1643,1644
7828,1647,1648
7828,1689,1690
7828,1776,1777
7829,1519,1520
7829,1643,1644
7829,1647,1648
7829,1689,1690
7830,1643,1644
7830,1663,1664
7830,1776,1777
7830,1823,1824
7831,1643,1644
7831,1663,1664
7831,1675,1676
7831,1776,1777
7832,1519,1520
7832,1632,1633
7832,1643,1644
7832,1688,1689
7833,1643,1644
7833,1647,1648
7833,1668,1669
7833,1776,1777
7834,1519,1520
7834,1643,1644
7834,1647,1648
7834,1668,1669
7835,1643,1644
7835,1660,1661
7835,1663,1664
7835,1823,1824
7836,1643,1644
7836,1660,1661
7836,1663,1664
7836,1675,1676
7837,1519,1520
7837,1643,1644
7837,1688,1689
7837,1711,1712
7838,1519,1520
7838,1643,1644
7838,1668,1669
7838,1711,1712
7839,1643,1644
7839,1668,1669
7839,1675,1676
7839,1711,1712
7840,1643,1644
7840,1668,1669
7840,1675,1676
7840,1776,1777
7841,1632,1633
7841,1642,1643
7841,1643,1644
7841,1688,1689
7842,1633,1634
7842,1642,1643
7842,1643,1644
7842,1688,1689
7843,1633,1634
7843,1643,1644
7843,1688,1689
7843,1711,1712
7844,1633,1634
7844,1643,1644
7844,1675,1676
7844,1711,1712
7845,1632,1633
7845,1643,1644
7845,1692,1693
7845,1823,1824
7846,1632,1633
7846,1642,1643
7846,1643,1644
7846,1692,1693
7847,1643,1644
7847,1660,1661
7847,1692,1693
7847,1823,1824
7848,1642,1643
7848,1643,1644
7848,1660,1661
7848,1692,1693
7849,1633,1634
7849,1642,1643
7849,1643,1644
7849,1660,1661
7850,1633,1634
7850,1643,1644
7850,1660,1661
7850,1675,1676
7851,1497,1498
7851,1500,1501
7851,1553,1554
7851,1571,1572
7852,1497,1498
7852,1553,1554
7852,1571,1572
7852,1732,1733
7853,1278,1279
7853,1497,1498
7853,1500,1501
7853,1571,1572
7854,1475,1476
7854,1497,1498
7854,1500,1501
7854,1553,1554
7855,1475,1476
7855,1497,1498
7855,1553,1554
7855,1732,1733
7856,1467,1468
7856,1497,1498
7856,1571,1572
7856,1732,1733
7857,1461,1462
7857,1475,1476
7857,1497,1498
7857,1500,1501
7858,1414,1415
7858,1475,1476
7858,1497,1498
7858,1732,1733
7859,1414,1415
7859,1461,1462
7859,1475,1476
7859,1497,1498
7860,1392,1393
7860,1461,1462
7860,1497,1498
7860,1500,1501
7861,1278,1279
7861,1392,1393
7861,1497,1498
7861,1500,1501
7862,1392,1393
7862,1461,1462
7862,1497,1498
7862,1590,1591
7863,1278,1279
7863,1392,1393
7863,1497,1498
7863,1590,1591
7864,1461,1462
7864,1497,1498
7864,1582,1583
7864,1590,1591
7865,1414,1415
7865,1461,1462
7865,1497,1498
7865,1582,1583
7866,1414,1415
7866,1497,1498
7866,1582,1583
7866,1590,1591
7867,1125,1126
7867,1344,1345
7867,1354,1355
7867,1385,1386
7868,1125,1126
7868,1344,1345
7868,1354,1355
7868,1396,1397
7869,1344,1345
7869,1354,1355
7869,1385,1386
7869,1396,1397
7870,1125,1126
7870,1354,1355
7870,1379,1380
7870,1385,1386
7871,1259,1260
7871,1354,1355
7871,1367,1368
7871,1396,1397
7872,1125,1126
7872,1139,1140
7872,1354,1355
7872,1367,1368
7873,1073,1074
7873,1259,1260
7873,1354,1355
7873,1396,1397
7874,1073,1074
7874,1354,1355
7874,1385,1386
7874,1396,1397
7875,1065,1066
7875,1259,1260
7875,1327,1328
7875,1354,1355
7876,1065,1066
7876,1121,1122
7876,1327,1328
7876,1354,1355
7877,1065,1066
7877,1121,1122
7877,1259,1260
7877,1354,1355
7878,1121,1122
7878,1188,1189
7878,1354,1355
7878,1379,1380
7879,1188,1189
7879,1354,1355
7879,1379,1380
7879,1385,1386
7880,1259,1260
7880,1327,1328
7880,1354,1355
7880,1367,1368
7881,1139,1140
7881,1327,1328
7881,1354,1355
7881,1367,1368
7882,1125,1126
7882,1139,1140
7882,1354,1355
7882,1379,1380
7883,1125,1126
7883,1269,1270
7883,1354,1355
7883,1367,1368
7884,1269,1270
7884,1354,1355
7884,1367,1368
7884,1396,1397
7885,1125,1126
7885,1269,1270
7885,1354,1355
7885,1396,1397
7886,1121,1122
7886,1259,1260
7886,1271,1272
7886,1354,1355
7887,1073,1074
7887,1259,1260
7887,1271,1272
7887,1354,1355
7888,1073,1074
7888,1121,1122
7888,1271,1272
7888,1354,1355
7889,1073,1074
7889,1121,1122
7889,1188,1189
7889,1354,1355
7890,1073,1074
7890,1188,1189
7890,1354,1355
7890,1385,1386
7891,1095,1096
7891,1121,1122
7891,1327,1328
7891,1354,1355
7892,1095,1096
7892,1121,1122
7892,1354,1355
7892,1379,1380
7893,1095,1096
7893,1139,1140
7893,1327,1328
7893,1354,1355
7894,1095,1096
7894,1139,1140
7894,1354,1355
7894,1379,1380
7895,441,442
7895,553,554
7895,650,651
7895,810,811
7896,441,442
7896,444,445
7896,508,509
7896,553,554
7897,441,442
7897,444,445
7897,553,554
7897,810,811
7898,441,442
7898,508,509
7898,544,545
7898,553,554
7899,508,509
7899,544,545
7899,553,554
7899,582,583
7900,444,445
7900,553,554
7900,779,780
7900,810,811
7901,441,442
7901,553,554
7901,650,651
7901,747,748
7902,506,507
7902,508,509
7902,553,554
7902,582,583
7903,506,507
7903,553,554
7903,582,583
7903,779,780
7904,444,445
7904,506,507
7904,508,509
7904,553,554
7905,444,445
7905,506,507
7905,553,554
7905,779,780
7906,544,545
7906,553,554
7906,610,611
7906,747,748
7907,441,442
7907,553,554
7907,610,611
7907,747,748
7908,441,442
7908,544,545
7908,553,554
7908,610,611
7909,763,764
7909,772,773
7909,773,774
7909,874,875
7910,762,763
7910,763,764
7910,773,774
7910,874,875
7911,759,760
7911,763,764
7911,772,773
7911,773,774
7912,636,637
7912,759,760
7912,763,764
7912,773,774
7913,636,637
7913,762,763
7913,763,764
7913,773,774
7914,759,760
7914,772,773
7914,773,774
7914,929,930
7915,486,487
7915,533,534
7915,759,760
7915,773,774
7916,486,487
7916,759,760
7916,773,774
7916,929,930
7917,874,875
7917,889,890
7917,979,980
7917,999,1000
7918,874,875
7918,889,890
7918,939,940
7918,999,1000
7919,875,876
7919,889,890
7919,979,980
7919,999,1000
7920,853,854
7920,875,876
7920,889,890
7920,999,1000
7921,889,890
7921,939,940
7921,968,969
7921,999,1000
7922,842,843
7922,856,857
7922,889,890
7922,939,940
7923,853,854
7923,889,890
7923,926,927
7923,999,1000
7924,853,854
7924,889,890
7924,926,927
7924,1013,1014
7925,853,854
7925,875,876
7925,889,890
7925,1192,1193
7926,853,854
7926,889,890
7926,1013,1014
7926,1192,1193
7927,842,843
7927,889,890
7927,1013,1014
7927,1192,1193
7928,842,843
7928,856,857
7928,889,890
7928,1192,1193
7929,889,890
7929,926,927
7929,968,969
7929,999,1000
7930,889,890
7930,926,927
7930,968,969
7930,1013,1014
7931,842,843
7931,889,890
7931,968,969
7931,1013,1014
7932,842,843
7932,889,890
7932,939,940
7932,968,969
7933,681,682
7933,708,709
7933,883,884
7933,963,964
7934,708,709
7934,883,884
7934,894,895
7934,963,964
7935,625,626
7935,681,682
7935,708,709
7935,963,964
7936,785,786
7936,883,884
7936,894,895
7936,963,964
7937,681,682
7937,883,884
7937,954,955
7937,963,964
7938,883,884
7938,954,955
7938,963,964
7938,986,987
7939,785,786
7939,883,884
7939,963,964
7939,986,987
7940,785,786
7940,894,895
7940,963,964
7940,983,984
7941,625,626
7941,681,682
7941,963,964
7941,979,980
7942,625,626
7942,963,964
7942,979,980
7942,985,986
7943,884,885
7943,963,964
7943,979,980
7943,985,986
7944,625,626
7944,662,663
7944,963,964
7944,985,986
7945,662,663
7945,963,964
7945,964,965
7945,985,986
7946,785,786
7946,963,964
7946,964,965
7946,986,987
7947,662,663
7947,963,964
7947,964,965
7947,983,984
7948,785,786
7948,963,964
7948,964,965
7948,983,984
7949,884,885
7949,954,955
7949,963,964
7949,986,987
7950,681,682
7950,954,955
7950,963,964
7950,979,980
7951,884,885
7951,954,955
7951,963,964
7951,979,980
7952,936,937
7952,963,964
7952,964,965
7952,985,986
7953,936,937
7953,963,964
7953,964,965
7953,986,987
7954,884,885
7954,930,931
7954,963,964
7954,985,986
7955,884,885
7955,930,931
7955,963,964
7955,986,987
7956,930,931
7956,936,937
7956,963,964
7956,985,986
7957,930,931
7957,936,937
7957,963,964
7957,986,987
7958,434,435
7958,634,635
7958,676,677
7958,952,953
7959,634,635
7959,676,677
7959,745,746
7959,952,953
7960,634,635
7960,668,669
7960,676,677
7960,745,746
7961,634,635
7961,668,669
7961,676,677
7961,894,895
7962,434,435
7962,676,677
7962,752,753
7962,1010,1011
7963,434,435
7963,676,677
7963,738,739
7963,952,953
7964,676,677
7964,738,739
7964,745,746
7964,952,953
7965,676,677
7965,738,739
7965,777,778
7965,1010,1011
7966,434,435
7966,676,677
7966,738,739
7966,777,778
7967,434,435
7967,676,677
7967,777,778
7967,1010,1011
7968,676,677
7968,738,739
7968,776,777
7968,1010,1011
7969,676,677
7969,738,739
7969,745,746
7969,776,777
7970,676,677
7970,776,777
7970,911,912
7970,1010,1011
7971,676,677
7971,894,895
7971,911,912
7971,1010,1011
7972,668,669
7972,676,677
7972,745,746
7972,911,912
7973,676,677
7973,745,746
7973,776,777
7973,911,912
7974,668,669
7974,676,677
7974,894,895
7974,911,912
7975,634,635
7975,686,687
7975,708,709
7975,748,749
7976,634,635
7976,708,709
7976,748,749
7976,894,895
7977,686,687
7977,708,709
7977,748,749
7977,830,831
7978,708,709
7978,748,749
7978,830,831
7978,894,895
7979,634,635
7979,676,677
7979,748,749
7979,894,895
7980,748,749
7980,799,800
7980,894,895
7980,1010,1011
7981,676,677
7981,748,749
7981,894,895
7981,1010,1011
7982,660,661
7982,748,749
7982,799,800
7982,830,831
7983,523,524
7983,660,661
7983,748,749
7983,799,800
7984,523,524
7984,660,661
7984,748,749
7984,830,831
7985,686,687
7985,748,749
7985,761,762
7985,830,831
7986,748,749
7986,752,753
7986,799,800
7986,1010,1011
7987,676,677
7987,748,749
7987,752,753
7987,1010,1011
7988,523,524
7988,748,749
7988,752,753
7988,799,800
7989,434,435
7989,676,677
7989,748,749
7989,752,753
7990,529,530
7990,748,749
7990,761,762
7990,830,831
7991,523,524
7991,529,530
7991,748,749
7991,761,762
7992,523,524
7992,529,530
7992,748,749
7992,830,831
7993,434,435
7993,633,634
7993,748,749
7993,752,753
7994,523,524
7994,633,634
7994,748,749
7994,752,753
7995,662,663
7995,799,800
7995,851,852
7995,983,984
7996,799,800
7996,851,852
7996,894,895
7996,983,984
7997,660,661
7997,662,663
7997,799,800
7997,851,852
7998,662,663
7998,851,852
7998,963,964
7998,983,984
7999,851,852
7999,894,895
7999,963,964
7999,983,984
8000,660,661
8000,799,800
8000,830,831
8000,851,852
8001,625,626
8001,662,663
8001,851,852
8001,963,964
8002,748,749
8002,799,800
8002,830,831
8002,851,852
8003,748,749
8003,799,800
8003,851,852
8003,894,895
8004,748,749
8004,830,831
8004,851,852
8004,894,895
8005,625,626
8005,708,709
8005,851,852
8005,963,964
8006,708,709
8006,851,852
8006,894,895
8006,963,964
8007,625,626
8007,662,663
8007,792,793
8007,851,852
8008,660,661
8008,662,663
8008,792,793
8008,851,852
8009,660,661
8009,792,793
8009,830,831
8009,851,852
8010,708,709
8010,830,831
8010,851,852
8010,894,895
8011,431,432
8011,437,438
8011,595,596
8011,649,650
8012,437,438
8012,463,464
8012,595,596
8012,649,650
8013,431,432
8013,437,438
8013,595,596
8013,631,632
8014,434,435
8014,463,464
8014,595,596
8014,649,650
8015,434,435
8015,595,596
8015,634,635
8015,649,650
8016,431,432
8016,595,596
8016,634,635
8016,649,650
8017,595,596
8017,631,632
8017,686,687
8017,761,762
8018,431,432
8018,595,596
8018,631,632
8018,686,687
8019,488,489
8019,595,596
8019,631,632
8019,761,762
8020,437,438
8020,488,489
8020,595,596
8020,631,632
8021,463,464
8021,488,489
8021,595,596
8021,761,762
8022,437,438
8022,463,464
8022,488,489
8022,595,596
8023,434,435
8023,595,596
8023,634,635
8023,676,677
8024,434,435
8024,595,596
8024,676,677
8024,748,749
8025,595,596
8025,634,635
8025,676,677
8025,748,749
8026,431,432
8026,595,596
8026,634,635
8026,686,687
8027,595,596
8027,634,635
8027,686,687
8027,748,749
8028,595,596
8028,686,687
8028,748,749
8028,761,762
8029,434,435
8029,463,464
8029,595,596
8029,633,634
8030,434,435
8030,595,596
8030,633,634
8030,748,749
8031,463,464
8031,534,535
8031,595,596
8031,761,762
8032,463,464
8032,534,535
8032,595,596
8032,633,634
8033,523,524
8033,595,596
8033,748,749
8033,761,762
8034,523,524
8034,595,596
8034,633,634
8034,748,749
8035,523,524
8035,534,535
8035,595,596
8035,761,762
8036,523,524
8036,534,535
8036,595,596
8036,633,634
8037,1410,1411
8037,1586,1587
8037,1628,1629
8037,1743,1744
8038,1410,1411
8038,1466,1467
8038,1586,1587
8038,1740,1741
8039,1410,1411
8039,1466,1467
8039,1586,1587
8039,1628,1629
8040,1410,1411
8040,1466,1467
8040,1731,1732
8040,1740,1741
8041,1410,1411
8041,1466,1467
8041,1628,1629
8041,1731,1732
8042,1410,1411
8042,1586,1587
8042,1740,1741
8042,1789,1790
8043,1410,1411
8043,1479,1480
8043,1740,1741
8043,1789,1790
8044,1410,1411
8044,1479,1480
8044,1596,1597
8044,1740,1741
8045,1410,1411
8045,1586,1587
8045,1743,1744
8045,1789,1790
8046,1410,1411
8046,1479,1480
8046,1743,1744
8046,1789,1790
8047,1410,1411
8047,1596,1597
8047,1731,1732
8047,1740,1741
8048,1398,1399
8048,1410,1411
8048,1479,1480
8048,1596,1597
8049,1398,1399
8049,1410,1411
8049,1479,1480
8049,1743,1744
8050,1437,1438
8050,1531,1532
8050,1556,1557
8050,1735,1736
8051,1437,1438
8051,1556,1557
8051,1628,1629
8051,1735,1736
8052,1410,1411
8052,1628,1629
8052,1735,1736
8052,1743,1744
8053,1437,1438
8053,1628,1629
8053,1731,1732
8053,1735,1736
8054,1403,1404
8054,1556,1557
8054,1628,1629
8054,1735,1736
8055,1047,1048
8055,1062,1063
8055,1146,1147
8055,1284,1285
8056,1062,1063
8056,1087,1088
8056,1146,1147
8056,1284,1285
8057,1047,1048
8057,1062,1063
8057,1166,1167
8057,1284,1285
8058,1062,1063
8058,1274,1275
8058,1310,1311
8058,1401,1402
8059,1062,1063
8059,1087,1088
8059,1310,1311
8059,1401,1402
8060,1062,1063
8060,1087,1088
8060,1284,1285
8060,1310,1311
8061,1062,1063
8061,1166,1167
8061,1274,1275
8061,1357,1358
8062,1062,1063
8062,1166,1167
8062,1284,1285
8062,1357,1358
8063,1062,1063
8063,1274,1275
8063,1310,1311
8063,1357,1358
8064,1062,1063
8064,1284,1285
8064,1310,1311
8064,1357,1358
8065,1402,1403
8065,1479,1480
8065,1523,1524
8065,1585,1586
8066,1402,1403
8066,1479,1480
8066,1523,1524
8066,1549,1550
8067,1300,1301
8067,1402,1403
8067,1523,1524
8067,1585,1586
8068,1300,1301
8068,1402,1403
8068,1523,1524
8068,1549,1550
8069,1479,1480
8069,1523,1524
8069,1585,1586
8069,1789,1790
8070,1300,1301
8070,1523,1524
8070,1570,1571
8070,1585,1586
8071,1300,1301
8071,1411,1412
8071,1523,1524
8071,1549,1550
8072,1523,1524
8072,1569,1570
8072,1570,1571
8072,1789,1790
8073,1523,1524
8073,1569,1570
8073,1570,1571
8073,1585,1586
8074,1523,1524
8074,1569,1570
8074,1585,1586
8074,1789,1790
8075,1426,1427
8075,1513,1514
8075,1715,1716
8075,1818,1819
8076,1426,1427
8076,1712,1713
8076,1715,1716
8076,1818,1819
8077,1513,1514
8077,1712,1713
8077,1715,1716
8077,1818,1819
8078,1513,1514
8078,1712,1713
8078,1746,1747
8078,1818,1819
8079,1505,1506
8079,1712,1713
8079,1746,1747
8079,1818,1819
8080,1426,1427
8080,1513,1514
8080,1597,1598
8080,1818,1819
8081,1406,1407
8081,1426,1427
8081,1597,1598
8081,1818,1819
8082,1406,1407
8082,1426,1427
8082,1647,1648
8082,1818,1819
8083,1513,1514
8083,1597,1598
8083,1650,1651
8083,1818,1819
8084,1513,1514
8084,1650,1651
8084,1746,1747
8084,1818,1819
8085,1426,1427
8085,1712,1713
8085,1778,1779
8085,1818,1819
8086,1426,1427
8086,1647,1648
8086,1778,1779
8086,1818,1819
8087,1505,1506
8087,1712,1713
8087,1778,1779
8087,1818,1819
8088,1505,1506
8088,1647,1648
8088,1778,1779
8088,1818,1819
8089,1406,1407
8089,1476,1477
8089,1597,1598
8089,1818,1819
8090,1406,1407
8090,1476,1477
8090,1647,1648
8090,1818,1819
8091,1505,1506
8091,1650,1651
8091,1746,1747
8091,1818,1819
8092,1476,1477
8092,1597,1598
8092,1650,1651
8092,1818,1819
8093,1505,1506
8093,1650,1651
8093,1769,1770
8093,1818,1819
8094,1476,1477
8094,1505,1506
8094,1769,1770
8094,1818,1819
8095,1476,1477
8095,1650,1651
8095,1769,1770
8095,1818,1819
8096,1476,1477
8096,1505,1506
8096,1668,1669
8096,1818,1819
8097,1505,1506
8097,1647,1648
8097,1668,1669
8097,1818,1819
8098,1476,1477
8098,1647,1648
8098,1668,1669
8098,1818,1819
8099,1110,1111
8099,1153,1154
8099,1246,1247
8099,1283,1284
8100,1153,1154
8100,1225,1226
8100,1246,1247
8100,1283,1284
8101,1037,1038
8101,1110,1111
8101,1153,1154
8101,1283,1284
8102,1110,1111
8102,1246,1247
8102,1283,1284
8102,1607,1608
8103,1246,1247
8103,1251,1252
8103,1283,1284
8103,1607,1608
8104,1246,1247
8104,1251,1252
8104,1283,1284
8104,1304,1305
8105,1225,1226
8105,1246,1247
8105,1283,1284
8105,1304,1305
8106,1153,1154
8106,1225,1226
8106,1283,1284
8106,1311,1312
8107,1037,1038
8107,1153,1154
8107,1283,1284
8107,1311,1312
8108,1110,1111
8108,1283,1284
8108,1308,1309
8108,1607,1608
8109,1251,1252
8109,1283,1284
8109,1308,1309
8109,1607,1608
8110,1225,1226
8110,1283,1284
8110,1304,1305
8110,1311,1312
8111,1037,1038
8111,1283,1284
8111,1306,1307
8111,1371,1372
8112,1037,1038
8112,1110,1111
8112,1283,1284
8112,1306,1307
8113,1251,1252
8113,1283,1284
8113,1308,1309
8113,1378,1379
8114,1251,1252
8114,1283,1284
8114,1371,1372
8114,1378,1379
8115,1283,1284
8115,1306,1307
8115,1371,1372
8115,1378,1379
8116,1251,1252
8116,1283,1284
8116,1371,1372
8116,1520,1521
8117,1283,1284
8117,1304,1305
8117,1371,1372
8117,1520,1521
8118,1251,1252
8118,1283,1284
8118,1304,1305
8118,1520,1521
8119,1037,1038
8119,1283,1284
8119,1311,1312
8119,1371,1372
8120,1283,1284
8120,1304,1305
8120,1311,1312
8120,1371,1372
8121,1110,1111
8121,1283,1284
8121,1306,1307
8121,1308,1309
8122,1283,1284
8122,1306,1307
8122,1308,1309
8122,1378,1379
8123,496,497
8123,682,683
8123,725,726
8123,749,750
8124,470,471
8124,496,497
8124,682,683
8124,725,726
8125,496,497
8125,679,680
8125,682,683
8125,749,750
8126,470,471
8126,496,497
8126,679,680
8126,682,683
8127,679,680
8127,682,683
8127,749,750
8127,993,994
8128,470,471
8128,679,680
8128,682,683
8128,993,994
8129,435,436
8129,470,471
8129,682,683
8129,725,726
8130,435,436
8130,470,471
8130,677,678
8130,682,683
8131,470,471
8131,677,678
8131,682,683
8131,993,994
8132,682,683
8132,749,750
8132,778,779
8132,993,994
8133,682,683
8133,749,750
8133,778,779
8133,835,836
8134,682,683
8134,778,779
8134,835,836
8134,993,994
8135,682,683
8135,835,836
8135,965,966
8135,993,994
8136,677,678
8136,682,683
8136,965,966
8136,993,994
8137,664,665
8137,682,683
8137,749,750
8137,835,836
8138,664,665
8138,682,683
8138,725,726
8138,749,750
8139,682,683
8139,763,764
8139,835,836
8139,965,966
8140,677,678
8140,682,683
8140,763,764
8140,965,966
8141,664,665
8141,682,683
8141,763,764
8141,835,836
8142,664,665
8142,682,683
8142,725,726
8142,762,763
8143,435,436
8143,682,683
8143,725,726
8143,762,763
8144,664,665
8144,682,683
8144,762,763
8144,763,764
8145,677,678
8145,682,683
8145,762,763
8145,763,764
8146,435,436
8146,677,678
8146,682,683
8146,762,763
8147,496,497
8147,726,727
8147,775,776
8147,829,830
8148,443,444
8148,451,452
8148,549,550
8148,726,727
8149,496,497
8149,601,602
8149,726,727
8149,829,830
8150,451,452
8150,549,550
8150,666,667
8150,726,727
8151,451,452
8151,496,497
8151,666,667
8151,726,727
8152,549,550
8152,601,602
8152,666,667
8152,726,727
8153,496,497
8153,601,602
8153,666,667
8153,726,727
8154,683,684
8154,702,703
8154,726,727
8154,829,830
8155,601,602
8155,683,684
8155,726,727
8155,829,830
8156,509,510
8156,549,550
8156,601,602
8156,726,727
8157,474,475
8157,544,545
8157,574,575
8157,582,583
8158,443,444
8158,474,475
8158,574,575
8158,582,583
8159,388,389
8159,443,444
8159,474,475
8159,574,575
8160,248,249
8160,474,475
8160,544,545
8160,574,575
8161,248,249
8161,440,441
8161,474,475
8161,574,575
8162,248,249
8162,440,441
8162,544,545
8162,574,575
8163,388,389
8163,476,477
8163,507,508
8163,574,575
8164,388,389
8164,443,444
8164,507,508
8164,574,575
8165,443,444
8165,451,452
8165,507,508
8165,574,575
8166,302,303
8166,388,389
8166,476,477
8166,574,575
8167,302,303
8167,440,441
8167,476,477
8167,574,575
8168,302,303
8168,388,389
8168,474,475
8168,574,575
8169,302,303
8169,440,441
8169,474,475
8169,574,575
8170,451,452
8170,476,477
8170,574,575
8170,613,614
8171,436,437
8171,451,452
8171,574,575
8171,613,614
8172,476,477
8172,507,508
8172,574,575
8172,575,576
8173,451,452
8173,476,477
8173,574,575
8173,575,576
8174,451,452
8174,507,508
8174,574,575
8174,575,576
8175,456,457
8175,473,474
8175,598,599
8175,825,826
8176,456,457
8176,473,474
8176,530,531
8176,598,599
8177,456,457
8177,473,474
8177,530,531
8177,623,624
8178,473,474
8178,598,599
8178,686,687
8178,825,826
8179,456,457
8179,473,474
8179,623,624
8179,744,745
8180,456,457
8180,473,474
8180,744,745
8180,825,826
8181,473,474
8181,744,745
8181,825,826
8181,830,831
8182,473,474
8182,530,531
8182,617,618
8182,761,762
8183,473,474
8183,530,531
8183,617,618
8183,623,624
8184,473,474
8184,617,618
8184,623,624
8184,761,762
8185,473,474
8185,686,687
8185,761,762
8185,830,831
8186,473,474
8186,686,687
8186,825,826
8186,830,831
8187,473,474
8187,529,530
8187,744,745
8187,830,831
8188,473,474
8188,529,530
8188,623,624
8188,744,745
8189,473,474
8189,530,531
8189,598,599
8189,631,632
8190,473,474
8190,598,599
8190,631,632
8190,686,687
8191,473,474
8191,530,531
8191,631,632
8191,761,762
8192,473,474
8192,631,632
8192,686,687
8192,761,762
8193,473,474
8193,529,530
8193,761,762
8193,830,831
8194,473,474
8194,529,530
8194,623,624
8194,761,762
8195,664,665
8195,725,726
8195,762,763
8195,813,814
8196,725,726
8196,762,763
8196,813,814
8196,825,826
8197,664,665
8197,708,709
8197,725,726
8197,813,814
8198,659,660
8198,664,665
8198,762,763
8198,813,814
8199,708,709
8199,725,726
8199,813,814
8199,830,831
8200,725,726
8200,813,814
8200,825,826
8200,830,831
8201,659,660
8201,756,757
8201,762,763
8201,813,814
8202,756,757
8202,762,763
8202,813,814
8202,825,826
8203,625,626
8203,659,660
8203,664,665
8203,813,814
8204,708,709
8204,813,814
8204,830,831
8204,851,852
8205,756,757
8205,813,814
8205,825,826
8205,830,831
8206,625,626
8206,708,709
8206,813,814
8206,851,852
8207,625,626
8207,681,682
8207,708,709
8207,813,814
8208,625,626
8208,664,665
8208,681,682
8208,813,814
8209,664,665
8209,681,682
8209,708,709
8209,813,814
8210,756,757
8210,792,793
8210,813,814
8210,830,831
8211,659,660
8211,756,757
8211,792,793
8211,813,814
8212,625,626
8212,659,660
8212,792,793
8212,813,814
8213,625,626
8213,792,793
8213,813,814
8213,851,852
8214,792,793
8214,813,814
8214,830,831
8214,851,852
8215,553,554
8215,713,714
8215,779,780
8215,810,811
8216,553,554
8216,650,651
8216,713,714
8216,810,811
8217,650,651
8217,712,713
8217,713,714
8217,747,748
8218,553,554
8218,650,651
8218,713,714
8218,747,748
8219,712,713
8219,713,714
8219,747,748
8219,775,776
8220,680,681
8220,709,710
8220,976,977
8220,989,990
8221,680,681
8221,864,865
8221,976,977
8221,989,990
8222,680,681
8222,709,710
8222,740,741
8222,989,990
8223,680,681
8223,740,741
8223,864,865
8223,989,990
8224,680,681
8224,864,865
8224,947,948
8224,976,977
8225,680,681
8225,709,710
8225,740,741
8225,904,905
8226,680,681
8226,727,728
8226,782,783
8226,947,948
8227,680,681
8227,782,783
8227,864,865
8227,947,948
8228,680,681
8228,727,728
8228,804,805
8228,904,905
8229,680,681
8229,709,710
8229,804,805
8229,904,905
8230,680,681
8230,727,728
8230,782,783
8230,904,905
8231,680,681
8231,740,741
8231,801,802
8231,904,905
8232,680,681
8232,782,783
8232,801,802
8232,904,905
8233,680,681
8233,740,741
8233,801,802
8233,864,865
8234,680,681
8234,782,783
8234,801,802
8234,864,865
8235,680,681
8235,709,710
8235,940,941
8235,976,977
8236,680,681
8236,709,710
8236,804,805
8236,940,941
8237,645,646
8237,680,681
8237,727,728
8237,804,805
8238,645,646
8238,680,681
8238,727,728
8238,947,948
8239,645,646
8239,680,681
8239,947,948
8239,976,977
8240,645,646
8240,680,681
8240,940,941
8240,976,977
8241,645,646
8241,680,681
8241,804,805
8241,940,941
8242,678,679
8242,689,690
8242,782,783
8242,890,891
8243,689,690
8243,782,783
8243,864,865
8243,890,891
8244,678,679
8244,782,783
8244,890,891
8244,966,967
8245,782,783
8245,864,865
8245,890,891
8245,966,967
8246,678,679
8246,890,891
8246,966,967
8246,1084,1085
8247,678,679
8247,689,690
8247,890,891
8247,997,998
8248,689,690
8248,890,891
8248,961,962
8248,1158,1159
8249,864,865
8249,890,891
8249,961,962
8249,1158,1159
8250,890,891
8250,958,959
8250,966,967
8250,1084,1085
8251,864,865
8251,890,891
8251,958,959
8251,966,967
8252,689,690
8252,890,891
8252,1002,1003
8252,1158,1159
8253,689,690
8253,890,891
8253,997,998
8253,1002,1003
8254,864,865
8254,890,891
8254,899,900
8254,1158,1159
8255,689,690
8255,890,891
8255,947,948
8255,961,962
8256,864,865
8256,890,891
8256,947,948
8256,961,962
8257,689,690
8257,864,865
8257,890,891
8257,947,948
8258,890,891
8258,899,900
8258,958,959
8258,1084,1085
8259,864,865
8259,890,891
8259,899,900
8259,958,959
8260,863,864
8260,890,891
8260,1002,1003
8260,1158,1159
8261,863,864
8261,890,891
8261,997,998
8261,1002,1003
8262,743,744
8262,800,801
8262,917,918
8262,1016,1017
8263,647,648
8263,743,744
8263,800,801
8263,1016,1017
8264,647,648
8264,648,649
8264,743,744
8264,800,801
8265,743,744
8265,917,918
8265,1016,1017
8265,1111,1112
8266,647,648
8266,648,649
8266,743,744
8266,965,966
8267,743,744
8267,835,836
8267,957,958
8267,1111,1112
8268,743,744
8268,896,897
8268,917,918
8268,1111,1112
8269,673,674
8269,743,744
8269,835,836
8269,1016,1017
8270,647,648
8270,673,674
8270,743,744
8270,1016,1017
8271,647,648
8271,673,674
8271,743,744
8271,835,836
8272,743,744
8272,835,836
8272,957,958
8272,965,966
8273,647,648
8273,743,744
8273,835,836
8273,965,966
8274,648,649
8274,743,744
8274,957,958
8274,965,966
8275,648,649
8275,656,657
8275,743,744
8275,896,897
8276,648,649
8276,656,657
8276,743,744
8276,800,801
8277,648,649
8277,743,744
8277,896,897
8277,957,958
8278,656,657
8278,743,744
8278,896,897
8278,917,918
8279,656,657
8279,743,744
8279,800,801
8279,917,918
8280,743,744
8280,862,863
8280,1016,1017
8280,1111,1112
8281,743,744
8281,835,836
8281,862,863
8281,1016,1017
8282,743,744
8282,835,836
8282,862,863
8282,1111,1112
8283,743,744
8283,896,897
8283,957,958
8283,968,969
8284,743,744
8284,896,897
8284,968,969
8284,1111,1112
8285,743,744
8285,957,958
8285,968,969
8285,1111,1112
8286,637,638
8286,791,792
8286,819,820
8286,965,966
8287,637,638
8287,639,640
8287,791,792
8287,965,966
8288,637,638
8288,639,640
8288,647,648
8288,965,966
8289,522,523
8289,637,638
8289,639,640
8289,791,792
8290,637,638
8290,639,640
8290,647,648
8290,739,740
8291,637,638
8291,648,649
8291,819,820
8291,965,966
8292,637,638
8292,647,648
8292,648,649
8292,965,966
8293,637,638
8293,735,736
8293,791,792
8293,819,820
8294,522,523
8294,637,638
8294,735,736
8294,791,792
8295,522,523
8295,637,638
8295,768,769
8295,838,839
8296,522,523
8296,637,638
8296,639,640
8296,739,740
8297,522,523
8297,637,638
8297,739,740
8297,838,839
8298,637,638
8298,739,740
8298,781,782
8298,838,839
8299,637,638
8299,647,648
8299,739,740
8299,781,782
8300,637,638
8300,648,649
8300,819,820
8300,857,858
8301,637,638
8301,768,769
8301,819,820
8301,857,858
8302,637,638
8302,768,769
8302,781,782
8302,838,839
8303,637,638
8303,735,736
8303,768,769
8303,819,820
8304,522,523
8304,637,638
8304,735,736
8304,768,769
8305,637,638
8305,648,649
8305,800,801
8305,857,858
8306,637,638
8306,647,648
8306,648,649
8306,800,801
8307,637,638
8307,768,769
8307,781,782
8307,857,858
8308,637,638
8308,781,782
8308,800,801
8308,857,858
8309,637,638
8309,647,648
8309,781,782
8309,800,801
8310,155,156
8310,160,161
8310,174,175
8310,279,280
8311,160,161
8311,174,175
8311,279,280
8311,471,472
8312,219,220
8312,279,280
8312,333,334
8312,397,398
8313,279,280
8313,305,306
8313,333,334
8313,397,398
8314,160,161
8314,279,280
8314,305,306
8314,471,472
8315,192,193
8315,219,220
8315,279,280
8315,333,334
8316,192,193
8316,279,280
8316,305,306
8316,333,334
8317,160,161
8317,192,193
8317,279,280
8317,305,306
8318,155,156
8318,160,161
8318,192,193
8318,279,280
8319,155,156
8319,192,193
8319,219,220
8319,279,280
8320,596,597
8320,622,623
8320,733,734
8320,739,740
8321,440,441
8321,596,597
8321,622,623
8321,733,734
8322,440,441
8322,447,448
8322,596,597
8322,622,623
8323,436,437
8323,596,597
8323,733,734
8323,739,740
8324,447,448
8324,522,523
8324,596,597
8324,622,623
8325,522,523
8325,596,597
8325,622,623
8325,739,740
8326,436,437
8326,596,597
8326,613,614
8326,739,740
8327,447,448
8327,522,523
8327,596,597
8327,613,614
8328,522,523
8328,596,597
8328,613,614
8328,739,740
8329,436,437
8329,544,545
8329,596,597
8329,733,734
8330,436,437
8330,544,545
8330,574,575
8330,596,597
8331,440,441
8331,544,545
8331,574,575
8331,596,597
8332,436,437
8332,574,575
8332,596,597
8332,613,614
8333,447,448
8333,476,477
8333,596,597
8333,613,614
8334,440,441
8334,447,448
8334,476,477
8334,596,597
8335,248,249
8335,544,545
8335,596,597
8335,733,734
8336,248,249
8336,440,441
8336,596,597
8336,733,734
8337,248,249
8337,440,441
8337,544,545
8337,596,597
8338,476,477
8338,574,575
8338,596,597
8338,613,614
8339,440,441
8339,476,477
8339,574,575
8339,596,597
8340,37,38
8340,52,53
8340,259,260
8340,360,361
8341,37,38
8341,182,183
8341,259,260
8341,360,361
8342,37,38
8342,182,183
8342,360,361
8342,373,374
8343,37,38
8343,117,118
8343,360,361
8343,373,374
8344,117,118
8344,243,244
8344,360,361
8344,373,374
8345,26,27
8345,243,244
8345,360,361
8345,373,374
8346,19,20
8346,37,38
8346,52,53
8346,360,361
8347,26,27
8347,182,183
8347,259,260
8347,360,361
8348,26,27
8348,182,183
8348,360,361
8348,373,374
8349,24,25
8349,117,118
8349,243,244
8349,360,361
8350,19,20
8350,52,53
8350,76,77
8350,360,361
8351,19,20
8351,24,25
8351,117,118
8351,360,361
8352,19,20
8352,24,25
8352,76,77
8352,360,361
8353,0,1
8353,37,38
8353,117,118
8353,360,361
8354,0,1
8354,19,20
8354,37,38
8354,360,361
8355,0,1
8355,19,20
8355,117,118
8355,360,361
8356,1127,1128
8356,1148,1149
8356,1242,1243
8356,1318,1319
8357,1148,1149
8357,1237,1238
8357,1271,1272
8357,1298,1299
8358,1148,1149
8358,1232,1233
8358,1271,1272
8358,1298,1299
8359,1127,1128
8359,1148,1149
8359,1189,1190
8359,1237,1238
8360,1127,1128
8360,1148,1149
8360,1189,1190
8360,1242,1243
8361,1127,1128
8361,1148,1149
8361,1298,1299
8361,1318,1319
8362,1126,1127
8362,1148,1149
8362,1237,1238
8362,1298,1299
8363,1127,1128
8363,1148,1149
8363,1237,1238
8363,1295,1296
8364,1126,1127
8364,1148,1149
8364,1237,1238
8364,1295,1296
8365,1127,1128
8365,1148,1149
8365,1295,1296
8365,1298,1299
8366,1126,1127
8366,1148,1149
8366,1295,1296
8366,1298,1299
8367,1068,1069
8367,1249,1250
8367,1301,1302
8367,1316,1317
8368,1206,1207
8368,1232,1233
8368,1277,1278
8368,1316,1317
8369,1206,1207
8369,1277,1278
8369,1301,1302
8369,1316,1317
8370,1148,1149
8370,1232,1233
8370,1242,1243
8370,1316,1317
8371,1148,1149
8371,1189,1190
8371,1242,1243
8371,1316,1317
8372,1249,1250
8372,1277,1278
8372,1301,1302
8372,1316,1317
8373,1073,1074
8373,1232,1233
8373,1277,1278
8373,1316,1317
8374,1073,1074
8374,1249,1250
8374,1277,1278
8374,1316,1317
8375,1117,1118
8375,1189,1190
8375,1237,1238
8375,1316,1317
8376,1073,1074
8376,1117,1118
8376,1237,1238
8376,1316,1317
8377,1073,1074
8377,1117,1118
8377,1249,1250
8377,1316,1317
8378,1073,1074
8378,1232,1233
8378,1271,1272
8378,1316,1317
8379,1148,1149
8379,1232,1233
8379,1271,1272
8379,1316,1317
8380,1148,1149
8380,1189,1190
8380,1237,1238
8380,1316,1317
8381,1073,1074
8381,1237,1238
8381,1271,1272
8381,1316,1317
8382,1148,1149
8382,1237,1238
8382,1271,1272
8382,1316,1317
8383,1189,1190
8383,1208,1209
8383,1242,1243
8383,1316,1317
8384,1068,1069
8384,1208,1209
8384,1301,1302
8384,1316,1317
8385,1206,1207
8385,1208,1209
8385,1301,1302
8385,1316,1317
8386,994,995
8386,1071,1072
8386,1109,1110
8386,1197,1198
8387,994,995
8387,1109,1110
8387,1181,1182
8387,1197,1198
8388,1109,1110
8388,1146,1147
8388,1181,1182
8388,1197,1198
8389,1087,1088
8389,1146,1147
8389,1197,1198
8389,1346,1347
8390,1109,1110
8390,1146,1147
8390,1197,1198
8390,1346,1347
8391,1036,1037
8391,1087,1088
8391,1145,1146
8391,1197,1198
8392,1036,1037
8392,1087,1088
8392,1197,1198
8392,1346,1347
8393,975,976
8393,1031,1032
8393,1071,1072
8393,1193,1194
8394,975,976
8394,1031,1032
8394,1071,1072
8394,1109,1110
8395,975,976
8395,1031,1032
8395,1114,1115
8395,1193,1194
8396,975,976
8396,1031,1032
8396,1109,1110
8396,1114,1115
8397,1031,1032
8397,1071,1072
8397,1114,1115
8397,1193,1194
8398,1031,1032
8398,1071,1072
8398,1114,1115
8398,1127,1128
8399,1031,1032
8399,1071,1072
8399,1145,1146
8399,1197,1198
8400,1031,1032
8400,1071,1072
8400,1109,1110
8400,1197,1198
8401,1031,1032
8401,1071,1072
8401,1127,1128
8401,1145,1146
8402,1031,1032
8402,1036,1037
8402,1127,1128
8402,1145,1146
8403,1031,1032
8403,1109,1110
8403,1197,1198
8403,1346,1347
8404,1031,1032
8404,1036,1037
8404,1145,1146
8404,1197,1198
8405,1031,1032
8405,1036,1037
8405,1197,1198
8405,1346,1347
8406,1031,1032
8406,1036,1037
8406,1127,1128
8406,1242,1243
8407,1031,1032
8407,1036,1037
8407,1242,1243
8407,1346,1347
8408,1031,1032
8408,1055,1056
8408,1242,1243
8408,1346,1347
8409,1117,1118
8409,1136,1137
8409,1189,1190
8409,1203,1204
8410,1114,1115
8410,1136,1137
8410,1189,1190
8410,1203,1204
8411,886,887
8411,1114,1115
8411,1136,1137
8411,1203,1204
8412,886,887
8412,930,931
8412,1136,1137
8412,1203,1204
8413,1068,1069
8413,1136,1137
8413,1189,1190
8413,1316,1317
8414,1117,1118
8414,1136,1137
8414,1189,1190
8414,1316,1317
8415,930,931
8415,1034,1035
8415,1136,1137
8415,1203,1204
8416,1034,1035
8416,1117,1118
8416,1136,1137
8416,1203,1204
8417,1068,1069
8417,1136,1137
8417,1249,1250
8417,1316,1317
8418,1117,1118
8418,1136,1137
8418,1249,1250
8418,1316,1317
8419,1034,1035
8419,1068,1069
8419,1136,1137
8419,1249,1250
8420,1034,1035
8420,1117,1118
8420,1136,1137
8420,1249,1250
8421,959,960
8421,1053,1054
8421,1068,1069
8421,1136,1137
8422,854,855
8422,886,887
8422,930,931
8422,1136,1137
8423,854,855
8423,886,887
8423,959,960
8423,1136,1137
8424,1034,1035
8424,1053,1054
8424,1068,1069
8424,1136,1137
8425,930,931
8425,1034,1035
8425,1053,1054
8425,1136,1137
8426,854,855
8426,930,931
8426,1053,1054
8426,1136,1137
8427,854,855
8427,959,960
8427,1053,1054
8427,1136,1137
8428,377,378
8428,429,430
8428,591,592
8428,616,617
8429,377,378
8429,591,592
8429,606,607
8429,616,617
8430,377,378
8430,429,430
8430,555,556
8430,616,617
8431,325,326
8431,377,378
8431,429,430
8431,591,592
8432,377,378
8432,591,592
8432,606,607
8432,612,613
8433,325,326
8433,377,378
8433,591,592
8433,612,613
8434,377,378
8434,429,430
8434,555,556
8434,590,591
8435,325,326
8435,377,378
8435,429,430
8435,590,591
8436,267,268
8436,377,378
8436,437,438
8436,555,556
8437,377,378
8437,437,438
8437,555,556
8437,616,617
8438,267,268
8438,377,378
8438,437,438
8438,606,607
8439,377,378
8439,437,438
8439,606,607
8439,616,617
8440,377,378
8440,490,491
8440,606,607
8440,612,613
8441,267,268
8441,377,378
8441,490,491
8441,606,607
8442,377,378
8442,428,429
8442,555,556
8442,590,591
8443,267,268
8443,377,378
8443,428,429
8443,555,556
8444,325,326
8444,377,378
8444,428,429
8444,590,591
8445,377,378
8445,428,429
8445,490,491
8445,612,613
8446,267,268
8446,377,378
8446,428,429
8446,490,491
8447,325,326
8447,371,372
8447,377,378
8447,612,613
8448,371,372
8448,377,378
8448,428,429
8448,612,613
8449,325,326
8449,371,372
8449,377,378
8449,428,429
8450,850,851
8450,1051,1052
8450,1090,1091
8450,1219,1220
8451,850,851
8451,913,914
8451,1051,1052
8451,1090,1091
8452,1051,1052
8452,1090,1091
8452,1219,1220
8452,1265,1266
8453,850,851
8453,1051,1052
8453,1191,1192
8453,1198,1199
8454,1051,1052
8454,1191,1192
8454,1198,1199
8454,1219,1220
8455,850,851
8455,1051,1052
8455,1191,1192
8455,1219,1220
8456,850,851
8456,978,979
8456,1051,1052
8456,1198,1199
8457,850,851
8457,913,914
8457,978,979
8457,1051,1052
8458,1051,1052
8458,1090,1091
8458,1227,1228
8458,1265,1266
8459,913,914
8459,1051,1052
8459,1090,1091
8459,1227,1228
8460,978,979
8460,1051,1052
8460,1133,1134
8460,1198,1199
8461,1051,1052
8461,1179,1180
8461,1198,1199
8461,1219,1220
8462,1051,1052
8462,1179,1180
8462,1219,1220
8462,1265,1266
8463,1051,1052
8463,1133,1134
8463,1227,1228
8463,1265,1266
8464,978,979
8464,1051,1052
8464,1081,1082
8464,1133,1134
8465,1051,1052
8465,1081,1082
8465,1133,1134
8465,1227,1228
8466,913,914
8466,978,979
8466,1051,1052
8466,1081,1082
8467,913,914
8467,1051,1052
8467,1081,1082
8467,1227,1228
8468,1051,1052
8468,1133,1134
8468,1179,1180
8468,1198,1199
8469,1051,1052
8469,1133,1134
8469,1179,1180
8469,1265,1266
8470,1064,1065
8470,1113,1114
8470,1116,1117
8470,1183,1184
8471,959,960
8471,1068,1069
8471,1183,1184
8471,1208,1209
8472,1064,1065
8472,1113,1114
8472,1183,1184
8472,1331,1332
8473,1055,1056
8473,1064,1065
8473,1183,1184
8473,1331,1332
8474,1055,1056
8474,1064,1065
8474,1183,1184
8474,1208,1209
8475,913,914
8475,1090,1091
8475,1165,1166
8475,1227,1228
8476,1090,1091
8476,1116,1117
8476,1165,1166
8476,1227,1228
8477,913,914
8477,1081,1082
8477,1165,1166
8477,1227,1228
8478,1116,1117
8478,1128,1129
8478,1165,1166
8478,1358,1359
8479,1116,1117
8479,1165,1166
8479,1227,1228
8479,1358,1359
8480,1033,1034
8480,1128,1129
8480,1161,1162
8480,1165,1166
8481,1116,1117
8481,1128,1129
8481,1161,1162
8481,1165,1166
8482,1033,1034
8482,1057,1058
8482,1128,1129
8482,1165,1166
8483,1078,1079
8483,1081,1082
8483,1165,1166
8483,1227,1228
8484,1078,1079
8484,1128,1129
8484,1165,1166
8484,1358,1359
8485,1078,1079
8485,1165,1166
8485,1227,1228
8485,1358,1359
8486,1033,1034
8486,1057,1058
8486,1159,1160
8486,1165,1166
8487,1057,1058
8487,1078,1079
8487,1128,1129
8487,1165,1166
8488,1057,1058
8488,1078,1079
8488,1081,1082
8488,1165,1166
8489,908,909
8489,1057,1058
8489,1081,1082
8489,1165,1166
8490,908,909
8490,1057,1058
8490,1159,1160
8490,1165,1166
8491,908,909
8491,913,914
8491,1081,1082
8491,1165,1166
8492,908,909
8492,913,914
8492,1159,1160
8492,1165,1166
8493,850,851
8493,859,860
8493,899,900
8493,913,914
8494,859,860
8494,899,900
8494,908,909
8494,913,914
8495,859,860
8495,864,865
8495,899,900
8495,908,909
8496,859,860
8496,864,865
8496,899,900
8496,958,959
8497,859,860
8497,908,909
8497,913,914
8497,1159,1160
8498,740,741
8498,859,860
8498,864,865
8498,989,990
8499,740,741
8499,859,860
8499,864,865
8499,958,959
8500,859,860
8500,864,865
8500,989,990
8500,1159,1160
8501,859,860
8501,864,865
8501,908,909
8501,1159,1160
8502,1011,1012
8502,1015,1016
8502,1090,1091
8502,1143,1144
8503,973,974
8503,1011,1012
8503,1015,1016
8503,1143,1144
8504,850,851
8504,1015,1016
8504,1090,1091
8504,1143,1144
8505,850,851
8505,973,974
8505,1015,1016
8505,1143,1144
8506,973,974
8506,1003,1004
8506,1011,1012
8506,1015,1016
8507,850,851
8507,913,914
8507,1015,1016
8507,1090,1091
8508,850,851
8508,859,860
8508,913,914
8508,1015,1016
8509,850,851
8509,973,974
8509,1015,1016
8509,1061,1062
8510,850,851
8510,899,900
8510,1015,1016
8510,1061,1062
8511,850,851
8511,859,860
8511,899,900
8511,1015,1016
8512,958,959
8512,973,974
8512,1015,1016
8512,1061,1062
8513,859,860
8513,958,959
8513,973,974
8513,1015,1016
8514,899,900
8514,958,959
8514,1015,1016
8514,1061,1062
8515,859,860
8515,899,900
8515,958,959
8515,1015,1016
8516,343,344
8516,405,406
8516,411,412
8516,420,421
8517,343,344
8517,367,368
8517,405,406
8517,411,412
8518,367,368
8518,393,394
8518,405,406
8518,411,412
8519,236,237
8519,343,344
8519,405,406
8519,420,421
8520,331,332
8520,405,406
8520,411,412
8520,420,421
8521,331,332
8521,393,394
8521,405,406
8521,411,412
8522,34,35
8522,236,237
8522,343,344
8522,405,406
8523,34,35
8523,343,344
8523,367,368
8523,405,406
8524,331,332
8524,405,406
8524,420,421
8524,424,425
8525,236,237
8525,405,406
8525,420,421
8525,424,425
8526,88,89
8526,367,368
8526,393,394
8526,405,406
8527,34,35
8527,314,315
8527,367,368
8527,405,406
8528,253,254
8528,331,332
8528,393,394
8528,405,406
8529,253,254
8529,331,332
8529,405,406
8529,424,425
8530,34,35
8530,195,196
8530,314,315
8530,405,406
8531,34,35
8531,195,196
8531,236,237
8531,405,406
8532,88,89
8532,253,254
8532,393,394
8532,405,406
8533,88,89
8533,173,174
8533,314,315
8533,405,406
8534,88,89
8534,206,207
8534,314,315
8534,405,406
8535,206,207
8535,314,315
8535,367,368
8535,405,406
8536,88,89
8536,206,207
8536,367,368
8536,405,406
8537,173,174
8537,195,196
8537,314,315
8537,405,406
8538,173,174
8538,195,196
8538,236,237
8538,405,406
8539,148,149
8539,236,237
8539,405,406
8539,424,425
8540,148,149
8540,173,174
8540,405,406
8540,424,425
8541,148,149
8541,173,174
8541,236,237
8541,405,406
8542,88,89
8542,173,174
8542,277,278
8542,405,406
8543,88,89
8543,253,254
8543,277,278
8543,405,406
8544,173,174
8544,277,278
8544,405,406
8544,424,425
8545,253,254
8545,277,278
8545,405,406
8545,424,425
8546,1212,1213
8546,1374,1375
8546,1430,1431
8546,1465,1466
8547,1212,1213
8547,1248,1249
8547,1374,1375
8547,1465,1466
8548,1429,1430
8548,1430,1431
8548,1465,1466
8548,1612,1613
8549,1248,1249
8549,1362,1363
8549,1374,1375
8549,1465,1466
8550,1256,1257
8550,1362,1363
8550,1429,1430
8550,1465,1466
8551,1256,1257
8551,1429,1430
8551,1430,1431
8551,1465,1466
8552,1256,1257
8552,1362,1363
8552,1374,1375
8552,1465,1466
8553,1256,1257
8553,1374,1375
8553,1430,1431
8553,1465,1466
8554,1212,1213
8554,1465,1466
8554,1565,1566
8554,1612,1613
8555,1212,1213
8555,1430,1431
8555,1465,1466
8555,1565,1566
8556,1430,1431
8556,1465,1466
8556,1565,1566
8556,1612,1613
8557,1362,1363
8557,1429,1430
8557,1465,1466
8557,1575,1576
8558,1212,1213
8558,1248,1249
8558,1330,1331
8558,1465,1466
8559,1212,1213
8559,1330,1331
8559,1465,1466
8559,1612,1613
8560,1213,1214
8560,1248,1249
8560,1362,1363
8560,1465,1466
8561,1213,1214
8561,1362,1363
8561,1465,1466
8561,1575,1576
8562,1278,1279
8562,1429,1430
8562,1465,1466
8562,1575,1576
8563,1278,1279
8563,1429,1430
8563,1465,1466
8563,1612,1613
8564,1278,1279
8564,1330,1331
8564,1465,1466
8564,1612,1613
8565,1213,1214
8565,1278,1279
8565,1465,1466
8565,1575,1576
8566,1213,1214
8566,1248,1249
8566,1330,1331
8566,1465,1466
8567,1213,1214
8567,1278,1279
8567,1330,1331
8567,1465,1466
8568,1537,1538
8568,1622,1623
8568,1663,1664
8568,1694,1695
8569,1491,1492
8569,1537,1538
8569,1622,1623
8569,1790,1791
8570,1491,1492
8570,1537,1538
8570,1622,1623
8570,1663,1664
8571,1537,1538
8571,1622,1623
8571,1790,1791
8571,1808,1809
8572,1537,1538
8572,1622,1623
8572,1694,1695
8572,1808,1809
8573,1537,1538
8573,1547,1548
8573,1727,1728
8573,1790,1791
8574,1537,1538
8574,1539,1540
8574,1694,1695
8574,1808,1809
8575,1491,1492
8575,1537,1538
8575,1761,1762
8575,1790,1791
8576,1537,1538
8576,1547,1548
8576,1761,1762
8576,1790,1791
8577,1491,1492
8577,1537,1538
8577,1547,1548
8577,1761,1762
8578,1537,1538
8578,1727,1728
8578,1790,1791
8578,1808,1809
8579,1537,1538
8579,1539,1540
8579,1727,1728
8579,1808,1809
8580,1453,1454
8580,1537,1538
8580,1539,1540
8580,1727,1728
8581,1453,1454
8581,1537,1538
8581,1547,1548
8581,1727,1728
8582,1491,1492
8582,1537,1538
8582,1547,1548
8582,1732,1733
8583,1414,1415
8583,1537,1538
8583,1547,1548
8583,1732,1733
8584,1491,1492
8584,1537,1538
8584,1663,1664
8584,1732,1733
8585,1414,1415
8585,1537,1538
8585,1663,1664
8585,1732,1733
8586,1414,1415
8586,1537,1538
8586,1663,1664
8586,1694,1695
8587,1414,1415
8587,1453,1454
8587,1782,1783
8587,1803,1804
8588,1414,1415
8588,1474,1475
8588,1782,1783
8588,1803,1804
8589,1414,1415
8589,1474,1475
8589,1694,1695
8589,1782,1783
8590,1414,1415
8590,1453,1454
8590,1537,1538
8590,1782,1783
8591,1414,1415
8591,1537,1538
8591,1694,1695
8591,1782,1783
8592,1453,1454
8592,1537,1538
8592,1539,1540
8592,1782,1783
8593,1537,1538
8593,1539,1540
8593,1694,1695
8593,1782,1783
8594,1474,1475
8594,1754,1755
8594,1782,1783
8594,1803,1804
8595,1453,1454
8595,1506,1507
8595,1782,1783
8595,1803,1804
8596,1453,1454
8596,1539,1540
8596,1677,1678
8596,1782,1783
8597,1539,1540
8597,1677,1678
8597,1709,1710
8597,1782,1783
8598,1404,1405
8598,1539,1540
8598,1709,1710
8598,1782,1783
8599,1506,1507
8599,1709,1710
8599,1754,1755
8599,1782,1783
8600,1453,1454
8600,1506,1507
8600,1677,1678
8600,1782,1783
8601,1506,1507
8601,1677,1678
8601,1709,1710
8601,1782,1783
8602,1404,1405
8602,1539,1540
8602,1655,1656
8602,1782,1783
8603,1404,1405
8603,1655,1656
8603,1694,1695
8603,1782,1783
8604,1539,1540
8604,1655,1656
8604,1694,1695
8604,1782,1783
8605,1404,1405
8605,1709,1710
8605,1754,1755
8605,1782,1783
8606,1404,1405
8606,1474,1475
8606,1754,1755
8606,1782,1783
8607,1469,1470
8607,1754,1755
8607,1782,1783
8607,1803,1804
8608,1469,1470
8608,1506,1507
8608,1782,1783
8608,1803,1804
8609,1469,1470
8609,1506,1507
8609,1754,1755
8609,1782,1783
8610,1404,1405
8610,1474,1475
8610,1588,1589
8610,1782,1783
8611,1404,1405
8611,1588,1589
8611,1694,1695
8611,1782,1783
8612,1474,1475
8612,1588,1589
8612,1694,1695
8612,1782,1783
8613,257,258
8613,545,546
8613,707,708
8613,718,719
8614,257,258
8614,455,456
8614,545,546
8614,718,719
8615,475,476
8615,545,546
8615,707,708
8615,718,719
8616,455,456
8616,475,476
8616,545,546
8616,718,719
8617,257,258
8617,369,370
8617,386,387
8617,718,719
8618,369,370
8618,386,387
8618,455,456
8618,718,719
8619,257,258
8619,386,387
8619,455,456
8619,718,719
8620,526,527
8620,626,627
8620,707,708
8620,718,719
8621,479,480
8621,626,627
8621,692,693
8621,718,719
8622,475,476
8622,479,480
8622,692,693
8622,718,719
8623,626,627
8623,692,693
8623,707,708
8623,718,719
8624,257,258
8624,369,370
8624,526,527
8624,718,719
8625,257,258
8625,547,548
8625,707,708
8625,718,719
8626,526,527
8626,547,548
8626,707,708
8626,718,719
8627,257,258
8627,526,527
8627,547,548
8627,718,719
8628,692,693
8628,704,705
8628,707,708
8628,718,719
8629,475,476
8629,692,693
8629,704,705
8629,718,719
8630,475,476
8630,704,705
8630,707,708
8630,718,719
8631,369,370
8631,479,480
8631,718,719
8631,720,721
8632,369,370
8632,526,527
8632,718,719
8632,720,721
8633,479,480
8633,626,627
8633,718,719
8633,720,721
8634,526,527
8634,626,627
8634,718,719
8634,720,721
8635,511,512
8635,880,881
8635,918,919
8635,987,988
8636,511,512
8636,520,521
8636,880,881
8636,918,919
8637,520,521
8637,788,789
8637,815,816
8637,918,919
8638,520,521
8638,815,816
8638,880,881
8638,918,919
8639,765,766
8639,788,789
8639,918,919
8639,951,952
8640,237,238
8640,242,243
8640,318,319
8640,395,396
8641,242,243
8641,318,319
8641,364,365
8641,395,396
8642,237,238
8642,242,243
8642,318,319
8642,328,329
8643,237,238
8643,238,239
8643,318,319
8643,395,396
8644,238,239
8644,318,319
8644,364,365
8644,395,396
8645,242,243
8645,318,319
8645,325,326
8645,328,329
8646,318,319
8646,325,326
8646,328,329
8646,410,411
8647,159,160
8647,318,319
8647,328,329
8647,410,411
8648,159,160
8648,237,238
8648,318,319
8648,328,329
8649,242,243
8649,318,319
8649,325,326
8649,429,430
8650,242,243
8650,318,319
8650,364,365
8650,429,430
8651,318,319
8651,325,326
8651,410,411
8651,591,592
8652,318,319
8652,364,365
8652,410,411
8652,591,592
8653,159,160
8653,318,319
8653,335,336
8653,410,411
8654,15,16
8654,238,239
8654,318,319
8654,335,336
8655,15,16
8655,237,238
8655,238,239
8655,318,319
8656,238,239
8656,318,319
8656,335,336
8656,363,364
8657,238,239
8657,318,319
8657,363,364
8657,364,365
8658,15,16
8658,159,160
8658,318,319
8658,335,336
8659,15,16
8659,159,160
8659,237,238
8659,318,319
8660,318,319
8660,325,326
8660,429,430
8660,591,592
8661,318,319
8661,364,365
8661,429,430
8661,591,592
8662,318,319
8662,335,336
8662,363,364
8662,410,411
8663,318,319
8663,363,364
8663,364,365
8663,410,411
8664,38,39
8664,45,46
8664,65,66
8664,319,320
8665,7,8
8665,38,39
8665,45,46
8665,65,66
8666,38,39
8666,45,46
8666,319,320
8666,425,426
8667,7,8
8667,38,39
8667,45,46
8667,425,426
8668,7,8
8668,45,46
8668,65,66
8668,269,270
8669,9,10
8669,45,46
8669,65,66
8669,269,270
8670,7,8
8670,45,46
8670,162,163
8670,269,270
8671,45,46
8671,66,67
8671,206,207
8671,425,426
8672,7,8
8672,45,46
8672,66,67
8672,425,426
8673,9,10
8673,45,46
8673,206,207
8673,266,267
8674,9,10
8674,45,46
8674,179,180
8674,266,267
8675,9,10
8675,45,46
8675,65,66
8675,179,180
8676,45,46
8676,179,180
8676,266,267
8676,319,320
8677,45,46
8677,65,66
8677,179,180
8677,319,320
8678,9,10
8678,45,46
8678,162,163
8678,269,270
8679,9,10
8679,45,46
8679,162,163
8679,206,207
8680,45,46
8680,66,67
8680,162,163
8680,206,207
8681,7,8
8681,45,46
8681,66,67
8681,162,163
8682,2,3
8682,45,46
8682,206,207
8682,266,267
8683,2,3
8683,45,46
8683,206,207
8683,425,426
8684,2,3
8684,45,46
8684,266,267
8684,319,320
8685,2,3
8685,45,46
8685,319,320
8685,425,426
8686,709,710
8686,940,941
8686,974,975
8686,989,990
8687,940,941
8687,974,975
8687,989,990
8687,1072,1073
8688,892,893
8688,974,975
8688,989,990
8688,1072,1073
8689,709,710
8689,795,796
8689,940,941
8689,974,975
8690,892,893
8690,974,975
8690,982,983
8690,1072,1073
8691,663,664
8691,903,904
8691,974,975
8691,988,989
8692,709,710
8692,795,796
8692,951,952
8692,974,975
8693,663,664
8693,795,796
8693,951,952
8693,974,975
8694,882,883
8694,892,893
8694,974,975
8694,982,983
8695,882,883
8695,892,893
8695,903,904
8695,974,975
8696,882,883
8696,903,904
8696,974,975
8696,982,983
8697,937,938
8697,974,975
8697,982,983
8697,1072,1073
8698,937,938
8698,940,941
8698,974,975
8698,982,983
8699,937,938
8699,940,941
8699,974,975
8699,1072,1073
8700,663,664
8700,795,796
8700,932,933
8700,974,975
8701,663,664
8701,903,904
8701,932,933
8701,974,975
8702,903,904
8702,932,933
8702,974,975
8702,982,983
8703,932,933
8703,974,975
8703,982,983
8703,1001,1002
8704,940,941
8704,974,975
8704,982,983
8704,1001,1002
8705,795,796
8705,932,933
8705,974,975
8705,1001,1002
8706,795,796
8706,940,941
8706,974,975
8706,1001,1002
8707,663,664
8707,935,936
8707,974,975
8707,988,989
8708,934,935
8708,935,936
8708,988,989
8708,998,999
8709,698,699
8709,934,935
8709,935,936
8709,998,999
8710,892,893
8710,903,904
8710,935,936
8710,988,989
8711,903,904
8711,935,936
8711,974,975
8711,988,989
8712,892,893
8712,903,904
8712,935,936
8712,974,975
8713,892,893
8713,935,936
8713,974,975
8713,989,990
8714,709,710
8714,935,936
8714,974,975
8714,989,990
8715,698,699
8715,709,710
8715,740,741
8715,935,936
8716,873,874
8716,892,893
8716,935,936
8716,988,989
8717,873,874
8717,934,935
8717,935,936
8717,988,989
8718,709,710
8718,740,741
8718,935,936
8718,989,990
8719,854,855
8719,959,960
8719,1011,1012
8719,1180,1181
8720,854,855
8720,959,960
8720,1096,1097
8720,1180,1181
8721,959,960
8721,1011,1012
8721,1096,1097
8721,1180,1181
8722,934,935
8722,995,996
8722,1003,1004
8722,1180,1181
8723,934,935
8723,1003,1004
8723,1011,1012
8723,1180,1181
8724,854,855
8724,1011,1012
8724,1143,1144
8724,1180,1181
8725,973,974
8725,1011,1012
8725,1143,1144
8725,1180,1181
8726,973,974
8726,1003,1004
8726,1011,1012
8726,1180,1181
8727,644,645
8727,995,996
8727,1003,1004
8727,1180,1181
8728,854,855
8728,954,955
8728,986,987
8728,1180,1181
8729,954,955
8729,986,987
8729,1008,1009
8729,1180,1181
8730,854,855
8730,986,987
8730,1096,1097
8730,1180,1181
8731,986,987
8731,1008,1009
8731,1096,1097
8731,1180,1181
8732,883,884
8732,954,955
8732,1008,1009
8732,1180,1181
8733,883,884
8733,995,996
8733,1008,1009
8733,1180,1181
8734,995,996
8734,1008,1009
8734,1163,1164
8734,1180,1181
8735,934,935
8735,995,996
8735,1163,1164
8735,1180,1181
8736,1008,1009
8736,1096,1097
8736,1163,1164
8736,1180,1181
8737,934,935
8737,1096,1097
8737,1163,1164
8737,1180,1181
8738,854,855
8738,954,955
8738,1079,1080
8738,1180,1181
8739,854,855
8739,1079,1080
8739,1143,1144
8739,1180,1181
8740,954,955
8740,973,974
8740,1079,1080
8740,1180,1181
8741,973,974
8741,1079,1080
8741,1143,1144
8741,1180,1181
8742,644,645
8742,973,974
8742,1003,1004
8742,1180,1181
8743,644,645
8743,954,955
8743,973,974
8743,1180,1181
8744,644,645
8744,883,884
8744,954,955
8744,1180,1181
8745,644,645
8745,883,884
8745,995,996
8745,1180,1181
8746,860,861
8746,950,951
8746,1096,1097
8746,1120,1121
8747,860,861
8747,886,887
8747,1096,1097
8747,1120,1121
8748,860,861
8748,886,887
8748,1114,1115
8748,1120,1121
8749,860,861
8749,950,951
8749,975,976
8749,1120,1121
8750,860,861
8750,975,976
8750,1114,1115
8750,1120,1121
8751,950,951
8751,1109,1110
8751,1120,1121
8751,1185,1186
8752,950,951
8752,1096,1097
8752,1120,1121
8752,1185,1186
8753,950,951
8753,975,976
8753,1109,1110
8753,1120,1121
8754,975,976
8754,1109,1110
8754,1114,1115
8754,1120,1121
8755,1109,1110
8755,1120,1121
8755,1185,1186
8755,1346,1347
8756,886,887
8756,959,960
8756,1096,1097
8756,1120,1121
8757,1031,1032
8757,1109,1110
8757,1120,1121
8757,1346,1347
8758,1031,1032
8758,1109,1110
8758,1114,1115
8758,1120,1121
8759,1304,1305
8759,1311,1312
8759,1448,1449
8759,1508,1509
8760,1355,1356
8760,1415,1416
8760,1448,1449
8760,1508,1509
8761,1304,1305
8761,1355,1356
8761,1448,1449
8761,1508,1509
8762,1240,1241
8762,1287,1288
8762,1415,1416
8762,1448,1449
8763,1240,1241
8763,1325,1326
8763,1448,1449
8763,1493,1494
8764,1304,1305
8764,1311,1312
8764,1448,1449
8764,1493,1494
8765,1287,1288
8765,1355,1356
8765,1415,1416
8765,1448,1449
8766,1287,1288
8766,1304,1305
8766,1355,1356
8766,1448,1449
8767,1240,1241
8767,1287,1288
8767,1448,1449
8767,1493,1494
8768,1287,1288
8768,1304,1305
8768,1448,1449
8768,1493,1494
8769,1415,1416
8769,1448,1449
8769,1508,1509
8769,1560,1561
8770,1206,1207
8770,1448,1449
8770,1508,1509
8770,1560,1561
8771,1064,1065
8771,1206,1207
8771,1448,1449
8771,1508,1509
8772,1064,1065
8772,1311,1312
8772,1448,1449
8772,1508,1509
8773,1039,1040
8773,1055,1056
8773,1064,1065
8773,1331,1332
8774,1039,1040
8774,1311,1312
8774,1448,1449
8774,1493,1494
8775,1039,1040
8775,1325,1326
8775,1448,1449
8775,1493,1494
8776,1039,1040
8776,1113,1114
8776,1122,1123
8776,1331,1332
8777,1039,1040
8777,1064,1065
8777,1113,1114
8777,1331,1332
8778,1039,1040
8778,1113,1114
8778,1122,1123
8778,1311,1312
8779,1039,1040
8779,1064,1065
8779,1113,1114
8779,1311,1312
8780,1039,1040
8780,1122,1123
8780,1331,1332
8780,1357,1358
8781,1039,1040
8781,1284,1285
8781,1331,1332
8781,1357,1358
8782,1039,1040
8782,1055,1056
8782,1284,1285
8782,1331,1332
8783,1039,1040
8783,1310,1311
8783,1325,1326
8783,1357,1358
8784,1039,1040
8784,1055,1056
8784,1310,1311
8784,1325,1326
8785,1039,1040
8785,1325,1326
8785,1357,1358
8785,1493,1494
8786,1039,1040
8786,1122,1123
8786,1225,1226
8786,1357,1358
8787,1039,1040
8787,1122,1123
8787,1225,1226
8787,1311,1312
8788,1039,1040
8788,1284,1285
8788,1310,1311
8788,1357,1358
8789,1039,1040
8789,1055,1056
8789,1284,1285
8789,1310,1311
8790,1039,1040
8790,1225,1226
8790,1357,1358
8790,1493,1494
8791,1039,1040
8791,1225,1226
8791,1311,1312
8791,1493,1494
8792,1210,1211
8792,1270,1271
8792,1483,1484
8792,1486,1487
8793,1210,1211
8793,1270,1271
8793,1440,1441
8793,1483,1484
8794,1270,1271
8794,1440,1441
8794,1483,1484
8794,1486,1487
8795,1222,1223
8795,1270,1271
8795,1440,1441
8795,1486,1487
8796,1210,1211
8796,1270,1271
8796,1398,1399
8796,1486,1487
8797,1270,1271
8797,1398,1399
8797,1486,1487
8797,1602,1603
8798,1222,1223
8798,1270,1271
8798,1486,1487
8798,1602,1603
8799,1222,1223
8799,1270,1271
8799,1592,1593
8799,1602,1603
8800,1210,1211
8800,1270,1271
8800,1398,1399
8800,1521,1522
8801,1270,1271
8801,1282,1283
8801,1398,1399
8801,1521,1522
8802,1210,1211
8802,1240,1241
8802,1270,1271
8802,1440,1441
8803,1210,1211
8803,1240,1241
8803,1270,1271
8803,1521,1522
8804,1240,1241
8804,1270,1271
8804,1282,1283
8804,1521,1522
8805,1222,1223
8805,1270,1271
8805,1318,1319
8805,1440,1441
8806,1270,1271
8806,1282,1283
8806,1298,1299
8806,1592,1593
8807,1222,1223
8807,1270,1271
8807,1298,1299
8807,1592,1593
8808,1222,1223
8808,1270,1271
8808,1298,1299
8808,1318,1319
8809,1318,1319
8809,1325,1326
8809,1440,1441
8809,1595,1596
8810,1270,1271
8810,1318,1319
8810,1440,1441
8810,1595,1596
8811,1232,1233
8811,1282,1283
8811,1298,1299
8811,1595,1596
8812,1232,1233
8812,1282,1283
8812,1415,1416
8812,1595,1596
8813,1270,1271
8813,1282,1283
8813,1298,1299
8813,1595,1596
8814,1270,1271
8814,1298,1299
8814,1318,1319
8814,1595,1596
8815,1240,1241
8815,1270,1271
8815,1282,1283
8815,1595,1596
8816,1240,1241
8816,1270,1271
8816,1440,1441
8816,1595,1596
8817,1240,1241
8817,1282,1283
8817,1415,1416
8817,1595,1596
8818,1240,1241
8818,1325,1326
8818,1440,1441
8818,1595,1596
8819,1148,1149
8819,1232,1233
8819,1298,1299
8819,1595,1596
8820,1148,1149
8820,1298,1299
8820,1318,1319
8820,1595,1596
8821,1148,1149
8821,1242,1243
8821,1318,1319
8821,1595,1596
8822,1036,1037
8822,1242,1243
8822,1318,1319
8822,1595,1596
8823,1036,1037
8823,1318,1319
8823,1325,1326
8823,1595,1596
8824,1036,1037
8824,1242,1243
8824,1325,1326
8824,1595,1596
8825,1240,1241
8825,1415,1416
8825,1448,1449
8825,1595,1596
8826,1240,1241
8826,1325,1326
8826,1448,1449
8826,1595,1596
8827,1467,1468
8827,1530,1531
8827,1547,1548
8827,1732,1733
8828,1467,1468
8828,1497,1498
8828,1530,1531
8828,1732,1733
8829,1414,1415
8829,1530,1531
8829,1547,1548
8829,1732,1733
8830,1414,1415
8830,1497,1498
8830,1530,1531
8830,1732,1733
8831,1467,1468
8831,1528,1529
8831,1530,1531
8831,1575,1576
8832,1467,1468
8832,1528,1529
8832,1530,1531
8832,1547,1548
8833,1414,1415
8833,1497,1498
8833,1530,1531
8833,1590,1591
8834,1278,1279
8834,1530,1531
8834,1575,1576
8834,1590,1591
8835,1278,1279
8835,1497,1498
8835,1530,1531
8835,1590,1591
8836,1278,1279
8836,1467,1468
8836,1530,1531
8836,1575,1576
8837,1414,1415
8837,1530,1531
8837,1537,1538
8837,1547,1548
8838,1453,1454
8838,1530,1531
8838,1537,1538
8838,1547,1548
8839,1414,1415
8839,1453,1454
8839,1530,1531
8839,1537,1538
8840,1530,1531
8840,1575,1576
8840,1578,1579
8840,1590,1591
8841,1528,1529
8841,1530,1531
8841,1575,1576
8841,1578,1579
8842,1528,1529
8842,1530,1531
8842,1547,1548
8842,1820,1821
8843,1453,1454
8843,1530,1531
8843,1547,1548
8843,1820,1821
8844,1414,1415
8844,1530,1531
8844,1590,1591
8844,1803,1804
8845,1414,1415
8845,1453,1454
8845,1530,1531
8845,1803,1804
8846,1278,1279
8846,1467,1468
8846,1530,1531
8846,1571,1572
8847,1278,1279
8847,1497,1498
8847,1530,1531
8847,1571,1572
8848,1467,1468
8848,1497,1498
8848,1530,1531
8848,1571,1572
8849,1510,1511
8849,1528,1529
8849,1530,1531
8849,1820,1821
8850,1453,1454
8850,1510,1511
8850,1530,1531
8850,1820,1821
8851,1530,1531
8851,1578,1579
8851,1590,1591
8851,1803,1804
8852,1510,1511
8852,1528,1529
8852,1530,1531
8852,1578,1579
8853,1510,1511
8853,1530,1531
8853,1578,1579
8853,1803,1804
8854,1453,1454
8854,1510,1511
8854,1530,1531
8854,1803,1804
8855,659,660
8855,762,763
8855,869,870
8855,874,875
8856,762,763
8856,773,774
8856,869,870
8856,874,875
8857,659,660
8857,756,757
8857,762,763
8857,869,870
8858,700,701
8858,756,757
8858,762,763
8858,869,870
8859,636,637
8859,700,701
8859,762,763
8859,869,870
8860,636,637
8860,762,763
8860,773,774
8860,869,870
8861,483,484
8861,533,534
8861,759,760
8861,773,774
8862,483,484
8862,636,637
8862,759,760
8862,773,774
8863,483,484
8863,533,534
8863,602,603
8863,759,760
8864,483,484
8864,602,603
8864,636,637
8864,759,760
8865,483,484
8865,533,534
8865,602,603
8865,831,832
8866,483,484
8866,602,603
8866,636,637
8866,831,832
8867,483,484
8867,636,637
8867,700,701
8867,836,837
8868,483,484
8868,636,637
8868,700,701
8868,869,870
8869,483,484
8869,636,637
8869,773,774
8869,869,870
8870,483,484
8870,636,637
8870,831,832
8870,836,837
8871,843,844
8871,874,875
8871,889,890
8871,979,980
8872,659,660
8872,843,844
8872,874,875
8872,979,980
8873,843,844
8873,856,857
8873,874,875
8873,939,940
8874,843,844
8874,874,875
8874,889,890
8874,939,940
8875,843,844
8875,856,857
8875,889,890
8875,939,940
8876,843,844
8876,875,876
8876,889,890
8876,979,980
8877,843,844
8877,856,857
8877,980,981
8877,1192,1193
8878,843,844
8878,856,857
8878,889,890
8878,1192,1193
8879,625,626
8879,659,660
8879,843,844
8879,981,982
8880,625,626
8880,659,660
8880,843,844
8880,979,980
8881,843,844
8881,875,876
8881,980,981
8881,1192,1193
8882,843,844
8882,875,876
8882,889,890
8882,1192,1193
8883,625,626
8883,843,844
8883,981,982
8883,985,986
8884,625,626
8884,843,844
8884,979,980
8884,985,986
8885,843,844
8885,980,981
8885,981,982
8885,985,986
8886,843,844
8886,875,876
8886,980,981
8886,985,986
8887,843,844
8887,875,876
8887,979,980
8887,985,986
8888,1398,1399
8888,1410,1411
8888,1428,1429
8888,1596,1597
8889,1410,1411
8889,1428,1429
8889,1596,1597
8889,1731,1732
8890,1398,1399
8890,1410,1411
8890,1428,1429
8890,1743,1744
8891,1410,1411
8891,1428,1429
8891,1735,1736
8891,1743,1744
8892,1410,1411
8892,1428,1429
8892,1628,1629
8892,1731,1732
8893,1428,1429
8893,1628,1629
8893,1731,1732
8893,1735,1736
8894,1410,1411
8894,1428,1429
8894,1628,1629
8894,1735,1736
8895,1398,1399
8895,1428,1429
8895,1521,1522
8895,1596,1597
8896,1398,1399
8896,1428,1429
8896,1602,1603
8896,1743,1744
8897,1428,1429
8897,1602,1603
8897,1735,1736
8897,1743,1744
8898,1428,1429
8898,1514,1515
8898,1521,1522
8898,1596,1597
8899,1428,1429
8899,1514,1515
8899,1596,1597
8899,1731,1732
8900,1428,1429
8900,1437,1438
8900,1731,1732
8900,1735,1736
8901,1428,1429
8901,1514,1515
8901,1521,1522
8901,1604,1605
8902,1428,1429
8902,1592,1593
8902,1602,1603
8902,1606,1607
8903,1428,1429
8903,1592,1593
8903,1604,1605
8903,1606,1607
8904,1270,1271
8904,1428,1429
8904,1592,1593
8904,1602,1603
8905,1270,1271
8905,1398,1399
8905,1428,1429
8905,1602,1603
8906,1282,1283
8906,1428,1429
8906,1592,1593
8906,1604,1605
8907,1428,1429
8907,1514,1515
8907,1600,1601
8907,1604,1605
8908,1428,1429
8908,1514,1515
8908,1600,1601
8908,1731,1732
8909,1428,1429
8909,1531,1532
8909,1602,1603
8909,1735,1736
8910,1428,1429
8910,1437,1438
8910,1531,1532
8910,1735,1736
8911,1428,1429
8911,1437,1438
8911,1600,1601
8911,1731,1732
8912,1282,1283
8912,1428,1429
8912,1521,1522
8912,1604,1605
8913,1282,1283
8913,1398,1399
8913,1428,1429
8913,1521,1522
8914,1428,1429
8914,1531,1532
8914,1602,1603
8914,1606,1607
8915,1270,1271
8915,1282,1283
8915,1428,1429
8915,1592,1593
8916,1270,1271
8916,1282,1283
8916,1398,1399
8916,1428,1429
8917,1428,1429
8917,1437,1438
8917,1531,1532
8917,1600,1601
8918,1428,1429
8918,1480,1481
8918,1531,1532
8918,1606,1607
8919,1428,1429
8919,1480,1481
8919,1604,1605
8919,1606,1607
8920,1428,1429
8920,1480,1481
8920,1531,1532
8920,1600,1601
8921,1428,1429
8921,1480,1481
8921,1600,1601
8921,1604,1605
8922,443,444
8922,454,455
8922,549,550
8922,615,616
8923,443,444
8923,454,455
8923,615,616
8923,726,727
8924,443,444
8924,549,550
8924,615,616
8924,726,727
8925,454,455
8925,549,550
8925,551,552
8925,615,616
8926,509,510
8926,549,550
8926,551,552
8926,615,616
8927,509,510
8927,549,550
8927,615,616
8927,726,727
8928,509,510
8928,551,552
8928,584,585
8928,615,616
8929,454,455
8929,510,511
8929,551,552
8929,615,616
8930,510,511
8930,551,552
8930,584,585
8930,615,616
8931,510,511
8931,584,585
8931,609,610
8931,615,616
8932,448,449
8932,509,510
8932,584,585
8932,615,616
8933,448,449
8933,509,510
8933,601,602
8933,615,616
8934,509,510
8934,601,602
8934,615,616
8934,726,727
8935,454,455
8935,510,511
8935,615,616
8935,651,652
8936,510,511
8936,609,610
8936,615,616
8936,651,652
8937,448,449
8937,609,610
8937,615,616
8937,628,629
8938,584,585
8938,609,610
8938,615,616
8938,628,629
8939,448,449
8939,584,585
8939,615,616
8939,628,629
8940,448,449
8940,601,602
8940,615,616
8940,683,684
8941,601,602
8941,615,616
8941,683,684
8941,726,727
8942,543,544
8942,609,610
8942,615,616
8942,702,703
8943,448,449
8943,543,544
8943,609,610
8943,615,616
8944,615,616
8944,683,684
8944,702,703
8944,726,727
8945,543,544
8945,615,616
8945,683,684
8945,702,703
8946,448,449
8946,543,544
8946,615,616
8946,683,684
8947,452,453
8947,726,727
8947,775,776
8947,829,830
8948,452,453
8948,713,714
8948,775,776
8948,829,830
8949,452,453
8949,713,714
8949,726,727
8949,829,830
8950,436,437
8950,451,452
8950,452,453
8950,775,776
8951,436,437
8951,452,453
8951,747,748
8951,775,776
8952,452,453
8952,713,714
8952,747,748
8952,775,776
8953,451,452
8953,452,453
8953,496,497
8953,775,776
8954,451,452
8954,452,453
8954,496,497
8954,726,727
8955,452,453
8955,496,497
8955,726,727
8955,775,776
8956,436,437
8956,451,452
8956,452,453
8956,574,575
8957,436,437
8957,452,453
8957,544,545
8957,747,748
8958,436,437
8958,452,453
8958,544,545
8958,574,575
8959,443,444
8959,451,452
8959,452,453
8959,726,727
8960,443,444
8960,451,452
8960,452,453
8960,574,575
8961,452,453
8961,544,545
8961,553,554
8961,747,748
8962,452,453
8962,553,554
8962,713,714
8962,747,748
8963,452,453
8963,544,545
8963,553,554
8963,582,583
8964,452,453
8964,544,545
8964,574,575
8964,582,583
8965,443,444
8965,452,453
8965,574,575
8965,582,583
8966,863,864
8966,865,866
8966,991,992
8966,997,998
8967,863,864
8967,890,891
8967,991,992
8967,997,998
8968,863,864
8968,890,891
8968,991,992
8968,1158,1159
8969,890,891
8969,899,900
8969,991,992
8969,1158,1159
8970,899,900
8970,991,992
8970,1080,1081
8970,1084,1085
8971,890,891
8971,899,900
8971,991,992
8971,1084,1085
8972,867,868
8972,991,992
8972,1080,1081
8972,1084,1085
8973,867,868
8973,910,911
8973,991,992
8973,1084,1085
8974,865,866
8974,915,916
8974,991,992
8974,997,998
8975,910,911
8975,915,916
8975,991,992
8975,997,998
8976,678,679
8976,910,911
8976,991,992
8976,1084,1085
8977,678,679
8977,890,891
8977,991,992
8977,1084,1085
8978,678,679
8978,910,911
8978,991,992
8978,997,998
8979,678,679
8979,890,891
8979,991,992
8979,997,998
8980,867,868
8980,910,911
8980,915,916
8980,991,992
8981,865,866
8981,991,992
8981,1080,1081
8981,1123,1124
8982,865,866
8982,915,916
8982,991,992
8982,1123,1124
8983,867,868
8983,991,992
8983,1080,1081
8983,1123,1124
8984,867,868
8984,915,916
8984,991,992
8984,1123,1124
8985,326,327
8985,421,422
8985,581,582
8985,627,628
8986,421,422
8986,581,582
8986,593,594
8986,627,628
8987,326,327
8987,421,422
8987,471,472
8987,581,582
8988,305,306
8988,421,422
8988,471,472
8988,581,582
8989,279,280
8989,305,306
8989,471,472
8989,581,582
8990,280,281
8990,397,398
8990,581,582
8990,593,594
8991,280,281
8991,421,422
8991,581,582
8991,593,594
8992,279,280
8992,305,306
8992,397,398
8992,581,582
8993,280,281
8993,305,306
8993,397,398
8993,581,582
8994,280,281
8994,305,306
8994,421,422
8994,581,582
8995,959,960
8995,1011,1012
8995,1090,1091
8995,1341,1342
8996,959,960
8996,1011,1012
8996,1183,1184
8996,1341,1342
8997,1011,1012
8997,1090,1091
8997,1183,1184
8997,1341,1342
8998,959,960
8998,1068,1069
8998,1090,1091
8998,1341,1342
8999,959,960
8999,1068,1069
8999,1183,1184
8999,1341,1342
9000,1068,1069
9000,1183,1184
9000,1208,1209
9000,1341,1342
9001,1090,1091
9001,1116,1117
9001,1265,1266
9001,1341,1342
9002,1068,1069
9002,1208,1209
9002,1301,1302
9002,1341,1342
9003,1064,1065
9003,1116,1117
9003,1183,1184
9003,1341,1342
9004,1064,1065
9004,1183,1184
9004,1208,1209
9004,1341,1342
9005,1068,1069
9005,1219,1220
9005,1301,1302
9005,1341,1342
9006,1068,1069
9006,1090,1091
9006,1219,1220
9006,1341,1342
9007,1219,1220
9007,1265,1266
9007,1301,1302
9007,1341,1342
9008,1090,1091
9008,1219,1220
9008,1265,1266
9008,1341,1342
9009,1116,1117
9009,1209,1210
9009,1265,1266
9009,1341,1342
9010,1064,1065
9010,1116,1117
9010,1209,1210
9010,1341,1342
9011,1206,1207
9011,1265,1266
9011,1301,1302
9011,1341,1342
9012,1206,1207
9012,1208,1209
9012,1301,1302
9012,1341,1342
9013,1064,1065
9013,1206,1207
9013,1208,1209
9013,1341,1342
9014,1206,1207
9014,1209,1210
9014,1265,1266
9014,1341,1342
9015,1064,1065
9015,1206,1207
9015,1209,1210
9015,1341,1342
9016,1011,1012
9016,1066,1067
9016,1090,1091
9016,1183,1184
9017,1066,1067
9017,1090,1091
9017,1116,1117
9017,1341,1342
9018,1066,1067
9018,1116,1117
9018,1183,1184
9018,1341,1342
9019,1066,1067
9019,1090,1091
9019,1183,1184
9019,1341,1342
9020,1011,1012
9020,1015,1016
9020,1066,1067
9020,1090,1091
9021,873,874
9021,1066,1067
9021,1106,1107
9021,1161,1162
9022,1066,1067
9022,1113,1114
9022,1116,1117
9022,1161,1162
9023,1066,1067
9023,1113,1114
9023,1116,1117
9023,1183,1184
9024,841,842
9024,959,960
9024,1011,1012
9024,1096,1097
9025,841,842
9025,959,960
9025,1011,1012
9025,1183,1184
9026,841,842
9026,1011,1012
9026,1066,1067
9026,1183,1184
9027,841,842
9027,873,874
9027,1011,1012
9027,1066,1067
9028,841,842
9028,873,874
9028,934,935
9028,1011,1012
9029,841,842
9029,934,935
9029,1096,1097
9029,1163,1164
9030,841,842
9030,873,874
9030,897,898
9030,934,935
9031,841,842
9031,897,898
9031,934,935
9031,1163,1164
9032,841,842
9032,934,935
9032,1011,1012
9032,1180,1181
9033,841,842
9033,1011,1012
9033,1096,1097
9033,1180,1181
9034,841,842
9034,934,935
9034,1096,1097
9034,1180,1181
9035,859,860
9035,913,914
9035,1015,1016
9035,1144,1145
9036,913,914
9036,1144,1145
9036,1159,1160
9036,1165,1166
9037,859,860
9037,913,914
9037,1144,1145
9037,1159,1160
9038,1033,1034
9038,1144,1145
9038,1159,1160
9038,1165,1166
9039,913,914
9039,1090,1091
9039,1144,1145
9039,1165,1166
9040,913,914
9040,1015,1016
9040,1090,1091
9040,1144,1145
9041,1015,1016
9041,1066,1067
9041,1090,1091
9041,1144,1145
9042,892,893
9042,1033,1034
9042,1144,1145
9042,1159,1160
9043,1090,1091
9043,1116,1117
9043,1144,1145
9043,1165,1166
9044,1066,1067
9044,1090,1091
9044,1116,1117
9044,1144,1145
9045,1033,1034
9045,1144,1145
9045,1161,1162
9045,1165,1166
9046,892,893
9046,989,990
9046,1144,1145
9046,1159,1160
9047,859,860
9047,989,990
9047,1144,1145
9047,1159,1160
9048,1116,1117
9048,1144,1145
9048,1161,1162
9048,1165,1166
9049,1066,1067
9049,1116,1117
9049,1144,1145
9049,1161,1162
9050,892,893
9050,1033,1034
9050,1144,1145
9050,1161,1162
9051,873,874
9051,892,893
9051,1144,1145
9051,1161,1162
9052,873,874
9052,1066,1067
9052,1144,1145
9052,1161,1162
9053,873,874
9053,934,935
9053,1011,1012
9053,1102,1103
9054,873,874
9054,1011,1012
9054,1066,1067
9054,1102,1103
9055,1011,1012
9055,1015,1016
9055,1066,1067
9055,1102,1103
9056,934,935
9056,1003,1004
9056,1011,1012
9056,1102,1103
9057,1003,1004
9057,1011,1012
9057,1015,1016
9057,1102,1103
9058,873,874
9058,1066,1067
9058,1102,1103
9058,1144,1145
9059,1015,1016
9059,1066,1067
9059,1102,1103
9059,1144,1145
9060,873,874
9060,934,935
9060,935,936
9060,1102,1103
9061,698,699
9061,934,935
9061,1003,1004
9061,1102,1103
9062,698,699
9062,934,935
9062,935,936
9062,1102,1103
9063,873,874
9063,892,893
9063,935,936
9063,1102,1103
9064,873,874
9064,892,893
9064,1102,1103
9064,1144,1145
9065,698,699
9065,740,741
9065,1003,1004
9065,1102,1103
9066,698,699
9066,740,741
9066,935,936
9066,1102,1103
9067,740,741
9067,973,974
9067,1003,1004
9067,1102,1103
9068,973,974
9068,1003,1004
9068,1015,1016
9068,1102,1103
9069,859,860
9069,1015,1016
9069,1102,1103
9069,1144,1145
9070,740,741
9070,935,936
9070,989,990
9070,1102,1103
9071,892,893
9071,935,936
9071,989,990
9071,1102,1103
9072,892,893
9072,989,990
9072,1102,1103
9072,1144,1145
9073,859,860
9073,973,974
9073,1015,1016
9073,1102,1103
9074,740,741
9074,859,860
9074,989,990
9074,1102,1103
9075,859,860
9075,989,990
9075,1102,1103
9075,1144,1145
9076,740,741
9076,958,959
9076,973,974
9076,1102,1103
9077,740,741
9077,859,860
9077,958,959
9077,1102,1103
9078,859,860
9078,958,959
9078,973,974
9078,1102,1103
9079,716,717
9079,880,881
9079,987,988
9079,1020,1021
9080,880,881
9080,918,919
9080,987,988
9080,1020,1021
9081,716,717
9081,880,881
9081,918,919
9081,1020,1021
9082,716,717
9082,987,988
9082,998,999
9082,1020,1021
9083,663,664
9083,716,717
9083,988,989
9083,1020,1021
9084,716,717
9084,988,989
9084,998,999
9084,1020,1021
9085,698,699
9085,987,988
9085,998,999
9085,1020,1021
9086,663,664
9086,935,936
9086,988,989
9086,1020,1021
9087,935,936
9087,988,989
9087,998,999
9087,1020,1021
9088,698,699
9088,935,936
9088,998,999
9088,1020,1021
9089,698,699
9089,709,710
9089,935,936
9089,1020,1021
9090,709,710
9090,951,952
9090,974,975
9090,1020,1021
9091,663,664
9091,951,952
9091,974,975
9091,1020,1021
9092,709,710
9092,935,936
9092,974,975
9092,1020,1021
9093,663,664
9093,935,936
9093,974,975
9093,1020,1021
9094,694,695
9094,716,717
9094,815,816
9094,880,881
9095,694,695
9095,815,816
9095,880,881
9095,918,919
9096,694,695
9096,716,717
9096,880,881
9096,918,919
9097,694,695
9097,788,789
9097,815,816
9097,918,919
9098,694,695
9098,788,789
9098,918,919
9098,951,952
9099,694,695
9099,716,717
9099,918,919
9099,1020,1021
9100,694,695
9100,918,919
9100,951,952
9100,1020,1021
9101,694,695
9101,716,717
9101,798,799
9101,815,816
9102,663,664
9102,694,695
9102,716,717
9102,1020,1021
9103,663,664
9103,694,695
9103,951,952
9103,1020,1021
9104,643,644
9104,694,695
9104,798,799
9104,815,816
9105,643,644
9105,694,695
9105,788,789
9105,815,816
9106,663,664
9106,694,695
9106,716,717
9106,798,799
9107,663,664
9107,694,695
9107,795,796
9107,951,952
9108,643,644
9108,694,695
9108,798,799
9108,868,869
9109,643,644
9109,694,695
9109,788,789
9109,855,856
9110,624,625
9110,694,695
9110,788,789
9110,951,952
9111,624,625
9111,694,695
9111,795,796
9111,951,952
9112,663,664
9112,694,695
9112,798,799
9112,868,869
9113,663,664
9113,694,695
9113,795,796
9113,868,869
9114,643,644
9114,694,695
9114,855,856
9114,868,869
9115,694,695
9115,795,796
9115,855,856
9115,868,869
9116,624,625
9116,694,695
9116,788,789
9116,855,856
9117,624,625
9117,694,695
9117,795,796
9117,855,856
9118,630,631
9118,765,766
9118,788,789
9118,918,919
9119,520,521
9119,630,631
9119,788,789
9119,918,919
9120,520,521
9120,630,631
9120,767,768
9120,788,789
9121,433,434
9121,520,521
9121,630,631
9121,767,768
9122,433,434
9122,520,521
9122,543,544
9122,630,631
9123,465,466
9123,609,610
9123,630,631
9123,702,703
9124,543,544
9124,609,610
9124,630,631
9124,702,703
9125,630,631
9125,765,766
9125,770,771
9125,788,789
9126,630,631
9126,767,768
9126,770,771
9126,788,789
9127,465,466
9127,630,631
9127,765,766
9127,770,771
9128,465,466
9128,630,631
9128,767,768
9128,770,771
9129,465,466
9129,481,482
9129,630,631
9129,767,768
9130,433,434
9130,481,482
9130,630,631
9130,767,768
9131,433,434
9131,481,482
9131,543,544
9131,630,631
9132,465,466
9132,481,482
9132,609,610
9132,630,631
9133,481,482
9133,543,544
9133,609,610
9133,630,631
9134,679,680
9134,778,779
9134,927,928
9134,948,949
9135,644,645
9135,684,685
9135,778,779
9135,927,928
9136,679,680
9136,684,685
9136,778,779
9136,927,928
9137,698,699
9137,927,928
9137,995,996
9137,1003,1004
9138,684,685
9138,698,699
9138,927,928
9138,995,996
9139,801,802
9139,839,840
9139,927,928
9139,948,949
9140,698,699
9140,740,741
9140,927,928
9140,1003,1004
9141,644,645
9141,778,779
9141,839,840
9141,927,928
9142,778,779
9142,839,840
9142,927,928
9142,948,949
9143,644,645
9143,839,840
9143,927,928
9143,1003,1004
9144,644,645
9144,927,928
9144,995,996
9144,1003,1004
9145,644,645
9145,684,685
9145,927,928
9145,995,996
9146,740,741
9146,839,840
9146,927,928
9146,1003,1004
9147,740,741
9147,801,802
9147,839,840
9147,927,928
9148,697,698
9148,702,703
9148,713,714
9148,829,830
9149,540,541
9149,697,698
9149,765,766
9149,904,905
9150,540,541
9150,697,698
9150,754,755
9150,904,905
9151,465,466
9151,630,631
9151,697,698
9151,765,766
9152,465,466
9152,630,631
9152,697,698
9152,702,703
9153,650,651
9153,697,698
9153,712,713
9153,754,755
9154,650,651
9154,697,698
9154,712,713
9154,713,714
9155,540,541
9155,650,651
9155,697,698
9155,754,755
9156,465,466
9156,540,541
9156,697,698
9156,765,766
9157,465,466
9157,697,698
9157,702,703
9157,779,780
9158,697,698
9158,702,703
9158,713,714
9158,779,780
9159,540,541
9159,650,651
9159,697,698
9159,810,811
9160,465,466
9160,540,541
9160,697,698
9160,810,811
9161,650,651
9161,697,698
9161,713,714
9161,810,811
9162,465,466
9162,697,698
9162,779,780
9162,810,811
9163,697,698
9163,713,714
9163,779,780
9163,810,811
9164,543,544
9164,683,684
9164,702,703
9164,803,804
9165,511,512
9165,543,544
9165,683,684
9165,803,804
9166,543,544
9166,630,631
9166,702,703
9166,803,804
9167,683,684
9167,702,703
9167,803,804
9167,829,830
9168,630,631
9168,697,698
9168,702,703
9168,803,804
9169,511,512
9169,520,521
9169,803,804
9169,918,919
9170,520,521
9170,630,631
9170,803,804
9170,918,919
9171,511,512
9171,520,521
9171,543,544
9171,803,804
9172,520,521
9172,543,544
9172,630,631
9172,803,804
9173,630,631
9173,765,766
9173,803,804
9173,918,919
9174,630,631
9174,697,698
9174,765,766
9174,803,804
9175,511,512
9175,803,804
9175,918,919
9175,987,988
9176,886,887
9176,1040,1041
9176,1114,1115
9176,1120,1121
9177,1040,1041
9177,1114,1115
9177,1136,1137
9177,1189,1190
9178,886,887
9178,1040,1041
9178,1114,1115
9178,1136,1137
9179,886,887
9179,959,960
9179,1040,1041
9179,1120,1121
9180,886,887
9180,959,960
9180,1040,1041
9180,1136,1137
9181,1040,1041
9181,1127,1128
9181,1189,1190
9181,1242,1243
9182,1040,1041
9182,1114,1115
9182,1127,1128
9182,1189,1190
9183,1040,1041
9183,1189,1190
9183,1208,1209
9183,1242,1243
9184,1031,1032
9184,1040,1041
9184,1114,1115
9184,1120,1121
9185,1031,1032
9185,1040,1041
9185,1127,1128
9185,1242,1243
9186,1031,1032
9186,1040,1041
9186,1114,1115
9186,1127,1128
9187,1040,1041
9187,1055,1056
9187,1208,1209
9187,1242,1243
9188,1031,1032
9188,1040,1041
9188,1055,1056
9188,1242,1243
9189,1040,1041
9189,1068,1069
9189,1136,1137
9189,1189,1190
9190,959,960
9190,1040,1041
9190,1068,1069
9190,1208,1209
9191,959,960
9191,1040,1041
9191,1068,1069
9191,1136,1137
9192,959,960
9192,1040,1041
9192,1183,1184
9192,1208,1209
9193,1040,1041
9193,1055,1056
9193,1183,1184
9193,1208,1209
9194,1031,1032
9194,1040,1041
9194,1055,1056
9194,1346,1347
9195,1040,1041
9195,1055,1056
9195,1120,1121
9195,1346,1347
9196,1031,1032
9196,1040,1041
9196,1120,1121
9196,1346,1347
9197,1040,1041
9197,1068,1069
9197,1189,1190
9197,1316,1317
9198,1040,1041
9198,1068,1069
9198,1208,1209
9198,1316,1317
9199,1040,1041
9199,1189,1190
9199,1208,1209
9199,1316,1317
9200,1055,1056
9200,1064,1065
9200,1208,1209
9200,1329,1330
9201,1039,1040
9201,1055,1056
9201,1064,1065
9201,1329,1330
9202,1055,1056
9202,1208,1209
9202,1242,1243
9202,1329,1330
9203,1055,1056
9203,1242,1243
9203,1325,1326
9203,1329,1330
9204,1039,1040
9204,1055,1056
9204,1325,1326
9204,1329,1330
9205,1064,1065
9205,1206,1207
9205,1208,1209
9205,1329,1330
9206,1064,1065
9206,1206,1207
9206,1329,1330
9206,1448,1449
9207,1064,1065
9207,1311,1312
9207,1329,1330
9207,1448,1449
9208,1039,1040
9208,1064,1065
9208,1311,1312
9208,1329,1330
9209,1039,1040
9209,1311,1312
9209,1329,1330
9209,1448,1449
9210,1039,1040
9210,1325,1326
9210,1329,1330
9210,1448,1449
9211,1242,1243
9211,1325,1326
9211,1329,1330
9211,1595,1596
9212,1325,1326
9212,1329,1330
9212,1448,1449
9212,1595,1596
9213,1206,1207
9213,1232,1233
9213,1329,1330
9213,1560,1561
9214,1206,1207
9214,1329,1330
9214,1448,1449
9214,1560,1561
9215,1232,1233
9215,1329,1330
9215,1415,1416
9215,1595,1596
9216,1329,1330
9216,1415,1416
9216,1448,1449
9216,1595,1596
9217,1206,1207
9217,1232,1233
9217,1316,1317
9217,1329,1330
9218,1206,1207
9218,1208,1209
9218,1316,1317
9218,1329,1330
9219,1232,1233
9219,1242,1243
9219,1316,1317
9219,1329,1330
9220,1208,1209
9220,1242,1243
9220,1316,1317
9220,1329,1330
9221,1148,1149
9221,1232,1233
9221,1242,1243
9221,1329,1330
9222,1148,1149
9222,1232,1233
9222,1329,1330
9222,1595,1596
9223,1148,1149
9223,1242,1243
9223,1329,1330
9223,1595,1596
9224,1232,1233
9224,1329,1330
9224,1415,1416
9224,1560,1561
9225,1329,1330
9225,1415,1416
9225,1448,1449
9225,1560,1561
9226,659,660
9226,796,797
9226,869,870
9226,874,875
9227,659,660
9227,796,797
9227,843,844
9227,874,875
9228,796,797
9228,843,844
9228,856,857
9228,874,875
9229,773,774
9229,796,797
9229,869,870
9229,874,875
9230,659,660
9230,796,797
9230,843,844
9230,981,982
9231,659,660
9231,756,757
9231,796,797
9231,981,982
9232,659,660
9232,756,757
9232,796,797
9232,869,870
9233,796,797
9233,856,857
9233,874,875
9233,939,940
9234,796,797
9234,843,844
9234,980,981
9234,981,982
9235,796,797
9235,843,844
9235,856,857
9235,980,981
9236,772,773
9236,796,797
9236,874,875
9236,939,940
9237,772,773
9237,773,774
9237,796,797
9237,874,875
9238,454,455
9238,615,616
9238,629,630
9238,726,727
9239,443,444
9239,454,455
9239,582,583
9239,629,630
9240,443,444
9240,452,453
9240,582,583
9240,629,630
9241,443,444
9241,454,455
9241,629,630
9241,726,727
9242,443,444
9242,452,453
9242,629,630
9242,726,727
9243,582,583
9243,629,630
9243,651,652
9243,779,780
9244,454,455
9244,582,583
9244,629,630
9244,651,652
9245,454,455
9245,615,616
9245,629,630
9245,651,652
9246,452,453
9246,629,630
9246,713,714
9246,726,727
9247,609,610
9247,629,630
9247,651,652
9247,779,780
9248,609,610
9248,615,616
9248,629,630
9248,651,652
9249,629,630
9249,702,703
9249,713,714
9249,779,780
9250,609,610
9250,629,630
9250,702,703
9250,779,780
9251,609,610
9251,615,616
9251,629,630
9251,702,703
9252,452,453
9252,553,554
9252,582,583
9252,629,630
9253,452,453
9253,553,554
9253,629,630
9253,713,714
9254,615,616
9254,629,630
9254,702,703
9254,726,727
9255,553,554
9255,582,583
9255,629,630
9255,779,780
9256,553,554
9256,629,630
9256,713,714
9256,779,780
9257,629,630
9257,702,703
9257,726,727
9257,829,830
9258,629,630
9258,702,703
9258,713,714
9258,829,830
9259,629,630
9259,713,714
9259,726,727
9259,829,830
9260,865,866
9260,991,992
9260,1080,1081
9260,1132,1133
9261,863,864
9261,865,866
9261,991,992
9261,1132,1133
9262,863,864
9262,991,992
9262,1132,1133
9262,1158,1159
9263,865,866
9263,942,943
9263,1080,1081
9263,1132,1133
9264,899,900
9264,991,992
9264,1080,1081
9264,1132,1133
9265,899,900
9265,991,992
9265,1132,1133
9265,1158,1159
9266,899,900
9266,1132,1133
9266,1140,1141
9266,1158,1159
9267,1005,1006
9267,1132,1133
9267,1140,1141
9267,1158,1159
9268,863,864
9268,1005,1006
9268,1132,1133
9268,1158,1159
9269,899,900
9269,978,979
9269,1080,1081
9269,1132,1133
9270,899,900
9270,978,979
9270,1132,1133
9270,1140,1141
9271,1005,1006
9271,1132,1133
9271,1140,1141
9271,1176,1177
9272,942,943
9272,1132,1133
9272,1176,1177
9272,1324,1325
9273,942,943
9273,1080,1081
9273,1132,1133
9273,1324,1325
9274,1132,1133
9274,1140,1141
9274,1176,1177
9274,1324,1325
9275,942,943
9275,1094,1095
9275,1132,1133
9275,1176,1177
9276,865,866
9276,942,943
9276,1094,1095
9276,1132,1133
9277,978,979
9277,1080,1081
9277,1132,1133
9277,1324,1325
9278,978,979
9278,1132,1133
9278,1140,1141
9278,1324,1325
9279,1005,1006
9279,1132,1133
9279,1155,1156
9279,1176,1177
9280,863,864
9280,1005,1006
9280,1132,1133
9280,1155,1156
9281,1094,1095
9281,1132,1133
9281,1155,1156
9281,1176,1177
9282,863,864
9282,1094,1095
9282,1132,1133
9282,1155,1156
9283,863,864
9283,865,866
9283,1009,1010
9283,1132,1133
9284,863,864
9284,1009,1010
9284,1094,1095
9284,1132,1133
9285,865,866
9285,1009,1010
9285,1094,1095
9285,1132,1133
9286,895,896
9286,1101,1102
9286,1137,1138
9286,1205,1206
9287,895,896
9287,1137,1138
9287,1182,1183
9287,1205,1206
9288,895,896
9288,1092,1093
9288,1137,1138
9288,1182,1183
9289,876,877
9289,895,896
9289,1074,1075
9289,1101,1102
9290,895,896
9290,1074,1075
9290,1101,1102
9290,1137,1138
9291,895,896
9291,1092,1093
9291,1160,1161
9291,1182,1183
9292,828,829
9292,895,896
9292,1092,1093
9292,1160,1161
9293,895,896
9293,1074,1075
9293,1092,1093
9293,1137,1138
9294,828,829
9294,876,877
9294,895,896
9294,1074,1075
9295,828,829
9295,895,896
9295,1074,1075
9295,1092,1093
9296,841,842
9296,959,960
9296,1042,1043
9296,1096,1097
9297,841,842
9297,959,960
9297,1042,1043
9297,1183,1184
9298,959,960
9298,1042,1043
9298,1096,1097
9298,1120,1121
9299,959,960
9299,1040,1041
9299,1042,1043
9299,1183,1184
9300,959,960
9300,1040,1041
9300,1042,1043
9300,1120,1121
9301,1042,1043
9301,1096,1097
9301,1120,1121
9301,1185,1186
9302,1040,1041
9302,1042,1043
9302,1055,1056
9302,1183,1184
9303,1040,1041
9303,1042,1043
9303,1055,1056
9303,1120,1121
9304,1042,1043
9304,1096,1097
9304,1163,1164
9304,1185,1186
9305,841,842
9305,1042,1043
9305,1096,1097
9305,1163,1164
9306,1042,1043
9306,1055,1056
9306,1183,1184
9306,1331,1332
9307,897,898
9307,1042,1043
9307,1163,1164
9307,1185,1186
9308,841,842
9308,897,898
9308,1042,1043
9308,1163,1164
9309,1042,1043
9309,1120,1121
9309,1185,1186
9309,1346,1347
9310,1042,1043
9310,1055,1056
9310,1120,1121
9310,1346,1347
9311,897,898
9311,1042,1043
9311,1185,1186
9311,1196,1197
9312,1042,1043
9312,1046,1047
9312,1185,1186
9312,1346,1347
9313,1042,1043
9313,1046,1047
9313,1331,1332
9313,1346,1347
9314,1042,1043
9314,1055,1056
9314,1331,1332
9314,1346,1347
9315,1042,1043
9315,1046,1047
9315,1185,1186
9315,1196,1197
9316,1042,1043
9316,1046,1047
9316,1196,1197
9316,1331,1332
9317,841,842
9317,1066,1067
9317,1152,1153
9317,1183,1184
9318,1066,1067
9318,1113,1114
9318,1152,1153
9318,1183,1184
9319,873,874
9319,1066,1067
9319,1106,1107
9319,1152,1153
9320,841,842
9320,873,874
9320,1066,1067
9320,1152,1153
9321,1066,1067
9321,1106,1107
9321,1152,1153
9321,1161,1162
9322,1066,1067
9322,1113,1114
9322,1152,1153
9322,1161,1162
9323,897,898
9323,1106,1107
9323,1152,1153
9323,1196,1197
9324,841,842
9324,1042,1043
9324,1152,1153
9324,1183,1184
9325,873,874
9325,897,898
9325,1106,1107
9325,1152,1153
9326,841,842
9326,873,874
9326,897,898
9326,1152,1153
9327,900,901
9327,1106,1107
9327,1152,1153
9327,1196,1197
9328,900,901
9328,1106,1107
9328,1152,1153
9328,1161,1162
9329,900,901
9329,1113,1114
9329,1152,1153
9329,1161,1162
9330,897,898
9330,1042,1043
9330,1152,1153
9330,1196,1197
9331,841,842
9331,897,898
9331,1042,1043
9331,1152,1153
9332,900,901
9332,1152,1153
9332,1196,1197
9332,1331,1332
9333,900,901
9333,1113,1114
9333,1152,1153
9333,1331,1332
9334,1042,1043
9334,1152,1153
9334,1196,1197
9334,1331,1332
9335,1113,1114
9335,1152,1153
9335,1183,1184
9335,1331,1332
9336,1042,1043
9336,1152,1153
9336,1183,1184
9336,1331,1332
9337,697,698
9337,701,702
9337,765,766
9337,904,905
9338,697,698
9338,701,702
9338,765,766
9338,803,804
9339,701,702
9339,740,741
9339,801,802
9339,904,905
9340,701,702
9340,740,741
9340,801,802
9340,927,928
9341,698,699
9341,701,702
9341,740,741
9341,927,928
9342,701,702
9342,765,766
9342,803,804
9342,918,919
9343,701,702
9343,709,710
9343,740,741
9343,904,905
9344,698,699
9344,701,702
9344,709,710
9344,740,741
9345,701,702
9345,803,804
9345,918,919
9345,987,988
9346,701,702
9346,765,766
9346,904,905
9346,951,952
9347,701,702
9347,765,766
9347,918,919
9347,951,952
9348,698,699
9348,701,702
9348,709,710
9348,1020,1021
9349,701,702
9349,918,919
9349,951,952
9349,1020,1021
9350,698,699
9350,701,702
9350,987,988
9350,1020,1021
9351,701,702
9351,918,919
9351,987,988
9351,1020,1021
9352,701,702
9352,709,710
9352,904,905
9352,951,952
9353,701,702
9353,709,710
9353,951,952
9353,1020,1021
9354,683,684
9354,731,732
9354,789,790
9354,829,830
9355,683,684
9355,731,732
9355,803,804
9355,829,830
9356,679,680
9356,731,732
9356,789,790
9356,829,830
9357,511,512
9357,683,684
9357,731,732
9357,789,790
9358,511,512
9358,683,684
9358,731,732
9358,803,804
9359,679,680
9359,684,685
9359,731,732
9359,789,790
9360,511,512
9360,731,732
9360,803,804
9360,987,988
9361,679,680
9361,684,685
9361,731,732
9361,927,928
9362,511,512
9362,731,732
9362,746,747
9362,987,988
9363,511,512
9363,731,732
9363,746,747
9363,789,790
9364,684,685
9364,731,732
9364,746,747
9364,789,790
9365,701,702
9365,731,732
9365,803,804
9365,987,988
9366,684,685
9366,698,699
9366,731,732
9366,746,747
9367,684,685
9367,698,699
9367,731,732
9367,927,928
9368,698,699
9368,731,732
9368,746,747
9368,987,988
9369,698,699
9369,701,702
9369,731,732
9369,987,988
9370,698,699
9370,701,702
9370,731,732
9370,927,928
9371,674,675
9371,731,732
9371,803,804
9371,829,830
9372,674,675
9372,697,698
9372,702,703
9372,829,830
9373,674,675
9373,702,703
9373,803,804
9373,829,830
9374,674,675
9374,697,698
9374,702,703
9374,803,804
9375,674,675
9375,697,698
9375,701,702
9375,803,804
9376,674,675
9376,701,702
9376,731,732
9376,803,804
9377,674,675
9377,701,702
9377,731,732
9377,927,928
9378,674,675
9378,712,713
9378,775,776
9378,948,949
9379,674,675
9379,697,698
9379,713,714
9379,829,830
9380,674,675
9380,697,698
9380,712,713
9380,713,714
9381,674,675
9381,712,713
9381,801,802
9381,948,949
9382,674,675
9382,679,680
9382,927,928
9382,948,949
9383,674,675
9383,679,680
9383,731,732
9383,829,830
9384,674,675
9384,679,680
9384,731,732
9384,927,928
9385,674,675
9385,679,680
9385,775,776
9385,829,830
9386,674,675
9386,679,680
9386,775,776
9386,948,949
9387,674,675
9387,713,714
9387,775,776
9387,829,830
9388,674,675
9388,712,713
9388,713,714
9388,775,776
9389,674,675
9389,712,713
9389,754,755
9389,801,802
9390,674,675
9390,697,698
9390,712,713
9390,754,755
9391,674,675
9391,801,802
9391,927,928
9391,948,949
9392,674,675
9392,701,702
9392,801,802
9392,927,928
9393,674,675
9393,701,702
9393,801,802
9393,904,905
9394,674,675
9394,697,698
9394,701,702
9394,904,905
9395,674,675
9395,754,755
9395,801,802
9395,904,905
9396,674,675
9396,697,698
9396,754,755
9396,904,905
