<?xml version="1.0"?>
<VTKFile type="PolyData" version="0.1" byte_order="LittleEndian">
  <PolyData>
    <Piece NumberOfPoints="1850" NumberOfVerts="0" NumberOfLines="4170" NumberOfStrips="0" NumberOfPolys="0">
      <PointData><DataArray type="Int64" Name="particle_id" NumberOfComponents="1" format="ascii">
1 2 3 4 5 6 7 8 9 10 11 12 13 14 15 16 17 18 19 20 21 22 23 24 25 26 27 28 29 30 31 32 33 34 35 36 37 38 39 40 41 42 43 44 45 46 47 48 49 50 51 52 53 54 55 56 57 58 59 60 61 62 63 64 65 66 67 68 69 70 71 72 73 74 75 76 77 78 79 80 81 82 83 84 85 86 87 88 89 90 91 92 93 94 95 96 97 98 99 100 101 102 103 104 105 106 107 108 109 110 111 112 113 114 115 116 117 118 119 120 121 122 123 124 125 126 127 128 129 130 131 132 133 134 135 136 137 138 139 140 141 142 143 144 145 146 147 148 149 150 151 152 153 154 155 156 157 158 159 160 161 162 163 164 165 166 167 168 169 170 171 172 173 174 175 176 177 178 179 180 181 182 183 184 185 186 187 188 189 190 191 192 193 194 195 196 197 198 199 200 201 202 203 204 205 206 207 208 209 210 211 212 213 214 215 216 217 218 219 220 221 222 223 224 225 226 227 228 229 230 231 232 233 234 235 236 237 238 239 240 241 242 243 244 245 246 247 248 249 250 251 252 253 254 255 256 257 258 259 260 261 262 263 264 265 266 267 268 269 270 271 272 273 274 275 276 277 278 279 280 281 282 283 284 285 286 287 288 289 290 291 292 293 294 295 296 297 298 299 300 301 302 303 304 305 306 307 308 309 310 311 312 313 314 315 316 317 318 319 320 321 322 323 324 325 326 327 328 329 330 331 332 333 334 335 336 337 338 339 340 341 342 343 344 345 346 347 348 349 350 351 352 353 354 355 356 357 358 359 360 361 362 363 364 365 366 367 368 369 370 371 372 373 374 375 376 377 378 379 380 381 382 383 384 385 386 387 388 389 390 391 392 393 394 395 396 397 398 399 400 401 402 403 404 405 406 407 408 409 410 411 412 413 414 415 416 417 418 419 420 421 422 423 424 425 426 427 428 429 430 431 432 433 434 435 436 437 438 439 440 441 442 443 444 445 446 447 448 449 450 451 452 453 454 455 456 457 458 459 460 461 462 463 464 465 466 467 468 469 470 471 472 473 474 475 476 477 478 479 480 481 482 483 484 485 486 487 488 489 490 491 492 493 494 495 496 497 498 499 500 501 502 503 504 505 506 507 508 509 510 511 512 513 514 515 516 517 518 519 520 521 522 523 524 525 526 527 528 529 530 531 532 533 534 535 536 537 538 539 540 541 542 543 544 545 546 547 548 549 550 551 552 553 554 555 556 557 558 559 560 561 562 563 564 565 566 567 568 569 570 571 572 573 574 575 576 577 578 579 580 581 582 583 584 585 586 587 588 589 590 591 592 593 594 595 596 597 598 599 600 601 602 603 604 605 606 607 608 609 610 611 612 613 614 615 616 617 618 619 620 621 622 623 624 625 626 627 628 629 630 631 632 633 634 635 636 637 638 639 640 641 642 643 644 645 646 647 648 649 650 651 652 653 654 655 656 657 658 659 660 661 662 663 664 665 666 667 668 669 670 671 672 673 674 675 676 677 678 679 680 681 682 683 684 685 686 687 688 689 690 691 692 693 694 695 696 697 698 699 700 701 702 703 704 705 706 707 708 709 710 711 712 713 714 715 716 717 718 719 720 721 722 723 724 725 726 727 728 729 730 731 732 733 734 735 736 737 738 739 740 741 742 743 744 745 746 747 748 749 750 751 752 753 754 755 756 757 758 759 760 761 762 763 764 765 766 767 768 769 770 771 772 773 774 775 776 777 778 779 780 781 782 783 784 785 786 787 788 789 790 791 792 793 794 795 796 797 798 799 800 801 802 803 804 805 806 807 808 809 810 811 812 813 814 815 816 817 818 819 820 821 822 823 824 825 826 827 828 829 830 831 832 833 834 835 836 837 838 839 840 841 842 843 844 845 846 847 848 849 850 851 852 853 854 855 856 857 858 859 860 861 862 863 864 865 866 867 868 869 870 871 872 873 874 875 876 877 878 879 880 881 882 883 884 885 886 887 888 889 890 891 892 893 894 895 896 897 898 899 900 901 902 903 904 905 906 907 908 909 910 911 912 913 914 915 916 917 918 919 920 921 922 923 924 925 926 927 928 929 930 931 932 933 934 935 936 937 938 939 940 941 942 943 944 945 946 947 948 949 950 951 952 953 954 955 956 957 958 959 960 961 962 963 964 965 966 967 968 969 970 971 972 973 974 975 976 977 978 979 980 981 982 983 984 985 986 987 988 989 990 991 992 993 994 995 996 997 998 999 1000 1001 1002 1003 1004 1005 1006 1007 1008 1009 1010 1011 1012 1013 1014 1015 1016 1017 1018 1019 1020 1021 1022 1023 1024 1025 1026 1027 1028 1029 1030 1031 1032 1033 1034 1035 1036 1037 1038 1039 1040 1041 1042 1043 1044 1045 1046 1047 1048 1049 1050 1051 1052 1053 1054 1055 1056 1057 1058 1059 1060 1061 1062 1063 1064 1065 1066 1067 1068 1069 1070 1071 1072 1073 1074 1075 1076 1077 1078 1079 1080 1081 1082 1083 1084 1085 1086 1087 1088 1089 1090 1091 1092 1093 1094 1095 1096 1097 1098 1099 1100 1101 1102 1103 1104 1105 1106 1107 1108 1109 1110 1111 1112 1113 1114 1115 1116 1117 1118 1119 1120 1121 1122 1123 1124 1125 1126 1127 1128 1129 1130 1131 1132 1133 1134 1135 1136 1137 1138 1139 1140 1141 1142 1143 1144 1145 1146 1147 1148 1149 1150 1151 1152 1153 1154 1155 1156 1157 1158 1159 1160 1161 1162 1163 1164 1165 1166 1167 1168 1169 1170 1171 1172 1173 1174 1175 1176 1177 1178 1179 1180 1181 1182 1183 1184 1185 1186 1187 1188 1189 1190 1191 1192 1193 1194 1195 1196 1197 1198 1199 1200 1201 1202 1203 1204 1205 1206 1207 1208 1209 1210 1211 1212 1213 1214 1215 1216 1217 1218 1219 1220 1221 1222 1223 1224 1225 1226 1227 1228 1229 1230 1231 1232 1233 1234 1235 1236 1237 1238 1239 1240 1241 1242 1243 1244 1245 1246 1247 1248 1249 1250 1251 1252 1253 1254 1255 1256 1257 1258 1259 1260 1261 1262 1263 1264 1265 1266 1267 1268 1269 1270 1271 1272 1273 1274 1275 1276 1277 1278 1279 1280 1281 1282 1283 1284 1285 1286 1287 1288 1289 1290 1291 1292 1293 1294 1295 1296 1297 1298 1299 1300 1301 1302 1303 1304 1305 1306 1307 1308 1309 1310 1311 1312 1313 1314 1315 1316 1317 1318 1319 1320 1321 1322 1323 1324 1325 1326 1327 1328 1329 1330 1331 1332 1333 1334 1335 1336 1337 1338 1339 1340 1341 1342 1343 1344 1345 1346 1347 1348 1349 1350 1351 1352 1353 1354 1355 1356 1357 1358 1359 1360 1361 1362 1363 1364 1365 1366 1367 1368 1369 1370 1371 1372 1373 1374 1375 1376 1377 1378 1379 1380 1381 1382 1383 1384 1385 1386 1387 1388 1389 1390 1391 1392 1393 1394 1395 1396 1397 1398 1399 1400 1401 1402 1403 1404 1405 1406 1407 1408 1409 1410 1411 1412 1413 1414 1415 1416 1417 1418 1419 1420 1421 1422 1423 1424 1425 1426 1427 1428 1429 1430 1431 1432 1433 1434 1435 1436 1437 1438 1439 1440 1441 1442 1443 1444 1445 1446 1447 1448 1449 1450 1451 1452 1453 1454 1455 1456 1457 1458 1459 1460 1461 1462 1463 1464 1465 1466 1467 1468 1469 1470 1471 1472 1473 1474 1475 1476 1477 1478 1479 1480 1481 1482 1483 1484 1485 1486 1487 1488 1489 1490 1491 1492 1493 1494 1495 1496 1497 1498 1499 1500 1501 1502 1503 1504 1505 1506 1507 1508 1509 1510 1511 1512 1513 1514 1515 1516 1517 1518 1519 1520 1521 1522 1523 1524 1525 1526 1527 1528 1529 1530 1531 1532 1533 1534 1535 1536 1537 1538 1539 1540 1541 1542 1543 1544 1545 1546 1547 1548 1549 1550 1551 1552 1553 1554 1555 1556 1557 1558 1559 1560 1561 1562 1563 1564 1565 1566 1567 1568 1569 1570 1571 1572 1573 1574 1575 1576 1577 1578 1579 1580 1581 1582 1583 1584 1585 1586 1587 1588 1589 1590 1591 1592 1593 1594 1595 1596 1597 1598 1599 1600 1601 1602 1603 1604 1605 1606 1607 1608 1609 1610 1611 1612 1613 1614 1615 1616 1617 1618 1619 1620 1621 1622 1623 1624 1625 1626 1627 1628 1629 1630 1631 1632 1633 1634 1635 1636 1637 1638 1639 1640 1641 1642 1643 1644 1645 1646 1647 1648 1649 1650 1651 1652 1653 1654 1655 1656 1657 1658 1659 1660 1661 1662 1663 1664 1665 1666 1667 1668 1669 1670 1671 1672 1673 1674 1675 1676 1677 1678 1679 1680 1681 1682 1683 1684 1685 1686 1687 1688 1689 1690 1691 1692 1693 1694 1695 1696 1697 1698 1699 1700 1701 1702 1703 1704 1705 1706 1707 1708 1709 1710 1711 1712 1713 1714 1715 1716 1717 1718 1719 1720 1721 1722 1723 1724 1725 1726 1727 1728 1729 1730 1731 1732 1733 1734 1735 1736 1737 1738 1739 1740 1741 1742 1743 1744 1745 1746 1747 1748 1749 1750 1751 1752 1753 1754 1755 1756 1757 1758 1759 1760 1761 1762 1763 1764 1765 1766 1767 1768 1769 1770 1771 1772 1773 1774 1775 1776 1777 1778 1779 1780 1781 1782 1783 1784 1785 1786 1787 1788 1789 1790 1791 1792 1793 1794 1795 1796 1797 1798 1799 1800 1801 1802 1803 1804 1805 1806 1807 1808 1809 1810 1811 1812 1813 1814 1815 1816 1817 1818 1819 1820 1821 1822 1823 1824 1825 1826 1827 1828 1829 1830 1831 1832 1833 1834 1835 1836 1837 1838 1839 1840 1841 1842 1843 1844 1845 1846 1847 1848 1849 1850
</DataArray></PointData>
      <CellData>
        <DataArray type="Int64" Name="particle_1" NumberOfComponents="1" format="ascii">
1 1 1 1 2 2 2 3 3 3 4 4 4 4 4 5 5 5 6 6 6 6 6 7 7 7 8 8 8 8 8 9 9 9 9 10 10 10 10 10 10 10 11 11 11 11 11 13 14 14 14 14 14 14 15 15 15 15 16 16 16 16 17 17 17 17 18 18 18 18 19 19 19 19 19 20 20 20 20 20 20 21 21 21 21 21 22 22 22 22 23 24 24 25 25 25 26 26 27 27 28 28 29 29 30 30 30 30 31 31 31 32 32 32 33 33 33 33 33 34 34 34 35 35 35 36 36 36 37 37 37 38 38 38 38 38 39 39 39 39 39 40 40 40 40 41 41 41 41 41 41 42 42 42 42 43 43 43 43 44 44 44 44 44 44 45 45 45 45 45 46 46 46 46 48 48 48 48 48 49 49 49 49 50 50 50 50 50 51 51 52 52 52 52 53 53 53 54 54 54 55 55 55 55 55 55 55 56 56 56 57 57 57 57 57 58 58 58 60 60 61 61 61 61 61 61 62 62 62 62 63 63 63 64 64 64 64 65 65 65 65 65 66 66 66 67 67 67 67 67 68 68 68 68 69 69 69 69 69 70 70 70 70 71 71 71 72 72 72 72 72 73 73 73 74 74 74 74 75 75 75 76 76 77 77 77 77 77 78 78 78 78 78 79 79 79 80 80 80 81 81 81 82 82 82 83 83 83 83 83 84 84 84 84 85 85 85 85 85 86 86 86 86 87 87 88 88 88 89 89 90 90 90 90 90 91 91 91 91 91 92 92 93 93 94 95 95 95 95 95 95 96 96 96 96 96 96 97 97 98 98 98 98 99 100 101 101 101 101 101 101 102 102 102 102 102 103 103 103 103 103 104 105 105 105 106 106 107 107 107 108 108 108 109 109 109 109 109 109 110 110 110 110 110 110 111 112 113 113 113 114 114 114 115 115 116 116 116 116 116 117 117 117 118 118 118 118 119 119 119 120 122 122 123 123 124 125 125 125 126 126 126 127 127 128 128 129 129 130 130 130 130 130 130 131 131 131 133 133 133 134 134 135 135 135 135 136 137 138 138 139 139 140 140 141 141 141 142 142 142 144 145 145 145 146 147 148 148 148 148 149 149 149 150 151 151 152 153 154 154 155 155 156 156 156 156 157 157 157 158 158 158 159 159 160 160 161 162 163 164 164 164 164 166 166 166 167 168 169 171 173 174 174 174 175 175 176 177 177 177 177 178 178 179 179 180 180 180 181 181 183 183 183 183 183 185 185 185 186 186 186 187 188 188 188 188 189 190 190 192 192 192 192 193 195 196 196 196 198 198 200 200 200 201 201 202 202 202 204 205 206 206 206 206 207 208 208 208 208 210 210 211 211 211 214 214 216 216 217 219 220 222 223 225 225 225 225 227 227 228 228 231 231 233 233 236 241 242 242 242 242 243 243 244 244 244 244 244 245 245 245 246 246 246 246 246 247 247 247 247 247 247 247 247 248 248 248 249 249 249 249 250 250 250 250 251 251 251 251 251 252 252 252 252 252 253 253 253 253 253 254 254 254 254 256 256 257 257 258 259 259 259 260 260 260 260 260 261 261 261 261 262 262 262 262 262 263 263 263 263 264 264 264 264 265 265 265 267 268 268 270 270 270 270 270 271 271 271 271 272 272 272 272 274 274 274 275 276 276 276 277 277 278 278 278 278 278 278 278 279 279 279 279 279 281 281 281 281 281 281 283 284 284 285 285 285 286 286 288 289 289 289 290 290 291 291 291 291 291 291 292 292 293 293 293 293 293 294 294 294 296 296 296 296 297 297 297 297 298 298 298 298 299 299 299 300 300 300 300 300 301 301 301 301 302 302 302 303 303 303 304 305 306 306 306 306 307 307 307 307 307 307 307 308 308 309 309 310 310 310 310 310 311 311 312 312 312 313 313 313 313 314 314 315 315 315 315 316 316 316 316 316 317 317 317 317 317 317 318 319 319 320 320 322 322 322 322 322 323 323 323 324 324 324 325 326 326 326 326 327 327 327 327 329 329 329 330 330 330 333 333 333 333 333 334 334 334 335 336 337 338 338 339 339 339 340 340 340 342 342 342 342 343 344 345 345 345 346 346 347 347 347 348 348 348 348 349 349 349 351 351 353 353 353 353 355 356 356 356 356 356 357 357 358 359 359 359 360 360 360 360 360 360 361 361 361 362 362 363 363 363 363 363 364 365 365 365 365 365 365 366 366 366 366 366 367 367 368 369 369 369 369 370 372 372 375 375 376 376 377 378 379 380 380 380 380 381 381 382 383 383 384 384 384 387 387 387 388 388 389 389 390 390 390 391 392 392 393 393 393 393 394 395 395 396 396 397 397 398 398 398 398 399 401 401 403 403 405 407 407 408 408 408 409 409 412 412 412 412 413 413 414 415 415 415 415 415 415 416 416 417 421 422 424 427 427 428 428 429 429 430 431 432 432 434 434 434 439 439 440 440 442 442 443 443 443 444 445 445 445 445 448 448 449 450 450 451 451 452 452 453 454 455 455 461 461 463 463 463 463 465 465 466 467 467 467 467 468 468 468 468 468 469 469 469 470 470 470 470 470 470 470 471 471 471 472 472 472 472 472 473 473 474 474 474 474 474 475 475 475 476 477 477 477 477 477 478 478 478 478 478 479 479 479 479 480 481 481 481 481 481 482 482 482 482 483 483 483 483 484 484 484 485 485 486 486 486 487 487 487 487 487 488 488 488 489 489 489 490 490 491 491 491 492 492 492 493 493 494 495 495 495 495 495 495 496 496 496 496 496 497 497 497 497 498 498 499 499 500 500 500 500 501 502 502 503 503 503 503 503 505 505 505 505 505 505 506 506 506 506 507 507 508 508 508 509 509 509 509 509 509 510 510 510 511 511 511 512 512 512 512 512 512 512 513 513 513 514 514 514 514 515 515 516 516 518 518 518 518 518 519 520 520 520 520 521 521 521 521 522 522 523 523 523 524 524 524 524 525 525 525 525 525 526 526 526 526 527 527 528 528 528 528 529 529 530 531 532 532 532 532 532 533 533 534 534 535 536 537 537 538 538 538 538 539 539 539 540 540 540 540 541 542 542 543 543 543 543 545 545 546 548 548 549 549 550 551 551 551 552 552 552 552 552 553 553 553 554 554 554 559 559 559 559 559 559 560 560 560 561 561 561 561 562 562 562 562 563 563 563 564 564 564 564 565 565 566 567 567 567 567 568 568 569 569 569 569 569 570 571 572 572 572 572 572 574 575 576 576 576 576 576 577 577 578 578 578 579 579 580 581 583 583 583 583 583 584 585 585 586 586 586 587 588 588 589 589 590 590 590 591 592 593 593 593 594 594 594 596 597 598 599 599 599 601 601 603 603 603 604 604 607 607 607 608 608 608 608 609 609 610 610 610 610 610 611 611 613 613 613 614 614 614 615 615 616 616 617 617 617 617 617 617 619 620 620 621 625 626 627 629 629 629 631 631 631 632 632 632 632 632 633 633 633 633 635 636 636 636 637 637 638 638 642 642 642 642 643 643 643 643 644 644 644 644 644 645 645 645 645 645 645 645 645 646 646 646 646 647 647 648 648 648 648 648 649 649 649 649 649 650 650 650 651 651 651 652 652 652 652 652 652 653 653 653 654 654 654 654 655 655 655 655 656 656 656 657 657 658 658 658 659 659 659 659 660 660 660 660 660 661 661 661 661 661 662 663 663 664 664 665 666 666 666 666 667 667 668 668 668 668 669 669 669 670 670 670 670 671 671 671 671 672 672 672 672 672 672 673 673 673 674 674 675 675 675 676 676 676 676 677 677 677 678 678 678 679 679 680 680 680 680 680 681 681 682 682 683 683 683 683 684 684 684 684 684 684 685 685 685 686 686 686 687 688 688 688 689 689 689 689 690 690 691 691 692 692 692 693 693 693 693 693 694 694 694 695 695 696 696 696 696 696 696 696 698 698 699 699 699 699 701 701 701 701 702 702 703 703 704 704 705 705 706 706 706 707 708 708 708 708 708 708 709 709 710 710 711 711 711 711 712 712 712 712 712 712 713 713 713 713 713 714 714 714 714 714 714 715 715 716 716 716 717 717 717 718 718 719 719 719 720 720 720 721 721 721 722 722 722 722 722 723 723 724 725 725 725 726 726 726 726 727 727 727 728 728 728 728 728 729 731 731 731 732 733 733 734 734 734 735 735 735 736 736 737 737 737 737 737 737 738 738 739 739 739 739 739 739 739 741 741 742 742 743 743 744 744 745 745 745 746 747 748 749 749 749 749 749 749 750 750 751 751 751 752 752 753 753 754 754 755 755 755 755 756 756 756 756 757 757 757 758 759 759 759 761 761 764 764 764 765 765 765 765 768 768 770 770 770 770 772 772 772 773 773 773 775 775 775 776 776 777 778 778 778 779 779 779 780 782 784 785 785 787 788 789 791 791 791 792 794 795 801 802 802 802 802 803 807 807 808 808 808 809 810 810 810 811 812 812 812 813 814 814 815 815 815 816 816 816 818 819 820 820 821 822 822 822 824 824 824 828 830 830 833 833 833 834 834 835 836 836 836 836 836 836 836 837 837 838 838 838 838 839 839 840 840 840 841 841 842 842 842 842 842 842 842 844 844 845 845 845 845 845 846 846 846 846 847 847 847 847 847 847 847 848 848 848 848 849 849 849 849 849 850 850 850 850 850 851 851 851 851 851 851 852 852 852 852 852 853 853 855 856 856 856 856 856 856 856 857 857 858 858 859 859 859 859 860 860 860 860 860 860 860 861 861 861 862 862 862 862 863 864 864 865 866 866 866 866 867 867 867 867 868 868 869 869 869 870 870 870 870 872 872 872 873 873 873 874 874 874 875 876 876 876 877 877 877 877 877 878 878 878 878 878 878 879 879 879 879 879 880 880 881 882 882 882 882 882 882 883 883 883 883 884 884 884 884 885 885 885 885 886 887 887 888 889 889 889 889 890 890 890 890 890 891 891 892 892 892 892 892 893 893 893 893 893 895 895 895 895 895 896 897 897 897 897 898 898 898 898 898 898 899 899 899 900 900 900 900 901 901 901 901 901 902 902 903 903 903 903 904 904 905 905 905 905 905 907 907 907 907 907 907 909 909 909 909 909 910 910 910 910 911 911 911 912 912 912 913 913 913 914 914 915 915 916 917 917 917 917 918 918 918 918 918 919 920 920 920 921 921 921 921 921 922 922 923 923 923 923 925 925 925 926 926 926 926 926 926 926 926 927 927 927 927 928 928 928 928 928 928 928 929 930 930 930 931 931 931 931 931 932 932 932 932 932 933 933 933 934 934 936 936 937 937 937 939 939 939 939 940 940 941 943 943 943 943 944 945 946 948 948 948 950 950 950 952 952 953 953 953 954 954 954 954 954 954 954 955 955 955 955 956 957 957 959 961 961 961 962 962 963 963 964 964 965 965 966 966 966 966 966 967 967 967 967 968 968 969 969 970 970 971 971 971 971 972 972 973 973 973 974 974 975 975 975 975 976 977 978 979 979 979 980 980 981 981 982 982 982 984 984 985 985 985 987 987 987 987 987 988 989 990 990 990 992 993 994 995 995 996 996 997 997 997 1001 1001 1002 1002 1003 1004 1004 1004 1004 1005 1007 1009 1009 1009 1010 1010 1012 1012 1012 1012 1013 1013 1014 1015 1016 1016 1016 1016 1017 1017 1017 1017 1019 1020 1020 1022 1022 1024 1024 1025 1026 1026 1026 1027 1027 1027 1028 1030 1031 1032 1032 1033 1033 1034 1034 1039 1039 1039 1040 1041 1045 1045 1046 1046 1046 1047 1047 1050 1052 1053 1054 1055 1055 1055 1055 1055 1057 1061 1062 1063 1063 1063 1063 1064 1065 1066 1068 1068 1070 1070 1070 1071 1071 1071 1073 1074 1074 1074 1075 1075 1075 1076 1076 1076 1077 1077 1077 1077 1078 1078 1078 1078 1079 1080 1080 1080 1080 1081 1081 1081 1081 1081 1081 1082 1082 1083 1083 1084 1084 1084 1084 1085 1085 1085 1085 1086 1087 1087 1087 1087 1088 1088 1088 1088 1088 1089 1089 1089 1089 1089 1089 1090 1091 1091 1091 1092 1092 1092 1092 1092 1093 1093 1093 1093 1094 1094 1094 1094 1094 1094 1095 1096 1096 1097 1097 1097 1097 1098 1099 1099 1099 1099 1101 1101 1101 1101 1101 1101 1102 1102 1102 1103 1103 1104 1104 1104 1105 1105 1105 1105 1105 1105 1106 1106 1106 1106 1106 1106 1108 1109 1109 1109 1109 1110 1111 1111 1111 1112 1113 1113 1113 1113 1114 1114 1115 1115 1115 1115 1116 1116 1117 1117 1117 1117 1118 1118 1118 1119 1120 1120 1120 1121 1121 1122 1122 1122 1123 1123 1123 1124 1124 1124 1124 1124 1125 1125 1125 1126 1126 1127 1127 1127 1127 1127 1128 1128 1129 1129 1129 1130 1130 1130 1131 1131 1131 1131 1132 1133 1133 1133 1134 1134 1136 1137 1138 1138 1138 1139 1139 1140 1140 1140 1140 1140 1141 1141 1141 1141 1142 1142 1142 1142 1143 1144 1144 1144 1146 1146 1147 1147 1147 1148 1148 1148 1150 1150 1151 1151 1151 1152 1152 1153 1153 1154 1154 1154 1155 1155 1156 1156 1156 1157 1157 1157 1157 1158 1158 1158 1158 1159 1159 1160 1160 1161 1161 1162 1162 1162 1164 1164 1164 1164 1165 1165 1166 1166 1166 1166 1166 1166 1167 1167 1169 1170 1170 1172 1172 1173 1174 1174 1174 1174 1175 1175 1175 1175 1176 1177 1178 1178 1179 1179 1179 1180 1181 1182 1183 1183 1184 1184 1185 1185 1185 1185 1186 1187 1187 1187 1188 1188 1188 1189 1190 1190 1191 1191 1193 1193 1193 1195 1197 1197 1199 1199 1199 1200 1200 1200 1200 1201 1201 1201 1201 1201 1202 1202 1206 1206 1206 1207 1208 1209 1209 1209 1209 1212 1213 1214 1214 1216 1217 1217 1217 1218 1219 1220 1221 1221 1221 1221 1224 1225 1226 1228 1229 1229 1229 1229 1230 1230 1231 1233 1234 1234 1235 1235 1235 1235 1236 1236 1238 1238 1239 1239 1240 1240 1240 1241 1241 1241 1241 1244 1244 1244 1244 1245 1249 1249 1252 1252 1252 1254 1255 1256 1256 1256 1257 1257 1261 1264 1264 1264 1265 1265 1265 1266 1266 1266 1266 1266 1266 1267 1268 1268 1268 1268 1268 1269 1269 1269 1269 1270 1270 1270 1271 1271 1271 1271 1271 1272 1272 1272 1272 1272 1273 1273 1274 1274 1275 1275 1276 1276 1276 1276 1277 1277 1277 1277 1277 1278 1278 1279 1279 1279 1279 1279 1279 1280 1280 1280 1281 1281 1281 1282 1282 1282 1282 1282 1282 1282 1283 1283 1283 1283 1283 1284 1284 1284 1285 1285 1285 1285 1285 1287 1287 1287 1288 1289 1289 1289 1289 1289 1289 1290 1290 1290 1290 1290 1291 1291 1291 1291 1291 1292 1292 1292 1292 1293 1294 1294 1294 1295 1295 1295 1295 1295 1296 1296 1296 1296 1296 1296 1297 1297 1297 1298 1300 1300 1301 1301 1302 1302 1302 1302 1302 1303 1303 1303 1303 1304 1304 1304 1304 1305 1305 1305 1305 1306 1306 1306 1306 1307 1307 1307 1307 1308 1308 1308 1309 1309 1309 1309 1309 1309 1310 1311 1311 1311 1311 1311 1311 1312 1312 1312 1312 1313 1313 1313 1315 1315 1315 1315 1316 1316 1316 1316 1316 1316 1317 1317 1317 1317 1317 1317 1318 1318 1318 1318 1319 1319 1319 1319 1320 1320 1320 1320 1321 1322 1322 1323 1323 1324 1324 1324 1325 1325 1326 1326 1327 1327 1327 1327 1328 1328 1329 1329 1329 1329 1329 1331 1331 1331 1332 1332 1332 1332 1332 1333 1334 1334 1334 1335 1335 1336 1336 1336 1338 1338 1338 1338 1338 1339 1339 1340 1340 1341 1341 1341 1342 1343 1343 1344 1345 1345 1345 1345 1345 1347 1347 1348 1350 1350 1350 1350 1351 1351 1352 1352 1352 1353 1353 1354 1355 1355 1355 1355 1356 1356 1356 1358 1358 1359 1359 1359 1359 1359 1360 1360 1360 1360 1360 1360 1361 1361 1361 1362 1363 1363 1364 1365 1366 1366 1367 1367 1367 1368 1368 1368 1369 1369 1369 1369 1370 1370 1370 1370 1371 1371 1371 1371 1372 1372 1372 1372 1373 1374 1375 1375 1375 1376 1376 1377 1377 1378 1378 1378 1379 1379 1379 1380 1380 1380 1380 1381 1383 1383 1384 1386 1386 1387 1387 1387 1387 1388 1388 1389 1389 1389 1389 1390 1390 1390 1391 1391 1394 1394 1394 1395 1395 1396 1396 1397 1397 1399 1399 1399 1399 1399 1400 1400 1401 1401 1401 1402 1402 1403 1404 1405 1405 1405 1405 1406 1406 1407 1407 1407 1408 1408 1409 1410 1410 1411 1411 1412 1413 1417 1417 1418 1418 1419 1419 1420 1420 1421 1421 1421 1422 1422 1422 1422 1424 1424 1424 1424 1425 1426 1426 1427 1428 1428 1429 1429 1429 1429 1429 1429 1430 1430 1430 1431 1431 1431 1432 1433 1433 1434 1435 1435 1435 1436 1439 1439 1439 1440 1441 1442 1442 1442 1443 1446 1448 1449 1452 1452 1454 1455 1455 1455 1455 1456 1459 1460 1460 1460 1461 1464 1465 1471 1471 1471 1471 1472 1472 1472 1472 1472 1473 1473 1473 1473 1474 1474 1474 1474 1474 1474 1475 1475 1475 1475 1476 1476 1476 1476 1477 1477 1477 1477 1477 1477 1478 1478 1478 1478 1478 1478 1479 1479 1479 1479 1480 1480 1480 1481 1481 1481 1482 1482 1483 1483 1483 1484 1484 1484 1484 1485 1485 1485 1486 1486 1486 1487 1487 1487 1487 1487 1488 1488 1488 1488 1488 1489 1489 1489 1490 1490 1490 1490 1490 1491 1491 1491 1491 1492 1492 1493 1493 1493 1493 1493 1493 1493 1495 1495 1495 1495 1495 1495 1496 1496 1496 1497 1497 1497 1497 1497 1498 1498 1498 1499 1499 1499 1499 1499 1501 1501 1501 1501 1502 1502 1502 1503 1503 1503 1503 1503 1504 1504 1504 1505 1506 1506 1506 1507 1507 1507 1508 1509 1509 1509 1510 1510 1510 1510 1510 1511 1511 1511 1512 1512 1512 1512 1513 1513 1513 1514 1514 1514 1514 1515 1515 1515 1516 1516 1516 1517 1517 1517 1518 1518 1518 1519 1519 1519 1519 1520 1520 1520 1520 1520 1520 1520 1521 1521 1521 1522 1522 1522 1522 1523 1523 1523 1523 1524 1524 1524 1524 1524 1525 1525 1525 1526 1527 1527 1527 1527 1527 1527 1528 1528 1528 1529 1529 1529 1529 1530 1530 1530 1530 1530 1530 1531 1531 1531 1531 1531 1532 1532 1532 1532 1533 1533 1533 1533 1533 1534 1535 1535 1535 1536 1536 1536 1536 1537 1537 1538 1538 1538 1539 1539 1539 1539 1540 1540 1540 1540 1540 1541 1542 1542 1543 1543 1543 1544 1544 1544 1545 1545 1545 1546 1546 1548 1549 1550 1550 1550 1550 1551 1551 1552 1554 1554 1554 1555 1556 1556 1557 1557 1557 1557 1559 1559 1560 1560 1560 1560 1561 1561 1561 1561 1562 1563 1564 1564 1565 1565 1566 1566 1567 1567 1567 1567 1568 1568 1569 1569 1569 1570 1570 1570 1572 1572 1572 1572 1573 1573 1573 1574 1574 1574 1574 1576 1576 1576 1576 1577 1577 1577 1577 1578 1578 1578 1579 1580 1581 1581 1581 1581 1582 1582 1584 1584 1585 1585 1587 1587 1587 1588 1589 1589 1589 1589 1590 1590 1591 1591 1592 1592 1593 1594 1594 1594 1595 1595 1597 1600 1600 1600 1601 1601 1601 1602 1602 1603 1604 1604 1605 1605 1608 1608 1608 1609 1609 1609 1610 1610 1610 1610 1611 1612 1612 1612 1613 1614 1616 1618 1619 1619 1619 1619 1620 1621 1621 1622 1622 1622 1623 1623 1623 1624 1624 1624 1624 1624 1625 1625 1625 1626 1628 1629 1629 1630 1631 1631 1631 1632 1633 1634 1637 1638 1639 1639 1640 1640 1641 1641 1642 1643 1644 1644 1645 1645 1645 1645 1646 1646 1647 1648 1651 1651 1651 1652 1652 1652 1653 1653 1653 1653 1653 1653 1653 1654 1654 1654 1654 1654 1655 1655 1657 1658 1658 1659 1659 1660 1660 1662 1662 1663 1665 1665 1666 1666 1667 1669 1669 1670 1671 1671 1672 1672 1673 1673 1674 1674 1675 1675 1675 1676 1677 1677 1679 1682 1682 1683 1683 1683 1684 1686 1687 1688 1688 1689 1689 1689 1690 1690 1691 1695 1696 1698 1701 1702 1702 1703 1703 1704 1704 1706 1708 1708 1714 1716 1717 1717 1718 1718 1718 1722 1722 1722 1722 1723 1726 1726 1728 1728 1728 1729 1729 1729 1730 1730 1730 1730 1731 1731 1731 1732 1732 1733 1733 1733 1734 1734 1734 1734 1735 1735 1737 1737 1737 1738 1738 1739 1739 1739 1740 1740 1740 1740 1741 1742 1742 1743 1743 1743 1743 1743 1744 1744 1744 1745 1746 1746 1746 1747 1747 1748 1748 1748 1749 1750 1750 1750 1751 1751 1752 1753 1753 1754 1754 1755 1755 1755 1756 1756 1758 1759 1759 1759 1760 1760 1761 1761 1762 1762 1764 1764 1764 1765 1768 1769 1771 1771 1771 1772 1772 1773 1773 1773 1774 1776 1776 1778 1778 1778 1779 1780 1781 1782 1782 1782 1784 1785 1785 1786 1786 1786 1787 1788 1789 1791 1791 1793 1794 1795 1795 1795 1796 1797 1798 1798 1798 1799 1800 1800 1800 1802 1803 1806 1806 1807 1807 1808 1811 1813 1813 1814 1816 1816 1816 1816 1820 1821 1822 1823 1824 1825 1832 1843 1844 1845
</DataArray>
        <DataArray type="Int64" Name="particle_2" NumberOfComponents="1" format="ascii">
204 213 156 207 126 237 236 129 208 80 184 100 167 115 23 374 457 205 273 60 331 9 198 50 129 124 162 258 418 355 173 41 227 359 402 45 213 203 420 71 43 32 153 462 275 116 364 226 27 153 124 33 350 152 150 29 37 155 100 209 136 216 23 128 119 417 218 423 357 303 216 95 460 423 110 241 213 203 145 200 447 229 195 215 69 283 49 350 385 151 167 54 189 70 258 163 97 107 74 197 122 161 122 114 118 255 186 245 147 137 224 193 55 400 105 161 49 71 223 201 184 269 200 286 257 107 226 238 150 374 267 133 341 224 283 84 399 289 457 336 344 255 328 233 263 94 425 321 421 310 441 105 99 49 76 207 420 447 257 447 375 182 250 382 368 86 56 121 420 191 152 397 354 336 420 117 379 418 370 74 103 111 438 92 82 141 153 228 221 162 199 124 80 104 153 228 152 201 229 341 191 223 193 182 277 125 392 221 77 68 230 112 123 204 175 63 200 298 230 63 109 292 410 330 303 391 399 419 349 344 112 425 207 199 239 238 181 139 224 211 284 411 137 168 81 97 128 220 154 459 121 194 191 158 212 100 115 93 72 235 87 156 146 145 350 191 169 129 216 255 287 224 84 462 199 99 240 104 169 84 93 120 185 221 172 171 194 117 350 364 397 277 404 240 150 210 124 217 190 123 113 425 92 195 169 295 292 206 271 282 180 275 140 166 341 131 268 437 352 168 121 197 203 204 221 106 267 236 115 93 411 140 294 436 348 321 411 437 248 455 180 241 118 255 139 129 124 228 152 218 460 185 214 149 288 325 256 167 128 220 226 217 292 150 234 138 186 375 348 225 623 280 399 296 335 349 240 104 181 111 151 152 121 197 161 134 148 239 154 219 120 150 214 190 218 295 423 354 410 255 186 245 357 456 476 267 113 127 273 425 144 170 149 184 136 462 200 447 375 435 420 191 193 269 283 174 464 216 406 365 170 144 179 168 213 228 256 392 335 239 134 192 139 211 220 459 234 208 193 309 231 256 272 264 189 411 140 137 224 180 240 181 142 183 271 458 233 211 462 166 147 222 283 174 197 241 203 371 295 410 187 153 364 182 156 222 181 192 295 410 155 160 325 210 243 399 218 203 430 295 170 157 221 420 162 379 267 325 205 194 309 231 194 179 187 288 191 318 286 288 325 266 323 275 287 305 209 213 228 178 446 268 305 389 235 331 194 233 417 338 388 187 332 187 185 195 462 275 190 385 371 236 289 457 304 223 280 231 287 460 429 194 214 399 266 396 232 226 385 239 238 219 371 392 229 350 438 277 331 337 425 207 441 212 215 255 417 431 221 396 406 292 319 282 285 209 220 216 217 237 374 224 425 462 438 280 220 255 218 295 226 232 438 274 364 357 382 310 455 275 287 288 332 328 417 374 462 257 435 400 394 385 410 357 476 320 315 381 464 429 261 409 600 546 548 564 257 400 370 394 383 367 265 372 294 436 605 304 329 504 442 277 400 368 574 302 605 536 766 477 442 473 340 548 682 337 373 426 597 555 542 377 393 619 266 405 281 400 379 628 316 356 386 316 541 525 625 429 422 408 315 352 389 358 444 302 464 326 338 388 335 424 342 639 392 383 322 399 283 324 623 361 301 278 445 410 282 391 427 370 628 434 342 275 364 460 462 458 618 504 296 424 368 314 376 369 582 547 577 435 378 382 368 557 286 418 426 394 367 362 341 321 437 331 379 286 298 373 346 410 330 329 362 527 357 623 382 404 320 381 423 449 606 609 573 500 479 437 352 499 336 335 334 377 388 516 311 553 359 402 439 299 435 373 522 461 639 584 827 592 623 347 624 568 499 589 601 456 606 428 457 313 411 421 348 412 432 363 536 466 534 800 507 628 403 318 446 411 436 359 412 455 345 553 320 361 486 464 389 517 422 368 522 630 381 624 595 362 372 450 634 527 397 354 336 320 334 351 446 431 454 357 606 342 461 386 616 416 405 463 384 328 343 464 396 343 358 413 422 457 419 344 480 391 344 618 354 395 428 618 504 537 640 340 351 574 409 542 395 426 476 453 359 439 407 494 564 511 414 530 433 416 352 494 388 453 451 414 405 363 594 507 389 517 378 531 395 377 600 606 609 454 591 427 452 418 450 627 571 544 467 460 429 641 441 439 556 557 466 580 800 528 547 382 574 577 403 440 378 623 531 432 376 375 406 423 431 456 401 449 476 401 606 502 390 628 403 582 440 582 510 541 628 394 386 378 382 557 800 584 412 418 407 612 519 602 568 579 623 400 582 596 576 448 391 609 492 413 408 444 531 606 595 604 427 400 424 405 639 596 576 440 409 618 419 463 460 404 501 407 534 503 438 431 558 426 450 433 501 612 422 475 551 484 537 441 435 432 557 422 641 446 582 486 584 510 566 489 448 592 431 462 594 574 458 581 606 618 517 623 459 451 436 556 446 628 530 597 522 522 634 480 485 558 573 452 594 800 547 469 468 508 535 591 527 544 575 558 492 611 502 558 501 556 574 582 542 600 596 473 697 682 556 707 721 490 687 577 510 566 700 529 624 507 709 762 483 563 524 603 514 825 515 771 759 522 555 528 634 518 596 598 774 587 799 706 647 516 551 763 630 601 507 626 663 673 789 532 750 674 705 492 758 789 631 600 762 621 695 569 792 575 558 588 704 630 762 588 500 554 546 832 511 682 584 579 637 514 829 725 685 855 757 636 951 525 506 515 571 607 504 640 550 573 640 782 593 748 618 511 631 523 793 816 831 730 614 823 658 785 800 565 700 666 544 587 531 605 604 782 657 758 605 573 588 534 580 533 730 614 602 730 788 723 817 794 584 619 729 656 614 724 530 560 570 635 763 585 690 622 710 577 541 625 561 767 550 541 565 540 529 823 746 629 793 748 795 762 738 792 725 592 617 641 621 580 602 774 540 599 533 555 634 527 774 630 624 595 695 557 612 561 750 908 595 563 777 583 571 827 747 625 620 771 654 716 590 587 610 547 541 565 540 538 567 616 536 777 769 752 731 787 539 788 605 766 593 635 609 564 666 823 583 803 626 797 1000 634 610 599 799 625 600 596 827 592 570 607 612 555 584 596 598 589 763 795 630 762 588 782 657 783 636 818 762 621 586 606 579 832 625 567 801 733 1006 675 627 571 707 640 631 786 578 738 829 742 1035 624 695 709 805 656 651 767 730 614 662 625 729 769 719 595 700 695 622 718 781 670 608 616 603 709 583 653 659 584 588 596 592 619 593 771 582 579 611 757 665 662 777 612 640 700 662 653 787 809 639 624 673 621 738 796 610 738 657 641 601 727 667 1058 606 771 598 697 798 635 624 763 598 612 697 730 706 629 635 690 695 792 615 777 789 620 741 646 760 798 759 727 832 613 634 747 799 746 743 640 786 640 805 631 800 663 724 725 653 627 827 651 806 731 650 654 716 697 806 734 718 747 726 628 733 821 649 789 752 750 663 730 788 740 833 653 694 642 764 763 790 814 681 777 656 718 688 792 929 855 824 716 667 924 1058 803 711 1072 834 703 705 894 755 678 1054 958 838 1036 654 858 819 812 706 722 714 864 841 857 886 1059 702 773 711 974 731 858 924 697 767 748 715 989 902 669 664 694 825 787 916 716 924 938 819 831 908 692 770 805 729 731 783 829 724 666 669 670 715 999 929 674 894 751 775 678 666 823 715 664 732 769 766 740 694 887 831 724 709 823 715 748 768 720 1023 965 1073 785 813 1032 781 744 792 688 875 998 1051 982 819 906 754 846 920 971 740 726 710 725 835 773 983 720 938 1008 874 1028 1032 887 955 916 880 922 717 953 764 880 868 922 1069 814 857 767 795 809 732 1064 1007 1072 1038 819 810 874 846 1035 888 824 753 949 1031 707 807 999 772 731 787 719 1038 826 726 756 728 795 768 1029 751 908 755 945 960 764 1007 883 763 762 720 834 810 776 906 884 920 1008 1028 817 794 821 728 780 1067 854 977 823 821 978 995 782 790 1064 1038 799 817 1059 760 875 999 949 772 917 944 724 781 744 811 732 978 1023 834 951 775 880 904 952 866 717 780 906 942 854 829 725 814 818 951 775 811 809 793 748 839 741 780 736 744 796 806 803 1006 1049 736 834 747 743 804 843 773 1018 779 761 730 821 811 829 825 818 826 797 828 989 798 938 1067 865 830 935 941 1044 731 752 793 808 887 823 1006 801 858 1043 1008 1029 1025 1043 776 778 904 1040 1011 1253 1090 762 829 740 797 989 833 753 813 902 801 983 807 1035 801 773 826 875 804 983 1018 747 801 767 1038 755 1054 1010 1024 972 818 894 784 908 958 793 894 797 756 812 869 808 839 919 1036 986 813 1031 1065 790 784 844 789 760 780 812 779 925 835 820 1021 817 1059 830 779 839 1029 1029 876 871 853 956 1021 1015 799 843 1049 818 855 880 953 942 789 908 991 871 974 962 1002 812 786 818 821 815 803 1000 825 888 841 914 807 986 831 983 951 991 952 1040 1064 998 824 894 839 1038 916 1072 1043 1003 989 1043 1067 906 941 829 1035 865 978 887 831 894 839 951 938 916 1007 1037 956 976 1061 998 956 1021 949 935 1005 1000 986 865 1006 1003 855 994 1149 980 1202 863 1262 964 963 1048 922 992 1024 981 945 1008 1056 996 1013 1035 984 971 1171 1022 948 973 1020 1153 908 991 922 1024 903 1211 1146 1010 933 972 1022 877 907 1039 1180 1012 1205 1071 1056 971 1004 1020 962 1002 955 969 1202 921 1204 912 1237 1046 1098 947 863 1262 975 1086 876 923 1090 853 937 934 881 864 1046 1087 1154 1017 1184 1223 1083 984 952 1072 1043 997 1149 1202 1161 1171 964 913 1086 1153 1091 1239 941 932 1208 953 942 965 947 1171 976 1145 1037 958 992 867 1011 952 1055 1026 915 931 976 1058 1056 1028 1230 896 1194 987 942 1176 1263 1005 1002 911 924 919 1062 949 960 919 940 931 936 1246 993 1039 903 1192 1121 1016 1190 1233 1198 1205 1203 1206 1113 886 992 934 1095 1004 1121 1048 1173 1255 899 927 1069 936 1023 959 1073 980 1060 1143 1066 967 952 943 995 998 1003 995 896 968 922 995 1246 993 1232 1028 1222 942 1073 920 996 1001 967 1126 1223 1009 1218 944 1047 936 1066 1237 980 1052 1092 1128 1196 1177 1119 1242 1134 1463 1111 902 999 1047 988 1103 1119 1205 1082 1262 1215 1314 1148 1050 917 1024 968 1057 1146 991 960 981 1107 979 954 1136 992 988 993 1116 1198 1211 1054 922 939 1232 968 1168 1042 969 990 1132 1245 1100 1015 1061 1046 1030 1170 1224 984 1119 1107 1213 1064 949 1050 957 944 931 976 988 1177 1119 961 933 971 1171 957 944 1181 1041 1204 1054 992 1036 1011 981 1107 1049 1053 994 970 1208 1014 1259 1216 1077 1120 1182 1032 1007 1047 946 1121 1019 1068 1212 1173 1114 1226 999 1258 1203 1074 956 1021 1015 988 1039 1050 1065 950 1079 970 1003 980 968 1025 1019 1015 1034 1250 1052 1160 1064 1010 1003 995 961 1057 1044 946 995 959 1149 1015 1029 1060 996 1045 1349 1027 1014 1210 1040 1135 1049 1018 1053 1211 1146 979 1092 1088 1163 1191 962 994 997 1149 998 1051 1027 1023 1062 1057 1004 1037 1044 1025 1068 1178 1091 1247 1098 1204 1087 1242 1184 1127 1034 1230 1194 1189 1022 1030 1044 1208 1060 1126 977 1056 1062 1022 1057 1095 1095 1192 1156 1037 1023 1132 1159 1097 1115 1145 996 1037 1258 1071 1136 1171 1030 1116 1169 998 1041 1061 1145 1103 1132 1245 1262 1230 1030 1110 1227 1178 1145 999 1161 1108 1373 993 1180 1247 1034 1230 1263 1013 1044 1149 1194 1171 1086 1005 1186 1010 1028 1025 1095 1048 1042 1034 1063 1106 1102 1072 1054 1246 1066 1046 1137 1222 1207 1167 1021 1232 1192 1227 1185 1126 1077 1223 1330 1121 1222 1225 1095 1192 1036 1169 1028 1135 1258 1213 1031 1181 1143 1062 1192 1050 1050 1060 1041 1061 1069 1246 1219 1046 1205 1253 1051 1176 1207 1066 1184 1248 1050 1143 1060 1107 1186 1064 1145 1135 1116 1198 1258 1250 1177 1095 1208 1194 1215 1104 1072 1168 1223 1160 1114 1090 1213 1128 1117 1088 1163 1171 1203 1076 1374 1096 1152 1468 1398 1306 1267 1126 1154 1167 1241 1155 1447 1333 1238 1168 1269 1328 1327 1338 1453 1319 1265 1541 1417 1324 1149 1178 1248 1393 1136 1163 1344 1193 1413 1362 1278 1321 1176 1204 1112 1118 1444 1137 1227 1190 1234 1157 1101 1229 1298 1150 1280 1356 1107 1262 1228 1093 1250 1136 1233 1212 1191 1239 1437 1209 1342 1314 1251 1333 1144 1131 1187 1121 1392 1347 1100 1288 1251 1214 1186 1104 1447 1378 1238 1170 1156 1260 1162 1175 1138 1106 1110 1330 1135 1203 1125 1155 1445 1117 1234 1231 1393 1453 1200 1215 1110 1178 1148 1396 1228 1245 1128 1196 1347 1193 1189 1463 1113 1398 1181 1134 1286 1414 1257 1165 1256 1262 1159 1288 1437 1211 1258 1205 1248 1130 1231 1154 1450 1293 1195 1161 1373 1182 1250 1260 1412 1402 1339 1210 1154 1167 1330 1130 1376 1140 1382 1126 1182 1172 1194 1237 1184 1444 1450 1236 1129 1254 1347 1383 1249 1382 1223 1137 1140 1288 1144 1464 1403 1186 1184 1463 1286 1219 1205 1347 1218 1349 1385 1244 1243 1220 1218 1188 1322 1183 1400 1157 1261 1199 1416 1199 1357 1280 1307 1210 1445 1187 1301 1180 1190 1451 1381 1364 1314 1445 1427 1442 1386 1398 1366 1313 1165 1193 1170 1349 1210 1237 1444 1161 1373 1349 1255 1197 1188 1191 1300 1416 1392 1347 1414 1438 1176 1437 1212 1196 1245 1215 1260 1173 1179 1463 1249 1394 1366 1196 1325 1376 1172 1183 1368 1378 1341 1216 1220 1250 1192 1261 1470 1445 1299 1225 1349 1197 1217 1224 1269 1328 1244 1413 1219 1185 1228 1226 1256 1264 1246 1210 1470 1451 1400 1219 1248 1227 1396 1261 1201 1247 1252 1441 1291 1227 1451 1423 1246 1261 1191 1469 1344 1469 1438 1276 1203 1255 1298 1233 1260 1261 1286 1366 1397 1508 1224 1423 1364 1269 1354 1245 1262 1254 1231 1414 1362 1259 1288 1303 1278 1367 1469 1254 1437 1275 1259 1298 1326 1356 1451 1248 1412 1293 1310 1335 1388 1466 1255 1233 1342 1299 1280 1346 1337 1246 1232 1453 1250 1453 1300 1257 1366 1508 1694 1463 1297 1445 1405 1349 1385 1362 1443 1326 1243 1470 1376 1310 1443 1289 1356 1436 1314 1393 1394 1333 1275 1500 1392 1299 1299 1273 1346 1414 1267 1357 1348 1358 1467 1322 1397 1541 1470 1310 1404 1378 1388 1462 1313 1400 1277 1650 1541 1558 1466 1357 1354 1454 1721 1407 1644 1599 1377 1284 1410 1433 1456 1580 1426 1617 1609 1325 1274 1325 1358 1367 1308 1325 1283 1352 1358 1423 1364 1354 1430 1417 1434 1328 1380 1446 1579 1511 1425 1518 1307 1424 1422 1294 1707 1635 1685 1387 1292 1556 1667 1608 1709 1344 1415 1324 1494 1727 1335 1630 1627 1377 1620 1534 1626 1353 1307 1358 1494 1314 1328 1443 1442 1559 1548 1571 1489 1497 1561 1506 1796 1403 1406 1446 1351 1579 1350 1571 1304 1369 1409 1352 1408 1549 1354 1454 1494 1384 1685 1353 1687 1550 1513 1538 1606 1450 1394 1599 1337 1453 1423 1381 1327 1318 1397 1418 1324 1389 1328 1403 1421 1431 1685 1602 1369 1569 1322 1440 1366 1607 1414 1374 1365 1710 1348 1386 1583 1580 1367 1500 1712 1680 1668 1698 1608 1622 1720 1368 1458 1459 1461 1664 1481 1476 1650 1384 1482 1562 1449 1461 1343 1365 1694 1598 1546 1711 1446 1547 1351 1355 1642 1382 1322 1341 1361 1607 1650 1453 1414 1397 1418 1344 1416 1438 1324 1575 1336 1433 1585 1434 1393 1382 1375 1668 1727 1552 1661 1469 1348 1553 1372 1364 1603 1351 1350 1342 1443 1464 1380 1725 1590 1425 1439 1481 1429 1542 1597 1697 1656 1537 1402 1412 1378 1391 1457 1460 1711 1432 1642 1403 1559 1579 1350 1363 1404 1542 1392 1374 1381 1603 1432 1427 1598 1505 1348 1727 1719 1426 1419 1670 1392 1438 1415 1454 1547 1351 1591 1603 1649 1438 1555 1727 1439 1482 1415 1547 1513 1562 1561 1436 1424 1596 1468 1456 1541 1552 1519 1546 1629 1424 1556 1407 1411 1480 1681 1368 1462 1615 1385 1593 1667 1454 1397 1459 1620 1464 1616 1431 1383 1457 1377 1497 1526 1709 1783 1468 1456 1549 1419 1552 1661 1670 1676 1553 1436 1668 1411 1447 1392 1712 1698 1613 1444 1382 1382 1615 1381 1462 1711 1396 1445 1427 1406 1500 1634 1725 1445 1444 1457 1454 1415 1685 1448 1436 1680 1611 1404 1575 1555 1395 1552 1598 1597 1699 1643 1428 1542 1440 1599 1458 1408 1598 1451 1466 1508 1541 1650 1615 1432 1482 1513 1423 1430 1559 1420 1712 1447 1428 1427 1412 1406 1471 1446 1696 1428 1699 1583 1465 1584 1710 1418 1450 1458 1664 1611 1516 1447 1437 1494 1452 1438 1555 1617 1663 1616 1553 1443 1616 1548 1424 1467 1580 1465 1448 1583 1596 1465 1490 1727 1602 1466 1441 1597 1505 1483 1546 1633 1564 1566 1650 1603 1547 1559 1579 1712 1547 1534 1619 1437 1575 1697 1588 1448 1508 1541 1482 1599 1500 1454 1448 1685 1553 1489 1583 1710 1494 1586 1571 1456 1580 1584 1528 1467 1461 1575 1630 1588 1694 1500 1480 1711 1575 1696 1563 1572 1535 1648 1515 1718 1693 1715 1842 1819 1558 1661 1602 1521 1629 1676 1476 1505 1633 1775 1664 1481 1522 1517 1709 1651 1783 1703 1631 1507 1489 1593 1518 1506 1648 1605 1700 1638 1684 1625 1681 1628 1679 1694 1626 1505 1650 1521 1598 1678 1683 1614 1522 1606 1832 1494 1583 1685 1613 1662 1770 1639 1551 1623 1806 1741 1669 1592 1641 1594 1570 1649 1525 1618 1680 1593 1698 1829 1659 1640 1641 1849 1803 1528 1663 1608 1516 1651 1628 1720 1604 1790 1506 1796 1605 1675 1840 1848 1511 1613 1502 1547 1562 1591 1586 1526 1517 1775 1514 1602 1721 1609 1693 1691 1586 1671 1684 1777 1637 1784 1662 1714 1688 1845 1646 1786 1506 1709 1639 1564 1593 1591 1526 1631 1657 1751 1607 1552 1707 1546 1515 1718 1745 1730 1817 1636 1536 1637 1593 1536 1829 1581 1585 1695 1573 1788 1841 1753 1801 1677 1742 1822 1668 1628 1692 1834 1716 1665 1525 1535 1637 1614 1521 1629 1638 1827 1544 1726 1823 1778 1835 1833 1562 1586 1700 1626 1614 1834 1716 1775 1841 1801 1780 1700 1624 1717 1740 1722 1656 1572 1535 1704 1656 1565 1677 1756 1652 1808 1721 1693 1706 1664 1627 1669 1640 1574 1676 1691 1777 1631 1726 1674 1717 1567 1740 1755 1850 1752 1567 1734 1587 1767 1641 1594 1779 1627 1537 1756 1645 1593 1829 1605 1662 1756 1543 1614 1562 1695 1598 1707 1678 1714 1777 1675 1631 1731 1776 1558 1597 1697 1643 1645 1797 1691 1655 1768 1563 1587 1656 1638 1678 1553 1635 1626 1614 1669 1606 1692 1766 1555 1698 1705 1632 1719 1583 1569 1595 1770 1747 1781 1571 1680 1707 1612 1714 1688 1695 1573 1671 1674 1671 1585 1683 1775 1656 1767 1683 1576 1570 1830 1772 1826 1619 1669 1721 1709 1621 1594 1752 1828 1585 1656 1618 1677 1618 1677 1592 1602 1586 1621 1783 1582 1686 1646 1807 1663 1689 1713 1672 1629 1612 1827 1649 1721 1639 1703 1848 1623 1716 1839 1679 1706 1588 1687 1588 1647 1767 1724 1655 1758 1819 1732 1712 1613 1649 1667 1606 1774 1649 1677 1774 1824 1784 1770 1634 1756 1702 1846 1644 1631 1655 1661 1676 1711 1723 1766 1682 1840 1659 1651 1639 1617 1670 1701 1676 1689 1691 1827 1681 1719 1670 1689 1829 1633 1712 1742 1630 1627 1687 1669 1694 1691 1644 1698 1692 1673 1705 1840 1708 1633 1700 1850 1832 1839 1827 1839 1646 1664 1658 1638 1684 1647 1726 1768 1837 1770 1638 1636 1645 1660 1651 1720 1665 1752 1647 1800 1696 1784 1651 1657 1648 1718 1682 1812 1660 1835 1724 1799 1681 1658 1790 1767 1677 1779 1790 1657 1766 1762 1741 1751 1737 1829 1705 1804 1840 1733 1713 1819 1715 1679 1723 1667 1705 1678 1827 1682 1804 1713 1849 1788 1845 1789 1680 1834 1752 1689 1700 1717 1786 1758 1692 1708 1742 1750 1783 1825 1848 1684 1724 1774 1715 1804 1795 1714 1686 1845 1690 1775 1724 1736 1827 1736 1701 1823 1777 1827 1701 1850 1699 1829 1814 1767 1748 1837 1762 1796 1815 1715 1749 1831 1845 1832 1777 1731 1756 1745 1782 1777 1755 1746 1778 1735 1787 1769 1769 1833 1732 1758 1833 1813 1825 1817 1838 1763 1825 1787 1763 1768 1842 1844 1749 1794 1828 1753 1826 1765 1842 1757 1741 1810 1757 1741 1831 1779 1800 1809 1832 1743 1746 1793 1806 1796 1750 1839 1807 1765 1760 1836 1835 1769 1833 1808 1839 1792 1836 1812 1795 1779 1846 1809 1781 1774 1815 1817 1842 1811 1788 1849 1805 1842 1757 1815 1793 1761 1808 1797 1814 1830 1798 1817 1801 1780 1763 1792 1820 1810 1787 1837 1811 1826 1811 1778 1825 1848 1816 1815 1826 1835 1789 1843 1830 1825 1820 1787 1792 1785 1824 1847 1794 1799 1802 1838 1812 1807 1835 1823 1789 1813 1792 1832 1818 1797 1846 1826 1804 1804 1816 1821 1799 1802 1824 1822 1809 1816 1803 1824 1828 1812 1805 1844 1810 1843 1836 1846 1837 1833 1818 1833 1840 1848 1838 1821 1848 1844 1824 1835 1830 1848 1841 1847 1848 1847
</DataArray>
        <DataArray type="Float64" Name="center_distance" NumberOfComponents="1" format="ascii">
0.0015991467283 0.0015997851466 0.001599200747 0.00159893645255 0.00159942229774 0.00159991639365 0.00159942321391 0.00159954933754 0.00159968126779 0.00159972505408 0.00159978663218 0.00159928798337 0.00159994263232 0.00159958768472 0.00159941048337 0.00159941812836 0.00159931748238 0.00159959282205 0.00159966758501 0.00159978562035 0.00159950346223 0.00159942870206 0.00159970648602 0.00159969103095 0.00159949062553 0.00159973744474 0.00159982913065 0.00159994480546 0.00159992338914 0.00159994249903 0.00159990838722 0.0015996912169 0.00159962611408 0.00159965402631 0.00159993249206 0.00159974917207 0.00159943243025 0.0015996046966 0.00159980425907 0.00159964657173 0.00159972494876 0.00159945208907 0.00159951004057 0.00159975571375 0.00159984212534 0.00159961371034 0.00159973753481 0.00159966707405 0.00159921755084 0.00159926653868 0.00159946887009 0.00159923750157 0.0015996905135 0.00159922000959 0.00159973881361 0.00159975158454 0.00159904822223 0.00159922447491 0.00159941790611 0.00159937295762 0.00159937854257 0.00159929677046 0.00159930583199 0.00159907368093 0.00159986766397 0.00159877837023 0.00159954621872 0.00159982070832 0.00159958392684 0.00159961967507 0.00159940007177 0.00159938874673 0.00159966813693 0.00159947154905 0.00159935975273 0.00159942259908 0.00159955489457 0.00159950632258 0.00159961080821 0.00159930483997 0.00159952120218 0.00159957258824 0.00159940155815 0.00159922639395 0.00159904183403 0.00159921760895 0.00159981235992 0.00159978270666 0.00159979962277 0.00159986696856 0.00159965416518 0.00159988002543 0.00159967496457 0.00159975042521 0.00159991779105 0.00159977904576 0.00159969556613 0.00159958380521 0.00159949901659 0.00159952600045 0.00159972357723 0.00159964170736 0.00159976787415 0.00159982465321 0.00159944678088 0.00159969007187 0.00159956191095 0.00159971569185 0.0015997623002 0.00159984359212 0.00159974336821 0.0015996233614 0.00159974550833 0.00159947600772 0.00159949371442 0.00159967080053 0.00159939374747 0.00159963467915 0.00159939634157 0.00159975508923 0.00159960452838 0.00159953928969 0.0015998101189 0.00159991704517 0.00159984983192 0.00159971449489 0.001599551138 0.00159990521931 0.0015993638372 0.00159930791162 0.00159845104278 0.00159882688427 0.001599060804 0.00159984035206 0.00159936932605 0.00159953443494 0.00159905974895 0.00159933480181 0.00159919733624 0.00159883524477 0.00159946014031 0.00159990611195 0.00159993233379 0.00159997825362 0.00159997660862 0.00159903309117 0.00159917252362 0.00159946891034 0.00159958520912 0.00159944958675 0.00159932585281 0.00159980729219 0.0015998515293 0.00159941798813 0.00159951143605 0.00159922414351 0.00159920695634 0.00159926959674 0.00159912764116 0.00159929940064 0.00159977676103 0.00159944691782 0.00159990739309 0.00159931960183 0.00159949032927 0.00159919900131 0.00159926355061 0.00159987486198 0.00159933090729 0.00159927805638 0.00159903193929 0.00159979104016 0.00159972054455 0.00159908458915 0.00159949521272 0.00159913520754 0.00159966304273 0.00159953329604 0.00159903558096 0.00159947616191 0.00159965708408 0.00159956647039 0.00159938742978 0.00159963388301 0.00159947595805 0.00159973346792 0.00159939049094 0.00159983531019 0.00159928468181 0.00159951969197 0.00159978347192 0.00159941298687 0.0015997817054 0.00159969658711 0.00159991627448 0.00159993383522 0.00159992459663 0.00159985770919 0.00159979736237 0.00159982227972 0.00159904077894 0.00159943281036 0.0015998209433 0.00159940245389 0.0015994383299 0.00159920767092 0.00159965196104 0.00159965023037 0.00159961781334 0.00159976770944 0.00159943013471 0.00159964907793 0.00159951063109 0.00159939987368 0.00159977472966 0.00159906588218 0.0015997131542 0.00159908934842 0.00159971405975 0.00159899038639 0.00159963427375 0.00159942734763 0.00159970426619 0.00159962768556 0.00159955651944 0.00159941179403 0.00159933060643 0.00159960181059 0.00159952361592 0.00159952139137 0.00159863078499 0.00159907860691 0.00159914551458 0.00159954075509 0.00159955192176 0.00159995836067 0.00159926586666 0.00159961380915 0.00159971191664 0.00159913268362 0.00159942522216 0.00159923454528 0.00159955523934 0.00159960011919 0.00159973811324 0.00159919850363 0.00159996534319 0.00159914153982 0.00159931719376 0.00159997239287 0.00159920321334 0.00159967573406 0.0015996225139 0.00159932754382 0.0015994149821 0.00159893443135 0.00159974685987 0.00159922952425 0.00159916242619 0.00159969505791 0.00159979072335 0.00159973010023 0.00159993652576 0.00159975116567 0.00159972580892 0.00159964906887 0.00159947725159 0.00159943130315 0.00159930986089 0.00159934780572 0.00159946181199 0.00159992143515 0.00159996913566 0.00159995964599 0.00159958758694 0.00159952611974 0.00159977816158 0.00159933818249 0.00159964703226 0.0015994812868 0.0015994360328 0.00159990547956 0.00159951485129 0.00159888514871 0.00159919385202 0.00159940047229 0.00159921604466 0.00159867123287 0.00159963525968 0.00159956900593 0.00159959156383 0.00159950003102 0.00159982369089 0.0015999268668 0.00159996133954 0.00159994174624 0.00159967993013 0.00159992960862 0.001599534023 0.00159963153519 0.00159976586115 0.00159974992983 0.00159979588134 0.00159952011057 0.0015993321359 0.00159942181502 0.00159971440605 0.00159956592652 0.0015992898432 0.00159994922828 0.00159951344158 0.00159949200242 0.00159944250957 0.00159986467618 0.00159940807112 0.00159946446392 0.00159949892589 0.00159954443101 0.00159942084043 0.00159959943477 0.00159962171301 0.00159958170325 0.00159953076937 0.0015995456214 0.00159955055675 0.00159980395998 0.00159979122274 0.00159991065186 0.00159979610631 0.00159905571021 0.00159956086118 0.00159911860114 0.0015992963064 0.00159949039365 0.0015993609896 0.00159974077699 0.00159937985002 0.00159962274276 0.00159970137205 0.00159948160891 0.00159947525315 0.00159934983815 0.00159945692229 0.00159900139189 0.00159925674798 0.00159913783886 0.00159968784379 0.0015997508664 0.00159919568672 0.00159998807027 0.00159941034431 0.00159958523093 0.00159942656802 0.00159944813001 0.00159961448742 0.00159976028205 0.00159924367935 0.00159985914796 0.00159905921639 0.00159954227195 0.00159971923704 0.00159984019534 0.00159944699726 0.00159951050575 0.0015996392653 0.00159927524889 0.00159905016261 0.00159942901911 0.00159914218663 0.00159983473384 0.0015990948003 0.00159952813222 0.0015991847078 0.00159945737484 0.00159948950677 0.00159966218886 0.00159973802723 0.00159978250826 0.00159941327759 0.00159948005254 0.0015998492851 0.0015992716448 0.00159983859444 0.00159981456128 0.00159962955276 0.00159986412824 0.00159984923002 0.0015993262814 0.00159938135867 0.00159965685939 0.00159986584546 0.00159935676314 0.00159935733019 0.00159931547163 0.00159967997453 0.00159904316259 0.00159940332752 0.00159910892837 0.00159974205443 0.00159883677479 0.00159931402541 0.00159956600142 0.00159941184441 0.0015995200459 0.00159889200876 0.0015993250029 0.00159989058478 0.00159953716019 0.00159947880502 0.00159997835649 0.00159964755664 0.0015999343777 0.00159961340534 0.00159983925316 0.00159966625223 0.00159863169678 0.00159936805421 0.00159948809417 0.00159901375518 0.0015990036744 0.00159966620872 0.00159926304577 0.00159907402685 0.00159937279901 0.00159932142817 0.00159951563793 0.00159946899799 0.00159933679148 0.00159942377636 0.00159970800778 0.00159990979764 0.00159978677622 0.0015998026861 0.00159990426124 0.00159930081444 0.00159935462134 0.00159957410631 0.00159994225084 0.00159930244413 0.00159955685789 0.0015997138765 0.00159958424828 0.00159934405066 0.00159886444918 0.00159973163923 0.00159991413585 0.00159942217418 0.0015999253801 0.00159921615304 0.00159937129676 0.00159943347851 0.00159945810204 0.00159957142082 0.00159898243445 0.00159936900706 0.00159938178037 0.00159975278551 0.00159945059044 0.00159973901673 0.00159898338154 0.00159980359595 0.00159983868245 0.00159978142903 0.00159941837242 0.00159942005067 0.00159986156543 0.0015992903947 0.00159913857251 0.00159925081102 0.00159990154509 0.00159950585145 0.00159998206586 0.00159929146293 0.00159984778775 0.00159963668535 0.00159941296886 0.001599527893 0.00159982968002 0.00159954117356 0.00159994982071 0.00159973241059 0.00159965544094 0.00159962467698 0.00159965377583 0.00159959861707 0.00159994421203 0.00159945576422 0.00159957658107 0.00159973084624 0.00159929931732 0.00159927870515 0.00159941832535 0.00159928134238 0.00159967296782 0.00159986096592 0.0015998065241 0.00159950206763 0.00159960518982 0.00159989395312 0.00159920711319 0.0015999883721 0.00159976709492 0.00159895071289 0.00159936856854 0.00159929786837 0.00159934640006 0.00159961105235 0.00159966750575 0.00159977874875 0.0015995084442 0.00159956904391 0.00159935300213 0.00159977083887 0.00159959127359 0.0015994030329 0.0015997977889 0.00159945753381 0.00159919940339 0.00159972658963 0.00159964317638 0.00159963429485 0.00159996637628 0.00159954025864 0.00159991165289 0.00159987071752 0.00159983727516 0.00159980049254 0.00159985615617 0.00159976049211 0.00159983580048 0.00159993486154 0.00159970258321 0.00159996971336 0.00159947731932 0.00159957028834 0.00159946309264 0.0015993937879 0.00159931376226 0.00159901106934 0.00159934433924 0.00159874610459 0.0015998944271 0.00159987689754 0.00159956971137 0.00159940113546 0.00159942606483 0.00159880398158 0.00159988760353 0.00159946654747 0.00159991594239 0.00159944285105 0.00159919825147 0.00159895749184 0.00159930136337 0.00159987972701 0.0015994532608 0.00159957238237 0.00159949079693 0.00159940759622 0.00159952823575 0.00159974171187 0.00159926593947 0.0015998068619 0.00159986205871 0.00159991139383 0.0015998185335 0.00159948152431 0.00159956292524 0.00159981775866 0.00159936720272 0.00159993297791 0.00159978443543 0.00159943319822 0.00159964643061 0.0015996963076 0.00159989301583 0.00159959559173 0.00159962361004 0.00159987673842 0.00159970944227 0.00159938671066 0.00159903753906 0.00159900251487 0.0015997920001 0.00159972336432 0.00159930782957 0.00159993499645 0.00159932665535 0.00159945868392 0.00159959236476 0.0015996216595 0.00159957616021 0.001599686565 0.00159993980922 0.00159977802336 0.00159954265492 0.00159982995949 0.00159966776192 0.00159958797974 0.00159997412503 0.00159938479763 0.0015998965293 0.00159920955675 0.00159877079586 0.00159970498709 0.0015997593893 0.00159910463901 0.0015993648584 0.00159960517385 0.00159953486112 0.00159964901139 0.00159993567744 0.00159963206483 0.00159993105247 0.00159974518348 0.00159969170276 0.00159975419933 0.00159961201442 0.00159969850634 0.00159942388522 0.00159961374094 0.00159933408682 0.00159963410238 0.00159959088317 0.001599864436 0.00159928615828 0.00159931906498 0.00159987829384 0.001599482959 0.00159955730098 0.00159963982945 0.00159993362854 0.00159986465636 0.00159981086043 0.00159946239395 0.00159955321939 0.00159964395832 0.00159954021711 0.00159932254569 0.00159962084147 0.00159946814338 0.00159952251328 0.00159935106599 0.00159989041615 0.00159987380837 0.00159932652665 0.00159961914137 0.00159978506206 0.00159967617903 0.0015997910231 0.00159977952785 0.0015996555137 0.00159976226403 0.00159973522401 0.00159974070757 0.00159955552662 0.00159947501058 0.00159990996218 0.00159949263422 0.00159976454534 0.0015996816911 0.00159932367038 0.00159948426908 0.00159945362446 0.00159954903569 0.00159958920217 0.00159940800277 0.00159947383024 0.00159981594357 0.00159919497579 0.00159981217538 0.00159885396782 0.00159866249653 0.00159990274609 0.00159939087139 0.00159981878141 0.00159999470362 0.00159943770113 0.00159964847376 0.00159955203558 0.00159985500341 0.00159989235043 0.00159993028492 0.00159984754281 0.00159993716339 0.00159923247346 0.00159920007192 0.00159950491345 0.00159967308976 0.00159965692655 0.00159967791639 0.00159970752265 0.00159960309717 0.00159968404921 0.00159956477135 0.00159980738747 0.00159994867493 0.00159921794552 0.0015996681648 0.00159911791221 0.00159959369598 0.00159974595447 0.00159928101008 0.00159981214887 0.00159973961234 0.00159958767208 0.0015996458875 0.00159960337797 0.00159962165478 0.00159963684224 0.00159909765664 0.00159950375297 0.00159890443958 0.001599344405 0.00159962258807 0.00159994488302 0.0015996115943 0.00159855445536 0.00159943317845 0.00159940126478 0.00159959780109 0.00159958436863 0.00159984005984 0.00159983519744 0.00159966467258 0.00159940678443 0.00159994895823 0.00159955835158 0.00159923970998 0.00159951781565 0.00159991900701 0.00159980685152 0.00159959091101 0.00159958522932 0.0015998279959 0.00159964004647 0.00159948586729 0.00159990607463 0.00159993244961 0.00159999122443 0.00159938243624 0.00159969169185 0.00159961395813 0.0015998214901 0.00159934652902 0.0015997758618 0.00159956334171 0.00159987685358 0.00159948504046 0.00159976249562 0.00159974668516 0.00159985387754 0.00159965657486 0.00159968297935 0.00159951113596 0.00159935658854 0.00159924413411 0.00159968676557 0.0015995616382 0.00159926625511 0.0015993527045 0.00159977188508 0.00159967347106 0.00159956561437 0.00159961523564 0.00159963036514 0.00159953758082 0.00159991903477 0.00159955970376 0.00159959397766 0.001599333469 0.00159935160615 0.00159936356102 0.00159931588627 0.00159989034104 0.00159945515482 0.00159968216577 0.00159985158161 0.00159944210874 0.00159964086648 0.00159985717142 0.00159987486697 0.00159921145605 0.00159962673916 0.00159956455663 0.00159944919647 0.00159942440303 0.001599609467 0.00159948387838 0.00159930319971 0.00159917328799 0.00159921212341 0.00159935512705 0.00159954165238 0.00159926005639 0.00159955600171 0.00159999357248 0.00159936490303 0.00159974634462 0.00159965001695 0.00159928346498 0.00159961323618 0.00159923020089 0.00159996283911 0.0015991772582 0.0015995124067 0.0015998296766 0.00159958314268 0.00159961158585 0.00159950705616 0.00159948812764 0.00159973480832 0.00159964158468 0.00159966981271 0.00159943729411 0.00159956969873 0.00159962943286 0.00159948117476 0.00159947433032 0.00159956243662 0.00159992272232 0.00159987357671 0.00159965567509 0.00159949039529 0.00159948129093 0.00159958955988 0.001598926375 0.00159936006345 0.00159951799142 0.00159994222457 0.00159923265534 0.00159956269019 0.00159901360055 0.00159976471079 0.00159977550093 0.00159943361528 0.0015997766062 0.00159942766431 0.00159956542214 0.00159959519465 0.00159940974584 0.00159978801361 0.00159991228899 0.00159997305485 0.00159944891784 0.00159970639272 0.00159953678459 0.00159969784909 0.00159966851084 0.00159994899998 0.00159959464518 0.00159954081495 0.0015994928306 0.00159976302539 0.00159972791801 0.00159945818868 0.00159991219335 0.0015997924906 0.0015997899766 0.00159961001945 0.00159947437994 0.00159995712775 0.00159943892454 0.00159917832397 0.00159918230116 0.00159907128161 0.00159913460407 0.00159959370909 0.00159944911403 0.00159940610198 0.00159950666875 0.00159927479311 0.00159921293202 0.00159913053743 0.00159894213502 0.00159956556844 0.00159914600598 0.00159943108701 0.00159968782003 0.00159961420637 0.00159942953488 0.00159959200137 0.0015997537797 0.00159939175295 0.00159929222485 0.00159944425378 0.00159988727219 0.00159974488566 0.00159971672772 0.00159963857323 0.00159989254437 0.0015995839242 0.0015997552603 0.00159930370303 0.00159950950179 0.00159978111018 0.00159956008394 0.00159953283253 0.00159954421623 0.00159930068816 0.00159956043189 0.00159988215415 0.00159924724802 0.00159923506476 0.00159928243549 0.00159883306025 0.00159951023989 0.00159901449524 0.00159964021787 0.00159980887982 0.0015993581667 0.00159972651379 0.00159946560104 0.00159951796774 0.00159937122872 0.00159918990672 0.00159907009972 0.00159896774537 0.00159902728209 0.00159944357591 0.00159921228487 0.00159933498142 0.00159945456936 0.00159920753728 0.00159986892092 0.00159990394173 0.0015998800754 0.00159959806631 0.00159956526647 0.00159939372319 0.00159948831869 0.00159934445497 0.00159931623833 0.00159989502336 0.00159963663305 0.00159940197272 0.00159963244966 0.00159939530473 0.00159953939263 0.00159951665206 0.00159928982928 0.00159947229915 0.00159963661609 0.00159945813226 0.00159945504976 0.00159991115869 0.00159933938602 0.00159982806118 0.0015992924661 0.00159994290315 0.00159959748499 0.00159952081579 0.00159934358896 0.00159985855783 0.00159950724551 0.00159963812148 0.00159987698764 0.00159936474389 0.00159995766612 0.00159968645217 0.00159970106498 0.00159944289518 0.0015999262907 0.00159891165532 0.00159894155323 0.0015992194643 0.00159962894639 0.0015994129017 0.00159967254794 0.00159890947984 0.00159934001046 0.00159978037999 0.00159937157055 0.00159962417912 0.00159933464601 0.00159942654374 0.00159973265361 0.001599580391 0.00159946188526 0.0015999022433 0.00159935906327 0.00159943566573 0.0015992679666 0.00159941189189 0.00159968415586 0.00159946572409 0.00159959178298 0.00159957326144 0.00159934651665 0.0015994608958 0.00159959038766 0.00159972159147 0.0015991401253 0.00159996984308 0.00159982814361 0.00159961186944 0.00159920805418 0.00159942834146 0.00159937892352 0.00159926319053 0.00159973581574 0.00159954520813 0.00159950437713 0.0015993673177 0.0015998939654 0.00159923372445 0.00159977281358 0.0015993899625 0.00159912589155 0.00159969369716 0.00159962023094 0.00159976353205 0.00159934873546 0.00159947724398 0.00159918221438 0.00159958347275 0.00159929017574 0.00159943662081 0.00159894168274 0.00159986289835 0.00159964892476 0.00159986220631 0.00159973493276 0.00159983533681 0.00159951928652 0.00159971441035 0.00159968957604 0.00159916731561 0.00159948919717 0.00159968396636 0.00159910897672 0.00159954907957 0.0015996821344 0.00159956563907 0.00159977041572 0.00159914165278 0.00159942049792 0.00159997823659 0.0015997467206 0.00159959965808 0.00159985917667 0.00159932062765 0.00159933024803 0.00159953311568 0.00159947862785 0.00159953548934 0.00159935164853 0.0015997011904 0.00159928367394 0.0015994673345 0.00159967306085 0.00159952959266 0.001599013925 0.00159993124758 0.00159979566417 0.00159891245045 0.00159964907789 0.00159900326732 0.00159906780414 0.0015994217469 0.00159952724076 0.00159945224715 0.00159950901871 0.00159978516008 0.00159962739488 0.00159986947558 0.00159960166786 0.00159941756448 0.00159930563081 0.00159917630537 0.00159907368426 0.00159950457139 0.00159937426345 0.00159949211252 0.00159995791637 0.00159920130907 0.00159944820809 0.00159936197692 0.0015999126126 0.0015990744936 0.00159995079654 0.00159915639707 0.00159939962843 0.0015999988329 0.0015997810835 0.0015996220753 0.00159971781144 0.00159966706169 0.00159925607424 0.00159932634381 0.00159939441645 0.00159973034698 0.00159965690199 0.001599609796 0.00159939462037 0.00159968894961 0.00159972130458 0.00159983825716 0.00159983487494 0.00159969421439 0.00159974878238 0.00159950173162 0.0015999083441 0.00159987747596 0.0015996024311 0.00159989886276 0.00159925649535 0.00159960527692 0.00159894474989 0.00159963944454 0.0015997385049 0.00159984368731 0.00159942907665 0.00159991511209 0.00159892147744 0.00159937143898 0.00159961474855 0.00159973536733 0.00159997268644 0.00159926698306 0.00159966502657 0.00159976409776 0.00159989452264 0.00159986342071 0.00159968530197 0.00159958377173 0.00159994241413 0.0015996168303 0.0015998475319 0.00159995086372 0.0015998302257 0.00159958263166 0.00159973075841 0.00159973907148 0.00159976552851 0.0015993426961 0.0015994823487 0.00159958079967 0.00159954019069 0.00159987176348 0.00159985300921 0.00159936589518 0.00159955699435 0.00159936816678 0.00159921778584 0.00159901476085 0.00159913323871 0.00159932873036 0.00159941976154 0.00159937989519 0.00159914932095 0.00159987464805 0.00159978894128 0.00159936125682 0.00159957183117 0.00159933452508 0.00159968405779 0.00159986424626 0.0015997148946 0.00159946019465 0.00159916143572 0.00159948327589 0.00159919032825 0.001599297168 0.00159955045956 0.00159958857459 0.00159938738907 0.00159972446986 0.00159952961353 0.00159956634716 0.0015992292825 0.0015988345996 0.00159996413452 0.00159892485732 0.00159930037064 0.00159919081059 0.00159976136383 0.00159975729411 0.00159989777346 0.00159982034205 0.00159970683071 0.00159970438759 0.00159951553012 0.00159956185139 0.00159930688593 0.00159939338666 0.00159988682235 0.00159965908852 0.00159965826154 0.00159988892098 0.00159991209517 0.00159998227799 0.00159958881034 0.00159994287857 0.00159944135554 0.00159952324523 0.00159988555148 0.00159995455015 0.0015999194729 0.00159971781887 0.00159972222523 0.00159992736646 0.00159960510315 0.00159988287828 0.00159959355176 0.00159921195298 0.00159955864782 0.00159938539601 0.00159968606229 0.0015994727924 0.00159989994885 0.00159960966849 0.00159988714042 0.00159950702544 0.00159946786558 0.00159963023117 0.00159979771285 0.00159972403608 0.00159968437076 0.00159923119978 0.00159934311207 0.00159978236061 0.00159942093 0.00159948769815 0.00159948188181 0.00159938879936 0.00159941927796 0.00159938150383 0.00159954543431 0.00159961363227 0.00159955652578 0.00159962364532 0.0015995120271 0.00159978462951 0.00159992338778 0.00159996240714 0.0015994701473 0.00159941216323 0.00159994129079 0.00159974689357 0.00159951396599 0.00159992844471 0.00159939779035 0.00159945837559 0.00159934160702 0.00159906364851 0.00159946212335 0.00159945549972 0.00159897259691 0.00159957117805 0.00159898276581 0.00159907913702 0.00159955994034 0.00159999174456 0.00159902993634 0.00159921818643 0.00159920204915 0.00159955746381 0.00159933705994 0.0015996299524 0.00159995004797 0.00159882330093 0.0015996501983 0.0015994689526 0.00159955047995 0.00159969329103 0.00159947233424 0.0015995992597 0.00159948343408 0.00159971860348 0.00159964032352 0.00159919197722 0.00159967982349 0.00159916520042 0.00159904712836 0.00159960611843 0.001599964196 0.00159939008401 0.00159948963497 0.00159932021261 0.00159930471295 0.0015993719235 0.00159990909855 0.0015994709476 0.00159990642449 0.00159995004114 0.00159989842129 0.0015994273217 0.00159966591772 0.00159957219884 0.0015993342774 0.0015994087881 0.0015992215755 0.00159953015447 0.00159940782746 0.00159958554508 0.00159923803709 0.00159977069683 0.00159927424993 0.00159976135831 0.00159992382312 0.00159991788341 0.00159994510021 0.00159995360604 0.00159996824187 0.00159969388814 0.00159978251406 0.00159983389665 0.00159975655593 0.00159939375452 0.00159916819054 0.00159928097253 0.0015993176849 0.00159923967523 0.00159975335918 0.00159964595455 0.00159941914331 0.00159967131496 0.00159885314867 0.00159964686695 0.00159919889246 0.00159930008519 0.00159963965806 0.00159888047012 0.0015993165659 0.00159927551413 0.00159907343946 0.00159973211188 0.00159931337359 0.00159982563729 0.00159940054972 0.00159957744279 0.00159962548509 0.00159948194422 0.00159930755865 0.00159933791454 0.00159944015174 0.00159933233286 0.00159991937397 0.0015998451792 0.00159935995728 0.00159985571121 0.00159954378808 0.00159972280861 0.00159908718412 0.0015995641683 0.00159995194956 0.001599507146 0.00159974531468 0.00159973319742 0.0015994261142 0.00159971055456 0.00159972007593 0.00159936187337 0.00159970374572 0.00159965693334 0.00159989087695 0.00159940020914 0.00159944612744 0.00159961963336 0.00159928692619 0.00159956016834 0.00159945603101 0.00159926254463 0.00159943557038 0.00159948737192 0.00159946472421 0.00159930864007 0.00159989477288 0.00159994016346 0.00159989581454 0.00159987745401 0.00159999676312 0.00159989929627 0.00159958211398 0.0015999171919 0.00159960068642 0.00159942510951 0.00159906731376 0.00159972060919 0.00159958316008 0.00159959179776 0.00159965425313 0.00159937116067 0.00159940838688 0.00159966655972 0.00159978417727 0.00159948623945 0.00159951288343 0.00159995148904 0.00159936440924 0.00159916492752 0.00159960963408 0.00159955032612 0.00159997940904 0.00159908148566 0.0015994854052 0.00159931342604 0.00159975616137 0.00159911422093 0.00159939485851 0.00159986414429 0.00159912218162 0.00159908901497 0.00159963365702 0.00159948813149 0.00159926141485 0.00159965430848 0.00159981020876 0.00159950134107 0.00159997086142 0.00159911240994 0.00159935382297 0.0015998216579 0.00159948036782 0.00159978503075 0.00159962095958 0.00159945070747 0.00159876164216 0.00159990305261 0.00159974004794 0.00159986229678 0.00159962526219 0.00159983180109 0.00159972145855 0.00159992540671 0.00159979440286 0.00159994326094 0.00159944955556 0.00159929476142 0.00159973562853 0.00159985413207 0.00159960395411 0.0015996770615 0.00159953813933 0.0015995012968 0.00159902137869 0.0015993090164 0.00159959634509 0.00159973931041 0.00159947330148 0.00159883040489 0.00159975233301 0.00159900192577 0.00159969044519 0.00159928005941 0.00159971352303 0.00159971906776 0.00159895046582 0.00159953504745 0.00159873641018 0.00159942483165 0.00159953222054 0.00159951484624 0.00159962133479 0.00159966484172 0.001599365591 0.00159942012741 0.00159960134909 0.00159943298891 0.00159920155008 0.00159990633938 0.00159911498066 0.00159885347645 0.00159940471472 0.00159942534773 0.00159957554176 0.00159975801085 0.00159943338899 0.00159944255165 0.00159962939371 0.00159951680155 0.00159985324263 0.00159975090952 0.00159955427337 0.00159973698516 0.00159970829952 0.00159967588951 0.00159987418815 0.00159936115844 0.00159993731481 0.00159936074607 0.00159945487849 0.00159953932301 0.00159952587951 0.00159960186371 0.00159969435658 0.0015997995594 0.00159992210268 0.00159988242266 0.00159991304625 0.00159986062897 0.00159940515351 0.00159921730993 0.00159989667825 0.00159985667247 0.00159978632471 0.00159950052617 0.00159993805527 0.00159940800971 0.00159936578871 0.00159898208379 0.00159953195045 0.00159995028367 0.00159944862988 0.00159967052794 0.00159992193667 0.00159915632067 0.00159941166604 0.00159928443935 0.00159936037564 0.00159943758116 0.0015997510844 0.00159993401865 0.00159995017593 0.00159914382485 0.00159949435841 0.00159932288144 0.00159958604709 0.00159953588786 0.00159975100472 0.00159941713398 0.00159966779989 0.00159965673844 0.00159977025451 0.0015997809308 0.00159917359873 0.0015994631506 0.00159918384684 0.00159918789286 0.00159968254961 0.00159956705484 0.00159958498839 0.00159935742548 0.00159930972161 0.00159922937636 0.00159953360098 0.0015996367332 0.00159975412293 0.0015997933523 0.00159954699957 0.00159923636334 0.00159934292422 0.0015996710679 0.00159971562512 0.00159953770272 0.00159962563166 0.00159982355287 0.00159965475767 0.00159994439908 0.00159992987919 0.0015997171722 0.00159963186798 0.00159963965005 0.00159993903695 0.00159976156061 0.00159971998328 0.00159976820522 0.00159977423059 0.00159982205535 0.0015997951963 0.00159986217293 0.00159993172429 0.00159990362437 0.0015999578734 0.00159990580314 0.00159980904568 0.00159884326394 0.00159962343825 0.00159969704233 0.00159931262823 0.00159977976136 0.00159922548441 0.00159958897768 0.00159963360489 0.0015997271356 0.00159945664548 0.0015996490348 0.0015999995119 0.00159968973976 0.00159974251275 0.0015998152484 0.00159990258399 0.00159986381192 0.00159991694168 0.00159983399135 0.00159995545344 0.00159961864721 0.00159962301751 0.00159984894499 0.00159947985887 0.00159960692465 0.00159950087839 0.00159982212397 0.00159997605882 0.00159963077506 0.00159983296555 0.00159911405268 0.00159964035258 0.00159974328319 0.00159937455088 0.00159927560391 0.00159906802069 0.00159986772552 0.00159942791908 0.00159985795352 0.0015995795655 0.00159977654869 0.00159932282851 0.00159928573749 0.00159925512924 0.00159970079569 0.00159904228011 0.00159941914936 0.00159919604489 0.0015992524049 0.00159979409206 0.00159955062251 0.0015989688817 0.00159972787877 0.00159883552676 0.00159983056444 0.00159981427288 0.00159954044161 0.00159994752859 0.00159968604421 0.00159974256392 0.0015996083684 0.00159978745279 0.00159959296646 0.00159984891713 0.00159937536305 0.00159973062371 0.001599421306 0.00159977995003 0.00159990751823 0.00159938611529 0.00159961568105 0.00159976989273 0.00159929719538 0.00159966062293 0.00159954927996 0.00159965623556 0.00159979539431 0.00159978373919 0.00159953413209 0.00159928883084 0.00159973644736 0.00159983292141 0.00159977440717 0.00159987126217 0.00159985729544 0.00159967377997 0.00159887075578 0.00159986141451 0.00159972649942 0.00159975817183 0.00159994975564 0.00159959239204 0.0015994622247 0.00159966068947 0.00159980845094 0.00159917428926 0.00159944170385 0.0015996611165 0.0015993649762 0.0015995342824 0.00159957273519 0.00159952018068 0.0015998229158 0.00159956854367 0.00159949137211 0.00159968312705 0.00159928706666 0.00159981246454 0.00159936531246 0.00159935508563 0.00159983279159 0.00159959708016 0.00159958029503 0.00159889076653 0.00159961910416 0.00159886505475 0.00159936900794 0.00159954613337 0.00159942209779 0.00159936757303 0.00159924164226 0.0015995744501 0.00159961929504 0.00159935929403 0.00159934205665 0.00159985744614 0.00159971560302 0.00159956272977 0.00159981022261 0.00159936672421 0.00159976320547 0.00159973491812 0.00159955226628 0.00159953519434 0.00159976445094 0.00159940570474 0.00159948740708 0.0015995170728 0.00159953425659 0.00159947219414 0.00159974597458 0.00159970089481 0.00159978246824 0.00159980149617 0.00159975551552 0.00159983099493 0.00159994470492 0.00159938217054 0.00159933207283 0.00159959918842 0.00159967011929 0.00159961442182 0.00159982381087 0.00159957218084 0.00159988080677 0.00159926304338 0.00159967316137 0.00159945896897 0.00159972022871 0.00159968312865 0.00159991173683 0.00159979745375 0.00159971785533 0.00159967712318 0.00159990377052 0.00159980945439 0.00159950429909 0.00159969891786 0.00159955819124 0.00159937678442 0.00159949442359 0.00159950033255 0.00159958621301 0.0015995426404 0.00159941463752 0.0015994417004 0.00159948431946 0.00159951562933 0.00159973713972 0.00159974579212 0.00159918867727 0.0015996582839 0.00159959491983 0.00159908395132 0.00159949214753 0.00159977246023 0.00159994696017 0.00159931814315 0.00159991339165 0.00159997983923 0.0015999279209 0.00159996837337 0.00159967015733 0.00159936376622 0.00159937382637 0.00159957467196 0.00159973886627 0.00159926312595 0.0015999305611 0.00159978030517 0.00159917248422 0.00159951301955 0.00159964510766 0.00159950303046 0.00159958917578 0.00159931041308 0.00159956553119 0.0015997353416 0.00159930669893 0.00159954879898 0.001599703613 0.00159992858109 0.00159980522796 0.00159973598639 0.00159956649783 0.00159974721226 0.00159952216781 0.00159953253513 0.00159952149633 0.00159984947082 0.00159978764999 0.00159978932888 0.00159928043382 0.00159953656193 0.00159993534949 0.00159938534991 0.00159978536901 0.001599349016 0.00159950103088 0.00159957723025 0.0015995098637 0.00159959965192 0.00159956412708 0.00159933057493 0.00159987124346 0.00159939897558 0.00159912905321 0.00159940412979 0.00159948628676 0.00159920646165 0.00159992786772 0.00159959827802 0.00159964019347 0.00159958994185 0.00159954504121 0.0015995935403 0.00159966162377 0.0015998926923 0.00159972498751 0.00159986889651 0.0015997702399 0.00159940298767 0.00159946310535 0.00159919944011 0.00159992800183 0.00159991856702 0.00159998959701 0.00159965427563 0.00159952364818 0.00159953076297 0.00159938188266 0.00159997636215 0.00159950575114 0.00159964734999 0.00159888831654 0.00159959807379 0.00159916303586 0.00159973628921 0.00159959437368 0.00159955122817 0.00159989748295 0.00159967622465 0.00159899577272 0.00159923399059 0.00159947823796 0.00159972359391 0.00159924021271 0.0015999385045 0.00159947747214 0.00159947138418 0.00159949009498 0.00159954306134 0.00159970651443 0.00159982535152 0.00159968683082 0.00159966793819 0.00159971229909 0.00159991049366 0.00159955823659 0.00159969063549 0.00159945636862 0.00159979480324 0.00159994632806 0.00159933885871 0.00159944652239 0.00159930443329 0.00159949510617 0.00159951610852 0.00159963671301 0.00159964826268 0.00159978990665 0.00159948520849 0.00159958089776 0.00159925361188 0.00159977213417 0.00159923876066 0.00159962802936 0.00159960495905 0.00159943411528 0.0015998977613 0.00159907294108 0.00159995464058 0.00159964356181 0.00159968530621 0.00159991913611 0.00159928748083 0.00159957038822 0.00159957585439 0.00159945920346 0.00159971297151 0.00159989256902 0.00159970046968 0.00159933898003 0.00159895997278 0.00159914406929 0.00159964756559 0.00159970988977 0.00159978615083 0.00159966749983 0.00159934413465 0.00159986529759 0.00159979433541 0.00159949067999 0.00159944252257 0.00159940016548 0.00159920088539 0.00159958326972 0.00159941265134 0.0015994092122 0.00159971634686 0.00159931191638 0.00159973043997 0.00159930340349 0.0015996221206 0.00159961764201 0.00159998198441 0.00159981307873 0.00159926823329 0.00159960604983 0.00159998361355 0.0015994325086 0.00159970351752 0.00159997268183 0.00159955136912 0.00159911623597 0.00159984478994 0.00159969398993 0.00159897412961 0.00159938214127 0.00159956237763 0.00159957181817 0.0015990760206 0.00159992899484 0.00159948853806 0.00159959487528 0.00159971055774 0.00159976401071 0.00159903848031 0.00159942872019 0.00159899427886 0.00159968619261 0.00159977115803 0.00159949113653 0.00159946071767 0.00159948833209 0.00159917126598 0.0015995231167 0.00159994224886 0.00159991063988 0.00159977089062 0.00159960110034 0.00159904201055 0.00159966277961 0.00159985841614 0.00159989454941 0.0015997921086 0.00159968004096 0.00159989703784 0.00159991797379 0.00159909978616 0.00159972866733 0.00159988132589 0.00159973359188 0.00159958027246 0.00159940762506 0.0015993995115 0.00159980128698 0.00159947219947 0.00159978297606 0.00159965111365 0.00159963027141 0.00159934768175 0.00159950832458 0.00159995228493 0.0015995896619 0.00159978681612 0.00159965351113 0.0015995746233 0.00159967054286 0.00159959395626 0.00159968357556 0.00159995582271 0.00159968660891 0.00159983415484 0.00159965137516 0.00159948626334 0.00159952055295 0.00159941180616 0.00159968527417 0.00159996338188 0.00159955119984 0.00159952306335 0.0015994275708 0.00159955251635 0.00159941998123 0.0015994720574 0.0015999138493 0.00159996588476 0.0015998279038 0.00159959297013 0.00159935748325 0.00159972208477 0.00159972022444 0.00159992726989 0.00159968785614 0.00159967992885 0.00159997724984 0.00159976884639 0.00159982822471 0.00159981790131 0.00159949148852 0.00159944299552 0.00159952802706 0.00159999629533 0.00159899845351 0.00159967557852 0.00159889576066 0.00159913364099 0.00159974211452 0.00159925961602 0.00159954029285 0.00159993007509 0.00159996266883 0.00159967684741 0.00159973136196 0.00159983038053 0.00159926259107 0.00159990170174 0.00159963376206 0.0015995852991 0.00159983819367 0.00159974776879 0.00159914450665 0.0015991777414 0.00159929922944 0.00159911977755 0.00159946924597 0.00159968871146 0.00159981671453 0.0015992477788 0.00159951622713 0.00159953407386 0.00159972388033 0.0015995889574 0.00159991312177 0.00159987606132 0.00159980644494 0.00159970781865 0.0015998883367 0.00159944564235 0.00159949103864 0.00159951863686 0.00159943885965 0.00159981421829 0.00159996898688 0.00159983217362 0.00159995868063 0.00159974572484 0.00159951595213 0.00159984284121 0.00159991345715 0.0015997680819 0.00159977363268 0.00159974261368 0.0015991291162 0.00159959250599 0.00159917347551 0.00159916699598 0.00159951421091 0.00159960552753 0.00159981450129 0.00159940199618 0.00159947416815 0.00159968867148 0.00159932027024 0.00159916485513 0.00159930622138 0.00159913919177 0.00159965562605 0.0015990157808 0.00159959867678 0.00159889048841 0.00159957240315 0.00159906895016 0.00159940629796 0.00159992764452 0.0015998689156 0.00159957028727 0.00159987691123 0.00159944434785 0.00159982481256 0.00159972329536 0.00159988379785 0.00159965062878 0.0015995587375 0.00159958273969 0.00159951936108 0.00159988700977 0.00159973126919 0.00159983730663 0.00159995867111 0.00159970041922 0.00159971789616 0.00159970884582 0.00159955960024 0.00159957515688 0.00159975624579 0.00159986793811 0.00159964998104 0.0015995510139 0.00159991477318 0.00159957175979 0.00159951720186 0.00159958102711 0.0015998921294 0.00159952806785 0.00159911796102 0.00159981750218 0.00159994163287 0.00159976165559 0.00159972331703 0.00159971828732 0.00159969948926 0.00159983020195 0.00159984410382 0.00159999450272 0.00159970369515 0.00159989300763 0.0015997706856 0.00159942305092 0.00159937284147 0.0015993919701 0.00159929287328 0.0015999615304 0.00159960792903 0.00159910836163 0.00159922017729 0.00159963703542 0.00159966048163 0.00159980070229 0.00159983252027 0.00159979594282 0.00159976400689 0.00159935537439 0.00159902657204 0.00159920213363 0.00159958621412 0.00159958901459 0.00159894593695 0.0015998575087 0.0015995857418 0.00159949297649 0.00159981332216 0.00159964631355 0.00159983865641 0.00159969929413 0.00159976306604 0.00159947930083 0.00159961950155 0.00159963011321 0.00159967754608 0.00159989162986 0.00159934819494 0.00159933763796 0.00159956566405 0.00159959063723 0.00159993027839 0.00159957913867 0.00159996396941 0.00159946495116 0.00159963559319 0.00159970148634 0.00159983603542 0.00159981583779 0.00159936040488 0.00159975428417 0.00159977864505 0.00159992387431 0.00159950709097 0.00159977240741 0.00159982367851 0.00159994442363 0.00159950926497 0.00159961881189 0.00159964834251 0.00159967143515 0.00159960575608 0.00159995493288 0.00159949582211 0.00159925197613 0.00159954485821 0.00159976586438 0.00159978644811 0.00159982149335 0.00159977300628 0.00159962066722 0.00159950113881 0.00159976171954 0.00159967570839 0.00159971237368 0.00159984873987 0.00159988371442 0.00159950182726 0.00159991213864 0.00159958326133 0.00159977974462 0.0015998300303 0.00159961194407 0.00159967343769 0.00159975457453 0.00159969139908 0.00159958573614 0.00159936557497 0.00159993640195 0.00159958025074 0.00159981313441 0.00159933482633 0.00159964286417 0.00159966558186 0.0015996127536 0.00159976284396 0.00159995050701 0.00159984893946 0.00159940858989 0.00159954575366 0.0015999212134 0.00159987229105 0.00159944976418 0.00159990692759 0.00159963322119 0.00159974664721 0.00159971802913 0.00159938351099 0.00159976262976 0.00159945733067 0.00159956035508 0.00159951211771 0.00159984495703 0.00159957883689 0.00159954912862 0.00159970927818 0.0015995846622 0.00159957478201 0.00159938928032 0.00159972427692 0.0015994726949 0.00159977421869 0.00159957649245 0.00159949078845 0.00159924415461 0.00159965780959 0.00159934898819 0.00159946065326 0.00159962644264 0.00159962218929 0.00159990697264 0.00159990774917 0.00159988984956 0.00159965112957 0.00159935394347 0.00159932150053 0.0015996932053 0.00159959038428 0.00159915828877 0.00159975013903 0.00159995411583 0.00159942419963 0.00159969776729 0.00159978607526 0.00159931738623 0.00159991341891 0.00159992553473 0.00159973437831 0.00159983812559 0.00159940706552 0.00159994072787 0.0015994345133 0.00159948795937 0.00159944244361 0.00159991265749 0.00159997128635 0.00159952099152 0.00159955383852 0.00159928694208 0.00159938091056 0.00159956231814 0.00159961185307 0.001599867364 0.00159973166523 0.00159960088961 0.00159972880482 0.00159971532527 0.00159965249678 0.00159945085574 0.00159934218181 0.00159938286092 0.0015996355678 0.00159986165316 0.00159970167025 0.00159945790771 0.00159970444075 0.00159985098898 0.00159931725475 0.00159984727602 0.00159975173787 0.00159944728993 0.00159915807729 0.00159920645269 0.00159874446769 0.00159939743144 0.00159939621724 0.00159906284425 0.00159959571424 0.00159997920962 0.0015990369502 0.00159912539525 0.00159984582653 0.00159967011729 0.00159969507956 0.00159977970236 0.00159991381081 0.00159942713122 0.00159991911949 0.00159958452915 0.00159977362621 0.00159982666539 0.00159964603934 0.00159985900027 0.00159994719781 0.0015993230202 0.00159984092132 0.00159999007901 0.0015995587099 0.00159949545283 0.00159951132621 0.00159971655658 0.00159947054829 0.00159958184076 0.00159979680273 0.00159974442721 0.00159976877085 0.0015997118753 0.0015995318001 0.00159924664922 0.00159946173404 0.00159949280981 0.00159957066551 0.00159997520358 0.00159990140743 0.00159913021545 0.00159970072679 0.00159919830196 0.00159942101017 0.00159997006199 0.0015995570118 0.00159946426592 0.00159996116115 0.00159989259407 0.00159989798596 0.00159990226517 0.00159988790683 0.00159980799601 0.00159950379796 0.00159953368236 0.00159990101202 0.00159992562009 0.00159966005752 0.00159984939893 0.00159956583919 0.00159968382932 0.0015995865683 0.00159967539417 0.00159961773948 0.0015994249715 0.00159921772395 0.00159964971353 0.00159929340466 0.0015996098231 0.00159950224991 0.00159942657816 0.00159952508681 0.00159917418368 0.00159998694625 0.00159920263815 0.00159979753028 0.00159888211284 0.00159947023633 0.00159995178791 0.00159979508579 0.00159967100579 0.00159941433188 0.00159990129498 0.00159989405471 0.00159989629352 0.00159974906244 0.00159987292598 0.00159981749364 0.0015996333205 0.00159966891849 0.00159958608528 0.00159993656458 0.00159994288964 0.0015998032091 0.00159954356426 0.00159991074794 0.00159953214301 0.00159971227149 0.00159966995385 0.00159965903299 0.00159960387859 0.00159978881749 0.00159994650513 0.00159929053373 0.00159918706967 0.00159944926771 0.00159922562092 0.00159940695445 0.00159963235652 0.00159939831222 0.00159945325507 0.00159915115835 0.00159962018509 0.00159960390477 0.00159939892244 0.00159969682063 0.00159979381484 0.0015996798718 0.00159979172402 0.00159975515035 0.00159958161491 0.00159972310547 0.00159952594693 0.00159961814236 0.0015996882828 0.00159962767965 0.00159989936495 0.0015991811942 0.00159934664475 0.00159958303565 0.00159933457728 0.00159922925109 0.00159947687752 0.00159974287424 0.00159965151583 0.00159969151865 0.00159969164062 0.00159971703147 0.00159927449612 0.00159990401742 0.00159994225997 0.00159994188978 0.00159967205801 0.00159913658936 0.00159989136948 0.00159909934352 0.00159965714767 0.00159991996521 0.0015992607326 0.00159974058473 0.00159974436363 0.00159971942571 0.00159967156646 0.001599864849 0.00159993027125 0.00159982163477 0.0015995924727 0.00159976991339 0.00159991062438 0.00159920560274 0.0015997192226 0.00159908763065 0.00159995303094 0.0015998629952 0.00159992910447 0.00159924033781 0.00159982231791 0.00159960099251 0.00159933947413 0.00159944149383 0.00159980947696 0.00159990820532 0.00159960864899 0.00159968232813 0.00159969306348 0.00159998008358 0.00159988624917 0.00159982935651 0.00159965729293 0.00159976666445 0.00159960735374 0.00159969969142 0.00159990083899 0.00159973791023 0.00159984586858 0.00159991222118 0.00159946311952 0.00159987754306 0.00159998375563 0.00159945554369 0.00159995694722 0.00159965706756 0.00159970175071 0.00159989761321 0.00159960026612 0.0015999877591 0.00159923764498 0.00159944837696 0.00159970551577 0.00159965708327 0.00159985152879 0.00159934213948 0.00159967290644 0.00159949307987 0.00159965843941 0.00159930057487 0.0015997578459 0.0015996365986 0.00159945348977 0.00159961383919 0.00159919223043 0.00159905063128 0.00159937755121 0.00159993222378 0.00159993865158 0.00159988926984 0.00159973655578 0.00159992634383 0.00159942879422 0.00159932704953 0.00159994056669 0.0015999433834 0.00159980838282 0.0015998938317 0.00159989060981 0.00159988879104 0.00159973097439 0.00159989690781 0.00159970201127 0.00159970623458 0.00159956054068 0.00159954460357 0.00159947519561 0.00159964266782 0.00159966722627 0.00159960342764 0.00159989739681 0.00159977546014 0.00159954123734 0.0015997939978 0.00159923334871 0.00159931095857 0.00159956525147 0.00159984683173 0.00159945301945 0.00159939820671 0.00159979259798 0.0015997600341 0.00159961851999 0.00159983699946 0.00159934529804 0.00159953517969 0.00159953097963 0.0015993602149 0.00159969016554 0.00159980454235 0.0015999180775 0.00159941645831 0.00159959677431 0.00159958861668 0.00159962355241 0.00159988403629 0.00159965298692 0.00159984739291 0.00159988132441 0.00159968264205 0.00159938986616 0.00159935956023 0.00159983382482 0.00159922755648 0.00159966793297 0.00159987334477 0.00159962037652 0.00159969275947 0.00159985788742 0.00159967914713 0.00159949679736 0.00159949930786 0.00159972280704 0.00159961994731 0.00159959796803 0.00159972307355 0.00159969559187 0.00159968323463 0.00159985211227 0.00159956676691 0.00159962450829 0.00159993960874 0.00159966709228 0.00159998299425 0.00159982536204 0.00159994491617 0.00159984212246 0.00159987888579 0.00159990246311 0.00159995222981 0.00159991970037 0.00159970233736 0.00159981150528 0.00159989286824 0.00159987555949 0.00159990299472 0.00159964366442 0.0015992059454 0.00159945478211 0.0015992273694 0.00159998379617 0.00159928969861 0.00159989538624 0.00159930489586 0.00159953085812 0.00159974112388 0.00159976358084 0.0015994346585 0.00159961044351 0.001599896528 0.00159963018281 0.00159937662717 0.00159958481996 0.00159963088605 0.00159977531474 0.00159967890275 0.00159934433531 0.0015995578531 0.00159950953907 0.00159973407216 0.00159920618026 0.00159954768676 0.00159932694709 0.00159974500404 0.0015997739107 0.001599337519 0.00159906957884 0.00159963648576 0.00159989998889 0.0015999639667 0.00159957111925 0.00159969044251 0.00159978343715 0.00159968817001 0.00159965981457 0.00159963452935 0.00159961468322 0.00159987465022 0.00159973181395 0.00159971045287 0.00159899055123 0.00159981514729 0.00159901478549 0.001599799869 0.00159991398736 0.00159994079439 0.00159990580443 0.00159946668213 0.0015992726162 0.00159981624821 0.00159989297784 0.00159961180952 0.00159951664276 0.00159926224198 0.00159972261716 0.00159960881128 0.00159983482411 0.0015991141348 0.00159985077452 0.00159991799911 0.00159973829987 0.00159973938911 0.00159979375453 0.00159983200946 0.00159952679806 0.00159953360782 0.00159945129045 0.00159915820156 0.00159965614796 0.00159991692304 0.0015993115935 0.00159904429221 0.00159987236509 0.00159986111407 0.00159993704904 0.00159986629066 0.0015990382812 0.00159986936282 0.0015995648624 0.0015996571003 0.00159949754582 0.00159969601629 0.00159944292682 0.00159977261597 0.00159986278708 0.00159961518434 0.00159940313706 0.00159962255184 0.00159927594395 0.00159960664616 0.00159918993723 0.00159953727599 0.00159954855588 0.00159992450384 0.00159926083944 0.0015994186395 0.00159997243558 0.00159918044759 0.00159896384588 0.00159987296445 0.00159987723149 0.00159995420032 0.00159976398484 0.00159942754201 0.00159978589818 0.00159995556924 0.00159946896186 0.00159940926862 0.00159966701102 0.00159976600598 0.00159947610133 0.00159992926377 0.00159954757814 0.00159900205411 0.00159913564174 0.00159992299975 0.00159941172568 0.00159969881929 0.00159940709176 0.00159985644623 0.00159947966104 0.00159986060112 0.00159987601231 0.0015998634532 0.00159992298602 0.00159956671033 0.00159986609048 0.00159971647648 0.00159947728436 0.00159982153579 0.00159965409534 0.00159963184368 0.00159955791795 0.00159981590077 0.00159990736958 0.00159985619729 0.00159996190987 0.00159990517563 0.00159925491935 0.00159983933375 0.00159962397779 0.00159997492712 0.00159966227571 0.00159993247391 0.00159993763754 0.00159965600491 0.00159941367147 0.00159952871228 0.00159992862014 0.00159958807715 0.0015999418789 0.0015999360358 0.00159993418425 0.00159995801311 0.00159955305726 0.00159963138106 0.00159965917189 0.00159957602579 0.00159963020121 0.00159965943648 0.00159985077345 0.00159985026273 0.00159963146291 0.00159968681794 0.00159988463493 0.00159987444145 0.00159991268675 0.00159966719274 0.00159950009246 0.00159958334745 0.00159968500557 0.00159969198737 0.00159982754341 0.00159967838579 0.00159985810354 0.00159984937192 0.00159990697147 0.00159965027893 0.00159952353174 0.00159956565111 0.00159927469334 0.00159944951811 0.00159966859572 0.00159985195801 0.00159973968982 0.00159966041066 0.00159995326459 0.00159946395198 0.00159946454345 0.00159996686329 0.00159992559311 0.00159963365716 0.00159939706655 0.00159926507866 0.00159976072469 0.00159959901244 0.00159963940637 0.00159943915305 0.00159950964365 0.00159922798987 0.0015998345 0.00159996485392 0.0015998753306 0.00159983432848 0.00159963623364 0.00159974797464 0.00159973706735 0.00159950921521 0.00159960911475 0.00159947827692 0.00159950380229 0.00159954368348 0.00159969755869 0.00159960263782 0.00159965617452 0.00159959203599 0.0015998989274 0.00159972478658 0.00159972402593 0.0015997376297 0.00159962252415 0.00159991749766 0.00159951256865 0.00159982311651 0.00159946923698 0.00159911743058 0.00159993457582 0.00159935493957 0.00159958656009 0.00159949269023 0.00159913373356 0.0015996221353 0.00159982859999 0.00159971764714 0.00159944295928 0.00159981438995 0.00159984687556 0.00159981026258 0.00159974832939 0.00159967680116 0.00159978956897 0.00159988473017 0.00159975075055 0.00159984730974 0.00159983336193 0.00159983799514 0.0015998050721 0.00159972869591 0.00159969718009 0.00159940531872 0.0015999397904 0.00159991831415 0.00159947683536 0.00159923036987 0.00159953648366 0.00159973342003 0.00159985708643 0.00159988953284 0.00159955701657 0.00159966460698 0.00159933765703 0.00159918376769 0.00159980513032 0.00159993702129 0.00159971670836 0.00159994076897 0.00159991960351 0.00159995691671 0.001599590215 0.00159981259564 0.00159980900054 0.00159990471459 0.00159911262024 0.00159955764377 0.00159971006062 0.00159964359301 0.00159971439429 0.00159977237255 0.00159983572859 0.0015994208522 0.00159901881006 0.00159947860082 0.00159921987178 0.00159942828549 0.00159961014315 0.00159976811873 0.00159938362704 0.00159954107446 0.0015996603483 0.00159989160397 0.00159943138039 0.00159949010105 0.0015993796161 0.00159967236626 0.00159976948829 0.00159987571476 0.00159997798764 0.00159966961432 0.00159933611491 0.0015998940601 0.00159979409514 0.0015997392994 0.00159957030247 0.00159961508422 0.00159957965815 0.00159975168237 0.00159977507342 0.00159931747252 0.00159986625351 0.00159976313824 0.00159951255886 0.00159955992445 0.0015999619655 0.00159992700954 0.00159988899219 0.00159975777743 0.00159962845462 0.0015998262525 0.00159988574072 0.00159991734925 0.00159982714904 0.00159991423952 0.00159996226439 0.0015998812539 0.00159937730871 0.00159982447137 0.00159947769462 0.00159942576183 0.00159928977289 0.00159992237314 0.00159983661644 0.00159954103504 0.00159993331683 0.00159931413896 0.00159993421887 0.00159923399609 0.00159953407664 0.00159980679391 0.00159974571581 0.00159972362673 0.00159960346666 0.00159917905607 0.0015995965035 0.00159969955834 0.00159970650322 0.00159970548226 0.00159992137727 0.00159975583593 0.00159927595931 0.00159944470236 0.00159953397479 0.00159992331198 0.00159982852 0.00159992817385 0.00159963757195 0.00159965041281 0.00159985528448 0.00159959950115 0.00159963508204 0.00159990922571 0.00159981342354 0.0015998901835 0.00159965342628 0.00159962924965 0.00159972364971 0.00159990584588 0.00159989706876 0.00159969420413 0.00159969694177 0.00159977404952 0.00159985475807 0.00159969189354 0.00159980416011 0.00159967548478 0.00159965872711 0.00159965905036 0.00159953643867 0.00159995940067 0.00159988269273 0.00159991992059 0.0015996547447 0.00159955726403 0.00159966141208 0.00159965456256 0.00159967355566 0.00159971704346 0.00159962090638 0.00159973023117 0.0015998218174 0.00159963185764 0.00159943963758 0.00159981655008 0.00159983937185 0.00159972313185 0.00159961353857 0.00159988415131 0.00159947260332 0.00159951539006 0.00159942515779 0.00159961138059 0.00159996943364 0.0015998457438 0.00159970942337 0.00159981205859 0.00159977997707 0.00159950501244 0.00159949841197 0.00159974490542 0.00159957980254 0.00159962148111 0.00159960943442 0.0015998226854 0.00159959643428 0.00159969410726 0.00159965181462 0.00159961269295 0.00159971744544 0.0015997442656 0.00159995231899 0.00159957857641 0.00159966393967 0.00159968538117 0.00159982835469 0.00159977912488 0.00159955662234 0.00159979043218 0.00159950527617 0.00159948629497 0.00159953699591 0.00159975504291 0.00159965639541 0.00159970616082 0.00159980476306 0.00159983476298 0.00159945959513 0.00159963414574 0.00159980862901 0.00159956226224 0.00159975373383 0.00159983801327 0.00159955023737 0.00159957470183 0.00159952977539 0.00159979691398 0.00159982486672 0.00159984891602 0.00159971046159 0.0015999284394 0.00159982085419 0.00159962326628 0.00159957692471 0.00159973634544 0.00159979280501 0.00159979299307 0.00159953417251 0.00159965237896 0.00159944891606 0.00159936898871 0.00159975748434 0.00159949417899 0.00159981853355 0.00159957936105 0.00159977280492 0.00159997441693 0.00159941375811 0.00159973682938 0.00159985817643 0.0015996719012 0.00159990114519 0.00159972979504 0.00159980426184 0.0015997631643 0.00159963109904 0.00159970224328 0.00159987075507 0.00159977324025 0.00159991114556 0.00159987940586 0.00159968805574 0.00159980246346 0.00159974476549 0.00159996485374 0.0015998484954 0.00159983376871 0.0015999159829 0.00159986480397 0.00159958319663 0.00159966363386 0.00159986449598 0.00159948687111 0.00159960244735 0.00159949565219 0.00159973935701 0.00159988126445 0.0015995642963 0.00159984278069 0.00159952942926 0.00159983856857 0.00159982290286 0.00159959916712 0.00159983760258 0.00159963139922 0.00159993780181 0.00159995898452 0.00159965464601 0.00159968612537 0.00159985902578 0.00159947111928 0.00159978925784 0.00159971218702 0.00159942302636 0.00159973134818 0.00159971395206 0.00159980226351 0.00159970803531 0.00159990999464 0.00159980809821 0.00159961707063 0.00159961049313 0.00159991707602 0.00159967196403 0.00159984647136 0.00159953669095 0.00159980584781 0.00159968830415 0.00159977111665 0.00159966459671 0.00159988616503 0.0015996191535 0.00159976725142 0.00159974783052 0.00159988075684 0.00159977951466 0.00159972600189 0.00159974076611 0.00159982470362 0.00159990622771 0.00159981376847 0.00159971191548 0.00159963989248 0.00159992648868 0.0015997837095 0.00159957696979 0.00159995370513 0.00159971800914 0.00159976974884 0.00159969804611 0.0015999024418 0.00159990674466 0.0015997576924 0.00159989305529 0.00159933247896 0.00159964943837 0.00159957218624 0.00159966629563 0.0015999560046 0.00159959757309 0.001599796438 0.00159977227602 0.00159979193983 0.00159970672661 0.00159985698997 0.00159998143285 0.00159978113667 0.00159969335273 0.00159971640452 0.00159971613759 0.00159988801151 0.00159982493351 0.00159948040605 0.00159945802646 0.00159952507094 0.00159980560464 0.00159975770087 0.00159979310969 0.00159952180565 0.0015998735508 0.00159995912493 0.00159972683317 0.00159945083274 0.00159967849056 0.00159980935297 0.00159989793906 0.00159976789211 0.00159972908234 0.0015995512033 0.00159983224616 0.0015995994653 0.00159987725689 0.0015996395272 0.00159984790928 0.00159963374005 0.00159977287188 0.00159969067272 0.0015998774059 0.00159985949838 0.00159986808535 0.00159984066324 0.00159952621665 0.00159984288712 0.00159985389017 0.00159994100036 0.00159964057425 0.00159978520448 0.00159985179773 0.00159975834857 0.0015997717547 0.00159974649845 0.00159976770936 0.00159992985594 0.00159995908375 0.00159987705567 0.0015996651863 0.00159972689211 0.00159981866621 0.00159970307142 0.0015997226417 0.00159939775614 0.00159971513978 0.00159978733034 0.00159992387545 0.00159973353164 0.00159993285162 0.00159975608777 0.00159934638203 0.00159971137927 0.00159953221091 0.00159961132302 0.00159943999489 0.00159989205125 0.00159976193088 0.00159970007733 0.00159952199705 0.00159964604184 0.00159971334668 0.00159965176847 0.00159985266581 0.00159948151769 0.00159974334679 0.00159970010593 0.00159963135387 0.00159982384028 0.00159972128101 0.00159934704491 0.00159988274739 0.00159963184605 0.00159952114504 0.00159964128067 0.00159971385351 0.00159969392124 0.00159987234504 0.00159982666245 0.00159951510891 0.00159981787586 0.00159995449659 0.00159967827203 0.00159980407197 0.00159967450142 0.00159999523854 0.00159991489403 0.00159997142298 0.00159995077342 0.00159985043007 0.00159986094382 0.00159997773022 0.0015998375954 0.00159919097174 0.00159962854163 0.0015998739894 0.00159962838691 0.00159959324198 0.00159989557543 0.00159995193075 0.00159954475934 0.00159981784472 0.00159983928787 0.00159983697803 0.00159985741714 0.00159978975615 0.00159981011542 0.00159987941689 0.00159978693024 0.00159979533668 0.00159985597911 0.00159984819664 0.00159987961925 0.00159978816918 0.00159960419938 0.0015997240425 0.00159978710466 0.00159945782799 0.00159960601628 0.00159956637913 0.00159977316012 0.00159967238472 0.00159948921935 0.00159953235024 0.00159950695101 0.00159991212243 0.00159988542595 0.00159996329345 0.00159963606921 0.00159985054551 0.00159985924064 0.00159997173929 0.00159961855002 0.001599632868 0.00159977389749 0.00159985474619 0.0015998293073 0.00159978769664 0.00159982008667 0.00159968009505 0.0015996705428 0.00159961305875 0.00159996470445 0.00159957784931 0.00159972170509 0.00159989947658 0.00159983606992 0.00159977456934 0.00159974660722 0.00159983192002 0.00159987168086 0.00159954777165 0.00159978543677 0.00159989696783 0.0015997746836 0.00159988896145 0.00159996658302 0.00159995222136 0.00159979185093 0.00159979021068 0.00159974002551 0.00159972518985 0.00159975793669 0.00159977832018 0.0015998247768 0.00159963860774 0.00159990937614 0.00159995277933 0.00159984636066 0.00159978709836 0.00159978342166 0.00159978992105 0.00159963210979 0.0015999336442 0.00159992890327 0.00159996601304 0.00159949532437 0.00159954518551 0.00159960268253 0.00159975922113 0.00159953810656 0.0015993049928 0.00159951767514 0.00159992885781 0.001599519741 0.00159986529355 0.00159981250396 0.00159985538135 0.00159984542755 0.00159985176407 0.00159954240261 0.00159992282841 0.0015998530225 0.00159977290008 0.00159991232203 0.0015997817752 0.00159970750009 0.00159991893431 0.00159988954371 0.00159977243658 0.00159962910204 0.00159972945553 0.00159994550559 0.0015997527685 0.00159984361144 0.00159983728221 0.00159976393653 0.00159977526367 0.00159995770935 0.00159961043972 0.00159954014155 0.00159963345643 0.00159975175076 0.00159990385655 0.00159980171828 0.00159997011875 0.0015996908416 0.00159971498717 0.00159970616698 0.00159971792903 0.00159961728837 0.00159975816594 0.00159954630179 0.00159976790404 0.00159962269119 0.0015999521567 0.00159977427161 0.00159988216736 0.00159979430951 0.00159992209637 0.00159972309385 0.00159970174393 0.00159969953004 0.00159949574956 0.00159956994818 0.00159974790085 0.00159994798886 0.00159981799777 0.00159967827415 0.00159966186284 0.00159983202273 0.00159978321079 0.00159985853795 0.00159968948216 0.00159964245388 0.00159965738743 0.00159985510371 0.00159988526564 0.00159965610559 0.00159983687512 0.00159995462824 0.00159963921075 0.00159954205536 0.0015998469802 0.00159987215793 0.00159954122718 0.00159951840057 0.00159992034477 0.00159977508462 0.00159955120231 0.00159978398806 0.00159978573162 0.00159976728362 0.00159987525539 0.00159931442368 0.00159962699657 0.00159962205462 0.0015999661907 0.00159991334826 0.00159975696552 0.00159960808955 0.00159919874327 0.00159993119929 0.00159986940978 0.00159979823454 0.00159984554 0.00159988016107 0.00159986589616 0.00159990857703 0.00159961801161 0.00159976649897 0.00159976406086 0.00159977898742 0.00159981616112 0.00159984673547 0.00159979336149 0.001599830497 0.00159979494951 0.00159986333963 0.0015997503266 0.00159978690243 0.00159973025494 0.00159981419987 0.00159982274925 0.00159997683573 0.00159956036517 0.00159977650714 0.00159977666943 0.00159969383506 0.00159986157116 0.00159983194356 0.00159969584883 0.00159988120407 0.00159976245982 0.00159978468643 0.00159977716429 0.00159974882878 0.00159978984787 0.00159987565251 0.00159994243953 0.0015999328102 0.00159994608644 0.00159995099366 0.00159982881367 0.001599798001 0.00159983377416 0.00159983388968 0.00159959796185 0.00159958254293 0.00159984847813 0.0015997945404 0.00159958756873 0.00159994378746 0.00159978600763 0.00159989666849 0.00159985749839 0.00159984226403 0.00159982874407 0.00159986665811 0.00159987190565 0.00159998346168 0.00159981309155 0.00159992998141 0.00159987477493 0.00159977114265 0.00159989747297 0.00159989963745 0.00159990510003 0.00159984693279 0.00159961807631 0.00159976361868 0.00159967211432 0.0015997719722 0.00159992854509 0.0015997296573 0.00159960098435 0.00159973914432 0.00159971421998 0.0015997519829 0.00159972369986 0.0015998784706 0.00159996413509 0.00159986453322 0.00159981663379 0.00159989084514 0.00159991130956 0.00159977432807 0.00159982912926 0.0015997229697 0.00159989559487 0.00159999250231 0.00159987301693 0.00159996380801 0.00159977779134 0.00159990882479 0.00159988025139 0.00159996136852 0.00159988972863 0.00159984373786 0.00159991799072 0.00159995341618 0.00159964255644 0.00159978638231 0.00159981392957 0.00159968221248 0.00159976805362 0.00159979534376 0.001599553538 0.0015998739096 0.00159987464398 0.00159987483596 0.00159987025852 0.00159955114773 0.00159980475203 0.00159984285387 0.0015996003329 0.00159983677262 0.00159979020693 0.00159991905008 0.00159993244718 0.00159983277997 0.00159982266469 0.0015999086185 0.00159986803199 0.00159978953224 0.00159990511878 0.00159987875349 0.00159979911639 0.00159977880962 0.00159970525572 0.00159974839155 0.00159980859253 0.00159974286161 0.00159986221165 0.00159997734716 0.00159995332713 0.00159994617917 0.00159989227366 0.00159996048538 0.00159993538151 0.00159987182052 0.00159988445475 0.001599936274 0.00159982858398 0.00159986452779 0.00159995934012 0.00159981622501 0.0015999534235 0.0015998156628 0.00159977185288 0.00159990347569 0.00159978752107 0.00159985934633 0.00159981048321 0.00159970418052 0.00159961712108 0.00159983925634 0.00159986336262 0.00159994651646 0.00159998059549 0.00159989557986 0.00159993238843 0.00159980869801 0.00159997887584 0.00159988177932 0.00159977576866 0.00159984032155 0.00159978843377 0.00159987839882 0.00159985092732 0.00159986722428 0.00159981986806 0.00159964487576 0.00159983405 0.00159959749117 0.00159987077022 0.00159978805396 0.00159989046257 0.00159981687239 0.00159984234725 0.00159975733272 0.00159981915203 0.00159984469011 0.00159983972225 0.0015998849969 0.00159986129834 0.00159970509601 0.00159972390824 0.00159980724415 0.00159957658549 0.00159990303032 0.00159982941068 0.00159986112886 0.00159985901483 0.00159993564424 0.00159990445707 0.00159989391252 0.00159989984952 0.00159994152615 0.00159995140544 0.00159988919185 0.0015995711108 0.00159988116144 0.0015999906337 0.00159982523874 0.00159984143009 0.00159981241437 0.00159972101169 0.00159982950701 0.00159992942535 0.00159988063427 0.00159975729097 0.00159983812484 0.00159985121995 0.00159964129389 0.00159983344197 0.00159968642656 0.00159978911443 0.00159982326101 0.00159984543658 0.00159991752781 0.00159986847736 0.00159988808206 0.00159986007566 0.0015998461782 0.001599847569 0.00159985230528 0.00159984701413 0.00159993044555 0.00159983717285 0.00159987401463 0.00159996247382 0.00159986306789 0.00159984134898 0.00159985003174 0.0015998672703 0.00159976711304 0.00159987460712 0.00159982884633 0.00159973659527 0.00159977566252 0.00159995556977 0.00159987334284 0.0015999062254 0.00159987795486 0.00159992635821 0.00159990947396 0.00159985139694 0.00159959488154 0.00159960039458 0.0015998768886 0.00159973675384 0.00159980455924 0.00159990510664 0.00159980337685 0.00159990285086 0.00159991406871 0.00159985598286 0.00159990504135 0.00159991757402 0.00159992441405 0.00159983081932 0.00159997354102 0.00159995382184 0.00159970784986 0.0015999202473 0.00159988530365 0.00159984571459 0.00159990929832 0.00159991235523 0.00159983009342 0.00159984824912 0.00159987500549 0.00159988512744 0.00159992678318 0.00159993630288 0.00159964939367 0.00159972840672 0.0015996193092 0.00159988849507 0.00159986701748 0.0015999025232 0.00159974050982 0.00159984071538 0.00159981855171 0.00159989523603 0.00159969354073 0.00159987506068 0.00159987332514 0.00159991149812 0.00159993050672 0.00159993708964 0.00159992662607 0.00159988691717 0.00159965220731 0.00159984366533 0.00159968854233 0.00159982307276 0.00159981944642 0.00159986428124 0.0015998116706 0.0015999899049 0.00159980283857 0.00159976284548 0.00159999099875 0.00159978771671 0.00159984760466 0.0015996533245 0.00159982619361 0.00159991516566 0.00159982533655 0.00159981629449 0.00159995376194 0.00159993025469 0.00159993511133 0.00159987927917 0.00159992081265 0.00159966139983 0.00159972097515 0.00159991869741 0.00159984307629 0.00159987128859 0.00159995189192 0.00159968281707 0.00159981690516 0.00159992654012 0.00159991894266 0.00159981885607 0.0015998029109 0.00159974168836 0.00159974103826 0.00159975382711 0.00159988922735 0.00159977930155 0.00159985519435 0.00159994908245 0.00159982411547 0.00159986768954 0.00159981826838 0.00159982309591 0.00159988127077 0.00159985001838 0.00159974695667 0.00159977975147 0.00159982359503 0.00159973659619 0.00159959664007 0.00159986312404 0.00159979257345 0.00159983656117 0.0015999537514 0.00159982432646 0.00159991886075 0.0015998039906 0.00159990696935 0.00159960444571 0.0015998553417 0.00159977317832 0.00159985207821 0.00159987827555 0.00159987793784 0.00159991752152 0.00159993450445 0.00159995807656 0.00159997606422 0.0015998619145 0.00159989620582 0.00159981271599 0.00159978109677 0.00159982272519 0.00159990654118 0.00159977906551 0.00159982500645 0.00159990937613 0.00159987585668 0.00159986618862 0.00159991372139 0.00159984142146 0.00159983933349 0.00159992236452 0.00159994371641 0.00159976675656 0.00159985328501 0.00159973669181 0.00159951768669 0.00159987593536 0.00159955993034 0.00159989864986 0.00159992459932 0.00159986487567 0.00159988524413 0.00159988868653 0.0015997231582 0.00159987112444 0.00159986476239 0.00159981445116 0.00159973059568 0.00159987173054 0.00159988599276 0.00159994704491 0.00159993810234 0.00159997916533 0.00159967742425 0.00159994892964 0.0015997779738 0.00159970257999 0.0015998417725 0.00159974081996 0.00159986895006 0.00159964622179 0.0015998731814 0.00159985465245 0.00159968297719 0.00159986764442 0.00159994128868 0.00159991456217 0.00159977458745 0.00159989085352 0.00159988300576 0.00159990356411 0.00159988266948 0.00159990906589 0.00159970646199 0.0015997736224 0.00159983411859 0.00159993604296 0.0015998269341 0.00159986740628 0.00159987546337 0.0015999525704 0.0015997108264 0.00159988933571 0.00159998571272 0.00159992162619 0.00159974303375 0.00159975974136 0.00159990368799 0.00159990621878 0.00159992266035 0.00159993102929 0.00159987637969 0.00159986426249 0.00159989471206 0.0015997929583 0.00159997181946 0.00159990415435 0.00159988732084 0.00159976704626 0.00159981588595 0.00159995367764 0.00159979532039 0.00159976082067 0.00159992420688 0.00159983006387 0.00159986381498 0.0015998373743 0.00159995895826 0.00159991735021 0.00159984626957 0.00159975757764 0.00159988412762 0.00159963954018 0.00159980009447 0.00159991730785 0.00159997450646 0.00159993204993 0.00159993219652 0.00159992052673 0.00159982287637 0.00159984438662 0.00159986364488 0.00159992327172 0.00159991950377 0.00159994247266 0.00159979305236 0.00159995907293 0.00159990941906 0.001599913419 0.00159985739567 0.00159971474256 0.00159987668208 0.00159977223723 0.00159987158897 0.00159984070486 0.00159979143615 0.00159979709314 0.00159991413345 0.00159993706761 0.00159993265038 0.00159990284355 0.0015998541606 0.00159992355278 0.00159995477709 0.00159989583987 0.00159993173448 0.00159995957885 0.00159984340176 0.00159979939631 0.00159980690288 0.00159996634544 0.00159980508532 0.00159986637131 0.00159994279586 0.00159987983806 0.00159986225648 0.00159998347451 0.0015999293808 0.00159977734444 0.00159986655342 0.00159993359718 0.00159994521457 0.00159975533122 0.00159995566968 0.00159983757569 0.00159993070884 0.00159991650175 0.00159977423614 0.00159990174168 0.0015997794502 0.00159996208263 0.00159990775491 0.00159975329976 0.00159993592761 0.00159981357884 0.00159984820667 0.00159988100979 0.00159980208567 0.0015999199119 0.00159991489034 0.00159994601144 0.00159982412726 0.00159993135769 0.001599890114 0.00159977997565 0.00159989531927 0.00159994715499 0.00159988570225 0.00159989707054 0.00159991050949 0.00159984534863 0.00159987598062 0.00159990477353 0.00159991502149 0.00159997189783 0.00159993930609 0.00159991752939 0.00159983430064 0.00159992340201 0.00159995503053 0.00159996141564 0.00159987692521 0.00159989821261 0.00159994150035 0.00159989442994 0.00159986090637 0.00159987971383 0.00159990744171 0.00159995343751 0.00159990031195 0.00159989311707 0.0015999313115 0.00159996088934 0.00159997583391 0.00159982201185 0.00159992494121 0.0015999518891 0.00159991634279 0.00159987887269 0.00159987894227 0.00159991606743 0.00159995114225 0.00159986248228 0.00159990310063 0.00159988400399 0.00159996502035 0.00159988697603 0.00159991484357 0.00159994481874 0.00159989907576 0.0015998629282 0.00159993219604 0.00159991896404 0.00159996904469 0.00159991837204 0.00159986188988 0.0015999554948 0.00159994494156 0.00159988153114 0.00159995260257 0.00159984402541 0.00159991481678 0.00159994448455 0.00159993908549 0.00159996065032 0.00159993137281 0.00159989975179 0.00159987876179 0.00159992406404 0.0015998975701 0.00159987342275 0.00159996167272 0.00159993088125 0.00159995773457 0.00159996189007 0.00159994625036 0.00159990005932 0.00159992820816 0.00159995458576 0.00159992530391 0.00159994476511 0.00159990802058 0.00159992392716 0.0015999612253 0.00159991764414 0.0015999027826 0.00159993411928 0.00159992376681 0.00159991473109 0.00159992152013 0.00159991783355 0.00159990381698 0.00159994068527 0.00159987199178 0.00159994553896 0.00159991520617 0.00159994952495 0.00159993538892 0.00159996259871 0.00159986788408 0.00159985539858 0.00159996819596 0.00159992774704 0.00159991693094 0.00159991273477 0.00159991825721 0.00159995557067 0.0015999577883 0.00159990664154 0.00159993676575 0.00159992765159 0.0015999364549 0.00159995856849 0.0015999728375 0.00159995103859 0.00159997732192 0.00159995029454 0.0015999414205 0.00159997746614 0.00159990622285 0.00159996032873 0.00159991489496 0.00159995985944 0.00159993865583 0.00159992915658 0.00159995340389 0.00159995755199 0.00159993999114 0.00159994218625 0.00159992343311 0.00159995331518 0.001599880919 0.00159997927288 0.00159989464084 0.00159993206691 0.00159995500316 0.00159988059509 0.00159991425888 0.00159994432983 0.00159979981706 0.00159989942135 0.00159988866667 0.00159993402765 0.0015999362786 0.00159995621179 0.00159990427034 0.00159994248065 0.00159996817958 0.0015999266147 0.00159999317229 0.00159993802491 0.00159995083658 0.00159983110926 0.00159991680829 0.00159991626572 0.00159992349278 0.00159990566602 0.00159988654578 0.00159994735926 0.00159994227233 0.00159987615348 0.00159993420532 0.0015999382214 0.00159992602378 0.00159996127234 0.00159995822636 0.00159995062055 0.00159993752741 0.00159995195273 0.00159989041262 0.00159992093663 0.0015998628317 0.00159991078437 0.00159992519393 0.00159994292186 0.00159995345311 0.0015999104146 0.00159994033971 0.00159997283054 0.00159992173899 0.00159996412428 0.00159987906217 0.00159984800462 0.00159991754186 0.00159990291034 0.00159984759794
</DataArray>
        <DataArray type="Float64" Name="contact_force" NumberOfComponents="1" format="ascii">
0.00115485738001 0.000145918608218 0.00104694473469 0.00160706205765 0.000643359096899 3.5420628215e-05 0.000641829264814 0.000443276210573 0.000263655165291 0.000211236161761 0.000144407821689 0.000880303742048 2.01325291473e-05 0.000387919384456 0.000663195298482 0.000650336507148 0.000826167568797 0.000380691974583 0.000280813669848 0.000145436255315 0.000512655686695 0.000632690530848 0.000232991746122 0.000251634284589 0.000532663708293 0.000197118969459 0.000103488860899 1.89994733401e-05 3.10693990058e-05 2.02027339825e-05 4.06285602562e-05 0.000251407152546 0.000334970076224 0.000298168627715 2.56997939384e-05 0.000184060746765 0.000626507393513 0.000364160776538 0.000126887785322 0.000307857169973 0.000211357542331 0.00059424055255 0.000502501692931 0.000176907350486 9.19106771606e-05 0.00035177661754 0.000197017550971 0.000281461383793 0.00101410176286 0.00092037152092 0.00056715071172 0.000975564020922 0.000252266690711 0.00100932548461 0.000195579422222 0.000181411689741 0.00136050667334 0.00100067055651 0.000650709136824 0.000727516229067 0.00071781812268 0.000864058213377 0.000847411282971 0.00130628592628 7.05365926339e-05 0.00197836653947 0.000447885717404 0.000111234000328 0.000393234755376 0.000343660434594 0.000680841927328 0.000700211337547 0.000280114592 0.000562865161336 0.000750617951862 0.000642855784519 0.000435102609534 0.000508232280918 0.000355748308019 0.000849228444998 0.000485428858131 0.000409418112946 0.000678313214932 0.000996958612241 0.00137422693928 0.00101398878747 0.000119092873408 0.000148411296037 0.000131422547952 7.10933186136e-05 0.000297989127329 6.08879235625e-05 0.000271514729374 0.000182683119241 3.45363134144e-05 0.000152177640349 0.000246114273186 0.000393407193807 0.000519555993447 0.000478150082726 0.000212940397682 0.000314234725132 0.000163863647898 0.000107583103724 0.000602896982658 0.000252806846405 0.000424855203832 0.00022211675108 0.000169801129746 9.06327756745e-05 0.000190485986716 0.000338676120861 0.000188108190974 0.000555756656453 0.000527825884331 0.000276748988321 0.000691636159944 0.000323525880449 0.000687201740827 0.000177586186426 0.000364393248204 0.000458183291514 0.000121232748561 3.50073989787e-05 8.52636209592e-05 0.000223520917262 0.000440622431537 4.27540414721e-05 0.000743446555788 0.000843606037653 0.00282459690845 0.00186169542314 0.0013336187573 9.34635615182e-05 0.000733845574818 0.000465444508928 0.00133586658724 0.000794920934167 0.00105365353666 0.00184182917917 0.000581190758944 4.21514789746e-05 2.57902261956e-05 4.69870198515e-06 5.24180789369e-06 0.00139307864968 0.00110288631883 0.000567086249947 0.00039141831334 0.000598316061165 0.000811016020583 0.00012394993441 8.38220863016e-05 0.000650571617272 0.000500356410535 0.00100131204777 0.00103476799369 0.000914621480129 0.00119382342789 0.000859215199778 0.000154544078925 0.000602673150128 4.12916676515e-05 0.000822322258422 0.000533128484076 0.00105037662639 0.000926001537382 6.48606492281e-05 0.000801912140848 0.000898777666912 0.00139556874917 0.000139956020335 0.000216454298859 0.0012832799949 0.000525484549899 0.00117832525321 0.000286589047687 0.000467153460228 0.00138770134591 0.000555511376757 0.000294224483664 0.000418239928592 0.000702475471359 0.000324584044555 0.000555835680799 0.000201614410611 0.000697216400812 9.79258698148e-05 0.000886433683606 0.000487727350213 0.000147627979345 0.000658975195908 0.000149438266505 0.000244877221457 3.54963878989e-05 2.49366230287e-05 3.03377575988e-05 7.86434619068e-05 0.000133652620402 0.000109774847624 0.0013764974294 0.000625878138547 0.00011101539834 0.000676790856121 0.00061676439773 0.00103336973312 0.000300842458289 0.000303089226778 0.000346186898384 0.000164038080304 0.000630312114359 0.000304588407373 0.000501593502657 0.000681179170815 0.000156658289871 0.00132281719779 0.000225097199087 0.00127328526881 0.000224032118927 0.00148638097877 0.000324064560905 0.000634941823272 0.000235639886231 0.000332860432011 0.000432722251726 0.000660984826928 0.000802453075896 0.000368156017716 0.000481762730875 0.000485141165293 0.00234749579789 0.00129587995616 0.00115732232611 0.000455998979391 0.00043946887555 1.24495308076e-05 0.00092163672119 0.000351641651963 0.000226555492248 0.00118348747926 0.000638480100703 0.000981243076062 0.000434597170494 0.000370504244954 0.000196366615624 0.00105135571627 9.45322883799e-06 0.00116540687978 0.000826691676462 6.72092691804e-06 0.00104210246545 0.000270551124657 0.000339819892976 0.000807966451671 0.000655618305403 0.00161164542369 0.000186611688355 0.000990913637264 0.00112313504115 0.000246730817815 0.000140274426336 0.000205447620249 2.34311490258e-05 0.000181870718309 0.000210366859882 0.000304600197346 0.000553778919593 0.000628374545964 0.000840044523482 0.000771725442843 0.000578493347743 3.22656010503e-05 7.94479898994e-06 1.18775636894e-05 0.000388057386787 0.000477969592582 0.000153091995541 0.000788868702305 0.000307255644233 0.000547379209047 0.000620551898832 4.25780708926e-05 0.000495119087809 0.00172473649779 0.00106052154808 0.000680160226924 0.00101703131713 0.00224424702973 0.000322755015515 0.000414576118047 0.000382457906012 0.000517978732716 0.000108469963202 2.89780518997e-05 1.11377601243e-05 2.06007596306e-05 0.000265316673018 2.7363809858e-05 0.000466062403046 0.000327711265024 0.00016599980428 0.000183227295149 0.000135120549764 0.000487089889244 0.000799704423087 0.000644165636612 0.000223625252481 0.000419027204028 0.000876856885573 1.67621667334e-05 0.000497278667697 0.000530505392192 0.000609892750198 7.29388201879e-05 0.000667270061943 0.000574222819219 0.000519697095961 0.000450535046307 0.000645795038459 0.000371455868117 0.000340901927628 0.000396391264383 0.00047095225435 0.000448770337233 0.000441478581369 0.000127178723783 0.00013977262806 3.9131422721e-05 0.000134897232449 0.0013444829004 0.000426383209284 0.00121242830633 0.000864913633678 0.000533027471073 0.000748443871767 0.000193378274637 0.00071555404847 0.000339510903302 0.000239107397815 0.000546869421288 0.000556957558214 0.000768120875096 0.000586395077539 0.00146214343306 0.000938861406504 0.00117295137205 0.000255537891257 0.000182198915745 0.0010569031855 1.90916498538e-06 0.000663429968246 0.000391387440448 0.000636238890221 0.000600692909056 0.000350715669023 0.000171968207163 0.000963732001705 7.74536815435e-05 0.00133700168827 0.000453741643318 0.000217975195265 9.36012234836e-05 0.000602543316193 0.000501786232745 0.000317452845386 0.000904025497033 0.00135634831924 0.000632163919229 0.00116409001363 9.84403699069e-05 0.00126186806586 0.000474928058539 0.00107861703518 0.000585662253585 0.000534419532296 0.000287679082955 0.000196463359856 0.000148614611366 0.000658485714173 0.000549334076394 8.57297595712e-05 0.000910777261803 9.50112582473e-05 0.000117003261798 0.000330359571856 7.33822738043e-05 8.57767665981e-05 0.000810242751736 0.000712944532137 0.000294513720001 7.19955063086e-05 0.000755881524524 0.000754882207439 0.000829821189549 0.000265261457608 0.00137136975007 0.000675307166851 0.00123244137733 0.000191950591972 0.00183820122264 0.000832452367021 0.00041891876148 0.000660899907819 0.000487188358787 0.0017088417082 0.00081255020523 5.30290635829e-05 0.000461363683688 0.000551312302497 4.66540102333e-06 0.000306571197696 2.46305743802e-05 0.000352193332268 9.44302198667e-05 0.000282504197039 0.00234515130312 0.000736066542348 0.000536639279874 0.00143507449005 0.00145713329388 0.000282559443148 0.000926953854019 0.00130555428704 0.000727792278897 0.000819013535811 0.000493915359267 0.000566945868866 0.00079135707685 0.000640890672405 0.000231182134774 3.96939365196e-05 0.000144261618176 0.000128420355257 4.34039318806e-05 0.000856615686524 0.000759659973677 0.000407238810328 2.03336754146e-05 0.000853622471414 0.000432226979051 0.000224247514069 0.000392779146198 0.000778399933678 0.00177299375533 0.000203692902082 3.68650794254e-05 0.000643565512371 2.98661565772e-05 0.0010168204325 0.000730408627546 0.000624772528399 0.000584485335023 0.00041109666162 0.00150397610946 0.0007344024055 0.000712215685851 0.000180097727009 0.000596680246722 0.000195351322329 0.00150187687968 0.000127533121919 9.49335571205e-05 0.000149722152909 0.000649927371279 0.000647116425934 7.54682292561e-05 0.00087583565316 0.0011714545338 0.000950133023076 4.52640477436e-05 0.000508959978083 3.51899044329e-06 0.000873858691558 8.70105145553e-05 0.000320864527405 0.000659005528492 0.000475289265638 0.000102990162781 0.00045537584947 1.64696393219e-05 0.000202815310733 0.00029634176004 0.00033690320788 0.000298492502218 0.000372593860069 1.93067046218e-05 0.000588271736632 0.000403694427895 0.000204596411571 0.000859368484203 0.000897566401406 0.00065000627881 0.000892648332434 0.000274020510892 7.59590029828e-05 0.0001246917366 0.000514817009167 0.00036347945065 5.05992641562e-05 0.00103446102408 1.83717059544e-06 0.000164689458234 0.0015748487569 0.000735168117111 0.000862035495515 0.000774221723002 0.000355413626238 0.000280914110452 0.000152484583201 0.00050495954223 0.000414521329861 0.000762520679504 0.000160734381455 0.000382865644171 0.000675807394982 0.000133230861179 0.000585404912729 0.00104958585417 0.000209469030845 0.000312304143638 0.000324036515553 9.03370790422e-06 0.000456738585161 3.84756409757e-05 6.81093732262e-05 9.61785292446e-05 0.000130567785837 7.99344921987e-05 0.000171742221263 9.74888999161e-05 2.43586726725e-05 0.000237654244814 7.72278737403e-06 0.000553671299655 0.000412727163445 0.000576429748095 0.000691566976516 0.000832931409448 0.00144094070282 0.000777886315037 0.00205726063379 5.02604063734e-05 6.32845153378e-05 0.000413558691273 0.00067903199418 0.000637076518232 0.00191647937179 5.52110944034e-05 0.000570874981441 3.57077824846e-05 0.00060933246987 0.00105185192228 0.00155961188495 0.000855607094135 6.11152355368e-05 0.000592335362862 0.000409713951453 0.000532394878203 0.000668073239759 0.000474771768779 0.000192333088434 0.000921499614965 0.000124365315353 7.50652173069e-05 3.8645000311e-05 0.000113264040088 0.000547003299292 0.000423380579909 0.000113990244358 0.000737554728308 2.54228538013e-05 0.000146643703733 0.000625236252585 0.000308041574755 0.000245215680396 5.12715680963e-05 0.000376814307115 0.000338340820594 6.34072512907e-05 0.000229480611561 0.000703712821958 0.0013834772347 0.0014596777665 0.000138992718416 0.00021318646853 0.000843756071897 2.42830337728e-05 0.000809568250461 0.000583544166167 0.000381333474776 0.000340974264322 0.000404296448469 0.000257109773861 2.16367622456e-05 0.000153235103815 0.000453172310082 0.000102736775509 0.000280589522857 0.000387503122684 6.09841827703e-06 0.000707008025274 4.87667074267e-05 0.00102968262226 0.0019967944653 0.000234778793419 0.000172929766595 0.0012413509887 0.000741657131154 0.00036350150627 0.000464805554499 0.000304675037802 2.3902447819e-05 0.000327004933645 2.65262203979e-05 0.000188468479201 0.000250814009691 0.000178554967033 0.00035409575102 0.000242557452685 0.000640709075912 0.00035173481941 0.000796202917716 0.000324292364476 0.00038341434873 7.31330854621e-05 0.000883690590872 0.000823295710073 6.22108557916e-05 0.000544734424819 0.000431578883758 0.000316708440775 2.50535551293e-05 7.29548382543e-05 0.000120523280755 0.000577555289519 0.000437561210504 0.000311278135683 0.000456800487384 0.000816991159383 0.000342080715825 0.000568315101462 0.000483436336623 0.000765945993256 5.3151702086e-05 6.56815164165e-05 0.000809800363367 0.000344384064443 0.000146004746193 0.000269994421734 0.000139973162196 0.000151679870469 0.000296247903019 0.000169839885028 0.000199625143069 0.000193455953894 0.000434176159527 0.000557343793139 3.95853753869e-05 0.000529516024314 0.000167401087228 0.000263130088591 0.00081495749994 0.000542665360729 0.00059174448096 0.000443721628383 0.000385779859549 0.00066738564217 0.000559224482964 0.00011569746216 0.00105830477566 0.000119268601454 0.00179759794225 0.0022664164926 4.44383539994e-05 0.00069656370937 0.000113032010352 5.64762617252e-07 0.000617800368735 0.000305375343667 0.000439301440335 8.0897296561e-05 5.17506501679e-05 2.69704021732e-05 8.72206263725e-05 2.30789724782e-05 0.000985229592189 0.00104827145504 0.000510409837627 0.000273867270547 0.000294427256868 0.000267824480946 0.000231758511748 0.000366373145786 0.000260211514179 0.000420701005961 0.000123858022854 1.70369430106e-05 0.00101333455785 0.000280079309363 0.00121385009754 0.000379467011307 0.000187613761393 0.000893267531775 0.000119293852095 0.000194682963949 0.000387937227415 0.000308751616323 0.000365984419419 0.000340980634356 0.000320656712994 0.00125590007643 0.000512205481228 0.00168016465047 0.000777769301752 0.000339719742373 1.89594402616e-05 0.000354671047812 0.00254650544 0.000625268964678 0.0006788120654 0.00037373062032 0.000392608612794 9.37202907869e-05 9.80264468264e-05 0.000284512239917 0.000669446928239 1.68960786035e-05 0.000430043474256 0.000971328825299 0.000490588100713 3.37729086786e-05 0.000124375337791 0.000383375215997 0.000391389722419 0.000104521477414 0.000316422245682 0.000540144797384 4.21766125774e-05 2.57240396156e-05 1.20450903306e-06 0.000711082602967 0.000250827328843 0.000351438201463 0.000110507260977 0.000773992581355 0.000155478793977 0.000422775597069 6.33184127616e-05 0.000541448317871 0.000169591771944 0.000186804912377 8.18413572526e-05 0.000294880104798 0.000261534308388 0.000500817490706 0.000756189302722 0.000962862921205 0.000256863013866 0.000425252029365 0.000920905310174 0.000763046882524 0.000159634916071 0.000273388261724 0.00041947928992 0.000349695138991 0.000329273457608 0.000460734890074 3.37555502544e-05 0.000428070017611 0.000379072468063 0.000797311210481 0.000764989853332 0.000743930734111 0.000829067328198 5.32063573626e-05 0.000589260068079 0.000262541734157 8.37777948422e-05 0.000610550623059 0.000315341592921 7.90897198282e-05 6.48567650426e-05 0.00102597363874 0.000334130397122 0.000421012380283 0.000598952552804 0.000639845460198 0.000357588833455 0.000543282130784 0.000852235910325 0.00110135850687 0.0010246714518 0.000758767265608 0.000454663211387 0.000932599721779 0.000433480232441 7.55027504041e-07 0.00074157896928 0.000187181733969 0.000303366666257 0.000888696516726 0.000352424506801 0.000989608572334 1.04960640353e-05 0.00109343429345 0.000498866035435 0.000102993262989 0.000394346957658 0.000354682617819 0.00050709988675 0.000536586651733 0.000200095435198 0.000314396126964 0.000277995573227 0.000618471276951 0.000413576913808 0.000330519971305 0.000547556557224 0.000558427416232 0.000424090741739 3.14759194411e-05 6.58624683384e-05 0.000296039739427 0.000533024893837 0.000547372660906 0.000385276087841 0.00162995745552 0.00075007159543 0.000490319874315 2.03475517754e-05 0.000984879408404 0.000423722158989 0.00143541200993 0.000167224678001 0.000155854434971 0.000624546298269 0.000154704877464 0.000634415212164 0.000419757766985 0.000377369421957 0.000664440235039 0.000143007662802 3.80608530952e-05 6.48064516873e-06 0.000599407076678 0.000233102848094 0.000461925402158 0.000243351033673 0.000279641322624 1.68753514771e-05 0.000378138030073 0.000455909829723 0.000529208620394 0.000169024660964 0.000207944308293 0.000584345171439 3.81231232159e-05 0.000138501349607 0.000141025892449 0.000356830327328 0.0005583483507 1.30065416827e-05 0.000615785207622 0.00109131034388 0.00108339647135 0.00131136447209 0.00117955886504 0.000379448637731 0.00059908702467 0.000670602485871 0.000507697797818 0.000904878411152 0.00102309441635 0.00118788303722 0.00159419962806 0.000419545817868 0.00115632413155 0.000628732804484 0.000255567069436 0.000351099265544 0.000631307553491 0.000381843502925 0.000179012400567 0.000695052096547 0.00087244952621 0.000607032752818 5.54554119565e-05 0.000188798978862 0.000220903941394 0.000318366838735 5.16108630865e-05 0.000393238501029 0.000177400146016 0.000851312677669 0.000503330770402 0.00015004989204 0.000427515697206 0.000467849569046 0.000450853687726 0.000856847755679 0.000427008589539 5.92746237513e-05 0.000956919057979 0.000980244343531 0.000890612463349 0.00184701319125 0.000502195093975 0.00143345952934 0.000316196254493 0.000122421347566 0.000753408841204 0.000209556195755 0.00057239489222 0.000490356007926 0.000730527193383 0.00106831637575 0.00131386853559 0.00153665934041 0.00140565167217 0.000608143727767 0.00102435649881 0.000794598996468 0.000590210104776 0.00103363119111 6.95340299737e-05 4.36213905028e-05 6.08498825849e-05 0.000373361013376 0.000419983323823 0.000691677707113 0.000536286261474 0.000777680373209 0.000828427424578 4.98352172327e-05 0.000320933814429 0.000677608493938 0.000326492036822 0.000688973004018 0.000458029722951 0.000492364975433 0.000876882679051 0.000561667163425 0.000320956290354 0.000584436435472 0.000589430513878 3.87989296075e-05 0.000786717808715 0.0001044619773 0.000872003496514 1.99901292617e-05 0.000374171298142 0.000486016586659 0.000779221916375 7.79409512107e-05 0.00050680772848 0.000318963913451 6.3215044932e-05 0.000741857723184 1.27623141657e-05 0.000257248611958 0.000239476299778 0.000609260073004 2.93211355679e-05 0.0016635928003 0.0015955149489 0.00101038409033 0.000331171025604 0.000659118618126 0.000274548407505 0.0016685832954 0.00078560261847 0.000150801346033 0.000729931546641 0.000337573776772 0.000795200229494 0.000636279292674 0.000202539076084 0.00039825801928 0.000578375225225 4.47834115246e-05 0.00075183075777 0.000621157861995 0.000917685117646 0.000660819873573 0.000260079779342 0.000572197208578 0.000382150129668 0.000408451199421 0.000774014568121 0.00057997119005 0.000384111131554 0.000215239089949 0.00116828850553 7.67322167433e-06 0.000104386870372 0.000354294242916 0.0010326200497 0.000633289638738 0.000717158206303 0.000926680759354 0.000198956329344 0.000449382740559 0.000511239437923 0.000737353708897 5.05904743771e-05 0.000982821838945 0.00015866125564 0.000698123313767 0.00119741672378 0.000248384153337 0.000342907287444 0.00016848287615 0.000770075838734 0.00055379101285 0.00108356894056 0.000393878679057 0.000876241060289 0.000619581654211 0.00159522210951 7.43808874824e-05 0.000304787843829 7.4944774973e-05 0.000199954610836 9.79021233698e-05 0.000488345060153 0.000223620201965 0.000253413765112 0.00111331478729 0.000534905770397 0.000260313879462 0.0012323410694 0.000443656876865 0.000262580600331 0.000419443511614 0.000161179786372 0.00116517686538 0.000646367995428 4.70422201318e-06 0.000186765715432 0.000371145279439 7.74299965419e-05 0.00082046326622 0.00080309763088 0.000467424285801 0.000551593435275 0.000463864217393 0.000764914843843 0.000239325607562 0.000888307797695 0.000569612080536 0.000273903595907 0.000472724901097 0.00143470384782 2.64137025544e-05 0.000135336249475 0.00166177003006 0.000304588452827 0.00145802640907 0.00131873672268 0.000644279476812 0.000476274563521 0.000593983405863 0.000504074533402 0.000145904874438 0.000333250316221 6.90931516109e-05 0.000368353975948 0.000651282064789 0.000847779686614 0.0010953343172 0.00130627888576 0.000510938904589 0.000725244815787 0.000530332945866 1.26493189714e-05 0.00104584053142 0.000600565449721 0.000746709937605 3.78504069469e-05 0.00130456727724 1.59915610026e-05 0.00113528385763 0.000681596759754 5.84197653731e-08 0.000150077323007 0.000340412307959 0.000219637478236 0.000281477051203 0.000940138291835 0.00081013016908 0.000690491674522 0.00020516594901 0.000294458875681 0.000357137055556 0.000690142945517 0.000254181221005 0.000215571870075 9.53092241733e-05 9.8314329804e-05 0.000247755281285 0.000184489859367 0.000515338200387 4.06572497781e-05 6.28390075205e-05 0.00036729579223 4.71263684814e-05 0.000939340140142 0.000363359172609 0.00158829237216 0.000317216267575 0.000195926274961 9.055005489e-05 0.000632068355005 3.62381551898e-05 0.00164112324175 0.000730160801744 0.000350359396601 0.000199463081031 6.61401046553e-06 0.000919535198609 0.00028406182653 0.000167878639054 5.019220018e-05 7.39562056031e-05 0.000258665419036 0.000393454671648 2.02474938355e-05 0.000347523428051 8.72299910317e-05 1.59588189088e-05 0.000102495609393 0.000395072320801 0.000204696567873 0.000195289851514 0.000166353674365 0.000780812315366 0.000545699182324 0.000397676357448 0.000456839849179 6.72844802932e-05 8.25719466152e-05 0.00073984190779 0.000432027357346 0.000735869875784 0.00101364493525 0.0014328800432 0.00118235149611 0.000805828932731 0.000647600404328 0.000715475881719 0.00114959786313 6.50270433455e-05 0.000142069972724 0.000747974434081 0.000410506386845 0.000795417020745 0.000260200921248 7.32866771563e-05 0.000223051690453 0.000581103003048 0.00112512786545 0.000544233703873 0.00106748265076 0.000863325631246 0.000441621783687 0.000386664242608 0.000702545494354 0.00021190978889 0.000472693437841 0.00041841826496 0.000991380043846 0.00184335970357 9.95204598893e-06 0.00163341484791 0.000857431400795 0.00106652889624 0.000170805456171 0.000175193430542 4.78897765554e-05 0.000111575030657 0.000232581446085 0.00023549480224 0.000494080269183 0.000424941843446 0.0008454820973 0.00069225368557 5.57876887206e-05 0.000291648530637 0.000292710380933 5.42432100726e-05 3.81870805769e-05 3.45673960646e-06 0.000386331939317 2.00030384824e-05 0.000611787479941 0.000482325160356 5.67299786951e-05 1.41969813021e-05 3.34819278323e-05 0.000219628806581 0.000214504563278 2.86815845697e-05 0.000363599142155 5.87291244335e-05 0.000379669066576 0.00102500395614 0.00042961086488 0.00070597675803 0.0002577285708 0.000560879845903 4.63692958007e-05 0.00035731213134 5.55526786678e-05 0.000507147280562 0.000568760424858 0.000329452483035 0.000133306030495 0.000212410416474 0.000259814384017 0.000987683031456 0.000780071237237 0.000148765971966 0.000645645223763 0.000537262127287 0.000546437642417 0.000700120894892 0.00064841014824 0.000712693607821 0.000449047533607 0.000351883263429 0.000432712969853 0.000338293250196 0.000499448707928 0.00014644570192 3.10702294637e-05 1.06796118123e-05 0.000565106197178 0.000660362590005 2.08428305801e-05 0.00018657442446 0.00049647494563 2.80452917841e-05 0.000684729295117 0.000584042809634 0.000782753708735 0.00132756471103 0.000577991402889 0.000588700639991 0.00152583877095 0.000411446013704 0.00150324153182 0.00129476175509 0.000427725044703 1.09902589557e-06 0.0013999022108 0.00101286637605 0.00104438724061 0.000431340793624 0.000790876620083 0.000329825118069 1.63578814768e-05 0.0018702318971 0.000303130904277 0.000567018561878 0.000441591748119 0.000248878320613 0.000561611137073 0.000371699413511 0.000543983804976 0.000218713414325 0.000316056993356 0.00106422326302 0.000265449274806 0.00111755955523 0.00136285278141 0.000362197825526 9.92646663118e-06 0.000697914751115 0.000534218239072 0.000821215237786 0.000849461212069 0.000729316706901 4.01562871436e-05 0.000563826367911 4.1941182267e-05 1.63612369673e-05 4.74352698537e-05 0.000634984952388 0.000282929030825 0.000409977740738 0.000795861124071 0.000666058075142 0.00100628752424 0.000471878283225 0.000667682106647 0.000390942865518 0.000974536459158 0.000160883843358 0.000905895222549 0.000170811383583 3.08057708584e-05 3.44781314261e-05 1.88474850877e-05 1.4641632424e-05 8.29238896586e-06 0.000248151885146 0.000148608663335 9.91893211384e-05 0.0001759933015 0.000691624097541 0.00111156054744 0.000893337507372 0.000825799890292 0.000971395417187 0.000179471208294 0.00030866391793 0.000648635687255 0.000276100537748 0.00179952559574 0.0003074715231 0.00105059075501 0.000857956212765 0.000316934539408 0.00173560494365 0.000827832200413 0.000903529272469 0.00130679674471 0.000203155002313 0.000833639137021 0.000106678711642 0.000680028471042 0.000402462688208 0.0003358157109 0.000546338914117 0.00084425149822 0.000789347831279 0.000613766017856 0.000799350678258 3.35436430655e-05 8.9256801634e-05 0.000750258256603 8.03056758063e-05 0.000451489121976 0.000213829173072 0.00127782719458 0.000421575700577 1.54327546115e-05 0.000506961265074 0.000188322937308 0.000201921412493 0.000636994324578 0.000228164156444 0.000216998984181 0.000746891721592 0.000236262230553 0.000294418517206 5.28168011513e-05 0.000680608095287 0.000603965489676 0.000343716971213 0.000882265037423 0.000427392681713 0.000587839224169 0.000927899529007 0.000621315292074 0.000537775397533 0.000573804223891 0.000842274495484 5.00136857018e-05 2.14460387115e-05 4.92728844647e-05 6.28558903057e-05 2.69827826487e-07 4.68236964185e-05 0.000395807577137 3.4914557923e-05 0.000369716184214 0.00063866781102 0.0013197774404 0.000216379208183 0.000394322270495 0.000382129369471 0.000297875463867 0.00073064579895 0.000666736207708 0.000282113863501 0.000146907215456 0.000539558418678 0.000498134589454 1.56551451406e-05 0.000742444012048 0.00111810760831 0.000357359387439 0.000441818435214 4.32924557159e-06 0.00128981152792 0.000540873160589 0.000833543624242 0.000176421335798 0.0012214774794 0.000689735759421 7.3369270716e-05 0.00120504801863 0.00127398467158 0.00032488462101 0.00053658060122 0.000930032664443 0.000297803931651 0.000121146696394 0.000515944217386 7.28785862309e-06 0.00122522539948 0.000761070017637 0.000110351483319 0.000548834500444 0.000146036644955 0.000341920892856 0.000596489614338 0.00201914069582 4.42284299042e-05 0.000194194642202 7.4870975861e-05 0.000336115556698 0.000101072294589 0.000215393253695 2.9850180064e-05 0.000136591273889 1.98025265743e-05 0.000598366924571 0.000867763608541 0.000199167843781 8.16276060577e-05 0.000365187254573 0.000268891497737 0.000459900425956 0.000516012927944 0.00141846735425 0.000841586876665 0.000375761872078 0.000195021674505 0.000560067660521 0.00185332105828 0.000180592430926 0.00146097103274 0.000252350214403 0.000895039763549 0.000224663184878 0.000218172351899 0.00157540502681 0.000464526282698 0.00208116504227 0.000639130899475 0.000468769197853 0.000495126822122 0.000341413312858 0.000284297002155 0.000740374315376 0.00064698798567 0.000368796234197 0.000625582614176 0.00104536720267 4.19984118823e-05 0.00121990632904 0.00179875416124 0.000672953506354 0.000638270888313 0.000405181675437 0.000174417956238 0.000624920631635 0.00060982369732 0.000330572342823 0.00049213657323 8.23753403839e-05 0.000182151615553 0.000436013787672 0.000197636754063 0.000230835745309 0.000270356595095 6.53852299147e-05 0.000748147259172 2.29956020172e-05 0.000748871764021 0.000589708414874 0.000458133583576 0.00047833309389 0.00036808234982 0.000247582489525 0.000131484898221 3.18552591135e-05 5.90721522699e-05 3.75690168825e-05 7.62353027331e-05 0.000672209580717 0.0010145701566 4.86614403964e-05 7.95045063531e-05 0.000144720084773 0.000517209457024 2.2589355808e-05 0.0006673738972 0.000740028252444 0.00150475358483 0.000469175248326 1.62422392635e-05 0.00059987696815 0.00027709279196 3.19571430971e-05 0.00113543809419 0.00066120057085 0.000886884409521 0.000749522778243 0.000617998096251 0.0001819598326 2.48329996872e-05 1.62950664617e-05 0.00116075688913 0.000526819118257 0.00081638388014 0.000390232787929 0.000463267393595 0.000182047208693 0.00065200428787 0.000280541424993 0.000294669448948 0.000161349573888 0.000150234382903 0.0011007376181 0.000576336409784 0.00108032604717 0.0010723025536 0.000262066282692 0.00041739445116 0.000391730790227 0.000754714326011 0.000840298840352 0.000991198963164 0.000466695684588 0.000320801148317 0.000178638220157 0.000137639534703 0.000446730144213 0.000977749261553 0.000780405884643 0.000276411890185 0.000222194952669 0.000460552721263 0.00033561858873 0.000108597354217 0.00029722367745 1.92096888433e-05 2.72061926233e-05 0.000220384221654 0.000327267389449 0.000316945096234 2.20545078226e-05 0.000170594237296 0.000217106734252 0.000163513205517 0.000157179164824 0.000109982795813 0.000135801336964 7.49720058223e-05 2.61394657526e-05 4.38377419813e-05 1.26686991615e-05 4.2359614659e-05 0.00012226201968 0.00182284087175 0.00033857248301 0.000244326328718 0.000834996932533 0.000151438958584 0.000998717334855 0.000386096135368 0.000324953973236 0.00020884190908 0.000586843462076 0.000304644559968 1.58002194348e-08 0.000253213306929 0.000191439233501 0.000116353553606 4.45495047314e-05 7.36386807805e-05 3.50729328838e-05 9.91045108362e-05 1.37758565358e-05 0.00034505452728 0.000339140078659 8.60201221707e-05 0.000549641019593 0.000361086341076 0.000516662460159 0.000109919181052 5.42769975939e-06 0.00032872587325 0.000100024505348 0.00122182553048 0.000316018686267 0.000190580648752 0.000724745158691 0.000903361315945 0.00131827723038 7.04873914706e-05 0.000633991646819 7.84409887113e-05 0.000399433841431 0.000154764623841 0.000816479611973 0.00088447208496 0.000941930225369 0.000239799967816 0.00137326738562 0.000648625546956 0.0010561972814 0.000947102561588 0.00013690111295 0.000441381697022 0.00153412266897 0.000207989292758 0.00184116034913 0.000102189012707 0.000117276318772 0.00045646595995 1.76108940567e-05 0.000257750846138 0.000191382160101 0.000359098790505 0.00014357553612 0.000380489464749 8.60439153549e-05 0.000723333945656 0.000204850198553 0.000645016483877 0.000151244401643 4.12080008748e-05 0.000704737811029 0.000349088103722 0.000161730847185 0.000863275180603 0.000289681722719 0.000443361154662 0.000295317215976 0.000135604439485 0.000147354732728 0.000465898747442 0.000878732554804 0.000198243244731 0.000100064157133 0.000156994806496 6.76794207839e-05 7.89867256381e-05 0.000273000392203 0.00175824406366 7.55916742455e-05 0.000209572701165 0.000174243934897 1.65016864659e-05 0.000381295196532 0.000577828042659 0.000289596525933 0.000122833653825 0.00109935826584 0.000611215399844 0.000289049998191 0.000741450808452 0.000465673276321 0.000409206976906 0.000486983158407 0.000109186025239 0.000415243272976 0.000531493057516 0.000261351560528 0.000882004363875 0.00011899328169 0.000740861964528 0.000758840359937 0.000100180810046 0.000374735919596 0.000398394664856 0.00171171633261 0.00034443453618 0.00177157567864 0.000734400871514 0.000448012078417 0.000643693134549 0.000736907399337 0.000967628224348 0.000406745809829 0.000344175650581 0.00075142475357 0.000781952006124 7.88616428298e-05 0.000222220857827 0.000423664632335 0.000121133438527 0.000738391472158 0.000168832028052 0.000199971176237 0.000438962126583 0.000464306164314 0.000167501776039 0.000671275415539 0.000537720072365 0.000491722227296 0.000465711995458 0.00056183481751 0.000187591484325 0.000239680817487 0.0001486556285 0.000129583794648 0.000177122728173 0.000101799806704 1.90514079665e-05 0.000711541545025 0.000799817696024 0.000371798584123 0.000277608480595 0.000350805189119 0.000108359254608 0.000410003617706 6.02940847458e-05 0.000926958375193 0.000273777282234 0.000583083306889 0.000216821356318 0.000261349584814 3.84208198677e-05 0.000133562228377 0.000219586243618 0.000268814476584 4.37380627179e-05 0.000121869710054 0.000511360189587 0.000242061007347 0.00043027768578 0.00072086642813 0.000526717258991 0.000517510226434 0.000389998186158 0.000453193882259 0.000656197637353 0.000611221075405 0.000542585842386 0.000493928523726 0.000197462576473 0.000187793626428 0.00107074931966 0.000292681655123 0.000377753786289 0.00128462146687 0.000530278114237 0.000159031557155 1.78978359644e-05 0.000824968102854 3.73453899933e-05 4.19428405865e-06 2.83538052645e-05 8.24093991316e-06 0.000277560454668 0.000743570972298 0.000726004824889 0.000406427767032 0.000195520273915 0.000926802596042 2.68102935476e-05 0.000150878407737 0.00110296510637 0.000497925812958 0.000309772087168 0.000513324505954 0.000385817042554 0.000839036534329 0.000419599774763 0.000199492173353 0.000845824274698 0.000444071035558 0.00023642101161 2.79651500996e-05 0.000125946831587 0.000198763586948 0.000418200225879 0.000186222159942 0.000483961101642 0.000468296399042 0.000484981595186 8.55713509595e-05 0.000143375773533 0.000141678792501 0.000894341655466 0.00046225849308 2.40854759598e-05 0.000706056195555 0.000145692095861 0.000769578303908 0.000516425703455 0.000402766370338 0.000502773808522 0.000371153850695 0.000421635511054 0.000802509714589 6.76941704513e-05 0.000682708832487 0.00119092600308 0.000673945627554 0.000539483891174 0.00103573637041 2.83851949049e-05 0.000373066058586 0.000316228425351 0.00038473838309 0.000449630166179 0.000379685128998 0.000288401231314 5.15043195827e-05 0.000211312876517 6.95534594468e-05 0.000161364967552 0.000675884200096 0.000576409270921 0.00104951363901 2.83060699123e-05 3.40484907206e-05 1.55465761241e-06 0.000297846388519 0.000481713796789 0.00047096188875 0.000712038929069 5.32487309038e-06 0.000509114953643 0.00030684086697 0.0017173905093 0.000373350581516 0.00112190897791 0.000198421717034 0.000378518004554 0.000440489663082 4.80940647464e-05 0.000269937378118 0.00147450200008 0.000982309848832 0.000552212279358 0.000212921126576 0.000970365570961 2.23440718373e-05 0.000553428506819 0.000563128588328 0.000533496132981 0.000452568365172 0.000232957913528 0.000106941079592 0.00025678275746 0.000280366251573 0.000226104497961 3.92353946126e-05 0.00043021144272 0.000252117556906 0.000587292055283 0.000136192469111 1.82187399635e-05 0.000787659948446 0.000603319601692 0.000849973774742 0.000525650934667 0.000493195734057 0.000320827895099 0.000305650433081 0.000141096354175 0.000541183322538 0.00039753677608 0.000944809879101 0.000159373519457 0.000973148638824 0.000332399482103 0.000363798185483 0.000623719454989 4.78983249931e-05 0.00130785123808 1.41546339019e-05 0.000311798265812 0.000258660202147 3.36921959258e-05 0.000881235895181 0.000412583273016 0.000404734107309 0.000582704270239 0.000225312272689 5.15931022305e-05 0.000240191993066 0.000787443160394 0.00155404791058 0.00116025984286 0.000306559514944 0.00022895066687 0.000144896767721 0.000280921605248 0.000778250436808 7.24369884413e-05 0.000136658497704 0.000532578283985 0.000609871413159 0.000680682415862 0.0010466728338 0.000394166697424 0.000659540270694 0.000665341516618 0.000221349602592 0.000836294363857 0.000205059825321 0.000851862075504 0.000340351114242 0.000346419711638 3.54299210634e-06 0.000118409190909 0.00091718367643 0.00036229244309 3.07343873179e-06 0.000626377680691 0.000236535263698 6.61568371933e-06 0.000440282160051 0.00121731178822 8.9593636309e-05 0.000248028117236 0.00152242563771 0.000711592109384 0.000424176511609 0.000410525078459 0.00130133998912 2.77224905567e-05 0.000535941416479 0.000377816093647 0.000228160386262 0.000167971573928 0.00138144824745 0.000632660410109 0.00147779336332 0.000257568116247 0.000160398702013 0.000531862361955 0.000580258653316 0.000536265197237 0.00110540162245 0.000482520217391 2.03347221703e-05 3.91392935037e-05 0.000160679938798 0.000369141469218 0.00137384720183 0.000286924793758 7.80580957019e-05 5.01730917122e-05 0.000138883970586 0.000265178871339 4.84076296729e-05 3.44212247234e-05 0.00125145682326 0.000207085877154 5.99006180841e-05 0.000201473774783 0.000398426795083 0.000668024451883 0.000681795895832 0.000129788687797 0.000561826312942 0.000148135389287 0.000301941851892 0.00032939870973 0.000771945502334 0.000505143870153 1.52714671586e-05 0.000385132439901 0.000144221130928 0.000298834869711 0.000406497508667 0.000277073966557 0.0003791024382 0.000260796875099 1.36049191125e-05 0.000257055746414 9.89581422038e-05 0.000301602432376 0.000539520793453 0.000486416524609 0.000660964374925 0.000258699694852 1.02669497366e-05 0.0004405313792 0.000482601189834 0.000634570704643 0.000438594426093 0.00064723265488 0.000562053172349 3.70497754744e-05 9.23251445691e-06 0.000104605441784 0.000380484325351 0.000754612548151 0.000214667286406 0.000216826319992 2.87388061952e-05 0.000255522732576 0.000265318259473 5.02775526288e-06 0.000162835231906 0.000104312990624 0.000113856434614 0.000531310604022 0.0006090954882 0.000475086836213 3.30385654827e-07 0.0014686016617 0.000270745813452 0.00170016929942 0.00118152846435 0.000191883522577 0.000933432390113 0.000456687611361 2.70922583434e-05 1.05682927453e-05 0.000269158944021 0.00020400865919 0.000102355432605 0.000927811887932 4.51560613566e-05 0.000324744896135 0.000391290963455 9.53653467482e-05 0.000185607521283 0.00115937064469 0.00109247115249 0.000859530148661 0.00121000176635 0.000566548761097 0.000254473200124 0.000114971290708 0.00095590712275 0.000493014409133 0.000465986090063 0.000212590254633 0.000386124716445 3.75200835965e-05 6.39304339741e-05 0.000124768269349 0.000231406778521 5.46717579731e-05 0.000604759108244 0.000532015839504 0.000489335348682 0.000615892050071 0.000117328026816 8.00231383379e-06 0.00010073669294 1.23063121589e-05 0.000187868189459 0.000493434838661 9.12862438278e-05 3.73030297796e-05 0.000163643711896 0.000157803972855 0.00019132668519 0.00119079679846 0.000381135311733 0.00110098381918 0.00111395588742 0.000496099715986 0.000363013179847 0.000117060041102 0.000677568608955 0.000558685848435 0.000254522217173 0.000821110818436 0.00111825300402 0.000846698350942 0.00117019155101 0.000296102985934 0.00143065557393 0.000372510728495 0.00171236014014 0.000409684076121 0.00131630562892 0.00067027057424 2.85170402994e-05 6.95382679087e-05 0.000412728703527 6.32739557677e-05 0.000606878625734 0.000107436485333 0.00021326618807 5.80388196795e-05 0.000302571512208 0.000429479934158 0.000394918931665 0.000488231445246 5.56491708566e-05 0.000204114353122 9.6150631713e-05 1.23105632823e-05 0.000240252697962 0.000219538576388 0.000230187580332 0.000428220987798 0.000405732907193 0.000176329726932 7.03175328251e-05 0.000303413364191 0.000440805173428 3.645538933e-05 0.000410609045547 0.000491525126112 0.000397352750166 5.19101166619e-05 0.000475025243621 0.00121374934582 0.000114230968129 2.06609304916e-05 0.000170492315767 0.000213241136908 0.000219082126358 0.000241372249739 0.000102517118101 9.01883767283e-05 5.97199079259e-07 0.000236322720631 5.12774672647e-05 0.000160895661404 0.000642101329366 0.000727718375832 0.000694679932023 0.000871250856601 1.10553862607e-05 0.000359703264107 0.00123361735911 0.00100899999219 0.00032040089607 0.000289862653578 0.00013036194249 0.000100424739639 0.000135059506273 0.000167975652276 0.000758330772582 0.00140719106328 0.00104422139709 0.000389996619067 0.00038604413564 0.00158561310179 7.88097381015e-05 0.000390664560872 0.00052898029324 0.000118177964808 0.000308194564011 9.49565496086e-05 0.000241607388564 0.000168981166364 0.000550525799754 0.000343895646608 0.000329610146005 0.000268286505455 5.22711148222e-05 0.000771034721375 0.000789842487326 0.000419407318304 0.000383760133517 2.69741932783e-05 0.000400042272019 1.00208451814e-05 0.000573439332356 0.000322312436316 0.000238970146446 9.72797393085e-05 0.000115797220829 0.000749471390173 0.000178462529123 0.000152591797144 3.07747290688e-05 0.000507046162461 0.000159086936772 0.00010848138734 1.91969640853e-05 0.000503695341669 0.000344831044045 0.000305546389187 0.000275949114165 0.000362697743723 1.4018032361e-05 0.000524533271899 0.000947917464249 0.000449901478254 0.000165996362437 0.000144594735859 0.000110504245294 0.000158459431735 0.000342316559532 0.000516258142774 0.000170423704516 0.000270583257748 0.000226016564498 8.61953924903e-05 5.81013378153e-05 0.0005151898332 3.81587577992e-05 0.000394178608532 0.000151456230536 0.000102672612457 0.000354192073834 0.000273430168779 0.000178146296061 0.000251184691908 0.000390672572701 0.000740402390512 2.34997404194e-05 0.000398457727471 0.000118356294825 0.000794876969496 0.000312714106335 0.000283355781832 0.000353084318855 0.00016921880497 1.61329182981e-05 8.60248470943e-05 0.000666393051829 0.000448574412675 3.24023055028e-05 6.68696976341e-05 0.000598026780998 4.16033991084e-05 0.000325464562542 0.000186846890985 0.000219383373335 0.000709227147445 0.000169448117436 0.000585733759393 0.000427120518061 0.000499309613629 8.94489924285e-05 0.000400472615384 0.000443584488326 0.000229675036548 0.00039219271901 0.000406270026306 0.000699294673182 0.000212132409438 0.000561035454854 0.000157191601485 0.000403821173372 0.000532408164308 0.00096282375202 0.000293291235705 0.000769627617855 0.000580362620204 0.000334528633226 0.000340258315672 4.1573193972e-05 4.10537440141e-05 5.35644538977e-05 0.000301921178827 0.000760857141269 0.000818882548607 0.000248982674522 0.000384115884505 0.001131467349 0.000182997426711 1.44009657989e-05 0.000640184654433 0.000243449864363 0.000144973575277 0.000826342154394 3.73277607139e-05 2.97733706865e-05 0.000200582323602 9.54255449969e-05 0.000668971164732 2.11433181276e-05 0.000623061534677 0.000536851267049 0.000610000993852 3.78212490895e-05 7.12902026245e-06 0.000485749265191 0.000436652002057 0.000882235562834 0.000713719291175 0.000424263013013 0.000354316669378 7.07765593915e-05 0.000203663300898 0.000369434026653 0.000206928496291 0.000222546476433 0.000300148101205 0.000596248106978 0.000781728890827 0.000710349228614 0.000322346128074 7.53965080202e-05 0.000238749341513 0.000584799760868 0.00023543128636 8.42800750609e-05 0.000826580917024 8.74496766264e-05 0.000181243757352 0.000602065032102 0.00113189380813 0.00103575391046 0.00206129042186 0.000685341531282 0.000687414059978 0.00132927552258 0.000376643093688 4.39228918375e-06 0.00138474708993 0.001198436672 8.86975899149e-05 0.000277611005861 0.00024670454462 0.000151499821558 3.70746036579e-05 0.000635301782468 3.37025805495e-05 0.000392381187788 0.000157810745741 0.00010573658892 0.000308553051173 7.75755326549e-05 1.77776849543e-05 0.000816132937698 9.29641113758e-05 1.44787014422e-06 0.00042952022813 0.000525109658467 0.000500525163488 0.000221104163267 0.000564464820651 0.0003961958233 0.000134206688083 0.000189308127547 0.000162915051151 0.000226604262939 0.000469401336633 0.000958061096112 0.000578619035532 0.000529241157168 0.000412183887241 5.7211162743e-06 4.53590132402e-05 0.00118854294965 0.000239882797766 0.00105175255831 0.000645511143519 7.58982649217e-06 0.000432001820469 0.000574541308561 1.12149369379e-05 5.15750619707e-05 4.77405334323e-05 4.476837918e-05 5.49877631259e-05 0.000123271516037 0.000512135830516 0.000466573550149 4.56321627479e-05 2.97221910344e-05 0.000290405944316 8.56326598983e-05 0.000419153668802 0.000260483204895 0.000389496007897 0.000270976615291 0.000346287263919 0.000638897817829 0.00101376523335 0.000303761261753 0.000870268965063 0.000357099855227 0.000514534345801 0.000636222014523 0.000479533205844 0.00109956912584 2.18524441968e-06 0.00104323109682 0.000133486535909 0.00173178628637 0.000564963771702 1.55106966496e-05 0.000135911263203 0.000276490190705 0.000656711649137 4.5436637269e-05 5.05265685722e-05 4.89334902139e-05 0.000184181435873 6.63716315729e-05 0.000114238989493 0.000325332382248 0.000279125645237 0.000390178788288 2.34096569019e-05 1.99972235029e-05 0.000127910103828 0.000451821408506 3.9068318685e-05 0.000468885738201 0.000226137028979 0.000277817334631 0.000291719781076 0.000365291704314 0.000142194983054 1.81286510563e-05 0.000875578275091 0.00107393337351 0.000598836352567 0.000998453303152 0.000669159150656 0.000326616148957 0.000683839425761 0.00059234467814 0.00114587531726 0.00034296938962 0.000365255491351 0.000682799371913 0.000244594573062 0.000137177675103 0.00026538919537 0.000139269534783 0.000177519703205 0.000396516842279 0.000213485755544 0.000478231066929 0.000345739948274 0.000254999007484 0.000332868345104 4.67757996308e-05 0.00108559719794 0.000773786990328 0.000394498848402 0.00079532343268 0.000991440646621 0.000554373445316 0.000191036222845 0.000301419903675 0.000251038724608 0.000250889846515 0.000220548730568 0.000905434317462 4.35698391524e-05 2.03288508041e-05 2.0524668197e-05 0.000275164811288 0.00117550217531 5.2459622604e-05 0.0012523799561 0.000294142651364 3.31753535197e-05 0.000931321609955 0.000193593446031 0.000189378778293 0.00021775551109 0.000275783697392 7.27991348713e-05 2.69783385534e-05 0.000110372950337 0.000381182018226 0.000161709060992 3.91494781699e-05 0.00103741840876 0.000217992001393 0.00127688968022 1.49147197265e-05 7.43020886576e-05 2.7658306083e-05 0.000970125921282 0.000109739463646 0.000369291158042 0.00078656043071 0.000611560336715 0.000121848057603 4.07496212356e-05 0.000358712931437 0.000262340582286 0.000249155335155 4.11826402718e-06 5.62120213608e-05 0.000103283731552 0.00029395573509 0.000165146249745 0.000360495251189 0.000241128732863 4.57518602538e-05 0.000196594995529 8.86613040122e-05 3.81049964333e-05 0.00057638644973 6.27873965979e-05 3.03355252512e-06 0.000588629333529 1.30887784424e-05 0.000294245745468 0.000238652767683 4.80024320947e-05 0.000370300054956 1.98434597553e-06 0.000975288798988 0.000600289762403 0.000234147981849 0.000294225528988 8.38225172346e-05 0.000781804346541 0.000274097663859 0.000528818510846 0.000292481889597 0.000857055987405 0.000174596314756 0.000320979458425 0.000591963308178 0.000351600619089 0.00106372306397 0.001355344575 0.000719536418301 2.58531417853e-05 2.22639631133e-05 5.39878744671e-05 0.000198120931315 2.92894357946e-05 0.000632537440675 0.000808857457826 2.12296203219e-05 1.97384497393e-05 0.000122899187632 5.06861890091e-05 5.30108641662e-05 5.43384201787e-05 0.000204450312007 4.84993553066e-05 0.000238340094188 0.000233291194248 0.00042685007161 0.000450279082012 0.00055704917087 0.000312972034382 0.000281268371592 0.000365915663233 4.81546959036e-05 0.000155896909721 0.000455280901644 0.000136995129263 0.000983544800138 0.000838041155693 0.000420005058964 8.78315483588e-05 0.000592727631857 0.000684019304059 0.000138393857713 0.000172235091948 0.000345227218215 9.6423056333e-05 0.00077618064674 0.000464328123874 0.000470635739915 0.000749805342761 0.00025269225177 0.000126612429454 3.43559633886e-05 0.00065313833783 0.000375162690589 0.000386604913988 0.000338418521866 5.7860272192e-05 0.000299513298393 8.73492977032e-05 5.99017397434e-05 0.000261951820298 0.000698288699789 0.00075095649926 9.92536685553e-05 0.000994712203166 0.000280372861507 6.60438013653e-05 0.000342710126941 0.000249525600962 7.84957455136e-05 0.000266290847993 0.000523012067492 0.000519102955488 0.000213830990571 0.000343291512116 0.000373497951861 0.000213522674761 0.000246083055326 0.000261218471361 8.33288797975e-05 0.000417810909752 0.000337130369948 2.17449525869e-05 0.000281438263792 3.24930949431e-06 0.000106931417471 1.89423341475e-05 9.19131994306e-05 6.17575409314e-05 4.46324442206e-05 1.52979334294e-05 3.33401612379e-05 0.00023794898009 0.000119907443932 5.13777067967e-05 6.43191063526e-05 4.42680542125e-05 0.00031166362648 0.0010367472503 0.000589864815419 0.000995073597818 3.02220330575e-06 0.000877124693239 4.95770353675e-05 0.000849126026903 0.000470818645483 0.00019299023671 0.000168430736446 0.00062282157366 0.00035624847693 4.87676236747e-05 0.000329517126828 0.000721139268269 0.000391969287692 0.000328577663056 0.000156048360668 0.000266595142077 0.000777893315365 0.000430771751227 0.000503273384232 0.000200929194196 0.00103628731939 0.000445714024059 0.000809042165226 0.000188667589064 0.000157513343545 0.000790055295782 0.00131497263413 0.000321128969878 4.63414626085e-05 1.00219747658e-05 0.000411530642338 0.000252353487413 0.000147663544066 0.000255137427593 0.000290717326574 0.00032372490299 0.000350448513925 6.50253523527e-05 0.000203494000822 0.000228284399555 0.00148601696915 0.000116449079951 0.0014328262935 0.000131180383141 3.69607498248e-05 2.11077357988e-05 4.23587439553e-05 0.000570658843667 0.000908955825733 0.000115410339222 5.12988859151e-05 0.000354376292508 0.000492379189657 0.000928470806578 0.000214050741746 0.000358489824656 9.83597334089e-05 0.00122165564979 8.44620858731e-05 3.4405289558e-05 0.000196156752213 0.000194933368539 0.000137237872245 0.000100884531717 0.0004769436961 0.000466685420813 0.000595540254991 0.001131643193 0.000295430107313 3.5084738476e-05 0.000836883076243 0.0013689419572 6.68115527334e-05 7.5837622575e-05 2.3142001372e-05 7.16374229424e-05 0.00138187736191 6.91827031738e-05 0.000420569005211 0.000294203611899 0.000521845610691 0.000245568592298 0.00060920816217 0.000158868312897 7.44714572019e-05 0.000349765084757 0.000675630526885 0.00033976865929 0.00090272531426 0.000361470141997 0.00106825602652 0.000461190543336 0.000444429979699 3.03937748094e-05 0.000931119714804 0.000649479761269 6.70533770366e-06 0.00108708235308 0.00154537500267 6.63414923573e-05 6.30271730578e-05 1.43612079347e-05 0.000167999189608 0.000634618563107 0.000145153620575 1.37221737436e-05 0.000567003724024 0.000665246208433 0.000281541321314 0.000165845805302 0.000555607736731 2.75651407613e-05 0.000445874583828 0.00146068925878 0.00117743794327 3.13065774946e-05 0.000661100028007 0.000242179887951 0.000668926765155 7.96928325563e-05 0.000549954624056 7.62581501396e-05 6.39683559966e-05 7.39298193543e-05 3.13149478853e-05 0.000417892752345 7.17983637687e-05 0.000221197891216 0.000553726849229 0.000110464833945 0.000298079393664 0.000327299791393 0.000430676982031 0.000115737824975 4.13073938413e-05 7.99002127785e-05 1.08922094938e-05 4.27835995875e-05 0.000942328386085 9.43592139097e-05 0.000337845075589 5.8170636453e-06 0.000287568155802 2.57101589058e-05 2.28182428583e-05 0.000295614479177 0.000657822740426 0.000474052595681 2.79422209278e-05 0.000387365710843 2.05304291968e-05 2.37029695867e-05 2.47395701443e-05 1.2605725758e-05 0.000437799407051 0.000327916910517 0.000291541542133 0.000404488799622 0.000329492535105 0.000291202115017 8.44629978128e-05 8.48969774677e-05 0.000327807695797 0.000256798608874 5.74128187311e-05 6.51878686427e-05 3.78022463227e-05 0.000281310883212 0.000517883263427 0.000394056419871 0.000259030943287 0.000250466784413 0.000104934195839 0.000267239213749 7.83167542536e-05 8.56556945146e-05 4.1573980565e-05 0.000303026103726 0.000481890441728 0.000419426072591 0.000905065145091 0.000598427983477 0.000279533920815 8.34592975863e-05 0.000194596069019 0.000289953538927 1.48035711915e-05 0.000575046395325 0.000574094915212 8.8381530028e-06 2.97383668531e-05 0.000324884435754 0.000685964134985 0.00092312100044 0.000171492121125 0.00037204347972 0.000317266643903 0.000615409070832 0.000503112435837 0.000993875178357 9.86493736874e-05 9.6541220668e-06 6.44966469803e-05 9.88027742326e-05 0.000321463114914 0.000185380352576 0.000197544128428 0.000503771959732 0.00035807275331 0.000552150433616 0.000512129125496 0.000451644400305 0.000243701949473 0.000367009359592 0.000295395879145 0.000381794905067 4.70811981061e-05 0.000211544504153 0.000212422128235 0.000196910711719 0.000339806043388 3.47213615056e-05 0.000498617517425 0.000109000452426 0.000566563154917 0.00121484440064 2.45191142106e-05 0.000759098170171 0.000389507609306 0.000529428342249 0.00118133910575 0.00034033124623 0.000103971329711 0.000219829330214 0.000609154927536 0.000117165453154 8.77938550076e-05 0.000121095177195 0.00018498908351 0.000269216725608 0.000141436664586 5.73417341277e-05 0.000182326022546 8.74207156881e-05 9.96686789481e-05 9.55409205964e-05 0.00012609804735 0.000207053157226 0.000244159704058 0.00067192955571 2.16469106275e-05 3.42072085712e-05 0.000554440456824 0.000989282741784 0.000462375609921 0.000201668752778 7.91603253762e-05 5.37956489982e-05 0.000431994839405 0.000284595726918 0.000789808389016 0.00108048319763 0.000126041550797 2.31573054248e-05 0.000220926585787 2.11213289045e-05 3.34005032276e-05 1.3102693589e-05 0.00038435402321 0.000118868529538 0.000122305381505 4.30960008752e-05 0.00122478997252 0.000431077706555 0.000228748446494 0.000311757321531 0.000223639070641 0.000159123489069 9.75529353118e-05 0.000645775340743 0.00142405569291 0.000551636333911 0.00100959299029 0.000633382650426 0.000356660569481 0.000163604728812 0.00070902690352 0.000455523389343 0.00029003341155 5.22898483054e-05 0.000628246527534 0.000533486607709 0.000715958949804 0.000274776930471 0.000162157417929 6.41987623395e-05 4.78516922455e-06 0.000278246157487 0.000792568338149 5.05227175319e-05 0.000136898041715 0.000195034023637 0.000412706801077 0.00034990159726 0.000399301823652 0.000181304538666 0.000156299835601 0.000826185469915 7.16672799458e-05 0.000168903932208 0.000498632541353 0.000427748220216 1.08683574095e-05 2.88932591478e-05 5.41910582483e-05 0.000174670378324 0.000331829617946 0.000106114611062 5.65893285591e-05 3.48150918721e-05 0.000105294343452 3.67983314214e-05 1.07404962346e-05 5.99551317935e-05 0.000719956963193 0.000107750495723 0.000553075078759 0.000637581097845 0.000876987107481 3.1689497287e-05 9.67631195584e-05 0.000455582081465 2.52302574991e-05 0.000832245666644 2.4720049524e-05 0.000982299285305 0.000465981918813 0.000124430986607 0.000187878198239 0.000212883201738 0.000365861670254 0.00108985215574 0.000375540695515 0.000241289027479 0.000232971259014 0.000234187944267 3.23012627052e-05 0.000176774652024 0.000902696595636 0.000606297928609 0.000466134735135 3.11163508223e-05 0.000104044119225 2.8204686101e-05 0.000319690730012 0.000302852112377 8.06621865957e-05 0.000371363538055 0.000322990837643 4.00720543649e-05 0.000118081702787 5.33210565393e-05 0.000298944645556 0.000330765109437 0.00021285665745 4.23307897858e-05 4.83858254894e-05 0.000247767741573 0.000244447988251 0.000157368296098 8.11027064483e-05 0.00025058123907 0.000126984018744 0.000270863164101 0.000292112427237 0.000291697496421 0.000462442932755 1.19860373601e-05 5.88687412864e-05 3.3203102485e-05 0.000297240421536 0.000431632911445 0.000288671920927 0.000297475675522 0.000273282022244 0.000220534711209 0.000341992869617 0.000205298136413 0.000110203471857 0.000327281185965 0.000614611740876 0.000115126056849 9.43256533729e-05 0.000213455246555 0.000352011284132 5.7774214596e-05 0.000561181614614 0.000494294546703 0.000638587367956 0.000354963810538 7.83002012002e-06 8.87689923893e-05 0.000229502995656 0.000119379862257 0.000151216523056 0.000510256769007 0.000520496837234 0.000188777054017 0.000399096102465 0.000341215444478 0.000357633585967 0.000109399184139 0.000375637339961 0.000247885492345 0.000301032332294 0.000353167272838 0.000220064919876 0.000189487721049 1.52551184625e-05 0.000400844203024 0.000285445516648 0.000258567783127 0.000104194609066 0.000152095910022 0.000432571651459 0.000140567281242 0.000509849025947 0.000539470964658 0.000461609336047 0.000177636564824 0.000295111257828 0.000233379072078 0.000126398034056 9.84143386958e-05 0.000582071350833 0.000324234717323 0.000122662411427 0.000424344294599 0.000179062433205 9.55248768851e-05 0.000441949247935 0.000406384950356 0.000472449481338 0.000134096484144 0.000107386670397 8.60448682645e-05 0.000228274085348 2.80484112013e-05 0.000111098277671 0.000338804432562 0.000403203072812 0.000198358252626 0.000138186691773 0.000137998596685 0.000465838109827 0.000300300757165 0.00059940998728 0.000734434452494 0.000174987500299 0.000527099541642 0.000113263993088 0.000399725242395 0.000158670331204 5.99551435141e-06 0.000657676937944 0.000197812367969 7.82564151097e-05 0.000275362193494 4.5540109146e-05 0.000205796181233 0.000126885088519 0.000168876063202 0.000328293304221 0.000238061796203 6.80796997618e-05 0.000158214507082 3.88075338887e-05 6.13601860083e-05 0.000255277674331 0.000128637774037 0.000188932400134 9.65419427523e-06 8.64044451024e-05 9.9303949424e-05 3.56819763833e-05 7.28355266815e-05 0.000394270407045 0.000285835223311 7.30845584638e-05 0.000538563655582 0.000367273272657 0.000524798469753 0.000194969380801 5.99471462875e-05 0.000421389989397 9.13389808508e-05 0.00047297122704 9.50341063425e-05 0.000109197997698 0.000371828227292 9.58883890709e-05 0.00032789267794 2.27281421186e-05 1.21707963485e-05 0.00029736787854 0.000257650895097 7.75544794858e-05 0.000563551944283 0.000141750460003 0.000226236621055 0.000642142338688 0.000204024358089 0.000224158687178 0.000128833139178 0.00023114944006 3.956397555e-05 0.000123173100592 0.000347196518801 0.000356180413505 3.49878755428e-05 0.000275283091862 8.81417016321e-05 0.000462065477175 0.00012534609087 0.000254972805835 0.000160442210894 0.000284608797778 5.62744043726e-05 0.00034436761081 0.000164523487822 0.000185539395166 6.03319782938e-05 0.000151693486336 0.000210144818784 0.000193390444661 0.000107536712286 4.20735442882e-05 0.000117754409246 0.000226556865401 0.000316625317371 2.92030805225e-05 0.000147385072087 0.000403138631526 1.45947504482e-05 0.000219406699537 0.000161882566783 0.000243113058557 4.46470723037e-05 4.17261111946e-05 0.000174762356483 5.12432078093e-05 0.000799088325932 0.000304119248029 0.000409995862539 0.00028244909801 1.35209836828e-05 0.000374048458946 0.000134568188139 0.000159224720683 0.000139053128996 0.000232705334243 7.9240479426e-05 3.70693632345e-06 0.000150022656811 0.000248803224249 0.000221282109111 0.000221594604546 5.49107597442e-05 0.000107325243893 0.000548773936522 0.000584607619548 0.000479557255587 0.000125581651884 0.000174753192402 0.00013788199689 0.000484511397934 6.58827157908e-05 1.21083540949e-05 0.000209189209453 0.000596285574253 0.000267108644481 0.000121967015615 4.77734587509e-05 0.000163844622227 0.000206610946535 0.000440526287251 0.000100671384094 0.000371413398901 6.30076113589e-05 0.000317107195802 8.69063348996e-05 0.000324774173027 0.000158600194472 0.000252072039147 6.28929148062e-05 7.71648232637e-05 7.01999595526e-05 9.31904337504e-05 0.000477822986335 9.12462513608e-05 8.18307468906e-05 2.09976813241e-05 0.000315726563771 0.000145859656172 8.35948703661e-05 0.000174052956539 0.000159771792137 0.000187011485625 0.000164038164072 2.72197201392e-05 1.21266558887e-05 6.31626175354e-05 0.000283858678405 0.000209121514246 0.000113139808807 0.000237069312767 0.00021402233851 0.000684787641776 0.000222764017693 0.000143699626687 3.07740343548e-05 0.000201542114889 2.54947442555e-05 0.000176501221569 0.000774253751898 0.00022718969403 0.000468783668505 0.000355042692731 0.00061402396874 5.19665336485e-05 0.000170197013626 0.000240664088987 0.00048422054596 0.000308549773141 0.000224870670084 0.000301092188725 8.28614706103e-05 0.000547013776672 0.000190509830308 0.000240629660095 0.000327953191097 0.00010833212585 0.000215599217707 0.000773076220798 5.88275988678e-05 0.000327296631852 0.000485515756722 0.000314796229078 0.000224274545691 0.000248111643253 6.68272947529e-05 0.000105739270923 0.000494724761979 0.000113880302902 1.42220837922e-05 0.000267381020107 0.000127069756996 0.000272095271895 4.81402254018e-07 3.63778766796e-05 7.07819729067e-06 1.60028294294e-05 8.4754696255e-05 7.59771090609e-05 4.8693517329e-06 9.58947493108e-05 0.00106621033186 0.000331713062261 6.55402343578e-05 0.000331920320373 0.000380103201945 4.94426110595e-05 1.54418139451e-05 0.000450048075468 0.000113909514443 9.43996360269e-05 9.64420731918e-05 7.88857052431e-05 0.00014124799973 0.000121236084629 6.13517652325e-05 0.000144105343049 0.000135661735244 8.00821242046e-05 8.66601483427e-05 6.11973919216e-05 0.000142850266282 0.000364848066896 0.000212403003802 0.000143928431101 0.000584928778543 0.000362338732505 0.000418372003765 0.000158298378833 0.000274753717043 0.000534870943212 0.000468574251996 0.000507262140226 3.81693199476e-05 5.68233416363e-05 1.03041604282e-05 0.000321681095371 8.46565948436e-05 7.73772465753e-05 6.96100507007e-06 0.000345186449629 0.000325934776713 0.000157527147965 8.11126579153e-05 0.000103328416522 0.000143328525708 0.000111813019352 0.000265111637152 0.000277074046913 0.000352667059466 9.7157707921e-06 0.000401882039458 0.00021510734537 4.66979973472e-05 9.72490422165e-05 0.000156825548867 0.000186891132362 0.000100965111931 6.73495167517e-05 0.000445588542162 0.000145623103041 4.84570082566e-05 0.000156706338354 5.42135714066e-05 8.95051872525e-06 1.53019940712e-05 0.000139142265069 0.000140790192242 0.000194219776609 0.000211079715765 0.000174498134592 0.000152927853353 0.000107469379685 0.000318321231411 3.99724857728e-05 1.50347260308e-05 8.82370508217e-05 0.000143934814417 0.000147679382106 0.000141081851151 0.00032694499338 2.50446916291e-05 2.77761313916e-05 9.18048749917e-06 0.000525310216514 0.000449416257306 0.0003669474174 0.000173111091328 0.000459949381084 0.000848948410945 0.000490802555779 2.78027781343e-05 0.000487652670009 7.24402491301e-05 0.000118955766754 8.05812127692e-05 8.90421141822e-05 8.3623354542e-05 0.000453547371346 3.14111286659e-05 8.25607461462e-05 0.000158570648469 3.80393502168e-05 0.000149366604452 0.000231785337675 3.38183920173e-05 5.37877028104e-05 0.000159056352684 0.000330962676054 0.000206184174712 1.86391165127e-05 0.000180116310191 9.06159848216e-05 9.61722772878e-05 0.000168050779118 0.000156101573769 1.27427709846e-05 0.000356253665767 0.000456913088793 0.00032515149067 0.000181229641522 4.36794237275e-05 0.000129366363061 7.56824884915e-06 0.000251865639003 0.000222943065415 0.000233371722993 0.000219500203323 0.000346900425166 0.000174250301155 0.000447762725085 0.000163831989285 0.000339580512328 1.53330681106e-05 0.000157136337698 5.92646572152e-05 0.000136684309835 3.18591280365e-05 0.000213499192144 0.000238660904749 0.000241323117272 0.000524646491021 0.000413217338534 0.000185461781233 1.73796836431e-05 0.000113765976362 0.000267378377128 0.000288095646612 0.00010087258317 0.000147895118895 7.79573877697e-05 0.000253528725373 0.000313253150809 0.000293834158779 8.08133767238e-05 5.69426412789e-05 0.00029548470854 9.65334100187e-05 1.41604103774e-05 0.000317524854571 0.000454063735945 8.77038753916e-05 6.69742747353e-05 0.000455296029119 0.000489695703535 3.29396379343e-05 0.000156288163025 0.000440527749525 0.000147100444543 0.000145323038889 0.000164489341943 6.45550192962e-05 0.000831727483102 0.000333784814855 0.000340440252532 9.10859764773e-06 3.73734565667e-05 0.000175549333591 0.000359482383875 0.001050884243 2.64415371527e-05 6.91454064903e-05 0.000132790670356 8.89449692018e-05 6.07846968719e-05 7.19546975229e-05 4.05023613861e-05 0.000345917539338 0.000165321965556 0.000167918033794 0.000152237916855 0.000115492397421 8.79143626976e-05 0.000137630353888 0.000102250026224 0.000136046868164 7.40220731479e-05 0.000182791401486 0.000144133549846 0.000205270996772 0.00011734547609 0.000109340102709 5.16565223808e-06 0.000427105806211 0.000154807799168 0.000154639202293 0.000248216430586 7.54635450863e-05 0.00010094390061 0.000245771530133 5.99928771224e-05 0.000169630117456 0.0001463876561 0.000154125512221 0.000184438739569 0.00014115557402 6.42470069625e-05 2.02340988821e-05 2.55183352015e-05 1.83419006938e-05 1.58955559382e-05 0.000103776962624 0.000133021291293 9.9299061712e-05 9.919556537e-05 0.000373506567288 0.00039519830011 8.6419213515e-05 0.000136454230002 0.000388083092376 1.95275245109e-05 0.000145042334563 4.86683360364e-05 7.88182865031e-05 9.17895927893e-05 0.000103840256974 7.13423234648e-05 6.71726257811e-05 3.11626567556e-06 0.000118397016914 2.71467238187e-05 6.49283352692e-05 0.000160414878137 4.81010886688e-05 4.65859436865e-05 4.28347693599e-05 8.7744642122e-05 0.00034582966068 0.000168390305291 0.00027509393601 0.000159543468367 2.79862953521e-05 0.00020595356389 0.000369302498774 0.000195208077357 0.000223843835266 0.000180975499539 0.000212798717714 6.20753796407e-05 9.95180854037e-06 7.30544309772e-05 0.000115047265804 5.28398962246e-05 3.87001433666e-05 0.000157077387364 0.000103490125553 0.0002136427969 4.94288066961e-05 9.51235812077e-07 6.63003922082e-05 1.00882556291e-05 0.000153475417295 4.03378300809e-05 6.0715986489e-05 1.11252385163e-05 5.3652690437e-05 9.05061307353e-05 3.44105660464e-05 1.47316006429e-05 0.000313118376234 0.000144661566068 0.000117601645078 0.00026248386323 0.000163673640494 0.000135654697607 0.000437093248134 6.56024974605e-05 6.50302113131e-05 6.48808753058e-05 6.84724090049e-05 0.00044060810554 0.00012640874622 9.12752180119e-05 0.000370207267196 9.66244071813e-05 0.000140793967116 3.3745973017e-05 2.57254247434e-05 0.000100191247313 0.000109418356839 4.04748052239e-05 7.02425628495e-05 0.000141473697277 4.28220769021e-05 6.18587616397e-05 0.000131921051679 0.000152421666414 0.000234458199571 0.000184920555173 0.000122697487105 0.000191050304584 7.49404160214e-05 4.99552813528e-06 1.4773864849e-05 1.82946022973e-05 5.18060203227e-05 1.15089077071e-05 2.40675864855e-05 6.72395948618e-05 5.75473745619e-05 2.35706923363e-05 0.000103985896983 7.30588212702e-05 1.20128606717e-05 0.000115432195499 1.47281300834e-05 0.000115962302208 0.000159668716725 4.39392233762e-05 0.000143506355996 7.72901140326e-05 0.000120884017763 0.000235742285117 0.000347127899309 9.44274154986e-05 7.4003393407e-05 1.81228954209e-05 3.96051295857e-06 4.94394625743e-05 2.57589901331e-05 0.000122596081033 4.4984885279e-06 5.95576481604e-05 0.000155575722615 9.34903554847e-05 0.000142582712976 6.21303864818e-05 8.43323956121e-05 7.08884306405e-05 0.000112016872571 0.000310075768128 9.90519926739e-05 0.000374162678918 6.80677241281e-05 0.000142966834347 5.31179347487e-05 0.00011482278966 9.17169623679e-05 0.000175151627431 0.000112685437729 8.96800859116e-05 9.40171787499e-05 5.71428203544e-05 7.56867473749e-05 0.000234648794658 0.000212558033106 0.000123996295313 0.000403688107732 4.42436827622e-05 0.000103234559674 7.58255107019e-05 7.75635168767e-05 2.39209515408e-05 4.3270825922e-05 5.06283259144e-05 4.64383655806e-05 2.07176207305e-05 1.56956300322e-05 5.40449226174e-05 0.000411542798205 6.00251733968e-05 1.32815799618e-06 0.000107044677399 9.25184890281e-05 0.000119041038255 0.000215911787344 0.000103147129314 2.74707459883e-05 6.0425027967e-05 0.000175196826474 9.54262035562e-05 8.40841990173e-05 0.000314778827859 9.95968761103e-05 0.000257280137324 0.000141895175303 0.00010886691015 8.90343190392e-05 3.47023278976e-05 6.98872732787e-05 5.48588792249e-05 7.66897332575e-05 8.83942804292e-05 8.71981537705e-05 8.31658072007e-05 8.76747060114e-05 2.68772434034e-05 9.626925047e-05 6.55205498173e-05 1.06512081636e-05 7.42429637766e-05 9.25894834025e-05 8.50934932135e-05 7.08515755961e-05 0.000164670235814 6.5058893418e-05 0.000103747272211 0.000198076389371 0.000155686191059 1.37219279358e-05 6.60453095435e-05 4.20750987212e-05 6.24709475118e-05 2.92808623697e-05 3.9907785654e-05 8.3934200648e-05 0.000377807345291 0.000370121569155 6.32914092374e-05 0.000197897552014 0.000126596021251 4.28302990958e-05 0.000127746590087 4.43665641429e-05 3.69083250471e-05 8.00789972763e-05 4.2874503866e-05 3.46731702637e-05 3.04480106071e-05 0.000101958516486 6.30604372139e-06 1.45395942799e-05 0.000231369710409 3.30001126235e-05 5.69143476356e-05 8.87942067e-05 4.00239877424e-05 3.80177463243e-05 0.000102615425156 8.66152126674e-05 6.47491001726e-05 5.70455503403e-05 2.90277653988e-05 2.35546699415e-05 0.00030417741904 0.000207384298637 0.000344156446272 5.45554887284e-05 7.10541064686e-05 4.45912067561e-05 0.000193677302539 9.3144687849e-05 0.000113246993013 4.96838509262e-05 0.000248574448939 6.47062254687e-05 6.60591537486e-05 3.85767875074e-05 2.68417942939e-05 2.31196134173e-05 2.91212480669e-05 5.57175962786e-05 0.00030052320781 9.05691473386e-05 0.000254680618634 0.000109040893911 0.000112410398488 7.32583599784e-05 0.000119749724191 1.48615150308e-06 0.000128271535107 0.000169217183944 1.25127121886e-06 0.000143308206377 8.71675546976e-05 0.000299076350626 0.000106168571079 3.62038615984e-05 0.000106954828379 0.000115366742443 1.4567895394e-05 2.6987949632e-05 2.42186907405e-05 6.14569010027e-05 3.26498429204e-05 0.000288687577177 0.000215954207802 3.39667443846e-05 9.10814996701e-05 6.76585837035e-05 1.54605300682e-05 0.00026173515763 0.000114791967297 2.91724352897e-05 3.38131695221e-05 0.00011296217048 0.000128200951468 0.000192359355588 0.00019308598152 0.00017896070685 5.40189562214e-05 0.000151913459728 8.07375585418e-05 1.68344362827e-05 0.000108078378131 7.05161505272e-05 0.000113512341247 0.000109019487406 5.99423616579e-05 8.51048680152e-05 0.000186504663084 0.000151449158742 0.000108558431907 0.000198075349994 0.000375350046348 7.41973008621e-05 0.000138418409003 9.68122239423e-05 1.45728749585e-05 0.000107883957317 3.38644325072e-05 0.000127148929719 4.15753969894e-05 0.000364507526127 8.06143536287e-05 0.00015827932312 8.33576686916e-05 6.22248837986e-05 6.24840121831e-05 3.47062995797e-05 2.4559245097e-05 1.25771622372e-05 5.42586261745e-06 7.51829649754e-05 4.89955730818e-05 0.000118754037867 0.000150063686622 0.000109362359965 4.18627509593e-05 0.000152157242112 0.000107258177671 3.99724967179e-05 6.40888356042e-05 7.17194465041e-05 3.71323153352e-05 9.25260362877e-05 9.43594497083e-05 3.16947788806e-05 1.95645547557e-05 0.000165048464808 8.23396586502e-05 0.000197967502879 0.000490784931384 6.40279179311e-05 0.000427739627484 4.72752533487e-05 3.03361330764e-05 7.27775917357e-05 5.69586498874e-05 5.44150370844e-05 0.000213424780229 6.7788053839e-05 7.28691291969e-05 0.000117107502327 0.000204882174521 6.73104100923e-05 5.64021945319e-05 1.78549600276e-05 2.25636160546e-05 4.40633332803e-06 0.000268438574167 1.69102775936e-05 0.00015328641994 0.000237658103149 9.22189792929e-05 0.000193330191537 6.95108433562e-05 0.000308314510825 6.61716249964e-05 8.11911944306e-05 0.00026153698882 7.05522287288e-05 2.0843956492e-05 3.65908619225e-05 0.000156806653489 5.2833815392e-05 5.86332669615e-05 4.3878861116e-05 5.88862383531e-05 4.01779340805e-05 0.000233020351726 0.00015781472111 9.89905945715e-05 2.36989920851e-05 0.000105490807286 7.07427271023e-05 6.43936478814e-05 1.51346220437e-05 0.000227842798898 5.39397090768e-05 2.50219707558e-06 3.21479862127e-05 0.000190858482023 0.000172550354478 4.37943427614e-05 4.20795561265e-05 3.15137920088e-05 2.65396021723e-05 6.36842595427e-05 7.32735404844e-05 5.00570535865e-05 0.00013803336721 6.93140556722e-06 4.34766403431e-05 5.5419520999e-05 0.000164741068358 0.000115751796889 1.46077502242e-05 0.000135677933457 0.000171388941946 3.05732779067e-05 0.000102642198768 7.36361985539e-05 9.60906441024e-05 1.2182487362e-05 3.4814482831e-05 8.8315535109e-05 0.000174886528574 5.77919340365e-05 0.000317090066303 0.000130958759313 3.48412563953e-05 5.96406744898e-06 2.59526795528e-05 2.58687414587e-05 3.28268300876e-05 0.000109222499129 8.99430758794e-05 7.37741986561e-05 3.11408575695e-05 3.34626759149e-05 2.02166294139e-05 0.000137939312891 1.21314666718e-05 3.994409304e-05 3.73277017181e-05 7.89035253136e-05 0.000223230131577 6.3450733739e-05 0.000159265409866 6.74218769581e-05 9.31539212603e-05 0.000139558377755 0.000133919075972 3.68666205966e-05 2.31317620038e-05 2.56094366679e-05 4.43715692092e-05 8.16036633655e-05 3.09699059175e-05 1.40907844014e-05 4.92549177722e-05 2.6133611632e-05 1.19072183038e-05 9.07982889281e-05 0.000131645413521 0.000124325730741 9.04613675687e-06 0.000126085220229 7.1572618974e-05 2.0046500117e-05 6.10306120831e-05 7.49038481712e-05 3.11264123571e-06 2.74967600658e-05 0.000153938648515 7.1426360634e-05 2.50713160307e-05 1.87886213751e-05 0.000177323048515 1.36756734395e-05 9.59122079026e-05 2.67247799431e-05 3.5351953766e-05 0.000157173377019 4.51285444066e-05 0.00015176000604 1.08181897004e-05 4.10499104961e-05 0.000179536067178 2.37631375051e-05 0.00011793430356 8.66515595103e-05 6.0140103882e-05 0.000129006978872 3.32085035453e-05 3.63802477269e-05 1.83801894155e-05 0.000108067507049 2.6350278315e-05 5.33716822024e-05 0.000151217989193 4.96246481647e-05 1.77993139465e-05 5.66179152431e-05 4.83845681348e-05 3.92249892135e-05 8.91103197995e-05 6.39928847857e-05 4.30560218937e-05 3.62961846369e-05 6.90251254595e-06 2.19086203707e-05 3.47013310944e-05 9.88276825017e-05 3.10615713186e-05 1.39724980071e-05 1.11048884998e-05 6.32631801822e-05 4.75815205997e-05 2.07313358213e-05 5.02583845647e-05 7.60078108421e-05 6.11252870127e-05 4.12591573796e-05 1.47214868228e-05 4.61171042016e-05 5.11988093894e-05 2.63768777907e-05 1.13328741821e-05 5.50436173118e-06 0.00011002312857 3.01300406871e-05 1.5461889318e-05 3.54529538429e-05 6.17675625212e-05 6.17143455667e-05 3.56281378878e-05 1.58233157562e-05 7.47197365906e-05 4.41955714722e-05 5.78844482276e-05 9.58562625327e-06 5.56740949023e-05 3.64102374248e-05 1.89926135118e-05 4.69775697875e-05 7.43566008723e-05 2.58690185075e-05 3.37997910192e-05 7.97994695536e-06 3.41708465845e-05 7.52030792703e-05 1.37566739487e-05 1.8929240227e-05 5.97452863474e-05 1.51192231005e-05 9.02564264581e-05 3.6427422226e-05 1.91654084955e-05 2.20281750177e-05 1.14369219966e-05 2.63415704902e-05 4.6506351658e-05 6.1852409676e-05 3.06597460924e-05 4.80327531213e-05 6.5982812033e-05 1.09940898822e-05 2.66250956635e-05 1.27313754771e-05 1.09007063884e-05 1.82583132402e-05 4.6292517637e-05 2.81844770904e-05 1.41802978855e-05 2.99119077863e-05 1.90203095833e-05 4.08727035825e-05 3.0742681414e-05 1.11871655767e-05 3.46289319992e-05 4.44133310971e-05 2.47762097861e-05 3.0839938427e-05 3.6482403308e-05 3.22132658407e-05 3.45095333607e-05 4.37063904431e-05 2.11661161518e-05 6.71048849245e-05 1.86219984855e-05 3.61779311748e-05 1.66154651524e-05 2.4063447783e-05 1.05980824271e-05 7.0360690791e-05 8.05668137843e-05 8.31037868617e-06 2.84564556474e-05 3.50797329992e-05 3.77710599812e-05 3.42429792765e-05 1.3721513662e-05 1.27071047008e-05 4.17953424007e-05 2.32983883461e-05 2.8512861893e-05 2.3470399102e-05 1.23564415198e-05 6.55921650109e-06 1.58737000275e-05 5.00387717017e-06 1.62369139236e-05 2.07737966257e-05 4.95622058893e-06 4.20768165588e-05 1.15774121396e-05 3.63772809031e-05 1.17834489227e-05 2.22616470376e-05 2.76278203485e-05 1.47374320041e-05 1.28139592306e-05 2.1538746047e-05 2.03677954937e-05 3.10426568919e-05 1.4779536471e-05 6.02089496893e-05 4.37225892715e-06 5.01078519139e-05 2.594295473e-05 1.39852542005e-05 6.04547771342e-05 3.67858750944e-05 1.92455848497e-05 0.000131231452905 4.67364849577e-05 5.44296003097e-05 2.48279147785e-05 2.35681408796e-05 1.34255842173e-05 4.3397740932e-05 2.02124205979e-05 8.31680027889e-06 2.91280171686e-05 8.26627869732e-07 2.26059646229e-05 1.59720435579e-05 0.000101696522024 3.51574560874e-05 3.55019532232e-05 3.10063725201e-05 4.2452140979e-05 5.59923059827e-05 1.76962107932e-05 2.03223274221e-05 6.38591364595e-05 2.4727687287e-05 2.24985473435e-05 2.94805481369e-05 1.11668107822e-05 1.25098150316e-05 1.60774330323e-05 2.28787148881e-05 1.54312230967e-05 5.31542717323e-05 3.2573193821e-05 7.44351389981e-05 3.90444021694e-05 2.9977993887e-05 1.99803009012e-05 1.47140868656e-05 3.92873923523e-05 2.13513520673e-05 6.56173644978e-06 3.20786099676e-05 9.95630640783e-06 6.16226818607e-05 8.68246284635e-05 3.46934617088e-05 4.43258249141e-05 8.7173324537e-05
</DataArray>
      </CellData>
      <Points><DataArray type="Float64" Name="Points" NumberOfComponents="3" format="ascii">
-0.00503162 0.000468508 0.00218894 0.00568266 0.00442134 0.00212667 0.0033418 -0.00104448 0.000799462 0.00527228 -0.0049042 0.000799428 0.00364551 0.00620936 0.00397676 -0.00659903 -0.00288048 0.00377802 0.00157767 -0.00155034 0.000799502 -0.0059478 0.00314656 0.0047364 -0.00549353 -0.00356086 0.00471244 -0.0027537 0.000754 0.0030434 -0.000877173 -0.00158698 0.00344548 -0.0054071 -0.00475299 0.000799936 0.00535441 -0.00121009 0.000799715 0.000684634 0.000798135 0.00223346 0.00141564 0.00705985 0.00079909 0.00438073 -0.00345457 0.00216486 0.00622605 -0.00361671 0.00356682 0.00293624 -0.000507805 0.005509 0.00326863 -0.00172879 0.00436717 -0.00255376 -0.000999839 0.00302035 0.00164301 -0.00544032 0.00212449 0.00154016 0.00215707 0.00332482 0.00577936 -0.0042849 0.00218415 -0.00109138 -0.00711695 0.000799745 -0.00716515 0.000708569 0.00360883 0.0071751 -0.00057754 0.000799693 0.000672734 0.00150583 0.000799404 -0.00132432 0.00415134 0.000799789 -0.000159332 0.00677938 0.000799842 0.00208072 -0.00404291 0.00478147 -0.00280079 -0.0050979 0.000799754 -0.00297572 0.00166366 0.00434011 -0.00012905 0.00217376 0.00228951 0.00304432 -0.0064958 0.00190774 -0.00429569 -0.000955084 0.00504121 0.00579045 0.000358369 0.000799573 0.00244465 0.0067735 0.00198909 -0.000365241 -0.00570059 0.00208975 0.00304387 0.0038351 0.00528076 0.0036288 -0.00455238 0.00537429 -0.00421827 -0.00414044 0.0039399 0.000372701 0.00360234 0.000799386 -0.00388258 0.000270123 0.0040684 -0.00169887 -0.000303479 0.00582505 -0.00320044 0.00172047 0.00184943 0.00208397 0.0013953 0.00462721 0.000585423 -0.000153928 0.000799936 -0.00440772 0.00238217 0.00445316 0.00113973 0.00313305 0.0021221 0.00014004 -0.00153851 0.001501 -0.00646664 0.00316718 0.00181447 0.00225696 0.000409276 0.000799411 0.00073449 -0.00040058 0.0037105 0.00045125 -0.00718604 0.00121823 -0.00160358 0.00248574 0.00436516 -0.00387496 0.00272042 0.000799313 -0.00589177 -0.0006644 0.00116594 -0.00525572 -0.00200858 0.00398564 0.00202879 -0.00382256 0.000799936 -0.00679264 -0.00238987 0.00226768 0.00501004 0.00105015 0.00602454 0.00232655 0.0052582 0.00576687 -0.00523307 -0.002058 0.0023875 0.00478463 0.00184178 0.000799425 -0.00297588 -0.00498197 0.00313277 -0.00246917 -0.00223273 0.000801166 0.00706823 -0.00137511 0.00218375 -0.00293964 0.00349449 0.00184107 0.0028917 -0.00444772 0.00201293 -0.00669117 0.00101101 0.00211114 -0.00130835 0.00143838 0.00308154 0.00297011 -0.00309441 0.00286129 -0.00146397 -0.00444325 0.0035074 0.00185297 0.00258539 0.000799348 0.00163045 -0.00422084 0.00319788 -0.000304987 0.00431438 0.0020612 -0.00481799 0.00351819 0.0018157 1.21072e-05 0.000738722 0.00510565 0.00333917 0.00475237 0.00151895 0.00316703 -4.32668e-05 0.00203484 -0.00392939 -0.00219909 0.0014537 0.00066982 -0.00287465 0.000799292 0.00715043 0.000848105 0.0051178 6.07464e-05 -0.0044737 0.00302344 -0.000684041 -0.00716765 0.00419153 -0.002329 0.00088661 0.000799322 -0.00694787 0.00189052 0.000799696 0.00342668 0.00467653 0.00328853 0.00415266 -0.00588269 0.00346698 -0.00126851 -0.00568972 0.00554195 -0.00348441 -0.00630125 0.00543622 -0.000893965 -0.00253712 0.000799266 0.00311723 -0.00466945 0.00358057 -0.00512204 -0.00506133 0.00299541 0.00234813 -0.000936298 0.00332666 -0.000801421 0.00593729 0.00414823 0.00683957 -0.00214165 0.000798988 0.00544067 -0.000511819 0.00367833 0.00185934 0.00417995 0.000925078 0.00387913 -0.00411881 0.000799095 -0.000161273 -0.00292251 0.00582558 0.00100849 0.00429181 0.00548672 0.00272308 0.00294754 0.00225435 0.00209862 0.00150573 0.00195342 -0.000669432 0.00238853 0.000799465 0.00458819 0.00362146 0.00297697 0.00714738 0.000873552 0.00147218 0.00117574 0.00559338 0.00194515 0.00461171 0.000815267 0.0044932 0.00292353 -0.00257 0.00568294 0.00206256 0.00438299 0.0025024 -0.0053925 -0.00213915 0.000798905 -0.0049197 -0.00344832 0.00158769 -0.00143506 0.00705571 0.00172483 0.00436197 -0.00507156 0.00210404 -0.00216278 -0.00209747 0.00424884 -0.00396261 0.00312083 0.0031065 0.00187546 -0.0054993 0.00415296 0.00554185 -0.00244652 0.00441658 0.00013161 0.00519642 0.000799822 -0.00226636 0.002485 0.000799393 -0.00138389 0.00574996 0.000799808 -0.0043406 -0.000798505 0.00079942 0.00162618 -0.000469291 0.0019777 -0.00128999 0.00368504 0.0053755 0.00618638 0.00368445 0.000799487 -0.00354566 -0.00366815 0.000798887 0.00658961 -0.0029018 0.00218343 0.00260269 -0.00179604 0.00200255 -0.00271977 0.00446492 0.00539308 -0.00161217 -0.00603597 0.00354643 0.00416915 0.000357418 0.000799936 -0.000808793 -0.00486817 0.000798785 0.00474992 0.00333582 0.00141115 0.00630098 0.00348434 0.00541866 0.00475191 -0.00431704 0.00345961 -0.00194728 -0.00374475 0.000799309 -0.000921748 -0.00310312 0.00443033 -0.00398738 -0.00471751 0.00192211 -0.000343696 -0.00538631 0.00427316 -0.001059 -0.000745315 0.000799362 0.00681721 0.00231749 0.00445364 -0.00405544 0.000841392 0.000799936 -0.002685 0.00668078 0.000799668 -0.00142161 -5.58626e-05 0.00364156 -0.00683582 0.00226186 0.00309819 -0.00422185 -0.00583263 0.000799635 0.00522093 0.0021981 0.00334196 -0.000684723 0.00716778 0.00313309 0.00228467 0.00571673 0.000799293 0.0026197 0.003226 0.00382638 0.00189921 0.000596884 0.00325415 -0.000334366 -0.000400692 0.00252 0.0066044 5.33976e-05 0.00273334 0.000584907 0.00717635 0.00216064 -0.00545616 0.00200377 0.00233096 0.00137132 0.0070685 0.00354959 -0.00291155 0.00435734 0.00318738 -0.00278507 0.004839 0.000799612 -0.00224963 0.00683974 0.00309303 -0.00138805 0.00312438 0.00202459 -0.00564913 0.00334686 0.00317751 -0.00719793 -0.000180157 0.00493864 -0.000846667 0.00715011 0.00580458 -0.00632458 -0.00344013 0.000799936 0.000571468 -0.00366376 0.00430513 0.00622475 -0.00361866 0.000799724 -0.00274693 -0.000657428 0.000799782 0.00155234 -0.00303877 0.00212296 -0.000393844 0.00591099 0.00213136 -0.0053495 0.00481968 0.00257839 -0.0058289 0.00422738 0.000799557 -0.00588351 0.0041503 0.00598062 0.000805353 -0.00582473 0.00529638 -0.00717048 -0.000654717 0.00212724 -0.00475088 0.00541057 0.000799625 0.00526555 -0.00491171 0.00625851 -0.00432406 0.00575701 0.00337172 -0.00214599 0.00538843 0.00215917 -0.000759968 -0.00369987 0.0018894 0.00409042 0.0021188 0.00221328 -0.00155396 0.000967024 0.00486429 0.00553726 0.00460353 0.00456879 0.00405899 -0.0059469 0.000799634 -0.00126754 0.00467211 0.00328757 0.00136326 -0.00274348 0.00537757 -0.00344354 0.00632385 0.00216216 0.00107428 0.00581388 0.00479499 -0.0018453 -0.00683876 0.00218292 0.00425634 0.000702603 0.00293794 -0.00248013 0.00252602 0.00302838 0.0060803 0.00286743 0.00217058 -0.00300205 0.00326264 0.00437703 -0.00386502 0.00479204 0.00197892 0.000696876 -0.00427678 0.00156855 0.000454028 0.002675 0.00452328 -0.000747829 0.000807042 0.00102783 -0.00696015 -0.00184332 0.00494119 0.00319066 0.00170832 0.00079982 -0.00367739 -0.00179886 0.00383078 0.00197308 -0.00692453 0.000799656 0.00462214 -0.00324678 0.00545372 -0.0018007 -1.2363e-05 0.00201227 -0.00570682 0.000881401 0.000799373 0.00238026 0.0067953 0.00476067 0.00717362 -0.000620306 0.00575171 -0.00468651 -0.000762498 0.00314921 0.00419908 -0.00182646 0.00190062 0.00486439 -0.00277676 0.000799339 0.00384 0.00609078 0.000799481 -0.00274754 -0.00371549 0.00218349 0.00254293 -0.00542967 0.000799561 -0.00358984 -0.000217095 0.00208631 0.00048312 0.00538502 0.00337162 0.00159059 -0.00702272 0.00234988 0.00432285 -0.00241828 0.00338162 0.00396975 -0.000858476 0.00315326 0.0031984 0.000183322 0.0040905 0.00699106 0.00172295 0.00281865 0.00559486 -0.00175106 0.0026788 -0.00545338 0.00246065 0.000798679 -0.00338565 -0.00618719 0.00211678 -0.000572266 0.00323607 0.00339997 -0.00180235 -0.00499897 0.00204575 0.000464542 -0.00145018 0.00581699 0.00517447 -0.000314993 0.00211324 -0.00523313 -0.00494569 0.00546957 0.00103431 -0.00169441 0.00281836 0.000778692 -0.00567712 0.000799535 -0.00697664 -0.00178116 0.000799792 -0.00232755 0.00545167 0.00419698 -0.00263625 -0.00670027 0.000799608 0.00491339 -0.00526349 0.00473863 0.00316615 -0.00268685 0.00079958 -0.00718138 0.000237378 0.000799578 0.00491529 0.00526159 0.00325063 0.00508639 0.00508757 0.000799899 0.00563415 0.00133516 0.00205701 0.00636404 0.00209479 0.000799269 0.00327161 0.00332481 0.000799721 -0.00154312 -0.00169353 0.00199294 -0.00326846 -0.000413688 0.00621745 0.0037467 0.00241228 0.0046184 0.00230094 -0.00157121 0.00791165 0.00235612 -0.00390779 0.0063515 0.00201323 0.00425662 0.00891095 -0.00412361 0.00181025 0.00652817 -0.00305788 -0.00651878 0.00696259 0.00524932 0.00492847 0.00769021 -0.00143166 0.00111735 0.00651028 -0.00194332 -0.00693344 0.0096295 0.00323916 0.00643119 0.00962134 -0.00681445 -0.000782608 0.00788196 0.000324931 0.004635 0.00887141 0.00344713 -0.0033193 0.00437119 -0.00134698 0.00527877 0.00549963 -0.00436342 0.000554454 0.00556678 -0.00694549 0.0018984 0.00465563 -0.00512766 0.002937 0.00881663 -0.00373452 0.00159527 0.00988543 0.00222504 -0.00376196 0.00793891 -0.000109039 -0.00719978 0.00731441 0.00337821 -0.00514228 0.00684029 -0.00183441 0.00436354 0.00672071 -0.0031397 0.00291872 0.00713021 5.32682e-05 0.00584595 0.00602634 0.002277 0.00578777 0.0032362 0.000902086 -0.00714382 0.00439655 0.00273831 -0.00665944 0.00346918 -0.000607502 -0.00135895 0.00842369 0.00648282 0.00200461 0.00599787 -0.00377554 0.00428898 0.00658179 -0.00609025 -0.00384113 0.00260447 0.000398845 -0.00200268 0.00431692 -1.93884e-05 -0.00287635 0.00304395 0.00546044 0.00326962 0.00835642 -0.000620506 0.00213055 0.00557578 -0.00196908 -0.000627696 0.00883705 -0.0021805 -0.00163008 0.00705474 -0.000223703 0.00447826 0.00448401 -0.00564472 0.000609998 0.00652209 0.00698498 0.000656247 0.00669757 0.000682217 -0.00605577 0.00324503 -0.0031538 -0.00647304 0.00368343 -0.00580492 -5.10239e-05 0.0040449 -0.00578509 -0.000638781 0.0055325 0.00175783 -0.00270219 0.00382815 -0.00194342 0.0069334 0.00466045 0.00461858 0.00357121 0.00537316 -0.00719058 0.000379777 0.00892536 0.000792697 -0.00115319 0.00738177 0.00581225 -2.75911e-05 0.00515673 0.00411432 0.000215042 0.00952068 -0.00165847 -0.00700709 0.00636062 0.00609561 0.000991802 0.00392413 0.000604835 0.00292992 0.00622197 0.00457663 -0.00555874 0.00925256 -0.00524503 -0.00214367 0.00557897 -0.00413874 -0.00171154 0.00665049 -0.00154381 0.00366048 0.00941386 3.37816e-05 -0.00273882 0.00891785 -0.000570408 -0.00717775 0.00884586 0.00392069 5.26156e-05 0.00663841 0.0052097 0.00496988 0.00609133 0.000825134 -0.00429187 0.00575448 -0.00198299 -0.00396589 0.00532449 -0.00207441 -0.00431317 0.0090663 -0.00644028 0.00321944 0.00788249 -0.0039568 0.00454953 0.00438284 -0.00369244 -0.00452089 0.00540174 0.00554711 -0.00445462 0.00988426 0.000918234 0.000340898 0.0082894 0.00137881 -0.00514152 0.00699187 -0.00330387 -0.000910712 0.00800179 0.00163118 -0.00263256 0.00890353 -0.0052387 0.00143806 0.00936418 0.00206892 0.00120568 0.00638703 -0.00554081 0.0045987 0.00416675 0.00696539 -0.00182453 0.00678394 0.00202611 -0.000144429 0.00724283 -0.00441234 -0.00569006 0.00428533 -0.00254134 0.00395614 0.00819062 -0.000272523 0.00719522 0.00729685 0.00234005 -0.00680966 0.00501191 0.000107787 0.00719942 0.00452184 0.00240305 -0.00637426 0.00714035 0.00399146 0.0059928 0.00626719 0.00374771 -0.00614785 0.005385 0.00470543 0.00360807 0.00696973 0.00405301 0.00232064 0.00619417 -0.00660952 -0.00131015 0.00347409 -0.00362297 0.00622239 0.00473242 0.00428423 0.00364463 0.00949919 0.000961432 0.0018484 0.00734495 -0.000260637 0.00425357 0.00645947 0.00206655 0.0026247 0.00564963 -0.00711793 -0.00108411 0.00634039 0.00428568 -0.00382666 0.00690691 -0.0059112 -0.00411178 0.00707612 0.00324825 0.00483749 0.00974695 -0.000267067 -0.00719594 0.00264769 -0.00289865 0.00531943 0.00743497 0.00131205 -0.00707977 0.00620751 0.00344437 0.00454157 0.00665872 0.00572266 -0.00436947 0.00829629 -0.00245821 0.00676762 0.00616581 -0.000502711 -0.00417882 0.0093625 -0.000733662 -0.00435589 0.00624396 0.00179712 0.00423594 0.00687735 0.000187358 0.00136511 0.00364423 0.00231906 0.00127436 0.00796545 -0.000206116 -0.0071957 0.00571762 0.00642826 0.000734508 0.00830442 0.00338459 0.00104853 0.00549165 -0.00669546 0.00264799 0.00606012 -0.00613288 0.00377335 0.0097381 0.00197301 -0.00146962 0.00634911 0.00130142 -0.00708148 0.00806007 -0.00474704 -0.00356163 0.00612724 -0.00345166 -0.00228929 0.00924741 -0.00061777 0.000147664 0.00788639 -0.00584282 0.000652193 0.00810848 -0.00114298 -0.00345999 0.00808524 -0.000483722 -0.000738226 0.00474316 0.00548686 -0.00153197 0.00572793 0.00406438 -0.00136175 0.00796583 -0.00557115 0.00207745 0.00715437 -0.0021175 -5.90454e-05 0.00734931 -0.00323875 0.000323052 0.00904513 -0.00462629 0.00316036 0.00583285 0.00626196 0.00355393 0.00360372 -0.00427182 0.00170252 0.00811737 -0.00543572 -0.000876659 0.00707558 0.00379106 0.00601243 0.0023962 -0.00130443 -0.00183304 0.00557178 -0.00200981 -0.00220217 0.00855902 0.000562511 0.00360245 0.00767264 -0.00155693 -0.00303157 0.00660064 -0.00561565 0.00152519 0.00384867 -0.00595623 -0.00404596 0.00992707 0.00116581 -0.00110237 0.00893645 -0.000705954 -0.00105084 0.00683172 -0.00286056 0.00136736 0.00740444 -0.000608171 0.00717476 0.00886053 0.00306822 0.00168511 0.00336513 -0.00339883 0.00279972 0.00888776 0.0050135 0.00175785 0.00863532 0.0047167 -0.00544073 0.00766382 -5.82122e-05 -0.00575025 0.00664064 0.00317572 -0.00106231 0.00926183 0.00535867 0.0021566 0.0071256 -0.00243197 0.00262099 0.00572691 -0.000828758 0.00564575 0.00841626 -0.00422772 0.000374505 0.00722612 0.00285851 0.00304315 0.00697498 0.00114882 0.00710809 0.00573248 0.00146416 0.000124369 0.00537548 -0.00475105 -0.00541055 0.00968405 0.0020471 0.00463578 0.00432037 -0.00287868 0.00108833 0.00582938 0.00538941 -0.00193063 0.00727384 -0.00650342 -0.00309024 0.00586067 -0.00699201 0.00172028 0.00779645 0.00037431 0.000145694 0.00654668 -0.00127341 0.00600474 0.00692269 0.00688886 -0.00209624 0.00520463 -0.00532959 -0.004478 0.00852028 0.00360761 -0.00448015 0.00829929 0.0018818 0.00281912 0.0082219 0.00529814 0.00218965 0.00493937 -0.00252709 -0.0053023 0.00463394 -0.00309622 -0.00332078 0.00627488 0.00351192 -0.00628604 0.00829004 -0.00387543 0.00606881 0.00641457 -0.00122075 0.00190394 0.00968199 -0.00232035 0.00535943 0.00892556 0.00593462 -0.00407733 0.00506981 -0.00551867 0.00176845 0.00542663 0.00257184 0.00672532 0.00635519 -0.00414922 0.00153217 0.0031231 -0.00272449 -0.00356886 0.00396401 0.00224255 -0.00531369 0.00832717 0.00439513 -0.000719559 0.00488752 -0.00129671 0.00286095 0.00682809 -0.00402195 -0.00300165 0.00283447 -0.00718861 0.000416151 0.00689141 0.00690025 0.00205824 0.00754073 0.00393106 0.00140171 0.00749773 0.00137152 -0.00281252 0.0069758 0.0071701 -0.00065614 0.00405099 0.00599874 -0.00296618 0.00621797 -0.00250602 -0.00409736 0.00754192 -0.00238007 0.00679593 0.00776435 -0.00507039 0.00511239 0.00703427 -0.0029031 -0.00186245 0.00564652 -0.00254728 -0.00514094 0.00633059 -0.00212038 -0.0068809 0.00483436 0.000899446 0.0038488 0.00353207 -0.00552949 -0.00255861 0.00709707 -0.0046537 -0.000288157 0.00861823 -0.00388171 -0.00293572 0.0049365 0.00440747 0.00569359 0.00881487 0.00717578 -0.000596568 0.00934215 0.000190654 -0.00591055 0.00821288 -0.0010894 -0.00182083 0.00987743 -0.00488795 0.00528691 0.00545453 -0.00264043 -0.000604669 0.00456786 -0.00210363 0.00688632 0.00934912 0.00557101 -0.00027828 0.00671832 -0.00656155 0.00232467 0.00921326 0.00650266 -0.00309236 0.0077304 0.00713696 0.000957149 0.00972091 0.00478251 -0.00307665 0.0082297 0.00717822 -0.000561415 0.00774189 -0.0042114 -0.00546152 0.00658717 0.00397053 -0.00149458 0.00623587 0.00405553 0.00503791 0.00498542 0.00631765 0.00345371 0.00701814 0.0068709 -0.00215197 0.00356847 0.00177442 -0.00132263 0.00476879 -0.00184099 0.00252523 0.00832698 -0.00161725 -0.00293355 0.00300025 0.00124145 0.00667951 0.00727033 0.00228573 -0.00536352 0.00569294 0.00215066 0.00687154 0.0112218 -0.00360506 -0.0038575 0.00896984 -0.00572041 0.00437277 0.0111626 -0.00130235 -0.000527801 0.010795 -0.000524594 -0.003109 0.0106394 0.00289705 -0.00223871 0.0115854 -0.00177641 0.00531538 0.0125845 -0.00552869 -0.00138381 0.00940473 0.00208972 0.0068909 0.00860951 -0.00717913 -0.000553185 0.0125452 0.00295452 -0.00486946 0.00970656 0.00333684 -0.00257971 0.00722746 -0.00148611 -0.00593022 0.0107879 0.0025668 0.000704076 0.0134499 0.00435354 0.000813455 0.0109845 0.00342666 0.00633296 0.00772476 0.00339499 -0.00466655 0.0123197 0.00630769 -0.00173822 0.0101142 0.00380619 -0.00227127 0.0102698 0.00180388 0.0017481 0.00940791 0.00473709 0.00542248 0.0103565 0.000244168 0.00142856 0.00924916 0.00440888 -0.00278626 0.014121 0.0071531 0.000823174 0.0140732 -0.00184918 0.00284948 0.0108086 -0.00423734 0.00399735 0.0116298 0.00592464 0.00409181 0.0106946 0.00556886 0.00111534 0.00999048 0.000890571 0.00714488 0.012188 0.00361279 0.00442715 0.00824491 0.00372306 0.00350458 0.012428 -0.0030433 -0.00295714 0.0127378 -0.00194586 -0.00221082 0.0113251 -0.00685025 0.0022168 0.0122908 -0.00161992 -0.00647153 0.00786709 0.00457108 -0.00089946 0.0105731 -0.0043815 -0.00571378 0.00815739 0.00493795 -0.00183063 0.00922088 -0.0039653 -0.00443434 0.0106778 0.0055334 0.00460717 0.00923142 -0.00569629 -0.00376232 0.0126907 -0.000317573 0.00305863 0.0103974 -0.00153609 -0.00434651 0.0105716 -0.00355821 0.00625962 0.00957244 0.000685458 -0.00598052 0.0115847 -0.00213409 0.000675481 0.010147 0.00398642 0.0041621 0.0109942 -0.00343494 -0.000720226 0.0119189 0.00295274 0.00506664 0.0132085 0.00390048 -0.00294457 0.0126122 -0.00132527 0.00413293 0.0116063 0.00351236 -0.00628535 0.0102002 0.000345586 -0.0039776 0.00736279 -0.00555274 -0.00205048 0.0108583 -0.00544851 -0.0047068 0.0112928 -0.00657633 -0.000433112 0.0107436 0.00249109 -0.00336939 0.0100341 -0.00460514 -0.00182435 0.00817598 0.00487769 0.00258739 0.0130484 0.00163018 -0.00126251 0.01161 -0.00344666 0.00290446 0.0107587 0.000146091 0.0058321 0.0127467 -0.00654582 0.0010759 0.0102128 -0.00417424 -0.00127177 0.0102478 -0.00203173 2.35433e-05 0.0121075 -0.00421748 0.00583624 0.00817781 -0.00101731 -0.00500186 0.00767935 0.00135198 0.00114804 0.0125085 -0.00428258 -0.00578833 0.0114679 -0.00315312 -0.00534344 0.00964291 -0.0016591 0.00700625 0.0108813 -0.00116189 -0.00562446 0.00914553 0.00282874 0.00298043 0.00950121 -0.0010775 -0.000829887 0.0130664 -0.00324658 -0.00642672 0.012506 -0.00498053 -0.000705846 0.0115081 -0.00358341 0.000172171 0.0106 0.000576561 0.00523118 0.00740827 -0.00281333 0.00491776 0.0112682 -0.00668272 0.00267985 0.0107685 -0.00670952 -0.00261214 0.009902 0.00107226 0.00315853 0.00959536 -0.00257746 -0.00130248 0.0101539 0.00182791 0.00567748 0.00962258 0.00189151 -0.00694744 0.0108016 0.00514719 0.00471622 0.0119458 0.0040697 -0.00372503 0.00963086 0.00589652 -0.000721638 0.0125539 0.00428633 -0.00498245 0.010716 0.00220252 0.00020761 0.00924172 -0.00710948 -0.00114242 0.00941234 -0.00410419 -0.00413512 0.00747537 -0.00329124 -0.00259316 0.00768539 0.00637121 -0.00170533 0.00851628 -0.00303561 0.00153673 0.0128663 -0.00485195 0.00532018 0.00961686 0.00498822 0.00303008 0.0115156 0.00597491 -0.00401864 0.013072 0.00142649 -0.00283145 0.0113738 0.00210024 0.00400713 0.0104883 -0.00354476 -0.00221938 0.0113723 -0.000749212 0.000970336 0.0108923 -0.00160781 0.00156515 0.0121466 0.000520895 -0.00188032 0.0101767 0.00203052 -0.00550171 0.012308 -0.00315682 0.00647149 0.0111062 -0.0045702 0.00381428 0.0100758 0.0010668 -0.00251542 0.0132315 0.00559345 -0.000389676 0.00944941 -0.00058884 0.00173766 0.00772 0.00648937 -0.00312027 0.00932936 -0.00035529 0.00598976 0.00990443 -0.000760949 0.000201523 0.00947828 0.00651744 0.0030616 0.0119822 0.000766674 8.13968e-05 0.00993516 -0.00455303 -0.00305608 0.0101181 0.00672868 0.00256419 0.00904806 -0.00184488 0.000943724 0.00856535 0.000438125 -0.00115537 0.0126713 -0.00029122 0.00287021 0.00880957 0.00028541 -0.00450517 0.0111135 0.00504541 -0.00513722 0.0121157 -0.00715855 0.00077894 0.0116604 0.00526293 -0.00292872 0.0103373 0.000825652 -0.00715266 0.00962625 9.11562e-05 0.00720005 0.013573 0.00493534 0.000194546 0.00810827 -0.00155544 0.00500264 0.0102839 -7.12015e-05 0.00720008 0.0109108 0.000940275 -0.00482314 0.00911549 0.00211959 -0.00182144 0.0101932 0.000648324 0.00620166 0.00867738 -0.00679828 -0.00237296 0.00805344 0.00116025 0.007106 0.00989381 -0.00491704 -0.00207904 0.0123261 0.00209295 0.0054613 0.00786199 -0.000548038 -0.00717962 0.0104453 -0.00637513 -0.0033478 0.0113035 0.00233108 -0.00329845 0.0126419 0.00303817 -0.000473955 0.0107432 -0.00305969 -0.00651823 0.00856207 0.0033419 5.56067e-05 0.00812949 -0.00317047 0.00441788 0.0127448 -0.00243582 0.00677571 0.0125012 0.00347136 0.00159419 0.00902736 -0.00557369 0.000778306 0.0114474 0.00685092 0.00221556 0.0106661 -0.00553559 -0.00292916 0.00886227 0.00398413 0.00225329 0.0103914 -0.00274955 -0.00360593 0.0113057 0.00291027 -0.00222711 0.0136794 -0.00402464 0.00432405 0.00866154 -2.01569e-05 0.00389539 0.0124994 0.00392711 0.00286144 0.00815128 0.000163114 0.00458288 0.0104622 -0.00272022 0.00298984 0.0121813 0.00382129 -0.0061028 0.0117588 0.00156443 -0.00702831 0.0124145 -0.000139895 -0.00245233 0.00735384 0.000897275 -0.00350701 0.0100238 -0.00294313 0.0014755 0.0112708 -0.00184193 -0.00696102 0.0119578 -0.00559407 0.00453415 0.00843798 -0.00496903 0.00354677 0.00734628 -0.00426256 -0.000962474 0.013266 0.00322887 -0.00263062 0.00882216 0.00386682 0.0019811 0.011963 -0.0035018 -0.00459921 0.0127745 0.00164582 -0.00223459 0.0146982 -0.00518427 1.68223e-05 0.0100959 0.000107271 -0.00575965 0.0101096 0.00716815 -0.000679227 0.0135234 0.000789558 0.0015101 0.010751 0.00326949 -0.00641512 0.0146141 -0.000921606 0.00410211 0.0080077 0.00547178 0.00271148 0.010025 0.00234064 -0.00680908 0.00924555 0.00290876 -0.00314343 0.0150695 0.000739638 0.00594351 0.014322 -0.00151147 0.000602246 0.0155639 0.00268287 0.00179573 0.0158454 -0.0020529 0.00438948 0.0138883 -0.00716283 -0.000731687 0.0141349 0.00563344 -0.00185467 0.0157095 -0.0044124 -0.000197578 0.0146629 0.0001028 0.0032613 0.013963 0.00119801 0.00454688 0.0116935 -0.000461422 -0.00397105 0.0150999 0.00176586 -0.00111514 0.0135624 -0.000505235 0.00476892 0.0137483 0.00530039 0.00487406 0.0147461 0.00106422 0.00302026 0.0112024 0.00548138 -0.001842 0.0114903 -0.00186108 -0.00362744 0.0135813 0.00098438 -0.00365106 0.0143549 0.00359609 0.000656299 0.0149203 -0.00164992 -0.00195188 0.0142527 0.000187404 -0.000225213 0.0113945 -0.00269768 -0.00518953 0.0115242 -0.0010761 -0.00258373 0.0156054 0.00598332 0.00400526 0.0131583 -0.00126615 -0.00238876 0.0127623 0.00167832 0.00700235 0.0135757 -0.00457906 0.00188242 0.0169643 -0.00204864 -0.00378103 0.0151617 0.00195192 -0.00475663 0.0137216 0.00251794 -0.00674572 0.0162938 -0.00181853 0.00434559 0.0166296 -0.000729309 -0.00530922 0.0120529 0.00321087 -0.000630663 0.0140518 -0.00410914 0.00150317 0.014051 8.98814e-05 0.00573855 0.0160475 -0.00293076 -0.00251791 0.0174309 0.00246732 0.000215091 0.0159643 -0.00595711 0.00404459 0.0156023 0.00264853 -0.00126523 0.0171719 0.00706991 -0.00132526 0.0149835 0.00361391 0.00622759 0.0111628 -0.000271909 -0.000807152 0.0156044 -0.000198249 0.00336127 0.0158436 0.0049519 -0.00360006 0.0153867 -0.00167258 -0.00700308 0.0161067 -0.00521247 0.00496691 0.0125586 0.00234327 -0.00524669 0.0151935 0.000471578 0.00166791 0.0138843 -0.000259518 -0.00719587 0.0120186 -0.00518231 -0.00499895 0.0168056 0.00417412 0.00586682 0.0141939 0.00394505 0.00310243 0.0153943 0.000505005 -0.0028228 0.0156523 0.00219941 -0.00423195 0.0113495 -0.00321405 0.00296997 0.0165615 0.00089328 0.00592407 0.0109386 0.00147473 0.00704762 0.0161453 -0.00549539 -0.00316135 0.0149708 -0.000434203 -0.00170254 0.0114475 -0.00330471 0.0063972 0.0163069 -0.00315869 -0.00117263 0.0144696 -0.00196334 -9.43275e-05 0.0169315 0.00716859 -0.000676185 0.0109441 0.00173819 0.00109583 0.0147604 -0.00612518 -0.00154399 0.0132274 -0.00461357 0.00552774 0.0111851 0.000901578 -0.00601864 0.0163775 4.00015e-05 -0.00306717 0.0121357 0.000414684 -0.00563407 0.0131227 -0.00302918 0.0001234 0.0153994 0.00525294 0.000210607 0.0161291 -0.00465128 0.00549673 0.0161481 0.00551965 -0.00147478 0.0141597 -0.000336971 -0.00282685 0.0139887 0.00105148 0.00468131 0.0133899 -0.00512592 0.00505731 0.0146849 0.0029853 -0.00655227 0.0130458 -0.00111167 0.00159253 0.0136673 -0.00412747 0.0022381 0.0154714 -0.00546633 0.0030535 0.0120309 -0.00645671 0.000144754 0.0152716 -0.00436879 -0.00346008 0.0135311 -0.0013648 -0.00382969 0.0120749 0.00424628 -0.00149448 0.0131915 -0.000996304 -0.00639906 0.0131933 -0.00148973 0.00704474 0.0137625 -0.00509747 -0.00343207 0.0164958 -0.000234104 0.00230971 0.0118081 -0.00431164 -0.00350621 0.0119329 0.000991491 0.00268508 0.0127644 -0.00186005 -0.00096439 0.0154937 -0.00300845 2.35493e-05 0.0133841 -0.00284047 0.002845 0.0137699 0.00254856 0.00606184 0.0168105 -0.00429743 0.00381399 0.015256 0.00664902 0.00276363 0.0171879 0.00512327 -0.00357262 0.0117941 -0.00219239 -0.00537905 0.0145573 -0.00202922 -0.00519054 0.0129774 -0.00442144 0.00404361 0.0136684 0.00538831 -0.00477626 0.0143527 -0.0053973 0.00164254 0.0127816 0.00164368 -0.00631795 0.013884 -0.00662047 0.0028308 0.0147893 -0.00426978 0.000574131 0.0123518 -0.00445943 0.00192324 0.0115129 0.00173367 0.00582127 0.0124984 0.00138591 0.00282367 0.0167101 0.00407005 0.00124445 0.0133679 0.00466213 0.00183418 0.0147334 0.00251754 0.00220677 0.0127915 -0.00298118 -0.00655403 0.0153034 -0.00150292 0.00584772 0.0161792 0.0023717 0.00333876 0.0155607 -0.00399284 -0.00599191 0.0164079 0.00696185 0.00175153 0.0127846 0.00438624 -0.000362588 0.0120688 -0.00284227 0.00577756 0.0136835 -0.00387185 0.00607043 0.0124945 -0.00719842 0.000171076 0.016689 0.00365138 -0.00358592 0.0111683 0.00163554 -0.00541284 0.01043 0.00190464 -0.00235853 0.0162719 -0.0068691 -0.00215946 0.015125 -0.00304476 -0.00652509 0.0107155 0.00274075 0.00496092 0.0116016 0.00261336 0.00607101 0.014479 -0.000220474 0.000852894 0.012504 0.00487322 0.00530092 0.0162268 -0.000767624 0.00578465 0.0114355 0.00215154 -0.00510327 0.0167751 -0.00554404 0.000801868 0.0141344 -0.00697935 -0.00176957 0.0115255 0.00446328 -0.000680696 0.0150608 -0.00471905 0.00347317 0.0167612 0.00170922 0.00028426 0.0112107 0.00609049 0.00325426 0.0157716 -0.00637511 -0.00112528 0.01624 -0.00389095 0.00605886 0.0148577 0.00104468 -0.00425685 0.0125023 0.00574465 2.40179e-05 0.0111467 0.00697006 -0.00180651 0.0120751 0.00568139 0.0012921 0.0136261 -0.00303545 -0.00283323 0.0143326 0.00565816 0.00157725 0.0115203 0.000752518 0.000122754 0.0135804 -0.00498705 -0.00519355 0.0127752 0.00309819 0.000578646 0.0119466 0.00719537 0.000268009 0.0122347 0.00588113 -0.0041537 0.0172098 0.00331792 -0.0039241 0.0137346 0.00216953 0.00376571 0.0127047 -0.00561974 -0.00450171 0.0141066 0.00421161 0.00584013 0.0125948 0.00432582 -0.00575565 0.0134039 -0.00241465 -0.00678352 0.0138249 -0.000894288 0.00714285 0.0122811 -0.00567593 -6.93175e-05 0.0128 -0.00218886 -0.00298108 0.00994439 -0.00417115 0.00266282 0.0129013 0.00718697 0.000439616 0.0157316 -0.000695873 0.000165556 0.0142586 -0.00634432 0.00340452 0.0133215 0.00261376 0.00263171 0.0111243 -0.00126906 0.00296096 0.012854 0.00387224 -0.00494725 0.0148321 0.00180481 0.00303345 0.0140966 0.000337159 -0.00139983 0.014249 -0.00168799 0.00283871 0.0161006 -0.000375517 -0.00425009 0.0132595 -0.00256135 0.00522117 0.0151566 -0.00300048 -0.00487237 0.0158413 0.00684435 -0.0022372 0.0136887 -0.00269696 -0.00238037 0.015829 0.00332281 0.00354955 0.013976 -0.00655584 -0.00297859 0.0137879 0.00489338 -0.000100253 0.0136335 -0.00113159 0.00448513 0.0151923 0.00123049 -0.000924544 0.0164936 -0.00445763 -0.00210167 0.0143718 0.00496958 -0.00521083 0.0180607 -0.00254556 -0.00146376 0.0130208 0.00362969 -0.00407541 0.0161516 0.00293178 -0.000917493 0.012486 0.000361222 -0.00719098 0.0134932 -0.00299349 0.00415698 0.00987283 -0.000955457 -0.00713658 0.0146122 0.00545601 -0.002511 0.012943 -0.00659877 -0.002881 0.0165269 0.0044849 0.00449909 0.0134225 0.00285583 0.00108115 0.0104122 -0.00354467 -0.00454473 0.0143726 -0.00270882 0.0016175 0.0158729 0.00273439 -0.00127633 0.0154356 -0.00403778 0.000601376 0.0193883 0.00206997 0.00689603 0.0210422 0.00304728 0.00127833 0.017314 0.00218027 0.00453176 0.014513 -0.00241019 0.00678491 0.0184497 0.00646837 -0.00316245 0.0160997 -0.0019216 0.00430094 0.0195901 -0.00713092 0.000998615 0.0140988 0.00664501 0.00277289 0.0139743 0.00224538 0.000978991 0.0187961 -0.000786536 0.00334495 0.0173308 0.00285068 -0.00177633 0.0204264 -0.000611248 0.00568235 0.0191167 -0.00528985 -0.0014713 0.01875 0.00103867 -0.00553336 0.0203643 -0.0057331 0.00216713 0.0200518 0.00492532 0.00414953 0.0183312 0.00453491 0.00559276 0.0177626 -0.00411408 0.00590884 0.0175977 0.00406868 -0.00215189 0.0155498 0.000805406 -0.00489855 0.0218147 0.00699542 -0.00170534 0.0165355 -0.00140496 0.00303837 0.0144485 -0.00424503 -0.00180607 0.020227 -0.00319914 0.00277487 0.0208477 -0.0037924 -0.00432477 0.0186428 -0.00628863 0.00350667 0.0176646 -0.00419879 0.0021787 0.0196011 0.00487322 -0.00274734 0.0167979 -0.00379807 -0.00351063 0.0155662 0.00471029 0.000713347 0.0175476 0.00604163 0.000410047 0.018381 0.00354248 -0.00248611 0.0176899 -0.000663292 0.00717007 0.0165026 -0.00172809 -0.0011669 0.0203253 0.00581011 0.00425242 0.0169901 -0.00543346 0.00472007 0.0189841 -0.00712469 -0.0010396 0.0190122 0.000841277 0.00439522 0.016483 0.00134221 -0.0070745 0.0152602 0.00397216 0.00427014 0.017053 0.00217287 -0.00244505 0.0191413 0.000933557 0.00279592 0.0206953 0.00549074 -0.00200133 0.0215909 0.0038319 -0.000418976 0.0165069 0.0042962 0.00577779 0.0193337 0.000483348 0.00566196 0.0202974 0.000799179 -0.00333666 0.0171383 -0.00302899 0.00166503 0.0174677 -0.00100463 -0.00383271 0.0192941 0.00516358 -0.00111953 0.0170506 -0.00163888 -0.00176702 0.0168599 0.00515581 -0.00502621 0.016082 -0.00116678 0.000687978 0.0182641 0.000721697 -0.000496678 0.018295 -0.000127872 0.00719893 0.0186473 -0.00401856 0.00437973 0.0181271 -0.000774516 -0.00264085 0.0213895 0.00301961 0.00201238 0.0142975 0.000324888 -0.00472113 0.0191801 -0.0020928 0.000110113 0.0194337 0.00504925 0.00326025 0.0209896 0.00523184 -0.0049467 0.0216207 9.94112e-05 -0.00463834 0.0165257 0.00547879 -0.0028301 0.0199708 -0.00441864 -0.000223566 0.0216511 -0.00123491 -0.00517086 0.0158217 0.00119708 0.00208306 0.0192877 0.00575542 0.00170749 0.0163847 0.00425326 0.00174274 0.020198 -0.00338103 0.00454701 0.0163535 0.00369927 -0.00106429 0.0192722 0.00521027 0.00330754 0.0144371 0.000742295 0.00107487 0.0179675 -0.00596865 -0.00402765 0.020011 -0.00713153 -0.000994237 0.0206113 0.00234893 -0.0050171 0.0196053 -0.00179317 0.00215618 0.0212938 0.00610192 -0.00381741 0.0187581 0.00569564 0.00140983 0.0195812 0.00140526 -0.000455307 0.014974 -0.000581585 -0.00606668 0.0169747 0.00425104 -0.0041824 0.0195515 0.00242412 0.00445979 0.0167005 -0.00260384 0.00368416 0.0178561 0.000786621 -0.00658826 0.0191886 0.00193845 0.000136136 0.0174717 0.00403498 0.00282533 0.0182194 0.000550384 0.00446855 0.014912 -0.00576242 0.000747496 0.0170938 -0.00335381 -0.00503763 0.021094 -0.000796129 -0.00321731 0.0171319 0.00256981 0.00511517 0.0211892 0.00168736 -0.00390344 0.0157698 0.0071672 -0.00069192 0.0210868 0.00304487 -0.00368347 0.0186269 -0.0028546 -0.00561546 0.0185229 -0.00172987 0.00238913 0.0181996 0.00305495 0.00581954 0.0183251 -0.00608044 -0.00385605 0.0176848 0.000874541 -0.00328636 0.0187352 0.00428773 0.00422074 0.0197959 -0.000803469 0.00598504 0.014744 -0.000247507 0.000477453 0.0168618 0.00307509 0.0040975 0.0183664 -0.00380884 -0.00420242 0.017048 -0.00537576 0.00479054 0.0173871 -0.00222422 -0.00116209 0.01822 0.00064376 -0.0056385 0.0179094 0.00345443 0.00462304 0.0154763 -0.00162847 -0.00263934 0.01837 -0.00633674 0.00341938 0.019261 -0.00309841 0.00495605 0.0204532 -9.20039e-05 -0.00719979 0.0159573 -0.00240986 -0.00678509 0.0195196 0.00602791 -8.22833e-05 0.0147608 0.00650902 -0.00025501 0.0170031 -0.00601741 0.00263339 0.0163522 0.00317401 0.00117855 0.0212347 -0.00394175 -0.00136952 0.0178951 0.00350313 -0.00479697 0.0175739 -4.15738e-05 -0.00720052 0.017965 0.00419317 0.00140716 0.0162021 -0.00305718 0.000199166 0.018108 0.00478655 0.00292856 0.0167437 0.00164711 0.00475434 0.0180675 -0.00530184 -0.00183309 0.0171918 0.0024927 0.00675476 0.0195056 -0.00315619 0.00119793 0.0205822 -0.00561557 0.00214066 0.0181552 0.00259683 -0.00671578 0.0217215 -0.000765571 -0.00234048 0.0198184 -0.000318804 0.00193426 0.0187998 -0.0050108 -0.00291895 0.0193695 -0.00250647 -0.00469238 0.0197822 -0.00139457 0.00469397 0.0181321 0.000669372 0.00348373 0.0179785 -0.000556152 0.00440885 0.0204167 -0.00487955 -0.000564808 0.0161483 -0.00700591 0.00166364 0.0208786 0.00455339 -0.00366659 0.0180676 -0.00256536 0.00551922 0.0174206 -0.00319719 -0.00101976 0.0165061 0.00455316 0.000399425 0.0210131 -0.00276672 0.00150573 0.0190375 0.00380768 0.0013231 0.0187202 0.00332418 -0.00638691 0.0176282 -0.0051534 0.00270995 0.0141632 0.00663485 -0.00279698 0.0176477 -0.00624657 0.000231403 0.0211589 -0.00471743 -0.00528646 0.0151687 -0.000847353 0.000151954 0.0205313 0.00406379 -0.00262172 0.0192543 -0.000604389 -0.00538401 0.0143648 -0.00622983 -0.00360995 0.0215329 0.00692677 0.00196511 0.015326 0.00342119 -0.000107113 0.0180211 0.00221383 -0.000908398 0.0186987 -0.00466814 4.87467e-05 0.0180267 -0.000752565 -0.000763841 0.017735 -0.00310492 0.00542391 0.0189235 -0.00343331 -0.00241725 0.0189914 0.00370129 -0.00567059 0.0162485 0.000759479 -0.00503551 0.0151238 -0.00404098 -0.00595921 0.0138137 -0.00416896 0.00399142 0.0196718 -0.00622191 -0.000636 0.0177546 -0.00149964 0.00147167 0.0169097 0.000926488 0.00598372 0.0187945 -0.00669105 -0.00215325 0.0179486 -0.00250988 0.00120465 0.0143405 -4.06335e-05 -0.00184761 0.016797 0.0016182 0.00554479 0.0156161 -0.00223468 -0.00201762 0.0215858 -1.7665e-05 0.00205825 0.0167715 0.00542801 0.00208112 0.0179642 0.00144824 -0.00251798 0.0206337 -0.00286289 0.00660643 0.0199736 -0.00292997 -0.00657762 0.0210179 0.00174713 -0.00451979 0.0182087 9.71448e-05 0.00143281 0.0207287 -0.000635525 -0.0042438 0.022048 -0.00702535 0.00157776 0.0156975 0.00236272 0.00515184 0.0196032 -0.00160357 0.00565969 0.0203713 0.00247192 -0.00357837 0.0171372 -0.00072392 0.00347642 0.0189237 -0.00382847 0.000488092 0.0167364 0.00215494 0.00238791 0.0180434 0.00194918 0.00693191 0.0180116 0.00719935 -0.0001266 0.0193458 -0.00151762 -0.00663144 0.0182007 0.000544616 0.00655081 0.0173483 0.00366773 0.00619611 0.0156754 -0.0014107 0.00150199 0.0198853 -0.00277361 -0.00664506 0.0172108 -0.00224037 -0.00378869 0.016749 0.00312165 -0.00648811 0.0201443 -0.000120722 -0.0020861 0.0183767 0.00630423 -0.00347836 0.0145407 0.00313995 0.00291121 0.0168968 -0.00429952 -0.00204416 0.0159628 0.000912249 0.00237537 0.0152495 0.002968 -0.00335441 0.0201902 0.00709457 0.001229 0.0171198 0.00232121 -0.00681568 0.0187983 -0.00667265 -0.00270481 0.0194503 -0.00271149 0.00362854 0.0151586 -0.00443234 -0.0029863 0.0178799 -0.00449026 0.00486536 0.0212368 0.00165672 -0.00410161 0.0207198 -0.000665883 -0.00459771 0.01793 0.000970103 0.00713454 0.0199049 -0.00543109 0.00132678 0.0156405 -0.00194505 -0.00527785 0.0172511 0.0014699 -0.00704841 0.0174638 0.005878 0.00415895 0.0199579 -0.00698125 0.00176463 0.0172871 0.0013279 0.00124045 0.0164884 0.00582364 -0.00100235 0.0191005 -0.00112299 0.00620839 0.0176951 0.0017744 0.00356684 0.0191321 0.000216847 0.00719697 0.0151675 -0.00569662 -0.00115008 0.0147177 -0.00223615 -0.00411831 0.018314 0.00369883 -0.0055819 0.0189588 0.000111532 0.0050618 0.0177402 -0.00339233 -0.00305567 0.0212099 0.000331085 0.000657556 0.0153817 -0.00434244 -0.00574325 0.017949 0.000259948 -0.0035048 0.0202173 -0.00235053 0.00680563 0.0150895 0.00351488 0.00628421 0.0206425 0.00136639 -0.00199214 0.0177942 0.00668825 0.00266672 0.0199604 0.00333882 -0.000579014 0.021368 -0.000645038 0.00192228 0.015306 -0.0039614 0.00278085 0.0181351 0.00698844 -0.00173287 0.0222886 0.0063106 0.00340868 0.0248629 0.00685339 -0.0022073 0.0238103 -0.00189535 -0.00517832 0.0217343 -0.00556835 -0.00234628 0.0243816 -0.00389277 -0.00605713 0.0196571 -0.00255552 0.00189831 0.0254567 0.00308572 5.8886e-05 0.0255022 -0.00307419 -0.0004138 0.0208056 0.00176995 -0.00432727 0.0229558 0.0042545 0.00179319 0.0231999 -0.00503914 0.00482097 0.023437 -0.0047591 0.00312701 0.0208818 0.00101886 -0.00648378 0.0218476 0.00200017 0.000215451 0.0217366 -0.000561355 0.00557624 0.0240795 0.00632906 0.00343435 0.0186041 -0.00405923 0.0017857 0.021765 0.00356327 0.00272988 0.021253 -0.00445228 0.00294015 0.0228001 -0.00617069 -0.000879317 0.0241522 0.000471938 0.0045034 0.0191948 0.00688103 0.00211976 0.0241065 -0.00713615 0.000958965 0.0223086 -0.0069384 0.00192417 0.0190284 -0.00372185 -0.00363767 0.0242879 -0.00717199 -0.000634554 0.0221697 -0.000579852 0.00432931 0.0230783 -0.00162018 -0.0016883 0.0230259 0.00679586 -0.00237965 0.0191831 -0.00358975 -0.00307309 0.022797 0.00322557 -0.00205165 0.0235733 -0.00264575 -0.000668839 0.0223413 0.00507799 0.00287803 0.0194308 -0.00686682 -0.00216604 0.0217947 0.00635027 0.00339487 0.022776 -0.00114686 -0.000784047 0.0217938 0.00582657 -0.00423071 0.0229215 -8.6749e-05 -0.00719952 0.0209393 0.00547166 -0.00267614 0.023041 0.00348355 0.00594603 0.0222059 -0.00569358 0.00181347 0.0217809 0.00473585 0.000154181 0.0192951 0.00315016 -0.00204641 0.0219756 -0.000135824 -0.00719932 0.0226928 0.00570044 -0.00439877 0.020193 -0.0044342 -0.00411983 0.021834 0.00134358 0.00433248 0.0205245 -0.00550115 -0.00464523 0.0258483 -0.00156656 -0.00702802 0.0219321 0.000725973 -0.00323897 0.0235403 -0.00212431 -0.00348 0.0223007 -0.0016181 -0.00388307 0.020838 0.00204334 -0.00597002 0.023024 0.00631961 0.00243208 0.0214991 0.00171126 -0.00534619 0.0244593 0.00171965 -0.0024546 0.0225627 -0.00540359 0.000455547 0.0245869 -0.00718742 0.000427448 0.0198799 0.00336677 -0.00463892 0.0228688 0.00457396 -0.00355225 0.0220479 0.00710104 -0.00119179 0.0181564 0.00480391 0.0018233 0.0216975 0.001351 -0.00123916 0.0215899 -0.00193887 0.00510548 0.0234099 -0.00280429 -0.00663145 0.0247161 0.00103229 -0.00168845 0.0237873 0.00132198 0.0021618 0.0237559 0.00110489 0.00413125 0.024436 -0.00120643 -0.00541639 0.0191935 -0.00463423 -0.000947123 0.0245925 0.00526558 -0.00224805 0.0182664 0.00185009 0.00107425 0.0203432 -0.00118667 -0.000895092 0.0248674 -0.00402078 -0.00059377 0.0231555 -0.00336702 -0.000847825 0.0192941 -0.000391586 0.00427074 0.024988 0.00584054 -0.00421088 0.0257481 0.00556385 0.00456998 0.0240546 -0.0020999 0.00390262 0.0211289 -0.000460868 -0.00587472 0.0218578 -0.00517558 -0.00291675 0.0229397 -0.000969144 0.00515966 0.0217675 0.00205883 0.000853875 0.0232025 0.00573862 0.000444588 0.0236014 -0.00649087 0.00311657 0.0213062 0.00481057 0.00535801 0.0207912 -0.00494189 -0.00267415 0.0213759 0.000816324 0.00510615 0.0231596 0.00371458 0.000436912 0.0225453 0.00477692 -0.00538761 0.024676 0.00480681 0.0053611 0.0228881 -0.00117515 -0.0035351 0.0247183 -0.00278651 -0.00621219 0.0225689 -0.00508811 -0.00509391 0.0192066 0.00293615 0.00245649 0.0194379 -0.000833386 0.00328921 0.0218895 -0.00290924 0.00307632 0.0193036 -0.00232178 -0.00292198 0.0237867 0.0011915 0.00572048 0.0217308 -0.00263137 0.00670267 0.02249 -0.00173623 0.00351727 0.0238267 -0.00578124 0.00429209 0.0204857 0.00457512 -0.00556003 0.0202971 -0.0020314 0.000562479 0.0215255 0.00220383 0.00545419 0.0238759 0.00188314 -0.000519889 0.020215 -0.00068071 -0.00716792 0.0194541 -0.00315693 -0.00465546 0.022635 -0.000358876 -0.00219897 0.0243905 0.00238449 -0.00513031 0.0217056 -0.000638595 0.00109149 0.0221072 -0.00718088 0.000529407 0.0182836 -0.00578698 -0.000984992 0.0257012 0.00105869 -0.00035735 0.022901 -2.45427e-05 -0.00129179 0.0207728 0.00147146 0.00172489 0.0217547 0.00283449 0.00207279 0.0225163 -0.000633912 0.00281146 0.0203759 0.00503632 0.00311618 0.0236448 -0.00231017 -0.00264031 0.0201076 0.0062582 -0.00356021 0.0214362 0.00563668 0.00447991 0.0218424 -0.00108999 0.00638981 0.0227834 0.00486122 -0.00118874 0.0203649 0.00122919 0.00354299 0.0229537 0.0038117 -0.00277136 0.0248755 -0.00048531 0.00141141 0.0236668 -0.00507749 -0.00046349 0.0199734 0.00684714 -0.00222797 0.0207743 0.00164284 -0.00701056 0.0204719 0.00417919 -0.00255417 0.0208614 0.00547925 -0.000463677 0.0220314 -0.00363508 0.00621503 0.0213189 -0.00414984 -0.00400418 0.0201686 -0.00522063 0.00212994 0.0239454 -0.00133824 -0.00622548 0.0205672 0.00325503 0.000352524 0.0198673 0.00388905 0.0042731 0.0215206 0.00710643 0.00115908 0.020293 -0.00694993 0.00188177 0.0236021 -0.00380901 -0.00167959 0.0219115 -0.00427578 -0.00579296 0.0221614 -0.00235297 0.00680499 0.0240616 0.000191132 -0.00193006 0.0224483 0.00369799 -0.00447077 0.0210738 -0.00390085 -0.00605191 0.0237054 -0.00139579 -0.00706371 0.0254824 -0.00136538 0.00706939 0.019653 0.000630642 -0.00330914 0.0217612 -0.00161019 0.00223348 0.0228809 -0.00168209 0.00700149 0.0212379 0.00251737 0.00447157 0.022653 0.000426406 6.70443e-05 0.0214943 -0.00313941 0.00082127 0.0226501 0.000694427 0.00655063 0.0238972 -0.000529553 -0.000839893 0.0193171 0.00418177 -0.0010849 0.0227306 0.000241824 0.000559352 0.0193966 0.0021188 0.0032921 0.0216482 0.00261272 -0.000771995 0.0228354 0.00494096 -0.00278764 0.0260222 0.00351268 -0.00628534 0.0235715 -0.00041659 -0.00490755 0.0205849 -0.00423703 -0.00247537 0.0252591 -0.00345979 0.00388223 0.0219723 -0.00410964 0.00591234 0.0244333 -0.00128908 -0.0055 0.0231788 0.00401508 -0.00597674 0.0217514 -0.00176522 -0.00698081 0.0235507 -0.00199556 0.00463771 0.0249386 -0.00567777 -0.00126271 0.0212215 0.000895143 -0.00154728 0.0194889 -0.00575096 0.000765356 0.0189614 0.00264241 -0.00355865 0.0218568 0.00325015 -0.00492236 0.0245677 0.00283406 0.00379477 0.0203084 -0.00719467 0.000284604 0.0237581 -0.00719135 -0.000353352 0.025267 0.00693037 0.00195193 0.0185376 0.006324 0.000839827 0.021651 -0.000176311 0.00651817 0.0214763 0.00239405 0.00679064 0.0230174 0.00539533 -0.00225669 0.024583 0.00594679 1.2901e-05 0.0203307 -0.00490633 -0.00527039 0.0207871 0.000410965 0.00432528 0.0218232 0.000247187 0.00233551 0.0225835 -0.00490144 0.00095741 0.0206864 -0.00443012 0.00567594 0.0197835 0.00305026 0.00534967 0.0252294 0.00257029 -0.00143699 0.025266 -0.00275535 -0.00503829 0.0253935 0.00676281 -0.00247085 0.0253855 0.00154366 -0.000674244 0.0262275 -0.0011846 0.00234357 0.024763 0.000803471 0.00539172 0.0296652 0.00117645 -0.00614269 0.027047 0.00346715 0.00481431 0.0279528 0.00366987 0.00619493 0.0237763 0.00460412 0.00553581 0.0248953 -0.00709457 0.00122937 0.0250556 0.00420403 0.00349822 0.0249565 0.000550476 0.000517664 0.0258374 -0.00457859 0.00355263 0.0242967 -0.00500687 -0.000255917 0.0287367 0.000658803 0.00551068 0.025112 0.00685661 0.00219711 0.027808 -0.00134618 0.00349821 0.028569 0.0031199 0.00253647 0.0256333 0.000251956 -0.0071958 0.0278185 0.00208531 -0.0044725 0.0274326 0.00434809 -0.0036418 0.0236449 0.00287897 0.00378508 0.026629 -0.00573858 0.000886131 0.0230833 -0.0026062 0.00371461 0.0260936 -0.00198663 -0.000523684 0.0299526 -0.00449856 -0.000582724 0.0265589 -0.00105479 0.00197707 0.0281688 -0.00035122 -0.00719144 0.0242778 0.00664021 0.00278467 0.0263359 0.000433321 0.00203895 0.0265619 0.000704951 -0.00365283 0.0293155 0.00239218 -0.00679059 0.0245955 -0.000794964 0.00715653 0.0241563 0.000947067 0.007138 0.022431 0.0019767 -0.000358055 0.0242439 -0.00331304 -0.000653867 0.0254457 0.00465762 -1.59094e-05 0.0262372 -0.00422734 0.00223079 0.0251952 0.000442976 0.00234289 0.0285948 0.00271016 -0.00373639 0.0255252 0.00654029 -0.000990108 0.0248002 0.00173727 0.00457697 0.025836 -0.00695884 0.00184877 0.0265245 -0.00366243 0.00459005 0.029588 -0.00140803 -0.00563234 0.0247684 0.00467302 -0.00547762 0.0280527 0.000517075 -0.000434026 0.0279096 0.00646401 -0.00317138 0.0267923 -0.00555154 -0.000654225 0.022695 0.00539447 -0.001722 0.0276199 -0.00249582 -0.00145859 0.0278972 0.000444551 -0.00279904 0.0257894 0.00502173 -0.000427916 0.0247351 0.00381076 0.00129737 0.0247956 -0.00135827 -0.00489397 0.0280846 -0.00533068 0.00483985 0.02501 0.00171063 -0.00270863 0.0248157 -0.0051486 0.00503318 0.0286674 0.00368711 0.0012463 0.0263898 0.00379993 0.00460375 0.0238735 -0.00305431 0.0065202 0.0254709 -0.00217639 0.000395763 0.025853 -0.0030635 0.00318563 0.0246548 -0.006109 0.00108145 0.0276425 -0.000805969 -0.00306272 0.0231137 0.0040322 -0.00261128 0.0289287 -0.00593466 -0.00407723 0.0296277 -0.00693909 -0.00192301 0.0250892 -0.00404306 -0.00389601 0.0259698 -0.00115542 -0.00710691 0.0270632 -0.00172041 -0.00334091 0.0279574 0.000311484 0.00719329 0.0253114 -0.00331292 0.00137327 0.0267643 -0.00474917 -0.00540982 0.0270356 0.00718204 0.000508325 0.0245551 -0.00109422 -0.00236195 0.0258027 -0.00349534 0.00199991 0.0236715 0.00671749 -0.00259181 0.0282616 0.00309017 0.00250576 0.0240344 0.00470916 0.00335661 0.0282333 0.00209832 0.00688748 0.0245868 0.00582999 0.00188981 0.0229224 0.00266213 0.00387929 0.0247332 -0.0025591 0.00520335 0.0219386 -0.00190142 0.000896858 0.0273473 -0.00303109 -0.000200168 0.027067 0.00515136 0.00253186 0.025809 0.00191373 -0.00319119 0.028375 0.000320819 0.00184707 0.0249777 -0.00126081 -0.00162757 0.0288996 -0.00150986 0.00613141 0.025242 -2.0129e-05 0.00309614 0.0239651 0.0041541 0.00460167 0.0261135 0.00343827 -0.000608313 0.0282291 -0.000890084 0.00597544 0.0277552 -0.000581221 -0.00351877 0.0267841 -0.00406819 0.00594062 0.0228342 -0.00347879 0.00180553 0.0282956 -0.000826471 0.000654767 0.0250344 0.00566148 -0.00135987 0.0260847 0.00425445 -0.00415285 0.0255482 -0.00586866 0.0021953 0.0254062 -0.000509223 -0.00464878 0.0256537 -0.000515532 0.00157543 0.0296204 0.0052418 0.00493604 0.027422 0.00389216 0.00152474 0.0290825 -0.003315 0.00639183 0.027044 -0.00567761 -0.00442855 0.0227915 0.00717618 -0.000587016 0.0233888 -0.00613299 0.00377244 0.0286436 -0.00024178 -0.00447974 0.0238267 0.00092336 -0.00471974 0.0263617 -0.00260935 -0.00344548 0.0254211 -0.00251374 -0.000724881 0.0239446 -0.00621701 -0.000512703 0.0277224 -0.00241503 -0.0019084 0.0250221 0.000864746 -0.0040635 0.0249042 0.000188547 -0.00575454 0.0247317 -0.000281919 0.000793939 0.0272674 -0.00345077 0.00458197 0.023411 0.00052414 0.00356665 0.0260947 -0.0022959 0.00429028 0.0275543 -0.00230596 -0.00616178 0.0264402 0.00563408 -9.39553e-05 0.0275017 -0.00642756 -0.00249982 0.029731 -0.00521267 -0.00355293 0.0270061 0.00713482 0.000969848 0.0230239 0.00275793 -0.00353789 0.0239355 0.00363291 -0.00621658 0.0254264 0.00719633 0.000236104 0.0276013 -0.00149054 0.00015266 0.0230829 0.00412631 -0.00139996 0.0256363 0.00624045 -0.00359127 0.0243284 0.000176476 -0.00258065 0.0282518 0.000445213 -0.00102269 0.025118 -0.00476905 0.00373894 0.0278018 -0.00635209 -0.00339015 0.0253381 -0.00421876 0.000692725 0.0256351 -0.00382162 -0.00610246 0.0259315 -0.00403817 -0.00246009 0.0268461 -0.00545873 -0.00175805 0.0270644 0.000654908 0.00593951 0.0281694 0.007091 0.0012501 0.0263685 0.000914297 -0.00714172 0.0252555 0.00242067 -0.00678116 0.0278237 -0.0021837 0.00686111 0.0280732 -0.00430084 -0.00501734 0.0248581 -0.00574521 0.00433977 0.0220844 0.00567396 -0.00114748 0.0234644 0.00159827 0.00278215 0.025206 0.00221203 0.00126815 0.0247403 0.00202026 0.000938184 0.0263088 0.00587781 0.00069553 0.0254858 0.00564357 0.00447134 0.0288991 -0.00538321 0.00478146 0.026755 -0.00461404 0.00361655 0.0258951 0.00127616 0.00638451 0.0263012 0.000527042 0.000318653 0.02425 -0.000290631 0.00606325 0.0262748 -0.00522642 0.00131347 0.0289564 0.00311554 0.00326337 0.0281263 -0.0035143 0.000494514 0.0242127 -0.0066234 -0.00282434 0.0268094 0.00542879 -0.00239564 0.0296782 -0.000424153 -0.000619935 0.026399 -0.00487108 0.00196763 0.0266357 -0.00103286 -0.00202339 0.0273649 7.82905e-05 -0.00559772 0.0280747 -0.00616911 0.00371327 0.0242434 -0.00380805 -0.0061109 0.0286349 -0.00235362 0.00532653 0.0263372 -0.00605129 0.00296117 0.0228364 0.00530113 0.00174455 0.0244248 0.00295763 -0.00209228 0.0278636 0.00258084 -0.00522128 0.0261064 -0.00708064 -0.00130789 0.0265847 -0.00106584 0.00328442 0.0260517 -0.00357597 0.00460504 0.0251847 0.000464886 -0.00574823 0.023156 -0.00356824 -0.00192763 0.0239134 -0.00408594 -0.00128829 0.0279337 -0.00529645 -0.00391807 0.0242586 -0.000952342 0.00470009 0.0267883 0.00700313 -0.00167232 0.0269399 0.00112738 -0.00711136 0.0236701 -0.000329877 -0.000859231 0.0235167 0.00134111 0.00135961 0.0276946 0.00355539 -0.000582554 0.0241141 -0.00109148 0.00169403 0.0262217 0.00294891 0.00656881 0.0279368 0.00407244 0.0059381 0.0269885 -0.000215674 -0.0061088 0.0262385 0.00367522 -0.00619084 0.0270255 0.00488189 -0.00529298 0.0264777 -0.00241686 -0.00678284 0.0279918 0.00570861 -0.00438781 0.0275057 -0.00194466 -0.00432984 0.026577 0.00475457 -0.00540737 0.0230766 -0.00580375 0.000757981 0.0261058 0.000277387 0.00719496 0.0272524 -0.00212163 0.00126352 0.0240457 0.00285624 0.00660975 0.0261955 0.00573184 0.00435774 0.0260132 0.00368219 0.00339024 0.0228382 -0.00227409 -0.0045116 0.0239615 -0.0032941 -0.00376717 0.0273898 -0.00374612 -0.00271346 0.031476 0.00221262 0.00605303 0.0317554 0.00239554 0.000792002 0.0289216 0.00515585 -0.00415013 0.0303996 0.00467163 -0.00547921 0.0296524 -0.000254933 0.00347141 0.0314437 -0.00359374 -0.000159841 0.0305282 0.00335625 -0.000706616 0.0316783 -0.000424869 0.00718768 0.0286898 0.00462964 -0.00409348 0.0288537 0.00147973 -0.00165364 0.0282906 0.00694719 -0.0018925 0.0296885 0.00250713 -0.00389148 0.0311571 0.00126388 0.00362525 0.0276065 -0.00668461 0.0024305 0.0314407 -0.00243887 0.00425237 0.0327027 2.68927e-05 -0.00581906 0.0312694 -0.00330628 -0.00117514 0.0293258 -0.00439952 0.00263763 0.0293055 0.000781291 -0.00715752 0.032459 0.00385477 0.00608136 0.0304864 -0.00201294 0.00564367 0.0304093 0.00196152 0.00247908 0.0267352 -0.0026491 0.000905582 0.0320747 -0.00705755 0.00142656 0.0302369 -0.00070256 4.65394e-05 0.029188 0.00502337 -0.00515816 0.0325088 0.00233034 0.00373377 0.0295819 -0.0071948 0.000280738 0.0267359 0.000888039 0.000373559 0.030585 -0.00719738 0.000200353 0.0312548 0.00716938 0.000665131 0.0326579 -0.00164113 0.0023073 0.0306863 0.00614923 -0.00374595 0.0292125 -0.00241432 0.000920378 0.0304922 0.000142816 0.00440845 0.032678 0.00340092 -0.00259666 0.0264116 0.00518539 0.000410416 0.0290507 -0.00276633 -0.00199707 0.033407 -0.00610119 0.000220337 0.0298018 -0.00383965 0.00194086 0.03118 -0.000767142 -0.00304299 0.0294581 0.00399084 -0.00536206 0.0337138 -0.00277344 -0.00336009 0.0325694 -0.00290444 0.00658826 0.0294751 0.00433342 -0.00575013 0.0311923 -0.00481624 -0.0010925 0.0300867 0.00294484 -0.00152644 0.0294426 0.00377215 0.00203533 0.0329594 0.00168028 -0.000546517 0.0294278 0.00356618 -0.00440195 0.030072 0.00591231 -0.00410928 0.0333885 0.0020811 -0.00139807 0.0323855 -0.00403029 -0.00247507 0.0299129 -0.00089438 0.000474499 0.0307176 -0.003751 -0.00433834 0.0316904 0.00280086 0.00578065 0.0293211 0.00253058 -0.00674085 0.0300025 0.00181499 0.00208596 0.031427 0.000785192 -0.00220002 0.0329056 0.00148908 -0.00395297 0.0324392 -0.00222865 -0.00684657 0.0318808 0.00162062 -0.00557056 0.0284993 -0.00522323 -0.00236045 0.030973 -0.00505193 0.00100296 0.0307215 -0.00624586 -0.00358221 0.0311168 0.00133743 -0.00227125 0.0298164 0.00719594 -0.000246887 0.0296789 0.00033085 0.00169566 0.0327656 0.0030348 -0.000971823 0.0267245 -0.00553727 -0.00460214 0.0281695 -0.00666778 -0.00271736 0.0323949 0.00312374 0.00346148 0.0326351 -0.0034746 -0.00515451 0.0301964 0.00476036 -0.00112959 0.0289639 -0.00122846 -0.000489675 0.0277756 -0.00373908 0.00453705 0.0268682 0.0061975 0.00366488 0.0275963 0.00202871 -0.00449867 0.0296185 -0.00283993 0.00574057 0.0322737 0.00426277 0.00068432 0.0277726 -0.00434495 0.00574154 0.0260069 -0.00577005 0.00430687 0.0312727 0.00539561 0.00135288 0.0268622 -0.000233425 0.00459982 0.0282409 -0.00706597 0.001383 0.0344153 0.00206017 -6.80369e-05 0.027615 -0.00364221 0.00291835 0.0270165 0.00709938 0.00120116 0.0304065 -0.000949579 -0.00162696 0.0304688 0.000246996 -0.00123859 0.0292657 -0.00333134 -0.00418121 0.0289347 0.00649669 -0.00310403 0.030636 -0.00485034 -0.00532151 0.0310706 0.00541581 -0.00200366 0.0312292 0.000213576 -0.00362713 0.0333485 0.000695143 -0.00716647 0.0306974 0.000757271 0.00378969 0.029201 0.000121788 -0.00508015 0.0326854 -0.00207835 0.00259234 0.0271042 -0.0029537 -0.00356382 0.0303768 -0.00143756 -0.00308524 0.0309101 0.00104916 0.00189414 0.0300355 -0.00285116 -0.0052801 0.0276586 0.00520574 -0.00151976 0.0327395 0.00590599 0.00411842 0.0312421 0.00449846 0.000960235 0.0304514 -0.00453655 0.000686111 0.0275325 0.00223388 0.00539631 0.0271167 -0.00257666 0.00252387 0.03197 0.00444663 -0.00282419 0.0322087 0.000624866 0.00492715 0.026931 0.00167184 0.00700334 0.0287968 -0.0018247 -0.00424308 0.0294697 0.000751796 0.000691701 0.0290231 -0.0028534 -0.00661067 0.030427 -0.00235824 -0.00572497 0.0291902 0.00392921 0.00515942 0.0336669 -0.00686491 0.00217159 0.0285366 -0.00201481 0.000928167 0.0289429 -0.000514136 -0.00431566 0.0313489 -0.00379934 0.00122317 0.0297508 -0.00129708 -0.00557058 0.0321324 -0.00718143 0.000517579 0.0330746 -0.00152814 0.00703604 0.0265614 -0.00641243 -0.00327259 0.0283303 0.00658759 -0.00100411 0.0284078 0.0023582 -0.0068031 0.0261948 -0.00556039 -0.00457423 0.0331211 0.00191763 0.00436643 0.0320596 0.00202221 0.00234592 0.0288488 -0.00194427 -0.0011134 0.0263294 -0.0020832 0.0068922 0.031407 -0.00416151 0.000410085 0.0319111 0.000981367 -0.00420446 0.0307916 0.0018374 -0.00289656 0.0265705 -0.00213081 0.00417424 0.029788 0.00382725 0.0042729 0.0294143 0.00370445 0.00214321 0.0313626 -0.00214785 0.00539175 0.0287052 0.00571957 0.00184149 0.0299114 -0.00658116 0.00292084 0.0299214 0.00272358 -0.00306943 0.0298017 0.000555853 -0.00405896 0.0277716 -0.00621055 0.00364334 0.0259937 0.00451714 0.00560698 0.0288631 -0.00253748 -0.00202051 0.0304454 6.9155e-05 -0.00628063 0.0295214 0.00360231 -0.00419416 0.0270083 0.00116421 0.00335174 0.030685 -0.00474862 0.00541257 0.0304261 -0.00368343 0.00325952 0.0328609 0.00309915 -0.00228715 0.0315295 0.00416636 -0.000296911 0.0329957 0.0031968 -0.00473744 0.028552 0.00134819 -0.00707283 0.0289772 -0.00143993 0.0070547 0.0299191 0.00349135 -5.0122e-05 0.0297275 -0.00104863 -0.00712338 0.0287473 0.000997892 0.00309318 0.0323637 -0.00628846 0.00350654 0.0325574 0.00415427 -0.00290671 0.030499 -0.00697769 -0.00177598 0.0283427 0.00649249 0.00311251 0.0290686 -0.00712991 -0.00100306 0.0297352 -0.0057219 -0.000417015 0.0312194 0.00417487 -0.00130792 0.0304421 -0.00182574 0.00377069 0.0313058 0.00205139 -0.00690168 0.0315204 -0.000665236 -0.00716947 0.0317757 -0.00274109 -0.00262743 0.0289618 -0.00696056 -0.00184167 0.0310882 0.000678021 0.00480398 0.031148 -0.00555948 -0.00156618 0.0323206 0.0057353 -1.48544e-05 0.0328589 -0.00132662 -0.00707696 0.030322 -0.00417698 -0.00117894 0.0316148 -0.00340211 0.000227784 0.0285631 0.000586872 -0.00172326 0.0269649 -0.000767258 0.00464215 0.0304815 -0.00285081 -0.00520893 0.0326862 -0.000890346 0.00580903 0.0332427 -0.0050546 0.00251975 0.0322729 0.00339575 0.00496809 0.0321708 -0.00450786 -0.00394131 0.030338 0.000344115 0.00593183 0.0322325 -0.000496886 0.00617204 0.0308632 -0.00329049 0.00320368 0.0303103 0.0050339 -0.000458629 0.0314911 0.00300773 0.00170859 0.0277621 -0.00605201 0.0010592 0.031969 0.00509167 0.00509072 0.030267 0.00353658 -0.00627186 0.0288506 0.00335044 -0.00637301 0.0322902 0.00719348 -0.00030683 0.0341325 -0.00236434 0.00246119 0.0292378 -0.00370939 0.00568838 0.0284256 0.00132988 -0.00574079 0.0303449 0.00449375 0.00285481 0.0297371 0.00053798 -0.0011671 0.0308372 0.00625364 0.00356824 0.0327036 -0.00449343 0.00561715 0.0319922 -0.000472879 -0.00185767 0.0319784 -0.0011735 0.0014956 0.032259 0.00272847 0.00175335 0.0301564 -0.00216314 -0.00438275 0.0315011 0.00580231 -0.000875076 0.030151 0.000549782 0.0069493 0.0299358 -0.00332716 0.00348833 0.0284776 -0.000719432 0.00575138 0.0293299 -0.00535603 -7.35307e-05 0.0328592 0.00699045 -0.00172483 0.0312789 0.00245999 0.000353061 0.0308822 -0.000264519 0.00318498 0.027433 0.00630544 -0.00263249 0.0324043 -0.000345844 -0.00475986 0.0297944 0.00604275 0.00108391 0.031602 0.00519607 0.00268683 0.0311647 0.00294423 0.000816906 0.0323349 0.0027114 0.00336817 0.0310921 -0.00350679 0.00628839 0.0309265 0.00217548 0.00498827 0.0305622 0.00468853 -0.00315633 0.0275584 0.00013635 -0.00276785 0.0307494 -0.00420529 -0.00289718 0.028376 -0.00489364 -0.00528142 0.0294673 -0.00510849 0.00396111 0.0298577 -0.00541183 -0.00188515 0.0286586 0.00213556 -0.00124316 0.030794 0.0042043 0.00391978 0.0309284 -0.00441379 -0.00568843 0.033061 -0.00122405 0.00304839 0.0326443 -0.000926278 -0.000320949 0.0321053 -0.00431193 0.00367261 0.0314488 0.00216799 0.00686593 0.0303116 0.00665142 0.00102799 0.0288804 -0.0044875 0.00459458 0.0332226 -0.000531262 0.00315038 0.029901 0.00719278 -0.000323798 0.0261002 -0.00244052 -0.00257416 0.0267519 -0.00600867 0.00283059 0.0273567 0.00494011 0.00523814 0.0318528 0.00719871 -0.000138676 0.0312751 0.00106397 0.00712121 0.031441 0.00400883 -0.00423768 0.0316006 0.00064092 -0.000701466 0.0323642 -0.00426527 -0.00228476 0.0329274 0.00528669 0.00187114 0.0283717 -0.00311133 0.00469747 0.0310861 0.00178737 0.00482002 0.0285405 0.00204269 -8.6588e-05 0.033301 -0.0006692 0.00716892 0.0321025 -0.00154176 -0.00550805 0.0305489 -0.007189 0.000400179 0.0286064 0.0021822 0.00221115 0.0329791 0.00403086 0.00270996 0.0269368 0.00331455 0.00402312 0.0346437 0.00522656 0.00405899 0.0349478 -0.00196864 -0.00081377 0.0341301 0.000253042 0.000302318 0.0335481 0.0023792 0.00518396 0.0340629 -0.00492431 0.00289299 0.0338232 0.00149806 -0.00470966 0.0338487 0.000327682 0.00719262 0.0333536 0.00674483 0.00251973 0.0315292 -0.00117637 0.0059433 0.0348111 -0.00351019 0.00628649 0.0343716 -0.00163996 -0.0070108 0.034459 0.00221844 -0.00247428 0.0335614 -0.00231036 0.00537314 0.0338371 -0.0020602 -0.00205843 0.0319719 0.00362512 -0.00266108 0.0343004 0.00411629 0.00187484 0.0348103 -0.00372932 -0.00291306 0.0342977 0.00277993 -0.00114341 0.0342494 -0.00625379 5.37105e-05 0.0347802 -0.0037971 -0.00611741 0.0344736 -0.00585738 0.0041872 0.0339417 -0.00119444 -0.0025686 0.0332169 0.000546161 0.00543329 0.0338385 0.00146998 -0.00546418 0.0319143 0.00257709 -0.00578877 0.0343293 0.00139357 0.00706392 0.0346451 0.000978443 -0.00105263 0.0340037 -0.00500963 -0.00345095 0.0321239 -0.000184958 0.00719768 0.0348692 0.00545314 0.00470159 0.0335002 -0.00180541 -0.00369543 0.0354732 0.00485863 -0.00342211 0.0349778 0.000772126 -0.00056665 0.035514 -0.00114757 0.00428512 0.0336563 -0.0006114 -0.000260104 0.0347712 0.000777326 0.00249738 0.0349332 0.00241824 -0.00365871 0.0346288 -0.00202804 0.00690861 0.0330059 -0.00367936 -0.00618897 0.0317307 0.00184238 0.00376953 0.0335423 0.00271309 0.00255336 0.034449 -0.00688959 0.00208838 0.0329901 -0.00204858 0.00114135 0.0348048 2.56896e-06 -0.00236409 0.0343076 0.00555094 0.000518041 0.0349661 -0.00122471 -0.00410352 0.0327665 0.00594321 -0.00406446 0.0317896 -0.000391649 0.00162445 0.0341913 0.00137015 0.000693251 0.0320766 0.00296244 0.00105903 0.0339345 -0.00276133 -0.00664951 0.0333765 0.00641694 -0.0032656 0.0346508 -0.00658861 0.00290355 0.034556 -0.00412549 -0.00116535 0.034062 -0.000114705 0.00190828 0.031133 -0.00714011 -0.000927128 0.0323885 0.00400457 9.18864e-05 0.0346682 0.0068689 0.00215897 0.0331452 0.0013871 0.0013173 0.0340414 0.00270011 -0.00501606 0.0328339 0.00688637 0.00123121 0.0344485 -0.00138342 0.00525079 0.0318267 -0.00603006 -0.00393436 0.0347871 0.00206347 0.000138126 0.0348851 0.00152552 -0.00219869 0.0349769 -0.00543597 0.0018597 0.0349324 -0.00474933 0.000296144 0.0342927 -0.00238741 -0.000564844 0.0315009 -0.00559965 -0.00301962 0.033547 -0.00225016 -0.00519436 0.0351338 -0.00329609 -0.000597682 0.0328172 -0.000592534 -0.00667785 0.0332964 0.00525202 -0.00492519 0.034596 -0.00534445 -0.00196422 0.0347221 0.000728196 -0.00716311 0.034058 -0.00542 0.00143437 0.0333901 0.00186575 -0.0069541 0.0351635 -0.00270421 0.00387419 0.0342344 0.00451861 -0.00134001 0.0341731 -0.00404564 -0.00407114 0.0332401 -0.00274867 -0.00665476 0.0355562 -0.00155593 0.00443736 0.0351958 0.000737547 0.00407317 0.034659 -0.00624291 -0.00112492 0.0336983 0.00593962 0.00278937 0.0342848 0.00468663 0.00377316 0.0324466 -0.000507011 -0.0011376 0.0334156 -0.00323416 0.000598839 0.0338774 -0.00182879 -0.00231558 0.0346637 0.00679852 0.00237081 0.0355681 0.00329873 0.00640009 0.0328776 -0.00144831 0.00282497 0.034237 -0.00384144 0.00124035 0.0352114 -0.00251604 -0.00421458 0.0338972 0.00533986 0.00217982 0.0326752 -0.00164913 -0.00554371 0.0336928 -0.00133172 0.000519469 0.0335167 0.000830533 -0.00363177 0.0348246 0.00451341 0.000946818 0.0320511 0.000235494 -0.00563403 0.0341821 -0.00521263 0.0025943 0.0306827 -0.000874042 -0.00429057 0.0343163 -0.00480069 0.00536599 0.0345888 0.00303266 -0.00346754 0.0326075 0.00442994 0.00315142 0.0338982 0.00277517 -0.00546231 0.0309718 0.00480567 0.00102395 0.0336439 0.00366494 -0.00160356 0.0355003 3.01316e-05 0.00306528 0.0336374 -0.00317175 -0.000420783 0.0351088 0.00352872 -0.00176413 0.0329791 -0.00382776 0.00166625 0.032844 0.0043401 -0.00382162 0.0334588 0.00169465 0.00636982 0.0332355 0.00594139 -0.00102798 0.034835 -0.00344551 0.00245644 0.0342501 0.00713918 -0.000934458 0.0326618 -0.00473807 -0.00482345 0.0344707 0.00684856 -0.00193326 0.0338773 -0.0022952 0.0017873 0.033362 0.00215403 -0.00687031 0.0332289 0.00154266 -0.00265612 0.0315039
</DataArray></Points>
      <Lines>
        <DataArray type="Int64" Name="connectivity" NumberOfComponents="1" format="ascii">
0 203 0 212 0 155 0 206 1 125 1 236 1 235 2 128 2 207 2 79 3 183 3 99 3 166 3 114 3 22 4 373 4 456 4 204 5 272 5 59 5 330 5 8 5 197 6 49 6 128 6 123 7 161 7 257 7 417 7 354 7 172 8 40 8 226 8 358 8 401 9 44 9 212 9 202 9 419 9 70 9 42 9 31 10 152 10 461 10 274 10 115 10 363 12 225 13 26 13 152 13 123 13 32 13 349 13 151 14 149 14 28 14 36 14 154 15 99 15 208 15 135 15 215 16 22 16 127 16 118 16 416 17 217 17 422 17 356 17 302 18 215 18 94 18 459 18 422 18 109 19 240 19 212 19 202 19 144 19 199 19 446 20 228 20 194 20 214 20 68 20 282 21 48 21 349 21 384 21 150 22 166 23 53 23 188 24 69 24 257 24 162 25 96 25 106 26 73 26 196 27 121 27 160 28 121 28 113 29 117 29 254 29 185 29 244 30 146 30 136 30 223 31 192 31 54 31 399 32 104 32 160 32 48 32 70 32 222 33 200 33 183 33 268 34 199 34 285 34 256 35 106 35 225 35 237 36 149 36 373 36 266 37 132 37 340 37 223 37 282 37 83 38 398 38 288 38 456 38 335 38 343 39 254 39 327 39 232 39 262 40 93 40 424 40 320 40 420 40 309 40 440 41 104 41 98 41 48 41 75 42 206 42 419 42 446 42 256 43 446 43 374 43 181 43 249 43 381 43 367 44 85 44 55 44 120 44 419 44 190 45 151 45 396 45 353 45 335 47 419 47 116 47 378 47 417 47 369 48 73 48 102 48 110 48 437 49 91 49 81 49 140 49 152 49 227 50 220 50 161 51 198 51 123 51 79 51 103 52 152 52 227 52 151 53 200 53 228 53 340 54 190 54 222 54 192 54 181 54 276 54 124 54 391 55 220 55 76 55 67 56 229 56 111 56 122 56 203 56 174 57 62 57 199 57 297 59 229 59 62 60 108 60 291 60 409 60 329 60 302 60 390 61 398 61 418 61 348 61 343 62 111 62 424 62 206 63 198 63 238 63 237 63 180 64 138 64 223 64 210 64 283 64 410 65 136 65 167 65 80 66 96 66 127 66 219 66 153 66 458 67 120 67 193 67 190 67 157 68 211 68 99 68 114 68 92 68 71 69 234 69 86 69 155 69 145 70 144 70 349 70 190 71 168 71 128 71 215 71 254 71 286 72 223 72 83 72 461 73 198 73 98 73 239 73 103 74 168 74 83 74 92 75 119 75 184 76 220 76 171 76 170 76 193 76 116 77 349 77 363 77 396 77 276 77 403 78 239 78 149 78 209 79 123 79 216 79 189 80 122 80 112 80 424 81 91 81 194 81 168 82 294 82 291 82 205 82 270 82 281 83 179 83 274 83 139 83 165 84 340 84 130 84 267 84 436 84 351 85 167 85 120 85 196 85 202 86 203 86 220 87 105 87 266 87 235 88 114 88 92 89 410 89 139 89 293 89 435 89 347 90 320 90 410 90 436 90 247 90 454 91 179 91 240 92 117 92 254 93 138 94 128 94 123 94 227 94 151 94 217 94 459 95 184 95 213 95 148 95 287 95 324 95 255 96 166 96 127 97 219 97 225 97 216 97 291 98 149 99 233 100 137 100 185 100 374 100 347 100 224 100 622 101 279 101 398 101 295 101 334 101 348 102 239 102 103 102 180 102 110 102 150 103 151 104 120 104 196 104 160 105 133 105 147 106 238 106 153 106 218 107 119 107 149 107 213 108 189 108 217 108 294 108 422 108 353 108 409 109 254 109 185 109 244 109 356 109 455 109 475 110 266 111 112 112 126 112 272 112 424 113 143 113 169 113 148 114 183 114 135 115 461 115 199 115 446 115 374 115 434 116 419 116 190 116 192 117 268 117 282 117 173 117 463 118 215 118 405 118 364 119 169 121 143 121 178 122 167 122 212 123 227 124 255 124 391 124 334 125 238 125 133 125 191 126 138 126 210 127 219 127 458 128 233 128 207 129 192 129 308 129 230 129 255 129 271 129 263 130 188 130 410 130 139 132 136 132 223 132 179 133 239 133 180 134 141 134 182 134 270 134 457 135 232 136 210 137 461 137 165 138 146 138 221 139 282 139 173 140 196 140 240 140 202 141 370 141 294 141 409 143 186 144 152 144 363 144 181 145 155 146 221 147 180 147 191 147 294 147 409 148 154 148 159 148 324 149 209 150 242 150 398 151 217 152 202 153 429 153 294 154 169 154 156 155 220 155 419 155 161 155 378 156 266 156 324 156 204 157 193 157 308 157 230 158 193 158 178 159 186 159 287 160 190 161 317 162 285 163 287 163 324 163 265 163 322 165 274 165 286 165 304 166 208 167 212 168 227 170 177 172 445 173 267 173 304 173 388 174 234 174 330 175 193 176 232 176 416 176 337 176 387 177 186 177 331 178 186 178 184 179 194 179 461 179 274 180 189 180 384 182 370 182 235 182 288 182 456 182 303 184 222 184 279 184 230 185 286 185 459 185 428 186 193 187 213 187 398 187 265 187 395 188 231 189 225 189 384 191 238 191 237 191 218 191 370 192 391 194 228 195 349 195 437 195 276 197 330 197 336 199 424 199 206 199 440 200 211 200 214 201 254 201 416 201 430 203 220 204 395 205 405 205 291 205 318 205 281 206 284 207 208 207 219 207 215 207 216 209 236 209 373 210 223 210 424 210 461 213 437 213 279 215 219 215 254 216 217 218 294 219 225 221 231 222 437 224 273 224 363 224 356 224 381 226 309 226 454 227 274 227 286 230 287 230 331 232 327 232 416 235 373 240 461 241 256 241 434 241 399 241 393 242 384 242 409 243 356 243 475 243 319 243 314 243 380 244 463 244 428 244 260 245 408 245 599 245 545 245 547 245 563 246 256 246 399 246 369 246 393 246 382 246 366 246 264 246 371 247 293 247 435 247 604 248 303 248 328 248 503 248 441 249 276 249 399 249 367 249 573 250 301 250 604 250 535 250 765 250 476 251 441 251 472 251 339 251 547 251 681 252 336 252 372 252 425 252 596 252 554 253 541 253 376 253 392 253 618 255 265 255 404 256 280 256 399 257 378 258 627 258 315 258 355 259 385 259 315 259 540 259 524 259 624 260 428 260 421 260 407 260 314 261 351 261 388 261 357 261 443 261 301 262 463 262 325 262 337 262 387 263 334 263 423 263 341 263 638 264 391 264 382 264 321 266 398 267 282 267 323 269 622 269 360 269 300 269 277 269 444 270 409 270 281 270 390 270 426 271 369 271 627 271 433 271 341 273 274 273 363 273 459 274 461 275 457 275 617 275 503 276 295 276 423 277 367 277 313 277 375 277 368 277 581 277 546 277 576 278 434 278 377 278 381 278 367 278 556 280 285 280 417 280 425 280 393 280 366 280 361 282 340 283 320 283 436 284 330 284 378 284 285 285 297 285 372 287 345 288 409 288 329 288 328 289 361 289 526 290 356 290 622 290 381 290 403 290 319 290 380 291 422 291 448 292 605 292 608 292 572 292 499 292 478 293 436 293 351 293 498 295 335 295 334 295 333 295 376 296 387 296 515 296 310 296 552 297 358 297 401 297 438 297 298 298 434 298 372 298 521 299 460 299 638 299 583 299 826 299 591 300 622 300 346 300 623 300 567 301 498 301 588 301 600 302 455 302 605 302 427 303 456 304 312 305 410 305 420 305 347 305 411 306 431 306 362 306 535 306 465 306 533 306 799 306 506 307 627 307 402 308 317 308 445 309 410 309 435 309 358 309 411 309 454 310 344 310 552 311 319 311 360 311 485 312 463 312 388 312 516 312 421 313 367 313 521 314 629 314 380 314 623 314 594 315 361 315 371 315 449 315 633 315 526 316 396 316 353 316 335 316 319 316 333 316 350 317 445 318 430 318 453 319 356 319 605 321 341 321 460 321 385 321 615 321 415 322 404 322 462 322 383 323 327 323 342 323 463 324 395 325 342 325 357 325 412 325 421 326 456 326 418 326 343 326 479 328 390 328 343 328 617 329 353 329 394 329 427 332 617 332 503 332 536 332 639 332 339 333 350 333 573 333 408 334 541 335 394 336 425 337 475 337 452 338 358 338 438 338 406 339 493 339 563 339 510 341 413 341 529 341 432 341 415 342 351 343 493 344 387 344 452 344 450 345 413 345 404 346 362 346 593 346 506 347 388 347 516 347 377 347 530 348 394 348 376 348 599 350 605 350 608 352 453 352 590 352 426 352 451 354 417 355 449 355 626 355 570 355 543 355 466 356 459 356 428 357 640 358 440 358 438 358 555 359 556 359 465 359 579 359 799 359 527 359 546 360 381 360 573 360 576 361 402 361 439 362 377 362 622 362 530 362 431 362 375 363 374 364 405 364 422 364 430 364 455 364 400 364 448 365 475 365 400 365 605 365 501 365 389 366 627 366 402 367 581 368 439 368 581 368 509 368 540 369 627 371 393 371 385 374 377 374 381 375 556 375 799 376 583 377 411 378 417 379 406 379 611 379 518 379 601 380 567 380 578 381 622 382 399 382 581 383 595 383 575 383 447 386 390 386 608 386 491 387 412 387 407 388 443 388 530 389 605 389 594 389 603 390 426 391 399 391 423 392 404 392 638 392 595 392 575 393 439 394 408 394 617 395 418 395 462 396 459 396 403 397 500 397 406 397 533 397 502 398 437 400 430 400 557 402 425 402 449 404 432 406 500 406 611 407 421 407 474 407 550 408 483 408 536 411 440 411 434 411 431 411 556 412 421 412 640 413 445 414 581 414 485 414 583 414 509 414 565 414 488 415 447 415 591 416 430 420 461 421 593 423 573 426 457 426 580 427 605 427 617 428 516 428 622 429 458 430 450 431 435 431 555 433 445 433 627 433 529 438 596 438 521 439 521 439 633 441 479 441 484 442 557 442 572 442 451 443 593 444 799 444 546 444 468 444 467 447 507 447 534 448 590 449 526 449 543 450 574 450 557 451 491 451 610 452 501 453 557 454 500 454 555 460 573 460 581 462 541 462 599 462 595 462 472 464 696 464 681 465 555 466 706 466 720 466 489 466 686 467 576 467 509 467 565 467 699 467 528 468 623 468 506 468 708 469 761 469 482 469 562 469 523 469 602 469 513 469 824 470 514 470 770 470 758 471 521 471 554 471 527 471 633 471 517 472 595 472 597 473 773 473 586 473 798 473 705 473 646 474 515 474 550 474 762 475 629 476 600 476 506 476 625 476 662 476 672 477 788 477 531 477 749 477 673 477 704 478 491 478 757 478 788 478 630 479 599 480 761 480 620 480 694 480 568 480 791 481 574 481 557 481 587 481 703 482 629 482 761 482 587 482 499 483 553 483 545 483 831 484 510 484 681 485 583 485 578 485 636 486 513 486 828 486 724 486 684 486 854 487 756 487 635 487 950 488 524 488 505 488 514 489 570 489 606 490 503 490 639 490 549 491 572 491 639 491 781 492 592 492 747 493 617 494 510 494 630 494 522 494 792 494 815 494 830 495 729 495 613 495 822 495 657 495 784 496 799 496 564 496 699 496 665 497 543 497 586 498 530 498 604 499 603 499 781 499 656 499 757 500 604 501 572 501 587 502 533 502 579 502 532 502 729 502 613 504 601 504 729 504 787 504 722 504 816 504 793 505 583 505 618 505 728 505 655 506 613 506 723 507 529 507 559 507 569 508 634 508 762 508 584 508 689 508 621 508 709 509 576 509 540 509 624 510 560 510 766 510 549 511 540 511 564 511 539 511 528 511 822 511 745 511 628 512 792 512 747 512 794 513 761 513 737 513 791 513 724 514 591 514 616 515 640 515 620 517 579 517 601 517 773 517 539 517 598 518 532 519 554 519 633 519 526 519 773 520 629 520 623 520 594 520 694 521 556 521 611 522 560 522 749 522 907 523 594 523 562 523 776 523 582 524 570 524 826 524 746 524 624 524 619 525 770 525 653 525 715 525 589 526 586 526 609 527 546 527 540 527 564 527 539 528 537 528 566 529 615 530 535 531 776 531 768 531 751 531 730 531 786 532 538 532 787 533 604 533 765 534 592 535 634 536 608 536 563 537 665 537 822 537 582 537 802 538 625 538 796 538 999 539 633 539 609 539 598 539 798 540 624 541 599 541 595 542 826 542 591 542 569 542 606 544 611 544 554 545 583 547 595 547 597 548 588 548 762 549 794 550 629 550 761 550 587 551 781 551 656 551 782 551 635 551 817 552 761 552 620 552 585 553 605 553 578 553 831 558 624 558 566 558 800 558 732 558 1005 558 674 559 626 559 570 559 706 560 639 560 630 560 785 560 577 561 737 561 828 561 741 561 1034 562 623 562 694 562 708 563 804 563 655 563 650 563 766 564 729 564 613 565 661 566 624 566 728 566 768 566 718 567 594 567 699 568 694 568 621 568 717 568 780 568 669 569 607 570 615 571 602 571 708 571 582 571 652 571 658 573 583 574 587 575 595 575 591 575 618 575 592 575 770 576 581 576 578 577 610 577 756 577 664 578 661 578 776 579 611 580 639 582 699 582 661 582 652 582 786 582 808 583 638 584 623 584 672 585 620 585 737 585 795 586 609 587 737 587 656 588 640 588 600 589 726 589 666 589 1057 590 605 591 770 592 597 592 696 592 797 593 634 593 623 593 762 595 597 596 611 597 696 598 729 598 705 598 628 600 634 600 689 602 694 602 791 602 614 603 776 603 788 606 619 606 740 606 645 607 759 607 797 607 758 607 726 608 831 608 612 609 633 609 746 609 798 609 745 609 742 610 639 610 785 612 639 612 804 612 630 613 799 613 662 613 723 614 724 614 652 615 626 615 826 616 650 616 805 616 730 616 649 616 653 616 715 618 696 619 805 619 733 620 717 624 746 625 725 626 627 628 732 628 820 628 648 630 788 630 751 630 749 631 662 631 729 631 787 631 739 631 832 632 652 632 693 632 641 632 763 634 762 635 789 635 813 635 680 636 776 636 655 637 717 637 687 641 791 641 928 641 854 641 823 642 715 642 666 642 923 642 1057 643 802 643 710 643 1071 643 833 643 702 644 704 644 893 644 754 644 677 644 1053 644 957 644 837 644 1035 645 653 645 857 645 818 645 811 646 705 646 721 647 713 647 863 647 840 647 856 647 885 648 1058 648 701 648 772 648 710 648 973 649 730 649 857 649 923 650 696 650 766 650 747 651 714 651 988 651 901 651 668 651 663 651 693 652 824 652 786 652 915 653 715 653 923 653 937 653 818 654 830 654 907 654 691 654 769 655 804 655 728 655 730 656 782 656 828 657 723 657 665 657 668 658 669 658 714 658 998 658 928 659 673 659 893 659 750 659 774 659 677 660 665 660 822 660 714 660 663 660 731 661 768 662 765 662 739 663 693 663 886 664 830 665 723 665 708 665 822 665 714 666 747 666 767 667 719 667 1022 667 964 667 1072 668 784 668 812 668 1031 669 780 669 743 669 791 669 687 670 874 670 997 670 1050 670 981 671 818 671 905 671 753 671 845 671 919 671 970 672 739 672 725 672 709 673 724 673 834 674 772 674 982 674 719 675 937 675 1007 675 873 675 1027 676 1031 676 886 676 954 677 915 677 879 677 921 678 716 678 952 679 763 679 879 679 867 679 921 679 1068 680 813 680 856 681 766 681 794 682 808 682 731 682 1063 682 1006 683 1071 683 1037 683 818 683 809 683 873 683 845 684 1034 684 887 684 823 685 752 685 948 685 1030 686 706 687 806 687 998 687 771 688 730 688 786 688 718 688 1037 689 825 689 725 690 755 690 727 691 794 691 767 691 1028 692 750 692 907 692 754 692 944 692 959 693 763 693 1006 693 882 694 762 694 761 695 719 695 833 695 809 695 775 695 905 695 883 695 919 697 1007 697 1027 698 816 698 793 698 820 698 727 700 779 700 1066 700 853 700 976 701 822 701 820 702 977 702 994 703 781 703 789 704 1063 704 1037 705 798 705 816 705 1058 706 759 707 874 707 998 707 948 707 771 707 916 707 943 708 723 708 780 709 743 709 810 710 731 710 977 710 1022 710 833 711 950 711 774 711 879 711 903 711 951 711 865 712 716 712 779 712 905 712 941 712 853 713 828 713 724 713 813 713 817 713 950 713 774 714 810 714 808 715 792 715 747 715 838 716 740 716 779 716 735 717 743 717 795 718 805 718 802 718 1005 719 1048 719 735 719 833 720 746 720 742 720 803 721 842 721 772 721 1017 721 778 721 760 722 729 722 820 723 810 724 828 724 824 724 817 725 825 725 796 725 827 725 988 726 797 726 937 726 1066 727 864 727 829 727 934 727 940 727 1043 728 730 730 751 730 792 730 807 731 886 732 822 732 1005 733 800 733 857 733 1042 734 1007 734 1028 734 1024 735 1042 735 775 736 777 736 903 736 1039 736 1010 736 1252 736 1089 737 761 737 828 738 739 738 796 738 988 738 832 738 752 738 812 738 901 740 800 740 982 741 806 741 1034 742 800 742 772 743 825 743 874 744 803 744 982 744 1017 745 746 746 800 747 766 748 1037 748 754 748 1053 748 1009 748 1023 748 971 749 817 749 893 750 783 750 907 750 957 751 792 751 893 752 796 752 755 753 811 753 868 754 807 754 838 754 918 754 1035 755 985 755 812 755 1030 755 1064 756 789 756 783 756 843 757 788 758 759 758 779 758 811 760 778 760 924 763 834 763 819 763 1020 764 816 764 1058 764 829 764 778 767 838 767 1028 769 1028 769 875 769 870 769 852 771 955 771 1020 771 1014 772 798 772 842 772 1048 774 817 774 854 774 879 775 952 775 941 776 788 777 907 777 990 777 870 778 973 778 961 778 1001 779 811 781 785 783 817 784 820 784 814 786 802 787 999 788 824 790 887 790 840 790 913 791 806 793 985 794 830 800 982 801 950 801 990 801 951 801 1039 802 1063 806 997 806 823 807 893 807 838 807 1037 808 915 809 1071 809 1042 809 1002 810 988 811 1042 811 1066 811 905 812 940 813 828 813 1034 814 864 814 977 814 886 815 830 815 893 815 838 817 950 818 937 819 915 819 1006 820 1036 821 955 821 975 821 1060 823 997 823 955 823 1020 827 948 829 934 829 1004 832 999 832 985 832 864 833 1005 833 1002 834 854 835 993 835 1148 835 979 835 1201 835 862 835 1261 835 963 836 962 836 1047 837 921 837 991 837 1023 837 980 838 944 838 1007 839 1055 839 995 839 1012 840 1034 840 983 841 970 841 1170 841 1021 841 947 841 972 841 1019 841 1152 843 907 843 990 844 921 844 1023 844 902 844 1210 844 1145 845 1009 845 932 845 971 845 1021 846 876 846 906 846 1038 846 1179 846 1011 846 1204 846 1070 847 1055 847 970 847 1003 847 1019 848 961 848 1001 848 954 848 968 848 1201 849 920 849 1203 849 911 849 1236 849 1045 850 1097 850 946 850 862 850 1261 850 974 850 1085 851 875 851 922 851 1089 851 852 851 936 852 933 852 880 854 863 855 1045 855 1086 855 1153 855 1016 855 1183 855 1222 855 1082 856 983 856 951 857 1071 857 1042 858 996 858 1148 858 1201 858 1160 859 1170 859 963 859 912 859 1085 859 1152 859 1090 859 1238 860 940 860 931 860 1207 861 952 861 941 861 964 861 946 862 1170 863 975 863 1144 864 1036 865 957 865 991 865 866 865 1010 866 951 866 1054 866 1025 866 914 867 930 867 975 868 1057 868 1055 868 1027 869 1229 869 895 869 1193 869 986 871 941 871 1175 871 1262 872 1004 872 1001 872 910 873 923 873 918 873 1061 874 948 875 959 875 918 875 939 876 930 876 935 876 1245 876 992 876 1038 877 902 877 1191 877 1120 877 1015 877 1189 877 1232 878 1197 878 1204 878 1202 878 1205 878 1112 879 885 879 991 880 933 881 1094 881 1003 881 1120 881 1047 881 1172 881 1254 882 898 882 926 882 1068 882 935 883 1022 883 958 883 1072 883 979 884 1059 884 1142 884 1065 884 966 885 951 886 942 886 994 887 997 888 1002 888 994 888 895 888 967 889 921 889 994 889 1245 889 992 889 1231 890 1027 890 1221 891 941 891 1072 891 919 891 995 891 1000 892 966 892 1125 892 1222 892 1008 892 1217 894 943 894 1046 894 935 894 1065 894 1236 895 979 896 1051 896 1091 896 1127 896 1195 897 1176 897 1118 897 1241 897 1133 897 1462 897 1110 898 901 898 998 898 1046 899 987 899 1102 899 1118 899 1204 900 1081 900 1261 900 1214 900 1313 900 1147 901 1049 901 916 902 1023 902 967 902 1056 902 1145 903 990 903 959 904 980 904 1106 904 978 904 953 904 1135 906 991 906 987 906 992 906 1115 906 1197 906 1210 908 1053 908 921 908 938 908 1231 908 967 909 1167 909 1041 909 968 909 989 910 1131 910 1244 910 1099 911 1014 911 1060 911 1045 912 1029 912 1169 912 1223 913 983 913 1118 914 1106 914 1212 915 1063 916 948 916 1049 916 956 916 943 917 930 917 975 917 987 917 1176 917 1118 918 960 919 932 919 970 919 1170 920 956 920 943 920 1180 920 1040 920 1203 921 1053 921 991 922 1035 922 1010 922 980 922 1106 924 1048 924 1052 924 993 925 969 925 1207 925 1013 925 1258 925 1215 925 1076 925 1119 925 1181 926 1031 926 1006 926 1046 926 945 927 1120 927 1018 927 1067 927 1211 927 1172 927 1113 927 1225 928 998 929 1257 929 1202 929 1073 930 955 930 1020 930 1014 930 987 930 1038 931 1049 931 1064 931 949 931 1078 931 969 932 1002 932 979 932 967 933 1024 933 1018 935 1014 935 1033 936 1249 936 1051 936 1159 938 1063 938 1009 938 1002 938 994 939 960 939 1056 940 1043 942 945 942 994 942 958 942 1148 943 1014 944 1028 945 1059 947 995 947 1044 947 1348 949 1026 949 1013 949 1209 951 1039 951 1134 952 1048 952 1017 952 1052 953 1210 953 1145 953 978 953 1091 953 1087 953 1162 953 1190 954 961 954 993 954 996 954 1148 955 997 956 1050 956 1026 958 1022 960 1061 960 1056 960 1003 961 1036 961 1043 962 1024 962 1067 963 1177 963 1090 964 1246 964 1097 965 1203 965 1086 965 1241 965 1183 965 1126 966 1033 966 1229 966 1193 966 1188 967 1021 967 1029 968 1043 968 1207 969 1059 969 1125 970 976 970 1055 970 1061 970 1021 971 1056 971 1094 972 1094 972 1191 972 1155 973 1036 973 1022 974 1131 974 1158 974 1096 974 1114 975 1144 976 995 977 1036 978 1257 978 1070 978 1135 979 1170 979 1029 980 1115 980 1168 981 997 981 1040 981 1060 983 1144 983 1102 984 1131 984 1244 984 1261 986 1229 986 1029 986 1109 986 1226 986 1177 987 1144 988 998 989 1160 989 1107 989 1372 991 992 992 1179 993 1246 994 1033 994 1229 995 1262 995 1012 996 1043 996 1148 996 1193 1000 1170 1000 1085 1001 1004 1001 1185 1002 1009 1003 1027 1003 1024 1003 1094 1003 1047 1004 1041 1006 1033 1008 1062 1008 1105 1008 1101 1009 1071 1009 1053 1011 1245 1011 1065 1011 1045 1011 1136 1012 1221 1012 1206 1013 1166 1014 1020 1015 1231 1015 1191 1015 1226 1015 1184 1016 1125 1016 1076 1016 1222 1016 1329 1018 1120 1019 1221 1019 1224 1021 1094 1021 1191 1023 1035 1023 1168 1024 1027 1025 1134 1025 1257 1025 1212 1026 1030 1026 1180 1026 1142 1027 1061 1029 1191 1030 1049 1031 1049 1031 1059 1032 1040 1032 1060 1033 1068 1033 1245 1038 1218 1038 1045 1038 1204 1039 1252 1040 1050 1044 1175 1044 1206 1045 1065 1045 1183 1045 1247 1046 1049 1046 1142 1049 1059 1051 1106 1052 1185 1053 1063 1054 1144 1054 1134 1054 1115 1054 1197 1054 1257 1056 1249 1060 1176 1061 1094 1062 1207 1062 1193 1062 1214 1062 1103 1063 1071 1064 1167 1065 1222 1067 1159 1067 1113 1069 1089 1069 1212 1069 1127 1070 1116 1070 1087 1070 1162 1072 1170 1073 1202 1073 1075 1073 1373 1074 1095 1074 1151 1074 1467 1075 1397 1075 1305 1075 1266 1076 1125 1076 1153 1076 1166 1076 1240 1077 1154 1077 1446 1077 1332 1077 1237 1078 1167 1079 1268 1079 1327 1079 1326 1079 1337 1080 1452 1080 1318 1080 1264 1080 1540 1080 1416 1080 1323 1081 1148 1081 1177 1082 1247 1082 1392 1083 1135 1083 1162 1083 1343 1083 1192 1084 1412 1084 1361 1084 1277 1084 1320 1085 1175 1086 1203 1086 1111 1086 1117 1086 1443 1087 1136 1087 1226 1087 1189 1087 1233 1087 1156 1088 1100 1088 1228 1088 1297 1088 1149 1088 1279 1088 1355 1089 1106 1090 1261 1090 1227 1090 1092 1091 1249 1091 1135 1091 1232 1091 1211 1091 1190 1092 1238 1092 1436 1092 1208 1092 1341 1093 1313 1093 1250 1093 1332 1093 1143 1093 1130 1093 1186 1094 1120 1095 1391 1095 1346 1096 1099 1096 1287 1096 1250 1096 1213 1097 1185 1098 1103 1098 1446 1098 1377 1098 1237 1100 1169 1100 1155 1100 1259 1100 1161 1100 1174 1100 1137 1101 1105 1101 1109 1101 1329 1102 1134 1102 1202 1103 1124 1103 1154 1103 1444 1104 1116 1104 1233 1104 1230 1104 1392 1104 1452 1104 1199 1105 1214 1105 1109 1105 1177 1105 1147 1105 1395 1105 1227 1107 1244 1108 1127 1108 1195 1108 1346 1108 1192 1109 1188 1110 1462 1110 1112 1110 1397 1111 1180 1112 1133 1112 1285 1112 1413 1112 1256 1113 1164 1113 1255 1114 1261 1114 1158 1114 1287 1114 1436 1115 1210 1115 1257 1116 1204 1116 1247 1116 1129 1116 1230 1117 1153 1117 1449 1117 1292 1118 1194 1119 1160 1119 1372 1119 1181 1120 1249 1120 1259 1121 1411 1121 1401 1121 1338 1122 1209 1122 1153 1122 1166 1123 1329 1123 1129 1123 1375 1123 1139 1123 1381 1124 1125 1124 1181 1124 1171 1125 1193 1125 1236 1126 1183 1126 1443 1126 1449 1126 1235 1126 1128 1127 1253 1127 1346 1128 1382 1128 1248 1128 1381 1129 1222 1129 1136 1129 1139 1130 1287 1130 1143 1130 1463 1130 1402 1131 1185 1132 1183 1132 1462 1132 1285 1133 1218 1133 1204 1135 1346 1136 1217 1137 1348 1137 1384 1137 1243 1138 1242 1138 1219 1139 1217 1139 1187 1139 1321 1139 1182 1139 1399 1140 1156 1140 1260 1140 1198 1140 1415 1141 1198 1141 1356 1141 1279 1141 1306 1142 1209 1143 1444 1143 1186 1143 1300 1145 1179 1145 1189 1146 1450 1146 1380 1146 1363 1147 1313 1147 1444 1147 1426 1149 1441 1149 1385 1150 1397 1150 1365 1150 1312 1151 1164 1151 1192 1152 1169 1152 1348 1153 1209 1153 1236 1153 1443 1154 1160 1154 1372 1155 1348 1155 1254 1155 1196 1156 1187 1156 1190 1156 1299 1156 1415 1157 1391 1157 1346 1157 1413 1157 1437 1158 1175 1158 1436 1159 1211 1159 1195 1160 1244 1160 1214 1161 1259 1161 1172 1161 1178 1163 1462 1163 1248 1163 1393 1163 1365 1164 1195 1164 1324 1165 1375 1165 1171 1165 1182 1165 1367 1165 1377 1165 1340 1166 1215 1166 1219 1168 1249 1169 1191 1169 1260 1171 1469 1171 1444 1172 1298 1173 1224 1173 1348 1173 1196 1173 1216 1174 1223 1174 1268 1174 1327 1174 1243 1175 1412 1176 1218 1177 1184 1177 1227 1178 1225 1178 1255 1178 1263 1179 1245 1180 1209 1181 1469 1182 1450 1182 1399 1183 1218 1183 1247 1184 1226 1184 1395 1184 1260 1184 1200 1185 1246 1186 1251 1186 1440 1186 1290 1187 1226 1187 1450 1187 1422 1188 1245 1189 1260 1189 1190 1190 1468 1190 1343 1192 1468 1192 1437 1192 1275 1194 1202 1196 1254 1196 1297 1198 1232 1198 1259 1198 1260 1199 1285 1199 1365 1199 1396 1199 1507 1200 1223 1200 1422 1200 1363 1200 1268 1200 1353 1201 1244 1201 1261 1205 1253 1205 1230 1205 1413 1206 1361 1207 1258 1208 1287 1208 1302 1208 1277 1208 1366 1211 1468 1212 1253 1213 1436 1213 1274 1215 1258 1216 1297 1216 1325 1216 1355 1217 1450 1218 1247 1219 1411 1220 1292 1220 1309 1220 1334 1220 1387 1223 1465 1224 1254 1225 1232 1227 1341 1228 1298 1228 1279 1228 1345 1228 1336 1229 1245 1229 1231 1230 1452 1232 1249 1233 1452 1233 1299 1234 1256 1234 1365 1234 1507 1234 1693 1235 1462 1235 1296 1237 1444 1237 1404 1238 1348 1238 1384 1239 1361 1239 1442 1239 1325 1240 1242 1240 1469 1240 1375 1240 1309 1243 1442 1243 1288 1243 1355 1243 1435 1244 1313 1248 1392 1248 1393 1251 1332 1251 1274 1251 1499 1253 1391 1254 1298 1255 1298 1255 1272 1255 1345 1256 1413 1256 1266 1260 1356 1263 1347 1263 1357 1263 1466 1264 1321 1264 1396 1264 1540 1265 1469 1265 1309 1265 1403 1265 1377 1265 1387 1265 1461 1266 1312 1267 1399 1267 1276 1267 1649 1267 1540 1267 1557 1268 1465 1268 1356 1268 1353 1268 1453 1269 1720 1269 1406 1269 1643 1270 1598 1270 1376 1270 1283 1270 1409 1270 1432 1271 1455 1271 1579 1271 1425 1271 1616 1271 1608 1272 1324 1272 1273 1273 1324 1273 1357 1274 1366 1274 1307 1275 1324 1275 1282 1275 1351 1275 1357 1276 1422 1276 1363 1276 1353 1276 1429 1276 1416 1277 1433 1277 1327 1278 1379 1278 1445 1278 1578 1278 1510 1278 1424 1278 1517 1279 1306 1279 1423 1279 1421 1280 1293 1280 1706 1280 1634 1281 1684 1281 1386 1281 1291 1281 1555 1281 1666 1281 1607 1281 1708 1282 1343 1282 1414 1282 1323 1282 1493 1282 1726 1283 1334 1283 1629 1283 1626 1284 1376 1284 1619 1284 1533 1284 1625 1284 1352 1286 1306 1286 1357 1286 1493 1287 1313 1288 1327 1288 1442 1288 1441 1288 1558 1288 1547 1288 1570 1289 1488 1289 1496 1289 1560 1289 1505 1289 1795 1290 1402 1290 1405 1290 1445 1290 1350 1290 1578 1291 1349 1291 1570 1291 1303 1291 1368 1292 1408 1293 1351 1293 1407 1293 1548 1294 1353 1294 1453 1294 1493 1294 1383 1294 1684 1295 1352 1295 1686 1295 1549 1295 1512 1295 1537 1295 1605 1296 1449 1296 1393 1296 1598 1297 1336 1299 1452 1299 1422 1300 1380 1300 1326 1301 1317 1301 1396 1301 1417 1301 1323 1301 1388 1302 1327 1302 1402 1302 1420 1302 1430 1303 1684 1303 1601 1303 1368 1303 1568 1304 1321 1304 1439 1304 1365 1304 1606 1305 1413 1305 1373 1305 1364 1305 1709 1306 1347 1306 1385 1306 1582 1306 1579 1307 1366 1307 1499 1307 1711 1308 1679 1308 1667 1308 1697 1308 1607 1308 1621 1308 1719 1309 1367 1310 1457 1310 1458 1310 1460 1310 1663 1310 1480 1310 1475 1311 1649 1311 1383 1311 1481 1311 1561 1312 1448 1312 1460 1312 1342 1314 1364 1314 1693 1314 1597 1314 1545 1315 1710 1315 1445 1315 1546 1315 1350 1315 1354 1315 1641 1316 1381 1316 1321 1316 1340 1316 1360 1316 1606 1316 1649 1317 1452 1317 1413 1317 1396 1317 1417 1318 1343 1318 1415 1318 1437 1318 1323 1319 1574 1319 1335 1319 1432 1319 1584 1320 1433 1321 1392 1321 1381 1322 1374 1322 1667 1323 1726 1323 1551 1323 1660 1324 1468 1324 1347 1325 1552 1325 1371 1326 1363 1326 1602 1326 1350 1326 1349 1327 1341 1327 1442 1328 1463 1328 1379 1328 1724 1328 1589 1328 1424 1330 1438 1330 1480 1330 1428 1331 1541 1331 1596 1331 1696 1331 1655 1331 1536 1332 1401 1333 1411 1333 1377 1333 1390 1334 1456 1334 1459 1335 1710 1335 1431 1335 1641 1337 1402 1337 1558 1337 1578 1337 1349 1337 1362 1338 1403 1338 1541 1339 1391 1339 1373 1340 1380 1340 1602 1340 1431 1341 1426 1342 1597 1342 1504 1343 1347 1344 1726 1344 1718 1344 1425 1344 1418 1344 1669 1346 1391 1346 1437 1347 1414 1349 1453 1349 1546 1349 1350 1349 1590 1350 1602 1350 1648 1351 1437 1351 1554 1351 1726 1352 1438 1352 1481 1353 1414 1354 1546 1354 1512 1354 1561 1354 1560 1355 1435 1355 1423 1355 1595 1357 1467 1357 1455 1358 1540 1358 1551 1358 1518 1358 1545 1358 1628 1359 1423 1359 1555 1359 1406 1359 1410 1359 1479 1359 1680 1360 1367 1360 1461 1360 1614 1361 1384 1362 1592 1362 1666 1363 1453 1364 1396 1365 1458 1365 1619 1366 1463 1366 1615 1366 1430 1367 1382 1367 1456 1367 1376 1368 1496 1368 1525 1368 1708 1368 1782 1369 1467 1369 1455 1369 1548 1369 1418 1370 1551 1370 1660 1370 1669 1370 1675 1371 1552 1371 1435 1371 1667 1371 1410 1372 1446 1373 1391 1374 1711 1374 1697 1374 1612 1375 1443 1375 1381 1376 1381 1376 1614 1377 1380 1377 1461 1377 1710 1378 1395 1378 1444 1378 1426 1379 1405 1379 1499 1379 1633 1379 1724 1380 1444 1382 1443 1382 1456 1383 1453 1385 1414 1385 1684 1386 1447 1386 1435 1386 1679 1386 1610 1387 1403 1387 1574 1388 1554 1388 1394 1388 1551 1388 1597 1389 1596 1389 1698 1389 1642 1390 1427 1390 1541 1393 1439 1393 1598 1393 1457 1394 1407 1394 1597 1395 1450 1395 1465 1396 1507 1396 1540 1398 1649 1398 1614 1398 1431 1398 1481 1398 1512 1399 1422 1399 1429 1400 1558 1400 1419 1400 1711 1401 1446 1401 1427 1402 1426 1403 1411 1404 1405 1404 1470 1404 1445 1404 1695 1405 1427 1405 1698 1406 1582 1406 1464 1406 1583 1407 1709 1407 1417 1408 1449 1409 1457 1409 1663 1410 1610 1410 1515 1411 1446 1412 1436 1416 1493 1416 1451 1417 1437 1417 1554 1418 1616 1418 1662 1419 1615 1419 1552 1420 1442 1420 1615 1420 1547 1421 1423 1421 1466 1421 1579 1421 1464 1423 1447 1423 1582 1423 1595 1423 1464 1424 1489 1425 1726 1425 1601 1426 1465 1427 1440 1427 1596 1428 1504 1428 1482 1428 1545 1428 1632 1428 1563 1428 1565 1429 1649 1429 1602 1429 1546 1430 1558 1430 1578 1430 1711 1431 1546 1432 1533 1432 1618 1433 1436 1434 1574 1434 1696 1434 1587 1435 1447 1438 1507 1438 1540 1438 1481 1439 1598 1440 1499 1441 1453 1441 1447 1441 1684 1442 1552 1445 1488 1447 1582 1448 1709 1451 1493 1451 1585 1453 1570 1454 1455 1454 1579 1454 1583 1454 1527 1455 1466 1458 1460 1459 1574 1459 1629 1459 1587 1460 1693 1463 1499 1464 1479 1470 1710 1470 1574 1470 1695 1470 1562 1471 1571 1471 1534 1471 1647 1471 1514 1471 1717 1472 1692 1472 1714 1472 1841 1472 1818 1473 1557 1473 1660 1473 1601 1473 1520 1473 1628 1473 1675 1474 1475 1474 1504 1474 1632 1474 1774 1475 1663 1475 1480 1475 1521 1475 1516 1476 1708 1476 1650 1476 1782 1476 1702 1476 1630 1476 1506 1477 1488 1477 1592 1477 1517 1477 1505 1477 1647 1477 1604 1478 1699 1478 1637 1478 1683 1478 1624 1479 1680 1479 1627 1479 1678 1480 1693 1480 1625 1480 1504 1481 1649 1481 1520 1482 1597 1482 1677 1482 1682 1483 1613 1483 1521 1483 1605 1483 1831 1484 1493 1484 1582 1484 1684 1485 1612 1485 1661 1485 1769 1486 1638 1486 1550 1486 1622 1486 1805 1486 1740 1487 1668 1487 1591 1487 1640 1487 1593 1487 1569 1488 1648 1488 1524 1488 1617 1489 1679 1489 1592 1489 1697 1489 1828 1489 1658 1490 1639 1490 1640 1490 1848 1490 1802 1491 1527 1491 1662 1492 1607 1492 1515 1492 1650 1492 1627 1492 1719 1492 1603 1492 1789 1494 1505 1494 1795 1494 1604 1494 1674 1494 1839 1494 1847 1495 1510 1495 1612 1495 1501 1496 1546 1496 1561 1496 1590 1496 1585 1496 1525 1497 1516 1497 1774 1497 1513 1498 1601 1498 1720 1498 1608 1498 1692 1498 1690 1500 1585 1500 1670 1500 1683 1500 1776 1501 1636 1501 1783 1501 1661 1502 1713 1502 1687 1502 1844 1502 1645 1502 1785 1503 1505 1503 1708 1503 1638 1504 1563 1505 1592 1505 1590 1505 1525 1506 1630 1506 1656 1506 1750 1507 1606 1508 1551 1508 1706 1508 1545 1509 1514 1509 1717 1509 1744 1509 1729 1509 1816 1510 1635 1510 1535 1510 1636 1511 1592 1511 1535 1511 1828 1511 1580 1512 1584 1512 1694 1512 1572 1513 1787 1513 1840 1513 1752 1513 1800 1514 1676 1514 1741 1514 1821 1515 1667 1515 1627 1515 1691 1516 1833 1516 1715 1516 1664 1517 1524 1517 1534 1517 1636 1518 1613 1518 1520 1518 1628 1518 1637 1519 1826 1519 1543 1519 1725 1519 1822 1519 1777 1519 1834 1519 1832 1520 1561 1520 1585 1520 1699 1521 1625 1521 1613 1521 1833 1521 1715 1522 1774 1522 1840 1522 1800 1522 1779 1523 1699 1523 1623 1523 1716 1523 1739 1523 1721 1524 1655 1524 1571 1524 1534 1525 1703 1526 1655 1526 1564 1526 1676 1526 1755 1526 1651 1526 1807 1527 1720 1527 1692 1527 1705 1528 1663 1528 1626 1528 1668 1528 1639 1529 1573 1529 1675 1529 1690 1529 1776 1529 1630 1529 1725 1530 1673 1530 1716 1530 1566 1530 1739 1530 1754 1531 1849 1531 1751 1531 1566 1531 1733 1532 1586 1532 1766 1532 1640 1532 1593 1532 1778 1533 1626 1534 1536 1534 1755 1534 1644 1535 1592 1535 1828 1535 1604 1535 1661 1536 1755 1536 1542 1537 1613 1537 1561 1537 1694 1538 1597 1538 1706 1538 1677 1538 1713 1539 1776 1539 1674 1539 1630 1539 1730 1539 1775 1540 1557 1541 1596 1541 1696 1542 1642 1542 1644 1542 1796 1543 1690 1543 1654 1543 1767 1544 1562 1544 1586 1544 1655 1545 1637 1545 1677 1547 1552 1548 1634 1549 1625 1549 1613 1549 1668 1549 1605 1550 1691 1550 1765 1551 1554 1553 1697 1553 1704 1553 1631 1554 1718 1555 1582 1555 1568 1556 1594 1556 1769 1556 1746 1556 1780 1558 1570 1558 1679 1559 1706 1559 1611 1559 1713 1559 1687 1560 1694 1560 1572 1560 1670 1560 1673 1561 1670 1562 1584 1563 1682 1563 1774 1564 1655 1564 1766 1565 1682 1565 1575 1566 1569 1566 1829 1566 1771 1566 1825 1567 1618 1567 1668 1568 1720 1568 1708 1568 1620 1569 1593 1569 1751 1569 1827 1571 1584 1571 1655 1571 1617 1571 1676 1572 1617 1572 1676 1572 1591 1573 1601 1573 1585 1573 1620 1573 1782 1575 1581 1575 1685 1575 1645 1575 1806 1576 1662 1576 1688 1576 1712 1576 1671 1577 1628 1577 1611 1577 1826 1578 1648 1579 1720 1580 1638 1580 1702 1580 1847 1580 1622 1581 1715 1581 1838 1583 1678 1583 1705 1584 1587 1584 1686 1586 1587 1586 1646 1586 1766 1587 1723 1588 1654 1588 1757 1588 1818 1588 1731 1589 1711 1589 1612 1590 1648 1590 1666 1591 1605 1591 1773 1592 1648 1593 1676 1593 1773 1593 1823 1594 1783 1594 1769 1596 1633 1599 1755 1599 1701 1599 1845 1600 1643 1600 1630 1600 1654 1601 1660 1601 1675 1602 1710 1603 1722 1603 1765 1604 1681 1604 1839 1607 1658 1607 1650 1607 1638 1608 1616 1608 1669 1608 1700 1609 1675 1609 1688 1609 1690 1609 1826 1610 1680 1611 1718 1611 1669 1611 1688 1612 1828 1613 1632 1615 1711 1617 1741 1618 1629 1618 1626 1618 1686 1618 1668 1619 1693 1620 1690 1620 1643 1621 1697 1621 1691 1621 1672 1622 1704 1622 1839 1622 1707 1623 1632 1623 1699 1623 1849 1623 1831 1623 1838 1624 1826 1624 1838 1624 1645 1625 1663 1627 1657 1628 1637 1628 1683 1629 1646 1630 1725 1630 1767 1630 1836 1631 1769 1632 1637 1633 1635 1636 1644 1637 1659 1638 1650 1638 1719 1639 1664 1639 1751 1640 1646 1640 1799 1641 1695 1642 1783 1643 1650 1643 1656 1644 1647 1644 1717 1644 1681 1644 1811 1645 1659 1645 1834 1646 1723 1647 1798 1650 1680 1650 1657 1650 1789 1651 1766 1651 1676 1651 1778 1652 1789 1652 1656 1652 1765 1652 1761 1652 1740 1652 1750 1652 1736 1653 1828 1653 1704 1653 1803 1653 1839 1653 1732 1654 1712 1654 1818 1656 1714 1657 1678 1657 1722 1658 1666 1658 1704 1659 1677 1659 1826 1661 1681 1661 1803 1662 1712 1664 1848 1664 1787 1665 1844 1665 1788 1666 1679 1668 1833 1668 1751 1669 1688 1670 1699 1670 1716 1671 1785 1671 1757 1672 1691 1672 1707 1673 1741 1673 1749 1674 1782 1674 1824 1674 1847 1675 1683 1676 1723 1676 1773 1678 1714 1681 1803 1681 1794 1682 1713 1682 1685 1682 1844 1683 1689 1685 1774 1686 1723 1687 1735 1687 1826 1688 1735 1688 1700 1688 1822 1689 1776 1689 1826 1690 1700 1694 1849 1695 1698 1697 1828 1700 1813 1701 1766 1701 1747 1702 1836 1702 1761 1703 1795 1703 1814 1705 1714 1707 1748 1707 1830 1713 1844 1715 1831 1716 1776 1716 1730 1717 1755 1717 1744 1717 1781 1721 1776 1721 1754 1721 1745 1721 1777 1722 1734 1725 1786 1725 1768 1727 1768 1727 1832 1727 1731 1728 1757 1728 1832 1728 1812 1729 1824 1729 1816 1729 1837 1729 1762 1730 1824 1730 1786 1730 1762 1731 1767 1731 1841 1732 1843 1732 1748 1732 1793 1733 1827 1733 1752 1733 1825 1733 1764 1734 1841 1734 1756 1736 1740 1736 1809 1736 1756 1737 1740 1737 1830 1738 1778 1738 1799 1738 1808 1739 1831 1739 1742 1739 1745 1739 1792 1740 1805 1741 1795 1741 1749 1742 1838 1742 1806 1742 1764 1742 1759 1742 1835 1743 1834 1743 1768 1743 1832 1744 1807 1745 1838 1745 1791 1745 1835 1746 1811 1746 1794 1747 1778 1747 1845 1747 1808 1748 1780 1749 1773 1749 1814 1749 1816 1750 1841 1750 1810 1751 1787 1752 1848 1752 1804 1753 1841 1753 1756 1754 1814 1754 1792 1754 1760 1755 1807 1755 1796 1757 1813 1758 1829 1758 1797 1758 1816 1759 1800 1759 1779 1760 1762 1760 1791 1761 1819 1761 1809 1763 1786 1763 1836 1763 1810 1764 1825 1767 1810 1768 1777 1770 1824 1770 1847 1770 1815 1771 1814 1771 1825 1772 1834 1772 1788 1772 1842 1773 1829 1775 1824 1775 1819 1777 1786 1777 1791 1777 1784 1778 1823 1779 1846 1780 1793 1781 1798 1781 1801 1781 1837 1783 1811 1784 1806 1784 1834 1785 1822 1785 1788 1785 1812 1786 1791 1787 1831 1788 1817 1790 1796 1790 1845 1792 1825 1793 1803 1794 1803 1794 1815 1794 1820 1795 1798 1796 1801 1797 1823 1797 1821 1797 1808 1798 1815 1799 1802 1799 1823 1799 1827 1801 1811 1802 1804 1805 1843 1805 1809 1806 1842 1806 1835 1807 1845 1810 1836 1812 1832 1812 1817 1813 1832 1815 1839 1815 1847 1815 1837 1815 1820 1819 1847 1820 1843 1821 1823 1822 1834 1823 1829 1824 1847 1831 1840 1842 1846 1843 1847 1844 1846
</DataArray>
        <DataArray type="Int64" Name="offsets" NumberOfComponents="1" format="ascii">
2 4 6 8 10 12 14 16 18 20 22 24 26 28 30 32 34 36 38 40 42 44 46 48 50 52 54 56 58 60 62 64 66 68 70 72 74 76 78 80 82 84 86 88 90 92 94 96 98 100 102 104 106 108 110 112 114 116 118 120 122 124 126 128 130 132 134 136 138 140 142 144 146 148 150 152 154 156 158 160 162 164 166 168 170 172 174 176 178 180 182 184 186 188 190 192 194 196 198 200 202 204 206 208 210 212 214 216 218 220 222 224 226 228 230 232 234 236 238 240 242 244 246 248 250 252 254 256 258 260 262 264 266 268 270 272 274 276 278 280 282 284 286 288 290 292 294 296 298 300 302 304 306 308 310 312 314 316 318 320 322 324 326 328 330 332 334 336 338 340 342 344 346 348 350 352 354 356 358 360 362 364 366 368 370 372 374 376 378 380 382 384 386 388 390 392 394 396 398 400 402 404 406 408 410 412 414 416 418 420 422 424 426 428 430 432 434 436 438 440 442 444 446 448 450 452 454 456 458 460 462 464 466 468 470 472 474 476 478 480 482 484 486 488 490 492 494 496 498 500 502 504 506 508 510 512 514 516 518 520 522 524 526 528 530 532 534 536 538 540 542 544 546 548 550 552 554 556 558 560 562 564 566 568 570 572 574 576 578 580 582 584 586 588 590 592 594 596 598 600 602 604 606 608 610 612 614 616 618 620 622 624 626 628 630 632 634 636 638 640 642 644 646 648 650 652 654 656 658 660 662 664 666 668 670 672 674 676 678 680 682 684 686 688 690 692 694 696 698 700 702 704 706 708 710 712 714 716 718 720 722 724 726 728 730 732 734 736 738 740 742 744 746 748 750 752 754 756 758 760 762 764 766 768 770 772 774 776 778 780 782 784 786 788 790 792 794 796 798 800 802 804 806 808 810 812 814 816 818 820 822 824 826 828 830 832 834 836 838 840 842 844 846 848 850 852 854 856 858 860 862 864 866 868 870 872 874 876 878 880 882 884 886 888 890 892 894 896 898 900 902 904 906 908 910 912 914 916 918 920 922 924 926 928 930 932 934 936 938 940 942 944 946 948 950 952 954 956 958 960 962 964 966 968 970 972 974 976 978 980 982 984 986 988 990 992 994 996 998 1000 1002 1004 1006 1008 1010 1012 1014 1016 1018 1020 1022 1024 1026 1028 1030 1032 1034 1036 1038 1040 1042 1044 1046 1048 1050 1052 1054 1056 1058 1060 1062 1064 1066 1068 1070 1072 1074 1076 1078 1080 1082 1084 1086 1088 1090 1092 1094 1096 1098 1100 1102 1104 1106 1108 1110 1112 1114 1116 1118 1120 1122 1124 1126 1128 1130 1132 1134 1136 1138 1140 1142 1144 1146 1148 1150 1152 1154 1156 1158 1160 1162 1164 1166 1168 1170 1172 1174 1176 1178 1180 1182 1184 1186 1188 1190 1192 1194 1196 1198 1200 1202 1204 1206 1208 1210 1212 1214 1216 1218 1220 1222 1224 1226 1228 1230 1232 1234 1236 1238 1240 1242 1244 1246 1248 1250 1252 1254 1256 1258 1260 1262 1264 1266 1268 1270 1272 1274 1276 1278 1280 1282 1284 1286 1288 1290 1292 1294 1296 1298 1300 1302 1304 1306 1308 1310 1312 1314 1316 1318 1320 1322 1324 1326 1328 1330 1332 1334 1336 1338 1340 1342 1344 1346 1348 1350 1352 1354 1356 1358 1360 1362 1364 1366 1368 1370 1372 1374 1376 1378 1380 1382 1384 1386 1388 1390 1392 1394 1396 1398 1400 1402 1404 1406 1408 1410 1412 1414 1416 1418 1420 1422 1424 1426 1428 1430 1432 1434 1436 1438 1440 1442 1444 1446 1448 1450 1452 1454 1456 1458 1460 1462 1464 1466 1468 1470 1472 1474 1476 1478 1480 1482 1484 1486 1488 1490 1492 1494 1496 1498 1500 1502 1504 1506 1508 1510 1512 1514 1516 1518 1520 1522 1524 1526 1528 1530 1532 1534 1536 1538 1540 1542 1544 1546 1548 1550 1552 1554 1556 1558 1560 1562 1564 1566 1568 1570 1572 1574 1576 1578 1580 1582 1584 1586 1588 1590 1592 1594 1596 1598 1600 1602 1604 1606 1608 1610 1612 1614 1616 1618 1620 1622 1624 1626 1628 1630 1632 1634 1636 1638 1640 1642 1644 1646 1648 1650 1652 1654 1656 1658 1660 1662 1664 1666 1668 1670 1672 1674 1676 1678 1680 1682 1684 1686 1688 1690 1692 1694 1696 1698 1700 1702 1704 1706 1708 1710 1712 1714 1716 1718 1720 1722 1724 1726 1728 1730 1732 1734 1736 1738 1740 1742 1744 1746 1748 1750 1752 1754 1756 1758 1760 1762 1764 1766 1768 1770 1772 1774 1776 1778 1780 1782 1784 1786 1788 1790 1792 1794 1796 1798 1800 1802 1804 1806 1808 1810 1812 1814 1816 1818 1820 1822 1824 1826 1828 1830 1832 1834 1836 1838 1840 1842 1844 1846 1848 1850 1852 1854 1856 1858 1860 1862 1864 1866 1868 1870 1872 1874 1876 1878 1880 1882 1884 1886 1888 1890 1892 1894 1896 1898 1900 1902 1904 1906 1908 1910 1912 1914 1916 1918 1920 1922 1924 1926 1928 1930 1932 1934 1936 1938 1940 1942 1944 1946 1948 1950 1952 1954 1956 1958 1960 1962 1964 1966 1968 1970 1972 1974 1976 1978 1980 1982 1984 1986 1988 1990 1992 1994 1996 1998 2000 2002 2004 2006 2008 2010 2012 2014 2016 2018 2020 2022 2024 2026 2028 2030 2032 2034 2036 2038 2040 2042 2044 2046 2048 2050 2052 2054 2056 2058 2060 2062 2064 2066 2068 2070 2072 2074 2076 2078 2080 2082 2084 2086 2088 2090 2092 2094 2096 2098 2100 2102 2104 2106 2108 2110 2112 2114 2116 2118 2120 2122 2124 2126 2128 2130 2132 2134 2136 2138 2140 2142 2144 2146 2148 2150 2152 2154 2156 2158 2160 2162 2164 2166 2168 2170 2172 2174 2176 2178 2180 2182 2184 2186 2188 2190 2192 2194 2196 2198 2200 2202 2204 2206 2208 2210 2212 2214 2216 2218 2220 2222 2224 2226 2228 2230 2232 2234 2236 2238 2240 2242 2244 2246 2248 2250 2252 2254 2256 2258 2260 2262 2264 2266 2268 2270 2272 2274 2276 2278 2280 2282 2284 2286 2288 2290 2292 2294 2296 2298 2300 2302 2304 2306 2308 2310 2312 2314 2316 2318 2320 2322 2324 2326 2328 2330 2332 2334 2336 2338 2340 2342 2344 2346 2348 2350 2352 2354 2356 2358 2360 2362 2364 2366 2368 2370 2372 2374 2376 2378 2380 2382 2384 2386 2388 2390 2392 2394 2396 2398 2400 2402 2404 2406 2408 2410 2412 2414 2416 2418 2420 2422 2424 2426 2428 2430 2432 2434 2436 2438 2440 2442 2444 2446 2448 2450 2452 2454 2456 2458 2460 2462 2464 2466 2468 2470 2472 2474 2476 2478 2480 2482 2484 2486 2488 2490 2492 2494 2496 2498 2500 2502 2504 2506 2508 2510 2512 2514 2516 2518 2520 2522 2524 2526 2528 2530 2532 2534 2536 2538 2540 2542 2544 2546 2548 2550 2552 2554 2556 2558 2560 2562 2564 2566 2568 2570 2572 2574 2576 2578 2580 2582 2584 2586 2588 2590 2592 2594 2596 2598 2600 2602 2604 2606 2608 2610 2612 2614 2616 2618 2620 2622 2624 2626 2628 2630 2632 2634 2636 2638 2640 2642 2644 2646 2648 2650 2652 2654 2656 2658 2660 2662 2664 2666 2668 2670 2672 2674 2676 2678 2680 2682 2684 2686 2688 2690 2692 2694 2696 2698 2700 2702 2704 2706 2708 2710 2712 2714 2716 2718 2720 2722 2724 2726 2728 2730 2732 2734 2736 2738 2740 2742 2744 2746 2748 2750 2752 2754 2756 2758 2760 2762 2764 2766 2768 2770 2772 2774 2776 2778 2780 2782 2784 2786 2788 2790 2792 2794 2796 2798 2800 2802 2804 2806 2808 2810 2812 2814 2816 2818 2820 2822 2824 2826 2828 2830 2832 2834 2836 2838 2840 2842 2844 2846 2848 2850 2852 2854 2856 2858 2860 2862 2864 2866 2868 2870 2872 2874 2876 2878 2880 2882 2884 2886 2888 2890 2892 2894 2896 2898 2900 2902 2904 2906 2908 2910 2912 2914 2916 2918 2920 2922 2924 2926 2928 2930 2932 2934 2936 2938 2940 2942 2944 2946 2948 2950 2952 2954 2956 2958 2960 2962 2964 2966 2968 2970 2972 2974 2976 2978 2980 2982 2984 2986 2988 2990 2992 2994 2996 2998 3000 3002 3004 3006 3008 3010 3012 3014 3016 3018 3020 3022 3024 3026 3028 3030 3032 3034 3036 3038 3040 3042 3044 3046 3048 3050 3052 3054 3056 3058 3060 3062 3064 3066 3068 3070 3072 3074 3076 3078 3080 3082 3084 3086 3088 3090 3092 3094 3096 3098 3100 3102 3104 3106 3108 3110 3112 3114 3116 3118 3120 3122 3124 3126 3128 3130 3132 3134 3136 3138 3140 3142 3144 3146 3148 3150 3152 3154 3156 3158 3160 3162 3164 3166 3168 3170 3172 3174 3176 3178 3180 3182 3184 3186 3188 3190 3192 3194 3196 3198 3200 3202 3204 3206 3208 3210 3212 3214 3216 3218 3220 3222 3224 3226 3228 3230 3232 3234 3236 3238 3240 3242 3244 3246 3248 3250 3252 3254 3256 3258 3260 3262 3264 3266 3268 3270 3272 3274 3276 3278 3280 3282 3284 3286 3288 3290 3292 3294 3296 3298 3300 3302 3304 3306 3308 3310 3312 3314 3316 3318 3320 3322 3324 3326 3328 3330 3332 3334 3336 3338 3340 3342 3344 3346 3348 3350 3352 3354 3356 3358 3360 3362 3364 3366 3368 3370 3372 3374 3376 3378 3380 3382 3384 3386 3388 3390 3392 3394 3396 3398 3400 3402 3404 3406 3408 3410 3412 3414 3416 3418 3420 3422 3424 3426 3428 3430 3432 3434 3436 3438 3440 3442 3444 3446 3448 3450 3452 3454 3456 3458 3460 3462 3464 3466 3468 3470 3472 3474 3476 3478 3480 3482 3484 3486 3488 3490 3492 3494 3496 3498 3500 3502 3504 3506 3508 3510 3512 3514 3516 3518 3520 3522 3524 3526 3528 3530 3532 3534 3536 3538 3540 3542 3544 3546 3548 3550 3552 3554 3556 3558 3560 3562 3564 3566 3568 3570 3572 3574 3576 3578 3580 3582 3584 3586 3588 3590 3592 3594 3596 3598 3600 3602 3604 3606 3608 3610 3612 3614 3616 3618 3620 3622 3624 3626 3628 3630 3632 3634 3636 3638 3640 3642 3644 3646 3648 3650 3652 3654 3656 3658 3660 3662 3664 3666 3668 3670 3672 3674 3676 3678 3680 3682 3684 3686 3688 3690 3692 3694 3696 3698 3700 3702 3704 3706 3708 3710 3712 3714 3716 3718 3720 3722 3724 3726 3728 3730 3732 3734 3736 3738 3740 3742 3744 3746 3748 3750 3752 3754 3756 3758 3760 3762 3764 3766 3768 3770 3772 3774 3776 3778 3780 3782 3784 3786 3788 3790 3792 3794 3796 3798 3800 3802 3804 3806 3808 3810 3812 3814 3816 3818 3820 3822 3824 3826 3828 3830 3832 3834 3836 3838 3840 3842 3844 3846 3848 3850 3852 3854 3856 3858 3860 3862 3864 3866 3868 3870 3872 3874 3876 3878 3880 3882 3884 3886 3888 3890 3892 3894 3896 3898 3900 3902 3904 3906 3908 3910 3912 3914 3916 3918 3920 3922 3924 3926 3928 3930 3932 3934 3936 3938 3940 3942 3944 3946 3948 3950 3952 3954 3956 3958 3960 3962 3964 3966 3968 3970 3972 3974 3976 3978 3980 3982 3984 3986 3988 3990 3992 3994 3996 3998 4000 4002 4004 4006 4008 4010 4012 4014 4016 4018 4020 4022 4024 4026 4028 4030 4032 4034 4036 4038 4040 4042 4044 4046 4048 4050 4052 4054 4056 4058 4060 4062 4064 4066 4068 4070 4072 4074 4076 4078 4080 4082 4084 4086 4088 4090 4092 4094 4096 4098 4100 4102 4104 4106 4108 4110 4112 4114 4116 4118 4120 4122 4124 4126 4128 4130 4132 4134 4136 4138 4140 4142 4144 4146 4148 4150 4152 4154 4156 4158 4160 4162 4164 4166 4168 4170 4172 4174 4176 4178 4180 4182 4184 4186 4188 4190 4192 4194 4196 4198 4200 4202 4204 4206 4208 4210 4212 4214 4216 4218 4220 4222 4224 4226 4228 4230 4232 4234 4236 4238 4240 4242 4244 4246 4248 4250 4252 4254 4256 4258 4260 4262 4264 4266 4268 4270 4272 4274 4276 4278 4280 4282 4284 4286 4288 4290 4292 4294 4296 4298 4300 4302 4304 4306 4308 4310 4312 4314 4316 4318 4320 4322 4324 4326 4328 4330 4332 4334 4336 4338 4340 4342 4344 4346 4348 4350 4352 4354 4356 4358 4360 4362 4364 4366 4368 4370 4372 4374 4376 4378 4380 4382 4384 4386 4388 4390 4392 4394 4396 4398 4400 4402 4404 4406 4408 4410 4412 4414 4416 4418 4420 4422 4424 4426 4428 4430 4432 4434 4436 4438 4440 4442 4444 4446 4448 4450 4452 4454 4456 4458 4460 4462 4464 4466 4468 4470 4472 4474 4476 4478 4480 4482 4484 4486 4488 4490 4492 4494 4496 4498 4500 4502 4504 4506 4508 4510 4512 4514 4516 4518 4520 4522 4524 4526 4528 4530 4532 4534 4536 4538 4540 4542 4544 4546 4548 4550 4552 4554 4556 4558 4560 4562 4564 4566 4568 4570 4572 4574 4576 4578 4580 4582 4584 4586 4588 4590 4592 4594 4596 4598 4600 4602 4604 4606 4608 4610 4612 4614 4616 4618 4620 4622 4624 4626 4628 4630 4632 4634 4636 4638 4640 4642 4644 4646 4648 4650 4652 4654 4656 4658 4660 4662 4664 4666 4668 4670 4672 4674 4676 4678 4680 4682 4684 4686 4688 4690 4692 4694 4696 4698 4700 4702 4704 4706 4708 4710 4712 4714 4716 4718 4720 4722 4724 4726 4728 4730 4732 4734 4736 4738 4740 4742 4744 4746 4748 4750 4752 4754 4756 4758 4760 4762 4764 4766 4768 4770 4772 4774 4776 4778 4780 4782 4784 4786 4788 4790 4792 4794 4796 4798 4800 4802 4804 4806 4808 4810 4812 4814 4816 4818 4820 4822 4824 4826 4828 4830 4832 4834 4836 4838 4840 4842 4844 4846 4848 4850 4852 4854 4856 4858 4860 4862 4864 4866 4868 4870 4872 4874 4876 4878 4880 4882 4884 4886 4888 4890 4892 4894 4896 4898 4900 4902 4904 4906 4908 4910 4912 4914 4916 4918 4920 4922 4924 4926 4928 4930 4932 4934 4936 4938 4940 4942 4944 4946 4948 4950 4952 4954 4956 4958 4960 4962 4964 4966 4968 4970 4972 4974 4976 4978 4980 4982 4984 4986 4988 4990 4992 4994 4996 4998 5000 5002 5004 5006 5008 5010 5012 5014 5016 5018 5020 5022 5024 5026 5028 5030 5032 5034 5036 5038 5040 5042 5044 5046 5048 5050 5052 5054 5056 5058 5060 5062 5064 5066 5068 5070 5072 5074 5076 5078 5080 5082 5084 5086 5088 5090 5092 5094 5096 5098 5100 5102 5104 5106 5108 5110 5112 5114 5116 5118 5120 5122 5124 5126 5128 5130 5132 5134 5136 5138 5140 5142 5144 5146 5148 5150 5152 5154 5156 5158 5160 5162 5164 5166 5168 5170 5172 5174 5176 5178 5180 5182 5184 5186 5188 5190 5192 5194 5196 5198 5200 5202 5204 5206 5208 5210 5212 5214 5216 5218 5220 5222 5224 5226 5228 5230 5232 5234 5236 5238 5240 5242 5244 5246 5248 5250 5252 5254 5256 5258 5260 5262 5264 5266 5268 5270 5272 5274 5276 5278 5280 5282 5284 5286 5288 5290 5292 5294 5296 5298 5300 5302 5304 5306 5308 5310 5312 5314 5316 5318 5320 5322 5324 5326 5328 5330 5332 5334 5336 5338 5340 5342 5344 5346 5348 5350 5352 5354 5356 5358 5360 5362 5364 5366 5368 5370 5372 5374 5376 5378 5380 5382 5384 5386 5388 5390 5392 5394 5396 5398 5400 5402 5404 5406 5408 5410 5412 5414 5416 5418 5420 5422 5424 5426 5428 5430 5432 5434 5436 5438 5440 5442 5444 5446 5448 5450 5452 5454 5456 5458 5460 5462 5464 5466 5468 5470 5472 5474 5476 5478 5480 5482 5484 5486 5488 5490 5492 5494 5496 5498 5500 5502 5504 5506 5508 5510 5512 5514 5516 5518 5520 5522 5524 5526 5528 5530 5532 5534 5536 5538 5540 5542 5544 5546 5548 5550 5552 5554 5556 5558 5560 5562 5564 5566 5568 5570 5572 5574 5576 5578 5580 5582 5584 5586 5588 5590 5592 5594 5596 5598 5600 5602 5604 5606 5608 5610 5612 5614 5616 5618 5620 5622 5624 5626 5628 5630 5632 5634 5636 5638 5640 5642 5644 5646 5648 5650 5652 5654 5656 5658 5660 5662 5664 5666 5668 5670 5672 5674 5676 5678 5680 5682 5684 5686 5688 5690 5692 5694 5696 5698 5700 5702 5704 5706 5708 5710 5712 5714 5716 5718 5720 5722 5724 5726 5728 5730 5732 5734 5736 5738 5740 5742 5744 5746 5748 5750 5752 5754 5756 5758 5760 5762 5764 5766 5768 5770 5772 5774 5776 5778 5780 5782 5784 5786 5788 5790 5792 5794 5796 5798 5800 5802 5804 5806 5808 5810 5812 5814 5816 5818 5820 5822 5824 5826 5828 5830 5832 5834 5836 5838 5840 5842 5844 5846 5848 5850 5852 5854 5856 5858 5860 5862 5864 5866 5868 5870 5872 5874 5876 5878 5880 5882 5884 5886 5888 5890 5892 5894 5896 5898 5900 5902 5904 5906 5908 5910 5912 5914 5916 5918 5920 5922 5924 5926 5928 5930 5932 5934 5936 5938 5940 5942 5944 5946 5948 5950 5952 5954 5956 5958 5960 5962 5964 5966 5968 5970 5972 5974 5976 5978 5980 5982 5984 5986 5988 5990 5992 5994 5996 5998 6000 6002 6004 6006 6008 6010 6012 6014 6016 6018 6020 6022 6024 6026 6028 6030 6032 6034 6036 6038 6040 6042 6044 6046 6048 6050 6052 6054 6056 6058 6060 6062 6064 6066 6068 6070 6072 6074 6076 6078 6080 6082 6084 6086 6088 6090 6092 6094 6096 6098 6100 6102 6104 6106 6108 6110 6112 6114 6116 6118 6120 6122 6124 6126 6128 6130 6132 6134 6136 6138 6140 6142 6144 6146 6148 6150 6152 6154 6156 6158 6160 6162 6164 6166 6168 6170 6172 6174 6176 6178 6180 6182 6184 6186 6188 6190 6192 6194 6196 6198 6200 6202 6204 6206 6208 6210 6212 6214 6216 6218 6220 6222 6224 6226 6228 6230 6232 6234 6236 6238 6240 6242 6244 6246 6248 6250 6252 6254 6256 6258 6260 6262 6264 6266 6268 6270 6272 6274 6276 6278 6280 6282 6284 6286 6288 6290 6292 6294 6296 6298 6300 6302 6304 6306 6308 6310 6312 6314 6316 6318 6320 6322 6324 6326 6328 6330 6332 6334 6336 6338 6340 6342 6344 6346 6348 6350 6352 6354 6356 6358 6360 6362 6364 6366 6368 6370 6372 6374 6376 6378 6380 6382 6384 6386 6388 6390 6392 6394 6396 6398 6400 6402 6404 6406 6408 6410 6412 6414 6416 6418 6420 6422 6424 6426 6428 6430 6432 6434 6436 6438 6440 6442 6444 6446 6448 6450 6452 6454 6456 6458 6460 6462 6464 6466 6468 6470 6472 6474 6476 6478 6480 6482 6484 6486 6488 6490 6492 6494 6496 6498 6500 6502 6504 6506 6508 6510 6512 6514 6516 6518 6520 6522 6524 6526 6528 6530 6532 6534 6536 6538 6540 6542 6544 6546 6548 6550 6552 6554 6556 6558 6560 6562 6564 6566 6568 6570 6572 6574 6576 6578 6580 6582 6584 6586 6588 6590 6592 6594 6596 6598 6600 6602 6604 6606 6608 6610 6612 6614 6616 6618 6620 6622 6624 6626 6628 6630 6632 6634 6636 6638 6640 6642 6644 6646 6648 6650 6652 6654 6656 6658 6660 6662 6664 6666 6668 6670 6672 6674 6676 6678 6680 6682 6684 6686 6688 6690 6692 6694 6696 6698 6700 6702 6704 6706 6708 6710 6712 6714 6716 6718 6720 6722 6724 6726 6728 6730 6732 6734 6736 6738 6740 6742 6744 6746 6748 6750 6752 6754 6756 6758 6760 6762 6764 6766 6768 6770 6772 6774 6776 6778 6780 6782 6784 6786 6788 6790 6792 6794 6796 6798 6800 6802 6804 6806 6808 6810 6812 6814 6816 6818 6820 6822 6824 6826 6828 6830 6832 6834 6836 6838 6840 6842 6844 6846 6848 6850 6852 6854 6856 6858 6860 6862 6864 6866 6868 6870 6872 6874 6876 6878 6880 6882 6884 6886 6888 6890 6892 6894 6896 6898 6900 6902 6904 6906 6908 6910 6912 6914 6916 6918 6920 6922 6924 6926 6928 6930 6932 6934 6936 6938 6940 6942 6944 6946 6948 6950 6952 6954 6956 6958 6960 6962 6964 6966 6968 6970 6972 6974 6976 6978 6980 6982 6984 6986 6988 6990 6992 6994 6996 6998 7000 7002 7004 7006 7008 7010 7012 7014 7016 7018 7020 7022 7024 7026 7028 7030 7032 7034 7036 7038 7040 7042 7044 7046 7048 7050 7052 7054 7056 7058 7060 7062 7064 7066 7068 7070 7072 7074 7076 7078 7080 7082 7084 7086 7088 7090 7092 7094 7096 7098 7100 7102 7104 7106 7108 7110 7112 7114 7116 7118 7120 7122 7124 7126 7128 7130 7132 7134 7136 7138 7140 7142 7144 7146 7148 7150 7152 7154 7156 7158 7160 7162 7164 7166 7168 7170 7172 7174 7176 7178 7180 7182 7184 7186 7188 7190 7192 7194 7196 7198 7200 7202 7204 7206 7208 7210 7212 7214 7216 7218 7220 7222 7224 7226 7228 7230 7232 7234 7236 7238 7240 7242 7244 7246 7248 7250 7252 7254 7256 7258 7260 7262 7264 7266 7268 7270 7272 7274 7276 7278 7280 7282 7284 7286 7288 7290 7292 7294 7296 7298 7300 7302 7304 7306 7308 7310 7312 7314 7316 7318 7320 7322 7324 7326 7328 7330 7332 7334 7336 7338 7340 7342 7344 7346 7348 7350 7352 7354 7356 7358 7360 7362 7364 7366 7368 7370 7372 7374 7376 7378 7380 7382 7384 7386 7388 7390 7392 7394 7396 7398 7400 7402 7404 7406 7408 7410 7412 7414 7416 7418 7420 7422 7424 7426 7428 7430 7432 7434 7436 7438 7440 7442 7444 7446 7448 7450 7452 7454 7456 7458 7460 7462 7464 7466 7468 7470 7472 7474 7476 7478 7480 7482 7484 7486 7488 7490 7492 7494 7496 7498 7500 7502 7504 7506 7508 7510 7512 7514 7516 7518 7520 7522 7524 7526 7528 7530 7532 7534 7536 7538 7540 7542 7544 7546 7548 7550 7552 7554 7556 7558 7560 7562 7564 7566 7568 7570 7572 7574 7576 7578 7580 7582 7584 7586 7588 7590 7592 7594 7596 7598 7600 7602 7604 7606 7608 7610 7612 7614 7616 7618 7620 7622 7624 7626 7628 7630 7632 7634 7636 7638 7640 7642 7644 7646 7648 7650 7652 7654 7656 7658 7660 7662 7664 7666 7668 7670 7672 7674 7676 7678 7680 7682 7684 7686 7688 7690 7692 7694 7696 7698 7700 7702 7704 7706 7708 7710 7712 7714 7716 7718 7720 7722 7724 7726 7728 7730 7732 7734 7736 7738 7740 7742 7744 7746 7748 7750 7752 7754 7756 7758 7760 7762 7764 7766 7768 7770 7772 7774 7776 7778 7780 7782 7784 7786 7788 7790 7792 7794 7796 7798 7800 7802 7804 7806 7808 7810 7812 7814 7816 7818 7820 7822 7824 7826 7828 7830 7832 7834 7836 7838 7840 7842 7844 7846 7848 7850 7852 7854 7856 7858 7860 7862 7864 7866 7868 7870 7872 7874 7876 7878 7880 7882 7884 7886 7888 7890 7892 7894 7896 7898 7900 7902 7904 7906 7908 7910 7912 7914 7916 7918 7920 7922 7924 7926 7928 7930 7932 7934 7936 7938 7940 7942 7944 7946 7948 7950 7952 7954 7956 7958 7960 7962 7964 7966 7968 7970 7972 7974 7976 7978 7980 7982 7984 7986 7988 7990 7992 7994 7996 7998 8000 8002 8004 8006 8008 8010 8012 8014 8016 8018 8020 8022 8024 8026 8028 8030 8032 8034 8036 8038 8040 8042 8044 8046 8048 8050 8052 8054 8056 8058 8060 8062 8064 8066 8068 8070 8072 8074 8076 8078 8080 8082 8084 8086 8088 8090 8092 8094 8096 8098 8100 8102 8104 8106 8108 8110 8112 8114 8116 8118 8120 8122 8124 8126 8128 8130 8132 8134 8136 8138 8140 8142 8144 8146 8148 8150 8152 8154 8156 8158 8160 8162 8164 8166 8168 8170 8172 8174 8176 8178 8180 8182 8184 8186 8188 8190 8192 8194 8196 8198 8200 8202 8204 8206 8208 8210 8212 8214 8216 8218 8220 8222 8224 8226 8228 8230 8232 8234 8236 8238 8240 8242 8244 8246 8248 8250 8252 8254 8256 8258 8260 8262 8264 8266 8268 8270 8272 8274 8276 8278 8280 8282 8284 8286 8288 8290 8292 8294 8296 8298 8300 8302 8304 8306 8308 8310 8312 8314 8316 8318 8320 8322 8324 8326 8328 8330 8332 8334 8336 8338 8340
</DataArray>
      </Lines>
    </Piece>
  </PolyData>
</VTKFile>
