pore_id,particle_index,particle_id
0,80,81
0,113,114
0,122,123
0,150,151
1,113,114
1,122,123
1,132,133
1,150,151
2,122,123
2,132,133
2,150,151
2,388,389
3,20,21
3,85,86
3,132,133
3,150,151
4,20,21
4,113,114
4,132,133
4,150,151
5,31,32
5,80,81
5,111,112
5,156,157
6,0,1
6,31,32
6,111,112
6,156,157
7,52,53
7,86,87
7,145,146
7,151,152
8,52,53
8,86,87
8,151,152
8,384,385
9,1685,1686
9,1828,1829
9,1834,1835
9,1836,1837
10,1667,1668
10,1740,1741
10,1828,1829
10,1834,1835
11,1667,1668
11,1822,1823
11,1832,1833
11,1834,1835
12,1667,1668
12,1740,1741
12,1822,1823
12,1834,1835
13,85,86
13,132,133
13,150,151
13,278,279
14,132,133
14,150,151
14,278,279
14,388,389
15,314,315
15,481,482
15,500,501
15,626,627
16,314,315
16,481,482
16,500,501
16,655,656
17,314,315
17,481,482
17,507,508
17,655,656
18,481,482
18,500,501
18,584,585
18,655,656
19,481,482
19,507,508
19,655,656
19,671,672
20,294,295
20,481,482
20,500,501
20,584,585
21,481,482
21,595,596
21,655,656
21,671,672
22,481,482
22,584,585
22,595,596
22,655,656
23,314,315
23,481,482
23,549,550
23,626,627
24,314,315
24,481,482
24,507,508
24,549,550
25,584,585
25,595,596
25,655,656
25,812,813
26,51,52
26,52,53
26,151,152
26,384,385
27,113,114
27,122,123
27,132,133
27,142,143
28,122,123
28,132,133
28,142,143
28,388,389
29,80,81
29,113,114
29,122,123
29,142,143
30,80,81
30,111,112
30,122,123
30,142,143
31,31,32
31,80,81
31,111,112
31,142,143
32,1289,1290
32,1320,1321
32,1332,1333
32,1737,1738
33,269,270
33,324,325
33,379,380
33,387,388
34,333,334
34,359,360
34,387,388
34,411,412
35,247,248
35,333,334
35,366,367
35,410,411
36,463,464
36,527,528
36,610,611
36,875,876
37,463,464
37,556,557
37,813,814
37,837,838
38,463,464
38,556,557
38,813,814
38,1021,1022
39,1627,1628
39,1723,1724
39,1814,1815
39,1843,1844
40,1740,1741
40,1802,1803
40,1822,1823
40,1834,1835
41,1740,1741
41,1802,1803
41,1822,1823
41,1839,1840
42,1603,1604
42,1802,1803
42,1821,1822
42,1839,1840
43,1601,1602
43,1750,1751
43,1822,1823
43,1839,1840
44,1645,1646
44,1750,1751
44,1823,1824
44,1832,1833
45,1645,1646
45,1750,1751
45,1771,1772
45,1823,1824
46,1667,1668
46,1740,1741
46,1822,1823
46,1826,1827
47,1667,1668
47,1753,1754
47,1826,1827
47,1832,1833
48,1667,1668
48,1822,1823
48,1826,1827
48,1832,1833
49,1750,1751
49,1822,1823
49,1826,1827
49,1832,1833
50,1740,1741
50,1822,1823
50,1826,1827
50,1839,1840
51,1750,1751
51,1822,1823
51,1826,1827
51,1839,1840
52,1645,1646
52,1753,1754
52,1826,1827
52,1832,1833
53,1645,1646
53,1750,1751
53,1826,1827
53,1832,1833
54,1123,1124
54,1178,1179
54,1353,1354
54,1494,1495
55,1627,1628
55,1721,1722
55,1723,1724
55,1814,1815
56,3,4
56,36,37
56,50,51
56,176,177
57,1704,1705
57,1804,1805
57,1805,1806
57,1812,1813
58,1645,1646
58,1714,1715
58,1753,1754
58,1826,1827
59,1645,1646
59,1714,1715
59,1750,1751
59,1826,1827
60,1601,1602
60,1605,1606
60,1820,1821
60,1823,1824
61,1601,1602
61,1605,1606
61,1640,1641
61,1820,1821
62,1601,1602
62,1605,1606
62,1750,1751
62,1823,1824
63,463,464
63,527,528
63,574,575
63,610,611
64,463,464
64,556,557
64,574,575
64,837,838
65,98,99
65,111,112
65,122,123
65,142,143
66,98,99
66,142,143
66,165,166
66,388,389
67,98,99
67,122,123
67,142,143
67,388,389
68,614,615
68,679,680
68,692,693
68,788,789
69,1650,1651
69,1819,1820
69,1829,1830
69,1838,1839
70,1650,1651
70,1673,1674
70,1819,1820
70,1838,1839
71,1673,1674
71,1819,1820
71,1829,1830
71,1838,1839
72,1673,1674
72,1824,1825
72,1829,1830
72,1838,1839
73,1673,1674
73,1742,1743
73,1824,1825
73,1838,1839
74,507,508
74,655,656
74,671,672
74,744,745
75,595,596
75,655,656
75,671,672
75,744,745
76,482,483
76,646,647
76,744,745
76,871,872
77,314,315
77,507,508
77,646,647
77,655,656
78,507,508
78,646,647
78,655,656
78,744,745
79,314,315
79,646,647
79,655,656
79,871,872
80,646,647
80,655,656
80,744,745
80,871,872
81,294,295
81,542,543
81,573,574
81,584,585
82,294,295
82,481,482
82,542,543
82,584,585
83,481,482
83,542,543
83,584,585
83,595,596
84,481,482
84,542,543
84,595,596
84,671,672
85,676,677
85,702,703
85,812,813
85,871,872
86,655,656
86,702,703
86,812,813
86,871,872
87,584,585
87,655,656
87,702,703
87,812,813
88,584,585
88,601,602
88,702,703
88,812,813
89,1123,1124
89,1178,1179
89,1327,1328
89,1353,1354
90,470,471
90,500,501
90,584,585
90,601,602
91,51,52
91,143,144
91,151,152
91,384,385
92,80,81
92,87,88
92,113,114
92,142,143
93,31,32
93,80,81
93,87,88
93,142,143
94,5,6
94,66,67
94,145,146
94,192,193
95,5,6
95,66,67
95,94,95
95,192,193
96,256,257
96,481,482
96,549,550
96,626,627
97,256,257
97,481,482
97,500,501
97,626,627
98,256,257
98,481,482
98,507,508
98,549,550
99,66,67
99,94,95
99,173,174
99,192,193
100,1610,1611
100,1685,1686
100,1836,1837
100,1847,1848
101,1610,1611
101,1685,1686
101,1828,1829
101,1836,1837
102,1610,1611
102,1828,1829
102,1834,1835
102,1836,1837
103,1610,1611
103,1802,1803
103,1834,1835
103,1836,1837
104,315,316
104,505,506
104,514,515
104,525,526
105,573,574
105,584,585
105,593,594
105,601,602
106,234,235
106,269,270
106,324,325
106,423,424
107,269,270
107,324,325
107,387,388
107,423,424
108,269,270
108,387,388
108,411,412
108,423,424
109,333,334
109,387,388
109,411,412
109,423,424
110,89,90
110,91,92
110,169,170
110,385,386
111,89,90
111,91,92
111,384,385
111,385,386
112,89,90
112,91,92
112,163,164
112,227,228
113,98,99
113,111,112
113,172,173
113,187,188
114,98,99
114,111,112
114,142,143
114,172,173
115,20,21
115,67,68
115,85,86
115,132,133
116,67,68
116,85,86
116,132,133
116,278,279
117,50,51
117,67,68
117,85,86
117,278,279
118,50,51
118,67,68
118,85,86
118,176,177
119,3,4
119,50,51
119,67,68
119,176,177
120,69,70
120,70,71
120,131,132
120,278,279
121,69,70
121,70,71
121,278,279
121,388,389
122,70,71
122,132,133
122,278,279
122,388,389
123,50,51
123,70,71
123,131,132
123,278,279
124,463,464
124,689,690
124,813,814
124,1021,1022
125,1598,1599
125,1679,1680
125,1799,1800
125,1800,1801
126,1627,1628
126,1709,1710
126,1736,1737
126,1747,1748
127,1627,1628
127,1736,1737
127,1840,1841
127,1843,1844
128,1627,1628
128,1709,1710
128,1736,1737
128,1840,1841
129,1736,1737
129,1800,1801
129,1840,1841
129,1843,1844
130,1736,1737
130,1800,1801
130,1830,1831
130,1840,1841
131,1652,1653
131,1679,1680
131,1723,1724
131,1843,1844
132,1627,1628
132,1652,1653
132,1723,1724
132,1843,1844
133,1652,1653
133,1679,1680
133,1799,1800
133,1843,1844
134,1652,1653
134,1679,1680
134,1799,1800
134,1800,1801
135,1652,1653
135,1799,1800
135,1800,1801
135,1843,1844
136,1627,1628
136,1652,1653
136,1736,1737
136,1843,1844
137,1652,1653
137,1736,1737
137,1800,1801
137,1843,1844
138,1627,1628
138,1652,1653
138,1736,1737
138,1747,1748
139,1620,1621
139,1652,1653
139,1679,1680
139,1723,1724
140,1415,1416
140,1513,1514
140,1643,1644
140,1682,1683
141,1667,1668
141,1706,1707
141,1753,1754
141,1826,1827
142,1661,1662
142,1706,1707
142,1753,1754
142,1826,1827
143,1667,1668
143,1706,1707
143,1740,1741
143,1828,1829
144,1667,1668
144,1706,1707
144,1740,1741
144,1826,1827
145,1661,1662
145,1706,1707
145,1740,1741
145,1826,1827
146,1173,1174
146,1178,1179
146,1353,1354
146,1494,1495
147,1368,1369
147,1416,1417
147,1552,1553
147,1666,1667
148,1125,1126
148,1276,1277
148,1320,1321
148,1737,1738
149,556,557
149,745,746
149,813,814
149,837,838
150,1605,1606
150,1640,1641
150,1678,1679
150,1820,1821
151,1640,1641
151,1678,1679
151,1820,1821
151,1835,1836
152,1640,1641
152,1678,1679
152,1804,1805
152,1835,1836
153,1601,1602
153,1750,1751
153,1796,1797
153,1839,1840
154,1750,1751
154,1796,1797
154,1826,1827
154,1839,1840
155,1714,1715
155,1750,1751
155,1796,1797
155,1826,1827
156,1600,1601
156,1688,1689
156,1704,1705
156,1791,1792
157,1688,1689
157,1704,1705
157,1804,1805
157,1805,1806
158,1640,1641
158,1688,1689
158,1804,1805
158,1805,1806
159,1640,1641
159,1678,1679
159,1688,1689
159,1804,1805
160,1600,1601
160,1688,1689
160,1704,1705
160,1804,1805
161,1600,1601
161,1678,1679
161,1688,1689
161,1804,1805
162,1388,1389
162,1549,1550
162,1599,1600
162,1619,1620
163,1173,1174
163,1362,1363
163,1388,1389
163,1726,1727
164,1173,1174
164,1362,1363
164,1383,1384
164,1388,1389
165,1173,1174
165,1178,1179
165,1362,1363
165,1726,1727
166,1178,1179
166,1362,1363
166,1456,1457
166,1726,1727
167,1362,1363
167,1456,1457
167,1483,1484
167,1726,1727
168,1123,1124
168,1178,1179
168,1362,1363
168,1494,1495
169,1173,1174
169,1178,1179
169,1362,1363
169,1494,1495
170,563,564
170,613,614
170,635,636
170,714,715
171,190,191
171,324,325
171,387,388
171,423,424
172,190,191
172,234,235
172,324,325
172,423,424
173,190,191
173,333,334
173,366,367
173,423,424
174,3,4
174,36,37
174,90,91
174,176,177
175,247,248
175,372,373
175,414,415
175,648,649
176,499,500
176,614,615
176,679,680
176,788,789
177,499,500
177,512,513
177,679,680
177,788,789
178,92,93
178,116,117
178,212,213
178,322,323
179,43,44
179,140,141
179,325,326
179,638,639
180,43,44
180,306,307
180,325,326
180,638,639
181,43,44
181,140,141
181,325,326
181,373,374
182,43,44
182,140,141
182,351,352
182,373,374
183,43,44
183,212,213
183,325,326
183,373,374
184,43,44
184,212,213
184,351,352
184,373,374
185,555,556
185,572,573
185,759,760
185,792,793
186,17,18
186,83,84
186,152,153
186,322,323
187,83,84
187,92,93
187,116,117
187,322,323
188,17,18
188,83,84
188,116,117
188,322,323
189,482,483
189,646,647
189,744,745
189,842,843
190,527,528
190,610,611
190,842,843
190,875,876
191,246,247
191,481,482
191,542,543
191,671,672
192,0,1
192,27,28
192,111,112
192,156,157
193,27,28
193,111,112
193,172,173
193,187,188
194,0,1
194,27,28
194,111,112
194,172,173
195,27,28
195,172,173
195,187,188
195,274,275
196,0,1
196,27,28
196,172,173
196,274,275
197,311,312
197,314,315
197,507,508
197,549,550
198,311,312
198,314,315
198,507,508
198,646,647
199,542,543
199,571,572
199,573,574
199,584,585
200,542,543
200,571,572
200,584,585
200,595,596
201,571,572
201,584,585
201,595,596
201,812,813
202,571,572
202,573,574
202,584,585
202,593,594
203,571,572
203,584,585
203,593,594
203,812,813
204,282,283
204,314,315
204,500,501
204,626,627
205,282,283
205,470,471
205,500,501
205,601,602
206,282,283
206,314,315
206,500,501
206,655,656
207,282,283
207,500,501
207,584,585
207,601,602
208,282,283
208,584,585
208,601,602
208,702,703
209,282,283
209,314,315
209,655,656
209,871,872
210,282,283
210,314,315
210,702,703
210,871,872
211,282,283
211,655,656
211,702,703
211,871,872
212,282,283
212,500,501
212,584,585
212,655,656
213,282,283
213,584,585
213,655,656
213,702,703
214,315,316
214,505,506
214,525,526
214,668,669
215,209,210
215,505,506
215,510,511
215,637,638
216,209,210
216,505,506
216,510,511
216,523,524
217,209,210
217,505,506
217,525,526
217,637,638
218,209,210
218,505,506
218,525,526
218,668,669
219,302,303
219,413,414
219,470,471
219,659,660
220,1513,1514
220,1569,1570
220,1643,1644
220,1682,1683
221,1405,1406
221,1569,1570
221,1643,1644
221,1682,1683
222,1405,1406
222,1513,1514
222,1569,1570
222,1643,1644
223,1405,1406
223,1471,1472
223,1569,1570
223,1785,1786
224,2,3
224,106,107
224,135,136
224,139,140
225,2,3
225,82,83
225,135,136
225,139,140
226,130,131
226,143,144
226,384,385
226,385,386
227,51,52
227,130,131
227,143,144
227,384,385
228,89,90
228,130,131
228,384,385
228,385,386
229,0,1
229,105,106
229,154,155
229,156,157
230,0,1
230,31,32
230,154,155
230,156,157
231,66,67
231,94,95
231,105,106
231,154,155
232,5,6
232,66,67
232,94,95
232,154,155
233,87,88
233,117,118
233,147,148
233,188,189
234,99,100
234,117,118
234,147,148
234,174,175
235,112,113
235,113,114
235,132,133
235,142,143
236,87,88
236,112,113
236,113,114
236,142,143
237,20,21
237,87,88
237,112,113
237,147,148
238,87,88
238,112,113
238,117,118
238,147,148
239,20,21
239,112,113
239,141,142
239,147,148
240,20,21
240,112,113
240,113,114
240,132,133
241,20,21
241,87,88
241,112,113
241,113,114
242,196,197
242,229,230
242,616,617
242,647,648
243,37,38
243,171,172
243,225,226
243,450,451
244,37,38
244,95,96
244,171,172
244,225,226
245,37,38
245,95,96
245,171,172
245,308,309
246,1386,1387
246,1560,1561
246,1737,1738
246,1775,1776
247,1125,1126
247,1560,1561
247,1737,1738
247,1775,1776
248,226,227
248,481,482
248,507,508
248,671,672
249,226,227
249,246,247
249,481,482
249,671,672
250,0,1
250,27,28
250,239,240
250,274,275
251,1610,1611
251,1802,1803
251,1816,1817
251,1836,1837
252,1610,1611
252,1694,1695
252,1802,1803
252,1816,1817
253,1671,1672
253,1802,1803
253,1816,1817
253,1821,1822
254,1671,1672
254,1694,1695
254,1802,1803
254,1816,1817
255,1603,1604
255,1671,1672
255,1802,1803
255,1821,1822
256,1603,1604
256,1671,1672
256,1802,1803
256,1839,1840
257,1671,1672
257,1740,1741
257,1802,1803
257,1839,1840
258,1687,1688
258,1715,1716
258,1766,1767
258,1772,1773
259,1610,1611
259,1825,1826
259,1836,1837
259,1847,1848
260,1610,1611
260,1816,1817
260,1825,1826
260,1836,1837
261,906,907
261,917,918
261,1045,1046
261,1335,1336
262,1673,1674
262,1742,1743
262,1838,1839
262,1844,1845
263,315,316
263,505,506
263,583,584
263,668,669
264,315,316
264,505,506
264,514,515
264,583,584
265,818,819
265,827,828
265,830,831
265,1077,1078
266,818,819
266,830,831
266,993,994
266,1077,1078
267,949,950
267,1070,1071
267,1208,1209
267,1328,1329
268,1155,1156
268,1320,1321
268,1332,1333
268,1435,1436
269,1184,1185
269,1211,1212
269,1240,1241
269,1250,1251
270,1184,1185
270,1211,1212
270,1240,1241
270,1328,1329
271,907,908
271,1184,1185
271,1240,1241
271,1250,1251
272,580,581
272,584,585
272,601,602
272,812,813
273,580,581
273,584,585
273,593,594
273,601,602
274,580,581
274,584,585
274,593,594
274,812,813
275,580,581
275,601,602
275,702,703
275,812,813
276,580,581
276,676,677
276,702,703
276,812,813
277,1091,1092
277,1161,1162
277,1205,1206
277,1358,1359
278,28,29
278,169,170
278,295,296
278,389,390
279,28,29
279,169,170
279,385,386
279,389,390
280,28,29
280,89,90
280,169,170
280,385,386
281,28,29
281,89,90
281,130,131
281,385,386
282,28,29
282,54,55
282,295,296
282,354,355
283,5,6
283,52,53
283,63,64
283,78,79
284,5,6
284,52,53
284,78,79
284,145,146
285,52,53
285,78,79
285,86,87
285,145,146
286,78,79
286,86,87
286,145,146
286,412,413
287,78,79
287,145,146
287,192,193
287,412,413
288,5,6
288,78,79
288,145,146
288,192,193
289,27,28
289,187,188
289,252,253
289,274,275
290,226,227
290,478,479
290,507,508
290,671,672
291,226,227
291,444,445
291,478,479
291,631,632
292,226,227
292,246,247
292,478,479
292,671,672
293,226,227
293,246,247
293,478,479
293,631,632
294,3,4
294,29,30
294,67,68
294,141,142
295,3,4
295,29,30
295,67,68
295,176,177
296,3,4
296,29,30
296,90,91
296,176,177
297,3,4
297,36,37
297,50,51
297,272,273
298,69,70
298,165,166
298,254,255
298,388,389
299,69,70
299,70,71
299,254,255
299,388,389
300,142,143
300,165,166
300,254,255
300,388,389
301,132,133
301,142,143
301,254,255
301,388,389
302,70,71
302,132,133
302,254,255
302,388,389
303,98,99
303,142,143
303,165,166
303,254,255
304,70,71
304,112,113
304,254,255
304,402,403
305,112,113
305,142,143
305,254,255
305,318,319
306,112,113
306,132,133
306,142,143
306,254,255
307,70,71
307,112,113
307,132,133
307,254,255
308,112,113
308,254,255
308,283,284
308,402,403
309,112,113
309,254,255
309,283,284
309,318,319
310,50,51
310,70,71
310,129,130
310,278,279
311,50,51
311,67,68
311,129,130
311,278,279
312,3,4
312,50,51
312,67,68
312,129,130
313,67,68
313,129,130
313,132,133
313,278,279
314,70,71
314,129,130
314,132,133
314,278,279
315,20,21
315,67,68
315,129,130
315,132,133
316,20,21
316,67,68
316,129,130
316,141,142
317,3,4
317,67,68
317,129,130
317,141,142
318,20,21
318,112,113
318,129,130
318,132,133
319,70,71
319,112,113
319,129,130
319,132,133
320,70,71
320,112,113
320,129,130
320,402,403
321,20,21
321,112,113
321,129,130
321,141,142
322,294,295
322,542,543
322,565,566
322,573,574
323,246,247
323,460,461
323,542,543
323,565,566
324,527,528
324,576,577
324,610,611
324,842,843
325,576,577
325,610,611
325,744,745
325,842,843
326,560,561
326,585,586
326,602,603
326,631,632
327,560,561
327,585,586
327,600,601
327,602,603
328,475,476
328,610,611
328,842,843
328,875,876
329,475,476
329,482,483
329,822,823
329,875,876
330,475,476
330,482,483
330,842,843
330,875,876
331,475,476
331,610,611
331,744,745
331,842,843
332,475,476
332,482,483
332,744,745
332,842,843
333,482,483
333,748,749
333,822,823
333,881,882
334,676,677
334,757,758
334,783,784
334,812,813
335,676,677
335,757,758
335,783,784
335,881,882
336,475,476
336,482,483
336,783,784
336,822,823
337,482,483
337,783,784
337,822,823
337,881,882
338,676,677
338,783,784
338,812,813
338,871,872
339,676,677
339,783,784
339,871,872
339,881,882
340,595,596
340,655,656
340,783,784
340,812,813
341,655,656
341,783,784
341,812,813
341,871,872
342,482,483
342,783,784
342,871,872
342,881,882
343,595,596
343,655,656
343,744,745
343,783,784
344,655,656
344,744,745
344,783,784
344,871,872
345,595,596
345,671,672
345,744,745
345,783,784
346,482,483
346,744,745
346,783,784
346,871,872
347,475,476
347,482,483
347,744,745
347,783,784
348,1007,1008
348,1117,1118
348,1271,1272
348,1282,1283
349,1603,1604
349,1687,1688
349,1710,1711
349,1743,1744
350,1687,1688
350,1710,1711
350,1743,1744
350,1766,1767
351,1687,1688
351,1710,1711
351,1715,1716
351,1766,1767
352,1716,1717
352,1808,1809
352,1827,1828
352,1830,1831
353,1716,1717
353,1827,1828
353,1830,1831
353,1837,1838
354,1710,1711
354,1716,1717
354,1741,1742
354,1837,1838
355,1710,1711
355,1716,1717
355,1830,1831
355,1837,1838
356,1736,1737
356,1739,1740
356,1800,1801
356,1830,1831
357,1739,1740
357,1800,1801
357,1808,1809
357,1830,1831
358,1595,1596
358,1736,1737
358,1739,1740
358,1747,1748
359,1808,1809
359,1817,1818
359,1827,1828
359,1830,1831
360,1800,1801
360,1808,1809
360,1817,1818
360,1830,1831
361,1577,1578
361,1808,1809
361,1817,1818
361,1827,1828
362,1695,1696
362,1799,1800
362,1810,1811
362,1817,1818
363,1598,1599
363,1695,1696
363,1799,1800
363,1817,1818
364,1598,1599
364,1799,1800
364,1800,1801
364,1817,1818
365,1598,1599
365,1695,1696
365,1815,1816
365,1817,1818
366,1710,1711
366,1715,1716
366,1766,1767
366,1779,1780
367,1715,1716
367,1766,1767
367,1772,1773
367,1779,1780
368,1627,1628
368,1814,1815
368,1818,1819
368,1840,1841
369,1627,1628
369,1709,1710
369,1818,1819
369,1840,1841
370,1717,1718
370,1811,1812
370,1814,1815
370,1818,1819
371,1175,1176
371,1307,1308
371,1338,1339
371,1348,1349
372,1598,1599
372,1636,1637
372,1679,1680
372,1800,1801
373,1620,1621
373,1636,1637
373,1652,1653
373,1679,1680
374,1636,1637
374,1652,1653
374,1679,1680
374,1800,1801
375,1416,1417
375,1476,1477
375,1552,1553
375,1666,1667
376,1416,1417
376,1476,1477
376,1489,1490
376,1666,1667
377,1070,1071
377,1130,1131
377,1215,1216
377,1273,1274
378,1509,1510
378,1549,1550
378,1661,1662
378,1690,1691
379,1390,1391
379,1509,1510
379,1549,1550
379,1690,1691
380,1390,1391
380,1483,1484
380,1509,1510
380,1549,1550
381,1483,1484
381,1509,1510
381,1549,1550
381,1599,1600
382,1405,1406
382,1513,1514
382,1563,1564
382,1643,1644
383,1392,1393
383,1405,1406
383,1563,1564
383,1643,1644
384,1342,1343
384,1392,1393
384,1563,1564
384,1643,1644
385,1405,1406
385,1513,1514
385,1563,1564
385,1569,1570
386,1676,1677
386,1706,1707
386,1740,1741
386,1828,1829
387,1661,1662
387,1676,1677
387,1706,1707
387,1740,1741
388,1676,1677
388,1740,1741
388,1828,1829
388,1834,1835
389,1610,1611
389,1676,1677
389,1828,1829
389,1834,1835
390,1661,1662
390,1676,1677
390,1690,1691
390,1694,1695
391,1676,1677
391,1740,1741
391,1802,1803
391,1834,1835
392,1610,1611
392,1676,1677
392,1802,1803
392,1834,1835
393,1610,1611
393,1676,1677
393,1694,1695
393,1802,1803
394,1671,1672
394,1676,1677
394,1740,1741
394,1802,1803
395,1671,1672
395,1676,1677
395,1694,1695
395,1802,1803
396,1610,1611
396,1685,1686
396,1798,1799
396,1828,1829
397,1610,1611
397,1676,1677
397,1798,1799
397,1828,1829
398,1610,1611
398,1685,1686
398,1798,1799
398,1847,1848
399,1619,1620
399,1661,1662
399,1706,1707
399,1765,1766
400,1549,1550
400,1619,1620
400,1661,1662
400,1765,1766
401,1549,1550
401,1599,1600
401,1619,1620
401,1765,1766
402,1509,1510
402,1568,1569
402,1661,1662
402,1765,1766
403,1509,1510
403,1549,1550
403,1661,1662
403,1765,1766
404,1509,1510
404,1568,1569
404,1599,1600
404,1765,1766
405,1509,1510
405,1549,1550
405,1599,1600
405,1765,1766
406,1368,1369
406,1483,1484
406,1509,1510
406,1551,1552
407,1368,1369
407,1456,1457
407,1483,1484
407,1551,1552
408,1509,1510
408,1551,1552
408,1568,1569
408,1599,1600
409,1483,1484
409,1509,1510
409,1551,1552
409,1599,1600
410,1368,1369
410,1509,1510
410,1551,1552
410,1666,1667
411,1456,1457
411,1483,1484
411,1551,1552
411,1726,1727
412,1483,1484
412,1551,1552
412,1599,1600
412,1726,1727
413,1476,1477
413,1489,1490
413,1646,1647
413,1758,1759
414,1342,1343
414,1392,1393
414,1465,1466
414,1643,1644
415,1392,1393
415,1465,1466
415,1537,1538
415,1643,1644
416,1416,1417
416,1489,1490
416,1537,1538
416,1566,1567
417,1392,1393
417,1405,1406
417,1537,1538
417,1643,1644
418,1008,1009
418,1010,1011
418,1091,1092
418,1206,1207
419,937,938
419,1010,1011
419,1091,1092
419,1206,1207
420,1008,1009
420,1010,1011
420,1091,1092
420,1358,1359
421,1010,1011
421,1091,1092
421,1161,1162
421,1358,1359
422,1119,1120
422,1230,1231
422,1387,1388
422,1539,1540
423,1145,1146
423,1338,1339
423,1348,1349
423,1360,1361
424,947,948
424,967,968
424,1175,1176
424,1203,1204
425,1126,1127
425,1175,1176
425,1338,1339
425,1348,1349
426,556,557
426,745,746
426,813,814
426,885,886
427,475,476
427,783,784
427,822,823
427,895,896
428,757,758
428,783,784
428,881,882
428,895,896
429,783,784
429,822,823
429,881,882
429,895,896
430,757,758
430,783,784
430,812,813
430,895,896
431,441,442
431,529,530
431,775,776
431,837,838
432,441,442
432,529,530
432,574,575
432,837,838
433,463,464
433,529,530
433,610,611
433,837,838
434,463,464
434,529,530
434,574,575
434,837,838
435,463,464
435,529,530
435,574,575
435,610,611
436,441,442
436,520,521
436,529,530
436,574,575
437,527,528
437,529,530
437,574,575
437,610,611
438,527,528
438,529,530
438,576,577
438,610,611
439,1062,1063
439,1280,1281
439,1285,1286
439,1323,1324
440,568,569
440,632,633
440,672,673
440,697,698
441,568,569
441,632,633
441,672,673
441,725,726
442,1126,1127
442,1196,1197
442,1203,1204
442,1254,1255
443,947,948
443,966,967
443,1196,1197
443,1312,1313
444,947,948
444,1196,1197
444,1312,1313
444,1348,1349
445,947,948
445,1175,1176
445,1196,1197
445,1203,1204
446,1126,1127
446,1175,1176
446,1196,1197
446,1203,1204
447,947,948
447,1175,1176
447,1196,1197
447,1348,1349
448,1126,1127
448,1175,1176
448,1196,1197
448,1348,1349
449,1496,1497
449,1645,1646
449,1714,1715
449,1753,1754
450,1645,1646
450,1714,1715
450,1734,1735
450,1771,1772
451,1496,1497
451,1645,1646
451,1714,1715
451,1734,1735
452,1422,1423
452,1498,1499
452,1501,1502
452,1781,1782
453,1454,1455
453,1484,1485
453,1505,1506
453,1655,1656
454,1571,1572
454,1714,1715
454,1796,1797
454,1826,1827
455,1571,1572
455,1661,1662
455,1740,1741
455,1826,1827
456,1571,1572
456,1740,1741
456,1826,1827
456,1839,1840
457,1571,1572
457,1796,1797
457,1826,1827
457,1839,1840
458,1571,1572
458,1671,1672
458,1740,1741
458,1839,1840
459,1571,1572
459,1661,1662
459,1676,1677
459,1740,1741
460,1571,1572
460,1671,1672
460,1676,1677
460,1740,1741
461,1571,1572
461,1661,1662
461,1690,1691
461,1694,1695
462,1571,1572
462,1661,1662
462,1676,1677
462,1694,1695
463,1571,1572
463,1671,1672
463,1676,1677
463,1694,1695
464,1414,1415
464,1741,1742
464,1743,1744
464,1776,1777
465,1571,1572
465,1795,1796
465,1796,1797
465,1839,1840
466,1571,1572
466,1671,1672
466,1795,1796
466,1839,1840
467,1603,1604
467,1671,1672
467,1795,1796
467,1839,1840
468,1605,1606
468,1640,1641
468,1678,1679
468,1783,1784
469,1640,1641
469,1678,1679
469,1688,1689
469,1783,1784
470,1600,1601
470,1678,1679
470,1688,1689
470,1783,1784
471,1414,1415
471,1642,1643
471,1741,1742
471,1743,1744
472,1601,1602
472,1605,1606
472,1630,1631
472,1750,1751
473,1601,1602
473,1630,1631
473,1750,1751
473,1796,1797
474,1605,1606
474,1630,1631
474,1633,1634
474,1783,1784
475,1630,1631
475,1750,1751
475,1771,1772
475,1823,1824
476,1605,1606
476,1630,1631
476,1771,1772
476,1823,1824
477,1605,1606
477,1630,1631
477,1750,1751
477,1823,1824
478,1630,1631
478,1714,1715
478,1750,1751
478,1796,1797
479,1630,1631
479,1645,1646
479,1750,1751
479,1771,1772
480,1630,1631
480,1645,1646
480,1714,1715
480,1771,1772
481,1630,1631
481,1645,1646
481,1714,1715
481,1750,1751
482,1669,1670
482,1692,1693
482,1768,1769
482,1812,1813
483,1173,1174
483,1362,1363
483,1432,1433
483,1494,1495
484,1204,1205
484,1308,1309
484,1353,1354
484,1451,1452
485,1204,1205
485,1327,1328
485,1353,1354
485,1451,1452
486,1123,1124
486,1327,1328
486,1353,1354
486,1451,1452
487,1123,1124
487,1353,1354
487,1451,1452
487,1494,1495
488,1204,1205
488,1252,1253
488,1308,1309
488,1353,1354
489,770,771
489,809,810
489,847,848
489,934,935
490,809,810
490,847,848
490,934,935
490,1022,1023
491,770,771
491,809,810
491,934,935
491,1099,1100
492,809,810
492,934,935
492,962,963
492,1099,1100
493,770,771
493,809,810
493,1020,1021
493,1099,1100
494,911,912
494,935,936
494,1008,1009
494,1206,1207
495,911,912
495,1008,1009
495,1010,1011
495,1206,1207
496,809,810
496,825,826
496,962,963
496,1099,1100
497,825,826
497,962,963
497,1039,1040
497,1099,1100
498,691,692
498,819,820
498,1016,1017
498,1074,1075
499,614,615
499,679,680
499,692,693
499,805,806
500,530,531
500,614,615
500,692,693
500,805,806
501,530,531
501,614,615
501,718,719
501,805,806
502,516,517
502,530,531
502,718,719
502,805,806
503,718,719
503,805,806
503,816,817
503,827,828
504,690,691
504,830,831
504,993,994
504,999,1000
505,818,819
505,830,831
505,993,994
505,999,1000
506,816,817
506,827,828
506,830,831
506,999,1000
507,818,819
507,827,828
507,830,831
507,999,1000
508,907,908
508,1090,1091
508,1184,1185
508,1250,1251
509,907,908
509,1090,1091
509,1184,1185
509,1240,1241
510,907,908
510,1034,1035
510,1045,1046
510,1090,1091
511,907,908
511,1034,1035
511,1090,1091
511,1250,1251
512,619,620
512,745,746
512,832,833
512,885,886
513,441,442
513,520,521
513,574,575
513,765,766
514,556,557
514,574,575
514,765,766
514,837,838
515,441,442
515,574,575
515,765,766
515,837,838
516,556,557
516,745,746
516,765,766
516,885,886
517,619,620
517,745,746
517,765,766
517,885,886
518,556,557
518,745,746
518,765,766
518,837,838
519,929,930
519,944,945
519,1199,1200
519,1217,1218
520,1117,1118
520,1252,1253
520,1306,1307
520,1308,1309
521,1199,1200
521,1271,1272
521,1306,1307
521,1337,1338
522,1007,1008
522,1117,1118
522,1271,1272
522,1306,1307
523,1252,1253
523,1306,1307
523,1308,1309
523,1353,1354
524,1306,1307
524,1353,1354
524,1451,1452
524,1494,1495
525,1306,1307
525,1308,1309
525,1353,1354
525,1451,1452
526,1123,1124
526,1306,1307
526,1451,1452
526,1494,1495
527,1123,1124
527,1306,1307
527,1337,1338
527,1494,1495
528,1123,1124
528,1306,1307
528,1337,1338
528,1451,1452
529,944,945
529,1199,1200
529,1217,1218
529,1479,1480
530,1146,1147
530,1188,1189
530,1451,1452
530,1479,1480
531,944,945
531,1199,1200
531,1308,1309
531,1479,1480
532,944,945
532,1188,1189
532,1308,1309
532,1479,1480
533,1123,1124
533,1146,1147
533,1451,1452
533,1479,1480
534,1123,1124
534,1337,1338
534,1451,1452
534,1479,1480
535,1306,1307
535,1308,1309
535,1451,1452
535,1479,1480
536,1306,1307
536,1337,1338
536,1451,1452
536,1479,1480
537,1199,1200
537,1306,1307
537,1308,1309
537,1479,1480
538,1199,1200
538,1306,1307
538,1337,1338
538,1479,1480
539,750,751
539,816,817
539,827,828
539,830,831
540,750,751
540,827,828
540,830,831
540,1046,1047
541,718,719
541,750,751
541,816,817
541,827,828
542,614,615
542,718,719
542,750,751
542,805,806
543,718,719
543,750,751
543,805,806
543,816,817
544,1116,1117
544,1191,1192
544,1304,1305
544,1334,1335
545,104,105
545,116,117
545,212,213
545,322,323
546,104,105
546,212,213
546,322,323
546,373,374
547,17,18
547,104,105
547,116,117
547,322,323
548,1442,1443
548,1462,1463
548,1698,1699
548,1713,1714
549,1442,1443
549,1636,1637
549,1698,1699
549,1713,1714
550,1370,1371
550,1442,1443
550,1462,1463
550,1698,1699
551,97,98
551,140,141
551,325,326
551,373,374
552,42,43
552,58,59
552,97,98
552,137,138
553,3,4
553,36,37
553,90,91
553,125,126
554,3,4
554,29,30
554,90,91
554,125,126
555,103,104
555,233,234
555,338,339
555,418,419
556,464,465
556,499,500
556,512,513
556,788,789
557,510,511
557,536,537
557,679,680
557,692,693
558,536,537
558,679,680
558,692,693
558,788,789
559,209,210
559,510,511
559,536,537
559,637,638
560,562,563
560,620,621
560,781,782
560,793,794
561,620,621
561,637,638
561,781,782
561,793,794
562,320,321
562,428,429
562,562,563
562,620,621
563,287,288
563,320,321
563,428,429
563,620,621
564,222,223
564,247,248
564,372,373
564,648,649
565,222,223
565,247,248
565,372,373
565,414,415
566,140,141
566,301,302
566,435,436
566,597,598
567,30,31
567,301,302
567,366,367
567,435,436
568,30,31
568,247,248
568,366,367
568,435,436
569,30,31
569,222,223
569,301,302
569,435,436
570,30,31
570,222,223
570,247,248
570,435,436
571,247,248
571,366,367
571,435,436
571,598,599
572,262,263
572,275,276
572,320,321
572,428,429
573,275,276
573,287,288
573,320,321
573,428,429
574,262,263
574,275,276
574,320,321
574,436,437
575,499,500
575,614,615
575,754,755
575,853,854
576,499,500
576,614,615
576,788,789
576,853,854
577,464,465
577,759,760
577,788,789
577,853,854
578,464,465
578,499,500
578,788,789
578,853,854
579,759,760
579,792,793
579,853,854
579,886,887
580,792,793
580,839,840
580,853,854
580,886,887
581,92,93
581,178,179
581,212,213
581,322,323
582,83,84
582,92,93
582,178,179
582,322,323
583,212,213
583,255,256
583,351,352
583,406,407
584,43,44
584,212,213
584,255,256
584,351,352
585,255,256
585,262,263
585,275,276
585,428,429
586,937,938
586,1091,1092
586,1134,1135
586,1206,1207
587,953,954
587,982,983
587,1110,1111
587,1134,1135
588,982,983
588,1110,1111
588,1134,1135
588,1206,1207
589,937,938
589,982,983
589,1134,1135
589,1206,1207
590,750,751
590,827,828
590,1046,1047
590,1055,1056
591,718,719
591,750,751
591,827,828
591,1055,1056
592,456,457
592,530,531
592,685,686
592,793,794
593,456,457
593,608,609
593,685,686
593,726,727
594,456,457
594,685,686
594,726,727
594,793,794
595,721,722
595,761,762
595,771,772
595,1055,1056
596,718,719
596,721,722
596,761,762
596,1055,1056
597,530,531
597,718,719
597,721,722
597,761,762
598,456,457
598,530,531
598,721,722
598,761,762
599,315,316
599,514,515
599,525,526
599,533,534
600,505,506
600,514,515
600,533,534
600,669,670
601,505,506
601,514,515
601,525,526
601,533,534
602,505,506
602,525,526
602,533,534
602,637,638
603,525,526
603,533,534
603,620,621
603,637,638
604,533,534
604,620,621
604,637,638
604,781,782
605,510,511
605,533,534
605,637,638
605,669,670
606,505,506
606,510,511
606,533,534
606,669,670
607,505,506
607,510,511
607,533,534
607,637,638
608,455,456
608,533,534
608,637,638
608,781,782
609,44,45
609,117,118
609,188,189
609,244,245
610,44,45
610,99,100
610,117,118
610,147,148
611,333,334
611,341,342
611,366,367
611,410,411
612,247,248
612,341,342
612,366,367
612,410,411
613,30,31
613,247,248
613,341,342
613,366,367
614,1824,1825
614,1829,1830
614,1831,1832
614,1838,1839
615,1625,1626
615,1742,1743
615,1838,1839
615,1844,1845
616,1613,1614
616,1625,1626
616,1746,1747
616,1844,1845
617,1625,1626
617,1742,1743
617,1746,1747
617,1844,1845
618,1754,1755
618,1786,1787
618,1797,1798
618,1807,1808
619,1405,1406
619,1537,1538
619,1587,1588
619,1643,1644
620,476,477
620,542,543
620,571,572
620,595,596
621,458,459
621,476,477
621,542,543
621,571,572
622,476,477
622,542,543
622,595,596
622,671,672
623,246,247
623,476,477
623,542,543
623,671,672
624,458,459
624,460,461
624,476,477
624,542,543
625,246,247
625,460,461
625,476,477
625,542,543
626,246,247
626,449,450
626,460,461
626,476,477
627,153,154
627,216,217
627,256,257
627,434,435
628,153,154
628,194,195
628,256,257
628,434,435
629,256,257
629,434,435
629,549,550
629,626,627
630,194,195
630,256,257
630,434,435
630,626,627
631,476,477
631,571,572
631,595,596
631,787,788
632,458,459
632,476,477
632,571,572
632,787,788
633,114,115
633,153,154
633,194,195
633,280,281
634,153,154
634,216,217
634,256,257
634,280,281
635,153,154
635,194,195
635,256,257
635,280,281
636,153,154
636,216,217
636,280,281
636,313,314
637,114,115
637,194,195
637,280,281
637,352,353
638,209,210
638,505,506
638,612,613
638,668,669
639,442,443
639,505,506
639,583,584
639,612,613
640,505,506
640,583,584
640,612,613
640,668,669
641,442,443
641,505,506
641,523,524
641,612,613
642,209,210
642,505,506
642,523,524
642,612,613
643,234,235
643,364,365
643,525,526
643,668,669
644,234,235
644,269,270
644,364,365
644,423,424
645,234,235
645,261,262
645,364,365
645,423,424
646,234,235
646,269,270
646,364,365
646,668,669
647,209,210
647,364,365
647,612,613
647,668,669
648,269,270
648,364,365
648,411,412
648,423,424
649,261,262
649,290,291
649,598,599
649,649,650
650,209,210
650,438,439
650,523,524
650,612,613
651,196,197
651,442,443
651,591,592
651,616,617
652,442,443
652,505,506
652,523,524
652,579,580
653,442,443
653,523,524
653,547,548
653,579,580
654,505,506
654,510,511
654,523,524
654,579,580
655,505,506
655,510,511
655,579,580
655,669,670
656,505,506
656,514,515
656,579,580
656,669,670
657,206,207
657,333,334
657,359,360
657,411,412
658,37,38
658,171,172
658,357,358
658,450,451
659,302,303
659,413,414
659,470,471
659,566,567
660,302,303
660,348,349
660,522,523
660,566,567
661,302,303
661,348,349
661,413,414
661,566,567
662,348,349
662,522,523
662,566,567
662,713,714
663,522,523
663,566,567
663,666,667
663,713,714
664,348,349
664,413,414
664,566,567
664,573,574
665,566,567
665,573,574
665,584,585
665,601,602
666,470,471
666,566,567
666,584,585
666,601,602
667,294,295
667,566,567
667,573,574
667,584,585
668,294,295
668,413,414
668,566,567
668,573,574
669,470,471
669,500,501
669,566,567
669,584,585
670,413,414
670,470,471
670,500,501
670,566,567
671,566,567
671,573,574
671,593,594
671,713,714
672,294,295
672,500,501
672,566,567
672,584,585
673,294,295
673,413,414
673,500,501
673,566,567
674,54,55
674,293,294
674,354,355
674,377,378
675,286,287
675,413,414
675,500,501
675,559,560
676,286,287
676,413,414
676,559,560
676,659,660
677,286,287
677,413,414
677,470,471
677,500,501
678,286,287
678,413,414
678,470,471
678,659,660
679,286,287
679,352,353
679,559,560
679,659,660
680,194,195
680,286,287
680,352,353
680,559,560
681,282,283
681,286,287
681,500,501
681,626,627
682,282,283
682,286,287
682,470,471
682,500,501
683,256,257
683,286,287
683,500,501
683,626,627
684,194,195
684,256,257
684,286,287
684,626,627
685,302,303
685,408,409
685,413,414
685,659,660
686,2,3
686,21,22
686,106,107
686,164,165
687,2,3
687,21,22
687,106,107
687,135,136
688,21,22
688,106,107
688,135,136
688,139,140
689,2,3
689,127,128
689,202,203
689,251,252
690,23,24
690,62,63
690,202,203
690,251,252
691,62,63
691,127,128
691,138,139
691,202,203
692,62,63
692,127,128
692,202,203
692,251,252
693,7,8
693,23,24
693,62,63
693,253,254
694,23,24
694,62,63
694,251,252
694,253,254
695,35,36
695,190,191
695,333,334
695,366,367
696,35,36
696,333,334
696,387,388
696,423,424
697,35,36
697,190,191
697,387,388
697,423,424
698,35,36
698,190,191
698,333,334
698,423,424
699,35,36
699,333,334
699,359,360
699,387,388
700,35,36
700,74,75
700,190,191
700,285,286
701,33,34
701,39,40
701,160,161
701,349,350
702,33,34
702,39,40
702,88,89
702,349,350
703,57,58
703,76,77
703,138,139
703,170,171
704,57,58
704,76,77
704,170,171
704,186,187
705,57,58
705,76,77
705,95,96
705,138,139
706,37,38
706,57,58
706,95,96
706,225,226
707,57,58
707,95,96
707,138,139
707,225,226
708,12,13
708,100,101
708,130,131
708,143,144
709,51,52
709,100,101
709,130,131
709,143,144
710,51,52
710,59,60
710,100,101
710,130,131
711,12,13
711,100,101
711,157,158
711,175,176
712,95,96
712,157,158
712,175,176
712,308,309
713,37,38
713,95,96
713,175,176
713,308,309
714,37,38
714,57,58
714,95,96
714,175,176
715,5,6
715,32,33
715,63,64
715,78,79
716,5,6
716,32,33
716,94,95
716,154,155
717,5,6
717,32,33
717,78,79
717,94,95
718,32,33
718,44,45
718,188,189
718,244,245
719,31,32
719,87,88
719,188,189
719,321,322
720,87,88
720,117,118
720,188,189
720,321,322
721,31,32
721,87,88
721,142,143
721,321,322
722,0,1
722,31,32
722,111,112
722,321,322
723,0,1
723,111,112
723,172,173
723,321,322
724,31,32
724,111,112
724,142,143
724,321,322
725,111,112
725,142,143
725,172,173
725,321,322
726,87,88
726,112,113
726,142,143
726,321,322
727,87,88
727,112,113
727,117,118
727,321,322
728,142,143
728,172,173
728,318,319
728,321,322
729,112,113
729,142,143
729,318,319
729,321,322
730,112,113
730,117,118
730,283,284
730,321,322
731,112,113
731,283,284
731,318,319
731,321,322
732,99,100
732,117,118
732,126,127
732,174,175
733,117,118
733,126,127
733,147,148
733,174,175
734,112,113
734,117,118
734,126,127
734,283,284
735,112,113
735,117,118
735,126,127
735,147,148
736,112,113
736,126,127
736,283,284
736,402,403
737,126,127
737,141,142
737,147,148
737,174,175
738,112,113
738,126,127
738,141,142
738,147,148
739,112,113
739,126,127
739,129,130
739,141,142
740,112,113
740,126,127
740,129,130
740,402,403
741,256,257
741,481,482
741,507,508
741,561,562
742,226,227
742,481,482
742,507,508
742,561,562
743,256,257
743,507,508
743,549,550
743,561,562
744,311,312
744,507,508
744,549,550
744,561,562
745,311,312
745,494,495
745,549,550
745,561,562
746,434,435
746,494,495
746,549,550
746,561,562
747,256,257
747,434,435
747,549,550
747,561,562
748,303,304
748,331,332
748,494,495
748,561,562
749,216,217
749,256,257
749,434,435
749,561,562
750,228,229
750,434,435
750,494,495
750,561,562
751,216,217
751,228,229
751,434,435
751,561,562
752,228,229
752,331,332
752,494,495
752,561,562
753,216,217
753,228,229
753,331,332
753,561,562
754,294,295
754,397,398
754,481,482
754,500,501
755,256,257
755,397,398
755,481,482
755,500,501
756,256,257
756,397,398
756,481,482
756,561,562
757,226,227
757,397,398
757,481,482
757,561,562
758,294,295
758,397,398
758,413,414
758,500,501
759,294,295
759,397,398
759,413,414
759,559,560
760,397,398
760,413,414
760,500,501
760,559,560
761,256,257
761,286,287
761,397,398
761,500,501
762,286,287
762,397,398
762,500,501
762,559,560
763,194,195
763,256,257
763,280,281
763,397,398
764,194,195
764,280,281
764,397,398
764,559,560
765,194,195
765,256,257
765,286,287
765,397,398
766,194,195
766,286,287
766,397,398
766,559,560
767,27,28
767,239,240
767,274,275
767,342,343
768,239,240
768,274,275
768,313,314
768,342,343
769,27,28
769,252,253
769,274,275
769,342,343
770,0,1
770,27,28
770,239,240
770,431,432
771,173,174
771,239,240
771,342,343
771,431,432
772,27,28
772,239,240
772,342,343
772,431,432
773,0,1
773,105,106
773,156,157
773,431,432
774,0,1
774,27,28
774,156,157
774,431,432
775,0,1
775,94,95
775,239,240
775,431,432
776,94,95
776,173,174
776,239,240
776,431,432
777,0,1
777,105,106
777,154,155
777,431,432
778,94,95
778,105,106
778,154,155
778,431,432
779,0,1
779,94,95
779,154,155
779,431,432
780,66,67
780,94,95
780,105,106
780,431,432
781,66,67
781,94,95
781,173,174
781,431,432
782,1675,1676
782,1774,1775
782,1809,1810
782,1847,1848
783,1665,1666
783,1675,1676
783,1774,1775
783,1809,1810
784,1675,1676
784,1809,1810
784,1825,1826
784,1847,1848
785,1675,1676
785,1754,1755
785,1801,1802
785,1809,1810
786,1693,1694
786,1754,1755
786,1801,1802
786,1809,1810
787,1801,1802
787,1809,1810
787,1825,1826
787,1846,1847
788,1665,1666
788,1712,1713
788,1774,1775
788,1809,1810
789,1712,1713
789,1774,1775
789,1809,1810
789,1847,1848
790,1610,1611
790,1694,1695
790,1712,1713
790,1816,1817
791,1712,1713
791,1774,1775
791,1798,1799
791,1847,1848
792,1610,1611
792,1712,1713
792,1798,1799
792,1847,1848
793,1610,1611
793,1712,1713
793,1825,1826
793,1847,1848
794,1610,1611
794,1712,1713
794,1816,1817
794,1825,1826
795,1712,1713
795,1809,1810
795,1825,1826
795,1847,1848
796,1634,1635
796,1742,1743
796,1811,1812
796,1824,1825
797,1386,1387
797,1613,1614
797,1746,1747
797,1777,1778
798,1613,1614
798,1625,1626
798,1746,1747
798,1777,1778
799,514,515
799,583,584
799,616,617
799,889,890
800,442,443
800,583,584
800,616,617
800,889,890
801,505,506
801,514,515
801,583,584
801,889,890
802,505,506
802,514,515
802,579,580
802,889,890
803,442,443
803,591,592
803,616,617
803,889,890
804,591,592
804,604,605
804,616,617
804,889,890
805,442,443
805,547,548
805,579,580
805,889,890
806,547,548
806,579,580
806,604,605
806,889,890
807,442,443
807,505,506
807,583,584
807,889,890
808,442,443
808,505,506
808,579,580
808,889,890
809,442,443
809,547,548
809,591,592
809,889,890
810,547,548
810,591,592
810,604,605
810,889,890
811,718,719
811,827,828
811,1027,1028
811,1055,1056
812,718,719
812,721,722
812,1027,1028
812,1055,1056
813,516,517
813,530,531
813,721,722
813,1027,1028
814,530,531
814,718,719
814,721,722
814,1027,1028
815,516,517
815,530,531
815,718,719
815,1027,1028
816,721,722
816,771,772
816,1027,1028
816,1055,1056
817,580,581
817,676,677
817,702,703
817,857,858
818,676,677
818,757,758
818,797,798
818,857,858
819,676,677
819,757,758
819,812,813
819,857,858
820,580,581
820,676,677
820,812,813
820,857,858
821,470,471
821,489,490
821,566,567
821,601,602
822,489,490
822,522,523
822,566,567
822,666,667
823,489,490
823,580,581
823,593,594
823,601,602
824,489,490
824,566,567
824,666,667
824,713,714
825,489,490
825,573,574
825,593,594
825,601,602
826,489,490
826,566,567
826,573,574
826,601,602
827,489,490
827,566,567
827,573,574
827,593,594
828,489,490
828,566,567
828,593,594
828,713,714
829,918,919
829,1117,1118
829,1248,1249
829,1282,1283
830,918,919
830,1067,1068
830,1117,1118
830,1248,1249
831,1117,1118
831,1248,1249
831,1271,1272
831,1282,1283
832,757,758
832,873,874
832,881,882
832,895,896
833,822,823
833,873,874
833,881,882
833,895,896
834,748,749
834,822,823
834,873,874
834,881,882
835,1155,1156
835,1283,1284
835,1435,1436
835,1547,1548
836,1155,1156
836,1320,1321
836,1435,1436
836,1547,1548
837,1289,1290
837,1320,1321
837,1508,1509
837,1737,1738
838,1125,1126
838,1320,1321
838,1508,1509
838,1737,1738
839,1125,1126
839,1320,1321
839,1435,1436
839,1508,1509
840,1289,1290
840,1320,1321
840,1332,1333
840,1508,1509
841,1320,1321
841,1332,1333
841,1435,1436
841,1508,1509
842,907,908
842,1240,1241
842,1293,1294
842,1339,1340
843,923,924
843,1240,1241
843,1293,1294
843,1339,1340
844,923,924
844,1129,1130
844,1293,1294
844,1339,1340
845,923,924
845,1129,1130
845,1277,1278
845,1293,1294
846,1211,1212
846,1240,1241
846,1250,1251
846,1293,1294
847,907,908
847,1240,1241
847,1250,1251
847,1293,1294
848,923,924
848,1211,1212
848,1240,1241
848,1293,1294
849,923,924
849,1211,1212
849,1277,1278
849,1293,1294
850,1129,1130
850,1283,1284
850,1293,1294
850,1339,1340
851,573,574
851,593,594
851,711,712
851,713,714
852,1008,1009
852,1262,1263
852,1307,1308
852,1358,1359
853,1161,1162
853,1262,1263
853,1307,1308
853,1358,1359
854,1008,1009
854,1010,1011
854,1262,1263
854,1358,1359
855,1010,1011
855,1161,1162
855,1262,1263
855,1358,1359
856,1008,1009
856,1175,1176
856,1262,1263
856,1307,1308
857,947,948
857,1008,1009
857,1175,1176
857,1262,1263
858,947,948
858,966,967
858,1262,1263
858,1312,1313
859,1175,1176
859,1262,1263
859,1307,1308
859,1348,1349
860,947,948
860,1262,1263
860,1312,1313
860,1348,1349
861,947,948
861,1175,1176
861,1262,1263
861,1348,1349
862,776,777
862,1023,1024
862,1084,1085
862,1103,1104
863,28,29
863,110,111
863,295,296
863,389,390
864,37,38
864,110,111
864,171,172
864,308,309
865,28,29
865,110,111
865,295,296
865,354,355
866,37,38
866,110,111
866,175,176
866,308,309
867,37,38
867,110,111
867,171,172
867,357,358
868,110,111
868,295,296
868,354,355
868,357,358
869,37,38
869,110,111
869,357,358
869,404,405
870,110,111
870,354,355
870,357,358
870,404,405
871,238,239
871,354,355
871,377,378
871,404,405
872,206,207
872,354,355
872,377,378
872,404,405
873,206,207
873,238,239
873,377,378
873,404,405
874,49,50
874,172,173
874,187,188
874,274,275
875,49,50
875,172,173
875,274,275
875,318,319
876,49,50
876,98,99
876,165,166
876,254,255
877,49,50
877,98,99
877,165,166
877,187,188
878,49,50
878,98,99
878,172,173
878,187,188
879,49,50
879,98,99
879,142,143
879,254,255
880,49,50
880,142,143
880,254,255
880,318,319
881,49,50
881,98,99
881,142,143
881,172,173
882,49,50
882,142,143
882,172,173
882,318,319
883,90,91
883,125,126
883,162,163
883,177,178
884,29,30
884,90,91
884,125,126
884,177,178
885,25,26
885,125,126
885,162,163
885,177,178
886,22,23
886,25,26
886,162,163
886,177,178
887,22,23
887,25,26
887,48,49
887,177,178
888,19,20
888,30,31
888,222,223
888,247,248
889,4,5
889,8,9
889,40,41
889,61,62
890,246,247
890,276,277
890,449,450
890,460,461
891,246,247
891,276,277
891,449,450
891,631,632
892,276,277
892,444,445
892,543,544
892,639,640
893,276,277
893,444,445
893,631,632
893,639,640
894,226,227
894,276,277
894,444,445
894,631,632
895,226,227
895,246,247
895,276,277
895,631,632
896,294,295
896,413,414
896,559,560
896,662,663
897,294,295
897,413,414
897,573,574
897,662,663
898,348,349
898,413,414
898,573,574
898,662,663
899,267,268
899,478,479
899,507,508
899,671,672
900,267,268
900,478,479
900,576,577
900,671,672
901,267,268
901,507,508
901,671,672
901,744,745
902,267,268
902,576,577
902,671,672
902,744,745
903,267,268
903,311,312
903,507,508
903,561,562
904,226,227
904,267,268
904,478,479
904,507,508
905,226,227
905,267,268
905,507,508
905,561,562
906,267,268
906,461,462
906,527,528
906,576,577
907,267,268
907,303,304
907,311,312
907,494,495
908,267,268
908,303,304
908,494,495
908,561,562
909,267,268
909,311,312
909,494,495
909,561,562
910,84,85
910,217,218
910,400,401
910,444,445
911,84,85
911,217,218
911,444,445
911,639,640
912,560,561
912,600,601
912,602,603
912,663,664
913,392,393
913,461,462
913,490,491
913,569,570
914,303,304
914,392,393
914,461,462
914,569,570
915,252,253
915,331,332
915,392,393
915,569,570
916,303,304
916,331,332
916,392,393
916,569,570
917,84,85
917,312,313
917,543,544
917,639,640
918,312,313
918,410,411
918,414,415
918,417,418
919,276,277
919,403,404
919,543,544
919,639,640
920,312,313
920,403,404
920,414,415
920,543,544
921,312,313
921,403,404
921,543,544
921,639,640
922,312,313
922,403,404
922,414,415
922,639,640
923,1007,1008
923,1154,1155
923,1271,1272
923,1282,1283
924,1584,1585
924,1715,1716
924,1722,1723
924,1806,1807
925,1722,1723
925,1818,1819
925,1829,1830
925,1831,1832
926,1650,1651
926,1722,1723
926,1806,1807
926,1829,1830
927,1584,1585
927,1650,1651
927,1722,1723
927,1806,1807
928,1584,1585
928,1650,1651
928,1670,1671
928,1722,1723
929,1584,1585
929,1664,1665
929,1670,1671
929,1722,1723
930,1664,1665
930,1670,1671
930,1722,1723
930,1831,1832
931,1650,1651
931,1722,1723
931,1829,1830
931,1838,1839
932,1650,1651
932,1670,1671
932,1722,1723
932,1838,1839
933,1722,1723
933,1829,1830
933,1831,1832
933,1838,1839
934,1670,1671
934,1722,1723
934,1831,1832
934,1838,1839
935,1603,1604
935,1659,1660
935,1743,1744
935,1795,1796
936,1601,1602
936,1630,1631
936,1659,1660
936,1796,1797
937,1601,1602
937,1659,1660
937,1796,1797
937,1839,1840
938,1603,1604
938,1659,1660
938,1795,1796
938,1839,1840
939,1659,1660
939,1795,1796
939,1796,1797
939,1839,1840
940,1578,1579
940,1603,1604
940,1710,1711
940,1743,1744
941,1578,1579
941,1603,1604
941,1659,1660
941,1743,1744
942,1578,1579
942,1601,1602
942,1659,1660
942,1839,1840
943,1578,1579
943,1603,1604
943,1659,1660
943,1839,1840
944,1578,1579
944,1741,1742
944,1833,1834
944,1837,1838
945,1578,1579
945,1710,1711
945,1741,1742
945,1837,1838
946,1578,1579
946,1710,1711
946,1741,1742
946,1743,1744
947,1577,1578
947,1589,1590
947,1808,1809
947,1827,1828
948,1589,1590
948,1716,1717
948,1808,1809
948,1827,1828
949,1577,1578
949,1589,1590
949,1692,1693
949,1827,1828
950,1589,1590
950,1692,1693
950,1827,1828
950,1837,1838
951,1589,1590
951,1716,1717
951,1827,1828
951,1837,1838
952,1577,1578
952,1589,1590
952,1692,1693
952,1768,1769
953,1589,1590
953,1692,1693
953,1805,1806
953,1837,1838
954,1649,1650
954,1739,1740
954,1800,1801
954,1808,1809
955,1649,1650
955,1800,1801
955,1808,1809
955,1817,1818
956,1544,1545
956,1649,1650
956,1739,1740
956,1808,1809
957,1636,1637
957,1649,1650
957,1698,1699
957,1713,1714
958,1598,1599
958,1636,1637
958,1649,1650
958,1800,1801
959,1598,1599
959,1636,1637
959,1649,1650
959,1713,1714
960,1598,1599
960,1649,1650
960,1815,1816
960,1817,1818
961,1598,1599
961,1649,1650
961,1800,1801
961,1817,1818
962,1598,1599
962,1649,1650
962,1713,1714
962,1815,1816
963,1544,1545
963,1739,1740
963,1744,1745
963,1808,1809
964,1716,1717
964,1739,1740
964,1744,1745
964,1808,1809
965,1695,1696
965,1810,1811
965,1813,1814
965,1817,1818
966,1810,1811
966,1813,1814
966,1817,1818
966,1827,1828
967,1577,1578
967,1813,1814
967,1817,1818
967,1827,1828
968,1695,1696
968,1813,1814
968,1815,1816
968,1817,1818
969,1577,1578
969,1692,1693
969,1813,1814
969,1827,1828
970,1692,1693
970,1813,1814
970,1827,1828
970,1849,1850
971,1692,1693
971,1768,1769
971,1813,1814
971,1849,1850
972,1709,1710
972,1727,1728
972,1747,1748
972,1752,1753
973,1627,1628
973,1709,1710
973,1727,1728
973,1747,1748
974,1584,1585
974,1629,1630
974,1664,1665
974,1670,1671
975,1595,1596
975,1736,1737
975,1747,1748
975,1787,1788
976,1709,1710
976,1736,1737
976,1747,1748
976,1787,1788
977,1709,1710
977,1736,1737
977,1787,1788
977,1840,1841
978,1736,1737
978,1779,1780
978,1787,1788
978,1840,1841
979,1595,1596
979,1747,1748
979,1752,1753
979,1787,1788
980,1709,1710
980,1747,1748
980,1752,1753
980,1787,1788
981,1664,1665
981,1709,1710
981,1752,1753
981,1787,1788
982,1629,1630
982,1664,1665
982,1752,1753
982,1787,1788
983,1584,1585
983,1629,1630
983,1664,1665
983,1787,1788
984,1588,1589
984,1736,1737
984,1830,1831
984,1840,1841
985,1588,1589
985,1736,1737
985,1779,1780
985,1840,1841
986,1588,1589
986,1736,1737
986,1739,1740
986,1830,1831
987,1588,1589
987,1595,1596
987,1736,1737
987,1739,1740
988,1588,1589
988,1595,1596
988,1736,1737
988,1787,1788
989,1588,1589
989,1736,1737
989,1779,1780
989,1787,1788
990,1588,1589
990,1595,1596
990,1779,1780
990,1787,1788
991,1588,1589
991,1710,1711
991,1766,1767
991,1779,1780
992,1588,1589
992,1716,1717
992,1739,1740
992,1744,1745
993,1588,1589
993,1716,1717
993,1808,1809
993,1830,1831
994,1588,1589
994,1739,1740
994,1808,1809
994,1830,1831
995,1588,1589
995,1716,1717
995,1739,1740
995,1808,1809
996,1161,1162
996,1202,1203
996,1205,1206
996,1358,1359
997,1161,1162
997,1202,1203
997,1307,1308
997,1358,1359
998,947,948
998,1008,1009
998,1144,1145
998,1175,1176
999,947,948
999,967,968
999,1144,1145
999,1175,1176
1000,1145,1146
1000,1269,1270
1000,1338,1339
1000,1345,1346
1001,1145,1146
1001,1269,1270
1001,1338,1339
1001,1360,1361
1002,1431,1432
1002,1457,1458
1002,1539,1540
1002,1764,1765
1003,1431,1432
1003,1457,1458
1003,1522,1523
1003,1764,1765
1004,1191,1192
1004,1279,1280
1004,1304,1305
1004,1334,1335
1005,1476,1477
1005,1646,1647
1005,1758,1759
1005,1762,1763
1006,1631,1632
1006,1646,1647
1006,1758,1759
1006,1762,1763
1007,1587,1588
1007,1631,1632
1007,1758,1759
1007,1762,1763
1008,1537,1538
1008,1587,1588
1008,1758,1759
1008,1762,1763
1009,1476,1477
1009,1489,1490
1009,1758,1759
1009,1762,1763
1010,1476,1477
1010,1489,1490
1010,1537,1538
1010,1762,1763
1011,1489,1490
1011,1537,1538
1011,1758,1759
1011,1762,1763
1012,1476,1477
1012,1489,1490
1012,1666,1667
1012,1760,1761
1013,1476,1477
1013,1489,1490
1013,1646,1647
1013,1760,1761
1014,1184,1185
1014,1211,1212
1014,1250,1251
1014,1324,1325
1015,1070,1071
1015,1273,1274
1015,1328,1329
1015,1329,1330
1016,1070,1071
1016,1130,1131
1016,1273,1274
1016,1329,1330
1017,1211,1212
1017,1273,1274
1017,1328,1329
1017,1329,1330
1018,949,950
1018,1070,1071
1018,1328,1329
1018,1329,1330
1019,949,950
1019,1184,1185
1019,1328,1329
1019,1329,1330
1020,1184,1185
1020,1211,1212
1020,1328,1329
1020,1329,1330
1021,1184,1185
1021,1211,1212
1021,1324,1325
1021,1329,1330
1022,1130,1131
1022,1211,1212
1022,1329,1330
1022,1384,1385
1023,1211,1212
1023,1324,1325
1023,1329,1330
1023,1384,1385
1024,1416,1417
1024,1477,1478
1024,1489,1490
1024,1666,1667
1025,1477,1478
1025,1489,1490
1025,1666,1667
1025,1760,1761
1026,1477,1478
1026,1666,1667
1026,1759,1760
1026,1760,1761
1027,1477,1478
1027,1568,1569
1027,1666,1667
1027,1759,1760
1028,1477,1478
1028,1551,1552
1028,1568,1569
1028,1666,1667
1029,1477,1478
1029,1509,1510
1029,1551,1552
1029,1568,1569
1030,1477,1478
1030,1509,1510
1030,1551,1552
1030,1666,1667
1031,1513,1514
1031,1556,1557
1031,1563,1564
1031,1569,1570
1032,1405,1406
1032,1471,1472
1032,1556,1557
1032,1569,1570
1033,1405,1406
1033,1556,1557
1033,1563,1564
1033,1569,1570
1034,1289,1290
1034,1508,1509
1034,1556,1557
1034,1737,1738
1035,1471,1472
1035,1556,1557
1035,1737,1738
1035,1775,1776
1036,1602,1603
1036,1661,1662
1036,1676,1677
1036,1706,1707
1037,1602,1603
1037,1661,1662
1037,1706,1707
1037,1765,1766
1038,1602,1603
1038,1676,1677
1038,1706,1707
1038,1828,1829
1039,1602,1603
1039,1676,1677
1039,1798,1799
1039,1828,1829
1040,1392,1393
1040,1405,1406
1040,1512,1513
1040,1563,1564
1041,1392,1393
1041,1405,1406
1041,1512,1513
1041,1732,1733
1042,1405,1406
1042,1512,1513
1042,1556,1557
1042,1563,1564
1043,1405,1406
1043,1471,1472
1043,1512,1513
1043,1556,1557
1044,1471,1472
1044,1512,1513
1044,1556,1557
1044,1775,1776
1045,1485,1486
1045,1647,1648
1045,1656,1657
1045,1699,1700
1046,1146,1147
1046,1188,1189
1046,1191,1192
1046,1553,1554
1047,1188,1189
1047,1191,1192
1047,1297,1298
1047,1553,1554
1048,1189,1190
1048,1342,1343
1048,1385,1386
1048,1553,1554
1049,1159,1160
1049,1189,1190
1049,1297,1298
1049,1553,1554
1050,1159,1160
1050,1189,1190
1050,1385,1386
1050,1553,1554
1051,1159,1160
1051,1188,1189
1051,1297,1298
1051,1553,1554
1052,906,907
1052,917,918
1052,1044,1045
1052,1335,1336
1053,917,918
1053,1034,1035
1053,1200,1201
1053,1296,1297
1054,1155,1156
1054,1200,1201
1054,1283,1284
1054,1296,1297
1055,1034,1035
1055,1155,1156
1055,1200,1201
1055,1296,1297
1056,1119,1120
1056,1166,1167
1056,1230,1231
1056,1360,1361
1057,1043,1044
1057,1143,1144
1057,1312,1313
1057,1317,1318
1058,966,967
1058,1043,1044
1058,1176,1177
1058,1262,1263
1059,966,967
1059,1043,1044
1059,1262,1263
1059,1312,1313
1060,1166,1167
1060,1202,1203
1060,1278,1279
1060,1453,1454
1061,1166,1167
1061,1202,1203
1061,1230,1231
1061,1278,1279
1062,1202,1203
1062,1205,1206
1062,1278,1279
1062,1453,1454
1063,1161,1162
1063,1202,1203
1063,1205,1206
1063,1278,1279
1064,1307,1308
1064,1325,1326
1064,1338,1339
1064,1348,1349
1065,1325,1326
1065,1338,1339
1065,1348,1349
1065,1360,1361
1066,1269,1270
1066,1325,1326
1066,1338,1339
1066,1360,1361
1067,1166,1167
1067,1230,1231
1067,1325,1326
1067,1360,1361
1068,1166,1167
1068,1202,1203
1068,1230,1231
1068,1325,1326
1069,1119,1120
1069,1166,1167
1069,1325,1326
1069,1360,1361
1070,1143,1144
1070,1161,1162
1070,1236,1237
1070,1312,1313
1071,1143,1144
1071,1236,1237
1071,1312,1313
1071,1317,1318
1072,1236,1237
1072,1262,1263
1072,1312,1313
1072,1348,1349
1073,1161,1162
1073,1236,1237
1073,1262,1263
1073,1312,1313
1074,1143,1144
1074,1161,1162
1074,1236,1237
1074,1278,1279
1075,1236,1237
1075,1262,1263
1075,1307,1308
1075,1348,1349
1076,1161,1162
1076,1236,1237
1076,1262,1263
1076,1307,1308
1077,1161,1162
1077,1202,1203
1077,1236,1237
1077,1307,1308
1078,1236,1237
1078,1325,1326
1078,1348,1349
1078,1360,1361
1079,1202,1203
1079,1230,1231
1079,1236,1237
1079,1278,1279
1080,1161,1162
1080,1202,1203
1080,1236,1237
1080,1278,1279
1081,1230,1231
1081,1236,1237
1081,1325,1326
1081,1360,1361
1082,1202,1203
1082,1230,1231
1082,1236,1237
1082,1325,1326
1083,1236,1237
1083,1307,1308
1083,1325,1326
1083,1348,1349
1084,1202,1203
1084,1236,1237
1084,1307,1308
1084,1325,1326
1085,1145,1146
1085,1269,1270
1085,1360,1361
1085,1438,1439
1086,1145,1146
1086,1269,1270
1086,1345,1346
1086,1438,1439
1087,1269,1270
1087,1345,1346
1087,1438,1439
1087,1506,1507
1088,246,247
1088,478,479
1088,643,644
1088,671,672
1089,246,247
1089,476,477
1089,643,644
1089,671,672
1090,246,247
1090,478,479
1090,631,632
1090,643,644
1091,478,479
1091,585,586
1091,631,632
1091,643,644
1092,585,586
1092,602,603
1092,631,632
1092,643,644
1093,449,450
1093,602,603
1093,631,632
1093,643,644
1094,246,247
1094,449,450
1094,631,632
1094,643,644
1095,246,247
1095,449,450
1095,476,477
1095,643,644
1096,482,483
1096,553,554
1096,822,823
1096,875,876
1097,482,483
1097,553,554
1097,748,749
1097,822,823
1098,497,498
1098,529,530
1098,576,577
1098,610,611
1099,497,498
1099,529,530
1099,576,577
1099,585,586
1100,497,498
1100,576,577
1100,610,611
1100,744,745
1101,475,476
1101,497,498
1101,610,611
1101,744,745
1102,497,498
1102,576,577
1102,671,672
1102,744,745
1103,475,476
1103,497,498
1103,671,672
1103,744,745
1104,478,479
1104,497,498
1104,576,577
1104,585,586
1105,478,479
1105,497,498
1105,585,586
1105,643,644
1106,478,479
1106,497,498
1106,576,577
1106,671,672
1107,478,479
1107,497,498
1107,643,644
1107,671,672
1108,476,477
1108,497,498
1108,643,644
1108,671,672
1109,477,478
1109,497,498
1109,529,530
1109,585,586
1110,477,478
1110,497,498
1110,585,586
1110,643,644
1111,477,478
1111,585,586
1111,600,601
1111,602,603
1112,477,478
1112,585,586
1112,602,603
1112,643,644
1113,441,442
1113,529,530
1113,609,610
1113,775,776
1114,477,478
1114,529,530
1114,585,586
1114,609,610
1115,477,478
1115,529,530
1115,609,610
1115,775,776
1116,477,478
1116,585,586
1116,600,601
1116,609,610
1117,477,478
1117,600,601
1117,609,610
1117,775,776
1118,560,561
1118,585,586
1118,600,601
1118,609,610
1119,441,442
1119,520,521
1119,529,530
1119,609,610
1120,560,561
1120,600,601
1120,609,610
1120,663,664
1121,405,406
1121,520,521
1121,551,552
1121,609,610
1122,950,951
1122,954,955
1122,970,971
1122,1001,1002
1123,1145,1146
1123,1360,1361
1123,1429,1430
1123,1438,1439
1124,1207,1208
1124,1232,1233
1124,1285,1286
1124,1333,1334
1125,1454,1455
1125,1505,1506
1125,1536,1537
1125,1655,1656
1126,1422,1423
1126,1501,1502
1126,1536,1537
1126,1781,1782
1127,986,987
1127,1047,1048
1127,1052,1053
1127,1323,1324
1128,1062,1063
1128,1280,1281
1128,1285,1286
1128,1446,1447
1129,448,449
1129,465,466
1129,632,633
1129,725,726
1130,465,466
1130,632,633
1130,672,673
1130,725,726
1131,465,466
1131,568,569
1131,672,673
1131,725,726
1132,233,234
1132,337,338
1132,338,339
1132,418,419
1133,337,338
1133,395,396
1133,577,578
1133,641,642
1134,200,201
1134,337,338
1134,393,394
1134,577,578
1135,337,338
1135,393,394
1135,577,578
1135,641,642
1136,983,984
1136,1132,1133
1136,1291,1292
1136,1313,1314
1137,954,955
1137,970,971
1137,1001,1002
1137,1132,1133
1138,1362,1363
1138,1408,1409
1138,1432,1433
1138,1494,1495
1139,1123,1124
1139,1362,1363
1139,1408,1409
1139,1494,1495
1140,1123,1124
1140,1337,1338
1140,1408,1409
1140,1494,1495
1141,1496,1497
1141,1546,1547
1141,1714,1715
1141,1734,1735
1142,1422,1423
1142,1498,1499
1142,1501,1502
1142,1546,1547
1143,1422,1423
1143,1498,1499
1143,1546,1547
1143,1734,1735
1144,1376,1377
1144,1565,1566
1144,1703,1704
1144,1784,1785
1145,1390,1391
1145,1467,1468
1145,1483,1484
1145,1549,1550
1146,1390,1391
1146,1467,1468
1146,1483,1484
1146,1700,1701
1147,1388,1389
1147,1467,1468
1147,1549,1550
1147,1599,1600
1148,1467,1468
1148,1483,1484
1148,1549,1550
1148,1599,1600
1149,1362,1363
1149,1388,1389
1149,1467,1468
1149,1726,1727
1150,1362,1363
1150,1467,1468
1150,1483,1484
1150,1726,1727
1151,1388,1389
1151,1467,1468
1151,1599,1600
1151,1726,1727
1152,1467,1468
1152,1483,1484
1152,1599,1600
1152,1726,1727
1153,1501,1502
1153,1504,1505
1153,1596,1597
1153,1767,1768
1154,1573,1574
1154,1743,1744
1154,1766,1767
1154,1776,1777
1155,1573,1574
1155,1687,1688
1155,1743,1744
1155,1766,1767
1156,1573,1574
1156,1687,1688
1156,1766,1767
1156,1772,1773
1157,1573,1574
1157,1603,1604
1157,1687,1688
1157,1743,1744
1158,1573,1574
1158,1603,1604
1158,1743,1744
1158,1795,1796
1159,1573,1574
1159,1671,1672
1159,1699,1700
1159,1795,1796
1160,1573,1574
1160,1603,1604
1160,1671,1672
1160,1687,1688
1161,1573,1574
1161,1603,1604
1161,1671,1672
1161,1795,1796
1162,1621,1622
1162,1659,1660
1162,1795,1796
1162,1796,1797
1163,1621,1622
1163,1659,1660
1163,1743,1744
1163,1795,1796
1164,1621,1622
1164,1630,1631
1164,1659,1660
1164,1796,1797
1165,1596,1597
1165,1621,1622
1165,1714,1715
1165,1796,1797
1166,1596,1597
1166,1621,1622
1166,1630,1631
1166,1714,1715
1167,1621,1622
1167,1630,1631
1167,1714,1715
1167,1796,1797
1168,1414,1415
1168,1621,1622
1168,1642,1643
1168,1743,1744
1169,1621,1622
1169,1642,1643
1169,1659,1660
1169,1743,1744
1170,1637,1638
1170,1805,1806
1170,1833,1834
1170,1837,1838
1171,1637,1638
1171,1741,1742
1171,1833,1834
1171,1837,1838
1172,1637,1638
1172,1640,1641
1172,1805,1806
1172,1833,1834
1173,1637,1638
1173,1640,1641
1173,1688,1689
1173,1805,1806
1174,1578,1579
1174,1637,1638
1174,1741,1742
1174,1833,1834
1175,1637,1638
1175,1640,1641
1175,1688,1689
1175,1783,1784
1176,1637,1638
1176,1716,1717
1176,1741,1742
1176,1837,1838
1177,1589,1590
1177,1637,1638
1177,1716,1717
1177,1837,1838
1178,1454,1455
1178,1468,1469
1178,1505,1506
1178,1536,1537
1179,1454,1455
1179,1468,1469
1179,1536,1537
1179,1794,1795
1180,1422,1423
1180,1468,1469
1180,1501,1502
1180,1536,1537
1181,1422,1423
1181,1644,1645
1181,1734,1735
1181,1771,1772
1182,1605,1606
1182,1630,1631
1182,1644,1645
1182,1771,1772
1183,1605,1606
1183,1630,1631
1183,1633,1634
1183,1644,1645
1184,1468,1469
1184,1633,1634
1184,1644,1645
1184,1794,1795
1185,1468,1469
1185,1536,1537
1185,1644,1645
1185,1794,1795
1186,1596,1597
1186,1630,1631
1186,1653,1654
1186,1714,1715
1187,1653,1654
1187,1714,1715
1187,1734,1735
1187,1771,1772
1188,1630,1631
1188,1653,1654
1188,1714,1715
1188,1771,1772
1189,1504,1505
1189,1596,1597
1189,1653,1654
1189,1714,1715
1190,1501,1502
1190,1504,1505
1190,1596,1597
1190,1653,1654
1191,1546,1547
1191,1653,1654
1191,1714,1715
1191,1734,1735
1192,1644,1645
1192,1653,1654
1192,1734,1735
1192,1771,1772
1193,1630,1631
1193,1644,1645
1193,1653,1654
1193,1771,1772
1194,1504,1505
1194,1546,1547
1194,1653,1654
1194,1714,1715
1195,1501,1502
1195,1504,1505
1195,1546,1547
1195,1653,1654
1196,1422,1423
1196,1501,1502
1196,1546,1547
1196,1653,1654
1197,1422,1423
1197,1546,1547
1197,1653,1654
1197,1734,1735
1198,1422,1423
1198,1644,1645
1198,1653,1654
1198,1734,1735
1199,1468,1469
1199,1501,1502
1199,1596,1597
1199,1653,1654
1200,1468,1469
1200,1596,1597
1200,1633,1634
1200,1653,1654
1201,1596,1597
1201,1621,1622
1201,1633,1634
1201,1653,1654
1202,1596,1597
1202,1621,1622
1202,1630,1631
1202,1653,1654
1203,1621,1622
1203,1630,1631
1203,1633,1634
1203,1653,1654
1204,1630,1631
1204,1633,1634
1204,1644,1645
1204,1653,1654
1205,1468,1469
1205,1633,1634
1205,1644,1645
1205,1653,1654
1206,1422,1423
1206,1468,1469
1206,1501,1502
1206,1653,1654
1207,1422,1423
1207,1468,1469
1207,1536,1537
1207,1653,1654
1208,1422,1423
1208,1536,1537
1208,1644,1645
1208,1653,1654
1209,1468,1469
1209,1536,1537
1209,1644,1645
1209,1653,1654
1210,1366,1367
1210,1449,1450
1210,1581,1582
1210,1767,1768
1211,1449,1450
1211,1501,1502
1211,1504,1505
1211,1767,1768
1212,1449,1450
1212,1501,1502
1212,1504,1505
1212,1546,1547
1213,1122,1123
1213,1383,1384
1213,1432,1433
1213,1555,1556
1214,1158,1159
1214,1195,1196
1214,1366,1367
1214,1397,1398
1215,1142,1143
1215,1158,1159
1215,1195,1196
1215,1397,1398
1216,1131,1132
1216,1142,1143
1216,1158,1159
1216,1195,1196
1217,1131,1132
1217,1142,1143
1217,1158,1159
1217,1426,1427
1218,1390,1391
1218,1485,1486
1218,1690,1691
1218,1757,1758
1219,1390,1391
1219,1549,1550
1219,1690,1691
1219,1757,1758
1220,1390,1391
1220,1467,1468
1220,1549,1550
1220,1757,1758
1221,1390,1391
1221,1467,1468
1221,1581,1582
1221,1757,1758
1222,1449,1450
1222,1581,1582
1222,1757,1758
1222,1767,1768
1223,1504,1505
1223,1729,1730
1223,1757,1758
1223,1767,1768
1224,1430,1431
1224,1596,1597
1224,1729,1730
1224,1767,1768
1225,1504,1505
1225,1596,1597
1225,1729,1730
1225,1767,1768
1226,1621,1622
1226,1729,1730
1226,1795,1796
1226,1796,1797
1227,1571,1572
1227,1729,1730
1227,1795,1796
1227,1796,1797
1228,1414,1415
1228,1430,1431
1228,1596,1597
1228,1729,1730
1229,1414,1415
1229,1596,1597
1229,1621,1622
1229,1729,1730
1230,1596,1597
1230,1621,1622
1230,1729,1730
1230,1796,1797
1231,1596,1597
1231,1714,1715
1231,1729,1730
1231,1796,1797
1232,1504,1505
1232,1596,1597
1232,1714,1715
1232,1729,1730
1233,1123,1124
1233,1146,1147
1233,1359,1360
1233,1479,1480
1234,1123,1124
1234,1337,1338
1234,1359,1360
1234,1479,1480
1235,1123,1124
1235,1337,1338
1235,1359,1360
1235,1408,1409
1236,1142,1143
1236,1158,1159
1236,1359,1360
1236,1397,1398
1237,1374,1375
1237,1392,1393
1237,1465,1466
1237,1537,1538
1238,1374,1375
1238,1416,1417
1238,1465,1466
1238,1537,1538
1239,1342,1343
1239,1374,1375
1239,1392,1393
1239,1465,1466
1240,1374,1375
1240,1392,1393
1240,1537,1538
1240,1566,1567
1241,1374,1375
1241,1416,1417
1241,1537,1538
1241,1566,1567
1242,1374,1375
1242,1392,1393
1242,1566,1567
1242,1732,1733
1243,1160,1161
1243,1373,1374
1243,1420,1421
1243,1725,1726
1244,1373,1374
1244,1420,1421
1244,1438,1439
1244,1492,1493
1245,1160,1161
1245,1373,1374
1245,1420,1421
1245,1429,1430
1246,1373,1374
1246,1420,1421
1246,1429,1430
1246,1438,1439
1247,1160,1161
1247,1420,1421
1247,1429,1430
1247,1438,1439
1248,1223,1224
1248,1368,1369
1248,1456,1457
1248,1490,1491
1249,1223,1224
1249,1368,1369
1249,1456,1457
1249,1483,1484
1250,1223,1224
1250,1327,1328
1250,1456,1457
1250,1490,1491
1251,1223,1224
1251,1362,1363
1251,1456,1457
1251,1483,1484
1252,1123,1124
1252,1178,1179
1252,1223,1224
1252,1327,1328
1253,1178,1179
1253,1223,1224
1253,1327,1328
1253,1456,1457
1254,1123,1124
1254,1178,1179
1254,1223,1224
1254,1362,1363
1255,1178,1179
1255,1223,1224
1255,1362,1363
1255,1456,1457
1256,1123,1124
1256,1146,1147
1256,1223,1224
1256,1451,1452
1257,1123,1124
1257,1223,1224
1257,1327,1328
1257,1451,1452
1258,1204,1205
1258,1275,1276
1258,1327,1328
1258,1451,1452
1259,1116,1117
1259,1191,1192
1259,1275,1276
1259,1334,1335
1260,770,771
1260,809,810
1260,1020,1021
1260,1048,1049
1261,677,678
1261,770,771
1261,1020,1021
1261,1048,1049
1262,747,748
1262,1020,1021
1262,1023,1024
1262,1099,1100
1263,747,748
1263,809,810
1263,1020,1021
1263,1099,1100
1264,747,748
1264,809,810
1264,825,826
1264,1099,1100
1265,747,748
1265,1023,1024
1265,1039,1040
1265,1099,1100
1266,747,748
1266,825,826
1266,1039,1040
1266,1099,1100
1267,747,748
1267,809,810
1267,1020,1021
1267,1048,1049
1268,747,748
1268,776,777
1268,1023,1024
1268,1103,1104
1269,979,980
1269,1016,1017
1269,1022,1023
1269,1069,1070
1270,911,912
1270,979,980
1270,1016,1017
1270,1069,1070
1271,911,912
1271,935,936
1271,979,980
1271,1069,1070
1272,911,912
1272,979,980
1272,1016,1017
1272,1176,1177
1273,934,935
1273,935,936
1273,962,963
1273,979,980
1274,935,936
1274,962,963
1274,979,980
1274,1144,1145
1275,819,820
1275,979,980
1275,1016,1017
1275,1022,1023
1276,819,820
1276,825,826
1276,979,980
1276,1022,1023
1277,809,810
1277,934,935
1277,962,963
1277,979,980
1278,809,810
1278,825,826
1278,962,963
1278,979,980
1279,809,810
1279,934,935
1279,979,980
1279,1022,1023
1280,809,810
1280,825,826
1280,979,980
1280,1022,1023
1281,731,732
1281,876,877
1281,1110,1111
1281,1206,1207
1282,731,732
1282,911,912
1282,1016,1017
1282,1069,1070
1283,731,732
1283,1016,1017
1283,1053,1054
1283,1069,1070
1284,731,732
1284,982,983
1284,1110,1111
1284,1206,1207
1285,691,692
1285,819,820
1285,1028,1029
1285,1074,1075
1286,691,692
1286,831,832
1286,1028,1029
1286,1074,1075
1287,963,964
1287,1012,1013
1287,1078,1079
1287,1314,1315
1288,963,964
1288,1012,1013
1288,1074,1075
1288,1078,1079
1289,1012,1013
1289,1074,1075
1289,1078,1079
1289,1104,1105
1290,1012,1013
1290,1038,1039
1290,1078,1079
1290,1104,1105
1291,1001,1002
1291,1132,1133
1291,1261,1262
1291,1313,1314
1292,754,755
1292,849,850
1292,853,854
1292,886,887
1293,839,840
1293,849,850
1293,853,854
1293,886,887
1294,741,742
1294,831,832
1294,963,964
1294,1074,1075
1295,691,692
1295,741,742
1295,831,832
1295,1074,1075
1296,741,742
1296,754,755
1296,801,802
1296,849,850
1297,466,467
1297,816,817
1297,827,828
1297,999,1000
1298,811,812
1298,818,819
1298,993,994
1298,999,1000
1299,619,620
1299,633,634
1299,745,746
1299,765,766
1300,540,541
1300,619,620
1300,633,634
1300,765,766
1301,633,634
1301,745,746
1301,775,776
1301,837,838
1302,441,442
1302,633,634
1302,775,776
1302,837,838
1303,441,442
1303,540,541
1303,633,634
1303,765,766
1304,633,634
1304,745,746
1304,765,766
1304,837,838
1305,441,442
1305,633,634
1305,765,766
1305,837,838
1306,1183,1184
1306,1197,1198
1306,1222,1223
1306,1287,1288
1307,1183,1184
1307,1197,1198
1307,1287,1288
1307,1349,1350
1308,923,924
1308,1129,1130
1308,1197,1198
1308,1349,1350
1309,1129,1130
1309,1183,1184
1309,1197,1198
1309,1349,1350
1310,716,717
1310,1083,1084
1310,1107,1108
1310,1314,1315
1311,1019,1020
1311,1083,1084
1311,1107,1108
1311,1314,1315
1312,716,717
1312,872,873
1312,1083,1084
1312,1107,1108
1313,1147,1148
1313,1306,1307
1313,1353,1354
1313,1494,1495
1314,1147,1148
1314,1252,1253
1314,1306,1307
1314,1353,1354
1315,1147,1148
1315,1173,1174
1315,1353,1354
1315,1494,1495
1316,1007,1008
1316,1147,1148
1316,1271,1272
1316,1306,1307
1317,1007,1008
1317,1117,1118
1317,1147,1148
1317,1306,1307
1318,1117,1118
1318,1147,1148
1318,1252,1253
1318,1306,1307
1319,1130,1131
1319,1215,1216
1319,1273,1274
1319,1480,1481
1320,1215,1216
1320,1273,1274
1320,1297,1298
1320,1480,1481
1321,1189,1190
1321,1297,1298
1321,1480,1481
1321,1553,1554
1322,1215,1216
1322,1279,1280
1322,1304,1305
1322,1480,1481
1323,1191,1192
1323,1279,1280
1323,1304,1305
1323,1480,1481
1324,978,979
1324,1070,1071
1324,1208,1209
1324,1328,1329
1325,978,979
1325,1057,1058
1325,1070,1071
1325,1215,1216
1326,978,979
1326,1070,1071
1326,1215,1216
1326,1273,1274
1327,978,979
1327,1070,1071
1327,1273,1274
1327,1328,1329
1328,978,979
1328,1273,1274
1328,1286,1287
1328,1328,1329
1329,978,979
1329,1273,1274
1329,1286,1287
1329,1297,1298
1330,906,907
1330,917,918
1330,951,952
1330,1044,1045
1331,917,918
1331,951,952
1331,1200,1201
1331,1296,1297
1332,741,742
1332,824,825
1332,831,832
1332,963,964
1333,393,394
1333,495,496
1333,577,578
1333,641,642
1334,393,394
1334,495,496
1334,641,642
1334,697,698
1335,230,231
1335,262,263
1335,597,598
1335,638,639
1336,230,231
1336,262,263
1336,275,276
1336,436,437
1337,230,231
1337,262,263
1337,275,276
1337,597,598
1338,847,848
1338,934,935
1338,1002,1003
1338,1022,1023
1339,675,676
1339,847,848
1339,1002,1003
1339,1022,1023
1340,675,676
1340,828,829
1340,1002,1003
1340,1069,1070
1341,934,935
1341,935,936
1341,979,980
1341,1002,1003
1342,935,936
1342,979,980
1342,1002,1003
1342,1069,1070
1343,675,676
1343,1002,1003
1343,1022,1023
1343,1069,1070
1344,934,935
1344,979,980
1344,1002,1003
1344,1022,1023
1345,979,980
1345,1002,1003
1345,1022,1023
1345,1069,1070
1346,652,653
1346,685,686
1346,692,693
1346,793,794
1347,614,615
1347,652,653
1347,692,693
1347,788,789
1348,480,481
1348,608,609
1348,685,686
1348,714,715
1349,480,481
1349,563,564
1349,613,614
1349,714,715
1350,480,481
1350,608,609
1350,685,686
1350,726,727
1351,17,18
1351,68,69
1351,104,105
1351,116,117
1352,68,69
1352,96,97
1352,137,138
1352,167,168
1353,17,18
1353,77,78
1353,104,105
1353,322,323
1354,77,78
1354,104,105
1354,322,323
1354,373,374
1355,17,18
1355,77,78
1355,152,153
1355,322,323
1356,68,69
1356,77,78
1356,104,105
1356,137,138
1357,17,18
1357,68,69
1357,77,78
1357,104,105
1358,17,18
1358,77,78
1358,152,153
1358,168,169
1359,58,59
1359,77,78
1359,97,98
1359,137,138
1360,68,69
1360,77,78
1360,96,97
1360,137,138
1361,17,18
1361,68,69
1361,77,78
1361,96,97
1362,17,18
1362,77,78
1362,96,97
1362,168,169
1363,58,59
1363,77,78
1363,96,97
1363,168,169
1364,58,59
1364,77,78
1364,96,97
1364,137,138
1365,68,69
1365,104,105
1365,137,138
1365,340,341
1366,77,78
1366,104,105
1366,137,138
1366,340,341
1367,77,78
1367,97,98
1367,137,138
1367,340,341
1368,77,78
1368,104,105
1368,340,341
1368,373,374
1369,42,43
1369,97,98
1369,137,138
1369,340,341
1370,97,98
1370,325,326
1370,340,341
1370,373,374
1371,77,78
1371,97,98
1371,340,341
1371,373,374
1372,212,213
1372,325,326
1372,340,341
1372,373,374
1373,104,105
1373,212,213
1373,340,341
1373,373,374
1374,1345,1346
1374,1438,1439
1374,1506,1507
1374,1519,1520
1375,1438,1439
1375,1492,1493
1375,1506,1507
1375,1519,1520
1376,1370,1371
1376,1448,1449
1376,1462,1463
1376,1519,1520
1377,73,74
1377,77,78
1377,152,153
1377,168,169
1378,58,59
1378,73,74
1378,77,78
1378,168,169
1379,58,59
1379,73,74
1379,77,78
1379,97,98
1380,25,26
1380,75,76
1380,125,126
1380,162,163
1381,36,37
1381,75,76
1381,90,91
1381,125,126
1382,75,76
1382,90,91
1382,125,126
1382,162,163
1383,3,4
1383,36,37
1383,148,149
1383,272,273
1384,3,4
1384,36,37
1384,125,126
1384,148,149
1385,36,37
1385,75,76
1385,148,149
1385,272,273
1386,36,37
1386,75,76
1386,125,126
1386,148,149
1387,25,26
1387,75,76
1387,125,126
1387,148,149
1388,532,533
1388,552,553
1388,570,571
1388,845,846
1389,498,499
1389,620,621
1389,637,638
1389,793,794
1390,498,499
1390,637,638
1390,692,693
1390,793,794
1391,498,499
1391,536,537
1391,637,638
1391,692,693
1392,464,465
1392,512,513
1392,575,576
1392,788,789
1393,290,291
1393,498,499
1393,575,576
1393,649,650
1394,498,499
1394,536,537
1394,575,576
1394,649,650
1395,209,210
1395,536,537
1395,575,576
1395,649,650
1396,209,210
1396,510,511
1396,523,524
1396,594,595
1397,209,210
1397,510,511
1397,536,537
1397,594,595
1398,510,511
1398,523,524
1398,594,595
1398,679,680
1399,510,511
1399,536,537
1399,594,595
1399,679,680
1400,209,210
1400,438,439
1400,523,524
1400,594,595
1401,209,210
1401,536,537
1401,575,576
1401,594,595
1402,209,210
1402,438,439
1402,594,595
1402,649,650
1403,209,210
1403,575,576
1403,594,595
1403,649,650
1404,512,513
1404,594,595
1404,679,680
1404,788,789
1405,536,537
1405,594,595
1405,679,680
1405,788,789
1406,512,513
1406,575,576
1406,594,595
1406,788,789
1407,536,537
1407,575,576
1407,594,595
1407,788,789
1408,179,180
1408,287,288
1408,428,429
1408,496,497
1409,234,235
1409,324,325
1409,379,380
1409,496,497
1410,140,141
1410,343,344
1410,435,436
1410,597,598
1411,255,256
1411,343,344
1411,351,352
1411,406,407
1412,140,141
1412,343,344
1412,597,598
1412,638,639
1413,43,44
1413,140,141
1413,343,344
1413,351,352
1414,43,44
1414,255,256
1414,343,344
1414,351,352
1415,262,263
1415,343,344
1415,597,598
1415,638,639
1416,262,263
1416,275,276
1416,343,344
1416,597,598
1417,43,44
1417,140,141
1417,343,344
1417,638,639
1418,255,256
1418,262,263
1418,275,276
1418,343,344
1419,43,44
1419,262,263
1419,343,344
1419,638,639
1420,43,44
1420,255,256
1420,262,263
1420,343,344
1421,261,262
1421,290,291
1421,427,428
1421,598,599
1422,427,428
1422,435,436
1422,597,598
1422,598,599
1423,555,556
1423,572,573
1423,658,659
1423,759,760
1424,572,573
1424,613,614
1424,658,659
1424,860,861
1425,465,466
1425,568,569
1425,672,673
1425,737,738
1426,464,465
1426,503,504
1426,555,556
1426,759,760
1427,464,465
1427,503,504
1427,759,760
1427,853,854
1428,464,465
1428,503,504
1428,555,556
1428,845,846
1429,503,504
1429,555,556
1429,759,760
1429,792,793
1430,503,504
1430,759,760
1430,792,793
1430,853,854
1431,503,504
1431,792,793
1431,839,840
1431,853,854
1432,503,504
1432,673,674
1432,839,840
1432,855,856
1433,464,465
1433,499,500
1433,512,513
1433,596,597
1434,464,465
1434,499,500
1434,596,597
1434,853,854
1435,464,465
1435,503,504
1435,596,597
1435,853,854
1436,503,504
1436,596,597
1436,839,840
1436,853,854
1437,503,504
1437,596,597
1437,839,840
1437,855,856
1438,503,504
1438,596,597
1438,673,674
1438,855,856
1439,596,597
1439,754,755
1439,849,850
1439,853,854
1440,596,597
1440,839,840
1440,849,850
1440,853,854
1441,596,597
1441,839,840
1441,849,850
1441,855,856
1442,449,450
1442,471,472
1442,476,477
1442,643,644
1443,458,459
1443,471,472
1443,488,489
1443,528,529
1444,458,459
1444,471,472
1444,476,477
1444,528,529
1445,471,472
1445,477,478
1445,497,498
1445,624,625
1446,471,472
1446,477,478
1446,497,498
1446,643,644
1447,471,472
1447,476,477
1447,497,498
1447,643,644
1448,1091,1092
1448,1161,1162
1448,1205,1206
1448,1321,1322
1449,937,938
1449,1010,1011
1449,1091,1092
1449,1321,1322
1450,1010,1011
1450,1091,1092
1450,1161,1162
1450,1321,1322
1451,1161,1162
1451,1205,1206
1451,1278,1279
1451,1321,1322
1452,1205,1206
1452,1278,1279
1452,1321,1322
1452,1453,1454
1453,1205,1206
1453,1238,1239
1453,1321,1322
1453,1453,1454
1454,1221,1222
1454,1278,1279
1454,1321,1322
1454,1453,1454
1455,1221,1222
1455,1238,1239
1455,1321,1322
1455,1453,1454
1456,833,834
1456,953,954
1456,994,995
1456,1110,1111
1457,953,954
1457,982,983
1457,994,995
1457,1110,1111
1458,674,675
1458,718,719
1458,761,762
1458,1055,1056
1459,614,615
1459,674,675
1459,750,751
1459,754,755
1460,614,615
1460,674,675
1460,718,719
1460,750,751
1461,456,457
1461,530,531
1461,735,736
1461,793,794
1462,562,563
1462,735,736
1462,781,782
1462,793,794
1463,455,456
1463,735,736
1463,781,782
1463,793,794
1464,455,456
1464,516,517
1464,530,531
1464,735,736
1465,516,517
1465,530,531
1465,721,722
1465,735,736
1466,456,457
1466,530,531
1466,721,722
1466,735,736
1467,562,563
1467,726,727
1467,735,736
1467,793,794
1468,456,457
1468,726,727
1468,735,736
1468,793,794
1469,1138,1139
1469,1205,1206
1469,1238,1239
1469,1321,1322
1470,1091,1092
1470,1138,1139
1470,1205,1206
1470,1321,1322
1471,937,938
1471,1091,1092
1471,1134,1135
1471,1138,1139
1472,937,938
1472,1091,1092
1472,1138,1139
1472,1321,1322
1473,937,938
1473,1106,1107
1473,1138,1139
1473,1321,1322
1474,456,457
1474,530,531
1474,685,686
1474,703,704
1475,456,457
1475,530,531
1475,703,704
1475,761,762
1476,652,653
1476,685,686
1476,692,693
1476,703,704
1477,530,531
1477,692,693
1477,703,704
1477,793,794
1478,685,686
1478,692,693
1478,703,704
1478,793,794
1479,530,531
1479,685,686
1479,703,704
1479,793,794
1480,530,531
1480,614,615
1480,692,693
1480,703,704
1481,614,615
1481,652,653
1481,692,693
1481,703,704
1482,530,531
1482,703,704
1482,718,719
1482,761,762
1483,674,675
1483,703,704
1483,718,719
1483,761,762
1484,530,531
1484,614,615
1484,703,704
1484,718,719
1485,614,615
1485,674,675
1485,703,704
1485,718,719
1486,761,762
1486,771,772
1486,833,834
1486,878,879
1487,761,762
1487,802,803
1487,833,834
1487,878,879
1488,456,457
1488,703,704
1488,761,762
1488,878,879
1489,721,722
1489,761,762
1489,771,772
1489,878,879
1490,456,457
1490,721,722
1490,761,762
1490,878,879
1491,456,457
1491,608,609
1491,685,686
1491,878,879
1492,456,457
1492,685,686
1492,703,704
1492,878,879
1493,510,511
1493,637,638
1493,669,670
1493,899,900
1494,510,511
1494,579,580
1494,669,670
1494,899,900
1495,533,534
1495,637,638
1495,669,670
1495,899,900
1496,455,456
1496,533,534
1496,669,670
1496,899,900
1497,455,456
1497,533,534
1497,637,638
1497,899,900
1498,510,511
1498,679,680
1498,692,693
1498,899,900
1499,679,680
1499,692,693
1499,805,806
1499,899,900
1500,530,531
1500,692,693
1500,805,806
1500,899,900
1501,510,511
1501,536,537
1501,692,693
1501,899,900
1502,536,537
1502,637,638
1502,692,693
1502,899,900
1503,510,511
1503,536,537
1503,637,638
1503,899,900
1504,637,638
1504,692,693
1504,793,794
1504,899,900
1505,516,517
1505,530,531
1505,805,806
1505,899,900
1506,455,456
1506,516,517
1506,530,531
1506,899,900
1507,530,531
1507,692,693
1507,793,794
1507,899,900
1508,637,638
1508,781,782
1508,793,794
1508,899,900
1509,455,456
1509,637,638
1509,781,782
1509,899,900
1510,455,456
1510,781,782
1510,793,794
1510,899,900
1511,530,531
1511,735,736
1511,793,794
1511,899,900
1512,455,456
1512,735,736
1512,793,794
1512,899,900
1513,455,456
1513,530,531
1513,735,736
1513,899,900
1514,54,55
1514,238,239
1514,377,378
1514,398,399
1515,1609,1610
1515,1657,1658
1515,1673,1674
1515,1844,1845
1516,1609,1610
1516,1673,1674
1516,1838,1839
1516,1844,1845
1517,1609,1610
1517,1625,1626
1517,1838,1839
1517,1844,1845
1518,1609,1610
1518,1650,1651
1518,1673,1674
1518,1838,1839
1519,1609,1610
1519,1650,1651
1519,1670,1671
1519,1838,1839
1520,1609,1610
1520,1625,1626
1520,1670,1671
1520,1838,1839
1521,1609,1610
1521,1650,1651
1521,1673,1674
1521,1819,1820
1522,1579,1580
1522,1625,1626
1522,1670,1671
1522,1838,1839
1523,1579,1580
1523,1664,1665
1523,1670,1671
1523,1831,1832
1524,1579,1580
1524,1670,1671
1524,1831,1832
1524,1838,1839
1525,1579,1580
1525,1625,1626
1525,1742,1743
1525,1838,1839
1526,1579,1580
1526,1824,1825
1526,1831,1832
1526,1838,1839
1527,1579,1580
1527,1811,1812
1527,1824,1825
1527,1831,1832
1528,1579,1580
1528,1634,1635
1528,1742,1743
1528,1811,1812
1529,1579,1580
1529,1742,1743
1529,1824,1825
1529,1838,1839
1530,1579,1580
1530,1742,1743
1530,1811,1812
1530,1824,1825
1531,1797,1798
1531,1807,1808
1531,1819,1820
1531,1842,1843
1532,1786,1787
1532,1797,1798
1532,1807,1808
1532,1842,1843
1533,1582,1583
1533,1786,1787
1533,1797,1798
1533,1842,1843
1534,1657,1658
1534,1673,1674
1534,1819,1820
1534,1842,1843
1535,1609,1610
1535,1673,1674
1535,1819,1820
1535,1842,1843
1536,1609,1610
1536,1657,1658
1536,1673,1674
1536,1842,1843
1537,1807,1808
1537,1819,1820
1537,1842,1843
1537,1848,1849
1538,1786,1787
1538,1807,1808
1538,1842,1843
1538,1848,1849
1539,1650,1651
1539,1819,1820
1539,1842,1843
1539,1848,1849
1540,1609,1610
1540,1650,1651
1540,1819,1820
1540,1842,1843
1541,1675,1676
1541,1680,1681
1541,1754,1755
1541,1809,1810
1542,1680,1681
1542,1693,1694
1542,1754,1755
1542,1809,1810
1543,1631,1632
1543,1646,1647
1543,1680,1681
1543,1758,1759
1544,1665,1666
1544,1675,1676
1544,1680,1681
1544,1809,1810
1545,1646,1647
1545,1665,1666
1545,1675,1676
1545,1680,1681
1546,1641,1642
1546,1754,1755
1546,1786,1787
1546,1797,1798
1547,1641,1642
1547,1675,1676
1547,1754,1755
1547,1797,1798
1548,1641,1642
1548,1675,1676
1548,1680,1681
1548,1754,1755
1549,1641,1642
1549,1646,1647
1549,1675,1676
1549,1680,1681
1550,1631,1632
1550,1641,1642
1550,1646,1647
1550,1680,1681
1551,1587,1588
1551,1607,1608
1551,1785,1786
1551,1790,1791
1552,1587,1588
1552,1607,1608
1552,1631,1632
1552,1790,1791
1553,1405,1406
1553,1587,1588
1553,1607,1608
1553,1785,1786
1554,1587,1588
1554,1607,1608
1554,1631,1632
1554,1762,1763
1555,1405,1406
1555,1569,1570
1555,1607,1608
1555,1682,1683
1556,1405,1406
1556,1569,1570
1556,1607,1608
1556,1785,1786
1557,1405,1406
1557,1607,1608
1557,1643,1644
1557,1682,1683
1558,1405,1406
1558,1587,1588
1558,1607,1608
1558,1643,1644
1559,1537,1538
1559,1607,1608
1559,1682,1683
1559,1762,1763
1560,1537,1538
1560,1587,1588
1560,1607,1608
1560,1762,1763
1561,1537,1538
1561,1607,1608
1561,1643,1644
1561,1682,1683
1562,1537,1538
1562,1587,1588
1562,1607,1608
1562,1643,1644
1563,1399,1400
1563,1583,1584
1563,1608,1609
1563,1647,1648
1564,1583,1584
1564,1654,1655
1564,1680,1681
1564,1693,1694
1565,1583,1584
1565,1654,1655
1565,1680,1681
1565,1758,1759
1566,54,55
1566,89,90
1566,118,119
1566,227,228
1567,224,225
1567,283,284
1567,318,319
1567,321,322
1568,117,118
1568,224,225
1568,244,245
1568,283,284
1569,117,118
1569,224,225
1569,283,284
1569,321,322
1570,117,118
1570,224,225
1570,244,245
1570,321,322
1571,172,173
1571,224,225
1571,274,275
1571,318,319
1572,172,173
1572,224,225
1572,274,275
1572,321,322
1573,172,173
1573,224,225
1573,318,319
1573,321,322
1574,56,57
1574,173,174
1574,313,314
1574,358,359
1575,56,57
1575,78,79
1575,192,193
1575,412,413
1576,56,57
1576,173,174
1576,239,240
1576,313,314
1577,56,57
1577,94,95
1577,173,174
1577,239,240
1578,56,57
1578,94,95
1578,173,174
1578,192,193
1579,56,57
1579,192,193
1579,358,359
1579,412,413
1580,56,57
1580,173,174
1580,192,193
1580,358,359
1581,5,6
1581,56,57
1581,94,95
1581,192,193
1582,5,6
1582,56,57
1582,78,79
1582,192,193
1583,5,6
1583,56,57
1583,78,79
1583,94,95
1584,13,14
1584,173,174
1584,313,314
1584,358,359
1585,13,14
1585,153,154
1585,313,314
1585,358,359
1586,13,14
1586,153,154
1586,216,217
1586,434,435
1587,13,14
1587,216,217
1587,228,229
1587,434,435
1588,13,14
1588,173,174
1588,239,240
1588,313,314
1589,13,14
1589,239,240
1589,313,314
1589,342,343
1590,13,14
1590,173,174
1590,239,240
1590,342,343
1591,13,14
1591,216,217
1591,313,314
1591,342,343
1592,13,14
1592,216,217
1592,228,229
1592,342,343
1593,13,14
1593,153,154
1593,216,217
1593,313,314
1594,571,572
1594,593,594
1594,717,718
1594,812,813
1595,717,718
1595,787,788
1595,880,881
1595,895,896
1596,571,572
1596,595,596
1596,717,718
1596,812,813
1597,571,572
1597,595,596
1597,717,718
1597,787,788
1598,580,581
1598,593,594
1598,717,718
1598,812,813
1599,717,718
1599,757,758
1599,812,813
1599,895,896
1600,595,596
1600,717,718
1600,787,788
1600,895,896
1601,717,718
1601,757,758
1601,812,813
1601,857,858
1602,580,581
1602,717,718
1602,812,813
1602,857,858
1603,595,596
1603,717,718
1603,783,784
1603,812,813
1604,595,596
1604,717,718
1604,783,784
1604,895,896
1605,717,718
1605,783,784
1605,812,813
1605,895,896
1606,475,476
1606,497,498
1606,615,616
1606,624,625
1607,475,476
1607,615,616
1607,783,784
1607,895,896
1608,595,596
1608,615,616
1608,783,784
1608,895,896
1609,595,596
1609,615,616
1609,787,788
1609,895,896
1610,475,476
1610,497,498
1610,615,616
1610,671,672
1611,476,477
1611,595,596
1611,615,616
1611,787,788
1612,595,596
1612,615,616
1612,671,672
1612,783,784
1613,476,477
1613,595,596
1613,615,616
1613,671,672
1614,476,477
1614,497,498
1614,615,616
1614,671,672
1615,471,472
1615,528,529
1615,615,616
1615,624,625
1616,471,472
1616,476,477
1616,528,529
1616,615,616
1617,471,472
1617,497,498
1617,615,616
1617,624,625
1618,471,472
1618,476,477
1618,497,498
1618,615,616
1619,458,459
1619,476,477
1619,528,529
1619,615,616
1620,458,459
1620,528,529
1620,615,616
1620,787,788
1621,458,459
1621,476,477
1621,615,616
1621,787,788
1622,475,476
1622,615,616
1622,671,672
1622,744,745
1623,615,616
1623,671,672
1623,744,745
1623,783,784
1624,475,476
1624,615,616
1624,744,745
1624,783,784
1625,53,54
1625,216,217
1625,280,281
1625,313,314
1626,53,54
1626,280,281
1626,313,314
1626,330,331
1627,53,54
1627,239,240
1627,274,275
1627,313,314
1628,53,54
1628,224,225
1628,239,240
1628,313,314
1629,53,54
1629,224,225
1629,239,240
1629,274,275
1630,334,335
1630,583,584
1630,647,648
1630,668,669
1631,334,335
1631,583,584
1631,612,613
1631,668,669
1632,334,335
1632,442,443
1632,583,584
1632,612,613
1633,229,230
1633,279,280
1633,334,335
1633,647,648
1634,334,335
1634,442,443
1634,583,584
1634,616,617
1635,334,335
1635,583,584
1635,616,617
1635,647,648
1636,196,197
1636,334,335
1636,442,443
1636,616,617
1637,196,197
1637,334,335
1637,616,617
1637,647,648
1638,196,197
1638,229,230
1638,334,335
1638,647,648
1639,196,197
1639,334,335
1639,361,362
1639,442,443
1640,209,210
1640,221,222
1640,364,365
1640,612,613
1641,209,210
1641,221,222
1641,438,439
1641,612,613
1642,209,210
1642,221,222
1642,364,365
1642,649,650
1643,209,210
1643,221,222
1643,438,439
1643,649,650
1644,464,465
1644,570,571
1644,575,576
1644,667,668
1645,464,465
1645,512,513
1645,575,576
1645,667,668
1646,512,513
1646,575,576
1646,594,595
1646,667,668
1647,438,439
1647,594,595
1647,649,650
1647,667,668
1648,575,576
1648,594,595
1648,649,650
1648,667,668
1649,458,459
1649,460,461
1649,476,477
1649,524,525
1650,449,450
1650,460,461
1650,476,477
1650,524,525
1651,458,459
1651,471,472
1651,488,489
1651,524,525
1652,458,459
1652,471,472
1652,476,477
1652,524,525
1653,449,450
1653,471,472
1653,476,477
1653,524,525
1654,442,443
1654,523,524
1654,612,613
1654,665,666
1655,438,439
1655,523,524
1655,612,613
1655,665,666
1656,442,443
1656,523,524
1656,547,548
1656,665,666
1657,295,296
1657,354,355
1657,357,358
1657,375,376
1658,229,230
1658,270,271
1658,357,358
1658,450,451
1659,171,172
1659,270,271
1659,357,358
1659,450,451
1660,196,197
1660,270,271
1660,361,362
1660,588,589
1661,16,17
1661,54,55
1661,295,296
1661,354,355
1662,16,17
1662,54,55
1662,293,294
1662,354,355
1663,16,17
1663,28,29
1663,54,55
1663,295,296
1664,16,17
1664,28,29
1664,54,55
1664,89,90
1665,16,17
1665,54,55
1665,89,90
1665,227,228
1666,16,17
1666,54,55
1666,227,228
1666,293,294
1667,16,17
1667,28,29
1667,169,170
1667,295,296
1668,16,17
1668,28,29
1668,89,90
1668,169,170
1669,16,17
1669,89,90
1669,91,92
1669,169,170
1670,16,17
1670,89,90
1670,91,92
1670,227,228
1671,16,17
1671,91,92
1671,163,164
1671,227,228
1672,227,228
1672,280,281
1672,291,292
1672,330,331
1673,53,54
1673,280,281
1673,291,292
1673,330,331
1674,83,84
1674,92,93
1674,178,179
1674,189,190
1675,21,22
1675,135,136
1675,139,140
1675,189,190
1676,21,22
1676,106,107
1676,139,140
1676,189,190
1677,37,38
1677,231,232
1677,359,360
1677,450,451
1678,7,8
1678,225,226
1678,231,232
1678,450,451
1679,37,38
1679,225,226
1679,231,232
1679,450,451
1680,7,8
1680,23,24
1680,62,63
1680,231,232
1681,23,24
1681,62,63
1681,202,203
1681,231,232
1682,7,8
1682,62,63
1682,225,226
1682,231,232
1683,37,38
1683,57,58
1683,225,226
1683,231,232
1684,62,63
1684,138,139
1684,225,226
1684,231,232
1685,62,63
1685,138,139
1685,202,203
1685,231,232
1686,57,58
1686,138,139
1686,225,226
1686,231,232
1687,57,58
1687,138,139
1687,202,203
1687,231,232
1688,208,209
1688,324,325
1688,379,380
1688,387,388
1689,23,24
1689,208,209
1689,379,380
1689,387,388
1690,23,24
1690,208,209
1690,253,254
1690,379,380
1691,23,24
1691,208,209
1691,251,252
1691,253,254
1692,208,209
1692,324,325
1692,379,380
1692,496,497
1693,179,180
1693,208,209
1693,324,325
1693,496,497
1694,57,58
1694,108,109
1694,170,171
1694,186,187
1695,108,109
1695,127,128
1695,138,139
1695,170,171
1696,108,109
1696,127,128
1696,138,139
1696,202,203
1697,57,58
1697,108,109
1697,138,139
1697,170,171
1698,57,58
1698,108,109
1698,138,139
1698,202,203
1699,82,83
1699,108,109
1699,127,128
1699,170,171
1700,315,316
1700,548,549
1700,583,584
1700,647,648
1701,315,316
1701,548,549
1701,583,584
1701,668,669
1702,548,549
1702,583,584
1702,647,648
1702,668,669
1703,334,335
1703,548,549
1703,647,648
1703,668,669
1704,279,280
1704,334,335
1704,548,549
1704,647,648
1705,279,280
1705,334,335
1705,548,549
1705,668,669
1706,253,254
1706,269,270
1706,379,380
1706,548,549
1707,35,36
1707,184,185
1707,190,191
1707,366,367
1708,35,36
1708,184,185
1708,190,191
1708,285,286
1709,184,185
1709,333,334
1709,341,342
1709,366,367
1710,35,36
1710,184,185
1710,333,334
1710,366,367
1711,35,36
1711,184,185
1711,333,334
1711,341,342
1712,26,27
1712,35,36
1712,184,185
1712,285,286
1713,30,31
1713,184,185
1713,341,342
1713,366,367
1714,64,65
1714,212,213
1714,322,323
1714,373,374
1715,64,65
1715,178,179
1715,212,213
1715,322,323
1716,64,65
1716,212,213
1716,351,352
1716,373,374
1717,64,65
1717,74,75
1717,351,352
1717,373,374
1718,64,65
1718,74,75
1718,212,213
1718,351,352
1719,64,65
1719,83,84
1719,178,179
1719,322,323
1720,64,65
1720,83,84
1720,152,153
1720,322,323
1721,35,36
1721,190,191
1721,383,384
1721,387,388
1722,35,36
1722,74,75
1722,190,191
1722,383,384
1723,190,191
1723,324,325
1723,383,384
1723,387,388
1724,208,209
1724,324,325
1724,383,384
1724,387,388
1725,35,36
1725,74,75
1725,285,286
1725,383,384
1726,179,180
1726,208,209
1726,324,325
1726,383,384
1727,74,75
1727,164,165
1727,285,286
1727,383,384
1728,33,34
1728,72,73
1728,88,89
1728,349,350
1729,26,27
1729,33,34
1729,72,73
1729,349,350
1730,33,34
1730,108,109
1730,186,187
1730,394,395
1731,57,58
1731,108,109
1731,202,203
1731,394,395
1732,57,58
1732,108,109
1732,186,187
1732,394,395
1733,33,34
1733,160,161
1733,186,187
1733,394,395
1734,26,27
1734,33,34
1734,349,350
1734,394,395
1735,57,58
1735,202,203
1735,231,232
1735,394,395
1736,6,7
1736,44,45
1736,136,137
1736,244,245
1737,9,10
1737,59,60
1737,100,101
1737,180,181
1738,9,10
1738,100,101
1738,175,176
1738,180,181
1739,28,29
1739,130,131
1739,175,176
1739,180,181
1740,59,60
1740,100,101
1740,130,131
1740,180,181
1741,100,101
1741,130,131
1741,175,176
1741,180,181
1742,28,29
1742,54,55
1742,89,90
1742,180,181
1743,28,29
1743,89,90
1743,130,131
1743,180,181
1744,12,13
1744,130,131
1744,143,144
1744,407,408
1745,130,131
1745,143,144
1745,385,386
1745,407,408
1746,12,13
1746,100,101
1746,130,131
1746,407,408
1747,12,13
1747,100,101
1747,175,176
1747,407,408
1748,100,101
1748,130,131
1748,175,176
1748,407,408
1749,28,29
1749,385,386
1749,389,390
1749,407,408
1750,28,29
1750,130,131
1750,385,386
1750,407,408
1751,28,29
1751,130,131
1751,175,176
1751,407,408
1752,12,13
1752,157,158
1752,175,176
1752,407,408
1753,157,158
1753,175,176
1753,308,309
1753,407,408
1754,110,111
1754,308,309
1754,389,390
1754,407,408
1755,28,29
1755,110,111
1755,389,390
1755,407,408
1756,110,111
1756,175,176
1756,308,309
1756,407,408
1757,28,29
1757,110,111
1757,175,176
1757,407,408
1758,9,10
1758,100,101
1758,102,103
1758,175,176
1759,100,101
1759,102,103
1759,157,158
1759,175,176
1760,57,58
1760,76,77
1760,102,103
1760,186,187
1761,12,13
1761,100,101
1761,102,103
1761,157,158
1762,95,96
1762,102,103
1762,157,158
1762,175,176
1763,57,58
1763,95,96
1763,102,103
1763,175,176
1764,76,77
1764,95,96
1764,102,103
1764,157,158
1765,57,58
1765,76,77
1765,95,96
1765,102,103
1766,9,10
1766,160,161
1766,185,186
1766,186,187
1767,9,10
1767,102,103
1767,185,186
1767,186,187
1768,9,10
1768,102,103
1768,175,176
1768,185,186
1769,57,58
1769,102,103
1769,185,186
1769,186,187
1770,57,58
1770,102,103
1770,175,176
1770,185,186
1771,160,161
1771,185,186
1771,186,187
1771,394,395
1772,57,58
1772,185,186
1772,186,187
1772,394,395
1773,9,10
1773,175,176
1773,180,181
1773,185,186
1774,37,38
1774,57,58
1774,175,176
1774,185,186
1775,32,33
1775,94,95
1775,128,129
1775,154,155
1776,32,33
1776,128,129
1776,188,189
1776,244,245
1777,32,33
1777,128,129
1777,154,155
1777,188,189
1778,0,1
1778,94,95
1778,128,129
1778,154,155
1779,0,1
1779,94,95
1779,128,129
1779,239,240
1780,128,129
1780,224,225
1780,244,245
1780,321,322
1781,0,1
1781,31,32
1781,128,129
1781,154,155
1782,0,1
1782,31,32
1782,128,129
1782,321,322
1783,117,118
1783,128,129
1783,188,189
1783,244,245
1784,117,118
1784,128,129
1784,188,189
1784,321,322
1785,117,118
1785,128,129
1785,244,245
1785,321,322
1786,31,32
1786,128,129
1786,154,155
1786,188,189
1787,31,32
1787,128,129
1787,188,189
1787,321,322
1788,0,1
1788,128,129
1788,239,240
1788,274,275
1789,128,129
1789,224,225
1789,239,240
1789,274,275
1790,128,129
1790,224,225
1790,274,275
1790,321,322
1791,0,1
1791,128,129
1791,172,173
1791,274,275
1792,0,1
1792,128,129
1792,172,173
1792,321,322
1793,128,129
1793,172,173
1793,274,275
1793,321,322
1794,29,30
1794,61,62
1794,124,125
1794,141,142
1795,61,62
1795,124,125
1795,141,142
1795,174,175
1796,124,125
1796,126,127
1796,141,142
1796,174,175
1797,124,125
1797,126,127
1797,129,130
1797,141,142
1798,40,41
1798,61,62
1798,124,125
1798,174,175
1799,8,9
1799,40,41
1799,61,62
1799,124,125
1800,3,4
1800,29,30
1800,124,125
1800,141,142
1801,3,4
1801,124,125
1801,129,130
1801,141,142
1802,3,4
1802,10,11
1802,124,125
1802,129,130
1803,10,11
1803,124,125
1803,129,130
1803,402,403
1804,124,125
1804,126,127
1804,129,130
1804,402,403
1805,196,197
1805,442,443
1805,558,559
1805,591,592
1806,196,197
1806,361,362
1806,442,443
1806,558,559
1807,196,197
1807,558,559
1807,591,592
1807,634,635
1808,196,197
1808,361,362
1808,558,559
1808,634,635
1809,442,443
1809,547,548
1809,558,559
1809,591,592
1810,442,443
1810,547,548
1810,558,559
1810,665,666
1811,348,349
1811,361,362
1811,558,559
1811,634,635
1812,547,548
1812,558,559
1812,665,666
1812,810,811
1813,84,85
1813,218,219
1813,400,401
1813,444,445
1814,294,295
1814,397,398
1814,481,482
1814,618,619
1815,294,295
1815,481,482
1815,542,543
1815,618,619
1816,246,247
1816,481,482
1816,542,543
1816,618,619
1817,226,227
1817,246,247
1817,481,482
1817,618,619
1818,226,227
1818,397,398
1818,481,482
1818,618,619
1819,294,295
1819,542,543
1819,565,566
1819,618,619
1820,246,247
1820,542,543
1820,565,566
1820,618,619
1821,226,227
1821,246,247
1821,276,277
1821,618,619
1822,246,247
1822,460,461
1822,565,566
1822,618,619
1823,246,247
1823,276,277
1823,460,461
1823,618,619
1824,226,227
1824,276,277
1824,444,445
1824,618,619
1825,1658,1659
1825,1687,1688
1825,1715,1716
1825,1772,1773
1826,1584,1585
1826,1658,1659
1826,1715,1716
1826,1806,1807
1827,1584,1585
1827,1658,1659
1827,1715,1716
1827,1772,1773
1828,1584,1585
1828,1608,1609
1828,1658,1659
1828,1806,1807
1829,1584,1585
1829,1608,1609
1829,1658,1659
1829,1772,1773
1830,1591,1592
1830,1654,1655
1830,1693,1694
1830,1809,1810
1831,1591,1592
1831,1658,1659
1831,1693,1694
1831,1846,1847
1832,1591,1592
1832,1693,1694
1832,1801,1802
1832,1846,1847
1833,1591,1592
1833,1693,1694
1833,1801,1802
1833,1809,1810
1834,1591,1592
1834,1801,1802
1834,1809,1810
1834,1846,1847
1835,1591,1592
1835,1694,1695
1835,1712,1713
1835,1816,1817
1836,1591,1592
1836,1816,1817
1836,1825,1826
1836,1846,1847
1837,1591,1592
1837,1809,1810
1837,1825,1826
1837,1846,1847
1838,1591,1592
1838,1712,1713
1838,1816,1817
1838,1825,1826
1839,1591,1592
1839,1712,1713
1839,1809,1810
1839,1825,1826
1840,1367,1368
1840,1386,1387
1840,1746,1747
1840,1777,1778
1841,1386,1387
1841,1452,1453
1841,1523,1524
1841,1775,1776
1842,1386,1387
1842,1452,1453
1842,1523,1524
1842,1613,1614
1843,1386,1387
1843,1452,1453
1843,1613,1614
1843,1777,1778
1844,1452,1453
1844,1471,1472
1844,1523,1524
1844,1775,1776
1845,1452,1453
1845,1471,1472
1845,1512,1513
1845,1775,1776
1846,1405,1406
1846,1452,1453
1846,1471,1472
1846,1512,1513
1847,474,475
1847,579,580
1847,604,605
1847,889,890
1848,474,475
1848,514,515
1848,579,580
1848,889,890
1849,474,475
1849,514,515
1849,579,580
1849,669,670
1850,678,679
1850,827,828
1850,1027,1028
1850,1055,1056
1851,678,679
1851,827,828
1851,1046,1047
1851,1055,1056
1852,678,679
1852,818,819
1852,827,828
1852,1077,1078
1853,678,679
1853,818,819
1853,827,828
1853,1027,1028
1854,678,679
1854,818,819
1854,1027,1028
1854,1077,1078
1855,678,679
1855,771,772
1855,1027,1028
1855,1055,1056
1856,678,679
1856,771,772
1856,994,995
1856,1055,1056
1857,678,679
1857,721,722
1857,771,772
1857,1027,1028
1858,678,679
1858,953,954
1858,994,995
1858,1044,1045
1859,1015,1016
1859,1117,1118
1859,1248,1249
1859,1271,1272
1860,1015,1016
1860,1248,1249
1860,1271,1272
1860,1282,1283
1861,1015,1016
1861,1154,1155
1861,1271,1272
1861,1282,1283
1862,1067,1068
1862,1117,1118
1862,1248,1249
1862,1295,1296
1863,757,758
1863,797,798
1863,897,898
1863,905,906
1864,757,758
1864,873,874
1864,897,898
1864,905,906
1865,757,758
1865,873,874
1865,881,882
1865,897,898
1866,748,749
1866,873,874
1866,881,882
1866,897,898
1867,676,677
1867,757,758
1867,797,798
1867,897,898
1868,676,677
1868,757,758
1868,881,882
1868,897,898
1869,1283,1284
1869,1393,1394
1869,1435,1436
1869,1437,1438
1870,1283,1284
1870,1393,1394
1870,1435,1436
1870,1547,1548
1871,907,908
1871,1148,1149
1871,1250,1251
1871,1293,1294
1872,1148,1149
1872,1155,1156
1872,1250,1251
1872,1332,1333
1873,1034,1035
1873,1148,1149
1873,1155,1156
1873,1250,1251
1874,907,908
1874,1034,1035
1874,1148,1149
1874,1250,1251
1875,1148,1149
1875,1155,1156
1875,1332,1333
1875,1435,1436
1876,1034,1035
1876,1148,1149
1876,1155,1156
1876,1296,1297
1877,907,908
1877,1034,1035
1877,1148,1149
1877,1296,1297
1878,907,908
1878,1148,1149
1878,1293,1294
1878,1339,1340
1879,907,908
1879,1148,1149
1879,1296,1297
1879,1339,1340
1880,1148,1149
1880,1155,1156
1880,1283,1284
1880,1435,1436
1881,1148,1149
1881,1155,1156
1881,1283,1284
1881,1296,1297
1882,1148,1149
1882,1283,1284
1882,1293,1294
1882,1339,1340
1883,1148,1149
1883,1283,1284
1883,1296,1297
1883,1339,1340
1884,1129,1130
1884,1148,1149
1884,1283,1284
1884,1293,1294
1885,786,787
1885,841,842
1885,883,884
1885,894,895
1886,786,787
1886,857,858
1886,883,884
1886,894,895
1887,447,448
1887,593,594
1887,711,712
1887,713,714
1888,447,448
1888,489,490
1888,666,667
1888,713,714
1889,447,448
1889,489,490
1889,593,594
1889,713,714
1890,447,448
1890,489,490
1890,666,667
1890,883,884
1891,447,448
1891,489,490
1891,580,581
1891,593,594
1892,447,448
1892,489,490
1892,580,581
1892,883,884
1893,772,773
1893,798,799
1893,806,807
1893,1094,1095
1894,348,349
1894,538,539
1894,566,567
1894,573,574
1895,538,539
1895,566,567
1895,573,574
1895,713,714
1896,348,349
1896,538,539
1896,566,567
1896,713,714
1897,538,539
1897,573,574
1897,711,712
1897,713,714
1898,538,539
1898,711,712
1898,713,714
1898,810,811
1899,538,539
1899,558,559
1899,665,666
1899,810,811
1900,348,349
1900,538,539
1900,573,574
1900,662,663
1901,294,295
1901,538,539
1901,565,566
1901,573,574
1902,294,295
1902,538,539
1902,573,574
1902,662,663
1903,294,295
1903,538,539
1903,565,566
1903,662,663
1904,468,469
1904,547,548
1904,591,592
1904,604,605
1905,695,696
1905,798,799
1905,879,880
1905,893,894
1906,720,721
1906,742,743
1906,1098,1099
1906,1101,1102
1907,720,721
1907,742,743
1907,852,853
1907,1098,1099
1908,719,720
1908,776,777
1908,1084,1085
1908,1103,1104
1909,719,720
1909,928,929
1909,1084,1085
1909,1103,1104
1910,762,763
1910,808,809
1910,948,949
1910,1105,1106
1911,762,763
1911,808,809
1911,835,836
1911,948,949
1912,929,930
1912,1015,1016
1912,1139,1140
1912,1235,1236
1913,37,38
1913,133,134
1913,359,360
1913,404,405
1914,133,134
1914,206,207
1914,359,360
1914,404,405
1915,133,134
1915,206,207
1915,238,239
1915,404,405
1916,37,38
1916,133,134
1916,231,232
1916,359,360
1917,37,38
1917,57,58
1917,133,134
1917,185,186
1918,57,58
1918,133,134
1918,185,186
1918,394,395
1919,37,38
1919,57,58
1919,133,134
1919,231,232
1920,57,58
1920,133,134
1920,231,232
1920,394,395
1921,354,355
1921,357,358
1921,404,405
1921,419,420
1922,354,355
1922,375,376
1922,399,400
1922,419,420
1923,354,355
1923,357,358
1923,375,376
1923,419,420
1924,206,207
1924,354,355
1924,404,405
1924,419,420
1925,206,207
1925,359,360
1925,411,412
1925,419,420
1926,206,207
1926,359,360
1926,404,405
1926,419,420
1927,369,370
1927,529,530
1927,576,577
1927,585,586
1928,369,370
1928,529,530
1928,585,586
1928,609,610
1929,369,370
1929,527,528
1929,529,530
1929,576,577
1930,369,370
1930,461,462
1930,527,528
1930,576,577
1931,369,370
1931,405,406
1931,520,521
1931,609,610
1932,369,370
1932,520,521
1932,529,530
1932,609,610
1933,369,370
1933,520,521
1933,527,528
1933,574,575
1934,369,370
1934,527,528
1934,529,530
1934,574,575
1935,369,370
1935,520,521
1935,529,530
1935,574,575
1936,224,225
1936,274,275
1936,288,289
1936,318,319
1937,84,85
1937,218,219
1937,288,289
1937,400,401
1938,53,54
1938,84,85
1938,218,219
1938,288,289
1939,84,85
1939,217,218
1939,288,289
1939,400,401
1940,53,54
1940,224,225
1940,274,275
1940,288,289
1941,224,225
1941,283,284
1941,288,289
1941,318,319
1942,10,11
1942,402,403
1942,420,421
1942,425,426
1943,10,11
1943,129,130
1943,402,403
1943,420,421
1944,70,71
1944,129,130
1944,402,403
1944,420,421
1945,3,4
1945,10,11
1945,129,130
1945,420,421
1946,3,4
1946,50,51
1946,129,130
1946,420,421
1947,50,51
1947,70,71
1947,129,130
1947,420,421
1948,3,4
1948,10,11
1948,148,149
1948,420,421
1949,3,4
1949,148,149
1949,272,273
1949,420,421
1950,50,51
1950,70,71
1950,131,132
1950,420,421
1951,50,51
1951,131,132
1951,272,273
1951,420,421
1952,3,4
1952,50,51
1952,272,273
1952,420,421
1953,84,85
1953,217,218
1953,237,238
1953,639,640
1954,217,218
1954,237,238
1954,245,246
1954,639,640
1955,84,85
1955,237,238
1955,312,313
1955,639,640
1956,254,255
1956,283,284
1956,402,403
1956,433,434
1957,254,255
1957,283,284
1957,318,319
1957,433,434
1958,217,218
1958,237,238
1958,245,246
1958,433,434
1959,11,12
1959,69,70
1959,70,71
1959,254,255
1960,11,12
1960,70,71
1960,254,255
1960,402,403
1961,11,12
1961,69,70
1961,70,71
1961,131,132
1962,11,12
1962,70,71
1962,131,132
1962,420,421
1963,11,12
1963,70,71
1963,402,403
1963,420,421
1964,11,12
1964,402,403
1964,420,421
1964,425,426
1965,11,12
1965,254,255
1965,402,403
1965,433,434
1966,11,12
1966,402,403
1966,425,426
1966,433,434
1967,214,215
1967,300,301
1967,368,369
1967,502,503
1968,214,215
1968,222,223
1968,372,373
1968,502,503
1969,214,215
1969,220,221
1969,300,301
1969,368,369
1970,214,215
1970,220,221
1970,222,223
1970,372,373
1971,214,215
1971,220,221
1971,372,373
1971,502,503
1972,220,221
1972,368,369
1972,372,373
1972,502,503
1973,214,215
1973,220,221
1973,368,369
1973,502,503
1974,30,31
1974,222,223
1974,301,302
1974,305,306
1975,19,20
1975,30,31
1975,222,223
1975,305,306
1976,19,20
1976,222,223
1976,305,306
1976,502,503
1977,30,31
1977,247,248
1977,341,342
1977,409,410
1978,19,20
1978,30,31
1978,247,248
1978,409,410
1979,247,248
1979,409,410
1979,410,411
1979,414,415
1980,247,248
1980,341,342
1980,409,410
1980,410,411
1981,222,223
1981,247,248
1981,409,410
1981,414,415
1982,19,20
1982,222,223
1982,247,248
1982,409,410
1983,312,313
1983,409,410
1983,410,411
1983,414,415
1984,312,313
1984,409,410
1984,410,411
1984,417,418
1985,1,2
1985,4,5
1985,8,9
1985,40,41
1986,1,2
1986,8,9
1986,40,41
1986,336,337
1987,1,2
1987,24,25
1987,40,41
1987,336,337
1988,304,305
1988,413,414
1988,559,560
1988,662,663
1989,304,305
1989,361,362
1989,375,376
1989,399,400
1990,304,305
1990,348,349
1990,361,362
1990,399,400
1991,304,305
1991,348,349
1991,399,400
1991,662,663
1992,304,305
1992,413,414
1992,559,560
1992,659,660
1993,304,305
1993,408,409
1993,413,414
1993,659,660
1994,304,305
1994,408,409
1994,559,560
1994,659,660
1995,304,305
1995,348,349
1995,413,414
1995,662,663
1996,304,305
1996,361,362
1996,375,376
1996,588,589
1997,302,303
1997,304,305
1997,348,349
1997,413,414
1998,302,303
1998,304,305
1998,408,409
1998,413,414
1999,354,355
1999,399,400
1999,419,420
1999,501,502
2000,293,294
2000,354,355
2000,377,378
2000,501,502
2001,206,207
2001,354,355
2001,419,420
2001,501,502
2002,206,207
2002,354,355
2002,377,378
2002,501,502
2003,206,207
2003,377,378
2003,417,418
2003,501,502
2004,507,508
2004,550,551
2004,646,647
2004,744,745
2005,267,268
2005,507,508
2005,550,551
2005,744,745
2006,311,312
2006,507,508
2006,550,551
2006,646,647
2007,267,268
2007,311,312
2007,507,508
2007,550,551
2008,550,551
2008,646,647
2008,744,745
2008,842,843
2009,527,528
2009,550,551
2009,576,577
2009,842,843
2010,550,551
2010,576,577
2010,744,745
2010,842,843
2011,267,268
2011,527,528
2011,550,551
2011,576,577
2012,267,268
2012,550,551
2012,576,577
2012,744,745
2013,267,268
2013,303,304
2013,311,312
2013,550,551
2014,267,268
2014,461,462
2014,527,528
2014,550,551
2015,267,268
2015,303,304
2015,461,462
2015,550,551
2016,478,479
2016,576,577
2016,585,586
2016,629,630
2017,267,268
2017,478,479
2017,576,577
2017,629,630
2018,369,370
2018,576,577
2018,585,586
2018,629,630
2019,267,268
2019,461,462
2019,576,577
2019,629,630
2020,369,370
2020,461,462
2020,576,577
2020,629,630
2021,369,370
2021,585,586
2021,609,610
2021,629,630
2022,267,268
2022,303,304
2022,461,462
2022,629,630
2023,303,304
2023,461,462
2023,569,570
2023,629,630
2024,441,442
2024,520,521
2024,521,522
2024,765,766
2025,441,442
2025,521,522
2025,540,541
2025,765,766
2026,441,442
2026,520,521
2026,521,522
2026,609,610
2027,520,521
2027,521,522
2027,551,552
2027,609,610
2028,309,310
2028,521,522
2028,551,552
2028,603,604
2029,430,431
2029,560,561
2029,602,603
2029,631,632
2030,430,431
2030,444,445
2030,631,632
2030,639,640
2031,217,218
2031,430,431
2031,444,445
2031,639,640
2032,430,431
2032,560,561
2032,602,603
2032,663,664
2033,430,431
2033,602,603
2033,660,661
2033,663,664
2034,220,221
2034,532,533
2034,582,583
2034,660,661
2035,220,221
2035,368,369
2035,582,583
2035,660,661
2036,252,253
2036,382,383
2036,392,393
2036,569,570
2037,187,188
2037,252,253
2037,274,275
2037,382,383
2038,49,50
2038,187,188
2038,274,275
2038,382,383
2039,331,332
2039,382,383
2039,400,401
2039,569,570
2040,252,253
2040,331,332
2040,382,383
2040,569,570
2041,49,50
2041,274,275
2041,318,319
2041,382,383
2042,274,275
2042,288,289
2042,318,319
2042,382,383
2043,49,50
2043,258,259
2043,382,383
2043,415,416
2044,69,70
2044,165,166
2044,254,255
2044,258,259
2045,11,12
2045,69,70
2045,254,255
2045,258,259
2046,49,50
2046,165,166
2046,258,259
2046,415,416
2047,49,50
2047,165,166
2047,254,255
2047,258,259
2048,1007,1008
2048,1147,1148
2048,1180,1181
2048,1271,1272
2049,1173,1174
2049,1180,1181
2049,1432,1433
2049,1494,1495
2050,1147,1148
2050,1173,1174
2050,1180,1181
2050,1494,1495
2051,1650,1651
2051,1702,1703
2051,1806,1807
2051,1848,1849
2052,1608,1609
2052,1658,1659
2052,1702,1703
2052,1806,1807
2053,1583,1584
2053,1693,1694
2053,1702,1703
2053,1786,1787
2054,1583,1584
2054,1608,1609
2054,1693,1694
2054,1702,1703
2055,1702,1703
2055,1806,1807
2055,1841,1842
2055,1848,1849
2056,1658,1659
2056,1702,1703
2056,1806,1807
2056,1841,1842
2057,1608,1609
2057,1658,1659
2057,1693,1694
2057,1702,1703
2058,1693,1694
2058,1702,1703
2058,1754,1755
2058,1786,1787
2059,1693,1694
2059,1702,1703
2059,1754,1755
2059,1801,1802
2060,1702,1703
2060,1807,1808
2060,1841,1842
2060,1848,1849
2061,1702,1703
2061,1801,1802
2061,1807,1808
2061,1841,1842
2062,1702,1703
2062,1786,1787
2062,1807,1808
2062,1848,1849
2063,1702,1703
2063,1801,1802
2063,1841,1842
2063,1846,1847
2064,1658,1659
2064,1702,1703
2064,1841,1842
2064,1846,1847
2065,1693,1694
2065,1702,1703
2065,1801,1802
2065,1846,1847
2066,1658,1659
2066,1693,1694
2066,1702,1703
2066,1846,1847
2067,1702,1703
2067,1754,1755
2067,1786,1787
2067,1807,1808
2068,1702,1703
2068,1754,1755
2068,1801,1802
2068,1807,1808
2069,1642,1643
2069,1659,1660
2069,1662,1663
2069,1743,1744
2070,1578,1579
2070,1659,1660
2070,1662,1663
2070,1743,1744
2071,1642,1643
2071,1662,1663
2071,1741,1742
2071,1743,1744
2072,1578,1579
2072,1662,1663
2072,1741,1742
2072,1743,1744
2073,1637,1638
2073,1642,1643
2073,1662,1663
2073,1741,1742
2074,1578,1579
2074,1637,1638
2074,1662,1663
2074,1741,1742
2075,1578,1579
2075,1637,1638
2075,1662,1663
2075,1833,1834
2076,1633,1634
2076,1642,1643
2076,1662,1663
2076,1783,1784
2077,1637,1638
2077,1642,1643
2077,1662,1663
2077,1783,1784
2078,1578,1579
2078,1601,1602
2078,1662,1663
2078,1833,1834
2079,1578,1579
2079,1601,1602
2079,1659,1660
2079,1662,1663
2080,1630,1631
2080,1633,1634
2080,1662,1663
2080,1783,1784
2081,1601,1602
2081,1640,1641
2081,1662,1663
2081,1833,1834
2082,1621,1622
2082,1633,1634
2082,1642,1643
2082,1662,1663
2083,1621,1622
2083,1642,1643
2083,1659,1660
2083,1662,1663
2084,1637,1638
2084,1640,1641
2084,1662,1663
2084,1833,1834
2085,1637,1638
2085,1640,1641
2085,1662,1663
2085,1783,1784
2086,1621,1622
2086,1630,1631
2086,1633,1634
2086,1662,1663
2087,1601,1602
2087,1605,1606
2087,1630,1631
2087,1662,1663
2088,1605,1606
2088,1630,1631
2088,1662,1663
2088,1783,1784
2089,1601,1602
2089,1605,1606
2089,1640,1641
2089,1662,1663
2090,1605,1606
2090,1640,1641
2090,1662,1663
2090,1783,1784
2091,1601,1602
2091,1630,1631
2091,1659,1660
2091,1662,1663
2092,1621,1622
2092,1630,1631
2092,1659,1660
2092,1662,1663
2093,1600,1601
2093,1688,1689
2093,1769,1770
2093,1791,1792
2094,1604,1605
2094,1669,1670
2094,1769,1770
2094,1791,1792
2095,1529,1530
2095,1604,1605
2095,1669,1670
2095,1769,1770
2096,1688,1689
2096,1704,1705
2096,1769,1770
2096,1791,1792
2097,1669,1670
2097,1704,1705
2097,1769,1770
2097,1791,1792
2098,1577,1578
2098,1589,1590
2098,1749,1750
2098,1808,1809
2099,1544,1545
2099,1744,1745
2099,1749,1750
2099,1808,1809
2100,1461,1462
2100,1544,1545
2100,1744,1745
2100,1749,1750
2101,1577,1578
2101,1589,1590
2101,1749,1750
2101,1768,1769
2102,1589,1590
2102,1716,1717
2102,1749,1750
2102,1808,1809
2103,1716,1717
2103,1744,1745
2103,1749,1750
2103,1808,1809
2104,1589,1590
2104,1692,1693
2104,1756,1757
2104,1805,1806
2105,1692,1693
2105,1756,1757
2105,1805,1806
2105,1812,1813
2106,1669,1670
2106,1692,1693
2106,1756,1757
2106,1812,1813
2107,1704,1705
2107,1756,1757
2107,1805,1806
2107,1812,1813
2108,1669,1670
2108,1704,1705
2108,1756,1757
2108,1812,1813
2109,1688,1689
2109,1704,1705
2109,1756,1757
2109,1805,1806
2110,1637,1638
2110,1688,1689
2110,1756,1757
2110,1805,1806
2111,1637,1638
2111,1688,1689
2111,1756,1757
2111,1769,1770
2112,1688,1689
2112,1704,1705
2112,1756,1757
2112,1769,1770
2113,1669,1670
2113,1704,1705
2113,1756,1757
2113,1769,1770
2114,1589,1590
2114,1756,1757
2114,1805,1806
2114,1837,1838
2115,1637,1638
2115,1756,1757
2115,1805,1806
2115,1837,1838
2116,1589,1590
2116,1637,1638
2116,1756,1757
2116,1837,1838
2117,1731,1732
2117,1736,1737
2117,1739,1740
2117,1747,1748
2118,1636,1637
2118,1649,1650
2118,1698,1699
2118,1731,1732
2119,1652,1653
2119,1731,1732
2119,1736,1737
2119,1747,1748
2120,1731,1732
2120,1736,1737
2120,1739,1740
2120,1800,1801
2121,1649,1650
2121,1731,1732
2121,1739,1740
2121,1800,1801
2122,1652,1653
2122,1731,1732
2122,1736,1737
2122,1800,1801
2123,1636,1637
2123,1652,1653
2123,1731,1732
2123,1800,1801
2124,1636,1637
2124,1649,1650
2124,1731,1732
2124,1800,1801
2125,1577,1578
2125,1707,1708
2125,1808,1809
2125,1817,1818
2126,1649,1650
2126,1707,1708
2126,1808,1809
2126,1817,1818
2127,1577,1578
2127,1707,1708
2127,1749,1750
2127,1808,1809
2128,1577,1578
2128,1707,1708
2128,1815,1816
2128,1817,1818
2129,1649,1650
2129,1707,1708
2129,1815,1816
2129,1817,1818
2130,1544,1545
2130,1649,1650
2130,1707,1708
2130,1808,1809
2131,1544,1545
2131,1707,1708
2131,1749,1750
2131,1808,1809
2132,1649,1650
2132,1707,1708
2132,1713,1714
2132,1815,1816
2133,1595,1596
2133,1738,1739
2133,1739,1740
2133,1744,1745
2134,1544,1545
2134,1738,1739
2134,1739,1740
2134,1744,1745
2135,1595,1596
2135,1738,1739
2135,1739,1740
2135,1747,1748
2136,1544,1545
2136,1649,1650
2136,1738,1739
2136,1739,1740
2137,1649,1650
2137,1731,1732
2137,1738,1739
2137,1739,1740
2138,1597,1598
2138,1716,1717
2138,1741,1742
2138,1744,1745
2139,1597,1598
2139,1637,1638
2139,1716,1717
2139,1741,1742
2140,1597,1598
2140,1716,1717
2140,1744,1745
2140,1749,1750
2141,1461,1462
2141,1597,1598
2141,1744,1745
2141,1749,1750
2142,1597,1598
2142,1637,1638
2142,1642,1643
2142,1741,1742
2143,1589,1590
2143,1597,1598
2143,1637,1638
2143,1716,1717
2144,1414,1415
2144,1597,1598
2144,1642,1643
2144,1741,1742
2145,1589,1590
2145,1597,1598
2145,1716,1717
2145,1749,1750
2146,1589,1590
2146,1597,1598
2146,1637,1638
2146,1756,1757
2147,1597,1598
2147,1637,1638
2147,1756,1757
2147,1769,1770
2148,1461,1462
2148,1597,1598
2148,1701,1702
2148,1744,1745
2149,1414,1415
2149,1701,1702
2149,1741,1742
2149,1776,1777
2150,1414,1415
2150,1597,1598
2150,1701,1702
2150,1741,1742
2151,1597,1598
2151,1701,1702
2151,1741,1742
2151,1744,1745
2152,1431,1432
2152,1564,1565
2152,1668,1669
2152,1764,1765
2153,1373,1374
2153,1420,1421
2153,1492,1493
2153,1626,1627
2154,1387,1388
2154,1418,1419
2154,1457,1458
2154,1539,1540
2155,1418,1419
2155,1457,1458
2155,1539,1540
2155,1764,1765
2156,1418,1419
2156,1457,1458
2156,1522,1523
2156,1764,1765
2157,1431,1432
2157,1474,1475
2157,1564,1565
2157,1764,1765
2158,1370,1371
2158,1474,1475
2158,1492,1493
2158,1626,1627
2159,1421,1422
2159,1431,1432
2159,1539,1540
2159,1764,1765
2160,1421,1422
2160,1474,1475
2160,1539,1540
2160,1764,1765
2161,1421,1422
2161,1431,1432
2161,1474,1475
2161,1764,1765
2162,1119,1120
2162,1421,1422
2162,1457,1458
2162,1539,1540
2163,1421,1422
2163,1431,1432
2163,1457,1458
2163,1539,1540
2164,1119,1120
2164,1421,1422
2164,1431,1432
2164,1457,1458
2165,1717,1718
2165,1721,1722
2165,1814,1815
2165,1845,1846
2166,1627,1628
2166,1721,1722
2166,1814,1815
2166,1845,1846
2167,1627,1628
2167,1709,1710
2167,1727,1728
2167,1845,1846
2168,1717,1718
2168,1814,1815
2168,1818,1819
2168,1845,1846
2169,1627,1628
2169,1814,1815
2169,1818,1819
2169,1845,1846
2170,1627,1628
2170,1709,1710
2170,1818,1819
2170,1845,1846
2171,1717,1718
2171,1811,1812
2171,1818,1819
2171,1845,1846
2172,1664,1665
2172,1709,1710
2172,1818,1819
2172,1845,1846
2173,1620,1621
2173,1636,1637
2173,1652,1653
2173,1719,1720
2174,1636,1637
2174,1652,1653
2174,1719,1720
2174,1731,1732
2175,1652,1653
2175,1719,1720
2175,1731,1732
2175,1747,1748
2176,1627,1628
2176,1652,1653
2176,1719,1720
2176,1747,1748
2177,1636,1637
2177,1698,1699
2177,1719,1720
2177,1731,1732
2178,1376,1377
2178,1573,1574
2178,1656,1657
2178,1711,1712
2179,1399,1400
2179,1608,1609
2179,1647,1648
2179,1711,1712
2180,1573,1574
2180,1711,1712
2180,1766,1767
2180,1772,1773
2181,1486,1487
2181,1565,1566
2181,1574,1575
2181,1708,1709
2182,1399,1400
2182,1565,1566
2182,1574,1575
2182,1708,1709
2183,1399,1400
2183,1565,1566
2183,1708,1709
2183,1711,1712
2184,1399,1400
2184,1574,1575
2184,1629,1630
2184,1708,1709
2185,1376,1377
2185,1565,1566
2185,1708,1709
2185,1711,1712
2186,1376,1377
2186,1565,1566
2186,1708,1709
2186,1784,1785
2187,1486,1487
2187,1565,1566
2187,1708,1709
2187,1784,1785
2188,1486,1487
2188,1592,1593
2188,1708,1709
2188,1784,1785
2189,1592,1593
2189,1595,1596
2189,1708,1709
2189,1787,1788
2190,1592,1593
2190,1629,1630
2190,1708,1709
2190,1787,1788
2191,1779,1780
2191,1787,1788
2191,1789,1790
2191,1840,1841
2192,1664,1665
2192,1709,1710
2192,1787,1788
2192,1789,1790
2193,1709,1710
2193,1787,1788
2193,1789,1790
2193,1840,1841
2194,1584,1585
2194,1664,1665
2194,1722,1723
2194,1789,1790
2195,1584,1585
2195,1664,1665
2195,1787,1788
2195,1789,1790
2196,1584,1585
2196,1715,1716
2196,1779,1780
2196,1789,1790
2197,1584,1585
2197,1779,1780
2197,1787,1788
2197,1789,1790
2198,1584,1585
2198,1715,1716
2198,1722,1723
2198,1789,1790
2199,1664,1665
2199,1709,1710
2199,1789,1790
2199,1818,1819
2200,1709,1710
2200,1789,1790
2200,1818,1819
2200,1840,1841
2201,1664,1665
2201,1789,1790
2201,1818,1819
2201,1831,1832
2202,1664,1665
2202,1722,1723
2202,1789,1790
2202,1831,1832
2203,1722,1723
2203,1789,1790
2203,1818,1819
2203,1831,1832
2204,1595,1596
2204,1683,1684
2204,1739,1740
2204,1744,1745
2205,1588,1589
2205,1595,1596
2205,1683,1684
2205,1739,1740
2206,1588,1589
2206,1683,1684
2206,1739,1740
2206,1744,1745
2207,1588,1589
2207,1683,1684
2207,1766,1767
2207,1779,1780
2208,1588,1589
2208,1683,1684
2208,1710,1711
2208,1766,1767
2209,1683,1684
2209,1710,1711
2209,1743,1744
2209,1766,1767
2210,1683,1684
2210,1743,1744
2210,1766,1767
2210,1776,1777
2211,1588,1589
2211,1683,1684
2211,1716,1717
2211,1744,1745
2212,1683,1684
2212,1710,1711
2212,1741,1742
2212,1743,1744
2213,1683,1684
2213,1741,1742
2213,1743,1744
2213,1776,1777
2214,1683,1684
2214,1710,1711
2214,1716,1717
2214,1741,1742
2215,1683,1684
2215,1716,1717
2215,1741,1742
2215,1744,1745
2216,1683,1684
2216,1701,1702
2216,1741,1742
2216,1776,1777
2217,1683,1684
2217,1701,1702
2217,1741,1742
2217,1744,1745
2218,1683,1684
2218,1701,1702
2218,1744,1745
2218,1776,1777
2219,1683,1684
2219,1710,1711
2219,1716,1717
2219,1830,1831
2220,1588,1589
2220,1683,1684
2220,1710,1711
2220,1830,1831
2221,1588,1589
2221,1683,1684
2221,1716,1717
2221,1830,1831
2222,947,948
2222,1008,1009
2222,1144,1145
2222,1243,1244
2223,947,948
2223,1008,1009
2223,1243,1244
2223,1262,1263
2224,911,912
2224,935,936
2224,1008,1009
2224,1243,1244
2225,935,936
2225,1008,1009
2225,1144,1145
2225,1243,1244
2226,911,912
2226,1008,1009
2226,1010,1011
2226,1243,1244
2227,1008,1009
2227,1010,1011
2227,1243,1244
2227,1262,1263
2228,911,912
2228,935,936
2228,979,980
2228,1243,1244
2229,935,936
2229,979,980
2229,1144,1145
2229,1243,1244
2230,911,912
2230,979,980
2230,1176,1177
2230,1243,1244
2231,962,963
2231,979,980
2231,1144,1145
2231,1243,1244
2232,911,912
2232,1010,1011
2232,1176,1177
2232,1243,1244
2233,1010,1011
2233,1176,1177
2233,1243,1244
2233,1262,1263
2234,966,967
2234,1176,1177
2234,1243,1244
2234,1262,1263
2235,947,948
2235,966,967
2235,1243,1244
2235,1262,1263
2236,1119,1120
2236,1269,1270
2236,1394,1395
2236,1506,1507
2237,1119,1120
2237,1325,1326
2237,1360,1361
2237,1394,1395
2238,1119,1120
2238,1269,1270
2238,1325,1326
2238,1394,1395
2239,1269,1270
2239,1325,1326
2239,1360,1361
2239,1394,1395
2240,1269,1270
2240,1394,1395
2240,1438,1439
2240,1506,1507
2241,1269,1270
2241,1360,1361
2241,1394,1395
2241,1438,1439
2242,1119,1120
2242,1394,1395
2242,1421,1422
2242,1539,1540
2243,1119,1120
2243,1394,1395
2243,1421,1422
2243,1506,1507
2244,1119,1120
2244,1230,1231
2244,1394,1395
2244,1539,1540
2245,1119,1120
2245,1230,1231
2245,1360,1361
2245,1394,1395
2246,1360,1361
2246,1394,1395
2246,1429,1430
2246,1438,1439
2247,1394,1395
2247,1438,1439
2247,1492,1493
2247,1506,1507
2248,1394,1395
2248,1421,1422
2248,1492,1493
2248,1506,1507
2249,828,829
2249,876,877
2249,990,991
2249,1069,1070
2250,731,732
2250,876,877
2250,990,991
2250,1069,1070
2251,731,732
2251,876,877
2251,990,991
2251,1206,1207
2252,935,936
2252,990,991
2252,1002,1003
2252,1069,1070
2253,828,829
2253,990,991
2253,1002,1003
2253,1069,1070
2254,911,912
2254,935,936
2254,990,991
2254,1069,1070
2255,731,732
2255,911,912
2255,990,991
2255,1069,1070
2256,911,912
2256,935,936
2256,990,991
2256,1206,1207
2257,731,732
2257,911,912
2257,990,991
2257,1206,1207
2258,729,730
2258,819,820
2258,1016,1017
2258,1022,1023
2259,729,730
2259,1016,1017
2259,1022,1023
2259,1069,1070
2260,675,676
2260,729,730
2260,1022,1023
2260,1069,1070
2261,691,692
2261,729,730
2261,819,820
2261,1016,1017
2262,729,730
2262,1016,1017
2262,1053,1054
2262,1069,1070
2263,675,676
2263,729,730
2263,1053,1054
2263,1069,1070
2264,970,971
2264,1194,1195
2264,1300,1301
2264,1317,1318
2265,970,971
2265,1194,1195
2265,1267,1268
2265,1317,1318
2266,1131,1132
2266,1142,1143
2266,1425,1426
2266,1426,1427
2267,1142,1143
2267,1217,1218
2267,1425,1426
2267,1426,1427
2268,1217,1218
2268,1222,1223
2268,1425,1426
2268,1426,1427
2269,1217,1218
2269,1222,1223
2269,1287,1288
2269,1425,1426
2270,1349,1350
2270,1385,1386
2270,1395,1396
2270,1425,1426
2271,1287,1288
2271,1349,1350
2271,1385,1386
2271,1425,1426
2272,1183,1184
2272,1222,1223
2272,1287,1288
2272,1425,1426
2273,1183,1184
2273,1349,1350
2273,1395,1396
2273,1425,1426
2274,1183,1184
2274,1287,1288
2274,1349,1350
2274,1425,1426
2275,1159,1160
2275,1287,1288
2275,1354,1355
2275,1385,1386
2276,1159,1160
2276,1188,1189
2276,1354,1355
2276,1553,1554
2277,1159,1160
2277,1354,1355
2277,1385,1386
2277,1553,1554
2278,1146,1147
2278,1188,1189
2278,1354,1355
2278,1553,1554
2279,944,945
2279,1159,1160
2279,1188,1189
2279,1354,1355
2280,944,945
2280,1159,1160
2280,1287,1288
2280,1354,1355
2281,1142,1143
2281,1354,1355
2281,1385,1386
2281,1425,1426
2282,1287,1288
2282,1354,1355
2282,1385,1386
2282,1425,1426
2283,944,945
2283,1188,1189
2283,1354,1355
2283,1479,1480
2284,944,945
2284,1217,1218
2284,1354,1355
2284,1479,1480
2285,1142,1143
2285,1217,1218
2285,1354,1355
2285,1479,1480
2286,1142,1143
2286,1217,1218
2286,1354,1355
2286,1425,1426
2287,1217,1218
2287,1287,1288
2287,1354,1355
2287,1425,1426
2288,1142,1143
2288,1354,1355
2288,1359,1360
2288,1479,1480
2289,1146,1147
2289,1188,1189
2289,1354,1355
2289,1479,1480
2290,1146,1147
2290,1354,1355
2290,1359,1360
2290,1479,1480
2291,1416,1417
2291,1476,1477
2291,1552,1553
2291,1624,1625
2292,1476,1477
2292,1537,1538
2292,1624,1625
2292,1762,1763
2293,1416,1417
2293,1476,1477
2293,1489,1490
2293,1624,1625
2294,1416,1417
2294,1489,1490
2294,1537,1538
2294,1624,1625
2295,1476,1477
2295,1489,1490
2295,1537,1538
2295,1624,1625
2296,1416,1417
2296,1465,1466
2296,1537,1538
2296,1624,1625
2297,1537,1538
2297,1624,1625
2297,1682,1683
2297,1762,1763
2298,1415,1416
2298,1465,1466
2298,1624,1625
2298,1643,1644
2299,1465,1466
2299,1537,1538
2299,1624,1625
2299,1643,1644
2300,1415,1416
2300,1624,1625
2300,1643,1644
2300,1682,1683
2301,1537,1538
2301,1624,1625
2301,1643,1644
2301,1682,1683
2302,1129,1130
2302,1256,1257
2302,1277,1278
2302,1293,1294
2303,1256,1257
2303,1435,1436
2303,1437,1438
2303,1508,1509
2304,1129,1130
2304,1148,1149
2304,1256,1257
2304,1293,1294
2305,1256,1257
2305,1283,1284
2305,1435,1436
2305,1437,1438
2306,1129,1130
2306,1256,1257
2306,1283,1284
2306,1437,1438
2307,1129,1130
2307,1256,1257
2307,1277,1278
2307,1349,1350
2308,1148,1149
2308,1256,1257
2308,1283,1284
2308,1435,1436
2309,1129,1130
2309,1148,1149
2309,1256,1257
2309,1283,1284
2310,1340,1341
2310,1513,1514
2310,1556,1557
2310,1563,1564
2311,1289,1290
2311,1340,1341
2311,1508,1509
2311,1556,1557
2312,1253,1254
2312,1471,1472
2312,1556,1557
2312,1737,1738
2313,1253,1254
2313,1289,1290
2313,1556,1557
2313,1737,1738
2314,1253,1254
2314,1289,1290
2314,1340,1341
2314,1384,1385
2315,1253,1254
2315,1289,1290
2315,1340,1341
2315,1556,1557
2316,1253,1254
2316,1471,1472
2316,1556,1557
2316,1569,1570
2317,1253,1254
2317,1513,1514
2317,1556,1557
2317,1569,1570
2318,1253,1254
2318,1340,1341
2318,1384,1385
2318,1513,1514
2319,1253,1254
2319,1340,1341
2319,1513,1514
2319,1556,1557
2320,1489,1490
2320,1566,1567
2320,1654,1655
2320,1689,1690
2321,1566,1567
2321,1647,1648
2321,1654,1655
2321,1689,1690
2322,1485,1486
2322,1566,1567
2322,1647,1648
2322,1689,1690
2323,1647,1648
2323,1654,1655
2323,1689,1690
2323,1699,1700
2324,1485,1486
2324,1647,1648
2324,1689,1690
2324,1699,1700
2325,1591,1592
2325,1689,1690
2325,1694,1695
2325,1699,1700
2326,1591,1592
2326,1654,1655
2326,1689,1690
2326,1699,1700
2327,1689,1690
2327,1690,1691
2327,1694,1695
2327,1699,1700
2328,1485,1486
2328,1689,1690
2328,1690,1691
2328,1699,1700
2329,1591,1592
2329,1689,1690
2329,1694,1695
2329,1712,1713
2330,1477,1478
2330,1509,1510
2330,1568,1569
2330,1575,1576
2331,1509,1510
2331,1568,1569
2331,1575,1576
2331,1661,1662
2332,1477,1478
2332,1568,1569
2332,1575,1576
2332,1759,1760
2333,1575,1576
2333,1602,1603
2333,1661,1662
2333,1676,1677
2334,1509,1510
2334,1575,1576
2334,1661,1662
2334,1690,1691
2335,1575,1576
2335,1661,1662
2335,1676,1677
2335,1690,1691
2336,1568,1569
2336,1575,1576
2336,1602,1603
2336,1759,1760
2337,1575,1576
2337,1676,1677
2337,1690,1691
2337,1694,1695
2338,1568,1569
2338,1575,1576
2338,1661,1662
2338,1765,1766
2339,1568,1569
2339,1575,1576
2339,1602,1603
2339,1765,1766
2340,1575,1576
2340,1602,1603
2340,1661,1662
2340,1765,1766
2341,1575,1576
2341,1602,1603
2341,1759,1760
2341,1798,1799
2342,1575,1576
2342,1602,1603
2342,1676,1677
2342,1798,1799
2343,1575,1576
2343,1689,1690
2343,1690,1691
2343,1694,1695
2344,1509,1510
2344,1575,1576
2344,1689,1690
2344,1690,1691
2345,1477,1478
2345,1509,1510
2345,1575,1576
2345,1689,1690
2346,1575,1576
2346,1610,1611
2346,1676,1677
2346,1694,1695
2347,1575,1576
2347,1610,1611
2347,1694,1695
2347,1712,1713
2348,1575,1576
2348,1689,1690
2348,1694,1695
2348,1712,1713
2349,1575,1576
2349,1759,1760
2349,1774,1775
2349,1798,1799
2350,1575,1576
2350,1712,1713
2350,1759,1760
2350,1774,1775
2351,1575,1576
2351,1712,1713
2351,1774,1775
2351,1798,1799
2352,1575,1576
2352,1610,1611
2352,1676,1677
2352,1798,1799
2353,1575,1576
2353,1610,1611
2353,1712,1713
2353,1798,1799
2354,1477,1478
2354,1489,1490
2354,1618,1619
2354,1760,1761
2355,1489,1490
2355,1618,1619
2355,1654,1655
2355,1689,1690
2356,1477,1478
2356,1489,1490
2356,1618,1619
2356,1689,1690
2357,1477,1478
2357,1618,1619
2357,1759,1760
2357,1760,1761
2358,1489,1490
2358,1618,1619
2358,1654,1655
2358,1758,1759
2359,1618,1619
2359,1654,1655
2359,1680,1681
2359,1758,1759
2360,1618,1619
2360,1646,1647
2360,1665,1666
2360,1760,1761
2361,1618,1619
2361,1646,1647
2361,1665,1666
2361,1680,1681
2362,1489,1490
2362,1618,1619
2362,1646,1647
2362,1760,1761
2363,1618,1619
2363,1665,1666
2363,1712,1713
2363,1774,1775
2364,1618,1619
2364,1665,1666
2364,1760,1761
2364,1774,1775
2365,1591,1592
2365,1618,1619
2365,1654,1655
2365,1689,1690
2366,1591,1592
2366,1618,1619
2366,1689,1690
2366,1712,1713
2367,1575,1576
2367,1618,1619
2367,1689,1690
2367,1712,1713
2368,1477,1478
2368,1575,1576
2368,1618,1619
2368,1689,1690
2369,1618,1619
2369,1712,1713
2369,1759,1760
2369,1774,1775
2370,1618,1619
2370,1759,1760
2370,1760,1761
2370,1774,1775
2371,1575,1576
2371,1618,1619
2371,1712,1713
2371,1759,1760
2372,1477,1478
2372,1575,1576
2372,1618,1619
2372,1759,1760
2373,1618,1619
2373,1665,1666
2373,1712,1713
2373,1809,1810
2374,1618,1619
2374,1665,1666
2374,1680,1681
2374,1809,1810
2375,1489,1490
2375,1618,1619
2375,1646,1647
2375,1758,1759
2376,1618,1619
2376,1646,1647
2376,1680,1681
2376,1758,1759
2377,1591,1592
2377,1618,1619
2377,1654,1655
2377,1809,1810
2378,1591,1592
2378,1618,1619
2378,1712,1713
2378,1809,1810
2379,1618,1619
2379,1654,1655
2379,1693,1694
2379,1809,1810
2380,1618,1619
2380,1654,1655
2380,1680,1681
2380,1693,1694
2381,1618,1619
2381,1680,1681
2381,1693,1694
2381,1809,1810
2382,1486,1487
2382,1565,1566
2382,1585,1586
2382,1784,1785
2383,1533,1534
2383,1585,1586
2383,1703,1704
2383,1784,1785
2384,1565,1566
2384,1585,1586
2384,1703,1704
2384,1784,1785
2385,1371,1372
2385,1374,1375
2385,1392,1393
2385,1732,1733
2386,1371,1372
2386,1565,1566
2386,1585,1586
2386,1703,1704
2387,1371,1372
2387,1374,1375
2387,1566,1567
2387,1732,1733
2388,1391,1392
2388,1392,1393
2388,1512,1513
2388,1732,1733
2389,1371,1372
2389,1391,1392
2389,1392,1393
2389,1732,1733
2390,1391,1392
2390,1392,1393
2390,1512,1513
2390,1563,1564
2391,1342,1343
2391,1391,1392
2391,1392,1393
2391,1563,1564
2392,1399,1400
2392,1488,1489
2392,1565,1566
2392,1574,1575
2393,1399,1400
2393,1488,1489
2393,1565,1566
2393,1732,1733
2394,1371,1372
2394,1488,1489
2394,1565,1566
2394,1732,1733
2395,1371,1372
2395,1391,1392
2395,1488,1489
2395,1732,1733
2396,1486,1487
2396,1488,1489
2396,1565,1566
2396,1574,1575
2397,1486,1487
2397,1488,1489
2397,1565,1566
2397,1585,1586
2398,1371,1372
2398,1488,1489
2398,1565,1566
2398,1585,1586
2399,1129,1130
2399,1190,1191
2399,1283,1284
2399,1339,1340
2400,1129,1130
2400,1190,1191
2400,1283,1284
2400,1437,1438
2401,1190,1191
2401,1283,1284
2401,1393,1394
2401,1437,1438
2402,1190,1191
2402,1221,1222
2402,1283,1284
2402,1393,1394
2403,1119,1120
2403,1309,1310
2403,1387,1388
2403,1539,1540
2404,1119,1120
2404,1309,1310
2404,1457,1458
2404,1539,1540
2405,1309,1310
2405,1387,1388
2405,1457,1458
2405,1539,1540
2406,1119,1120
2406,1230,1231
2406,1309,1310
2406,1387,1388
2407,1119,1120
2407,1166,1167
2407,1230,1231
2407,1309,1310
2408,1166,1167
2408,1278,1279
2408,1309,1310
2408,1453,1454
2409,1166,1167
2409,1230,1231
2409,1278,1279
2409,1309,1310
2410,1221,1222
2410,1278,1279
2410,1309,1310
2410,1453,1454
2411,1221,1222
2411,1278,1279
2411,1309,1310
2411,1427,1428
2412,1190,1191
2412,1221,1222
2412,1393,1394
2412,1427,1428
2413,1221,1222
2413,1309,1310
2413,1393,1394
2413,1427,1428
2414,1309,1310
2414,1387,1388
2414,1393,1394
2414,1427,1428
2415,1230,1231
2415,1309,1310
2415,1387,1388
2415,1427,1428
2416,1230,1231
2416,1278,1279
2416,1309,1310
2416,1427,1428
2417,1190,1191
2417,1393,1394
2417,1427,1428
2417,1437,1438
2418,926,927
2418,950,951
2418,954,955
2418,970,971
2419,926,927
2419,970,971
2419,1222,1223
2419,1267,1268
2420,1038,1039
2420,1043,1044
2420,1176,1177
2420,1288,1289
2421,1010,1011
2421,1176,1177
2421,1262,1263
2421,1288,1289
2422,1043,1044
2422,1176,1177
2422,1262,1263
2422,1288,1289
2423,1010,1011
2423,1161,1162
2423,1262,1263
2423,1288,1289
2424,937,938
2424,1106,1107
2424,1288,1289
2424,1321,1322
2425,1161,1162
2425,1262,1263
2425,1288,1289
2425,1312,1313
2426,1043,1044
2426,1262,1263
2426,1288,1289
2426,1312,1313
2427,937,938
2427,1010,1011
2427,1288,1289
2427,1321,1322
2428,1010,1011
2428,1161,1162
2428,1288,1289
2428,1321,1322
2429,1143,1144
2429,1161,1162
2429,1288,1289
2429,1321,1322
2430,1143,1144
2430,1161,1162
2430,1288,1289
2430,1312,1313
2431,1043,1044
2431,1143,1144
2431,1288,1289
2431,1312,1313
2432,960,961
2432,1267,1268
2432,1317,1318
2432,1493,1494
2433,1194,1195
2433,1267,1268
2433,1317,1318
2433,1493,1494
2434,960,961
2434,1183,1184
2434,1267,1268
2434,1493,1494
2435,960,961
2435,1143,1144
2435,1210,1211
2435,1317,1318
2436,1143,1144
2436,1210,1211
2436,1236,1237
2436,1317,1318
2437,960,961
2437,1210,1211
2437,1317,1318
2437,1493,1494
2438,1210,1211
2438,1230,1231
2438,1236,1237
2438,1360,1361
2439,960,961
2439,1210,1211
2439,1427,1428
2439,1493,1494
2440,1210,1211
2440,1230,1231
2440,1236,1237
2440,1278,1279
2441,1143,1144
2441,1210,1211
2441,1236,1237
2441,1278,1279
2442,1210,1211
2442,1230,1231
2442,1278,1279
2442,1427,1428
2443,540,541
2443,619,620
2443,633,634
2443,636,637
2444,309,310
2444,451,452
2444,484,485
2444,557,558
2445,453,454
2445,633,634
2445,745,746
2445,775,776
2446,453,454
2446,745,746
2446,813,814
2446,837,838
2447,453,454
2447,745,746
2447,775,776
2447,837,838
2448,475,476
2448,515,516
2448,610,611
2448,875,876
2449,515,516
2449,687,688
2449,813,814
2449,892,893
2450,475,476
2450,515,516
2450,822,823
2450,892,893
2451,515,516
2451,687,688
2451,822,823
2451,892,893
2452,463,464
2452,515,516
2452,610,611
2452,875,876
2453,475,476
2453,515,516
2453,822,823
2453,875,876
2454,463,464
2454,515,516
2454,689,690
2454,875,876
2455,515,516
2455,553,554
2455,822,823
2455,875,876
2456,515,516
2456,553,554
2456,687,688
2456,822,823
2457,463,464
2457,515,516
2457,610,611
2457,837,838
2458,463,464
2458,515,516
2458,813,814
2458,837,838
2459,463,464
2459,515,516
2459,689,690
2459,813,814
2460,515,516
2460,687,688
2460,689,690
2460,813,814
2461,453,454
2461,515,516
2461,813,814
2461,892,893
2462,515,516
2462,553,554
2462,689,690
2462,875,876
2463,515,516
2463,553,554
2463,687,688
2463,689,690
2464,755,756
2464,822,823
2464,873,874
2464,895,896
2465,687,688
2465,755,756
2465,822,823
2465,892,893
2466,687,688
2466,753,754
2466,755,756
2466,892,893
2467,531,532
2467,560,561
2467,609,610
2467,663,664
2468,531,532
2468,600,601
2468,609,610
2468,663,664
2469,531,532
2469,600,601
2469,609,610
2469,775,776
2470,441,442
2470,531,532
2470,609,610
2470,775,776
2471,441,442
2471,521,522
2471,531,532
2471,609,610
2472,441,442
2472,531,532
2472,633,634
2472,775,776
2473,441,442
2473,531,532
2473,540,541
2473,633,634
2474,531,532
2474,540,541
2474,633,634
2474,636,637
2475,309,310
2475,521,522
2475,531,532
2475,603,604
2476,309,310
2476,531,532
2476,603,604
2476,636,637
2477,441,442
2477,521,522
2477,531,532
2477,540,541
2478,521,522
2478,531,532
2478,540,541
2478,603,604
2479,531,532
2479,540,541
2479,603,604
2479,636,637
2480,983,984
2480,1291,1292
2480,1292,1293
2480,1313,1314
2481,1118,1119
2481,1156,1157
2481,1291,1292
2481,1518,1519
2482,1118,1119
2482,1156,1157
2482,1291,1292
2482,1389,1390
2483,970,971
2483,1118,1119
2483,1132,1133
2483,1300,1301
2484,983,984
2484,1118,1119
2484,1132,1133
2484,1291,1292
2485,964,965
2485,983,984
2485,1014,1015
2485,1234,1235
2486,719,720
2486,928,929
2486,964,965
2486,1014,1015
2487,1352,1353
2487,1446,1447
2487,1458,1459
2487,1481,1482
2488,1333,1334
2488,1352,1353
2488,1446,1447
2488,1481,1482
2489,1207,1208
2489,1333,1334
2489,1351,1352
2489,1507,1508
2490,1333,1334
2490,1351,1352
2490,1389,1390
2490,1507,1508
2491,1333,1334
2491,1352,1353
2491,1389,1390
2491,1507,1508
2492,1310,1311
2492,1352,1353
2492,1389,1390
2492,1507,1508
2493,918,919
2493,992,993
2493,1248,1249
2493,1282,1283
2494,553,554
2494,687,688
2494,689,690
2494,769,770
2495,443,444
2495,495,496
2495,541,542
2495,672,673
2496,443,444
2496,465,466
2496,672,673
2496,737,738
2497,443,444
2497,555,556
2497,572,573
2497,658,659
2498,443,444
2498,572,573
2498,658,659
2498,860,861
2499,443,444
2499,555,556
2499,572,573
2499,792,793
2500,200,201
2500,300,301
2500,577,578
2500,640,641
2501,200,201
2501,337,338
2501,577,578
2501,640,641
2502,200,201
2502,300,301
2502,355,356
2502,640,641
2503,214,215
2503,300,301
2503,355,356
2503,640,641
2504,483,484
2504,541,542
2504,564,565
2504,632,633
2505,483,484
2505,632,633
2505,672,673
2505,697,698
2506,483,484
2506,541,542
2506,632,633
2506,672,673
2507,393,394
2507,483,484
2507,495,496
2507,697,698
2508,483,484
2508,495,496
2508,672,673
2508,697,698
2509,483,484
2509,495,496
2509,541,542
2509,672,673
2510,362,363
2510,483,484
2510,541,542
2510,564,565
2511,1126,1127
2511,1225,1226
2511,1303,1304
2511,1338,1339
2512,1126,1127
2512,1225,1226
2512,1254,1255
2512,1303,1304
2513,1225,1226
2513,1251,1252
2513,1254,1255
2513,1303,1304
2514,1145,1146
2514,1225,1226
2514,1338,1339
2514,1345,1346
2515,1145,1146
2515,1225,1226
2515,1303,1304
2515,1338,1339
2516,1162,1163
2516,1225,1226
2516,1251,1252
2516,1254,1255
2517,1162,1163
2517,1225,1226
2517,1251,1252
2517,1303,1304
2518,966,967
2518,1196,1197
2518,1312,1313
2518,1316,1317
2519,1132,1133
2519,1261,1262
2519,1313,1314
2519,1316,1317
2520,966,967
2520,1001,1002
2520,1261,1262
2520,1316,1317
2521,1001,1002
2521,1132,1133
2521,1261,1262
2521,1316,1317
2522,966,967
2522,1043,1044
2522,1312,1313
2522,1316,1317
2523,1043,1044
2523,1312,1313
2523,1316,1317
2523,1317,1318
2524,1126,1127
2524,1196,1197
2524,1346,1347
2524,1348,1349
2525,1126,1127
2525,1338,1339
2525,1346,1347
2525,1348,1349
2526,1126,1127
2526,1303,1304
2526,1338,1339
2526,1346,1347
2527,1145,1146
2527,1338,1339
2527,1346,1347
2527,1348,1349
2528,1145,1146
2528,1303,1304
2528,1338,1339
2528,1346,1347
2529,1196,1197
2529,1312,1313
2529,1346,1347
2529,1348,1349
2530,1196,1197
2530,1312,1313
2530,1316,1317
2530,1346,1347
2531,1236,1237
2531,1312,1313
2531,1346,1347
2531,1348,1349
2532,1312,1313
2532,1316,1317
2532,1317,1318
2532,1346,1347
2533,1300,1301
2533,1316,1317
2533,1317,1318
2533,1346,1347
2534,1001,1002
2534,1132,1133
2534,1157,1158
2534,1313,1314
2535,954,955
2535,1001,1002
2535,1132,1133
2535,1157,1158
2536,983,984
2536,1014,1015
2536,1157,1158
2536,1313,1314
2537,1219,1220
2537,1310,1311
2537,1352,1353
2537,1507,1508
2538,1605,1606
2538,1678,1679
2538,1735,1736
2538,1783,1784
2539,1600,1601
2539,1678,1679
2539,1735,1736
2539,1783,1784
2540,1600,1601
2540,1735,1736
2540,1783,1784
2540,1794,1795
2541,1605,1606
2541,1678,1679
2541,1735,1736
2541,1820,1821
2542,1605,1606
2542,1633,1634
2542,1735,1736
2542,1783,1784
2543,1605,1606
2543,1633,1634
2543,1644,1645
2543,1735,1736
2544,1633,1634
2544,1735,1736
2544,1783,1784
2544,1794,1795
2545,1633,1634
2545,1644,1645
2545,1735,1736
2545,1794,1795
2546,1605,1606
2546,1644,1645
2546,1735,1736
2546,1771,1772
2547,1362,1363
2547,1467,1468
2547,1483,1484
2547,1517,1518
2548,1467,1468
2548,1483,1484
2548,1517,1518
2548,1700,1701
2549,1223,1224
2549,1362,1363
2549,1483,1484
2549,1517,1518
2550,1223,1224
2550,1483,1484
2550,1517,1518
2550,1700,1701
2551,1362,1363
2551,1408,1409
2551,1467,1468
2551,1517,1518
2552,1123,1124
2552,1223,1224
2552,1362,1363
2552,1517,1518
2553,1408,1409
2553,1467,1468
2553,1517,1518
2553,1581,1582
2554,1123,1124
2554,1146,1147
2554,1223,1224
2554,1517,1518
2555,1146,1147
2555,1223,1224
2555,1517,1518
2555,1700,1701
2556,1123,1124
2556,1362,1363
2556,1408,1409
2556,1517,1518
2557,1123,1124
2557,1359,1360
2557,1408,1409
2557,1517,1518
2558,1359,1360
2558,1397,1398
2558,1408,1409
2558,1517,1518
2559,1397,1398
2559,1408,1409
2559,1517,1518
2559,1581,1582
2560,1390,1391
2560,1467,1468
2560,1517,1518
2560,1581,1582
2561,1390,1391
2561,1467,1468
2561,1517,1518
2561,1700,1701
2562,1123,1124
2562,1146,1147
2562,1359,1360
2562,1517,1518
2563,1376,1377
2563,1656,1657
2563,1684,1685
2563,1703,1704
2564,1376,1377
2564,1573,1574
2564,1656,1657
2564,1684,1685
2565,1376,1377
2565,1573,1574
2565,1684,1685
2565,1776,1777
2566,1414,1415
2566,1430,1431
2566,1684,1685
2566,1729,1730
2567,1414,1415
2567,1684,1685
2567,1743,1744
2567,1776,1777
2568,1573,1574
2568,1684,1685
2568,1743,1744
2568,1776,1777
2569,1414,1415
2569,1621,1622
2569,1684,1685
2569,1743,1744
2570,1414,1415
2570,1621,1622
2570,1684,1685
2570,1729,1730
2571,1621,1622
2571,1684,1685
2571,1743,1744
2571,1795,1796
2572,1621,1622
2572,1684,1685
2572,1729,1730
2572,1795,1796
2573,1573,1574
2573,1684,1685
2573,1743,1744
2573,1795,1796
2574,1195,1196
2574,1469,1470
2574,1511,1512
2574,1533,1534
2575,1469,1470
2575,1511,1512
2575,1533,1534
2575,1535,1536
2576,1122,1123
2576,1383,1384
2576,1555,1556
2576,1763,1764
2577,1498,1499
2577,1525,1526
2577,1546,1547
2577,1763,1764
2578,1498,1499
2578,1501,1502
2578,1546,1547
2578,1763,1764
2579,1449,1450
2579,1501,1502
2579,1546,1547
2579,1763,1764
2580,1408,1409
2580,1467,1468
2580,1520,1521
2580,1581,1582
2581,1362,1363
2581,1408,1409
2581,1467,1468
2581,1520,1521
2582,1122,1123
2582,1383,1384
2582,1520,1521
2582,1763,1764
2583,1122,1123
2583,1449,1450
2583,1520,1521
2583,1763,1764
2584,1362,1363
2584,1408,1409
2584,1432,1433
2584,1520,1521
2585,1362,1363
2585,1383,1384
2585,1388,1389
2585,1520,1521
2586,1362,1363
2586,1388,1389
2586,1467,1468
2586,1520,1521
2587,1122,1123
2587,1383,1384
2587,1432,1433
2587,1520,1521
2588,1122,1123
2588,1408,1409
2588,1432,1433
2588,1520,1521
2589,1383,1384
2589,1388,1389
2589,1520,1521
2589,1525,1526
2590,1383,1384
2590,1520,1521
2590,1525,1526
2590,1763,1764
2591,1173,1174
2591,1362,1363
2591,1383,1384
2591,1520,1521
2592,1173,1174
2592,1383,1384
2592,1432,1433
2592,1520,1521
2593,1173,1174
2593,1362,1363
2593,1432,1433
2593,1520,1521
2594,1300,1301
2594,1346,1347
2594,1472,1473
2594,1518,1519
2595,1303,1304
2595,1346,1347
2595,1472,1473
2595,1518,1519
2596,1145,1146
2596,1303,1304
2596,1346,1347
2596,1472,1473
2597,1145,1146
2597,1160,1161
2597,1429,1430
2597,1472,1473
2598,1303,1304
2598,1472,1473
2598,1518,1519
2598,1559,1560
2599,1251,1252
2599,1303,1304
2599,1518,1519
2599,1559,1560
2600,1162,1163
2600,1251,1252
2600,1303,1304
2600,1559,1560
2601,1390,1391
2601,1545,1546
2601,1581,1582
2601,1757,1758
2602,1390,1391
2602,1485,1486
2602,1545,1546
2602,1566,1567
2603,1374,1375
2603,1390,1391
2603,1545,1546
2603,1566,1567
2604,1374,1375
2604,1390,1391
2604,1545,1546
2604,1700,1701
2605,1449,1450
2605,1504,1505
2605,1677,1678
2605,1767,1768
2606,1504,1505
2606,1677,1678
2606,1757,1758
2606,1767,1768
2607,1449,1450
2607,1677,1678
2607,1757,1758
2607,1767,1768
2608,1449,1450
2608,1581,1582
2608,1677,1678
2608,1757,1758
2609,1449,1450
2609,1520,1521
2609,1581,1582
2609,1677,1678
2610,1449,1450
2610,1504,1505
2610,1546,1547
2610,1677,1678
2611,1449,1450
2611,1520,1521
2611,1677,1678
2611,1763,1764
2612,1520,1521
2612,1525,1526
2612,1677,1678
2612,1763,1764
2613,1467,1468
2613,1549,1550
2613,1677,1678
2613,1757,1758
2614,1467,1468
2614,1581,1582
2614,1677,1678
2614,1757,1758
2615,1467,1468
2615,1520,1521
2615,1581,1582
2615,1677,1678
2616,1449,1450
2616,1546,1547
2616,1677,1678
2616,1763,1764
2617,1525,1526
2617,1546,1547
2617,1677,1678
2617,1763,1764
2618,1388,1389
2618,1467,1468
2618,1520,1521
2618,1677,1678
2619,1388,1389
2619,1520,1521
2619,1525,1526
2619,1677,1678
2620,1388,1389
2620,1467,1468
2620,1549,1550
2620,1677,1678
2621,1388,1389
2621,1549,1550
2621,1619,1620
2621,1677,1678
2622,1388,1389
2622,1525,1526
2622,1619,1620
2622,1677,1678
2623,1571,1572
2623,1617,1618
2623,1729,1730
2623,1795,1796
2624,1617,1618
2624,1671,1672
2624,1699,1700
2624,1795,1796
2625,1571,1572
2625,1617,1618
2625,1671,1672
2625,1795,1796
2626,1617,1618
2626,1684,1685
2626,1729,1730
2626,1795,1796
2627,1617,1618
2627,1671,1672
2627,1694,1695
2627,1699,1700
2628,1571,1572
2628,1617,1618
2628,1671,1672
2628,1694,1695
2629,1617,1618
2629,1690,1691
2629,1694,1695
2629,1699,1700
2630,1571,1572
2630,1617,1618
2630,1690,1691
2630,1694,1695
2631,1485,1486
2631,1617,1618
2631,1690,1691
2631,1699,1700
2632,1571,1572
2632,1617,1618
2632,1690,1691
2632,1757,1758
2633,1571,1572
2633,1617,1618
2633,1729,1730
2633,1757,1758
2634,1573,1574
2634,1617,1618
2634,1699,1700
2634,1795,1796
2635,1573,1574
2635,1617,1618
2635,1684,1685
2635,1795,1796
2636,1485,1486
2636,1617,1618
2636,1690,1691
2636,1757,1758
2637,1573,1574
2637,1617,1618
2637,1656,1657
2637,1699,1700
2638,1573,1574
2638,1617,1618
2638,1656,1657
2638,1684,1685
2639,1485,1486
2639,1617,1618
2639,1656,1657
2639,1699,1700
2640,1504,1505
2640,1611,1612
2640,1714,1715
2640,1729,1730
2641,1571,1572
2641,1611,1612
2641,1714,1715
2641,1796,1797
2642,1611,1612
2642,1714,1715
2642,1729,1730
2642,1796,1797
2643,1571,1572
2643,1611,1612
2643,1729,1730
2643,1796,1797
2644,1571,1572
2644,1611,1612
2644,1729,1730
2644,1757,1758
2645,1504,1505
2645,1611,1612
2645,1729,1730
2645,1757,1758
2646,1571,1572
2646,1611,1612
2646,1714,1715
2646,1826,1827
2647,1571,1572
2647,1611,1612
2647,1661,1662
2647,1826,1827
2648,1611,1612
2648,1714,1715
2648,1753,1754
2648,1826,1827
2649,1611,1612
2649,1661,1662
2649,1753,1754
2649,1826,1827
2650,1504,1505
2650,1611,1612
2650,1677,1678
2650,1757,1758
2651,1571,1572
2651,1611,1612
2651,1661,1662
2651,1690,1691
2652,1571,1572
2652,1611,1612
2652,1690,1691
2652,1757,1758
2653,1496,1497
2653,1611,1612
2653,1714,1715
2653,1753,1754
2654,1496,1497
2654,1546,1547
2654,1611,1612
2654,1714,1715
2655,1504,1505
2655,1546,1547
2655,1611,1612
2655,1714,1715
2656,1504,1505
2656,1546,1547
2656,1611,1612
2656,1677,1678
2657,1549,1550
2657,1611,1612
2657,1677,1678
2657,1757,1758
2658,1549,1550
2658,1611,1612
2658,1661,1662
2658,1690,1691
2659,1549,1550
2659,1611,1612
2659,1690,1691
2659,1757,1758
2660,1496,1497
2660,1611,1612
2660,1619,1620
2660,1753,1754
2661,1549,1550
2661,1611,1612
2661,1619,1620
2661,1661,1662
2662,1549,1550
2662,1611,1612
2662,1619,1620
2662,1677,1678
2663,1496,1497
2663,1525,1526
2663,1611,1612
2663,1619,1620
2664,1525,1526
2664,1611,1612
2664,1619,1620
2664,1677,1678
2665,1496,1497
2665,1525,1526
2665,1546,1547
2665,1611,1612
2666,1525,1526
2666,1546,1547
2666,1611,1612
2666,1677,1678
2667,1611,1612
2667,1619,1620
2667,1706,1707
2667,1753,1754
2668,1611,1612
2668,1661,1662
2668,1706,1707
2668,1753,1754
2669,1611,1612
2669,1619,1620
2669,1661,1662
2669,1706,1707
2670,1142,1143
2670,1158,1159
2670,1172,1173
2670,1359,1360
2671,1172,1173
2671,1199,1200
2671,1337,1338
2671,1479,1480
2672,1172,1173
2672,1337,1338
2672,1359,1360
2672,1479,1480
2673,1142,1143
2673,1172,1173
2673,1217,1218
2673,1426,1427
2674,1142,1143
2674,1158,1159
2674,1172,1173
2674,1426,1427
2675,929,930
2675,1172,1173
2675,1199,1200
2675,1217,1218
2676,1142,1143
2676,1172,1173
2676,1217,1218
2676,1479,1480
2677,1142,1143
2677,1172,1173
2677,1359,1360
2677,1479,1480
2678,1172,1173
2678,1199,1200
2678,1217,1218
2678,1479,1480
2679,1158,1159
2679,1163,1164
2679,1172,1173
2679,1426,1427
2680,1131,1132
2680,1142,1143
2680,1343,1344
2680,1425,1426
2681,1142,1143
2681,1195,1196
2681,1343,1344
2681,1397,1398
2682,1131,1132
2682,1142,1143
2682,1195,1196
2682,1343,1344
2683,1219,1220
2683,1310,1311
2683,1540,1541
2683,1542,1543
2684,1223,1224
2684,1368,1369
2684,1459,1460
2684,1490,1491
2685,1368,1369
2685,1416,1417
2685,1459,1460
2685,1552,1553
2686,1374,1375
2686,1416,1417
2686,1459,1460
2686,1700,1701
2687,1223,1224
2687,1368,1369
2687,1459,1460
2687,1483,1484
2688,1223,1224
2688,1459,1460
2688,1483,1484
2688,1700,1701
2689,796,797
2689,819,820
2689,825,826
2689,884,885
2690,796,797
2690,819,820
2690,884,885
2690,1028,1029
2691,747,748
2691,796,797
2691,825,826
2691,884,885
2692,819,820
2692,825,826
2692,884,885
2692,1022,1023
2693,809,810
2693,825,826
2693,884,885
2693,1022,1023
2694,747,748
2694,809,810
2694,825,826
2694,884,885
2695,747,748
2695,809,810
2695,884,885
2695,1048,1049
2696,747,748
2696,987,988
2696,1048,1049
2696,1098,1099
2697,776,777
2697,987,988
2697,1098,1099
2697,1103,1104
2698,747,748
2698,987,988
2698,1098,1099
2698,1103,1104
2699,747,748
2699,776,777
2699,987,988
2699,1103,1104
2700,747,748
2700,987,988
2700,1020,1021
2700,1048,1049
2701,677,678
2701,987,988
2701,1020,1021
2701,1048,1049
2702,677,678
2702,987,988
2702,1048,1049
2702,1098,1099
2703,747,748
2703,987,988
2703,1020,1021
2703,1023,1024
2704,747,748
2704,776,777
2704,987,988
2704,1023,1024
2705,742,743
2705,987,988
2705,1098,1099
2705,1101,1102
2706,677,678
2706,742,743
2706,987,988
2706,1098,1099
2707,681,682
2707,747,748
2707,1048,1049
2707,1098,1099
2708,681,682
2708,747,748
2708,796,797
2708,1103,1104
2709,681,682
2709,747,748
2709,1098,1099
2709,1103,1104
2710,681,682
2710,747,748
2710,796,797
2710,884,885
2711,681,682
2711,747,748
2711,884,885
2711,1048,1049
2712,681,682
2712,796,797
2712,884,885
2712,1028,1029
2713,731,732
2713,876,877
2713,913,914
2713,1053,1054
2714,802,803
2714,833,834
2714,876,877
2714,913,914
2715,833,834
2715,876,877
2715,913,914
2715,1110,1111
2716,731,732
2716,876,877
2716,913,914
2716,1110,1111
2717,761,762
2717,802,803
2717,833,834
2717,913,914
2718,731,732
2718,913,914
2718,982,983
2718,1110,1111
2719,833,834
2719,913,914
2719,994,995
2719,1110,1111
2720,913,914
2720,982,983
2720,994,995
2720,1110,1111
2721,761,762
2721,771,772
2721,833,834
2721,913,914
2722,771,772
2722,833,834
2722,913,914
2722,994,995
2723,674,675
2723,698,699
2723,761,762
2723,913,914
2724,761,762
2724,771,772
2724,913,914
2724,1055,1056
2725,771,772
2725,913,914
2725,994,995
2725,1055,1056
2726,911,912
2726,973,974
2726,1016,1017
2726,1176,1177
2727,731,732
2727,911,912
2727,973,974
2727,1016,1017
2728,731,732
2728,973,974
2728,1016,1017
2728,1053,1054
2729,973,974
2729,1016,1017
2729,1104,1105
2729,1176,1177
2730,973,974
2730,1016,1017
2730,1078,1079
2730,1104,1105
2731,937,938
2731,973,974
2731,982,983
2731,1206,1207
2732,731,732
2732,973,974
2732,982,983
2732,1206,1207
2733,911,912
2733,973,974
2733,1010,1011
2733,1176,1177
2734,731,732
2734,911,912
2734,973,974
2734,1206,1207
2735,973,974
2735,1010,1011
2735,1176,1177
2735,1288,1289
2736,937,938
2736,973,974
2736,1010,1011
2736,1288,1289
2737,937,938
2737,973,974
2737,1010,1011
2737,1206,1207
2738,911,912
2738,973,974
2738,1010,1011
2738,1206,1207
2739,831,832
2739,997,998
2739,1028,1029
2739,1074,1075
2740,831,832
2740,963,964
2740,997,998
2740,1074,1075
2741,963,964
2741,997,998
2741,1012,1013
2741,1074,1075
2742,998,999
2742,1012,1013
2742,1038,1039
2742,1104,1105
2743,950,951
2743,998,999
2743,1012,1013
2743,1038,1039
2744,997,998
2744,998,999
2744,1028,1029
2744,1074,1075
2745,998,999
2745,1012,1013
2745,1074,1075
2745,1104,1105
2746,997,998
2746,998,999
2746,1012,1013
2746,1074,1075
2747,747,748
2747,796,797
2747,825,826
2747,902,903
2748,747,748
2748,825,826
2748,902,903
2748,1039,1040
2749,796,797
2749,902,903
2749,928,929
2749,1103,1104
2750,747,748
2750,796,797
2750,902,903
2750,1103,1104
2751,902,903
2751,1023,1024
2751,1039,1040
2751,1103,1104
2752,747,748
2752,902,903
2752,1023,1024
2752,1103,1104
2753,747,748
2753,902,903
2753,1023,1024
2753,1039,1040
2754,1016,1017
2754,1104,1105
2754,1108,1109
2754,1176,1177
2755,979,980
2755,1016,1017
2755,1108,1109
2755,1176,1177
2756,979,980
2756,1108,1109
2756,1176,1177
2756,1243,1244
2757,1016,1017
2757,1074,1075
2757,1104,1105
2757,1108,1109
2758,819,820
2758,1016,1017
2758,1074,1075
2758,1108,1109
2759,819,820
2759,979,980
2759,1016,1017
2759,1108,1109
2760,819,820
2760,825,826
2760,979,980
2760,1108,1109
2761,796,797
2761,819,820
2761,825,826
2761,1108,1109
2762,796,797
2762,825,826
2762,902,903
2762,1108,1109
2763,819,820
2763,1028,1029
2763,1074,1075
2763,1108,1109
2764,998,999
2764,1074,1075
2764,1104,1105
2764,1108,1109
2765,998,999
2765,1028,1029
2765,1074,1075
2765,1108,1109
2766,796,797
2766,819,820
2766,1028,1029
2766,1108,1109
2767,709,710
2767,750,751
2767,754,755
2767,801,802
2768,709,710
2768,741,742
2768,754,755
2768,801,802
2769,709,710
2769,741,742
2769,824,825
2769,963,964
2770,709,710
2770,741,742
2770,801,802
2770,824,825
2771,709,710
2771,716,717
2771,963,964
2771,1314,1315
2772,709,710
2772,716,717
2772,824,825
2772,963,964
2773,709,710
2773,716,717
2773,801,802
2773,824,825
2774,499,500
2774,512,513
2774,534,535
2774,679,680
2775,499,500
2775,534,535
2775,679,680
2775,766,767
2776,499,500
2776,512,513
2776,534,535
2776,596,597
2777,488,489
2777,512,513
2777,534,535
2777,596,597
2778,458,459
2778,488,489
2778,524,525
2778,534,535
2779,488,489
2779,512,513
2779,524,525
2779,534,535
2780,523,524
2780,547,548
2780,579,580
2780,587,588
2781,523,524
2781,547,548
2781,587,588
2781,665,666
2782,547,548
2782,587,588
2782,665,666
2782,810,811
2783,510,511
2783,523,524
2783,587,588
2783,679,680
2784,510,511
2784,523,524
2784,579,580
2784,587,588
2785,523,524
2785,587,588
2785,594,595
2785,679,680
2786,466,467
2786,539,540
2786,805,806
2786,816,817
2787,539,540
2787,587,588
2787,679,680
2787,766,767
2788,510,511
2788,539,540
2788,679,680
2788,899,900
2789,539,540
2789,679,680
2789,805,806
2789,899,900
2790,466,467
2790,539,540
2790,805,806
2790,899,900
2791,510,511
2791,539,540
2791,587,588
2791,679,680
2792,510,511
2792,539,540
2792,579,580
2792,587,588
2793,510,511
2793,539,540
2793,579,580
2793,899,900
2794,539,540
2794,579,580
2794,669,670
2794,899,900
2795,710,711
2795,811,812
2795,818,819
2795,999,1000
2796,466,467
2796,710,711
2796,811,812
2796,999,1000
2797,710,711
2797,818,819
2797,827,828
2797,999,1000
2798,466,467
2798,710,711
2798,827,828
2798,999,1000
2799,710,711
2799,818,819
2799,827,828
2799,1027,1028
2800,710,711
2800,718,719
2800,827,828
2800,1027,1028
2801,516,517
2801,710,711
2801,718,719
2801,1027,1028
2802,710,711
2802,718,719
2802,805,806
2802,827,828
2803,516,517
2803,710,711
2803,718,719
2803,805,806
2804,710,711
2804,805,806
2804,816,817
2804,827,828
2805,466,467
2805,710,711
2805,816,817
2805,827,828
2806,466,467
2806,710,711
2806,805,806
2806,816,817
2807,516,517
2807,710,711
2807,805,806
2807,899,900
2808,466,467
2808,710,711
2808,805,806
2808,899,900
2809,455,456
2809,516,517
2809,710,711
2809,899,900
2810,690,691
2810,817,818
2810,901,902
2810,993,994
2811,690,691
2811,817,818
2811,993,994
2811,999,1000
2812,811,812
2812,817,818
2812,993,994
2812,999,1000
2813,309,310
2813,513,514
2813,551,552
2813,603,604
2814,540,541
2814,546,547
2814,619,620
2814,636,637
2815,546,547
2815,619,620
2815,633,634
2815,636,637
2816,439,440
2816,546,547
2816,633,634
2816,636,637
2817,960,961
2817,1183,1184
2817,1231,1232
2817,1267,1268
2818,960,961
2818,1143,1144
2818,1231,1232
2818,1317,1318
2819,960,961
2819,1231,1232
2819,1267,1268
2819,1317,1318
2820,1043,1044
2820,1143,1144
2820,1231,1232
2820,1317,1318
2821,1043,1044
2821,1143,1144
2821,1231,1232
2821,1288,1289
2822,1038,1039
2822,1043,1044
2822,1231,1232
2822,1288,1289
2823,940,941
2823,1038,1039
2823,1231,1232
2823,1288,1289
2824,923,924
2824,1197,1198
2824,1322,1323
2824,1349,1350
2825,1197,1198
2825,1287,1288
2825,1322,1323
2825,1349,1350
2826,1159,1160
2826,1287,1288
2826,1322,1323
2826,1385,1386
2827,1287,1288
2827,1322,1323
2827,1349,1350
2827,1385,1386
2828,923,924
2828,1129,1130
2828,1277,1278
2828,1322,1323
2829,923,924
2829,1129,1130
2829,1322,1323
2829,1349,1350
2830,1129,1130
2830,1277,1278
2830,1322,1323
2830,1349,1350
2831,923,924
2831,1211,1212
2831,1277,1278
2831,1322,1323
2832,1189,1190
2832,1277,1278
2832,1322,1323
2832,1349,1350
2833,1159,1160
2833,1189,1190
2833,1322,1323
2833,1385,1386
2834,1189,1190
2834,1322,1323
2834,1349,1350
2834,1385,1386
2835,1159,1160
2835,1189,1190
2835,1297,1298
2835,1322,1323
2836,1159,1160
2836,1286,1287
2836,1297,1298
2836,1322,1323
2837,1211,1212
2837,1273,1274
2837,1286,1287
2837,1322,1323
2838,1189,1190
2838,1273,1274
2838,1297,1298
2838,1322,1323
2839,1273,1274
2839,1286,1287
2839,1297,1298
2839,1322,1323
2840,923,924
2840,1211,1212
2840,1240,1241
2840,1299,1300
2841,923,924
2841,1211,1212
2841,1299,1300
2841,1322,1323
2842,1211,1212
2842,1286,1287
2842,1299,1300
2842,1322,1323
2843,1211,1212
2843,1240,1241
2843,1299,1300
2843,1328,1329
2844,978,979
2844,1286,1287
2844,1299,1300
2844,1328,1329
2845,1211,1212
2845,1273,1274
2845,1299,1300
2845,1328,1329
2846,1273,1274
2846,1286,1287
2846,1299,1300
2846,1328,1329
2847,1211,1212
2847,1273,1274
2847,1286,1287
2847,1299,1300
2848,716,717
2848,1054,1055
2848,1107,1108
2848,1314,1315
2849,716,717
2849,1054,1055
2849,1102,1103
2849,1107,1108
2850,709,710
2850,716,717
2850,1054,1055
2850,1314,1315
2851,750,751
2851,830,831
2851,1046,1047
2851,1054,1055
2852,709,710
2852,750,751
2852,1046,1047
2852,1054,1055
2853,1054,1055
2853,1059,1060
2853,1102,1103
2853,1107,1108
2854,690,691
2854,830,831
2854,993,994
2854,1059,1060
2855,690,691
2855,901,902
2855,993,994
2855,1059,1060
2856,951,952
2856,969,970
2856,1106,1107
2856,1149,1150
2857,940,941
2857,969,970
2857,1106,1107
2857,1149,1150
2858,978,979
2858,1006,1007
2858,1286,1287
2858,1299,1300
2859,1130,1131
2859,1273,1274
2859,1445,1446
2859,1480,1481
2860,1189,1190
2860,1273,1274
2860,1297,1298
2860,1445,1446
2861,1189,1190
2861,1297,1298
2861,1445,1446
2861,1480,1481
2862,1273,1274
2862,1297,1298
2862,1445,1446
2862,1480,1481
2863,1130,1131
2863,1211,1212
2863,1384,1385
2863,1445,1446
2864,1211,1212
2864,1273,1274
2864,1329,1330
2864,1445,1446
2865,1130,1131
2865,1211,1212
2865,1329,1330
2865,1445,1446
2866,1130,1131
2866,1273,1274
2866,1329,1330
2866,1445,1446
2867,1189,1190
2867,1273,1274
2867,1322,1323
2867,1445,1446
2868,1189,1190
2868,1277,1278
2868,1322,1323
2868,1445,1446
2869,1211,1212
2869,1273,1274
2869,1322,1323
2869,1445,1446
2870,1211,1212
2870,1277,1278
2870,1322,1323
2870,1445,1446
2871,1189,1190
2871,1277,1278
2871,1340,1341
2871,1445,1446
2872,1340,1341
2872,1384,1385
2872,1445,1446
2872,1513,1514
2873,1130,1131
2873,1215,1216
2873,1255,1256
2873,1480,1481
2874,1215,1216
2874,1255,1256
2874,1279,1280
2874,1480,1481
2875,1255,1256
2875,1415,1416
2875,1513,1514
2875,1682,1683
2876,1130,1131
2876,1255,1256
2876,1445,1446
2876,1480,1481
2877,1255,1256
2877,1384,1385
2877,1445,1446
2877,1513,1514
2878,1130,1131
2878,1255,1256
2878,1384,1385
2878,1445,1446
2879,1255,1256
2879,1279,1280
2879,1415,1416
2879,1500,1501
2880,1255,1256
2880,1279,1280
2880,1480,1481
2880,1500,1501
2881,1415,1416
2881,1465,1466
2881,1500,1501
2881,1643,1644
2882,1415,1416
2882,1500,1501
2882,1513,1514
2882,1643,1644
2883,1255,1256
2883,1415,1416
2883,1500,1501
2883,1513,1514
2884,1342,1343
2884,1465,1466
2884,1500,1501
2884,1643,1644
2885,1189,1190
2885,1342,1343
2885,1500,1501
2885,1553,1554
2886,1189,1190
2886,1480,1481
2886,1500,1501
2886,1553,1554
2887,1255,1256
2887,1445,1446
2887,1500,1501
2887,1513,1514
2888,1255,1256
2888,1445,1446
2888,1480,1481
2888,1500,1501
2889,1500,1501
2889,1513,1514
2889,1563,1564
2889,1643,1644
2890,1342,1343
2890,1500,1501
2890,1563,1564
2890,1643,1644
2891,1189,1190
2891,1342,1343
2891,1500,1501
2891,1563,1564
2892,1189,1190
2892,1445,1446
2892,1480,1481
2892,1500,1501
2893,1189,1190
2893,1340,1341
2893,1445,1446
2893,1500,1501
2894,1340,1341
2894,1500,1501
2894,1513,1514
2894,1563,1564
2895,1340,1341
2895,1445,1446
2895,1500,1501
2895,1513,1514
2896,1116,1117
2896,1191,1192
2896,1247,1248
2896,1275,1276
2897,1188,1189
2897,1191,1192
2897,1247,1248
2897,1451,1452
2898,1188,1189
2898,1247,1248
2898,1308,1309
2898,1479,1480
2899,1247,1248
2899,1308,1309
2899,1451,1452
2899,1479,1480
2900,1188,1189
2900,1247,1248
2900,1451,1452
2900,1479,1480
2901,1204,1205
2901,1247,1248
2901,1308,1309
2901,1451,1452
2902,1204,1205
2902,1247,1248
2902,1275,1276
2902,1451,1452
2903,978,979
2903,1057,1058
2903,1070,1071
2903,1274,1275
2904,978,979
2904,1070,1071
2904,1208,1209
2904,1274,1275
2905,978,979
2905,1057,1058
2905,1274,1275
2905,1318,1319
2906,1057,1058
2906,1168,1169
2906,1274,1275
2906,1318,1319
2907,1060,1061
2907,1168,1169
2907,1274,1275
2907,1318,1319
2908,763,764
2908,959,960
2908,1076,1077
2908,1274,1275
2909,763,764
2909,1060,1061
2909,1076,1077
2909,1274,1275
2910,1057,1058
2910,1193,1194
2910,1215,1216
2910,1304,1305
2911,978,979
2911,1057,1058
2911,1193,1194
2911,1215,1216
2912,1193,1194
2912,1215,1216
2912,1304,1305
2912,1480,1481
2913,1193,1194
2913,1215,1216
2913,1297,1298
2913,1480,1481
2914,1193,1194
2914,1215,1216
2914,1273,1274
2914,1297,1298
2915,978,979
2915,1193,1194
2915,1215,1216
2915,1273,1274
2916,978,979
2916,1193,1194
2916,1273,1274
2916,1297,1298
2917,978,979
2917,1057,1058
2917,1193,1194
2917,1318,1319
2918,1191,1192
2918,1193,1194
2918,1304,1305
2918,1480,1481
2919,1191,1192
2919,1193,1194
2919,1297,1298
2919,1480,1481
2920,1057,1058
2920,1116,1117
2920,1193,1194
2920,1304,1305
2921,1116,1117
2921,1191,1192
2921,1193,1194
2921,1304,1305
2922,978,979
2922,1193,1194
2922,1286,1287
2922,1297,1298
2923,978,979
2923,1006,1007
2923,1193,1194
2923,1318,1319
2924,978,979
2924,1006,1007
2924,1193,1194
2924,1286,1287
2925,1057,1058
2925,1116,1117
2925,1168,1169
2925,1193,1194
2926,1057,1058
2926,1168,1169
2926,1193,1194
2926,1318,1319
2927,1116,1117
2927,1191,1192
2927,1193,1194
2927,1247,1248
2928,1188,1189
2928,1191,1192
2928,1193,1194
2928,1297,1298
2929,1188,1189
2929,1191,1192
2929,1193,1194
2929,1247,1248
2930,909,910
2930,1116,1117
2930,1168,1169
2930,1193,1194
2931,909,910
2931,1168,1169
2931,1193,1194
2931,1318,1319
2932,909,910
2932,1116,1117
2932,1193,1194
2932,1247,1248
2933,690,691
2933,768,769
2933,830,831
2933,999,1000
2934,768,769
2934,816,817
2934,830,831
2934,999,1000
2935,690,691
2935,768,769
2935,830,831
2935,1059,1060
2936,768,769
2936,830,831
2936,1059,1060
2936,1102,1103
2937,690,691
2937,768,769
2937,1059,1060
2937,1102,1103
2938,690,691
2938,768,769
2938,1094,1095
2938,1102,1103
2939,768,769
2939,772,773
2939,806,807
2939,1094,1095
2940,768,769
2940,806,807
2940,1094,1095
2940,1102,1103
2941,535,536
2941,766,767
2941,772,773
2941,870,871
2942,586,587
2942,614,615
2942,750,751
2942,754,755
2943,586,587
2943,750,751
2943,754,755
2943,801,802
2944,586,587
2944,614,615
2944,750,751
2944,805,806
2945,586,587
2945,750,751
2945,805,806
2945,816,817
2946,499,500
2946,586,587
2946,614,615
2946,754,755
2947,499,500
2947,586,587
2947,614,615
2947,679,680
2948,586,587
2948,614,615
2948,679,680
2948,805,806
2949,539,540
2949,586,587
2949,805,806
2949,816,817
2950,499,500
2950,586,587
2950,679,680
2950,766,767
2951,539,540
2951,586,587
2951,679,680
2951,805,806
2952,539,540
2952,586,587
2952,679,680
2952,766,767
2953,917,918
2953,951,952
2953,1082,1083
2953,1200,1201
2954,917,918
2954,951,952
2954,1044,1045
2954,1082,1083
2955,768,769
2955,806,807
2955,930,931
2955,1102,1103
2956,535,536
2956,772,773
2956,870,871
2956,930,931
2957,716,717
2957,801,802
2957,824,825
2957,930,931
2958,768,769
2958,772,773
2958,806,807
2958,930,931
2959,768,769
2959,772,773
2959,870,871
2959,930,931
2960,473,474
2960,564,565
2960,623,624
2960,860,861
2961,473,474
2961,623,624
2961,635,636
2961,860,861
2962,541,542
2962,564,565
2962,623,624
2962,860,861
2963,362,363
2963,541,542
2963,564,565
2963,623,624
2964,675,676
2964,828,829
2964,943,944
2964,1002,1003
2965,675,676
2965,847,848
2965,943,944
2965,1002,1003
2966,537,538
2966,652,653
2966,685,686
2966,703,704
2967,537,538
2967,572,573
2967,652,653
2967,759,760
2968,480,481
2968,537,538
2968,613,614
2968,714,715
2969,480,481
2969,537,538
2969,685,686
2969,714,715
2970,480,481
2970,537,538
2970,613,614
2970,685,686
2971,537,538
2971,608,609
2971,685,686
2971,714,715
2972,537,538
2972,608,609
2972,714,715
2972,749,750
2973,320,321
2973,440,441
2973,491,492
2973,562,563
2974,275,276
2974,287,288
2974,320,321
2974,491,492
2975,287,288
2975,320,321
2975,491,492
2975,620,621
2976,320,321
2976,491,492
2976,562,563
2976,620,621
2977,491,492
2977,562,563
2977,620,621
2977,793,794
2978,491,492
2978,498,499
2978,620,621
2978,793,794
2979,42,43
2979,144,145
2979,195,196
2979,296,297
2980,97,98
2980,140,141
2980,195,196
2980,325,326
2981,97,98
2981,140,141
2981,195,196
2981,301,302
2982,140,141
2982,195,196
2982,325,326
2982,638,639
2983,144,145
2983,195,196
2983,306,307
2983,325,326
2984,144,145
2984,195,196
2984,296,297
2984,306,307
2985,144,145
2985,195,196
2985,325,326
2985,340,341
2986,97,98
2986,195,196
2986,325,326
2986,340,341
2987,42,43
2987,144,145
2987,195,196
2987,340,341
2988,42,43
2988,97,98
2988,195,196
2988,340,341
2989,140,141
2989,195,196
2989,301,302
2989,597,598
2990,140,141
2990,195,196
2990,597,598
2990,638,639
2991,195,196
2991,306,307
2991,325,326
2991,638,639
2992,42,43
2992,137,138
2992,307,308
2992,340,341
2993,42,43
2993,144,145
2993,307,308
2993,340,341
2994,42,43
2994,203,204
2994,307,308
2994,396,397
2995,42,43
2995,58,59
2995,137,138
2995,307,308
2996,42,43
2996,123,124
2996,144,145
2996,296,297
2997,42,43
2997,123,124
2997,144,145
2997,307,308
2998,42,43
2998,123,124
2998,203,204
2998,307,308
2999,42,43
2999,123,124
2999,203,204
2999,396,397
3000,123,124
3000,203,204
3000,350,351
3000,396,397
3001,1492,1493
3001,1506,1507
3001,1519,1520
3001,1728,1729
3002,1421,1422
3002,1492,1493
3002,1506,1507
3002,1728,1729
3003,1370,1371
3003,1492,1493
3003,1519,1520
3003,1728,1729
3004,1370,1371
3004,1442,1443
3004,1462,1463
3004,1728,1729
3005,1370,1371
3005,1462,1463
3005,1519,1520
3005,1728,1729
3006,22,23
3006,48,49
3006,120,121
3006,211,212
3007,22,23
3007,25,26
3007,48,49
3007,211,212
3008,203,204
3008,211,212
3008,350,351
3008,396,397
3009,211,212
3009,350,351
3009,381,382
3009,396,397
3010,3,4
3010,29,30
3010,93,94
3010,125,126
3011,3,4
3011,93,94
3011,125,126
3011,148,149
3012,3,4
3012,29,30
3012,93,94
3012,124,125
3013,3,4
3013,10,11
3013,93,94
3013,148,149
3014,3,4
3014,10,11
3014,93,94
3014,124,125
3015,29,30
3015,61,62
3015,93,94
3015,124,125
3016,29,30
3016,61,62
3016,93,94
3016,177,178
3017,29,30
3017,93,94
3017,125,126
3017,177,178
3018,8,9
3018,61,62
3018,93,94
3018,124,125
3019,4,5
3019,61,62
3019,93,94
3019,177,178
3020,4,5
3020,8,9
3020,61,62
3020,93,94
3021,25,26
3021,93,94
3021,125,126
3021,177,178
3022,25,26
3022,93,94
3022,125,126
3022,148,149
3023,75,76
3023,103,104
3023,272,273
3023,374,375
3024,75,76
3024,148,149
3024,272,273
3024,374,375
3025,103,104
3025,338,339
3025,374,375
3025,418,419
3026,25,26
3026,75,76
3026,148,149
3026,374,375
3027,25,26
3027,148,149
3027,374,375
3027,381,382
3028,459,460
3028,582,583
3028,660,661
3028,663,664
3029,459,460
3029,557,558
3029,582,583
3029,663,664
3030,309,310
3030,459,460
3030,557,558
3030,663,664
3031,309,310
3031,459,460
3031,531,532
3031,663,664
3032,525,526
3032,590,591
3032,620,621
3032,637,638
3033,498,499
3033,590,591
3033,620,621
3033,637,638
3034,209,210
3034,525,526
3034,590,591
3034,637,638
3035,209,210
3035,536,537
3035,590,591
3035,637,638
3036,498,499
3036,536,537
3036,590,591
3036,637,638
3037,209,210
3037,536,537
3037,590,591
3037,649,650
3038,498,499
3038,536,537
3038,590,591
3038,649,650
3039,209,210
3039,525,526
3039,590,591
3039,668,669
3040,364,365
3040,525,526
3040,590,591
3040,668,669
3041,209,210
3041,364,365
3041,590,591
3041,668,669
3042,234,235
3042,261,262
3042,364,365
3042,590,591
3043,234,235
3043,364,365
3043,525,526
3043,590,591
3044,234,235
3044,261,262
3044,287,288
3044,590,591
3045,234,235
3045,287,288
3045,590,591
3045,620,621
3046,261,262
3046,287,288
3046,290,291
3046,590,591
3047,287,288
3047,491,492
3047,590,591
3047,620,621
3048,491,492
3048,498,499
3048,590,591
3048,620,621
3049,261,262
3049,364,365
3049,590,591
3049,649,650
3050,209,210
3050,364,365
3050,590,591
3050,649,650
3051,261,262
3051,290,291
3051,590,591
3051,649,650
3052,290,291
3052,498,499
3052,590,591
3052,649,650
3053,287,288
3053,290,291
3053,491,492
3053,590,591
3054,290,291
3054,491,492
3054,498,499
3054,590,591
3055,452,453
3055,652,653
3055,692,693
3055,793,794
3056,452,453
3056,498,499
3056,692,693
3056,793,794
3057,452,453
3057,498,499
3057,652,653
3057,692,693
3058,452,453
3058,652,653
3058,685,686
3058,793,794
3059,452,453
3059,491,492
3059,498,499
3059,793,794
3060,452,453
3060,685,686
3060,726,727
3060,793,794
3061,290,291
3061,452,453
3061,491,492
3061,498,499
3062,452,453
3062,562,563
3062,726,727
3062,793,794
3063,452,453
3063,491,492
3063,562,563
3063,793,794
3064,440,441
3064,452,453
3064,562,563
3064,726,727
3065,440,441
3065,452,453
3065,491,492
3065,562,563
3066,452,453
3066,480,481
3066,685,686
3066,726,727
3067,440,441
3067,452,453
3067,480,481
3067,726,727
3068,498,499
3068,536,537
3068,575,576
3068,606,607
3069,498,499
3069,536,537
3069,606,607
3069,692,693
3070,498,499
3070,606,607
3070,652,653
3070,692,693
3071,536,537
3071,575,576
3071,606,607
3071,788,789
3072,290,291
3072,498,499
3072,575,576
3072,606,607
3073,536,537
3073,606,607
3073,692,693
3073,788,789
3074,606,607
3074,652,653
3074,692,693
3074,788,789
3075,606,607
3075,652,653
3075,759,760
3075,788,789
3076,290,291
3076,452,453
3076,498,499
3076,606,607
3077,452,453
3077,498,499
3077,606,607
3077,652,653
3078,464,465
3078,606,607
3078,759,760
3078,788,789
3079,464,465
3079,575,576
3079,606,607
3079,788,789
3080,234,235
3080,379,380
3080,390,391
3080,496,497
3081,234,235
3081,269,270
3081,324,325
3081,390,391
3082,234,235
3082,324,325
3082,379,380
3082,390,391
3083,269,270
3083,324,325
3083,379,380
3083,390,391
3084,234,235
3084,269,270
3084,390,391
3084,668,669
3085,234,235
3085,390,391
3085,525,526
3085,668,669
3086,315,316
3086,390,391
3086,525,526
3086,668,669
3087,269,270
3087,379,380
3087,390,391
3087,548,549
3088,269,270
3088,390,391
3088,548,549
3088,668,669
3089,315,316
3089,390,391
3089,548,549
3089,668,669
3090,234,235
3090,236,237
3090,261,262
3090,287,288
3091,234,235
3091,236,237
3091,261,262
3091,423,424
3092,190,191
3092,234,235
3092,236,237
3092,423,424
3093,190,191
3093,234,235
3093,236,237
3093,324,325
3094,236,237
3094,275,276
3094,287,288
3094,428,429
3095,179,180
3095,236,237
3095,287,288
3095,428,429
3096,236,237
3096,255,256
3096,275,276
3096,428,429
3097,236,237
3097,255,256
3097,275,276
3097,343,344
3098,190,191
3098,236,237
3098,324,325
3098,383,384
3099,179,180
3099,236,237
3099,324,325
3099,383,384
3100,179,180
3100,236,237
3100,255,256
3100,428,429
3101,74,75
3101,190,191
3101,236,237
3101,343,344
3102,179,180
3102,236,237
3102,255,256
3102,406,407
3103,236,237
3103,255,256
3103,343,344
3103,406,407
3104,234,235
3104,236,237
3104,324,325
3104,496,497
3105,179,180
3105,236,237
3105,324,325
3105,496,497
3106,234,235
3106,236,237
3106,287,288
3106,496,497
3107,179,180
3107,236,237
3107,287,288
3107,496,497
3108,74,75
3108,190,191
3108,236,237
3108,383,384
3109,179,180
3109,236,237
3109,383,384
3109,406,407
3110,74,75
3110,236,237
3110,383,384
3110,406,407
3111,74,75
3111,236,237
3111,351,352
3111,406,407
3112,236,237
3112,343,344
3112,351,352
3112,406,407
3113,74,75
3113,236,237
3113,343,344
3113,351,352
3114,197,198
3114,290,291
3114,427,428
3114,598,599
3115,197,198
3115,290,291
3115,598,599
3115,649,650
3116,197,198
3116,598,599
3116,648,649
3116,649,650
3117,197,198
3117,570,571
3117,575,576
3117,649,650
3118,197,198
3118,290,291
3118,575,576
3118,649,650
3119,197,198
3119,290,291
3119,575,576
3119,606,607
3120,261,262
3120,290,291
3120,427,428
3120,517,518
3121,261,262
3121,287,288
3121,290,291
3121,517,518
3122,261,262
3122,275,276
3122,287,288
3122,517,518
3123,287,288
3123,290,291
3123,491,492
3123,517,518
3124,275,276
3124,287,288
3124,491,492
3124,517,518
3125,230,231
3125,275,276
3125,517,518
3125,597,598
3126,275,276
3126,427,428
3126,517,518
3126,597,598
3127,230,231
3127,427,428
3127,517,518
3127,597,598
3128,230,231
3128,275,276
3128,436,437
3128,517,518
3129,290,291
3129,452,453
3129,491,492
3129,517,518
3130,275,276
3130,320,321
3130,436,437
3130,517,518
3131,275,276
3131,320,321
3131,491,492
3131,517,518
3132,320,321
3132,436,437
3132,440,441
3132,517,518
3133,320,321
3133,440,441
3133,491,492
3133,517,518
3134,235,236
3134,296,297
3134,355,356
3134,472,473
3135,200,201
3135,235,236
3135,355,356
3135,472,473
3136,214,215
3136,300,301
3136,355,356
3136,472,473
3137,200,201
3137,300,301
3137,355,356
3137,472,473
3138,376,377
3138,427,428
3138,493,494
3138,653,654
3139,197,198
3139,427,428
3139,493,494
3139,598,599
3140,197,198
3140,376,377
3140,427,428
3140,493,494
3141,427,428
3141,435,436
3141,493,494
3141,598,599
3142,197,198
3142,493,494
3142,598,599
3142,648,649
3143,197,198
3143,376,377
3143,493,494
3143,648,649
3144,427,428
3144,435,436
3144,493,494
3144,597,598
3145,427,428
3145,493,494
3145,597,598
3145,653,654
3146,247,248
3146,435,436
3146,493,494
3146,598,599
3147,222,223
3147,247,248
3147,435,436
3147,493,494
3148,247,248
3148,493,494
3148,598,599
3148,648,649
3149,222,223
3149,247,248
3149,493,494
3149,648,649
3150,220,221
3150,376,377
3150,493,494
3150,648,649
3151,214,215
3151,220,221
3151,222,223
3151,493,494
3152,214,215
3152,220,221
3152,493,494
3152,653,654
3153,220,221
3153,376,377
3153,493,494
3153,653,654
3154,222,223
3154,372,373
3154,493,494
3154,648,649
3155,220,221
3155,372,373
3155,493,494
3155,648,649
3156,220,221
3156,222,223
3156,372,373
3156,493,494
3157,453,454
3157,624,625
3157,782,783
3157,892,893
3158,684,685
3158,824,825
3158,831,832
3158,861,862
3159,684,685
3159,741,742
3159,824,825
3159,831,832
3160,684,685
3160,741,742
3160,801,802
3160,824,825
3161,684,685
3161,801,802
3161,824,825
3161,930,931
3162,684,685
3162,824,825
3162,861,862
3162,930,931
3163,684,685
3163,741,742
3163,831,832
3163,849,850
3164,684,685
3164,741,742
3164,801,802
3164,849,850
3165,596,597
3165,684,685
3165,849,850
3165,855,856
3166,684,685
3166,754,755
3166,801,802
3166,849,850
3167,531,532
3167,600,601
3167,645,646
3167,775,776
3168,531,532
3168,633,634
3168,645,646
3168,775,776
3169,439,440
3169,633,634
3169,636,637
3169,645,646
3170,531,532
3170,633,634
3170,636,637
3170,645,646
3171,439,440
3171,467,468
3171,636,637
3171,645,646
3172,531,532
3172,600,601
3172,645,646
3172,663,664
3173,459,460
3173,600,601
3173,645,646
3173,663,664
3174,459,460
3174,531,532
3174,645,646
3174,663,664
3175,309,310
3175,531,532
3175,636,637
3175,645,646
3176,309,310
3176,459,460
3176,531,532
3176,645,646
3177,309,310
3177,467,468
3177,636,637
3177,645,646
3178,309,310
3178,467,468
3178,557,558
3178,645,646
3179,309,310
3179,459,460
3179,557,558
3179,645,646
3180,459,460
3180,467,468
3180,557,558
3180,645,646
3181,465,466
3181,568,569
3181,725,726
3181,821,822
3182,465,466
3182,568,569
3182,737,738
3182,821,822
3183,737,738
3183,784,785
3183,821,822
3183,852,853
3184,742,743
3184,784,785
3184,821,822
3184,852,853
3185,464,465
3185,503,504
3185,526,527
3185,845,846
3186,464,465
3186,512,513
3186,526,527
3186,596,597
3187,464,465
3187,503,504
3187,526,527
3187,596,597
3188,526,527
3188,552,553
3188,570,571
3188,845,846
3189,464,465
3189,526,527
3189,570,571
3189,845,846
3190,488,489
3190,512,513
3190,526,527
3190,596,597
3191,488,489
3191,512,513
3191,524,525
3191,526,527
3192,503,504
3192,526,527
3192,673,674
3192,845,846
3193,464,465
3193,526,527
3193,570,571
3193,667,668
3194,464,465
3194,512,513
3194,526,527
3194,667,668
3195,512,513
3195,524,525
3195,526,527
3195,667,668
3196,449,450
3196,471,472
3196,524,525
3196,526,527
3197,471,472
3197,488,489
3197,528,529
3197,693,694
3198,596,597
3198,673,674
3198,693,694
3198,855,856
3199,488,489
3199,526,527
3199,596,597
3199,693,694
3200,471,472
3200,488,489
3200,524,525
3200,693,694
3201,488,489
3201,524,525
3201,526,527
3201,693,694
3202,471,472
3202,524,525
3202,526,527
3202,693,694
3203,503,504
3203,596,597
3203,673,674
3203,693,694
3204,503,504
3204,526,527
3204,673,674
3204,693,694
3205,503,504
3205,526,527
3205,596,597
3205,693,694
3206,526,527
3206,552,553
3206,693,694
3206,845,846
3207,526,527
3207,673,674
3207,693,694
3207,845,846
3208,449,450
3208,526,527
3208,552,553
3208,693,694
3209,449,450
3209,471,472
3209,526,527
3209,693,694
3210,1221,1222
3210,1238,1239
3210,1453,1454
3210,1521,1522
3211,1341,1342
3211,1393,1394
3211,1521,1522
3211,1547,1548
3212,1221,1222
3212,1309,1310
3212,1453,1454
3212,1521,1522
3213,1221,1222
3213,1309,1310
3213,1393,1394
3213,1521,1522
3214,1309,1310
3214,1341,1342
3214,1393,1394
3214,1521,1522
3215,678,679
3215,891,892
3215,994,995
3215,1044,1045
3216,891,892
3216,953,954
3216,994,995
3216,1044,1045
3217,891,892
3217,906,907
3217,1044,1045
3217,1335,1336
3218,678,679
3218,891,892
3218,1046,1047
3218,1055,1056
3219,678,679
3219,891,892
3219,994,995
3219,1055,1056
3220,827,828
3220,891,892
3220,1046,1047
3220,1077,1078
3221,678,679
3221,827,828
3221,891,892
3221,1077,1078
3222,678,679
3222,827,828
3222,891,892
3222,1046,1047
3223,53,54
3223,224,225
3223,288,289
3223,332,333
3224,1580,1581
3224,1582,1583
3224,1594,1595
3224,1657,1658
3225,1582,1583
3225,1594,1595
3225,1657,1658
3225,1842,1843
3226,1582,1583
3226,1594,1595
3226,1786,1787
3226,1842,1843
3227,1594,1595
3227,1609,1610
3227,1657,1658
3227,1842,1843
3228,1580,1581
3228,1582,1583
3228,1594,1595
3228,1790,1791
3229,1609,1610
3229,1650,1651
3229,1803,1804
3229,1842,1843
3230,1609,1610
3230,1650,1651
3230,1670,1671
3230,1803,1804
3231,1650,1651
3231,1702,1703
3231,1803,1804
3231,1848,1849
3232,1702,1703
3232,1786,1787
3232,1803,1804
3232,1848,1849
3233,1650,1651
3233,1702,1703
3233,1803,1804
3233,1806,1807
3234,1608,1609
3234,1702,1703
3234,1803,1804
3234,1806,1807
3235,1583,1584
3235,1702,1703
3235,1786,1787
3235,1803,1804
3236,1583,1584
3236,1608,1609
3236,1702,1703
3236,1803,1804
3237,1650,1651
3237,1803,1804
3237,1842,1843
3237,1848,1849
3238,1786,1787
3238,1803,1804
3238,1842,1843
3238,1848,1849
3239,1594,1595
3239,1786,1787
3239,1803,1804
3239,1842,1843
3240,1594,1595
3240,1609,1610
3240,1803,1804
3240,1842,1843
3241,1584,1585
3241,1650,1651
3241,1670,1671
3241,1803,1804
3242,1583,1584
3242,1594,1595
3242,1786,1787
3242,1803,1804
3243,1584,1585
3243,1650,1651
3243,1803,1804
3243,1806,1807
3244,1584,1585
3244,1608,1609
3244,1803,1804
3244,1806,1807
3245,1373,1374
3245,1404,1405
3245,1420,1421
3245,1725,1726
3246,1373,1374
3246,1404,1405
3246,1420,1421
3246,1626,1627
3247,1230,1231
3247,1319,1320
3247,1387,1388
3247,1539,1540
3248,1230,1231
3248,1319,1320
3248,1394,1395
3248,1539,1540
3249,1230,1231
3249,1319,1320
3249,1360,1361
3249,1394,1395
3250,1319,1320
3250,1360,1361
3250,1394,1395
3250,1429,1430
3251,1230,1231
3251,1319,1320
3251,1387,1388
3251,1427,1428
3252,1210,1211
3252,1230,1231
3252,1319,1320
3252,1427,1428
3253,1210,1211
3253,1230,1231
3253,1319,1320
3253,1360,1361
3254,1391,1392
3254,1478,1479
3254,1488,1489
3254,1495,1496
3255,1371,1372
3255,1478,1479
3255,1488,1489
3255,1585,1586
3256,1371,1372
3256,1391,1392
3256,1478,1479
3256,1488,1489
3257,1343,1344
3257,1371,1372
3257,1478,1479
3257,1585,1586
3258,1583,1584
3258,1654,1655
3258,1720,1721
3258,1758,1759
3259,1583,1584
3259,1647,1648
3259,1654,1655
3259,1720,1721
3260,1566,1567
3260,1647,1648
3260,1654,1655
3260,1720,1721
3261,1583,1584
3261,1587,1588
3261,1720,1721
3261,1758,1759
3262,1489,1490
3262,1566,1567
3262,1654,1655
3262,1720,1721
3263,1489,1490
3263,1654,1655
3263,1720,1721
3263,1758,1759
3264,1537,1538
3264,1587,1588
3264,1720,1721
3264,1758,1759
3265,1489,1490
3265,1537,1538
3265,1566,1567
3265,1720,1721
3266,1489,1490
3266,1537,1538
3266,1720,1721
3266,1758,1759
3267,1566,1567
3267,1647,1648
3267,1720,1721
3267,1732,1733
3268,1399,1400
3268,1647,1648
3268,1720,1721
3268,1732,1733
3269,1392,1393
3269,1566,1567
3269,1720,1721
3269,1732,1733
3270,1392,1393
3270,1537,1538
3270,1566,1567
3270,1720,1721
3271,1392,1393
3271,1405,1406
3271,1720,1721
3271,1732,1733
3272,1392,1393
3272,1405,1406
3272,1537,1538
3272,1720,1721
3273,1405,1406
3273,1537,1538
3273,1587,1588
3273,1720,1721
3274,6,7
3274,59,60
3274,63,64
3274,182,183
3275,54,55
3275,118,119
3275,136,137
3275,182,183
3276,54,55
3276,118,119
3276,180,181
3276,182,183
3277,54,55
3277,136,137
3277,182,183
3277,398,399
3278,45,46
3278,280,281
3278,313,314
3278,330,331
3279,45,46
3279,56,57
3279,313,314
3279,358,359
3280,45,46
3280,56,57
3280,313,314
3280,330,331
3281,45,46
3281,153,154
3281,313,314
3281,358,359
3282,45,46
3282,153,154
3282,280,281
3282,313,314
3283,45,46
3283,114,115
3283,163,164
3283,358,359
3284,45,46
3284,163,164
3284,358,359
3284,412,413
3285,45,46
3285,56,57
3285,358,359
3285,412,413
3286,45,46
3286,227,228
3286,280,281
3286,330,331
3287,45,46
3287,114,115
3287,153,154
3287,358,359
3288,45,46
3288,114,115
3288,153,154
3288,280,281
3289,45,46
3289,118,119
3289,227,228
3289,330,331
3290,45,46
3290,56,57
3290,118,119
3290,330,331
3291,824,825
3291,861,862
3291,872,873
3291,1051,1052
3292,824,825
3292,872,873
3292,930,931
3292,1051,1052
3293,824,825
3293,861,862
3293,930,931
3293,1051,1052
3294,334,335
3294,485,486
3294,612,613
3294,668,669
3295,364,365
3295,485,486
3295,612,613
3295,668,669
3296,269,270
3296,364,365
3296,411,412
3296,485,486
3297,269,270
3297,364,365
3297,485,486
3297,668,669
3298,221,222
3298,364,365
3298,411,412
3298,485,486
3299,221,222
3299,364,365
3299,485,486
3299,612,613
3300,399,400
3300,419,420
3300,485,486
3300,501,502
3301,399,400
3301,485,486
3301,501,502
3301,567,568
3302,279,280
3302,334,335
3302,437,438
3302,668,669
3303,269,270
3303,437,438
3303,548,549
3303,668,669
3304,279,280
3304,437,438
3304,548,549
3304,668,669
3305,269,270
3305,437,438
3305,485,486
3305,668,669
3306,334,335
3306,437,438
3306,485,486
3306,668,669
3307,253,254
3307,269,270
3307,437,438
3307,548,549
3308,253,254
3308,279,280
3308,437,438
3308,548,549
3309,269,270
3309,411,412
3309,437,438
3309,485,486
3310,7,8
3310,23,24
3310,253,254
3310,437,438
3311,7,8
3311,253,254
3311,279,280
3311,437,438
3312,269,270
3312,379,380
3312,387,388
3312,437,438
3313,253,254
3313,269,270
3313,379,380
3313,437,438
3314,269,270
3314,387,388
3314,411,412
3314,437,438
3315,23,24
3315,379,380
3315,387,388
3315,437,438
3316,23,24
3316,253,254
3316,379,380
3316,437,438
3317,359,360
3317,387,388
3317,411,412
3317,437,438
3318,23,24
3318,359,360
3318,387,388
3318,437,438
3319,7,8
3319,279,280
3319,437,438
3319,450,451
3320,7,8
3320,23,24
3320,231,232
3320,437,438
3321,23,24
3321,231,232
3321,359,360
3321,437,438
3322,7,8
3322,231,232
3322,437,438
3322,450,451
3323,196,197
3323,229,230
3323,334,335
3323,509,510
3324,196,197
3324,334,335
3324,361,362
3324,509,510
3325,196,197
3325,229,230
3325,270,271
3325,509,510
3326,196,197
3326,270,271
3326,361,362
3326,509,510
3327,229,230
3327,270,271
3327,357,358
3327,509,510
3328,270,271
3328,357,358
3328,375,376
3328,509,510
3329,361,362
3329,375,376
3329,399,400
3329,509,510
3330,361,362
3330,375,376
3330,509,510
3330,588,589
3331,270,271
3331,361,362
3331,509,510
3331,588,589
3332,270,271
3332,375,376
3332,509,510
3332,588,589
3333,375,376
3333,399,400
3333,419,420
3333,509,510
3334,357,358
3334,375,376
3334,419,420
3334,509,510
3335,399,400
3335,419,420
3335,485,486
3335,509,510
3336,284,285
3336,570,571
3336,575,576
3336,649,650
3337,284,285
3337,570,571
3337,575,576
3337,667,668
3338,284,285
3338,575,576
3338,649,650
3338,667,668
3339,197,198
3339,284,285
3339,570,571
3339,648,649
3340,197,198
3340,284,285
3340,570,571
3340,649,650
3341,197,198
3341,284,285
3341,648,649
3341,649,650
3342,221,222
3342,284,285
3342,438,439
3342,649,650
3343,284,285
3343,438,439
3343,649,650
3343,667,668
3344,284,285
3344,403,404
3344,414,415
3344,648,649
3345,221,222
3345,284,285
3345,438,439
3345,567,568
3346,284,285
3346,438,439
3346,567,568
3346,667,668
3347,460,461
3347,565,566
3347,578,579
3347,618,619
3348,276,277
3348,460,461
3348,578,579
3348,618,619
3349,276,277
3349,403,404
3349,543,544
3349,578,579
3350,276,277
3350,543,544
3350,578,579
3350,618,619
3351,457,458
3351,458,459
3351,460,461
3351,524,525
3352,457,458
3352,458,459
3352,460,461
3352,542,543
3353,457,458
3353,460,461
3353,542,543
3353,565,566
3354,457,458
3354,542,543
3354,565,566
3354,573,574
3355,457,458
3355,538,539
3355,565,566
3355,573,574
3356,457,458
3356,542,543
3356,571,572
3356,573,574
3357,457,458
3357,458,459
3357,542,543
3357,571,572
3358,47,48
3358,171,172
3358,270,271
3358,357,358
3359,47,48
3359,110,111
3359,171,172
3359,357,358
3360,47,48
3360,110,111
3360,308,309
3360,389,390
3361,47,48
3361,110,111
3361,171,172
3361,308,309
3362,47,48
3362,110,111
3362,295,296
3362,389,390
3363,47,48
3363,110,111
3363,295,296
3363,357,358
3364,47,48
3364,295,296
3364,357,358
3364,375,376
3365,47,48
3365,270,271
3365,357,358
3365,375,376
3366,47,48
3366,169,170
3366,295,296
3366,389,390
3367,16,17
3367,91,92
3367,169,170
3367,223,224
3368,16,17
3368,91,92
3368,163,164
3368,223,224
3369,16,17
3369,163,164
3369,223,224
3369,227,228
3370,45,46
3370,114,115
3370,163,164
3370,223,224
3371,45,46
3371,163,164
3371,223,224
3371,227,228
3372,16,17
3372,227,228
3372,293,294
3372,323,324
3373,227,228
3373,280,281
3373,291,292
3373,323,324
3374,227,228
3374,291,292
3374,293,294
3374,323,324
3375,16,17
3375,223,224
3375,227,228
3375,323,324
3376,194,195
3376,323,324
3376,352,353
3376,559,560
3377,194,195
3377,280,281
3377,323,324
3377,352,353
3378,194,195
3378,280,281
3378,323,324
3378,559,560
3379,114,115
3379,280,281
3379,323,324
3379,352,353
3380,114,115
3380,223,224
3380,323,324
3380,352,353
3381,45,46
3381,114,115
3381,280,281
3381,323,324
3382,45,46
3382,227,228
3382,280,281
3382,323,324
3383,45,46
3383,114,115
3383,223,224
3383,323,324
3384,45,46
3384,223,224
3384,227,228
3384,323,324
3385,227,228
3385,243,244
3385,291,292
3385,330,331
3386,54,55
3386,118,119
3386,227,228
3386,243,244
3387,118,119
3387,227,228
3387,243,244
3387,330,331
3388,54,55
3388,243,244
3388,293,294
3388,377,378
3389,54,55
3389,227,228
3389,243,244
3389,293,294
3390,227,228
3390,243,244
3390,291,292
3390,293,294
3391,54,55
3391,243,244
3391,377,378
3391,398,399
3392,53,54
3392,243,244
3392,291,292
3392,330,331
3393,53,54
3393,243,244
3393,330,331
3393,332,333
3394,54,55
3394,136,137
3394,243,244
3394,398,399
3395,54,55
3395,118,119
3395,136,137
3395,243,244
3396,118,119
3396,243,244
3396,330,331
3396,332,333
3397,118,119
3397,136,137
3397,243,244
3397,332,333
3398,240,241
3398,377,378
3398,417,418
3398,501,502
3399,240,241
3399,293,294
3399,377,378
3399,501,502
3400,240,241
3400,243,244
3400,293,294
3400,377,378
3401,240,241
3401,243,244
3401,291,292
3401,293,294
3402,240,241
3402,417,418
3402,501,502
3402,543,544
3403,240,241
3403,312,313
3403,417,418
3403,543,544
3404,30,31
3404,184,185
3404,341,342
3404,426,427
3405,30,31
3405,341,342
3405,409,410
3405,426,427
3406,19,20
3406,30,31
3406,409,410
3406,426,427
3407,39,40
3407,88,89
3407,349,350
3407,416,417
3408,39,40
3408,273,274
3408,349,350
3408,416,417
3409,55,56
3409,82,83
3409,108,109
3409,127,128
3410,55,56
3410,108,109
3410,127,128
3410,202,203
3411,2,3
3411,55,56
3411,82,83
3411,127,128
3412,2,3
3412,55,56
3412,127,128
3412,202,203
3413,55,56
3413,82,83
3413,108,109
3413,139,140
3414,2,3
3414,55,56
3414,82,83
3414,139,140
3415,2,3
3415,55,56
3415,106,107
3415,139,140
3416,33,34
3416,55,56
3416,108,109
3416,139,140
3417,55,56
3417,108,109
3417,202,203
3417,394,395
3418,33,34
3418,55,56
3418,108,109
3418,394,395
3419,33,34
3419,55,56
3419,72,73
3419,139,140
3420,26,27
3420,33,34
3420,55,56
3420,72,73
3421,26,27
3421,55,56
3421,202,203
3421,394,395
3422,26,27
3422,33,34
3422,55,56
3422,394,395
3423,30,31
3423,210,211
3423,301,302
3423,366,367
3424,30,31
3424,184,185
3424,210,211
3424,366,367
3425,210,211
3425,301,302
3425,366,367
3425,435,436
3426,140,141
3426,210,211
3426,301,302
3426,435,436
3427,97,98
3427,140,141
3427,210,211
3427,301,302
3428,140,141
3428,210,211
3428,343,344
3428,435,436
3429,97,98
3429,140,141
3429,210,211
3429,373,374
3430,184,185
3430,190,191
3430,210,211
3430,366,367
3431,74,75
3431,190,191
3431,210,211
3431,343,344
3432,140,141
3432,210,211
3432,343,344
3432,351,352
3433,74,75
3433,210,211
3433,343,344
3433,351,352
3434,74,75
3434,190,191
3434,210,211
3434,285,286
3435,184,185
3435,190,191
3435,210,211
3435,285,286
3436,140,141
3436,210,211
3436,351,352
3436,373,374
3437,74,75
3437,210,211
3437,351,352
3437,373,374
3438,64,65
3438,74,75
3438,210,211
3438,373,374
3439,64,65
3439,74,75
3439,210,211
3439,285,286
3440,97,98
3440,161,162
3440,210,211
3440,373,374
3441,77,78
3441,97,98
3441,161,162
3441,373,374
3442,73,74
3442,77,78
3442,97,98
3442,161,162
3443,64,65
3443,161,162
3443,210,211
3443,373,374
3444,73,74
3444,77,78
3444,152,153
3444,161,162
3445,161,162
3445,184,185
3445,210,211
3445,285,286
3446,64,65
3446,161,162
3446,210,211
3446,285,286
3447,77,78
3447,152,153
3447,161,162
3447,322,323
3448,77,78
3448,161,162
3448,322,323
3448,373,374
3449,64,65
3449,152,153
3449,161,162
3449,322,323
3450,64,65
3450,161,162
3450,322,323
3450,373,374
3451,21,22
3451,64,65
3451,178,179
3451,193,194
3452,64,65
3452,178,179
3452,193,194
3452,212,213
3453,64,65
3453,74,75
3453,193,194
3453,212,213
3454,21,22
3454,106,107
3454,164,165
3454,193,194
3455,21,22
3455,64,65
3455,106,107
3455,193,194
3456,74,75
3456,193,194
3456,383,384
3456,406,407
3457,74,75
3457,164,165
3457,193,194
3457,383,384
3458,193,194
3458,212,213
3458,351,352
3458,406,407
3459,74,75
3459,193,194
3459,351,352
3459,406,407
3460,74,75
3460,193,194
3460,212,213
3460,351,352
3461,106,107
3461,164,165
3461,193,194
3461,285,286
3462,74,75
3462,164,165
3462,193,194
3462,285,286
3463,64,65
3463,106,107
3463,193,194
3463,285,286
3464,64,65
3464,74,75
3464,193,194
3464,285,286
3465,35,36
3465,41,42
3465,383,384
3465,387,388
3466,23,24
3466,41,42
3466,208,209
3466,387,388
3467,41,42
3467,208,209
3467,383,384
3467,387,388
3468,41,42
3468,164,165
3468,208,209
3468,383,384
3469,41,42
3469,164,165
3469,285,286
3469,383,384
3470,35,36
3470,41,42
3470,285,286
3470,383,384
3471,41,42
3471,164,165
3471,208,209
3471,251,252
3472,23,24
3472,41,42
3472,208,209
3472,251,252
3473,41,42
3473,106,107
3473,164,165
3473,285,286
3474,2,3
3474,41,42
3474,106,107
3474,164,165
3475,2,3
3475,41,42
3475,164,165
3475,251,252
3476,23,24
3476,41,42
3476,202,203
3476,251,252
3477,26,27
3477,41,42
3477,106,107
3477,285,286
3478,26,27
3478,35,36
3478,41,42
3478,285,286
3479,2,3
3479,41,42
3479,202,203
3479,251,252
3480,26,27
3480,41,42
3480,55,56
3480,106,107
3481,26,27
3481,41,42
3481,55,56
3481,202,203
3482,23,24
3482,41,42
3482,202,203
3482,231,232
3483,2,3
3483,41,42
3483,55,56
3483,106,107
3484,2,3
3484,41,42
3484,55,56
3484,202,203
3485,72,73
3485,88,89
3485,183,184
3485,349,350
3486,72,73
3486,83,84
3486,152,153
3486,183,184
3487,26,27
3487,65,66
3487,106,107
3487,285,286
3488,26,27
3488,55,56
3488,65,66
3488,106,107
3489,26,27
3489,55,56
3489,65,66
3489,72,73
3490,64,65
3490,65,66
3490,106,107
3490,285,286
3491,65,66
3491,72,73
3491,83,84
3491,139,140
3492,65,66
3492,72,73
3492,83,84
3492,152,153
3493,55,56
3493,65,66
3493,106,107
3493,139,140
3494,55,56
3494,65,66
3494,72,73
3494,139,140
3495,64,65
3495,65,66
3495,83,84
3495,152,153
3496,65,66
3496,106,107
3496,139,140
3496,189,190
3497,65,66
3497,83,84
3497,139,140
3497,189,190
3498,21,22
3498,65,66
3498,106,107
3498,189,190
3499,21,22
3499,64,65
3499,65,66
3499,106,107
3500,65,66
3500,83,84
3500,178,179
3500,189,190
3501,64,65
3501,65,66
3501,83,84
3501,178,179
3502,64,65
3502,65,66
3502,152,153
3502,161,162
3503,64,65
3503,65,66
3503,161,162
3503,285,286
3504,21,22
3504,65,66
3504,178,179
3504,189,190
3505,21,22
3505,64,65
3505,65,66
3505,178,179
3506,39,40
3506,273,274
3506,349,350
3506,380,381
3507,39,40
3507,160,161
3507,349,350
3507,380,381
3508,160,161
3508,185,186
3508,380,381
3508,394,395
3509,33,34
3509,160,161
3509,349,350
3509,380,381
3510,33,34
3510,160,161
3510,380,381
3510,394,395
3511,33,34
3511,349,350
3511,380,381
3511,394,395
3512,133,134
3512,185,186
3512,380,381
3512,394,395
3513,26,27
3513,349,350
3513,380,381
3513,394,395
3514,32,33
3514,44,45
3514,181,182
3514,244,245
3515,6,7
3515,44,45
3515,181,182
3515,244,245
3516,6,7
3516,32,33
3516,44,45
3516,181,182
3517,6,7
3517,136,137
3517,181,182
3517,244,245
3518,6,7
3518,32,33
3518,63,64
3518,181,182
3519,136,137
3519,181,182
3519,244,245
3519,332,333
3520,6,7
3520,63,64
3520,181,182
3520,182,183
3521,6,7
3521,136,137
3521,181,182
3521,182,183
3522,32,33
3522,63,64
3522,78,79
3522,181,182
3523,118,119
3523,136,137
3523,181,182
3523,182,183
3524,54,55
3524,79,80
3524,238,239
3524,398,399
3525,54,55
3525,79,80
3525,180,181
3525,238,239
3526,54,55
3526,79,80
3526,182,183
3526,398,399
3527,54,55
3527,79,80
3527,180,181
3527,182,183
3528,79,80
3528,238,239
3528,273,274
3528,398,399
3529,79,80
3529,238,239
3529,273,274
3529,380,381
3530,79,80
3530,133,134
3530,185,186
3530,238,239
3531,79,80
3531,133,134
3531,238,239
3531,380,381
3532,79,80
3532,133,134
3532,185,186
3532,380,381
3533,39,40
3533,79,80
3533,273,274
3533,380,381
3534,9,10
3534,79,80
3534,180,181
3534,185,186
3535,39,40
3535,79,80
3535,160,161
3535,380,381
3536,79,80
3536,160,161
3536,185,186
3536,380,381
3537,9,10
3537,79,80
3537,160,161
3537,185,186
3538,442,443
3538,612,613
3538,661,662
3538,665,666
3539,442,443
3539,558,559
3539,661,662
3539,665,666
3540,334,335
3540,442,443
3540,612,613
3540,661,662
3541,438,439
3541,612,613
3541,661,662
3541,665,666
3542,334,335
3542,361,362
3542,442,443
3542,661,662
3543,361,362
3543,442,443
3543,558,559
3543,661,662
3544,334,335
3544,485,486
3544,612,613
3544,661,662
3545,361,362
3545,399,400
3545,509,510
3545,661,662
3546,334,335
3546,361,362
3546,509,510
3546,661,662
3547,348,349
3547,361,362
3547,558,559
3547,661,662
3548,399,400
3548,485,486
3548,567,568
3548,661,662
3549,399,400
3549,485,486
3549,509,510
3549,661,662
3550,334,335
3550,485,486
3550,509,510
3550,661,662
3551,221,222
3551,438,439
3551,612,613
3551,661,662
3552,221,222
3552,485,486
3552,612,613
3552,661,662
3553,221,222
3553,438,439
3553,567,568
3553,661,662
3554,221,222
3554,485,486
3554,567,568
3554,661,662
3555,294,295
3555,492,493
3555,565,566
3555,662,663
3556,294,295
3556,492,493
3556,565,566
3556,618,619
3557,492,493
3557,565,566
3557,578,579
3557,618,619
3558,492,493
3558,565,566
3558,567,568
3558,578,579
3559,492,493
3559,543,544
3559,578,579
3559,618,619
3560,240,241
3560,492,493
3560,501,502
3560,543,544
3561,294,295
3561,299,300
3561,397,398
3561,618,619
3562,294,295
3562,299,300
3562,397,398
3562,559,560
3563,294,295
3563,299,300
3563,559,560
3563,662,663
3564,294,295
3564,299,300
3564,492,493
3564,662,663
3565,294,295
3565,299,300
3565,492,493
3565,618,619
3566,280,281
3566,299,300
3566,397,398
3566,559,560
3567,280,281
3567,299,300
3567,323,324
3567,559,560
3568,293,294
3568,299,300
3568,323,324
3568,559,560
3569,291,292
3569,293,294
3569,299,300
3569,323,324
3570,280,281
3570,291,292
3570,299,300
3570,323,324
3571,240,241
3571,291,292
3571,293,294
3571,299,300
3572,1658,1659
3572,1674,1675
3572,1687,1688
3572,1846,1847
3573,1674,1675
3573,1687,1688
3573,1821,1822
3573,1846,1847
3574,1658,1659
3574,1674,1675
3574,1687,1688
3574,1772,1773
3575,1674,1675
3575,1816,1817
3575,1821,1822
3575,1846,1847
3576,1591,1592
3576,1674,1675
3576,1816,1817
3576,1846,1847
3577,1573,1574
3577,1674,1675
3577,1687,1688
3577,1772,1773
3578,1603,1604
3578,1674,1675
3578,1687,1688
3578,1821,1822
3579,1603,1604
3579,1671,1672
3579,1674,1675
3579,1821,1822
3580,1603,1604
3580,1671,1672
3580,1674,1675
3580,1687,1688
3581,1573,1574
3581,1671,1672
3581,1674,1675
3581,1699,1700
3582,1573,1574
3582,1671,1672
3582,1674,1675
3582,1687,1688
3583,1671,1672
3583,1674,1675
3583,1816,1817
3583,1821,1822
3584,1671,1672
3584,1674,1675
3584,1694,1695
3584,1699,1700
3585,1591,1592
3585,1674,1675
3585,1694,1695
3585,1699,1700
3586,1671,1672
3586,1674,1675
3586,1694,1695
3586,1816,1817
3587,1591,1592
3587,1674,1675
3587,1694,1695
3587,1816,1817
3588,1367,1368
3588,1386,1387
3588,1411,1412
3588,1560,1561
3589,1367,1368
3589,1386,1387
3589,1411,1412
3589,1777,1778
3590,1386,1387
3590,1411,1412
3590,1560,1561
3590,1775,1776
3591,1125,1126
3591,1411,1412
3591,1560,1561
3591,1775,1776
3592,1125,1126
3592,1381,1382
3592,1411,1412
3592,1560,1561
3593,1386,1387
3593,1411,1412
3593,1452,1453
3593,1775,1776
3594,1386,1387
3594,1411,1412
3594,1452,1453
3594,1777,1778
3595,1523,1524
3595,1580,1581
3595,1613,1614
3595,1663,1664
3596,1523,1524
3596,1580,1581
3596,1663,1664
3596,1785,1786
3597,1580,1581
3597,1594,1595
3597,1663,1664
3597,1790,1791
3598,1580,1581
3598,1663,1664
3598,1785,1786
3598,1790,1791
3599,1587,1588
3599,1663,1664
3599,1785,1786
3599,1790,1791
3600,1405,1406
3600,1587,1588
3600,1663,1664
3600,1785,1786
3601,1405,1406
3601,1471,1472
3601,1663,1664
3601,1785,1786
3602,1471,1472
3602,1523,1524
3602,1663,1664
3602,1785,1786
3603,1405,1406
3603,1452,1453
3603,1471,1472
3603,1663,1664
3604,1452,1453
3604,1471,1472
3604,1523,1524
3604,1663,1664
3605,1405,1406
3605,1452,1453
3605,1512,1513
3605,1663,1664
3606,1613,1614
3606,1622,1623
3606,1625,1626
3606,1777,1778
3607,1452,1453
3607,1613,1614
3607,1622,1623
3607,1777,1778
3608,1452,1453
3608,1523,1524
3608,1613,1614
3608,1622,1623
3609,1523,1524
3609,1613,1614
3609,1622,1623
3609,1663,1664
3610,1452,1453
3610,1523,1524
3610,1622,1623
3610,1663,1664
3611,1580,1581
3611,1613,1614
3611,1622,1623
3611,1663,1664
3612,1580,1581
3612,1594,1595
3612,1622,1623
3612,1663,1664
3613,1613,1614
3613,1622,1623
3613,1625,1626
3613,1844,1845
3614,1609,1610
3614,1622,1623
3614,1625,1626
3614,1844,1845
3615,1594,1595
3615,1609,1610
3615,1622,1623
3615,1657,1658
3616,1594,1595
3616,1609,1610
3616,1622,1623
3616,1803,1804
3617,1580,1581
3617,1613,1614
3617,1622,1623
3617,1657,1658
3618,1580,1581
3618,1594,1595
3618,1622,1623
3618,1657,1658
3619,1609,1610
3619,1622,1623
3619,1625,1626
3619,1670,1671
3620,1609,1610
3620,1622,1623
3620,1670,1671
3620,1803,1804
3621,1613,1614
3621,1622,1623
3621,1657,1658
3621,1844,1845
3622,1609,1610
3622,1622,1623
3622,1657,1658
3622,1844,1845
3623,466,467
3623,710,711
3623,730,731
3623,811,812
3624,474,475
3624,579,580
3624,669,670
3624,730,731
3625,466,467
3625,710,711
3625,730,731
3625,899,900
3626,466,467
3626,730,731
3626,811,812
3626,823,824
3627,539,540
3627,579,580
3627,669,670
3627,730,731
3628,466,467
3628,539,540
3628,579,580
3628,730,731
3629,539,540
3629,669,670
3629,730,731
3629,899,900
3630,466,467
3630,539,540
3630,730,731
3630,899,900
3631,455,456
3631,669,670
3631,730,731
3631,899,900
3632,455,456
3632,710,711
3632,730,731
3632,899,900
3633,466,467
3633,642,643
3633,811,812
3633,823,824
3634,466,467
3634,539,540
3634,579,580
3634,642,643
3635,539,540
3635,579,580
3635,587,588
3635,642,643
3636,547,548
3636,579,580
3636,587,588
3636,642,643
3637,547,548
3637,579,580
3637,604,605
3637,642,643
3638,474,475
3638,579,580
3638,604,605
3638,642,643
3639,474,475
3639,604,605
3639,642,643
3639,823,824
3640,466,467
3640,579,580
3640,642,643
3640,730,731
3641,474,475
3641,579,580
3641,642,643
3641,730,731
3642,466,467
3642,642,643
3642,730,731
3642,823,824
3643,474,475
3643,642,643
3643,730,731
3643,823,824
3644,763,764
3644,815,816
3644,995,996
3644,1040,1041
3645,694,695
3645,739,740
3645,826,827
3645,1081,1082
3646,694,695
3646,739,740
3646,989,990
3646,1080,1081
3647,694,695
3647,739,740
3647,989,990
3647,1081,1082
3648,841,842
3648,989,990
3648,1076,1077
3648,1080,1081
3649,739,740
3649,841,842
3649,989,990
3649,1080,1081
3650,708,709
3650,872,873
3650,1033,1034
3650,1051,1052
3651,909,910
3651,1241,1242
3651,1247,1248
3651,1308,1309
3652,944,945
3652,1188,1189
3652,1241,1242
3652,1308,1309
3653,1188,1189
3653,1241,1242
3653,1247,1248
3653,1308,1309
3654,348,349
3654,424,425
3654,522,523
3654,634,635
3655,302,303
3655,348,349
3655,424,425
3655,522,523
3656,348,349
3656,361,362
3656,424,425
3656,634,635
3657,302,303
3657,304,305
3657,348,349
3657,424,425
3658,302,303
3658,304,305
3658,408,409
3658,424,425
3659,304,305
3659,408,409
3659,424,425
3659,588,589
3660,196,197
3660,361,362
3660,424,425
3660,634,635
3661,196,197
3661,361,362
3661,424,425
3661,588,589
3662,304,305
3662,348,349
3662,361,362
3662,424,425
3663,304,305
3663,361,362
3663,424,425
3663,588,589
3664,857,858
3664,862,863
3664,883,884
3664,894,895
3665,717,718
3665,757,758
3665,857,858
3665,862,863
3666,580,581
3666,717,718
3666,857,858
3666,862,863
3667,580,581
3667,857,858
3667,862,863
3667,883,884
3668,786,787
3668,857,858
3668,862,863
3668,894,895
3669,757,758
3669,797,798
3669,857,858
3669,862,863
3670,786,787
3670,797,798
3670,857,858
3670,862,863
3671,757,758
3671,797,798
3671,862,863
3671,905,906
3672,571,572
3672,593,594
3672,705,706
3672,717,718
3673,705,706
3673,717,718
3673,787,788
3673,880,881
3674,571,572
3674,705,706
3674,717,718
3674,787,788
3675,571,572
3675,573,574
3675,593,594
3675,705,706
3676,457,458
3676,571,572
3676,573,574
3676,705,706
3677,573,574
3677,593,594
3677,705,706
3677,711,712
3678,447,448
3678,800,801
3678,883,884
3678,894,895
3679,800,801
3679,841,842
3679,883,884
3679,894,895
3680,447,448
3680,666,667
3680,767,768
3680,800,801
3681,447,448
3681,666,667
3681,800,801
3681,883,884
3682,547,548
3682,558,559
3682,670,671
3682,810,811
3683,547,548
3683,558,559
3683,591,592
3683,670,671
3684,468,469
3684,547,548
3684,591,592
3684,670,671
3685,558,559
3685,591,592
3685,634,635
3685,670,671
3686,468,469
3686,591,592
3686,634,635
3686,670,671
3687,538,539
3687,670,671
3687,713,714
3687,810,811
3688,538,539
3688,558,559
3688,670,671
3688,810,811
3689,468,469
3689,522,523
3689,634,635
3689,670,671
3690,348,349
3690,522,523
3690,634,635
3690,670,671
3691,348,349
3691,558,559
3691,634,635
3691,670,671
3692,348,349
3692,522,523
3692,670,671
3692,713,714
3693,348,349
3693,538,539
3693,670,671
3693,713,714
3694,348,349
3694,538,539
3694,558,559
3694,670,671
3695,522,523
3695,666,667
3695,670,671
3695,713,714
3696,468,469
3696,522,523
3696,666,667
3696,670,671
3697,772,773
3697,798,799
3697,806,807
3697,868,869
3698,772,773
3698,798,799
3698,868,869
3698,893,894
3699,762,763
3699,808,809
3699,1000,1001
3699,1056,1057
3700,988,989
3700,1000,1001
3700,1056,1057
3700,1113,1114
3701,762,763
3701,808,809
3701,1056,1057
3701,1105,1106
3702,986,987
3702,1052,1053
3702,1056,1057
3702,1105,1106
3703,955,956
3703,1139,1140
3703,1186,1187
3703,1235,1236
3704,955,956
3704,1186,1187
3704,1207,1208
3704,1235,1236
3705,1207,1208
3705,1285,1286
3705,1333,1334
3705,1347,1348
3706,955,956
3706,1207,1208
3706,1285,1286
3706,1347,1348
3707,964,965
3707,983,984
3707,1234,1235
3707,1249,1250
3708,983,984
3708,1234,1235
3708,1249,1250
3708,1347,1348
3709,971,972
3709,1058,1059
3709,1249,1250
3709,1291,1292
3710,619,620
3710,633,634
3710,745,746
3710,758,759
3711,546,547
3711,619,620
3711,633,634
3711,758,759
3712,546,547
3712,619,620
3712,758,759
3712,789,790
3713,439,440
3713,546,547
3713,633,634
3713,758,759
3714,439,440
3714,633,634
3714,645,646
3714,758,759
3715,439,440
3715,720,721
3715,758,759
3715,852,853
3716,742,743
3716,784,785
3716,814,815
3716,852,853
3717,720,721
3717,742,743
3717,814,815
3717,852,853
3718,720,721
3718,742,743
3718,814,815
3718,1101,1102
3719,720,721
3719,814,815
3719,903,904
3719,1101,1102
3720,720,721
3720,789,790
3720,814,815
3720,903,904
3721,720,721
3721,758,759
3721,789,790
3721,814,815
3722,546,547
3722,758,759
3722,789,790
3722,814,815
3723,439,440
3723,784,785
3723,814,815
3723,852,853
3724,439,440
3724,720,721
3724,814,815
3724,852,853
3725,439,440
3725,720,721
3725,758,759
3725,814,815
3726,439,440
3726,546,547
3726,758,759
3726,814,815
3727,719,720
3727,776,777
3727,961,962
3727,1084,1085
3728,762,763
3728,808,809
3728,1000,1001
3728,1087,1088
3729,1000,1001
3729,1056,1057
3729,1087,1088
3729,1113,1114
3730,808,809
3730,1056,1057
3730,1087,1088
3730,1113,1114
3731,808,809
3731,1000,1001
3731,1056,1057
3731,1087,1088
3732,1015,1016
3732,1151,1152
3732,1154,1155
3732,1271,1272
3733,720,721
3733,852,853
3733,890,891
3733,1098,1099
3734,720,721
3734,732,733
3734,890,891
3734,1098,1099
3735,720,721
3735,758,759
3735,852,853
3735,890,891
3736,439,440
3736,758,759
3736,852,853
3736,890,891
3737,28,29
3737,110,111
3737,175,176
3737,198,199
3738,37,38
3738,110,111
3738,175,176
3738,198,199
3739,37,38
3739,110,111
3739,198,199
3739,404,405
3740,37,38
3740,133,134
3740,198,199
3740,404,405
3741,28,29
3741,110,111
3741,198,199
3741,354,355
3742,110,111
3742,198,199
3742,354,355
3742,404,405
3743,37,38
3743,175,176
3743,185,186
3743,198,199
3744,37,38
3744,133,134
3744,185,186
3744,198,199
3745,133,134
3745,198,199
3745,238,239
3745,404,405
3746,28,29
3746,54,55
3746,198,199
3746,354,355
3747,175,176
3747,180,181
3747,185,186
3747,198,199
3748,28,29
3748,175,176
3748,180,181
3748,198,199
3749,198,199
3749,238,239
3749,354,355
3749,404,405
3750,133,134
3750,185,186
3750,198,199
3750,238,239
3751,54,55
3751,180,181
3751,198,199
3751,238,239
3752,28,29
3752,54,55
3752,180,181
3752,198,199
3753,54,55
3753,198,199
3753,354,355
3753,377,378
3754,198,199
3754,238,239
3754,354,355
3754,377,378
3755,54,55
3755,198,199
3755,238,239
3755,377,378
3756,79,80
3756,180,181
3756,198,199
3756,238,239
3757,79,80
3757,185,186
3757,198,199
3757,238,239
3758,79,80
3758,180,181
3758,185,186
3758,198,199
3759,206,207
3759,263,264
3759,333,334
3759,359,360
3760,133,134
3760,206,207
3760,263,264
3760,359,360
3761,133,134
3761,206,207
3761,238,239
3761,263,264
3762,133,134
3762,238,239
3762,263,264
3762,380,381
3763,238,239
3763,263,264
3763,273,274
3763,380,381
3764,300,301
3764,368,369
3764,451,452
3764,617,618
3765,300,301
3765,368,369
3765,502,503
3765,617,618
3766,245,246
3766,368,369
3766,502,503
3766,617,618
3767,337,338
3767,395,396
3767,577,578
3767,581,582
3768,233,234
3768,337,338
3768,395,396
3768,581,582
3769,300,301
3769,577,578
3769,581,582
3769,640,641
3770,337,338
3770,577,578
3770,581,582
3770,640,641
3771,233,234
3771,337,338
3771,418,419
3771,581,582
3772,337,338
3772,418,419
3772,581,582
3772,640,641
3773,300,301
3773,581,582
3773,617,618
3773,640,641
3774,418,419
3774,581,582
3774,617,618
3774,640,641
3775,199,200
3775,218,219
3775,288,289
3775,400,401
3776,199,200
3776,331,332
3776,382,383
3776,400,401
3777,199,200
3777,252,253
3777,331,332
3777,382,383
3778,199,200
3778,288,289
3778,382,383
3778,400,401
3779,53,54
3779,199,200
3779,274,275
3779,288,289
3780,53,54
3780,199,200
3780,218,219
3780,288,289
3781,199,200
3781,252,253
3781,274,275
3781,382,383
3782,199,200
3782,274,275
3782,288,289
3782,382,383
3783,199,200
3783,216,217
3783,331,332
3783,561,562
3784,199,200
3784,218,219
3784,331,332
3784,561,562
3785,199,200
3785,216,217
3785,218,219
3785,561,562
3786,53,54
3786,199,200
3786,216,217
3786,218,219
3787,199,200
3787,252,253
3787,274,275
3787,342,343
3788,53,54
3788,199,200
3788,216,217
3788,313,314
3789,53,54
3789,199,200
3789,274,275
3789,313,314
3790,199,200
3790,216,217
3790,228,229
3790,331,332
3791,199,200
3791,216,217
3791,228,229
3791,342,343
3792,199,200
3792,228,229
3792,252,253
3792,331,332
3793,199,200
3793,228,229
3793,252,253
3793,342,343
3794,199,200
3794,216,217
3794,313,314
3794,342,343
3795,199,200
3795,274,275
3795,313,314
3795,342,343
3796,10,11
3796,149,150
3796,420,421
3796,425,426
3797,10,11
3797,148,149
3797,149,150
3797,420,421
3798,148,149
3798,149,150
3798,272,273
3798,420,421
3799,148,149
3799,149,150
3799,272,273
3799,374,375
3800,103,104
3800,149,150
3800,272,273
3800,363,364
3801,103,104
3801,149,150
3801,374,375
3801,418,419
3802,103,104
3802,149,150
3802,272,273
3802,374,375
3803,10,11
3803,146,147
3803,402,403
3803,425,426
3804,146,147
3804,402,403
3804,425,426
3804,433,434
3805,10,11
3805,124,125
3805,146,147
3805,402,403
3806,124,125
3806,126,127
3806,146,147
3806,402,403
3807,126,127
3807,146,147
3807,283,284
3807,402,403
3808,146,147
3808,283,284
3808,402,403
3808,433,434
3809,159,160
3809,217,218
3809,245,246
3809,425,426
3810,159,160
3810,245,246
3810,425,426
3810,433,434
3811,159,160
3811,217,218
3811,245,246
3811,433,434
3812,11,12
3812,159,160
3812,425,426
3812,433,434
3813,11,12
3813,159,160
3813,254,255
3813,433,434
3814,11,12
3814,159,160
3814,254,255
3814,258,259
3815,159,160
3815,217,218
3815,237,238
3815,433,434
3816,159,160
3816,288,289
3816,318,319
3816,433,434
3817,159,160
3817,254,255
3817,318,319
3817,433,434
3818,84,85
3818,159,160
3818,217,218
3818,288,289
3819,84,85
3819,159,160
3819,217,218
3819,237,238
3820,84,85
3820,159,160
3820,237,238
3820,288,289
3821,159,160
3821,217,218
3821,288,289
3821,400,401
3822,159,160
3822,288,289
3822,382,383
3822,400,401
3823,159,160
3823,288,289
3823,318,319
3823,382,383
3824,49,50
3824,159,160
3824,254,255
3824,318,319
3825,49,50
3825,159,160
3825,254,255
3825,258,259
3826,49,50
3826,159,160
3826,318,319
3826,382,383
3827,49,50
3827,159,160
3827,258,259
3827,382,383
3828,11,12
3828,71,72
3828,131,132
3828,420,421
3829,71,72
3829,131,132
3829,272,273
3829,363,364
3830,71,72
3830,131,132
3830,272,273
3830,420,421
3831,71,72
3831,149,150
3831,272,273
3831,363,364
3832,71,72
3832,149,150
3832,272,273
3832,420,421
3833,11,12
3833,71,72
3833,420,421
3833,425,426
3834,71,72
3834,149,150
3834,420,421
3834,425,426
3835,237,238
3835,312,313
3835,345,346
3835,639,640
3836,312,313
3836,345,346
3836,414,415
3836,639,640
3837,237,238
3837,245,246
3837,345,346
3837,639,640
3838,237,238
3838,312,313
3838,345,346
3838,370,371
3839,345,346
3839,372,373
3839,403,404
3839,414,415
3840,345,346
3840,403,404
3840,414,415
3840,639,640
3841,312,313
3841,345,346
3841,409,410
3841,414,415
3842,312,313
3842,345,346
3842,370,371
3842,409,410
3843,222,223
3843,345,346
3843,372,373
3843,414,415
3844,222,223
3844,345,346
3844,372,373
3844,502,503
3845,19,20
3845,222,223
3845,345,346
3845,502,503
3846,19,20
3846,345,346
3846,370,371
3846,409,410
3847,222,223
3847,345,346
3847,409,410
3847,414,415
3848,19,20
3848,222,223
3848,345,346
3848,409,410
3849,443,444
3849,555,556
3849,650,651
3849,658,659
3850,443,444
3850,495,496
3850,541,542
3850,650,651
3851,1,2
3851,8,9
3851,219,220
3851,336,337
3852,1,2
3852,73,74
3852,168,169
3852,219,220
3853,1,2
3853,4,5
3853,8,9
3853,219,220
3854,19,20
3854,249,250
3854,345,346
3854,502,503
3855,19,20
3855,249,250
3855,345,346
3855,370,371
3856,245,246
3856,249,250
3856,425,426
3856,433,434
3857,146,147
3857,249,250
3857,425,426
3857,433,434
3858,245,246
3858,249,250
3858,345,346
3858,502,503
3859,237,238
3859,245,246
3859,249,250
3859,433,434
3860,237,238
3860,245,246
3860,249,250
3860,345,346
3861,237,238
3861,249,250
3861,345,346
3861,370,371
3862,237,238
3862,249,250
3862,370,371
3862,433,434
3863,146,147
3863,249,250
3863,370,371
3863,433,434
3864,15,16
3864,341,342
3864,409,410
3864,410,411
3865,15,16
3865,409,410
3865,410,411
3865,417,418
3866,15,16
3866,312,313
3866,409,410
3866,417,418
3867,15,16
3867,206,207
3867,410,411
3867,417,418
3868,15,16
3868,333,334
3868,341,342
3868,410,411
3869,15,16
3869,263,264
3869,333,334
3869,341,342
3870,15,16
3870,312,313
3870,370,371
3870,409,410
3871,15,16
3871,238,239
3871,273,274
3871,398,399
3872,15,16
3872,238,239
3872,263,264
3872,273,274
3873,15,16
3873,206,207
3873,333,334
3873,410,411
3874,15,16
3874,206,207
3874,263,264
3874,333,334
3875,15,16
3875,206,207
3875,377,378
3875,417,418
3876,15,16
3876,377,378
3876,398,399
3876,417,418
3877,15,16
3877,206,207
3877,238,239
3877,263,264
3878,15,16
3878,206,207
3878,238,239
3878,377,378
3879,15,16
3879,238,239
3879,377,378
3879,398,399
3880,248,249
3880,295,296
3880,354,355
3880,375,376
3881,248,249
3881,304,305
3881,375,376
3881,399,400
3882,16,17
3882,248,249
3882,295,296
3882,354,355
3883,16,17
3883,248,249
3883,293,294
3883,354,355
3884,248,249
3884,293,294
3884,323,324
3884,559,560
3885,16,17
3885,248,249
3885,293,294
3885,323,324
3886,248,249
3886,304,305
3886,408,409
3886,559,560
3887,446,447
3887,565,566
3887,567,568
3887,578,579
3888,446,447
3888,457,458
3888,538,539
3888,665,666
3889,438,439
3889,446,447
3889,567,568
3889,667,668
3890,284,285
3890,446,447
3890,567,568
3890,667,668
3891,284,285
3891,446,447
3891,578,579
3891,667,668
3892,284,285
3892,446,447
3892,567,568
3892,578,579
3893,446,447
3893,460,461
3893,565,566
3893,578,579
3894,446,447
3894,457,458
3894,460,461
3894,565,566
3895,446,447
3895,457,458
3895,460,461
3895,524,525
3896,260,261
3896,461,462
3896,490,491
3896,569,570
3897,260,261
3897,461,462
3897,569,570
3897,629,630
3898,260,261
3898,405,406
3898,461,462
3898,490,491
3899,260,261
3899,369,370
3899,405,406
3899,461,462
3900,260,261
3900,369,370
3900,461,462
3900,629,630
3901,260,261
3901,369,370
3901,405,406
3901,609,610
3902,260,261
3902,369,370
3902,609,610
3902,629,630
3903,260,261
3903,560,561
3903,585,586
3903,609,610
3904,260,261
3904,560,561
3904,585,586
3904,629,630
3905,260,261
3905,585,586
3905,609,610
3905,629,630
3906,401,402
3906,444,445
3906,478,479
3906,631,632
3907,401,402
3907,478,479
3907,585,586
3907,631,632
3908,401,402
3908,478,479
3908,585,586
3908,629,630
3909,217,218
3909,400,401
3909,401,402
3909,444,445
3910,260,261
3910,401,402
3910,569,570
3910,629,630
3911,260,261
3911,401,402
3911,560,561
3911,629,630
3912,401,402
3912,560,561
3912,585,586
3912,631,632
3913,401,402
3913,560,561
3913,585,586
3913,629,630
3914,401,402
3914,430,431
3914,444,445
3914,631,632
3915,217,218
3915,401,402
3915,430,431
3915,444,445
3916,401,402
3916,430,431
3916,560,561
3916,631,632
3917,401,402
3917,429,430
3917,478,479
3917,629,630
3918,400,401
3918,401,402
3918,429,430
3918,569,570
3919,401,402
3919,429,430
3919,569,570
3919,629,630
3920,331,332
3920,400,401
3920,429,430
3920,569,570
3921,226,227
3921,267,268
3921,429,430
3921,478,479
3922,267,268
3922,429,430
3922,478,479
3922,629,630
3923,400,401
3923,401,402
3923,429,430
3923,444,445
3924,226,227
3924,429,430
3924,444,445
3924,478,479
3925,401,402
3925,429,430
3925,444,445
3925,478,479
3926,267,268
3926,303,304
3926,429,430
3926,629,630
3927,303,304
3927,429,430
3927,569,570
3927,629,630
3928,218,219
3928,400,401
3928,429,430
3928,444,445
3929,218,219
3929,226,227
3929,429,430
3929,444,445
3930,218,219
3930,331,332
3930,429,430
3930,561,562
3931,226,227
3931,267,268
3931,429,430
3931,561,562
3932,218,219
3932,226,227
3932,429,430
3932,561,562
3933,303,304
3933,331,332
3933,429,430
3933,569,570
3934,199,200
3934,331,332
3934,400,401
3934,429,430
3935,199,200
3935,218,219
3935,331,332
3935,429,430
3936,199,200
3936,218,219
3936,400,401
3936,429,430
3937,303,304
3937,331,332
3937,429,430
3937,561,562
3938,267,268
3938,303,304
3938,429,430
3938,561,562
3939,217,218
3939,245,246
3939,292,293
3939,639,640
3940,217,218
3940,245,246
3940,292,293
3940,430,431
3941,217,218
3941,292,293
3941,430,431
3941,639,640
3942,245,246
3942,292,293
3942,345,346
3942,639,640
3943,292,293
3943,345,346
3943,372,373
3943,403,404
3944,292,293
3944,345,346
3944,403,404
3944,639,640
3945,292,293
3945,345,346
3945,372,373
3945,502,503
3946,245,246
3946,292,293
3946,345,346
3946,502,503
3947,292,293
3947,368,369
3947,372,373
3947,502,503
3948,245,246
3948,292,293
3948,368,369
3948,502,503
3949,220,221
3949,292,293
3949,368,369
3949,372,373
3950,220,221
3950,292,293
3950,372,373
3950,660,661
3951,220,221
3951,292,293
3951,368,369
3951,660,661
3952,245,246
3952,356,357
3952,368,369
3952,617,618
3953,356,357
3953,368,369
3953,451,452
3953,617,618
3954,11,12
3954,71,72
3954,356,357
3954,425,426
3955,71,72
3955,149,150
3955,356,357
3955,425,426
3956,368,369
3956,582,583
3956,651,652
3956,660,661
3957,582,583
3957,651,652
3957,660,661
3957,663,664
3958,368,369
3958,557,558
3958,582,583
3958,651,652
3959,557,558
3959,582,583
3959,651,652
3959,663,664
3960,430,431
3960,651,652
3960,660,661
3960,663,664
3961,292,293
3961,368,369
3961,651,652
3961,660,661
3962,292,293
3962,430,431
3962,651,652
3962,660,661
3963,356,357
3963,368,369
3963,451,452
3963,651,652
3964,309,310
3964,557,558
3964,651,652
3964,663,664
3965,309,310
3965,451,452
3965,557,558
3965,651,652
3966,356,357
3966,451,452
3966,484,485
3966,651,652
3967,309,310
3967,451,452
3967,484,485
3967,651,652
3968,245,246
3968,292,293
3968,368,369
3968,651,652
3969,245,246
3969,356,357
3969,368,369
3969,651,652
3970,245,246
3970,292,293
3970,430,431
3970,651,652
3971,430,431
3971,560,561
3971,651,652
3971,663,664
3972,257,258
3972,449,450
3972,552,553
3972,602,603
3973,257,258
3973,552,553
3973,602,603
3973,660,661
3974,257,258
3974,449,450
3974,602,603
3974,631,632
3975,257,258
3975,276,277
3975,449,450
3975,631,632
3976,257,258
3976,430,431
3976,602,603
3976,631,632
3977,257,258
3977,430,431
3977,602,603
3977,660,661
3978,257,258
3978,292,293
3978,430,431
3978,660,661
3979,257,258
3979,276,277
3979,631,632
3979,639,640
3980,257,258
3980,276,277
3980,403,404
3980,639,640
3981,257,258
3981,430,431
3981,631,632
3981,639,640
3982,257,258
3982,292,293
3982,403,404
3982,639,640
3983,257,258
3983,292,293
3983,430,431
3983,639,640
3984,155,156
3984,187,188
3984,252,253
3984,382,383
3985,155,156
3985,252,253
3985,382,383
3985,392,393
3986,49,50
3986,155,156
3986,187,188
3986,382,383
3987,49,50
3987,155,156
3987,382,383
3987,415,416
3988,155,156
3988,382,383
3988,415,416
3988,490,491
3989,49,50
3989,155,156
3989,165,166
3989,187,188
3990,49,50
3990,155,156
3990,165,166
3990,415,416
3991,155,156
3991,392,393
3991,490,491
3991,569,570
3992,155,156
3992,382,383
3992,392,393
3992,569,570
3993,155,156
3993,382,383
3993,490,491
3993,569,570
3994,69,70
3994,165,166
3994,258,259
3994,277,278
3995,165,166
3995,258,259
3995,277,278
3995,415,416
3996,11,12
3996,69,70
3996,258,259
3996,277,278
3997,1461,1462
3997,1499,1500
3997,1544,1545
3997,1749,1750
3998,1499,1500
3998,1544,1545
3998,1707,1708
3998,1749,1750
3999,1378,1379
3999,1484,1485
3999,1505,1506
3999,1660,1661
4000,1365,1366
4000,1378,1379
4000,1484,1485
4000,1660,1661
4001,1543,1544
4001,1604,1605
4001,1638,1639
4001,1660,1661
4002,1378,1379
4002,1543,1544
4002,1638,1639
4002,1660,1661
4003,1590,1591
4003,1691,1692
4003,1707,1708
4003,1815,1816
4004,1691,1692
4004,1768,1769
4004,1813,1814
4004,1849,1850
4005,1577,1578
4005,1691,1692
4005,1707,1708
4005,1815,1816
4006,1577,1578
4006,1691,1692
4006,1815,1816
4006,1817,1818
4007,1691,1692
4007,1813,1814
4007,1815,1816
4007,1817,1818
4008,1577,1578
4008,1691,1692
4008,1813,1814
4008,1817,1818
4009,1577,1578
4009,1691,1692
4009,1692,1693
4009,1768,1769
4010,1691,1692
4010,1692,1693
4010,1768,1769
4010,1813,1814
4011,1577,1578
4011,1691,1692
4011,1692,1693
4011,1813,1814
4012,1577,1578
4012,1749,1750
4012,1768,1769
4012,1780,1781
4013,1577,1578
4013,1707,1708
4013,1749,1750
4013,1780,1781
4014,1577,1578
4014,1691,1692
4014,1768,1769
4014,1780,1781
4015,1577,1578
4015,1691,1692
4015,1707,1708
4015,1780,1781
4016,1499,1500
4016,1707,1708
4016,1749,1750
4016,1780,1781
4017,1590,1591
4017,1691,1692
4017,1707,1708
4017,1780,1781
4018,1499,1500
4018,1590,1591
4018,1707,1708
4018,1780,1781
4019,1441,1442
4019,1499,1500
4019,1590,1591
4019,1780,1781
4020,1461,1462
4020,1499,1500
4020,1749,1750
4020,1780,1781
4021,1595,1596
4021,1681,1682
4021,1738,1739
4021,1744,1745
4022,1595,1596
4022,1681,1682
4022,1683,1684
4022,1744,1745
4023,1681,1682
4023,1683,1684
4023,1744,1745
4023,1776,1777
4024,1592,1593
4024,1595,1596
4024,1681,1682
4024,1738,1739
4025,1681,1682
4025,1701,1702
4025,1744,1745
4025,1776,1777
4026,1404,1405
4026,1592,1593
4026,1681,1682
4026,1784,1785
4027,1404,1405
4027,1592,1593
4027,1681,1682
4027,1738,1739
4028,1376,1377
4028,1681,1682
4028,1708,1709
4028,1784,1785
4029,1592,1593
4029,1681,1682
4029,1708,1709
4029,1784,1785
4030,1567,1568
4030,1589,1590
4030,1597,1598
4030,1749,1750
4031,1567,1568
4031,1589,1590
4031,1597,1598
4031,1756,1757
4032,1567,1568
4032,1597,1598
4032,1756,1757
4032,1769,1770
4033,1567,1568
4033,1589,1590
4033,1749,1750
4033,1768,1769
4034,1567,1568
4034,1749,1750
4034,1768,1769
4034,1780,1781
4035,1461,1462
4035,1567,1568
4035,1597,1598
4035,1749,1750
4036,1567,1568
4036,1589,1590
4036,1692,1693
4036,1768,1769
4037,1567,1568
4037,1589,1590
4037,1692,1693
4037,1756,1757
4038,1529,1530
4038,1567,1568
4038,1768,1769
4038,1780,1781
4039,1529,1530
4039,1567,1568
4039,1669,1670
4039,1769,1770
4040,1567,1568
4040,1669,1670
4040,1756,1757
4040,1769,1770
4041,1567,1568
4041,1669,1670
4041,1692,1693
4041,1768,1769
4042,1567,1568
4042,1669,1670
4042,1692,1693
4042,1756,1757
4043,1529,1530
4043,1567,1568
4043,1669,1670
4043,1768,1769
4044,1461,1462
4044,1567,1568
4044,1749,1750
4044,1780,1781
4045,1529,1530
4045,1567,1568
4045,1604,1605
4045,1769,1770
4046,1529,1530
4046,1567,1568
4046,1604,1605
4046,1638,1639
4047,1567,1568
4047,1604,1605
4047,1638,1639
4047,1769,1770
4048,1461,1462
4048,1593,1594
4048,1606,1607
4048,1701,1702
4049,1461,1462
4049,1593,1594
4049,1597,1598
4049,1701,1702
4050,1461,1462
4050,1593,1594
4050,1606,1607
4050,1638,1639
4051,1461,1462
4051,1567,1568
4051,1593,1594
4051,1597,1598
4052,1461,1462
4052,1567,1568
4052,1593,1594
4052,1638,1639
4053,1378,1379
4053,1593,1594
4053,1606,1607
4053,1638,1639
4054,1414,1415
4054,1593,1594
4054,1597,1598
4054,1642,1643
4055,1414,1415
4055,1593,1594
4055,1597,1598
4055,1701,1702
4056,1567,1568
4056,1593,1594
4056,1597,1598
4056,1769,1770
4057,1567,1568
4057,1593,1594
4057,1638,1639
4057,1769,1770
4058,1369,1370
4058,1461,1462
4058,1544,1545
4058,1744,1745
4059,1369,1370
4059,1461,1462
4059,1701,1702
4059,1744,1745
4060,1369,1370
4060,1681,1682
4060,1701,1702
4060,1744,1745
4061,1369,1370
4061,1461,1462
4061,1606,1607
4061,1701,1702
4062,1369,1370
4062,1544,1545
4062,1738,1739
4062,1744,1745
4063,1369,1370
4063,1681,1682
4063,1738,1739
4063,1744,1745
4064,1369,1370
4064,1404,1405
4064,1681,1682
4064,1738,1739
4065,1369,1370
4065,1535,1536
4065,1606,1607
4065,1725,1726
4066,1369,1370
4066,1404,1405
4066,1681,1682
4066,1784,1785
4067,1369,1370
4067,1535,1536
4067,1725,1726
4067,1784,1785
4068,1369,1370
4068,1404,1405
4068,1725,1726
4068,1784,1785
4069,1431,1432
4069,1460,1461
4069,1522,1523
4069,1764,1765
4070,1431,1432
4070,1460,1461
4070,1522,1523
4070,1668,1669
4071,1431,1432
4071,1460,1461
4071,1668,1669
4071,1764,1765
4072,1418,1419
4072,1460,1461
4072,1522,1523
4072,1764,1765
4073,1564,1565
4073,1668,1669
4073,1764,1765
4073,1788,1789
4074,1474,1475
4074,1564,1565
4074,1764,1765
4074,1788,1789
4075,1727,1728
4075,1747,1748
4075,1752,1753
4075,1788,1789
4076,1719,1720
4076,1727,1728
4076,1747,1748
4076,1788,1789
4077,1564,1565
4077,1719,1720
4077,1727,1728
4077,1788,1789
4078,1442,1443
4078,1503,1504
4078,1620,1621
4078,1636,1637
4079,1503,1504
4079,1620,1621
4079,1636,1637
4079,1719,1720
4080,1379,1380
4080,1719,1720
4080,1747,1748
4080,1788,1789
4081,1379,1380
4081,1474,1475
4081,1564,1565
4081,1788,1789
4082,1379,1380
4082,1564,1565
4082,1719,1720
4082,1788,1789
4083,1379,1380
4083,1474,1475
4083,1764,1765
4083,1788,1789
4084,1379,1380
4084,1474,1475
4084,1626,1627
4084,1628,1629
4085,1379,1380
4085,1404,1405
4085,1626,1627
4085,1628,1629
4086,1379,1380
4086,1628,1629
4086,1719,1720
4086,1747,1748
4087,1379,1380
4087,1564,1565
4087,1628,1629
4087,1719,1720
4088,1628,1629
4088,1649,1650
4088,1698,1699
4088,1731,1732
4089,1628,1629
4089,1649,1650
4089,1698,1699
4089,1738,1739
4090,1628,1629
4090,1649,1650
4090,1731,1732
4090,1738,1739
4091,1404,1405
4091,1592,1593
4091,1628,1629
4091,1738,1739
4092,1379,1380
4092,1404,1405
4092,1592,1593
4092,1628,1629
4093,1628,1629
4093,1719,1720
4093,1731,1732
4093,1747,1748
4094,1628,1629
4094,1698,1699
4094,1719,1720
4094,1731,1732
4095,1628,1629
4095,1731,1732
4095,1739,1740
4095,1747,1748
4096,1628,1629
4096,1738,1739
4096,1739,1740
4096,1747,1748
4097,1628,1629
4097,1731,1732
4097,1738,1739
4097,1739,1740
4098,1379,1380
4098,1592,1593
4098,1628,1629
4098,1747,1748
4099,1592,1593
4099,1595,1596
4099,1628,1629
4099,1747,1748
4100,1595,1596
4100,1628,1629
4100,1738,1739
4100,1747,1748
4101,1592,1593
4101,1595,1596
4101,1628,1629
4101,1738,1739
4102,1632,1633
4102,1717,1718
4102,1721,1722
4102,1845,1846
4103,1709,1710
4103,1727,1728
4103,1752,1753
4103,1761,1762
4104,1709,1710
4104,1727,1728
4104,1761,1762
4104,1845,1846
4105,1664,1665
4105,1709,1710
4105,1752,1753
4105,1761,1762
4106,1664,1665
4106,1709,1710
4106,1761,1762
4106,1845,1846
4107,1632,1633
4107,1717,1718
4107,1761,1762
4107,1792,1793
4108,1632,1633
4108,1717,1718
4108,1761,1762
4108,1845,1846
4109,1579,1580
4109,1664,1665
4109,1761,1762
4109,1831,1832
4110,1579,1580
4110,1761,1762
4110,1811,1812
4110,1831,1832
4111,1634,1635
4111,1761,1762
4111,1792,1793
4111,1811,1812
4112,1579,1580
4112,1634,1635
4112,1761,1762
4112,1811,1812
4113,1717,1718
4113,1761,1762
4113,1792,1793
4113,1811,1812
4114,1717,1718
4114,1761,1762
4114,1811,1812
4114,1845,1846
4115,1664,1665
4115,1761,1762
4115,1818,1819
4115,1831,1832
4116,1664,1665
4116,1761,1762
4116,1818,1819
4116,1845,1846
4117,1761,1762
4117,1811,1812
4117,1818,1819
4117,1831,1832
4118,1761,1762
4118,1811,1812
4118,1818,1819
4118,1845,1846
4119,1399,1400
4119,1629,1630
4119,1708,1709
4119,1755,1756
4120,1399,1400
4120,1708,1709
4120,1711,1712
4120,1755,1756
4121,1584,1585
4121,1608,1609
4121,1755,1756
4121,1772,1773
4122,1608,1609
4122,1711,1712
4122,1755,1756
4122,1772,1773
4123,1584,1585
4123,1755,1756
4123,1779,1780
4123,1787,1788
4124,1584,1585
4124,1629,1630
4124,1755,1756
4124,1787,1788
4125,1629,1630
4125,1708,1709
4125,1755,1756
4125,1787,1788
4126,1584,1585
4126,1715,1716
4126,1755,1756
4126,1772,1773
4127,1715,1716
4127,1755,1756
4127,1772,1773
4127,1779,1780
4128,1584,1585
4128,1715,1716
4128,1755,1756
4128,1779,1780
4129,1755,1756
4129,1766,1767
4129,1772,1773
4129,1779,1780
4130,1711,1712
4130,1755,1756
4130,1766,1767
4130,1772,1773
4131,970,971
4131,1222,1223
4131,1229,1230
4131,1267,1268
4132,970,971
4132,1194,1195
4132,1229,1230
4132,1267,1268
4133,970,971
4133,1194,1195
4133,1229,1230
4133,1300,1301
4134,970,971
4134,1118,1119
4134,1229,1230
4134,1300,1301
4135,1121,1122
4135,1189,1190
4135,1277,1278
4135,1349,1350
4136,1121,1122
4136,1256,1257
4136,1277,1278
4136,1340,1341
4137,1121,1122
4137,1189,1190
4137,1277,1278
4137,1340,1341
4138,1121,1122
4138,1189,1190
4138,1349,1350
4138,1385,1386
4139,1121,1122
4139,1189,1190
4139,1500,1501
4139,1563,1564
4140,1121,1122
4140,1189,1190
4140,1340,1341
4140,1500,1501
4141,1121,1122
4141,1340,1341
4141,1500,1501
4141,1563,1564
4142,1121,1122
4142,1189,1190
4142,1342,1343
4142,1563,1564
4143,1121,1122
4143,1189,1190
4143,1342,1343
4143,1385,1386
4144,1121,1122
4144,1342,1343
4144,1391,1392
4144,1563,1564
4145,1340,1341
4145,1402,1403
4145,1508,1509
4145,1556,1557
4146,1256,1257
4146,1402,1403
4146,1437,1438
4146,1508,1509
4147,1121,1122
4147,1256,1257
4147,1340,1341
4147,1402,1403
4148,1340,1341
4148,1402,1403
4148,1556,1557
4148,1563,1564
4149,1121,1122
4149,1340,1341
4149,1402,1403
4149,1563,1564
4150,1391,1392
4150,1402,1403
4150,1495,1496
4150,1512,1513
4151,1121,1122
4151,1391,1392
4151,1402,1403
4151,1495,1496
4152,1402,1403
4152,1512,1513
4152,1556,1557
4152,1563,1564
4153,1391,1392
4153,1402,1403
4153,1512,1513
4153,1563,1564
4154,1121,1122
4154,1391,1392
4154,1402,1403
4154,1563,1564
4155,1289,1290
4155,1324,1325
4155,1377,1378
4155,1384,1385
4156,1289,1290
4156,1340,1341
4156,1377,1378
4156,1384,1385
4157,1211,1212
4157,1324,1325
4157,1377,1378
4157,1384,1385
4158,1289,1290
4158,1324,1325
4158,1332,1333
4158,1377,1378
4159,1211,1212
4159,1377,1378
4159,1384,1385
4159,1445,1446
4160,1340,1341
4160,1377,1378
4160,1384,1385
4160,1445,1446
4161,1289,1290
4161,1332,1333
4161,1377,1378
4161,1508,1509
4162,1250,1251
4162,1324,1325
4162,1332,1333
4162,1377,1378
4163,1289,1290
4163,1340,1341
4163,1377,1378
4163,1508,1509
4164,1256,1257
4164,1277,1278
4164,1293,1294
4164,1377,1378
4165,1256,1257
4165,1277,1278
4165,1340,1341
4165,1377,1378
4166,1211,1212
4166,1277,1278
4166,1293,1294
4166,1377,1378
4167,1211,1212
4167,1277,1278
4167,1377,1378
4167,1445,1446
4168,1277,1278
4168,1340,1341
4168,1377,1378
4168,1445,1446
4169,1148,1149
4169,1250,1251
4169,1332,1333
4169,1377,1378
4170,1148,1149
4170,1250,1251
4170,1293,1294
4170,1377,1378
4171,1211,1212
4171,1250,1251
4171,1293,1294
4171,1377,1378
4172,1211,1212
4172,1250,1251
4172,1324,1325
4172,1377,1378
4173,1256,1257
4173,1377,1378
4173,1402,1403
4173,1508,1509
4174,1340,1341
4174,1377,1378
4174,1402,1403
4174,1508,1509
4175,1256,1257
4175,1340,1341
4175,1377,1378
4175,1402,1403
4176,1332,1333
4176,1377,1378
4176,1435,1436
4176,1508,1509
4177,1256,1257
4177,1377,1378
4177,1435,1436
4177,1508,1509
4178,1148,1149
4178,1256,1257
4178,1293,1294
4178,1377,1378
4179,1148,1149
4179,1332,1333
4179,1377,1378
4179,1435,1436
4180,1148,1149
4180,1256,1257
4180,1377,1378
4180,1435,1436
4181,1477,1478
4181,1509,1510
4181,1534,1535
4181,1689,1690
4182,1390,1391
4182,1509,1510
4182,1534,1535
4182,1690,1691
4183,1509,1510
4183,1534,1535
4183,1689,1690
4183,1690,1691
4184,1416,1417
4184,1477,1478
4184,1534,1535
4184,1666,1667
4185,1477,1478
4185,1509,1510
4185,1534,1535
4185,1666,1667
4186,1390,1391
4186,1485,1486
4186,1534,1535
4186,1690,1691
4187,1485,1486
4187,1534,1535
4187,1689,1690
4187,1690,1691
4188,1416,1417
4188,1477,1478
4188,1489,1490
4188,1534,1535
4189,1477,1478
4189,1489,1490
4189,1534,1535
4189,1689,1690
4190,1374,1375
4190,1416,1417
4190,1534,1535
4190,1700,1701
4191,1374,1375
4191,1390,1391
4191,1534,1535
4191,1700,1701
4192,1390,1391
4192,1483,1484
4192,1509,1510
4192,1534,1535
4193,1390,1391
4193,1483,1484
4193,1534,1535
4193,1700,1701
4194,1368,1369
4194,1416,1417
4194,1534,1535
4194,1666,1667
4195,1368,1369
4195,1509,1510
4195,1534,1535
4195,1666,1667
4196,1390,1391
4196,1485,1486
4196,1534,1535
4196,1566,1567
4197,1485,1486
4197,1534,1535
4197,1566,1567
4197,1689,1690
4198,1374,1375
4198,1416,1417
4198,1534,1535
4198,1566,1567
4199,1374,1375
4199,1390,1391
4199,1534,1535
4199,1566,1567
4200,1416,1417
4200,1489,1490
4200,1534,1535
4200,1566,1567
4201,1489,1490
4201,1534,1535
4201,1566,1567
4201,1689,1690
4202,1368,1369
4202,1483,1484
4202,1509,1510
4202,1534,1535
4203,1368,1369
4203,1459,1460
4203,1483,1484
4203,1534,1535
4204,1459,1460
4204,1483,1484
4204,1534,1535
4204,1700,1701
4205,1368,1369
4205,1416,1417
4205,1459,1460
4205,1534,1535
4206,1416,1417
4206,1459,1460
4206,1534,1535
4206,1700,1701
4207,1125,1126
4207,1276,1277
4207,1473,1474
4207,1560,1561
4208,1125,1126
4208,1276,1277
4208,1320,1321
4208,1473,1474
4209,1125,1126
4209,1320,1321
4209,1435,1436
4209,1473,1474
4210,1276,1277
4210,1320,1321
4210,1473,1474
4210,1547,1548
4211,1320,1321
4211,1435,1436
4211,1473,1474
4211,1547,1548
4212,1393,1394
4212,1435,1436
4212,1437,1438
4212,1473,1474
4213,1435,1436
4213,1437,1438
4213,1473,1474
4213,1508,1509
4214,1125,1126
4214,1435,1436
4214,1473,1474
4214,1508,1509
4215,1276,1277
4215,1341,1342
4215,1473,1474
4215,1547,1548
4216,1341,1342
4216,1393,1394
4216,1473,1474
4216,1547,1548
4217,1393,1394
4217,1435,1436
4217,1473,1474
4217,1547,1548
4218,1402,1403
4218,1437,1438
4218,1473,1474
4218,1508,1509
4219,1125,1126
4219,1402,1403
4219,1473,1474
4219,1508,1509
4220,1125,1126
4220,1381,1382
4220,1402,1403
4220,1473,1474
4221,1170,1171
4221,1402,1403
4221,1437,1438
4221,1473,1474
4222,1170,1171
4222,1381,1382
4222,1402,1403
4222,1473,1474
4223,1170,1171
4223,1381,1382
4223,1402,1403
4223,1495,1496
4224,1170,1171
4224,1266,1267
4224,1395,1396
4224,1478,1479
4225,1486,1487
4225,1592,1593
4225,1782,1783
4225,1784,1785
4226,1404,1405
4226,1592,1593
4226,1782,1783
4226,1784,1785
4227,1379,1380
4227,1404,1405
4227,1592,1593
4227,1782,1783
4228,1373,1374
4228,1404,1405
4228,1626,1627
4228,1782,1783
4229,1379,1380
4229,1404,1405
4229,1626,1627
4229,1782,1783
4230,1342,1343
4230,1374,1375
4230,1392,1393
4230,1433,1434
4231,1371,1372
4231,1374,1375
4231,1392,1393
4231,1433,1434
4232,1342,1343
4232,1391,1392
4232,1392,1393
4232,1433,1434
4233,1371,1372
4233,1391,1392
4233,1392,1393
4233,1433,1434
4234,1371,1372
4234,1374,1375
4234,1433,1434
4234,1545,1546
4235,1524,1525
4235,1533,1534
4235,1585,1586
4235,1703,1704
4236,1371,1372
4236,1524,1525
4236,1585,1586
4236,1703,1704
4237,1343,1344
4237,1371,1372
4237,1524,1525
4237,1585,1586
4238,1371,1372
4238,1524,1525
4238,1545,1546
4238,1703,1704
4239,1469,1470
4239,1524,1525
4239,1533,1534
4239,1585,1586
4240,1195,1196
4240,1469,1470
4240,1524,1525
4240,1533,1534
4241,1343,1344
4241,1371,1372
4241,1433,1434
4241,1524,1525
4242,1131,1132
4242,1195,1196
4242,1469,1470
4242,1524,1525
4243,1131,1132
4243,1195,1196
4243,1343,1344
4243,1524,1525
4244,1452,1453
4244,1622,1623
4244,1718,1719
4244,1777,1778
4245,1443,1444
4245,1574,1575
4245,1629,1630
4245,1718,1719
4246,1622,1623
4246,1625,1626
4246,1718,1719
4246,1777,1778
4247,1622,1623
4247,1625,1626
4247,1670,1671
4247,1718,1719
4248,1387,1388
4248,1418,1419
4248,1457,1458
4248,1532,1533
4249,1309,1310
4249,1387,1388
4249,1457,1458
4249,1532,1533
4250,1418,1419
4250,1457,1458
4250,1522,1523
4250,1532,1533
4251,1309,1310
4251,1341,1342
4251,1521,1522
4251,1532,1533
4252,926,927
4252,970,971
4252,1222,1223
4252,1226,1227
4253,926,927
4253,954,955
4253,970,971
4253,1226,1227
4254,926,927
4254,954,955
4254,1226,1227
4254,1281,1282
4255,1217,1218
4255,1222,1223
4255,1226,1227
4255,1426,1427
4256,954,955
4256,1186,1187
4256,1226,1227
4256,1281,1282
4257,1172,1173
4257,1217,1218
4257,1226,1227
4257,1426,1427
4258,929,930
4258,1139,1140
4258,1186,1187
4258,1226,1227
4259,1139,1140
4259,1186,1187
4259,1226,1227
4259,1281,1282
4260,924,925
4260,929,930
4260,944,945
4260,1217,1218
4261,924,925
4261,929,930
4261,1217,1218
4261,1226,1227
4262,924,925
4262,929,930
4262,1139,1140
4262,1226,1227
4263,924,925
4263,1139,1140
4263,1226,1227
4263,1281,1282
4264,708,709
4264,872,873
4264,975,976
4264,1033,1034
4265,708,709
4265,914,915
4265,975,976
4265,1033,1034
4266,708,709
4266,872,873
4266,975,976
4266,1051,1052
4267,960,961
4267,1183,1184
4267,1190,1191
4267,1510,1511
4268,960,961
4268,1183,1184
4268,1493,1494
4268,1510,1511
4269,1129,1130
4269,1190,1191
4269,1437,1438
4269,1510,1511
4270,1129,1130
4270,1183,1184
4270,1190,1191
4270,1510,1511
4271,960,961
4271,1190,1191
4271,1427,1428
4271,1510,1511
4272,960,961
4272,1427,1428
4272,1493,1494
4272,1510,1511
4273,1266,1267
4273,1395,1396
4273,1493,1494
4273,1510,1511
4274,1190,1191
4274,1427,1428
4274,1437,1438
4274,1510,1511
4275,1183,1184
4275,1349,1350
4275,1395,1396
4275,1510,1511
4276,1129,1130
4276,1183,1184
4276,1349,1350
4276,1510,1511
4277,1171,1172
4277,1194,1195
4277,1317,1318
4277,1493,1494
4278,1171,1172
4278,1210,1211
4278,1317,1318
4278,1493,1494
4279,1171,1172
4279,1210,1211
4279,1319,1320
4279,1493,1494
4280,1171,1172
4280,1194,1195
4280,1300,1301
4280,1317,1318
4281,1171,1172
4281,1300,1301
4281,1317,1318
4281,1346,1347
4282,1145,1146
4282,1171,1172
4282,1346,1347
4282,1472,1473
4283,1171,1172
4283,1194,1195
4283,1300,1301
4283,1472,1473
4284,1171,1172
4284,1300,1301
4284,1346,1347
4284,1472,1473
4285,1145,1146
4285,1171,1172
4285,1429,1430
4285,1472,1473
4286,1171,1172
4286,1319,1320
4286,1360,1361
4286,1429,1430
4287,1171,1172
4287,1210,1211
4287,1319,1320
4287,1360,1361
4288,1145,1146
4288,1171,1172
4288,1360,1361
4288,1429,1430
4289,1171,1172
4289,1210,1211
4289,1236,1237
4289,1317,1318
4290,1171,1172
4290,1236,1237
4290,1312,1313
4290,1317,1318
4291,1171,1172
4291,1312,1313
4291,1317,1318
4291,1346,1347
4292,1171,1172
4292,1236,1237
4292,1312,1313
4292,1346,1347
4293,1171,1172
4293,1210,1211
4293,1236,1237
4293,1360,1361
4294,1145,1146
4294,1171,1172
4294,1348,1349
4294,1360,1361
4295,1145,1146
4295,1171,1172
4295,1346,1347
4295,1348,1349
4296,1171,1172
4296,1236,1237
4296,1348,1349
4296,1360,1361
4297,1171,1172
4297,1236,1237
4297,1346,1347
4297,1348,1349
4298,439,440
4298,467,468
4298,636,637
4298,756,757
4299,439,440
4299,546,547
4299,636,637
4299,756,757
4300,439,440
4300,756,757
4300,784,785
4300,814,815
4301,439,440
4301,546,547
4301,756,757
4301,814,815
4302,368,369
4302,519,520
4302,557,558
4302,582,583
4303,300,301
4303,368,369
4303,451,452
4303,519,520
4304,368,369
4304,451,452
4304,519,520
4304,651,652
4305,368,369
4305,519,520
4305,557,558
4305,651,652
4306,451,452
4306,519,520
4306,557,558
4306,651,652
4307,300,301
4307,519,520
4307,577,578
4307,581,582
4308,395,396
4308,519,520
4308,577,578
4308,581,582
4309,395,396
4309,451,452
4309,519,520
4309,557,558
4310,395,396
4310,451,452
4310,519,520
4310,581,582
4311,300,301
4311,451,452
4311,519,520
4311,617,618
4312,300,301
4312,519,520
4312,581,582
4312,617,618
4313,451,452
4313,519,520
4313,581,582
4313,617,618
4314,395,396
4314,519,520
4314,557,558
4314,630,631
4315,454,455
4315,467,468
4315,630,631
4315,756,757
4316,453,454
4316,699,700
4316,775,776
4316,837,838
4317,529,530
4317,699,700
4317,775,776
4317,837,838
4318,477,478
4318,529,530
4318,699,700
4318,775,776
4319,477,478
4319,497,498
4319,624,625
4319,699,700
4320,477,478
4320,497,498
4320,529,530
4320,699,700
4321,453,454
4321,699,700
4321,813,814
4321,837,838
4322,515,516
4322,699,700
4322,813,814
4322,837,838
4323,453,454
4323,515,516
4323,699,700
4323,813,814
4324,453,454
4324,624,625
4324,699,700
4324,892,893
4325,453,454
4325,515,516
4325,699,700
4325,892,893
4326,529,530
4326,610,611
4326,699,700
4326,837,838
4327,515,516
4327,610,611
4327,699,700
4327,837,838
4328,475,476
4328,624,625
4328,699,700
4328,892,893
4329,475,476
4329,515,516
4329,699,700
4329,892,893
4330,497,498
4330,529,530
4330,610,611
4330,699,700
4331,475,476
4331,497,498
4331,624,625
4331,699,700
4332,475,476
4332,497,498
4332,610,611
4332,699,700
4333,475,476
4333,515,516
4333,610,611
4333,699,700
4334,475,476
4334,624,625
4334,844,845
4334,892,893
4335,475,476
4335,615,616
4335,624,625
4335,844,845
4336,624,625
4336,782,783
4336,844,845
4336,892,893
4337,528,529
4337,615,616
4337,624,625
4337,844,845
4338,475,476
4338,615,616
4338,844,845
4338,895,896
4339,475,476
4339,822,823
4339,844,845
4339,892,893
4340,755,756
4340,822,823
4340,844,845
4340,892,893
4341,528,529
4341,615,616
4341,787,788
4341,844,845
4342,615,616
4342,787,788
4342,844,845
4342,895,896
4343,475,476
4343,822,823
4343,844,845
4343,895,896
4344,755,756
4344,822,823
4344,844,845
4344,895,896
4345,528,529
4345,724,725
4345,787,788
4345,844,845
4346,724,725
4346,787,788
4346,844,845
4346,895,896
4347,755,756
4347,844,845
4347,895,896
4347,927,928
4348,753,754
4348,755,756
4348,844,845
4348,892,893
4349,928,929
4349,1224,1225
4349,1261,1262
4349,1313,1314
4350,902,903
4350,928,929
4350,1224,1225
4350,1261,1262
4351,902,903
4351,928,929
4351,1103,1104
4351,1224,1225
4352,928,929
4352,1049,1050
4352,1103,1104
4352,1224,1225
4353,1132,1133
4353,1220,1221
4353,1291,1292
4353,1313,1314
4354,1220,1221
4354,1291,1292
4354,1292,1293
4354,1313,1314
4355,1132,1133
4355,1220,1221
4355,1313,1314
4355,1316,1317
4356,1220,1221
4356,1224,1225
4356,1292,1293
4356,1313,1314
4357,1220,1221
4357,1261,1262
4357,1313,1314
4357,1316,1317
4358,1220,1221
4358,1224,1225
4358,1261,1262
4358,1313,1314
4359,1118,1119
4359,1220,1221
4359,1291,1292
4359,1518,1519
4360,1118,1119
4360,1132,1133
4360,1220,1221
4360,1291,1292
4361,1132,1133
4361,1220,1221
4361,1300,1301
4361,1316,1317
4362,1118,1119
4362,1220,1221
4362,1300,1301
4362,1518,1519
4363,1118,1119
4363,1132,1133
4363,1220,1221
4363,1300,1301
4364,1058,1059
4364,1156,1157
4364,1244,1245
4364,1412,1413
4365,916,917
4365,983,984
4365,1118,1119
4365,1132,1133
4366,916,917
4366,983,984
4366,1132,1133
4366,1313,1314
4367,916,917
4367,983,984
4367,1157,1158
4367,1313,1314
4368,916,917
4368,1132,1133
4368,1157,1158
4368,1313,1314
4369,916,917
4369,954,955
4369,1132,1133
4369,1157,1158
4370,916,917
4370,954,955
4370,970,971
4370,1132,1133
4371,916,917
4371,970,971
4371,1118,1119
4371,1132,1133
4372,928,929
4372,1014,1015
4372,1092,1093
4372,1313,1314
4373,928,929
4373,1092,1093
4373,1224,1225
4373,1313,1314
4374,1092,1093
4374,1224,1225
4374,1292,1293
4374,1313,1314
4375,983,984
4375,1092,1093
4375,1292,1293
4375,1313,1314
4376,983,984
4376,1014,1015
4376,1092,1093
4376,1313,1314
4377,928,929
4377,1049,1050
4377,1092,1093
4377,1224,1225
4378,1049,1050
4378,1092,1093
4378,1224,1225
4378,1292,1293
4379,928,929
4379,964,965
4379,1014,1015
4379,1092,1093
4380,964,965
4380,985,986
4380,1092,1093
4380,1249,1250
4381,964,965
4381,983,984
4381,1014,1015
4381,1092,1093
4382,964,965
4382,983,984
4382,1092,1093
4382,1249,1250
4383,983,984
4383,1092,1093
4383,1291,1292
4383,1292,1293
4384,983,984
4384,1092,1093
4384,1249,1250
4384,1291,1292
4385,1092,1093
4385,1249,1250
4385,1291,1292
4385,1292,1293
4386,964,965
4386,985,986
4386,1084,1085
4386,1092,1093
4387,985,986
4387,1049,1050
4387,1084,1085
4387,1092,1093
4388,719,720
4388,928,929
4388,1084,1085
4388,1092,1093
4389,719,720
4389,928,929
4389,964,965
4389,1092,1093
4390,719,720
4390,964,965
4390,1084,1085
4390,1092,1093
4391,928,929
4391,1084,1085
4391,1092,1093
4391,1103,1104
4392,928,929
4392,1049,1050
4392,1092,1093
4392,1103,1104
4393,1049,1050
4393,1084,1085
4393,1092,1093
4393,1103,1104
4394,719,720
4394,863,864
4394,980,981
4394,996,997
4395,863,864
4395,980,981
4395,996,997
4395,1087,1088
4396,719,720
4396,964,965
4396,980,981
4396,996,997
4397,964,965
4397,980,981
4397,996,997
4397,1000,1001
4398,980,981
4398,996,997
4398,1000,1001
4398,1087,1088
4399,988,989
4399,996,997
4399,1000,1001
4399,1113,1114
4400,996,997
4400,1000,1001
4400,1087,1088
4400,1113,1114
4401,988,989
4401,996,997
4401,1000,1001
4401,1234,1235
4402,964,965
4402,996,997
4402,1000,1001
4402,1234,1235
4403,988,989
4403,996,997
4403,1014,1015
4403,1234,1235
4404,964,965
4404,996,997
4404,1014,1015
4404,1234,1235
4405,1186,1187
4405,1207,1208
4405,1258,1259
4405,1351,1352
4406,929,930
4406,1186,1187
4406,1226,1227
4406,1258,1259
4407,1186,1187
4407,1207,1208
4407,1235,1236
4407,1258,1259
4408,929,930
4408,1139,1140
4408,1235,1236
4408,1258,1259
4409,929,930
4409,1139,1140
4409,1186,1187
4409,1258,1259
4410,1139,1140
4410,1186,1187
4410,1235,1236
4410,1258,1259
4411,1207,1208
4411,1232,1233
4411,1235,1236
4411,1258,1259
4412,929,930
4412,1172,1173
4412,1217,1218
4412,1258,1259
4413,929,930
4413,1217,1218
4413,1226,1227
4413,1258,1259
4414,1172,1173
4414,1217,1218
4414,1226,1227
4414,1258,1259
4415,1163,1164
4415,1172,1173
4415,1258,1259
4415,1426,1427
4416,1172,1173
4416,1226,1227
4416,1258,1259
4416,1426,1427
4417,1333,1334
4417,1352,1353
4417,1356,1357
4417,1446,1447
4418,1285,1286
4418,1333,1334
4418,1356,1357
4418,1446,1447
4419,1174,1175
4419,1356,1357
4419,1446,1447
4419,1458,1459
4420,1174,1175
4420,1352,1353
4420,1356,1357
4420,1458,1459
4421,1352,1353
4421,1356,1357
4421,1446,1447
4421,1458,1459
4422,1232,1233
4422,1285,1286
4422,1333,1334
4422,1356,1357
4423,1062,1063
4423,1285,1286
4423,1356,1357
4423,1446,1447
4424,1062,1063
4424,1232,1233
4424,1285,1286
4424,1356,1357
4425,1310,1311
4425,1352,1353
4425,1375,1376
4425,1389,1390
4426,748,749
4426,873,874
4426,897,898
4426,1025,1026
4427,808,809
4427,820,821
4427,948,949
4427,1105,1106
4428,448,449
4428,770,771
4428,847,848
4428,858,859
4429,770,771
4429,809,810
4429,847,848
4429,858,859
4430,448,449
4430,725,726
4430,770,771
4430,858,859
4431,448,449
4431,465,466
4431,725,726
4431,858,859
4432,770,771
4432,809,810
4432,858,859
4432,1048,1049
4433,809,810
4433,858,859
4433,884,885
4433,1048,1049
4434,677,678
4434,725,726
4434,770,771
4434,858,859
4435,677,678
4435,770,771
4435,858,859
4435,1048,1049
4436,473,474
4436,635,636
4436,738,739
4436,751,752
4437,473,474
4437,635,636
4437,751,752
4437,860,861
4438,613,614
4438,635,636
4438,751,752
4438,860,861
4439,572,573
4439,613,614
4439,751,752
4439,860,861
4440,613,614
4440,635,636
4440,714,715
4440,751,752
4441,635,636
4441,714,715
4441,738,739
4441,751,752
4442,537,538
4442,572,573
4442,613,614
4442,751,752
4443,572,573
4443,723,724
4443,751,752
4443,792,793
4444,537,538
4444,613,614
4444,714,715
4444,751,752
4445,443,444
4445,541,542
4445,625,626
4445,672,673
4446,443,444
4446,465,466
4446,625,626
4446,672,673
4447,541,542
4447,564,565
4447,625,626
4447,632,633
4448,541,542
4448,625,626
4448,632,633
4448,672,673
4449,465,466
4449,625,626
4449,632,633
4449,672,673
4450,541,542
4450,564,565
4450,625,626
4450,860,861
4451,443,444
4451,465,466
4451,625,626
4451,723,724
4452,448,449
4452,564,565
4452,625,626
4452,632,633
4453,448,449
4453,465,466
4453,625,626
4453,632,633
4454,541,542
4454,625,626
4454,658,659
4454,860,861
4455,443,444
4455,541,542
4455,625,626
4455,658,659
4456,443,444
4456,625,626
4456,658,659
4456,860,861
4457,448,449
4457,465,466
4457,625,626
4457,858,859
4458,448,449
4458,625,626
4458,723,724
4458,858,859
4459,465,466
4459,625,626
4459,723,724
4459,858,859
4460,448,449
4460,473,474
4460,564,565
4460,625,626
4461,473,474
4461,564,565
4461,625,626
4461,860,861
4462,473,474
4462,625,626
4462,751,752
4462,860,861
4463,443,444
4463,572,573
4463,625,626
4463,860,861
4464,572,573
4464,625,626
4464,751,752
4464,860,861
4465,572,573
4465,625,626
4465,723,724
4465,751,752
4466,572,573
4466,625,626
4466,723,724
4466,792,793
4467,443,444
4467,572,573
4467,625,626
4467,792,793
4468,443,444
4468,625,626
4468,723,724
4468,792,793
4469,200,201
4469,235,236
4469,265,266
4469,472,473
4470,265,266
4470,316,317
4470,362,363
4470,472,473
4471,1707,1708
4471,1713,1714
4471,1733,1734
4471,1815,1816
4472,1590,1591
4472,1707,1708
4472,1733,1734
4472,1815,1816
4473,1462,1463
4473,1698,1699
4473,1713,1714
4473,1733,1734
4474,921,922
4474,970,971
4474,1001,1002
4474,1132,1133
4475,921,922
4475,1001,1002
4475,1132,1133
4475,1316,1317
4476,921,922
4476,970,971
4476,1132,1133
4476,1300,1301
4477,921,922
4477,1132,1133
4477,1300,1301
4477,1316,1317
4478,921,922
4478,950,951
4478,970,971
4478,1001,1002
4479,921,922
4479,970,971
4479,1300,1301
4479,1317,1318
4480,921,922
4480,1300,1301
4480,1316,1317
4480,1317,1318
4481,921,922
4481,970,971
4481,1267,1268
4481,1317,1318
4482,921,922
4482,1231,1232
4482,1267,1268
4482,1317,1318
4483,921,922
4483,1043,1044
4483,1316,1317
4483,1317,1318
4484,921,922
4484,1043,1044
4484,1231,1232
4484,1317,1318
4485,921,922
4485,966,967
4485,1043,1044
4485,1316,1317
4486,921,922
4486,966,967
4486,1001,1002
4486,1316,1317
4487,921,922
4487,950,951
4487,1038,1039
4487,1231,1232
4488,921,922
4488,1038,1039
4488,1043,1044
4488,1231,1232
4489,955,956
4489,988,989
4489,1035,1036
4489,1347,1348
4490,916,917
4490,954,955
4490,1035,1036
4490,1186,1187
4491,916,917
4491,954,955
4491,1035,1036
4491,1157,1158
4492,916,917
4492,983,984
4492,1035,1036
4492,1157,1158
4493,955,956
4493,1035,1036
4493,1186,1187
4493,1207,1208
4494,955,956
4494,1035,1036
4494,1207,1208
4494,1347,1348
4495,983,984
4495,1014,1015
4495,1035,1036
4495,1157,1158
4496,983,984
4496,1035,1036
4496,1234,1235
4496,1347,1348
4497,988,989
4497,1035,1036
4497,1234,1235
4497,1347,1348
4498,1035,1036
4498,1186,1187
4498,1207,1208
4498,1351,1352
4499,916,917
4499,1035,1036
4499,1186,1187
4499,1351,1352
4500,1035,1036
4500,1207,1208
4500,1347,1348
4500,1351,1352
4501,983,984
4501,1014,1015
4501,1035,1036
4501,1234,1235
4502,988,989
4502,1014,1015
4502,1035,1036
4502,1234,1235
4503,1174,1175
4503,1177,1178
4503,1363,1364
4503,1423,1424
4504,1177,1178
4504,1363,1364
4504,1423,1424
4504,1655,1656
4505,1363,1364
4505,1423,1424
4505,1655,1656
4505,1781,1782
4506,1363,1364
4506,1484,1485
4506,1505,1506
4506,1655,1656
4507,1177,1178
4507,1363,1364
4507,1484,1485
4507,1655,1656
4508,1357,1358
4508,1366,1367
4508,1413,1414
4508,1449,1450
4509,1366,1367
4509,1413,1414
4509,1449,1450
4509,1581,1582
4510,1366,1367
4510,1397,1398
4510,1413,1414
4510,1581,1582
4511,1413,1414
4511,1449,1450
4511,1520,1521
4511,1581,1582
4512,1122,1123
4512,1413,1414
4512,1449,1450
4512,1520,1521
4513,1158,1159
4513,1366,1367
4513,1397,1398
4513,1413,1414
4514,1397,1398
4514,1408,1409
4514,1413,1414
4514,1581,1582
4515,1408,1409
4515,1413,1414
4515,1520,1521
4515,1581,1582
4516,1122,1123
4516,1408,1409
4516,1413,1414
4516,1520,1521
4517,1122,1123
4517,1233,1234
4517,1408,1409
4517,1413,1414
4518,1233,1234
4518,1397,1398
4518,1408,1409
4518,1413,1414
4519,1158,1159
4519,1233,1234
4519,1397,1398
4519,1413,1414
4520,1172,1173
4520,1233,1234
4520,1337,1338
4520,1359,1360
4521,1158,1159
4521,1172,1173
4521,1233,1234
4521,1359,1360
4522,1233,1234
4522,1359,1360
4522,1397,1398
4522,1408,1409
4523,1233,1234
4523,1337,1338
4523,1359,1360
4523,1408,1409
4524,1158,1159
4524,1233,1234
4524,1359,1360
4524,1397,1398
4525,1131,1132
4525,1195,1196
4525,1315,1316
4525,1469,1470
4526,1195,1196
4526,1315,1316
4526,1469,1470
4526,1511,1512
4527,1131,1132
4527,1158,1159
4527,1195,1196
4527,1315,1316
4528,1131,1132
4528,1315,1316
4528,1469,1470
4528,1527,1528
4529,1131,1132
4529,1229,1230
4529,1315,1316
4529,1527,1528
4530,1131,1132
4530,1158,1159
4530,1315,1316
4530,1426,1427
4531,1158,1159
4531,1163,1164
4531,1315,1316
4531,1426,1427
4532,1131,1132
4532,1229,1230
4532,1315,1316
4532,1426,1427
4533,1163,1164
4533,1229,1230
4533,1315,1316
4533,1426,1427
4534,1383,1384
4534,1409,1410
4534,1555,1556
4534,1763,1764
4535,1122,1123
4535,1409,1410
4535,1555,1556
4535,1763,1764
4536,1122,1123
4536,1212,1213
4536,1409,1410
4536,1555,1556
4537,1118,1119
4537,1246,1247
4537,1300,1301
4537,1518,1519
4538,1246,1247
4538,1310,1311
4538,1375,1376
4538,1389,1390
4539,1118,1119
4539,1156,1157
4539,1246,1247
4539,1518,1519
4540,1118,1119
4540,1156,1157
4540,1246,1247
4540,1389,1390
4541,1156,1157
4541,1246,1247
4541,1375,1376
4541,1389,1390
4542,1246,1247
4542,1310,1311
4542,1375,1376
4542,1540,1541
4543,1246,1247
4543,1259,1260
4543,1375,1376
4543,1540,1541
4544,1246,1247
4544,1259,1260
4544,1310,1311
4544,1540,1541
4545,1160,1161
4545,1380,1381
4545,1472,1473
4545,1559,1560
4546,1303,1304
4546,1380,1381
4546,1472,1473
4546,1559,1560
4547,1145,1146
4547,1160,1161
4547,1380,1381
4547,1472,1473
4548,1145,1146
4548,1303,1304
4548,1380,1381
4548,1472,1473
4549,1162,1163
4549,1303,1304
4549,1380,1381
4549,1559,1560
4550,1145,1146
4550,1160,1161
4550,1380,1381
4550,1429,1430
4551,1145,1146
4551,1380,1381
4551,1429,1430
4551,1438,1439
4552,1160,1161
4552,1380,1381
4552,1429,1430
4552,1438,1439
4553,1150,1151
4553,1162,1163
4553,1380,1381
4553,1463,1464
4554,1150,1151
4554,1162,1163
4554,1225,1226
4554,1380,1381
4555,1162,1163
4555,1225,1226
4555,1303,1304
4555,1380,1381
4556,1145,1146
4556,1345,1346
4556,1380,1381
4556,1438,1439
4557,1150,1151
4557,1345,1346
4557,1380,1381
4557,1438,1439
4558,1150,1151
4558,1225,1226
4558,1345,1346
4558,1380,1381
4559,1145,1146
4559,1225,1226
4559,1345,1346
4559,1380,1381
4560,1145,1146
4560,1225,1226
4560,1303,1304
4560,1380,1381
4561,1124,1125
4561,1180,1181
4561,1398,1399
4561,1555,1556
4562,1124,1125
4562,1212,1213
4562,1398,1399
4562,1555,1556
4563,1151,1152
4563,1154,1155
4563,1185,1186
4563,1398,1399
4564,1124,1125
4564,1151,1152
4564,1185,1186
4564,1398,1399
4565,1007,1008
4565,1154,1155
4565,1271,1272
4565,1398,1399
4566,1151,1152
4566,1154,1155
4566,1271,1272
4566,1398,1399
4567,1007,1008
4567,1180,1181
4567,1271,1272
4567,1398,1399
4568,1124,1125
4568,1151,1152
4568,1271,1272
4568,1398,1399
4569,1122,1123
4569,1124,1125
4569,1290,1291
4569,1555,1556
4570,1122,1123
4570,1212,1213
4570,1290,1291
4570,1555,1556
4571,1124,1125
4571,1212,1213
4571,1290,1291
4571,1555,1556
4572,1122,1123
4572,1233,1234
4572,1290,1291
4572,1413,1414
4573,1124,1125
4573,1185,1186
4573,1350,1351
4573,1398,1399
4574,1124,1125
4574,1212,1213
4574,1350,1351
4574,1398,1399
4575,1062,1063
4575,1232,1233
4575,1350,1351
4575,1356,1357
4576,1124,1125
4576,1232,1233
4576,1350,1351
4576,1356,1357
4577,1151,1152
4577,1185,1186
4577,1232,1233
4577,1350,1351
4578,1124,1125
4578,1151,1152
4578,1232,1233
4578,1350,1351
4579,1124,1125
4579,1151,1152
4579,1185,1186
4579,1350,1351
4580,1436,1437
4580,1581,1582
4580,1757,1758
4580,1767,1768
4581,1436,1437
4581,1545,1546
4581,1581,1582
4581,1757,1758
4582,1366,1367
4582,1436,1437
4582,1581,1582
4582,1767,1768
4583,1366,1367
4583,1430,1431
4583,1436,1437
4583,1767,1768
4584,1436,1437
4584,1524,1525
4584,1545,1546
4584,1703,1704
4585,1366,1367
4585,1397,1398
4585,1436,1437
4585,1581,1582
4586,1195,1196
4586,1366,1367
4586,1397,1398
4586,1436,1437
4587,1195,1196
4587,1366,1367
4587,1436,1437
4587,1511,1512
4588,1366,1367
4588,1430,1431
4588,1436,1437
4588,1511,1512
4589,1195,1196
4589,1436,1437
4589,1524,1525
4589,1533,1534
4590,1430,1431
4590,1436,1437
4590,1533,1534
4590,1703,1704
4591,1436,1437
4591,1524,1525
4591,1533,1534
4591,1703,1704
4592,1195,1196
4592,1436,1437
4592,1511,1512
4592,1533,1534
4593,1430,1431
4593,1436,1437
4593,1511,1512
4593,1533,1534
4594,1371,1372
4594,1374,1375
4594,1450,1451
4594,1566,1567
4595,1374,1375
4595,1450,1451
4595,1545,1546
4595,1566,1567
4596,1371,1372
4596,1374,1375
4596,1450,1451
4596,1545,1546
4597,1371,1372
4597,1450,1451
4597,1566,1567
4597,1732,1733
4598,1450,1451
4598,1566,1567
4598,1647,1648
4598,1732,1733
4599,1371,1372
4599,1450,1451
4599,1565,1566
4599,1732,1733
4600,1371,1372
4600,1450,1451
4600,1565,1566
4600,1703,1704
4601,1371,1372
4601,1450,1451
4601,1545,1546
4601,1703,1704
4602,1450,1451
4602,1485,1486
4602,1566,1567
4602,1647,1648
4603,1450,1451
4603,1485,1486
4603,1647,1648
4603,1656,1657
4604,1450,1451
4604,1485,1486
4604,1545,1546
4604,1566,1567
4605,1399,1400
4605,1450,1451
4605,1565,1566
4605,1732,1733
4606,1399,1400
4606,1450,1451
4606,1647,1648
4606,1732,1733
4607,1450,1451
4607,1647,1648
4607,1656,1657
4607,1711,1712
4608,1399,1400
4608,1450,1451
4608,1565,1566
4608,1711,1712
4609,1399,1400
4609,1450,1451
4609,1647,1648
4609,1711,1712
4610,1376,1377
4610,1450,1451
4610,1656,1657
4610,1703,1704
4611,1376,1377
4611,1450,1451
4611,1565,1566
4611,1703,1704
4612,1376,1377
4612,1450,1451
4612,1656,1657
4612,1711,1712
4613,1376,1377
4613,1450,1451
4613,1565,1566
4613,1711,1712
4614,1617,1618
4614,1697,1698
4614,1729,1730
4614,1757,1758
4615,1617,1618
4615,1684,1685
4615,1697,1698
4615,1729,1730
4616,1430,1431
4616,1684,1685
4616,1697,1698
4616,1729,1730
4617,1430,1431
4617,1697,1698
4617,1729,1730
4617,1767,1768
4618,1697,1698
4618,1729,1730
4618,1757,1758
4618,1767,1768
4619,1430,1431
4619,1436,1437
4619,1697,1698
4619,1767,1768
4620,1436,1437
4620,1697,1698
4620,1757,1758
4620,1767,1768
4621,1436,1437
4621,1545,1546
4621,1697,1698
4621,1757,1758
4622,1485,1486
4622,1617,1618
4622,1697,1698
4622,1757,1758
4623,1430,1431
4623,1684,1685
4623,1697,1698
4623,1703,1704
4624,1430,1431
4624,1436,1437
4624,1697,1698
4624,1703,1704
4625,1436,1437
4625,1545,1546
4625,1697,1698
4625,1703,1704
4626,1390,1391
4626,1485,1486
4626,1697,1698
4626,1757,1758
4627,1390,1391
4627,1485,1486
4627,1545,1546
4627,1697,1698
4628,1390,1391
4628,1545,1546
4628,1697,1698
4628,1757,1758
4629,1656,1657
4629,1684,1685
4629,1697,1698
4629,1703,1704
4630,1485,1486
4630,1617,1618
4630,1656,1657
4630,1697,1698
4631,1617,1618
4631,1656,1657
4631,1684,1685
4631,1697,1698
4632,1450,1451
4632,1485,1486
4632,1656,1657
4632,1697,1698
4633,1450,1451
4633,1485,1486
4633,1545,1546
4633,1697,1698
4634,1450,1451
4634,1656,1657
4634,1697,1698
4634,1703,1704
4635,1450,1451
4635,1545,1546
4635,1697,1698
4635,1703,1704
4636,1378,1379
4636,1542,1543
4636,1554,1555
4636,1606,1607
4637,1378,1379
4637,1554,1555
4637,1593,1594
4637,1606,1607
4638,1370,1371
4638,1401,1402
4638,1448,1449
4638,1519,1520
4639,1401,1402
4639,1420,1421
4639,1438,1439
4639,1492,1493
4640,1370,1371
4640,1401,1402
4640,1492,1493
4640,1519,1520
4641,1401,1402
4641,1438,1439
4641,1492,1493
4641,1519,1520
4642,1370,1371
4642,1401,1402
4642,1492,1493
4642,1626,1627
4643,1401,1402
4643,1420,1421
4643,1492,1493
4643,1626,1627
4644,1370,1371
4644,1401,1402
4644,1420,1421
4644,1626,1627
4645,1160,1161
4645,1401,1402
4645,1420,1421
4645,1438,1439
4646,1160,1161
4646,1380,1381
4646,1401,1402
4646,1438,1439
4647,1160,1161
4647,1380,1381
4647,1401,1402
4647,1420,1421
4648,1150,1151
4648,1380,1381
4648,1401,1402
4648,1438,1439
4649,1150,1151
4649,1401,1402
4649,1448,1449
4649,1519,1520
4650,1150,1151
4650,1401,1402
4650,1448,1449
4650,1463,1464
4651,1150,1151
4651,1380,1381
4651,1401,1402
4651,1463,1464
4652,1150,1151
4652,1345,1346
4652,1401,1402
4652,1438,1439
4653,1150,1151
4653,1345,1346
4653,1401,1402
4653,1519,1520
4654,1345,1346
4654,1401,1402
4654,1438,1439
4654,1519,1520
4655,1187,1188
4655,1416,1417
4655,1459,1460
4655,1552,1553
4656,1187,1188
4656,1416,1417
4656,1459,1460
4656,1465,1466
4657,1187,1188
4657,1416,1417
4657,1552,1553
4657,1624,1625
4658,1187,1188
4658,1416,1417
4658,1465,1466
4658,1624,1625
4659,1187,1188
4659,1415,1416
4659,1552,1553
4659,1624,1625
4660,1187,1188
4660,1415,1416
4660,1465,1466
4660,1624,1625
4661,1187,1188
4661,1368,1369
4661,1490,1491
4661,1552,1553
4662,1187,1188
4662,1368,1369
4662,1459,1460
4662,1552,1553
4663,1187,1188
4663,1368,1369
4663,1459,1460
4663,1490,1491
4664,1223,1224
4664,1372,1373
4664,1459,1460
4664,1490,1491
4665,1187,1188
4665,1334,1335
4665,1372,1373
4665,1490,1491
4666,1187,1188
4666,1372,1373
4666,1459,1460
4666,1490,1491
4667,1191,1192
4667,1275,1276
4667,1334,1335
4667,1372,1373
4668,1275,1276
4668,1334,1335
4668,1372,1373
4668,1490,1491
4669,1146,1147
4669,1223,1224
4669,1372,1373
4669,1451,1452
4670,1223,1224
4670,1327,1328
4670,1372,1373
4670,1451,1452
4671,1223,1224
4671,1327,1328
4671,1372,1373
4671,1490,1491
4672,1146,1147
4672,1191,1192
4672,1372,1373
4672,1553,1554
4673,1191,1192
4673,1247,1248
4673,1372,1373
4673,1451,1452
4674,1191,1192
4674,1247,1248
4674,1275,1276
4674,1372,1373
4675,1247,1248
4675,1275,1276
4675,1372,1373
4675,1451,1452
4676,1275,1276
4676,1327,1328
4676,1372,1373
4676,1451,1452
4677,1275,1276
4677,1327,1328
4677,1372,1373
4677,1490,1491
4678,1146,1147
4678,1188,1189
4678,1191,1192
4678,1372,1373
4679,1146,1147
4679,1188,1189
4679,1372,1373
4679,1451,1452
4680,1188,1189
4680,1191,1192
4680,1372,1373
4680,1451,1452
4681,1268,1269
4681,1374,1375
4681,1416,1417
4681,1465,1466
4682,1268,1269
4682,1416,1417
4682,1459,1460
4682,1465,1466
4683,1268,1269
4683,1374,1375
4683,1416,1417
4683,1459,1460
4684,1268,1269
4684,1374,1375
4684,1459,1460
4684,1700,1701
4685,1268,1269
4685,1342,1343
4685,1374,1375
4685,1465,1466
4686,1146,1147
4686,1223,1224
4686,1268,1269
4686,1700,1701
4687,1223,1224
4687,1268,1269
4687,1459,1460
4687,1700,1701
4688,1268,1269
4688,1342,1343
4688,1374,1375
4688,1433,1434
4689,1146,1147
4689,1268,1269
4689,1372,1373
4689,1553,1554
4690,1146,1147
4690,1223,1224
4690,1268,1269
4690,1372,1373
4691,1223,1224
4691,1268,1269
4691,1372,1373
4691,1459,1460
4692,1146,1147
4692,1268,1269
4692,1517,1518
4692,1700,1701
4693,691,692
4693,799,800
4693,819,820
4693,1028,1029
4694,799,800
4694,819,820
4694,884,885
4694,1028,1029
4695,691,692
4695,729,730
4695,799,800
4695,819,820
4696,691,692
4696,729,730
4696,799,800
4696,886,887
4697,681,682
4697,799,800
4697,884,885
4697,1028,1029
4698,799,800
4698,839,840
4698,849,850
4698,886,887
4699,691,692
4699,799,800
4699,849,850
4699,886,887
4700,792,793
4700,799,800
4700,839,840
4700,886,887
4701,681,682
4701,732,733
4701,850,851
4701,863,864
4702,681,682
4702,796,797
4702,850,851
4702,1028,1029
4703,731,732
4703,913,914
4703,982,983
4703,1018,1019
4704,731,732
4704,913,914
4704,1018,1019
4704,1053,1054
4705,731,732
4705,973,974
4705,982,983
4705,1018,1019
4706,731,732
4706,973,974
4706,1018,1019
4706,1053,1054
4707,973,974
4707,1016,1017
4707,1018,1019
4707,1053,1054
4708,973,974
4708,1016,1017
4708,1018,1019
4708,1078,1079
4709,976,977
4709,1038,1039
4709,1104,1105
4709,1176,1177
4710,973,974
4710,976,977
4710,1104,1105
4710,1176,1177
4711,976,977
4711,1038,1039
4711,1176,1177
4711,1288,1289
4712,973,974
4712,976,977
4712,1176,1177
4712,1288,1289
4713,976,977
4713,1038,1039
4713,1078,1079
4713,1104,1105
4714,973,974
4714,976,977
4714,1078,1079
4714,1104,1105
4715,940,941
4715,976,977
4715,1038,1039
4715,1288,1289
4716,940,941
4716,976,977
4716,1106,1107
4716,1288,1289
4717,937,938
4717,976,977
4717,1106,1107
4717,1288,1289
4718,937,938
4718,973,974
4718,976,977
4718,1288,1289
4719,940,941
4719,976,977
4719,1106,1107
4719,1149,1150
4720,973,974
4720,976,977
4720,1018,1019
4720,1078,1079
4721,976,977
4721,1018,1019
4721,1078,1079
4721,1149,1150
4722,937,938
4722,973,974
4722,976,977
4722,982,983
4723,973,974
4723,976,977
4723,982,983
4723,1018,1019
4724,976,977
4724,982,983
4724,1018,1019
4724,1149,1150
4725,928,929
4725,1096,1097
4725,1261,1262
4725,1313,1314
4726,1001,1002
4726,1096,1097
4726,1261,1262
4726,1313,1314
4727,1001,1002
4727,1096,1097
4727,1157,1158
4727,1313,1314
4728,928,929
4728,1014,1015
4728,1096,1097
4728,1313,1314
4729,1014,1015
4729,1096,1097
4729,1157,1158
4729,1313,1314
4730,796,797
4730,902,903
4730,928,929
4730,1096,1097
4731,902,903
4731,928,929
4731,1096,1097
4731,1261,1262
4732,796,797
4732,902,903
4732,1096,1097
4732,1108,1109
4733,902,903
4733,1096,1097
4733,1108,1109
4733,1261,1262
4734,950,951
4734,998,999
4734,1012,1013
4734,1270,1271
4735,997,998
4735,998,999
4735,1012,1013
4735,1270,1271
4736,950,951
4736,1012,1013
4736,1181,1182
4736,1270,1271
4737,926,927
4737,950,951
4737,1181,1182
4737,1270,1271
4738,926,927
4738,1181,1182
4738,1270,1271
4738,1281,1282
4739,926,927
4739,950,951
4739,954,955
4739,1270,1271
4740,926,927
4740,954,955
4740,1270,1271
4740,1281,1282
4741,950,951
4741,954,955
4741,1001,1002
4741,1270,1271
4742,954,955
4742,1001,1002
4742,1157,1158
4742,1270,1271
4743,950,951
4743,998,999
4743,1001,1002
4743,1270,1271
4744,1001,1002
4744,1096,1097
4744,1157,1158
4744,1270,1271
4745,998,999
4745,1001,1002
4745,1096,1097
4745,1270,1271
4746,1104,1105
4746,1108,1109
4746,1128,1129
4746,1176,1177
4747,998,999
4747,1104,1105
4747,1108,1109
4747,1128,1129
4748,1038,1039
4748,1104,1105
4748,1128,1129
4748,1176,1177
4749,1038,1039
4749,1043,1044
4749,1128,1129
4749,1176,1177
4750,966,967
4750,1043,1044
4750,1128,1129
4750,1176,1177
4751,998,999
4751,1038,1039
4751,1104,1105
4751,1128,1129
4752,966,967
4752,1128,1129
4752,1176,1177
4752,1243,1244
4753,966,967
4753,1001,1002
4753,1128,1129
4753,1261,1262
4754,921,922
4754,966,967
4754,1043,1044
4754,1128,1129
4755,921,922
4755,966,967
4755,1001,1002
4755,1128,1129
4756,950,951
4756,998,999
4756,1038,1039
4756,1128,1129
4757,950,951
4757,998,999
4757,1001,1002
4757,1128,1129
4758,1001,1002
4758,1096,1097
4758,1128,1129
4758,1261,1262
4759,998,999
4759,1001,1002
4759,1096,1097
4759,1128,1129
4760,1096,1097
4760,1108,1109
4760,1128,1129
4760,1261,1262
4761,998,999
4761,1096,1097
4761,1108,1109
4761,1128,1129
4762,921,922
4762,950,951
4762,1001,1002
4762,1128,1129
4763,921,922
4763,950,951
4763,1038,1039
4763,1128,1129
4764,921,922
4764,1038,1039
4764,1043,1044
4764,1128,1129
4765,538,539
4765,665,666
4765,807,808
4765,810,811
4766,457,458
4766,538,539
4766,665,666
4766,807,808
4767,534,535
4767,587,588
4767,766,767
4767,807,808
4768,538,539
4768,711,712
4768,807,808
4768,810,811
4769,538,539
4769,573,574
4769,711,712
4769,807,808
4770,457,458
4770,538,539
4770,573,574
4770,807,808
4771,573,574
4771,705,706
4771,711,712
4771,807,808
4772,457,458
4772,573,574
4772,705,706
4772,807,808
4773,458,459
4773,524,525
4773,534,535
4773,807,808
4774,457,458
4774,458,459
4774,524,525
4774,807,808
4775,457,458
4775,458,459
4775,571,572
4775,807,808
4776,458,459
4776,571,572
4776,705,706
4776,807,808
4777,457,458
4777,571,572
4777,705,706
4777,807,808
4778,705,706
4778,711,712
4778,807,808
4778,868,869
4779,535,536
4779,705,706
4779,807,808
4779,868,869
4780,587,588
4780,594,595
4780,621,622
4780,679,680
4781,512,513
4781,594,595
4781,621,622
4781,679,680
4782,512,513
4782,534,535
4782,621,622
4782,679,680
4783,534,535
4783,621,622
4783,679,680
4783,766,767
4784,587,588
4784,621,622
4784,679,680
4784,766,767
4785,534,535
4785,587,588
4785,621,622
4785,766,767
4786,534,535
4786,587,588
4786,621,622
4786,807,808
4787,512,513
4787,594,595
4787,621,622
4787,667,668
4788,512,513
4788,524,525
4788,534,535
4788,621,622
4789,524,525
4789,534,535
4789,621,622
4789,807,808
4790,523,524
4790,587,588
4790,594,595
4790,621,622
4791,523,524
4791,587,588
4791,621,622
4791,665,666
4792,587,588
4792,621,622
4792,665,666
4792,810,811
4793,621,622
4793,665,666
4793,807,808
4793,810,811
4794,587,588
4794,621,622
4794,807,808
4794,810,811
4795,512,513
4795,524,525
4795,621,622
4795,667,668
4796,446,447
4796,524,525
4796,621,622
4796,667,668
4797,438,439
4797,594,595
4797,621,622
4797,667,668
4798,438,439
4798,446,447
4798,621,622
4798,667,668
4799,438,439
4799,446,447
4799,621,622
4799,665,666
4800,446,447
4800,457,458
4800,621,622
4800,665,666
4801,457,458
4801,621,622
4801,665,666
4801,807,808
4802,446,447
4802,457,458
4802,524,525
4802,621,622
4803,457,458
4803,524,525
4803,621,622
4803,807,808
4804,438,439
4804,523,524
4804,594,595
4804,621,622
4805,438,439
4805,523,524
4805,621,622
4805,665,666
4806,339,340
4806,353,354
4806,484,485
4806,513,514
4807,271,272
4807,309,310
4807,484,485
4807,557,558
4808,271,272
4808,309,310
4808,484,485
4808,513,514
4809,271,272
4809,309,310
4809,513,514
4809,603,604
4810,271,272
4810,451,452
4810,484,485
4810,557,558
4811,271,272
4811,353,354
4811,484,485
4811,513,514
4812,271,272
4812,395,396
4812,451,452
4812,557,558
4813,271,272
4813,395,396
4813,557,558
4813,630,631
4814,495,496
4814,654,655
4814,672,673
4814,697,698
4815,495,496
4815,641,642
4815,654,655
4815,697,698
4816,454,455
4816,641,642
4816,654,655
4816,697,698
4817,454,455
4817,630,631
4817,641,642
4817,654,655
4818,454,455
4818,467,468
4818,630,631
4818,654,655
4819,459,460
4819,557,558
4819,582,583
4819,654,655
4820,459,460
4820,467,468
4820,557,558
4820,654,655
4821,519,520
4821,557,558
4821,582,583
4821,654,655
4822,495,496
4822,577,578
4822,641,642
4822,654,655
4823,467,468
4823,557,558
4823,630,631
4823,654,655
4824,519,520
4824,557,558
4824,630,631
4824,654,655
4825,395,396
4825,630,631
4825,641,642
4825,654,655
4826,395,396
4826,519,520
4826,630,631
4826,654,655
4827,395,396
4827,577,578
4827,641,642
4827,654,655
4828,395,396
4828,519,520
4828,577,578
4828,654,655
4829,1143,1144
4829,1231,1232
4829,1264,1265
4829,1288,1289
4830,940,941
4830,1231,1232
4830,1264,1265
4830,1288,1289
4831,940,941
4831,1106,1107
4831,1264,1265
4831,1288,1289
4832,960,961
4832,1143,1144
4832,1231,1232
4832,1264,1265
4833,940,941
4833,960,961
4833,1231,1232
4833,1264,1265
4834,1143,1144
4834,1264,1265
4834,1288,1289
4834,1321,1322
4835,1106,1107
4835,1264,1265
4835,1288,1289
4835,1321,1322
4836,1221,1222
4836,1264,1265
4836,1278,1279
4836,1321,1322
4837,940,941
4837,960,961
4837,1190,1191
4837,1264,1265
4838,1221,1222
4838,1264,1265
4838,1278,1279
4838,1427,1428
4839,1190,1191
4839,1221,1222
4839,1264,1265
4839,1427,1428
4840,960,961
4840,1190,1191
4840,1264,1265
4840,1427,1428
4841,960,961
4841,1143,1144
4841,1210,1211
4841,1264,1265
4842,960,961
4842,1210,1211
4842,1264,1265
4842,1427,1428
4843,1143,1144
4843,1161,1162
4843,1264,1265
4843,1278,1279
4844,1143,1144
4844,1161,1162
4844,1264,1265
4844,1321,1322
4845,1161,1162
4845,1264,1265
4845,1278,1279
4845,1321,1322
4846,1143,1144
4846,1210,1211
4846,1264,1265
4846,1278,1279
4847,1210,1211
4847,1264,1265
4847,1278,1279
4847,1427,1428
4848,949,950
4848,1153,1154
4848,1208,1209
4848,1328,1329
4849,925,926
4849,949,950
4849,1153,1154
4849,1208,1209
4850,925,926
4850,972,973
4850,1085,1086
4850,1284,1285
4851,901,902
4851,972,973
4851,1085,1086
4851,1284,1285
4852,760,761
4852,901,902
4852,1085,1086
4852,1284,1285
4853,760,761
4853,901,902
4853,1059,1060
4853,1085,1086
4854,690,691
4854,901,902
4854,1059,1060
4854,1085,1086
4855,690,691
4855,901,902
4855,972,973
4855,1085,1086
4856,830,831
4856,957,958
4856,1046,1047
4856,1054,1055
4857,830,831
4857,957,958
4857,1054,1055
4857,1059,1060
4858,906,907
4858,957,958
4858,1046,1047
4858,1054,1055
4859,830,831
4859,957,958
4859,993,994
4859,1059,1060
4860,830,831
4860,957,958
4860,993,994
4860,1077,1078
4861,760,761
4861,957,958
4861,993,994
4861,1077,1078
4862,827,828
4862,830,831
4862,957,958
4862,1077,1078
4863,827,828
4863,830,831
4863,957,958
4863,1046,1047
4864,827,828
4864,957,958
4864,1046,1047
4864,1077,1078
4865,760,761
4865,901,902
4865,957,958
4865,993,994
4866,901,902
4866,957,958
4866,993,994
4866,1059,1060
4867,760,761
4867,901,902
4867,957,958
4867,1059,1060
4868,760,761
4868,957,958
4868,1077,1078
4868,1335,1336
4869,891,892
4869,906,907
4869,957,958
4869,1046,1047
4870,891,892
4870,957,958
4870,1046,1047
4870,1077,1078
4871,760,761
4871,957,958
4871,1045,1046
4871,1335,1336
4872,891,892
4872,906,907
4872,957,958
4872,1335,1336
4873,891,892
4873,957,958
4873,1077,1078
4873,1335,1336
4874,760,761
4874,957,958
4874,1085,1086
4874,1284,1285
4875,760,761
4875,957,958
4875,1059,1060
4875,1085,1086
4876,1054,1055
4876,1068,1069
4876,1107,1108
4876,1314,1315
4877,969,970
4877,1068,1069
4877,1149,1150
4877,1314,1315
4878,906,907
4878,957,958
4878,1054,1055
4878,1068,1069
4879,957,958
4879,1054,1055
4879,1059,1060
4879,1068,1069
4880,906,907
4880,1046,1047
4880,1054,1055
4880,1068,1069
4881,906,907
4881,951,952
4881,1068,1069
4881,1149,1150
4882,951,952
4882,969,970
4882,1068,1069
4882,1149,1150
4883,923,924
4883,1129,1130
4883,1242,1243
4883,1339,1340
4884,923,924
4884,1129,1130
4884,1197,1198
4884,1242,1243
4885,1129,1130
4885,1190,1191
4885,1242,1243
4885,1339,1340
4886,1129,1130
4886,1183,1184
4886,1197,1198
4886,1242,1243
4887,1129,1130
4887,1183,1184
4887,1190,1191
4887,1242,1243
4888,960,961
4888,1183,1184
4888,1190,1191
4888,1242,1243
4889,940,941
4889,960,961
4889,1190,1191
4889,1242,1243
4890,940,941
4890,960,961
4890,1231,1232
4890,1242,1243
4891,951,952
4891,969,970
4891,1106,1107
4891,1127,1128
4892,951,952
4892,969,970
4892,1127,1128
4892,1296,1297
4893,969,970
4893,1127,1128
4893,1296,1297
4893,1339,1340
4894,940,941
4894,969,970
4894,1106,1107
4894,1127,1128
4895,1127,1128
4895,1283,1284
4895,1296,1297
4895,1339,1340
4896,1127,1128
4896,1190,1191
4896,1283,1284
4896,1339,1340
4897,969,970
4897,1127,1128
4897,1242,1243
4897,1339,1340
4898,940,941
4898,969,970
4898,1127,1128
4898,1242,1243
4899,1127,1128
4899,1190,1191
4899,1221,1222
4899,1283,1284
4900,1127,1128
4900,1190,1191
4900,1221,1222
4900,1264,1265
4901,940,941
4901,1106,1107
4901,1127,1128
4901,1264,1265
4902,940,941
4902,1127,1128
4902,1190,1191
4902,1264,1265
4903,1127,1128
4903,1190,1191
4903,1242,1243
4903,1339,1340
4904,940,941
4904,1127,1128
4904,1190,1191
4904,1242,1243
4905,919,920
4905,1060,1061
4905,1274,1275
4905,1318,1319
4906,1204,1205
4906,1247,1248
4906,1275,1276
4906,1311,1312
4907,1116,1117
4907,1247,1248
4907,1275,1276
4907,1311,1312
4908,909,910
4908,1116,1117
4908,1168,1169
4908,1311,1312
4909,909,910
4909,1116,1117
4909,1247,1248
4909,1311,1312
4910,909,910
4910,1097,1098
4910,1168,1169
4910,1311,1312
4911,1060,1061
4911,1097,1098
4911,1165,1166
4911,1168,1169
4912,909,910
4912,1097,1098
4912,1165,1166
4912,1168,1169
4913,919,920
4913,1060,1061
4913,1165,1166
4913,1318,1319
4914,1060,1061
4914,1165,1166
4914,1168,1169
4914,1318,1319
4915,909,910
4915,1165,1166
4915,1168,1169
4915,1318,1319
4916,750,751
4916,816,817
4916,830,831
4916,1079,1080
4917,768,769
4917,816,817
4917,830,831
4917,1079,1080
4918,768,769
4918,816,817
4918,870,871
4918,1079,1080
4919,586,587
4919,750,751
4919,816,817
4919,1079,1080
4920,586,587
4920,816,817
4920,870,871
4920,1079,1080
4921,709,710
4921,750,751
4921,801,802
4921,1079,1080
4922,586,587
4922,750,751
4922,801,802
4922,1079,1080
4923,586,587
4923,801,802
4923,870,871
4923,1079,1080
4924,768,769
4924,830,831
4924,1079,1080
4924,1102,1103
4925,709,710
4925,716,717
4925,801,802
4925,1079,1080
4926,750,751
4926,830,831
4926,1054,1055
4926,1079,1080
4927,709,710
4927,750,751
4927,1054,1055
4927,1079,1080
4928,716,717
4928,801,802
4928,930,931
4928,1079,1080
4929,801,802
4929,870,871
4929,930,931
4929,1079,1080
4930,716,717
4930,1054,1055
4930,1079,1080
4930,1102,1103
4931,716,717
4931,930,931
4931,1079,1080
4931,1102,1103
4932,768,769
4932,930,931
4932,1079,1080
4932,1102,1103
4933,768,769
4933,870,871
4933,930,931
4933,1079,1080
4934,709,710
4934,716,717
4934,1054,1055
4934,1079,1080
4935,830,831
4935,1059,1060
4935,1079,1080
4935,1102,1103
4936,830,831
4936,1054,1055
4936,1059,1060
4936,1079,1080
4937,1054,1055
4937,1059,1060
4937,1079,1080
4937,1102,1103
4938,466,467
4938,539,540
4938,774,775
4938,816,817
4939,466,467
4939,539,540
4939,642,643
4939,774,775
4940,768,769
4940,774,775
4940,816,817
4940,870,871
4941,539,540
4941,586,587
4941,774,775
4941,816,817
4942,539,540
4942,586,587
4942,766,767
4942,774,775
4943,539,540
4943,587,588
4943,766,767
4943,774,775
4944,539,540
4944,587,588
4944,642,643
4944,774,775
4945,586,587
4945,774,775
4945,816,817
4945,870,871
4946,586,587
4946,766,767
4946,774,775
4946,870,871
4947,766,767
4947,772,773
4947,774,775
4947,870,871
4948,768,769
4948,772,773
4948,774,775
4948,870,871
4949,690,691
4949,803,804
4949,817,818
4949,999,1000
4950,690,691
4950,768,769
4950,803,804
4950,999,1000
4951,690,691
4951,768,769
4951,803,804
4951,1094,1095
4952,803,804
4952,811,812
4952,817,818
4952,999,1000
4953,466,467
4953,803,804
4953,811,812
4953,999,1000
4954,768,769
4954,803,804
4954,816,817
4954,999,1000
4955,768,769
4955,774,775
4955,803,804
4955,816,817
4956,642,643
4956,803,804
4956,811,812
4956,823,824
4957,466,467
4957,803,804
4957,816,817
4957,999,1000
4958,466,467
4958,774,775
4958,803,804
4958,816,817
4959,466,467
4959,642,643
4959,803,804
4959,811,812
4960,466,467
4960,642,643
4960,774,775
4960,803,804
4961,605,606
4961,772,773
4961,868,869
4961,893,894
4962,535,536
4962,605,606
4962,772,773
4962,868,869
4963,535,536
4963,605,606
4963,766,767
4963,772,773
4964,587,588
4964,605,606
4964,807,808
4964,810,811
4965,605,606
4965,711,712
4965,810,811
4965,893,894
4966,605,606
4966,711,712
4966,868,869
4966,893,894
4967,535,536
4967,605,606
4967,807,808
4967,868,869
4968,587,588
4968,605,606
4968,642,643
4968,774,775
4969,605,606
4969,766,767
4969,772,773
4969,774,775
4970,587,588
4970,605,606
4970,766,767
4970,774,775
4971,587,588
4971,605,606
4971,766,767
4971,807,808
4972,605,606
4972,711,712
4972,807,808
4972,810,811
4973,605,606
4973,711,712
4973,807,808
4973,868,869
4974,534,535
4974,535,536
4974,605,606
4974,766,767
4975,534,535
4975,605,606
4975,766,767
4975,807,808
4976,534,535
4976,535,536
4976,605,606
4976,807,808
4977,544,545
4977,586,587
4977,801,802
4977,870,871
4978,544,545
4978,586,587
4978,754,755
4978,801,802
4979,499,500
4979,544,545
4979,586,587
4979,754,755
4980,499,500
4980,544,545
4980,586,587
4980,766,767
4981,544,545
4981,586,587
4981,766,767
4981,870,871
4982,544,545
4982,684,685
4982,754,755
4982,801,802
4983,535,536
4983,544,545
4983,766,767
4983,870,871
4984,544,545
4984,801,802
4984,870,871
4984,930,931
4985,535,536
4985,544,545
4985,870,871
4985,930,931
4986,544,545
4986,684,685
4986,801,802
4986,930,931
4987,499,500
4987,534,535
4987,544,545
4987,766,767
4988,534,535
4988,535,536
4988,544,545
4988,766,767
4989,499,500
4989,544,545
4989,754,755
4989,853,854
4990,544,545
4990,596,597
4990,754,755
4990,853,854
4991,499,500
4991,544,545
4991,596,597
4991,853,854
4992,544,545
4992,596,597
4992,754,755
4992,849,850
4993,544,545
4993,684,685
4993,754,755
4993,849,850
4994,544,545
4994,596,597
4994,684,685
4994,849,850
4995,499,500
4995,534,535
4995,544,545
4995,596,597
4996,981,982
4996,1082,1083
4996,1138,1139
4996,1238,1239
4997,981,982
4997,1106,1107
4997,1138,1139
4997,1321,1322
4998,981,982
4998,1138,1139
4998,1238,1239
4998,1321,1322
4999,981,982
4999,1082,1083
4999,1200,1201
4999,1238,1239
5000,981,982
5000,1221,1222
5000,1238,1239
5000,1321,1322
5001,951,952
5001,981,982
5001,1082,1083
5001,1200,1201
5002,981,982
5002,1221,1222
5002,1264,1265
5002,1321,1322
5003,981,982
5003,1106,1107
5003,1264,1265
5003,1321,1322
5004,951,952
5004,981,982
5004,1106,1107
5004,1127,1128
5005,981,982
5005,1127,1128
5005,1221,1222
5005,1264,1265
5006,981,982
5006,1106,1107
5006,1127,1128
5006,1264,1265
5007,981,982
5007,1127,1128
5007,1221,1222
5007,1283,1284
5008,951,952
5008,981,982
5008,1200,1201
5008,1296,1297
5009,951,952
5009,981,982
5009,1127,1128
5009,1296,1297
5010,981,982
5010,1200,1201
5010,1283,1284
5010,1296,1297
5011,981,982
5011,1127,1128
5011,1283,1284
5011,1296,1297
5012,922,923
5012,937,938
5012,1106,1107
5012,1138,1139
5013,922,923
5013,937,938
5013,1134,1135
5013,1138,1139
5014,922,923
5014,981,982
5014,1106,1107
5014,1138,1139
5015,922,923
5015,981,982
5015,1082,1083
5015,1138,1139
5016,922,923
5016,953,954
5016,1134,1135
5016,1138,1139
5017,922,923
5017,953,954
5017,1082,1083
5017,1138,1139
5018,922,923
5018,951,952
5018,981,982
5018,1106,1107
5019,922,923
5019,951,952
5019,981,982
5019,1082,1083
5020,922,923
5020,937,938
5020,976,977
5020,982,983
5021,922,923
5021,976,977
5021,982,983
5021,1149,1150
5022,922,923
5022,937,938
5022,976,977
5022,1106,1107
5023,922,923
5023,976,977
5023,1106,1107
5023,1149,1150
5024,922,923
5024,951,952
5024,1106,1107
5024,1149,1150
5025,922,923
5025,937,938
5025,982,983
5025,1134,1135
5026,922,923
5026,953,954
5026,982,983
5026,1134,1135
5027,922,923
5027,953,954
5027,1044,1045
5027,1082,1083
5028,922,923
5028,951,952
5028,1044,1045
5028,1082,1083
5029,906,907
5029,922,923
5029,951,952
5029,1044,1045
5030,906,907
5030,922,923
5030,951,952
5030,1149,1150
5031,974,975
5031,1063,1064
5031,1248,1249
5031,1295,1296
5032,914,915
5032,974,975
5032,1063,1064
5032,1295,1296
5033,918,919
5033,1063,1064
5033,1067,1068
5033,1248,1249
5034,1063,1064
5034,1067,1068
5034,1248,1249
5034,1295,1296
5035,537,538
5035,572,573
5035,759,760
5035,795,796
5036,759,760
5036,792,793
5036,795,796
5036,886,887
5037,572,573
5037,792,793
5037,795,796
5037,886,887
5038,572,573
5038,759,760
5038,792,793
5038,795,796
5039,759,760
5039,795,796
5039,853,854
5039,886,887
5040,537,538
5040,652,653
5040,759,760
5040,795,796
5041,754,755
5041,795,796
5041,853,854
5041,886,887
5042,614,615
5042,788,789
5042,795,796
5042,853,854
5043,759,760
5043,788,789
5043,795,796
5043,853,854
5044,614,615
5044,652,653
5044,788,789
5044,795,796
5045,652,653
5045,759,760
5045,788,789
5045,795,796
5046,614,615
5046,652,653
5046,703,704
5046,795,796
5047,537,538
5047,652,653
5047,703,704
5047,795,796
5048,614,615
5048,754,755
5048,795,796
5048,853,854
5049,614,615
5049,674,675
5049,754,755
5049,795,796
5050,614,615
5050,674,675
5050,703,704
5050,795,796
5051,674,675
5051,698,699
5051,703,704
5051,795,796
5052,674,675
5052,698,699
5052,761,762
5052,869,870
5053,674,675
5053,698,699
5053,703,704
5053,869,870
5054,674,675
5054,703,704
5054,761,762
5054,869,870
5055,698,699
5055,703,704
5055,795,796
5055,869,870
5056,537,538
5056,698,699
5056,795,796
5056,869,870
5057,537,538
5057,703,704
5057,795,796
5057,869,870
5058,698,699
5058,761,762
5058,869,870
5058,913,914
5059,761,762
5059,802,803
5059,869,870
5059,913,914
5060,703,704
5060,761,762
5060,869,870
5060,878,879
5061,537,538
5061,608,609
5061,685,686
5061,869,870
5062,537,538
5062,685,686
5062,703,704
5062,869,870
5063,608,609
5063,749,750
5063,802,803
5063,869,870
5064,537,538
5064,608,609
5064,749,750
5064,869,870
5065,608,609
5065,802,803
5065,869,870
5065,878,879
5066,761,762
5066,802,803
5066,869,870
5066,878,879
5067,608,609
5067,685,686
5067,869,870
5067,878,879
5068,685,686
5068,703,704
5068,869,870
5068,878,879
5069,42,43
5069,195,196
5069,296,297
5069,346,347
5070,97,98
5070,195,196
5070,301,302
5070,346,347
5071,42,43
5071,97,98
5071,195,196
5071,346,347
5072,200,201
5072,235,236
5072,265,266
5072,371,372
5073,200,201
5073,337,338
5073,371,372
5073,640,641
5074,200,201
5074,337,338
5074,371,372
5074,393,394
5075,337,338
5075,338,339
5075,371,372
5075,418,419
5076,338,339
5076,371,372
5076,418,419
5076,640,641
5077,337,338
5077,371,372
5077,418,419
5077,640,641
5078,18,19
5078,25,26
5078,75,76
5078,374,375
5079,18,19
5079,338,339
5079,350,351
5079,381,382
5080,18,19
5080,25,26
5080,374,375
5080,381,382
5081,18,19
5081,338,339
5081,374,375
5081,381,382
5082,18,19
5082,103,104
5082,338,339
5082,374,375
5083,18,19
5083,25,26
5083,211,212
5083,381,382
5084,18,19
5084,211,212
5084,350,351
5084,381,382
5085,42,43
5085,58,59
5085,119,120
5085,396,397
5086,42,43
5086,58,59
5086,119,120
5086,307,308
5087,42,43
5087,119,120
5087,307,308
5087,396,397
5088,58,59
5088,119,120
5088,137,138
5088,307,308
5089,58,59
5089,96,97
5089,119,120
5089,137,138
5090,119,120
5090,137,138
5090,167,168
5090,307,308
5091,96,97
5091,119,120
5091,137,138
5091,167,168
5092,96,97
5092,119,120
5092,120,121
5092,167,168
5093,48,49
5093,96,97
5093,119,120
5093,120,121
5094,119,120
5094,203,204
5094,307,308
5094,396,397
5095,48,49
5095,119,120
5095,120,121
5095,211,212
5096,48,49
5096,119,120
5096,211,212
5096,396,397
5097,119,120
5097,120,121
5097,203,204
5097,211,212
5098,119,120
5098,203,204
5098,211,212
5098,396,397
5099,10,11
5099,93,94
5099,124,125
5099,134,135
5100,8,9
5100,93,94
5100,124,125
5100,134,135
5101,10,11
5101,93,94
5101,134,135
5101,148,149
5102,93,94
5102,134,135
5102,148,149
5102,381,382
5103,10,11
5103,124,125
5103,134,135
5103,146,147
5104,673,674
5104,693,694
5104,845,846
5104,888,889
5105,459,460
5105,582,583
5105,660,661
5105,888,889
5106,532,533
5106,552,553
5106,845,846
5106,888,889
5107,532,533
5107,582,583
5107,650,651
5107,888,889
5108,532,533
5108,650,651
5108,845,846
5108,888,889
5109,600,601
5109,602,603
5109,663,664
5109,888,889
5110,459,460
5110,600,601
5110,663,664
5110,888,889
5111,602,603
5111,660,661
5111,663,664
5111,888,889
5112,459,460
5112,660,661
5112,663,664
5112,888,889
5113,532,533
5113,552,553
5113,660,661
5113,888,889
5114,532,533
5114,582,583
5114,660,661
5114,888,889
5115,459,460
5115,467,468
5115,545,546
5115,654,655
5116,459,460
5116,545,546
5116,582,583
5116,654,655
5117,443,444
5117,545,546
5117,672,673
5117,737,738
5118,495,496
5118,545,546
5118,654,655
5118,672,673
5119,459,460
5119,545,546
5119,582,583
5119,888,889
5120,545,546
5120,582,583
5120,650,651
5120,888,889
5121,443,444
5121,495,496
5121,545,546
5121,672,673
5122,443,444
5122,495,496
5122,545,546
5122,650,651
5123,452,453
5123,606,607
5123,622,623
5123,652,653
5124,452,453
5124,622,623
5124,652,653
5124,685,686
5125,537,538
5125,613,614
5125,622,623
5125,685,686
5126,537,538
5126,622,623
5126,652,653
5126,685,686
5127,480,481
5127,613,614
5127,622,623
5127,685,686
5128,452,453
5128,480,481
5128,622,623
5128,685,686
5129,537,538
5129,572,573
5129,613,614
5129,622,623
5130,537,538
5130,572,573
5130,622,623
5130,652,653
5131,572,573
5131,613,614
5131,622,623
5131,658,659
5132,572,573
5132,622,623
5132,652,653
5132,759,760
5133,606,607
5133,622,623
5133,652,653
5133,759,760
5134,572,573
5134,622,623
5134,658,659
5134,759,760
5135,290,291
5135,452,453
5135,606,607
5135,622,623
5136,290,291
5136,452,453
5136,517,518
5136,622,623
5137,464,465
5137,486,487
5137,555,556
5137,759,760
5138,464,465
5138,486,487
5138,606,607
5138,759,760
5139,486,487
5139,555,556
5139,658,659
5139,759,760
5140,464,465
5140,486,487
5140,575,576
5140,606,607
5141,197,198
5141,486,487
5141,575,576
5141,606,607
5142,464,465
5142,486,487
5142,555,556
5142,845,846
5143,486,487
5143,555,556
5143,650,651
5143,658,659
5144,464,465
5144,486,487
5144,570,571
5144,575,576
5145,197,198
5145,486,487
5145,570,571
5145,575,576
5146,486,487
5146,555,556
5146,650,651
5146,845,846
5147,464,465
5147,486,487
5147,570,571
5147,845,846
5148,197,198
5148,486,487
5148,532,533
5148,570,571
5149,197,198
5149,376,377
5149,486,487
5149,532,533
5150,376,377
5150,486,487
5150,532,533
5150,650,651
5151,486,487
5151,532,533
5151,650,651
5151,845,846
5152,486,487
5152,532,533
5152,570,571
5152,845,846
5153,344,345
5153,525,526
5153,533,534
5153,620,621
5154,315,316
5154,344,345
5154,525,526
5154,533,534
5155,315,316
5155,344,345
5155,390,391
5155,525,526
5156,344,345
5156,533,534
5156,620,621
5156,781,782
5157,234,235
5157,344,345
5157,390,391
5157,525,526
5158,234,235
5158,344,345
5158,390,391
5158,496,497
5159,234,235
5159,344,345
5159,525,526
5159,590,591
5160,234,235
5160,344,345
5160,590,591
5160,620,621
5161,344,345
5161,525,526
5161,590,591
5161,620,621
5162,234,235
5162,287,288
5162,344,345
5162,620,621
5163,234,235
5163,287,288
5163,344,345
5163,496,497
5164,287,288
5164,344,345
5164,428,429
5164,620,621
5165,287,288
5165,344,345
5165,428,429
5165,496,497
5166,236,237
5166,275,276
5166,298,299
5166,343,344
5167,298,299
5167,366,367
5167,435,436
5167,598,599
5168,298,299
5168,435,436
5168,597,598
5168,598,599
5169,298,299
5169,343,344
5169,435,436
5169,597,598
5170,275,276
5170,298,299
5170,343,344
5170,597,598
5171,261,262
5171,275,276
5171,287,288
5171,298,299
5172,236,237
5172,261,262
5172,287,288
5172,298,299
5173,236,237
5173,275,276
5173,287,288
5173,298,299
5174,210,211
5174,298,299
5174,366,367
5174,435,436
5175,210,211
5175,298,299
5175,343,344
5175,435,436
5176,190,191
5176,236,237
5176,298,299
5176,343,344
5177,261,262
5177,298,299
5177,423,424
5177,598,599
5178,261,262
5178,298,299
5178,427,428
5178,598,599
5179,298,299
5179,427,428
5179,597,598
5179,598,599
5180,190,191
5180,298,299
5180,366,367
5180,423,424
5181,236,237
5181,261,262
5181,298,299
5181,423,424
5182,190,191
5182,236,237
5182,298,299
5182,423,424
5183,275,276
5183,298,299
5183,427,428
5183,597,598
5184,190,191
5184,210,211
5184,298,299
5184,366,367
5185,190,191
5185,210,211
5185,298,299
5185,343,344
5186,261,262
5186,275,276
5186,298,299
5186,517,518
5187,261,262
5187,298,299
5187,427,428
5187,517,518
5188,275,276
5188,298,299
5188,427,428
5188,517,518
5189,197,198
5189,290,291
5189,427,428
5189,628,629
5190,290,291
5190,427,428
5190,517,518
5190,628,629
5191,290,291
5191,517,518
5191,622,623
5191,628,629
5192,197,198
5192,290,291
5192,606,607
5192,628,629
5193,197,198
5193,486,487
5193,606,607
5193,628,629
5194,376,377
5194,486,487
5194,628,629
5194,658,659
5195,197,198
5195,376,377
5195,427,428
5195,628,629
5196,197,198
5196,376,377
5196,486,487
5196,628,629
5197,290,291
5197,606,607
5197,622,623
5197,628,629
5198,622,623
5198,628,629
5198,658,659
5198,759,760
5199,606,607
5199,622,623
5199,628,629
5199,759,760
5200,486,487
5200,628,629
5200,658,659
5200,759,760
5201,486,487
5201,606,607
5201,628,629
5201,759,760
5202,289,290
5202,296,297
5202,355,356
5202,472,473
5203,289,290
5203,296,297
5203,346,347
5203,355,356
5204,195,196
5204,289,290
5204,296,297
5204,346,347
5205,230,231
5205,289,290
5205,597,598
5205,638,639
5206,230,231
5206,289,290
5206,597,598
5206,653,654
5207,195,196
5207,289,290
5207,306,307
5207,638,639
5208,195,196
5208,289,290
5208,296,297
5208,306,307
5209,220,221
5209,264,265
5209,376,377
5209,653,654
5210,214,215
5210,220,221
5210,264,265
5210,653,654
5211,214,215
5211,264,265
5211,472,473
5211,653,654
5212,214,215
5212,220,221
5212,264,265
5212,300,301
5213,214,215
5213,264,265
5213,300,301
5213,472,473
5214,220,221
5214,264,265
5214,376,377
5214,532,533
5215,264,265
5215,376,377
5215,532,533
5215,650,651
5216,220,221
5216,264,265
5216,532,533
5216,582,583
5217,264,265
5217,532,533
5217,582,583
5217,650,651
5218,264,265
5218,545,546
5218,582,583
5218,650,651
5219,264,265
5219,495,496
5219,545,546
5219,650,651
5220,264,265
5220,300,301
5220,519,520
5220,577,578
5221,264,265
5221,545,546
5221,582,583
5221,654,655
5222,264,265
5222,495,496
5222,545,546
5222,654,655
5223,264,265
5223,519,520
5223,582,583
5223,654,655
5224,220,221
5224,264,265
5224,300,301
5224,368,369
5225,264,265
5225,300,301
5225,368,369
5225,519,520
5226,220,221
5226,264,265
5226,368,369
5226,582,583
5227,264,265
5227,368,369
5227,519,520
5227,582,583
5228,264,265
5228,495,496
5228,577,578
5228,654,655
5229,264,265
5229,519,520
5229,577,578
5229,654,655
5230,453,454
5230,688,689
5230,782,783
5230,892,893
5231,688,689
5231,728,729
5231,753,754
5231,782,783
5232,688,689
5232,753,754
5232,782,783
5232,892,893
5233,688,689
5233,728,729
5233,740,741
5233,782,783
5234,453,454
5234,688,689
5234,740,741
5234,782,783
5235,453,454
5235,688,689
5235,813,814
5235,892,893
5236,453,454
5236,688,689
5236,745,746
5236,813,814
5237,453,454
5237,688,689
5237,740,741
5237,745,746
5238,488,489
5238,528,529
5238,599,600
5238,693,694
5239,488,489
5239,596,597
5239,599,600
5239,693,694
5240,596,597
5240,599,600
5240,693,694
5240,855,856
5241,528,529
5241,599,600
5241,624,625
5241,782,783
5242,599,600
5242,673,674
5242,693,694
5242,855,856
5243,736,737
5243,787,788
5243,880,881
5243,895,896
5244,724,725
5244,736,737
5244,787,788
5244,880,881
5245,724,725
5245,736,737
5245,787,788
5245,895,896
5246,736,737
5246,844,845
5246,895,896
5246,927,928
5247,724,725
5247,736,737
5247,844,845
5247,895,896
5248,724,725
5248,736,737
5248,844,845
5248,927,928
5249,717,718
5249,736,737
5249,880,881
5249,895,896
5250,717,718
5250,736,737
5250,862,863
5250,880,881
5251,736,737
5251,862,863
5251,880,881
5251,968,969
5252,736,737
5252,757,758
5252,862,863
5252,905,906
5253,736,737
5253,755,756
5253,873,874
5253,895,896
5254,736,737
5254,755,756
5254,895,896
5254,927,928
5255,736,737
5255,757,758
5255,873,874
5255,895,896
5256,736,737
5256,757,758
5256,873,874
5256,905,906
5257,717,718
5257,736,737
5257,757,758
5257,895,896
5258,717,718
5258,736,737
5258,757,758
5258,862,863
5259,684,685
5259,785,786
5259,831,832
5259,861,862
5260,644,645
5260,673,674
5260,693,694
5260,888,889
5261,459,460
5261,600,601
5261,644,645
5261,645,646
5262,459,460
5262,600,601
5262,644,645
5262,888,889
5263,1294,1295
5263,1393,1394
5263,1521,1522
5263,1547,1548
5264,1155,1156
5264,1283,1284
5264,1294,1295
5264,1547,1548
5265,1283,1284
5265,1294,1295
5265,1393,1394
5265,1547,1548
5266,1221,1222
5266,1294,1295
5266,1393,1394
5266,1521,1522
5267,1221,1222
5267,1283,1284
5267,1294,1295
5267,1393,1394
5268,981,982
5268,1221,1222
5268,1283,1284
5268,1294,1295
5269,981,982
5269,1200,1201
5269,1238,1239
5269,1294,1295
5270,1221,1222
5270,1238,1239
5270,1294,1295
5270,1521,1522
5271,981,982
5271,1221,1222
5271,1238,1239
5271,1294,1295
5272,1155,1156
5272,1200,1201
5272,1283,1284
5272,1294,1295
5273,981,982
5273,1200,1201
5273,1283,1284
5273,1294,1295
5274,224,225
5274,244,245
5274,268,269
5274,283,284
5275,224,225
5275,244,245
5275,268,269
5275,332,333
5276,224,225
5276,268,269
5276,283,284
5276,288,289
5277,224,225
5277,268,269
5277,288,289
5277,332,333
5278,53,54
5278,84,85
5278,268,269
5278,288,289
5279,53,54
5279,84,85
5279,268,269
5279,332,333
5280,53,54
5280,268,269
5280,288,289
5280,332,333
5281,237,238
5281,268,269
5281,370,371
5281,433,434
5282,268,269
5282,283,284
5282,288,289
5282,318,319
5283,268,269
5283,283,284
5283,318,319
5283,433,434
5284,268,269
5284,288,289
5284,318,319
5284,433,434
5285,84,85
5285,237,238
5285,268,269
5285,288,289
5286,146,147
5286,268,269
5286,283,284
5286,433,434
5287,146,147
5287,268,269
5287,370,371
5287,433,434
5288,159,160
5288,237,238
5288,268,269
5288,288,289
5289,159,160
5289,268,269
5289,288,289
5289,433,434
5290,159,160
5290,237,238
5290,268,269
5290,433,434
5291,1587,1588
5291,1631,1632
5291,1705,1706
5291,1790,1791
5292,1587,1588
5292,1663,1664
5292,1705,1706
5292,1790,1791
5293,1594,1595
5293,1663,1664
5293,1705,1706
5293,1790,1791
5294,1587,1588
5294,1594,1595
5294,1663,1664
5294,1705,1706
5295,1587,1588
5295,1631,1632
5295,1705,1706
5295,1758,1759
5296,1583,1584
5296,1587,1588
5296,1705,1706
5296,1758,1759
5297,1583,1584
5297,1594,1595
5297,1705,1706
5297,1786,1787
5298,1631,1632
5298,1641,1642
5298,1705,1706
5298,1790,1791
5299,1582,1583
5299,1594,1595
5299,1705,1706
5299,1790,1791
5300,1582,1583
5300,1594,1595
5300,1705,1706
5300,1786,1787
5301,1631,1632
5301,1680,1681
5301,1705,1706
5301,1758,1759
5302,1631,1632
5302,1641,1642
5302,1680,1681
5302,1705,1706
5303,1583,1584
5303,1680,1681
5303,1705,1706
5303,1758,1759
5304,1582,1583
5304,1641,1642
5304,1705,1706
5304,1790,1791
5305,1582,1583
5305,1705,1706
5305,1786,1787
5305,1797,1798
5306,1582,1583
5306,1641,1642
5306,1705,1706
5306,1797,1798
5307,1641,1642
5307,1705,1706
5307,1786,1787
5307,1797,1798
5308,1641,1642
5308,1705,1706
5308,1754,1755
5308,1786,1787
5309,1641,1642
5309,1680,1681
5309,1705,1706
5309,1754,1755
5310,1583,1584
5310,1693,1694
5310,1705,1706
5310,1786,1787
5311,1583,1584
5311,1680,1681
5311,1693,1694
5311,1705,1706
5312,1693,1694
5312,1705,1706
5312,1754,1755
5312,1786,1787
5313,1680,1681
5313,1693,1694
5313,1705,1706
5313,1754,1755
5314,1482,1483
5314,1727,1728
5314,1752,1753
5314,1788,1789
5315,1443,1444
5315,1629,1630
5315,1745,1746
5315,1752,1753
5316,1443,1444
5316,1486,1487
5316,1574,1575
5316,1745,1746
5317,1443,1444
5317,1574,1575
5317,1629,1630
5317,1745,1746
5318,1629,1630
5318,1745,1746
5318,1752,1753
5318,1787,1788
5319,1592,1593
5319,1629,1630
5319,1745,1746
5319,1787,1788
5320,1486,1487
5320,1592,1593
5320,1708,1709
5320,1745,1746
5321,1592,1593
5321,1629,1630
5321,1708,1709
5321,1745,1746
5322,1486,1487
5322,1574,1575
5322,1708,1709
5322,1745,1746
5323,1574,1575
5323,1629,1630
5323,1708,1709
5323,1745,1746
5324,1595,1596
5324,1745,1746
5324,1752,1753
5324,1787,1788
5325,1592,1593
5325,1595,1596
5325,1745,1746
5325,1787,1788
5326,1379,1380
5326,1592,1593
5326,1745,1746
5326,1747,1748
5327,1486,1487
5327,1592,1593
5327,1745,1746
5327,1782,1783
5328,1379,1380
5328,1592,1593
5328,1745,1746
5328,1782,1783
5329,1595,1596
5329,1745,1746
5329,1747,1748
5329,1752,1753
5330,1592,1593
5330,1595,1596
5330,1745,1746
5330,1747,1748
5331,1745,1746
5331,1747,1748
5331,1752,1753
5331,1788,1789
5332,1379,1380
5332,1745,1746
5332,1747,1748
5332,1788,1789
5333,1443,1444
5333,1482,1483
5333,1745,1746
5333,1752,1753
5334,1482,1483
5334,1745,1746
5334,1752,1753
5334,1788,1789
5335,1443,1444
5335,1482,1483
5335,1745,1746
5335,1788,1789
5336,1370,1371
5336,1420,1421
5336,1497,1498
5336,1626,1627
5337,1404,1405
5337,1420,1421
5337,1497,1498
5337,1626,1627
5338,1370,1371
5338,1497,1498
5338,1626,1627
5338,1628,1629
5339,1404,1405
5339,1497,1498
5339,1628,1629
5339,1738,1739
5340,1404,1405
5340,1497,1498
5340,1626,1627
5340,1628,1629
5341,1369,1370
5341,1497,1498
5341,1544,1545
5341,1738,1739
5342,1369,1370
5342,1404,1405
5342,1497,1498
5342,1738,1739
5343,1370,1371
5343,1497,1498
5343,1628,1629
5343,1698,1699
5344,1497,1498
5344,1628,1629
5344,1698,1699
5344,1738,1739
5345,1497,1498
5345,1649,1650
5345,1698,1699
5345,1738,1739
5346,1319,1320
5346,1344,1345
5346,1387,1388
5346,1427,1428
5347,1266,1267
5347,1319,1320
5347,1344,1345
5347,1493,1494
5348,1170,1171
5348,1344,1345
5348,1381,1382
5348,1473,1474
5349,1266,1267
5349,1344,1345
5349,1493,1494
5349,1510,1511
5350,1344,1345
5350,1427,1428
5350,1493,1494
5350,1510,1511
5351,1210,1211
5351,1344,1345
5351,1427,1428
5351,1493,1494
5352,1210,1211
5352,1319,1320
5352,1344,1345
5352,1427,1428
5353,1210,1211
5353,1319,1320
5353,1344,1345
5353,1493,1494
5354,1344,1345
5354,1393,1394
5354,1427,1428
5354,1437,1438
5355,1344,1345
5355,1387,1388
5355,1393,1394
5355,1427,1428
5356,1170,1171
5356,1344,1345
5356,1437,1438
5356,1473,1474
5357,1344,1345
5357,1427,1428
5357,1437,1438
5357,1510,1511
5358,1170,1171
5358,1344,1345
5358,1437,1438
5358,1510,1511
5359,1170,1171
5359,1266,1267
5359,1344,1345
5359,1510,1511
5360,1344,1345
5360,1393,1394
5360,1437,1438
5360,1473,1474
5361,1160,1161
5361,1373,1374
5361,1491,1492
5361,1725,1726
5362,1469,1470
5362,1491,1492
5362,1535,1536
5362,1725,1726
5363,1469,1470
5363,1475,1476
5363,1491,1492
5363,1527,1528
5364,1373,1374
5364,1475,1476
5364,1491,1492
5364,1725,1726
5365,1373,1374
5365,1404,1405
5365,1475,1476
5365,1725,1726
5366,1373,1374
5366,1404,1405
5366,1475,1476
5366,1782,1783
5367,1475,1476
5367,1533,1534
5367,1585,1586
5367,1784,1785
5368,1469,1470
5368,1475,1476
5368,1533,1534
5368,1585,1586
5369,1475,1476
5369,1486,1487
5369,1585,1586
5369,1784,1785
5370,1475,1476
5370,1486,1487
5370,1782,1783
5370,1784,1785
5371,1469,1470
5371,1475,1476
5371,1491,1492
5371,1725,1726
5372,1404,1405
5372,1475,1476
5372,1725,1726
5372,1784,1785
5373,1404,1405
5373,1475,1476
5373,1782,1783
5373,1784,1785
5374,1475,1476
5374,1533,1534
5374,1535,1536
5374,1784,1785
5375,1469,1470
5375,1475,1476
5375,1533,1534
5375,1535,1536
5376,1475,1476
5376,1535,1536
5376,1725,1726
5376,1784,1785
5377,1469,1470
5377,1475,1476
5377,1535,1536
5377,1725,1726
5378,1343,1344
5378,1478,1479
5378,1514,1515
5378,1585,1586
5379,1131,1132
5379,1343,1344
5379,1425,1426
5379,1514,1515
5380,1343,1344
5380,1395,1396
5380,1425,1426
5380,1514,1515
5381,1131,1132
5381,1343,1344
5381,1514,1515
5381,1524,1525
5382,1343,1344
5382,1514,1515
5382,1524,1525
5382,1585,1586
5383,1266,1267
5383,1395,1396
5383,1478,1479
5383,1514,1515
5384,1131,1132
5384,1469,1470
5384,1514,1515
5384,1527,1528
5385,1131,1132
5385,1469,1470
5385,1514,1515
5385,1524,1525
5386,1469,1470
5386,1514,1515
5386,1524,1525
5386,1585,1586
5387,1469,1470
5387,1475,1476
5387,1514,1515
5387,1585,1586
5388,1469,1470
5388,1475,1476
5388,1514,1515
5388,1527,1528
5389,51,52
5389,59,60
5389,63,64
5389,158,159
5390,59,60
5390,63,64
5390,158,159
5390,182,183
5391,51,52
5391,59,60
5391,130,131
5391,158,159
5392,63,64
5392,158,159
5392,181,182
5392,182,183
5393,118,119
5393,158,159
5393,181,182
5393,182,183
5394,59,60
5394,130,131
5394,158,159
5394,180,181
5395,59,60
5395,158,159
5395,180,181
5395,182,183
5396,51,52
5396,52,53
5396,63,64
5396,158,159
5397,52,53
5397,63,64
5397,78,79
5397,158,159
5398,63,64
5398,78,79
5398,158,159
5398,181,182
5399,78,79
5399,118,119
5399,158,159
5399,181,182
5400,118,119
5400,158,159
5400,180,181
5400,182,183
5401,51,52
5401,130,131
5401,158,159
5401,384,385
5402,89,90
5402,130,131
5402,158,159
5402,384,385
5403,89,90
5403,130,131
5403,158,159
5403,180,181
5404,54,55
5404,89,90
5404,118,119
5404,158,159
5405,54,55
5405,89,90
5405,158,159
5405,180,181
5406,54,55
5406,118,119
5406,158,159
5406,180,181
5407,51,52
5407,52,53
5407,158,159
5407,384,385
5408,56,57
5408,78,79
5408,215,216
5408,412,413
5409,45,46
5409,56,57
5409,215,216
5409,412,413
5410,45,46
5410,163,164
5410,215,216
5410,412,413
5411,56,57
5411,78,79
5411,118,119
5411,215,216
5412,45,46
5412,56,57
5412,118,119
5412,215,216
5413,86,87
5413,163,164
5413,215,216
5413,412,413
5414,78,79
5414,86,87
5414,215,216
5414,412,413
5415,89,90
5415,163,164
5415,215,216
5415,227,228
5416,45,46
5416,163,164
5416,215,216
5416,227,228
5417,89,90
5417,118,119
5417,158,159
5417,215,216
5418,78,79
5418,118,119
5418,158,159
5418,215,216
5419,89,90
5419,118,119
5419,215,216
5419,227,228
5420,45,46
5420,118,119
5420,215,216
5420,227,228
5421,86,87
5421,163,164
5421,215,216
5421,384,385
5422,89,90
5422,158,159
5422,215,216
5422,384,385
5423,91,92
5423,163,164
5423,215,216
5423,384,385
5424,89,90
5424,91,92
5424,215,216
5424,384,385
5425,89,90
5425,91,92
5425,163,164
5425,215,216
5426,52,53
5426,78,79
5426,86,87
5426,215,216
5427,52,53
5427,78,79
5427,158,159
5427,215,216
5428,52,53
5428,86,87
5428,215,216
5428,384,385
5429,52,53
5429,158,159
5429,215,216
5429,384,385
5430,535,536
5430,772,773
5430,887,888
5430,930,931
5431,535,536
5431,772,773
5431,868,869
5431,887,888
5432,772,773
5432,806,807
5432,887,888
5432,930,931
5433,772,773
5433,806,807
5433,868,869
5433,887,888
5434,872,873
5434,930,931
5434,1051,1052
5434,1064,1065
5435,716,717
5435,930,931
5435,1064,1065
5435,1102,1103
5436,806,807
5436,930,931
5436,1064,1065
5436,1102,1103
5437,716,717
5437,872,873
5437,1064,1065
5437,1107,1108
5438,716,717
5438,1064,1065
5438,1102,1103
5438,1107,1108
5439,716,717
5439,824,825
5439,872,873
5439,1064,1065
5440,716,717
5440,824,825
5440,930,931
5440,1064,1065
5441,824,825
5441,872,873
5441,930,931
5441,1064,1065
5442,872,873
5442,1033,1034
5442,1051,1052
5442,1064,1065
5443,727,728
5443,806,807
5443,1064,1065
5443,1102,1103
5444,806,807
5444,887,888
5444,930,931
5444,1064,1065
5445,887,888
5445,930,931
5445,1051,1052
5445,1064,1065
5446,221,222
5446,411,412
5446,485,486
5446,592,593
5447,221,222
5447,485,486
5447,567,568
5447,592,593
5448,485,486
5448,501,502
5448,567,568
5448,592,593
5449,206,207
5449,333,334
5449,411,412
5449,592,593
5450,206,207
5450,333,334
5450,410,411
5450,592,593
5451,206,207
5451,410,411
5451,417,418
5451,592,593
5452,206,207
5452,417,418
5452,501,502
5452,592,593
5453,206,207
5453,411,412
5453,419,420
5453,592,593
5454,411,412
5454,419,420
5454,485,486
5454,592,593
5455,206,207
5455,419,420
5455,501,502
5455,592,593
5456,419,420
5456,485,486
5456,501,502
5456,592,593
5457,229,230
5457,279,280
5457,328,329
5457,334,335
5458,229,230
5458,328,329
5458,334,335
5458,509,510
5459,229,230
5459,279,280
5459,328,329
5459,450,451
5460,279,280
5460,328,329
5460,334,335
5460,437,438
5461,229,230
5461,328,329
5461,357,358
5461,450,451
5462,229,230
5462,328,329
5462,357,358
5462,509,510
5463,279,280
5463,328,329
5463,437,438
5463,450,451
5464,328,329
5464,334,335
5464,437,438
5464,485,486
5465,328,329
5465,334,335
5465,485,486
5465,509,510
5466,328,329
5466,419,420
5466,485,486
5466,509,510
5467,328,329
5467,357,358
5467,419,420
5467,509,510
5468,328,329
5468,411,412
5468,419,420
5468,485,486
5469,328,329
5469,411,412
5469,437,438
5469,485,486
5470,231,232
5470,328,329
5470,359,360
5470,450,451
5471,231,232
5471,328,329
5471,359,360
5471,437,438
5472,231,232
5472,328,329
5472,437,438
5472,450,451
5473,328,329
5473,359,360
5473,411,412
5473,419,420
5474,328,329
5474,359,360
5474,411,412
5474,437,438
5475,37,38
5475,328,329
5475,359,360
5475,450,451
5476,37,38
5476,328,329
5476,359,360
5476,404,405
5477,328,329
5477,359,360
5477,404,405
5477,419,420
5478,328,329
5478,357,358
5478,404,405
5478,419,420
5479,37,38
5479,328,329
5479,357,358
5479,450,451
5480,37,38
5480,328,329
5480,357,358
5480,404,405
5481,317,318
5481,598,599
5481,648,649
5481,649,650
5482,284,285
5482,317,318
5482,648,649
5482,649,650
5483,247,248
5483,317,318
5483,598,599
5483,648,649
5484,221,222
5484,284,285
5484,317,318
5484,649,650
5485,247,248
5485,317,318
5485,410,411
5485,414,415
5486,247,248
5486,317,318
5486,414,415
5486,648,649
5487,261,262
5487,317,318
5487,423,424
5487,598,599
5488,261,262
5488,317,318
5488,598,599
5488,649,650
5489,247,248
5489,317,318
5489,333,334
5489,410,411
5490,247,248
5490,317,318
5490,366,367
5490,598,599
5491,221,222
5491,317,318
5491,364,365
5491,649,650
5492,261,262
5492,317,318
5492,364,365
5492,423,424
5493,261,262
5493,317,318
5493,364,365
5493,649,650
5494,247,248
5494,317,318
5494,333,334
5494,366,367
5495,317,318
5495,333,334
5495,366,367
5495,423,424
5496,317,318
5496,333,334
5496,410,411
5496,592,593
5497,298,299
5497,317,318
5497,366,367
5497,598,599
5498,298,299
5498,317,318
5498,366,367
5498,423,424
5499,298,299
5499,317,318
5499,423,424
5499,598,599
5500,221,222
5500,317,318
5500,411,412
5500,592,593
5501,317,318
5501,364,365
5501,411,412
5501,423,424
5502,221,222
5502,317,318
5502,364,365
5502,411,412
5503,317,318
5503,333,334
5503,411,412
5503,423,424
5504,317,318
5504,333,334
5504,411,412
5504,592,593
5505,449,450
5505,460,461
5505,524,525
5505,656,657
5506,446,447
5506,524,525
5506,656,657
5506,667,668
5507,446,447
5507,578,579
5507,656,657
5507,667,668
5508,449,450
5508,526,527
5508,552,553
5508,656,657
5509,449,450
5509,524,525
5509,526,527
5509,656,657
5510,276,277
5510,449,450
5510,460,461
5510,656,657
5511,276,277
5511,460,461
5511,578,579
5511,656,657
5512,446,447
5512,460,461
5512,524,525
5512,656,657
5513,446,447
5513,460,461
5513,578,579
5513,656,657
5514,526,527
5514,552,553
5514,570,571
5514,656,657
5515,526,527
5515,570,571
5515,656,657
5515,667,668
5516,524,525
5516,526,527
5516,656,657
5516,667,668
5517,257,258
5517,449,450
5517,552,553
5517,656,657
5518,276,277
5518,403,404
5518,578,579
5518,656,657
5519,284,285
5519,403,404
5519,578,579
5519,656,657
5520,284,285
5520,578,579
5520,656,657
5520,667,668
5521,284,285
5521,570,571
5521,656,657
5521,667,668
5522,257,258
5522,276,277
5522,449,450
5522,656,657
5523,257,258
5523,276,277
5523,403,404
5523,656,657
5524,47,48
5524,241,242
5524,295,296
5524,375,376
5525,241,242
5525,270,271
5525,375,376
5525,588,589
5526,47,48
5526,241,242
5526,270,271
5526,375,376
5527,241,242
5527,248,249
5527,295,296
5527,375,376
5528,241,242
5528,304,305
5528,408,409
5528,588,589
5529,241,242
5529,304,305
5529,375,376
5529,588,589
5530,47,48
5530,169,170
5530,241,242
5530,295,296
5531,241,242
5531,248,249
5531,304,305
5531,408,409
5532,241,242
5532,248,249
5532,304,305
5532,375,376
5533,47,48
5533,169,170
5533,241,242
5533,389,390
5534,53,54
5534,84,85
5534,329,330
5534,332,333
5535,53,54
5535,243,244
5535,329,330
5535,332,333
5536,53,54
5536,243,244
5536,291,292
5536,329,330
5537,240,241
5537,243,244
5537,291,292
5537,329,330
5538,84,85
5538,268,269
5538,329,330
5538,332,333
5539,84,85
5539,237,238
5539,312,313
5539,329,330
5540,84,85
5540,237,238
5540,268,269
5540,329,330
5541,240,241
5541,312,313
5541,329,330
5541,543,544
5542,237,238
5542,312,313
5542,329,330
5542,370,371
5543,237,238
5543,268,269
5543,329,330
5543,370,371
5544,240,241
5544,312,313
5544,329,330
5544,417,418
5545,243,244
5545,329,330
5545,377,378
5545,398,399
5546,240,241
5546,243,244
5546,329,330
5546,377,378
5547,136,137
5547,243,244
5547,329,330
5547,398,399
5548,136,137
5548,243,244
5548,329,330
5548,332,333
5549,15,16
5549,312,313
5549,329,330
5549,417,418
5550,15,16
5550,329,330
5550,398,399
5550,417,418
5551,329,330
5551,377,378
5551,398,399
5551,417,418
5552,240,241
5552,329,330
5552,377,378
5552,417,418
5553,15,16
5553,312,313
5553,329,330
5553,370,371
5554,19,20
5554,30,31
5554,305,306
5554,391,392
5555,19,20
5555,30,31
5555,391,392
5555,426,427
5556,219,220
5556,336,337
5556,391,392
5556,426,427
5557,8,9
5557,219,220
5557,336,337
5557,391,392
5558,8,9
5558,134,135
5558,219,220
5558,391,392
5559,8,9
5559,124,125
5559,134,135
5559,391,392
5560,124,125
5560,134,135
5560,146,147
5560,391,392
5561,34,35
5561,73,74
5561,152,153
5561,161,162
5562,34,35
5562,88,89
5562,349,350
5562,416,417
5563,34,35
5563,88,89
5563,183,184
5563,349,350
5564,34,35
5564,336,337
5564,416,417
5564,426,427
5565,34,35
5565,73,74
5565,152,153
5565,168,169
5566,34,35
5566,152,153
5566,168,169
5566,183,184
5567,24,25
5567,34,35
5567,88,89
5567,416,417
5568,24,25
5568,34,35
5568,88,89
5568,183,184
5569,34,35
5569,219,220
5569,336,337
5569,426,427
5570,24,25
5570,34,35
5570,336,337
5570,416,417
5571,24,25
5571,34,35
5571,168,169
5571,183,184
5572,1,2
5572,24,25
5572,34,35
5572,168,169
5573,1,2
5573,34,35
5573,73,74
5573,168,169
5574,1,2
5574,24,25
5574,34,35
5574,336,337
5575,1,2
5575,34,35
5575,219,220
5575,336,337
5576,1,2
5576,34,35
5576,73,74
5576,219,220
5577,14,15
5577,32,33
5577,128,129
5577,244,245
5578,14,15
5578,32,33
5578,181,182
5578,244,245
5579,14,15
5579,181,182
5579,244,245
5579,332,333
5580,14,15
5580,32,33
5580,94,95
5580,128,129
5581,14,15
5581,128,129
5581,224,225
5581,244,245
5582,14,15
5582,224,225
5582,244,245
5582,332,333
5583,14,15
5583,32,33
5583,78,79
5583,94,95
5584,14,15
5584,32,33
5584,78,79
5584,181,182
5585,14,15
5585,128,129
5585,224,225
5585,239,240
5586,14,15
5586,56,57
5586,78,79
5586,94,95
5587,14,15
5587,56,57
5587,94,95
5587,239,240
5588,14,15
5588,94,95
5588,128,129
5588,239,240
5589,14,15
5589,224,225
5589,239,240
5589,313,314
5590,14,15
5590,56,57
5590,313,314
5590,330,331
5591,14,15
5591,56,57
5591,118,119
5591,330,331
5592,14,15
5592,118,119
5592,330,331
5592,332,333
5593,14,15
5593,56,57
5593,78,79
5593,118,119
5594,14,15
5594,78,79
5594,118,119
5594,181,182
5595,14,15
5595,56,57
5595,239,240
5595,313,314
5596,14,15
5596,53,54
5596,224,225
5596,313,314
5597,14,15
5597,53,54
5597,224,225
5597,332,333
5598,14,15
5598,53,54
5598,313,314
5598,330,331
5599,14,15
5599,53,54
5599,330,331
5599,332,333
5600,14,15
5600,118,119
5600,136,137
5600,332,333
5601,14,15
5601,118,119
5601,136,137
5601,181,182
5602,14,15
5602,136,137
5602,181,182
5602,332,333
5603,39,40
5603,88,89
5603,191,192
5603,416,417
5604,39,40
5604,191,192
5604,273,274
5604,416,417
5605,121,122
5605,191,192
5605,273,274
5605,416,417
5606,24,25
5606,88,89
5606,191,192
5606,416,417
5607,24,25
5607,191,192
5607,336,337
5607,416,417
5608,121,122
5608,191,192
5608,336,337
5608,416,417
5609,24,25
5609,40,41
5609,191,192
5609,336,337
5610,40,41
5610,99,100
5610,174,175
5610,310,311
5611,99,100
5611,126,127
5611,174,175
5611,310,311
5612,40,41
5612,99,100
5612,191,192
5612,310,311
5613,99,100
5613,121,122
5613,191,192
5613,310,311
5614,40,41
5614,191,192
5614,310,311
5614,336,337
5615,121,122
5615,191,192
5615,310,311
5615,336,337
5616,40,41
5616,124,125
5616,174,175
5616,310,311
5617,124,125
5617,126,127
5617,174,175
5617,310,311
5618,8,9
5618,40,41
5618,310,311
5618,336,337
5619,8,9
5619,40,41
5619,124,125
5619,310,311
5620,124,125
5620,126,127
5620,146,147
5620,310,311
5621,79,80
5621,109,110
5621,273,274
5621,398,399
5622,109,110
5622,136,137
5622,182,183
5622,398,399
5623,79,80
5623,109,110
5623,182,183
5623,398,399
5624,109,110
5624,121,122
5624,273,274
5624,398,399
5625,109,110
5625,121,122
5625,191,192
5625,273,274
5626,39,40
5626,79,80
5626,109,110
5626,273,274
5627,39,40
5627,109,110
5627,191,192
5627,273,274
5628,6,7
5628,109,110
5628,136,137
5628,182,183
5629,6,7
5629,44,45
5629,109,110
5629,136,137
5630,6,7
5630,44,45
5630,109,110
5630,191,192
5631,44,45
5631,99,100
5631,109,110
5631,191,192
5632,99,100
5632,109,110
5632,121,122
5632,191,192
5633,46,47
5633,59,60
5633,180,181
5633,182,183
5634,46,47
5634,79,80
5634,180,181
5634,182,183
5635,9,10
5635,46,47
5635,59,60
5635,180,181
5636,9,10
5636,46,47
5636,79,80
5636,180,181
5637,46,47
5637,79,80
5637,109,110
5637,182,183
5638,6,7
5638,46,47
5638,59,60
5638,182,183
5639,6,7
5639,46,47
5639,109,110
5639,182,183
5640,39,40
5640,46,47
5640,79,80
5640,109,110
5641,39,40
5641,46,47
5641,79,80
5641,160,161
5642,9,10
5642,46,47
5642,79,80
5642,160,161
5643,39,40
5643,46,47
5643,109,110
5643,191,192
5644,6,7
5644,46,47
5644,109,110
5644,191,192
5645,205,206
5645,538,539
5645,558,559
5645,665,666
5646,205,206
5646,558,559
5646,661,662
5646,665,666
5647,205,206
5647,348,349
5647,538,539
5647,558,559
5648,205,206
5648,348,349
5648,558,559
5648,661,662
5649,205,206
5649,348,349
5649,538,539
5649,662,663
5650,205,206
5650,538,539
5650,565,566
5650,662,663
5651,205,206
5651,399,400
5651,567,568
5651,661,662
5652,205,206
5652,438,439
5652,661,662
5652,665,666
5653,205,206
5653,438,439
5653,567,568
5653,661,662
5654,205,206
5654,348,349
5654,399,400
5654,662,663
5655,205,206
5655,492,493
5655,565,566
5655,662,663
5656,205,206
5656,492,493
5656,565,566
5656,567,568
5657,205,206
5657,446,447
5657,538,539
5657,665,666
5658,205,206
5658,446,447
5658,565,566
5658,567,568
5659,205,206
5659,399,400
5659,492,493
5659,662,663
5660,205,206
5660,438,439
5660,446,447
5660,665,666
5661,205,206
5661,438,439
5661,446,447
5661,567,568
5662,205,206
5662,348,349
5662,361,362
5662,399,400
5663,205,206
5663,348,349
5663,361,362
5663,661,662
5664,205,206
5664,361,362
5664,399,400
5664,661,662
5665,205,206
5665,457,458
5665,538,539
5665,565,566
5666,205,206
5666,446,447
5666,457,458
5666,565,566
5667,205,206
5667,446,447
5667,457,458
5667,538,539
5668,205,206
5668,399,400
5668,501,502
5668,567,568
5669,205,206
5669,399,400
5669,492,493
5669,501,502
5670,205,206
5670,492,493
5670,501,502
5670,567,568
5671,280,281
5671,291,292
5671,299,300
5671,319,320
5672,53,54
5672,216,217
5672,280,281
5672,319,320
5673,53,54
5673,280,281
5673,291,292
5673,319,320
5674,216,217
5674,256,257
5674,280,281
5674,319,320
5675,53,54
5675,216,217
5675,218,219
5675,319,320
5676,256,257
5676,280,281
5676,319,320
5676,397,398
5677,280,281
5677,299,300
5677,319,320
5677,397,398
5678,299,300
5678,319,320
5678,397,398
5678,618,619
5679,216,217
5679,256,257
5679,319,320
5679,561,562
5680,216,217
5680,218,219
5680,319,320
5680,561,562
5681,256,257
5681,319,320
5681,397,398
5681,561,562
5682,226,227
5682,319,320
5682,397,398
5682,618,619
5683,226,227
5683,319,320
5683,397,398
5683,561,562
5684,218,219
5684,226,227
5684,319,320
5684,561,562
5685,1608,1609
5685,1651,1652
5685,1658,1659
5685,1693,1694
5686,1591,1592
5686,1651,1652
5686,1658,1659
5686,1693,1694
5687,1608,1609
5687,1651,1652
5687,1658,1659
5687,1772,1773
5688,1651,1652
5688,1658,1659
5688,1674,1675
5688,1772,1773
5689,1591,1592
5689,1651,1652
5689,1674,1675
5689,1699,1700
5690,1591,1592
5690,1651,1652
5690,1658,1659
5690,1846,1847
5691,1651,1652
5691,1658,1659
5691,1674,1675
5691,1846,1847
5692,1591,1592
5692,1651,1652
5692,1674,1675
5692,1846,1847
5693,1591,1592
5693,1651,1652
5693,1654,1655
5693,1693,1694
5694,1583,1584
5694,1651,1652
5694,1654,1655
5694,1693,1694
5695,1583,1584
5695,1608,1609
5695,1651,1652
5695,1693,1694
5696,1573,1574
5696,1651,1652
5696,1674,1675
5696,1699,1700
5697,1573,1574
5697,1651,1652
5697,1674,1675
5697,1772,1773
5698,1647,1648
5698,1651,1652
5698,1654,1655
5698,1699,1700
5699,1591,1592
5699,1651,1652
5699,1654,1655
5699,1699,1700
5700,1583,1584
5700,1647,1648
5700,1651,1652
5700,1654,1655
5701,1583,1584
5701,1608,1609
5701,1647,1648
5701,1651,1652
5702,1608,1609
5702,1651,1652
5702,1711,1712
5702,1772,1773
5703,1608,1609
5703,1647,1648
5703,1651,1652
5703,1711,1712
5704,1573,1574
5704,1651,1652
5704,1711,1712
5704,1772,1773
5705,1647,1648
5705,1651,1652
5705,1656,1657
5705,1699,1700
5706,1647,1648
5706,1651,1652
5706,1656,1657
5706,1711,1712
5707,1573,1574
5707,1651,1652
5707,1656,1657
5707,1699,1700
5708,1573,1574
5708,1651,1652
5708,1656,1657
5708,1711,1712
5709,1381,1382
5709,1411,1412
5709,1443,1444
5709,1572,1573
5710,1443,1444
5710,1572,1573
5710,1574,1575
5710,1718,1719
5711,1411,1412
5711,1452,1453
5711,1572,1573
5711,1777,1778
5712,1452,1453
5712,1572,1573
5712,1718,1719
5712,1777,1778
5713,1443,1444
5713,1572,1573
5713,1718,1719
5713,1777,1778
5714,1583,1584
5714,1594,1595
5714,1730,1731
5714,1803,1804
5715,1594,1595
5715,1622,1623
5715,1730,1731
5715,1803,1804
5716,1594,1595
5716,1622,1623
5716,1663,1664
5716,1730,1731
5717,1587,1588
5717,1594,1595
5717,1663,1664
5717,1730,1731
5718,1583,1584
5718,1587,1588
5718,1705,1706
5718,1730,1731
5719,1587,1588
5719,1594,1595
5719,1705,1706
5719,1730,1731
5720,1583,1584
5720,1594,1595
5720,1705,1706
5720,1730,1731
5721,1583,1584
5721,1587,1588
5721,1720,1721
5721,1730,1731
5722,1399,1400
5722,1583,1584
5722,1647,1648
5722,1730,1731
5723,1399,1400
5723,1647,1648
5723,1720,1721
5723,1730,1731
5724,1583,1584
5724,1647,1648
5724,1720,1721
5724,1730,1731
5725,1399,1400
5725,1720,1721
5725,1730,1731
5725,1732,1733
5726,1452,1453
5726,1622,1623
5726,1663,1664
5726,1730,1731
5727,1452,1453
5727,1622,1623
5727,1718,1719
5727,1730,1731
5728,1405,1406
5728,1587,1588
5728,1663,1664
5728,1730,1731
5729,690,691
5729,777,778
5729,803,804
5729,1094,1095
5730,690,691
5730,777,778
5730,803,804
5730,817,818
5731,690,691
5731,777,778
5731,817,818
5731,901,902
5732,690,691
5732,777,778
5732,901,902
5732,972,973
5733,695,696
5733,798,799
5733,879,880
5733,1031,1032
5734,798,799
5734,815,816
5734,879,880
5734,1031,1032
5735,798,799
5735,815,816
5735,1031,1032
5735,1040,1041
5736,798,799
5736,1031,1032
5736,1040,1041
5736,1094,1095
5737,777,778
5737,1031,1032
5737,1040,1041
5737,1094,1095
5738,695,696
5738,798,799
5738,893,894
5738,1031,1032
5739,694,695
5739,739,740
5739,826,827
5739,1061,1062
5740,739,740
5740,786,787
5740,826,827
5740,1061,1062
5741,694,695
5741,739,740
5741,1061,1062
5741,1080,1081
5742,786,787
5742,797,798
5742,826,827
5742,1061,1062
5743,797,798
5743,826,827
5743,905,906
5743,1061,1062
5744,694,695
5744,968,969
5744,1061,1062
5744,1080,1081
5745,739,740
5745,786,787
5745,841,842
5745,1061,1062
5746,739,740
5746,841,842
5746,1061,1062
5746,1080,1081
5747,786,787
5747,797,798
5747,862,863
5747,1061,1062
5748,797,798
5748,862,863
5748,905,906
5748,1061,1062
5749,786,787
5749,841,842
5749,894,895
5749,1061,1062
5750,841,842
5750,894,895
5750,1061,1062
5750,1080,1081
5751,736,737
5751,862,863
5751,905,906
5751,1061,1062
5752,736,737
5752,862,863
5752,968,969
5752,1061,1062
5753,786,787
5753,862,863
5753,894,895
5753,1061,1062
5754,739,740
5754,915,916
5754,989,990
5754,1081,1082
5755,915,916
5755,989,990
5755,1081,1082
5755,1165,1166
5756,915,916
5756,1060,1061
5756,1097,1098
5756,1165,1166
5757,739,740
5757,915,916
5757,989,990
5757,1060,1061
5758,915,916
5758,989,990
5758,1060,1061
5758,1165,1166
5759,798,799
5759,815,816
5759,879,880
5759,938,939
5760,841,842
5760,894,895
5760,938,939
5760,1080,1081
5761,841,842
5761,938,939
5761,1076,1077
5761,1080,1081
5762,815,816
5762,879,880
5762,938,939
5762,1076,1077
5763,800,801
5763,841,842
5763,894,895
5763,938,939
5764,989,990
5764,1029,1030
5764,1076,1077
5764,1080,1081
5765,763,764
5765,1029,1030
5765,1060,1061
5765,1076,1077
5766,989,990
5766,1029,1030
5766,1060,1061
5766,1076,1077
5767,763,764
5767,1029,1030
5767,1060,1061
5767,1274,1275
5768,919,920
5768,1029,1030
5768,1060,1061
5768,1274,1275
5769,989,990
5769,1029,1030
5769,1060,1061
5769,1165,1166
5770,919,920
5770,1029,1030
5770,1060,1061
5770,1165,1166
5771,919,920
5771,989,990
5771,1029,1030
5771,1165,1166
5772,763,764
5772,959,960
5772,1029,1030
5772,1274,1275
5773,736,737
5773,780,781
5773,873,874
5773,905,906
5774,736,737
5774,755,756
5774,780,781
5774,873,874
5775,736,737
5775,755,756
5775,780,781
5775,927,928
5776,694,695
5776,708,709
5776,780,781
5776,968,969
5777,736,737
5777,780,781
5777,905,906
5777,1061,1062
5778,736,737
5778,780,781
5778,968,969
5778,1061,1062
5779,694,695
5779,780,781
5779,905,906
5779,1061,1062
5780,694,695
5780,780,781
5780,968,969
5780,1061,1062
5781,958,959
5781,1067,1068
5781,1117,1118
5781,1295,1296
5782,909,910
5782,958,959
5782,1097,1098
5782,1165,1166
5783,915,916
5783,958,959
5783,1067,1068
5783,1097,1098
5784,915,916
5784,958,959
5784,1097,1098
5784,1165,1166
5785,958,959
5785,1063,1064
5785,1067,1068
5785,1295,1296
5786,915,916
5786,958,959
5786,1063,1064
5786,1067,1068
5787,944,945
5787,1112,1113
5787,1199,1200
5787,1308,1309
5788,944,945
5788,1112,1113
5788,1241,1242
5788,1308,1309
5789,1015,1016
5789,1112,1113
5789,1117,1118
5789,1248,1249
5790,1112,1113
5790,1117,1118
5790,1248,1249
5790,1295,1296
5791,1112,1113
5791,1117,1118
5791,1306,1307
5791,1308,1309
5792,1112,1113
5792,1199,1200
5792,1306,1307
5792,1308,1309
5793,958,959
5793,1112,1113
5793,1241,1242
5793,1308,1309
5794,958,959
5794,1112,1113
5794,1117,1118
5794,1295,1296
5795,958,959
5795,1112,1113
5795,1241,1242
5795,1295,1296
5796,1112,1113
5796,1117,1118
5796,1271,1272
5796,1306,1307
5797,1015,1016
5797,1112,1113
5797,1117,1118
5797,1271,1272
5798,1112,1113
5798,1199,1200
5798,1271,1272
5798,1306,1307
5799,1015,1016
5799,1112,1113
5799,1199,1200
5799,1271,1272
5800,944,945
5800,1159,1160
5800,1169,1170
5800,1188,1189
5801,944,945
5801,1169,1170
5801,1188,1189
5801,1241,1242
5802,1006,1007
5802,1159,1160
5802,1169,1170
5802,1286,1287
5803,1006,1007
5803,1169,1170
5803,1193,1194
5803,1286,1287
5804,1159,1160
5804,1169,1170
5804,1188,1189
5804,1297,1298
5805,1169,1170
5805,1188,1189
5805,1193,1194
5805,1297,1298
5806,1159,1160
5806,1169,1170
5806,1286,1287
5806,1297,1298
5807,1169,1170
5807,1193,1194
5807,1286,1287
5807,1297,1298
5808,909,910
5808,1169,1170
5808,1193,1194
5808,1318,1319
5809,1006,1007
5809,1169,1170
5809,1193,1194
5809,1318,1319
5810,1169,1170
5810,1188,1189
5810,1193,1194
5810,1247,1248
5811,909,910
5811,1169,1170
5811,1193,1194
5811,1247,1248
5812,1169,1170
5812,1188,1189
5812,1241,1242
5812,1247,1248
5813,909,910
5813,1169,1170
5813,1241,1242
5813,1247,1248
5814,706,707
5814,711,712
5814,810,811
5814,893,894
5815,468,469
5815,657,658
5815,695,696
5815,706,707
5816,706,707
5816,711,712
5816,713,714
5816,810,811
5817,670,671
5817,706,707
5817,713,714
5817,810,811
5818,468,469
5818,695,696
5818,706,707
5818,767,768
5819,695,696
5819,706,707
5819,767,768
5819,893,894
5820,666,667
5820,670,671
5820,706,707
5820,713,714
5821,468,469
5821,666,667
5821,706,707
5821,767,768
5822,468,469
5822,666,667
5822,670,671
5822,706,707
5823,447,448
5823,666,667
5823,706,707
5823,713,714
5824,447,448
5824,706,707
5824,711,712
5824,713,714
5825,447,448
5825,666,667
5825,706,707
5825,767,768
5826,447,448
5826,706,707
5826,711,712
5826,767,768
5827,642,643
5827,774,775
5827,803,804
5827,898,899
5828,798,799
5828,898,899
5828,1031,1032
5828,1094,1095
5829,798,799
5829,893,894
5829,898,899
5829,1031,1032
5830,657,658
5830,695,696
5830,893,894
5830,898,899
5831,695,696
5831,893,894
5831,898,899
5831,1031,1032
5832,657,658
5832,695,696
5832,898,899
5832,1031,1032
5833,642,643
5833,657,658
5833,823,824
5833,898,899
5834,605,606
5834,772,773
5834,893,894
5834,898,899
5835,772,773
5835,798,799
5835,898,899
5835,1094,1095
5836,772,773
5836,798,799
5836,893,894
5836,898,899
5837,768,769
5837,772,773
5837,898,899
5837,1094,1095
5838,768,769
5838,803,804
5838,898,899
5838,1094,1095
5839,605,606
5839,772,773
5839,774,775
5839,898,899
5840,605,606
5840,642,643
5840,774,775
5840,898,899
5841,768,769
5841,772,773
5841,774,775
5841,898,899
5842,768,769
5842,774,775
5842,803,804
5842,898,899
5843,611,612
5843,705,706
5843,868,869
5843,880,881
5844,611,612
5844,705,706
5844,711,712
5844,868,869
5845,447,448
5845,593,594
5845,611,612
5845,711,712
5846,593,594
5846,611,612
5846,705,706
5846,711,712
5847,447,448
5847,611,612
5847,883,884
5847,894,895
5848,611,612
5848,862,863
5848,883,884
5848,894,895
5849,611,612
5849,717,718
5849,862,863
5849,880,881
5850,611,612
5850,705,706
5850,717,718
5850,880,881
5851,593,594
5851,611,612
5851,705,706
5851,717,718
5852,447,448
5852,580,581
5852,593,594
5852,611,612
5853,447,448
5853,580,581
5853,611,612
5853,883,884
5854,580,581
5854,611,612
5854,862,863
5854,883,884
5855,580,581
5855,593,594
5855,611,612
5855,717,718
5856,580,581
5856,611,612
5856,717,718
5856,862,863
5857,1207,1208
5857,1232,1233
5857,1285,1286
5857,1331,1332
5858,955,956
5858,1207,1208
5858,1285,1286
5858,1331,1332
5859,1207,1208
5859,1232,1233
5859,1235,1236
5859,1331,1332
5860,955,956
5860,1207,1208
5860,1235,1236
5860,1331,1332
5861,1062,1063
5861,1285,1286
5861,1323,1324
5861,1331,1332
5862,1062,1063
5862,1232,1233
5862,1285,1286
5862,1331,1332
5863,1151,1152
5863,1232,1233
5863,1235,1236
5863,1331,1332
5864,1062,1063
5864,1185,1186
5864,1323,1324
5864,1331,1332
5865,1151,1152
5865,1185,1186
5865,1232,1233
5865,1331,1332
5866,1062,1063
5866,1232,1233
5866,1331,1332
5866,1350,1351
5867,1062,1063
5867,1185,1186
5867,1331,1332
5867,1350,1351
5868,1185,1186
5868,1232,1233
5868,1331,1332
5868,1350,1351
5869,1047,1048
5869,1185,1186
5869,1323,1324
5869,1331,1332
5870,974,975
5870,1015,1016
5870,1192,1193
5870,1248,1249
5871,992,993
5871,1192,1193
5871,1248,1249
5871,1282,1283
5872,992,993
5872,1004,1005
5872,1192,1193
5872,1282,1283
5873,1280,1281
5873,1285,1286
5873,1305,1306
5873,1347,1348
5874,955,956
5874,1285,1286
5874,1305,1306
5874,1347,1348
5875,1280,1281
5875,1285,1286
5875,1305,1306
5875,1323,1324
5876,1285,1286
5876,1305,1306
5876,1323,1324
5876,1331,1332
5877,955,956
5877,1285,1286
5877,1305,1306
5877,1331,1332
5878,1052,1053
5878,1280,1281
5878,1305,1306
5878,1323,1324
5879,1086,1087
5879,1234,1235
5879,1305,1306
5879,1347,1348
5880,988,989
5880,1234,1235
5880,1305,1306
5880,1347,1348
5881,955,956
5881,988,989
5881,1305,1306
5881,1347,1348
5882,955,956
5882,988,989
5882,1056,1057
5882,1305,1306
5883,988,989
5883,1000,1001
5883,1234,1235
5883,1305,1306
5884,988,989
5884,1000,1001
5884,1056,1057
5884,1305,1306
5885,964,965
5885,1000,1001
5885,1201,1202
5885,1234,1235
5886,964,965
5886,980,981
5886,1000,1001
5886,1201,1202
5887,980,981
5887,1000,1001
5887,1109,1110
5887,1201,1202
5888,1086,1087
5888,1201,1202
5888,1216,1217
5888,1234,1235
5889,964,965
5889,1216,1217
5889,1234,1235
5889,1249,1250
5890,964,965
5890,1201,1202
5890,1216,1217
5890,1234,1235
5891,964,965
5891,985,986
5891,1216,1217
5891,1249,1250
5892,964,965
5892,985,986
5892,1201,1202
5892,1216,1217
5893,1214,1215
5893,1333,1334
5893,1351,1352
5893,1389,1390
5894,983,984
5894,1214,1215
5894,1249,1250
5894,1291,1292
5895,983,984
5895,1214,1215
5895,1249,1250
5895,1347,1348
5896,1118,1119
5896,1214,1215
5896,1351,1352
5896,1389,1390
5897,983,984
5897,1118,1119
5897,1214,1215
5897,1291,1292
5898,1118,1119
5898,1214,1215
5898,1291,1292
5898,1389,1390
5899,916,917
5899,983,984
5899,1118,1119
5899,1214,1215
5900,916,917
5900,1118,1119
5900,1214,1215
5900,1351,1352
5901,1207,1208
5901,1214,1215
5901,1333,1334
5901,1351,1352
5902,1207,1208
5902,1214,1215
5902,1347,1348
5902,1351,1352
5903,1207,1208
5903,1214,1215
5903,1333,1334
5903,1347,1348
5904,983,984
5904,1035,1036
5904,1214,1215
5904,1347,1348
5905,916,917
5905,983,984
5905,1035,1036
5905,1214,1215
5906,1035,1036
5906,1214,1215
5906,1347,1348
5906,1351,1352
5907,916,917
5907,1035,1036
5907,1214,1215
5907,1351,1352
5908,607,608
5908,633,634
5908,645,646
5908,758,759
5909,607,608
5909,740,741
5909,745,746
5909,758,759
5910,607,608
5910,633,634
5910,745,746
5910,758,759
5911,607,608
5911,740,741
5911,758,759
5911,890,891
5912,607,608
5912,633,634
5912,645,646
5912,775,776
5913,453,454
5913,607,608
5913,740,741
5913,745,746
5914,453,454
5914,607,608
5914,633,634
5914,745,746
5915,439,440
5915,607,608
5915,645,646
5915,758,759
5916,439,440
5916,607,608
5916,758,759
5916,890,891
5917,453,454
5917,607,608
5917,633,634
5917,775,776
5918,600,601
5918,607,608
5918,645,646
5918,775,776
5919,600,601
5919,607,608
5919,644,645
5919,645,646
5920,453,454
5920,607,608
5920,740,741
5920,782,783
5921,719,720
5921,964,965
5921,1011,1012
5921,1084,1085
5922,719,720
5922,961,962
5922,1011,1012
5922,1084,1085
5923,964,965
5923,985,986
5923,1011,1012
5923,1084,1085
5924,719,720
5924,964,965
5924,980,981
5924,1011,1012
5925,864,865
5925,961,962
5925,980,981
5925,1011,1012
5926,719,720
5926,961,962
5926,980,981
5926,1011,1012
5927,964,965
5927,985,986
5927,1011,1012
5927,1201,1202
5928,964,965
5928,980,981
5928,1011,1012
5928,1201,1202
5929,864,865
5929,980,981
5929,1011,1012
5929,1109,1110
5930,980,981
5930,1011,1012
5930,1109,1110
5930,1201,1202
5931,776,777
5931,900,901
5931,961,962
5931,1101,1102
5932,719,720
5932,776,777
5932,900,901
5932,961,962
5933,900,901
5933,987,988
5933,1098,1099
5933,1101,1102
5934,776,777
5934,900,901
5934,987,988
5934,1101,1102
5935,776,777
5935,900,901
5935,987,988
5935,1098,1099
5936,776,777
5936,900,901
5936,1098,1099
5936,1103,1104
5937,719,720
5937,776,777
5937,900,901
5937,1103,1104
5938,900,901
5938,903,904
5938,961,962
5938,1101,1102
5939,720,721
5939,900,901
5939,1098,1099
5939,1101,1102
5940,720,721
5940,732,733
5940,900,901
5940,1098,1099
5941,681,682
5941,732,733
5941,900,901
5941,1098,1099
5942,681,682
5942,900,901
5942,1098,1099
5942,1103,1104
5943,720,721
5943,900,901
5943,903,904
5943,1101,1102
5944,719,720
5944,900,901
5944,961,962
5944,980,981
5945,681,682
5945,732,733
5945,863,864
5945,900,901
5946,719,720
5946,863,864
5946,900,901
5946,980,981
5947,864,865
5947,900,901
5947,961,962
5947,980,981
5948,864,865
5948,900,901
5948,903,904
5948,961,962
5949,715,716
5949,996,997
5949,1087,1088
5949,1113,1114
5950,715,716
5950,863,864
5950,996,997
5950,1087,1088
5951,599,600
5951,673,674
5951,836,837
5951,855,856
5952,607,608
5952,740,741
5952,836,837
5952,890,891
5953,607,608
5953,740,741
5953,782,783
5953,836,837
5954,599,600
5954,673,674
5954,693,694
5954,836,837
5955,644,645
5955,673,674
5955,693,694
5955,836,837
5956,26,27
5956,263,264
5956,327,328
5956,380,381
5957,133,134
5957,263,264
5957,327,328
5957,380,381
5958,26,27
5958,35,36
5958,41,42
5958,327,328
5959,26,27
5959,35,36
5959,263,264
5959,327,328
5960,133,134
5960,263,264
5960,327,328
5960,359,360
5961,41,42
5961,202,203
5961,231,232
5961,327,328
5962,26,27
5962,41,42
5962,202,203
5962,327,328
5963,133,134
5963,231,232
5963,327,328
5963,359,360
5964,26,27
5964,327,328
5964,380,381
5964,394,395
5965,133,134
5965,327,328
5965,380,381
5965,394,395
5966,202,203
5966,231,232
5966,327,328
5966,394,395
5967,133,134
5967,231,232
5967,327,328
5967,394,395
5968,26,27
5968,202,203
5968,327,328
5968,394,395
5969,23,24
5969,231,232
5969,327,328
5969,359,360
5970,23,24
5970,41,42
5970,231,232
5970,327,328
5971,35,36
5971,327,328
5971,333,334
5971,359,360
5972,263,264
5972,327,328
5972,333,334
5972,359,360
5973,35,36
5973,263,264
5973,327,328
5973,333,334
5974,23,24
5974,327,328
5974,359,360
5974,387,388
5975,35,36
5975,327,328
5975,359,360
5975,387,388
5976,23,24
5976,41,42
5976,327,328
5976,387,388
5977,35,36
5977,41,42
5977,327,328
5977,387,388
5978,26,27
5978,35,36
5978,184,185
5978,347,348
5979,26,27
5979,35,36
5979,263,264
5979,347,348
5980,35,36
5980,184,185
5980,341,342
5980,347,348
5981,35,36
5981,333,334
5981,341,342
5981,347,348
5982,263,264
5982,333,334
5982,341,342
5982,347,348
5983,35,36
5983,263,264
5983,333,334
5983,347,348
5984,26,27
5984,347,348
5984,349,350
5984,380,381
5985,26,27
5985,263,264
5985,347,348
5985,380,381
5986,273,274
5986,347,348
5986,349,350
5986,380,381
5987,263,264
5987,273,274
5987,347,348
5987,380,381
5988,184,185
5988,341,342
5988,347,348
5988,426,427
5989,273,274
5989,347,348
5989,349,350
5989,416,417
5990,34,35
5990,184,185
5990,347,348
5990,426,427
5991,34,35
5991,347,348
5991,416,417
5991,426,427
5992,15,16
5992,263,264
5992,341,342
5992,347,348
5993,15,16
5993,263,264
5993,273,274
5993,347,348
5994,214,215
5994,281,282
5994,300,301
5994,502,503
5995,281,282
5995,300,301
5995,502,503
5995,617,618
5996,214,215
5996,281,282
5996,300,301
5996,640,641
5997,281,282
5997,300,301
5997,617,618
5997,640,641
5998,214,215
5998,222,223
5998,281,282
5998,502,503
5999,214,215
5999,222,223
5999,281,282
5999,305,306
6000,222,223
6000,281,282
6000,305,306
6000,502,503
6001,214,215
6001,281,282
6001,355,356
6001,640,641
6002,281,282
6002,418,419
6002,617,618
6002,640,641
6003,214,215
6003,281,282
6003,305,306
6003,346,347
6004,19,20
6004,281,282
6004,305,306
6004,502,503
6005,19,20
6005,249,250
6005,281,282
6005,502,503
6006,382,383
6006,400,401
6006,421,422
6006,569,570
6007,159,160
6007,382,383
6007,400,401
6007,421,422
6008,159,160
6008,217,218
6008,400,401
6008,421,422
6009,159,160
6009,258,259
6009,382,383
6009,421,422
6010,217,218
6010,400,401
6010,401,402
6010,421,422
6011,400,401
6011,401,402
6011,421,422
6011,569,570
6012,258,259
6012,382,383
6012,415,416
6012,421,422
6013,260,261
6013,401,402
6013,421,422
6013,569,570
6014,382,383
6014,415,416
6014,421,422
6014,490,491
6015,382,383
6015,421,422
6015,490,491
6015,569,570
6016,260,261
6016,421,422
6016,490,491
6016,569,570
6017,11,12
6017,69,70
6017,131,132
6017,378,379
6018,11,12
6018,71,72
6018,131,132
6018,378,379
6019,71,72
6019,131,132
6019,363,364
6019,378,379
6020,71,72
6020,353,354
6020,363,364
6020,378,379
6021,149,150
6021,213,214
6021,418,419
6021,617,618
6022,71,72
6022,149,150
6022,213,214
6022,363,364
6023,149,150
6023,213,214
6023,356,357
6023,617,618
6024,71,72
6024,149,150
6024,213,214
6024,356,357
6025,213,214
6025,418,419
6025,581,582
6025,617,618
6026,213,214
6026,451,452
6026,581,582
6026,617,618
6027,213,214
6027,356,357
6027,451,452
6027,617,618
6028,103,104
6028,149,150
6028,213,214
6028,418,419
6029,103,104
6029,149,150
6029,213,214
6029,363,364
6030,213,214
6030,233,234
6030,418,419
6030,581,582
6031,213,214
6031,356,357
6031,451,452
6031,484,485
6032,71,72
6032,213,214
6032,356,357
6032,484,485
6033,103,104
6033,213,214
6033,233,234
6033,418,419
6034,103,104
6034,213,214
6034,233,234
6034,363,364
6035,71,72
6035,213,214
6035,353,354
6035,363,364
6036,71,72
6036,213,214
6036,353,354
6036,484,485
6037,19,20
6037,367,368
6037,409,410
6037,426,427
6038,15,16
6038,367,368
6038,370,371
6038,409,410
6039,121,122
6039,273,274
6039,367,368
6039,416,417
6040,341,342
6040,367,368
6040,409,410
6040,426,427
6041,15,16
6041,341,342
6041,367,368
6041,409,410
6042,15,16
6042,273,274
6042,367,368
6042,398,399
6043,336,337
6043,367,368
6043,416,417
6043,426,427
6044,121,122
6044,336,337
6044,367,368
6044,416,417
6045,15,16
6045,329,330
6045,367,368
6045,398,399
6046,15,16
6046,329,330
6046,367,368
6046,370,371
6047,15,16
6047,341,342
6047,347,348
6047,367,368
6048,15,16
6048,273,274
6048,347,348
6048,367,368
6049,273,274
6049,347,348
6049,367,368
6049,416,417
6050,341,342
6050,347,348
6050,367,368
6050,426,427
6051,347,348
6051,367,368
6051,416,417
6051,426,427
6052,443,444
6052,541,542
6052,658,659
6052,664,665
6053,443,444
6053,541,542
6053,650,651
6053,664,665
6054,443,444
6054,650,651
6054,658,659
6054,664,665
6055,495,496
6055,541,542
6055,650,651
6055,664,665
6056,264,265
6056,495,496
6056,650,651
6056,664,665
6057,264,265
6057,376,377
6057,650,651
6057,664,665
6058,264,265
6058,376,377
6058,653,654
6058,664,665
6059,376,377
6059,486,487
6059,658,659
6059,664,665
6060,376,377
6060,486,487
6060,650,651
6060,664,665
6061,486,487
6061,650,651
6061,658,659
6061,664,665
6062,376,377
6062,628,629
6062,658,659
6062,664,665
6063,264,265
6063,472,473
6063,653,654
6063,664,665
6064,58,59
6064,96,97
6064,107,108
6064,168,169
6065,1,2
6065,107,108
6065,168,169
6065,219,220
6066,48,49
6066,96,97
6066,107,108
6066,119,120
6067,58,59
6067,96,97
6067,107,108
6067,119,120
6068,58,59
6068,73,74
6068,107,108
6068,168,169
6069,73,74
6069,107,108
6069,168,169
6069,219,220
6070,58,59
6070,73,74
6070,107,108
6070,219,220
6071,58,59
6071,107,108
6071,219,220
6071,396,397
6072,1,2
6072,4,5
6072,107,108
6072,219,220
6073,48,49
6073,107,108
6073,119,120
6073,396,397
6074,58,59
6074,107,108
6074,119,120
6074,396,397
6075,4,5
6075,8,9
6075,107,108
6075,219,220
6076,354,355
6076,375,376
6076,399,400
6076,422,423
6077,248,249
6077,354,355
6077,375,376
6077,422,423
6078,248,249
6078,375,376
6078,399,400
6078,422,423
6079,248,249
6079,293,294
6079,354,355
6079,422,423
6080,354,355
6080,399,400
6080,422,423
6080,501,502
6081,293,294
6081,354,355
6081,422,423
6081,501,502
6082,399,400
6082,422,423
6082,492,493
6082,501,502
6083,399,400
6083,422,423
6083,492,493
6083,662,663
6084,293,294
6084,299,300
6084,422,423
6084,559,560
6085,248,249
6085,293,294
6085,422,423
6085,559,560
6086,304,305
6086,399,400
6086,422,423
6086,662,663
6087,248,249
6087,304,305
6087,399,400
6087,422,423
6088,299,300
6088,422,423
6088,492,493
6088,662,663
6089,240,241
6089,293,294
6089,422,423
6089,501,502
6090,240,241
6090,422,423
6090,492,493
6090,501,502
6091,240,241
6091,293,294
6091,299,300
6091,422,423
6092,240,241
6092,299,300
6092,422,423
6092,492,493
6093,299,300
6093,422,423
6093,559,560
6093,662,663
6094,304,305
6094,422,423
6094,559,560
6094,662,663
6095,248,249
6095,304,305
6095,422,423
6095,559,560
6096,266,267
6096,408,409
6096,559,560
6096,659,660
6097,248,249
6097,266,267
6097,408,409
6097,559,560
6098,248,249
6098,266,267
6098,323,324
6098,559,560
6099,266,267
6099,352,353
6099,559,560
6099,659,660
6100,266,267
6100,323,324
6100,352,353
6100,559,560
6101,223,224
6101,266,267
6101,323,324
6101,352,353
6102,16,17
6102,223,224
6102,266,267
6102,323,324
6103,16,17
6103,248,249
6103,266,267
6103,323,324
6104,241,242
6104,248,249
6104,266,267
6104,408,409
6105,16,17
6105,169,170
6105,223,224
6105,266,267
6106,169,170
6106,241,242
6106,266,267
6106,295,296
6107,241,242
6107,248,249
6107,266,267
6107,295,296
6108,16,17
6108,169,170
6108,266,267
6108,295,296
6109,16,17
6109,248,249
6109,266,267
6109,295,296
6110,1160,1161
6110,1382,1383
6110,1420,1421
6110,1725,1726
6111,1160,1161
6111,1259,1260
6111,1382,1383
6111,1559,1560
6112,1160,1161
6112,1382,1383
6112,1491,1492
6112,1725,1726
6113,1160,1161
6113,1259,1260
6113,1382,1383
6113,1491,1492
6114,1259,1260
6114,1382,1383
6114,1491,1492
6114,1725,1726
6115,1160,1161
6115,1380,1381
6115,1382,1383
6115,1420,1421
6116,1160,1161
6116,1380,1381
6116,1382,1383
6116,1559,1560
6117,1382,1383
6117,1401,1402
6117,1420,1421
6117,1463,1464
6118,1380,1381
6118,1382,1383
6118,1401,1402
6118,1420,1421
6119,1380,1381
6119,1382,1383
6119,1401,1402
6119,1463,1464
6120,1150,1151
6120,1162,1163
6120,1463,1464
6120,1516,1517
6121,1150,1151
6121,1448,1449
6121,1463,1464
6121,1516,1517
6122,1156,1157
6122,1244,1245
6122,1412,1413
6122,1541,1542
6123,1152,1153
6123,1244,1245
6123,1375,1376
6123,1541,1542
6124,1156,1157
6124,1244,1245
6124,1375,1376
6124,1541,1542
6125,1365,1366
6125,1526,1527
6125,1543,1544
6125,1660,1661
6126,1365,1366
6126,1378,1379
6126,1526,1527
6126,1660,1661
6127,1378,1379
6127,1526,1527
6127,1543,1544
6127,1660,1661
6128,1152,1153
6128,1365,1366
6128,1526,1527
6128,1543,1544
6129,1378,1379
6129,1526,1527
6129,1543,1544
6129,1638,1639
6130,1152,1153
6130,1365,1366
6130,1526,1527
6130,1540,1541
6131,1152,1153
6131,1470,1471
6131,1526,1527
6131,1543,1544
6132,1361,1362
6132,1470,1471
6132,1526,1527
6132,1543,1544
6133,1361,1362
6133,1441,1442
6133,1515,1516
6133,1516,1517
6134,1361,1362
6134,1441,1442
6134,1515,1516
6134,1616,1617
6135,1441,1442
6135,1499,1500
6135,1515,1516
6135,1616,1617
6136,1361,1362
6136,1526,1527
6136,1543,1544
6136,1616,1617
6137,1526,1527
6137,1543,1544
6137,1616,1617
6137,1638,1639
6138,1378,1379
6138,1526,1527
6138,1616,1617
6138,1638,1639
6139,1378,1379
6139,1606,1607
6139,1616,1617
6139,1638,1639
6140,1461,1462
6140,1606,1607
6140,1616,1617
6140,1638,1639
6141,1461,1462
6141,1499,1500
6141,1544,1545
6141,1616,1617
6142,1529,1530
6142,1543,1544
6142,1604,1605
6142,1672,1673
6143,1529,1530
6143,1604,1605
6143,1638,1639
6143,1672,1673
6144,1543,1544
6144,1604,1605
6144,1638,1639
6144,1672,1673
6145,1529,1530
6145,1567,1568
6145,1638,1639
6145,1672,1673
6146,1529,1530
6146,1567,1568
6146,1672,1673
6146,1780,1781
6147,1543,1544
6147,1616,1617
6147,1638,1639
6147,1672,1673
6148,1361,1362
6148,1441,1442
6148,1543,1544
6148,1672,1673
6149,1361,1362
6149,1441,1442
6149,1616,1617
6149,1672,1673
6150,1361,1362
6150,1543,1544
6150,1616,1617
6150,1672,1673
6151,1441,1442
6151,1499,1500
6151,1672,1673
6151,1780,1781
6152,1441,1442
6152,1499,1500
6152,1616,1617
6152,1672,1673
6153,1461,1462
6153,1567,1568
6153,1638,1639
6153,1672,1673
6154,1461,1462
6154,1616,1617
6154,1638,1639
6154,1672,1673
6155,1461,1462
6155,1499,1500
6155,1616,1617
6155,1672,1673
6156,1461,1462
6156,1499,1500
6156,1672,1673
6156,1780,1781
6157,1461,1462
6157,1567,1568
6157,1672,1673
6157,1780,1781
6158,1376,1377
6158,1531,1532
6158,1681,1682
6158,1776,1777
6159,1376,1377
6159,1531,1532
6159,1684,1685
6159,1776,1777
6160,1376,1377
6160,1531,1532
6160,1681,1682
6160,1784,1785
6161,1531,1532
6161,1681,1682
6161,1701,1702
6161,1776,1777
6162,1376,1377
6162,1531,1532
6162,1684,1685
6162,1703,1704
6163,1430,1431
6163,1531,1532
6163,1684,1685
6163,1703,1704
6164,1414,1415
6164,1531,1532
6164,1684,1685
6164,1776,1777
6165,1414,1415
6165,1430,1431
6165,1531,1532
6165,1684,1685
6166,1414,1415
6166,1531,1532
6166,1701,1702
6166,1776,1777
6167,1430,1431
6167,1531,1532
6167,1533,1534
6167,1703,1704
6168,1531,1532
6168,1533,1534
6168,1703,1704
6168,1784,1785
6169,1376,1377
6169,1531,1532
6169,1703,1704
6169,1784,1785
6170,1531,1532
6170,1533,1534
6170,1535,1536
6170,1784,1785
6171,1369,1370
6171,1531,1532
6171,1535,1536
6171,1784,1785
6172,1369,1370
6172,1531,1532
6172,1681,1682
6172,1784,1785
6173,1369,1370
6173,1531,1532
6173,1535,1536
6173,1701,1702
6174,1369,1370
6174,1531,1532
6174,1681,1682
6174,1701,1702
6175,1593,1594
6175,1597,1598
6175,1612,1613
6175,1642,1643
6176,1593,1594
6176,1597,1598
6176,1612,1613
6176,1769,1770
6177,1612,1613
6177,1633,1634
6177,1642,1643
6177,1783,1784
6178,1597,1598
6178,1612,1613
6178,1637,1638
6178,1642,1643
6179,1597,1598
6179,1612,1613
6179,1637,1638
6179,1769,1770
6180,1612,1613
6180,1637,1638
6180,1642,1643
6180,1783,1784
6181,1612,1613
6181,1633,1634
6181,1783,1784
6181,1794,1795
6182,1468,1469
6182,1612,1613
6182,1633,1634
6182,1794,1795
6183,1612,1613
6183,1637,1638
6183,1688,1689
6183,1783,1784
6184,1612,1613
6184,1637,1638
6184,1688,1689
6184,1769,1770
6185,1600,1601
6185,1612,1613
6185,1783,1784
6185,1794,1795
6186,1454,1455
6186,1612,1613
6186,1791,1792
6186,1794,1795
6187,1454,1455
6187,1468,1469
6187,1612,1613
6187,1794,1795
6188,1600,1601
6188,1612,1613
6188,1688,1689
6188,1783,1784
6189,1600,1601
6189,1612,1613
6189,1688,1689
6189,1769,1770
6190,1600,1601
6190,1612,1613
6190,1791,1792
6190,1794,1795
6191,1600,1601
6191,1612,1613
6191,1769,1770
6191,1791,1792
6192,1593,1594
6192,1638,1639
6192,1686,1687
6192,1769,1770
6193,1593,1594
6193,1612,1613
6193,1686,1687
6193,1769,1770
6194,1378,1379
6194,1593,1594
6194,1638,1639
6194,1686,1687
6195,1378,1379
6195,1505,1506
6195,1554,1555
6195,1686,1687
6196,1378,1379
6196,1554,1555
6196,1593,1594
6196,1686,1687
6197,1454,1455
6197,1468,1469
6197,1505,1506
6197,1686,1687
6198,1454,1455
6198,1468,1469
6198,1612,1613
6198,1686,1687
6199,1454,1455
6199,1612,1613
6199,1686,1687
6199,1791,1792
6200,1612,1613
6200,1686,1687
6200,1769,1770
6200,1791,1792
6201,1378,1379
6201,1505,1506
6201,1660,1661
6201,1686,1687
6202,1378,1379
6202,1638,1639
6202,1660,1661
6202,1686,1687
6203,1454,1455
6203,1660,1661
6203,1686,1687
6203,1791,1792
6204,1604,1605
6204,1686,1687
6204,1769,1770
6204,1791,1792
6205,1604,1605
6205,1638,1639
6205,1686,1687
6205,1769,1770
6206,1454,1455
6206,1484,1485
6206,1505,1506
6206,1686,1687
6207,1484,1485
6207,1505,1506
6207,1660,1661
6207,1686,1687
6208,1454,1455
6208,1484,1485
6208,1660,1661
6208,1686,1687
6209,1604,1605
6209,1660,1661
6209,1686,1687
6209,1791,1792
6210,1604,1605
6210,1638,1639
6210,1660,1661
6210,1686,1687
6211,1418,1419
6211,1460,1461
6211,1522,1523
6211,1770,1771
6212,1418,1419
6212,1460,1461
6212,1764,1765
6212,1770,1771
6213,1443,1444
6213,1482,1483
6213,1770,1771
6213,1788,1789
6214,1460,1461
6214,1764,1765
6214,1770,1771
6214,1788,1789
6215,1460,1461
6215,1482,1483
6215,1770,1771
6215,1788,1789
6216,1443,1444
6216,1745,1746
6216,1770,1771
6216,1788,1789
6217,1431,1432
6217,1564,1565
6217,1668,1669
6217,1748,1749
6218,1431,1432
6218,1474,1475
6218,1564,1565
6218,1748,1749
6219,1421,1422
6219,1431,1432
6219,1474,1475
6219,1748,1749
6220,1421,1422
6220,1506,1507
6220,1728,1729
6220,1748,1749
6221,1421,1422
6221,1474,1475
6221,1492,1493
6221,1748,1749
6222,1421,1422
6222,1492,1493
6222,1728,1729
6222,1748,1749
6223,1628,1629
6223,1696,1697
6223,1698,1699
6223,1719,1720
6224,1370,1371
6224,1628,1629
6224,1696,1697
6224,1698,1699
6225,1564,1565
6225,1628,1629
6225,1696,1697
6225,1719,1720
6226,1370,1371
6226,1474,1475
6226,1626,1627
6226,1696,1697
6227,1370,1371
6227,1626,1627
6227,1628,1629
6227,1696,1697
6228,1474,1475
6228,1626,1627
6228,1628,1629
6228,1696,1697
6229,1379,1380
6229,1474,1475
6229,1564,1565
6229,1696,1697
6230,1379,1380
6230,1564,1565
6230,1628,1629
6230,1696,1697
6231,1379,1380
6231,1474,1475
6231,1628,1629
6231,1696,1697
6232,1503,1504
6232,1564,1565
6232,1696,1697
6232,1719,1720
6233,1370,1371
6233,1442,1443
6233,1696,1697
6233,1698,1699
6234,1370,1371
6234,1442,1443
6234,1696,1697
6234,1728,1729
6235,1370,1371
6235,1474,1475
6235,1492,1493
6235,1696,1697
6236,1370,1371
6236,1492,1493
6236,1696,1697
6236,1728,1729
6237,1474,1475
6237,1564,1565
6237,1696,1697
6237,1748,1749
6238,1442,1443
6238,1503,1504
6238,1696,1697
6238,1728,1729
6239,1503,1504
6239,1564,1565
6239,1696,1697
6239,1748,1749
6240,1503,1504
6240,1696,1697
6240,1728,1729
6240,1748,1749
6241,1474,1475
6241,1492,1493
6241,1696,1697
6241,1748,1749
6242,1492,1493
6242,1696,1697
6242,1728,1729
6242,1748,1749
6243,1442,1443
6243,1636,1637
6243,1696,1697
6243,1698,1699
6244,1636,1637
6244,1696,1697
6244,1698,1699
6244,1719,1720
6245,1442,1443
6245,1503,1504
6245,1636,1637
6245,1696,1697
6246,1503,1504
6246,1636,1637
6246,1696,1697
6246,1719,1720
6247,1632,1633
6247,1721,1722
6247,1724,1725
6247,1845,1846
6248,1632,1633
6248,1724,1725
6248,1727,1728
6248,1845,1846
6249,1627,1628
6249,1721,1722
6249,1724,1725
6249,1845,1846
6250,1627,1628
6250,1724,1725
6250,1727,1728
6250,1845,1846
6251,1627,1628
6251,1721,1722
6251,1723,1724
6251,1724,1725
6252,1627,1628
6252,1652,1653
6252,1723,1724
6252,1724,1725
6253,1627,1628
6253,1652,1653
6253,1719,1720
6253,1724,1725
6254,1620,1621
6254,1652,1653
6254,1723,1724
6254,1724,1725
6255,1620,1621
6255,1652,1653
6255,1719,1720
6255,1724,1725
6256,1627,1628
6256,1724,1725
6256,1727,1728
6256,1747,1748
6257,1627,1628
6257,1719,1720
6257,1724,1725
6257,1747,1748
6258,1719,1720
6258,1724,1725
6258,1727,1728
6258,1747,1748
6259,1487,1488
6259,1632,1633
6259,1727,1728
6259,1845,1846
6260,1487,1488
6260,1727,1728
6260,1761,1762
6260,1845,1846
6261,1487,1488
6261,1632,1633
6261,1761,1762
6261,1845,1846
6262,1487,1488
6262,1632,1633
6262,1761,1762
6262,1792,1793
6263,1482,1483
6263,1487,1488
6263,1761,1762
6263,1792,1793
6264,1482,1483
6264,1487,1488
6264,1727,1728
6264,1788,1789
6265,1487,1488
6265,1727,1728
6265,1752,1753
6265,1761,1762
6266,1482,1483
6266,1487,1488
6266,1727,1728
6266,1752,1753
6267,1482,1483
6267,1487,1488
6267,1752,1753
6267,1761,1762
6268,1487,1488
6268,1632,1633
6268,1668,1669
6268,1792,1793
6269,1460,1461
6269,1487,1488
6269,1668,1669
6269,1792,1793
6270,1460,1461
6270,1482,1483
6270,1487,1488
6270,1788,1789
6271,1487,1488
6271,1564,1565
6271,1727,1728
6271,1788,1789
6272,1487,1488
6272,1564,1565
6272,1668,1669
6272,1788,1789
6273,1460,1461
6273,1487,1488
6273,1570,1571
6273,1792,1793
6274,1482,1483
6274,1487,1488
6274,1570,1571
6274,1792,1793
6275,1460,1461
6275,1482,1483
6275,1487,1488
6275,1570,1571
6276,1460,1461
6276,1487,1488
6276,1668,1669
6276,1764,1765
6277,1487,1488
6277,1668,1669
6277,1764,1765
6277,1788,1789
6278,1460,1461
6278,1487,1488
6278,1764,1765
6278,1788,1789
6279,1376,1377
6279,1708,1709
6279,1711,1712
6279,1793,1794
6280,1708,1709
6280,1711,1712
6280,1755,1756
6280,1793,1794
6281,1711,1712
6281,1755,1756
6281,1766,1767
6281,1793,1794
6282,1573,1574
6282,1711,1712
6282,1766,1767
6282,1793,1794
6283,1376,1377
6283,1573,1574
6283,1711,1712
6283,1793,1794
6284,1573,1574
6284,1766,1767
6284,1776,1777
6284,1793,1794
6285,1376,1377
6285,1573,1574
6285,1776,1777
6285,1793,1794
6286,1376,1377
6286,1681,1682
6286,1708,1709
6286,1793,1794
6287,1755,1756
6287,1766,1767
6287,1779,1780
6287,1793,1794
6288,1595,1596
6288,1708,1709
6288,1787,1788
6288,1793,1794
6289,1708,1709
6289,1755,1756
6289,1787,1788
6289,1793,1794
6290,1683,1684
6290,1766,1767
6290,1776,1777
6290,1793,1794
6291,1376,1377
6291,1681,1682
6291,1776,1777
6291,1793,1794
6292,1592,1593
6292,1595,1596
6292,1708,1709
6292,1793,1794
6293,1592,1593
6293,1595,1596
6293,1681,1682
6293,1793,1794
6294,1592,1593
6294,1681,1682
6294,1708,1709
6294,1793,1794
6295,1683,1684
6295,1766,1767
6295,1779,1780
6295,1793,1794
6296,1595,1596
6296,1779,1780
6296,1787,1788
6296,1793,1794
6297,1755,1756
6297,1779,1780
6297,1787,1788
6297,1793,1794
6298,1595,1596
6298,1681,1682
6298,1683,1684
6298,1793,1794
6299,1681,1682
6299,1683,1684
6299,1776,1777
6299,1793,1794
6300,1588,1589
6300,1595,1596
6300,1779,1780
6300,1793,1794
6301,1588,1589
6301,1595,1596
6301,1683,1684
6301,1793,1794
6302,1588,1589
6302,1683,1684
6302,1779,1780
6302,1793,1794
6303,1194,1195
6303,1406,1407
6303,1472,1473
6303,1527,1528
6304,1194,1195
6304,1229,1230
6304,1406,1407
6304,1527,1528
6305,1194,1195
6305,1300,1301
6305,1406,1407
6305,1472,1473
6306,1194,1195
6306,1229,1230
6306,1300,1301
6306,1406,1407
6307,1229,1230
6307,1315,1316
6307,1406,1407
6307,1527,1528
6308,1300,1301
6308,1406,1407
6308,1472,1473
6308,1518,1519
6309,1246,1247
6309,1300,1301
6309,1406,1407
6309,1518,1519
6310,1118,1119
6310,1246,1247
6310,1300,1301
6310,1406,1407
6311,1406,1407
6311,1469,1470
6311,1491,1492
6311,1527,1528
6312,1406,1407
6312,1472,1473
6312,1518,1519
6312,1559,1560
6313,1246,1247
6313,1406,1407
6313,1518,1519
6313,1559,1560
6314,1246,1247
6314,1259,1260
6314,1406,1407
6314,1559,1560
6315,1160,1161
6315,1406,1407
6315,1472,1473
6315,1491,1492
6316,1160,1161
6316,1259,1260
6316,1406,1407
6316,1491,1492
6317,1160,1161
6317,1406,1407
6317,1472,1473
6317,1559,1560
6318,1160,1161
6318,1259,1260
6318,1406,1407
6318,1559,1560
6319,1246,1247
6319,1259,1260
6319,1310,1311
6319,1406,1407
6320,1131,1132
6320,1133,1134
6320,1229,1230
6320,1527,1528
6321,1131,1132
6321,1133,1134
6321,1425,1426
6321,1514,1515
6322,1131,1132
6322,1133,1134
6322,1514,1515
6322,1527,1528
6323,1131,1132
6323,1133,1134
6323,1425,1426
6323,1426,1427
6324,1131,1132
6324,1133,1134
6324,1229,1230
6324,1426,1427
6325,1133,1134
6325,1395,1396
6325,1425,1426
6325,1514,1515
6326,1133,1134
6326,1222,1223
6326,1425,1426
6326,1426,1427
6327,1133,1134
6327,1222,1223
6327,1229,1230
6327,1426,1427
6328,1133,1134
6328,1222,1223
6328,1229,1230
6328,1267,1268
6329,1133,1134
6329,1266,1267
6329,1395,1396
6329,1514,1515
6330,1133,1134
6330,1266,1267
6330,1514,1515
6330,1527,1528
6331,1133,1134
6331,1183,1184
6331,1222,1223
6331,1425,1426
6332,1133,1134
6332,1183,1184
6332,1395,1396
6332,1425,1426
6333,1133,1134
6333,1194,1195
6333,1229,1230
6333,1267,1268
6334,1133,1134
6334,1194,1195
6334,1229,1230
6334,1527,1528
6335,1133,1134
6335,1266,1267
6335,1395,1396
6335,1493,1494
6336,1133,1134
6336,1266,1267
6336,1493,1494
6336,1527,1528
6337,1133,1134
6337,1183,1184
6337,1222,1223
6337,1267,1268
6338,1133,1134
6338,1194,1195
6338,1267,1268
6338,1493,1494
6339,1133,1134
6339,1194,1195
6339,1493,1494
6339,1527,1528
6340,1133,1134
6340,1183,1184
6340,1267,1268
6340,1493,1494
6341,1133,1134
6341,1183,1184
6341,1395,1396
6341,1510,1511
6342,1133,1134
6342,1183,1184
6342,1493,1494
6342,1510,1511
6343,1133,1134
6343,1395,1396
6343,1493,1494
6343,1510,1511
6344,1239,1240
6344,1256,1257
6344,1277,1278
6344,1349,1350
6345,1121,1122
6345,1239,1240
6345,1277,1278
6345,1349,1350
6346,1121,1122
6346,1239,1240
6346,1256,1257
6346,1277,1278
6347,1121,1122
6347,1239,1240
6347,1256,1257
6347,1402,1403
6348,1239,1240
6348,1349,1350
6348,1395,1396
6348,1510,1511
6349,1170,1171
6349,1239,1240
6349,1395,1396
6349,1478,1479
6350,1239,1240
6350,1256,1257
6350,1402,1403
6350,1437,1438
6351,1170,1171
6351,1239,1240
6351,1402,1403
6351,1437,1438
6352,1129,1130
6352,1239,1240
6352,1256,1257
6352,1349,1350
6353,1129,1130
6353,1239,1240
6353,1349,1350
6353,1510,1511
6354,1170,1171
6354,1239,1240
6354,1266,1267
6354,1395,1396
6355,1239,1240
6355,1266,1267
6355,1395,1396
6355,1510,1511
6356,1170,1171
6356,1239,1240
6356,1266,1267
6356,1510,1511
6357,1170,1171
6357,1239,1240
6357,1437,1438
6357,1510,1511
6358,1121,1122
6358,1239,1240
6358,1402,1403
6358,1495,1496
6359,1170,1171
6359,1239,1240
6359,1478,1479
6359,1495,1496
6360,1170,1171
6360,1239,1240
6360,1402,1403
6360,1495,1496
6361,1129,1130
6361,1239,1240
6361,1256,1257
6361,1437,1438
6362,1129,1130
6362,1239,1240
6362,1437,1438
6362,1510,1511
6363,1402,1403
6363,1512,1513
6363,1550,1551
6363,1556,1557
6364,1512,1513
6364,1550,1551
6364,1556,1557
6364,1775,1776
6365,1125,1126
6365,1381,1382
6365,1402,1403
6365,1550,1551
6366,1125,1126
6366,1402,1403
6366,1508,1509
6366,1550,1551
6367,1402,1403
6367,1508,1509
6367,1550,1551
6367,1556,1557
6368,1402,1403
6368,1495,1496
6368,1512,1513
6368,1550,1551
6369,1495,1496
6369,1512,1513
6369,1550,1551
6369,1572,1573
6370,1381,1382
6370,1402,1403
6370,1495,1496
6370,1550,1551
6371,1381,1382
6371,1495,1496
6371,1550,1551
6371,1572,1573
6372,1125,1126
6372,1550,1551
6372,1737,1738
6372,1775,1776
6373,1550,1551
6373,1556,1557
6373,1737,1738
6373,1775,1776
6374,1125,1126
6374,1411,1412
6374,1550,1551
6374,1775,1776
6375,1125,1126
6375,1381,1382
6375,1411,1412
6375,1550,1551
6376,1452,1453
6376,1512,1513
6376,1550,1551
6376,1775,1776
6377,1452,1453
6377,1512,1513
6377,1550,1551
6377,1572,1573
6378,1381,1382
6378,1411,1412
6378,1550,1551
6378,1572,1573
6379,1125,1126
6379,1508,1509
6379,1550,1551
6379,1737,1738
6380,1508,1509
6380,1550,1551
6380,1556,1557
6380,1737,1738
6381,1411,1412
6381,1452,1453
6381,1550,1551
6381,1775,1776
6382,1411,1412
6382,1452,1453
6382,1550,1551
6382,1572,1573
6383,1486,1487
6383,1488,1489
6383,1502,1503
6383,1585,1586
6384,1478,1479
6384,1488,1489
6384,1502,1503
6384,1585,1586
6385,1170,1171
6385,1266,1267
6385,1478,1479
6385,1502,1503
6386,1475,1476
6386,1486,1487
6386,1502,1503
6386,1585,1586
6387,1475,1476
6387,1486,1487
6387,1502,1503
6387,1782,1783
6388,1475,1476
6388,1502,1503
6388,1514,1515
6388,1585,1586
6389,1266,1267
6389,1478,1479
6389,1502,1503
6389,1514,1515
6390,1478,1479
6390,1502,1503
6390,1514,1515
6390,1585,1586
6391,1342,1343
6391,1385,1386
6391,1417,1418
6391,1553,1554
6392,1342,1343
6392,1385,1386
6392,1417,1418
6392,1433,1434
6393,1268,1269
6393,1342,1343
6393,1417,1418
6393,1553,1554
6394,1268,1269
6394,1342,1343
6394,1417,1418
6394,1433,1434
6395,1146,1147
6395,1268,1269
6395,1417,1418
6395,1553,1554
6396,1354,1355
6396,1385,1386
6396,1417,1418
6396,1553,1554
6397,1343,1344
6397,1385,1386
6397,1417,1418
6397,1433,1434
6398,1146,1147
6398,1354,1355
6398,1417,1418
6398,1553,1554
6399,1146,1147
6399,1354,1355
6399,1359,1360
6399,1417,1418
6400,1146,1147
6400,1359,1360
6400,1417,1418
6400,1517,1518
6401,1146,1147
6401,1268,1269
6401,1417,1418
6401,1517,1518
6402,1142,1143
6402,1354,1355
6402,1385,1386
6402,1417,1418
6403,1142,1143
6403,1354,1355
6403,1359,1360
6403,1417,1418
6404,1142,1143
6404,1385,1386
6404,1417,1418
6404,1425,1426
6405,1142,1143
6405,1343,1344
6405,1417,1418
6405,1425,1426
6406,1343,1344
6406,1385,1386
6406,1417,1418
6406,1425,1426
6407,1121,1122
6407,1182,1183
6407,1342,1343
6407,1391,1392
6408,1182,1183
6408,1342,1343
6408,1391,1392
6408,1433,1434
6409,1121,1122
6409,1182,1183
6409,1342,1343
6409,1385,1386
6410,1182,1183
6410,1342,1343
6410,1385,1386
6410,1433,1434
6411,1182,1183
6411,1343,1344
6411,1385,1386
6411,1433,1434
6412,1182,1183
6412,1371,1372
6412,1391,1392
6412,1478,1479
6413,1182,1183
6413,1371,1372
6413,1391,1392
6413,1433,1434
6414,1182,1183
6414,1349,1350
6414,1385,1386
6414,1395,1396
6415,1121,1122
6415,1182,1183
6415,1349,1350
6415,1385,1386
6416,1182,1183
6416,1239,1240
6416,1395,1396
6416,1478,1479
6417,1182,1183
6417,1391,1392
6417,1478,1479
6417,1495,1496
6418,1182,1183
6418,1239,1240
6418,1478,1479
6418,1495,1496
6419,1121,1122
6419,1182,1183
6419,1391,1392
6419,1495,1496
6420,1121,1122
6420,1182,1183
6420,1239,1240
6420,1495,1496
6421,1182,1183
6421,1343,1344
6421,1371,1372
6421,1478,1479
6422,1182,1183
6422,1343,1344
6422,1371,1372
6422,1433,1434
6423,1182,1183
6423,1385,1386
6423,1395,1396
6423,1425,1426
6424,1182,1183
6424,1343,1344
6424,1395,1396
6424,1425,1426
6425,1182,1183
6425,1343,1344
6425,1385,1386
6425,1425,1426
6426,1182,1183
6426,1343,1344
6426,1395,1396
6426,1514,1515
6427,1182,1183
6427,1395,1396
6427,1478,1479
6427,1514,1515
6428,1182,1183
6428,1343,1344
6428,1478,1479
6428,1514,1515
6429,1182,1183
6429,1239,1240
6429,1349,1350
6429,1395,1396
6430,1121,1122
6430,1182,1183
6430,1239,1240
6430,1349,1350
6431,926,927
6431,1137,1138
6431,1222,1223
6431,1226,1227
6432,1137,1138
6432,1197,1198
6432,1222,1223
6432,1287,1288
6433,1137,1138
6433,1217,1218
6433,1222,1223
6433,1287,1288
6434,1137,1138
6434,1217,1218
6434,1222,1223
6434,1226,1227
6435,924,925
6435,1137,1138
6435,1217,1218
6435,1226,1227
6436,924,925
6436,944,945
6436,1137,1138
6436,1217,1218
6437,926,927
6437,1137,1138
6437,1226,1227
6437,1281,1282
6438,924,925
6438,1137,1138
6438,1226,1227
6438,1281,1282
6439,944,945
6439,1137,1138
6439,1159,1160
6439,1287,1288
6440,944,945
6440,1137,1138
6440,1217,1218
6440,1354,1355
6441,944,945
6441,1137,1138
6441,1287,1288
6441,1354,1355
6442,1137,1138
6442,1217,1218
6442,1287,1288
6442,1354,1355
6443,924,925
6443,1115,1116
6443,1139,1140
6443,1281,1282
6444,1171,1172
6444,1319,1320
6444,1429,1430
6444,1558,1559
6445,1171,1172
6445,1319,1320
6445,1493,1494
6445,1558,1559
6446,1266,1267
6446,1319,1320
6446,1493,1494
6446,1558,1559
6447,1171,1172
6447,1194,1195
6447,1493,1494
6447,1558,1559
6448,1194,1195
6448,1493,1494
6448,1527,1528
6448,1558,1559
6449,1171,1172
6449,1429,1430
6449,1472,1473
6449,1558,1559
6450,1171,1172
6450,1194,1195
6450,1472,1473
6450,1558,1559
6451,1266,1267
6451,1493,1494
6451,1527,1528
6451,1558,1559
6452,1194,1195
6452,1472,1473
6452,1527,1528
6452,1558,1559
6453,1160,1161
6453,1429,1430
6453,1472,1473
6453,1558,1559
6454,1160,1161
6454,1472,1473
6454,1491,1492
6454,1558,1559
6455,1160,1161
6455,1373,1374
6455,1429,1430
6455,1558,1559
6456,1160,1161
6456,1373,1374
6456,1491,1492
6456,1558,1559
6457,1373,1374
6457,1475,1476
6457,1491,1492
6457,1558,1559
6458,1475,1476
6458,1491,1492
6458,1527,1528
6458,1558,1559
6459,1266,1267
6459,1514,1515
6459,1527,1528
6459,1558,1559
6460,1475,1476
6460,1514,1515
6460,1527,1528
6460,1558,1559
6461,1406,1407
6461,1472,1473
6461,1527,1528
6461,1558,1559
6462,1406,1407
6462,1472,1473
6462,1491,1492
6462,1558,1559
6463,1406,1407
6463,1491,1492
6463,1527,1528
6463,1558,1559
6464,1266,1267
6464,1502,1503
6464,1514,1515
6464,1558,1559
6465,1475,1476
6465,1502,1503
6465,1514,1515
6465,1558,1559
6466,1049,1050
6466,1103,1104
6466,1224,1225
6466,1336,1337
6467,1023,1024
6467,1039,1040
6467,1103,1104
6467,1336,1337
6468,1023,1024
6468,1084,1085
6468,1103,1104
6468,1336,1337
6469,1049,1050
6469,1084,1085
6469,1103,1104
6469,1336,1337
6470,902,903
6470,1039,1040
6470,1103,1104
6470,1336,1337
6471,902,903
6471,1103,1104
6471,1224,1225
6471,1336,1337
6472,902,903
6472,1039,1040
6472,1224,1225
6472,1336,1337
6473,1009,1010
6473,1220,1221
6473,1261,1262
6473,1316,1317
6474,947,948
6474,967,968
6474,1009,1010
6474,1203,1204
6475,947,948
6475,1009,1010
6475,1196,1197
6475,1203,1204
6476,966,967
6476,1009,1010
6476,1196,1197
6476,1316,1317
6477,966,967
6477,1009,1010
6477,1261,1262
6477,1316,1317
6478,947,948
6478,966,967
6478,1009,1010
6478,1196,1197
6479,902,903
6479,1009,1010
6479,1039,1040
6479,1224,1225
6480,902,903
6480,1009,1010
6480,1224,1225
6480,1261,1262
6481,1140,1141
6481,1220,1221
6481,1291,1292
6481,1292,1293
6482,1058,1059
6482,1140,1141
6482,1291,1292
6482,1292,1293
6483,1058,1059
6483,1140,1141
6483,1156,1157
6483,1412,1413
6484,1058,1059
6484,1140,1141
6484,1156,1157
6484,1291,1292
6485,1140,1141
6485,1220,1221
6485,1291,1292
6485,1518,1519
6486,1140,1141
6486,1156,1157
6486,1291,1292
6486,1518,1519
6487,916,917
6487,1118,1119
6487,1326,1327
6487,1351,1352
6488,970,971
6488,1118,1119
6488,1229,1230
6488,1326,1327
6489,916,917
6489,970,971
6489,1118,1119
6489,1326,1327
6490,916,917
6490,1186,1187
6490,1326,1327
6490,1351,1352
6491,1163,1164
6491,1229,1230
6491,1326,1327
6491,1426,1427
6492,954,955
6492,970,971
6492,1226,1227
6492,1326,1327
6493,954,955
6493,1186,1187
6493,1226,1227
6493,1326,1327
6494,916,917
6494,954,955
6494,970,971
6494,1326,1327
6495,916,917
6495,954,955
6495,1186,1187
6495,1326,1327
6496,1163,1164
6496,1258,1259
6496,1326,1327
6496,1351,1352
6497,1186,1187
6497,1258,1259
6497,1326,1327
6497,1351,1352
6498,1186,1187
6498,1226,1227
6498,1258,1259
6498,1326,1327
6499,1163,1164
6499,1258,1259
6499,1326,1327
6499,1426,1427
6500,1226,1227
6500,1258,1259
6500,1326,1327
6500,1426,1427
6501,970,971
6501,1222,1223
6501,1229,1230
6501,1326,1327
6502,1222,1223
6502,1229,1230
6502,1326,1327
6502,1426,1427
6503,970,971
6503,1222,1223
6503,1226,1227
6503,1326,1327
6504,1222,1223
6504,1226,1227
6504,1326,1327
6504,1426,1427
6505,1092,1093
6505,1237,1238
6505,1249,1250
6505,1292,1293
6506,1049,1050
6506,1092,1093
6506,1237,1238
6506,1292,1293
6507,985,986
6507,1092,1093
6507,1237,1238
6507,1249,1250
6508,985,986
6508,1049,1050
6508,1092,1093
6508,1237,1238
6509,1058,1059
6509,1237,1238
6509,1291,1292
6509,1292,1293
6510,1058,1059
6510,1237,1238
6510,1249,1250
6510,1291,1292
6511,1237,1238
6511,1249,1250
6511,1291,1292
6511,1292,1293
6512,971,972
6512,1058,1059
6512,1237,1238
6512,1249,1250
6513,985,986
6513,1216,1217
6513,1237,1238
6513,1249,1250
6514,971,972
6514,1216,1217
6514,1237,1238
6514,1249,1250
6515,1298,1299
6515,1352,1353
6515,1458,1459
6515,1481,1482
6516,1152,1153
6516,1244,1245
6516,1298,1299
6516,1375,1376
6517,687,688
6517,753,754
6517,843,844
6517,892,893
6518,688,689
6518,753,754
6518,843,844
6518,892,893
6519,769,770
6519,820,821
6519,843,844
6519,1021,1022
6520,687,688
6520,813,814
6520,843,844
6520,892,893
6521,688,689
6521,813,814
6521,843,844
6521,892,893
6522,820,821
6522,843,844
6522,948,949
6522,1021,1022
6523,808,809
6523,820,821
6523,843,844
6523,948,949
6524,689,690
6524,769,770
6524,843,844
6524,1021,1022
6525,687,688
6525,689,690
6525,769,770
6525,843,844
6526,689,690
6526,813,814
6526,843,844
6526,1021,1022
6527,687,688
6527,689,690
6527,813,814
6527,843,844
6528,448,449
6528,778,779
6528,847,848
6528,858,859
6529,448,449
6529,723,724
6529,778,779
6529,858,859
6530,448,449
6530,473,474
6530,625,626
6530,778,779
6531,448,449
6531,625,626
6531,723,724
6531,778,779
6532,675,676
6532,778,779
6532,847,848
6532,943,944
6533,473,474
6533,625,626
6533,751,752
6533,778,779
6534,625,626
6534,723,724
6534,751,752
6534,778,779
6535,473,474
6535,738,739
6535,751,752
6535,778,779
6536,809,810
6536,834,835
6536,847,848
6536,1022,1023
6537,809,810
6537,834,835
6537,847,848
6537,858,859
6538,778,779
6538,834,835
6538,847,848
6538,858,859
6539,809,810
6539,834,835
6539,884,885
6539,1022,1023
6540,809,810
6540,834,835
6540,858,859
6540,884,885
6541,675,676
6541,834,835
6541,847,848
6541,1022,1023
6542,675,676
6542,778,779
6542,834,835
6542,847,848
6543,723,724
6543,778,779
6543,834,835
6543,858,859
6544,675,676
6544,729,730
6544,834,835
6544,1022,1023
6545,729,730
6545,799,800
6545,834,835
6545,886,887
6546,729,730
6546,819,820
6546,834,835
6546,1022,1023
6547,819,820
6547,834,835
6547,884,885
6547,1022,1023
6548,729,730
6548,799,800
6548,819,820
6548,834,835
6549,799,800
6549,819,820
6549,834,835
6549,884,885
6550,723,724
6550,792,793
6550,834,835
6550,886,887
6551,792,793
6551,799,800
6551,834,835
6551,886,887
6552,723,724
6552,792,793
6552,799,800
6552,834,835
6553,537,538
6553,698,699
6553,764,765
6553,869,870
6554,537,538
6554,749,750
6554,764,765
6554,869,870
6555,738,739
6555,749,750
6555,764,765
6555,943,944
6556,738,739
6556,751,752
6556,764,765
6556,778,779
6557,714,715
6557,738,739
6557,749,750
6557,764,765
6558,537,538
6558,714,715
6558,749,750
6558,764,765
6559,714,715
6559,738,739
6559,751,752
6559,764,765
6560,537,538
6560,714,715
6560,751,752
6560,764,765
6561,738,739
6561,764,765
6561,778,779
6561,943,944
6562,675,676
6562,764,765
6562,778,779
6562,943,944
6563,723,724
6563,751,752
6563,764,765
6563,778,779
6564,698,699
6564,729,730
6564,764,765
6564,886,887
6565,675,676
6565,698,699
6565,729,730
6565,764,765
6566,698,699
6566,764,765
6566,795,796
6566,886,887
6567,537,538
6567,698,699
6567,764,765
6567,795,796
6568,675,676
6568,764,765
6568,778,779
6568,834,835
6569,723,724
6569,764,765
6569,778,779
6569,834,835
6570,729,730
6570,764,765
6570,834,835
6570,886,887
6571,675,676
6571,729,730
6571,764,765
6571,834,835
6572,723,724
6572,764,765
6572,834,835
6572,886,887
6573,723,724
6573,764,765
6573,792,793
6573,886,887
6574,723,724
6574,751,752
6574,764,765
6574,792,793
6575,572,573
6575,764,765
6575,795,796
6575,886,887
6576,537,538
6576,572,573
6576,764,765
6576,795,796
6577,572,573
6577,764,765
6577,792,793
6577,886,887
6578,572,573
6578,751,752
6578,764,765
6578,792,793
6579,537,538
6579,572,573
6579,751,752
6579,764,765
6580,200,201
6580,204,205
6580,265,266
6580,393,394
6581,200,201
6581,204,205
6581,265,266
6581,472,473
6582,204,205
6582,265,266
6582,362,363
6582,472,473
6583,200,201
6583,204,205
6583,393,394
6583,577,578
6584,204,205
6584,393,394
6584,495,496
6584,577,578
6585,204,205
6585,264,265
6585,495,496
6585,577,578
6586,200,201
6586,204,205
6586,300,301
6586,472,473
6587,204,205
6587,264,265
6587,300,301
6587,472,473
6588,204,205
6588,264,265
6588,495,496
6588,664,665
6589,204,205
6589,264,265
6589,472,473
6589,664,665
6590,204,205
6590,393,394
6590,483,484
6590,495,496
6591,204,205
6591,265,266
6591,393,394
6591,483,484
6592,204,205
6592,265,266
6592,362,363
6592,483,484
6593,200,201
6593,204,205
6593,300,301
6593,577,578
6594,204,205
6594,264,265
6594,300,301
6594,577,578
6595,204,205
6595,483,484
6595,495,496
6595,541,542
6596,204,205
6596,362,363
6596,483,484
6596,541,542
6597,204,205
6597,495,496
6597,541,542
6597,664,665
6598,1162,1163
6598,1251,1252
6598,1447,1448
6598,1559,1560
6599,1162,1163
6599,1251,1252
6599,1447,1448
6599,1528,1529
6600,1162,1163
6600,1380,1381
6600,1447,1448
6600,1559,1560
6601,1162,1163
6601,1380,1381
6601,1447,1448
6601,1463,1464
6602,1162,1163
6602,1447,1448
6602,1463,1464
6602,1516,1517
6603,1162,1163
6603,1447,1448
6603,1516,1517
6603,1528,1529
6604,1380,1381
6604,1382,1383
6604,1447,1448
6604,1559,1560
6605,1380,1381
6605,1382,1383
6605,1447,1448
6605,1463,1464
6606,1382,1383
6606,1447,1448
6606,1463,1464
6606,1515,1516
6607,1447,1448
6607,1463,1464
6607,1515,1516
6607,1516,1517
6608,1447,1448
6608,1470,1471
6608,1516,1517
6608,1528,1529
6609,1259,1260
6609,1382,1383
6609,1447,1448
6609,1559,1560
6610,1361,1362
6610,1447,1448
6610,1470,1471
6610,1516,1517
6611,1361,1362
6611,1447,1448
6611,1515,1516
6611,1516,1517
6612,1499,1500
6612,1590,1591
6612,1707,1708
6612,1778,1779
6613,1590,1591
6613,1707,1708
6613,1733,1734
6613,1778,1779
6614,1499,1500
6614,1544,1545
6614,1707,1708
6614,1778,1779
6615,1544,1545
6615,1649,1650
6615,1707,1708
6615,1778,1779
6616,1649,1650
6616,1698,1699
6616,1713,1714
6616,1778,1779
6617,1698,1699
6617,1713,1714
6617,1733,1734
6617,1778,1779
6618,1649,1650
6618,1707,1708
6618,1713,1714
6618,1778,1779
6619,1707,1708
6619,1713,1714
6619,1733,1734
6619,1778,1779
6620,1370,1371
6620,1497,1498
6620,1698,1699
6620,1778,1779
6621,1497,1498
6621,1649,1650
6621,1698,1699
6621,1778,1779
6622,1370,1371
6622,1462,1463
6622,1698,1699
6622,1778,1779
6623,1462,1463
6623,1698,1699
6623,1733,1734
6623,1778,1779
6624,1544,1545
6624,1649,1650
6624,1738,1739
6624,1778,1779
6625,1497,1498
6625,1544,1545
6625,1738,1739
6625,1778,1779
6626,1497,1498
6626,1649,1650
6626,1738,1739
6626,1778,1779
6627,1199,1200
6627,1271,1272
6627,1337,1338
6627,1410,1411
6628,1180,1181
6628,1271,1272
6628,1398,1399
6628,1410,1411
6629,1124,1125
6629,1271,1272
6629,1398,1399
6629,1410,1411
6630,1124,1125
6630,1180,1181
6630,1398,1399
6630,1410,1411
6631,1233,1234
6631,1337,1338
6631,1408,1409
6631,1410,1411
6632,1124,1125
6632,1233,1234
6632,1290,1291
6632,1410,1411
6633,1306,1307
6633,1337,1338
6633,1410,1411
6633,1494,1495
6634,1271,1272
6634,1306,1307
6634,1337,1338
6634,1410,1411
6635,1180,1181
6635,1410,1411
6635,1432,1433
6635,1494,1495
6636,1180,1181
6636,1410,1411
6636,1432,1433
6636,1555,1556
6637,1124,1125
6637,1180,1181
6637,1410,1411
6637,1555,1556
6638,1408,1409
6638,1410,1411
6638,1432,1433
6638,1494,1495
6639,1337,1338
6639,1408,1409
6639,1410,1411
6639,1494,1495
6640,1122,1123
6640,1408,1409
6640,1410,1411
6640,1432,1433
6641,1122,1123
6641,1233,1234
6641,1408,1409
6641,1410,1411
6642,1122,1123
6642,1124,1125
6642,1290,1291
6642,1410,1411
6643,1122,1123
6643,1233,1234
6643,1290,1291
6643,1410,1411
6644,1147,1148
6644,1306,1307
6644,1410,1411
6644,1494,1495
6645,1147,1148
6645,1180,1181
6645,1410,1411
6645,1494,1495
6646,1147,1148
6646,1271,1272
6646,1306,1307
6646,1410,1411
6647,1147,1148
6647,1180,1181
6647,1271,1272
6647,1410,1411
6648,1122,1123
6648,1410,1411
6648,1432,1433
6648,1555,1556
6649,1122,1123
6649,1124,1125
6649,1410,1411
6649,1555,1556
6650,1158,1159
6650,1195,1196
6650,1366,1367
6650,1407,1408
6651,1158,1159
6651,1195,1196
6651,1315,1316
6651,1407,1408
6652,1195,1196
6652,1366,1367
6652,1407,1408
6652,1511,1512
6653,1195,1196
6653,1315,1316
6653,1407,1408
6653,1511,1512
6654,1158,1159
6654,1366,1367
6654,1407,1408
6654,1413,1414
6655,1357,1358
6655,1366,1367
6655,1407,1408
6655,1413,1414
6656,1310,1311
6656,1315,1316
6656,1407,1408
6656,1511,1512
6657,1290,1291
6657,1357,1358
6657,1407,1408
6657,1413,1414
6658,1158,1159
6658,1163,1164
6658,1315,1316
6658,1407,1408
6659,1163,1164
6659,1315,1316
6659,1407,1408
6659,1507,1508
6660,1219,1220
6660,1310,1311
6660,1407,1408
6660,1507,1508
6661,1310,1311
6661,1315,1316
6661,1407,1408
6661,1507,1508
6662,1158,1159
6662,1233,1234
6662,1407,1408
6662,1413,1414
6663,1233,1234
6663,1290,1291
6663,1407,1408
6663,1413,1414
6664,1265,1266
6664,1470,1471
6664,1528,1529
6664,1541,1542
6665,1265,1266
6665,1447,1448
6665,1470,1471
6665,1528,1529
6666,1246,1247
6666,1259,1260
6666,1265,1266
6666,1375,1376
6667,1156,1157
6667,1246,1247
6667,1265,1266
6667,1375,1376
6668,1156,1157
6668,1265,1266
6668,1375,1376
6668,1541,1542
6669,1246,1247
6669,1259,1260
6669,1265,1266
6669,1559,1560
6670,1259,1260
6670,1265,1266
6670,1447,1448
6670,1559,1560
6671,1156,1157
6671,1265,1266
6671,1412,1413
6671,1541,1542
6672,1265,1266
6672,1412,1413
6672,1528,1529
6672,1541,1542
6673,1251,1252
6673,1265,1266
6673,1412,1413
6673,1528,1529
6674,1251,1252
6674,1265,1266
6674,1447,1448
6674,1559,1560
6675,1251,1252
6675,1265,1266
6675,1447,1448
6675,1528,1529
6676,1156,1157
6676,1246,1247
6676,1265,1266
6676,1518,1519
6677,1246,1247
6677,1265,1266
6677,1518,1519
6677,1559,1560
6678,1140,1141
6678,1251,1252
6678,1265,1266
6678,1412,1413
6679,1140,1141
6679,1156,1157
6679,1265,1266
6679,1412,1413
6680,1251,1252
6680,1265,1266
6680,1518,1519
6680,1559,1560
6681,1140,1141
6681,1251,1252
6681,1265,1266
6681,1518,1519
6682,1140,1141
6682,1156,1157
6682,1265,1266
6682,1518,1519
6683,1212,1213
6683,1409,1410
6683,1423,1424
6683,1557,1558
6684,1122,1123
6684,1212,1213
6684,1409,1410
6684,1557,1558
6685,1122,1123
6685,1212,1213
6685,1290,1291
6685,1557,1558
6686,1409,1410
6686,1423,1424
6686,1557,1558
6686,1781,1782
6687,1174,1175
6687,1363,1364
6687,1423,1424
6687,1557,1558
6688,1124,1125
6688,1218,1219
6688,1233,1234
6688,1290,1291
6689,1151,1152
6689,1218,1219
6689,1232,1233
6689,1235,1236
6690,1218,1219
6690,1232,1233
6690,1235,1236
6690,1258,1259
6691,1124,1125
6691,1218,1219
6691,1233,1234
6691,1410,1411
6692,1124,1125
6692,1151,1152
6692,1218,1219
6692,1232,1233
6693,1015,1016
6693,1151,1152
6693,1218,1219
6693,1271,1272
6694,1015,1016
6694,1151,1152
6694,1218,1219
6694,1235,1236
6695,1124,1125
6695,1151,1152
6695,1218,1219
6695,1271,1272
6696,1124,1125
6696,1218,1219
6696,1271,1272
6696,1410,1411
6697,1015,1016
6697,1199,1200
6697,1218,1219
6697,1271,1272
6698,929,930
6698,1218,1219
6698,1235,1236
6698,1258,1259
6699,1199,1200
6699,1218,1219
6699,1271,1272
6699,1410,1411
6700,1172,1173
6700,1199,1200
6700,1218,1219
6700,1337,1338
6701,1172,1173
6701,1218,1219
6701,1233,1234
6701,1337,1338
6702,1199,1200
6702,1218,1219
6702,1337,1338
6702,1410,1411
6703,1218,1219
6703,1233,1234
6703,1337,1338
6703,1410,1411
6704,929,930
6704,1172,1173
6704,1199,1200
6704,1218,1219
6705,929,930
6705,1172,1173
6705,1218,1219
6705,1258,1259
6706,929,930
6706,1015,1016
6706,1199,1200
6706,1218,1219
6707,929,930
6707,1015,1016
6707,1218,1219
6707,1235,1236
6708,1366,1367
6708,1430,1431
6708,1511,1512
6708,1635,1636
6709,1414,1415
6709,1430,1431
6709,1596,1597
6709,1635,1636
6710,1366,1367
6710,1430,1431
6710,1635,1636
6710,1767,1768
6711,1430,1431
6711,1596,1597
6711,1635,1636
6711,1767,1768
6712,1501,1502
6712,1596,1597
6712,1635,1636
6712,1767,1768
6713,1449,1450
6713,1501,1502
6713,1635,1636
6713,1767,1768
6714,1366,1367
6714,1449,1450
6714,1635,1636
6714,1767,1768
6715,1419,1420
6715,1511,1512
6715,1542,1543
6715,1554,1555
6716,1366,1367
6716,1407,1408
6716,1419,1420
6716,1511,1512
6717,1366,1367
6717,1419,1420
6717,1511,1512
6717,1635,1636
6718,1419,1420
6718,1511,1512
6718,1554,1555
6718,1635,1636
6719,1357,1358
6719,1366,1367
6719,1407,1408
6719,1419,1420
6720,1310,1311
6720,1407,1408
6720,1419,1420
6720,1511,1512
6721,1219,1220
6721,1357,1358
6721,1407,1408
6721,1419,1420
6722,1219,1220
6722,1310,1311
6722,1419,1420
6722,1542,1543
6723,1219,1220
6723,1310,1311
6723,1407,1408
6723,1419,1420
6724,1219,1220
6724,1357,1358
6724,1363,1364
6724,1419,1420
6725,1538,1539
6725,1593,1594
6725,1606,1607
6725,1701,1702
6726,1538,1539
6726,1554,1555
6726,1593,1594
6726,1606,1607
6727,1414,1415
6727,1538,1539
6727,1593,1594
6727,1701,1702
6728,1369,1370
6728,1535,1536
6728,1538,1539
6728,1606,1607
6729,1369,1370
6729,1535,1536
6729,1538,1539
6729,1701,1702
6730,1369,1370
6730,1538,1539
6730,1606,1607
6730,1701,1702
6731,1535,1536
6731,1538,1539
6731,1542,1543
6731,1606,1607
6732,1538,1539
6732,1542,1543
6732,1554,1555
6732,1606,1607
6733,1511,1512
6733,1535,1536
6733,1538,1539
6733,1542,1543
6734,1511,1512
6734,1538,1539
6734,1542,1543
6734,1554,1555
6735,1414,1415
6735,1531,1532
6735,1538,1539
6735,1701,1702
6736,1531,1532
6736,1535,1536
6736,1538,1539
6736,1701,1702
6737,1511,1512
6737,1538,1539
6737,1554,1555
6737,1635,1636
6738,1430,1431
6738,1511,1512
6738,1538,1539
6738,1635,1636
6739,1414,1415
6739,1430,1431
6739,1531,1532
6739,1538,1539
6740,1414,1415
6740,1430,1431
6740,1538,1539
6740,1635,1636
6741,1511,1512
6741,1533,1534
6741,1535,1536
6741,1538,1539
6742,1430,1431
6742,1511,1512
6742,1533,1534
6742,1538,1539
6743,1531,1532
6743,1533,1534
6743,1535,1536
6743,1538,1539
6744,1430,1431
6744,1531,1532
6744,1533,1534
6744,1538,1539
6745,1187,1188
6745,1228,1229
6745,1372,1373
6745,1459,1460
6746,1228,1229
6746,1268,1269
6746,1372,1373
6746,1459,1460
6747,1187,1188
6747,1228,1229
6747,1459,1460
6747,1465,1466
6748,1228,1229
6748,1268,1269
6748,1459,1460
6748,1465,1466
6749,1191,1192
6749,1228,1229
6749,1334,1335
6749,1372,1373
6750,1187,1188
6750,1228,1229
6750,1334,1335
6750,1372,1373
6751,1191,1192
6751,1228,1229
6751,1372,1373
6751,1553,1554
6752,1228,1229
6752,1268,1269
6752,1372,1373
6752,1553,1554
6753,1228,1229
6753,1268,1269
6753,1342,1343
6753,1465,1466
6754,1228,1229
6754,1268,1269
6754,1342,1343
6754,1553,1554
6755,1191,1192
6755,1228,1229
6755,1279,1280
6755,1334,1335
6756,1187,1188
6756,1228,1229
6756,1279,1280
6756,1334,1335
6757,1228,1229
6757,1342,1343
6757,1465,1466
6757,1500,1501
6758,1228,1229
6758,1342,1343
6758,1500,1501
6758,1553,1554
6759,1191,1192
6759,1228,1229
6759,1279,1280
6759,1480,1481
6760,1187,1188
6760,1228,1229
6760,1415,1416
6760,1465,1466
6761,1187,1188
6761,1228,1229
6761,1279,1280
6761,1415,1416
6762,1228,1229
6762,1480,1481
6762,1500,1501
6762,1553,1554
6763,1191,1192
6763,1228,1229
6763,1297,1298
6763,1553,1554
6764,1191,1192
6764,1228,1229
6764,1297,1298
6764,1480,1481
6765,1228,1229
6765,1297,1298
6765,1480,1481
6765,1553,1554
6766,1228,1229
6766,1279,1280
6766,1480,1481
6766,1500,1501
6767,1228,1229
6767,1415,1416
6767,1465,1466
6767,1500,1501
6768,1228,1229
6768,1279,1280
6768,1415,1416
6768,1500,1501
6769,686,687
6769,691,692
6769,799,800
6769,1028,1029
6770,686,687
6770,691,692
6770,831,832
6770,1028,1029
6771,686,687
6771,691,692
6771,799,800
6771,849,850
6772,686,687
6772,839,840
6772,849,850
6772,855,856
6773,686,687
6773,799,800
6773,839,840
6773,849,850
6774,681,682
6774,686,687
6774,799,800
6774,1028,1029
6775,681,682
6775,686,687
6775,850,851
6775,1028,1029
6776,686,687
6776,691,692
6776,741,742
6776,831,832
6777,686,687
6777,741,742
6777,831,832
6777,849,850
6778,686,687
6778,691,692
6778,741,742
6778,849,850
6779,684,685
6779,686,687
6779,831,832
6779,849,850
6780,684,685
6780,686,687
6780,849,850
6780,855,856
6781,684,685
6781,686,687
6781,785,786
6781,831,832
6782,684,685
6782,686,687
6782,785,786
6782,855,856
6783,443,444
6783,723,724
6783,792,793
6783,848,849
6784,443,444
6784,465,466
6784,723,724
6784,848,849
6785,792,793
6785,799,800
6785,839,840
6785,848,849
6786,443,444
6786,465,466
6786,737,738
6786,848,849
6787,443,444
6787,555,556
6787,792,793
6787,848,849
6788,503,504
6788,792,793
6788,839,840
6788,848,849
6789,503,504
6789,673,674
6789,839,840
6789,848,849
6790,503,504
6790,555,556
6790,792,793
6790,848,849
6791,686,687
6791,831,832
6791,1028,1029
6791,1073,1074
6792,686,687
6792,850,851
6792,1028,1029
6792,1073,1074
6793,686,687
6793,785,786
6793,831,832
6793,1073,1074
6794,686,687
6794,785,786
6794,855,856
6794,1073,1074
6795,856,857
6795,1018,1019
6795,1078,1079
6795,1149,1150
6796,856,857
6796,906,907
6796,1046,1047
6796,1068,1069
6797,856,857
6797,906,907
6797,1068,1069
6797,1149,1150
6798,709,710
6798,856,857
6798,1046,1047
6798,1054,1055
6799,856,857
6799,1046,1047
6799,1054,1055
6799,1068,1069
6800,856,857
6800,1078,1079
6800,1149,1150
6800,1314,1315
6801,709,710
6801,856,857
6801,1054,1055
6801,1314,1315
6802,856,857
6802,1068,1069
6802,1149,1150
6802,1314,1315
6803,856,857
6803,1054,1055
6803,1068,1069
6803,1314,1315
6804,856,857
6804,963,964
6804,1078,1079
6804,1314,1315
6805,709,710
6805,856,857
6805,963,964
6805,1314,1315
6806,709,710
6806,856,857
6806,963,964
6806,1078,1079
6807,709,710
6807,741,742
6807,754,755
6807,946,947
6808,698,699
6808,729,730
6808,946,947
6808,1053,1054
6809,741,742
6809,754,755
6809,849,850
6809,946,947
6810,691,692
6810,741,742
6810,849,850
6810,946,947
6811,691,692
6811,729,730
6811,946,947
6811,1016,1017
6812,729,730
6812,946,947
6812,1016,1017
6812,1053,1054
6813,698,699
6813,729,730
6813,886,887
6813,946,947
6814,691,692
6814,729,730
6814,886,887
6814,946,947
6815,691,692
6815,849,850
6815,886,887
6815,946,947
6816,754,755
6816,849,850
6816,886,887
6816,946,947
6817,754,755
6817,795,796
6817,886,887
6817,946,947
6818,674,675
6818,754,755
6818,795,796
6818,946,947
6819,698,699
6819,795,796
6819,886,887
6819,946,947
6820,674,675
6820,698,699
6820,795,796
6820,946,947
6821,955,956
6821,988,989
6821,1035,1036
6821,1041,1042
6822,954,955
6822,1035,1036
6822,1041,1042
6822,1157,1158
6823,954,955
6823,1041,1042
6823,1157,1158
6823,1270,1271
6824,955,956
6824,1041,1042
6824,1139,1140
6824,1186,1187
6825,955,956
6825,1035,1036
6825,1041,1042
6825,1186,1187
6826,1041,1042
6826,1115,1116
6826,1139,1140
6826,1281,1282
6827,1041,1042
6827,1072,1073
6827,1115,1116
6827,1139,1140
6828,1041,1042
6828,1072,1073
6828,1115,1116
6828,1281,1282
6829,954,955
6829,1041,1042
6829,1270,1271
6829,1281,1282
6830,954,955
6830,1035,1036
6830,1041,1042
6830,1186,1187
6831,1041,1042
6831,1139,1140
6831,1186,1187
6831,1281,1282
6832,954,955
6832,1041,1042
6832,1186,1187
6832,1281,1282
6833,912,913
6833,997,998
6833,1012,1013
6833,1270,1271
6834,912,913
6834,1012,1013
6834,1181,1182
6834,1270,1271
6835,912,913
6835,963,964
6835,997,998
6835,1012,1013
6836,912,913
6836,963,964
6836,1012,1013
6836,1314,1315
6837,912,913
6837,1012,1013
6837,1181,1182
6837,1314,1315
6838,716,717
6838,872,873
6838,912,913
6838,1083,1084
6839,912,913
6839,1083,1084
6839,1181,1182
6839,1314,1315
6840,824,825
6840,831,832
6840,912,913
6840,963,964
6841,831,832
6841,912,913
6841,963,964
6841,997,998
6842,716,717
6842,824,825
6842,912,913
6842,963,964
6843,716,717
6843,824,825
6843,872,873
6843,912,913
6844,716,717
6844,912,913
6844,963,964
6844,1314,1315
6845,716,717
6845,912,913
6845,1083,1084
6845,1314,1315
6846,956,957
6846,1019,1020
6846,1026,1027
6846,1083,1084
6847,926,927
6847,1026,1027
6847,1137,1138
6847,1281,1282
6848,924,925
6848,1026,1027
6848,1137,1138
6848,1281,1282
6849,928,929
6849,1005,1006
6849,1014,1015
6849,1096,1097
6850,719,720
6850,928,929
6850,1005,1006
6850,1014,1015
6851,719,720
6851,863,864
6851,996,997
6851,1005,1006
6852,719,720
6852,964,965
6852,1005,1006
6852,1014,1015
6853,719,720
6853,964,965
6853,996,997
6853,1005,1006
6854,964,965
6854,996,997
6854,1005,1006
6854,1014,1015
6855,796,797
6855,928,929
6855,1005,1006
6855,1096,1097
6856,715,716
6856,863,864
6856,996,997
6856,1005,1006
6857,715,716
6857,850,851
6857,863,864
6857,1005,1006
6858,796,797
6858,928,929
6858,1005,1006
6858,1103,1104
6859,719,720
6859,928,929
6859,1005,1006
6859,1103,1104
6860,681,682
6860,796,797
6860,850,851
6860,1005,1006
6861,681,682
6861,850,851
6861,863,864
6861,1005,1006
6862,681,682
6862,796,797
6862,1005,1006
6862,1103,1104
6863,719,720
6863,863,864
6863,900,901
6863,1005,1006
6864,681,682
6864,863,864
6864,900,901
6864,1005,1006
6865,719,720
6865,900,901
6865,1005,1006
6865,1103,1104
6866,681,682
6866,900,901
6866,1005,1006
6866,1103,1104
6867,997,998
6867,998,999
6867,1032,1033
6867,1270,1271
6868,998,999
6868,1032,1033
6868,1096,1097
6868,1270,1271
6869,997,998
6869,998,999
6869,1028,1029
6869,1032,1033
6870,998,999
6870,1028,1029
6870,1032,1033
6870,1108,1109
6871,998,999
6871,1032,1033
6871,1096,1097
6871,1108,1109
6872,850,851
6872,1028,1029
6872,1032,1033
6872,1073,1074
6873,796,797
6873,1028,1029
6873,1032,1033
6873,1108,1109
6874,796,797
6874,1032,1033
6874,1096,1097
6874,1108,1109
6875,715,716
6875,850,851
6875,1005,1006
6875,1032,1033
6876,715,716
6876,996,997
6876,1005,1006
6876,1032,1033
6877,831,832
6877,997,998
6877,1028,1029
6877,1032,1033
6878,831,832
6878,1028,1029
6878,1032,1033
6878,1073,1074
6879,831,832
6879,997,998
6879,1032,1033
6879,1073,1074
6880,715,716
6880,850,851
6880,1032,1033
6880,1073,1074
6881,796,797
6881,850,851
6881,1028,1029
6881,1032,1033
6882,796,797
6882,850,851
6882,1005,1006
6882,1032,1033
6883,796,797
6883,1005,1006
6883,1032,1033
6883,1096,1097
6884,831,832
6884,912,913
6884,997,998
6884,1065,1066
6885,824,825
6885,831,832
6885,861,862
6885,1065,1066
6886,824,825
6886,831,832
6886,912,913
6886,1065,1066
6887,872,873
6887,912,913
6887,975,976
6887,1065,1066
6888,785,786
6888,831,832
6888,861,862
6888,1065,1066
6889,824,825
6889,861,862
6889,872,873
6889,1065,1066
6890,824,825
6890,872,873
6890,912,913
6890,1065,1066
6891,942,943
6891,1108,1109
6891,1176,1177
6891,1243,1244
6892,942,943
6892,1128,1129
6892,1176,1177
6892,1243,1244
6893,942,943
6893,1108,1109
6893,1128,1129
6893,1176,1177
6894,825,826
6894,942,943
6894,979,980
6894,1108,1109
6895,942,943
6895,979,980
6895,1108,1109
6895,1243,1244
6896,942,943
6896,1108,1109
6896,1128,1129
6896,1261,1262
6897,825,826
6897,942,943
6897,962,963
6897,979,980
6898,942,943
6898,962,963
6898,979,980
6898,1243,1244
6899,942,943
6899,966,967
6899,1128,1129
6899,1261,1262
6900,942,943
6900,966,967
6900,1128,1129
6900,1243,1244
6901,825,826
6901,902,903
6901,942,943
6901,1108,1109
6902,902,903
6902,942,943
6902,1108,1109
6902,1261,1262
6903,825,826
6903,942,943
6903,962,963
6903,1039,1040
6904,902,903
6904,942,943
6904,1009,1010
6904,1261,1262
6905,942,943
6905,966,967
6905,1009,1010
6905,1261,1262
6906,825,826
6906,902,903
6906,942,943
6906,1039,1040
6907,902,903
6907,942,943
6907,1009,1010
6907,1039,1040
6908,942,943
6908,947,948
6908,966,967
6908,1243,1244
6909,942,943
6909,947,948
6909,966,967
6909,1009,1010
6910,942,943
6910,962,963
6910,967,968
6910,1039,1040
6911,942,943
6911,967,968
6911,1009,1010
6911,1039,1040
6912,942,943
6912,947,948
6912,967,968
6912,1009,1010
6913,942,943
6913,962,963
6913,967,968
6913,1144,1145
6914,942,943
6914,962,963
6914,1144,1145
6914,1243,1244
6915,942,943
6915,947,948
6915,967,968
6915,1144,1145
6916,942,943
6916,947,948
6916,1144,1145
6916,1243,1244
6917,271,272
6917,395,396
6917,627,628
6917,630,631
6918,213,214
6918,233,234
6918,363,364
6918,627,628
6919,213,214
6919,353,354
6919,363,364
6919,627,628
6920,271,272
6920,395,396
6920,451,452
6920,627,628
6921,271,272
6921,353,354
6921,484,485
6921,627,628
6922,213,214
6922,353,354
6922,484,485
6922,627,628
6923,233,234
6923,395,396
6923,581,582
6923,627,628
6924,395,396
6924,451,452
6924,581,582
6924,627,628
6925,213,214
6925,233,234
6925,581,582
6925,627,628
6926,213,214
6926,451,452
6926,581,582
6926,627,628
6927,271,272
6927,451,452
6927,484,485
6927,627,628
6928,213,214
6928,451,452
6928,484,485
6928,627,628
6929,271,272
6929,309,310
6929,589,590
6929,603,604
6930,467,468
6930,557,558
6930,589,590
6930,630,631
6931,271,272
6931,557,558
6931,589,590
6931,630,631
6932,309,310
6932,467,468
6932,589,590
6932,636,637
6933,309,310
6933,589,590
6933,603,604
6933,636,637
6934,467,468
6934,589,590
6934,636,637
6934,756,757
6935,467,468
6935,589,590
6935,630,631
6935,756,757
6936,309,310
6936,467,468
6936,557,558
6936,589,590
6937,271,272
6937,309,310
6937,557,558
6937,589,590
6938,959,960
6938,995,996
6938,1100,1101
6938,1208,1209
6939,763,764
6939,959,960
6939,995,996
6939,1100,1101
6940,727,728
6940,763,764
6940,1029,1030
6940,1100,1101
6941,763,764
6941,919,920
6941,1029,1030
6941,1100,1101
6942,727,728
6942,919,920
6942,1029,1030
6942,1100,1101
6943,925,926
6943,1085,1086
6943,1100,1101
6943,1153,1154
6944,925,926
6944,995,996
6944,1100,1101
6944,1208,1209
6945,925,926
6945,1100,1101
6945,1153,1154
6945,1208,1209
6946,978,979
6946,1042,1043
6946,1299,1300
6946,1328,1329
6947,1042,1043
6947,1153,1154
6947,1299,1300
6947,1328,1329
6948,978,979
6948,1042,1043
6948,1208,1209
6948,1328,1329
6949,1042,1043
6949,1153,1154
6949,1208,1209
6949,1328,1329
6950,978,979
6950,1006,1007
6950,1042,1043
6950,1299,1300
6951,1042,1043
6951,1100,1101
6951,1153,1154
6951,1208,1209
6952,959,960
6952,1042,1043
6952,1100,1101
6952,1208,1209
6953,959,960
6953,1042,1043
6953,1208,1209
6953,1274,1275
6954,978,979
6954,1042,1043
6954,1208,1209
6954,1274,1275
6955,978,979
6955,1006,1007
6955,1042,1043
6955,1318,1319
6956,919,920
6956,1006,1007
6956,1042,1043
6956,1318,1319
6957,978,979
6957,1042,1043
6957,1274,1275
6957,1318,1319
6958,919,920
6958,1042,1043
6958,1274,1275
6958,1318,1319
6959,959,960
6959,1029,1030
6959,1042,1043
6959,1274,1275
6960,919,920
6960,1029,1030
6960,1042,1043
6960,1274,1275
6961,763,764
6961,959,960
6961,1042,1043
6961,1100,1101
6962,763,764
6962,919,920
6962,1042,1043
6962,1100,1101
6963,763,764
6963,959,960
6963,1029,1030
6963,1042,1043
6964,763,764
6964,919,920
6964,1029,1030
6964,1042,1043
6965,910,911
6965,1054,1055
6965,1059,1060
6965,1107,1108
6966,910,911
6966,1054,1055
6966,1068,1069
6966,1107,1108
6967,910,911
6967,1054,1055
6967,1059,1060
6967,1068,1069
6968,910,911
6968,957,958
6968,1059,1060
6968,1085,1086
6969,910,911
6969,957,958
6969,1059,1060
6969,1068,1069
6970,1019,1020
6970,1026,1027
6970,1083,1084
6970,1167,1168
6971,1026,1027
6971,1083,1084
6971,1167,1168
6971,1181,1182
6972,1019,1020
6972,1083,1084
6972,1167,1168
6972,1314,1315
6973,1083,1084
6973,1167,1168
6973,1181,1182
6973,1314,1315
6974,923,924
6974,1167,1168
6974,1197,1198
6974,1242,1243
6975,923,924
6975,1167,1168
6975,1242,1243
6975,1339,1340
6976,969,970
6976,1167,1168
6976,1242,1243
6976,1339,1340
6977,909,910
6977,1030,1031
6977,1169,1170
6977,1241,1242
6978,919,920
6978,1006,1007
6978,1030,1031
6978,1318,1319
6979,919,920
6979,956,957
6979,1006,1007
6979,1030,1031
6980,909,910
6980,1030,1031
6980,1169,1170
6980,1318,1319
6981,1006,1007
6981,1030,1031
6981,1169,1170
6981,1318,1319
6982,909,910
6982,1030,1031
6982,1165,1166
6982,1318,1319
6983,919,920
6983,1030,1031
6983,1165,1166
6983,1318,1319
6984,909,910
6984,958,959
6984,1030,1031
6984,1241,1242
6985,909,910
6985,958,959
6985,1030,1031
6985,1165,1166
6986,919,920
6986,956,957
6986,1030,1031
6986,1033,1034
6987,704,705
6987,724,725
6987,785,786
6987,861,862
6988,684,685
6988,704,705
6988,785,786
6988,861,862
6989,488,489
6989,534,535
6989,596,597
6989,704,705
6990,534,535
6990,544,545
6990,596,597
6990,704,705
6991,488,489
6991,528,529
6991,599,600
6991,704,705
6992,528,529
6992,599,600
6992,704,705
6992,724,725
6993,684,685
6993,704,705
6993,785,786
6993,855,856
6994,599,600
6994,704,705
6994,785,786
6994,855,856
6995,544,545
6995,596,597
6995,684,685
6995,704,705
6996,488,489
6996,596,597
6996,599,600
6996,704,705
6997,596,597
6997,684,685
6997,704,705
6997,855,856
6998,596,597
6998,599,600
6998,704,705
6998,855,856
6999,684,685
6999,733,734
6999,861,862
6999,930,931
7000,544,545
7000,684,685
7000,733,734
7000,930,931
7001,684,685
7001,704,705
7001,733,734
7001,861,862
7002,544,545
7002,684,685
7002,704,705
7002,733,734
7003,535,536
7003,544,545
7003,733,734
7003,930,931
7004,535,536
7004,733,734
7004,887,888
7004,930,931
7005,704,705
7005,724,725
7005,733,734
7005,861,862
7006,733,734
7006,861,862
7006,930,931
7006,1051,1052
7007,733,734
7007,887,888
7007,930,931
7007,1051,1052
7008,733,734
7008,868,869
7008,880,881
7008,887,888
7009,535,536
7009,733,734
7009,868,869
7009,887,888
7010,705,706
7010,733,734
7010,868,869
7010,880,881
7011,535,536
7011,705,706
7011,733,734
7011,868,869
7012,794,795
7012,891,892
7012,953,954
7012,1044,1045
7013,794,795
7013,922,923
7013,953,954
7013,1044,1045
7014,794,795
7014,891,892
7014,953,954
7014,994,995
7015,794,795
7015,891,892
7015,906,907
7015,1044,1045
7016,794,795
7016,906,907
7016,922,923
7016,1044,1045
7017,794,795
7017,953,954
7017,982,983
7017,994,995
7018,794,795
7018,922,923
7018,953,954
7018,982,983
7019,794,795
7019,906,907
7019,922,923
7019,1149,1150
7020,794,795
7020,856,857
7020,906,907
7020,1149,1150
7021,794,795
7021,922,923
7021,982,983
7021,1149,1150
7022,794,795
7022,891,892
7022,906,907
7022,1046,1047
7023,794,795
7023,856,857
7023,906,907
7023,1046,1047
7024,794,795
7024,913,914
7024,982,983
7024,994,995
7025,794,795
7025,913,914
7025,982,983
7025,1018,1019
7026,794,795
7026,982,983
7026,1018,1019
7026,1149,1150
7027,794,795
7027,856,857
7027,1018,1019
7027,1149,1150
7028,794,795
7028,891,892
7028,1046,1047
7028,1055,1056
7029,794,795
7029,891,892
7029,994,995
7029,1055,1056
7030,794,795
7030,913,914
7030,994,995
7030,1055,1056
7031,797,798
7031,826,827
7031,905,906
7031,936,937
7032,797,798
7032,897,898
7032,905,906
7032,936,937
7033,232,233
7033,296,297
7033,346,347
7033,355,356
7034,232,233
7034,235,236
7034,296,297
7034,355,356
7035,123,124
7035,232,233
7035,235,236
7035,296,297
7036,42,43
7036,123,124
7036,232,233
7036,296,297
7037,42,43
7037,232,233
7037,296,297
7037,346,347
7038,200,201
7038,232,233
7038,235,236
7038,355,356
7039,200,201
7039,232,233
7039,235,236
7039,371,372
7040,123,124
7040,232,233
7040,235,236
7040,350,351
7041,232,233
7041,235,236
7041,350,351
7041,371,372
7042,232,233
7042,338,339
7042,371,372
7042,640,641
7043,232,233
7043,338,339
7043,350,351
7043,371,372
7044,232,233
7044,338,339
7044,350,351
7044,381,382
7045,42,43
7045,123,124
7045,232,233
7045,396,397
7046,200,201
7046,232,233
7046,355,356
7046,640,641
7047,200,201
7047,232,233
7047,371,372
7047,640,641
7048,123,124
7048,232,233
7048,350,351
7048,396,397
7049,232,233
7049,350,351
7049,381,382
7049,396,397
7050,134,135
7050,207,208
7050,381,382
7050,396,397
7051,48,49
7051,207,208
7051,211,212
7051,396,397
7052,207,208
7052,211,212
7052,381,382
7052,396,397
7053,93,94
7053,134,135
7053,207,208
7053,381,382
7054,25,26
7054,48,49
7054,207,208
7054,211,212
7055,25,26
7055,207,208
7055,211,212
7055,381,382
7056,4,5
7056,48,49
7056,107,108
7056,207,208
7057,48,49
7057,107,108
7057,207,208
7057,396,397
7058,4,5
7058,48,49
7058,177,178
7058,207,208
7059,4,5
7059,93,94
7059,177,178
7059,207,208
7060,4,5
7060,8,9
7060,93,94
7060,207,208
7061,8,9
7061,93,94
7061,134,135
7061,207,208
7062,4,5
7062,8,9
7062,107,108
7062,207,208
7063,134,135
7063,207,208
7063,219,220
7063,396,397
7064,107,108
7064,207,208
7064,219,220
7064,396,397
7065,25,26
7065,48,49
7065,177,178
7065,207,208
7066,25,26
7066,93,94
7066,177,178
7066,207,208
7067,25,26
7067,148,149
7067,207,208
7067,381,382
7068,25,26
7068,93,94
7068,148,149
7068,207,208
7069,93,94
7069,148,149
7069,207,208
7069,381,382
7070,8,9
7070,134,135
7070,207,208
7070,219,220
7071,8,9
7071,107,108
7071,207,208
7071,219,220
7072,115,116
7072,134,135
7072,219,220
7072,396,397
7073,115,116
7073,134,135
7073,305,306
7073,391,392
7074,115,116
7074,134,135
7074,219,220
7074,391,392
7075,42,43
7075,58,59
7075,115,116
7075,396,397
7076,58,59
7076,115,116
7076,219,220
7076,396,397
7077,97,98
7077,115,116
7077,301,302
7077,346,347
7078,115,116
7078,301,302
7078,305,306
7078,346,347
7079,42,43
7079,58,59
7079,97,98
7079,115,116
7080,42,43
7080,97,98
7080,115,116
7080,346,347
7081,60,61
7081,148,149
7081,374,375
7081,381,382
7082,60,61
7082,134,135
7082,148,149
7082,381,382
7083,60,61
7083,149,150
7083,374,375
7083,418,419
7084,60,61
7084,148,149
7084,149,150
7084,374,375
7085,60,61
7085,338,339
7085,374,375
7085,418,419
7086,60,61
7086,338,339
7086,374,375
7086,381,382
7087,10,11
7087,60,61
7087,148,149
7087,149,150
7088,10,11
7088,60,61
7088,134,135
7088,148,149
7089,60,61
7089,338,339
7089,418,419
7089,640,641
7090,60,61
7090,281,282
7090,418,419
7090,640,641
7091,504,505
7091,545,546
7091,672,673
7091,737,738
7092,439,440
7092,467,468
7092,504,505
7092,756,757
7093,439,440
7093,504,505
7093,756,757
7093,784,785
7094,439,440
7094,504,505
7094,784,785
7094,852,853
7095,504,505
7095,737,738
7095,784,785
7095,852,853
7096,439,440
7096,504,505
7096,737,738
7096,852,853
7097,454,455
7097,467,468
7097,504,505
7097,756,757
7098,454,455
7098,504,505
7098,756,757
7098,784,785
7099,454,455
7099,504,505
7099,568,569
7099,784,785
7100,504,505
7100,568,569
7100,672,673
7100,737,738
7101,504,505
7101,545,546
7101,654,655
7101,672,673
7102,454,455
7102,467,468
7102,504,505
7102,654,655
7103,467,468
7103,504,505
7103,545,546
7103,654,655
7104,504,505
7104,568,569
7104,784,785
7104,821,822
7105,504,505
7105,568,569
7105,737,738
7105,821,822
7106,504,505
7106,737,738
7106,784,785
7106,821,822
7107,504,505
7107,568,569
7107,672,673
7107,697,698
7108,454,455
7108,504,505
7108,568,569
7108,697,698
7109,504,505
7109,654,655
7109,672,673
7109,697,698
7110,454,455
7110,504,505
7110,654,655
7110,697,698
7111,511,512
7111,563,564
7111,613,614
7111,635,636
7112,511,512
7112,613,614
7112,635,636
7112,860,861
7113,511,512
7113,613,614
7113,658,659
7113,860,861
7114,511,512
7114,613,614
7114,622,623
7114,658,659
7115,511,512
7115,563,564
7115,623,624
7115,635,636
7116,511,512
7116,623,624
7116,635,636
7116,860,861
7117,242,243
7117,511,512
7117,563,564
7117,623,624
7118,511,512
7118,622,623
7118,628,629
7118,658,659
7119,242,243
7119,316,317
7119,511,512
7119,623,624
7120,436,437
7120,440,441
7120,517,518
7120,518,519
7121,436,437
7121,440,441
7121,518,519
7121,563,564
7122,452,453
7122,517,518
7122,518,519
7122,622,623
7123,517,518
7123,518,519
7123,622,623
7123,628,629
7124,440,441
7124,452,453
7124,491,492
7124,518,519
7125,440,441
7125,491,492
7125,517,518
7125,518,519
7126,452,453
7126,491,492
7126,517,518
7126,518,519
7127,242,243
7127,436,437
7127,518,519
7127,563,564
7128,242,243
7128,511,512
7128,518,519
7128,563,564
7129,511,512
7129,518,519
7129,563,564
7129,613,614
7130,511,512
7130,518,519
7130,613,614
7130,622,623
7131,440,441
7131,480,481
7131,518,519
7131,563,564
7132,440,441
7132,452,453
7132,480,481
7132,518,519
7133,452,453
7133,480,481
7133,518,519
7133,622,623
7134,230,231
7134,436,437
7134,517,518
7134,518,519
7135,230,231
7135,242,243
7135,436,437
7135,518,519
7136,480,481
7136,518,519
7136,563,564
7136,613,614
7137,480,481
7137,518,519
7137,613,614
7137,622,623
7138,214,215
7138,297,298
7138,346,347
7138,355,356
7139,289,290
7139,297,298
7139,346,347
7139,355,356
7140,214,215
7140,297,298
7140,355,356
7140,472,473
7141,214,215
7141,297,298
7141,472,473
7141,653,654
7142,289,290
7142,297,298
7142,355,356
7142,472,473
7143,289,290
7143,297,298
7143,472,473
7143,653,654
7144,195,196
7144,297,298
7144,301,302
7144,346,347
7145,195,196
7145,289,290
7145,297,298
7145,346,347
7146,222,223
7146,297,298
7146,301,302
7146,435,436
7147,214,215
7147,297,298
7147,493,494
7147,653,654
7148,222,223
7148,297,298
7148,301,302
7148,305,306
7149,297,298
7149,301,302
7149,305,306
7149,346,347
7150,214,215
7150,222,223
7150,297,298
7150,305,306
7151,214,215
7151,297,298
7151,305,306
7151,346,347
7152,297,298
7152,301,302
7152,435,436
7152,597,598
7153,289,290
7153,297,298
7153,597,598
7153,653,654
7154,195,196
7154,297,298
7154,301,302
7154,597,598
7155,214,215
7155,222,223
7155,297,298
7155,493,494
7156,222,223
7156,297,298
7156,435,436
7156,493,494
7157,297,298
7157,435,436
7157,493,494
7157,597,598
7158,297,298
7158,493,494
7158,597,598
7158,653,654
7159,195,196
7159,297,298
7159,597,598
7159,638,639
7160,289,290
7160,297,298
7160,597,598
7160,638,639
7161,195,196
7161,289,290
7161,297,298
7161,638,639
7162,289,290
7162,306,307
7162,487,488
7162,638,639
7163,230,231
7163,289,290
7163,487,488
7163,638,639
7164,230,231
7164,262,263
7164,487,488
7164,638,639
7165,43,44
7165,306,307
7165,487,488
7165,638,639
7166,43,44
7166,262,263
7166,487,488
7166,638,639
7167,230,231
7167,262,263
7167,436,437
7167,487,488
7168,230,231
7168,242,243
7168,436,437
7168,487,488
7169,235,236
7169,296,297
7169,386,387
7169,472,473
7170,289,290
7170,296,297
7170,386,387
7170,472,473
7171,289,290
7171,316,317
7171,386,387
7171,472,473
7172,289,290
7172,296,297
7172,306,307
7172,386,387
7173,235,236
7173,265,266
7173,386,387
7173,472,473
7174,265,266
7174,316,317
7174,386,387
7174,472,473
7175,144,145
7175,296,297
7175,306,307
7175,386,387
7176,289,290
7176,306,307
7176,386,387
7176,487,488
7177,289,290
7177,316,317
7177,386,387
7177,487,488
7178,123,124
7178,235,236
7178,296,297
7178,386,387
7179,123,124
7179,144,145
7179,296,297
7179,386,387
7180,722,723
7180,745,746
7180,832,833
7180,885,886
7181,688,689
7181,722,723
7181,740,741
7181,745,746
7182,722,723
7182,740,741
7182,745,746
7182,758,759
7183,619,620
7183,722,723
7183,745,746
7183,832,833
7184,619,620
7184,722,723
7184,745,746
7184,758,759
7185,722,723
7185,740,741
7185,758,759
7185,890,891
7186,720,721
7186,722,723
7186,758,759
7186,890,891
7187,720,721
7187,722,723
7187,758,759
7187,789,790
7188,619,620
7188,722,723
7188,789,790
7188,832,833
7189,619,620
7189,722,723
7189,758,759
7189,789,790
7190,722,723
7190,732,733
7190,740,741
7190,890,891
7191,720,721
7191,722,723
7191,732,733
7191,890,891
7192,722,723
7192,789,790
7192,832,833
7192,903,904
7193,720,721
7193,722,723
7193,789,790
7193,903,904
7194,720,721
7194,722,723
7194,900,901
7194,903,904
7195,720,721
7195,722,723
7195,732,733
7195,900,901
7196,599,600
7196,624,625
7196,782,783
7196,840,841
7197,528,529
7197,599,600
7197,624,625
7197,840,841
7198,528,529
7198,599,600
7198,693,694
7198,840,841
7199,599,600
7199,782,783
7199,836,837
7199,840,841
7200,599,600
7200,693,694
7200,836,837
7200,840,841
7201,607,608
7201,782,783
7201,836,837
7201,840,841
7202,644,645
7202,693,694
7202,836,837
7202,840,841
7203,471,472
7203,528,529
7203,624,625
7203,840,841
7204,471,472
7204,528,529
7204,693,694
7204,840,841
7205,453,454
7205,624,625
7205,782,783
7205,840,841
7206,453,454
7206,607,608
7206,782,783
7206,840,841
7207,607,608
7207,644,645
7207,836,837
7207,840,841
7208,471,472
7208,477,478
7208,624,625
7208,840,841
7209,453,454
7209,607,608
7209,775,776
7209,840,841
7210,600,601
7210,607,608
7210,644,645
7210,840,841
7211,477,478
7211,699,700
7211,775,776
7211,840,841
7212,453,454
7212,699,700
7212,775,776
7212,840,841
7213,477,478
7213,624,625
7213,699,700
7213,840,841
7214,453,454
7214,624,625
7214,699,700
7214,840,841
7215,477,478
7215,600,601
7215,775,776
7215,840,841
7216,600,601
7216,607,608
7216,775,776
7216,840,841
7217,700,701
7217,724,725
7217,736,737
7217,880,881
7218,700,701
7218,724,725
7218,736,737
7218,927,928
7219,700,701
7219,736,737
7219,880,881
7219,968,969
7220,700,701
7220,724,725
7220,733,734
7220,880,881
7221,700,701
7221,736,737
7221,780,781
7221,927,928
7222,700,701
7222,736,737
7222,780,781
7222,968,969
7223,700,701
7223,880,881
7223,887,888
7223,968,969
7224,700,701
7224,887,888
7224,968,969
7224,1051,1052
7225,700,701
7225,733,734
7225,880,881
7225,887,888
7226,700,701
7226,733,734
7226,887,888
7226,1051,1052
7227,700,701
7227,724,725
7227,733,734
7227,861,862
7228,700,701
7228,733,734
7228,861,862
7228,1051,1052
7229,700,701
7229,708,709
7229,968,969
7229,1051,1052
7230,700,701
7230,708,709
7230,780,781
7230,968,969
7231,599,600
7231,701,702
7231,728,729
7231,782,783
7232,599,600
7232,701,702
7232,728,729
7232,785,786
7233,599,600
7233,701,702
7233,704,705
7233,724,725
7234,701,702
7234,704,705
7234,724,725
7234,785,786
7235,599,600
7235,701,702
7235,704,705
7235,785,786
7236,701,702
7236,724,725
7236,844,845
7236,927,928
7237,528,529
7237,599,600
7237,701,702
7237,782,783
7238,528,529
7238,701,702
7238,724,725
7238,844,845
7239,528,529
7239,599,600
7239,701,702
7239,724,725
7240,701,702
7240,724,725
7240,785,786
7240,861,862
7241,528,529
7241,624,625
7241,701,702
7241,782,783
7242,528,529
7242,624,625
7242,701,702
7242,844,845
7243,624,625
7243,701,702
7243,782,783
7243,844,845
7244,701,702
7244,728,729
7244,753,754
7244,782,783
7245,700,701
7245,701,702
7245,861,862
7245,927,928
7246,700,701
7246,701,702
7246,724,725
7246,861,862
7247,700,701
7247,701,702
7247,724,725
7247,927,928
7248,701,702
7248,753,754
7248,755,756
7248,927,928
7249,701,702
7249,753,754
7249,755,756
7249,844,845
7250,701,702
7250,755,756
7250,844,845
7250,927,928
7251,701,702
7251,753,754
7251,782,783
7251,892,893
7252,701,702
7252,753,754
7252,844,845
7252,892,893
7253,701,702
7253,782,783
7253,844,845
7253,892,893
7254,479,480
7254,644,645
7254,673,674
7254,888,889
7255,443,444
7255,479,480
7255,545,546
7255,737,738
7256,443,444
7256,479,480
7256,737,738
7256,848,849
7257,479,480
7257,673,674
7257,845,846
7257,888,889
7258,443,444
7258,479,480
7258,545,546
7258,650,651
7259,479,480
7259,650,651
7259,845,846
7259,888,889
7260,479,480
7260,545,546
7260,650,651
7260,888,889
7261,479,480
7261,503,504
7261,555,556
7261,845,846
7262,479,480
7262,503,504
7262,673,674
7262,845,846
7263,479,480
7263,503,504
7263,555,556
7263,848,849
7264,479,480
7264,503,504
7264,673,674
7264,848,849
7265,443,444
7265,479,480
7265,555,556
7265,848,849
7266,479,480
7266,555,556
7266,650,651
7266,845,846
7267,443,444
7267,479,480
7267,555,556
7267,650,651
7268,81,82
7268,244,245
7268,268,269
7268,283,284
7269,81,82
7269,117,118
7269,244,245
7269,283,284
7270,44,45
7270,81,82
7270,136,137
7270,244,245
7271,81,82
7271,99,100
7271,121,122
7271,310,311
7272,44,45
7272,81,82
7272,99,100
7272,117,118
7273,44,45
7273,81,82
7273,117,118
7273,244,245
7274,44,45
7274,81,82
7274,109,110
7274,136,137
7275,81,82
7275,109,110
7275,121,122
7275,136,137
7276,81,82
7276,117,118
7276,126,127
7276,283,284
7277,81,82
7277,99,100
7277,117,118
7277,126,127
7278,81,82
7278,99,100
7278,126,127
7278,310,311
7279,44,45
7279,81,82
7279,99,100
7279,109,110
7280,81,82
7280,99,100
7280,109,110
7280,121,122
7281,81,82
7281,126,127
7281,146,147
7281,283,284
7282,81,82
7282,126,127
7282,146,147
7282,310,311
7283,1623,1624
7283,1625,1626
7283,1718,1719
7283,1777,1778
7284,1579,1580
7284,1623,1624
7284,1625,1626
7284,1670,1671
7285,1623,1624
7285,1625,1626
7285,1670,1671
7285,1718,1719
7286,1443,1444
7286,1623,1624
7286,1629,1630
7286,1718,1719
7287,1443,1444
7287,1623,1624
7287,1629,1630
7287,1752,1753
7288,1443,1444
7288,1482,1483
7288,1623,1624
7288,1752,1753
7289,1623,1624
7289,1629,1630
7289,1664,1665
7289,1670,1671
7290,1579,1580
7290,1623,1624
7290,1664,1665
7290,1670,1671
7291,1623,1624
7291,1629,1630
7291,1664,1665
7291,1752,1753
7292,1579,1580
7292,1623,1624
7292,1664,1665
7292,1761,1762
7293,1623,1624
7293,1664,1665
7293,1752,1753
7293,1761,1762
7294,1482,1483
7294,1623,1624
7294,1752,1753
7294,1761,1762
7295,1367,1368
7295,1411,1412
7295,1561,1562
7295,1777,1778
7296,1460,1461
7296,1482,1483
7296,1561,1562
7296,1570,1571
7297,1460,1461
7297,1482,1483
7297,1561,1562
7297,1770,1771
7298,1443,1444
7298,1561,1562
7298,1572,1573
7298,1777,1778
7299,1411,1412
7299,1561,1562
7299,1572,1573
7299,1777,1778
7300,1411,1412
7300,1443,1444
7300,1561,1562
7300,1572,1573
7301,1443,1444
7301,1482,1483
7301,1561,1562
7301,1770,1771
7302,1381,1382
7302,1411,1412
7302,1443,1444
7302,1561,1562
7303,1367,1368
7303,1411,1412
7303,1560,1561
7303,1561,1562
7304,1170,1171
7304,1344,1345
7304,1364,1365
7304,1381,1382
7305,1319,1320
7305,1344,1345
7305,1364,1365
7305,1387,1388
7306,1364,1365
7306,1387,1388
7306,1418,1419
7306,1539,1540
7307,1170,1171
7307,1266,1267
7307,1344,1345
7307,1364,1365
7308,1170,1171
7308,1266,1267
7308,1364,1365
7308,1502,1503
7309,1135,1136
7309,1344,1345
7309,1387,1388
7309,1393,1394
7310,1135,1136
7310,1344,1345
7310,1393,1394
7310,1473,1474
7311,1135,1136
7311,1341,1342
7311,1393,1394
7311,1473,1474
7312,1135,1136
7312,1344,1345
7312,1364,1365
7312,1387,1388
7313,1135,1136
7313,1309,1310
7313,1341,1342
7313,1393,1394
7314,1135,1136
7314,1309,1310
7314,1387,1388
7314,1393,1394
7315,1135,1136
7315,1364,1365
7315,1387,1388
7315,1418,1419
7316,1135,1136
7316,1344,1345
7316,1381,1382
7316,1473,1474
7317,1135,1136
7317,1344,1345
7317,1364,1365
7317,1381,1382
7318,1135,1136
7318,1309,1310
7318,1341,1342
7318,1532,1533
7319,1135,1136
7319,1309,1310
7319,1387,1388
7319,1532,1533
7320,1135,1136
7320,1387,1388
7320,1418,1419
7320,1532,1533
7321,1135,1136
7321,1341,1342
7321,1400,1401
7321,1532,1533
7322,1135,1136
7322,1276,1277
7322,1341,1342
7322,1400,1401
7323,1135,1136
7323,1276,1277
7323,1341,1342
7323,1473,1474
7324,1135,1136
7324,1276,1277
7324,1400,1401
7324,1473,1474
7325,1135,1136
7325,1400,1401
7325,1522,1523
7325,1532,1533
7326,1135,1136
7326,1418,1419
7326,1522,1523
7326,1532,1533
7327,984,985
7327,1033,1034
7327,1051,1052
7327,1064,1065
7328,708,709
7328,984,985
7328,1033,1034
7328,1051,1052
7329,708,709
7329,968,969
7329,984,985
7329,1051,1052
7330,887,888
7330,968,969
7330,984,985
7330,1051,1052
7331,887,888
7331,984,985
7331,1051,1052
7331,1064,1065
7332,727,728
7332,806,807
7332,984,985
7332,1064,1065
7333,806,807
7333,887,888
7333,984,985
7333,1064,1065
7334,284,285
7334,326,327
7334,414,415
7334,648,649
7335,317,318
7335,326,327
7335,414,415
7335,648,649
7336,284,285
7336,317,318
7336,326,327
7336,648,649
7337,317,318
7337,326,327
7337,410,411
7337,414,415
7338,317,318
7338,326,327
7338,410,411
7338,592,593
7339,326,327
7339,410,411
7339,414,415
7339,417,418
7340,326,327
7340,410,411
7340,417,418
7340,592,593
7341,221,222
7341,284,285
7341,317,318
7341,326,327
7342,221,222
7342,317,318
7342,326,327
7342,592,593
7343,221,222
7343,284,285
7343,326,327
7343,567,568
7344,221,222
7344,326,327
7344,567,568
7344,592,593
7345,284,285
7345,326,327
7345,403,404
7345,414,415
7346,326,327
7346,417,418
7346,501,502
7346,592,593
7347,326,327
7347,501,502
7347,567,568
7347,592,593
7348,326,327
7348,403,404
7348,414,415
7348,543,544
7349,284,285
7349,326,327
7349,403,404
7349,578,579
7350,284,285
7350,326,327
7350,567,568
7350,578,579
7351,326,327
7351,417,418
7351,501,502
7351,543,544
7352,312,313
7352,326,327
7352,414,415
7352,543,544
7353,312,313
7353,326,327
7353,417,418
7353,543,544
7354,312,313
7354,326,327
7354,414,415
7354,417,418
7355,326,327
7355,403,404
7355,543,544
7355,578,579
7356,326,327
7356,492,493
7356,501,502
7356,543,544
7357,326,327
7357,492,493
7357,501,502
7357,567,568
7358,326,327
7358,492,493
7358,543,544
7358,578,579
7359,326,327
7359,492,493
7359,567,568
7359,578,579
7360,257,258
7360,469,470
7360,552,553
7360,656,657
7361,257,258
7361,403,404
7361,469,470
7361,656,657
7362,469,470
7362,552,553
7362,570,571
7362,656,657
7363,292,293
7363,372,373
7363,403,404
7363,469,470
7364,257,258
7364,292,293
7364,403,404
7364,469,470
7365,372,373
7365,414,415
7365,469,470
7365,648,649
7366,372,373
7366,403,404
7366,414,415
7366,469,470
7367,403,404
7367,414,415
7367,469,470
7367,648,649
7368,469,470
7368,532,533
7368,552,553
7368,660,661
7369,257,258
7369,469,470
7369,552,553
7369,660,661
7370,292,293
7370,372,373
7370,469,470
7370,660,661
7371,257,258
7371,292,293
7371,469,470
7371,660,661
7372,469,470
7372,532,533
7372,552,553
7372,570,571
7373,284,285
7373,469,470
7373,570,571
7373,648,649
7374,284,285
7374,469,470
7374,570,571
7374,656,657
7375,284,285
7375,403,404
7375,469,470
7375,648,649
7376,284,285
7376,403,404
7376,469,470
7376,656,657
7377,220,221
7377,372,373
7377,469,470
7377,648,649
7378,220,221
7378,469,470
7378,532,533
7378,660,661
7379,220,221
7379,372,373
7379,469,470
7379,660,661
7380,197,198
7380,469,470
7380,532,533
7380,570,571
7381,197,198
7381,469,470
7381,570,571
7381,648,649
7382,220,221
7382,376,377
7382,469,470
7382,532,533
7383,220,221
7383,376,377
7383,469,470
7383,648,649
7384,197,198
7384,376,377
7384,469,470
7384,532,533
7385,197,198
7385,376,377
7385,469,470
7385,648,649
7386,84,85
7386,312,313
7386,432,433
7386,543,544
7387,312,313
7387,329,330
7387,432,433
7387,543,544
7388,84,85
7388,312,313
7388,329,330
7388,432,433
7389,240,241
7389,329,330
7389,432,433
7389,543,544
7390,240,241
7390,291,292
7390,329,330
7390,432,433
7391,53,54
7391,84,85
7391,329,330
7391,432,433
7392,53,54
7392,291,292
7392,329,330
7392,432,433
7393,84,85
7393,218,219
7393,432,433
7393,444,445
7394,432,433
7394,492,493
7394,543,544
7394,618,619
7395,240,241
7395,432,433
7395,492,493
7395,543,544
7396,299,300
7396,319,320
7396,432,433
7396,618,619
7397,240,241
7397,291,292
7397,299,300
7397,432,433
7398,291,292
7398,299,300
7398,319,320
7398,432,433
7399,53,54
7399,84,85
7399,218,219
7399,432,433
7400,432,433
7400,444,445
7400,543,544
7400,639,640
7401,84,85
7401,432,433
7401,543,544
7401,639,640
7402,84,85
7402,432,433
7402,444,445
7402,639,640
7403,218,219
7403,226,227
7403,319,320
7403,432,433
7404,226,227
7404,319,320
7404,432,433
7404,618,619
7405,53,54
7405,291,292
7405,319,320
7405,432,433
7406,53,54
7406,218,219
7406,319,320
7406,432,433
7407,299,300
7407,432,433
7407,492,493
7407,618,619
7408,240,241
7408,299,300
7408,432,433
7408,492,493
7409,276,277
7409,432,433
7409,444,445
7409,543,544
7410,276,277
7410,432,433
7410,543,544
7410,618,619
7411,276,277
7411,432,433
7411,444,445
7411,618,619
7412,218,219
7412,226,227
7412,432,433
7412,444,445
7413,226,227
7413,432,433
7413,444,445
7413,618,619
7414,38,39
7414,219,220
7414,391,392
7414,426,427
7415,34,35
7415,38,39
7415,73,74
7415,219,220
7416,34,35
7416,38,39
7416,219,220
7416,426,427
7417,30,31
7417,38,39
7417,391,392
7417,426,427
7418,38,39
7418,115,116
7418,219,220
7418,391,392
7419,34,35
7419,38,39
7419,73,74
7419,161,162
7420,38,39
7420,58,59
7420,73,74
7420,219,220
7421,38,39
7421,58,59
7421,115,116
7421,219,220
7422,34,35
7422,38,39
7422,184,185
7422,426,427
7423,34,35
7423,38,39
7423,161,162
7423,184,185
7424,30,31
7424,38,39
7424,184,185
7424,426,427
7425,30,31
7425,38,39
7425,305,306
7425,391,392
7426,38,39
7426,115,116
7426,305,306
7426,391,392
7427,38,39
7427,58,59
7427,73,74
7427,97,98
7428,38,39
7428,58,59
7428,97,98
7428,115,116
7429,30,31
7429,38,39
7429,210,211
7429,301,302
7430,38,39
7430,73,74
7430,97,98
7430,161,162
7431,30,31
7431,38,39
7431,184,185
7431,210,211
7432,38,39
7432,161,162
7432,184,185
7432,210,211
7433,30,31
7433,38,39
7433,301,302
7433,305,306
7434,38,39
7434,115,116
7434,301,302
7434,305,306
7435,38,39
7435,97,98
7435,115,116
7435,301,302
7436,38,39
7436,97,98
7436,210,211
7436,301,302
7437,38,39
7437,97,98
7437,161,162
7437,210,211
7438,1424,1425
7438,1495,1496
7438,1512,1513
7438,1572,1573
7439,1424,1425
7439,1488,1489
7439,1495,1496
7439,1572,1573
7440,1391,1392
7440,1424,1425
7440,1495,1496
7440,1512,1513
7441,1391,1392
7441,1424,1425
7441,1488,1489
7441,1495,1496
7442,1391,1392
7442,1424,1425
7442,1512,1513
7442,1732,1733
7443,1391,1392
7443,1424,1425
7443,1488,1489
7443,1732,1733
7444,1399,1400
7444,1424,1425
7444,1488,1489
7444,1732,1733
7445,1405,1406
7445,1424,1425
7445,1512,1513
7445,1732,1733
7446,1399,1400
7446,1424,1425
7446,1730,1731
7446,1732,1733
7447,1424,1425
7447,1452,1453
7447,1512,1513
7447,1572,1573
7448,1399,1400
7448,1424,1425
7448,1488,1489
7448,1574,1575
7449,1424,1425
7449,1488,1489
7449,1572,1573
7449,1574,1575
7450,1405,1406
7450,1424,1425
7450,1587,1588
7450,1730,1731
7451,1405,1406
7451,1424,1425
7451,1512,1513
7451,1663,1664
7452,1405,1406
7452,1424,1425
7452,1663,1664
7452,1730,1731
7453,1424,1425
7453,1452,1453
7453,1512,1513
7453,1663,1664
7454,1424,1425
7454,1452,1453
7454,1663,1664
7454,1730,1731
7455,1424,1425
7455,1452,1453
7455,1572,1573
7455,1718,1719
7456,1424,1425
7456,1452,1453
7456,1718,1719
7456,1730,1731
7457,1399,1400
7457,1424,1425
7457,1574,1575
7457,1718,1719
7458,1424,1425
7458,1572,1573
7458,1574,1575
7458,1718,1719
7459,1405,1406
7459,1424,1425
7459,1720,1721
7459,1732,1733
7460,1405,1406
7460,1424,1425
7460,1587,1588
7460,1720,1721
7461,1424,1425
7461,1720,1721
7461,1730,1731
7461,1732,1733
7462,1424,1425
7462,1587,1588
7462,1720,1721
7462,1730,1731
7463,1586,1587
7463,1622,1623
7463,1670,1671
7463,1718,1719
7464,1586,1587
7464,1622,1623
7464,1718,1719
7464,1730,1731
7465,1586,1587
7465,1622,1623
7465,1670,1671
7465,1803,1804
7466,1586,1587
7466,1622,1623
7466,1730,1731
7466,1803,1804
7467,1584,1585
7467,1586,1587
7467,1670,1671
7467,1803,1804
7468,1584,1585
7468,1586,1587
7468,1608,1609
7468,1803,1804
7469,1583,1584
7469,1586,1587
7469,1608,1609
7469,1803,1804
7470,1583,1584
7470,1586,1587
7470,1730,1731
7470,1803,1804
7471,1399,1400
7471,1583,1584
7471,1586,1587
7471,1608,1609
7472,1399,1400
7472,1583,1584
7472,1586,1587
7472,1730,1731
7473,1399,1400
7473,1424,1425
7473,1586,1587
7473,1718,1719
7474,1399,1400
7474,1424,1425
7474,1586,1587
7474,1730,1731
7475,1424,1425
7475,1586,1587
7475,1718,1719
7475,1730,1731
7476,1584,1585
7476,1586,1587
7476,1629,1630
7476,1670,1671
7477,1399,1400
7477,1574,1575
7477,1586,1587
7477,1629,1630
7478,1399,1400
7478,1574,1575
7478,1586,1587
7478,1718,1719
7479,1574,1575
7479,1586,1587
7479,1629,1630
7479,1718,1719
7480,1586,1587
7480,1623,1624
7480,1629,1630
7480,1670,1671
7481,1586,1587
7481,1623,1624
7481,1670,1671
7481,1718,1719
7482,1586,1587
7482,1623,1624
7482,1629,1630
7482,1718,1719
7483,1584,1585
7483,1586,1587
7483,1608,1609
7483,1755,1756
7484,1399,1400
7484,1586,1587
7484,1629,1630
7484,1755,1756
7485,1584,1585
7485,1586,1587
7485,1629,1630
7485,1755,1756
7486,1399,1400
7486,1586,1587
7486,1608,1609
7486,1711,1712
7487,1399,1400
7487,1586,1587
7487,1711,1712
7487,1755,1756
7488,1586,1587
7488,1608,1609
7488,1711,1712
7488,1755,1756
7489,707,708
7489,798,799
7489,806,807
7489,868,869
7490,707,708
7490,798,799
7490,868,869
7490,893,894
7491,707,708
7491,798,799
7491,879,880
7491,893,894
7492,707,708
7492,798,799
7492,879,880
7492,938,939
7493,707,708
7493,800,801
7493,879,880
7493,938,939
7494,707,708
7494,800,801
7494,894,895
7494,938,939
7495,707,708
7495,767,768
7495,800,801
7495,879,880
7496,447,448
7496,707,708
7496,800,801
7496,894,895
7497,447,448
7497,611,612
7497,707,708
7497,894,895
7498,695,696
7498,707,708
7498,767,768
7498,879,880
7499,695,696
7499,707,708
7499,767,768
7499,893,894
7500,695,696
7500,707,708
7500,879,880
7500,893,894
7501,447,448
7501,707,708
7501,767,768
7501,800,801
7502,707,708
7502,711,712
7502,868,869
7502,893,894
7503,447,448
7503,611,612
7503,707,708
7503,711,712
7504,611,612
7504,707,708
7504,711,712
7504,868,869
7505,447,448
7505,707,708
7505,711,712
7505,767,768
7506,706,707
7506,707,708
7506,711,712
7506,767,768
7507,706,707
7507,707,708
7507,767,768
7507,893,894
7508,706,707
7508,707,708
7508,711,712
7508,893,894
7509,798,799
7509,815,816
7509,851,852
7509,938,939
7510,763,764
7510,815,816
7510,851,852
7510,1040,1041
7511,798,799
7511,815,816
7511,851,852
7511,1040,1041
7512,727,728
7512,763,764
7512,851,852
7512,1029,1030
7513,727,728
7513,806,807
7513,851,852
7513,984,985
7514,727,728
7514,851,852
7514,984,985
7514,1029,1030
7515,815,816
7515,851,852
7515,938,939
7515,1076,1077
7516,763,764
7516,815,816
7516,851,852
7516,1076,1077
7517,763,764
7517,851,852
7517,1029,1030
7517,1076,1077
7518,707,708
7518,798,799
7518,851,852
7518,938,939
7519,851,852
7519,984,985
7519,1029,1030
7519,1080,1081
7520,851,852
7520,938,939
7520,1076,1077
7520,1080,1081
7521,851,852
7521,1029,1030
7521,1076,1077
7521,1080,1081
7522,909,910
7522,1136,1137
7522,1241,1242
7522,1308,1309
7523,958,959
7523,1136,1137
7523,1241,1242
7523,1308,1309
7524,909,910
7524,958,959
7524,1136,1137
7524,1241,1242
7525,909,910
7525,1136,1137
7525,1247,1248
7525,1308,1309
7526,909,910
7526,1136,1137
7526,1247,1248
7526,1311,1312
7527,909,910
7527,1097,1098
7527,1136,1137
7527,1311,1312
7528,909,910
7528,958,959
7528,1097,1098
7528,1136,1137
7529,1136,1137
7529,1204,1205
7529,1247,1248
7529,1308,1309
7530,1136,1137
7530,1204,1205
7530,1247,1248
7530,1311,1312
7531,958,959
7531,1067,1068
7531,1117,1118
7531,1136,1137
7532,958,959
7532,1067,1068
7532,1097,1098
7532,1136,1137
7533,1136,1137
7533,1204,1205
7533,1252,1253
7533,1308,1309
7534,1117,1118
7534,1136,1137
7534,1252,1253
7534,1308,1309
7535,1067,1068
7535,1117,1118
7535,1136,1137
7535,1252,1253
7536,1112,1113
7536,1117,1118
7536,1136,1137
7536,1308,1309
7537,958,959
7537,1112,1113
7537,1136,1137
7537,1308,1309
7538,958,959
7538,1112,1113
7538,1117,1118
7538,1136,1137
7539,642,643
7539,803,804
7539,823,824
7539,896,897
7540,642,643
7540,823,824
7540,896,897
7540,898,899
7541,642,643
7541,803,804
7541,896,897
7541,898,899
7542,657,658
7542,823,824
7542,896,897
7542,898,899
7543,657,658
7543,896,897
7543,898,899
7543,1031,1032
7544,803,804
7544,896,897
7544,898,899
7544,1094,1095
7545,896,897
7545,898,899
7545,1031,1032
7545,1094,1095
7546,803,804
7546,811,812
7546,823,824
7546,896,897
7547,777,778
7547,803,804
7547,896,897
7547,1094,1095
7548,777,778
7548,896,897
7548,1031,1032
7548,1094,1095
7549,803,804
7549,811,812
7549,817,818
7549,896,897
7550,777,778
7550,803,804
7550,817,818
7550,896,897
7551,605,606
7551,696,697
7551,893,894
7551,898,899
7552,605,606
7552,696,697
7552,810,811
7552,893,894
7553,696,697
7553,706,707
7553,810,811
7553,893,894
7554,657,658
7554,696,697
7554,893,894
7554,898,899
7555,657,658
7555,695,696
7555,696,697
7555,893,894
7556,695,696
7556,696,697
7556,706,707
7556,893,894
7557,657,658
7557,695,696
7557,696,697
7557,706,707
7558,605,606
7558,642,643
7558,696,697
7558,898,899
7559,468,469
7559,657,658
7559,696,697
7559,706,707
7560,642,643
7560,657,658
7560,696,697
7560,898,899
7561,468,469
7561,547,548
7561,604,605
7561,696,697
7562,468,469
7562,604,605
7562,657,658
7562,696,697
7563,547,548
7563,604,605
7563,642,643
7563,696,697
7564,547,548
7564,587,588
7564,696,697
7564,810,811
7565,587,588
7565,605,606
7565,696,697
7565,810,811
7566,547,548
7566,587,588
7566,642,643
7566,696,697
7567,587,588
7567,605,606
7567,642,643
7567,696,697
7568,547,548
7568,670,671
7568,696,697
7568,810,811
7569,468,469
7569,547,548
7569,670,671
7569,696,697
7570,670,671
7570,696,697
7570,706,707
7570,810,811
7571,468,469
7571,670,671
7571,696,697
7571,706,707
7572,604,605
7572,642,643
7572,696,697
7572,823,824
7573,604,605
7573,657,658
7573,696,697
7573,823,824
7574,642,643
7574,657,658
7574,696,697
7574,823,824
7575,762,763
7575,1000,1001
7575,1109,1110
7575,1111,1112
7576,1052,1053
7576,1111,1112
7576,1280,1281
7576,1305,1306
7577,1086,1087
7577,1111,1112
7577,1280,1281
7577,1305,1306
7578,762,763
7578,1000,1001
7578,1056,1057
7578,1111,1112
7579,1000,1001
7579,1109,1110
7579,1111,1112
7579,1201,1202
7580,1000,1001
7580,1056,1057
7580,1111,1112
7580,1305,1306
7581,1052,1053
7581,1056,1057
7581,1111,1112
7581,1305,1306
7582,762,763
7582,1052,1053
7582,1105,1106
7582,1111,1112
7583,1052,1053
7583,1056,1057
7583,1105,1106
7583,1111,1112
7584,762,763
7584,1056,1057
7584,1105,1106
7584,1111,1112
7585,1000,1001
7585,1111,1112
7585,1234,1235
7585,1305,1306
7586,1086,1087
7586,1111,1112
7586,1234,1235
7586,1305,1306
7587,1000,1001
7587,1111,1112
7587,1201,1202
7587,1234,1235
7588,1086,1087
7588,1111,1112
7588,1201,1202
7588,1234,1235
7589,762,763
7589,1000,1001
7589,1087,1088
7589,1093,1094
7590,762,763
7590,1000,1001
7590,1093,1094
7590,1109,1110
7591,980,981
7591,1000,1001
7591,1087,1088
7591,1093,1094
7592,980,981
7592,1000,1001
7592,1093,1094
7592,1109,1110
7593,762,763
7593,835,836
7593,1093,1094
7593,1109,1110
7594,762,763
7594,808,809
7594,835,836
7594,1093,1094
7595,762,763
7595,808,809
7595,1087,1088
7595,1093,1094
7596,835,836
7596,864,865
7596,1093,1094
7596,1109,1110
7597,864,865
7597,980,981
7597,1093,1094
7597,1109,1110
7598,832,833
7598,835,836
7598,864,865
7598,1093,1094
7599,863,864
7599,980,981
7599,1087,1088
7599,1093,1094
7600,832,833
7600,864,865
7600,903,904
7600,1093,1094
7601,722,723
7601,832,833
7601,903,904
7601,1093,1094
7602,864,865
7602,900,901
7602,980,981
7602,1093,1094
7603,864,865
7603,900,901
7603,903,904
7603,1093,1094
7604,863,864
7604,900,901
7604,980,981
7604,1093,1094
7605,722,723
7605,900,901
7605,903,904
7605,1093,1094
7606,732,733
7606,863,864
7606,900,901
7606,1093,1094
7607,722,723
7607,732,733
7607,900,901
7607,1093,1094
7608,694,695
7608,1050,1051
7608,1063,1064
7608,1081,1082
7609,694,695
7609,780,781
7609,905,906
7609,1050,1051
7610,694,695
7610,826,827
7610,1050,1051
7610,1081,1082
7611,826,827
7611,936,937
7611,1050,1051
7611,1081,1082
7612,826,827
7612,905,906
7612,936,937
7612,1050,1051
7613,694,695
7613,826,827
7613,1050,1051
7613,1061,1062
7614,826,827
7614,905,906
7614,1050,1051
7614,1061,1062
7615,694,695
7615,905,906
7615,1050,1051
7615,1061,1062
7616,755,756
7616,779,780
7616,780,781
7616,873,874
7617,779,780
7617,780,781
7617,873,874
7617,905,906
7618,779,780
7618,780,781
7618,905,906
7618,1050,1051
7619,779,780
7619,873,874
7619,897,898
7619,905,906
7620,779,780
7620,873,874
7620,897,898
7620,1025,1026
7621,779,780
7621,905,906
7621,936,937
7621,1050,1051
7622,779,780
7622,897,898
7622,905,906
7622,936,937
7623,779,780
7623,897,898
7623,936,937
7623,1025,1026
7624,734,735
7624,753,754
7624,867,868
7624,927,928
7625,753,754
7625,755,756
7625,867,868
7625,927,928
7626,755,756
7626,780,781
7626,867,868
7626,927,928
7627,755,756
7627,779,780
7627,780,781
7627,867,868
7628,952,953
7628,955,956
7628,1235,1236
7628,1331,1332
7629,952,953
7629,986,987
7629,1047,1048
7629,1052,1053
7630,952,953
7630,986,987
7630,1052,1053
7630,1056,1057
7631,952,953
7631,1052,1053
7631,1056,1057
7631,1305,1306
7632,952,953
7632,955,956
7632,1056,1057
7632,1305,1306
7633,952,953
7633,955,956
7633,1305,1306
7633,1331,1332
7634,952,953
7634,1047,1048
7634,1052,1053
7634,1323,1324
7635,952,953
7635,1047,1048
7635,1323,1324
7635,1331,1332
7636,952,953
7636,1052,1053
7636,1305,1306
7636,1323,1324
7637,952,953
7637,1305,1306
7637,1323,1324
7637,1331,1332
7638,965,966
7638,992,993
7638,1192,1193
7638,1248,1249
7639,918,919
7639,965,966
7639,992,993
7639,1248,1249
7640,918,919
7640,965,966
7640,1063,1064
7640,1248,1249
7641,965,966
7641,974,975
7641,1063,1064
7641,1248,1249
7642,965,966
7642,974,975
7642,1192,1193
7642,1248,1249
7643,965,966
7643,974,975
7643,1114,1115
7643,1192,1193
7644,682,683
7644,965,966
7644,1114,1115
7644,1192,1193
7645,682,683
7645,779,780
7645,867,868
7645,965,966
7646,971,972
7646,1164,1165
7646,1249,1250
7646,1291,1292
7647,1164,1165
7647,1214,1215
7647,1249,1250
7647,1291,1292
7648,971,972
7648,1164,1165
7648,1214,1215
7648,1249,1250
7649,1058,1059
7649,1156,1157
7649,1164,1165
7649,1291,1292
7650,971,972
7650,1058,1059
7650,1164,1165
7650,1291,1292
7651,1156,1157
7651,1164,1165
7651,1291,1292
7651,1389,1390
7652,1164,1165
7652,1214,1215
7652,1291,1292
7652,1389,1390
7653,1058,1059
7653,1156,1157
7653,1164,1165
7653,1244,1245
7654,971,972
7654,1058,1059
7654,1164,1165
7654,1244,1245
7655,1156,1157
7655,1164,1165
7655,1375,1376
7655,1389,1390
7656,1156,1157
7656,1164,1165
7656,1244,1245
7656,1375,1376
7657,971,972
7657,1164,1165
7657,1244,1245
7657,1481,1482
7658,1164,1165
7658,1352,1353
7658,1375,1376
7658,1389,1390
7659,1164,1165
7659,1333,1334
7659,1352,1353
7659,1389,1390
7660,1164,1165
7660,1214,1215
7660,1333,1334
7660,1389,1390
7661,1164,1165
7661,1298,1299
7661,1352,1353
7661,1375,1376
7662,1164,1165
7662,1244,1245
7662,1298,1299
7662,1375,1376
7663,1164,1165
7663,1298,1299
7663,1352,1353
7663,1481,1482
7664,1164,1165
7664,1244,1245
7664,1298,1299
7664,1481,1482
7665,1164,1165
7665,1333,1334
7665,1352,1353
7665,1481,1482
7666,971,972
7666,1216,1217
7666,1249,1250
7666,1257,1258
7667,971,972
7667,1214,1215
7667,1249,1250
7667,1257,1258
7668,971,972
7668,1216,1217
7668,1257,1258
7668,1481,1482
7669,1214,1215
7669,1249,1250
7669,1257,1258
7669,1347,1348
7670,971,972
7670,1164,1165
7670,1257,1258
7670,1481,1482
7671,971,972
7671,1164,1165
7671,1214,1215
7671,1257,1258
7672,1234,1235
7672,1249,1250
7672,1257,1258
7672,1347,1348
7673,1216,1217
7673,1234,1235
7673,1249,1250
7673,1257,1258
7674,1164,1165
7674,1257,1258
7674,1333,1334
7674,1481,1482
7675,1164,1165
7675,1214,1215
7675,1257,1258
7675,1333,1334
7676,1086,1087
7676,1234,1235
7676,1257,1258
7676,1347,1348
7677,1086,1087
7677,1216,1217
7677,1234,1235
7677,1257,1258
7678,1257,1258
7678,1333,1334
7678,1446,1447
7678,1481,1482
7679,1214,1215
7679,1257,1258
7679,1333,1334
7679,1347,1348
7680,1257,1258
7680,1285,1286
7680,1333,1334
7680,1446,1447
7681,1257,1258
7681,1285,1286
7681,1333,1334
7681,1347,1348
7682,1257,1258
7682,1280,1281
7682,1285,1286
7682,1446,1447
7683,1257,1258
7683,1280,1281
7683,1285,1286
7683,1347,1348
7684,1086,1087
7684,1257,1258
7684,1280,1281
7684,1305,1306
7685,1257,1258
7685,1280,1281
7685,1305,1306
7685,1347,1348
7686,1086,1087
7686,1257,1258
7686,1305,1306
7686,1347,1348
7687,688,689
7687,728,729
7687,740,741
7687,829,830
7688,688,689
7688,722,723
7688,740,741
7688,829,830
7689,715,716
7689,829,830
7689,863,864
7689,1087,1088
7690,829,830
7690,863,864
7690,1087,1088
7690,1093,1094
7691,722,723
7691,732,733
7691,740,741
7691,829,830
7692,715,716
7692,829,830
7692,850,851
7692,863,864
7693,732,733
7693,829,830
7693,863,864
7693,1093,1094
7694,722,723
7694,732,733
7694,829,830
7694,1093,1094
7695,607,608
7695,746,747
7695,836,837
7695,890,891
7696,607,608
7696,644,645
7696,746,747
7696,836,837
7697,644,645
7697,673,674
7697,746,747
7697,836,837
7698,479,480
7698,644,645
7698,673,674
7698,746,747
7699,439,440
7699,746,747
7699,852,853
7699,890,891
7700,737,738
7700,746,747
7700,852,853
7700,890,891
7701,479,480
7701,673,674
7701,746,747
7701,848,849
7702,479,480
7702,737,738
7702,746,747
7702,848,849
7703,34,35
7703,166,167
7703,184,185
7703,347,348
7704,26,27
7704,166,167
7704,347,348
7704,349,350
7705,26,27
7705,166,167
7705,184,185
7705,347,348
7706,34,35
7706,166,167
7706,349,350
7706,416,417
7707,166,167
7707,347,348
7707,349,350
7707,416,417
7708,34,35
7708,166,167
7708,347,348
7708,416,417
7709,34,35
7709,166,167
7709,183,184
7709,349,350
7710,34,35
7710,161,162
7710,166,167
7710,184,185
7711,26,27
7711,72,73
7711,166,167
7711,349,350
7712,26,27
7712,65,66
7712,72,73
7712,166,167
7713,26,27
7713,166,167
7713,184,185
7713,285,286
7714,26,27
7714,65,66
7714,166,167
7714,285,286
7715,72,73
7715,166,167
7715,183,184
7715,349,350
7716,34,35
7716,152,153
7716,166,167
7716,183,184
7717,161,162
7717,166,167
7717,184,185
7717,285,286
7718,65,66
7718,161,162
7718,166,167
7718,285,286
7719,65,66
7719,152,153
7719,161,162
7719,166,167
7720,34,35
7720,152,153
7720,161,162
7720,166,167
7721,72,73
7721,152,153
7721,166,167
7721,183,184
7722,65,66
7722,72,73
7722,152,153
7722,166,167
7723,19,20
7723,259,260
7723,281,282
7723,305,306
7724,19,20
7724,249,250
7724,259,260
7724,281,282
7725,19,20
7725,259,260
7725,305,306
7725,391,392
7726,19,20
7726,249,250
7726,259,260
7726,391,392
7727,134,135
7727,259,260
7727,281,282
7727,305,306
7728,134,135
7728,259,260
7728,305,306
7728,391,392
7729,60,61
7729,134,135
7729,259,260
7729,281,282
7730,146,147
7730,249,250
7730,259,260
7730,391,392
7731,134,135
7731,146,147
7731,259,260
7731,391,392
7732,10,11
7732,60,61
7732,134,135
7732,259,260
7733,10,11
7733,134,135
7733,146,147
7733,259,260
7734,10,11
7734,146,147
7734,259,260
7734,425,426
7735,146,147
7735,249,250
7735,259,260
7735,425,426
7736,10,11
7736,149,150
7736,259,260
7736,425,426
7737,10,11
7737,60,61
7737,149,150
7737,259,260
7738,245,246
7738,249,250
7738,259,260
7738,425,426
7739,259,260
7739,281,282
7739,502,503
7739,617,618
7740,249,250
7740,259,260
7740,281,282
7740,502,503
7741,245,246
7741,259,260
7741,356,357
7741,425,426
7742,245,246
7742,259,260
7742,356,357
7742,617,618
7743,245,246
7743,259,260
7743,502,503
7743,617,618
7744,245,246
7744,249,250
7744,259,260
7744,502,503
7745,149,150
7745,259,260
7745,356,357
7745,425,426
7746,149,150
7746,259,260
7746,356,357
7746,617,618
7747,149,150
7747,259,260
7747,418,419
7747,617,618
7748,60,61
7748,149,150
7748,259,260
7748,418,419
7749,259,260
7749,281,282
7749,418,419
7749,617,618
7750,60,61
7750,259,260
7750,281,282
7750,418,419
7751,11,12
7751,159,160
7751,258,259
7751,360,361
7752,11,12
7752,356,357
7752,360,361
7752,425,426
7753,71,72
7753,356,357
7753,360,361
7753,484,485
7754,11,12
7754,71,72
7754,356,357
7754,360,361
7755,11,12
7755,258,259
7755,277,278
7755,360,361
7756,258,259
7756,277,278
7756,360,361
7756,421,422
7757,339,340
7757,353,354
7757,360,361
7757,484,485
7758,71,72
7758,353,354
7758,360,361
7758,484,485
7759,339,340
7759,353,354
7759,360,361
7759,378,379
7760,71,72
7760,353,354
7760,360,361
7760,378,379
7761,277,278
7761,339,340
7761,360,361
7761,378,379
7762,11,12
7762,71,72
7762,360,361
7762,378,379
7763,11,12
7763,69,70
7763,277,278
7763,360,361
7764,11,12
7764,69,70
7764,360,361
7764,378,379
7765,69,70
7765,277,278
7765,360,361
7765,378,379
7766,217,218
7766,250,251
7766,401,402
7766,430,431
7767,217,218
7767,250,251
7767,401,402
7767,421,422
7768,250,251
7768,401,402
7768,430,431
7768,560,561
7769,217,218
7769,245,246
7769,250,251
7769,430,431
7770,245,246
7770,250,251
7770,430,431
7770,651,652
7771,250,251
7771,430,431
7771,560,561
7771,651,652
7772,250,251
7772,260,261
7772,401,402
7772,560,561
7773,250,251
7773,260,261
7773,401,402
7773,421,422
7774,245,246
7774,250,251
7774,356,357
7774,651,652
7775,159,160
7775,217,218
7775,250,251
7775,421,422
7776,217,218
7776,245,246
7776,250,251
7776,425,426
7777,245,246
7777,250,251
7777,356,357
7777,425,426
7778,250,251
7778,356,357
7778,360,361
7778,425,426
7779,250,251
7779,356,357
7779,484,485
7779,651,652
7780,250,251
7780,356,357
7780,360,361
7780,484,485
7781,159,160
7781,217,218
7781,250,251
7781,425,426
7782,159,160
7782,250,251
7782,258,259
7782,421,422
7783,159,160
7783,250,251
7783,258,259
7783,360,361
7784,250,251
7784,258,259
7784,360,361
7784,421,422
7785,11,12
7785,159,160
7785,250,251
7785,425,426
7786,11,12
7786,250,251
7786,360,361
7786,425,426
7787,11,12
7787,159,160
7787,250,251
7787,360,361
7788,258,259
7788,277,278
7788,415,416
7788,506,507
7789,258,259
7789,415,416
7789,421,422
7789,506,507
7790,258,259
7790,277,278
7790,421,422
7790,506,507
7791,277,278
7791,339,340
7791,360,361
7791,506,507
7792,277,278
7792,360,361
7792,421,422
7792,506,507
7793,415,416
7793,421,422
7793,490,491
7793,506,507
7794,260,261
7794,421,422
7794,490,491
7794,506,507
7795,260,261
7795,405,406
7795,506,507
7795,551,552
7796,260,261
7796,405,406
7796,490,491
7796,506,507
7797,19,20
7797,365,366
7797,370,371
7797,409,410
7798,19,20
7798,365,366
7798,367,368
7798,409,410
7799,365,366
7799,367,368
7799,370,371
7799,409,410
7800,19,20
7800,365,366
7800,391,392
7800,426,427
7801,19,20
7801,365,366
7801,367,368
7801,426,427
7802,19,20
7802,249,250
7802,365,366
7802,370,371
7803,146,147
7803,249,250
7803,365,366
7803,370,371
7804,19,20
7804,249,250
7804,365,366
7804,391,392
7805,146,147
7805,249,250
7805,365,366
7805,391,392
7806,336,337
7806,365,366
7806,391,392
7806,426,427
7807,336,337
7807,365,366
7807,367,368
7807,426,427
7808,81,82
7808,146,147
7808,310,311
7808,365,366
7809,124,125
7809,146,147
7809,365,366
7809,391,392
7810,124,125
7810,146,147
7810,310,311
7810,365,366
7811,121,122
7811,310,311
7811,336,337
7811,365,366
7812,121,122
7812,336,337
7812,365,366
7812,367,368
7813,8,9
7813,336,337
7813,365,366
7813,391,392
7814,8,9
7814,310,311
7814,336,337
7814,365,366
7815,8,9
7815,124,125
7815,365,366
7815,391,392
7816,8,9
7816,124,125
7816,310,311
7816,365,366
7817,101,102
7817,329,330
7817,367,368
7817,370,371
7818,101,102
7818,121,122
7818,365,366
7818,367,368
7819,101,102
7819,365,366
7819,367,368
7819,370,371
7820,101,102
7820,329,330
7820,367,368
7820,398,399
7821,81,82
7821,101,102
7821,121,122
7821,136,137
7822,101,102
7822,136,137
7822,329,330
7822,398,399
7823,101,102
7823,268,269
7823,329,330
7823,370,371
7824,101,102
7824,121,122
7824,273,274
7824,398,399
7825,101,102
7825,273,274
7825,367,368
7825,398,399
7826,101,102
7826,121,122
7826,273,274
7826,367,368
7827,101,102
7827,109,110
7827,136,137
7827,398,399
7828,101,102
7828,109,110
7828,121,122
7828,136,137
7829,101,102
7829,109,110
7829,121,122
7829,398,399
7830,101,102
7830,136,137
7830,329,330
7830,332,333
7831,101,102
7831,268,269
7831,329,330
7831,332,333
7832,81,82
7832,101,102
7832,121,122
7832,310,311
7833,101,102
7833,121,122
7833,310,311
7833,365,366
7834,81,82
7834,101,102
7834,310,311
7834,365,366
7835,101,102
7835,146,147
7835,365,366
7835,370,371
7836,81,82
7836,101,102
7836,146,147
7836,365,366
7837,101,102
7837,146,147
7837,268,269
7837,370,371
7838,101,102
7838,136,137
7838,244,245
7838,332,333
7839,81,82
7839,101,102
7839,136,137
7839,244,245
7840,101,102
7840,244,245
7840,268,269
7840,332,333
7841,81,82
7841,101,102
7841,244,245
7841,268,269
7842,101,102
7842,146,147
7842,268,269
7842,283,284
7843,81,82
7843,101,102
7843,146,147
7843,283,284
7844,81,82
7844,101,102
7844,268,269
7844,283,284
7845,1499,1500
7845,1590,1591
7845,1615,1616
7845,1778,1779
7846,1590,1591
7846,1615,1616
7846,1733,1734
7846,1778,1779
7847,1441,1442
7847,1499,1500
7847,1590,1591
7847,1615,1616
7848,1441,1442
7848,1499,1500
7848,1515,1516
7848,1615,1616
7849,1448,1449
7849,1463,1464
7849,1516,1517
7849,1615,1616
7850,1441,1442
7850,1515,1516
7850,1516,1517
7850,1615,1616
7851,1463,1464
7851,1515,1516
7851,1516,1517
7851,1615,1616
7852,1499,1500
7852,1544,1545
7852,1616,1617
7852,1773,1774
7853,1499,1500
7853,1515,1516
7853,1616,1617
7853,1773,1774
7854,1499,1500
7854,1544,1545
7854,1773,1774
7854,1778,1779
7855,1497,1498
7855,1544,1545
7855,1773,1774
7855,1778,1779
7856,1369,1370
7856,1497,1498
7856,1544,1545
7856,1773,1774
7857,1369,1370
7857,1461,1462
7857,1544,1545
7857,1773,1774
7858,1461,1462
7858,1544,1545
7858,1616,1617
7858,1773,1774
7859,1369,1370
7859,1461,1462
7859,1606,1607
7859,1773,1774
7860,1461,1462
7860,1606,1607
7860,1616,1617
7860,1773,1774
7861,1369,1370
7861,1606,1607
7861,1725,1726
7861,1773,1774
7862,1404,1405
7862,1420,1421
7862,1725,1726
7862,1773,1774
7863,1404,1405
7863,1420,1421
7863,1497,1498
7863,1773,1774
7864,1369,1370
7864,1404,1405
7864,1725,1726
7864,1773,1774
7865,1369,1370
7865,1404,1405
7865,1497,1498
7865,1773,1774
7866,1382,1383
7866,1420,1421
7866,1725,1726
7866,1773,1774
7867,1259,1260
7867,1265,1266
7867,1428,1429
7867,1447,1448
7868,1259,1260
7868,1375,1376
7868,1428,1429
7868,1540,1541
7869,1259,1260
7869,1265,1266
7869,1375,1376
7869,1428,1429
7870,1265,1266
7870,1428,1429
7870,1447,1448
7870,1470,1471
7871,1152,1153
7871,1428,1429
7871,1526,1527
7871,1540,1541
7872,1152,1153
7872,1428,1429
7872,1470,1471
7872,1526,1527
7873,1361,1362
7873,1428,1429
7873,1470,1471
7873,1526,1527
7874,1361,1362
7874,1428,1429
7874,1447,1448
7874,1470,1471
7875,1259,1260
7875,1382,1383
7875,1428,1429
7875,1447,1448
7876,1152,1153
7876,1375,1376
7876,1428,1429
7876,1540,1541
7877,1361,1362
7877,1428,1429
7877,1447,1448
7877,1515,1516
7878,1382,1383
7878,1428,1429
7878,1447,1448
7878,1515,1516
7879,1265,1266
7879,1428,1429
7879,1470,1471
7879,1541,1542
7880,1265,1266
7880,1375,1376
7880,1428,1429
7880,1541,1542
7881,1152,1153
7881,1428,1429
7881,1470,1471
7881,1541,1542
7882,1152,1153
7882,1375,1376
7882,1428,1429
7882,1541,1542
7883,1632,1633
7883,1648,1649
7883,1721,1722
7883,1724,1725
7884,1648,1649
7884,1721,1722
7884,1723,1724
7884,1724,1725
7885,1620,1621
7885,1648,1649
7885,1723,1724
7885,1724,1725
7886,1503,1504
7886,1620,1621
7886,1648,1649
7886,1719,1720
7887,1620,1621
7887,1648,1649
7887,1719,1720
7887,1724,1725
7888,1503,1504
7888,1564,1565
7888,1648,1649
7888,1719,1720
7889,1632,1633
7889,1648,1649
7889,1724,1725
7889,1727,1728
7890,1564,1565
7890,1648,1649
7890,1719,1720
7890,1727,1728
7891,1648,1649
7891,1719,1720
7891,1724,1725
7891,1727,1728
7892,1564,1565
7892,1648,1649
7892,1668,1669
7892,1748,1749
7893,1503,1504
7893,1564,1565
7893,1648,1649
7893,1748,1749
7894,1487,1488
7894,1564,1565
7894,1648,1649
7894,1668,1669
7895,1487,1488
7895,1632,1633
7895,1648,1649
7895,1668,1669
7896,1487,1488
7896,1564,1565
7896,1648,1649
7896,1727,1728
7897,1487,1488
7897,1632,1633
7897,1648,1649
7897,1727,1728
7898,1118,1119
7898,1209,1210
7898,1229,1230
7898,1300,1301
7899,1118,1119
7899,1209,1210
7899,1300,1301
7899,1406,1407
7900,1209,1210
7900,1229,1230
7900,1300,1301
7900,1406,1407
7901,1118,1119
7901,1209,1210
7901,1326,1327
7901,1351,1352
7902,1118,1119
7902,1209,1210
7902,1229,1230
7902,1326,1327
7903,1209,1210
7903,1229,1230
7903,1315,1316
7903,1406,1407
7904,1163,1164
7904,1209,1210
7904,1326,1327
7904,1351,1352
7905,1163,1164
7905,1209,1210
7905,1229,1230
7905,1326,1327
7906,1118,1119
7906,1209,1210
7906,1351,1352
7906,1389,1390
7907,1209,1210
7907,1310,1311
7907,1315,1316
7907,1406,1407
7908,1209,1210
7908,1246,1247
7908,1310,1311
7908,1406,1407
7909,1118,1119
7909,1209,1210
7909,1246,1247
7909,1406,1407
7910,1163,1164
7910,1209,1210
7910,1229,1230
7910,1315,1316
7911,1209,1210
7911,1351,1352
7911,1389,1390
7911,1507,1508
7912,1209,1210
7912,1310,1311
7912,1389,1390
7912,1507,1508
7913,1209,1210
7913,1246,1247
7913,1310,1311
7913,1389,1390
7914,1118,1119
7914,1209,1210
7914,1246,1247
7914,1389,1390
7915,1163,1164
7915,1209,1210
7915,1351,1352
7915,1507,1508
7916,1163,1164
7916,1209,1210
7916,1315,1316
7916,1507,1508
7917,1209,1210
7917,1310,1311
7917,1315,1316
7917,1507,1508
7918,1245,1246
7918,1406,1407
7918,1469,1470
7918,1491,1492
7919,1245,1246
7919,1259,1260
7919,1406,1407
7919,1491,1492
7920,1245,1246
7920,1469,1470
7920,1491,1492
7920,1535,1536
7921,1245,1246
7921,1315,1316
7921,1469,1470
7921,1511,1512
7922,1245,1246
7922,1469,1470
7922,1511,1512
7922,1535,1536
7923,1245,1246
7923,1511,1512
7923,1535,1536
7923,1542,1543
7924,1245,1246
7924,1491,1492
7924,1535,1536
7924,1725,1726
7925,1245,1246
7925,1259,1260
7925,1491,1492
7925,1725,1726
7926,1245,1246
7926,1315,1316
7926,1469,1470
7926,1527,1528
7927,1245,1246
7927,1406,1407
7927,1469,1470
7927,1527,1528
7928,1245,1246
7928,1315,1316
7928,1406,1407
7928,1527,1528
7929,1245,1246
7929,1310,1311
7929,1315,1316
7929,1406,1407
7930,1245,1246
7930,1259,1260
7930,1310,1311
7930,1406,1407
7931,1245,1246
7931,1310,1311
7931,1315,1316
7931,1511,1512
7932,1245,1246
7932,1310,1311
7932,1419,1420
7932,1511,1512
7933,1245,1246
7933,1310,1311
7933,1419,1420
7933,1542,1543
7934,1245,1246
7934,1419,1420
7934,1511,1512
7934,1542,1543
7935,1245,1246
7935,1310,1311
7935,1540,1541
7935,1542,1543
7936,1245,1246
7936,1259,1260
7936,1310,1311
7936,1540,1541
7937,1245,1246
7937,1259,1260
7937,1540,1541
7937,1542,1543
7938,1455,1456
7938,1488,1489
7938,1495,1496
7938,1572,1573
7939,1455,1456
7939,1478,1479
7939,1488,1489
7939,1495,1496
7940,1455,1456
7940,1478,1479
7940,1488,1489
7940,1502,1503
7941,1381,1382
7941,1455,1456
7941,1495,1496
7941,1572,1573
7942,1170,1171
7942,1455,1456
7942,1478,1479
7942,1495,1496
7943,1170,1171
7943,1455,1456
7943,1478,1479
7943,1502,1503
7944,1170,1171
7944,1381,1382
7944,1455,1456
7944,1495,1496
7945,1381,1382
7945,1443,1444
7945,1455,1456
7945,1572,1573
7946,1455,1456
7946,1488,1489
7946,1572,1573
7946,1574,1575
7947,1443,1444
7947,1455,1456
7947,1572,1573
7947,1574,1575
7948,1455,1456
7948,1486,1487
7948,1488,1489
7948,1502,1503
7949,1170,1171
7949,1364,1365
7949,1381,1382
7949,1455,1456
7950,1170,1171
7950,1364,1365
7950,1455,1456
7950,1502,1503
7951,1455,1456
7951,1486,1487
7951,1488,1489
7951,1574,1575
7952,1443,1444
7952,1455,1456
7952,1486,1487
7952,1574,1575
7953,1443,1444
7953,1455,1456
7953,1486,1487
7953,1745,1746
7954,1443,1444
7954,1455,1456
7954,1745,1746
7954,1770,1771
7955,1373,1374
7955,1464,1465
7955,1475,1476
7955,1782,1783
7956,1464,1465
7956,1475,1476
7956,1502,1503
7956,1782,1783
7957,1373,1374
7957,1464,1465
7957,1475,1476
7957,1558,1559
7958,1464,1465
7958,1475,1476
7958,1502,1503
7958,1558,1559
7959,1266,1267
7959,1464,1465
7959,1502,1503
7959,1558,1559
7960,1266,1267
7960,1364,1365
7960,1464,1465
7960,1502,1503
7961,1266,1267
7961,1319,1320
7961,1464,1465
7961,1558,1559
7962,1319,1320
7962,1387,1388
7962,1464,1465
7962,1539,1540
7963,1364,1365
7963,1387,1388
7963,1464,1465
7963,1539,1540
7964,1319,1320
7964,1364,1365
7964,1387,1388
7964,1464,1465
7965,1266,1267
7965,1319,1320
7965,1344,1345
7965,1464,1465
7966,1266,1267
7966,1344,1345
7966,1364,1365
7966,1464,1465
7967,1319,1320
7967,1344,1345
7967,1364,1365
7967,1464,1465
7968,1373,1374
7968,1429,1430
7968,1464,1465
7968,1558,1559
7969,1319,1320
7969,1429,1430
7969,1464,1465
7969,1558,1559
7970,1371,1372
7970,1433,1434
7970,1444,1445
7970,1545,1546
7971,1371,1372
7971,1444,1445
7971,1524,1525
7971,1545,1546
7972,1371,1372
7972,1433,1434
7972,1444,1445
7972,1524,1525
7973,1343,1344
7973,1433,1434
7973,1444,1445
7973,1524,1525
7974,1343,1344
7974,1417,1418
7974,1433,1434
7974,1444,1445
7975,1436,1437
7975,1444,1445
7975,1524,1525
7975,1545,1546
7976,1390,1391
7976,1444,1445
7976,1517,1518
7976,1700,1701
7977,1390,1391
7977,1444,1445
7977,1545,1546
7977,1700,1701
7978,1374,1375
7978,1444,1445
7978,1545,1546
7978,1700,1701
7979,1374,1375
7979,1433,1434
7979,1444,1445
7979,1545,1546
7980,1359,1360
7980,1397,1398
7980,1444,1445
7980,1517,1518
7981,1359,1360
7981,1417,1418
7981,1444,1445
7981,1517,1518
7982,1268,1269
7982,1444,1445
7982,1517,1518
7982,1700,1701
7983,1268,1269
7983,1417,1418
7983,1444,1445
7983,1517,1518
7984,1268,1269
7984,1417,1418
7984,1433,1434
7984,1444,1445
7985,1195,1196
7985,1397,1398
7985,1436,1437
7985,1444,1445
7986,1195,1196
7986,1436,1437
7986,1444,1445
7986,1524,1525
7987,1195,1196
7987,1343,1344
7987,1397,1398
7987,1444,1445
7988,1195,1196
7988,1343,1344
7988,1444,1445
7988,1524,1525
7989,1390,1391
7989,1444,1445
7989,1517,1518
7989,1581,1582
7990,1390,1391
7990,1444,1445
7990,1545,1546
7990,1581,1582
7991,1268,1269
7991,1374,1375
7991,1444,1445
7991,1700,1701
7992,1268,1269
7992,1374,1375
7992,1433,1434
7992,1444,1445
7993,1397,1398
7993,1444,1445
7993,1517,1518
7993,1581,1582
7994,1397,1398
7994,1436,1437
7994,1444,1445
7994,1581,1582
7995,1436,1437
7995,1444,1445
7995,1545,1546
7995,1581,1582
7996,1142,1143
7996,1359,1360
7996,1397,1398
7996,1444,1445
7997,1142,1143
7997,1343,1344
7997,1397,1398
7997,1444,1445
7998,1142,1143
7998,1359,1360
7998,1417,1418
7998,1444,1445
7999,1142,1143
7999,1343,1344
7999,1417,1418
7999,1444,1445
8000,1137,1138
8000,1141,1142
8000,1197,1198
8000,1287,1288
8001,1141,1142
8001,1159,1160
8001,1287,1288
8001,1322,1323
8002,1141,1142
8002,1197,1198
8002,1287,1288
8002,1322,1323
8003,1026,1027
8003,1137,1138
8003,1141,1142
8003,1197,1198
8004,1141,1142
8004,1159,1160
8004,1286,1287
8004,1322,1323
8005,923,924
8005,1141,1142
8005,1197,1198
8005,1322,1323
8006,923,924
8006,1141,1142
8006,1299,1300
8006,1322,1323
8007,1141,1142
8007,1286,1287
8007,1299,1300
8007,1322,1323
8008,923,924
8008,1019,1020
8008,1141,1142
8008,1167,1168
8009,923,924
8009,1141,1142
8009,1167,1168
8009,1197,1198
8010,923,924
8010,1019,1020
8010,1141,1142
8010,1299,1300
8011,1019,1020
8011,1026,1027
8011,1141,1142
8011,1167,1168
8012,1026,1027
8012,1141,1142
8012,1167,1168
8012,1197,1198
8013,956,957
8013,1006,1007
8013,1019,1020
8013,1141,1142
8014,956,957
8014,1019,1020
8014,1026,1027
8014,1141,1142
8015,1006,1007
8015,1019,1020
8015,1141,1142
8015,1299,1300
8016,1006,1007
8016,1141,1142
8016,1286,1287
8016,1299,1300
8017,924,925
8017,1075,1076
8017,1115,1116
8017,1281,1282
8018,914,915
8018,975,976
8018,1075,1076
8018,1115,1116
8019,924,925
8019,1026,1027
8019,1075,1076
8019,1281,1282
8020,914,915
8020,975,976
8020,1033,1034
8020,1075,1076
8021,956,957
8021,1026,1027
8021,1075,1076
8021,1083,1084
8022,956,957
8022,1033,1034
8022,1075,1076
8022,1083,1084
8023,1026,1027
8023,1075,1076
8023,1083,1084
8023,1181,1182
8024,872,873
8024,1033,1034
8024,1075,1076
8024,1083,1084
8025,872,873
8025,975,976
8025,1033,1034
8025,1075,1076
8026,912,913
8026,1075,1076
8026,1083,1084
8026,1181,1182
8027,872,873
8027,912,913
8027,1075,1076
8027,1083,1084
8028,872,873
8028,912,913
8028,975,976
8028,1075,1076
8029,926,927
8029,1075,1076
8029,1181,1182
8029,1281,1282
8030,926,927
8030,1026,1027
8030,1075,1076
8030,1281,1282
8031,926,927
8031,1026,1027
8031,1075,1076
8031,1181,1182
8032,924,925
8032,929,930
8032,1139,1140
8032,1260,1261
8033,924,925
8033,1115,1116
8033,1139,1140
8033,1260,1261
8034,929,930
8034,1015,1016
8034,1139,1140
8034,1260,1261
8035,914,915
8035,974,975
8035,1260,1261
8035,1295,1296
8036,914,915
8036,974,975
8036,1115,1116
8036,1260,1261
8037,974,975
8037,1015,1016
8037,1248,1249
8037,1260,1261
8038,974,975
8038,1248,1249
8038,1260,1261
8038,1295,1296
8039,924,925
8039,929,930
8039,944,945
8039,1260,1261
8040,1112,1113
8040,1241,1242
8040,1260,1261
8040,1295,1296
8041,929,930
8041,1015,1016
8041,1199,1200
8041,1260,1261
8042,1015,1016
8042,1112,1113
8042,1199,1200
8042,1260,1261
8043,1015,1016
8043,1112,1113
8043,1248,1249
8043,1260,1261
8044,1112,1113
8044,1248,1249
8044,1260,1261
8044,1295,1296
8045,929,930
8045,944,945
8045,1199,1200
8045,1260,1261
8046,944,945
8046,1112,1113
8046,1199,1200
8046,1260,1261
8047,944,945
8047,1112,1113
8047,1241,1242
8047,1260,1261
8048,944,945
8048,1241,1242
8048,1260,1261
8048,1263,1264
8049,924,925
8049,944,945
8049,1260,1261
8049,1263,1264
8050,1030,1031
8050,1169,1170
8050,1241,1242
8050,1263,1264
8051,914,915
8051,1260,1261
8051,1263,1264
8051,1295,1296
8052,1241,1242
8052,1260,1261
8052,1263,1264
8052,1295,1296
8053,914,915
8053,1115,1116
8053,1260,1261
8053,1263,1264
8054,924,925
8054,1115,1116
8054,1260,1261
8054,1263,1264
8055,956,957
8055,1030,1031
8055,1033,1034
8055,1263,1264
8056,914,915
8056,1075,1076
8056,1115,1116
8056,1263,1264
8057,924,925
8057,1075,1076
8057,1115,1116
8057,1263,1264
8058,914,915
8058,1033,1034
8058,1075,1076
8058,1263,1264
8059,956,957
8059,1033,1034
8059,1075,1076
8059,1263,1264
8060,932,933
8060,1049,1050
8060,1224,1225
8060,1292,1293
8061,932,933
8061,1049,1050
8061,1224,1225
8061,1336,1337
8062,932,933
8062,1049,1050
8062,1237,1238
8062,1292,1293
8063,945,946
8063,1220,1221
8063,1224,1225
8063,1261,1262
8064,945,946
8064,1009,1010
8064,1224,1225
8064,1261,1262
8065,945,946
8065,1009,1010
8065,1220,1221
8065,1261,1262
8066,945,946
8066,1220,1221
8066,1224,1225
8066,1292,1293
8067,932,933
8067,945,946
8067,1224,1225
8067,1292,1293
8068,945,946
8068,1140,1141
8068,1220,1221
8068,1292,1293
8069,945,946
8069,1196,1197
8069,1220,1221
8069,1316,1317
8070,945,946
8070,1009,1010
8070,1196,1197
8070,1316,1317
8071,945,946
8071,1009,1010
8071,1220,1221
8071,1316,1317
8072,945,946
8072,1009,1010
8072,1196,1197
8072,1203,1204
8073,945,946
8073,1196,1197
8073,1203,1204
8073,1254,1255
8074,1039,1040
8074,1224,1225
8074,1227,1228
8074,1336,1337
8075,1009,1010
8075,1039,1040
8075,1224,1225
8075,1227,1228
8076,967,968
8076,1009,1010
8076,1039,1040
8076,1227,1228
8077,932,933
8077,1224,1225
8077,1227,1228
8077,1336,1337
8078,967,968
8078,1009,1010
8078,1203,1204
8078,1227,1228
8079,945,946
8079,1009,1010
8079,1224,1225
8079,1227,1228
8080,932,933
8080,945,946
8080,1224,1225
8080,1227,1228
8081,945,946
8081,1009,1010
8081,1203,1204
8081,1227,1228
8082,1298,1299
8082,1352,1353
8082,1375,1376
8082,1403,1404
8083,1310,1311
8083,1375,1376
8083,1403,1404
8083,1540,1541
8084,1310,1311
8084,1352,1353
8084,1375,1376
8084,1403,1404
8085,1219,1220
8085,1310,1311
8085,1403,1404
8085,1540,1541
8086,1219,1220
8086,1310,1311
8086,1352,1353
8086,1403,1404
8087,1152,1153
8087,1365,1366
8087,1403,1404
8087,1540,1541
8088,1152,1153
8088,1375,1376
8088,1403,1404
8088,1540,1541
8089,1152,1153
8089,1298,1299
8089,1365,1366
8089,1403,1404
8090,1152,1153
8090,1298,1299
8090,1375,1376
8090,1403,1404
8091,1298,1299
8091,1365,1366
8091,1403,1404
8091,1458,1459
8092,1298,1299
8092,1352,1353
8092,1403,1404
8092,1458,1459
8093,1177,1178
8093,1365,1366
8093,1403,1404
8093,1458,1459
8094,1174,1175
8094,1352,1353
8094,1403,1404
8094,1458,1459
8095,1174,1175
8095,1219,1220
8095,1352,1353
8095,1403,1404
8096,1177,1178
8096,1365,1366
8096,1403,1404
8096,1484,1485
8097,1174,1175
8097,1177,1178
8097,1363,1364
8097,1403,1404
8098,1174,1175
8098,1219,1220
8098,1363,1364
8098,1403,1404
8099,1174,1175
8099,1177,1178
8099,1403,1404
8099,1458,1459
8100,1365,1366
8100,1403,1404
8100,1526,1527
8100,1540,1541
8101,688,689
8101,753,754
8101,843,844
8101,859,860
8102,728,729
8102,734,735
8102,753,754
8102,859,860
8103,688,689
8103,728,729
8103,753,754
8103,859,860
8104,688,689
8104,728,729
8104,829,830
8104,859,860
8105,715,716
8105,728,729
8105,734,735
8105,859,860
8106,715,716
8106,728,729
8106,829,830
8106,859,860
8107,715,716
8107,829,830
8107,859,860
8107,1087,1088
8108,808,809
8108,859,860
8108,1087,1088
8108,1113,1114
8109,715,716
8109,734,735
8109,859,860
8109,1113,1114
8110,715,716
8110,859,860
8110,1087,1088
8110,1113,1114
8111,834,835
8111,838,839
8111,858,859
8111,884,885
8112,838,839
8112,858,859
8112,884,885
8112,1048,1049
8113,799,800
8113,834,835
8113,838,839
8113,884,885
8114,465,466
8114,723,724
8114,838,839
8114,858,859
8115,723,724
8115,834,835
8115,838,839
8115,858,859
8116,465,466
8116,723,724
8116,838,839
8116,848,849
8117,465,466
8117,737,738
8117,838,839
8117,848,849
8118,681,682
8118,838,839
8118,884,885
8118,1048,1049
8119,723,724
8119,799,800
8119,834,835
8119,838,839
8120,723,724
8120,792,793
8120,799,800
8120,838,839
8121,723,724
8121,792,793
8121,838,839
8121,848,849
8122,792,793
8122,799,800
8122,838,839
8122,848,849
8123,675,676
8123,712,713
8123,828,829
8123,943,944
8124,712,713
8124,749,750
8124,828,829
8124,943,944
8125,712,713
8125,749,750
8125,802,803
8125,828,829
8126,675,676
8126,712,713
8126,764,765
8126,943,944
8127,712,713
8127,749,750
8127,764,765
8127,943,944
8128,675,676
8128,712,713
8128,1053,1054
8128,1069,1070
8129,675,676
8129,712,713
8129,828,829
8129,1069,1070
8130,675,676
8130,698,699
8130,712,713
8130,764,765
8131,712,713
8131,749,750
8131,802,803
8131,869,870
8132,712,713
8132,749,750
8132,764,765
8132,869,870
8133,712,713
8133,828,829
8133,876,877
8133,1069,1070
8134,712,713
8134,802,803
8134,828,829
8134,876,877
8135,698,699
8135,712,713
8135,729,730
8135,1053,1054
8136,675,676
8136,698,699
8136,712,713
8136,729,730
8137,675,676
8137,712,713
8137,729,730
8137,1053,1054
8138,698,699
8138,712,713
8138,764,765
8138,869,870
8139,712,713
8139,731,732
8139,876,877
8139,1069,1070
8140,712,713
8140,731,732
8140,876,877
8140,1053,1054
8141,712,713
8141,731,732
8141,1053,1054
8141,1069,1070
8142,712,713
8142,876,877
8142,913,914
8142,1053,1054
8143,712,713
8143,802,803
8143,876,877
8143,913,914
8144,712,713
8144,802,803
8144,869,870
8144,913,914
8145,698,699
8145,712,713
8145,913,914
8145,1053,1054
8146,698,699
8146,712,713
8146,869,870
8146,913,914
8147,1120,1121
8147,1233,1234
8147,1290,1291
8147,1407,1408
8148,1120,1121
8148,1218,1219
8148,1233,1234
8148,1290,1291
8149,1120,1121
8149,1158,1159
8149,1163,1164
8149,1407,1408
8150,1120,1121
8150,1158,1159
8150,1233,1234
8150,1407,1408
8151,1120,1121
8151,1163,1164
8151,1407,1408
8151,1507,1508
8152,1120,1121
8152,1158,1159
8152,1163,1164
8152,1172,1173
8153,1120,1121
8153,1158,1159
8153,1172,1173
8153,1233,1234
8154,1120,1121
8154,1163,1164
8154,1172,1173
8154,1258,1259
8155,1120,1121
8155,1218,1219
8155,1232,1233
8155,1258,1259
8156,1120,1121
8156,1172,1173
8156,1218,1219
8156,1258,1259
8157,1120,1121
8157,1172,1173
8157,1218,1219
8157,1233,1234
8158,1120,1121
8158,1124,1125
8158,1232,1233
8158,1290,1291
8159,1120,1121
8159,1124,1125
8159,1218,1219
8159,1232,1233
8160,1120,1121
8160,1124,1125
8160,1218,1219
8160,1290,1291
8161,1120,1121
8161,1163,1164
8161,1351,1352
8161,1507,1508
8162,1120,1121
8162,1163,1164
8162,1258,1259
8162,1351,1352
8163,1120,1121
8163,1207,1208
8163,1232,1233
8163,1258,1259
8164,1120,1121
8164,1207,1208
8164,1351,1352
8164,1507,1508
8165,1120,1121
8165,1207,1208
8165,1258,1259
8165,1351,1352
8166,1120,1121
8166,1207,1208
8166,1232,1233
8166,1333,1334
8167,1120,1121
8167,1207,1208
8167,1333,1334
8167,1507,1508
8168,1423,1424
8168,1440,1441
8168,1557,1558
8168,1781,1782
8169,1363,1364
8169,1423,1424
8169,1440,1441
8169,1557,1558
8170,1357,1358
8170,1363,1364
8170,1440,1441
8170,1557,1558
8171,1440,1441
8171,1498,1499
8171,1501,1502
8171,1781,1782
8172,1409,1410
8172,1440,1441
8172,1498,1499
8172,1781,1782
8173,1409,1410
8173,1440,1441
8173,1557,1558
8173,1781,1782
8174,1440,1441
8174,1498,1499
8174,1501,1502
8174,1763,1764
8175,1440,1441
8175,1449,1450
8175,1501,1502
8175,1763,1764
8176,1122,1123
8176,1409,1410
8176,1440,1441
8176,1557,1558
8177,1409,1410
8177,1440,1441
8177,1498,1499
8177,1763,1764
8178,1122,1123
8178,1290,1291
8178,1440,1441
8178,1557,1558
8179,1290,1291
8179,1357,1358
8179,1440,1441
8179,1557,1558
8180,1122,1123
8180,1440,1441
8180,1449,1450
8180,1763,1764
8181,1122,1123
8181,1409,1410
8181,1440,1441
8181,1763,1764
8182,1122,1123
8182,1413,1414
8182,1440,1441
8182,1449,1450
8183,1357,1358
8183,1413,1414
8183,1440,1441
8183,1449,1450
8184,1122,1123
8184,1290,1291
8184,1413,1414
8184,1440,1441
8185,1290,1291
8185,1357,1358
8185,1413,1414
8185,1440,1441
8186,1174,1175
8186,1363,1364
8186,1530,1531
8186,1557,1558
8187,1357,1358
8187,1363,1364
8187,1530,1531
8187,1557,1558
8188,1174,1175
8188,1219,1220
8188,1363,1364
8188,1530,1531
8189,1219,1220
8189,1357,1358
8189,1363,1364
8189,1530,1531
8190,1290,1291
8190,1357,1358
8190,1530,1531
8190,1557,1558
8191,1219,1220
8191,1407,1408
8191,1507,1508
8191,1530,1531
8192,1219,1220
8192,1357,1358
8192,1407,1408
8192,1530,1531
8193,1174,1175
8193,1219,1220
8193,1352,1353
8193,1530,1531
8194,1174,1175
8194,1352,1353
8194,1356,1357
8194,1530,1531
8195,1219,1220
8195,1352,1353
8195,1507,1508
8195,1530,1531
8196,1120,1121
8196,1407,1408
8196,1507,1508
8196,1530,1531
8197,1290,1291
8197,1357,1358
8197,1407,1408
8197,1530,1531
8198,1120,1121
8198,1290,1291
8198,1407,1408
8198,1530,1531
8199,1333,1334
8199,1352,1353
8199,1507,1508
8199,1530,1531
8200,1333,1334
8200,1352,1353
8200,1356,1357
8200,1530,1531
8201,1120,1121
8201,1232,1233
8201,1290,1291
8201,1530,1531
8202,1124,1125
8202,1232,1233
8202,1356,1357
8202,1530,1531
8203,1124,1125
8203,1232,1233
8203,1290,1291
8203,1530,1531
8204,1232,1233
8204,1333,1334
8204,1356,1357
8204,1530,1531
8205,1120,1121
8205,1232,1233
8205,1333,1334
8205,1530,1531
8206,1120,1121
8206,1333,1334
8206,1507,1508
8206,1530,1531
8207,1219,1220
8207,1363,1364
8207,1396,1397
8207,1419,1420
8208,1219,1220
8208,1396,1397
8208,1403,1404
8208,1540,1541
8209,1219,1220
8209,1363,1364
8209,1396,1397
8209,1403,1404
8210,1219,1220
8210,1396,1397
8210,1540,1541
8210,1542,1543
8211,1219,1220
8211,1396,1397
8211,1419,1420
8211,1542,1543
8212,1363,1364
8212,1396,1397
8212,1419,1420
8212,1554,1555
8213,1396,1397
8213,1419,1420
8213,1542,1543
8213,1554,1555
8214,1378,1379
8214,1396,1397
8214,1526,1527
8214,1540,1541
8215,1396,1397
8215,1403,1404
8215,1526,1527
8215,1540,1541
8216,1378,1379
8216,1396,1397
8216,1540,1541
8216,1542,1543
8217,1378,1379
8217,1396,1397
8217,1542,1543
8217,1554,1555
8218,1378,1379
8218,1396,1397
8218,1505,1506
8218,1554,1555
8219,1363,1364
8219,1396,1397
8219,1505,1506
8219,1554,1555
8220,1365,1366
8220,1378,1379
8220,1396,1397
8220,1526,1527
8221,1365,1366
8221,1396,1397
8221,1403,1404
8221,1526,1527
8222,1378,1379
8222,1396,1397
8222,1484,1485
8222,1505,1506
8223,1363,1364
8223,1396,1397
8223,1484,1485
8223,1505,1506
8224,1365,1366
8224,1378,1379
8224,1396,1397
8224,1484,1485
8225,1365,1366
8225,1396,1397
8225,1403,1404
8225,1484,1485
8226,1177,1178
8226,1363,1364
8226,1396,1397
8226,1484,1485
8227,1177,1178
8227,1396,1397
8227,1403,1404
8227,1484,1485
8228,1177,1178
8228,1363,1364
8228,1396,1397
8228,1403,1404
8229,1439,1440
8229,1538,1539
8229,1554,1555
8229,1593,1594
8230,1439,1440
8230,1468,1469
8230,1612,1613
8230,1686,1687
8231,1439,1440
8231,1554,1555
8231,1593,1594
8231,1686,1687
8232,1439,1440
8232,1593,1594
8232,1612,1613
8232,1686,1687
8233,1414,1415
8233,1439,1440
8233,1538,1539
8233,1593,1594
8234,1439,1440
8234,1468,1469
8234,1596,1597
8234,1635,1636
8235,1439,1440
8235,1538,1539
8235,1554,1555
8235,1635,1636
8236,1414,1415
8236,1439,1440
8236,1593,1594
8236,1642,1643
8237,1439,1440
8237,1593,1594
8237,1612,1613
8237,1642,1643
8238,1439,1440
8238,1468,1469
8238,1505,1506
8238,1554,1555
8239,1439,1440
8239,1468,1469
8239,1505,1506
8239,1686,1687
8240,1439,1440
8240,1505,1506
8240,1554,1555
8240,1686,1687
8241,1414,1415
8241,1439,1440
8241,1596,1597
8241,1635,1636
8242,1414,1415
8242,1439,1440
8242,1538,1539
8242,1635,1636
8243,1439,1440
8243,1468,1469
8243,1596,1597
8243,1633,1634
8244,1439,1440
8244,1468,1469
8244,1612,1613
8244,1633,1634
8245,1414,1415
8245,1439,1440
8245,1596,1597
8245,1621,1622
8246,1414,1415
8246,1439,1440
8246,1621,1622
8246,1642,1643
8247,1439,1440
8247,1612,1613
8247,1633,1634
8247,1642,1643
8248,1439,1440
8248,1596,1597
8248,1621,1622
8248,1633,1634
8249,1439,1440
8249,1621,1622
8249,1633,1634
8249,1642,1643
8250,794,795
8250,856,857
8250,977,978
8250,1018,1019
8251,674,675
8251,761,762
8251,977,978
8251,1055,1056
8252,761,762
8252,913,914
8252,977,978
8252,1055,1056
8253,674,675
8253,761,762
8253,913,914
8253,977,978
8254,794,795
8254,913,914
8254,977,978
8254,1055,1056
8255,794,795
8255,913,914
8255,977,978
8255,1018,1019
8256,718,719
8256,750,751
8256,977,978
8256,1055,1056
8257,674,675
8257,718,719
8257,750,751
8257,977,978
8258,674,675
8258,718,719
8258,977,978
8258,1055,1056
8259,750,751
8259,977,978
8259,1046,1047
8259,1055,1056
8260,794,795
8260,977,978
8260,1046,1047
8260,1055,1056
8261,794,795
8261,856,857
8261,977,978
8261,1046,1047
8262,913,914
8262,977,978
8262,1018,1019
8262,1053,1054
8263,709,710
8263,750,751
8263,977,978
8263,1046,1047
8264,709,710
8264,856,857
8264,977,978
8264,1046,1047
8265,698,699
8265,913,914
8265,977,978
8265,1053,1054
8266,674,675
8266,698,699
8266,913,914
8266,977,978
8267,698,699
8267,946,947
8267,977,978
8267,1053,1054
8268,674,675
8268,698,699
8268,946,947
8268,977,978
8269,674,675
8269,750,751
8269,754,755
8269,977,978
8270,674,675
8270,754,755
8270,946,947
8270,977,978
8271,709,710
8271,750,751
8271,754,755
8271,977,978
8272,709,710
8272,754,755
8272,946,947
8272,977,978
8273,904,905
8273,1016,1017
8273,1018,1019
8273,1078,1079
8274,904,905
8274,1016,1017
8274,1018,1019
8274,1053,1054
8275,904,905
8275,946,947
8275,1016,1017
8275,1053,1054
8276,709,710
8276,741,742
8276,904,905
8276,946,947
8277,904,905
8277,977,978
8277,1018,1019
8277,1053,1054
8278,904,905
8278,946,947
8278,977,978
8278,1053,1054
8279,709,710
8279,856,857
8279,904,905
8279,1078,1079
8280,856,857
8280,904,905
8280,1018,1019
8280,1078,1079
8281,709,710
8281,904,905
8281,946,947
8281,977,978
8282,904,905
8282,1016,1017
8282,1074,1075
8282,1104,1105
8283,904,905
8283,1016,1017
8283,1078,1079
8283,1104,1105
8284,904,905
8284,1074,1075
8284,1078,1079
8284,1104,1105
8285,904,905
8285,963,964
8285,1074,1075
8285,1078,1079
8286,741,742
8286,904,905
8286,963,964
8286,1074,1075
8287,691,692
8287,904,905
8287,1016,1017
8287,1074,1075
8288,691,692
8288,904,905
8288,946,947
8288,1016,1017
8289,691,692
8289,741,742
8289,904,905
8289,1074,1075
8290,691,692
8290,741,742
8290,904,905
8290,946,947
8291,709,710
8291,904,905
8291,963,964
8291,1078,1079
8292,709,710
8292,741,742
8292,904,905
8292,963,964
8293,709,710
8293,856,857
8293,904,905
8293,977,978
8294,856,857
8294,904,905
8294,977,978
8294,1018,1019
8295,931,932
8295,955,956
8295,988,989
8295,1041,1042
8296,931,932
8296,988,989
8296,1041,1042
8296,1072,1073
8297,931,932
8297,988,989
8297,1072,1073
8297,1113,1114
8298,931,932
8298,955,956
8298,1041,1042
8298,1139,1140
8299,931,932
8299,1041,1042
8299,1072,1073
8299,1139,1140
8300,931,932
8300,988,989
8300,1056,1057
8300,1113,1114
8301,931,932
8301,955,956
8301,988,989
8301,1056,1057
8302,734,735
8302,931,932
8302,1072,1073
8302,1113,1114
8303,734,735
8303,931,932
8303,1072,1073
8303,1114,1115
8304,931,932
8304,1072,1073
8304,1115,1116
8304,1139,1140
8305,931,932
8305,1072,1073
8305,1114,1115
8305,1115,1116
8306,931,932
8306,952,953
8306,955,956
8306,1056,1057
8307,1036,1037
8307,1181,1182
8307,1270,1271
8307,1281,1282
8308,912,913
8308,1036,1037
8308,1181,1182
8308,1270,1271
8309,1036,1037
8309,1075,1076
8309,1181,1182
8309,1281,1282
8310,912,913
8310,1036,1037
8310,1075,1076
8310,1181,1182
8311,912,913
8311,975,976
8311,1036,1037
8311,1075,1076
8312,912,913
8312,975,976
8312,1036,1037
8312,1065,1066
8313,912,913
8313,997,998
8313,1036,1037
8313,1270,1271
8314,912,913
8314,997,998
8314,1036,1037
8314,1065,1066
8315,1036,1037
8315,1075,1076
8315,1115,1116
8315,1281,1282
8316,975,976
8316,1036,1037
8316,1075,1076
8316,1115,1116
8317,1036,1037
8317,1041,1042
8317,1072,1073
8317,1281,1282
8318,1036,1037
8318,1041,1042
8318,1270,1271
8318,1281,1282
8319,1036,1037
8319,1072,1073
8319,1115,1116
8319,1281,1282
8320,975,976
8320,1036,1037
8320,1072,1073
8320,1115,1116
8321,939,940
8321,1096,1097
8321,1157,1158
8321,1270,1271
8322,939,940
8322,1032,1033
8322,1096,1097
8322,1270,1271
8323,939,940
8323,1014,1015
8323,1096,1097
8323,1157,1158
8324,939,940
8324,1041,1042
8324,1157,1158
8324,1270,1271
8325,939,940
8325,1005,1006
8325,1014,1015
8325,1096,1097
8326,939,940
8326,1005,1006
8326,1032,1033
8326,1096,1097
8327,939,940
8327,996,997
8327,1005,1006
8327,1014,1015
8328,939,940
8328,996,997
8328,1005,1006
8328,1032,1033
8329,939,940
8329,1036,1037
8329,1041,1042
8329,1072,1073
8330,939,940
8330,1036,1037
8330,1041,1042
8330,1270,1271
8331,939,940
8331,1014,1015
8331,1035,1036
8331,1157,1158
8332,939,940
8332,1035,1036
8332,1041,1042
8332,1157,1158
8333,715,716
8333,939,940
8333,996,997
8333,1032,1033
8334,939,940
8334,988,989
8334,996,997
8334,1014,1015
8335,939,940
8335,988,989
8335,1014,1015
8335,1035,1036
8336,939,940
8336,988,989
8336,1035,1036
8336,1041,1042
8337,715,716
8337,939,940
8337,996,997
8337,1113,1114
8338,939,940
8338,988,989
8338,996,997
8338,1113,1114
8339,939,940
8339,988,989
8339,1072,1073
8339,1113,1114
8340,939,940
8340,988,989
8340,1041,1042
8340,1072,1073
8341,715,716
8341,728,729
8341,734,735
8341,920,921
8342,715,716
8342,728,729
8342,920,921
8342,1073,1074
8343,728,729
8343,785,786
8343,920,921
8343,1073,1074
8344,785,786
8344,831,832
8344,920,921
8344,1073,1074
8345,785,786
8345,831,832
8345,920,921
8345,1065,1066
8346,831,832
8346,920,921
8346,1065,1066
8346,1073,1074
8347,701,702
8347,728,729
8347,785,786
8347,920,921
8348,785,786
8348,861,862
8348,920,921
8348,1065,1066
8349,728,729
8349,734,735
8349,753,754
8349,920,921
8350,701,702
8350,728,729
8350,753,754
8350,920,921
8351,734,735
8351,753,754
8351,920,921
8351,927,928
8352,701,702
8352,753,754
8352,920,921
8352,927,928
8353,701,702
8353,861,862
8353,920,921
8353,927,928
8354,701,702
8354,785,786
8354,861,862
8354,920,921
8355,933,934
8355,956,957
8355,1006,1007
8355,1019,1020
8356,919,920
8356,933,934
8356,956,957
8356,1006,1007
8357,919,920
8357,933,934
8357,1006,1007
8357,1042,1043
8358,919,920
8358,933,934
8358,1042,1043
8358,1100,1101
8359,933,934
8359,1006,1007
8359,1019,1020
8359,1299,1300
8360,933,934
8360,1006,1007
8360,1042,1043
8360,1299,1300
8361,727,728
8361,919,920
8361,933,934
8361,1100,1101
8362,933,934
8362,1042,1043
8362,1153,1154
8362,1299,1300
8363,933,934
8363,1042,1043
8363,1100,1101
8363,1153,1154
8364,910,911
8364,933,934
8364,1019,1020
8364,1107,1108
8365,910,911
8365,933,934
8365,1019,1020
8365,1299,1300
8366,910,911
8366,933,934
8366,1153,1154
8366,1299,1300
8367,690,691
8367,1037,1038
8367,1094,1095
8367,1102,1103
8368,690,691
8368,972,973
8368,1037,1038
8368,1085,1086
8369,806,807
8369,1037,1038
8369,1094,1095
8369,1102,1103
8370,727,728
8370,806,807
8370,1037,1038
8370,1102,1103
8371,690,691
8371,777,778
8371,1037,1038
8371,1094,1095
8372,690,691
8372,777,778
8372,972,973
8372,1037,1038
8373,972,973
8373,995,996
8373,1037,1038
8373,1040,1041
8374,763,764
8374,995,996
8374,1037,1038
8374,1100,1101
8375,727,728
8375,763,764
8375,1037,1038
8375,1100,1101
8376,925,926
8376,972,973
8376,995,996
8376,1037,1038
8377,925,926
8377,972,973
8377,1037,1038
8377,1085,1086
8378,925,926
8378,995,996
8378,1037,1038
8378,1100,1101
8379,925,926
8379,1037,1038
8379,1085,1086
8379,1100,1101
8380,777,778
8380,1037,1038
8380,1040,1041
8380,1094,1095
8381,777,778
8381,972,973
8381,1037,1038
8381,1040,1041
8382,798,799
8382,806,807
8382,1037,1038
8382,1094,1095
8383,798,799
8383,1037,1038
8383,1040,1041
8383,1094,1095
8384,727,728
8384,806,807
8384,851,852
8384,1037,1038
8385,763,764
8385,995,996
8385,1037,1038
8385,1040,1041
8386,798,799
8386,806,807
8386,851,852
8386,1037,1038
8387,798,799
8387,851,852
8387,1037,1038
8387,1040,1041
8388,763,764
8388,851,852
8388,1037,1038
8388,1040,1041
8389,727,728
8389,763,764
8389,851,852
8389,1037,1038
8390,910,911
8390,1019,1020
8390,1107,1108
8390,1301,1302
8391,910,911
8391,1068,1069
8391,1107,1108
8391,1301,1302
8392,1019,1020
8392,1107,1108
8392,1301,1302
8392,1314,1315
8393,1068,1069
8393,1107,1108
8393,1301,1302
8393,1314,1315
8394,1019,1020
8394,1167,1168
8394,1301,1302
8394,1314,1315
8395,969,970
8395,1068,1069
8395,1301,1302
8395,1314,1315
8396,969,970
8396,1167,1168
8396,1301,1302
8396,1314,1315
8397,923,924
8397,1019,1020
8397,1167,1168
8397,1301,1302
8398,923,924
8398,1167,1168
8398,1301,1302
8398,1339,1340
8399,969,970
8399,1167,1168
8399,1301,1302
8399,1339,1340
8400,923,924
8400,1240,1241
8400,1299,1300
8400,1301,1302
8401,923,924
8401,1019,1020
8401,1299,1300
8401,1301,1302
8402,923,924
8402,1240,1241
8402,1301,1302
8402,1339,1340
8403,910,911
8403,1019,1020
8403,1299,1300
8403,1301,1302
8404,907,908
8404,1240,1241
8404,1301,1302
8404,1339,1340
8405,940,941
8405,1038,1039
8405,1198,1199
8405,1231,1232
8406,940,941
8406,1198,1199
8406,1231,1232
8406,1242,1243
8407,950,951
8407,1038,1039
8407,1198,1199
8407,1231,1232
8408,926,927
8408,950,951
8408,1181,1182
8408,1198,1199
8409,926,927
8409,1026,1027
8409,1181,1182
8409,1198,1199
8410,1026,1027
8410,1167,1168
8410,1181,1182
8410,1198,1199
8411,1026,1027
8411,1167,1168
8411,1197,1198
8411,1198,1199
8412,1183,1184
8412,1198,1199
8412,1231,1232
8412,1267,1268
8413,960,961
8413,1183,1184
8413,1198,1199
8413,1231,1232
8414,960,961
8414,1183,1184
8414,1198,1199
8414,1242,1243
8415,960,961
8415,1198,1199
8415,1231,1232
8415,1242,1243
8416,1183,1184
8416,1197,1198
8416,1198,1199
8416,1242,1243
8417,1167,1168
8417,1197,1198
8417,1198,1199
8417,1242,1243
8418,926,927
8418,950,951
8418,970,971
8418,1198,1199
8419,926,927
8419,970,971
8419,1198,1199
8419,1267,1268
8420,921,922
8420,950,951
8420,1198,1199
8420,1231,1232
8421,921,922
8421,1198,1199
8421,1231,1232
8421,1267,1268
8422,1026,1027
8422,1137,1138
8422,1197,1198
8422,1198,1199
8423,926,927
8423,1026,1027
8423,1137,1138
8423,1198,1199
8424,1183,1184
8424,1198,1199
8424,1222,1223
8424,1267,1268
8425,926,927
8425,1198,1199
8425,1222,1223
8425,1267,1268
8426,1183,1184
8426,1197,1198
8426,1198,1199
8426,1222,1223
8427,921,922
8427,950,951
8427,970,971
8427,1198,1199
8428,921,922
8428,970,971
8428,1198,1199
8428,1267,1268
8429,1137,1138
8429,1197,1198
8429,1198,1199
8429,1222,1223
8430,926,927
8430,1137,1138
8430,1198,1199
8430,1222,1223
8431,914,915
8431,1071,1072
8431,1263,1264
8431,1295,1296
8432,958,959
8432,1030,1031
8432,1071,1072
8432,1165,1166
8433,914,915
8433,1063,1064
8433,1071,1072
8433,1295,1296
8434,914,915
8434,1033,1034
8434,1071,1072
8434,1263,1264
8435,1030,1031
8435,1033,1034
8435,1071,1072
8435,1263,1264
8436,1071,1072
8436,1241,1242
8436,1263,1264
8436,1295,1296
8437,1030,1031
8437,1071,1072
8437,1241,1242
8437,1263,1264
8438,958,959
8438,1063,1064
8438,1071,1072
8438,1295,1296
8439,958,959
8439,1071,1072
8439,1241,1242
8439,1295,1296
8440,958,959
8440,1030,1031
8440,1071,1072
8440,1241,1242
8441,694,695
8441,1063,1064
8441,1071,1072
8441,1081,1082
8442,708,709
8442,914,915
8442,1033,1034
8442,1071,1072
8443,694,695
8443,708,709
8443,914,915
8443,1071,1072
8444,694,695
8444,989,990
8444,1071,1072
8444,1081,1082
8445,989,990
8445,1071,1072
8445,1081,1082
8445,1165,1166
8446,915,916
8446,1071,1072
8446,1081,1082
8446,1165,1166
8447,915,916
8447,958,959
8447,1071,1072
8447,1165,1166
8448,915,916
8448,1063,1064
8448,1071,1072
8448,1081,1082
8449,915,916
8449,958,959
8449,1063,1064
8449,1071,1072
8450,534,535
8450,535,536
8450,544,545
8450,554,555
8451,534,535
8451,544,545
8451,554,555
8451,704,705
8452,535,536
8452,554,555
8452,705,706
8452,733,734
8453,488,489
8453,534,535
8453,554,555
8453,704,705
8454,535,536
8454,544,545
8454,554,555
8454,733,734
8455,544,545
8455,554,555
8455,704,705
8455,733,734
8456,534,535
8456,535,536
8456,554,555
8456,807,808
8457,535,536
8457,554,555
8457,705,706
8457,807,808
8458,458,459
8458,488,489
8458,534,535
8458,554,555
8459,554,555
8459,704,705
8459,724,725
8459,733,734
8460,458,459
8460,534,535
8460,554,555
8460,807,808
8461,458,459
8461,554,555
8461,705,706
8461,807,808
8462,488,489
8462,528,529
8462,554,555
8462,704,705
8463,528,529
8463,554,555
8463,704,705
8463,724,725
8464,554,555
8464,724,725
8464,733,734
8464,880,881
8465,554,555
8465,705,706
8465,733,734
8465,880,881
8466,528,529
8466,554,555
8466,724,725
8466,787,788
8467,458,459
8467,554,555
8467,571,572
8467,787,788
8468,458,459
8468,554,555
8468,571,572
8468,705,706
8469,554,555
8469,571,572
8469,705,706
8469,787,788
8470,554,555
8470,724,725
8470,787,788
8470,880,881
8471,554,555
8471,705,706
8471,787,788
8471,880,881
8472,458,459
8472,488,489
8472,528,529
8472,554,555
8473,458,459
8473,528,529
8473,554,555
8473,787,788
8474,134,135
8474,335,336
8474,381,382
8474,396,397
8475,115,116
8475,134,135
8475,335,336
8475,396,397
8476,232,233
8476,335,336
8476,381,382
8476,396,397
8477,60,61
8477,134,135
8477,335,336
8477,381,382
8478,42,43
8478,232,233
8478,335,336
8478,396,397
8479,42,43
8479,115,116
8479,335,336
8479,396,397
8480,115,116
8480,134,135
8480,305,306
8480,335,336
8481,42,43
8481,232,233
8481,335,336
8481,346,347
8482,42,43
8482,115,116
8482,335,336
8482,346,347
8483,134,135
8483,281,282
8483,305,306
8483,335,336
8484,60,61
8484,134,135
8484,281,282
8484,335,336
8485,232,233
8485,335,336
8485,338,339
8485,381,382
8486,60,61
8486,335,336
8486,338,339
8486,381,382
8487,60,61
8487,281,282
8487,335,336
8487,640,641
8488,281,282
8488,305,306
8488,335,336
8488,346,347
8489,115,116
8489,305,306
8489,335,336
8489,346,347
8490,232,233
8490,335,336
8490,338,339
8490,640,641
8491,60,61
8491,335,336
8491,338,339
8491,640,641
8492,281,282
8492,335,336
8492,355,356
8492,640,641
8493,232,233
8493,335,336
8493,355,356
8493,640,641
8494,232,233
8494,335,336
8494,346,347
8494,355,356
8495,214,215
8495,335,336
8495,346,347
8495,355,356
8496,214,215
8496,281,282
8496,335,336
8496,355,356
8497,214,215
8497,281,282
8497,335,336
8497,346,347
8498,462,463
8498,541,542
8498,623,624
8498,860,861
8499,462,463
8499,511,512
8499,623,624
8499,860,861
8500,462,463
8500,541,542
8500,658,659
8500,860,861
8501,462,463
8501,511,512
8501,658,659
8501,860,861
8502,362,363
8502,462,463
8502,541,542
8502,623,624
8503,462,463
8503,541,542
8503,658,659
8503,664,665
8504,316,317
8504,362,363
8504,462,463
8504,623,624
8505,316,317
8505,462,463
8505,511,512
8505,623,624
8506,204,205
8506,362,363
8506,462,463
8506,541,542
8507,204,205
8507,462,463
8507,541,542
8507,664,665
8508,462,463
8508,472,473
8508,653,654
8508,664,665
8509,204,205
8509,362,363
8509,462,463
8509,472,473
8510,204,205
8510,462,463
8510,472,473
8510,664,665
8511,316,317
8511,362,363
8511,462,463
8511,472,473
8512,289,290
8512,316,317
8512,462,463
8512,472,473
8513,289,290
8513,462,463
8513,472,473
8513,653,654
8514,242,243
8514,316,317
8514,462,463
8514,511,512
8515,427,428
8515,508,509
8515,517,518
8515,628,629
8516,508,509
8516,517,518
8516,518,519
8516,628,629
8517,230,231
8517,427,428
8517,508,509
8517,517,518
8518,230,231
8518,508,509
8518,517,518
8518,518,519
8519,230,231
8519,242,243
8519,508,509
8519,518,519
8520,242,243
8520,508,509
8520,511,512
8520,518,519
8521,508,509
8521,511,512
8521,622,623
8521,628,629
8522,508,509
8522,518,519
8522,622,623
8522,628,629
8523,508,509
8523,511,512
8523,518,519
8523,622,623
8524,230,231
8524,427,428
8524,508,509
8524,597,598
8525,230,231
8525,508,509
8525,597,598
8525,653,654
8526,427,428
8526,508,509
8526,597,598
8526,653,654
8527,376,377
8527,427,428
8527,508,509
8527,653,654
8528,376,377
8528,427,428
8528,508,509
8528,628,629
8529,242,243
8529,462,463
8529,508,509
8529,511,512
8530,230,231
8530,289,290
8530,508,509
8530,653,654
8531,289,290
8531,462,463
8531,508,509
8531,653,654
8532,376,377
8532,508,509
8532,653,654
8532,664,665
8533,376,377
8533,508,509
8533,628,629
8533,664,665
8534,462,463
8534,508,509
8534,653,654
8534,664,665
8535,508,509
8535,511,512
8535,628,629
8535,658,659
8536,462,463
8536,508,509
8536,511,512
8536,658,659
8537,242,243
8537,316,317
8537,462,463
8537,508,509
8538,289,290
8538,316,317
8538,462,463
8538,508,509
8539,508,509
8539,628,629
8539,658,659
8539,664,665
8540,462,463
8540,508,509
8540,658,659
8540,664,665
8541,242,243
8541,316,317
8541,487,488
8541,508,509
8542,230,231
8542,242,243
8542,487,488
8542,508,509
8543,289,290
8543,316,317
8543,487,488
8543,508,509
8544,230,231
8544,289,290
8544,487,488
8544,508,509
8545,644,645
8545,683,684
8545,693,694
8545,888,889
8546,644,645
8546,683,684
8546,693,694
8546,840,841
8547,600,601
8547,644,645
8547,683,684
8547,888,889
8548,600,601
8548,644,645
8548,683,684
8548,840,841
8549,471,472
8549,683,684
8549,693,694
8549,840,841
8550,600,601
8550,602,603
8550,683,684
8550,888,889
8551,552,553
8551,683,684
8551,693,694
8551,845,846
8552,552,553
8552,683,684
8552,845,846
8552,888,889
8553,683,684
8553,693,694
8553,845,846
8553,888,889
8554,477,478
8554,600,601
8554,683,684
8554,840,841
8555,471,472
8555,477,478
8555,683,684
8555,840,841
8556,449,450
8556,552,553
8556,683,684
8556,693,694
8557,449,450
8557,471,472
8557,683,684
8557,693,694
8558,552,553
8558,602,603
8558,660,661
8558,683,684
8559,602,603
8559,660,661
8559,683,684
8559,888,889
8560,552,553
8560,660,661
8560,683,684
8560,888,889
8561,477,478
8561,600,601
8561,602,603
8561,683,684
8562,449,450
8562,552,553
8562,602,603
8562,683,684
8563,477,478
8563,602,603
8563,643,644
8563,683,684
8564,471,472
8564,477,478
8564,643,644
8564,683,684
8565,449,450
8565,602,603
8565,643,644
8565,683,684
8566,449,450
8566,471,472
8566,643,644
8566,683,684
8567,1482,1483
8567,1561,1562
8567,1570,1571
8567,1614,1615
8568,1614,1615
8568,1625,1626
8568,1746,1747
8568,1777,1778
8569,1614,1615
8569,1623,1624
8569,1625,1626
8569,1777,1778
8570,1367,1368
8570,1614,1615
8570,1746,1747
8570,1777,1778
8571,1367,1368
8571,1561,1562
8571,1614,1615
8571,1777,1778
8572,1367,1368
8572,1570,1571
8572,1614,1615
8572,1746,1747
8573,1367,1368
8573,1561,1562
8573,1570,1571
8573,1614,1615
8574,1443,1444
8574,1561,1562
8574,1614,1615
8574,1777,1778
8575,1443,1444
8575,1482,1483
8575,1614,1615
8575,1623,1624
8576,1443,1444
8576,1482,1483
8576,1561,1562
8576,1614,1615
8577,1570,1571
8577,1614,1615
8577,1634,1635
8577,1746,1747
8578,1579,1580
8578,1614,1615
8578,1623,1624
8578,1625,1626
8579,1443,1444
8579,1614,1615
8579,1718,1719
8579,1777,1778
8580,1614,1615
8580,1623,1624
8580,1718,1719
8580,1777,1778
8581,1443,1444
8581,1614,1615
8581,1623,1624
8581,1718,1719
8582,1614,1615
8582,1625,1626
8582,1742,1743
8582,1746,1747
8583,1614,1615
8583,1634,1635
8583,1742,1743
8583,1746,1747
8584,1579,1580
8584,1614,1615
8584,1623,1624
8584,1761,1762
8585,1482,1483
8585,1614,1615
8585,1623,1624
8585,1761,1762
8586,1579,1580
8586,1614,1615
8586,1625,1626
8586,1742,1743
8587,1579,1580
8587,1614,1615
8587,1634,1635
8587,1742,1743
8588,1579,1580
8588,1614,1615
8588,1634,1635
8588,1761,1762
8589,1570,1571
8589,1614,1615
8589,1634,1635
8589,1792,1793
8590,1614,1615
8590,1634,1635
8590,1761,1762
8590,1792,1793
8591,1482,1483
8591,1570,1571
8591,1614,1615
8591,1792,1793
8592,1482,1483
8592,1614,1615
8592,1761,1762
8592,1792,1793
8593,1460,1461
8593,1561,1562
8593,1570,1571
8593,1639,1640
8594,1367,1368
8594,1561,1562
8594,1570,1571
8594,1639,1640
8595,1367,1368
8595,1560,1561
8595,1561,1562
8595,1639,1640
8596,1418,1419
8596,1576,1577
8596,1764,1765
8596,1770,1771
8597,1364,1365
8597,1418,1419
8597,1576,1577
8597,1770,1771
8598,1418,1419
8598,1539,1540
8598,1576,1577
8598,1764,1765
8599,1364,1365
8599,1418,1419
8599,1539,1540
8599,1576,1577
8600,1364,1365
8600,1464,1465
8600,1539,1540
8600,1576,1577
8601,1474,1475
8601,1539,1540
8601,1576,1577
8601,1764,1765
8602,1379,1380
8602,1474,1475
8602,1576,1577
8602,1764,1765
8603,1464,1465
8603,1502,1503
8603,1576,1577
8603,1782,1783
8604,1364,1365
8604,1464,1465
8604,1502,1503
8604,1576,1577
8605,1379,1380
8605,1576,1577
8605,1764,1765
8605,1788,1789
8606,1576,1577
8606,1764,1765
8606,1770,1771
8606,1788,1789
8607,1364,1365
8607,1455,1456
8607,1576,1577
8607,1770,1771
8608,1364,1365
8608,1455,1456
8608,1502,1503
8608,1576,1577
8609,1379,1380
8609,1576,1577
8609,1745,1746
8609,1782,1783
8610,1379,1380
8610,1576,1577
8610,1745,1746
8610,1788,1789
8611,1576,1577
8611,1745,1746
8611,1770,1771
8611,1788,1789
8612,1379,1380
8612,1474,1475
8612,1576,1577
8612,1626,1627
8613,1379,1380
8613,1576,1577
8613,1626,1627
8613,1782,1783
8614,1455,1456
8614,1576,1577
8614,1745,1746
8614,1770,1771
8615,1486,1487
8615,1502,1503
8615,1576,1577
8615,1782,1783
8616,1455,1456
8616,1486,1487
8616,1502,1503
8616,1576,1577
8617,1373,1374
8617,1464,1465
8617,1576,1577
8617,1782,1783
8618,1486,1487
8618,1576,1577
8618,1745,1746
8618,1782,1783
8619,1455,1456
8619,1486,1487
8619,1576,1577
8619,1745,1746
8620,1135,1136
8620,1364,1365
8620,1418,1419
8620,1466,1467
8621,1135,1136
8621,1364,1365
8621,1381,1382
8621,1466,1467
8622,1364,1365
8622,1418,1419
8622,1466,1467
8622,1770,1771
8623,1364,1365
8623,1381,1382
8623,1455,1456
8623,1466,1467
8624,1364,1365
8624,1455,1456
8624,1466,1467
8624,1770,1771
8625,1135,1136
8625,1400,1401
8625,1466,1467
8625,1522,1523
8626,1135,1136
8626,1418,1419
8626,1466,1467
8626,1522,1523
8627,1135,1136
8627,1400,1401
8627,1466,1467
8627,1473,1474
8628,1135,1136
8628,1381,1382
8628,1466,1467
8628,1473,1474
8629,1381,1382
8629,1443,1444
8629,1466,1467
8629,1561,1562
8630,1443,1444
8630,1466,1467
8630,1561,1562
8630,1770,1771
8631,1381,1382
8631,1443,1444
8631,1455,1456
8631,1466,1467
8632,1443,1444
8632,1455,1456
8632,1466,1467
8632,1770,1771
8633,1400,1401
8633,1466,1467
8633,1522,1523
8633,1639,1640
8634,1418,1419
8634,1466,1467
8634,1522,1523
8634,1770,1771
8635,1460,1461
8635,1466,1467
8635,1561,1562
8635,1770,1771
8636,1460,1461
8636,1466,1467
8636,1561,1562
8636,1639,1640
8637,1400,1401
8637,1466,1467
8637,1560,1561
8637,1639,1640
8638,1466,1467
8638,1560,1561
8638,1561,1562
8638,1639,1640
8639,1381,1382
8639,1411,1412
8639,1466,1467
8639,1560,1561
8640,1411,1412
8640,1466,1467
8640,1560,1561
8640,1561,1562
8641,1381,1382
8641,1411,1412
8641,1466,1467
8641,1561,1562
8642,1276,1277
8642,1400,1401
8642,1466,1467
8642,1560,1561
8643,1276,1277
8643,1466,1467
8643,1473,1474
8643,1560,1561
8644,1276,1277
8644,1400,1401
8644,1466,1467
8644,1473,1474
8645,1125,1126
8645,1381,1382
8645,1466,1467
8645,1560,1561
8646,1125,1126
8646,1466,1467
8646,1473,1474
8646,1560,1561
8647,1125,1126
8647,1381,1382
8647,1466,1467
8647,1473,1474
8648,1460,1461
8648,1466,1467
8648,1522,1523
8648,1770,1771
8649,1460,1461
8649,1466,1467
8649,1522,1523
8649,1639,1640
8650,708,709
8650,984,985
8650,991,992
8650,1033,1034
8651,708,709
8651,991,992
8651,1033,1034
8651,1071,1072
8652,694,695
8652,708,709
8652,991,992
8652,1071,1072
8653,694,695
8653,708,709
8653,968,969
8653,991,992
8654,708,709
8654,968,969
8654,984,985
8654,991,992
8655,694,695
8655,968,969
8655,991,992
8655,1080,1081
8656,968,969
8656,984,985
8656,991,992
8656,1080,1081
8657,694,695
8657,989,990
8657,991,992
8657,1071,1072
8658,694,695
8658,989,990
8658,991,992
8658,1080,1081
8659,727,728
8659,919,920
8659,991,992
8659,1029,1030
8660,727,728
8660,984,985
8660,991,992
8660,1029,1030
8661,919,920
8661,991,992
8661,1030,1031
8661,1033,1034
8662,991,992
8662,1030,1031
8662,1033,1034
8662,1071,1072
8663,919,920
8663,989,990
8663,991,992
8663,1029,1030
8664,989,990
8664,991,992
8664,1029,1030
8664,1080,1081
8665,984,985
8665,991,992
8665,1029,1030
8665,1080,1081
8666,919,920
8666,991,992
8666,1030,1031
8666,1165,1166
8667,991,992
8667,1030,1031
8667,1071,1072
8667,1165,1166
8668,919,920
8668,989,990
8668,991,992
8668,1165,1166
8669,989,990
8669,991,992
8669,1071,1072
8669,1165,1166
8670,707,708
8670,798,799
8670,806,807
8670,877,878
8671,798,799
8671,806,807
8671,851,852
8671,877,878
8672,707,708
8672,798,799
8672,851,852
8672,877,878
8673,806,807
8673,868,869
8673,877,878
8673,887,888
8674,707,708
8674,806,807
8674,868,869
8674,877,878
8675,806,807
8675,877,878
8675,887,888
8675,984,985
8676,806,807
8676,851,852
8676,877,878
8676,984,985
8677,611,612
8677,707,708
8677,868,869
8677,877,878
8678,851,852
8678,877,878
8678,984,985
8678,1080,1081
8679,868,869
8679,877,878
8679,880,881
8679,887,888
8680,611,612
8680,868,869
8680,877,878
8680,880,881
8681,611,612
8681,707,708
8681,877,878
8681,894,895
8682,877,878
8682,968,969
8682,984,985
8682,1080,1081
8683,877,878
8683,887,888
8683,968,969
8683,984,985
8684,851,852
8684,877,878
8684,938,939
8684,1080,1081
8685,707,708
8685,851,852
8685,877,878
8685,938,939
8686,877,878
8686,880,881
8686,887,888
8686,968,969
8687,877,878
8687,894,895
8687,938,939
8687,1080,1081
8688,707,708
8688,877,878
8688,894,895
8688,938,939
8689,877,878
8689,894,895
8689,1061,1062
8689,1080,1081
8690,877,878
8690,968,969
8690,1061,1062
8690,1080,1081
8691,862,863
8691,877,878
8691,880,881
8691,968,969
8692,862,863
8692,877,878
8692,968,969
8692,1061,1062
8693,611,612
8693,862,863
8693,877,878
8693,880,881
8694,862,863
8694,877,878
8694,894,895
8694,1061,1062
8695,611,612
8695,862,863
8695,877,878
8695,894,895
8696,986,987
8696,1003,1004
8696,1004,1005
8696,1013,1014
8697,992,993
8697,1004,1005
8697,1013,1014
8697,1192,1193
8698,965,966
8698,992,993
8698,1013,1014
8698,1192,1193
8699,682,683
8699,965,966
8699,1013,1014
8699,1192,1193
8700,769,770
8700,820,821
8700,854,855
8700,1003,1004
8701,682,683
8701,854,855
8701,1003,1004
8701,1013,1014
8702,820,821
8702,854,855
8702,1003,1004
8702,1024,1025
8703,682,683
8703,854,855
8703,1003,1004
8703,1024,1025
8704,682,683
8704,867,868
8704,1024,1025
8704,1114,1115
8705,808,809
8705,820,821
8705,843,844
8705,1024,1025
8706,808,809
8706,843,844
8706,859,860
8706,1024,1025
8707,769,770
8707,820,821
8707,854,855
8707,1024,1025
8708,769,770
8708,820,821
8708,843,844
8708,1024,1025
8709,734,735
8709,753,754
8709,859,860
8709,1024,1025
8710,753,754
8710,843,844
8710,859,860
8710,1024,1025
8711,734,735
8711,753,754
8711,867,868
8711,1024,1025
8712,687,688
8712,769,770
8712,843,844
8712,1024,1025
8713,687,688
8713,753,754
8713,843,844
8713,1024,1025
8714,687,688
8714,753,754
8714,755,756
8714,1024,1025
8715,753,754
8715,755,756
8715,867,868
8715,1024,1025
8716,965,966
8716,974,975
8716,1066,1067
8716,1114,1115
8717,682,683
8717,867,868
8717,1066,1067
8717,1114,1115
8718,682,683
8718,965,966
8718,1066,1067
8718,1114,1115
8719,682,683
8719,867,868
8719,965,966
8719,1066,1067
8720,914,915
8720,974,975
8720,1063,1064
8720,1066,1067
8721,965,966
8721,974,975
8721,1063,1064
8721,1066,1067
8722,965,966
8722,1050,1051
8722,1063,1064
8722,1066,1067
8723,694,695
8723,708,709
8723,914,915
8723,1066,1067
8724,694,695
8724,1050,1051
8724,1063,1064
8724,1066,1067
8725,694,695
8725,708,709
8725,780,781
8725,1066,1067
8726,694,695
8726,780,781
8726,1050,1051
8726,1066,1067
8727,779,780
8727,780,781
8727,1050,1051
8727,1066,1067
8728,779,780
8728,780,781
8728,867,868
8728,1066,1067
8729,779,780
8729,965,966
8729,1050,1051
8729,1066,1067
8730,779,780
8730,867,868
8730,965,966
8730,1066,1067
8731,694,695
8731,914,915
8731,1066,1067
8731,1071,1072
8732,694,695
8732,1063,1064
8732,1066,1067
8732,1071,1072
8733,914,915
8733,1063,1064
8733,1066,1067
8733,1071,1072
8734,908,909
8734,952,953
8734,1235,1236
8734,1331,1332
8735,908,909
8735,1015,1016
8735,1151,1152
8735,1235,1236
8736,908,909
8736,1151,1152
8736,1235,1236
8736,1331,1332
8737,908,909
8737,952,953
8737,1047,1048
8737,1331,1332
8738,908,909
8738,1015,1016
8738,1151,1152
8738,1154,1155
8739,908,909
8739,1047,1048
8739,1185,1186
8739,1331,1332
8740,908,909
8740,1151,1152
8740,1185,1186
8740,1331,1332
8741,908,909
8741,1015,1016
8741,1154,1155
8741,1282,1283
8742,908,909
8742,1047,1048
8742,1154,1155
8742,1185,1186
8743,908,909
8743,1151,1152
8743,1154,1155
8743,1185,1186
8744,908,909
8744,1004,1005
8744,1154,1155
8744,1282,1283
8745,908,909
8745,1004,1005
8745,1192,1193
8745,1282,1283
8746,908,909
8746,1015,1016
8746,1248,1249
8746,1282,1283
8747,908,909
8747,1192,1193
8747,1248,1249
8747,1282,1283
8748,908,909
8748,1015,1016
8748,1192,1193
8748,1248,1249
8749,908,909
8749,1004,1005
8749,1047,1048
8749,1154,1155
8750,952,953
8750,986,987
8750,1056,1057
8750,1089,1090
8751,931,932
8751,952,953
8751,1056,1057
8751,1089,1090
8752,986,987
8752,1003,1004
8752,1089,1090
8752,1105,1106
8753,986,987
8753,1003,1004
8753,1013,1014
8753,1089,1090
8754,682,683
8754,1089,1090
8754,1114,1115
8754,1192,1193
8755,986,987
8755,1004,1005
8755,1013,1014
8755,1089,1090
8756,1004,1005
8756,1013,1014
8756,1089,1090
8756,1192,1193
8757,986,987
8757,1004,1005
8757,1047,1048
8757,1089,1090
8758,952,953
8758,986,987
8758,1047,1048
8758,1089,1090
8759,908,909
8759,1004,1005
8759,1089,1090
8759,1192,1193
8760,682,683
8760,1013,1014
8760,1089,1090
8760,1192,1193
8761,682,683
8761,1003,1004
8761,1013,1014
8761,1089,1090
8762,908,909
8762,1004,1005
8762,1047,1048
8762,1089,1090
8763,908,909
8763,952,953
8763,1047,1048
8763,1089,1090
8764,773,774
8764,965,966
8764,1050,1051
8764,1063,1064
8765,773,774
8765,1050,1051
8765,1063,1064
8765,1081,1082
8766,773,774
8766,936,937
8766,1050,1051
8766,1081,1082
8767,773,774
8767,918,919
8767,965,966
8767,992,993
8768,773,774
8768,918,919
8768,965,966
8768,1063,1064
8769,773,774
8769,915,916
8769,1063,1064
8769,1081,1082
8770,773,774
8770,918,919
8770,1063,1064
8770,1067,1068
8771,773,774
8771,915,916
8771,1063,1064
8771,1067,1068
8772,773,774
8772,826,827
8772,936,937
8772,1081,1082
8773,445,446
8773,479,480
8773,644,645
8773,746,747
8774,445,446
8774,479,480
8774,545,546
8774,888,889
8775,445,446
8775,479,480
8775,644,645
8775,888,889
8776,445,446
8776,479,480
8776,545,546
8776,737,738
8777,445,446
8777,479,480
8777,737,738
8777,746,747
8778,445,446
8778,459,460
8778,545,546
8778,888,889
8779,445,446
8779,459,460
8779,644,645
8779,888,889
8780,445,446
8780,504,505
8780,545,546
8780,737,738
8781,439,440
8781,445,446
8781,504,505
8781,737,738
8782,445,446
8782,459,460
8782,644,645
8782,645,646
8783,445,446
8783,459,460
8783,467,468
8783,545,546
8784,445,446
8784,467,468
8784,504,505
8784,545,546
8785,439,440
8785,445,446
8785,737,738
8785,852,853
8786,439,440
8786,445,446
8786,746,747
8786,852,853
8787,445,446
8787,737,738
8787,746,747
8787,852,853
8788,439,440
8788,445,446
8788,607,608
8788,645,646
8789,445,446
8789,607,608
8789,644,645
8789,645,646
8790,445,446
8790,607,608
8790,644,645
8790,746,747
8791,439,440
8791,445,446
8791,467,468
8791,645,646
8792,439,440
8792,445,446
8792,467,468
8792,504,505
8793,445,446
8793,459,460
8793,467,468
8793,645,646
8794,439,440
8794,445,446
8794,607,608
8794,890,891
8795,439,440
8795,445,446
8795,746,747
8795,890,891
8796,445,446
8796,607,608
8796,746,747
8796,890,891
8797,681,682
8797,799,800
8797,874,875
8797,884,885
8798,681,682
8798,838,839
8798,874,875
8798,884,885
8799,799,800
8799,838,839
8799,874,875
8799,884,885
8800,737,738
8800,746,747
8800,874,875
8800,890,891
8801,737,738
8801,746,747
8801,848,849
8801,874,875
8802,737,738
8802,838,839
8802,848,849
8802,874,875
8803,681,682
8803,732,733
8803,874,875
8803,1098,1099
8804,732,733
8804,874,875
8804,890,891
8804,1098,1099
8805,681,682
8805,732,733
8805,850,851
8805,874,875
8806,681,682
8806,874,875
8806,1048,1049
8806,1098,1099
8807,681,682
8807,838,839
8807,874,875
8807,1048,1049
8808,852,853
8808,874,875
8808,890,891
8808,1098,1099
8809,737,738
8809,852,853
8809,874,875
8809,890,891
8810,201,202
8810,250,251
8810,260,261
8810,560,561
8811,201,202
8811,260,261
8811,560,561
8811,609,610
8812,201,202
8812,260,261
8812,506,507
8812,551,552
8813,201,202
8813,405,406
8813,551,552
8813,609,610
8814,201,202
8814,260,261
8814,405,406
8814,551,552
8815,201,202
8815,260,261
8815,405,406
8815,609,610
8816,201,202
8816,339,340
8816,506,507
8816,551,552
8817,201,202
8817,250,251
8817,260,261
8817,421,422
8818,201,202
8818,260,261
8818,421,422
8818,506,507
8819,201,202
8819,531,532
8819,560,561
8819,609,610
8820,201,202
8820,309,310
8820,513,514
8820,551,552
8821,201,202
8821,309,310
8821,484,485
8821,513,514
8822,201,202
8822,339,340
8822,513,514
8822,551,552
8823,201,202
8823,339,340
8823,484,485
8823,513,514
8824,201,202
8824,339,340
8824,360,361
8824,484,485
8825,201,202
8825,250,251
8825,360,361
8825,484,485
8826,201,202
8826,339,340
8826,360,361
8826,506,507
8827,201,202
8827,250,251
8827,360,361
8827,421,422
8828,201,202
8828,360,361
8828,421,422
8828,506,507
8829,201,202
8829,309,310
8829,531,532
8829,663,664
8830,201,202
8830,531,532
8830,560,561
8830,663,664
8831,201,202
8831,309,310
8831,521,522
8831,551,552
8832,201,202
8832,309,310
8832,521,522
8832,531,532
8833,201,202
8833,521,522
8833,551,552
8833,609,610
8834,201,202
8834,521,522
8834,531,532
8834,609,610
8835,201,202
8835,560,561
8835,651,652
8835,663,664
8836,201,202
8836,250,251
8836,560,561
8836,651,652
8837,201,202
8837,309,310
8837,651,652
8837,663,664
8838,201,202
8838,309,310
8838,484,485
8838,651,652
8839,201,202
8839,250,251
8839,484,485
8839,651,652
8840,1420,1421
8840,1497,1498
8840,1751,1752
8840,1773,1774
8841,1497,1498
8841,1751,1752
8841,1773,1774
8841,1778,1779
8842,1370,1371
8842,1420,1421
8842,1497,1498
8842,1751,1752
8843,1370,1371
8843,1497,1498
8843,1751,1752
8843,1778,1779
8844,1370,1371
8844,1401,1402
8844,1420,1421
8844,1751,1752
8845,1401,1402
8845,1420,1421
8845,1463,1464
8845,1751,1752
8846,1382,1383
8846,1420,1421
8846,1751,1752
8846,1773,1774
8847,1382,1383
8847,1515,1516
8847,1751,1752
8847,1773,1774
8848,1499,1500
8848,1515,1516
8848,1751,1752
8848,1773,1774
8849,1499,1500
8849,1751,1752
8849,1773,1774
8849,1778,1779
8850,1370,1371
8850,1401,1402
8850,1448,1449
8850,1751,1752
8851,1382,1383
8851,1420,1421
8851,1463,1464
8851,1751,1752
8852,1382,1383
8852,1463,1464
8852,1515,1516
8852,1751,1752
8853,1463,1464
8853,1515,1516
8853,1615,1616
8853,1751,1752
8854,1499,1500
8854,1515,1516
8854,1615,1616
8854,1751,1752
8855,1499,1500
8855,1615,1616
8855,1751,1752
8855,1778,1779
8856,1401,1402
8856,1448,1449
8856,1463,1464
8856,1751,1752
8857,1448,1449
8857,1463,1464
8857,1615,1616
8857,1751,1752
8858,1370,1371
8858,1448,1449
8858,1462,1463
8858,1751,1752
8859,1370,1371
8859,1462,1463
8859,1751,1752
8859,1778,1779
8860,1448,1449
8860,1615,1616
8860,1733,1734
8860,1751,1752
8861,1615,1616
8861,1733,1734
8861,1751,1752
8861,1778,1779
8862,1448,1449
8862,1462,1463
8862,1733,1734
8862,1751,1752
8863,1462,1463
8863,1733,1734
8863,1751,1752
8863,1778,1779
8864,1259,1260
8864,1540,1541
8864,1542,1543
8864,1562,1563
8865,1259,1260
8865,1428,1429
8865,1540,1541
8865,1562,1563
8866,1428,1429
8866,1526,1527
8866,1540,1541
8866,1562,1563
8867,1378,1379
8867,1540,1541
8867,1542,1543
8867,1562,1563
8868,1378,1379
8868,1526,1527
8868,1540,1541
8868,1562,1563
8869,1259,1260
8869,1382,1383
8869,1428,1429
8869,1562,1563
8870,1378,1379
8870,1526,1527
8870,1562,1563
8870,1616,1617
8871,1378,1379
8871,1542,1543
8871,1562,1563
8871,1606,1607
8872,1378,1379
8872,1562,1563
8872,1606,1607
8872,1616,1617
8873,1382,1383
8873,1428,1429
8873,1515,1516
8873,1562,1563
8874,1361,1362
8874,1526,1527
8874,1562,1563
8874,1616,1617
8875,1361,1362
8875,1428,1429
8875,1526,1527
8875,1562,1563
8876,1259,1260
8876,1382,1383
8876,1562,1563
8876,1725,1726
8877,1562,1563
8877,1606,1607
8877,1616,1617
8877,1773,1774
8878,1382,1383
8878,1515,1516
8878,1562,1563
8878,1773,1774
8879,1515,1516
8879,1562,1563
8879,1616,1617
8879,1773,1774
8880,1361,1362
8880,1515,1516
8880,1562,1563
8880,1616,1617
8881,1361,1362
8881,1428,1429
8881,1515,1516
8881,1562,1563
8882,1535,1536
8882,1562,1563
8882,1606,1607
8882,1725,1726
8883,1535,1536
8883,1542,1543
8883,1562,1563
8883,1606,1607
8884,1562,1563
8884,1606,1607
8884,1725,1726
8884,1773,1774
8885,1382,1383
8885,1562,1563
8885,1725,1726
8885,1773,1774
8886,1245,1246
8886,1259,1260
8886,1562,1563
8886,1725,1726
8887,1245,1246
8887,1259,1260
8887,1542,1543
8887,1562,1563
8888,1245,1246
8888,1535,1536
8888,1562,1563
8888,1725,1726
8889,1245,1246
8889,1535,1536
8889,1542,1543
8889,1562,1563
8890,924,925
8890,941,942
8890,944,945
8890,1263,1264
8891,924,925
8891,941,942
8891,1075,1076
8891,1263,1264
8892,941,942
8892,956,957
8892,1075,1076
8892,1263,1264
8893,941,942
8893,944,945
8893,1137,1138
8893,1159,1160
8894,924,925
8894,941,942
8894,944,945
8894,1137,1138
8895,941,942
8895,944,945
8895,1159,1160
8895,1169,1170
8896,924,925
8896,941,942
8896,1026,1027
8896,1075,1076
8897,941,942
8897,956,957
8897,1026,1027
8897,1075,1076
8898,941,942
8898,956,957
8898,1026,1027
8898,1141,1142
8899,941,942
8899,944,945
8899,1169,1170
8899,1241,1242
8900,941,942
8900,944,945
8900,1241,1242
8900,1263,1264
8901,941,942
8901,1169,1170
8901,1241,1242
8901,1263,1264
8902,941,942
8902,1137,1138
8902,1159,1160
8902,1287,1288
8903,941,942
8903,1141,1142
8903,1159,1160
8903,1287,1288
8904,941,942
8904,1137,1138
8904,1141,1142
8904,1287,1288
8905,924,925
8905,941,942
8905,1026,1027
8905,1137,1138
8906,941,942
8906,1026,1027
8906,1137,1138
8906,1141,1142
8907,941,942
8907,1006,1007
8907,1159,1160
8907,1169,1170
8908,941,942
8908,956,957
8908,1006,1007
8908,1141,1142
8909,941,942
8909,1006,1007
8909,1030,1031
8909,1169,1170
8910,941,942
8910,1030,1031
8910,1169,1170
8910,1263,1264
8911,941,942
8911,956,957
8911,1006,1007
8911,1030,1031
8912,941,942
8912,956,957
8912,1030,1031
8912,1263,1264
8913,941,942
8913,1006,1007
8913,1159,1160
8913,1286,1287
8914,941,942
8914,1141,1142
8914,1159,1160
8914,1286,1287
8915,941,942
8915,1006,1007
8915,1141,1142
8915,1286,1287
8916,1058,1059
8916,1140,1141
8916,1213,1214
8916,1292,1293
8917,1058,1059
8917,1213,1214
8917,1237,1238
8917,1292,1293
8918,932,933
8918,1058,1059
8918,1213,1214
8918,1237,1238
8919,932,933
8919,1213,1214
8919,1237,1238
8919,1292,1293
8920,1058,1059
8920,1140,1141
8920,1213,1214
8920,1412,1413
8921,945,946
8921,1140,1141
8921,1213,1214
8921,1292,1293
8922,932,933
8922,945,946
8922,1213,1214
8922,1292,1293
8923,1140,1141
8923,1213,1214
8923,1251,1252
8923,1412,1413
8924,932,933
8924,945,946
8924,1213,1214
8924,1227,1228
8925,945,946
8925,1203,1204
8925,1213,1214
8925,1254,1255
8926,945,946
8926,1203,1204
8926,1213,1214
8926,1227,1228
8927,945,946
8927,1140,1141
8927,1220,1221
8927,1330,1331
8928,1140,1141
8928,1251,1252
8928,1330,1331
8928,1518,1519
8929,1140,1141
8929,1220,1221
8929,1330,1331
8929,1518,1519
8930,1140,1141
8930,1213,1214
8930,1251,1252
8930,1330,1331
8931,945,946
8931,1140,1141
8931,1213,1214
8931,1330,1331
8932,1251,1252
8932,1303,1304
8932,1330,1331
8932,1518,1519
8933,1213,1214
8933,1251,1252
8933,1254,1255
8933,1330,1331
8934,945,946
8934,1213,1214
8934,1254,1255
8934,1330,1331
8935,1303,1304
8935,1330,1331
8935,1346,1347
8935,1518,1519
8936,1251,1252
8936,1254,1255
8936,1303,1304
8936,1330,1331
8937,945,946
8937,1196,1197
8937,1220,1221
8937,1330,1331
8938,945,946
8938,1196,1197
8938,1254,1255
8938,1330,1331
8939,1300,1301
8939,1330,1331
8939,1346,1347
8939,1518,1519
8940,1300,1301
8940,1316,1317
8940,1330,1331
8940,1346,1347
8941,1220,1221
8941,1300,1301
8941,1330,1331
8941,1518,1519
8942,1220,1221
8942,1300,1301
8942,1316,1317
8942,1330,1331
8943,1196,1197
8943,1316,1317
8943,1330,1331
8943,1346,1347
8944,1196,1197
8944,1220,1221
8944,1316,1317
8944,1330,1331
8945,1126,1127
8945,1196,1197
8945,1254,1255
8945,1330,1331
8946,1126,1127
8946,1196,1197
8946,1330,1331
8946,1346,1347
8947,1126,1127
8947,1254,1255
8947,1303,1304
8947,1330,1331
8948,1126,1127
8948,1303,1304
8948,1330,1331
8948,1346,1347
8949,722,723
8949,790,791
8949,829,830
8949,1093,1094
8950,688,689
8950,722,723
8950,790,791
8950,829,830
8951,688,689
8951,790,791
8951,829,830
8951,859,860
8952,790,791
8952,829,830
8952,1087,1088
8952,1093,1094
8953,790,791
8953,829,830
8953,859,860
8953,1087,1088
8954,790,791
8954,832,833
8954,835,836
8954,1093,1094
8955,722,723
8955,790,791
8955,832,833
8955,1093,1094
8956,790,791
8956,808,809
8956,835,836
8956,1093,1094
8957,790,791
8957,808,809
8957,1087,1088
8957,1093,1094
8958,790,791
8958,808,809
8958,859,860
8958,1087,1088
8959,790,791
8959,832,833
8959,835,836
8959,885,886
8960,722,723
8960,790,791
8960,832,833
8960,885,886
8961,688,689
8961,790,791
8961,843,844
8961,859,860
8962,790,791
8962,808,809
8962,835,836
8962,948,949
8963,688,689
8963,790,791
8963,813,814
8963,843,844
8964,790,791
8964,808,809
8964,843,844
8964,948,949
8965,790,791
8965,808,809
8965,843,844
8965,859,860
8966,745,746
8966,790,791
8966,813,814
8966,885,886
8967,722,723
8967,745,746
8967,790,791
8967,885,886
8968,688,689
8968,745,746
8968,790,791
8968,813,814
8969,688,689
8969,722,723
8969,745,746
8969,790,791
8970,790,791
8970,835,836
8970,885,886
8970,948,949
8971,790,791
8971,813,814
8971,843,844
8971,1021,1022
8972,790,791
8972,885,886
8972,948,949
8972,1021,1022
8973,790,791
8973,843,844
8973,948,949
8973,1021,1022
8974,556,557
8974,790,791
8974,813,814
8974,1021,1022
8975,556,557
8975,790,791
8975,813,814
8975,885,886
8976,556,557
8976,790,791
8976,885,886
8976,1021,1022
8977,1357,1358
8977,1440,1441
8977,1449,1450
8977,1548,1549
8978,1357,1358
8978,1366,1367
8978,1449,1450
8978,1548,1549
8979,1366,1367
8979,1449,1450
8979,1548,1549
8979,1635,1636
8980,1449,1450
8980,1501,1502
8980,1548,1549
8980,1635,1636
8981,1440,1441
8981,1449,1450
8981,1501,1502
8981,1548,1549
8982,1357,1358
8982,1366,1367
8982,1419,1420
8982,1548,1549
8983,1366,1367
8983,1419,1420
8983,1548,1549
8983,1635,1636
8984,1357,1358
8984,1363,1364
8984,1440,1441
8984,1548,1549
8985,1357,1358
8985,1363,1364
8985,1419,1420
8985,1548,1549
8986,1440,1441
8986,1501,1502
8986,1548,1549
8986,1781,1782
8987,1363,1364
8987,1419,1420
8987,1548,1549
8987,1554,1555
8988,1419,1420
8988,1548,1549
8988,1554,1555
8988,1635,1636
8989,1363,1364
8989,1505,1506
8989,1548,1549
8989,1554,1555
8990,1363,1364
8990,1423,1424
8990,1548,1549
8990,1781,1782
8991,1423,1424
8991,1440,1441
8991,1548,1549
8991,1781,1782
8992,1363,1364
8992,1423,1424
8992,1440,1441
8992,1548,1549
8993,1363,1364
8993,1505,1506
8993,1548,1549
8993,1655,1656
8994,1363,1364
8994,1548,1549
8994,1655,1656
8994,1781,1782
8995,1468,1469
8995,1505,1506
8995,1548,1549
8995,1554,1555
8996,1468,1469
8996,1501,1502
8996,1548,1549
8996,1596,1597
8997,1501,1502
8997,1548,1549
8997,1596,1597
8997,1635,1636
8998,1468,1469
8998,1548,1549
8998,1596,1597
8998,1635,1636
8999,1468,1469
8999,1505,1506
8999,1536,1537
8999,1548,1549
9000,1501,1502
9000,1536,1537
9000,1548,1549
9000,1781,1782
9001,1468,1469
9001,1501,1502
9001,1536,1537
9001,1548,1549
9002,1505,1506
9002,1536,1537
9002,1548,1549
9002,1655,1656
9003,1536,1537
9003,1548,1549
9003,1655,1656
9003,1781,1782
9004,1439,1440
9004,1468,1469
9004,1548,1549
9004,1554,1555
9005,1439,1440
9005,1468,1469
9005,1548,1549
9005,1635,1636
9006,1439,1440
9006,1548,1549
9006,1554,1555
9006,1635,1636
9007,1124,1125
9007,1272,1273
9007,1290,1291
9007,1530,1531
9008,1272,1273
9008,1290,1291
9008,1530,1531
9008,1557,1558
9009,1124,1125
9009,1212,1213
9009,1272,1273
9009,1290,1291
9010,1212,1213
9010,1272,1273
9010,1290,1291
9010,1557,1558
9011,1124,1125
9011,1272,1273
9011,1356,1357
9011,1530,1531
9012,1174,1175
9012,1272,1273
9012,1356,1357
9012,1530,1531
9013,1174,1175
9013,1272,1273
9013,1530,1531
9013,1557,1558
9014,1124,1125
9014,1212,1213
9014,1272,1273
9014,1350,1351
9015,1124,1125
9015,1272,1273
9015,1350,1351
9015,1356,1357
9016,1062,1063
9016,1272,1273
9016,1350,1351
9016,1356,1357
9017,1174,1175
9017,1272,1273
9017,1423,1424
9017,1557,1558
9018,1212,1213
9018,1272,1273
9018,1423,1424
9018,1557,1558
9019,1062,1063
9019,1272,1273
9019,1356,1357
9019,1446,1447
9020,1174,1175
9020,1272,1273
9020,1356,1357
9020,1446,1447
9021,1174,1175
9021,1272,1273
9021,1446,1447
9021,1458,1459
9022,955,956
9022,1139,1140
9022,1179,1180
9022,1235,1236
9023,931,932
9023,955,956
9023,1139,1140
9023,1179,1180
9024,952,953
9024,955,956
9024,1179,1180
9024,1235,1236
9025,931,932
9025,952,953
9025,955,956
9025,1179,1180
9026,1015,1016
9026,1139,1140
9026,1179,1180
9026,1235,1236
9027,908,909
9027,1015,1016
9027,1179,1180
9027,1235,1236
9028,908,909
9028,952,953
9028,1179,1180
9028,1235,1236
9029,931,932
9029,952,953
9029,1089,1090
9029,1179,1180
9030,908,909
9030,952,953
9030,1089,1090
9030,1179,1180
9031,1015,1016
9031,1139,1140
9031,1179,1180
9031,1260,1261
9032,974,975
9032,1015,1016
9032,1179,1180
9032,1260,1261
9033,974,975
9033,1015,1016
9033,1179,1180
9033,1192,1193
9034,908,909
9034,1015,1016
9034,1179,1180
9034,1192,1193
9035,908,909
9035,1089,1090
9035,1179,1180
9035,1192,1193
9036,1115,1116
9036,1139,1140
9036,1179,1180
9036,1260,1261
9037,974,975
9037,1115,1116
9037,1179,1180
9037,1260,1261
9038,974,975
9038,1114,1115
9038,1115,1116
9038,1179,1180
9039,931,932
9039,1115,1116
9039,1139,1140
9039,1179,1180
9040,931,932
9040,1114,1115
9040,1115,1116
9040,1179,1180
9041,974,975
9041,1114,1115
9041,1179,1180
9041,1192,1193
9042,1089,1090
9042,1114,1115
9042,1179,1180
9042,1192,1193
9043,931,932
9043,1089,1090
9043,1114,1115
9043,1179,1180
9044,715,716
9044,846,847
9044,939,940
9044,1032,1033
9045,846,847
9045,939,940
9045,1072,1073
9045,1113,1114
9046,715,716
9046,846,847
9046,939,940
9046,1113,1114
9047,846,847
9047,939,940
9047,1036,1037
9047,1072,1073
9048,846,847
9048,997,998
9048,1032,1033
9048,1073,1074
9049,715,716
9049,846,847
9049,1032,1033
9049,1073,1074
9050,734,735
9050,846,847
9050,1072,1073
9050,1113,1114
9051,715,716
9051,734,735
9051,846,847
9051,1113,1114
9052,715,716
9052,846,847
9052,920,921
9052,1073,1074
9053,734,735
9053,846,847
9053,920,921
9053,1072,1073
9054,715,716
9054,734,735
9054,846,847
9054,920,921
9055,846,847
9055,997,998
9055,1032,1033
9055,1270,1271
9056,846,847
9056,939,940
9056,1032,1033
9056,1270,1271
9057,846,847
9057,997,998
9057,1036,1037
9057,1270,1271
9058,846,847
9058,939,940
9058,1036,1037
9058,1270,1271
9059,846,847
9059,997,998
9059,1036,1037
9059,1065,1066
9060,846,847
9060,1036,1037
9060,1065,1066
9060,1072,1073
9061,846,847
9061,920,921
9061,1065,1066
9061,1073,1074
9062,831,832
9062,846,847
9062,997,998
9062,1073,1074
9063,831,832
9063,846,847
9063,997,998
9063,1065,1066
9064,831,832
9064,846,847
9064,1065,1066
9064,1073,1074
9065,734,735
9065,743,744
9065,867,868
9065,927,928
9066,734,735
9066,743,744
9066,920,921
9066,1072,1073
9067,743,744
9067,780,781
9067,867,868
9067,1066,1067
9068,708,709
9068,743,744
9068,914,915
9068,975,976
9069,708,709
9069,743,744
9069,914,915
9069,1066,1067
9070,734,735
9070,743,744
9070,1072,1073
9070,1114,1115
9071,734,735
9071,743,744
9071,867,868
9071,1114,1115
9072,743,744
9072,914,915
9072,975,976
9072,1115,1116
9073,743,744
9073,867,868
9073,1066,1067
9073,1114,1115
9074,743,744
9074,975,976
9074,1036,1037
9074,1072,1073
9075,743,744
9075,975,976
9075,1036,1037
9075,1065,1066
9076,743,744
9076,1036,1037
9076,1065,1066
9076,1072,1073
9077,743,744
9077,846,847
9077,1065,1066
9077,1072,1073
9078,743,744
9078,846,847
9078,920,921
9078,1072,1073
9079,743,744
9079,846,847
9079,920,921
9079,1065,1066
9080,743,744
9080,975,976
9080,1072,1073
9080,1115,1116
9081,743,744
9081,1072,1073
9081,1114,1115
9081,1115,1116
9082,743,744
9082,914,915
9082,974,975
9082,1115,1116
9083,743,744
9083,914,915
9083,974,975
9083,1066,1067
9084,743,744
9084,974,975
9084,1114,1115
9084,1115,1116
9085,743,744
9085,974,975
9085,1066,1067
9085,1114,1115
9086,910,911
9086,933,934
9086,1095,1096
9086,1107,1108
9087,727,728
9087,933,934
9087,1095,1096
9087,1100,1101
9088,933,934
9088,1095,1096
9088,1100,1101
9088,1153,1154
9089,910,911
9089,933,934
9089,1095,1096
9089,1153,1154
9090,1059,1060
9090,1095,1096
9090,1102,1103
9090,1107,1108
9091,910,911
9091,1059,1060
9091,1095,1096
9091,1107,1108
9092,1085,1086
9092,1095,1096
9092,1100,1101
9092,1153,1154
9093,910,911
9093,1085,1086
9093,1095,1096
9093,1153,1154
9094,727,728
9094,1037,1038
9094,1095,1096
9094,1102,1103
9095,727,728
9095,1037,1038
9095,1095,1096
9095,1100,1101
9096,910,911
9096,1059,1060
9096,1085,1086
9096,1095,1096
9097,1037,1038
9097,1085,1086
9097,1095,1096
9097,1100,1101
9098,690,691
9098,1059,1060
9098,1095,1096
9098,1102,1103
9099,690,691
9099,1037,1038
9099,1095,1096
9099,1102,1103
9100,690,691
9100,1059,1060
9100,1085,1086
9100,1095,1096
9101,690,691
9101,1037,1038
9101,1085,1086
9101,1095,1096
9102,727,728
9102,919,920
9102,933,934
9102,1088,1089
9103,919,920
9103,956,957
9103,1033,1034
9103,1088,1089
9104,919,920
9104,933,934
9104,956,957
9104,1088,1089
9105,984,985
9105,1033,1034
9105,1064,1065
9105,1088,1089
9106,727,728
9106,984,985
9106,1064,1065
9106,1088,1089
9107,919,920
9107,991,992
9107,1033,1034
9107,1088,1089
9108,984,985
9108,991,992
9108,1033,1034
9108,1088,1089
9109,727,728
9109,919,920
9109,991,992
9109,1088,1089
9110,727,728
9110,984,985
9110,991,992
9110,1088,1089
9111,1064,1065
9111,1088,1089
9111,1102,1103
9111,1107,1108
9112,727,728
9112,1064,1065
9112,1088,1089
9112,1102,1103
9113,933,934
9113,1088,1089
9113,1095,1096
9113,1107,1108
9114,727,728
9114,933,934
9114,1088,1089
9114,1095,1096
9115,956,957
9115,1033,1034
9115,1083,1084
9115,1088,1089
9116,933,934
9116,1019,1020
9116,1088,1089
9116,1107,1108
9117,933,934
9117,956,957
9117,1019,1020
9117,1088,1089
9118,1088,1089
9118,1095,1096
9118,1102,1103
9118,1107,1108
9119,727,728
9119,1088,1089
9119,1095,1096
9119,1102,1103
9120,872,873
9120,1083,1084
9120,1088,1089
9120,1107,1108
9121,872,873
9121,1064,1065
9121,1088,1089
9121,1107,1108
9122,872,873
9122,1033,1034
9122,1083,1084
9122,1088,1089
9123,872,873
9123,1033,1034
9123,1064,1065
9123,1088,1089
9124,1019,1020
9124,1083,1084
9124,1088,1089
9124,1107,1108
9125,956,957
9125,1019,1020
9125,1083,1084
9125,1088,1089
9126,907,908
9126,1240,1241
9126,1301,1302
9126,1302,1303
9127,910,911
9127,1068,1069
9127,1301,1302
9127,1302,1303
9128,907,908
9128,1045,1046
9128,1090,1091
9128,1302,1303
9129,907,908
9129,1301,1302
9129,1302,1303
9129,1339,1340
9130,1045,1046
9130,1090,1091
9130,1284,1285
9130,1302,1303
9131,910,911
9131,957,958
9131,1068,1069
9131,1302,1303
9132,907,908
9132,1296,1297
9132,1302,1303
9132,1339,1340
9133,969,970
9133,1301,1302
9133,1302,1303
9133,1339,1340
9134,969,970
9134,1068,1069
9134,1301,1302
9134,1302,1303
9135,906,907
9135,957,958
9135,1068,1069
9135,1302,1303
9136,969,970
9136,1296,1297
9136,1302,1303
9136,1339,1340
9137,760,761
9137,1045,1046
9137,1284,1285
9137,1302,1303
9138,760,761
9138,957,958
9138,1284,1285
9138,1302,1303
9139,760,761
9139,957,958
9139,1045,1046
9139,1302,1303
9140,957,958
9140,1085,1086
9140,1284,1285
9140,1302,1303
9141,910,911
9141,1085,1086
9141,1284,1285
9141,1302,1303
9142,910,911
9142,957,958
9142,1085,1086
9142,1302,1303
9143,907,908
9143,1034,1035
9143,1045,1046
9143,1302,1303
9144,907,908
9144,1034,1035
9144,1296,1297
9144,1302,1303
9145,906,907
9145,1045,1046
9145,1302,1303
9145,1335,1336
9146,957,958
9146,1045,1046
9146,1302,1303
9146,1335,1336
9147,906,907
9147,957,958
9147,1302,1303
9147,1335,1336
9148,906,907
9148,951,952
9148,1068,1069
9148,1302,1303
9149,951,952
9149,969,970
9149,1296,1297
9149,1302,1303
9150,951,952
9150,969,970
9150,1068,1069
9150,1302,1303
9151,917,918
9151,1034,1035
9151,1045,1046
9151,1302,1303
9152,906,907
9152,917,918
9152,1045,1046
9152,1302,1303
9153,906,907
9153,917,918
9153,951,952
9153,1302,1303
9154,917,918
9154,1034,1035
9154,1296,1297
9154,1302,1303
9155,917,918
9155,951,952
9155,1296,1297
9155,1302,1303
9156,910,911
9156,1017,1018
9156,1153,1154
9156,1299,1300
9157,910,911
9157,1017,1018
9157,1299,1300
9157,1301,1302
9158,1017,1018
9158,1240,1241
9158,1299,1300
9158,1301,1302
9159,1017,1018
9159,1240,1241
9159,1299,1300
9159,1328,1329
9160,1017,1018
9160,1153,1154
9160,1299,1300
9160,1328,1329
9161,1017,1018
9161,1240,1241
9161,1301,1302
9161,1302,1303
9162,910,911
9162,1017,1018
9162,1301,1302
9162,1302,1303
9163,949,950
9163,1017,1018
9163,1153,1154
9163,1328,1329
9164,910,911
9164,1017,1018
9164,1284,1285
9164,1302,1303
9165,949,950
9165,1017,1018
9165,1184,1185
9165,1328,1329
9166,1017,1018
9166,1184,1185
9166,1240,1241
9166,1328,1329
9167,949,950
9167,1017,1018
9167,1090,1091
9167,1284,1285
9168,910,911
9168,1017,1018
9168,1085,1086
9168,1284,1285
9169,910,911
9169,1017,1018
9169,1085,1086
9169,1153,1154
9170,1017,1018
9170,1090,1091
9170,1284,1285
9170,1302,1303
9171,949,950
9171,1017,1018
9171,1090,1091
9171,1184,1185
9172,1017,1018
9172,1090,1091
9172,1184,1185
9172,1240,1241
9173,925,926
9173,949,950
9173,1017,1018
9173,1284,1285
9174,925,926
9174,1017,1018
9174,1085,1086
9174,1284,1285
9175,925,926
9175,949,950
9175,1017,1018
9175,1153,1154
9176,925,926
9176,1017,1018
9176,1085,1086
9176,1153,1154
9177,907,908
9177,1017,1018
9177,1090,1091
9177,1240,1241
9178,907,908
9178,1017,1018
9178,1240,1241
9178,1302,1303
9179,907,908
9179,1017,1018
9179,1090,1091
9179,1302,1303
9180,940,941
9180,1198,1199
9180,1242,1243
9180,1355,1356
9181,1167,1168
9181,1198,1199
9181,1242,1243
9181,1355,1356
9182,940,941
9182,969,970
9182,1242,1243
9182,1355,1356
9183,969,970
9183,1167,1168
9183,1242,1243
9183,1355,1356
9184,1167,1168
9184,1181,1182
9184,1198,1199
9184,1355,1356
9185,940,941
9185,1038,1039
9185,1198,1199
9185,1355,1356
9186,969,970
9186,1167,1168
9186,1314,1315
9186,1355,1356
9187,1167,1168
9187,1181,1182
9187,1314,1315
9187,1355,1356
9188,950,951
9188,1038,1039
9188,1198,1199
9188,1355,1356
9189,950,951
9189,1181,1182
9189,1198,1199
9189,1355,1356
9190,976,977
9190,1038,1039
9190,1078,1079
9190,1355,1356
9191,940,941
9191,976,977
9191,1038,1039
9191,1355,1356
9192,976,977
9192,1078,1079
9192,1149,1150
9192,1355,1356
9193,940,941
9193,969,970
9193,1149,1150
9193,1355,1356
9194,940,941
9194,976,977
9194,1149,1150
9194,1355,1356
9195,1078,1079
9195,1149,1150
9195,1314,1315
9195,1355,1356
9196,969,970
9196,1149,1150
9196,1314,1315
9196,1355,1356
9197,1012,1013
9197,1038,1039
9197,1078,1079
9197,1355,1356
9198,1012,1013
9198,1078,1079
9198,1314,1315
9198,1355,1356
9199,1012,1013
9199,1181,1182
9199,1314,1315
9199,1355,1356
9200,950,951
9200,1012,1013
9200,1038,1039
9200,1355,1356
9201,950,951
9201,1012,1013
9201,1181,1182
9201,1355,1356
9202,1434,1435
9202,1474,1475
9202,1539,1540
9202,1576,1577
9203,1434,1435
9203,1464,1465
9203,1539,1540
9203,1576,1577
9204,1373,1374
9204,1434,1435
9204,1464,1465
9204,1576,1577
9205,1319,1320
9205,1434,1435
9205,1464,1465
9205,1539,1540
9206,1319,1320
9206,1429,1430
9206,1434,1435
9206,1464,1465
9207,1373,1374
9207,1429,1430
9207,1434,1435
9207,1464,1465
9208,1434,1435
9208,1474,1475
9208,1576,1577
9208,1626,1627
9209,1421,1422
9209,1434,1435
9209,1474,1475
9209,1539,1540
9210,1421,1422
9210,1434,1435
9210,1474,1475
9210,1492,1493
9211,1319,1320
9211,1394,1395
9211,1434,1435
9211,1539,1540
9212,1319,1320
9212,1394,1395
9212,1429,1430
9212,1434,1435
9213,1373,1374
9213,1434,1435
9213,1492,1493
9213,1626,1627
9214,1434,1435
9214,1474,1475
9214,1492,1493
9214,1626,1627
9215,1373,1374
9215,1434,1435
9215,1626,1627
9215,1782,1783
9216,1373,1374
9216,1434,1435
9216,1576,1577
9216,1782,1783
9217,1434,1435
9217,1576,1577
9217,1626,1627
9217,1782,1783
9218,1394,1395
9218,1421,1422
9218,1434,1435
9218,1539,1540
9219,1394,1395
9219,1421,1422
9219,1434,1435
9219,1492,1493
9220,1394,1395
9220,1434,1435
9220,1438,1439
9220,1492,1493
9221,1394,1395
9221,1429,1430
9221,1434,1435
9221,1438,1439
9222,1373,1374
9222,1434,1435
9222,1438,1439
9222,1492,1493
9223,1373,1374
9223,1429,1430
9223,1434,1435
9223,1438,1439
9224,882,883
9224,965,966
9224,992,993
9224,1013,1014
9225,773,774
9225,882,883
9225,965,966
9225,992,993
9226,682,683
9226,882,883
9226,965,966
9226,1013,1014
9227,682,683
9227,779,780
9227,882,883
9227,965,966
9228,682,683
9228,854,855
9228,882,883
9228,1013,1014
9229,779,780
9229,882,883
9229,936,937
9229,1025,1026
9230,779,780
9230,882,883
9230,965,966
9230,1050,1051
9231,773,774
9231,882,883
9231,965,966
9231,1050,1051
9232,779,780
9232,854,855
9232,882,883
9232,1025,1026
9233,682,683
9233,779,780
9233,854,855
9233,882,883
9234,779,780
9234,882,883
9234,936,937
9234,1050,1051
9235,773,774
9235,882,883
9235,936,937
9235,1050,1051
9236,680,681
9236,687,688
9236,755,756
9236,1024,1025
9237,680,681
9237,687,688
9237,769,770
9237,1024,1025
9238,680,681
9238,769,770
9238,854,855
9238,1024,1025
9239,680,681
9239,769,770
9239,854,855
9239,1025,1026
9240,680,681
9240,779,780
9240,854,855
9240,1025,1026
9241,680,681
9241,687,688
9241,755,756
9241,822,823
9242,680,681
9242,755,756
9242,822,823
9242,873,874
9243,680,681
9243,748,749
9243,873,874
9243,1025,1026
9244,680,681
9244,755,756
9244,779,780
9244,873,874
9245,680,681
9245,779,780
9245,873,874
9245,1025,1026
9246,553,554
9246,680,681
9246,687,688
9246,769,770
9247,553,554
9247,680,681
9247,769,770
9247,1025,1026
9248,680,681
9248,755,756
9248,779,780
9248,867,868
9249,680,681
9249,755,756
9249,867,868
9249,1024,1025
9250,680,681
9250,682,683
9250,779,780
9250,854,855
9251,680,681
9251,682,683
9251,854,855
9251,1024,1025
9252,680,681
9252,748,749
9252,822,823
9252,873,874
9253,553,554
9253,680,681
9253,748,749
9253,1025,1026
9254,680,681
9254,682,683
9254,779,780
9254,867,868
9255,680,681
9255,682,683
9255,867,868
9255,1024,1025
9256,553,554
9256,680,681
9256,748,749
9256,822,823
9257,553,554
9257,680,681
9257,687,688
9257,822,823
9258,866,867
9258,931,932
9258,1089,1090
9258,1114,1115
9259,734,735
9259,866,867
9259,931,932
9259,1113,1114
9260,734,735
9260,866,867
9260,931,932
9260,1114,1115
9261,866,867
9261,931,932
9261,1056,1057
9261,1113,1114
9262,866,867
9262,931,932
9262,1056,1057
9262,1089,1090
9263,682,683
9263,866,867
9263,1024,1025
9263,1114,1115
9264,682,683
9264,866,867
9264,1089,1090
9264,1114,1115
9265,808,809
9265,866,867
9265,1056,1057
9265,1113,1114
9266,734,735
9266,859,860
9266,866,867
9266,1113,1114
9267,734,735
9267,859,860
9267,866,867
9267,1024,1025
9268,734,735
9268,866,867
9268,867,868
9268,1114,1115
9269,734,735
9269,866,867
9269,867,868
9269,1024,1025
9270,866,867
9270,867,868
9270,1024,1025
9270,1114,1115
9271,808,809
9271,859,860
9271,866,867
9271,1113,1114
9272,808,809
9272,859,860
9272,866,867
9272,1024,1025
9273,808,809
9273,820,821
9273,866,867
9273,1024,1025
9274,682,683
9274,866,867
9274,1003,1004
9274,1024,1025
9275,682,683
9275,866,867
9275,1003,1004
9275,1089,1090
9276,808,809
9276,866,867
9276,1056,1057
9276,1105,1106
9277,820,821
9277,866,867
9277,1003,1004
9277,1024,1025
9278,866,867
9278,1003,1004
9278,1089,1090
9278,1105,1106
9279,866,867
9279,986,987
9279,1056,1057
9279,1105,1106
9280,866,867
9280,986,987
9280,1089,1090
9280,1105,1106
9281,866,867
9281,986,987
9281,1056,1057
9281,1089,1090
9282,808,809
9282,820,821
9282,866,867
9282,1105,1106
9283,820,821
9283,866,867
9283,1003,1004
9283,1105,1106
9284,681,682
9284,686,687
9284,791,792
9284,799,800
9285,681,682
9285,791,792
9285,799,800
9285,874,875
9286,681,682
9286,686,687
9286,791,792
9286,850,851
9287,681,682
9287,791,792
9287,850,851
9287,874,875
9288,686,687
9288,791,792
9288,799,800
9288,839,840
9289,732,733
9289,791,792
9289,850,851
9289,874,875
9290,791,792
9290,799,800
9290,839,840
9290,848,849
9291,746,747
9291,791,792
9291,848,849
9291,874,875
9292,791,792
9292,799,800
9292,838,839
9292,848,849
9293,791,792
9293,799,800
9293,838,839
9293,874,875
9294,791,792
9294,838,839
9294,848,849
9294,874,875
9295,673,674
9295,791,792
9295,839,840
9295,848,849
9296,673,674
9296,746,747
9296,791,792
9296,848,849
9297,686,687
9297,791,792
9297,839,840
9297,855,856
9298,673,674
9298,746,747
9298,791,792
9298,836,837
9299,746,747
9299,791,792
9299,836,837
9299,890,891
9300,746,747
9300,791,792
9300,874,875
9300,890,891
9301,673,674
9301,791,792
9301,839,840
9301,855,856
9302,673,674
9302,791,792
9302,836,837
9302,855,856
9303,852,853
9303,865,866
9303,874,875
9303,1098,1099
9304,865,866
9304,874,875
9304,1048,1049
9304,1098,1099
9305,677,678
9305,865,866
9305,1048,1049
9305,1098,1099
9306,742,743
9306,852,853
9306,865,866
9306,1098,1099
9307,677,678
9307,742,743
9307,865,866
9307,1098,1099
9308,838,839
9308,865,866
9308,874,875
9308,1048,1049
9309,742,743
9309,821,822
9309,852,853
9309,865,866
9310,677,678
9310,742,743
9310,821,822
9310,865,866
9311,737,738
9311,821,822
9311,852,853
9311,865,866
9312,737,738
9312,852,853
9312,865,866
9312,874,875
9313,677,678
9313,858,859
9313,865,866
9313,1048,1049
9314,838,839
9314,858,859
9314,865,866
9314,1048,1049
9315,737,738
9315,838,839
9315,865,866
9315,874,875
9316,465,466
9316,838,839
9316,858,859
9316,865,866
9317,465,466
9317,737,738
9317,821,822
9317,865,866
9318,465,466
9318,737,738
9318,838,839
9318,865,866
9319,465,466
9319,725,726
9319,821,822
9319,865,866
9320,677,678
9320,725,726
9320,821,822
9320,865,866
9321,465,466
9321,725,726
9321,858,859
9321,865,866
9322,677,678
9322,725,726
9322,858,859
9322,865,866
9323,734,735
9323,752,753
9323,920,921
9323,927,928
9324,734,735
9324,743,744
9324,752,753
9324,927,928
9325,734,735
9325,743,744
9325,752,753
9325,920,921
9326,700,701
9326,752,753
9326,861,862
9326,927,928
9327,752,753
9327,861,862
9327,920,921
9327,927,928
9328,700,701
9328,752,753
9328,780,781
9328,927,928
9329,700,701
9329,708,709
9329,752,753
9329,780,781
9330,752,753
9330,861,862
9330,920,921
9330,1065,1066
9331,743,744
9331,752,753
9331,920,921
9331,1065,1066
9332,752,753
9332,780,781
9332,867,868
9332,927,928
9333,743,744
9333,752,753
9333,867,868
9333,927,928
9334,743,744
9334,752,753
9334,780,781
9334,867,868
9335,708,709
9335,752,753
9335,780,781
9335,1066,1067
9336,708,709
9336,743,744
9336,752,753
9336,1066,1067
9337,743,744
9337,752,753
9337,780,781
9337,1066,1067
9338,700,701
9338,752,753
9338,861,862
9338,1051,1052
9339,700,701
9339,708,709
9339,752,753
9339,1051,1052
9340,708,709
9340,752,753
9340,975,976
9340,1051,1052
9341,708,709
9341,743,744
9341,752,753
9341,975,976
9342,743,744
9342,752,753
9342,975,976
9342,1065,1066
9343,752,753
9343,861,862
9343,872,873
9343,1051,1052
9344,752,753
9344,861,862
9344,872,873
9344,1065,1066
9345,752,753
9345,872,873
9345,975,976
9345,1051,1052
9346,752,753
9346,872,873
9346,975,976
9346,1065,1066
9347,732,733
9347,791,792
9347,804,805
9347,850,851
9348,686,687
9348,804,805
9348,850,851
9348,1073,1074
9349,686,687
9349,791,792
9349,804,805
9349,850,851
9350,686,687
9350,804,805
9350,855,856
9350,1073,1074
9351,686,687
9351,791,792
9351,804,805
9351,855,856
9352,728,729
9352,740,741
9352,804,805
9352,829,830
9353,732,733
9353,740,741
9353,804,805
9353,829,830
9354,732,733
9354,804,805
9354,850,851
9354,863,864
9355,732,733
9355,804,805
9355,829,830
9355,863,864
9356,804,805
9356,829,830
9356,850,851
9356,863,864
9357,715,716
9357,728,729
9357,804,805
9357,1073,1074
9358,715,716
9358,728,729
9358,804,805
9358,829,830
9359,715,716
9359,804,805
9359,850,851
9359,1073,1074
9360,715,716
9360,804,805
9360,829,830
9360,850,851
9361,728,729
9361,785,786
9361,804,805
9361,1073,1074
9362,791,792
9362,804,805
9362,836,837
9362,855,856
9363,728,729
9363,740,741
9363,782,783
9363,804,805
9364,740,741
9364,782,783
9364,804,805
9364,836,837
9365,732,733
9365,740,741
9365,804,805
9365,890,891
9366,740,741
9366,804,805
9366,836,837
9366,890,891
9367,791,792
9367,804,805
9367,836,837
9367,890,891
9368,599,600
9368,728,729
9368,785,786
9368,804,805
9369,785,786
9369,804,805
9369,855,856
9369,1073,1074
9370,599,600
9370,728,729
9370,782,783
9370,804,805
9371,599,600
9371,782,783
9371,804,805
9371,836,837
9372,732,733
9372,804,805
9372,874,875
9372,890,891
9373,732,733
9373,791,792
9373,804,805
9373,874,875
9374,791,792
9374,804,805
9374,874,875
9374,890,891
9375,599,600
9375,785,786
9375,804,805
9375,855,856
9376,599,600
9376,804,805
9376,836,837
9376,855,856
