power_coefficient_SI,power_exponent
54276085.518536836,2.6162207288993606
6863187.038910513,2.446062682467891
11260949.282656156,2.4858644831371417
166746284.3074703,2.7101991913467867
1775458.5254546686,2.3339759818609624
116580.40558199475,2.1143739563155273
44058977.492396794,2.5991677497844026
2691470.9047730356,2.3683119563004147
1054540.2078472753,2.2960707407732563
132544563.22198929,2.690812385986394
191824680.21052834,2.7197012179941797
4019799.6716243974,2.4032583676095474
604436.6827540025,2.247994708909424
7724471.155397777,2.456940625690871
3773246.612322109,2.397649055250045
51415432.23459095,2.6109603446510072
12020366.394168755,2.49452506745052
43456569.15159282,2.5973914350253473
63159022.99876605,2.630162123172399
92219.00763353366,2.0928591341718596
130269046.64104319,2.687245251870672
22955400.755083844,2.5456690401649995
72790371.41600154,2.6403262068551423
129086631.46499327,2.6876440225050606
5094647.8636043435,2.4242561648638348
185694738.10036218,2.717463312975295
3501115.146820087,2.392150239582407
15451185.008064108,2.5130815113245637
530625.3955083223,2.2360672973808056
42951431.02433568,2.5968879480929843
243415411.60035223,2.7371343168721465
6577516.426571519,2.4443509821613194
42863956.78037364,2.596666416692932
4803847.972430246,2.418252613899213
84221696.38471821,2.6530267024998744
3547798.4200950316,2.3909446015931612
48568943.76566012,2.6068938713086554
607123.9648001585,2.2487386422058444
110138125.7040712,2.67352846632986
24373081.975630637,2.5502593852574247
205713375.00823137,2.725826782660052
23641200.65978366,2.5496094324436536
689231.8805622002,2.257666608474391
19828363.743420236,2.532732564339518
16834077.45428303,2.5199282353838584
71182624.89519611,2.6403484789594325
17283002.296244916,2.520578090561212
1230540.1026986046,2.304887170736956
262069.7611769917,2.18236951833702
326940.7691209979,2.1964156157514387
2380918.449151349,2.3624895161931136
98087142.47590414,2.6639637803712723
39157373.59155488,2.5912398040307494
14685051.389924165,2.5083073287480215
8709832.104546232,2.464342912892181
15547156.92420087,2.513512823594924
965273.9207951438,2.283795134172173
1989638.4306641617,2.344011932679623
98832018.74900669,2.666310665968881
10530069.968767898,2.481375759962624
8870355.461707283,2.465892882236637
5325451.703213836,2.4259618680902664
65122622.75218064,2.6312697527493487
265581.64893422194,2.1790956492287017
1504593.6677646115,2.321496934544361
1616388.660733104,2.3274889791531534
350376.88632610685,2.2053124580624774
60066370.00167806,2.6260744749664666
272758.4849286422,2.1801520055863928
21768029.87240284,2.5418600146987407
76129009.63297884,2.645911812766472
1879739.4524596771,2.34354974608077
6179551.268552513,2.4367457178188223
27671744.912259568,2.562776588889808
1104099.410510156,2.2980037077302997
32993241.989487346,2.5758513906239355
24125570.879187603,2.5499481838664124
46880296.487327985,2.604748980443153
23689606.06475013,2.5483665587896995
1988465.2371313076,2.344967192961676
11359270.073752757,2.48945503144569
42106270.89338608,2.594707289222527
126532970.67028223,2.6832906801068432
6807204.464508212,2.4460662924800065
188696697.5595112,2.718001304177417
80574875.42816973,2.65265400689526
40136871.430698626,2.5913951312093073
179151746.21585038,2.7135298056057935
653522.8913423853,2.2572889623608656
1731194.368506384,2.3328907212151373
441316429.92814183,2.789686631866085
17584.165258005658,1.9562632422850657
16628629.535304049,2.519034439272063
8201406.571386986,2.461442383940936
13894618.806946874,2.5050855541011385
49273182.94317263,2.608372937727758
6680754.116631994,2.4472213423854368
270295.8042931023,2.1818338512277236
27432659.074584693,2.5611845466970546
434659.19637619046,2.219396464359629
1831360.6298606088,2.340979211936909
212492533.4099199,2.729513181066575
39798926.97133939,2.5904093661429153
32115300.86207624,2.573630252630015
15371987.465025768,2.5136897428844165
10119939.209255468,2.478211597623586
3627871.241587811,2.392869958576754
13893796.76283165,2.505797971045276
43833482.17318201,2.5965975920959967
127153102.9833125,2.686146922704009
48033340.20694683,2.6065812851375756
904643.1564734731,2.279426364112651
16778983.526019335,2.520129934484185
27828137.186807938,2.56213677175665
864491.1407790548,2.2771031013321408
674825.8558407873,2.254663568113342
1011293.4019879294,2.293255757261037
28614980.057637926,2.564556592973645
5411258.753599058,2.4277437692141928
5360976.885628481,2.426532878424217
38897158.626620725,2.5917801924185393
1868586.8994592426,2.3412612685865373
148763160.14707747,2.699217785652022
10801950.072401872,2.483970259446159
1164862.0557555966,2.3032987641280744
59253389.94411348,2.6247373075641067
8498291.81433941,2.4631592674137157
52296860.41226777,2.6112550991843335
6889.288491206103,1.8813371919186639
17749139.886936177,2.524907329217218
11712092.485660888,2.4926134179442783
2378661.365362646,2.3599011345619525
23899972.710390646,2.5504216368600128
36254712.88457354,2.581544377589837
65222639.29474597,2.6306927076981235
111993510.99516696,2.6767364275693155
88935280.25668366,2.655512869871881
36317437.25033306,2.583724250856956
59751600.42817022,2.624038411005521
23584031.188045964,2.547831613678368
785969.509627889,2.267939106163
37862969.46766823,2.588848523710075
4042348.9138691914,2.4051118281666812
762596.9701272511,2.2701187713726765
248001.43273686196,2.174020829746061
1528532.509379349,2.3241561485195184
253471260.0920192,2.7427265643096477
82015372.98701851,2.649017560028484
440281.7496378775,2.2224326880988823
115510066.91732532,2.679006498847455
99838046.39116447,2.6679529103013486
61994826.446013935,2.6284175299340142
243277.6407208497,2.169767489514975
8797397.365681691,2.466641349891232
9891206.816660369,2.4759184923194453
156010408.29414612,2.7014995208706156
7662535.943486374,2.4563842686313144
807127.8929103027,2.2711843175031277
18017358.499229398,2.5266507949745267
153457932.30959147,2.7020313892188357
42379807.637912,2.5951247704916334
26570947.419508014,2.5588197745706465
135274897.23260036,2.6914599000303423
81538553.13848108,2.6512315931202313
10466265.000013603,2.4800250660147594
32694645.493288536,2.5748591572793145
142795.97903247338,2.1316094571374724
15661826.444047568,2.514911643090566
24738980.793135967,2.551786620902672
135076280.6806585,2.6936466606923393
23263949.182881277,2.544622870310963
13786591.716292636,2.50435780157418
3831912.8411001777,2.4001123540544773
84511388.90608993,2.6523715838457123
2101342.8286239505,2.3518820010925174
7563230.822305088,2.454202212502747
2427684.575487832,2.361077426864633
4139445.272648998,2.4046120307373626
29096451.320701912,2.5648647737182433
2147.777764194189,1.7851951624312228
455910.72458962403,2.2261005479651716
5753290.502101889,2.4326985897039117
430955.42370089015,2.2189856268005537
30826.19260823809,2.00504853521848
56102403.60982225,2.6188938381207585
231238.98581057423,2.1705102747801153
1965887.3681684905,2.345778571709163
13114.437464015904,1.9344505259571827
18801599.056068335,2.530782817929019
830867.9806669527,2.273829416470606
1612383.897257329,2.327159102846082
153950493.35138264,2.701382369690319
166499947.91627884,2.70877726916652
10153434.132999532,2.479689363480269
88913737.50020559,2.6551958732959373
91965425.04084828,2.659321303775034
17687970.019960623,2.526168885562472
1234849.8011235958,2.304476221335627
573603.7180904459,2.244838871374465
85927378.71472377,2.6533675006044377
97124738.71815044,2.6660534744037916
1671807.950658048,2.3310046270168794
3075146.1879228866,2.381026251911469
2358900.009257841,2.359806846913787
1742641.4736061695,2.332521659252667
899817.6490932647,2.2788242660087126
3244902.780996191,2.3847853111894524
292370.930603474,2.1870141898019555
3222714.9957698355,2.3842775828728153
3989494.6438932335,2.4029931823725077
2061585.4844960228,2.3483745087730736
1133174.0411683663,2.299532456260927
1919974.7597584645,2.342094346736076
26545716.65784596,2.5576110024733385
749767.8373792978,2.2660996701105307
151315.18399193144,2.135961752254512
40387903.90088641,2.5925893874606407
114138142.20475347,2.677182322302127
867857.7153807495,2.2767867861615176
3757549.8001113925,2.39713011692175
2898765.9207530157,2.377656799093078
44215468.4925862,2.600600292295584
172035630.84208947,2.709030586540009
224719.41073125778,2.166647715417961
6404988.0494109625,2.4413283744988497
224162.38176849872,2.168437639431511
441509.87363881513,2.2212536145385666
3708342.231708486,2.3963296538168435
774357.7751072599,2.2659531540838804
2720587.5189304817,2.3726661576810413
3439834.3266138,2.3896893165337154
469655.823414494,2.227943276498462
55333026.28616868,2.6190158501821394
12994847.833787123,2.497460909107526
160704.24232737682,2.1404756840714665
142799021.10965174,2.695943419829631
15670174.681454102,2.515519428229101
32608212.201110873,2.5750940222910117
423031140.1865936,2.7844037567483397
291393767.7826513,2.754363448185864
42890968.38341865,2.5948324814648593
128646.60221346033,2.1223737654513153
144100996.2134205,2.6979727597860514
19532187.04156345,2.5321479221958496
95556159.64432813,2.6621215414332715
607585188.7919267,2.8139596099181663
1272872.1040064471,2.3112163351113444
8617758.962883778,2.4640019324917195
8318532.67734768,2.461491740613551
7929302.165912306,2.4589522584050965
9521208.59464477,2.474285181334444
47196815.693789065,2.6052256148016544
49288133.214197166,2.6084006642081174
81217.62740110538,2.082525547494823
10536.896148392583,1.912912643827386
337180921.8800519,2.7666900075678638
26935699.415370826,2.558858914718169
11148637.116379067,2.4863156808123006
59824.50088157635,2.0581087599605303
11505738.570289288,2.489096891110714
1075969.3285349247,2.295815145602006
979857.6301974315,2.2861682260862013
11015859.120952617,2.4855513508283074
550571.7969270936,2.240259504775903
7146224.970213086,2.450886697805522
15018915.895186067,2.512139214162266
150026121.98074275,2.6983868721129407
34219935.61913684,2.580772092162508
2390209.0085117444,2.3605287448503596
1329477.0479327075,2.3143355768712803
255708045.27873477,2.742689421876128
3628502.601615697,2.3929707849993482
3030205.2298376276,2.380392177514135
755204.6853139146,2.2677409418091634
2185198.389123731,2.3501160199638185
83778964.6250101,2.6512980663471075
22215071.740037464,2.544052306606678
13429921.560692292,2.4986307393849843
448398.08644866233,2.2234433131380174
29472464.580950327,2.566659038687137
509532802.8811177,2.801134532220128
43652811.332090914,2.59947412142197
530508.2805848867,2.235426503258432
61077268.500366114,2.6263186190154117
21717420.100553747,2.5412187185008666
51149730.275962345,2.6116235332531113
712620.4404728352,2.2604311680114297
3099534.791908988,2.3835524879774797
50469738.41195406,2.6102352035875294
11337156.204295274,2.4895365351301515
61389752.3348251,2.62619735848941
583736.3537940898,2.2453933436238867
2080924.3354517256,2.350230143684973
29600214.087790404,2.5656337248622956
2039007.772367922,2.347448874210689
130510325.37087402,2.68819907732684
14276039.816837061,2.5065781653435892
100006035.89563866,2.665606649928022
974818.0988870224,2.2876825592535215
267402684.5241473,2.748534554837623
4208061.946183322,2.4070083996801053
94009793.63641071,2.661576710436539
33959477.709425636,2.5779971920001477
43206232.0780388,2.596415421829731
18044714.628539212,2.5272487651345794
23299674.83245337,2.5470630212818115
16296.734323704373,1.950814339976834
135234.3907169493,2.125654607884073
521862284.38804454,2.8016999166635457
24368216.77776131,2.5480374017335676
26466555.94055321,2.556359366827645
2388494.080029132,2.3622512447733577
166518907.93240327,2.708247290274455
6732945.914618948,2.4429829089182227
34762.54860460316,2.0121902580424296
4522626.503938413,2.41215306358934
4233010.487359788,2.405816724125923
39085824.61333698,2.591049272497366
14313732.487681678,2.507102079801568
3828615.510912244,2.4011205572863474
3593210.906087672,2.39342367388008
9545464.141898982,2.4718125191517344
4015807.7519403542,2.4002199291207558
954769.7971894842,2.2844340292854475
10296918.856572805,2.479966399428528
13302867.985578628,2.502898040057484
13117438.377545334,2.4987883630748184
47608036.55841738,2.605072509216756
10299334.996134974,2.4799811651029757
19036664.169590525,2.5328756936920724
555504443.9970992,2.807920679542813
21528653.84943893,2.5408986244942757
2586902.0020470787,2.3690031252187267
14747133.87704629,2.5098283211937233
96520501.80092232,2.6647980472624444
136625.12593003904,2.1261569479461055
20166669.963503707,2.5341870275788714
1731596.239949538,2.3331840635436785
366594.42270568723,2.2050478694936704
280797511.4387489,2.7522416713120923
93777.62187396963,2.0939796531902912
2383226.366394485,2.361705671244065
9595105.682481565,2.472930944065338
270281.1727243373,2.179405955479216
646060441.4903028,2.8207808222791035
24676.541648543778,1.9844300811165976
22154269.121912356,2.543457404182368
68255.59669648545,2.0671434424513624
18320801.7885019,2.5290357961074643
117840866.77238019,2.680344252476578
435134735.8505852,2.7872212117974966
4070166.4221613416,2.4037789921708734
660567466.9355708,2.820204027524588
12844720.688108843,2.500818775642801
1115210.7393702928,2.2958256875794643
111762305.43074857,2.6768242754275864
18401196.657379113,2.5274853408107023
1786632.011334202,2.336619851281013
197547240.83425012,2.7225139427649294
54790386.83356285,2.61759542271556
5441785.651575074,2.4288653601339707
2063246.9615149286,2.349767956391827
367405595.7816601,2.773243088949746
1316952.4328848596,2.3109234008379826
2989147.6772172847,2.3794777576106103
10109583.674969457,2.480710064324552
1403606.5120209837,2.315785272182259
44261857.39117779,2.5982420877322308
65266470.88714233,2.6326015117418646
62947715.62356451,2.629390117351616
12755960.295586089,2.4974138110432573
15289565.876426332,2.5129679960790967
64770.716335601624,2.0652250961036533
49588427.85378416,2.60826399672081
13695255.497989057,2.5042141900295336
140653196.74848887,2.6949191613800507
123900832.75267543,2.6835109623479285
1581589.646328428,2.324281399417365
5707339.686194833,2.431451692134258
12102617.986731445,2.492671788728189
508577.8913237116,2.233663871861287
150939058.6931997,2.698335831828933
36799641.54652675,2.586705445298869
3530055.85015899,2.3904435238106467
47019094.19214334,2.604506170847944
8359221.726417064,2.4622634305308084
4885213.63087687,2.4194791413733174
126108738.04716353,2.6863410698879266
974467.0794243778,2.2879465776597376
1476008.8140530982,2.319619063039589
196217037.95831308,2.720956351304644
4276667.93050373,2.4104903294726756
613543184.1420146,2.8146714175083085
16180505.114215996,2.5172716371258366
122090.77689378461,2.1152675574554034
9687489.181477426,2.4751609550392235
2884769.2805026383,2.377913489130222
40170297.55265707,2.591855968076992
21384654.087113015,2.5397115047157146
19746565.144505817,2.5324973713812544
33023505.747376125,2.573885466270492
508332.9547593097,2.231916576814304
107137882.0500044,2.671419685836521
2781341.393442582,2.37189671930753
7587686.11492896,2.454692575243855
208766338.70663434,2.7266930970786962
26688679.1723959,2.559432064580308
463820591.49889874,2.792503935003509
7764055.654109376,2.456106040027639
5120412.200839116,2.4239006489643473
3061402.9473934253,2.3782023979561298
95047.90894830326,2.095213465604972
36417983.57172711,2.5843925005564348
6556286.567680841,2.442853067822988
4177622.0629081125,2.4058929947980805
748907.8795193839,2.2677203791028036
558624.9379057352,2.2416520843458234
290270.5549449057,2.1859026706009734
745077.4546931878,2.2647378592774428
831487.7974290227,2.2742996520084082
1031216.7414607279,2.2944820928390612
60371493.84122454,2.623776562807777
9125237.23604772,2.4702810834861517
188844404.78528023,2.717226810539246
15151467.60356931,2.510320022262403
11680038.620213168,2.4896587167604314
100396161.31571478,2.6675518934814724
129716936.35453703,2.6889287807337783
40889525.54823997,2.5929150990983203
44936607.25575663,2.6019501469030657
244318.2890387511,2.176383798563873
27220093.250136744,2.5588883806174456
22468018.439534333,2.5432965465857467
58339.0720368631,2.057146375709885
495903.7056278397,2.2332941074407406
79947039.12795357,2.6478549951983044
23953518.959553216,2.5497688404274554
2377662.394101278,2.359144817524568
5202341.630372376,2.4248804565099347
712342.7010024639,2.2624067964090395
1361078.9916879802,2.31319843361872
11929468.765939016,2.4920353396361077
8868694.286008386,2.4686828443290927
3156058.854805794,2.384222614173058
714642.6507921235,2.2580107738656747
12753922.976413587,2.4945649109875676
60020012.250558116,2.624742398832626
24916327.57945396,2.552656710727155
69519392.10720673,2.636514784078241
236501421.32118255,2.7360141943104375
1102169.6259841437,2.2961738017847155
17443880.705678143,2.523477529609146
197803.00013588226,2.154455370615598
10604558.063011497,2.4813496043837535
19232817.715169355,2.530722603473781
14803096.428411448,2.510901635125542
10552812.555474345,2.4833244357442226
24654186.6278759,2.5519698119480037
127752774.52196313,2.6867675207073325
54083.26844609228,2.047977901429039
13979200.99906136,2.506140605353981
2285116.1991130603,2.357716812754213
85546095.85995948,2.6547821828485936
93835346.04590058,2.6619871422489343
190921.068189528,2.152669492579851
293538.9845944322,2.189508126356312
10980548.735631846,2.4829918279028584
17783.431544255673,1.960778038609476
2184689.3294035397,2.352376271233368
2982440.7917204415,2.380942396970043
2127382.722952792,2.350988726891505
10005029.660320755,2.4794250563551827
21041688.294636447,2.53710094950559
23480614.135052208,2.549122804330938
14346832.859418776,2.506604106091632
6686743.86851168,2.4446311799106546
14663468.659273893,2.508488264994629
3754119.2303632926,2.3995595635180944
46217980.99360218,2.6042359048112758
19457593.186333694,2.5344187352038503
10545840.652010528,2.482655974840315
338241106.7722064,2.7657951545533686
147374.59986873367,2.130285020116401
164261568.5993651,2.7073906754671624
32616741.884162694,2.5739426865000516
665241.2096614115,2.2568381000072177
203649656.51023284,2.726291271643265
31531133.772523552,2.571780970628771
11974457.33656281,2.492096557526053
35985332.795999385,2.5827847673921838
31274932.175168667,2.5708993187226623
70389405.24651991,2.6356486372140413
3279619.3290858036,2.3864898073881764
110637607.72421488,2.674417462520477
7354856.857088649,2.4516665808810054
54622953.201023646,2.616619154528147
29402535.060407463,2.5666624528836306
63398132.25153971,2.629350141997891
15141004.658482874,2.512491541151931
5230871.73330178,2.426120855114562
121468820.67785378,2.6819707796443173
7367394.8820245825,2.45302029637105
2015273.075010005,2.344334587162769
11481238.972765137,2.486601895619071
201506212.4697983,2.725538829391036
614032.5410327655,2.2486155410887183
104343744.18193272,2.668520999037548
3197330.4098362057,2.384589539139487
34997701.89015154,2.5815526814169374
69000092.74561839,2.6362465522618104
565745.4193314116,2.244802747429439
14633596.835812183,2.511639988764262
1087023.724036619,2.2948929438439767
18299102.810772423,2.5273475869809423
11029626.227187905,2.485813310452578
10945857.351593306,2.4861165603535063
7926111.158407657,2.458600577473668
1588574.8389921375,2.3279753073919425
3564173.3729744176,2.393671890689352
139721166.08894068,2.694556090736929
1290906.2440159526,2.310882649885719
37888163.51639269,2.5869910678572805
23863527.99546629,2.550024395822132
2772283.0690182694,2.3735599970232544
2710296.476771158,2.373678874775165
67491296.08720851,2.6347251726820096
1337117.0177331923,2.3104524311102193
8265718.642559921,2.46252349811907
1546639.998176777,2.3254387593823522
50979485.16695627,2.6115532556573267
10827218.433725405,2.4847410716766145
287349761.3757296,2.753205911491168
1606977.2480201272,2.329117385558052
49766268.28844011,2.60825355300042
9804361.279144939,2.475896553593486
11632260.370936694,2.4896600353270397
3589823.324660433,2.3923556429360087
9780204.676541189,2.4766150452730304
242912.67791877963,2.170496748935648
83284471.72399972,2.6518706018978584
17746487.694337517,2.52320262009149
20674082.686800677,2.5381453583135483
8999323.863175951,2.4703021955441686
1690085.3996577247,2.331072394784524
34539.80394397335,2.0111428699172764
18539810.672953796,2.5289240445976486
31046051.181803495,2.5700204680991776
111567073.19795245,2.6751110674011898
98439926.50342175,2.6647746664274155
4115550.6230102563,2.404057686461815
13047580.220652157,2.4991531367972857
1501.077087203953,1.7556629130412802
2510389.395187147,2.3650313709073485
166658526.40800145,2.708945664668156
1672126.4005224828,2.329371791275191
5015299.639322471,2.420950691962296
52568898.95594202,2.615559753809024
31908611.021414556,2.5751034123104253
3465142.6557008093,2.392317096726443
2691907.2381749917,2.3708010817386125
900751.3881606787,2.2793187269933726
109733.30583268258,2.107568156820008
74341983.5116821,2.6413246740294496
20870800.227432538,2.5373222076287836
33514423.61018743,2.5780515439862226
12943389.152657218,2.4990015943151564
1168398.3148144896,2.300968228070106
5207867.590537231,2.4272831305468254
13104384.160488032,2.498978907274312
249646317.7637104,2.7407448440600723
59166230.658506,2.6238627302295856
551793.974246374,2.2398080713682487
53106441.69079614,2.617324805049808
60115882.06681213,2.624772381249906
9169429.94981487,2.4693093090758227
358115.5612339826,2.206785364503239
7319640.546822981,2.4509073755910378
4616065.967759558,2.4140942806717485
19895203.049021844,2.535180780010519
26267172.279906645,2.5571624553024797
8072506.223095789,2.4615984016600843
28934856.434939448,2.5650144922777494
42378231.85261022,2.596521523762534
155053386.32575065,2.701669354402088
16713003.810359618,2.519549199138789
331439.5822917423,2.1997419967478202
43649903.90749517,2.5978156745632885
562398.2147556989,2.2422633187933636
21214185.15298508,2.538164088345461
52036.006179096126,2.0460907300334568
6605150.401436887,2.4419251278286764
7420246.163392885,2.453751543438001
72287021.79248634,2.64103159390959
214989.2814996891,2.1619405320071063
51309135.57679113,2.6123767432972484
3800047.1604365674,2.3996862387131532
14972052.924594002,2.511838751250197
2079506.6872088949,2.3486551064597134
58178508.92943382,2.622571805689434
88325060.94638266,2.656925537384278
4038535.627424712,2.4050685209179283
431575229.3555141,2.7873785669425697
9140088.792184297,2.4699190898453085
60054204.15376968,2.626470295282851
55710411.64856088,2.616619165847071
54651500.929321736,2.6170287187833052
8484099.194772622,2.462614093625185
42960773.361599416,2.5976601329441382
7027426.437001458,2.44753015437852
30425976.493302684,2.5694045719588723
12769402.835270707,2.500112890462252
1343016.396015205,2.310835788697259
522089993.0355651,2.801326567425733
3023859.763790141,2.3795504667848437
268821474.00008297,2.7474955270261185
51360683.78740281,2.6106480390020756
19902300.593655463,2.5335767375065776
4467624.085469469,2.4119264845633768
35722282.97409913,2.5798988461555474
4902845.835009831,2.418778384272494
51406247.5681844,2.6130898396366793
11898195.410981081,2.4942061551396892
53526243.88879061,2.615513305192463
27952873.2828976,2.5605482376652184
684829.788828754,2.258365880286625
73663835.55980588,2.641819598174169
64057658.67011452,2.6311409058693362
69022084.4889087,2.633878394333928
146394800.77017087,2.697555717292181
1117517.4479783762,2.297277295180768
12811310.172299117,2.4974790419425004
6523643.472815879,2.4415637342862353
726697.502730973,2.2621595380070083
104498304.53738041,2.6693291977056486
5636687.511967728,2.43231508737806
8154371.058408561,2.461621159984201
30069564.103508934,2.5662057083733716
9391117.868326671,2.4716800460743165
107385.08023915875,2.105691565879592
5498758.192106359,2.428879477552408
34688074.883073814,2.578407358346339
2277350.632942942,2.358600964422704
435917777.5404728,2.787331020732476
83290676.19917162,2.650628848355051
2248300.971707147,2.3553539826452288
62712633.76423375,2.630305124667324
15011944.73482139,2.5112156935738676
824330.4567424833,2.2714950393156825
8215153.202222939,2.4623844015807426
24511477.409599096,2.5508787653542226
4926622.0583339995,2.4210949428944244
7329256.533585192,2.4513528501137642
9113992.052117847,2.470052671514567
10513852.257626178,2.4831300903230042
50366716.36270853,2.6109115466997648
11224807.351513507,2.4862382426096223
437382.913768657,2.2201697473370006
8552319.520333383,2.4638562011434146
9476516.957725821,2.4740536150145838
12821975.826782644,2.4973696788874937
36105831.69481696,2.5825840720663376
186895361.9708362,2.7181067727356463
56316585.142319486,2.619646407865859
446838189.39414924,2.790782642395687
3391053.953811916,2.39044099073543
12694876.197276972,2.498467558746074
371331116.73735625,2.773341117087344
43962666.891876124,2.598716999889961
375774.35379600665,2.208156037784924
20972051.089160416,2.540723454948615
18393352.417876557,2.529413573147696
6021657.709827669,2.4351831769013947
1134373.1023372998,2.29683773413594
24552594.442405023,2.5490583761825687
70721822.10534003,2.637781094324647
120204490.25157759,2.6822917838160483
221129342.36526805,2.73328683945304
4711756.970597586,2.4187664346739304
42059967.24447522,2.5951901798408503
25407361.849935554,2.555512934759104
4522473.078538349,2.4110678571309125
5132676.873936718,2.4249581968175433
102835451.7861692,2.67010526391067
1657584.6697017483,2.3289110554060533
127859.79548210492,2.12062825421054
341308863.7270535,2.7668513495539218
228744.635543497,2.167556045822535
247873.2950800214,2.177406312376291
6962577.059662764,2.4460302137985512
8322958.071912298,2.461611200534887
559164.1328768454,2.239739144671484
9278403.527780745,2.471275821195355
5116027.073747772,2.421633747019872
1800935.9244906383,2.337361324288067
73788.02371043761,2.0741397410525604
23738329.170815278,2.5489693276475878
22588500.966950327,2.543783148275517
17805226.1457383,2.525709264614371
6800546.821678873,2.445302568326715
45953000.80930335,2.6026607737590703
3286523.512200343,2.3858738654806975
1377822.1922569773,2.315424993452793
1618082.376831542,2.328606298416791
5626622.561840842,2.432148541556122
6872478.9641243,2.4459673111580154
74818802.27103288,2.642075058163528
1150626.2089843948,2.3017796277560203
20720994.481397096,2.5392187349835975
59188538.65345245,2.6235333744748313
12439530.45680421,2.496113288517857
7494.16814158799,1.8911112233006955
6730714.963689551,2.44608242560441
1419944.6721208969,2.318256867002515
19250730.73332634,2.5308363103010167
453931.5194435326,2.222927594869758
75293339.16696136,2.6415716753466825
14869956.478241682,2.5117431541006736
2962733.533845065,2.379329140784887
5410743.090195067,2.427258180238296
1732972.5441426167,2.330516781832602
50465.59765943703,2.041330316322228
13652888.52369769,2.5015584768516375
6851214.396324016,2.4470724747955095
3476951.0280925455,2.3922920919414814
6860267.241300883,2.447614323509992
1589696.5264804265,2.326250397459825
4917911.883598608,2.4206078129370905
30970684.635301214,2.5704101604411242
10407110.953500777,2.4794053142326615
6474597.183658816,2.4425160275543476
140482251.52035853,2.694771788138497
1477392.4912977698,2.318761597359017
5787569.979542142,2.4340294080832057
98548563.76777232,2.667041052887972
80988415.91670655,2.6474091017149464
779362.8670837253,2.2684923803689805
8957896.596416427,2.467983151513847
126922129.47158937,2.6867026212559706
100824722.17334333,2.665266745434442
79389771.30731612,2.648939300908113
89641.45591637582,2.090233638209202
8779.775047335586,1.8984996176307518
79875.22731334146,2.08148551451441
464491424.17522365,2.791180694667595
380381.5599551361,2.2091213492105597
4126533.0822850196,2.4030314399940296
17553761.62629238,2.5242301894669437
198195.62511961663,2.1572465721117666
2333313.1282478166,2.357308577510917
4622137.2004533885,2.416297969904103
96538250.06180483,2.66390772889909
35184750.509207726,2.58142312200763
4933602.941618152,2.4191415119039554
2730572.230819315,2.372488442542747
44481873.834408574,2.59982093245362
131646430.52322292,2.689891481915336
1479920.4514258176,2.319125087914306
6769204.9145834055,2.445802201254847
315173223.4752394,2.7604154584052885
9872202.336199507,2.4768077590377167
6992453.998387459,2.4471878076771425
4129977.636317126,2.4025633076510005
1910742.2627216124,2.3406642435418745
34877.66630797516,2.016486637878323
4385530.034415665,2.410009042976568
31914958.31812633,2.570733203239695
49859879.06355813,2.608825362869504
33768617.72934587,2.576668124345541
13566616.056089053,2.5046378157395135
240559.046777382,2.172738463218452
13144588.41964168,2.4984376191198683
82654.09121746449,2.085148604939509
49398.79530045515,2.0420604638714486
7360760.282045269,2.4509050926843132
15900601.76962348,2.515489966463847
35309001.590338364,2.58049917451313
9155281.683678156,2.4690575167351607
6587935.338134831,2.44404495627461
52123668.764913246,2.61634251602283
15677517.626353223,2.5149908980863
22531127.826574698,2.546092093476225
91916538.49207033,2.658134401822765
271755917.36579734,2.7485291609709197
2162685.3691359004,2.3527803820845565
10446951.62857427,2.47853190781803
97199033.93165885,2.663465890570678
449121672.7483933,2.7893032803700657
45498.7679811095,2.0351520242795256
193660.19837602077,2.155181213744371
5274637.147847552,2.426590783848759
2292157.4019209472,2.3563178965995992
37352286.81818069,2.5861913057735664
10066383.910748001,2.478979168416416
4572701.050813632,2.4165662236480445
24090972.100289308,2.549523391972629
123126.14420218611,2.116289463798741
4647393.722341285,2.412790580772825
21774701.028344847,2.543444490189942
3945300.8263683463,2.401199214218607
3272574.428148593,2.385536830462937
13305262.16684755,2.50105849013981
33398.637801398894,2.009135704415943
11882352.96275427,2.493595721348024
151147750.7353553,2.6995323070275012
2770726.2963861087,2.37212596081058
9810769.992794361,2.4757530499383553
28895273.889570702,2.564264386466028
79050767.91913861,2.648135042767824
2514595.7421156503,2.366637646068355
43136559.73700145,2.599823094474196
130294052.40500484,2.688030804378228
100127606.50755076,2.66710453580185
253513.05257096965,2.174251987013457
168448343.9552215,2.709456286860667
16599944.787631858,2.5184995077682006
36501380.052461736,2.583982047396282
732313.7085410119,2.261841498667687
7486198.89397923,2.4556679909077195
27842003.52028511,2.5632222339775117
3670064.745119574,2.3964579057657542
196423.56216948119,2.1558984968412966
152864450.11692035,2.7028982854577652
100927426.61020695,2.6688585121555035
165389098.9204741,2.7075999335247127
27753393.80994524,2.5609090904482117
66427258.600665525,2.6326300325152103
22403522.632211644,2.54426481281517
159188263.53272042,2.7052551383236314
46659804.612986036,2.602941169532071
137747987.25656053,2.6931010494570673
27248784.855651572,2.560779480562492
27563213.562857226,2.5602003226602466
3687060.7027366073,2.3961700105317427
102992266.07490595,2.6685953172196477
18620442.10804786,2.5272702712479194
6593430.181907785,2.4441396946501897
125877147.12178856,2.6857011987236383
2906550.5493988786,2.3763819527032624
40738418.90770067,2.5938574486225967
3067125.500101736,2.380355905256182
46181820.590124235,2.6025633532424677
546288.2384575303,2.2384338446540353
9830140.291503778,2.4758482833876103
110729662.61494794,2.6746781980241385
232925.80671195968,2.170448389962354
19053172.651229035,2.5289979609693534
1085.9745700383694,1.7311820045978288
1229816.4675457743,2.3065333710025606
9016026.082832286,2.470126131280086
10667794.513358125,2.4811738708227282
211250296.36576253,2.727164392769024
84030788.74685681,2.6503611251598396
54789996.96235897,2.6163065694299377
3108763.52401071,2.381911697051844
919526.9185847027,2.2821050261082148
446690.136319876,2.222154531378766
6887397.7419708045,2.4470028433635167
6125340.891693445,2.436664170748805
15710262.08673053,2.5178128765621306
40092984.922011465,2.592276972316462
21203041.449278068,2.5384977121630667
11106361.405909138,2.4858046997462715
30397887.3704564,2.56733813112345
128507036.06212693,2.6875835395284216
32575693.4920836,2.5742945442761913
1945325.1131777803,2.342749296528322
143177837.94272608,2.6951703803266476
1725614.8157169668,2.336167897614368
1929603.3695212444,2.3439445501306406
190707.23040363114,2.1534937150838176
50076601.86890094,2.6096995581332307
2852372.9374816795,2.3749320977384523
2041085.0563222875,2.346484565333495
5795488.209637209,2.4345166459289103
81406329.15461849,2.6482397467330236
2611078.0553417658,2.3664732865664067
52385668.11678515,2.6133667226575605
31887328.61928424,2.573731550040727
71671886.70198679,2.6398846701239567
24603189.919826873,2.549368584945152
1786471.8388590193,2.3360066312377383
16354643.977188969,2.5192330287506097
7721125.350888487,2.457937356937343
1739584.3237643063,2.33395061930532
47368985.64226666,2.603818987757485
41891338.58020192,2.5952733528509437
34853165.83327977,2.579881590077233
19373941.97958722,2.5316649477626774
1954136.8604855817,2.3429614350240247
43137342.685981125,2.5978623726296584
40704895.03368683,2.5926162830642134
3120496.285267014,2.3818471581171825
19648.550813255184,1.965241977247563
11833272.780024743,2.4918109222134586
23430664.68743224,2.548618325494186
3727302.736097687,2.398773589432571
168945.50428101688,2.1394795761843435
24962784.973280977,2.554394805355374
9129006.825251391,2.469749728238848
773638.3724712685,2.2663747262003744
1060354.5777009276,2.294087484687086
7312720.154583631,2.4530863660812163
388005552.20132726,2.7770995992291874
12945927.080892947,2.501907622885206
199547.7124970129,2.157925267811334
1293207.0020550252,2.311563227622366
253108796.48465282,2.742848536550915
2549921.9104625373,2.366365450067728
15489843.22161198,2.513680333805177
131805.41757143586,2.124974857887497
1374542.6877611126,2.3130854968854457
25007991.533658754,2.552622051606412
34798430.67050328,2.578723904816261
1168237.2492595154,2.30135092939411
130398.51760311538,2.1225678101227765
6741161.401933423,2.445385232628741
26679734.43786453,2.5591252589926783
1184753.6445872418,2.303815261954278
707348.3181689376,2.2600958671148623
3009001.495528532,2.3792473969069468
74907464.98003933,2.644059079555407
10881503.499340305,2.4840958167008416
5627.529927777306,1.8631340267006986
22621191.77924993,2.544688547994448
100685248.15399982,2.6651566462830796
2100175.760202208,2.3506209161356897
211.03753032459943,1.5947812782264794
2971571.285517163,2.379267514975602
26789013.519578278,2.5625850556698304
332804111.8591193,2.766207007650477
12620866.812702538,2.4969956029607374
13197895.470942117,2.4991837237985584
3701887.353103901,2.395279700777872
27536514.38432694,2.561491920459244
156708836.88628986,2.702578836442065
387214626.2033534,2.778699727230258
98382655.542608,2.6642469203584356
21712511.83317964,2.541452387725046
818541.0638932539,2.2726749409915423
1913273.303151275,2.3423866706579575
5910.746918475753,1.8670511729237387
88481870.2872292,2.65883218376218
1157892.6931778246,2.3025747628279984
274527.8337593304,2.180156910302475
74833799.37341605,2.641566466234307
5782351.410033846,2.4332686054318837
4143657.410089595,2.407148513926483
16930459.895828012,2.522181166948627
4559904.7648287,2.4129406088844303
35339552.32199801,2.582159739169994
282002.39554697764,2.183911367460258
4565301.289532797,2.4115698384485564
59601717.30867201,2.6232396292232996
36703100.58853204,2.5853893349333634
206934924.0944093,2.724563207839311
5208149.848710462,2.424651316381759
58150420.53185685,2.6213469767106314
4186.904226660754,1.8381376484367822
232842002.65354607,2.733878991540386
8322744.190560452,2.460715178240051
1301204.386852548,2.3092622414875557
62922.80067824582,2.063811999518241
13983160.068072444,2.505249878222487
28416.32041313767,1.9959055779844408
98912590.24869595,2.6661673853675745
44012433.55474372,2.5996933346361577
6068996.024573754,2.4395032995913186
202271130.2188986,2.7226535708700395
85741.3721127849,2.088168101253064
35667723.54530435,2.579794781517078
98562284.90592688,2.6642085798590873
12624282.67522659,2.498414581710334
1791392.284997958,2.3367782952875022
15807949.226162873,2.5142214946289423
1542707.0295778464,2.3252940182630923
23217561.556096695,2.5466295108355217
10502063.942698408,2.481853647987133
8333914.687049694,2.463224338317172
29859906.991419204,2.566436620864466
16851070.17839823,2.521168841418356
91708.20618442178,2.0936720793241523
51835963.64411104,2.6123336706142197
10828895.060660776,2.4837927059761595
182332883.8527415,2.713376836206999
9918.230047117377,1.9142882254621156
6465931.586720052,2.444323907092193
9907762.737047808,2.476771274490892
432380864.90707093,2.7851447302644465
123663.31860023933,2.117226181000013
6583997.680662671,2.445052733579015
25444930.316036705,2.555112025162695
3709030.3527772115,2.3970058173613156
2466658.708617051,2.363146785445757
39642142.78912161,2.5901591624902096
1260659.6652371625,2.3083543526789705
47186966.925488405,2.6039984728246557
66765693.99357515,2.6319006905945717
23439444.40859294,2.549245285637209
554615.0681981068,2.242494386436047
114119795.33251886,2.6783035335246246
9995178.452035973,2.477379516681066
788372.1793174507,2.270278417814162
5949619.5811714195,2.433643413062859
79946761.88966443,2.6464389037017875
8673883.223495027,2.4667860512583313
65239313.15547633,2.631309039374139
40961645.72474013,2.594754118912452
125929861.86688569,2.684637389907721
2473546.973719297,2.3636563011416496
76378319.43853672,2.6444787792346514
278626197.60342634,2.74918386792995
59307654.160838686,2.6225614232033827
12642703.892817639,2.497638859756281
116207734.10009496,2.6777701402346175
24124799.79253397,2.549628934101755
21371194.76930457,2.5410444281754274
118323184.65568967,2.6804761289845827
8662891.051328246,2.466796716493346
130182514.53855927,2.6873345557187713
15133247.825861895,2.5130008626758005
60523893.66222986,2.624085864504626
45983431.656693384,2.6015382528297004
72451579.15050276,2.641349942265515
90805508.97285151,2.6586682793430607
6512415.597933877,2.440359049439563
11699190.734153705,2.4909838476842774
43464452.674462564,2.5984119129582095
8205428243.5975685,3.029740013635643
13936455.590142429,2.5048130723231155
7868396.4081387175,2.4557665450442725
6803228.010175314,2.445510226006459
7261.592514014139,1.8851586680086316
30461535.654565543,2.5681288458188787
7426728.706539833,2.4542247557388643
10764908.231138378,2.4838984493803524
46085257.39679309,2.60429152393391
17826990.12852544,2.525053340214391
6978843.072879272,2.449802922678809
25034955.668433093,2.551535147525723
1972196.284203761,2.3436101133387996
7154982.723968846,2.4499517406260565
10644937.466763524,2.4825179758113185
17887470.475005403,2.5256430401134335
4948403.8020669995,2.4185570119134416
27513678.622558184,2.5583569998636397
6709219.515469051,2.4445701946713823
4011427.453641226,2.4031383827737196
35276053.557736345,2.581921125862393
341910.45166686334,2.2006944247314864
5449426.367013601,2.427334582757937
1615755.6060772524,2.3295248853127712
19671583.42352455,2.533582677876531
22853145.39349559,2.544291527591211
4751933.901036724,2.4154615989102255
59109667.235814475,2.622495498315089
2419923.3089573365,2.3608625438166393
20934254.068720125,2.5399244810837374
78735.38378807271,2.0816491649184794
52862235.17329462,2.6136289835467643
23156862.93923177,2.5459615723425446
1090096.9718047988,2.296343299857282
101218062.53860565,2.66900558286067
69202744.28853421,2.638116718579543
19627328.48283235,2.53468729761453
601392.4329711809,2.2464819770552684
3909509.6360225743,2.402742912962651
14919078.965955727,2.512137494080709
15966568.809394151,2.515267946573663
528898.1006717788,2.2357510305495008
61331697.114502855,2.625124707948823
3061950.540176627,2.3836145932825135
4588851.729931218,2.41658022894716
61255244.367316745,2.6245179088234387
33235174.53820688,2.5765357409536533
43236054.140848555,2.596498902799468
33439179.222351555,2.5765492388849087
42930.47880400014,2.0310687601590667
1367904.842127319,2.3146186666635886
33661846.33689014,2.5780582848683
3153.93696350031,1.8174626388199435
3496944.0143678323,2.3938235948481945
367148761.33005416,2.773927869387081
1180493.6650817243,2.3028172841832526
18154123.325018067,2.529236960858775
22204653.70416969,2.54168487349273
387053.38720848085,2.2103961153274354
1210230.2872080444,2.304843717362187
68341952.32025026,2.635919220466238
13083677.970263999,2.500091319902034
14359850.43400126,2.507621055093903
18924554.15123917,2.5308694534505403
27985662.4588035,2.563350476911208
2580550.0594470114,2.369476734399671
58729.784832366386,2.0554849302914193
11809735.59499266,2.4920194326844025
3634238.877037622,2.3963260475832313
17848899.05509203,2.524866289349669
7003916.602041198,2.4462216401226806
28598013.873143494,2.5618271064328018
19262.191219589575,1.9635150054191783
128373669.0540657,2.684984307611942
30147852.48213482,2.5672258523525393
2200088.8072967553,2.3523920499232895
282577047.15216094,2.7533284104411364
23424012.750242397,2.5474736377026397
6418575.856705143,2.4409669630626536
25040063.651408546,2.5549160635413655
6587796.141383158,2.440442034524019
11961152.36686617,2.4931764988943863
92187804.14060338,2.659065362273906
6616626.774008544,2.444684681031098
25664409.42637304,2.552770773582762
8386463.9819208365,2.460691942832143
87851983.23823768,2.6570944896766466
456523.50564283965,2.226306755962053
1038531.592925294,2.293854535293252
37991578.11824527,2.5860524395696545
11390.331354244476,1.9223168252624283
6747119.01071894,2.4442658530660952
70885.71367266151,2.0696613729984104
78060170.76885393,2.645416855570997
24880587.991867375,2.552539349304552
20736799.35991355,2.535216241036784
87351768.96269603,2.65518056769354
2196174.6993171265,2.3530545811582946
1096389.5357381687,2.29682915969886
5612004.890805163,2.4313009175714373
7682954.758073103,2.4563382211842937
82043298.6986696,2.6506965101526325
2177733.0182641195,2.3537023009855513
60126160.053975806,2.625423688513435
14786777.050466646,2.510080943376319
69684.25475928425,2.072413441939326
10666975.91982763,2.483796793762052
42447236.19196739,2.594318390563593
3723766.72240241,2.397209458887076
7816433.8125310335,2.4585341204954543
1725667.0964721208,2.333347263370949
3662335.5568591156,2.3950759504846872
15569658.104701364,2.516499099282932
29641741.065882757,2.568867309954613
9298699.770231994,2.4720856512583556
23464194.300165575,2.5497493959804487
4942343.435732312,2.41989198968006
3531667.1480362057,2.3920036318904163
15508407.930168519,2.5132909991958274
47187373.1852102,2.6037430862805517
25513963.552406915,2.555798423488947
7991628.01157196,2.459672465841467
681305.607499505,2.2568516913786927
89116274.82863916,2.6576101071173865
770936.5510728314,2.2655752422899114
283989.18053649296,2.1867354033087447
42997445.25222778,2.5953327650631306
77283689.2459578,2.644661495234949
46288227.38196116,2.603913526448904
636118.3122909957,2.2497921078971967
238099039.4509109,2.738131036509807
10217409.182591628,2.4770301644435433
2194628.281509374,2.353088049390747
1217918.9437236579,2.3048198031774105
253442839.40090185,2.743237749868008
261160512.1633487,2.744811074407818
85920367.35981514,2.654870690619924
277345635.2101744,2.7494032640944646
36006674.86401197,2.5840392596641215
107862842.38693722,2.6731043744377447
628024.4500979714,2.249074796812887
65325920.06587994,2.631892303158815
99248.48788029753,2.1017111412595058
15356647.642685786,2.5138518227086513
4478676.58563997,2.4110230583924253
1192899.4991493393,2.306821742736814
37890312.63845088,2.588337338958422
197065373.74635234,2.7213842045001466
99061594.5770729,2.6656702359777333
968155.7831663121,2.286768127265565
7157.079040932632,1.8831557283202067
15154244.516439738,2.511110639592145
6946947.293704347,2.4476331245046272
271581842.01430494,2.7480996449767217
133508753.10918938,2.6898079686640046
242218300.19127297,2.7418956586364973
102135849.6234994,2.667842686210028
31961217.469133988,2.5721332521526827
526531.7853195504,2.2354192635862664
120028993.42689052,2.6824262540458728
118750.37746013205,2.1146237397951317
490437.6031812787,2.2321803506691444
360895.4870676264,2.203949521655281
23809853.28660013,2.548826588425939
41604930.434758626,2.595029645162864
152287382.77136347,2.702115495879697
26888053.327752393,2.5591053409872586
5637238.333704978,2.432442437914158
4429315.781337176,2.412965640520566
18182378.31324281,2.5257476438802002
41858892.490779586,2.5939967611727845
64808554.61027787,2.6308950509304436
6443524.436165396,2.442920620059119
465903074.0805348,2.7932878571384774
2541324.690107605,2.364524721394614
2596555.3037689268,2.369250453077439
66155458.55693022,2.6340986258919905
53686411.015048504,2.6146323374526954
11657031.67008696,2.4911904531322655
1592788.3357916824,2.327310840451717
34620832.27055879,2.5789372531369295
227136105.00307086,2.732811279131864
8910462.423880972,2.4673438343986134
11361235.826972075,2.4881783416773615
946798.720324923,2.285170271287494
329166877.5436989,2.76399436737494
535765.6586679083,2.236184584702005
821312.3284615327,2.2704992312680665
1423215.1439404723,2.3202676650844536
254736324.8705547,2.7441078530595155
7533319.912779502,2.454912919759818
135461785.96078387,2.6918949302469826
747321.6927425377,2.264842969451416
13075348.44985048,2.5012382684204373
32472210.501974568,2.5743182199581924
54041825.82395062,2.615964512751439
24445107.983873457,2.5502029616239272
546134053.3390994,2.805343331857204
9075192.960753908,2.470309263898484
31614727.802625842,2.5693655251163787
7204869.904889336,2.4498448343342165
21488958.293225087,2.5425654011993952
850435.7746762891,2.2756971382358713
26388666.86640879,2.5588266364597048
5996925.661312977,2.4353811003881654
9307599.911794255,2.4720057380900298
271417.4177532229,2.1805771697306846
915276.1415129062,2.280717237981699
16025.920954662306,1.9513178726283409
215900643.9807576,2.729560467045707
115791407.32491659,2.678680697171806
23728516.92595436,2.5466342019799844
3165346.8825909025,2.382295918270284
107386570.75239639,2.672096514933872
3121728.664038724,2.3819893067752846
33221273.71493904,2.57713755182283
33022274.107321434,2.5755541576147465
101756799.92644425,2.6685819632923193
26182031.043497656,2.554736901861999
20007999.49241551,2.535485283442012
916719.8764143839,2.28223499225667
7399836.372775141,2.4527452668622036
6167458.53876758,2.4383586781076443
191250.80200037442,2.1524821026903442
4791414.194815547,2.4186707247674186
139780312.6402474,2.692974255794911
21399566.884566378,2.5396133604072926
1090540.5872069874,2.296702039613546
876886596.5939567,2.843752010297998
83318.56118654454,2.0813980041533138
359537.6778460788,2.2030081363334904
250563233.2385414,2.742506527602948
10563646.411864782,2.481083322654267
47040243.8216804,2.6037859665844083
742576.1958087727,2.26527221740943
73144458.24463628,2.642577446050661
6993963.976110444,2.448830109255349
5026390.10532858,2.4190875246731074
168479070.1498704,2.7073972144910736
4764181.922594608,2.4171389308428455
800832.5270432205,2.2688384092990006
16248658.701989656,2.516393258534178
4036975.859216182,2.4051171105832623
80666811.59488678,2.6473523559005336
1291971.3621584636,2.3094343128752666
11402464.215048421,2.4859281441123118
369325818.99610597,2.7746886580080377
21860009.348930433,2.5405617584268074
265203024.95006472,2.7461380256643224
20336400.02592312,2.5373235827267604
67319906.31554534,2.634172292780305
178656862.54353705,2.7135844633404087
684538.3775910732,2.2566740917740264
82319627.01633656,2.651345129146148
624905.405138337,2.251559804612981
469034.17809014156,2.2278028941670134
570358.1920795346,2.243289052232022
1673968.7916552534,2.329600632111672
29993259.495372057,2.567338914583124
8641603.323460955,2.4667483904105674
55241028.26923665,2.616712100186868
1057055.450993609,2.2942494690720054
548636214.9240127,2.806621437690101
259748.98520665063,2.1777198634918875
21013031.00426716,2.5374213376863315
4972902.813583809,2.4219653813383326
12532162.844034167,2.495127702811518
65305979.02987512,2.6322700575885007
26890169.345153227,2.5588360776487504
7194671.0668852525,2.4519677288913955
3052419.0697399117,2.3806972540741844
5149.916605920438,1.8545678890014201
728111356.4486825,2.8319274531941314
16497.57265224788,1.9504436221549823
9546095.953207001,2.474505422629577
73961955.81831104,2.643087943179904
96311.08461447436,2.0954395611876384
98224710.72253194,2.6658724626149137
281607022.4330423,2.751362931280425
9894904.304737033,2.476180796961415
132765831.37506892,2.6884088995913635
46561317.55800872,2.604731693461682
122983612.53983356,2.6834912775394235
36301465.467680775,2.5837634136632492
20718994.232101206,2.5384545345182365
40768528.43914473,2.592922800875121
12970937.68205688,2.49934638498265
15892090.943796337,2.514466038989954
113956286.29891206,2.679257482908488
1340806.336584992,2.3136486489193855
7275.612061264423,1.8838080767207823
17512039.571514837,2.52438826498259
5956365.122529562,2.4351807167518666
767991.7139950271,2.26656674294598
1580129.1876054828,2.326391120752876
3097577.4165199827,2.3791776908225546
89923786.41418454,2.6590867628015395
26341493.73491857,2.557901824367929
2377517.54903467,2.3609960419779803
16696465.399072504,2.5194622521920826
351983711.1867378,2.769472581617105
5043290.148163751,2.4226320326284316
4167320.324355215,2.4063766746295396
1856699.4595631287,2.3389195012326414
129634481.25092693,2.6887941879526642
334247367.96817017,2.7647987504521785
156908098.2092394,2.7037664675152335
130492050.39219543,2.6864928298048154
21540195.230911385,2.5394784782119446
1332341.3809367532,2.312413137337866
1326365.437971078,2.312849133467313
5315323.855136175,2.4255316825465347
17961.878377945523,1.9595713652545808
949764.6386608824,2.2843067137450257
908730.5806026137,2.279987164804539
24910323.45756174,2.554891099242671
4693057.357636797,2.413870440358926
826793.9639628744,2.2722638953897283
3020559.766007886,2.380967511992701
3643501.3059951877,2.3944151971582768
12190703.490915563,2.491766689016654
2875448.777830353,2.3783447464813787
19580021.009020694,2.5305315080547612
103730.06239591561,2.1042686648327034
6634627.684341397,2.4421640637498014
3416153.316713601,2.3880805853300666
74383265.54805277,2.6416286693992195
56138191.835413486,2.6193904942590365
381316.56796159106,2.21069341194475
18217726.334137715,2.5286949578801363
21176562.787553325,2.539528591034989
44924682.38823026,2.599081551190028
244771225.8227325,2.7393825569296935
9424532.2299565,2.4741751717506455
2331116.84182691,2.3564397794870877
53092706.11768268,2.615402504758669
23510463.505447313,2.54749970087671
7502825.523553713,2.4544568026718525
108252553.81173742,2.6723645273953367
9036249.700444609,2.466739583984039
92132327.11070938,2.659914824748016
1741894.5281484115,2.3336124425396787
2368206.0857791845,2.360435663883369
449778087.7043669,2.7922731621471906
2740247.4755755067,2.3706717126468106
27969629.87683684,2.5629677989233204
16441278.036267005,2.5177858202936463
22484264.017333485,2.5439932591766126
8485302.12033878,2.4657572268972325
1655493.6404113907,2.3308043160921597
116190682.31450327,2.6775626887005077
221518.27162139918,2.1644528548645576
880921.2203065833,2.278302234404663
64265759.96388828,2.6297501521374906
18341647.55228872,2.526277514596113
53533882.12744361,2.6124170470076447
408556444.91303277,2.781325100232188
43645326.76170236,2.598214785615198
41387502.60989126,2.5940270564565875
61393061.45458037,2.6260260803437236
6810010.522456975,2.445734496102482
1661133.3402165265,2.3296559513981316
769951.6027669682,2.2657458029695445
17576812.703047846,2.5246754784322922
178859151.40901148,2.7149774475960493
57304566.15393351,2.62046718259556
226734338.09066778,2.7342102601114617
81364987.81210051,2.6474308327953775
5730795.784743315,2.4326128616270983
32635601.487141836,2.575995919359386
10521449.740248626,2.4800732818366105
22322765.8727465,2.542133557143508
27105792.514754836,2.5607701489390666
901895.9767771375,2.2802081402472942
77566875.01375389,2.6436788505710216
6381726.272837572,2.439665906876033
20312276.76638039,2.535345195658559
223365565.23505953,2.7339389948433235
73118277.80219646,2.6405617917963684
140642721.19637582,2.6950987175972587
213181.49447355157,2.1616934729576363
29089361.35417723,2.562742006895081
7484181.503704948,2.455202850968657
1673445.136881288,2.330395842397481
147224.1964212034,2.1320629238610986
3772898.505556157,2.400191333157558
55843.443007150025,2.052829441679648
68036453.27671148,2.635487145619924
48412382.88236608,2.607760483008096
101634083.68778396,2.6674891571392734
8630493.144736096,2.4677078808014876
41478653.83338654,2.5960154966282016
5928571.495857827,2.4338576659177735
596891.1737559233,2.248991101149729
215288.6773680389,2.16353418517405
1755333.0404860082,2.334536486575183
7970532.915721928,2.459516033801957
31664710.068271726,2.57211414875937
13725825.978753807,2.5027184625112366
120239505.54636411,2.6817062120692245
121583288.49003258,2.68212050588368
10246565.66141278,2.47964928483508
73723327.4456238,2.6415186662252115
2579959.6477445317,2.3647865528784413
38405119.05904266,2.588627570051672
22117843.271101713,2.5427798973993614
4993208.864019911,2.4214491456240745
8686342.94364265,2.4650573812651144
37170784.25985797,2.586722918399827
13090564.174065964,2.502857480115772
508234.69190031855,2.23366716216384
38233511.92813048,2.586354341694241
10210765.192863993,2.482320958933492
16052615.206652796,2.5173365466447013
8539110.768052839,2.464297671443999
766752.5359214863,2.267315016847552
1152502.258209982,2.2998577831152436
330797481.8163734,2.7639959741287012
951505.434442645,2.282651406869469
20087793.594429903,2.5360145755438603
33539005.673471466,2.578370056581436
54598419.420292735,2.61877678849504
165756180.1095858,2.7080025681282227
6395151.2666075835,2.4399060248331663
41878705.17596452,2.5966412183198533
753896.4006455234,2.267592654457134
64951445.49629595,2.6309250474071746
164927365.6706403,2.7079708189673943
2272824.904212175,2.357782665748193
19313082.398322936,2.5316477052610025
12545377.837142784,2.4972263171156555
4935678.209090412,2.4183619029393673
53643861.990711845,2.615741778634921
585578.1125049416,2.243440179152787
187890684.60401216,2.718744623589744
121432780.88473703,2.683137449345153
16849564.07011058,2.5218099798246403
24058.971689019978,1.9825215573031778
2519296.58629948,2.3648382450420247
2224495.3828013814,2.354902223791893
72540514.48148026,2.6390587984791227
17648201.98134465,2.52226536344137
36167451.840320416,2.582249843334948
13943132.428767063,2.5070166596371495
1418819.806158941,2.3186881446164693
25688356.50429168,2.5556584822300152
79131200.66302277,2.647688640124469
2113719.0096854977,2.3543878161267915
93641.12880756485,2.094548516637456
151517153.34907848,2.7006576962882987
15142999.774601312,2.5117007448360633
32994837.96122142,2.573904828862025
200158.99026439793,2.154554283834237
51390304.77479402,2.6111734432035174
13625575.300625613,2.5024059995581935
33049169.69457444,2.57760752209895
6779495.302769757,2.4472391547780177
7906147.010522666,2.4602560083579808
8272645.590122891,2.463239418337103
231342754.05436647,2.735250258038902
199923385.64591217,2.723252501591239
20008120.637613595,2.5341270059178247
11445379.447013618,2.48852756494449
983625.5605376399,2.286133417354837
18321275.239817254,2.527576626902312
6792724.204420135,2.4459987847820637
21689536.359053724,2.5416480242536
109719.33705533146,2.108153085741252
20270.206041772493,1.967003573738231
2099815.065601768,2.3528152752235587
2808369.5428863363,2.373351782059209
92884818.55569838,2.6612803254010604
1800435.9890426062,2.3371057244585858
44070000.29750122,2.6009502311724986
2582451.9250436053,2.3664911277803977
66337195.56408203,2.632881086397743
62263256.203563996,2.6294861027227827
879268.1567792743,2.2781784035358355
374210.0915074022,2.2094725398758754
19511089.02385485,2.5333287899925554
4297490.493834553,2.4078404066424643
24168946.683818907,2.5526064270423836
24680429.3118047,2.552738699148608
182533266.9043696,2.7163295409164814
14842706.388106031,2.510099498481687
319510.5084013196,2.1968405506301107
210398118.2874178,2.7292107079758274
406165.5511600433,2.2194665539432425
23993243.848956853,2.5485528667044526
17370064.23638453,2.5227399197986395
15843734.239315178,2.515590207403191
208610154.5329347,2.7274967749427037
2424473.713855402,2.362326551273134
19395133.281872448,2.5341790688920502
6745127.681504538,2.4451742451770206
31281.298868365368,2.0051655746411403
2075801.317812718,2.3486113547787935
19722185.98237397,2.534556995386982
55827428.01562724,2.618058788168035
16299838.984766116,2.518300762132253
284130.08599884453,2.1867298881917945
7398481.858152337,2.4523959587154502
12411.28071323354,1.927821579930671
477624.56969698786,2.2277393256665103
108981423.43929969,2.6758341577982705
21559578.957119856,2.5404273978654373
11246650.894867377,2.4886392857466126
68161719.96200427,2.6338353197183206
20951431.03303557,2.5391696563777666
50242743.49532403,2.6098946915612715
300207.1269036474,2.189813884995079
84051.43035477983,2.085870938600835
37422545.14875815,2.5870110045387262
32266653.760286823,2.574262019662456
10485966.942359293,2.4832308115912145
5431592.965672741,2.4270813927932093
135333.94630965244,2.1238186561297607
1974411.2954847098,2.3440313710815763
71179563.51924527,2.6379091481324557
80327926.45120268,2.648484179064662
404498311.62390727,2.7789709529056528
3255465.4785261154,2.385232754196417
1817801.9355293498,2.337099475399499
92272353.91823588,2.657326785255772
123885886.83157374,2.6844744466520924
45122.717558723714,2.036494834896909
129721575.50888203,2.6878774069279467
277851.0832559061,2.1832649368719106
19156404.539450068,2.5305505181311285
3575599.721581719,2.39376374226758
731863.8207979477,2.262327420567082
3237341.1609878098,2.3836348774336096
63746304.10573235,2.6304938674316105
25371521.65341485,2.555855103395327
36357892.17623591,2.582528088725256
43498061.28476354,2.5982040800772226
1000825.4043074908,2.2879139893312685
365629.9060072713,2.208263294180322
2767.656628569614,1.802374649236861
67463296.01330525,2.635840935054546
24167300.778570276,2.549987837963362
43473066.098393515,2.597311013687241
183695.69886882068,2.1494654097468344
38636598.58373574,2.588441553375887
708256.7301427681,2.260288944661465
140892047.47168544,2.695596370219089
2493522.4831755836,2.365210527863971
3244282.829790502,2.3845293175574223
24506785.41234836,2.55007983962359
19093217.24209276,2.532035736716196
37297783.410125725,2.5848882830517566
103018.20214851484,2.1010408693535156
174737079.6838338,2.712618011461445
25957558.473092295,2.5551912412348154
495949.80659011984,2.2321403508403463
69619.94736676944,2.071459203983459
11505706.88277464,2.4908170076077285
1809136.8382348507,2.3400080724520103
8412405.602704719,2.463377691644932
14219908.056409169,2.5061571245365046
5714383.913771549,2.432963386666998
13079011.715333704,2.499282786387801
677858.4783325508,2.257926135164482
117733660.74950784,2.6804596999590107
12105060.332539802,2.492021638740465
1315905.8562836952,2.3136779979229565
55141971.46245126,2.6188450973978936
10797816.569462033,2.4810858386165355
37453.50187473395,2.0199716821553957
2464223.5813303874,2.3649462969903645
19551553.980764255,2.5336937337685597
54806975.383672886,2.616885206081153
13124098.118796721,2.5007144615679104
2329746.023435367,2.356404343068642
5642419.190823233,2.428533616815794
18282098.95030131,2.52667245483935
26783296.719350304,2.558538138072695
21833458.337518375,2.54215850520994
42278945.22703479,2.5948682153445377
405246.58494596963,2.216327110040199
9441204.990948197,2.4743104482073486
59039906.30123178,2.623540202804035
111438724.68022197,2.6744520688431304
192315179.10809556,2.7195739359723214
2499909.870786831,2.362641681580812
52558292.24714525,2.6141574337723203
113081397.70484655,2.6783927360769146
45094134.79428074,2.6026696703236576
11747394.713626051,2.490728261691313
161181489.14766744,2.707247333699586
19255359.690442245,2.5340836089331353
3527787.117373428,2.3893800685851003
3304678.736822673,2.3866334212662417
42166031.61363566,2.5959430282772287
3680621.3867689124,2.396138557760106
1495687.7851318556,2.3237312950610645
70114196.45230737,2.638496374978799
433259816.92413026,2.786881076019667
137913.24333660008,2.129063948736436
273970097.66678566,2.7490064761020996
10452564.351966238,2.4826959027997995
11797.604890277491,1.9242893565340093
108698.7582706564,2.107804305823564
13432919.668371873,2.5039655360545137
37075842.512074254,2.5854955781056517
3109835.9267557333,2.3822522980214527
11280218.408940628,2.489892443967124
6746663.655041558,2.4476602510873318
7920340.858960917,2.4602786596326665
17047.480076747037,1.9515290966247458
3303501.230343762,2.384959961977764
103028719.80217172,2.6695135912860697
112256793.38507698,2.677274792621765
69477.18347417677,2.0702542539976054
43903382.82244287,2.598624492251639
5576254.762903257,2.428400783671899
29408965.236490108,2.5688869207000185
5843569.391839296,2.433367540500955
2433030.492383638,2.3612147861727575
2099.932690772145,1.7839864482570371
55017704.062105924,2.6169404333647446
303598807.1896541,2.7579140553607706
26442627.241426576,2.554539889379619
14633102.567514956,2.5102042384122165
7675636.648668556,2.455503347415727
255626.30900928038,2.174764697356629
850992.3373555181,2.2757410907860445
53262100.166474245,2.6178474613227793
1629852.5097465715,2.3292884860806837
47596925.25784534,2.6058832863253474
17443522.64804401,2.523847702587351
602232.8713634893,2.2489064968291017
44249657.694642596,2.599679280202827
26900374.123274148,2.556511618016449
732.4497362025642,1.6946587424069661
4772495.128236352,2.415866261887597
10946974.458835479,2.4851979873213708
1644236.999400069,2.330399805891517
964676.4512653851,2.2860564238280645
1243221.0957934,2.3075592144233403
16793698.10459886,2.521274492136435
41771483.98180329,2.595168079153615
52594688.07000143,2.614985650375212
68853964.60488169,2.638069368778016
1213927.9379210372,2.3012318866624883
5722106.038663514,2.4315908357900864
23711754.96091489,2.5481492074011194
1111291.44335507,2.2980558189636375
216148869.6978834,2.7297436920829967
103485173.3226336,2.670195667084736
14820414.554526564,2.510079699225271
931353.2078726309,2.281633042860847
21433340.72968369,2.541422854445542
2063556.3049984653,2.3497375336977586
16349581.999720208,2.5189079259396445
101155263.47881176,2.668017101423574
25121134.49838591,2.552414186134783
216245935.11047468,2.7295351121723024
1266517.7796654108,2.307671225640334
43498255.62289474,2.598825087504947
26917105.91284791,2.559429240823239
671089.1739324488,2.2578779284957426
73284746.731102,2.6421922270638105
7508522.390263375,2.4554214087866324
9077591.617130764,2.4690664400497564
26826089.693369646,2.5568912761158296
44303219.394064575,2.6004500369289922
9472295.360849526,2.4736170678484277
24981267.313429028,2.551532371723107
132110.3338768881,2.121207432777969
45104573.73948672,2.6006837295792975
229139716.17868868,2.7353239153265383
2255416.385752965,2.3554931912787027
14314005.131457763,2.508941074301574
1895458.0901942763,2.3400891809251996
72012.60921851934,2.0749843145174496
19003498.27900351,2.5301506825665774
5926585.056006923,2.433755831957439
87861879.97157386,2.655940692354434
77838333.55018848,2.6461391361760986
8967385.35693573,2.4670697348338564
31292546.258606967,2.573511323178843
391066.64944655576,2.212229149158518
6723700.248182275,2.4453275238873817
18259369.84211378,2.5273062557571335
41063259.495125555,2.59362919513663
879541.616745547,2.2785257005315764
21137556.65378269,2.539820404232359
5572169.30385567,2.4305944019000445
10594298.731508795,2.482407403431753
2325630.66170545,2.3597157117740113
210768.9937966686,2.159778187569875
109216102.01477107,2.671716304372936
31424413.0163533,2.5725255906365123
3938259.5470372736,2.4009941972942705
2380955.999074408,2.3603358739871885
8429646.586417845,2.4642445328348286
85213568.3482504,2.6508534298211623
1092393.8508919412,2.2943443040315175
83933.93426784364,2.0826211801767887
11361336.187715968,2.4869599930421216
2094233.9524157657,2.3481008604143088
1532459.2864991813,2.3247400710602886
2390139.5581240463,2.3594837562589355
7464976.175189641,2.4530067486911356
13119545.39142505,2.5001509923073475
2214394.799032598,2.35451924097989
217751819.96261775,2.7292546020906996
25851014.748620044,2.553838264593897
2239332.1404290292,2.354817250751317
149399671.39204586,2.698110672280533
14453780.61650247,2.5090613386829914
7318628.11365465,2.4504014219344383
7628744.353867007,2.4556752584226866
16906133.164617963,2.5191726504122123
2903318.5874493546,2.37442263812509
129147624.86861862,2.6889827196079272
19216759.963772535,2.5298579867946254
12161216.016685542,2.49146935418934
92663938.81075884,2.6600122814061264
36674220.59996853,2.5850879447994326
341068.9577381819,2.202019690857928
22474611.91791353,2.544419292572948
16848933.82851334,2.521439309810765
223893412.96880797,2.733103917815084
1722432.0392078524,2.333905531949926
4830809.904828469,2.415703284222182
48068174.69178617,2.605779108590266
20636598.050582204,2.5354285550157436
9763180.663155898,2.473301758630141
11430745.407737853,2.489902248538574
1085223.082172199,2.2955056543849235
17570961.52093529,2.525076919201908
907167.307549587,2.2812306035296595
16376063.087537857,2.5209475621000834
5470204.106616173,2.4288578146739646
99970364.24398424,2.666460742730655
21841323.30720877,2.5436607254804904
6199640.479058561,2.4357892485610235
3067140.0856355783,2.3811342962256634
1106786.1446321325,2.2964228311691173
148734.49077292587,2.1326898372633
100052669.56609634,2.66706967403288
24571069.52395457,2.5501857307527587
752933.7595715609,2.2643144657447087
3929322.31204788,2.403777212761756
231371616.81297553,2.73523580759491
45846145.89169736,2.6030491810886742
54025690.14610972,2.616503683768773
39127051.23667616,2.5910039148300577
5144096.572564509,2.4228779287983606
41669761.791420154,2.5953903958968922
36245983.34112011,2.582696221853426
11559968.054697966,2.489155246969821
1004062.3468051633,2.290161539396755
7853484.534285812,2.4573749135929703
22016670.45918536,2.5424338718374027
16200592.241653264,2.515560329307033
2487916.931328146,2.362050570696836
111064837.80923453,2.675536802959952
7398950.4364694925,2.4527768649423494
112175552.09890525,2.675057641481723
1001441.8515473836,2.2887105616331045
3600915.198480236,2.39435013808464
135878053.63322747,2.6907578888926067
18841.327559518653,1.963946421357685
7119647.186026787,2.4513103278429402
8975560.070689598,2.4699374716881426
32255838.07179653,2.57326232492756
16094111.1423968,2.518684151950123
759779.6141666494,2.2675280219606373
174396889.33094534,2.71186899322454
2553721.4206972215,2.3632418095169343
175446266.7704109,2.712029887894802
151356065.6998286,2.698406824645246
987901.161974211,2.285767705636328
3235328.5971935783,2.3889617604537965
848597.1638222724,2.2762870583325676
4536942895.749168,2.9808537133073085
608013.1733958445,2.2491781772454638
15939929.845071083,2.5155823291562225
59071490.128127635,2.6233389184457523
150616.06190874017,2.133391796826333
14959.836518677415,1.9445141349845856
191623781.8859008,2.7210705779894853
1377591.4421851146,2.315872856970441
4766498.73917082,2.4163706000880407
1197592.1705080585,2.3045848966011926
9942869.071661718,2.4754977947290895
95327608.72794957,2.661765263510329
215411437.81713068,2.7307775119039106
25553160.50630082,2.5547352546643216
45973262.71394034,2.6017297072930066
22466624.8534456,2.5450029885709333
34344755.035275474,2.579235461452694
25942493.525839843,2.5552439822641406
3493928.9310088763,2.393380822984396
71539259.23637313,2.6374123031573076
50653567.437427364,2.610423937112649
79257986.71357296,2.6477189573338475
31787086.808305673,2.573603262237133
43401759.2285645,2.5954424752999863
13460234.691733828,2.501285805076963
51018.83583919041,2.0455234325639675
78964177.35077316,2.6491454723143275
345245.29375324707,2.2009365641544214
4517957.225914556,2.411593371012957
9877848.582043467,2.4786419611345023
10670772.987119326,2.4864459445942515
156654555.52348384,2.703553253062595
10178241.823751247,2.4803240291473445
45942197.2664919,2.602169660573463
112002.83180704508,2.11076525610092
66691465.84846289,2.6350256425228316
2991040.3496190426,2.3761804506261126
2632309.7903995463,2.3676365092261094
1026548.4072235562,2.292771052103869
28305554.039411057,2.5627885909220764
5189138.789539022,2.4264714498139703
124412131.61575064,2.682648263387485
108606233.65513526,2.6753989432622136
34651882.970015235,2.5781492509971127
20870225.451103404,2.536586426862979
9752692.563253926,2.4753305982186564
842417.4427543532,2.275374353842697
74177896.04160047,2.6418652382863606
557044.1148620483,2.2397767655019036
184563.6241003203,2.148786428554178
219091606.20672104,2.7295975845559473
3851694.0965591134,2.400269082068595
391219.04012056376,2.213309568114433
1690322.4545459666,2.330136892605983
11742542.648275413,2.490435487503639
443052.53186476737,2.222580436540129
25259227.318709902,2.554038982986369
3274281.7317021633,2.38968315502152
11378344.74675633,2.4880859184699617
44250110.484653495,2.6024137040470188
42977750.54916687,2.5975238330172505
9191722.250145677,2.471089360463899
143141165.74486735,2.6956338814440177
315468.271984238,2.1937236561976134
73131362.63864116,2.641334898585523
1997566.9976418419,2.347090177375321
7033156.077706646,2.4481903052731893
58504873.28997208,2.6236097797721643
32545845.165830776,2.5748681173270227
269606.41749241616,2.1809602850415692
2934152.3921585693,2.3788195551916913
10168504.298174556,2.4793655122076705
436595848.9840221,2.789544667848896
2946393.3063056245,2.377101232810387
72115380.90670338,2.6395974759691385
2043365.8725068383,2.348177913284753
23018769.027123377,2.5435739399881587
117451582.91396315,2.6788234617474265
34287983.74940524,2.5766695046936015
673587.0269392167,2.2562795359354024
669666590.6665269,2.8228456699395226
1455267.7666410846,2.317985070671157
58195163.660978094,2.621992508262376
3608511.8915302223,2.393480691521566
1372218.8773434819,2.311182602487809
936943.0553803709,2.2835475075594127
17997754.781534515,2.528069071979772
996005.9239551354,2.288277414344186
1934303.9939727914,2.3436494710941367
876323.1498899836,2.2799097308803056
42862690.41204525,2.597209506226576
21724475.793417543,2.5421940834324848
23647138.93578701,2.5496053117584987
845848.8578420643,2.276110087926945
1161910.1156824548,2.299288742282815
192814494.7401314,2.7209692973982413
48075923.06949929,2.607717432402262
5754682.810922812,2.429996982892784
3851392.2064256407,2.3993182605186743
70608945.12505297,2.637593355705123
2436635.0908292616,2.3615105571659614
3214519.7881593606,2.3868426130591067
20974499.38845665,2.5383051125173153
544253.2765834878,2.237388800787811
173386057.2523471,2.7100154220084747
2427193.4887057957,2.363211684284414
27175184.61350341,2.560740249968564
67865633.06547283,2.6324487059124277
1535119.2954924866,2.323519657852965
161102447.43610358,2.70479173321814
374436549.1036683,2.776985151648569
2157794.9208584116,2.3525994402227473
15889982.378492787,2.516715614700862
2982480.3220717483,2.3794763395703282
12159858.397665592,2.493037484843996
830689.9386359417,2.2727760062838636
3345.4725673803123,1.821140446067388
19923350.024008878,2.535378975318557
258958.83941504612,2.1774966521145007
123944.33891968185,2.117261833704783
45725.25713428558,2.0381008295958924
73597988.40112582,2.6400287708334633
16865591.36363077,2.5201624929254165
2733969.3973815534,2.3717206869016074
11654945.030923411,2.4907806234962426
551133.0806291836,2.240092362267204
6078733.7891387725,2.436663686387359
258437.04403760555,2.179322441262408
46113635.425255746,2.603156951803894
106583763.63375153,2.6735628250055687
22734730.819212593,2.5446012767281614
92998153.916225,2.6611920680068457
325596.0026750302,2.198145034707823
4742929.213421867,2.418982494864375
50106721.735553175,2.6103092569170285
63594100.4542161,2.628576418766683
8501391.131673094,2.463946323580292
724747.1580240214,2.2629274772998986
65563277.6220697,2.633128389910207
21136.310632656026,1.9720948144087276
9883.025158056578,1.9068509228757082
309256264.3704694,2.759132200250511
2801922.4747980856,2.3752399728574196
37456686.88364495,2.5855048071418
9705143.603781113,2.4746375913083782
6892747.641162669,2.446857471709604
105857762.0870387,2.67123719518477
701523029.143734,2.8283955735964263
323834.1280091955,2.196758183342769
39414435.57328624,2.591357211794007
3112560.2931028367,2.38566575271
2206158.6356467716,2.3539838827764363
6809644.016169752,2.447407056251146
1781511.5004469852,2.3373441218252093
138840312.99566138,2.69355303132313
26243146.17583674,2.557047844747049
36279986.57741594,2.582469363842623
6795973.282598432,2.4449217754410792
188330993.7890702,2.7198390891095254
13112348.9369715,2.500354287024778
15580580.80711847,2.5151963753756394
7461679.466812709,2.453657638014761
11042328.546943128,2.485783361249305
6669016.723120431,2.4429590229658813
7669500.903647001,2.4580575319832287
3095185.0896476386,2.3817230418923763
3998484.100280271,2.4016444785042412
2981518.43165239,2.380393388323758
80663970.78368069,2.647952188641027
17964053.25617124,2.5270633410905474
4731067.572839606,2.4169649153707384
99800316.79781282,2.6661751747911366
110447043.38667327,2.673214828613583
19621871.61996672,2.533286174140381
20482821.01577411,2.53671119667936
14616660.209944764,2.5093586304522573
107530.56765989569,2.1051719308596337
840557.2347407349,2.272942612836593
1108084.5011957895,2.300542642586139
26056047.65203818,2.557241303332272
11230800.820073398,2.4862008341772754
2580797.756595465,2.365119432575118
19913881.79489587,2.5346743810588177
9495641.025215792,2.475068192140912
36309149.91266653,2.5842326704772085
36005390.27939608,2.5816634341898603
19043114.72455857,2.5288328141794625
12463263.976032596,2.494529308478865
9380504.926865576,2.4733707111261496
8346638.430019999,2.4611656526276358
849197.1361561137,2.274343150907995
163418327.7592349,2.7064132021552822
7655825.20835998,2.4545686324502225
128550950.37061471,2.685483401589974
1550296.3496603845,2.3243177269755297
30496006.577942267,2.568423123329519
64516390.912927,2.6303194749258427
25982903.67512077,2.5558606067715206
5571714.928692806,2.4309748837726204
2723258.1707974263,2.371036206766165
27847520.921742104,2.560553653268403
16319694.066035,2.51862219609254
19360318.02374602,2.528827257817231
78455292.89836721,2.6462066284534327
92804805.47918645,2.661072865955157
64642461.65235602,2.6314523571337523
16835584.5012379,2.5236739929661667
90806345.78672431,2.6568360963476745
76989556.8558952,2.6460324408834737
349564312.27124846,2.7692055710844423
549040.6638208901,2.2374023607427485
53497.37743345095,2.046544111886669
16851333.364461593,2.5223449844258554
80628594.25423206,2.6487173480038284
348755580.1156919,2.7669173717728515
41025473.62030166,2.5941759020338364
11143743.565384332,2.4862644220117147
24279444.869808923,2.551509890097465
137587938.8445013,2.693714604419315
84762673.31040859,2.652514712192611
207543866.89883548,2.7273300226080606
791151.0045991143,2.2687181101934515
2621044.7163665956,2.36530600418178
14245899.940215701,2.510379198100624
40733484.2429775,2.5930976540346364
69365962.72117563,2.63616356690574
29792873.6420134,2.566795687768145
35397216.02683085,2.5805982342002407
54446.46099261008,2.0510780779201685
7312079.234955735,2.4510189113909244
31849935.52894265,2.572494013521877
50710663.322988786,2.611867068418626
752747.3577263398,2.2636971719571335
116379397.97163169,2.678550472901165
25545608.992427338,2.5562482814094585
58330056.292421795,2.6236380439664186
2421183.0072243284,2.3623198438031343
11997748.006768234,2.4933488028652673
171283963.0109443,2.71128784351402
12443136.612959635,2.49662373198173
14077996.285205387,2.5059380452433135
5310107.437751135,2.4255529554222828
542893003.9153475,2.8091063472173277
41715136.07808419,2.5942344294454096
297422159.2202743,2.757899440410247
1450406.0890842795,2.3198460096049187
7711318.531739181,2.454618526232857
90955189.33093329,2.657181719765574
72994326.25596218,2.6410805026996202
63402382.06408502,2.6286147661744357
10836625.716783972,2.484129627012476
6485531.226370421,2.441513002008053
28242406.849195927,2.562414363830011
72393038.20730144,2.637942134206958
374110411.56932646,2.7742100688696762
16371878.763673952,2.5190750683716483
717878.28362335,2.2633373910643573
36865017.57077737,2.5850171491407123
39957557.84200989,2.5916620319179806
26108224.940696232,2.5580010674190334
14664204.288421495,2.507579608556265
17506.466704832725,1.9576422462327099
32548.000052796084,2.0075908051643268
2371116.649938734,2.3594214307610732
342318451.8667469,2.766663915345193
124218145.13839382,2.685382318484919
15552822.21891117,2.51334023729311
27883.79548308178,1.9944425031938737
15620418.089641094,2.5148163520053375
41122113.85843038,2.593046348802361
6725.340673899018,1.8795994142362131
154126187.7936594,2.702190446255587
71890361.94715112,2.6402973636941596
92092371.22939086,2.6605793012123953
2752959.6155028804,2.3697325406668224
1385546.3254446995,2.315773511577555
43891582.484230235,2.5987359334782694
1172494.284518012,2.301904590658307
117970768.58826607,2.6813720515123936
11834719.652149815,2.490729299903139
54254987.15768492,2.6142789896355905
269551014.14457923,2.748345307914454
52531478.81391435,2.6144790100102417
3983207.16732398,2.4031848779295117
39062525.2905885,2.587688350767784
97353747.80861099,2.663766181219132
33606932.32000252,2.5761303622668685
38856338.37527651,2.589313525278934
77337693.71284956,2.6458648877742377
43274572.258248985,2.5973531171253654
258494828.42189896,2.7450620204323193
77388416.09640115,2.6471574927144212
263207.8701925164,2.1814042950650743
39632391.80910361,2.5901753597419113
198080115.18455362,2.722954846356949
35320471.800014764,2.579542148871384
44271232.08976724,2.6014301331956564
15693313.071218261,2.515176222016337
46096706.74792993,2.601034485070212
73889.32323000692,2.0762207962238097
726494.5449985778,2.26297234263231
75688379.20149718,2.6428378517984874
26827861.002866212,2.5597346202107687
164353656.6303551,2.7080435925387962
52160156.19299665,2.6131081442913517
1913053.3074546119,2.3428558417248
89673501.17796862,2.655551981065676
93731858.33463077,2.661109867735563
9195490.34055267,2.470473968150205
11832263.144510388,2.4938326219268014
986219.6772227987,2.2887410212933434
325063.5679056613,2.198162646833317
278201950.57160646,2.751656871767493
2179422.9936505305,2.3540131669219084
9590815.785257198,2.4730945215444113
19714364.372071043,2.534433198181262
4959.227815872967,1.8550840664915065
6434810.109623647,2.4431961609509907
104449702.97866566,2.6681316447310746
9601937.361744547,2.4753537679377815
15561121.814024305,2.5166467981683254
914085.1502531206,2.281417093098822
48120980.242504515,2.6068091395915722
132555974.47728863,2.688860769391803
116604966.8211937,2.679494162109507
3973143.731383352,2.399524524478674
26172628.8392629,2.5594406825106257
14996600.95572504,2.513577607665872
105495318.72150563,2.6718480445692645
12405784.399519723,2.4958981123375557
2690996.983059328,2.3717246558499623
50621532.017526515,2.6113998395294034
8700988.160079682,2.465328983458951
8690029.249423532,2.465469319742783
18754593.323442638,2.5299276933732333
16688701.454670494,2.5169773606923385
2072194.3628325523,2.348029264843826
1732779.2254891577,2.332968672604325
118139.15120865579,2.1135851531677163
35511577.898084015,2.5807292944865594
28611783.090280507,2.5631608063737805
16062151.121256445,2.517325287101146
8143695.015834151,2.458536817604068
29740381.537747357,2.5651077250629157
61286939.55493716,2.625219132638349
430607.00935970957,2.2224656847089643
11214131.077494988,2.485331857644115
3645096.2139169094,2.3939885450985163
32838312.358591795,2.5738273591568133
32331716.737395972,2.5755734592440054
38773149.39336027,2.5899991296618095
31333084.736354098,2.568873539917391
23472363.224437833,2.5482275150238447
15202595.812794285,2.5133386320251674
73104015.8393454,2.6399318688324733
3164080.897024473,2.385416684555612
3702770.0640085936,2.3977988035877704
12901939.988805545,2.495895944216711
1869450.7337416932,2.339093200315149
10094172.02636284,2.4781195218902345
173995202.1657168,2.711390548926841
79734592.55085798,2.646802246912252
5786096.167060197,2.4328381825717704
22108844.849003077,2.54434880097408
2340083.241827607,2.358671877951043
9569633.350940105,2.473440729205181
16603089.598749543,2.5204826168551655
3857.2583886589227,1.8338452610262437
8085829.396839629,2.461173776847675
1682812.4736099972,2.331496997530862
3504079.2974567804,2.3900192872090185
2524729.591460781,2.366190358663001
12185436.27448487,2.49441674257465
129297452.8296936,2.6877833191870946
13007434.350128463,2.499916452474887
77478464.62343265,2.644888594444021
38439875.70127364,2.5889492447341844
29556472.053169735,2.5676196968863825
14755193.871995622,2.508795613753724
23194960.35018551,2.547258361988901
67262241.99555342,2.6342967703473814
23093.677733981203,1.9827282015898653
227184.2083642176,2.1675707295054982
72319035.19447501,2.6414153971952814
11197123.58584291,2.487474404590519
2813728.086365147,2.3746271109838517
2100020.973185126,2.35186537096021
79323115.17306362,2.646638241626934
26934147.498057608,2.5594565821800557
141988495.27420565,2.695536310026561
419977.3713399938,2.2140356813738196
220060474.66841438,2.731639515203667
105799175.28483534,2.673478949171735
44975365.28906954,2.5992972937956025
435367.93323296186,2.2194725131381032
8339427.4646928655,2.4652042462633856
77849782.18820041,2.644450532327243
29035840.684091814,2.5645770753842125
15413044.629113145,2.5134732478944484
86375907.3024087,2.65362363665199
21883601.075968593,2.5430892449954987
70218910.32134277,2.638796734200086
5152535.852135948,2.4250948621784962
261609653.1581104,2.7444959878836492
421062997.53481513,2.7857396740470253
37719559.96344921,2.5874007893384228
21545828.603572655,2.539504851403082
3104041.523736372,2.3828211326450104
82059284.50388981,2.649883268394778
1400090.557692109,2.3178957630849477
5587211.083688803,2.431409100445738
95796982.8134069,2.6638003222705637
3993334.265105028,2.4023261587835947
60694031.97588044,2.62528659473805
4976029.503356274,2.4204798991647842
67542656.64060917,2.6342079909734224
22554943.717170153,2.5457645351499543
44095849.42777749,2.5990569190011663
8184236.604258861,2.458657036003249
187997.59176152913,2.153877646602697
17829474.29721237,2.5249445527357564
42373216.84502599,2.5961238698890847
49081068.47997768,2.6106314854577253
150160.32386274697,2.1361921079138706
79595227.93197478,2.646532279480236
2958228.160566673,2.3790718644089806
108365268.2517253,2.673694736085149
167534539.4175281,2.707514057201745
2362896.4053952056,2.3574332263448565
8774749.907763766,2.4654136945171854
7848359.672226534,2.4565526027973585
23441303.067085348,2.5470812787206434
10028438.37722298,2.477592363400862
213639084.93170467,2.7290944024449857
14366712.684935495,2.508659109548177
13994537.399042528,2.505986649789506
11275254.29784052,2.487078816059072
30566842.71347133,2.5689729198953226
10264728.34644814,2.479797037755553
6459437.031510086,2.4413172630377256
4386341.329206165,2.408518385313262
55890826.523240924,2.618501381345883
18810635.946783,2.5295321480273545
4575281.3403879255,2.414259856885085
5878647.025415358,2.4352002012188003
11990531.525566565,2.492807278062515
499341.7621545317,2.2337709155815855
11204932.47709753,2.488495779855583
271792.2447213535,2.181504347893286
5139639.257501704,2.423416279656961
48329851.65599719,2.6057843196179493
6326532.467497832,2.4426024897804517
51399365.122100204,2.6111885393722485
67055341.03704968,2.633778122612067
6207672.426340948,2.437156083713438
14052313.479625398,2.5069134634514283
89315454.86392514,2.6573555179450645
43448162.33886305,2.597234475524605
110202082.53292064,2.674365896897138
123343739.59219334,2.684037050837754
102543960.70698756,2.668038252860764
7950461.871490106,2.4562744297289694
8352582.218551758,2.46331456711024
1135311.0790843535,2.3017896960733597
270484413.5951196,2.747641988292629
10928830.74509221,2.4850678789303946
2879469.0387573256,2.37628964656209
1802277.40758605,2.3381491100161873
5239230.269061988,2.4228265406142677
46992380.20608949,2.603328247850422
40657728.270707496,2.5916510287461167
7174748.479761349,2.451702522289955
57538658.92597766,2.6200354156398595
60525825.98442902,2.625292467926261
112585329.41729178,2.676247074035472
30051.046396955993,2.000622536485073
138418.10785698085,2.1289224429240865
191769552.7192154,2.719233151753859
110025707.27728127,2.6737005014633666
33729752.721969545,2.577076529175827
345637574.1870797,2.768628912351574
68592150.8160509,2.635085610997182
119090498.51616788,2.680279316522876
214862515.1942161,2.7294070670098636
576498.8732606748,2.2413615613140485
5598337.59807479,2.4300741661256913
91720989.13518345,2.6578810336268113
4313369.69909214,2.409829885040579
51962781.74752531,2.6114618406646466
872885.5151243928,2.275912289233339
229676688.04749766,2.7353292852237723
100837088.33530857,2.6689288380182283
57464930.06787179,2.6226982425602814
1362039.9014050511,2.3135810875285396
1449427.4760633833,2.3191239920618036
3985188.403198329,2.4019956579821273
25544388.7232453,2.554550091698524
4250322.81387983,2.4059933932803212
106844063.84269105,2.671597839845976
232517.48281908978,2.1718963452932423
337194239.59368944,2.7682665809447875
525910.0098080232,2.236311541301763
234041018.60442412,2.733608102275241
1849527.4408183382,2.3377733560872307
7447057.756698092,2.454442224139829
8013219.54347647,2.4606616088075346
1215182.5722667244,2.305939897018618
21233091.333355155,2.540182763167935
1908043.6434686342,2.3381023677078443
23207043.066855747,2.5450238227074675
32221397.753472432,2.574058415706159
110944.52021317484,2.1080431865821185
584203.7019383508,2.2437453558450176
18400558.486738097,2.528982861010959
1349197.383567104,2.3137621520763525
17854758.56406952,2.5226371239361987
33710866.0115708,2.5779567996178563
7932999.4449944105,2.4582138540390264
4211491.893484205,2.4081856289575243
31344780.288569484,2.570044234613607
277264797.8792642,2.7506005787751224
4018900.1849029814,2.404763719527125
3272065.3718233677,2.38705011507168
142964.69531602584,2.1313123021377676
5644232.180005375,2.4304029003040184
36748953.3930707,2.585952202944002
671082.5088532431,2.2560622157033747
45200458.371058635,2.6023873815093466
5211616.140404005,2.4245525259955607
3806164.210461647,2.398914911041264
746509.3575746556,2.267629195373175
20881379.145798657,2.53874107075658
36890157.526196636,2.585697032106049
15249.159280666167,1.948763834087821
113643.17970405657,2.1106048991835262
26336865.62228943,2.5569553068092183
4868065.872414471,2.417598787986845
4669185.774111995,2.415857215595553
2666233.134880072,2.3705745699872702
66735886.985923365,2.632972951574538
5464586.181464996,2.4279616780575304
557507.9319611067,2.2421662746833655
3195565.1329132463,2.3832852531637796
1767902.1412815948,2.3375518213296664
19280851.959121335,2.530824852176682
9370849.99926773,2.4735350153850666
19644138.347830616,2.533500876897555
7271235.086923493,2.453336909672278
83416273.65867713,2.6501458470104375
194042455.90992555,2.7205358751407496
606762.5417303796,2.2487184999954053
2389846.428337921,2.3602484483183614
8534125.689074332,2.464636820281183
3794675.2081275866,2.397507834775829
28840044.502037123,2.5650580135528647
2153394.683056434,2.3510330301871947
2344.4326249229525,1.791389039301454
507060.3738301296,2.235351042535433
52184113.57355358,2.612261185882811
31463871.470767472,2.5739688588328997
5298388.216919116,2.4236470704143454
315492.16189350485,2.1951212768587625
17404543.842089605,2.524312479897978
71701588.92173398,2.641096569670017
319309024.8984984,2.7600126567439207
4316724.046306415,2.409521452106805
14956455.424422497,2.51184886556075
7200895.339514788,2.4494206848138944
5599704.612391185,2.429481679500769
38267814.20584669,2.5878341392152793
10100087.952088123,2.4794765964418204
138738408.1611675,2.694043656632857
13727768.714686979,2.502908348691637
34469868.80635248,2.5811284263492813
1038885.7831679323,2.2926544764798833
16568059.575761274,2.5203785652526443
108530.085763654,2.1080973208584988
5471998.665156702,2.4302717140961163
26103207.573995028,2.5560519817040057
6504692.398461891,2.444559234335036
111437107.42544377,2.6742993132288793
12350703.560542144,2.4959366324065675
68870831.98732829,2.637466445073826
28378931.767039955,2.560996920023767
28942063.832131807,2.5647837967388964
274148.96791701514,2.1817064983822676
425965543.9364918,2.7874167228915434
13153758.3039463,2.4987715050339543
7566864.219071883,2.4558001794430626
379438.4742976786,2.212033641318402
51527772.543528214,2.6135929970878036
4235187.7662430545,2.4063642187542533
220396868.00473145,2.731332105361157
15451358.751750862,2.5130856095082454
11804918.321576936,2.49263002699554
8729155.918169193,2.4661349264144743
178937317.40703747,2.7144193293760353
19791723.70409276,2.5335036575662366
14156551.133766884,2.5064757033424283
1693703.4409161257,2.33113349509761
227668125.52152327,2.733249949532074
41693398.29586307,2.595347277305066
202022021.83570737,2.7233272042616243
20861709.836487528,2.538332983863189
48590385.487049334,2.6060589609780576
9310813.046154777,2.4724495996952256
14929900.197875384,2.510090473098388
175200279.2731176,2.711419817738722
40168665.81709767,2.590196945317606
19089483.30616019,2.532370824072597
10321.679477843234,1.9145872962560195
6386058.384845498,2.441201679267787
8303093.111722755,2.4608243831688155
5057133.1853342075,2.421770564581415
1083686.2159238115,2.2961436102705286
9068894.194976732,2.467209829294097
48643768.99078946,2.606677204025028
3281989.7762957877,2.3871874160988273
4160843.3665151224,2.4053670888800167
7103759.043083437,2.450717567080579
397808.07956311305,2.2155700610940268
11346963.864023654,2.488201228030425
35835119.28530084,2.5836303862688794
4223718.052458121,2.4072094867227927
303812602.7196131,2.7570819529506347
954103.5682237335,2.2833215227508736
44151453.67509547,2.5988479219086376
65462395.83154773,2.633366174661808
3125836.1926079015,2.3821840927062112
736632.0194255618,2.2641577147564207
20897681.68987998,2.5382010586279384
9061335.941443834,2.469483954382912
54135929.52738176,2.6169972415229825
3052999.149075465,2.3797593721328054
35567435.66954318,2.5820506751570607
113866965.87367769,2.6763164006478912
303255.605801375,2.1908159972085777
9184909.563329205,2.471098231702018
36134817.74377492,2.5838495174882983
587451.4616870248,2.246461092892132
14833245.716279041,2.5105941999136285
45249206.07551337,2.6034715933499335
274630944.7604003,2.7478627217324894
85630.11164545333,2.0895714229273965
74912115.34283662,2.6450176328297967
182568227.08439863,2.715104493542082
5783601.384155456,2.4353698933329495
61154424.420505635,2.6261669684567406
38996764.08360322,2.590993520297978
75252452.89728044,2.6442436361925736
153577.85001602728,2.1329475303060224
28360272.117739785,2.565067594297669
34344167.04060119,2.5803247281143222
46486168.16082419,2.6042876896688503
6369363.222636295,2.4418487471664356
1503384.1744104722,2.323478153605822
50008590.12863781,2.608859586935789
102223241.65227833,2.668350531949976
14821227.347259102,2.511195073501599
245082506.00214598,2.7395265898559193
162052189.00021085,2.7066325154328856
21112099.28914132,2.5385005596174803
105308691.79577965,2.6698163109256554
110083.06241197973,2.1071710423315073
1035347.902797259,2.2908076172240404
22988839.30861274,2.5475225639966257
11170601.20193957,2.48656016134218
118638246.30587487,2.6792564919269455
93707914.51141183,2.662770021414481
14561054.620743183,2.510089413544994
179899.17826743083,2.15204741964752
39561226.85546782,2.5896812773646576
15629764.456033703,2.5129687575826027
566460.2218073949,2.2421145954940065
31257168.24983424,2.572217133466698
14701193.419888737,2.5085143706844564
5071776.66278818,2.424459899868759
21736876.802352622,2.5415598047487706
92142359.99393131,2.6600735900881514
5950094.714977346,2.434376513677405
388627.71042315493,2.2100662436515797
30974641.258935325,2.569922709897375
7014631.294715618,2.4496708368195326
63699820.4101143,2.6296791008021
61052182.85726811,2.6248859701115346
11722946.933361674,2.4904218075157747
168019600.23158562,2.7082768664691086
482814.6476362013,2.229284629690261
105334.49211138296,2.1052491403633584
2652305.6774233445,2.3672990799637526
1705235.7264925519,2.3318020930708165
5077853.962359361,2.4224030785790984
238775114.6405182,2.736519566093799
3765800.1794297053,2.3944446873316427
2700562.3170694634,2.3712256724248486
89626265.97369096,2.657386348584392
2973479.6513930405,2.3778212830065204
8375201.005792327,2.462891682533755
1428892.8179632826,2.3165033172658367
4862.694231217576,1.8496618081686076
6739668.766179819,2.447525971052445
374317.83129942336,2.2084920820134855
18440318.296792325,2.530209987860679
86642597.33640349,2.6551198663022997
440078917.0115659,2.788364260605324
156671.116851905,2.135938155397661
36164288.438216254,2.581515661772874
10951593.003351381,2.4872740714735673
173951798.0757188,2.7135236867289327
391295.7479105679,2.2137110208993853
2190001.082866326,2.352910259513111
10585770.25808019,2.4806543862614006
159129142.07599545,2.7040281996263325
7986275.671859375,2.4596163949442076
56370163.598643914,2.6210548879302524
44782486.45809214,2.600362729195259
170018415.8637227,2.7111406129553863
644709.2253804263,2.255810016391319
12434662.962866187,2.4948420674699117
21758177.580134824,2.5431289173171465
1300703.6611186776,2.3112897258188196
694040.2985082921,2.2610083480926115
7258196.061329499,2.4523845088841494
30349492.7627766,2.5685496740717295
104024.06932511486,2.1018993017902075
9873314.075482922,2.4758316966485148
412371.6593111893,2.215217083189673
22395847.43701605,2.5437631213189085
2260929.335502856,2.3590961900106557
27378677.318078,2.559381380526041
1619514.3303949481,2.3297917435114877
3944653.6029409952,2.4014852618945914
106069078.22058989,2.6708397649395756
18911735.088417027,2.529834447123714
225527861.80945525,2.7334559195796206
24497979.908414718,2.5536563119523006
731917.671224644,2.2622097709810274
136744477.13858968,2.6939381915536664
606.8411369509039,1.682844682681883
1324866.7468486042,2.311684583115468
3329975.794301815,2.3879798327732553
16541679.674980318,2.5188093383109527
6160865.422710186,2.437233783381258
557031495.587878,2.8076051309935837
1810692.6288452763,2.335022086590281
73024356.49086377,2.6402559019985965
51318600.21574605,2.6117480644840807
3837812.481429063,2.400024465332146
89036611.86283663,2.655631309933549
215265043.28014347,2.7296091099590396
8813829.026527856,2.468832078358647
418106.34638588526,2.2159744727530324
32254.94975809933,2.008836330336528
36579093.36556902,2.5835249332701813
377749785.2024313,2.775371578342192
1431891.1147388057,2.3209116417316413
3790686.258906373,2.398528413260778
15012723.354244296,2.5114268844592473
2961281.0646336908,2.376606435004618
101492054.94411962,2.667659495780751
242158.01214687765,2.1718706945057584
113009.94184600367,2.1081795595548485
20208.464177955764,1.9713938458555957
98568639.3012908,2.6658744391016795
874041.7522803725,2.2777451258323516
23082220.816690832,2.545450252161838
16317582.167732911,2.5197806915764533
2496024.3513028817,2.3623238505468236
1568551.7808745033,2.323472265435815
2637546.8632586524,2.3685045736969146
70587294.74728674,2.6383475869094335
1942225.46598462,2.3444809354380367
37978376.49848683,2.588600416154942
8912790.431303766,2.4660978364153596
34410701.19792503,2.5789585514501665
36929900.18832677,2.5829988705887468
8798949.342114942,2.4668843974240366
34063900.62242415,2.5781093659725034
659617.8680487217,2.255885664887221
60784995.042757764,2.62598360414149
2832648.7987355497,2.375569956111063
813512.1288014504,2.2695170251032257
25654149.965749912,2.553605566471966
33373101.700505015,2.5781785959145527
14308240.128461223,2.506173252193694
26179626.853307422,2.557159168960249
15765284.204128908,2.516622628614094
6900389.694802445,2.4485638196467967
2048862.302934213,2.348048642391112
8504514.99832456,2.466118542539722
1772289.4802060674,2.335435250756056
18767486.531573966,2.528205120700468
1164573.2128942765,2.302094563533948
1153407.843833709,2.2983274759693506
735777.2455629933,2.261465222305512
3528403.558415003,2.3926534012806315
7009217.760526658,2.446573647034498
325879809.552978,2.7633260773759813
10413369.594220504,2.479966488745166
8128030.565908244,2.461400830915451
212638.03101464393,2.1604502935791055
197548206.78571364,2.721455238525145
192406238.17322886,2.720476487818516
3203201.8367826976,2.3844233561692603
1355988.9295070106,2.3147487450923068
15054144.00416772,2.5118216090623693
1926261.3050573233,2.341541051023378
521256.7837506512,2.2356070738667304
1135405.916058054,2.297277057624334
284885.42627204844,2.187755265490487
106711153.98688081,2.672361787264673
396450155.1490536,2.7788947963003006
701264526.6823301,2.8269548407771308
879107.3660834361,2.2801593084876686
4788739.194723293,2.4164502081507897
9888890.042019699,2.478862365645545
13399071.439983927,2.501391984255948
12728189.738634625,2.4965906652526093
17788090.671837736,2.526661475946657
51670.58979522027,2.0432548267401005
3450168.66334976,2.3911205062958016
77722180.88293739,2.6451596529484465
19066257.30950925,2.5297150102631663
364799239.69469464,2.77287494328039
30177843.76308076,2.567814242266859
6915836.269385111,2.4479621461172347
10433251.289354445,2.4817333330042226
175098739.02320066,2.7138298268321535
57109128.84006158,2.6207279652877085
6482658.917635154,2.4437699756314903
43165694.443569936,2.597719671714432
258610.91118467064,2.1786444915145475
106050309.79135497,2.6713896606822467
32407921.28115605,2.574537128889443
2669977.6143970746,2.3672104655835287
10942555.911031488,2.4833018084525293
117557020.85153995,2.681596445447476
42163032.3866991,2.5953845186805067
671496.0144868863,2.2560200603332103
883192.422628125,2.2790504987458826
30730799.19470906,2.5703588110757702
10805587.355890695,2.483893854574653
11143983.837864015,2.4850351424481487
1163749300.9219356,2.866600056459523
10881256.92607909,2.4836484197171167
27953943.762758695,2.564315058441435
504343.52789393073,2.2345533708182512
15673867.439567562,2.515080892327173
8927829.654598823,2.4667940164855744
31021184.309985984,2.5686780711194066
11074891.723798638,2.4872627945478527
19619564.84520779,2.5312673500655913
14216570.451895623,2.506037286447199
16749458.303424956,2.5220839286281493
7149575.701385115,2.452023829512635
16755010.829275621,2.519745397611505
211496.91849104295,2.164467864080133
449320914.4902113,2.789972917290666
76567127.852508,2.644560026500541
54731187.80224208,2.618402907262931
46216545.03756564,2.6037504187722913
29760830.72393729,2.5681365172015767
348028.3366082079,2.203749099974814
201338871.54460603,2.7226191795205597
40222031.587692425,2.5907164176863833
14275046.398260608,2.508441561544526
363768928.4602576,2.772472027073273
478679489.3279554,2.7939724317179717
187468557.3338532,2.7183513413119953
1042268.9973383707,2.291870974139094
1587403.321445121,2.3285347102588485
9781388.27627945,2.475180189468464
178543741.82145044,2.7141128941695913
5880634.479841594,2.4366612546163093
515037.8924597729,2.234364988523463
38223737.99608165,2.5864951433872703
52119526.99759494,2.611348101463063
1015218.2255825426,2.291150296706015
18040953.122729555,2.5249930836805965
425955877.9185936,2.784869431113223
275227480.3492173,2.7498990205173315
1666523.3038012711,2.3308224909749313
6787915.312091151,2.4444824297794336
2255896.269134438,2.355289774382611
13185425.556864217,2.5002860399476026
17896915.074758716,2.527045203412627
2613680.713904047,2.3663814832532943
126269866.0456375,2.686239672143866
106304.4099967694,2.1065425334036187
76703594.71590605,2.646156511985757
7820850.89427287,2.4575413360822305
415096.5994840815,2.218045117126733
409769.44728088524,2.21514101270756
20686643.461133532,2.5382145129777824
133006847.77311589,2.688183579240836
597156596.3609289,2.8148601194707736
74089871.60672161,2.644154577282504
45013006.40084555,2.599751560370957
1369596.1856329183,2.3168969063513636
37381865.870072596,2.584512633270796
8937334.878371224,2.4678159736368115
47506932.96822732,2.606031480374264
6099076.020878674,2.437127007299544
750524.3367418001,2.2670990053887503
2506179.926807536,2.361920756399651
67239138.51946321,2.6332919126697862
20110561.354474735,2.534862699548691
659959.9295481917,2.254340971276617
9082412.452608522,2.470089057100444
10104953.47401842,2.47960461403915
5263090.56854015,2.4254404670590084
5768974.322844765,2.4319072354488838
292652138.14787054,2.7554581588327287
8650850.859750623,2.4659722479518122
125526.2349982216,2.1172982770136475
13154048.200644094,2.501550679070937
2928811.129828795,2.3785059498250147
2609195.1828420903,2.3672749273220455
15226138.003847767,2.513519794299537
11387401.625880506,2.4878052611790418
106823680.98820573,2.6719359839006236
5281126.361986417,2.425210321199252
52450291.16484686,2.615324272192172
10573541.893089918,2.480902341650224
1046138.6959014565,2.292812112034989
709132.4606293914,2.2621033645604243
7098154.41109304,2.449015926248995
15923967.079507148,2.5174850043837513
1374355.1406717629,2.315081322486
259097916.4369048,2.744746458542792
27146640.314693477,2.55932719509664
463951.5261554082,2.2258707230447836
68675414.06247918,2.636734972484914
138329546.42400277,2.692855524402555
259421.1822863806,2.177912855817354
4881767.810341696,2.4172645797475987
106132714.36918402,2.6704004063295566
44205.83400646961,2.0341996505704043
6136699.7170400135,2.43840111196506
37227502.44193887,2.584639409685048
41614520.21710651,2.5957067904848863
9779600.413108679,2.4782732342482534
12430222.781365534,2.495805249954557
2359844.4526808895,2.3612313335499873
56569887.64481482,2.620098511636038
6648944.687638473,2.4442780276473135
54600931.90276127,2.6197108452674445
78983517.45743364,2.6465654926362348
17838401.23494709,2.5280952681675677
35919787.40866924,2.5830481495561153
31404440.91272903,2.573492228300923
25601040.085616525,2.5545886494650567
672202.645798433,2.2583167315541055
3405772.481480926,2.3899908024411345
573056.7037494355,2.244247768120782
13281698.04149376,2.4993166977327665
8669060.065015871,2.466896916424568
59322726.84977989,2.625239179590413
3074413.9365345775,2.3833559058238136
27426868.372271396,2.5613196990749008
110792.09606578178,2.1076903974003702
754668.7366240892,2.2676395435646715
68460215.73123805,2.6364226600667755
7257682.725201965,2.45039861325583
5575562.619098201,2.428698004387528
4240686.760483404,2.4079211856874263
16720751.188284913,2.5207355930199116
103214.50775704924,2.1013414118142797
94009346.63697435,2.6628003933199365
34172299.55849827,2.578510937202112
302340.7270432171,2.190264476754579
1668186.0445321014,2.329565352604953
14630946.044361398,2.5085846292089435
70099901.63324907,2.6368299144353204
22694042.26989563,2.5451940892451113
65986510.83486235,2.632131570561329
247192065.7535256,2.740681625973084
79986120.9178421,2.6460216364922573
3414493.104245459,2.3906865168504225
37379484.40584677,2.5863710796180244
3356567.0335389,2.387352666280891
59652332.115998894,2.6222073911582693
8523581.39042252,2.4646079300009296
2866919.729026774,2.3749495358760635
386255.5775454057,2.2083473030275886
38593816.20869874,2.5875645022112232
14256169.215915903,2.5068114457574784
12146086.81751675,2.492762060763548
6127229.739227551,2.4363856655037117
6788026.506450415,2.44629473996993
12737954.937485691,2.496884656591316
4813147.425287148,2.4181894104953403
1737144.0174816689,2.3372514442607746
35096775.91731272,2.5811503849817545
171244094.8646143,2.710842456002136
1978412.717040719,2.3464135798092935
7901916.563206876,2.4579889634248073
3220918.7711415254,2.38555824883012
3844594.624177422,2.4004437921299164
2121323.901003781,2.3526109735686935
1488305.5007350706,2.321598731599018
15677637.513487302,2.513028063886683
58438090.422909446,2.6229479661861266
1901575.7621354538,2.3411468683129977
129376843.3667899,2.6867767388683688
53463039.83509771,2.616457340690085
711019.9254317294,2.2584746064454504
394682.3872159614,2.2118673055405447
116010199.20660418,2.678557156850579
6721189.875027345,2.446109666918504
34246820.16719637,2.5774733712112896
2826851.8767101844,2.37471056222599
4637756.189755256,2.4148272019894788
51545198.50116864,2.6144559444006634
51158722.26517479,2.611465640199917
4511100.737285681,2.411882658301037
71528.78989384824,2.0733983529358677
17663291.858954284,2.52382469830444
107289027.5224591,2.6733323448985216
24549529.2439388,2.5494313338352628
4180201.3581391796,2.4088487719722456
24225007.03484074,2.549617071031405
982721.3376417765,2.2878578090871846
99516708.28918622,2.6641535247323045
707019528.3260851,2.826266715669765
38968136.64742978,2.590810122084211
9704427.221260097,2.4724750035504424
16331958.07379452,2.5191266425709844
58254609.502458,2.621432899737321
13114.413217425577,1.9312245029466966
62115150.023304425,2.6276643799896253
1003566.8779221037,2.2884958928392067
17453623.95333428,2.52172545194999
157978.76549866432,2.137918304958125
982298.3962551574,2.2860892586556227
7101214.329969189,2.4514211185162416
14915305.484918859,2.508747653767697
200072241.11010677,2.7229782729359893
500015.5598550432,2.230729908714894
15336162.969223896,2.512800471909795
7239336.389256003,2.4523643170024276
34941506.042190686,2.5794257126865543
12129085.12329876,2.494999056311092
8988110.146054082,2.468084839155094
538258.7397809782,2.2393452028725096
372226.39215535426,2.210505202067303
315418.87345811666,2.1975136250780483
16177426.16931851,2.5175283804234265
340248.1598421963,2.201491986559795
328992.5440998326,2.1991054924464364
11078847.331165338,2.4851945048321618
81622055.83773778,2.649834569196075
9425.42998396999,1.9064540936219896
42404239.915317126,2.5963518790811673
1089.7079415414842,1.730031685752256
139145127.11321425,2.693619354048807
141619654.69757476,2.6946174696928002
4051649.3847405696,2.4043645297967675
10839448.192888742,2.4870383161629412
37392923.20925127,2.586972363757223
16790056.49673447,2.520537968350214
53408875.02270164,2.6147351959577483
8247457.9269356,2.4594897230565747
235941497.90290844,2.7357100540248793
36291318.34063693,2.582851118814947
866696.0019418008,2.276307821894508
86164621.18492566,2.655691024273206
57603209.16156213,2.6211891918261747
32815089.8770225,2.5744173719221246
103022536.095085,2.6695930944667583
81282.77136224194,2.085051578001631
18319118.436542004,2.529682570775892
54680012.52757515,2.6174198145250847
2700996.067132509,2.3714317785286134
165646942.2753629,2.707711451921946
254229.1628750304,2.1781428399010565
19464.520668880068,1.965568248851395
1177089855.0556583,2.870439344899713
3915096.0121334624,2.4017156211134925
23723208.196457393,2.548674857107385
18349500.537614163,2.5283493988921717
7055995.454408904,2.4496206507060125
185630224.205829,2.7169435062829774
26436622.595516086,2.5576446152710313
10215504.741770959,2.4799189505267702
12340980.230545402,2.4954845718518506
48446677.81904904,2.6072290109042515
98499839.25793096,2.6663330495085833
249128347.038622,2.7414454986281203
331734.77876180154,2.1969620935570355
11164946.68286535,2.4855257724343596
107307799.13344103,2.6732541840373356
36379889.508352,2.5839889072241187
30946201.14158661,2.5685987000789363
3979101.8713623155,2.4033858416251244
30494.153193574297,2.0027537607883223
63567354.168992534,2.629968492667231
1053129.48448942,2.2931496862186136
8552482.65153269,2.4653615259316655
1354582.6202694334,2.3156804389874095
394452.8422269431,2.212247738412662
32016626.415728245,2.5744969764197636
202648488.64160448,2.723852922804664
93851762.77221836,2.6599618338616
28091651.38890778,2.562428006383568
34081392.575950846,2.5796846302578436
90746577.16258706,2.659130475531919
22079988.33807903,2.540835081487348
17695537.15658408,2.5229170006700556
40822331.99710643,2.5941073535212573
106897.40015416198,2.103902744700627
5829330.9137734,2.4367709025128854
20466121.723310366,2.535188192889471
8282452.455925334,2.461478139759227
1291970438.082818,2.8773000777645548
3887784.44013868,2.400092099400448
4376065.968857703,2.4109140648831673
165114571.52881554,2.7095742329827766
1041450.2674039443,2.2916675441532393
652090146.2216761,2.8216736967068727
36094384.292839244,2.5813402932553915
9482395.473295921,2.4725953913812075
51131406.9584644,2.6108034729103586
65739532.14360226,2.633879543398008
7928316.475152871,2.458351567525639
1012226.4933857616,2.2886994866766
299191119.9354039,2.756228222277701
12815538.357553966,2.499900745943793
104438099.93966824,2.670623061625271
24178097.317761075,2.5505598061596415
8506969.161307652,2.4634904502199593
14372385.060848048,2.5087935537585118
22063288.46166805,2.5421435046803773
52592.6236547203,2.0456608451365605
91173357.13667765,2.6593809832164683
87294797.02532972,2.6547614466354608
2597121.631043636,2.3682689242463715
20287743.602245625,2.534730841336744
17451804.70445358,2.525150005118519
3409712.7297588694,2.390555412718503
3306614.2470256495,2.387645861837343
129859.24783309204,2.1217769165975864
180186622.55934402,2.7140986043018387
51034160.42497456,2.612443248157548
14440553.908281583,2.506425886319153
1211437.4889642731,2.305372102787996
40426320.642298914,2.5931990580440463
140697231.3784803,2.694082787110045
10570220.870934797,2.481697167382708
4421023.873674141,2.410550587851266
394045.33129064325,2.2141586616751767
3675735.15582587,2.3960363444904442
142666671.1318176,2.6950036472524714
29689244.98330991,2.563633178045132
8929282.840393966,2.46730033407537
6349592.899971015,2.4401646534267134
17813677.91449525,2.523058079846435
36496602.70414088,2.5840976026154143
430817.96677013044,2.2185948129560185
52064.64049920731,2.0490777815763486
3665791.8936963123,2.394547276299824
40209738.09183932,2.594083493319187
50290470.36484863,2.6121549808512854
15331664.499943884,2.5152241054602493
11483425.503286384,2.487576287956444
3577563.088299479,2.3931540215909366
40436831.79009019,2.5930461239252103
28500817.280349694,2.5651099873681007
31404244.003253207,2.5709605851780584
5114414.732781901,2.422760403570209
9914485.247051582,2.4763906517949943
12900164.277782084,2.4992429426515694
15184760.875507833,2.5118795276642247
50112027.99978926,2.6112238298689188
2747727.3609365793,2.370982502397998
24076957.647917382,2.5488242375196073
2003324.5244447833,2.34468558366397
1752194.0311145436,2.335335897526522
30912951.484459903,2.570696100310131
71241953.5216781,2.6410725139517184
552166.9692527516,2.2407197557964667
6168730.158861836,2.4388231905733138
4965315.434392603,2.4211839562550748
38737103.016992345,2.589114521206781
179709239.945177,2.7132608537323053
5438395.571505615,2.427647624181811
132910.39124251166,2.1218865529913766
65090002.68965014,2.6321086097583897
1165532.5981188128,2.3033763262028653
4442722.694711682,2.4135208586685475
25809795.51247722,2.5543124010238727
4060724.7732113493,2.405013956452942
15866587.67672485,2.5153146247346787
31340497.340148218,2.57101821849388
13286090.63534016,2.5013565929578268
1246371.3159233385,2.3056659619219944
253596.2669563495,2.1770646199595913
2081.6435502523686,1.7820765327572112
3584621.9629855286,2.394777456022369
16885470.374940395,2.521278119234053
7487790.525472631,2.4544593983909397
5870178.789967128,2.4326768265685454
14291223.088506753,2.5080449705696637
36509662.95369539,2.583531171884829
256631180.380136,2.7423772586990753
121144391.08914827,2.683731401075813
12505667.30538844,2.4958414269804248
19517522.445489157,2.530935443169042
794181.621263385,2.271717824697884
699734.5936885767,2.261158006225456
262234.8169818142,2.179101494675172
17528.043392938773,1.9586064415002191
21358912.88686289,2.5417074539540945
198394514.5412527,2.724031876918785
381204.40240298864,2.2080413738982934
1421128.0505328856,2.3215545628300744
21504967.296279833,2.5408946073086875
783513188.7413368,2.836307224958783
73618097.44201355,2.641121863858965
40093924.49617015,2.5915813229026172
22345216.2096894,2.5422503624238364
19260872.310449854,2.5291612534648604
333564.29745346116,2.199461472477839
21862863.44844651,2.54027027672202
13310921.29536393,2.501217275553244
629269.2587318013,2.250674805492216
12901229.56648438,2.500743072046984
32979025.830317397,2.57557653433168
38383824.78700257,2.5884041528194266
3130200.802457061,2.3828719768865927
10432.50337739655,1.9142966640742953
4009743.227567675,2.4025056076491884
4077699.4143417655,2.404582142671317
19229937.635821916,2.5326374832907983
43653401.30525871,2.5986724068430362
42463152.68502091,2.5967937881347454
96288.71009026519,2.099860539634125
1891689.81927449,2.341551969099428
6007377.186632448,2.435047963684684
2088195.8249808166,2.34894892046267
29759862.932818614,2.568672895422397
3369970.128360331,2.387458744714272
4849775.073385199,2.4169063349075626
41852970.72691362,2.5967651509053584
77191465.31107876,2.6445528371626215
898652.2004016857,2.280900633015321
18724923.156960934,2.5298460187957272
122212826.66314243,2.6850720593936557
9207925.599581057,2.4708088326110014
85500289.8811277,2.653769942421396
5504640.597948259,2.428325893141721
31941099.454844523,2.5733611441570767
17821275.484211847,2.5256987646832934
47735002.887857564,2.6059274118285445
29056075.85742799,2.5666029348257844
4699952.192375018,2.4160034667847867
1088149.2280602024,2.293598405587691
302474.44904576376,2.1894022742632018
12086954.239086568,2.4942645735452937
67313.48421335056,2.06619173527595
1204409.4365738193,2.303795893717613
9445365.056747263,2.474493653373358
1412891.1807838473,2.3182902001841943
31065904.701852575,2.569838372686334
25836964.100630272,2.553611817059862
16971206.06475932,2.5235489385026755
175485810.33180535,2.712617385007673
23275830.57582291,2.545740678158434
5934731.914923543,2.4366913771221332
2697510.3861372215,2.3720550036401398
118738590.8906504,2.678959758078816
113078394.24224143,2.678319130409381
96017328.54912959,2.663179824268075
8283421.650155126,2.4629894264471783
1973740.129668288,2.34655851538424
10004476.592686182,2.475222336474154
1276654.572536448,2.3095495444418055
154128724.72613737,2.702461185614153
2707853.5140893497,2.369125075051093
18605089.26446015,2.530242338856326
2754660743.6940637,2.9409763422498636
5559262.626781686,2.429738778180063
30903626.918314673,2.570679337181755
112317070.70232072,2.675775641539401
76122313.97100456,2.64574262630963
44704463.00179581,2.6002911940480584
16336147.111724535,2.517392175815306
5804884.362548695,2.4319636838137892
23876582.23582185,2.5498178274727468
7782636.537247676,2.4592217774297906
31512930.264904365,2.5710534408128973
3566458.9333297606,2.396122224911102
51084238.012819625,2.6113300749225083
40957807.9321042,2.5939447339725215
28923303.539942745,2.566564508167516
135713931.42183185,2.6888297401301915
141033903.39456818,2.6945790685450244
5674433.149775443,2.429232188305869
44802610.56279888,2.602607147420329
1647869.4554286085,2.3291937598378643
164548310.4464464,2.708075094461391
279195115.654805,2.7501464043678876
5913824.131864655,2.4347481772881303
21428024.03771136,2.539479277096368
13901604.462768145,2.5054623470453383
58689364.769796304,2.6223273121282453
10269151.945258345,2.4801043548457957
732554.5661299358,2.261671393714846
109032724.20999198,2.6723373596011846
89372.05483435863,2.090201641615581
22964.53639000007,1.9788974271458102
177424663.01067644,2.7121728056606096
6542431.685102797,2.4446767519019508
10189836.642805463,2.480422759940255
405846.4719952404,2.212845736310259
59804086.75460492,2.6237172940475952
49138400.519200705,2.6088241644630283
7444502.979167182,2.4549826435214106
242909.89568732286,2.1705223567699092
25945816.38300815,2.5550271344303153
3174347.6398050524,2.3849632530692495
19384877.537385203,2.533242219973037
1402070.0710593478,2.315357960648151
132497088.96264887,2.6896497483314743
47598704.91177523,2.6057139900722226
4868780.267521058,2.4186376360652324
267165064.99914604,2.748479211462953
604642956.3702406,2.813918828265879
7657979.67427247,2.4557238916808757
9524081.33303966,2.4738033947251172
38568642.64123088,2.588538985670754
4278476.542067585,2.405312274840054
141295943.0324924,2.693349429596563
330972935.59920186,2.764302941241535
2029978.3780740239,2.348196570647799
331731.90754619596,2.197145660665777
1330175.5249503152,2.3132483807747635
3898011.456232054,2.399662538629594
1743002500.4949038,2.902070722921941
76660035.26539153,2.6447834248316364
19443470.91085646,2.5328314017745535
49288705.61056027,2.6105988953234056
23444595.490354955,2.5492163219855786
70983578.02220206,2.6387158674841595
5831784.424265258,2.434696547276587
83466703.69727673,2.651758889624845
2629.3955450394405,1.7996863565414443
9320288.864307012,2.472763368204107
193061.83110058488,2.1522429102822396
87967.30007684072,2.0895617252629406
21701343.864159945,2.543242161780796
1020618.7258012862,2.291082567675554
148627861.18117073,2.7002585345395214
219129553.39173734,2.7299280905954544
34387576.88582418,2.576773050499694
8529073.700307501,2.463813778646205
2594335.811830414,2.366909469499004
69243407.05441722,2.636673923642063
74205393.94347776,2.6424213639294316
11705889.623550951,2.4898401077639187
4222595.941989302,2.410238638043555
57231778.038311385,2.620070187037075
54581172.43400902,2.6198167686697933
54780679.1030123,2.6181703442061472
50785636.94755396,2.6093156570607565
17913359.83921578,2.52542789796667
8210408.178449712,2.4633780976823494
75694062.1549459,2.644743802119932
64708.83793293687,2.064007393390742
165606376.3046523,2.7070789455618574
176912281.00628793,2.715090529586366
104517039.04161961,2.6694767859039925
5127305.258021322,2.424259064298698
2465177.9868853563,2.3648302983301708
453444965.43973327,2.791134163965539
37817851.32665811,2.587505093607126
235139659.4528299,2.7373859088246837
594756.0771953803,2.245855749343783
45858000.44679771,2.6022381353209583
18145667.61553109,2.526823189885859
791401.4418631013,2.268728414371142
89064627.98283261,2.657178390910745
332124974.77488637,2.765449693307499
7271771.635611767,2.451832031266404
11084240.782470586,2.4874678254841402
23776777.72366433,2.546689664418945
62750839.48488289,2.630037903541422
119113019.1093597,2.6812564470061155
349449046.4861624,2.7693045609359106
20525240.736173443,2.5387409168426456
9171467.922492739,2.472578986202321
3906881.43887589,2.4001923253588213
2030247.5382420954,2.3474489041554607
6203166.531959647,2.4390194390502327
17991141.62235092,2.5253680605827813
35406382.163699515,2.5820854693176565
22855809.334561717,2.546345798753429
15051313.152557272,2.5092549850881927
8636821.645537809,2.467697872510974
18835933.30970681,2.52900156458986
19070148.614218943,2.533657699192646
48028835.43203062,2.6056205275560815
12110005.536947267,2.493652546659084
103543527.78983532,2.670483286873519
2153612.1518262425,2.352172468767009
317878.00615065213,2.196363293675051
4219079.075028211,2.4093122572463384
13262.519697988693,1.9378184358366228
988316.3227667711,2.2875308463892146
15586024.274680447,2.513602231742177
11472341.326634219,2.4882779459532345
388181278.8381251,2.77857279971276
17216470.313355815,2.5212870419643907
1089742.8455475485,2.293250465671768
332723.50639587484,2.1990932184795704
47976028.54638779,2.6062143973208354
20531553.804688063,2.5360475783255696
26876989.6645854,2.561374310067232
2469796.8668060815,2.3621126012952196
167995.7231124354,2.143753933332547
3251819.5016341484,2.3844860047573952
30747830.00690635,2.5686977573866474
190135915.57669562,2.719345188759058
3980853.1612037853,2.402979971269837
31665876.626019757,2.572136046380382
4120051.928394069,2.4051720458849566
1415701.3146186464,2.3195158475011293
3977999.23234394,2.400046402525664
123918452.60445455,2.685031820380321
179549994.11266884,2.7136968476216663
306137480.53732073,2.7595013977427527
67436654.18124565,2.632180001978138
20451303.802880365,2.5340935513473655
377254.42047426174,2.209408304636968
20931525.458922002,2.538578219769218
61469376.51719923,2.62537716000011
87145.9512274326,2.088848191241679
27543724.091857746,2.56258456538349
2398591.227656812,2.3578549794801975
203690508.8971738,2.725639214484922
3126.3191875868793,1.8181450313438716
41121376.094870284,2.5946497052167663
2505349.5536406795,2.3654090071054594
116169275.32786185,2.6787382150584653
80784.9147100877,2.0832788847169943
30541894.340996977,2.5688721881326972
21920870.335674047,2.54052329207395
65167679.41449146,2.6321112484112765
9792168.218434254,2.4746888304769206
56414831.95099126,2.6199031480393
262887689.6460041,2.746702158953058
16464.10813965706,1.9526598895189562
89738837.24456795,2.65738980963981
12246597.040622419,2.4941369620691876
6096012.079773969,2.4368471656451076
10747518.305593379,2.484903914274095
275054680.59429204,2.749154671128473
258869658.94161838,2.744851324731416
9628801.594390048,2.4750134783503746
39764849.59792658,2.588276641242229
185525455.0902242,2.716446137197214
140992384.7296619,2.696113480443728
3035.5839186018998,1.8120413772536126
437772240.82679784,2.78477443360616
2244208.152012654,2.3570468201847765
32768935.852378264,2.5765811218721426
3295160.1878892663,2.3876463214523267
15369973.469010746,2.513264810556681
5433601.016140811,2.4281169900817834
7722386.470559984,2.4562036935501985
40588405.55422557,2.5917906626306495
498632139.02449083,2.8017924380994312
1125654.8184231124,2.298033893981931
3516011.7107327934,2.3924068566202807
19915740.149561435,2.5359405197614224
17911613.24037975,2.5238747015329506
28677705.843949467,2.5635986246119766
111329218.84684516,2.6746588447773134
27279731.8867469,2.5579659204155223
9168444.588740377,2.469712619790863
27624163.894145127,2.561691743854282
15643744.312784698,2.5147296471254807
4752755.811213956,2.418046000664434
182142416.1422422,2.7173614887587134
22667293.28785105,2.5455334731180423
5280385.351665245,2.425579006029736
407461.16491207713,2.2148192411992795
669067.2563437667,2.2562455827360557
28132115.98597378,2.5621229088498243
8475426.871658111,2.463072689354599
7815682.274199731,2.46049124126415
221332210.08361232,2.73214810291153
7610816.122061926,2.4558714446585044
59693542.28264482,2.624157757814398
1887443.4817936053,2.3393065151895094
11976091.449048325,2.492942054926775
638481833.5916574,2.8177770237194104
9104994.388625989,2.4701571628194
11754.771664630034,1.923714939674122
10029298.336965464,2.478729111412462
11714342565.243223,3.060091223545025
1694534.2072479613,2.3324132943131732
2908168.612768007,2.3784242703838183
19997713.973005544,2.5358684408978243
44483903.800495125,2.602380992673091
18417350.62733634,2.5285551880342374
6208062.6694661,2.4370772781590757
1806996.4286762872,2.337754353829481
143865882.2851739,2.6970489366000217
174803.47330998236,2.1456145216932407
18593311.551373005,2.528666061892424
567211735.3800551,2.8109158324411267
1556647.5843305045,2.3262765051835212
91906965.91967559,2.6573146774368412
305938240.99903893,2.7588523857192135
32061554.69680078,2.572944803120844
12513934.281424863,2.4967338594802078
373823.3245443717,2.2083700745124157
1690441.52979323,2.333370272750739
23005289.87069413,2.546668992248207
115538214.57019885,2.6765616519325985
177615975.23577762,2.7109588638866664
11030053.014153669,2.4874716357051896
57634994.95724868,2.619718271359253
9918491.84747521,2.47637528211259
47804382.5785845,2.60541406700668
10422920.997526057,2.479191864731622
1902202.4513820014,2.341299733606135
369681934.1382961,2.7740651570652983
14887030.274412839,2.511162933006212
114215256.60197861,2.6778150053874117
46632907.45209626,2.605435495806197
5938087.688960608,2.432775393983058
14903.094272929764,1.9414033588183421
115015034.45761001,2.68051729672706
31619671.05081892,2.5717515841226914
134184.23523625743,2.1259848706594444
24031653.3456079,2.549187079709826
22499092.602365844,2.5431558228724933
13556735.236025713,2.5026151849550016
66371.32138632356,2.0660250640323357
6548016.099286889,2.4419534745036033
2877643.780154431,2.3790696860426315
1699898.538807166,2.330543079730277
50638484.16153036,2.609538146012629
655351.3425502018,2.250892612193127
247147.34167875425,2.1747363096629333
36945102.233190104,2.584148433010374
242939125.87737772,2.739312665691385
68423919.14041454,2.6341500300961207
2495.6749135134864,1.795729965508824
5686117.512379226,2.432720187545928
2492167.41991607,2.363180162798569
107714370.56852119,2.67223214107728
6737310.652215613,2.4439781539528536
4762656.826723299,2.417743408030482
22568664.997886904,2.5450740566129646
19167045.545532636,2.5300216893195198
20156419.17492384,2.5363471031360514
41155935.38636306,2.5938087624418826
1767113.1665453028,2.3361905184140173
53412784.73126204,2.6155311837214326
714571.5844426434,2.2622926731369524
49734636.523167074,2.607512025398269
4687194.382265904,2.4167319937845773
7679990.279117926,2.4555590303828847
21537489.549598187,2.540485254041208
2842276.998335088,2.374379979135479
7552649.384141075,2.456354962424106
11923812.837528381,2.493244932373477
6502369.705461065,2.440453935254032
771541.9182579803,2.2697774087735016
28122382.277749687,2.5642595239293047
41443355.43802103,2.5941071710156343
50152374.7620962,2.6106540170337413
317309.70496980374,2.1942855763905467
4549556.005486914,2.412414196874994
4457945.437816698,2.4115799038463197
250478612.7047576,2.7414900536545015
328047233.05387443,2.7640541966218577
2851378.44450455,2.3761682042917953
220851.94133123293,2.164843753855178
32934831.032079857,2.573937285342839
145064213.71168277,2.6990100129271433
153903446.7325028,2.7011368223159233
23715293.25185315,2.548849993305422
39684.512038562076,2.0264518249180545
2217147.2044121246,2.3578895912468156
748281.0395087868,2.263916761565422
955782.1607173119,2.2850161878674577
18558862.342706542,2.5292992504328082
4928162.247865707,2.417472963365
56214953.110288285,2.618899639461241
20535101.80690221,2.5377692902566276
33628304.61321496,2.5766798798608614
54765873.00425458,2.618240189536212
27090579.33215611,2.561294681261904
27510603.528273847,2.5608945399896315
8323722.091067242,2.462516082018723
488054656.22904176,2.795722336295071
551405.0361835941,2.2396417500816006
7115092.821442971,2.4494929197698547
2354659.389536815,2.359117314498823
201028446.6633698,2.7245163011279927
172362455.79887766,2.7124277241382777
6585397.056332675,2.4463266466572917
41600481.89625972,2.5966291694395927
29784548.699995678,2.567123014492951
1719140.9165705412,2.3352580156766423
1029451.339717896,2.2893997374803186
533692148.9442456,2.803857261267923
8136471.997029301,2.4607348146048653
606073016.9285125,2.8151776974471656
7491656.7757562855,2.4537868984336373
44873107.49224223,2.600927765543885
96904116.22852118,2.6622061174760208
10985619.015779793,2.4873741620020637
86184412.86879948,2.6555134741707866
1857765.5458262123,2.3410625114054295
36932803.16835684,2.583764294083525
100024327.69448474,2.6656992446936623
12641917.030056987,2.497430880834703
715727087.5649562,2.82700975638094
4791218.465617928,2.4190748524729404
4335808.7791335555,2.4105698032591474
52846859.94244641,2.613327866407173
16176700.460839655,2.5191463671377177
8459511.85576067,2.464687012970493
11963807.585967919,2.492907083794187
58096937.066375256,2.62140793043435
25103064.998086262,2.552487723023255
65349457.951124825,2.6323839036954126
7373731.457268563,2.45297708378782
155143.93355720496,2.133813461308238
384799.33286074497,2.210387317512591
29954123.75994158,2.5657729977797055
1575565.253897351,2.3264240307258306
2668318.108958525,2.3668705563491512
182448.8821875159,2.1482996468364255
120386493.37092337,2.680810175895888
2128285.9218901033,2.35126140171188
9304167.269383756,2.471116842431473
105083368.17716704,2.6705204991415386
33834804.71807267,2.5793994091503603
2022809.43061112,2.3457069435969595
99459484.31064418,2.663796420711381
11538265.69411111,2.4870374821451304
548767.2774310585,2.2397685918446713
12170050.93230479,2.4928359851573743
268535.9068435992,2.1818907405501813
1435934.4946003559,2.3202669276667387
29542413.78148737,2.566429812263744
2074276.4747338523,2.3487896133915647
103491561.55036134,2.6671513285800597
2428746.564262808,2.360942101720734
120164786.66289502,2.6826479157369016
1036976.2849086825,2.2931862416912603
31276951.156674035,2.5722399869202723
333296.7567813991,2.199251143092247
12139746.375997068,2.4924680751081976
39693060.484003834,2.5904641286134633
230886271.8909312,2.733274806261071
5431844.575586133,2.4282025834312613
119741335.80524643,2.6807498483430403
206032189.63785148,2.7267090893753956
19247039.33738587,2.533330484359982
255154.8202546049,2.1766985961243766
936873.2529360461,2.281891355773815
28218839.017173763,2.5618724369934287
962473.9590864788,2.283473925679595
360747.6161819351,2.2059387281560743
148131183.85047126,2.699329850805787
82019475.5825521,2.6513891646047387
94125571.33818045,2.6619824799819676
12627433.845464572,2.4961449075984894
18810856.242054805,2.5280350107792735
19384535.098687723,2.533103958890239
6946851.630515508,2.4471159765536545
195325772.27067676,2.7199343540897076
54130685.43028047,2.6160659121817806
39702115.37947802,2.590696872673634
220836790.21784,2.7308073541908295
101978605.49111353,2.6685676754969436
5470462.497068066,2.4267738885623835
2024851.3367967277,2.3448573954623217
337289.9222989325,2.2018643787637977
1011713.0720516227,2.288804324656196
9514604.216399768,2.476073043881849
4313453.530245676,2.4095174545012403
816520.9437589124,2.2711468298747612
8133330.749764385,2.460181232332747
6962113.551123374,2.4517573609021253
17025234.887298096,2.5216175878612077
35950948.21559427,2.5810199312896778
18138971.22178155,2.5269441820772003
48758866.63799064,2.6085372831875673
114767.91458895388,2.112624299188725
1311508.7729384592,2.312282243621343
180588936.61620706,2.7143638046316227
273882851.4062241,2.751948636872347
10358.742357374484,1.9164838837388083
3724376.071149504,2.3984163443474427
3424594.1740622604,2.390946601676789
12455.730410910652,1.928742988562838
5762568.423556756,2.4326725759738386
185430051.9547864,2.716325479673383
1351698.9193634028,2.3137011840632877
203525777.05082038,2.7241653022772185
51333591.049470775,2.6126066390621885
15882996.828416262,2.517267462292719
8032775.21971567,2.4597462145291598
1579899.1089340898,2.326515664560469
622834479071.0162,3.3862255825040815
61145825.831912115,2.6238205300157325
16052269.468868777,2.5175380766123214
858013.8821912991,2.2760993481026865
46132459.32273076,2.6059571549273657
4404372.306881278,2.4083675025880344
54265809.78906821,2.6173609047058535
92887155.17690268,2.660685933185925
23217268.217461143,2.5458294697816557
139863565.14195052,2.693600483933315
705979155.603823,2.8263862538746523
229629988.69547126,2.7350844644109475
6722934.719467473,2.44425738937215
64450299.514237076,2.630569515174764
3352363.3372163787,2.388987312057251
54594050.99942201,2.6190140112817284
1624588.200903332,2.3276882592550963
34805666.49317369,2.5789641811574073
709090160.1956711,2.8275616137185198
18758298.27147371,2.5303166044615732
28036035.66080088,2.5629087431382014
153994411.14453608,2.7023681671970605
36546874.05469805,2.5853334082030988
35099798.92878445,2.580080266814431
17001708.706326183,2.520338332019002
1579877.0798588113,2.326237487613108
6283988.220912176,2.4405074961945585
780095.5868509304,2.2692282044762986
4570634.053990169,2.414151862365901
188896263.02694464,2.718079123506196
12439910.406333065,2.496429523790094
242118179.29032725,2.739694068381223
1340973.1771298377,2.312369919466995
24585029.205758207,2.552355622144535
26806626.999697343,2.5577839964807483
3074249.6326677273,2.380311395653228
5130078.1503960835,2.4230636336711275
97204.40653350444,2.094611832372807
29917064.243478853,2.568803221425758
59623512.94882853,2.6240245884050144
434268.66568860365,2.221987867875661
281628292.6352185,2.7533668059879997
13895061.128207332,2.5067513278987006
11171788.25899652,2.4857348017791456
36218875.44274478,2.5817636349826794
3925432.244673651,2.4021940491033726
31148199.231912613,2.570375612179103
1289830.446086493,2.3109990503177933
2621025.699755084,2.367196585292036
15896042.374884889,2.516593883070588
17111834.712037005,2.5216626348178957
1334447.276897704,2.312927187497816
9208636.871750135,2.4704538749634866
1186054.9907529156,2.3033541864739266
113362455.36567932,2.67569868562501
3810647.2871108744,2.40130279591868
101405069.66834554,2.6673668363336187
77287254.29823829,2.644574380183421
42448197.27259236,2.5978757363901472
10972107.855487471,2.485287621732771
683441.767959878,2.258402497389975
4114525.6990830414,2.4043572058408813
74364042.0830484,2.6432906237947043
83992320.43992093,2.6531927814303065
286428685.6922424,2.7545594718038378
894031.5724424318,2.2809459336478093
19502211.705957398,2.532167263025762
12607537.318776779,2.4959072844618695
47253175.14685164,2.605843599560632
18082298.40552336,2.526943429947947
11066994.38572471,2.484080870948531
9971813.428096697,2.4773946222354026
10993547.908791563,2.484701093204647
751213.4674654849,2.268101515707933
47181181.55206002,2.605279020545957
5112720.174919385,2.4215655659148183
150705.0122888379,2.1340219268532263
1528578.372890458,2.3235733558571847
1802245.7701795795,2.337462182965722
11713644.219485225,2.490038303986037
206870715.76716736,2.725520264863921
25251337.100323845,2.5516223647180314
86961820.24106728,2.6560140454582033
153852980.12620676,2.702200230292146
97590134.19731338,2.6640243494037033
8240886.410378601,2.4610043977191896
180822127.4537508,2.7123434845718357
20138183.29052396,2.535916917283632
12934401.165655116,2.4996922879061794
18105120.3805754,2.527443309885086
83873856.47106019,2.6499854209228744
21547361.19026525,2.541787921281068
89875181.60615648,2.6562493156597133
7846889.675905308,2.458622443989304
29156511.790267657,2.5676780520439033
78057430.63359877,2.6477089452984535
103265484.50040418,2.67084761349094
5506929.085328526,2.427427625850424
3472418.6655892497,2.391642462153697
10839634.125123244,2.485943403361983
2240446.4205511874,2.355637560910505
499649312.14966196,2.7995032033271223
4373616.769755498,2.410671543093936
1799830.3305324279,2.338359871372291
23296.80414992471,1.9784420505751017
19945544.910247136,2.5341150543117656
27461736.066083618,2.5591952892872163
30251074.567846853,2.5687554535610593
118005850.42628077,2.6807252401106405
13624528.1820177,2.5044867091561462
142263534.6018256,2.694109742728022
529532.9923386105,2.237379111102689
51629.76558981274,2.046765355574031
532.871861039317,1.6707369764543742
7396887.602317495,2.4521840896712037
556186.2391983499,2.2428943713414404
150665899.83720976,2.698182437682142
11894581.439135062,2.4917280360496625
39240728.76755733,2.5900945975053498
12012997.386352818,2.4923697296909504
5244234.1834067525,2.427408700898143
51085372.394189194,2.6110435455051024
60950259.143376596,2.6258572157267763
1783597.5265578472,2.3374314354267605
5108454.962502904,2.4213565840594455
15263593.22446147,2.512681959621656
26643794.268921904,2.559553831804715
6602928.7944447445,2.4443118170095093
11171574.456174303,2.4899996773264776
155958863.00727385,2.703018119866138
60949589.04467682,2.6241747662468913
4442999.135923989,2.41228373030269
590300009.5662087,2.810401289447406
50897085.739097014,2.6126911226102347
182382.7431784158,2.1500261249295867
86012734.78531946,2.653115922695334
252502.9664472691,2.173621853563448
359303410.96071297,2.773131226586289
85155.39987973149,2.0851176625376366
4459809.203700464,2.410301367021399
17556645.46808145,2.524861937236491
166317537.5109351,2.7086909734948565
211615877.07501304,2.7287547977537336
241127.23763772065,2.170521698061055
113648193.94886431,2.6755000812041003
14886212.37264056,2.512241930816042
31349318.44074362,2.5709628267338798
15029.61931203934,1.9435993839319508
48414201.967753954,2.6053124096924747
11879551.927179078,2.4929791316971324
12654376.42952098,2.498657854092743
4535138.769906198,2.410485731754704
25775253.622540213,2.5572668510226135
47841340.95663243,2.6061251368215728
28459936.407977495,2.564313999482619
4325689.959820904,2.409997367960437
12442967.538418287,2.4954767243664926
3270225.146432151,2.384254969391277
7902277.252415668,2.458664452443219
10350292.711721964,2.479719657828653
72014064.17043486,2.6388001251297744
39124794.37976481,2.5864272620554516
137684182.27447987,2.692557679787597
29642893.00961244,2.568599012645642
218718148.08058196,2.7310301911078456
325068.0824249462,2.196843005782407
34635346.72652983,2.5789927718029264
9977922.13709746,2.4782620822516703
177019739.50424585,2.7135979843280222
45739380.59452731,2.602653028463689
2628376.0325909304,2.3686294936043777
2683850.9361140276,2.369286331274026
66417923.040705375,2.6327100678182394
651804.1141318603,2.252771709999557
4512185.178435427,2.4121982674719007
27341827.154718965,2.5618090076054663
416881.6996817057,2.2172916130567866
54269.01901506503,2.048873016971038
23911346.458485484,2.547442354070199
3695940.5723681874,2.394809826793811
23479757.102955613,2.5485907586692167
3870182.9126114575,2.400369285456117
85650795.32017012,2.653887005220058
5778537.632340859,2.431060220831793
15113354.729514858,2.511261278494164
339050.9194640911,2.1985508083045278
280372259.4134885,2.7503905530755057
7823781.493748896,2.457289779832173
191881.14468447262,2.155493493137085
44626351.86909083,2.600606878831247
404776.1286574063,2.214443588046339
1290816.2384136466,2.3092833111427575
3715724.9384688917,2.3973900547442986
48651542.88670725,2.609823120198639
6892980.114101171,2.448728503190539
2775085.253373082,2.3755712664143047
183102244.16731527,2.715484071539785
748134.4666237237,2.2651491296972095
891473.2640968149,2.2803929476464773
32479925.03635432,2.5745556656883313
5262771.859094268,2.4258467149159526
49742354.95119314,2.606581982302312
23279883.111456476,2.546991380945719
46159720.39680695,2.603301213233704
87581245.14223944,2.655659159480258
2527245.3378698686,2.3663378830383146
8688725.904825984,2.4654477224697136
798497.9572694417,2.2759168948001465
6520862.8346358305,2.442357593812173
165401591.00421914,2.7076974549573167
9623186.649028344,2.4761085087420787
89152697.1777048,2.6575830084058345
508073.8965917312,2.2332301264020527
168020.82691968454,2.143253419217675
15355163.338408383,2.515452338231775
606192.9980367778,2.249888057585024
1447770.220009656,2.319981056688478
2934869.295214478,2.377449685465382
2866197.392608354,2.3767055439378226
4110156.9662682377,2.40626112378316
8444808.334403398,2.4638089016434814
1621658.308297845,2.330466660893665
859934.3266272768,2.2788073701499645
143489365.55603436,2.696219208995252
9863133.59639849,2.477089398204795
58301788.49074576,2.6216480015271353
6601645.421702405,2.4435277972478913
4149607.776564552,2.405651442539794
35930826.232399665,2.5826701088356305
878109.1541343641,2.2773841981790457
5344004.2396305455,2.4265015479938796
76478813.23880002,2.6445867914750147
31721428.95048165,2.5724226952268165
13392751.462037146,2.502240161421273
247173.422846805,2.173541295663703
1579687.1267502536,2.326096363480443
2470189.230067956,2.36442472019435
2574.30983707093,1.8014640840150542
13536867.867822304,2.501928793028502
23683102.672418606,2.5463923226553926
206816595.0074989,2.727068402379587
19414782.64221859,2.532798549023557
511368.158414629,2.2342209397991786
178351347.71141726,2.7132013376618707
376491.44325980876,2.2104270374113195
7712689.996806561,2.4544842597743046
10684162.455860153,2.4837918949330664
25571081.481683027,2.555592299548243
24204035.26956888,2.5499443383023377
107831733.5388302,2.6733908390793264
52916546.03893763,2.6128062293656664
43668673.50996649,2.5999112472593873
157205.9733081094,2.1372791000582727
35003097.78783019,2.5801131179653027
2141994.769592062,2.351142507225132
40394652.95001947,2.5921459195133503
3763674.3587537035,2.3966975571730433
22280274.42748381,2.542853879086883
4621378.341409201,2.4158627133657244
36705607.048625015,2.583695972043107
13167812.031767055,2.500518716239789
3214422.8879059167,2.385822529610546
2950910.4153946554,2.381203257564441
57279982.20982308,2.6218052095770656
2920013.947599336,2.376685939411881
8960346.37772318,2.4689249977923056
13657.049731673389,1.9378187215539762
126706449.63317658,2.6868653513529357
5199971.495223419,2.4260197176441
13828659.911732318,2.502708907282878
8191309.046784509,2.461090119390194
15731162.327827018,2.514450463322568
42657547.8861118,2.597860041983485
2417000.5291045713,2.3636952455105478
63326967.091425814,2.6284719915515193
633352516.5637711,2.818378793975463
19697598.862259448,2.534046107492782
157650098.55793792,2.704240120030663
6810005.047478164,2.4445969215441474
2658882.9701717556,2.3708583302780037
119128763.24958734,2.68152266486397
89261762.27241446,2.6568713191969437
1149245.6178000546,2.3007709805947587
8835396.755807761,2.467601869501752
5983017.89304851,2.4347690784884173
2941645.6333770934,2.378265496963505
20259697.16054926,2.5343448563739774
557.0776044267775,1.6751777291117975
68494058.364018,2.6346784315193
1355163.1414617584,2.311608807466984
15243867.244949521,2.512069232818995
4097007.0184453344,2.4028393146424265
165016513.4168081,2.7082152519791487
6477.444882048545,1.8735396558168964
5535295.378850039,2.4307912393863247
98426817.67788777,2.666325582285702
2310913.2516863896,2.358107402973296
929896.4827628442,2.281561646723124
3943409.4466754613,2.3999983366166955
2353665.0187862087,2.358533566075683
102650.46014032412,2.09988303054088
6473324.812613241,2.4417241458562144
3592746.7679654113,2.3925641924152514
234048584.71348667,2.7349520423645113
16832530.55295829,2.5221329275647584
185476575.6577999,2.7187332480919766
15416816.910818333,2.513410982024554
229181.11383545253,2.1697302375859064
94403.90171148094,2.0941593150073787
52352398.85190118,2.6129354503093705
79705517.91480559,2.6492490827183524
615169.2230252388,2.250415703122339
97436660.11218084,2.6648355050851094
10607576.27597105,2.483302874108681
736846.2122907421,2.262899036356688
167146960.20616776,2.7084960135544063
184348.57624574148,2.150309505985971
152782139.28372523,2.6996267749103926
43521114.95978157,2.5982937862224738
3213816.977101477,2.3880154555603426
326613.9408178414,2.196502818071923
23229301.78424959,2.5470642645492987
19501124.345746405,2.533559860838264
12700387.519845976,2.4970986223651934
4174855.5275924224,2.407489218706109
9501809.723297726,2.474801572951964
141677413.00931177,2.6942997223928415
343117.1057546597,2.2012627613712565
6463818.910106451,2.4433414028507996
38829095.38246783,2.5869381955433326
10582715.414366841,2.4813196258075916
4065186.2062254352,2.4021187556275723
50511503.402738586,2.611194740146758
1767136.0143579368,2.3357441944155775
46048363.54783919,2.603310360982529
20780775.078807607,2.5363872057023342
106085.33382697839,2.103576642068307
45404156.09830578,2.6019885622790344
34938564.73910791,2.5808595154235396
76697541.38680658,2.644867756640148
21375120.177995894,2.5398877914349898
78175340.6184171,2.6435610417811515
108689420.77521144,2.675771310149471
13553264.64962145,2.5006980067214015
823576.5905981837,2.274205227815808
1739779142.2121282,2.902052549800072
15881669.274148595,2.515123887677284
121154037.20493847,2.6830909613512706
5583704.677781435,2.4310916782851875
2272938.191519996,2.3569614857936436
73845268.8922392,2.6427576972038476
460886.89717401395,2.2245588837200225
21444307.02300781,2.5391276347166887
3859096.4949298543,2.3992704036093966
2113119.173320129,2.3499254958704987
369424083.8479551,2.7723060592055324
6557465.795050384,2.441372781969795
22688289.813943475,2.546361891345023
172438148.70513108,2.7121432492688005
10496407.019268444,2.4804051691065996
7944248.916674487,2.4580613086447904
56708140.35368981,2.620461301104931
1802100.691492606,2.3380569537450384
55688295.79577137,2.618623924700406
34635954.08606026,2.5797143520206656
33840372.053538725,2.57894622372043
14522419.027544018,2.5077250348968945
69521178.11687806,2.6376219710166464
43696096.7070118,2.5984363194175026
19807340.221887898,2.534341144229716
19055370.357127383,2.5308323524277454
8539049.269899629,2.46510866081665
115880496.60633615,2.678821260547021
1230809.9917725413,2.30427320855563
4635982.90028208,2.4118502794850825
434834449.7571736,2.787552624091105
17043693.77840491,2.5205560726297827
171069110.9029201,2.709378096044952
19660360.903994136,2.5319716749385646
2864017.5530110253,2.374980042208913
22629178.497571915,2.5453414003604737
191660603.9736214,2.7188606956010846
11410645.906463522,2.487990776585336
317680.66257934395,2.19815507496293
97128546.37958029,2.6651336007807793
438257.52120373317,2.2207778221602266
19239738.251643565,2.532368327071842
243082736.80720183,2.7381570256787224
2430545.3805697653,2.36338611380709
2781360.615354052,2.37065224146608
62032199.61249866,2.628256474811363
42120361.914420255,2.5949471995746785
2488650.565518281,2.3631048711955724
64200320.96007079,2.6309674605952793
668918.9861074092,2.255107884700312
771823.9572001742,2.270793700658434
6636685.342445036,2.4455090058606292
7194305.816512951,2.44949472911396
1894556.1491753387,2.3424546214821897
2558577.421143882,2.364996737813809
38891662.40171632,2.5900229840575313
117332171.36881214,2.6786402113487795
53946438.11096843,2.6169980715768486
9189024.416647602,2.4714597827106135
1768548.0177117388,2.33563349511249
10614712.819754057,2.4819731341371454
4363135.7100886805,2.4106201272203913
12300513.726691904,2.4951233307185285
41362101.872624785,2.593328042100662
311114982.9164808,2.76006528585576
7383203.920918952,2.4555843090053444
7691248.219446211,2.4571957320279685
4698299.2265867945,2.4167479696390366
73909906.55673641,2.641346311113246
17558909.82617116,2.522790554983436
14115150.712749615,2.505052045224225
78714855.02201135,2.6465472611128393
150499171.26666114,2.700337042529114
12527561.261012726,2.4949770684553543
804157.2920668666,2.2705987495260067
199868288.75411144,2.7229651409243423
11217527.429432152,2.4875944766490394
15524026.325064452,2.5142271632461126
121861.41974016113,2.1184644271688384
106518101.28831565,2.6721262769049328
206141954.2475716,2.7265976822159326
265689.7346991778,2.1813252633299967
737151.9475372676,2.2643953800615866
71797670.28252825,2.6399225316799604
6273845.489070884,2.43848101672706
118078581.5027821,2.679393284770897
1082095.247588869,2.295916647001706
868197.0709836286,2.2773880139188187
66022347.908793226,2.6319266694894323
9054953.032988312,2.467488006633888
5215891.796656557,2.4246171303264243
26369029.16215683,2.5586382573917175
91493709.38920386,2.657844869010943
15890209.041013768,2.515665305988847
3003197.3033029027,2.380589065972284
94295657.30784401,2.6627692475945097
8485208.896672342,2.466577129362498
134810725.190461,2.691625952190216
134590020.82852644,2.6912442285429443
5245122.718268605,2.424582845909919
24008.91044882244,1.9811883726933388
437253.24039901485,2.218703033057466
21473681.304301318,2.5409032885818617
32139323.048604783,2.5730583998506744
96752.83643937961,2.0997034348139034
95894204.61129457,2.6625045082337047
263994071.68814325,2.74691090159371
958249.5415116186,2.284331152371061
381974298.16839373,2.7765193174912985
28049664.172231007,2.5605270809129466
12745521.927579641,2.4968521821490155
106899.5352325882,2.100357958553899
44718426.143407,2.6010749198643848
401249534.6320581,2.7820383742770773
17135.03562968564,1.9546983227991719
62079769.305322275,2.6287583289612706
4123487.3314950727,2.4040410419257316
229907051.75436154,2.7345956657909807
83873.21045983331,2.0842604865839185
91046809.82267684,2.6566150791492107
136454369.8142992,2.691275983739561
282710569.49030316,2.7511981962703227
487777.2771997336,2.228709503069161
88351309.61180502,2.655839564835763
38570360.15228655,2.588367905458347
1010954.9590741084,2.2882088335234294
4948694.061025892,2.4193724203770457
376102246.0595098,2.7748377795573353
1071603.7471192423,2.294222801641206
2998295.0527668265,2.3774774984890623
151109721.88369566,2.696801899274976
2013513.3390122016,2.345092087473643
23876637.797912847,2.5489136048355308
45212796.69566426,2.600798082952427
6984.040365851712,1.8805954429954237
9519575.035074813,2.4729869217936815
347743635.38702786,2.76857623569537
29880276.29938038,2.566797587764943
41073819.41401943,2.5940350098452596
23748380.057472385,2.5463271845243054
1166439.7226284407,2.299302349548913
300268.58971849416,2.189012410180871
21547274.917105187,2.540580032727647
509112608.62739843,2.802072333713938
30371497.19293744,2.569018438189823
34983271.830719985,2.581134425017607
15050924.918346178,2.5113052498097708
38460316.679099776,2.588616015866861
26475784.26485052,2.557346021102233
61813.14060988046,2.0611597171349856
5542446.85775895,2.432573547691381
2209390.483769511,2.350047202291856
34688792.72465927,2.5802569845415597
20712737.16766393,2.54008184705916
5918381.803552709,2.4351088094308406
4434616.004181694,2.4098253986244287
6207150.367714762,2.4379692190873494
2542839.9358073403,2.3663405803802493
40489813.29950855,2.5932150328649715
4214470.137743253,2.405777859863875
55259.10978589728,2.0500027192668995
12075278.997367822,2.4931196500754043
35174627.87932876,2.5804286699805115
63799568.384653896,2.627585670143977
7492283.756747101,2.4571087856346128
426136.57337836653,2.2217989188049194
4578958.485098163,2.414355449042132
3427363.6612294666,2.391417893400151
16310764.842855059,2.5189340043293407
148807.45431439593,2.1339559166214217
292040745.75679004,2.7556120661119117
31168824.848004196,2.570853114302907
42738020.45459889,2.5963052500726027
2351030.7004699763,2.358535341527841
257269.03377629071,2.1752155266527193
28725955.318298902,2.565875354116143
41563153.72617465,2.594481576802588
37469377.38745323,2.58726216728167
3784369.852777032,2.398523448965793
329030.23162911984,2.196337364321081
183095.9612997472,2.1510497948397425
1902254.2469197733,2.3421320950298723
44728641.89431509,2.5992497141215494
5854056.353558854,2.43584935085609
44844015.962645166,2.6003605366145064
327893597.39920485,2.765149467803597
61131915.83833479,2.6250472826280404
23059835.86850505,2.544401201610548
984419.7521059047,2.286954468232391
201516.85278129156,2.156101260941411
21682296.84054454,2.542771323647893
28066256.57742487,2.562541212132867
44529638.27107079,2.6009801417446727
50720.30836447037,2.0480741697414935
69595.57663258354,2.0712426095883343
26230762.052866954,2.5583514353511854
65674863.3439431,2.630153739619785
5710908.678746049,2.4331199509963346
32981004.13451663,2.5744093737682965
83010.34814541685,2.0860302801323427
38126543.66556624,2.588952257892474
140806358.88842803,2.694493220186179
1039168.2564895956,2.290294758303232
237159404.45731294,2.737735777442902
3490512.632024716,2.393608088708344
416740204.57995784,2.7833634679602994
20776606.230733186,2.539194523392937
349174580.243597,2.7702882176024497
120238890.38372518,2.682409588873479
8038341.385148563,2.4603385463932357
32567836.72054407,2.5736010481240856
185231.88778132704,2.153517764338665
6941140.439669628,2.447495110289952
64220113.03644439,2.628229079886337
10001441.766027173,2.479889157579829
44513431.79055365,2.599657063959789
1597661.3173302503,2.3265593396203195
4943918.578732566,2.419384221640402
917353.4619083895,2.2799192802735844
416027.8455579096,2.2189184367608736
56893711.41054672,2.620546188802333
16979694.668615915,2.5205680140805455
5099606.648185689,2.4229811591975214
26135500.829831704,2.5568172506145386
760434.4448150557,2.2695135845757517
2474514.250240937,2.36444223514233
111912472.49060296,2.6775100081169865
1532467.0841910928,2.3209411727807923
144256191.0436604,2.69661709915335
18414577.400902808,2.5301420834752437
17788988.250870503,2.5246524159428323
6264406.348522583,2.4406209788865656
84135264.93390024,2.651821954908177
7459350.149944013,2.4550293637420837
83882798.88991047,2.651318436620055
28362071.185450453,2.5607201316415287
16846966.751505453,2.522541742661071
58779068.99300567,2.6232070220082346
64318734.564719684,2.629691021090062
144541781.11615255,2.696490786486023
11797209.319553116,2.491611846715369
62624263.109631225,2.629458822270388
44787507.152506135,2.600921560638171
9036064.102647005,2.4687964650886345
21727635.07928661,2.541776208180567
12157353.332890924,2.4948196224658004
902171.7993069587,2.2806654636095773
32114342.27274213,2.5746936131477876
105790255.28178999,2.6721497453221654
1446046.2798312146,2.3186193191301547
17386275.797969285,2.524879967330452
220512453.2596104,2.730937587217825
32424045.1534431,2.5745928604423036
16791976.424762428,2.5205194504070456
621359.7442650469,2.2475454020685617
1932793.1074882373,2.3460836788325334
7286873.49762704,2.452424736505084
3387925.2941783373,2.389150871028052
42271.75777738211,2.0284986106284646
42239256.96016459,2.5944226068050757
22243062.17699813,2.546426243940146
28672441.447226092,2.5641346408686103
244122.94960795005,2.169129203648953
14473337.581279553,2.508331316959957
70682610.03658114,2.6392818458650398
311896709.08184576,2.7583603211318906
18147345.520459585,2.526284815544891
290366.70043953223,2.189044205553082
344385.2097671154,2.201420173905035
15051067.507910756,2.5116145615403456
14877.331551957437,1.9405811614652975
48381742.62590464,2.6088154749780093
5160359.239806337,2.4239704246351335
4268832.348906129,2.4070569235567976
87241766.24349454,2.653709708484873
249093.88136509917,2.175535565364843
436761.53170838964,2.2214716443094424
1949644.5310534139,2.341823063876286
10319404.673694585,2.481348985625733
21507723.773017146,2.5415792529334773
11862353.884859951,2.4953439816374794
22252843.31834989,2.5417150023167157
90587964.99861938,2.6573345109823787
1704701.8036305571,2.3310802458146926
16696508.189473093,2.5184807100708837
7198061.339323779,2.450483273769023
266864097.52974457,2.7467805908983753
79705.14119095274,2.0779747914176565
4551580.973193625,2.4139367345939675
3276921.4273463837,2.386899294540915
728763.9908155039,2.2627952559965245
707137285.1023797,2.8277400991150357
1576661.9856206514,2.3255305724054085
59198998.01621868,2.625696981524664
37941108.78574939,2.5863111048955654
335502538.6376374,2.7679804872404534
10992993.25849863,2.487131698980183
15885843.545892093,2.516951026567548
9096725.070367347,2.4709255369012384
7658417557.422821,3.0245596219318878
20833457.737004377,2.5374617110493127
210148.75750217112,2.163836003970934
76236111.53698383,2.644009092018262
1399949.800574628,2.3167123428271528
19800916.997675657,2.5340392984834774
152048365.52469864,2.700493874750793
238980.24057540155,2.1727490364144946
114782421.56550333,2.676242059455031
1626205.367412811,2.328883854802353
114273385.529235,2.6770675051805997
44959171.443496875,2.600607415753301
1106242.0628979069,2.298273271444233
1401009.3014309758,2.315843237869214
101777514.1658403,2.668192121224652
128801888.52895547,2.6886196810171934
457297.18371307524,2.223253611494998
4225349.14856293,2.408235265341056
322095.0170645633,2.196183151150874
4361380.947729116,2.4108650874411652
4000592.7767007328,2.4048166418805588
10208828.80635943,2.481549904576143
26773612.278099142,2.5596730700051955
222927212.07377747,2.7324068114240383
47456172.63695648,2.605434685416939
4150449.740247831,2.408187087890983
102316519.04212435,2.667129503917176
24153316.313909717,2.549441440352782
293824.9026050898,2.188698720398567
20250038.266356673,2.534287709244613
28332.244116328267,1.995241867431829
16539960.69302851,2.5201872190934527
1379998.1565181108,2.317307595540498
129297019.33106484,2.689631073340963
139124757.24180976,2.694328559091833
409674.7754299424,2.216062585650305
14744708.878231307,2.508869328750936
1645141.5086854761,2.329975426652798
132068188.98987044,2.68893887025033
1815961.2121895847,2.3370605277778953
49480108.66416721,2.6084758483801607
53960659.64612707,2.6152797830242087
1282504.2964198557,2.309979770965459
33422853.07672245,2.5765871676323338
10690655.138091752,2.484991222359462
30083085.539442413,2.5686612162015723
144.9805918647227,1.5626396494469215
18297867.114771627,2.527846840028223
103727036.01728234,2.6682050775943256
43716381.47344199,2.598441331739043
18951924.225198656,2.52959328637009
4234569.761734299,2.407968604199165
23360002.368536286,2.5491962306632594
1417992.6794924964,2.3174392444138565
5374097.575492578,2.4277120322562693
13304147.12578652,2.499924399820797
35649696.9721065,2.5811714674520463
721210.6237494329,2.261927244328266
11763928.495189734,2.4903368121363005
567009.4146073676,2.2429827470701182
39314324.17877173,2.593381353544881
33810096.72174595,2.5795549188508375
8175918.933878351,2.4619243397734922
123680235.24232535,2.6838458863071106
24014246.367711235,2.550094842250684
4231432.661961047,2.403705757728797
13215.600011552744,1.9362875613500612
2999762.821208678,2.3771742844775074
555374.6487041656,2.241319538428763
43865937.777340695,2.5988955719506506
7378693.449706681,2.451408166795066
40880919.23870316,2.5936414492878734
41013874.16668766,2.5935994050022595
20164199.332812745,2.53655410160539
9501589.949909413,2.473937679867494
42011100.92188009,2.5961211976709326
118874.2982553385,2.113093375962317
784734.6377030006,2.269924311482865
8846154.506088639,2.470472025859485
413018.0414658243,2.2153020246088397
186272.80918124953,2.151800517418178
105051245.05963638,2.6680775642268615
1880140.2353152533,2.3406114769080597
804237.8043636852,2.2702891970811026
1692112.0263479594,2.331364202962521
518756.97775768826,2.233823610775735
14123449.147803403,2.5040139106308557
132315727.40303631,2.6910292405944687
4862280.488256186,2.419826310325851
2082767.2372783683,2.3484545325082546
10367821.601374103,2.479108883215937
7972075.232076677,2.4591054109843253
10292665.43133467,2.4802910067535917
212014229.36901,2.727064369543406
20918502.62530504,2.5383829515130456
168302.37814066192,2.144430800130877
8093799.8229090255,2.4600877976272444
6525.958311404091,1.875833917475526
13718579.39018206,2.502385321941279
75008056.89793007,2.6439916293965737
799570.8863603872,2.2690039010418657
37792788.776230395,2.5874168320215247
53133060.95459159,2.6169003737185723
18061323.96553388,2.527349385408986
31289501.3140322,2.569262757924839
778897467.1347002,2.8336546300622487
5841993.88841818,2.4337853293985443
30460039.057519842,2.567960916487556
16162824.85625306,2.5178385417385547
41087881.089478135,2.5937040787867307
16051632.82321573,2.515410358336948
8424865.782117069,2.464076090969729
12889437.088034818,2.498155652793172
62764389.78178846,2.62932493273378
76719576.83607134,2.644697483016861
142433839.79025137,2.695665540475206
1638834.0251450047,2.330894791526405
264497490.45892236,2.746619504225867
4569808.485758087,2.415730071270253
31620119.068725612,2.571350535566611
15323583.331635665,2.5125641564575996
2613391.9808094087,2.3680420164066613
111695216.5831509,2.676302493731601
2629011.3517214227,2.3658414061442383
38460937.94721976,2.5868342521562173
3326147.4981218665,2.3888913713770337
190572721.34382313,2.720550523103887
1637334.5514779526,2.329262681343099
299000.14810620947,2.190769405371158
344600.9075845608,2.200978568606277
11305.80609766958,1.9222020052851343
30311067.354651596,2.568071944599788
118622.71621200278,2.1146791784162526
15320885.462804304,2.513433326084694
1608697.1277060283,2.3284704505814156
37467544.352820314,2.587457952005909
48932.08521965607,2.042307763202476
5488334.149006552,2.42964774421912
12203430.178312004,2.4940230689740424
3588394.136112248,2.3931526434596897
12318111.00912452,2.493269038913095
1939663.942962745,2.3426235863044957
1851297.244170742,2.3408888063817845
194537913.86580813,2.7210322017932365
4113533.4814939285,2.4044808152619614
7254353.383846905,2.451850073041448
7931036.228290018,2.457965631308236
2685171.4011579296,2.369997541840431
24239186.788796466,2.552280993007026
2204061.968851865,2.35427711100114
3101604.4114610823,2.381002248672205
17790521.17605656,2.526101715762635
612486.3930758004,2.2497155320906206
34165200.52539313,2.579189864037372
91633.9598134222,2.092262127719814
7960853.790400332,2.4575854403915374
6246424.102215458,2.43915007412069
70267029.87621288,2.636715397659815
1950939.618300936,2.3436908053969328
153909.51282783574,2.134580160442528
4648375.345826629,2.4128890882243157
62210405.3678105,2.628481652113854
190329474.13650987,2.719368757872628
42012556.4050164,2.5963704883401926
4801679.7622815035,2.4174600707663916
22511428.428128883,2.5458357492399197
3939699.714151202,2.4006718981140116
14033320.00222,2.5076092979613986
65451183.69577088,2.6316750161438205
2523913.7750481865,2.365810493415866
30752257.77160053,2.5671955393188406
374281223.76100993,2.774590653761657
1642815.579688002,2.331097882625501
11840985.62000255,2.492497791792862
14185655.016633432,2.504948603458687
77215389.5827861,2.643903650375121
38355092.33149613,2.58862967208475
5318708.939906211,2.426981193269162
12981564.268428385,2.4992510849104135
62609508.813559145,2.627734508750345
1627051.3126964944,2.328730115578481
16174780.666931974,2.5170296757809263
169767.04352684086,2.1436699796333074
4766873.448155812,2.417876933950101
121268383.31528203,2.6818740284220492
3550919.6099165985,2.3952473417996933
4388026.427848177,2.409255140430438
423757.2193980957,2.2225398155995433
37921751.27083211,2.587081461954457
146327.48786386452,2.1322730755149926
92078802.53627807,2.6612023332896415
339996307.78661746,2.7678593432759544
78423838.65355833,2.6450869357001605
6692402.401261523,2.443675355627482
10806322.018851344,2.4850062372199018
82683755.13204445,2.6493197882059514
52447988.15290075,2.6133069771448727
10186923.456179352,2.481351013038635
7688856.189893865,2.4571366654617433
4447887.441128597,2.4109533046465645
105864380.95186132,2.672751929484139
52396933.313446954,2.613085495263108
3906310.3416801062,2.399808530186776
2925505.4509820016,2.377806343778347
184928999.66823635,2.7153468764170308
93555589.01458545,2.661226340569416
1761660.1686084233,2.337546156335202
4035737.592609144,2.4016719279664818
60024172.66337303,2.6256809997663044
14726990.149958724,2.512027319319804
621217.8241127562,2.2516577520001753
99344454.44307384,2.665699451356234
51555197.639698535,2.611522661807152
16367084.060854876,2.518871013387965
12113818.49073182,2.492366712157892
168297134.33021963,2.7096682211904737
12161394.02209323,2.4951956893379137
48166945.68056115,2.6073887234767845
7182806.001149823,2.4499917925922765
11398768.270643124,2.4891355191880904
826413.6046780824,2.274070710656316
47699801.18266023,2.606522008499307
20444575.826221872,2.5361041924855736
152124689.16702265,2.7005502270283044
3752116.890491316,2.3975011852469623
73198953.94088192,2.6420081244225937
4059408.06525793,2.4051192340628624
38745744.03027769,2.589331169529716
46696406.27055746,2.603771855953222
8485963.79316934,2.463690168912085
313296389.7812846,2.7605274324712488
172180.9615616158,2.1444836816498034
15055723.945840446,2.512950104188809
3764513.191192066,2.3982313207710364
4629208.352995596,2.4131203715754834
4778859.310096822,2.4171773264059064
59441283.31536376,2.626361112287233
179034024.977834,2.713154142072625
33012900.529783364,2.5753477143474948
9077997.7898212,2.4682923126766574
4706153.553632439,2.4161180455838926
48482865.20032636,2.6084129138148295
39915172.468282625,2.592134839344016
788748.0001747712,2.2693800891932017
54007.543794820995,2.0531350211021713
8503289.545895666,2.4636458958204925
185884009.4830279,2.7181179763190504
158904569.03455836,2.7046878782363137
5368589.250533929,2.428359835729473
7326930.211067014,2.450721223431874
96455.8405272588,2.0982002847828922
5346954.087276905,2.4277718658869007
31795842.23051121,2.5695545656934025
8017818.124890315,2.458166506477637
3066651.4707954368,2.38415760324323
2563934.1451011393,2.368320842991146
14038832.633380549,2.5067882902888856
394608.3013309694,2.212931490953265
58004562.8167773,2.622589731692437
56526135.84221943,2.6208148659068873
11077068.949759865,2.486671081919715
12135262.695475373,2.4949060925882964
14382564.578242218,2.508004035280296
21396722.351066638,2.541020408149867
129527507.7757348,2.6880984517480875
155847054.8521524,2.703688980876664
41315748.78209506,2.594985666068609
1614207.8747714218,2.325976922513584
45715457.83619481,2.6011786247288518
873608.7544064111,2.274475820825003
73832175.45178355,2.6414009139059855
12470736.000907792,2.4950918440971908
1521359888.34553,2.8928794133880893
47344988.33061615,2.6055546863973347
60216865.123314634,2.6252903754795733
37595127.96246913,2.586292688499749
4211507.899816571,2.407578609726572
1171413.6277652264,2.301034097163846
3200172.670846322,2.383344733898998
1386705.888792539,2.3163967263554843
27671970.14410244,2.5596549345889117
8809596.966212291,2.4673681895304704
39360589.94789923,2.5882764037449184
45675174.511170395,2.6021730222810615
25563708.890799012,2.5532994446585073
2086176.0672568846,2.349034221248607
40087893.06983545,2.591653446422685
3152717.319237141,2.3817957544656396
11970020.997022389,2.4920938746230457
642801.8213738515,2.2523264051811025
11677779.684531402,2.4900655783296592
316406324.37294877,2.762430853182748
83139438.10746056,2.6527235982387842
25956309.841537323,2.554900475128923
11112458.69959792,2.4861908172856806
15896692.550042272,2.5162386718087864
67994468.25420024,2.6345514830777366
1438777.9010714125,2.319131322957878
81993988.84780619,2.652171812165082
34645427.654467195,2.581449236149779
9976564.75489691,2.4757052284547627
99027082.59755257,2.6654898526463735
55721603.335152544,2.618676448625036
105625255.67813773,2.6704434435940083
47022686.67000623,2.6025266519004235
39080335.6292984,2.590184950246624
373471381.4015652,2.775476637655155
728105.5017235086,2.264194760523399
557738.4985684294,2.2412880878962813
38147662.20488594,2.588213991937823
60197960.85542597,2.622956451917668
66412602.94879336,2.6337877958422635
27937273.875301816,2.562090995595695
56046490.78579269,2.6177416840621595
26897072.292225916,2.558059782618148
56646907.05256511,2.619008034718224
1868473.131868711,2.340924185526916
3839164.1664608154,2.397598081678846
314814359.4076763,2.759120852557114
27921.916118476274,1.991316879724449
95185168.791613,2.662293742010124
2710934.1778039993,2.3692323541614146
5530400.4237806285,2.43038421030279
33085704.22925643,2.574127880420744
13919995.843805466,2.505867225036396
22335079.650390707,2.543154840863354
88535821.16603659,2.6567314359608787
83662882.31553128,2.6521635889017396
121237224.8708044,2.6796428053512127
2118246.7540952633,2.3486764957605017
63752906.270409554,2.627652771062469
24953039.90373001,2.5529279856717846
41370413.07929007,2.595773530135712
84341326.04071851,2.65332552188307
39454046.664535336,2.5913413026553664
1398293.197324975,2.31633660469749
52096183.353446364,2.612836687976254
10805342.810935989,2.4855227193589573
4944753.961523208,2.4221796400085145
154520748.53578416,2.701404040853433
9445443.112816103,2.471327190799465
48697734.416846804,2.609756223724571
46730789.86876713,2.605453794671348
20493902.678637464,2.5366700191153697
22183623.170857795,2.543035767468
15642213.356804838,2.514167764884924
44837974.77620145,2.602827410660688
36384646.783899546,2.58263797529155
4322748.7291888315,2.4088331049843013
20874779.5965726,2.5390185980080324
62615172.5451302,2.6285008406672166
585057.7994891437,2.246123053899421
41254936.57261533,2.5942669120315807
32849028.998571828,2.5768601486499327
79733215.68440643,2.649735584488296
89170.83985089771,2.0880726136241554
19640613.660788056,2.5332887943898585
4812297.628026218,2.4152864751348226
16436597.078084864,2.5190029168401202
374147.8485495646,2.207301441363522
68565216.41375656,2.6348110340510833
853503.2623182622,2.2757845151905607
34773652.40786755,2.5809510560435998
4804045.1604231205,2.417481660576796
10519687.927870646,2.480281637985072
69005316.56493124,2.63631027085558
14960791.431525674,2.511443601821435
861484563.3622336,2.8446261053047164
1891630.2763743806,2.3411644678311725
7099097.599568706,2.4494086880843886
7112795.040586485,2.449050585170787
278041135.2309788,2.750968669261328
14718365.746173587,2.5083750732079313
19035.255545453987,1.9626252855298567
631290.0786666477,2.2502130612328752
41976.62768705073,2.0293129077313985
27928360.049751826,2.561787676650968
2032733.2055746147,2.348218546664559
151539693.97554442,2.7021777001281344
84646449.77160355,2.6534169406430035
48296117.403033875,2.6072483197138188
26064112.569869753,2.555191461153826
2730502.2619614555,2.3728710016922006
215121160.25535884,2.729695163442209
5135293.821144474,2.422258563477355
154046.79888376372,2.1326941035972036
1058080207.567899,2.8606892693064747
169735245.53482476,2.7105483504155905
210424649.03486153,2.72890012127748
67646654.43650231,2.634513027632453
216622.34305393035,2.1613503174135063
40493334.65264887,2.589752521368701
11941071.951438542,2.49404683225821
312409898.519351,2.7611294248359424
6201342.291693115,2.4399537747610647
4135363.3019410865,2.4023623559397946
3161992.441825008,2.383043576997389
90005122.55098075,2.657088239994877
64701527.84256891,2.6319823882055986
4219784.109882822,2.4073625904867177
3046.027419845474,1.8107521972518916
48566863.837340884,2.6076319970594857
18071239.942566186,2.5265434352593794
58659404.92777679,2.6212453483052833
3853814.2304098983,2.3988977057595005
5788460.770152571,2.433705620771826
82246996.06883669,2.651552238293856
15245349.204271242,2.513430183721068
75666492.39947507,2.6418081376418434
3576690.366236084,2.3929710146942336
57278849.22996163,2.619420157949747
87815272.27518748,2.6568417198838685
13670918.346876347,2.5030533340468164
1712847538.0106528,2.9017052411135666
2268739.2776164818,2.354328234356886
155909080.91915467,2.703567314221833
26607155.296927415,2.5599241822087104
1762969.0113856315,2.336971019807307
119284033.2028424,2.681533162292248
16646331.04284528,2.520185005847625
21794962.4348191,2.5400977313096074
984167.8649668319,2.2882590265835723
33977160.42626175,2.5793901106207726
61855732.735184565,2.6278629721456452
150890274.575522,2.7012501565226055
2331818.505720186,2.3563985773555434
2826481.317418492,2.3747837877596787
2589005.2847213224,2.3662445113764483
2674057.471884458,2.3683358119793194
3686050.287240175,2.3974752361086997
17760110.11944744,2.5238161150303196
1302426.6358877455,2.3077688107956145
6760071.952316231,2.4453939953396207
34779617.953532845,2.581635391044118
5210511.219969262,2.42503413697572
35602602.329478346,2.5814093665668216
134185596.92303151,2.690222445077871
8110635.882727042,2.4583608614166197
2714930.812269838,2.37114152465185
9767795.226251565,2.475692141040829
3108806.4175021006,2.381805535438129
908129.7942842745,2.2794363147225276
16592522.386062482,2.5176537068618954
159523763.98547018,2.705763952329988
205542057.51489797,2.7258490735723195
26116426.426327974,2.5576441495798403
3570139.2161680935,2.3947489322989837
4042691.3524556886,2.40207550038924
101131474.04251651,2.6678359366882805
30611420.754878014,2.569493687931097
91033058.51015615,2.658529339819081
6684170.847413957,2.4466429372342984
33876829.960655995,2.5774891972036507
77276438.38738938,2.645432315055594
14342128.350133726,2.5075883451998364
34368028.752716586,2.5792544616920154
2096711.4860722823,2.34913154142183
6377666.884224564,2.439933810179772
7342171.93388101,2.452710419038303
2103137.892968499,2.3499468800997376
1222128.7167892538,2.3046068970025697
98614196.27258919,2.6642552292878507
4538562.957154388,2.4129914000179276
19124930.05818192,2.531425852485877
16101301.055619018,2.5178136047816495
528827239.1040146,2.803211360050454
1048301.3758455735,2.294155205388784
3585614.5255553634,2.395883547760308
312797569.318811,2.7599428970318427
977587.875243861,2.2881035027936814
476372115.45751166,2.796556625346708
1143445.6739813436,2.3009514343493094
1492849.3630001764,2.3217554250968706
5139679.67817943,2.422568854289659
2004217.0248002473,2.347218968091498
207781846.19624218,2.7284774660026496
44264980.07542048,2.599827427314137
22130841.48632368,2.541557237669578
161423137.75372726,2.7044124240395284
32569.43312907139,2.0102415783533623
995624.0929936405,2.2894279569771157
7289432.364495487,2.4526283251685155
60227900.46412079,2.623842049255251
1220088.0067074592,2.3030019097360555
166311.08849891703,2.1400970071198273
7636985.97605123,2.455484940053252
8327737.244241006,2.462155611215721
580740768.2101178,2.810718826684677
10570714.890126003,2.481905712149113
3542814.4163718587,2.3960878466673967
5991348.472651243,2.4357920574383622
12232194.223199382,2.4956118391457185
8665606.173418144,2.4650889660521655
1921743.1013357718,2.3432224887897726
7441675.887946951,2.4555503774893515
356339.1468212441,2.203791314044562
457447621.03669935,2.7921519624647875
75049.73829073517,2.0775542601881947
215591693.75897652,2.726784134285213
2284548.3693108107,2.35844680513493
11392728.371988047,2.486148270296224
10141974.580297265,2.4790225544900872
85104202.00392653,2.6532804047222087
15627161.12931538,2.5148857539907823
7182351.479086657,2.452015341030209
8750561.35440909,2.466569688758865
3244689.357586978,2.3834227413972306
11672311.343194148,2.490899961457205
154127378.29807642,2.7017656205176923
277248.4411476847,2.1821750002855547
49248889.74362225,2.6086597648127627
35499591.300285496,2.581023555413164
8974721.013620947,2.4676781724309835
159350985.1017161,2.703724980725273
367895836.1469423,2.7730461651196894
13148624.903093556,2.5022755069854106
372651.24930320965,2.2106955601187908
729704134.0233835,2.8309003901372947
88819601.41013555,2.6552106876439794
11241180.549111186,2.487921535415232
79526809.38568743,2.64809429461263
2584608.3422294236,2.365773052158266
137934061.85262772,2.691587487830382
2917452.66633275,2.376830863938266
56634056.38234113,2.6215690369694187
23102273.92804075,2.547550898741625
46203637.37785976,2.6023656542460594
13504682.445515808,2.50155464680946
2248787.5092648333,2.352062953260881
117333765.29706231,2.6784978903452186
396874.0221556709,2.211765397123001
3016142.685739941,2.3787627164941623
16672649.333609214,2.5215782683231023
37909304.2910846,2.5883986396869223
9166829.685825754,2.4695980198590166
52555841.86376624,2.6167396608481406
1884216.2446518266,2.3412999226763507
1352304.982457336,2.313419213981401
92444996.9652777,2.6587172498509206
19796413.001389638,2.534203188037836
420627207.8370217,2.7833097970251184
1717274.8955756018,2.3338666238029475
6901002.577068495,2.447675311476087
1663912.4906156796,2.3305693006412143
4728242.079201454,2.4160513650917324
41586291.90635432,2.596709421736959
5754976.96024041,2.4313923942211906
69951262.3244264,2.637405865292858
3830415.005342334,2.3973653485170594
30608973.58008883,2.567716031642994
120323543.26985295,2.6823300805065924
2384.688770349568,1.793603776520554
1588517.2524006474,2.3259218568043862
155479703.52225724,2.7022253611429936
130275.78334823764,2.120928376386815
133370817.68711004,2.6913149314225153
3454734.871382085,2.393629247599217
2485824.688613285,2.3625023596271837
13894745.895182872,2.5027208399957144
45438018.18948863,2.6026886192245837
33180228.197125006,2.576753703613073
14579697.342613805,2.5073135609441746
4397085.62764274,2.4121991365018998
344755.3117546194,2.2021691287575176
2257024.8032463775,2.3530259118613803
78719665.7494884,2.6461818766144534
18411908.88333926,2.527865790371306
16411129.128219934,2.5167773431323597
15065125.671473097,2.51244296155118
6392232.0858624065,2.4421242636110376
67560263.31659998,2.636235499485721
51324198.496467404,2.610530555289984
17279191.116443604,2.5242812289179266
4233618.285485698,2.4072504853198513
32426096.39880481,2.573576932465719
31959997.61063921,2.572662969134812
802138.5805567835,2.2724903821669336
8099291.719766048,2.4608886756689397
2922565.99418535,2.3771050816532036
13663611.018976863,2.50456122296386
3284466.5912371823,2.3875678623235
48271992.46182219,2.6082831905413597
4428522.426389106,2.4123316938923236
11148698.414585467,2.48777679747794
1431907.3132165498,2.3177992081431733
5557436.350612311,2.4304215413393035
2199475.117427541,2.3564365319754494
41030709.41650053,2.5941966271208683
1906367.0799914985,2.343441896982625
5426124.894522402,2.4280036041393673
3439531.4094196474,2.392611124936275
668836.2789585335,2.256067640699906
37887043.31900011,2.5876369120821994
180061240.74651232,2.7149260587503203
21746857.616323885,2.542761702407795
3867082.6813330282,2.4010154032668445
32328299.05075044,2.5741979844840945
76899619.04577708,2.644899889679573
9389796.553977676,2.472088107053233
18428145.6122119,2.5288489275433417
1371800.1037593824,2.3131071870520152
3707204.6723862193,2.3961386541001253
104709263.40355049,2.6690227092900356
5219497.107222556,2.424620264104607
101201718.26193988,2.667247342370708
137503958.58522093,2.6910019201740556
7563952.800796646,2.456638971798464
16489773.269877719,2.517343467267332
3224493.4044023617,2.3867163384857686
1649048.825877914,2.3298503203944785
31258560.964774825,2.5715966996215984
4533970.680729595,2.4134692965518614
8382019.475678374,2.464652605283964
21615505.409457322,2.5436402887501086
238930248.79072878,2.739622849776783
2925102.715497538,2.375864186407071
30033602.064038046,2.5673779298479227
42114234.30187784,2.5939269091603
4446076.152685852,2.411791074892689
5091147.737596713,2.4233527990167563
1754997.7906891329,2.335299775848672
3959020.165284976,2.4022888026714426
4390570.587334685,2.411239941118145
42224301.332638375,2.595092652934952
15832022.774007212,2.5150384079354025
3582436.4656677037,2.396910087816525
61745385.74159247,2.6269150389070566
417327761.0492339,2.782884160042419
66038473.94662085,2.6331673384716887
3683954.9112024447,2.3959983467769064
5261012.798340895,2.4241790762456454
838.6870749912212,1.707596346939403
41695489.124553174,2.594370717232765
36132807.167603105,2.581981198469229
11365002.558781955,2.4875999078980553
3188737.921540594,2.3849350412047285
3873342.809620173,2.400581701700602
1174475.6118515313,2.303448526591822
5926289.2311626375,2.434054638997186
873004.9822533927,2.2787539072837713
1559371.7348934666,2.3226179885119542
305275.6224215759,2.1905601567870696
45154.11495426411,2.0320819951798352
45924227.47968074,2.6019889690686986
3759460.032774296,2.396096400749415
22538526.636365473,2.5430000832055955
24979837.517359808,2.5519220112938923
16934661.062911246,2.5228509803990997
110731498.57864812,2.674167507047435
63733219.84492923,2.6284419403969177
3542635.3356587784,2.3932658182940987
35615603.79446673,2.583205711345672
20098487.314575024,2.5366956386753094
22004900.84159379,2.5429185549716222
2497108.45220921,2.3648638716421924
212161.8488696845,2.1605573603240567
8912674.22917,2.466512991560584
71516285.39106105,2.6423414272318624
18920374.537185825,2.5309873521465227
19628322.22944731,2.5327506921494813
1410.8879513582972,1.7526183369856076
110608126.88363357,2.6752202663078126
822492828.6927319,2.8408350945298815
326553952.880276,2.7653915365920314
46626418.47645926,2.60292861963952
1329.060829612777,1.745086436975389
8151910.617382839,2.460843781788151
4921689.822048775,2.419309328558094
4057733.758033026,2.4043019260849237
14180288.779043445,2.5077715791978155
8921876.756550862,2.4690592106676186
183830.7703146847,2.149643191334496
2941635.333323425,2.376028167702591
10919470.673507594,2.4863979949883506
620831781.3399982,2.8148607973707622
38248144.471871,2.5876544787728184
94765183.59526208,2.6605168372097
156518370.5261682,2.7030290441421534
278877.592524663,2.1846361756785004
15413300.911705352,2.512655287183103
493631.8443649975,2.2347174635097082
62600622.702501036,2.627186290082138
14739630.576338327,2.5104650668741506
21041664.71291333,2.5391609086414673
104402302.9530597,2.6699981109795066
102825.83628323229,2.10341301709633
140243489.6423842,2.6943462928001853
597887209.2258083,2.814530908516886
44458162.03756021,2.600237165799149
4104385.246386253,2.4043185912969336
10363520.25074944,2.4811283860801994
12302344.276962126,2.496438184716585
4815136412.803725,2.986089788348651
3092562.897261713,2.3822263643084924
81118271.54648256,2.6474512329556266
1652.4468663594096,1.765289851968899
156755736.8785526,2.700490036271206
17129285.716520216,2.5222605577095876
12044809.783260155,2.4918922129865306
379417.8941093973,2.2110401566628255
667325.8176412915,2.2562356460338324
3720112.073041818,2.3963666087152964
4478383.071567692,2.4127009109052526
90442953.20748913,2.6573104448081764
25004.487758022653,1.983619958843854
13179215.696691364,2.5025892982481635
124720359.57065131,2.6847180245232405
10667655.52095949,2.484045143838143
3795689.608159219,2.3964961137907066
34173024.43798092,2.577275343776351
4262621.105741418,2.4078756499514484
40513045.655105576,2.593106077064003
8665129.01091383,2.4669049658483684
21958382.44447633,2.540400289501328
80610615.03665018,2.6492200556102286
275236071.296237,2.750889451489014
184395848.5555527,2.716612505941189
317924.0487194128,2.194825490373796
29918422.508249566,2.568430819134517
235510.3259104527,2.1701000453315005
16450390.829638658,2.518588521032142
23212181.25436004,2.5466937036201767
354946.1661249553,2.206024556610546
699808.8506336039,2.2594503603839238
17004125.04935592,2.5199114292084204
11465180.811305083,2.4884567814682734
36535230.54663843,2.5841399708608823
428584.5758291193,2.218068945226087
3371782.186416296,2.3890526743816873
68195367.09106603,2.635546365147485
12060467.82822733,2.4926551944299153
10098399.362971751,2.4780632411758625
75019829.71407677,2.6431032762474227
32897718.08142308,2.5747796113889483
9811383.730995823,2.476600689163064
7216738.589639827,2.4520644429181453
13171213.077019807,2.4996389960245406
3416812.517414885,2.3911360583355674
801039.2252050287,2.27398361090293
31338079.26293192,2.5723295526607455
12406175.4956326,2.49288472987685
3871128.4102606783,2.401177496394628
1211.7410136018334,1.737086226413577
101909196.88689274,2.6684969100739635
5712267.791504063,2.432146335186833
374223.1481363016,2.209218880026681
60285847.35624051,2.62560294713563
24967822.76691635,2.5532383633951543
44698.32949523522,2.0324662903274806
7647292.525486556,2.456412746334394
54595562.845854186,2.6157295184928424
310254501.15487534,2.7602726543605454
51955059.64436865,2.611912657770634
429051758.4988826,2.7858542609911736
1572250.8286958504,2.3243969556433806
7696298.9605565015,2.456322088379334
627492.6421089701,2.249088576865713
35790792.5704906,2.5820554225713606
15597592.38035229,2.512559634679566
2089945.4150660096,2.349562189649484
22173803.89689022,2.5415555115278994
24700855.30132814,2.5511761935611483
20563714.755249303,2.5356825441848483
9289.303922741907,1.9046690182300288
22647969.65556865,2.5429390669250234
35710471.74752014,2.579877616269278
10642.320912622756,1.9165579841651539
62628036.485659786,2.627387623314897
233041.62965490876,2.169758191802989
53378874.066650055,2.61518433042525
47381724.21412565,2.606504353789133
16474797.701805204,2.5185714063956386
6306842.856117796,2.440059223770029
104665399.73730758,2.669834240125041
18572001.950840104,2.528489264966138
13122386.901280522,2.500157303983591
23355350.563618563,2.5477004660410305
116474548.52502407,2.679423822464684
470998.5520622694,2.2263346749308774
260277.92801397847,2.1774161034588313
7770691.816190111,2.456953497558532
6997210.170397115,2.449929806687619
25126217.606867645,2.5544419566169543
11654126.475446364,2.490601355415406
190127121.64846802,2.7197621348895598
1438748.6351360884,2.3193833271590445
172036337.63830364,2.710303925072325
7333149.038311942,2.4529314874795913
4697462.672377678,2.4181472822209886
1499452.6684198154,2.3221351678362545
1485227.8892514973,2.3208507795429725
2968637.8978497623,2.3757165890112475
69974584.3913865,2.6407337104711903
282316716.55761445,2.7531873453827362
5506837.735736532,2.4280194610977337
14231108.11748783,2.5075387416928603
4077555.1740819314,2.4041751329792165
12507429.463047244,2.4966044981525437
109144693.34272772,2.6748984854213247
19818730.850262877,2.5321152205543482
1348063.6673883647,2.3119387479765066
42810441.97221081,2.5986558967854405
11166296.103842335,2.486454915509504
145553385.61444342,2.6949895399683825
345985850.6859758,2.769195085637382
2505533.991514539,2.36698016787579
5377795.056023141,2.426091170548701
10032101.031864163,2.4777258063190097
9507716.817604832,2.4718852795683275
2832462.7326503615,2.3743328577398524
14223971.18605363,2.5063021025435406
46292918.28120883,2.6042108944192233
6804666.927060086,2.447112508646868
8174026.338591494,2.4618980087196976
91708401.06709789,2.658871224469652
27999478.64624834,2.5641333926459904
18621335.358595684,2.5282101839862605
3795.308288180977,1.831237470594166
26478434.74511843,2.5588773687536883
379413.1035014413,2.2094757994642302
517601.88205184106,2.2336980041708387
90136061.54255022,2.6576338163486186
158167143.0173698,2.704792674139023
93285886.40283483,2.663078035402884
278003306.71459025,2.748935059374657
8170058.543621937,2.4629644978006953
7335746.290661946,2.4530314046713992
2633443.1853135675,2.3694132410007933
236241410.00619504,2.735878529933726
21277218.675092056,2.54080131135709
102787743.68941309,2.6687429668868368
5936512.311919638,2.433727692167729
4146294.6679597218,2.4064769454257537
161309778.89199248,2.705520655513458
7742597.441066879,2.459999305215817
61887064.6376146,2.6253744910355605
4085978.3022924964,2.4038730958889603
1123.6980001027555,1.7321123471834825
114585833.12002392,2.6778346101227326
35430012.05920947,2.5812012559663335
4826227.030756161,2.41863470388201
36178918.595353745,2.5822726804340204
62400725.10920446,2.627648203509077
12274845.053799983,2.4934421787580052
21541288.690710902,2.5414337482712015
35933.427954861705,2.0157767094637817
47950424.78164317,2.6083323605781783
10776941.11549378,2.4816117797091994
133131.44387364446,2.1195573393917013
34696014.343461975,2.5810944671913165
62433765.73951249,2.627064890027621
92098194.58584225,2.6598819948108083
77121809.37528549,2.6472893376563182
5899577.65410208,2.434299718115257
2599131.8119101995,2.367907478063031
41190741.13670805,2.59374277866498
239494274.54092914,2.7377212403658553
42030246.812776,2.597212973012408
8710072.947957858,2.467951483738058
7039891.209346751,2.4467843943776653
106109492.4669727,2.671334862319324
3413302.616519833,2.3886880427848896
48943646.89919097,2.607889939595646
28910743.561589994,2.565067969743044
154567467.5341172,2.701095569686791
239145.41511491605,2.1682886248184845
17235408.537831128,2.523400625056036
20310235.71559968,2.536189081727314
23805196.291301608,2.5487553083569248
26205656.60366403,2.5553331293111152
4778591.913967268,2.419623629129868
179803017.5212368,2.7139712961960427
252761.31680587475,2.176992146699342
1064044.456792416,2.293161497942535
4023700.1448787325,2.403232265930576
1076894285.7215762,2.860867694422011
1600393.1188926632,2.326957475864634
776153.2080549202,2.269115286499988
20879303.748490974,2.53855601422079
45167989.88805175,2.5992866546791458
50276354.21312417,2.6090149613068374
490341.9532496303,2.231477387328322
17320128.139242146,2.5239562663905883
7930310.190237453,2.458979761454353
106062073.6774752,2.670745328551934
19307351.29375526,2.5317078808336637
15545133.454166511,2.5138870582771524
3013187.104534099,2.3776962356628095
985805.2388797093,2.28813240040328
37571531.77764238,2.5867662567396854
7854409.70762246,2.4607855766538385
13538167.608880134,2.5026498851994226
8014709.5126766255,2.4592539335491517
8409961.562226705,2.463983683173627
5545287.663123268,2.428223506441426
90361230.63750035,2.657995795776983
2115306.5397755653,2.3515637288029376
73205091.96765964,2.642467357333477
1089053.6017426269,2.2965295407284803
8981865.792335557,2.4699133255733132
6247111.515906331,2.4405162711422363
9311463.06186843,2.471796145456426
274406.48232188064,2.18455961467997
38599249.025257096,2.588819793560682
434800.41274849593,2.219858182122703
26060710.895687774,2.5576688630293374
1748063368.9966142,2.902334765738284
81775358.49346544,2.650437806771453
73633908.72554809,2.6437364221585815
1501534.890689855,2.321171247689826
65516684.7055175,2.6325224110359744
187294.19854424536,2.1516043973245913
39652163.06015676,2.5892588956919753
364767506.4365629,2.7725957810060913
82968335.20599578,2.65180256801948
203953.92674885894,2.159340266514685
1868398.5590749965,2.33836418878512
4343113.5848568855,2.412223860363617
290647.5093193938,2.1880298488008987
27099663.320871532,2.5596314602895522
28776271.863125853,2.5626360390464913
31132725.032050043,2.5682872854357757
3093603.985347115,2.3803482594752103
6377.288675653294,1.873983803786822
449532832.8821911,2.789670451098959
2077469.2435566757,2.3486383222035467
62757902.257140204,2.6277106503792074
2158042.5646563554,2.3527997480918605
39458522.33964162,2.5922581813890044
19782810.3127123,2.5344299340833247
25763223.300378855,2.5546177596572703
22787824.82398738,2.54637467713345
23054505.55369482,2.5449786822507683
2962610.78280924,2.37509575999075
601912.3641222366,2.246688151308008
8188583.534209247,2.459458768149831
235380.92743665882,2.1686615513462764
2045760.5765408438,2.3480239643436533
148719458.33671853,2.6999635401798336
51589302.50560004,2.6134384256221113
5263.239045186808,1.8570829240430768
3536721.2897110074,2.3919537344906296
30473487.844700936,2.5703424667797745
1621321.8215471974,2.328790002005527
301714.6919130806,2.1910460951567288
3280333.8861201173,2.3844437831619287
104814099.91499057,2.669536824377152
4041465.9557233676,2.403746833512107
52107245.19043762,2.6143344825557953
1691502.4446929905,2.3309754588121985
8418431.263703648,2.465339948920363
3465837.6491049263,2.391616528189275
23550188.18445443,2.546135110982777
176941584.01521406,2.713238505504805
10909080.545455666,2.482139483725223
5701028.997887476,2.4307201722295764
224272552.8662968,2.7320819752826546
1219667.8884941956,2.306096660093757
23158408.696051024,2.5465110760075556
1404290.0197992104,2.31650272130286
7058101.266757462,2.4497061941425082
6978461.885372727,2.4493689440886914
4129385.9554368565,2.4054349865009628
218036116.88884944,2.730478142822482
118502618.8439574,2.681609348583914
23075128.415338326,2.547502580332234
763448.1507554437,2.268694239384636
23651387.473442905,2.5454895349631927
12487893.917351296,2.4971040756727714
5306311.124411687,2.4254536762861654
122908431.60328783,2.6849359658191725
3226558.130255736,2.3823185962068076
67777.95134948062,2.067649878910251
2413783.918278317,2.3589052423086434
8916197.2014716,2.469322287106595
206691175.20246893,2.7274871485021364
1936871.9600180548,2.343847897564617
49333909.96803947,2.611008630056299
9050824.43884929,2.4711412878955317
119937301.21176323,2.6811761483122516
30958962.049040195,2.5704012649845107
4262300.595400651,2.409205421606207
4648707.223655809,2.415346483983231
49173353.009309,2.6098236144076994
1767718.3284862745,2.333711732572839
17712190.920835413,2.5249409905896467
4980755.505158943,2.4238495092672157
145431525.97274426,2.6978139593155297
22135575.762613177,2.541832741150866
8593556.685114311,2.4649603310034642
7180113.265393119,2.4525614666638367
22478398.058748644,2.5434512138763505
21456072.96520506,2.5405100538572025
202139199.56824288,2.7230256182568358
29772448.46246286,2.5667970484790126
15105541.857166393,2.5103005536665344
1846109.0110919373,2.33804653810097
63298.36031794925,2.064008319647192
153333625.1566401,2.700309194977931
205525.05906688608,2.15900671501436
7842997.17593557,2.4586004095890512
174881535.1065292,2.710970356629812
40960199.432045914,2.5951446679665646
9601639.390835399,2.475227713854414
52776.927321717565,2.0484458154275855
2005249.9303940693,2.3480578893156063
132254432.9558315,2.6914371406015314
253568064.4347315,2.7435844987026607
28252232.020951465,2.5633732620891947
59598.455584466334,2.0584606320619825
1110007.8283827242,2.2953797882059592
420483.8919221239,2.2185504549341672
5497492.292415517,2.429847251598664
5281376.088381332,2.423677946025738
111532527.2929593,2.676137568121095
17663190.52865741,2.52461098320888
4498708.170197169,2.4131779764923698
12763068.84887277,2.4967839662329103
98140605.3843752,2.6641398812379737
2469246.73387455,2.362285681289328
218869.64655941556,2.1627464856630048
105179.34353107194,2.103390621977994
47666399.7066532,2.605351813224012
507947.2504785746,2.23234919962267
72848225.8503432,2.637587375711428
12137719.105759153,2.4952562454105367
174768280.34993845,2.711649368919506
12687329.264648825,2.4965837548868444
41742612.26294034,2.594057319840297
9591983.66875144,2.4757210374611627
995274.055561561,2.287757779109051
417596050.1128648,2.7849181349587706
232501429.220969,2.7359105257394716
15108015.779521465,2.5132680982566438
28015319.934152696,2.56151032473301
2363106.33709698,2.362174987135532
41767140.204312645,2.5942764574593737
19431204.220733695,2.534215756083279
32519016.075997856,2.57394917581778
16773621.560715694,2.518109194594896
232251.27350413555,2.1675223323454564
44265549.309031434,2.601156061001884
3566581.493111184,2.393112508403557
10849746.145036262,2.482380589267492
5475315.724577751,2.4281715241115998
2377218.786161934,2.36014429447355
22621365.616532043,2.547518983138569
971410.8127035327,2.2879921861280756
15639074.931072922,2.515005114876272
24152333.237739515,2.5496551310613964
119754668.76664431,2.6793580257499237
8206276.06098862,2.4628654773716177
16264021.90856508,2.516694645285155
7176051.205209192,2.4509419691319447
1260664.9539105243,2.309309283636013
226046.14537994112,2.1684398385082857
30627268.120748892,2.5690351386166626
33580212.32659139,2.5792709536909664
2466708.683568364,2.3621651566621513
205444.08432141723,2.158719012204403
57999251.80875041,2.624276483508473
129980039.14877869,2.688657722260442
142208640.7908129,2.695565822327741
836143.1295250667,2.275802092612868
66836889.28388223,2.631810547092121
1640742.9801482013,2.331170920215265
39583113.27668852,2.5908775724251
3654788.2795158676,2.3957827757053405
131971448.53509472,2.688888879409589
9626906.656176077,2.475394921185033
7324829.29807107,2.4525399556431458
60794374.67485783,2.6249687809118045
46713753.28175386,2.6050555308411636
1647412.3710969978,2.329134560898074
22251631.520116415,2.5417849422619274
75827667.94340742,2.643789715792194
63212866.363468386,2.6280371768108255
12776070.922139768,2.4966710502699168
30339286.03042362,2.567459171821402
4964483.293473208,2.421381933393745
6990711.090142363,2.449175838672521
1213436.315814797,2.306013285198402
7125941.3015270885,2.449887891660129
87500435.79813318,2.654759677997718
159973.56828081774,2.1386433606034916
17278379.964038618,2.5232966988136774
60293664.091906816,2.6256109852070026
717641.599469926,2.26171016039746
1332897781.629413,2.8804950743802666
605053.3389988391,2.2466656839228607
8979392.119325215,2.4672416164948885
54511586.33873763,2.6184171761240176
4592729.065054653,2.415362744693929
2088583.8216169581,2.350390056342987
519020.4809660059,2.2358419515614236
9338373.954858739,2.47325636331648
1918474.247493381,2.3430019410126146
2417823.3024283564,2.360885643950683
83624.67916003212,2.0858681186935413
2808257.483636382,2.3741675566578935
16263635.767237045,2.5195375554271604
1701185.3792773124,2.333026659742722
42357732.5506477,2.5965916936889757
8072308.171036467,2.4584829792337386
3615850.363750098,2.3956081936199705
4776946.4823289,2.4157613822905266
6450094.136779499,2.4421763442011324
51730992.531270556,2.613447045030897
35841221.62049769,2.5817038249162088
210869458.92452708,2.726509777941903
3018268.233835623,2.3797743670041953
340107.62409799144,2.1985436069775894
2999891.165304171,2.3811044518699758
3942010.8594040186,2.400046440673041
10409552.605107903,2.4826670810419342
4854985.523507623,2.419136076522259
27417980.101384,2.5610739080289373
30664312.88407048,2.5680831211635566
39811805.23522646,2.591949108191656
229814773.86143368,2.734906613471531
2822140.919770293,2.3763397315699306
53846162.9972302,2.614906290872026
16095242.603460897,2.516875412260978
21331543.45950923,2.5406568040066535
294768.07910604135,2.1890748320903484
761942547.9126282,2.832841328852456
78871535.99934337,2.6493676562939354
858662.2001658401,2.2772265869790704
25402834.440297987,2.5527111479595996
5097459.289375063,2.4249889712443977
47293742.23631079,2.607811863699662
31190502.002784897,2.570421147467711
100040076.77930593,2.6664657241044054
80412840.10204926,2.650081331426192
499300.87335956976,2.235255595442008
35030403.29812293,2.5789997062286676
3374555.5206238013,2.3896476293208693
166658722.48516214,2.7082965615329018
4736440.911807226,2.416674891932701
1080319.5286764742,2.293774657604829
46406762.44164233,2.6043856792798006
67977147.9821225,2.6356529381574454
1197235.8031602474,2.3028561804935617
123138.27447720518,2.117204072180585
1609154.0732551408,2.3295720662000576
67876326.47612922,2.6323147015233506
63017607.74652786,2.628713010130826
744278.5016023511,2.2642459033910978
36459488.41795251,2.582270100836749
112212212.675991,2.6756835410153497
174642.678340854,2.1454181399813406
63613730.20464602,2.6276593691420294
242342301.14720073,2.7387796019652217
21080122.659167856,2.541120763428086
298925.86167794175,2.1903022615640007
433309844.69446784,2.7880527684305267
34753970.49853314,2.5808322166164617
2688766.9217964583,2.369973513720278
137946833.45092794,2.694552095026386
9921120.771308528,2.4777699903900543
522089.2701117962,2.236045818015617
4148382.660031583,2.403452491458757
8545018.406473957,2.467121361026245
99710569.8736741,2.6658893103600994
85846420.1291365,2.654122473111969
20634448.340896662,2.5370330557454257
988675550.2541634,2.8548302803340713
652065.8411857657,2.2514221928115576
4316332.5364000285,2.408335033226213
5045794.5659993915,2.4200005559757862
2516398.521604998,2.3642906699006567
28452556.044073977,2.5646161744343092
8255560.587732586,2.4615996663029405
160660065.05584428,2.7060098408324995
16354459.762503885,2.5180092591976284
5956347.849480664,2.4364025058842635
107379037.32310939,2.6701830024738
30725582.490012504,2.5689491010925662
13429.692294369986,1.9368565244824616
16949732.737468336,2.520245205617239
302531713.58879995,2.7570766226469416
3953224.994500135,2.4023969662050315
98823.90584475343,2.0999145401048627
11661670.548855076,2.48925324846767
148207.6249636322,2.13454434454947
5524354.9634839585,2.428478670394953
13967.42813569706,1.936263145545162
3104459.446959317,2.38229722936011
2669671.9002148155,2.3698035515171005
1423064.0067903972,2.315932353237896
15924.801223721122,1.9490563095486826
207084286.93499517,2.727070395365832
350643121.295108,2.769207323654248
4587932.632762715,2.413605932949453
4039222.357051465,2.4028291288665984
4617160.940766264,2.4134787050321718
38122434.24589806,2.5867623667602024
53726791.64532398,2.6135792572332153
20035623.831792336,2.535723076563828
11862715.453746209,2.4932983544239584
40824197.85356403,2.5938539476944342
95728283.33026096,2.664187312535136
15510893.333631497,2.5141398350889075
6270.770749892015,1.8708163486538631
18892677.999633797,2.5295991726013662
7938924.421120809,2.4592221797335325
77152408.76789597,2.645495041278249
4848602.861751859,2.4160814899103733
29274074.906256024,2.5655099636860133
962734.0922725319,2.285113201357232
48621016.80510712,2.6073980302393887
739460.8415966957,2.2692054721468904
328008.7902423372,2.196844659341871
199602668.31785128,2.723387881291313
87826540.48611383,2.6543460953583837
89492578.59332708,2.6563757204568357
438707.9038785869,2.222753027716686
21463365.29746654,2.540357517035117
13579.38579207709,1.937260766961462
25208455.908298288,2.55353658458477
5190497.079675938,2.4250423485850026
499588.1875860534,2.232617975451472
13484813.828723056,2.5017671334629963
106548456.60961923,2.670724997308718
392770462.4340376,2.7806324178696253
40723731.680671595,2.5920940980423044
4860802.408836037,2.4209653534205855
1842502.2448838463,2.3400363580093098
305.4432727348204,1.6244171408960628
90541736.84530438,2.6578524619620025
115174478.73340087,2.6793033611858847
68522642.15555497,2.635432149352023
15338630.611207277,2.5118260691099077
295665868.97082984,2.7548797853178857
522128.2581257411,2.2347192479520235
108119.13683745686,2.1064438986659924
51108065.34107695,2.6126296667325732
3650302.150832578,2.3977475034389486
53171592.36470175,2.6139718348771495
119822.48966106998,2.114811639245733
64492347.65489924,2.6285488015305316
1586985.9640401423,2.3262294686101295
112155446.2795189,2.6760138880316773
101579056.93403165,2.66724642487863
463407.38540447305,2.225206426854881
59539.19885126516,2.0555480185422357
590407.7157538214,2.245157439238244
35621065.055221245,2.584026022496363
26417490.33370668,2.5573342042883165
5742282.013406473,2.4326495847194134
50413019.184367366,2.6105070224587528
2170943.8678145986,2.351088974673584
3766504.3448072122,2.395580048952932
11404385.397944406,2.488548314029179
5864030.62230013,2.437076236214894
259657.1925865434,2.1775897804111253
75698343.82931697,2.644320375027954
86346484.4356363,2.6544504734201433
19158832.558157016,2.5309967659208836
183905862.30948037,2.717403442124031
42518442.593278006,2.596772771519469
8140316.298583323,2.461258020353146
26867695.33417484,2.559756909361257
1545.7551041250513,1.7566891745576636
158108.7014360033,2.1389876962331305
38273676.38020798,2.585470488481153
29090.430389221798,2.0013039963562136
15661875.838736756,2.5144400208988666
21646564.484060034,2.5420192411642133
65591284.882183395,2.633210232939687
22882944.910797797,2.544747630117787
104047006.37631524,2.669173290063622
397374.66786413407,2.2117709506699095
21667055.001952764,2.539253948279278
3021566.6867602407,2.3784865770144163
56103864.32077161,2.6170576700934634
17864575.273111288,2.524927620555629
9250.796155837073,1.90414162214147
7138809.605345586,2.449736540860134
8032102.821284018,2.460254636664484
13415534.538360601,2.50263343977329
36881913.04008919,2.582887351477311
12276925.374243964,2.4954406161035396
27526685.31639443,2.5603453960841493
1161694.0091957108,2.3002343313625575
128008.00490230152,2.122412889393611
149867343.0807569,2.701417401216615
92593975.34148224,2.661884145451942
1365513.5533593372,2.314131821632231
345584647.00112295,2.76827466659524
12531266.557818975,2.497251831242633
18304030.745414503,2.5268763460908765
351302.30265925487,2.2024981039723683
43348204.382837735,2.5978912714458526
39494.56293896273,2.0239406115599743
1781137.1522046993,2.335479838999467
17287594.778772,2.522245201156084
1471853.6187137726,2.3202527166824787
2391585.731923607,2.358173325441604
2730603.026947744,2.3714156880845336
30983944.22937693,2.569566082575585
26283278.36267069,2.5576531163298006
1222001.6119838427,2.3067755132390184
16182829.422778413,2.5160931458730715
2467904.3484217306,2.3647289136379306
27762913.3557772,2.562653113097225
551664.1726050565,2.24112334687024
76469116.08761074,2.643363546273605
290776.85259591584,2.187521475275135
3763236.517306729,2.398508235253427
9565612.989576569,2.473425144015243
715853.0220726512,2.2623530680210653
20623310.129708186,2.5368426230246848
6632802.624483936,2.444069830175963
444178956.18487346,2.7880490107582725
11182797.13044629,2.486735950431033
11393158.93427256,2.4889504728928276
45363068.929075904,2.6028371116362736
4104396.466637647,2.405659009229259
7838596.627738375,2.45865406168546
3327740.1441434626,2.387596489001562
932374.6245496828,2.2855745985703706
18487965.720583864,2.526962328079194
42252041.66514249,2.5957127013662977
84849713.35934696,2.6530193045730877
18222389.755258,2.52612916320486
90035495.34497352,2.6552069759639063
18472393.244230617,2.5274458145585026
5953105.924071817,2.43525944384738
88400526.59964551,2.6557072103981096
85690904.27815557,2.65445385730661
421640179.9186675,2.7840922781819577
2650036.3989238446,2.3668856324551046
452197088.4751116,2.789177980312597
21483678.914768964,2.5435184540038915
7327169.537699277,2.4529353117959274
2665237.4430265827,2.3693586489776552
993416287.305806,2.854348771815942
252554.646224152,2.1762112683933568
6971814.602621505,2.448202771960721
48572427.03743746,2.6057248764139103
7339507.840734924,2.4514941605850584
36299102.678617045,2.5836229903728167
26230031.185263082,2.5565163862668197
14520221.813790616,2.5092210677975135
1554640.0690950006,2.3233761836743967
219367.36758435928,2.166835467766061
393001.85758267867,2.211143331243732
15539314.044827916,2.51538456848743
146011257.00908768,2.6954891207407523
3476642.3523455993,2.3920448148279605
204501471.94366556,2.7258913269044305
53714282.04829696,2.6157911864974395
1173856.301596866,2.2997069328489808
2362791.02186108,2.3582309580826486
59648280.19814177,2.624236767610409
40115003.61822632,2.5935108456624256
946361159.4201095,2.8525843647560167
6403957.026762956,2.440285562177294
307302.8534865275,2.1928757244592156
67547807.7402543,2.6342553537115867
40614323.06234875,2.5944385528749367
5397313.863882624,2.4298885117204803
2229892.913631488,2.355832485994488
22608111.077733018,2.5466313632657047
24375710.821742043,2.5503296065636074
6019797.662694545,2.4366952074606716
22551359.871765047,2.544163118969182
550556.1494835629,2.239089797671104
61829.669983708096,2.0606181546831195
6952419.2591965245,2.447189603800508
26158540.060017828,2.558201482373551
725580.5173708582,2.261330305190378
26583170.664421935,2.559007482267286
58214885.660482235,2.620161443996483
1241631.2364059298,2.306729592570163
14853569.99620328,2.510114954495052
1298889.7418450622,2.308492771197555
768568.9362419967,2.2679261253239917
18364347.537989024,2.5281706657292884
4365062.7056499235,2.4115662207241493
93943302.05721322,2.6614246835589186
749189.5859003491,2.2661403650177476
3210253.381220989,2.383729304075271
116174813.36944164,2.6785325334460977
7926931.545416894,2.4592495311066243
19165383.89327123,2.5303527105235184
32193574.40931495,2.572879532444956
59799064.187943034,2.6248129841286305
21051665.313470412,2.5377254941038703
745605.3678593904,2.263070212460156
72984877.95378797,2.640778411874338
10513160.110877192,2.480433227000414
68635771.85169852,2.6342309167961244
62390229.63498878,2.627167727262702
391128.22692098765,2.208924658250014
377916426.41576403,2.7754428441752963
153937576.83179507,2.7013643806765746
56446216.70113025,2.6194883039337733
5835499.105854652,2.4339802363481784
1299139.1406230698,2.3086292588516804
31651214.973033547,2.5730257732340847
3844323.7993946583,2.39912700506071
84034520.54069783,2.652603314051714
5553527.977626504,2.4303977443993117
1680170.2581072832,2.333114840510192
4046840.8682217794,2.402520817367758
11227850.164061137,2.484607081636868
8170918.110539428,2.4621855053642623
55217.29612088339,2.0500115012668494
25477572.98571149,2.5540087823577204
46700111.14416829,2.6028162875832175
1404301.1682421553,2.3163134580792595
7446.9228626370095,1.886156696349318
24563879.468091205,2.550050697322104
63683464.010623336,2.6302485112023626
923235.2136494651,2.282474193106439
11545253.667300167,2.489905279989838
542138.6030939776,2.238656416068212
17759740.8113407,2.523144189497364
8460331.382766588,2.4613153961261314
1078810.0857644954,2.2967178454383874
101421838.66004783,2.668314969318696
20900239.313594446,2.5389570992974955
42895993.06554429,2.597538396278855
36284437.14315678,2.581239733488463
21806084.26862922,2.5419043564066635
1031065.426429359,2.2921564708014155
373661.5508124687,2.2088653721848734
58083991.50307938,2.6201126993745376
143078681.92200205,2.695716587744438
25799063.155738186,2.555350689231366
121739243.43695417,2.682941295690126
2392628.1765886797,2.359456014666976
166302.22876732878,2.1398396135598605
75987813.7636418,2.64301808651807
7862374.27712935,2.4580367891428927
64238759.40440946,2.6302270232206455
5074018.876661091,2.4245272087342844
3817796.78421856,2.39951458651271
393385.0218728913,2.2108465684306484
17291422.756575104,2.52178144668854
34262535.28906032,2.57901844312253
30496084.197027728,2.5685889971128213
120466590.00312924,2.683083192170497
78542894.43051594,2.646435650492902
8695541.587403283,2.465712136941611
5114291.07919213,2.4217059995823558
21719653.57312444,2.5423041805066626
20622995.312640473,2.538123864614508
56496.63827356629,2.0542205856598574
1324202.7242581085,2.311369402409426
85538930.42316261,2.6526891360737497
33465068.395311113,2.5763260718730128
73342779.13465063,2.6410005738474447
10096391.95502441,2.477766062343509
2851375189.075937,2.944247727503029
29399575.546490967,2.5649901712555736
6874033.706118682,2.4471579143110054
9785671.2522803,2.476987714291617
61703684.66847522,2.628188330940955
24075989.189066563,2.551606851219388
115381.66465363467,2.110210833749531
55992531.362739764,2.618396772571784
2328.85786254102,1.7945253603526297
53174241.64495756,2.614349141342257
5305028.276480239,2.4272335131967777
186899472.157207,2.7159669427132713
3184760.5301202484,2.3847826077739787
7788344.621397955,2.4574458589323123
1765031.689376713,2.3352234714914624
1656707.35479119,2.330441731318714
28121154.710658334,2.5634203407792464
411143.3467954772,2.214472277511707
3981681.6243391978,2.4026331339479956
40728758.55185343,2.5939467699903975
8992280.146238606,2.4698798915881306
157986443.3726535,2.704249540715608
85142063.6655084,2.653899841569979
25210459.031464975,2.552472167420261
1319692.3038378304,2.312146229436641
133553657.2640338,2.691574963688347
14973075.29147707,2.510179701898308
5460821.824655718,2.427747517636982
549537.0273342129,2.239617218672395
19933487.893854797,2.5343633133718853
37437952.863182746,2.586085617533669
6067720.927230406,2.436835138051162
1754066.5269541824,2.335498445525268
30313855.985357348,2.5685905640278164
5987629.712852413,2.436614810753506
1007446.0823238656,2.2895931805479073
695880.7332841238,2.260329525011156
18484999.13426778,2.526596165696873
2774162.3745905934,2.372997812865754
24326066.344331805,2.5509919664448137
88282787.99849243,2.656492814808617
156536179.4881399,2.702670157417305
11172770.602010163,2.486180000903485
3502011.885992068,2.3900085752380105
670232.7920947729,2.257140174198541
12298881.132727152,2.494474954488136
97429594.72549811,2.6653263395776903
27245.434967767156,1.9934014618447098
1792702.077186432,2.335552525610643
46776164.70864344,2.6021729473847017
56522831.81412518,2.6209184954308253
2680779.757261974,2.369538573886989
1083856779.4472487,2.863713347890602
500570.4906058951,2.2334871182781226
4932989.91236793,2.4216247798473693
84132.83093735925,2.086842685228211
67415504.74178697,2.636661733571687
129485633.56767926,2.6882137575064635
92614352.02752693,2.6597213820758006
11272048.910348434,2.4871046401606107
3261687.631609547,2.384808785996692
12782713.889201337,2.500026640880959
19988080.280796874,2.53672860608407
38375877.84801541,2.587717871579658
54260638.6396781,2.619288116171641
3131765.61338368,2.382961143634927
323430510.22158843,2.7628467785270026
12001966.203978138,2.490758760340735
1046233.7781687134,2.295504050044462
66268223.26004623,2.631914363950131
60247397.58479905,2.623903069810497
2745349.280493763,2.3724631851403015
905201.7105257664,2.2825181464384436
24819325.618065644,2.553886684167739
5800459.752596047,2.4324013697995164
5247648.348443524,2.4243839429496536
1625272.2059488138,2.3275421394235654
14368527.684994517,2.5079876660757376
7172947.952102003,2.4503489233823292
30360141.3341024,2.5695552305066536
17686.96180992118,1.958160574237686
11134300.812757788,2.488469245144033
966247.3697438125,2.2883278038925057
2127173.427454613,2.348506399243888
90125571.46415588,2.6561178250493156
29684493.329116765,2.5669779243381368
1840457.6555030793,2.340226731390668
13093999.771329083,2.4983795455628024
18564534.104838505,2.528682860458506
7602594.971881215,2.4562971276197625
49038503.472615965,2.609542505241421
6845121.453433441,2.4482490778927164
77868344.63455068,2.643761589788567
97597778.60060808,2.663541225643759
2207822.5352257327,2.3544553661023526
54543376.93484148,2.6149956845109057
14570600.300704964,2.5108836258032188
4604251.410765261,2.415228683371533
124112550.72437607,2.6820414184626933
24278011.02922119,2.5509692033708413
91697019.29504357,2.658724855349047
61210603.20045182,2.625060179913747
24280630.271201752,2.5500547722056663
19833021.996197674,2.533641417367886
36092681.22960204,2.5835422933580463
18296886.368489224,2.5276217974678206
1276648.4761930057,2.30897030275548
38013390.79693701,2.589475997001874
7243107.777887642,2.451558267210264
16168228.336828005,2.5169710080134147
953193.632432359,2.285461249445074
6974758.875520955,2.4481538517975667
23879958.326890726,2.5485704575180903
24343797.36518366,2.550302243640977
18157410.226529278,2.5261919611033146
5466892.433737828,2.4279831739925877
74864942.46627198,2.6416996888087474
73042769.97890168,2.6405213810753394
17636130.568928115,2.5250336733239416
973558.3603086616,2.2859524476180986
98230228.14478393,2.6643282750112767
67938081.18958767,2.63620459824203
2451194.6345579377,2.3610418274168827
908115.4429673451,2.2845968815960367
16291965.167460812,2.5177704305535187
3587396.3995261015,2.391513958973758
20463166.302345976,2.53668121117787
184715.53659395405,2.1517610188345864
85972.9355509986,2.087310419310577
44876982.19444583,2.6004514492115502
18373465.77890255,2.528184268644014
83339912.9135502,2.6518813514260233
88298523.6430633,2.6556749963338335
76529.19317382223,2.0765161714546627
133280944.84333818,2.6912370146662465
65178.316556699116,2.06610980551861
17546341.041216627,2.520599524789593
5911495.926523051,2.433188977453583
49920287.98758728,2.6099168112098794
175345431.4293472,2.7129550683917802
10016061.942567319,2.4779981191805707
410625.9735890925,2.2130433391719144
141779897.26008865,2.695688986445208
4998379.5666661495,2.4205960949161303
1457482.0495735053,2.32004905297858
14886381.172370754,2.510604103904872
1034174.289691257,2.2926633399128233
166652951.77076027,2.7078059458649264
3991502.0237362185,2.4020461692925648
38934.355735668374,2.02260101865132
11288196.965743452,2.4897735297874175
24188648.247762915,2.5505270357186207
26537892.6608672,2.5592382979276085
12181654.596115882,2.495149905662516
2644170.6601003893,2.370384518155525
7036778.035066735,2.4507514786902123
20117630.812159386,2.533718943052995
8082168.241229006,2.4610259500322487
3978689.2727228426,2.4042655025927075
59063470.396359585,2.623631070393253
32840631.010440733,2.576565195821395
12527260.918654585,2.4963224534839488
8107754.511164942,2.45954950052106
10076216.51570095,2.4766460683222076
29932822.00677405,2.566971807927316
76721842.33717068,2.644809386837084
29645982.301603224,2.565794454209351
151743264.180074,2.701023796795272
29913967.514096167,2.5655538125972575
61115667.35477683,2.6260128959093985
73519200.31166938,2.6417036308570174
32736515.44106454,2.5732075268578956
93793019.563698,2.6625527769998305
498632.6899224775,2.229792199897403
44926681.552285165,2.5990642174748144
728691.8373455256,2.262534557206235
6717626.07748179,2.443969102634663
8168497.398064821,2.4616385654470747
499334.69957824063,2.232636581301589
63137008.164407134,2.6289030782569744
1933360.3243424546,2.342863975376367
15051695.412216868,2.5099927986204675
6475642.810675164,2.4409038800851413
481793.57247576833,2.2296590313971496
18650133.73153815,2.5303428532896177
177005187.22816646,2.713525310157974
1563794.7027199601,2.3259850198759633
1315753.7256886873,2.3108297500419464
384993.3852624714,2.2115103908718408
155245.49752365483,2.137968226381411
217539619.74766427,2.7317310587024366
10236130.993557686,2.4798834648644186
150021919.31535637,2.69894245522332
90655429.00707412,2.6599652679421317
1647730.3530908374,2.329524605330152
10047203.834665187,2.478007141054504
623398.5571308293,2.2530101244261553
61240730.19331606,2.6275117887350223
13930571.174168803,2.5052359549282555
14885547.107403368,2.511621385541719
17105454.041954085,2.521089002213021
50749633.120826,2.6109690193204043
52280150.7100194,2.6132906356036716
8490356.112465492,2.465560811552054
37227069.139074795,2.586287497628401
17445488.34264037,2.5249776896603016
25617073.590297215,2.5555880015463415
55898806.81054411,2.619306122947783
44373215.42472779,2.6010687932634466
13676.962417318671,1.9358522965631115
21062659.793754086,2.5379886911305922
402433828.151502,2.7810660149989097
8721914.096756821,2.466481621702629
33266762.717012282,2.575415125117691
126837098.33934343,2.685218114364486
13337750.434093276,2.501786589407893
1735247.4083761286,2.3336978147350567
146137091.89975375,2.698047309551146
17524569.06784779,2.5248633180983675
8664446.542328665,2.4668667256985555
50565128.2045159,2.6106146805732395
21488042.816051736,2.5430508799144347
2263042.8092341246,2.356614604882465
48213495.21910325,2.60797200269096
41754371.79181931,2.5953662348373077
101404968.33730608,2.6659564990034124
33944851.58736258,2.579478075879625
2474117.3149095974,2.3639460856087937
16523573.646001764,2.519767139568168
6551626.746882444,2.443428880287058
19544366.422053453,2.534179556874096
1626946.7358631715,2.3300053973075783
28658204.138641443,2.5676674877330785
130281496.88884585,2.690752009599095
30241776.989574537,2.5687398312955807
5224137.755171639,2.4252099570556878
72879156.49964371,2.6389306337515195
532159178.6789091,2.803440555161235
1794456.4116580002,2.336374579191994
78583525.78161448,2.6470183003352608
12254592.235376123,2.493146759901606
164582944.11544847,2.708530249231325
114043.79390102394,2.1109823560958305
11989033.204034142,2.4920256101705016
3890353.5924026743,2.399048272140487
13867.769388713998,1.9383150688329112
25471433.705824498,2.5532792481881885
196977345.84896058,2.7209748131024747
5848203.5363542745,2.4349893835142233
11891539.142215889,2.4926468937020068
118881130.75778334,2.6798962628401806
39574485.27616158,2.588921065386927
41370075.96196479,2.5948466834300543
296297223.6365799,2.7570541107529882
26086316.588876087,2.5570456893463853
5870791.693367621,2.43648204004571
28479066.311208352,2.5615486540288597
23117629.680888534,2.5464853162901124
54512890.980765216,2.6162285856111596
4521428.0988920145,2.410962322732003
1269018.767954719,2.3070739022842144
6544160.886809513,2.4438173435657737
550.1623165695177,1.6726641207344632
11510245.747213384,2.491334056526254
49421067.3832724,2.608972385174929
116924129.40115824,2.6796415949435506
38863112.07141256,2.589336553518972
350482524.5480358,2.7684382606360276
992204.6896236772,2.2892428873740305
34523974.5210387,2.5774565503809432
7602815.957836064,2.4545561436659993
164276828.3736146,2.7081269110177097
4731043.023926238,2.4182269083852153
211436434.351518,2.7283563246365183
17771459.558348507,2.526218789550059
92312.16321001598,2.0936763541883594
79181785.92214842,2.648535112018612
370833097.6515051,2.7734557854206567
49795389.53878537,2.6103976760707233
24475315.01315349,2.550564391424269
686113.4302719663,2.257343511157039
44128660.36845744,2.5978222250917256
6810132.755300214,2.445247653260849
12701867.497210728,2.4969675762512793
76478.9410694708,2.0790027781569007
20079088.939711828,2.532903917764333
116931061.21913747,2.6781250560913796
119773667.63953502,2.680378740071951
4836.617533252882,1.8515478415656705
1608092.8201359236,2.328497030839197
65043397.02658595,2.631461955651662
3847439.279659188,2.400016459549388
36326405.928201474,2.5831282481299986
786.3091695780812,1.7049899561627198
379258.4790655336,2.2093278178147444
743653.4763092512,2.2652729281899036
27452296.058188047,2.562602492762782
48336382.713236794,2.6055430788995912
39357388.02691244,2.589359410116711
7786234.883689476,2.457367489307208
29816702.97727351,2.5680344052795565
573438.2920564208,2.2443273551402756
1472676.933985145,2.320713620382325
102722564.28707244,2.6705916412400073
98320540.09007007,2.6648838598504274
290522903.9755865,2.753460773432623
14241471.032296646,2.5077952183002252
95250816.35482414,2.6614268717115017
702228.3355139067,2.2624804875600986
237248091.27014288,2.737425060890305
2231717.4240065264,2.355176636333092
1015941.6577742075,2.2896654615644807
14618625.939752415,2.5098175040358446
3263005.5417272244,2.385937475229862
336877976.95592535,2.7673420455323807
229743495.80834407,2.732798062835232
18764951.964536052,2.5288672733038586
7212388.392187611,2.4522302228614565
166178.67988255693,2.1436446813869754
7157178.400330914,2.449465145090569
1904764.6022808359,2.341995338012016
11353548.694831172,2.48715566287195
746037.5398487108,2.2622189893546625
20159012.602272235,2.5363131342035308
12510829.042517789,2.496456895275431
5042004.0134645365,2.4231237980358977
910042.9069580173,2.2844863859580236
21112527.561636433,2.5394060035338986
329417334.5899535,2.764733894459685
2204799.127232081,2.351596680528817
10585216.677908905,2.484310887083932
9147963.583583405,2.4695417411478746
160938437.12399754,2.7070458912721262
10686105.526104212,2.4857359577384006
5650386.1363225365,2.4298050267699924
1204019.2558920034,2.305298704342027
52994702.682068184,2.6144478506798436
153948542.798059,2.7004925608518806
26772791.841114506,2.5594548311965934
29608649.084488902,2.566310391558725
2946796.1236964604,2.3757690896328993
36879537.35537311,2.584445537469134
72596391.15452734,2.642218922237515
81869622.02601133,2.6489258261341178
10166972.1430757,2.4802534078044416
93254047.80040774,2.6596657623361755
17785.940941875564,1.9570328878603345
18855495.273878857,2.5297310630547525
4075584.675326933,2.408091684825972
60054893.0579184,2.6239627002737027
91483.29874046509,2.094472563718429
23774095.49779553,2.5486892421114806
29829193.0680438,2.567263765808638
119725.98268664912,2.112854016826207
791352.6223709645,2.2707647375323825
2783592.8770308266,2.372330511490349
2460880.34073976,2.364017371928176
69032653.743017,2.635459329971003
1123855.2603897052,2.301297533602398
942476.0562946727,2.285932490430665
107575204.91073743,2.6735455765560463
1537852031.9049504,2.8925394976267986
66107695.699042164,2.632957995727356
2977754.6881639245,2.377879162837689
79297.22056745218,2.0805340143907123
3539328.1869592913,2.3944317427337807
3113403.299959142,2.3809872727425256
1810683.0014728885,2.338349931970851
2882419.68741068,2.3768354457464795
2339982.008397687,2.358731026588231
2006589.5821286596,2.3458299869563377
677821.9266289158,2.256600418644437
16820977.918744523,2.5197338163166005
2757874.6072460744,2.370548756373045
11624738.291907912,2.490927244416246
37534458.52094252,2.5883593541461636
152951771.9559993,2.70139946302125
21836899.299685825,2.5425846882869347
67647499.33366607,2.632946891632976
206938502.26198643,2.726536826231733
1973434.7198774903,2.344100933526811
6781875.353147605,2.4451787611874605
100639445.69520022,2.6661818888973494
14114252.571456,2.504867162103777
1111141.7812219465,2.300901668607585
324240854.39939415,2.7630220823217524
34237044.49629145,2.5785765068297994
8150443.783451912,2.4641334763708467
276644194.5807737,2.7510834859720865
1564892.71186104,2.3271471304611993
52051684.877388574,2.612361496070313
1357078.6745042591,2.3145408080405137
5203497.53808836,2.4239119887038902
336036870.8440385,2.7646126581754684
5808246.459953129,2.4343775786519126
322437749.1812219,2.76169904866717
43034437.68754952,2.5975907697546528
303801.9292353447,2.1911275217771533
9835852.482565949,2.477963342287111
94663068.87669338,2.6604934492787704
8344471.857190232,2.4612788847699
19884053.99152832,2.5330078249560426
18132001.23841833,2.527318060511452
6045272.9708054,2.438223314146636
4007800.4008109923,2.400883587318099
160550309.8623906,2.7047650888770924
35658431.95109709,2.5829870245611386
119692289.60063407,2.681903868399053
8845434.578797689,2.465598016500845
351094.38281287154,2.2036783619977296
11770702.35303001,2.491762347729151
216765.5250125165,2.1626490473483164
125181136.42023127,2.684907032389514
45071637.63522286,2.603036267683213
45714757.82772426,2.602646908144748
48960938.01932652,2.608227223452624
2276567.069908385,2.3566349763916037
90649429.71179259,2.658336347525739
14381817.335735742,2.5064284719822107
39407.190301349096,2.023529252661563
47180.75381897014,2.0336214831694424
33790739.938964,2.5761823212494934
29495201.350357626,2.565235144567239
7547711.818108423,2.4551233882078076
13880823.844653385,2.5037951538764176
10041977.446840998,2.4799980950549294
7457935.396637941,2.4541492228350186
925921.31065565,2.2810480596013383
1037990.4089889004,2.292294091009727
7682657.021654884,2.455706030927343
24442325.286424078,2.5496922517277
27902359.276343636,2.5625328076796903
60880954.92443022,2.626197351611409
21380.575290266795,1.9738339038208799
3022562.4419218726,2.3780332208231623
34082308.15785413,2.5781875403177916
2461209.543034942,2.3611709267094643
2474106.97067723,2.364041299682866
36112556.34919371,2.581673848610065
313704.84358973056,2.194564687881072
987127.3795222049,2.2895183852787393
25744622.05906541,2.5560133338966113
4714277.020343123,2.4154860272170224
16337602.430467114,2.5173173510878897
1781660.6482405895,2.337671250425465
37073587.39282438,2.586677245507486
381751.6642920398,2.212397186381047
1492766.9977115078,2.322146151217057
63134804.568295546,2.6275531010219266
12067886.494532919,2.4949743684721155
12376085.011651386,2.4953417840962007
95642810.53085302,2.662559857941295
6353731.630537335,2.442064759809853
26909829.788296405,2.5610715190765094
2093322.6955499877,2.34783083203206
21035979.770181246,2.539536852596222
5307249.802534454,2.4264635842987863
481946.9367856119,2.23340334230172
43503424.746394314,2.598027082453006
731458.4683260053,2.2650238818224833
1045316.1651536431,2.2924162291906396
7638860.054983181,2.4571321939151973
81569899.46355753,2.649096310927353
20268239.69335693,2.5344574020437625
3759543.052391351,2.3990874496894463
54799027.43916737,2.6151861014825823
238868.43505365925,2.1721347510185685
57356667.95090745,2.6217850631764623
423816.2613236256,2.2190479417500812
8866491.894811202,2.4673039600199567
42822753.213215694,2.5993706491331188
3782893.756915802,2.3983567474054577
1642259.1362299887,2.3305909411571553
279342709.73269725,2.7510839354876375
2868834.188709378,2.3748488818002538
8781331.80470741,2.4667335076893773
2544645.84792532,2.3661321174507957
16432729.410562469,2.5212792190611917
7963153.310762662,2.459057325914793
30498629.752789646,2.5693236181148102
7781118.023740788,2.45870168340865
2637345578.0274625,2.9369373633365874
1551779.8845609236,2.324795183362482
19652196.051377647,2.531658114793341
1245974.4597253024,2.3070136977017555
63702058.95516238,2.6302128058611975
912496.0999308794,2.279564016413766
3873327.2045303695,2.398574282870132
1393717.3937484226,2.315949320347022
43610773.41002677,2.5989466379522828
37260381.712291986,2.5848603860781747
9081438.776326828,2.471268682455148
23835522.889588587,2.5481715901868642
828734.8478541219,2.2746328396715945
131647815.81347363,2.6892452223510968
272780106.89553165,2.74873339145372
157018132.6862733,2.703682011827647
850376.802561761,2.2756782598302565
21968267.765731882,2.5416328982435243
11804219.7492525,2.4925875002906364
35906325.95200406,2.580971468022641
2668980.2019323865,2.3693033939139134
23059530.57027721,2.543784336379635
1499928.4541178804,2.3233689855333988
9249111.072925372,2.4716669465760615
88373.46795589992,2.0887079566121907
5707179.7208980555,2.4310759969199576
30732210.7715253,2.5713032480509446
2369204.859368255,2.3610600284429917
37464556.218302235,2.586564714953484
10852193.522385502,2.4842540628695082
184055.4564440593,2.1481277693689145
193621476.9036941,2.719063234304499
11440999.20447584,2.4914661819875072
86184522.94073036,2.6542649909275013
2126504.138552325,2.3494740231892406
49641578.71193866,2.6113075383795197
4294172.1121965395,2.406287309199775
329395.57666999643,2.1959393326994685
453907.737400765,2.222973415478277
63319.64948317692,2.059330358019299
318275207.3913264,2.760645857913646
31062668.430934984,2.5700718308675863
27138019.62793786,2.5604640662388682
150127664.9903015,2.6996897536886166
187109.4193830625,2.152103088219663
23445409.149327658,2.5477090645081732
691893.0071837268,2.2566622681728825
34464008.15634397,2.5794485393766347
2906168.3415008015,2.377168876903688
6930510124.020296,3.0154485543810736
21738979.567663737,2.540766975811397
319164.01191617304,2.195803088706736
579234.0689118131,2.2413516227996997
19132210.63211202,2.5294965151108557
1188243798.0733352,2.8720390617029357
65579534.46847604,2.6326296347055433
16690117.33908299,2.521476507995736
11915976.1799697,2.4911443245004508
1357771.4092502762,2.31264536606997
61172468.66533786,2.6256167753556907
136478908.40006644,2.6924403188116046
140434598.62042797,2.6949317193993605
19353609.544855796,2.533730631067111
3180690.985194579,2.385405565570437
406953919.105604,2.7805080251088317
191321392.85729885,2.72004078048213
29832884.2269225,2.5687702399140186
18748392.57061955,2.5308430272281135
80099677.61607623,2.649222384339854
137522.7651996237,2.124767189651154
341736808.1657624,2.767635581765504
4238703.356069447,2.4090620064061588
6473523.84237773,2.4412767759928733
190619895.54306144,2.71893155438157
19537307.136129666,2.533316711510445
1042084.0035652389,2.292928260689593
63245.013372467605,2.0606024934880858
338137039.7460266,2.766183078745966
19571716.112110104,2.5336862483653553
3260206.9673595885,2.384416897610421
95669405.02416594,2.6625418337393594
18434345.608743344,2.528948249864808
243640.79837556777,2.172199568717213
350284998.7949352,2.769887107335266
41071306.280591086,2.5935084613560284
98740404.56002088,2.667583482994547
1071885.1378337112,2.2967858977803344
206530757.65258408,2.7267774107016205
383995.7733656095,2.2086714276142847
2357739.3878530194,2.3568317333987396
38040084.752300486,2.5886256188827543
1211198.4769400149,2.3075294749723994
44786792.17569484,2.5989779583938293
22330937.070190962,2.544884002750441
289059.5610646983,2.187844668214794
1882374.3127554427,2.3417071403183645
16123626.523722023,2.5152192808684224
6902572.134743662,2.448248887529538
11286.765951221148,1.9192640903242815
80445986.02355753,2.6470693691341385
21517291.929209918,2.5417388988554097
55698313.81418355,2.619579501679639
6543753.691412572,2.443640634073883
25040407.310403436,2.5521157213669277
353125552.0972163,2.769860314686332
45230003.30519515,2.601158401141149
402935.3315466346,2.2137482870501524
6613375.447309509,2.446138941898601
109988640.8229071,2.6728127564809916
62755991.18938061,2.628611143131844
9630390.566285556,2.476316324710721
3781.438230385035,1.8307307882572073
194421350.77483118,2.719078507505367
5492581.466575679,2.4287799058135446
9018341.60573407,2.470589751232677
17053304.31011993,2.5243117046349646
499123.6053274498,2.2333423124786593
4522451.561510618,2.413162065787714
8820304.14219649,2.468683766561003
110940355.40947603,2.6751564243030357
1394971.6256346116,2.3162494170013614
25136224.14522323,2.5541604252816206
2727818.952449793,2.373529860639951
954001.9525439504,2.286162810284535
7319037.658885216,2.453296845130337
1689885.169472723,2.3297024956104577
124341357.88738964,2.68398382491437
28690334.59577059,2.566028765457659
31852422.928404193,2.5719330592718217
7650204.764409823,2.456517134081102
18032371.65196233,2.5271243966761827
7977159.102592639,2.4574238659332126
193252043.5255871,2.7208770080052314
5077336.309603831,2.4230136742760005
9472580.864729015,2.4741567796484745
6295146.378298339,2.441481965971307
21404882.46705618,2.542816592780266
252281961.36067554,2.7414263921754802
4639588.755610274,2.415824650042866
396174212.5794497,2.7786425987924503
227420264.23167467,2.7358143628339118
591181.2430863762,2.2452821960078713
33503815.59656458,2.577826744055743
49775.157143006814,2.0417202056721186
10366185.004228842,2.4823507422177005
36481579.32921194,2.5834528028133343
76199215.06145367,2.644837856245742
10601605.041748973,2.482493003817281
132796226.4058651,2.689861185386821
132385934.5775551,2.6893880650558697
36255202.71051405,2.5835061203332437
6158951.092581758,2.4371139180277446
37532749.96962173,2.5858237169949967
1170484.5092124555,2.3017844823982787
630638261.2625719,2.816804890239735
261863644.2240028,2.745344483815256
11183842.406443337,2.4851269815707995
174209345.63117293,2.712749296225879
878025.680334939,2.2796971073846435
64357934.06614812,2.629465490750515
300650336.0184666,2.7573129748090452
45565079.291312516,2.6028229565517598
12344322.577053677,2.4951525001008936
3310773.5503298067,2.3875305776325964
70226.11066900019,2.067743151831462
4086468.4664623174,2.4057972909359355
69131439.27102363,2.6388631263074993
17305404.52814725,2.5232732316724786
16674899.248752775,2.519807970983372
11940431.982575633,2.4936412730950313
23247762.783314567,2.5444956205932816
13062079.949421884,2.5025477578001207
24055991.378981348,2.549552604446695
25069513.841207553,2.5545520498223384
11789297.083223075,2.4919464510093547
1768846.331042612,2.336676014317501
1701742.212019989,2.332122434957592
8316790.735841503,2.4619568585561464
345000522.7327805,2.7680102873746573
131754.2954841962,2.1236562333997964
28728.378341608197,1.9970339536776183
27405064.035706755,2.5607687908459087
207542529.38850775,2.725687403305705
29087484.789174408,2.564032412184991
11767.907130602747,1.9235229276572454
16008993.689536296,2.516354201398833
9146670.913652759,2.4691697922518463
3865956.6585326344,2.401272771622693
15710313.904505631,2.51429316495452
2108304.5346747395,2.350719795592038
41534932.095299356,2.595251726883119
5703237.555076983,2.432161783506517
98458603.20795639,2.6654255816913546
27812031.108744934,2.5610944429302234
1718001.3669825078,2.3316563786957745
25652032.5625882,2.55315705712199
72373046.65568528,2.639551189700048
3648914.473741683,2.394585912807352
142206803.68766612,2.69511633737097
26650818.16569348,2.558119350873334
4801946.206688864,2.4199135678572077
4027862.042138857,2.403530877083115
337740.15592886123,2.197951910693383
3521512.5164307063,2.3927604517146164
144763668.45388478,2.6953852382740857
8125486.916946369,2.4631695818354538
13366183.74094866,2.502835606880933
69621664.67539087,2.635931997700891
761226.5442626083,2.265732387189423
18581702.988194194,2.529005406797019
9265198.19960662,2.4689336056365363
32510131.431174867,2.574318077392148
74089876.43349956,2.6427267228000795
192527991672.95108,3.288882822291103
34008218.97130276,2.579736008047636
447327798.4039325,2.789644131594473
88955735.85909052,2.656605623496241
1191722.450641713,2.3038085636816503
12699044.074434485,2.49643224360512
49075011.442218326,2.6094648282007937
276910492.26423806,2.7503578631869834
1045913.1521139712,2.291960537462289
3130382.825483213,2.382206366132602
2472286.6699129525,2.3625128482817246
47273382.58218214,2.6035513186278716
1850784.0526788887,2.339701048442211
88717109.58074933,2.6568584489430798
25397325.550934296,2.554965783959757
20067087.678715598,2.535956354464964
4937137.06859998,2.420125648994347
3653.4969214384582,1.8273891756581584
11959820.483185593,2.4902647468553534
42232873.3581099,2.596561953371195
13894990.853555938,2.5071801781811422
5202689.288627324,2.4260909036418448
19910409.423014246,2.533185281816816
107898787.0957293,2.6730763826819772
1359088.645965787,2.3116840328962
116581299.37374407,2.6789063087249976
4554717.159959982,2.411826267275009
74943557.8767143,2.641949729014723
2360553.244458811,2.360553107406661
86184715.87489071,2.6543137155768917
19956.560190341275,1.9671254113843366
897694.7330784566,2.2803627588746522
70177528.74836229,2.6378750294808406
53111529.324710645,2.6143317397826342
1162757.77992928,2.3006936046205966
274067158.0207296,2.7495765658998317
71560061.69341744,2.6392899095560853
74566098.42216937,2.6417120496582873
18396247.43108968,2.526971885649099
118955711.59829201,2.6813760490631657
71404898.1829458,2.6399313960235973
7034855.15057917,2.4500022763798075
187198.837077372,2.1509857427679213
52704.705148569614,2.0447298816495496
34616798.485822745,2.5811056037901383
1396268.7671685829,2.3165651040738977
15742611.356216943,2.514820430167101
643291.9334758536,2.2522734423996162
118825635.73541847,2.6816929319507796
27405641.408976216,2.5632427880155064
7608496.14192218,2.457174870289341
2352500.217809765,2.361158459908403
224124442.859214,2.733450855124751
54634181.688989215,2.6154499029018417
8076954.105695734,2.4593286700633556
5258574.647115054,2.4238168937743727
198625.0051311867,2.160253895207925
14914199.012671081,2.5103209717356427
54919107.36896887,2.617332399199631
27723767.835218504,2.561496127040121
5458297.293839542,2.4273225596379193
4636033.398128774,2.415111541324097
16074260.685371228,2.5169751624470993
165835.0703291233,2.1448398070424983
486511229.1988443,2.7970328925180725
3497569.766788333,2.3925944817259386
4224499.358226158,2.4061049322813597
168868650.7455179,2.7137137847212474
46717849.511552386,2.6018990329915685
3228365.388317111,2.3855842889784875
1280.8701107538438,1.7410263038979932
49278324.89626972,2.6064856827360567
452641.5918327464,2.223948728386403
2729665.868874735,2.371508583080663
45530888.43558691,2.601350214427455
68613550.49495415,2.6364154710626333
5930481.773210965,2.4330336954152867
64884881.41261722,2.6299477047922886
2240.278825993253,1.7898460519874615
260307796.4098533,2.7438233450593517
86757069.30997925,2.656449920014821
2992724.6021879436,2.3772785289829415
315761951.088776,2.759136925839749
59000411.36323438,2.6215472758625262
107881222.42695083,2.6736059643089582
5555292.780276051,2.4292871452883156
10079153.156844199,2.479347898061338
12446087.918665126,2.494811778070349
82198671.0613195,2.650261649178425
1063174.716288019,2.295240009976562
3501789.590388885,2.39297634807609
44950219.61613833,2.603061969057702
2369122.4109928035,2.36057058010384
44624411.68771278,2.6009976879361085
43932464.897141606,2.6001922130708603
140746512.21487215,2.6922761188307303
11023998.384456864,2.4867277322901233
285096.43813623214,2.183577598583043
11744735.657576691,2.491999336384042
14724.759208982778,1.9424184380637344
23030506.60973379,2.549704844850404
1866976.6052031717,2.3436192397364453
45908.748626183835,2.036527944552089
114167.32453119868,2.1113307221925117
366517.36735266657,2.206584686111684
147661197.57915622,2.7002914555795487
67760968.81008379,2.6355714060580704
22945381.24170471,2.5455756722200387
1894765.3321349141,2.3391101449613636
5274502.287446291,2.4256616545670484
75080013.55627476,2.643280118175972
1492511.889237718,2.319681534733429
12406460.509724692,2.4943370193769017
1975432.0754539485,2.3465619754717784
110691451.78951888,2.6760693841586227
532087.8070939201,2.2397174471274557
39129879.53484183,2.588083685487759
4677648.382026403,2.4181500260598083
2608092.151217548,2.367771557249457
97719035.76943336,2.664181228688575
123888.235163904,2.116935656143045
22525999.418959413,2.546871752190245
25575635.828585967,2.554138467740057
12410788.603304895,2.4934646273357095
7991615.132453616,2.458064838042144
341321004.84054667,2.7674896633192225
304000124.08119446,2.7573278229569604
121736916.23674364,2.681718571493846
1441915.0560898904,2.320566223111274
2024754.6600004248,2.3468176183250926
16242544.470356118,2.5177771538913314
361092401.105283,2.7717988942268343
9721051.470888752,2.476803708694603
282896785.5878629,2.7525734967796947
12510492.952242054,2.498378348073914
9192765.57364044,2.470066032271356
4344827.671298656,2.4097972227035167
22775482.69957497,2.5462406380868208
65751202.593008146,2.633812717166969
160979239.78786623,2.705434819818654
1236225.8932985393,2.3031454367551745
60370385.06856217,2.6256550998836325
6860286.093344723,2.4475229033631485
17708.175740715687,1.9593595168574516
120762.62670456563,2.1130268529575025
6273893.8499467885,2.4395918737202353
10698312.342345946,2.4850637133244504
11601303.07188607,2.4875858073704182
45451951.0660149,2.600895966371231
17863843.325382423,2.525614460721705
3914413.456846019,2.401605750153061
24125626.31161587,2.548069162794948
7228168.267948706,2.451213412587992
11572579.730678996,2.4905010190919925
11155603.370962735,2.4897838044446687
393628.10269209224,2.211865395406878
1388498.8635844756,2.3174304203393388
1977130.9065690585,2.34286322352177
3093070.2068445217,2.37899435327852
54366605.95062819,2.6157082653571204
1241117.2668172917,2.309060755091371
17571490.817841046,2.524881161886669
80481.3019940235,2.0829777963239446
12283122.668852206,2.493428537079044
4730001.7945007775,2.4155887733375274
222807038.96825004,2.7330177110144334
13694967.135279588,2.5039505812917384
1782388.2608801876,2.335215210679488
193804141.41919348,2.7193227338260635
23896415.167761203,2.550377390654671
93533732.00583495,2.6618632446596924
65406968.16925196,2.631562017284296
382371.0619868503,2.2093938493903895
167487996.16027734,2.7094658790985253
55110884.62058812,2.6168151800434294
2733319.3218274484,2.372249322236899
366952590.94156957,2.7736108065370693
27683829.19473216,2.561951570291978
37662403.89357422,2.5864595680429034
45695048.38560486,2.600180999693617
15673123.920937533,2.5161581789460383
250818767.47301027,2.741458347706053
3376604.13566979,2.388488695104105
1085467.6764892433,2.2948452466516724
26165304.24939302,2.5563375293156616
3523574.0138412756,2.3915094189776935
17232711.35559918,2.523567677217429
74964686.68549025,2.643323334950935
5253297.694157854,2.4270793912532103
2528181.7865812248,2.365440066328016
2930756.8935576603,2.3759098498621154
32776019.884053875,2.5747584442225326
1244989.8552189686,2.3055274484500043
21643792.598926187,2.5415206401725228
3452713.5114584337,2.391256570876338
80664296.51185219,2.6512042365986583
287362.1358777227,2.187380320148953
51587259.61226903,2.612711684302184
6339241.182780705,2.4406551253159834
2975829.275367708,2.3777948852111526
45683.905488592194,2.0337919108489007
565576.8208085329,2.2409645015161215
8464355.505406747,2.4630409267472113
21261407.467031743,2.5405471296768716
18951706.865771294,2.5325440709473606
293062145.8523121,2.7551410074867713
8927646.298446998,2.4709198170869398
4383652.705572805,2.410742178722651
45658615.575546056,2.6019025779360567
484702.92848301306,2.2292726595091645
214051455.66622397,2.728158326463769
6719650.182897918,2.4462977362262235
588604545.0927151,2.8127168864011494
275216.82566792145,2.1849333255852814
1321437541.0833232,2.879162718135984
2359694.136679435,2.3585480291072285
6599760.693354154,2.44464288188621
1663947.5124351163,2.3297019067223963
2790701.091715678,2.3741285345173955
11441151.664786909,2.489095135817
79107267.32990219,2.646532244433741
18863921.620722305,2.531622502252777
13338986.234341383,2.5005709991751135
16716254.650364399,2.521198974047444
898865.8242346704,2.2798052862552796
57239526.17556945,2.6185422457993712
63835530.716890186,2.630098965086195
5946356.195055113,2.435028596152965
318582.121979908,2.194765100157057
5486799.195732592,2.427905336597617
1198452779.321276,2.870355686261987
138770883.64025444,2.6937090506349275
7958974.402062887,2.4590522804254964
8908339.93750177,2.4692446052319905
16720197.11372496,2.5195224984224356
11569658.696514776,2.49058327238679
7109138.022870353,2.452952926250438
5330305.031240035,2.4271680880163258
224847.19094814043,2.1662661569175685
109607948.67583875,2.6751948764107585
14620507.93899865,2.5079440553855115
55397177.42770103,2.618347432828256
26290367.884949494,2.557803171337091
7710507.847293313,2.4581526170319083
65773578.91760289,2.6326622924950747
3537745.068650462,2.3939048141090318
1507755.1917933372,2.3248791183154873
37610918.218572885,2.5870225788018617
4412087.29740152,2.410613291835917
5301453.434959792,2.4236598035044947
7692057.454458059,2.454210383535724
95627464.1682404,2.663956894068814
4863228.9617810175,2.417106444736681
95896443.80205736,2.6612855077256166
923245.9395307619,2.281459588236913
7767025.677271044,2.4579750631687594
4004307.9479538933,2.4033228941010085
5391980.579488009,2.4282686132469316
402835.8622495651,2.213927179120093
3226272.452292699,2.3847699587577353
489235976.4457496,2.7950654720695556
348723.14635202853,2.20157784187121
31663487.860969286,2.571747805435967
229344427.28116935,2.7322352429961536
104796405.38243689,2.6691756922972787
64296804.65636921,2.6304654599739545
3156272.6866797404,2.38256395213154
51719032.72208084,2.6131265482805857
338604.78776140895,2.201358945549527
7513822.079610551,2.4548365673700387
56947896.55486355,2.6220078666191964
243954645.9545291,2.7419848476552717
8096475.0933374455,2.45847320032469
1985559.0431619247,2.346260519792802
6322178.354590784,2.439097539797744
1344048.5263435282,2.3135504165205285
105469664.00262588,2.6720344951460375
141528772.9525138,2.694027259989223
540874.7100641481,2.2412296549037367
5603789.495217194,2.432011813194118
51930206.52606548,2.615230864472766
826092.5471941757,2.2724402241420276
751332.438209204,2.2652104493294933
1290130.659285154,2.3108104746460465
173754386.8293104,2.7116338920191265
42445925.30879542,2.5968831543544644
765902719.9205662,2.8350970805370244
22579673.35383144,2.5444478435785167
24190377.16958551,2.551590722762331
2781318.5915512596,2.3751891594632775
5189455.59759351,2.4228644918464743
5533918.542809507,2.432606129635179
7420981.525671078,2.452923490767771
21703035.659854483,2.540436123540719
5018074.821015033,2.4221424226434056
165411115.496518,2.709590036313368
25933113.364161972,2.5563317988131105
15144572.201091956,2.5112181762399017
60691103.593282476,2.6254152627133074
479358.216669173,2.2279598271667
155892.8764133094,2.1383704815938347
76005209.35397784,2.6429404710959012
61662836.18665835,2.6268719676389094
8011571.058923845,2.4578396359200765
3838198.36365649,2.400623164277552
5291241.185652601,2.425922002610669
31140576.172137056,2.5720257426148194
9293775.784584915,2.472532529507293
85892140.44857115,2.65438242616759
2826558.274742269,2.375644396516987
581687.2574205378,2.246766638063118
369840.28768240433,2.2080178038172154
2229600.4864618904,2.3554044889011716
35454631.16373882,2.5802844369704045
318589.04783475585,2.192874264341382
21793777.919592977,2.542473826767008
117172.18106150028,2.1155335985246473
19985296.460822035,2.534217571691173
9324436.741394067,2.4719074197856092
79087738.51007344,2.645938434782054
27387481.164530262,2.5598692078200207
83920376.35760047,2.651992070299781
140296167.6397576,2.693102574651504
129506629.67785466,2.688418686663144
33647606.46623689,2.578104770635662
1022435.8751184123,2.2887237282429918
147952618.12923697,2.697520606265667
2304238.767660112,2.358495411688263
5265370.17098951,2.4279402419196425
2121136.0339972526,2.35032009802126
2847706.192257648,2.375948559919125
11908119.035057884,2.4913386822502566
19217981.221399058,2.5300725013146703
91014954.28417267,2.660150904537701
13996648.816442866,2.5048674776183923
72951.42090903992,2.0729815898441006
1559139.176224719,2.323812138889092
29133076.801330473,2.5667024792182582
81540086.20634148,2.6501650203397955
4872088.93845259,2.41843987406952
126612776.29879782,2.6866831953375203
47589978.87384728,2.605964315915331
6088576.313335411,2.438204294938184
30048842.749353025,2.5673302718164748
304508.7630069054,2.1909862309295156
10170925.05824661,2.478770156075293
2817716.075279371,2.3743480678078566
2390952.5121416245,2.361347175070278
1493527.4521687236,2.3243255687998436
3328357.8146881973,2.3873819155485285
20337318.14923546,2.5381015641469915
193528.9278854019,2.152336207486953
86977.8996045779,2.089787420586832
28268853.04112396,2.562615803987792
2357857.9170467914,2.359882743902819
119613931.01468518,2.67990329636034
73497804.88777594,2.6425301593699086
2468.465210812194,1.795469285360419
21403266.21535169,2.540006234894389
32105601.483269177,2.573367911230842
15011757.349574158,2.509652155721014
5343896.177834275,2.42601429676121
35658280.93108627,2.5810882376472164
609144.6447879414,2.2505274342276262
335167.9863017036,2.1992155926877857
53204325.27323828,2.617614564118251
43670757.45652105,2.5981138634199143
2420835.1034790394,2.359646692629498
23099111.08018199,2.5463641383049374
29586957.020285416,2.5673247009825997
45308084.64605202,2.602632633232757
35152389.07321782,2.580305677089497
44345448.349653564,2.600492760611035
124339.34493586255,2.1165791056246084
76523391.0971991,2.645266968368979
72747048.43633637,2.6395196932818332
3581729.0740073747,2.393369197324982
13829514.796680091,2.504887368594208
2179917.6405841094,2.3522750541218036
40342690.278381824,2.591192805846621
5451.6055792693005,1.8612525510942366
44587116.43165435,2.5979364300275285
7269910.527191926,2.45065811721934
9413946.215177024,2.474261613646225
7769283.467736941,2.4577014312509857
20333464.771883443,2.5347838257845456
7091583.505143939,2.449724870170183
25341917.658067904,2.5531478902044125
60060204.87753259,2.6247036659473326
27889925.69910014,2.5638563534120684
4266256.527928,2.4069401485275086
4578851.98258612,2.4140561718037774
270947.05338122393,2.182187458915072
2994502.033614886,2.379387594027815
572578441.9707254,2.8113670083348117
66615330.48246519,2.631676604902006
326796816.80988544,2.7645414264739174
82207412.4092502,2.6499738000271114
35391641.9736669,2.580043155786916
14071480.635473846,2.5055747244380893
26252.533712421304,1.9886163542159578
2083732.635292171,2.3498329597189023
7922765.264016387,2.4570561109078337
986501.4636766198,2.2881681568135366
46959037.968123816,2.602525590263034
59927388.181539446,2.623195412504609
21165879.877132352,2.539247548368371
13282434.73988633,2.5015428574646172
23447160.596885644,2.5468721177740035
624877.1576465315,2.24860523951377
11071218.704403345,2.4867673153138936
37418781.548456654,2.586191657002109
6752246.20671022,2.446153163235595
9275043.684354262,2.4712672333442685
2010842.8606826805,2.3441344078745443
2132657.1306223106,2.3529288764767897
11830042.876204086,2.4928963592166413
67945856.36109714,2.6362359828929973
52517.520577515534,2.04583275460575
6490.150845883532,1.8760785831188347
89365723.22223705,2.6568953082534263
545899149.3174189,2.803241334676805
10143451.573299754,2.4795194730655226
3818962.8452918306,2.4001367767058266
33134712.194202013,2.57758882329895
64657.36382452887,2.0649107171932113
190058113.77629834,2.7182429229984533
94947947.58855806,2.6624837410776796
1444673.4577584579,2.319552307807772
9438859.289544053,2.472291261877321
675090.0815615642,2.258453586403479
1202564.4246605183,2.3050868651918863
8641095.258525439,2.4665641549527977
1935844.1852003466,2.341421116624493
46039337.76222214,2.6041143701383174
4770441.963338601,2.4178331057875617
62873.21692649491,2.06432262279803
2124807.432872176,2.3541607274015273
9609000.21965223,2.4765264944897067
4271155.561014429,2.40635467491755
980099.454885787,2.2880993223602744
9603183.774058113,2.4751669706285777
11940398.484177044,2.4949458416892227
7346733.287677604,2.449406370666409
25451.44609581296,1.9900207110987405
3699295.431102716,2.3977193633406086
1055453.229858027,2.2935902871129925
4039102.6649563448,2.4032074474168703
9781983.314646484,2.4761857156710194
161077594.90733993,2.7053845316609326
2610901.2690893128,2.366158025722767
25725784.119591113,2.553855330165791
48149999.64370089,2.608861455588528
7715710.575559057,2.456965596028632
2107572.365609012,2.3514320097374295
12684115.626108859,2.4994657320413878
13290557.538675403,2.4993741028979826
4882901.25115024,2.419798759573876
3423561.7977965563,2.3862733478092033
13945658.69242181,2.5031476750938793
420422.00584718696,2.2176833898444372
3584883.831851859,2.3921719222957947
63030306.48964387,2.6299928850443117
263156377.54399323,2.7455359509009853
9911558.627146484,2.4759136844414815
6814089.930559187,2.4461231875334435
6718276.415549429,2.442502996819451
208870707.031378,2.7284006436978183
7605768.641940752,2.45656436502573
162638.73226864732,2.14193627373956
18131257.82943232,2.5274918243842692
5643888.090129426,2.4300870100469782
4701995.381692275,2.417697158367975
13518243.458992785,2.5022597762741707
1208390.020913579,2.303850522233463
780532.9988503611,2.268179204230686
26402014.23922717,2.5578558105016174
24645443.627776425,2.5529195782491714
7731193.172828855,2.4563564382750034
12384010.948035425,2.4944492804371254
4978565.846460311,2.4200963940113116
10370033.259336552,2.481284370863669
139832681.49375865,2.6940234702408965
934791.3687475094,2.2834290853129926
24933296.219441216,2.552526060027188
26615170.15522954,2.5588118439310628
135549876.30715796,2.6914096434837673
34233226.03673928,2.576636617282257
5076.922667636617,1.8526631127520539
6147666.42554635,2.4396113158811383
14026539.751328634,2.5049760506255376
186714966.73220164,2.718430001182871
1200801.032412124,2.3033022363737037
27541406.260587487,2.5611348437000805
25644592.40491341,2.55627357526241
25257794.07110465,2.5540290120068945
4119264.5417426634,2.403662736646859
10069632.51661767,2.4783635385527267
27661430.882743232,2.5614186622675437
217683883.9545781,2.730097164527379
8240912.415441594,2.463490301980431
27150650.410542604,2.559436178204335
151857409.09162402,2.700212186745308
26641233.056195583,2.5577817316130735
12417319.896394653,2.4954402996226124
12943876.74972909,2.499774862974999
11318979.998152968,2.4892545970292983
5584060.894125904,2.431174722761673
9647733.870953485,2.4756429519883487
130492.93392244789,2.1179455099746267
23945207.01071432,2.5506046989972404
65969492.35163705,2.632041239998978
15073072.4023884,2.512054967791118
28207593.235888988,2.5634187345267607
26757498.953975342,2.5594879800405987
120398895.5279597,2.680343077770584
14494289.786495546,2.5083828480604105
6383204.183623424,2.4425501908486202
41036432.66227791,2.595496067289245
37798885.97477368,2.5873610526850466
16426195.978016607,2.519099861319772
57875530.16037625,2.6226875427688743
4479596.416145844,2.4110059495919973
5170431.283259085,2.4220035520177294
361065085.9040553,2.7722112053067667
95673899.06500724,2.6618402060322106
150878439.30006653,2.7008468403639974
11446523.000672018,2.4912307029425342
45772895.49158874,2.602123568771455
858597.1786772064,2.2786901385179594
322414061.63849074,2.7623493278383853
12390785.790096533,2.49746119376194
22251834.943349525,2.543248783329512
70721523.75778176,2.6394826622174894
8853618.657008473,2.4670082494783174
8539192.30129233,2.4634192112497884
871197.158823105,2.277619417897806
22419951.75239909,2.543524304712004
38179679.43276963,2.5866560831295065
90860081.94046454,2.6590563019197475
4873758.890376492,2.4192023743190156
73424055.20280328,2.641350299097408
12914835.154060964,2.4999589132508135
2092340.8897464918,2.3459238524085855
95391400.58998735,2.6619856706925824
9213898.074911777,2.471329214676117
342483594.28341085,2.767939200523351
686480.5331998739,2.2585654050530084
4684722.30165703,2.4163457171246745
65395149.08701249,2.6316139467007504
740974854.4957173,2.830800386591173
81585.89640631956,2.0830144994875748
3419403.8681377433,2.389738875656336
13542646.311330916,2.5034778583485178
6256207.869042093,2.439444119292775
7956996.874243312,2.4581353825011583
1564415.7366272635,2.3271940814794365
43931071.50180389,2.599980747557642
45124373.85639467,2.601337809960428
13977659.527478106,2.5058130228108197
2885554.197143575,2.3728795673970184
1013770.5392055366,2.2931018167186084
16011307.889109941,2.516457772198031
2589738.6641124734,2.36583104055022
63409068.295212805,2.6297832330339026
4236918.453342362,2.4072863726747764
13368251.162823172,2.501344950407798
30701286.663797867,2.570349053216954
2075331.148813785,2.3494367560273215
430051.2145972917,2.220713149470398
145407823.1733316,2.698601775425785
68723473.45765536,2.636285333703645
11516250.211300487,2.489260983243955
4832700.901986331,2.4187350594368984
4558547.638400359,2.4157910781590854
73676910.21516414,2.640535328803093
7123394.100006426,2.4513692200941906
1591855.4978018613,2.327452966009535
619367193.3771724,2.8183618710546074
3845351.988441827,2.401291655985469
19172193.406925693,2.5304880563838505
134320688.0611729,2.691180293157117
92473072.99039318,2.660851230427595
3730141.28822056,2.3956882917587814
52235336.933586225,2.6126223855378106
150251967.4799361,2.7017084043558355
8647.086083472723,1.8973773908543254
70026842.8562382,2.638524924227152
1596771.8656504755,2.326473126571333
3227977.75460381,2.386837048933918
598106.1900982788,2.2457151033994744
68434747.90336934,2.6354724038708457
6687021.426472741,2.445922136151198
376595.5607116814,2.2086687450497866
106163179.48716144,2.669815202842
58594183.20456402,2.622432425426352
4418212.662416836,2.4087918013543894
5784434.694740099,2.4315692585350126
96486450.5091468,2.6634727200286834
853278.491897888,2.2784263326963834
7666107.465382315,2.455465853221259
26185624.358563695,2.5571744485671397
23691617.972896237,2.5508359919338095
622734.2333482173,2.251579764265342
15845.40599928911,1.9469160782727746
10548406.598652007,2.4827047299152674
15156114.958896916,2.512574906746774
6338644.386297837,2.441332599299954
2416327.17235344,2.36211356437438
24015460.858201962,2.550718992537289
737094.0398751487,2.2651652572648784
51812584.68657666,2.6136294021055244
1832572.2570834237,2.3385953201924576
7632868.55257175,2.45580863169207
93547128.98885944,2.660143560868454
2466256.153892005,2.365804321898051
495761.6468681732,2.232129816049056
33570756.31029196,2.5765571664055678
113371400.64622447,2.6749310031567415
7238305.004856574,2.4514103743514526
28526358.382644866,2.561558266438624
7606612.281122301,2.4564260850094906
5581.492269792985,1.8622455626726013
262490255.44545424,2.745523243509403
11083635.640079305,2.487309513277309
64958573.8794201,2.6313088436406806
6204046.805673741,2.437388126199762
190366.08856216693,2.153079431808266
40393934.13156105,2.59210015178549
2761283.89596697,2.3719854735151418
3991134.284512365,2.4043274632988734
71265975.68973425,2.6374816503388674
744086.3595169681,2.263360777855477
25495420.53736268,2.5535883289023213
257318091.1485827,2.744475249362503
52971791.83338851,2.6139918174796346
5919131.293826405,2.4362972375253964
40706638.379118495,2.5944953079234025
82384026.63553885,2.649738742806574
122573967.45076106,2.683093631508159
5686372.465526557,2.431392045452805
856248.8760001282,2.27565817226403
324909.4466031531,2.1969822748949053
77482715.6684721,2.6435161199602244
131404897.04978247,2.688581192266845
1581307.4152230541,2.323883176157997
17711893.985779304,2.5261108162685075
5468582.349974672,2.426852572553952
388639273.100486,2.7802884234215632
36131782.19958432,2.583471680375066
26213573.866073735,2.5561682410355373
2160744.532581639,2.351765187380547
430408.1279378228,2.219765913899968
76919.47769477071,2.0772303177296805
29762269.84799635,2.564854645082715
239659796.87013805,2.737674131520369
275856337.4383148,2.7494595342540107
1524523.8443537143,2.323231333418498
84436905.2640621,2.651015195495371
272233.8882809379,2.1818020492793773
4708561.770100058,2.4162066491111376
97037027.55574824,2.661884314287084
32365373.76314035,2.5743465853991845
7089470.666714445,2.448742340680401
510956.8639043581,2.234469653754822
1186888.9751795176,2.301723548605566
273615.92605376674,2.1818034360918945
926678.2833435988,2.2802187369412454
14062906.546817133,2.507123282112714
7101409.16022923,2.4516312726973566
3039913.1169914566,2.3777424714107744
47374601.98953864,2.6057301757284748
199159505.08002022,2.7223484200183243
6426142.271341393,2.440478776738804
14230652.669820642,2.5076523999318576
35788649.68437318,2.581339518722552
11234716.08885534,2.486730337076531
320597.2168442241,2.1957736534347
12658783.211398553,2.4968359639795135
44080245.754970536,2.600941198628087
628112.8405917527,2.253287141839611
4051714.3382791877,2.404748324979274
7304801.874009245,2.453224971115836
311074645.4579174,2.7601814885050486
284970.76620198815,2.1864077389846845
2704050.2224773816,2.368018044752737
1487386.1791982178,2.3206246035136044
1114304.2845390977,2.29724365623682
22597917.430160023,2.5449649123538998
41721988.42793834,2.5949762688987636
13407177.697507,2.502268496659445
7804505.699036309,2.4580873730385147
9431894.231923446,2.4712954222720898
112897183.26387087,2.677029184387201
51637756.13831152,2.609155382672398
9236716.32515234,2.471841880158291
3435452.2550073434,2.3908730599441492
16193859.333290206,2.5172255613548886
165769808.53213817,2.706332904128032
41398242.29211994,2.592848501689929
45399082.20376931,2.601420536303612
6023758.162681131,2.436023287313513
59470473.548572935,2.624221135855533
44293836.56634032,2.6003191571684554
32021770.013770312,2.575353913663802
22023535.79827593,2.541204755480643
3885937.2937932317,2.3992099256865997
85843501.96608707,2.654717575662373
14814083.775492331,2.5116262359536683
8063412.967618395,2.4594301333971775
745918.9341980786,2.2665733163193393
15082166.582060602,2.5119555678692937
1746004.597391857,2.3359227122757065
3852481.2427391014,2.400564022915807
420539.9981557402,2.2185301856703794
19386204.60157088,2.5295662278305127
3973717.932442531,2.403537562542097
440945.13822014973,2.224291623275681
148942137.22968876,2.6970252465656013
245376908.51281828,2.739378898152264
95931589.44600192,2.6631275369494527
54368388.5427061,2.617691454478218
7920997.649808198,2.456162556323783
1237259.3830231575,2.306924325389198
153489005.3944518,2.700504933551903
21200989.993349407,2.5404915871458122
149996417.8106534,2.6992573862361384
26914074.537888,2.558225076992259
33477658.6775595,2.5790115989837474
2861404.475611334,2.3739707016965874
251657898.50582498,2.741905003627954
1777817.3718813767,2.335796714369021
34125098.74584664,2.5771151594361412
4722885.013292561,2.4170222565338624
105533533.26788059,2.6734189282123566
98898109.93062237,2.665948657767007
13258038.871115707,2.501452006040896
318098.6337542207,2.19264293260522
1305683.917029572,2.310327569863967
4127094.646516447,2.4067865820248255
10292749.423009194,2.480605602473874
12708536.459347699,2.498680068744636
3367950.3495859466,2.3889123055896033
4830958.028227822,2.4184632431328983
11421613.579773962,2.487617730709138
2611240.698698705,2.3696360643799257
35392254.86009873,2.5805793995688138
289649987.70983577,2.7544591766264643
29355648.559918553,2.567741152993297
3965394.770642955,2.4012479020241493
63856.854706766244,2.0651980781632244
116434354.01094566,2.677573312212632
108403137.33070955,2.6716394963881247
22453955.149232306,2.5439583332919926
60674.55837286355,2.0575813925377684
48891569.32380092,2.6062117227827613
106885153.9221881,2.6720721827563585
1989989.4289935147,2.3457514080107797
31279508.69187326,2.5718481778261806
170007.99045596845,2.1444907202020738
19372463.029598646,2.5318844288696383
11177417.783420138,2.4868374584741395
1829536.3635742795,2.3380381228700697
15505543.00749857,2.513131334336134
168005990.26296827,2.7083327010199976
2064097.8595993083,2.346975802554413
8833214.849842086,2.468306222558879
9577444.11013918,2.47242893829163
25404998.402365655,2.5553560245428066
4551386.825061252,2.4128470308337304
65467154.45597625,2.6322841669658703
2008979.0905083753,2.3459153901004415
6693026.241760758,2.445065325813235
12734622.334684536,2.495188172227812
5653479.097947463,2.430586226828396
6782883.449178783,2.4464851262338803
554375.4516659934,2.2408960763068224
37850152.32546045,2.586096339615745
2337431.1987965708,2.3603364485882605
63445702.72697714,2.6288327038929102
221428772.84502196,2.7316308139006016
5888579.612353658,2.4330451238778585
18330495.5999633,2.5277431431866417
20197420.126291465,2.536978848500443
733516.0386536042,2.2621522258235225
4325092.576058412,2.4088057376800056
21195690.19860256,2.537974665502865
40623593.922147535,2.593410962109361
17601158.409917712,2.5236020659198224
5139855.625672463,2.423679606952638
4477112.881522281,2.412262708847626
1307168.4824864336,2.312833689324322
8846369.175437223,2.4694394039694925
321403.7696840697,2.195428780291674
9917365.632875115,2.4759100441680673
80169433.1799084,2.649408596866415
180118.5324089615,2.148276198248912
29876429.981862746,2.5685231560365835
5052846.713845863,2.4213794270530387
43936882.03342162,2.5977423217200997
2040818.504718392,2.348964244899862
13580025.744936995,2.5032625734207112
49537972.80976292,2.609052178319671
28648936.30236372,2.5644052116218314
2526563.6076777685,2.3641912183852702
24234391.470989563,2.5489947789713603
9486465.015890779,2.4718144136555913
797955.2199916688,2.271126331012597
37946317.35521443,2.5863706127485893
99924306.17756984,2.667349036724105
18103417.80203059,2.527319220880305
48354292.58525128,2.6074563694398645
11052982.745502923,2.4874361263648956
9278112.16604844,2.4722405761477875
14407732.569301566,2.507650045512937
49997252.11095926,2.609648831093344
10235429.532719856,2.477930998062219
18516530.098539013,2.5289283019929405
51542949.25783859,2.6129151655725735
18663066.77393128,2.531520345615467
62311347.51463908,2.627416915459169
43846954.64547042,2.597910971056431
54461.614568170764,2.0514976496746735
59522077.27702609,2.6237508353206644
81145529.86872706,2.6503348190986182
4686972.93830965,2.417095416406498
24146339.50375342,2.5485645288960654
176722458.89466622,2.713016191185111
45714513.27215942,2.600834921244791
37792855.44843374,2.5876765042277845
3907783.161299266,2.400679827270495
931976.3663267271,2.284594934361227
13249108.648134258,2.501216595340404
42133814.58199129,2.596479301811632
62475952.09206962,2.6275639957844628
1552481.020494225,2.3261522013721594
9007633.3991372,2.4668170047689255
125785515.43320087,2.685607880988732
76909693.04551558,2.6462415701740243
43595466.400289096,2.59883871119778
6908193.1558477245,2.4475363455920216
6802809.242281469,2.445944316700955
1299710.054888488,2.3103378297682737
7928206.147119843,2.4562479785244378
284252.4264390523,2.1877540327858314
75335520.69461678,2.6421276519758345
134606111.8419054,2.690739140867656
3444473.7067420864,2.3921901314783853
3390779.6468153014,2.3885049728254613
739141.7770151253,2.263945219539347
10112327.192839928,2.477870296447079
66948137.81187545,2.634114981194381
29312616.124990884,2.5646703253751904
1963554.2375001535,2.343087022758844
650003.7924212882,2.254252289651562
19291500.460743856,2.53160054890231
460951.4142984947,2.227786404965079
72930788.86174768,2.6397555258594276
9410709.100791529,2.4721625818855877
71989993.74093081,2.6381440851636095
13865330.222625073,2.5023747073642446
8231615.757887937,2.4597743188793135
56982059.06940963,2.6206363979816816
48359410.958297014,2.60681549229802
8268659.801832002,2.4618033138183355
26907631.904835306,2.556911093610176
1829520.3383346603,2.3378331848562315
49396846.482356906,2.609676760915702
76266062.01345898,2.645404724599711
76632714.50949419,2.6431269442805214
142160283.4082226,2.693989558826495
29597890.584763635,2.5651132806186188
231812.2819412858,2.1701923419458606
11115.802393600688,1.919799831093647
14742871.207968479,2.511557688206424
10960323.30746055,2.4872671625925085
51093976.53451569,2.6098881416271325
427669343.18489844,2.7860163564864067
1891654.6069127456,2.342252648543713
3482825.6793562435,2.39060948416432
21072092.432724405,2.537420636070853
54523235.12523522,2.6180450614094486
12434272.34015897,2.493892311205719
18972449.053350598,2.5308257059076356
45752891.93173755,2.6033332833149774
202042825.55296913,2.724369956549637
28921393.813209128,2.5667371684324287
6677644.462624705,2.4435851706740044
7314586.457584222,2.4510350518876467
7772429.879566647,2.457740218684758
2072330.371853782,2.3511476073888398
41928265.40344018,2.594897565316632
627100.323041796,2.2512796586572805
392442.01756878954,2.2132395170152956
60054447.85203291,2.625537100095951
61047563.7469101,2.625172401804493
13254984.920690408,2.5004256728339644
5015850.057882899,2.421451318522913
2291228.1613530917,2.3585222977397744
91094845.12236284,2.6576152177807257
29602838.49002806,2.565404527150509
69086320.78458472,2.6351300699311353
25972017.330898006,2.556819783767587
25248741.69135935,2.5547377403199163
5184408.284368389,2.4216493444310316
51714482.729518384,2.611154094524401
29947463.47792053,2.5687460009739675
50436506.899487376,2.6102448766387396
6823609.970846087,2.4454329292615173
4172133.5755382283,2.4046310905662613
3754145.98974202,2.398053433021228
132809817.89870754,2.6904299541316905
73112910.9654656,2.6399176082405584
44049340.4004619,2.601998213306341
18849494.45764635,2.5299350915791767
75801731.37066925,2.6457964562028526
3216735.3431571047,2.3843622875176487
6440098033.865317,3.0095966560291783
20392921.95923154,2.5340000067803663
324520625.2102561,2.7625214394395403
51210.36596598556,2.045040226419549
26261555.59322743,2.555184705799106
57774758.024646185,2.6202323260870335
56300391.83206722,2.6225987770126555
3983944.8135243324,2.4015790103089762
4312263.7102248985,2.4103524021364175
40479953.58717601,2.5918447884732014
4922.01265398674,1.8537522114916216
88789427.12106831,2.657055001775433
13634794.754492145,2.506374013097804
1953126.6015150228,2.3439659117305247
55007662.77147004,2.61573225909529
29882246.452512696,2.567904247070505
1630592.190179993,2.328096408186095
7395512.074296812,2.4539276409625805
39657063.017894335,2.5904444447542887
2170922.6318883547,2.353119964150243
10123903.50077953,2.4802558361812883
41997.291778077866,2.027339005544112
4012015.691823044,2.4050512314540597
2003651.8008474677,2.346371755813505
484497.2368461156,2.2306779601301696
2313907.869268914,2.3572422399523623
3295042.6576471864,2.3877915374199583
49209002.423898004,2.6096702732907886
35876722.750171565,2.5826967103884537
84601452.24459866,2.6521688965765473
53943641.34666424,2.617848004088471
4081103.1085368646,2.405420664437263
45710479.76550997,2.603592535686753
303869.07086025766,2.1913566388893213
180207300.0199457,2.714922395327199
13090218.981833491,2.499195462610139
44709195.80294237,2.601282339190426
423569845.7566846,2.7856576464489082
17885518.391134046,2.5262269063983314
17187692.782500092,2.522490622795268
1740247.1231340594,2.3361829311184077
100317038.41302195,2.664797528241615
22213585.37434354,2.5435063251041132
4966937.316605152,2.4202354256841216
82663.4808044911,2.086179336328067
50048636.04165565,2.6099703876494345
5762230.545731769,2.4321786479632297
176295.20638358896,2.147457258468651
6203578.838146615,2.4405192704832794
14347793.808092812,2.505377085838604
123012135.15738258,2.6840965834214385
22721765.496512137,2.5438362862452535
42217789.270851284,2.5965195407487136
65833164.83985208,2.631084436441504
21312624.631328966,2.5402521862225873
6780366.071939613,2.447477332493599
57398716.430968076,2.6222510727467436
73046.70221200066,2.069757290220718
7589777.34375804,2.4558334564976123
12397805.197894664,2.493964500968014
1111345.781775425,2.2971478862950345
496547.6441325383,2.2326435206237587
5441394.533498471,2.429106642497304
35639980.435872264,2.5837048653039263
34725839.78036595,2.580670959258526
112626742.26101206,2.6774282723993044
4744514.249360848,2.417950760482516
79971087.65030313,2.6487636898833973
90137026.78191422,2.6579524346707553
224598546.17338213,2.7339403868423564
22655403.080234166,2.5439977789210064
5553.507644745444,1.8622246596609813
19328578.339967802,2.531540960533535
12115714.184960537,2.4932549963031665
7520373.342535569,2.4527026921197876
7187505.7450746205,2.450843287449766
2580872.5380562786,2.369099365513839
14557.583402050952,1.9420210343705482
16391681.168702226,2.5189549974232848
165493382.08815813,2.708349088535441
3221197.493477967,2.3837323817458635
3705640.0704904934,2.395692875983598
159819151.87147608,2.7050012173448525
16850351.84451229,2.5180261957174577
67548.13970496265,2.069454550054421
2088496.5726511395,2.3485328489790844
4472064.7655602265,2.412239069147174
76124756.08981176,2.64226626933065
2159793.400922359,2.3495358785356624
4706600.300157973,2.4161096408607476
39497527.47546869,2.5898783305092388
211720869.29256102,2.727193157731127
299334.0401181446,2.192745514334732
21359070.871787,2.540414601244891
110550.55103304796,2.109485739613838
33563733.27246484,2.5771650989582455
29949919.74005709,2.568309419094368
6046992.203284781,2.4377176736122568
40828942.11056516,2.5922623645325116
82234111.07614475,2.649657762403633
14252937.44031415,2.5087745998951663
20121352.14678954,2.534722702052609
92307335.6432439,2.6603830431532445
159248378.83713335,2.7048554199751718
46605345.43835137,2.6075692408373103
12595671.856647931,2.496166002671609
152484723.05011046,2.7006593680123023
225579355.60768998,2.731982447004589
7039771.377493181,2.448483046061634
56875089.30358167,2.6211624275466825
12096288.032170339,2.492743644287685
324641.58137031825,2.195972009194058
34049354.987267785,2.576849641514567
201755476.18047765,2.7249787842992856
1404963.0590719692,2.3174688403412973
15470877.368241016,2.5133555424375027
12429415.810499104,2.4942180661022655
193867585.90277007,2.721382648731825
2555098.415745968,2.363313440267061
2333723.535557409,2.3572761687178825
127547.3292760074,2.1221042149505
16948698.37361638,2.5211633379161955
62813885.9490788,2.6281619740505384
88012992.1946936,2.6553302382565707
159567.91193624443,2.1389769182253064
68487377.08694753,2.6357572642422267
15660882.470513592,2.5152635551902653
403957.1811360572,2.2158741577038215
2666861.3636459284,2.373255266491635
11822750.543591313,2.489954898383777
1102231.89234332,2.2970137194103417
13370095.197692407,2.5020609809942322
19598425.278221115,2.5316203862442785
8787567.998648113,2.467275627865311
3479917.1746793077,2.390228858756479
415479.680854093,2.2188518540703623
877382416.342606,2.8456258565921586
115877008.78462663,2.6794782002421456
2476268.0522619565,2.3637722751726042
423849027.5053599,2.7844383055451716
9131225.360043136,2.4708870206150855
4653236.244410457,2.4148926060813265
34288024.39968032,2.578522826540806
34598208.80499247,2.5802171741052975
50259025.38519324,2.610626267641438
55944614.98610972,2.6165526052585086
17819194.875533313,2.525183926708737
8929767.396796033,2.468002549170588
20366187.78192259,2.534945625852088
47421716.90683455,2.6072587162665886
16840397.131422266,2.51883655988603
37573574.57084502,2.5865213113479775
140060.93712258188,2.130427705154598
10399725.284721116,2.4799219579484775
2263490.2556135976,2.35936690680248
34046479.4555763,2.5767653263427475
15867233.353882452,2.5145942929815575
55368673.634684995,2.6179583668285606
674245.6869659073,2.258135258416217
158372.23708485844,2.1381966670467465
1501010.41852575,2.323800462474645
51712965.62960884,2.6135032863727563
54707067.74070244,2.617518959134905
26133446.01088709,2.5581809492379812
11952002.667040616,2.4933603688706705
95437345.09607492,2.6634251298941014
197787.4297411251,2.1565522364519794
76848833.13006438,2.644600723194722
223511736.63759023,2.7333619351640808
41696517.82724691,2.5972212283739853
8616465.589260167,2.4662961029356274
241841.61140258153,2.171639132088423
18016588.80344673,2.526594387650477
1641036.88158616,2.331764136861354
8424622.742804369,2.462250146856656
430413.9757944778,2.220984126808487
604853.0066811166,2.2478309521630853
16944875.228114516,2.521065835836672
6913535.8139437465,2.4466051959644433
378948.7998310201,2.206748421645177
2550027.2548636603,2.3688367806001307
185965.08382537524,2.1476474892245614
152407.67766385034,2.1350566669975914
2648897.015737068,2.3703179630545668
5415744.45462623,2.426000910122744
27593205.21012265,2.56239673223162
292167332.16634005,2.755275249390428
245195.69888375516,2.174992896446513
35744243.68556722,2.5798224236455454
7823520.817253531,2.4578094873735195
23207.461581983724,1.9799757282463148
42342385.91936438,2.595228083130007
10446477.493691813,2.4804316411549303
103290907.9815501,2.667770792928086
239050.79127217425,2.1687811800173615
37042818.99213764,2.5839254140990913
784786.728408668,2.2663406442865326
24045671.51233503,2.5529987577526008
31176335.552863967,2.5698335133937347
67952000.64182462,2.634774828221964
77109210.34182343,2.646630837000867
13070645.875889158,2.502218489418244
34903399.20612755,2.5789641345456293
653577.6822596833,2.2561268713200424
9266682.989555717,2.4746056716324825
4710729.357650692,2.4153810553897865
48295885.45071042,2.607290449195732
16897329.68695182,2.5190929926375456
267486517.6390628,2.7488075903145206
1539487.7785176535,2.3272134950076397
7488416.186817789,2.454834362400819
78762665.9388566,2.648155220814425
3517328.1832276937,2.392771413773869
71506742.24011628,2.640147331522195
76164108.82303818,2.6418336296931737
20102305.681669194,2.53393279766225
31463372.19492077,2.5715394386292134
10089274.58783541,2.47748200686457
23592269.20919069,2.549977174467987
62556628.24352179,2.6272569955099465
126619.8263946886,2.1198628684548777
58989733.22527835,2.623694656376725
74845.3641084621,2.0728496619949643
8495574.903692307,2.466010056486897
20367326.331602316,2.5352519797934097
188080972.7512585,2.7183299123404145
7133742.790172299,2.448587361663365
49559019.213123076,2.6089294236065848
17533848.54592508,2.524299747127222
2243476951.403356,2.925910761910512
715384.5095919472,2.2618392325559555
12249674.13450278,2.4954765175250433
91628745.68575503,2.659177506505808
8006289.059400315,2.4615431875930858
24450990.505763263,2.553273026819296
1384682.7077323843,2.315660719089433
123197116.94793333,2.6833071860607367
6628315.064125644,2.443858348760445
6202197.961077171,2.440829757597027
22035332.151637685,2.5411332710282717
6617874.086497945,2.442061480934086
314536.01485477464,2.1916812903338387
361085247.7949962,2.7717617345222907
2105456.8348109378,2.3510307881103194
21136621.388947632,2.538033388836079
17086826.767901048,2.5223067868054736
8399500.09312518,2.463329911774823
2581421.44225034,2.36640919915621
19204953.19802812,2.5302067549584244
9121817.730134035,2.468644123195482
92303720.6692039,2.6601266863021134
90073.99082648302,2.0899959883905006
2792212.01262888,2.3730720735312993
953535.0984639744,2.287713754811537
2616855.9395896164,2.369969865093113
15153022.514822116,2.5128735633949666
11332964.627644146,2.4874872653800395
148626240.5639902,2.6994494491165897
296249.67815910466,2.1892307704267058
181919259.3413867,2.714756914363002
4689776.861063137,2.4172592746757124
575781257.6185393,2.8094333957028934
95652181.25370553,2.6620799978128042
23014824.019330896,2.5472303573041453
97575606.24182819,2.665601898337252
8184636.032583369,2.4593189034999225
2653243.2863062667,2.368046598487916
72930957.38015111,2.640578699733268
5485131.177850999,2.4303315487280175
19331514.956139382,2.5326393426516756
2521733.227294521,2.36159937218964
130476157.7488763,2.6896854299572803
5069172.717879278,2.4201307615625964
7814506.477187531,2.456964507720724
8455693.337893892,2.46416685492966
19726970.72312921,2.5347498619194595
38712860.117762215,2.5909149549579236
65886409.81417815,2.6336939534651718
20094553.69572087,2.534128451169487
8551577.280820288,2.4646282204956336
814478.2045061166,2.2745844743368844
32029605.79701632,2.5717586488526982
13516017.711430473,2.5038283359715634
54012668.3241849,2.617430838988244
16527734.476046555,2.5174076607697913
10102214.510527786,2.4770143246350713
22760116.41902903,2.5444283161256847
1368592.9068651572,2.3159998457405693
23142845.03042093,2.5446190991700117
162796812.52221936,2.70592781538919
4537530.126182452,2.4145295282084924
26856407.54572327,2.558594426684241
4674322.163527604,2.4132805526625227
1972330.810914494,2.3475002448528945
56435079.52644191,2.620742145768443
9725.556882230803,1.9062459897406023
25621129.92186576,2.555703982091398
2561235.435278235,2.3664310219741664
70122072.70608446,2.6367776026361294
56074135.14336872,2.6200387733684827
45326212.446119025,2.599301297710658
56549855.364075065,2.6199426005597712
14442549.382314144,2.5081783069092456
56371071.39606198,2.618663314573101
3001200.96737743,2.3804850317785076
6163319.338944885,2.439117033841737
3350979.2107607154,2.3883074472331707
34129591.08241873,2.578115988314168
174837.3635980378,2.1458200602635262
8214520.698089708,2.4612347349137593
566278.9401796339,2.239053158701266
205793498.1405619,2.724973136517825
7421459.340724265,2.454636034890071
1655879.479427884,2.332250796299396
1133177.5417054142,2.298662379200127
204391.74031339813,2.1597006021525096
36663167.80549204,2.5844992768340522
137201110.3450956,2.6940926939827614
257327.77997359986,2.175678014895555
1198045.8530114498,2.3015320450643815
9118589.540254835,2.4711073013897997
1243178.6345104447,2.305835185166771
11249299.825197143,2.487564235442089
190561422.91399658,2.719524178538516
3412206.5118014603,2.3888955436573385
19971498.01718606,2.534722602860538
85087631.40565187,2.6530708475370774
130736795.34947167,2.6872014805146365
509474.5446048065,2.2324709840011225
49879478.1957065,2.608506740654305
78106504.31300527,2.647178824353001
17611252.208018456,2.5230751757849035
24870948.071014233,2.5549866772422787
150215.12680246483,2.135363770269571
3070049.6212452236,2.382475865478617
1342209.9103602888,2.312472196190995
47595468.79334996,2.604167148817147
2614936.483645401,2.370220342083802
77536045.22424383,2.6455680245515727
15851433.204555128,2.5141058671717835
34824814.45051269,2.579972545670359
78474395.14854625,2.6470108825506986
173982.42444336604,2.1448923999488003
21898975.557128657,2.5400645247743188
1097945.1865338448,2.294337318316357
3510376.5113178757,2.3926446311066405
30578573.369242582,2.567912465471002
48553.62937286251,2.036154288506955
22447360.847367257,2.544206588411139
350206456.4782535,2.7682389126813796
26048829.83353544,2.5574793507161497
5661425.278855412,2.431377451636655
9780331.311278675,2.474076008725213
24720916.500675537,2.552668142735742
16056441.255565912,2.515810695843738
168466.32236544104,2.1444647404722064
36216429.200204216,2.5817723575880063
1395189.7860417832,2.312802175951121
7891058.0666997945,2.457917456205022
5884023.113910904,2.4342092374880706
174426864.0475537,2.712524889826377
80855639.90494363,2.6496254448054715
423231.4113289605,2.2203437270227755
130219.19198870235,2.1226768378444087
155459715.8119256,2.702636961056968
18137500.002913065,2.523080024185489
68732843.79966223,2.635313606618545
19008325.269086882,2.531777341714641
32071.125668221735,2.007880661658905
10398.864734573639,1.9151441955439583
1242121.193716855,2.3065196631352385
3996115.5948185273,2.4017697270000555
13302685.311001796,2.500171779449979
12953983.91156084,2.497047357859929
87170091.81027213,2.6550380007873065
214367.3302757072,2.1622861737777415
11709733.918785196,2.4913490831917535
7387541.87804731,2.4568397048685364
14674344.057228047,2.507960840841622
200703.00634286567,2.1575045806910507
953713.8678434647,2.284282129364756
124855.20880534341,2.11753832679674
5091219.988832843,2.421956620846703
20815219.583724648,2.5392591386716123
25884598.26353501,2.55368957838874
559803.0577512179,2.241073633318816
56037069.192518264,2.618601954552009
6536409.239447231,2.4404015573942517
43787996.73124865,2.5998908760853117
7662659.943432601,2.4543364051552006
22987499.173432503,2.5462292753340345
3039799.4685755763,2.380508799555067
4968338.300598926,2.419175806448919
227400.68416490828,2.1684638049229825
5429121.077343746,2.430850363394837
973504.1384456719,2.290545939328777
254634241.3701136,2.74517632291427
25355754.777892884,2.5530930813109736
2525511.138579977,2.3656406204245375
2074014.5215199902,2.348878414911553
45084191.30137229,2.600280658909716
164498239.25326425,2.7076511714582505
10452613.359123848,2.4810592187752634
2901399.2322838344,2.3765771024791347
2420917.761280323,2.364897625526073
15267821.91280889,2.5120627287239357
2963637.5299809137,2.378712246190451
22009990.143618412,2.5437381019613956
10731668.06705676,2.4823447646385723
4223127.347859872,2.407540411586099
128693327.4408535,2.688504775201777
43075.69231274565,2.028595822126504
29454398.218610335,2.5662343052345924
7765656.125382976,2.458090424070684
15912754.207314352,2.51832525648108
21092249.14510229,2.5393862269309326
603561.6612891445,2.2489147004051353
19072079.890676606,2.5311617665885433
806115.2336218301,2.272339958306706
1870571.2601496628,2.338120298069679
13779729.157305105,2.50171634529098
24805118.58916063,2.5538443274070066
545870.3976549954,2.237664877873701
14638789.994379977,2.5088161450574566
17996181.252611045,2.5257756172385686
48596634.68960384,2.6084457280520463
42125131.164849594,2.5948989742989284
18638439.055467214,2.5294771735543615
2002062.3882745542,2.347367529804593
72550123.806451,2.6403165274931455
515470.16028188955,2.235402716730188
1138034.5681464162,2.300091074693043
31991175.973493163,2.5715885299811707
437746712.1209894,2.787453526741726
1273766.026229206,2.3099877031342007
1008564.0966834908,2.289509098992923
2965378.992420719,2.376288853345893
990871.7708943336,2.2856843663545514
360061854.1633794,2.773004928900206
1448797.7524495241,2.3199875325937755
67699176.49139325,2.6340422391401415
53607347.22318881,2.616322283857928
31969957.608356334,2.571774310533351
3814042.214559298,2.3982147234690103
39784280.90163517,2.589791616158119
72288484.46479209,2.639442917224446
39657677.31063041,2.5909315874568932
1010693.450729865,2.290349633413565
126435941.6035924,2.6853180381980106
1323794.7926133878,2.3110453716886292
15372377.549795292,2.515764457039431
211098332.48351157,2.7284515253481296
672460.3320881212,2.256928648606883
24446640.658486236,2.550049621136449
82566932.54900461,2.647796044562357
14723402.275634116,2.5097228248182306
581903.0630878332,2.2472592768396855
32252978.251020383,2.5726703487449587
4641137.671798011,2.4156876173562485
27156863.10505994,2.5591845605782497
40608197.66495037,2.5945979532630803
143668109.4090218,2.6956897143023033
490683686.0189827,2.799683689796315
1569187.8299202744,2.327189836004574
9267688.03389296,2.4724922729184184
937632.8717073797,2.2844995589574433
686904.143735096,2.258552674107497
42991650.329294994,2.5984168173791393
3647162.6841102783,2.3935478706643374
102557651.93335183,2.6689232233471385
20745439.272360925,2.5392157967633158
14861801.534028457,2.507940059132538
831593228.5348783,2.8402399856064293
985206.6101136225,2.2859023376180647
13871718.635482015,2.5048319576733067
10577251.05629104,2.48432123984863
5239676.128991765,2.423246162473682
3169959.5952043743,2.3815913433346534
3462188.982973079,2.393646624960814
255143.56777163153,2.178454049485488
1428305.8433855502,2.3173696852714922
33277704.894571975,2.57521323340282
46697.318294211014,2.039131518062833
4506918.886695143,2.412028488875787
27983033.416855518,2.5625859948114704
23997468.33788569,2.5496396618342643
100407.69263090518,2.103542049110279
97683940.9781239,2.665954780448927
6252022.571408757,2.44010109529228
1127698.0832333155,2.296767021079354
2070030.5659292208,2.3497800798731894
473863760.5480975,2.7936734041853333
1998858.3968081176,2.344612299774331
290083532.40219086,2.7527915202507534
225085114.32266358,2.7337577718818413
1297144.8617032142,2.310733306323306
6507910.283217811,2.4427740617208498
51995580.491909206,2.612035768482084
37268000.9808899,2.586247168760216
11879668.418996457,2.4911430232154768
3333740.551959255,2.3868254304767555
15938469.744317176,2.5165269770908596
576122.2634869037,2.2420408892838988
35273769.964889094,2.5784858241747677
25802933.33071737,2.5553484676935665
11226259.451534128,2.487162003272294
7993038.349952794,2.4589977702255044
5024543.432875994,2.4229112313951395
4524376.279241393,2.4117410777178763
23948692.778368365,2.548981715204173
1172720.446823517,2.3009082451917684
11322810.177613594,2.4882783943338036
7750829.537890779,2.4587024887536186
32444.33154894545,2.006559043949835
11625075.912349157,2.4888181151613873
35576079.99702086,2.5814441479357613
9742266.828924628,2.4722883786250014
80455584.33593842,2.649684880275526
8972090.751802988,2.469504515736655
140455960.715321,2.694935405367042
49380237.17118627,2.610354855027583
3356672.1003854563,2.387535083339897
243841.37647864953,2.173012169077682
9908432.371762205,2.476440591178264
4404999.508821224,2.4093254824595345
1669133.4598253258,2.3349861390862325
3363666.1536632595,2.3888244260091778
229486.1023589963,2.167402442013874
291907.52960346115,2.1859857691003426
351785.4056567972,2.204562360108325
6259721.526229852,2.43873478039858
16364975.19857572,2.5189612893002598
51524793.398908995,2.612407690221625
553657.1101832103,2.2410031022143913
22059685.001753435,2.542897470376629
6645299.440104602,2.4437783144387737
34515660.41386487,2.5791939466492795
169968.08214780915,2.144018530483358
3449150.7820315566,2.3904587369784798
193775922.01583976,2.720712128668926
71753900.63845709,2.6392527225748292
3730564.4971174793,2.4004713727674707
25340307.492246155,2.553469571309406
99195026.5266107,2.6651486658814365
2750228.3081157533,2.3730068919040233
222339083.35566014,2.7322910057192877
16251588.958359601,2.5177678795285137
245276.13104710705,2.1723704014177123
309311.5961157092,2.1921183353867466
18939985.93316277,2.529492050209722
185581739.9827734,2.7161714869657305
5689030.591138576,2.4290782552112056
9580660.511536533,2.4745580087636845
2664532.5283180973,2.3686815930324667
59597278.059838735,2.6225992141021
164564.65137823368,2.1397228280994116
42748776.11977883,2.597295650667995
16333765.699237503,2.518999734573057
22620986.18189003,2.5449454297030076
11051855.964700196,2.4840488445581084
21291010.97082936,2.538604610951324
1841702.9075864991,2.338470964802182
873956.1668857019,2.276343741241466
780114.6275780721,2.270089069897951
3419481.280633898,2.3915982047580764
2184396.270991769,2.353122066247846
3322405.887210088,2.3892389137486894
199276532.42118865,2.7227502420901972
1521361.8215583705,2.321023604154115
3481009.742845607,2.3902729076361493
113671.27280923107,2.109784409065209
164464.982788982,2.1381556039530327
32836.13536813335,2.0076761317602987
7140763.872288374,2.4488675130188713
1528.8768004405133,1.75694490321826
24392578.312245827,2.550468011430204
2272056.420628895,2.354650211690784
24593154.253640823,2.5529365185937767
131170136.87012792,2.6899467045605587
31659759.174905404,2.5713441048618537
328180.96260891197,2.1980663252651356
318425.2996232703,2.195339180727755
271378531.6788607,2.748533051266354
32730893.05697038,2.5757814795762264
160714757.76453406,2.705632335599895
364607096.46027327,2.7724254474614054
9660602.348990628,2.4763679254419393
19711.84082604796,1.9702638438472202
5020657.86475555,2.419421325401831
21951874.982323032,2.5408701736354016
1899852.1259377478,2.3443042427203626
24845614.99253859,2.5525832972799827
53833213.55467753,2.61253005290651
2754810.954963375,2.3697144996338517
1989321.9798260548,2.3478152914489776
4667623.004819424,2.413965647039024
27738332.976160653,2.5614849020998824
24798136.39081494,2.5534243578587605
42770060.73220396,2.597952579481983
280370630.82420945,2.749627630051532
7205537.425677612,2.45207918327438
17004941.815717746,2.5225328062227166
23388767.95074304,2.549372284214759
3728192.9821677576,2.3963919670918026
832769.6553806448,2.2776293334466993
9691120.73269155,2.4767753264810555
59540429.64888656,2.624850158761883
7130233.878299495,2.450026367513411
11199268.39577328,2.487947763961652
88343418.49082306,2.6566317942511106
241425582.3288032,2.7415187984473057
105328180.45505942,2.672637441280321
74552302.9090621,2.6414203487988717
44551224.53118197,2.602056646847932
25183299.652832482,2.5535174183255696
20240427.223681584,2.536531637099828
1522329.5016583207,2.323048826727139
23492.342262701048,1.9809219505158704
20725772.371121407,2.5381500283271565
44925885.74352464,2.601568895438558
3794947.4721163833,2.3972217430665546
11486398.725781925,2.4889476662826358
934469.6229349741,2.282307870450335
6389665.777344832,2.440705210234967
26118277.584604546,2.5544515723445143
97154720.16647638,2.6619690643650458
677141486.3400519,2.8265462663507592
14376753.197846394,2.5082660103126866
36404676.75697407,2.5826313631502047
32864664.80071144,2.5755655024821023
265362.22015164857,2.179717853706024
1046811.7679778909,2.2905064490957963
11302148.123306133,2.4887681740598278
4959759.745470364,2.418917585836114
53096133.77292028,2.6153497570218587
28992224.207550894,2.5646577217832798
17207442.38278051,2.524093767233337
21762937.61794049,2.543840675890825
152005129.939414,2.701951424575931
8337859.700932421,2.462393012857818
33641567.65299387,2.5776777591680182
3706135.176323862,2.3985913056825683
888871.1137479163,2.278360337095611
17702307.055488553,2.5246201323650572
93135066.01513284,2.66090775164838
2314934.0893844287,2.3588674892106116
34338009.00089363,2.5781569971943483
44621572.27931068,2.601052282412727
69359038.86335029,2.6360352407028085
14924132.417998638,2.5105250792728566
63465119.284705974,2.6307544190229732
4139299.214771646,2.4042207598307317
652229067.3538245,2.821074283292585
651261.7160101577,2.2554146828243113
5949356.653739803,2.434268851380906
4846882.282101968,2.4207005581493766
491971.4192676711,2.22907021220671
40273121.439809225,2.592557709781507
15987885.364939554,2.5171989179446235
129197004.08458179,2.6871308269053733
19705601.562496413,2.533865434217604
232186.42788826567,2.1685926370820625
63675633.93883799,2.632171035351857
6736286.899509043,2.4457795926083614
260060265.73746896,2.745078427872454
141541236.2424569,2.6955654638015534
11371718.723361649,2.4885419388532246
2143602.7573410184,2.3493726282949963
48913638.12976192,2.608484437604227
69593686.79877011,2.6354274614395607
58436276.61330874,2.6202111574948037
3256044.291896541,2.3847057920654384
1419003.9352115318,2.3198497006840855
514677.7520301648,2.2369735073221757
5249163.976153472,2.4255879017724764
15213813.761273239,2.5120951353053433
17262866.0117845,2.5227414674681823
14281864.302028432,2.5054321882685406
93488885.76220438,2.6639964716604765
211746234.72818378,2.7274090977389354
38406803.10351015,2.585835733423673
1932305.9075856484,2.3414541213988818
95423312.11792988,2.6630936503857985
12350046.729763113,2.4959159975346834
4230443.029034267,2.4053083027434634
557629.0233214721,2.2418014622922455
525516.1251252206,2.2358243012175905
62532.97914350231,2.0616107758452893
27144575.91568954,2.560574876456671
11116.605963291719,1.9203265528325104
5134401.314856244,2.4248816929723827
75061735.7238333,2.6414132714990033
55444362.0791222,2.618138017937283
9590110.155401044,2.4735764264434894
850674.8542185785,2.2754658947727124
29187.596284326093,1.9971645641886648
77855816.61169572,2.6439403805623
599928756.1604954,2.8123147099758827
14908975.415657809,2.5104058040589634
2830297.0133849485,2.3734667406037024
6910858.066288611,2.447206953427231
79022612.46709977,2.647473023450367
1306236.500443095,2.3113161645734306
4638117.33289423,2.4151213292966665
3859510.9885723605,2.3993868982250377
664043.3749746676,2.257234826060713
2207151.925954178,2.3555445971240507
7341413.442604385,2.453658939946783
5877484.79015808,2.435614553330325
2844016.153411848,2.3748081306771054
345412.1219593376,2.201991853145087
32217530.882225234,2.572851933986408
23853792.982154056,2.5468730517939484
392302.1579208223,2.2098604961507906
19360445.623656314,2.532319974374352
988952.0306442279,2.2879606766900107
39100.07485902996,2.0218878160529385
54902171.00571771,2.6157845119837004
14402595.856137432,2.5069777955912906
8062297.072284095,2.461898319279412
21878128.18221389,2.542101476696982
56761969.54785312,2.6189246375527837
38882487.715247266,2.5891917294180655
45069.60743930811,2.035507433892918
18910050.64818369,2.530083543887811
314297559.7662677,2.760178459259205
1800704.2035169797,2.338329697500072
68800662.6439036,2.6362957907389113
160710860.49787587,2.704867717836381
12117815.17660731,2.4938995236249544
18741912.84497932,2.528960399592036
41943078.325035624,2.5973160769070396
2627851.0172510026,2.36865663927475
89953.05565584765,2.0937355410757017
3521316.1880692607,2.3896945392899727
2449720.8870550646,2.364693916853127
4813188.713984086,2.4194232577623516
3785125.9766368214,2.39824824992148
41286471.89005671,2.5948652705947843
83939215.32975912,2.65304525630158
171061.2231394366,2.1448591506623327
34545056.34200383,2.5783735242823047
9097930.047231365,2.4692074681823075
7402560.9963188805,2.4524297075734935
101672849.37461552,2.6690595409940925
54007212.72023362,2.617173608414127
105793237.57846028,2.6710302123206886
147329.308973915,2.1319252195632563
89388.94389733169,2.0898388371888044
3944891.113471875,2.402448797254078
3353698.846903011,2.387141080692396
2573.07947864791,1.799111892902124
1103140.1252005508,2.294976753235461
2076983.2495244285,2.349703189649476
3650082.5105800456,2.396343214087694
32207963.062713455,2.571863189948076
182462105.07058263,2.7147762658071177
11048557.10532113,2.4848914652891763
24630038.63311874,2.549857654680969
34994808.4199144,2.5791012791544836
200407397.64769122,2.7236722134917692
7914398.19764525,2.459706957089099
4165456.208736171,2.406007701084854
122894625.83553378,2.6832916037523113
22000046.009604406,2.541193593895841
49340847.53755599,2.609346679171698
498647477.71791816,2.798484638225649
3754694.7288542083,2.39965241459933
134684567.5767905,2.69172155138843
659076.5156121296,2.252461617603243
396913.1302526389,2.2132308881724163
29485042.658099256,2.56700316623263
572520.2328047655,2.2402961975671083
3544931.091789259,2.394883276568672
4285563.813056206,2.409879826788
30043098.9616854,2.5671382672989744
4946320.068562712,2.4186294109031135
9984022.306876933,2.4777079203747827
21531053.676251292,2.542214362487483
40807600.60371413,2.5944423103710017
217739.02445559844,2.1650198901769904
1133983.3463519397,2.2988948765053685
14610.156637085043,1.9428476567081119
5605910.705920275,2.427659249964942
399007.32781202457,2.211961299438572
447730254.5374443,2.790021787542416
4208414.528808197,2.4060339159593442
55596422.229882896,2.6177116009852637
5176654.435394905,2.4226593544376582
9445416.497175455,2.4742557126791165
53466089.771225035,2.61583421774521
48095393.55662877,2.604501484093901
315808338.985547,2.761760371704776
63745904.61744269,2.6299020497696852
451800.2089806323,2.222104745544706
4709944.317023001,2.4163685085996693
174703048.54702812,2.7100185121610494
64408004.53691015,2.628847205664531
103330911.08997706,2.6686511121432708
39805849.46022007,2.590508308203202
16866200.093258645,2.5217323597287873
11206133.703411398,2.4882059435783215
2403036.122483681,2.361753737038111
911003.7712145032,2.2810185257772932
34249382.18271441,2.5786935306203707
47044095.54757013,2.603618804353435
46418833.56411796,2.6046367708207465
2222579.7118840106,2.353985204286625
1499776.5685630136,2.3229635110623725
2962994.032457591,2.377498465461646
1343911.189640255,2.3148254280077274
12632718.325552778,2.4977598330160027
37247680.91802765,2.5873533096835644
76812012.91862404,2.6432261859340644
5612179.6380336275,2.431921540416288
1414940.1648156294,2.3171940935998876
4027306.2904726537,2.4021669098717626
92079709.21849564,2.6593934589326347
95139936.84087548,2.6620588682174766
281282568.29351836,2.7515014085969516
28765930.71414451,2.5641536032704564
103664776.15315257,2.6722187001159003
39625246.02658102,2.5879162790123913
4963425.49072992,2.4197345150491145
112140.78738627081,2.1087162975730553
1029615.9556891132,2.292092032308364
82398743.59394863,2.6522137762257274
3368261.3168843403,2.389055942980034
2453883.8685116214,2.3644614407732645
65475282.99489759,2.632777807582258
15513540.945365814,2.5123619637817387
457834.62433789915,2.2246180359109915
82369389.28014922,2.6503941301636864
70726876.22988304,2.6395916819935406
211379255.4854583,2.728146079223485
6623061.492580283,2.4452256885576578
102124.65289436818,2.102615089787913
7164033.932736389,2.4504625593091327
1635827.7356201774,2.3290285639846537
336368625.424481,2.767767825116764
35434076.0934963,2.5819524968216068
54904922.182589054,2.615760093071181
295845025.2024345,2.755837043866232
7530957.204128383,2.4559297544420304
838356.4880859419,2.2753612420494918
11892320.617648413,2.492885202004427
233705.60841332865,2.169407294875726
668105.792484536,2.257900111581748
44675343.37476141,2.599535791962355
2660769.966278011,2.37035422358305
4494584.862298196,2.412362583003328
16738438.768468857,2.519983760726787
97203786.3304034,2.665308743586693
5237935.035176077,2.4256842822876377
1557287.5352948178,2.323583798885303
195571.80166282345,2.153834112116015
184437.47046772623,2.151223718607819
7753604.420072463,2.457360255286413
228479.72607978515,2.170691353226294
92164550.68069151,2.6590742572707438
28580501.658879016,2.5622752882511626
287942.42676610354,2.186531834344527
14230780.623012427,2.508895407276901
390110983.2072015,2.778992338982027
134717278.24011597,2.6898977650646567
67853979.80015528,2.6353922730596295
4049728.1908505056,2.403108349054181
6960453.700815489,2.4497500850453617
9831140.808895793,2.4769286807997455
3400930.5535430647,2.3892726364987227
1254742.8774554674,2.3103763793839143
3983818.3229494574,2.403871810918274
17933028.378327765,2.5278418586563727
8914827.695754388,2.468088332785964
6827312.700640514,2.4475100410291035
57848885.99160164,2.6196953244933385
115898648.13171393,2.6779092652965293
391094.1230783347,2.2103005497437533
140383.6270134667,2.1282743393647494
11526199.866899524,2.489355246180135
217586039.83721253,2.729348776712722
3561080.307416867,2.393978616980525
2063878.2391357655,2.3484003238467777
8264235.703088867,2.46313875105062
7787025.072250676,2.4586430291161943
10563814.878380833,2.4812389470183613
76399977.71080962,2.6435489273944808
2259422.3827690915,2.356760255791945
17764864.08729094,2.5232114073450544
3148596.330821359,2.3811985166004077
2691412.187871871,2.3726597687456747
3394174.6666617724,2.387888213265253
7625377.225471487,2.4555761127247795
1652206.3385839923,2.3301822009145177
3323510.117320482,2.387307718919371
56744361.08032988,2.620104350466546
17320.18126000982,1.9560564025678753
4438177.16314675,2.413482275519241
2137735.8210769524,2.3489530298931776
32092140.746817544,2.5728127007454717
13669697.956081845,2.50274833334121
2881628.0172516266,2.3742884557519344
26805218.704100512,2.5588695370383614
1557697.6380839706,2.3285564957788005
83020004.86989385,2.649481172251085
19327065.46476417,2.532084464588054
327660.1304899377,2.1978155445785985
1913493.905949782,2.344482838813068
17447720.01353249,2.5241785258283507
4204404.4111709455,2.404693443063053
2479316.5374436835,2.3642231750245246
17054048.664336335,2.521203449764744
12241.531260377487,1.9264706479854812
34404387.09164015,2.5786794035321714
99430726.73959753,2.6650292830886726
9958286.912379367,2.478596264580427
824927.3916856982,2.2729162555810793
113174061.89513224,2.677167754005852
62575633.15877393,2.62919708844962
256969.09370231951,2.1764582693561443
9845472.620920768,2.4768952969763025
108381590.46055025,2.6725770129767508
226542774.72913313,2.73477575458678
5380720.580329229,2.427300394654666
1237774.4061139051,2.306057028631486
23466651.75852272,2.5483547670205247
7190303.287756288,2.4517482638770813
7803538.12492795,2.4580723956835677
10694315.445259225,2.482653862642224
57538161.67925205,2.6210329172344005
273.31548499175017,1.6167960430295496
8202917.224990676,2.4604174678449224
648720.8773247412,2.253656828774062
986115.662540393,2.2871265455152194
14082972.15777629,2.5063544166879064
169538022.29019004,2.7117333414703553
43978880.13900935,2.6005701419049223
40895880.01510023,2.5926050774975193
7976936.395113047,2.4600795032564147
6952513.619931839,2.449173911260507
50413006.46711872,2.6077361455006036
403631.5627677725,2.213502529288082
9652187.459233852,2.4776887385809743
11377133.822401995,2.4901309759777956
163736903.52668917,2.708126355353115
173354.40563130498,2.1444903044679506
213776.61664573988,2.1607944168727165
4914.640276716752,1.8519340404578732
336220.44599153765,2.1987595245123304
477694.9835534174,2.2266771227155746
25411253.380792994,2.5552879033774607
49367226.34009263,2.608393720488468
61145082.45730079,2.627937267121481
5541350.330322079,2.429083861082982
42777558.514103204,2.5956737555068625
315230364.64621156,2.7598468747983316
28423739.183323283,2.562109148726383
119871.00581944718,2.1153099265735356
110383202.11156873,2.6739105744052636
18476922.45730901,2.529728496750904
75040387.48869902,2.6433066272570227
15058.700469008087,1.9470523289017578
2542937.1751625445,2.3655726238765094
105037311.05942667,2.6698056247983426
22669613.99082494,2.5439840833694105
13470627.850179937,2.501094520746344
28618894.70229457,2.5641639006454224
21189823.05775705,2.5396124163462357
68175.39960978269,2.0680673119224458
97219601.10860007,2.6649713648289883
12636497.391691023,2.4970880753882434
14819110.243232075,2.50959803413317
7243687.280457058,2.4513918609413605
1237494.6599282015,2.3058434642893655
3812598.4289715504,2.40025031070625
30388675.2379546,2.569150288777276
7581379.207586514,2.4572548671643974
120112721.97082223,2.6832396790699016
42147714.51632722,2.5932220355438504
6778404.406734396,2.4462426413429763
137650766.89900392,2.6939587237404736
8220999.093972451,2.4630435692900785
17134096.75887553,2.523947004183265
192293213.3837085,2.7210315543431887
5434568.52732205,2.4302845553975114
179699.8441114722,2.148754415208801
7905115.4272650145,2.4570188383116593
104955026.77437022,2.6728910155823242
18914965.626766525,2.5314653397892974
481447464.98903155,2.7969809218210724
2885966.0158770606,2.3784007263070377
1014977.6387642624,2.291059144523418
28880746.751200534,2.5642532275056813
11433068.547036676,2.4879211336760068
9051.226957534516,1.902791065821348
44646797.3084557,2.599978220984957
2425405.500379609,2.3632421927485874
68827547.43368019,2.635612145576093
17848982.28545137,2.525024057182113
184308.98201867662,2.1495042659288335
31750437.825957637,2.5736385615965345
166988239.63254762,2.7088676190693066
156301299.57896546,2.702905767756061
2084223.4679010126,2.3474428625805936
2577262.0329567054,2.3655077082930216
3957460.1158278342,2.4017938749451595
4219305.945620821,2.406418443950489
93211442.78366527,2.6602062356273644
1247962.9634606144,2.307097276129012
173089378.8384028,2.710572537200876
30880027.28368369,2.569732689235442
20522644.947807416,2.5352678002461775
1384430.071765792,2.3143952077292758
12533064.148815654,2.4948467701482384
192959577.88554162,2.7198190120694425
14171842.643526519,2.50683247375954
656917.4272762726,2.256559892807568
4145661.443036979,2.406224117157951
15369365.620183926,2.513399645566424
33142118.7684787,2.576188780296805
5181715.247792342,2.424434893275684
2172955.0699546067,2.3533185852078216
6661930.84961967,2.4440231128592376
34830747.313406736,2.579602023138057
1146402.6060380735,2.3028219639687375
5762096.724132357,2.4324354678527658
29838518.56531597,2.5675824974941595
14639982.429533953,2.510193961991233
171450188.19042164,2.7107585879066542
6819123.542131357,2.44352891193485
2121186.3880701577,2.3497535883366005
2852847.052647437,2.373943475598518
6993656.549494918,2.447838650129396
38497577.69346837,2.5886688796731137
23756995.939448446,2.548046324651166
64228489.39660929,2.6310941058453867
51548168.047512606,2.613616617193428
48342354.129270606,2.605700098212739
409953392.2166137,2.7846348922627366
1155838.4252539412,2.2988453381575344
18358667.495665163,2.528131418386657
144400.60217765885,2.128012214920019
270913449.4560121,2.7488675077990887
354277734.5187807,2.769983428090267
353897.0248987524,2.2018286948874084
7848787.484274768,2.457417676365761
10972512.281126542,2.4866769046382866
42003096.44557022,2.5951589519403133
70204046.7884641,2.6358655068647714
17976744.906586736,2.5246317826580835
5067708.963746958,2.422307021253899
257082930.71542302,2.743014667782784
26802894.414512213,2.558130951174341
5509557.52385675,2.431123791918721
15311563.262227064,2.5120200319456893
31579.538288881693,2.0028736636760702
12614459.671800489,2.496807552114848
37636524.93657812,2.584364863467922
3627327.1407859,2.393714260403642
896629.6557930629,2.2820321775649055
1009204.250896216,2.2894851009738284
15517067.73357905,2.5128203724636227
561.0248073768224,1.6745046508490355
7583075.37722445,2.4545241285122206
272324.42082478147,2.182358344435235
38002132.66126768,2.586325105150577
244416.10246630548,2.174128906642975
12566096.126557063,2.4963832950412153
621971.4267307301,2.248748220098001
16749.09562891016,1.951777764712879
3757000.6803449118,2.398800791433385
19317364.539725907,2.532801866718711
11809.034891011208,1.9261705829447815
5095660.003305732,2.423669208974085
16762987.014497086,2.519351422720777
6762570.229735884,2.4445265148013555
2605215.1030321848,2.366385568060135
5397250.299863559,2.427442587773398
10842949.685714087,2.485652552425772
394608247.43051535,2.778613873229884
2102771.551619533,2.349498703028319
1294329.2820898786,2.3093485139481627
21737121.50944418,2.5425759260952923
119240248.56907083,2.682303969931878
1081597.8399989798,2.294912655543062
4817043.9249850735,2.416294909489632
5289468.741605089,2.4263656671991227
3114179.4869490713,2.382109808123387
26731421.085687578,2.5593047095583445
23163265.109895602,2.548119966113837
37582413.00533851,2.5875592453632716
1035672798.8008871,2.8604774054488473
522081.2889585628,2.232589895898041
37815.90562054808,2.018366297723974
23878839.09073463,2.5484739765254663
8477143.847356554,2.465196276281805
171840.59584152367,2.1450937234794836
2069164.51345504,2.34955372048624
7384807.003961616,2.4526903569588323
114921846.5543656,2.6791940641299052
14018501.85165983,2.5058584016811123
37035413.80159106,2.5835551212905736
112123207.02930608,2.677196796198919
9601114.014266675,2.4761878522094882
2678075.1303545577,2.36729932920353
71318543.96476503,2.6376989319268707
99608983.05694474,2.6658945864160244
2964539.927157842,2.377951450359379
157817759.3317029,2.7024212577634246
51113029.64803149,2.6095275191331315
35427054.81376422,2.5816540864886
55131641.81372415,2.618903145913053
8150977.6473815525,2.4605481903692783
37243851.35533414,2.584771015906093
1166366.2073373422,2.3021092004595016
14649206.378481658,2.510504975949629
8024763.944140958,2.4582272474230162
3239626.5802557603,2.3855072480133384
658686.9288902499,2.2544809677785755
1770560.1030040951,2.3348868210458367
3858223.8655026923,2.3977004911426816
98283017.80394329,2.66423503928916
69542557.00692372,2.635636256846957
289392813.31306577,2.7570338873957145
44682071.6318397,2.601345196304794
108049498.41128765,2.673728556280319
5915437.492738467,2.4344688982718874
14339059.38370021,2.5056180370017915
21153271.84978172,2.5391357686106204
45778739.02672822,2.6050024602818564
20578836.200689092,2.536003973356812
27541660.493404303,2.5617307945957175
2030085.358473917,2.348999216111505
16565072.272436745,2.5183664215339903
1552005.8946145617,2.324059890738496
1935547.4927778807,2.342992629566318
49154322.12485342,2.6079599979009283
2757883.058715704,2.3712347628242383
62381602.22549466,2.6284962483096623
4196471.701729959,2.405666209369336
91917366.13013382,2.6604665807892087
13235938.585107567,2.502026459113211
220992533.23929673,2.731725791371001
6754591.527570875,2.4463200986131124
27601099.253971722,2.560740965346734
165953131.93631834,2.707630701333667
226631.77518117358,2.1669198663850313
759279.7017996707,2.2683125121498233
361826296.51523316,2.7730538398253186
58838367.28453445,2.621900716878603
25105391.494317,2.553512472615943
53445641.66027125,2.6140641790093606
3908206.90865459,2.400892886588834
46781916.30966456,2.603190108069075
177794445.77771848,2.712965174457685
28695.32015524533,1.9993538627554501
271372.78511537635,2.179289683593861
139737084.97962442,2.693470405769484
15576859.810917854,2.5143872743396876
714190586.8594356,2.828154477505007
45158417.42698883,2.600291028425192
32871160.70287023,2.576486212598401
7820837.887206068,2.4591112325001343
6653261.625137367,2.446454300653307
17833938.62640167,2.525450339351554
24598659.995191533,2.5507338497876724
43916834.65312259,2.597281349758523
84755406.28137243,2.652759224037158
48732458.86004171,2.6075101831769727
127708428.95984738,2.68795872079872
174320609.21681136,2.712444385752233
19061438.041768417,2.531356802125078
199079229.08903146,2.7231968810026843
19592863.819220573,2.534352632147401
519756.2926309085,2.2362407364061077
136703.85550689488,2.1283148213833405
255953.34022303147,2.1778759250504685
18814642.929244056,2.529890544251886
2937989.866669343,2.379216322243926
9577254.705032941,2.4749195864563185
2836639.646618129,2.373542922429728
459725315.84357536,2.792214826026762
425618.71689945104,2.218688367757001
5228620.080968547,2.4262209198383506
1259021.070013999,2.3076616017365783
247003643.97609258,2.740859968081016
26676665.268901262,2.5562968429576007
17901420.535889074,2.5246929893357413
37018602.473093234,2.585499402251941
273450942.53617007,2.7496893311634656
1596690.4810180196,2.326240190479087
40399215.63947122,2.592823549168569
2069691.0509513523,2.3484245273227398
3759923.686294137,2.3971653485231323
137066325.66751578,2.693327770352496
12638760.8763015,2.4987140092309006
28847580.307035778,2.5646010861320985
26998187.349729832,2.5599650712296076
1938563.0872862716,2.34475318780008
51742354.32598954,2.61370280280718
6603306.18604456,2.4434342015490516
161263314.3106314,2.7061903719003935
3438576.144269541,2.3906788614959034
7722493.234843005,2.4570883588081642
9955424.665217254,2.4752702470288703
144006.28541519935,2.131874959571795
5901455.176416608,2.4358440086539686
14030070.395601436,2.506847448009207
66902416.88954364,2.634907271370764
8955878.615421886,2.4670655300483544
2868368.0714747845,2.3760607568164844
3909493.8259283956,2.4008888833896656
34049491.41877805,2.5788952516915384
25614463.599557437,2.5535700334452374
166442.36182584916,2.1417773531200837
24091431.655989822,2.5490606644684446
82922733.00519218,2.6520568316397664
2484239.528750491,2.360799331651383
2672651.869670475,2.3695625794187807
39557564.38455188,2.5889200467037066
232689591.84343755,2.734873735702322
3700443.924424154,2.397816421541788
8612011.277830785,2.46615114493623
11596833.663039995,2.4901392442541646
46225197.46341945,2.6026643241538783
21480241.297573335,2.5399169486315594
44185588.19563296,2.600733025150151
1214446.5884468637,2.304878906098827
512209.8486994157,2.2323685123262167
9111155.641331166,2.469439705895909
115632082.24556862,2.6779557782822168
573.9351352950072,1.6757211129956915
44909185.430210106,2.6016524417873224
87608271.17594379,2.6552685712726998
40165591.463856585,2.5922636212548547
12129723.568740217,2.495426108709289
20749656.353590537,2.537054398737764
5623733.728970272,2.430985614746276
1625151.805014969,2.329079745538763
58409779.436641365,2.6243670943482442
558954.1686575791,2.2427243340745973
9252085.015089124,2.4715260208611696
2690903.1244108053,2.3694576662209736
762610.4158077913,2.2644221332488135
31978.522060429696,2.0064175784003604
30467693.334002458,2.56788345881417
7508334.665004856,2.4554123436075477
105418190.66085269,2.671876761402691
7023336.40765578,2.449281461087296
1779878527.5448549,2.9045384162040464
4568072.840466299,2.41271287410427
7037085.005232011,2.4473092211782395
3371070.520991616,2.389504246175727
19265316.995434355,2.5311568131672204
226285939.5707399,2.7344704267360718
19297310.82428842,2.531029073404125
3739179.622170048,2.3998062643878595
37722963.689496696,2.5884426912595555
2803057.7164401975,2.3725024310890177
87483546.32289231,2.6560095185235273
2585656.1811010917,2.3658473766315637
7169825.721715003,2.4516467408486475
6488025.150612226,2.440541094356047
33245108.86703322,2.576946974563522
1623670.0493637435,2.3309853207712767
71299728.569279,2.6392357902298387
6193108.727323565,2.4371913315243026
964788.7520836414,2.2879107192262937
7051621.107739234,2.448956939930636
684866.2383946124,2.2605164355507568
3701530.275799068,2.3941604304003046
259179205.3006791,2.7443899329284824
8688324.971911317,2.466981546541638
3548258.0799167263,2.3942552180712138
8515631.421097068,2.464960144345214
43643041.84725293,2.597987894173329
52979976.43235309,2.613476163405375
8983.31577923997,1.9008695697171625
39313945.40971578,2.589557996840769
372605.51983408857,2.2095396287154174
159705598.2463421,2.7050650098853297
2074467.7958075171,2.3480553681623806
129678294.87489502,2.6893281945919267
1766344.276123146,2.3343869365738206
13654372.460460745,2.5035429269352822
64808.195904888344,2.0652902929372807
26718933.109281283,2.557464274505853
43567992.57180457,2.5965256275123116
222017.38674247105,2.1649785508176653
16837841.829045236,2.5180646300506075
141873358.14387065,2.6949043730195568
17937105.86667066,2.5264824414868805
8832776.21104253,2.4649398074032502
1058846.9771604417,2.2954736251440027
2795718.0738672507,2.3730668315297874
28316091.055920087,2.5631296180350023
7121841.028980584,2.45241369237798
580341.0384596467,2.2429484161600324
462853913.87603194,2.793412037409905
161269.14355950334,2.1360951911414237
621909.5588747166,2.2500980804250537
4471682.412522005,2.413329883543559
66802.90622168874,2.0698006075970095
14694939.763992045,2.5109036533561566
586676167.6196635,2.8116251796121405
12789621.372598229,2.497455928932468
2352174.38596468,2.3581690020428434
2549253.5872084405,2.3646805652954974
17752306.32842198,2.525100988839957
58021641.47740049,2.6227518321663523
6629255.769395501,2.4440583923603367
12630740.06805311,2.4978891567973536
24943955.08104951,2.553429464579355
1831959.7699697039,2.3368207927640423
29505749.957191996,2.568060649117221
1099491.3707939559,2.2954191128923616
3685894.6436390444,2.3957233117553156
256663298.47151598,2.7436745612998004
446861.58246814925,2.221730127057024
9952844.38007939,2.4757706146520437
139789302.31193686,2.693524554815197
48839.29214622381,2.041496535062305
31127107.23898765,2.5721138781607196
1089777.4124075463,2.2948511805004954
61966519.01283282,2.6281471292528216
2419582.601374191,2.3607320413189634
327668625.39984286,2.7633418515791988
1258673.1169859017,2.30398685895516
1669796.3013307787,2.330474435738768
1771226.2347216078,2.336018425524696
27328307.619382683,2.560563664057846
2398195.3955195807,2.3638985290168524
5069453.534735822,2.422913070390535
94166729.13390478,2.6635602417318776
40846439.215668865,2.5915778540121286
20080641.576707758,2.535306555209179
111464301.9800934,2.676513216700734
22171058.769904733,2.5432864520013916
12508.590677088236,1.9281316698226043
101551383.34246087,2.6670095797982487
668191.556816536,2.2550070099878394
241876902.77835345,2.739848657159414
1226814.421416456,2.3068098538807993
10705254.599693257,2.4853518288815875
9084434.462860415,2.4673088565472256
24646116.33256048,2.551959778449224
632191.9944490562,2.251951726608193
5672992.099430354,2.429352612818583
6191845.436909794,2.4394157285863223
96937379.3511246,2.6649920101587066
369994278.4108387,2.7736023562257945
1942353.481279338,2.3432154460099537
428053.89511361293,2.22183237051859
85433550.60778652,2.652200904935099
98574050.14440212,2.6651102136707654
43531728.79327539,2.5978834608401256
17908288.12535125,2.5253583203833827
36962842.49961941,2.586838453149932
40805012.9850573,2.594324934018738
55156.836886057696,2.05139634010602
108046.96102698635,2.1073695823454215
2471121.282723823,2.36165968203864
6326.9903448421865,1.8744216168703232
2627534.8459741124,2.3659942807098515
59653508.52906514,2.624937925817848
5019862.047630397,2.4192933100781118
103035186.12628607,2.6685096121502636
53550211.80108381,2.6148996717808473
3683870.527488067,2.3976850906916045
58080057.012567334,2.622809039332247
14016008.06533422,2.50313274853231
7872244.656038352,2.4592934323022027
5489179.729414421,2.4271044115716016
25907099.330924395,2.5565097689283873
1823747561.524344,2.905227778503592
349948075.2217306,2.769711976106695
19722821.603193466,2.5339695826757724
56290.230662330505,2.0556939951955293
37325.05952596867,2.022460322848585
29270551.046608455,2.5678277778783993
515138.2831535328,2.2354276585305524
258452.75628027925,2.1790161254254845
500193.2064880303,2.232102128776711
131523148.73493789,2.688867388085707
32368180.22512106,2.5758158699940688
6611966.509992084,2.4443678574371552
19092260.397706773,2.532085522505833
154338307.559904,2.7034239934777955
608851.8855819068,2.2504227516382858
100220922.87077078,2.6662008141688402
78059025.9499058,2.6462283810513174
49429547.92196502,2.6097483736084963
85521427.91201998,2.654623678892877
7860068.5819115415,2.4564137284018526
10765721.310337871,2.483964140055026
60363834.21639051,2.625010372479228
211990550.75525168,2.728220069661821
1623075.149605857,2.3278326607359587
24207473.292923313,2.550754585259961
7946630.404305985,2.459698798194091
45049353.49153194,2.6006819446668175
5597694.932204742,2.4304895232752117
58763035.755984396,2.6239314944120977
58498572.3653823,2.623233249191617
11002751.017548524,2.48463499453117
750665.6861609517,2.26732406019569
112655673.3483956,2.6741790154463576
13282620.853672737,2.501622272697841
17313.538664847285,1.9603453938012423
75211041.22349516,2.643007203738202
134927693.25150335,2.6906414207862572
17309440.47485318,2.5219692369204094
3177732.8337597884,2.3857072740908833
5700913.384138202,2.4325111274768942
2828495.251319856,2.374533591684066
18198.349211584486,1.9611888243677822
536950896.434456,2.8036634650877668
264771.58128411765,2.1799590615070246
3232637.3919345164,2.3826160846657536
35894473.292388834,2.582622189078005
1674782.5140662296,2.3302113539316998
318050620.4537936,2.7604127209955474
652721.9500919018,2.251948441984943
2384125.496060986,2.360847322328387
6347131.556251978,2.4406100873586873
4951203.595179462,2.4215398678048468
124357.67766144373,2.1158401635327824
10398902.88645362,2.4791656600687255
5647603.993628429,2.4309729735822434
57799800.38563365,2.619888742356227
13368.339919088705,1.933053155744371
265112.8772556569,2.180380780442301
66120047.36604411,2.632385708777593
187084.75307615704,2.1555190767512866
43161682.77872393,2.5958565490080177
124310.31014767107,2.118398237214232
47043037.38413053,2.6051504961902565
45793252.026672184,2.60103017636443
1345247.011479622,2.310533548097492
388960096.14852124,2.7801265713263796
144222978.12216368,2.6960205231161893
16458152.820940558,2.519738395917931
45192396749.83442,3.169947706122771
45423743.4586635,2.6024156264550564
1028027.5259115126,2.289780937042892
17554140.373075396,2.5251784207460006
267500.06539172516,2.183429742349552
59858991.27770109,2.625069806087237
16800471.574702114,2.518834331140304
107958.63445013975,2.108096279818472
9920482.698602237,2.4792998114677016
4411410.501651956,2.4097444322924164
139526798.065887,2.6945919625418444
41861.223199615175,2.0301309886162935
53864707.61941809,2.6158660565943084
15145051.465986134,2.5121970511823037
1413190.600721332,2.316876968696465
2245977.5915935747,2.3560654704347415
86696.15715845754,2.0892417460309254
107922460.95676431,2.671442028595845
14035075.919435838,2.5067959853361597
18901460.395998053,2.5270670446210817
8324791.890274252,2.4637294923727717
11928993.074496385,2.4933506496279123
56336034.88102803,2.619307095640248
398578.9534663455,2.214599163466826
1741937.7586955277,2.3332217030608113
56128652.07127586,2.618868088681046
143471788.82057288,2.6948320706425095
7131666.290042158,2.4489220338330826
117821506.64250997,2.678575229368505
1722097.6894310345,2.3311616602764724
2431367.501889047,2.3630129566763265
1550511.2848905,2.3248949778089845
196632200.2047349,2.7217835933551653
1082488558.3209596,2.8634955408934273
25673193.20077784,2.555588348317255
27271647.132078107,2.560350935401252
408931695.71049505,2.7829949514787713
65649951.08422325,2.631190410348234
4918116.253746435,2.422265386996393
459687259.92023367,2.7911633252714187
11158744.34212688,2.4881342220997067
13426134.862925712,2.503990129506875
21450835.187462397,2.539623411436983
159559621.92479235,2.7053859838299976
5511578.285140437,2.430498894648668
109729181.19950637,2.67560004924477
9069335.952633359,2.470938148491951
139406.46153190572,2.1255824885301573
430483.2151373948,2.2208233247825686
4366310.4889289625,2.4115392608732398
6020793.465043801,2.435409775619351
1074198.229856706,2.296553882605512
2844421.5190608627,2.3729843652353986
7213992.916331446,2.4513043454597905
8826531.511670852,2.46969912857151
77977463.55032016,2.646231815534448
4734127.236052783,2.41740860377499
1820893.0744991787,2.3397286223504246
197461542.80850092,2.721637893554886
3409196.8154014586,2.3884978182425334
1831498.8190996114,2.338182286467411
494376.50068140845,2.2333603807068214
6172251.526391087,2.4390092254387477
650028.9139599652,2.255186208172689
11179933.258650195,2.4880167982954613
46660830.05511755,2.6027792242843257
3922926.63663786,2.4014313638158424
4587081.762159612,2.414050824131953
204068135.45745957,2.7261471842526954
3366391.238222544,2.386522165433304
66404159.569358446,2.632881530164149
3681790.6120041357,2.3961747776424165
3853739.5227770177,2.399276249337524
4898803.741065302,2.4191640931291647
6170129.907812017,2.439537471110048
380270896.8256128,2.775672413660864
126017846.64149699,2.685849356212936
308442.3812041826,2.19370568262272
1679875.6214710583,2.3289984494079876
70906006.16386557,2.639170259462409
206036595.5155255,2.7250145388552482
64267716.03018424,2.6296398593542585
2726305.009164075,2.3734141637273085
4231731.947259714,2.4055916113892386
75601118.80093077,2.6431229674538437
131969887.31208153,2.6930611797798005
254135.58692616952,2.1762986910167452
2081121.7218235505,2.3489263603483326
5726430.472235912,2.4333661819983528
39117721.20862677,2.5897763014867334
102855161.11150938,2.668268144046768
91327225.74989462,2.6563855455123777
9617848.219592834,2.473163212842206
20873994.602806028,2.536793349149851
15189280.161633411,2.5126650093458562
1522503.180513559,2.323380523012798
2079332.333686924,2.348776611350386
7526845.80510086,2.4536730534540556
16181353.574291669,2.5169788843850065
1392181.7436367876,2.316098427833591
99322677.58906919,2.6668167174977597
17446067.034303322,2.5231606322589024
12842391.762403907,2.5004087871104432
21259235.013710413,2.536887823489658
4781857.716005936,2.4181688739927996
107368740.20674172,2.673445356597301
122156.46280783106,2.1139666290242967
12153612.327114683,2.494895359057468
1297082.0663782374,2.3124688523299013
4009181.1845851676,2.4030933550540086
133461.29817589905,2.1240302232209114
685134024.1388812,2.824856986791496
255200.9100056786,2.176713613296657
23266451.30666924,2.549623466164773
2657191.3921726677,2.3718935797445644
324616758.3884422,2.7651859159859504
6739742.359033762,2.445830263728176
33177209.643097445,2.577826509415905
1209864.597931204,2.3034912422883047
578333.9378200871,2.2465745116055884
264691945.8302362,2.7464561899617896
164893426.7572655,2.708111479316654
7277783.7134359125,2.452178318092111
59649796.90591372,2.6240774008617795
308261.22570706176,2.1928300585452387
450849.4024370963,2.224683628957391
33188350.834858775,2.577735200142639
11560940.815039426,2.489038136111861
646594.2188812301,2.254098734895039
190330.06198985915,2.1507043758559865
23161839.786787704,2.5491602892607674
150144.63562485212,2.1339111020525934
24935874.481973376,2.5529046579839374
7493.135118863411,1.8893570368786627
4098910.843488579,2.4045955180802947
4138030.701801272,2.4049879928046987
1712192.360156103,2.3340182544557018
42430180.97280122,2.5966481315196046
23037832.46239992,2.5481271374515204
7541296.958813279,2.4567837920473927
1070010208.0438858,2.8622760098053805
61468401.275309026,2.6254831983469367
54581165.282342054,2.6172467195692155
900602.9276163292,2.280147202925294
12063326.525250299,2.4930652257935906
101748.56398277218,2.101956939562905
98514.07792278641,2.098694703861442
2906206.1755947694,2.375850741874532
25448783.19303287,2.5566272477637644
159565929.50254747,2.704483862892709
22051588.042125754,2.540654115853037
6406805.963157795,2.4423618956127746
10936841.82219252,2.4826078606062754
4494092.538848923,2.4131834284864313
7605580.416818703,2.4547545708175136
115124258.76692237,2.6778818345037005
25153432.442524977,2.553788284469198
108947588.87448747,2.6738606430457166
78692152.40644535,2.6482546715208994
710701.1749783879,2.2593933669876995
881821.6146482461,2.2789591331741645
14327045.078690367,2.5091742222536793
17092987.577268157,2.5223785443685323
276113918.3841471,2.7490506721837464
14953925.142009092,2.5101048229717864
53652001.849335186,2.6173893592381217
6404086.320207749,2.443884371359455
70794745.88327219,2.6379583814875978
59467149.318046056,2.6231597276581917
111841786.9220339,2.6787149409946895
305411380.79303956,2.7585861229161037
1783933.984043617,2.3350831974577133
67187812.50983025,2.634054787346852
50072.45398352696,2.045571281299808
1122835.095010317,2.298783973668603
4205749.553743951,2.4074969073375123
2963775.082254238,2.3786776569038746
367691209.4031918,2.7727243875055647
3909870.0219220426,2.4017819187327647
1472911.7324619784,2.319275707072326
33572913.07035187,2.5786833223978975
2995117.7242153483,2.377164963606335
21802437.3202878,2.5412829484456836
28759392.3499423,2.562897535207052
423832.8528535584,2.219396641349146
11332504.154993871,2.487137973944682
61766766.86544723,2.626754641822311
43390025.84103378,2.599530131933379
130489820.42199554,2.687418778169585
716540.1727455155,2.2593854204198425
74448888.52634817,2.643476999180154
9486856.764860429,2.474238038764006
23140.49675987873,1.980450309287514
49438344.283725716,2.606679366560078
452343.70807108475,2.223657429727643
11569547.280592537,2.4909163011993747
313899015.25985074,2.7610827201123223
2925023.471973846,2.377808393682917
2143550.8361801817,2.352798921594837
20155478.15671085,2.5347736748215652
2741011.4903466273,2.3726472909171763
22052410.800816923,2.5426768952204872
31866515.535683695,2.572750592407
3712131.611637415,2.4005034411268515
102803748.16723926,2.6685734196100794
29626616.44277316,2.567283876736966
48017469.529506356,2.6067447752351134
45251425.11074269,2.599781221345668
2607182.536947887,2.367278259041492
51919564.46518774,2.612356494108362
31725605.657245353,2.5711687704926898
1350495.2423495804,2.315767540391456
6032080.503250305,2.43601159908004
77898736.41259047,2.6463224873647953
199051.8806399705,2.1534709809519152
369268.77132439014,2.208208700679068
814158552.4899062,2.8395343810250613
17016467.227824412,2.52010730396157
27891401.536146786,2.5625576493411417
75098039.86241011,2.6425908362825985
33115128.964756634,2.575314804405026
27723548.154181313,2.563118217670458
50451928.748345084,2.6104878135915226
44195401.115489334,2.600879520511616
71760037.67760235,2.6405040513964746
6885597.881298296,2.445886515626025
60932752.25979976,2.624820098236977
4962361.753608636,2.419532437483369
223050538.3751166,2.733565380437841
11255757.907019908,2.48668393349793
4983373.1970704375,2.41899974705343
36551078.408597924,2.583175602498294
4916333.199146629,2.4210570531651814
174332367.96949342,2.7102064965301564
29967.95960116216,2.000613111162812
4887444.025422711,2.422038971309035
102044571.72055912,2.6694537184207547
18015573.922914147,2.526486730011391
35951948.71444885,2.5838527285308346
1037820.0041740285,2.290504463900585
31549693.556256194,2.5723003126890895
28782208.884552784,2.563721273812004
1845694.3999750167,2.3394968386897883
15943867.031377254,2.51493646781883
129614319.11188786,2.6896899442564304
328672.17775779456,2.201178810555847
16959186.94695287,2.5216913057685155
1888875.4931298674,2.3414150171466366
7678067.805102792,2.45734622020556
53030357.31032889,2.6139934941836613
27188712.61434231,2.5587080394498383
106956325.09840843,2.672537653313167
9221012.193966573,2.4719483677301137
5723488.783594935,2.430453769794061
89803139.32843076,2.6564391610383242
7763653.090118739,2.459483674827034
26303029.932533752,2.5582214706250612
968922.6032138023,2.2865139538860872
1397672.079670085,2.3171004362081336
71457923.70613031,2.6380285331460303
964036.9682710913,2.2862093377279633
1770700.9728152482,2.33691472066772
12268468.715991864,2.491149598895392
94843907.61407161,2.6622074777108544
241650.0217351504,2.169790056876941
1857631.9224555113,2.3406563633327613
4342103.380550539,2.4102231823750784
16474799.633756643,2.5190596314806886
4897123.80137763,2.419104359219885
332955704.5698427,2.7660749005735306
269732660.0190004,2.745372965475166
19680955.50605384,2.5348063938760137
9490733.00956088,2.4756757421502518
81056.15027638605,2.082011162027651
18497579.215066373,2.5289037519424014
2555446.1938500474,2.3658969864031736
67707622.5914945,2.6355824807135595
19789042.457091127,2.5355885596330325
2176480.7289099433,2.3528124725210717
25620893.856806662,2.554286840814926
3246916.409121803,2.3874286279557677
209144358.25121474,2.7269479043478397
9003467.468377886,2.466529650294029
1549524.3910501804,2.3265908661384427
533093289.4208463,2.8016241326624702
1001273.3826587206,2.2874302222591383
42513933.62067775,2.5948814013279216
1649385.188784598,2.331679359406046
54426611.80554009,2.6156301054326483
68150495.40112343,2.636735984451871
14333853.951930393,2.506459324553038
101119384.66113402,2.6663110135408745
24881218.71162837,2.5526184864636225
183059.2524105537,2.148978509795692
52966721.53722833,2.615263071141245
30392184.226738628,2.570445527921659
25858748.42884695,2.555671910131281
108959.2396657272,2.108925542637373
2070727.7110695753,2.3494308367250163
1300511777.8984208,2.8772735352952776
54726880.7760442,2.617867549442094
151729982.645922,2.7010904928242185
4969754.700760272,2.421791154692021
111040278.37534326,2.6754247775311044
822993.357802987,2.2731709894799157
28456174.61584722,2.5637483991843726
44490297.28157524,2.6003250539736023
52321982.20985541,2.6128508091827616
61736505.10877852,2.626612020461135
14854255.831284005,2.51053976490342
11326125.120128691,2.4865607726979153
35587713.450230576,2.583989704533577
19933775.778696034,2.53516220802903
15245016.536331119,2.5116264605517267
5194529.636295591,2.4239455443017017
234263.77849145522,2.169526124016692
1100233.3938191491,2.297769730635296
32543672.996331844,2.5749014261790175
3974279.4169105445,2.4009130226239623
7983216.1721769115,2.461878763521743
6151121.996152877,2.43810947870453
1953534.6206897753,2.344496827599569
9474483.464200689,2.4762563358102936
8135610.123476763,2.4596467806347637
1733177.6930225643,2.3330654563492157
39428829.62550331,2.5902479158538414
45824345.541834645,2.6052008949608347
92736719.87001795,2.660218794811133
64009377.267823085,2.6312125817316057
4162371.128890167,2.406199363121027
18230588.952080842,2.525966003795443
46139803.6486657,2.6014932728539075
464449.5890194474,2.2274368407825205
2431248.603169484,2.3622363663926427
71660758.22139235,2.6384469881665953
288552.1840378243,2.1881643700867235
208701296.78852218,2.7269333617901883
18473653.275637317,2.526479616090844
921821.8093143636,2.281332270929637
20148351.5571813,2.5363332678111274
10940410.922308274,2.4852214034816047
9392729.9724633,2.4721019296438183
18680775.48744812,2.5294822436498383
60317497.00970052,2.6224105569751757
398176301.602746,2.7813733470542017
1812647.6039504067,2.3386473651069557
11195760.06978496,2.4859186682237557
11354543.637001464,2.4884127281944743
7815385.558960902,2.457819294861915
24503401.258413706,2.5524357536338766
26266276.084467597,2.5569250503441445
637043.0556123309,2.2529681104791637
20607463.025797334,2.5377482935695146
1063933.7121056423,2.2939244004328945
223132.4410501693,2.1657541333050365
38542610.20308828,2.587893957859825
286863.90397074615,2.1864905081726325
51117240.96584682,2.611292094264658
820325.3973357521,2.274512538634659
21755652.15259254,2.5418587795407728
44575723.75121758,2.601370393250837
117960280.0995836,2.681103745784934
13902261.520318422,2.5039578846681985
6348.713965030682,1.8734557124028361
3369.878905158469,1.8193595786953416
7234575.141922318,2.4513613830256458
911080146.2937218,2.849673245363904
878359.2350696238,2.278420574253747
64820.38075203868,2.0642101942827806
6224434.466231001,2.4392787366524007
51351943.52853783,2.6097600199341278
122212543.61363783,2.681626296658042
1652598.8406534744,2.330910967274195
26081222.12789223,2.5584903632119205
149232675.1187465,2.7018534714497937
12093.078156968157,1.926585235805329
34093114.89832527,2.5787114733363676
6308738.899158577,2.4407000681295075
117112730.72589856,2.6782884367848236
215220619.92873487,2.73030376421428
26916632.250893403,2.558218478935591
772851.8822196994,2.267712805711884
214985817.0481883,2.7296257141044515
703299856.9129988,2.8263012193546464
6070044.791753842,2.43947092698948
5777090.395700821,2.433427306713733
12419040.163294839,2.4973410843632338
1582650.2591855717,2.326243655152108
87801803.84991749,2.6564750567767463
97607084.29635511,2.664823521282922
8011905.581007436,2.459119915645397
369891182.3125414,2.773083109909544
2183988.0059014326,2.3533576889211294
396705.73634640063,2.21344690041963
4326245.513534212,2.4075176962428446
40813578.05851759,2.5948363326621795
3352636.291786589,2.387127081935665
968768.7294329111,2.285655838965092
9734838.670683237,2.4756004479701894
4163307.616377746,2.4049510808190804
130297391.21906249,2.68922964995619
1264576825.6762226,2.875789709318773
5967792.647010499,2.4348952228327656
37595267.44258,2.5869211399982146
3258390.258546512,2.385082156397759
2515209.8089211816,2.3634669787769442
17556898.499987837,2.523887374744699
40362091.02214245,2.5909018873050202
2220453.300768227,2.3557479762471663
125113532.45457135,2.686415432655013
11209355.983078355,2.487092627622413
4876570.2120432705,2.4194615281891445
8799176.395783063,2.4671624398842034
14962298.936805686,2.5102055284189135
41994108.176973835,2.5942257467360874
8441163.570507983,2.464391351107561
19425238.24578157,2.530865453273162
7049444.788988567,2.45043651338034
77544837.71166232,2.644721650401339
1204.40869601531,1.7347184688393202
569697.885593455,2.240723746293771
5730026.118251452,2.434909062031099
50425.817745084074,2.0455332051375215
69014203.10650508,2.63670700008852
5163781.542833934,2.4249288552932997
2317810236.1236763,2.924158096833653
4777355.902506178,2.4163996119574795
52907539.25312785,2.615245574960894
16932679.699325196,2.5218943921009522
139003049.1981751,2.694756221241932
119048511.9890859,2.681095605919909
12976155.8612803,2.498930351474991
45810286.22361436,2.60381631088849
43279.07246292599,2.0313167424274323
1362864.7787710065,2.315561126785092
50967588.406743236,2.611954661713534
11577826.636895243,2.4919660715877083
1101917.146012752,2.2983568491271793
36787835.14492428,2.584091271616316
4391331.303188729,2.4116798117975606
87725002.57273202,2.656685067778681
1278353.7845082418,2.307391271603029
71935964.53032826,2.6385834267376
37485393.44074604,2.5852586989078885
25772151.59502976,2.5559997568462665
5273185.585360472,2.4235515075655627
3138446.8398929453,2.3844378009406606
3754343.4590422404,2.398274969052549
2298984.7824941496,2.3593435883844727
8171526.3783337185,2.4637500168251907
5238888.325855664,2.4273350900926296
3783443.308793427,2.3977451043723828
179849222.48331156,2.715316487308902
5781320.846150933,2.433546091272297
2493850.591588608,2.3641447998337597
4976321.364470086,2.422452050073835
62337261.42049585,2.6297167058657207
27283151.048311345,2.5583615762910967
9135820.704654066,2.47039731796817
29221275.44913821,2.5643781397177277
40082694.95375865,2.590652466612759
7469022.888604119,2.4530339487588266
1886241.7132834392,2.342006943568954
1528192.804409271,2.322301506033737
88898679.49606279,2.6565562971925565
72918935.62880361,2.639304191469126
14477903.698682353,2.508838612201496
47985436.865628034,2.608653272887379
8235180.361692396,2.462007999118113
33078755.027238905,2.577264090388488
41244261.622389436,2.593638379707537
23624133.781195126,2.5520523357681295
115275041.1357327,2.677201037037212
2237502.232094012,2.3559674513057502
4283519.656297756,2.4079066702921015
9317485.722870303,2.472081450398023
4371004.1374130435,2.4084909179003047
3431151.881726799,2.3903780666880934
13045311.530710727,2.4997295804241646
45009465.68328796,2.6026231931359347
2672738.81865796,2.3668231605299943
7681625.849413972,2.4555658934306295
154152431.23893422,2.702875848387389
5015509.310866104,2.4209844132713467
11189340.607822744,2.4875309294678893
578417.9003918341,2.245698679526546
28416757.037706196,2.564100947488895
25685075.62472245,2.550907827439551
30234055.614794146,2.5674101234528433
64983758.93128611,2.6298777075086677
1942946.3718985943,2.342526399869094
209229644.58742192,2.726556617000249
211167126.65004507,2.7279269372757198
7551101.987430631,2.4546197879176286
73571510.30997777,2.641342057787981
129500616.71491723,2.6868286167656685
8710432.287324257,2.4677283049120082
37917310.50205749,2.5875562417915052
69501.1227755888,2.069105546371065
71001495.15595266,2.6362193933168685
11879311.70619272,2.492837246525876
90509990.8699515,2.6590970813918497
7400007.289734846,2.4527711296020422
71353879.2085712,2.638337751860063
51660987.23388767,2.61104746158379
131026253.07971872,2.6870854557304584
936372.4177251651,2.2827366731504095
99241.21364728693,2.1024369149159363
3493029.320067624,2.390284416259577
42011293.12952731,2.5973438848143955
6101071.932959792,2.4373232049084477
440203.4015648412,2.2230879746908636
592574.0780945413,2.2454508269914397
12622755.614588963,2.4963254206019228
24810110.985486172,2.5535962093981626
16906666.66341573,2.5191112836962266
11848474.123138074,2.4922915580678935
21213769.258141696,2.5402187763694877
564233.5276213832,2.242016817263894
16127764.483719034,2.519638467460029
148127.03293694343,2.132847001640191
12415773.515480027,2.49483353910908
3203172.1217099773,2.3857434013224204
859.2748733701089,1.7098167662150465
25896015.663542364,2.55715057212957
12314.656664458455,1.9316135862205246
11192947.936682746,2.4873576393351957
35136653.68838032,2.5808246412918296
2821022.351698403,2.3730085253546926
23343164.464347325,2.5464779526154624
5649793.265018636,2.431404497473622
16759022.577931305,2.5201190191392
8245363.1930309255,2.460877212878364
417485.06007201236,2.215097837050462
29674326.31731046,2.567378235787136
82893170.71851934,2.652667264773048
8397478.406333499,2.4630053229922977
12649319.959501596,2.4954630557838957
115817081.78539917,2.6789220514144727
6964009.51154965,2.4494304641628655
315839.0269042392,2.196462509340372
1732095.5432050775,2.3341727605183435
2195363.219806371,2.3546539847875096
31440878.18348217,2.5746854772079746
25429801.473117515,2.554129434912946
5359159.76929908,2.4258103750771385
367340.2732029193,2.2075832352763918
13459811.605908578,2.503719641407836
1164112.9315306304,2.3031118431073803
18241607.95997164,2.5276225664751255
47494566.40914156,2.6049558278234577
86109.53501286358,2.0865202458385546
1368516.2642234508,2.314362644048662
6426026.209500574,2.4384468969005475
8193351.661635399,2.461219783394832
6552418.904237411,2.4439219903835805
90140197.92687851,2.6576065642163877
10083129.47850419,2.4772978514068025
624007438.7188332,2.8164695948835607
3261124.5242800494,2.3876942677454536
2230171.764243389,2.354039883688124
172709110.1420472,2.7123970268313076
132853918.76721525,2.690531383149176
34882052.13898639,2.579601494012909
30184818.42034721,2.5674441866840785
1551711.9767896137,2.325694591116439
46951573.61920398,2.603415374405809
2766833.199934308,2.374245078115087
13621056.933689903,2.5036977378622396
9244532.228239022,2.4712567050460157
6354130.022815292,2.4393506819583686
5101996.935663947,2.423038098330719
21547497.673652608,2.5423991852862677
343022315.0186145,2.767678249256014
11071139.165067296,2.484914386056618
2232435.798276883,2.3562844218393724
45104799.058133475,2.600448219753959
10939155.782474278,2.4844668258408347
35525793.305784486,2.5816504372493445
18289225.51194231,2.5276524157229376
32955685.90821855,2.576050864436448
2132473.3673881274,2.3491550596731368
53221051.42224434,2.6142873941906504
28888638.652172532,2.5648663971587244
138443727.3484633,2.694955219576658
12890812.04932692,2.498227507125265
14013816.886168472,2.504901797540786
41052295.96375461,2.5930139471554123
172520931.02138633,2.7117651337150788
29627365.11562014,2.5674577419897715
79579002.19501258,2.647180059906556
3974181.354520015,2.400950090018428
75348.62981270094,2.078177280347881
131149.7877038655,2.1207243164901968
8292814.782462729,2.4627879293034787
6302438.442181777,2.4399370489008256
322847590.68688846,2.762485716756908
4139321.312431979,2.40618603701628
5379147.391969902,2.42612725411166
79202242.13449867,2.6466840333575554
49143006.82037704,2.609046752681158
38942102.11814539,2.5899761764207962
3863693.2148086005,2.398706419524562
39638411.44483236,2.591966966505761
15789369.792131897,2.5143695714824164
55055373.69083355,2.6168653895334812
15642555.488015238,2.5138851438916934
7815047.8309436515,2.4571995941227773
35434453.74109102,2.5804712562377747
158201.02969296966,2.13916354697738
19140006.525776327,2.5301228056397416
36017467.412452936,2.582920136638181
3552503.750851115,2.394397992444675
29246585.1486634,2.565837214545889
22814205.786555592,2.5450558229483677
22626842.775198128,2.545279031203049
6529605.627099614,2.442228103430183
2534752.874448193,2.3668726274948235
96786588.70771009,2.663247697974662
12758204.17592923,2.4968926799212783
5463283.332603067,2.428460157324369
5958353.196781845,2.4357493363090317
18241485.78749884,2.5270477820091037
212942797.33252436,2.728089098543616
2312637.181159126,2.3574582950149936
32610288.62787279,2.576508649315949
804126549.5938616,2.837712107729697
990302.4312748301,2.2878392812653305
1660193.5689975997,2.331454492524568
639494.5998061991,2.2497823245053974
41891.01733132859,2.0293912103003224
30971395.693111014,2.5691790628667546
24692903.48975952,2.5510068462784714
109562159.96406533,2.675076291121835
797190.2610439457,2.2730032841206356
106370087.51624152,2.67012765790714
14763626.623268288,2.507928369262443
4897805.850209717,2.420350017396175
51333067.07401523,2.611719960911312
16412122.95279222,2.5175142146599265
77016465.94850512,2.6442756090449855
762405.6593708338,2.264760162074711
14364127.982045213,2.5089528002552415
1391796.8779330726,2.3156134838486473
1915571.7101505066,2.34230360018535
13543724.829693947,2.501549325373644
8769035.297568133,2.465677282090623
8558979.497925008,2.464807904821054
19644842.7125133,2.533559104752021
178504.96598083104,2.144595624818058
5390556.422245857,2.4273737807148223
16532135.466876563,2.519982490173441
228134289.95180002,2.73295160195968
64799412.810400404,2.6313269988628347
1938865.4975364986,2.343069222304718
600708.6177411588,2.2467185416986166
34776809.94561509,2.579548265364908
179587.60322688788,2.149955124012426
36873776.29945378,2.5832851716673986
3193529.8765890645,2.384736724326403
42554715.41541133,2.597612280474308
211991862.54606253,2.7284245273991594
1765433.877221275,2.3369701220998196
19083348.5753566,2.530666476617348
53349684.13831562,2.617092097548625
5549991.893404275,2.4292304945498415
4509297.873652609,2.4136567292368336
1048425.3788591542,2.2945412468470936
22610164.318788942,2.544770662707936
311240256.29422617,2.7601907531737746
29783350.01844896,2.5660969422052324
3865940.2684872397,2.4002506919372006
12112404.675375525,2.49355103897976
314094844.0480239,2.7617094099550172
22311892.405812223,2.5464687368510175
7418801.558017213,2.4548160541301454
825628.2454082975,2.272720509669274
106169710.82278235,2.67001832279972
244081493.93672758,2.7401883389024246
225745024.17245856,2.7349340834036044
746532.0658692878,2.265975753049558
10280415.702648915,2.4797576592898176
1028733.3659878379,2.2882708238224967
340368868.3180589,2.7664399589360174
22735319.603304066,2.5443064219678884
305003439.1635028,2.7580601161610403
132376743.78422278,2.6890880783065034
2096444.8285512484,2.3518531251665094
9678564.50357347,2.475541620841546
17103380.281297512,2.520806365500756
72307388.48189147,2.638742392241808
2175540.1915779966,2.3513198367529697
5135707.921754095,2.4260596917547717
279804162.9182935,2.7503800616975242
9354428.166201515,2.472205859382965
4801426.83409589,2.419098379081863
666904.3115650552,2.2535829683226383
53899942.08013516,2.6160963876559267
4389389.105949837,2.4111860272520826
14998425.070497587,2.5095235454691966
49148.65213384347,2.04292069358233
800733.0702462832,2.2728693695051505
6168543.104499204,2.4376628773415727
1431732.2736024028,2.3184213150918858
107304.5857398047,2.105892870940116
42416422.263558365,2.5979013084383875
13807288.426641725,2.5050747495611936
8048149.86781248,2.4595196351132165
1172149.2573954682,2.303827802713977
11249191.324512275,2.4875011076398406
243540.66085472362,2.174006182387675
14345046.541759076,2.5093274126930316
372317414.6084329,2.774716241722786
6453126.619621861,2.4425215023224576
35262513.14325365,2.580688461538262
581749696.9046346,2.813220928453361
309070.2182321119,2.192422639947977
210360.3024474403,2.1622005426488458
9505912.266690375,2.476018223480611
4825498.736057814,2.4197318200617586
1077984.8454778001,2.2937354708535223
42813929.503444344,2.5991331102476565
36597524.145724915,2.5827809443006613
2683478.6395163666,2.371963777056336
771446.490507521,2.265466829180495
1669207.9573971725,2.330749115866372
80389.70100226351,2.083741693874844
11621973.394544246,2.4876285301228194
225307748.24173626,2.732580447863989
92940174.45682861,2.662320265044843
207111845.65823534,2.726525973678471
6937052.747442098,2.4485870806412318
68600455.44697306,2.635845346444343
25103312.963004492,2.551603290087873
39564218.483642586,2.592040039085901
18402.74279576125,1.960832649293904
37594859.78671978,2.5852744393088454
5743256.585830663,2.4342982721114135
230356.57334792655,2.1687656021350583
49224435.42101432,2.608293651414652
319474.84568186855,2.1976050041187554
100987086.66063301,2.6681687158996295
282707988.8096678,2.7532832026516902
4113559.330066632,2.4069024997021717
193266.7331699281,2.156366970989245
291852.9718510306,2.187365762617355
15661245.10518405,2.5140666700147976
49519363.30878327,2.6071585648036337
519140933.0141899,2.8006006107037957
132033105.73762919,2.689372569989522
474101792.6918416,2.794719123152174
22549586.46053322,2.544746425291289
22332998.81125693,2.543958134764579
18130358.029020634,2.528294040408367
5584933.669991196,2.43034579231973
29840022.98067054,2.5659311688749646
2065990.806578343,2.347105811674669
14866429.964948388,2.5095129299428582
4319444.498019676,2.4102551174974125
57010553.487974875,2.621197509171949
1794758.5976704983,2.3370686618438556
4875556.076401246,2.4170837638531406
21575144.61582302,2.5401542260133674
781000.1983298529,2.2683676401745037
34659888.237582184,2.5794565915792127
191269275.08238986,2.7195583055413786
8030014.94056523,2.4600664995767927
77586443.38726255,2.644768236340745
754580242.3408352,2.830523882386583
59272.61221310794,2.056106480278103
2086073.1722946751,2.3490901706389726
13112295.021916108,2.4992267799102805
44888747.551092386,2.60150073554299
48380039.97936662,2.606777638716867
14600279.268329712,2.506269268392301
463959.1188906212,2.2235147503160824
115639244.18554157,2.6778135827577643
50928296.3526725,2.611903190849708
11413342.084718775,2.4880912211220934
76357315.45223233,2.6430285697902693
4485735.830611665,2.4125253381335683
594252.0676399943,2.2443638035720572
38753122.99155809,2.5890354459686242
58014141.87423387,2.6243423806694888
2015104.5102811821,2.346650358500396
45141290.892834365,2.601848096265561
186873272.78412536,2.718716463095514
4219832.640474005,2.4054713871404783
15531359.474872114,2.512019059501722
233994321.50212047,2.7361244959332254
613242199.8981247,2.8171603139231127
1395560.325188536,2.316489505259414
4262516.657256809,2.4082938466840362
7639558.143365753,2.4519282669177667
13580579.366438318,2.500787799426671
4926571.863696832,2.4220871481621913
57749802.014796264,2.6232681779380935
1549960.474187374,2.3241276555059063
20352560.80107998,2.5345387030762554
767263.1701369736,2.2672436396990894
41796429.006931596,2.596155825576333
4312825.579258,2.408419957022768
3111809.492735923,2.380539691219228
8731517.505973646,2.467175987151903
745886542.9959689,2.8313483034834706
56918416.77657254,2.6198880590768034
37251848.570301175,2.5843462905026358
2149306.5480821566,2.353394368785238
15619124.06346972,2.5149167424784205
51295396.499348566,2.6085297331254287
2233547.3976693368,2.354432948062049
26957181.835128862,2.5587329661477605
43431595.54956091,2.5980871232321556
60890088.45455781,2.6257213302583255
37343647.55862126,2.5846267766664837
2868186.7621974256,2.374710553009472
13260276.04951069,2.4994671536173074
30768115.35080918,2.570896318965223
555640484.0630394,2.806580696765511
291124.91114737827,2.185971375246779
3879761.3274360513,2.398502454826505
60924890.266451076,2.625922712555624
14803252.028684879,2.5096088848956453
12415702.680277018,2.495198067509951
734410.4143083297,2.2605178787373257
198877086.38071325,2.72272049263235
20022585.22517481,2.5349078965574883
1402781.9245334382,2.315820874829961
41696934.083180465,2.5941346674477854
42076671.98626362,2.5971252014421564
9076453.927781617,2.4685117679234994
30319186.28591377,2.5683180630099853
15827562.503093652,2.5162063598941407
1203671.244419089,2.301713963454965
11484656.056506084,2.48861463001614
79702.20991488385,2.0843205626377737
48312171.943161845,2.6074180761326735
1362218.1772789264,2.315526478910527
31878380.97800063,2.5719510388653974
20784594.773467604,2.535904139843582
2374861.4671761566,2.3594284325202883
1698119.7562951215,2.3334634564829884
29982926.319738846,2.5686912338097545
1815145.6892871105,2.3380335061009636
27115503.049391672,2.5575495424394643
59674333.43278092,2.6234997489780163
45008208.91809517,2.602996473809744
28446759.39823722,2.5630899931856113
430345.9276675249,2.221614885847855
210991166.5033137,2.7270163187838743
112059849.40542395,2.676456385607464
13152105.758260556,2.5015787122568374
83425727.99759716,2.6512720399898146
76450714.74704704,2.6430350538483784
4470257.512122668,2.4127819546060136
34283196.34998864,2.5797192001027276
11052052.754232932,2.4857955704775785
274163922.3321659,2.7508707894606426
4117147.546361354,2.4068716942828194
15975916.488323685,2.51693729998997
2565380.0523031796,2.366896594055022
1396929.330301144,2.3185947377441387
33068359.699424814,2.5747291483033123
159779884.85329732,2.7044401059125835
2065736.3620335942,2.3481253155539052
6731531.969177905,2.444912457582418
2661380.805088136,2.3697291746997737
3874797.49099604,2.3981199069518904
112935.67275836694,2.1106801943972417
177810903.2222809,2.7146792034043297
11148339.497846588,2.4870759391683723
51241853.864809744,2.611246759115825
13757109.232684894,2.5031382855168585
37519027.39507382,2.586885512418113
102707486.13037682,2.6689851145296135
34594407.873434484,2.5794898223904776
1042750.3561598215,2.2936341182859334
38563490.67600775,2.5880234000720495
121411561.03872535,2.6813616701956167
404961264.8877819,2.780731400736645
51593531.5803883,2.6146785694507435
24384665.45203656,2.552625578102624
15808342.713143239,2.5144901558345416
289519434.05448365,2.7551239466554427
179757650.25832656,2.7140532392667187
13038457.40390119,2.49839538580366
52081313.55532955,2.6131607364134184
1839141.4227741666,2.339531099137935
4650909.124261128,2.413794030289593
23505.067729449613,1.9778632406068648
959985362.8681645,2.852226074934235
64435590.2291101,2.62967096714953
45310208.48689656,2.6020261224911954
5722075.1280654855,2.431212989721959
2574205.4804585273,2.3650317555776694
185238.01017659804,2.1525426499812994
1712117.4955878612,2.332557967430484
503224167.2357962,2.7995016209521375
4225848.436084926,2.405857191943649
158086450.07999742,2.703608635166283
2130687.134746527,2.350783129133437
316657083.7382719,2.7601108050630105
84730.15215992814,2.0883633611542876
20243329.85396619,2.5369091765096874
3691883.38298389,2.3942313316013117
1335292.2495014765,2.3107663409595625
226201703.3697364,2.7327754572835694
2422349.237286506,2.3646793402784887
11390.37634220489,1.9219409033478696
14327699.13830024,2.5071676579009887
1085551.4651772147,2.29570643030184
26185960.09671581,2.555257225608028
267900.64875896956,2.182671026159216
4146728.3455140535,2.4052272066406397
44518974.030706525,2.6009782250086637
382182282.26657885,2.777420266092143
6375860.801825264,2.4420417795445264
415344752.76391894,2.7834253020182893
262544869.15204075,2.7464063371368828
406343.74461301294,2.214756755183953
82207883.65340956,2.650495252398126
33870756.470942326,2.578799002069133
23091541.84007931,2.5470946417892226
8724813.107231738,2.4670347107049424
12410299.176653827,2.4964654270921165
169968.1434644134,2.146567266882494
8986873.492152741,2.46877973668784
6994655.090544717,2.4508688126825633
1829296.7886477963,2.339935463841694
120609927.57329416,2.679283918582351
46516053.42792388,2.60402331775921
300791.8640097573,2.189283003602815
2963216.772522627,2.377646999960574
9465559.186233222,2.4748005034181415
13644725.618837759,2.5036772962755562
8033561.1967047,2.4618376747001633
511523.59212425194,2.2331575287583627
220820668.5065739,2.732543034761845
28121128.314653333,2.5650894470195515
161362.34520386564,2.1388996664468474
12341251.336568598,2.495438871747244
969309.3421126577,2.2858501025546074
42358190.063701674,2.5960921366758463
15913.961572089398,1.948949363158238
4519535.499165879,2.4147845415040967
5299462.396296633,2.4259630630674605
1997902.5852228282,2.345656771457358
220007408.0452039,2.730455706115459
93105116.80718268,2.6639648712943798
4909082.3729350325,2.4187465030826973
6388420.479984417,2.4400268767748057
1058827.2289567133,2.294025317915042
85255755.53546108,2.6532651471874926
19826669.798732948,2.5346526306340977
210674583.97307295,2.7268566833487795
21981895.104952622,2.5417265003627936
264279487.33275706,2.7466584504074567
258204189.26658586,2.745571161558034
28031686.00389356,2.560080201923678
218188376.3930112,2.731471185881359
96144403.34231167,2.662364215940861
15927266.956247305,2.5164352177501605
216545967.04246837,2.730013264751161
1678677.191931081,2.331636717534653
2075171.9079342994,2.3505083381017764
2652183.1151590487,2.3702899759501617
134125640.60420902,2.6913116968797657
46521.06683016965,2.0366892957909535
146750238.28666076,2.6987738810383943
45862328.57842093,2.6013776443710572
592383.69783488,2.2437224424960314
5893759.806316081,2.4329786314328965
4687301.965221762,2.4156749682935765
115833003.69817601,2.6797028964772456
9271813.36249051,2.4710482646353644
18183640.247976143,2.5261507985025107
10761196.358116437,2.484272171969531
422072814.97393745,2.785224267483672
4198231.593624184,2.403809096568738
9633556.139492061,2.4740459010530564
2284367.509252512,2.357031327207653
15996858.856089061,2.518948038425743
3803111.639350133,2.400365058832249
25410084.966343895,2.5551793802167584
75557368.32714461,2.6433976964263373
71.11614027085548,1.5056193356120908
40291704.28536647,2.593182108938126
16528518.305637058,2.5181463569330256
18541418.69598379,2.5282679445715317
1053840.8787688557,2.2940728487871183
63878731.586303025,2.6325797636656634
402072.85318857885,2.2160807854941176
48470032.56596508,2.6073707642899495
5728338.242911531,2.43332202743836
370903632.9400427,2.7744689586866578
12055164.708430853,2.492915689657935
37796033.82077029,2.588343000055208
41121319.74825956,2.592460042043688
91199941.70180516,2.6604785036405265
22254553.40397455,2.542997777383862
4501502.321552476,2.4142012080452213
3128431.1756593324,2.383972286517825
36775250.505674966,2.583177278903563
23472570.02202436,2.547362112136302
143890399.4953539,2.6946430621181947
22812444.60458,2.544989424837777
5727326.98276507,2.4326349395387434
51031460.2189319,2.6103815738976595
28535136.86785568,2.5640191800786853
1277761.921656535,2.3083356044349923
401328091.6980034,2.7814152483525674
1596288.7198045007,2.3261132469723997
944534.1832194146,2.28312328287366
13475901.004985346,2.500050161231449
10168099.528083052,2.4785375769268696
18190397.874690615,2.526947908459618
57611187.789890535,2.6199791387189815
673113206.9005896,2.8230473592143266
2797906.2158335154,2.374317992683636
43392109.481302164,2.599407834410991
1685816.0039951869,2.3313218881039837
1937821.3981100156,2.346212006466659
1632357.7673918598,2.329677470003502
693084.1066881375,2.25779506292617
14386088.007809984,2.5077552960765606
3506228.378509722,2.3894283990544944
5286104.565631643,2.424679696012606
36907701.72518062,2.584376892871645
52393094.90215923,2.612593262950853
4422132.208757586,2.4098975107324447
608923.8265164153,2.2484770824712705
53126409.96053164,2.6139967848902947
20516430.627401724,2.537906997562167
13164699.646539306,2.500782914982638
258333.18207327268,2.1765667932544552
194116115.3098024,2.721545199497263
304637405.1742073,2.7571690944042606
22656608.90168343,2.544214372185997
29065066.082394246,2.5658814390526743
11445287.514496187,2.488301416072031
11645641.093698801,2.488978234024671
858702928.1738718,2.842041321074771
30330335.90108465,2.568489973875321
7779744.572382802,2.457681053767884
33559270.11568574,2.5775521901711023
34777212.01696056,2.5805644443387856
240637808.62852865,2.7379402583179653
29188253.74250379,2.565589765448211
103312347.65940012,2.6703537720969686
84705035.30335242,2.6535505606886316
6105160.128543747,2.4390854700839872
52297839.52672234,2.615342164892285
39817341.96595633,2.5916098990669636
127739639.34310792,2.685731284179629
31043.183989590183,2.002440722823809
4483479.916022731,2.411157499822921
14623061.510972543,2.5093673243646197
35755419.71577174,2.583552112016503
161086392.77898777,2.7045772239886516
1350800.7472795753,2.314407097302086
214274876.22643378,2.7287770631543915
3461189.2817917913,2.389476395604619
76458517.25437136,2.643992747635275
41661287.878204465,2.594245812608937
13039770.764733933,2.4975789157151107
167896941.44723737,2.7094056478111943
4556580.597178697,2.414432148883142
632838.5936456718,2.251320411135688
4195377.4946787795,2.4059930108190954
20296490.330397725,2.537574666113567
10915053.084661268,2.484825103647196
40125094.05274677,2.5893810267299293
34837689.10642299,2.580794123584428
193370152.6934453,2.7200120489516904
6738577.973439558,2.4455213251837735
120538158.95387639,2.6819567628978755
2357403.8169475226,2.359795769101952
4869995.535313705,2.4209009175388285
163113132.87531835,2.7050741811782006
26675007.857125405,2.5571031489103593
2274988.3560622702,2.354814832941961
26317874.66270233,2.558844982972487
4514250.88052898,2.4135157896464214
20321083.194868412,2.537288589345087
65318291.628621206,2.6327168143723183
10705474.15339509,2.4829548066028453
215988522.5852169,2.7280450328480312
2439790.018674768,2.3626519147439153
14088802.627266519,2.5085944649460425
50466776.06530278,2.6110114169496947
6481268.8976054145,2.443644720910028
5994678.88396565,2.4387946693449747
33078307.18839669,2.574565565263816
1950267.0464498233,2.3435545167181253
38182505.279397875,2.5897703653014443
219778678.1790206,2.7300742148604162
9072677.504892755,2.468376306782761
3817108.4391553076,2.400393359237916
1450538.1673834687,2.319551204667879
1238018.0832321697,2.305531573393113
496364.22740658995,2.2295678691744474
33596427.34560714,2.576904638368734
1777863.3794339346,2.337370914896784
59654410.28960117,2.6235588477644263
110674409.61087728,2.6760202786719987
20095094.62621794,2.5330366522723127
146110046.30330396,2.695989856260617
33323623.834692262,2.5766565555309042
1333816.4495501854,2.3142929625810345
7661832.414396205,2.4581881950529842
1424918.878369623,2.319437119180824
72451639.40467913,2.639747704808056
28735815.09200322,2.565740641745364
3952285.8963299077,2.40199097396201
10509273.861738442,2.4810641992827396
12717925.344484441,2.496089589634936
5392811.693950152,2.428708147533327
3935682.2563053495,2.4009274557296734
2922286.4133207146,2.376030855912006
399001478.6974268,2.7809407467444256
92611990.37758231,2.658963911532084
106442122.3020822,2.6718181452065064
7745158.48528757,2.456597507394258
516079.05344175134,2.2341953487004003
1146487.70193046,2.2990168338014527
43002.44681324013,2.030586077653178
20795808.70883771,2.536968313463529
96268436.88731915,2.6629139152609933
13389034.379816098,2.5003101730591855
24247405.680251244,2.550842523900106
66181120.59950518,2.630662790150771
9575231.814281425,2.4727473806135833
792291737.0587734,2.8377797678840713
432529.5880790461,2.220700707877874
24568426.39679763,2.5505912249253706
37700502.66375723,2.587669994663377
94471377.62778607,2.6613688399986435
57574485.67126977,2.6193637646710717
481016.78278614476,2.2283021177340667
24088349.407616794,2.549529889855887
88362.18694023613,2.090779268327715
2675685.4593325495,2.37045474754489
1623611.0929104576,2.3286932709594095
17779014.742589086,2.5248924167578486
933666600.3399566,2.84968385340218
40191235.557806745,2.592924057315918
521081.0539503253,2.235197408031497
168105429.20563087,2.7098979431883925
2265176.173845483,2.3563240553006115
80557847.74495734,2.648374874306733
50085122.58781184,2.6087005599798925
8801235.518575221,2.469137133442143
39109633.22192144,2.5886461569298924
17174749.63405816,2.5227600988814287
188634977.35682565,2.7195727904527893
28721676.15474433,2.5640382297355755
7188051.071203819,2.451529384042068
25667669.347203728,2.554618093194103
138481672.18701187,2.6930098095700146
52711.11163393892,2.047874078576538
40375090.68587788,2.5924177025651605
16786.760719701346,1.9537759462933602
2218430.5351924174,2.3524006828527906
3265764.390001782,2.385533382236292
1827993.9509297353,2.340468449618818
10031430.400026,2.479096953750604
70054058.86553666,2.636675881518089
6791288.147944859,2.448987280120311
2862306.859102376,2.372841772872606
11074793.969852109,2.4861932463731944
321512381.7303318,2.7609007103910113
20200.210322259747,1.9671619951434514
734318.2243586405,2.2629576942738625
471335283.02580273,2.7941607852173256
596798.9555505574,2.2462120374906953
7323504.152860322,2.4504036500062356
92951936.62012558,2.6604785580498502
64076508.311091244,2.6285633946183453
25481750.467221018,2.554483910850602
4561757.854599655,2.414009777472972
271672.25739238627,2.1806005568457705
612833.9753609429,2.2517571270810106
682118.1036795028,2.2593181169749164
60610377.08935084,2.6248656983178624
58797904.971313104,2.622722324281018
659336.5531598224,2.253796845905271
371793.1351113689,2.210199410052999
4473715.612867148,2.413260893043056
10144530.01741906,2.479868535942393
2256822.6654421757,2.3559679108248455
108738857.71848513,2.674855428137332
14390576.352327514,2.507114011476411
63757008.228398934,2.6303146001986812
3687916.658545694,2.3968879728900787
68508.94836817987,2.069447207256868
14000196.298204292,2.5054401759562146
49947401.16499869,2.6124694076796557
20948533.764788132,2.5374907537617264
6545733.725881006,2.4416280517577076
1494841.532903456,2.3209396037707486
5252121.450404518,2.424114559709536
111548263.58155866,2.6750552131614747
14512341.315876601,2.508284380878039
9755343.76282103,2.4757684645314506
5220119.431616301,2.424832215885074
2108197.1313622133,2.352193183786436
933060.4064930074,2.284647568147866
4003670.7026885566,2.4013909790794945
349407.25548327423,2.20244632067537
51743869.02407414,2.6105045847917165
285181.2829180992,2.1860200559243648
174645488.9208591,2.711573462994528
16726432.455698876,2.5203336993211845
32627577.54643223,2.574811990675526
5367693.467039332,2.4266749859535546
115466280.29543073,2.6778370335927635
212570.7565964262,2.1622330520610484
5835708.911350179,2.4349124571842156
47467366.89919979,2.6068139865876523
4922191.354546843,2.4208955400312693
2169347.0784948654,2.3520756013273396
2785816.2801084663,2.3731404972107684
372894718.26152617,2.7737155390312425
3562456.8822873333,2.395458565408038
12839838.699790739,2.498320739780216
1789312.8232795799,2.336756732848882
93070659.43404227,2.6618142597054377
570578.7487064287,2.243021642584339
3625215.766943765,2.3932191912057204
267075554.4814972,2.7472446427248878
158274.2552111179,2.1366821448677387
253.90856851109066,1.6084957296607254
6364368.0717466,2.4407863675618704
11782873.016030295,2.4891330519086967
28912674.204719458,2.5634294608850556
37436796.71351628,2.584704546885853
356.97282397844845,1.6355577743692111
9232611.863366472,2.471793952574552
8889150.737550778,2.469836608767399
6472598.3052593665,2.443628978279539
518188.13517072296,2.2344201935464176
1766343.656542159,2.3348022479186334
54453381.947824284,2.6175096965593028
525001.3674559459,2.2364014432931945
91730705.69739807,2.658129692875992
3313695.560355194,2.3881095470121285
258882480.07020193,2.744062398210572
56749.78586688029,2.0515454560185793
3836318.076486535,2.3992557428471657
17041173.70665238,2.522422337922863
94128083.42023835,2.6630075885550175
25165084.44480706,2.555404813256171
2372098.1731707277,2.361164362620885
15763453.876619495,2.5178975334294478
28187354.43394653,2.560398573578238
31254591.732172243,2.568839837240651
37569637.86000124,2.5847913456815936
5544989.380721726,2.432952088433699
4977214.988975146,2.420036562721028
11741780.459968839,2.489253972671713
75762792.36772001,2.6437357918159496
190707977.9370721,2.721303638895002
5210921.454188117,2.4261435504245967
1584964.4142980415,2.3275179962474457
136035858.3938203,2.69103159222221
159774749.77067196,2.703154720234517
1381570.9084382856,2.3160521087975874
89943521.13753796,2.6589383200945855
8091079.682484049,2.4588525805419112
8311459.13895574,2.4631294794744436
1678639.680949784,2.330559535033025
115547932.93658213,2.677238305746103
4286689.886903196,2.4099512862703967
2252759.5762579115,2.353295009639059
807204.2681686122,2.271923933331186
1305985.3192950152,2.3116025658596984
13753890.526114138,2.503755669590925
1302008.3260922558,2.313116141801892
8382285.777162253,2.4637350037198584
31838908.985012043,2.5736523011969474
1337383.7924726158,2.3152046299759017
4611718.837659344,2.4166152705498067
216595307.91527548,2.730036676180134
63793524.180586904,2.6309992285308548
28108537.28519903,2.5641969813928895
4086345.823576978,2.4044296377865795
33009306.437564142,2.57551948036049
2959080.0316453553,2.3774993288073563
4548805.836117513,2.4143411793657483
45433838.05803592,2.6008521484380354
12598169.115533216,2.4981431790521924
770012.2853571125,2.265744166879259
8552940.361123404,2.464191340531086
69087.70849422105,2.0705551638002304
127241088.8631873,2.685713124031944
236480306.7876387,2.7355575739790856
63233.67917194059,2.0639197086942547
7865086.151618171,2.4576543940679856
3670945.9224240673,2.3964720127655377
41092.41010743174,2.0246295046389235
5642224.420606809,2.4331813620088645
17354596.044186607,2.5209258160803465
17280343.375281975,2.5200268758157285
55584134.39103899,2.617008536167074
12421000.6467544,2.4937235577388237
743194.6906401904,2.265744524818609
5216151.53651138,2.4245152519235265
3698572.012989223,2.3960748600089077
38466217.99265434,2.58657957831564
25745054.592381746,2.5578242490400016
57486104.3650027,2.6213839361423354
640409.7937350885,2.2529770354211633
5353667.444342944,2.4253943185234434
63063766.354874074,2.629869718371281
339610.5284913408,2.2003305921310723
23247781.477602143,2.545696028931765
9568712.639885798,2.47332793267066
3320824.4892230453,2.387517728716626
18241950.104374517,2.5252742353056497
57270353.86429345,2.6205512873621393
1536688.1042738857,2.3254959402644384
75811782.47489013,2.640811063676485
6801294.301055351,2.44927485810242
1084333.375434067,2.296815658249649
8021908.330206163,2.4582588531478704
736929.4443887627,2.26287036611151
6254094.747542711,2.438059260470426
1059380.7148544148,2.2960490107794866
13383879.340611417,2.5006417917612724
60180972.576976165,2.624684192195782
