<?xml version="1.0"?>
<VTKFile type="PolyData" version="0.1" byte_order="LittleEndian">
  <PolyData>
    <Piece NumberOfPoints="1850" NumberOfVerts="0" NumberOfLines="4115" NumberOfStrips="0" NumberOfPolys="0">
      <PointData><DataArray type="Int64" Name="particle_id" NumberOfComponents="1" format="ascii">
1 2 3 4 5 6 7 8 9 10 11 12 13 14 15 16 17 18 19 20 21 22 23 24 25 26 27 28 29 30 31 32 33 34 35 36 37 38 39 40 41 42 43 44 45 46 47 48 49 50 51 52 53 54 55 56 57 58 59 60 61 62 63 64 65 66 67 68 69 70 71 72 73 74 75 76 77 78 79 80 81 82 83 84 85 86 87 88 89 90 91 92 93 94 95 96 97 98 99 100 101 102 103 104 105 106 107 108 109 110 111 112 113 114 115 116 117 118 119 120 121 122 123 124 125 126 127 128 129 130 131 132 133 134 135 136 137 138 139 140 141 142 143 144 145 146 147 148 149 150 151 152 153 154 155 156 157 158 159 160 161 162 163 164 165 166 167 168 169 170 171 172 173 174 175 176 177 178 179 180 181 182 183 184 185 186 187 188 189 190 191 192 193 194 195 196 197 198 199 200 201 202 203 204 205 206 207 208 209 210 211 212 213 214 215 216 217 218 219 220 221 222 223 224 225 226 227 228 229 230 231 232 233 234 235 236 237 238 239 240 241 242 243 244 245 246 247 248 249 250 251 252 253 254 255 256 257 258 259 260 261 262 263 264 265 266 267 268 269 270 271 272 273 274 275 276 277 278 279 280 281 282 283 284 285 286 287 288 289 290 291 292 293 294 295 296 297 298 299 300 301 302 303 304 305 306 307 308 309 310 311 312 313 314 315 316 317 318 319 320 321 322 323 324 325 326 327 328 329 330 331 332 333 334 335 336 337 338 339 340 341 342 343 344 345 346 347 348 349 350 351 352 353 354 355 356 357 358 359 360 361 362 363 364 365 366 367 368 369 370 371 372 373 374 375 376 377 378 379 380 381 382 383 384 385 386 387 388 389 390 391 392 393 394 395 396 397 398 399 400 401 402 403 404 405 406 407 408 409 410 411 412 413 414 415 416 417 418 419 420 421 422 423 424 425 426 427 428 429 430 431 432 433 434 435 436 437 438 439 440 441 442 443 444 445 446 447 448 449 450 451 452 453 454 455 456 457 458 459 460 461 462 463 464 465 466 467 468 469 470 471 472 473 474 475 476 477 478 479 480 481 482 483 484 485 486 487 488 489 490 491 492 493 494 495 496 497 498 499 500 501 502 503 504 505 506 507 508 509 510 511 512 513 514 515 516 517 518 519 520 521 522 523 524 525 526 527 528 529 530 531 532 533 534 535 536 537 538 539 540 541 542 543 544 545 546 547 548 549 550 551 552 553 554 555 556 557 558 559 560 561 562 563 564 565 566 567 568 569 570 571 572 573 574 575 576 577 578 579 580 581 582 583 584 585 586 587 588 589 590 591 592 593 594 595 596 597 598 599 600 601 602 603 604 605 606 607 608 609 610 611 612 613 614 615 616 617 618 619 620 621 622 623 624 625 626 627 628 629 630 631 632 633 634 635 636 637 638 639 640 641 642 643 644 645 646 647 648 649 650 651 652 653 654 655 656 657 658 659 660 661 662 663 664 665 666 667 668 669 670 671 672 673 674 675 676 677 678 679 680 681 682 683 684 685 686 687 688 689 690 691 692 693 694 695 696 697 698 699 700 701 702 703 704 705 706 707 708 709 710 711 712 713 714 715 716 717 718 719 720 721 722 723 724 725 726 727 728 729 730 731 732 733 734 735 736 737 738 739 740 741 742 743 744 745 746 747 748 749 750 751 752 753 754 755 756 757 758 759 760 761 762 763 764 765 766 767 768 769 770 771 772 773 774 775 776 777 778 779 780 781 782 783 784 785 786 787 788 789 790 791 792 793 794 795 796 797 798 799 800 801 802 803 804 805 806 807 808 809 810 811 812 813 814 815 816 817 818 819 820 821 822 823 824 825 826 827 828 829 830 831 832 833 834 835 836 837 838 839 840 841 842 843 844 845 846 847 848 849 850 851 852 853 854 855 856 857 858 859 860 861 862 863 864 865 866 867 868 869 870 871 872 873 874 875 876 877 878 879 880 881 882 883 884 885 886 887 888 889 890 891 892 893 894 895 896 897 898 899 900 901 902 903 904 905 906 907 908 909 910 911 912 913 914 915 916 917 918 919 920 921 922 923 924 925 926 927 928 929 930 931 932 933 934 935 936 937 938 939 940 941 942 943 944 945 946 947 948 949 950 951 952 953 954 955 956 957 958 959 960 961 962 963 964 965 966 967 968 969 970 971 972 973 974 975 976 977 978 979 980 981 982 983 984 985 986 987 988 989 990 991 992 993 994 995 996 997 998 999 1000 1001 1002 1003 1004 1005 1006 1007 1008 1009 1010 1011 1012 1013 1014 1015 1016 1017 1018 1019 1020 1021 1022 1023 1024 1025 1026 1027 1028 1029 1030 1031 1032 1033 1034 1035 1036 1037 1038 1039 1040 1041 1042 1043 1044 1045 1046 1047 1048 1049 1050 1051 1052 1053 1054 1055 1056 1057 1058 1059 1060 1061 1062 1063 1064 1065 1066 1067 1068 1069 1070 1071 1072 1073 1074 1075 1076 1077 1078 1079 1080 1081 1082 1083 1084 1085 1086 1087 1088 1089 1090 1091 1092 1093 1094 1095 1096 1097 1098 1099 1100 1101 1102 1103 1104 1105 1106 1107 1108 1109 1110 1111 1112 1113 1114 1115 1116 1117 1118 1119 1120 1121 1122 1123 1124 1125 1126 1127 1128 1129 1130 1131 1132 1133 1134 1135 1136 1137 1138 1139 1140 1141 1142 1143 1144 1145 1146 1147 1148 1149 1150 1151 1152 1153 1154 1155 1156 1157 1158 1159 1160 1161 1162 1163 1164 1165 1166 1167 1168 1169 1170 1171 1172 1173 1174 1175 1176 1177 1178 1179 1180 1181 1182 1183 1184 1185 1186 1187 1188 1189 1190 1191 1192 1193 1194 1195 1196 1197 1198 1199 1200 1201 1202 1203 1204 1205 1206 1207 1208 1209 1210 1211 1212 1213 1214 1215 1216 1217 1218 1219 1220 1221 1222 1223 1224 1225 1226 1227 1228 1229 1230 1231 1232 1233 1234 1235 1236 1237 1238 1239 1240 1241 1242 1243 1244 1245 1246 1247 1248 1249 1250 1251 1252 1253 1254 1255 1256 1257 1258 1259 1260 1261 1262 1263 1264 1265 1266 1267 1268 1269 1270 1271 1272 1273 1274 1275 1276 1277 1278 1279 1280 1281 1282 1283 1284 1285 1286 1287 1288 1289 1290 1291 1292 1293 1294 1295 1296 1297 1298 1299 1300 1301 1302 1303 1304 1305 1306 1307 1308 1309 1310 1311 1312 1313 1314 1315 1316 1317 1318 1319 1320 1321 1322 1323 1324 1325 1326 1327 1328 1329 1330 1331 1332 1333 1334 1335 1336 1337 1338 1339 1340 1341 1342 1343 1344 1345 1346 1347 1348 1349 1350 1351 1352 1353 1354 1355 1356 1357 1358 1359 1360 1361 1362 1363 1364 1365 1366 1367 1368 1369 1370 1371 1372 1373 1374 1375 1376 1377 1378 1379 1380 1381 1382 1383 1384 1385 1386 1387 1388 1389 1390 1391 1392 1393 1394 1395 1396 1397 1398 1399 1400 1401 1402 1403 1404 1405 1406 1407 1408 1409 1410 1411 1412 1413 1414 1415 1416 1417 1418 1419 1420 1421 1422 1423 1424 1425 1426 1427 1428 1429 1430 1431 1432 1433 1434 1435 1436 1437 1438 1439 1440 1441 1442 1443 1444 1445 1446 1447 1448 1449 1450 1451 1452 1453 1454 1455 1456 1457 1458 1459 1460 1461 1462 1463 1464 1465 1466 1467 1468 1469 1470 1471 1472 1473 1474 1475 1476 1477 1478 1479 1480 1481 1482 1483 1484 1485 1486 1487 1488 1489 1490 1491 1492 1493 1494 1495 1496 1497 1498 1499 1500 1501 1502 1503 1504 1505 1506 1507 1508 1509 1510 1511 1512 1513 1514 1515 1516 1517 1518 1519 1520 1521 1522 1523 1524 1525 1526 1527 1528 1529 1530 1531 1532 1533 1534 1535 1536 1537 1538 1539 1540 1541 1542 1543 1544 1545 1546 1547 1548 1549 1550 1551 1552 1553 1554 1555 1556 1557 1558 1559 1560 1561 1562 1563 1564 1565 1566 1567 1568 1569 1570 1571 1572 1573 1574 1575 1576 1577 1578 1579 1580 1581 1582 1583 1584 1585 1586 1587 1588 1589 1590 1591 1592 1593 1594 1595 1596 1597 1598 1599 1600 1601 1602 1603 1604 1605 1606 1607 1608 1609 1610 1611 1612 1613 1614 1615 1616 1617 1618 1619 1620 1621 1622 1623 1624 1625 1626 1627 1628 1629 1630 1631 1632 1633 1634 1635 1636 1637 1638 1639 1640 1641 1642 1643 1644 1645 1646 1647 1648 1649 1650 1651 1652 1653 1654 1655 1656 1657 1658 1659 1660 1661 1662 1663 1664 1665 1666 1667 1668 1669 1670 1671 1672 1673 1674 1675 1676 1677 1678 1679 1680 1681 1682 1683 1684 1685 1686 1687 1688 1689 1690 1691 1692 1693 1694 1695 1696 1697 1698 1699 1700 1701 1702 1703 1704 1705 1706 1707 1708 1709 1710 1711 1712 1713 1714 1715 1716 1717 1718 1719 1720 1721 1722 1723 1724 1725 1726 1727 1728 1729 1730 1731 1732 1733 1734 1735 1736 1737 1738 1739 1740 1741 1742 1743 1744 1745 1746 1747 1748 1749 1750 1751 1752 1753 1754 1755 1756 1757 1758 1759 1760 1761 1762 1763 1764 1765 1766 1767 1768 1769 1770 1771 1772 1773 1774 1775 1776 1777 1778 1779 1780 1781 1782 1783 1784 1785 1786 1787 1788 1789 1790 1791 1792 1793 1794 1795 1796 1797 1798 1799 1800 1801 1802 1803 1804 1805 1806 1807 1808 1809 1810 1811 1812 1813 1814 1815 1816 1817 1818 1819 1820 1821 1822 1823 1824 1825 1826 1827 1828 1829 1830 1831 1832 1833 1834 1835 1836 1837 1838 1839 1840 1841 1842 1843 1844 1845 1846 1847 1848 1849 1850
</DataArray></PointData>
      <CellData>
        <DataArray type="Int64" Name="particle_1" NumberOfComponents="1" format="ascii">
1 1 1 1 1 1 2 2 2 2 3 3 3 3 3 4 4 4 4 5 5 5 5 5 6 6 7 7 7 7 7 8 8 8 8 8 8 8 9 9 9 9 9 10 10 10 10 10 10 11 11 11 11 12 12 12 12 13 13 13 13 14 14 14 14 14 14 14 15 15 16 16 16 16 17 17 19 20 20 20 20 21 21 21 21 21 22 22 22 23 23 23 23 23 23 24 24 24 24 25 25 26 26 26 26 26 27 27 27 27 28 28 29 29 29 30 30 30 31 31 31 31 31 31 32 32 32 32 34 34 34 34 34 35 35 35 36 36 36 37 37 37 37 37 37 38 38 38 38 38 38 39 39 39 39 39 40 40 40 40 40 41 41 41 41 42 42 42 43 43 43 43 44 44 44 44 44 45 45 45 45 46 46 46 46 46 47 47 48 48 49 49 49 50 50 50 50 50 51 51 51 51 52 52 52 52 53 53 54 54 55 56 56 56 56 57 57 58 58 58 59 59 59 60 60 60 61 61 61 61 61 63 64 64 64 64 65 65 66 67 67 67 67 67 68 68 69 69 69 69 69 70 70 70 70 71 71 71 71 71 72 72 72 72 72 74 74 74 75 75 76 76 76 77 77 77 77 77 78 78 79 79 79 80 80 81 81 81 81 81 82 82 82 83 83 83 84 84 84 84 84 85 85 85 86 86 86 87 87 88 88 89 89 90 91 91 91 92 92 92 92 92 93 93 93 94 94 94 95 95 96 96 96 96 97 97 97 97 98 98 98 99 99 99 100 100 100 101 102 102 102 102 102 102 103 103 104 104 104 105 105 106 106 107 107 107 108 108 108 108 108 109 109 109 109 109 110 110 110 110 111 114 114 114 114 115 115 115 116 116 116 117 117 118 118 119 119 120 120 121 121 123 123 123 125 125 126 126 126 127 127 127 127 127 129 129 130 131 131 131 132 132 133 134 135 136 137 137 137 137 138 139 139 140 140 140 140 141 141 141 142 142 143 144 144 145 146 146 146 146 147 147 148 148 148 149 150 152 152 153 153 153 154 155 155 155 156 156 157 158 159 160 160 162 162 162 163 164 165 167 167 167 167 168 169 169 170 170 171 171 172 172 172 173 173 174 174 174 175 175 176 176 176 177 178 178 179 181 181 181 181 182 182 182 182 183 183 184 187 187 188 188 189 189 189 190 190 192 192 192 193 195 197 197 197 199 199 200 201 201 201 201 202 202 202 202 203 203 206 206 206 207 208 208 209 210 210 211 211 213 213 214 214 215 217 217 217 220 220 224 226 227 228 229 235 237 238 238 238 239 240 240 240 241 241 241 241 241 241 242 242 242 242 242 243 243 243 244 244 244 244 245 245 245 246 246 246 246 247 247 247 248 248 248 249 250 250 250 251 251 251 251 251 251 251 252 252 252 252 253 253 254 254 254 254 255 255 255 255 256 256 257 257 257 257 259 260 260 260 260 261 261 261 262 263 264 264 264 265 265 265 265 265 266 266 267 267 268 268 268 269 269 270 270 270 270 270 270 271 271 271 271 271 271 272 272 272 273 273 273 273 274 274 275 275 276 276 277 277 277 277 278 278 278 279 279 279 280 280 280 281 281 282 282 282 282 282 283 283 283 283 284 284 284 284 284 285 285 285 285 285 285 285 286 287 287 287 287 287 288 288 289 289 290 290 291 291 292 293 294 294 294 296 297 297 297 298 298 298 298 299 299 299 300 300 301 302 302 302 302 304 304 304 304 307 307 307 308 308 308 309 310 310 310 310 310 312 312 312 312 312 313 313 313 313 313 313 314 314 314 314 314 315 315 315 316 316 316 317 317 319 319 319 319 319 320 320 320 320 321 321 321 321 321 322 322 323 323 323 323 323 323 324 324 324 324 324 324 325 325 325 327 327 328 328 328 328 329 329 329 329 330 330 330 330 332 333 333 333 333 334 334 335 335 336 336 336 337 337 340 341 342 342 342 342 342 343 343 345 345 345 345 345 346 348 348 349 350 350 350 350 351 351 351 354 354 355 355 355 356 357 357 357 358 358 358 359 359 359 362 362 363 363 364 364 364 364 366 367 367 367 368 369 369 371 373 373 374 376 376 377 379 379 380 380 380 381 381 381 383 383 384 385 385 385 385 388 388 388 389 390 390 391 391 392 392 392 393 393 394 396 401 402 402 403 403 404 404 405 405 405 405 405 405 406 406 407 407 408 408 410 410 410 411 411 411 412 412 412 413 414 414 414 415 415 416 416 417 417 418 418 418 418 418 418 419 419 419 420 420 420 421 421 421 422 422 423 423 423 424 424 424 424 425 425 426 427 427 427 427 427 428 428 428 428 428 429 429 429 429 429 430 430 430 430 430 431 431 431 431 432 432 432 433 433 433 433 433 434 434 434 434 434 434 435 435 435 435 436 436 437 438 438 438 438 439 439 439 439 439 440 441 441 441 441 442 442 442 443 443 443 443 444 444 444 444 444 445 445 446 446 446 447 447 448 448 449 449 449 449 449 450 450 450 451 452 452 454 454 455 455 455 455 455 456 457 457 457 457 457 458 458 458 459 459 460 460 460 461 462 462 463 463 464 465 465 465 465 466 466 466 466 466 467 467 467 467 467 468 468 469 470 470 470 471 471 472 472 472 472 473 473 473 474 474 475 475 475 475 475 477 477 477 479 479 480 480 480 480 481 481 481 481 482 482 482 482 483 484 484 484 485 485 486 486 486 487 487 487 487 487 488 488 488 489 489 490 490 490 490 490 491 491 491 492 492 494 495 495 496 497 497 498 498 498 498 499 499 499 499 500 501 501 502 502 502 503 503 503 504 504 504 504 505 506 506 506 506 506 507 508 508 508 508 508 509 509 510 510 510 510 510 510 511 511 512 512 512 516 516 517 517 517 518 518 518 518 518 520 521 522 522 522 523 523 523 524 524 525 525 526 526 527 527 527 527 527 528 529 529 530 530 530 531 531 532 532 532 532 532 532 532 532 533 534 534 534 535 535 537 537 537 537 537 538 538 538 538 538 539 539 539 540 540 541 541 541 541 542 542 543 543 543 543 543 546 547 547 548 548 551 552 553 553 553 553 553 554 555 555 556 556 560 560 560 561 562 562 562 562 563 563 563 564 565 565 565 565 565 566 569 570 570 570 572 572 573 574 576 576 577 578 579 579 580 580 581 581 581 582 584 584 585 585 585 585 588 588 590 590 590 590 590 590 591 592 592 592 592 592 592 593 594 594 598 600 601 602 602 602 602 603 604 604 604 604 605 606 606 607 607 607 607 607 608 608 609 609 609 609 609 610 610 610 610 611 611 611 611 612 612 613 613 613 613 614 614 614 614 614 615 616 616 616 617 617 617 618 618 620 620 620 620 620 620 621 621 621 621 622 622 622 623 624 624 624 625 625 625 625 626 626 626 626 626 627 627 627 627 628 629 629 629 629 629 631 631 631 631 633 633 633 634 634 634 634 635 635 635 636 636 637 637 638 638 638 638 639 639 639 639 639 640 640 640 641 642 642 643 643 643 643 643 645 645 645 645 645 646 646 646 646 646 646 647 647 647 647 647 648 648 648 648 648 649 649 650 650 650 650 650 651 651 652 652 652 653 654 655 656 656 656 656 656 656 657 657 657 658 658 658 658 659 659 659 659 661 662 662 662 664 664 664 665 665 666 666 666 667 668 668 668 668 669 669 669 669 669 670 670 670 670 671 671 672 672 673 673 673 673 673 675 675 675 675 676 676 676 676 677 678 678 678 679 679 680 680 680 680 680 680 683 683 684 684 684 685 685 685 685 685 686 686 686 686 686 686 687 687 687 687 687 687 688 688 688 688 688 690 691 691 692 692 694 694 694 695 696 696 696 697 697 697 698 698 698 699 699 699 700 701 701 702 703 704 704 704 704 705 706 706 707 708 708 708 708 709 710 710 711 711 713 714 714 714 715 715 715 716 716 716 716 716 717 718 718 718 719 719 719 720 720 720 721 721 722 723 723 723 724 725 725 727 727 728 728 728 728 729 729 729 729 730 731 731 731 731 731 732 733 733 734 736 736 737 738 740 740 740 741 743 743 744 745 745 745 746 747 747 747 747 749 749 749 750 750 751 751 751 751 751 753 754 754 754 756 756 757 757 757 760 760 761 762 763 763 763 764 765 765 767 767 769 771 773 773 774 774 777 777 778 781 784 785 785 785 786 786 787 788 788 788 789 791 791 792 793 793 793 793 793 793 794 794 794 795 795 796 796 796 797 797 797 798 799 799 799 799 799 799 799 800 800 800 800 800 800 801 801 801 801 801 801 802 802 802 802 802 803 803 803 803 803 804 804 804 805 805 805 805 805 806 806 806 806 806 807 807 807 807 807 807 808 808 808 808 808 809 809 809 809 809 810 810 810 810 810 810 811 812 812 812 813 813 813 813 813 814 814 814 814 814 815 815 815 816 816 816 817 818 818 819 819 819 819 819 820 820 820 820 821 822 822 824 824 824 824 825 825 825 825 825 826 826 826 827 827 828 828 830 830 831 831 831 831 831 832 832 833 834 834 834 834 835 835 835 835 835 836 836 836 836 836 837 837 837 837 838 838 838 839 839 840 840 840 840 841 841 842 842 842 842 842 842 843 843 844 844 844 844 844 845 845 845 845 845 846 846 846 847 847 848 848 848 848 848 848 849 849 850 850 851 852 852 852 852 852 852 852 853 853 853 854 854 854 855 855 855 855 856 856 856 857 857 857 857 858 858 859 860 860 860 860 861 861 862 862 862 862 863 863 864 864 864 864 865 865 865 865 865 866 866 866 866 868 869 870 870 870 870 871 871 872 872 872 873 873 874 874 875 875 875 875 876 876 877 877 877 877 878 878 878 878 878 880 880 880 880 880 881 881 881 882 882 882 883 883 884 884 884 884 884 884 884 885 885 885 885 886 886 886 886 886 887 887 887 887 888 889 889 889 889 889 890 890 891 891 891 891 891 892 893 894 894 895 895 895 896 896 896 896 897 897 897 898 898 898 898 899 899 899 900 900 900 900 901 901 903 903 903 903 904 906 906 906 907 907 907 907 908 908 908 909 909 910 910 911 912 912 912 912 912 913 916 916 917 917 917 917 918 918 918 919 919 920 921 921 923 925 926 926 926 927 927 928 929 929 929 930 931 931 931 931 933 935 935 936 938 939 940 940 940 941 941 941 942 942 942 942 942 943 943 943 943 946 947 949 949 951 953 953 953 955 956 957 957 957 957 957 957 958 958 960 960 960 961 961 964 965 965 966 966 966 966 968 970 970 970 971 971 971 971 972 972 974 974 976 979 981 981 981 985 986 987 988 988 988 989 991 992 992 992 992 993 995 996 997 997 998 999 1000 1000 1001 1001 1003 1004 1007 1007 1009 1009 1009 1010 1010 1011 1011 1013 1015 1015 1015 1015 1019 1021 1023 1023 1024 1025 1025 1025 1025 1026 1027 1027 1027 1027 1027 1027 1029 1029 1029 1029 1029 1030 1030 1031 1031 1031 1032 1032 1032 1033 1033 1033 1033 1034 1034 1034 1034 1034 1034 1034 1035 1035 1035 1036 1036 1037 1037 1037 1037 1038 1038 1038 1039 1039 1039 1039 1040 1040 1040 1040 1040 1041 1041 1042 1042 1043 1043 1043 1043 1043 1044 1044 1044 1044 1045 1045 1045 1045 1046 1046 1046 1047 1048 1048 1050 1050 1050 1051 1051 1051 1051 1052 1052 1053 1053 1053 1054 1054 1054 1055 1055 1055 1055 1055 1055 1056 1056 1056 1056 1056 1056 1057 1057 1057 1057 1058 1058 1059 1059 1061 1061 1061 1061 1061 1062 1063 1063 1064 1064 1064 1064 1065 1065 1065 1065 1066 1066 1066 1066 1066 1067 1067 1067 1068 1068 1069 1069 1071 1071 1072 1072 1072 1072 1072 1073 1073 1073 1074 1074 1074 1076 1076 1076 1076 1076 1077 1077 1077 1078 1078 1079 1079 1079 1080 1080 1080 1080 1081 1081 1081 1081 1081 1081 1083 1083 1083 1084 1084 1084 1084 1084 1085 1085 1085 1086 1086 1086 1086 1086 1087 1087 1088 1088 1088 1088 1088 1088 1089 1089 1090 1090 1090 1090 1090 1091 1092 1092 1092 1092 1093 1093 1093 1094 1094 1094 1094 1095 1095 1096 1096 1096 1097 1097 1097 1098 1098 1099 1101 1101 1102 1103 1103 1103 1104 1104 1104 1104 1105 1105 1105 1106 1107 1107 1107 1108 1108 1109 1110 1110 1111 1111 1111 1112 1112 1112 1112 1112 1113 1113 1114 1114 1114 1114 1115 1115 1118 1118 1118 1119 1120 1120 1120 1120 1121 1121 1122 1122 1122 1122 1122 1123 1123 1123 1124 1124 1124 1124 1124 1124 1124 1125 1125 1127 1127 1127 1128 1130 1130 1130 1130 1131 1131 1133 1133 1133 1134 1134 1134 1135 1135 1135 1135 1135 1136 1136 1136 1137 1137 1137 1140 1141 1141 1143 1143 1143 1144 1144 1144 1145 1145 1145 1145 1145 1145 1147 1147 1147 1147 1147 1148 1148 1148 1149 1149 1150 1150 1151 1151 1151 1152 1152 1152 1153 1153 1153 1155 1156 1156 1156 1156 1158 1159 1159 1160 1161 1161 1161 1161 1162 1162 1162 1163 1163 1164 1165 1166 1166 1166 1166 1166 1166 1167 1167 1167 1167 1169 1169 1170 1170 1170 1171 1172 1172 1172 1172 1173 1173 1174 1175 1175 1175 1176 1176 1176 1177 1177 1178 1178 1179 1179 1180 1181 1181 1181 1181 1181 1181 1182 1184 1184 1184 1185 1185 1185 1185 1186 1187 1187 1188 1190 1190 1191 1191 1192 1192 1192 1193 1193 1193 1195 1195 1196 1197 1197 1197 1197 1198 1199 1199 1199 1200 1200 1200 1201 1202 1202 1202 1203 1204 1204 1205 1206 1206 1208 1209 1209 1209 1209 1210 1211 1211 1211 1212 1212 1212 1217 1219 1219 1220 1221 1221 1222 1223 1223 1227 1227 1228 1229 1229 1229 1229 1230 1230 1232 1232 1236 1239 1239 1240 1240 1241 1241 1243 1244 1244 1245 1246 1246 1249 1249 1249 1251 1252 1252 1252 1254 1256 1256 1259 1259 1261 1261 1262 1262 1262 1263 1263 1263 1263 1264 1264 1264 1264 1264 1265 1265 1265 1265 1266 1266 1267 1267 1267 1267 1268 1268 1268 1268 1269 1269 1269 1269 1269 1269 1270 1270 1270 1271 1271 1271 1272 1272 1272 1273 1275 1275 1275 1275 1275 1276 1276 1277 1277 1277 1278 1278 1278 1278 1279 1280 1280 1281 1281 1281 1281 1281 1282 1283 1283 1284 1285 1286 1286 1286 1286 1287 1287 1287 1287 1287 1288 1288 1289 1289 1289 1289 1290 1290 1290 1290 1291 1292 1292 1292 1292 1292 1292 1293 1293 1293 1293 1294 1294 1294 1295 1295 1295 1296 1297 1297 1297 1297 1298 1298 1299 1299 1299 1299 1299 1300 1301 1301 1301 1302 1303 1303 1304 1304 1304 1305 1305 1306 1306 1307 1307 1307 1307 1307 1307 1308 1308 1309 1309 1309 1309 1310 1311 1311 1311 1312 1313 1313 1313 1313 1313 1314 1314 1315 1315 1315 1315 1316 1316 1316 1316 1317 1317 1318 1319 1319 1319 1320 1320 1320 1321 1321 1321 1321 1321 1321 1322 1322 1323 1323 1323 1323 1324 1324 1325 1325 1325 1325 1325 1325 1326 1326 1326 1326 1326 1327 1327 1329 1330 1332 1332 1333 1333 1333 1334 1334 1334 1335 1335 1335 1335 1335 1335 1336 1337 1337 1339 1340 1341 1342 1343 1343 1343 1344 1344 1344 1344 1345 1345 1346 1346 1346 1346 1347 1347 1348 1348 1348 1349 1349 1349 1349 1349 1350 1350 1351 1352 1352 1353 1354 1355 1355 1355 1355 1357 1357 1357 1359 1359 1361 1361 1361 1361 1362 1362 1362 1363 1364 1364 1364 1365 1365 1365 1365 1365 1366 1366 1366 1367 1368 1368 1368 1368 1368 1368 1368 1369 1370 1370 1371 1371 1371 1371 1371 1371 1372 1372 1372 1372 1372 1373 1373 1374 1374 1374 1375 1375 1375 1376 1376 1377 1377 1377 1377 1377 1377 1378 1378 1379 1379 1380 1380 1380 1380 1380 1380 1381 1382 1383 1383 1383 1384 1385 1387 1387 1388 1388 1388 1388 1389 1390 1390 1390 1391 1391 1391 1392 1392 1393 1393 1393 1393 1395 1397 1399 1399 1399 1400 1404 1406 1406 1406 1407 1407 1407 1408 1408 1408 1409 1409 1409 1409 1409 1410 1410 1410 1411 1412 1414 1414 1415 1415 1415 1416 1416 1416 1417 1417 1417 1417 1419 1420 1420 1420 1420 1421 1421 1422 1422 1423 1423 1423 1424 1424 1426 1429 1430 1430 1430 1432 1432 1432 1432 1433 1433 1436 1436 1436 1439 1439 1440 1442 1443 1443 1443 1444 1444 1444 1445 1447 1447 1447 1448 1449 1449 1450 1450 1451 1452 1453 1453 1453 1453 1454 1454 1454 1454 1454 1456 1457 1458 1458 1458 1458 1459 1460 1460 1460 1461 1461 1461 1461 1462 1462 1462 1463 1463 1463 1464 1464 1464 1465 1465 1465 1466 1466 1467 1467 1468 1468 1468 1469 1469 1469 1469 1470 1470 1470 1470 1470 1471 1471 1472 1472 1472 1473 1473 1473 1473 1473 1473 1474 1474 1475 1476 1476 1476 1476 1476 1476 1476 1477 1477 1477 1477 1477 1478 1478 1478 1478 1479 1479 1479 1480 1480 1480 1480 1481 1481 1481 1482 1482 1482 1482 1482 1483 1483 1483 1483 1483 1484 1484 1484 1484 1485 1485 1486 1487 1487 1487 1487 1488 1488 1488 1488 1488 1489 1489 1489 1489 1489 1489 1490 1490 1490 1490 1491 1491 1491 1491 1491 1492 1492 1492 1492 1493 1493 1494 1494 1494 1494 1494 1495 1495 1495 1495 1496 1496 1496 1496 1496 1496 1496 1497 1497 1497 1497 1498 1499 1499 1499 1499 1499 1500 1500 1500 1500 1500 1500 1501 1501 1502 1502 1502 1502 1503 1503 1503 1503 1503 1504 1504 1506 1506 1507 1507 1508 1508 1508 1508 1508 1508 1509 1509 1509 1510 1511 1512 1513 1514 1514 1514 1515 1515 1515 1515 1516 1517 1517 1517 1518 1518 1518 1518 1518 1519 1519 1520 1521 1521 1521 1521 1522 1523 1523 1523 1523 1524 1524 1524 1525 1525 1525 1526 1526 1527 1527 1527 1528 1528 1528 1529 1529 1529 1530 1530 1531 1531 1531 1531 1531 1532 1532 1532 1533 1533 1536 1536 1536 1537 1537 1537 1537 1538 1538 1538 1538 1539 1540 1540 1540 1541 1541 1541 1542 1544 1544 1544 1545 1545 1545 1546 1546 1546 1547 1547 1547 1548 1548 1548 1549 1549 1549 1549 1549 1551 1551 1551 1551 1551 1551 1552 1552 1552 1552 1552 1553 1553 1553 1554 1555 1555 1556 1556 1557 1557 1558 1558 1558 1559 1559 1559 1560 1560 1561 1561 1561 1561 1562 1563 1563 1564 1565 1565 1565 1565 1565 1565 1566 1566 1566 1567 1568 1568 1569 1569 1569 1570 1570 1572 1573 1573 1573 1573 1574 1575 1575 1575 1576 1576 1576 1577 1577 1578 1578 1578 1579 1579 1580 1581 1581 1583 1583 1583 1585 1585 1585 1585 1586 1586 1586 1587 1587 1588 1588 1588 1588 1588 1589 1589 1590 1591 1593 1594 1594 1594 1594 1595 1595 1595 1596 1596 1597 1597 1597 1597 1598 1599 1599 1599 1602 1603 1605 1605 1605 1605 1606 1606 1607 1607 1607 1607 1608 1609 1609 1609 1610 1610 1610 1611 1612 1613 1614 1614 1614 1617 1618 1621 1621 1621 1622 1623 1624 1626 1626 1626 1627 1627 1628 1628 1628 1628 1630 1631 1631 1631 1633 1633 1635 1636 1637 1638 1638 1639 1640 1640 1641 1641 1642 1642 1642 1642 1642 1643 1646 1646 1649 1650 1650 1651 1651 1652 1652 1653 1653 1653 1653 1654 1654 1655 1656 1660 1660 1661 1666 1666 1669 1670 1672 1673 1674 1676 1676 1676 1676 1676 1676 1677 1678 1678 1679 1679 1679 1679 1681 1682 1682 1682 1687 1688 1691 1691 1691 1691 1692 1692 1692 1693 1693 1693 1694 1694 1694 1694 1695 1695 1695 1695 1696 1696 1696 1697 1697 1697 1697 1697 1698 1698 1698 1698 1699 1699 1699 1700 1701 1701 1701 1701 1701 1702 1702 1703 1703 1703 1704 1704 1705 1705 1706 1706 1706 1706 1708 1708 1708 1709 1709 1709 1709 1710 1710 1710 1711 1712 1712 1712 1713 1713 1713 1714 1714 1714 1715 1715 1715 1715 1716 1716 1718 1718 1719 1719 1719 1720 1720 1720 1720 1721 1722 1722 1722 1723 1723 1724 1725 1725 1726 1726 1726 1727 1727 1727 1727 1728 1728 1728 1729 1730 1730 1730 1731 1731 1732 1732 1732 1733 1733 1733 1733 1733 1734 1734 1734 1735 1735 1735 1735 1736 1736 1737 1737 1738 1738 1738 1739 1739 1740 1741 1741 1741 1741 1743 1743 1743 1744 1744 1745 1746 1746 1746 1746 1747 1747 1749 1749 1750 1750 1750 1751 1753 1754 1755 1755 1756 1756 1756 1757 1757 1758 1758 1759 1760 1760 1761 1761 1762 1762 1764 1764 1765 1765 1766 1766 1767 1769 1769 1771 1774 1775 1775 1777 1777 1778 1779 1780 1781 1782 1783 1784 1784 1785 1787 1790 1791 1792 1793 1793 1794 1795 1795 1795 1798 1802 1803 1806 1806 1806 1806 1806 1806 1807 1807 1811 1813 1814 1818 1818 1818 1819 1831 1833
</DataArray>
        <DataArray type="Int64" Name="particle_2" NumberOfComponents="1" format="ascii">
115 67 70 159 268 401 154 311 300 318 222 318 146 165 368 158 36 214 166 361 135 386 93 217 34 57 231 200 148 239 189 365 295 184 407 297 278 586 78 19 305 74 118 145 112 48 92 190 387 112 150 185 90 296 179 349 536 229 191 75 143 169 231 29 162 102 292 172 148 276 68 51 49 236 232 171 22 151 163 187 157 237 306 106 384 253 198 99 47 232 43 226 29 98 39 286 340 206 374 235 202 233 326 65 38 308 145 112 55 101 38 207 228 89 85 66 194 43 177 163 164 77 80 60 82 95 97 210 218 97 104 208 339 174 146 184 144 228 156 144 214 196 186 361 386 372 193 42 363 303 213 154 110 292 91 356 386 176 248 293 315 161 95 129 51 65 291 559 66 87 59 88 292 85 356 288 329 191 52 65 165 222 326 236 184 402 149 398 145 173 177 151 371 87 86 121 79 197 175 143 52 326 79 222 179 165 97 191 164 180 168 236 277 308 358 115 223 169 347 231 161 195 175 77 236 371 126 63 122 219 409 180 209 262 267 155 191 192 169 344 339 71 94 346 129 170 309 165 307 559 380 306 71 453 393 104 234 306 269 309 99 118 220 147 181 223 94 103 79 136 200 263 101 122 183 170 84 137 218 208 161 210 175 133 132 233 157 152 277 207 185 90 188 107 149 227 183 236 176 295 184 162 182 353 161 188 210 194 205 175 154 98 317 123 119 174 182 138 185 205 117 100 141 248 394 223 159 550 97 210 111 158 212 209 218 136 305 234 226 186 174 130 136 131 190 117 109 370 117 200 237 154 292 249 118 557 188 109 210 225 138 245 332 130 191 192 200 352 189 319 332 188 387 115 311 306 195 222 259 146 167 195 175 170 222 123 134 306 277 358 366 138 194 398 181 186 361 130 305 205 237 150 134 344 160 199 215 178 140 400 132 243 246 396 229 151 149 191 372 286 137 281 375 245 214 179 180 409 365 400 231 187 224 142 186 141 219 386 409 248 171 196 229 214 156 199 318 408 321 348 165 559 347 352 189 198 168 233 236 207 369 515 259 338 390 335 214 317 369 166 266 225 399 212 338 256 177 375 363 225 347 212 301 387 228 212 177 236 230 186 239 292 276 399 231 195 183 176 195 222 365 389 315 178 215 183 309 220 557 395 206 361 341 293 389 186 219 348 192 233 205 311 276 238 413 203 200 229 227 193 207 226 296 222 318 399 203 249 301 256 276 403 267 587 290 320 352 211 395 258 360 382 221 339 228 296 234 352 319 340 559 230 331 226 235 394 500 339 346 227 232 372 232 233 331 263 352 545 275 301 367 641 564 558 544 521 567 376 405 401 406 404 379 493 400 297 322 337 404 423 458 263 370 268 295 274 358 586 340 273 374 365 400 397 413 395 258 357 253 349 505 265 442 426 313 307 258 416 451 269 316 319 413 513 362 478 314 496 589 262 335 275 478 392 574 318 334 412 548 712 407 533 425 301 387 437 327 548 282 461 445 313 561 346 393 331 341 336 401 330 296 298 536 284 350 528 333 388 550 557 554 287 416 451 382 414 411 303 382 350 323 281 355 362 392 288 483 371 281 369 303 351 343 345 297 595 322 559 360 440 295 378 494 391 442 423 462 460 574 452 492 395 559 380 591 333 380 426 528 591 456 435 598 372 346 550 307 568 410 483 314 586 381 412 417 398 395 377 437 364 487 473 311 365 315 586 384 349 330 442 437 320 328 332 377 347 318 321 544 426 328 595 385 597 309 453 395 326 368 366 453 321 536 448 524 528 533 405 542 497 525 544 524 456 674 681 603 413 377 391 505 461 383 354 351 318 505 558 361 338 370 545 332 337 494 335 353 436 334 408 536 348 368 533 345 474 366 515 599 575 517 411 351 595 548 449 571 555 460 334 376 389 353 500 417 548 501 335 353 459 479 494 393 379 442 391 421 440 514 477 459 495 338 483 370 337 404 513 494 372 437 513 391 496 445 447 567 571 586 571 516 381 419 453 354 533 380 363 366 421 440 383 521 449 389 567 378 396 364 471 367 415 660 425 582 420 513 464 593 545 464 368 559 515 420 575 702 448 374 440 514 402 371 378 375 554 416 440 457 495 558 423 509 426 410 528 516 775 473 394 500 391 595 474 484 470 448 528 443 471 483 587 505 461 464 496 540 568 422 397 476 406 407 425 478 489 519 423 674 577 534 726 511 551 554 469 533 582 471 544 422 416 591 517 702 735 539 547 492 478 440 517 641 451 546 568 488 547 501 491 507 690 709 628 765 484 775 441 575 476 535 440 517 443 453 456 519 596 432 754 564 619 701 599 535 603 468 481 543 590 635 768 564 829 619 714 726 556 486 508 562 556 486 756 829 604 493 605 454 455 462 520 605 583 547 450 606 789 495 491 581 667 579 446 568 509 759 531 539 460 500 446 720 713 948 488 518 592 526 640 514 758 472 585 661 462 509 456 497 477 780 466 485 540 502 689 600 461 596 491 709 565 593 480 533 599 495 577 581 555 552 626 707 770 482 496 574 469 520 520 779 651 614 632 653 479 544 461 674 561 593 596 605 471 479 483 479 574 569 468 779 630 698 572 661 655 618 922 776 594 622 677 610 528 759 477 556 705 480 779 503 597 766 563 558 521 473 623 661 618 476 549 623 484 654 556 664 717 990 737 660 486 768 558 589 569 612 507 541 653 507 657 642 591 759 782 518 489 555 644 766 574 663 542 772 776 535 580 702 499 537 782 531 530 539 576 593 572 541 695 543 589 534 657 667 712 513 521 581 569 599 573 726 657 709 553 580 573 772 622 595 703 630 572 522 665 568 520 566 569 507 667 689 544 552 510 551 565 512 612 551 694 584 717 512 568 520 516 552 511 573 644 585 577 573 694 648 867 582 549 580 780 735 660 705 560 768 640 730 577 612 600 718 594 752 710 544 726 573 772 608 682 703 748 789 725 646 542 641 578 566 755 608 730 755 598 779 730 741 790 592 632 613 567 674 577 551 573 549 758 623 622 655 602 644 563 672 601 753 587 576 583 572 612 596 700 778 744 726 603 612 744 590 616 724 564 712 703 581 555 726 621 709 625 928 977 697 568 630 766 603 790 782 640 637 657 772 677 737 750 654 683 764 691 693 621 584 713 648 617 612 605 651 778 593 742 758 576 583 663 693 594 606 739 599 594 630 693 748 586 709 914 758 761 601 624 597 683 642 724 765 975 704 678 660 598 759 705 613 745 756 615 735 752 603 770 661 661 658 821 738 681 829 677 619 777 615 667 636 648 675 999 980 794 963 721 734 783 905 811 715 677 619 658 915 679 1020 936 927 689 628 755 649 650 671 700 632 706 722 893 695 742 695 788 730 651 982 672 716 928 763 727 676 882 959 644 748 766 761 694 677 658 752 694 661 747 642 990 678 634 663 689 690 770 718 774 847 874 917 718 733 710 883 823 868 792 740 680 937 699 939 988 635 678 763 839 700 649 757 739 762 682 691 707 734 786 905 977 763 697 1008 988 745 829 792 754 709 664 849 798 751 925 964 999 840 973 968 958 784 739 950 698 951 692 773 1006 833 806 1005 761 945 914 867 675 990 774 787 722 721 669 774 706 982 994 883 795 779 672 710 783 788 1016 885 715 969 674 681 709 987 1017 733 710 734 783 1016 791 758 746 729 804 681 741 790 783 1016 748 945 675 690 721 671 859 902 963 982 924 851 859 948 692 699 806 745 727 775 764 822 794 1014 973 879 713 948 692 979 911 781 934 838 869 704 939 1008 742 1016 781 777 994 838 933 795 723 967 998 708 843 895 925 906 1154 816 750 911 747 711 794 897 939 803 1012 923 989 826 932 1013 736 978 938 720 701 1022 739 850 772 758 750 1020 774 727 959 914 767 1003 784 967 951 930 863 986 779 915 994 752 784 724 765 885 811 829 924 708 789 893 728 843 952 713 738 922 987 1017 767 781 777 1022 873 1062 1012 764 822 732 749 746 914 762 720 783 777 904 828 773 930 811 851 769 839 766 761 849 783 766 771 737 736 893 839 947 832 821 732 922 879 787 1006 806 954 1004 817 821 915 785 770 781 902 928 1014 792 890 1022 779 978 921 757 755 756 932 830 987 821 794 1014 753 895 976 914 987 771 967 849 850 954 980 780 768 776 829 990 998 975 841 1020 998 867 770 990 774 983 798 930 977 930 999 890 945 950 905 839 983 869 1017 1018 829 955 915 823 876 950 955 963 1020 998 796 950 873 815 829 837 1207 957 1031 1176 831 867 907 864 876 933 841 858 832 952 871 974 849 923 989 1224 826 1237 881 993 836 846 1242 1064 1217 1071 879 1075 1260 818 962 1100 933 828 1010 1036 1048 811 1062 1226 923 1049 879 1117 818 843 888 877 974 1070 1006 850 1005 824 892 1000 808 960 1115 865 1069 916 1215 1049 898 1042 879 1060 818 962 1024 864 879 1106 991 1075 1225 930 991 857 1024 978 938 937 946 1132 902 959 1250 1059 1126 833 1226 1214 1154 913 857 913 1100 827 959 984 828 1131 1126 929 861 1078 940 822 867 980 906 1028 1142 846 983 959 901 917 1131 1012 1116 1023 1045 1253 838 972 973 991 957 1176 1253 1189 1241 888 861 905 923 1257 865 1242 852 1109 926 1201 1108 892 986 958 1028 956 984 1036 1075 1194 959 937 1126 841 847 945 850 895 980 1008 894 1008 947 983 861 901 1023 952 929 924 859 952 1231 866 1028 944 931 1030 1102 1142 944 1128 924 952 964 976 909 1047 857 1129 945 895 979 968 1013 874 1026 900 992 1250 1141 1109 1226 1142 1063 936 927 971 923 1005 892 1242 1000 1257 1214 909 942 1129 1213 969 927 874 1070 940 1210 1098 894 1009 904 879 972 1001 905 1226 1014 907 904 1183 898 1063 1139 1052 1043 874 995 992 910 922 911 1091 1048 1234 1113 910 1174 1006 1214 1004 916 1215 902 1250 1023 917 920 1144 921 1010 965 1002 908 896 1224 970 949 1216 891 882 901 1131 1216 943 923 986 1064 934 901 970 1014 1001 1036 1038 1194 912 1279 1103 1235 975 969 894 1012 992 1174 1165 1098 1118 1146 985 1031 1046 927 1132 1109 1065 1073 1245 932 978 1186 1019 1140 1195 1101 979 998 989 1023 980 964 909 1009 1097 1210 1133 899 934 904 1049 1082 1237 1121 914 999 1021 938 937 1059 1132 988 966 926 1155 1164 1251 984 954 1028 913 1021 973 949 1106 1070 1210 1218 976 991 1026 1141 1003 1015 1091 1279 1093 1113 919 969 1116 992 1250 1078 920 943 1019 1207 964 1011 1131 1022 1010 986 954 1131 1095 1108 969 965 990 947 995 1070 977 942 1071 1083 1228 946 1129 1153 1016 1026 977 1078 1040 1133 944 1007 1192 1106 956 1019 1225 1090 970 1015 1140 1194 953 995 958 1183 955 1132 1091 1065 1006 1154 1225 962 1207 1188 1176 1045 999 1186 971 1114 1139 1141 1109 976 1058 1002 1224 1077 993 1216 1028 1021 1183 984 1215 1058 1160 1042 1157 1038 1174 996 1060 999 1146 1048 1180 1001 1224 1017 1003 1021 989 1023 1225 995 1078 1141 1095 1224 996 1078 1260 1100 1018 1021 1062 1215 1157 1117 1021 1007 1104 1111 1070 1082 1168 1157 1146 1102 1083 1231 1131 1036 1194 1255 1225 1224 1082 1077 1129 1218 1110 1204 1291 1231 1255 1053 1274 1033 1055 1328 1111 1179 1438 1196 1158 1128 1105 1260 1189 1222 1232 1150 1096 1093 1084 1246 1127 1191 1256 1328 1296 1282 1171 1159 1118 1446 1360 1126 1038 1403 1243 1182 1135 1157 1260 1048 1247 1246 1254 1252 1082 1077 1144 1087 1148 1210 1099 1058 1139 1237 1121 1403 1243 1138 1102 1192 1206 1341 1119 1170 1068 1314 1235 1222 1151 1083 1091 1113 1243 1086 1196 1282 1273 1266 1389 1069 1441 1140 1155 1279 1120 1399 1459 1394 1079 1280 1145 1208 1130 1167 1324 1340 1342 1435 1423 1168 1121 1239 1403 1116 1168 1126 1065 1237 1092 1175 1195 1138 1257 1238 1156 1186 1092 1175 1071 1234 1108 1245 1093 1079 1249 1208 1285 1376 1283 1088 1423 1188 1241 1203 1182 1233 1105 1099 1229 1227 1358 1445 1201 1108 1074 1330 1370 1080 1175 1190 1085 1167 1324 1237 1121 1258 1095 1164 1274 1230 1382 1211 1412 1373 1418 1341 1147 1363 1318 1294 1414 1213 1187 1153 1235 1180 1296 1127 1419 1193 1256 1177 1217 1105 1259 1385 1184 1258 1251 1124 1202 1404 1227 1285 1374 1434 1273 1233 1213 1188 1193 1228 1126 1237 1242 1156 1162 1234 1113 1394 1251 1356 1310 1382 1201 1161 1125 1209 1361 1168 1178 1244 1163 1240 1198 1207 1188 1187 1176 1235 1221 1214 1142 1238 1219 1228 1122 1184 1154 1182 1179 1448 1255 1394 1132 1210 1169 1219 1173 1192 1338 1136 1367 1431 1316 1235 1247 1160 1203 1239 1232 1238 1396 1165 1240 1161 1129 1405 1273 1389 1322 1148 1138 1259 1206 1184 1363 1431 1198 1227 1425 1138 1197 1125 1356 1428 1401 1303 1138 1229 1208 1456 1268 1219 1412 1424 1376 1268 1250 1155 1168 1148 1220 1245 1247 1370 1441 1297 1384 1413 1347 1170 1223 1411 1282 1367 1411 1190 1165 1201 1198 1291 1339 1216 1164 1199 1360 1394 1370 1327 1280 1412 1438 1158 1272 1439 1414 1402 1220 1356 1446 1204 1178 1200 1180 1254 1399 1189 1222 1273 1228 1331 1338 1216 1242 1441 1243 1398 1417 1419 1389 1178 1201 1251 1230 1310 1217 1428 1302 1174 1165 1169 1446 1200 1265 1387 1615 1305 1288 1256 1283 1328 1171 1220 1198 1213 1177 1331 1328 1338 1336 1345 1416 1238 1396 1218 1233 1195 1426 1191 1256 1282 1228 1367 1248 1239 1441 1276 1247 1428 1385 1347 1303 1295 1323 1329 1295 1437 1395 1228 1236 1367 1395 1233 1206 1236 1256 1195 1274 1194 1256 1398 1438 1259 1233 1228 1302 1216 1197 1398 1258 1199 1202 1283 1240 1216 1258 1274 1248 1265 1284 1360 1251 1274 1249 1205 1446 1300 1312 1336 1318 1328 1329 1297 1354 1625 1248 1327 1359 1451 1241 1222 1282 1242 1238 1242 1244 1235 1222 1405 1338 1434 1382 1366 1236 1402 1356 1404 1429 1255 1360 1239 1351 1336 1312 1402 1310 1339 1261 1273 1297 1248 1284 1394 1394 1424 1274 1283 1435 1274 1424 1456 1383 1419 1282 1340 1385 1363 1314 1273 1301 1381 1343 1659 1408 1675 1522 1339 1350 1348 1574 1683 1291 1369 1358 1305 1307 1393 1616 1294 1414 1623 1298 1364 1511 1392 1629 1423 1313 1381 1454 1410 1351 1284 1354 1319 1406 1315 1385 1347 1680 1322 1435 1447 1582 1452 1657 1347 1440 1418 1390 1584 1329 1344 1354 1334 1296 1425 1352 1389 1427 1571 1415 1465 1301 1426 1401 1358 1366 1520 1337 1492 1635 1429 1445 1374 1645 1293 1429 1659 1416 1386 1665 1400 1471 1595 1663 1637 1300 1554 1567 1665 1564 1375 1611 1366 1443 1472 1497 1317 1345 1505 1401 1395 1323 1298 1403 1428 1413 1303 1364 1306 1418 1574 1672 1422 1521 1339 1340 1389 1306 1324 1413 1404 1458 1657 1605 1615 1325 1392 1630 1367 1316 1379 1554 1620 1430 1455 1365 1534 1683 1507 1555 1425 1351 1387 1334 1403 1342 1406 1333 1493 1421 1331 1434 1625 1440 1520 1388 1431 1333 1386 1620 1437 1431 1431 1361 1323 1520 1465 1397 1663 1452 1513 1466 1474 1485 1583 1393 1571 1401 1406 1629 1493 1342 1395 1348 1420 1443 1572 1675 1601 1501 1567 1484 1454 1524 1360 1359 1384 1446 1459 1671 1395 1554 1567 1625 1550 1355 1421 1386 1665 1623 1564 1684 1345 1680 1501 1359 1379 1438 1381 1554 1632 1375 1448 1625 1550 1619 1505 1386 1467 1452 1602 1646 1385 1440 1358 1445 1353 1352 1574 1582 1590 1458 1359 1378 1354 1412 1574 1572 1362 1516 1408 1685 1656 1582 1667 1521 1425 1574 1404 1520 1664 1645 1664 1659 1516 1616 1435 1667 1452 1592 1474 1589 1461 1568 1374 1407 1497 1379 1584 1521 1480 1509 1668 1592 1544 1378 1394 1373 1442 1535 1540 1648 1484 1553 1460 1656 1614 1541 1626 1424 1390 1629 1645 1539 1525 1506 1586 1407 1667 1520 1460 1472 1577 1638 1541 1486 1534 1395 1381 1472 1481 1539 1541 1587 1647 1608 1407 1444 1612 1671 1440 1406 1615 1659 1440 1619 1498 1540 1632 1418 1584 1542 1414 1580 1519 1427 1639 1632 1471 1475 1457 1437 1459 1405 1427 1444 1662 1645 1437 1616 1501 1425 1644 1582 1659 1656 1634 1550 1685 1436 1492 1546 1447 1608 1621 1543 1584 1616 1535 1639 1449 1600 1543 1620 1662 1448 1440 1439 1498 1427 1429 1445 1460 1453 1437 1616 1486 1548 1629 1447 1467 1511 1455 1428 1664 1471 1433 1457 1505 1665 1684 1622 1620 1662 1498 1540 1598 1680 1442 1680 1580 1683 1590 1601 1456 1639 1459 1644 1539 1510 1624 1619 1667 1612 1505 1519 1486 1630 1460 1472 1559 1507 1510 1635 1524 1587 1517 1612 1465 1497 1657 1509 1613 1639 1659 1472 1675 1468 1652 1532 1688 1768 1649 1691 1486 1555 1658 1491 1617 1804 1632 1525 1466 1630 1583 1630 1608 1600 1487 1789 1563 1658 1591 1827 1597 1488 1607 1752 1738 1543 1662 1664 1539 1504 1504 1507 1613 1820 1721 1597 1600 1529 1571 1569 1753 1717 1570 1840 1774 1850 1483 1721 1841 1610 1780 1656 1634 1606 1824 1624 1647 1772 1511 1612 1513 1589 1645 1493 1577 1517 1772 1631 1628 1793 1681 1836 1585 1594 1715 1501 1635 1661 1553 1533 1655 1683 1561 1532 1649 1495 1690 1651 1729 1742 1720 1519 1684 1526 1686 1666 1579 1555 1547 1757 1700 1509 1544 1589 1651 1636 1556 1674 1677 1569 1501 1635 1576 1558 1631 1706 1709 1660 1707 1825 1831 1507 1563 1530 1820 1830 1654 1653 1582 1504 1624 1613 1648 1621 1602 1673 1628 1642 1527 1771 1603 1736 1821 1812 1616 1535 1788 1746 1718 1798 1820 1654 1724 1730 1749 1613 1560 1595 1552 1613 1563 1552 1586 1573 1512 1670 1795 1513 1591 1605 1539 1584 1848 1657 1534 1530 1627 1789 1649 1707 1831 1556 1661 1576 1772 1532 1729 1742 1843 1599 1623 1538 1556 1584 1672 1548 1591 1572 1717 1811 1791 1727 1608 1621 1527 1533 1663 1561 1622 1769 1611 1678 1557 1684 1611 1622 1605 1801 1532 1601 1830 1827 1742 1813 1720 1799 1583 1682 1846 1630 1608 1668 1604 1778 1614 1634 1687 1731 1580 1661 1553 1686 1624 1669 1569 1753 1559 1626 1647 1592 1548 1604 1636 1636 1547 1699 1674 1569 1596 1604 1700 1813 1672 1658 1604 1601 1559 1687 1566 1820 1634 1711 1626 1643 1731 1783 1611 1848 1603 1633 1795 1753 1576 1558 1620 1627 1653 1625 1685 1655 1670 1609 1774 1823 1614 1643 1721 1613 1575 1600 1562 1593 1573 1600 1672 1591 1661 1670 1759 1837 1838 1825 1818 1687 1643 1730 1608 1640 1688 1598 1677 1717 1836 1576 1618 1663 1586 1768 1660 1644 1602 1729 1752 1669 1594 1631 1677 1681 1685 1656 1606 1666 1771 1609 1648 1609 1600 1801 1593 1677 1711 1840 1841 1689 1611 1593 1836 1786 1655 1642 1759 1793 1703 1605 1652 1613 1651 1759 1836 1628 1808 1706 1662 1848 1637 1674 1606 1647 1654 1673 1610 1810 1708 1741 1755 1624 1771 1646 1651 1729 1742 1743 1811 1654 1827 1845 1770 1689 1686 1745 1788 1808 1738 1790 1689 1639 1690 1675 1634 1643 1688 1650 1689 1772 1655 1848 1661 1657 1681 1721 1783 1650 1757 1772 1808 1849 1737 1632 1661 1666 1736 1769 1842 1669 1827 1768 1674 1711 1671 1668 1778 1663 1649 1801 1729 1759 1849 1843 1724 1801 1729 1707 1830 1816 1690 1827 1688 1804 1830 1827 1757 1732 1796 1694 1759 1711 1670 1691 1678 1686 1823 1836 1821 1683 1786 1685 1688 1804 1846 1741 1710 1716 1836 1684 1771 1768 1842 1782 1691 1786 1801 1759 1708 1723 1789 1838 1825 1805 1797 1717 1810 1791 1736 1746 1812 1796 1784 1770 1765 1823 1709 1696 1822 1774 1788 1748 1809 1770 1834 1733 1751 1838 1782 1702 1766 1813 1799 1760 1829 1783 1796 1780 1734 1790 1825 1805 1793 1756 1781 1719 1791 1798 1775 1736 1740 1737 1822 1831 1818 1761 1850 1740 1792 1835 1826 1773 1817 1743 1831 1797 1832 1837 1779 1758 1829 1760 1794 1850 1780 1767 1835 1831 1785 1823 1746 1774 1745 1748 1770 1834 1739 1755 1796 1742 1826 1776 1847 1763 1734 1769 1777 1777 1782 1800 1840 1833 1791 1762 1739 1776 1773 1752 1763 1754 1744 1807 1847 1813 1747 1784 1752 1837 1814 1751 1828 1847 1750 1749 1808 1740 1809 1814 1746 1803 1814 1779 1849 1809 1814 1845 1799 1808 1846 1776 1785 1817 1840 1841 1833 1747 1749 1810 1771 1823 1812 1798 1830 1802 1796 1790 1783 1833 1839 1814 1810 1787 1843 1834 1803 1812 1777 1816 1787 1781 1818 1837 1813 1829 1776 1828 1819 1767 1826 1799 1809 1770 1777 1781 1841 1771 1815 1815 1792 1812 1800 1795 1812 1826 1803 1808 1838 1805 1824 1802 1794 1832 1829 1809 1819 1819 1821 1803 1845 1821 1842 1838 1815 1829 1822 1824 1807 1811 1844 1833 1839 1824 1839 1844 1845 1849 1837 1828 1832 1835 1846 1844
</DataArray>
        <DataArray type="Float64" Name="center_distance" NumberOfComponents="1" format="ascii">
0.00159916837462 0.001599786654 0.00159954140362 0.00159947738017 0.00159940455912 0.00159955147681 0.00159927643717 0.00159918360444 0.00159899621806 0.00159897368127 0.00159963630316 0.00159907746326 0.00159929040781 0.00159897524844 0.00159931956333 0.00159972094923 0.00159936237712 0.00159913578172 0.00159994682279 0.00159953116387 0.00159983051339 0.00159994354558 0.00159958274279 0.00159958365377 0.00159949397352 0.00159905907364 0.00159936406399 0.00159978579804 0.00159948325159 0.00159987479939 0.0015996229848 0.00159916833266 0.00159971595308 0.00159958184329 0.00159918404795 0.00159974094481 0.00159942709173 0.00159946843951 0.00159993829903 0.00159929166146 0.00159993256029 0.00159940446242 0.00159954228241 0.00159931100778 0.00159939169178 0.00159996828917 0.0015992463386 0.00159940781443 0.00159927694816 0.00159980176777 0.00159983908795 0.00159981824569 0.00159984285648 0.00159905842232 0.00159925736478 0.00159920026632 0.00159902500885 0.0015997712787 0.00159993692767 0.00159968837131 0.00159994710209 0.00159973348285 0.00159924813255 0.00159936217079 0.00159936920711 0.00159928857122 0.00159950376729 0.00159997558263 0.00159990589625 0.00159982499605 0.00159954986477 0.00159917537685 0.0015993106839 0.00159954067327 0.00159965079898 0.00159965434541 0.0015996036403 0.00159972175941 0.0015994661943 0.00159957044208 0.00159946319706 0.00159964328383 0.00159946446032 0.00159968462066 0.00159981314444 0.00159944235382 0.00159995726582 0.00159923614727 0.00159980377603 0.00159946619877 0.00159904584872 0.00159982992595 0.00159951280464 0.00159939669987 0.00159912127211 0.00159943229569 0.00159973318079 0.00159941861827 0.00159939572438 0.00159990690542 0.00159993850568 0.0015995286759 0.00159992329146 0.00159964380979 0.00159976698765 0.00159949296545 0.00159937439222 0.00159980239767 0.00159994001621 0.00159934009017 0.00159901422483 0.00159980469949 0.00159928574403 0.00159993410175 0.0015992631375 0.00159995234423 0.00159994836358 0.00159996646252 0.00159963646961 0.0015994993963 0.00159956004939 0.00159935582386 0.00159942534208 0.00159996733768 0.0015995320125 0.00159971702376 0.00159967565008 0.00159970381224 0.00159945467027 0.00159974878809 0.00159941026589 0.00159999481781 0.00159975244065 0.00159951507613 0.00159951959989 0.00159984034398 0.00159987360401 0.001599285092 0.00159975634377 0.00159969002596 0.00159882003006 0.00159989131585 0.00159887701153 0.00159941562553 0.00159966501822 0.0015991271936 0.00159937921893 0.0015996910956 0.00159868851056 0.00159927552826 0.00159990476654 0.00159949951138 0.00159953987638 0.0015994993198 0.00159974039387 0.00159923062711 0.00159969134541 0.00159978770665 0.00159980031258 0.00159987036083 0.00159979569026 0.00159962145193 0.0015991325923 0.00159950199296 0.00159870550085 0.00159935801261 0.00159955956946 0.00159945279978 0.00159955575797 0.00159966186519 0.00159936449127 0.00159923245382 0.00159985547056 0.00159957312521 0.00159966131687 0.00159949548593 0.00159984434602 0.00159900723868 0.00159985939119 0.0015999890758 0.00159904523393 0.00159923620672 0.0015997671763 0.00159951011592 0.0015996531889 0.00159914593974 0.00159967329293 0.00159968698459 0.00159994453566 0.00159990403392 0.00159923336376 0.00159978262689 0.00159907772099 0.00159936629323 0.00159965468784 0.00159974927868 0.0015998211465 0.00159927000613 0.0015993089348 0.00159995293578 0.00159921439099 0.00159901154173 0.00159971611689 0.00159953173365 0.00159926289028 0.00159946903054 0.00159902480706 0.0015990238462 0.00159976313233 0.00159917941195 0.00159993054603 0.00159922787607 0.00159966958687 0.00159942840283 0.00159921734885 0.00159913235674 0.00159921855754 0.00159930501823 0.00159917338656 0.00159952219877 0.00159955697035 0.00159901201885 0.00159933678123 0.0015997302626 0.00159978516924 0.00159973849306 0.00159965625482 0.00159987101062 0.0015999363036 0.00159995462869 0.0015996609019 0.00159970336001 0.00159923659165 0.00159953611178 0.00159918604237 0.00159968303859 0.00159963355907 0.00159936938269 0.00159942923408 0.00159908322554 0.00159985389942 0.00159911473584 0.00159952304231 0.00159956715641 0.00159969688359 0.00159945880219 0.00159961348219 0.00159893049778 0.00159921688071 0.00159990505642 0.0015993141481 0.00159969841466 0.00159966641138 0.00159963633714 0.00159953899108 0.00159940743296 0.00159918772377 0.00159966324506 0.00159926628847 0.001599196709 0.00159961352168 0.00159979686245 0.00159972581627 0.00159968276201 0.00159981698352 0.00159963276607 0.00159957828081 0.00159987907714 0.00159978630335 0.00159975243042 0.00159989471564 0.00159991484701 0.00159989439492 0.00159914619171 0.0015993451731 0.00159933289667 0.00159957530549 0.00159885302563 0.0015989751952 0.0015999433985 0.00159969638019 0.00159988485617 0.0015998762761 0.00159995861092 0.00159955557155 0.00159964794746 0.00159961775401 0.0015994265243 0.0015998437123 0.00159930630885 0.00159961253849 0.00159938644069 0.00159956584645 0.00159940419205 0.00159963678814 0.00159926553054 0.00159876100026 0.00159895687322 0.00159928379868 0.00159941945142 0.00159950608522 0.00159960027052 0.00159945168463 0.00159942082906 0.00159951793318 0.00159936175753 0.00159941850124 0.001599975625 0.00159958059593 0.00159936295191 0.00159911973278 0.00159987712079 0.00159990424032 0.00159937970686 0.0015999418169 0.00159976862363 0.00159970998797 0.00159935113994 0.00159956681788 0.0015996031976 0.0015994897913 0.00159977164738 0.0015997789911 0.00159952036454 0.00159966868261 0.00159946446097 0.00159963433248 0.00159917339703 0.00159933288316 0.00159900927979 0.00159947494743 0.00159952309869 0.00159949361949 0.0015994536514 0.00159901519521 0.0015994680718 0.00159992554233 0.00159917535447 0.00159997454393 0.00159942046193 0.00159966659526 0.00159921679828 0.00159916236472 0.00159946656205 0.00159965507809 0.00159945924403 0.0015993013509 0.00159927338054 0.00159908288604 0.00159951748849 0.00159944274914 0.00159923952952 0.00159953779788 0.00159908626916 0.00159995236963 0.0015999110362 0.0015996542919 0.00159938676981 0.00159956796737 0.00159954087074 0.00159953105246 0.00159948942408 0.00159949015594 0.00159992686715 0.00159910345334 0.00159946464797 0.00159953203141 0.00159905726976 0.00159983577503 0.0015996383076 0.00159911667006 0.00159947106165 0.00159918491959 0.00159900185387 0.0015991934711 0.00159960530906 0.00159900595292 0.00159996001167 0.00159994547549 0.00159894120077 0.00159950694187 0.00159961097962 0.00159981318149 0.00159940616863 0.00159943248701 0.00159930411326 0.00159913706595 0.00159950664876 0.00159991584479 0.00159999307113 0.00159997232535 0.00159929772214 0.00159976736496 0.00159976769123 0.00159963917877 0.00159990453666 0.00159998464903 0.00159998123127 0.00159995162964 0.00159972822199 0.00159965387168 0.00159908867973 0.00159935001728 0.00159936419783 0.0015998810522 0.00159956409948 0.00159973063754 0.00159963984997 0.00159955205354 0.00159983045402 0.00159950692038 0.001599658389 0.00159967511182 0.00159955551034 0.00159970133815 0.00159966812428 0.00159966587113 0.00159944780472 0.001599576808 0.00159937497086 0.00159949952584 0.00159947825044 0.00159992653459 0.001599005027 0.00159980999943 0.00159908433324 0.00159878321082 0.00159965759669 0.00159866182306 0.0015989996248 0.00159899739136 0.00159989021009 0.00159996762142 0.00159971943596 0.00159970339522 0.00159944685093 0.00159994291329 0.00159972844574 0.0015998941254 0.00159951882064 0.00159983418096 0.00159992993093 0.00159993037372 0.00159985028679 0.00159984954923 0.00159971563144 0.00159948179538 0.00159912684246 0.00159933740978 0.00159975114536 0.00159971740971 0.00159984968813 0.00159940801141 0.00159925366403 0.00159983475047 0.00159999990618 0.00159975313864 0.00159949317985 0.00159922279807 0.00159962254555 0.00159957011625 0.00159944004184 0.00159993214822 0.00159962866519 0.00159983278671 0.00159930044108 0.00159979909833 0.00159967322843 0.0015997791064 0.00159994720265 0.00159991716985 0.00159983825227 0.00159990814676 0.00159942426852 0.00159953236894 0.0015997529903 0.00159970144693 0.00159965265058 0.00159894656546 0.00159948161097 0.001599777513 0.00159951372816 0.00159953142497 0.00159918386766 0.0015994208559 0.00159974021823 0.0015996464711 0.00159966108974 0.00159916149081 0.00159904846618 0.00159988734105 0.001599857129 0.0015999253831 0.00159996322208 0.00159993342039 0.00159900759422 0.00159929736396 0.00159889243795 0.00159988720223 0.00159947608188 0.00159895060765 0.00159893641837 0.00159910197847 0.0015993413414 0.0015998833956 0.00159884044605 0.00159943873091 0.00159977882199 0.00159972342461 0.00159973268328 0.00159967717278 0.00159945597213 0.00159966385632 0.00159990576239 0.00159941169418 0.0015985195484 0.0015999505818 0.00159970638037 0.00159914883361 0.00159944459524 0.00159948670839 0.00159950829416 0.00159975405664 0.00159974928498 0.0015997479012 0.00159960380462 0.00159942871436 0.00159940820773 0.00159924541553 0.00159919761972 0.00159939028037 0.00159900194203 0.00159959392805 0.00159938461439 0.00159929685279 0.00159993166937 0.00159948394821 0.00159980419271 0.00159951010554 0.00159973713596 0.00159982856589 0.00159949100798 0.00159891284344 0.00159973577142 0.00159926307367 0.00159895240249 0.00159980439243 0.00159945612549 0.00159943909522 0.00159973740026 0.00159991575851 0.00159950833705 0.00159991000619 0.00159992911088 0.00159921937481 0.00159877084743 0.00159996824938 0.00159955245191 0.00159885796756 0.00159993464748 0.0015999068521 0.00159930294366 0.00159889765534 0.00159967894927 0.00159958089688 0.001599820695 0.00159943984816 0.00159978756595 0.0015997076617 0.00159982252873 0.00159950164873 0.00159916952807 0.00159904294713 0.00159948592841 0.00159959975995 0.00159949304772 0.00159960184149 0.00159974208286 0.00159958725832 0.00159984813467 0.00159938612004 0.00159985848494 0.00159937926555 0.00159932064663 0.00159981002381 0.00159954801717 0.00159989530276 0.00159990580009 0.00159933449527 0.00159967774351 0.00159981265489 0.00159976658556 0.00159969079389 0.00159967484231 0.00159930741668 0.00159976746808 0.00159926106107 0.00159975935341 0.00159984687162 0.00159966761115 0.00159972301786 0.00159960808513 0.00159926846634 0.00159953597506 0.00159965065863 0.00159962922625 0.00159966756188 0.00159966502777 0.00159973649359 0.00159922648094 0.00159962277144 0.00159943268548 0.00159960382306 0.00159990171113 0.00159906642905 0.00159967097408 0.00159997769466 0.00159969328683 0.00159948004656 0.00159931718212 0.00159912991478 0.00159982007325 0.00159920379605 0.00159943867716 0.00159976643092 0.00159942809484 0.00159961949483 0.00159956957522 0.00159963343924 0.00159951475235 0.00159937456396 0.00159946589081 0.00159935987184 0.0015998175677 0.00159943565374 0.0015990694671 0.00159945430659 0.00159933895015 0.00159887232596 0.00159977373622 0.00159971713542 0.00159958781116 0.00159926999478 0.00159989911477 0.00159949473325 0.00159998267514 0.00159988602477 0.00159956650026 0.00159955321368 0.00159992405682 0.00159992340738 0.00159998247545 0.00159999076986 0.0015996157303 0.00159966270743 0.00159995098108 0.00159956130095 0.00159957670568 0.00159946611728 0.00159995210123 0.00159971572546 0.00159956869789 0.00159961739833 0.00159994076745 0.00159994159918 0.0015989699455 0.00159963323491 0.0015994643942 0.00159926649569 0.00159915910944 0.00159912984946 0.00159897275351 0.00159920510279 0.00159985240405 0.0015992511196 0.00159965245653 0.00159954256925 0.00159997700244 0.00159936405566 0.00159973020392 0.00159960589285 0.00159953003775 0.00159974027879 0.00159907444572 0.0015996098258 0.00159958387376 0.00159967912843 0.00159926256871 0.00159973061931 0.00159933897233 0.00159952987896 0.00159950635956 0.00159979479547 0.00159978175702 0.00159979982967 0.00159970253493 0.00159991829699 0.00159949171525 0.00159920137495 0.00159952303833 0.00159900701648 0.00159953871077 0.00159993799016 0.00159936664246 0.00159933761961 0.00159931962267 0.00159978398237 0.00159984978355 0.00159988101866 0.00159990498149 0.00159949358467 0.00159995190074 0.00159892096424 0.00159939857894 0.00159981895138 0.00159971371879 0.0015989382211 0.00159994230912 0.00159992305169 0.00159989442044 0.00159987077692 0.00159945398639 0.00159944830591 0.00159953603251 0.0015994112725 0.00159947315827 0.00159949563021 0.00159976687181 0.00159971290151 0.00159931604789 0.00159929146769 0.00159976357332 0.00159953781049 0.00159947203353 0.00159974591787 0.0015992663213 0.00159927345354 0.00159927384363 0.00159976217008 0.00159906007152 0.00159899798541 0.00159935987625 0.00159951893678 0.00159930618572 0.00159955782897 0.00159953113318 0.00159957448352 0.00159939605382 0.0015999130368 0.00159967412934 0.00159929329103 0.001599630674 0.00159952969868 0.00159935539744 0.00159971353166 0.00159958368696 0.00159980082254 0.0015995875963 0.00159934559863 0.0015990568551 0.00159992375915 0.00159945502993 0.00159946822702 0.00159897446678 0.00159958433994 0.00159959908048 0.00159919200255 0.00159982281226 0.00159966003684 0.0015992871717 0.00159945261126 0.00159984891536 0.00159950724749 0.00159985334932 0.0015993732364 0.00159967432724 0.0015993237607 0.0015990648132 0.00159987341485 0.00159891874978 0.00159964430545 0.00159947909737 0.0015993486762 0.00159939360375 0.00159916446728 0.0015995396562 0.00159928412446 0.00159937939289 0.00159947817651 0.0015993923539 0.00159991896289 0.00159944688168 0.00159984637861 0.00159962433716 0.00159962509707 0.00159981813835 0.00159953419706 0.00159949539689 0.00159968576576 0.00159941635229 0.00159890096067 0.00159973178324 0.00159958891123 0.00159988562769 0.00159922906837 0.00159953945588 0.00159995720959 0.00159927655642 0.00159964968354 0.00159954647773 0.00159911450808 0.00159953588454 0.00159929955393 0.00159958918903 0.00159890709244 0.00159949479068 0.00159948473367 0.00159952289486 0.00159905125795 0.00159960752922 0.0015997166951 0.00159993341565 0.00159937789205 0.00159954066899 0.00159943166777 0.00159937958634 0.00159901750636 0.00159951293209 0.00159939786606 0.00159988169782 0.00159960005797 0.00159897944046 0.00159929987416 0.00159912878253 0.00159970775277 0.00159963205891 0.00159991448064 0.0015994634127 0.0015999218308 0.00159991636333 0.00159993095752 0.00159953621282 0.00159966407907 0.00159941156605 0.00159952480289 0.0015991118229 0.00159972491124 0.00159936089524 0.00159980736907 0.00159959366293 0.00159943847505 0.00159910487087 0.00159955324632 0.00159979547363 0.00159955700656 0.00159908534488 0.00159983048521 0.00159946045972 0.00159995044594 0.00159928518187 0.00159959634894 0.00159908200618 0.00159963228224 0.00159952612514 0.00159965309839 0.00159965655639 0.00159975463475 0.00159938273502 0.00159925238136 0.00159956539888 0.00159970095586 0.00159938738288 0.00159935749569 0.00159938537506 0.00159986558071 0.00159944969119 0.00159989469618 0.00159992284098 0.00159970752135 0.00159991925119 0.00159976354802 0.00159970991144 0.0015993206402 0.00159971675627 0.00159989389752 0.00159970811343 0.00159959357318 0.00159907850012 0.00159955171524 0.00159961184575 0.00159906194973 0.00159938857453 0.00159906950722 0.00159950131815 0.00159989726221 0.00159990121594 0.00159995641297 0.00159991611876 0.0015997858829 0.0015992243216 0.00159908213946 0.00159933138711 0.00159935126989 0.00159977367404 0.00159957839086 0.00159941593866 0.00159964494369 0.00159976448956 0.00159971204763 0.00159950230794 0.00159922641007 0.00159897895428 0.00159991707836 0.00159953974921 0.00159960521981 0.0015999683533 0.00159966206933 0.00159940293887 0.00159939849861 0.00159909158519 0.00159996123938 0.00159922996718 0.00159917124708 0.00159990589831 0.00159945180263 0.00159992890254 0.00159990804616 0.00159979131065 0.00159990511285 0.00159991419845 0.00159940566195 0.0015998420428 0.00159970647134 0.00159955924677 0.00159971444398 0.00159976403306 0.00159961909779 0.00159965230974 0.00159953500429 0.00159934405167 0.00159968193196 0.00159976910308 0.00159955520238 0.00159964742316 0.00159965748521 0.00159943055217 0.00159984775102 0.00159988132509 0.00159986152334 0.00159904245342 0.00159920726085 0.00159980935746 0.00159966067224 0.00159959622512 0.00159976255935 0.00159922939921 0.00159939118695 0.00159942820171 0.00159980087176 0.00159997120719 0.00159958194841 0.00159966832067 0.00159952046757 0.00159900401868 0.00159911332236 0.00159938873338 0.00159993346513 0.00159986419824 0.00159956036541 0.00159984561801 0.00159966676105 0.00159956195745 0.00159940732868 0.0015999153628 0.00159964268132 0.00159986339164 0.00159935541847 0.00159976362539 0.00159911045846 0.00159910934522 0.00159985941458 0.00159972014537 0.00159978030842 0.00159988110181 0.00159939549325 0.00159956807154 0.0015993582533 0.00159951930301 0.0015992370447 0.00159908643942 0.00159922124339 0.00159935444518 0.00159966934717 0.00159918212328 0.00159942900356 0.00159956761687 0.00159942823826 0.00159961488308 0.00159986782576 0.00159930540677 0.00159955276043 0.00159955771213 0.00159969858421 0.00159992075815 0.00159939601544 0.00159936202241 0.00159976432666 0.00159920711378 0.00159989648977 0.00159942958701 0.00159946018595 0.00159964880816 0.00159988034175 0.00159946812442 0.00159942840857 0.0015993670079 0.00159996237126 0.00159985010569 0.00159979474102 0.00159965737769 0.00159981552644 0.00159949535986 0.00159975114071 0.00159979939926 0.00159899731364 0.00159910724885 0.00159911848238 0.00159959090483 0.0015992525693 0.00159929197932 0.0015992092912 0.00159944660396 0.00159915528978 0.00159940668237 0.0015998151818 0.0015991847687 0.00159936332962 0.00159994408192 0.00159958845504 0.00159976556479 0.00159952501811 0.00159930043457 0.00159963305584 0.00159971325034 0.00159960765207 0.00159935096912 0.00159970154524 0.001599628097 0.00159992680777 0.00159955092803 0.0015997610751 0.00159967404825 0.00159969125187 0.00159953162344 0.00159964314214 0.00159960658098 0.00159978792901 0.00159947457503 0.00159912048071 0.0015994422861 0.00159937578706 0.0015994940953 0.00159978844299 0.00159919540714 0.00159966078941 0.00159989916067 0.00159981347934 0.00159974095179 0.00159954818567 0.0015996002391 0.00159972262633 0.00159906613255 0.00159918512926 0.00159977787423 0.00159956963771 0.00159966253339 0.00159967747799 0.0015995912991 0.00159963579469 0.00159985029855 0.00159994664467 0.00159952342059 0.00159929429527 0.00159956830515 0.00159965548176 0.00159895342679 0.00159930619408 0.00159951043404 0.00159931612949 0.00159939479585 0.00159993470661 0.00159915361426 0.00159979037049 0.00159975197186 0.00159978708895 0.00159966001506 0.0015998735229 0.00159975269339 0.00159965551769 0.00159921276584 0.00159948885941 0.00159906712341 0.00159939887547 0.00159964083856 0.00159974261263 0.00159951482703 0.00159955194303 0.00159967269674 0.00159990640611 0.00159982115609 0.00159956603979 0.00159945413505 0.00159992709021 0.00159998402944 0.00159925241048 0.00159988279733 0.0015999608455 0.00159991436104 0.00159982082385 0.00159933910704 0.00159880614818 0.00159879511981 0.00159933753537 0.00159997773341 0.00159905709736 0.00159946943892 0.00159961111574 0.00159963870964 0.00159958480089 0.00159980148002 0.00159973687792 0.00159966044016 0.00159977703546 0.00159949327961 0.0015999373633 0.00159970397921 0.00159921337341 0.00159932915437 0.00159956844092 0.00159908540315 0.00159888334371 0.00159960491448 0.00159965667541 0.00159911047238 0.00159946170341 0.00159965583616 0.00159958398279 0.00159938963724 0.00159994289175 0.00159920715147 0.00159970750537 0.00159921767972 0.0015995196615 0.00159946849541 0.00159968852058 0.00159970902409 0.00159989136037 0.00159955051355 0.00159967761766 0.00159990230421 0.00159995864845 0.00159999370799 0.00159954364116 0.00159940956443 0.00159943161942 0.00159900621631 0.00159960809095 0.00159981265745 0.00159967238819 0.00159960459869 0.00159967785167 0.00159989471488 0.00159967341104 0.00159934403782 0.00159964033159 0.00159944389178 0.00159980145002 0.00159951995727 0.00159958169423 0.00159973867672 0.00159961458257 0.00159955690462 0.00159943366352 0.0015991856027 0.00159944683518 0.00159963745409 0.00159980276542 0.00159975109757 0.00159968754056 0.00159903428439 0.00159940387235 0.00159953228879 0.0015993882768 0.00159947207677 0.00159969757785 0.00159976975816 0.00159939193718 0.00159947061754 0.00159949100088 0.00159955551656 0.00159946385514 0.00159966975023 0.0015998730576 0.0015995925105 0.00159979615206 0.00159973849926 0.00159917352924 0.00159958186543 0.00159931982355 0.00159976137212 0.00159901029543 0.00159978874309 0.00159998170431 0.00159951322068 0.00159940342837 0.00159947639478 0.00159935482677 0.00159956326998 0.00159970944278 0.0015995771345 0.00159916413833 0.00159877499159 0.001599369674 0.00159950385748 0.00159926352309 0.00159997963355 0.00159962808488 0.00159943397065 0.00159966753346 0.00159963124998 0.00159946263529 0.00159933702481 0.00159893512317 0.00159963747073 0.00159960637391 0.00159897411235 0.00159956023781 0.00159959145993 0.00159965254511 0.00159960932543 0.00159953367811 0.00159973798611 0.00159975690681 0.0015994519742 0.00159960682084 0.00159948175941 0.00159964390038 0.00159978714853 0.00159968081598 0.00159943741242 0.00159962517555 0.00159933723817 0.0015997008956 0.00159918487004 0.00159993579759 0.00159949765645 0.0015999478828 0.00159950688478 0.00159980401054 0.00159958557912 0.00159965445657 0.0015995482815 0.00159981415817 0.00159972565712 0.00159993880196 0.00159923356384 0.00159919969349 0.00159935940678 0.00159964135615 0.00159964194691 0.00159941829529 0.00159959687251 0.00159957347143 0.00159935164016 0.00159918673136 0.00159976114439 0.00159984003587 0.00159985128384 0.00159950645369 0.00159994675472 0.00159939692954 0.00159973996049 0.00159990117203 0.00159943195947 0.00159974040272 0.00159962659721 0.00159962818605 0.00159941514859 0.00159968002496 0.00159918620767 0.00159960641912 0.0015999668718 0.0015994794371 0.00159950689028 0.00159973062429 0.00159941657838 0.00159922868382 0.00159893868328 0.00159996817067 0.00159998309388 0.00159969367005 0.00159990884378 0.00159950438244 0.00159954611627 0.00159940546652 0.0015994223968 0.00159983137925 0.00159982574772 0.00159989406748 0.00159993005626 0.00159973656199 0.00159911676837 0.00159988796104 0.00159997570466 0.00159977202337 0.00159933811267 0.00159925944617 0.00159973897253 0.00159997371279 0.00159989679554 0.00159953372387 0.0015998304004 0.00159943877252 0.00159989060958 0.00159987418614 0.00159959229832 0.00159965766784 0.00159920283922 0.00159988459369 0.00159942375496 0.00159947574739 0.00159934489208 0.00159959254538 0.0015992486876 0.00159962928808 0.00159982963024 0.00159971391473 0.00159994377107 0.00159962176942 0.00159980699714 0.00159997655116 0.00159965993548 0.00159989779178 0.0015993856729 0.00159967729768 0.00159965463595 0.00159972199509 0.00159991228944 0.00159985376052 0.00159958993067 0.00159952824373 0.00159996721898 0.0015998265002 0.00159975728968 0.00159927236147 0.00159940793793 0.00159997728811 0.00159949357932 0.00159928155998 0.00159922241233 0.00159988233704 0.00159959734452 0.00159977713333 0.00159971045618 0.00159929067866 0.00159933687895 0.00159955736865 0.00159954655962 0.00159971363917 0.00159920421263 0.0015990860781 0.00159989399309 0.00159971300128 0.00159932486881 0.0015996992418 0.00159958809064 0.00159969492139 0.00159943989703 0.00159933511537 0.00159951644081 0.0015998401593 0.00159970384969 0.00159940451723 0.00159958191159 0.00159934199582 0.00159953676304 0.00159988489168 0.00159963286554 0.00159904518879 0.00159977576822 0.00159979339737 0.00159992304785 0.00159983261522 0.00159980011428 0.00159972003406 0.0015993371229 0.0015991984699 0.00159958776606 0.00159972219316 0.00159936312541 0.00159941990198 0.00159984706713 0.00159992932384 0.00159982385019 0.00159956660903 0.00159958621436 0.00159962131426 0.00159960071478 0.00159962217963 0.00159974939207 0.00159982291768 0.00159992502381 0.00159950861991 0.00159930266938 0.00159997803377 0.00159972600617 0.0015998960955 0.00159994439131 0.00159949060581 0.00159954347567 0.00159965662687 0.00159977690807 0.00159951826287 0.00159960562812 0.00159943914374 0.00159966680115 0.00159965720697 0.00159969777212 0.00159973631049 0.00159957491283 0.00159973943206 0.00159979708327 0.00159936267839 0.00159958947278 0.00159944572182 0.00159990495345 0.00159993539917 0.00159983754406 0.00159943311373 0.00159921612189 0.00159980945334 0.00159999100102 0.0015996664442 0.00159950858084 0.00159955128635 0.00159931410186 0.00159959827263 0.00159980194291 0.00159988488605 0.0015995194494 0.00159939514886 0.00159937177373 0.00159947714641 0.00159933346305 0.00159980607245 0.00159972389672 0.00159965842098 0.00159968344888 0.00159962620036 0.00159964867539 0.00159970526117 0.00159950377802 0.00159974409202 0.00159970224536 0.00159933615858 0.00159944442351 0.00159975027853 0.00159972644238 0.0015994225994 0.00159991897551 0.00159990850289 0.00159923878994 0.00159923596075 0.00159960630328 0.00159970147383 0.00159966655078 0.00159985416191 0.0015994531109 0.0015997251796 0.00159951742794 0.00159964604107 0.00159999941288 0.00159972665999 0.00159974203119 0.0015998048298 0.00159989115474 0.00159977754725 0.00159964189188 0.00159943016462 0.00159928503412 0.00159964860695 0.00159976348041 0.0015996176389 0.00159949964276 0.00159940307566 0.0015996950288 0.00159961152768 0.00159972971911 0.00159962813516 0.00159945396392 0.00159950392301 0.00159931340621 0.00159958148388 0.00159979772688 0.00159970164138 0.00159952394344 0.00159952491682 0.00159947337131 0.00159953529616 0.00159958535428 0.00159935093399 0.00159981333955 0.00159958391813 0.00159975986684 0.00159931136438 0.00159936068784 0.00159943012847 0.00159961465125 0.00159928809326 0.0015999539535 0.00159983339971 0.00159975941156 0.00159967738551 0.00159993575413 0.00159994856062 0.00159951582331 0.00159962413928 0.00159961555333 0.00159948177444 0.00159968506844 0.00159991323117 0.00159968877453 0.00159984963177 0.00159962887021 0.00159960162321 0.00159934798702 0.0015996791657 0.00159914680103 0.00159942169884 0.00159988942104 0.00159989719701 0.00159992362448 0.00159969722022 0.00159963647501 0.00159959183932 0.0015998017667 0.00159966382384 0.00159972056541 0.00159968873996 0.00159977877598 0.00159993492734 0.00159967696485 0.00159956510069 0.00159945812638 0.00159950912626 0.00159971351602 0.00159937004422 0.00159982011957 0.00159949712263 0.00159974804245 0.00159937186608 0.00159987987419 0.00159966558691 0.00159977227603 0.00159977931844 0.00159971878912 0.00159981490149 0.0015998689116 0.00159966793509 0.00159990542365 0.00159978737837 0.00159967053924 0.00159995925921 0.0015995124513 0.00159932301163 0.00159958099813 0.00159952752517 0.00159949787952 0.00159983203369 0.0015995423454 0.00159944154771 0.00159915266173 0.00159962833716 0.00159962330521 0.00159953373391 0.00159926375841 0.00159982536767 0.00159983756657 0.00159968185769 0.00159975215272 0.00159951416032 0.00159910918223 0.0015996579135 0.0015997896299 0.00159977170179 0.00159990090628 0.00159942266982 0.00159972849986 0.00159978878169 0.00159939705754 0.00159924283735 0.00159933839472 0.00159939183188 0.00159942672483 0.0015998744369 0.00159956056068 0.00159993104203 0.00159945131012 0.00159941411426 0.00159927687426 0.00159904331856 0.0015993263159 0.00159954198836 0.00159906481822 0.00159944371455 0.00159931660429 0.00159952732385 0.00159980130155 0.00159984567483 0.00159987653987 0.00159985987835 0.00159985511152 0.00159996221093 0.00159941510302 0.00159986455552 0.00159962724181 0.0015998720381 0.00159969020256 0.00159946732753 0.00159988304569 0.00159982998716 0.00159988344134 0.00159986261802 0.00159972154154 0.00159956335121 0.00159982933669 0.00159981154184 0.00159956192928 0.00159959056499 0.00159983107327 0.00159951723758 0.00159941126426 0.00159984535988 0.00159968986408 0.00159961124404 0.00159962758119 0.00159943101416 0.00159934456589 0.00159975898926 0.00159983923063 0.00159929223967 0.00159926848988 0.0015998172105 0.00159955697797 0.00159930409406 0.00159931868229 0.00159938383155 0.00159991310337 0.00159936904154 0.00159931994432 0.00159955068325 0.00159971045098 0.00159966612829 0.00159935628309 0.00159963927038 0.00159961331956 0.00159913388853 0.00159977008146 0.00159947654506 0.00159928098911 0.00159993809449 0.00159941009171 0.00159965765303 0.00159928505551 0.00159989073882 0.00159958743377 0.00159978868811 0.00159974769498 0.00159981229793 0.00159973054199 0.00159992694954 0.00159994790035 0.00159947746345 0.00159956891008 0.00159996087176 0.00159973805172 0.00159992709726 0.00159957148329 0.00159966914335 0.00159995189165 0.00159966292017 0.00159969522247 0.00159982163815 0.00159950225096 0.00159976881689 0.00159944468064 0.00159960918776 0.00159935979678 0.00159936705111 0.00159985795274 0.00159951160365 0.00159986149098 0.00159973549394 0.00159992747037 0.00159945538534 0.00159960271526 0.0015996902161 0.00159965622457 0.00159980228241 0.00159968232629 0.00159957550652 0.00159964278315 0.00159953539756 0.00159974088324 0.00159961726247 0.00159993268854 0.00159925998825 0.00159958056373 0.00159931362102 0.00159965224539 0.00159980120322 0.00159969151008 0.0015996836837 0.00159950884851 0.00159953245727 0.00159963864868 0.00159936116949 0.00159930396399 0.00159953719867 0.00159950166457 0.0015990830421 0.00159963048655 0.00159992581304 0.00159897981839 0.0015995453762 0.00159989034409 0.00159921940589 0.0015994962895 0.00159956331658 0.00159995319476 0.00159994293718 0.00159961014095 0.00159963254647 0.00159934389414 0.00159927300802 0.00159968669017 0.00159955065117 0.0015997889239 0.00159910806971 0.00159930613797 0.00159951019839 0.00159959090226 0.00159948870778 0.00159954377928 0.00159993884809 0.00159919133101 0.00159930207861 0.00159938380618 0.00159946859247 0.00159975071713 0.00159925700745 0.00159952937982 0.00159923384435 0.00159987717797 0.00159975622802 0.00159978853273 0.00159909716394 0.00159922520839 0.00159914211678 0.00159917566533 0.00159943530319 0.001599616323 0.00159939062404 0.00159948813254 0.00159967907536 0.00159942971351 0.001599286915 0.00159929713052 0.00159970162622 0.00159970488702 0.00159926516017 0.00159914123656 0.00159971226012 0.00159977158015 0.00159964293376 0.00159957108687 0.00159961692856 0.00159986530446 0.00159934536751 0.00159987086313 0.00159963443582 0.00159979269415 0.00159962260338 0.00159962660875 0.00159966705285 0.00159949150384 0.00159979406526 0.00159971808718 0.00159971480065 0.00159984237001 0.00159965902264 0.00159966083107 0.00159996590115 0.00159953692542 0.00159964980898 0.00159942987073 0.00159940584416 0.00159954574666 0.0015994585642 0.00159939743264 0.00159983777207 0.00159974808568 0.001599804757 0.00159960119864 0.00159925858953 0.00159949094875 0.00159965700798 0.00159958976422 0.00159945805067 0.00159923432291 0.00159940523984 0.00159971312542 0.00159976305553 0.00159977559327 0.00159973818252 0.00159944148588 0.00159923201917 0.00159946645504 0.00159978829069 0.00159972219743 0.00159993145792 0.00159993847932 0.00159946467124 0.00159991136807 0.0015995955608 0.00159998505953 0.00159972499384 0.0015996421794 0.00159943929672 0.00159983219407 0.00159948179093 0.0015994077369 0.00159974732001 0.00159982706003 0.00159975115705 0.00159972218244 0.00159971722212 0.00159952326466 0.00159995869718 0.00159914195958 0.00159981096222 0.00159930875024 0.00159954940014 0.0015997653743 0.00159992738002 0.00159959777889 0.00159991873378 0.00159981910192 0.00159977670712 0.00159980221648 0.0015992875749 0.00159987741578 0.00159975551577 0.00159955670036 0.00159918223432 0.0015997165536 0.00159922465021 0.00159991136163 0.00159925801951 0.00159920413506 0.00159950629002 0.00159974532555 0.0015994983007 0.00159933610943 0.00159959438569 0.00159996622874 0.00159993227341 0.00159989408799 0.00159993301644 0.00159996027562 0.00159982453403 0.00159986234467 0.00159988926504 0.00159963398722 0.00159968811749 0.00159951112183 0.00159952142187 0.00159966632602 0.00159943839274 0.00159995163287 0.0015999682772 0.0015993224435 0.00159912317234 0.00159993491977 0.00159950028007 0.00159939950555 0.00159975087832 0.00159936767569 0.00159985271756 0.00159934492966 0.00159966160745 0.0015997610262 0.00159994058339 0.00159943294738 0.00159975547016 0.00159930187715 0.00159928775725 0.00159962236303 0.00159905098609 0.00159911464145 0.00159975570229 0.00159934929695 0.00159975970978 0.00159955197514 0.00159971052131 0.00159976752137 0.00159944409504 0.00159956539077 0.0015998458204 0.00159958345195 0.00159933662268 0.00159900000665 0.00159920184765 0.0015999653026 0.00159935426143 0.00159946743606 0.0015994401896 0.00159963589217 0.00159949415535 0.00159949039891 0.00159950141788 0.001599539061 0.00159974941267 0.00159963606276 0.00159992419051 0.00159953980462 0.00159993978173 0.00159946059915 0.001599464156 0.00159977884265 0.00159962780796 0.00159973302207 0.00159962667043 0.00159945475044 0.00159967417982 0.0015998815464 0.00159958933488 0.00159948419354 0.00159950666152 0.00159992306625 0.00159998834458 0.00159995342821 0.00159995022634 0.00159964401554 0.00159953912179 0.00159957154454 0.00159974427121 0.0015997331432 0.00159961388923 0.00159981777331 0.00159962655625 0.00159974408709 0.00159965876882 0.00159961714691 0.00159931197895 0.00159995865376 0.0015999474785 0.00159995997142 0.00159988643326 0.00159994344538 0.00159971397165 0.00159955087973 0.00159949604219 0.00159971078133 0.00159946022814 0.00159964144647 0.00159974208601 0.00159962532607 0.00159962328862 0.00159979169228 0.00159942308064 0.00159967742395 0.00159946880176 0.00159977765974 0.00159976018875 0.0015997422552 0.00159951018247 0.00159952131999 0.00159981949911 0.0015995669728 0.00159968778666 0.00159940384357 0.00159982099401 0.00159968119555 0.00159978925488 0.00159972555471 0.00159993662537 0.00159987474244 0.001599742815 0.00159962449005 0.00159956675126 0.00159973231112 0.00159978362501 0.00159978052241 0.00159965810441 0.00159990623975 0.00159920081019 0.0015992617678 0.00159964422715 0.00159975536134 0.001599839728 0.00159979306737 0.00159970511995 0.00159984067987 0.00159948286322 0.00159961636664 0.00159983217664 0.00159972813378 0.00159971842581 0.00159934550693 0.0015997015456 0.0015996458772 0.0015997028277 0.00159942555306 0.00159931861409 0.00159956927638 0.00159987796256 0.00159969342768 0.00159938658236 0.00159935285749 0.0015997436879 0.00159955870538 0.00159985123941 0.00159957728218 0.00159965995317 0.00159977174997 0.00159995446855 0.00159967777525 0.00159968320371 0.00159926991423 0.00159968152659 0.00159956566391 0.00159921817268 0.00159960530048 0.00159973041154 0.00159952270636 0.00159954211515 0.00159972396758 0.00159982417328 0.00159968623765 0.00159956127093 0.00159957298525 0.00159906619793 0.00159904681989 0.00159990579819 0.00159990503117 0.00159939086021 0.00159898052255 0.00159992934732 0.00159944212373 0.00159966598179 0.00159971771991 0.00159983718387 0.00159967699771 0.00159976010478 0.00159950593797 0.00159972465589 0.00159949328293 0.00159922236239 0.00159948240902 0.00159986578629 0.00159980957672 0.00159954868932 0.00159940016794 0.0015992571805 0.00159907985785 0.00159959834133 0.00159953909803 0.00159938486474 0.00159960710079 0.00159971134676 0.00159967523756 0.00159947266594 0.00159960466738 0.00159939318268 0.00159953088675 0.00159986032393 0.00159932884937 0.00159924566135 0.00159981254279 0.0015998790679 0.00159981453815 0.00159945035654 0.00159927748494 0.00159954168841 0.00159965342545 0.00159996700242 0.0015999718366 0.00159951735447 0.00159953412437 0.00159978208348 0.00159957938818 0.0015994432973 0.00159934036369 0.00159945236425 0.00159969222099 0.00159953975831 0.00159972998778 0.00159972199289 0.0015996801107 0.00159966414582 0.00159945524065 0.00159956850144 0.00159954493048 0.00159991577882 0.00159939211735 0.00159955736606 0.00159991338283 0.00159980884358 0.00159970705903 0.00159979757954 0.00159970778718 0.00159992600913 0.00159973260033 0.00159992899036 0.00159933431965 0.00159935326486 0.00159968301014 0.0015996929222 0.00159986134762 0.00159975179488 0.00159979217088 0.00159973356134 0.00159971983548 0.0015997998784 0.00159969244509 0.00159957857972 0.00159963893933 0.0015995470716 0.00159959077267 0.00159943490455 0.00159994785742 0.0015995086953 0.00159990593526 0.00159963750569 0.0015995600669 0.00159998573158 0.00159960477854 0.00159975665256 0.00159985462561 0.0015997912896 0.00159986478364 0.00159973996525 0.00159992964361 0.00159969571741 0.00159955956542 0.00159957362224 0.00159965243342 0.00159972157279 0.00159961326173 0.00159975955327 0.00159954851563 0.00159997694774 0.0015997145465 0.00159969228516 0.00159966703285 0.00159973059785 0.00159981714062 0.00159974324323 0.00159995677311 0.00159970317867 0.00159991065168 0.00159962454534 0.00159995714896 0.00159975499564 0.0015995306901 0.00159918530874 0.00159994338601 0.00159919951921 0.00159940856953 0.00159962772585 0.00159953654275 0.00159978131048 0.00159949134727 0.00159991533643 0.00159924172025 0.00159962228705 0.00159937587378 0.00159979608917 0.0015997393964 0.00159962129911 0.00159962670108 0.0015999552234 0.00159979042649 0.00159988547479 0.00159967905209 0.0015995594864 0.00159964004932 0.0015995381683 0.00159990745823 0.00159928629747 0.00159966779981 0.00159926529664 0.00159956950029 0.00159951195828 0.00159949333761 0.00159925253502 0.00159977180819 0.00159987194463 0.00159978219821 0.00159990788587 0.001599918483 0.00159993657676 0.0015999671171 0.00159980668915 0.00159923523964 0.00159961508644 0.00159967175389 0.00159931436333 0.0015999335485 0.00159934779438 0.00159951348574 0.00159935735114 0.00159957982921 0.00159986141459 0.00159928474805 0.00159949373917 0.00159966546717 0.00159979098939 0.0015997584293 0.00159971001509 0.00159949052066 0.00159964097072 0.00159973295654 0.00159997245746 0.00159910019332 0.00159970772861 0.00159984804537 0.00159937433199 0.00159959716117 0.00159963615364 0.00159952783822 0.00159973474982 0.0015995523506 0.00159965779645 0.0015996332469 0.00159921194089 0.00159930333683 0.00159933140303 0.00159961309353 0.00159968551043 0.00159961871056 0.00159990618081 0.00159966360544 0.00159986324619 0.00159943358034 0.00159984972763 0.00159998617448 0.00159993507201 0.00159959158049 0.00159964699206 0.00159980895729 0.00159948040188 0.00159949377275 0.00159992291378 0.00159918526828 0.00159911766998 0.00159984385864 0.00159992139085 0.00159943725775 0.00159977699414 0.00159952201248 0.0015995161707 0.00159957810302 0.00159990820963 0.0015996554346 0.00159970094143 0.00159964566636 0.00159950552256 0.00159895241095 0.00159960325956 0.00159999988452 0.00159918060173 0.00159930811137 0.00159959964989 0.00159959756826 0.00159953409706 0.00159945988646 0.00159962662889 0.00159977150905 0.00159969000403 0.00159988818012 0.00159964676319 0.00159971877445 0.00159965082823 0.00159937483247 0.00159973335485 0.00159943809002 0.00159922919176 0.00159981042541 0.00159925040847 0.00159918202421 0.00159969245786 0.00159988548533 0.00159956403133 0.00159961152159 0.00159992705554 0.0015999827951 0.00159999078611 0.00159968895601 0.00159944224341 0.00159949391503 0.00159959784315 0.0015998820537 0.00159910663195 0.00159959434612 0.00159984037963 0.00159968429842 0.00159934740104 0.00159928670173 0.00159932872986 0.0015993914676 0.00159959117278 0.00159951859702 0.00159992469126 0.00159993964246 0.00159993039636 0.00159964650105 0.00159970622079 0.00159992212657 0.00159944552847 0.00159936744725 0.0015999882817 0.00159957514832 0.00159981258213 0.00159905027461 0.001599950604 0.00159949295163 0.00159946961272 0.00159970880088 0.00159924656265 0.00159999400322 0.00159989476231 0.00159988730657 0.00159962909241 0.00159989101169 0.00159960981276 0.00159940875975 0.00159957880664 0.00159986717195 0.00159955957469 0.00159985830683 0.00159945128024 0.00159957993227 0.00159918633185 0.00159929301373 0.00159921370037 0.0015998002637 0.00159940458803 0.00159951672821 0.00159959314418 0.00159984881642 0.0015996954532 0.00159992918138 0.00159992962458 0.00159990727466 0.00159968071193 0.00159995768544 0.00159975106961 0.00159927948667 0.0015990362886 0.00159977643167 0.00159955664529 0.00159964089789 0.00159988469789 0.00159959482963 0.00159972928334 0.00159963496032 0.00159931575515 0.0015993558978 0.00159958867031 0.00159942941796 0.00159931581571 0.0015995069985 0.00159974753526 0.0015998456717 0.00159925907108 0.0015993401199 0.00159982515269 0.00159916783491 0.00159984246967 0.00159918782931 0.00159957133528 0.00159969670015 0.00159973662909 0.00159951159594 0.00159992455115 0.00159958085664 0.00159946817016 0.00159970419958 0.00159940138607 0.00159979527618 0.00159945997297 0.00159946263998 0.00159937665774 0.00159945807742 0.00159937598773 0.00159972592706 0.00159981195887 0.00159993419757 0.00159948099005 0.00159992517032 0.00159996533054 0.00159959707521 0.00159979795556 0.00159947195888 0.00159974026699 0.00159946170132 0.00159941285489 0.00159947239488 0.00159958910899 0.00159976122821 0.00159973580387 0.00159994039716 0.00159983036287 0.00159985697481 0.00159967401368 0.00159969929905 0.00159995215427 0.00159986049624 0.00159992198921 0.00159997376726 0.00159995554305 0.00159959447086 0.00159966852271 0.00159984465408 0.0015998302006 0.00159976832567 0.00159993741796 0.00159966629582 0.00159943893072 0.00159964023185 0.00159975528714 0.00159978372093 0.00159985227412 0.00159978393369 0.00159965751206 0.00159967127729 0.00159966200003 0.00159978609293 0.00159948148194 0.00159967551637 0.0015995357264 0.00159992584875 0.00159996095827 0.00159961455717 0.00159988041026 0.00159970405547 0.00159979777121 0.00159984262974 0.0015995061693 0.00159942047205 0.00159955588388 0.00159969499563 0.00159957677123 0.0015996765864 0.00159992749636 0.00159944994983 0.00159958593803 0.0015998676879 0.00159967308354 0.00159977897905 0.00159996752243 0.00159965945722 0.0015998594889 0.00159986980807 0.001599942566 0.00159947008806 0.00159951193522 0.00159969317922 0.00159964008652 0.00159992237066 0.0015998355629 0.00159973873288 0.00159968672232 0.00159968696178 0.00159986605494 0.00159990754635 0.00159989461926 0.00159948844628 0.00159972552823 0.0015997188589 0.00159958409991 0.00159976940957 0.00159958031216 0.00159952124053 0.00159960356142 0.00159981238269 0.00159976228568 0.00159967258516 0.00159954597494 0.00159962315583 0.00159966655063 0.00159964959468 0.00159968060528 0.00159971651261 0.00159976101024 0.00159970671904 0.00159942043986 0.00159984824835 0.00159964040224 0.0015998058169 0.00159962603975 0.0015995948043 0.00159982766323 0.00159953144493 0.00159965315086 0.00159968399 0.00159956196893 0.00159933662092 0.00159957740886 0.00159987113695 0.0015996753925 0.00159969578702 0.00159950786369 0.00159990557725 0.0015998538952 0.00159975606612 0.00159977670977 0.00159981431481 0.00159977519035 0.00159977170593 0.00159971983997 0.00159993855042 0.0015999655945 0.00159988979096 0.00159956650063 0.00159994950961 0.00159955421191 0.00159956609313 0.00159969860168 0.0015995763855 0.00159985482772 0.00159976038427 0.00159965392439 0.0015996866728 0.00159948078528 0.00159958659299 0.00159966665123 0.00159945658085 0.00159943275393 0.00159968250795 0.00159985761207 0.001599570581 0.00159965444323 0.00159971835645 0.00159948422543 0.00159989454402 0.00159975067584 0.00159974809856 0.00159980211647 0.00159975561967 0.00159968902512 0.00159973637555 0.00159951293799 0.00159975882859 0.00159969223088 0.00159972450531 0.00159976584235 0.00159984037832 0.00159979799085 0.00159970692671 0.00159980652794 0.00159967807807 0.00159972858474 0.00159995118953 0.00159977525947 0.00159928791096 0.00159955496203 0.00159964945271 0.00159970563659 0.00159994471656 0.00159990212669 0.00159984606341 0.00159943563673 0.00159969967491 0.00159986084224 0.00159949613252 0.00159983085782 0.00159998211636 0.00159980487813 0.00159943756659 0.00159951422283 0.00159978771059 0.00159974741726 0.00159979866761 0.00159944603334 0.00159992205914 0.00159992541014 0.00159971789357 0.00159967595447 0.00159964389735 0.00159988431489 0.0015998640594 0.00159937727261 0.00159941225326 0.00159949515029 0.00159956753672 0.00159968363022 0.00159960057912 0.00159985140253 0.00159956389655 0.00159993443696 0.00159971560426 0.00159973525196 0.00159994137788 0.0015997578791 0.00159973801465 0.00159951849013 0.00159977619383 0.00159949565379 0.00159983115195 0.00159987537401 0.00159985246071 0.00159981851252 0.00159946160928 0.00159986949102 0.00159993572214 0.00159995558091 0.00159993904028 0.00159943669954 0.00159958177421 0.00159994341696 0.00159925752249 0.0015994294267 0.00159987966242 0.00159949784299 0.00159963131042 0.00159957092612 0.0015997373048 0.00159974442612 0.0015996667795 0.0015997406451 0.00159971220715 0.00159952461185 0.00159946874395 0.00159969423907 0.00159989470525 0.00159988094439 0.00159922289268 0.00159992926825 0.00159935773185 0.00159962584251 0.00159988664753 0.00159966844373 0.0015997390163 0.00159984377279 0.00159959812452 0.0015994793529 0.00159995738904 0.00159990196965 0.00159938934404 0.00159970177808 0.00159958417718 0.00159991505503 0.00159956328242 0.00159969715447 0.00159962544516 0.00159974763061 0.00159960433233 0.00159974000301 0.00159969091005 0.0015997673036 0.00159981100078 0.00159965634198 0.0015996941238 0.00159942678149 0.00159974554579 0.00159981406473 0.00159965524568 0.00159991043697 0.00159996832205 0.00159994057735 0.00159978132352 0.00159958054748 0.00159974122299 0.00159968397266 0.00159950727543 0.00159971552672 0.00159987425016 0.00159954302718 0.00159988676804 0.00159967491828 0.00159954136404 0.00159979944802 0.00159990432217 0.00159973340076 0.00159962531339 0.00159973133747 0.00159970376202 0.00159941225974 0.00159971979896 0.00159990654333 0.00159993843325 0.00159992892921 0.00159995347897 0.00159964601031 0.00159966006335 0.00159981227023 0.00159988379345 0.00159991815848 0.00159991903955 0.00159989770213 0.00159979852794 0.00159994896125 0.00159985522714 0.00159957066364 0.00159967916035 0.00159973306409 0.00159983254071 0.00159953647905 0.00159951491622 0.00159993725708 0.00159994306608 0.00159996835847 0.00159972040337 0.00159982304907 0.00159962129066 0.00159973462139 0.00159972427466 0.00159943127902 0.00159955363331 0.00159980996826 0.00159963810706 0.0015996093606 0.00159977223989 0.00159977222383 0.00159970506634 0.00159960171291 0.00159950244441 0.00159992385459 0.00159970674016 0.00159992367933 0.00159997856816 0.00159957018923 0.00159943666639 0.00159992347214 0.00159988702348 0.00159969866606 0.0015998713024 0.00159983559897 0.00159979752613 0.00159939347306 0.00159967544955 0.00159948726172 0.00159963872608 0.00159991935967 0.0015996436383 0.00159973347363 0.00159968620602 0.0015995188255 0.00159986104034 0.0015998653201 0.00159923745485 0.00159966551456 0.0015995334037 0.001599823982 0.00159971537551 0.00159945302288 0.00159943796508 0.00159959358277 0.00159991365409 0.0015999208189 0.00159974584443 0.0015997065988 0.00159957834412 0.00159970981201 0.0015995147327 0.0015999201235 0.00159972132448 0.00159981073076 0.00159939835703 0.00159971472673 0.00159940137 0.00159994921351 0.00159988711323 0.00159984461962 0.00159969619959 0.00159977635003 0.00159985480888 0.00159996002736 0.00159964250632 0.00159954403274 0.00159974833502 0.00159941549623 0.00159992673326 0.00159995195609 0.00159952293053 0.00159974538576 0.00159981899417 0.00159966094038 0.00159992871332 0.00159943520872 0.00159929742409 0.00159976452984 0.00159976886022 0.00159937604382 0.00159967758916 0.00159961716165 0.00159976750609 0.00159984753726 0.00159976533366 0.00159978063081 0.00159986224484 0.00159987787773 0.00159995079885 0.00159993481537 0.00159959774801 0.00159965233986 0.0015998633673 0.00159980564676 0.00159950414518 0.00159974752105 0.00159975464016 0.00159953114359 0.00159966844329 0.001599760501 0.00159987881378 0.00159957878757 0.00159980492521 0.0015996703035 0.0015997939572 0.00159986466173 0.00159970057068 0.00159961521932 0.00159956563512 0.00159988537922 0.00159978288488 0.00159976467553 0.00159952432756 0.00159956365546 0.00159993816483 0.00159995920236 0.00159977937362 0.00159980379886 0.00159987174164 0.00159990276069 0.00159977022472 0.00159996018613 0.00159957357368 0.00159933671516 0.00159917463768 0.00159993934746 0.00159960733351 0.00159950848987 0.00159990328789 0.00159981412988 0.00159996234151 0.00159958068937 0.00159992608962 0.00159987396453 0.00159951653696 0.00159987430458 0.00159973566347 0.00159971844559 0.00159933406914 0.00159969385588 0.00159946907397 0.00159949154812 0.00159972615116 0.00159983583708 0.00159967592408 0.00159996157358 0.00159990848968 0.00159994325361 0.00159942810552 0.00159938445694 0.00159915931552 0.00159989746682 0.00159994664975 0.00159997168461 0.00159953256912 0.0015999173957 0.00159992586529 0.00159971005901 0.00159973112857 0.00159974485263 0.00159943222191 0.00159980991465 0.00159970727096 0.00159958618373 0.00159960993964 0.00159972813226 0.00159964113276 0.00159958478736 0.00159966399322 0.00159992338082 0.00159938132201 0.00159973231171 0.00159949980404 0.00159994911115 0.00159997122669 0.00159975801868 0.00159991979115 0.00159985896393 0.00159960698717 0.00159968666744 0.00159966996706 0.00159958445077 0.00159966549058 0.00159960140593 0.00159978832151 0.00159973380828 0.00159974620411 0.00159984867624 0.00159992467986 0.00159983097867 0.00159959143424 0.0015997087249 0.00159982662546 0.00159954236128 0.00159956111421 0.00159978396201 0.00159983037345 0.00159990005904 0.0015998674127 0.00159992206953 0.00159985955048 0.00159991368835 0.00159954127197 0.00159974086364 0.00159963626981 0.00159968843266 0.00159969877786 0.00159948345801 0.00159931254428 0.00159985710831 0.00159954115616 0.00159969288386 0.00159978855861 0.00159986954725 0.00159978418073 0.00159990648015 0.00159979130601 0.00159984619153 0.00159974949673 0.00159970404107 0.00159973714044 0.00159970000568 0.00159969381076 0.00159984490924 0.00159959670566 0.00159948817864 0.0015999002477 0.0015999282677 0.00159986811991 0.00159990618079 0.00159993021243 0.00159976782236 0.00159978506278 0.00159977497036 0.00159987565402 0.00159985364221 0.00159972756838 0.00159960260952 0.00159965346758 0.00159969944683 0.00159964759068 0.00159977769901 0.00159991745418 0.00159982129796 0.00159993531478 0.00159995315088 0.00159998141169 0.00159971114766 0.00159984781997 0.00159973518925 0.00159983513731 0.00159953114513 0.00159979640142 0.00159973825932 0.00159961240936 0.0015996196251 0.00159968589578 0.00159956629975 0.0015997276156 0.00159967274684 0.0015996412879 0.00159977232395 0.00159987772672 0.00159986588861 0.00159964994991 0.00159984779132 0.00159960342568 0.00159963023635 0.0015998607654 0.00159971059509 0.00159977695179 0.00159976951088 0.00159995142491 0.00159981714626 0.00159988512406 0.00159983087124 0.00159983647473 0.00159969255142 0.00159992368819 0.00159966544066 0.00159976448497 0.00159955951464 0.00159992937688 0.00159993812904 0.00159984823246 0.00159962833972 0.00159959136406 0.00159977185385 0.00159949851812 0.00159980510286 0.0015997498949 0.00159963070477 0.00159971331826 0.00159986461203 0.00159990113403 0.00159980104132 0.00159980110519 0.00159978533333 0.00159984350709 0.00159968961536 0.00159949826629 0.00159965546761 0.00159944301541 0.00159997005454 0.001599935553 0.00159962273517 0.00159973852632 0.00159959300555 0.00159974481053 0.00159975318856 0.00159978395109 0.00159982146337 0.00159994486508 0.00159987483704 0.00159986198935 0.00159977565864 0.0015996366497 0.0015999388017 0.00159987331447 0.00159994724412 0.00159993675159 0.0015999807709 0.00159999847322 0.00159941558312 0.00159982999777 0.00159971103058 0.00159983937853 0.001599700711 0.00159980229683 0.00159986535039 0.00159995249517 0.00159980694477 0.0015995767145 0.00159945887148 0.00159961597664 0.00159989838497 0.00159957861031 0.00159967441406 0.00159964212563 0.00159968005088 0.00159955245043 0.00159955843458 0.00159986373584 0.00159968729369 0.00159984785893 0.00159986389891 0.00159972904323 0.00159972535177 0.00159968032602 0.00159987695765 0.00159970203254 0.00159978431292 0.0015997889452 0.00159980828041 0.00159970609764 0.00159990238326 0.00159977423575 0.00159991232296 0.00159989165371 0.00159991552601 0.00159980131823 0.00159974655431 0.00159968356191 0.0015997987468 0.001599751393 0.00159968452653 0.00159968559663 0.00159964840803 0.0015997153091 0.00159986548652 0.00159966799627 0.00159976482363 0.00159977529856 0.00159956826618 0.00159985743671 0.00159977235141 0.00159970392502 0.00159969621074 0.00159985309637 0.00159976469303 0.00159961381859 0.00159979659585 0.00159975205237 0.00159962539947 0.00159980667437 0.00159965952762 0.00159966813113 0.00159972492443 0.00159963621712 0.00159961651879 0.00159993020078 0.0015996897896 0.00159966911766 0.0015995100193 0.00159991749845 0.00159957432863 0.00159992004006 0.00159997011949 0.00159953429255 0.00159979246641 0.00159961657529 0.00159955301036 0.00159967134658 0.0015995817529 0.00159968986804 0.0015997752358 0.0015998111694 0.00159989395906 0.00159992945621 0.00159973042251 0.00159968960866 0.00159984171762 0.00159991945364 0.00159988445405 0.00159964975966 0.00159990542442 0.00159996947585 0.00159985896793 0.00159984105782 0.00159984603613 0.00159969500392 0.00159972292474 0.00159981460337 0.00159995476234 0.00159977091344 0.00159980037515 0.00159967450346 0.00159980455498 0.00159978620379 0.00159972121487 0.00159986083366 0.00159982800493 0.00159985217271 0.00159966193419 0.00159963669661 0.00159961769636 0.00159988453008 0.00159988860628 0.00159977258613 0.00159972408643 0.00159940199955 0.00159958362201 0.00159971675431 0.00159967583078 0.00159977942681 0.00159987365759 0.00159968897038 0.00159998365243 0.00159977190042 0.00159977204588 0.00159965542211 0.00159976743589 0.00159967498915 0.00159962566056 0.00159965386983 0.00159988861796 0.00159991018722 0.00159963555279 0.00159972161194 0.00159993508789 0.00159974838581 0.00159976121591 0.00159991903842 0.00159975966065 0.00159970272878 0.00159983881226 0.00159964161625 0.00159971313759 0.00159956435607 0.00159982944961 0.00159958567922 0.00159980416511 0.00159967696991 0.00159972195326 0.00159972529223 0.00159963385688 0.00159960922896 0.00159974048792 0.00159962435782 0.0015996105152 0.00159946823606 0.00159980451509 0.00159981391147 0.00159931298291 0.00159951918707 0.00159965585253 0.00159973981349 0.00159988755292 0.0015997230298 0.00159959043218 0.00159949338226 0.00159985063005 0.00159979000863 0.00159969013979 0.00159988586494 0.00159975872893 0.00159985006519 0.00159963952809 0.00159975175285 0.00159961454055 0.00159997507744 0.00159956207774 0.00159953314874 0.0015998373952 0.00159980829268 0.00159970831626 0.0015997111937 0.00159968129113 0.00159975029104 0.00159979011241 0.00159986717479 0.00159984640537 0.00159986426065 0.00159952751769 0.00159963011783 0.00159986671808 0.00159951294129 0.00159984407861 0.00159986111023 0.00159970018146 0.00159974437771 0.00159966680864 0.00159987028542 0.00159965979191 0.00159994134571 0.00159985142364 0.0015997872664 0.0015999300905 0.0015999523902 0.00159949473208 0.00159999216845 0.00159949220513 0.00159983068764 0.00159998735809 0.00159982807755 0.00159976783034 0.00159973641571 0.00159980020836 0.00159992317582 0.00159978963239 0.0015996379553 0.00159980917415 0.00159979836924 0.00159977384459 0.00159989547512 0.00159953646996 0.00159952571287 0.00159988873709 0.00159995212199 0.0015998846214 0.00159965620621 0.00159963492574 0.00159967462652 0.00159963409318 0.00159992205607 0.00159974934848 0.00159988314796 0.00159973189022 0.00159965214118 0.00159961408559 0.00159985447815 0.00159975530744 0.00159952765891 0.00159986007505 0.00159976171015 0.00159965885864 0.00159974931923 0.0015996299144 0.00159958124095 0.00159989784395 0.00159968090826 0.00159978300518 0.00159977241403 0.00159972716515 0.00159954358985 0.00159970320226 0.00159983381394 0.00159981184403 0.00159960463502 0.00159949761611 0.00159977396312 0.00159989722641 0.0015995303322 0.00159964452916 0.00159983144527 0.00159973025352 0.00159956556604 0.00159975675178 0.00159969798664 0.00159990317824 0.00159986285348 0.00159985810592 0.00159989216891 0.00159975873272 0.00159970590613 0.00159968653352 0.00159989206685 0.00159973377754 0.00159960968432 0.00159985552877 0.00159953982434 0.0015997190287 0.00159984177256 0.0015998436197 0.00159995000593 0.00159990753019 0.00159975375072 0.00159971871221 0.00159983428844 0.00159976048161 0.00159994001089 0.00159997346163 0.00159972336359 0.00159962126553 0.00159982321431 0.00159987331523 0.00159974218374 0.0015999712691 0.00159979388289 0.00159956240217 0.00159979275005 0.00159972417359 0.00159955558283 0.00159980304428 0.00159967119802 0.00159982307603 0.0015995658059 0.00159994677598 0.00159988481559 0.00159993120041 0.00159960751039 0.00159989943807 0.00159989937803 0.00159993736632 0.00159968948338 0.00159965582406 0.00159964595692 0.00159973744017 0.00159979558289 0.0015995482439 0.00159989837193 0.00159963318026 0.00159967794173 0.00159968044015 0.00159975247657 0.0015996147369 0.00159992125892 0.0015997520916 0.00159985444931 0.00159961179157 0.00159967161169 0.00159983259185 0.00159939235008 0.00159955020787 0.0015998307967 0.00159961802089 0.00159991900362 0.00159974599505 0.00159983809036 0.00159985248396 0.00159984596697 0.00159986439421 0.00159970759897 0.00159975262774 0.00159981037274 0.00159987358454 0.00159991549238 0.00159996008126 0.00159987833863 0.00159972755714 0.00159982126675 0.00159981534918 0.00159984613229 0.00159966852048 0.00159979014397 0.00159967807942 0.00159965447069 0.00159988511031 0.00159989301589 0.00159967742134 0.00159986145583 0.00159972932113 0.00159985388023 0.00159994830151 0.00159987415304 0.00159988087769 0.00159993392435 0.00159971747216 0.00159967285895 0.00159965347985 0.00159947863417 0.00159976917072 0.00159990285959 0.00159979520151 0.00159970626752 0.00159983458618 0.00159970237186 0.00159984963178 0.00159962335932 0.00159977942061 0.00159994689927 0.0015998924394 0.00159994768567 0.00159973442609 0.00159983347809 0.00159986452849 0.00159977652571 0.00159989442841 0.00159981398389 0.00159973565537 0.00159983163071 0.00159990654863 0.00159993495532 0.00159978929967 0.00159987640971 0.00159986633027 0.00159982702334 0.00159972190036 0.00159979292782 0.00159970735024 0.00159982775302 0.00159952892797 0.00159970423763 0.00159979675509 0.0015996564294 0.00159964910583 0.00159969448575 0.00159984592964 0.0015997741137 0.00159975055821 0.00159988331955 0.00159978566755 0.00159999106644 0.00159984386742 0.00159990150163 0.00159985037581 0.0015998798573 0.00159970834416 0.00159980076141 0.00159971578753 0.00159976660277 0.00159984280259 0.0015998031289 0.00159962511109 0.00159969085077 0.00159972404525 0.00159976852314 0.00159978785498 0.00159982931016 0.00159996746721 0.00159990846621 0.00159992652323 0.00159985733742 0.00159983020941 0.00159976488624 0.00159976977461 0.00159976766127 0.00159987572017 0.00159998143236 0.00159974776769 0.00159979860196 0.00159989139363 0.00159988298916 0.00159985448972 0.00159989799263 0.00159987630453 0.00159996406802 0.00159989442741 0.00159982356484 0.00159993698406 0.00159980283142 0.00159973128149 0.00159975234528 0.00159990260354 0.00159992030767 0.00159987929415 0.00159991372139 0.00159999499071 0.00159987231971 0.00159981347113 0.00159998664209 0.00159986946867 0.00159983253009 0.00159994154602 0.00159978171362 0.00159987655632 0.00159995514373 0.00159993196183 0.00159976867868 0.00159995505572 0.00159980474351 0.00159984291048 0.00159978894887 0.00159986327831 0.00159972290337 0.00159984466216 0.00159983927874 0.00159990862449 0.00159978716319 0.00159982727852 0.00159966955327 0.00159979251908 0.00159999948489 0.0015998761646 0.00159991598188 0.00159979627583 0.00159981496716 0.00159984605266 0.00159982462303 0.00159976546375 0.00159995060159 0.00159992697346 0.00159983995166 0.001599874727 0.0015999318266 0.00159984773101 0.00159992596441 0.0015999389434 0.00159986764343 0.00159985167664 0.00159988631829 0.00159978161839 0.0015997539067 0.00159994372275 0.00159984859951 0.00159977945467 0.00159974943885 0.00159984060026 0.00159985811792 0.00159978322358 0.00159984528761 0.00159971707192 0.00159989636669 0.00159970231237 0.00159983573991 0.00159974504167 0.00159985351044 0.00159983788708 0.00159989626913 0.0015998782013 0.00159987449149 0.00159998586508 0.00159991240587 0.00159995096128 0.00159975306299 0.00159984502021 0.00159984425968 0.00159968281024 0.00159986830001 0.00159971761922 0.00159990210208 0.00159987167935 0.00159978883813 0.00159988489337 0.00159983071644 0.00159975707466 0.00159971783758 0.00159962392482 0.00159985447533 0.00159990472427 0.00159976677445 0.00159984540415 0.00159987474182 0.00159990825199 0.0015996218084 0.00159988241961 0.0015995502398 0.00159964408226 0.00159973399239 0.00159952846619 0.00159983253491 0.00159986901928 0.00159984714969 0.0015997918688 0.00159977721496 0.00159988593992 0.00159988490025 0.00159992938009 0.0015997990753 0.00159988462543 0.00159993519075 0.00159977123098 0.00159985232253 0.00159979174608 0.00159970108925 0.00159979489837 0.00159991474798 0.00159985634362 0.00159978157294 0.00159988553011 0.00159984091658 0.00159977168904 0.00159963074188 0.00159980515856 0.00159981789436 0.0015998365891 0.0015998447554 0.00159986736995 0.00159984660507 0.00159986300625 0.00159990091191 0.00159984869418 0.00159994532886 0.00159994136564 0.00159977151105 0.00159964535579 0.00159976901508 0.00159989314811 0.00159982921557 0.00159988545535 0.00159978740132 0.00159976022886 0.00159983057644 0.00159991506279 0.00159988928175 0.00159986281488 0.00159994702327 0.0015999485392 0.001599942688 0.00159994387589 0.00159994276402 0.00159973854107 0.0015998781277 0.00159979408849 0.00159993139493 0.00159978586755 0.00159969260345 0.00159968462457 0.00159981064268 0.00159970717702 0.00159983349412 0.00159984610351 0.00159977631458 0.0015998740643 0.00159985343931 0.00159997236457 0.00159988389681 0.00159988658335 0.00159978889533 0.00159977931046 0.00159989228012 0.00159982734088 0.00159979262602 0.00159990422174 0.00159989144588 0.00159977154745 0.00159995108781 0.00159991325727 0.00159977679394 0.00159976056782 0.00159983605517 0.00159985986035 0.00159980589406 0.00159978102126 0.00159983068581 0.00159983589549 0.00159982628914 0.00159991775735 0.00159984047782 0.00159993774396 0.00159987525015 0.00159970665755 0.00159961642542 0.00159975001281 0.00159967148351 0.00159951720967 0.00159971330608 0.00159983331368 0.00159978519827 0.00159985972408 0.00159990370274 0.00159998032451 0.00159991302554 0.0015999536188 0.00159986161839 0.00159997183051 0.00159997418989 0.0015998620458 0.00159981722845 0.00159983622562 0.00159981759938 0.00159992746782 0.00159975726739 0.0015996226151 0.00159986358611 0.0015998912234 0.00159982008171 0.00159975286779 0.0015998169023 0.00159973824831 0.00159983150317 0.00159987795611 0.00159987763248 0.00159993560658 0.00159989772937 0.00159974838344 0.00159978711907 0.00159974928985 0.00159973097425 0.00159984291737 0.00159981022095 0.00159988848536 0.00159985321956 0.00159970622286 0.00159979929702 0.00159974430525 0.00159988936842 0.00159992309162 0.00159975086313 0.00159980962688 0.00159978813317 0.0015998393529 0.00159985138459 0.00159993323834 0.0015999518669 0.00159982363761 0.00159977776565 0.00159974940524 0.00159969210227 0.00159989648873 0.00159987177822 0.00159986006647 0.00159992747562 0.00159986072787 0.00159989162295 0.00159984317314 0.00159985907251 0.00159984383118 0.00159989299864 0.00159972194914 0.00159976148509 0.00159978786945 0.00159983922271 0.00159981479369 0.00159961603954 0.00159970837404 0.0015997753664 0.00159994280677 0.00159997864066 0.00159977160438 0.00159979734512 0.00159991538494 0.00159984488007 0.00159985347718 0.00159993880051 0.0015999092058 0.00159993171457 0.00159985808778 0.00159991103639 0.00159980992991 0.00159981549856 0.00159983291935 0.00159976148084 0.0015998233522 0.00159987276197 0.00159979585934 0.00159977067945 0.00159983323063 0.00159988596113 0.00159981878726 0.00159982555575 0.00159981483863 0.00159980550086 0.00159986171976 0.00159992622481 0.00159994050366 0.00159997121385 0.00159980373229 0.00159979355173 0.00159973447404 0.00159977274611 0.00159988200698 0.00159992886613 0.00159984958114 0.00159990437345 0.00159990245388 0.00159984442054 0.00159972518801 0.00159973461263 0.00159974571387 0.00159986307181 0.00159981884878 0.00159983929895 0.00159997191849 0.00159993024017 0.00159994609955 0.00159993611191 0.0015998624295 0.00159989796932 0.00159950766302 0.00159984108552 0.00159966195384 0.00159988175181 0.0015998255979 0.00159989239418 0.00159986652007 0.0015999121796 0.00159978845372 0.00159989839962 0.00159993233719 0.00159995742676 0.00159980744385 0.00159989371888 0.00159980312103 0.00159983372904 0.00159979566776 0.00159985693323 0.00159994834625 0.00159983760598 0.00159989682653 0.00159989992018 0.00159991233368 0.00159985607531 0.00159992265173 0.00159992826906 0.00159991829045 0.00159996292905 0.00159985973633 0.00159992468865 0.0015999232906 0.00159992501774 0.00159984646806 0.00159994191223 0.00159986678854 0.00159987826627 0.00159989541663 0.00159989762424 0.00159983651412 0.00159984110467 0.001599901432 0.00159978445071 0.00159990382402 0.00159991152366 0.0015997938778 0.00159991528552 0.00159966977732 0.00159993288311 0.00159992264886 0.00159980926579 0.00159996744406 0.00159989821672 0.0015999074009 0.00159985401467 0.00159984602336 0.00159978717956 0.00159989338405 0.00159975051601 0.00159977950322 0.00159989749914 0.00159984402551 0.00159995159799 0.00159994823331 0.00159992391166 0.00159990519011 0.00159989299302 0.0015998663718 0.00159986609686 0.00159985856696 0.00159998766987 0.00159990064949 0.0015998778791 0.00159993793356 0.00159993285087 0.00159997012948 0.00159993655456 0.00159996601987 0.00159996745668 0.00159989652832 0.00159992194768 0.00159994586069 0.00159992880792 0.00159994174382 0.00159996484729 0.00159992906672 0.00159993696387 0.00159986245921 0.00159985784315 0.0015999235292 0.00159992126769 0.0015999143473 0.00159996651686 0.00159989065537 0.00159997565812 0.00159997657179 0.00159993235508 0.0015999442953 0.00159995000464 0.00159983150598 0.00159992928094 0.00159996401401 0.00159988361888 0.00159984137118 0.00159988191517 0.00159993090933 0.00159995457388 0.00159990755922 0.00159990506499 0.00159996315166 0.00159992408376 0.00159994293155 0.00159991423625 0.00159989957081 0.00159991667869 0.00159992525051 0.0015999323164 0.00159983214839 0.00159994991893 0.0015999224362 0.00159992676673 0.00159989274423 0.00159992912915 0.00159992632844 0.00159995889249 0.00159990325573 0.0015999794171 0.00159992331733 0.001599864682 0.00159991759359 0.00159994687476 0.00159987267374 0.00159989642136 0.00159989892277 0.00159995611731 0.00159989776355 0.00159992873605 0.00159996527112 0.00159993326788 0.00159996375234 0.00159997123151 0.0015999465314 0.00159994333049 0.00159997959816 0.0015999206148 0.00159982610237 0.00159990638895 0.00159993605108 0.0015999738384 0.00159994825622 0.00159986130128 0.00159996501467 0.00159994346874 0.00159992470515 0.00159992664782 0.00159992944666 0.00159984607108 0.00159986076979 0.00159989149892 0.00159990681461 0.00159992995164 0.00159993308102 0.00159994237128 0.00159989556441 0.00159988956924 0.00159988780128 0.0015998619413 0.00159989850969 0.00159994185312 0.00159993925623 0.00159998424106 0.00159995570755 0.00159986697887 0.00159995570328 0.00159987411993 0.00159987155746 0.00159992378733 0.00159983185261 0.00159994274564 0.00159989132558 0.00159991634622 0.00159990086638 0.0015999539776 0.00159991957341 0.00159984145132 0.00159984152313 0.00159995060627 0.00159993725839 0.00159991762202 0.00159994863638 0.00159995746421 0.00159996196892 0.00159991456628 0.00159992845392 0.00159993260911 0.00159994715355 0.00159983798491 0.00159991205132 0.00159995208819 0.00159993461226 0.00159990749465 0.00159994875076 0.00159999127246 0.00159987525328 0.00159997249166 0.00159991260994 0.00159992042934 0.00159993893649 0.00159994643836 0.00159991528459 0.00159988384171 0.00159986188636 0.00159991816642 0.00159994520867 0.00159995655006 0.00159987482938 0.00159984964142 0.00159989332719 0.00159983252477 0.00159993292949 0.00159986357971 0.00159992204461 0.00159994984873 0.0015999473009 0.00159990139795 0.00159993598477 0.00159995736016 0.0015999620039 0.00159992573074 0.00159993732947 0.00159994327052 0.00159998029211 0.00159995637876 0.00159994733625 0.00159994370082 0.00159994796857 0.00159990188447 0.00159995128599 0.00159994426513 0.00159979446215 0.00159991440751 0.00159996684148 0.00159992688009 0.00159994614668 0.0015999611313 0.00159994744552 0.00159992353369 0.00159989458135 0.00159995639323 0.00159995634434 0.0015999117006 0.00159995905323 0.00159989918987 0.0015997500247 0.00159999423654 0.00159986355945 0.00159991068445 0.00159986034456 0.00159990884163 0.00159983647562 0.00159983809187 0.00159981826068 0.00159993432326 0.00159993527676 0.0015999141278 0.00159995855482 0.00159983467006 0.00159997693975 0.00159996164515 0.00159992078691 0.00159995240257 0.00159991882909 0.00159990313984 0.00159996853722 0.00159987713996 0.00159990851258 0.00159992654082 0.00159988067515 0.0015998944932 0.00159982925949 0.00159995217739 0.00159995610827 0.00159995151796 0.00159987393032 0.00159995235281 0.00159989587827 0.00159997050187 0.00159999126021 0.00159995624057 0.00159993461351 0.00159995242434 0.00159992746707 0.00159989336059 0.00159993082862 0.00159993616229 0.00159994078551 0.00159991133738 0.0015999240853 0.00159994363572 0.00159999004814
</DataArray>
        <DataArray type="Float64" Name="contact_force" NumberOfComponents="1" format="ascii">
0.00111119158324 0.00014438567714 0.000455033408634 0.000553574627315 0.000673217375257 0.000440123637776 0.000901803085388 0.00108080736924 0.00147352127086 0.00152342377348 0.000321370971341 0.00129829340899 0.000875811373773 0.001519935727 0.000822392058233 0.000215984298685 0.000746007475403 0.0011771519325 1.79674198644e-05 0.000470358448669 0.000102235196728 1.96536974755e-05 0.000394914540591 0.00039362193667 0.000527420742125 0.00133730601509 0.000743049029226 0.000145255468284 0.000544272090513 6.49093141368e-05 0.000339184217432 0.00111127568129 0.000221810684966 0.000396192233601 0.00107992675089 0.000193190506643 0.000635367472261 0.00056784052485 2.24561535995e-05 0.000873491440331 2.56608423209e-05 0.000673381385012 0.000453726083083 0.00083795139078 0.000695156963183 8.2738710098e-06 0.000958653708475 0.000667704143701 0.000900847956836 0.000129317934197 9.45758393462e-05 0.000113533606274 9.12729415402e-05 0.00133869480655 0.000937692969129 0.00104788933546 0.00141058205477 0.000160271854512 2.32089604495e-05 0.000254890406887 1.78260507871e-05 0.000201597469277 0.000955232884745 0.000746369617267 0.000734053193108 0.000879213782806 0.000512183317817 5.59043564932e-06 4.22968241996e-05 0.00010726773624 0.00044249854736 0.00109718693633 0.000838542305917 0.000456120843491 0.000302350439926 0.000297756211135 0.000365621379908 0.000215044362198 0.000571442003865 0.000412505683573 0.000576261589576 0.000312163078261 0.000574228616633 0.000259505882955 0.000118346766739 0.000610148352265 1.29437588539e-05 0.000978164275631 0.00012735776979 0.000571434817254 0.00136559902431 0.000102767177909 0.000498255446278 0.000686589998291 0.00120692132041 0.000626730208136 0.000201940299313 0.000649515348986 0.000688255912881 4.16182639391e-05 2.23434294639e-05 0.00047410748409 3.11288363642e-05 0.000311472939547 0.000164803246161 0.000528997562158 0.000725020952732 0.000128702040279 2.1525247608e-05 0.000785460298635 0.00143404955497 0.000126459778081 0.000884459932732 2.47860952598e-05 0.000926780792021 1.52430038587e-05 1.71922026662e-05 8.99897529657e-06 0.000321150370093 0.000518965429004 0.0004275660687 0.000757537774759 0.000638280307065 8.64903836694e-06 0.000469081956329 0.000220557740713 0.000270656230001 0.000236182663551 0.000590046317065 0.000184483567966 0.000663562322589 5.46596745672e-07 0.000180474704917 0.000494774928354 0.000487867609054 9.3470660074e-05 6.58411289856e-05 0.000885671306496 0.00017622342247 0.00025286303133 0.00187803534253 5.24984690911e-05 0.00174365390911 0.000654536989028 0.000284072452586 0.00119474227223 0.000716646592879 0.000251555303431 0.00220061739153 0.000903502838446 4.30607588301e-05 0.000518786493286 0.000457308358948 0.000519084390856 0.000193807135031 0.000988786809769 0.000251250221749 0.000143318388921 0.000130744493877 6.83914347109e-05 0.000135310325103 0.000341254906361 0.00118367439202 0.000514932809595 0.00215799283252 0.000753680174091 0.000428265892672 0.000593084730791 0.000433837223903 0.000288092637013 0.000742300287673 0.000985267415921 8.05066608315e-05 0.000408646807437 0.000288793679579 0.00052505797885 8.99782828912e-05 0.00144932111555 7.72531429792e-05 1.67294587964e-06 0.0013669190896 0.00097805008104 0.00016460314547 0.000502385780931 0.000299251842165 0.00115645867563 0.000273612000133 0.000256593662612 1.913894942e-05 4.35586082152e-05 0.00098351583696 0.000148493035543 0.00129774938444 0.000739145376917 0.000297313860425 0.000183943411123 0.000110826467118 0.000913852626159 0.000841735951336 1.49600708505e-05 0.00102025100243 0.00143990836552 0.000221618842909 0.000469501262093 0.000927247234322 0.000566893735558 0.0014110199901 0.00141310592184 0.000168910261206 0.00108914356402 2.68190222408e-05 0.0009940949364 0.000278280823543 0.000633187665707 0.00101449447812 0.00118415660008 0.00101214526804 0.000848901816326 0.00110116154344 0.000483914062962 0.000432062456077 0.00143886593426 0.000791375418016 0.000205262254467 0.000145895547391 0.000195939576528 0.00029529240202 6.78778783125e-05 2.35542737357e-05 1.41601988612e-05 0.000289324618587 0.000236723777847 0.000977310809312 0.000462932165033 0.00107596969397 0.000261461005652 0.000325014924666 0.000733746720983 0.000631806937825 0.00128614845411 8.18229716051e-05 0.00122041256451 0.000482633129224 0.000417247579183 0.000244518378841 0.000583352940938 0.000352088318654 0.00162057776809 0.00101540483668 4.28643001155e-05 0.000832229027528 0.000242668100832 0.000282302152386 0.000321325925835 0.000458628819305 0.000668349427828 0.00107263746824 0.000286330956373 0.000920842511203 0.00105488884331 0.00035203435415 0.000134147518542 0.000210358406909 0.000261803310351 0.000114718285951 0.000326070521208 0.000401266023982 6.16112444934e-05 0.000144741780543 0.000180485887975 5.00545008698e-05 3.6408028561e-05 5.02833907388e-05 0.00115594693098 0.000776402832313 0.000798338371893 0.000405520030213 0.00179981520039 0.0015200541981 1.97305513682e-05 0.000245127757146 5.72477379567e-05 6.37643194114e-05 1.23374683684e-05 0.00043411033128 0.000306061402384 0.000346267518639 0.000636311647957 9.0528338577e-05 0.000846538231337 0.000353378553015 0.000704177542128 0.000419143156148 0.000673839996302 0.000320728374292 0.000922269727473 0.00202071082624 0.0015610003115 0.000888075765569 0.000648119665848 0.000508598849489 0.000370293951056 0.000594898632184 0.000645814051039 0.000490408746355 0.000747095115431 0.000649711464534 5.57589166114e-06 0.000397966314765 0.000744998959762 0.00121009408444 6.31124374788e-05 4.3418155673e-05 0.000715801838911 2.05632905493e-05 0.000163070667879 0.000228834427385 0.000765815065346 0.000417737172802 0.00036623409625 0.000533972794826 0.000159884497275 0.000152234115652 0.000486703279527 0.000279423994003 0.000574227567982 0.00032398651162 0.0011011406218 0.000798362623175 0.00144485370242 0.000557444362284 0.000482547554086 0.000527974342392 0.000591700711493 0.00143193259645 0.000568429833414 2.9768809162e-05 0.0010972316144 5.95092475333e-06 0.00064642820323 0.000282068770324 0.00101556515872 0.00112325869092 0.000570851573828 0.000296809997234 0.000582638706967 0.000855629993837 0.000907523510826 0.00128686296123 0.000491087483586 0.000609499658066 0.000971674668565 0.000460410520001 0.00127974890929 1.52308197216e-05 3.88791994237e-05 0.000297825362474 0.000703611019758 0.000416075526887 0.000455826745086 0.000470526122968 0.00053454939629 0.000533400471955 2.89778443952e-05 0.00124381758279 0.000573926826957 0.000469053527044 0.00134115353713 9.751156397e-05 0.000318717878434 0.001216415008 0.000563644052481 0.00107819677105 0.00146112892508 0.00106127332656 0.000363314789006 0.00145213761707 1.17164805115e-05 1.86545597664e-05 0.00159631196673 0.000507276251906 0.000355513325023 0.000118311567277 0.000670489611589 0.000626413418821 0.000850560448386 0.0011745290199 0.000507728665284 3.57699924319e-05 8.45067268933e-07 6.74559751141e-06 0.000862304817066 0.000164403109323 0.00016405737449 0.000317567068842 4.32167702025e-05 2.78676994324e-06 3.76746819099e-06 1.55871372678e-05 0.00020759592179 0.000298368551627 0.00127468797782 0.00076780344578 0.000742814467209 6.01079536126e-05 0.000421675562251 0.000204834424555 0.000316681384566 0.000439275018318 0.000102288920745 0.000507309420892 0.000292546641728 0.000271330248127 0.000434200023952 0.000239148123689 0.000280130606505 0.000282988207328 0.000601224092685 0.000403369932599 0.000724015297345 0.000518764000862 0.000552192474957 2.91757271162e-05 0.00145416700462 0.000121347180716 0.00128381816072 0.00196661954145 0.000293564996286 0.00226812849188 0.00146602615005 0.00147093847187 5.33016880054e-05 8.5365840638e-06 0.000217743576784 0.000236681641543 0.000602782489702 1.99848043355e-05 0.000207339607442 5.04760135126e-05 0.000489055148276 9.89347716405e-05 2.71760843274e-05 2.69188894e-05 8.48765157626e-05 8.55044993157e-05 0.000222187547721 0.000546574377233 0.0011954633211 0.000790250666892 0.000181892991199 0.000220106663915 8.53861166935e-05 0.000667371029943 0.00094471085753 9.84255114912e-05 1.33146434984e-09 0.000179711971676 0.000528662072106 0.00100391778766 0.000339777145753 0.00041297511309 0.000613946752795 2.58963916435e-05 0.000331547556658 0.000100185189057 0.00085730190725 0.000131938843379 0.000273693034567 0.000152115002231 1.77752403195e-05 3.49285087523e-05 9.53135444913e-05 4.07886272264e-05 0.000640069754371 0.000468546146331 0.000179873982966 0.000239017475129 0.000299948850862 0.00158419512956 0.00054686615339 0.000153763869113 0.000496839398367 0.000469965587424 0.00108028470529 0.000645769155647 0.000194003853809 0.000307988655943 0.000289084243385 0.00112501699952 0.00135998364903 5.54046102534e-05 7.91249566834e-05 2.98643560072e-05 1.03342279793e-05 2.51715059936e-05 0.00144854260051 0.000862964590602 0.00170784888624 5.55070481042e-05 0.000555638683959 0.00157508569302 0.00160713953048 0.0012468880617 0.000783227440374 5.83404493663e-05 0.0018295057779 0.000616104006629 0.000152408872413 0.000213116781467 0.000202505362652 0.000268752530777 0.000587934667825 0.000285551708191 4.23871040014e-05 0.000661153141673 0.00263929944438 1.60963640758e-05 0.000233117546396 0.001150585886 0.000606473375573 0.000538819852035 0.000505190749823 0.00017871047067 0.000183936483689 0.000185461395581 0.000365394042349 0.000632670098182 0.00066703907688 0.00096041545034 0.00105309539807 0.000697577732348 0.00146093533391 0.000379141949731 0.000707323930623 0.000863906471879 2.61710119633e-05 0.000543171879222 0.000126952315369 0.000502401737464 0.00019746681012 0.000104002365196 0.000532063913213 0.00166086938356 0.000199006395188 0.000926901219158 0.00157104647583 0.000126758136272 0.000587686078771 0.000615504250556 0.000197169071202 3.58250163648e-05 0.000505124652981 3.95563563837e-05 2.765455897e-05 0.00101055786274 0.00199666881046 8.28944983924e-06 0.000438689165453 0.00178819552949 2.44788392421e-05 4.16540220594e-05 0.000852705707363 0.00169579538132 0.000266537202629 0.000397538030482 0.000111246391531 0.000614265316841 0.000143460897921 0.000231593256247 0.000109544212492 0.000515466808094 0.00110888058891 0.00137183296836 0.000540048477503 0.000371003625501 0.000528868819655 0.000368113165126 0.000191918854809 0.000388521299907 8.67132150816e-05 0.000704729629204 7.80012045949e-05 0.000716565870332 0.000820428890703 0.000121323824096 0.000445225730497 4.96363932695e-05 4.23616726917e-05 0.000795470466335 0.000268040154995 0.00011881215522 0.000165230005748 0.000251923948403 0.000271667936651 0.000844511146396 0.000164293811233 0.00093070096063 0.000172968458122 8.77972421132e-05 0.000280780547126 0.000213587083411 0.000359488457988 0.000916745564331 0.000463136837972 0.000302532737921 0.000330796426372 0.000280842979065 0.000284060312377 0.000198191087931 0.000996790457745 0.000339472180635 0.000626084851231 0.000365368529354 4.51495972776e-05 0.00132165571465 0.000276530168383 4.88102078976e-06 0.000248883424828 0.000549343555954 0.000826712816523 0.00118915929473 0.000111825527209 0.00104095951219 0.000616192509855 0.000165394231488 0.000633699509052 0.000343904760577 0.000413754985514 0.000325174367395 0.000495270549767 0.000724722419677 0.000571929404802 0.0007504084929 0.000114169460062 0.000621177644631 0.00131520952963 0.000590636672401 0.000787496546635 0.00175457815878 0.000157695716221 0.000220427204626 0.000387740958715 0.00091387393869 4.69503392854e-05 0.000526233422633 3.34119633722e-06 5.63784428154e-05 0.000418196710531 0.000437569599094 3.06641216958e-05 3.10583027045e-05 3.39912932656e-06 1.29930144942e-06 0.000349020997067 0.000287016919184 1.59016805016e-05 0.000425742878112 0.000403516229291 0.000571565669646 1.53597396817e-05 0.000222077358709 0.000415020664841 0.000346750935733 2.11221441145e-05 2.06788222349e-05 0.00153174915035 0.000325446295446 0.000574334950481 0.00092045243462 0.00112981297803 0.0011892931977 0.00152548992566 0.00103839790161 8.30823954227e-05 0.000949546070448 0.0003002002477 0.000453299645115 5.10998954688e-06 0.000743063618683 0.000205329238346 0.000362509016274 0.000472054137206 0.000193936021088 0.00130466852674 0.000357096146809 0.000393310009018 0.000266314120517 0.000927854087265 0.000204855222578 0.000787456917097 0.000472293396537 0.000508175173811 0.000136200205587 0.000149385267346 0.000131219055107 0.000237712109605 3.42179871378e-05 0.000530955298877 0.00104571113636 0.000482639167711 0.00144980771989 0.000459047169474 2.262498532e-05 0.000738534455163 0.000789875325562 0.000822284489802 0.000147106249587 8.53048200403e-05 6.01333829059e-05 4.29150536383e-05 0.00052802880505 1.54562809748e-05 0.0016422947462 0.00068338476671 0.000112873027946 0.000224432941493 0.00160305520706 2.03029005089e-05 3.12749051138e-05 5.02651622032e-05 6.80624305494e-05 0.000591156611903 0.000600405752418 0.000463050834687 0.00066186410288 0.000560296098196 0.000524832768162 0.000164926156937 0.000225394699568 0.000828773559552 0.000873849891959 0.000168438768828 0.000460391688883 0.000562091295482 0.000187654298769 0.000920780700455 0.000907386737482 0.000906656066043 0.000169940569375 0.00133517920748 0.00146963136555 0.000750400748739 0.00048887808308 0.00084676363215 0.000430807020671 0.000470404641719 0.00040669789359 0.000687693151412 3.75751375774e-05 0.000272561951917 0.000870478906725 0.000328860846201 0.000472565099234 0.000758290102607 0.000224653035308 0.000393574879049 0.000130243968311 0.000388044178891 0.000775646151903 0.00134203850831 3.0844586086e-05 0.000589462687051 0.000568181056611 0.00152167512777 0.000392649260639 0.000371948792591 0.00106417322934 0.000109281801792 0.000290432442991 0.000881809439823 0.000593391244298 8.60454307091e-05 0.000506804680871 8.22855288942e-05 0.000727031109841 0.00027231369779 0.00081479424524 0.00132508853938 6.59889929234e-05 0.00164735294149 0.000310823011241 0.000550848501649 0.000770180947179 0.000691882118757 0.00111903208982 0.000457636641567 0.000887469889933 0.000716345382325 0.000552309846493 0.000694022277694 3.38005074121e-05 0.000602732221759 8.82215889587e-05 0.000337360864285 0.000336337739778 0.000113634197717 0.000465801287516 0.000525196986702 0.000258093823527 0.000653316347494 0.00168817396443 0.000203528957588 0.000386189765306 5.66733261908e-05 0.000991793231412 0.00045793539232 1.29693139186e-05 0.000901580163583 0.000303800274241 0.000447502297245 0.00122088356514 0.000463272365944 0.000858933214714 0.000385798379295 0.00167406567313 0.000526143693626 0.000541932242117 0.000482856957172 0.00135400281242 0.000360253604846 0.000220942093165 2.51741951681e-05 0.000718945510984 0.000456127225704 0.000627770311993 0.000716010467512 0.00142689482811 0.000498059948911 0.00068460016844 5.96192417395e-05 0.0003705893351 0.00151061873436 0.000858344253553 0.0011914812342 0.000231485047265 0.000327012823474 3.66432500195e-05 0.000575914392813 3.20221780697e-05 3.54398941364e-05 2.65810380936e-05 0.000462780933906 0.000285267922086 0.000661369133957 0.000479963297472 0.00122644112544 0.000211400794498 0.000748609661579 0.000123875770861 0.000379513304786 0.000616525344656 0.00124086883329 0.000437521658396 0.000135525595567 0.00043200948251 0.00128169119077 0.000102260696068 0.000580675039282 1.61627844837e-05 0.000885504327162 0.000375756486903 0.00128871528884 0.000326715139836 0.000477961428796 0.000299368996474 0.000294903895568 0.000178080727259 0.000710566611013 0.000947147296305 0.000419791469081 0.00023960743017 0.000702556154001 0.00075459063609 0.000706012865336 7.22087334877e-05 0.000598145777743 5.00683797965e-05 3.14034525544e-05 0.000231760063046 3.36202958256e-05 0.000168465809803 0.000228925012767 0.000820440545165 0.000220870541335 5.06390645516e-05 0.000231056674204 0.000379639050141 0.0012961052376 0.000439772742429 0.000354326686448 0.001331179178 0.000700507241361 0.00131512446471 0.000515979789341 4.82494848188e-05 4.54912254738e-05 1.33331663949e-05 3.55954605448e-05 0.000145169164513 0.00100096730691 0.00128843464902 0.000801049693999 0.000765585014587 0.000157760725477 0.000401108960074 0.000654010980644 0.000309986797262 0.000167460581272 0.000226400988569 0.000514444366554 0.00099692744627 0.00151169831667 3.49863948635e-05 0.000457497956077 0.000363438029593 8.24878348062e-06 0.000287831791178 0.000675967077029 0.000683521678588 0.00126859693104 1.11810699718e-05 0.000990059280015 0.00110543943147 4.22954306498e-05 0.000594706610452 2.77765579833e-05 4.08556553772e-05 0.000139684353728 4.28260902833e-05 3.68247672961e-05 0.000671347916081 9.19827679152e-05 0.000233009225995 0.000428736635943 0.000223580710424 0.000167947708254 0.000344443169992 0.000300390462864 0.000464590967086 0.000778398136122 0.00026283148532 0.000162564070993 0.000434651349371 0.000306745364212 0.000293708380174 0.000629619623554 8.70420148403e-05 5.99012275803e-05 7.55026502442e-05 0.00137289464633 0.00103417207221 0.000121962713401 0.000289618586903 0.000375929400514 0.000169523522523 0.000991154867988 0.000696022484296 0.000633521894239 0.000130195694242 7.15852461864e-06 0.000396042841429 0.000279881995913 0.000486546463388 0.00145637807639 0.00122333662982 0.000700234271547 2.51461397874e-05 7.33255720278e-05 0.000427105463746 8.88775912663e-05 0.000281858393593 0.00042478755673 0.000668525856261 3.60777346458e-05 0.000312954299992 7.39798207892e-05 0.000758252995097 0.000168383133492 0.00122926834661 0.00123157665784 7.72338684439e-05 0.000216918251813 0.000150875066826 6.00703560677e-05 0.00068865082576 0.000415925053112 0.000753256367096 0.000488319927167 0.000976440943182 0.00127939124796 0.00100693158793 0.000759971024995 0.000278583704638 0.00108375001067 0.000632189746233 0.000416581958533 0.000633461147165 0.00035017589256 7.0407280876e-05 0.000848190023572 0.000438235628156 0.000430977784658 0.000242463489649 3.2683550351e-05 0.000687758701568 0.000746630070185 0.000167634355199 0.0010344598803 4.87946583945e-05 0.000631221032246 0.000581117048799 0.000304939695805 6.0647282095e-05 0.000568345494386 0.000633178131976 0.000737895353425 1.06949031773e-05 8.50305670148e-05 0.000136254418498 0.000293846690405 0.000116090996148 0.00052525480786 0.000181898085461 0.000131642503988 0.00147110952466 0.00123592743613 0.00121267336187 0.000383383903952 0.000946790168877 0.000872903549788 0.00103020155571 0.000603186229744 0.00113751981022 0.000669619696012 0.000116416473999 0.0010784961794 0.000744336492311 1.93742884197e-05 0.000386832785752 0.000166315067527 0.000479637261907 0.000857313884053 0.000325684661768 0.000224984037936 0.000360084468055 0.000766117508504 0.00023889942245 0.000332308824081 2.90131483271e-05 0.000440931638875 0.000171115548139 0.000272663692424 0.000251364447703 0.000469667035241 0.000312349094062 0.000361560002277 0.000143093275743 0.000558037535102 0.00120855216405 0.000610259499362 0.000722597566652 0.000527230362862 0.000142573394481 0.00105745428839 0.000289468592807 4.69183030763e-05 0.000118028740194 0.000193182698201 0.000444976779399 0.00037033760089 0.000214040123863 0.00132228540854 0.00107778077652 0.000153389543339 0.000413664892309 0.000287239102043 0.000268371495659 0.000382829794241 0.00032204514516 8.48665149563e-05 1.80577658036e-05 0.000482059067792 0.000868624127562 0.00041558766443 0.000296289095577 0.00156874285765 0.000846748316519 0.000501896489573 0.000828625234359 0.000689842892959 2.4445624475e-05 0.00114090596781 0.00014062935465 0.000180987586774 0.000143944357084 0.000290460354603 6.59045209424e-05 0.000180198396907 0.00029624275663 0.0010234184554 0.000535436402032 0.00132018148663 0.000682879407913 0.000315378369191 0.000191327847922 0.000495156218995 0.000439437587078 0.000274361288814 4.19535390137e-05 0.0001108175591 0.000418863205519 0.000590915195252 2.88453685111e-05 2.95717759096e-06 0.000947091963338 5.87900230887e-05 1.13519361175e-05 3.67201446088e-05 0.000111126502442 0.00078721621262 0.00191127414346 0.00193781869341 0.000790026004764 4.86830638395e-06 0.00134152145907 0.000566239849829 0.000355326742748 0.000318186614875 0.000391996297695 0.000129599602149 0.000197757645463 0.000289915763321 0.000154259186006 0.000528505993457 2.29689233351e-05 0.000235982975309 0.00102223388884 0.000805065536916 0.000415391615806 0.00128156870938 0.00172892685974 0.00036385974257 0.000294750609481 0.00122923947415 0.000578668421071 0.000295832042085 0.000393155438403 0.000698681728821 1.99961143258e-05 0.00103438611877 0.000231779059282 0.00101385121291 0.000487773765979 0.000567750948256 0.000254707289884 0.000229976205826 5.24662198519e-05 0.000441542237636 0.000268197176688 4.47415606363e-05 1.23206898743e-05 7.31276581478e-07 0.00045170722755 0.000664746585055 0.000627850430353 0.00145156049355 0.000359480460814 0.000118809728611 0.000274749349332 0.000364296087192 0.00026790521677 5.00550412691e-05 0.000273463640332 0.000778422795823 0.000316046359232 0.000607625958123 0.000129628979763 0.000487323318239 0.000396404095149 0.000195733203215 0.000350585837677 0.000432158610361 0.000624466505728 0.00107684161829 0.000602808235865 0.000319846694743 0.000128342928506 0.000181945381974 0.00025591033535 0.00139050072666 0.000674382422588 0.000468666608678 0.000701018980576 0.000562022235455 0.0002436788007 0.000161872734333 0.000694736352046 0.000564354073679 0.00053207505243 0.000434190903759 0.000575202240805 0.000278074479246 6.62685404556e-05 0.000381128984457 0.000134851823571 0.000195932616166 0.00110087646427 0.000396160762403 0.00082192034194 0.000170796555898 0.00144263247986 0.000142270128039 3.62594011402e-06 0.000497617359519 0.000675135955824 0.000555140992877 0.00075929729841 0.000422879772072 0.000229480008513 0.000402903213514 0.00111969298424 0.00198657950682 0.000733238365719 0.000512043686685 0.000926053430873 4.25863272548e-06 0.000332325061914 0.000623958595169 0.000280878995082 0.000328091839288 0.000577166429917 0.000790939490022 0.00161007612101 0.000319824664065 0.000361845492133 0.00152246405824 0.000427291420284 0.000382603852217 0.000300085479471 0.000357783298564 0.000466579916741 0.000196509614613 0.000175612948748 0.000594427437021 0.000361229391078 0.000546631277898 0.000311354121398 0.000143883944209 0.000264215968425 0.000618276229658 0.000336232127086 0.000790557709799 0.000239679858533 0.00107829508935 2.38355060839e-05 0.000521673282824 1.74328703508e-05 0.000507364351141 0.000127129525344 0.000390894702857 0.000297612592244 0.000444835206761 0.000117384985677 0.000210541588355 2.21821507256e-05 0.000983130844968 0.00104901541905 0.000751226410307 0.000314696870128 0.000313919631935 0.000650056658408 0.000375025641529 0.000408149744358 0.000764929655668 0.00107460382291 0.000171041110736 9.37413588623e-05 8.40300456786e-05 0.000508029821286 1.80019294117e-05 0.000686197973585 0.00019429263568 4.55215642765e-05 0.000627287065175 0.000193797222226 0.000334321021525 0.000332189468064 0.000655338458189 0.000265198764599 0.00107564195312 0.000361783144346 8.83474756912e-06 0.000550309701227 0.000507355869754 0.000204849534789 0.000652936764396 0.000992535409918 0.00160200863587 8.32029302215e-06 3.22079555053e-06 0.000248417128193 4.03252247781e-05 0.000511231230428 0.000448037401451 0.000671679075823 0.000643193629266 0.000101452759159 0.000106577383396 5.05174344892e-05 2.71032049608e-05 0.000198113924392 0.00121621194448 5.49478818498e-05 5.54858095725e-06 0.000159489774968 0.000788993531862 0.000933753602063 0.000195400944237 6.24473661987e-06 4.85786051209e-05 0.000466511244113 0.000102337444844 0.000616035493399 5.30110309143e-05 6.53867962422e-05 0.000381426707137 0.000293473503351 0.0010428365093 5.74436005664e-05 0.000640926376976 0.000556170874475 0.00077690267291 0.000381080045159 0.000954175327188 0.000330713689096 0.00010303531882 0.000224202568486 1.95360634581e-05 0.000340825667531 0.000124234711055 5.26113392058e-06 0.000290562346059 4.78769094542e-05 0.000705499729801 0.000268596579617 0.000297380882056 0.000214771203268 3.80605617655e-05 8.19396877565e-05 0.000384754112103 0.000474759716676 8.69623102041e-06 0.00010588777175 0.000175198221993 0.000909433339229 0.000667495279774 5.01507334533e-06 0.000528037170119 0.000892242938422 0.0010046652762 5.91366909483e-05 0.000374367173422 0.000154157631685 0.000228280491592 0.000875309991231 0.000791200517533 0.000431479925906 0.00044738110334 0.000224526587274 0.00104014266504 0.00128015033252 5.05706601682e-05 0.000225277223854 0.000812792338103 0.000241670461599 0.000387346684867 0.00024689652677 0.000614184926376 0.000794358927522 0.000492687802622 9.36328860166e-05 0.000236137861488 0.00067328841368 0.000396095156879 0.000782060439824 0.000461957627993 5.72212592821e-05 0.000325938059195 0.00136701602201 0.000155576175174 0.000137594511554 3.12772455591e-05 0.000100339353453 0.000130939298627 0.000217047673801 0.000790763954521 0.00105142208262 0.000387804611749 0.000214541713036 0.000744694645895 0.000647365305659 8.7629146177e-05 2.75300351438e-05 0.000108322988228 0.000418039315987 0.000389996275637 0.000341441078681 0.00036967680728 0.000340271357935 0.000183818639091 0.000109184289436 3.00803182006e-05 0.000504688805189 0.00085320904838 4.77013390433e-06 0.000210139894424 4.90737105049e-05 1.92137152439e-05 0.000532694631108 0.000451952962972 0.000294813113603 0.000154391408705 0.000489905730822 0.000362874335243 0.000615424385303 0.000281807529076 0.000294066346985 0.000243444032422 0.000198397698181 0.000406082566005 0.000194885177815 0.000133928842117 0.000745478817955 0.000385398728726 0.000604629059153 4.29340530711e-05 2.40577235901e-05 9.5940227208e-05 0.00062537605266 0.00101688104232 0.000121870710797 1.25079913414e-06 0.000282260492723 0.000504749011684 0.000440404018816 0.000832313204589 0.000373073566296 0.00012914658866 5.72254613902e-05 0.000488096872636 0.000689239411302 0.000729577585511 0.00055394606736 0.000797321895371 0.000125128606941 0.000212571330923 0.00029250556234 0.000260953500292 0.000334854129178 0.000305112648719 0.000234451689526 0.000512166699546 0.000189680671517 0.000238059296691 0.000792490138426 0.000606754678757 0.000182844194985 0.000209638272714 0.00064285523464 3.37926149648e-05 4.05516399248e-05 0.000973092499093 0.000978522570224 0.000361942879538 0.00023898517853 0.000282125220974 8.16025616675e-05 0.000592578988489 0.000211091523455 0.000491179922312 0.000308550783546 2.08443194251e-08 0.000209388172549 0.000191976538972 0.000126333231594 5.26152512036e-05 0.000153728361339 0.000313992015137 0.000630262488811 0.00088577888552 0.000305201803176 0.000168538074686 0.000346423946527 0.000518582229407 0.000675734789023 0.0002467661546 0.000354762299976 0.000205882938951 0.000332257677248 0.000591193094261 0.000511942242776 0.00083357973631 0.000396703139326 0.00013329215481 0.000238784006383 0.000481265994187 0.000479790699085 0.000559956278746 0.00046415361042 0.000391212860432 0.000766179712963 0.000118161449462 0.00039324710176 0.000172415199226 0.000837300911168 0.000748974080588 0.000630322460308 0.00035049213841 0.000880099967872 1.4477455423e-05 9.96347811506e-05 0.000172905772007 0.000268486934528 2.38597083733e-05 1.70938928617e-05 0.000493631836745 0.000337627453244 0.000349262126415 0.000546607501262 0.000258953405588 3.74492328151e-05 0.000254395864454 8.54341438709e-05 0.000331273019729 0.00036841591745 0.000771403687749 0.000266267731675 0.00115470973774 0.000644359796821 5.38773373923e-05 4.82954207606e-05 3.09263472371e-05 0.00024411116374 0.000321143210064 0.000382071007072 0.000129318979317 0.000285593100501 0.000216430062611 0.000254438244981 0.000152456439768 2.43217723061e-05 0.000269012225464 0.000420223580352 0.000584445951012 0.00050390891767 0.000224671436476 0.00073259246209 0.000111782349697 0.000522505041721 0.000185305546116 0.000729416719448 6.10030932804e-05 0.000283349372848 0.000159224707493 0.000151896030637 0.00021849701651 0.000116681421223 6.95414482781e-05 0.000280370179617 4.26158521784e-05 0.000143650956051 0.00027707854123 1.2048736117e-05 0.000498797593864 0.000816148440236 0.000397393975744 0.00047584483434 0.000521325827456 0.000100862703753 0.000453632433318 0.000611471839762 0.00114283247866 0.000331986981153 0.000338751919314 0.00046649617853 0.000925609626794 0.000106926246143 9.59202875348e-05 0.000262923548251 0.000180789654828 0.000496177222957 0.00123191474671 0.000293157664495 0.000141375241786 0.000159827354014 4.57052981479e-05 0.000642737635767 0.000207277628793 0.000142231140891 0.000685979512991 0.000965341807044 0.000788489276027 0.00069491681829 0.000635977925896 6.51914138225e-05 0.000426820945303 2.65322504448e-05 0.000595508225614 0.000657077718708 0.000900986075768 0.00137103445446 0.000810180502929 0.000454163378173 0.00132507786216 0.00060791644786 0.000827762443459 0.000476149003497 0.000129774409538 8.88285305145e-05 6.3560516771e-05 7.68520074857e-05 8.08068393917e-05 1.076332815e-05 0.000655415054917 7.30363942352e-05 0.000333455688913 6.70684626083e-05 0.00025264696627 0.000569623275272 5.86032513185e-05 0.000102711700462 5.83061269358e-05 7.46091347152e-05 0.000215296998014 0.000422761798034 0.000103301726147 0.000119872559565 0.000424828533838 0.00038386171818 0.000101729028538 0.000491470576525 0.000661877995008 8.91005976287e-05 0.000253061130903 0.000355150919062 0.000333000405324 0.000628853569624 0.000777482997587 0.000173361214972 9.44500747398e-05 0.000872422120545 0.000916701302743 0.000114504940405 0.000432051317803 0.000850595646806 0.000823989852403 0.00070867404305 3.75320019088e-05 0.000734342211248 0.000821701444748 0.000441292211109 0.000228286637356 0.000282661575848 0.000756727862111 0.000317446135054 0.000352310546497 0.00118102211881 0.00016153191185 0.000554902017317 0.000893306605276 2.25679091371e-05 0.000663856315772 0.000293492545871 0.000885739135808 5.29171151877e-05 0.000388273601165 0.000142325671916 0.000185688998725 0.000119151893336 0.00020494342534 2.89288934653e-05 1.7424068955e-05 0.000553442305639 0.000414714433816 1.13405143991e-05 0.000196435813545 2.88411883077e-05 0.000411006781132 0.000278841328006 1.54606588351e-05 0.00028674542629 0.000246531125815 0.000110369814416 0.000514532709755 0.000162866401823 0.000606333497717 0.000357972437224 0.000750540491078 0.000737819798019 7.84416350847e-05 0.000500098960739 7.55291203756e-05 0.000199319962269 2.86200571086e-05 0.000588886144364 0.000366902083621 0.000252630402294 0.000295331375367 0.000128814660876 0.000262342864681 0.000405232143059 0.000312820529098 0.000464001696854 0.000193259388862 0.00034693563924 2.55876768827e-05 0.000932728534014 0.000398012135276 0.000833188579702 0.00030047385142 0.000129870752989 0.000251049181794 0.000260663187793 0.000504336658012 0.000468413402765 0.000318267149773 0.000748127850125 0.000850834143427 0.000461306149874 0.000515442227532 0.00128653451135 0.000329111248086 2.9606612217e-05 0.00150977969363 0.000449133651147 5.32041367925e-05 0.0010104975125 0.000523804045451 0.000422812093359 1.48367579537e-05 1.99722608181e-05 0.000356663582773 0.000326363051696 0.000778678572692 0.000908221494118 0.000256955774733 0.000441339475107 0.000142087518145 0.00123422321973 0.00084685104104 0.000502258912268 0.000383387511516 0.000535674689472 0.000451502179005 2.2157073482e-05 0.00106550019099 0.000854293508032 0.000708717816794 0.00056759543864 0.000182362693301 0.000938369816761 0.000473045763601 0.000982591171145 6.30683870495e-05 0.000176349007047 0.00014248268089 0.00125692882686 0.000999251259602 0.00116423219839 0.00109661123566 0.00062175651819 0.000348213807988 0.000696988037333 0.000536578948865 0.000266380194852 0.000631011052777 0.000882285820464 0.000863394687774 0.000238802205384 0.000234898269995 0.000922967438706 0.00116602446218 0.000226150435392 0.000159955101755 0.000312622721548 0.000411577243976 0.000347389750552 7.24314467963e-05 0.000776057107713 6.79943352475e-05 0.000323849175258 0.000138297607906 0.000339699068485 0.000334305518321 0.000281488270633 0.000531286604053 0.000136927840028 0.000219315632753 0.00022316194184 9.16971050741e-05 0.000291733066637 0.000289415264463 9.22586066405e-06 0.000461714751771 0.00030363710574 0.000630750134792 0.000671039210705 0.000448584788182 0.000583737774243 0.000685339481333 9.5738316543e-05 0.000185257851435 0.000126403921871 0.000369005038921 0.000935374263241 0.000532156780794 0.000294322429659 0.000384988400283 0.000584568449022 0.000981670693423 0.00067206325856 0.000225131073417 0.000168992412249 0.000155758285327 0.000196288695711 0.000611573390268 0.000986104439429 0.000571023366227 0.000142727372016 0.000214536766511 2.62925822395e-05 2.23577963969e-05 0.00057388940319 3.86618500573e-05 0.000376857541103 2.67573755409e-06 0.000211305591059 0.000313613937999 0.000615172611585 0.000100718278193 0.000546581414905 0.000667835278044 0.000186103109282 0.000105375690508 0.000181880170355 0.000214554134278 0.000220325870735 0.000482295677102 1.22989196391e-05 0.00116455221422 0.000120426000178 0.000842073172035 0.000443183842424 0.000166517820387 2.86735546289e-05 0.000373761558844 3.39439557873e-05 0.000112732280541 0.000154600062873 0.000128879096881 0.000881061368249 6.28853090314e-05 0.0001771224578 0.000432457472164 0.00108352930391 0.000221107652161 0.00100033129203 3.86660638864e-05 0.000936453192092 0.00104029474833 0.000508282554075 0.000188310879091 0.000520670039199 0.000792578151744 0.000378501189419 9.09323152544e-06 2.58247537587e-05 5.05027678274e-05 2.54009354379e-05 1.16006701949e-05 0.000107692807558 7.48319214801e-05 5.39913839291e-05 0.000324445467007 0.000255201882048 0.000500839201209 0.000485094799634 0.000282410505564 0.000616660908848 1.55855764647e-05 8.27855816939e-06 0.000817176028854 0.00120300852537 2.43260132946e-05 0.000517591757111 0.000681806030814 0.000182185841449 0.000736727975856 8.28178219713e-05 0.000776835825635 0.000288422105055 0.000171168084323 2.12206723732e-05 0.000625651354686 0.000177172020506 0.000854663437218 0.00088072312855 0.000340023634948 0.00135458484533 0.00122060774571 0.000176919795537 0.000769080164767 0.000172584380874 0.000439390349082 0.000228203469652 0.000164237341372 0.000607292848873 0.000419803214297 8.8702877247e-05 0.00039390818653 0.000791659212128 0.0014651868461 0.00104478286669 9.46984361017e-06 0.000760295525653 0.000569449194341 0.000613703774049 0.000321915854472 0.000527136499315 0.000533019223209 0.000515825010704 0.000458524473303 0.000183795975051 0.000321689649033 3.0583181985e-05 0.000457415336838 2.16515901017e-05 0.000580449953074 0.000574718134974 0.000152387525671 0.000332696288221 0.000202120512595 0.000334222689298 0.000589916207113 0.00027249862494 5.97337461311e-05 0.000385592931059 0.00054278458361 0.000507708970544 3.12660297556e-05 1.84369485067e-06 1.47258945602e-05 1.62703447845e-05 0.000311203090728 0.000458433771972 0.000410918661971 0.000189481487461 0.000201982967599 0.000351532291727 0.000113976502931 0.000334376031235 0.00018968615446 0.000292058875639 0.000347092785498 0.000836180307012 1.23183190721e-05 1.76361197616e-05 1.17341746675e-05 5.60756222373e-05 1.97060453047e-05 0.000224135659434 0.000441002787726 0.000524189858632 0.000227896070173 0.000581048923381 0.000314578001421 0.000191915339658 0.000336029614789 0.000338774303259 0.000139301373614 0.000642051716065 0.000268438948088 0.000567260159592 0.00015361177726 0.000172068624468 0.000191726534696 0.000502283403373 0.000485249704374 0.000112361201486 0.000417513097311 0.000255608053253 0.000674431257754 0.000110968240924 0.000263744804182 0.000141753448668 0.000210659485306 2.33760146833e-05 6.49536084022e-05 0.000191102248472 0.000337154936486 0.000417833550281 0.000202928399328 0.000147471450576 0.000150654677912 0.000292912288194 4.20654421884e-05 0.00104682057768 0.00092936607803 0.000310925643163 0.000177290305528 9.40121142686e-05 0.000137924306935 0.000234620213053 9.31758430317e-05 0.00054488579075 0.000348154409054 0.000100733975248 0.0002076970007 0.000218920583977 0.000775809196302 0.000238898998099 0.000308765075653 0.000237361255609 0.000637928828566 0.000824113575575 0.000414185966605 6.24650304344e-05 0.00024871200538 0.000703933658753 0.00076277638576 0.000190130155612 0.000429526829526 8.40677003419e-05 0.000402692166359 0.000290539674832 0.000159776754737 1.42352315473e-05 0.000268000554704 0.000261256717606 0.000914025206617 0.000263334100443 0.000419407532543 0.00101289308149 0.000363326634692 0.000205092275723 0.000483143138971 0.000453974808258 0.000212489500373 0.000108025096196 0.00025751266411 0.000425786571232 0.000408847797326 0.00132214654608 0.0013635146253 4.23629519428e-05 4.28813990669e-05 0.000696582875991 0.00150821682359 2.7516315118e-05 0.000610526015438 0.000282847645789 0.000219744349562 9.62594750422e-05 0.000268971180365 0.000172159002476 0.000508826318027 0.000211695213684 0.000528500801062 0.00100476206504 0.000545603807236 7.20431469633e-05 0.000121752366334 0.000444232936003 0.000680678219709 0.00093804200804 0.00129324178982 0.000372977866907 0.000458469219756 0.000706892337297 0.000360843660392 0.000227228077145 0.000271172745166 0.000561081673565 0.000364201161108 0.000692602892321 0.000470775546448 7.64857189393e-05 0.000805614641113 0.000959946178761 0.000118918812741 6.16183013517e-05 0.000117025154337 0.000597061318997 0.000899844991307 0.000454609610013 0.000298945725397 8.78254854485e-06 6.92508404783e-06 0.000491292097574 0.000465910329344 0.000149050200872 0.000399686570944 0.000608600539436 0.000784972017689 0.000593792939039 0.000250181873339 0.000457484391086 0.000205576034329 0.000214773750235 0.000265092178886 0.000285182901089 0.000589120839486 0.000415304248405 0.000449794317558 3.58120631728e-05 0.000694427592646 0.000431483719397 3.73510934037e-05 0.000122456173324 0.000232309787515 0.000133437820061 0.000231444170971 2.94893072101e-05 0.000202599628536 2.77251122287e-05 0.000795785360103 0.000762056250223 0.000261496213299 0.000249327378359 7.56464082577e-05 0.000181181328507 0.000138821564397 0.000201508421077 0.000217278647339 0.000131171138131 0.000249908679285 0.00040083948235 0.000317883231097 0.000446623602058 0.00038356969126 0.000622415012314 1.7445607092e-05 0.000504572661126 4.22705223904e-05 0.000319778408705 0.000427540548255 2.49724490407e-06 0.000364047563942 0.000175888525085 8.12136849863e-05 0.000139705491709 7.28519525736e-05 0.000194287302456 2.73434074721e-05 0.000245930846282 0.000428271778554 0.000407933304433 0.000300230184553 0.000215260757469 0.00035238958576 0.00017275302731 0.000444489411229 5.12823159121e-06 0.000223460310667 0.000250103633706 0.000281513628728 0.000204879698731 0.000114570602435 0.000190625156513 1.31682598305e-05 0.000236940883336 3.91315372442e-05 0.000337080468471 1.2996888947e-05 0.000177687988536 0.000471071598471 0.00107742470453 1.97370826561e-05 0.00104935809551 0.000666427470998 0.000332806399379 0.000462287196883 0.000149843980802 0.000531531998867 3.6094596069e-05 0.000967478974053 0.000340126248542 0.000722446983616 0.000134914232603 0.000194925188564 0.00034146157131 0.000334181534431 1.38827006094e-05 0.000140573006914 5.67870053897e-05 0.000266409166185 0.000428387043027 0.000316418481925 0.000459857162569 4.12481076167e-05 0.000883432155748 0.000280541524245 0.00092271033059 0.00041386302907 0.000499554370986 0.000528415244565 0.000946855317929 0.000159715631058 6.71419614095e-05 0.000148932510933 4.09625289677e-05 3.41011975109e-05 2.34029185104e-05 8.736804357e-06 0.000124532211813 0.000979908220048 0.000349898567021 0.00027554766083 0.000831837316865 2.50988930698e-05 0.000771745583089 0.000497210978271 0.000754845305864 0.000399058097073 7.55916122719e-05 0.000886310558077 0.000527787178388 0.00028350155954 0.000140007030743 0.000173965743393 0.000228802327885 0.000532828209485 0.000315204309821 0.000202194930883 6.69735584907e-06 0.00125060789294 0.000231513761082 8.67897143128e-05 0.000725125650271 0.000374622911904 0.000321569167858 0.000475371993 0.00020016164639 0.000438838124434 0.000293308140712 0.000325430334626 0.00102502753957 0.000851984365292 0.00080102109136 0.000352619505502 0.000258408451173 0.000344968557713 4.21051135704e-05 0.000285871453453 7.40980046649e-05 0.000624604083395 8.53524586102e-05 2.38187894014e-06 2.42407057996e-05 0.000382434497583 0.00030730812651 0.000122346925646 0.000548780543257 0.000527734663292 3.1359019242e-05 0.00107750497432 0.0012143501344 9.04012208772e-05 3.2292896981e-05 0.000618531229381 0.000154302077387 0.000484197099158 0.000493100672346 0.00040151980762 4.07467573534e-05 0.000296349938375 0.000239624772028 0.00030904086827 0.000509468184398 0.00157102742944 0.000366148329913 1.81817718031e-09 0.00108677566678 0.000843240835574 0.000371156665786 0.000374055194784 0.000465951295517 0.000581600727129 0.000334278473102 0.00016002979441 0.000252889854731 5.4786790252e-05 0.00030760704895 0.00021851411997 0.00030231245251 0.000724255774366 0.000201742724731 0.000617159556289 0.000991555142174 0.000120939320523 0.000950898914086 0.00108394693493 0.000249893121126 5.67791680791e-05 0.000421774449883 0.000354770644701 2.88659495288e-05 3.30655411867e-06 1.2958714142e-06 0.000254173380022 0.000610329567306 0.000527512199989 0.000373671996657 5.93504218335e-05 0.00123720870578 0.000378556581428 9.34393508176e-05 0.000259903710087 0.000772443829009 0.000882681653197 0.000805829828212 0.000695541265534 0.000383007293304 0.000489396098108 3.02806678957e-05 2.17267456745e-05 2.69057621818e-05 0.000307949517842 0.000233307623683 3.18406046821e-05 0.0006049454561 0.000737127252057 1.85863492636e-06 0.00040574517106 0.000118881383159 0.00135610843102 1.60855183107e-05 0.000529019201616 0.000565961630613 0.000230240880172 0.000958226248204 6.80415290782e-07 5.00212197562e-05 5.54300477346e-05 0.000330975561686 5.27190056726e-05 0.000357114048881 0.000666105981809 0.000400515768402 7.09303428827e-05 0.000428258260878 7.81485104034e-05 0.000595556876784 0.000398911285138 0.00107539575576 0.00087099129402 0.00102159662831 0.000130792499333 0.000673168347443 0.000492248621927 0.000380240305831 8.61299710674e-05 0.000246251223129 2.76133134485e-05 2.73545039658e-05 4.13709001187e-05 0.000264345176334 1.27535796328e-05 0.00018197604547 0.000896108050119 0.00138617427836 0.000154886211724 0.000432538061363 0.000315300221333 5.73658201459e-05 0.000377879956455 0.000206381048727 0.000323152453206 0.000829305694699 0.00075740735296 0.000386529316067 0.000631501648246 0.000829195611242 0.000507188857626 0.000185865358038 8.88312320482e-05 0.000934463107617 0.000785407231081 0.000107123756664 0.00111227348544 9.16101562506e-05 0.00107242842298 0.000411219748328 0.000244740380948 0.000198038232119 0.000500110815994 3.03652088534e-05 0.000397595286961 0.000568272180378 0.000235719505841 0.000678605800945 0.000135721897693 0.000581460992899 0.000577158865404 0.000721086228922 0.00058452516554 0.00072224915076 0.000210230916049 0.000119474890418 2.47320598584e-05 0.000547848989864 2.99921914662e-05 9.45840668452e-06 0.000374742827582 0.000133066185597 0.000562210508067 0.000193949236967 0.000578671790076 0.000659197440542 0.000561514334032 0.000385911132216 0.000170951087554 0.00019896973124 2.13205168659e-05 0.000102371414554 7.92530774328e-05 0.000272707080221 0.00024160145911 1.53342376403e-05 7.63442277376e-05 3.19248893441e-05 6.22533595531e-06 1.37343110057e-05 0.000378381976678 0.000279626302808 8.97112932856e-05 0.000102518340098 0.000163385770392 2.29388663241e-05 0.000282448852558 0.000615775034706 0.000316177833744 0.000177370969389 0.000147373389704 8.31921270342e-05 0.000147155979618 0.000293673849299 0.000276148008505 0.000287920331586 0.000144955620262 0.000547070342052 0.000270823620207 0.000463509159178 2.95852391861e-05 1.13029275853e-05 0.000350620491958 6.05952038191e-05 0.000235891790959 0.000133248344426 9.14705569987e-05 0.000508468997208 0.000646411274131 0.000433652796575 0.000246806407732 0.000403422504386 0.000269485106641 2.86046774005e-05 0.000597724144694 0.000390387012498 7.05174660878e-05 0.00027387508162 0.000152246571471 8.5757599306e-06 0.000291175522368 7.71726324897e-05 6.88293113439e-05 2.0167449555e-05 0.000565200978915 0.000499589786199 0.00024901441734 0.000316369436483 3.16910169651e-05 9.77005598468e-05 0.000195670100452 0.00025691622262 0.000256621714145 7.18269480452e-05 4.11892078091e-05 5.01232468401e-05 0.000536085685469 0.000210689978663 0.000218415696671 0.00039298942595 0.000162240496243 0.000398370270629 0.000485370534281 0.000365730524054 0.000119071195908 0.000169816685123 0.000274501608846 0.000448246672529 0.000338953435541 0.000282125399759 0.000303915876333 0.000264477628113 0.000221155606701 0.000171185228666 0.000232714343846 0.000646465139432 8.66158751049e-05 0.000315953237637 0.000125376023736 0.000335069971468 0.000377915398376 0.000104824852163 0.000469935554858 0.000299301069792 0.000260284662032 0.000424770858303 0.000791662366408 0.000402511160927 6.77781890947e-05 0.000270978711231 0.000245846462248 0.000505854313099 4.25120776942e-05 8.18265199213e-05 0.000176524721943 0.000154597305669 0.000117236604035 0.000156177970802 0.00015982300559 0.000217273424182 2.23190536365e-05 9.35059245118e-06 5.36072076776e-05 0.000418196174279 1.66230376673e-05 0.000436103972362 0.000418785973712 0.000242442401331 0.000403974150361 8.1044375915e-05 0.000171858227032 0.000298300391728 0.000256977142796 0.000548173256566 0.000389461112495 0.0002819977399 0.000586948168612 0.000625971544597 0.000262117871583 7.87239896711e-05 0.00041230559157 0.000297629822082 0.000219001482591 0.00054273424996 5.01769368473e-05 0.000182408005174 0.000185243643828 0.000128976860994 0.000177009559259 0.000254088671501 0.00019832426861 0.000498050903883 0.000173534600027 0.000250169814865 0.000211868884827 0.000166019796376 9.34404995063e-05 0.000133031324885 0.000232467215194 0.000124688020677 0.000267622851889 0.000207180436387 1.58003520747e-05 0.000156105949891 0.000880438034121 0.000435003692988 0.000304100585343 0.000234003890623 1.90453916664e-05 4.48635645817e-05 8.84932516364e-05 0.000621205737434 0.000241148606495 7.6060375147e-05 0.000524048932179 0.000101923708881 3.50413665899e-06 0.000126286309552 0.000618022105542 0.000496081464393 0.000143314401505 0.000185995677436 0.000132363366448 0.000604119399449 3.188196882e-05 2.98481230412e-05 0.000219541597047 0.000270275327046 0.00031135808485 5.76518894518e-05 7.34380457094e-05 0.000720019570229 0.000660210894123 0.00052558202982 0.00041669779392 0.00026072929166 0.000369865222525 8.39294689533e-05 0.000421970054119 2.45972144783e-05 0.000222219397341 0.000199593533289 2.07964727194e-05 0.000174560416315 0.000196477518285 0.000489559113973 0.000155133444139 0.00052479596153 0.000101657962564 6.44629646153e-05 8.30345536612e-05 0.000113283683144 0.000578820213684 6.9080891335e-05 2.38775333878e-05 1.3716767188e-05 2.20527038053e-05 0.000619451770483 0.000396290412609 1.97209029827e-05 0.000937394276733 0.000631487141072 6.11644763659e-05 0.000521382732087 0.000328011168634 0.000411808652999 0.000197276593842 0.000189309341851 0.000281834992786 0.000193525870618 0.00022621288929 0.000480252765434 0.000567352769739 0.000247725276462 5.00619118614e-05 6.01896958089e-05 0.00100373448486 2.75625192714e-05 0.000754174638364 0.000335335093357 5.59169977785e-05 0.000279726243943 0.000195351802956 9.04757822262e-05 0.000373279895818 0.000550443222256 1.28878136438e-05 4.49715823557e-05 0.000699185235296 0.000238619917515 0.000392879908465 3.62747033945e-05 0.000422861702072 0.000244190682402 0.000335869416249 0.0001857600678 0.000364664249291 0.000194244993372 0.000251781992604 0.000164468160051 0.000120389148774 0.000295180092657 0.000247865381516 0.00063588363563 0.000188066661793 0.000117473524953 0.000296593704167 3.92726801912e-05 8.26100612605e-06 2.12239058692e-05 0.000149830582204 0.000398035271976 0.000192879416838 0.000260306084689 0.000506761569913 0.000222310292168 6.5336894349e-05 0.000452619125519 5.58278479291e-05 0.000271572738984 0.000455092317484 0.000131594508953 4.33624993941e-05 0.000201690622735 0.000336046679547 0.000204036566039 0.000236242727605 0.000660199984596 0.000217321134762 4.18613105248e-05 2.23829191444e-05 2.77609320057e-05 1.47018254389e-05 0.000308591004584 0.000290398467371 0.000119178267657 5.80421188854e-05 3.43050331634e-05 3.37525566384e-05 4.79399121661e-05 0.000132501127833 1.68945788326e-05 8.0710131039e-05 0.000412186585913 0.000266274388879 0.000202072792534 0.000100406356576 0.000462382501237 0.000495019695451 2.30273757998e-05 1.99046225666e-05 8.24676560728e-06 0.000216618345583 0.000109062795663 0.000341473001702 0.000200307036379 0.000212135021151 0.000628414528663 0.000436953283485 0.000121377046133 0.000318982983953 0.000357734983692 0.000159262618285 0.000159279460172 0.000234684195428 0.000368291496974 0.000514232779929 3.07866853022e-05 0.000232689203179 3.08930350893e-05 4.59712750835e-06 0.000412869956635 0.00061950645652 3.10189237862e-05 5.5639038936e-05 0.000242364730572 6.76476956678e-05 9.76684150738e-05 0.000133490639258 0.00069210580138 0.000270907270692 0.000537948813412 0.000318164896006 3.3552572179e-05 0.000311697903783 0.000201607937362 0.000257551598416 0.000489047737413 7.58980215476e-05 7.24188308457e-05 0.000975653678019 0.000283441324772 0.000466991829925 0.000108201422364 0.000222487564569 0.000592722055839 0.000617365403276 0.000379625612328 3.71757717758e-05 3.26459734183e-05 0.000187735673801 0.00023285746974 0.000401175668209 0.000229042718177 0.00049530062688 3.30769838767e-05 0.000215548785377 0.000120647244997 0.000683763033894 0.000223248717419 0.000678633132712 1.6769481374e-05 5.5572754692e-05 8.97411470806e-05 0.000245346508345 0.000154971059079 8.10601579063e-05 1.17095858518e-05 0.000313184241223 0.000451125982815 0.000184982868995 0.000654754233522 2.90574623548e-05 1.54296065652e-05 0.000482802799428 0.000188244108008 0.000112833011715 0.000289275365385 2.78875229141e-05 0.000621912550928 0.000862853818878 0.000167417623732 0.00016282060931 0.000722151767293 0.000268232746006 0.000347072727898 0.000164253533142 8.72253949095e-05 0.000166561090156 0.000150543074533 7.49133366265e-05 6.25301753067e-05 1.59904308994e-05 2.43845749516e-05 0.000373804601312 0.00030035142374 7.39995916711e-05 0.000125540837837 0.000511598367246 0.000185881047803 0.000178074840056 0.000470388965485 0.000279726803547 0.000171732661125 6.1812627168e-05 0.000400542974764 0.000126240608512 0.000277375980551 0.000137035631504 7.29505034197e-05 0.000240070520134 0.000349717392783 0.000419449233651 5.68581058576e-05 0.000148228754705 0.000167262264518 0.000480683626318 0.000422320009869 2.25294559328e-05 1.20739661849e-05 0.000151839059099 0.000127335537049 6.73016716994e-05 4.442834934e-05 0.00016138095855 1.16398900031e-05 0.000408002990454 0.000791493687246 0.00109866249303 2.18862216355e-05 0.000360523111612 0.000504889172781 4.40675212627e-05 0.000117411788627 1.070759005e-05 0.00039783332332 2.94412007196e-05 6.55596324776e-05 0.000492540856801 6.5294489334e-05 0.000199128365024 0.000218897523689 0.000796234611278 0.000248191116153 0.000566824189989 0.000531217200814 0.00020997312281 9.74563084277e-05 0.000270313340511 1.10367748392e-05 4.05604228092e-05 1.98063600166e-05 0.000633681757641 0.000707595396888 0.00112939767613 4.8105419249e-05 1.80551901186e-05 6.98121672307e-06 0.000468245323992 3.47857470862e-05 2.9575339925e-05 0.000228750356502 0.00020427458478 0.000188835652045 0.000626852391843 0.000121428412815 0.000232057741823 0.000390039584709 0.000356939870837 0.000207698741446 0.000314990935939 0.000392015452216 0.000285377280715 3.10744617741e-05 0.000713007909675 0.000202927729456 0.000518331507412 1.68202031847e-05 7.15125111925e-06 0.000174409492841 3.32836369316e-05 7.76055254524e-05 0.000361000196945 0.000256983735376 0.000277800658242 0.000392492232715 0.000283471806083 0.00036871736704 0.000142696214104 0.000201228341111 0.00018733728545 8.62497821587e-05 3.02875413101e-05 0.000101814498998 0.000382639932236 0.00023033099735 0.000105773126827 0.000453608813884 0.000426014731694 0.000147127053136 0.000102361840403 4.62927134045e-05 7.0737587806e-05 3.18755969324e-05 7.71219007041e-05 3.71536469176e-05 0.000455229354729 0.000193281316325 0.00032141516376 0.000254815142575 0.000242229856626 0.000543946001355 0.000835149915081 7.91421468557e-05 0.000455401764511 0.000249374079406 0.000142456530079 6.90362520203e-05 0.00014690367704 4.19037621971e-05 0.000139689013428 8.83827905231e-05 0.000183703508998 0.000235909001785 0.000197461757057 0.000240750329219 0.000248245985007 8.94903556393e-05 0.00037525849104 0.000536506458743 4.61616906032e-05 2.81494222635e-05 7.01723757789e-05 4.21051299903e-05 2.70124808454e-05 0.000163918488445 0.000146004015321 0.000156407264329 6.42458346042e-05 8.20391412952e-05 0.000208345260488 0.000367048565747 0.000298891217333 0.000241423375014 0.00030652677664 0.000153571081768 3.47488125353e-05 0.000110685720814 2.41048763062e-05 1.48576276779e-05 3.71327574461e-06 0.000227463214539 8.69828948657e-05 0.000199664458974 9.808010581e-05 0.000470386650519 0.000134604466426 0.000196202335687 0.000353555234341 0.000343728162729 0.000257933648463 0.000418486882933 0.000208291084991 0.000274298298159 0.000314786706124 0.000159174457235 6.26461917364e-05 7.19607743233e-05 0.000303453839725 8.70074577333e-05 0.000365918386776 0.00032944556932 7.61233853901e-05 0.000228116232032 0.000154346024256 0.000162133587462 1.56861985894e-05 0.000114565300932 5.70480722691e-05 0.000101911581681 9.68890397556e-05 0.0002497790949 3.08876576096e-05 0.000283535263351 0.000167465476666 0.000428345848926 2.74990484447e-05 2.25490165178e-05 8.66294783074e-05 0.000331983555 0.000382738536491 0.000159667694054 0.000520331612976 0.000126068197373 0.00018326569171 0.000328819744514 0.000224904106166 7.29906867316e-05 4.5547816916e-05 0.000130029440878 0.000129966828244 0.000145728425309 9.07066990102e-05 0.000253365621415 0.000520723600175 0.000296307348059 0.000609062861456 7.59265777591e-06 2.39718443648e-05 0.000339521140406 0.000195902204323 0.000380434659403 0.000188882389156 0.000179657471914 0.000147138205015 0.000110532081483 1.89686942957e-05 6.48800373582e-05 7.51218422033e-05 0.000155690236642 0.000320911760566 2.21822907189e-05 6.60674942969e-05 1.77543041765e-05 2.33062155044e-05 3.90693000901e-06 8.74099160897e-08 0.000654608252272 0.00010270208825 0.000227601529472 9.43197741438e-05 0.000239901787789 0.000128800576373 7.23944046093e-05 1.51706442323e-05 0.000124285280177 0.000403503609876 0.000583240911195 0.000348685431406 4.74607125171e-05 0.000400795835048 0.0002722048214 0.000313684627382 0.000265166545546 0.000438691341114 0.000429922254512 7.37003898218e-05 0.000256213681958 8.69494955367e-05 7.35681354589e-05 0.000206655686711 0.000210893184341 0.000264824566679 6.32381670022e-05 0.000238314570152 0.0001467687362 0.000142066017298 0.000122997722644 0.000233454335547 4.46872657359e-05 0.000157173776844 3.80387439809e-05 5.22538617323e-05 3.59734280149e-05 0.000129758070777 0.000186949674957 0.000260813742458 0.000132285286781 0.000181621548482 0.000259622070205 0.000258302215462 0.0003054609969 0.0002225654417 7.22846462754e-05 0.000280292694094 0.000167104398961 0.000156065217425 0.000415643933022 7.88694701772e-05 0.000159145656322 0.000236047773659 0.000245333002458 8.24985155165e-05 0.000167243609781 0.000351628757359 0.000134411695037 0.000180899463358 0.000335930878972 0.000124546493516 0.000291085226842 0.000280121930906 0.000211385587844 0.000321485011155 0.000347947300106 2.70192428122e-05 0.000253152296691 0.000278873809182 0.000502534417212 3.47208602314e-05 0.000406919971419 3.31288274971e-05 7.56796825916e-06 0.000465658052509 0.000138525564891 0.000347870409682 0.000437868319035 0.000276060701739 0.000396320695232 0.000253056287244 0.000156130604346 0.000120228076875 5.05950089252e-05 2.7452727574e-05 0.000205079747564 0.000253373822482 9.22669618948e-05 3.34939378413e-05 5.75478934492e-05 0.000303701264178 4.26153329727e-05 7.81380815839e-06 7.7602219201e-05 9.28444782975e-05 8.85167686193e-05 0.000246796345816 0.000213694809472 0.00011696343065 1.40976757117e-05 0.000160655933561 0.000130683044512 0.000272092714825 0.000126600157494 0.000144842944614 0.000215675965589 7.60674170002e-05 0.000104513248543 8.32778015823e-05 0.000288004465295 0.000320849613426 0.000346345859309 5.74910998136e-05 5.44738883215e-05 0.000158899587749 0.000212352286065 0.000677562892274 0.000393666980166 0.000220872837634 0.000270430083371 0.000151784151105 6.57992729856e-05 0.000254155761419 3.06250879254e-06 0.00015961881437 0.000159466152207 0.000296366054681 0.00016432793257 0.000271483938817 0.000335579735942 0.000298370949359 5.44653233834e-05 3.9437059405e-05 0.000322366041555 0.000215215354954 2.42318140466e-05 0.000184926879894 0.000170964293286 3.3753267045e-05 0.000172637308384 0.000237479783684 9.48189942951e-05 0.000314354593136 0.00022511674784 0.000421303285866 0.000103199224214 0.000390753080756 0.000126979163746 0.000269005902166 0.000214819673844 0.00021096177297 0.000324618801113 0.000357915824519 0.000193701822618 0.000337333039705 0.000356150136109 0.000568166556458 0.000126638917114 0.000117618801915 0.000834350735885 0.000488496602595 0.000295810930551 0.000194457417626 5.52483917057e-05 0.000213573273229 0.000384048507204 0.000528345409085 8.45847767339e-05 0.000140993635439 0.000252723747573 5.64970744637e-05 0.000173642172476 8.50650257051e-05 0.000317106022934 0.000181227354732 0.000350643177716 5.76482686695e-06 0.000424612597476 0.000467374643965 9.6072123713e-05 0.000122985916925 0.00023081587362 0.000227408839059 0.000263626194493 0.00018283044869 0.000140889127095 7.09280650345e-05 8.81985418823e-05 7.32750256433e-05 0.000475856139731 0.000329603979245 7.1294200046e-05 0.000498045835448 9.02102467578e-05 7.58407686781e-05 0.000240538762984 0.000189363130563 0.000281798017653 6.84511145792e-05 0.000290746363129 2.08135931956e-05 8.39115788034e-05 0.000143764441346 2.7083302602e-05 1.52209561779e-05 0.000526235241757 1.01547460982e-06 0.000530187901947 0.000102077569456 2.08264992158e-06 0.000104447065216 0.000163910033159 0.000198278956433 0.000130846862361 3.11992539e-05 0.000141372731558 0.000319183641833 0.000122138659473 0.00013265771869 0.000157582438866 4.95138671109e-05 0.000462396106545 0.000478585297263 5.43779703433e-05 1.53497573902e-05 5.74229174434e-05 0.000295355044243 0.000323198372053 0.000271938422337 0.000324304589103 3.18838528958e-05 0.000183866600981 5.85263963886e-05 0.000203407199392 0.000300608925118 0.000351264151835 8.13372842623e-05 0.000177348901253 0.000475642811016 7.66902372225e-05 0.000170433777133 0.000291943566296 0.000183898790189 0.000329875925549 0.000397048580279 4.78402573338e-05 0.000264101391035 0.000148105567907 0.000159079997182 0.000208807987791 0.00045178342198 0.000236912631858 9.92634168661e-05 0.000119584347117 0.00036424586876 0.000521736121743 0.000157458572725 4.8274706865e-05 0.000471610563744 0.000310529823425 0.000101393181698 0.000205272623465 0.00041954928701 0.000175780967117 0.000243184889028 4.41424855776e-05 7.44174055756e-05 7.83147889613e-05 5.188159414e-05 0.000173638080774 0.000233682562905 0.00025714850153 5.19552746915e-05 0.000201263206317 0.00035729039657 8.04580291787e-05 0.000457385944156 0.000218217853576 9.2218921987e-05 9.06088066565e-05 1.63785340454e-05 4.1200004412e-05 0.000179044012095 0.000218586665456 9.88385951589e-05 0.000171753512831 2.15281143025e-05 6.33444549424e-06 0.000213187312105 0.000341506981925 0.00010891006322 6.60669043663e-05 0.000191806269655 7.135447102e-06 0.000137109776412 0.000424140835498 0.000138241674668 0.000212251666099 0.000434093802544 0.000128070834249 0.000276247896778 0.000109037873052 0.00041920187634 1.79911485094e-05 5.72780093316e-05 2.64408953994e-05 0.000360279527157 4.67248297119e-05 4.67666816988e-05 2.29672598489e-05 0.000253527241395 0.000295847633625 0.000308660819831 0.000197124125528 0.000135417006381 0.000444890759358 4.74698508168e-05 0.000325519042829 0.000267792883758 0.000264682766803 0.000180435426809 0.000350375292097 3.23742231825e-05 0.000180856538216 8.13614667093e-05 0.000354400881799 0.000275726735301 0.000100360369026 0.000694028834572 0.000441992733061 0.000101978957226 0.00034590493495 3.37750311911e-05 0.000187568811239 9.54566985563e-05 8.30149303983e-05 8.85764237726e-05 7.31669057045e-05 0.000231667802949 0.000180270152483 0.000120989732704 6.5856345464e-05 3.5994913854e-05 1.16859121434e-05 6.21765151833e-05 0.000208358154748 0.000110714719627 0.000116258365724 8.84338639929e-05 0.000279629119018 0.000140857350343 0.000267621161176 0.000297594345268 5.70583139711e-05 5.12715290112e-05 0.000268442204348 7.55578779259e-05 0.00020633784223 8.18390911414e-05 1.72232105923e-05 6.54126001443e-05 6.02402802619e-05 2.48862534691e-05 0.000220033706761 0.000274157359207 0.00029887534193 0.000551583400672 0.000162492638298 4.43605835826e-05 0.000135796150115 0.000233251963041 9.85723368661e-05 0.000237907605573 8.54341362593e-05 0.000338678928862 0.000151790556292 1.79286701898e-05 5.16865068863e-05 1.75318726164e-05 0.000200528195088 9.9564477659e-05 7.30582527428e-05 0.000154788504811 5.02594730243e-05 0.000117550144739 0.000199137515368 0.000101225908661 4.1857748933e-05 2.43060844691e-05 0.000141708256634 6.36610591148e-05 7.16055927335e-05 0.000105409219435 0.000214880983395 0.000138063845046 0.00023196347711 0.000104742939813 0.000473727202345 0.000235674024161 0.000134253888504 0.00029506746987 0.000304552081301 0.000247425552728 8.86086256085e-05 0.000157301250261 0.000182537107086 5.83975321132e-05 0.000145388225029 1.23718294888e-06 9.03935924604e-05 4.52940275275e-05 8.48008231721e-05 6.10159594067e-05 0.000230782763975 0.000130303935299 0.000222004632669 0.000165211729413 9.1319901572e-05 0.000127988311359 0.000336318871273 0.000251854436838 0.000212399828354 0.000163176911384 0.00014316821624 0.000103325813187 8.5976424296e-06 4.05760295546e-05 2.91824948735e-05 7.89518721182e-05 0.000102510363555 0.000167037670795 0.000161855394556 0.000164089114091 6.41945703355e-05 3.70708434765e-06 0.000185608742111 0.000132428119841 5.24421234365e-05 5.86457453942e-05 8.13275862602e-05 4.77358501721e-05 6.37423462609e-05 9.97973748003e-06 5.0260186251e-05 0.000108586302952 2.31778389498e-05 0.000128278509351 0.000204100331182 0.000180579006148 4.45360903127e-05 3.29626515456e-05 6.14454633216e-05 3.71323199987e-05 5.19471011622e-07 6.68471857899e-05 0.000118036530272 2.26206627865e-06 6.90986400674e-05 0.000100415912077 2.0707061248e-05 0.000149429826492 6.35478134816e-05 1.39197726644e-05 2.60031677385e-05 0.000163012478129 1.3960758538e-05 0.000126417019651 9.1225900314e-05 0.000142062305249 7.40718976442e-05 0.000213719528025 8.97042969348e-05 9.44076788814e-05 4.0470825498e-05 0.000143869074357 0.000105176051486 0.00027832328425 0.000138472837423 1.71297641187e-08 6.38505357018e-05 3.56826216899e-05 0.000134729027382 0.000116619333977 8.85025197903e-05 0.000107610881484 0.000166422607825 1.60866954846e-05 2.8914680047e-05 9.38153951044e-05 6.49656140479e-05 2.60807294756e-05 8.70591767356e-05 2.95160450912e-05 2.21052910105e-05 7.05530184022e-05 8.36973447113e-05 5.61607947055e-05 0.000149527623422 0.000178873922148 1.95612510302e-05 8.63153917467e-05 0.000151755393922 0.000183767177897 9.32456893813e-05 7.83048468884e-05 0.000147882026489 8.91630627325e-05 0.000220501438222 4.88817087205e-05 0.00023797894284 9.75428472673e-05 0.000188625827552 8.21499575307e-05 9.5636528274e-05 4.8950755649e-05 6.22818249697e-05 6.51489023764e-05 2.46228039617e-06 3.79848003648e-05 1.59113127258e-05 0.000179794593358 8.93943227054e-05 9.00531541012e-05 0.000261743604908 7.00286826885e-05 0.000219861928645 4.48804874837e-05 6.73507062948e-05 0.000142174138294 5.72200027206e-05 0.000102051533683 0.000175431091839 0.000219606961808 0.000337916461675 8.13396429545e-05 4.30894299746e-05 0.000165029482931 8.90623414588e-05 6.49540896361e-05 4.07185535932e-05 0.000340772993416 5.90744524079e-05 0.000441945665391 0.000311115603531 0.0002010196104 0.000474423945499 0.000100411570301 6.94557845725e-05 8.7558199471e-05 0.000139124344844 0.000154072948635 5.64414071148e-05 5.72148696856e-05 2.74971767964e-05 0.00013196153151 5.74199050855e-05 2.41742380455e-05 0.000160322014278 8.31512333292e-05 0.000139247410681 0.000239447133176 0.000136097770975 3.64715644866e-05 7.97782900289e-05 0.000149574309974 5.67458693651e-05 9.29682651462e-05 0.000159840735294 0.000328770184458 0.000126014159527 0.000113862953293 9.67874109794e-05 8.96235422485e-05 7.07717979488e-05 8.80265841155e-05 7.42930991697e-05 4.57014055606e-05 8.6234448695e-05 1.87298605081e-05 2.08029830612e-05 0.000160027691423 0.000309447272936 0.000162657010294 5.1176506731e-05 0.000103411716766 5.68014643692e-05 0.000143627696978 0.000172025456132 0.000102178155316 3.62697302744e-05 5.39791659865e-05 7.44488251028e-05 1.7865907977e-05 1.71045704253e-05 2.01032227764e-05 1.94814622705e-05 2.00632393419e-05 0.000195885618642 6.23382865254e-05 0.000136904671483 2.63288340877e-05 0.000145184769976 0.000249715685003 0.000259501049732 0.0001207314733 0.000232169449991 9.9550097694e-05 8.84586697583e-05 0.000155007904528 6.5481804756e-05 8.22098010632e-05 6.73126473125e-06 5.79646960151e-05 5.5964493046e-05 0.000142116371443 0.000151904265944 5.18013550365e-05 0.000105119099992 0.00013836579648 4.34307950691e-05 5.24042893788e-05 0.0001599894591 1.58497692291e-05 3.74323402052e-05 0.000154509897221 0.000171660799429 9.72621619354e-05 7.68668194528e-05 0.000125301296511 0.000150141335256 0.000102079225598 9.74042931033e-05 0.000106081049448 3.45575568688e-05 9.33531442681e-05 2.27598600472e-05 6.45590862759e-05 0.000232787530137 0.000348074394929 0.00018313610655 0.000275888188071 0.00049151319563 0.000224918446982 9.97119666998e-05 0.000145865979903 7.69789544758e-05 4.37842851576e-05 4.04376157245e-06 3.75824371724e-05 1.4635592127e-05 7.54249282788e-05 6.92732795628e-06 6.0755027104e-06 7.50757582122e-05 0.0001144880684 9.71105240885e-05 0.000114139719453 2.86215709861e-05 0.000175222367445 0.000339683246026 7.38219055309e-05 5.25654715727e-05 0.000111817639613 0.000180007815757 0.000114794656123 0.000196214718385 0.000101340944742 6.24699844049e-05 6.27186315439e-05 2.39419505876e-05 4.79207640809e-05 0.000184929486666 0.000143913815399 0.000183931126557 0.00020445047005 9.12198979157e-05 0.000121135027287 5.45626164464e-05 8.23947612175e-05 0.000233305162694 0.000131743161003 0.000189443650546 5.39157990389e-05 3.12505633429e-05 0.000182202510056 0.000121704258861 0.00014288669356 9.43423453551e-05 8.39446673819e-05 2.52748151401e-05 1.54725935048e-05 0.00010851912896 0.000153502035703 0.000183804152361 0.000250326643988 4.87953907938e-05 6.72728865938e-05 7.66972904638e-05 2.86169541918e-05 7.61541630719e-05 5.22761206607e-05 9.09971999082e-05 7.75159222652e-05 9.04250647127e-05 5.12839288381e-05 0.000214824454404 0.00017067529211 0.000143153564109 9.44570533322e-05 0.000116783376058 0.000348599767405 0.000230747292741 0.000155994549711 2.00407615442e-05 4.5738207621e-06 0.000159929659463 0.000133669689815 3.60635813143e-05 8.95155997873e-05 8.21779414178e-05 2.21829356591e-05 4.0085244823e-05 2.61450465457e-05 7.83298047609e-05 3.88790747696e-05 0.000121413793823 0.000116117317807 0.000100066010505 0.000170679850967 0.000108782668708 6.65001663403e-05 0.00013514239939 0.000160902134043 9.97864956533e-05 5.64256708907e-05 0.000113026544007 0.000106753555185 0.000116740871253 0.000125682232571 7.53420680676e-05 2.93604579129e-05 2.126340071e-05 7.15603794865e-06 0.000127400353675 0.000137440340283 0.000200473897049 0.000158731943895 5.93856952025e-05 2.77979029513e-05 8.54772973762e-05 4.3327643815e-05 4.46387841781e-05 8.99136747608e-05 0.00021108183867 0.000200316959592 0.000187880348676 7.42397741903e-05 0.00011296899224 9.438987304e-05 6.89490269759e-06 2.69963760628e-05 1.83352128312e-05 2.36606775084e-05 7.47627592626e-05 4.77522166665e-05 0.000506163735237 9.28202144116e-05 0.000287979348643 5.95784374734e-05 0.00010671486293 5.1719100914e-05 7.14531369843e-05 3.813207528e-05 0.000142562544919 4.74504522567e-05 2.57882806714e-05 1.28707083018e-05 0.000123803648294 5.07670050256e-05 0.000127995979741 9.93394950089e-05 0.000135332677948 7.92876422717e-05 1.72008581699e-05 9.58853823489e-05 4.85567247503e-05 4.6389224708e-05 3.80317687511e-05 8.00019027503e-05 3.15190602079e-05 2.81486184609e-05 3.42220907964e-05 1.04579803894e-05 7.69688783421e-05 3.02822394498e-05 3.11293594316e-05 3.00839697584e-05 8.81445469599e-05 2.05127742891e-05 7.12376700905e-05 6.22319949143e-05 4.95554362249e-05 4.79946757382e-05 9.68540371717e-05 9.28034335122e-05 4.53420605011e-05 0.000146628113724 4.37015917965e-05 3.85600910331e-05 0.000137114849421 3.61271574752e-05 0.000278040265437 2.54768145822e-05 3.15208148374e-05 0.000122050693239 8.60682066046e-06 4.75786417215e-05 4.1286445944e-05 8.17261783751e-05 8.8527784271e-05 0.000143852474977 5.10070994575e-05 0.000182583429707 0.000151705286199 4.80826745312e-05 9.02563401843e-05 1.56024381284e-05 1.72573056095e-05 3.07520826648e-05 4.27737957885e-05 5.12879698275e-05 7.15722274923e-05 7.17932285491e-05 7.79334047415e-05 2.00608278803e-06 4.58830766436e-05 6.2529120871e-05 2.26559676194e-05 2.54951709396e-05 7.56417297531e-06 2.34152063178e-05 9.17772254073e-06 8.60181465035e-06 4.87673988534e-05 3.19503815716e-05 1.84572271772e-05 2.7832026316e-05 2.0602047043e-05 9.65685104031e-06 2.76804031425e-05 2.31889816015e-05 7.47385382539e-05 7.85324308985e-05 3.09842328666e-05 3.23688153203e-05 3.67289825457e-05 8.97711042323e-06 5.29777501591e-05 5.56453125626e-06 5.25419224639e-06 2.57780518136e-05 1.92634935525e-05 1.63791710744e-05 0.000101338408248 2.7555103147e-05 1.00022455544e-05 5.81729580321e-05 9.25700425013e-05 5.94550210177e-05 2.66088711678e-05 1.41858665853e-05 4.11806098574e-05 4.28585005204e-05 1.03639240911e-05 3.06478049033e-05 1.99752149411e-05 3.68004361112e-05 4.66323448779e-05 3.5239643328e-05 2.99439904351e-05 2.58001671923e-05 0.000100759413436 1.64213066826e-05 3.16508903203e-05 2.90375533843e-05 5.14669423349e-05 2.76438673952e-05 2.92986165388e-05 1.22117836266e-05 4.4089501555e-05 4.32670434945e-06 3.11130910506e-05 7.29341139433e-05 3.46608181481e-05 1.79410853203e-05 6.65693510234e-05 4.88430381191e-05 4.70844339073e-05 1.34690591131e-05 4.78967427424e-05 2.78741867614e-05 9.48273144241e-06 2.52580430199e-05 1.01115416389e-05 7.14945492539e-06 1.81153011822e-05 1.97661248712e-05 4.26973833903e-06 3.27722793291e-05 0.000106252180025 4.19650740962e-05 2.36944804763e-05 6.20003139543e-06 1.72458501679e-05 7.56843424966e-05 9.58796007488e-06 1.96938382983e-05 3.02722865262e-05 2.91083028947e-05 2.74583043229e-05 8.84866368697e-05 7.61197882574e-05 5.23658863317e-05 4.16791706151e-05 2.7164033985e-05 2.53642066884e-05 2.02700932553e-05 4.94504360081e-05 5.37690558875e-05 5.50654534447e-05 7.51610843186e-05 4.73733628584e-05 2.05440937184e-05 2.19356213531e-05 2.89859752572e-06 1.36581521953e-05 7.10850561959e-05 1.36601261355e-05 6.54384219582e-05 6.74466915009e-05 3.08274844737e-05 0.000101025854719 2.00729018408e-05 5.24914250439e-05 3.54507689171e-05 4.57329045923e-05 1.44660942854e-05 3.34192589969e-05 9.24999091924e-05 9.24370690611e-05 1.60844058476e-05 2.30266563003e-05 3.46428830535e-05 1.7056138494e-05 1.28537263706e-05 1.08668916582e-05 3.65882210305e-05 2.80398769789e-05 2.56329809479e-05 1.78000434368e-05 9.55499677336e-05 3.82156579447e-05 1.53660149162e-05 2.44986349582e-05 4.12237626523e-05 1.69991990171e-05 1.19463517508e-06 6.45566550325e-05 6.68488485707e-06 3.78521366144e-05 3.28871880427e-05 2.21090454592e-05 1.81626066436e-05 3.61277562656e-05 5.80059694543e-05 7.52059470355e-05 3.43000426045e-05 1.87916564538e-05 1.32703097397e-05 6.48859940749e-05 8.54259250484e-05 5.10479049956e-05 0.00010042068957 2.54504062496e-05 7.38270986491e-05 3.1890884289e-05 1.6455848968e-05 1.77256471675e-05 4.53655620971e-05 2.37313447837e-05 1.29009186598e-05 1.08519024077e-05 2.96558893987e-05 2.29875336001e-05 1.97975095813e-05 4.05375567251e-06 1.33488642009e-05 1.77078156043e-05 1.95726870155e-05 1.73898544715e-05 4.50302097296e-05 1.57535416154e-05 1.92791451042e-05 0.000136532195392 3.66902627714e-05 8.84687958076e-06 2.89701551198e-05 1.83111695228e-05 1.1227869502e-05 1.76527351304e-05 3.09815042841e-05 5.01502984645e-05 1.33422232639e-05 1.33646684844e-05 3.84444785973e-05 1.21402278259e-05 4.68979215874e-05 0.000183123041466 6.41093895239e-07 7.38435451328e-05 3.91100106942e-05 7.64687713523e-05 4.03266536332e-05 9.68882512647e-05 9.54553633284e-05 0.000113519558097 2.46612315616e-05 2.41261340399e-05 3.68702644216e-05 1.2362560936e-05 9.84973665285e-05 5.13089850434e-06 1.10059573638e-05 3.26657600661e-05 1.52150238671e-05 3.38842577123e-05 4.41687504701e-05 8.17698039491e-06 6.30976720541e-05 4.05451960923e-05 2.91720164003e-05 6.03939863118e-05 5.02132162314e-05 0.000103371829887 1.53231233297e-05 1.34732186025e-05 1.56411473712e-05 6.55863320529e-05 1.52388868196e-05 4.92276875637e-05 7.42316482878e-06 1.19715081455e-06 1.34123497514e-05 2.44979318649e-05 1.52045875924e-05 2.8622015579e-05 5.1023932792e-05 2.66555136211e-05 2.36326950935e-05 2.11124820263e-05 3.86819330521e-05 3.06468731776e-05 1.96066461218e-05 1.4546348531e-06
</DataArray>
      </CellData>
      <Points><DataArray type="Float64" Name="Points" NumberOfComponents="3" format="ascii">
0.00504659 -0.00374751 0.00464817 0.000813458 -0.00180844 0.00418508 0.00118295 0.00113754 0.00480086 -0.00703399 -0.00153951 0.000799371 -0.00631072 0.00103252 0.00442804 0.00512272 -0.00242829 0.00079916 -0.00147703 -0.00559702 0.00332762 -0.00295505 0.00355842 0.00572831 0.00718622 0.000447947 0.0021837 0.00193119 -0.00552958 0.00127549 0.00354383 -0.00494818 0.000799939 0.0023828 2.86899e-05 0.00503006 0.00261134 0.00260906 0.000799766 -0.00222524 -0.00348881 0.00312616 -0.0028771 -0.00660031 0.00542398 1.7561e-06 0.00328602 0.00224156 -0.00441663 0.000291638 0.000799923 -0.00605358 0.00389591 0.000799936 0.00709097 0.00124306 0.000799341 0.000330841 0.0058241 0.00141715 0.00204645 -0.00303942 0.00473971 0.00690507 0.00204172 0.00217277 -0.00246065 -0.000848459 0.00200797 0.00587605 0.00415935 0.00547582 -0.00712275 -0.00105194 0.00600156 0.00176015 0.00420807 0.0035144 0.00237325 -0.00679722 0.00218188 0.00347724 0.00630553 0.00442418 -0.00301665 -0.00214994 0.00275326 -0.00147719 -0.00240481 0.00190908 -0.00248156 0.0054509 0.00163054 0.00352983 -0.00104928 0.000799641 -0.00353456 -0.00472584 0.000799936 0.00478006 -0.00122664 0.00179766 -0.0017262 0.00126754 0.00439775 -0.00545281 -0.00178001 0.000799631 -0.00590241 0.000553856 0.00217268 0.00297197 0.00478902 0.00438231 -0.00177698 -0.00112546 0.00342679 -0.00482502 0.00217674 0.00445367 0.00156029 0.00140264 0.000799044 0.00381447 0.0034374 0.00423289 -0.00149533 -0.00125275 0.000798983 -0.00266024 -0.00239644 0.00541499 0.0030997 0.00240533 0.00323987 -0.000355622 0.0025805 0.00435319 0.00632767 0.00343539 0.00270539 0.000451066 -0.00590765 0.000799892 -0.000763451 0.00465817 0.00194246 0.000924273 -0.000992111 0.00204319 0.000885953 0.00195754 0.00213815 0.00181052 0.0014639 0.00334603 0.00389762 0.00165641 0.000799079 -0.00378397 0.00612588 0.000799421 0.00348606 -0.0062998 0.00321824 -0.000631374 0.0043558 0.00479103 0.00544167 -0.00284332 0.00231013 -0.00298261 -0.00494019 0.0024119 -0.000854746 0.000212729 0.000799038 -0.0019112 0.00496051 0.00304266 -0.00459161 0.00398206 0.00180941 -0.00200301 -0.00385269 0.000799936 -0.00504441 0.00513752 0.000799717 -0.00634562 -0.00340299 0.00362323 0.00319423 0.00395483 0.00285248 -0.00262971 -0.00238047 0.000799601 0.00554391 -0.00235596 0.00403535 -0.000652579 0.00306109 0.000799403 0.00345837 0.00109233 0.00563061 0.00442492 -0.00242991 0.00530847 0.00418929 -0.00150622 0.00402386 0.0055326 0.00160989 0.00367882 0.00110575 0.00711458 0.000799936 0.00715704 -0.000786738 0.00319997 0.00275514 0.00150342 0.00194688 0.00134872 -0.00554476 0.00421786 -0.00300663 0.00408404 0.00227392 0.00719202 -0.00035461 0.000799624 0.00153092 0.000486687 0.00211073 -0.00314228 0.00647865 0.0026627 0.00104077 0.00600291 0.00310238 0.00352224 -0.00264879 0.000799558 0.00490484 0.00527152 0.000799364 -0.00250657 0.00306006 0.00339643 -0.00360127 -0.00189977 0.00422066 0.00192926 -0.00103106 0.000799255 7.88961e-05 -0.00153686 0.000799582 -0.000676548 -0.000807814 0.00209866 -0.00392852 -0.000836162 0.00280086 0.00440206 -0.00378989 0.00149371 -0.00280423 5.80229e-05 0.0037482 0.000926655 -0.00437988 0.000799374 -0.00672495 0.00257304 0.00454585 0.00697787 -0.00177667 0.00444358 0.00277274 0.000359946 0.000799247 -0.00590671 -0.00411808 0.00182774 0.00422773 0.000234215 0.00145122 -0.00334959 0.000478231 0.00209601 0.00531871 0.00223784 0.00222325 0.00160739 -0.00393198 0.00217605 0.00205213 -0.00690176 0.00374516 -0.000654375 -0.00351741 0.00342497 0.00719997 3.0061e-05 0.00457496 0.00354632 -0.00185194 0.00260078 -0.00205075 -0.00545309 0.000799891 0.00225677 -0.00455984 0.00519035 0.00389162 0.00403399 0.000799315 -5.2466e-05 -0.00581935 0.00503864 0.0030309 -0.00336561 0.002635 -0.000923097 0.000225942 0.00348274 -0.00512271 -0.00505951 0.000799451 0.00311809 -0.00649029 0.000799722 0.0061267 -0.00377958 0.000799936 -0.000891833 0.0019528 0.00257108 0.00447908 -0.00380166 0.00315407 0.000218243 0.0054955 0.00590712 1.50482e-05 -0.00391037 0.00202693 0.00708907 0.00126036 0.00355814 -0.00407436 0.000989279 0.00346651 0.00549576 0.00137464 0.000799919 0.000802816 -0.00255576 0.00235854 -0.00346429 0.00450037 0.000799305 0.00556644 -0.00456797 0.00226626 -0.00166175 0.0017401 0.000799936 -0.000664153 -0.00716935 0.000799641 -0.00436894 0.0027616 0.000799553 -0.00399882 0.00598793 0.00533745 -0.00485992 -0.00340122 0.000799936 0.000936304 0.0028754 0.000799837 0.00502366 0.00290339 0.000799346 0.00474531 0.003556 0.00292465 -0.0030848 0.0056975 0.00405736 -0.00193393 0.00693542 0.00360669 0.00485017 -0.00532238 0.00348106 -0.00718325 0.000491773 0.00320096 0.00415085 0.00124817 0.00268584 -0.00405325 0.00464161 0.00334632 -0.000640786 -0.00469777 0.000799073 0.00239067 0.0067916 0.0017768 -0.00558082 0.00272224 0.0018428 -0.00645276 0.00319536 0.00309743 -0.00676575 0.00246314 0.000799768 0.00191467 0.00318281 0.00212086 -0.00596572 -0.000264585 0.000799675 0.0016009 -0.00702018 0.000799219 -0.000338581 0.000656575 0.00490735 0.00408958 0.00180099 0.00434227 -0.00218248 -0.00686177 0.00400664 0.00589505 0.00413417 0.00133299 0.00514097 -0.00504115 0.000799235 0.000312487 0.00434842 0.000799779 0.000241861 0.00462007 0.00318981 0.000875064 0.00714689 0.00496657 -0.000428609 -0.00195203 0.00318792 -0.00607238 -0.00386971 0.00512871 -0.00581995 -0.0010599 0.00218016 0.000393177 0.00718973 0.00224748 -0.00650744 -0.0030501 0.000799632 0.00647119 -0.00315725 0.00507294 -0.00205371 -0.00690084 0.00154573 0.000734633 3.25752e-05 0.000799722 -0.00375703 -0.00335042 0.00356487 -0.00114052 0.00571456 0.000799585 -0.00233793 0.00681015 0.000799622 0.00253522 0.00198145 0.00467466 -0.00681892 -0.00231137 0.00218422 -0.00429354 -0.00578014 0.00196203 0.00429847 -0.00577685 0.00194298 -0.0031819 -0.00345831 0.00184436 -0.00168361 0.0032247 0.00201121 -0.00560948 0.00135747 0.000799512 -0.00240885 -0.00380403 0.004684 -0.000425502 -0.00572441 0.00212569 -0.00259743 0.00149477 0.00307571 -5.87224e-05 0.000667358 0.00210959 -0.00322887 0.00207244 0.00442629 -0.00180894 0.0042612 0.000799258 -0.00278647 0.00299537 0.000799173 0.00312524 0.000651843 0.00375802 -0.00444143 0.0056677 0.00218332 0.00640146 0.00136129 0.00499892 -0.00413354 -0.000417641 0.00450037 -0.00342377 0.00254214 0.00219371 -0.00186426 0.00279942 0.00483793 0.0024208 -0.00380879 0.00079987 -0.00460099 0.00147244 0.0020351 0.00179836 0.00567223 0.000799136 0.00227465 -0.00228374 0.0017317 -0.00164009 -0.00566361 0.00491752 0.00108644 -0.00537628 0.00262494 0.00378353 0.00284476 0.00186288 0.00296297 0.00500427 0.00166792 0.00267074 0.00567904 0.00308803 -0.000505959 -0.00302611 0.000799783 -0.00165797 0.000623249 0.00211932 -0.00698991 0.00172693 0.00220246 0.00081167 -0.000145368 0.00339523 0.00662629 0.00281465 0.00079992 0.000474387 -0.00718452 0.00192307 -4.61529e-05 -0.00497455 0.00368041 -0.00424895 -0.0058129 0.00516052 -0.00671815 -0.00259194 0.005845 0.000378526 -0.00658219 0.00340171 -2.95248e-05 0.00158656 0.000799936 0.00107642 -0.0027873 0.000799483 0.00664415 0.00277547 0.00570615 0.0020727 0.00689594 0.00393628 0.00637848 -0.00122371 0.00186856 -0.00532834 -0.00280887 0.00254169 0.00273433 -0.000567519 0.00210123 0.000881081 -0.00714666 0.00481134 -0.00443412 -0.00425895 0.00243604 0.00383527 0.00426637 0.00562377 -0.00719375 -0.000321775 0.00182349 -0.00337538 0.00150782 0.000799831 -0.00049294 0.0071805 0.000799936 -0.00715819 0.000776758 0.00576035 0.00559484 -0.000278864 0.000799611 -0.00464445 0.00303904 0.00310083 0.00561657 0.00014542 0.0043171 0.00681165 -0.00233278 0.000799896 0.000227129 0.00133691 0.00353377 0.0068134 -0.00232916 0.00295161 0.00354241 0.00626346 0.000799829 -0.00336407 -0.00636616 0.000799702 -0.00245473 0.00019962 0.000799274 0.00425504 0.00580911 0.00215819 -0.00415705 -0.0022082 0.00163352 0.00198677 0.00408187 0.000799401 -0.00714349 0.000905634 0.000799424 -0.00146397 -0.00450769 0.00215665 -0.00349471 -0.00101563 0.000799229 0.00138122 0.00481673 0.00208457 0.00407926 -0.00033831 0.002937 -0.00719358 -0.0003091 0.00458633 -0.00103018 0.003674 0.00340048 0.000923616 -0.00345233 0.00367781 -0.00110779 -0.00677312 0.00593969 -0.0028689 -0.00517095 0.00399152 0.00557516 0.00455562 0.00980332 -0.00150503 -0.000201175 0.00772415 0.00532979 -0.00484118 0.00740021 -0.00508894 0.00509365 0.00609298 0.00281794 -0.00662597 0.00818782 0.00354775 -0.00492953 0.0043214 -0.002598 0.005283 0.00565327 0.00405462 0.00595045 0.00619383 -0.00552569 0.00360988 0.00433322 -0.000830587 -0.00421799 0.00485158 0.00551982 0.0022749 0.00758479 0.00158585 -0.00172668 0.00724417 0.00588732 0.000713585 0.00726725 0.00148592 -0.00185181 0.00565273 -1.3597e-05 -0.00561165 0.00662603 -0.00178527 -0.00428644 0.00819713 -0.00427318 -0.00426048 0.00477508 -0.00308629 -0.00650576 0.00804922 0.00695162 0.00187577 0.00699268 -0.000557645 -0.000988249 0.00445845 -0.00545489 -0.00124019 0.00901619 -0.0014629 0.00305861 0.00808141 -0.00544285 -0.0047138 0.00378228 0.00223563 -0.00436407 0.00360214 -0.00491107 0.000231976 0.00759313 0.00112214 -0.00278012 0.00835533 0.00575396 -0.00234259 0.00624838 -0.00647524 -0.00200001 0.00437969 0.00421406 -0.00457786 0.00573239 0.00285573 -0.0014978 0.00490658 0.00249619 0.00230039 0.00701996 0.00718206 -0.000516098 0.00733312 0.00284472 0.00661446 0.00701697 0.00262825 0.00526744 0.00595617 -0.00241457 0.00678356 0.00513032 -0.00170566 -0.00699526 0.00740662 -0.00293444 -0.00501056 0.00559384 5.58157e-05 0.00572554 0.00433219 -0.00358557 0.00307609 0.00711682 -0.00543104 0.00308551 0.00716838 0.00464761 0.00333115 0.00675752 -0.00153614 0.00563181 0.00445192 0.00185882 -0.0040824 0.00778995 -0.00368581 -0.00380007 0.0094672 0.00402413 0.00182996 0.0069598 0.0033311 -6.90389e-05 0.00858126 0.00573362 0.0043559 0.00389491 0.00575162 -0.000765442 0.00666218 -0.0025111 -0.00367452 0.00636508 -0.00433479 0.00574958 0.00760096 -0.00679459 -0.00238299 0.00742871 0.00522163 0.00287587 0.00474587 -0.00160137 -0.00250303 0.00422043 -0.0049383 0.000770386 0.00520794 -0.00121047 0.00709804 0.00903915 -0.0024028 0.00428793 0.00441609 0.00228248 -0.000730257 0.00362616 -0.00453973 0.00359856 0.00594354 0.00287648 -0.00239097 0.00623268 -0.00608201 -0.000891838 0.0075838 0.000450605 -0.00303264 0.00514761 -0.00428009 -0.00578991 0.00356148 0.000946687 -0.000160847 0.00654647 0.00150589 0.00525744 0.00481693 -0.0070572 0.00142262 0.00900322 0.00559387 0.000602781 0.00219793 0.00351153 -0.002953 0.00410383 0.00482634 0.000415467 0.0061081 0.000857986 0.00377347 0.00476164 0.00410132 -9.90744e-05 0.0047786 0.00121336 0.00149111 0.00753769 0.0020697 -0.00228534 0.00331802 2.69046e-05 0.00189034 0.0086309 0.00100185 -0.00121094 0.00864138 -0.00107503 -0.00345184 0.00703211 -0.00400438 0.00209579 0.00582456 -2.24357e-07 -0.00134658 0.00595953 -0.00515442 -0.00153465 0.00355517 0.000845966 -0.000416335 0.00497103 0.00132175 -0.00600185 0.0058368 -0.00544983 -0.00199717 0.00661589 0.000387183 0.00129309 0.0061825 -0.00551177 0.00463324 0.00756501 0.00151575 0.00565783 0.00703711 -0.00541251 0.00168924 0.00818172 -0.00350234 -0.00220185 0.00881212 0.000964588 0.00282034 0.00348211 -0.00408825 -8.89975e-05 0.00625952 -0.00720085 -1.50154e-05 0.00831707 -0.00361895 -0.00254733 0.00668684 0.00325491 -0.00384486 0.00678122 -0.00711121 -0.00111695 0.00320818 0.000714419 -0.0045393 0.00561356 0.0035934 0.00302718 0.00792905 -0.00447665 -0.00147464 0.00777212 -0.00481352 -0.00329455 0.00593011 0.00383531 -0.00609401 0.00607319 0.00248923 -0.00675696 0.00662768 -0.00504077 -0.00288831 0.00439971 0.00551815 -0.000993198 0.00319764 0.00487169 0.00530196 0.00498098 -0.0056312 -0.000763601 0.00494336 0.000186311 -0.00518574 0.00816596 -0.00290879 0.00217978 0.0082563 0.00616195 -0.00372563 0.00348847 -0.0041032 0.00416882 0.0081637 0.00547419 -0.00121211 0.00515131 -0.00309983 -0.00649933 0.00274759 -0.00108726 0.00176756 0.00578165 0.00257516 -0.000825859 0.00636804 0.00270397 0.00385336 0.0066995 -0.00406339 0.00156482 0.00733192 -0.000677161 -0.00716888 0.00445085 -0.00427673 -0.001546 0.00562663 -0.00257596 0.00159345 0.0063412 -0.00165441 0.00700746 0.00652006 -0.00231306 -0.000915825 0.00491885 0.00589255 0.00350152 0.00854161 -0.00118543 0.00479649 0.00622502 0.00115204 -0.00710752 0.00867754 0.00619962 0.00366141 0.00696203 -0.00536407 5.07706e-05 0.00359227 -0.000173439 -0.00671586 0.00777204 0.00243628 0.00350081 0.00516291 -0.00049671 0.00718326 0.00761007 -0.00393512 0.00350641 0.00446574 0.00125026 0.00431226 0.00621504 0.00524004 0.00493908 0.00828717 0.00128114 0.00249997 0.0056327 -0.000160332 0.00719896 0.00374843 0.00266834 -0.00609218 0.00497908 -0.000643717 0.00592722 0.00290798 0.00430655 0.00497394 0.00352097 0.0070459 -0.00148198 0.00891526 0.00521411 0.00496558 0.0066882 -0.00142977 0.007057 0.00209315 -0.00223262 -0.00123425 0.00870551 -0.000983387 -0.00258069 0.00569357 -0.0008043 0.00685839 0.00517286 0.00411146 -0.00408622 0.00811065 0.00320199 0.000463011 0.00707838 -0.00339677 0.00542633 0.00885559 0.00233369 0.00677511 0.00550972 -0.00540245 0.00165036 0.00646148 0.00158978 -0.00334158 0.00624289 -0.00659322 0.00289385 0.00942585 -0.00568924 0.00179117 0.00316391 0.00299217 -0.00493134 0.00231188 0.00187118 0.00274064 0.00842547 -0.0031757 0.000665494 0.0051841 -0.00525912 -0.00491839 0.00602221 0.0004189 -0.00401941 0.00709661 -0.00187675 -0.0069519 0.00899666 0.00432189 -0.002658 0.00688831 -0.00682341 0.00229952 0.00611888 0.00532447 0.00193344 0.00603424 -0.00315871 0.00647018 0.00661034 -0.00616395 0.00372108 0.00579608 0.00667079 0.00271022 0.00408937 -0.000939996 -0.00713842 0.00266952 -0.00505343 0.00512965 0.00449447 0.00577307 -0.00430361 0.00596025 -0.000164064 0.0031547 0.00583334 -0.00379831 -0.00611736 0.00666471 0.00404172 -0.00576301 0.00762466 -0.000953005 0.000666911 0.00894872 0.00626456 -0.00354827 0.00728193 -0.00162182 0.003112 0.00649029 -0.000626499 6.9453e-05 0.00636667 -0.00559341 0.00453415 0.00292766 0.00458238 -0.000172041 0.00757869 0.00154642 0.00703286 0.00785264 -0.00596548 -0.00273268 0.00875087 -0.00134667 -0.00481579 0.00624202 0.00392143 0.00603927 0.00805066 0.00684023 0.00224876 0.00884216 0.00595198 -0.000458111 0.00835425 -0.00703348 -0.00154069 0.00876739 -0.00173989 -0.00243285 0.0116601 -0.00399736 0.00423068 0.00975832 -0.0012401 0.00577187 0.00749142 0.00253881 0.00418505 0.00825561 0.00355368 -0.00139475 0.00749937 0.00290462 -0.00506018 0.00850363 0.00493313 0.00524511 0.0117663 -0.000369014 0.00387468 0.0072463 0.00196202 -0.000266486 0.00777759 0.00102399 -0.003683 0.0119127 0.00471265 0.003399 0.0120694 0.000910328 0.00138081 0.0110819 0.00267546 0.00170917 0.0118433 0.00479331 -0.00537303 0.010469 0.00348614 -0.00462258 0.0099283 -0.0063246 -0.00344157 0.0112198 -0.00349817 -0.00120011 0.0101359 0.00454343 -0.00105278 0.0089302 -0.00486324 -0.00317377 0.00752694 -0.005845 4.37287e-05 0.00630775 -0.00301115 -0.00167831 0.0126925 0.00564685 0.000481795 0.0110033 0.00390577 0.00453685 0.00750293 -0.00296638 0.00496967 0.0107322 0.00270909 -0.00272724 0.00778699 0.00189624 0.00376088 0.00965756 -0.003076 -0.00651021 0.0109845 0.000977864 -0.00417656 0.00912229 -0.00254104 -0.000894975 0.0113801 0.000394901 -0.00577366 0.00963874 0.000990684 0.00301857 0.00711895 -0.00410775 0.0010416 0.00884277 -0.00559015 -0.00453832 0.0121234 0.00715572 0.000802134 0.00823789 -0.00243453 -0.00479075 0.00957905 0.00417333 -0.00104428 0.00606711 0.00585877 -0.00418532 0.0103511 0.0042888 -0.00404728 0.0112082 0.00257612 -0.00146713 0.00876315 -0.000911461 -0.00203637 0.00829218 0.00241285 -0.00678394 0.00972732 -0.00308113 -0.00109539 0.00708845 -0.00335478 -0.00352582 0.00792608 -0.000300532 -0.00350824 0.00843072 0.00256965 -0.00358115 0.00913163 -0.00718214 0.000510864 0.0116095 -0.000322918 -0.00719308 0.00929107 -0.00207026 0.00689636 0.0127637 0.00168878 0.00467206 0.0109553 0.00332588 0.00125615 0.00971945 0.0017359 -0.00376786 0.0104833 0.00619669 -0.00366603 0.00887601 -0.00646639 0.00316713 0.0109967 -0.00221786 -3.93142e-05 0.00625308 -0.00303673 0.00652894 0.0110807 -0.00267567 0.00668468 0.00953019 -0.00581315 0.00424892 0.009088 0.00160007 0.000382256 0.0121746 -0.00237189 0.00679858 0.00796375 0.00318062 0.00282819 0.00946128 -0.0025516 -0.005266 0.00719203 -0.00228116 -0.0024014 0.00755125 0.000391718 -0.00460045 0.0107261 0.000695934 -0.00241716 0.0109915 0.00577546 0.00101211 0.00901788 -0.00391139 -0.004375 0.0066899 -0.00515341 0.00316922 0.0100662 -0.0036778 -0.00619011 0.00953719 0.00207064 0.00230879 0.0104893 -0.000306527 0.00587095 0.0095238 0.00641054 -0.000368309 0.0098839 -0.0048483 -0.00532369 0.00757336 0.000566703 -0.00619493 0.0114981 -0.00203854 -0.00185088 0.0102007 -0.0047282 -0.00262176 0.00975804 0.0052371 -0.00494094 0.00899408 0.00235604 -0.00516622 0.00672475 -0.00364589 -0.000484363 0.00871353 -0.0011483 -0.00552833 0.00897805 0.000488528 0.00337564 0.00900353 6.79887e-07 -0.00014946 0.0113743 0.000133184 0.00451358 0.0102473 -0.00665457 0.00104784 0.00725404 -0.00718938 -0.000393311 0.00987138 -0.00179776 -0.00697233 0.0118282 0.00554762 -0.00227044 0.00931293 -0.00206131 -0.00362407 0.0106355 0.000160821 -0.00244082 0.00711563 -0.00226945 0.00187733 0.0111603 -0.000564397 -0.00338931 0.0111482 -0.000474991 0.00185818 0.011724 0.004119 -0.00253931 0.00851817 -0.00242272 0.00314573 0.010198 -0.00159184 0.0020792 0.00934296 -0.00167645 0.00263839 0.0124364 0.0012741 -0.00610445 0.00743745 0.00411058 0.00407574 0.00902124 0.000651604 0.00690537 0.0065318 -0.00267732 0.00399769 0.00886856 0.00237908 0.00577215 0.00837887 0.00550236 0.0019157 0.010309 0.00400445 -0.00598371 0.00920886 0.00456786 -0.003458 0.00974779 -0.00297001 0.000425812 0.00758528 -0.0018476 -0.00550692 0.0124676 0.000929408 0.00714 0.0117993 0.00053883 0.00029341 0.00835491 -0.000127499 0.00226537 0.0101786 0.00718703 0.000437165 0.0114331 -0.0058255 -0.000617129 0.0119115 0.00261729 0.00133213 0.00828752 0.00380462 0.0061127 0.0109004 0.00711187 -0.00112779 0.0111045 0.0051362 -0.00117983 0.0104106 0.00376565 -0.00170828 0.0110507 -0.000426307 0.00227658 0.00714661 -0.00177486 -0.000297675 0.00992497 -0.000777735 0.0046806 0.00856548 0.00196538 0.00103233 0.00620281 -0.000606435 0.00583793 0.0110941 -0.00425588 0.00404089 0.0121441 -0.00581925 -0.00424067 0.0082385 -0.00164485 -0.00615524 0.010364 0.00175735 -0.00513485 0.0113652 0.00140062 0.00144712 0.00931995 5.35283e-05 -0.00489922 0.0122824 -8.74298e-05 -0.000910847 0.00750928 0.000381444 -0.0071902 0.00634884 0.00643625 0.00322761 0.0100408 -0.00678474 -0.00241079 0.0100864 -0.00576833 0.000326511 0.00894028 -0.00193575 0.00526646 0.00950111 0.00706789 -0.0013752 0.00598892 -0.00108572 0.00102547 0.0105023 -0.00336252 0.00186777 0.00999197 0.000111356 -0.000444003 0.012942 0.00689179 -0.00208541 0.00744153 -0.00528212 0.00160202 0.00977347 0.00227577 0.000618335 0.0107442 0.00718232 0.000505868 0.00610238 -0.00144357 -0.00138214 0.00664741 0.00372048 0.00267062 0.00563341 0.00688975 0.0020929 0.0110853 9.34575e-05 -0.00234135 0.00949904 0.00116614 0.00243127 0.0122607 -0.00584387 0.00420583 0.0120415 0.00592865 0.0040865 0.0112909 -0.00264619 0.000572866 0.0120058 0.00675747 -0.00248596 0.010337 -0.0016628 0.00138864 0.00763884 0.00535155 -0.00182838 0.00778814 -0.000829563 -0.00418229 0.00978142 0.00435286 -0.00573539 0.0119703 -0.00432843 0.00270664 0.00877282 -0.000529068 -0.00718078 0.0108768 -0.000967834 0.00351954 0.00964865 -0.00354234 -0.00502564 0.00844879 0.000267848 0.00583941 0.00802169 -0.00495895 -0.00522054 0.00916567 -0.00254055 0.000819925 0.00907445 0.00243281 0.00677665 0.0113873 -0.00416884 -0.00153471 0.0115492 0.00114334 0.00525265 0.00925132 -0.0045699 -2.96043e-05 0.0099376 -0.00218032 0.00431697 0.00738213 -0.00590318 -0.00411375 0.0098309 -0.00109522 0.00054626 0.0123974 -0.00255957 0.00374345 0.0116753 -0.00360061 0.00463586 0.00671859 -0.00612742 -0.00378092 0.00673748 -0.00689099 0.00208672 0.0121277 -0.00201096 -0.00294178 0.0090322 -7.33124e-05 -0.00350857 0.013063 0.00431306 0.00117904 0.00839191 0.00422683 -0.000195753 0.0112917 0.000947963 -0.00713799 0.0102639 0.00120594 0.00614847 0.0105751 -0.0067465 0.00251745 0.00787879 0.00196293 -0.00524987 0.00978299 -0.00699245 0.00171624 0.0105746 0.00321294 -0.000543546 0.0101042 0.000988587 0.0044163 0.00789663 -0.00334679 -0.00606502 0.0124971 -0.00300305 0.00477887 0.0128116 -0.00064832 0.00573163 0.0126892 0.00187321 -8.0452e-05 0.00936335 0.00295595 0.00312871 0.0125246 0.00334317 -0.00598487 0.0107546 -0.00479316 -0.00298963 0.0113186 -0.00264403 0.00181318 0.0148317 0.00717241 -0.000630775 0.012624 -0.00330379 -0.00476948 0.0150751 0.00233796 0.00537651 0.0122362 0.000190667 -0.00719767 0.0154095 -0.00111227 -0.00489164 0.0111872 0.00428284 -0.00125036 0.0124933 0.00402929 -0.00432324 0.012762 0.00213446 -0.00687658 0.0113047 0.000305821 -0.00604339 0.0133716 0.00636995 -0.0033565 0.011622 -0.00353238 0.00627415 0.0125801 0.0036854 0.00455178 0.012488 0.00202011 0.000609532 0.0152251 -0.00380284 0.00155379 0.0114974 0.000341664 0.00476891 0.0118126 -0.00157964 0.007025 0.0106446 -0.00143525 0.00432087 0.012656 0.00122849 -0.00150667 0.0133684 -0.00399429 -0.0044845 0.0120307 0.00404699 -0.00212004 0.0163094 -0.00152226 -0.0038635 0.0123424 0.00115356 0.00710714 0.0145819 -0.00598056 0.000396635 0.0105598 0.00526704 0.0024532 0.0149819 0.00384545 -0.00284824 0.0121703 -0.00134837 -0.000968527 0.0161639 0.00200595 -0.0024639 0.0143872 0.00211598 -0.00308816 0.0129183 -0.00439535 -0.00258326 0.012814 0.00653304 0.00302647 0.0123344 -0.00574988 -0.00433376 0.0142697 0.000555064 -0.000760041 0.0150047 0.00554714 0.00180048 0.0119036 0.00445316 0.00565782 0.00951035 6.55908e-05 -0.00205264 0.0124155 -0.00645351 0.00319398 0.0153038 -0.00382868 0.00305882 0.0109559 -0.00308121 0.00182122 0.0163712 -0.00586175 -0.000453067 0.0135024 -0.00541829 -0.00245515 0.0155914 -0.00253298 0.00156381 0.0132556 0.003133 -0.00193828 0.0133663 0.00481961 -0.00173023 0.0139217 0.00551095 -0.00463489 0.0120551 0.00248747 0.00521472 0.0151506 0.0019446 -0.00224907 0.0100068 -0.00544643 0.0047086 0.0105756 -0.000701819 0.00716607 0.0119805 -0.000905815 -0.00569295 0.0150248 -0.000558051 -0.00147567 0.0106758 0.000937491 0.0057907 0.012889 -0.0033765 -0.00635998 0.0147999 0.004712 0.00256658 0.00908024 -0.00200461 0.00558248 0.011854 -0.00257853 0.00672256 0.0162173 -0.00416348 -0.00504365 0.0105419 0.00120949 -0.00112202 0.0117951 -0.00208786 -0.00689095 0.0133991 -0.00401626 0.000633388 0.0129699 -0.00338161 -0.00272171 0.010615 0.00509272 -0.000594005 0.0150354 0.00608041 -0.00261915 0.0143452 -0.00431444 -0.00129612 0.0154092 0.00425579 -0.000226773 0.0137223 -0.00461568 0.00552619 0.0116713 -0.00186443 0.00453751 0.0155894 -0.00043788 -0.000822846 0.0092205 -0.00304385 0.000391794 0.014217 0.00276835 0.00202201 0.0151632 0.00159979 0.00396559 0.0123872 0.000414687 -0.00256018 0.0142552 -0.000632058 -0.0071723 0.0140381 0.0040133 0.00342223 0.0152007 0.000908631 -0.00102042 0.0102271 0.00703568 0.00152959 0.0125921 -0.00643795 0.0032249 0.0131568 0.00356942 -0.00625353 0.0153794 -0.00528945 0.00239854 0.017074 -0.000116233 0.0028797 0.0146763 -0.00144169 -0.00274067 0.0166678 0.00602792 0.00105528 0.0154619 -0.00271016 -0.00496918 0.0112088 -0.0030807 -0.00317447 0.0121192 0.0057577 0.00432166 0.0128639 -0.004555 -0.000112783 0.0143598 -0.00312305 0.000366153 0.0104932 -0.000552484 0.00345375 0.011642 0.00126127 -0.00708903 0.012628 0.00345564 -9.62601e-05 0.0153723 -0.000405793 0.000285692 0.0142681 -0.00718983 0.000387361 0.0132044 -0.00280138 -0.00156195 0.0158547 0.00279832 -0.00399825 0.0117935 0.00471703 0.00543988 0.0133394 0.000387202 0.0071899 0.00894333 -0.00708337 -0.00129245 0.0111903 -0.000913528 -0.0034357 0.0144221 0.00419168 0.00138641 0.0110581 0.00524529 -0.00493263 0.0136036 -0.00631505 -0.00345885 0.0130556 0.00484412 -0.00532785 0.0151002 -0.00112074 -0.00102621 0.012104 0.000266296 0.00719581 0.0132537 0.000923476 0.00408589 0.0148312 -0.00554876 -0.00152689 0.0105874 -0.00215095 -0.000414197 0.013163 0.00449826 0.00368403 0.0136283 -0.00214163 -0.00537855 0.0159903 -0.00389644 0.00568607 0.0140222 0.000396087 0.00116858 0.012875 -0.00281632 -0.00440802 0.0131097 0.00227489 0.00351547 0.0154728 -0.00294166 -0.00292417 0.0136927 0.00604195 -0.000712191 0.0137529 0.00407344 -0.00314311 0.0138411 -0.00498968 0.0026753 0.0127586 -0.000896456 -0.00478534 0.0135639 -0.00577081 0.000948841 0.0122322 0.000296173 0.000461235 0.0099264 0.00315555 0.000861766 0.0141267 0.0035915 -0.00459013 0.0157662 -0.00153677 0.00607971 0.0151872 0.00505901 -0.00264969 0.0110379 -0.0071735 -0.000619582 0.01666 -0.00266782 0.00668821 0.0142335 0.00201872 0.00691197 0.0132504 -0.00469413 -0.00545994 0.014689 0.00195234 0.00693064 0.00939647 0.00450913 0.00103694 0.0149607 0.00194506 0.00148123 0.0132847 -3.60161e-05 0.00591043 0.0141564 -0.00443287 -0.000998919 0.0130334 0.00641487 0.00327034 0.0142246 0.00234023 -0.00222868 0.0115579 -0.000343034 -0.00719122 0.0124652 0.00605634 0.00389377 0.0157676 0.00151433 -0.00493578 0.012934 0.00508962 0.000390379 0.0125044 -0.00388701 0.00606117 0.0155771 -0.000996307 0.00412013 0.0141809 -0.0044418 8.76472e-05 0.0115278 -0.00449188 0.0046588 0.0150941 -0.000133239 0.00288356 0.0130765 -0.00610023 0.0016436 0.015132 3.37466e-06 0.00720028 0.0104963 -0.00427057 0.00384935 0.0137321 0.0041181 0.00452756 0.0105917 0.00572536 -0.000937028 0.011878 0.00349499 0.000515556 0.0125236 0.0021918 -0.00412387 0.0141347 -0.00143974 0.0045005 0.0108202 0.00459213 0.000282764 0.00980961 0.00203304 -0.00690705 0.0156185 -0.00340541 0.00269853 0.0125416 -0.00428779 -0.0039863 0.0135753 0.00212083 -0.000901209 0.014709 -0.00508916 0.00509393 0.0131368 -0.00129329 -0.00248236 0.0131951 -0.00527706 0.002136 0.0112809 -0.00176411 -0.000431298 0.0147151 0.00430587 0.00293884 0.0105925 0.00719732 0.00020233 0.0143758 -0.00470143 -0.00545339 0.0130892 -0.00538703 0.00124616 0.0137564 0.0008681 0.00326747 0.0109299 -0.00431007 -0.00257875 0.0144449 0.00354269 -0.00161514 0.014878 -0.00432715 0.00575499 0.0101147 0.00287564 0.00359952 0.0109844 0.00295055 0.00366598 0.014031 0.00280107 -0.00585506 0.0123405 0.00319169 -0.00310563 0.0105257 0.00288751 0.00501621 0.00969387 0.00394112 0.00226151 0.0141024 0.00712106 0.00106504 0.00988148 -0.00221884 -0.00547811 0.0141372 -0.00710719 -0.00115383 0.0127836 0.00304335 0.00652478 0.0144162 -0.00655322 -0.0029827 0.0145674 0.00536381 -0.00243764 0.0125939 0.000687197 -0.0057551 0.0148982 -0.00594759 -0.00219431 0.0121475 0.00272521 -0.000638126 0.0116268 -0.00405801 -0.0059479 0.0161868 0.00538811 0.002372 0.0133891 0.000394078 0.00475954 0.0198966 -0.00163961 0.00301775 0.0151448 0.00354188 0.00459477 0.0161819 0.00118748 -0.00492934 0.0161739 0.00545003 -0.00435485 0.0179046 -0.00581246 0.0042496 0.014287 -0.00125041 -0.00182632 0.0180749 -0.00450758 -0.00035574 0.0194967 -0.000497748 0.00589908 0.0180423 0.00382044 0.00431415 0.0177373 -0.00275041 -0.00365953 0.0166241 -0.00110723 0.00711472 0.0167083 0.00368366 -0.00618692 0.0179267 -0.00570907 -0.000975001 0.0161234 -0.00338266 -0.00568017 0.0196913 -0.00206121 -0.00531336 0.0188679 -0.00243572 0.00580078 0.017548 -0.00146986 0.0042021 0.0174876 -0.0023697 -0.00347091 0.0150825 -0.00319036 0.00490501 0.0193668 0.00680775 0.00234536 0.0171926 0.00419141 0.00119605 0.0174675 -0.00513948 -0.00490693 0.0167383 -0.00507084 0.00252306 0.0186541 -0.00718997 0.000380652 0.0179085 -0.00163292 0.00701274 0.0182158 0.00264168 0.00194379 0.0176872 0.00290302 -0.00353951 0.0183538 -0.0018063 0.00543037 0.0137503 -0.00291872 0.00447452 0.0143883 0.00221838 0.00684974 0.015748 -0.00574947 -0.00054816 0.0176642 0.00283077 -0.000356471 0.0173491 -0.000725825 -0.00333387 0.0179697 -0.0022588 0.0068366 0.0196774 0.00275668 0.00338006 0.0169923 0.00408976 0.00200028 0.0125316 -0.0032137 0.00485789 0.0163876 -0.000337046 0.00584672 0.0208146 0.00260685 -0.00525568 0.0168363 -0.00607607 -0.00386367 0.0159681 -0.00323553 -0.00298845 0.0190383 0.005803 0.000281892 0.0196523 -0.00361625 -7.36935e-05 0.0181991 0.00126289 0.00385305 0.0189062 0.00378844 0.00233707 0.0163541 0.00320939 -0.00314885 0.0151875 -0.00436801 0.00182518 0.0154207 0.00170316 -0.00355106 0.0155462 0.00187901 -0.00258971 0.0169305 0.00442508 -0.00568008 0.0166032 0.00641914 -0.00326176 0.0160618 -0.00560017 0.00131462 0.0197128 -0.00607101 -0.000209834 0.0191941 0.00472458 -0.00340156 0.0156335 -0.00551437 0.00463014 0.0179886 -0.00526366 0.00274774 0.0143324 -0.00517508 0.000475239 0.0157121 0.00705799 -0.00142378 0.0147633 0.00584782 -0.000477706 0.018245 -0.0049159 -0.00310169 0.0185716 -0.000351244 -0.0071916 0.0177726 -0.00398357 -0.0016342 0.0180796 -0.00513172 -0.00505045 0.0186619 -0.00432319 0.00393057 0.0187949 0.000797013 -0.00539949 0.0176526 0.00553253 -0.00197893 0.0157048 0.0033834 -0.00465823 0.0204622 0.00170126 -0.00409089 0.0174534 0.00034499 0.00500104 0.0168481 -0.00391105 -0.00268861 0.0160953 -0.000647247 0.00361987 0.0162454 -0.00282445 -0.00421039 0.0199855 0.00581215 -0.00251613 0.0173401 -0.00244932 0.00307731 0.0137666 -0.000238694 0.00719605 0.0153652 0.00150009 0.00307195 0.0137098 0.00540641 0.00475601 0.0196303 0.0064071 -0.00328496 0.018611 -0.00668531 -0.00267297 0.0172849 -0.00273697 -0.00665992 0.0167404 0.00510139 -0.00112682 0.016988 0.0021767 -0.00210877 0.018429 0.00379193 0.00612067 0.0157709 0.00262743 -0.00670366 0.0190115 -0.000195505 0.000546973 0.0186003 -0.00115371 0.00551755 0.0166344 0.00161207 0.000101061 0.0182827 -0.0025838 -0.00134289 0.0188153 0.00148535 0.00042385 0.0167211 0.00102539 0.0057813 0.0154678 0.00241244 0.00395077 0.020067 -0.000307157 -0.00432731 0.0156034 0.00532321 -0.00283107 0.0196995 0.0027696 0.00664661 0.0196601 0.00238629 -0.00679378 0.0172145 0.00711266 0.00111994 0.0201031 0.00697822 0.00177399 0.0141731 -0.00101229 0.00101242 0.0198949 -0.00434841 -0.00062957 0.0168899 0.00359985 -0.00488987 0.0141948 0.000522211 -0.00340826 0.0166157 -0.00490808 0.00328318 0.0157968 0.00208052 -0.0056567 0.0200904 0.000162828 0.00223 0.0161115 -0.00133352 -0.0040099 0.0194423 -0.000957534 0.00157047 0.015179 0.00583584 0.000945426 0.0175155 0.00141397 -0.0010899 0.0172335 0.00490494 0.000320131 0.0163349 0.00311963 -0.000399783 0.0205488 0.000947957 0.00360145 0.0163617 -0.00461853 -0.00388893 0.0153094 -0.00591082 0.000924393 0.0170602 -0.00148197 0.00229248 0.0165615 0.00375675 -0.0061426 0.0199957 -0.00437261 0.00383516 0.017199 0.00696207 -0.00183631 0.0182203 0.00120086 0.00198847 0.0148475 0.0037289 0.00304214 0.0200865 -0.00641401 0.00170362 0.0183638 -0.000968016 0.00161594 0.0135804 0.00345781 0.00631594 0.0128853 -0.00156838 -0.00581284 0.0174302 0.00358116 -0.00170161 0.017781 -0.000197098 0.00209642 0.0190193 -0.0064026 0.00329376 0.0181878 0.00299213 -0.00085958 0.0190073 0.00504867 0.00513357 0.0158478 -0.00112605 0.00711171 0.0140366 -0.00266734 -0.00243464 0.0176491 0.00589585 -0.00413353 0.014827 -0.00681468 0.00232436 0.0165972 0.0042048 0.000348466 0.0196425 0.000841755 -0.00675346 0.0168013 0.00120834 0.000205314 0.0139078 0.00385661 -0.00461681 0.0176543 -0.00196302 -0.00201164 0.0145691 -0.00431854 0.00221578 0.0200326 0.00570317 0.000844298 0.01391 0.00472407 0.00361018 0.016621 0.00171968 0.00196722 0.0163703 -0.00503799 0.00514392 0.0206148 -0.00109469 -0.00711641 0.0163584 0.00536219 0.00212468 0.0165444 0.00714425 0.000899563 0.0165966 -0.000615927 -0.00217968 0.015418 0.00261102 -0.00336758 0.0199172 -0.00719029 -0.000360465 0.0205156 -0.00316401 0.00288929 0.0191551 0.00130216 0.00157084 0.018833 -0.0071421 0.000920165 0.0195582 -0.00395457 0.00194774 0.01388 0.00612719 0.00378215 0.017369 0.00324127 -0.0034164 0.0167945 -0.00328294 -0.00118985 0.0141913 -0.00126663 0.00154922 0.0179617 -0.0056123 -0.00202063 0.013702 -0.00677208 6.04707e-05 0.0147138 0.00555436 -0.00458183 0.0163244 0.0064806 0.00313839 0.01879 -0.00714909 0.000858743 0.0160496 -0.00703959 -0.00147429 0.0143492 -0.00358089 0.00136721 0.0188931 -0.00117439 0.00463808 0.0201844 -0.00249867 0.00071665 0.0173712 0.00296799 0.00096808 0.0164624 -0.0023558 -0.00680405 0.020182 0.00718213 -0.000507384 0.0204003 -0.00174501 0.00549056 0.018957 0.00687282 -0.00214667 0.0130383 -0.00608843 0.00384398 0.0167191 0.00124225 -0.00709233 0.0183124 0.00017853 -0.000975842 0.0182429 -0.00695729 0.00185446 0.013798 -0.00430171 0.000969603 0.0169581 -0.000279311 -0.00565403 0.0164964 0.000491512 0.00143561 0.0174611 -0.00118335 -0.00710232 0.0191356 0.00170802 0.00447602 0.0175005 -0.00265061 0.00336151 0.0163367 0.00473617 -0.00542306 0.018858 0.000606903 -0.00427502 0.0142915 -0.00509907 0.00508374 0.0165117 -0.000608307 -0.00132719 0.0140644 0.00676371 0.00246907 0.0155981 -0.00361409 0.000127313 0.0156876 -0.00355232 0.00312315 0.0149633 0.00427503 0.00579359 0.0201838 0.00617549 -0.00370213 0.0131719 0.00260241 -0.00139347 0.0161529 0.00129068 0.00279991 0.0177028 0.00208701 0.00689098 0.0182339 -0.00258109 -0.00087938 0.0172841 0.000354733 0.00437926 0.0133648 0.00012796 -0.000464234 0.0165176 -7.63864e-05 -0.00197558 0.0169988 0.00245803 -0.000497908 0.0131982 -0.00301453 0.00432978 0.0178843 0.00499692 -0.00180376 0.0185181 -0.00108984 -0.000670148 0.0191691 0.00398597 0.00493042 0.0146679 0.0044212 -0.00313115 0.0178362 0.00420206 -0.00395233 0.0191917 0.000802106 0.00715543 0.0191776 0.00226829 -0.00561794 0.0147006 -0.00211578 0.000671251 0.0158191 -0.00393973 -0.0060274 0.0182328 0.00140094 0.00619692 0.0169662 0.00135439 -0.00707147 0.0199082 0.000447789 0.000757101 0.0155361 -0.00707392 -0.00134236 0.0180835 -0.00518708 -0.0021001 0.0171341 -0.00692252 -0.00198281 0.0158613 -0.00699911 -0.00168792 0.0196436 0.000959203 -0.002143 0.0157003 0.00154214 -0.00470737 0.0189207 0.00439597 0.00570309 0.017192 -0.00667734 0.00269354 0.0196447 -0.00130472 -0.00432381 0.0168542 0.00645224 -0.000433749 0.0158644 -0.000327068 0.00493085 0.0153869 0.00275324 0.00203038 0.0193235 -0.0018998 -0.00694532 0.0149869 0.00185411 0.00479269 0.0137384 0.00329908 -0.00639995 0.0137598 -0.00168089 0.0024173 0.0195235 0.00126332 -0.00708847 0.0142277 -0.00073761 0.000877822 0.0166037 0.00554268 0.00459633 0.0144249 0.000778204 -0.00279839 0.0180722 -0.00341733 0.00633755 0.0186914 0.00501738 -0.00516415 0.0222279 0.00718281 -0.000502955 0.0173645 0.00303505 0.00162556 0.0221345 -0.0050132 0.000688226 0.0183631 -0.00670175 -0.00263218 0.0226789 -0.00557651 0.000429131 0.0210451 0.00139367 0.00598472 0.0201358 -0.000207384 -0.00586802 0.0236161 0.0040139 0.00287277 0.0223457 0.00093681 0.00346294 0.0229875 0.00552721 -0.00181812 0.0227226 0.00277887 0.0034522 0.0185916 -0.00319305 -0.00460431 0.0227756 0.00240438 0.00498621 0.0188475 0.00512176 0.0042369 0.0233623 0.00109543 -0.00292095 0.0201673 0.00341323 -0.00633997 0.0228624 -0.00103441 -0.00576886 0.0200072 -0.00201035 -0.00315953 0.0208754 -0.00717631 0.000587444 0.0219039 -0.002353 0.00559676 0.0206839 0.00305194 0.00652149 0.0212297 -0.00583584 0.00421712 0.0195003 0.00385548 0.00451105 0.0193244 -0.00221286 -0.00391284 0.0181094 -0.00394946 -0.00201056 0.0227351 -0.000673285 0.00564692 0.0239848 -0.00377792 -0.00450936 0.0212348 0.00187669 0.00155053 0.0210336 0.00176763 0.0069797 0.0253272 0.00433437 0.00133654 0.0230212 -0.000412757 0.00137553 0.0243843 -0.000590084 -0.00460887 0.0211219 0.000105398 -0.00617118 0.018959 0.00509301 0.00181081 0.0186371 -0.0039878 0.00599511 0.0172139 -0.00139494 -0.00140291 0.0207326 -0.00315315 -0.00509714 0.017197 -0.00434471 -0.00371568 0.0199339 -0.00299028 -0.000351492 0.0200029 0.00592843 0.00218417 0.0199489 0.00254998 0.00074405 0.0244343 -7.6974e-06 -0.000182883 0.0248024 -0.00180732 0.00493135 0.0220327 -0.00381315 -0.00610764 0.0211713 0.00308579 -0.0051237 0.0189611 -0.0040225 0.000735394 0.0205613 0.00223888 -0.00379258 0.0243817 0.00637803 0.000575395 0.0214155 0.00719471 0.000283905 0.0227596 -0.000156737 0.00437396 0.0183847 -0.00103012 0.000981 0.0220829 -1.3792e-05 -0.00215628 0.0193048 0.00369415 -0.0024352 0.0191984 0.00325468 0.000160416 0.0231218 0.00718586 0.000456479 0.0243497 -0.0071939 0.000303078 0.0250864 0.000231501 -0.00382531 0.01917 -0.00549007 0.00313152 0.0206233 0.00374503 0.00443945 0.0225243 -0.00179149 0.00229859 0.0225767 -0.00422137 -0.00046593 0.0224192 0.0016706 -0.00215065 0.021446 0.000675139 -0.00150445 0.0242138 -0.00213874 0.00687503 0.0241591 -0.00289918 0.0027851 0.0207293 0.00491758 0.00334402 0.01906 -0.0028557 -0.00191234 0.0203258 0.00497225 0.00281265 0.0210665 0.00238921 -0.00223177 0.0229658 0.00444923 -0.00121149 0.0198995 -0.00071473 -0.00448486 0.0242387 0.00115564 -0.00577072 0.0213909 0.00450077 -0.00358092 0.0208483 0.00291317 -0.00499826 0.0235753 -0.000686609 0.00663627 0.0194497 -0.00084057 0.00215736 0.0209991 -0.00661756 0.00169032 0.020889 0.0014296 0.00465691 0.021113 -0.00653589 -0.00302107 0.0188904 -0.0045059 0.00106439 0.0220502 -0.00229009 0.00286848 0.0178157 -0.00509702 -0.00508545 0.0237494 0.00503115 0.00113832 0.0207613 0.0072004 6.28943e-05 0.0189055 0.00354348 -0.00456606 0.0220557 -0.00683835 -0.00225498 0.0211307 -0.00448772 0.00366945 0.0238459 0.00442297 0.00429212 0.0208039 -0.00137737 -0.00706741 0.0214197 -0.00485057 -0.00532131 0.0202156 -0.000606811 -0.00489101 0.0183163 0.000275077 0.007195 0.0175094 0.00535495 -0.00227261 0.0211983 -0.00379582 0.00611845 0.0202314 0.000673138 0.00678989 0.0241758 -0.000461797 -0.00315216 0.0204735 -0.00556907 0.00115816 0.0232416 0.00352459 -0.00270244 0.0246382 -0.000540414 -0.00172097 0.023197 -0.000606636 -0.00331863 0.0231494 0.00402022 0.0027303 0.0178869 0.00377995 0.00348285 0.0238059 -0.0057067 -0.00106747 0.0204947 -0.00469519 0.00545906 0.0190844 0.00449565 0.00174943 0.0245582 0.00308292 0.000670599 0.018549 0.00682067 0.00158674 0.018601 0.00167635 -0.00429478 0.0208263 0.00642109 0.00325647 0.0223754 -0.00377231 -0.00335925 0.0235966 -0.00351866 0.00470845 0.0231104 -0.00175675 0.00432322 0.0235282 -0.000937287 -0.0024651 0.0218376 -0.00228837 -0.0053889 0.0209254 0.000530213 0.00129851 0.0202074 0.00616265 -0.00137919 0.0195282 -0.00564945 -0.00169474 0.0187753 0.00402217 -0.00427235 0.0244718 0.0017667 -0.00150365 0.0198517 0.00580855 0.000848157 0.0234046 0.0038747 0.00606712 0.0186595 -0.00708462 -0.00128545 0.0249318 0.000625574 -0.00338865 0.0216229 0.00661097 -0.00285221 0.0236131 0.00070166 -0.00716614 0.0233998 0.003424 0.00633384 0.0227741 0.000437468 0.0071868 0.0223759 -0.0048291 0.00404514 0.0217583 -0.00380902 0.00238512 0.0176801 0.00208558 0.000560209 0.0197948 -0.00409609 -0.00260648 0.0210594 0.00281793 0.00562679 0.0174413 -0.00667424 -0.00268631 0.0242772 0.00148299 0.00462127 0.0239464 -0.000174533 -0.00719805 0.0203728 0.00420802 -0.00119396 0.0214809 -0.00277201 -0.00110351 0.0217034 0.00605731 -0.00389243 0.0210473 0.00308497 -0.00199794 0.0206115 0.00672396 -0.00257613 0.0204287 0.00218201 -0.00686167 0.0253967 0.00012007 0.0017176 0.0229154 0.000517539 -0.00510866 0.0200817 0.00294929 -0.00311211 0.0217514 -0.00337465 0.00469075 0.0215172 0.000823783 0.00240135 0.0241792 -0.00581225 0.00424964 0.0246217 -0.00617516 -0.00370239 0.0212886 0.00571942 -0.00437429 0.0195595 -0.0018898 7.80086e-05 0.021081 -0.000122518 0.00435662 0.0213558 -0.00297565 0.00332004 0.0222391 0.000527041 -0.00718101 0.0218098 -0.00596517 -0.00403255 0.0229146 0.00446209 0.00565131 0.021766 -0.00295281 -0.00162206 0.0241397 -0.00416607 -0.00587263 0.0227137 -0.000339855 0.00279718 0.0175827 -0.00407579 0.000667401 0.023539 -0.00383144 0.00219217 0.0230909 -0.00218327 0.000513372 0.018926 -0.00654844 0.00299331 0.0218149 -0.00159696 0.0035411 0.0212693 0.000546871 0.00717953 0.0207798 0.000504815 0.000735947 0.0217049 0.000936705 0.00315908 0.0214167 -0.00652992 -0.000875324 0.0218786 -0.00298592 0.00158645 0.0217854 0.00144545 0.00267922 0.0199778 -0.000353893 -0.000188454 0.0207213 -0.00538947 -0.00210364 0.0234261 0.000165899 -0.00077958 0.0221137 0.00333612 -0.00348839 0.0232575 0.00133108 -0.000532443 0.0210458 0.0022175 -0.00684642 0.0237975 0.00561493 -0.000725012 0.0208812 0.00149349 -0.000853615 0.0230033 -0.00271836 -0.00666715 0.0221951 0.00600205 -0.00397702 0.0226519 -0.00228852 -0.00682671 0.0237279 -0.00695823 0.0018522 0.0228585 -0.000281594 0.00331739 0.0200495 0.00306659 0.00205662 0.0236796 -0.00228612 -0.00469558 0.0244523 0.00299202 -0.00590779 0.0213809 0.00711675 -0.00109327 0.0247404 0.000762194 0.00571415 0.022991 -0.00406723 0.00381727 0.0203698 -0.00597407 -0.0040196 0.0177746 -0.00251382 -0.0067472 0.0183219 0.000753725 -0.000297422 0.0195724 -0.00416064 -0.00100751 0.0209155 0.00492089 -0.00525022 0.0206336 -0.00563157 -0.00262795 0.0201498 0.00184559 -0.00407077 0.0224014 0.00211494 0.00499515 0.0225186 0.00154852 0.00625121 0.0217053 -0.00460326 0.0055363 0.0239459 -0.00112705 -0.000299889 0.0176131 -0.00193813 0.00390252 0.0189874 -0.00420884 -0.00372329 0.0172784 0.00199239 -0.00225101 0.0247302 -0.00423122 0.00257137 0.0215893 0.000710854 -0.00381572 0.0239088 0.00399348 0.00037343 0.021719 0.00696685 -0.00181801 0.0164796 -0.000901367 -0.00714364 0.022945 -0.00255002 0.00129166 0.0202746 0.00619785 0.00366483 0.0204917 0.00300495 0.00492306 0.021191 -0.00528635 0.00277702 0.022774 -0.0015751 -0.00243053 0.0195197 -0.00587224 -0.00416717 0.019788 -0.000437157 -0.00592235 0.0220221 0.00459024 -0.003064 0.0223593 -0.000680215 0.00601626 0.0223681 -0.00429076 -0.00193613 0.0196198 -0.0030253 -0.00315828 0.0221121 0.00156298 -0.00555657 0.0229231 0.00685518 0.00220255 0.0212526 0.00518647 0.0026391 0.0234086 0.00559784 0.00452875 0.0218631 0.00205076 -0.00690204 0.0222079 0.00123032 0.000631486 0.0235368 0.00426999 -0.000285869 0.0180651 0.00268971 -0.0010278 0.0219559 0.00567084 0.00443683 0.0248515 -0.00135317 0.00707187 0.0209752 0.00447255 0.0056425 0.0237652 0.00345963 0.00139498 0.0206098 -0.000425962 0.00306547 0.0222497 -0.00364425 -0.00446666 0.0185829 0.000269411 -0.00170674 0.0208139 -0.00564947 -0.000436262 0.0231398 0.000972268 0.0056633 0.0186266 -0.00199519 0.00690885 0.0225523 -0.000669361 0.0032147 0.0256782 0.00149052 -0.00704418 0.0284516 0.00480331 -0.00308705 0.0255201 0.0034722 -0.00630784 0.02463 -0.00137066 0.00472139 0.0250876 -0.00609601 0.000774474 0.026961 0.00347274 0.00278954 0.0252146 -0.00145492 0.000558969 0.0270217 0.00012383 -0.00607724 0.0251729 -0.00347313 -0.00218433 0.0260326 -0.00548672 -0.0012675 0.0250071 -0.000718573 0.00716453 0.0234816 0.00200337 0.000403478 0.0221551 0.00150364 0.00109527 0.0265809 -0.00522561 -0.00353456 0.0242428 0.00699347 0.000689939 0.0273588 -0.0028321 -0.0066199 0.0253475 0.00265924 0.00292554 0.0212702 0.0045379 0.000203817 0.0241324 0.00125143 0.0057891 0.0263723 -0.000279561 0.00450087 0.0229408 -0.00029273 0.000215553 0.0232795 0.00150772 -0.00560852 0.0245212 0.00161408 -0.00044351 0.0249568 -0.00300258 -0.0030751 0.0279311 0.00119339 -0.00282092 0.0259939 0.00147198 -0.00564568 0.026156 -0.00570637 0.00439099 0.0268291 -0.00226285 0.00683537 0.027862 0.00454668 -0.00557253 0.0237009 -0.00320562 0.00312292 0.0282382 0.00219674 -0.00258562 0.0272177 -0.00701391 0.00162702 0.025966 -0.00284015 -3.1901e-05 0.0242759 0.00252262 0.00343966 0.0227786 -0.00218373 -0.00346332 0.0234379 0.00221786 0.00325455 0.0243379 0.0062777 -0.000798423 0.0268819 0.0056361 -0.00448053 0.0241258 -4.40912e-05 0.00402825 0.0244508 -0.00276482 0.000224491 0.022595 -0.00151799 -0.00230643 0.0243201 0.00265427 0.000508658 0.0295048 0.00343873 -0.00632613 0.0262291 0.00108744 0.00348956 0.0254452 -0.00275185 0.00393936 0.025287 0.00566155 0.00444875 0.0274577 0.00472683 -0.00349433 0.0285918 0.00391232 -0.00174274 0.0229541 -0.000790506 -0.0071566 0.0261412 -0.00174644 -0.00558479 0.0228774 -0.00279477 0.000313661 0.0261825 -0.00326374 0.00641821 0.0217106 -0.00330839 -0.00371142 0.02648 -0.00399606 0.00293938 0.0251819 -0.00544628 0.00151486 0.0256666 -0.00661134 0.00162767 0.0244041 -0.00189308 -0.00243179 0.025988 0.000313593 0.00719342 0.0280983 0.00191896 0.00320458 0.0284568 -0.000591576 0.00717592 0.0250762 -0.00219343 -0.000977972 0.025392 -0.00170491 0.000969644 0.0235332 0.00303104 -0.0050901 0.0271587 -0.00353299 0.000473558 0.0281371 0.00587544 -0.000697115 0.0238123 0.00168352 0.00205245 0.0228757 -0.00342428 -0.00577172 0.0241273 0.00707965 -0.00131153 0.022765 -0.00455582 0.00557575 0.0221345 0.00321871 0.0064405 0.0279424 -0.00302599 0.00186382 0.0258614 -0.00200939 -0.00626819 0.0266738 -0.00499972 0.00206488 0.0275267 -0.00650348 0.00309003 0.0237638 -0.00420515 -0.00208248 0.0275733 -0.00555273 0.00458405 0.0230791 0.00491816 -0.0030649 0.0239248 -0.000816957 0.0027997 0.0237778 -0.00718122 0.000363795 0.0234878 -0.00175134 0.000918222 0.0251315 -0.00136236 0.00394946 0.026919 -0.00420591 -0.00584411 0.0256126 -0.00653246 0.00302798 0.025362 0.000929465 0.00193731 0.0282563 -0.00430801 -0.00229285 0.0246622 0.00395137 -0.00430466 0.0261121 0.00410247 -0.000729055 0.026935 0.00631646 -0.00345676 0.0251556 -0.000888312 -0.00714521 0.0245446 0.00487267 -0.000159459 0.0256539 0.00463523 -0.00550984 0.0269113 -0.00145353 -0.00581642 0.025233 -0.00165018 -0.00700865 0.0280454 0.000817932 -0.00253199 0.0229601 0.00410556 0.000870335 0.0271476 0.00279028 -0.00500727 0.0252649 0.00580076 -0.00200299 0.0247329 0.00529854 -0.000271601 0.0223822 -0.00107101 -0.00375261 0.0256154 -0.00055583 -0.00557379 0.0265346 -0.00567929 0.000276304 0.0245718 0.00202137 0.00218593 0.0255119 0.0046229 0.0043209 0.0286673 0.00211443 -0.00144028 0.0261039 -0.00293467 0.00328617 0.023838 0.0054904 0.00162464 0.0280618 0.00466807 -0.00548191 0.0252975 0.00695725 0.0018563 0.0229331 -0.00551499 -0.00191787 0.0285509 1.49711e-05 -0.00508528 0.0293433 0.0069102 0.00202271 0.0245234 0.000544956 -0.00137105 0.0258023 -0.00195135 0.00410244 0.0283986 0.00362597 0.000910448 0.0256064 -0.000602901 -0.00386057 0.0280598 0.00561578 -0.00450618 0.0261387 -0.00194319 0.00261472 0.0248987 -0.000224914 -0.00220074 0.0285587 -0.00148401 0.00198359 0.0262948 0.00284643 -0.00110725 0.024008 0.00502821 0.00515359 0.0261293 -0.00385086 -0.00439207 0.024816 -0.00434471 -0.000852732 0.0239664 -0.00519517 0.00299444 0.0262394 0.000808899 -0.00715478 0.0261629 -0.00465833 -0.00361099 0.0273326 0.000555524 0.00541317 0.0249819 0.00700992 0.00164377 0.0260744 -0.00719223 -0.000338081 0.0277642 0.00257403 0.00401147 0.0257229 -0.0013682 0.00607562 0.0259392 0.0055815 0.00177572 0.0221211 -0.00298309 0.00156147 0.0242913 -0.00524536 -0.00493217 0.0217164 0.00173403 0.00698824 0.0273918 -0.00527862 -0.00187147 0.021847 0.00289693 0.0065918 0.0242623 -0.00497247 0.00520717 0.0279932 -0.00138813 -0.000662881 0.0240461 0.000298126 -0.00462026 0.0225895 -0.00181382 -0.00420532 0.0220699 -7.63841e-05 -0.00277383 0.0248328 0.00185204 0.00695799 0.0231078 -0.00377147 -0.000723022 0.025454 0.00335187 -0.000658621 0.0254582 -0.000100831 -0.00719967 0.0283951 -0.00443107 -0.00567547 0.0282415 -0.000282546 0.000873303 0.028064 -0.00270007 0.00533206 0.0243354 0.00581326 0.000957348 0.0250005 -0.0028223 -0.00306638 0.0248502 -0.00661984 -0.000580313 0.0262903 0.00211551 0.00489067 0.0273747 -0.00499778 0.00518309 0.0256333 -0.00628462 -0.0035138 0.0255894 0.00719996 6.48325e-05 0.0259006 0.00305553 0.00491003 0.0238889 0.00175388 -0.00418267 0.0268352 -0.00414702 0.000975922 0.0267229 0.00690711 -0.00203352 0.0276804 -0.000355977 0.000913077 0.0259145 0.00560059 0.00284111 0.0249405 0.00436721 -0.00135712 0.0244385 -0.00139286 -0.000592676 0.0224456 0.00218985 0.00544414 0.0251236 -0.00207968 -0.00198029 0.022848 0.00108086 -0.00429756 0.0253885 -0.00251297 0.005059 0.0264044 -0.00515849 0.00228869 0.0242962 -0.00617009 0.00371132 0.0282022 -0.00345844 0.00471967 0.0276497 -0.00338673 0.00635376 0.0233044 0.000996006 0.00104229 0.0250649 -0.00557471 -0.00455708 0.028252 -0.0041152 0.000806044 0.0251323 -0.00709499 -0.0012263 0.0233333 -0.00686407 -0.0021739 0.0262437 -0.00469642 -0.00340291 0.0257468 -0.00459225 -0.00356668 0.0222387 -0.00693888 -0.00192225 0.0278217 0.00343905 -0.00356888 0.0274384 0.00395513 0.00601679 0.0253151 0.00269684 -0.00334778 0.0258486 0.00668531 -0.00267368 0.0220249 0.000424397 -2.73395e-05 0.0269468 -0.00537149 -0.00479453 0.0252983 0.00293067 0.00352475 0.0272058 -0.00689825 0.00206263 0.0283239 0.00687103 -0.00215179 0.0259143 0.00161627 0.00263704 0.0269922 0.00204471 -0.00380173 0.0283616 -0.0020842 -0.000188217 0.0282882 0.00620273 0.00365648 0.0261778 0.00408313 0.00444504 0.0250472 -0.00138599 0.00552336 0.0274408 0.00335365 -0.000134001 0.0282173 0.00290621 0.00658646 0.0263801 0.000765366 -0.00468633 0.0279879 0.00379787 0.00513135 0.0297724 -0.000425845 0.00718747 0.0316511 0.00637353 -0.00334972 0.0284895 0.0051481 0.00265018 0.0312464 0.000200041 0.00568645 0.0275736 0.00083702 0.00435028 0.0281805 -4.61627e-05 0.00205227 0.0269938 0.00302924 0.00653224 0.0296983 0.00567682 -0.00126966 0.0299826 0.00206135 -0.000673718 0.0323012 -0.00280455 0.00663169 0.0263707 0.000763894 -0.00311402 0.027694 0.00218459 -0.00244248 0.030047 0.00302626 0.00435288 0.028576 -0.00092097 0.00714093 0.0270459 -0.00452719 -0.00365429 0.0315972 -0.000267748 -0.00304172 0.0316996 -0.00104845 -0.00712341 0.0307068 -4.78914e-05 -0.000548834 0.029666 0.00432418 0.00261169 0.027588 -0.00141729 -0.00213863 0.0274938 -0.00267125 0.000517047 0.031029 -0.00179629 -0.00257346 0.0316388 -0.00433324 -0.000840272 0.0285755 0.000562266 0.00312058 0.0293003 0.00638737 -0.00332355 0.02689 0.00178961 0.00583275 0.0304283 0.00298254 0.000404398 0.0315603 -0.00640684 0.00167368 0.0299853 0.00672992 -0.00255939 0.030872 0.00508832 0.00168887 0.029969 -0.00362295 -0.00435882 0.0286563 -0.00245072 -0.00103567 0.02697 -0.00425904 -0.000827433 0.0320986 0.000983583 0.00560548 0.0317914 0.0037533 -0.00258448 0.0304711 0.00216679 -0.00104654 0.0276535 -0.00625111 -0.00357287 0.0271876 -8.92127e-05 0.000860733 0.0308034 -0.0038278 0.00231372 0.0315008 -0.00398648 -0.00059225 0.0270337 -0.00710981 0.00113724 0.0327668 0.00303707 -0.00368509 0.0323962 0.0014614 -0.00205811 0.0286726 -0.00662127 0.00282842 0.0269468 -0.00289498 0.00512366 0.0291899 0.00326527 -0.00299052 0.0290025 -0.0022436 0.00533134 0.0307666 0.0041618 0.00111948 0.0287956 -0.000633317 -0.000745546 0.0279087 0.00468095 0.00220233 0.0260832 -0.00353253 0.00627407 0.0306711 0.00297639 0.00202748 0.0282214 0.0054135 -0.00474722 0.0293127 0.00241246 0.00678385 0.031657 -0.00126074 -0.0054588 0.0279663 -0.00302259 -5.55486e-05 0.029577 0.00299124 0.00309171 0.0313493 -0.00717088 0.000649422 0.0290227 -0.00180802 -0.00364203 0.0270308 0.00530409 5.38752e-05 0.0278227 0.0028004 -0.0066331 0.0292731 -0.00441995 -0.00568378 0.0324527 -0.00236413 0.00126925 0.0288852 -0.000586467 0.00487718 0.0287075 -0.00641447 0.00327053 0.0300816 -0.00312885 0.00196782 0.0301041 -0.00444585 0.00345673 0.0297677 0.00284543 0.00329333 0.0297609 0.0041271 -0.0040557 0.0299657 0.00486144 0.000651718 0.0321142 0.00267665 0.00454059 0.0307486 -0.000541981 0.00337114 0.0281701 0.00559584 -0.00453099 0.027738 -0.00552387 -0.000765744 0.0274409 0.00707031 0.00136063 0.0301737 0.00164533 -0.00700965 0.0308498 -0.00598421 4.5654e-05 0.0299098 0.000649259 -0.00154815 0.0273886 -0.0048075 -0.00331033 0.0288968 0.000187957 -0.00349598 0.0294019 0.00670331 0.00262828 0.0272975 -0.00377972 0.0061284 0.0252067 0.00598963 0.000615117 0.029198 0.00718393 0.000482306 0.031616 -0.00431158 -0.00576639 0.0298344 0.00673598 -0.000987798 0.031171 0.00645545 -0.000776217 0.0285603 0.00287106 -0.00511352 0.0300361 -0.00357043 -0.00625258 0.0270229 0.000116687 -0.00589499 0.030838 -0.00366698 0.00464798 0.030508 -0.00506068 -0.00126055 0.029937 -0.00275775 0.00319696 0.0267041 0.00558575 -0.00292587 0.0298157 -0.00268145 -0.00490372 0.0274832 -0.00191213 0.00268337 0.030857 -0.00567324 -0.00111394 0.0314075 0.00149284 -0.00434965 0.0297597 0.00158428 -0.00091838 0.0297887 0.000586778 0.00573261 0.0293785 0.00148767 0.00704514 0.0292221 0.00446778 -0.00195173 0.0291872 -0.00402349 0.00185808 0.0287773 -0.000630188 0.00401375 0.032818 0.0030443 -0.00508979 0.0316263 -0.00288704 0.00176673 0.0274521 0.00579273 0.00427622 0.0297577 -0.00425994 -0.00419196 0.0301142 -0.00346068 -0.00247986 0.0313904 0.000476201 0.00718446 0.0262676 0.00378408 -0.00612557 0.0281179 -0.000830666 0.00571134 0.0301196 0.00514321 -0.00165625 0.0261496 0.00145188 0.000351111 0.0307533 -0.00363803 -0.00107535 0.0306451 -0.0016784 -0.00296694 0.0288372 -0.00245978 -0.0067669 0.0298756 -0.00690474 0.00204172 0.0314606 -0.00687789 -0.00105047 0.0291618 -0.0067674 -0.00245817 0.0301104 0.00275947 0.000115155 0.0267269 0.00161067 0.00430123 0.02958 0.00563011 0.00101787 0.0265883 -0.00212296 -0.00404701 0.0311081 -0.00143969 0.00424727 0.0299075 -0.00147459 -0.00139306 0.0291459 -0.000797529 0.00234366 0.0319661 0.00430794 0.00283577 0.029172 0.00370012 -0.00202758 0.0277783 0.00461504 -0.000358806 0.0292063 0.00570493 0.00316781 0.0284251 0.000128718 0.00442047 0.0301707 -0.00228158 -0.00105598 0.031493 -0.00366633 0.00619683 0.0282884 -0.0034527 -0.00560818 0.0311749 0.00141987 -0.0016474 0.0312057 -0.0058277 -0.00422831 0.0297971 0.00316702 0.00347402 0.0328928 0.00207326 0.00561822 0.0287985 0.00346548 -0.00463609 0.0286298 0.000722783 0.000864519 0.0294249 -0.00437684 0.00380709 0.0316693 0.0071974 -0.000202182 0.0298561 0.00341109 0.00181988 0.0300223 -0.00241054 -0.00678463 0.0314746 0.0036306 -0.000966652 0.0321951 -0.00137137 0.00203236 0.0278898 -0.00712579 -0.00103259 0.0307421 0.000486549 -0.00187017 0.0324859 -0.00284671 0.00350235 0.0297504 0.00433178 0.00375377 0.0264681 0.00289215 -0.00143503 0.0290255 0.00131826 -0.00593904 0.0297068 0.00214541 -0.00687294 0.0269961 -0.00512175 -8.48047e-05 0.0260272 0.00597615 0.00401578 0.0313424 0.00425417 -0.00580885 0.029614 -0.00495312 -0.00509525 0.026813 -0.00399988 0.0041089 0.0262736 -0.000881147 0.00130051 0.0294847 -0.00561135 0.00451155 0.0294698 -0.0057026 0.00100264 0.0284948 0.000941852 -0.000363322 0.028423 -0.00281042 -0.00511795 0.0259031 -0.000124423 -0.00431649 0.0307394 0.00585008 -0.0041973 0.0307502 -0.00124424 0.00015134 0.0316531 -0.000821096 -0.000603342 0.0261237 0.000344207 0.00359759 0.0268576 -0.00426222 0.000350234 0.0310156 -0.000292531 0.0049335 0.0262507 -0.0048666 0.00530643 0.0313368 0.000348746 -0.00719178 0.0299304 -0.00291001 -0.00155253 0.0284128 0.00581687 0.000521993 0.0307858 -0.00263736 0.00668801 0.0294105 -0.00147577 -0.00450355 0.0292364 0.00345121 0.00508854 0.0265167 0.0065939 0.00289157 0.0297394 -2.05777e-05 0.00720008 0.029741 0.000711144 0.00204146 0.0315278 0.00153372 -0.00520427 0.0311116 0.00359713 -0.00206675 0.026177 -0.000333634 -0.00256806 0.0263983 0.00189706 0.00197593 0.0295296 0.000433965 -0.00203569 0.0300072 -0.00644788 -0.00320461 0.0287318 0.001015 0.00712825 0.0309583 0.00460747 -0.00516416 0.0310349 0.00416631 0.00048836 0.0304872 0.0043079 0.00378111 0.0304626 0.00513945 -0.00228314 0.0312111 0.00280848 -0.00225379 0.031719 -0.000382684 0.00249253 0.0304282 -0.00102829 -0.00629795 0.0293365 0.0020299 0.000749026 0.0280515 0.00688704 -0.00210063 0.0293471 0.000637655 -0.00617401 0.0274147 -0.000594495 0.00537466 0.0316657 -0.00452016 0.000490796 0.029443 -0.00415201 0.00588234 0.0267971 -0.000959681 0.00643274 0.0286976 0.000101085 -0.00411899 0.0266406 -0.00464349 0.00361057 0.0277348 -0.00569936 0.00100982 0.0312575 0.00316105 0.0020516 0.0266266 0.00697292 0.00179559 0.0286373 -0.00383614 -0.00221289 0.0295378 -0.00154547 0.00409778 0.0315085 0.0045298 0.00559654 0.0275837 0.00524529 -0.00154453 0.0278497 0.000187937 -0.00063178 0.0313087 -0.00282178 -0.00518703 0.0297663 0.00206173 -0.00555366 0.0283438 0.0047708 0.0053927 0.0323885 -0.00284462 -0.00352597 0.0297788 -0.0047188 0.0018606 0.0302451 -0.00239006 0.00679174 0.0319879 -0.00527487 -0.00205408 0.026384 -0.00107425 -0.00310195 0.0303124 0.00162158 0.0040828 0.0318608 0.00485813 -0.0029084 0.0271088 -0.00547164 0.0025067 0.02899 -0.00291678 -0.00613314 0.0284796 -0.00717808 0.000563339 0.0308406 0.0031525 -0.00647339 0.0308302 0.00500539 0.00517571 0.0308209 -0.0014976 0.00276601 0.0293058 0.00313002 -0.000729795 0.0304417 -0.00110488 0.00634586 0.0328302 -0.00570657 -0.00439036 0.0324612 -0.00449839 0.00154138 0.0339202 0.00240933 -0.00200867 0.0332487 -0.00509977 -0.000650155 0.0338845 -0.00623223 -0.00134688 0.0329947 0.00165577 0.000138562 0.0341339 -0.00217954 0.0055806 0.0344952 0.00719575 0.000251725 0.0331992 0.00690765 -0.00203115 0.0323717 0.000346763 -0.00378456 0.033071 -0.000592492 0.00578333 0.0344969 -0.00167386 0.00252184 0.0332928 -0.00603558 -0.0039258 0.034359 -0.00639341 0.00331137 0.0349795 -0.00294093 -2.73972e-05 0.0325258 0.00110482 0.0070083 0.0325512 0.00191139 0.00431578 0.0334169 -0.00385533 -0.00156229 0.0334611 0.00571287 0.00438225 0.0331953 -0.00136881 -0.00535744 0.0305851 0.00121351 0.00631952 0.0341112 -0.000366016 0.00228653 0.0341983 0.00598714 -0.00168684 0.035268 -0.00233198 -0.0028616 0.0331186 0.0036461 0.00620871 0.0331814 -0.00510877 -0.00507397 0.031144 -0.00610016 0.00063916 0.0339036 -0.00650446 -0.00308754 0.0330795 0.00354072 0.000814368 0.0330025 0.00107265 -0.00326141 0.0308545 0.00446233 0.00246924 0.0328511 0.00286028 -0.00660749 0.0323974 0.00175674 -0.00462552 0.0325864 -0.0054346 0.00472295 0.0327483 -0.00403363 0.0056062 0.034066 -0.00350719 -0.00507921 0.0336194 0.00537167 0.00232891 0.0347276 0.00221241 0.00172094 0.0310772 0.00391199 -0.00490138 0.0329572 0.000757927 -0.00660768 0.0321188 0.00510805 -0.0017818 0.03273 0.00108503 0.00154234 0.0336207 0.00113755 -0.00476774 0.0340548 -0.000883813 -0.000825041 0.0339489 -0.00411658 0.00105461 0.0324447 -0.00156358 0.000436613 0.0331946 0.000639662 -0.00034969 0.0329597 0.00470552 0.0010272 0.0340784 -0.0022916 -0.00125422 0.0333215 0.00399724 0.00465655 0.0335799 0.00384214 0.00175379 0.0315615 -0.00200052 -0.00535131 0.032055 0.00369204 -0.00385842 0.0341504 -0.0068507 -0.002215 0.031784 -0.00558367 0.00161654 0.032747 0.00467746 -0.00329461 0.033023 -0.00689441 -0.00207548 0.0342558 0.0021702 -0.00358756 0.0337374 -0.000407802 -0.00503437 0.0337375 0.000819213 0.00107325 0.0351271 0.00158559 0.000853392 0.0322664 -0.00511417 -0.00279677 0.0303807 0.00511363 -0.00506878 0.034 0.00284391 0.00210145 0.0336487 -0.00313888 0.0029899 0.0337337 0.00600006 -0.00331673 0.0320776 -0.000516789 0.00353901 0.0351824 0.000157659 0.00354249 0.0315077 0.0062148 -0.000704551 0.0340257 0.00256968 0.00339908 0.0345509 -0.00292667 -0.00421736 0.034836 0.00359156 -0.00624031 0.0337723 0.0067904 0.00239408 0.0338698 0.002171 -0.00138666 0.0347034 -0.00318475 0.00434066 0.0346044 -0.00156376 -0.00390343 0.034059 -0.00162184 0.00701517 0.0306026 -0.00591819 0.00410093 0.0313558 0.00299344 -0.000562621 0.033606 -0.00540309 0.00259253 0.0314922 -0.00150619 -4.35387e-05 0.0300868 0.00617451 0.00370361 0.0345687 -0.00530696 -0.00242132 0.0322537 -0.0049645 0.0034186 0.0342678 0.00412522 0.00320162 0.034233 -0.0039809 0.00424949 0.0332197 0.00676021 0.00247802 0.0312759 -0.00168405 0.00141632 0.0344538 -0.000750493 -0.00262411 0.0331667 -0.0017216 0.00385383 0.0341778 -0.00290927 0.00658616 0.0334872 -8.91006e-05 -0.00503242 0.0321697 0.00391268 -0.00190499 0.0337863 0.00287204 0.00547245 0.0343724 -0.000950403 -0.00154295 0.0306501 0.00607653 -0.00386214 0.0335797 -0.00719147 -0.000352166 0.0321885 0.00375557 0.006143 0.0310696 0.0009687 -0.00253789 0.0338576 -0.00510006 -0.00508237 0.0337701 -0.00510947 -0.00248062 0.0338403 -0.00223039 0.00164095 0.0320786 0.00465282 -0.000928765 0.0348154 -0.00306837 0.0047132 0.0319902 0.00157082 -0.00304031 0.0323586 -4.98276e-05 0.00719992 0.0336769 -0.00659955 0.00222597 0.0338223 0.00595685 0.00126007 0.033109 -0.00527557 0.00489996 0.034786 0.00150859 0.00308548 0.0306149 0.00495259 -0.0028606 0.0345382 -0.00295819 0.00141958 0.0334861 0.00447392 0.00385692 0.0320521 -0.00155062 0.00703111 0.0342055 -0.00167705 -0.00700204 0.0333834 -8.99323e-05 -0.00719951 0.0333397 -0.000979897 -0.00123563 0.0324056 0.000635041 -0.00106654 0.03439 -0.00624937 -0.00357581 0.0311956 -0.00310956 -0.00649395 0.032884 -0.00447971 0.00276555 0.0328901 0.00596197 -0.000454905 0.0324657 -0.000167476 0.000605559 0.0339576 -0.00646297 0.00317354 0.0325404 0.00539463 -0.00476847 0.0323704 0.00519768 0.00498246 0.0345861 0.000456277 0.00398146 0.0339919 -0.00441608 -0.00379593 0.0344311 0.00270314 -0.00373618 0.0308325 -0.00266625 0.00317676 0.0321832 -0.00366867 6.24058e-05 0.0339478 -0.00557655 3.30376e-05 0.0325186 -0.000835846 -0.006447 0.0321409 0.000136885 0.00538262 0.0331304 0.00597588 0.00292165 0.0325978 0.00490291 -0.000701703 0.0312622 0.00113027 0.00271781 0.0347051 0.0062582 -0.00228943 0.0338108 0.00436162 -0.00365194 0.0314959 0.0021224 0.00581358 0.0328956 0.00144684 0.00491227 0.0348358 -0.00195079 -0.00544855 0.0336512 0.00306508 0.000784323 0.0345298 -0.0032538 -0.00269656 0.0344158 -0.00241429 -0.00206063 0.0302551 0.000418067 0.00280812 0.0329049 -0.00189273 0.00497001 0.0330444 -0.000760872 -0.0063753 0.0345357 -0.00322641 -0.0043382 0.0322295 -0.00130558 -0.00397487 0.0324817 -0.00381421 0.00610681 0.0322376 0.0019272 0.00256902 0.0324236 -0.00278423 -0.0065569 0.0344492 0.00460834 -0.000375351 0.0333149 0.00325278 0.00492806 0.03219 0.00166696 -0.00609247 0.0333304 -0.00447823 0.00563804 0.0295484 -8.50685e-05 0.000962359 0.0324002 -0.00390867 -0.00307953 0.0329561
</DataArray></Points>
      <Lines>
        <DataArray type="Int64" Name="connectivity" NumberOfComponents="1" format="ascii">
0 114 0 66 0 69 0 158 0 267 0 400 1 153 1 310 1 299 1 317 2 221 2 317 2 145 2 164 2 367 3 157 3 35 3 213 3 165 4 360 4 134 4 385 4 92 4 216 5 33 5 56 6 230 6 199 6 147 6 238 6 188 7 364 7 294 7 183 7 406 7 296 7 277 7 585 8 77 8 18 8 304 8 73 8 117 9 144 9 111 9 47 9 91 9 189 9 386 10 111 10 149 10 184 10 89 11 295 11 178 11 348 11 535 12 228 12 190 12 74 12 142 13 168 13 230 13 28 13 161 13 101 13 291 13 171 14 147 14 275 15 67 15 50 15 48 15 235 16 231 16 170 18 21 19 150 19 162 19 186 19 156 20 236 20 305 20 105 20 383 20 252 21 197 21 98 21 46 22 231 22 42 22 225 22 28 22 97 22 38 23 285 23 339 23 205 23 373 24 234 24 201 25 232 25 325 25 64 25 37 25 307 26 144 26 111 26 54 26 100 27 37 27 206 28 227 28 88 28 84 29 65 29 193 29 42 30 176 30 162 30 163 30 76 30 79 30 59 31 81 31 94 31 96 31 209 33 217 33 96 33 103 33 207 33 338 34 173 34 145 34 183 35 143 35 227 35 155 36 143 36 213 36 195 36 185 36 360 36 385 37 371 37 192 37 41 37 362 37 302 37 212 38 153 38 109 38 291 38 90 38 355 39 385 39 175 39 247 39 292 39 314 40 160 40 94 40 128 40 50 41 64 41 290 41 558 42 65 42 86 42 58 42 87 43 291 43 84 43 355 43 287 43 328 44 190 44 51 44 64 44 164 45 221 45 325 45 235 45 183 45 401 46 148 46 397 47 144 47 172 48 176 48 150 48 370 49 86 49 85 49 120 49 78 49 196 50 174 50 142 50 51 50 325 51 78 51 221 51 178 51 164 52 96 52 190 53 163 53 179 54 167 55 235 55 276 55 307 55 357 56 114 56 222 57 168 57 346 57 230 58 160 58 194 58 174 59 76 59 235 59 370 60 125 60 62 60 121 60 218 60 408 62 179 63 208 63 261 63 266 63 154 64 190 64 191 65 168 66 343 66 338 66 70 66 93 66 345 67 128 67 169 68 308 68 164 68 306 68 558 68 379 69 305 69 70 69 452 69 392 70 103 70 233 70 305 70 268 70 308 71 98 71 117 71 219 71 146 71 180 73 222 73 93 73 102 74 78 74 135 75 199 75 262 75 100 76 121 76 182 76 169 76 83 76 136 77 217 77 207 78 160 78 209 78 174 79 132 79 131 80 232 80 156 80 151 80 276 80 206 81 184 81 89 81 187 82 106 82 148 82 226 83 182 83 235 83 175 83 294 83 183 84 161 84 181 84 352 85 160 85 187 85 209 86 193 86 204 87 174 87 153 88 97 88 316 89 122 90 118 90 173 90 181 91 137 91 184 91 204 91 116 91 99 92 140 92 247 92 393 93 222 93 158 93 549 94 96 94 209 95 110 95 157 95 211 95 208 96 217 96 135 96 304 96 233 97 225 97 185 97 173 98 129 98 135 98 130 99 189 99 116 99 108 100 369 101 116 101 199 101 236 101 153 101 291 101 248 102 117 102 556 103 187 103 108 103 209 104 224 104 137 105 244 105 331 106 129 106 190 106 191 107 199 107 351 107 188 107 318 107 331 108 187 108 386 108 114 108 310 108 305 109 194 109 221 109 258 109 145 110 166 113 194 113 174 113 169 113 221 114 122 114 133 114 305 115 276 115 357 115 365 116 137 116 193 117 397 117 180 118 185 118 360 119 129 119 304 120 204 120 236 122 149 122 133 122 343 124 159 124 198 125 214 125 177 125 139 126 399 126 131 126 242 126 245 126 395 128 228 128 150 129 148 130 190 130 371 130 285 131 136 131 280 132 374 133 244 134 213 135 178 136 179 136 408 136 364 136 399 137 230 138 186 138 223 139 141 139 185 139 140 139 218 140 385 140 408 140 247 141 170 141 195 142 228 143 213 143 155 144 198 145 317 145 407 145 320 145 347 146 164 146 558 147 346 147 351 147 188 148 197 149 167 151 232 151 235 152 206 152 368 152 514 153 258 154 337 154 389 154 334 155 213 155 316 156 368 157 165 158 265 159 224 159 398 161 211 161 337 161 255 162 176 163 374 164 362 166 224 166 346 166 211 166 300 167 386 168 227 168 211 169 176 169 235 170 229 170 185 171 238 171 291 171 275 172 398 172 230 173 194 173 182 173 175 174 194 174 221 175 364 175 388 175 314 176 177 177 214 177 182 178 308 180 219 180 556 180 394 180 205 181 360 181 340 181 292 181 388 182 185 182 218 183 347 186 191 186 232 187 204 187 310 188 275 188 237 188 412 189 202 189 199 191 228 191 226 191 192 192 206 194 225 196 295 196 221 196 317 198 398 198 202 199 248 200 300 200 255 200 275 200 402 201 266 201 586 201 289 201 319 202 351 202 210 205 394 205 257 205 359 206 381 207 220 207 338 208 227 209 295 209 233 210 351 210 318 212 339 212 558 213 229 213 330 214 225 216 234 216 393 216 499 219 338 219 345 223 226 225 231 226 371 227 231 228 232 234 330 236 262 237 351 237 544 237 274 238 300 239 366 239 640 239 563 240 557 240 543 240 520 240 566 240 375 240 404 241 400 241 405 241 403 241 378 241 492 242 399 242 296 242 321 243 336 243 403 243 422 243 457 244 262 244 369 244 267 245 294 245 273 245 357 245 585 246 339 246 272 246 373 247 364 247 399 247 396 248 412 249 394 249 257 249 356 250 252 250 348 250 504 250 264 250 441 250 425 250 312 251 306 251 257 251 415 251 450 252 268 252 315 253 318 253 412 253 512 253 361 254 477 254 313 254 495 254 588 255 261 255 334 256 274 256 477 256 391 256 573 258 317 259 333 259 411 259 547 259 711 260 406 260 532 260 424 261 300 262 386 263 436 263 326 263 547 264 281 264 460 264 444 264 312 264 560 265 345 265 392 266 330 266 340 267 335 267 400 267 329 268 295 268 297 269 535 269 283 269 349 269 527 269 332 269 387 270 549 270 556 270 553 270 286 270 415 270 450 271 381 271 413 271 410 272 302 272 381 272 349 272 322 273 280 273 354 274 361 274 391 275 287 275 482 276 370 276 280 276 368 276 302 277 350 277 342 277 344 278 296 278 594 278 321 279 558 279 359 279 439 280 294 280 377 281 493 281 390 281 441 281 422 281 461 282 459 282 573 282 451 282 491 283 394 283 558 283 379 283 590 283 332 284 379 284 425 284 527 284 590 284 455 284 434 284 597 285 371 286 345 286 549 286 306 286 567 286 409 287 482 287 313 288 585 288 380 289 411 289 416 290 397 290 394 291 376 292 436 293 363 293 486 293 472 295 310 296 364 296 314 296 585 297 383 297 348 297 329 297 441 298 436 298 319 298 327 299 331 299 376 300 346 301 317 301 320 301 543 301 425 303 327 303 594 303 384 303 596 306 308 306 452 306 394 307 325 307 367 307 365 308 452 309 320 309 535 309 447 309 523 309 527 311 532 311 404 311 541 311 496 311 524 312 543 312 523 312 455 312 673 312 680 312 602 313 412 313 376 313 390 313 504 313 460 314 382 314 353 314 350 315 317 315 504 315 557 316 360 316 337 318 369 318 544 318 331 318 336 318 493 319 334 319 352 319 435 319 333 320 407 320 535 320 347 320 367 320 532 321 344 321 473 322 365 322 514 322 598 322 574 322 516 322 410 323 350 323 594 323 547 323 448 323 570 323 554 324 459 324 333 324 375 326 388 326 352 327 499 327 416 327 547 327 500 328 334 328 352 328 458 328 478 329 493 329 392 329 378 329 441 331 390 332 420 332 439 332 513 332 476 333 458 333 494 334 337 334 482 335 369 335 336 335 403 336 512 336 493 339 371 340 436 341 512 341 390 341 495 341 444 341 446 342 566 342 570 344 585 344 570 344 515 344 380 344 418 345 452 347 353 347 532 348 379 349 362 349 365 349 420 349 439 350 382 350 520 350 448 353 388 353 566 354 377 354 395 354 363 355 470 356 366 356 414 356 659 357 424 357 581 357 419 358 512 358 463 358 592 361 544 361 463 362 367 362 558 363 514 363 419 363 574 363 701 365 447 366 373 366 439 366 513 367 401 368 370 368 377 370 374 372 553 372 415 373 439 375 456 375 494 376 557 378 422 378 508 379 425 379 409 379 527 380 515 380 774 380 472 382 393 382 499 383 390 384 594 384 473 384 483 384 469 387 447 387 527 387 442 388 470 389 482 389 586 390 504 390 460 391 463 391 495 391 539 392 567 392 421 393 396 395 475 400 405 401 406 401 424 402 477 402 488 403 518 403 422 404 673 404 576 404 533 404 725 404 510 404 550 405 553 405 468 406 532 406 581 407 470 407 543 409 421 409 415 409 590 410 516 410 701 410 734 411 538 411 546 411 491 412 477 413 439 413 516 413 640 414 450 414 545 415 567 415 487 416 546 416 500 417 490 417 506 417 689 417 708 417 627 417 764 418 483 418 774 418 440 419 574 419 475 419 534 420 439 420 516 420 442 421 452 421 455 422 518 422 595 422 431 423 753 423 563 423 618 423 700 424 598 424 534 425 602 426 467 426 480 426 542 426 589 426 634 427 767 427 563 427 828 427 618 427 713 428 725 428 555 428 485 428 507 428 561 429 555 429 485 429 755 429 828 429 603 430 492 430 604 430 453 430 454 431 461 431 519 431 604 432 582 432 546 432 449 432 605 432 788 433 494 433 490 433 580 433 666 433 578 433 445 434 567 434 508 434 758 434 530 435 538 435 459 436 499 437 445 437 719 437 712 437 947 438 487 438 517 438 591 438 525 438 639 439 513 440 757 440 471 440 584 440 660 441 461 441 508 441 455 442 496 442 476 442 779 442 465 443 484 443 539 443 501 443 688 443 599 444 460 444 595 445 490 445 708 445 564 446 592 446 479 447 532 447 598 448 494 448 576 448 580 448 554 448 551 449 625 449 706 449 769 450 481 451 495 451 573 453 468 453 519 454 519 454 778 454 650 454 613 454 631 455 652 456 478 456 543 456 460 456 673 456 560 457 592 457 595 457 604 458 470 458 478 459 482 459 478 459 573 460 568 461 467 461 778 462 629 462 697 463 571 464 660 464 654 464 617 464 921 465 775 465 593 465 621 465 676 465 609 466 527 466 758 466 476 466 555 466 704 467 479 467 778 468 502 469 596 469 765 469 562 470 557 470 520 471 472 471 622 471 660 471 617 472 475 472 548 472 622 473 483 473 653 474 555 474 663 474 716 474 989 474 736 476 659 476 485 476 767 478 557 478 588 479 568 479 611 479 506 479 540 480 652 480 506 480 656 480 641 481 590 481 758 481 781 481 517 482 488 483 554 483 643 483 765 484 573 484 662 485 541 485 771 485 775 486 534 486 579 486 701 486 498 486 536 487 781 487 530 487 529 488 538 488 575 489 592 489 571 489 540 489 694 489 542 490 588 490 533 490 656 491 666 491 711 493 512 494 520 494 580 495 568 496 598 496 572 497 725 497 656 497 708 497 552 498 579 498 572 498 771 498 621 499 594 500 702 500 629 501 571 501 521 501 664 502 567 502 519 502 565 503 568 503 506 503 666 503 688 504 543 505 551 505 509 505 550 505 564 505 511 506 611 507 550 507 693 507 583 507 716 507 511 508 567 508 519 509 515 509 551 509 510 509 572 509 643 509 584 510 576 510 572 511 693 511 647 511 866 515 581 515 548 516 579 516 779 516 734 517 659 517 704 517 559 517 767 517 639 519 729 520 576 521 611 521 599 521 717 522 593 522 751 522 709 523 543 523 725 524 572 524 771 525 607 525 681 526 702 526 747 526 788 526 724 526 645 527 541 528 640 528 577 529 565 529 754 529 607 530 729 530 754 531 597 531 778 531 729 531 740 531 789 531 591 531 631 531 612 532 566 533 673 533 576 533 550 534 572 534 548 536 757 536 622 536 621 536 654 536 601 537 643 537 562 537 671 537 600 537 752 538 586 538 575 538 582 539 571 539 611 540 595 540 699 540 777 540 743 541 725 541 602 542 611 542 743 542 589 542 615 542 723 545 563 546 711 546 702 547 580 547 554 550 725 551 620 552 708 552 624 552 927 552 976 552 696 553 567 554 629 554 765 555 602 555 789 559 781 559 639 559 636 560 656 561 771 561 676 561 736 561 749 562 653 562 682 562 763 563 690 564 692 564 620 564 583 564 712 564 647 565 616 568 611 569 604 569 650 569 777 571 592 571 741 572 757 573 575 575 582 575 662 576 692 577 593 578 605 578 738 579 598 579 593 580 629 580 692 580 747 581 585 583 708 583 913 584 757 584 760 584 600 584 623 587 596 587 682 589 641 589 723 589 764 589 974 589 703 589 677 590 659 591 597 591 758 591 704 591 612 591 744 591 755 592 614 593 734 593 751 597 602 599 769 600 660 601 660 601 657 601 820 601 737 602 680 603 828 603 676 603 618 603 776 604 614 605 666 605 635 606 647 606 674 606 998 606 979 606 793 607 962 607 720 608 733 608 782 608 904 608 810 608 714 609 676 609 618 609 657 609 914 610 678 610 1019 610 935 610 926 611 688 611 627 612 754 612 648 612 649 612 670 613 699 613 631 613 705 613 721 613 892 614 694 615 741 615 694 615 787 616 729 616 650 616 981 617 671 617 715 619 927 619 762 619 726 619 675 619 881 619 958 620 643 620 747 620 765 620 760 621 693 621 676 621 657 622 751 623 693 623 660 623 746 624 641 624 989 624 677 624 633 625 662 625 688 625 689 625 769 625 717 626 773 626 846 626 873 626 916 627 717 628 732 628 709 628 882 628 822 628 867 630 791 630 739 630 679 630 936 632 698 632 938 632 987 633 634 633 677 633 762 633 838 634 699 634 648 634 756 635 738 635 761 636 681 636 690 637 706 637 733 637 785 637 904 638 976 638 762 638 696 638 1007 638 987 639 744 639 828 639 791 640 753 641 708 641 663 642 848 642 797 642 750 642 924 642 963 644 998 644 839 644 972 644 967 644 957 645 783 645 738 645 949 645 697 645 950 645 691 646 772 646 1005 646 832 646 805 646 1004 647 760 647 944 647 913 647 866 647 674 648 989 648 773 649 786 649 721 649 720 649 668 649 773 650 705 650 981 651 993 651 882 651 794 652 778 653 671 654 709 655 782 655 787 655 1015 655 884 655 714 655 968 656 673 656 680 656 708 657 986 657 1016 657 732 657 709 658 733 658 782 658 1015 658 790 660 757 661 745 661 728 661 803 663 680 663 740 663 789 664 782 664 1015 665 747 665 944 665 674 666 689 667 720 667 670 667 858 667 901 668 962 668 981 668 923 668 850 668 858 669 947 669 691 669 698 669 805 670 744 670 726 671 774 671 763 672 821 672 793 672 1013 672 972 672 878 674 712 674 947 674 691 674 978 675 910 675 780 675 933 675 837 676 868 677 703 677 938 677 1007 678 741 678 1015 679 780 679 776 679 993 679 837 679 932 679 794 682 722 682 966 683 997 683 707 683 842 684 894 684 924 684 905 684 1153 684 815 685 749 685 910 685 746 685 710 685 793 685 896 686 938 686 802 686 1011 686 922 686 988 686 825 687 931 687 1012 687 735 687 977 687 937 689 719 690 700 690 1021 691 738 691 849 693 771 693 757 693 749 694 1019 695 773 695 726 695 958 696 913 696 766 696 1002 697 783 697 966 697 950 698 929 698 862 698 985 699 778 700 914 700 993 701 751 702 783 703 723 703 764 703 884 703 810 704 828 705 923 705 707 706 788 707 892 707 727 707 842 707 951 708 712 709 737 709 921 710 986 710 1016 712 766 713 780 713 776 713 1021 714 872 714 1061 714 1011 715 763 715 821 715 731 715 748 715 745 716 913 717 761 717 719 717 782 718 776 718 903 718 827 719 772 719 929 719 810 720 850 720 768 721 838 722 765 722 760 722 848 723 782 724 765 724 770 726 736 726 735 727 892 727 838 727 946 727 831 728 820 728 731 728 921 728 878 729 786 730 1005 730 805 730 953 730 1003 730 816 731 820 732 914 732 784 733 769 735 780 735 901 736 927 737 1013 739 791 739 889 739 1021 740 778 742 977 742 920 743 756 744 754 744 755 744 931 745 829 746 986 746 820 746 793 746 1013 748 752 748 894 748 975 749 913 749 986 750 770 750 966 750 848 750 849 750 953 752 979 753 779 753 767 753 775 755 828 755 989 756 997 756 974 756 840 759 1019 759 997 760 866 761 769 762 989 762 773 762 982 763 797 764 929 764 976 766 929 766 998 768 889 770 944 772 949 772 904 773 838 773 982 776 868 776 1016 777 1017 780 828 783 954 784 914 784 822 784 875 785 949 785 954 786 962 787 1019 787 997 787 795 788 949 790 872 790 814 791 828 792 836 792 1206 792 956 792 1030 792 1175 792 830 793 866 793 906 793 863 794 875 794 932 795 840 795 857 795 831 796 951 796 870 796 973 797 848 798 922 798 988 798 1223 798 825 798 1236 798 880 798 992 799 835 799 845 799 1241 799 1063 799 1216 799 1070 800 878 800 1074 800 1259 800 817 800 961 800 1099 801 932 801 827 801 1009 801 1035 801 1047 802 810 802 1061 802 1225 802 922 802 1048 803 878 803 1116 803 817 804 842 804 887 804 876 804 973 804 1069 805 1005 805 849 805 1004 805 823 805 891 806 999 806 807 806 959 806 1114 806 864 806 1068 807 915 807 1214 807 1048 807 897 807 1041 808 878 808 1059 808 817 808 961 808 1023 809 863 809 878 809 1105 809 990 809 1074 809 1224 810 929 811 990 811 856 811 1023 812 977 812 937 812 936 812 945 812 1131 813 901 813 958 813 1249 813 1058 813 1125 814 832 814 1225 814 1213 815 1153 815 912 815 856 816 912 817 1099 817 826 818 958 818 983 818 827 818 1130 818 1125 819 928 819 860 819 1077 819 939 820 821 821 866 821 979 823 905 823 1027 823 1141 823 845 824 982 824 958 824 900 824 916 824 1130 825 1011 825 1115 825 1022 826 1044 826 1252 827 837 827 971 829 972 829 990 830 956 830 1175 830 1252 830 1188 830 1240 831 887 831 860 832 904 833 922 833 1256 833 864 833 1241 834 851 834 1108 834 925 834 1200 834 1107 835 891 835 985 835 957 835 1027 835 955 836 983 836 1035 836 1074 836 1193 837 958 837 936 837 1125 838 840 838 846 839 944 839 849 839 894 839 979 840 1007 840 893 841 1007 841 946 841 982 841 860 841 900 841 1022 842 951 842 928 843 923 843 858 843 951 843 1230 843 865 844 1027 844 943 844 930 844 1029 844 1101 845 1141 845 943 845 1127 846 923 846 951 847 963 847 975 847 908 847 1046 847 856 847 1128 848 944 848 894 849 978 849 967 850 1012 851 873 851 1025 851 899 851 991 851 1249 851 1140 851 1108 852 1225 852 1141 852 1062 853 935 853 926 853 970 854 922 854 1004 854 891 854 1241 855 999 855 1256 855 1213 856 908 856 941 856 1128 856 1212 857 968 857 926 858 873 859 1069 859 939 859 1209 859 1097 860 893 860 1008 861 903 861 878 861 971 861 1000 862 904 862 1225 863 1013 863 906 863 903 863 1182 864 897 864 1062 864 1138 864 1051 864 1042 865 873 865 994 865 991 865 909 867 921 868 910 869 1090 869 1047 869 1233 869 1112 870 909 870 1173 871 1005 871 1213 871 1003 872 915 872 1214 873 901 873 1249 874 1022 874 916 874 919 874 1143 875 920 875 1009 876 964 876 1001 876 907 876 895 877 1223 877 969 877 948 877 1215 877 890 879 881 879 900 879 1130 879 1215 879 942 880 922 880 985 880 1063 881 933 881 900 881 969 882 1013 882 1000 883 1035 883 1037 883 1193 883 911 883 1278 883 1102 883 1234 884 974 884 968 884 893 884 1011 885 991 885 1173 885 1164 885 1097 885 1117 886 1145 886 984 886 1030 886 1045 887 926 888 1131 888 1108 888 1064 888 1072 888 1244 889 931 889 977 890 1185 890 1018 890 1139 890 1194 890 1100 891 978 892 997 893 988 893 1022 894 979 894 963 894 908 895 1008 895 1096 895 1209 895 1132 896 898 896 933 896 903 897 1048 897 1081 897 1236 897 1120 898 913 898 998 898 1020 899 937 899 936 899 1058 899 1131 900 987 900 965 902 925 902 1154 902 1163 902 1250 903 983 905 953 905 1027 905 912 906 1020 906 972 906 948 906 1105 907 1069 907 1209 907 1217 908 975 908 990 909 1025 909 1140 910 1002 911 1014 911 1090 911 1278 911 1092 911 1112 912 918 915 968 915 1115 916 991 916 1249 916 1077 916 919 917 942 917 1018 917 1206 918 963 918 1010 919 1130 920 1021 920 1009 922 985 924 953 925 1130 925 1094 925 1107 926 968 926 964 927 989 928 946 928 994 928 1069 929 976 930 941 930 1070 930 1082 930 1227 932 945 934 1128 934 1152 935 1015 937 1025 938 976 939 1077 939 1039 939 1132 940 943 940 1006 940 1191 941 1105 941 955 941 1018 941 1224 941 1089 942 969 942 1014 942 1139 942 1193 945 952 946 994 948 957 948 1182 950 954 952 1131 952 1090 952 1064 954 1005 955 1153 956 1224 956 961 956 1206 956 1187 956 1175 956 1044 957 998 957 1185 959 970 959 1113 959 1138 960 1140 960 1108 963 975 964 1057 964 1001 965 1223 965 1076 965 992 965 1215 967 1027 969 1020 969 1182 969 983 970 1214 970 1057 970 1159 970 1041 971 1156 971 1037 973 1173 973 995 975 1059 978 998 980 1145 980 1047 980 1179 984 1000 985 1223 986 1016 987 1002 987 1020 987 988 988 1022 990 1224 991 994 991 1077 991 1140 991 1094 992 1223 994 995 995 1077 996 1259 996 1099 997 1017 998 1020 999 1061 999 1214 1000 1156 1000 1116 1002 1020 1003 1006 1006 1103 1006 1110 1008 1069 1008 1081 1008 1167 1009 1156 1009 1145 1010 1101 1010 1082 1012 1230 1014 1130 1014 1035 1014 1193 1014 1254 1018 1224 1020 1223 1022 1081 1022 1076 1023 1128 1024 1217 1024 1109 1024 1203 1024 1290 1025 1230 1026 1254 1026 1052 1026 1273 1026 1032 1026 1054 1026 1327 1028 1110 1028 1178 1028 1437 1028 1195 1028 1157 1029 1127 1029 1104 1030 1259 1030 1188 1030 1221 1031 1231 1031 1149 1031 1095 1032 1092 1032 1083 1032 1245 1032 1126 1033 1190 1033 1255 1033 1327 1033 1295 1033 1281 1033 1170 1033 1158 1034 1117 1034 1445 1034 1359 1035 1125 1035 1037 1036 1402 1036 1242 1036 1181 1036 1134 1037 1156 1037 1259 1037 1047 1038 1246 1038 1245 1038 1253 1038 1251 1039 1081 1039 1076 1039 1143 1039 1086 1039 1147 1040 1209 1040 1098 1041 1057 1041 1138 1042 1236 1042 1120 1042 1402 1042 1242 1042 1137 1043 1101 1043 1191 1043 1205 1043 1340 1044 1118 1044 1169 1044 1067 1044 1313 1045 1234 1045 1221 1045 1150 1046 1082 1047 1090 1047 1112 1049 1242 1049 1085 1049 1195 1050 1281 1050 1272 1050 1265 1050 1388 1051 1068 1051 1440 1052 1139 1052 1154 1052 1278 1053 1119 1053 1398 1053 1458 1054 1393 1054 1078 1054 1279 1054 1144 1054 1207 1054 1129 1055 1166 1055 1323 1055 1339 1055 1341 1055 1434 1055 1422 1056 1167 1056 1120 1056 1238 1056 1402 1057 1115 1057 1167 1058 1125 1058 1064 1060 1236 1060 1091 1060 1174 1060 1194 1060 1137 1061 1256 1062 1237 1062 1155 1063 1185 1063 1091 1063 1174 1063 1070 1064 1233 1064 1107 1064 1244 1064 1092 1065 1078 1065 1248 1065 1207 1065 1284 1065 1375 1066 1282 1066 1087 1066 1422 1067 1187 1067 1240 1068 1202 1068 1181 1070 1232 1070 1104 1071 1098 1071 1228 1071 1226 1071 1357 1071 1444 1072 1200 1072 1107 1072 1073 1073 1329 1073 1369 1073 1079 1075 1174 1075 1189 1075 1084 1075 1166 1075 1323 1076 1236 1076 1120 1076 1257 1077 1094 1077 1163 1078 1273 1078 1229 1078 1381 1079 1210 1079 1411 1079 1372 1079 1417 1080 1340 1080 1146 1080 1362 1080 1317 1080 1293 1080 1413 1082 1212 1082 1186 1082 1152 1083 1234 1083 1179 1083 1295 1083 1126 1083 1418 1084 1192 1084 1255 1084 1176 1085 1216 1085 1104 1085 1258 1085 1384 1085 1183 1086 1257 1086 1250 1087 1123 1087 1201 1087 1403 1087 1226 1087 1284 1087 1373 1088 1433 1088 1272 1089 1232 1089 1212 1089 1187 1089 1192 1089 1227 1090 1125 1091 1236 1091 1241 1091 1155 1091 1161 1092 1233 1092 1112 1092 1393 1093 1250 1093 1355 1093 1309 1093 1381 1094 1200 1094 1160 1095 1124 1095 1208 1095 1360 1096 1167 1096 1177 1096 1243 1097 1162 1097 1239 1098 1197 1100 1206 1100 1187 1101 1186 1102 1175 1102 1234 1102 1220 1103 1213 1103 1141 1103 1237 1103 1218 1104 1227 1104 1121 1104 1183 1105 1153 1106 1181 1106 1178 1106 1447 1107 1254 1107 1393 1108 1131 1109 1209 1109 1168 1110 1218 1110 1172 1110 1191 1111 1337 1111 1135 1111 1366 1111 1430 1111 1315 1112 1234 1112 1246 1113 1159 1113 1202 1113 1238 1113 1231 1114 1237 1114 1395 1117 1164 1117 1239 1117 1160 1118 1128 1119 1404 1119 1272 1119 1388 1119 1321 1120 1147 1120 1137 1121 1258 1121 1205 1121 1183 1121 1362 1121 1430 1122 1197 1122 1226 1122 1424 1123 1137 1123 1196 1123 1124 1123 1355 1123 1427 1123 1400 1123 1302 1124 1137 1124 1228 1126 1207 1126 1455 1126 1267 1127 1218 1129 1411 1129 1423 1129 1375 1129 1267 1130 1249 1130 1154 1132 1167 1132 1147 1132 1219 1133 1244 1133 1246 1133 1369 1134 1440 1134 1296 1134 1383 1134 1412 1134 1346 1135 1169 1135 1222 1135 1410 1136 1281 1136 1366 1136 1410 1139 1189 1140 1164 1140 1200 1142 1197 1142 1290 1142 1338 1143 1215 1143 1163 1143 1198 1144 1359 1144 1393 1144 1369 1144 1326 1144 1279 1144 1411 1146 1437 1146 1157 1146 1271 1146 1438 1146 1413 1147 1401 1147 1219 1147 1355 1148 1445 1148 1203 1149 1177 1149 1199 1150 1179 1150 1253 1150 1398 1151 1188 1151 1221 1151 1272 1152 1227 1152 1330 1152 1337 1154 1215 1155 1241 1155 1440 1155 1242 1155 1397 1157 1416 1158 1418 1158 1388 1159 1177 1160 1200 1160 1250 1160 1229 1160 1309 1161 1216 1161 1427 1161 1301 1162 1173 1162 1164 1163 1168 1164 1445 1165 1199 1165 1264 1165 1386 1165 1614 1165 1304 1165 1287 1166 1255 1166 1282 1166 1327 1166 1170 1168 1219 1168 1197 1169 1212 1169 1176 1169 1330 1170 1327 1171 1337 1171 1335 1171 1344 1171 1415 1172 1237 1172 1395 1173 1217 1174 1232 1174 1194 1174 1425 1175 1190 1175 1255 1175 1281 1176 1227 1176 1366 1177 1247 1177 1238 1178 1440 1178 1275 1179 1246 1180 1427 1180 1384 1180 1346 1180 1302 1180 1294 1180 1322 1181 1328 1183 1294 1183 1436 1183 1394 1184 1227 1184 1235 1184 1366 1184 1394 1185 1232 1186 1205 1186 1235 1187 1255 1189 1194 1189 1273 1190 1193 1190 1255 1191 1397 1191 1437 1191 1258 1192 1232 1192 1227 1192 1301 1194 1215 1194 1196 1195 1397 1196 1257 1196 1198 1196 1201 1196 1282 1197 1239 1198 1215 1198 1257 1198 1273 1199 1247 1199 1264 1199 1283 1200 1359 1201 1250 1201 1273 1201 1248 1202 1204 1203 1445 1203 1299 1204 1311 1205 1335 1205 1317 1207 1327 1208 1328 1208 1296 1208 1353 1208 1624 1209 1247 1210 1326 1210 1358 1210 1450 1211 1240 1211 1221 1211 1281 1216 1241 1218 1237 1218 1241 1219 1243 1220 1234 1220 1221 1221 1404 1222 1337 1222 1433 1226 1381 1226 1365 1227 1235 1228 1401 1228 1355 1228 1403 1228 1428 1229 1254 1229 1359 1231 1238 1231 1350 1235 1335 1238 1311 1238 1401 1239 1309 1239 1338 1240 1260 1240 1272 1242 1296 1243 1247 1243 1283 1244 1393 1245 1393 1245 1423 1248 1273 1248 1282 1248 1434 1250 1273 1251 1423 1251 1455 1251 1382 1253 1418 1255 1281 1255 1339 1258 1384 1258 1362 1260 1313 1260 1272 1261 1300 1261 1380 1261 1342 1262 1658 1262 1407 1262 1674 1262 1521 1263 1338 1263 1349 1263 1347 1263 1573 1263 1682 1264 1290 1264 1368 1264 1357 1264 1304 1265 1306 1265 1392 1266 1615 1266 1293 1266 1413 1266 1622 1267 1297 1267 1363 1267 1510 1267 1391 1268 1628 1268 1422 1268 1312 1268 1380 1268 1453 1268 1409 1269 1350 1269 1283 1269 1353 1270 1318 1270 1405 1270 1314 1271 1384 1271 1346 1271 1679 1272 1321 1274 1434 1274 1446 1274 1581 1274 1451 1274 1656 1275 1346 1275 1439 1276 1417 1276 1389 1276 1583 1277 1328 1277 1343 1277 1353 1277 1333 1278 1295 1279 1424 1279 1351 1280 1388 1280 1426 1280 1570 1280 1414 1280 1464 1281 1300 1282 1425 1282 1400 1283 1357 1284 1365 1285 1519 1285 1336 1285 1491 1285 1634 1286 1428 1286 1444 1286 1373 1286 1644 1286 1292 1287 1428 1287 1658 1288 1415 1288 1385 1288 1664 1288 1399 1289 1470 1289 1594 1289 1662 1289 1636 1290 1299 1291 1553 1291 1566 1291 1664 1291 1563 1291 1374 1291 1610 1292 1365 1292 1442 1292 1471 1292 1496 1293 1316 1293 1344 1293 1504 1294 1400 1294 1394 1294 1322 1295 1297 1296 1402 1296 1427 1296 1412 1296 1302 1297 1363 1297 1305 1298 1417 1298 1573 1298 1671 1298 1421 1298 1520 1299 1338 1300 1339 1300 1388 1300 1305 1301 1323 1302 1412 1302 1403 1303 1457 1303 1656 1303 1604 1304 1614 1304 1324 1305 1391 1305 1629 1306 1366 1306 1315 1306 1378 1306 1553 1306 1619 1306 1429 1307 1454 1307 1364 1308 1533 1308 1682 1308 1506 1308 1554 1309 1424 1310 1350 1310 1386 1310 1333 1311 1402 1312 1341 1312 1405 1312 1332 1312 1492 1312 1420 1313 1330 1313 1433 1314 1624 1314 1439 1314 1519 1314 1387 1315 1430 1315 1332 1315 1385 1315 1619 1316 1436 1316 1430 1317 1430 1318 1360 1318 1322 1318 1519 1319 1464 1319 1396 1319 1662 1320 1451 1320 1512 1320 1465 1320 1473 1320 1484 1320 1582 1321 1392 1321 1570 1322 1400 1322 1405 1322 1628 1322 1492 1323 1341 1323 1394 1324 1347 1324 1419 1324 1442 1324 1571 1324 1674 1324 1600 1325 1500 1325 1566 1325 1483 1325 1453 1325 1523 1326 1359 1326 1358 1328 1383 1329 1445 1331 1458 1331 1670 1332 1394 1332 1553 1332 1566 1333 1624 1333 1549 1333 1354 1334 1420 1334 1385 1334 1664 1334 1622 1334 1563 1334 1683 1335 1344 1336 1679 1336 1500 1338 1358 1339 1378 1340 1437 1341 1380 1342 1553 1342 1631 1342 1374 1343 1447 1343 1624 1343 1549 1343 1618 1344 1504 1344 1385 1345 1466 1345 1451 1345 1601 1345 1645 1346 1384 1346 1439 1347 1357 1347 1444 1347 1352 1348 1351 1348 1573 1348 1581 1348 1589 1348 1457 1349 1358 1349 1377 1350 1353 1351 1411 1351 1573 1352 1571 1353 1361 1354 1515 1354 1407 1354 1684 1354 1655 1356 1581 1356 1666 1356 1520 1358 1424 1358 1573 1360 1403 1360 1519 1360 1663 1360 1644 1361 1663 1361 1658 1361 1515 1362 1615 1363 1434 1363 1666 1363 1451 1364 1591 1364 1473 1364 1588 1364 1460 1364 1567 1365 1373 1365 1406 1365 1496 1366 1378 1367 1583 1367 1520 1367 1479 1367 1508 1367 1667 1367 1591 1367 1543 1368 1377 1369 1393 1369 1372 1370 1441 1370 1534 1370 1539 1370 1647 1370 1483 1370 1552 1371 1459 1371 1655 1371 1613 1371 1540 1371 1625 1372 1423 1372 1389 1373 1628 1373 1644 1373 1538 1374 1524 1374 1505 1374 1585 1375 1406 1375 1666 1376 1519 1376 1459 1376 1471 1376 1576 1376 1637 1376 1540 1377 1485 1377 1533 1378 1394 1378 1380 1379 1471 1379 1480 1379 1538 1379 1540 1379 1586 1379 1646 1380 1607 1381 1406 1382 1443 1382 1611 1382 1670 1383 1439 1384 1405 1386 1614 1386 1658 1387 1439 1387 1618 1387 1497 1387 1539 1388 1631 1389 1417 1389 1583 1389 1541 1390 1413 1390 1579 1390 1518 1391 1426 1391 1638 1392 1631 1392 1470 1392 1474 1392 1456 1394 1436 1396 1458 1398 1404 1398 1426 1398 1443 1399 1661 1403 1644 1405 1436 1405 1615 1405 1500 1406 1424 1406 1643 1406 1581 1407 1658 1407 1655 1407 1633 1408 1549 1408 1684 1408 1435 1408 1491 1408 1545 1409 1446 1409 1607 1409 1620 1410 1542 1411 1583 1413 1615 1413 1534 1414 1638 1414 1448 1414 1599 1415 1542 1415 1619 1415 1661 1416 1447 1416 1439 1416 1438 1416 1497 1418 1426 1419 1428 1419 1444 1419 1459 1419 1452 1420 1436 1420 1615 1421 1485 1421 1547 1422 1628 1422 1446 1422 1466 1423 1510 1423 1454 1425 1427 1428 1663 1429 1470 1429 1432 1429 1456 1431 1504 1431 1664 1431 1683 1431 1621 1432 1619 1432 1661 1435 1497 1435 1539 1435 1597 1438 1679 1438 1441 1439 1679 1441 1579 1442 1682 1442 1589 1442 1600 1443 1455 1443 1638 1443 1458 1444 1643 1446 1538 1446 1509 1446 1623 1447 1618 1448 1666 1448 1611 1449 1504 1449 1518 1450 1485 1451 1629 1452 1459 1452 1471 1452 1558 1452 1506 1453 1509 1453 1634 1453 1523 1453 1586 1453 1516 1455 1611 1456 1464 1457 1496 1457 1656 1457 1508 1457 1612 1458 1638 1459 1658 1459 1471 1459 1674 1460 1467 1460 1651 1460 1531 1460 1687 1461 1767 1461 1648 1461 1690 1462 1485 1462 1554 1462 1657 1463 1490 1463 1616 1463 1803 1464 1631 1464 1524 1464 1465 1465 1629 1465 1582 1466 1629 1466 1607 1467 1599 1467 1486 1467 1788 1468 1562 1468 1657 1468 1590 1468 1826 1469 1596 1469 1487 1469 1606 1469 1751 1469 1737 1470 1542 1470 1661 1471 1663 1471 1538 1471 1503 1472 1503 1472 1506 1472 1612 1472 1819 1472 1720 1472 1596 1473 1599 1473 1528 1474 1570 1475 1568 1475 1752 1475 1716 1475 1569 1475 1839 1475 1773 1475 1849 1476 1482 1476 1720 1476 1840 1476 1609 1476 1779 1477 1655 1477 1633 1477 1605 1477 1823 1478 1623 1478 1646 1478 1771 1479 1510 1479 1611 1479 1512 1479 1588 1480 1644 1480 1492 1480 1576 1481 1516 1481 1771 1481 1630 1481 1627 1481 1792 1482 1680 1482 1835 1482 1584 1482 1593 1482 1714 1483 1500 1483 1634 1483 1660 1483 1552 1484 1532 1484 1654 1485 1682 1486 1560 1486 1531 1486 1648 1486 1494 1487 1689 1487 1650 1487 1728 1487 1741 1487 1719 1488 1518 1488 1683 1488 1525 1488 1685 1488 1665 1488 1578 1489 1554 1489 1546 1489 1756 1489 1699 1490 1508 1490 1543 1490 1588 1490 1650 1490 1635 1491 1555 1491 1673 1491 1676 1491 1568 1492 1500 1492 1634 1493 1575 1493 1557 1493 1630 1493 1705 1493 1708 1494 1659 1494 1706 1494 1824 1494 1830 1495 1506 1495 1562 1495 1529 1495 1819 1495 1829 1495 1653 1495 1652 1496 1581 1496 1503 1496 1623 1496 1612 1497 1647 1498 1620 1498 1601 1498 1672 1498 1627 1498 1641 1499 1526 1499 1770 1499 1602 1499 1735 1499 1820 1499 1811 1500 1615 1500 1534 1501 1787 1501 1745 1501 1717 1501 1797 1502 1819 1502 1653 1502 1723 1502 1729 1502 1748 1503 1612 1503 1559 1505 1594 1505 1551 1506 1612 1506 1562 1507 1551 1507 1585 1507 1572 1507 1511 1507 1669 1507 1794 1508 1512 1508 1590 1508 1604 1509 1538 1510 1583 1511 1847 1512 1656 1513 1533 1513 1529 1513 1626 1514 1788 1514 1648 1514 1706 1514 1830 1515 1555 1516 1660 1516 1575 1516 1771 1517 1531 1517 1728 1517 1741 1517 1842 1517 1598 1518 1622 1518 1537 1519 1555 1520 1583 1520 1671 1520 1547 1520 1590 1521 1571 1522 1716 1522 1810 1522 1790 1522 1726 1523 1607 1523 1620 1523 1526 1524 1532 1524 1662 1524 1560 1525 1621 1525 1768 1526 1610 1526 1677 1526 1556 1527 1683 1527 1610 1527 1621 1528 1604 1528 1800 1528 1531 1529 1600 1529 1829 1530 1826 1530 1741 1530 1812 1530 1719 1530 1798 1531 1582 1531 1681 1531 1845 1532 1629 1532 1607 1535 1667 1535 1603 1535 1777 1536 1613 1536 1633 1536 1686 1536 1730 1537 1579 1537 1660 1537 1552 1537 1685 1538 1623 1539 1668 1539 1568 1539 1752 1540 1558 1540 1625 1540 1646 1541 1591 1543 1547 1543 1603 1543 1635 1544 1635 1544 1546 1544 1698 1545 1673 1545 1568 1545 1595 1546 1603 1546 1699 1546 1812 1547 1671 1547 1657 1547 1603 1548 1600 1548 1558 1548 1686 1548 1565 1548 1819 1550 1633 1550 1710 1550 1625 1550 1642 1550 1730 1550 1782 1551 1610 1551 1847 1551 1602 1551 1632 1551 1794 1552 1752 1552 1575 1552 1557 1553 1619 1554 1626 1554 1652 1555 1624 1555 1684 1556 1654 1556 1669 1557 1608 1557 1773 1557 1822 1558 1613 1558 1642 1558 1720 1559 1612 1559 1574 1560 1599 1560 1561 1560 1592 1560 1572 1561 1599 1562 1671 1562 1590 1563 1660 1564 1669 1564 1758 1564 1836 1564 1837 1564 1824 1564 1817 1565 1686 1565 1642 1565 1729 1566 1607 1567 1639 1567 1687 1568 1597 1568 1676 1568 1716 1569 1835 1569 1575 1571 1617 1572 1662 1572 1585 1572 1767 1572 1659 1573 1643 1574 1601 1574 1728 1574 1751 1575 1668 1575 1593 1575 1630 1576 1676 1576 1680 1577 1684 1577 1655 1577 1605 1578 1665 1578 1770 1579 1608 1580 1647 1580 1608 1582 1599 1582 1800 1582 1592 1584 1676 1584 1710 1584 1839 1584 1840 1585 1688 1585 1610 1585 1592 1586 1835 1586 1785 1587 1654 1587 1641 1587 1758 1587 1792 1587 1702 1588 1604 1588 1651 1589 1612 1590 1650 1592 1758 1593 1835 1593 1627 1593 1807 1593 1705 1594 1661 1594 1847 1594 1636 1595 1673 1595 1605 1596 1646 1596 1653 1596 1672 1596 1609 1597 1809 1598 1707 1598 1740 1598 1754 1601 1623 1602 1770 1604 1645 1604 1650 1604 1728 1604 1741 1605 1742 1605 1810 1606 1653 1606 1826 1606 1844 1606 1769 1607 1688 1608 1685 1608 1744 1608 1787 1609 1807 1609 1737 1609 1789 1610 1688 1611 1638 1612 1689 1613 1674 1613 1633 1613 1642 1616 1687 1617 1649 1620 1688 1620 1771 1620 1654 1621 1847 1622 1660 1623 1656 1625 1680 1625 1720 1625 1782 1626 1649 1626 1756 1627 1771 1627 1807 1627 1848 1627 1736 1629 1631 1630 1660 1630 1665 1630 1735 1632 1768 1632 1841 1634 1668 1635 1826 1636 1767 1637 1673 1637 1710 1638 1670 1639 1667 1639 1777 1640 1662 1640 1648 1641 1800 1641 1728 1641 1758 1641 1848 1641 1842 1642 1723 1645 1800 1645 1728 1648 1706 1649 1829 1649 1815 1650 1689 1650 1826 1651 1687 1651 1803 1652 1829 1652 1826 1652 1756 1652 1731 1653 1795 1653 1693 1654 1758 1655 1710 1659 1669 1659 1690 1660 1677 1665 1685 1665 1822 1668 1835 1669 1820 1671 1682 1672 1785 1673 1684 1675 1687 1675 1803 1675 1845 1675 1740 1675 1709 1675 1715 1676 1835 1677 1683 1677 1770 1678 1767 1678 1841 1678 1781 1678 1690 1680 1785 1681 1800 1681 1758 1681 1707 1686 1722 1687 1788 1690 1837 1690 1824 1690 1804 1690 1796 1691 1716 1691 1809 1691 1790 1692 1735 1692 1745 1692 1811 1693 1795 1693 1783 1693 1769 1693 1764 1694 1822 1694 1708 1694 1695 1694 1821 1695 1773 1695 1787 1695 1747 1696 1808 1696 1769 1696 1833 1696 1732 1696 1750 1697 1837 1697 1781 1697 1701 1697 1765 1698 1812 1698 1798 1698 1759 1699 1828 1700 1782 1700 1795 1700 1779 1700 1733 1700 1789 1701 1824 1701 1804 1702 1792 1702 1755 1702 1780 1703 1718 1703 1790 1704 1797 1704 1774 1705 1735 1705 1739 1705 1736 1705 1821 1707 1830 1707 1817 1707 1760 1708 1849 1708 1739 1708 1791 1708 1834 1709 1825 1709 1772 1709 1816 1710 1742 1711 1830 1711 1796 1711 1831 1712 1836 1712 1778 1712 1757 1713 1828 1713 1759 1713 1793 1714 1849 1714 1779 1714 1766 1714 1834 1715 1830 1715 1784 1717 1822 1717 1745 1718 1773 1718 1744 1718 1747 1719 1769 1719 1833 1719 1738 1719 1754 1720 1795 1721 1741 1721 1825 1721 1775 1722 1846 1722 1762 1723 1733 1724 1768 1724 1776 1725 1776 1725 1781 1725 1799 1726 1839 1726 1832 1726 1790 1726 1761 1727 1738 1727 1775 1727 1772 1728 1751 1729 1762 1729 1753 1729 1743 1730 1806 1730 1846 1731 1812 1731 1746 1731 1783 1732 1751 1732 1836 1732 1813 1732 1750 1732 1827 1733 1846 1733 1749 1733 1748 1734 1807 1734 1739 1734 1808 1734 1813 1735 1745 1735 1802 1736 1813 1736 1778 1737 1848 1737 1808 1737 1813 1738 1844 1738 1798 1739 1807 1740 1845 1740 1775 1740 1784 1740 1816 1742 1839 1742 1840 1742 1832 1743 1746 1743 1748 1744 1809 1745 1770 1745 1822 1745 1811 1745 1797 1746 1829 1746 1801 1748 1795 1748 1789 1749 1782 1749 1832 1749 1838 1750 1813 1752 1809 1753 1786 1754 1842 1754 1833 1755 1802 1755 1811 1755 1776 1756 1815 1756 1786 1757 1780 1757 1817 1758 1836 1759 1812 1759 1828 1760 1775 1760 1827 1761 1818 1761 1766 1763 1825 1763 1798 1764 1808 1764 1769 1765 1776 1765 1780 1766 1840 1768 1770 1768 1814 1770 1814 1773 1791 1774 1811 1774 1799 1776 1794 1776 1811 1777 1825 1778 1802 1779 1807 1780 1837 1781 1804 1782 1823 1783 1801 1783 1793 1784 1831 1786 1828 1789 1808 1790 1818 1791 1818 1792 1820 1792 1802 1793 1844 1794 1820 1794 1841 1794 1837 1797 1814 1801 1828 1802 1821 1805 1823 1805 1806 1805 1810 1805 1843 1805 1832 1805 1838 1806 1823 1806 1838 1810 1843 1812 1844 1813 1848 1817 1836 1817 1827 1817 1831 1818 1834 1830 1845 1832 1843
</DataArray>
        <DataArray type="Int64" Name="offsets" NumberOfComponents="1" format="ascii">
2 4 6 8 10 12 14 16 18 20 22 24 26 28 30 32 34 36 38 40 42 44 46 48 50 52 54 56 58 60 62 64 66 68 70 72 74 76 78 80 82 84 86 88 90 92 94 96 98 100 102 104 106 108 110 112 114 116 118 120 122 124 126 128 130 132 134 136 138 140 142 144 146 148 150 152 154 156 158 160 162 164 166 168 170 172 174 176 178 180 182 184 186 188 190 192 194 196 198 200 202 204 206 208 210 212 214 216 218 220 222 224 226 228 230 232 234 236 238 240 242 244 246 248 250 252 254 256 258 260 262 264 266 268 270 272 274 276 278 280 282 284 286 288 290 292 294 296 298 300 302 304 306 308 310 312 314 316 318 320 322 324 326 328 330 332 334 336 338 340 342 344 346 348 350 352 354 356 358 360 362 364 366 368 370 372 374 376 378 380 382 384 386 388 390 392 394 396 398 400 402 404 406 408 410 412 414 416 418 420 422 424 426 428 430 432 434 436 438 440 442 444 446 448 450 452 454 456 458 460 462 464 466 468 470 472 474 476 478 480 482 484 486 488 490 492 494 496 498 500 502 504 506 508 510 512 514 516 518 520 522 524 526 528 530 532 534 536 538 540 542 544 546 548 550 552 554 556 558 560 562 564 566 568 570 572 574 576 578 580 582 584 586 588 590 592 594 596 598 600 602 604 606 608 610 612 614 616 618 620 622 624 626 628 630 632 634 636 638 640 642 644 646 648 650 652 654 656 658 660 662 664 666 668 670 672 674 676 678 680 682 684 686 688 690 692 694 696 698 700 702 704 706 708 710 712 714 716 718 720 722 724 726 728 730 732 734 736 738 740 742 744 746 748 750 752 754 756 758 760 762 764 766 768 770 772 774 776 778 780 782 784 786 788 790 792 794 796 798 800 802 804 806 808 810 812 814 816 818 820 822 824 826 828 830 832 834 836 838 840 842 844 846 848 850 852 854 856 858 860 862 864 866 868 870 872 874 876 878 880 882 884 886 888 890 892 894 896 898 900 902 904 906 908 910 912 914 916 918 920 922 924 926 928 930 932 934 936 938 940 942 944 946 948 950 952 954 956 958 960 962 964 966 968 970 972 974 976 978 980 982 984 986 988 990 992 994 996 998 1000 1002 1004 1006 1008 1010 1012 1014 1016 1018 1020 1022 1024 1026 1028 1030 1032 1034 1036 1038 1040 1042 1044 1046 1048 1050 1052 1054 1056 1058 1060 1062 1064 1066 1068 1070 1072 1074 1076 1078 1080 1082 1084 1086 1088 1090 1092 1094 1096 1098 1100 1102 1104 1106 1108 1110 1112 1114 1116 1118 1120 1122 1124 1126 1128 1130 1132 1134 1136 1138 1140 1142 1144 1146 1148 1150 1152 1154 1156 1158 1160 1162 1164 1166 1168 1170 1172 1174 1176 1178 1180 1182 1184 1186 1188 1190 1192 1194 1196 1198 1200 1202 1204 1206 1208 1210 1212 1214 1216 1218 1220 1222 1224 1226 1228 1230 1232 1234 1236 1238 1240 1242 1244 1246 1248 1250 1252 1254 1256 1258 1260 1262 1264 1266 1268 1270 1272 1274 1276 1278 1280 1282 1284 1286 1288 1290 1292 1294 1296 1298 1300 1302 1304 1306 1308 1310 1312 1314 1316 1318 1320 1322 1324 1326 1328 1330 1332 1334 1336 1338 1340 1342 1344 1346 1348 1350 1352 1354 1356 1358 1360 1362 1364 1366 1368 1370 1372 1374 1376 1378 1380 1382 1384 1386 1388 1390 1392 1394 1396 1398 1400 1402 1404 1406 1408 1410 1412 1414 1416 1418 1420 1422 1424 1426 1428 1430 1432 1434 1436 1438 1440 1442 1444 1446 1448 1450 1452 1454 1456 1458 1460 1462 1464 1466 1468 1470 1472 1474 1476 1478 1480 1482 1484 1486 1488 1490 1492 1494 1496 1498 1500 1502 1504 1506 1508 1510 1512 1514 1516 1518 1520 1522 1524 1526 1528 1530 1532 1534 1536 1538 1540 1542 1544 1546 1548 1550 1552 1554 1556 1558 1560 1562 1564 1566 1568 1570 1572 1574 1576 1578 1580 1582 1584 1586 1588 1590 1592 1594 1596 1598 1600 1602 1604 1606 1608 1610 1612 1614 1616 1618 1620 1622 1624 1626 1628 1630 1632 1634 1636 1638 1640 1642 1644 1646 1648 1650 1652 1654 1656 1658 1660 1662 1664 1666 1668 1670 1672 1674 1676 1678 1680 1682 1684 1686 1688 1690 1692 1694 1696 1698 1700 1702 1704 1706 1708 1710 1712 1714 1716 1718 1720 1722 1724 1726 1728 1730 1732 1734 1736 1738 1740 1742 1744 1746 1748 1750 1752 1754 1756 1758 1760 1762 1764 1766 1768 1770 1772 1774 1776 1778 1780 1782 1784 1786 1788 1790 1792 1794 1796 1798 1800 1802 1804 1806 1808 1810 1812 1814 1816 1818 1820 1822 1824 1826 1828 1830 1832 1834 1836 1838 1840 1842 1844 1846 1848 1850 1852 1854 1856 1858 1860 1862 1864 1866 1868 1870 1872 1874 1876 1878 1880 1882 1884 1886 1888 1890 1892 1894 1896 1898 1900 1902 1904 1906 1908 1910 1912 1914 1916 1918 1920 1922 1924 1926 1928 1930 1932 1934 1936 1938 1940 1942 1944 1946 1948 1950 1952 1954 1956 1958 1960 1962 1964 1966 1968 1970 1972 1974 1976 1978 1980 1982 1984 1986 1988 1990 1992 1994 1996 1998 2000 2002 2004 2006 2008 2010 2012 2014 2016 2018 2020 2022 2024 2026 2028 2030 2032 2034 2036 2038 2040 2042 2044 2046 2048 2050 2052 2054 2056 2058 2060 2062 2064 2066 2068 2070 2072 2074 2076 2078 2080 2082 2084 2086 2088 2090 2092 2094 2096 2098 2100 2102 2104 2106 2108 2110 2112 2114 2116 2118 2120 2122 2124 2126 2128 2130 2132 2134 2136 2138 2140 2142 2144 2146 2148 2150 2152 2154 2156 2158 2160 2162 2164 2166 2168 2170 2172 2174 2176 2178 2180 2182 2184 2186 2188 2190 2192 2194 2196 2198 2200 2202 2204 2206 2208 2210 2212 2214 2216 2218 2220 2222 2224 2226 2228 2230 2232 2234 2236 2238 2240 2242 2244 2246 2248 2250 2252 2254 2256 2258 2260 2262 2264 2266 2268 2270 2272 2274 2276 2278 2280 2282 2284 2286 2288 2290 2292 2294 2296 2298 2300 2302 2304 2306 2308 2310 2312 2314 2316 2318 2320 2322 2324 2326 2328 2330 2332 2334 2336 2338 2340 2342 2344 2346 2348 2350 2352 2354 2356 2358 2360 2362 2364 2366 2368 2370 2372 2374 2376 2378 2380 2382 2384 2386 2388 2390 2392 2394 2396 2398 2400 2402 2404 2406 2408 2410 2412 2414 2416 2418 2420 2422 2424 2426 2428 2430 2432 2434 2436 2438 2440 2442 2444 2446 2448 2450 2452 2454 2456 2458 2460 2462 2464 2466 2468 2470 2472 2474 2476 2478 2480 2482 2484 2486 2488 2490 2492 2494 2496 2498 2500 2502 2504 2506 2508 2510 2512 2514 2516 2518 2520 2522 2524 2526 2528 2530 2532 2534 2536 2538 2540 2542 2544 2546 2548 2550 2552 2554 2556 2558 2560 2562 2564 2566 2568 2570 2572 2574 2576 2578 2580 2582 2584 2586 2588 2590 2592 2594 2596 2598 2600 2602 2604 2606 2608 2610 2612 2614 2616 2618 2620 2622 2624 2626 2628 2630 2632 2634 2636 2638 2640 2642 2644 2646 2648 2650 2652 2654 2656 2658 2660 2662 2664 2666 2668 2670 2672 2674 2676 2678 2680 2682 2684 2686 2688 2690 2692 2694 2696 2698 2700 2702 2704 2706 2708 2710 2712 2714 2716 2718 2720 2722 2724 2726 2728 2730 2732 2734 2736 2738 2740 2742 2744 2746 2748 2750 2752 2754 2756 2758 2760 2762 2764 2766 2768 2770 2772 2774 2776 2778 2780 2782 2784 2786 2788 2790 2792 2794 2796 2798 2800 2802 2804 2806 2808 2810 2812 2814 2816 2818 2820 2822 2824 2826 2828 2830 2832 2834 2836 2838 2840 2842 2844 2846 2848 2850 2852 2854 2856 2858 2860 2862 2864 2866 2868 2870 2872 2874 2876 2878 2880 2882 2884 2886 2888 2890 2892 2894 2896 2898 2900 2902 2904 2906 2908 2910 2912 2914 2916 2918 2920 2922 2924 2926 2928 2930 2932 2934 2936 2938 2940 2942 2944 2946 2948 2950 2952 2954 2956 2958 2960 2962 2964 2966 2968 2970 2972 2974 2976 2978 2980 2982 2984 2986 2988 2990 2992 2994 2996 2998 3000 3002 3004 3006 3008 3010 3012 3014 3016 3018 3020 3022 3024 3026 3028 3030 3032 3034 3036 3038 3040 3042 3044 3046 3048 3050 3052 3054 3056 3058 3060 3062 3064 3066 3068 3070 3072 3074 3076 3078 3080 3082 3084 3086 3088 3090 3092 3094 3096 3098 3100 3102 3104 3106 3108 3110 3112 3114 3116 3118 3120 3122 3124 3126 3128 3130 3132 3134 3136 3138 3140 3142 3144 3146 3148 3150 3152 3154 3156 3158 3160 3162 3164 3166 3168 3170 3172 3174 3176 3178 3180 3182 3184 3186 3188 3190 3192 3194 3196 3198 3200 3202 3204 3206 3208 3210 3212 3214 3216 3218 3220 3222 3224 3226 3228 3230 3232 3234 3236 3238 3240 3242 3244 3246 3248 3250 3252 3254 3256 3258 3260 3262 3264 3266 3268 3270 3272 3274 3276 3278 3280 3282 3284 3286 3288 3290 3292 3294 3296 3298 3300 3302 3304 3306 3308 3310 3312 3314 3316 3318 3320 3322 3324 3326 3328 3330 3332 3334 3336 3338 3340 3342 3344 3346 3348 3350 3352 3354 3356 3358 3360 3362 3364 3366 3368 3370 3372 3374 3376 3378 3380 3382 3384 3386 3388 3390 3392 3394 3396 3398 3400 3402 3404 3406 3408 3410 3412 3414 3416 3418 3420 3422 3424 3426 3428 3430 3432 3434 3436 3438 3440 3442 3444 3446 3448 3450 3452 3454 3456 3458 3460 3462 3464 3466 3468 3470 3472 3474 3476 3478 3480 3482 3484 3486 3488 3490 3492 3494 3496 3498 3500 3502 3504 3506 3508 3510 3512 3514 3516 3518 3520 3522 3524 3526 3528 3530 3532 3534 3536 3538 3540 3542 3544 3546 3548 3550 3552 3554 3556 3558 3560 3562 3564 3566 3568 3570 3572 3574 3576 3578 3580 3582 3584 3586 3588 3590 3592 3594 3596 3598 3600 3602 3604 3606 3608 3610 3612 3614 3616 3618 3620 3622 3624 3626 3628 3630 3632 3634 3636 3638 3640 3642 3644 3646 3648 3650 3652 3654 3656 3658 3660 3662 3664 3666 3668 3670 3672 3674 3676 3678 3680 3682 3684 3686 3688 3690 3692 3694 3696 3698 3700 3702 3704 3706 3708 3710 3712 3714 3716 3718 3720 3722 3724 3726 3728 3730 3732 3734 3736 3738 3740 3742 3744 3746 3748 3750 3752 3754 3756 3758 3760 3762 3764 3766 3768 3770 3772 3774 3776 3778 3780 3782 3784 3786 3788 3790 3792 3794 3796 3798 3800 3802 3804 3806 3808 3810 3812 3814 3816 3818 3820 3822 3824 3826 3828 3830 3832 3834 3836 3838 3840 3842 3844 3846 3848 3850 3852 3854 3856 3858 3860 3862 3864 3866 3868 3870 3872 3874 3876 3878 3880 3882 3884 3886 3888 3890 3892 3894 3896 3898 3900 3902 3904 3906 3908 3910 3912 3914 3916 3918 3920 3922 3924 3926 3928 3930 3932 3934 3936 3938 3940 3942 3944 3946 3948 3950 3952 3954 3956 3958 3960 3962 3964 3966 3968 3970 3972 3974 3976 3978 3980 3982 3984 3986 3988 3990 3992 3994 3996 3998 4000 4002 4004 4006 4008 4010 4012 4014 4016 4018 4020 4022 4024 4026 4028 4030 4032 4034 4036 4038 4040 4042 4044 4046 4048 4050 4052 4054 4056 4058 4060 4062 4064 4066 4068 4070 4072 4074 4076 4078 4080 4082 4084 4086 4088 4090 4092 4094 4096 4098 4100 4102 4104 4106 4108 4110 4112 4114 4116 4118 4120 4122 4124 4126 4128 4130 4132 4134 4136 4138 4140 4142 4144 4146 4148 4150 4152 4154 4156 4158 4160 4162 4164 4166 4168 4170 4172 4174 4176 4178 4180 4182 4184 4186 4188 4190 4192 4194 4196 4198 4200 4202 4204 4206 4208 4210 4212 4214 4216 4218 4220 4222 4224 4226 4228 4230 4232 4234 4236 4238 4240 4242 4244 4246 4248 4250 4252 4254 4256 4258 4260 4262 4264 4266 4268 4270 4272 4274 4276 4278 4280 4282 4284 4286 4288 4290 4292 4294 4296 4298 4300 4302 4304 4306 4308 4310 4312 4314 4316 4318 4320 4322 4324 4326 4328 4330 4332 4334 4336 4338 4340 4342 4344 4346 4348 4350 4352 4354 4356 4358 4360 4362 4364 4366 4368 4370 4372 4374 4376 4378 4380 4382 4384 4386 4388 4390 4392 4394 4396 4398 4400 4402 4404 4406 4408 4410 4412 4414 4416 4418 4420 4422 4424 4426 4428 4430 4432 4434 4436 4438 4440 4442 4444 4446 4448 4450 4452 4454 4456 4458 4460 4462 4464 4466 4468 4470 4472 4474 4476 4478 4480 4482 4484 4486 4488 4490 4492 4494 4496 4498 4500 4502 4504 4506 4508 4510 4512 4514 4516 4518 4520 4522 4524 4526 4528 4530 4532 4534 4536 4538 4540 4542 4544 4546 4548 4550 4552 4554 4556 4558 4560 4562 4564 4566 4568 4570 4572 4574 4576 4578 4580 4582 4584 4586 4588 4590 4592 4594 4596 4598 4600 4602 4604 4606 4608 4610 4612 4614 4616 4618 4620 4622 4624 4626 4628 4630 4632 4634 4636 4638 4640 4642 4644 4646 4648 4650 4652 4654 4656 4658 4660 4662 4664 4666 4668 4670 4672 4674 4676 4678 4680 4682 4684 4686 4688 4690 4692 4694 4696 4698 4700 4702 4704 4706 4708 4710 4712 4714 4716 4718 4720 4722 4724 4726 4728 4730 4732 4734 4736 4738 4740 4742 4744 4746 4748 4750 4752 4754 4756 4758 4760 4762 4764 4766 4768 4770 4772 4774 4776 4778 4780 4782 4784 4786 4788 4790 4792 4794 4796 4798 4800 4802 4804 4806 4808 4810 4812 4814 4816 4818 4820 4822 4824 4826 4828 4830 4832 4834 4836 4838 4840 4842 4844 4846 4848 4850 4852 4854 4856 4858 4860 4862 4864 4866 4868 4870 4872 4874 4876 4878 4880 4882 4884 4886 4888 4890 4892 4894 4896 4898 4900 4902 4904 4906 4908 4910 4912 4914 4916 4918 4920 4922 4924 4926 4928 4930 4932 4934 4936 4938 4940 4942 4944 4946 4948 4950 4952 4954 4956 4958 4960 4962 4964 4966 4968 4970 4972 4974 4976 4978 4980 4982 4984 4986 4988 4990 4992 4994 4996 4998 5000 5002 5004 5006 5008 5010 5012 5014 5016 5018 5020 5022 5024 5026 5028 5030 5032 5034 5036 5038 5040 5042 5044 5046 5048 5050 5052 5054 5056 5058 5060 5062 5064 5066 5068 5070 5072 5074 5076 5078 5080 5082 5084 5086 5088 5090 5092 5094 5096 5098 5100 5102 5104 5106 5108 5110 5112 5114 5116 5118 5120 5122 5124 5126 5128 5130 5132 5134 5136 5138 5140 5142 5144 5146 5148 5150 5152 5154 5156 5158 5160 5162 5164 5166 5168 5170 5172 5174 5176 5178 5180 5182 5184 5186 5188 5190 5192 5194 5196 5198 5200 5202 5204 5206 5208 5210 5212 5214 5216 5218 5220 5222 5224 5226 5228 5230 5232 5234 5236 5238 5240 5242 5244 5246 5248 5250 5252 5254 5256 5258 5260 5262 5264 5266 5268 5270 5272 5274 5276 5278 5280 5282 5284 5286 5288 5290 5292 5294 5296 5298 5300 5302 5304 5306 5308 5310 5312 5314 5316 5318 5320 5322 5324 5326 5328 5330 5332 5334 5336 5338 5340 5342 5344 5346 5348 5350 5352 5354 5356 5358 5360 5362 5364 5366 5368 5370 5372 5374 5376 5378 5380 5382 5384 5386 5388 5390 5392 5394 5396 5398 5400 5402 5404 5406 5408 5410 5412 5414 5416 5418 5420 5422 5424 5426 5428 5430 5432 5434 5436 5438 5440 5442 5444 5446 5448 5450 5452 5454 5456 5458 5460 5462 5464 5466 5468 5470 5472 5474 5476 5478 5480 5482 5484 5486 5488 5490 5492 5494 5496 5498 5500 5502 5504 5506 5508 5510 5512 5514 5516 5518 5520 5522 5524 5526 5528 5530 5532 5534 5536 5538 5540 5542 5544 5546 5548 5550 5552 5554 5556 5558 5560 5562 5564 5566 5568 5570 5572 5574 5576 5578 5580 5582 5584 5586 5588 5590 5592 5594 5596 5598 5600 5602 5604 5606 5608 5610 5612 5614 5616 5618 5620 5622 5624 5626 5628 5630 5632 5634 5636 5638 5640 5642 5644 5646 5648 5650 5652 5654 5656 5658 5660 5662 5664 5666 5668 5670 5672 5674 5676 5678 5680 5682 5684 5686 5688 5690 5692 5694 5696 5698 5700 5702 5704 5706 5708 5710 5712 5714 5716 5718 5720 5722 5724 5726 5728 5730 5732 5734 5736 5738 5740 5742 5744 5746 5748 5750 5752 5754 5756 5758 5760 5762 5764 5766 5768 5770 5772 5774 5776 5778 5780 5782 5784 5786 5788 5790 5792 5794 5796 5798 5800 5802 5804 5806 5808 5810 5812 5814 5816 5818 5820 5822 5824 5826 5828 5830 5832 5834 5836 5838 5840 5842 5844 5846 5848 5850 5852 5854 5856 5858 5860 5862 5864 5866 5868 5870 5872 5874 5876 5878 5880 5882 5884 5886 5888 5890 5892 5894 5896 5898 5900 5902 5904 5906 5908 5910 5912 5914 5916 5918 5920 5922 5924 5926 5928 5930 5932 5934 5936 5938 5940 5942 5944 5946 5948 5950 5952 5954 5956 5958 5960 5962 5964 5966 5968 5970 5972 5974 5976 5978 5980 5982 5984 5986 5988 5990 5992 5994 5996 5998 6000 6002 6004 6006 6008 6010 6012 6014 6016 6018 6020 6022 6024 6026 6028 6030 6032 6034 6036 6038 6040 6042 6044 6046 6048 6050 6052 6054 6056 6058 6060 6062 6064 6066 6068 6070 6072 6074 6076 6078 6080 6082 6084 6086 6088 6090 6092 6094 6096 6098 6100 6102 6104 6106 6108 6110 6112 6114 6116 6118 6120 6122 6124 6126 6128 6130 6132 6134 6136 6138 6140 6142 6144 6146 6148 6150 6152 6154 6156 6158 6160 6162 6164 6166 6168 6170 6172 6174 6176 6178 6180 6182 6184 6186 6188 6190 6192 6194 6196 6198 6200 6202 6204 6206 6208 6210 6212 6214 6216 6218 6220 6222 6224 6226 6228 6230 6232 6234 6236 6238 6240 6242 6244 6246 6248 6250 6252 6254 6256 6258 6260 6262 6264 6266 6268 6270 6272 6274 6276 6278 6280 6282 6284 6286 6288 6290 6292 6294 6296 6298 6300 6302 6304 6306 6308 6310 6312 6314 6316 6318 6320 6322 6324 6326 6328 6330 6332 6334 6336 6338 6340 6342 6344 6346 6348 6350 6352 6354 6356 6358 6360 6362 6364 6366 6368 6370 6372 6374 6376 6378 6380 6382 6384 6386 6388 6390 6392 6394 6396 6398 6400 6402 6404 6406 6408 6410 6412 6414 6416 6418 6420 6422 6424 6426 6428 6430 6432 6434 6436 6438 6440 6442 6444 6446 6448 6450 6452 6454 6456 6458 6460 6462 6464 6466 6468 6470 6472 6474 6476 6478 6480 6482 6484 6486 6488 6490 6492 6494 6496 6498 6500 6502 6504 6506 6508 6510 6512 6514 6516 6518 6520 6522 6524 6526 6528 6530 6532 6534 6536 6538 6540 6542 6544 6546 6548 6550 6552 6554 6556 6558 6560 6562 6564 6566 6568 6570 6572 6574 6576 6578 6580 6582 6584 6586 6588 6590 6592 6594 6596 6598 6600 6602 6604 6606 6608 6610 6612 6614 6616 6618 6620 6622 6624 6626 6628 6630 6632 6634 6636 6638 6640 6642 6644 6646 6648 6650 6652 6654 6656 6658 6660 6662 6664 6666 6668 6670 6672 6674 6676 6678 6680 6682 6684 6686 6688 6690 6692 6694 6696 6698 6700 6702 6704 6706 6708 6710 6712 6714 6716 6718 6720 6722 6724 6726 6728 6730 6732 6734 6736 6738 6740 6742 6744 6746 6748 6750 6752 6754 6756 6758 6760 6762 6764 6766 6768 6770 6772 6774 6776 6778 6780 6782 6784 6786 6788 6790 6792 6794 6796 6798 6800 6802 6804 6806 6808 6810 6812 6814 6816 6818 6820 6822 6824 6826 6828 6830 6832 6834 6836 6838 6840 6842 6844 6846 6848 6850 6852 6854 6856 6858 6860 6862 6864 6866 6868 6870 6872 6874 6876 6878 6880 6882 6884 6886 6888 6890 6892 6894 6896 6898 6900 6902 6904 6906 6908 6910 6912 6914 6916 6918 6920 6922 6924 6926 6928 6930 6932 6934 6936 6938 6940 6942 6944 6946 6948 6950 6952 6954 6956 6958 6960 6962 6964 6966 6968 6970 6972 6974 6976 6978 6980 6982 6984 6986 6988 6990 6992 6994 6996 6998 7000 7002 7004 7006 7008 7010 7012 7014 7016 7018 7020 7022 7024 7026 7028 7030 7032 7034 7036 7038 7040 7042 7044 7046 7048 7050 7052 7054 7056 7058 7060 7062 7064 7066 7068 7070 7072 7074 7076 7078 7080 7082 7084 7086 7088 7090 7092 7094 7096 7098 7100 7102 7104 7106 7108 7110 7112 7114 7116 7118 7120 7122 7124 7126 7128 7130 7132 7134 7136 7138 7140 7142 7144 7146 7148 7150 7152 7154 7156 7158 7160 7162 7164 7166 7168 7170 7172 7174 7176 7178 7180 7182 7184 7186 7188 7190 7192 7194 7196 7198 7200 7202 7204 7206 7208 7210 7212 7214 7216 7218 7220 7222 7224 7226 7228 7230 7232 7234 7236 7238 7240 7242 7244 7246 7248 7250 7252 7254 7256 7258 7260 7262 7264 7266 7268 7270 7272 7274 7276 7278 7280 7282 7284 7286 7288 7290 7292 7294 7296 7298 7300 7302 7304 7306 7308 7310 7312 7314 7316 7318 7320 7322 7324 7326 7328 7330 7332 7334 7336 7338 7340 7342 7344 7346 7348 7350 7352 7354 7356 7358 7360 7362 7364 7366 7368 7370 7372 7374 7376 7378 7380 7382 7384 7386 7388 7390 7392 7394 7396 7398 7400 7402 7404 7406 7408 7410 7412 7414 7416 7418 7420 7422 7424 7426 7428 7430 7432 7434 7436 7438 7440 7442 7444 7446 7448 7450 7452 7454 7456 7458 7460 7462 7464 7466 7468 7470 7472 7474 7476 7478 7480 7482 7484 7486 7488 7490 7492 7494 7496 7498 7500 7502 7504 7506 7508 7510 7512 7514 7516 7518 7520 7522 7524 7526 7528 7530 7532 7534 7536 7538 7540 7542 7544 7546 7548 7550 7552 7554 7556 7558 7560 7562 7564 7566 7568 7570 7572 7574 7576 7578 7580 7582 7584 7586 7588 7590 7592 7594 7596 7598 7600 7602 7604 7606 7608 7610 7612 7614 7616 7618 7620 7622 7624 7626 7628 7630 7632 7634 7636 7638 7640 7642 7644 7646 7648 7650 7652 7654 7656 7658 7660 7662 7664 7666 7668 7670 7672 7674 7676 7678 7680 7682 7684 7686 7688 7690 7692 7694 7696 7698 7700 7702 7704 7706 7708 7710 7712 7714 7716 7718 7720 7722 7724 7726 7728 7730 7732 7734 7736 7738 7740 7742 7744 7746 7748 7750 7752 7754 7756 7758 7760 7762 7764 7766 7768 7770 7772 7774 7776 7778 7780 7782 7784 7786 7788 7790 7792 7794 7796 7798 7800 7802 7804 7806 7808 7810 7812 7814 7816 7818 7820 7822 7824 7826 7828 7830 7832 7834 7836 7838 7840 7842 7844 7846 7848 7850 7852 7854 7856 7858 7860 7862 7864 7866 7868 7870 7872 7874 7876 7878 7880 7882 7884 7886 7888 7890 7892 7894 7896 7898 7900 7902 7904 7906 7908 7910 7912 7914 7916 7918 7920 7922 7924 7926 7928 7930 7932 7934 7936 7938 7940 7942 7944 7946 7948 7950 7952 7954 7956 7958 7960 7962 7964 7966 7968 7970 7972 7974 7976 7978 7980 7982 7984 7986 7988 7990 7992 7994 7996 7998 8000 8002 8004 8006 8008 8010 8012 8014 8016 8018 8020 8022 8024 8026 8028 8030 8032 8034 8036 8038 8040 8042 8044 8046 8048 8050 8052 8054 8056 8058 8060 8062 8064 8066 8068 8070 8072 8074 8076 8078 8080 8082 8084 8086 8088 8090 8092 8094 8096 8098 8100 8102 8104 8106 8108 8110 8112 8114 8116 8118 8120 8122 8124 8126 8128 8130 8132 8134 8136 8138 8140 8142 8144 8146 8148 8150 8152 8154 8156 8158 8160 8162 8164 8166 8168 8170 8172 8174 8176 8178 8180 8182 8184 8186 8188 8190 8192 8194 8196 8198 8200 8202 8204 8206 8208 8210 8212 8214 8216 8218 8220 8222 8224 8226 8228 8230
</DataArray>
      </Lines>
    </Piece>
  </PolyData>
</VTKFile>
