<?xml version="1.0"?>
<VTKFile type="PolyData" version="0.1" byte_order="LittleEndian">
  <PolyData>
    <Piece NumberOfPoints="1850" NumberOfVerts="0" NumberOfLines="4121" NumberOfStrips="0" NumberOfPolys="0">
      <PointData><DataArray type="Int64" Name="particle_id" NumberOfComponents="1" format="ascii">
1 2 3 4 5 6 7 8 9 10 11 12 13 14 15 16 17 18 19 20 21 22 23 24 25 26 27 28 29 30 31 32 33 34 35 36 37 38 39 40 41 42 43 44 45 46 47 48 49 50 51 52 53 54 55 56 57 58 59 60 61 62 63 64 65 66 67 68 69 70 71 72 73 74 75 76 77 78 79 80 81 82 83 84 85 86 87 88 89 90 91 92 93 94 95 96 97 98 99 100 101 102 103 104 105 106 107 108 109 110 111 112 113 114 115 116 117 118 119 120 121 122 123 124 125 126 127 128 129 130 131 132 133 134 135 136 137 138 139 140 141 142 143 144 145 146 147 148 149 150 151 152 153 154 155 156 157 158 159 160 161 162 163 164 165 166 167 168 169 170 171 172 173 174 175 176 177 178 179 180 181 182 183 184 185 186 187 188 189 190 191 192 193 194 195 196 197 198 199 200 201 202 203 204 205 206 207 208 209 210 211 212 213 214 215 216 217 218 219 220 221 222 223 224 225 226 227 228 229 230 231 232 233 234 235 236 237 238 239 240 241 242 243 244 245 246 247 248 249 250 251 252 253 254 255 256 257 258 259 260 261 262 263 264 265 266 267 268 269 270 271 272 273 274 275 276 277 278 279 280 281 282 283 284 285 286 287 288 289 290 291 292 293 294 295 296 297 298 299 300 301 302 303 304 305 306 307 308 309 310 311 312 313 314 315 316 317 318 319 320 321 322 323 324 325 326 327 328 329 330 331 332 333 334 335 336 337 338 339 340 341 342 343 344 345 346 347 348 349 350 351 352 353 354 355 356 357 358 359 360 361 362 363 364 365 366 367 368 369 370 371 372 373 374 375 376 377 378 379 380 381 382 383 384 385 386 387 388 389 390 391 392 393 394 395 396 397 398 399 400 401 402 403 404 405 406 407 408 409 410 411 412 413 414 415 416 417 418 419 420 421 422 423 424 425 426 427 428 429 430 431 432 433 434 435 436 437 438 439 440 441 442 443 444 445 446 447 448 449 450 451 452 453 454 455 456 457 458 459 460 461 462 463 464 465 466 467 468 469 470 471 472 473 474 475 476 477 478 479 480 481 482 483 484 485 486 487 488 489 490 491 492 493 494 495 496 497 498 499 500 501 502 503 504 505 506 507 508 509 510 511 512 513 514 515 516 517 518 519 520 521 522 523 524 525 526 527 528 529 530 531 532 533 534 535 536 537 538 539 540 541 542 543 544 545 546 547 548 549 550 551 552 553 554 555 556 557 558 559 560 561 562 563 564 565 566 567 568 569 570 571 572 573 574 575 576 577 578 579 580 581 582 583 584 585 586 587 588 589 590 591 592 593 594 595 596 597 598 599 600 601 602 603 604 605 606 607 608 609 610 611 612 613 614 615 616 617 618 619 620 621 622 623 624 625 626 627 628 629 630 631 632 633 634 635 636 637 638 639 640 641 642 643 644 645 646 647 648 649 650 651 652 653 654 655 656 657 658 659 660 661 662 663 664 665 666 667 668 669 670 671 672 673 674 675 676 677 678 679 680 681 682 683 684 685 686 687 688 689 690 691 692 693 694 695 696 697 698 699 700 701 702 703 704 705 706 707 708 709 710 711 712 713 714 715 716 717 718 719 720 721 722 723 724 725 726 727 728 729 730 731 732 733 734 735 736 737 738 739 740 741 742 743 744 745 746 747 748 749 750 751 752 753 754 755 756 757 758 759 760 761 762 763 764 765 766 767 768 769 770 771 772 773 774 775 776 777 778 779 780 781 782 783 784 785 786 787 788 789 790 791 792 793 794 795 796 797 798 799 800 801 802 803 804 805 806 807 808 809 810 811 812 813 814 815 816 817 818 819 820 821 822 823 824 825 826 827 828 829 830 831 832 833 834 835 836 837 838 839 840 841 842 843 844 845 846 847 848 849 850 851 852 853 854 855 856 857 858 859 860 861 862 863 864 865 866 867 868 869 870 871 872 873 874 875 876 877 878 879 880 881 882 883 884 885 886 887 888 889 890 891 892 893 894 895 896 897 898 899 900 901 902 903 904 905 906 907 908 909 910 911 912 913 914 915 916 917 918 919 920 921 922 923 924 925 926 927 928 929 930 931 932 933 934 935 936 937 938 939 940 941 942 943 944 945 946 947 948 949 950 951 952 953 954 955 956 957 958 959 960 961 962 963 964 965 966 967 968 969 970 971 972 973 974 975 976 977 978 979 980 981 982 983 984 985 986 987 988 989 990 991 992 993 994 995 996 997 998 999 1000 1001 1002 1003 1004 1005 1006 1007 1008 1009 1010 1011 1012 1013 1014 1015 1016 1017 1018 1019 1020 1021 1022 1023 1024 1025 1026 1027 1028 1029 1030 1031 1032 1033 1034 1035 1036 1037 1038 1039 1040 1041 1042 1043 1044 1045 1046 1047 1048 1049 1050 1051 1052 1053 1054 1055 1056 1057 1058 1059 1060 1061 1062 1063 1064 1065 1066 1067 1068 1069 1070 1071 1072 1073 1074 1075 1076 1077 1078 1079 1080 1081 1082 1083 1084 1085 1086 1087 1088 1089 1090 1091 1092 1093 1094 1095 1096 1097 1098 1099 1100 1101 1102 1103 1104 1105 1106 1107 1108 1109 1110 1111 1112 1113 1114 1115 1116 1117 1118 1119 1120 1121 1122 1123 1124 1125 1126 1127 1128 1129 1130 1131 1132 1133 1134 1135 1136 1137 1138 1139 1140 1141 1142 1143 1144 1145 1146 1147 1148 1149 1150 1151 1152 1153 1154 1155 1156 1157 1158 1159 1160 1161 1162 1163 1164 1165 1166 1167 1168 1169 1170 1171 1172 1173 1174 1175 1176 1177 1178 1179 1180 1181 1182 1183 1184 1185 1186 1187 1188 1189 1190 1191 1192 1193 1194 1195 1196 1197 1198 1199 1200 1201 1202 1203 1204 1205 1206 1207 1208 1209 1210 1211 1212 1213 1214 1215 1216 1217 1218 1219 1220 1221 1222 1223 1224 1225 1226 1227 1228 1229 1230 1231 1232 1233 1234 1235 1236 1237 1238 1239 1240 1241 1242 1243 1244 1245 1246 1247 1248 1249 1250 1251 1252 1253 1254 1255 1256 1257 1258 1259 1260 1261 1262 1263 1264 1265 1266 1267 1268 1269 1270 1271 1272 1273 1274 1275 1276 1277 1278 1279 1280 1281 1282 1283 1284 1285 1286 1287 1288 1289 1290 1291 1292 1293 1294 1295 1296 1297 1298 1299 1300 1301 1302 1303 1304 1305 1306 1307 1308 1309 1310 1311 1312 1313 1314 1315 1316 1317 1318 1319 1320 1321 1322 1323 1324 1325 1326 1327 1328 1329 1330 1331 1332 1333 1334 1335 1336 1337 1338 1339 1340 1341 1342 1343 1344 1345 1346 1347 1348 1349 1350 1351 1352 1353 1354 1355 1356 1357 1358 1359 1360 1361 1362 1363 1364 1365 1366 1367 1368 1369 1370 1371 1372 1373 1374 1375 1376 1377 1378 1379 1380 1381 1382 1383 1384 1385 1386 1387 1388 1389 1390 1391 1392 1393 1394 1395 1396 1397 1398 1399 1400 1401 1402 1403 1404 1405 1406 1407 1408 1409 1410 1411 1412 1413 1414 1415 1416 1417 1418 1419 1420 1421 1422 1423 1424 1425 1426 1427 1428 1429 1430 1431 1432 1433 1434 1435 1436 1437 1438 1439 1440 1441 1442 1443 1444 1445 1446 1447 1448 1449 1450 1451 1452 1453 1454 1455 1456 1457 1458 1459 1460 1461 1462 1463 1464 1465 1466 1467 1468 1469 1470 1471 1472 1473 1474 1475 1476 1477 1478 1479 1480 1481 1482 1483 1484 1485 1486 1487 1488 1489 1490 1491 1492 1493 1494 1495 1496 1497 1498 1499 1500 1501 1502 1503 1504 1505 1506 1507 1508 1509 1510 1511 1512 1513 1514 1515 1516 1517 1518 1519 1520 1521 1522 1523 1524 1525 1526 1527 1528 1529 1530 1531 1532 1533 1534 1535 1536 1537 1538 1539 1540 1541 1542 1543 1544 1545 1546 1547 1548 1549 1550 1551 1552 1553 1554 1555 1556 1557 1558 1559 1560 1561 1562 1563 1564 1565 1566 1567 1568 1569 1570 1571 1572 1573 1574 1575 1576 1577 1578 1579 1580 1581 1582 1583 1584 1585 1586 1587 1588 1589 1590 1591 1592 1593 1594 1595 1596 1597 1598 1599 1600 1601 1602 1603 1604 1605 1606 1607 1608 1609 1610 1611 1612 1613 1614 1615 1616 1617 1618 1619 1620 1621 1622 1623 1624 1625 1626 1627 1628 1629 1630 1631 1632 1633 1634 1635 1636 1637 1638 1639 1640 1641 1642 1643 1644 1645 1646 1647 1648 1649 1650 1651 1652 1653 1654 1655 1656 1657 1658 1659 1660 1661 1662 1663 1664 1665 1666 1667 1668 1669 1670 1671 1672 1673 1674 1675 1676 1677 1678 1679 1680 1681 1682 1683 1684 1685 1686 1687 1688 1689 1690 1691 1692 1693 1694 1695 1696 1697 1698 1699 1700 1701 1702 1703 1704 1705 1706 1707 1708 1709 1710 1711 1712 1713 1714 1715 1716 1717 1718 1719 1720 1721 1722 1723 1724 1725 1726 1727 1728 1729 1730 1731 1732 1733 1734 1735 1736 1737 1738 1739 1740 1741 1742 1743 1744 1745 1746 1747 1748 1749 1750 1751 1752 1753 1754 1755 1756 1757 1758 1759 1760 1761 1762 1763 1764 1765 1766 1767 1768 1769 1770 1771 1772 1773 1774 1775 1776 1777 1778 1779 1780 1781 1782 1783 1784 1785 1786 1787 1788 1789 1790 1791 1792 1793 1794 1795 1796 1797 1798 1799 1800 1801 1802 1803 1804 1805 1806 1807 1808 1809 1810 1811 1812 1813 1814 1815 1816 1817 1818 1819 1820 1821 1822 1823 1824 1825 1826 1827 1828 1829 1830 1831 1832 1833 1834 1835 1836 1837 1838 1839 1840 1841 1842 1843 1844 1845 1846 1847 1848 1849 1850
</DataArray></PointData>
      <CellData>
        <DataArray type="Int64" Name="particle_1" NumberOfComponents="1" format="ascii">
1 1 1 1 1 2 2 2 3 3 3 3 4 4 4 4 5 5 5 5 6 6 6 6 7 7 7 7 8 8 8 8 8 8 9 9 9 9 10 10 10 10 10 11 11 11 11 12 12 12 13 13 14 14 14 14 14 15 15 15 16 16 17 17 17 17 17 18 18 18 18 18 19 19 19 20 20 20 20 21 21 21 22 22 22 23 24 24 24 24 25 25 25 25 26 26 26 27 27 28 28 28 28 29 29 29 30 30 30 30 30 30 30 30 31 31 32 32 32 32 32 32 33 33 33 33 33 33 34 34 34 35 35 35 35 35 36 36 36 36 37 37 37 38 38 39 39 39 40 40 41 41 41 41 42 42 42 42 42 42 43 43 43 43 44 44 44 45 45 45 45 45 46 46 46 46 46 46 47 47 48 48 48 48 48 48 48 48 49 49 49 49 50 50 50 50 50 51 51 51 52 52 52 53 53 53 53 53 53 53 53 54 54 54 54 54 55 55 55 56 56 56 56 56 56 56 58 58 58 58 59 59 59 59 60 60 60 60 61 61 61 61 61 62 62 62 63 63 65 65 65 65 65 66 66 66 66 66 66 67 67 68 68 68 68 69 69 69 70 70 71 71 72 72 72 73 73 74 74 74 75 75 75 75 76 76 76 76 76 77 78 78 78 78 79 79 79 80 80 81 81 81 81 82 83 83 83 84 84 85 86 86 86 86 87 87 88 89 89 89 90 90 90 91 91 91 92 92 92 93 93 94 94 94 94 95 95 95 96 96 96 97 97 97 97 98 98 98 99 99 99 100 100 100 102 103 104 105 106 106 107 107 107 108 109 109 111 111 111 111 111 112 112 112 113 114 114 114 114 114 115 115 116 117 117 117 118 118 119 120 120 121 121 121 123 123 124 124 124 125 125 126 126 127 127 128 128 128 129 129 129 129 130 130 131 131 133 133 133 134 134 134 134 135 135 136 136 136 136 137 137 137 139 140 141 141 141 142 143 144 144 144 145 146 147 147 147 148 149 150 150 151 151 152 154 156 156 156 156 157 157 158 160 160 161 161 162 163 163 163 164 164 164 165 165 165 168 169 169 171 171 171 171 172 172 173 174 174 175 177 177 178 179 179 180 180 181 182 183 183 183 183 184 184 185 185 186 186 188 188 188 189 190 190 193 193 195 195 197 199 199 200 200 201 201 204 204 205 205 205 205 205 207 209 210 210 210 211 211 214 215 215 217 220 220 220 220 220 220 220 220 221 221 221 221 222 222 222 222 223 223 223 223 223 223 224 224 224 224 224 225 226 226 226 226 226 227 227 227 228 228 228 229 229 229 230 230 230 230 230 231 231 231 231 232 232 234 234 234 234 235 235 235 236 236 236 237 237 237 238 238 238 240 240 241 241 241 241 241 242 242 242 242 243 243 243 244 244 245 245 245 245 245 246 246 247 248 248 248 248 248 248 249 249 251 251 252 252 253 253 254 254 254 254 255 255 255 255 255 255 255 256 256 256 256 257 257 258 258 258 260 260 262 262 262 263 263 263 263 264 264 264 264 265 265 266 267 267 267 268 268 269 269 269 269 269 271 271 271 271 272 272 272 272 274 274 275 275 275 275 276 276 276 276 277 277 277 277 277 277 278 278 279 279 279 280 280 280 281 281 281 282 282 282 284 284 284 284 284 284 284 285 285 285 285 287 287 287 287 287 288 288 288 288 289 290 290 290 290 291 293 293 293 293 294 295 296 296 296 297 297 297 297 298 299 299 299 299 300 300 300 301 301 301 302 302 303 303 303 304 304 305 305 305 306 306 307 307 307 307 308 308 309 310 310 311 311 312 312 313 314 315 316 316 316 316 316 317 317 317 317 318 318 318 319 319 319 320 320 320 320 322 323 323 323 323 323 323 324 324 325 326 326 327 327 327 329 329 329 330 330 330 330 331 331 331 331 332 333 334 335 335 337 337 337 337 337 338 338 339 340 340 340 341 341 342 342 344 344 344 345 347 347 347 347 347 348 348 348 349 350 350 350 350 350 351 351 351 354 357 357 357 360 360 361 361 361 361 361 361 362 362 362 362 363 363 364 364 365 367 368 369 371 371 372 373 373 373 373 374 374 374 374 375 375 375 375 375 376 376 376 376 376 377 378 378 378 379 379 379 379 379 380 380 380 380 380 381 381 381 382 383 383 383 383 384 384 384 384 385 385 385 386 386 387 387 388 388 388 388 389 389 389 389 389 390 390 390 390 391 391 392 392 393 393 393 394 394 395 395 395 395 396 396 396 398 398 398 398 399 399 399 399 400 400 400 400 400 400 401 401 402 402 402 402 402 402 403 403 404 404 405 405 406 406 406 406 407 407 408 408 408 409 409 409 410 410 410 410 410 411 411 411 412 412 413 413 413 413 413 414 414 415 416 416 416 416 417 417 417 417 418 418 419 420 420 420 420 421 421 421 422 422 422 422 423 424 424 424 424 424 424 425 425 425 427 427 428 428 428 429 429 429 430 430 431 432 432 433 433 434 434 434 434 434 434 435 435 435 435 435 435 435 436 437 437 437 438 438 438 439 439 439 439 440 440 440 441 441 441 441 441 441 442 442 442 443 443 443 444 444 444 444 444 446 447 447 448 448 448 448 448 448 448 449 449 450 451 451 452 453 453 453 453 453 453 454 454 455 455 455 456 456 456 457 457 457 458 458 458 458 459 459 459 459 459 460 460 460 461 461 461 462 462 462 463 463 463 463 464 464 465 465 466 467 467 467 467 468 468 468 469 469 469 469 469 470 471 471 471 471 471 472 472 472 472 473 474 477 477 478 478 478 478 479 479 479 480 480 480 480 481 481 481 481 481 482 482 482 482 483 483 483 483 483 484 484 485 485 485 486 486 486 486 487 487 488 488 489 489 489 490 490 490 492 492 493 493 493 493 494 496 496 496 496 499 500 500 501 502 502 503 504 504 505 505 506 507 508 508 508 508 508 509 509 510 510 510 511 511 511 512 512 513 514 514 514 515 515 515 518 518 519 519 519 520 520 522 522 522 522 523 523 524 524 525 525 525 525 526 527 527 527 527 528 528 528 528 529 530 530 530 531 532 532 532 532 533 533 534 534 535 535 535 535 535 536 536 536 537 537 537 537 538 539 539 539 539 541 541 542 543 543 544 544 544 545 545 545 545 545 546 547 547 547 547 549 549 550 550 551 552 554 554 554 555 555 555 555 556 556 556 556 557 558 558 559 561 561 561 561 562 562 562 562 563 563 563 564 567 567 567 568 568 568 569 570 570 571 572 572 573 574 574 575 575 576 576 576 579 579 580 580 581 581 581 582 582 582 584 585 585 586 586 586 587 588 588 589 592 592 592 592 593 594 595 597 598 600 600 601 604 604 605 606 607 607 607 607 610 610 610 611 611 611 611 612 613 614 615 616 618 619 620 620 620 620 624 626 626 627 630 630 632 632 633 634 635 637 637 638 638 638 643 643 643 646 646 646 646 646 647 647 650 651 651 651 651 653 653 653 654 655 655 655 656 656 656 656 657 657 657 659 659 659 659 659 660 660 660 660 662 662 662 662 662 663 663 663 663 665 665 665 667 667 668 668 668 668 669 669 669 669 669 669 670 670 670 671 671 671 671 671 672 672 673 673 674 674 674 674 676 677 677 677 677 677 678 678 679 680 680 680 680 680 681 681 681 681 681 682 682 682 682 683 683 684 684 684 685 685 686 686 687 687 687 688 688 688 689 689 689 689 690 690 691 691 692 692 693 693 694 695 696 696 696 696 696 696 697 697 697 698 699 699 699 700 700 700 700 700 700 701 702 702 702 702 702 702 703 704 705 705 705 706 708 708 708 710 710 710 711 711 711 712 712 712 712 712 714 714 714 714 714 714 715 715 715 715 715 715 716 716 716 716 716 717 718 718 718 718 718 718 719 719 720 720 720 723 723 723 724 724 724 724 724 724 725 725 725 727 727 727 727 727 727 728 728 728 729 729 729 729 729 729 731 731 732 733 733 735 735 736 736 736 736 736 737 737 737 737 738 738 738 739 739 741 741 741 742 742 743 743 743 743 743 744 744 744 744 745 745 745 745 747 747 748 748 748 748 750 751 751 751 751 752 752 752 752 752 753 753 753 755 755 755 755 756 756 756 757 757 758 758 759 759 759 759 760 760 761 761 762 762 763 763 765 765 765 766 766 766 767 767 767 767 768 769 769 769 769 770 770 770 771 771 772 773 774 774 774 775 775 776 776 776 776 777 779 779 780 782 782 783 783 783 783 784 784 785 785 785 786 786 787 788 788 789 789 791 791 792 794 794 794 795 795 795 796 796 798 798 798 801 801 801 802 803 806 806 806 806 806 807 807 807 810 810 810 810 810 811 811 811 812 812 815 815 815 816 816 817 817 817 817 818 818 819 819 823 824 825 826 826 826 828 829 830 830 831 832 832 832 832 832 833 833 833 833 833 834 834 834 834 834 834 835 836 838 838 839 840 840 840 840 842 842 842 844 844 844 846 848 848 849 849 849 849 849 849 849 850 850 850 850 851 851 851 851 852 852 852 853 853 853 853 853 854 854 854 854 854 854 855 855 855 855 856 856 857 857 858 858 858 858 858 858 859 859 859 860 860 861 861 861 862 862 862 862 862 863 863 863 863 864 864 865 865 865 866 866 866 867 867 868 868 869 869 869 870 870 870 870 870 870 871 871 871 871 871 871 872 872 873 873 873 874 874 874 874 874 874 875 875 875 875 876 877 877 877 877 877 878 878 878 878 879 879 879 880 880 881 881 881 881 882 882 882 882 883 883 883 884 884 884 884 884 884 885 885 885 886 887 887 888 888 889 889 889 889 890 890 890 891 891 891 892 893 893 893 893 894 894 894 894 896 896 896 896 896 897 897 897 897 897 898 898 898 899 899 899 899 899 899 900 901 901 902 902 903 903 903 904 904 904 904 904 905 905 905 905 905 906 906 906 907 907 907 907 907 907 908 908 909 910 910 911 911 911 912 912 914 914 914 915 915 916 916 917 917 918 918 918 918 918 919 920 920 921 922 922 922 923 924 924 924 926 927 927 927 927 927 928 928 929 929 929 929 930 930 930 930 931 931 931 931 932 934 934 934 935 936 936 937 937 937 937 938 938 938 938 938 939 939 939 939 939 940 940 940 940 941 941 941 941 943 943 945 945 945 946 947 947 947 947 948 948 948 948 948 949 950 950 951 951 951 951 953 953 953 954 954 954 954 954 954 954 955 955 956 956 958 958 958 958 959 959 959 960 960 961 961 961 962 962 962 963 963 965 965 965 965 965 967 967 968 968 968 968 969 969 969 971 971 972 972 972 974 974 975 976 977 977 977 977 977 978 978 978 978 979 979 979 984 985 986 987 987 988 988 988 988 990 990 990 990 991 991 991 991 991 993 993 993 993 994 994 994 994 994 995 995 995 996 996 997 998 998 999 999 1000 1000 1001 1001 1001 1002 1003 1004 1004 1004 1005 1005 1005 1006 1006 1009 1009 1010 1010 1010 1010 1011 1011 1011 1011 1012 1013 1014 1016 1016 1017 1017 1017 1018 1018 1018 1019 1020 1021 1021 1021 1021 1022 1023 1023 1024 1025 1025 1025 1027 1028 1030 1030 1031 1035 1035 1039 1039 1042 1043 1043 1046 1047 1047 1049 1049 1050 1050 1050 1050 1051 1051 1051 1051 1055 1055 1055 1055 1055 1055 1056 1057 1060 1060 1062 1063 1064 1064 1065 1065 1065 1066 1066 1067 1067 1068 1068 1069 1070 1070 1070 1070 1070 1071 1071 1071 1071 1071 1071 1072 1072 1073 1073 1073 1073 1073 1073 1073 1073 1074 1074 1074 1075 1075 1075 1075 1075 1076 1077 1077 1077 1078 1079 1079 1080 1080 1080 1080 1081 1081 1081 1081 1082 1083 1083 1083 1083 1084 1084 1084 1084 1085 1085 1085 1085 1085 1086 1086 1086 1087 1087 1087 1088 1088 1088 1089 1089 1089 1090 1090 1090 1090 1091 1091 1091 1092 1092 1092 1092 1092 1092 1093 1094 1094 1095 1095 1095 1097 1097 1097 1097 1097 1098 1098 1098 1098 1098 1099 1100 1100 1100 1100 1100 1100 1101 1101 1101 1101 1101 1101 1102 1102 1102 1102 1103 1103 1103 1104 1104 1105 1106 1106 1106 1106 1107 1107 1107 1108 1109 1109 1109 1109 1109 1109 1109 1109 1110 1111 1111 1112 1112 1113 1113 1113 1114 1114 1115 1115 1115 1116 1116 1116 1116 1117 1117 1117 1117 1117 1118 1119 1119 1120 1120 1120 1122 1122 1122 1123 1123 1123 1123 1124 1124 1124 1124 1124 1125 1125 1125 1125 1125 1126 1128 1129 1129 1130 1130 1131 1131 1131 1131 1131 1131 1132 1132 1132 1132 1132 1133 1133 1133 1133 1134 1135 1135 1135 1135 1136 1136 1136 1137 1137 1138 1138 1138 1138 1139 1139 1140 1141 1141 1141 1141 1142 1142 1143 1143 1144 1145 1145 1146 1146 1146 1146 1146 1147 1147 1148 1149 1149 1149 1149 1149 1150 1151 1151 1151 1151 1151 1152 1152 1152 1152 1153 1153 1153 1153 1153 1154 1154 1154 1154 1154 1155 1156 1156 1156 1157 1157 1158 1158 1158 1159 1159 1159 1160 1160 1160 1161 1161 1162 1162 1162 1162 1162 1163 1163 1163 1163 1163 1163 1164 1164 1166 1166 1166 1166 1167 1167 1167 1168 1168 1168 1170 1170 1171 1171 1171 1172 1174 1174 1175 1176 1176 1176 1177 1177 1178 1179 1179 1179 1179 1180 1180 1180 1182 1182 1182 1183 1183 1183 1183 1183 1183 1183 1184 1184 1184 1185 1185 1186 1186 1187 1189 1191 1191 1193 1195 1196 1196 1196 1197 1198 1199 1199 1199 1200 1200 1201 1201 1202 1203 1203 1203 1203 1203 1204 1204 1204 1204 1204 1205 1205 1205 1205 1206 1206 1206 1207 1211 1212 1213 1214 1215 1217 1217 1217 1218 1219 1219 1219 1219 1221 1221 1221 1223 1225 1225 1225 1226 1227 1229 1229 1231 1231 1233 1233 1233 1233 1234 1236 1236 1236 1237 1237 1242 1242 1242 1242 1243 1244 1245 1245 1246 1246 1246 1254 1255 1257 1257 1258 1258 1258 1259 1261 1261 1262 1263 1263 1264 1266 1266 1266 1266 1266 1267 1267 1270 1270 1271 1274 1274 1274 1275 1275 1275 1277 1277 1277 1278 1278 1278 1278 1278 1279 1279 1279 1279 1280 1280 1282 1282 1282 1283 1283 1283 1284 1284 1284 1284 1284 1284 1285 1285 1286 1286 1286 1286 1288 1288 1288 1288 1288 1288 1289 1289 1291 1291 1291 1291 1291 1291 1292 1293 1293 1293 1294 1294 1294 1294 1294 1295 1295 1295 1296 1296 1296 1296 1296 1297 1297 1297 1298 1298 1298 1298 1299 1300 1300 1300 1300 1301 1301 1301 1301 1302 1302 1303 1303 1303 1304 1304 1304 1304 1304 1305 1305 1305 1306 1307 1307 1307 1308 1309 1309 1309 1310 1310 1311 1311 1311 1311 1312 1312 1312 1312 1312 1313 1313 1314 1314 1314 1315 1315 1316 1317 1317 1317 1317 1318 1318 1318 1318 1318 1319 1319 1320 1320 1320 1320 1321 1321 1321 1321 1322 1322 1323 1323 1323 1324 1324 1324 1324 1325 1325 1325 1326 1327 1329 1329 1329 1331 1332 1332 1333 1333 1334 1335 1335 1336 1336 1337 1337 1337 1337 1337 1337 1337 1337 1338 1338 1338 1338 1338 1342 1342 1343 1343 1344 1344 1345 1345 1345 1345 1346 1346 1348 1348 1348 1349 1350 1350 1350 1350 1352 1352 1352 1352 1354 1354 1355 1356 1356 1356 1356 1357 1357 1357 1358 1359 1360 1360 1360 1361 1361 1362 1362 1363 1363 1363 1363 1363 1364 1367 1367 1367 1369 1371 1372 1372 1372 1373 1374 1374 1374 1374 1375 1376 1376 1376 1377 1377 1377 1379 1379 1381 1381 1381 1381 1381 1383 1383 1383 1384 1384 1385 1386 1387 1389 1389 1389 1389 1390 1391 1391 1391 1392 1392 1392 1392 1392 1392 1393 1393 1393 1395 1395 1395 1396 1396 1396 1396 1397 1397 1399 1399 1399 1400 1400 1401 1401 1401 1402 1402 1402 1402 1403 1404 1404 1404 1404 1406 1407 1407 1407 1408 1409 1409 1409 1409 1410 1410 1410 1410 1411 1412 1412 1412 1414 1414 1415 1415 1415 1416 1416 1416 1418 1420 1420 1420 1421 1422 1422 1424 1425 1426 1429 1429 1430 1431 1431 1432 1432 1433 1433 1433 1434 1437 1437 1438 1439 1440 1440 1440 1441 1441 1441 1442 1442 1442 1443 1443 1445 1446 1448 1448 1448 1448 1448 1448 1450 1452 1455 1455 1456 1456 1457 1457 1458 1458 1460 1460 1460 1460 1461 1461 1461 1461 1461 1462 1464 1466 1466 1466 1467 1467 1469 1471 1473 1473 1474 1474 1474 1475 1475 1475 1475 1476 1477 1477 1477 1477 1477 1477 1478 1478 1479 1479 1479 1479 1479 1480 1480 1480 1480 1481 1481 1481 1481 1482 1482 1482 1483 1483 1483 1483 1484 1484 1485 1485 1485 1485 1486 1486 1486 1486 1487 1488 1488 1488 1488 1488 1489 1489 1489 1489 1489 1490 1490 1490 1491 1492 1492 1492 1492 1493 1493 1493 1494 1494 1494 1494 1494 1495 1495 1495 1495 1495 1495 1496 1497 1497 1497 1497 1498 1498 1498 1498 1499 1499 1499 1500 1500 1500 1501 1501 1501 1501 1502 1502 1502 1503 1503 1503 1503 1503 1504 1504 1504 1504 1505 1505 1505 1505 1506 1506 1506 1507 1508 1508 1508 1509 1509 1510 1510 1510 1510 1510 1511 1511 1511 1511 1511 1511 1511 1512 1513 1513 1514 1514 1514 1514 1515 1515 1515 1515 1515 1516 1516 1516 1517 1517 1517 1517 1517 1517 1518 1518 1518 1518 1519 1520 1520 1520 1520 1521 1522 1522 1522 1523 1523 1523 1523 1523 1524 1525 1525 1526 1528 1528 1528 1529 1529 1530 1530 1530 1530 1531 1531 1531 1532 1532 1533 1533 1533 1534 1534 1534 1534 1534 1535 1535 1535 1536 1536 1536 1536 1536 1537 1537 1538 1538 1538 1539 1539 1539 1540 1541 1541 1541 1541 1542 1542 1542 1543 1543 1543 1543 1543 1544 1545 1547 1548 1548 1549 1549 1549 1550 1550 1550 1551 1551 1551 1551 1551 1551 1552 1553 1553 1553 1555 1555 1557 1557 1557 1558 1558 1558 1558 1559 1559 1559 1560 1560 1560 1560 1560 1560 1562 1562 1562 1563 1563 1563 1564 1564 1565 1566 1566 1566 1567 1567 1568 1569 1570 1570 1570 1573 1576 1576 1576 1577 1577 1577 1578 1578 1579 1580 1580 1580 1580 1581 1582 1582 1582 1582 1583 1583 1583 1584 1584 1584 1584 1585 1585 1585 1586 1586 1586 1586 1586 1587 1588 1589 1589 1589 1593 1593 1593 1594 1594 1594 1595 1596 1596 1596 1598 1599 1599 1599 1599 1600 1600 1600 1600 1601 1601 1601 1601 1601 1602 1603 1603 1605 1606 1606 1606 1609 1609 1609 1610 1610 1612 1613 1614 1614 1615 1617 1617 1617 1617 1618 1618 1618 1619 1619 1622 1623 1623 1624 1625 1625 1626 1627 1628 1628 1628 1631 1633 1635 1636 1636 1636 1641 1642 1642 1642 1642 1642 1642 1643 1643 1643 1644 1644 1644 1645 1645 1645 1645 1645 1645 1646 1646 1646 1646 1646 1647 1647 1647 1647 1647 1648 1648 1648 1648 1649 1649 1650 1651 1651 1651 1652 1652 1653 1653 1653 1653 1655 1655 1655 1656 1656 1656 1656 1657 1657 1657 1657 1657 1658 1659 1660 1661 1661 1662 1662 1663 1663 1663 1664 1664 1664 1664 1665 1665 1666 1666 1666 1666 1667 1667 1667 1667 1667 1667 1668 1669 1669 1669 1670 1670 1671 1671 1671 1671 1672 1672 1672 1672 1672 1673 1673 1673 1673 1673 1674 1674 1674 1674 1674 1674 1675 1675 1676 1676 1676 1676 1677 1678 1678 1678 1681 1681 1681 1681 1681 1682 1682 1683 1684 1685 1685 1685 1687 1687 1687 1687 1687 1688 1688 1688 1689 1690 1690 1690 1691 1691 1692 1692 1692 1692 1692 1692 1693 1693 1693 1693 1694 1695 1695 1696 1696 1696 1697 1697 1697 1697 1698 1699 1699 1699 1699 1699 1699 1699 1701 1701 1702 1702 1702 1702 1703 1703 1704 1704 1704 1704 1705 1705 1705 1706 1706 1707 1707 1708 1708 1709 1709 1709 1710 1710 1711 1712 1712 1713 1714 1714 1715 1715 1716 1717 1718 1718 1718 1719 1719 1719 1720 1721 1721 1722 1722 1722 1726 1726 1726 1727 1729 1729 1729 1729 1730 1730 1731 1731 1732 1733 1733 1734 1734 1734 1736 1736 1736 1736 1737 1737 1737 1738 1738 1739 1741 1741 1741 1742 1742 1743 1743 1744 1744 1746 1746 1747 1747 1747 1748 1748 1748 1749 1749 1749 1750 1750 1752 1752 1752 1752 1752 1753 1754 1754 1754 1755 1755 1755 1755 1756 1756 1756 1757 1757 1757 1758 1759 1760 1762 1762 1762 1764 1765 1766 1767 1767 1768 1768 1769 1771 1771 1772 1772 1773 1774 1775 1776 1777 1777 1780 1780 1781 1781 1781 1782 1783 1785 1785 1786 1788 1788 1789 1789 1790 1791 1791 1794 1794 1796 1800 1801 1802 1806 1808 1808 1809 1812 1812 1815 1820 1821 1822 1826 1826 1829 1830 1832 1834 1834 1835 1836 1842 1845
</DataArray>
        <DataArray type="Int64" Name="particle_2" NumberOfComponents="1" format="ascii">
123 148 79 152 261 212 149 169 101 52 132 78 292 295 560 335 207 100 172 59 175 7 133 244 31 216 17 180 127 70 212 155 286 42 72 138 23 82 191 73 60 188 306 149 13 233 139 126 143 63 116 72 85 120 104 103 506 23 161 93 88 196 148 166 216 61 298 206 26 66 270 103 197 137 26 192 286 158 95 67 123 65 144 141 283 121 96 77 382 294 192 126 176 218 199 120 146 217 200 202 122 172 105 119 225 100 182 174 157 167 154 68 47 266 149 32 166 108 88 189 86 38 96 240 247 499 621 195 117 206 292 115 181 145 185 55 193 163 274 303 89 182 137 325 210 117 339 268 286 215 196 131 145 173 286 63 321 92 215 150 194 152 184 125 88 86 68 143 72 191 73 97 184 244 135 251 275 599 68 209 151 160 130 163 275 276 291 282 202 138 122 172 142 73 321 368 306 179 134 278 101 140 159 113 208 102 164 346 219 270 250 218 77 476 260 422 173 349 237 59 109 171 304 295 521 548 239 156 114 397 82 97 188 295 169 179 104 264 216 180 244 160 366 170 190 167 158 76 67 204 194 184 178 93 174 219 266 183 313 118 144 157 146 313 257 132 187 217 168 118 186 115 143 207 82 159 247 151 228 236 167 154 334 87 155 133 169 191 321 96 176 259 129 96 147 261 131 119 129 86 181 173 211 85 170 250 99 182 154 94 298 181 106 211 513 246 137 182 115 157 133 244 228 187 336 105 95 260 445 113 208 161 172 199 109 218 476 249 159 356 142 129 225 247 124 120 146 263 250 128 114 217 352 353 208 120 188 343 298 370 198 203 346 233 172 205 292 270 183 335 363 339 342 343 206 270 328 315 558 603 154 209 169 122 198 172 141 204 259 121 233 191 199 139 216 152 499 304 359 130 275 127 159 286 158 190 334 290 140 159 225 240 261 291 214 177 155 283 321 233 179 281 258 273 215 353 339 205 224 174 233 146 191 143 168 286 367 158 155 212 175 178 186 210 166 213 214 214 189 251 368 194 275 160 209 268 250 232 558 162 185 159 214 366 206 199 181 177 366 370 203 346 239 193 201 303 192 180 179 353 253 343 318 353 339 349 197 182 194 261 201 244 189 325 189 325 186 197 313 289 315 227 273 296 211 237 213 196 306 359 279 233 197 219 196 298 287 359 208 206 292 356 302 291 503 367 273 339 292 239 560 517 225 308 211 257 285 257 310 298 249 362 336 257 285 332 466 513 415 645 596 326 357 631 504 497 417 641 632 312 355 491 449 377 580 343 517 548 319 301 352 265 575 546 347 493 313 360 645 325 358 236 333 404 269 609 386 314 518 474 278 404 316 451 342 234 517 363 288 569 264 591 426 276 331 333 308 274 466 558 603 401 259 352 499 359 521 432 440 640 407 468 254 312 599 412 283 251 621 311 419 601 432 309 348 306 363 397 329 473 341 271 340 445 358 312 441 572 304 311 487 405 612 642 565 322 404 551 649 413 361 475 645 262 437 309 466 310 322 404 382 294 360 401 597 289 278 565 557 321 306 358 355 359 347 328 575 551 411 346 342 333 438 452 373 514 323 350 392 507 355 591 326 351 501 605 578 599 492 282 366 492 345 280 340 330 491 566 412 351 279 557 295 359 575 438 577 452 325 426 344 320 317 324 431 319 446 440 623 347 583 313 289 565 322 621 382 516 419 540 365 354 641 436 473 328 603 360 475 324 503 324 300 627 306 521 386 578 314 565 415 551 498 325 513 402 542 437 577 407 374 365 497 354 499 304 349 503 338 352 431 322 596 413 359 591 569 641 392 488 309 391 332 344 501 431 601 625 331 332 430 397 355 331 631 387 451 345 324 524 452 343 369 319 497 371 583 578 430 524 364 466 494 329 636 554 498 469 345 364 366 359 540 601 623 428 335 565 557 368 382 450 357 355 426 333 377 334 426 475 506 494 516 419 464 594 456 640 372 342 476 609 423 417 641 517 365 370 426 438 503 546 446 440 504 380 391 468 402 640 645 526 553 465 409 491 461 387 635 464 564 567 603 526 415 413 496 553 409 675 606 445 386 491 517 417 429 639 517 606 491 623 583 635 503 439 664 573 721 452 429 602 383 429 408 820 383 619 644 618 764 486 394 439 709 395 563 488 509 544 726 579 440 634 559 515 421 764 533 689 516 443 408 721 484 496 648 612 556 515 400 541 606 599 631 406 488 614 433 538 642 484 629 607 823 423 566 502 574 640 596 397 526 566 552 782 403 831 805 532 808 732 837 587 831 713 667 460 740 550 706 821 457 529 647 778 508 467 555 488 628 596 496 553 414 542 588 633 574 426 565 602 500 567 510 533 778 605 602 627 602 487 550 539 746 636 498 411 550 697 551 427 471 518 461 438 602 500 443 648 588 622 645 481 484 1033 710 517 497 494 554 534 989 456 502 523 587 678 561 424 460 476 423 516 495 450 571 561 598 667 754 781 538 613 824 514 695 535 666 470 524 447 664 531 589 548 456 477 628 613 768 771 733 657 682 774 706 726 457 813 665 687 913 641 465 597 478 501 577 602 449 452 617 543 623 590 504 449 572 463 534 790 584 498 509 544 514 573 707 643 586 568 656 786 560 589 820 541 637 701 555 670 545 691 474 531 495 529 514 625 781 793 489 719 828 770 485 685 590 559 722 590 585 618 570 702 703 632 614 667 536 642 823 652 653 505 722 527 525 580 633 782 507 611 538 524 790 543 664 540 495 539 509 501 508 547 755 780 605 500 612 554 498 507 571 754 616 550 647 707 615 698 559 635 713 537 645 531 504 564 509 624 600 661 631 493 676 802 734 989 751 820 483 629 630 652 782 534 709 549 639 627 487 820 629 692 771 642 622 576 535 541 626 742 627 642 608 614 690 793 757 586 799 723 599 625 529 515 571 647 506 500 648 675 588 621 605 602 577 594 633 577 634 515 796 777 546 598 647 615 735 555 830 600 643 580 617 695 572 534 787 586 747 645 649 617 573 595 571 637 566 552 666 809 970 618 592 534 803 808 530 594 592 531 589 781 740 720 828 608 722 701 581 809 721 749 925 705 631 731 728 827 599 820 619 630 705 582 695 552 782 590 585 618 634 722 538 793 824 650 713 581 690 579 553 675 746 643 634 722 624 790 709 754 746 706 814 781 691 756 982 636 709 735 549 800 646 751 649 697 557 802 595 561 598 647 814 620 672 821 576 679 762 575 603 569 583 583 598 632 713 814 706 611 719 573 695 735 644 633 764 582 683 661 741 641 615 821 814 589 790 615 633 837 591 631 607 768 653 726 799 582 584 650 740 970 782 584 761 709 590 616 600 726 687 686 593 679 805 616 678 654 730 622 644 636 608 614 628 661 623 623 650 640 609 648 707 821 768 722 694 763 754 793 813 784 622 799 641 749 654 676 664 778 791 780 933 683 678 742 639 705 693 635 658 644 676 658 814 781 658 690 824 726 679 661 837 761 734 795 751 697 698 666 1061 1096 985 986 845 836 796 763 848 688 860 797 703 913 786 762 836 811 765 1058 1003 990 1224 716 840 912 1214 718 866 847 1053 883 681 908 920 1028 821 679 804 713 793 767 747 876 985 720 757 886 932 829 834 742 694 933 704 975 976 987 1194 738 792 976 956 809 691 919 744 778 771 712 750 1033 1052 686 730 683 763 699 744 976 956 933 919 748 857 852 1052 811 840 903 804 685 753 873 1034 804 741 717 815 813 913 776 856 900 861 742 816 717 895 740 775 828 748 707 749 777 1045 717 735 819 868 1014 766 940 890 754 814 706 738 730 763 785 755 827 981 838 856 736 722 768 733 797 841 703 774 818 717 732 1029 1033 738 818 1059 931 823 716 777 734 816 981 925 827 750 1014 880 942 810 832 1042 1008 909 803 808 732 892 819 868 1033 801 1052 943 773 760 750 725 880 773 866 1006 982 776 809 740 748 758 1061 1002 756 759 826 852 863 1059 800 866 847 838 964 860 861 878 1044 925 892 921 1038 877 911 985 1026 1195 749 750 787 749 957 800 750 843 856 880 879 847 816 760 975 1036 982 841 839 868 801 767 747 772 778 791 1061 822 1002 1096 835 763 886 812 857 989 892 825 753 772 846 886 932 817 798 957 989 921 779 981 926 783 1041 788 807 981 867 1046 795 791 800 843 933 759 806 932 992 799 783 933 792 843 852 895 908 764 837 845 973 809 1040 902 772 918 925 1033 966 797 973 1038 923 797 943 997 980 1013 783 992 942 823 1052 1003 966 915 1038 923 926 1015 799 810 946 1061 974 1057 999 792 837 802 824 926 946 1041 793 799 919 812 908 1061 822 805 946 1008 970 1015 895 919 957 1040 970 829 831 895 981 1007 811 932 924 1022 1029 890 955 837 989 828 982 1048 942 817 1015 971 949 839 913 1048 876 911 903 980 1058 976 922 816 975 1063 983 848 852 863 920 1043 915 911 925 1029 836 926 1046 839 915 1059 932 924 957 841 983 1061 1002 909 1096 901 843 964 879 1019 953 932 1015 992 924 1027 971 846 943 895 848 1048 943 1006 1030 1053 940 1076 958 1047 1244 1256 972 981 867 874 887 910 927 1094 963 1260 1248 1020 1175 1004 1253 1224 1187 1074 1019 1028 1043 1148 1150 1094 1173 1165 862 1213 1256 1188 928 1292 950 1232 916 1120 921 1034 919 864 1037 905 1001 1155 927 963 1002 901 1248 1018 935 879 961 1035 1093 1035 1207 894 1211 869 1042 1043 874 885 1022 1190 1066 1141 957 1019 1039 999 900 873 952 932 1008 944 1008 949 901 1049 945 888 991 1255 1099 1139 1085 977 1079 1134 892 1054 952 1042 1043 1037 938 1060 887 1005 1121 962 1130 1038 915 1038 1039 903 1026 922 1028 935 1110 951 953 1093 966 1023 1197 1190 1222 1086 1099 1188 1259 1139 988 1001 1255 1024 963 1072 1113 1085 1247 1009 1062 984 1032 1195 1225 891 1121 1020 1200 1083 1117 1076 955 1230 1248 962 1175 989 1209 1189 1018 1232 1241 1207 1188 1160 924 971 944 941 1197 1062 984 1105 1050 1164 1030 1013 1252 922 920 984 1148 1223 1105 1016 945 1000 923 1058 979 1013 994 986 972 1082 1248 1020 1028 1037 1110 910 1207 997 1214 1069 1046 1054 967 1031 917 1273 919 987 911 1192 1094 1042 1195 986 966 1030 1019 1039 1037 957 1006 1126 1213 1031 1119 1038 923 985 994 1056 964 1022 944 1014 987 1144 984 1058 1027 1009 1022 992 963 1149 1113 1051 1185 1273 1193 1260 1235 1200 1136 1269 934 1167 1267 1249 1195 1001 963 942 995 1108 1050 1223 1041 1002 1269 1078 1167 1116 1042 1008 945 1005 1225 979 991 1024 947 1251 966 952 967 1230 1008 1060 1150 1005 1052 1007 1225 998 962 1041 1253 1226 1137 1210 1216 1035 1273 1147 1180 1121 960 1031 1034 1127 988 1104 1037 1044 1241 1230 1140 1244 1181 1135 978 1259 1045 1239 1040 1032 1054 1244 1181 1119 1195 1010 1202 996 1216 1216 1126 1107 998 1064 1118 1072 1200 1223 1107 1192 1328 1115 1127 1244 1137 1145 1234 1428 1239 1069 1168 1008 1049 985 1003 1082 1045 997 1036 1194 1215 1210 1139 1316 1276 1140 1011 1156 1272 1053 1249 1013 1079 1003 1010 1036 1144 1023 1093 1255 1188 1058 1013 1224 1137 1030 1053 1047 1255 1024 1056 1082 1012 1169 1058 1026 1013 1056 1253 1009 1022 1108 1057 1063 1252 1228 1000 1057 1046 1096 1228 1249 1241 1067 1041 1056 1025 1240 1111 1225 1094 1235 1052 1039 1032 1238 1195 1056 1020 1012 1239 1087 1259 1128 1161 1252 1034 1036 1216 1027 1197 1190 1036 1126 1134 1037 1025 1253 1202 1221 1234 1105 1034 1047 1249 1175 1136 1142 1238 1044 1087 1069 1046 1127 1213 1053 1249 1059 1148 1060 1127 1230 1099 1103 1190 1105 1267 1222 1165 1094 1260 1129 1092 1134 1107 1212 1257 1116 1261 1161 1063 1150 1094 1079 1209 1121 1176 1126 1078 1212 1103 1086 1241 1264 1118 1281 1210 1213 1180 1257 1292 1125 1316 1276 1289 1322 1199 1293 1200 1221 1287 1098 1380 1435 1157 1417 1313 1403 1112 1169 1170 1382 1287 1229 1380 1463 1140 1221 1187 1217 1201 1194 1269 1188 1227 1254 1438 1308 1408 1413 1362 1220 1221 1117 1206 1088 1351 1263 1406 1341 1251 1139 1386 1237 1245 1222 1258 1339 1230 1239 1099 1326 1450 1275 1164 1165 1270 1155 1454 1166 1424 1108 1267 1258 1149 1166 1366 1334 1435 1101 1241 1260 1122 1169 1117 1375 1139 1227 1438 1174 1451 1173 1165 1129 1366 1287 1215 1256 1135 1250 1208 1254 1102 1334 1265 1262 1285 1305 1266 1174 1370 1146 1182 1150 1122 1130 1273 1188 1150 1114 1171 1283 1445 1207 1211 1261 1197 1306 1123 1276 1322 1399 1472 1421 1333 1192 1281 1326 1137 1114 1155 1386 1218 1428 1217 1192 1173 1361 1328 1201 1154 1243 1220 1187 1142 1330 1240 1136 1250 1208 1212 1172 1365 1165 1177 1129 1386 1306 1245 1451 1166 1435 1285 1305 1456 1368 1447 1408 1413 1151 1212 1215 1359 1242 1177 1132 1414 1438 1454 1418 1342 1274 1158 1339 1178 1271 1405 1339 1405 1417 1374 1223 1181 1256 1156 1227 1176 1268 1152 1252 1253 1365 1368 1308 1408 1264 1349 1239 1176 1178 1271 1191 1449 1152 1408 1590 1194 1351 1316 1193 1236 1254 1325 1298 1250 1353 1198 1192 1155 1231 1173 1166 1197 1447 1350 1320 1355 1358 1281 1397 1286 1459 1167 1186 1290 1361 1295 1212 1340 1447 1385 1408 1207 1208 1387 1159 1327 1456 1222 1165 1359 1208 1370 1344 1264 1292 1454 1253 1202 1351 1349 1276 1406 1322 1260 1185 1268 1334 1265 1449 1198 1328 1231 1204 1418 1262 1269 1186 1270 1226 1210 1351 1375 1283 1330 1377 1347 1180 1387 1372 1281 1235 1268 1271 1260 1235 1390 1268 1334 1286 1348 1353 1193 1368 1438 1391 1336 1424 1218 1262 1400 1342 1399 1468 1236 1308 1309 1206 1218 1201 1310 1330 1194 1397 1299 1353 1228 1272 1351 1205 1222 1223 1245 1436 1377 1225 1260 1340 1243 1249 1242 1271 1430 1299 1453 1447 1454 1327 1418 1355 1387 1398 1406 1465 1247 1265 1449 1231 1231 1470 1257 1239 1349 1237 1289 1444 1400 1447 1290 1385 1300 1247 1237 1436 1269 1228 1260 1235 1252 1349 1270 1282 1261 1454 1240 1375 1280 1317 1251 1250 1370 1434 1316 1276 1359 1334 1271 1373 1411 1273 1386 1436 1359 1405 1315 1391 1264 1365 1447 1382 1287 1343 1272 1447 1290 1285 1316 1371 1386 1400 1348 1464 1468 1367 1270 1382 1335 1380 1397 1571 1524 1288 1375 1452 1347 1312 1500 1689 1406 1372 1465 1446 1279 1322 1545 1363 1588 1459 1455 1346 1463 1476 1347 1378 1419 1546 1620 1478 1613 1528 1640 1415 1468 1397 1326 1430 1321 1571 1569 1509 1477 1404 1519 1371 1433 1305 1456 1403 1332 1302 1597 1438 1371 1433 1333 1411 1346 1552 1556 1423 1327 1411 1319 1299 1453 1432 1395 1592 1308 1439 1469 1336 1443 1357 1416 1437 1358 1319 1532 1381 1421 1427 1333 1448 1354 1512 1354 1638 1606 1413 1362 1441 1524 1637 1435 1315 1354 1349 1370 1434 1416 1368 1554 1388 1469 1335 1379 1403 1587 1632 1402 1417 1463 1394 1412 1462 1346 1471 1449 1452 1367 1373 1544 1428 1378 1345 1455 1422 1331 1446 1513 1611 1625 1327 1332 1391 1413 1388 1524 1367 1458 1467 1506 1406 1341 1442 1329 1633 1556 1803 1518 1538 1368 1391 1388 1431 1361 1356 1556 1803 1344 1412 1527 1421 1546 1435 1364 1346 1344 1446 1464 1452 1347 1410 1401 1620 1383 1369 1572 1419 1369 1635 1599 1429 1569 1417 1463 1370 1398 1452 1431 1383 1376 1380 1471 1373 1367 1467 1387 1408 1362 1358 1532 1427 1529 1508 1478 1547 1467 1384 1379 1364 1411 1552 1554 1441 1634 1509 1417 1369 1487 1779 1366 1380 1439 1442 1421 1499 1491 1616 1474 1476 1547 1506 1383 1376 1545 1451 1446 1421 1425 1417 1394 1453 1432 1378 1378 1419 1595 1436 1464 1410 1385 1590 1556 1384 1423 1522 1624 1506 1638 1541 1392 1404 1408 1424 1398 1471 1462 1493 1591 1405 1414 1438 1429 1456 1423 1404 1597 1521 1594 1554 1612 1563 1574 1402 1629 1446 1611 1499 1426 1437 1430 1420 1421 1427 1450 1472 1444 1445 1460 1453 1425 1592 1604 1412 1512 1624 1519 1549 1465 1437 1459 1565 1470 1545 1426 1616 1496 1472 1546 1460 1457 1556 1527 1493 1597 1447 1454 1571 1427 1512 1513 1612 1555 1571 1451 1569 1608 1561 1595 1526 1438 1440 1581 1443 1634 1458 1452 1487 1632 1592 1444 1572 1473 1554 1459 1574 1451 1618 1458 1466 1604 1602 1631 1563 1590 1637 1484 1561 1513 1572 1465 1608 1491 1478 1724 1559 1525 1452 1464 1487 1565 1571 1512 1460 1599 1574 1565 1546 1588 1473 1635 1472 1464 1547 1620 1478 1507 1547 1487 1565 1605 1544 1540 1548 1527 1572 1496 1546 1525 1823 1654 1575 1787 1700 1552 1524 1634 1631 1508 1482 1583 1525 1613 1570 1503 1765 1663 1715 1535 1755 1614 1627 1496 1573 1628 1660 1631 1523 1663 1514 1761 1639 1718 1618 1575 1596 1823 1791 1728 1538 1607 1715 1730 1506 1597 1515 1610 1501 1683 1616 1626 1823 1580 1628 1502 1498 1531 1561 1517 1793 1799 1667 1507 1497 1582 1779 1639 1799 1808 1662 1593 1640 1539 1785 1813 1729 1641 1597 1689 1680 1735 1521 1582 1679 1643 1561 1581 1619 1632 1507 1689 1604 1735 1683 1741 1552 1527 1518 1602 1522 1519 1623 1659 1623 1824 1659 1706 1723 1579 1682 1662 1540 1638 1603 1650 1569 1583 1824 1602 1624 1725 1661 1755 1743 1841 1711 1559 1622 1606 1721 1809 1732 1529 1608 1631 1566 1605 1537 1799 1544 1540 1622 1606 1793 1595 1526 1639 1540 1638 1603 1606 1537 1585 1624 1521 1570 1607 1623 1612 1555 1625 1567 1527 1637 1787 1538 1563 1654 1550 1765 1694 1602 1593 1528 1565 1626 1573 1785 1547 1711 1668 1675 1653 1805 1633 1607 1553 1590 1637 1615 1578 1719 1623 1678 1661 1784 1671 1724 1823 1809 1658 1607 1739 1720 1712 1604 1586 1575 1570 1607 1593 1606 1749 1604 1620 1638 1599 1585 1632 1598 1558 1680 1735 1683 1665 1820 1587 1588 1620 1618 1563 1652 1824 1721 1654 1694 1816 1587 1632 1689 1604 1630 1814 1564 1584 1819 1739 1611 1625 1565 1605 1761 1592 1630 1670 1651 1724 1824 1593 1717 1785 1745 1682 1804 1713 1650 1598 1676 1631 1615 1716 1803 1591 1568 1604 1629 1630 1719 1767 1574 1608 1624 1659 1715 1641 1622 1732 1672 1717 1811 1713 1612 1615 1779 1823 1728 1748 1811 1770 1591 1680 1617 1679 1817 1601 1678 1591 1650 1655 1686 1779 1813 1636 1741 1744 1763 1707 1696 1597 1626 1601 1619 1823 1613 1614 1627 1711 1610 1622 1621 1616 1668 1649 1689 1609 1621 1640 1723 1652 1607 1819 1720 1608 1817 1625 1724 1725 1618 1605 1779 1639 1613 1622 1793 1635 1621 1717 1652 1680 1817 1638 1823 1785 1716 1689 1650 1680 1665 1637 1654 1787 1625 1770 1721 1678 1661 1652 1770 1726 1635 1732 1649 1728 1698 1817 1658 1641 1723 1779 1745 1717 1819 1655 1774 1844 1705 1769 1782 1714 1774 1804 1766 1677 1758 1790 1818 1657 1832 1837 1655 1686 1665 1774 1756 1800 1816 1807 1740 1839 1753 1700 1759 1734 1668 1698 1686 1761 1670 1763 1659 1656 1795 1728 1797 1666 1679 1739 1768 1659 1721 1782 1758 1782 1820 1688 1812 1837 1700 1784 1783 1724 1809 1703 1798 1765 1784 1802 1808 1729 1804 1695 1684 1731 1821 1777 1776 1825 1813 1749 1696 1815 1751 1695 1770 1698 1752 1783 1806 1788 1743 1740 1691 1757 1782 1744 1750 1778 1812 1720 1759 1712 1801 1838 1767 1800 1693 1740 1736 1835 1770 1726 1684 1771 1731 1710 1703 1716 1725 1800 1804 1702 1704 1766 1827 1713 1703 1782 1778 1788 1710 1737 1701 1730 1758 1801 1691 1774 1705 1832 1735 1731 1768 1836 1758 1829 1808 1696 1798 1695 1794 1840 1725 1719 1795 1743 1716 1738 1840 1799 1707 1738 1744 1812 1850 1828 1797 1820 1756 1760 1792 1727 1850 1826 1765 1807 1772 1762 1751 1827 1745 1846 1748 1776 1762 1827 1720 1801 1842 1841 1818 1708 1843 1761 1754 1767 1810 1764 1792 1727 1824 1739 1838 1733 1720 1758 1720 1758 1817 1723 1799 1843 1798 1817 1767 1800 1801 1732 1790 1741 1806 1796 1817 1791 1810 1760 1813 1772 1804 1751 1801 1847 1756 1792 1772 1783 1848 1747 1807 1847 1810 1795 1805 1764 1831 1850 1746 1815 1828 1844 1744 1763 1778 1843 1798 1776 1757 1793 1815 1796 1773 1753 1816 1789 1785 1811 1821 1793 1750 1772 1790 1815 1811 1821 1783 1825 1848 1765 1763 1831 1773 1823 1791 1795 1821 1820 1769 1836 1818 1762 1833 1829 1847 1806 1841 1822 1833 1835 1787 1811 1786 1775 1844 1769 1842 1814 1788 1822 1780 1843 1820 1839 1833 1805 1797 1822 1837 1798 1846 1840 1790 1848 1811 1804 1816 1806 1831 1816 1839 1822 1810 1795 1843 1796 1828 1802 1829 1807 1814 1813 1846 1841 1820 1830 1830 1834 1825 1841 1834 1850 1832 1837 1849 1849 1845 1839 1845 1849 1849
</DataArray>
        <DataArray type="Float64" Name="center_distance" NumberOfComponents="1" format="ascii">
0.00159959310423 0.00159949931059 0.00159980476517 0.00159952428377 0.00159981927526 0.00159987921162 0.00159992092701 0.0015994953489 0.00159996381285 0.00159966959438 0.00159986987559 0.0015995831407 0.00159961732963 0.00159962659914 0.0015999159126 0.00159979789574 0.00159931629739 0.00159980627763 0.00159915350366 0.00159914926999 0.00159932248615 0.00159922161355 0.00159925153138 0.00159921090208 0.00159975835111 0.00159997020417 0.00159942170983 0.00159930160255 0.00159967898331 0.00159949214027 0.00159984283184 0.00159935465102 0.00159970904027 0.00159936223106 0.00159975217629 0.00159974748274 0.00159972520362 0.00159984708781 0.00159958561875 0.0015992874166 0.00159932249478 0.00159945214929 0.00159947641519 0.00159990348203 0.00159977584437 0.00159978663583 0.00159992444748 0.00159995606045 0.00159995423966 0.00159993700735 0.00159988530621 0.00159974623536 0.00159982827206 0.00159891055769 0.00159964623957 0.00159994869537 0.00159888858066 0.00159968679385 0.0015996967984 0.00159943492919 0.00159951387594 0.00159941218165 0.00159939219907 0.00159974545094 0.00159956247396 0.00159971504032 0.00159917120811 0.00159984941976 0.00159993056084 0.00159989733952 0.00159991274533 0.00159991457904 0.00159932745558 0.00159953281203 0.00159911965522 0.00159977032509 0.00159944222556 0.00159940195708 0.00159958400822 0.00159966312064 0.00159949733199 0.00159990323931 0.00159991057059 0.00159983242457 0.00159986763815 0.00159938456613 0.0015995137272 0.00159994347648 0.00159953311094 0.00159995493089 0.00159986403179 0.00159935392227 0.00159984667362 0.00159944887558 0.00159921575094 0.00159953515961 0.00159939015514 0.00159981028744 0.00159984190638 0.00159993139675 0.00159983274184 0.00159990464061 0.00159984296147 0.0015998310496 0.00159958657643 0.00159922619558 0.00159935487883 0.00159990731789 0.00159987226344 0.00159954920684 0.00159927874096 0.0015990187435 0.00159992961992 0.00159977563144 0.00159995525965 0.00159974966891 0.00159937747604 0.00159959878833 0.00159977252713 0.00159991718409 0.00159994532584 0.00159941047285 0.00159930517025 0.00159977867168 0.00159920725648 0.00159970945868 0.00159905701932 0.0015999129456 0.00159953128829 0.00159972941599 0.00159959478037 0.00159933428816 0.00159952326353 0.0015999170384 0.00159974243323 0.00159924767735 0.00159968622692 0.0015994946639 0.00159942475996 0.00159971459818 0.00159941677704 0.00159996731982 0.00159941959829 0.00159933347637 0.00159911198585 0.00159921039858 0.00159953599863 0.00159924158844 0.00159945706595 0.00159922650677 0.00159953909475 0.00159964567034 0.00159992207171 0.00159970679017 0.0015993120706 0.00159991175567 0.00159913780099 0.00159980559464 0.00159922611886 0.0015994178129 0.00159952753526 0.00159965246428 0.00159975773635 0.00159977795927 0.0015995273637 0.00159961976713 0.00159945704147 0.00159880915291 0.0015994329602 0.00159944951062 0.00159941074706 0.00159878639431 0.0015993270902 0.00159942054398 0.001599610737 0.00159962673484 0.00159940932994 0.00159959400765 0.00159991759636 0.00159990109694 0.00159956292456 0.00159959174852 0.00159914822255 0.00159952188472 0.00159920381512 0.00159940239705 0.00159972406223 0.00159966436213 0.00159999752789 0.00159974453116 0.00159978732217 0.00159938515734 0.00159992915356 0.00159930883709 0.00159954790906 0.00159925417395 0.00159966006152 0.00159958289786 0.00159958532295 0.00159943222138 0.00159957969126 0.00159985854384 0.00159933822342 0.0015995825583 0.00159930493808 0.00159917601021 0.00159985508636 0.00159924776759 0.00159981550051 0.00159904193635 0.00159984114126 0.0015995353597 0.00159969146417 0.00159984154009 0.00159989016373 0.00159951136714 0.00159977172985 0.00159933724256 0.00159946423574 0.00159960577996 0.00159903044775 0.00159919579699 0.00159899479165 0.00159924323504 0.00159981353807 0.00159965566259 0.0015997585891 0.00159981753409 0.00159993458824 0.00159975292226 0.00159967780997 0.00159966954658 0.00159922608943 0.00159995994525 0.00159944565456 0.00159927104191 0.00159963496052 0.00159943596968 0.00159958243861 0.00159976322536 0.00159951379015 0.00159989871422 0.00159967809661 0.00159964781093 0.00159964949334 0.00159964012223 0.00159976273973 0.00159975508301 0.00159938407001 0.00159980207931 0.00159952438221 0.00159931518071 0.00159996096812 0.00159926047369 0.00159939455472 0.00159989394961 0.00159992891138 0.00159944531594 0.00159931237862 0.00159951088274 0.00159982736869 0.00159972547078 0.0015993663071 0.0015995339082 0.00159932230878 0.00159987832287 0.00159991868803 0.00159984316267 0.00159988677444 0.00159962121756 0.00159960186941 0.00159938924955 0.00159992486903 0.00159992896206 0.00159967892984 0.00159892172497 0.0015995890851 0.00159955921511 0.00159995258095 0.0015995809941 0.00159970069212 0.00159946584321 0.00159956952594 0.00159944365111 0.00159907829572 0.00159974635942 0.00159959251334 0.00159922819697 0.00159919263814 0.00159954090392 0.00159985250335 0.00159973272753 0.00159962762691 0.00159982626578 0.00159946193696 0.00159915013211 0.00159968936308 0.00159996657461 0.00159996622247 0.00159995962886 0.00159989235912 0.00159989066683 0.00159993380994 0.00159989699192 0.00159940283057 0.00159943498581 0.00159977212441 0.00159922127765 0.00159929851843 0.00159982009527 0.00159933909363 0.00159949226822 0.001599906713 0.00159953498051 0.00159937045967 0.00159972151728 0.00159928794299 0.00159946263403 0.00159900202712 0.00159969669273 0.00159986476221 0.00159995277438 0.00159989507484 0.00159980925783 0.00159994106809 0.00159985199831 0.00159990460037 0.00159985410387 0.00159992525854 0.00159970531977 0.00159946906876 0.00159902379161 0.0015995135341 0.00159954454764 0.00159912237667 0.00159973122096 0.00159960750904 0.00159984285476 0.00159896982187 0.00159950901095 0.00159990997302 0.00159955426856 0.00159927268163 0.00159952213713 0.00159867150074 0.00159995371877 0.00159939493133 0.00159940859418 0.00159995174005 0.00159961176646 0.00159959262442 0.00159946799513 0.00159965091493 0.00159931624642 0.00159935077262 0.00159996013072 0.00159978573043 0.00159981383231 0.00159995236586 0.00159994513726 0.0015999150155 0.00159991819222 0.00159993310184 0.00159902166025 0.00159981168036 0.00159955279458 0.00159924698303 0.0015990369022 0.00159940734011 0.00159941897922 0.0015991163065 0.00159970568169 0.00159959052108 0.0015996338468 0.00159969890725 0.00159952344957 0.00159981725406 0.00159992983763 0.00159957262911 0.00159977056873 0.00159970695125 0.00159935248958 0.00159959955077 0.00159928062157 0.00159936144814 0.0015990616504 0.00159937150053 0.00159974808501 0.00159984894065 0.00159937858148 0.00159898839137 0.00159906940942 0.00159928846099 0.00159999172737 0.00159942241095 0.0015998223161 0.00159917198457 0.00159909327848 0.00159900671331 0.00159953631481 0.00159924114665 0.00159951625521 0.00159885386055 0.00159912660817 0.00159982374425 0.00159920699536 0.00159945031725 0.00159935706398 0.00159958321528 0.0015995338007 0.00159964297932 0.00159989120826 0.00159914251603 0.00159976902939 0.00159955196029 0.00159971689218 0.00159926038965 0.0015998798276 0.00159919951994 0.0015989631071 0.00159959049709 0.00159947610184 0.00159925465823 0.00159969397663 0.00159955858801 0.00159987231263 0.00159992628958 0.00159997142232 0.00159989329913 0.00159949866386 0.00159904464492 0.00159981220331 0.00159995774309 0.00159990199965 0.00159980455629 0.00159928913674 0.00159956970502 0.00159986877189 0.00159943930133 0.00159984053193 0.00159986892577 0.00159991876782 0.00159987277295 0.0015996643374 0.00159945336766 0.00159943290108 0.00159972154108 0.0015995570063 0.00159989112712 0.00159933368096 0.00159933729912 0.00159934906711 0.00159982530348 0.00159960137149 0.0015993555709 0.0015993047116 0.00159937481963 0.00159985926621 0.00159935162403 0.00159974119025 0.00159974665025 0.00159948228753 0.00159960404983 0.0015997161299 0.00159981329015 0.00159925550946 0.00159967992672 0.00159973736593 0.00159981803649 0.00159988805541 0.00159971701228 0.00159996321496 0.001599733152 0.00159927563215 0.00159970225272 0.0015996959729 0.0015999700912 0.00159951302752 0.00159948475927 0.00159929658314 0.00159942520486 0.00159921785418 0.00159949744112 0.00159930357926 0.00159927787759 0.00159985093746 0.00159964747107 0.00159947728983 0.00159920472728 0.00159969206599 0.00159966754425 0.00159997703811 0.00159992500234 0.00159918143257 0.00159996177684 0.00159943022924 0.00159952530409 0.00159929560186 0.00159972069814 0.00159968529183 0.00159988379201 0.00159958130187 0.00159989012032 0.00159935459028 0.00159980034953 0.00159972231487 0.00159949936129 0.0015997615438 0.00159976568152 0.00159955760324 0.00159924839883 0.00159993153466 0.00159928786689 0.00159984707345 0.0015995085002 0.00159925996897 0.00159973500117 0.00159971146367 0.00159929842947 0.00159987781702 0.00159915103917 0.00159968916164 0.00159974674287 0.00159964183493 0.00159950116173 0.00159985248037 0.00159985322713 0.00159953505914 0.00159950665659 0.00159976184524 0.00159983710206 0.00159936685544 0.00159923643698 0.00159906922469 0.00159989811871 0.00159951324188 0.00159939027127 0.0015996112757 0.00159974298653 0.00159955074371 0.00159949723903 0.0015993297739 0.00159994745482 0.00159913926885 0.00159956369193 0.001599483786 0.0015995250223 0.00159960747515 0.00159956403715 0.0015993873261 0.00159915831624 0.0015997342708 0.00159931005657 0.00159968442084 0.0015993012863 0.00159975075474 0.00159991701826 0.00159965237027 0.00159971193944 0.00159949431846 0.00159902572198 0.00159943870631 0.0015991100535 0.00159998969574 0.00159919866027 0.00159956042268 0.00159928078328 0.00159954558105 0.00159947678705 0.00159957693285 0.00159951434525 0.0015990942238 0.00159950505103 0.00159993546042 0.00159932231892 0.00159883118442 0.00159954178789 0.00159939549583 0.00159946704829 0.00159970082934 0.0015998641006 0.00159978273287 0.00159995772158 0.00159990560526 0.0015999552627 0.00159983759047 0.00159964270529 0.00159952579092 0.00159937574268 0.00159975455736 0.00159940433548 0.00159948765057 0.00159955613696 0.00159947484522 0.00159985254656 0.00159975400386 0.00159965738276 0.00159947605031 0.00159977699194 0.00159948753865 0.00159979821591 0.00159979814274 0.00159974874473 0.00159950304856 0.00159931362422 0.00159981326939 0.00159937220969 0.0015994280924 0.00159937668663 0.00159945435775 0.0015996577085 0.00159935986049 0.0015997421644 0.00159973208003 0.00159911954505 0.00159908958185 0.00159979331532 0.00159979840809 0.00159885019786 0.00159921296803 0.00159958307911 0.0015997990157 0.00159920765919 0.00159979626712 0.00159909181339 0.0015990702494 0.00159989426346 0.00159918150168 0.00159934732481 0.00159925904975 0.00159940308115 0.00159955610629 0.0015997225711 0.001599873214 0.00159966932427 0.0015992773826 0.00159946233889 0.00159991345937 0.00159970229339 0.00159974390299 0.00159985632356 0.00159963646535 0.00159946647021 0.00159996661998 0.00159985988357 0.00159931719872 0.00159941593571 0.00159978221865 0.0015996326019 0.00159953753861 0.00159964973168 0.0015999540619 0.00159978292368 0.00159931679415 0.0015993809128 0.00159956731157 0.00159965900503 0.00159959824207 0.00159988259739 0.00159922592371 0.00159974086948 0.00159957208803 0.00159957175869 0.00159961410179 0.00159954696595 0.00159987271584 0.00159992015799 0.00159978826305 0.00159948644871 0.0015994846742 0.00159991459379 0.0015999184626 0.00159950209132 0.00159936653101 0.00159993160662 0.00159972038743 0.00159958468797 0.00159989408986 0.00159953508959 0.00159876497547 0.00159911247448 0.00159982151177 0.00159870554859 0.00159907018825 0.00159983330776 0.00159980311883 0.00159941717584 0.00159993771532 0.00159943862974 0.00159932866824 0.00159920769487 0.00159979030414 0.00159938418663 0.00159961382041 0.00159952996228 0.00159954098291 0.00159954809869 0.00159933708623 0.00159966029909 0.00159956298095 0.00159983844516 0.00159990706057 0.00159961938981 0.00159963101516 0.00159974633959 0.00159957466449 0.00159993455733 0.00159890436075 0.00159994513259 0.00159947856186 0.0015995819547 0.00159991416845 0.00159965755639 0.00159947538119 0.00159908280643 0.00159924127342 0.00159975073639 0.00159937736968 0.00159939165956 0.00159947183988 0.0015992771974 0.00159999240368 0.00159921559884 0.00159975735322 0.00159908937822 0.00159956048078 0.00159989136121 0.00159976653853 0.00159950554371 0.00159973727056 0.00159936034842 0.001599720105 0.00159958360256 0.00159953770227 0.00159919956321 0.00159929550878 0.0015998988275 0.00159985262775 0.0015994831904 0.00159903955069 0.00159936350597 0.00159932670458 0.00159978263138 0.00159932916034 0.00159967367756 0.00159966779887 0.00159969567872 0.00159979626228 0.00159978158455 0.00159992205914 0.00159965888515 0.00159969866219 0.00159963837201 0.00159992901593 0.00159980433101 0.00159995525118 0.00159973111068 0.00159940837093 0.00159979901694 0.00159967000837 0.00159944508552 0.00159945591828 0.0015994922284 0.0015993179221 0.00159989984198 0.00159989356617 0.00159963003902 0.00159967074174 0.00159950644299 0.00159970954814 0.001599751552 0.00159997417135 0.00159964880955 0.00159909347763 0.00159950564679 0.00159950276453 0.00159988444438 0.00159944531965 0.0015997766153 0.00159960798741 0.00159942951492 0.00159972780811 0.00159994857795 0.00159974845475 0.00159937220128 0.00159880763875 0.00159943377964 0.00159933866438 0.00159983414952 0.00159942238311 0.00159933304679 0.00159970392873 0.0015993557565 0.00159931379789 0.00159907517484 0.00159954304141 0.00159964372675 0.00159974170843 0.00159951755691 0.00159947380065 0.00159987909436 0.0015990132066 0.00159990777337 0.00159997330009 0.00159979560952 0.00159940449716 0.0015999048275 0.00159952040648 0.00159995530881 0.00159975729027 0.00159945918949 0.00159991316238 0.00159915173351 0.00159932114315 0.00159952139016 0.00159914276187 0.00159942889197 0.00159978134388 0.00159959360503 0.00159976175563 0.00159940801624 0.00159969235945 0.00159945030482 0.00159937449988 0.00159971569369 0.00159959302948 0.00159973885387 0.00159967967063 0.00159992637207 0.00159973759435 0.00159967519298 0.00159962464671 0.001599864539 0.00159948130423 0.00159984688235 0.00159940974184 0.00159967297004 0.00159982202741 0.00159980346334 0.00159971970361 0.00159964880812 0.00159951239622 0.00159992713049 0.00159961230922 0.00159951314988 0.00159937513877 0.00159946766076 0.0015993916348 0.0015996429268 0.0015991861553 0.0015994068245 0.00159992169702 0.00159919783698 0.00159993785309 0.001599898438 0.00159998823259 0.00159991794062 0.00159947258588 0.00159984264383 0.00159966514642 0.00159971493046 0.0015998895701 0.00159943249646 0.00159934416218 0.00159941781529 0.00159919358044 0.00159936249946 0.001599840901 0.00159994971979 0.00159960882637 0.00159960867574 0.00159981496272 0.00159960618593 0.00159994241317 0.00159987316277 0.00159931474066 0.00159979874492 0.00159990773014 0.00159990631072 0.00159936768122 0.00159972754875 0.00159897708075 0.00159992996324 0.00159927549965 0.00159981022489 0.00159938747376 0.00159970115351 0.00159969714066 0.00159934018723 0.00159943688309 0.00159932473857 0.00159966332239 0.00159956213773 0.00159961928362 0.00159939663992 0.00159946037677 0.00159948054417 0.00159919746138 0.00159961200613 0.0015994025144 0.00159988802981 0.00159939161215 0.00159966932582 0.00159959791827 0.00159957302774 0.00159948858827 0.00159969631612 0.00159970316333 0.00159965629765 0.00159992944236 0.00159978224163 0.00159996666802 0.00159942088243 0.00159927196783 0.00159949160353 0.00159931846536 0.00159957930634 0.00159979742291 0.00159952571578 0.00159954775401 0.00159954046748 0.00159918594555 0.00159943939782 0.00159976333728 0.0015999241583 0.00159942909909 0.0015999310598 0.00159974672189 0.00159936736964 0.0015994157644 0.00159960238378 0.00159975074441 0.00159926074601 0.00159968232145 0.00159989537336 0.00159977451456 0.00159965152497 0.00159993047844 0.00159966454971 0.00159964483863 0.00159993637304 0.00159967264876 0.00159962935726 0.00159997913532 0.00159969511191 0.00159956707979 0.00159970988143 0.00159912654512 0.00159992892065 0.00159961337329 0.0015992832747 0.00159986512212 0.0015995064242 0.00159951261803 0.00159937002639 0.00159947758933 0.00159965837607 0.0015999757908 0.00159938963822 0.00159940079191 0.00159953949746 0.00159908981325 0.0015994055952 0.00159936856521 0.00159887133695 0.00159983940262 0.00159975492458 0.0015997415414 0.00159962867613 0.0015995999337 0.00159953249436 0.0015997222926 0.00159945257328 0.00159941070311 0.00159966486897 0.00159899024833 0.0015996147933 0.00159958156121 0.00159982839694 0.0015996279567 0.00159877786625 0.00159938350052 0.00159950070153 0.00159890049396 0.00159949579812 0.00159949033536 0.00159943816415 0.00159941479416 0.00159939587487 0.00159937408047 0.00159916229311 0.00159977224627 0.00159965001921 0.0015998608708 0.0015999642378 0.00159990664885 0.00159989570988 0.0015996574957 0.00159971714373 0.00159967264558 0.00159992079589 0.00159978773124 0.00159960468388 0.00159963282107 0.00159955034809 0.00159963463978 0.00159981210191 0.00159990775357 0.00159961967004 0.00159969095437 0.00159985062898 0.00159977019284 0.00159981507603 0.00159908647455 0.00159967224136 0.00159996813146 0.00159975156703 0.00159903295685 0.00159988101398 0.00159912508781 0.00159937006584 0.00159896840567 0.00159940156544 0.00159942796426 0.00159936475843 0.00159961572194 0.00159918908323 0.00159993385687 0.00159988871054 0.00159987309668 0.00159968325774 0.00159993877727 0.0015999504148 0.00159980747394 0.00159977729709 0.0015996476631 0.00159900224008 0.00159976369084 0.00159979217022 0.00159931452461 0.00159941550164 0.00159974571479 0.00159931120073 0.00159960186322 0.00159990396594 0.00159930470646 0.00159962480067 0.00159959096133 0.00159963348604 0.00159952256562 0.00159953746865 0.00159935574965 0.0015994594859 0.00159943392659 0.00159910338542 0.00159943005118 0.00159957643749 0.00159994586003 0.00159901115935 0.00159936043528 0.00159976967988 0.00159968853764 0.00159977128052 0.00159937926622 0.00159955667958 0.00159949631629 0.00159968750577 0.00159927790895 0.00159984537033 0.00159981026765 0.00159899806648 0.00159957143589 0.0015995700426 0.00159983843544 0.00159933431149 0.001599751296 0.00159967038481 0.00159944015853 0.00159976161344 0.00159966419943 0.00159971360117 0.00159984971523 0.00159948463935 0.00159956395476 0.00159991267147 0.0015999497605 0.0015994760148 0.00159935658977 0.00159934142086 0.00159980859784 0.00159978600577 0.00159908034916 0.0015999247315 0.00159985586258 0.00159985005898 0.00159964259408 0.00159929853891 0.00159925039873 0.00159950561683 0.00159992872645 0.00159960524332 0.00159981794092 0.00159991029316 0.00159983902403 0.00159946390603 0.00159966472909 0.00159975736727 0.00159985034252 0.00159973527744 0.0015998025728 0.0015996510306 0.00159958259514 0.00159970035365 0.00159975213514 0.00159959128744 0.00159984548328 0.00159959790665 0.0015993076222 0.00159941324691 0.00159967253874 0.00159932667477 0.00159976649873 0.00159936252181 0.00159996550756 0.00159961237203 0.00159994612297 0.00159938962807 0.00159949034291 0.00159969936714 0.00159952460975 0.0015992528417 0.00159945267442 0.00159988529015 0.00159985746708 0.00159916538454 0.00159899042084 0.00159948979499 0.00159915766888 0.00159993826576 0.00159989137749 0.00159936054638 0.00159996045946 0.00159976389135 0.00159947086429 0.00159948346983 0.00159987152741 0.00159935681428 0.00159964241116 0.00159954051051 0.0015994145576 0.00159987354794 0.00159944782933 0.00159952918455 0.00159936442645 0.00159984025406 0.00159954948889 0.00159959010268 0.00159964210885 0.00159962268962 0.00159990300439 0.00159941532642 0.00159964103978 0.00159992706417 0.00159933352698 0.00159977818474 0.00159952860505 0.00159997084422 0.00159933997986 0.00159933094232 0.00159953393065 0.00159925393783 0.0015997847661 0.00159924635086 0.00159919730743 0.00159951109057 0.00159966524906 0.00159927380296 0.00159925609306 0.00159949999079 0.00159950131663 0.00159955985818 0.00159949924529 0.00159971416204 0.00159946585367 0.00159962374031 0.00159958863753 0.0015997072307 0.00159982991465 0.00159956321815 0.00159978879594 0.00159962732323 0.00159966210414 0.00159993874623 0.00159989945803 0.00159981678419 0.00159978433202 0.00159979971759 0.00159983182488 0.00159989430158 0.00159945385791 0.00159914608447 0.00159911636795 0.0015996450244 0.00159979944593 0.00159971293629 0.00159988493911 0.00159996706231 0.0015999671688 0.00159991744228 0.00159999208292 0.0015998948921 0.00159974620779 0.00159980335068 0.00159956146335 0.0015995812157 0.00159963213426 0.00159900610333 0.00159994593366 0.00159983626867 0.00159987702717 0.00159976486233 0.00159976520465 0.00159981344521 0.00159997601433 0.00159974633281 0.00159981772255 0.0015999631522 0.00159945315789 0.00159911616934 0.00159903927477 0.00159946325673 0.00159973285915 0.00159918401034 0.00159959845892 0.00159947517267 0.00159971284299 0.00159972956832 0.00159993669745 0.00159988382611 0.00159988664249 0.00159967675482 0.00159983739879 0.00159966684545 0.0015996103896 0.00159961975663 0.00159967221241 0.00159953600322 0.00159937450966 0.00159979030598 0.00159968000557 0.00159950561189 0.00159973344044 0.00159966860324 0.00159957747269 0.00159962823893 0.00159989038479 0.00159987398822 0.00159985965062 0.0015998879153 0.00159986797827 0.00159983920604 0.00159962792409 0.00159955058326 0.00159957640527 0.00159966509794 0.00159992569143 0.00159901497797 0.00159925133755 0.00159970398267 0.00159955806517 0.0015990561238 0.00159969812707 0.00159968577109 0.00159918915604 0.00159957971716 0.00159940256663 0.0015999421507 0.00159926779904 0.00159913636493 0.0015994841761 0.00159958920737 0.00159972629199 0.00159970046637 0.00159987330668 0.00159993340889 0.00159997749844 0.00159972057739 0.001599803452 0.00159940084147 0.00159883864744 0.0015997622561 0.00159964193167 0.00159957618088 0.00159995898918 0.00159980979629 0.00159915437206 0.00159972082232 0.00159968711459 0.00159978111042 0.00159925764187 0.00159926026604 0.0015995990835 0.00159977541929 0.001599351438 0.00159985146886 0.00159979307127 0.00159891146929 0.00159976321188 0.00159928074194 0.00159948550399 0.00159969867259 0.00159969578572 0.00159937063969 0.00159955081166 0.00159986610705 0.00159933720522 0.001599890815 0.00159934995214 0.00159989335154 0.00159952881586 0.00159956547167 0.0015993948031 0.00159933164902 0.00159964675403 0.00159991925756 0.0015998724289 0.0015998241663 0.00159947097227 0.00159989984385 0.00159925954654 0.00159934157271 0.00159926895399 0.00159942030622 0.00159916825575 0.00159955384719 0.00159948132079 0.00159974956148 0.0015991333004 0.00159936033809 0.00159993504661 0.00159920078171 0.00159942427934 0.00159936932888 0.0015995196434 0.00159961300842 0.00159969829866 0.00159977099182 0.0015997922803 0.0015998317289 0.00159989843537 0.00159959846973 0.00159992497039 0.00159946855948 0.00159960672817 0.00159915673525 0.00159898156011 0.00159921523733 0.00159892423518 0.00159937550464 0.00159941339674 0.00159978150214 0.00159953436788 0.00159943783803 0.00159957499375 0.00159995958047 0.00159996048102 0.00159943834124 0.00159941881696 0.00159930532827 0.00159923672944 0.00159933899108 0.00159950250229 0.00159943642214 0.00159980204779 0.00159957248998 0.00159974379942 0.00159944872076 0.00159933713205 0.00159967222531 0.00159945873497 0.00159955812787 0.00159956804918 0.00159928194818 0.0015995333651 0.0015995071432 0.00159996677506 0.00159995069545 0.00159930753531 0.00159972048544 0.00159974262411 0.00159985034179 0.00159996336462 0.00159989089763 0.00159980300207 0.00159992296291 0.00159963879989 0.00159973818851 0.00159929408459 0.00159980076983 0.00159923353028 0.00159993860165 0.0015992962222 0.0015996217699 0.00159968734609 0.00159953486068 0.00159975845265 0.00159976950389 0.00159957774619 0.00159991473638 0.00159962657568 0.00159968339864 0.00159970513621 0.00159948728932 0.00159913576221 0.00159977346598 0.00159939004034 0.00159977746119 0.00159963886224 0.00159988562281 0.00159981199877 0.00159999923225 0.00159943479014 0.0015993394986 0.0015994826484 0.00159987012186 0.00159944748264 0.00159994160224 0.0015992430583 0.0015994711315 0.00159976359323 0.00159924445083 0.00159962709054 0.00159976868006 0.0015998295496 0.00159961957335 0.00159977348022 0.00159984789966 0.00159981368623 0.00159990009376 0.00159984997352 0.00159988803174 0.00159946121371 0.00159964492146 0.00159952202244 0.00159939240067 0.0015993419262 0.00159960011121 0.0015998949927 0.00159980122115 0.00159974620739 0.00159994564891 0.00159959902739 0.00159991583404 0.0015992202836 0.00159954974506 0.00159924828931 0.00159959946069 0.00159976878867 0.00159968211234 0.00159953753897 0.00159960904668 0.00159975155821 0.00159976908742 0.00159988360075 0.00159969604412 0.0015997030816 0.00159944058952 0.00159985995214 0.00159984832818 0.00159968879642 0.00159935585049 0.00159969416395 0.00159909557702 0.00159974322171 0.00159928336874 0.00159965878319 0.00159991660294 0.00159913727616 0.00159956302336 0.00159992880467 0.00159981399391 0.0015993069363 0.00159971972544 0.00159997872122 0.00159972906235 0.00159976237274 0.00159994968258 0.0015991580299 0.00159940755982 0.0015999703672 0.00159957019072 0.00159940935844 0.001599384855 0.00159985214263 0.00159983442174 0.00159933088643 0.00159898648126 0.00159956901889 0.00159917656549 0.00159958283104 0.0015996082263 0.00159983542851 0.00159978931502 0.00159959977867 0.00159962758042 0.00159993736844 0.00159988243975 0.00159973312103 0.00159936724824 0.00159919765753 0.00159972227659 0.00159937115358 0.00159994854214 0.00159918173927 0.00159972407975 0.00159984515786 0.00159923123692 0.00159983265356 0.00159952710546 0.00159964181003 0.00159992321558 0.00159944243744 0.00159971572615 0.0015997909868 0.00159980245633 0.00159959445208 0.00159967687277 0.00159957858651 0.00159969087968 0.00159949363357 0.00159952428027 0.00159964152582 0.00159943083581 0.00159937683444 0.00159947537108 0.00159948980065 0.0015991702997 0.00159988346175 0.00159937969485 0.00159925359837 0.00159940235396 0.00159961178725 0.00159972855033 0.00159962223768 0.00159950606739 0.00159988513087 0.00159957269569 0.00159968251795 0.00159980436624 0.00159981053272 0.00159975052133 0.00159926047782 0.00159981616241 0.00159994116512 0.00159984872877 0.00159950582673 0.00159975916326 0.0015997359019 0.00159978287503 0.00159943644251 0.00159977553303 0.00159947608067 0.00159973670796 0.00159996751932 0.00159959598071 0.00159958929862 0.00159978886216 0.0015998165308 0.00159983423242 0.00159993534815 0.00159980119951 0.00159946472063 0.00159975625669 0.00159998584641 0.00159973122621 0.00159949044957 0.00159965994677 0.00159960064925 0.00159976304815 0.00159958380374 0.0015996389637 0.00159942721004 0.00159991438031 0.00159968777225 0.00159969189241 0.0015996224324 0.00159947299338 0.00159957638511 0.00159955121454 0.00159962970529 0.00159971712345 0.00159963690029 0.00159986681102 0.00159954543178 0.00159967996924 0.00159999255004 0.00159964810499 0.00159997893861 0.00159938921783 0.00159968065255 0.00159986709105 0.00159953710449 0.00159940637897 0.00159991426389 0.00159992565018 0.0015999482539 0.00159992584318 0.0015992142386 0.00159958232085 0.00159916966518 0.00159977309564 0.00159946028578 0.00159952643976 0.00159936343989 0.0015997256571 0.00159967893785 0.00159963924849 0.00159950382449 0.00159962868388 0.00159938800418 0.00159990213211 0.00159966817507 0.00159951851751 0.00159982942954 0.00159983282765 0.00159931294263 0.00159992211214 0.00159950092923 0.00159962796545 0.00159944531526 0.00159958130959 0.00159954983925 0.00159963372524 0.00159958562484 0.00159991977946 0.00159955609863 0.00159986162937 0.00159972405197 0.00159972356312 0.00159995882956 0.00159925020769 0.00159959281975 0.00159947421373 0.00159980373132 0.00159986028018 0.00159931878479 0.00159959070007 0.00159995362042 0.00159962169019 0.00159942508984 0.00159931368808 0.00159951562095 0.00159984151207 0.00159955237459 0.0015994491496 0.00159962978571 0.00159952435142 0.0015998497979 0.00159989460368 0.001599801694 0.00159982549065 0.0015994677419 0.00159899771853 0.00159986418604 0.00159952203019 0.00159952118272 0.00159974808641 0.00159955187172 0.00159958306791 0.00159981541996 0.00159966203497 0.00159952165518 0.00159962653646 0.00159944385497 0.00159974611452 0.00159949394262 0.00159955528839 0.00159957978948 0.00159961586476 0.00159966124013 0.0015999361426 0.00159966777744 0.00159991797546 0.00159965026343 0.00159931092198 0.00159961082137 0.00159984864903 0.00159985741212 0.0015995425968 0.00159959852307 0.00159937045087 0.00159924179274 0.00159928019795 0.00159980863874 0.00159963047994 0.00159978334693 0.00159994324681 0.00159981267543 0.00159978957047 0.00159967429701 0.00159986086956 0.00159964661059 0.00159965245318 0.00159978414597 0.00159952197869 0.00159966286293 0.00159951311322 0.00159948200601 0.00159932238535 0.00159957200068 0.00159905782315 0.00159953516027 0.00159967197558 0.00159902481472 0.001599963552 0.0015995585353 0.00159997047782 0.00159937811863 0.0015995956801 0.00159982136661 0.00159951434811 0.00159970709059 0.00159918886158 0.00159970740736 0.00159930671223 0.00159984906281 0.00159979419429 0.00159938806452 0.00159995300493 0.00159970607606 0.00159984969702 0.00159994392795 0.00159965820053 0.00159974140765 0.00159911821126 0.0015994958322 0.00159939862847 0.00159940652825 0.00159988311649 0.00159989864194 0.00159993321532 0.001599468697 0.00159969709389 0.00159939377116 0.00159960297945 0.00159960676552 0.00159991280734 0.00159972412035 0.00159976891998 0.00159992110654 0.00159957893881 0.00159926378406 0.0015999034836 0.00159915870241 0.00159956142715 0.00159992984837 0.00159923380365 0.00159923064397 0.00159962243665 0.00159977005496 0.00159952675641 0.00159979735941 0.00159953242254 0.00159996768854 0.00159945688565 0.00159959523707 0.00159955153035 0.00159947988592 0.00159924939985 0.00159948517874 0.00159990307779 0.00159891027609 0.00159942224235 0.00159977242972 0.00159945034855 0.00159951108619 0.00159997808047 0.00159946745291 0.00159995201735 0.00159995199394 0.00159949091699 0.00159965362007 0.0015998472802 0.00159963607414 0.00159974187814 0.00159972517614 0.00159912453431 0.00159961688979 0.00159931836343 0.00159941854274 0.001599218476 0.00159932403286 0.00159994405592 0.00159967090993 0.00159985816089 0.00159990816871 0.00159957514605 0.00159964103182 0.00159961090714 0.0015997204779 0.00159959893814 0.00159985351912 0.00159977372249 0.00159962757634 0.00159973295369 0.00159968548584 0.00159994049543 0.0015996560599 0.00159957233222 0.0015996444846 0.00159914102031 0.00159942137998 0.00159921357236 0.00159938833383 0.00159962902775 0.00159981427614 0.00159965247369 0.00159981695202 0.00159958576148 0.00159959860855 0.0015995065035 0.00159992098203 0.00159947482056 0.00159901542238 0.00159941754524 0.0015998155362 0.00159901655698 0.00159977884586 0.00159955136639 0.00159986511859 0.00159977505169 0.00159983291209 0.00159964197406 0.00159960634629 0.00159982915635 0.00159988918427 0.00159937753561 0.00159955150257 0.00159985932449 0.0015997986467 0.00159994048674 0.00159993207049 0.0015998595678 0.00159957625067 0.0015995030441 0.0015996257052 0.00159971292318 0.00159971250956 0.00159977015339 0.00159980938345 0.00159964567142 0.00159982022236 0.00159933656937 0.00159956793067 0.00159929330916 0.00159969536852 0.00159930812666 0.00159943337646 0.00159980424727 0.00159990083853 0.00159947494315 0.00159966488283 0.00159980396159 0.00159965753999 0.00159990112633 0.00159927257814 0.00159933088669 0.00159995689754 0.00159917664333 0.00159972952979 0.00159910222712 0.00159982547005 0.00159948995041 0.00159949169029 0.00159925356605 0.00159971256977 0.00159938084866 0.00159979566016 0.00159956621571 0.0015997723728 0.00159985729295 0.00159940707329 0.0015994106989 0.00159939086602 0.00159988884786 0.00159987275957 0.00159959486275 0.00159986380282 0.00159986884976 0.00159969732325 0.0015998039303 0.00159969222402 0.00159933986655 0.00159988299484 0.00159972307273 0.00159980717217 0.0015995785071 0.00159950172399 0.0015995008466 0.00159982463301 0.00159929049619 0.00159981014956 0.00159967150318 0.00159977005539 0.00159965145351 0.00159938616268 0.00159973425338 0.0015996948175 0.00159986017737 0.00159922006942 0.00159987130851 0.00159973064136 0.00159973973101 0.00159911902117 0.00159925531391 0.00159970286167 0.00159989672834 0.00159986018847 0.00159960095684 0.00159961735127 0.00159984568402 0.00159975708449 0.00159938473997 0.0015992531445 0.0015991995701 0.00159930569873 0.00159964942195 0.00159927401034 0.0015998676965 0.00159936987024 0.00159925351787 0.00159928169886 0.00159987054013 0.00159986974737 0.00159990249758 0.00159954895828 0.00159979076241 0.00159955997475 0.00159956761876 0.00159954603763 0.00159972873063 0.00159981812018 0.00159968959741 0.0015992567342 0.0015997087371 0.00159954073239 0.00159948675674 0.00159978659066 0.00159974334115 0.00159957771806 0.00159981296858 0.00159961130787 0.00159970096541 0.00159935207115 0.00159995200403 0.00159967423929 0.00159939539287 0.00159940085212 0.00159991028811 0.00159955456389 0.00159940998788 0.0015996673683 0.00159992859749 0.00159993958469 0.00159959936371 0.00159936994296 0.00159942715182 0.00159958513281 0.00159943896984 0.0015995084132 0.00159961149112 0.00159972174722 0.0015997890337 0.00159982419541 0.00159970545555 0.00159953288007 0.00159990951417 0.00159952541215 0.00159973488454 0.00159987576121 0.00159992658272 0.00159943361414 0.00159968597208 0.00159952792412 0.00159944569666 0.00159981097255 0.00159982040137 0.00159979237589 0.00159962739629 0.00159977265381 0.00159973094678 0.00159972637948 0.00159982267228 0.00159983044644 0.00159949402983 0.00159960481401 0.00159979343005 0.00159970857757 0.00159972928767 0.00159983498424 0.00159966140028 0.00159978936482 0.00159935952526 0.0015998080668 0.00159978278274 0.00159967705439 0.00159964739031 0.00159952567095 0.00159989781191 0.00159950821265 0.00159961874505 0.00159943722444 0.00159937859022 0.00159976563613 0.0015996987094 0.00159944803195 0.00159970705482 0.00159962472412 0.00159968595784 0.00159964153731 0.00159975385448 0.00159981174132 0.00159964324669 0.00159982347927 0.00159986992469 0.00159983053581 0.00159991633411 0.00159951591723 0.00159997024862 0.00159976743857 0.00159964016395 0.00159943406294 0.00159962401253 0.00159956913158 0.00159966752774 0.001599343463 0.00159982176318 0.00159961518739 0.00159976859268 0.00159962932835 0.00159988511482 0.00159989643777 0.00159950410743 0.00159929413841 0.00159920525416 0.00159974333343 0.0015994727628 0.00159943847578 0.0015998744171 0.00159992176413 0.00159979652201 0.00159974709876 0.00159990749338 0.00159969452486 0.00159966605876 0.00159995525655 0.00159961828309 0.00159984749474 0.0015996082213 0.00159919586343 0.00159922337565 0.00159943222969 0.00159986123276 0.00159992242139 0.00159978913331 0.00159990944504 0.00159971200996 0.00159973405599 0.00159986429898 0.00159967981798 0.00159956029563 0.00159974454444 0.00159964313017 0.00159970205835 0.00159947945004 0.001599233972 0.00159965921587 0.00159991821197 0.00159959723912 0.00159967004738 0.00159940815426 0.00159973230584 0.00159932457653 0.00159931440968 0.00159931162961 0.00159997382839 0.00159941289721 0.00159945377648 0.0015993396973 0.00159955773127 0.00159979815916 0.00159974772996 0.00159959655219 0.00159963530061 0.00159970373769 0.00159963027268 0.00159959135101 0.00159948869638 0.00159948312054 0.00159939734396 0.00159943595521 0.0015999266456 0.00159955714333 0.00159985412224 0.00159994020906 0.00159967932492 0.00159962720519 0.00159987554616 0.00159970237245 0.00159985562278 0.00159929373684 0.00159980703628 0.00159985042088 0.00159977233626 0.00159987079908 0.00159982733343 0.00159975087207 0.00159984465064 0.0015997913333 0.00159981774046 0.0015996796004 0.00159956533234 0.00159958978566 0.00159978802004 0.00159970523187 0.00159960432486 0.00159965162172 0.00159992112924 0.00159951282606 0.00159993131715 0.00159958439328 0.00159986087047 0.00159942330166 0.00159967786367 0.00159943992659 0.001599915385 0.00159955250216 0.00159954817 0.00159969222991 0.00159968474634 0.00159979954055 0.00159968698531 0.00159928346291 0.00159944190488 0.0015997243147 0.00159955816342 0.0015994516537 0.00159981639435 0.00159988453434 0.0015997533013 0.0015998420695 0.00159961949747 0.00159991618738 0.00159983308731 0.00159966877876 0.00159938911931 0.00159940831331 0.00159979528688 0.00159949496068 0.00159936282833 0.001599647566 0.00159963107169 0.00159986990624 0.00159959828724 0.00159985281734 0.00159974636318 0.00159983743663 0.00159978048313 0.00159956785503 0.00159923255183 0.00159948862754 0.0015993859835 0.00159923934556 0.00159961208494 0.00159996063718 0.00159964916982 0.00159994621403 0.00159914728685 0.00159976601316 0.00159961016262 0.00159953348359 0.0015992961911 0.0015994419433 0.00159949875124 0.00159964605773 0.00159934050036 0.00159965635594 0.0015994091623 0.00159950007381 0.00159995034335 0.00159984761341 0.00159926129841 0.00159990387214 0.00159992336436 0.00159994158379 0.00159970724662 0.00159955266318 0.00159988866309 0.00159993368926 0.00159995111266 0.00159957730635 0.00159972641657 0.00159959170544 0.00159993805735 0.00159978399448 0.00159982653842 0.0015993527599 0.00159937973774 0.00159943955109 0.0015998683726 0.00159991274793 0.0015999396725 0.0015995825449 0.00159959800586 0.00159909759441 0.00159961080202 0.0015999056187 0.00159983959144 0.00159989254174 0.00159991476278 0.00159973834212 0.00159974640233 0.00159972357288 0.00159963096483 0.00159979529538 0.00159909089278 0.00159970043742 0.00159977022318 0.00159936518258 0.00159947119627 0.00159995748081 0.00159953247796 0.00159984528295 0.00159989041628 0.00159963436114 0.00159983613937 0.00159980606567 0.00159929982292 0.00159932348687 0.00159957340724 0.0015992857487 0.00159964317985 0.00159967849144 0.00159971547247 0.00159991535131 0.00159993723091 0.00159979662321 0.00159978876431 0.00159958098749 0.00159961469972 0.00159959780817 0.00159966667499 0.00159953505402 0.00159935546473 0.00159964284057 0.00159933099197 0.0015997453291 0.00159967980114 0.00159976293128 0.0015996435884 0.00159991608839 0.0015999215592 0.00159998445002 0.0015997162917 0.00159973608206 0.00159985642054 0.00159981686719 0.00159967216472 0.00159934692791 0.00159979478682 0.00159961741834 0.00159949314763 0.00159979363308 0.00159972340455 0.00159977690305 0.00159963389384 0.00159990736225 0.00159982947116 0.00159995782423 0.00159949538482 0.00159965265856 0.00159946627024 0.00159987216145 0.00159964409976 0.00159948301011 0.00159949558335 0.00159921472833 0.00159961084648 0.00159995431716 0.0015997020252 0.00159983453913 0.00159944993258 0.00159949003926 0.0015999660079 0.00159969221649 0.00159914490716 0.00159921387631 0.00159944607319 0.00159901199183 0.00159937585345 0.00159949415809 0.00159994434883 0.00159979556795 0.00159969747796 0.00159970969126 0.00159961230815 0.001599892858 0.00159971695726 0.00159996005753 0.00159959591681 0.00159933028639 0.0015993548168 0.00159949856926 0.00159998318212 0.00159931112346 0.00159985440106 0.0015998480571 0.00159981123198 0.00159954961336 0.00159988151345 0.00159984053378 0.00159943642596 0.00159973949179 0.00159975172013 0.00159949957748 0.00159992823752 0.00159996425216 0.00159996166355 0.00159972450978 0.00159938890069 0.00159950342775 0.00159948871231 0.00159935776192 0.00159998458089 0.00159987980837 0.00159970108432 0.00159954511427 0.00159977109652 0.00159971342728 0.00159971982787 0.00159981442165 0.00159993360158 0.00159972737433 0.00159953466842 0.00159985322528 0.0015995511298 0.00159960710946 0.00159991854779 0.00159984304888 0.00159955312771 0.0015999224519 0.00159954097727 0.00159922336842 0.00159948553606 0.00159967679023 0.00159941347785 0.00159948153039 0.00159984673973 0.00159978362171 0.00159939210418 0.00159991894479 0.00159974014606 0.00159964181354 0.00159949734163 0.0015993371477 0.0015995438099 0.00159984423135 0.0015998400379 0.00159984139059 0.00159985311798 0.00159974567364 0.00159931634385 0.00159940971409 0.00159927357404 0.00159955889612 0.00159994071842 0.00159942212808 0.00159993512761 0.00159951801228 0.00159987652602 0.00159966226273 0.00159949486821 0.00159982012357 0.0015993644914 0.00159975007909 0.00159944030716 0.00159974383439 0.00159928457643 0.00159926018856 0.00159992910326 0.00159964158483 0.00159943915252 0.00159999894971 0.00159993067781 0.00159954785502 0.00159981534582 0.00159997230242 0.00159965058409 0.00159919479316 0.00159919960011 0.00159984857809 0.0015996571766 0.00159984132372 0.0015997715832 0.00159978365991 0.00159974243099 0.00159996474874 0.00159993666073 0.00159984506286 0.0015995843312 0.00159987613164 0.00159993789431 0.00159946910914 0.00159962935612 0.00159990859208 0.00159949481816 0.00159918955811 0.00159992366968 0.00159996490955 0.00159981146593 0.00159973670701 0.00159951978573 0.0015996203094 0.00159949201249 0.00159958566028 0.00159984793761 0.00159991519136 0.00159929796828 0.00159922165649 0.0015992289484 0.0015999179697 0.00159998483679 0.00159974937145 0.0015999057434 0.00159978132932 0.0015999778442 0.00159944821947 0.00159969464772 0.00159930720311 0.00159932173857 0.00159976958308 0.00159990034721 0.00159981376206 0.00159947644065 0.00159971622006 0.00159951422462 0.00159924322388 0.00159946933668 0.00159941613876 0.00159994891473 0.00159943229056 0.00159992407069 0.00159997817351 0.00159970675967 0.00159938746772 0.0015997081418 0.00159979593558 0.00159953594752 0.00159980900919 0.00159990347704 0.00159997322515 0.00159960112961 0.00159987276601 0.00159976479086 0.0015992043127 0.00159939154264 0.00159948232844 0.00159950222316 0.00159997483373 0.00159928315754 0.00159995782106 0.00159929332728 0.00159942062279 0.00159975385545 0.00159959160115 0.00159959301456 0.00159970265074 0.00159968773491 0.0015996219497 0.00159961698902 0.00159961751473 0.00159975437852 0.0015992817593 0.00159961537636 0.0015992737805 0.00159940016272 0.00159955939277 0.00159948937314 0.00159946034957 0.00159988953632 0.00159989040776 0.0015996482826 0.001599852798 0.00159995999244 0.00159988369856 0.0015997878977 0.00159956708356 0.00159936263342 0.00159962351434 0.00159973429426 0.00159978476586 0.00159979643862 0.0015997860791 0.00159991472771 0.00159991373368 0.00159992051583 0.00159997870394 0.00159991011076 0.00159973347981 0.00159965676548 0.00159980268147 0.00159954334044 0.00159951825676 0.0015997683183 0.0015997683702 0.00159966396929 0.00159987529086 0.00159985251765 0.00159978598777 0.00159937369641 0.00159924600403 0.00159945839594 0.00159956191322 0.00159953533738 0.00159951279386 0.00159943622016 0.00159953399925 0.00159986206916 0.00159947398259 0.00159964168286 0.00159975942352 0.0015996616957 0.00159986967298 0.00159986540043 0.00159988170103 0.00159988719532 0.00159981248196 0.00159987384968 0.00159986089293 0.00159956681607 0.00159955161915 0.00159987994102 0.00159933730042 0.00159935645592 0.00159958948924 0.0015998372705 0.00159973762797 0.00159970170386 0.00159964757775 0.00159959356049 0.00159961411631 0.00159965288455 0.00159944115436 0.00159924893772 0.0015993726405 0.00159974414027 0.00159949407496 0.00159984487598 0.00159991446017 0.00159988432017 0.00159997006324 0.00159996329737 0.00159957509683 0.00159974867521 0.00159937402447 0.00159995703499 0.00159982062629 0.00159972151976 0.00159989647645 0.00159970106847 0.00159972294567 0.00159978948641 0.00159949177939 0.00159957203757 0.00159984431351 0.00159993074339 0.00159984066115 0.00159986011252 0.00159982057368 0.0015999794232 0.0015999168909 0.00159983964459 0.00159971871695 0.00159980467119 0.00159974503303 0.00159993316635 0.00159962258975 0.00159976194113 0.001599757142 0.00159976133298 0.00159970499981 0.00159987459261 0.00159992375859 0.00159977482396 0.00159962908947 0.0015999716515 0.00159965536173 0.00159930891742 0.00159960064436 0.00159946078507 0.00159973447879 0.00159957201715 0.00159935230908 0.00159992126937 0.00159980019536 0.00159982418965 0.00159944997793 0.00159970830431 0.00159980975223 0.00159948951162 0.00159945359655 0.00159980953867 0.00159965039682 0.00159972749364 0.0015998607463 0.00159992583011 0.00159980804256 0.00159991711717 0.00159986800017 0.001599702117 0.0015996900587 0.00159970773122 0.00159990859472 0.00159982124785 0.00159981339825 0.00159965863268 0.00159988630094 0.00159993393921 0.00159995816363 0.00159961510514 0.00159958545482 0.00159977076233 0.00159978747656 0.00159973683725 0.00159932147476 0.00159996625001 0.00159972349521 0.0015995059719 0.00159967898228 0.00159989244284 0.00159934834018 0.0015996888049 0.00159963282205 0.00159945859786 0.00159961120291 0.00159970055818 0.00159970765396 0.00159977165823 0.00159942492452 0.00159945643008 0.00159960259607 0.0015995573525 0.00159968203644 0.00159955839361 0.00159975068361 0.00159986869366 0.00159984547923 0.00159983371094 0.00159970737141 0.00159989845754 0.00159971042197 0.00159990776648 0.0015995630866 0.00159905146289 0.00159944856097 0.00159928897588 0.00159976825677 0.00159959590281 0.00159967257952 0.0015995623638 0.00159976368611 0.00159962602724 0.00159975924732 0.00159994913412 0.0015997732611 0.00159992529685 0.00159973044178 0.00159983057204 0.00159995599696 0.0015999632203 0.00159987857493 0.0015996204223 0.00159977364409 0.00159991446947 0.00159978588819 0.00159977959825 0.00159980573069 0.00159986923311 0.00159961344643 0.00159970143887 0.00159980696181 0.00159966230482 0.00159966212692 0.00159937430823 0.00159966338608 0.00159997092226 0.00159963622578 0.00159992566051 0.00159947046544 0.00159971493401 0.00159961739112 0.00159975607918 0.00159955177383 0.00159959250834 0.00159967702247 0.00159980551082 0.00159963309591 0.0015998312274 0.00159988724861 0.00159989496769 0.00159958506202 0.00159991622319 0.00159935275857 0.0015996421402 0.00159972808937 0.00159953819769 0.00159948363158 0.00159954540919 0.00159981720603 0.00159951779155 0.00159962391576 0.00159951855231 0.00159973032691 0.00159984446299 0.00159999673465 0.00159989856948 0.00159966219194 0.00159962064446 0.00159964445988 0.00159969801853 0.00159990027431 0.00159967281552 0.00159967768652 0.00159957541734 0.00159939603244 0.00159987605541 0.00159993325504 0.00159995636553 0.00159969904884 0.00159946804004 0.0015995137795 0.00159972007153 0.00159979619199 0.00159989564143 0.00159942660329 0.00159931712124 0.00159995710672 0.00159987729518 0.00159972301195 0.00159967854882 0.00159983089673 0.0015994266639 0.00159936922123 0.00159976278162 0.00159977834608 0.00159991460124 0.00159985475012 0.00159977602491 0.00159986212484 0.00159961031444 0.00159964247157 0.00159953676479 0.0015995474605 0.00159967657318 0.00159959225895 0.00159975373544 0.00159969187973 0.00159976755556 0.00159970312969 0.0015994423554 0.00159934089288 0.0015997804317 0.00159979860715 0.00159946501981 0.00159983041679 0.00159935276498 0.00159961054021 0.00159971829525 0.00159948798331 0.00159949466261 0.00159963418678 0.0015994458877 0.00159981427109 0.00159970844157 0.00159975284184 0.00159960824178 0.00159972091847 0.00159958347261 0.00159996772536 0.00159991687882 0.00159941151786 0.00159953001967 0.00159958041334 0.0015996274505 0.00159966779876 0.00159963032606 0.0015997272668 0.00159975757703 0.0015995717493 0.00159992784 0.00159962286646 0.0015999358177 0.0015998866378 0.00159955924337 0.00159945049919 0.00159953767639 0.00159968341062 0.00159942096416 0.00159974820012 0.00159948129363 0.00159950919505 0.00159967012721 0.00159943271577 0.00159977134585 0.00159974430494 0.00159977618167 0.00159976938401 0.00159992603857 0.00159962982955 0.00159974481556 0.00159964468217 0.00159956808582 0.00159953593651 0.00159967025162 0.00159960709315 0.00159992422472 0.00159993237013 0.00159992273556 0.00159973969526 0.00159979752871 0.00159980269855 0.00159976508554 0.00159987877753 0.0015996315906 0.00159964255409 0.00159970581441 0.00159968748342 0.0015995739888 0.00159981805988 0.001599608523 0.00159967515269 0.00159965364447 0.00159960655258 0.0015995341495 0.00159991241392 0.00159958820144 0.00159963105804 0.00159985843825 0.0015997841867 0.0015996618306 0.00159978742629 0.00159971721682 0.00159990818608 0.00159987493994 0.00159971745938 0.00159977717632 0.00159977872482 0.00159991133721 0.00159985970632 0.00159982239871 0.00159989612781 0.00159959987077 0.00159993021722 0.00159989116645 0.00159990065727 0.00159994035317 0.00159931111934 0.00159991648452 0.00159980391638 0.00159975083161 0.00159988063154 0.00159958130791 0.00159973504028 0.00159976347285 0.00159965575194 0.00159967882882 0.00159937391373 0.00159966948073 0.001599640053 0.00159995124489 0.00159957968433 0.00159982571831 0.00159996357254 0.00159995379931 0.00159990181441 0.0015999687618 0.00159990265591 0.0015999631769 0.0015995172133 0.00159997377331 0.00159963234762 0.00159942111269 0.00159989543251 0.00159982883777 0.00159927295995 0.00159919451988 0.00159973000193 0.00159960407427 0.00159982695087 0.00159982277343 0.00159988832255 0.00159979202045 0.00159996670269 0.00159908152043 0.00159969900165 0.00159949121342 0.0015999978188 0.00159972483561 0.00159971853465 0.00159964187588 0.00159972864215 0.00159973293333 0.00159983652519 0.00159977593928 0.00159976294876 0.00159967368029 0.00159961685105 0.00159958532149 0.0015996912409 0.00159996073514 0.0015993643965 0.00159962667586 0.00159967540374 0.00159951367517 0.00159953193164 0.00159958073899 0.00159970199871 0.00159962251325 0.00159969599916 0.00159952152437 0.00159948618136 0.00159984835554 0.00159991287876 0.00159981628783 0.00159986831442 0.00159977152614 0.00159965740011 0.00159959419737 0.00159971046559 0.00159945229268 0.00159991669976 0.00159919519068 0.00159982697227 0.00159992251313 0.00159984964392 0.00159974765361 0.00159993878609 0.00159961903079 0.00159970179552 0.0015998041108 0.00159976004219 0.00159975535978 0.00159973713865 0.00159993485794 0.00159983643076 0.00159968305286 0.0015998275405 0.00159967905869 0.00159954148829 0.00159956678953 0.00159983512428 0.00159958447886 0.00159986653889 0.00159979318103 0.0015998414432 0.0015999419717 0.00159966618388 0.00159987187905 0.00159972034719 0.0015998162278 0.00159993958727 0.00159994641131 0.00159978169409 0.00159974482759 0.00159974994917 0.00159986045183 0.00159987336399 0.00159972542085 0.00159960508942 0.00159969348464 0.00159983208209 0.00159979542235 0.00159985398473 0.00159985395981 0.00159982152327 0.00159973555686 0.0015997185535 0.00159988496489 0.00159989373768 0.00159976584591 0.00159986395023 0.0015998352504 0.00159990255475 0.00159998113978 0.00159962677827 0.00159965830477 0.00159990040863 0.00159937108781 0.00159955524106 0.00159967833914 0.00159980643796 0.00159956324609 0.00159969832696 0.00159988101035 0.00159983273815 0.00159952913595 0.00159982846208 0.00159995809296 0.00159987302767 0.00159987671371 0.00159992372539 0.00159989830809 0.00159955566602 0.00159982216233 0.00159974474928 0.00159963134059 0.00159981454863 0.00159969349012 0.00159991344608 0.00159980879929 0.00159981369269 0.00159979919552 0.00159982262278 0.00159984964363 0.00159958106453 0.00159990672609 0.00159964762065 0.0015999353522 0.00159980613984 0.00159987363785 0.00159992197447 0.00159998669009 0.0015997703035 0.00159977235035 0.00159976541514 0.00159958195739 0.00159964277962 0.00159995221758 0.00159984741564 0.00159986422422 0.00159986163561 0.00159995733138 0.00159985005809 0.00159972495896 0.00159977377534 0.0015999219602 0.00159996348013 0.00159983904624 0.00159991179485 0.0015999037886 0.00159971922962 0.00159973925272 0.00159965560758 0.00159991542975 0.00159980656037 0.00159972415858 0.00159986328663 0.00159968154912 0.00159965496931 0.00159962068066 0.00159985656825 0.0015995728815 0.00159973156064 0.00159998624857 0.00159996680886 0.00159990663594 0.00159977122694 0.00159965186911 0.00159953871615 0.00159985963814 0.0015996759353 0.00159969005198 0.00159927874605 0.00159966197668 0.00159987858446 0.00159951321356 0.00159953974287 0.00159997184323 0.00159989910646 0.00159970334206 0.00159996009186 0.00159973628607 0.00159993504427 0.00159975732548 0.00159964567923 0.00159985366651 0.00159971865421 0.00159974368525 0.00159984895726 0.00159971167942 0.00159963146369 0.00159961508309 0.00159985581102 0.00159976189674 0.00159990631865 0.00159979390181 0.00159957948903 0.00159968436166 0.0015999705384 0.00159967988271 0.00159979420962 0.00159975926356 0.00159973924022 0.00159951322876 0.00159991687933 0.00159973082198 0.00159966169734 0.00159985833208 0.0015996875907 0.00159972693275 0.00159979780214 0.00159989042068 0.00159972961778 0.00159981565052 0.00159987040504 0.00159992473329 0.00159967124212 0.00159979612675 0.00159998314878 0.00159967887635 0.00159991717998 0.00159984708288 0.00159985244542 0.00159996198414 0.00159991636363 0.00159970408588 0.00159966251316 0.0015998206114 0.00159977120525 0.00159970678575 0.00159951213668 0.0015997587299 0.00159991202885 0.00159985452833 0.00159979911467 0.00159960441362 0.00159981976749 0.00159963690014 0.00159981338437 0.00159968758301 0.00159972529129 0.00159974325536 0.00159974657354 0.00159977913165 0.00159982994185 0.00159969747232 0.00159953040621 0.0015999618578 0.00159985507468 0.00159995989311 0.00159977629614 0.00159989200353 0.00159964717456 0.00159968862274 0.00159966623477 0.001599699728 0.00159980459601 0.0015999024162 0.00159978821829 0.00159941662434 0.00159983852742 0.00159992766902 0.00159989907284 0.00159992841563 0.0015998802564 0.0015998630645 0.00159982630225 0.00159990243693 0.00159975295934 0.00159985486631 0.00159954698055 0.0015996479013 0.00159987584464 0.00159986688187 0.00159961856215 0.00159993019766 0.00159979066089 0.00159994363961 0.0015998559383 0.00159919735116 0.0015997347665 0.00159972814733 0.00159976011436 0.00159976706672 0.00159976992073 0.00159994665892 0.00159964122542 0.00159951118778 0.00159979678295 0.00159994742408 0.00159961467507 0.00159975771374 0.00159999025441 0.00159972757886 0.0015998797168 0.00159970463379 0.00159982290728 0.00159967968553 0.0015998375441 0.00159973170918 0.00159968846223 0.00159978937988 0.00159969508007 0.00159987134986 0.00159979846149 0.00159975810335 0.00159979332971 0.00159985703975 0.00159985001582 0.00159988167986 0.0015997406265 0.00159973470991 0.00159980401073 0.00159957044392 0.00159974225745 0.0015996714671 0.00159966477232 0.00159989105087 0.00159960506225 0.00159982778646 0.00159962967155 0.00159985424834 0.00159968915004 0.00159961826043 0.00159985621094 0.00159964779146 0.0015998310765 0.0015999173154 0.00159969772711 0.00159977353501 0.00159976025166 0.00159975163966 0.00159997219566 0.00159963345886 0.00159969648304 0.00159979028508 0.00159960437402 0.00159981961748 0.00159976933329 0.00159954625919 0.00159972348489 0.0015997132321 0.00159978457604 0.00159983697207 0.00159975179174 0.00159976535086 0.00159978672864 0.001599826531 0.00159958639989 0.00159987089578 0.00159983666204 0.00159964866762 0.00159969869243 0.00159992168926 0.00159967443934 0.00159968771065 0.00159979799575 0.00159953778886 0.00159957780847 0.0015997859618 0.00159965233207 0.00159976724857 0.00159971068027 0.00159992439183 0.00159984849907 0.00159964199127 0.00159979048912 0.00159981010384 0.00159981674585 0.00159992233325 0.0015997929684 0.00159964222127 0.00159988675265 0.001599849349 0.00159983714 0.00159967800749 0.00159980826329 0.00159962600918 0.00159978189027 0.00159959839626 0.00159965370977 0.00159986218233 0.00159973495825 0.00159978630129 0.0015995770172 0.00159969023045 0.00159980469007 0.00159959082955 0.00159961818297 0.00159988529007 0.00159985342684 0.00159980832555 0.00159991848367 0.00159960463326 0.00159971261607 0.0015995192373 0.00159959129442 0.00159953604771 0.0015997452335 0.00159951425405 0.00159983020765 0.00159989963392 0.00159991721144 0.00159976935165 0.00159983310806 0.00159987739088 0.00159981812521 0.00159988751222 0.00159978469692 0.00159988156682 0.00159971972457 0.0015996533561 0.00159989089949 0.00159981662009 0.00159973461868 0.00159958300092 0.00159975361914 0.0015995779048 0.00159972986674 0.00159981963488 0.00159996082904 0.00159979627907 0.00159975254166 0.00159967511705 0.00159987011709 0.00159975256288 0.00159985016062 0.00159976962586 0.00159984338866 0.0015998003329 0.00159974179534 0.00159997038828 0.0015999061733 0.00159963239077 0.00159947047698 0.00159994314902 0.0015996559599 0.00159981719474 0.00159968678242 0.00159971060659 0.00159974666145 0.0015998481966 0.00159963899141 0.00159967881707 0.00159954823525 0.00159976545398 0.00159992741111 0.0015997924126 0.00159981478061 0.00159970271548 0.00159974135224 0.00159991240456 0.00159962063344 0.00159988439092 0.00159967554313 0.00159979790684 0.0015997773352 0.00159993493707 0.00159968004505 0.00159965271338 0.00159981903357 0.00159977900643 0.00159981940083 0.00159987489939 0.00159981814202 0.00159974693574 0.00159996231244 0.0015998701813 0.00159988442274 0.00159956209067 0.00159966608715 0.00159996412955 0.00159964008204 0.00159979124613 0.00159990881422 0.00159980663001 0.00159977287722 0.00159985951819 0.00159980041392 0.00159992911687 0.00159975603888 0.00159986822157 0.0015996488555 0.0015998021659 0.0015999196795 0.0015997213751 0.00159984688115 0.00159987209437 0.00159982766225 0.00159993043779 0.00159990304915 0.00159994037036 0.00159996714974 0.00159996896916 0.00159996731974 0.0015996961855 0.00159994508478 0.00159979441478 0.00159983135725 0.00159978538574 0.0015996462434 0.00159983409391 0.00159980339399 0.00159985217509 0.00159987662413 0.00159983818878 0.0015996689442 0.00159979919552 0.00159972552793 0.00159980001924 0.00159974926446 0.00159989248843 0.00159982404365 0.001599991974 0.00159995804918 0.00159986843781 0.00159969648954 0.00159963849715 0.00159968911282 0.00159978632709 0.00159978853497 0.00159984189558 0.00159982505835 0.00159979866874 0.00159996131154 0.00159987961814 0.00159987603259 0.0015998476843 0.00159976386038 0.00159975960583 0.00159991650792 0.00159989799117 0.00159992007676 0.00159990648085 0.0015999589094 0.00159985473022 0.0015998641385 0.00159984643961 0.00159980202036 0.00159988905583 0.00159986133911 0.00159989030922 0.00159981424532 0.00159982545159 0.00159982081391 0.00159990349837 0.00159982517287 0.00159982424529 0.00159985536106 0.00159969258294 0.0015997976427 0.00159986804952 0.00159989629571 0.00159991129112 0.00159977397296 0.00159983794659 0.00159995302914 0.00159976057308 0.00159981032005 0.00159980272603 0.00159991350117 0.00159965235901 0.00159964708028 0.00159972584082 0.00159960597567 0.00159984389564 0.001599719581 0.00159975278736 0.0015996997359 0.00159972051191 0.00159976523303 0.00159967533591 0.00159977336507 0.0015999730584 0.00159975142167 0.00159973497703 0.00159996598375 0.00159984289277 0.0015998838229 0.00159986698259 0.00159974590812 0.00159987274381 0.00159982671925 0.00159978646786 0.00159945152832 0.00159968100333 0.00159970647213 0.00159956639318 0.00159980252878 0.00159981290137 0.0015998072073 0.00159982376272 0.00159981107393 0.00159984814782 0.00159987337927 0.00159983967304 0.00159994313452 0.00159986808882 0.00159997753841 0.00159964604501 0.0015998287121 0.00159966089453 0.00159978371528 0.00159985551434 0.00159987554743 0.00159973534252 0.00159942452098 0.00159941783835 0.0015997868679 0.00159992817436 0.00159986766627 0.00159986134467 0.00159974907725 0.00159964545262 0.00159981957574 0.00159972737936 0.00159977581016 0.00159988382259 0.00159992480548 0.00159992125671 0.00159979502494 0.00159981455674 0.00159982252404 0.00159973407721 0.00159970929601 0.00159975776439 0.00159986249931 0.00159985636866 0.00159982090205 0.0015998325789 0.00159989421223 0.00159988626276 0.0015998018811 0.00159981774516 0.0015997543391 0.00159985053269 0.00159980376957 0.00159971551436 0.00159980086466 0.00159971312164 0.00159978851124 0.00159972040303 0.00159971362975 0.00159994542719 0.00159953207935 0.00159993413852 0.00159971341535 0.00159987660895 0.00159967335527 0.00159990439113 0.0015996184024 0.00159967000601 0.0015998577188 0.00159982925783 0.00159984508313 0.0015998237769 0.0015998956396 0.0015997267666 0.00159979931739 0.00159967162549 0.00159984843638 0.00159988674386 0.00159993178576 0.00159994464258 0.0015999441768 0.00159993635807 0.00159992543815 0.00159992082151 0.00159997592608 0.00159991436617 0.00159990178415 0.00159985752584 0.00159988209146 0.0015997696532 0.00159986722366 0.0015997743509 0.00159985421075 0.00159989207345 0.00159970523093 0.00159973159423 0.00159967723833 0.00159981577635 0.00159980255042 0.00159995001231 0.00159988885484 0.00159991504412 0.00159950101296 0.00159985803249 0.00159979438522 0.00159957621483 0.00159973100047 0.00159980887697 0.00159989509571 0.00159980071551 0.00159988929861 0.00159984107367 0.00159987889068 0.00159994886234 0.00159978915117 0.00159982621049 0.00159968696587 0.0015997940941 0.00159965619837 0.00159958623611 0.00159978200652 0.00159983948301 0.00159980223907 0.00159986475813 0.00159997710185 0.00159979984399 0.00159978717979 0.00159975358075 0.00159964167127 0.00159948205622 0.00159992581515 0.00159962959308 0.00159980838813 0.00159955076916 0.00159980096444 0.00159988417462 0.00159995296195 0.00159960837496 0.0015997053941 0.00159992413016 0.00159973066999 0.00159975922471 0.00159994466057 0.00159980961097 0.00159973552374 0.00159974210641 0.00159983422044 0.00159981657106 0.00159985137628 0.00159975748879 0.00159994365166 0.00159977849148 0.00159991028977 0.00159994123272 0.00159976949151 0.001599855565 0.00159979479954 0.00159949264422 0.00159976679154 0.00159986472332 0.00159985853242 0.00159976385605 0.00159996102704 0.0015997664436 0.00159976680712 0.00159992901381 0.00159989213007 0.00159980798301 0.00159992152297 0.00159978527126 0.00159990010847 0.00159985742775 0.0015998565438 0.00159992013046 0.00159986928067 0.00159993826669 0.00159990669214 0.00159984406542 0.00159974911111 0.00159991264697 0.00159987535383 0.00159995353835 0.0015997614641 0.00159983601587 0.00159988449188 0.00159992984916 0.00159981750129 0.00159979058103 0.00159981217041 0.0015999019358 0.00159983497353 0.00159992561206 0.00159980758346 0.00159985020158 0.00159989491428 0.00159983246251 0.00159950836672 0.00159976199852 0.00159996100067 0.00159997091832 0.00159979343695 0.00159987782917 0.00159987373298 0.00159991390907 0.00159985856085 0.00159980393317 0.00159985458087 0.00159978440775 0.00159961384726 0.00159990972797 0.00159996997975 0.00159992319845 0.00159982016212 0.00159987460295 0.00159991365483 0.00159991196993 0.00159988238209 0.00159975532688 0.00159987542619 0.00159963897138 0.00159985110757 0.00159994019527 0.00159976038057 0.00159967766846 0.00159976297024 0.00159979166709 0.00159976588748 0.00159967777948 0.0015998910704 0.00159981248585 0.00159977227741 0.00159966602787 0.00159996262312 0.00159950765958 0.00159968063392 0.00159970172356 0.00159951007367 0.00159981841521 0.00159974512796 0.00159979791316 0.00159972974824 0.00159990689835 0.00159981383394 0.00159975303252 0.00159993889537 0.00159987866363 0.00159975889806 0.00159987006398 0.00159978304775 0.00159968918323 0.00159985634136 0.00159993284889 0.00159990280064 0.00159973662422 0.00159986119054 0.00159989586101 0.00159979698744 0.0015998895345 0.00159969334392 0.00159988684128 0.00159995902282 0.00159998990719 0.00159993575877 0.00159986184639 0.00159981474308 0.00159976623867 0.00159965582745 0.00159987547073 0.00159970384536 0.00159996404816 0.00159987227568 0.00159990582419 0.001599846888 0.00159970562323 0.0015998364936 0.00159985848333 0.00159987814915 0.00159989696874 0.00159990811831 0.00159972906404 0.00159992415956 0.00159992965671 0.00159996459345 0.00159998334232 0.0015999331114 0.00159998861096 0.00159980230907 0.00159989080787 0.00159985863841 0.00159986748186 0.00159995887783 0.00159987817612 0.00159989231093 0.00159990746313 0.00159993837619 0.00159996108892 0.00159992210958 0.0015999346833 0.00159985017676 0.00159987946677 0.00159989592698 0.00159987962399 0.00159987687674 0.00159988242999 0.00159988937595 0.00159993323139 0.00159994654756 0.0015999318201 0.00159990740329 0.00159988820727 0.00159992217979 0.00159993788883 0.00159986852077 0.00159997310011 0.00159988008379 0.00159971743158 0.0015999258984 0.00159983205344 0.0015999389636 0.00159992349731 0.0015998956824 0.00159985917294 0.00159987166863 0.00159987233854 0.00159997506479 0.00159980541243 0.00159984597281 0.00159975597437 0.00159984891022 0.001599757917 0.0015998565861 0.00159984477816 0.00159989945832 0.00159993060832 0.001599979297 0.00159992182972 0.00159976374178 0.00159991456456 0.00159987088809 0.00159984868737 0.00159991979659 0.00159988620293 0.00159978347523 0.00159992848596 0.0015999288352 0.0015999006304 0.00159993315603 0.0015999524111 0.00159987754734 0.00159991096633 0.00159991549238 0.00159986667823 0.00159999050618 0.0015999430511 0.00159987160603 0.00159996922122 0.00159984487912 0.00159991081816 0.00159989606176 0.00159991607866 0.0015999460227 0.00159993388367 0.00159977607719 0.00159992199202 0.00159998731835 0.00159995488031 0.00159984727393 0.0015998758532 0.00159986683381 0.00159992049289 0.00159983446365 0.00159998661356 0.00159990450191 0.00159993613221 0.00159993898647 0.00159987683245 0.00159993060834 0.00159980475736 0.0015998471521 0.00159999432192 0.00159993770702 0.00159988619976 0.0015998757435 0.00159995540084 0.00159990099962 0.00159991663744 0.00159993879195 0.00159992681762 0.00159991156834 0.00159977077762 0.00159983203488 0.00159980760566 0.00159984341854 0.00159987265344 0.00159991701296 0.00159987279287 0.00159984767332 0.00159985959845 0.00159989377509 0.00159994381516 0.00159997118938 0.0015999693274 0.00159995716119 0.00159989468934 0.00159989557073 0.00159971054162 0.00159981951619 0.00159991343835 0.00159991940715 0.00159994021211 0.00159983557211 0.00159997116658 0.00159990760303 0.00159990001713 0.00159992092522 0.00159992029875 0.00159993775549 0.00159994077872 0.00159979417165 0.00159985482287 0.00159989346824 0.00159992137846 0.00159988097946 0.00159992165842 0.00159988270031 0.00159988377352 0.0015998071963 0.00159993321506 0.00159987216291 0.00159993923472 0.00159981788833 0.00159984000678 0.0015998822418 0.00159981748079 0.00159993918922 0.00159996609968 0.00159995344947 0.00159995542689 0.0015999485712 0.00159991552742 0.00159983944766 0.00159995978376 0.00159988852321 0.00159993666223 0.0015999153632 0.00159991990144 0.0015998856707 0.0015998966352 0.00159995256935 0.00159998288401 0.00159991934163 0.00159993700904 0.00159980493425 0.00159992237021 0.0015999224488 0.0015999618813 0.00159997947039 0.00159998167047 0.00159994653762 0.00159990837332 0.00159980413655 0.00159986351351 0.00159987091808 0.00159992653259 0.00159988570831 0.00159991840412 0.00159990582315 0.00159996198834 0.00159991438378 0.00159994516868 0.00159981907062 0.00159988285551 0.00159995016325 0.00159987635511 0.00159982773818 0.00159991866218 0.00159995369055 0.00159995554864 0.00159989084955 0.00159996676416 0.00159996882513 0.00159991287752 0.00159993454103 0.00159994773889 0.0015998764914 0.00159984802823 0.00159989431489 0.00159976805049 0.00159992669099 0.00159991431288 0.00159986098306 0.00159978093906 0.00159986484806 0.00159991269 0.00159993885799 0.0015998882351 0.00159985911915 0.00159987360089 0.00159986857683 0.00159986638045 0.00159968224474 0.0015997796087 0.00159988048151 0.00159993757329 0.00159992993432 0.00159985588191 0.00159990828111 0.00159994220445 0.00159996507098 0.00159992147514 0.00159993525019 0.0015999320737 0.00159985204175 0.00159993546828 0.00159995669527 0.00159992441371 0.00159995858225 0.00159994979963 0.00159993519695 0.00159995777211 0.00159993064087 0.00159998427746 0.00159990930014 0.0015999145199 0.00159994860469 0.00159996857523 0.00159996073697 0.0015999158476 0.00159989079249 0.00159983362593 0.00159984258265 0.00159993985015 0.00159992224135 0.00159986090132 0.00159991586813 0.00159976296318 0.00159991437522 0.00159994727912 0.00159993404575 0.00159989727696 0.00159989993727 0.00159996285704 0.00159981125952 0.00159990557579 0.00159996643157 0.0015998690829 0.00159991173716 0.001599949212 0.00159990482754 0.00159996118884 0.00159990432772 0.0015998712157 0.00159989753034 0.00159994835474 0.00159993150306 0.00159969924774 0.00159981453379 0.00159989336146 0.00159990973886 0.00159980098307 0.0015998521595 0.00159993216344 0.00159982612766 0.00159991946123 0.00159992156375 0.00159994261296 0.00159993871435 0.00159995549426 0.00159999269693 0.0015999538064 0.0015999646355 0.00159983875543 0.00159994179008 0.00159986122959 0.00159994038301 0.00159997146245 0.00159980417369 0.00159991328792 0.0015998334649 0.00159988890982 0.00159994999288 0.00159990046588 0.00159991782065 0.00159969052051 0.00159990609739 0.00159997455479 0.00159989728186 0.00159993246875 0.00159994645469 0.00159993730275 0.00159993780945 0.00159993127449 0.0015999389125 0.00159999280896 0.00159992768108 0.00159993408852 0.00159994850936 0.00159994387319 0.00159981257031 0.00159997149618 0.00159987809497 0.00159978481126 0.0015998586564 0.00159999216006 0.00159992828109 0.00159991754091 0.0015999627798 0.00159981581955 0.00159983311481 0.0015999589636 0.0015999201554 0.00159987121847 0.00159996208598 0.00159994376527 0.00159993534374 0.00159995391439 0.00159983458246 0.0015998286446 0.0015998934316 0.00159995420072 0.0015999294188 0.00159995430586 0.00159992030481 0.00159986294027 0.00159994633923 0.00159991684532 0.00159996902217 0.00159996933167 0.00159993229461 0.00159995282004 0.00159992843721 0.00159994324541 0.00159993343282 0.00159997133908 0.00159994143279 0.00159996341981 0.00159997068648
</DataArray>
        <DataArray type="Float64" Name="contact_force" NumberOfComponents="1" format="ascii">
0.000380296307782 0.000519098707983 0.000126395986254 0.000480750001366 0.000112570279881 6.15084894223e-05 3.25791371891e-05 0.000525271920552 1.00862305332e-05 0.000278271343755 6.87757765925e-05 0.00039434976717 0.00034684433634 0.000334318421201 3.5726768634e-05 0.000133125278795 0.000828320106386 0.000124930077697 0.00114112960678 0.00114970118249 0.000817098867011 0.00100621374014 0.000948763006162 0.00102705497452 0.000174050214879 7.53582233312e-06 0.000644341434557 0.000855167738716 0.000266494814445 0.000530289477536 9.12944152788e-05 0.000759607567451 0.000229957018318 0.000746263826393 0.000180763871915 0.000185923350525 0.000211063854239 8.76113806905e-05 0.000390838642122 0.000881355049181 0.000817083259747 0.000594142593234 0.00055510852538 4.39348942733e-05 0.000155496928598 0.000144404120294 3.04278148378e-05 1.34952426251e-05 1.4342708274e-05 2.31649934386e-05 5.69124407408e-05 0.000187302683093 0.000104269856866 0.00166611010753 0.000308291261933 1.70267648915e-05 0.00171677850952 0.000256828229234 0.00024462147603 0.000622374313467 0.000496612920241 0.000660331550453 0.000694287563214 0.000188171819013 0.000424036466675 0.000222880698922 0.00110551740975 8.56148912336e-05 2.68104471601e-05 4.81950314538e-05 3.77642047421e-05 3.65800241964e-05 0.000808125494962 0.000467880366347 0.00121025402145 0.000161275238089 0.000610358869072 0.000677635069846 0.000393119392946 0.000286489653387 0.000522178773234 4.41007275731e-05 3.9184825871e-05 0.000100510830246 7.05572429872e-05 0.000707407125114 0.000496840874444 1.9689795385e-05 0.000467431403927 1.40189588562e-05 7.34604202221e-05 0.000760894592178 8.79675816211e-05 0.000599476036784 0.00101760294125 0.000464358219369 0.00069779265556 0.000121071371195 9.2101955184e-05 2.63277887639e-05 0.000100225521334 4.31461961194e-05 9.11814928111e-05 0.000101750409569 0.000389484510081 0.000997342094955 0.000759205401954 4.13419732637e-05 6.68913808062e-05 0.000443469061729 0.000897499563331 0.00142420060335 2.73572190378e-05 0.000155718549659 1.38658482992e-05 0.000183514133523 0.000719666774427 0.000372355416144 0.000158961432116 3.49194994974e-05 1.87314139427e-05 0.000663213044293 0.000848623303665 0.000152564265738 0.00103418061718 0.000229461170114 0.00134168799433 3.76342641894e-05 0.000470171229545 0.00020622938466 0.000377948877832 0.000795841844382 0.00048229739461 3.50116858476e-05 0.000191527923424 0.00095610051699 0.000257525873733 0.000526341769436 0.000639250392175 0.000223399626666 0.00065260330379 8.65613496884e-06 0.000647873727066 0.000797297991277 0.00122610361875 0.00102803812924 0.000463101556652 0.000967731235413 0.000586162415301 0.00099674053899 0.000458474125633 0.000309035661723 3.18742584565e-05 0.000232629685232 0.000836013225634 3.84085184333e-05 0.00117302865691 0.000125591339274 0.00099749043139 0.000650865436146 0.000475829587256 0.000300190205966 0.000174714817589 0.000153301467409 0.000476088788804 0.000343535668662 0.000586202044738 0.00190406312874 0.000625630132993 0.000598440205412 0.000662750367601 0.00195890669799 0.000808784133914 0.000646290929048 0.000355845957264 0.000334136200564 0.000665142634311 0.00037903046451 3.46590733294e-05 4.55734542226e-05 0.000423381565322 0.000382198521701 0.00115182513251 0.000484391233976 0.00104092210545 0.000676887411817 0.000212380224818 0.000284907434175 1.80094165751e-07 0.000189192643792 0.00014370791276 0.000706388033432 2.76295847239e-05 0.000841914493787 0.000445385479629 0.000943742825699 0.000290400824915 0.000394694405894 0.000391257196941 0.000626853265729 0.000399254636011 7.79525172684e-05 0.000788795513537 0.000395176475883 0.000849048678074 0.0010959231218 8.0827889593e-05 0.000955928498852 0.000116115477352 0.00137400681265 9.27713785784e-05 0.000464058424864 0.000251105223271 9.24222328926e-05 5.33354535855e-05 0.000500462278427 0.000159797886032 0.000790549847388 0.000574589851872 0.000362664789085 0.00139879532953 0.00105668583021 0.00147666328534 0.000964581353728 0.000117972993914 0.000296055858524 0.00017379315273 0.00011420101535 2.45121345898e-05 0.000179948311694 0.000267957238039 0.000278331729747 0.000997547334437 1.17456869121e-05 0.000604739126093 0.000911908339815 0.000323152185896 0.000620656095619 0.000395346448197 0.000168810761602 0.000496744397794 4.72302337802e-05 0.000267599735286 0.000306239463556 0.000304047723746 0.000316322352907 0.000169330381542 0.000177592947246 0.000708262707001 0.00012901319453 0.000480600789773 0.000830350246828 1.12986493531e-05 0.000931810903463 0.000690255203486 5.06017716367e-05 2.77713781298e-05 0.000605293301765 0.000835451799071 0.000501206650518 0.000105093702999 0.000210756124115 0.000739121118667 0.000466234633843 0.000817419757789 6.21885997659e-05 3.39726199391e-05 9.10063062839e-05 5.58231145806e-05 0.000341571867775 0.000368074452281 0.000699347524289 3.01735124143e-05 2.77416860552e-05 0.000266561403676 0.00164055829585 0.000385944791943 0.0004287828393 1.51295696149e-05 0.000397399722853 0.000239924480941 0.000572005860271 0.000413826042714 0.000608020438936 0.00129653651477 0.000187165348438 0.000381125005151 0.000993475267909 0.00106291781635 0.000455777333496 8.2998562296e-05 0.000202455079427 0.000332939087135 0.000106102448805 0.000578291875174 0.00114795397573 0.00025367457768 8.9538975659e-06 9.09576379292e-06 1.18851275107e-05 5.17443828887e-05 5.29694230632e-05 2.49509140515e-05 4.84400189991e-05 0.000676151010513 0.00062228075739 0.000159383751338 0.00100686514087 0.000860838625565 0.00011180500065 0.000787240187075 0.000530089091176 4.17473604116e-05 0.000464626612085 0.000731867870197 0.000215325127866 0.000880378638953 0.000577168460052 0.00146074851744 0.00024474936696 7.2869272057e-05 1.50370924223e-05 4.9798559426e-05 0.000122058332827 2.09615373152e-05 8.34252224356e-05 4.31735151579e-05 8.16512797113e-05 2.99391656381e-05 0.000234381774419 0.000566832524318 0.00141322447458 0.000497136844776 0.000450362037952 0.00120464638236 0.000204169301736 0.000360281397315 9.1274440993e-05 0.00153202494223 0.000504086486498 3.95782297712e-05 0.000436020837625 0.000908833183669 0.000484007703639 0.00224356841724 1.45883007779e-05 0.000689611255506 0.000666385800088 1.55337962219e-05 0.000354435266053 0.000380969169089 0.000568552732207 0.000302199851939 0.000828412723717 0.000766465457909 1.16641990788e-05 0.000145324251986 0.000117693856098 1.52326291028e-05 1.8828404761e-05 3.63000249226e-05 3.4283824334e-05 2.53523748795e-05 0.00141785524016 0.000119740414919 0.000438185422423 0.000957424404129 0.00138485062373 0.000668506512586 0.000648910565771 0.00121716605704 0.000233950120903 0.000383923470204 0.000324632202698 0.000242073806252 0.000482015103722 0.00011446400785 2.72303785756e-05 0.000409359377899 0.000161018673485 0.000232438012596 0.000763426951024 0.000371294517169 0.000893991643341 0.000747638412155 0.00133181638816 0.000730053543603 0.00018525858964 8.60238304004e-05 0.000717750714941 0.00149078884181 0.00131533180739 0.000879418141517 1.10245962944e-06 0.000643169992612 0.000109741136411 0.00110396419634 0.00126505156108 0.00145047173371 0.000462628291355 0.000968576951764 0.00049297147491 0.00179785033995 0.0011959445243 0.000108420720307 0.00103469162271 0.000597125352261 0.000755351296107 0.000394243941253 0.000466395946327 0.000312562888119 5.25764458501e-05 0.00116341955522 0.000162641894719 0.000439412189709 0.000220711597275 0.000931969749644 6.1038586317e-05 0.00104935664942 0.00154702808635 0.000383957217415 0.00055560693176 0.000942823786338 0.000248044288449 0.000429698195794 6.68527441598e-05 2.93218057581e-05 7.07844460233e-06 5.10680485023e-05 0.000520104798801 0.00136818418669 0.000119242000088 1.27275260417e-05 4.49509380161e-05 0.000126598883724 0.000878165653679 0.000413567844702 6.96526539242e-05 0.000615165020068 9.33056501067e-05 6.95301712062e-05 3.39226306214e-05 6.64915609243e-05 0.000284938916215 0.000592161721257 0.000625727973728 0.000215297527612 0.000432009864029 5.26352784961e-05 0.000796930916224 0.000790448650722 0.000769487676086 0.000106985202974 0.00036876516198 0.000757984028544 0.000849463687969 0.000724278076864 7.73561651821e-05 0.000764958211973 0.000192916016632 0.00018684352607 0.000545795919308 0.000365054871872 0.000221603598383 0.000118208354918 0.000941209101679 0.000265320912892 0.000197207735865 0.000113729677852 5.48784731888e-05 0.00022057116671 1.03372320907e-05 0.000201972976856 0.000903308501967 0.000238050476632 0.000245621171306 7.57871757421e-06 0.000497913575487 0.000541891858785 0.000864403468735 0.00063850893704 0.00101351209683 0.000522008730137 0.000851539685086 0.00089911156243 8.43237920636e-05 0.000306682852383 0.00055371815776 0.00103913380767 0.000250370885436 0.000280865324439 5.09810603322e-06 3.00932382123e-05 0.00108512316946 1.0949323757e-05 0.000630155278646 0.000479204152214 0.000866212890456 0.000216275883479 0.000258677924187 5.80431947212e-05 0.000396961945642 5.33670788196e-05 0.000759714820588 0.00013070820232 0.000214400744006 0.00051901987454 0.000170612277129 0.000166190871584 0.000431136950607 0.000954725486516 2.62484374489e-05 0.000880519777811 8.76237190339e-05 0.000504873250022 0.00093276500596 0.000199877211544 0.000227090046431 0.000861002384902 6.25768115971e-05 0.00114611666623 0.000253921375664 0.000186741082525 0.000314066919779 0.000516222575183 8.30179632569e-05 8.23883925537e-05 0.000464508770773 0.000507716581941 0.000170288857141 9.63320372565e-05 0.00073816196804 0.000977607845797 0.00131572347777 4.7647378777e-05 0.000497584849467 0.000697593360406 0.000355107530742 0.000190911100571 0.000441203140719 0.000522323627072 0.000803950565187 1.7648049999e-05 0.00117003437706 0.000422267074052 0.000543428007033 0.000479630920888 0.000360328054985 0.000421765999454 0.000702653822671 0.00113141195818 0.000200704112689 0.000839687260851 0.000259752553849 0.000855748674614 0.000182321429579 3.50244365948e-05 0.000300312016396 0.000226528597357 0.000526881554787 0.00140903474862 0.000616144517211 0.00123010785438 1.53257706208e-06 0.00105104753192 0.00042702201212 0.000893690219961 0.000448830120979 0.000554517259452 0.000403191430867 0.000495893949681 0.00126307373433 0.000510197097165 2.40235126545e-05 0.000817401415421 0.00185146852682 0.000454461596624 0.000688646423066 0.000570071250475 0.000239759506092 7.34046610425e-05 0.000148384449386 1.27372442751e-05 4.24931592415e-05 1.38644285986e-05 9.58991212502e-05 0.000312922811605 0.000478467169284 0.000722674624972 0.00017816498486 0.000673596690285 0.000537336983477 0.000433282174915 0.000557607136055 8.29620924132e-05 0.000178768004923 0.000293840169452 0.000555688899922 0.000154304350902 0.000537513065432 0.000132809067075 0.00013288131538 0.000184531333885 0.00051329646814 0.000833182747801 0.000118228071863 0.000728818282878 0.000633703564965 0.000721036090735 0.000590553609703 0.000293421216674 0.000750428461726 0.000191827852682 0.000203191234429 0.00121048120493 0.001272795717 0.000137676486709 0.000132619378342 0.00180647523225 0.00102302419291 0.000394437170514 0.00013202024941 0.00103339267875 0.000134737667445 0.00126811892258 0.00131355132628 5.03773101872e-05 0.00108498574758 0.00077257918871 0.000934503468669 0.000675725468332 0.000433327074744 0.000214104050723 6.61461109961e-05 0.000278612653193 0.00090003617376 0.000577644012083 3.73015960059e-05 0.000238001696671 0.000189890880336 7.97950037582e-05 0.000321156019977 0.000570999007827 8.93567237434e-06 7.6847708167e-05 0.000826682679369 0.000654015933387 0.00014891154331 0.000326289201077 0.000460797983348 0.000303737647541 1.44263641089e-05 0.00014818901796 0.000827417520147 0.000713715420882 0.000417023247981 0.000291755673312 0.000373116132257 5.89405244111e-05 0.000997867762015 0.000193274778329 0.000410137042626 0.000410610622821 0.000351242044077 0.000446779885439 6.65363389556e-05 3.30555610349e-05 0.000142755331381 0.000539228800997 0.000542026069177 3.65705523564e-05 3.41140016517e-05 0.000514780261247 0.000738729407754 2.62070680571e-05 0.000216636875609 0.000392156220812 5.05014249126e-05 0.000464463143228 0.00201099374809 0.00122509175678 0.000110487135176 0.00215787345019 0.00131368091348 9.97172831746e-05 0.000127998125633 0.000651934041797 2.27755690561e-05 0.00061627059586 0.000805940782204 0.00103332287585 0.000140696122377 0.000708061556886 0.000351626269491 0.000472167851921 0.000455659707875 0.000445105282887 0.000790829577539 0.000290096441907 0.000423299634698 9.51431036675e-05 4.1514265321e-05 0.000344047143698 0.000328405275583 0.000187187304272 0.000406438468554 2.45295070867e-05 0.0016803460099 1.88308114339e-05 0.000551698163358 0.000396033898028 3.68440842074e-05 0.0002936168272 0.00055675371795 0.0012870305327 0.000968334245947 0.000182341564112 0.000719851210852 0.000695212176127 0.000562400568284 0.000900382208419 9.70068232618e-07 0.0010178989959 0.000175129436066 0.00127322275684 0.000426937352706 5.24656116192e-05 0.000165279950879 0.000509435501094 0.000197315164369 0.000749570633827 0.000216965189015 0.000393694565104 0.000460553385464 0.00104927157862 0.000866384584984 4.71510180886e-05 8.28935868151e-05 0.000544368775845 0.00137914209967 0.000744027265152 0.000809479462986 0.000148488433393 0.000805054791215 0.000273128963796 0.000280542723691 0.000245977753414 0.000134742473 0.000149562384765 3.18819697249e-05 0.000291909532386 0.000242369405468 0.000318632735347 2.77101364767e-05 0.000126817841316 1.38697859863e-05 0.000204294966719 0.000666763175901 0.000132019023198 0.000277748510719 0.000605670510763 0.000588021956349 0.000530151448142 0.000825369308892 4.64436044849e-05 5.08764630695e-05 0.000329709316318 0.000276823126313 0.000508046339437 0.000229355197089 0.000181447342404 6.08204924231e-06 0.000304937891792 0.00126463481978 0.00050927619917 0.000513736586999 5.75551193459e-05 0.000605287229523 0.00015469542366 0.00035962292462 0.000631340687788 0.000208070315924 1.70852530303e-05 0.000184850886124 0.000728832923003 0.00190769579326 0.000624274449441 0.000788007248864 9.89629115576e-05 0.000643216488255 0.000798068909145 0.000236043334173 0.000757656593913 0.000832866545666 0.0013031271701 0.000452597987843 0.000311581858647 0.000192336932094 0.000490983020671 0.000559271641887 6.15980843494e-05 0.00143627202085 4.10375937221e-05 6.39237297542e-06 0.000135390541625 0.000673322464079 4.30194231652e-05 0.000486639433821 1.38430002565e-05 0.000175197586667 0.00058272685192 3.74937803443e-05 0.00114471088122 0.000819529604757 0.000485143006108 0.00116291925529 0.000632375081678 0.000149809653626 0.000379594424732 0.000170384986662 0.000667362859078 0.000250013076086 0.000597145598602 0.000724833797763 0.000222114596912 0.000380401105138 0.000195534201729 0.000265639402192 2.92725947241e-05 0.000196950513999 0.000271228586671 0.00033694396527 7.30497509802e-05 0.000547351609536 8.77880159136e-05 0.000664446990415 0.00027401772592 0.000110008699499 0.000127662308707 0.000217432068977 0.000304939754182 0.000498882127288 2.88214673521e-05 0.000353692255563 0.000497725927217 0.00072372356319 0.000569088832586 0.000695254634525 0.000312631851914 0.00107574578142 0.000669379097981 3.21044164413e-05 0.00105266769923 2.27000426131e-05 4.7423566896e-05 1.87033095918e-06 3.44421023162e-05 0.000561209446214 9.14582777824e-05 0.000283909389345 0.000223009609666 5.37684332241e-05 0.000626397773608 0.00077820144479 0.000650861427546 0.00106105750321 0.000745792787356 9.2981917923e-05 1.65193507846e-05 0.000358469081449 0.000358676158233 0.000116623530444 0.000362104718667 2.02479974563e-05 6.61862035366e-05 0.000831150722105 0.000132287139923 4.10664469127e-05 4.20176899499e-05 0.000736718307762 0.000208367774468 0.0015158609831 2.71572901273e-05 0.000903556356537 0.00012113125596 0.000702399816971 0.000239369925997 0.000244207391698 0.000785287010608 0.00061914903718 0.000813027539997 0.000286232344564 0.000424525345329 0.000344191140576 0.000686692347209 0.000580808955645 0.000548555122617 0.00105340712642 0.000354107108751 0.000676688050727 5.48972993247e-05 0.000695293454682 0.000278610683012 0.000373567295385 0.000408786780474 0.000535862500098 0.000245205361605 0.00023695924936 0.000295237210841 2.74608120965e-05 0.000148887979713 8.91639114652e-06 0.000645724783005 0.000910171430755 0.000531130363156 0.000824383422668 0.000399803225327 0.000133592732053 0.000478580894653 0.000445614617771 0.000456427418702 0.00107616169288 0.000615006229816 0.000168691085184 3.06026754338e-05 0.000632031105543 2.6521995193e-05 0.000186764287205 0.000737262915118 0.000654303695448 0.000367361367571 0.000182332761864 0.000931296269582 0.000262348857941 4.95861951934e-05 0.000156882720686 0.000301408039599 2.68581815975e-05 0.000284668618678 0.000310124392928 2.35157669336e-05 0.000274421624608 0.000330621112179 4.41585629583e-06 0.000246665291016 0.000417358379301 0.000228960541283 0.00119607401268 2.77659458059e-05 0.000352237121549 0.000889050537407 7.2578574478e-05 0.000508075352293 0.000498541742879 0.000732623560512 0.000553242336875 0.000292563249883 5.51909645185e-06 0.000698680048119 0.000679616402 0.000457873380504 0.00127231048959 0.00067146101307 0.000735173943411 0.0017568869093 9.42985504041e-05 0.000177765298688 0.000192523538888 0.000331532910711 0.00037076206575 0.000468357656139 0.000214426533377 0.000593453008308 0.000662824524363 0.000284262330946 0.00148668587267 0.000350298345496 0.000396593182232 0.000104156143327 0.000332496876159 0.0019795909017 0.000709245224883 0.000516937087652 0.0016892494069 0.000524570713213 0.000533118921063 0.000617037438738 0.000655934262041 0.00068799881721 0.000725562950739 0.00112340273143 0.000159255919068 0.000303363732279 7.60369653344e-05 9.90908746828e-06 4.17904331588e-05 4.93471548676e-05 0.000293694890209 0.000220417499674 0.00027442562072 3.26602033274e-05 0.000143293489099 0.000364178347874 0.000325997279062 0.000441786056517 0.000323578190246 0.000119338590432 4.10508068711e-05 0.000343667246503 0.000251727838652 8.45856815229e-05 0.000161414545793 0.000116516425783 0.0012793174463 0.000274934077928 8.33566980531e-06 0.000181430874701 0.00139336892983 6.01369321431e-05 0.00119906865208 0.000732554738021 0.00153518516347 0.000678300814847 0.000633916549427 0.000741832243433 0.000349032382976 0.00106994576769 2.49243834677e-05 5.43974299213e-05 6.62379390724e-05 0.000261189888469 2.2195576352e-05 1.61780241109e-05 0.000123774628506 0.000153987750659 0.000306432293294 0.00146028096308 0.000168313205213 0.00013882222537 0.000831543828816 0.000654745154325 0.000187879327454 0.000837599406609 0.000368083022266 4.36048993249e-05 0.000849473108967 0.000336736677065 0.000383304478905 0.000325112101493 0.000483356851884 0.000460902549395 0.000757668686083 0.000582247834759 0.000624031452357 0.00124395893036 0.00063045070042 0.000403899770873 1.84575642227e-05 0.00144074396126 0.00074941796062 0.00016195529829 0.000254686363775 0.000160269937731 0.000716564703556 0.000432487892698 0.000523762252713 0.000255953073155 0.000899052986302 8.90915675349e-05 0.000121090320495 0.00146945300667 0.000411074979006 0.000413081254119 9.51516854542e-05 0.000795799994608 0.000181727856868 0.000277273371166 0.000613754858933 0.000170537537323 0.000285114613463 0.000224571269711 8.53630265646e-05 0.000542081047959 0.000421885574197 3.78121672008e-05 1.64992936902e-05 0.000555745403224 0.000756187132959 0.000783085704994 0.000122692383286 0.0001450442278 0.00129220613406 3.02563967234e-05 8.01793370271e-05 8.50703113941e-05 0.000313068924642 0.000860800915854 0.000950917454753 0.00050932249389 2.78798149133e-05 0.000363405564532 0.000113819284696 3.93673082698e-05 9.46321979375e-05 0.000575120349139 0.000284440312843 0.000175114224525 8.48291217747e-05 0.0001995647247 0.000128530980067 0.000302049672317 0.00039512417488 0.000240331568518 0.000180808894701 0.000382846183977 8.89939685919e-05 0.000373583490283 0.000844135264306 0.000658537371778 0.00027455997503 0.000809533223524 0.000165322213518 0.000745753569902 9.3860561449e-06 0.000353606304532 1.83232614907e-05 0.000698697472311 0.000533107073547 0.000241519402264 0.000480255949276 0.000946272632371 0.000593288546925 5.6924394543e-05 7.88442662252e-05 0.00111718984781 0.00148630488961 0.000533967002342 0.00113271751675 2.24743165785e-05 5.24538185485e-05 0.000749222681111 1.15202314921e-05 0.000168099021414 0.000563959554351 0.000543927340226 6.74703665065e-05 0.000755791381996 0.000313309295093 0.000456363309622 0.000656332029693 6.58849492265e-05 0.000601183902767 0.000473340210612 0.000742413861286 9.35496372738e-05 0.000443052913633 0.000384512051933 0.000313706686907 0.000339582642177 4.42614284859e-05 0.000655039583646 0.000315113362594 2.88608262569e-05 0.000797207189014 0.000153068024991 0.000474214393583 7.29431404496e-06 0.000785657260916 0.000801849176262 0.000466200963919 0.000944191026951 0.000146306410027 0.00095863030633 0.00105371025433 0.000500887234787 0.000283778867933 0.000906732236339 0.000940102606135 0.000518041256422 0.000515982149643 0.000427844841287 0.000519200274213 0.000223911911672 0.000571989050554 0.000338165180587 0.000386575514198 0.000232105616403 0.000102777418382 0.000422955050736 0.000142216750051 0.00033334644253 0.000287787323869 2.22124581988e-05 4.67109202715e-05 0.000114905752079 0.00014674923873 0.000131329278101 0.000101050845592 5.03500676319e-05 0.000591365279253 0.00115616471149 0.0012170391007 0.000309881099114 0.000131596568444 0.000225353743826 5.71858971496e-05 8.75864727076e-06 8.71620684204e-06 3.47563255651e-05 1.03215444858e-06 4.99287168008e-05 0.000187333214562 0.000127772096172 0.000425506488767 0.000397084502821 0.000326912374993 0.00145180804386 1.84199237896e-05 9.70722332744e-05 6.31845797238e-05 0.000167063153671 0.000166698458547 0.000118061136616 5.44283557599e-06 0.000187194806549 0.000114024130465 1.03636980244e-05 0.000592502609903 0.00121744945894 0.00137973645966 0.000576165500356 0.000202305553804 0.00108000142005 0.000372814090713 0.00055708569613 0.000225463621847 0.000206055259261 2.3336144183e-05 5.80176545282e-05 5.59207216323e-05 0.000269274627762 9.60689445724e-05 0.00028175132884 0.000356322423157 0.00034354989911 0.000274970497329 0.000463094679799 0.000724816798535 0.000140694269157 0.000265222877125 0.00050933012854 0.00020164559869 0.000279524401175 0.000402419970967 0.000332118604129 5.31745205023e-05 6.55411489357e-05 7.70394337847e-05 5.49815365651e-05 7.02854590127e-05 9.4471747356e-05 0.000332540602613 0.000441439523931 0.000403945870514 0.000283971056145 2.96794413583e-05 0.00143240641723 0.000949131568051 0.00023597883116 0.000430461876566 0.00134359969265 0.000243015295923 0.000258087250295 0.00106980167604 0.000399217733535 0.000676599321817 2.03865857506e-05 0.000918000211845 0.00117596053722 0.000542812123149 0.00038577253955 0.000209811164 0.000240195970932 6.60735934948e-05 2.51780287235e-05 4.94557048899e-06 0.000216416145967 0.000127673364051 0.000679532081614 0.00183376411038 0.000169848383475 0.000313939681917 0.000404266884957 1.2168722513e-05 0.000121541840601 0.00113937406248 0.000216131657525 0.000256433824144 0.000150049642906 0.000937168204858 0.0009322033847 0.000371944580503 0.000155939456551 0.000765287446454 8.38732759283e-05 0.00013792040888 0.00166401935539 0.000168825175631 0.000893767269036 0.000540717423877 0.000242356848163 0.00024584803 0.000731553976397 0.000441103044544 7.17850337347e-05 0.000790616666773 5.28617840555e-05 0.000767918871535 5.10304317876e-05 0.000473896321443 0.000419686005057 0.000689830486503 0.000800579063867 0.000307619013123 3.36163163114e-05 6.67614536781e-05 0.000108031527017 0.000563786929844 4.64423087133e-05 0.000933563780474 0.000782814885511 0.000915829035218 0.000646688749986 0.00111142985596 0.000436639266519 0.000547325399203 0.000183632282563 0.00118222527212 0.000749588780562 2.42549344997e-05 0.00104687653703 0.000640051721593 0.000733840637862 0.000487801333574 0.00035273585908 0.000242808122404 0.000160573483318 0.000138711951546 0.000101137365399 4.74254063966e-05 0.000372799032127 3.01124688006e-05 0.000567648305114 0.000361357114055 0.00113460126441 0.00150591494833 0.00101860276117 0.00163483283244 0.000723088018685 0.000658285135099 0.000149647040677 0.000465545086553 0.000617574757662 0.000405966609888 1.19065049963e-05 1.15108113639e-05 0.000616745734968 0.000649182404568 0.000848333817349 0.000977046218224 0.000787423418746 0.000514143050977 0.000619909413712 0.000129044016101 0.000409559305401 0.000190006084823 0.000599728654899 0.000790747580471 0.000274954269721 0.000583461620215 0.000430370271458 0.000415957349593 0.000891519865275 0.000467049773104 0.000506965580796 8.87347497406e-06 1.60408656001e-05 0.000844294172726 0.000216522974678 0.000191315047989 8.48297465552e-05 1.02742093182e-05 5.28017872721e-05 0.000128112011508 3.13290442941e-05 0.000318067392038 0.00019628196981 0.000869013131123 0.000130295674004 0.000983195416683 2.22911480158e-05 0.000865068884383 0.000340825020499 0.000256149285172 0.000464806215221 0.000173940515406 0.000162140959079 0.000402029308039 3.64790036002e-05 0.000334349934003 0.000261015623889 0.000234600809484 0.000537905389504 0.00117719178077 0.000157978320649 0.000697989694337 0.000153817579894 0.000317985040841 5.66769506465e-05 0.000119436860129 3.11691507067e-08 0.000622604051936 0.000786516709046 0.000545225340343 6.85806269494e-05 0.000601750188714 2.06771975814e-05 0.000964919297114 0.000563532407691 0.00016841749134 0.000962257806062 0.00033365869527 0.000163011015189 0.000103108477633 0.000343798311685 0.000157963421407 8.69145740171e-05 0.00011783241114 4.6268588579e-05 8.51430511857e-05 5.48958751186e-05 0.000579458246392 0.000310015908272 0.000484181966124 0.000693942156935 0.000782184579633 0.000370515341849 4.98570466814e-05 0.000129853184386 0.000187333652721 1.8565632088e-05 0.000372022671051 3.5776846585e-05 0.00100879367891 0.000442675083428 0.000954934169778 0.000371419810481 0.000162896223219 0.000262607944116 0.000460797441232 0.000358166285137 0.00018144053638 0.0001625806064 5.81865553466e-05 0.000245534864965 0.00023705712575 0.000613046249987 7.67913058211e-05 8.65475348635e-05 0.00025436902605 0.000757490806983 0.000247816575915 0.0012602442507 0.000190649115262 0.000888875563584 0.000292040420208 3.52877088777e-05 0.00117409988084 0.000423238023819 2.78339328642e-05 0.000117540649483 0.00084538993226 0.000217406665177 4.54796868072e-06 0.000206633812066 0.000169723407831 1.65376912509e-05 0.00113198936231 0.000668134817534 7.47405791366e-06 0.000412867812481 0.00066509448683 0.000706909132796 8.33032247197e-05 9.87193593748e-05 0.000801949654825 0.00149501317381 0.000414557421729 0.00109481550535 0.000394789256857 0.000359294241409 9.78203593206e-05 0.000141692774345 0.000370977597476 0.000333001430602 2.29660995102e-05 5.90592748381e-05 0.00020200814728 0.000737475147051 0.00105302095902 0.000214445075408 0.000730658154654 1.71031014086e-05 0.00108451336795 0.000212359997351 8.92752526005e-05 0.00098761146607 0.000100304879219 0.000476479039448 0.00031409966415 3.11750357383e-05 0.000610011124741 0.000222076554865 0.000140009632768 0.000128644735391 0.000378408260621 0.000269127256573 0.00040082979719 0.0002518190986 0.00052795232582 0.000480755305787 0.00031447357704 0.000629149261299 0.000720779641619 0.000556769827516 0.000533958116898 0.00110733548278 5.82908108756e-05 0.000715822636708 0.000944835515434 0.000676960638259 0.000354406789136 0.000207219838356 0.00034019293526 0.000508626392654 5.70429949261e-05 0.000409263718967 0.000262105490872 0.000126783591883 0.000120836648422 0.000182577587432 0.000931803096745 0.000115491182794 2.09097905311e-05 8.62048807759e-05 0.000508998167171 0.000173173513447 0.000198859001172 0.000148238842606 0.00061987579508 0.000155821008722 0.000555640600081 0.000197949288063 8.57699387613e-06 0.000376270780257 0.0003856440136 0.000142149861833 0.000115144207777 9.88887151473e-05 2.40862281952e-05 0.000129874393226 0.00057380998915 0.000176317902482 2.4671598292e-06 0.000204163317637 0.000532939730054 0.000290547876648 0.0003697678161 0.000169000306288 0.000393409282955 0.000317851049021 0.000635170671922 3.67077520528e-05 0.000255625740996 0.000250582614105 0.0003399299485 0.000560559161332 0.000403974709105 0.000440509736154 0.000330155553997 0.000220441203402 0.000320579826643 7.12196441022e-05 0.0004490512857 0.000265268040209 9.42167243274e-07 0.000305856000489 4.47845270239e-06 0.000699401998929 0.000264418920832 7.0995150458e-05 0.000461446972736 0.000670133403043 3.67826482407e-05 2.97041590001e-05 1.72470107363e-05 2.95885696361e-05 0.0010205478764 0.000395513699425 0.00110860598249 0.000158365876425 0.00058095586438 0.000477485511485 0.000744143134463 0.000210541610051 0.000266551423411 0.000317475040423 0.000512094755926 0.000331522537023 0.000701487643521 4.48598322148e-05 0.00028006630612 0.000489517356932 0.000103217438954 0.00010014839611 0.000834424125584 3.1849457772e-05 0.000516583525421 0.000332485154682 0.000605294419141 0.000396950969668 0.000442536182079 0.000324793869576 0.000390830026319 3.32909131769e-05 0.000433338298278 7.54159497403e-05 0.000212392072633 0.0002129567064 1.2239834531e-05 0.000951280993664 0.000380695199429 0.000558613210967 0.000127401294945 7.65216564175e-05 0.000823803911756 0.000383671776205 1.46348258915e-05 0.000340932775913 0.000638700586029 0.000833066465398 0.000493941332638 9.24467477073e-05 0.000438802853214 0.000599029001576 0.000330048009007 0.000480647458825 8.52926017552e-05 5.01343638803e-05 0.000129390120945 0.000106813318456 0.000568958733168 0.00147021854648 7.333544826e-05 0.000484170183225 0.000485458448576 0.000185257047267 0.000439542504241 0.000394453056395 0.000116191527243 0.000287875691754 0.000484740104354 0.000334402607269 0.00060768628874 0.000187436490869 0.000527469056132 0.000434525274287 0.000399114704936 0.000348837819723 0.000288891842358 2.3643630861e-05 0.000280569867018 3.44201702833e-05 0.000303046242716 0.000838107913568 0.000355730268354 8.62730519497e-05 7.88898741296e-05 0.000453258688143 0.000372724748533 0.000731883215016 0.000967340241753 0.000894781438914 0.000122653058201 0.000329120079631 0.000147755826772 1.98099202136e-05 0.00011879261544 0.000141435159688 0.000272351614325 7.60379847679e-05 0.000307806403037 0.000300204590721 0.000146939173281 0.000484248447713 0.000286818458952 0.000497782153744 0.000546241158428 0.000817281224536 0.000410262634591 0.00133997282388 0.000464357220668 0.000275268554982 0.00141100335894 1.01954869581e-05 0.000429775161817 7.43224347978e-06 0.000718552766589 0.00037669080938 0.000110621952978 0.000495889556704 0.000232272253603 0.00107038447103 0.000231895565184 0.000845799947605 8.59194968267e-05 0.000136799176798 0.000701383905183 1.49271122619e-05 0.000233480056302 8.5378542585e-05 1.94543642165e-05 0.000292788769933 0.000192672997294 0.00121323286735 0.00052451751732 0.000683300351718 0.000669880631754 5.85500452732e-05 4.72807982631e-05 2.52878914282e-05 0.000567427980881 0.000244263960436 0.000691595625044 0.000366536155426 0.000361305625738 3.77239558955e-05 0.000212313130795 0.000162757472977 3.24682496363e-05 0.000400327261126 0.000925561270566 4.39338251462e-05 0.00113063339942 0.000425559178055 2.72241290912e-05 0.000982669460298 0.000988754302273 0.000339924199266 0.000161559841771 0.000477006676656 0.000133655552711 0.000468465582379 8.51005340001e-06 0.000586454419723 0.000377310103107 0.000440044842032 0.000549598152835 0.000952818786832 0.000541230235767 4.42112007156e-05 0.00166675614241 0.000643451620154 0.000159063545572 0.000597074351287 0.000500893960725 4.75493139247e-06 0.00056942216965 1.54001054335e-05 1.54113761229e-05 0.000532206596744 0.000298693941951 8.74460805131e-05 0.000321674560278 0.00019214740126 0.000211095515502 0.00120020668181 0.000347442492065 0.000824568364857 0.000649641925865 0.00101230369258 0.000814302406086 1.93878016198e-05 0.000276611044201 7.82692779356e-05 4.07740078291e-05 0.000405748412127 0.00031512384731 0.000355612681884 0.000216531744346 0.000372146881479 8.21426597384e-05 0.00015771007402 0.00033300690435 0.00020219817364 0.000258438761142 2.12678138757e-05 0.000295543608573 0.000409786024695 0.000310588214104 0.00116646493297 0.000644892803461 0.00102184611655 0.000700920938129 0.000331062114983 0.000117273235127 0.000300178013598 0.000114747899416 0.000390636727568 0.000372605725963 0.00050795291905 3.25451401807e-05 0.000557646416406 0.00143143714039 0.00065131434365 0.000116081785847 0.00142896352987 0.000152384201242 0.000440286177464 7.25814246727e-05 0.000156322479845 0.000100072529402 0.000313883931427 0.000361883570542 0.000103465514869 5.40504669058e-05 0.000719563482755 0.000440085722275 7.73081183245e-05 0.000132383991316 2.12724715919e-05 2.59408990318e-05 7.71076349961e-05 0.00040416702287 0.000513303379884 0.000335519705925 0.000225369185548 0.000225856424726 0.000161456113664 0.000121937774211 0.000309034253737 0.000111686542625 0.000791754653968 0.000416128544227 0.000870445413527 0.000246353944978 0.000843212890669 0.000624941347945 0.000126899262105 4.57521757186e-05 0.000557451174329 0.000284244689548 0.000127177151358 0.000293637920341 4.55531438582e-05 0.000909027184202 0.00080194918614 1.31114416558e-05 0.0010946602617 0.000206099289154 0.00124637022254 0.000106832232321 0.000533723038713 0.000530994418987 0.000944896896893 0.00022578548012 0.000713826336582 0.000135340236816 0.000418608526137 0.00015912322447 7.89887972293e-05 0.000668958018027 0.000662831622011 0.000696572923305 5.42967850154e-05 6.65020539767e-05 0.000377833624917 7.36460578689e-05 6.9590668027e-05 0.000243986577982 0.00012720759941 0.000250178175824 0.000785859590756 5.86414731409e-05 0.000213523626002 0.000124065755097 0.000400943097257 0.000515350040301 0.000516711816659 0.000107601695562 0.000875647766214 0.000121203391849 0.000275863409438 0.000161559390646 0.000301500762336 0.000704656191291 0.000200723846848 0.00024702264881 7.66061296489e-05 0.00100920934543 6.7642876884e-05 0.000204830067599 0.000194549884275 0.00121156175582 0.000941579970165 0.000237320557553 4.86260614851e-05 7.65970140861e-05 0.000369340685406 0.000346814914508 8.88205970513e-05 0.000175420451224 0.000707107423538 0.000945697449612 0.00104925803379 0.00084765531335 0.000304140616501 0.000906343867079 7.05105860267e-05 0.00073289595995 0.00094498836906 0.000891984237428 6.82495988324e-05 6.8877459792e-05 4.46087888017e-05 0.000443835893982 0.000140235155226 0.000427674880758 0.000416579230724 0.000448153842966 0.000207013412301 0.000113651220487 0.000253387596371 0.000938887520935 0.000230316528093 0.000456032783628 0.000538743725411 0.000144449972431 0.000190516114508 0.000402069476965 0.000118513879524 0.000355063449445 0.000239595954891 0.000764167074513 1.54065184136e-05 0.000272424014145 0.000688822375358 0.000679513964191 3.93706262249e-05 0.000435587564743 0.000664031585675 0.000281088314117 2.79555192905e-05 2.17579458627e-05 0.000371554708013 0.000732769090082 0.000635267525468 0.000391526331567 0.000615710635995 0.000505007306946 0.000354812383563 0.000215058501447 0.000141976670791 0.000108004703427 0.000234219801349 0.000467778152179 3.98811981687e-05 0.000479040544173 0.000200009172752 6.41627824581e-05 2.91470626229e-05 0.000624548176152 0.000257839667504 0.000475242271679 0.000604670235896 0.000120416127986 0.000111519767379 0.000138616210221 0.000333248422987 0.000158828657017 0.000204481786291 0.000209710582688 0.000109411325498 0.000102295780857 0.000527332715804 0.000363998551681 0.000137561867759 0.000230505773275 0.00020637609546 9.82167319243e-05 0.000288687009347 0.000141642536268 0.000751018014712 0.000123203344144 0.000148333361528 0.000268900378707 0.000306788238851 0.000478648744098 4.78627610252e-05 0.000505316376333 0.0003449217474 0.000618586136228 0.000717735576211 0.000166239165317 0.000242312443691 0.000600853030969 0.00023231479906 0.000336839735348 0.000257857204093 0.000314458460293 0.000178930854503 0.000119682276393 0.000312211838715 0.000108665307365 6.8736853459e-05 0.000102214907571 3.54584720625e-05 0.000493488206463 7.51896224933e-06 0.000164325085487 0.000316267346388 0.000623805997226 0.000337798248405 0.000414394840798 0.000280886247099 0.000779446219623 0.000110253780483 0.000349760921139 0.000163103389868 0.00033065980327 5.70549564438e-05 4.88314302119e-05 0.000511656797178 0.000868913740228 0.00103810131095 0.000190524704985 0.000560927081808 0.000616524130596 6.52068334546e-05 3.20631530668e-05 0.000134484896262 0.000186347586504 4.12246082509e-05 0.000247378042108 0.000282749880031 1.38672872149e-05 0.000345548850058 8.72618815504e-05 0.000359301118486 0.00105655488226 0.0010027988991 0.000626839504633 7.57404291743e-05 3.16599548069e-05 0.000141876122223 3.99269094613e-05 0.00022644542764 0.000200947524649 7.3243989853e-05 0.000265456124592 0.000427207148877 0.000189177888162 0.000312364800459 0.000238283611949 0.000550289182836 0.00098234561817 0.000291485113137 3.4271408616e-05 0.000374514174761 0.000277699251491 0.000667129476211 0.000202934408056 0.00081332021965 0.000831752966786 0.000836817227561 6.2035876313e-06 0.000659126173277 0.000591497540196 0.000786161820406 0.000430949806768 0.000132865095086 0.000185650382679 0.00037547271871 0.000322700698254 0.000236271829613 0.000329397018339 0.000382756869996 0.000535692603247 0.000544479155184 0.000685490768853 0.000620679977414 2.91096253203e-05 0.000431809438099 8.16358580007e-05 2.14215239467e-05 0.000266069543368 0.000333504837281 6.432944405e-05 0.000237906898959 8.03795103462e-05 0.000869655348277 0.000124196923343 8.4762511268e-05 0.000159161540776 6.80449306237e-05 0.000105125898382 0.000182192698425 8.97142782943e-05 0.000139661621844 0.000114007326974 0.000265726762166 0.00041988787555 0.000384958222848 0.0001430011563 0.000234486654784 0.000364674577969 0.000301282530053 3.24542358628e-05 0.000498222599099 2.63736232632e-05 0.000392573693171 7.60372396717e-05 0.000641682804324 0.000267890248596 0.000614136302593 3.60635414269e-05 0.000438615277892 0.000444999923989 0.00025017099934 0.000259350768837 0.000131503449928 0.000256592771747 0.000888700362148 0.000610885311111 0.000212088806397 0.000430318329468 0.00059494896825 0.000115272684804 5.74879250867e-05 0.000179534382535 9.19594514522e-05 0.000343901184298 3.55517870786e-05 9.9915158797e-05 0.000279302368598 0.000699571224711 0.000666860580151 0.000135711249139 0.000525878155317 0.000745215762728 0.000306558980519 0.000328329808245 6.87514783184e-05 0.000373053217035 8.27336727791e-05 0.000187161190585 9.60354075174e-05 0.000150695122499 0.000416237816167 0.000985078701587 0.000535800791008 0.00070496476486 0.000972027266919 0.000353999222341 1.14426517658e-05 0.000304468779954 1.82768306033e-05 0.00115372363011 0.000165838163226 0.000356633848056 0.000466871893604 0.000865126220292 0.000610822232534 0.000519968831362 0.000308529002316 0.000784728069834 0.000295162107872 0.000665425810081 0.000517912237412 1.62130031508e-05 8.71600501973e-05 0.000930252597212 4.36688024291e-05 3.10844737395e-05 2.06869953464e-05 0.000232086680696 0.000438378574473 5.44322233522e-05 2.50191840028e-05 1.58376932421e-05 0.000402657619725 0.000209667939703 0.00038225900579 2.25882182368e-05 0.000147093880968 0.000105852788352 0.000762948930267 0.000715748387422 0.000614754035308 6.99707961177e-05 3.77625161925e-05 2.17105256511e-05 0.000395195505795 0.000373445243174 0.00125602999483 0.000355756800614 4.24840869082e-05 9.4132292586e-05 5.1612758828e-05 3.64620658548e-05 0.00019610924366 0.000187117855717 0.00021294542537 0.000328472478643 0.000135702806065 0.00127004762916 0.000240230793585 0.000161382586103 0.000741089397994 0.000563428893143 1.28462022503e-05 0.00046838230448 8.91670922975e-05 5.31516053444e-05 0.000323948415998 9.71872487662e-05 0.000125135173351 0.00085843848872 0.00081528920013 0.000408241892776 0.000884451265161 0.00031229957836 0.000267107538221 0.000222373884703 3.60850844589e-05 2.30417835854e-05 0.000134384573673 0.0001422486898 0.000397409124024 0.000350426003299 0.000373720745159 0.000281967591104 0.00046451643575 0.000758171370304 0.000312745107503 0.000801759911724 0.000188306937006 0.000265477067069 0.000169125357137 0.000311763371664 3.56147900532e-05 3.21892151398e-05 2.8411361882e-06 0.000221414164025 0.000198655553813 7.97142232763e-05 0.000114827676926 0.000275030507395 0.000773284005907 0.000136208818191 0.000346723726384 0.000528712485917 0.000137359108149 0.000213139967782 0.000154396623664 0.000324569639888 4.13122957234e-05 0.000103179657806 1.26908847192e-05 0.000525215828401 0.000299938515769 0.000571320055326 6.69715070533e-05 0.000311092665626 0.000544653660285 0.000524905914267 0.00101959391835 0.000355695839317 1.43062906253e-05 0.000238323382054 9.86143932718e-05 0.000597752268723 0.000533583575594 9.18257186682e-06 0.000250187359983 0.00115855658496 0.00102125376311 0.000604054225776 0.0014389249622 0.000722482286916 0.000527132210343 1.92357346082e-05 0.00013543185597 0.000243799531928 0.000229185697697 0.000353693717184 5.13850734437e-05 0.000220635493582 1.16963332805e-05 0.000376360048267 0.00080302862895 0.000759314899436 0.0005202520167 3.19561384793e-06 0.00083774036335 8.14019222186e-05 8.67796602297e-05 0.000120168316833 0.000442869317706 5.97586667488e-05 9.330402687e-05 0.000619903111474 0.000194818168633 0.000181263182056 0.000518683714723 2.81671914731e-05 9.90312114206e-06 1.09980353085e-05 0.000211863732341 0.000699946799391 0.000512709090928 0.000535667557586 0.000754121674266 2.80534551521e-06 6.10532374866e-05 0.000239453054284 0.000449521857275 0.000160463377592 0.000224775835059 0.00021728750117 0.000117135437194 2.50688257884e-05 0.000208567902374 0.000465094424927 8.23899526221e-05 0.000440634510702 0.000360831717359 3.40605520428e-05 9.11053715232e-05 0.000437695905312 3.16412852274e-05 0.000455668103859 0.00100281290606 0.000540666859401 0.000269230385908 0.000658148612488 0.000546993667292 8.79106967505e-05 0.000147474815014 0.000694450155827 3.3811836545e-05 0.00019408470578 0.000314095043601 0.000522163753884 0.000790719581611 0.00045145673228 9.00777306366e-05 9.37395789563e-05 9.25530581875e-05 8.24803174904e-05 0.000187924930626 0.000828235676777 0.000664493854049 0.000907161005537 0.000429248381253 2.11483744422e-05 0.000643642531298 2.42095738381e-05 0.000490288052858 6.35712175859e-05 0.00028758473791 0.000526022593722 0.000111778617614 0.000742300047038 0.000183063273944 0.00061351045736 0.000189967186097 0.000886629564012 0.000932349861377 2.76590150865e-05 0.000314395930941 0.000615409937081 4.98723746411e-08 2.6742730634e-05 0.000445465337631 0.000116261539429 6.75398589853e-06 0.000302629564885 0.00105866492789 0.00104919901218 8.63337104288e-05 0.000294105425626 9.26115933953e-05 0.000159951899672 0.00014743576789 0.00019153041806 9.69748919094e-06 2.33564556277e-05 8.93574277051e-05 0.000392661644422 6.3876028053e-05 2.26774627162e-05 0.000566767869023 0.000330622641067 4.04923604025e-05 0.000526100778796 0.00106900605596 3.08988940467e-05 9.63120629384e-06 0.000119944985178 0.000197950356528 0.000487584552485 0.000342801023928 0.000530489628622 0.000390779887114 8.68820514772e-05 3.61874105222e-05 0.000861851520258 0.00100613048992 0.00099202475302 3.44237999576e-05 2.73579758854e-06 0.000183841331226 4.23999160833e-05 0.000149824616203 4.83201571102e-06 0.00060054686284 0.000247228816209 0.000844901812703 0.00081845163998 0.000162057407071 4.60926351723e-05 0.000117760485287 0.000555068042362 0.000221498039441 0.000496078710186 0.000964602698933 0.000566403525039 0.00065367490057 1.69176823465e-05 0.00062673870826 3.06557209451e-05 4.7246884996e-06 0.000232665979278 0.000702410207626 0.000231022984723 0.000135066698107 0.000463178065849 0.000122297070183 4.39383032319e-05 6.41930391979e-06 0.000369100840988 6.64970048915e-05 0.000167139326589 0.00103994647194 0.00069541262525 0.000545731233707 0.00051457582473 5.84959353897e-06 0.000889268537867 1.26923144879e-05 0.000870411920456 0.000646159086283 0.000178929805876 0.000382405478225 0.000380422032034 0.000237573303558 0.000255671608243 0.00034058203128 0.000347307510448 0.000346592707019 0.00017835975338 0.000891871649657 0.000349503316464 0.000906774306877 0.000680687104308 0.000428523622581 0.000534629396694 0.000580852872688 5.37931021675e-05 5.31578085476e-05 0.000305624471551 8.27499823245e-05 1.17249356205e-05 5.81132276219e-05 0.000143124971746 0.00041735293038 0.000745557728057 0.000338469863624 0.000200677526694 0.000146306651244 0.000134567577499 0.000144969672457 3.64845734633e-05 3.71243826592e-05 3.28335865486e-05 4.55350997055e-06 3.94874336515e-05 0.000201600919533 0.000294634627501 0.000128424872925 0.000452153791123 0.000489915058134 0.000163393567815 0.000163338664352 0.000285407779006 6.45274871661e-05 8.29864936954e-05 0.000145062526886 0.000726230846156 0.000959292123933 0.00058400990206 0.000424851901648 0.000464091862802 0.000498271986037 0.000620242688704 0.000466098033591 7.50566903217e-05 0.000558981607162 0.000314266957451 0.00017289287766 0.000288309279925 6.89364688341e-05 7.23540504076e-05 5.96168203228e-05 5.55121468625e-05 0.000118976701451 6.56492633707e-05 7.60188267237e-05 0.0004177397902 0.000439914152033 6.09521872654e-05 0.000790446327095 0.00075642311382 0.000385375553772 9.61826614739e-05 0.000196912666351 0.000238709002505 0.000306543654006 0.000379656841027 0.000351222216057 0.000299645845333 0.000612117991684 0.000953698871356 0.000728068190804 0.000189627028464 0.000527262161163 8.95191475266e-05 3.66564092175e-05 5.76479446617e-05 7.58935068794e-06 1.03025101392e-05 0.000405818933336 0.0001846079191 0.000725660332742 1.30487751674e-05 0.000111310341447 0.000215322259307 4.88040707574e-05 0.000239472099897 0.000213670595042 0.000141519915368 0.000530854813474 0.000410209596534 9.00064677659e-05 2.67047905627e-05 9.31922636427e-05 7.66594334509e-05 0.000111359318982 4.32477986829e-06 3.51051025384e-05 9.40855149148e-05 0.00021858114624 0.000126487262281 0.000188635414821 2.53157088243e-05 0.000339717469013 0.000170186025556 0.000175358153241 0.000170838578248 0.000234763620402 6.50701841781e-05 3.08449234405e-05 0.000156559922275 0.000330979497822 6.99346694707e-06 0.000296443958209 0.000841767709372 0.000369774601815 0.000580149878878 0.000200468511362 0.00041023895688 0.000763746185438 3.23677802819e-05 0.000130859630869 0.000108010009797 0.000597678343095 0.000230830062206 0.000121584077124 0.000534411922084 0.00059178981974 0.000121788858831 0.000302872893064 0.000208431003197 7.61390480591e-05 2.95963958569e-05 0.000123226685909 3.49618339453e-05 7.02679665093e-05 0.000238213254019 0.000252822962961 0.000231510656424 4.04906040127e-05 0.000110732279124 0.000118105713974 0.000292233673781 5.6173653455e-05 2.48778575981e-05 1.25380042033e-05 0.000349873064776 0.000391070580557 0.000160814915017 0.000143551454252 0.000197803496548 0.000818929193884 9.08464238285e-06 0.000213035179877 0.000508773901185 0.000266496102268 5.16840271306e-05 0.000770777019126 0.000254358623703 0.000325995974187 0.000583683332031 0.000355207274582 0.000240085545239 0.00023160245442 0.000159873100355 0.000638976104131 0.000587192453103 0.000367067203223 0.00043150354183 0.000262701999491 0.000429982096545 0.000182399474204 6.97149473663e-05 8.8997466765e-05 9.93557208491e-05 0.000231938302238 4.74098809263e-05 0.000228320943933 4.10421888412e-05 0.000423146143135 0.00135356411588 0.000599989429525 0.000878463755545 0.000163458654662 0.000376379615992 0.0002745086994 0.000424196622566 0.000168318253184 0.000335086780993 0.000173082845221 1.68088195898e-05 0.000158192689287 2.99161528242e-05 0.000205057765809 0.000102182130701 1.35245045055e-05 1.03349777077e-05 6.1995461472e-05 0.000342648144126 0.000157792045321 3.66504313051e-05 0.000145163783069 0.000151607227438 0.000125459528155 6.92857661811e-05 0.000352137176848 0.000239027152156 0.000124268831695 0.000287530980225 0.000287758210215 0.000725166953095 0.000286151126006 7.26504656099e-06 0.000321473537028 2.96979680684e-05 0.000564597315094 0.000223005441052 0.000346760727945 0.000176510548238 0.000439686535234 0.000381132011803 0.00026894025765 0.000125672576739 0.000325631318045 0.000101589830527 5.54728139009e-05 4.98748609341e-05 0.000391626556045 3.55290081223e-05 0.000762951276361 0.000313665471539 0.000207747893554 0.000459813266797 0.000543671855393 0.000449084764641 0.000114509140709 0.000490624881503 0.000337928669932 0.000489464277769 0.000205188848105 8.98768720639e-05 2.73395625587e-07 4.7331504587e-05 0.000287675151544 0.000342347368712 0.000310620604095 0.000243146367018 4.61432197122e-05 0.000274211956603 0.000268111256788 0.000405359840917 0.000687729665246 6.39350041931e-05 2.52653353347e-05 1.33549376029e-05 0.000241903069027 0.000568480743012 0.000496760713273 0.000217004109136 0.000134812207975 4.93957435179e-05 0.000636180184481 0.000826823389825 1.30161088959e-05 6.29781293803e-05 0.000213593921396 0.000267036043553 0.000101888543653 0.000636079316203 0.000734028534936 0.000169285534198 0.000152901047408 3.65657665914e-05 8.11093690955e-05 0.000155309106837 7.50112520364e-05 0.000356425543678 0.000313229907258 0.000461955015116 0.000446048500731 0.000269501623967 0.000381481948316 0.000179060680658 0.000250598085154 0.000164201106211 0.000236999538585 0.000610145751628 0.000784027595508 0.00015074808561 0.000132423002024 0.000573328972211 0.000102322609924 0.000762939943338 0.000356115828446 0.000219072865044 0.000536813606752 0.000526343778722 0.000324180162218 0.000604357660812 0.000117278011104 0.000230667149964 0.000180036175117 0.000359272947733 0.000216020010586 0.000393878873938 8.49551155329e-06 3.51127543272e-05 0.000661450391557 0.000472081370636 0.00039822621388 0.000333175701797 0.000280542857566 0.000329325680542 0.000208691303662 0.000174887188565 0.000410624125241 2.84015550745e-05 0.000339343931352 2.3824305529e-05 5.5924194094e-05 0.000428741601081 0.000596828906005 0.000460592066759 0.000261000809476 0.000645588098687 0.000185131630787 0.000547368401841 0.000503802991354 0.000277598484447 0.000626034710346 0.000160201277967 0.000189444000827 0.000155146088406 0.000162267471438 2.94717052566e-05 0.00032998938182 0.000188876808793 0.000310329342735 0.000415904426734 0.000463194562998 0.000277441450728 0.000360854186166 3.05624882665e-05 2.57694490854e-05 3.14678332277e-05 0.000194589968867 0.000133488091506 0.00012840820441 0.000166825321986 6.18403657124e-05 0.000327637347849 0.00031312147111 0.000233791893532 0.000255980535875 0.000407407355383 0.000113707750688 0.000358886173643 0.000271279047828 0.000298662392117 0.000361599150873 0.00046587262859 3.79795626488e-05 0.000387190405145 0.000328348033058 7.80398161054e-05 0.000146897588578 0.000288136851911 0.000143602389964 0.000220332063007 4.07624350562e-05 6.48000391516e-05 0.000220048642612 0.00015411303139 0.000152509320444 3.86820446814e-05 7.69935756707e-05 0.000109664613223 4.90508220594e-05 0.000370849555995 2.70096972507e-05 5.26067593829e-05 4.58776857305e-05 2.13441255599e-05 0.00083774787485 3.53628935376e-05 0.000127221148045 0.000182237089486 6.04271003458e-05 0.0003969533575 0.000199832963677 0.000168546155438 0.000295940635454 0.000266687208125 0.000725852905346 0.000278414926844 0.000316413628509 1.57734830687e-05 0.000399264509863 0.00010660436865 1.01868665345e-05 1.45502366561e-05 4.50784505986e-05 8.08958606433e-06 4.45001781091e-05 1.03532758546e-05 0.000491507663229 6.22318476135e-06 0.00032662800337 0.000645339702272 4.95441506639e-05 0.000103755052332 0.000908311571094 0.00105920393654 0.00020555987385 0.0003650210707 0.000105475472956 0.000109317724704 5.46821512856e-05 0.000138972310897 8.90248145063e-06 0.00128973830393 0.000241959966296 0.00053174182354 1.49258931378e-07 0.000211487974795 0.000218793664102 0.000314013058083 0.000207114699393 0.000202221296406 9.68441944562e-05 0.000155398182801 0.000169106654423 0.000273125539285 0.00034749519952 0.000391259268606 0.000251377848166 1.13999638206e-05 0.00074246633353 0.000334215400389 0.000270964629017 0.000496920612632 0.00046920353544 0.000397762705172 0.000238355165315 0.000339820763531 0.00024558934821 0.000484938960628 0.000539649931034 8.65241161881e-05 3.7677617207e-05 0.000115373017577 7.00171882433e-05 0.000160011842744 0.000293817842499 0.000378764813177 0.000228269358429 0.000593909354654 3.52262764936e-05 0.00105788104736 0.000105455909633 3.16038179068e-05 8.54237926581e-05 0.000185734671769 2.21907755481e-05 0.000344534063832 0.000238598984841 0.000127031984229 0.00017222638274 0.000177292000748 0.00019746377678 2.43606898017e-05 9.6928118573e-05 0.000261443348412 0.000104936853478 0.000266400949381 0.00045490739591 0.000417778194017 9.80917289312e-05 0.00039245243105 7.14380227952e-05 0.000137810692137 9.25070089998e-05 2.04812800854e-05 0.000282590982728 6.71935471527e-05 0.00021668364128 0.00011542957067 2.17565525517e-05 1.81763654484e-05 0.000149449885786 0.000188863452475 0.000183206042809 7.63806877651e-05 6.60287625013e-05 0.000210813633122 0.000363618100336 0.000248642698843 0.000100819115163 0.000135576564191 8.17513152105e-05 8.17722439782e-05 0.000110476455461 0.000199248835479 0.000218771688601 5.71666830708e-05 5.07535364724e-05 0.000166016013411 7.35265283888e-05 9.79792044954e-05 4.45695591434e-05 3.79505100574e-06 0.000334077888974 0.000292654849526 4.60500284276e-05 0.000730772773952 0.000434594651885 0.000267297360987 0.000124775018082 0.000422914473482 0.000242773955066 6.01396814163e-05 0.000100228837187 0.000473413499515 0.000104096838555 1.25697862368e-05 6.62919795104e-05 6.34263187194e-05 3.08650732636e-05 4.75145854599e-05 0.00043397192145 0.000109883624035 0.000188950396125 0.000327970916275 0.000117015237843 0.000248636030173 3.73101895618e-05 0.00012249872809 0.000117826284429 0.000131843111694 0.000109457142335 8.54240360487e-05 0.000397299526934 4.17385713612e-05 0.000306487682756 2.40839625525e-05 0.000125063393558 6.58146906727e-05 3.19339330462e-05 2.24988419521e-06 0.000161297978258 0.000159146767248 0.000166474348677 0.000396030083045 0.000312825167781 1.53038111741e-05 8.73297863209e-05 7.33045314704e-05 7.54108507427e-05 1.29139851574e-05 8.50710723647e-05 0.000211345789047 0.000157654825097 3.19426964341e-05 1.02256557905e-05 9.46126095885e-05 3.83829433421e-05 4.372573771e-05 0.000217983831357 0.000195086415201 0.000296126803004 3.60349363066e-05 0.000124656671442 0.000212268990249 7.40651365513e-05 0.000263306158955 0.000296950412793 0.000342298364604 7.95912475624e-05 0.000408996800084 0.000203782383363 2.36275745427e-06 8.85993674126e-06 4.17991007198e-05 0.000160326258505 0.00030096166529 0.000459039149557 7.70497129733e-05 0.00027029930916 0.000252831192395 0.000897490072421 0.000287950167335 6.198816159e-05 0.000497628277 0.00045750740551 6.92263739741e-06 4.69561429477e-05 0.000236745266163 1.16812575657e-05 0.00019842525637 2.42562408022e-05 0.000175159468571 0.000309024042394 8.20187141812e-05 0.000218654274301 0.000190133110839 8.60096362854e-05 0.000226835383599 0.000327806657355 0.000349903138094 8.0222359328e-05 0.000170233625981 4.20123560687e-05 0.000137090897898 0.000399542822119 0.000259825625352 7.40937939858e-06 0.000265375629748 0.000136783886598 0.000173065333379 0.00019510044666 0.000497604973969 3.51124330228e-05 0.000204624080778 0.000288307183921 7.81276206735e-05 0.000255848737531 0.000209074843899 0.000133217777819 5.31484082441e-05 0.000205998726248 0.000115973888077 6.83564507633e-05 3.02553182539e-05 0.000276192321286 0.000134876944108 3.20512101081e-06 0.000266628017553 3.49220982501e-05 8.76156133065e-05 8.3047467478e-05 1.08603697411e-05 3.54397037681e-05 0.000235855433555 0.000287264926308 0.000111324201664 0.000160349059146 0.000232634947446 0.000499280496969 0.000173641124081 3.82303011432e-05 8.12952131391e-05 0.000131922744531 0.000364551876443 0.000112110693012 0.000320580036527 0.00011811888942 0.000255858179362 0.000210962850327 0.000190611645848 0.000186928388645 0.000152088926216 0.000102752768386 0.000243806356645 0.000471499090607 1.09145524427e-05 8.08376656877e-05 1.17686277615e-05 0.000155027076894 5.20009981506e-05 0.000307069849756 0.000254581998165 0.000282526366596 0.000241084676196 0.000126560300288 4.46646490609e-05 0.000142800598385 0.000652859602826 9.5070443959e-05 2.85025578271e-05 4.69796130683e-05 2.80623882016e-05 6.07121801503e-05 7.42457164325e-05 0.000106069037156 4.46504159191e-05 0.000179907808207 8.10120606413e-05 0.000446758279273 0.000306121605482 6.40981587106e-05 7.11628203745e-05 0.000345169977788 2.70210575129e-05 0.000140337230704 1.96046160477e-05 8.01161630493e-05 0.00105362415818 0.000200142775725 0.00020768146719 0.000172148688119 0.000164719365259 0.000161701326014 1.80505355795e-05 0.000314868950139 0.000500737849465 0.00013422627585 1.76635350954e-05 0.000350459643762 0.000174739267383 1.4096441336e-06 0.000208333234623 6.11230242394e-05 0.00023520066905 0.000109193911445 0.000265620861052 9.59401928377e-05 0.00020361326861 0.00025477886168 0.000141627345929 0.000246703924857 6.76102781242e-05 0.0001325666844 0.000174317960661 0.000137662110032 7.91991089863e-05 8.51070502443e-05 5.96328184991e-05 0.000193546695052 0.000200206831794 0.00012712934259 0.000412503044494 0.000191724016241 0.00027590886206 0.000284385310055 5.26905805277e-05 0.000363655632855 0.000104712437555 0.000330200681454 8.15300351825e-05 0.000253935582 0.000345579607661 7.98888397379e-05 0.000306264853856 0.000101726114288 3.48364805354e-05 0.000243498417339 0.000157906118643 0.000172000912996 0.000181351316512 6.7930704289e-06 0.000325148254504 0.000245003225166 0.000140715309573 0.000364606623639 0.000112250689402 0.000162321001378 0.000447825800715 0.000213047108605 0.000225005509431 0.000146500248034 9.64473690206e-05 0.000181184772581 0.000166542768381 0.000144309909381 0.000105859581825 0.000389734016049 6.79685479732e-05 9.67226204659e-05 0.000305122767412 0.00024233291953 3.21091901748e-05 0.000272173120435 0.000255701403443 0.00013302647733 0.000460424005001 0.000401940359336 0.000145088931175 0.000300361522955 0.000164526504246 0.000228015527174 3.04614401543e-05 8.64013057003e-05 0.00031386129661 0.000140509992479 0.000121247175231 0.000114941820558 3.1713928195e-05 0.000138023262859 0.000313558897308 5.58392261095e-05 8.56752502224e-05 9.62983836059e-05 0.000267710867923 0.000123014206723 0.000335111053715 0.000149248472744 0.000372901371905 0.0002985779298 7.49643366348e-05 0.0001999257727 0.000144743877945 0.000403070868628 0.000252612851035 0.000126468929339 0.000383489723281 0.000345684797423 5.69244547022e-05 8.22202907546e-05 0.000122954285328 3.41007781848e-05 0.000364248309796 0.000225730928466 0.000488420067743 0.000382836373626 0.000463028075204 0.000188412983473 0.000496033641603 0.00010251195422 4.65884006157e-05 3.49022040097e-05 0.000162301624264 9.98965257855e-05 6.29044751773e-05 0.000113646513526 5.5278386235e-05 0.000146376952187 5.97182988878e-05 0.000217407681934 0.00029903545502 5.28004387375e-05 0.000115060157674 0.000200310104938 0.000394548130418 0.000179187536296 0.000401802808158 0.000205714280151 0.000112234451938 1.13590955323e-05 0.000134725811695 0.000180364263496 0.000271323695898 6.85844053247e-05 0.000180341056023 8.49838276754e-05 0.000162012275641 9.08096851633e-05 0.000130724536698 0.000192239867644 7.46608501613e-06 4.21101735976e-05 0.000326570497491 0.000564578866309 1.98611438081e-05 0.000295672511942 0.000114519746371 0.000256842291512 0.000228102638879 0.000186831137914 8.6660180126e-05 0.00031781446193 0.000266701851725 0.000444903535141 0.000166433004217 2.86551462167e-05 0.000138579450615 0.000116795745288 0.00023749571903 0.000192734929068 3.79856463339e-05 0.000342362288225 5.75950706004e-05 0.000270790108433 0.000133114315309 0.00015394823164 2.43163119068e-05 0.000265173791245 0.000299867510834 0.000112796173402 0.000152218281624 0.000112452977242 6.48315599578e-05 0.000113630755645 0.000186527799353 1.07199918464e-05 6.85335493229e-05 5.75712899758e-05 0.000424593786807 0.000282713826267 9.95411454137e-06 0.000316375335602 0.000139749145318 4.03448445679e-05 0.000124589358433 0.000158594599217 7.71485037864e-05 0.000130644978288 2.76510562253e-05 0.000176554288436 7.00912587991e-05 0.000304878044061 0.000128928539022 3.33531578026e-05 0.000215490053122 8.77890509237e-05 6.70242327938e-05 0.000104825749725 2.68817416818e-05 4.42308012699e-05 2.13348978708e-05 8.72379858712e-06 8.00917150138e-06 8.65616815696e-06 0.000245363595383 1.88554455383e-05 0.000136579394425 0.000101472580909 0.000145675060045 0.000308286257435 9.90126812062e-05 0.000127729883865 8.3275795685e-05 6.34954631597e-05 9.53696689085e-05 0.00027909313405 0.000131843116206 0.000210690315408 0.000131032695716 0.000183959061443 5.16511679189e-05 0.000108144584195 1.05352776211e-06 1.2589485424e-05 6.99188058084e-05 0.000244995345258 0.000318467363192 0.000253981192044 0.000144717661122 0.000142480417141 9.21113963983e-05 0.000107210456306 0.000132362260374 1.11498670715e-05 6.11982323228e-05 6.39526700366e-05 8.70992366736e-05 0.000168132094354 0.000172696387016 3.53480336928e-05 4.7736876448e-05 3.31060168896e-05 4.19032923477e-05 1.22042472823e-05 8.11260328395e-05 7.33739611692e-05 8.81690449669e-05 0.000129070840944 5.41444618192e-05 7.5653380999e-05 5.32295176797e-05 0.000117302422512 0.000106849180031 0.000111135753125 4.3923740304e-05 0.000107105203312 0.000107958736597 8.05981739918e-05 0.000249740665846 0.000133375378434 7.0228567735e-05 4.89319406347e-05 3.87122115495e-05 0.000157448292718 9.55838683843e-05 1.49155798701e-05 0.000171655138416 0.000121040155736 0.000128381371471 3.72745750974e-05 0.000300326603121 0.000307192942062 0.000210330145654 0.000362394749438 9.03690867285e-05 0.000217574748583 0.00018009570933 0.000241075156367 0.000216492218517 0.000166668235954 0.000271049572587 0.000158083893928 6.479365814e-06 0.000181590134599 0.00019990452419 9.19235768037e-06 9.1241330455e-05 5.80200588962e-05 7.10820718843e-05 0.000187665105855 6.6514405239e-05 0.000105687290885 0.000144574670804 0.000595153035346 0.000263983364415 0.000233008280149 0.000418351656571 0.000128573971162 0.000118577766457 0.000124031851561 0.000108403680661 0.000120319263435 8.6701953034e-05 6.60168086407e-05 9.4060479211e-05 1.98687426045e-05 7.01971910605e-05 4.93239693023e-06 0.000308545627049 0.000103869339192 0.000289334049416 0.000147379168569 8.0470086356e-05 6.43284616466e-05 0.000199491136823 0.000639648791954 0.000650822765613 0.000144168585621 2.82043822577e-05 7.05347553615e-05 7.56488302197e-05 0.000184165126231 0.000309320548672 0.000112289654318 0.000208562124421 0.000155532526186 5.80202898418e-05 3.0211799822e-05 3.23755908204e-05 0.000135971809335 0.000117007556724 0.000109548556747 0.000200923472694 0.000229653898001 0.000174684478275 7.47058607226e-05 7.97574350664e-05 0.000111053763317 0.000100372009682 5.04139293434e-05 5.62019515403e-05 0.000129207046799 0.00011400290781 0.000178402694939 8.46674852439e-05 0.000127364053534 0.000222324776449 0.000130202661631 0.000225135527238 0.000142504405527 0.000216618743188 0.000224537654867 1.86793546798e-05 0.000468981448073 2.476535638e-05 0.000224789868081 6.35071814487e-05 0.000273533684759 4.33156327988e-05 0.000345386847948 0.000277751484533 7.86354979718e-05 0.000103373334391 8.93398896923e-05 0.000108390598337 4.93970453887e-05 0.000209265685123 0.000131723104318 0.000275709353134 8.64549383416e-05 5.58457280448e-05 2.61041743404e-05 1.90836358992e-05 1.93249985241e-05 2.35240616559e-05 2.98313141907e-05 3.26443590063e-05 5.47289902698e-06 3.67168497194e-05 4.50992864232e-05 7.87955152257e-05 5.93219271645e-05 0.00016198344524 7.08889244293e-05 0.000157053546661 8.15615720038e-05 5.19505053101e-05 0.000234487777366 0.000203744135133 0.000268670676398 0.00011585517109 0.000128552833497 1.63753994894e-05 5.42916649109e-05 3.62816867965e-05 0.000516453528518 7.83755872734e-05 0.000136608853999 0.000404218308092 0.00020442058205 0.000122424090877 4.97837017274e-05 0.000130348964141 5.39668394601e-05 9.28305928752e-05 6.17537996323e-05 1.6943714848e-05 0.000141858101155 0.000106153096341 0.000256616674882 0.000136899078863 0.000295365146399 0.000389965531472 0.00014912916775 9.422775717e-05 0.000128857017928 7.28725725143e-05 5.07689197869e-06 0.000131204971018 0.000143852245455 0.0001792294132 0.000314282198287 0.000546161747181 2.9605346063e-05 0.000330305631848 0.000122894079743 0.000441165652859 0.00013010481223 5.77567784957e-05 1.49475926649e-05 0.000359089761058 0.000234293108225 3.06197128235e-05 0.000204797410475 0.000173107232015 1.90743330234e-05 0.000121719514137 0.000199286270188 0.000191892568871 9.88994385687e-05 0.000115106312735 8.3951703662e-05 0.000174982683154 1.95983256022e-05 0.000152750620377 3.93695357495e-05 2.08737706689e-05 0.000162154024098 8.04277655272e-05 0.000136196151206 0.000529500361008 0.000165011340194 7.29007119849e-05 7.79619530267e-05 0.000168136724519 1.12730745719e-05 0.000165380767337 0.000164994810388 2.77113794801e-05 5.19096291214e-05 0.000123284037035 3.22115201242e-05 0.000145791630916 4.62583719975e-05 7.88769041993e-05 7.9611597516e-05 3.30726534525e-05 6.92479729974e-05 2.24738093477e-05 4.17613648496e-05 9.02216947972e-05 0.000184127846438 3.7828084766e-05 6.44786238982e-05 1.4673687128e-05 0.000170697813551 9.72971406999e-05 5.75196395918e-05 2.72236692189e-05 0.00011423180416 0.000140417542157 0.000119273332002 4.49948753882e-05 9.82262936177e-05 2.97270049756e-05 0.000123669030266 8.49489839283e-05 4.99129085686e-05 0.000100476696505 0.000505078927297 0.000170124486603 1.12845193711e-05 7.26652270489e-06 0.000137554972508 6.25674788633e-05 6.57403858649e-05 3.7011221852e-05 7.79384536093e-05 0.000127204812784 8.12511799214e-05 0.000146671947347 0.00035158960148 3.97399301077e-05 7.62112249317e-06 3.118546925e-05 0.000111742684635 6.50621416297e-05 3.71752957608e-05 3.82687164915e-05 5.91027325945e-05 0.00017732775983 6.44224785862e-05 0.000317840905237 8.41794879226e-05 2.14289405125e-05 0.000171862214897 0.000268133789251 0.00016908367094 0.000139326636784 0.000165971796093 0.000267995279565 5.26764138144e-05 0.000118972998752 0.000159223264262 0.000282789115538 1.05877072816e-05 0.000506169047417 0.00026444205619 0.000238685354715 0.000502450776063 0.000113374805763 0.000188530072192 0.000133108070676 0.000205849658779 4.16230049778e-05 0.000117692315158 0.000179827864024 2.21313802026e-05 6.19275445877e-05 0.000173459628255 6.86264733969e-05 0.000148061986493 0.000253894918747 7.97801747096e-05 2.54962991122e-05 4.44009670546e-05 0.000198043734008 7.57749989131e-05 4.92399255052e-05 0.000134023736046 5.37944355293e-05 0.000248813947677 5.5773688954e-05 1.21537534035e-05 1.48564656676e-06 2.38571251013e-05 7.52386010537e-05 0.000116831246319 0.000165598478491 0.00029584326878 6.43879374147e-05 0.000236143050092 9.9880105954e-06 6.68817698754e-05 4.23454125186e-05 8.77831590749e-05 0.000234019818156 9.68722707537e-05 7.80025286938e-05 6.23218326862e-05 4.84563695295e-05 4.08075760037e-05 0.00020663187498 3.06019146e-05 2.73357751744e-05 9.76164089889e-06 3.15006365741e-06 2.53469406783e-05 1.78085325321e-06 0.000128788612858 5.28669653726e-05 7.78743610193e-05 7.06822414277e-05 1.2218317322e-05 6.2301140242e-05 5.17791365621e-05 4.1244834291e-05 2.2414041868e-05 1.12462399935e-05 3.18510247171e-05 2.44587152973e-05 8.49701029916e-05 6.13136985687e-05 4.91931430579e-05 6.11937800602e-05 6.33005545049e-05 5.90666288559e-05 5.39102917217e-05 2.52787658448e-05 1.8107089963e-05 2.60844650012e-05 4.12848477172e-05 5.47668412939e-05 3.1807967765e-05 2.2680464239e-05 6.98526789507e-05 6.46433080317e-06 6.08434956522e-05 0.000220081120834 2.95555288633e-05 0.000100844915641 2.20943229534e-05 3.10036218048e-05 4.93666593466e-05 7.74330779318e-05 6.73591504148e-05 6.68323989513e-05 5.76921853581e-06 0.000125767952756 8.85713821467e-05 0.000176624322074 8.604982128e-05 0.000174519430328 7.95763862208e-05 8.96038358095e-05 4.6710720993e-05 2.67829527017e-05 4.36462949032e-06 3.20228404314e-05 0.000168258776388 3.65893265512e-05 6.79745852588e-05 8.62402706235e-05 3.32802524086e-05 5.62463043708e-05 0.000147624596887 2.80210445322e-05 2.78160316068e-05 4.58962941266e-05 2.53215744144e-05 1.52109336284e-05 6.27841008074e-05 3.89250095905e-05 3.59949171337e-05 7.13261792807e-05 1.35537280117e-06 1.99124806783e-05 6.74084367289e-05 7.91178459879e-06 8.95164245367e-05 3.9022223834e-05 4.9097615418e-05 3.56209891216e-05 1.83744411676e-05 2.49092354961e-05 0.000155254734551 3.19231614376e-05 2.09246708513e-06 1.4042579117e-05 8.74514702652e-05 6.40915304123e-05 7.12013608454e-05 3.28478005859e-05 9.8681882448e-05 2.26931623883e-06 4.32403696873e-05 2.36494051929e-05 2.20819059449e-05 6.33347123009e-05 2.67829395797e-05 0.000126403573332 8.75561295371e-05 6.26902343993e-07 2.27801203495e-05 5.62486528234e-05 6.41765009009e-05 1.38002651508e-05 4.56407331093e-05 3.52658155719e-05 2.21875906198e-05 2.9007287602e-05 3.85308872177e-05 0.000160798824987 0.000100861634941 0.000123647624202 9.07836918336e-05 6.65852725085e-05 3.50277925365e-05 6.64759473871e-05 8.71086540954e-05 7.70823930826e-05 5.07267290466e-05 1.95130905642e-05 7.16516668396e-06 7.87088065022e-06 1.29913234632e-05 5.00732284226e-05 4.94459503521e-05 0.000228179457601 0.00011234525532 3.73151884051e-05 3.35229436326e-05 2.14198870275e-05 9.76923569841e-05 7.17367135017e-06 4.11513376883e-05 4.63218368512e-05 3.25802431623e-05 3.29681884543e-05 2.27535376003e-05 2.11161144251e-05 0.000136821747109 8.10484376554e-05 5.09466961262e-05 3.23005301063e-05 6.01630999506e-05 3.21281586579e-05 5.88630308597e-05 5.80570528999e-05 0.000124042461916 2.52880388592e-05 6.69703626464e-05 2.19472724261e-05 0.000113868608096 9.37669352822e-05 5.92085041465e-05 0.00011425105186 2.19719315897e-05 9.14540621248e-06 1.47158152452e-05 1.37881746541e-05 1.70886169271e-05 3.59725297398e-05 9.42588899009e-05 1.18167897975e-05 5.45348397981e-05 2.33556242581e-05 3.60774824638e-05 3.32150135817e-05 5.66413566272e-05 4.86918586976e-05 1.51351250183e-05 3.28095557697e-06 3.35638275315e-05 2.31640597967e-05 0.000126231833215 3.16912922877e-05 3.16431805771e-05 1.09044662404e-05 4.30991193819e-06 3.6360054213e-06 1.81121378444e-05 4.06378058003e-05 0.00012700693727 7.38808456972e-05 6.79509422407e-05 2.91769209836e-05 5.66134138664e-05 3.41507050166e-05 4.2346117839e-05 1.08585697488e-05 3.67055262509e-05 1.88122323256e-05 0.000112761539925 5.87462477916e-05 1.63012855513e-05 6.37032529902e-05 0.000104756481628 3.39888223068e-05 1.46016462178e-05 1.37317216305e-05 5.28366972205e-05 8.87783986437e-06 8.06499882401e-06 3.76783964377e-05 2.45386715211e-05 1.75051297148e-05 6.35979554045e-05 8.68043968382e-05 5.03405608939e-05 0.000163676955011 2.90826085272e-05 3.67511258737e-05 7.59449573566e-05 0.000150225883818 7.27998990168e-05 3.78001335246e-05 2.21516950799e-05 5.47463930164e-05 7.74774441221e-05 6.58435707862e-05 6.98080108738e-05 7.15652770222e-05 0.000262443890425 0.000151596447844 6.05410597531e-05 2.28535160397e-05 2.71741079126e-05 8.01632072188e-05 4.06991650505e-05 2.03581779161e-05 9.56482245301e-06 3.22409727996e-05 2.41409886315e-05 2.59390634998e-05 8.33884953721e-05 2.40191644981e-05 1.32038281968e-05 3.04482172629e-05 1.2350290132e-05 1.64800186362e-05 2.41707723244e-05 1.27144142008e-05 2.67641090717e-05 2.88855875598e-06 4.00227805543e-05 3.66180230793e-05 1.70719293193e-05 8.16216597766e-06 1.13991661792e-05 3.57682028501e-05 5.28781290768e-05 9.94319169164e-05 9.15116171926e-05 2.16147001664e-05 3.1770235079e-05 7.60119480471e-05 3.57551145147e-05 0.00016909122388 3.67110264398e-05 1.77366375335e-05 2.48177025398e-05 4.82390970554e-05 4.63773444046e-05 1.04884699945e-05 0.000120142013695 4.25130589119e-05 9.01143247914e-06 6.94051853956e-05 3.84206046347e-05 1.6770230863e-05 4.30193921507e-05 1.12029460285e-05 4.33587168343e-05 6.77160579632e-05 4.80607376443e-05 1.71966198703e-05 2.62666002887e-05 0.000241663293056 0.000117029281517 5.10233129956e-05 3.97327425418e-05 0.00013008654888 8.32889610296e-05 2.58876752122e-05 0.000106228994134 3.34892051976e-05 3.21864135304e-05 2.01427196423e-05 2.22298014525e-05 1.37569248199e-05 9.14439915979e-07 1.45468844032e-05 9.74425638273e-06 9.48691491803e-05 2.05775080292e-05 7.57430251177e-05 2.13281143933e-05 7.06353975291e-06 0.000126970813916 3.7412501285e-05 9.95763099479e-05 5.42513851782e-05 1.63849486734e-05 4.60103293107e-05 3.45176623e-05 0.000252258123022 4.21612861666e-05 5.94711617376e-06 4.82356422092e-05 2.57131057806e-05 1.81543009068e-05 2.30022377657e-05 2.27239569387e-05 2.63982021532e-05 2.21220723877e-05 8.9347908978e-07 2.8495433078e-05 2.47935639001e-05 1.7119450157e-05 1.94828652241e-05 0.000118892625623 7.0509879623e-06 6.23633928166e-05 0.000146260361764 7.78594915956e-05 1.01710713709e-06 2.81415408482e-05 3.46940600221e-05 1.05212028858e-05 0.000115814416338 9.98904673567e-05 1.21801108089e-05 3.30571685866e-05 6.77138834413e-05 1.08167597964e-05 1.9539085319e-05 2.4088692407e-05 1.44959062011e-05 9.85756534875e-05 0.000103930739998 5.09729757278e-05 1.43610196321e-05 2.74745687904e-05 1.43115990231e-05 3.29644251004e-05 7.43467782178e-05 1.82130526292e-05 3.51339842412e-05 7.98865693687e-06 7.86923548861e-06 2.58126260297e-05 1.50152868548e-05 2.8049703939e-05 1.98106570739e-05 2.51644572756e-05 7.10939440547e-06 2.07672596835e-05 1.02509996427e-05 7.35358729452e-06
</DataArray>
      </CellData>
      <Points><DataArray type="Float64" Name="Points" NumberOfComponents="3" format="ascii">
0.00681663 -0.00232001 0.000876628 0.00143844 -0.00240394 0.000799595 -0.00514338 -0.00503892 0.000799716 -0.00271788 0.00157568 0.00455453 -0.00430329 8.684e-05 0.00215055 0.00254541 -0.00297599 0.00180733 0.00330027 -0.00199052 0.000799084 0.000411563 -0.00466055 0.00148814 -0.00248411 0.000349642 0.000799843 -0.00137761 -0.00211238 0.00347341 0.000317706 0.000117784 0.00151963 -0.00138069 -0.00406122 0.000799916 -0.00101397 -0.000399701 0.000799818 -0.00120016 0.00076839 0.00424261 -0.0014018 0.00290238 0.000799604 0.00435437 0.00204279 0.000799605 0.00425482 -0.000969965 0.00157718 -0.00153199 0.00346511 0.0028367 0.000156279 0.00351314 0.00079927 -0.00111384 -0.0071139 0.00237763 0.00517177 -0.00500983 0.000799814 0.00180585 -0.00555888 0.0022219 -0.00120808 0.00131446 0.000799547 -0.00302269 -0.00491894 0.00496556 -0.00268722 -0.00668019 0.00162686 -0.00040194 0.00266524 0.00203484 -0.00665723 -0.00274267 0.0032642 -0.0065382 0.00170916 0.00215442 -0.00525524 -0.00155288 0.000799266 0.00220748 0.00538596 0.0023263 0.00296394 -0.000426519 0.000799877 0.0031418 0.000982073 0.00153706 -0.00444243 -0.00405132 0.00468761 -0.00408285 0.00293896 0.00243641 0.00561155 0.00451191 0.00246224 0.00562616 0.000981773 0.00476186 0.00231683 0.00391686 0.000800189 0.00274363 0.00124623 0.00306342 -0.00593643 0.00407536 0.00283097 0.0003343 -0.0071929 0.00321779 0.00700238 0.00167703 0.00240422 0.00030999 -0.0049082 0.00306494 0.00579881 -0.00426854 0.00287991 0.00275796 0.00268667 0.00236414 -0.00230558 -0.00224363 0.00204805 0.00368529 -0.00442507 0.00432999 0.00313964 0.00503167 0.00357743 0.00552047 -0.0021909 0.00448727 -0.00540419 0.00165405 0.000799514 -0.00113149 -0.00385426 0.00425658 0.000536888 -0.000211117 0.00456527 -0.0036478 -0.00447132 0.000799542 -0.00245661 0.00562964 0.00194411 -0.00256905 -0.00669026 0.00480822 0.00600918 0.00396662 0.00391212 -0.0047568 -0.000115873 0.00443991 -0.00413002 0.002622 0.000799936 -0.00309793 0.00488726 0.00480489 -0.00358724 -0.00054141 0.00343502 0.000170943 -0.00171984 0.00354902 0.00377484 -0.00207529 0.00262931 0.0010613 0.00712144 0.000799547 -0.000853101 -0.00411049 0.00230956 0.00028974 0.00187718 0.000799936 0.00458264 -0.00555373 0.0021843 -0.000110818 0.00419985 0.00282681 0.00393787 -0.00602788 0.000799567 0.00207495 0.00396321 0.00304399 -0.00677634 -0.0023156 0.000799843 0.00115535 -0.005898 0.000799751 0.00570579 0.00439126 0.000799537 -0.00237144 -0.00124614 0.000799514 -0.00212172 -0.00346689 0.00306193 0.00363441 -0.00254958 0.00448988 0.00274534 0.0066564 0.00347722 -0.00042208 -0.00257688 0.00216305 -0.00392298 -0.00603782 0.00426029 -0.00451998 -0.00456237 0.00219361 0.00716014 -0.00075944 0.000799301 -0.00437974 -0.00290226 0.000799919 0.00515574 0.00257062 0.00344281 -0.00260698 -0.000461353 0.00217342 -0.00153995 0.00703354 0.00203707 0.00271028 0.00667113 0.000799487 -0.00242768 0.000737933 0.00321708 0.00411708 0.00184892 0.00246292 0.0030209 0.00653592 0.00504813 0.00278588 0.00235626 0.000799355 0.00331354 0.00516774 0.000799329 0.00177948 -0.00253135 0.0032548 -0.00719912 0.000114226 0.00213789 -0.000644401 -0.00559598 0.00414913 -0.00105769 0.00427755 0.00154033 -0.00336535 0.00151526 0.00217979 -0.001129 -0.007111 0.00397713 -0.00358824 -0.00467707 0.00348904 -0.00333939 -0.0021121 0.00326051 0.000399821 0.0020747 0.00425662 -0.00118936 0.00710127 0.00359648 -0.00565805 -0.000763809 0.00213067 -0.00390363 -0.00605031 0.000799911 -0.00252166 0.00674478 0.000799736 -0.00130739 0.00233757 0.00394933 -0.000921424 -0.000806391 0.00427783 -0.00712943 0.00100611 0.00346425 0.00428747 0.00117851 0.00390556 -0.00505846 0.00512376 0.00171591 0.00173226 0.00114787 0.000799199 -0.00404688 0.000988536 0.00352711 -0.00529941 5.19099e-05 0.000799936 -0.0022314 0.00358772 0.00435647 -0.00654076 0.0030104 0.00439779 -0.00245602 0.00451216 0.000799597 -0.00196545 0.00591945 0.0043446 0.0047224 0.00543589 0.00150645 2.64574e-05 -0.00161508 0.000799666 -0.0055479 0.00292096 0.00179469 0.00251 -0.00674871 0.000799517 -0.00546368 -0.00264612 0.00194855 -0.000382665 0.00141193 0.00302849 -0.00128446 0.000438542 0.00213557 -0.00673907 0.00253576 0.000799482 0.00576829 -0.00352573 0.000799638 -0.00424174 -0.00214887 0.00457966 0.0062199 -0.00362751 0.00428385 -0.00230717 -0.00536563 0.000798964 -0.000719276 -0.00555811 0.000799255 0.000357689 0.00719176 0.00319998 -0.00361577 -0.00324316 0.00216375 0.00681225 -0.00233256 0.00355535 0.00719949 0.000111638 0.00214045 -0.00612886 -0.0037786 0.000799966 0.00100366 -0.00329818 0.00208449 0.00128907 0.000857158 0.0036424 0.00236758 -0.00531458 0.00415345 -0.00531856 0.00144889 0.00438558 0.0014087 0.00279263 0.00148542 -0.00396283 0.000960031 0.00079991 -0.00012531 -0.000221592 0.00301907 -0.00278928 -0.00312133 0.000799665 0.00138424 -0.00706612 0.00189035 -0.00202609 -0.00500523 0.00359722 -0.00133154 -0.00246202 0.000799152 0.0029131 -0.00489568 0.00127644 0.00646242 0.0031746 0.00224464 0.000860122 0.00292476 0.00298242 0.00604211 0.00038436 0.000799769 0.00562208 -0.00125913 0.00079934 0.00140922 -0.000804287 0.000799859 0.000818351 -0.00436993 0.00448267 0.00472116 -0.00313338 0.00347168 0.0061079 -0.00284955 0.00220921 -0.00397499 0.00598475 0.000799936 0.00351562 0.00628389 0.00212585 5.31349e-05 -0.00326257 0.000798849 -0.0038206 0.00610296 0.00405708 0.00334936 0.00428248 0.00213127 -0.00149581 -0.00557121 0.00219792 -0.00275972 -0.00459375 0.00212401 0.00529243 -0.00170897 0.00297915 -0.00268141 0.00194237 0.000798962 0.00388555 0.00357647 0.000799647 0.00544975 -0.00059434 0.00455418 -0.00353015 0.00448855 0.00226813 0.00714381 0.000902202 0.00380775 0.00444295 0.000415372 0.0007996 0.00189839 0.00694557 0.00215128 0.000221025 -0.00719672 0.000799815 0.000910048 -0.00169195 0.00213086 -0.000537274 0.00718 0.000799628 -0.00631116 0.000185788 0.00466436 -0.00495761 0.00153485 0.00233065 0.0067322 0.00255323 0.00371507 0.00111938 0.00433122 0.0018132 0.0036438 -0.00355482 0.000799199 -0.0039283 -0.00603403 0.00240256 0.00662224 -0.000572905 0.00346607 0.00325484 -0.00494652 0.00283861 0.00137846 -0.000702058 0.00329664 0.00247335 -0.00137207 0.00202034 0.00487918 0.00317193 0.00198624 0.00173193 0.00540608 0.000799409 -0.000716181 0.00409706 0.0043037 0.00489571 -0.00528012 0.00372862 0.00437045 0.00399359 0.00332839 0.00588583 0.00280182 0.000799584 -0.00715729 -0.000761692 0.00079983 -0.00245372 -0.00126562 0.00429999 0.00188569 0.000116068 0.0020187 0.000258383 0.00627462 0.00189367 -0.0011478 -0.00115272 0.00221447 -0.00137375 -0.00706785 0.000799781 0.00567886 0.000830218 0.00317024 0.00441398 -0.00396374 0.00213974 -0.00355575 -0.00340187 0.00585026 0.00554403 0.00156627 0.00175656 0.000159822 0.00511247 0.00079941 -0.00590416 0.00412131 0.000799614 -0.00182458 0.0019438 0.00214931 -0.00606085 -0.00388639 0.00421063 0.00719608 -0.000243873 0.00492257 -0.00681797 0.000904916 0.000799906 -0.00410615 0.00422182 0.000799742 0.0032431 -0.00642837 0.00218484 -0.00405179 0.00241649 0.00424787 -0.00267383 0.00323632 0.00173972 -0.00385198 -0.000639689 0.000799151 -0.00134044 0.00566652 0.000799306 0.00456778 0.0055659 0.00309299 0.00202326 0.00237737 0.00393448 0.00358521 0.00266029 0.00373465 0.00168766 -0.00398429 0.000799835 0.00700638 0.00166043 0.000800014 0.00568401 -0.000400049 0.0021472 0.000915136 -0.00598112 0.00408483 0.00469765 -0.00249585 0.00139229 -0.00702102 -0.00159724 0.00220825 -0.00248845 -0.00675639 0.00321208 -0.000983079 0.00551346 0.00255617 0.00220358 0.00410099 0.00598907 -0.00232568 -0.00263684 0.00828632 -0.00450232 0.00353611 0.00814891 0.00137384 -0.00340456 0.00746657 -0.00575028 0.00203328 0.00581099 -0.00412894 -0.00174809 0.00191821 -0.00223332 -0.000442993 0.00833671 0.000242329 0.00477153 0.00539228 0.00249488 -0.00146279 0.00420667 0.00194109 0.000194693 0.00778486 0.00307675 -0.00650995 0.00699156 0.000337034 -0.000533682 0.00697074 -0.00483445 0.00533579 0.00502821 0.000972348 0.00141979 0.00217959 -0.0042368 0.00451845 0.00626675 0.000416321 -0.00140117 0.00562806 0.00289128 -0.00183295 0.00571171 0.00474449 0.00371702 0.00485898 -0.00224726 0.00669731 0.00676366 -0.00377753 0.00390784 0.00373807 -0.00473587 -0.00330271 0.00330458 -0.00435652 -0.00217683 0.00654175 0.00645234 0.00319557 0.00796258 0.00242822 -0.00476982 0.0067414 0.00312123 -0.00340269 0.00323695 -0.00629948 -0.00348691 0.00670054 0.00392343 0.00603736 0.00627124 -0.00308896 -0.00328175 0.00432242 -0.00180521 0.00365563 0.00660393 0.000210285 -0.00719734 0.00484796 -0.00266171 0.00669016 0.00312425 0.00227294 -0.0037093 0.00455747 0.00373781 -0.00615432 0.00934307 -0.00712021 -0.00107282 0.00522962 0.00633738 0.00271092 0.00948224 0.00173647 0.00180494 0.00762702 0.0007852 0.00642966 0.00711702 0.00267231 0.00372215 0.00450785 0.00155594 0.0013856 0.00512804 -0.00597274 -0.00402126 0.00258835 -0.00162239 -0.00555187 0.00541449 0.00704591 -0.00148319 0.00222072 -0.000630919 0.00717273 0.00715193 -0.000198123 0.00141817 0.00558686 -0.000205216 -0.00262798 0.00481076 -0.00271322 -0.00131189 0.00708298 0.000849815 0.00543205 0.00317123 -0.000641093 -5.46729e-05 0.00843787 -0.00495182 0.00522732 0.00334198 0.00320634 -0.000469733 0.00850425 -0.00233208 0.0047745 0.00328954 -0.00117523 0.00410394 0.00800428 -0.000819317 -0.00319706 0.00713607 0.00360873 -0.00623057 0.00372974 0.00514256 0.00231081 0.00550882 0.00480566 -0.00351761 0.00502238 0.00442448 -0.00148679 0.00541526 3.77326e-05 -0.00584168 0.00728544 -0.00057058 -0.000132033 0.00571654 -0.00209006 -0.000630864 0.00572211 0.00433981 -0.000665197 0.00678497 0.00235437 0.000113819 0.00457561 0.00591288 -0.00278934 0.00591794 0.00176339 -0.00424195 0.00312935 -0.00530451 -0.000165299 0.00751912 0.00130602 0.00303502 0.00520378 0.000100372 -0.00612586 0.00204947 -0.00424412 -0.00470832 0.00646547 -0.00547205 0.00467965 0.00727048 -0.00028286 0.00300315 0.00538749 -4.90865e-05 0.00720003 0.00474672 0.00696629 -0.00182067 0.00506316 -0.00278385 0.00254113 0.00328081 0.00718732 -0.000434923 0.00739522 -0.00191546 -0.00399889 0.00566371 -0.00322765 9.05889e-05 0.0048602 0.00467907 -0.00547259 0.00530151 0.000326496 0.00272219 0.00802372 0.00429902 0.000265212 0.00259194 0.00217649 0.00588085 0.00778697 0.00583419 0.000186269 0.00797963 -0.006488 0.00312245 0.006721 -0.00671768 -0.00259409 0.00488719 0.00701597 0.00161939 0.00523194 -0.00565915 -0.00141476 0.00467537 0.00326609 0.00283367 0.00736958 -0.00179766 -0.00257379 0.00494615 -0.00325391 0.00642331 0.00802081 0.00487948 0.00529527 0.00463787 0.00343184 0.00493812 0.00521786 0.00310835 0.0017236 0.00494064 -0.00691053 -0.00202275 0.00649934 0.00221158 -0.00331734 0.0061068 0.000868718 0.0040925 0.00408649 0.00443422 -0.00567279 0.00686943 -0.00134136 0.00498188 0.00548093 0.000237901 -0.00204635 0.00748122 0.00548009 -0.00200367 0.00724236 -0.00719048 0.00038129 0.0059861 -0.00618152 0.00107379 0.00701587 0.00623214 -0.0036063 0.00725576 0.000148909 -0.00336075 0.00343464 0.00230181 0.002294 0.00621287 -0.00188589 0.00267203 0.00794841 0.00696182 -0.0018388 0.00666272 0.00292947 -0.000339709 0.00315364 -0.00231032 -0.00281896 0.00669706 -0.00688424 -0.00210948 0.00948308 -0.000387896 0.00576349 0.00412914 -0.000865929 0.00236945 0.00675406 -0.00114745 -0.00488691 0.0067942 0.00159768 -0.00194168 0.00664583 0.00190253 0.00509966 0.00477647 0.00278331 -0.000940246 0.0070349 0.00135194 0.00650536 0.00424809 -0.00180613 0.00252012 0.0054689 -0.00716667 -0.000692045 0.00351944 -0.00459015 -0.0055479 0.00841533 0.00678205 0.00241748 0.00659861 -0.00536092 0.00268303 0.0033683 0.000113853 -0.00719967 0.00644452 -0.00297611 0.0038288 0.00768029 -0.00527609 0.00398439 0.00429458 -0.00702323 0.00158888 0.00495035 0.00290042 0.000554404 0.00601286 0.00577164 -0.000940645 0.00608293 -0.00393465 0.00603048 0.00240489 -0.00374374 -0.00033639 0.00782183 0.00470723 0.00544873 0.0075354 0.00648538 0.0031276 0.00518772 0.000405721 0.00431964 0.00811364 -4.75728e-05 -0.00436909 0.0079039 -0.00503088 -0.00173178 0.00323908 -0.00565926 0.000406477 0.00322073 -0.00621483 0.00362394 0.00821535 0.000471095 -0.00299199 0.00621288 -0.00514303 -0.00503931 0.00358823 -0.00184715 -0.00413999 0.00802301 0.00137981 -0.00241411 0.0048479 -0.00306931 -0.00189299 0.00563642 -0.000284607 0.0061744 0.00595118 0.00209977 0.00293203 0.00870259 0.00153681 -0.00556385 0.00549807 -0.00311254 0.00353779 0.00568999 0.00678779 -0.00240186 0.00814993 -0.00582624 0.00423104 0.00577642 0.0041031 -0.00114234 0.00388662 0.00211829 -0.00675033 0.00327601 -0.00032889 -0.00422918 0.00558807 -0.00717339 -0.000623762 0.00723021 0.00423337 0.00022713 0.00519077 -0.00701993 0.00160291 0.00827118 0.00710538 0.00116365 0.00753841 0.00365284 -0.00122582 0.00984121 0.00478729 -0.000582692 0.00891284 0.00573619 -0.000914001 0.0102788 -0.00290112 -0.00425044 0.0110906 0.00181001 -0.00206594 0.00822672 0.00352367 -0.00287578 0.0120498 -0.001559 0.0053887 0.0105261 -0.00456048 -0.000543587 0.00918126 -0.00119376 -0.00389175 0.0124852 -0.0027032 -0.00513474 0.00651793 0.00447067 6.24198e-05 0.0103416 0.00388966 0.00358438 0.0106851 -0.00226406 -0.00103596 0.010994 0.0031265 -0.00569446 0.00561629 -0.000259054 -0.00298506 0.00867667 -0.00367158 0.0061941 0.0102609 0.00533866 0.00189878 0.0114533 -0.000795491 -0.00715627 0.00881005 0.0047975 0.00470533 0.00612181 -0.00203672 0.00542508 0.0077372 0.000753578 -0.00697691 0.00955995 -0.00225266 -0.00517062 0.012227 0.00507031 -0.00318542 0.0117841 -0.000832132 -0.00715219 0.012676 -0.00268553 0.00496694 0.00634852 -0.00534243 0.00161902 0.0119993 0.000854789 0.00233623 0.0115425 -0.000721907 -0.0014172 0.0111809 -0.00176585 0.00698055 0.00826232 0.00340816 0.00504922 0.00837842 -0.00132746 -0.00599853 0.011218 0.00112081 0.000795483 0.00654958 0.00496692 0.00198912 0.0098831 -0.000840404 -0.00281767 0.0101568 0.00580412 0.00176219 0.00825224 0.00578723 0.000510077 0.00955139 0.000779666 0.00347883 0.00942179 -0.000774639 0.00137706 0.00933535 0.000406344 0.000327386 0.00958465 0.00149115 -0.00546369 0.00783568 0.00308664 0.00169369 0.00847685 0.00477713 0.00538763 0.00913298 0.00154421 0.00346664 0.0073011 0.0057773 -0.000399258 0.0127144 -0.00388824 0.00279154 0.00687287 0.00297994 -0.00655466 0.011991 -0.00549932 -0.0046479 0.00745548 -0.00279524 -0.0066354 0.0111407 -0.00431636 0.000674295 0.0101893 -0.00254189 -0.00673653 0.00640683 -0.00124763 -0.00709112 0.00727718 -0.00352997 0.00200913 0.0105877 -0.00433388 0.00574951 0.0129584 0.001732 -0.000532678 0.00589994 0.000978866 -0.000775208 0.0105918 -0.00672181 -0.00258181 0.0110025 0.00556668 -0.00196856 0.0090879 0.00535867 -0.00480888 0.00784786 -0.00575614 -0.000955764 0.00620435 -0.00505523 -0.00311372 0.00763418 -0.00239387 0.00679046 0.0110167 0.00380603 0.00171976 0.0142106 0.000163213 0.00408778 0.0126972 -0.00526535 0.00491083 0.00884007 0.00135388 0.00707211 0.00846698 0.00364658 0.000626129 0.00742568 0.0031474 -0.00248706 0.00899742 -0.0047298 -0.00158558 0.00797959 0.00319175 -0.0046734 0.00960156 -0.000517888 0.00443321 0.0096518 0.00313726 0.000688648 0.00971949 0.000875562 0.0057213 0.0130231 -3.90895e-05 -0.00581491 0.00561386 -0.00426638 0.000943378 0.00701634 0.0066061 -0.00286409 0.00991073 -0.0028157 -0.000586771 0.0126592 0.00262973 -0.00385402 0.00834854 -0.00135252 -0.005742 0.00813081 0.000742807 -0.000898666 0.00847422 0.00409993 -0.00169196 0.00798808 -0.00370331 0.00260799 0.0133215 0.00518827 0.00499241 0.0123029 -0.00563343 -0.00130995 0.0100891 -0.00506753 -0.00409867 0.00889471 0.00110357 0.00284032 0.0130403 -0.00445832 0.00431098 0.0105959 0.00687061 0.0021532 0.0125681 -0.00479321 0.000162914 0.0116281 0.000477099 -0.00533543 0.00906547 -0.00276862 0.00434638 0.0106485 0.00425641 -0.00347927 0.00958813 -0.00304401 -0.00517891 0.00823811 0.000816372 0.00563642 0.00892373 0.00352381 0.00322544 0.00576799 -0.000179608 -0.0020485 0.0125463 0.00504198 0.0039504 0.00798481 -0.00228505 0.00242221 0.00947736 -0.00655931 -0.00296909 0.0125463 0.000937273 0.00083071 0.011007 -0.00710182 0.00118925 0.00984119 -0.00023324 0.00394202 0.00668188 0.0031145 -0.00535842 0.0081014 0.00121079 0.00709769 0.00572733 -0.00122398 -0.00709535 0.00557384 -0.0038721 -0.00305015 0.00870921 0.000816741 0.00715376 0.00997126 -0.00198501 -0.00180906 0.00961868 0.00169422 -0.00699797 0.0128401 0.00718411 -0.000486179 0.0119585 0.00155475 -0.0048419 0.0117429 0.00719839 -0.000163459 0.0103918 0.00474136 0.000472784 0.011863 0.00606976 0.0038736 0.0115757 -0.00398671 -0.00321679 0.0116491 0.00706819 0.00137329 0.00996755 -0.00241645 0.00595166 0.00929929 -0.00529543 0.00268535 0.0131921 -0.00144623 0.00705349 0.0136046 0.000839652 -0.00463868 0.00660067 0.00424676 -0.0027865 0.00633117 -0.00151845 -0.000285305 0.0097581 -0.00257046 0.00189604 0.00672825 -0.00262403 -0.00670489 0.00800432 0.00346096 0.00364649 0.009145 -0.00530567 0.00233691 0.00745916 -0.000823883 0.0029599 0.00910954 -0.00528098 -0.00295189 0.00549207 0.00443229 0.00255911 0.00848699 0.00388416 0.00177528 0.00633877 -0.0020716 -0.00689612 0.00973848 0.00655852 0.000445674 0.00621734 -0.00336261 -0.0015368 0.00880831 0.00695947 0.00184564 0.0141355 -0.00176422 0.000942181 0.00572857 -0.00226159 0.00399281 0.00917307 0.000279966 -0.000580935 0.0121062 -4.75425e-05 0.00583791 0.0102551 0.000733126 -0.00262361 0.00994318 0.00415939 -0.00587734 0.0109946 0.000451194 0.00718628 0.0137121 0.002325 0.00568104 0.00620696 0.00188837 -0.000252508 0.00938418 -0.00311561 -0.000335678 0.00983506 -0.00382182 -0.00610247 0.0071268 -0.00465941 0.00316674 0.00552298 0.00212615 -0.00687951 0.00822354 -0.00711285 -0.00112097 0.013441 -0.00530364 -0.00487005 0.0102871 -0.00420252 -0.000773761 0.00578874 0.00315532 -0.00496536 0.0121535 -0.00414074 -0.00589052 0.0107003 0.00501905 -0.00318977 0.00821183 -0.00444721 0.000809308 0.0130501 -0.000490872 0.00538608 0.00732767 -0.00590947 -0.000465569 0.0125864 0.0042591 -0.00167774 0.0128355 -0.000268363 -0.00127803 0.00965384 0.00277587 -0.00378103 0.0131589 0.00395056 -0.00413789 0.00749221 0.00662228 -0.00282692 0.0119317 -9.13924e-05 -0.00331633 0.0114794 0.00260275 -0.00557645 0.0107829 -0.00516144 -0.00272461 0.0106823 -0.00520776 0.00497287 0.0118446 -0.00701683 0.00161612 0.0113806 -0.0036625 0.00529031 0.0115807 0.00144139 0.00476272 0.0101091 -0.00331601 -0.00382748 0.00742593 -0.00352008 -0.00168929 0.0117388 0.00308115 0.00650776 0.00894809 0.00303616 -0.00300401 0.0105074 -0.00120983 0.00389869 0.0109916 -0.00251707 0.000870827 0.0132474 -0.00255955 0.00030842 0.00696239 0.00102826 -0.0030261 0.012926 -0.00525077 0.000513793 0.00582497 0.00137531 -0.00454109 0.013304 0.000528933 0.00201292 0.01001 0.00040361 0.00113422 0.00820352 0.00232566 -0.0068143 0.00980898 0.00191612 0.00451794 0.00860145 -0.00340737 0.00237032 0.00833852 -0.00129804 -0.00034298 0.0122171 0.00333752 0.0040494 0.0121126 -0.000609464 0.000811122 0.00700841 -0.00302334 0.00653477 0.00537459 -0.00580724 0.000251764 0.00979035 -0.0039807 0.00146274 0.00553036 -0.00457452 0.00202791 0.00937667 -0.00197435 0.00238198 0.0126625 0.00249624 -0.00169726 0.0117114 -0.002678 -0.00388764 0.00936676 0.000715905 0.00234278 0.00651923 0.00057335 -0.00717755 0.00798299 -0.00101074 -0.00420835 0.00938456 0.00190258 0.0069445 0.012938 -0.00391099 0.00604586 0.00661203 0.00182319 0.00151008 0.0125193 -0.00233758 0.00100756 0.0102225 0.0047466 -0.00499758 0.00979428 0.00265233 -0.000404867 0.0107815 -0.000615221 -0.00717408 0.0103992 -0.0012568 -0.00064941 0.00708682 0.00470942 0.00322606 0.012113 0.00506535 0.000758102 0.00669855 0.00567036 -0.00443462 0.00600786 -0.00212464 0.0051942 0.0120099 0.00106213 -0.00384984 0.00897056 -0.00718307 0.00049929 0.0125136 0.000298978 -0.00431898 0.010296 -0.00551306 0.00110448 0.00846893 0.0018834 -0.00409867 0.0103207 -0.00622397 -0.00362124 0.0098916 -0.000392404 0.00655152 0.0125107 -0.0023673 -0.00670269 0.0126806 0.00347001 0.0050135 0.00997602 0.0059169 -0.0041031 0.00917019 -0.00534881 -0.00253818 0.00910482 -0.000991608 -0.00193323 0.00617028 -0.00501191 -0.00516947 0.0118313 0.004235 0.00582283 0.0111247 -0.00348827 -0.00629876 0.00929822 -0.00319174 0.000840938 0.00875428 0.00346542 0.00436034 0.0069366 -0.000224235 0.00719655 0.00869913 -0.0036225 0.00328772 0.00963134 0.00368638 -0.00422679 0.00591724 -0.00036818 0.00719118 0.0110453 -0.00671044 -0.00261041 0.0079739 0.00449471 0.000979973 0.00873486 -0.00150577 0.0070411 0.00538856 -0.00718085 -0.000528735 0.00950462 0.00517626 0.00264254 0.00707325 0.00228493 -0.00682827 0.00486495 0.00375355 0.00210516 0.0114896 -0.000899796 0.00575218 0.00883048 0.00169757 -0.00699709 0.00634345 -0.00472036 -0.00238271 0.0128042 -0.00281428 0.00360586 0.0120658 0.00501374 0.00360708 0.00954705 -0.00302968 0.00653176 0.0124617 -0.00358804 0.00486563 0.00937382 0.00177854 -2.32636e-05 0.0120659 -0.00600218 -0.0039768 0.0114354 0.00207184 -0.00174778 0.00992277 -0.00411476 -0.00380933 0.0101464 0.00556987 -0.00164595 0.0116917 -0.00173086 -0.00176007 0.01282 -0.00561815 -0.0045047 0.00567204 0.00533814 0.00483172 0.0105241 -0.00621153 -0.00114997 0.00839439 0.00233694 0.00680953 0.0103318 0.00300128 -0.00264743 0.00732584 -0.00369563 -0.00453704 0.0125042 0.00719643 0.000241648 0.00884435 -0.0013786 0.00706682 0.0098117 0.00658428 0.000895887 0.0114212 0.00699885 -0.00169131 0.012994 -0.0010662 -0.00165112 0.00831883 -0.00529209 0.00344866 0.00953732 -0.000929634 -0.00577782 0.00968407 -0.00407243 -0.00164042 0.0102382 -0.0066857 0.00267305 0.00941237 -0.0017512 0.00108536 0.00810287 -0.00322076 0.000212144 0.0113339 -0.00615149 0.00373904 0.0123266 0.00708215 -0.00129676 0.00926862 0.00608145 0.00385506 0.00655368 -0.00402 0.00503027 0.00784272 0.00674081 0.00253271 0.0110195 0.000979644 0.00552032 0.0114398 -0.0024309 -0.00533175 0.0100095 0.00105127 0.00489173 0.00676686 0.000389064 -0.00576878 0.0130223 -0.000504825 0.000145553 0.0109171 0.00337895 0.00226249 0.00994278 0.0016845 0.00131696 0.00914979 -0.00702816 6.74453e-05 0.0109809 0.000347692 0.00574506 0.0163414 0.00716934 0.000663928 0.0130706 0.00571322 0.0029542 0.0133285 -0.00518365 -0.00391515 0.0128085 -0.00105636 -0.00471586 0.0173376 0.0013798 0.00468339 0.0141308 0.00447536 0.00316749 0.0143343 -0.00632048 0.0034487 0.0107628 0.00440235 0.0056973 0.0176657 0.00579661 -0.000264761 0.0169953 0.00115287 0.00710758 0.0115345 0.00247282 -0.000452453 0.017252 -0.00277824 -0.00162886 0.0171249 0.0047526 -0.0022205 0.010442 0.00170224 0.00420174 0.0122774 -0.00708634 -0.0012747 0.0118492 -0.00479143 0.00283662 0.01112 0.0016605 0.00558839 0.0154392 -0.00572583 0.000854591 0.0156489 -0.00324676 -0.00199188 0.0132906 -0.00485211 -0.00531974 0.0168912 -0.000804354 0.000419223 0.0135343 -0.00653706 -0.00301777 0.0177102 -0.00413782 -0.00151263 0.0145337 0.00229509 0.00341375 0.0102157 -0.00295214 -0.00275903 0.0104676 0.00373419 -0.000771386 0.0142816 -0.00379984 -0.00611616 0.0122718 0.00251824 0.0051236 0.0112564 -0.00625813 -0.00356131 0.0152868 -0.00272715 -0.000864813 0.0157205 0.00437152 0.00190801 0.015695 0.00295052 0.00656824 0.0117894 0.00301026 -0.00487261 0.0164418 0.00402712 0.00596864 0.0128092 -0.00343268 -0.00632927 0.0138139 -0.000688044 0.00525033 0.0133923 0.000473857 -0.00425192 0.0172828 -0.0021922 -0.00439512 0.0136288 -0.00680549 0.00235278 0.0127843 -0.00340615 -0.000163175 0.0140839 0.00318929 0.000751021 0.012134 0.00712461 -0.00103274 0.0144464 -0.0038533 -0.00342792 0.0136495 0.000979015 -0.00212858 0.011444 0.00463098 -0.00347158 0.0159728 -0.000770263 0.00172286 0.010897 -0.000121043 0.001037 0.0121887 -0.00511968 -0.0042935 0.0144343 0.000506626 -0.00355218 0.0149331 -0.00438053 -0.00081932 0.0128978 0.00227681 0.00218068 0.0139046 0.00122415 0.0031627 0.0146025 -0.00461668 -0.00552571 0.0153227 0.00561272 -0.00247894 0.0131225 -0.000584316 0.00284587 0.0120208 0.00240955 0.00144911 0.0109239 0.00099584 0.0022321 0.0176292 0.00202348 -0.00331264 0.0117069 0.00581146 0.000323854 0.0141409 -0.000487617 -0.00621691 0.0146676 0.00306485 -0.00210779 0.0148507 -0.00572112 0.00172133 0.0104485 -0.00216192 0.00362011 0.0165161 0.00522855 -0.00491503 0.0138843 0.00556943 -0.000574449 0.0154422 -0.00354826 -0.00482932 0.0143575 0.00254667 -0.000596111 0.0156607 -0.0023885 0.00331686 0.0138927 -0.00513836 0.000154819 0.0143359 0.00398744 -0.00104052 0.0113942 -0.005088 -0.00140902 0.0115895 -0.00215717 0.00667916 0.014988 -0.000980704 0.000668012 0.0158377 0.00106799 -0.00118033 0.0154817 -0.000547941 0.00515648 0.0117433 -0.00118106 -0.00313541 0.0175668 0.00371803 -0.00436454 0.0143126 0.00157208 0.00403012 0.0171272 -0.00472553 -0.00543265 0.013383 0.00274912 -0.00218675 0.013284 0.00598546 -0.00400258 0.0128107 0.00273014 0.000664346 0.0136743 0.000397023 -0.00718962 0.0137565 0.00138785 -0.0014696 0.0128423 0.000806011 -0.00259608 0.0161802 -0.00220368 -0.00551748 0.0163405 -0.000594903 0.00199753 0.0133769 0.00623886 -0.00359417 0.0160537 -0.00598366 0.00111422 0.0133751 0.00305908 0.00651851 0.0139573 -0.00268062 -0.00330231 0.012568 -0.00116135 0.0071063 0.0161899 -0.00529 -0.00228869 0.0153271 0.00286309 -0.00660643 0.015179 0.000388387 0.00387374 0.010922 0.00171193 0.0069937 0.0146772 -0.00408919 -4.91337e-05 0.0155258 0.00301588 -0.000672214 0.0128439 0.00215388 -0.000988603 0.0141608 0.00161168 -0.00594213 0.0140388 -0.00516244 0.00501944 0.0160928 0.00176487 -0.00576578 0.0159827 -0.00211177 0.00257914 0.01106 -0.000476324 -0.00299333 0.0138017 -0.00196478 0.000294715 0.0146333 -0.0051948 0.0019463 0.0146072 -0.00351882 0.00628196 0.0142479 -0.00116029 -0.000858797 0.0153954 -0.00272288 -0.00420926 0.0155797 -4.59279e-05 -0.00491917 0.0117383 0.0040742 0.00445427 0.0134732 -0.00573658 -0.00290922 0.0139221 -0.00130935 -0.0043323 0.0109514 0.00428074 0.00578939 0.0160733 0.00463451 -0.0020847 0.0151754 0.00293047 0.00506779 0.0146177 0.00347567 0.00266374 0.0129621 0.00549891 0.00211777 0.0168315 -0.00388998 0.00361895 0.0145471 0.00430912 0.000434557 0.013402 0.00297638 0.00655629 0.0155541 0.00409487 -0.00070481 0.016049 0.00309845 0.00283851 0.015109 -0.00656929 0.00294706 0.0142503 -0.00159715 0.00456046 0.0145127 0.00718375 0.000485478 0.0149473 -0.0017198 -0.00263175 0.0114793 0.00132305 -0.00707779 0.0151273 -0.000619952 -0.00116561 0.0138059 -0.00340111 0.00159025 0.0121255 0.00103306 -0.00572322 0.0105138 -0.00451345 0.00508964 0.0146324 -0.00331597 0.00451407 0.0132837 -0.00413355 -0.00343366 0.0153544 0.000312083 0.0058103 0.0145173 0.00519215 -0.00498857 0.0118326 -0.00373564 0.00444307 0.0165295 -0.00701504 0.00162204 0.0150338 0.00393572 -0.00424976 0.0109532 -0.00205908 -0.00282946 0.0139635 9.12814e-05 -9.35772e-05 0.0147569 -0.00437695 0.00371906 0.0123883 -0.00716861 -0.000673138 0.0153486 -0.000285043 -0.00458004 0.013853 0.00643309 0.00323483 0.0147293 0.00262255 0.00373785 0.0137845 -0.00474541 0.000411168 0.0169101 -0.00222813 0.00565954 0.0135369 0.00077718 -0.00207826 0.01419 0.006159 -0.00204384 0.0156674 0.00164161 -0.00701088 0.0112416 0.00428344 -0.00578784 0.0129337 0.00251218 0.00545588 0.0128526 0.00594421 -0.00406002 0.0107689 -0.00270393 0.00134207 0.0155905 -0.00601478 0.00395863 0.0169336 0.00431316 -0.00410815 0.0128494 -0.00559469 -0.00131613 0.0139041 -0.000812049 0.00379516 0.015677 0.00520545 0.00327172 0.0157536 -0.00482407 -0.00294165 0.016711 -0.00143021 0.00397264 0.012779 -0.00193312 0.00105545 0.0117695 -0.00292992 -0.00657719 0.015312 -0.0019023 -0.00547728 0.0147702 -0.0031221 0.000318126 0.0167458 0.000932953 0.00278545 0.0161295 0.00540399 -0.00348129 0.0145721 0.00700421 -0.00166888 0.0108965 0.00235759 0.00282775 0.0117859 0.00016467 0.0071982 0.0152993 0.00554024 0.00134634 0.0129408 -0.00545596 0.00469846 0.0134009 0.00302381 -0.00653457 0.016769 0.000448442 0.00134999 0.0156129 0.00198175 -0.00320407 0.0144218 -0.00371398 0.00138369 0.0143508 -0.00717363 0.000621728 0.0162878 0.000888619 0.000166762 0.0133823 -0.00124098 -0.00574787 0.0133235 -0.00204478 0.00521511 0.0165439 -0.000437317 -0.00172984 0.0167339 -0.00552314 0.00205923 0.0166817 0.000211878 0.0071969 0.0170058 0.00538847 0.00185887 0.0144484 0.00017271 -0.00649939 0.0116163 -0.00047843 -0.00355846 0.0161935 -0.000242226 0.00256279 0.0148312 0.00458235 0.000755178 0.0167837 0.000792524 0.00160746 0.0140714 0.00499013 -0.00431582 0.0185902 -0.000441898 -0.00227834 0.0152316 0.00357916 -0.00275253 0.0199815 0.00563814 0.00447816 0.0138094 0.00162298 0.00701447 0.0162742 0.00113427 -0.00131087 0.0170749 -0.000752147 -0.00508778 0.0158116 -0.00102386 0.00177059 0.0200209 6.89346e-06 0.00720048 0.020368 0.00397359 0.00480714 0.0205216 -0.00168224 -0.000374346 0.0168276 -0.00338295 0.00039141 0.0207759 0.00141853 -0.0034924 0.0214604 -0.000631117 -0.00717243 0.0206393 0.00150982 -0.00402952 0.0160845 -0.0040565 -0.00165676 0.016126 -9.82446e-05 0.000437358 0.0200508 -0.0020713 0.00689583 0.0179699 -0.00193363 -0.00414918 0.0185495 -0.00025069 -0.00385263 0.0186519 0.000178089 -0.00310937 0.0205259 -0.00189502 0.00131778 0.0169781 -0.00500982 -0.00150955 0.0174021 -0.00551857 0.00462405 0.0214317 0.00130428 0.000148945 0.0163398 0.000357056 -0.00576742 0.0167428 0.00536505 -0.0048023 0.015474 -0.00338669 0.00187876 0.017118 -0.00385693 0.00459021 0.018519 0.00388256 0.000211616 0.0208556 -0.00520555 -0.0049749 0.0202891 0.00428645 -0.00578525 0.0161295 -0.00140969 0.00155997 0.018483 -0.00392266 0.0042198 0.020349 0.000694635 0.0043311 0.0156513 0.00246517 0.00279977 0.0166301 -0.00241552 -0.00260031 0.0184319 0.00036097 -0.0027119 0.0177122 0.00231092 -0.0020603 0.0162604 -0.00677897 0.00242673 0.0207641 0.00367549 -0.0017083 0.0212937 0.00224756 -0.000405608 0.0188349 0.0018471 0.00135318 0.021262 -0.00632714 -0.00154313 0.018309 -0.00553329 -0.000732901 0.0156085 -0.00048811 0.00279429 0.0189147 -0.00381219 0.00610842 0.0190204 0.000656005 0.00474209 0.0211742 0.00538901 -0.00250014 0.0169928 -0.00245184 0.00676982 0.0195402 0.0041427 -0.00588948 0.0145401 -0.00311033 -0.00649371 0.0189206 0.000768785 -0.00164334 0.0207737 -0.00131635 -0.00391226 0.0148775 -0.00530135 0.00181319 0.0184466 -0.00556316 -0.00156039 0.0200972 0.00562201 0.00169301 0.0184819 -0.00410437 -0.0015563 0.019121 3.01949e-05 -0.00542861 0.0182719 -0.00253711 0.00536792 0.0180581 0.00533856 0.00483223 0.0153494 0.00404108 0.00300038 0.0168158 0.000398031 0.006505 0.0185333 -0.000926438 -0.000841433 0.0195634 0.00697455 0.000859095 0.0186952 0.00293158 -0.00568519 0.0187165 -0.00320358 -0.00308145 0.0166074 -0.0013246 0.00434059 0.0176736 -0.00167693 0.000343791 0.0203325 6.50748e-06 0.00371057 0.0170483 0.00455157 -0.00111178 0.0175359 -8.64949e-05 0.00406061 0.0142767 0.000963729 0.000620675 0.0178877 0.0019919 0.00175709 0.0155133 -0.000806389 -0.00574117 0.0213322 0.00285789 -0.00660854 0.0200211 0.00317016 0.00486411 0.0167586 -0.00295732 -0.00236039 0.0152008 -0.00376733 -0.000617014 0.0178713 0.00226142 -0.00473402 0.0148608 -0.00396132 -0.00272734 0.0180408 0.00389579 0.00416322 0.0155171 -0.00616378 0.000847842 0.0175073 0.00409303 -0.0028684 0.0138901 -0.00583357 0.00422042 0.0148801 -0.000700752 0.00103728 0.0214055 0.00198911 -0.00497812 0.0216231 -0.0010359 0.00412098 0.0217162 -0.00680537 -0.00235228 0.0212171 0.00104599 0.00231568 0.019226 -0.00427811 0.0015074 0.0158426 -0.00221359 -0.00123912 0.0142528 -0.00714514 -0.000890387 0.0206638 -0.0026063 -0.00340982 0.0197987 -0.00385231 0.00608274 0.0173998 -0.0049224 -0.00415672 0.0217216 -0.00210271 0.00299165 0.0186521 0.00429935 0.00148955 0.0195278 0.00417696 -0.0034651 0.0175065 -0.00387195 0.00244532 0.0187867 -0.00333318 0.00279761 0.0158018 0.0057669 0.000985576 0.015734 -0.00398769 0.000921528 0.0182503 -0.00248894 0.00439118 0.019324 -0.0030201 0.00488386 0.0151682 0.0054306 0.00257117 0.0198582 0.00107947 -0.00585605 0.02056 -0.00541433 0.0047463 0.0181893 0.000644313 -0.00716917 0.0196735 0.00174719 -0.00316003 0.0183728 0.00505537 -0.00471887 0.0170414 -6.36549e-05 -0.00125346 0.0182144 0.00506962 -0.00337455 0.0198959 0.00691182 -0.00201778 0.0170787 -0.00678739 -0.0024026 0.0162546 0.00161871 0.000381091 0.0147891 0.00445598 -0.00565583 0.0192819 0.00131789 0.00384364 0.019951 -0.000792054 -0.00715674 0.0189689 -0.00107274 -0.00445705 0.0198834 -0.00296769 0.00550302 0.0203698 0.000455312 0.00182287 0.0206282 -0.0017065 -0.00253169 0.0161823 -0.00270759 -0.00244233 0.0211812 0.00387289 -0.00219848 0.0165777 0.00308203 -0.0041104 0.0184777 0.00643367 0.00323256 0.0209152 0.00718562 -0.000458131 0.0195809 -0.00719243 0.00033232 0.0141045 -0.00485452 0.00313276 0.017661 0.00177262 0.0069787 0.0178665 0.0043768 0.00571755 0.0144066 0.00716687 0.000688488 0.0165341 -0.00356373 -0.00625662 0.0167452 -0.00590297 -0.00412263 0.0167422 0.00493044 0.000587625 0.0220039 0.00642882 -0.00324227 0.0207293 0.00380773 0.00220755 0.0181854 0.00628807 0.00350741 0.0169077 0.000641981 -0.00514318 0.0150288 -0.00187618 0.00186443 0.0143253 -0.00184197 -0.00696093 0.0141755 -0.00529506 -0.00260428 0.0189151 0.00178353 0.00561286 0.0170339 0.000328116 0.00508588 0.0177988 -0.00385501 -0.00423174 0.0175081 0.00223718 -0.00194076 0.019285 0.00302862 -0.00653267 0.0135897 0.00548479 0.00466537 0.0182333 0.00373861 1.27508e-05 0.0192753 -0.00494449 0.00313479 0.0156485 0.00310736 0.00649535 0.0193665 0.00380209 0.00406062 0.017989 -0.00634871 -0.000197107 0.0194621 -0.0006173 -0.00717358 0.0173788 0.00693556 0.00193411 0.0175109 -0.00143199 0.00505638 0.0203242 0.00125771 -0.00708957 0.0167257 -0.00112903 0.00547566 0.0188101 0.00135217 0.000763186 0.0194603 -0.00267274 0.00668579 0.0165026 0.00311508 0.00649204 0.0171461 0.000212939 0.0071969 0.0219544 -0.00297213 0.00298298 0.0199948 0.00321578 0.00082672 0.0159552 0.00687687 0.0021348 0.0158029 -0.00327579 0.00338703 0.0176395 -0.00719719 -0.000216392 0.0181059 0.00148257 0.00504372 0.0189057 0.00632086 -0.00177179 0.0201084 0.00222589 0.00549355 0.0202492 0.00510248 0.00312917 0.0180055 0.00309238 -0.00354965 0.0155426 -0.00657864 0.00292677 0.0158496 -0.00148478 -0.00572184 0.0186947 -0.00647239 0.00269267 0.0190956 -0.00307042 -0.00495048 0.0193402 -0.000104481 -0.000191061 0.0170161 0.000467763 0.00573227 0.0199322 0.00363566 0.00323997 0.0207603 -0.00525363 -0.000205242 0.0182961 0.00278895 -0.00203002 0.0177863 0.00283227 0.00109438 0.0200286 -0.000444595 0.00593046 0.0212309 0.00245957 0.00321064 0.0181764 -0.00682155 0.00230427 0.0175835 -0.00166326 -0.00120884 0.0181922 0.00671172 -0.00260836 0.0142771 0.00494953 0.000258659 0.0182592 0.00193414 -0.00693552 0.0187564 -0.00657004 -0.000919084 0.0168127 0.00525199 -0.00119143 0.0140008 0.00262944 -0.00345182 0.0170707 0.000556601 -0.00451498 0.0198631 -0.00278114 -0.00537385 0.0178252 -0.000469129 0.000266611 0.0185044 0.0022739 0.00407996 0.0156905 0.0021594 0.00129078 0.0170631 -0.0068866 -0.00210177 0.0146864 -0.00394876 0.00602092 0.015804 -0.00118305 0.00269351 0.0173776 -0.00232298 0.000294856 0.0181314 -0.000906323 -0.00239285 0.0189571 0.00715196 -0.000830861 0.0160332 0.00182085 -0.00585897 0.0175785 0.00378232 -0.00155138 0.0189448 -0.00148232 0.00234946 0.0158193 -0.00491363 0.00359497 0.0191911 -0.00571623 -0.000279197 0.0210426 -0.00197805 0.00145138 0.0222742 0.00444472 0.000471546 0.0149951 0.00340649 0.000692202 0.0178661 0.00417122 -0.00586896 0.0177225 -0.00260415 -0.00419455 0.021626 0.00290965 0.00536028 0.0182571 -8.89248e-05 -0.00719962 0.015869 0.00481473 0.004415 0.0168023 -0.00025944 0.00142996 0.0170455 -0.00280282 0.0013446 0.0192394 -0.000980919 0.00569891 0.015452 -0.00676828 -0.00245651 0.0195463 -0.00164889 -0.00700862 0.0161672 -0.00439565 0.00570298 0.021063 -0.0033122 -0.00639328 0.0210592 -0.00561958 0.00304699 0.021681 0.00142507 -0.000119662 0.0207926 -0.00283403 0.00661878 0.0231686 0.00578714 0.000318013 0.019621 0.000251266 -0.00465232 0.0229903 0.00549094 0.0020095 0.0242189 0.00138965 0.00288156 0.0213797 -0.00444725 0.000471623 0.0249467 0.0044138 0.00549521 0.0218973 -0.00644298 -0.000314485 0.0248612 0.00615605 -0.0037344 0.0176618 0.0038626 0.0041639 0.0226279 -0.00444058 -0.00566777 0.0219307 -0.00605968 -0.00388947 0.019482 0.0025321 -0.00270953 0.02236 -0.000986692 -0.00713256 0.0255421 0.00159869 0.00702061 0.019456 0.00165214 0.0041912 0.0222982 0.00719014 0.000378579 0.0237364 0.00318989 0.00100597 0.022059 -0.00683726 0.00225715 0.0223539 0.00554738 -0.00108521 0.018888 0.00107255 0.00465915 0.0237136 -0.00483691 -0.000786206 0.0227088 6.15354e-05 -0.000615156 0.0229088 -0.00719518 0.000266546 0.0220427 -0.00176404 0.000688495 0.0236638 0.000684062 -0.00232066 0.0192293 -0.00243975 0.00168338 0.0207604 0.00284395 0.00661458 0.0223674 -0.000890866 0.00600645 0.0173198 0.00334111 -0.0016456 0.023294 -0.00416045 0.000505332 0.0233734 0.00463268 -0.00104013 0.0201997 0.00353858 -0.00455324 0.0223436 -0.000877662 0.00137562 0.0248045 0.00399776 -0.00417975 0.0238298 -0.00459606 0.002724 0.0204947 0.00190548 -0.00352201 0.0199231 -0.00470931 -0.00024043 0.0198002 0.0048015 0.00484994 0.0240709 -0.00140445 -0.00335008 0.0209891 -0.00716612 0.000701183 0.0205034 0.00407069 0.000507934 0.024965 -0.00228967 -0.00166369 0.0197226 -0.000298929 0.0071942 0.0234702 0.00549562 0.00465186 0.0210743 0.000688716 0.000594246 0.0220625 0.00553761 0.00460191 0.0226726 -0.00309939 -0.00137997 0.0223113 -0.00372315 -0.00443488 0.0227433 0.00152789 0.00576498 0.0220417 -0.00298538 0.00655228 0.0215772 0.00407571 -0.00593489 0.0208103 -0.00154495 -0.00703258 0.021945 -0.00497215 0.00520793 0.0196555 -0.00378638 0.00189521 0.0215976 0.00303469 -0.000237187 0.024 -0.00188462 -0.000157337 0.0250228 -0.000585288 -0.00511291 0.0242735 -0.00217893 -0.00536033 0.0206037 0.00161948 -0.00472346 0.0186865 0.00714629 -0.000880374 0.0211493 -0.00328704 0.00182064 0.0231156 -0.00409003 0.00352836 0.0217818 0.000756498 -0.00229462 0.0247826 -0.00493482 0.00335783 0.0231294 -0.00667476 0.00270048 0.0251043 -0.00380831 -0.00425118 0.0205751 0.00454713 -0.00382356 0.0213392 -0.00182849 0.00549759 0.0219061 0.00593653 0.00407459 0.0196493 -0.00079637 -0.00715608 0.0239525 0.0037649 -0.000467225 0.0222992 0.00646059 -0.00317928 0.019131 -0.00478036 0.00538461 0.0226297 8.92783e-05 0.00542351 0.0226512 -0.00266909 -0.00668707 0.025828 -0.00431518 -0.00394719 0.0190137 0.00693114 0.00195095 0.0217329 0.00282462 -0.00509209 0.0244223 0.00198849 -0.00692079 0.0213325 -0.00310778 -0.000331661 0.0193761 -0.00142188 -7.5092e-05 0.0223001 -0.0042909 0.00130329 0.0198255 -0.00109625 -0.00399884 0.0253016 -0.00128558 0.00578879 0.0233822 -0.0047041 -0.0030411 0.0234905 -0.00259071 -0.00512435 0.0236388 -0.000218879 -0.000505412 0.0213375 0.00596819 -0.00402857 0.0220443 -0.0033435 -0.00045308 0.025643 -0.00502704 0.00184765 0.0226102 0.00544184 -0.00471142 0.0233916 0.00106277 -0.0017769 0.0223405 0.00290038 0.00428697 0.0194435 0.00567418 -0.000113662 0.0233418 -0.00128857 0.00293701 0.0229411 -0.00480326 -0.00181297 0.0214822 -0.00457931 0.000525245 0.0218294 -0.00131132 -0.000845358 0.0236974 -0.00572787 -0.00288824 0.0222709 0.00716969 0.000663957 0.0207207 0.00345285 0.00631809 0.0209182 0.00396201 0.00601198 0.0233422 0.00329891 0.00431929 0.024212 -6.1348e-05 -0.00719999 0.0225196 -0.00299442 0.000216407 0.0223176 0.00435214 -0.0026343 0.024042 -0.00152108 0.00703775 0.0208132 -0.00334301 0.00500114 0.0220415 -0.00265337 0.0029036 0.0221067 -0.00548569 0.00466359 0.0238716 -0.00175103 0.00374664 0.0243089 0.000776663 -0.00589435 0.0221299 0.00529725 -0.00487675 0.0203974 0.00303282 -0.003305 0.0247589 0.0013688 0.000150101 0.0248646 0.00199019 -0.00691957 0.0244464 -0.000186243 0.00180017 0.0227139 -0.00603483 -0.00392767 0.0234476 0.00288633 0.00500283 0.0216784 0.00224162 -0.00226313 0.0208516 -0.00446744 -0.00564645 0.0189148 -0.00612751 0.00378127 0.0202161 -0.00407249 0.00593776 0.0239533 -0.00207812 -0.000971908 0.0211494 0.00193383 -0.00546291 0.0231466 -0.00549481 -0.00465323 0.0181953 0.000756826 0.00368987 0.0184606 0.00713394 -0.000973841 0.0227847 -0.00588427 0.00143239 0.0198865 -0.003598 -0.00119317 0.0206319 0.00392345 0.00214968 0.0245068 -1.04018e-05 0.00334744 0.0207626 -0.00502157 -0.00516029 0.0233323 0.00248811 0.00277149 0.0197486 -0.00389973 0.00426642 0.0250535 -0.0014739 -0.00237519 0.024135 0.00686081 -0.0021843 0.0237946 0.000657619 0.00313461 0.0229718 -0.000813617 -0.00187943 0.0207748 0.00493223 -0.00524556 0.0219723 -0.00218716 -0.00685984 0.0176664 0.00572867 0.00134739 0.0208444 -0.000272645 -0.00297176 0.0220548 -0.00238528 -0.00568788 0.0221558 0.000141844 -0.00445478 0.0214066 0.00718743 -0.000427856 0.0177688 0.00558091 -0.00076857 0.0214591 -0.000313865 -0.00586091 0.0197752 0.0049649 0.00329343 0.0233933 0.000875618 0.000995759 0.0235995 -0.0026323 -0.00376587 0.0249168 0.00159415 0.00702191 0.0210554 0.00279571 0.00308868 0.022113 -0.00597257 0.00124023 0.021472 -0.00397107 -0.00269717 0.0202337 0.00460314 0.00553653 0.0192447 -0.00143502 0.0034239 0.0200398 0.00692029 0.00198876 0.0198598 0.00412836 -0.00275734 0.0224555 -0.000239379 0.00435281 0.0195226 -0.00697485 -0.00178727 0.0245332 0.00497421 -0.00253684 0.0185369 -0.001129 -0.00164768 0.0223257 -0.00211258 -0.00688316 0.020109 0.00122852 0.0070945 0.024567 0.00499241 0.00308501 0.0215939 -0.00248764 0.0040885 0.0210445 0.00327489 -0.00641252 0.0236395 0.00404238 0.00223205 0.0226317 -0.00709173 0.001244 0.0187508 0.00698534 -0.00174571 0.0186532 0.00143226 0.00705635 0.0229808 0.000809306 -0.000741494 0.0194532 -0.0034297 0.00303591 0.024146 -0.00408623 -0.00428909 0.0242943 0.00379116 -0.00433577 0.0198939 0.00290555 0.00130768 0.0236043 -0.00409359 0.00244535 0.0255574 0.00177291 0.00201628 0.0227161 -0.000959914 0.00713612 0.019095 0.00236583 0.00165825 0.0186061 0.00311845 -0.00607455 0.0220841 0.00420561 0.00178325 0.0210977 0.00655461 0.00298068 0.0186593 0.00439359 0.0037124 0.0194334 0.00245283 -0.00395836 0.0233566 0.00280768 -0.000820791 0.0202745 0.00296774 -0.00369721 0.0211186 -0.00118257 -0.00447586 0.022303 -0.00711758 0.0010904 0.0234118 0.00514928 -0.0022883 0.0210678 -0.001265 0.00257286 0.0213837 -0.00189324 -0.00304446 0.0224813 -0.000144648 2.42341e-05 0.024362 0.00693319 0.00194274 0.0235194 0.00233393 -0.000973822 0.0217946 -0.000304292 0.0027353 0.0241862 0.00025435 0.00218745 0.025591 -0.00643644 -0.00113452 0.0221866 -0.00218292 0.00426073 0.0228569 -0.00545984 -0.00304726 0.0207021 -0.00578092 -0.00183023 0.0234693 -0.00380125 0.00443519 0.0234657 0.00651236 -0.00214827 0.0218937 0.00236904 -0.00504618 0.0200707 0.000399516 -0.00279458 0.0262595 0.00180026 0.00561404 0.024771 0.00450958 0.00097159 0.0234986 -0.00562873 0.00153899 0.0281649 0.00577943 -0.00108642 0.0259429 0.00595587 0.000443472 0.0263759 -0.000286447 0.00719447 0.0250705 -0.00148976 0.0070444 0.0224124 -0.0070455 -0.00148406 0.0261024 0.00404207 0.00595851 0.024939 0.00291293 0.00210893 0.0288232 -0.000592984 0.000229617 0.0258841 -0.00120173 0.00514984 0.0248462 -0.00565025 0.000707214 0.0239193 7.13313e-05 -0.00237459 0.0277679 0.00638146 0.00333566 0.0241342 -0.00310905 -0.00316139 0.0235144 -0.00299486 0.00041757 0.0269401 0.00100241 -0.00324012 0.0229843 0.00543243 0.00219528 0.0258068 -0.00469058 -0.00278635 0.0268388 -0.00390283 -0.00277318 0.024849 -0.00502975 0.00515205 0.0268483 0.000362307 -0.00719088 0.0265081 0.00333346 -0.00450038 0.0258185 -0.0043644 0.0057268 0.025512 -0.00281617 -0.00360594 0.026498 0.00342062 0.000318748 0.0273642 -0.00180329 0.000880052 0.0279024 -0.00039071 0.00216481 0.0283992 -0.000337279 -0.00554193 0.027267 -0.00197516 0.00114624 0.0259458 0.00451266 -0.000819772 0.0241898 0.00458606 -0.0055507 0.0259005 0.000483076 -0.00718398 0.0249128 0.00187899 -0.00695052 0.0260421 -0.00564727 -0.00446656 0.0249031 -0.00449846 0.00236177 0.0273666 -0.00592429 0.000924514 0.0267179 -0.00506964 -0.000342676 0.0261751 8.63852e-05 0.00405508 0.0250035 -0.00301692 0.0021051 0.0266907 0.00560624 0.00189625 0.0226273 0.00132277 0.00707767 0.0261638 0.00481062 -0.00335703 0.0273818 -0.00333467 -0.00212291 0.0261958 0.000435778 -0.00428041 0.0256666 -0.00100208 0.00455609 0.0263178 0.00566227 0.00053102 0.0248057 -0.00387226 -0.00606796 0.0289385 -0.00409503 -0.00424579 0.0290192 0.00126267 -0.00528776 0.0247082 9.59785e-05 0.00582797 0.024202 -0.00275354 -0.00166257 0.024778 -0.00390113 -0.00298051 0.0221008 -0.00494298 -0.00523549 0.02809 0.00251181 0.00528467 0.0232081 0.00583814 -0.00421416 0.026505 -0.00387867 -0.000908293 0.0270836 0.00444593 0.0010886 0.0264075 -0.00207171 0.0021908 0.0241195 -0.0058008 -0.00289197 0.0246657 0.00448696 -0.00347234 0.0254039 0.00261919 0.00388348 0.0267428 0.00435113 0.00481724 0.0276929 -0.00645537 0.00318931 0.0235968 -0.00384216 -0.00608963 0.0238843 0.00717519 0.000599692 0.025321 0.00142762 -0.00119398 0.0257299 -0.00710592 0.00116228 0.02501 0.00553092 -0.00461001 0.0249857 0.00173589 0.00559472 0.0265989 -0.00550914 -0.00184381 0.0258385 0.00298681 0.00497857 0.0256359 -0.00106706 0.00308915 0.025597 0.00495382 -0.00142511 0.0227764 -0.00170622 -0.00529937 0.0260061 0.0066702 0.000451405 0.0222252 0.00107623 -0.00043876 0.0282781 0.00163205 -0.00701279 0.0228896 -0.000861625 0.00173504 0.0269319 -0.00180297 -0.00261491 0.0256819 -0.00540827 -0.00475334 0.026637 0.00245823 -0.00479509 0.0271247 -0.00132011 -0.0040199 0.0268856 -0.00452397 0.00186932 0.0241283 0.00138325 0.00559216 0.0283542 -0.0039023 -0.00166785 0.0236646 -0.00151304 -0.00657857 0.0269474 0.00510903 -0.000291343 0.0275171 -0.00627013 -0.00353937 0.0260513 -0.000967622 -0.00592519 0.0229452 -0.00291756 -0.000413049 0.0237872 0.000186877 0.0035015 0.0265011 0.00043964 -0.00618122 0.0236671 0.00278276 0.00513004 0.0277321 0.00449684 -0.0056234 0.0243051 0.00686871 0.00215947 0.0251031 0.00446854 -0.00184636 0.0254292 -0.00266423 0.00316444 0.0255447 -0.00557627 0.00281812 0.0262616 0.00265056 0.0066946 0.0239533 0.00283692 0.00661786 0.0271465 0.00295062 0.00316773 0.0252664 0.00273926 0.00665753 0.0255502 -0.00460884 -0.00553193 0.0254909 -0.00501428 -0.000979984 0.0245864 -0.0026612 -0.00358098 0.0280901 -0.00718219 -0.000507616 0.0234556 0.00122797 0.00431084 0.0274067 -0.00202435 -0.00237899 0.0272484 -0.00306342 -0.00528752 0.0251584 0.00203774 0.0002085 0.0228308 0.00560309 -0.00285703 0.02307 0.00126918 -0.00549308 0.0262949 -0.00715095 -0.000841622 0.0281421 -0.00557423 0.00455722 0.0254655 0.00149169 -0.00370739 0.0246105 -0.00255675 -0.00105683 0.0279745 0.00304748 -0.00652347 0.0283756 -0.00685728 0.00219535 0.0269901 -0.00365994 0.00520759 0.0276731 0.00688585 -0.00210469 0.0269921 -0.00261769 0.0052926 0.0241158 0.00583609 -0.00307855 0.0246373 0.00276231 -0.000178762 0.0255777 0.00158547 0.00173459 0.0248279 0.00416077 0.00399385 0.0263304 -0.00389803 0.00367324 0.0280583 -0.00435857 0.00107654 0.0264247 -0.00122135 -0.00177035 0.028491 -0.00521083 0.00320152 0.0246975 0.00648146 -0.000815542 0.0245311 -0.00181015 0.00696869 0.0259413 -0.00179366 -0.00610064 0.0246242 0.00715259 0.000826606 0.0279842 0.00350818 0.0025577 0.0266362 -0.00425623 -0.00396835 0.0258521 -0.00485867 0.000210345 0.0276733 -0.000194222 -0.00575066 0.0256875 -3.61282e-05 -0.00354058 0.0241669 0.000419862 -0.000580653 0.0268207 0.00407915 -0.00477792 0.0272061 -0.00557891 0.00154963 0.0252869 -0.000547369 -0.00139195 0.0249921 0.00412874 0.00589876 0.0265353 0.00282257 -0.00152235 0.0264438 0.00419764 -0.000480327 0.0262163 0.00117836 0.00710278 0.0277569 -0.00357516 -0.00228627 0.0278709 0.00139917 -0.000961996 0.0237149 -0.00277427 0.00392523 0.0269477 0.00715932 -0.000764766 0.027822 0.00197778 -0.000249093 0.0269701 0.00641351 0.00327263 0.0225144 0.00194043 -0.00270867 0.0257769 -0.00255234 0.00487945 0.0256601 0.000401141 0.00545638 0.0257277 -0.00600936 0.0039663 0.0272879 0.00625689 0.00356298 0.0257126 0.00337629 -0.00635888 0.0252351 -0.00295415 0.000985111 0.0246909 0.00276156 0.00289817 0.0237009 -0.00305619 0.00651951 0.025044 0.00205649 -0.00241342 0.0238583 -0.000396183 -0.00718913 0.0279168 -0.00222279 0.00466231 0.0282562 0.00111268 -0.0052359 0.0278694 -0.0028102 -0.00662919 0.0278821 0.00335268 -0.00303283 0.026455 0.00483861 0.00347387 0.0249778 0.00515295 0.00502902 0.0256212 0.00561757 -0.00265868 0.0261901 -0.0015346 -0.00392991 0.0237646 0.00272101 -0.000560643 0.0285028 -0.00043978 0.00417347 0.0234975 0.00140018 0.00327798 0.0244509 0.00299759 -0.00158879 0.0248552 0.00152082 0.00431545 0.0256627 -0.00431011 0.0037625 0.0265152 -6.47009e-05 -0.00212595 0.0234201 -0.000190909 0.00719773 0.0266673 -0.00202655 -0.000774627 0.0264919 0.00359877 0.00340019 0.0279932 -0.00201285 0.00560427 0.0269803 -0.00169864 0.00699703 0.0243456 0.00493675 0.00293766 0.0272478 0.00211429 0.00151124 0.0269567 -0.00716663 0.000695477 0.027699 -0.00719951 0.000104866 0.0262071 0.00164562 0.00278401 0.0261084 0.00688693 -0.00210126 0.0253921 -0.00103157 0.00572952 0.0282918 -0.00134294 0.0032428 0.0271653 0.000849701 0.000838609 0.0262123 0.0015206 -0.00702624 0.0275995 -0.0023612 -0.00680214 0.0233033 -0.00586619 -0.00120594 0.0272614 0.00296087 0.00146874 0.0256001 0.00653296 0.00302732 0.0271944 0.00457326 0.000503187 0.0287981 -0.0016597 -0.00700626 0.0310183 -0.0067271 -0.00256659 0.0272366 0.000924479 -0.00346997 0.0285622 0.00199656 0.00086282 0.0284144 -0.00126138 -0.00453742 0.0312817 0.00308114 3.30108e-05 0.0323144 0.00691229 0.00201541 0.0301516 0.00101264 -0.00450743 0.0297766 -0.00143082 0.00705656 0.0307753 -0.00185071 -0.00695829 0.0291192 0.00570528 -0.000803169 0.0303873 -0.00294395 -0.00482112 0.0316442 0.000209319 0.0057767 0.0272832 -0.00270137 0.000979111 0.0296051 0.00569533 0.00100326 0.0299054 -0.00521823 -0.00303507 0.0302974 0.00419157 -0.00119013 0.0284712 -0.000236388 0.00372418 0.0315136 -0.00594827 -3.2679e-05 0.0288192 0.00101361 0.00605506 0.0314504 0.00245116 0.00259376 0.031164 0.00683041 0.0022775 0.0285756 -0.00463777 0.000662327 0.0294185 -0.00435134 -0.00171141 0.0305333 0.00561484 -0.00175986 0.0279005 -0.00678016 0.00242372 0.0288365 -0.00288765 0.00238628 0.030343 -0.00480517 -0.00276402 0.0287758 -0.000570007 -0.00391036 0.0299823 8.14174e-05 -0.00181686 0.0313277 0.00347756 0.00630468 0.031424 -0.000332727 0.00434765 0.0277555 -0.00713979 0.000929798 0.0292812 0.00129408 -0.00193278 0.0288072 -0.00104015 -0.00338113 0.0283255 0.0029292 -0.00153336 0.0319755 0.000425233 0.000422724 0.0303943 -0.000952777 -0.000447837 0.0276318 0.00333531 -0.00357849 0.027959 -0.00173769 0.00549966 0.0305722 -0.00156722 0.00210084 0.0294849 0.00104379 0.00712396 0.0293915 -0.000175099 0.00347502 0.0299344 -0.00362191 -0.00295375 0.0298356 -9.87612e-05 -0.00251716 0.0293523 0.00515588 -0.00502574 0.0295411 -0.00341651 -0.00147657 0.0292565 -0.00189209 -0.00440181 0.0292274 0.000805125 -0.0059621 0.0304089 0.000240537 -0.00405029 0.0272375 0.00314161 0.00061422 0.0295038 -0.000255504 0.00719549 0.0284606 -0.00473982 -0.00121103 0.0283976 0.00405963 0.00185954 0.0299106 0.000132982 0.000724101 0.0277146 0.00662398 -0.00282211 0.031828 -0.00567521 -0.00443125 0.0309308 -0.00272084 -0.00503333 0.0272142 0.0032314 -0.00600213 0.0315014 0.00113806 -0.00300051 0.0321423 0.0029875 -0.000421182 0.0307832 -0.00483903 -0.00434895 0.0322932 -0.00167417 0.00393306 0.0302539 -0.00312874 -0.00497806 0.0300629 0.000913914 0.00215091 0.0311851 -0.00124393 0.00348124 0.0287441 0.00203995 0.00412769 0.0287727 -0.00612906 0.00377843 0.0297189 -0.0042199 0.000863194 0.0320451 -0.00231815 0.00238757 0.0281018 0.00701548 0.00162059 0.0266021 0.00411316 0.0017037 0.0278463 0.000663175 0.00214113 0.0271951 0.000807744 -0.00715493 0.0290261 -0.00106512 -0.00143484 0.0300474 0.000933335 -0.00713945 0.0314843 -0.00422341 0.00291192 0.029569 -0.00567208 -0.00364803 0.0277629 -0.00649926 -0.00309889 0.0312543 0.00308802 -0.00623031 0.0268034 0.00546139 -0.0046925 0.0280065 -0.00401641 -0.0041126 0.027427 -0.00171288 0.00695179 0.0291041 -0.00515443 0.00502738 0.0299415 0.00174813 -0.000157223 0.0297069 0.00428677 0.00405775 0.0317982 0.00428207 -0.00186033 0.0270213 -0.00709765 0.00120911 0.0313391 0.00179501 -0.00590284 0.0291536 -0.00649286 -0.00311212 0.0290272 -0.00153686 0.00703437 0.0275163 -0.00294614 0.00501201 0.0296442 0.00485564 -0.00531649 0.0310852 -0.00293989 0.00657246 0.0281311 0.00144721 -0.0017668 0.0272234 -0.00244279 -0.00365951 0.0306547 -0.000710564 -0.00168156 0.0265568 0.00571247 0.00438295 0.0269737 0.00541804 0.00248153 0.0304829 -0.00337056 0.00636252 0.0266046 -0.00296147 -0.006563 0.0302006 -0.00123362 0.00104705 0.031744 0.0061595 0.00372878 0.0317604 0.00387574 -0.00606792 0.0300384 0.00231211 0.00681883 0.030456 0.00508012 0.0011865 0.0313708 0.00691469 -0.00200733 0.0287997 -0.00566573 -0.000887841 0.0301414 0.00208231 -0.00308044 0.0295952 -0.00701958 -0.0015941 0.0311012 0.00129935 0.00404147 0.0301881 -0.00174672 0.00419819 0.0318298 -0.00369506 0.00174828 0.0286066 0.00569352 0.00155083 0.0275002 0.00409089 -0.00139862 0.0300997 -0.00382548 -0.00609981 0.0267649 -0.00692204 -0.00164703 0.0295053 -0.00509035 0.00469066 0.0283789 0.00199377 0.00125624 0.0304148 -0.00185095 -0.000315454 0.0292038 0.00243757 0.00677487 0.0286878 0.00716387 -0.000723592 0.0297352 -0.0034613 0.000173346 0.0284509 -0.00673159 0.00255504 0.0305555 0.00354338 0.00459486 0.0290557 -0.00355126 -0.00269086 0.0315325 0.00358135 -0.00264841 0.0292405 -0.000177816 -0.00469091 0.0286422 0.00022925 0.00482406 0.0291755 -0.00278063 0.00348766 0.0291879 -0.000510717 0.00611936 0.0297535 -4.82968e-05 0.00188032 0.0299359 -0.00412387 -0.00404207 0.0308953 0.00284201 -0.00205706 0.0279511 0.00500888 0.00517261 0.0293341 -0.00289803 -0.000388636 0.0304112 0.00635591 -0.0033829 0.0277952 0.00378001 -0.005147 0.0287336 0.00136061 0.00209657 0.0292097 0.00340269 0.00108596 0.0311535 0.00246422 -0.00676539 0.030323 0.00607573 -5.77685e-05 0.02877 -0.00580716 0.000651682 0.030553 -0.000453678 -0.00617995 0.029157 0.00536086 -0.00211402 0.0294399 0.00195828 0.00286903 0.0277885 0.00374322 0.00615069 0.0293699 -0.00113057 0.000727529 0.0301797 0.000670007 -0.00312408 0.0306174 -0.00210398 -0.00278304 0.0293599 0.00486661 -0.00356054 0.0289675 0.00526484 0.00217772 0.028908 0.00184394 0.000992824 0.0319858 0.00682527 0.000650604 0.0309817 -0.00413436 0.00589492 0.0290377 -0.00395553 0.00415399 0.0305412 0.00220235 -0.00442088 0.0287106 -0.00537752 0.0031041 0.028478 -0.00471524 -0.00544134 0.0301451 0.00182331 -0.00333152 0.0272459 0.00508322 0.00374137 0.0286233 0.00241282 0.00490849 0.0309418 -0.00162041 -0.00561435 0.0282198 0.000644676 0.00337328 0.0285644 0.000161949 0.00719835 0.0307243 0.00308668 0.0033001 0.0298769 0.00633271 0.00342623 0.0295715 -0.0051533 -0.00225163 0.0334561 -0.00349763 -0.00108398 0.031732 0.00392971 0.00418875 0.033794 -0.00111912 -0.00118578 0.0340678 -0.00597452 -0.000643336 0.0330508 0.00185993 -0.00553106 0.0335074 -0.00204257 -0.00657244 0.0331028 0.00714632 -0.000878093 0.0313275 -0.00719901 -0.000133315 0.0304749 -0.00408067 0.00582169 0.030822 -0.00246831 -0.0019109 0.0306505 0.00604712 -0.00155428 0.0326149 -0.000210787 -0.00719722 0.0303675 -0.00642995 -0.00207757 0.0325076 -0.00154345 -0.00155462 0.0319065 -0.00236173 -0.000251789 0.033689 -0.00434747 -0.00573941 0.0316733 -0.00114689 -0.0027655 0.0309392 0.00686539 0.00212849 0.0317467 0.00170794 -0.00198449 0.0310456 0.00218466 0.0068607 0.0321846 0.000336741 -0.00458747 0.0312244 0.00224496 0.00388077 0.0334178 -0.00580446 0.000669702 0.0321526 0.00518327 -0.0011317 0.0338935 0.000358622 0.00349333 0.0329808 0.00687142 -0.00215034 0.0303973 0.00701416 0.000860559 0.0339394 -0.00522107 0.00495799 0.0315384 0.0014596 -0.00286131 0.0337034 -0.0024163 0.00129481 0.0327926 -0.00389141 -0.00477804 0.0338602 0.00358236 -0.0041599 0.033478 0.00600648 -0.00397049 0.0309009 -0.00688711 0.00210016 0.032651 0.00442981 0.0056761 0.0341059 0.00209064 -0.00370593 0.0310677 -0.00536132 -0.00122595 0.0316753 -0.00442655 -0.000118456 0.0307988 0.00331908 0.00223625 0.0341032 0.00458816 0.00554898 0.0322928 -0.00287546 0.00103211 0.0311945 -0.00529008 0.00212868 0.0325607 -0.00583936 0.0042122 0.0345423 -0.00719265 -0.000327198 0.032063 -0.00123919 -0.00403715 0.0334688 -0.00351797 -0.00112944 0.0343618 -0.00551151 0.00197256 0.0297003 -0.00719839 -0.000156391 0.0346715 -0.000128284 -0.00295884 0.0338724 0.000410377 0.00577481 0.033412 0.00343512 -0.00311597 0.0322746 0.00154551 -0.00569576 0.031802 0.000929788 0.00444458 0.0341335 -0.000670977 0.00471492 0.0328953 -0.00248627 0.00267386 0.0338352 0.00719637 0.000230484 0.0324801 -0.00449809 0.00165784 0.0343466 -0.00297781 -0.00655547 0.0318048 -0.000545202 -0.00531336 0.0327987 0.00199513 0.00136178 0.0343088 0.003421 0.00633547 0.0330536 0.00337628 0.000676963 0.0337493 -0.00381462 -0.0026945 0.0342121 0.000133305 -0.00155549 0.0329053 -0.00199503 0.00556879 0.0326167 -0.00289463 0.00659253 0.0317786 0.00556633 -0.00456704 0.0330171 -0.00623348 0.00278246 0.033942 -0.000278748 -6.62248e-05 0.0290432 -0.00548173 -0.00466813 0.0337231 0.00532095 0.00431074 0.0329924 -0.00301664 -0.00205506 0.032909 -0.00212597 -0.00357266 0.0322205 0.00230213 -0.00518241 0.030489 0.00523634 0.00411387 0.0305118 -0.00074943 0.00668932 0.0321755 0.00355133 -0.004439 0.0313827 -0.00358302 -0.00355113 0.0328809 -0.000672314 -0.00040793 0.0312096 -0.00326224 0.00388456 0.0331228 0.00395063 0.00506565 0.0305294 0.00253287 -0.00155073 0.0297453 0.00318782 -0.00257535 0.0307894 0.00455521 -0.00340913 0.0305295 -0.00517948 0.00286683 0.0351428 0.00576911 -0.000173256 0.0318566 0.00196851 0.00248537 0.0326855 -0.002457 -0.00502606 0.0331543 -0.00660116 0.000797197 0.0335342 0.000289225 0.000615098 0.0319767 0.00623254 0.003605 0.0341018 -0.000851318 -0.00622118 0.0341114 -0.0042637 0.00162602 0.0306396 0.00486645 -0.00321774 0.0336306 -0.00426161 0.00415918 0.0348025 -0.000628226 0.00421222 0.0344136 -0.00620853 -0.0036464 0.0327292 0.00219282 -0.0041651 0.0342711 -0.00305255 0.00329113 0.0316519 -0.000311837 0.00719326 0.0339204 0.00287971 -0.0021727 0.0334413 -0.00176855 0.00270566 0.0324057 0.0030776 0.00491745 0.032397 -0.00335093 0.00544931 0.0350595 0.000284503 -0.00719442 0.0335435 0.00408436 0.00150918 0.0325808 -0.000251272 0.00219034 0.0322808 -0.000924906 0.00122928 0.0333681 0.00125078 0.00276085 0.0340886 0.00559022 0.00129666 0.0333545 -0.000766068 -0.00715935 0.0323374 -0.0041069 0.005914 0.0325722 0.00429812 -0.000769785 0.0316553 -0.00523034 0.00024892 0.0341507 0.00197187 -0.001692 0.0346679 -0.0015041 -0.00248061 0.0332106 -0.00345584 -0.00631656 0.0338077 -0.00463271 0.00309503 0.0336566 -0.00284778 0.00661303 0.0301795 0.00208594 -0.000216192 0.0340606 -0.00319199 0.00488101 0.0317627 0.00516083 -0.00448447 0.0345626 -0.000502989 -0.00594526 0.0313295 0.00476384 0.00282424 0.0337471 0.00422121 -0.00529885 0.0325538 -0.007033 -0.00154223 0.0338894 -0.00563067 -0.00123486 0.0345955 0.00637117 -0.00335431 0.0294702 -0.00634671 0.00340031 0.0318914 0.000841265 0.0014767 0.0332065 -0.00323009 0.00643483 0.0338049 -0.00439603 -0.000903975 0.0330435 0.0043177 -0.0057618 0.0340822 0.00360987 -0.000879507 0.0340364 0.00638134 -0.00203314 0.0344519 -0.00369854 0.00224434 0.0326748 0.0013766 0.00562229 0.0299537 0.000122255 0.00104208 0.034568 0.00142554 0.00705753 0.0340941 -0.00226059 -0.00013728 0.0320965 0.00681348 0.0023276 0.0333333 -0.000384122 -0.00349334 0.0321426 0.00403825 0.00253991 0.0313582 0.00321407 -0.00644292 0.0330398 -0.0015694 -0.00565035 0.030174 -0.00569917 0.00439999 0.0329596 0.00154447 -0.00680058 0.0344476 -0.000826764 -0.000261286 0.0327952 0.00511631 -0.00206051 0.0311819 -0.00600672 0.0014852 0.0348506 -0.00110625 0.00249892 0.0309642 -0.00103448 0.00577692 0.034099 0.00451006 -0.00199583 0.0326612 -0.00231937 0.00482824 0.0340059 0.0071414 -0.000917588 0.0335931 0.000693232 0.00716672 0.0326758 -0.000403876 0.00531339 0.0314358 0.00237357 -0.00443096 0.0324655 -0.0026608 -0.0038018 0.0341641 0.000799012 -0.0044419 0.0327492 -0.00565861 -0.0044522 0.0292875 0.00345428 0.00307554 0.0327479 0.00644496 -0.00320989 0.0333698 -0.00452365 0.0036613 0.0321643 0.000400198 -0.00522471 0.0340863 0.00148462 0.00497717 0.0325348 0.00146419 -0.000419552 0.0312722 0.00504781 -0.00340155 0.0320516 0.00533312 0.00246762 0.032295 -0.00259977 0.00117283 0.0343773 0.00134518 0.00360383 0.0317262 -0.00519212 0.00308454 0.0308302 -0.000868719 0.00278768 0.033726 0.00172092 -0.0069914 0.0328689 0.0032885 -0.00410224 0.029841 0.000421573 -0.00135209 0.0344658 -0.00509256 -0.00278818 0.03195 -0.00377308 0.00048563 0.0335341 0.00464371 6.33825e-05 0.0329766 0.000587731 -7.19972e-05 0.0335182 0.00441889 0.000147183 0.03035 0.000502546 -0.00113277 0.0299442 0.00502728 0.000338382 0.0345054 -0.00419355 0.00158054 0.0359154 0.00325337 0.0011473 0.0352736 -0.00199184 0.00363228 0.035017 -0.00146528 -0.00291459 0.03475 -0.00126872 0.001846 0.0349561 -0.00481522 0.00535296 0.0338925 -0.00221041 -0.00156402 0.0351749 0.00285331 -0.000585322 0.0354151 -0.00393401 0.000225866 0.0351046 0.00363155 -0.00455492 0.0350277 -0.00589359 -3.29158e-06 0.0355846 -0.00126444 0.000261524 0.0347341 -0.00483516 -0.00533501 0.0350258 0.00285121 -0.00591358 0.0347036 0.000867724 0.00582236 0.0349444 0.00162983 -0.00101145 0.0327493 -0.00447521 -0.00193276 0.0354543 -0.00179233 0.00697352 0.033355 -0.00638611 -0.00297802 0.034172 -0.00460698 -1.73499e-05 0.0365356 0.00217147 0.00567271 0.0338014 -0.00225333 -0.00563992 0.0346177 0.00595255 0.00213504 0.0346681 -0.00338354 -0.000932665 0.0360609 -0.00354633 0.00274647 0.0350313
</DataArray></Points>
      <Lines>
        <DataArray type="Int64" Name="connectivity" NumberOfComponents="1" format="ascii">
0 122 0 147 0 78 0 151 0 260 1 211 1 148 1 168 2 100 2 51 2 131 2 77 3 291 3 294 3 559 3 334 4 206 4 99 4 171 4 58 5 174 5 6 5 132 5 243 6 30 6 215 6 16 6 179 7 126 7 69 7 211 7 154 7 285 7 41 8 71 8 137 8 22 8 81 9 190 9 72 9 59 9 187 9 305 10 148 10 12 10 232 10 138 11 125 11 142 11 62 12 115 12 71 13 84 13 119 13 103 13 102 13 505 14 22 14 160 14 92 15 87 15 195 16 147 16 165 16 215 16 60 16 297 17 205 17 25 17 65 17 269 17 102 18 196 18 136 18 25 19 191 19 285 19 157 19 94 20 66 20 122 20 64 21 143 21 140 21 282 22 120 23 95 23 76 23 381 23 293 24 191 24 125 24 175 24 217 25 198 25 119 25 145 26 216 26 199 27 201 27 121 27 171 27 104 28 118 28 224 28 99 29 181 29 173 29 156 29 166 29 153 29 67 29 46 29 265 30 148 30 31 31 165 31 107 31 87 31 188 31 85 31 37 32 95 32 239 32 246 32 498 32 620 32 194 33 116 33 205 33 291 34 114 34 180 34 144 34 184 34 54 35 192 35 162 35 273 35 302 36 88 36 181 36 136 37 324 37 209 38 116 38 338 38 267 39 285 39 214 40 195 40 130 40 144 40 172 41 285 41 62 41 320 41 91 41 214 41 149 42 193 42 151 42 183 42 124 43 87 43 85 43 67 44 142 44 71 44 190 44 72 44 96 45 183 45 243 45 134 45 250 45 274 45 598 46 67 46 208 47 150 47 159 47 129 47 162 47 274 47 275 47 290 47 281 48 201 48 137 48 121 48 171 49 141 49 72 49 320 49 367 49 305 50 178 50 133 50 277 51 100 51 139 51 158 52 112 52 207 52 101 52 163 52 345 52 218 52 269 52 249 53 217 53 76 53 475 53 259 53 421 54 172 54 348 54 236 55 58 55 108 55 170 55 303 55 294 55 520 55 547 57 238 57 155 57 113 57 396 58 81 58 96 58 187 58 294 59 168 59 178 59 103 59 263 60 215 60 179 60 243 60 159 60 365 61 169 61 189 61 166 62 157 62 75 64 66 64 203 64 193 64 183 64 177 65 92 65 173 65 218 65 265 65 182 65 312 66 117 66 143 67 156 67 145 67 312 67 256 68 131 68 186 68 216 69 167 69 117 70 185 70 114 71 142 71 206 71 81 72 158 72 246 73 150 73 227 73 235 74 166 74 153 74 333 74 86 75 154 75 132 75 168 75 190 75 320 76 95 77 175 77 258 77 128 77 95 78 146 78 260 78 130 79 118 79 128 80 85 80 180 80 172 80 210 81 84 82 169 82 249 82 98 83 181 83 153 84 93 85 297 85 180 85 105 85 210 86 512 86 245 87 136 88 181 88 114 88 156 89 132 89 243 89 227 90 186 90 335 90 104 91 94 91 259 91 444 92 112 92 207 93 160 93 171 93 198 93 108 94 217 94 475 94 248 95 158 95 355 95 141 96 128 96 224 96 246 96 123 97 119 97 145 97 262 98 249 98 127 98 113 99 216 99 351 99 352 101 207 102 119 103 187 104 342 105 297 105 369 106 197 106 202 106 345 107 232 108 171 108 204 110 291 110 269 110 182 110 334 110 362 111 338 111 341 111 342 112 205 113 269 113 327 113 314 113 557 113 602 114 153 114 208 115 168 116 121 116 197 116 171 117 140 117 203 118 258 119 120 119 232 120 190 120 198 120 138 122 215 122 151 123 498 123 303 123 358 124 129 124 274 125 126 125 158 126 285 126 157 127 189 127 333 127 289 128 139 128 158 128 224 128 239 129 260 129 290 130 213 130 176 132 154 132 282 132 320 133 232 133 178 133 280 133 257 134 272 134 214 135 352 135 338 135 204 135 223 136 173 136 232 136 145 138 190 139 142 140 167 140 285 140 366 141 157 142 154 143 211 143 174 143 177 144 185 145 209 146 165 146 212 146 213 147 213 148 188 149 250 149 367 150 193 150 274 151 159 153 208 155 267 155 249 155 231 155 557 156 161 156 184 157 158 159 213 159 365 160 205 160 198 161 180 162 176 162 365 162 369 163 202 163 345 163 238 164 192 164 200 164 302 167 191 168 179 168 178 170 352 170 252 170 342 170 317 171 352 171 338 172 348 173 196 173 181 174 193 176 260 176 200 177 243 178 188 178 324 179 188 179 324 180 185 181 196 182 312 182 288 182 314 182 226 183 272 183 295 184 210 184 236 185 212 185 195 187 305 187 358 187 278 188 232 189 196 189 218 192 195 192 297 194 286 194 358 196 207 198 205 198 291 199 355 199 301 200 290 200 502 203 366 203 272 204 338 204 291 204 238 204 559 204 516 206 224 208 307 209 210 209 256 209 284 210 256 210 309 213 297 214 248 214 361 216 335 219 256 219 284 219 331 219 465 219 512 219 414 219 644 219 595 220 325 220 356 220 630 220 503 221 496 221 416 221 640 221 631 222 311 222 354 222 490 222 448 222 376 222 579 223 342 223 516 223 547 223 318 223 300 224 351 225 264 225 574 225 545 225 346 225 492 226 312 226 359 226 644 227 324 227 357 227 235 228 332 228 403 228 268 229 608 229 385 229 313 229 517 229 473 230 277 230 403 230 315 230 450 231 341 231 233 233 516 233 362 233 287 233 568 234 263 234 590 234 425 235 275 235 330 235 332 236 307 236 273 236 465 237 557 237 602 237 400 239 258 239 351 240 498 240 358 240 520 240 431 240 439 241 639 241 406 241 467 241 253 242 311 242 598 242 411 243 282 243 250 244 620 244 310 244 418 244 600 244 431 245 308 245 347 246 305 247 362 247 396 247 328 247 472 247 340 247 270 248 339 248 444 250 357 250 311 251 440 251 571 252 303 252 310 253 486 253 404 253 611 253 641 254 564 254 321 254 403 254 550 254 648 254 412 254 360 255 474 255 644 255 261 255 436 256 308 256 465 257 309 257 321 257 403 259 381 259 293 261 359 261 400 261 596 262 288 262 277 262 564 262 556 263 320 263 305 263 357 263 354 264 358 264 346 265 327 266 574 266 550 266 410 267 345 267 341 268 332 268 437 268 451 268 372 268 513 270 322 270 349 270 391 270 506 271 354 271 590 271 325 271 350 273 500 273 604 274 577 274 598 274 491 274 281 275 365 275 491 275 344 275 279 276 339 276 329 276 490 276 565 276 411 276 350 277 278 277 556 278 294 278 358 278 574 279 437 279 576 279 451 280 324 280 425 280 343 281 319 281 316 281 323 283 430 283 318 283 445 283 439 283 622 283 346 283 582 284 312 284 288 284 564 284 321 286 620 286 381 286 515 286 418 286 539 287 364 287 353 287 640 287 435 288 472 289 327 289 602 289 359 289 474 290 323 292 502 292 323 292 299 292 626 293 305 294 520 295 385 295 577 295 313 296 564 296 414 296 550 296 497 297 324 298 512 298 401 298 541 298 436 299 576 299 406 299 373 300 364 300 496 300 353 301 498 301 303 302 348 302 502 302 337 303 351 303 430 304 321 304 595 304 412 305 358 305 590 306 568 306 640 306 391 306 487 307 308 307 390 308 331 309 343 309 500 310 430 310 600 311 624 311 330 312 331 313 429 314 396 315 354 315 330 315 630 315 386 315 450 316 344 316 323 316 523 316 451 317 342 317 368 317 318 318 496 318 370 318 582 319 577 319 429 319 523 319 363 321 465 322 493 322 328 322 635 322 553 322 497 322 468 323 344 323 363 324 365 325 358 325 539 326 600 326 622 326 427 328 334 328 564 328 556 329 367 329 381 329 449 329 356 330 354 330 425 330 332 330 376 331 333 332 425 333 474 334 505 334 493 336 515 336 418 336 463 336 593 336 455 337 639 337 371 338 341 339 475 339 608 339 422 340 416 340 640 341 516 341 364 343 369 343 425 343 437 344 502 346 545 346 445 346 439 346 503 346 379 347 390 347 467 347 401 348 639 349 644 349 525 349 552 349 464 349 408 350 490 350 460 350 386 353 634 356 463 356 563 356 566 359 602 359 525 360 414 360 412 360 495 360 552 360 408 360 674 361 605 361 444 361 385 361 490 362 516 362 416 363 428 363 638 364 516 366 605 367 490 368 622 370 582 370 634 371 502 372 438 372 663 372 572 372 720 373 451 373 428 373 601 373 382 374 428 374 407 374 819 374 382 374 618 375 643 375 617 375 763 375 485 375 393 376 438 377 708 377 394 377 562 378 487 378 508 378 543 378 725 378 578 379 439 379 633 379 558 379 514 379 420 380 763 380 532 380 688 381 515 382 442 382 407 382 720 382 483 383 495 383 647 383 611 383 555 384 514 384 399 384 540 385 605 385 598 386 630 386 405 387 487 387 613 387 432 387 537 388 641 388 483 388 628 388 606 388 822 389 422 389 565 389 501 389 573 390 639 390 595 391 396 391 525 392 565 392 551 392 781 393 402 393 830 394 804 394 531 394 807 394 731 395 836 395 586 395 830 397 712 397 666 397 459 397 739 398 549 398 705 398 820 398 456 399 528 399 646 399 777 399 507 399 466 399 554 400 487 400 627 401 595 401 495 401 552 401 413 401 541 401 587 402 632 402 573 403 425 403 564 404 601 404 499 405 566 405 509 405 532 405 777 406 604 406 601 407 626 407 601 407 486 408 549 408 538 408 745 409 635 409 497 409 410 409 549 409 696 410 550 410 426 410 470 411 517 411 460 412 437 412 601 412 499 412 442 412 647 413 587 413 621 414 644 415 480 415 483 415 1032 415 709 416 516 416 496 416 493 416 553 417 533 417 988 418 455 419 501 419 522 419 586 419 677 420 560 420 423 420 459 421 475 421 422 421 515 421 494 422 449 423 570 423 560 423 597 423 666 423 753 423 780 424 537 424 612 424 823 426 513 426 694 427 534 427 665 427 469 428 523 428 446 428 663 429 530 429 588 430 547 431 455 431 476 432 627 432 612 433 767 433 770 433 732 433 656 433 681 433 773 434 705 434 725 434 456 434 812 434 664 434 686 434 912 435 640 436 464 436 596 436 477 437 500 437 576 437 601 438 448 438 451 438 616 438 542 439 622 439 589 439 503 440 448 440 571 440 462 440 533 440 789 440 583 441 497 441 508 441 543 442 513 442 572 442 706 443 642 443 585 443 567 443 655 443 785 445 559 446 588 446 819 447 540 447 636 447 700 447 554 447 669 447 544 447 690 448 473 448 530 449 494 450 528 450 513 451 624 452 780 452 792 452 488 452 718 452 827 452 769 453 484 453 684 454 589 454 558 454 721 455 589 455 584 455 617 456 569 456 701 456 702 457 631 457 613 457 666 457 535 458 641 458 822 458 651 458 652 458 504 459 721 459 526 459 524 460 579 460 632 460 781 461 506 461 610 461 537 462 523 462 789 462 542 462 663 463 539 463 494 464 538 464 508 465 500 466 507 466 546 466 754 466 779 467 604 467 499 467 611 468 553 468 497 468 506 468 570 468 753 469 615 470 549 470 646 470 706 470 614 470 697 471 558 471 634 471 712 471 536 472 644 473 530 476 503 476 563 477 508 477 623 477 599 477 660 478 630 478 492 478 675 479 801 479 733 479 988 479 750 480 819 480 482 480 628 480 629 480 651 481 781 481 533 481 708 481 548 482 638 482 626 482 486 482 819 482 628 483 691 483 770 484 641 484 621 484 575 485 534 485 540 485 625 485 741 486 626 486 641 487 607 487 613 488 689 488 792 488 756 489 585 489 798 489 722 491 598 491 624 492 528 492 514 492 570 492 646 493 505 495 499 495 647 495 674 495 587 498 620 499 604 499 601 500 576 501 593 501 632 502 576 503 633 503 514 504 795 504 776 505 545 506 597 507 646 507 614 507 734 507 554 507 829 508 599 508 642 509 579 509 616 509 694 510 571 510 533 510 786 511 585 511 746 512 644 513 648 513 616 513 572 514 594 514 570 514 636 517 565 517 551 518 665 518 808 518 969 519 617 519 591 521 533 521 802 521 807 521 529 522 593 522 591 523 530 523 588 524 780 524 739 524 719 524 827 525 607 526 721 526 700 526 580 526 808 527 720 527 748 527 924 527 704 528 630 529 730 529 727 529 826 530 598 531 819 531 618 531 629 531 704 532 581 532 694 533 551 533 781 534 589 534 584 534 617 534 633 534 721 535 537 535 792 535 823 536 649 536 712 536 580 536 689 537 578 538 552 538 674 538 745 538 642 540 633 540 721 541 623 542 789 542 708 543 753 543 745 543 705 544 813 544 780 544 690 544 755 544 981 545 635 546 708 546 734 546 548 546 799 548 645 548 750 549 648 549 696 550 556 551 801 553 594 553 560 553 597 554 646 554 813 554 619 554 671 555 820 555 575 555 678 555 761 556 574 557 602 557 568 558 582 560 582 560 597 560 631 560 712 561 813 561 705 561 610 561 718 562 572 562 694 562 734 563 643 566 632 566 763 566 581 567 682 567 660 567 740 568 640 569 614 569 820 570 813 571 588 571 789 572 614 573 632 573 836 574 590 574 630 575 606 575 767 575 652 578 725 578 798 579 581 579 583 580 649 580 739 580 969 581 781 581 583 581 760 583 708 584 589 584 615 585 599 585 725 585 686 586 685 587 592 587 678 588 804 591 615 591 677 591 653 591 729 592 621 593 643 594 635 596 607 597 613 599 627 599 660 600 622 603 622 603 649 604 639 605 608 606 647 606 706 606 820 606 767 609 721 609 693 609 762 610 753 610 792 610 812 610 783 611 621 612 798 613 640 614 748 615 653 617 675 618 663 619 777 619 790 619 779 619 932 623 682 625 677 625 741 626 638 629 704 629 692 631 634 631 657 632 643 633 675 634 657 636 813 636 780 637 657 637 689 637 823 642 725 642 678 642 660 645 836 645 760 645 733 645 794 645 750 646 696 646 697 649 665 650 1060 650 1095 650 984 650 985 652 844 652 835 652 795 653 762 654 847 654 687 654 859 655 796 655 702 655 912 655 785 656 761 656 835 656 810 658 764 658 1057 658 1002 658 989 658 1223 659 715 659 839 659 911 659 1213 661 717 661 865 661 846 661 1052 661 882 662 680 662 907 662 919 662 1027 664 820 664 678 664 803 666 712 666 792 667 766 667 746 667 875 667 984 668 719 668 756 668 885 668 931 668 828 668 833 669 741 669 693 669 932 670 703 670 974 670 975 670 986 670 1193 671 737 671 791 672 975 672 955 673 808 673 690 673 918 673 743 675 777 676 770 676 711 676 749 676 1032 676 1051 677 685 677 729 678 682 679 762 679 698 679 743 679 975 679 955 680 932 680 918 680 747 680 856 680 851 681 1051 681 810 681 839 681 902 682 803 682 684 683 752 683 872 683 1033 684 803 684 740 685 716 685 814 686 812 686 912 686 775 687 855 687 899 687 860 688 741 688 815 688 716 688 894 689 739 689 774 690 827 690 747 691 706 691 748 692 776 692 1044 693 716 694 734 695 818 695 867 695 1013 695 765 695 939 695 889 696 753 696 813 696 705 697 737 698 729 698 762 698 784 699 754 699 826 699 980 699 837 699 855 699 735 700 721 701 767 701 732 701 796 701 840 701 702 701 773 702 817 703 716 704 731 704 1028 704 1032 705 737 707 817 707 1058 707 930 709 822 709 715 709 776 710 733 710 815 710 980 711 924 711 826 711 749 711 1013 711 879 713 941 713 809 713 831 713 1041 713 1007 713 908 714 802 714 807 714 731 714 891 714 818 714 867 715 1032 715 800 715 1051 715 942 715 772 716 759 717 749 717 724 717 879 717 772 717 865 717 1005 718 981 718 775 719 808 719 739 719 747 722 757 722 1060 722 1001 723 755 723 758 723 825 723 851 723 862 723 1058 724 799 724 865 724 846 726 837 726 963 726 859 726 860 726 877 726 1043 727 924 727 891 727 920 728 1037 728 876 728 910 728 984 728 1025 728 1194 730 748 730 749 731 786 732 748 732 956 734 799 734 749 735 842 735 855 735 879 735 878 735 846 736 815 736 759 736 974 736 1035 737 981 737 840 737 838 738 867 738 800 740 766 740 746 740 771 741 777 741 790 742 1060 742 821 742 1001 742 1095 742 834 743 762 743 885 743 811 743 856 744 988 744 891 744 824 744 752 746 771 746 845 747 885 747 931 747 816 747 797 749 956 750 988 750 920 750 778 750 980 751 925 751 782 751 1040 751 787 751 806 752 980 752 866 752 1045 754 794 754 790 754 799 754 842 755 932 755 758 755 805 756 931 756 991 757 798 757 782 758 932 758 791 758 842 758 851 759 894 759 907 760 763 760 836 761 844 761 972 762 808 762 1039 764 901 764 771 764 917 765 924 765 1032 765 965 766 796 766 972 766 1037 766 922 767 796 768 942 768 996 768 979 768 1012 769 782 769 991 769 941 770 822 770 1051 771 1002 772 965 773 914 773 1037 773 922 774 925 774 1014 775 798 775 809 775 945 775 1060 776 973 778 1056 778 998 779 791 781 836 781 801 782 823 782 925 782 945 782 1040 783 792 783 798 784 918 784 811 784 907 785 1060 785 821 786 804 787 945 787 1007 788 969 788 1014 790 894 790 918 791 956 793 1039 793 969 793 828 794 830 794 894 794 980 795 1006 795 810 797 931 797 923 797 1021 800 1028 800 889 800 954 801 836 802 988 805 827 805 981 805 1047 805 941 805 816 806 1014 806 970 806 948 809 838 809 912 809 1047 809 875 809 910 810 902 810 979 810 1057 811 975 811 921 814 815 814 974 814 1062 815 982 815 847 816 851 816 862 816 919 816 1042 817 914 817 910 818 924 818 1028 822 835 823 925 824 1045 825 838 825 914 825 1058 827 931 828 923 829 956 829 840 830 982 831 1060 831 1001 831 908 831 1095 831 900 832 842 832 963 832 878 832 1018 832 952 833 931 833 1014 833 991 833 923 833 1026 833 970 834 845 835 942 837 894 837 847 838 1047 839 942 839 1005 839 1029 839 1052 841 939 841 1075 841 957 843 1046 843 1243 843 1255 845 971 847 980 847 866 848 873 848 886 848 909 848 926 848 1093 848 962 848 1259 849 1247 849 1019 849 1174 849 1003 850 1252 850 1223 850 1186 850 1073 851 1018 851 1027 851 1042 852 1147 852 1149 852 1093 852 1172 852 1164 853 861 853 1212 853 1255 853 1187 853 927 853 1291 854 949 854 1231 854 915 854 1119 855 920 855 1033 856 918 856 863 857 1036 857 904 857 1000 857 1154 857 926 857 962 858 1001 858 900 858 1247 859 1017 859 934 860 878 860 960 860 1034 861 1092 861 1034 861 1206 861 893 861 1210 862 868 862 1041 862 1042 862 873 863 884 863 1021 864 1189 864 1065 864 1140 865 956 865 1018 865 1038 866 998 866 899 867 872 867 951 868 931 868 1007 868 943 869 1007 869 948 869 900 869 1048 869 944 869 887 870 990 870 1254 870 1098 870 1138 870 1084 870 976 871 1078 871 1133 872 891 872 1053 872 951 873 1041 873 1042 873 1036 873 937 873 1059 873 886 874 1004 874 1120 874 961 874 1129 875 1037 876 914 876 1037 876 1038 876 902 876 1025 877 921 877 1027 877 934 877 1109 878 950 878 952 878 1092 879 965 879 1022 880 1196 880 1189 880 1221 880 1085 881 1098 881 1187 881 1258 881 1138 882 987 882 1000 882 1254 883 1023 883 962 883 1071 883 1112 883 1084 883 1246 884 1008 884 1061 884 983 885 1031 886 1194 886 1224 887 890 887 1120 888 1019 888 1199 888 1082 888 1116 889 1075 889 954 889 1229 890 1247 890 961 890 1174 891 988 892 1208 892 1188 892 1017 892 1231 893 1240 893 1206 893 1187 893 1159 895 923 895 970 895 943 895 940 895 1196 896 1061 896 983 896 1104 896 1049 896 1163 897 1029 897 1012 897 1251 898 921 898 919 898 983 898 1147 898 1222 898 1104 899 1015 900 944 900 999 901 922 901 1057 902 978 902 1012 902 993 903 985 903 971 903 1081 903 1247 903 1019 904 1027 904 1036 904 1109 904 909 904 1206 905 996 905 1213 905 1068 906 1045 906 1053 906 966 906 1030 906 916 906 1272 907 918 907 986 908 910 909 1191 909 1093 910 1041 910 1194 910 985 911 965 911 1029 913 1018 913 1038 913 1036 914 956 914 1005 915 1125 915 1212 916 1030 916 1118 917 1037 917 922 917 984 917 993 917 1055 918 963 919 1021 919 943 920 1013 921 986 921 1143 921 983 922 1057 923 1026 923 1008 923 1021 925 991 926 962 926 1148 926 1112 926 1050 926 1184 927 1272 927 1192 928 1259 928 1234 928 1199 928 1135 929 1268 929 933 929 1166 929 1266 930 1248 930 1194 930 1000 930 962 931 941 933 994 933 1107 933 1049 934 1222 935 1040 935 1001 936 1268 936 1077 936 1166 936 1115 937 1041 937 1007 937 944 937 1004 937 1224 938 978 938 990 938 1023 938 946 938 1250 939 965 939 951 939 966 939 1229 940 1007 940 1059 940 1149 940 1004 942 1051 942 1006 944 1224 944 997 944 961 945 1040 946 1252 946 1225 946 1136 946 1209 947 1215 947 1034 947 1272 947 1146 947 1179 948 1120 949 959 949 1030 950 1033 950 1126 950 987 950 1103 952 1036 952 1043 952 1240 953 1229 953 1139 953 1243 953 1180 953 1134 953 977 953 1258 954 1044 954 1238 955 1039 955 1031 957 1053 957 1243 957 1180 957 1118 958 1194 958 1009 958 1201 959 995 959 1215 960 1215 960 1125 960 1106 961 997 961 1063 961 1117 962 1071 962 1199 964 1222 964 1106 964 1191 964 1327 964 1114 966 1126 966 1243 967 1136 967 1144 967 1233 967 1427 968 1238 968 1068 968 1167 970 1007 970 1048 971 984 971 1002 971 1081 973 1044 973 996 974 1035 975 1193 976 1214 976 1209 976 1138 976 1315 976 1275 977 1139 977 1010 977 1155 977 1271 978 1052 978 1248 978 1012 983 1078 984 1002 985 1009 986 1035 986 1143 987 1022 987 1092 987 1254 987 1187 989 1057 989 1012 989 1223 989 1136 990 1029 990 1052 990 1046 990 1254 990 1023 992 1055 992 1081 992 1011 992 1168 993 1057 993 1025 993 1012 993 1055 993 1252 994 1008 994 1021 994 1107 995 1056 995 1062 996 1251 997 1227 997 999 998 1056 998 1045 999 1095 999 1227 1000 1248 1000 1240 1000 1066 1001 1040 1002 1055 1003 1024 1003 1239 1003 1110 1004 1224 1004 1093 1004 1234 1005 1051 1005 1038 1008 1031 1008 1237 1009 1194 1009 1055 1009 1019 1009 1011 1010 1238 1010 1086 1010 1258 1010 1127 1011 1160 1012 1251 1013 1033 1015 1035 1015 1215 1016 1026 1016 1196 1016 1189 1017 1035 1017 1125 1017 1133 1018 1036 1019 1024 1020 1252 1020 1201 1020 1220 1020 1233 1021 1104 1022 1033 1022 1046 1023 1248 1024 1174 1024 1135 1024 1141 1026 1237 1027 1043 1029 1086 1029 1068 1030 1045 1034 1126 1034 1212 1038 1052 1038 1248 1041 1058 1042 1147 1042 1059 1045 1126 1046 1229 1046 1098 1048 1102 1048 1189 1049 1104 1049 1266 1049 1221 1049 1164 1050 1093 1050 1259 1050 1128 1050 1091 1054 1133 1054 1106 1054 1211 1054 1256 1054 1115 1054 1260 1055 1160 1056 1062 1059 1149 1059 1093 1061 1078 1062 1208 1063 1120 1063 1175 1064 1125 1064 1077 1064 1211 1065 1102 1065 1085 1066 1240 1066 1263 1067 1117 1067 1280 1068 1209 1069 1212 1069 1179 1069 1256 1069 1291 1069 1124 1070 1315 1070 1275 1070 1288 1070 1321 1070 1198 1070 1292 1071 1199 1071 1220 1072 1286 1072 1097 1072 1379 1072 1434 1072 1156 1072 1416 1072 1312 1072 1402 1073 1111 1073 1168 1073 1169 1074 1381 1074 1286 1074 1228 1074 1379 1074 1462 1075 1139 1076 1220 1076 1186 1076 1216 1077 1200 1078 1193 1078 1268 1079 1187 1079 1226 1079 1253 1079 1437 1080 1307 1080 1407 1080 1412 1080 1361 1081 1219 1082 1220 1082 1116 1082 1205 1082 1087 1083 1350 1083 1262 1083 1405 1083 1340 1084 1250 1084 1138 1084 1385 1084 1236 1084 1244 1085 1221 1085 1257 1085 1338 1086 1229 1086 1238 1086 1098 1087 1325 1087 1449 1087 1274 1088 1163 1088 1164 1088 1269 1089 1154 1089 1453 1089 1165 1089 1423 1090 1107 1090 1266 1090 1257 1091 1148 1091 1165 1091 1365 1091 1333 1091 1434 1091 1100 1092 1240 1093 1259 1093 1121 1094 1168 1094 1116 1094 1374 1096 1138 1096 1226 1096 1437 1096 1173 1096 1450 1097 1172 1097 1164 1097 1128 1097 1365 1097 1286 1098 1214 1099 1255 1099 1134 1099 1249 1099 1207 1099 1253 1099 1101 1100 1333 1100 1264 1100 1261 1100 1284 1100 1304 1100 1265 1101 1173 1101 1369 1101 1145 1101 1181 1102 1149 1102 1121 1102 1129 1103 1272 1103 1187 1104 1149 1105 1113 1105 1170 1105 1282 1105 1444 1106 1206 1106 1210 1106 1260 1107 1196 1108 1305 1108 1122 1108 1275 1108 1321 1108 1398 1108 1471 1108 1420 1108 1332 1109 1191 1110 1280 1110 1325 1111 1136 1111 1113 1112 1154 1112 1385 1112 1217 1113 1427 1113 1216 1114 1191 1114 1172 1114 1360 1115 1327 1115 1200 1115 1153 1115 1242 1116 1219 1116 1186 1116 1141 1116 1329 1116 1239 1117 1135 1118 1249 1118 1207 1119 1211 1119 1171 1119 1364 1121 1164 1121 1176 1121 1128 1122 1385 1122 1305 1122 1244 1122 1450 1123 1165 1123 1434 1123 1284 1123 1304 1123 1455 1124 1367 1124 1446 1124 1407 1124 1412 1124 1150 1125 1211 1127 1214 1128 1358 1128 1241 1129 1176 1129 1131 1130 1413 1130 1437 1130 1453 1130 1417 1130 1341 1130 1273 1131 1157 1131 1338 1131 1177 1131 1270 1131 1404 1132 1338 1132 1404 1132 1416 1132 1373 1133 1222 1134 1180 1134 1255 1134 1155 1134 1226 1135 1175 1135 1267 1135 1151 1136 1251 1136 1252 1137 1364 1137 1367 1137 1307 1137 1407 1138 1263 1138 1348 1139 1238 1140 1175 1140 1177 1140 1270 1140 1190 1141 1448 1141 1151 1142 1407 1142 1589 1143 1193 1144 1350 1144 1315 1145 1192 1145 1235 1145 1253 1145 1324 1145 1297 1146 1249 1146 1352 1147 1197 1148 1191 1148 1154 1148 1230 1148 1172 1148 1165 1149 1196 1150 1446 1150 1349 1150 1319 1150 1354 1150 1357 1151 1280 1151 1396 1151 1285 1151 1458 1152 1166 1152 1185 1152 1289 1152 1360 1152 1294 1153 1211 1153 1339 1153 1446 1153 1384 1153 1407 1154 1206 1155 1207 1155 1386 1155 1158 1156 1326 1156 1455 1157 1221 1157 1164 1157 1358 1158 1207 1158 1369 1158 1343 1159 1263 1159 1291 1159 1453 1160 1252 1160 1201 1161 1350 1161 1348 1161 1275 1161 1405 1161 1321 1162 1259 1162 1184 1162 1267 1162 1333 1162 1264 1162 1448 1163 1197 1163 1327 1165 1230 1165 1203 1165 1417 1165 1261 1166 1268 1166 1185 1166 1269 1167 1225 1167 1209 1167 1350 1169 1374 1169 1282 1170 1329 1170 1376 1170 1346 1171 1179 1173 1386 1173 1371 1174 1280 1175 1234 1175 1267 1175 1270 1176 1259 1176 1234 1177 1389 1178 1267 1178 1333 1178 1285 1178 1347 1179 1352 1179 1192 1179 1367 1181 1437 1181 1390 1181 1335 1182 1423 1182 1217 1182 1261 1182 1399 1182 1341 1182 1398 1182 1467 1183 1235 1183 1307 1183 1308 1184 1205 1184 1217 1185 1200 1185 1309 1186 1329 1188 1193 1190 1396 1190 1298 1192 1352 1194 1227 1195 1271 1195 1350 1195 1204 1196 1221 1197 1222 1198 1244 1198 1435 1198 1376 1199 1224 1199 1259 1200 1339 1200 1242 1201 1248 1202 1241 1202 1270 1202 1429 1202 1298 1202 1452 1203 1446 1203 1453 1203 1326 1203 1417 1203 1354 1204 1386 1204 1397 1204 1405 1204 1464 1205 1246 1205 1264 1205 1448 1206 1230 1210 1230 1211 1469 1212 1256 1213 1238 1214 1348 1216 1236 1216 1288 1216 1443 1217 1399 1218 1446 1218 1289 1218 1384 1218 1299 1220 1246 1220 1236 1220 1435 1222 1268 1224 1227 1224 1259 1224 1234 1225 1251 1226 1348 1228 1269 1228 1281 1230 1260 1230 1453 1232 1239 1232 1374 1232 1279 1232 1316 1233 1250 1235 1249 1235 1369 1235 1433 1236 1315 1236 1275 1241 1358 1241 1333 1241 1270 1241 1372 1242 1410 1243 1272 1244 1385 1244 1435 1245 1358 1245 1404 1245 1314 1253 1390 1254 1263 1256 1364 1256 1446 1257 1381 1257 1286 1257 1342 1258 1271 1260 1446 1260 1289 1261 1284 1262 1315 1262 1370 1263 1385 1265 1399 1265 1347 1265 1463 1265 1467 1265 1366 1266 1269 1266 1381 1269 1334 1269 1379 1270 1396 1273 1570 1273 1523 1273 1287 1274 1374 1274 1451 1274 1346 1276 1311 1276 1499 1276 1688 1277 1405 1277 1371 1277 1464 1277 1445 1277 1278 1278 1321 1278 1544 1278 1362 1278 1587 1279 1458 1279 1454 1281 1345 1281 1462 1281 1475 1282 1346 1282 1377 1282 1418 1283 1545 1283 1619 1283 1477 1283 1612 1283 1527 1283 1639 1284 1414 1284 1467 1285 1396 1285 1325 1285 1429 1285 1320 1287 1570 1287 1568 1287 1508 1287 1476 1287 1403 1287 1518 1288 1370 1288 1432 1290 1304 1290 1455 1290 1402 1290 1331 1290 1301 1290 1596 1291 1437 1292 1370 1292 1432 1292 1332 1293 1410 1293 1345 1293 1551 1293 1555 1293 1422 1294 1326 1294 1410 1294 1318 1295 1298 1295 1452 1295 1431 1295 1394 1295 1591 1296 1307 1296 1438 1296 1468 1297 1335 1297 1442 1297 1356 1297 1415 1298 1436 1299 1357 1299 1318 1299 1531 1299 1380 1300 1420 1300 1426 1300 1332 1300 1447 1301 1353 1301 1511 1302 1353 1302 1637 1302 1605 1303 1412 1303 1361 1303 1440 1303 1523 1303 1636 1304 1434 1304 1314 1304 1353 1305 1348 1306 1369 1306 1433 1306 1415 1307 1367 1308 1553 1308 1387 1308 1468 1309 1334 1309 1378 1310 1402 1310 1586 1310 1631 1310 1401 1311 1416 1311 1462 1311 1393 1311 1411 1311 1461 1312 1345 1312 1470 1313 1448 1313 1451 1313 1366 1314 1372 1314 1543 1315 1427 1316 1377 1316 1344 1316 1454 1316 1421 1317 1330 1317 1445 1317 1512 1317 1610 1317 1624 1318 1326 1318 1331 1319 1390 1319 1412 1319 1387 1319 1523 1320 1366 1320 1457 1320 1466 1320 1505 1321 1405 1321 1340 1322 1441 1322 1328 1322 1632 1323 1555 1323 1802 1323 1517 1323 1537 1324 1367 1324 1390 1324 1387 1325 1430 1326 1360 1328 1355 1328 1555 1328 1802 1330 1343 1331 1411 1331 1526 1332 1420 1332 1545 1333 1434 1334 1363 1334 1345 1335 1343 1335 1445 1336 1463 1336 1451 1336 1346 1336 1409 1336 1400 1336 1619 1336 1382 1336 1368 1337 1571 1337 1418 1337 1368 1337 1634 1337 1598 1341 1428 1341 1568 1342 1416 1342 1462 1343 1369 1343 1397 1344 1451 1344 1430 1344 1382 1344 1375 1345 1379 1345 1470 1347 1372 1347 1366 1347 1466 1348 1386 1349 1407 1349 1361 1349 1357 1349 1531 1351 1426 1351 1528 1351 1507 1351 1477 1353 1546 1353 1466 1354 1383 1355 1378 1355 1363 1355 1410 1355 1551 1356 1553 1356 1440 1356 1633 1357 1508 1358 1416 1359 1368 1359 1486 1359 1778 1360 1365 1360 1379 1361 1438 1361 1441 1362 1420 1362 1498 1362 1490 1362 1615 1362 1473 1363 1475 1366 1546 1366 1505 1366 1382 1368 1375 1370 1544 1371 1450 1371 1445 1371 1420 1372 1424 1373 1416 1373 1393 1373 1452 1373 1431 1374 1377 1375 1377 1375 1418 1375 1594 1376 1435 1376 1463 1376 1409 1378 1384 1378 1589 1380 1555 1380 1383 1380 1422 1380 1521 1380 1623 1382 1505 1382 1637 1382 1540 1383 1391 1383 1403 1384 1407 1385 1423 1386 1397 1388 1470 1388 1461 1388 1492 1388 1590 1389 1404 1390 1413 1390 1437 1390 1428 1391 1455 1391 1422 1391 1403 1391 1596 1391 1520 1391 1593 1392 1553 1392 1611 1392 1562 1394 1573 1394 1401 1394 1628 1395 1445 1395 1610 1395 1498 1395 1425 1396 1436 1396 1429 1398 1419 1398 1420 1398 1426 1399 1449 1399 1471 1400 1443 1400 1444 1400 1459 1401 1452 1401 1424 1401 1591 1401 1603 1402 1411 1403 1511 1403 1623 1403 1518 1403 1548 1405 1464 1406 1436 1406 1458 1406 1564 1407 1469 1408 1544 1408 1425 1408 1615 1408 1495 1409 1471 1409 1545 1409 1459 1409 1456 1410 1555 1411 1526 1411 1492 1411 1596 1413 1446 1413 1453 1414 1570 1414 1426 1414 1511 1415 1512 1415 1611 1415 1554 1417 1570 1419 1450 1419 1568 1419 1607 1420 1560 1421 1594 1421 1525 1423 1437 1424 1439 1425 1580 1428 1442 1428 1633 1429 1457 1430 1451 1430 1486 1431 1631 1431 1591 1432 1443 1432 1571 1432 1472 1433 1553 1436 1458 1436 1573 1437 1450 1438 1617 1439 1457 1439 1465 1439 1603 1440 1601 1440 1630 1440 1562 1441 1589 1441 1636 1441 1483 1442 1560 1442 1512 1444 1571 1445 1464 1447 1607 1447 1490 1447 1477 1447 1723 1447 1558 1447 1524 1449 1451 1451 1463 1454 1486 1454 1564 1455 1570 1455 1511 1456 1459 1456 1598 1457 1573 1457 1564 1459 1545 1459 1587 1459 1472 1459 1634 1460 1471 1460 1463 1460 1546 1460 1619 1460 1477 1461 1506 1463 1546 1465 1486 1465 1564 1465 1604 1466 1543 1466 1539 1468 1547 1470 1526 1472 1571 1472 1495 1473 1545 1473 1524 1473 1822 1474 1653 1474 1574 1474 1786 1474 1699 1475 1551 1476 1523 1476 1633 1476 1630 1476 1507 1476 1481 1476 1582 1477 1524 1477 1612 1478 1569 1478 1502 1478 1764 1478 1662 1478 1714 1479 1534 1479 1754 1479 1613 1479 1626 1480 1495 1480 1572 1480 1627 1480 1659 1481 1630 1481 1522 1481 1662 1482 1513 1482 1760 1482 1638 1482 1717 1483 1617 1483 1574 1484 1595 1484 1822 1484 1790 1484 1727 1485 1537 1485 1606 1485 1714 1485 1729 1486 1505 1487 1596 1487 1514 1487 1609 1487 1500 1487 1682 1488 1615 1488 1625 1488 1822 1488 1579 1488 1627 1489 1501 1489 1497 1489 1530 1490 1560 1491 1516 1491 1792 1491 1798 1491 1666 1492 1506 1492 1496 1492 1581 1493 1778 1493 1638 1493 1798 1493 1807 1493 1661 1494 1592 1494 1639 1494 1538 1494 1784 1494 1812 1494 1728 1495 1640 1496 1596 1496 1688 1496 1679 1496 1734 1497 1520 1497 1581 1497 1678 1497 1642 1498 1560 1498 1580 1498 1618 1499 1631 1499 1506 1499 1688 1500 1603 1500 1734 1500 1682 1500 1740 1501 1551 1501 1526 1501 1517 1502 1601 1502 1521 1502 1518 1502 1622 1502 1658 1503 1622 1503 1823 1503 1658 1503 1705 1504 1722 1504 1578 1504 1681 1504 1661 1505 1539 1505 1637 1505 1602 1506 1649 1507 1568 1507 1582 1507 1823 1508 1601 1508 1623 1509 1724 1509 1660 1509 1754 1509 1742 1509 1840 1510 1710 1510 1558 1510 1621 1510 1605 1510 1720 1510 1808 1510 1731 1511 1528 1512 1607 1512 1630 1513 1565 1513 1604 1513 1536 1513 1798 1514 1543 1514 1539 1514 1621 1514 1605 1514 1792 1515 1594 1515 1525 1515 1638 1516 1539 1516 1637 1516 1602 1516 1605 1516 1536 1516 1584 1517 1623 1517 1520 1517 1569 1517 1606 1518 1622 1519 1611 1519 1554 1519 1624 1519 1566 1520 1526 1521 1636 1521 1786 1521 1537 1522 1562 1522 1653 1522 1549 1522 1764 1522 1693 1523 1601 1524 1592 1524 1527 1525 1564 1527 1625 1527 1572 1527 1784 1528 1546 1528 1710 1529 1667 1529 1674 1529 1652 1529 1804 1530 1632 1530 1606 1530 1552 1531 1589 1531 1636 1532 1614 1532 1577 1532 1718 1533 1622 1533 1677 1533 1660 1533 1783 1533 1670 1534 1723 1534 1822 1534 1808 1535 1657 1535 1606 1535 1738 1535 1719 1535 1711 1536 1603 1536 1585 1537 1574 1537 1569 1537 1606 1538 1592 1538 1605 1538 1748 1539 1603 1540 1619 1540 1637 1540 1598 1540 1584 1541 1631 1541 1597 1541 1557 1542 1679 1542 1734 1542 1682 1542 1664 1542 1819 1543 1586 1544 1587 1546 1619 1547 1617 1547 1562 1548 1651 1548 1823 1548 1720 1549 1653 1549 1693 1549 1815 1550 1586 1550 1631 1550 1688 1550 1603 1550 1629 1550 1813 1551 1563 1552 1583 1552 1818 1552 1738 1554 1610 1554 1624 1556 1564 1556 1604 1556 1760 1557 1591 1557 1629 1557 1669 1557 1650 1558 1723 1558 1823 1558 1592 1559 1716 1559 1784 1559 1744 1559 1681 1559 1803 1559 1712 1561 1649 1561 1597 1561 1675 1562 1630 1562 1614 1562 1715 1563 1802 1563 1590 1564 1567 1565 1603 1565 1628 1565 1629 1566 1718 1566 1766 1567 1573 1568 1607 1569 1623 1569 1658 1569 1714 1572 1640 1575 1621 1575 1731 1575 1671 1576 1716 1576 1810 1576 1712 1577 1611 1577 1614 1578 1778 1579 1822 1579 1727 1579 1747 1579 1810 1580 1769 1581 1590 1581 1679 1581 1616 1581 1678 1582 1816 1582 1600 1582 1677 1583 1590 1583 1649 1583 1654 1583 1685 1584 1778 1584 1812 1584 1635 1585 1740 1585 1743 1585 1762 1585 1706 1585 1695 1586 1596 1587 1625 1588 1600 1588 1618 1588 1822 1592 1612 1592 1613 1592 1626 1593 1710 1593 1609 1593 1621 1594 1620 1595 1615 1595 1667 1595 1648 1597 1688 1598 1608 1598 1620 1598 1639 1598 1722 1599 1651 1599 1606 1599 1818 1599 1719 1600 1607 1600 1816 1600 1624 1600 1723 1600 1724 1601 1617 1602 1604 1602 1778 1604 1638 1605 1612 1605 1621 1605 1792 1608 1634 1608 1620 1608 1716 1609 1651 1609 1679 1611 1816 1612 1637 1613 1822 1613 1784 1614 1715 1616 1688 1616 1649 1616 1679 1616 1664 1617 1636 1617 1653 1617 1786 1618 1624 1618 1769 1621 1720 1622 1677 1622 1660 1623 1651 1624 1769 1624 1725 1625 1634 1626 1731 1627 1648 1627 1727 1627 1697 1630 1816 1632 1657 1634 1640 1635 1722 1635 1778 1635 1744 1640 1716 1641 1818 1641 1654 1641 1773 1641 1843 1641 1704 1641 1768 1642 1781 1642 1713 1642 1773 1643 1803 1643 1765 1643 1676 1644 1757 1644 1789 1644 1817 1644 1656 1644 1831 1644 1836 1645 1654 1645 1685 1645 1664 1645 1773 1645 1755 1646 1799 1646 1815 1646 1806 1646 1739 1646 1838 1647 1752 1647 1699 1647 1758 1647 1733 1648 1667 1648 1697 1649 1685 1650 1760 1650 1669 1650 1762 1651 1658 1651 1655 1652 1794 1652 1727 1652 1796 1652 1665 1654 1678 1654 1738 1654 1767 1655 1658 1655 1720 1655 1781 1655 1757 1656 1781 1656 1819 1656 1687 1656 1811 1656 1836 1657 1699 1658 1783 1659 1782 1660 1723 1660 1808 1661 1702 1661 1797 1662 1764 1662 1783 1662 1801 1663 1807 1663 1728 1663 1803 1663 1694 1664 1683 1664 1730 1665 1820 1665 1776 1665 1775 1665 1824 1666 1812 1666 1748 1666 1695 1666 1814 1666 1750 1666 1694 1667 1769 1668 1697 1668 1751 1668 1782 1669 1805 1669 1787 1670 1742 1670 1739 1670 1690 1670 1756 1671 1781 1671 1743 1671 1749 1671 1777 1671 1811 1672 1719 1672 1758 1672 1711 1672 1800 1672 1837 1673 1766 1673 1799 1673 1692 1673 1739 1673 1735 1673 1834 1674 1769 1674 1725 1675 1683 1675 1770 1675 1730 1675 1709 1676 1702 1677 1715 1677 1724 1677 1799 1680 1803 1680 1701 1680 1703 1680 1765 1680 1826 1681 1712 1681 1702 1682 1781 1683 1777 1684 1787 1684 1709 1684 1736 1686 1700 1686 1729 1686 1757 1686 1800 1686 1690 1687 1773 1687 1704 1687 1831 1688 1734 1689 1730 1689 1767 1689 1835 1690 1757 1690 1828 1691 1807 1691 1695 1691 1797 1691 1694 1691 1793 1691 1839 1692 1724 1692 1718 1692 1794 1692 1742 1693 1715 1694 1737 1694 1839 1695 1798 1695 1706 1695 1737 1696 1743 1696 1811 1696 1849 1696 1827 1697 1796 1698 1819 1698 1755 1698 1759 1698 1791 1698 1726 1698 1849 1698 1825 1700 1764 1700 1806 1701 1771 1701 1761 1701 1750 1701 1826 1702 1744 1702 1845 1703 1747 1703 1775 1703 1761 1703 1826 1704 1719 1704 1800 1704 1841 1705 1840 1705 1817 1706 1707 1706 1842 1707 1760 1707 1753 1708 1766 1708 1809 1708 1763 1709 1791 1709 1726 1710 1823 1711 1738 1711 1837 1712 1732 1713 1719 1713 1757 1714 1719 1714 1757 1715 1816 1716 1722 1717 1798 1717 1842 1717 1797 1718 1816 1718 1766 1718 1799 1719 1800 1720 1731 1720 1789 1721 1740 1721 1805 1721 1795 1725 1816 1725 1790 1725 1809 1726 1759 1728 1812 1728 1771 1728 1803 1728 1750 1729 1800 1729 1846 1730 1755 1730 1791 1731 1771 1732 1782 1732 1847 1733 1746 1733 1806 1733 1846 1735 1809 1735 1794 1735 1804 1735 1763 1736 1830 1736 1849 1736 1745 1737 1814 1737 1827 1738 1843 1740 1743 1740 1762 1740 1777 1741 1842 1741 1797 1742 1775 1742 1756 1743 1792 1743 1814 1745 1795 1745 1772 1746 1752 1746 1815 1746 1788 1747 1784 1747 1810 1747 1820 1748 1792 1748 1749 1748 1771 1749 1789 1749 1814 1751 1810 1751 1820 1751 1782 1751 1824 1751 1847 1752 1764 1753 1762 1753 1830 1753 1772 1754 1822 1754 1790 1754 1794 1754 1820 1755 1819 1755 1768 1755 1835 1756 1817 1756 1761 1756 1832 1757 1828 1758 1846 1759 1805 1761 1840 1761 1821 1761 1832 1763 1834 1764 1786 1765 1810 1766 1785 1766 1774 1767 1843 1767 1768 1768 1841 1770 1813 1770 1787 1771 1821 1771 1779 1772 1842 1773 1819 1774 1838 1775 1832 1776 1804 1776 1796 1779 1821 1779 1836 1780 1797 1780 1845 1780 1839 1781 1789 1782 1847 1784 1810 1784 1803 1785 1815 1787 1805 1787 1830 1788 1815 1788 1838 1789 1821 1790 1809 1790 1794 1793 1842 1793 1795 1795 1827 1799 1801 1800 1828 1801 1806 1805 1813 1807 1812 1807 1845 1808 1840 1811 1819 1811 1829 1814 1829 1819 1833 1820 1824 1821 1840 1825 1833 1825 1849 1828 1831 1829 1836 1831 1848 1833 1848 1833 1844 1834 1838 1835 1844 1841 1848 1844 1848
</DataArray>
        <DataArray type="Int64" Name="offsets" NumberOfComponents="1" format="ascii">
2 4 6 8 10 12 14 16 18 20 22 24 26 28 30 32 34 36 38 40 42 44 46 48 50 52 54 56 58 60 62 64 66 68 70 72 74 76 78 80 82 84 86 88 90 92 94 96 98 100 102 104 106 108 110 112 114 116 118 120 122 124 126 128 130 132 134 136 138 140 142 144 146 148 150 152 154 156 158 160 162 164 166 168 170 172 174 176 178 180 182 184 186 188 190 192 194 196 198 200 202 204 206 208 210 212 214 216 218 220 222 224 226 228 230 232 234 236 238 240 242 244 246 248 250 252 254 256 258 260 262 264 266 268 270 272 274 276 278 280 282 284 286 288 290 292 294 296 298 300 302 304 306 308 310 312 314 316 318 320 322 324 326 328 330 332 334 336 338 340 342 344 346 348 350 352 354 356 358 360 362 364 366 368 370 372 374 376 378 380 382 384 386 388 390 392 394 396 398 400 402 404 406 408 410 412 414 416 418 420 422 424 426 428 430 432 434 436 438 440 442 444 446 448 450 452 454 456 458 460 462 464 466 468 470 472 474 476 478 480 482 484 486 488 490 492 494 496 498 500 502 504 506 508 510 512 514 516 518 520 522 524 526 528 530 532 534 536 538 540 542 544 546 548 550 552 554 556 558 560 562 564 566 568 570 572 574 576 578 580 582 584 586 588 590 592 594 596 598 600 602 604 606 608 610 612 614 616 618 620 622 624 626 628 630 632 634 636 638 640 642 644 646 648 650 652 654 656 658 660 662 664 666 668 670 672 674 676 678 680 682 684 686 688 690 692 694 696 698 700 702 704 706 708 710 712 714 716 718 720 722 724 726 728 730 732 734 736 738 740 742 744 746 748 750 752 754 756 758 760 762 764 766 768 770 772 774 776 778 780 782 784 786 788 790 792 794 796 798 800 802 804 806 808 810 812 814 816 818 820 822 824 826 828 830 832 834 836 838 840 842 844 846 848 850 852 854 856 858 860 862 864 866 868 870 872 874 876 878 880 882 884 886 888 890 892 894 896 898 900 902 904 906 908 910 912 914 916 918 920 922 924 926 928 930 932 934 936 938 940 942 944 946 948 950 952 954 956 958 960 962 964 966 968 970 972 974 976 978 980 982 984 986 988 990 992 994 996 998 1000 1002 1004 1006 1008 1010 1012 1014 1016 1018 1020 1022 1024 1026 1028 1030 1032 1034 1036 1038 1040 1042 1044 1046 1048 1050 1052 1054 1056 1058 1060 1062 1064 1066 1068 1070 1072 1074 1076 1078 1080 1082 1084 1086 1088 1090 1092 1094 1096 1098 1100 1102 1104 1106 1108 1110 1112 1114 1116 1118 1120 1122 1124 1126 1128 1130 1132 1134 1136 1138 1140 1142 1144 1146 1148 1150 1152 1154 1156 1158 1160 1162 1164 1166 1168 1170 1172 1174 1176 1178 1180 1182 1184 1186 1188 1190 1192 1194 1196 1198 1200 1202 1204 1206 1208 1210 1212 1214 1216 1218 1220 1222 1224 1226 1228 1230 1232 1234 1236 1238 1240 1242 1244 1246 1248 1250 1252 1254 1256 1258 1260 1262 1264 1266 1268 1270 1272 1274 1276 1278 1280 1282 1284 1286 1288 1290 1292 1294 1296 1298 1300 1302 1304 1306 1308 1310 1312 1314 1316 1318 1320 1322 1324 1326 1328 1330 1332 1334 1336 1338 1340 1342 1344 1346 1348 1350 1352 1354 1356 1358 1360 1362 1364 1366 1368 1370 1372 1374 1376 1378 1380 1382 1384 1386 1388 1390 1392 1394 1396 1398 1400 1402 1404 1406 1408 1410 1412 1414 1416 1418 1420 1422 1424 1426 1428 1430 1432 1434 1436 1438 1440 1442 1444 1446 1448 1450 1452 1454 1456 1458 1460 1462 1464 1466 1468 1470 1472 1474 1476 1478 1480 1482 1484 1486 1488 1490 1492 1494 1496 1498 1500 1502 1504 1506 1508 1510 1512 1514 1516 1518 1520 1522 1524 1526 1528 1530 1532 1534 1536 1538 1540 1542 1544 1546 1548 1550 1552 1554 1556 1558 1560 1562 1564 1566 1568 1570 1572 1574 1576 1578 1580 1582 1584 1586 1588 1590 1592 1594 1596 1598 1600 1602 1604 1606 1608 1610 1612 1614 1616 1618 1620 1622 1624 1626 1628 1630 1632 1634 1636 1638 1640 1642 1644 1646 1648 1650 1652 1654 1656 1658 1660 1662 1664 1666 1668 1670 1672 1674 1676 1678 1680 1682 1684 1686 1688 1690 1692 1694 1696 1698 1700 1702 1704 1706 1708 1710 1712 1714 1716 1718 1720 1722 1724 1726 1728 1730 1732 1734 1736 1738 1740 1742 1744 1746 1748 1750 1752 1754 1756 1758 1760 1762 1764 1766 1768 1770 1772 1774 1776 1778 1780 1782 1784 1786 1788 1790 1792 1794 1796 1798 1800 1802 1804 1806 1808 1810 1812 1814 1816 1818 1820 1822 1824 1826 1828 1830 1832 1834 1836 1838 1840 1842 1844 1846 1848 1850 1852 1854 1856 1858 1860 1862 1864 1866 1868 1870 1872 1874 1876 1878 1880 1882 1884 1886 1888 1890 1892 1894 1896 1898 1900 1902 1904 1906 1908 1910 1912 1914 1916 1918 1920 1922 1924 1926 1928 1930 1932 1934 1936 1938 1940 1942 1944 1946 1948 1950 1952 1954 1956 1958 1960 1962 1964 1966 1968 1970 1972 1974 1976 1978 1980 1982 1984 1986 1988 1990 1992 1994 1996 1998 2000 2002 2004 2006 2008 2010 2012 2014 2016 2018 2020 2022 2024 2026 2028 2030 2032 2034 2036 2038 2040 2042 2044 2046 2048 2050 2052 2054 2056 2058 2060 2062 2064 2066 2068 2070 2072 2074 2076 2078 2080 2082 2084 2086 2088 2090 2092 2094 2096 2098 2100 2102 2104 2106 2108 2110 2112 2114 2116 2118 2120 2122 2124 2126 2128 2130 2132 2134 2136 2138 2140 2142 2144 2146 2148 2150 2152 2154 2156 2158 2160 2162 2164 2166 2168 2170 2172 2174 2176 2178 2180 2182 2184 2186 2188 2190 2192 2194 2196 2198 2200 2202 2204 2206 2208 2210 2212 2214 2216 2218 2220 2222 2224 2226 2228 2230 2232 2234 2236 2238 2240 2242 2244 2246 2248 2250 2252 2254 2256 2258 2260 2262 2264 2266 2268 2270 2272 2274 2276 2278 2280 2282 2284 2286 2288 2290 2292 2294 2296 2298 2300 2302 2304 2306 2308 2310 2312 2314 2316 2318 2320 2322 2324 2326 2328 2330 2332 2334 2336 2338 2340 2342 2344 2346 2348 2350 2352 2354 2356 2358 2360 2362 2364 2366 2368 2370 2372 2374 2376 2378 2380 2382 2384 2386 2388 2390 2392 2394 2396 2398 2400 2402 2404 2406 2408 2410 2412 2414 2416 2418 2420 2422 2424 2426 2428 2430 2432 2434 2436 2438 2440 2442 2444 2446 2448 2450 2452 2454 2456 2458 2460 2462 2464 2466 2468 2470 2472 2474 2476 2478 2480 2482 2484 2486 2488 2490 2492 2494 2496 2498 2500 2502 2504 2506 2508 2510 2512 2514 2516 2518 2520 2522 2524 2526 2528 2530 2532 2534 2536 2538 2540 2542 2544 2546 2548 2550 2552 2554 2556 2558 2560 2562 2564 2566 2568 2570 2572 2574 2576 2578 2580 2582 2584 2586 2588 2590 2592 2594 2596 2598 2600 2602 2604 2606 2608 2610 2612 2614 2616 2618 2620 2622 2624 2626 2628 2630 2632 2634 2636 2638 2640 2642 2644 2646 2648 2650 2652 2654 2656 2658 2660 2662 2664 2666 2668 2670 2672 2674 2676 2678 2680 2682 2684 2686 2688 2690 2692 2694 2696 2698 2700 2702 2704 2706 2708 2710 2712 2714 2716 2718 2720 2722 2724 2726 2728 2730 2732 2734 2736 2738 2740 2742 2744 2746 2748 2750 2752 2754 2756 2758 2760 2762 2764 2766 2768 2770 2772 2774 2776 2778 2780 2782 2784 2786 2788 2790 2792 2794 2796 2798 2800 2802 2804 2806 2808 2810 2812 2814 2816 2818 2820 2822 2824 2826 2828 2830 2832 2834 2836 2838 2840 2842 2844 2846 2848 2850 2852 2854 2856 2858 2860 2862 2864 2866 2868 2870 2872 2874 2876 2878 2880 2882 2884 2886 2888 2890 2892 2894 2896 2898 2900 2902 2904 2906 2908 2910 2912 2914 2916 2918 2920 2922 2924 2926 2928 2930 2932 2934 2936 2938 2940 2942 2944 2946 2948 2950 2952 2954 2956 2958 2960 2962 2964 2966 2968 2970 2972 2974 2976 2978 2980 2982 2984 2986 2988 2990 2992 2994 2996 2998 3000 3002 3004 3006 3008 3010 3012 3014 3016 3018 3020 3022 3024 3026 3028 3030 3032 3034 3036 3038 3040 3042 3044 3046 3048 3050 3052 3054 3056 3058 3060 3062 3064 3066 3068 3070 3072 3074 3076 3078 3080 3082 3084 3086 3088 3090 3092 3094 3096 3098 3100 3102 3104 3106 3108 3110 3112 3114 3116 3118 3120 3122 3124 3126 3128 3130 3132 3134 3136 3138 3140 3142 3144 3146 3148 3150 3152 3154 3156 3158 3160 3162 3164 3166 3168 3170 3172 3174 3176 3178 3180 3182 3184 3186 3188 3190 3192 3194 3196 3198 3200 3202 3204 3206 3208 3210 3212 3214 3216 3218 3220 3222 3224 3226 3228 3230 3232 3234 3236 3238 3240 3242 3244 3246 3248 3250 3252 3254 3256 3258 3260 3262 3264 3266 3268 3270 3272 3274 3276 3278 3280 3282 3284 3286 3288 3290 3292 3294 3296 3298 3300 3302 3304 3306 3308 3310 3312 3314 3316 3318 3320 3322 3324 3326 3328 3330 3332 3334 3336 3338 3340 3342 3344 3346 3348 3350 3352 3354 3356 3358 3360 3362 3364 3366 3368 3370 3372 3374 3376 3378 3380 3382 3384 3386 3388 3390 3392 3394 3396 3398 3400 3402 3404 3406 3408 3410 3412 3414 3416 3418 3420 3422 3424 3426 3428 3430 3432 3434 3436 3438 3440 3442 3444 3446 3448 3450 3452 3454 3456 3458 3460 3462 3464 3466 3468 3470 3472 3474 3476 3478 3480 3482 3484 3486 3488 3490 3492 3494 3496 3498 3500 3502 3504 3506 3508 3510 3512 3514 3516 3518 3520 3522 3524 3526 3528 3530 3532 3534 3536 3538 3540 3542 3544 3546 3548 3550 3552 3554 3556 3558 3560 3562 3564 3566 3568 3570 3572 3574 3576 3578 3580 3582 3584 3586 3588 3590 3592 3594 3596 3598 3600 3602 3604 3606 3608 3610 3612 3614 3616 3618 3620 3622 3624 3626 3628 3630 3632 3634 3636 3638 3640 3642 3644 3646 3648 3650 3652 3654 3656 3658 3660 3662 3664 3666 3668 3670 3672 3674 3676 3678 3680 3682 3684 3686 3688 3690 3692 3694 3696 3698 3700 3702 3704 3706 3708 3710 3712 3714 3716 3718 3720 3722 3724 3726 3728 3730 3732 3734 3736 3738 3740 3742 3744 3746 3748 3750 3752 3754 3756 3758 3760 3762 3764 3766 3768 3770 3772 3774 3776 3778 3780 3782 3784 3786 3788 3790 3792 3794 3796 3798 3800 3802 3804 3806 3808 3810 3812 3814 3816 3818 3820 3822 3824 3826 3828 3830 3832 3834 3836 3838 3840 3842 3844 3846 3848 3850 3852 3854 3856 3858 3860 3862 3864 3866 3868 3870 3872 3874 3876 3878 3880 3882 3884 3886 3888 3890 3892 3894 3896 3898 3900 3902 3904 3906 3908 3910 3912 3914 3916 3918 3920 3922 3924 3926 3928 3930 3932 3934 3936 3938 3940 3942 3944 3946 3948 3950 3952 3954 3956 3958 3960 3962 3964 3966 3968 3970 3972 3974 3976 3978 3980 3982 3984 3986 3988 3990 3992 3994 3996 3998 4000 4002 4004 4006 4008 4010 4012 4014 4016 4018 4020 4022 4024 4026 4028 4030 4032 4034 4036 4038 4040 4042 4044 4046 4048 4050 4052 4054 4056 4058 4060 4062 4064 4066 4068 4070 4072 4074 4076 4078 4080 4082 4084 4086 4088 4090 4092 4094 4096 4098 4100 4102 4104 4106 4108 4110 4112 4114 4116 4118 4120 4122 4124 4126 4128 4130 4132 4134 4136 4138 4140 4142 4144 4146 4148 4150 4152 4154 4156 4158 4160 4162 4164 4166 4168 4170 4172 4174 4176 4178 4180 4182 4184 4186 4188 4190 4192 4194 4196 4198 4200 4202 4204 4206 4208 4210 4212 4214 4216 4218 4220 4222 4224 4226 4228 4230 4232 4234 4236 4238 4240 4242 4244 4246 4248 4250 4252 4254 4256 4258 4260 4262 4264 4266 4268 4270 4272 4274 4276 4278 4280 4282 4284 4286 4288 4290 4292 4294 4296 4298 4300 4302 4304 4306 4308 4310 4312 4314 4316 4318 4320 4322 4324 4326 4328 4330 4332 4334 4336 4338 4340 4342 4344 4346 4348 4350 4352 4354 4356 4358 4360 4362 4364 4366 4368 4370 4372 4374 4376 4378 4380 4382 4384 4386 4388 4390 4392 4394 4396 4398 4400 4402 4404 4406 4408 4410 4412 4414 4416 4418 4420 4422 4424 4426 4428 4430 4432 4434 4436 4438 4440 4442 4444 4446 4448 4450 4452 4454 4456 4458 4460 4462 4464 4466 4468 4470 4472 4474 4476 4478 4480 4482 4484 4486 4488 4490 4492 4494 4496 4498 4500 4502 4504 4506 4508 4510 4512 4514 4516 4518 4520 4522 4524 4526 4528 4530 4532 4534 4536 4538 4540 4542 4544 4546 4548 4550 4552 4554 4556 4558 4560 4562 4564 4566 4568 4570 4572 4574 4576 4578 4580 4582 4584 4586 4588 4590 4592 4594 4596 4598 4600 4602 4604 4606 4608 4610 4612 4614 4616 4618 4620 4622 4624 4626 4628 4630 4632 4634 4636 4638 4640 4642 4644 4646 4648 4650 4652 4654 4656 4658 4660 4662 4664 4666 4668 4670 4672 4674 4676 4678 4680 4682 4684 4686 4688 4690 4692 4694 4696 4698 4700 4702 4704 4706 4708 4710 4712 4714 4716 4718 4720 4722 4724 4726 4728 4730 4732 4734 4736 4738 4740 4742 4744 4746 4748 4750 4752 4754 4756 4758 4760 4762 4764 4766 4768 4770 4772 4774 4776 4778 4780 4782 4784 4786 4788 4790 4792 4794 4796 4798 4800 4802 4804 4806 4808 4810 4812 4814 4816 4818 4820 4822 4824 4826 4828 4830 4832 4834 4836 4838 4840 4842 4844 4846 4848 4850 4852 4854 4856 4858 4860 4862 4864 4866 4868 4870 4872 4874 4876 4878 4880 4882 4884 4886 4888 4890 4892 4894 4896 4898 4900 4902 4904 4906 4908 4910 4912 4914 4916 4918 4920 4922 4924 4926 4928 4930 4932 4934 4936 4938 4940 4942 4944 4946 4948 4950 4952 4954 4956 4958 4960 4962 4964 4966 4968 4970 4972 4974 4976 4978 4980 4982 4984 4986 4988 4990 4992 4994 4996 4998 5000 5002 5004 5006 5008 5010 5012 5014 5016 5018 5020 5022 5024 5026 5028 5030 5032 5034 5036 5038 5040 5042 5044 5046 5048 5050 5052 5054 5056 5058 5060 5062 5064 5066 5068 5070 5072 5074 5076 5078 5080 5082 5084 5086 5088 5090 5092 5094 5096 5098 5100 5102 5104 5106 5108 5110 5112 5114 5116 5118 5120 5122 5124 5126 5128 5130 5132 5134 5136 5138 5140 5142 5144 5146 5148 5150 5152 5154 5156 5158 5160 5162 5164 5166 5168 5170 5172 5174 5176 5178 5180 5182 5184 5186 5188 5190 5192 5194 5196 5198 5200 5202 5204 5206 5208 5210 5212 5214 5216 5218 5220 5222 5224 5226 5228 5230 5232 5234 5236 5238 5240 5242 5244 5246 5248 5250 5252 5254 5256 5258 5260 5262 5264 5266 5268 5270 5272 5274 5276 5278 5280 5282 5284 5286 5288 5290 5292 5294 5296 5298 5300 5302 5304 5306 5308 5310 5312 5314 5316 5318 5320 5322 5324 5326 5328 5330 5332 5334 5336 5338 5340 5342 5344 5346 5348 5350 5352 5354 5356 5358 5360 5362 5364 5366 5368 5370 5372 5374 5376 5378 5380 5382 5384 5386 5388 5390 5392 5394 5396 5398 5400 5402 5404 5406 5408 5410 5412 5414 5416 5418 5420 5422 5424 5426 5428 5430 5432 5434 5436 5438 5440 5442 5444 5446 5448 5450 5452 5454 5456 5458 5460 5462 5464 5466 5468 5470 5472 5474 5476 5478 5480 5482 5484 5486 5488 5490 5492 5494 5496 5498 5500 5502 5504 5506 5508 5510 5512 5514 5516 5518 5520 5522 5524 5526 5528 5530 5532 5534 5536 5538 5540 5542 5544 5546 5548 5550 5552 5554 5556 5558 5560 5562 5564 5566 5568 5570 5572 5574 5576 5578 5580 5582 5584 5586 5588 5590 5592 5594 5596 5598 5600 5602 5604 5606 5608 5610 5612 5614 5616 5618 5620 5622 5624 5626 5628 5630 5632 5634 5636 5638 5640 5642 5644 5646 5648 5650 5652 5654 5656 5658 5660 5662 5664 5666 5668 5670 5672 5674 5676 5678 5680 5682 5684 5686 5688 5690 5692 5694 5696 5698 5700 5702 5704 5706 5708 5710 5712 5714 5716 5718 5720 5722 5724 5726 5728 5730 5732 5734 5736 5738 5740 5742 5744 5746 5748 5750 5752 5754 5756 5758 5760 5762 5764 5766 5768 5770 5772 5774 5776 5778 5780 5782 5784 5786 5788 5790 5792 5794 5796 5798 5800 5802 5804 5806 5808 5810 5812 5814 5816 5818 5820 5822 5824 5826 5828 5830 5832 5834 5836 5838 5840 5842 5844 5846 5848 5850 5852 5854 5856 5858 5860 5862 5864 5866 5868 5870 5872 5874 5876 5878 5880 5882 5884 5886 5888 5890 5892 5894 5896 5898 5900 5902 5904 5906 5908 5910 5912 5914 5916 5918 5920 5922 5924 5926 5928 5930 5932 5934 5936 5938 5940 5942 5944 5946 5948 5950 5952 5954 5956 5958 5960 5962 5964 5966 5968 5970 5972 5974 5976 5978 5980 5982 5984 5986 5988 5990 5992 5994 5996 5998 6000 6002 6004 6006 6008 6010 6012 6014 6016 6018 6020 6022 6024 6026 6028 6030 6032 6034 6036 6038 6040 6042 6044 6046 6048 6050 6052 6054 6056 6058 6060 6062 6064 6066 6068 6070 6072 6074 6076 6078 6080 6082 6084 6086 6088 6090 6092 6094 6096 6098 6100 6102 6104 6106 6108 6110 6112 6114 6116 6118 6120 6122 6124 6126 6128 6130 6132 6134 6136 6138 6140 6142 6144 6146 6148 6150 6152 6154 6156 6158 6160 6162 6164 6166 6168 6170 6172 6174 6176 6178 6180 6182 6184 6186 6188 6190 6192 6194 6196 6198 6200 6202 6204 6206 6208 6210 6212 6214 6216 6218 6220 6222 6224 6226 6228 6230 6232 6234 6236 6238 6240 6242 6244 6246 6248 6250 6252 6254 6256 6258 6260 6262 6264 6266 6268 6270 6272 6274 6276 6278 6280 6282 6284 6286 6288 6290 6292 6294 6296 6298 6300 6302 6304 6306 6308 6310 6312 6314 6316 6318 6320 6322 6324 6326 6328 6330 6332 6334 6336 6338 6340 6342 6344 6346 6348 6350 6352 6354 6356 6358 6360 6362 6364 6366 6368 6370 6372 6374 6376 6378 6380 6382 6384 6386 6388 6390 6392 6394 6396 6398 6400 6402 6404 6406 6408 6410 6412 6414 6416 6418 6420 6422 6424 6426 6428 6430 6432 6434 6436 6438 6440 6442 6444 6446 6448 6450 6452 6454 6456 6458 6460 6462 6464 6466 6468 6470 6472 6474 6476 6478 6480 6482 6484 6486 6488 6490 6492 6494 6496 6498 6500 6502 6504 6506 6508 6510 6512 6514 6516 6518 6520 6522 6524 6526 6528 6530 6532 6534 6536 6538 6540 6542 6544 6546 6548 6550 6552 6554 6556 6558 6560 6562 6564 6566 6568 6570 6572 6574 6576 6578 6580 6582 6584 6586 6588 6590 6592 6594 6596 6598 6600 6602 6604 6606 6608 6610 6612 6614 6616 6618 6620 6622 6624 6626 6628 6630 6632 6634 6636 6638 6640 6642 6644 6646 6648 6650 6652 6654 6656 6658 6660 6662 6664 6666 6668 6670 6672 6674 6676 6678 6680 6682 6684 6686 6688 6690 6692 6694 6696 6698 6700 6702 6704 6706 6708 6710 6712 6714 6716 6718 6720 6722 6724 6726 6728 6730 6732 6734 6736 6738 6740 6742 6744 6746 6748 6750 6752 6754 6756 6758 6760 6762 6764 6766 6768 6770 6772 6774 6776 6778 6780 6782 6784 6786 6788 6790 6792 6794 6796 6798 6800 6802 6804 6806 6808 6810 6812 6814 6816 6818 6820 6822 6824 6826 6828 6830 6832 6834 6836 6838 6840 6842 6844 6846 6848 6850 6852 6854 6856 6858 6860 6862 6864 6866 6868 6870 6872 6874 6876 6878 6880 6882 6884 6886 6888 6890 6892 6894 6896 6898 6900 6902 6904 6906 6908 6910 6912 6914 6916 6918 6920 6922 6924 6926 6928 6930 6932 6934 6936 6938 6940 6942 6944 6946 6948 6950 6952 6954 6956 6958 6960 6962 6964 6966 6968 6970 6972 6974 6976 6978 6980 6982 6984 6986 6988 6990 6992 6994 6996 6998 7000 7002 7004 7006 7008 7010 7012 7014 7016 7018 7020 7022 7024 7026 7028 7030 7032 7034 7036 7038 7040 7042 7044 7046 7048 7050 7052 7054 7056 7058 7060 7062 7064 7066 7068 7070 7072 7074 7076 7078 7080 7082 7084 7086 7088 7090 7092 7094 7096 7098 7100 7102 7104 7106 7108 7110 7112 7114 7116 7118 7120 7122 7124 7126 7128 7130 7132 7134 7136 7138 7140 7142 7144 7146 7148 7150 7152 7154 7156 7158 7160 7162 7164 7166 7168 7170 7172 7174 7176 7178 7180 7182 7184 7186 7188 7190 7192 7194 7196 7198 7200 7202 7204 7206 7208 7210 7212 7214 7216 7218 7220 7222 7224 7226 7228 7230 7232 7234 7236 7238 7240 7242 7244 7246 7248 7250 7252 7254 7256 7258 7260 7262 7264 7266 7268 7270 7272 7274 7276 7278 7280 7282 7284 7286 7288 7290 7292 7294 7296 7298 7300 7302 7304 7306 7308 7310 7312 7314 7316 7318 7320 7322 7324 7326 7328 7330 7332 7334 7336 7338 7340 7342 7344 7346 7348 7350 7352 7354 7356 7358 7360 7362 7364 7366 7368 7370 7372 7374 7376 7378 7380 7382 7384 7386 7388 7390 7392 7394 7396 7398 7400 7402 7404 7406 7408 7410 7412 7414 7416 7418 7420 7422 7424 7426 7428 7430 7432 7434 7436 7438 7440 7442 7444 7446 7448 7450 7452 7454 7456 7458 7460 7462 7464 7466 7468 7470 7472 7474 7476 7478 7480 7482 7484 7486 7488 7490 7492 7494 7496 7498 7500 7502 7504 7506 7508 7510 7512 7514 7516 7518 7520 7522 7524 7526 7528 7530 7532 7534 7536 7538 7540 7542 7544 7546 7548 7550 7552 7554 7556 7558 7560 7562 7564 7566 7568 7570 7572 7574 7576 7578 7580 7582 7584 7586 7588 7590 7592 7594 7596 7598 7600 7602 7604 7606 7608 7610 7612 7614 7616 7618 7620 7622 7624 7626 7628 7630 7632 7634 7636 7638 7640 7642 7644 7646 7648 7650 7652 7654 7656 7658 7660 7662 7664 7666 7668 7670 7672 7674 7676 7678 7680 7682 7684 7686 7688 7690 7692 7694 7696 7698 7700 7702 7704 7706 7708 7710 7712 7714 7716 7718 7720 7722 7724 7726 7728 7730 7732 7734 7736 7738 7740 7742 7744 7746 7748 7750 7752 7754 7756 7758 7760 7762 7764 7766 7768 7770 7772 7774 7776 7778 7780 7782 7784 7786 7788 7790 7792 7794 7796 7798 7800 7802 7804 7806 7808 7810 7812 7814 7816 7818 7820 7822 7824 7826 7828 7830 7832 7834 7836 7838 7840 7842 7844 7846 7848 7850 7852 7854 7856 7858 7860 7862 7864 7866 7868 7870 7872 7874 7876 7878 7880 7882 7884 7886 7888 7890 7892 7894 7896 7898 7900 7902 7904 7906 7908 7910 7912 7914 7916 7918 7920 7922 7924 7926 7928 7930 7932 7934 7936 7938 7940 7942 7944 7946 7948 7950 7952 7954 7956 7958 7960 7962 7964 7966 7968 7970 7972 7974 7976 7978 7980 7982 7984 7986 7988 7990 7992 7994 7996 7998 8000 8002 8004 8006 8008 8010 8012 8014 8016 8018 8020 8022 8024 8026 8028 8030 8032 8034 8036 8038 8040 8042 8044 8046 8048 8050 8052 8054 8056 8058 8060 8062 8064 8066 8068 8070 8072 8074 8076 8078 8080 8082 8084 8086 8088 8090 8092 8094 8096 8098 8100 8102 8104 8106 8108 8110 8112 8114 8116 8118 8120 8122 8124 8126 8128 8130 8132 8134 8136 8138 8140 8142 8144 8146 8148 8150 8152 8154 8156 8158 8160 8162 8164 8166 8168 8170 8172 8174 8176 8178 8180 8182 8184 8186 8188 8190 8192 8194 8196 8198 8200 8202 8204 8206 8208 8210 8212 8214 8216 8218 8220 8222 8224 8226 8228 8230 8232 8234 8236 8238 8240 8242
</DataArray>
      </Lines>
    </Piece>
  </PolyData>
</VTKFile>
