<?xml version="1.0"?>
<VTKFile type="PolyData" version="0.1" byte_order="LittleEndian">
  <PolyData>
    <Piece NumberOfPoints="1850" NumberOfVerts="0" NumberOfLines="4089" NumberOfStrips="0" NumberOfPolys="0">
      <PointData><DataArray type="Int64" Name="particle_id" NumberOfComponents="1" format="ascii">
1 2 3 4 5 6 7 8 9 10 11 12 13 14 15 16 17 18 19 20 21 22 23 24 25 26 27 28 29 30 31 32 33 34 35 36 37 38 39 40 41 42 43 44 45 46 47 48 49 50 51 52 53 54 55 56 57 58 59 60 61 62 63 64 65 66 67 68 69 70 71 72 73 74 75 76 77 78 79 80 81 82 83 84 85 86 87 88 89 90 91 92 93 94 95 96 97 98 99 100 101 102 103 104 105 106 107 108 109 110 111 112 113 114 115 116 117 118 119 120 121 122 123 124 125 126 127 128 129 130 131 132 133 134 135 136 137 138 139 140 141 142 143 144 145 146 147 148 149 150 151 152 153 154 155 156 157 158 159 160 161 162 163 164 165 166 167 168 169 170 171 172 173 174 175 176 177 178 179 180 181 182 183 184 185 186 187 188 189 190 191 192 193 194 195 196 197 198 199 200 201 202 203 204 205 206 207 208 209 210 211 212 213 214 215 216 217 218 219 220 221 222 223 224 225 226 227 228 229 230 231 232 233 234 235 236 237 238 239 240 241 242 243 244 245 246 247 248 249 250 251 252 253 254 255 256 257 258 259 260 261 262 263 264 265 266 267 268 269 270 271 272 273 274 275 276 277 278 279 280 281 282 283 284 285 286 287 288 289 290 291 292 293 294 295 296 297 298 299 300 301 302 303 304 305 306 307 308 309 310 311 312 313 314 315 316 317 318 319 320 321 322 323 324 325 326 327 328 329 330 331 332 333 334 335 336 337 338 339 340 341 342 343 344 345 346 347 348 349 350 351 352 353 354 355 356 357 358 359 360 361 362 363 364 365 366 367 368 369 370 371 372 373 374 375 376 377 378 379 380 381 382 383 384 385 386 387 388 389 390 391 392 393 394 395 396 397 398 399 400 401 402 403 404 405 406 407 408 409 410 411 412 413 414 415 416 417 418 419 420 421 422 423 424 425 426 427 428 429 430 431 432 433 434 435 436 437 438 439 440 441 442 443 444 445 446 447 448 449 450 451 452 453 454 455 456 457 458 459 460 461 462 463 464 465 466 467 468 469 470 471 472 473 474 475 476 477 478 479 480 481 482 483 484 485 486 487 488 489 490 491 492 493 494 495 496 497 498 499 500 501 502 503 504 505 506 507 508 509 510 511 512 513 514 515 516 517 518 519 520 521 522 523 524 525 526 527 528 529 530 531 532 533 534 535 536 537 538 539 540 541 542 543 544 545 546 547 548 549 550 551 552 553 554 555 556 557 558 559 560 561 562 563 564 565 566 567 568 569 570 571 572 573 574 575 576 577 578 579 580 581 582 583 584 585 586 587 588 589 590 591 592 593 594 595 596 597 598 599 600 601 602 603 604 605 606 607 608 609 610 611 612 613 614 615 616 617 618 619 620 621 622 623 624 625 626 627 628 629 630 631 632 633 634 635 636 637 638 639 640 641 642 643 644 645 646 647 648 649 650 651 652 653 654 655 656 657 658 659 660 661 662 663 664 665 666 667 668 669 670 671 672 673 674 675 676 677 678 679 680 681 682 683 684 685 686 687 688 689 690 691 692 693 694 695 696 697 698 699 700 701 702 703 704 705 706 707 708 709 710 711 712 713 714 715 716 717 718 719 720 721 722 723 724 725 726 727 728 729 730 731 732 733 734 735 736 737 738 739 740 741 742 743 744 745 746 747 748 749 750 751 752 753 754 755 756 757 758 759 760 761 762 763 764 765 766 767 768 769 770 771 772 773 774 775 776 777 778 779 780 781 782 783 784 785 786 787 788 789 790 791 792 793 794 795 796 797 798 799 800 801 802 803 804 805 806 807 808 809 810 811 812 813 814 815 816 817 818 819 820 821 822 823 824 825 826 827 828 829 830 831 832 833 834 835 836 837 838 839 840 841 842 843 844 845 846 847 848 849 850 851 852 853 854 855 856 857 858 859 860 861 862 863 864 865 866 867 868 869 870 871 872 873 874 875 876 877 878 879 880 881 882 883 884 885 886 887 888 889 890 891 892 893 894 895 896 897 898 899 900 901 902 903 904 905 906 907 908 909 910 911 912 913 914 915 916 917 918 919 920 921 922 923 924 925 926 927 928 929 930 931 932 933 934 935 936 937 938 939 940 941 942 943 944 945 946 947 948 949 950 951 952 953 954 955 956 957 958 959 960 961 962 963 964 965 966 967 968 969 970 971 972 973 974 975 976 977 978 979 980 981 982 983 984 985 986 987 988 989 990 991 992 993 994 995 996 997 998 999 1000 1001 1002 1003 1004 1005 1006 1007 1008 1009 1010 1011 1012 1013 1014 1015 1016 1017 1018 1019 1020 1021 1022 1023 1024 1025 1026 1027 1028 1029 1030 1031 1032 1033 1034 1035 1036 1037 1038 1039 1040 1041 1042 1043 1044 1045 1046 1047 1048 1049 1050 1051 1052 1053 1054 1055 1056 1057 1058 1059 1060 1061 1062 1063 1064 1065 1066 1067 1068 1069 1070 1071 1072 1073 1074 1075 1076 1077 1078 1079 1080 1081 1082 1083 1084 1085 1086 1087 1088 1089 1090 1091 1092 1093 1094 1095 1096 1097 1098 1099 1100 1101 1102 1103 1104 1105 1106 1107 1108 1109 1110 1111 1112 1113 1114 1115 1116 1117 1118 1119 1120 1121 1122 1123 1124 1125 1126 1127 1128 1129 1130 1131 1132 1133 1134 1135 1136 1137 1138 1139 1140 1141 1142 1143 1144 1145 1146 1147 1148 1149 1150 1151 1152 1153 1154 1155 1156 1157 1158 1159 1160 1161 1162 1163 1164 1165 1166 1167 1168 1169 1170 1171 1172 1173 1174 1175 1176 1177 1178 1179 1180 1181 1182 1183 1184 1185 1186 1187 1188 1189 1190 1191 1192 1193 1194 1195 1196 1197 1198 1199 1200 1201 1202 1203 1204 1205 1206 1207 1208 1209 1210 1211 1212 1213 1214 1215 1216 1217 1218 1219 1220 1221 1222 1223 1224 1225 1226 1227 1228 1229 1230 1231 1232 1233 1234 1235 1236 1237 1238 1239 1240 1241 1242 1243 1244 1245 1246 1247 1248 1249 1250 1251 1252 1253 1254 1255 1256 1257 1258 1259 1260 1261 1262 1263 1264 1265 1266 1267 1268 1269 1270 1271 1272 1273 1274 1275 1276 1277 1278 1279 1280 1281 1282 1283 1284 1285 1286 1287 1288 1289 1290 1291 1292 1293 1294 1295 1296 1297 1298 1299 1300 1301 1302 1303 1304 1305 1306 1307 1308 1309 1310 1311 1312 1313 1314 1315 1316 1317 1318 1319 1320 1321 1322 1323 1324 1325 1326 1327 1328 1329 1330 1331 1332 1333 1334 1335 1336 1337 1338 1339 1340 1341 1342 1343 1344 1345 1346 1347 1348 1349 1350 1351 1352 1353 1354 1355 1356 1357 1358 1359 1360 1361 1362 1363 1364 1365 1366 1367 1368 1369 1370 1371 1372 1373 1374 1375 1376 1377 1378 1379 1380 1381 1382 1383 1384 1385 1386 1387 1388 1389 1390 1391 1392 1393 1394 1395 1396 1397 1398 1399 1400 1401 1402 1403 1404 1405 1406 1407 1408 1409 1410 1411 1412 1413 1414 1415 1416 1417 1418 1419 1420 1421 1422 1423 1424 1425 1426 1427 1428 1429 1430 1431 1432 1433 1434 1435 1436 1437 1438 1439 1440 1441 1442 1443 1444 1445 1446 1447 1448 1449 1450 1451 1452 1453 1454 1455 1456 1457 1458 1459 1460 1461 1462 1463 1464 1465 1466 1467 1468 1469 1470 1471 1472 1473 1474 1475 1476 1477 1478 1479 1480 1481 1482 1483 1484 1485 1486 1487 1488 1489 1490 1491 1492 1493 1494 1495 1496 1497 1498 1499 1500 1501 1502 1503 1504 1505 1506 1507 1508 1509 1510 1511 1512 1513 1514 1515 1516 1517 1518 1519 1520 1521 1522 1523 1524 1525 1526 1527 1528 1529 1530 1531 1532 1533 1534 1535 1536 1537 1538 1539 1540 1541 1542 1543 1544 1545 1546 1547 1548 1549 1550 1551 1552 1553 1554 1555 1556 1557 1558 1559 1560 1561 1562 1563 1564 1565 1566 1567 1568 1569 1570 1571 1572 1573 1574 1575 1576 1577 1578 1579 1580 1581 1582 1583 1584 1585 1586 1587 1588 1589 1590 1591 1592 1593 1594 1595 1596 1597 1598 1599 1600 1601 1602 1603 1604 1605 1606 1607 1608 1609 1610 1611 1612 1613 1614 1615 1616 1617 1618 1619 1620 1621 1622 1623 1624 1625 1626 1627 1628 1629 1630 1631 1632 1633 1634 1635 1636 1637 1638 1639 1640 1641 1642 1643 1644 1645 1646 1647 1648 1649 1650 1651 1652 1653 1654 1655 1656 1657 1658 1659 1660 1661 1662 1663 1664 1665 1666 1667 1668 1669 1670 1671 1672 1673 1674 1675 1676 1677 1678 1679 1680 1681 1682 1683 1684 1685 1686 1687 1688 1689 1690 1691 1692 1693 1694 1695 1696 1697 1698 1699 1700 1701 1702 1703 1704 1705 1706 1707 1708 1709 1710 1711 1712 1713 1714 1715 1716 1717 1718 1719 1720 1721 1722 1723 1724 1725 1726 1727 1728 1729 1730 1731 1732 1733 1734 1735 1736 1737 1738 1739 1740 1741 1742 1743 1744 1745 1746 1747 1748 1749 1750 1751 1752 1753 1754 1755 1756 1757 1758 1759 1760 1761 1762 1763 1764 1765 1766 1767 1768 1769 1770 1771 1772 1773 1774 1775 1776 1777 1778 1779 1780 1781 1782 1783 1784 1785 1786 1787 1788 1789 1790 1791 1792 1793 1794 1795 1796 1797 1798 1799 1800 1801 1802 1803 1804 1805 1806 1807 1808 1809 1810 1811 1812 1813 1814 1815 1816 1817 1818 1819 1820 1821 1822 1823 1824 1825 1826 1827 1828 1829 1830 1831 1832 1833 1834 1835 1836 1837 1838 1839 1840 1841 1842 1843 1844 1845 1846 1847 1848 1849 1850
</DataArray></PointData>
      <CellData>
        <DataArray type="Int64" Name="particle_1" NumberOfComponents="1" format="ascii">
1 1 1 2 2 2 2 2 3 3 5 5 5 5 5 6 6 6 7 7 7 7 8 9 9 9 9 9 10 10 10 10 10 11 11 11 12 12 12 12 12 12 12 13 13 13 13 14 14 14 15 15 15 15 16 16 16 16 16 17 17 17 17 18 18 18 18 18 19 19 19 19 20 20 20 20 20 21 21 21 21 22 22 22 22 23 23 23 24 24 24 24 24 24 24 25 25 25 25 26 26 26 26 26 27 27 27 28 28 28 28 28 29 29 29 30 30 31 31 32 32 32 32 33 33 33 33 34 34 34 34 34 34 35 35 35 37 37 37 38 38 38 38 39 39 40 40 40 40 40 42 42 42 43 43 43 43 44 44 44 44 44 45 45 45 45 45 46 46 46 46 46 47 47 48 48 49 50 51 51 52 52 52 53 53 53 54 54 54 54 54 54 54 55 55 55 56 56 56 56 57 57 58 58 58 59 59 60 60 60 60 61 62 62 62 62 62 63 63 63 63 64 64 64 64 65 65 67 68 68 69 69 69 69 70 70 70 70 70 72 72 72 73 73 73 73 74 75 75 75 75 75 75 75 76 76 76 77 77 77 77 78 78 79 79 79 80 81 81 81 82 82 82 82 82 82 83 83 83 84 84 84 85 87 87 88 89 89 90 91 91 91 91 92 92 92 92 92 93 93 94 94 95 95 96 96 96 96 96 97 97 97 98 99 99 100 100 100 101 101 101 102 102 103 103 103 104 104 104 105 105 105 105 106 106 106 107 107 107 108 108 108 108 108 108 109 109 110 111 112 112 113 113 113 113 114 114 115 115 116 117 118 119 119 120 120 121 121 122 123 123 123 124 124 124 125 125 125 126 127 128 128 129 130 130 131 131 131 131 131 132 132 132 133 133 133 133 134 134 135 136 136 137 138 139 139 139 140 141 141 141 141 142 142 142 142 142 143 144 144 144 144 145 146 148 149 149 149 150 150 150 150 150 151 151 151 152 153 153 153 156 156 156 157 157 158 158 160 160 161 161 161 162 164 164 167 168 168 168 169 169 169 169 171 171 171 173 173 174 174 176 176 176 178 179 180 180 180 181 181 181 181 183 184 186 186 186 187 187 187 187 189 190 191 191 192 192 193 196 196 196 196 198 199 200 201 201 201 202 202 203 203 203 203 203 204 204 204 204 204 204 205 206 207 207 208 208 208 209 209 209 209 209 209 210 210 210 211 212 212 212 212 213 213 213 213 213 214 214 214 214 214 215 215 215 215 215 215 216 216 216 216 216 216 217 217 218 218 218 218 219 219 220 220 220 221 221 222 222 222 223 223 223 223 224 224 224 224 225 225 226 226 228 228 228 228 228 229 229 230 230 231 231 232 232 232 232 232 233 233 233 234 234 234 234 235 236 236 237 237 237 238 238 238 238 239 239 239 239 239 240 240 240 241 241 241 241 241 241 242 242 242 242 243 244 244 244 246 246 246 247 247 247 247 247 248 249 249 249 249 249 250 250 250 251 251 251 251 252 253 253 253 253 255 255 255 255 256 256 256 257 258 258 259 259 259 259 260 261 261 261 261 262 263 263 263 264 265 265 265 265 265 266 266 267 267 267 268 268 268 269 269 269 270 270 270 272 272 272 272 272 273 273 274 274 274 275 275 275 276 276 276 276 277 277 277 277 277 277 278 279 279 279 280 281 282 282 283 284 284 285 285 285 285 285 286 286 286 286 286 288 288 288 289 291 291 291 291 293 294 294 294 294 295 295 296 297 298 298 300 300 300 300 301 301 301 302 302 302 302 303 303 303 304 304 305 305 305 306 306 306 307 307 307 307 307 308 309 310 310 310 310 311 311 312 312 312 312 313 313 313 313 313 313 313 314 315 315 315 316 317 319 319 319 320 320 321 321 322 323 323 323 324 324 325 325 325 325 326 326 327 328 328 329 329 329 329 330 332 332 332 333 334 334 335 336 336 336 336 336 336 337 337 339 341 341 342 342 342 344 344 344 344 345 345 345 345 346 346 347 348 349 349 349 350 351 351 351 352 353 353 354 354 354 354 354 356 356 358 358 360 360 361 361 361 361 362 362 362 363 363 363 363 363 363 365 365 365 366 366 366 367 367 370 371 371 371 372 374 374 374 377 377 379 379 379 379 379 380 381 381 382 382 383 383 383 383 384 385 385 386 386 386 386 387 387 387 388 389 389 389 390 390 391 391 391 391 393 393 393 393 395 396 396 398 400 400 400 400 400 405 405 407 407 407 407 407 408 408 409 409 410 410 411 412 412 412 414 416 416 416 417 417 417 417 418 418 418 419 419 419 419 419 419 419 420 420 420 420 420 420 421 423 423 423 424 424 425 425 426 427 427 427 427 428 429 429 430 430 430 430 431 431 431 431 431 431 431 432 432 432 432 432 433 433 433 433 434 434 434 434 434 434 435 436 436 436 436 436 436 437 437 437 437 437 438 438 438 439 439 439 439 441 441 442 442 442 442 443 443 443 444 444 444 444 444 445 445 446 446 446 446 447 447 447 448 448 449 449 450 450 451 451 451 451 451 452 452 452 452 452 453 453 453 454 454 454 454 455 455 455 455 456 456 456 457 457 458 458 458 458 459 459 460 460 460 460 461 461 462 462 464 464 464 465 465 465 465 466 467 467 468 468 468 468 469 469 471 472 472 472 472 473 474 474 474 474 475 475 476 476 477 477 477 478 479 479 479 480 480 480 480 480 480 481 481 481 482 482 483 483 483 483 484 484 484 484 484 484 484 485 485 487 488 489 489 489 491 491 491 491 491 492 492 493 493 494 494 494 494 494 494 495 495 495 496 496 496 497 497 498 499 499 500 500 500 501 502 502 502 503 503 504 504 504 504 504 505 505 505 505 506 506 506 507 507 508 509 509 509 509 510 510 510 510 511 512 512 512 513 513 513 514 514 514 515 515 515 516 516 516 516 518 518 518 518 519 519 520 520 520 520 521 523 523 523 523 524 524 524 524 525 528 528 528 528 529 530 530 530 530 531 531 532 532 532 532 532 533 535 536 536 536 536 536 537 538 539 540 541 542 543 544 544 545 545 545 546 547 547 547 547 549 549 549 549 549 550 552 552 552 552 552 553 554 554 554 555 555 555 556 556 556 556 557 559 559 559 560 560 560 561 561 561 561 562 562 563 563 563 564 564 565 565 567 567 567 567 568 568 568 568 569 570 570 570 571 571 571 571 574 575 576 576 576 577 580 580 580 580 581 583 583 584 586 588 588 588 589 589 591 591 594 595 595 595 595 595 596 596 597 597 598 598 599 599 601 602 603 604 605 606 607 608 608 609 609 609 609 610 610 610 610 611 611 611 612 613 613 613 613 614 614 614 615 615 615 615 615 616 621 622 622 622 624 624 627 627 627 628 628 629 629 629 630 631 636 636 636 636 638 639 639 639 639 640 640 643 643 645 646 646 646 646 647 647 647 648 648 648 648 648 649 650 650 650 650 650 650 650 651 651 651 651 651 651 652 652 652 652 652 652 653 653 653 653 654 654 654 654 655 656 656 656 656 657 657 657 657 658 660 660 660 660 661 661 662 663 663 663 664 665 665 665 666 666 666 666 666 667 668 668 669 670 670 670 670 672 672 672 673 673 673 673 674 674 674 674 675 675 675 675 675 675 676 676 676 676 677 677 678 678 678 679 679 679 679 680 680 680 680 682 682 682 682 682 683 684 684 684 685 686 687 687 687 687 688 688 689 689 689 690 690 690 690 691 692 692 694 694 694 694 696 696 697 697 697 698 698 698 699 699 699 699 699 700 700 700 700 701 701 701 702 702 702 702 702 703 703 703 703 703 704 704 705 705 705 706 706 706 706 706 707 707 707 708 708 708 708 708 709 709 710 711 711 711 711 712 712 713 713 713 714 715 716 716 716 717 717 717 717 718 719 720 720 720 720 721 721 721 722 722 722 723 723 723 723 724 724 724 724 724 725 725 725 726 726 726 726 727 727 728 728 728 729 729 729 729 729 729 730 730 730 731 731 731 732 733 733 736 736 736 736 737 737 737 738 738 738 738 739 740 740 740 740 740 740 740 741 741 741 741 743 743 743 743 743 744 744 745 745 745 746 746 746 747 747 747 747 748 749 749 749 749 750 751 752 752 752 753 753 754 754 755 755 755 755 756 756 756 757 757 758 758 758 758 759 759 761 762 762 764 764 765 766 766 766 766 767 770 770 770 770 772 772 773 773 773 774 774 775 775 775 776 777 777 779 779 779 779 779 780 780 780 780 781 783 783 783 784 784 784 784 784 785 786 787 787 788 788 788 788 790 791 791 793 793 794 795 795 796 796 798 798 799 800 801 801 801 801 801 801 802 803 804 807 807 811 811 811 812 814 814 814 814 815 815 815 815 815 816 816 818 818 819 819 819 819 822 822 822 831 831 832 833 833 833 834 834 834 834 837 837 837 837 837 838 839 840 840 841 841 841 841 841 843 843 843 843 843 844 845 845 849 849 850 853 854 855 856 856 856 857 857 858 858 858 858 859 860 860 860 860 861 861 861 861 862 862 862 863 863 863 864 864 864 864 865 865 865 866 866 866 866 866 867 867 868 868 868 868 869 869 869 870 870 870 871 871 871 871 871 872 872 872 872 872 872 874 874 875 875 875 875 876 876 876 876 876 877 877 877 878 878 878 878 879 880 880 880 881 882 882 882 883 883 884 884 884 885 885 885 886 886 886 886 887 887 888 888 888 888 888 889 890 890 890 891 891 891 891 892 892 892 892 893 893 893 894 894 894 894 895 895 895 896 897 897 897 898 898 898 898 899 900 900 900 900 900 901 901 901 901 902 902 902 902 903 903 903 904 904 904 904 904 904 905 906 906 906 907 907 907 908 908 908 908 908 908 909 909 909 909 911 912 912 912 912 912 913 913 914 914 914 914 914 914 915 915 915 915 916 916 917 918 918 918 919 919 919 919 920 920 920 920 920 920 921 921 921 921 921 922 922 922 922 922 922 923 923 924 924 924 924 924 925 925 925 925 925 925 926 927 927 927 928 929 929 929 929 929 929 929 930 930 932 932 932 932 933 933 934 934 934 935 935 935 935 935 936 936 936 936 937 937 937 937 937 937 938 938 938 939 939 939 939 940 940 940 940 941 941 941 942 943 943 943 943 943 943 944 945 945 946 947 947 947 947 948 949 949 949 950 950 950 950 951 951 952 952 952 953 953 953 953 955 955 955 955 955 958 958 958 959 960 961 961 962 962 962 965 965 965 965 966 966 967 968 968 968 969 970 971 971 972 972 973 974 974 974 975 975 975 975 976 976 979 979 979 980 980 980 981 981 982 982 984 986 986 986 987 987 987 989 989 989 989 991 991 994 994 994 994 994 995 995 995 995 995 997 998 999 999 1001 1002 1002 1002 1004 1004 1004 1004 1005 1006 1006 1007 1007 1007 1008 1008 1010 1010 1010 1010 1011 1011 1011 1012 1013 1013 1014 1014 1014 1014 1015 1015 1016 1016 1017 1017 1017 1019 1019 1020 1021 1022 1023 1023 1025 1025 1025 1025 1028 1029 1029 1030 1031 1034 1034 1035 1035 1036 1037 1040 1041 1041 1041 1042 1043 1043 1044 1044 1044 1044 1046 1047 1047 1050 1051 1051 1051 1053 1057 1058 1059 1059 1061 1061 1062 1062 1062 1065 1066 1067 1067 1067 1067 1068 1069 1069 1069 1069 1069 1070 1070 1070 1070 1070 1071 1071 1071 1071 1071 1071 1072 1073 1073 1073 1073 1074 1074 1075 1075 1075 1076 1076 1076 1077 1077 1078 1078 1079 1079 1079 1080 1080 1080 1080 1080 1081 1081 1081 1081 1081 1082 1082 1082 1082 1083 1083 1084 1086 1087 1088 1089 1090 1090 1090 1091 1091 1091 1091 1091 1091 1091 1091 1092 1092 1093 1093 1093 1093 1093 1094 1094 1095 1095 1096 1096 1096 1097 1097 1097 1097 1098 1098 1098 1098 1098 1099 1099 1099 1099 1099 1099 1099 1100 1100 1100 1100 1101 1101 1102 1103 1103 1104 1104 1104 1104 1105 1106 1106 1106 1106 1107 1107 1107 1108 1108 1109 1109 1109 1110 1110 1110 1110 1110 1110 1112 1112 1112 1113 1113 1113 1114 1114 1114 1114 1114 1115 1116 1116 1116 1116 1117 1117 1118 1118 1118 1119 1119 1119 1119 1119 1120 1120 1120 1121 1122 1122 1122 1122 1123 1123 1123 1124 1124 1124 1124 1125 1125 1125 1127 1127 1128 1128 1129 1129 1129 1130 1130 1130 1130 1130 1130 1131 1131 1131 1131 1132 1132 1133 1133 1133 1133 1133 1134 1134 1134 1134 1134 1134 1134 1135 1135 1135 1135 1135 1136 1136 1137 1137 1137 1138 1138 1138 1138 1139 1139 1139 1140 1140 1140 1140 1140 1140 1140 1141 1141 1141 1142 1142 1142 1142 1142 1143 1143 1143 1144 1144 1145 1145 1145 1145 1146 1146 1146 1146 1147 1148 1149 1149 1149 1150 1150 1150 1150 1151 1151 1152 1152 1153 1154 1154 1154 1154 1154 1157 1157 1158 1158 1160 1160 1160 1160 1161 1163 1163 1165 1165 1165 1166 1166 1166 1167 1167 1167 1168 1168 1169 1169 1169 1170 1170 1170 1170 1171 1172 1172 1172 1172 1173 1173 1174 1174 1176 1176 1176 1176 1176 1177 1177 1177 1179 1179 1181 1184 1184 1184 1185 1185 1185 1185 1186 1186 1187 1187 1189 1189 1189 1189 1189 1190 1190 1190 1191 1192 1192 1193 1193 1194 1194 1194 1195 1195 1196 1196 1196 1196 1196 1197 1198 1199 1199 1199 1200 1200 1200 1200 1200 1202 1202 1202 1203 1204 1205 1205 1205 1205 1207 1208 1208 1209 1209 1210 1210 1210 1211 1212 1212 1212 1212 1213 1213 1213 1214 1214 1214 1214 1216 1216 1216 1218 1221 1222 1222 1222 1222 1222 1223 1223 1223 1223 1225 1226 1227 1227 1227 1228 1228 1228 1230 1230 1231 1231 1231 1232 1232 1232 1233 1234 1234 1235 1237 1237 1238 1238 1239 1240 1240 1241 1242 1242 1243 1243 1243 1244 1244 1247 1247 1247 1249 1249 1251 1251 1252 1252 1252 1253 1253 1253 1253 1254 1255 1256 1257 1257 1260 1260 1262 1262 1262 1264 1264 1266 1266 1266 1266 1268 1270 1270 1270 1270 1274 1274 1275 1276 1277 1277 1278 1280 1280 1281 1282 1282 1282 1285 1286 1286 1286 1286 1287 1287 1287 1287 1288 1288 1288 1288 1288 1288 1289 1289 1289 1290 1290 1290 1291 1291 1292 1292 1292 1292 1292 1293 1293 1293 1293 1293 1294 1294 1294 1294 1294 1294 1295 1295 1296 1296 1296 1297 1297 1297 1297 1298 1298 1298 1298 1298 1299 1300 1300 1300 1300 1301 1301 1301 1301 1301 1303 1304 1304 1304 1304 1304 1304 1304 1305 1305 1305 1305 1305 1305 1306 1306 1306 1306 1306 1307 1309 1310 1311 1311 1311 1312 1312 1312 1313 1313 1314 1314 1314 1315 1315 1315 1316 1316 1316 1316 1317 1318 1319 1319 1319 1319 1319 1320 1320 1320 1321 1321 1322 1322 1322 1323 1323 1323 1324 1324 1324 1324 1324 1324 1325 1325 1326 1326 1326 1326 1327 1327 1327 1328 1328 1329 1329 1329 1330 1330 1330 1330 1331 1331 1331 1332 1332 1332 1332 1333 1333 1333 1333 1335 1335 1335 1335 1336 1336 1336 1337 1337 1337 1337 1337 1338 1339 1339 1339 1339 1340 1340 1340 1341 1343 1343 1344 1344 1344 1344 1345 1345 1345 1345 1346 1346 1346 1346 1346 1346 1347 1347 1348 1349 1349 1349 1349 1350 1350 1351 1351 1351 1351 1352 1352 1352 1353 1353 1353 1354 1354 1354 1354 1354 1355 1355 1355 1355 1356 1358 1358 1358 1358 1358 1359 1359 1359 1359 1359 1359 1359 1360 1360 1360 1360 1361 1361 1362 1362 1363 1363 1364 1366 1366 1366 1366 1366 1367 1368 1368 1368 1369 1369 1370 1370 1370 1371 1371 1373 1373 1373 1373 1373 1374 1374 1374 1374 1375 1375 1375 1378 1378 1378 1378 1379 1380 1381 1381 1382 1382 1382 1384 1385 1385 1385 1385 1386 1386 1387 1387 1387 1388 1389 1389 1390 1390 1390 1391 1391 1391 1391 1392 1392 1392 1392 1393 1393 1393 1394 1394 1394 1394 1395 1395 1397 1398 1398 1398 1398 1398 1398 1399 1399 1399 1400 1400 1400 1400 1401 1401 1402 1402 1402 1403 1403 1403 1404 1404 1405 1405 1405 1406 1406 1406 1406 1407 1407 1407 1408 1408 1409 1409 1409 1410 1410 1410 1411 1411 1411 1412 1412 1412 1413 1415 1415 1415 1416 1416 1416 1417 1418 1418 1418 1419 1419 1420 1420 1421 1422 1423 1424 1424 1424 1425 1425 1427 1428 1429 1429 1431 1432 1432 1432 1433 1434 1435 1435 1436 1436 1437 1438 1438 1438 1439 1439 1440 1441 1442 1442 1442 1443 1443 1443 1444 1446 1448 1450 1452 1456 1458 1460 1460 1460 1464 1464 1464 1464 1465 1465 1467 1467 1468 1468 1468 1471 1472 1472 1474 1474 1474 1474 1475 1475 1475 1475 1476 1476 1477 1477 1478 1478 1478 1479 1479 1479 1480 1480 1480 1480 1480 1480 1481 1482 1482 1482 1482 1483 1483 1483 1483 1484 1485 1485 1485 1485 1486 1486 1486 1487 1487 1487 1487 1487 1487 1488 1488 1488 1489 1490 1490 1490 1491 1491 1491 1491 1491 1492 1492 1493 1493 1493 1493 1494 1494 1494 1494 1495 1495 1495 1495 1496 1496 1496 1496 1496 1497 1497 1497 1497 1497 1498 1498 1498 1498 1498 1499 1499 1499 1500 1501 1501 1502 1502 1502 1503 1503 1504 1505 1505 1505 1506 1506 1506 1506 1506 1507 1507 1507 1507 1507 1507 1508 1508 1508 1509 1509 1509 1509 1509 1510 1510 1511 1511 1511 1513 1513 1513 1514 1515 1516 1516 1516 1516 1516 1517 1517 1517 1517 1517 1518 1518 1518 1518 1519 1520 1520 1520 1520 1520 1521 1521 1521 1521 1522 1522 1522 1523 1524 1524 1524 1524 1524 1526 1526 1527 1529 1529 1529 1531 1531 1531 1531 1532 1532 1533 1534 1534 1534 1535 1535 1536 1537 1537 1537 1538 1538 1538 1538 1539 1539 1539 1539 1540 1540 1540 1540 1540 1540 1541 1541 1541 1542 1542 1542 1544 1544 1544 1544 1544 1545 1545 1545 1545 1546 1546 1546 1546 1547 1548 1548 1548 1548 1548 1548 1548 1549 1550 1554 1554 1554 1555 1555 1555 1555 1555 1556 1556 1556 1556 1557 1557 1557 1557 1558 1559 1559 1559 1559 1559 1560 1560 1560 1560 1560 1561 1562 1562 1562 1563 1563 1563 1563 1563 1563 1564 1564 1564 1564 1565 1565 1565 1565 1567 1567 1568 1569 1569 1569 1569 1569 1570 1570 1570 1571 1571 1571 1572 1573 1575 1575 1575 1576 1576 1576 1577 1577 1577 1577 1578 1578 1579 1579 1580 1582 1582 1582 1583 1583 1583 1583 1583 1584 1584 1585 1585 1585 1585 1585 1586 1587 1589 1589 1590 1590 1590 1591 1591 1591 1591 1592 1593 1594 1594 1595 1596 1596 1598 1598 1599 1599 1599 1599 1601 1601 1601 1602 1602 1602 1602 1603 1603 1603 1605 1605 1606 1606 1608 1608 1609 1609 1610 1613 1614 1614 1614 1614 1614 1614 1615 1617 1617 1618 1618 1619 1620 1620 1620 1622 1622 1622 1622 1623 1624 1627 1627 1629 1629 1629 1630 1630 1630 1630 1631 1632 1632 1633 1633 1633 1635 1635 1636 1636 1637 1637 1638 1639 1639 1639 1641 1642 1642 1642 1642 1642 1643 1644 1644 1646 1646 1646 1646 1647 1647 1649 1649 1650 1650 1653 1653 1653 1654 1655 1655 1656 1656 1657 1658 1658 1658 1659 1659 1660 1661 1661 1662 1663 1663 1663 1665 1665 1665 1665 1667 1667 1668 1669 1672 1672 1672 1672 1673 1674 1674 1674 1676 1678 1678 1680 1681 1682 1682 1684 1684 1684 1686 1688 1688 1690 1691 1692 1692 1694 1697 1698 1700 1701 1701 1701 1702 1704 1704 1704 1705 1705 1706 1706 1706 1707 1707 1707 1708 1708 1708 1709 1709 1710 1710 1710 1711 1711 1713 1713 1714 1714 1714 1715 1716 1716 1718 1719 1719 1720 1721 1722 1722 1722 1723 1723 1724 1724 1724 1724 1727 1727 1728 1728 1728 1728 1729 1729 1730 1730 1730 1731 1731 1731 1732 1733 1734 1734 1734 1735 1735 1736 1737 1737 1737 1738 1738 1738 1738 1739 1739 1740 1740 1740 1741 1741 1742 1742 1743 1743 1743 1743 1744 1745 1745 1745 1747 1749 1749 1749 1750 1750 1751 1752 1752 1752 1754 1755 1756 1756 1757 1758 1759 1760 1761 1761 1761 1761 1762 1762 1763 1763 1763 1763 1764 1764 1765 1765 1766 1767 1767 1767 1768 1769 1770 1771 1773 1773 1773 1776 1776 1777 1778 1779 1779 1779 1780 1781 1782 1782 1783 1784 1784 1784 1787 1787 1788 1788 1789 1791 1791 1792 1792 1793 1793 1794 1794 1795 1796 1799 1799 1799 1800 1803 1804 1805 1806 1807 1809 1810 1810 1811 1813 1813 1814 1815 1816 1817 1818 1820 1821 1824 1827 1830 1832 1837 1837 1839 1841
</DataArray>
        <DataArray type="Int64" Name="particle_2" NumberOfComponents="1" format="ascii">
94 254 316 101 51 226 92 124 85 81 50 190 74 54 173 197 108 154 97 31 173 205 123 271 103 402 236 590 55 71 399 288 236 164 199 83 21 110 71 225 343 22 51 112 110 68 162 140 109 52 53 67 78 64 151 150 229 275 402 125 128 193 250 69 189 399 228 323 171 258 349 626 200 97 34 161 180 39 64 193 103 103 91 292 397 126 72 85 296 227 413 342 228 323 305 290 151 191 320 254 411 124 311 241 43 63 222 95 52 101 343 411 192 415 131 53 113 50 74 39 67 107 193 179 163 158 141 154 355 331 38 178 283 254 373 398 195 257 128 340 331 364 281 78 110 127 123 68 388 182 136 138 176 68 45 162 314 84 164 132 87 278 61 148 120 245 135 99 157 135 57 60 194 184 179 167 84 200 237 220 166 109 252 129 189 137 190 98 198 111 173 264 287 189 137 271 356 422 326 267 82 289 378 117 260 89 68 289 316 222 353 68 230 264 219 211 370 182 348 210 235 129 137 103 71 197 83 163 162 182 80 199 83 227 139 252 173 161 77 138 85 293 83 296 142 323 111 90 88 403 136 145 299 290 80 138 152 399 201 319 282 137 95 195 127 123 126 340 260 355 170 109 94 357 185 254 194 299 189 183 164 115 340 132 129 126 116 359 145 107 193 146 208 314 124 372 471 322 318 145 147 118 120 101 161 205 219 201 406 154 200 139 114 116 147 170 357 264 175 120 185 117 139 184 107 229 318 278 324 246 308 309 217 166 109 198 163 125 380 121 166 113 206 139 252 175 230 112 202 140 120 197 189 154 331 172 350 160 159 135 200 172 388 182 245 317 130 143 200 193 146 162 185 289 487 167 257 404 138 128 394 388 194 140 143 150 149 308 347 218 159 184 150 290 296 152 413 195 141 359 403 138 206 199 166 190 198 148 367 248 404 380 151 274 342 402 635 343 287 219 373 375 403 186 157 380 308 168 240 367 229 243 347 299 278 274 153 340 171 221 356 174 422 175 245 159 184 318 192 178 282 579 186 194 299 404 368 326 244 197 378 340 227 355 281 327 198 219 388 358 290 231 212 228 415 258 205 349 198 252 230 201 318 271 358 321 297 343 236 292 306 206 198 403 231 415 240 225 271 323 236 341 230 296 260 328 211 339 287 375 303 541 644 442 571 297 235 392 256 428 214 375 288 231 396 250 273 369 475 392 584 493 576 435 222 235 428 617 346 268 440 374 236 366 408 262 529 428 333 421 382 445 534 592 418 718 550 566 579 395 558 511 365 459 330 506 308 347 330 634 264 339 262 569 618 293 268 314 322 623 381 295 450 512 289 471 311 401 317 237 343 411 331 364 305 280 319 380 273 254 411 265 440 247 492 286 553 442 390 612 277 594 479 577 469 297 300 262 397 321 372 626 351 387 630 309 478 562 625 393 318 243 246 487 370 617 259 538 298 377 598 522 604 278 267 486 482 324 302 309 569 618 514 576 573 415 281 327 521 558 263 404 356 269 347 273 390 291 288 358 297 405 333 283 280 282 558 372 633 286 394 260 283 339 370 501 307 355 426 406 395 501 584 362 417 473 287 413 284 294 433 490 385 284 326 376 450 582 374 546 369 397 358 315 519 544 292 321 372 475 569 347 368 296 413 284 320 402 412 370 311 335 594 390 291 634 485 295 599 337 373 339 301 364 582 426 395 579 315 533 368 590 321 486 312 471 618 538 593 334 343 366 328 314 300 475 485 409 346 346 582 336 490 562 518 299 321 594 577 402 341 590 488 375 641 307 347 309 548 412 542 335 479 404 308 342 336 601 366 487 617 501 352 508 534 577 326 506 384 333 435 516 398 542 368 485 482 493 529 525 410 386 581 543 596 317 385 631 612 398 348 366 601 377 338 548 384 392 633 399 342 408 338 548 521 362 605 439 330 381 626 411 426 633 528 526 462 485 358 486 360 499 542 538 401 533 389 383 619 632 517 403 338 406 383 463 635 533 383 377 529 501 596 506 381 603 537 413 364 402 372 579 626 540 357 546 626 630 470 623 401 631 383 619 503 427 404 369 486 384 376 400 365 534 551 695 389 472 531 623 401 633 542 414 541 406 522 508 399 426 529 415 380 470 579 406 641 569 440 539 461 395 525 440 490 497 461 443 404 450 537 414 421 635 408 632 463 527 548 478 463 407 664 581 540 535 551 394 582 601 539 635 427 584 409 493 658 519 585 602 457 521 637 608 401 482 527 465 466 561 527 466 488 427 514 567 658 601 525 599 557 529 618 487 631 562 634 515 466 499 839 710 813 605 495 551 566 489 547 523 836 851 698 476 559 825 761 963 844 661 738 593 821 655 686 643 554 622 685 617 463 488 438 599 623 546 630 448 778 627 842 658 616 624 806 468 646 827 681 574 530 771 677 533 619 544 497 591 580 509 839 854 786 493 574 628 629 784 838 764 602 498 709 760 655 458 503 547 598 581 449 574 628 640 479 553 483 448 608 578 555 719 836 679 754 744 462 727 589 502 554 826 522 695 474 500 451 455 628 485 465 573 526 586 606 662 688 467 607 732 757 638 756 690 566 645 823 828 459 473 628 510 792 649 568 643 588 619 612 611 565 604 695 820 753 830 656 710 472 528 586 553 621 752 512 792 820 649 561 765 495 494 580 509 751 587 645 487 517 578 765 507 535 501 492 596 481 590 488 836 679 823 750 675 612 492 481 587 646 536 759 744 846 722 577 718 778 486 620 587 571 484 638 586 572 685 662 627 693 672 620 600 618 642 735 823 750 512 600 643 589 502 617 501 620 524 524 597 557 616 564 671 507 755 607 578 505 688 608 578 789 817 727 543 563 530 522 825 748 698 619 632 514 581 668 806 530 531 797 507 613 562 634 625 578 531 718 827 751 781 799 551 628 735 640 641 792 597 589 619 517 611 584 543 658 541 526 572 817 528 790 622 599 565 523 805 637 570 645 638 595 739 601 691 825 636 851 527 817 649 591 598 593 573 790 586 642 614 771 536 560 632 532 664 605 719 574 607 631 630 806 606 654 560 639 589 542 582 558 542 633 553 612 611 790 586 665 582 599 565 567 636 624 806 771 559 759 592 557 805 624 671 583 614 575 661 683 765 821 742 768 574 607 848 658 624 802 684 771 847 796 820 659 591 782 612 585 576 806 606 790 763 570 797 599 613 668 624 597 805 698 769 593 585 611 691 644 587 572 638 818 588 584 593 616 592 659 669 853 786 681 673 669 642 685 602 691 760 792 753 817 782 644 752 778 739 717 787 681 614 600 649 632 664 600 805 632 691 625 681 768 639 800 611 821 839 799 737 850 813 667 755 736 797 709 789 631 664 797 715 836 681 621 734 659 656 798 804 853 790 704 763 692 712 658 836 693 651 739 667 848 681 735 783 813 635 797 761 725 679 778 662 781 846 767 750 721 691 825 778 806 827 751 846 696 796 859 931 988 964 1042 887 659 845 985 910 988 1009 946 969 662 665 672 767 824 756 705 758 1000 723 724 910 725 655 775 714 734 662 842 824 844 671 769 1048 853 767 831 716 1059 806 683 855 711 1022 957 730 665 699 1016 874 668 712 781 810 1048 684 879 863 977 768 719 836 701 688 775 896 1000 685 749 954 698 769 957 879 1058 912 1206 989 823 803 696 829 899 1052 736 794 849 833 734 696 812 742 777 732 714 785 754 804 689 883 1031 775 1000 1012 857 880 826 751 759 745 852 742 745 708 977 843 789 775 853 700 772 739 1049 1024 808 709 727 712 799 737 831 832 764 881 942 1000 982 748 957 802 879 809 977 1085 864 853 863 832 819 831 977 978 957 879 809 1055 894 713 774 970 974 973 718 735 719 715 818 859 1001 946 969 1045 744 889 708 809 873 822 733 1010 789 761 765 948 1053 1126 915 852 799 828 773 899 761 797 788 990 892 842 1052 1049 807 752 771 808 869 858 895 838 795 780 796 873 859 732 1012 905 902 757 794 1000 982 910 797 761 732 899 988 866 1040 763 839 796 824 917 826 769 1048 855 835 961 738 948 1055 791 869 917 775 928 926 848 777 794 795 854 956 998 785 957 814 1063 824 816 776 843 917 1086 1028 930 846 767 928 816 803 796 1052 1001 933 771 758 846 873 816 767 749 791 954 808 766 858 826 810 850 954 788 773 831 778 823 803 769 830 758 905 757 777 800 794 954 791 808 800 896 818 845 859 889 809 873 851 956 1060 847 881 812 791 990 1086 868 776 1027 857 1064 870 1003 971 780 964 970 828 1024 911 1027 840 791 794 849 985 833 988 1009 882 829 931 988 964 831 823 838 829 800 794 845 1018 985 809 798 828 1024 850 956 919 1060 827 824 1049 963 844 985 1018 931 842 1001 854 1003 810 818 992 1063 943 1064 1007 909 809 842 835 1049 1005 835 885 1035 813 844 840 992 943 942 880 934 959 1246 831 935 847 845 1031 978 981 898 905 926 966 846 1058 892 931 1026 1042 902 889 999 862 1052 869 974 913 996 1018 854 867 992 998 892 981 1030 1061 928 1045 930 1013 1267 867 859 910 942 982 852 1048 1003 945 889 962 926 960 959 993 868 907 1182 926 1023 987 1186 1209 918 1182 1092 1178 1046 1004 929 961 883 978 977 1010 1175 1021 1095 1261 1092 906 893 1250 1002 1226 1027 1020 1086 877 895 1203 1024 996 895 1020 960 1050 1067 1226 1284 1221 1268 1006 924 1123 1103 1217 1161 978 898 1005 1045 930 1025 1042 1191 987 1088 1014 886 918 1095 891 1183 991 1066 1055 984 951 1015 988 982 1029 1144 1016 1215 916 1218 1271 1022 1126 1035 1059 1060 1030 1089 1088 1038 1188 1208 1130 932 1194 910 914 1043 1179 939 915 1263 900 1058 998 981 1030 964 1040 1038 1063 905 909 1036 901 983 1157 942 1086 901 941 1031 1102 1068 916 933 1105 1263 944 1079 1242 917 930 996 1195 1000 910 962 951 1089 1095 1204 983 1157 968 1181 1139 1034 992 988 1162 1008 983 1182 967 926 946 966 1013 1037 1065 999 1056 927 1006 1054 978 935 1021 916 1044 983 968 984 1111 1019 1225 975 1285 1053 1219 1126 949 986 944 1001 1060 979 997 954 990 1060 993 975 1084 1112 1184 1186 1469 1111 1006 1192 1285 1114 950 1074 1011 1148 1151 1072 1026 1042 925 1175 1021 944 1237 1085 1036 927 1175 1006 1263 946 1053 939 1198 1001 966 975 958 1084 1101 953 1041 1188 1267 1194 1180 1171 1149 969 1057 982 1026 1029 977 1058 978 1033 1028 1007 1039 1050 1207 960 1007 984 1111 1077 1254 939 1016 1021 1055 1022 1085 1105 1033 1175 1013 1208 1206 1159 1236 1054 948 1020 1053 1032 1219 955 1245 957 1022 1004 1088 1279 1284 1155 963 1039 1198 972 1215 1051 1245 1074 984 1019 1057 996 1128 1065 1208 1217 1273 1053 1007 1039 1056 1198 1046 1175 1217 1047 1077 1022 1016 982 1009 1029 1096 997 1166 1428 1036 1013 1334 996 973 1153 1057 1040 1068 1115 1207 1167 1109 1052 1057 1040 1019 1101 1230 1041 1152 1221 1030 1061 1096 1246 1144 1087 1030 986 985 1026 1064 1115 989 1074 1144 1002 1283 1030 1156 1121 994 1198 1079 1206 1156 1106 1196 1248 1188 1025 1195 1236 1194 1089 1003 1064 1111 1005 1078 1226 1117 1009 1019 1084 1078 1057 1192 1101 1064 1032 1056 1057 1037 1036 1033 1175 1013 1115 1074 1224 1064 1188 1065 1088 1239 1283 1147 1029 1047 1105 1102 1195 1083 1197 1029 1023 1064 1218 1055 1144 1078 1250 1067 1269 1083 1206 1144 1043 1089 1215 1197 1256 1215 1051 1046 1188 1152 1230 1186 1137 1162 1062 1112 1122 1218 1156 1106 1111 1246 1225 1094 1108 1245 1265 1055 1250 1059 1086 1159 1115 1096 1272 1275 1462 1164 1079 1250 1078 1226 1164 1115 1117 1269 1186 1190 1268 1072 1228 1240 1431 1381 1282 1271 1365 1328 1356 1241 1233 1087 1462 1259 1141 1156 1148 1118 1138 1433 1142 1427 1294 1225 1154 1084 1164 1183 1276 1264 1222 1439 1303 1470 1572 1197 1139 1238 1256 1216 1276 1200 1090 1325 1153 1221 1186 1159 1191 1117 1159 1104 1313 1440 1277 1430 1347 1212 1327 1456 1291 1616 1203 1244 1123 1273 1136 1104 1278 1220 1383 1159 1203 1121 1248 1201 1245 1151 1282 1240 1121 1148 1224 1202 1342 1473 1141 1211 1290 1352 1501 1386 1103 1217 1445 1134 1127 1217 1215 1192 1276 1255 1180 1365 1278 1183 1156 1136 1271 1365 1201 1428 1308 1183 1264 1152 1128 1181 1179 1129 1281 1160 1143 1169 1144 1275 1184 1280 1396 1325 1254 1220 1187 1210 1120 1121 1120 1167 1414 1270 1226 1193 1132 1376 1459 1269 1221 1266 1238 1274 1207 1167 1336 1201 1267 1206 1136 1229 1175 1161 1136 1261 1197 1171 1172 1455 1247 1679 1357 1445 1153 1221 1258 1462 1473 1164 1186 1273 1190 1266 1149 1283 1193 1158 1423 1279 1199 1202 1308 1241 1364 1353 1445 1168 1278 1174 1146 1375 1373 1372 1256 1216 1243 1173 1255 1229 1273 1143 1278 1221 1238 1372 1367 1153 1181 1372 1185 1310 1277 1463 1249 1298 1327 1281 1473 1260 1180 1365 1356 1249 1176 1230 1380 1174 1162 1191 1307 1318 1572 1471 1356 1295 1458 1449 1155 1342 1273 1231 1463 1178 1244 1428 1234 1265 1228 1250 1279 1195 1254 1272 1383 1179 1258 1195 1203 1259 1165 1383 1210 1252 1214 1237 1199 1165 1303 1341 1296 1178 1248 1251 1276 1235 1200 1232 1295 1170 1322 1519 1281 1380 1309 1352 1185 1334 1244 1277 1299 1299 1343 1574 1309 1295 1463 1458 1588 1404 1423 1341 1386 1225 1254 1376 1283 1259 1209 1229 1196 1204 1437 1469 1232 1192 1445 1220 1383 1210 1414 1388 1209 1307 1231 1239 1263 1207 1284 1303 1269 1238 1310 1203 1261 1204 1365 1202 1251 1321 1203 1207 1222 1459 1384 1336 1313 1377 1227 1262 1248 1321 1253 1261 1261 1234 1212 1360 1616 1220 1236 1229 1283 1436 1357 1336 1388 1259 1277 1299 1422 1450 1240 1233 1427 1445 1388 1379 1322 1277 1299 1347 1255 1376 1284 1268 1303 1384 1433 1233 1364 1353 1395 1272 1279 1325 1315 1679 1257 1455 1431 1285 1281 1232 1318 1426 1273 1469 1380 1308 1251 1422 1280 1276 1302 1310 1430 1259 1271 1342 1321 1245 1264 1369 1293 1312 1334 1422 1257 1396 1338 1321 1320 1437 1253 1388 1317 1322 1428 1447 1457 1441 1357 1282 1334 1264 1265 1469 1423 1412 1664 1671 1302 1396 1268 1310 1274 1318 1307 1414 1377 1466 1592 1367 1408 1281 1280 1437 1430 1295 1396 1289 1469 1302 1455 1325 1357 1317 1322 1397 1532 1384 1452 1451 1612 1292 1349 1398 1460 1525 1475 1377 1331 1338 1519 1397 1311 1552 1343 1572 1368 1471 1453 1403 1367 1452 1471 1552 1530 1421 1458 1390 1515 1675 1549 1463 1449 1303 1340 1553 1374 1526 1666 1700 1318 1430 1588 1368 1456 1334 1572 1442 1361 1619 1612 1471 1530 1696 1523 1467 1568 1515 1604 1549 1483 1468 1632 1309 1373 1426 1522 1586 1405 1533 1392 1358 1419 1335 1433 1519 1318 1386 1669 1371 1347 1362 1348 1336 1379 1362 1625 1634 1377 1331 1476 1447 1353 1444 1446 1473 1561 1438 1638 1333 1415 1630 1389 1486 1581 1365 1447 1363 1519 1574 1588 1536 1640 1470 1340 1612 1361 1651 1550 1455 1421 1450 1616 1350 1699 1437 1588 1536 1455 1431 1423 1597 1512 1643 1409 1529 1632 1377 1592 1410 1592 1410 1613 1725 1444 1581 1531 1609 1532 1542 1497 1516 1445 1412 1379 1420 1568 1477 1413 1498 1610 1648 1444 1415 1595 1384 1612 1553 1432 1348 1695 1448 1535 1359 1493 1381 1427 1355 1535 1424 1477 1492 1514 1500 1649 1367 1552 1402 1492 1514 1649 1525 1441 1638 1566 1640 1618 1692 1423 1399 1543 1457 1648 1461 1426 1449 1382 1689 1453 1421 1431 1411 1675 1421 1454 1420 1542 1409 1413 1411 1417 1407 1573 1483 1657 1680 1447 1581 1438 1446 1432 1681 1416 1523 1388 1607 1366 1389 1675 1611 1444 1566 1430 1561 1404 1489 1376 1452 1699 1465 1658 1394 1626 1375 1426 1449 1420 1689 1536 1489 1526 1593 1379 1671 1481 1394 1506 1401 1715 1454 1469 1395 1448 1463 1449 1561 1451 1610 1528 1411 1652 1387 1597 1543 1600 1394 1429 1447 1427 1440 1679 1481 1429 1607 1393 1419 1574 1532 1586 1580 1664 1454 1435 1597 1401 1676 1626 1648 1535 1575 1453 1442 1492 1619 1596 1602 1426 1467 1543 1448 1406 1748 1484 1512 1676 1695 1634 1621 1456 1552 1593 1424 1514 1425 1442 1492 1648 1587 1484 1579 1675 1566 1590 1430 1552 1476 1551 1606 1610 1643 1652 1610 1464 1515 1414 1429 1533 1555 1446 1595 1465 1552 1547 1526 1528 1604 1549 1514 1504 1691 1574 1586 1679 1434 1467 1481 1689 1486 1561 1512 1675 1457 1466 1533 1528 1512 1553 1472 1451 1441 1592 1510 1469 1439 1447 1536 1545 1637 1467 1561 1671 1461 1512 1506 1608 1553 1472 1550 1587 1638 1528 1616 1530 1536 1486 1620 1593 1686 1476 1515 1643 1483 1656 1703 1470 1512 1549 1500 1692 1547 1597 1676 1695 1699 1658 1621 1596 1625 1660 1653 1671 1643 1670 1662 1808 1494 1562 1558 1529 1503 1563 1835 1784 1752 1711 1846 1604 1598 1821 1665 1721 1627 1678 1726 1590 1685 1677 1772 1739 1589 1611 1514 1640 1623 1850 1746 1705 1838 1809 1696 1547 1495 1514 1627 1529 1683 1546 1614 1742 1788 1841 1670 1602 1535 1680 1845 1644 1676 1608 1619 1819 1594 1523 1518 1537 1617 1641 1663 1701 1804 1628 1691 1693 1513 1798 1568 1606 1500 1632 1554 1603 1785 1694 1802 1519 1522 1579 1685 1824 1758 1589 1551 1845 1682 1774 1543 1600 1605 1670 1608 1526 1625 1570 1634 1635 1702 1677 1529 1674 1712 1829 1655 1661 1713 1677 1529 1669 1693 1645 1693 1516 1645 1620 1675 1580 1558 1673 1541 1786 1584 1660 1635 1583 1794 1599 1624 1687 1829 1532 1786 1747 1576 1766 1757 1600 1527 1786 1715 1543 1575 1580 1530 1525 1660 1701 1615 1834 1695 1666 1766 1613 1551 1623 1566 1587 1845 1682 1607 1628 1574 1676 1681 1539 1566 1587 1616 1625 1702 1687 1715 1576 1667 1822 1842 1712 1562 1716 1845 1603 1659 1827 1756 1843 1717 1747 1776 1551 1606 1558 1573 1683 1726 1690 1785 1616 1695 1699 1666 1688 1849 1752 1812 1625 1662 1732 1802 1758 1585 1578 1825 1611 1654 1555 1662 1732 1580 1605 1673 1617 1557 1645 1747 1789 1720 1617 1786 1668 1642 1691 1829 1684 1729 1713 1823 1621 1821 1631 1849 1790 1572 1667 1733 1718 1686 1795 1622 1615 1629 1730 1802 1825 1780 1601 1727 1704 1813 1740 1674 1771 1671 1798 1747 1741 1707 1789 1666 1621 1800 1656 1704 1848 1696 1652 1600 1580 1693 1715 1760 1818 1602 1795 1578 1701 1617 1787 1587 1595 1605 1683 1773 1836 1584 1701 1655 1763 1713 1596 1829 1750 1705 1764 1754 1792 1670 1644 1717 1751 1618 1845 1603 1657 1748 1769 1797 1664 1625 1612 1654 1656 1651 1641 1658 1703 1651 1654 1793 1829 1761 1805 1768 1608 1617 1662 1641 1850 1639 1847 1786 1663 1673 1623 1670 1663 1640 1633 1679 1664 1635 1729 1800 1794 1775 1790 1660 1670 1663 1845 1750 1681 1637 1649 1686 1682 1827 1698 1647 1739 1712 1643 1650 1753 1688 1801 1637 1656 1682 1753 1702 1678 1732 1692 1686 1697 1660 1702 1726 1769 1666 1697 1699 1850 1827 1709 1819 1840 1787 1825 1810 1817 1650 1659 1774 1712 1736 1831 1723 1727 1799 1692 1802 1725 1683 1702 1829 1729 1842 1793 1819 1774 1727 1748 1666 1688 1821 1680 1685 1686 1733 1716 1802 1715 1668 1760 1753 1752 1796 1814 1743 1719 1840 1693 1691 1677 1772 1717 1758 1683 1746 1820 1808 1690 1850 1694 1842 1774 1727 1687 1829 1736 1795 1753 1800 1746 1798 1750 1698 1837 1700 1754 1801 1780 1834 1763 1729 1774 1759 1737 1739 1758 1751 1806 1783 1741 1776 1783 1817 1734 1778 1768 1828 1771 1724 1806 1730 1835 1807 1833 1814 1721 1812 1808 1718 1831 1770 1749 1844 1766 1849 1761 1778 1777 1823 1765 1739 1746 1820 1781 1753 1796 1794 1839 1735 1812 1775 1745 1795 1754 1834 1806 1810 1792 1850 1819 1804 1818 1844 1745 1742 1823 1824 1826 1744 1746 1809 1836 1781 1838 1806 1826 1799 1744 1772 1751 1775 1790 1760 1818 1844 1770 1759 1794 1807 1816 1840 1757 1822 1844 1850 1802 1755 1846 1762 1812 1835 1771 1847 1828 1832 1776 1796 1819 1834 1784 1778 1811 1796 1846 1804 1778 1833 1777 1850 1782 1807 1777 1822 1785 1769 1815 1805 1791 1833 1772 1785 1809 1815 1840 1783 1811 1780 1797 1824 1826 1787 1838 1838 1809 1840 1801 1811 1839 1804 1818 1812 1841 1832 1797 1837 1838 1805 1819 1829 1801 1807 1802 1803 1835 1828 1846 1801 1814 1819 1817 1810 1811 1847 1825 1817 1839 1827 1826 1848 1847 1823 1830 1830 1836 1849 1843 1835 1840 1840 1847 1843 1846 1849
</DataArray>
        <DataArray type="Float64" Name="center_distance" NumberOfComponents="1" format="ascii">
0.00159987124663 0.00159956499914 0.00159979022673 0.00159903717927 0.00159941774982 0.00159993046198 0.00159934759256 0.00159995884019 0.00159942025694 0.00159941528644 0.00159948048009 0.00159993087105 0.00159946869132 0.00159973400758 0.00159935601127 0.00159960817079 0.00159936957072 0.00159949782479 0.00159953997869 0.00159953510821 0.0015999420306 0.00159939284793 0.0015995836242 0.00159984843704 0.00159870821531 0.00159935687209 0.00159904720957 0.00159945031936 0.00159985042803 0.00159990571495 0.00159957470184 0.00159956839371 0.00159937480669 0.00159956451216 0.00159932684119 0.00159972088835 0.00159946917401 0.00159952014307 0.00159992846545 0.0015995843107 0.00159923616262 0.00159974161664 0.00159950046495 0.00159901666354 0.00159969950724 0.00159965506753 0.00159902596707 0.00159944548488 0.00159979645764 0.00159919140145 0.00159982876437 0.00159990625015 0.00159983907522 0.00159969209993 0.00159860672895 0.00159941751188 0.00159882031551 0.00159977208796 0.00159931551202 0.0015997998476 0.00159943329075 0.00159938502259 0.00159922879642 0.00159896576466 0.00159995648805 0.00159911556699 0.00159983439059 0.00159967846452 0.00159937745677 0.00159965971959 0.00159953831078 0.00159942338158 0.0015990542984 0.00159998108057 0.00159945751408 0.00159924500386 0.00159928132045 0.00159954528485 0.00159986244373 0.0015995843407 0.00159941879479 0.00159962570295 0.00159995828605 0.00159969255955 0.00159978394872 0.00159959226769 0.00159980173366 0.00159956774839 0.00159915757406 0.00159936198963 0.00159944741903 0.0015993978593 0.00159917871948 0.00159984840231 0.00159959097002 0.00159976399704 0.00159890384667 0.00159888195564 0.00159972181072 0.00159953310321 0.00159973487004 0.00159986792689 0.00159970364861 0.0015995963746 0.00159958559386 0.00159977466135 0.00159972390662 0.00159977459928 0.00159960958424 0.00159934871657 0.00159938067252 0.00159945551075 0.00159951147882 0.00159979047978 0.00159903789345 0.00159998510383 0.00159977292397 0.00159962027672 0.00159974312225 0.00159978490448 0.00159993429976 0.00159853008392 0.00159859077467 0.00159954745579 0.00159983721066 0.00159975669072 0.00159918968043 0.00159951203104 0.00159959374371 0.00159982160654 0.00159948611761 0.00159970668166 0.00159986927103 0.00159943027931 0.00159941300505 0.00159942057701 0.00159992117845 0.00159969351435 0.00159965855839 0.00159915782604 0.00159933237464 0.00159967976706 0.00159902308149 0.00159981935699 0.00159956150889 0.00159952449803 0.00159898560892 0.00159987253375 0.00159968526353 0.00159934551034 0.00159999599274 0.00159971652502 0.00159972672226 0.00159962617255 0.00159975658238 0.00159956983636 0.00159950983986 0.00159968673226 0.00159974862992 0.00159956929607 0.00159991652226 0.00159966446365 0.00159985837227 0.00159974894066 0.00159993020321 0.00159996287003 0.00159994862476 0.00159962277376 0.00159898430343 0.00159987186541 0.00159984852081 0.00159913920278 0.0015996284721 0.00159934679139 0.00159990668722 0.00159968892797 0.00159952647727 0.00159903459646 0.00159945771883 0.00159930823399 0.00159938431034 0.00159944928658 0.0015989920321 0.00159986867959 0.00159965651861 0.00159971391346 0.00159965584543 0.00159899760337 0.00159935741075 0.00159962188271 0.00159944982546 0.00159949848763 0.00159956843001 0.00159978716869 0.00159996894422 0.00159979652931 0.00159925884266 0.00159995978212 0.00159976843142 0.00159932594212 0.00159967886731 0.00159969150648 0.00159991556735 0.00159995778356 0.00159994028602 0.00159975937074 0.00159915637251 0.00159950884837 0.00159965442201 0.00159925974413 0.00159950330894 0.00159962447826 0.00159933060346 0.0015994292442 0.00159962282952 0.00159963265751 0.00159914101099 0.00159906097132 0.00159923320625 0.00159937539783 0.00159965163282 0.00159993501239 0.0015996905032 0.00159959266864 0.00159987393763 0.00159947152957 0.00159919513299 0.00159993003598 0.00159939275511 0.00159951770502 0.00159909109553 0.00159950869575 0.00159989171945 0.00159992298387 0.00159939664893 0.00159922907362 0.00159925932124 0.00159894980202 0.0015991520726 0.00159921146728 0.00159934855988 0.00159941056243 0.00159906535018 0.00159982162907 0.00159925677997 0.00159952862303 0.00159957084948 0.00159954273321 0.00159944635766 0.00159976067799 0.0015992770264 0.00159957922259 0.00159917485919 0.001599631058 0.00159944699773 0.00159989438235 0.00159946952045 0.00159936465347 0.0015996415992 0.00159933055001 0.00159981174461 0.00159984704554 0.00159975145636 0.00159976999094 0.00159984557444 0.00159961577448 0.00159968396257 0.00159925735266 0.00159945780438 0.0015996459252 0.00159927654472 0.00159947134778 0.00159940228509 0.00159956162018 0.00159942240939 0.00159950333995 0.00159949315262 0.00159939587507 0.00159953945281 0.00159972791693 0.00159952910752 0.00159987374564 0.00159925678005 0.00159994516833 0.00159989653831 0.00159964631819 0.00159977261895 0.00159991142922 0.00159978701414 0.00159990534839 0.00159988630874 0.00159994370019 0.00159990888155 0.00159969001991 0.00159978032101 0.00159935893114 0.00159965618856 0.00159968021651 0.00159953842612 0.00159949607584 0.00159973271832 0.0015999571048 0.00159977853469 0.00159995396262 0.00159949846272 0.00159931078082 0.00159946152987 0.00159958896926 0.00159934222587 0.00159971139595 0.00159960974045 0.00159942557325 0.00159990217571 0.00159979978185 0.00159983041725 0.00159961120277 0.00159984136723 0.00159961793039 0.00159866706805 0.00159969507127 0.00159960224937 0.00159996944015 0.00159995584076 0.00159943926806 0.00159864507881 0.0015992339375 0.00159980557455 0.00159959805842 0.0015999094148 0.00159950071319 0.00159934981357 0.00159954482851 0.00159976011517 0.00159950252428 0.00159947724736 0.00159937019665 0.00159945407891 0.00159896031276 0.00159905310216 0.00159946882201 0.00159945038126 0.00159927827197 0.00159950462568 0.00159945761856 0.00159947491574 0.00159920508057 0.00159919584867 0.00159972454239 0.00159950000381 0.00159942019962 0.00159958277545 0.00159946237684 0.00159951288131 0.00159982658466 0.00159925303387 0.00159992892894 0.00159993120079 0.00159987164805 0.00159986723583 0.00159988304823 0.0015999654546 0.00159996895063 0.00159993638526 0.0015999382475 0.00159995234772 0.00159957371451 0.00159984756724 0.00159967473879 0.00159932184767 0.00159901236654 0.00159991556946 0.00159950220103 0.00159940389791 0.00159967354709 0.00159943340019 0.00159964862463 0.00159912025133 0.00159956363084 0.00159956444911 0.00159942326293 0.00159999177858 0.00159968881302 0.00159996181698 0.00159987822277 0.0015996059898 0.00159989857709 0.00159952864426 0.0015999716908 0.00159932818672 0.00159948257086 0.00159942443399 0.00159952260152 0.00159937206719 0.00159968077825 0.00159965464071 0.00159941876822 0.00159963335544 0.00159976769185 0.00159925428612 0.00159994044291 0.00159958457996 0.00159927519871 0.00159963892579 0.00159919992437 0.00159941780529 0.00159957629784 0.00159952303709 0.00159974230237 0.00159942505231 0.00159923572807 0.00159930215608 0.00159922959885 0.00159915991894 0.00159982352324 0.00159928446846 0.00159901257012 0.00159931145558 0.00159948950818 0.00159962853451 0.00159957202703 0.00159942884313 0.00159943714678 0.00159976556867 0.00159997347704 0.00159967859811 0.00159918508479 0.00159966541129 0.00159929304464 0.00159907158565 0.00159927688985 0.00159977194739 0.00159992267381 0.00159916814224 0.00159861735135 0.00159942083185 0.00159948285016 0.00159924747196 0.00159985726882 0.00159925363591 0.00159989900493 0.00159976874082 0.0015997682131 0.0015999233186 0.00159904954864 0.00159992042564 0.00159997448981 0.00159977062412 0.0015994543958 0.00159936523195 0.00159933681247 0.00159971149822 0.0015988945724 0.00159869194056 0.00159989066246 0.0015986272486 0.00159964421962 0.00159960739745 0.00159938703006 0.001599608299 0.00159917621116 0.00159964591148 0.00159915057245 0.0015993510873 0.00159939709705 0.00159923938326 0.00159971978117 0.0015997490818 0.00159956949182 0.001599588096 0.00159954894239 0.00159969369614 0.0015996559481 0.0015996375514 0.00159930578061 0.00159960086723 0.00159973449265 0.0015993685553 0.00159945660249 0.00159977008831 0.00159990334674 0.0015999075901 0.00159975393295 0.00159933338691 0.00159952385602 0.00159916888424 0.00159948175102 0.00159933134903 0.00159955031098 0.00159955215367 0.00159978517909 0.00159959715985 0.00159972821441 0.00159968436111 0.00159958277254 0.00159931669385 0.00159982420421 0.00159955736133 0.00159882418297 0.00159960210967 0.00159968503887 0.00159988551813 0.0015996573962 0.0015991513097 0.00159935032967 0.00159912304289 0.00159980178982 0.00159968437027 0.00159982226329 0.00159999616233 0.00159952179476 0.00159980689473 0.00159935510808 0.00159989466401 0.00159946764424 0.00159954321557 0.00159966259258 0.0015993506682 0.00159933823768 0.00159919833986 0.00159971696388 0.00159927628592 0.00159922635641 0.0015994167641 0.0015997645054 0.00159979665533 0.00159978980544 0.00159977400965 0.00159993300636 0.00159955094849 0.00159933570402 0.00159954301624 0.00159949894314 0.00159971129484 0.00159993841419 0.00159947908793 0.00159968079676 0.00159960123077 0.00159956157021 0.00159982142604 0.00159960775858 0.00159987239853 0.0015998506332 0.00159953223061 0.00159975384732 0.00159959431695 0.00159971156652 0.0015997590217 0.00159946193483 0.00159936461214 0.00159920732987 0.00159998346527 0.00159935878804 0.00159982541915 0.00159975940427 0.00159940590035 0.00159931349063 0.00159999202605 0.00159985033563 0.00159909783618 0.00159957020938 0.00159947901264 0.00159934155921 0.00159924458697 0.00159937549228 0.00159931426546 0.00159961347321 0.00159970767819 0.00159966553048 0.00159949847035 0.00159964343563 0.00159966482687 0.00159971007355 0.00159957749585 0.00159970730824 0.0015994834821 0.00159991893289 0.00159994720879 0.00159964711015 0.00159959329389 0.00159976927887 0.001599475182 0.00159939882208 0.0015997237497 0.00159953401107 0.00159959135879 0.00159960940211 0.00159971529372 0.00159981102225 0.00159956083563 0.00159899304969 0.00159992689204 0.0015999483856 0.0015995028272 0.00159974281473 0.00159961677597 0.00159994506313 0.00159932593991 0.00159902211498 0.00159951247895 0.00159935291188 0.00159925655968 0.00159911687316 0.00159950132372 0.00159934882105 0.00159919554118 0.00159903279894 0.00159938218966 0.00159928249133 0.00159992304813 0.00159973918011 0.0015997556741 0.00159971682172 0.00159984488494 0.00159976278298 0.00159973847482 0.00159937240516 0.00159925816364 0.00159946289962 0.00159990976456 0.00159933773508 0.00159930126651 0.00159943680586 0.00159959225886 0.0015992432526 0.0015995060244 0.00159899242244 0.00159991802993 0.00159955965847 0.00159992754763 0.00159911806286 0.00159891271542 0.00159996670166 0.00159888618118 0.00159944194435 0.00159978337357 0.00159975569773 0.00159978209814 0.00159973962942 0.0015993600642 0.00159986140977 0.00159966428885 0.00159971016005 0.00159979995622 0.00159991027182 0.00159992134557 0.00159975514303 0.00159973679088 0.00159985412311 0.00159997388341 0.00159900022142 0.00159928187742 0.00159903808291 0.00159884290363 0.00159979083392 0.0015992019516 0.00159993091259 0.00159893154886 0.00159909960994 0.00159909617627 0.00159934465905 0.00159911421168 0.00159940691175 0.00159945403752 0.00159941762956 0.00159931292588 0.00159972273407 0.00159959943138 0.0015994043212 0.00159912794936 0.00159936909558 0.00159918348264 0.00159917615116 0.00159926637886 0.00159988197636 0.00159990818902 0.00159990352298 0.00159991029867 0.00159930236775 0.0015994875083 0.00159919484127 0.00159986966222 0.00159958290704 0.00159986250386 0.00159973969177 0.00159944183197 0.00159950949448 0.00159971277506 0.0015994202141 0.00159983382363 0.00159951972641 0.00159953664929 0.0015994062216 0.00159942511867 0.00159973448981 0.00159920446034 0.00159969672745 0.00159965376725 0.00159934052518 0.00159965600087 0.00159932495397 0.00159911228628 0.00159994492395 0.00159983569801 0.00159961945949 0.00159973294225 0.00159981729753 0.0015991600372 0.00159968763093 0.00159977299201 0.0015995698283 0.00159993013618 0.00159978492436 0.00159940604605 0.00159928955312 0.00159959958701 0.00159891263136 0.00159973726459 0.00159938055857 0.0015993152402 0.00159903869035 0.00159961428904 0.00159991437328 0.00159965491779 0.0015993911318 0.00159968664505 0.00159916939318 0.00159977669592 0.0015998073098 0.00159976575436 0.0015991254765 0.00159951364616 0.00159970392101 0.00159973149286 0.0015995551164 0.00159985154829 0.00159963041914 0.00159959453625 0.0015998217575 0.00159943216673 0.00159950123287 0.00159980741557 0.00159986059397 0.00159990765292 0.0015999071767 0.0015992884784 0.00159966408844 0.00159965621105 0.0015999310177 0.00159932229553 0.00159982112157 0.00159968065178 0.0015995714072 0.00159934556545 0.00159997709743 0.00159959940386 0.00159950980966 0.00159979436311 0.00159974990428 0.00159945728509 0.00159994719453 0.00159919673218 0.00159875843451 0.00159974908116 0.00159955644488 0.00159920641595 0.00159916651719 0.00159890909344 0.00159957008168 0.00159932939585 0.00159948407293 0.00159931547911 0.0015994571229 0.00159991595181 0.00159944227373 0.00159956020369 0.00159912408999 0.00159923264433 0.00159952931461 0.00159948772677 0.00159873142909 0.00159978387779 0.00159986318093 0.00159879045212 0.00159906709582 0.00159988340893 0.00159868115415 0.00159956226277 0.00159968790053 0.00159965615132 0.00159988031949 0.00159958550134 0.00159945266785 0.00159932382437 0.00159939889687 0.00159933049779 0.0015996045073 0.00159966702319 0.00159953238023 0.00159984855929 0.00159993229114 0.00159958847629 0.00159896979471 0.00159987012122 0.00159937074073 0.00159970043332 0.00159928157106 0.00159954294047 0.00159957852273 0.00159946867879 0.00159949952446 0.00159993474241 0.00159930041721 0.0015998067762 0.00159947150018 0.00159958931596 0.00159945203956 0.00159965744315 0.00159949792184 0.00159896966391 0.00159973813302 0.00159953704665 0.00159932426348 0.0015993353328 0.00159954167662 0.00159921815553 0.00159963910648 0.00159940694286 0.0015993906089 0.00159960672115 0.00159973460605 0.00159967852876 0.0015994753606 0.00159920818989 0.00159956009593 0.00159995761437 0.0015998216738 0.00159951112582 0.00159972980797 0.00159956316951 0.00159971622216 0.00159993676325 0.0015994152967 0.00159987970495 0.00159988952807 0.00159905521968 0.00159971327834 0.00159947326005 0.00159918479695 0.00159936084247 0.0015994025203 0.00159994415548 0.00159968236861 0.00159973481892 0.00159945663888 0.0015998143086 0.00159983002067 0.0015995670493 0.00159892176265 0.00159964534209 0.0015999704253 0.00159967046126 0.00159958062038 0.00159992996349 0.00159999375813 0.00159962592473 0.00159989197299 0.00159984015309 0.00159992042039 0.00159945873743 0.00159965971545 0.00159983499868 0.0015998548721 0.0015998539378 0.00159972525327 0.0015998526587 0.00159972875996 0.00159990630368 0.00159936414776 0.00159953194548 0.00159960773567 0.00159917849325 0.00159909141882 0.00159940286494 0.00159961038701 0.0015997736574 0.0015999312843 0.00159972857508 0.00159972793923 0.00159962672152 0.00159916863164 0.00159926114305 0.00159932778263 0.00159984363229 0.00159957597909 0.00159994950686 0.00159948595241 0.00159985232688 0.00159967827653 0.00159990300004 0.00159965784848 0.00159963024729 0.0015994851487 0.00159975536223 0.00159974689219 0.00159993410174 0.00159943765019 0.00159913445572 0.00159991112071 0.00159957366936 0.00159939102281 0.00159982375953 0.00159965737971 0.00159987432923 0.00159981847474 0.00159982623942 0.00159994537524 0.00159969069354 0.00159964670809 0.00159984564277 0.00159949145314 0.00159954989847 0.00159956544946 0.00159967219935 0.00159983531892 0.00159945753538 0.00159945059891 0.00159978904457 0.00159912357488 0.00159928513189 0.00159972100946 0.00159865974816 0.0015994543551 0.00159975775915 0.0015997762231 0.00159940392333 0.00159947972983 0.00159993186131 0.00159930273905 0.00159967292119 0.00159990262119 0.00159971414764 0.00159985017848 0.0015998648479 0.0015996896056 0.00159994181125 0.00159964960481 0.00159973972376 0.00159982228455 0.00159933258132 0.00159979547867 0.00159961998548 0.0015998398553 0.0015996115375 0.00159962140018 0.00159974443585 0.00159947075192 0.00159970090919 0.00159940723383 0.00159964454105 0.00159988272248 0.00159960024992 0.00159933724453 0.00159932457119 0.00159980069595 0.00159948128222 0.00159990364968 0.00159899133344 0.00159988281037 0.00159972484037 0.00159972792907 0.00159991651983 0.00159941617122 0.00159958539357 0.00159979286545 0.00159982098611 0.00159977527144 0.00159970925479 0.00159956748608 0.00159998534349 0.00159933179708 0.00159948778974 0.0015993582338 0.00159988739252 0.00159984109132 0.0015995362583 0.0015994853937 0.00159967494994 0.00159925329844 0.00159940107805 0.0015995684133 0.00159946330631 0.00159928048931 0.00159895366037 0.00159940203162 0.00159902456508 0.00159892898581 0.00159963826301 0.00159968916413 0.0015994881554 0.00159985874964 0.00159967778957 0.00159990667027 0.00159951773117 0.00159917771513 0.00159986115156 0.00159979512181 0.00159983162851 0.00159990566873 0.00159918097723 0.00159973370819 0.0015991395999 0.00159928973302 0.00159974527814 0.00159955112788 0.0015993587081 0.00159901121873 0.001599398368 0.00159949173373 0.00159962971911 0.0015995887207 0.00159950300735 0.00159997752678 0.00159932106521 0.0015999581613 0.00159946709368 0.00159919049347 0.00159976639911 0.00159957830429 0.0015990980314 0.00159945415457 0.00159958661983 0.00159908165391 0.00159980676518 0.00159956776152 0.00159966898758 0.00159981914882 0.00159994634607 0.00159979991462 0.00159985861932 0.00159965184526 0.00159990437978 0.00159946686091 0.00159966112556 0.00159943361089 0.00159948324997 0.00159989053668 0.00159994950694 0.00159960035535 0.00159955138769 0.00159967698244 0.00159953557419 0.0015995082552 0.00159977782123 0.00159963530885 0.00159967085728 0.00159937211736 0.00159981581655 0.00159981678093 0.0015994396594 0.00159970928174 0.00159982691239 0.00159946058259 0.00159968674824 0.00159941465066 0.00159980220454 0.00159904930674 0.00159941750875 0.00159959251923 0.00159962506658 0.00159958971698 0.00159950110772 0.00159974476441 0.00159992846657 0.00159996143515 0.00159936657788 0.0015992157391 0.00159918344133 0.00159910546513 0.00159956472276 0.00159980464665 0.00159931542956 0.00159968219839 0.00159981688796 0.00159994520266 0.00159941907361 0.00159970854829 0.00159972440295 0.00159955063542 0.00159963549199 0.00159903763978 0.00159923174398 0.00159926887035 0.00159989152989 0.00159998215673 0.0015996564635 0.00159937834797 0.00159916261715 0.00159975826538 0.00159994249702 0.00159955509725 0.00159982954039 0.00159974552837 0.00159970703877 0.00159978497928 0.00159977755175 0.00159977180142 0.0015994409099 0.00159938083245 0.00159943798336 0.00159949494656 0.00159951689538 0.00159968144555 0.00159993507512 0.00159995431836 0.00159994139852 0.00159976674889 0.00159972126244 0.00159982032571 0.00159927537337 0.00159926678686 0.00159921814107 0.00159939220719 0.00159966065755 0.00159964826503 0.0015996621392 0.00159950422963 0.00159956937882 0.00159989174732 0.0015994509388 0.00159929413873 0.00159932890412 0.00159904769411 0.00159900552708 0.00159961786788 0.00159936827437 0.00159932740882 0.00159991822911 0.00159933090634 0.00159950805604 0.00159971427821 0.00159983889396 0.00159950378134 0.00159950946501 0.00159960967222 0.00159950541392 0.00159929176495 0.00159995079187 0.00159949008542 0.00159963543318 0.00159961651178 0.0015997798963 0.00159956949374 0.00159993090295 0.00159961333575 0.00159957688051 0.00159993437746 0.0015994586586 0.00159964350078 0.00159966606075 0.00159999765017 0.00159945135365 0.00159932724538 0.00159997557337 0.00159934143319 0.00159952949764 0.00159938151245 0.00159956631766 0.00159965762837 0.00159943211638 0.00159986230303 0.00159996661732 0.0015991945326 0.0015993368169 0.00159978694536 0.00159915702018 0.00159955863904 0.00159963119174 0.00159984126319 0.00159987132421 0.00159984707882 0.00159970318302 0.00159979871285 0.00159997423899 0.00159968088208 0.00159978491523 0.0015994336126 0.0015994389813 0.00159969943465 0.00159933425089 0.00159993050259 0.00159999598323 0.00159940935933 0.00159980829591 0.00159909669725 0.00159995046383 0.0015993696346 0.00159944477558 0.00159965432382 0.00159965398493 0.00159971080239 0.00159983149897 0.00159930534464 0.00159939476229 0.00159969802132 0.00159930124913 0.00159944274591 0.00159905460918 0.00159966577559 0.0015999377485 0.00159966116845 0.00159955745724 0.00159898091822 0.00159952486564 0.00159945116376 0.0015997404722 0.00159946483926 0.00159929124106 0.00159978123321 0.0015995387389 0.00159926912713 0.00159992677007 0.00159889700269 0.00159897247368 0.00159935602834 0.00159977315337 0.00159961987036 0.0015996011823 0.00159954236656 0.00159914672843 0.00159909213371 0.00159956755389 0.00159949803333 0.0015993730309 0.00159923113936 0.0015999628782 0.00159940033486 0.00159925847828 0.00159902451912 0.00159983830715 0.00159925603897 0.00159984136846 0.00159963049672 0.00159941418748 0.00159927637242 0.00159969291141 0.00159944790011 0.00159946860728 0.00159930210411 0.00159988850637 0.00159945438055 0.00159933575994 0.00159951787351 0.00159968468233 0.00159979002937 0.00159979454897 0.00159992520503 0.00159977631688 0.00159955828067 0.00159992235645 0.00159959594297 0.00159997226001 0.00159970599925 0.00159927582541 0.00159918997495 0.00159965871695 0.00159924209024 0.0015997814086 0.00159965637291 0.00159985149595 0.00159970140391 0.00159950428861 0.00159945253705 0.00159981628546 0.00159992810103 0.00159951430874 0.00159952170758 0.00159894079561 0.00159974841508 0.00159986538139 0.00159969214199 0.00159981866476 0.00159960294539 0.00159916604949 0.00159957801624 0.00159943754972 0.00159992870393 0.00159974125601 0.00159949135318 0.00159982931633 0.00159993667603 0.00159993852888 0.00159995640143 0.001599709798 0.00159956904981 0.00159955301489 0.00159974565967 0.00159965491536 0.00159983374592 0.00159977396742 0.00159952100362 0.0015996298343 0.00159969532099 0.00159999440574 0.0015996088607 0.00159975794552 0.00159966015138 0.0015998993939 0.00159948140595 0.00159997773808 0.00159980300287 0.00159975793147 0.00159989894684 0.00159933348881 0.00159953211802 0.00159987114358 0.00159966329358 0.00159992408129 0.00159930477938 0.00159955065533 0.00159951612514 0.00159960562105 0.00159958182351 0.00159936896671 0.0015995194847 0.00159950060122 0.00159904367452 0.00159920293757 0.00159979508096 0.00159996673449 0.0015997965198 0.00159982221553 0.00159924829483 0.00159949768921 0.00159927924951 0.00159937125312 0.00159948878862 0.00159946209767 0.00159950267261 0.00159974518829 0.00159991324684 0.00159953914589 0.00159997890743 0.00159966184204 0.00159979626613 0.00159962983236 0.00159952667633 0.00159988486837 0.00159992594697 0.00159962550895 0.00159984731364 0.00159947587547 0.00159949954617 0.00159934162686 0.00159885436326 0.00159972696738 0.00159976642534 0.00159972470118 0.00159969917278 0.00159929333212 0.00159983807985 0.0015998744066 0.00159924110979 0.00159965611595 0.00159931593784 0.0015994335305 0.00159966118764 0.00159935404253 0.00159991974673 0.00159975052036 0.0015997959198 0.00159964966846 0.00159967757514 0.00159972300878 0.00159950053241 0.00159994981694 0.0015993407044 0.00159988260402 0.0015997710265 0.00159980309022 0.00159987077971 0.0015997597212 0.00159982646169 0.00159973541019 0.00159983543161 0.00159990284474 0.00159938621953 0.00159993352535 0.00159913052904 0.00159977380248 0.00159982278081 0.00159970346869 0.00159953586999 0.00159921373078 0.00159972783574 0.00159997730724 0.00159918319644 0.00159991940584 0.00159943083625 0.00159950981256 0.00159969204395 0.00159990453157 0.00159987223878 0.00159965110536 0.00159969666678 0.00159934030903 0.00159912374365 0.00159987640966 0.00159914662596 0.00159939991662 0.00159937143798 0.00159931423746 0.00159919596548 0.00159938877962 0.00159998810671 0.00159962027281 0.00159969352681 0.00159969614549 0.00159998568346 0.00159988024331 0.00159921164648 0.00159924321457 0.00159991232144 0.00159929204355 0.00159921514839 0.00159932933258 0.00159961342965 0.00159928467501 0.00159958771061 0.00159932913326 0.00159996693338 0.00159968653295 0.00159976493415 0.00159980673194 0.00159939785971 0.00159899968491 0.00159998009129 0.00159980997262 0.00159994622834 0.00159950052081 0.00159958345516 0.00159985757002 0.00159986166393 0.00159965446444 0.00159935218438 0.00159969985022 0.00159957272715 0.00159966417179 0.00159948897263 0.00159909383337 0.0015997002997 0.00159918763751 0.0015997048859 0.00159964423452 0.0015995636789 0.00159939548427 0.00159941775724 0.00159933437908 0.00159956938555 0.00159995656472 0.00159960342108 0.00159943102913 0.00159965315267 0.00159977269641 0.00159985631537 0.00159982162821 0.00159912679805 0.00159976889735 0.0015996623289 0.00159913284517 0.00159954006528 0.00159966286587 0.00159921465274 0.00159953201699 0.00159912546431 0.00159984530868 0.00159900157158 0.00159986436582 0.00159934316257 0.00159927224805 0.00159969256182 0.00159958664998 0.00159955050577 0.00159989399685 0.00159963075212 0.00159941242683 0.00159955324183 0.00159949484472 0.00159947607039 0.00159989973361 0.00159957819123 0.00159990007938 0.00159995806337 0.00159994120984 0.00159980948251 0.00159997440745 0.00159995056882 0.00159963782112 0.00159975705057 0.00159973106088 0.00159917874861 0.0015997254195 0.00159899857681 0.00159959983182 0.00159936633456 0.00159942505369 0.00159965806226 0.00159977444748 0.00159980027149 0.00159963227841 0.00159928738345 0.00159890353155 0.0015993813961 0.00159979695089 0.00159942531649 0.00159963712382 0.00159951014239 0.00159975222581 0.00159959107624 0.00159937405297 0.00159939594666 0.00159955259396 0.00159960827912 0.00159956535602 0.00159974937315 0.00159980685228 0.00159985386388 0.0015997788551 0.00159972417099 0.00159962045336 0.00159948199108 0.00159952778027 0.0015996176685 0.00159940812165 0.00159936576992 0.00159918638391 0.00159943171307 0.00159922628455 0.00159991977457 0.00159926946573 0.00159919914363 0.00159992393408 0.00159943723533 0.00159959237857 0.00159949997462 0.00159980222228 0.00159938527319 0.00159940681232 0.00159954597954 0.00159953829338 0.00159985196792 0.00159951558372 0.00159971569941 0.00159955949412 0.00159945224542 0.00159957870926 0.00159995213373 0.00159963154855 0.0015995329397 0.00159965463019 0.0015996796066 0.00159923881872 0.00159953993799 0.00159976259298 0.00159948832099 0.0015998207081 0.0015997215385 0.00159989735174 0.00159976309057 0.00159988893795 0.00159968656545 0.00159990991229 0.00159965467867 0.00159963342213 0.00159983741964 0.00159951084255 0.00159963756426 0.00159969600789 0.00159965000415 0.00159970876824 0.00159983184099 0.00159995446819 0.00159950227544 0.00159953173844 0.0015999417429 0.00159938530801 0.00159916057571 0.00159944269297 0.00159926792357 0.00159944501426 0.00159937696096 0.00159979697159 0.00159973854535 0.00159957706137 0.00159919111302 0.00159953993848 0.00159908328036 0.00159941756573 0.00159904240669 0.00159927015413 0.00159918627594 0.00159991833812 0.00159948050256 0.00159983757252 0.00159949093274 0.00159941447768 0.00159966035183 0.00159972091915 0.00159955512417 0.00159947154456 0.00159945857448 0.00159959218245 0.00159958913091 0.00159940292409 0.00159919686108 0.00159962796452 0.00159963266761 0.00159964329167 0.00159948757503 0.00159973667192 0.00159961871012 0.00159970059922 0.00159965125762 0.00159967365764 0.00159929573183 0.00159994672094 0.00159941526957 0.00159970097893 0.00159955973287 0.00159972974003 0.0015993543522 0.00159981954374 0.00159915392654 0.00159966992008 0.00159993353803 0.00159948950335 0.0015993191947 0.00159992626583 0.00159949576489 0.00159996994277 0.00159942257892 0.00159973254408 0.00159966117144 0.00159966478035 0.00159985159992 0.0015994483809 0.0015993436134 0.00159892348843 0.00159910414188 0.00159946501926 0.0015996911213 0.00159969850374 0.00159967303975 0.00159966100375 0.00159953154508 0.00159973600064 0.00159982284048 0.00159967510276 0.00159953647718 0.00159977541261 0.00159955753762 0.00159950374507 0.00159988172823 0.0015998771743 0.00159982934092 0.00159995164524 0.00159989948931 0.0015999311232 0.00159996309757 0.00159916040042 0.00159989527776 0.00159970626341 0.0015993582125 0.00159975290173 0.00159959687129 0.00159973366355 0.00159958311171 0.00159957216756 0.00159972114195 0.00159973304514 0.00159958063769 0.00159958604094 0.00159958917187 0.0015992861934 0.00159984909208 0.00159983562248 0.00159987143795 0.00159928594969 0.00159932653479 0.00159973861765 0.00159986784988 0.00159994561786 0.00159930624705 0.00159984580743 0.00159983885774 0.00159963440578 0.00159953404012 0.00159986996032 0.00159975355592 0.00159933550928 0.00159936129828 0.00159982113763 0.00159985552219 0.00159985199316 0.00159990202395 0.00159989141744 0.00159948782428 0.00159980496405 0.00159990690741 0.00159977128836 0.00159954712858 0.00159979793177 0.00159983198431 0.00159994378986 0.00159952566063 0.00159963653757 0.00159968174885 0.00159970258642 0.00159990664624 0.00159982599314 0.00159925516559 0.00159921485825 0.00159970981123 0.00159993833212 0.00159966036476 0.00159950410102 0.00159977173338 0.00159943018761 0.00159964343204 0.00159956147222 0.00159975712619 0.0015998513654 0.00159882520918 0.00159961548139 0.00159953070757 0.00159930086778 0.00159949563702 0.00159943751775 0.00159952529107 0.00159976109337 0.00159942966078 0.00159972628108 0.00159975161294 0.00159965101506 0.00159945785627 0.00159989657623 0.00159961366358 0.00159952025833 0.00159959677186 0.0015998030672 0.00159985896272 0.00159940212596 0.00159983908891 0.00159946184672 0.00159993392145 0.00159948753651 0.00159936699842 0.00159955931633 0.00159939210336 0.00159972733852 0.00159987035753 0.001599424118 0.00159986538386 0.00159982169415 0.0015998710779 0.00159968232324 0.00159936319723 0.00159952953718 0.00159951434891 0.00159964896447 0.00159943089062 0.00159973257857 0.00159953173729 0.00159965445856 0.00159959893813 0.0015996240265 0.00159956965946 0.00159938201509 0.00159976638756 0.00159985806659 0.00159972492293 0.0015999418673 0.00159971024733 0.00159958374742 0.00159952437763 0.00159981868377 0.00159948420789 0.00159947561167 0.00159980588572 0.00159965876598 0.00159991417017 0.00159967660129 0.00159922143449 0.00159944624689 0.00159974595284 0.00159946552031 0.00159965385089 0.00159957718789 0.00159934719735 0.00159973841666 0.00159965255328 0.00159964166029 0.00159978722206 0.00159918229733 0.00159985807882 0.00159977759975 0.0015992627716 0.00159970176361 0.00159965340461 0.00159927117757 0.0015999153889 0.00159983070195 0.00159954098531 0.00159992596487 0.00159975106949 0.00159977494578 0.00159921003662 0.00159978504049 0.00159968942098 0.00159929823161 0.00159995726376 0.0015999549585 0.00159943715383 0.00159958371212 0.00159928638514 0.00159932294361 0.00159911098353 0.00159929387575 0.00159917769375 0.00159903597815 0.0015992160043 0.00159994653044 0.00159963623204 0.0015995471032 0.00159922553549 0.00159996662266 0.00159992799868 0.00159935599295 0.00159928590074 0.00159931813558 0.00159959080988 0.00159967482256 0.00159918267979 0.00159957569261 0.00159961949205 0.00159984704232 0.00159957004803 0.00159935803774 0.00159986399157 0.00159999187289 0.00159991941432 0.00159996806403 0.00159987315142 0.00159989235627 0.00159972864689 0.00159962035681 0.00159977328569 0.00159979842127 0.00159961089745 0.00159963662623 0.00159954445495 0.00159999216864 0.00159964057361 0.00159975234104 0.00159976506256 0.00159965958295 0.00159930975523 0.00159944608158 0.00159978183348 0.00159975569518 0.00159962815545 0.00159969846734 0.00159910532707 0.00159955478053 0.00159956212971 0.00159944903327 0.00159978052325 0.00159968779627 0.0015996777587 0.00159952243229 0.00159993949252 0.0015994608131 0.00159956293663 0.00159950147691 0.00159922828982 0.00159985776886 0.00159948835141 0.00159943897818 0.00159971894132 0.00159969517821 0.00159981422895 0.00159936336899 0.00159950053037 0.00159994359587 0.00159943100821 0.00159933278518 0.00159998959479 0.00159950880959 0.00159952764719 0.00159946092622 0.0015998848572 0.00159999747575 0.0015992077042 0.00159952857765 0.00159976545207 0.00159969461714 0.00159996533809 0.00159991618097 0.00159941095362 0.00159995307262 0.00159966238346 0.00159955204174 0.001599666077 0.00159965645267 0.0015996397919 0.00159993494558 0.0015996806888 0.00159979950557 0.00159998174705 0.00159961465463 0.00159978136149 0.00159995891162 0.00159956066811 0.00159992715262 0.00159976726738 0.00159969011386 0.00159969414485 0.00159966965897 0.00159982058041 0.00159990372208 0.00159989508536 0.00159962848496 0.00159963926107 0.00159967898139 0.00159988848688 0.00159951943186 0.00159946391822 0.00159928563868 0.00159929498567 0.00159984826949 0.00159959983995 0.00159939677018 0.00159957703393 0.00159986660137 0.00159943095659 0.0015994573556 0.00159953862427 0.00159958184666 0.00159992036012 0.00159961669252 0.00159971971708 0.00159965848105 0.00159931250967 0.00159900616129 0.00159973770005 0.00159956883092 0.00159970202474 0.00159942415223 0.00159992418604 0.00159957016173 0.00159955828092 0.00159973133977 0.0015992697252 0.00159957777309 0.00159955837996 0.00159928886562 0.00159985473152 0.00159992970539 0.00159943590282 0.00159982639007 0.00159973692672 0.00159950474322 0.00159952516142 0.00159962371723 0.00159929586286 0.00159965440275 0.00159961455672 0.001599864001 0.00159957382719 0.00159950138637 0.00159980966373 0.00159932821553 0.00159957217272 0.00159989655371 0.00159963255255 0.00159959615706 0.00159974985197 0.00159968366926 0.00159973798454 0.00159964727755 0.00159992480582 0.00159985413487 0.00159986706948 0.00159954138135 0.001599808579 0.00159991390979 0.00159947164722 0.00159952778754 0.00159964380746 0.00159962577527 0.00159972348905 0.00159954849854 0.00159955699468 0.001599748311 0.00159920827151 0.00159951415193 0.00159933351559 0.00159954964631 0.001599839501 0.00159970847231 0.00159990053453 0.00159977420158 0.00159925025511 0.00159957673832 0.00159952990519 0.00159998404192 0.00159954599097 0.00159974119601 0.00159992491333 0.00159998108206 0.00159998333192 0.00159988531913 0.00159939708794 0.00159968220288 0.00159931861747 0.00159957753231 0.00159956009555 0.00159933268225 0.00159963534903 0.00159952185009 0.00159975981931 0.00159931670844 0.00159937714857 0.00159946770186 0.00159976125849 0.00159958622867 0.00159973417792 0.00159970648724 0.00159935816334 0.00159983828058 0.00159936021428 0.00159923352652 0.00159969681962 0.00159955532892 0.00159958786945 0.00159979069043 0.00159960207243 0.00159969519503 0.00159996537519 0.00159991719775 0.00159985884983 0.00159976845985 0.00159991721258 0.0015997921323 0.00159971636385 0.00159935622797 0.00159966130796 0.00159942088148 0.00159946897534 0.00159978166831 0.00159954833434 0.00159984068264 0.00159985245799 0.00159982453109 0.00159991303512 0.00159994801308 0.00159992151013 0.00159933883625 0.00159947245346 0.00159967004266 0.00159987103459 0.00159981105644 0.00159955043458 0.00159976271464 0.00159941310943 0.00159939035788 0.00159921293178 0.00159988702287 0.00159998999009 0.00159993966028 0.00159952578607 0.00159947440457 0.00159940879442 0.00159981336989 0.00159939939423 0.00159930120584 0.00159995695347 0.0015996485469 0.00159994506515 0.00159923188836 0.00159979728194 0.00159928290644 0.00159969202318 0.00159968018635 0.00159978005128 0.001599915982 0.0015999280205 0.00159995905485 0.0015998821435 0.00159970306572 0.00159977388 0.00159979646379 0.00159921440093 0.00159936981272 0.00159973388748 0.00159943953718 0.00159954390874 0.00159961873992 0.00159992546945 0.00159998935553 0.0015994675162 0.00159943555703 0.00159957576079 0.00159936038372 0.00159967044177 0.00159961446961 0.00159946965905 0.00159992522352 0.00159994432282 0.00159996776094 0.0015998958582 0.00159994329637 0.00159986045703 0.00159991323726 0.00159985339587 0.00159958298139 0.00159957843379 0.00159945790992 0.00159961202425 0.00159981606738 0.00159948617188 0.00159931423801 0.00159956596262 0.00159947343382 0.00159949467842 0.00159953905143 0.00159977838629 0.00159932365973 0.00159987966449 0.00159991183582 0.00159989575032 0.00159963401395 0.00159927655124 0.0015995642936 0.00159937374325 0.00159958543917 0.00159983049951 0.00159973274168 0.00159973635367 0.00159979567904 0.00159977675873 0.0015993888776 0.00159967112776 0.0015994956758 0.00159977617986 0.00159955272225 0.00159985186168 0.00159971199485 0.0015999010303 0.00159968802853 0.00159973796634 0.00159991755852 0.00159965553614 0.00159932399917 0.00159987252492 0.00159966804738 0.00159972904778 0.00159967045805 0.00159975688262 0.00159971942531 0.0015994117143 0.00159977378685 0.00159952469923 0.00159986981012 0.00159951309618 0.00159957870487 0.00159977602167 0.00159965911718 0.00159973794853 0.00159977933454 0.0015995840883 0.0015995387988 0.00159940363703 0.00159938060795 0.00159941037881 0.00159925327233 0.00159947301457 0.00159972679294 0.00159960957594 0.00159992338156 0.00159958739909 0.00159988511921 0.0015997386042 0.00159989048201 0.00159991535308 0.00159975465754 0.00159998848068 0.0015999676705 0.00159979273571 0.0015999045805 0.0015998085507 0.00159977514593 0.00159979921315 0.0015994425663 0.00159974861148 0.00159990766536 0.00159979430147 0.00159974058776 0.0015994723012 0.00159991832895 0.00159994850885 0.00159978260079 0.00159968141934 0.00159969751242 0.00159951839977 0.00159966258987 0.00159963518091 0.00159961525628 0.00159955762129 0.0015996521688 0.00159962466646 0.00159966652588 0.00159995248709 0.00159969019484 0.00159951742729 0.00159948247725 0.00159949847496 0.00159958102182 0.00159980733002 0.00159979396834 0.00159961914122 0.00159972608546 0.0015999033703 0.00159981195606 0.00159922780825 0.00159978260997 0.00159970585357 0.00159957874393 0.00159985568338 0.00159992273498 0.00159980947628 0.0015997650004 0.00159969488991 0.00159942024799 0.00159928749014 0.00159997973208 0.00159973945004 0.00159954519028 0.00159967999688 0.00159978319659 0.00159991771314 0.00159994402597 0.00159995856829 0.00159995864708 0.00159965493172 0.00159958424511 0.00159957823635 0.00159984181796 0.00159969317001 0.00159945474642 0.00159987528015 0.00159984447433 0.00159982538054 0.00159956137123 0.00159962633124 0.00159974182198 0.00159951352243 0.0015997860813 0.00159982586875 0.00159997833927 0.00159973993681 0.00159992996387 0.0015998737055 0.00159987244905 0.00159988802494 0.00159935483118 0.00159942391155 0.00159958492903 0.00159975620884 0.00159976132692 0.00159971782525 0.00159960909291 0.00159941558318 0.00159955414403 0.00159923722049 0.0015995803394 0.00159984175748 0.00159943829508 0.00159992163548 0.00159965127266 0.00159991731134 0.00159958608393 0.00159951955663 0.00159905390247 0.00159981633347 0.00159952624218 0.00159919276496 0.00159953943963 0.00159923651025 0.00159939441063 0.00159954454337 0.00159941976323 0.00159959867819 0.00159978118689 0.00159960595519 0.00159978318402 0.00159960703935 0.00159959625007 0.00159987535294 0.00159995689993 0.00159956842025 0.00159989305393 0.00159974229116 0.00159987451488 0.0015998183244 0.00159977933004 0.00159977682432 0.00159949210058 0.00159972005909 0.00159995197471 0.00159972807489 0.00159974062915 0.001599740909 0.00159987638294 0.00159964340429 0.00159958170906 0.00159955919739 0.00159951701461 0.0015997612268 0.00159947618803 0.00159960891741 0.00159925974948 0.0015997946705 0.00159994369779 0.00159969406043 0.00159971495471 0.00159932942333 0.00159960818621 0.00159953126609 0.00159960196182 0.00159950373343 0.00159907723923 0.00159927350329 0.00159958400999 0.0015995140007 0.00159979621005 0.00159972069308 0.0015995178816 0.00159983410769 0.00159973088767 0.00159955325242 0.0015993669709 0.00159951506397 0.00159969643389 0.00159963544265 0.00159938288985 0.00159941920757 0.00159939705004 0.00159954546754 0.00159979009999 0.00159996949448 0.00159944204322 0.00159946601814 0.0015994812471 0.00159895165933 0.00159931473959 0.00159972401997 0.00159919985035 0.00159983748502 0.00159986415028 0.00159959121549 0.00159979229116 0.00159964005677 0.00159916542635 0.00159975635132 0.00159955152583 0.0015995128246 0.0015994124265 0.00159988498019 0.00159956337719 0.00159989015194 0.00159957373298 0.00159962173312 0.00159981441451 0.00159983461563 0.0015996548661 0.00159984780559 0.00159975308743 0.00159994062235 0.00159935993029 0.00159965815104 0.00159951686566 0.00159976033637 0.0015995383829 0.00159927152103 0.00159968040441 0.001599641315 0.00159992955443 0.00159989952527 0.00159978486953 0.00159978333714 0.0015997710599 0.00159960965451 0.00159956023437 0.00159986511671 0.00159981855113 0.00159990079544 0.00159993305248 0.00159936292379 0.00159971882772 0.0015999947304 0.00159998937193 0.00159978101811 0.00159991168067 0.00159990955348 0.00159991758014 0.00159923820938 0.00159991502767 0.00159992117739 0.00159996289933 0.00159998746869 0.00159927290076 0.00159939064952 0.00159944009769 0.00159975667525 0.00159996153 0.00159942553334 0.00159946472704 0.0015996374343 0.00159961801408 0.00159971450766 0.00159989388621 0.00159963242027 0.00159955495365 0.0015996403852 0.00159981838749 0.00159978210323 0.00159976621483 0.00159989137688 0.00159954723133 0.00159963164993 0.00159982443637 0.00159978919995 0.00159950041368 0.0015997687342 0.00159959029848 0.00159942257192 0.00159980806133 0.00159966052887 0.00159988814089 0.00159983801172 0.00159989978352 0.00159992543778 0.00159980098749 0.00159982757575 0.00159975839764 0.00159963472689 0.00159974015304 0.00159985739025 0.00159972872832 0.00159982527271 0.0015995150183 0.00159955751746 0.00159968655884 0.00159969147275 0.00159988540771 0.00159972903963 0.00159966546445 0.00159974494691 0.00159973742935 0.00159989406278 0.00159968657342 0.00159997484106 0.00159961739713 0.00159928923489 0.00159969941271 0.00159971028349 0.00159994406494 0.0015995029357 0.00159967142535 0.00159958425837 0.00159971097956 0.00159991471978 0.0015997290777 0.00159986234744 0.00159962177677 0.00159976179088 0.00159957097675 0.00159976999714 0.00159986989434 0.00159936937779 0.00159944890206 0.00159956808439 0.00159987490014 0.00159960815803 0.00159945487921 0.0015999322102 0.00159970317816 0.00159934294545 0.00159918627092 0.00159982231932 0.0015999157573 0.00159986505354 0.00159987946872 0.00159973936927 0.0015997839555 0.00159987852654 0.0015997115409 0.00159964002069 0.00159964113905 0.00159993921156 0.00159924344419 0.00159922630871 0.00159969967094 0.00159960455103 0.00159989435408 0.00159970639924 0.00159982363224 0.00159955806836 0.00159977841118 0.00159956614328 0.00159964201039 0.00159978154077 0.00159966332649 0.00159956284265 0.00159955031129 0.00159952070434 0.00159969200314 0.00159991647141 0.00159993548597 0.00159958475861 0.00159988267476 0.00159973519738 0.00159951441339 0.00159988338179 0.00159928293409 0.00159959042139 0.00159970289301 0.00159986563632 0.00159960329889 0.00159975319262 0.00159965910443 0.00159991946918 0.00159985317059 0.00159992109183 0.00159961321226 0.0015992642613 0.00159927054143 0.00159970312584 0.00159963275432 0.00159973458119 0.00159984184938 0.00159986714012 0.00159988224943 0.00159981279535 0.00159995586991 0.00159990791553 0.00159992514209 0.00159966372148 0.00159997126343 0.00159947969023 0.00159996055568 0.00159964131492 0.0015996135599 0.00159970390882 0.00159973971524 0.00159986447783 0.0015995807789 0.0015999352647 0.00159967728892 0.00159953595165 0.00159983403512 0.00159966917044 0.00159960407804 0.00159989040178 0.00159961969299 0.00159942721765 0.00159959304476 0.00159985501028 0.00159933741852 0.00159947139695 0.00159980967722 0.00159997303475 0.00159964936457 0.00159941161564 0.00159979011337 0.00159969370212 0.00159898469893 0.00159921991368 0.00159921156303 0.0015993216887 0.00159965734645 0.0015997283525 0.00159931000124 0.00159989116255 0.00159991320576 0.00159996502163 0.00159991747084 0.00159986454655 0.00159950108155 0.00159953729674 0.00159945011069 0.00159936255832 0.00159988556174 0.00159943687544 0.00159966503419 0.00159948928959 0.00159970334792 0.0015997140309 0.00159979495076 0.00159983170653 0.00159996294996 0.00159991437619 0.00159991862401 0.00159951708931 0.00159976811287 0.0015998372385 0.00159985474973 0.00159958967134 0.00159963220362 0.00159953543991 0.00159970833659 0.00159982876726 0.00159953797882 0.00159960013054 0.00159950264937 0.00159977276425 0.00159975565806 0.00159991833901 0.00159984106711 0.00159963823457 0.00159971132697 0.00159988184116 0.00159990729506 0.00159969854159 0.00159989354943 0.00159977954671 0.00159983725298 0.00159973427389 0.00159983260179 0.00159981977833 0.00159981057988 0.00159963975057 0.00159992748125 0.00159976122489 0.00159988646833 0.00159987341753 0.00159985497646 0.00159987703724 0.00159990780396 0.00159994149011 0.00159994186621 0.00159993050535 0.00159949481654 0.00159966956425 0.00159938538054 0.00159992452436 0.00159989283985 0.00159996709941 0.00159984213494 0.00159931894932 0.00159968776843 0.00159973488374 0.0015995275427 0.00159976702411 0.00159949478492 0.00159957003078 0.0015996322535 0.00159941695646 0.00159961286843 0.00159962317099 0.00159961333802 0.00159976358526 0.00159987941347 0.00159968958655 0.00159989840283 0.00159941785128 0.0015998577409 0.00159941370347 0.00159942761362 0.00159930691613 0.00159969310543 0.00159937946226 0.00159971991767 0.00159975295363 0.00159966744983 0.00159961880416 0.00159972453189 0.00159991808549 0.00159986747573 0.00159974885845 0.00159952734007 0.00159931853934 0.00159941499144 0.00159957096013 0.00159944104092 0.001599551649 0.00159967724103 0.00159980133663 0.00159965272662 0.00159958411004 0.0015996227994 0.00159929010324 0.00159941380734 0.00159965723492 0.00159962856848 0.00159978235684 0.0015993831913 0.00159953934328 0.00159961141033 0.00159972037884 0.00159987424657 0.00159995859136 0.00159994714912 0.00159986654219 0.00159968819366 0.00159991418301 0.00159949937359 0.00159976888625 0.00159941749703 0.00159965331289 0.00159969840401 0.00159992810874 0.00159951502999 0.0015995317467 0.00159982027061 0.00159949863485 0.00159983432763 0.00159996356633 0.00159994732721 0.0015997390426 0.00159975025659 0.00159965091333 0.00159970971231 0.00159956897827 0.00159954133782 0.00159970289006 0.00159992322822 0.00159973894768 0.00159960601334 0.00159951417261 0.00159952278582 0.0015997612629 0.00159975190144 0.00159968334883 0.00159952887881 0.00159989981005 0.00159973004317 0.00159937047742 0.00159969611078 0.00159966890016 0.00159975365933 0.00159975414464 0.00159970829371 0.00159992653208 0.00159995356356 0.00159979566068 0.00159980430857 0.00159956248225 0.00159975792432 0.00159987781884 0.00159957189927 0.00159981587115 0.00159957622432 0.00159953152981 0.0015999131212 0.0015993630956 0.00159982019522 0.001599880237 0.00159992047066 0.00159987385718 0.00159975050394 0.00159978608242 0.00159994009914 0.00159992724344 0.00159981440248 0.00159997467756 0.00159979521915 0.00159936620516 0.00159932908753 0.0015997589468 0.0015996793648 0.00159963526296 0.00159956403852 0.00159955081252 0.00159991033982 0.00159972782207 0.00159972512274 0.00159987580674 0.00159983000094 0.00159958835361 0.00159983794716 0.00159970853969 0.00159961251565 0.00159969555596 0.00159939083657 0.0015999510019 0.0015996950915 0.00159974652747 0.00159965563578 0.0015996662698 0.00159972289588 0.00159965636504 0.00159941336214 0.00159979282332 0.00159973173894 0.00159971697479 0.00159951494089 0.00159966455083 0.00159978009354 0.00159960771792 0.00159954077922 0.00159955284674 0.00159964270111 0.00159956790391 0.00159991762935 0.00159955260088 0.00159937743517 0.00159962587464 0.00159954144844 0.00159976474001 0.00159949295763 0.0015997822744 0.00159951041324 0.00159938383983 0.00159928627961 0.00159922994101 0.00159961531299 0.00159945308601 0.00159951533706 0.00159970629829 0.00159941790436 0.00159977689884 0.00159994481725 0.00159971255484 0.00159966117727 0.00159995634138 0.00159970657647 0.00159974528307 0.00159950254105 0.00159967940534 0.00159974264939 0.00159962511903 0.00159952000736 0.00159921145413 0.00159963156197 0.00159975628148 0.00159964405016 0.00159980751808 0.00159931404363 0.00159990881796 0.00159973329995 0.00159969002317 0.00159991953125 0.00159978526675 0.00159966562267 0.00159990287115 0.00159983863179 0.00159972319876 0.00159969151918 0.0015996447189 0.0015997071149 0.00159973635663 0.00159971886391 0.00159966852829 0.0015993365068 0.00159958535524 0.00159976275663 0.00159943931988 0.00159949742682 0.00159984554115 0.0015996681616 0.00159977564171 0.0015993990283 0.0015995222008 0.00159970964328 0.00159976715992 0.00159969527818 0.0015999084726 0.00159963208034 0.00159968379123 0.00159970219107 0.00159985524668 0.00159992576986 0.00159951408433 0.00159980721789 0.0015998282459 0.00159983588385 0.00159968202597 0.00159975347971 0.00159956252387 0.00159971837064 0.00159955624682 0.00159985370786 0.00159946018979 0.00159936431706 0.00159981503246 0.00159976727942 0.00159990501774 0.0015999477897 0.00159963104292 0.0015997518728 0.00159995571649 0.00159970405117 0.00159989440298 0.00159967850134 0.0015996298119 0.00159998864886 0.00159974956955 0.00159997354021 0.0015998825657 0.00159984914798 0.00159987239609 0.00159962548111 0.00159951044289 0.00159976660188 0.00159974059286 0.00159965658445 0.00159986898451 0.00159996782152 0.001599908446 0.00159970991835 0.00159971445196 0.0015996888737 0.0015998416963 0.00159958258627 0.00159956889673 0.00159973508062 0.0015996172871 0.00159964042014 0.00159997883297 0.00159973601921 0.0015998722264 0.00159976227297 0.00159980573017 0.00159970338389 0.00159989473274 0.00159954251726 0.00159948217162 0.00159958733673 0.00159975302933 0.00159950589211 0.00159989879562 0.00159983131695 0.00159975863539 0.00159983207686 0.00159977888674 0.00159963190233 0.00159986339996 0.00159972487243 0.00159977302872 0.00159992079008 0.00159950851162 0.00159984322466 0.00159986628699 0.00159973735445 0.0015995069726 0.00159957566627 0.00159986220875 0.00159973159162 0.0015998729186 0.00159954437448 0.00159948555113 0.00159991492858 0.00159979303762 0.00159969263525 0.00159979445243 0.00159979146035 0.00159941892039 0.00159967367098 0.00159964708589 0.00159977606393 0.00159969579703 0.0015999940676 0.0015997375916 0.00159955011664 0.00159968902861 0.0015996830126 0.00159980368096 0.00159988762915 0.00159964324282 0.00159975198881 0.00159979303482 0.00159974201454 0.00159934538571 0.00159984234727 0.00159972183456 0.00159996366789 0.00159996753467 0.001599652428 0.00159972425773 0.00159956108209 0.00159983217954 0.0015998778299 0.00159967986207 0.00159982931568 0.00159947213407 0.00159981956111 0.00159970739534 0.00159985942431 0.00159958188716 0.00159998273248 0.00159964414262 0.00159974044416 0.00159990219864 0.00159964682962 0.00159994258388 0.00159982263015 0.00159983273955 0.00159994851595 0.00159979386947 0.00159994032339 0.00159995987436 0.00159981193085 0.00159959127856 0.0015996310094 0.0015998193482 0.00159964454174 0.0015998171966 0.00159965184343 0.00159973674484 0.00159990465683 0.00159984103306 0.00159984826494 0.001599682475 0.00159969025318 0.00159985141249 0.00159994531214 0.00159981567683 0.00159961145203 0.00159960146055 0.00159973613628 0.00159997889555 0.00159981464577 0.00159964823085 0.0015998073696 0.00159975626978 0.00159962029858 0.00159963833966 0.00159971181818 0.00159967608298 0.00159998685084 0.00159953576356 0.00159972403516 0.00159995391254 0.00159975160822 0.00159974541962 0.00159980470439 0.00159992985489 0.00159948632884 0.00159968202759 0.00159968593538 0.00159972242443 0.00159986606413 0.00159960755099 0.00159971126451 0.00159977709622 0.00159973188592 0.00159972464973 0.00159986180792 0.0015995994019 0.00159993040124 0.00159980843567 0.00159988098979 0.00159974109386 0.00159953284464 0.00159972555069 0.00159970386913 0.00159967265078 0.00159952295601 0.00159972107722 0.00159972231707 0.00159955507473 0.00159973310678 0.00159994019566 0.00159968804815 0.00159981114202 0.00159969110752 0.00159980586891 0.00159939695249 0.00159932154938 0.00159988785035 0.00159973819866 0.00159964987496 0.00159982963029 0.00159985660284 0.00159979833382 0.0015995914092 0.00159965127377 0.00159962383161 0.00159982398265 0.00159950206779 0.00159980512751 0.00159987135903 0.00159978490293 0.00159987631838 0.0015999555173 0.00159987843257 0.00159997317183 0.00159975556797 0.00159990364246 0.00159966751945 0.00159995223764 0.00159946184102 0.00159964111899 0.00159968397871 0.00159977938839 0.00159977528322 0.00159987296748 0.00159980920137 0.00159975840896 0.00159983220804 0.0015998178448 0.00159971184645 0.00159969171637 0.00159972292853 0.00159980663394 0.00159991554368 0.00159978178017 0.00159979894945 0.00159973436037 0.00159983027046 0.0015996023901 0.00159986249174 0.00159988654125 0.00159965253327 0.00159978364542 0.00159978848332 0.00159988239125 0.00159963479386 0.00159962542948 0.00159967098725 0.00159988760811 0.00159987440826 0.00159974752898 0.00159975173895 0.00159961574045 0.00159973935547 0.00159979848645 0.00159966214914 0.00159985930775 0.0015998405611 0.00159966971713 0.00159992958575 0.00159964424957 0.00159970423459 0.0015999431704 0.00159979530716 0.0015997132386 0.00159969956243 0.00159981866137 0.00159978436237 0.00159974594372 0.00159988573779 0.00159977241094 0.0015997919118 0.00159977298268 0.00159989289131 0.00159980188077 0.00159977008874 0.00159983133116 0.00159979506862 0.00159973519305 0.00159971073623 0.00159970050498 0.001599886275 0.00159978418827 0.00159985069754 0.00159977230802 0.00159980272922 0.00159992687077 0.00159982983715 0.00159974356402 0.0015997831568 0.00159959838201 0.00159954040545 0.00159960325668 0.00159994202186 0.00159985974507 0.00159986108695 0.00159992622947 0.00159996108624 0.00159980807914 0.00159971465945 0.00159968556669 0.00159967969492 0.00159982870268 0.00159970754026 0.00159982182445 0.00159962348238 0.00159989944832 0.00159964244892 0.00159975285527 0.00159969662471 0.00159989921418 0.00159964144518 0.00159951321376 0.00159979873663 0.00159982040489 0.00159977291692 0.00159937023719 0.00159979925212 0.00159944709665 0.0015995951985 0.0015998181049 0.00159978050435 0.0015997356101 0.00159976637727 0.00159987607641 0.0015999087461 0.00159962753923 0.00159988155933 0.00159963417748 0.0015996987274 0.00159963121758 0.00159994296888 0.0015997109367 0.00159977712206 0.00159975585422 0.00159974275214 0.00159948857313 0.00159966880763 0.00159983650732 0.00159971391245 0.0015996730395 0.00159993346051 0.00159993925615 0.00159978539434 0.0015994751149 0.00159991309068 0.00159946930368 0.00159991300418 0.00159964294147 0.00159978173678 0.0015998434708 0.00159973210122 0.00159997924212 0.00159964858519 0.0015998000694 0.00159989716078 0.00159978329331 0.00159993505533 0.00159978970502 0.00159973872302 0.00159995350227 0.00159971825512 0.00159979949448 0.00159977876034 0.00159991202687 0.00159982459945 0.00159995640985 0.00159974535585 0.00159965923639 0.00159952884647 0.00159981725401 0.00159967409935 0.00159968780949 0.00159979611613 0.00159974183039 0.00159990770913 0.00159958503688 0.00159970898398 0.00159973474297 0.00159989447167 0.00159982597289 0.00159984304058 0.00159970648882 0.00159995208831 0.00159983827273 0.00159973008131 0.00159973553614 0.00159984651924 0.00159989428004 0.00159978702842 0.00159995770219 0.00159979708477 0.00159981281088 0.00159979836741 0.00159996019287 0.00159982695962 0.00159992422028 0.00159978013263 0.00159979761182 0.00159947999849 0.00159985838755 0.00159959331022 0.00159980814221 0.00159983749333 0.00159964084639 0.00159978733136 0.00159953677641 0.00159958809503 0.00159966230171 0.00159970650646 0.00159968538698 0.00159979860507 0.00159994217741 0.00159983121527 0.00159989934147 0.00159993981519 0.00159993068838 0.00159983248551 0.00159986814172 0.0015999028669 0.00159987644442 0.00159982161102 0.00159986135303 0.00159990439261 0.00159973993477 0.00159964323998 0.00159965783779 0.00159986586673 0.00159992980675 0.00159974617397 0.00159961596869 0.00159986946555 0.00159974234898 0.00159993364245 0.00159988771243 0.00159959086684 0.00159976397867 0.00159977500939 0.00159977272461 0.00159968153681 0.00159966191744 0.00159988187345 0.0015996922622 0.0015996581381 0.00159969709009 0.00159968487782 0.00159981587566 0.00159973493622 0.0015995663803 0.00159990380016 0.00159969555652 0.00159977910534 0.00159981310106 0.00159965779697 0.00159987516366 0.00159995699558 0.00159992083434 0.00159990955739 0.00159984742202 0.00159970099096 0.00159963245351 0.00159982798806 0.00159982565984 0.00159989655445 0.00159961392653 0.00159977855043 0.00159996761984 0.00159992439465 0.00159971569608 0.00159974008276 0.00159972976123 0.0015995345861 0.0015999348471 0.00159952744279 0.00159950782932 0.00159974214285 0.00159988739364 0.00159981380487 0.00159993101095 0.00159991990317 0.00159970450068 0.00159970674382 0.00159983488889 0.00159983897977 0.00159959401646 0.00159971295394 0.0015997781222 0.00159949073528 0.00159989596383 0.00159986519844 0.00159976045728 0.00159993574207 0.00159966285204 0.0015996999255 0.00159980113958 0.001599901777 0.00159986382865 0.00159989946471 0.00159983819104 0.00159968366343 0.00159963284226 0.00159970873551 0.00159991362418 0.00159985993604 0.00159961575979 0.00159979606041 0.00159983201318 0.00159990006008 0.00159968339613 0.00159987318696 0.0015998117776 0.0015997706241 0.00159974613605 0.00159989338499 0.00159960894469 0.00159977160757 0.0015999291095 0.00159993780578 0.00159981976463 0.00159965012312 0.00159969995644 0.00159966035895 0.00159975367851 0.00159979384938 0.0015998230907 0.00159983164839 0.00159960928828 0.00159947763366 0.0015996486185 0.00159971006921 0.00159957995698 0.00159958529949 0.00159974784686 0.00159987350668 0.00159987048767 0.00159984818264 0.00159987651015 0.00159981644193 0.00159979263972 0.00159987039741 0.00159985906846 0.00159985342921 0.00159987222517 0.00159981308065 0.00159995628478 0.00159995087317 0.00159990694242 0.0015999219895 0.00159993566668 0.00159994280145 0.00159994393418 0.00159980691454 0.00159984461939 0.00159977164263 0.00159971225352 0.00159996573158 0.00159976580104 0.00159990986203 0.00159979252063 0.00159993820718 0.00159975044682 0.00159957476167 0.00159992634326 0.0015997509108 0.00159974955561 0.00159978505447 0.0015999254805 0.00159986176196 0.00159985265207 0.00159989208206 0.00159994667802 0.00159990943584 0.00159976670082 0.00159993258413 0.00159992222855 0.0015999550706 0.00159988896455 0.0015998621812 0.00159996281507 0.00159993355926 0.00159993013091 0.00159990010127 0.00159983258246 0.00159986103654 0.00159992779687 0.00159981557853 0.00159975711845 0.00159968437119 0.00159972537281 0.00159982803487 0.00159970770947 0.0015999426011 0.00159969980895 0.00159969317997 0.00159990303468 0.0015998948182 0.00159979824176 0.0015997220042 0.00159977806943 0.00159988986279 0.00159989669759 0.00159979941285 0.0015998202178 0.0015999584191 0.00159990091557 0.00159991036397 0.00159988855978 0.0015998778747 0.00159992968295 0.00159995030602 0.00159979954012 0.00159980048487 0.00159996757693 0.00159993570388 0.00159996884417 0.00159992746059 0.00159980690399 0.00159991753022 0.0015998344654 0.00159988342044 0.0015999151247 0.00159975789979 0.00159991085712 0.00159994895541 0.00159994607368 0.0015995551083 0.00159978333011 0.00159971029097 0.00159982458137 0.00159990273085 0.00159970716325 0.00159987126519 0.00159988986645 0.00159997624445 0.00159980733657 0.00159981710352 0.00159991569789 0.00159981709048 0.00159984812341 0.00159989737749 0.00159985568566 0.00159997840747 0.00159993290551 0.00159995714318 0.00159974134885 0.00159972024843 0.00159984659771 0.00159999584204 0.00159988754286 0.00159992775174 0.0015999606911 0.0015999616843 0.0015996795571 0.00159991271442 0.00159986987257 0.00159976989766 0.00159975615271 0.00159980778663 0.00159967514683 0.0015998459821 0.00159987487998 0.00159990273138 0.00159989550615 0.00159980486379 0.00159990689246 0.00159976489214 0.0015999465142 0.00159986061958 0.00159969371166 0.00159972456868 0.00159976822546 0.00159977287523 0.00159983150963 0.0015998806859 0.00159968986863 0.00159972975244 0.00159975385545 0.00159978328735 0.00159985397355 0.00159968760995 0.00159988831996 0.00159982279339 0.00159987600737 0.00159986766404 0.00159986783348 0.00159997408554 0.00159992713668 0.00159972603861 0.00159967452018 0.00159988737942 0.00159971374812 0.0015999190993 0.00159971896876 0.0015999039824 0.00159986774339 0.00159970566032 0.00159979562837 0.00159993399706 0.00159983783007 0.00159956500069 0.00159975204107 0.00159979959559 0.00159970791763 0.00159977839962 0.00159986076628 0.00159972252432 0.00159955421721 0.00159973453306 0.00159990918467 0.0015996064848 0.00159976866928 0.00159984692151 0.00159989605077 0.00159997444965 0.00159973233531 0.00159983700015 0.00159987907682 0.00159978739161 0.00159988800965 0.00159991355267 0.00159984802983 0.00159987746205 0.00159988759123 0.00159988662598 0.00159986685028 0.0015999145284 0.00159991244844 0.00159990881011 0.00159993527619 0.00159969369964 0.00159981757024 0.00159991838743 0.0015997882028 0.00159986942839 0.0015996236246 0.00159984515438 0.00159965292534 0.00159973513277 0.00159984916477 0.0015999825358 0.00159993013864 0.00159994037231 0.00159970785298 0.00159987285708 0.001599856725 0.0015997190867 0.00159975440223 0.00159989604699 0.00159990402272 0.00159990932653 0.00159980716869 0.00159989820407 0.0015997382348 0.00159992627188 0.00159975324924 0.00159971191343 0.00159976647853 0.0015998720475 0.00159976635255 0.00159981109298 0.00159992885814 0.00159991010494 0.00159996349498 0.00159995363768 0.00159997847249 0.00159988722113 0.00159998188292 0.00159981321798 0.00159977801794 0.00159985444437 0.00159991180121 0.00159984017516 0.00159989243366 0.00159991142069 0.00159981889001 0.00159989402431 0.00159988200361 0.00159990471646 0.001599882753 0.00159981199755 0.0015998873091 0.00159990337304 0.00159990717248 0.00159977962367 0.00159989075983 0.00159973838406 0.00159989645411 0.00159993232297 0.00159991543632 0.00159978052208 0.00159993270111 0.00159988775658 0.00159986240967 0.00159992706822 0.00159985464282 0.00159989251979 0.00159991159434 0.00159982190586 0.00159984117271 0.00159961161918 0.0015998024418 0.00159974039337 0.00159981966755 0.00159990971063 0.0015999032922 0.00159984911887 0.00159995987964 0.00159990664626 0.00159982528872 0.00159992516486 0.00159987978745 0.00159985277738 0.00159970625815 0.00159972482894 0.00159970152913 0.00159992185048 0.00159995162964 0.00159983390398 0.00159985362741 0.0015998516298 0.00159986611669 0.00159994013428 0.00159998113768 0.00159987672825 0.00159990613397 0.00159992658938 0.00159975096137 0.00159983651223 0.00159985845394 0.00159992303066 0.00159992086718 0.00159987299475 0.00159989519666 0.00159995427268 0.00159993545487 0.00159990814541 0.00159974174245 0.00159988343998 0.00159985046236 0.00159978099919 0.00159996808451 0.00159981177642 0.00159991441076 0.00159981576271 0.00159987849502 0.00159997006827 0.00159993899074 0.00159990150796 0.00159973983797 0.00159975295726 0.00159989046082 0.00159984522977 0.00159990575364 0.00159986309723 0.00159988689551 0.00159967693672 0.00159983750321 0.00159987587809 0.00159969349999 0.00159959095017 0.00159970738561 0.00159989704359 0.00159993446922 0.00159975581621 0.00159987074551 0.00159989691495 0.00159979191029 0.00159988694112 0.00159991100339 0.00159995024049 0.00159983936716 0.00159983029797 0.00159981952952 0.00159985414207 0.00159988871256 0.00159984826012 0.00159989388904 0.00159978808782 0.00159973104603 0.00159979974286 0.00159979857108 0.00159975267298 0.00159979973302 0.00159996613674 0.00159985245333 0.00159974029481 0.00159976945744 0.00159984077887 0.00159982934107 0.00159983546963 0.00159985796324 0.00159985764845 0.00159979527462 0.0015998807922 0.00159988899875 0.00159986453277 0.0015998817864 0.00159984591427 0.00159989732235 0.00159944214309 0.00159959508306 0.00159980262556 0.00159970856941 0.00159977497029 0.00159991354513 0.00159990422893 0.00159981620537 0.00159979436103 0.0015999137257 0.00159984139352 0.00159985967012 0.00159994235869 0.00159987648457 0.0015995429641 0.00159968273831 0.00159967768508 0.0015996300686 0.00159981466435 0.00159987791588 0.00159976958843 0.00159988276738 0.00159986870585 0.00159996556499 0.00159985254071 0.00159988734737 0.00159981201174 0.00159989821233 0.00159966005579 0.00159991422298 0.00159978772741 0.00159976107133 0.0015997552901 0.0015998715654 0.00159987014923 0.00159996771184 0.00159992340969 0.0015999646861 0.00159990319285 0.00159989505529 0.00159956560361 0.00159990042981 0.00159972536725 0.00159981259977 0.00159995284417 0.00159996217347 0.00159987442903 0.00159988710387 0.00159993034294 0.00159979069413 0.00159960142212 0.00159997266804 0.00159975141753 0.00159988034432 0.001599770916 0.00159973408202 0.00159992529422 0.00159995292405 0.00159992747801 0.00159981780794 0.00159978997432 0.00159990799126 0.00159967302109 0.00159976556742 0.00159977137323 0.00159984652892 0.00159986325699 0.00159969286257 0.00159993669261 0.00159997710503 0.00159988614192 0.00159961896181 0.0015998169993 0.00159989890239 0.00159973342869 0.00159978986002 0.00159999191414 0.00159973561422 0.00159988880189 0.00159991142315 0.0015998429058 0.00159981436096 0.00159977234799 0.00159979141126 0.00159984727052 0.00159987530904 0.00159981303557 0.00159977245949 0.00159979372195 0.00159991924532 0.00159977914135 0.00159986422988 0.00159983378211 0.00159987326155 0.00159991927322 0.00159977248003 0.00159992355735 0.00159997300872 0.00159976023964 0.00159991052176 0.00159989187058 0.0015998657495 0.00159985964401 0.00159984217359 0.00159981019969 0.00159983030021 0.00159988731083 0.00159992764256 0.00159997633607 0.00159994798669 0.00159984813858 0.00159992063915 0.00159988376904 0.00159991465291 0.00159988202769 0.00159969329014 0.00159991053414 0.00159990863524 0.00159980623929 0.00159987186067 0.00159994302464 0.00159992216381 0.00159993099283 0.00159992563879 0.00159988301448 0.00159997963422 0.00159992220145 0.00159991930169 0.00159993350786 0.00159992040339 0.00159995566751 0.00159993083598 0.0015999673646 0.00159994084199 0.00159993620799 0.00159997115368 0.00159993664901 0.00159990113271 0.00159989818069 0.00159996428538 0.00159991805293 0.00159972640446 0.00159998922493 0.00159993176107 0.00159995218077 0.00159999264329 0.00159995286045 0.00159992714813 0.0015999355646 0.00159992912837 0.00159997561402 0.00159995570271 0.00159996436788 0.00159989919817 0.00159985562066 0.00159991527531 0.00159986879202 0.00159994141503 0.00159989082297 0.00159983337234 0.00159987309319 0.00159994814954 0.00159995129737 0.00159989452953 0.00159980434367 0.00159986578748 0.00159990497098 0.00159990815659 0.0015999076308 0.00159994733136 0.00159995853968 0.00159995064013 0.00159978204097 0.0015998843713 0.00159988274833 0.00159994624732 0.00159992232727 0.0015999366866 0.00159997069981 0.00159998955789 0.00159990743317 0.00159994039932 0.00159995558882 0.00159992955217 0.00159996070324 0.00159997512686 0.00159998379318 0.00159995566591 0.00159982741152 0.00159997923027 0.00159992677306 0.00159996121361 0.00159983403341 0.00159990801761 0.00159993292335 0.00159995379297 0.00159986827621 0.00159998536802 0.00159995033518 0.00159990364745 0.00159993230322 0.00159992198813 0.00159994219185 0.00159989375149 0.00159987014251 0.001599927104 0.00159993098838 0.0015999503942 0.00159982247138 0.00159978301248 0.00159994410044 0.00159994015237 0.00159995496251 0.00159991735304 0.00159985628832 0.0015999321504 0.00159991175942 0.00159990804102 0.00159995544094 0.00159982920492 0.00159990057782 0.00159981428142 0.00159991934904 0.00159984562057 0.00159992322379 0.00159997217062 0.00159991444839 0.00159995386537 0.00159986653098 0.00159995504192 0.00159995196276 0.00159987517838 0.00159991073311 0.00159995714631 0.00159992997869 0.00159992409261 0.00159995614055 0.00159992368091 0.00159994080992 0.00159994157343 0.00159995449049 0.00159995215447 0.00159990542515 0.00159985543108 0.00159989925877 0.00159990400512 0.00159996608711 0.00159992835527 0.00159997023899 0.0015998960099 0.00159993975161 0.00159989888213 0.00159992651691 0.00159994488047 0.00159992008444 0.00159994105575 0.00159997945681 0.0015999379956 0.00159990374489 0.00159982914421 0.00159990692674 0.00159995617278 0.00159992671105 0.00159989041151 0.00159996565525 0.0015999662651 0.00159994528369 0.00159995008278 0.00159993861072 0.0015998897956 0.00159989926373 0.00159975718606 0.00159976994537 0.00159989452774 0.00159989740083 0.00159988481734 0.00159991642132 0.00159993624415 0.0015999161846 0.00159991167996 0.00159989397969 0.00159995489533 0.00159984118503 0.00159991233043 0.00159988800414 0.0015999215077 0.00159989024179 0.00159993053611 0.0015999517328 0.00159992021073 0.00159984847249 0.00159992131701 0.00159991195385 0.00159992690841 0.00159995151562 0.0015999489128 0.00159994909345 0.00159998307923 0.00159990755685 0.0015998846195 0.00159985755781 0.0015999251991 0.00159993720631 0.00159993237509 0.00159994011978 0.00159991529189 0.00159993917601
</DataArray>
        <DataArray type="Float64" Name="contact_force" NumberOfComponents="1" format="ascii">
6.76916735017e-05 0.000420370771072 0.000140774041906 0.00138425305687 0.000650971226832 2.6867722911e-05 0.000772103822439 1.22350979865e-05 0.000646771207843 0.000655106776794 0.000548656646378 2.66309905803e-05 0.000567437083503 0.000201002397273 0.000757207214892 0.0003593706044 0.000733418575616 0.000521411074552 0.000457155842332 0.000464435241339 2.04501072905e-05 0.000693176079083 0.000393663872536 8.64543766911e-05 0.00215120869296 0.000755689482288 0.0013626785644 0.000597121908935 8.4756429394e-05 4.24191137127e-05 0.000406384930886 0.000415459787093 0.000724300573775 0.000421076873304 0.000809233118818 0.000216054988216 0.000566663977839 0.000487040417034 2.80330992041e-05 0.000392690690512 0.000978134797531 0.000192439475895 0.000517304551019 0.00142873130308 0.000241350589403 0.000296823617542 0.00140850308445 0.0006050167953 0.000134548713965 0.00106536096511 0.000103821794425 4.20584462018e-05 9.45870571376e-05 0.000250329498636 0.00240963224593 0.000651370291632 0.00187735390962 0.000159421998489 0.000829747757565 0.000131201421072 0.000625083153232 0.000706620274582 0.000992318066206 0.0015410843278 1.32987321321e-05 0.00121869423459 9.87472110442e-05 0.000267141091545 0.000719700182947 0.000290839087771 0.000459644365731 0.000641549421401 0.00134749925405 3.8129353762e-06 0.000585436839805 0.000961201497758 0.000892689195002 0.000449269023637 7.47511597411e-05 0.000392648194458 0.000649219549663 0.00033552272576 1.24830112859e-05 0.000249769180513 0.000147140633279 0.000381469685159 0.00012935130634 0.000416391905351 0.00113290877967 0.000746687620528 0.000601854110323 0.000684611697704 0.0010905224882 8.648408871e-05 0.000383292264535 0.000167986164096 0.00168152879451 0.00173215159619 0.000214984887504 0.0004674430178 0.000200025584442 7.03264916778e-05 0.000236378408724 0.000375720655312 0.000390873848768 0.000156729545836 0.000212559897275 0.000156794312755 0.000357427827669 0.000770109335462 0.000714130980105 0.000588682752368 0.000500290705149 0.000140519393219 0.00138271316804 2.66384814593e-06 0.000158545636206 0.000342845286863 0.000190759899255 0.000146165332312 2.46744664108e-05 0.00261117606417 0.0024511393649 0.000446055471605 9.6235713132e-05 0.000175847154511 0.00106876404962 0.000499442662673 0.000379400148398 0.000110399150741 0.000539750374963 0.000232758838492 6.92556351767e-05 0.0006300722189 0.000658944589511 0.000646235670583 3.24238645955e-05 0.000248606551559 0.000292329069739 0.00113240051167 0.000799275647782 0.000265519449627 0.00141476676614 0.000112493925362 0.000425440206649 0.000480425253703 0.00149694373859 6.66791670598e-05 0.000258712819399 0.000775803139731 3.716797838e-07 0.000221141084549 0.000209316633032 0.000334891496148 0.000175964625164 0.000413378510184 0.000502810492748 0.000256903994591 0.000184657830745 0.000414157554822 3.53389298091e-05 0.000284778174583 7.80943832458e-05 0.000184315527925 2.70178332548e-05 1.04829676697e-05 1.70619314029e-05 0.00033946905493 0.00149983444833 6.72042777218e-05 8.63827021876e-05 0.00117016909942 0.00033180620296 0.00077352650649 4.17646693657e-05 0.000254207756293 0.000477428768835 0.00138982677477 0.000585105437283 0.00084301668329 0.000707848211103 0.000598805574618 0.00148274815999 6.97261513089e-05 0.00029495255758 0.000224204071225 0.000295820087063 0.00147047192845 0.00075474027268 0.00034067255939 0.000597926881145 0.000520379062788 0.000415407379087 0.00014386349896 8.01883111332e-06 0.00013447766015 0.000934895274306 1.18175132614e-05 0.000163273910175 0.000810854864291 0.000266639271956 0.00025105357942 3.5947024778e-05 1.2709246664e-05 2.13801816251e-05 0.000172949774093 0.00113533344117 0.000504336877824 0.000297657245862 0.000933190132715 0.000512893100548 0.00033717080545 0.000802458431131 0.000631790143047 0.00033939378477 0.000326215126583 0.00116648392057 0.00133326239417 0.000983818963752 0.000723273548138 0.00030126813711 2.42741003173e-05 0.000252279287832 0.000380907144851 6.55806239781e-05 0.000562896291105 0.00105799480457 2.71149911612e-05 0.000693335042084 0.00049075695329 0.00126962276979 0.000504571973875 5.2206311545e-05 3.13162615339e-05 0.000686676952776 0.000991783099791 0.000933989903427 0.00157689985717 0.00114402457101 0.0010259517235 0.000770387275324 0.000663061883241 0.00132394740589 0.000110378235808 0.000938800799822 0.000474187258591 0.00041191898771 0.000453055950597 0.000603588968307 0.000171542327329 0.000900701740875 0.000399922625692 0.00109822024333 0.000328348087439 0.000602542543899 5.02923695008e-05 0.000566109331777 0.000742016118278 0.000314377019433 0.000802554527809 0.000119679142571 8.76477086507e-05 0.00018155212381 0.000161627318987 8.89152263537e-05 0.000348960803582 0.000260318554727 0.000937715915764 0.000584966975354 0.000308702305642 0.00090160203705 0.000563186757228 0.000677077641956 0.000425278250693 0.000643172591852 0.000512845076478 0.000528704677724 0.00068799847877 0.00045793996218 0.000207945547132 0.000473456379415 6.57304999433e-05 0.000938800653717 1.88124152791e-05 4.87603398047e-05 0.000308188506109 0.000158865192315 3.86218483521e-05 0.000144020232133 4.2666730251e-05 5.61678684518e-05 1.95730171653e-05 4.03001642725e-05 0.000252870433456 0.000150862091513 0.000752063241838 0.00029537778283 0.000264960666365 0.000459472139143 0.000524137362765 0.000202465546937 1.30169860685e-05 0.000152705927017 1.44731570055e-05 0.000520417836277 0.000838365456268 0.000578948287303 0.000386107995656 0.000781650350163 0.000227170005086 0.00035721333259 0.000637895191265 4.48298646306e-05 0.000131266075425 0.000102322195444 0.000355207466602 9.25735058407e-05 0.000346027881222 0.00225480667126 0.000246714609349 0.000367547651149 7.82751975535e-06 1.3596579828e-05 0.000615219771583 0.00231083212705 0.000982411984788 0.000125610806973 0.000373372001988 3.99469107901e-05 0.000516918983341 0.000768164441277 0.000449945516366 0.000172147816098 0.000514108959387 0.00055378564429 0.000732326566912 0.000591006360989 0.00155328596236 0.00135005677308 0.00056722772598 0.000597021041356 0.000898375085486 0.000510854914026 0.000585267726819 0.000557494838675 0.00103844143872 0.0010565839843 0.000211826114874 0.000518021027327 0.000646867132775 0.000394868173868 0.000577582861379 0.000498137844453 0.000105810458348 0.000945907586548 2.77610921419e-05 2.64406728099e-05 6.73753518273e-05 7.08791806196e-05 5.86013409033e-05 9.40768207527e-06 8.01634544251e-06 2.35089881848e-05 2.24842889952e-05 1.52413295373e-05 0.000407800889848 8.71996674027e-05 0.00027179768243 0.000818254182668 0.00143810645626 3.59456801797e-05 0.000514610142166 0.000674339060561 0.000273292777052 0.000624902087594 0.000305178765801 0.00120902498157 0.00042235576079 0.000421168333316 0.000641747443308 1.0922397649e-06 0.000254348668415 1.09320774113e-05 6.22653595231e-05 0.000362375262257 4.73261790665e-05 0.000474155225213 6.97892708187e-06 0.000806808043181 0.00054534792243 0.00063979383188 0.000483302336716 0.000729066443369 0.000264262817903 0.00029737472258 0.000649264071895 0.000325285884058 0.000164056713095 0.000943529932756 2.1295976386e-05 0.000392309208475 0.000904119381595 0.000317901114155 0.00104856149452 0.000650878204507 0.000404099538712 0.000482641048561 0.000191673902096 0.000638763140888 0.000978969605961 0.00085415126793 0.000990769728009 0.00112818191045 0.000108624710728 0.000886830291458 0.00143766182121 0.000837134600096 0.000534417326257 0.000331722589451 0.000410224752666 0.000632456190673 0.000618714185173 0.000166310939963 6.32892963728e-06 0.000266974618833 0.00107786899457 0.000283572599846 0.000870934173539 0.00131072056216 0.000900956920872 0.000159569511991 3.150556478e-05 0.00111165737193 0.00238212801053 0.000645809386079 0.000544906434174 0.000956492071535 7.90088256718e-05 0.000944764250974 4.70270346764e-05 0.000162946793583 0.000163504860875 3.11123202318e-05 0.00135766364452 3.28894868366e-05 5.96991026658e-06 0.00016096037114 0.000590491846272 0.000741002949482 0.000791319512924 0.000227049265588 0.00170291433386 0.0021919899762 5.29726022029e-05 0.00235659629092 0.000310935519663 0.000360435045919 0.000703163167156 0.000359194241645 0.00109552224881 0.000308720252624 0.00114706191078 0.000765908269586 0.000685912097027 0.000971955009252 0.000217341826714 0.000184160120595 0.00041387525479 0.000387339122594 0.000443859338747 0.00024838538964 0.000295687722053 0.000319717929603 0.000847505363616 0.000369465106912 0.000200452821803 0.000735191237705 0.000586913113178 0.000161524694501 4.40273076634e-05 4.11599750765e-05 0.000178845302466 0.000797458514308 0.000481398561475 0.00111017033414 0.000546644562044 0.00080111813321 0.000441840754894 0.000439127733085 0.000145885517393 0.000374624757689 0.000207604608912 0.000259826297078 0.000394872306951 0.000827599730523 0.00010799658844 0.000431490636714 0.00186812942163 0.000367741311044 0.000258989868576 5.675478018e-05 0.000293822879719 0.00114556887039 0.000767250000077 0.0012032749471 0.00012929635394 0.000259814989104 0.000109790070554 3.48336166453e-07 0.000484527961189 0.00012433360277 0.000758800750223 5.00913227347e-05 0.000569115330103 0.000452339253819 0.00028716352961 0.000766650382196 0.000788770022803 0.00105167797586 0.000220627755195 0.000902085867237 0.000997031179422 0.000652625012805 0.000167443685097 0.00013435274633 0.000141198323031 0.000157409955143 2.54066684912e-05 0.000440901505696 0.000793304248777 0.000452635383616 0.000519670258493 0.00022728938861 2.23933107276e-05 0.000550863466837 0.000264239830688 0.000368960439743 0.000425350972322 0.000110566749876 0.000359937857933 6.67852984331e-05 8.4582101388e-05 0.000468754067025 0.000178938672365 0.00037859740359 0.000226968639905 0.000173326214671 0.00057829530698 0.000742088526974 0.00103403701109 3.11524952927e-06 0.000752315074323 0.000106878969616 0.000172913623691 0.00067094401687 0.000833426008751 1.04329694205e-06 8.48349810684e-05 0.00125552525194 0.000412840921265 0.00055098290121 0.000782838961649 0.000961997737907 0.000723109482593 0.000832015432081 0.00035210057856 0.000231573663941 0.000283421087111 0.000520405957467 0.000311963841283 0.00028431589772 0.000228733145229 0.000402386875737 0.000232013414191 0.000543907955307 3.38192810105e-05 1.77721411613e-05 0.000307153936673 0.00038003044447 0.000162378454376 0.000557070834037 0.000682970386315 0.000212741140174 0.000466080299618 0.000382745934834 0.000357677962979 0.000222583476436 0.000120368637692 0.000426420422605 0.00148050339278 2.89630537284e-05 1.71812077937e-05 0.000513639471532 0.00019110254931 0.000347597338502 1.88665799568e-05 0.000810858853779 0.00141686683641 0.000498755166919 0.000762680230292 0.000939218224122 0.0012159955073 0.000515971136385 0.000769924030791 0.00105719005924 0.00139371023288 0.000711508511907 0.000890508511201 3.12770740285e-05 0.000195167907503 0.000176950426549 0.000220793995295 8.95113909421e-05 0.00016928408076 0.000195960085518 0.000728477911198 0.000936180338014 0.000576740604386 3.971577512e-05 0.000789668783575 0.000855785031963 0.000619276402399 0.000381482074506 0.000964547791856 0.000508692805156 0.00148188695945 3.43858911469e-05 0.000428136060832 2.85743432082e-05 0.00121353914693 0.00166116276183 8.90289605925e-06 0.00172234113404 0.000610820506816 0.000147728570981 0.000176924750155 0.000149035168041 0.000194663807758 0.000750070277185 7.55955519993e-05 0.000285000739323 0.000228630788447 0.000131094640648 3.93813542471e-05 3.232080193e-05 0.000177527669844 0.000197855780664 8.16351264355e-05 6.18403603328e-06 0.00146471486069 0.000891651653599 0.00138230476858 0.00182369262851 0.000140163274665 0.00104457876843 2.66069893006e-05 0.00161818936697 0.00125182432174 0.00125899194274 0.000777317241425 0.00122149662439 0.000669231430495 0.000591073572784 0.000651172912908 0.000834454639417 0.000213915430188 0.000371460583567 0.00067362090487 0.00119319082013 0.000734247882701 0.00108104925722 0.00109564193391 0.000920672356679 5.94088073422e-05 4.07604785498e-05 4.39069374028e-05 3.93636802539e-05 0.000853762674613 0.00053756080188 0.00105857004265 6.89450036668e-05 0.000394681379867 7.47021514964e-05 0.000194593882717 0.000611005030956 0.000503342030864 0.000225543634299 0.000646842897616 9.92547353639e-05 0.000487674893888 0.000462127793569 0.000670399891479 0.000638652553679 0.000200456038568 0.00103965703582 0.000244707342901 0.000298503596712 0.000784683771279 0.000295619693141 0.000812638561349 0.00122548145618 1.89383244205e-05 9.75801711888e-05 0.000343952677675 0.000202211166792 0.000114423169937 0.00112794369185 0.00025579931883 0.000158474384291 0.000413390131199 2.70567643316e-05 0.00014614507437 0.000670697227785 0.000877394204012 0.00037124412155 0.00166135541077 0.000197321885248 0.000714328065782 0.000830242061458 0.00138099561387 0.000350986423824 3.67122728424e-05 0.000297016929746 0.000696117065253 0.000257011284068 0.00110915075848 0.000154611692539 0.00012393295126 0.00016611338117 0.00119826968694 0.000496965081577 0.000236052568515 0.000203859571836 0.000434777372515 8.38060076838e-05 0.000329201313433 0.00037829045916 0.000110259051067 0.000626943770142 0.000516112147636 0.000123830924915 7.62640190328e-05 4.11180134007e-05 4.14364829105e-05 0.000879385865724 0.000285255992004 0.000295348805831 2.65462914654e-05 0.000817443738213 0.000110849648962 0.000264419874704 0.000411116254219 0.000775705152335 5.0783630534e-06 0.000371498862744 0.000502856955746 0.000136630888384 0.000183255375547 0.000585807555372 1.77793430843e-05 0.00105484317988 0.00202699086242 0.00018416082525 0.000432831379621 0.00103582583338 0.00111491643556 0.00166947020272 0.000413024938545 0.000804630895167 0.000542974980158 0.000829807595673 0.000586070187531 3.57017845047e-05 0.000610279800209 0.0004273411491 0.00120112050122 0.000984900612377 0.000473144093933 0.000537217112683 0.00209348312605 0.000147213092009 7.41510491632e-05 0.00194909022478 0.00132024005405 5.83304461785e-05 0.00221915888636 0.000424343516981 0.000255468228315 0.000295425778187 6.06642027465e-05 0.000391004761448 0.000593299223552 0.000814679185194 0.000682842946485 0.0008026484342 0.000364422395074 0.000281525881717 0.000468529174559 8.63497941793e-05 2.58146109227e-05 0.000386802826238 0.00153208552759 6.85811320826e-05 0.000731377798454 0.000240235730412 0.000892222301154 0.000452747950717 0.000400920799342 0.000567457156764 0.000518766147537 2.44255256315e-05 0.000857345786231 0.000124448104471 0.000562943235989 0.000385619586167 0.000594321113245 0.000293762481754 0.000521259929238 0.00153237730573 0.000196344365251 0.000461533463774 0.000813885715787 0.000793969317726 0.000454627138369 0.00101292640926 0.000317662518721 0.00066917877624 0.000697014009837 0.000361366789219 0.000200324404645 0.000267061033586 0.000556786497608 0.00103235463274 0.000427498217836 1.27857249771e-05 0.000110336720857 0.000500833071575 0.000205781417196 0.000423025703092 0.000221495575522 2.32997732774e-05 0.000655089529018 6.11320529943e-05 5.37991339473e-05 0.00134553067846 0.000224951092999 0.000560133736556 0.0010784401286 0.000748702379144 0.000676678034454 1.93360674315e-05 0.000262290440462 0.000200083440306 0.000586854148751 0.000117242488166 0.000102681339808 0.000417402468758 0.00164047230412 0.000309465205227 7.45208486894e-06 0.000277176911772 0.000397931509243 2.71571454961e-05 7.22552323289e-07 0.000335224570624 5.20230600997e-05 9.36383385999e-05 3.28927388083e-05 0.000583457640067 0.000290844386213 9.82038410068e-05 8.10072168253e-05 8.17907304733e-05 0.000211006654068 8.28674754359e-05 0.000206979833422 4.20224258379e-05 0.000742902209498 0.000469182713512 0.000359969390693 0.00109097311237 0.00126894545133 0.000676092633031 0.000356325972884 0.000157778132 2.63925468581e-05 0.000207191487879 0.000207919984358 0.000334154084542 0.00111067649723 0.000930546082561 0.000807536082919 9.05978648917e-05 0.00040455563406 1.66243987043e-05 0.000540010656192 8.31475641252e-05 0.00026737540934 4.42644119745e-05 0.000293241246775 0.000329430950711 0.000541277608923 0.00017728933407 0.000186575955243 2.47861013781e-05 0.000617884326709 0.00117986217472 3.88238141096e-05 0.000407865676272 0.000696303987372 0.000108406620837 0.000293844097424 6.5275279002e-05 0.000113319056663 0.000106126592861 1.87060316382e-05 0.000252046590841 0.000307679015006 8.88562161213e-05 0.000531366060432 0.000442448853773 0.000419718183017 0.000274986938518 9.79180813393e-05 0.000585402363094 0.000596666455654 0.000141965691249 0.00120218020188 0.000885597196266 0.000215914375774 0.0022734057853 0.00059055791557 0.000174690145294 0.000155103010628 0.00067429592098 0.000549845569349 2.60608182712e-05 0.000853081176579 0.000274079129304 4.45239852196e-05 0.000223928838337 8.49686316259e-05 7.28000247038e-05 0.000253377567988 2.05662852534e-05 0.000303902690882 0.000194558011642 0.000109770366824 0.000798904528262 0.000135520584898 0.000343239796218 9.39001317356e-05 0.000354748853986 0.000341324884494 0.000189298535579 0.000564139201612 0.000239663526797 0.000668686347455 0.000310514241399 5.88463487033e-05 0.000370322565304 0.000790546328603 0.000813329860999 0.000130368159256 0.000547386452664 4.38204761926e-05 0.00148429006046 5.87802053758e-05 0.000211482487235 0.000207931627693 3.53404726885e-05 0.000653620394792 0.000391157253528 0.000138126231678 0.000110975582544 0.00015609347898 0.00022970275203 0.000416770981674 2.59981969225e-06 0.000800313041824 0.000537118059788 0.000753290702688 5.53666451311e-05 9.28151278108e-05 0.000462712861353 0.000540891289041 0.000271533059494 0.000945405087848 0.000679129647118 0.000415431493484 0.000576085670855 0.000894238196935 0.00156821771057 0.000677508386843 0.00141154520952 0.0016240155552 0.000318776812192 0.000253918320568 0.000536543000303 7.77824635214e-05 0.000267982683175 4.17760511239e-05 0.000490717041451 0.0010925235167 7.58069210399e-05 0.000135875432221 0.00010122788687 4.24503078528e-05 0.00108602871963 0.000201341846436 0.00116935942986 0.000877060969963 0.000188363467403 0.000440637339979 0.000752455768506 0.00144061420671 0.000683744324324 0.000530926354696 0.000330137066396 0.000386458287901 0.000513360322391 4.93622953813e-06 0.000819670760141 1.25390501215e-05 0.000569998418268 0.00106715593133 0.000165428026892 0.000401232519976 0.00125511775093 0.000590883497151 0.000389423179434 0.00128945715137 0.000124458747688 0.000416372930824 0.000279038269812 0.00011268843976 1.82095710515e-05 0.000131135531226 7.78901321732e-05 0.000300992597818 4.33233387838e-05 0.000570371917211 0.000289038410294 0.000624553563417 0.000544274647915 5.30640373913e-05 1.66243569157e-05 0.000370176080979 0.000440254826943 0.000268990248716 0.000463737121751 0.000505250801444 0.00015344445165 0.000322689761342 0.000276677422682 0.000728979070184 0.000115817252958 0.000114908815733 0.0006145758381 0.000229670817768 0.000105510656387 0.000580476696639 0.000256884341409 0.000656175541979 0.000128890772927 0.00135818197925 0.000651375544052 0.000381116732719 0.000336378761841 0.00038505490287 0.000516306421264 0.000188933596712 2.803243876e-05 1.10964703665e-05 0.00073864741635 0.00101762599532 0.00108113128497 0.00123963336541 0.000420771464431 0.00012651110138 0.000829897692039 0.000262501309404 0.000114808143341 1.87947523468e-05 0.000648752440394 0.000230540508135 0.00021198697897 0.000441362669613 0.000322446709581 0.00138326007161 0.000986634507398 0.000915986220297 5.23434616712e-05 3.49227841626e-06 0.000295023543517 0.000718155313035 0.00112275097167 0.000174142836408 2.02037902106e-05 0.000434805443893 0.000103116839844 0.000188085969348 0.000232333894935 0.000146089101536 0.000153723701637 0.000159722735939 0.000612519684509 0.000713854367553 0.000617335286046 0.000525900213358 0.00049199323557 0.000263434621618 2.42389651884e-05 1.43057243034e-05 2.07854892927e-05 0.000165056608359 0.000215620772381 0.000111590252884 0.000903792598728 0.000919904414503 0.00101295451526 0.00069427364236 0.000289637388974 0.000305647369665 0.000287742526339 0.000511467678667 0.000414038208226 5.21861600186e-05 0.000596112838501 0.000868913160017 0.000805516068211 0.00136163920491 0.00145307082937 0.000346112797492 0.000735681932359 0.000808209778044 3.42606354299e-05 0.000801913857996 0.000505557772714 0.000223775418914 9.47469145257e-05 0.000512161554125 0.000503387392595 0.000357307014335 0.000509636098182 0.000873300013844 1.59938363053e-05 0.000533511143535 0.000322524758205 0.000347956844023 0.00015129980481 0.00041387248123 2.66125564126e-05 0.000352288419671 0.000403266261496 2.46307109337e-05 0.000583585118411 0.000311878348542 0.000282747351342 1.66898690616e-07 0.000595437374652 0.000808504373113 5.59361582984e-06 0.000783063714594 0.00047286813476 0.000712678722091 0.000418460959454 0.000293524260939 0.000627027173219 7.48658778225e-05 8.93674244103e-06 0.00105917884104 0.000791311575539 0.000144089996528 0.00113402626323 0.000429623692653 0.000328169571114 9.26645928109e-05 6.76305041766e-05 8.76191009113e-05 0.000236935673772 0.000132318763461 6.05817456473e-06 0.000264133898534 0.000146154384118 0.0006245507311 0.000615691769111 0.00024143805179 0.000795908675859 2.68441864768e-05 3.73004108875e-07 0.000665092977013 0.000122982810469 0.00125790354594 1.6154034021e-05 0.000733307111783 0.000606178025201 0.000297784112848 0.000298222133522 0.000227871178569 0.000101344732465 0.000848303837791 0.00068990026545 0.000243142995062 0.000855816962317 0.000609504962508 0.00134683507569 0.000283109601627 2.27573716881e-05 0.000288983536183 0.000431350403528 0.00150733886506 0.000479868237754 0.000595746522321 0.000193719427578 0.000573619237774 0.000874269173562 0.000149923409457 0.000459005190868 0.000915503695024 2.90355632963e-05 0.00169730162037 0.00152611330828 0.000757177120457 0.000158305441656 0.000343395767899 0.000369027715962 0.000453600965922 0.00115485713498 0.00126744809681 0.000416672976722 0.000521086310063 0.000727388693298 0.000987799474873 1.04795074785e-05 0.000680394121866 0.000935584800037 0.00141164497739 9.52650405805e-05 0.000940205145071 9.25724275407e-05 0.000329097656613 0.000656954542944 0.000901924144972 0.000249340526348 0.000601068320825 0.000567571714783 0.000854246691158 5.45471958182e-05 0.000590516600492 0.000793204089782 0.000490499798392 0.000259429771651 0.000140972746366 0.000136445689604 2.99713267621e-05 0.000155005515371 0.000430147050914 3.16997183158e-05 0.000376323509032 6.76950167461e-06 0.000233571583166 0.000902947025995 0.00106818142182 0.000292125470646 0.000966770964065 0.000149743150022 0.000295140251473 8.38503297304e-05 0.000239069136659 0.000511376415247 0.000593511916866 0.000115375249564 2.82475858078e-05 0.000495949867577 0.000484660459124 0.00159722831864 0.000184894607618 7.23694065072e-05 0.000250278201406 0.000113141166772 0.000366583326522 0.00111585499841 0.000401643687282 0.000618049922332 2.78930325295e-05 0.000192842499986 0.000531522727659 0.000103320216578 2.33479933204e-05 2.23307888365e-05 1.33384588601e-05 0.000229059305185 0.000414512814873 0.000437861670942 0.000187940417149 0.000297020062182 9.93243676426e-05 0.000157454070252 0.000485730849716 0.000329983029451 0.000246411606138 6.13071502025e-07 0.000358421888976 0.000174488594386 0.000290285677224 4.67556175657e-05 0.000547190616064 4.86677448155e-06 0.000128111226194 0.000174503781085 4.70676154824e-05 0.000797275669128 0.000468923312919 6.77729542945e-05 0.000286269083264 3.06492987139e-05 0.000849339485387 0.000441333337351 0.000493170326352 0.000362884101108 0.000396220335786 0.000734472857365 0.000488043093454 0.000517092880066 0.00137026931428 0.0010426435297 0.00013591606956 8.88973119461e-06 0.000134487081716 0.00010983432034 0.000954923656265 0.000521622242219 0.000896550520503 0.000730484666722 0.000535547643019 0.000578032799076 0.000513879052747 0.000188463133539 3.74390923642e-05 0.000458397819916 4.48840162269e-06 0.000288122226638 0.000134738653269 0.000329985625996 0.000477127747492 5.72386393636e-05 2.95264731046e-05 0.000335783626467 8.74173633443e-05 0.000555967077714 0.000518732389116 0.000782718323753 0.00179666762809 0.000209035065926 0.000165400165292 0.000211642986757 0.00024175365527 0.000870402990457 9.546598772e-05 6.52150112635e-05 0.000968647527888 0.000295471362502 0.000828973597028 0.000624686531672 0.000288958986021 0.000760682156036 3.33112889902e-05 0.000182578655609 0.000135082363667 0.000303819887187 0.000268250239645 0.000213597585886 0.000517199766203 1.64714981274e-05 0.00078436393241 5.89355316077e-05 0.000160537017215 0.000128026034241 6.80602268952e-05 0.000172572080093 0.000105923032407 0.000199414629614 9.78175901597e-05 4.43707530236e-05 0.000704558308636 2.51120090658e-05 0.00118790023298 0.000157626457004 0.000109310897225 0.000236593699047 0.000463294153943 0.00102153735702 0.000208038632625 5.00873893683e-06 0.00108161768558 3.35237613358e-05 0.000629148535211 0.000502852506111 0.000250397773164 4.32202234019e-05 6.6910752517e-05 0.000301952617699 0.000244780782146 0.000785069585157 0.00120183297148 6.36611009135e-05 0.00115506515815 0.000681106062893 0.000730162541261 0.000832066397099 0.00105635377748 0.000700154821204 1.900422623e-06 0.00034285057596 0.00024859138786 0.000245412042502 2.50988996825e-06 6.07221309881e-05 0.00102560201208 0.000964620508669 3.80397349948e-05 0.000872784760362 0.00101877593761 0.000804744762872 0.000352160098969 0.000886446315789 0.000387882850031 0.000805103538994 8.81012597616e-06 0.000257149206267 0.000166986615248 0.000124490858238 0.0006846110052 0.00146589401485 4.11587465696e-06 0.000121372864837 1.82695335541e-05 0.00051721777582 0.000393903625716 7.87588663868e-05 7.5387703606e-05 0.000297602421316 0.000763966765551 0.000240937492036 0.000409218526318 0.000285149821787 0.000535258513862 0.00126389048248 0.000240396480101 0.00107280832205 0.000234899600231 0.000310915981004 0.000422285983283 0.000688666179757 0.000650958781419 0.000795678805693 0.000414028505472 1.32635980424e-05 0.000365924741863 0.000628828750733 0.000299298729561 0.000158784014475 7.98018256874e-05 0.000110379036429 0.00119555452255 0.000162781380451 0.000287500216109 0.00118315683517 0.000457026765449 0.000286814718029 0.0010197411421 0.000469075206635 0.0011982947422 8.91448523744e-05 0.00146174880203 7.31898859934e-05 0.000779981295673 0.000909646001194 0.000249766411699 0.00038938058712 0.00044155369897 5.05679647398e-05 0.00032875651491 0.00065991846835 0.000437528253185 0.000526059289044 0.000555656955256 4.65190062604e-05 0.000401393888391 4.62785811144e-05 1.25830981586e-05 2.08859553389e-05 0.000121842727382 5.99884635913e-06 1.61027059669e-05 0.000319361114107 0.000175457192767 0.00020435173025 0.00109046447205 0.000210815182881 0.00146833046857 0.000370903709503 0.000739073067406 0.000638760836264 0.000292966454416 0.000156952723864 0.000130784848289 0.000326720232234 0.00088141655271 0.00168225393068 0.000712879833022 0.000134059926039 0.000638322925133 0.000320283841475 0.000502345051765 0.000180709689461 0.000383142975023 0.000725610763508 0.000687876197635 0.000438480318746 0.000359221585192 0.000419853562819 0.000183839464733 0.0001243746059 8.18528315057e-05 0.000152374653173 0.000212254666725 0.00034260608031 0.000546264789401 0.000475459513715 0.000346383710716 0.000667184610159 0.000740061140039 0.00107529255437 0.000627695253053 0.000997170098772 3.32939606798e-05 0.000914867565232 0.00105009670688 3.0738489272e-05 0.000618568185907 0.000381314093837 0.000518066394584 0.000128873433949 0.000706188398386 0.000669399725264 0.000448239859453 0.000459670360165 8.34509129333e-05 0.000493998278575 0.000222107893192 0.000428375774424 0.000593986218597 0.000400654668698 1.53441107692e-05 0.000327693437011 0.000467688587688 0.000297388312943 0.000265719050504 0.000973037318832 0.000457216505443 0.000169487507309 0.000536282657143 0.000111234206991 0.000215300521022 4.81864258927e-05 0.000168954933596 5.42307829598e-05 0.000257109213901 3.96182825363e-05 0.000297325701531 0.000325197139138 9.6050459678e-05 0.000501268426954 0.000319700911155 0.000245578764451 0.000303383311475 0.000230279593378 0.000101036329834 1.42354017991e-05 0.000514494750208 0.000469494068282 2.06025355024e-05 0.000706128400022 0.0011268591772 0.000609591822358 0.000917766044503 0.000605787174803 0.00072056013484 0.000134039427709 0.000195880808824 0.000403007733058 0.00106593105319 0.000457215785054 0.00128603310166 0.000651279969399 0.00137299513791 0.000913574718263 0.00107550659573 3.41921517177e-05 0.000548621045586 9.59150177721e-05 0.000532181888679 0.000656466443573 0.000290028897449 0.000216019218624 0.000434765983253 0.000562872328371 0.000583721148622 0.000381589323706 0.000385880241974 0.000675992178314 0.00105458927493 0.000332486402245 0.000326201673486 0.000312152792182 0.000537455816729 0.000197989935576 0.00034496914556 0.000240036195717 0.000301754971909 0.000273153968762 0.000865973171428 1.8019062507e-05 0.000655135127454 0.000239579703466 0.000428027570501 0.000205859030554 0.000760135226449 0.000112319527619 0.00114027460093 0.000277859977432 2.51048218023e-05 0.000534424908882 0.000823060463464 2.93359782008e-05 0.000524622564815 7.63520598948e-06 0.000642889440483 0.000202663554774 0.000288979712486 0.000284375092476 8.37622919406e-05 0.000600283337356 0.000779178405237 0.00163653538067 0.00124238498137 0.000573329870176 0.000251523917589 0.000242560590845 0.000273930120631 0.000289194274381 0.000469784898924 0.000198747486933 0.000109255695793 0.000271341595117 0.000462385301479 0.000155946411221 0.000431232883782 0.000512217709883 5.95962538718e-05 6.30712181792e-05 0.00010329789279 1.55795968606e-05 4.6689123699e-05 2.64854127783e-05 1.03867526221e-05 0.00112721215179 4.96541726006e-05 0.000233256851624 0.000753328201058 0.000179970744662 0.000375027342897 0.000201392482337 0.000394390897667 0.000410022711331 0.000215760589008 0.000202094310806 0.00039790686734 0.000390241489262 0.00038582254182 0.000883625377506 8.58945067277e-05 9.76474623099e-05 6.75408546094e-05 0.000884077948166 0.000809785674576 0.000195799569188 7.03880141044e-05 1.85815416159e-05 0.000846651364305 8.87140752429e-05 9.47788700578e-05 0.000323889088067 0.000466036707862 6.87086101976e-05 0.000179256510899 0.000793653119805 0.0007479016268 0.000110834712565 8.04635294858e-05 8.34295770181e-05 4.49342221722e-05 5.242487973e-05 0.000537063723659 0.00012620289898 4.16169274646e-05 0.00016026170473 0.000446539328392 0.000133089683523 0.000100907188706 1.95262710877e-05 0.000478664378055 0.000321060324753 0.000263058489958 0.000237650390021 4.17921868388e-05 0.000106352301366 0.000941861279272 0.00101934090579 0.000229043639881 2.24380880752e-05 0.000290012335592 0.000511666719897 0.00015979418456 0.000630224342851 0.00031196855723 0.000425493580368 0.000175375275111 8.39609242408e-05 0.00186568432419 0.000349360175647 0.000471045292518 0.000856517655006 0.000524822144173 0.000618102605192 0.000479223879901 0.000171095915047 0.000631098571673 0.000209823709647 0.000181380579752 0.000302069843598 0.000584883010565 4.87335287031e-05 0.000351840499769 0.000486864953378 0.000375166099816 0.000128048478567 7.7606521248e-05 0.000677348055851 9.45749868861e-05 0.000578437349013 2.48878892659e-05 0.000537516420723 0.0007379119368 0.000428635146885 0.00069445155262 0.000208608991026 6.83940483269e-05 0.000640320786807 7.23674085576e-05 0.000110317837955 6.78247790578e-05 0.000262346646401 0.000744568675534 0.000472808532058 0.000495888338057 0.00030473614218 0.000629058397891 0.00020262435613 0.000469495789232 0.000297610019742 0.000372146903983 0.000337779433392 0.000413633530561 0.000711810099564 0.000165440292131 7.83473491534e-05 0.000211387317632 2.05365776926e-05 0.000228527517501 0.00039348913927 0.000480607733726 0.0001131233785 0.000542761938712 0.000556386874219 0.000125309381399 0.000292062524056 3.68429771935e-05 0.000269466489711 0.00100656096142 0.00060377011722 0.000187615562471 0.000572524596132 0.000298395437149 0.000402826904327 0.000772805501173 0.0001960254584 0.000300074898787 0.000314296656002 0.000143809392958 0.00108340408655 7.83372194866e-05 0.000153673947168 0.00092747119821 0.000238637279525 0.00029897269007 0.000911653793469 3.60610518778e-05 0.000102064633896 0.000455656134119 2.95157680075e-05 0.000181976175578 0.000156432896316 0.00102874510396 0.000146026725598 0.00025360366039 0.000861366647482 1.2944692956e-05 1.40060779907e-05 0.000618702565142 0.000393539200873 0.000883269369417 0.000816271442137 0.00122818009414 0.000869398788793 0.00109256612358 0.00138684415262 0.00101710985492 1.8115790572e-05 0.000321465230544 0.000446576860885 0.000998618547275 8.93459744645e-06 2.8307926811e-05 0.000757239532397 0.000884168875151 0.000824981842362 0.000383517385869 0.000271692684644 0.00108264406948 0.00040496569997 0.000343908524539 8.76504775976e-05 0.000413073424148 0.00075363592386 7.34930200482e-05 1.073498928e-06 3.35184696749e-05 8.36213998408e-06 6.61950889143e-05 5.17464349435e-05 0.00020710927242 0.000342736827599 0.000158166950668 0.000132606375037 0.000355625963255 0.000320942847649 0.000450499536105 1.01543701717e-06 0.000315727407962 0.000180583642217 0.000166849797632 0.000291014274113 0.000840237450899 0.000604040490738 0.000149306772066 0.000176927522027 0.000332230481181 0.000242604523587 0.00123992035512 0.00043526983678 0.00042453701366 0.00059921877347 0.000150653813265 0.000255596250981 0.000268021193733 0.000483559339664 2.18077533182e-05 0.000580104646255 0.000423364033844 0.000515733404021 0.000993296000112 7.85940005755e-05 0.000536234821457 0.000615696902586 0.000218319655727 0.000246584827227 0.000117317934307 0.000744267457784 0.000517202921721 1.96274399543e-05 0.000628863441495 0.000798538515802 1.55515560757e-06 0.000504396615534 0.000475660505653 0.000579922092617 5.72469694391e-05 1.85821483933e-07 0.00103330462328 0.000474255747221 0.000166435038196 0.000247265957405 9.45531774651e-06 3.55558663206e-05 0.000662401920418 1.48948743521e-05 0.000287430543456 0.000439292383683 0.000282726710225 0.000295037489602 0.000316757976364 2.43115472245e-05 0.000264373892036 0.00013153787166 3.61324048148e-06 0.000350487525764 0.000149791555674 1.22032601778e-05 0.000426664424895 2.88083428524e-05 0.000164506558796 0.000252755478723 0.000247839796172 0.000278189753064 0.000111353058064 4.37710926486e-05 4.97910745903e-05 0.000331788969383 0.000317458435433 0.000266497200325 5.45615022303e-05 0.000488123594309 0.00057510072808 0.000884655630062 0.000867349759482 8.65977754219e-05 0.000370892401142 0.000686469972031 0.000403046951245 7.13878634521e-05 0.000628949023189 0.000585693396688 0.000459176292346 0.000396187439697 3.29301118091e-05 0.000347710881117 0.000217416398505 0.000292428409474 0.000835212982743 0.00145168104965 0.000196831524665 0.000414828663994 0.00023832393736 0.00064026369029 3.05858887081e-05 0.000412909578467 0.00043014668554 0.000204033940181 0.000914380198194 0.000401990888398 0.000430002024244 0.000878668095284 8.11249503876e-05 2.7307402089e-05 0.000620766453367 0.000105988607334 0.000197702635427 0.000510673101949 0.000479420212414 0.000338196287152 0.000865731507572 0.000297682122194 0.000350621104792 7.3485375726e-05 0.000407639210727 0.000515873903987 0.000121668928533 0.00080675614054 0.000410015285382 4.8749453305e-05 0.000326354951348 0.000376024447239 0.000183312873755 0.000260681032641 0.000196511391329 0.00030693541349 3.02115989069e-05 8.16252553576e-05 7.10124368191e-05 0.000455066544999 0.000122710501721 3.70107621157e-05 0.000562708318263 0.000475448522126 0.000311475989377 0.000335425493674 0.000213042304781 0.000444514657788 0.000432026871813 0.000185009358713 0.00103219500958 0.000496190065115 0.000797227621192 0.000442820712833 9.42119202753e-05 0.000230630674981 4.59627356853e-05 0.00015720946871 0.000951190751475 0.000403469556345 0.000472253873244 2.95371186646e-06 0.000448222945962 0.000192909584188 3.01468261057e-05 3.81248358461e-06 3.15301231666e-06 5.6902825178e-05 0.000685927635733 0.000262495757392 0.000824107442413 0.000402334800757 0.0004274987802 0.000798723308723 0.000322636431039 0.00048444387152 0.000172466388076 0.000827573223886 0.000720234711425 0.000569022934112 0.000170918573991 0.000389976051705 0.000200809341071 0.000232990292054 0.000753414751809 9.52885287127e-05 0.000749806425967 0.000983202657297 0.000244595793775 0.00043446587131 0.000387658715615 0.000140307527509 0.00036779293787 0.000246564423291 9.44014067431e-06 3.4910858034e-05 7.76997173765e-05 0.000163243847408 3.49014843757e-05 0.000138860228345 0.000221329710606 0.000756825043938 0.000288805080574 0.000645726378898 0.000566982138874 0.000149476356988 0.000444757171405 9.31734085207e-05 8.30368517225e-05 0.000107695514252 3.75762316713e-05 1.73675451002e-05 3.22194253644e-05 0.000787700084156 0.000561420812615 0.000277705218026 6.78589590022e-05 0.000120335977598 0.000441658605279 0.000169357238222 0.000658768832472 0.000697444723765 0.00102309487332 5.56394939831e-05 1.46738054688e-06 2.17171234219e-05 0.000478474504652 0.000558309115949 0.000666047396296 0.000118132636718 0.000681995640829 0.000855896491145 1.30859285098e-05 0.000305280037549 1.88655426164e-05 0.000986356392203 0.000133732206731 0.000889735825893 0.000250423101427 0.000264998142322 0.000151140024245 3.56825507482e-05 2.82950587065e-05 1.21395057413e-05 5.92826541153e-05 0.000237076139737 0.000157545426664 0.000134542615277 0.00102023163221 0.000732996311264 0.000201138541024 0.000614776929929 0.000451310006708 0.000344928715975 2.98125296172e-05 1.60910081602e-06 0.000569320665318 0.000621337326289 0.000404868100862 0.000749508578964 0.000277201504575 0.000350739974035 0.000565887481176 2.99602130836e-05 1.92492210401e-05 8.4814644455e-06 4.92419194824e-05 1.97839810255e-05 7.63764211933e-05 3.74452909402e-05 8.22463537433e-05 0.000394575841906 0.000401047703926 0.000584796187194 0.000354082300735 0.000115580738753 0.000539664861196 0.000832065390087 0.000418974936838 0.000559856576504 0.000526319081565 0.000458538754929 0.000152859444856 0.000814976735536 6.11628956457e-05 3.83562041837e-05 4.93184539494e-05 0.000324409931382 0.000901589838975 0.000421393902006 0.000726149387572 0.000391092724573 0.000102247759343 0.000202439011209 0.000198348962809 0.000135321470706 0.000154546462495 0.000699986468997 0.00027633644074 0.000524761611186 0.000155147970472 0.000438291745412 8.35407733104e-05 0.000226463246174 4.56195226536e-05 0.0002553110823 0.000196531866861 3.46829473458e-05 0.00029621894894 0.000814363281838 6.66860926933e-05 0.000280227980084 0.000206650478371 0.000277180970188 0.000175639163172 0.000217755979796 0.000661119214319 0.000157642787347 0.000480120356528 6.88276856138e-05 0.000497808277776 0.00040066093789 0.000155312479474 0.000291611745722 0.00019655189614 0.000151879399913 0.000393005880341 0.000458915774196 0.000674781786261 0.000714242655396 0.000663371741328 0.000945454675781 0.000560525353907 0.000209235430087 0.000357439219979 3.10740079348e-05 0.000388322559945 5.70516827928e-05 0.000195814680012 5.31037898055e-05 3.60839533237e-05 0.000178055924079 1.811496803e-06 8.51718015257e-06 0.000138256028752 4.31869989141e-05 0.000122737706435 0.000156224256228 0.000131825746609 0.00060979965225 0.000184678142858 4.11097015636e-05 0.000136692327284 0.000193590056337 0.000561663890046 3.41979089752e-05 1.71197010876e-05 0.000148519779847 0.000263467142132 0.000243757884975 0.000489696922854 0.000287166991141 0.000322859582064 0.000349667000121 0.000431110563667 0.000300573130554 0.000336917370628 0.000282156821713 1.51745138369e-05 0.000252656411389 0.000491180912332 0.00054549593026 0.000520398795303 0.000397360277342 0.000123913446448 0.000137024520449 0.000344384267024 0.000210048689249 4.40112057341e-05 0.000119477565423 0.000994225907924 0.000148510371846 0.000233745205943 0.000400605219308 8.03289113262e-05 3.14681885607e-05 0.000121848708184 0.000166916018526 0.000246934745799 0.000646786191226 0.000881218621515 4.22776743314e-06 0.00019486500765 0.000449409195923 0.000265233677665 0.000147909646518 3.45854242734e-05 1.94033716202e-05 1.23565317213e-05 1.2321303243e-05 0.00029699894642 0.000392783636741 0.000401329485481 9.21792382803e-05 0.000249025633748 0.000589922740967 6.45358007548e-05 8.98670430753e-05 0.00010691442771 0.000425640572371 0.000334678276801 0.000192210116871 0.000497154734787 0.000144967442853 0.000106466367437 4.67096967778e-06 0.000194319181666 2.7156922479e-05 6.57618480051e-05 6.67456374126e-05 5.49008766879e-05 0.000759289504315 0.000640665143887 0.000391814845621 0.000176369823842 0.00017084509013 0.000219621358123 0.000358102762563 0.000654608151712 0.00043620357693 0.000976103493832 0.000398331489716 9.22321097762e-05 0.000616821754751 3.21422684731e-05 0.000301735452303 3.48390492143e-05 0.000390180689796 0.00048793351119 0.00134834555836 0.000115330017879 0.000477784361855 0.00106266738056 0.000457959618417 0.00097746712449 0.000690501627637 0.000450368376931 0.000647597575141 0.000372508763416 0.000149971019175 0.000362423005875 0.000147922513454 0.000360928302564 0.000375894553535 6.44793154166e-05 1.31103514016e-05 0.000415421467676 5.12441849858e-05 0.000191686404496 6.51306894904e-05 0.000113459862009 0.000151884046575 0.000154478355464 0.000530351647432 0.000217018575473 1.54206364231e-05 0.000207764485476 0.000193543726261 0.000193230575749 6.36817423698e-05 0.000312004971255 0.000396383015284 0.000428808699357 0.000491811101617 0.000170952604205 0.000555469824804 0.000358343938277 0.000933180008472 0.000136324644716 1.95742650162e-05 0.00024794240842 0.000222981147645 0.000804581424656 0.000359349401777 0.000470204628121 0.000367946302922 0.000512235731145 0.00129876634483 0.000907293545987 0.000393116891014 0.000496421766603 0.000134794284954 0.000216281759731 0.000490487461196 9.90003505271e-05 0.000204549175406 0.000437512691323 0.00073796005984 0.000494793547785 0.00024506273322 0.00032251218932 0.000710299287803 0.000648528045112 0.000685992323578 0.000448998309269 0.000140901639331 7.80665327523e-06 0.000610658179282 0.000571724886886 0.000547442041647 0.00157271850462 0.000831152670613 0.000212429009768 0.0010487070263 9.59925304783e-05 7.3364420018e-05 0.000382947284705 0.000138701068248 0.000316408658455 0.00111710590569 0.00017621523081 0.000440051487157 0.000498224830757 0.000659919016804 5.71552766702e-05 0.000422724067932 5.33440419753e-05 0.000407774386489 0.000340874736309 0.000117142197166 9.8546007307e-05 0.000297083669433 8.69952175275e-05 0.000179767895858 2.11998016954e-05 0.000750305714434 0.000292852360405 0.000492038637775 0.000171909764713 0.000459536674096 0.000911009430271 0.000264727170437 0.000314751039364 2.73954140407e-05 4.66640698289e-05 0.000146200959536 0.000147765837212 0.000160501893213 0.000357331332983 0.000427296432417 7.25829425614e-05 0.000113247529353 4.57820055178e-05 2.53804355923e-05 0.000745048289699 0.000218452037934 5.60485082833e-07 1.60538332296e-06 0.000150144579269 3.84574955985e-05 3.98552143419e-05 3.46693081443e-05 0.000974205944448 3.62922264182e-05 3.2424519395e-05 1.04705602524e-05 2.05537881772e-06 0.000908422492192 0.000696944307828 0.000613854916044 0.000175863929471 1.10555559572e-05 0.000637961671111 0.000573799683034 0.000319872883307 0.000345914191429 0.000223505921176 5.06471615911e-05 0.000326531191055 0.000435015978538 0.000315975698938 0.00011340077024 0.000149029947014 0.000165623810429 5.24542603337e-05 0.000446387364126 0.000327558199031 0.000107782731048 0.000141808870687 0.000517384186786 0.000162953790484 0.00038423658475 0.000642901141406 0.000123208613206 0.00028980215811 5.48156297067e-05 9.55262492611e-05 4.64842747884e-05 2.98315366454e-05 0.000130082206902 0.000104904680997 0.000173999944689 0.000323462463478 0.000194076883261 7.89080227343e-05 0.000207016053927 0.000107013469402 0.000494863446602 0.00043126236144 0.00025711735219 0.000251094747863 5.68369035874e-05 0.00020665980673 0.000283505027593 0.000188730998668 0.000197136303325 5.05207968032e-05 0.000257099411701 5.84703577846e-06 0.000346752563423 0.000877983786841 0.000241464482351 0.000228484741157 1.93831098245e-05 0.000513471330649 0.000275961453912 0.00039276484625 0.000227661807746 3.6489659462e-05 0.000206616251075 7.48296627321e-05 0.000340815734133 0.000170347170171 0.000411735765384 0.000161620784212 6.87609104749e-05 0.000733755282666 0.00059943283443 0.000415906494413 6.48309811748e-05 0.000359388168585 0.000589707242389 2.58609128682e-05 0.000236941491297 0.000780368059735 0.00107551654658 0.000109738155596 3.58257873176e-05 7.26339341124e-05 6.13122160718e-05 0.000194955629555 0.000147133702555 6.20325194269e-05 0.00022699887276 0.000316456238253 0.000314982656704 2.19598221924e-05 0.000964181521217 0.000997123397081 0.000241153390518 0.000364361950047 5.03125609608e-05 0.000233095081483 0.000108524087305 0.000430457210279 0.000152833692431 0.000418713372531 0.000313836160764 0.000149607356369 0.000286227107228 0.000423500586409 0.000441840290169 0.00048618615606 0.000250447546101 3.53712233708e-05 2.40092529813e-05 0.000392056182517 5.88822667143e-05 0.000199655263747 0.000495789582403 5.83508104523e-05 0.000889684366738 0.000384063679726 0.00023728301847 7.21639336098e-05 0.000366093882331 0.000179653032164 0.000291628107301 3.34842440708e-05 8.24360006921e-05 3.24773283748e-05 0.000352457200383 0.000924661442423 0.000912847629989 0.000237004141049 0.000326086175995 0.000200352551504 9.2151773218e-05 7.0955835598e-05 5.92027496722e-05 0.000118678571034 1.3583119658e-05 4.09427442273e-05 3.00091611475e-05 0.000285723552222 7.1375585658e-06 0.000549908357157 1.1478208283e-05 0.000314751137763 0.000351982138944 0.000236067150964 0.000194567569808 7.30992397987e-05 0.000397705903945 2.41328743318e-05 0.000268607517632 0.000463171893941 9.90653144083e-05 0.000278807090973 0.000365015859425 5.31621551384e-05 0.00034363615064 0.000635158019773 0.000380379687564 8.08915486229e-05 0.000790235036132 0.00056310817794 0.000121655992392 6.4878976782e-06 0.000304215287498 0.000661285541015 0.000140888160407 0.000248378111154 0.00149895850626 0.00100951165374 0.00102576485902 0.000818541920693 0.000293886885606 0.000207446404718 0.000839788288171 5.26095827319e-05 3.74656852467e-05 9.58509986481e-06 3.47382927146e-05 7.30436446732e-05 0.0005163470414 0.000461159526339 0.000597461964031 0.000745689504806 5.67223515453e-05 0.000619161648704 0.000284052142565 0.000534760612069 0.000236738251978 0.000224066020985 0.000136045630253 0.000101157533983 1.04491353305e-05 3.67104019382e-05 3.40127491851e-05 0.000491697014484 0.00016361092742 9.62110308653e-05 8.11096952415e-05 0.00038511916082 0.000326819922135 0.000463938268821 0.000230791747706 0.000103819167738 0.000460140189847 0.000370488465711 0.000513915072567 0.000158712937673 0.000176967849526 3.41915899399e-05 9.28363383694e-05 0.000318814405879 0.000227251446626 5.95109213849e-05 4.13572499404e-05 0.00024251490859 5.08884657331e-05 0.000151660410246 9.61981886371e-05 0.000200700607616 0.000100351431341 0.000112100576576 0.000120791536282 0.000316812491403 2.86136215002e-05 0.000170954651251 5.60496510516e-05 6.59868960306e-05 8.09198528867e-05 6.3176818222e-05 4.10171768444e-05 2.07367747953e-05 2.05371545397e-05 2.68425881217e-05 0.000526103301409 0.00027830940705 0.00070600341934 3.03813818847e-05 5.13981320131e-05 8.74385359833e-06 9.19022988841e-05 0.00082350548135 0.000255630432618 0.00020001007867 0.000475818351246 0.000164764562956 0.00052615270107 0.000413098282944 0.000326753434413 0.000652302181378 0.000352927281831 0.000338932991547 0.000352285319691 0.000168426015202 6.13543776252e-05 0.000253400888641 4.7448201623e-05 0.00065080107472 7.86171725692e-05 0.000657768889776 0.000634499501327 0.000845426837198 0.000249104252595 0.000716225284281 0.00021718304571 0.00017991403955 0.000280984975716 0.000344841533507 0.000211838228475 3.43509404052e-05 7.06871479107e-05 0.000184406059999 0.000476124491597 0.000824249193213 0.000655602614061 0.000411759678329 0.000612304382176 0.000439870217354 0.0002686673137 0.000129740046631 0.000299850368757 0.000392975073594 0.000339434435501 0.00087637531058 0.000657594106464 0.00029403037159 0.000331677092702 0.000148769835901 0.000709778900415 0.000458103339918 0.000354923062711 0.000216646859637 6.53396950991e-05 1.23462148819e-05 1.78022812449e-05 7.14353749741e-05 0.000255108403342 3.68347078343e-05 0.000519000746215 0.000162793112373 0.000651395213264 0.000299091370669 0.000242680951818 2.8243040827e-05 0.000494845555872 0.000469481644426 0.000111641589863 0.000520149945126 9.88035316751e-05 1.01894736204e-05 1.77123751784e-05 0.000195322277381 0.000182868286834 0.000302201938411 0.000229160770333 0.000414616040841 0.000455131334982 0.000237286547702 3.11673413067e-05 0.000195428846104 0.000362342786328 0.000496158389669 0.000483022487583 0.000170913830838 0.000181064670165 0.000261077229352 0.000473801353844 4.64658173773e-05 0.000205512769707 0.000731836909595 0.000245454098634 0.000279148819071 0.000179143688223 0.000178614558831 0.000230842640394 2.91772226464e-05 1.46617487302e-05 0.000135339720129 0.000126839655036 0.000424024413292 0.000174511512945 6.25754086099e-05 0.000410408454483 0.000115765750793 0.000404204730752 0.000469807861548 3.75204497876e-05 0.000744746926956 0.000111711833934 6.07269306131e-05 3.28615768804e-05 6.56434142233e-05 0.000182596678728 0.000144966296446 2.14806231889e-05 2.87544846612e-05 0.000117153584413 5.90412744732e-06 0.00013577860632 0.000739299475299 0.000805185870451 0.000173407024338 0.000266019907498 0.000322750665144 0.000421764007277 0.00044110177858 3.93365956125e-05 0.000208054302491 0.000211157042028 6.41275104318e-05 0.000102699217141 0.000386975804222 9.5583364468e-05 0.000230550718267 0.000353409809011 0.000246126601244 0.000696623428692 1.58915503669e-05 0.000246690051472 0.000186979366541 0.000296090439557 0.00028248188989 0.000213728197161 0.000295150385795 0.000658343380475 0.000138168375919 0.000203579387759 0.000220614992858 0.000494981931048 0.000284667201481 0.000151096474147 0.000359993825054 0.000455963044968 0.000438108774597 0.000312928298528 0.000416167195189 3.46382589422e-05 0.000438470145117 0.000719737641743 0.000335291908296 0.000454966694544 0.000167193522347 0.000529009812872 0.000148854365365 0.000501928481255 0.000708659766946 0.000883465302779 0.000990109752149 0.000349589694112 0.000592619437947 0.000494375640309 0.000233215304748 0.000650712077868 0.000154400986939 1.89933862847e-05 0.000225803071456 0.000288972257154 1.33660254397e-05 0.00023288405272 0.000188357992101 0.000514082972106 0.00026596946291 0.000191286866196 0.000336308191965 0.000487247045096 0.00102597738181 0.000327675541526 0.000176290997971 0.000311157697255 0.000123732059193 0.000832419197518 4.03423594301e-05 0.000201805028895 0.000252866439728 3.34455431383e-05 0.000145796232716 0.00028330391997 4.43526649784e-05 9.49782849682e-05 0.000213377880966 0.000251038071046 0.000310281227246 0.000232243331622 0.000198345627203 0.000218409857736 0.000279619235951 0.000791866665118 0.000391211500051 0.000169312287436 0.000615134494869 0.00052203101636 8.89439723422e-05 0.000280083361189 0.000155707861187 0.000682619004625 0.000483910966963 0.000229242514229 0.00016462051402 0.000246463531129 4.05717755485e-05 0.000326984254412 0.000260530281702 0.000238124411687 8.06937920237e-05 2.96324651579e-05 0.00049629362495 0.000124021627289 0.000104293680513 9.74146582615e-05 0.000262714971013 0.000179339658356 0.000423963912952 0.000218984932138 0.000433121327083 8.19839463018e-05 0.000581110859028 0.000742605532874 0.000116557608409 0.000164493798278 4.28905004366e-05 1.74796076095e-05 0.000328368222895 0.000181096018327 1.36540166137e-05 0.000235896930518 5.02776343226e-05 0.000267095206033 0.000330012987958 1.77197068079e-06 0.000183623410194 6.30633492477e-06 5.89643894717e-05 8.58467847037e-05 6.67872152503e-05 0.00033582106373 0.000501882886447 0.000165212681972 0.000193584343121 0.000294867747619 6.94834374923e-05 8.45756995141e-06 4.05894656918e-05 0.000228916830751 0.000223571340748 0.000254274282045 9.22855993368e-05 0.00039513676434 0.000414733691059 0.000199787334189 0.000346902152752 0.000315929650816 4.51218833215e-06 0.000198726522447 6.69204796999e-05 0.000169830309548 0.000125460032377 0.000236695201734 5.00423054673e-05 0.000453376930243 0.000545979228344 0.000388410594453 0.000179831351533 0.000508897151922 4.71733091137e-05 0.000101508995634 0.000173743167807 0.000100823826992 0.000152341959728 0.000327221591035 7.39730601259e-05 0.000211445536384 0.000158435936998 3.26638000008e-05 0.000504855657366 9.09523624288e-05 7.16403753379e-05 0.00019722066679 0.00050722883222 0.000405003409531 7.49427810937e-05 0.000203747111733 6.63774131527e-05 0.000450618901395 0.00054064310673 3.63557290728e-05 0.000137954056875 0.000249676942755 0.000136541878796 0.000139534082248 0.000649009113335 0.000273137217715 0.000307185614227 0.000155268524541 0.000245834323707 6.69487771933e-07 0.000196953606087 0.000442127209679 0.000254084402538 0.000261493169068 0.000127450335226 5.51922177875e-05 0.000312216909904 0.0001809690319 0.000137956852349 0.00019199512413 0.00077602474696 9.17169420268e-05 0.00021495724777 1.01468983983e-05 8.57091406982e-06 0.000300237211623 0.000212154557335 0.000426061512622 0.000100731363121 6.25669157984e-05 0.000265401303343 0.000103320804149 0.000561930736208 0.000112303313532 0.000231909849861 7.72258486892e-05 0.000396129871261 3.32462194073e-06 0.00031103646582 0.000193750821264 4.48140994112e-05 0.000307520275932 2.01580302781e-05 0.000109450321093 0.000100227577579 1.71161613485e-05 0.000137123165314 2.13601133313e-05 1.17768814224e-05 0.000119501587314 0.000382858654651 0.000328412963608 0.000112502137111 0.000310513337325 0.000114517995947 0.00030099497623 0.000197907698812 4.31351939514e-05 9.28661735132e-05 8.66016698573e-05 0.000262158669668 0.000252585046275 8.39210321571e-05 1.87384544248e-05 0.00011594906146 0.000354865941457 0.000368641584277 0.000198594336855 4.49219309106e-06 0.00011692331346 0.000305691923865 0.000123875265123 0.000176303697829 0.000342815675584 0.000318675504466 0.000226671650538 0.000270114555363 2.20924708234e-06 0.000463453524318 0.000212411471825 1.44967791987e-05 0.000181385758209 0.000188206547037 0.000126455022522 2.72203318815e-05 0.000539417610884 0.000262712964986 0.000257884869341 0.000214273864453 7.18195516458e-05 0.000360223631153 0.000227325210011 0.00015419613933 0.000203412092958 0.000211702318554 7.52700242536e-05 0.000371501581971 2.69029279034e-05 0.000122848344845 6.01552702988e-05 0.000193023798888 0.000467831379207 0.000210664113901 0.000236114613131 0.000274419087448 0.00048276412744 0.000215835721656 0.000214398191325 0.000434838458823 0.000202024320432 2.14287286027e-05 0.000255286997469 0.000120254229625 0.000251540745961 0.000125325655414 0.000686158798765 0.000818794108831 5.50293318887e-05 0.000196270546971 0.000303551298255 0.000103035276357 7.95624561243e-05 0.000132692670698 0.000382675106861 0.000301734007133 0.000338042095375 0.00010820082009 0.000514816749526 0.000126044281743 6.76030536847e-05 0.000146166914179 6.37316402991e-05 1.37462435216e-05 6.21045192325e-05 6.43848843159e-06 0.000177065730774 4.382539888e-05 0.000280896742177 1.52941742333e-05 0.000578446550199 0.000315009077294 0.000260298613285 0.000151823807959 0.000156081202646 6.63391234354e-05 0.0001221125323 0.000173987713184 0.000100705707398 0.000113909439217 0.000226638300741 0.000250797401295 0.000213690420277 0.0001245855666 3.59621414766e-05 0.000149361501405 0.00013208553261 0.000200602638331 0.000102455077543 0.000367352612107 7.47120271285e-05 5.59956571437e-05 0.000300100818556 0.000147450575338 0.000142532624138 5.9095826265e-05 0.000323373510733 0.000335890509889 0.000276513567668 5.52077193348e-05 6.52137187041e-05 0.000185872289739 0.000181242579073 0.000349007165736 0.000194971107489 0.00013254206085 0.000287729828811 7.73219127989e-05 9.32800536882e-05 0.000278116283313 2.73771479509e-05 0.000310896254691 0.000235677662504 1.98499401947e-05 0.000135691087429 0.000224997855648 0.000241284098041 0.00011314433709 0.000146718263461 0.000187625666832 5.6591511209e-05 0.000159083237445 0.000139081227414 0.000158484151645 5.13611080921e-05 0.000129207369643 0.000161524239733 0.00010149616947 0.000135928344295 0.000199660163425 0.000227949379306 0.0002401495303 5.6192873637e-05 0.00014689597732 8.4527456341e-05 0.000159191156556 0.000128378257472 2.89756962215e-05 0.000102847673963 0.000190268008095 0.000147950368501 0.000372921201421 0.000456519827409 0.000366152314288 2.04547327796e-05 7.69616789993e-05 7.58598354406e-05 2.93576759876e-05 1.12474021016e-05 0.000123191464783 0.000223327699682 0.000258339116191 0.0002656091873 0.000103877909481 0.000231737586317 0.000110196928748 0.000338512959074 4.67176879457e-05 0.000313259675486 0.000180021500255 0.000244831699701 4.68809598994e-05 0.00031457969284 0.000497627978813 0.000132295315258 0.000111516494041 0.0001585530185 0.00073225585906 0.000131787374866 0.000602380883546 0.000377364038801 0.000113665543222 0.000150673276628 0.000199188668169 0.000165451221736 6.39187598549e-05 4.03900563998e-05 0.000333056674079 5.97239630808e-05 0.000324192525605 0.000242290725436 0.000328135083231 1.99556215127e-05 0.000227712450793 0.000154169322145 0.000176754782035 0.000191172313875 0.000535886296355 0.000279265846105 9.686008257e-05 0.000224205251645 0.000273930430718 2.51487582982e-05 2.19356639586e-05 0.000145666306387 0.000557177679428 3.75402264697e-05 0.000566456358077 3.75962819564e-05 0.000312612585435 0.000149406046194 9.0738244182e-05 0.000203167130941 4.38199423664e-06 0.000305230148931 0.000130983396521 4.8320952667e-05 0.000147810681199 2.42500512809e-05 0.000141299528101 0.000195681181797 1.46907829761e-05 0.000219119685488 0.000131548784124 0.000152472604678 3.82315954682e-05 0.00010763258834 1.33345968681e-05 0.000188277270847 0.00029145879199 0.000473850152589 0.000114464050805 0.000272599585463 0.000255580009213 0.000134887476403 0.000192200724644 4.10804735663e-05 0.000391662146761 0.00023002376059 0.000200169409649 5.02285809541e-05 0.000106370869434 9.11125982819e-05 0.000232988408537 1.53659556573e-05 9.529546649e-05 0.000205469223167 0.000199272256257 8.81004804112e-05 5.03654631485e-05 0.000144005750379 1.27460080131e-05 0.000133927362862 0.000118663798123 0.000132659520549 1.16369348238e-05 0.000105467469654 3.0565173718e-05 0.000151056185675 0.000133405910943 0.000549419729746 7.80817459578e-05 0.000380007550962 0.000123130742846 9.59851668601e-05 0.000315368047681 0.000143698595458 0.00046193762848 0.000387340486036 0.000287534949875 0.000232967402224 0.000258560616617 0.000132425046406 2.03724691396e-05 0.000101600789085 4.67921763203e-05 2.16335434761e-05 2.67366146791e-05 0.000100456005746 7.01549692583e-05 4.43555738061e-05 6.36342440303e-05 0.000110394998517 7.5641989341e-05 4.33146214844e-05 0.000194321465296 0.000312220645551 0.000293254988658 7.19783900995e-05 2.72483582487e-05 0.000187370652254 0.000348696266622 6.91011128061e-05 0.00019162189816 2.50456817529e-05 5.51308711562e-05 0.000383437306656 0.000168005785344 0.000156366580729 0.000158754467448 0.000263321430097 0.000288025870971 5.94865303645e-05 0.000250131631353 0.000292868993437 0.000244268559833 0.000259188547761 0.000115761500134 0.000199950699837 0.000418370297782 4.37178584691e-05 0.000246125927763 0.000152116095409 0.000118387973997 0.000293307470675 6.46262378851e-05 1.30667340764e-05 3.26364254701e-05 3.98526266434e-05 8.73243047478e-05 0.000239565244946 0.00032648690302 0.00010452862913 0.00010665801861 4.87489276421e-05 0.000351481351963 0.000152689646738 8.53720704577e-06 3.04597335956e-05 0.000222111796489 0.000194155625193 0.000205834814217 0.000465217851985 2.43667709025e-05 0.00047596929429 0.000505907301714 0.000191851901339 5.53658145002e-05 0.000117719887605 2.65501855632e-05 3.32139347333e-05 0.000235359683423 0.000232684847474 9.83018704315e-05 9.46712276828e-05 0.000379018124102 0.000225332968377 0.000153132760656 0.000532491556308 4.91670205658e-05 7.25169787023e-05 0.000171779691359 2.3866426509e-05 0.000286832355954 0.000240846854988 0.000129933124683 4.51042157892e-05 7.36251130138e-05 4.67062659919e-05 9.53676739424e-05 0.00026068824591 0.000325969062278 0.000230318412047 3.71950888875e-05 7.68045480649e-05 0.000348980825223 0.000134942781086 0.000100881179253 4.62919887057e-05 0.000261018733958 6.61672680232e-05 0.000119647685465 0.000160960396936 0.000187412643691 5.10064258485e-05 0.000358306450396 0.000159926306629 2.76553664329e-05 2.272596861e-05 0.000112113363037 0.000303228635692 0.000240809604201 0.00029001976901 0.000179122774913 0.000137143207254 0.000109024308997 0.000101209955908 0.000357834332116 0.000553171915762 0.000305186759014 0.000228738283824 0.000398876083725 0.000391290409951 0.000185521353783 6.59171935757e-05 6.82910854453e-05 8.66721377488e-05 6.35834738651e-05 0.000115227883041 0.00013835207868 6.83624895952e-05 7.75192605959e-05 8.22183013859e-05 6.69214468806e-05 0.000118407368733 1.33920264147e-05 1.59542153844e-05 4.15934544197e-05 3.19247059068e-05 2.39084425542e-05 2.0043562504e-05 1.94511186919e-05 0.000124314479906 8.9741346162e-05 0.000159889484517 0.000226158213922 9.29476707948e-06 0.000166063734282 3.96514447857e-05 0.000138471281994 2.25063157869e-05 0.000182659395252 0.000406299189424 2.92897751246e-05 0.000182150211674 0.000183638741715 0.000146012477312 2.9805899245e-05 7.53075826713e-05 8.28730669752e-05 5.19442871924e-05 1.8040841052e-05 3.99329979074e-05 0.000165107640852 2.56472359103e-05 3.17780801899e-05 1.39538233881e-05 5.4211297389e-05 7.49652584218e-05 1.05062509459e-05 2.50927943095e-05 2.70598269126e-05 4.62633748194e-05 0.000100368810077 7.59011335887e-05 2.84270213759e-05 0.000116041830123 0.000175383657964 0.000259813853112 0.000210868948881 0.000104485954239 0.000231536496281 2.01489634388e-05 0.000240987183289 0.000249013509375 4.42406979962e-05 4.998137764e-05 0.0001327835495 0.00021476064906 0.000153187396338 5.35548073634e-05 4.86477817516e-05 0.000131629126568 0.000111690792394 1.24233322871e-05 4.56988705742e-05 3.93207019949e-05 5.45080029139e-05 6.25325063633e-05 2.73204812041e-05 1.6231289668e-05 0.000131503877009 0.000130575315797 8.55418310244e-06 2.38877103441e-05 8.05761353605e-06 2.86258500288e-05 0.000124324663174 3.4700810202e-05 9.8680312859e-05 5.83218063491e-05 3.62300817922e-05 0.000174538037576 3.89966518679e-05 1.68974796419e-05 1.83484131699e-05 0.000434789250463 0.000147773034481 0.000228475898384 0.000107649227877 4.44487966784e-05 0.000232185824722 6.76770369215e-05 5.35521379499e-05 5.36469301183e-06 0.000123907123864 0.000114605473899 3.58636911319e-05 0.000114617728281 8.67228652829e-05 4.81682996227e-05 8.03270015136e-05 4.64892708725e-06 2.54640567782e-05 1.29995188091e-05 0.000192738715758 0.00021679843086 8.80329234676e-05 3.92841611757e-07 5.52558048343e-05 2.84536784796e-05 1.14191485582e-05 1.0989110563e-05 0.000265780634141 3.77842780377e-05 6.87781695028e-05 0.000161725646387 0.000176430732689 0.000123473208965 0.000271286388636 8.85633739101e-05 6.48466491205e-05 4.44484370834e-05 4.94918224666e-05 0.000126300228142 4.16269539979e-05 0.00016703138067 1.81240429104e-05 7.62430013286e-05 0.000248366518267 0.000211795787977 0.000163491783201 0.000158596680496 0.000101335116033 6.03858236985e-05 0.000253055562413 0.000205844858545 0.000178929802882 0.000147816785161 8.17607109489e-05 0.000255825082017 5.46840547313e-05 0.000109299262816 6.39721789149e-05 7.05365433003e-05 7.0401111289e-05 6.11238446273e-06 2.88177953676e-05 0.000210102585139 0.000272071750655 5.53763037675e-05 0.000224398458049 3.3715202014e-05 0.00021828768656 4.35936897684e-05 7.04731053487e-05 0.000233975598442 0.000135371816646 2.48451861636e-05 9.56869789508e-05 0.00042036852455 0.00018091183425 0.000131449291882 0.000231289202241 0.00015284565135 7.61226611342e-05 0.000214158207667 0.000436096189634 0.000200407054017 4.00992356043e-05 0.000361692586349 0.000163022404784 8.77543426537e-05 4.9105402859e-05 5.9840156691e-06 0.000202900894423 9.64224477094e-05 6.16114894535e-05 0.00014363753874 5.49121230124e-05 3.7241290646e-05 8.68030242593e-05 6.28497067397e-05 5.52201606974e-05 5.59329384914e-05 7.1188155455e-05 3.66125575265e-05 3.79571151059e-05 4.03475714872e-05 2.41264520004e-05 0.000248381132078 0.00011416707589 3.41611839056e-05 0.000142816261585 6.91306243358e-05 0.000338321186159 8.92782651032e-05 0.000299593032332 0.000199728340018 8.58324505006e-05 3.3815866581e-06 2.70553330837e-05 2.13338523665e-05 0.000231365995867 6.64256172125e-05 7.94608075188e-05 0.000218150294348 0.000178333922566 4.91080813937e-05 4.35662326807e-05 4.00053135654e-05 0.000124069109843 4.75875066697e-05 0.000196229910896 2.93323651803e-05 0.000179591212743 0.000226559289039 0.000165343663503 6.70610756939e-05 0.000165477488999 0.000120301072698 2.78025812816e-05 3.94912651814e-05 1.0219420949e-05 1.46266587383e-05 4.62794319551e-06 5.5493095517e-05 3.5729718151e-06 0.00011827690441 0.000153240707018 8.13656038358e-05 3.83787886609e-05 9.36189472543e-05 5.16906397294e-05 3.86274277115e-05 0.000112930425178 5.0548319418e-05 5.93882323236e-05 4.3094729067e-05 5.88233759791e-05 0.000119438025567 5.54281797518e-05 4.40093369917e-05 4.14393088357e-05 0.000151580998026 5.29018557593e-05 0.000196062092654 4.88198737784e-05 2.57964109703e-05 3.60307343327e-05 0.000150655014678 2.55805085146e-05 5.50983650341e-05 7.4778923312e-05 2.88584188132e-05 8.11992579289e-05 5.1628569287e-05 3.85138943778e-05 0.000110121412112 9.27438289781e-05 0.00035463697439 0.000128658930967 0.000193807690885 0.000112203954406 3.97513841025e-05 4.4064575815e-05 8.58716321241e-05 1.17745558617e-05 4.17921709218e-05 0.000106998764901 2.99954740437e-05 6.10691744595e-05 8.27673728693e-05 0.000233263120559 0.000211495665831 0.000238918767019 3.20100833588e-05 1.55871383253e-05 9.91827609734e-05 8.20515853847e-05 8.37369916796e-05 7.17772785543e-05 2.14617253714e-05 3.7956847765e-06 6.34151013764e-05 4.21366530359e-05 2.91430942765e-05 0.000182094751816 9.68557106605e-05 7.80268414483e-05 3.12877229336e-05 3.26161182611e-05 6.63177583676e-05 4.9711864502e-05 1.43271870053e-05 2.40266120038e-05 4.07895260843e-05 0.000192298934315 5.83071447369e-05 8.47272513949e-05 0.000150164030618 8.35409985567e-06 0.000119648814531 3.66881761679e-05 0.000115868039476 6.20566720421e-05 7.5874364375e-06 2.2079585864e-05 4.52896605889e-05 0.000194429974372 0.000179910075526 5.31192054966e-05 8.92130673905e-05 4.23930069399e-05 7.42191010219e-05 5.57336012963e-05 0.000269047359394 9.59764180105e-05 6.40722563712e-05 0.000248624015844 0.000383320164304 0.000231921417144 4.84035725951e-05 2.45790645066e-05 0.000176796058863 6.80872527806e-05 4.84943175407e-05 0.000139082744721 5.56998907144e-05 3.89007086626e-05 1.62634032465e-05 9.43297875739e-05 0.000102430169347 0.000112332802344 8.16192178525e-05 5.43959494628e-05 8.66057909719e-05 5.0645130424e-05 0.000142932578513 0.000204368649316 0.000131304420573 0.000132458572033 0.000180220704744 0.000131314096832 9.13041661246e-06 8.30407861021e-05 0.000193918073846 0.000162189980908 9.30890106212e-05 0.000103297756256 9.77836934036e-05 7.84329344545e-05 7.86938263803e-05 0.000135723440223 6.03051465431e-05 5.41862589461e-05 7.30547910297e-05 5.95522945004e-05 8.86218809279e-05 4.82071234658e-05 0.000610494234785 0.000377525479633 0.000128479457158 0.000230515453719 0.000156407342351 3.72461631162e-05 4.34259019331e-05 0.00011545070401 0.000136632963278 3.71295330005e-05 9.25504916101e-05 7.70233809542e-05 2.02767369835e-05 6.36032276845e-05 0.000452712849683 0.00026183264166 0.000268113057152 0.000329669775306 0.000116905724864 6.25008791544e-05 0.000162051767619 5.8812555846e-05 6.97052342858e-05 9.36262527088e-06 8.29670327632e-05 5.53999426391e-05 0.0001194245004 4.75817133782e-05 0.000290408162038 3.68089797889e-05 0.000143297366505 0.000171119597662 0.000177367743622 6.74404379768e-05 6.85589456521e-05 8.50084754665e-06 3.1056895927e-05 9.72334764309e-06 4.41324964266e-05 4.98124789685e-05 0.000419494871614 4.60353373946e-05 0.000210875359095 0.000118864600728 1.50037728023e-05 1.07793395584e-05 6.51975382015e-05 5.55796630141e-05 2.6936741601e-05 0.000140303804785 0.000368694908767 6.62069341676e-06 0.000181594667065 6.06453217472e-05 0.000160653233644 0.000200918022976 2.99177311115e-05 1.4965665664e-05 2.86155407716e-05 0.000113944016625 0.000141028191042 4.08922447712e-05 0.000273953562844 0.000166312268058 0.000160172502572 8.80921411736e-05 7.40892255466e-05 0.000249400003784 2.33388256034e-05 5.0758332311e-06 5.62915394599e-05 0.000344627636441 0.000114703452162 4.70986711943e-05 0.000201658928261 0.00014114333037 1.06533679325e-06 0.000199184017999 5.43304703099e-05 3.86258196396e-05 9.122997318e-05 0.000117192903608 0.000159149246244 0.000139583353107 8.74543998569e-05 6.45133781074e-05 0.000118450213032 0.000159032332742 0.000137270395405 3.36239604129e-05 0.000152078896412 7.32999478575e-05 9.92919436388e-05 6.6108897603e-05 3.36065373878e-05 0.00015901080614 3.09671316095e-05 6.49729335363e-06 0.000172013847382 3.92169213156e-05 5.20970529808e-05 7.20727693404e-05 7.70448802475e-05 9.18685501632e-05 0.000121155383831 0.000102428147703 5.54269001766e-05 2.85182027486e-05 5.33368882824e-06 1.73807726659e-05 8.67098692203e-05 3.27572063359e-05 5.80604057896e-05 3.65325877809e-05 5.9370055312e-05 0.0002488793954 3.92087834893e-05 4.04636815866e-05 0.000124967164402 6.72080038375e-05 1.9926361044e-05 3.18177657842e-05 2.65606490688e-05 2.97109828797e-05 5.86267077295e-05 4.25842504249e-06 3.17946891047e-05 3.35887618334e-05 2.51219211368e-05 3.29032795462e-05 1.36766757674e-05 2.66512559852e-05 8.63834963385e-06 2.1082283223e-05 2.36073244057e-05 7.17848766322e-06 2.33629379789e-05 4.55487317767e-05 4.76039065663e-05 9.88932025097e-06 3.43714227381e-05 0.000209681859245 1.63880656515e-06 2.61183481683e-05 1.5321495376e-05 9.24532879029e-07 1.49960042754e-05 2.88110059422e-05 2.39653692271e-05 2.76443245249e-05 5.57965975932e-06 1.36603911107e-05 9.85507333913e-06 4.68921327319e-05 8.03812838576e-05 3.61336888121e-05 6.96366281229e-05 2.07767028391e-05 5.28559984689e-05 9.96593329893e-05 6.62406745413e-05 1.72992092943e-05 1.57480193261e-05 5.01872776293e-05 0.00012680553498 7.20421869722e-05 4.29221725855e-05 4.07820785822e-05 4.11327875688e-05 1.77102819173e-05 1.23693361822e-05 1.60678732891e-05 0.000149093815363 5.76097260604e-05 5.88268882477e-05 1.82598645299e-05 3.17175919956e-05 2.33421459739e-05 7.34857108922e-06 1.56343558956e-06 4.12648644677e-05 2.1319359374e-05 1.37131063259e-05 2.73967306143e-05 1.14138599466e-05 5.7476901982e-06 3.0230399806e-06 1.3677417649e-05 0.000105054598946 4.38574673946e-06 2.9033785982e-05 1.11922218013e-05 9.90668474675e-05 4.08746839229e-05 2.54539051282e-05 1.45532293109e-05 7.00476645378e-05 2.59329546701e-06 1.62170054242e-05 4.38219947545e-05 2.58077020965e-05 3.19255503357e-05 2.03648368314e-05 5.07436367625e-05 6.85642699108e-05 2.88371861872e-05 2.65632196345e-05 1.61881036143e-05 0.00010959731478 0.000148098100207 1.93646651912e-05 2.14519977506e-05 1.4004211689e-05 3.48126981548e-05 7.98243563208e-05 2.58951380306e-05 3.84060733005e-05 4.08590799003e-05 1.37816555829e-05 0.00010342139301 4.59327326456e-05 0.000117268227826 3.35592057351e-05 8.88753799883e-05 3.11700400658e-05 6.80224930881e-06 3.66639783622e-05 1.45190423049e-05 7.14443798783e-05 1.39671875117e-05 1.54263912956e-05 6.4614810031e-05 3.90780546447e-05 1.29980954689e-05 2.71483041916e-05 3.06424473682e-05 1.34583612436e-05 3.08920760584e-05 2.10994281334e-05 2.06924963994e-05 1.42249425986e-05 1.53341380457e-05 4.2614839442e-05 8.05396514002e-05 4.68498509407e-05 4.35782184163e-05 9.15049567037e-06 2.80978917105e-05 7.52261663831e-06 4.91343601246e-05 2.16678334418e-05 4.71128333619e-05 2.91862607861e-05 1.89607546059e-05 3.31012473204e-05 2.09681217907e-05 4.31418782773e-06 2.26220029491e-05 4.37555362907e-05 0.000103476535562 4.16039662076e-05 1.34435259771e-05 2.90706730556e-05 5.31550762849e-05 9.32584033731e-06 9.07855004562e-06 1.87530750722e-05 1.63407846916e-05 2.22862087817e-05 5.3603821473e-05 4.68463908258e-05 0.000175310438434 0.000161675355705 5.01885600086e-05 4.81518639703e-05 5.72767013225e-05 3.54030412196e-05 2.35872532971e-05 3.55535574075e-05 3.84579582013e-05 5.05802479047e-05 1.40355533957e-05 9.27330392056e-05 3.80338835204e-05 5.49161754555e-05 3.22209173803e-05 5.32786109285e-05 2.68247716676e-05 1.5537299101e-05 3.30228151555e-05 8.64240411054e-05 3.23384047404e-05 3.8279202922e-05 2.89533252039e-05 1.56422817027e-05 1.6918643012e-05 1.68289814789e-05 3.22498364516e-06 4.11821904315e-05 5.74243331871e-05 7.87689945449e-05 2.9974888374e-05 2.3055330956e-05 2.57666184211e-05 2.14695231318e-05 3.61230828335e-05 2.19790915799e-05
</DataArray>
      </CellData>
      <Points><DataArray type="Float64" Name="Points" NumberOfComponents="3" format="ascii">
0.000887368 0.00714544 0.00348122 0.00208708 0.00319356 0.00359378 -0.00711403 -0.00111061 0.000799399 -0.00552204 -0.00176643 0.000799936 -0.00422827 0.00396022 0.00152421 -0.0034452 0.000863303 0.000799325 -0.00496131 0.00392143 0.00320909 0.00549036 0.00139742 0.000799651 0.00183091 -0.00169254 0.00450717 -0.000384911 -9.29826e-05 0.00461155 -0.00231075 -0.00321907 0.000799392 0.0021355 0.000695112 0.00321119 0.00431527 0.00185224 0.00196913 0.000240443 0.00313746 0.000799458 0.00096077 -0.000677671 0.000799716 0.000586589 -0.00386578 0.00381781 0.00560651 -0.00102028 0.00247165 -0.00244538 -0.00101757 0.0034193 -0.00715375 0.00081753 0.00529868 -0.00551869 0.00245971 0.00354966 0.00277378 -0.000456744 0.00230337 0.00282163 -0.000566629 0.00391575 -0.00645935 -0.00318107 0.000799626 -0.00291073 -0.00221097 0.00443262 -0.0021057 -0.00540209 0.00387766 0.000161011 0.00505671 0.00509024 0.00550428 0.00464206 0.00379456 0.000427828 0.00290403 0.003086 0.00317908 -0.00646078 0.00358334 -0.00189988 4.1925e-05 0.000799796 -0.00604261 0.00391542 0.00203042 0.00374626 -0.00104634 0.000798384 0.00351994 -0.00435742 0.000799326 -0.00503696 0.000934907 0.00351552 -0.000505851 0.00718262 0.00451494 0.000477759 -0.00387153 0.000799936 0.00700947 -0.00164654 0.00079971 -0.00517789 -0.000587979 0.00398383 0.00258523 5.42586e-05 0.000799416 0.0070489 0.00147118 0.00217196 0.00399726 0.000807222 0.000799936 -0.00509615 -0.00508639 0.0034251 0.00501925 0.00326602 0.00313887 -0.000357761 -0.00491166 0.00205874 0.00412469 0.00376826 0.00191137 0.00328986 0.00640536 0.00219648 0.00091887 -0.0023332 0.000799457 0.00561485 -0.0045072 0.000799749 -0.00189273 -0.00694714 0.000799867 -0.00538833 0.00313147 0.000799114 0.00231059 0.00180292 0.00435159 -0.000770045 0.00297507 0.00202826 -0.000620725 -0.000919178 0.000799594 -0.00315707 0.0051198 0.00178316 -0.000514601 -0.000996757 0.00329782 0.00612849 -0.00377939 0.00580232 0.00202488 0.00578084 0.00295101 -0.00570464 0.000571463 0.00204536 0.00683471 0.00226538 0.000799424 0.00363181 0.00621746 0.00374729 0.00482046 0.00285199 0.000799665 -0.00150945 0.00522821 0.00445534 0.00592669 0.00326401 0.00448869 0.00126289 -0.000981505 0.00234096 -0.00216357 -0.00162293 0.000799339 -0.00519908 -0.00498063 0.000799936 0.0022674 -0.00151397 0.00119091 0.00579738 0.00245321 0.00200191 -0.00306423 -0.00179279 0.00216521 -0.00318108 0.00252217 0.00348894 0.000933221 -0.000232211 0.00371554 -0.00623748 -0.00359736 0.0023283 -0.00142201 -0.00230276 0.00361555 -0.00542763 0.00473127 0.000799425 -0.00303346 -0.00495443 0.00218156 -0.00462394 -0.00248518 0.00208521 -0.00254305 0.00164501 0.00466402 0.00140109 0.00051417 0.00177189 0.00580364 -0.000173182 0.000799689 -0.00368293 -0.00234796 0.000799161 -0.00719428 -0.000301604 0.00217679 0.00058277 0.00578593 0.00225871 -0.00162357 -0.00247701 0.00203884 -0.000768784 -0.00580906 0.000799874 -0.00686564 -0.00217056 0.00197113 0.00288241 -0.0058917 0.000799936 -9.13272e-05 -0.00336827 0.0023854 -0.00367983 -0.00447425 0.000799577 0.00616555 0.00371847 0.000799917 -0.00229744 -0.00528137 0.000799559 0.00418907 -0.00112461 0.00330044 0.00270312 0.00328902 0.00506663 -0.000723784 -0.00716379 0.00221569 0.00156545 0.00702819 0.00203691 0.0014907 0.00203264 0.0022673 -0.00420451 0.00386156 0.00482224 -0.0043821 0.0026448 0.00243887 -0.0033728 0.00636168 0.000799295 0.00396272 0.00601161 0.000799697 -0.00100811 0.00584765 0.00205893 0.001516 0.00362912 0.00216511 -0.00392864 0.00243769 0.000799923 0.0024248 -0.00183817 0.00303002 0.000175736 -0.00719816 0.00358927 0.0033307 -0.00638377 0.005736 -0.00113378 0.00417271 0.000799283 0.00368974 -0.00201513 0.00206864 -0.00217532 0.00138989 0.00161669 6.12265e-05 0.00432995 0.00185074 0.00285516 0.00120524 0.0018769 -0.00470222 0.00545276 0.002029 0.00331834 0.00229297 0.000799203 -0.00287928 2.55278e-05 0.00206462 -0.00223897 0.00684304 0.00182028 0.00080915 -0.00569599 0.00103848 0.00519229 0.00498813 0.000799848 -0.00515861 0.00141443 0.000799914 0.000560175 0.00716651 0.00079992 0.00705331 0.00144602 0.00439715 0.00288815 0.00281118 0.00225008 -0.000805591 0.00126989 0.000799537 -0.00689514 0.00207207 0.000799447 0.00569432 0.000621625 0.00218356 0.00142651 0.00417018 0.00467531 0.00519495 -0.00254054 0.00219097 -0.00487664 -0.00341288 0.00079965 0.00717019 0.000658712 0.000799489 0.00700304 -0.000487596 0.0019023 -5.87698e-05 -0.00181598 0.0019994 0.000757215 0.00161216 0.000799672 0.00299425 -0.00521001 0.00456229 0.00114143 -0.00436511 0.00216987 -0.00413388 -0.00326502 0.00352667 0.00470228 -0.00315813 0.00079941 0.00445571 0.00530982 0.00218317 -0.00447128 -0.0056444 0.00206196 -4.585e-05 -0.000107918 0.00205277 -0.00471325 -0.00407438 0.00224683 -0.00286844 0.0027937 0.00194408 0.00180781 0.00281875 0.000799731 0.00440315 -0.00404586 0.00209559 -0.000620871 -0.0032034 0.00466657 -3.42493e-05 0.00148674 0.00218408 -0.00353053 0.00627532 0.00443263 -0.00186274 -0.00604351 0.00213728 0.00518661 8.8851e-05 0.00360416 0.00253741 0.00673822 0.000799836 0.00298243 0.00390477 0.000799709 0.00394022 -0.00392071 0.00452598 0.00182385 -0.00483948 0.00353635 -0.000917257 -0.00436653 0.00360989 -0.00550267 -0.0024444 0.00342105 -0.00696659 -0.00182106 0.00358219 -0.0040591 0.00108838 0.00225907 -0.00196635 0.00555837 0.000799936 0.00696165 -0.00183773 0.00478486 0.00245245 0.00526913 0.00144518 0.00262806 -0.00377593 0.00199332 0.00193614 -0.00458587 0.000799518 0.00171532 -0.00699261 0.000799248 -0.00431634 0.00228308 0.00458924 0.00521701 0.00168492 0.003279 0.003124 -0.00280736 0.000799553 -0.00107934 -0.00423997 0.000798833 -0.00675994 0.000469961 0.000799936 -0.00175557 0.00269901 0.000799216 0.00606284 -0.00388423 0.00220339 0.00452419 -0.00364007 0.00598816 -0.00440565 -0.000836949 0.00210956 -4.93314e-05 0.00561771 0.000799318 -0.00717196 -0.000640281 0.00464106 -0.00103925 0.00712462 0.000799912 -0.00339515 0.00398915 0.00288913 0.00719564 -0.000255296 0.00476452 0.0012623 0.00441913 0.000798635 -0.00457814 -0.00477975 0.00490725 -0.00358696 -0.00622862 0.000799936 -0.00404206 0.000715546 0.00474886 0.00448106 -0.00563602 0.000799667 -0.00650932 0.00307864 0.00464203 -0.00192094 0.00354313 0.00365258 0.00672947 0.00256187 0.00329724 2.07469e-05 -0.00720038 0.000799539 0.00139712 -0.00278852 0.00225612 0.000798195 0.00455369 0.00325537 0.00544851 0.00115391 0.00476905 0.000723795 0.000960073 0.00510636 0.00647076 -0.00315332 0.000799936 -0.00156083 -0.000879632 0.00209324 -0.00280282 0.00390913 0.000799459 -0.0031964 -0.00645258 0.00439076 0.00255245 -0.00673273 0.00213702 0.00432296 -0.000183009 0.00201394 -0.000637601 -0.00270227 0.000799684 0.00541143 -0.00172413 0.000799971 -0.000131167 -0.0016688 0.00480987 -0.0034943 -0.000735552 0.000799394 -0.00197805 0.00410548 0.002156 -0.00328909 -0.00337259 0.00205523 -0.00585617 0.00219642 0.00200896 -0.002756 0.00319997 0.00497323 -0.00470146 0.00544918 0.0036285 0.00166138 0.00612892 0.0094983 0.00517787 0.00303786 0.00701506 -0.00567089 0.00443727 0.00454642 -0.00133293 0.000579391 0.00270842 -0.00378133 -0.00612712 0.00730774 0.00417735 -0.0022808 0.00440624 0.00337502 0.000605483 0.00796907 0.00559168 0.00453655 0.00539776 -0.00151452 0.00404212 0.00552865 -0.00581816 -0.00424172 0.00576266 -0.000173037 7.07349e-05 0.00619875 0.00622018 0.00362807 0.00807474 -0.00422671 0.00582947 0.0101802 -0.00520135 0.00279961 0.00729667 0.00408283 -0.00593119 0.00707342 0.00297142 -0.00460991 0.00604475 -0.00302623 0.00477018 0.00423543 0.00190023 0.00180765 0.00589734 -0.00665304 -0.00275199 0.00484502 0.00426797 0.00510145 0.00469989 0.00373076 -0.00450972 0.00888191 0.00218748 0.00535211 0.00562407 0.00373488 0.000675473 0.00322778 0.000960996 0.00263834 0.00458546 -0.0040268 -0.00164796 0.00343495 -0.00327032 -0.000685235 0.00474915 0.00205849 -0.00326183 0.00365975 -0.000828532 0.00459941 0.00315195 -0.00396398 -0.00601134 0.00572266 0.000912571 0.00357199 0.00880397 0.00052778 -0.00410609 0.00855156 -0.00101996 0.0064983 0.00924241 0.00639901 0.00330192 0.00601655 0.000962633 -0.000609529 0.00530098 0.0037584 0.00123517 0.00472543 -0.00695231 0.00114414 0.00847032 0.00126316 -0.0070888 0.0078231 0.0015931 -0.00641373 0.00337657 -0.000321459 0.00474339 0.00658281 -0.00276167 0.00131513 0.00875901 0.0005309 -0.00552743 0.00418037 0.00521435 -0.00253149 0.00691199 0.00285378 0.00434883 0.00269087 0.00212403 -0.00688013 0.0048108 0.00144279 0.00212069 0.00839105 0.00504727 -0.00513552 0.00307298 -0.00580022 -0.00022468 0.00699016 0.00559473 -0.0020379 0.00370527 0.00205737 -0.00333 0.006339 -0.00172508 0.00210796 0.00297315 0.00711354 0.00111847 0.00675439 -4.45552e-05 0.00586898 0.00372772 -0.00483705 0.00102739 0.00616287 0.00360043 0.00326577 0.00714614 0.00678809 -0.00240232 0.00219212 -0.0069949 0.00170648 0.00397829 -0.00188296 0.00505528 0.00673686 -0.00708734 0.00127215 0.00244158 -0.00314579 0.00305826 0.00695115 0.00136743 0.00041024 0.0064648 -0.0057816 -0.000597399 0.00854512 -0.00220899 0.00543573 0.00303206 -0.00354354 -0.00455575 0.00623418 -0.00260637 -0.00671202 0.00626094 0.00616277 -0.00372388 0.00740032 -0.00655269 -0.00298444 0.00642481 0.00565191 -0.000875239 0.00480212 -0.00189288 -0.00694781 0.00812616 0.000663035 -0.00206434 0.00347889 0.00299555 0.000729466 0.00640608 0.00281232 -0.00285571 0.00501076 -0.0019474 -0.0040875 0.00480123 0.00032026 -0.00434404 0.00532101 -0.000159539 0.00719896 0.00636461 0.00186925 -0.0032466 0.00840688 -0.000715385 -0.00591275 0.00325408 -0.0027737 0.00609266 0.00584818 -0.00427189 -0.000457654 0.00597588 -0.00579629 -0.00067475 0.00545588 -0.00351145 0.00188796 0.00591405 -0.00570146 0.00143856 0.00488094 -0.00212827 -0.00522666 0.0059089 0.00407553 -0.000659011 0.00636484 0.00215531 0.00345371 0.00780472 -0.00356948 0.00625341 0.00283363 -0.000782264 0.0013336 0.00400691 0.00270514 0.00497979 0.00415707 -0.00355187 -0.0047471 0.00368059 0.00241012 -0.00215714 0.00736762 0.00220903 0.000367345 0.00506093 -0.00605899 -0.00389029 0.00389049 -0.00424344 -0.00311825 0.00627391 0.0021514 -0.00467283 0.00907447 -0.00254417 -0.00343358 0.0034692 0.00580158 0.00182694 0.00617626 -0.000835807 0.00566521 0.00778433 -0.0017105 -0.00405916 0.00225642 0.00136295 -0.00187568 0.00619217 -0.0041302 0.0058985 0.00667397 0.00147299 -0.00560132 0.00551842 0.000677811 0.00589338 0.00825875 0.00554062 -0.00459874 0.00455419 -0.00307561 -0.00172617 0.00594803 -0.000128126 0.00208572 0.0058586 -0.00319529 0.0050465 0.00765163 0.00433619 -0.00517751 0.00543295 0.00195138 -0.00684742 0.00640012 0.00539536 0.00179017 0.00843516 0.000834906 0.00595332 0.00623086 0.00392973 -0.00168221 0.0075857 -0.0010402 0.00116979 0.00863282 0.00374724 0.00378244 0.00395967 -0.00134574 -0.00576916 0.00719388 0.00224377 0.006821 0.00426496 0.00373074 0.00225338 0.00349006 0.000874358 -0.0071471 0.00215097 -0.00274543 0.000466815 0.00572645 -0.000880952 -0.00531444 0.00490304 0.00455232 0.000835871 0.00605515 0.00346367 0.0044206 0.00590333 -0.00167785 -0.00126052 0.00480163 0.000585728 -0.00717621 0.0051356 -0.00404875 7.1331e-05 0.00902519 0.00531449 -0.00485878 0.00665764 -0.00718407 -0.000488449 0.00623352 -0.00127217 0.00262241 0.00481818 0.00357045 0.00443152 0.00897151 0.00393682 -0.00435392 0.0072941 -0.00379606 -6.45737e-05 0.00337191 0.00716316 -0.000729602 0.00664784 0.00686507 0.00217144 0.00793218 0.0020288 0.00481094 0.00864242 0.00111877 0.0071129 0.0073225 -0.00300591 -0.00271501 0.00720353 -0.00192325 -0.0069388 0.00347017 -0.000937748 -0.006904 0.00472997 -0.0030767 0.00452211 0.00581498 -0.00588938 -0.00109844 0.00264572 -0.000182848 -0.00152092 0.00640184 -0.00185065 -0.00266995 0.00553881 0.000754879 0.0014163 0.00357357 -0.0017615 0.00233357 0.00779876 0.00381867 -0.00610411 0.00864545 -0.00500973 -0.00318724 0.00487163 0.00187168 -0.00414949 0.00497821 0.00448485 0.00266725 0.00483875 -0.00684326 0.0022395 0.0059621 -0.0014365 0.00705526 0.00318804 -0.00719359 -0.000310095 0.00784929 -0.00286887 0.00660386 0.00781795 0.00344361 0.00632284 0.00533219 -0.000622658 -0.00297206 0.00804355 -0.00647765 0.00024001 0.00350041 0.00641705 -0.00326674 0.00431519 -0.000167063 0.00719844 0.00222478 0.00613631 0.00021589 0.0058665 0.00573649 0.00435121 0.00220535 0.00713554 -0.000962528 0.00823022 -0.00507524 0.00456125 0.00913278 -0.00447031 -0.00146178 0.00884927 0.00341789 0.00633766 0.00702107 -0.00451447 -0.00166872 0.00495894 -0.00421039 0.00384299 0.00799448 -0.00125959 0.00101342 0.00549878 0.00334901 -0.00476317 0.0030612 0.00381157 -0.00221096 0.00608066 0.00550388 -0.00239048 0.00529397 -0.000978327 0.00595819 0.0057753 -0.00600378 0.00397543 0.00652524 0.00345122 0.00219771 0.00596515 -0.00207303 0.00689538 0.00465483 -0.00590818 -0.00411524 0.00735496 -0.00466908 0.0054814 0.00522737 0.00674694 -0.00251396 0.00826879 -0.00255701 0.00108705 0.00718877 -0.00508274 -0.000216747 0.000799687 -0.00497613 -0.00520407 0.00829236 0.00357389 -0.00318212 0.00315569 0.00502765 -0.00515439 0.00820309 0.00531593 0.00485647 0.00855776 -0.00152364 -0.00214362 0.00701344 0.00556786 0.000694458 0.00728279 -0.00106494 -0.00712135 0.00638712 -0.000786304 -0.00030901 0.00918645 -0.00672285 0.00257829 0.00913975 0.00719322 0.000317992 0.00327119 -0.00413394 -0.00158384 0.00729011 0.000756401 -0.00319097 0.00725926 0.00242135 -0.000313945 0.00915335 0.00423149 0.00178157 0.00730489 0.000747312 -0.00716135 0.00933499 0.00708568 -0.00127815 0.00329089 -0.00397588 0.00178178 0.00744112 -0.00344724 -0.00632121 0.00886018 0.00415407 -0.000314555 0.00476449 0.00095658 0.00713646 0.00516094 -0.00191362 0.000229041 0.00426804 0.00628716 -0.00136786 0.00952438 0.00218089 0.00686194 0.00615301 0.000900553 -0.00288035 0.00503772 -0.00327419 -0.00641276 0.00279356 0.00510732 -0.00353771 0.0034386 0.00717206 0.000636604 0.00827812 -0.00441204 0.00387073 0.00640803 0.000765936 -0.000653171 0.0090133 -0.00156414 -0.000712402 0.00629989 0.00262144 -0.00188537 0.0089297 -0.000124958 0.00229018 0.00795049 -0.000203273 0.00370304 0.00431951 0.000859216 -0.00479677 0.00675761 -0.00347137 -0.00362094 0.00493849 0.00411913 0.0059052 0.00839246 0.00397152 -0.0060061 0.00227008 0.00712857 0.00101301 0.0108894 -0.00576022 -0.00151778 0.00985275 -0.00530948 0.00486369 0.0108532 0.00119101 -0.00292839 0.0125062 0.000557767 -0.0058924 0.0137843 0.00469946 0.00338141 0.0085037 0.0067883 -0.00239981 0.00627274 -0.00338087 -0.00635706 0.0129909 0.00264226 -0.00669779 0.0118668 0.00542532 0.0047337 0.0113645 -0.0019816 0.00225456 0.00620402 0.000683753 -0.00215835 0.00847872 0.00554318 0.00459518 0.00699555 -0.00702308 -0.0015865 0.00885342 0.000127484 0.00483144 0.0124632 0.00242174 5.2815e-06 0.011608 -0.00199586 0.00120327 0.0120907 -0.00274296 -0.00486824 0.00758273 0.00595857 0.000684659 0.0126142 0.00435484 0.000853319 0.00920938 -0.00457629 0.00115614 0.0125798 -0.00116381 -0.00710546 0.0118599 -0.000173084 -0.00289165 0.00961318 -0.00319436 0.000494794 0.010309 -0.00495933 -0.00521987 0.00669284 -0.00695869 0.0018487 0.0127724 0.00104566 0.00471318 0.00991648 -0.00490833 -0.00526816 0.00988946 -0.00100592 -0.0014504 0.0132955 0.00624031 0.00359217 0.00967356 0.00431707 -0.00576286 0.0124898 -0.00288313 0.00331485 0.010089 0.000795165 0.00395563 0.0113031 -0.0046652 0.000932615 0.010759 0.00494309 -0.0035721 0.00842338 0.00234336 0.00368931 0.0110009 -0.00374153 -0.00291503 0.0132908 0.00113483 0.00711082 0.0133314 -0.00311449 0.00621377 0.0126851 -0.00563316 0.00207781 0.0102013 0.00499181 -0.00321619 0.0115003 0.00181237 -0.00696864 0.0105127 -0.00104496 -0.0041816 0.00924588 -0.00490706 0.00249904 0.00883974 0.00641589 -0.00326815 0.0123569 -0.00592149 -0.00409636 0.00895451 0.00481668 0.00426259 0.00995995 -0.000544469 -0.00128469 0.00794216 -0.0009902 0.00416767 0.0112579 0.0056834 -0.00284426 0.00963981 0.00720012 -6.82935e-05 0.0097134 -0.0049266 -0.00306719 0.0122268 0.00366641 -0.000375819 0.0125373 -0.000959803 0.00713612 0.0107083 -0.00176739 0.00697987 0.0067202 0.00190676 0.00392868 0.00629771 -0.00496164 -0.00288904 0.00937878 -0.00574594 0.000595522 0.00961034 -0.00163095 0.00397957 0.00934737 0.00257899 -0.000572378 0.0072359 0.000381985 -0.00221032 0.0136851 -0.00467088 0.00548044 0.0136242 -0.000319442 -0.0068584 0.00777806 -0.000330125 0.00505635 0.00917597 0.000624078 0.000747122 0.0139514 -0.00150592 0.00530694 0.0102309 0.0053963 -0.00163232 0.00822254 0.00143468 0.00558565 0.011199 0.00277824 0.00532642 0.0120262 0.00344084 -0.00309709 0.00814905 0.00558827 -0.000982221 0.00677359 0.000432519 0.00358224 0.00578189 0.00104799 -0.000970271 0.00747169 -0.00508056 0.0043655 0.0123558 -0.00416858 -0.00400814 0.00760139 0.00314374 -0.00444311 0.0107221 -0.00054204 0.00381771 0.0081866 0.00394694 -0.000637813 0.00879703 0.00387649 -0.000861599 0.0110282 -0.00532809 -0.00177649 0.0113707 -0.00326168 -0.0036428 0.0115632 -0.00359354 -0.00471091 0.00892806 -0.00265098 -0.00669475 0.0114372 0.00699118 0.00172274 0.00946235 0.000559178 0.00241247 0.0109535 -0.00209646 0.00389705 0.00781915 0.00300435 -0.0048798 0.0122545 -0.00159886 -0.00233984 0.00914224 -0.000105792 0.000647312 0.0105142 -0.00248209 -0.00245052 0.0108358 0.00258633 -0.00604181 0.00762751 -0.00406227 -0.00237563 0.0105982 -0.00336668 0.0045416 0.00915951 0.00442804 0.000955473 0.0129922 -0.00662892 0.00281233 0.0112148 -0.00608794 0.00384504 0.00812064 0.00442063 -0.00371765 0.0100882 -0.00259292 -0.00369567 0.00974187 0.000874632 0.000919633 0.00928041 0.00343229 0.00632952 0.00977373 0.00486793 0.00234849 0.00983797 -0.00350628 -0.00287718 0.00871442 0.00143304 -0.00407253 0.0103715 -0.000852175 -0.0071497 0.00932403 -0.000628643 0.0071727 0.0130044 -0.00433922 0.000224354 0.0074602 -0.00307343 0.00287193 0.00856342 0.000919395 -0.00436528 0.011858 0.00500384 -0.000429766 0.0099793 -0.00158704 -5.16377e-05 0.00775633 0.00261645 0.0049988 0.0101237 0.00581236 -0.00012732 0.00863298 0.0035733 0.00326078 0.0100618 -0.000895555 0.00122283 0.00704129 -0.000452311 0.00151748 0.0118112 -0.00306682 -0.00161844 0.00960106 -0.00312562 -0.000960453 0.0110578 -0.00198557 -0.00381474 0.00664751 -0.0042475 0.00581397 0.00858054 -0.00707332 0.00134488 0.0100966 0.000777034 0.00183171 0.0127855 0.00474342 -0.00541683 0.00975523 0.000976054 0.00448551 0.00748233 -0.00517228 -0.0027342 0.00768794 -0.00677086 0.00244926 0.00754621 0.00268732 0.00668005 0.00840211 0.00197195 0.00572872 0.00733313 -0.000139329 0.00212869 0.00954247 -0.00195274 -0.00550724 0.00881731 0.00348675 0.00303546 0.0119105 -0.00652562 -0.00166943 0.0073351 0.000530854 -0.00292131 0.0110492 1.32748e-05 -0.00599047 0.00604443 0.000590435 -0.000440709 0.0127697 -0.00304902 0.00652254 0.0110124 -0.00613527 0.00376852 0.0100313 0.0028287 -0.00166096 0.0119355 -0.000160582 0.00366527 0.0099862 0.00317169 -0.00646423 0.0133585 -0.00530603 -0.00486695 0.0113862 -0.00471904 -0.000423042 0.0121203 0.00246925 -0.00131352 0.0104159 -0.00567433 0.00128546 0.00750155 0.00171564 -0.00153294 0.0130857 -0.000682112 0.00158433 0.013393 0.007107 -0.00115683 0.0108816 0.00116487 -0.00552576 0.00814847 0.00175542 0.00144058 0.0105248 0.0044534 0.000576938 0.0114248 -0.000140478 -0.00428897 0.0105611 -0.00434175 0.00574376 0.0117736 0.000405957 -0.00150345 0.0103187 0.00347747 -0.00329963 0.0120085 0.00261866 0.00199074 0.00731488 -0.000505026 -0.00574075 0.00999683 0.00123828 0.00709338 0.0107022 0.00271145 0.00667015 0.0111607 0.00207718 0.0028681 0.00965453 -0.00335494 0.000382219 0.0118962 0.00166584 -0.00700465 0.0133739 0.00259087 0.00132042 0.00916617 -0.0020896 0.00541723 0.00874603 -0.00409796 -0.00393197 0.0102308 -0.00535479 0.0027652 0.00570533 0.00515617 -0.000624228 0.0130634 -0.00163439 0.00073498 0.0100526 -0.00533717 -0.00195174 0.00630218 0.0034023 -0.00196425 0.0133978 0.00177588 0.000588563 0.00800088 0.00107165 -0.0056481 0.00974098 0.0037602 0.00441659 0.0111509 0.000116306 0.00599592 0.0103912 0.00104123 -0.00712445 0.0119058 0.00461227 -0.00481875 0.0112329 0.00267369 -0.00108673 0.00572411 0.00596058 -9.2428e-05 0.0112161 -0.00301518 0.00653853 0.00941293 0.00328015 0.00265277 0.00861187 -0.000382162 0.00719022 0.00794875 -0.0014134 0.00578511 0.0131385 -0.00174482 0.00238497 0.00939725 0.00371471 -0.00241729 0.0106958 -0.00247379 -0.000226132 0.00907613 0.00147432 -0.00257688 0.00980462 0.00289456 -0.00329346 0.00963884 -0.0029995 -0.000501203 0.00697378 -3.8428e-05 -0.00720028 0.0107275 0.00333851 -0.00637922 0.0101466 -0.00378866 0.00192021 0.00982603 -0.00453505 -0.000632793 0.0103765 0.00192416 0.0023756 0.0118117 -0.00392926 -0.00181399 0.0121459 -0.00338133 -0.00556133 0.0102665 0.00660675 0.00286256 0.0134344 -0.0071441 -0.000899358 0.0122162 -0.00188373 -0.00500246 0.0103328 -0.000403811 -0.0054012 0.00843328 -0.000902057 -0.00221174 0.0109057 -0.00104398 0.00262127 0.0108157 0.0069378 -0.00192714 0.0133164 0.00326024 0.000429427 0.0103133 -0.000828567 0.00323289 0.00672582 0.00105546 0.00267542 0.00694219 -0.00210299 -0.00355053 0.00822573 0.00423132 -0.00216469 0.00918129 -0.0022593 0.00326766 0.0116311 0.0049348 0.00322267 0.011176 0.00455855 0.00557339 0.00620059 0.00134769 -0.00117954 0.0115699 0.00231328 -0.0068183 0.00899947 -0.0071329 0.000969375 0.00689075 0.00146608 0.00558886 0.012903 -0.00585077 0.00149301 0.0116744 -0.00367854 0.00218987 0.0117534 -0.00719925 -0.000106826 0.00943599 -0.000600865 -0.00435455 0.00723944 -0.00249283 -0.00150306 0.00811283 0.00327098 0.00480223 0.0074447 0.00225694 -0.00448417 0.00747044 -0.000486289 -0.00309757 0.00625669 -0.000361518 -0.00349014 0.0122482 -0.00231617 -0.00681731 0.00987713 0.000451723 0.00656757 0.0119915 0.00203775 0.0026087 0.0133902 -0.00637727 0.00333775 0.0127044 -0.00518991 0.0049905 0.00745639 0.000207009 0.000349384 0.00780214 0.00197705 -0.00547932 0.0110717 0.000475679 0.0071844 0.00929892 -0.00186602 0.00695446 0.0120139 0.00189933 0.000604842 0.0129962 -0.00194192 0.00211247 0.0147914 -0.00620832 0.00233731 0.0172161 0.00519432 -0.00181262 0.0107603 -0.00389686 0.00077453 0.0162805 0.00249004 0.00482012 0.013862 -0.00322729 -0.00180553 0.0147454 -0.00208533 -0.00538711 0.0136013 0.000674635 0.00341613 0.0129806 -0.00191646 -0.00694091 0.0132615 0.00541426 -0.00241143 0.013263 0.00344956 0.00281402 0.0157235 0.00140891 -0.000116114 0.010376 0.00606694 -0.00146847 0.0120557 0.003781 -0.00612745 0.0163612 0.00207379 -0.00574488 0.0142723 0.00211357 0.00397258 0.0125583 0.00322726 -0.00255137 0.0172608 -0.00174021 -0.00101214 0.0102605 0.00341828 0.00360015 0.0134057 0.00338789 -0.00180188 0.0154292 -0.00717598 0.000598134 0.0116546 -0.000561064 -0.000676399 0.0112884 0.00416803 -0.000882995 0.0142944 -0.00462064 -0.00406504 0.0139742 0.00439939 -0.00187724 0.012148 0.00371314 0.00566938 0.0132776 0.00339848 -0.00324357 0.0143583 0.00422473 0.0014454 0.0181778 -0.0035518 0.00462198 0.0143777 -0.006982 -0.000220508 0.0152466 -0.00204899 0.00247033 0.0130658 -0.00657096 -0.00294342 0.0129042 -0.00100071 -0.00301381 0.0136347 0.00679457 -0.002383 0.0162967 -0.0024749 0.00191058 0.0107385 -0.00394785 -0.00447527 0.0158913 0.00384057 -0.0060899 0.0147628 0.002546 -0.000988965 0.0143394 0.00429379 0.00578084 0.0117919 -0.00469357 -0.00546002 0.0131672 0.00162191 0.000170974 0.0168424 -0.00347441 -0.00444973 0.0129275 0.00710744 -0.00115409 0.0153215 0.000164478 0.00719857 0.0146 0.000422488 -0.00577943 0.0112996 0.00627695 0.00352765 0.0119918 0.00259594 0.00671624 0.0127968 0.00503626 0.00140285 0.0150651 -0.00447981 0.00341658 0.0100788 -0.00300121 0.00313516 0.0141658 -0.00504708 -0.00261179 0.016342 0.00243726 -0.0036888 0.0131593 0.00191303 -0.00211013 0.0164627 0.00561693 -0.000956062 0.0158676 0.00396166 -9.77049e-05 0.0156726 0.00128362 -0.00347973 0.015794 -0.00381165 0.00610847 0.0166301 -0.00376659 0.0037798 0.0114714 -0.00265607 -0.00172963 0.0132534 -0.00178229 0.00168467 0.0166792 -0.00075681 -0.000709048 0.0156631 0.000593315 -0.00099697 0.0164717 -0.00111952 -0.00552159 0.011639 -0.0066036 -0.00287041 0.00972304 0.00253914 -0.00673786 0.0171636 0.00487365 0.00346228 0.0127566 -0.00443873 0.00566959 0.0152258 -0.00101897 -0.00445011 0.0143393 -0.00171563 -0.00253871 0.0122437 0.00484001 0.00334359 0.0163112 -0.00118724 0.00519675 0.0146087 -0.00299779 0.00492883 0.0106664 -0.00191906 -0.000893912 0.0121057 0.00102635 0.00712717 0.0170709 -0.00668423 0.00267751 0.0141289 -0.000446434 0.00121594 0.0150438 -0.00235642 -0.00295298 0.0154414 -0.00477361 -0.00162126 0.0151106 -0.00176596 -0.00414438 0.0126462 -0.00436836 0.00331755 0.0171122 0.0067282 0.00256398 0.0107973 0.000486245 0.00370274 0.015303 0.00479012 -0.00393515 0.0147666 0.00169429 -0.00561697 0.015821 0.000744497 0.00499356 0.0165986 -0.00245742 -0.00358029 0.0139736 -0.00013374 0.000377995 0.016846 -0.000731714 0.00300972 0.0123357 -0.0051 0.00291901 0.0116727 -0.00719706 -0.000216139 0.0136615 0.00648278 0.00202971 0.0147945 0.000677274 -0.00477245 0.0149201 9.35136e-05 0.00590519 0.0136614 0.00159738 0.00261687 0.0171515 0.00143887 0.00242464 0.0154409 -0.00576027 -0.00431981 0.0128194 -0.00169148 0.0037016 0.0148967 -0.000683771 -0.000147851 0.0141666 0.00234914 0.000175897 0.0154176 0.00320051 0.00470433 0.0153069 0.00287499 0.00660134 0.0161186 0.0033753 -0.00481017 0.0138093 0.00452014 0.00489964 0.0144239 -0.00575914 0.00432161 0.0138037 0.0032198 0.000384167 0.0138716 -0.00217359 0.00491039 0.0120362 0.00554141 -0.00459802 0.0125161 -0.00128124 -0.00194531 0.0147917 -0.005809 -0.00149015 0.0128689 0.00214719 0.00632357 0.0142864 -0.00518446 -0.00255886 0.0138815 -0.00215971 -0.000630698 0.0145489 0.000960536 -0.000780248 0.0142881 -8.61072e-05 -0.00719949 0.0130387 -0.000404519 -0.0049308 0.0129425 0.00626511 0.00354802 0.0174174 0.00552212 0.00176614 0.0114817 -0.00356452 0.0017171 0.0136848 -0.00552991 -0.00340213 0.0107834 0.00237414 0.00522104 0.0167534 0.00240658 0.00345726 0.0146951 -0.00589869 -0.000166967 0.0110705 0.004441 -0.00368056 0.0132267 -0.00310218 -0.0060557 0.0165533 -0.000867658 0.000198398 0.0126158 0.00719859 -0.000145084 0.0165595 -0.0055762 0.00455544 0.0153752 -0.00267637 0.00668431 0.0156612 -0.00331118 -0.00483833 0.01447 0.00184257 0.00383442 0.0161437 -0.00697718 -0.00177914 0.0139233 -0.000878112 0.00575624 0.0116313 -0.00559149 0.0006489 0.0168123 -0.0057849 0.00297041 0.0154187 0.00349415 0.00203308 0.0137172 0.00719466 -0.000279725 0.0122168 -0.00407046 0.00317363 0.012952 -0.00466538 0.000318621 0.0139391 6.94407e-06 -0.00332255 0.0148378 0.00581753 0.000326655 0.0141672 -0.00188869 0.00694833 0.0141281 0.00558718 0.00454197 0.0155602 -0.00266614 -0.0051211 0.0117223 0.00371553 0.00186996 0.0108389 0.00167686 0.0051919 0.015314 0.00589163 -0.00413994 0.0105541 -0.00040789 -0.00718847 0.0157522 -0.00581699 -0.000737555 0.0142801 -0.00710461 0.00116906 0.0144561 -0.000490667 0.00272068 0.0145025 -0.0015001 -0.00367637 0.01114 0.00718605 -0.000448394 0.0138732 0.00517556 0.00219132 0.0136801 -0.00439042 -0.00120947 0.0135534 -0.000679422 -0.00493535 0.0175044 0.001893 -0.00263441 0.0142325 -0.00219821 0.00440605 0.0135535 0.00669494 -0.00264952 0.0147227 0.00214105 -0.00291494 0.0112186 0.000973445 0.000679081 0.011694 -0.000755409 0.00473139 0.0160772 0.0014563 0.00705144 0.0155321 0.000842135 -0.00203139 0.0152774 0.00446572 0.00330818 0.0145793 0.00587126 -0.00416701 0.0171998 -0.00673977 -0.0025335 0.0113672 -0.0071066 -0.00115774 0.0106381 -0.000528487 -0.00559412 0.0155758 -0.00610477 -0.00381864 0.0173033 0.00237936 0.00148722 0.0163331 0.00570246 0.00100552 0.0100814 -0.00315294 -0.000213101 0.0133667 0.00589073 -0.000584195 0.0173992 0.00667607 -0.00269722 0.0108854 -0.00411766 -0.00590646 0.0116442 -0.000792433 -0.00141545 0.0171531 -0.00357119 0.00468333 0.0127796 0.000917456 0.00458795 0.0140421 0.00161663 -0.00558299 0.0126265 0.0049052 -0.00527075 0.0138937 0.00308586 0.0013317 0.0122072 -0.00337112 0.00636157 0.0142568 -0.00459587 0.00341193 0.0144441 0.00608982 -0.00384111 0.0138147 0.00344103 0.00132106 0.0151485 0.0054448 0.000556293 0.0163598 -0.00717805 0.0005669 0.016625 -0.00216374 -0.00230833 0.0172596 0.00611122 -0.0038074 0.0156595 3.48394e-05 -0.00187912 0.0121588 -0.00179773 0.00579716 0.0166894 -0.00527529 0.00226967 0.0134909 0.00695168 0.00187621 0.0122239 -0.00209498 -0.00533307 0.0153836 0.00690299 0.00204917 0.017809 -0.000639562 0.00405436 0.0136321 0.000889878 0.00129607 0.017712 -0.000787721 -0.00656286 0.0143295 -0.00333764 0.000415554 0.0148257 0.00202987 0.00136606 0.0143972 -0.00214054 0.000987963 0.0136701 -0.0059997 0.000308899 0.0127397 -0.00697272 -0.00179608 0.0155229 0.00588116 0.00415412 0.0140366 0.000921997 -0.00419311 0.0134486 0.00515187 0.00502993 0.012914 0.00586451 -0.00130389 0.014326 0.00711099 0.00113089 0.0136301 0.00492416 -0.00525352 0.0156623 -0.00296079 -0.000914382 0.0173017 -0.00458382 -0.00555285 0.0168877 0.00246945 0.00676365 0.0176571 -0.00188789 0.000658478 0.0154565 -0.00431962 0.000607418 0.0210385 0.00428879 0.00578379 0.0196595 -0.0021985 -0.00144458 0.0186057 0.00455535 -0.00196554 0.0165099 0.0021543 -0.00141145 0.0178814 0.00290306 0.00449919 0.0214557 -0.00475006 0.0031514 0.0186565 -0.00196523 -0.00692724 0.0153486 0.00216374 0.00534712 0.0183341 -0.000259052 0.00622927 0.0167558 -0.00247573 -0.00676132 0.0178451 -0.00358342 0.00372327 0.0213278 0.00102798 -0.00275997 0.0209348 0.000752923 0.000255703 0.0154895 0.00438769 -0.00183461 0.0180969 -0.000998796 0.00306415 0.0186441 -0.00710316 0.00118031 0.0196444 0.00367439 0.00483279 0.018443 0.00309976 -0.00649873 0.0202142 0.00286509 -0.00324893 0.0158662 -0.00450673 -0.00382286 0.0172404 -0.00382812 0.00221661 0.0151817 -0.00577385 -0.000594236 0.017802 0.00569763 -0.00258343 0.0174432 0.0045099 -0.00117069 0.021312 0.00492751 -0.00525028 0.0179037 0.00463233 0.00365395 0.0179417 -0.00617895 0.0023634 0.0188153 -0.000775785 0.00168027 0.0209901 -0.00218615 -0.00135724 0.0159737 -0.00424145 -0.00305606 0.0208528 0.00260311 -0.00513411 0.0195429 0.00559152 0.00205728 0.0168933 -0.00577537 0.00430025 0.0182241 0.000281727 -0.00322724 0.0170147 0.000688888 0.00586349 0.0179914 -0.00614604 -0.0037523 0.014338 0.00167893 0.00392125 0.0191045 0.00579503 -0.0014401 0.0187475 -0.00405574 0.00424674 0.0158486 0.0031883 -0.00378577 0.0201745 0.000389878 0.00431232 0.0182413 -0.00347967 -0.00226723 0.0163506 0.00370002 0.00327359 0.0207718 -0.000761382 0.00716026 0.0198964 -0.000965546 -0.00267353 0.0161804 -0.0046882 0.00173721 0.0179109 0.00148244 0.00704587 0.0188838 -0.00156774 0.000372747 0.0183658 -0.000122325 -0.00378001 0.0184602 -0.00366378 -0.000753232 0.0158684 -0.00476017 -0.00540222 0.0148462 0.00390768 -5.11711e-05 0.0186454 -0.00136215 0.00707053 0.0175534 -0.00339044 -0.00313788 0.0195004 0.00216855 -0.00641277 0.0186855 0.00460342 -0.00100686 0.0197233 0.000283981 0.00348691 0.0168753 0.00524908 0.00492852 0.0187088 0.00449913 0.00562149 0.0160193 -0.00380513 -0.00108599 0.021323 -0.0012366 -0.00422969 0.0207983 0.00703539 -0.00153177 0.0216007 -0.00719571 -0.000248866 0.0184749 0.00232346 -0.0024109 0.0200639 0.00116543 -0.00300831 0.0191357 -0.00165838 -0.000106771 0.0168423 0.00127181 -0.00453536 0.0186716 0.000256318 0.00184838 0.016351 -0.00152928 -0.00108245 0.0200131 0.000534686 0.00272277 0.0183421 -0.00693333 0.00194233 0.0158459 3.05297e-05 0.00163549 0.022371 -0.00268675 0.00346706 0.016127 -0.00620471 -0.00222592 0.0174083 0.00313325 0.000535551 0.0173745 -0.00101079 -0.0063499 0.0200799 -0.00266438 -0.00520796 0.0192836 0.00325431 -0.0028596 0.018838 0.00277979 -0.0042558 0.0182174 0.00111238 6.65333e-05 0.0197927 0.00224325 0.00274073 0.0200253 -0.0064181 -0.00326337 0.0158364 9.36014e-05 -0.00620624 0.0169162 0.00391439 -0.0023614 0.0202218 0.0034502 -0.00467592 0.0154328 -0.00283253 0.00077752 0.0174742 -0.00621629 0.00363384 0.0212851 0.00125994 -0.00708945 0.01627 0.00157241 -0.00702666 0.0200369 0.0068463 -0.00223084 0.0201746 -0.00364987 -0.00264184 0.017896 -0.0022471 0.00469543 0.0184383 -0.000327768 -0.000470545 0.0208742 0.00366164 0.00620003 0.0147854 0.000215748 -0.00586552 0.0184744 0.00643916 0.00322158 0.0158608 0.00214303 -0.00419178 0.0146485 -7.46656e-05 -0.00174157 0.0199183 -0.00528497 -0.00488974 0.0181637 -0.00368756 -0.00577681 0.0181935 0.00465711 -0.00354991 0.0163132 -0.00447798 -0.00142105 0.0172707 0.000824269 -0.007153 0.0147322 -0.0060829 0.0038526 0.0167196 0.00596955 0.00402581 0.0216676 -0.000676108 -0.000920373 0.0186697 0.00186946 0.00695312 0.0204329 -0.00157744 0.00622064 0.0188916 -0.00330373 0.00216059 0.0168139 -0.00506134 0.00512091 0.0167803 0.00719592 0.000125896 0.018136 0.0014595 -0.00705094 0.0216322 -0.00281272 0.00614121 0.0178786 -0.0029948 0.00479046 0.0170243 -0.00281986 -0.00194478 0.0204006 -0.00397287 0.00600501 0.0208018 0.00284936 -0.000817378 0.016569 0.00430818 -0.000530941 0.0171729 0.00618468 0.00368715 0.0190856 -0.00695065 -0.00188012 0.0194109 0.00580045 0.000903052 0.0179811 -0.00573024 -0.00116544 0.0163086 -5.28392e-05 0.00720011 0.0184628 -0.00333511 -0.00416376 0.0182745 -0.0050308 -2.01666e-06 0.0154629 0.0057359 5.37569e-05 0.0193351 -0.00571543 0.000677538 0.0202605 -0.00490214 0.00201633 0.0163503 0.00495133 0.00142205 0.0196026 0.00376209 0.00442618 0.016786 0.00205633 -0.00559299 0.0210209 -0.00119294 -0.00425672 0.0161498 0.0038884 0.00605976 0.0174316 0.00408341 0.0016045 0.0209333 -0.000452543 0.00326035 0.0203963 -0.000858454 0.00523543 0.0178564 0.00542473 0.00449726 0.0202393 0.00700616 0.00166188 0.0162605 -0.0016035 -0.00367915 0.0178643 -0.00411563 -0.00307944 0.0151282 -0.000929591 0.00287357 0.0160332 -0.00489033 0.0019013 0.0196441 0.00717883 0.000553326 0.0151204 -0.00317045 -0.000178367 0.018711 -0.00130959 0.00381769 0.0172676 -0.000109807 -0.00340692 0.0200153 -0.00137899 -0.00586947 0.0185989 -0.00320242 0.00200352 0.0184408 -0.00434781 0.000122719 0.0176703 0.000775574 -0.000610368 0.0180131 0.0072 -4.43481e-05 0.0210349 -0.00277483 -0.00379183 0.0167379 -3.11784e-05 0.000539362 0.0187785 -0.00709586 0.00122092 0.0212437 -0.00480419 -0.00339433 0.0187528 0.0044119 -0.00342393 0.0178888 -7.20689e-05 0.00450537 0.0213687 -0.0055484 0.00135733 0.0147765 -0.00372634 -0.00162004 0.0191239 -0.00149165 -0.00622359 0.0167045 0.00307709 -0.00130774 0.019184 0.00374098 -0.00466371 0.0170056 -0.00440439 -0.000302265 0.0197254 -0.00108738 0.00677633 0.0155017 -0.00197239 0.00314751 0.0199107 -0.00713435 -0.000974597 0.0170504 -0.00341409 -0.00633984 0.0150104 0.00250293 0.00177467 0.0181661 -0.00522453 -0.00185663 0.0186168 0.00548087 0.00239806 0.0184521 0.00699917 -0.00169052 0.0177243 -0.000823359 -0.0071531 0.0178228 0.00201324 0.000284701 0.0184888 0.000393339 0.00718942 0.0210033 0.00580739 -0.00425632 0.0187959 0.000258537 -0.00211659 0.0181656 -0.00178311 0.00175791 0.0191369 -0.00616459 0.00371997 0.0196634 0.000135362 -0.00719883 0.019355 -0.00421718 0.00461175 0.0180403 -0.00206537 -0.00108731 0.0215204 -0.00708389 0.00128927 0.0180489 -0.00551614 -0.00264693 0.0199767 0.00349506 0.00028166 0.0201547 -0.000640453 0.00175469 0.0177976 -0.00107398 -0.00252961 0.0189487 -0.0057097 -0.00438667 0.0196217 0.00470216 -0.00233972 0.0146934 0.000174387 0.00573748 0.0152512 -0.0024132 -0.00678356 0.0194435 0.00618508 -0.00368606 0.0202419 -0.00247919 0.00494756 0.0155183 0.00145762 -0.00560813 0.0174996 -0.00554331 -0.00459478 0.0159838 0.00218492 -0.004403 0.0167399 -0.000506434 -0.00490513 0.0195308 -0.00277611 0.00336731 0.0177211 0.00411877 0.00151644 0.0165835 0.00345224 0.00276874 0.0173227 0.00534648 0.00482286 0.0171161 0.00683656 0.00225894 0.0193934 -0.00618407 -0.0036881 0.020991 0.000559511 -0.00472154 0.0165149 -0.00227141 -0.00509197 0.0175228 -0.00116249 0.000493573 0.0199086 0.00324587 -0.00642686 0.0218058 -0.00337105 0.00249305 0.0203281 0.00714717 -0.000871406 0.0193862 -0.00342171 0.0017309 0.0217405 0.00699596 -0.00170343 0.0245134 0.00342534 -0.000646028 0.0239317 0.0071339 -0.000973728 0.0230965 -0.00684171 -0.00224449 0.0224959 0.0059698 -0.000949706 0.0205592 -0.00284933 0.00499793 0.023575 0.00293739 0.000134617 0.025695 -0.00396813 -0.00600826 0.0197514 -0.00354076 0.00104306 0.019675 0.00352378 -0.00497775 0.0211871 -0.00432513 0.00268206 0.0252206 -9.86781e-05 0.00572041 0.0224149 0.00205213 -0.00357999 0.0234342 -0.00161166 0.00423441 0.0210279 -0.00289033 -0.000286285 0.0202822 0.00175514 -0.00316266 0.0176568 0.00238532 0.00390925 0.017669 -0.00699633 -0.00170065 0.0209997 -0.00624942 0.00229406 0.0204119 0.00467092 0.00329497 0.0195004 0.00138469 -0.00218084 0.0238283 0.000986427 0.00511684 0.0252741 0.00302954 0.0058708 0.0206417 0.000729656 -0.000435331 0.0220757 -0.00219838 -0.00685626 0.021027 0.00306397 0.0044284 0.0198654 0.00589217 0.00295783 0.0204791 0.00527122 -0.00208614 0.0223809 0.00557483 0.00111905 0.0221268 -0.00591775 -0.00260181 0.0251629 6.49676e-05 -0.00266653 0.022894 -0.00135883 -0.00257378 0.0205662 0.0050767 -0.00279574 0.0192014 0.000959268 -0.00377629 0.0221681 0.00175612 -0.000730128 0.0232669 0.00411929 -0.00446615 0.0190659 0.0037348 0.000265677 0.0217364 0.00654829 0.00299334 0.0231813 0.00537262 -0.00479333 0.0210625 -0.00337564 0.00636025 0.0193598 -0.00341234 -0.00356891 0.0228773 -0.00193251 -0.00379245 0.0194258 -0.00527931 -0.00125223 0.0207239 0.00377638 -0.00452297 0.0246435 -0.00124714 -0.00561938 0.0215908 0.00716534 0.000710545 0.0196248 0.000827525 -0.00715267 0.0231982 -0.00488345 0.0021291 0.0212276 -0.00384295 0.00577441 0.0225904 -0.00224055 0.004001 0.0224814 -0.000114367 -0.00597615 0.0226623 0.00615179 0.00138945 0.0206595 0.00221983 0.00119813 0.0204603 0.00140472 -0.00120759 0.0208481 0.00131804 0.00454054 0.0222537 0.00473314 -0.0035438 0.0256364 0.00366508 -0.0061975 0.0181633 -0.00135752 -0.00305021 0.0220931 -0.00254306 0.00512826 0.0199493 -0.00482305 -0.00421718 0.0232637 -0.00177085 0.00118981 0.0221421 -0.00582546 0.000645785 0.0234504 -0.00517154 0.00500963 0.022133 0.00552669 0.001626 0.0244377 -0.000556474 -0.00223325 0.0243025 -0.0003324 0.0071926 0.0239458 0.00216688 1.76997e-05 0.0215388 -0.00118817 -0.00156117 0.022771 -0.00171096 0.00551922 0.0225791 -0.000999321 0.00643007 0.0212996 0.000998149 0.00308765 0.0241309 -0.00569275 -0.00247493 0.0235843 0.00202723 0.000421711 0.0244112 -0.00229954 -0.00253637 0.0233812 -0.00592999 -0.000648893 0.0193929 -0.0023352 0.00322791 0.0254563 0.000589143 -0.00137502 0.0250158 -0.00704684 0.00147719 0.0228222 0.00597711 -0.000428296 0.0220716 -0.00093506 0.00103691 0.0234976 0.00465958 0.00548918 0.0228137 0.00674596 -0.00251675 0.0228276 -0.00411312 0.004961 0.0195977 -0.000969154 0.00537 0.020102 -0.00401179 -0.00597928 0.0213502 -0.00654819 0.00299356 0.0227133 0.00498448 0.000296997 0.0207388 0.000374899 0.00609171 0.0195432 -0.00719916 0.000130718 0.024088 0.00321501 0.00320706 0.018843 -0.00306079 -0.00501473 0.0234646 0.00160227 -0.0020031 0.0222222 -0.00570513 0.000755057 0.0186597 -0.00646889 0.00316134 0.024318 -0.00230153 0.00134529 0.0206409 -0.00700529 0.00166487 0.0244975 0.00440098 0.00415309 0.0219557 0.00147595 -0.00580378 0.0226333 -0.00111681 -0.000739774 0.0241796 -0.00376302 -0.00382999 0.0244161 -0.00396881 -0.00224351 0.0243938 0.000769757 0.00305161 0.0224587 0.00227924 0.00562625 0.0229296 0.000908691 0.00711665 0.0249523 -0.00186142 -0.00297422 0.0248559 0.00135044 -0.00142459 0.0192642 0.00101139 0.000931337 0.0255372 -0.00716595 -0.000702652 0.0254556 0.0045726 0.00556196 0.021218 -0.00378398 -0.00441134 0.0215696 0.00105491 0.000704604 0.0231727 -0.00224901 0.00683996 0.0203888 0.00297975 0.00655451 0.0191587 0.00445413 -0.00565793 0.0200784 -0.00507764 -0.000691882 0.0222088 0.00211424 0.00251377 0.0231391 -0.0029774 0.000195611 0.021805 -0.000523594 -0.0043959 0.022325 -0.000238497 0.00194761 0.0195078 -0.00173819 -0.00698732 0.0231752 -0.00295968 0.00129146 0.0232077 -0.00719514 -0.000276868 0.0202979 0.000305434 -0.00461743 0.0209749 -0.00528036 0.00198714 0.0227705 -0.000745952 0.00296635 0.021941 0.000356055 0.00451749 0.0198272 0.00329001 0.0018205 0.0223049 0.000967814 0.00571253 0.0212225 0.000957692 -0.00556074 0.0198584 -0.00577572 0.00429935 0.0234327 0.00140348 -0.00493798 0.0239761 0.00677803 0.00242894 0.021702 0.00464992 0.00194398 0.0231381 0.00173732 0.00532261 0.0198753 0.00238523 0.00294986 0.021624 0.00320317 0.004699 0.025234 0.0033802 0.00174339 0.0195033 0.00020367 -0.00620769 0.0211118 0.000576332 0.00083125 0.0210916 -0.00430583 0.000642054 0.0226379 -0.00154073 -0.0054 0.0231481 -0.00697373 -0.00179123 0.0242756 0.00225097 0.00580209 0.0245739 0.00586118 -0.000393231 0.0250197 -0.00194341 -0.00453294 0.0245034 0.00660361 -0.00287062 0.0187294 0.000606341 0.00590173 0.0238393 -0.000224168 -0.00193955 0.0214988 0.00300563 -0.00111169 0.0207701 0.00100787 -0.00712931 0.0178496 -0.000857805 -0.00714931 0.0218496 -0.00284401 0.0051282 0.0215201 -0.00467846 0.00317673 0.023741 0.00711561 0.00110133 0.0255258 0.00714485 0.000890201 0.0223323 -0.00416019 -0.00444218 0.0200151 -0.00470321 0.00337429 0.0202398 0.00226676 -0.00405607 0.024994 0.00645673 -0.0031867 0.0242512 0.00174259 0.00150263 0.0219566 -0.00297316 -0.00233447 0.0219444 -0.00216098 0.000757782 0.0244867 -0.00218283 -0.000128719 0.0231551 0.00719966 9.02606e-05 0.0242891 0.00357757 0.00468931 0.0236788 0.00246751 -0.00676405 0.0234423 0.000835873 0.0023558 0.0206816 0.00248907 -0.00311568 0.0214903 -0.000706632 0.00429877 0.022825 -0.00719614 -0.000236005 0.0218973 0.00567129 -0.00129754 0.0237138 0.0043 0.000599005 0.0244261 0.00430464 -0.00349607 0.0212832 -0.00176003 0.00698187 0.024636 0.0034755 0.00630629 0.0221145 0.00539598 -0.00242109 0.0208218 -0.00642747 -0.00324494 0.0187612 0.005481 -0.00466901 0.0247794 0.00495912 0.00266855 0.0217458 0.00195441 0.00197825 0.0247741 -0.00332342 0.00362757 0.0192014 0.0035142 0.00326711 0.0229494 -0.00387043 -0.00607171 0.0243514 0.00476424 0.00331959 0.0239464 -0.00264344 -0.00529643 0.0208805 0.00304403 -0.00103283 0.0223675 0.00052843 0.00718079 0.0225975 0.0058023 -0.00426334 0.0232656 -0.00438781 -0.00570858 0.0228815 -0.00637768 -0.000849912 0.0231275 -0.00492302 -0.00108286 0.0237529 0.00154761 0.00400586 0.0207634 0.000814639 -0.00495807 0.0254632 0.00161721 -0.00408044 0.0202336 0.00450793 -0.00462543 0.0223981 0.00619604 -0.00365011 0.0218413 -0.00193938 0.00252194 0.0230113 0.00130723 0.00163085 0.0192197 -0.0034473 0.00298123 0.0227384 -0.00225521 0.00278425 0.0214427 0.000985796 -0.00713237 0.0247898 0.00455892 -0.000594774 0.0228039 -0.00521749 -0.0049582 0.0210994 -0.000803142 -6.72974e-05 0.0223476 -0.00171289 0.0037784 0.0239753 -0.0054453 -0.0024803 0.0217357 0.00236141 -0.00454525 0.0221968 0.00150632 0.00457961 0.0238597 0.000222056 -0.00115897 0.0234092 -0.00537745 0.00478847 0.0205622 0.00307416 -0.00528368 0.0234236 -0.00430244 -0.0022409 0.0228292 0.00394112 -0.00200614 0.0232659 -0.00569948 0.000740104 0.0218587 -0.00490529 0.0034245 0.0221771 -0.00264719 -0.00347895 0.0208753 -0.00451112 -0.00561224 0.0260655 -0.0047162 0.00544055 0.0255455 -0.00187574 0.00274233 0.0288154 0.00352252 -0.00627989 0.024592 -0.00595725 -0.00404462 0.0258526 0.000626805 0.00561122 0.0267526 -0.0020637 0.0030834 0.027264 -0.00214157 0.00565937 0.0254507 0.00278182 -0.00106153 0.0267461 0.000238713 7.21163e-05 0.0244307 -0.0061959 0.00235436 0.025693 0.000629742 0.00420016 0.0298227 -0.000273786 0.00304923 0.0251002 0.00176467 0.0069807 0.0236078 -0.0037675 0.00192793 0.0279007 -0.00362698 0.00516736 0.0270972 0.00348615 -0.00343213 0.0227008 -0.00543022 0.00190803 0.0243611 0.00227045 -0.00239736 0.0286784 -0.00258805 -0.00170147 0.0264855 -0.00186442 -0.00500207 0.0273969 -0.00307115 0.00252173 0.024224 0.00701588 0.0016187 0.0238533 -0.00324349 -0.00290331 0.025658 -0.000461831 0.00287536 0.0235127 -0.0064114 -0.00327646 0.0271803 -0.00104198 0.00712443 0.0260584 0.00063209 -0.00354995 0.0241716 -0.001802 0.00697117 0.0290092 0.0025275 -0.00501262 0.0262496 0.00482633 0.00272408 0.0262396 -0.00509254 -0.00508998 0.0246696 -0.00151437 0.00222024 0.0245236 0.00429879 0.00411569 0.0287018 0.00246856 0.00156765 0.0262322 0.00326454 0.0016991 0.0238996 -0.00321473 -0.00500769 0.0253499 0.0013962 0.00246636 0.0275798 -0.00514792 0.00345916 0.0275162 0.00328661 -0.00303993 0.0242964 0.00344458 0.00601918 0.026947 0.00161918 0.00366306 0.0254883 0.00447179 -0.00152222 0.0247657 -0.00584718 -0.000452613 0.0263723 0.00181581 -0.00457397 0.0293424 0.00308295 -0.00650678 0.0261134 0.00238141 -0.00657732 0.0275805 0.00418928 0.00252039 0.0286552 0.00199949 0.00691695 0.0220268 -0.00295357 -0.00484229 0.0285578 -0.000187861 -0.00487893 0.0238242 -0.000397441 -0.00231274 0.0278359 0.00451795 -0.00560623 0.0256477 0.00662472 0.00282095 0.0281936 -0.00609193 0.0038383 0.0262817 -0.0071505 0.000844339 0.0258631 0.00573165 0.000284517 0.0234828 0.00114783 0.00710809 0.026534 0.00609044 -0.00167944 0.0285509 0.00569066 -0.00103666 0.0264786 -0.000230085 8.29242e-06 0.0288257 -0.00031682 0.00603471 0.0251389 -0.000188352 0.00719758 0.0274094 -0.00091727 0.00146158 0.0288151 0.00477214 0.00539151 0.0263121 0.00288383 0.000299562 0.0293794 -0.00488752 -0.0014006 0.0253962 0.00626369 0.00245372 0.0255915 -0.00151824 0.000384924 0.0265975 0.00453145 -0.00213429 0.0263749 0.00215044 -0.0011336 0.0247657 -0.00224156 -0.00438318 0.0221311 -0.000779686 -0.00385794 0.0276681 0.0051603 -0.00289091 0.0290268 0.00342478 0.00356428 0.0263395 -0.00534624 0.00200306 0.0281485 -0.00187785 0.00695104 0.0274113 -0.00300199 -0.00654444 0.0257408 0.00556605 0.0010044 0.0259111 0.00277198 0.000474644 0.0229962 0.00462205 0.000719823 0.0271708 -0.00132256 0.00532328 0.0241183 -0.000867004 0.00241162 0.026442 -0.00283263 0.00661955 0.0235059 0.00418292 0.00586058 0.0299069 -0.00673786 -0.0025381 0.0285615 -0.00135448 0.00707195 0.0227211 -0.001265 -0.00160531 0.0255916 0.000503072 0.00397022 0.0282446 -6.37502e-05 -0.0026472 0.0257671 -0.00270601 0.00667261 0.0219123 0.00202676 -0.00594593 0.0250506 -0.00526339 -0.00110289 0.0296644 -0.000559524 -0.00402693 0.0251264 -0.00275706 -0.0012227 0.0241716 0.0071506 -0.000844175 0.0258537 -0.000760636 0.00109049 0.0253777 -0.00274258 -0.00608415 0.0223182 -0.00526584 0.00406935 0.0249314 0.00578906 -0.00428167 0.027072 -0.00690466 -0.00204201 0.0262904 -0.00585477 -0.00173943 0.0274588 -0.00227148 -0.00609444 0.0243905 0.0039988 0.00133103 0.02583 0.00217577 -0.002541 0.0268077 -0.00163047 -0.00701308 0.0269761 -0.00263355 -0.0036026 0.0274958 -0.000382328 -0.00613482 0.027456 -0.00652072 -0.000957843 0.0286857 0.00670343 0.000317661 0.0268583 0.00462879 -0.00551511 0.0237222 -0.00537147 -0.00479505 0.0271383 -0.00274111 0.00141294 0.0290225 -0.00392351 -0.000172731 0.025746 0.00718285 -0.000498298 0.0283785 -0.00527132 3.01374e-05 0.0285348 0.000160319 0.00719824 0.0289707 -0.000869123 0.00413984 0.0273926 1.6927e-05 0.00112076 0.026776 -0.00262199 -0.000417178 0.0274384 0.00711592 0.00109818 0.0283024 0.00450014 -0.00146416 0.0287311 -0.00118419 0.00434206 0.0253761 0.000494796 -0.00442278 0.0284527 0.0038872 -0.00606089 0.0274224 0.00468319 -0.00322353 0.0275366 -0.000428532 -0.0058766 0.0250514 -0.0012707 -0.00304762 0.0289571 -0.000471352 -0.00718474 0.0241317 0.00583976 0.00421203 0.0282823 -0.000861595 0.00588432 0.0280346 0.00643787 -0.00322405 0.0281232 0.00146353 5.77447e-08 0.0286506 -0.00176414 -0.00625945 0.0283809 -0.00140851 -0.00276634 0.0266823 0.003147 -0.00208827 0.0255747 0.00350932 0.00628722 0.0237136 -0.00579122 -0.000228299 0.0247894 0.00029795 -0.000343116 0.027357 -0.00325189 0.000881767 0.0267487 -0.00236328 -0.000444613 0.0255217 0.00449818 -0.000188762 0.0258317 0.00572606 0.00436547 0.0232117 -0.00146263 -0.00705044 0.0253857 -2.87653e-05 0.00439487 0.0242707 0.00575854 -0.00226572 0.0253571 -0.00622585 0.00113004 0.0271368 -0.00358743 0.00399399 0.0245785 0.00452806 0.00559799 0.0247368 0.000831801 -0.00715194 0.0276813 -0.00396972 0.000148038 0.024122 0.00263843 0.00352405 0.0242631 0.00297105 0.00389444 0.0278373 -0.0035467 0.00128543 0.0251645 0.0015449 -0.00266966 0.0253431 0.00481506 0.00413644 0.025321 -0.00371714 0.000377406 0.0282919 -0.00691658 0.0020004 0.0286233 0.00532659 0.00208454 0.027618 -0.00106736 -0.00356522 0.0235793 0.00471897 0.00403126 0.0271554 0.00377107 0.00270201 0.0250378 0.00701612 -0.00161748 0.0272477 -0.000301338 -0.000359676 0.0258735 0.00254086 0.00673711 0.0258391 -0.00414833 0.00404201 0.0260761 -0.00351291 0.00628496 0.0249145 -0.00198093 0.0015257 0.0276193 -0.000420221 -0.00486756 0.0264803 0.00487784 -0.0029461 0.0241594 0.000217731 0.00408059 0.0262201 0.00617485 0.00370318 0.0245968 0.00144229 -0.000517116 0.026062 -0.00473105 0.00542748 0.0238752 -0.000429787 0.00299778 0.0294505 0.00606463 0.00388084 0.0262869 -0.00617828 -0.00369729 0.0225908 0.00028715 0.00166684 0.024315 0.00321544 -0.0037297 0.027922 0.00536382 0.00480338 0.0296904 -1.02832e-05 -0.00720001 0.02604 -0.00505336 0.00094789 0.0255837 0.00188323 -0.00119213 0.0296566 -0.00360941 -0.000800439 0.0228851 -0.00490162 0.00215859 0.0266181 -0.00233332 0.00445359 0.026484 -0.0071847 0.000471654 0.0282353 -0.00605735 -0.00389283 0.0242287 0.00221678 0.00685043 0.0292881 -0.00207776 0.00391042 0.0298895 0.00181966 -0.00442042 0.0275563 -0.00111922 -0.00132112 0.0288629 -0.00620722 0.000579247 0.0315294 -0.000486877 -0.00554219 0.0305955 0.00202291 0.0024478 0.0334545 0.00077533 -0.00176753 0.026807 0.00305713 0.00613568 0.0330361 0.00359295 -0.00303552 0.029313 0.00714973 0.000365881 0.0297245 0.000125674 -0.00624052 0.032032 0.00153567 0.000649786 0.0271521 0.00186111 -0.00387385 0.0319973 -0.00336335 0.00452793 0.0289514 -0.000246119 0.00259823 0.0279045 0.00241691 -0.00539656 0.0306683 0.000433849 0.0057854 0.0339102 -0.00181925 0.000145172 0.0287026 0.00569859 -0.000441191 0.0294848 -0.00504138 0.000551391 0.0304341 -0.00412789 0.00589939 0.0292585 -0.00335075 9.39924e-05 0.0315772 -0.00364685 -0.00575467 0.0296743 0.000285249 -0.00265164 0.0292426 0.00463972 -0.00334541 0.0322485 0.000290049 -0.00115117 0.0297977 -0.00497904 -0.00266644 0.0264568 0.00705558 0.00143529 0.0310776 -0.000836654 -0.00446994 0.0317302 -0.000889381 -0.00714508 0.0293858 0.0044529 0.000934819 0.0314117 -0.00418201 -0.00114089 0.0284861 -0.000503709 0.00558845 0.0301215 0.00174414 -0.00698566 0.0307378 -0.00472359 0.00370673 0.0330839 0.000786354 -0.00715715 0.0292803 -0.00586231 -0.00416379 0.0301367 -0.00476375 0.000482802 0.0270867 -0.00431756 -0.00475809 0.0307311 0.000574137 0.0012737 0.0282679 0.00348161 -0.00217447 0.0276574 -0.00306114 -0.00411437 0.0299782 -0.00172422 0.00386193 0.0322394 -0.004512 0.00533702 0.0307059 -0.00435839 -0.00402694 0.0258878 -0.00489822 -0.00318918 0.032189 -0.00534265 -0.00263139 0.0302967 -0.00370164 -0.0024137 0.0273864 -0.00325852 0.00642054 0.0280209 -0.00150539 0.00222976 0.0316951 -0.00170097 0.00187375 0.0301476 0.000449106 0.00545266 0.0288437 -0.00646866 -0.00316216 0.0313015 0.00655505 -0.00297933 0.0265465 0.000994598 -0.0057608 0.0300326 -0.00306995 0.00651295 0.0264349 0.00429419 0.00130065 0.0296849 -0.00367168 -0.00476383 0.0271306 -0.00174575 -0.00556388 0.0259038 -0.00703364 0.00153962 0.0304637 0.00564564 -0.000290505 0.027893 0.00157593 0.00396803 0.027058 -0.0029483 0.00656913 0.0301068 -0.00704182 -0.0015026 0.0322328 -0.00686256 0.00217869 0.0319202 0.00421301 -0.000727627 0.0317763 -0.00274625 -0.00456301 0.0314811 -0.00140311 -0.004657 0.0289061 -0.0044905 -0.0011034 0.026917 0.00509486 -0.00508775 0.0305844 0.00234814 0.00536582 0.0279167 0.00178544 0.00511907 0.0333727 -0.00213572 0.00491739 0.0280021 -0.000492879 -0.00138893 0.0315885 0.00274354 -0.000907486 0.0283381 -0.00630416 0.00347845 0.0286217 -0.000228924 -0.00573949 0.029002 -0.000944984 0.00546136 0.026494 -0.00669061 0.00266023 0.0271834 -0.000857128 -0.00226597 0.0302943 -0.00240141 -0.00246445 0.0299269 -0.00538031 -0.00478468 0.0332356 -0.00265107 -0.00246278 0.0315071 -0.00202624 -0.0053085 0.0302278 -0.00338857 0.00472086 0.0331894 0.000752876 0.00716044 0.0318929 -0.0021663 0.00166908 0.0258765 -0.0071477 0.000867324 0.0327912 0.00126122 0.00225418 0.032061 -0.000340435 -3.25966e-05 0.0324816 0.00534489 0.00216669 0.0328999 0.00427468 0.000115163 0.0286107 0.00141516 -0.00705963 0.0325302 0.00103473 -0.00302396 0.027879 -0.00384765 -0.00608594 0.0325104 0.00100019 0.00556614 0.0306668 0.00604275 0.00391491 0.0316885 -0.00335513 0.00254952 0.0264855 0.00573241 -0.00435711 0.0293121 -0.00215319 -0.00402212 0.0260287 -0.00456377 -0.00365337 0.0279146 -0.00550456 -0.00176416 0.0325901 -0.00133309 0.00052179 0.0313544 -0.00193674 -0.000821523 0.0319797 0.0066581 0.00191016 0.0296025 -0.00337393 -0.0030678 0.0288092 0.00322037 0.00237553 0.0273905 0.00420037 -0.00584787 0.032345 -0.00259487 0.00263986 0.0327945 -0.00287154 0.00321846 0.0313288 0.000743852 -0.0016374 0.0325726 -0.00215073 -0.00214904 0.0279581 0.00559436 0.00103164 0.0287923 0.000813125 0.00241925 0.0260907 -0.000858267 -0.00543693 0.0330046 0.00375844 -0.00167209 0.0301332 0.0068739 -0.00214213 0.031104 0.00157775 -0.00702513 0.0262718 -0.000840422 0.00446383 0.0289591 -0.00518143 0.00489793 0.0285899 0.00630825 0.00347109 0.0296206 -0.00315463 0.00272897 0.0298324 -0.00715871 -0.000772776 0.0272304 0.00383367 0.00609459 0.0316379 -0.00431042 0.00380821 0.0302795 -0.00513811 -0.0024007 0.028727 -2.10721e-05 5.97809e-05 0.0340465 -0.00240341 0.000357945 0.0301767 0.00367597 -0.00222768 0.0316311 0.000982134 -0.00149987 0.0283707 -0.00391803 -0.00196437 0.0298319 -0.000241946 -0.00404665 0.029822 -0.00296242 -0.00618792 0.0273 -0.00382669 -0.00024365 0.0297622 0.00292742 0.00219385 0.0295828 0.00423618 -0.00460366 0.026862 0.00308416 0.00037647 0.0274465 -0.00521083 0.00496913 0.0269919 0.00127756 -0.00582335 0.0284594 -0.000776706 0.00586965 0.0328676 -0.000172813 0.00294669 0.0322148 0.00218007 0.00525782 0.0263296 -0.00281044 -0.00110833 0.0306705 0.00284162 -0.000517415 0.0307544 -0.00431169 0.00144449 0.0293254 0.00104364 0.00238992 0.0293131 0.00102277 0.00712707 0.0303163 0.00280359 0.00187497 0.0318701 0.000800986 -0.00447072 0.0309585 -0.00561253 0.0045101 0.031521 -0.00197164 0.00545781 0.0294988 -0.00696968 -0.00180668 0.0299655 0.00343051 -0.00456568 0.0297507 -0.00424134 -0.00581832 0.0281903 0.00192643 0.00369003 0.0322969 0.0035042 0.00362727 0.0300014 -0.000846415 0.0071502 0.0318506 0.001638 -0.00311037 0.0299633 0.00177354 0.00179258 0.0306158 -0.000804337 0.00715496 0.0302464 -0.000758501 0.0049435 0.0315632 0.00613612 -0.00376696 0.0309044 0.00214629 0.00353845 0.0291607 0.00471525 0.00544174 0.0279101 0.00275127 -0.00112379 0.0323281 0.00225415 0.00137969 0.0283813 -0.00348175 0.00142092 0.0306932 -0.00218846 -0.00219917 0.0330157 0.00291924 -0.00523105 0.0283885 0.00570681 0.000883704 0.0303814 -0.00559351 -0.00453353 0.0316699 -0.0059835 0.00400491 0.0340802 0.00359084 0.00249077 0.0331194 0.00694564 0.00189749 0.0269273 0.000237021 0.00112607 0.0298706 0.00409393 -0.00592322 0.0292249 -0.00438303 0.00306531 0.0288646 0.00500559 -0.00517376 0.0281442 -0.00263425 0.00478696 0.0311065 -0.00580159 0.00426416 0.0299216 -0.0041308 0.0022254 0.0329649 0.0050032 0.00350019 0.0305453 0.00661648 -0.00283972 0.0296874 0.0027052 0.00594548 0.0305136 0.00565327 -0.00054237 0.0311047 -0.000917348 0.00349254 0.0309082 -0.00532018 0.00253787 0.0339992 -0.00122203 -0.000708805 0.0303374 -0.00436257 -0.00102727 0.0310498 0.00103337 -0.0056525 0.0268876 0.00373672 0.00469201 0.0329187 0.00189521 0.00509568 0.029427 -0.00717845 -0.000558171 0.0335169 -0.00392389 -0.00191454 0.0323067 -0.0059959 -0.00398623 0.0285524 -0.00269458 -0.00114118 0.0290751 0.000955689 -0.00368885 0.0264263 -0.00142138 -0.00705838 0.0309603 -0.00162407 -0.00371352 0.0305555 0.00281025 -0.0066291 0.0318762 0.00427439 -0.000837988 0.0272766 -0.00640338 0.000332522 0.0296242 0.000158487 -0.00719839 0.0307511 0.00299923 -0.00339383 0.0307547 0.0032274 -0.00356833 0.0261767 0.00546353 -0.00185092 0.030204 -0.00573419 0.00207426 0.0296989 0.00394149 0.00234184 0.0308472 0.00385793 -0.0060793 0.0307994 -0.0045873 0.00554973 0.0325293 0.00719854 -0.00015011 0.0312382 0.000389177 0.00258141 0.0307603 -0.0035075 0.00623551 0.0315682 0.00216023 0.00519907 0.0318194 -0.00109875 -0.0010775 0.0270927 0.00384962 -0.00456262 0.0314405 -0.00242147 -0.00678088 0.0297429 0.00153125 0.000258246 0.0302328 -0.00467152 -0.00463167 0.0291759 0.00543362 -0.00203306 0.0317932 0.00127857 0.00655041 0.0280275 -0.00355289 0.00365783 0.0276222 0.00185109 0.00338688 0.0307258 0.00174986 0.000675976 0.0317616 0.0035049 0.00628963 0.0285228 0.000607792 0.00411634 0.0314201 -0.0024095 0.00110445 0.0323849 -0.00172323 0.00609942 0.0310221 0.00504568 0.00513627 0.0312226 0.00672846 0.00256347 0.0322015 0.000450195 -0.00318825 0.032312 -0.00124088 -0.00453026 0.0349911 -0.00270007 -0.00514606 0.0331099 -0.00239073 -0.000529654 0.0354134 0.00234558 -0.00102322 0.0338724 0.000182528 -0.00576546 0.0342106 0.00131077 0.00157764 0.0345927 -0.00622823 0.0034876 0.0325862 -0.0034447 0.00332291 0.0339654 0.00322888 0.00532817 0.0348305 -0.00592359 -0.00137342 0.0310963 -0.00682542 0.00229212 0.0335157 -0.00193611 -0.00587542 0.0319065 -0.00668232 0.000917057 0.0343211 -0.00657294 -0.000625961 0.0349962 -0.00605558 -0.00389487 0.034381 0.00256245 0.00672862 0.0344374 -0.00101895 0.00169293 0.0359172 -0.00467264 0.00384912 0.034984 0.0015831 -0.00550989 0.0334806 0.00268641 -0.00668008 0.0291477 0.00462733 -0.00356748 0.0304113 0.00451445 0.0032342 0.0320452 0.000251627 0.00433183 0.034591 -0.00229509 0.00561191 0.0324345 0.000596785 0.00132718 0.033183 -0.00013666 -0.00327138 0.0351095 0.000620548 -0.00231263 0.0309054 -0.00562596 0.00129305 0.0330417 -0.0036289 -0.000128472 0.034483 -0.00102909 0.00509009 0.0351781 -0.00489093 0.00517344 0.0340544 0.00696355 0.00183034 0.033604 0.00293666 -0.00479739 0.0339934 0.000547512 -0.0047729 0.032509 0.00479829 0.00214388 0.0344034 -0.00254029 -0.00673709 0.0331632 -0.000917626 0.00648552 0.0344033 -0.0056455 -0.000168486 0.0337574 0.00624594 0.00276288 0.0346881 -0.00206729 0.0054206 0.0340065 0.00274045 -0.00513424 0.0324417 -0.00401428 -0.00449589 0.0324544 0.00707988 -0.00130981 0.0297533 -0.00584893 -0.00204988 0.0349055 0.00139305 -0.000933729 0.0312909 -0.0017794 -0.00584127 0.0342487 0.00268423 0.00386437 0.0337942 0.00326617 0.00408355 0.031516 0.00116939 -0.000155405 0.0329992 -0.000941512 -0.00713821 0.0346679 0.00396163 -0.000662602 0.0333549 -0.00506644 -0.00280752 0.0337335 -0.00102983 -0.00288277 0.0317869 0.00623825 0.00359522 0.0333217 -0.00505104 -0.000262665 0.032275 -0.000342315 0.00156802 0.0344728 0.00375754 0.00347577 0.0349153 -0.00279446 0.00149015 0.0338891 0.00201636 -0.00241662 0.0331501 -0.00321776 0.00348925 0.035544 -0.00632352 -0.00344309 0.0328698 0.00593898 -0.00407052 0.033473 0.00113316 -0.000690422 0.0348619 0.00649333 -0.00311076 0.0323191 -0.00514463 0.000973767 0.0347594 0.000150198 -0.00719847 0.0334998 -0.00111966 -0.00711251 0.0325305 0.00434429 -0.00455063 0.0332703 0.00546526 0.00216895 0.0313028 -0.00190555 0.00694346 0.0332311 -0.00203762 -0.00375825 0.0326685 -0.00216072 0.00239682 0.035045 -0.00169068 0.000769863 0.0347962 0.00669728 -0.000319494 0.0336535 -0.00167499 6.86319e-05 0.0333582 0.00158956 -0.00468063 0.0348488 0.00254036 -0.00324066 0.0344174 -0.00250547 -0.00397547 0.0341831 0.000514415 0.00277847 0.0338725 0.00542856 -0.00473005 0.0321076 -0.00395618 -0.00315798 0.0308964 -0.00299053 -0.000825011 0.0331835 0.000858995 0.00578631 0.0354526 -0.00408951 -0.00541325 0.0339417 -2.30522e-06 0.00720016 0.0333027 0.00682341 -0.00229819 0.0336573 0.000590347 -0.00248403 0.0339215 -0.00439802 0.00275173 0.0314778 -0.000926945 0.00441312 0.0335121 -1.1013e-05 0.00135245 0.0317033 0.00466286 0.0035795 0.0336003 0.00708346 -0.00129052 0.032442 -0.00324415 -0.00642776 0.0310687 0.00326085 0.0017069 0.0344745 0.000646253 0.00551815 0.0322264 0.00056878 0.00413081 0.0330194 0.000104082 -5.15779e-05 0.0309449 0.00561982 0.00450094 0.0344919 -0.00378385 0.000557554 0.033046 -0.000295723 -0.00138561 0.0346751 -0.000163915 -0.00424756 0.0338422 -0.00206133 0.00390516 0.0345195 -0.00718665 -0.000442732 0.0307838 0.00310536 -0.0035867 0.0329611 -0.00096275 -0.00286196 0.0338019 -0.000728491 0.003078 0.0348343 0.00179678 0.00461749 0.0348919 0.00428423 0.00105372 0.0333426 0.00455541 0.00557596 0.0339711 0.00473083 -0.0032796 0.0341619 -0.00320279 0.00644852 0.0344687 -0.00184868 -0.00173202 0.0345077 -0.00445606 -0.00123558 0.0336768 -0.00459155 0.00120205 0.0318246 0.00266435 -0.00668901 0.0334683 0.00231278 0.00681858 0.0317954 -0.00686488 -0.00217121 0.0336755 -0.00348827 0.00490444 0.0347756 0.00664923 0.000751067 0.0324655 -0.000806187 -0.00140598 0.0331574 0.00572788 0.000900886 0.0340151 0.00322767 0.000403378 0.0323325 0.00324372 0.000109277 0.0345585 -0.00399109 0.00426953 0.0317777 -0.0033832 -0.00217304 0.0344048 -0.00661019 0.00285404 0.0349981 -0.00411509 -0.00388959 0.0344292 -0.00397647 0.0020662 0.0348006 -0.000986278 0.00148182 0.0330107 0.00227627 0.000869993 0.0335312 0.0040192 -0.00597381 0.0339296 0.00541601 -0.00160856 0.0333357 0.00135699 -0.00382817 0.033515 0.000757288 0.00306528 0.0354277 -0.00344493 -0.00317885 0.0331621 0.000930853 0.00713963 0.0346021 -0.00593041 0.00304801 0.0309531 0.00533939 -0.000125664 0.0327399 -0.0049794 -0.000721424 0.0351029 0.00433174 -0.000185439 0.0302759 0.00227955 0.00286621 0.0349773 0.00395851 -0.00225553 0.0332056 0.00532413 0.00484709 0.0327721 0.00155219 0.00669221 0.0331973 0.00208294 -0.00235319 0.0315528
</DataArray></Points>
      <Lines>
        <DataArray type="Int64" Name="connectivity" NumberOfComponents="1" format="ascii">
0 93 0 253 0 315 1 100 1 50 1 225 1 91 1 123 2 84 2 80 4 49 4 189 4 73 4 53 4 172 5 196 5 107 5 153 6 96 6 30 6 172 6 204 7 122 8 270 8 102 8 401 8 235 8 589 9 54 9 70 9 398 9 287 9 235 10 163 10 198 10 82 11 20 11 109 11 70 11 224 11 342 11 21 11 50 12 111 12 109 12 67 12 161 13 139 13 108 13 51 14 52 14 66 14 77 14 63 15 150 15 149 15 228 15 274 15 401 16 124 16 127 16 192 16 249 17 68 17 188 17 398 17 227 17 322 18 170 18 257 18 348 18 625 19 199 19 96 19 33 19 160 19 179 20 38 20 63 20 192 20 102 21 102 21 90 21 291 21 396 22 125 22 71 22 84 23 295 23 226 23 412 23 341 23 227 23 322 23 304 24 289 24 150 24 190 24 319 25 253 25 410 25 123 25 310 25 240 26 42 26 62 26 221 27 94 27 51 27 100 27 342 27 410 28 191 28 414 28 130 29 52 29 112 30 49 30 73 31 38 31 66 31 106 31 192 32 178 32 162 32 157 32 140 33 153 33 354 33 330 33 37 33 177 33 282 34 253 34 372 34 397 36 194 36 256 36 127 37 339 37 330 37 363 37 280 38 77 38 109 39 126 39 122 39 67 39 387 39 181 41 135 41 137 41 175 42 67 42 44 42 161 42 313 43 83 43 163 43 131 43 86 43 277 44 60 44 147 44 119 44 244 44 134 45 98 45 156 45 134 45 56 45 59 46 193 46 183 47 178 47 166 48 83 49 199 50 236 50 219 51 165 51 108 51 251 52 128 52 188 52 136 53 189 53 97 53 197 53 110 53 172 53 263 53 286 54 188 54 136 54 270 55 355 55 421 55 325 55 266 56 81 56 288 57 377 57 116 57 259 58 88 58 67 59 288 59 315 59 221 59 352 60 67 61 229 61 263 61 218 61 210 61 369 62 181 62 347 62 209 62 234 63 128 63 136 63 102 63 70 64 196 64 82 66 162 67 161 67 181 68 79 68 198 68 82 68 226 69 138 69 251 69 172 69 160 69 76 71 137 71 84 71 292 72 82 72 295 72 141 72 322 73 110 74 89 74 87 74 402 74 135 74 144 74 298 74 289 75 79 75 137 75 151 76 398 76 200 76 318 76 281 77 136 77 94 78 194 78 126 78 122 79 125 80 339 80 259 80 354 81 169 81 108 81 93 81 356 81 184 81 253 82 193 82 298 82 188 83 182 83 163 83 114 84 339 86 131 86 128 87 125 88 115 88 358 89 144 90 106 90 192 90 145 90 207 91 313 91 123 91 371 91 470 91 321 92 317 92 144 93 146 93 117 94 119 94 100 95 160 95 204 95 218 95 200 95 405 96 153 96 199 96 138 97 113 98 115 98 146 99 169 99 356 99 263 100 174 100 119 100 184 101 116 101 138 102 183 102 106 102 228 103 317 103 277 103 323 104 245 104 307 104 308 104 216 105 165 105 108 105 197 106 162 106 124 106 379 107 120 107 165 107 112 107 205 107 138 107 251 108 174 108 229 109 111 110 201 111 139 111 119 112 196 112 188 112 153 112 330 113 171 113 349 114 159 114 158 115 134 116 199 117 171 118 387 118 181 119 244 119 316 120 129 120 142 121 199 122 192 122 145 122 161 123 184 123 288 123 486 124 166 124 256 124 403 125 137 126 127 127 393 127 387 128 193 129 139 129 142 130 149 130 148 130 307 130 346 130 217 131 158 131 183 131 149 132 289 132 295 132 151 132 412 133 194 133 140 134 358 135 402 135 137 136 205 137 198 138 165 138 189 138 197 139 147 140 366 140 247 140 403 140 379 141 150 141 273 141 341 141 401 141 634 142 342 143 286 143 218 143 372 143 374 144 402 145 185 147 156 148 379 148 307 148 167 149 239 149 366 149 228 149 242 149 346 150 298 150 277 150 273 151 152 152 339 152 170 152 220 155 355 155 173 155 421 156 174 156 244 157 158 157 183 159 317 159 191 160 177 160 281 160 578 161 185 163 193 163 298 166 403 167 367 167 325 167 243 168 196 168 377 168 339 168 226 170 354 170 280 170 326 172 197 172 218 173 387 173 357 175 289 175 230 175 211 177 227 178 414 179 257 179 204 179 348 180 197 180 251 180 229 180 200 182 317 183 270 185 357 185 320 185 296 186 342 186 235 186 291 186 305 188 205 189 197 190 402 190 230 191 414 191 239 192 224 195 270 195 322 195 235 195 340 197 229 198 295 199 259 200 327 200 210 200 338 201 286 201 374 202 302 202 540 202 643 202 441 202 570 203 296 203 234 203 391 203 255 203 427 203 213 204 374 205 287 206 230 206 395 207 249 207 272 207 368 208 474 208 391 208 583 208 492 208 575 208 434 209 221 209 234 209 427 210 616 211 345 211 267 211 439 211 373 212 235 212 365 212 407 212 261 212 528 213 427 213 332 213 420 213 381 213 444 214 533 214 591 214 417 214 717 214 549 214 565 215 578 215 394 215 557 215 510 215 364 215 458 216 329 216 505 217 307 217 346 217 329 217 633 218 263 218 338 219 261 219 568 219 617 220 292 220 267 221 313 221 321 221 622 222 380 222 294 222 449 222 511 223 288 223 470 223 310 223 400 224 316 224 236 225 342 225 410 227 330 227 363 227 304 227 279 227 318 228 379 228 272 229 253 229 410 230 264 230 439 231 246 231 491 231 285 231 552 231 441 232 389 232 611 232 276 233 593 233 478 233 576 233 468 234 296 235 299 235 261 236 396 236 320 236 371 237 625 237 350 237 386 237 629 238 308 238 477 238 561 238 624 238 392 239 317 239 242 239 245 240 486 240 369 240 616 240 258 240 537 240 297 241 376 241 597 241 521 241 603 242 277 243 266 243 485 243 481 245 323 245 301 245 308 246 568 246 617 246 513 246 575 246 572 247 414 248 280 248 326 248 520 248 557 248 262 249 403 249 355 249 268 250 346 250 272 250 389 250 290 251 287 252 357 252 296 252 404 252 332 254 282 254 279 254 281 254 557 255 371 255 632 255 285 256 393 257 259 257 282 258 338 258 369 258 500 258 306 259 354 260 425 260 405 260 394 260 500 261 583 262 361 262 416 262 472 263 286 264 412 264 283 264 293 264 432 264 489 265 384 265 283 266 325 266 375 266 449 267 581 267 373 267 545 268 368 268 396 268 357 269 314 269 518 269 543 271 291 271 320 271 371 271 474 271 568 272 346 272 367 273 295 273 412 273 283 274 319 274 401 274 411 275 369 275 310 275 334 275 593 276 389 276 290 276 633 276 484 276 294 276 598 277 336 278 372 278 338 278 300 279 363 280 581 281 425 281 394 282 578 283 314 283 532 284 367 284 589 284 320 284 485 284 311 285 470 285 617 285 537 285 592 285 333 287 342 287 365 287 327 288 313 290 299 290 474 290 484 290 408 292 345 293 345 293 581 293 335 293 489 294 561 294 517 295 298 296 320 297 593 297 576 299 401 299 340 299 589 299 487 300 374 300 640 300 306 301 346 301 308 301 547 301 411 302 541 302 334 302 478 303 403 303 307 304 341 304 335 304 600 305 365 305 486 305 616 306 500 306 351 306 507 306 533 306 576 307 325 308 505 309 383 309 332 309 434 309 515 310 397 310 541 311 367 311 484 311 481 311 492 312 528 312 524 312 409 312 385 312 580 312 542 312 595 313 316 314 384 314 630 314 611 315 397 316 347 318 365 318 600 318 376 319 337 319 547 320 383 320 391 321 632 322 398 322 341 322 407 323 337 323 547 324 520 324 361 324 604 324 438 325 329 325 380 326 625 327 410 327 425 328 632 328 527 328 525 328 461 329 484 331 357 331 485 331 359 332 498 333 541 333 537 334 400 335 532 335 388 335 382 335 618 335 631 335 516 336 402 336 337 338 405 340 382 340 462 341 634 341 532 341 382 343 376 343 528 343 500 343 595 344 505 344 380 344 602 344 536 345 412 345 363 346 401 347 371 348 578 348 625 348 539 349 356 350 545 350 625 350 629 351 469 352 622 352 400 353 630 353 382 353 618 353 502 353 426 355 403 355 368 357 485 357 383 359 375 359 399 360 364 360 533 360 550 360 694 361 388 361 471 361 530 362 622 362 400 362 632 362 541 362 413 362 540 364 405 364 521 364 507 365 398 365 425 365 528 366 414 366 379 369 469 370 578 370 405 370 640 371 568 373 439 373 538 373 460 376 394 376 524 378 439 378 489 378 496 378 460 378 442 379 403 380 449 380 536 381 413 381 420 382 634 382 407 382 631 382 462 383 526 384 547 384 477 385 462 385 406 385 663 385 580 386 539 386 534 386 550 387 393 388 581 388 600 388 538 389 634 389 426 390 583 390 408 390 492 390 657 392 518 392 584 392 601 392 456 394 520 395 636 395 607 397 400 399 481 399 526 399 464 399 465 399 560 404 526 404 465 406 487 406 426 406 513 406 566 406 657 407 600 407 524 408 598 408 556 409 528 409 617 410 486 411 630 411 561 411 633 413 514 415 465 415 498 415 838 416 709 416 812 416 604 416 494 417 550 417 565 417 488 418 546 418 522 418 835 418 850 418 697 418 475 418 558 419 824 419 760 419 962 419 843 419 660 419 737 420 592 422 820 422 654 422 685 423 642 423 553 424 621 424 684 425 616 426 462 426 487 426 437 426 598 427 622 428 545 428 629 429 447 429 777 429 626 429 841 430 657 430 615 430 623 430 805 430 467 430 645 430 826 431 680 431 573 431 529 431 770 431 676 432 532 432 618 432 543 432 496 433 590 433 579 433 508 433 838 433 853 433 785 434 492 435 573 435 627 435 628 435 783 435 837 435 763 436 601 436 497 436 708 436 759 436 654 437 457 437 502 437 546 438 597 438 580 438 448 438 573 440 627 440 639 441 478 441 552 441 482 441 447 442 607 442 577 442 554 443 718 443 835 443 678 443 753 443 743 444 461 444 726 445 588 445 501 445 553 445 825 446 521 446 694 446 473 447 499 447 450 448 454 448 627 449 484 449 464 450 572 450 525 450 585 450 605 450 661 451 687 451 466 451 606 451 731 451 756 452 637 452 755 452 689 453 565 453 644 453 822 453 827 454 458 454 472 454 627 454 509 455 791 455 648 455 567 456 642 456 587 457 618 457 611 457 610 457 564 458 603 458 694 459 819 459 752 459 829 459 655 460 709 460 471 461 527 461 585 463 552 463 620 463 751 464 511 464 791 464 819 464 648 465 560 466 764 466 494 467 493 467 579 467 508 467 750 468 586 468 644 470 486 471 516 471 577 471 764 471 506 472 534 473 500 473 491 473 595 473 480 474 589 474 487 475 835 475 678 476 822 476 749 476 674 477 611 478 491 478 480 478 586 479 645 479 535 479 758 479 743 479 845 479 721 480 576 480 717 480 777 481 485 481 619 482 586 482 570 482 483 482 637 483 585 483 571 483 684 483 661 483 626 483 692 483 671 484 619 484 599 486 617 487 641 488 734 488 822 488 749 490 511 490 599 490 642 490 588 490 501 491 616 491 500 492 619 492 523 493 523 493 596 493 556 493 615 493 563 493 670 494 506 494 754 494 606 495 577 495 504 495 687 496 607 496 577 497 788 498 816 498 726 499 542 499 562 499 529 500 521 501 824 501 747 501 697 502 618 502 631 503 513 503 580 503 667 503 805 503 529 504 530 504 796 504 506 504 612 505 561 505 633 505 624 506 577 506 530 507 717 508 826 508 750 508 780 508 798 509 550 509 627 509 734 509 639 510 640 511 791 511 596 511 588 512 618 512 516 512 610 513 583 513 542 513 657 514 540 514 525 514 571 515 816 515 527 515 789 515 621 517 598 517 564 517 522 517 804 518 636 518 569 519 644 519 637 519 594 519 738 520 600 522 690 522 824 522 635 522 850 523 526 523 816 523 648 523 590 524 597 527 592 527 572 527 789 527 585 528 641 529 613 529 770 529 535 529 559 530 631 530 531 531 663 531 604 531 718 531 573 531 606 532 630 534 629 535 805 535 605 535 653 535 559 535 638 536 588 537 541 538 581 539 557 540 541 541 632 542 552 543 611 543 610 544 789 544 585 544 664 545 581 546 598 546 564 546 566 546 635 548 623 548 805 548 770 548 558 548 758 549 591 551 556 551 804 551 623 551 670 551 582 552 613 553 574 553 660 553 682 554 764 554 820 554 741 555 767 555 573 555 606 555 847 556 657 558 623 558 801 558 683 559 770 559 846 559 795 560 819 560 658 560 590 560 781 561 611 561 584 562 575 562 805 562 605 563 789 563 762 564 569 564 796 566 598 566 612 566 667 566 623 567 596 567 804 567 697 567 768 568 592 569 584 569 610 569 690 570 643 570 586 570 571 570 637 573 817 574 587 575 583 575 592 575 615 576 591 579 658 579 668 579 852 579 785 580 680 582 672 582 668 583 641 585 684 587 601 587 690 587 759 588 791 588 752 590 816 590 781 593 643 594 751 594 777 594 738 594 716 594 786 595 680 595 613 596 599 596 648 597 631 597 663 598 599 598 804 600 631 601 690 602 624 603 680 604 767 605 638 606 799 607 610 607 820 608 838 608 798 608 736 608 849 609 812 609 666 609 754 609 735 610 796 610 708 610 788 611 630 612 663 612 796 612 714 612 835 613 680 613 620 613 733 614 658 614 655 614 797 614 803 614 852 615 789 620 703 621 762 621 691 621 711 623 657 623 835 626 692 626 650 626 738 627 666 627 847 628 680 628 734 628 782 629 812 630 634 635 796 635 760 635 724 635 678 637 777 638 661 638 780 638 845 638 766 639 749 639 720 642 690 642 824 644 777 645 805 645 826 645 750 645 845 646 695 646 795 646 858 647 930 647 987 647 963 647 1041 647 886 648 658 649 844 649 984 649 909 649 987 649 1008 649 945 649 968 650 661 650 664 650 671 650 766 650 823 650 755 651 704 651 757 651 999 651 722 651 723 651 909 652 724 652 654 652 774 652 713 653 733 653 661 653 841 653 823 654 843 655 670 655 768 655 1047 655 852 656 766 656 830 656 715 656 1058 657 805 659 682 659 854 659 710 659 1021 660 956 660 729 661 664 662 698 662 1015 662 873 663 667 664 711 664 780 664 809 665 1047 665 683 665 878 665 862 665 976 666 767 667 718 667 835 668 700 669 687 669 774 669 895 669 999 671 684 671 748 671 953 672 697 672 768 672 956 672 878 673 1057 673 911 673 1205 673 988 674 822 674 802 674 695 674 828 674 898 674 1051 675 735 675 793 675 848 675 832 676 733 676 695 677 811 677 741 677 776 678 731 678 713 678 784 678 753 679 803 679 688 679 882 679 1030 681 774 681 999 681 1011 681 856 681 879 682 825 683 750 683 758 683 744 684 851 685 741 686 744 686 707 686 976 686 842 687 788 687 774 688 852 688 699 688 771 689 738 689 1048 689 1023 689 807 690 708 691 726 691 711 693 798 693 736 693 830 693 831 695 763 695 880 696 941 696 999 696 981 697 747 697 956 697 801 698 878 698 808 698 976 698 1084 698 863 699 852 699 862 699 831 699 818 700 830 700 976 700 977 701 956 701 878 701 808 701 1054 701 893 702 712 702 773 702 969 702 973 702 972 703 717 703 734 704 718 704 714 704 817 705 858 705 1000 705 945 705 968 705 1044 706 743 706 888 706 707 707 808 707 872 707 821 707 732 707 1009 708 788 708 760 709 764 710 947 710 1052 710 1125 710 914 711 851 711 798 712 827 712 772 712 898 713 760 714 796 715 787 715 989 715 891 716 841 716 1051 716 1048 716 806 717 751 718 770 719 807 719 868 719 857 719 894 720 837 720 794 720 779 721 795 721 872 721 858 722 731 722 1011 722 904 722 901 723 756 723 793 723 999 723 981 723 909 724 796 724 760 724 731 725 898 725 987 725 865 725 1039 726 762 726 838 727 795 727 823 727 916 728 825 728 768 728 1047 728 854 728 834 728 960 729 737 729 947 729 1054 730 790 730 868 730 916 731 774 732 927 732 925 735 847 735 776 735 793 735 794 736 853 736 955 736 997 737 784 737 956 737 813 737 1062 738 823 739 815 739 775 739 842 739 916 739 1085 739 1027 739 929 740 845 740 766 740 927 740 815 742 802 742 795 742 1051 742 1000 742 932 743 770 743 757 744 845 744 872 744 815 745 766 745 748 745 790 746 953 746 807 746 765 746 857 747 825 748 809 748 849 748 953 748 787 749 772 750 830 751 777 751 822 751 802 752 768 752 829 753 757 753 904 754 756 754 776 754 799 754 793 755 953 755 790 755 807 756 799 756 895 757 817 757 844 757 858 757 888 758 808 758 872 760 850 761 955 761 1059 763 846 763 880 764 811 765 790 765 989 765 1085 765 867 766 775 769 1026 769 856 769 1063 769 869 771 1002 771 970 772 779 772 963 772 969 773 827 773 1023 774 910 774 1026 774 839 775 790 776 793 776 848 778 984 778 832 778 987 778 1008 778 881 779 828 779 930 779 987 779 963 780 830 782 822 782 837 782 828 783 799 783 793 783 844 783 1017 783 984 784 808 785 797 786 827 786 1023 787 849 787 955 787 918 787 1059 789 826 790 823 790 1048 792 962 792 843 793 984 794 1017 794 930 795 841 795 1000 797 853 797 1002 798 809 799 817 800 991 800 1062 800 942 800 1063 800 1006 800 908 801 808 802 841 803 834 806 1048 806 1004 810 834 810 884 810 1034 811 812 813 843 813 839 813 991 813 942 814 941 814 879 814 933 814 958 814 1245 815 830 815 934 817 846 817 844 818 1030 818 977 818 980 818 897 821 904 821 925 821 965 830 845 830 1057 831 891 832 930 832 1025 832 1041 833 901 833 888 833 998 833 861 836 1051 836 868 836 973 836 912 836 995 837 1017 838 853 839 866 839 991 840 997 840 891 840 980 840 1029 840 1060 842 927 842 1044 842 929 842 1012 842 1266 843 866 844 858 844 909 848 941 848 981 849 851 852 1047 853 1002 854 944 855 888 855 961 855 925 856 959 856 958 857 992 857 867 857 906 857 1181 858 925 859 1022 859 986 859 1185 859 1208 860 917 860 1181 860 1091 860 1177 861 1045 861 1003 861 928 862 960 862 882 862 977 863 976 863 1009 863 1174 863 1020 864 1094 864 1260 864 1091 865 905 865 892 865 1249 865 1001 865 1225 866 1026 866 1019 867 1085 867 876 867 894 867 1202 868 1023 868 995 868 894 869 1019 869 959 869 1049 870 1066 870 1225 870 1283 870 1220 870 1267 871 1005 871 923 871 1122 871 1102 871 1216 871 1160 873 977 873 897 874 1004 874 1044 874 929 874 1024 875 1041 875 1190 875 986 875 1087 875 1013 876 885 876 917 876 1094 877 890 877 1182 877 990 877 1065 878 1054 879 983 879 950 879 1014 880 987 881 981 881 1028 881 1143 882 1015 882 1214 883 915 883 1217 883 1270 884 1021 884 1125 884 1034 885 1058 885 1059 885 1029 885 1088 886 1087 886 1037 887 1187 887 1207 887 1129 887 931 887 1193 888 909 889 913 889 1042 889 1178 890 938 890 914 890 1262 890 899 891 1057 891 997 891 980 891 1029 892 963 892 1039 892 1037 893 1062 893 904 893 908 893 1035 894 900 894 982 894 1156 895 941 896 1085 896 900 896 940 897 1030 897 1101 897 1067 897 915 898 932 899 1104 899 1262 899 943 899 1078 899 1241 900 916 900 929 900 995 900 1194 901 999 901 909 901 961 901 950 902 1088 902 1094 902 1203 903 982 903 1156 903 967 903 1180 903 1138 903 1033 904 991 905 987 905 1161 905 1007 906 982 906 1181 906 966 907 925 907 945 907 965 907 1012 907 1036 907 1064 908 998 908 1055 908 926 908 1005 910 1053 911 977 911 934 911 1020 911 915 911 1043 912 982 912 967 913 983 913 1110 913 1018 913 1224 913 974 913 1284 914 1052 914 1218 914 1125 914 948 915 985 915 943 916 1000 917 1059 917 978 917 996 918 953 918 989 918 1059 918 992 919 974 919 1083 919 1111 919 1183 919 1185 919 1468 920 1110 920 1005 920 1191 920 1284 920 1113 921 949 921 1073 921 1010 921 1147 921 1150 921 1071 922 1025 922 1041 923 924 923 1174 923 1020 923 943 923 1236 924 1084 924 1035 924 926 924 1174 924 1005 924 1262 925 945 926 1052 926 938 926 1197 927 1000 928 965 928 974 928 957 928 1083 928 1100 928 952 928 1040 929 1187 929 1266 931 1193 931 1179 931 1170 931 1148 932 968 932 1056 933 981 933 1025 933 1028 934 976 934 1057 934 977 934 1032 934 1027 935 1006 935 1038 935 1049 935 1206 936 959 936 1006 936 983 936 1110 936 1076 936 1253 937 938 937 1015 937 1020 938 1054 938 1021 938 1084 938 1104 939 1032 939 1174 939 1012 939 1207 940 1205 940 1158 940 1235 941 1053 942 947 942 1019 942 1052 942 1031 942 1218 942 954 943 1244 944 956 944 1021 945 1003 946 1087 946 1278 946 1283 946 1154 947 962 948 1038 948 1197 948 971 949 1214 949 1050 949 1244 949 1073 950 983 950 1018 951 1056 951 995 951 1127 952 1064 952 1207 952 1216 952 1272 954 1052 954 1006 954 1038 954 1055 954 1197 957 1045 957 1174 957 1216 958 1046 959 1076 960 1021 960 1015 961 981 961 1008 961 1028 964 1095 964 996 964 1165 964 1427 965 1035 965 1012 966 1333 967 995 967 972 967 1152 968 1056 969 1039 970 1067 970 1114 971 1206 971 1166 972 1108 973 1051 973 1056 973 1039 974 1018 974 1100 974 1229 974 1040 975 1151 975 1220 978 1029 978 1060 978 1095 979 1245 979 1143 979 1086 980 1029 980 985 981 984 981 1025 983 1063 985 1114 985 988 985 1073 986 1143 986 1001 986 1282 988 1029 988 1155 988 1120 988 993 990 1197 990 1078 993 1205 993 1155 993 1105 993 1195 993 1247 994 1187 994 1024 994 1194 994 1235 994 1193 996 1088 997 1002 998 1063 998 1110 1000 1004 1001 1077 1001 1225 1001 1116 1003 1008 1003 1018 1003 1083 1003 1077 1004 1056 1005 1191 1005 1100 1006 1063 1006 1031 1006 1055 1007 1056 1007 1036 1009 1035 1009 1032 1009 1174 1009 1012 1010 1114 1010 1073 1010 1223 1011 1063 1012 1187 1012 1064 1013 1087 1013 1238 1013 1282 1013 1146 1014 1028 1014 1046 1015 1104 1015 1101 1016 1194 1016 1082 1016 1196 1018 1028 1018 1022 1019 1063 1020 1217 1021 1054 1022 1143 1022 1077 1024 1249 1024 1066 1024 1268 1024 1082 1027 1205 1028 1143 1028 1042 1029 1088 1030 1214 1033 1196 1033 1255 1034 1214 1034 1050 1035 1045 1036 1187 1039 1151 1040 1229 1040 1185 1040 1136 1041 1161 1042 1061 1042 1111 1043 1121 1043 1217 1043 1155 1043 1105 1045 1110 1046 1245 1046 1224 1049 1093 1050 1107 1050 1244 1050 1264 1052 1054 1056 1249 1057 1058 1058 1085 1058 1158 1060 1114 1060 1095 1061 1271 1061 1274 1061 1461 1064 1163 1065 1078 1066 1249 1066 1077 1066 1225 1066 1163 1067 1114 1068 1116 1068 1268 1068 1185 1068 1189 1068 1267 1069 1071 1069 1227 1069 1239 1069 1430 1069 1380 1070 1281 1070 1270 1070 1364 1070 1327 1070 1355 1070 1240 1071 1232 1072 1086 1072 1461 1072 1258 1072 1140 1073 1155 1073 1147 1074 1117 1074 1137 1074 1432 1075 1141 1075 1426 1075 1293 1076 1224 1076 1153 1077 1083 1077 1163 1078 1182 1078 1275 1078 1263 1079 1221 1079 1438 1079 1302 1079 1469 1079 1571 1080 1196 1080 1138 1080 1237 1080 1255 1080 1215 1081 1275 1081 1199 1081 1089 1081 1324 1082 1152 1082 1220 1083 1185 1085 1158 1086 1190 1087 1116 1088 1158 1089 1103 1089 1312 1089 1439 1090 1276 1090 1429 1090 1346 1090 1211 1090 1326 1090 1455 1090 1290 1090 1615 1091 1202 1091 1243 1092 1122 1092 1272 1092 1135 1092 1103 1092 1277 1093 1219 1093 1382 1094 1158 1094 1202 1095 1120 1095 1247 1095 1200 1096 1244 1096 1150 1096 1281 1096 1239 1097 1120 1097 1147 1097 1223 1097 1201 1097 1341 1098 1472 1098 1140 1098 1210 1098 1289 1098 1351 1098 1500 1098 1385 1099 1102 1099 1216 1099 1444 1099 1133 1100 1126 1100 1216 1101 1214 1102 1191 1102 1275 1103 1254 1103 1179 1103 1364 1103 1277 1104 1182 1105 1155 1105 1135 1105 1270 1105 1364 1106 1200 1106 1427 1106 1307 1107 1182 1107 1263 1108 1151 1108 1127 1108 1180 1109 1178 1109 1128 1109 1280 1109 1159 1109 1142 1109 1168 1111 1143 1111 1274 1111 1183 1112 1279 1112 1395 1112 1324 1113 1253 1113 1219 1113 1186 1113 1209 1113 1119 1114 1120 1115 1119 1115 1166 1115 1413 1115 1269 1116 1225 1116 1192 1117 1131 1117 1375 1117 1458 1118 1268 1118 1220 1118 1265 1118 1237 1118 1273 1119 1206 1119 1166 1119 1335 1120 1200 1121 1266 1121 1205 1121 1135 1121 1228 1122 1174 1122 1160 1122 1135 1123 1260 1123 1196 1123 1170 1123 1171 1124 1454 1124 1246 1124 1678 1126 1356 1126 1444 1127 1152 1127 1220 1128 1257 1128 1461 1128 1472 1129 1163 1129 1185 1129 1272 1129 1189 1129 1265 1129 1148 1130 1282 1130 1192 1130 1157 1130 1422 1131 1278 1131 1198 1132 1201 1132 1307 1132 1240 1132 1363 1132 1352 1133 1444 1133 1167 1133 1277 1133 1173 1133 1145 1133 1374 1133 1372 1134 1371 1134 1255 1134 1215 1134 1242 1134 1172 1135 1254 1135 1228 1136 1272 1136 1142 1136 1277 1137 1220 1137 1237 1137 1371 1137 1366 1138 1152 1138 1180 1138 1371 1139 1184 1139 1309 1139 1276 1139 1462 1139 1248 1139 1297 1139 1326 1140 1280 1140 1472 1140 1259 1141 1179 1141 1364 1141 1355 1141 1248 1141 1175 1142 1229 1142 1379 1142 1173 1143 1161 1143 1190 1144 1306 1144 1317 1144 1571 1144 1470 1145 1355 1145 1294 1145 1457 1145 1448 1146 1154 1147 1341 1148 1272 1148 1230 1148 1462 1149 1177 1149 1243 1149 1427 1149 1233 1150 1264 1150 1227 1151 1249 1151 1278 1152 1194 1153 1253 1153 1271 1153 1382 1153 1178 1153 1257 1156 1194 1156 1202 1157 1258 1157 1164 1159 1382 1159 1209 1159 1251 1159 1213 1160 1236 1162 1198 1162 1164 1164 1302 1164 1340 1164 1295 1165 1177 1165 1247 1165 1250 1166 1275 1166 1234 1166 1199 1167 1231 1167 1294 1168 1169 1168 1321 1168 1518 1169 1280 1169 1379 1169 1308 1169 1351 1170 1184 1171 1333 1171 1243 1171 1276 1171 1298 1172 1298 1172 1342 1173 1573 1173 1308 1175 1294 1175 1462 1175 1457 1175 1587 1175 1403 1176 1422 1176 1340 1176 1385 1178 1224 1178 1253 1180 1375 1183 1282 1183 1258 1183 1208 1184 1228 1184 1195 1184 1203 1184 1436 1185 1468 1185 1231 1186 1191 1186 1444 1188 1219 1188 1382 1188 1209 1188 1413 1188 1387 1189 1208 1189 1306 1189 1230 1190 1238 1191 1262 1191 1206 1192 1283 1192 1302 1193 1268 1193 1237 1193 1309 1194 1202 1194 1260 1195 1203 1195 1364 1195 1201 1195 1250 1195 1320 1196 1202 1197 1206 1198 1221 1198 1458 1198 1383 1199 1335 1199 1312 1199 1376 1199 1226 1199 1261 1201 1247 1201 1320 1201 1252 1202 1260 1203 1260 1204 1233 1204 1211 1204 1359 1204 1615 1206 1219 1207 1235 1207 1228 1208 1282 1208 1435 1209 1356 1209 1335 1209 1387 1210 1258 1211 1276 1211 1298 1211 1421 1211 1449 1212 1239 1212 1232 1212 1426 1213 1444 1213 1387 1213 1378 1213 1321 1215 1276 1215 1298 1215 1346 1217 1254 1220 1375 1221 1283 1221 1267 1221 1302 1221 1383 1221 1432 1222 1232 1222 1363 1222 1352 1222 1394 1224 1271 1225 1278 1226 1324 1226 1314 1226 1678 1227 1256 1227 1454 1227 1430 1229 1284 1229 1280 1230 1231 1230 1317 1230 1425 1231 1272 1231 1468 1231 1379 1232 1307 1233 1250 1233 1421 1234 1279 1236 1275 1236 1301 1237 1309 1237 1429 1238 1258 1239 1270 1239 1341 1240 1320 1241 1244 1241 1263 1242 1368 1242 1292 1242 1311 1243 1333 1243 1421 1246 1256 1246 1395 1246 1337 1248 1320 1248 1319 1250 1436 1250 1252 1251 1387 1251 1316 1251 1321 1252 1427 1252 1446 1252 1456 1252 1440 1253 1356 1254 1281 1255 1333 1256 1263 1256 1264 1259 1468 1259 1422 1261 1411 1261 1663 1261 1670 1263 1301 1263 1395 1265 1267 1265 1309 1265 1273 1265 1317 1267 1306 1269 1413 1269 1376 1269 1465 1269 1591 1273 1366 1273 1407 1274 1280 1275 1279 1276 1436 1276 1429 1277 1294 1279 1395 1279 1288 1280 1468 1281 1301 1281 1454 1281 1324 1284 1356 1285 1316 1285 1321 1285 1396 1285 1531 1286 1383 1286 1451 1286 1450 1286 1611 1287 1291 1287 1348 1287 1397 1287 1459 1287 1524 1287 1474 1288 1376 1288 1330 1288 1337 1289 1518 1289 1396 1289 1310 1290 1551 1290 1342 1291 1571 1291 1367 1291 1470 1291 1452 1291 1402 1292 1366 1292 1451 1292 1470 1292 1551 1292 1529 1293 1420 1293 1457 1293 1389 1293 1514 1293 1674 1293 1548 1294 1462 1294 1448 1295 1302 1295 1339 1295 1552 1296 1373 1296 1525 1296 1665 1296 1699 1297 1317 1297 1429 1297 1587 1297 1367 1297 1455 1298 1333 1299 1571 1299 1441 1299 1360 1299 1618 1300 1611 1300 1470 1300 1529 1300 1695 1300 1522 1302 1466 1303 1567 1303 1514 1303 1603 1303 1548 1303 1482 1303 1467 1303 1631 1304 1308 1304 1372 1304 1425 1304 1521 1304 1585 1304 1404 1305 1532 1305 1391 1305 1357 1305 1418 1305 1334 1306 1432 1308 1518 1309 1317 1310 1385 1310 1668 1310 1370 1311 1346 1311 1361 1311 1347 1312 1335 1312 1378 1313 1361 1313 1624 1313 1633 1314 1376 1314 1330 1314 1475 1315 1446 1315 1352 1315 1443 1315 1445 1316 1472 1317 1560 1318 1437 1318 1637 1318 1332 1318 1414 1318 1629 1319 1388 1319 1485 1319 1580 1320 1364 1320 1446 1321 1362 1321 1518 1321 1573 1322 1587 1322 1535 1322 1639 1323 1469 1323 1339 1323 1611 1323 1360 1323 1650 1323 1549 1324 1454 1324 1420 1325 1449 1325 1615 1325 1349 1325 1698 1326 1436 1326 1587 1326 1535 1327 1454 1327 1430 1328 1422 1328 1596 1328 1511 1329 1642 1329 1408 1329 1528 1329 1631 1330 1376 1330 1591 1330 1409 1331 1591 1331 1409 1331 1612 1331 1724 1332 1443 1332 1580 1332 1530 1332 1608 1334 1531 1334 1541 1334 1496 1334 1515 1335 1444 1335 1411 1335 1378 1336 1419 1336 1567 1336 1476 1336 1412 1336 1497 1337 1609 1338 1647 1338 1443 1338 1414 1338 1594 1339 1383 1339 1611 1339 1552 1340 1431 1342 1347 1342 1694 1343 1447 1343 1534 1343 1358 1343 1492 1344 1380 1344 1426 1344 1354 1344 1534 1345 1423 1345 1476 1345 1491 1345 1513 1345 1499 1345 1648 1346 1366 1346 1551 1347 1401 1348 1491 1348 1513 1348 1648 1348 1524 1349 1440 1349 1637 1350 1565 1350 1639 1350 1617 1350 1691 1351 1422 1351 1398 1351 1542 1352 1456 1352 1647 1352 1460 1353 1425 1353 1448 1353 1381 1353 1688 1353 1452 1354 1420 1354 1430 1354 1410 1354 1674 1355 1420 1357 1453 1357 1419 1357 1541 1357 1408 1357 1412 1358 1410 1358 1416 1358 1406 1358 1572 1358 1482 1358 1656 1358 1679 1359 1446 1359 1580 1359 1437 1359 1445 1360 1431 1360 1680 1361 1415 1361 1522 1362 1387 1362 1606 1363 1365 1365 1388 1365 1674 1365 1610 1365 1443 1365 1565 1366 1429 1367 1560 1367 1403 1367 1488 1368 1375 1368 1451 1369 1698 1369 1464 1369 1657 1370 1393 1370 1625 1372 1374 1372 1425 1372 1448 1372 1419 1372 1688 1373 1535 1373 1488 1373 1525 1373 1592 1374 1378 1374 1670 1374 1480 1377 1393 1377 1505 1377 1400 1377 1714 1378 1453 1379 1468 1380 1394 1380 1447 1381 1462 1381 1448 1381 1560 1383 1450 1384 1609 1384 1527 1384 1410 1384 1651 1385 1386 1385 1596 1386 1542 1386 1599 1386 1393 1387 1428 1388 1446 1388 1426 1389 1439 1389 1678 1389 1480 1390 1428 1390 1606 1390 1392 1390 1418 1391 1573 1391 1531 1391 1585 1391 1579 1392 1663 1392 1453 1392 1434 1393 1596 1393 1400 1393 1675 1393 1625 1394 1647 1394 1534 1396 1574 1397 1452 1397 1441 1397 1491 1397 1618 1397 1595 1397 1601 1398 1425 1398 1466 1398 1542 1399 1447 1399 1405 1399 1747 1399 1483 1400 1511 1400 1675 1401 1694 1401 1633 1401 1620 1402 1455 1402 1551 1402 1592 1403 1423 1403 1513 1404 1424 1404 1441 1404 1491 1405 1647 1405 1586 1405 1483 1405 1578 1406 1674 1406 1565 1406 1589 1407 1429 1407 1551 1408 1475 1408 1550 1408 1605 1409 1609 1409 1642 1409 1651 1410 1609 1410 1463 1410 1514 1411 1413 1411 1428 1411 1532 1412 1554 1414 1445 1414 1594 1414 1464 1415 1551 1415 1546 1415 1525 1416 1527 1417 1603 1417 1548 1417 1513 1418 1503 1418 1690 1419 1573 1419 1585 1420 1678 1421 1433 1422 1466 1423 1480 1423 1688 1423 1485 1424 1560 1424 1511 1426 1674 1427 1456 1428 1465 1428 1532 1430 1527 1431 1511 1431 1552 1431 1471 1432 1450 1433 1440 1434 1591 1434 1509 1435 1468 1435 1438 1436 1446 1437 1535 1437 1544 1437 1636 1438 1466 1438 1560 1439 1670 1440 1460 1441 1511 1441 1505 1441 1607 1442 1552 1442 1471 1442 1549 1443 1586 1445 1637 1447 1527 1449 1615 1451 1529 1455 1535 1457 1485 1459 1619 1459 1592 1459 1685 1463 1475 1463 1514 1463 1642 1463 1482 1464 1655 1464 1702 1466 1469 1466 1511 1467 1548 1467 1499 1467 1691 1470 1546 1471 1596 1471 1675 1473 1694 1473 1698 1473 1657 1473 1620 1474 1595 1474 1624 1474 1659 1474 1652 1475 1670 1475 1642 1476 1669 1476 1661 1477 1807 1477 1493 1477 1561 1478 1557 1478 1528 1478 1502 1479 1562 1479 1834 1479 1783 1479 1751 1479 1710 1479 1845 1480 1603 1481 1597 1481 1820 1481 1664 1481 1720 1482 1626 1482 1677 1482 1725 1482 1589 1483 1684 1484 1676 1484 1771 1484 1738 1484 1588 1485 1610 1485 1513 1485 1639 1486 1622 1486 1849 1486 1745 1486 1704 1486 1837 1486 1808 1487 1695 1487 1546 1487 1494 1488 1513 1489 1626 1489 1528 1489 1682 1490 1545 1490 1613 1490 1741 1490 1787 1490 1840 1491 1669 1491 1601 1492 1534 1492 1679 1492 1844 1492 1643 1493 1675 1493 1607 1493 1618 1493 1818 1494 1593 1494 1522 1494 1517 1494 1536 1495 1616 1495 1640 1495 1662 1495 1700 1495 1803 1496 1627 1496 1690 1496 1692 1496 1512 1496 1797 1497 1567 1497 1605 1497 1499 1497 1631 1497 1553 1498 1602 1498 1784 1498 1693 1499 1801 1500 1518 1500 1521 1501 1578 1501 1684 1501 1823 1502 1757 1502 1588 1503 1550 1504 1844 1504 1681 1504 1773 1505 1542 1505 1599 1505 1604 1505 1669 1505 1607 1506 1525 1506 1624 1506 1569 1506 1633 1506 1634 1506 1701 1507 1676 1507 1528 1507 1673 1508 1711 1508 1828 1508 1654 1508 1660 1508 1712 1509 1676 1509 1528 1510 1668 1510 1692 1510 1644 1512 1692 1512 1515 1512 1644 1513 1619 1514 1674 1515 1579 1515 1557 1515 1672 1515 1540 1515 1785 1516 1583 1516 1659 1516 1634 1516 1582 1516 1793 1517 1598 1517 1623 1517 1686 1517 1828 1518 1531 1519 1785 1519 1746 1519 1575 1519 1765 1519 1756 1520 1599 1520 1526 1520 1785 1520 1714 1521 1542 1521 1574 1521 1579 1522 1529 1523 1524 1523 1659 1523 1700 1523 1614 1523 1833 1525 1694 1525 1665 1526 1765 1528 1612 1528 1550 1528 1622 1530 1565 1530 1586 1530 1844 1530 1681 1531 1606 1531 1627 1532 1573 1533 1675 1533 1680 1533 1538 1534 1565 1534 1586 1535 1615 1536 1624 1536 1701 1536 1686 1537 1714 1537 1575 1537 1666 1537 1821 1538 1841 1538 1711 1538 1561 1538 1715 1539 1844 1539 1602 1539 1658 1539 1826 1539 1755 1539 1842 1540 1716 1540 1746 1540 1775 1541 1550 1541 1605 1541 1557 1543 1572 1543 1682 1543 1725 1543 1689 1543 1784 1544 1615 1544 1694 1544 1698 1544 1665 1545 1687 1545 1848 1545 1751 1545 1811 1546 1624 1547 1661 1547 1731 1547 1801 1547 1757 1547 1584 1547 1577 1547 1824 1548 1610 1549 1653 1553 1554 1553 1661 1553 1731 1554 1579 1554 1604 1554 1672 1554 1616 1554 1556 1555 1644 1555 1746 1555 1788 1555 1719 1556 1616 1556 1785 1556 1667 1556 1641 1557 1690 1558 1828 1558 1683 1558 1728 1558 1712 1558 1822 1559 1620 1559 1820 1559 1630 1559 1848 1559 1789 1560 1571 1561 1666 1561 1732 1561 1717 1562 1685 1562 1794 1562 1621 1562 1614 1562 1628 1562 1729 1563 1801 1563 1824 1563 1779 1563 1600 1564 1726 1564 1703 1564 1812 1564 1739 1566 1673 1566 1770 1567 1670 1568 1797 1568 1746 1568 1740 1568 1706 1568 1788 1569 1665 1569 1620 1569 1799 1570 1655 1570 1703 1570 1847 1571 1695 1572 1651 1574 1599 1574 1579 1574 1692 1575 1714 1575 1759 1575 1817 1576 1601 1576 1794 1576 1577 1576 1700 1577 1616 1577 1786 1578 1586 1578 1594 1579 1604 1581 1682 1581 1772 1581 1835 1582 1583 1582 1700 1582 1654 1582 1762 1582 1712 1583 1595 1583 1828 1584 1749 1584 1704 1584 1763 1584 1753 1584 1791 1585 1669 1586 1643 1588 1716 1588 1750 1589 1617 1589 1844 1589 1602 1590 1656 1590 1747 1590 1768 1590 1796 1591 1663 1592 1624 1593 1611 1593 1653 1594 1655 1595 1650 1595 1640 1597 1657 1597 1702 1598 1650 1598 1653 1598 1792 1598 1828 1600 1760 1600 1804 1600 1767 1601 1607 1601 1616 1601 1661 1601 1640 1602 1849 1602 1638 1602 1846 1604 1785 1604 1662 1605 1672 1605 1622 1607 1669 1607 1662 1608 1639 1608 1632 1609 1678 1612 1663 1613 1634 1613 1728 1613 1799 1613 1793 1613 1774 1613 1789 1614 1659 1616 1669 1616 1662 1617 1844 1617 1749 1618 1680 1619 1636 1619 1648 1619 1685 1621 1681 1621 1826 1621 1697 1621 1646 1622 1738 1623 1711 1626 1642 1626 1649 1628 1752 1628 1687 1628 1800 1629 1636 1629 1655 1629 1681 1629 1752 1630 1701 1631 1677 1631 1731 1632 1691 1632 1685 1632 1696 1634 1659 1634 1701 1635 1725 1635 1768 1636 1665 1636 1696 1637 1698 1638 1849 1638 1826 1638 1708 1640 1818 1641 1839 1641 1786 1641 1824 1641 1809 1641 1816 1642 1649 1643 1658 1643 1773 1645 1711 1645 1735 1645 1830 1645 1722 1646 1726 1646 1798 1648 1691 1648 1801 1649 1724 1649 1682 1652 1701 1652 1828 1652 1728 1653 1841 1654 1792 1654 1818 1655 1773 1655 1726 1656 1747 1657 1665 1657 1687 1657 1820 1658 1679 1658 1684 1659 1685 1660 1732 1660 1715 1661 1801 1662 1714 1662 1667 1662 1759 1664 1752 1664 1751 1664 1795 1664 1813 1666 1742 1666 1718 1667 1839 1668 1692 1671 1690 1671 1676 1671 1771 1671 1716 1672 1757 1673 1682 1673 1745 1673 1819 1675 1807 1677 1689 1677 1849 1679 1693 1680 1841 1681 1773 1681 1726 1683 1686 1683 1828 1683 1735 1685 1794 1687 1752 1687 1799 1689 1745 1690 1797 1691 1749 1691 1697 1693 1836 1696 1699 1697 1753 1699 1800 1700 1779 1700 1833 1700 1762 1701 1728 1703 1773 1703 1758 1703 1736 1704 1738 1704 1757 1705 1750 1705 1805 1705 1782 1706 1740 1706 1775 1706 1782 1707 1816 1707 1733 1707 1777 1708 1767 1708 1827 1709 1770 1709 1723 1709 1805 1710 1729 1710 1834 1712 1806 1712 1832 1713 1813 1713 1720 1713 1811 1714 1807 1715 1717 1715 1830 1717 1769 1718 1748 1718 1843 1719 1765 1720 1848 1721 1760 1721 1777 1721 1776 1722 1822 1722 1764 1723 1738 1723 1745 1723 1819 1723 1780 1726 1752 1726 1795 1727 1793 1727 1838 1727 1734 1727 1811 1728 1774 1728 1744 1729 1794 1729 1753 1729 1833 1730 1805 1730 1809 1730 1791 1731 1849 1732 1818 1733 1803 1733 1817 1733 1843 1734 1744 1734 1741 1735 1822 1736 1823 1736 1825 1736 1743 1737 1745 1737 1808 1737 1835 1737 1780 1738 1837 1738 1805 1739 1825 1739 1798 1739 1743 1740 1771 1740 1750 1741 1774 1741 1789 1742 1759 1742 1817 1742 1843 1742 1769 1743 1758 1744 1793 1744 1806 1744 1815 1746 1839 1748 1756 1748 1821 1748 1843 1749 1849 1749 1801 1750 1754 1751 1845 1751 1761 1751 1811 1753 1834 1754 1770 1755 1846 1755 1827 1756 1831 1757 1775 1758 1795 1759 1818 1760 1833 1760 1783 1760 1777 1760 1810 1761 1795 1761 1845 1762 1803 1762 1777 1762 1832 1762 1776 1763 1849 1763 1781 1764 1806 1764 1776 1765 1821 1766 1784 1766 1768 1766 1814 1767 1804 1768 1790 1769 1832 1770 1771 1772 1784 1772 1808 1772 1814 1775 1839 1775 1782 1776 1810 1777 1779 1778 1796 1778 1823 1778 1825 1779 1786 1780 1837 1781 1837 1781 1808 1782 1839 1783 1800 1783 1810 1783 1838 1786 1803 1786 1817 1787 1811 1787 1840 1788 1831 1790 1796 1790 1836 1791 1837 1791 1804 1792 1818 1792 1828 1793 1800 1793 1806 1794 1801 1795 1802 1798 1834 1798 1827 1798 1845 1799 1800 1802 1813 1803 1818 1804 1816 1805 1809 1806 1810 1808 1846 1809 1824 1809 1816 1810 1838 1812 1826 1812 1825 1813 1847 1814 1846 1815 1822 1816 1829 1817 1829 1819 1835 1820 1848 1823 1842 1826 1834 1829 1839 1831 1839 1836 1846 1836 1842 1838 1845 1840 1848
</DataArray>
        <DataArray type="Int64" Name="offsets" NumberOfComponents="1" format="ascii">
2 4 6 8 10 12 14 16 18 20 22 24 26 28 30 32 34 36 38 40 42 44 46 48 50 52 54 56 58 60 62 64 66 68 70 72 74 76 78 80 82 84 86 88 90 92 94 96 98 100 102 104 106 108 110 112 114 116 118 120 122 124 126 128 130 132 134 136 138 140 142 144 146 148 150 152 154 156 158 160 162 164 166 168 170 172 174 176 178 180 182 184 186 188 190 192 194 196 198 200 202 204 206 208 210 212 214 216 218 220 222 224 226 228 230 232 234 236 238 240 242 244 246 248 250 252 254 256 258 260 262 264 266 268 270 272 274 276 278 280 282 284 286 288 290 292 294 296 298 300 302 304 306 308 310 312 314 316 318 320 322 324 326 328 330 332 334 336 338 340 342 344 346 348 350 352 354 356 358 360 362 364 366 368 370 372 374 376 378 380 382 384 386 388 390 392 394 396 398 400 402 404 406 408 410 412 414 416 418 420 422 424 426 428 430 432 434 436 438 440 442 444 446 448 450 452 454 456 458 460 462 464 466 468 470 472 474 476 478 480 482 484 486 488 490 492 494 496 498 500 502 504 506 508 510 512 514 516 518 520 522 524 526 528 530 532 534 536 538 540 542 544 546 548 550 552 554 556 558 560 562 564 566 568 570 572 574 576 578 580 582 584 586 588 590 592 594 596 598 600 602 604 606 608 610 612 614 616 618 620 622 624 626 628 630 632 634 636 638 640 642 644 646 648 650 652 654 656 658 660 662 664 666 668 670 672 674 676 678 680 682 684 686 688 690 692 694 696 698 700 702 704 706 708 710 712 714 716 718 720 722 724 726 728 730 732 734 736 738 740 742 744 746 748 750 752 754 756 758 760 762 764 766 768 770 772 774 776 778 780 782 784 786 788 790 792 794 796 798 800 802 804 806 808 810 812 814 816 818 820 822 824 826 828 830 832 834 836 838 840 842 844 846 848 850 852 854 856 858 860 862 864 866 868 870 872 874 876 878 880 882 884 886 888 890 892 894 896 898 900 902 904 906 908 910 912 914 916 918 920 922 924 926 928 930 932 934 936 938 940 942 944 946 948 950 952 954 956 958 960 962 964 966 968 970 972 974 976 978 980 982 984 986 988 990 992 994 996 998 1000 1002 1004 1006 1008 1010 1012 1014 1016 1018 1020 1022 1024 1026 1028 1030 1032 1034 1036 1038 1040 1042 1044 1046 1048 1050 1052 1054 1056 1058 1060 1062 1064 1066 1068 1070 1072 1074 1076 1078 1080 1082 1084 1086 1088 1090 1092 1094 1096 1098 1100 1102 1104 1106 1108 1110 1112 1114 1116 1118 1120 1122 1124 1126 1128 1130 1132 1134 1136 1138 1140 1142 1144 1146 1148 1150 1152 1154 1156 1158 1160 1162 1164 1166 1168 1170 1172 1174 1176 1178 1180 1182 1184 1186 1188 1190 1192 1194 1196 1198 1200 1202 1204 1206 1208 1210 1212 1214 1216 1218 1220 1222 1224 1226 1228 1230 1232 1234 1236 1238 1240 1242 1244 1246 1248 1250 1252 1254 1256 1258 1260 1262 1264 1266 1268 1270 1272 1274 1276 1278 1280 1282 1284 1286 1288 1290 1292 1294 1296 1298 1300 1302 1304 1306 1308 1310 1312 1314 1316 1318 1320 1322 1324 1326 1328 1330 1332 1334 1336 1338 1340 1342 1344 1346 1348 1350 1352 1354 1356 1358 1360 1362 1364 1366 1368 1370 1372 1374 1376 1378 1380 1382 1384 1386 1388 1390 1392 1394 1396 1398 1400 1402 1404 1406 1408 1410 1412 1414 1416 1418 1420 1422 1424 1426 1428 1430 1432 1434 1436 1438 1440 1442 1444 1446 1448 1450 1452 1454 1456 1458 1460 1462 1464 1466 1468 1470 1472 1474 1476 1478 1480 1482 1484 1486 1488 1490 1492 1494 1496 1498 1500 1502 1504 1506 1508 1510 1512 1514 1516 1518 1520 1522 1524 1526 1528 1530 1532 1534 1536 1538 1540 1542 1544 1546 1548 1550 1552 1554 1556 1558 1560 1562 1564 1566 1568 1570 1572 1574 1576 1578 1580 1582 1584 1586 1588 1590 1592 1594 1596 1598 1600 1602 1604 1606 1608 1610 1612 1614 1616 1618 1620 1622 1624 1626 1628 1630 1632 1634 1636 1638 1640 1642 1644 1646 1648 1650 1652 1654 1656 1658 1660 1662 1664 1666 1668 1670 1672 1674 1676 1678 1680 1682 1684 1686 1688 1690 1692 1694 1696 1698 1700 1702 1704 1706 1708 1710 1712 1714 1716 1718 1720 1722 1724 1726 1728 1730 1732 1734 1736 1738 1740 1742 1744 1746 1748 1750 1752 1754 1756 1758 1760 1762 1764 1766 1768 1770 1772 1774 1776 1778 1780 1782 1784 1786 1788 1790 1792 1794 1796 1798 1800 1802 1804 1806 1808 1810 1812 1814 1816 1818 1820 1822 1824 1826 1828 1830 1832 1834 1836 1838 1840 1842 1844 1846 1848 1850 1852 1854 1856 1858 1860 1862 1864 1866 1868 1870 1872 1874 1876 1878 1880 1882 1884 1886 1888 1890 1892 1894 1896 1898 1900 1902 1904 1906 1908 1910 1912 1914 1916 1918 1920 1922 1924 1926 1928 1930 1932 1934 1936 1938 1940 1942 1944 1946 1948 1950 1952 1954 1956 1958 1960 1962 1964 1966 1968 1970 1972 1974 1976 1978 1980 1982 1984 1986 1988 1990 1992 1994 1996 1998 2000 2002 2004 2006 2008 2010 2012 2014 2016 2018 2020 2022 2024 2026 2028 2030 2032 2034 2036 2038 2040 2042 2044 2046 2048 2050 2052 2054 2056 2058 2060 2062 2064 2066 2068 2070 2072 2074 2076 2078 2080 2082 2084 2086 2088 2090 2092 2094 2096 2098 2100 2102 2104 2106 2108 2110 2112 2114 2116 2118 2120 2122 2124 2126 2128 2130 2132 2134 2136 2138 2140 2142 2144 2146 2148 2150 2152 2154 2156 2158 2160 2162 2164 2166 2168 2170 2172 2174 2176 2178 2180 2182 2184 2186 2188 2190 2192 2194 2196 2198 2200 2202 2204 2206 2208 2210 2212 2214 2216 2218 2220 2222 2224 2226 2228 2230 2232 2234 2236 2238 2240 2242 2244 2246 2248 2250 2252 2254 2256 2258 2260 2262 2264 2266 2268 2270 2272 2274 2276 2278 2280 2282 2284 2286 2288 2290 2292 2294 2296 2298 2300 2302 2304 2306 2308 2310 2312 2314 2316 2318 2320 2322 2324 2326 2328 2330 2332 2334 2336 2338 2340 2342 2344 2346 2348 2350 2352 2354 2356 2358 2360 2362 2364 2366 2368 2370 2372 2374 2376 2378 2380 2382 2384 2386 2388 2390 2392 2394 2396 2398 2400 2402 2404 2406 2408 2410 2412 2414 2416 2418 2420 2422 2424 2426 2428 2430 2432 2434 2436 2438 2440 2442 2444 2446 2448 2450 2452 2454 2456 2458 2460 2462 2464 2466 2468 2470 2472 2474 2476 2478 2480 2482 2484 2486 2488 2490 2492 2494 2496 2498 2500 2502 2504 2506 2508 2510 2512 2514 2516 2518 2520 2522 2524 2526 2528 2530 2532 2534 2536 2538 2540 2542 2544 2546 2548 2550 2552 2554 2556 2558 2560 2562 2564 2566 2568 2570 2572 2574 2576 2578 2580 2582 2584 2586 2588 2590 2592 2594 2596 2598 2600 2602 2604 2606 2608 2610 2612 2614 2616 2618 2620 2622 2624 2626 2628 2630 2632 2634 2636 2638 2640 2642 2644 2646 2648 2650 2652 2654 2656 2658 2660 2662 2664 2666 2668 2670 2672 2674 2676 2678 2680 2682 2684 2686 2688 2690 2692 2694 2696 2698 2700 2702 2704 2706 2708 2710 2712 2714 2716 2718 2720 2722 2724 2726 2728 2730 2732 2734 2736 2738 2740 2742 2744 2746 2748 2750 2752 2754 2756 2758 2760 2762 2764 2766 2768 2770 2772 2774 2776 2778 2780 2782 2784 2786 2788 2790 2792 2794 2796 2798 2800 2802 2804 2806 2808 2810 2812 2814 2816 2818 2820 2822 2824 2826 2828 2830 2832 2834 2836 2838 2840 2842 2844 2846 2848 2850 2852 2854 2856 2858 2860 2862 2864 2866 2868 2870 2872 2874 2876 2878 2880 2882 2884 2886 2888 2890 2892 2894 2896 2898 2900 2902 2904 2906 2908 2910 2912 2914 2916 2918 2920 2922 2924 2926 2928 2930 2932 2934 2936 2938 2940 2942 2944 2946 2948 2950 2952 2954 2956 2958 2960 2962 2964 2966 2968 2970 2972 2974 2976 2978 2980 2982 2984 2986 2988 2990 2992 2994 2996 2998 3000 3002 3004 3006 3008 3010 3012 3014 3016 3018 3020 3022 3024 3026 3028 3030 3032 3034 3036 3038 3040 3042 3044 3046 3048 3050 3052 3054 3056 3058 3060 3062 3064 3066 3068 3070 3072 3074 3076 3078 3080 3082 3084 3086 3088 3090 3092 3094 3096 3098 3100 3102 3104 3106 3108 3110 3112 3114 3116 3118 3120 3122 3124 3126 3128 3130 3132 3134 3136 3138 3140 3142 3144 3146 3148 3150 3152 3154 3156 3158 3160 3162 3164 3166 3168 3170 3172 3174 3176 3178 3180 3182 3184 3186 3188 3190 3192 3194 3196 3198 3200 3202 3204 3206 3208 3210 3212 3214 3216 3218 3220 3222 3224 3226 3228 3230 3232 3234 3236 3238 3240 3242 3244 3246 3248 3250 3252 3254 3256 3258 3260 3262 3264 3266 3268 3270 3272 3274 3276 3278 3280 3282 3284 3286 3288 3290 3292 3294 3296 3298 3300 3302 3304 3306 3308 3310 3312 3314 3316 3318 3320 3322 3324 3326 3328 3330 3332 3334 3336 3338 3340 3342 3344 3346 3348 3350 3352 3354 3356 3358 3360 3362 3364 3366 3368 3370 3372 3374 3376 3378 3380 3382 3384 3386 3388 3390 3392 3394 3396 3398 3400 3402 3404 3406 3408 3410 3412 3414 3416 3418 3420 3422 3424 3426 3428 3430 3432 3434 3436 3438 3440 3442 3444 3446 3448 3450 3452 3454 3456 3458 3460 3462 3464 3466 3468 3470 3472 3474 3476 3478 3480 3482 3484 3486 3488 3490 3492 3494 3496 3498 3500 3502 3504 3506 3508 3510 3512 3514 3516 3518 3520 3522 3524 3526 3528 3530 3532 3534 3536 3538 3540 3542 3544 3546 3548 3550 3552 3554 3556 3558 3560 3562 3564 3566 3568 3570 3572 3574 3576 3578 3580 3582 3584 3586 3588 3590 3592 3594 3596 3598 3600 3602 3604 3606 3608 3610 3612 3614 3616 3618 3620 3622 3624 3626 3628 3630 3632 3634 3636 3638 3640 3642 3644 3646 3648 3650 3652 3654 3656 3658 3660 3662 3664 3666 3668 3670 3672 3674 3676 3678 3680 3682 3684 3686 3688 3690 3692 3694 3696 3698 3700 3702 3704 3706 3708 3710 3712 3714 3716 3718 3720 3722 3724 3726 3728 3730 3732 3734 3736 3738 3740 3742 3744 3746 3748 3750 3752 3754 3756 3758 3760 3762 3764 3766 3768 3770 3772 3774 3776 3778 3780 3782 3784 3786 3788 3790 3792 3794 3796 3798 3800 3802 3804 3806 3808 3810 3812 3814 3816 3818 3820 3822 3824 3826 3828 3830 3832 3834 3836 3838 3840 3842 3844 3846 3848 3850 3852 3854 3856 3858 3860 3862 3864 3866 3868 3870 3872 3874 3876 3878 3880 3882 3884 3886 3888 3890 3892 3894 3896 3898 3900 3902 3904 3906 3908 3910 3912 3914 3916 3918 3920 3922 3924 3926 3928 3930 3932 3934 3936 3938 3940 3942 3944 3946 3948 3950 3952 3954 3956 3958 3960 3962 3964 3966 3968 3970 3972 3974 3976 3978 3980 3982 3984 3986 3988 3990 3992 3994 3996 3998 4000 4002 4004 4006 4008 4010 4012 4014 4016 4018 4020 4022 4024 4026 4028 4030 4032 4034 4036 4038 4040 4042 4044 4046 4048 4050 4052 4054 4056 4058 4060 4062 4064 4066 4068 4070 4072 4074 4076 4078 4080 4082 4084 4086 4088 4090 4092 4094 4096 4098 4100 4102 4104 4106 4108 4110 4112 4114 4116 4118 4120 4122 4124 4126 4128 4130 4132 4134 4136 4138 4140 4142 4144 4146 4148 4150 4152 4154 4156 4158 4160 4162 4164 4166 4168 4170 4172 4174 4176 4178 4180 4182 4184 4186 4188 4190 4192 4194 4196 4198 4200 4202 4204 4206 4208 4210 4212 4214 4216 4218 4220 4222 4224 4226 4228 4230 4232 4234 4236 4238 4240 4242 4244 4246 4248 4250 4252 4254 4256 4258 4260 4262 4264 4266 4268 4270 4272 4274 4276 4278 4280 4282 4284 4286 4288 4290 4292 4294 4296 4298 4300 4302 4304 4306 4308 4310 4312 4314 4316 4318 4320 4322 4324 4326 4328 4330 4332 4334 4336 4338 4340 4342 4344 4346 4348 4350 4352 4354 4356 4358 4360 4362 4364 4366 4368 4370 4372 4374 4376 4378 4380 4382 4384 4386 4388 4390 4392 4394 4396 4398 4400 4402 4404 4406 4408 4410 4412 4414 4416 4418 4420 4422 4424 4426 4428 4430 4432 4434 4436 4438 4440 4442 4444 4446 4448 4450 4452 4454 4456 4458 4460 4462 4464 4466 4468 4470 4472 4474 4476 4478 4480 4482 4484 4486 4488 4490 4492 4494 4496 4498 4500 4502 4504 4506 4508 4510 4512 4514 4516 4518 4520 4522 4524 4526 4528 4530 4532 4534 4536 4538 4540 4542 4544 4546 4548 4550 4552 4554 4556 4558 4560 4562 4564 4566 4568 4570 4572 4574 4576 4578 4580 4582 4584 4586 4588 4590 4592 4594 4596 4598 4600 4602 4604 4606 4608 4610 4612 4614 4616 4618 4620 4622 4624 4626 4628 4630 4632 4634 4636 4638 4640 4642 4644 4646 4648 4650 4652 4654 4656 4658 4660 4662 4664 4666 4668 4670 4672 4674 4676 4678 4680 4682 4684 4686 4688 4690 4692 4694 4696 4698 4700 4702 4704 4706 4708 4710 4712 4714 4716 4718 4720 4722 4724 4726 4728 4730 4732 4734 4736 4738 4740 4742 4744 4746 4748 4750 4752 4754 4756 4758 4760 4762 4764 4766 4768 4770 4772 4774 4776 4778 4780 4782 4784 4786 4788 4790 4792 4794 4796 4798 4800 4802 4804 4806 4808 4810 4812 4814 4816 4818 4820 4822 4824 4826 4828 4830 4832 4834 4836 4838 4840 4842 4844 4846 4848 4850 4852 4854 4856 4858 4860 4862 4864 4866 4868 4870 4872 4874 4876 4878 4880 4882 4884 4886 4888 4890 4892 4894 4896 4898 4900 4902 4904 4906 4908 4910 4912 4914 4916 4918 4920 4922 4924 4926 4928 4930 4932 4934 4936 4938 4940 4942 4944 4946 4948 4950 4952 4954 4956 4958 4960 4962 4964 4966 4968 4970 4972 4974 4976 4978 4980 4982 4984 4986 4988 4990 4992 4994 4996 4998 5000 5002 5004 5006 5008 5010 5012 5014 5016 5018 5020 5022 5024 5026 5028 5030 5032 5034 5036 5038 5040 5042 5044 5046 5048 5050 5052 5054 5056 5058 5060 5062 5064 5066 5068 5070 5072 5074 5076 5078 5080 5082 5084 5086 5088 5090 5092 5094 5096 5098 5100 5102 5104 5106 5108 5110 5112 5114 5116 5118 5120 5122 5124 5126 5128 5130 5132 5134 5136 5138 5140 5142 5144 5146 5148 5150 5152 5154 5156 5158 5160 5162 5164 5166 5168 5170 5172 5174 5176 5178 5180 5182 5184 5186 5188 5190 5192 5194 5196 5198 5200 5202 5204 5206 5208 5210 5212 5214 5216 5218 5220 5222 5224 5226 5228 5230 5232 5234 5236 5238 5240 5242 5244 5246 5248 5250 5252 5254 5256 5258 5260 5262 5264 5266 5268 5270 5272 5274 5276 5278 5280 5282 5284 5286 5288 5290 5292 5294 5296 5298 5300 5302 5304 5306 5308 5310 5312 5314 5316 5318 5320 5322 5324 5326 5328 5330 5332 5334 5336 5338 5340 5342 5344 5346 5348 5350 5352 5354 5356 5358 5360 5362 5364 5366 5368 5370 5372 5374 5376 5378 5380 5382 5384 5386 5388 5390 5392 5394 5396 5398 5400 5402 5404 5406 5408 5410 5412 5414 5416 5418 5420 5422 5424 5426 5428 5430 5432 5434 5436 5438 5440 5442 5444 5446 5448 5450 5452 5454 5456 5458 5460 5462 5464 5466 5468 5470 5472 5474 5476 5478 5480 5482 5484 5486 5488 5490 5492 5494 5496 5498 5500 5502 5504 5506 5508 5510 5512 5514 5516 5518 5520 5522 5524 5526 5528 5530 5532 5534 5536 5538 5540 5542 5544 5546 5548 5550 5552 5554 5556 5558 5560 5562 5564 5566 5568 5570 5572 5574 5576 5578 5580 5582 5584 5586 5588 5590 5592 5594 5596 5598 5600 5602 5604 5606 5608 5610 5612 5614 5616 5618 5620 5622 5624 5626 5628 5630 5632 5634 5636 5638 5640 5642 5644 5646 5648 5650 5652 5654 5656 5658 5660 5662 5664 5666 5668 5670 5672 5674 5676 5678 5680 5682 5684 5686 5688 5690 5692 5694 5696 5698 5700 5702 5704 5706 5708 5710 5712 5714 5716 5718 5720 5722 5724 5726 5728 5730 5732 5734 5736 5738 5740 5742 5744 5746 5748 5750 5752 5754 5756 5758 5760 5762 5764 5766 5768 5770 5772 5774 5776 5778 5780 5782 5784 5786 5788 5790 5792 5794 5796 5798 5800 5802 5804 5806 5808 5810 5812 5814 5816 5818 5820 5822 5824 5826 5828 5830 5832 5834 5836 5838 5840 5842 5844 5846 5848 5850 5852 5854 5856 5858 5860 5862 5864 5866 5868 5870 5872 5874 5876 5878 5880 5882 5884 5886 5888 5890 5892 5894 5896 5898 5900 5902 5904 5906 5908 5910 5912 5914 5916 5918 5920 5922 5924 5926 5928 5930 5932 5934 5936 5938 5940 5942 5944 5946 5948 5950 5952 5954 5956 5958 5960 5962 5964 5966 5968 5970 5972 5974 5976 5978 5980 5982 5984 5986 5988 5990 5992 5994 5996 5998 6000 6002 6004 6006 6008 6010 6012 6014 6016 6018 6020 6022 6024 6026 6028 6030 6032 6034 6036 6038 6040 6042 6044 6046 6048 6050 6052 6054 6056 6058 6060 6062 6064 6066 6068 6070 6072 6074 6076 6078 6080 6082 6084 6086 6088 6090 6092 6094 6096 6098 6100 6102 6104 6106 6108 6110 6112 6114 6116 6118 6120 6122 6124 6126 6128 6130 6132 6134 6136 6138 6140 6142 6144 6146 6148 6150 6152 6154 6156 6158 6160 6162 6164 6166 6168 6170 6172 6174 6176 6178 6180 6182 6184 6186 6188 6190 6192 6194 6196 6198 6200 6202 6204 6206 6208 6210 6212 6214 6216 6218 6220 6222 6224 6226 6228 6230 6232 6234 6236 6238 6240 6242 6244 6246 6248 6250 6252 6254 6256 6258 6260 6262 6264 6266 6268 6270 6272 6274 6276 6278 6280 6282 6284 6286 6288 6290 6292 6294 6296 6298 6300 6302 6304 6306 6308 6310 6312 6314 6316 6318 6320 6322 6324 6326 6328 6330 6332 6334 6336 6338 6340 6342 6344 6346 6348 6350 6352 6354 6356 6358 6360 6362 6364 6366 6368 6370 6372 6374 6376 6378 6380 6382 6384 6386 6388 6390 6392 6394 6396 6398 6400 6402 6404 6406 6408 6410 6412 6414 6416 6418 6420 6422 6424 6426 6428 6430 6432 6434 6436 6438 6440 6442 6444 6446 6448 6450 6452 6454 6456 6458 6460 6462 6464 6466 6468 6470 6472 6474 6476 6478 6480 6482 6484 6486 6488 6490 6492 6494 6496 6498 6500 6502 6504 6506 6508 6510 6512 6514 6516 6518 6520 6522 6524 6526 6528 6530 6532 6534 6536 6538 6540 6542 6544 6546 6548 6550 6552 6554 6556 6558 6560 6562 6564 6566 6568 6570 6572 6574 6576 6578 6580 6582 6584 6586 6588 6590 6592 6594 6596 6598 6600 6602 6604 6606 6608 6610 6612 6614 6616 6618 6620 6622 6624 6626 6628 6630 6632 6634 6636 6638 6640 6642 6644 6646 6648 6650 6652 6654 6656 6658 6660 6662 6664 6666 6668 6670 6672 6674 6676 6678 6680 6682 6684 6686 6688 6690 6692 6694 6696 6698 6700 6702 6704 6706 6708 6710 6712 6714 6716 6718 6720 6722 6724 6726 6728 6730 6732 6734 6736 6738 6740 6742 6744 6746 6748 6750 6752 6754 6756 6758 6760 6762 6764 6766 6768 6770 6772 6774 6776 6778 6780 6782 6784 6786 6788 6790 6792 6794 6796 6798 6800 6802 6804 6806 6808 6810 6812 6814 6816 6818 6820 6822 6824 6826 6828 6830 6832 6834 6836 6838 6840 6842 6844 6846 6848 6850 6852 6854 6856 6858 6860 6862 6864 6866 6868 6870 6872 6874 6876 6878 6880 6882 6884 6886 6888 6890 6892 6894 6896 6898 6900 6902 6904 6906 6908 6910 6912 6914 6916 6918 6920 6922 6924 6926 6928 6930 6932 6934 6936 6938 6940 6942 6944 6946 6948 6950 6952 6954 6956 6958 6960 6962 6964 6966 6968 6970 6972 6974 6976 6978 6980 6982 6984 6986 6988 6990 6992 6994 6996 6998 7000 7002 7004 7006 7008 7010 7012 7014 7016 7018 7020 7022 7024 7026 7028 7030 7032 7034 7036 7038 7040 7042 7044 7046 7048 7050 7052 7054 7056 7058 7060 7062 7064 7066 7068 7070 7072 7074 7076 7078 7080 7082 7084 7086 7088 7090 7092 7094 7096 7098 7100 7102 7104 7106 7108 7110 7112 7114 7116 7118 7120 7122 7124 7126 7128 7130 7132 7134 7136 7138 7140 7142 7144 7146 7148 7150 7152 7154 7156 7158 7160 7162 7164 7166 7168 7170 7172 7174 7176 7178 7180 7182 7184 7186 7188 7190 7192 7194 7196 7198 7200 7202 7204 7206 7208 7210 7212 7214 7216 7218 7220 7222 7224 7226 7228 7230 7232 7234 7236 7238 7240 7242 7244 7246 7248 7250 7252 7254 7256 7258 7260 7262 7264 7266 7268 7270 7272 7274 7276 7278 7280 7282 7284 7286 7288 7290 7292 7294 7296 7298 7300 7302 7304 7306 7308 7310 7312 7314 7316 7318 7320 7322 7324 7326 7328 7330 7332 7334 7336 7338 7340 7342 7344 7346 7348 7350 7352 7354 7356 7358 7360 7362 7364 7366 7368 7370 7372 7374 7376 7378 7380 7382 7384 7386 7388 7390 7392 7394 7396 7398 7400 7402 7404 7406 7408 7410 7412 7414 7416 7418 7420 7422 7424 7426 7428 7430 7432 7434 7436 7438 7440 7442 7444 7446 7448 7450 7452 7454 7456 7458 7460 7462 7464 7466 7468 7470 7472 7474 7476 7478 7480 7482 7484 7486 7488 7490 7492 7494 7496 7498 7500 7502 7504 7506 7508 7510 7512 7514 7516 7518 7520 7522 7524 7526 7528 7530 7532 7534 7536 7538 7540 7542 7544 7546 7548 7550 7552 7554 7556 7558 7560 7562 7564 7566 7568 7570 7572 7574 7576 7578 7580 7582 7584 7586 7588 7590 7592 7594 7596 7598 7600 7602 7604 7606 7608 7610 7612 7614 7616 7618 7620 7622 7624 7626 7628 7630 7632 7634 7636 7638 7640 7642 7644 7646 7648 7650 7652 7654 7656 7658 7660 7662 7664 7666 7668 7670 7672 7674 7676 7678 7680 7682 7684 7686 7688 7690 7692 7694 7696 7698 7700 7702 7704 7706 7708 7710 7712 7714 7716 7718 7720 7722 7724 7726 7728 7730 7732 7734 7736 7738 7740 7742 7744 7746 7748 7750 7752 7754 7756 7758 7760 7762 7764 7766 7768 7770 7772 7774 7776 7778 7780 7782 7784 7786 7788 7790 7792 7794 7796 7798 7800 7802 7804 7806 7808 7810 7812 7814 7816 7818 7820 7822 7824 7826 7828 7830 7832 7834 7836 7838 7840 7842 7844 7846 7848 7850 7852 7854 7856 7858 7860 7862 7864 7866 7868 7870 7872 7874 7876 7878 7880 7882 7884 7886 7888 7890 7892 7894 7896 7898 7900 7902 7904 7906 7908 7910 7912 7914 7916 7918 7920 7922 7924 7926 7928 7930 7932 7934 7936 7938 7940 7942 7944 7946 7948 7950 7952 7954 7956 7958 7960 7962 7964 7966 7968 7970 7972 7974 7976 7978 7980 7982 7984 7986 7988 7990 7992 7994 7996 7998 8000 8002 8004 8006 8008 8010 8012 8014 8016 8018 8020 8022 8024 8026 8028 8030 8032 8034 8036 8038 8040 8042 8044 8046 8048 8050 8052 8054 8056 8058 8060 8062 8064 8066 8068 8070 8072 8074 8076 8078 8080 8082 8084 8086 8088 8090 8092 8094 8096 8098 8100 8102 8104 8106 8108 8110 8112 8114 8116 8118 8120 8122 8124 8126 8128 8130 8132 8134 8136 8138 8140 8142 8144 8146 8148 8150 8152 8154 8156 8158 8160 8162 8164 8166 8168 8170 8172 8174 8176 8178
</DataArray>
      </Lines>
    </Piece>
  </PolyData>
</VTKFile>
