<?xml version="1.0"?>
<VTKFile type="PolyData" version="0.1" byte_order="LittleEndian">
  <PolyData>
    <Piece NumberOfPoints="1850" NumberOfVerts="0" NumberOfLines="4094" NumberOfStrips="0" NumberOfPolys="0">
      <PointData><DataArray type="Int64" Name="particle_id" NumberOfComponents="1" format="ascii">
1 2 3 4 5 6 7 8 9 10 11 12 13 14 15 16 17 18 19 20 21 22 23 24 25 26 27 28 29 30 31 32 33 34 35 36 37 38 39 40 41 42 43 44 45 46 47 48 49 50 51 52 53 54 55 56 57 58 59 60 61 62 63 64 65 66 67 68 69 70 71 72 73 74 75 76 77 78 79 80 81 82 83 84 85 86 87 88 89 90 91 92 93 94 95 96 97 98 99 100 101 102 103 104 105 106 107 108 109 110 111 112 113 114 115 116 117 118 119 120 121 122 123 124 125 126 127 128 129 130 131 132 133 134 135 136 137 138 139 140 141 142 143 144 145 146 147 148 149 150 151 152 153 154 155 156 157 158 159 160 161 162 163 164 165 166 167 168 169 170 171 172 173 174 175 176 177 178 179 180 181 182 183 184 185 186 187 188 189 190 191 192 193 194 195 196 197 198 199 200 201 202 203 204 205 206 207 208 209 210 211 212 213 214 215 216 217 218 219 220 221 222 223 224 225 226 227 228 229 230 231 232 233 234 235 236 237 238 239 240 241 242 243 244 245 246 247 248 249 250 251 252 253 254 255 256 257 258 259 260 261 262 263 264 265 266 267 268 269 270 271 272 273 274 275 276 277 278 279 280 281 282 283 284 285 286 287 288 289 290 291 292 293 294 295 296 297 298 299 300 301 302 303 304 305 306 307 308 309 310 311 312 313 314 315 316 317 318 319 320 321 322 323 324 325 326 327 328 329 330 331 332 333 334 335 336 337 338 339 340 341 342 343 344 345 346 347 348 349 350 351 352 353 354 355 356 357 358 359 360 361 362 363 364 365 366 367 368 369 370 371 372 373 374 375 376 377 378 379 380 381 382 383 384 385 386 387 388 389 390 391 392 393 394 395 396 397 398 399 400 401 402 403 404 405 406 407 408 409 410 411 412 413 414 415 416 417 418 419 420 421 422 423 424 425 426 427 428 429 430 431 432 433 434 435 436 437 438 439 440 441 442 443 444 445 446 447 448 449 450 451 452 453 454 455 456 457 458 459 460 461 462 463 464 465 466 467 468 469 470 471 472 473 474 475 476 477 478 479 480 481 482 483 484 485 486 487 488 489 490 491 492 493 494 495 496 497 498 499 500 501 502 503 504 505 506 507 508 509 510 511 512 513 514 515 516 517 518 519 520 521 522 523 524 525 526 527 528 529 530 531 532 533 534 535 536 537 538 539 540 541 542 543 544 545 546 547 548 549 550 551 552 553 554 555 556 557 558 559 560 561 562 563 564 565 566 567 568 569 570 571 572 573 574 575 576 577 578 579 580 581 582 583 584 585 586 587 588 589 590 591 592 593 594 595 596 597 598 599 600 601 602 603 604 605 606 607 608 609 610 611 612 613 614 615 616 617 618 619 620 621 622 623 624 625 626 627 628 629 630 631 632 633 634 635 636 637 638 639 640 641 642 643 644 645 646 647 648 649 650 651 652 653 654 655 656 657 658 659 660 661 662 663 664 665 666 667 668 669 670 671 672 673 674 675 676 677 678 679 680 681 682 683 684 685 686 687 688 689 690 691 692 693 694 695 696 697 698 699 700 701 702 703 704 705 706 707 708 709 710 711 712 713 714 715 716 717 718 719 720 721 722 723 724 725 726 727 728 729 730 731 732 733 734 735 736 737 738 739 740 741 742 743 744 745 746 747 748 749 750 751 752 753 754 755 756 757 758 759 760 761 762 763 764 765 766 767 768 769 770 771 772 773 774 775 776 777 778 779 780 781 782 783 784 785 786 787 788 789 790 791 792 793 794 795 796 797 798 799 800 801 802 803 804 805 806 807 808 809 810 811 812 813 814 815 816 817 818 819 820 821 822 823 824 825 826 827 828 829 830 831 832 833 834 835 836 837 838 839 840 841 842 843 844 845 846 847 848 849 850 851 852 853 854 855 856 857 858 859 860 861 862 863 864 865 866 867 868 869 870 871 872 873 874 875 876 877 878 879 880 881 882 883 884 885 886 887 888 889 890 891 892 893 894 895 896 897 898 899 900 901 902 903 904 905 906 907 908 909 910 911 912 913 914 915 916 917 918 919 920 921 922 923 924 925 926 927 928 929 930 931 932 933 934 935 936 937 938 939 940 941 942 943 944 945 946 947 948 949 950 951 952 953 954 955 956 957 958 959 960 961 962 963 964 965 966 967 968 969 970 971 972 973 974 975 976 977 978 979 980 981 982 983 984 985 986 987 988 989 990 991 992 993 994 995 996 997 998 999 1000 1001 1002 1003 1004 1005 1006 1007 1008 1009 1010 1011 1012 1013 1014 1015 1016 1017 1018 1019 1020 1021 1022 1023 1024 1025 1026 1027 1028 1029 1030 1031 1032 1033 1034 1035 1036 1037 1038 1039 1040 1041 1042 1043 1044 1045 1046 1047 1048 1049 1050 1051 1052 1053 1054 1055 1056 1057 1058 1059 1060 1061 1062 1063 1064 1065 1066 1067 1068 1069 1070 1071 1072 1073 1074 1075 1076 1077 1078 1079 1080 1081 1082 1083 1084 1085 1086 1087 1088 1089 1090 1091 1092 1093 1094 1095 1096 1097 1098 1099 1100 1101 1102 1103 1104 1105 1106 1107 1108 1109 1110 1111 1112 1113 1114 1115 1116 1117 1118 1119 1120 1121 1122 1123 1124 1125 1126 1127 1128 1129 1130 1131 1132 1133 1134 1135 1136 1137 1138 1139 1140 1141 1142 1143 1144 1145 1146 1147 1148 1149 1150 1151 1152 1153 1154 1155 1156 1157 1158 1159 1160 1161 1162 1163 1164 1165 1166 1167 1168 1169 1170 1171 1172 1173 1174 1175 1176 1177 1178 1179 1180 1181 1182 1183 1184 1185 1186 1187 1188 1189 1190 1191 1192 1193 1194 1195 1196 1197 1198 1199 1200 1201 1202 1203 1204 1205 1206 1207 1208 1209 1210 1211 1212 1213 1214 1215 1216 1217 1218 1219 1220 1221 1222 1223 1224 1225 1226 1227 1228 1229 1230 1231 1232 1233 1234 1235 1236 1237 1238 1239 1240 1241 1242 1243 1244 1245 1246 1247 1248 1249 1250 1251 1252 1253 1254 1255 1256 1257 1258 1259 1260 1261 1262 1263 1264 1265 1266 1267 1268 1269 1270 1271 1272 1273 1274 1275 1276 1277 1278 1279 1280 1281 1282 1283 1284 1285 1286 1287 1288 1289 1290 1291 1292 1293 1294 1295 1296 1297 1298 1299 1300 1301 1302 1303 1304 1305 1306 1307 1308 1309 1310 1311 1312 1313 1314 1315 1316 1317 1318 1319 1320 1321 1322 1323 1324 1325 1326 1327 1328 1329 1330 1331 1332 1333 1334 1335 1336 1337 1338 1339 1340 1341 1342 1343 1344 1345 1346 1347 1348 1349 1350 1351 1352 1353 1354 1355 1356 1357 1358 1359 1360 1361 1362 1363 1364 1365 1366 1367 1368 1369 1370 1371 1372 1373 1374 1375 1376 1377 1378 1379 1380 1381 1382 1383 1384 1385 1386 1387 1388 1389 1390 1391 1392 1393 1394 1395 1396 1397 1398 1399 1400 1401 1402 1403 1404 1405 1406 1407 1408 1409 1410 1411 1412 1413 1414 1415 1416 1417 1418 1419 1420 1421 1422 1423 1424 1425 1426 1427 1428 1429 1430 1431 1432 1433 1434 1435 1436 1437 1438 1439 1440 1441 1442 1443 1444 1445 1446 1447 1448 1449 1450 1451 1452 1453 1454 1455 1456 1457 1458 1459 1460 1461 1462 1463 1464 1465 1466 1467 1468 1469 1470 1471 1472 1473 1474 1475 1476 1477 1478 1479 1480 1481 1482 1483 1484 1485 1486 1487 1488 1489 1490 1491 1492 1493 1494 1495 1496 1497 1498 1499 1500 1501 1502 1503 1504 1505 1506 1507 1508 1509 1510 1511 1512 1513 1514 1515 1516 1517 1518 1519 1520 1521 1522 1523 1524 1525 1526 1527 1528 1529 1530 1531 1532 1533 1534 1535 1536 1537 1538 1539 1540 1541 1542 1543 1544 1545 1546 1547 1548 1549 1550 1551 1552 1553 1554 1555 1556 1557 1558 1559 1560 1561 1562 1563 1564 1565 1566 1567 1568 1569 1570 1571 1572 1573 1574 1575 1576 1577 1578 1579 1580 1581 1582 1583 1584 1585 1586 1587 1588 1589 1590 1591 1592 1593 1594 1595 1596 1597 1598 1599 1600 1601 1602 1603 1604 1605 1606 1607 1608 1609 1610 1611 1612 1613 1614 1615 1616 1617 1618 1619 1620 1621 1622 1623 1624 1625 1626 1627 1628 1629 1630 1631 1632 1633 1634 1635 1636 1637 1638 1639 1640 1641 1642 1643 1644 1645 1646 1647 1648 1649 1650 1651 1652 1653 1654 1655 1656 1657 1658 1659 1660 1661 1662 1663 1664 1665 1666 1667 1668 1669 1670 1671 1672 1673 1674 1675 1676 1677 1678 1679 1680 1681 1682 1683 1684 1685 1686 1687 1688 1689 1690 1691 1692 1693 1694 1695 1696 1697 1698 1699 1700 1701 1702 1703 1704 1705 1706 1707 1708 1709 1710 1711 1712 1713 1714 1715 1716 1717 1718 1719 1720 1721 1722 1723 1724 1725 1726 1727 1728 1729 1730 1731 1732 1733 1734 1735 1736 1737 1738 1739 1740 1741 1742 1743 1744 1745 1746 1747 1748 1749 1750 1751 1752 1753 1754 1755 1756 1757 1758 1759 1760 1761 1762 1763 1764 1765 1766 1767 1768 1769 1770 1771 1772 1773 1774 1775 1776 1777 1778 1779 1780 1781 1782 1783 1784 1785 1786 1787 1788 1789 1790 1791 1792 1793 1794 1795 1796 1797 1798 1799 1800 1801 1802 1803 1804 1805 1806 1807 1808 1809 1810 1811 1812 1813 1814 1815 1816 1817 1818 1819 1820 1821 1822 1823 1824 1825 1826 1827 1828 1829 1830 1831 1832 1833 1834 1835 1836 1837 1838 1839 1840 1841 1842 1843 1844 1845 1846 1847 1848 1849 1850
</DataArray></PointData>
      <CellData>
        <DataArray type="Int64" Name="particle_1" NumberOfComponents="1" format="ascii">
1 1 2 2 2 2 2 3 3 3 3 3 3 4 4 4 4 5 5 6 6 6 7 7 7 7 8 8 8 8 8 9 9 9 9 10 10 10 10 10 10 11 11 11 11 11 12 12 12 12 12 12 13 13 13 13 13 13 13 14 14 14 14 15 15 15 15 16 16 16 16 17 17 17 17 18 18 19 19 19 19 19 20 20 20 21 21 21 21 21 22 22 22 22 23 23 23 24 24 24 24 25 25 25 25 25 25 25 26 26 26 26 26 27 27 27 27 28 28 28 28 29 29 29 29 30 30 30 31 31 32 32 32 32 32 33 33 33 33 34 34 34 34 34 35 35 35 35 35 35 36 36 36 36 37 37 37 39 39 39 39 39 39 39 39 40 40 40 41 42 42 42 42 42 43 43 44 44 44 44 45 45 45 45 45 45 46 46 46 46 47 47 47 47 47 48 48 49 49 49 51 51 52 53 53 54 54 54 55 55 55 56 56 56 56 57 58 58 58 58 58 58 59 59 59 59 60 60 60 60 61 62 62 63 63 64 64 65 65 66 66 66 67 67 68 68 68 69 69 69 69 70 70 71 71 72 72 72 73 73 74 75 75 76 78 78 78 79 79 79 80 80 80 81 81 81 82 82 82 82 83 83 83 84 84 85 85 85 85 85 85 86 86 87 87 87 87 88 88 89 89 91 91 92 93 93 94 94 95 96 97 97 98 98 99 99 99 99 100 100 101 101 101 102 102 102 102 103 103 103 103 104 104 105 106 106 107 107 108 108 109 109 109 110 110 110 111 111 111 112 112 112 112 113 113 114 114 115 116 117 117 117 119 119 122 122 122 123 123 124 124 124 124 124 125 125 126 126 126 127 127 128 128 129 129 129 131 131 132 133 134 134 135 135 136 136 136 137 137 138 138 138 139 139 140 140 140 141 141 141 141 141 142 143 143 143 144 145 145 146 146 146 146 147 147 147 148 149 149 149 149 150 150 150 151 152 153 153 153 154 155 156 157 157 157 159 159 160 160 161 161 162 163 163 163 165 165 166 166 166 168 169 169 170 171 171 172 172 174 175 176 176 177 177 178 183 184 184 184 185 185 186 192 192 192 195 195 197 197 197 198 198 200 200 201 201 201 201 202 202 202 203 203 203 203 204 204 204 204 205 205 206 206 207 207 207 207 209 209 210 210 211 211 211 211 211 211 211 212 212 212 212 212 213 214 214 215 215 215 215 215 215 215 215 216 216 216 216 216 216 217 217 217 217 217 218 218 218 218 218 219 219 220 220 221 222 222 223 224 224 224 224 225 225 225 226 226 226 226 226 227 228 228 229 229 229 229 229 230 230 230 230 231 231 231 231 232 233 233 233 234 234 234 235 235 235 236 237 237 238 238 239 239 239 239 239 240 240 241 241 241 241 242 242 242 242 243 243 243 243 244 245 245 247 247 247 247 248 248 248 248 249 249 249 249 251 251 251 252 252 252 253 253 253 254 254 254 255 255 255 255 255 256 256 256 256 257 257 258 258 258 258 258 259 259 259 259 260 261 261 261 261 262 262 262 263 263 263 263 264 264 264 265 265 265 266 266 266 266 266 266 266 267 268 268 268 269 269 270 270 270 270 270 270 270 271 271 271 271 271 272 272 272 272 272 273 273 274 274 274 274 275 275 275 275 275 276 276 276 276 277 278 280 280 281 281 282 282 282 282 282 283 283 283 284 284 284 285 285 287 287 288 288 288 289 290 290 291 291 292 293 293 296 296 297 297 297 297 297 299 299 300 300 300 300 300 302 303 304 304 305 305 305 306 306 306 307 307 307 307 308 308 308 308 309 309 309 310 310 310 310 310 310 311 311 313 313 313 313 313 314 314 314 315 315 316 316 317 317 318 318 319 319 319 320 320 320 321 323 323 323 324 324 325 325 325 327 328 328 329 329 330 330 330 330 331 333 333 334 335 335 335 335 335 336 336 336 336 338 339 339 340 342 342 342 343 343 343 343 343 345 345 345 345 346 346 346 347 348 348 349 349 349 349 350 350 350 352 353 354 354 356 356 357 357 357 357 358 359 359 359 360 362 362 368 368 368 370 373 373 374 374 374 376 376 376 376 377 380 384 384 385 385 385 385 385 385 386 386 386 386 386 387 387 387 387 387 387 388 388 388 388 388 389 389 389 389 389 390 390 390 390 390 391 391 392 392 393 393 393 393 393 394 394 394 394 394 394 395 395 395 395 395 395 396 396 396 397 397 397 397 397 398 398 399 399 399 399 399 400 400 401 401 402 402 403 403 403 404 404 404 404 404 405 405 406 406 407 407 407 407 407 408 408 409 409 410 410 410 410 411 411 412 412 412 413 413 413 413 414 415 415 415 416 416 416 416 417 417 417 417 418 419 419 419 420 420 420 420 421 421 421 422 422 422 422 423 423 424 424 424 424 424 424 425 425 425 425 425 425 426 426 426 427 427 427 427 428 428 428 429 429 429 429 429 430 430 430 430 430 431 431 432 432 433 433 433 433 433 434 434 434 435 435 435 436 436 436 436 436 437 437 437 437 437 438 438 438 438 439 440 440 440 440 440 441 441 442 442 442 442 442 443 443 443 443 443 443 444 444 445 446 446 446 447 447 447 448 448 448 449 449 449 450 450 450 451 452 452 452 452 453 453 454 454 454 455 456 456 456 456 457 457 458 458 458 459 459 459 459 459 460 460 460 461 461 461 462 462 462 462 462 464 464 464 464 465 465 465 465 466 468 468 469 470 470 470 471 471 471 471 472 472 472 472 473 473 473 473 474 474 474 475 475 475 476 476 477 478 478 478 479 479 479 480 480 480 480 481 481 481 482 482 482 483 483 483 483 484 485 485 486 487 487 487 488 488 489 489 489 490 490 491 492 492 493 493 494 494 494 495 495 495 495 496 496 496 496 497 497 497 497 498 498 498 498 499 499 499 500 502 502 503 503 504 504 505 505 505 505 506 506 506 506 507 508 508 509 509 510 510 510 511 511 511 511 512 513 515 515 515 515 516 516 516 517 517 518 518 518 518 518 519 519 519 519 520 520 521 521 521 524 524 525 525 526 526 526 526 527 527 529 529 529 530 530 531 531 531 531 532 533 533 534 535 535 535 535 535 536 536 536 536 537 537 537 539 539 540 540 540 541 542 543 544 545 547 547 549 550 551 551 553 555 557 557 559 559 560 560 561 562 563 564 564 564 565 565 566 566 566 566 567 567 568 568 570 570 571 571 571 572 572 572 575 576 577 578 578 579 581 581 582 582 582 582 582 584 588 589 590 590 590 595 595 595 597 597 598 600 601 601 601 602 602 602 602 602 602 602 603 605 609 612 612 612 612 614 617 617 617 619 620 620 620 620 621 622 623 625 625 626 626 626 629 631 631 632 632 633 633 633 635 635 636 638 642 642 646 647 649 652 653 655 656 656 657 657 657 657 658 658 659 659 660 660 660 660 661 661 661 661 661 661 662 662 662 663 663 663 664 664 664 664 665 665 666 666 666 667 667 667 667 667 668 668 668 668 668 669 669 669 669 669 669 670 670 670 670 670 671 672 672 672 672 672 672 673 673 673 674 674 674 674 675 675 675 675 676 676 676 677 677 677 678 678 678 678 678 678 679 679 679 680 681 681 681 682 682 682 683 684 684 684 685 685 685 685 686 686 686 686 686 688 688 688 689 689 689 690 690 690 690 690 690 692 692 692 692 692 693 693 693 693 693 694 694 694 694 695 695 695 695 695 696 696 696 696 696 698 698 699 700 700 700 702 702 702 703 703 703 703 704 704 704 704 705 705 705 705 706 706 706 707 707 707 708 708 708 709 710 710 711 711 711 711 712 712 712 712 713 713 713 713 713 714 714 714 714 714 715 715 716 716 717 717 717 717 718 718 719 720 722 722 722 723 723 723 723 723 724 724 725 725 725 726 726 726 726 726 727 727 727 727 727 729 729 730 730 731 731 731 731 731 731 731 733 734 734 735 737 737 738 738 738 738 738 738 738 738 740 740 741 741 741 742 742 742 742 742 742 743 743 743 744 745 745 746 746 747 747 748 748 748 749 750 750 750 750 751 752 752 753 754 754 755 755 755 756 756 756 756 757 757 758 758 760 761 761 762 762 763 765 765 765 765 765 766 766 767 767 767 767 767 767 768 769 769 770 770 771 772 773 773 773 776 776 776 777 778 778 778 779 779 779 779 779 780 781 781 781 782 783 784 784 785 787 788 789 790 790 790 791 791 793 793 794 794 794 794 796 796 797 798 798 798 800 800 800 801 802 802 804 804 806 807 808 808 808 808 810 811 812 813 813 814 815 815 815 815 815 815 817 820 820 821 822 822 824 824 827 827 827 827 828 828 828 828 828 828 828 828 829 829 829 829 830 830 830 831 831 831 832 832 832 832 833 833 833 833 834 834 834 834 834 835 835 835 835 835 836 836 836 837 837 837 837 837 837 838 838 838 838 839 839 839 839 840 841 841 841 841 842 843 844 844 844 844 845 845 845 846 846 846 846 846 847 847 847 847 847 847 848 848 849 849 849 849 849 849 850 850 850 851 851 852 852 852 853 853 854 854 854 854 855 855 855 855 855 856 856 856 856 856 856 857 857 859 859 860 860 860 861 861 861 862 862 862 863 863 863 863 863 864 864 864 864 865 865 865 866 866 866 867 867 867 867 868 868 868 869 869 869 869 870 870 870 873 874 874 874 874 875 875 875 875 875 877 877 877 877 877 877 877 878 878 878 878 878 879 879 879 879 879 880 880 880 881 881 882 883 883 883 884 884 884 884 885 885 886 886 886 887 887 888 888 888 888 889 889 889 890 891 891 892 892 893 894 895 895 895 895 895 895 896 896 897 897 897 897 897 897 898 898 898 898 901 901 903 903 905 906 906 907 908 908 908 908 908 909 909 909 910 910 911 912 912 912 912 912 913 913 913 913 914 916 916 916 916 917 917 917 917 918 918 919 919 920 920 920 920 921 921 921 923 923 924 925 925 925 925 927 927 927 927 927 928 928 928 928 929 929 931 931 931 933 934 934 935 935 937 938 938 938 938 939 939 939 939 939 939 941 941 941 942 942 942 942 943 943 945 945 945 945 946 946 946 946 946 948 948 949 949 949 949 949 950 950 950 951 951 951 951 951 954 954 954 954 955 956 956 956 956 956 956 957 957 957 959 960 960 960 961 962 962 963 963 963 963 963 963 964 964 964 964 965 965 966 966 966 967 969 969 969 969 970 970 970 971 971 972 972 972 972 974 975 976 978 978 980 980 983 983 984 984 985 986 986 986 986 989 991 993 993 993 994 994 994 995 995 995 995 996 996 996 996 999 999 999 1002 1002 1002 1005 1005 1006 1006 1006 1008 1008 1008 1010 1010 1011 1013 1014 1014 1014 1016 1016 1018 1019 1021 1022 1024 1024 1024 1024 1024 1025 1025 1025 1025 1025 1025 1026 1026 1026 1026 1027 1027 1027 1027 1027 1028 1028 1028 1028 1028 1028 1029 1029 1029 1029 1029 1030 1030 1030 1030 1031 1031 1031 1031 1031 1032 1032 1032 1032 1033 1034 1034 1034 1034 1034 1035 1035 1035 1035 1036 1036 1036 1036 1036 1036 1037 1037 1037 1038 1039 1039 1039 1039 1039 1039 1039 1040 1040 1040 1042 1042 1043 1043 1043 1043 1044 1044 1044 1045 1045 1045 1045 1046 1046 1047 1047 1047 1047 1047 1048 1048 1048 1049 1049 1049 1049 1050 1050 1050 1050 1051 1051 1052 1053 1053 1053 1053 1053 1054 1054 1056 1056 1057 1058 1058 1058 1059 1059 1059 1059 1060 1060 1061 1061 1061 1062 1062 1062 1063 1063 1063 1063 1064 1064 1064 1064 1065 1065 1065 1065 1065 1065 1066 1066 1066 1067 1067 1068 1068 1068 1068 1069 1069 1069 1069 1069 1070 1070 1070 1070 1071 1071 1072 1072 1072 1073 1073 1073 1074 1075 1075 1077 1077 1077 1078 1079 1079 1079 1079 1080 1080 1080 1081 1081 1081 1082 1082 1083 1083 1083 1083 1083 1084 1084 1085 1085 1085 1085 1086 1086 1087 1087 1087 1087 1087 1088 1088 1088 1088 1088 1089 1090 1090 1090 1090 1091 1091 1091 1091 1091 1092 1092 1092 1093 1094 1094 1094 1095 1095 1095 1096 1096 1096 1097 1097 1097 1097 1097 1099 1099 1099 1100 1100 1100 1100 1101 1101 1102 1102 1102 1103 1103 1104 1104 1104 1104 1104 1105 1105 1105 1105 1105 1106 1106 1106 1107 1107 1108 1108 1109 1109 1111 1111 1111 1112 1112 1112 1112 1113 1114 1114 1114 1114 1115 1116 1117 1117 1117 1117 1117 1118 1118 1119 1119 1120 1120 1120 1120 1121 1121 1121 1122 1122 1122 1123 1123 1123 1126 1126 1126 1127 1127 1127 1127 1127 1129 1129 1130 1132 1133 1134 1134 1135 1135 1135 1136 1136 1137 1137 1137 1138 1139 1139 1140 1140 1141 1141 1142 1142 1143 1143 1143 1143 1144 1144 1144 1145 1145 1146 1146 1146 1146 1146 1149 1149 1150 1150 1150 1151 1151 1151 1151 1151 1152 1152 1153 1153 1153 1153 1155 1155 1156 1156 1157 1158 1158 1158 1158 1159 1160 1161 1161 1162 1162 1162 1163 1163 1165 1166 1167 1168 1168 1168 1168 1168 1169 1169 1170 1170 1170 1170 1171 1172 1172 1172 1172 1173 1174 1174 1174 1174 1175 1175 1175 1175 1176 1176 1177 1177 1177 1179 1181 1181 1181 1183 1184 1184 1186 1187 1187 1188 1188 1188 1188 1189 1189 1190 1190 1190 1191 1191 1192 1192 1192 1193 1194 1195 1196 1198 1198 1198 1198 1199 1199 1199 1199 1200 1203 1203 1204 1204 1204 1204 1207 1209 1211 1211 1213 1213 1213 1214 1214 1214 1214 1214 1214 1215 1216 1217 1218 1219 1221 1221 1223 1224 1227 1227 1228 1229 1230 1230 1230 1230 1236 1236 1236 1236 1237 1238 1240 1241 1242 1245 1246 1246 1248 1252 1252 1253 1253 1254 1254 1254 1254 1254 1255 1256 1256 1257 1261 1261 1261 1263 1267 1268 1271 1272 1272 1272 1272 1272 1273 1273 1273 1273 1274 1274 1274 1274 1274 1275 1275 1275 1275 1276 1276 1277 1277 1277 1277 1278 1278 1278 1279 1279 1279 1279 1279 1280 1280 1280 1280 1281 1281 1281 1281 1282 1282 1282 1282 1283 1283 1283 1283 1283 1285 1285 1285 1285 1285 1285 1286 1286 1286 1286 1286 1287 1287 1287 1288 1289 1289 1290 1290 1290 1290 1290 1291 1291 1291 1291 1292 1292 1292 1292 1293 1294 1294 1294 1294 1295 1295 1295 1296 1296 1296 1296 1297 1297 1297 1297 1297 1297 1298 1298 1298 1298 1298 1299 1299 1299 1300 1300 1302 1302 1302 1303 1303 1304 1304 1304 1305 1305 1305 1305 1305 1306 1306 1306 1306 1306 1307 1307 1307 1307 1308 1308 1308 1309 1309 1309 1310 1311 1311 1311 1311 1311 1311 1312 1312 1312 1313 1314 1314 1314 1314 1315 1315 1315 1315 1315 1315 1315 1315 1316 1316 1316 1316 1319 1319 1319 1319 1319 1320 1320 1321 1321 1321 1322 1322 1323 1323 1323 1323 1323 1323 1324 1324 1324 1324 1324 1325 1325 1325 1327 1327 1327 1327 1328 1329 1329 1330 1330 1330 1330 1331 1331 1331 1331 1331 1332 1332 1332 1332 1333 1333 1333 1333 1334 1334 1335 1335 1336 1336 1336 1336 1336 1336 1337 1337 1337 1338 1338 1340 1340 1341 1342 1342 1342 1342 1342 1343 1343 1343 1343 1344 1344 1344 1344 1345 1345 1345 1346 1346 1346 1347 1347 1348 1349 1349 1349 1349 1351 1351 1352 1352 1352 1353 1353 1353 1354 1354 1355 1355 1355 1355 1356 1356 1356 1356 1356 1357 1357 1358 1359 1359 1359 1359 1360 1361 1361 1361 1362 1362 1362 1362 1363 1363 1364 1364 1364 1365 1366 1366 1366 1367 1368 1368 1368 1369 1371 1371 1371 1371 1371 1372 1372 1372 1372 1373 1373 1373 1374 1374 1374 1374 1375 1375 1376 1376 1376 1376 1376 1377 1377 1377 1378 1379 1379 1380 1381 1381 1381 1382 1383 1383 1384 1385 1385 1385 1386 1388 1388 1390 1390 1390 1391 1391 1393 1393 1394 1395 1395 1396 1396 1396 1397 1397 1397 1398 1398 1400 1400 1401 1403 1405 1405 1406 1408 1408 1408 1409 1409 1409 1410 1411 1411 1412 1414 1414 1417 1418 1419 1419 1419 1420 1420 1420 1420 1421 1421 1421 1421 1422 1422 1422 1423 1423 1425 1426 1426 1426 1427 1427 1428 1428 1429 1430 1434 1434 1434 1434 1436 1436 1437 1437 1440 1441 1441 1442 1446 1446 1446 1447 1447 1447 1447 1448 1450 1451 1451 1451 1452 1452 1454 1454 1455 1455 1456 1457 1458 1460 1460 1461 1461 1462 1462 1464 1466 1466 1466 1466 1466 1467 1467 1467 1468 1468 1468 1469 1469 1469 1469 1470 1470 1470 1470 1470 1470 1471 1471 1471 1471 1471 1472 1472 1472 1472 1473 1473 1473 1473 1473 1474 1474 1474 1474 1474 1476 1476 1476 1476 1476 1477 1477 1477 1477 1477 1477 1478 1478 1479 1479 1479 1481 1481 1483 1483 1483 1483 1483 1483 1484 1484 1484 1485 1485 1485 1485 1485 1486 1486 1487 1488 1488 1488 1488 1488 1489 1490 1490 1491 1491 1491 1491 1492 1492 1492 1492 1493 1493 1493 1493 1494 1494 1494 1494 1494 1494 1495 1495 1495 1496 1496 1496 1496 1496 1497 1497 1497 1497 1498 1498 1498 1498 1498 1499 1499 1499 1499 1499 1499 1500 1500 1500 1501 1502 1502 1503 1503 1503 1504 1505 1505 1506 1507 1507 1507 1507 1508 1509 1509 1509 1510 1510 1510 1510 1511 1511 1511 1511 1512 1512 1513 1513 1513 1513 1514 1514 1514 1515 1515 1515 1515 1517 1517 1517 1518 1518 1519 1519 1519 1519 1520 1520 1520 1520 1522 1522 1522 1522 1522 1522 1523 1523 1523 1523 1523 1524 1524 1524 1524 1525 1525 1525 1525 1526 1526 1526 1526 1527 1527 1527 1527 1527 1528 1528 1528 1529 1530 1531 1532 1532 1533 1533 1533 1533 1533 1535 1535 1535 1536 1536 1537 1537 1537 1537 1538 1538 1538 1538 1538 1539 1539 1539 1540 1541 1541 1542 1542 1542 1542 1543 1543 1543 1543 1543 1544 1544 1545 1545 1545 1545 1546 1546 1547 1547 1547 1548 1548 1548 1548 1549 1549 1549 1549 1550 1550 1550 1551 1553 1553 1554 1555 1555 1555 1555 1556 1556 1556 1556 1557 1557 1557 1557 1558 1558 1559 1560 1560 1561 1564 1564 1564 1565 1566 1566 1566 1566 1566 1567 1568 1568 1568 1568 1569 1569 1569 1569 1570 1571 1572 1572 1573 1573 1573 1574 1574 1575 1575 1577 1577 1578 1578 1578 1578 1579 1579 1579 1580 1580 1581 1581 1581 1581 1582 1583 1583 1584 1586 1586 1588 1588 1588 1589 1589 1589 1589 1590 1590 1591 1591 1591 1593 1594 1594 1594 1594 1595 1596 1596 1597 1597 1598 1598 1599 1599 1600 1600 1601 1601 1602 1602 1602 1603 1603 1605 1607 1607 1608 1608 1608 1608 1608 1608 1609 1610 1610 1610 1611 1611 1612 1612 1612 1613 1614 1614 1615 1616 1617 1617 1618 1618 1619 1620 1620 1620 1620 1620 1621 1621 1621 1622 1623 1623 1624 1625 1625 1625 1625 1626 1627 1627 1627 1627 1629 1629 1631 1631 1631 1632 1634 1635 1637 1638 1640 1641 1642 1642 1642 1643 1645 1647 1647 1647 1647 1648 1649 1649 1650 1650 1651 1653 1656 1656 1656 1656 1657 1658 1658 1658 1659 1659 1661 1661 1662 1663 1663 1664 1664 1664 1665 1665 1668 1668 1668 1672 1675 1675 1677 1677 1677 1677 1679 1679 1679 1680 1680 1680 1680 1684 1685 1687 1687 1687 1688 1688 1688 1689 1689 1689 1689 1689 1690 1690 1690 1691 1691 1692 1692 1692 1692 1693 1693 1694 1694 1694 1694 1695 1695 1696 1696 1697 1697 1697 1697 1698 1698 1698 1699 1699 1699 1699 1700 1700 1700 1701 1701 1701 1701 1701 1702 1702 1702 1703 1704 1704 1704 1705 1705 1706 1706 1706 1707 1709 1709 1709 1710 1710 1710 1711 1711 1712 1712 1713 1713 1714 1714 1716 1716 1716 1717 1717 1717 1718 1718 1719 1720 1720 1721 1721 1722 1722 1722 1723 1723 1723 1724 1724 1725 1725 1725 1725 1725 1726 1727 1727 1727 1727 1728 1728 1729 1730 1730 1730 1731 1731 1731 1732 1734 1734 1734 1734 1734 1735 1735 1737 1738 1738 1740 1740 1741 1742 1742 1742 1743 1743 1745 1745 1745 1745 1746 1746 1746 1747 1747 1747 1747 1748 1748 1749 1750 1750 1751 1752 1752 1753 1753 1753 1754 1754 1754 1756 1756 1756 1757 1757 1757 1758 1759 1759 1760 1761 1762 1762 1763 1763 1765 1766 1767 1769 1769 1770 1770 1770 1771 1771 1772 1772 1772 1772 1772 1774 1775 1776 1776 1778 1779 1780 1780 1782 1782 1784 1786 1786 1788 1789 1790 1791 1792 1793 1794 1796 1797 1797 1798 1798 1798 1798 1800 1801 1806 1807 1808 1814 1815 1819 1827 1828 1829 1830 1831 1832 1836 1840 1842
</DataArray>
        <DataArray type="Int64" Name="particle_2" NumberOfComponents="1" format="ascii">
129 134 196 182 35 206 16 165 153 326 48 358 22 51 57 112 176 227 269 70 57 144 118 125 232 312 53 206 277 221 304 56 180 126 136 78 32 97 152 351 48 105 130 31 148 285 295 47 332 276 591 481 188 82 61 60 196 53 46 92 151 192 102 41 118 183 42 175 75 171 291 54 168 322 99 178 108 189 142 147 60 152 130 61 46 174 70 133 213 30 48 238 261 423 164 54 127 294 48 369 331 106 71 66 61 148 363 140 364 145 344 463 638 158 88 285 172 154 43 73 114 189 142 151 60 144 177 110 37 107 73 147 250 138 165 74 115 84 64 167 96 168 190 98 37 51 126 244 133 197 95 178 236 109 130 89 182 129 182 137 80 287 293 171 366 144 98 166 101 118 232 83 111 135 114 86 86 351 322 48 199 73 312 138 156 372 196 117 206 327 102 363 225 365 248 165 290 164 115 86 174 132 101 60 332 120 136 168 341 347 538 121 123 76 89 176 208 145 298 200 113 249 171 300 360 337 121 186 273 214 117 111 135 101 183 322 341 382 112 106 104 67 195 187 366 371 219 170 83 298 93 190 301 92 188 91 150 377 179 250 86 197 317 78 79 186 127 170 193 147 148 175 287 95 161 91 90 151 295 332 118 119 208 120 167 273 152 249 234 486 534 97 294 213 99 98 265 107 129 174 126 161 195 103 250 319 109 151 128 301 193 154 209 166 190 302 213 198 322 289 162 128 145 103 192 344 207 106 108 236 295 105 267 188 178 108 382 137 195 363 185 364 192 197 265 338 183 113 299 132 244 134 375 298 333 156 165 120 155 295 175 257 170 189 128 150 160 130 196 155 267 363 187 318 199 250 143 197 213 164 379 161 364 382 285 279 155 227 137 177 382 163 232 298 143 302 213 182 366 250 306 358 280 151 363 295 175 302 290 243 347 281 186 186 206 149 260 192 353 173 158 267 172 250 286 153 267 302 213 277 303 364 463 231 200 326 286 296 367 179 173 169 180 168 190 294 322 463 299 236 364 185 371 576 219 294 169 618 321 316 341 358 369 179 366 291 381 279 180 276 375 260 246 324 236 208 187 203 311 208 280 196 364 200 228 377 225 206 246 303 209 204 273 332 481 252 493 485 304 229 446 318 227 251 346 223 222 240 241 210 352 277 221 332 228 638 591 341 370 299 644 272 330 532 541 735 282 397 228 362 553 252 233 223 273 379 274 384 594 247 406 533 415 563 264 639 357 423 452 467 353 638 239 278 553 513 311 405 340 585 603 414 371 263 315 379 392 618 290 261 313 419 363 592 365 287 328 455 237 556 381 353 354 277 486 304 240 418 538 461 406 543 344 383 648 235 319 553 630 292 379 277 392 359 309 542 364 346 310 367 534 463 569 359 545 479 277 308 347 538 482 384 645 558 391 605 322 331 347 641 246 423 380 307 345 415 522 592 365 648 405 286 354 362 288 365 549 599 368 348 292 644 355 329 269 523 283 354 569 333 553 468 493 587 570 475 368 304 308 315 418 403 594 309 512 579 401 373 369 331 380 559 324 645 558 523 603 349 640 358 334 548 477 373 307 291 378 561 360 556 314 336 381 630 418 313 293 523 596 414 640 431 605 581 650 638 278 405 542 348 367 288 534 357 441 286 284 281 627 418 654 555 559 419 461 426 365 481 378 599 379 542 298 286 290 482 532 329 615 402 562 527 349 504 332 368 486 381 287 381 293 296 355 630 538 326 392 328 317 389 366 371 298 361 337 345 594 350 343 353 569 320 477 337 603 645 351 308 561 315 538 384 496 356 367 334 627 316 345 384 337 338 339 594 513 340 398 378 599 580 585 643 314 592 512 418 441 608 654 651 556 587 448 317 336 373 610 327 507 365 328 372 361 356 375 366 576 370 556 507 506 375 576 408 548 352 561 381 378 450 469 355 501 583 735 555 361 644 357 547 583 348 411 613 561 570 573 611 627 507 342 405 573 456 577 594 350 563 439 510 477 645 558 391 455 549 527 538 567 394 556 526 506 374 632 530 554 501 354 362 355 372 408 423 532 608 546 639 463 545 550 523 368 630 591 539 629 618 477 558 414 504 595 558 610 522 503 383 528 406 610 519 749 410 759 758 763 613 811 631 718 490 578 516 588 451 417 681 411 475 492 680 438 541 583 613 614 434 573 649 652 524 691 431 510 534 418 559 546 467 409 818 485 613 475 525 500 646 425 450 491 582 825 422 621 614 397 441 409 795 402 697 542 598 699 442 799 695 714 764 489 512 805 797 517 621 570 573 504 537 624 484 775 591 493 482 593 611 616 442 535 691 644 548 651 818 816 636 683 568 492 646 628 572 811 512 585 488 574 581 496 439 529 528 426 647 736 622 683 919 715 621 654 589 497 616 554 443 612 503 586 578 434 582 706 858 639 559 456 590 563 473 519 622 501 583 572 634 434 604 461 528 457 805 520 687 790 614 795 480 795 706 806 656 749 697 816 517 483 749 609 554 451 642 454 805 659 606 537 613 795 490 655 574 679 524 732 474 691 745 562 797 619 728 688 665 780 799 809 578 468 501 584 445 634 541 608 487 620 540 625 777 691 495 449 720 810 770 544 760 450 629 614 649 818 483 685 506 611 624 516 459 782 735 764 615 514 548 546 600 653 628 601 493 585 587 527 621 654 594 652 466 458 502 602 617 494 554 701 465 733 478 730 726 555 509 466 466 543 514 635 502 467 528 476 623 494 792 810 807 543 479 501 600 595 609 612 687 484 673 772 520 484 781 772 533 593 816 683 500 531 722 493 567 505 619 566 558 492 811 658 569 547 584 646 699 722 821 561 599 580 641 533 509 623 636 819 685 606 629 570 630 525 611 659 549 527 615 562 637 806 821 774 628 598 599 579 609 650 597 535 625 777 784 610 543 586 514 533 557 551 816 521 554 691 516 597 792 812 614 588 789 605 701 595 607 525 659 665 699 530 609 624 616 632 545 584 557 593 522 554 578 520 679 781 756 579 592 699 722 625 745 577 622 662 697 728 655 680 671 730 788 531 816 656 536 574 606 573 616 554 525 699 570 649 643 552 537 624 643 552 563 593 588 632 573 614 652 590 697 548 654 563 630 575 624 544 540 673 732 662 720 759 552 575 687 561 570 575 687 790 630 567 593 624 547 553 572 585 628 651 623 583 641 589 636 608 589 588 948 580 653 577 811 646 753 598 753 647 619 700 872 628 571 668 685 649 611 579 598 655 584 634 604 587 596 732 642 782 805 595 783 604 626 631 734 684 721 715 623 654 651 652 609 624 607 701 733 655 615 721 811 709 635 636 683 716 715 789 820 645 701 640 792 761 807 784 795 819 739 820 637 659 699 790 799 652 759 818 720 675 721 709 768 630 811 684 645 640 825 677 814 636 683 736 648 701 674 718 700 652 732 818 680 722 745 740 817 930 729 709 976 805 665 893 952 755 822 724 930 808 975 801 997 720 686 723 744 932 707 746 899 846 975 805 671 848 1186 845 799 936 861 1015 750 728 688 979 751 694 720 675 686 961 676 891 716 763 833 958 742 804 979 712 751 765 1194 831 826 761 771 782 733 787 973 745 692 714 719 824 891 971 734 814 1013 825 706 734 858 902 922 804 788 823 753 782 953 948 733 893 787 759 858 767 842 819 688 700 744 759 758 723 833 903 752 751 872 899 930 912 711 861 1015 853 844 906 722 821 695 743 873 979 785 885 960 851 749 785 778 815 809 876 714 1015 719 882 912 800 983 892 786 842 809 819 739 843 707 704 978 804 746 802 924 739 813 968 1004 1015 743 1012 864 725 797 728 744 739 904 900 767 981 768 715 798 780 876 894 915 728 918 979 752 769 787 974 755 962 777 746 719 871 824 791 953 759 791 801 757 952 859 809 747 984 770 806 1007 745 810 919 770 961 965 826 784 735 795 825 753 900 780 976 894 806 749 728 979 793 1019 859 982 748 766 767 738 920 853 914 911 769 825 902 795 918 890 858 766 842 902 793 944 885 914 775 771 806 766 796 903 798 836 991 889 1021 876 796 853 815 1007 758 799 826 900 766 788 754 985 1007 848 844 905 906 932 918 1001 936 1022 980 916 840 857 781 802 899 882 803 987 873 778 792 803 930 843 978 947 922 855 885 1194 926 821 944 768 900 786 894 842 920 774 782 810 871 971 826 817 797 814 918 976 915 1022 826 833 870 960 894 910 1010 911 1008 876 790 826 899 919 792 871 808 1007 1018 936 968 804 799 826 813 798 858 979 807 803 930 987 873 940 825 948 964 1000 817 1003 1019 930 823 845 823 848 858 812 810 965 971 952 893 900 987 904 1021 852 947 960 967 958 904 850 882 947 968 876 933 1178 846 950 946 1239 830 1138 917 864 886 999 1115 1078 1212 954 908 933 1182 1033 1014 1229 1138 967 1011 1154 971 997 1017 1226 961 891 958 836 998 925 1125 1202 1059 1017 1209 928 1098 1140 903 849 927 975 950 1003 997 946 1066 1154 977 934 995 1226 1098 996 1053 1002 904 1148 1220 931 970 872 861 1010 881 929 905 959 860 1015 924 906 1145 1057 1209 998 1250 1207 1251 1059 936 985 958 901 889 1209 1220 1233 978 966 943 1058 977 922 1013 890 876 1231 938 1206 1238 1136 902 1013 1020 890 1074 1194 989 926 887 1132 1023 1018 988 955 1178 1262 884 983 936 915 985 904 1004 1076 1022 1208 1197 1266 1051 1231 1012 999 951 944 984 1231 992 970 1096 966 945 1206 1243 916 1066 1098 1004 964 907 986 984 886 875 891 993 1051 1041 1228 960 940 923 957 934 1074 926 883 1167 977 1023 1005 983 892 1242 1129 1161 1014 1242 1176 1215 1131 948 973 1210 1022 980 912 1020 1139 994 905 959 1171 1014 940 1058 984 923 957 890 1023 1098 1140 1227 1036 927 1000 907 926 901 1060 1055 1019 965 976 1201 1208 1269 1185 1032 1181 988 937 898 1125 1202 1080 1159 1121 1052 909 1059 1128 957 1148 953 974 924 1155 1057 1000 997 955 933 1119 1133 1210 988 1125 981 1022 917 924 1145 1003 959 1055 955 1133 1073 972 970 952 1017 933 1124 1108 923 999 1265 922 1001 953 921 1166 992 1008 1016 973 974 991 1058 1067 959 1140 1182 1110 1118 974 962 1124 998 1140 1060 1209 1233 996 1186 1113 1076 986 1206 937 1134 1205 990 1262 1124 966 1233 1205 1206 969 1171 1078 1045 1229 1142 1227 1150 1147 1000 1210 998 1052 1011 1009 1011 1132 1068 1232 1055 955 1119 1073 1195 953 973 1226 951 1193 1264 1130 1012 1165 1066 1057 1226 1078 1239 1193 1265 1042 1062 1267 1003 1167 977 1067 1247 1184 1087 1148 1212 996 1055 967 1260 1148 974 991 988 1248 969 999 1228 1045 1054 968 1004 1021 1000 971 1017 1260 1148 1134 979 1155 1266 1024 1041 1013 1016 1074 997 1017 1133 1183 1038 1284 1017 1145 982 1009 1076 985 990 1249 1242 1012 1060 1186 1220 1223 1156 1238 1001 1000 1016 1237 1032 1023 1082 1102 1023 1257 1243 1029 1205 1062 1053 1116 1231 1248 1078 1178 1033 1092 1082 1105 1232 1206 1223 1016 1266 1248 1231 1266 1154 1020 1113 1176 1211 1201 1108 1210 1073 1220 1197 1197 1113 1163 1041 1180 1244 1429 1141 1031 1400 1174 1431 1192 1424 1256 1264 1072 1075 1173 1046 1392 1217 1126 1457 1103 1360 1102 1258 1107 1240 1221 1106 1191 1111 1438 1445 1392 1328 1394 1391 1237 1164 1228 1043 1133 1173 1406 1293 1081 1613 1094 1429 1320 1328 1264 1053 1110 1173 1100 1191 1120 1254 1433 1225 1240 1403 1217 1301 1261 1103 1286 1142 1138 1198 1237 1334 1185 1367 1149 1429 1212 1267 1175 1180 1135 1334 1252 1065 1407 1101 1138 1049 1219 1160 1137 1293 1230 1138 1300 1431 1351 1238 1203 1111 1143 1185 1270 1156 1264 1253 1234 1219 1106 1078 1334 1200 1339 1169 1108 1074 1167 1251 1202 1203 1071 1226 1115 1195 1222 1170 1115 1212 1101 1131 1268 1373 1326 1116 1234 1136 1341 1130 1183 1072 1245 1075 1404 1119 1098 1089 1212 1257 1132 1235 1243 1258 1091 1179 1430 1084 1254 1185 1270 1083 1263 1202 1100 1089 1182 1153 1093 1195 1225 1096 1138 1112 1218 1641 1393 1193 1131 1198 1099 1364 1118 1200 1159 1404 1307 1641 1139 1236 1157 1149 1401 1276 1413 1122 1430 1222 1287 1415 1358 1255 1302 1184 1236 1354 1240 1217 1116 1177 1175 1384 1179 1110 1387 1415 1256 1292 1206 1147 1177 1122 1120 1182 1118 1172 1161 1228 1244 1354 1104 1317 1348 1167 1269 1164 1142 1101 1320 1435 1160 1123 1157 1299 1251 1234 1191 1463 1267 1127 1235 1247 1107 1360 1311 1430 1341 1143 1317 1399 1164 1196 1244 1236 1402 1384 1191 1137 1236 1403 1248 1237 1367 1576 1136 1203 1341 1219 1191 1351 1338 1229 1250 1238 1128 1255 1226 1253 1161 1271 1387 1246 1152 1125 1151 1130 1183 1258 1177 1301 1254 1128 1199 1213 1232 1188 1259 1176 1157 1318 1175 1350 1158 1267 1445 1320 1160 1425 1249 1195 1195 1235 1178 1243 1147 1270 1318 1453 1179 1430 1439 1343 1348 1245 1269 1196 1209 1251 1196 1386 1239 1193 1430 1443 1361 1436 1232 1258 1259 1169 1165 1284 1216 1287 1218 1465 1228 1276 1220 1227 1207 1182 1202 1173 1407 1406 1222 1288 1183 1284 1170 1218 1231 1171 1250 1238 1270 1384 1341 1317 1348 1414 1424 1215 1222 1237 1164 1184 1270 1180 1239 1208 1265 1204 1399 1427 1418 1585 1249 1239 1404 1287 1415 1365 1239 1284 1407 1216 1200 1191 1402 1187 1310 1576 1184 1267 1416 1190 1180 1198 1257 1243 1350 1317 1196 1244 1367 1195 1267 1392 1262 1386 1422 1206 1223 1241 1430 1216 1200 1392 1304 1394 1293 1230 1245 1387 1415 1264 1260 1245 1386 1211 1412 1431 1398 1203 1414 1436 1449 1406 1250 1224 1259 1357 1383 1410 1227 1227 1215 1300 1414 1449 1339 1453 1435 1413 1398 1419 1356 1271 1465 1310 1365 1304 1403 1301 1238 1255 1233 1234 1334 1252 1463 1613 1417 1289 1247 1386 1240 1389 1248 1241 1416 1443 1249 1300 1326 1292 1266 1318 1435 1267 1384 1350 1357 1317 1353 1410 1443 1412 1395 1416 1350 1360 1353 1444 1445 1364 1412 1418 1521 1467 1561 1446 1417 1516 1345 1368 1419 1592 1329 1382 1577 1339 1289 1385 1456 1429 1419 1376 1574 1486 1631 1317 1475 1467 1435 1431 1398 1432 1377 1375 1366 1636 1559 1406 1414 1613 1393 1330 1411 1513 1567 1646 1503 1478 1490 1517 1570 1480 1495 1577 1560 1619 1409 1353 1363 1475 1324 1365 1358 1312 1562 1303 1308 1306 1660 1584 1764 1567 1641 1671 1682 1344 1395 1375 1530 1366 1332 1443 1383 1585 1295 1302 1421 1557 1402 1403 1340 1363 1432 1424 1592 1423 1370 1480 1380 1377 1562 1330 1530 1413 1313 1464 1431 1387 1449 1426 1657 1613 1345 1425 1338 1343 1321 1396 1322 1655 1525 1378 1562 1330 1547 1609 1380 1365 1332 1504 1368 1681 1455 1358 1562 1458 1391 1646 1372 1363 1355 1565 1490 1452 1504 1458 1442 1325 1434 1579 1630 1440 1337 1506 1329 1450 1508 1381 1478 1373 1326 1390 1604 1391 1592 1457 1329 1447 1435 1432 1353 1410 1427 1654 1471 1360 1348 1516 1454 1467 1561 1502 1632 1441 1333 1451 1671 1681 1408 1370 1666 1564 1369 1592 1372 1420 1332 1423 1644 1660 1561 1369 1638 1537 1528 1351 1380 1347 1345 1355 1632 1654 1674 1453 1445 1449 1456 1448 1346 1530 1486 1536 1481 1442 1534 1653 1347 1343 1403 1422 1438 1352 1426 1633 1637 1434 1388 1347 1370 1516 1660 1580 1567 1634 1613 1660 1593 1382 1377 1558 1423 1411 1352 1422 1459 1532 1617 1404 1424 1361 1426 1368 1433 1357 1552 1392 1402 1457 1475 1454 1467 1398 1606 1382 1448 1487 1552 1427 1378 1444 1442 1534 1460 1439 1436 1399 1521 1584 1529 1645 1662 1459 1502 1413 1398 1437 1378 1562 1541 1616 1444 1417 1561 1405 1516 1395 1375 1530 1640 1639 1391 1506 1646 1420 1398 1606 1395 1482 1540 1441 1582 1395 1604 1464 1437 1487 1512 1461 1448 1423 1644 1415 1421 1673 1404 1577 1675 1595 1432 1443 1399 1439 1393 1518 1408 1389 1439 1447 1464 1461 1493 1534 1506 1671 1682 1425 1448 1530 1561 1515 1563 1452 1504 1489 1412 1435 1429 1444 1442 1409 1624 1665 1463 1456 1686 1630 1433 1459 1482 1418 1516 1624 1431 1463 1428 1438 1673 1442 1534 1437 1478 1517 1566 1484 1521 1673 1637 1575 1576 1646 1503 1424 1666 1592 1436 1428 1557 1540 1462 1436 1681 1444 1443 1681 1557 1501 1590 1438 1449 1442 1653 1444 1617 1582 1551 1673 1637 1537 1592 1570 1480 1454 1574 1506 1475 1582 1655 1504 1682 1564 1654 1555 1501 1626 1565 1609 1551 1571 1600 1531 1673 1587 1606 1639 1803 1635 1485 1828 1475 1561 1654 1614 1833 1824 1665 1542 1730 1586 1744 1539 1706 1588 1691 1709 1632 1674 1533 1816 1744 1597 1739 1498 1586 1670 1846 1591 1700 1690 1602 1629 1717 1729 1701 1563 1664 1629 1750 1823 1494 1509 1546 1687 1792 1656 1508 1519 1619 1546 1758 1513 1635 1782 1750 1728 1707 1825 1755 1490 1564 1648 1640 1559 1737 1708 1828 1487 1558 1495 1559 1549 1708 1828 1818 1609 1565 1674 1684 1769 1680 1766 1605 1803 1737 1832 1604 1640 1531 1678 1595 1599 1505 1783 1687 1603 1577 1560 1505 1508 1628 1519 1684 1833 1748 1635 1821 1809 1630 1544 1846 1838 1733 1664 1572 1774 1750 1793 1801 1609 1612 1634 1620 1646 1676 1576 1628 1532 1584 1600 1509 1576 1676 1648 1649 1526 1675 1531 1605 1607 1645 1775 1538 1834 1769 1783 1556 1839 1551 1683 1644 1666 1558 1764 1551 1571 1683 1583 1528 1621 1663 1622 1676 1824 1682 1686 1599 1652 1769 1824 1533 1563 1837 1750 1624 1764 1748 1542 1821 1611 1615 1556 1813 1661 1717 1666 1558 1615 1765 1673 1655 1548 1563 1840 1650 1693 1790 1803 1748 1736 1809 1573 1615 1813 1602 1682 1541 1554 1622 1676 1582 1655 1744 1817 1621 1655 1587 1837 1640 1803 1563 1664 1667 1663 1634 1670 1611 1642 1789 1648 1816 1790 1655 1639 1553 1638 1665 1670 1730 1715 1586 1685 1702 1698 1686 1568 1659 1662 1642 1822 1560 1605 1644 1553 1764 1673 1664 1572 1601 1553 1635 1598 1596 1590 1838 1610 1571 1612 1635 1581 1593 1580 1579 1670 1652 1783 1650 1758 1657 1637 1575 1651 1560 1748 1640 1605 1703 1633 1565 1583 1615 1570 1577 1595 1652 1619 1783 1670 1700 1733 1658 1731 1635 1828 1809 1785 1577 1675 1587 1774 1821 1757 1796 1606 1604 1637 1601 1653 1595 1643 1843 1588 1787 1686 1739 1625 1671 1618 1678 1737 1708 1712 1643 1648 1816 1609 1667 1594 1840 1790 1705 1777 1684 1805 1814 1637 1804 1846 1594 1713 1624 1804 1714 1702 1713 1672 1785 1719 1626 1651 1732 1669 1675 1769 1672 1623 1804 1774 1765 1730 1661 1783 1692 1803 1623 1792 1670 1611 1806 1685 1789 1820 1616 1774 1714 1763 1764 1668 1616 1659 1669 1641 1829 1840 1619 1636 1632 1829 1686 1775 1703 1633 1638 1665 1667 1715 1816 1629 1679 1628 1672 1677 1638 1645 1846 1834 1700 1657 1837 1793 1707 1825 1663 1701 1640 1678 1737 1829 1732 1764 1667 1765 1678 1660 1732 1808 1754 1744 1670 1714 1733 1713 1743 1652 1843 1744 1779 1711 1657 1683 1849 1718 1736 1749 1681 1700 1753 1799 1662 1845 1703 1736 1775 1715 1794 1667 1715 1746 1670 1739 1821 1726 1798 1777 1777 1684 1777 1687 1805 1756 1706 1782 1728 1833 1779 1693 1841 1833 1698 1849 1831 1811 1792 1718 1749 1758 1736 1729 1796 1751 1789 1722 1799 1728 1800 1736 1839 1710 1695 1840 1841 1845 1719 1724 1771 1849 1831 1787 1709 1820 1760 1799 1740 1795 1722 1791 1758 1839 1802 1751 1789 1753 1731 1823 1741 1728 1795 1810 1746 1847 1791 1748 1708 1835 1818 1709 1773 1813 1767 1741 1787 1787 1773 1755 1749 1757 1720 1807 1745 1784 1788 1722 1819 1838 1847 1766 1841 1752 1813 1758 1767 1737 1792 1845 1757 1796 1814 1780 1815 1791 1848 1806 1820 1827 1726 1785 1814 1839 1780 1752 1807 1732 1795 1802 1826 1761 1755 1761 1741 1806 1794 1786 1733 1819 1768 1764 1793 1801 1825 1850 1735 1776 1850 1835 1818 1785 1815 1819 1802 1786 1815 1826 1847 1768 1790 1767 1773 1800 1804 1823 1830 1828 1835 1759 1844 1803 1821 1788 1793 1776 1826 1841 1812 1822 1760 1799 1845 1760 1781 1792 1778 1811 1832 1809 1827 1839 1785 1844 1781 1800 1840 1812 1850 1842 1821 1841 1790 1814 1779 1772 1810 1791 1781 1797 1823 1776 1810 1791 1836 1801 1822 1830 1810 1784 1814 1831 1811 1817 1787 1792 1796 1795 1832 1808 1812 1848 1849 1837 1823 1826 1808 1798 1820 1808 1844 1827 1802 1830 1821 1839 1820 1831 1820 1848 1844 1835 1843 1836 1839 1835 1842 1843 1847
</DataArray>
        <DataArray type="Float64" Name="center_distance" NumberOfComponents="1" format="ascii">
0.00159989285576 0.001599937862 0.00159908540756 0.00159942442914 0.00159908042778 0.00159956832054 0.0015989898539 0.00159965069375 0.00159934103442 0.00159975455044 0.00159992855562 0.00159953218766 0.00159952045861 0.00159930154467 0.00159953392127 0.00159968677924 0.00159943721667 0.00159953540969 0.00159957055013 0.00159935240468 0.00159958880466 0.00159956937356 0.00159954850852 0.00159906480966 0.00159949003365 0.00159989948271 0.00159973443477 0.00159984795815 0.00159988464093 0.00159996685632 0.00159976802526 0.00159967052165 0.00159988735538 0.0015996273479 0.00159902100795 0.00159883043814 0.00159925307331 0.00159953625986 0.00159967573786 0.00159947393147 0.00159888650891 0.00159951889342 0.0015994119121 0.00159954824993 0.00159955577921 0.00159910918337 0.00159943671562 0.00159974762473 0.0015994015509 0.00159950470203 0.00159974099247 0.0015993847059 0.00159925418042 0.00159979683325 0.00159960128395 0.00159933887192 0.00159964542255 0.00159984042734 0.00159945718125 0.00159944777644 0.00159966787907 0.00159977439894 0.00159951197946 0.00159945690754 0.00159971542082 0.00159954566047 0.0015996240772 0.00159893644865 0.00159964619316 0.00159948071445 0.00159966534246 0.00159977559413 0.00159977818394 0.00159957558574 0.00159970494183 0.00159979637154 0.00159920629863 0.00159975440338 0.0015996881257 0.00159970957409 0.00159971415629 0.00159959506709 0.00159964040627 0.0015999505312 0.00159966515999 0.00159965991697 0.00159938143867 0.00159969376061 0.00159952483233 0.00159961048928 0.00159953661569 0.00159990344639 0.00159957898948 0.00159958270582 0.00159994136877 0.00159947475884 0.00159946643999 0.00159917176642 0.00159918260289 0.00159980718265 0.00159929434995 0.0015990456092 0.00159978285272 0.00159948543799 0.0015995187375 0.00159927426872 0.0015995215027 0.00159945012046 0.00159931678989 0.00159946014865 0.00159981198663 0.00159963931408 0.00159925152622 0.00159975375958 0.00159942083559 0.00159912662638 0.00159975842094 0.0015998682196 0.00159985269693 0.00159972529777 0.00159980475321 0.00159989632598 0.00159960169907 0.00159948968368 0.00159930157462 0.00159950952529 0.00159970871027 0.00159950394052 0.00159953334052 0.0015996703801 0.00159976355185 0.00159923029416 0.00159930295204 0.00159940117212 0.00159921448818 0.00159970560045 0.00159995796634 0.0015999095044 0.00159938949106 0.00159969637925 0.00159966067185 0.00159950841892 0.00159936240052 0.00159954815508 0.00159920108284 0.00159880687353 0.00159968629969 0.00159988035585 0.00159954771362 0.00159893117351 0.00159979919019 0.00159983010559 0.00159977734881 0.00159954372983 0.00159988852898 0.00159968415978 0.00159958227422 0.00159925980329 0.0015995164313 0.00159934314106 0.00159912981724 0.00159938865483 0.00159950966533 0.00159957983388 0.00159954530306 0.00159974718587 0.00159982371978 0.00159984525934 0.00159926045733 0.00159959962806 0.0015996218138 0.00159988442375 0.00159933851284 0.00159989517 0.0015996141425 0.00159959952004 0.00159943797464 0.00159961037376 0.00159968444343 0.00159964388829 0.00159923239613 0.00159983350126 0.00159992818451 0.00159931569069 0.00159973019068 0.00159968775335 0.00159938886329 0.00159967964631 0.00159958098327 0.00159909069845 0.00159938384223 0.00159948100749 0.00159971208017 0.00159981466171 0.00159934275393 0.00159951287106 0.00159890819328 0.00159981638294 0.00159994557541 0.00159983069036 0.00159962557946 0.00159945465446 0.00159919869902 0.00159972007154 0.00159976463167 0.00159997385928 0.00159978940615 0.00159952771481 0.00159924326553 0.00159998014358 0.00159926168348 0.00159965737075 0.0015997746958 0.00159980357838 0.00159973927362 0.00159898004464 0.00159938311035 0.0015993712259 0.00159996355066 0.00159940081117 0.00159980637982 0.00159914621753 0.00159948859344 0.00159966138419 0.00159974037834 0.00159955937735 0.00159946831234 0.00159969262688 0.00159903719073 0.00159981503074 0.00159969629266 0.00159995874711 0.0015999177324 0.00159991354575 0.00159994602441 0.00159947965307 0.00159940459831 0.00159970946546 0.00159945190805 0.00159957855154 0.00159905045437 0.00159887035537 0.00159943671674 0.00159967389144 0.00159991444612 0.00159997518553 0.0015999849677 0.00159976690586 0.00159995641368 0.00159980577024 0.00159992373187 0.00159913677043 0.00159990976764 0.00159980184138 0.00159984335082 0.00159989599577 0.00159993878562 0.00159996350361 0.00159993773016 0.0015999235462 0.0015993184007 0.00159956736327 0.0015996465074 0.00159962761336 0.00159894059177 0.00159880159278 0.001599686755 0.00159991211396 0.00159979935782 0.00159836398933 0.00159933912129 0.0015992502836 0.00159978773024 0.001599726709 0.00159964887549 0.00159942737976 0.00159961158875 0.00159979222986 0.00159979805816 0.00159963931406 0.00159993286782 0.00159986209745 0.00159997025154 0.00159998029772 0.0015999075162 0.0015992429793 0.00159957710782 0.00159949932888 0.00159960533259 0.00159988700105 0.00159927269298 0.00159951990122 0.00159940179685 0.00159920288504 0.00159953697103 0.00159922107412 0.00159916306807 0.00159973348938 0.00159935606366 0.00159974921333 0.00159954824958 0.0015995769558 0.00159924580427 0.00159943631904 0.00159991058003 0.00159991141713 0.001599686351 0.00159969117514 0.00159942913528 0.00159997054324 0.00159960174619 0.00159983600421 0.0015997114863 0.00159971530909 0.00159912507789 0.0015991272939 0.00159988592826 0.00159986666896 0.0015998170578 0.00159991598519 0.00159946660275 0.00159937184453 0.00159869430473 0.00159912826949 0.00159954601631 0.0015993481847 0.00159931470906 0.0015990814817 0.00159954298584 0.00159950931291 0.00159931093654 0.00159969536248 0.0015988698575 0.00159959308773 0.00159976188317 0.00159992862577 0.00159923630935 0.00159910276182 0.00159964915306 0.00159935748505 0.00159958772191 0.00159949804028 0.00159967927702 0.00159920588186 0.00159929020098 0.00159987200115 0.00159989428486 0.00159977616406 0.00159928191118 0.00159934151235 0.00159986920463 0.0015995100995 0.00159925937284 0.00159978633088 0.00159974052719 0.00159977834781 0.00159963493075 0.00159995779418 0.00159967862903 0.00159965519029 0.00159970739863 0.00159961596585 0.00159997562398 0.00159987580091 0.00159976888968 0.00159994066741 0.00159978293485 0.00159970996886 0.00159943630871 0.00159944245186 0.00159974520726 0.00159951953965 0.00159992129935 0.00159945042834 0.00159947751106 0.00159879120486 0.00159958267063 0.00159957124031 0.0015995245394 0.00159983760836 0.00159947914998 0.00159961094043 0.00159946318441 0.00159950913565 0.00159982183285 0.00159989060045 0.00159991700208 0.00159998064733 0.00159923329595 0.00159955127667 0.00159949036493 0.00159927611484 0.00159987785229 0.00159985254527 0.00159959315698 0.0015991371266 0.0015994314933 0.00159953586373 0.00159907519389 0.0015994918847 0.00159943666797 0.00159912499333 0.00159948536115 0.00159961115379 0.00159969987505 0.0015999809277 0.00159936357499 0.00159889987945 0.00159945626015 0.00159931934594 0.0015997318877 0.00159929294669 0.00159929194323 0.00159929438976 0.00159957538091 0.00159977151328 0.00159975370012 0.00159983572293 0.00159893079572 0.00159976811841 0.00159981489149 0.00159961485155 0.00159987171791 0.00159923070952 0.00159871608309 0.00159895003635 0.00159973678988 0.00159970961784 0.00159961196315 0.0015996696075 0.00159958459103 0.00159955111001 0.00159970800773 0.00159968535396 0.00159935338763 0.00159965170564 0.00159972453207 0.00159952496794 0.00159923952617 0.00159992555357 0.00159976409341 0.0015997706865 0.00159963404871 0.00159935252266 0.0015998563508 0.00159991832891 0.00159990715714 0.00159964406934 0.00159958659047 0.00159962253271 0.0015994850212 0.00159967307803 0.00159991405012 0.00159977985696 0.00159932807739 0.00159912760256 0.00159967056136 0.00159995290604 0.0015999415395 0.00159970536587 0.0015992483304 0.00159957932132 0.00159965105273 0.00159988348032 0.00159941003713 0.0015994128285 0.00159957463186 0.00159994575336 0.00159966784719 0.001598762344 0.00159905247597 0.00159889868785 0.00159996959273 0.00159946415398 0.00159972048451 0.00159932934064 0.00159969100706 0.00159959069507 0.00159960565538 0.00159971392321 0.00159954481684 0.00159887680952 0.00159956974804 0.00159948600811 0.00159943269902 0.00159988250451 0.00159902141299 0.0015994050247 0.00159994953494 0.00159909527363 0.00159971650319 0.00159970565068 0.00159937519609 0.00159950506602 0.0015995270541 0.00159972978071 0.00159961656846 0.00159965269726 0.00159981733732 0.00159968908742 0.00159964858612 0.00159976352783 0.00159939562875 0.0015995794088 0.00159975064804 0.001599931555 0.00159977790836 0.00159975860174 0.00159980357886 0.00159978074538 0.00159981128403 0.00159949756153 0.00159971761033 0.00159965753646 0.00159939177027 0.00159959818419 0.00159953332559 0.001599662183 0.00159987055178 0.00159949958249 0.00159959114065 0.00159896391035 0.00159924477178 0.00159936851508 0.00159968712101 0.00159972539315 0.00159946969039 0.00159926645362 0.00159962805803 0.00159987138914 0.00159966892901 0.00159972381559 0.00159995320868 0.0015998591231 0.00159993416317 0.00159981118284 0.00159930128929 0.0015991268821 0.00159930383857 0.00159964186152 0.00159946611171 0.00159960106742 0.00159956716102 0.0015993662936 0.00159950960114 0.00159986648582 0.00159957806882 0.00159992494451 0.00159975592371 0.00159956437678 0.00159908408633 0.00159945883772 0.00159932452966 0.00159951429296 0.00159920500301 0.00159961075168 0.00159970942076 0.00159941439743 0.00159996159452 0.00159946535449 0.00159988674909 0.00159936036267 0.00159987264955 0.00159982791034 0.00159974250091 0.00159975761472 0.00159976120717 0.00159991545851 0.00159940032017 0.00159916425303 0.00159922852801 0.00159953483316 0.00159972261959 0.00159944600075 0.00159911225219 0.00159894489551 0.00159979665183 0.00159917291625 0.00159988025801 0.00159900538461 0.00159914113266 0.00159954223698 0.00159946607038 0.00159949024925 0.00159972824105 0.00159976371525 0.00159986922556 0.00159953457419 0.00159948816441 0.00159952113384 0.00159936600281 0.00159950578253 0.00159933034315 0.00159996702146 0.00159966600032 0.00159928788635 0.00159960064092 0.00159979838489 0.00159978231553 0.00159994293382 0.00159978129518 0.00159966267267 0.00159974992782 0.00159947715681 0.00159939936589 0.00159953709624 0.00159963684996 0.00159989270289 0.00159989631177 0.00159994853309 0.00159992284778 0.00159981598984 0.00159992230858 0.00159975118336 0.0015999523915 0.00159954404744 0.00159984197771 0.00159980903257 0.00159980417646 0.00159990421602 0.00159980975816 0.0015997933476 0.0015993732804 0.00159962712714 0.00159954408906 0.0015994512195 0.00159944601681 0.0015991430258 0.00159970070346 0.00159990305341 0.00159993298143 0.00159990228012 0.00159995539827 0.00159980353609 0.00159937027744 0.00159953089178 0.00159993790011 0.00159931137127 0.001599893261 0.00159963897806 0.00159920280453 0.00159886258893 0.00159910553808 0.00159941940958 0.00159930577635 0.00159938049172 0.0015992479791 0.00159930885903 0.00159990235154 0.00159995959455 0.00159991945978 0.00159933338776 0.00159943796341 0.00159939341641 0.00159938024589 0.00159996082899 0.00159939498651 0.00159956213482 0.00159953934294 0.00159947992129 0.00159949804515 0.0015998467898 0.00159977113443 0.0015997216011 0.00159970148202 0.00159986509134 0.0015997070003 0.00159976901006 0.00159947964054 0.00159952092243 0.001599427146 0.0015994266518 0.00159964798123 0.00159950107163 0.00159985218609 0.00159965378342 0.00159963900178 0.00159881369804 0.00159946761953 0.00159917641529 0.00159935177363 0.00159963828086 0.00159978234277 0.0015997868897 0.00159997662782 0.00159984934614 0.00159948645326 0.00159950922681 0.00159980250405 0.00159915880902 0.00159999182918 0.00159934661799 0.00159965501905 0.0015990981586 0.00159902203542 0.00159926142672 0.00159975368304 0.00159966068405 0.00159976208733 0.00159943783513 0.0015998314721 0.00159907507991 0.00159894499915 0.0015996598634 0.00159971746849 0.00159981995913 0.00159908684443 0.00159969407163 0.00159914594823 0.00159944863603 0.0015998989142 0.00159943231529 0.00159916382021 0.00159916758111 0.00159968921319 0.00159919238753 0.00159979756896 0.00159936695625 0.00159983768139 0.00159914954775 0.00159901812244 0.00159946821053 0.00159926421825 0.00159943264444 0.00159937257843 0.00159947486074 0.00159948530077 0.00159947530057 0.00159952975373 0.00159914505619 0.00159988646734 0.00159964780602 0.00159953467384 0.00159963259857 0.00159955068861 0.00159981826539 0.00159934899846 0.00159986041943 0.00159994493694 0.00159882188506 0.00159964472671 0.00159954809223 0.00159973621004 0.00159940368847 0.00159925436278 0.00159912408339 0.00159959477258 0.00159951998452 0.00159988623382 0.00159945056064 0.00159937877391 0.00159941352601 0.00159932233606 0.00159932993272 0.00159972982249 0.00159954465362 0.00159966595042 0.0015995785159 0.00159930129362 0.00159953143904 0.00159975798951 0.00159951280688 0.00159946851589 0.00159954754033 0.00159995590324 0.00159971350085 0.00159915288364 0.00159914199493 0.00159957510863 0.00159996398102 0.00159916926858 0.00159981101487 0.001599802528 0.00159955968323 0.00159965440284 0.0015998296035 0.00159975613644 0.00159981921505 0.00159973389445 0.00159895349898 0.00159951271666 0.0015988656614 0.00159925097997 0.00159935522192 0.00159949278885 0.00159941475781 0.00159939609387 0.00159899801077 0.00159977777345 0.00159987891648 0.00159938505313 0.00159907503843 0.0015996858783 0.00159940919322 0.00159928712925 0.00159991771732 0.00159953651675 0.00159963737446 0.00159953985318 0.00159911209818 0.00159935936308 0.00159996928486 0.00159961349359 0.00159910305021 0.00159976706988 0.00159989251865 0.0015996319901 0.00159971844497 0.00159949723508 0.00159991489618 0.00159960912898 0.00159963539037 0.00159962321289 0.00159963359132 0.00159959185974 0.00159946786726 0.0015992675266 0.0015999150975 0.00159964850894 0.00159979066355 0.00159958971023 0.00159977206862 0.00159950225645 0.00159962835954 0.00159960720073 0.00159925352574 0.0015992171043 0.00159982742915 0.00159961660534 0.00159956238747 0.00159946857682 0.00159986157414 0.00159950371584 0.00159966257764 0.00159874474726 0.00159869859773 0.00159931217053 0.0015999481933 0.00159965670012 0.00159964540245 0.00159968528367 0.00159982319235 0.00159955788412 0.00159994744919 0.00159963111632 0.00159963551866 0.00159913197147 0.00159916327256 0.00159965345721 0.00159967589711 0.00159981380983 0.0015990393635 0.00159932789236 0.00159928022394 0.0015991712014 0.00159941886187 0.00159959407585 0.00159951783157 0.00159999110517 0.001599103127 0.00159927937162 0.00159960806029 0.00159901695206 0.00159942772563 0.00159914908284 0.0015995732055 0.00159926298736 0.00159902875631 0.00159991836968 0.00159965868836 0.00159956923052 0.00159988139856 0.00159953354473 0.00159962521076 0.00159940848569 0.00159968390318 0.00159995813822 0.00159967274589 0.00159992850563 0.00159956550415 0.00159933878444 0.00159962284279 0.00159969838853 0.00159930155373 0.00159956416404 0.00159957850558 0.00159981687001 0.00159966628483 0.00159982646551 0.00159928273439 0.0015993080465 0.00159955015833 0.00159937009977 0.00159961455546 0.0015999767296 0.00159985234257 0.00159989604259 0.00159918141293 0.00159916659031 0.00159962172939 0.00159908017255 0.00159974621869 0.00159960548461 0.00159955860312 0.00159973894627 0.00159980741783 0.00159991940067 0.00159943614785 0.00159947501969 0.00159957492765 0.00159956950506 0.00159973718382 0.00159933941103 0.00159959568129 0.00159939772824 0.00159942244149 0.00159956102275 0.0015999383292 0.00159929607487 0.00159939813789 0.00159939325682 0.00159941182795 0.00159990714388 0.00159955072118 0.00159938496634 0.00159994090638 0.00159930899887 0.00159992301329 0.00159934336997 0.00159965395678 0.00159956134342 0.0015994829312 0.00159946989657 0.00159937086709 0.00159957492837 0.00159919831167 0.0015998613147 0.001599398774 0.00159939082733 0.0015997288292 0.00159985616086 0.00159946382479 0.00159982172201 0.00159913927435 0.00159996997455 0.00159901487433 0.00159957576434 0.00159950579842 0.00159914568692 0.00159909850891 0.00159963368878 0.0015993656369 0.00159898060192 0.00159929734641 0.00159943017683 0.00159955993238 0.0015994476584 0.00159951171753 0.00159944525925 0.00159964321979 0.00159954546475 0.00159967096469 0.00159924123607 0.00159935036996 0.00159948400402 0.00159921400964 0.00159929842533 0.00159986004231 0.00159995164855 0.001599914638 0.00159992125939 0.00159995018856 0.0015994095784 0.00159938189367 0.00159939465168 0.00159938075319 0.00159964309757 0.00159913508733 0.00159941713179 0.00159970753332 0.00159967090054 0.00159967315846 0.00159958331286 0.00159983018098 0.00159940664282 0.00159974216816 0.00159943681189 0.00159924031485 0.00159979826632 0.00159934545891 0.00159927236536 0.00159947693695 0.00159954161226 0.00159942796374 0.00159966400276 0.00159953652616 0.00159966682395 0.0015995042848 0.00159966818141 0.00159992523525 0.0015999372467 0.00159995294375 0.0015992295716 0.00159922246939 0.00159947427251 0.00159946250105 0.00159931571724 0.0015997467038 0.00159906428801 0.00159986636314 0.00159936322624 0.00159929212235 0.00159931443258 0.00159928586441 0.00159919334775 0.00159957708799 0.00159972853531 0.00159911734275 0.00159989641392 0.00159948514058 0.00159952920994 0.00159926962515 0.00159950403926 0.00159956540131 0.00159981143469 0.00159975239234 0.00159970760898 0.00159933594317 0.00159981025871 0.00159958839426 0.00159964759036 0.00159986183552 0.00159951408519 0.00159959525269 0.00159962162692 0.00159967473663 0.00159955158977 0.00159946346719 0.00159927272934 0.00159985705931 0.00159962202676 0.00159993072887 0.00159939296435 0.00159946704814 0.00159991620466 0.00159961857648 0.00159959516794 0.00159992646799 0.00159947929399 0.00159957910192 0.00159992358374 0.00159929707585 0.00159958532534 0.00159987740011 0.00159965172978 0.00159986614679 0.00159939885681 0.00159954359723 0.00159957023394 0.00159966096735 0.00159962454977 0.00159947517769 0.00159939091805 0.00159950641971 0.00159957191983 0.0015995208763 0.00159937022741 0.00159927323597 0.00159932453519 0.00159997188432 0.00159943898958 0.00159967652633 0.00159912774535 0.00159979790072 0.0015994371621 0.00159948067621 0.0015995412192 0.00159996864059 0.00159948554773 0.00159995767719 0.00159982240017 0.00159977076745 0.00159976397633 0.00159953350845 0.00159960923322 0.00159982977297 0.0015995599796 0.00159967095228 0.00159973584272 0.00159960353808 0.00159911420062 0.00159933821708 0.0015995186739 0.00159928881288 0.00159936693135 0.0015996092766 0.00159938358147 0.0015994184069 0.00159923407194 0.0015994962757 0.00159967594528 0.00159941280386 0.00159960183356 0.00159960470321 0.00159925744098 0.00159976962524 0.00159927092311 0.00159900989707 0.00159959217253 0.00159944916845 0.00159963860432 0.00159945190713 0.00159942575711 0.00159938687905 0.00159937246749 0.00159973179294 0.00159982989694 0.00159970736333 0.00159956036743 0.00159958483882 0.00159939058411 0.00159962981692 0.00159966836206 0.00159966370132 0.00159947925302 0.00159962287158 0.00159924214175 0.0015991735748 0.00159989311094 0.00159996504603 0.00159994784094 0.0015996349385 0.00159968103001 0.00159992279153 0.00159992175945 0.00159955265066 0.00159971814313 0.00159959903386 0.00159975823379 0.00159960746001 0.00159945397201 0.00159988466444 0.00159891030385 0.0015990587859 0.00159887738163 0.00159947837577 0.00159911256281 0.00159908348424 0.00159967580411 0.00159993029484 0.0015997160255 0.00159959944331 0.00159953460782 0.00159964071609 0.00159986820544 0.00159993459408 0.00159992967751 0.00159977619738 0.00159948295652 0.00159945187739 0.00159948984768 0.00159931758641 0.00159931763619 0.00159969232704 0.00159978398229 0.00159982565733 0.00159931748488 0.00159967793588 0.00159994806485 0.00159986879307 0.00159965028552 0.00159978139448 0.00159991690851 0.00159929899337 0.00159953911489 0.00159977460149 0.00159978650238 0.00159976827218 0.00159943248633 0.00159922651331 0.00159965702286 0.0015998035435 0.00159971241732 0.00159982911832 0.0015993913048 0.00159974832782 0.00159990770254 0.00159980719275 0.00159922764709 0.00159996973072 0.00159952635594 0.00159987082674 0.0015998292758 0.00159974596132 0.0015994874393 0.00159940872548 0.00159951307861 0.00159965533304 0.00159967389575 0.00159928955614 0.00159899140691 0.00159983856471 0.00159954429709 0.00159963983204 0.00159978538889 0.00159940096006 0.00159937922846 0.00159990946875 0.00159940803345 0.00159982061529 0.00159972714183 0.00159986870199 0.00159986601334 0.0015999628968 0.00159978468683 0.00159983178735 0.00159974523759 0.0015998063417 0.00159981226606 0.00159981135136 0.00159972538436 0.0015996580313 0.00159954193751 0.00159952813174 0.00159955206329 0.00159935631142 0.00159928194232 0.0015993764028 0.00159926780723 0.00159967467279 0.00159965388873 0.00159969682423 0.0015985953691 0.00159938867855 0.00159927145893 0.00159982621801 0.00159993828694 0.00159985879037 0.00159958772502 0.00159987851339 0.00159965491126 0.00159942616269 0.00159912735585 0.00159948062606 0.00159926731183 0.00159945390671 0.00159946834921 0.001599315853 0.00159947891874 0.00159969216801 0.00159993094313 0.0015999522257 0.00159942829541 0.00159937246886 0.00159923414123 0.00159908071637 0.00159968771702 0.00159916120127 0.00159945164904 0.00159955568116 0.00159959565528 0.00159975696858 0.00159965983253 0.00159936245744 0.00159937871746 0.00159960387939 0.00159939671937 0.00159985290629 0.00159977188435 0.00159990322528 0.00159941063073 0.00159943270054 0.0015999042204 0.00159983224896 0.00159945705584 0.0015986749629 0.00159939227292 0.00159935024758 0.00159961472388 0.00159952551873 0.00159904773049 0.00159969282712 0.00159939298535 0.00159976666994 0.00159916723831 0.00159942645299 0.0015996179989 0.00159933568695 0.00159983967854 0.00159997329032 0.00159996806071 0.00159965913305 0.00159985139788 0.00159973988519 0.00159967173379 0.001599670223 0.0015998608454 0.00159994125731 0.00159990133063 0.00159984038283 0.00159959578493 0.00159991085147 0.0015995641594 0.00159952565932 0.00159941217774 0.00159993254914 0.00159969208095 0.00159956388072 0.0015996940212 0.00159916592874 0.00159965719541 0.00159938464456 0.00159977116928 0.00159980553124 0.00159973873401 0.00159991965318 0.00159998025934 0.00159936623399 0.0015997605722 0.00159999676378 0.00159963183762 0.00159943506514 0.00159955013583 0.00159945763696 0.00159962516817 0.00159943545598 0.0015994878463 0.00159983671579 0.00159928199751 0.00159977188901 0.00159972035464 0.00159939387688 0.00159940201395 0.00159990690392 0.00159961221873 0.00159969131027 0.00159938488289 0.0015998397842 0.00159960039408 0.00159980334272 0.00159969524353 0.00159970684156 0.00159938717804 0.00159949255084 0.00159934117787 0.00159927412321 0.00159951341318 0.0015996976765 0.00159967916967 0.00159993522938 0.00159974581911 0.00159963416641 0.00159971861768 0.00159949431569 0.00159972570167 0.0015996885757 0.00159970909358 0.00159980286206 0.00159951314878 0.00159973284199 0.00159983384584 0.00159949023349 0.00159979006825 0.00159916954102 0.0015998016776 0.00159965455252 0.00159944544088 0.00159953492268 0.0015999963926 0.00159957027359 0.0015992266105 0.00159992242528 0.00159997759052 0.00159943327585 0.00159963711045 0.00159888632844 0.0015996802354 0.00159934238243 0.00159965516286 0.00159989391238 0.00159990464343 0.00159935537143 0.00159953013112 0.0015995606358 0.00159973036117 0.00159977604653 0.00159968104805 0.00159945959115 0.00159992539691 0.00159984973203 0.00159931157474 0.00159947863656 0.00159959091901 0.00159932031252 0.00159993044363 0.00159947668123 0.00159955612083 0.00159948125808 0.00159948632539 0.0015994572758 0.00159991169188 0.00159993533615 0.00159912073677 0.00159997592592 0.00159946498037 0.00159922286681 0.0015997125138 0.00159933499246 0.00159949467341 0.00159946590074 0.0015999128067 0.00159950180118 0.0015996891656 0.00159935475344 0.00159921074018 0.00159916712269 0.00159945265019 0.00159905407505 0.00159983576295 0.00159980539841 0.00159986092385 0.00159991924596 0.00159946236092 0.00159964109773 0.00159960302603 0.00159990328037 0.00159993417364 0.00159952787309 0.00159968984375 0.00159989460622 0.00159963187462 0.00159981345316 0.00159996680084 0.00159955863406 0.00159967464051 0.00159917546516 0.00159979203955 0.00159987516872 0.00159935075301 0.00159946372281 0.00159914469076 0.00159982767554 0.00159957700741 0.00159932145317 0.00159996010828 0.00159940741552 0.00159958626478 0.00159951258205 0.00159944937886 0.00159957070002 0.00159990040729 0.00159987383825 0.00159987928294 0.00159973936464 0.0015991637517 0.00159993620542 0.00159967443325 0.00159958315443 0.00159961807966 0.00159990468873 0.0015996340605 0.00159910559764 0.00159989753815 0.00159987304138 0.00159914762524 0.00159938230514 0.00159955909994 0.00159949078034 0.0015999095438 0.00159939104227 0.00159986994623 0.00159908397567 0.00159982698576 0.00159991992235 0.00159957090546 0.00159994018236 0.00159983040756 0.00159972723442 0.00159970744382 0.00159992122255 0.00159966668192 0.00159992425788 0.00159944973988 0.00159948017586 0.0015996037624 0.00159971372922 0.00159950889264 0.00159985587123 0.00159966404392 0.00159954168886 0.00159952194725 0.00159958667566 0.00159966916111 0.00159961147504 0.00159951820835 0.00159975305086 0.00159969527529 0.00159963556925 0.00159988750705 0.00159927097561 0.00159937898877 0.00159994811452 0.00159917227166 0.00159948761214 0.00159912787973 0.00159969858507 0.00159940244232 0.00159940233556 0.00159997774796 0.00159970261983 0.00159979195618 0.00159988377291 0.00159956787313 0.00159953683908 0.00159984445025 0.00159963354199 0.00159931203452 0.0015996368982 0.00159956306729 0.00159922211975 0.00159969013479 0.00159965444583 0.00159934689735 0.0015998686011 0.00159894999475 0.00159956185869 0.00159960638272 0.00159938834383 0.00159959329293 0.00159961147778 0.00159951744283 0.00159970076453 0.00159998032577 0.00159956199785 0.00159984410649 0.00159974974457 0.00159978105325 0.00159991312501 0.00159993658446 0.00159998057656 0.00159975345188 0.00159980537315 0.0015999083944 0.00159973690352 0.00159961563154 0.00159981726024 0.00159926617521 0.00159972754888 0.00159925873133 0.0015994286299 0.00159969671254 0.00159990682093 0.00159962153192 0.00159942097215 0.00159982660592 0.00159963952974 0.0015995601616 0.00159982250949 0.00159979372798 0.00159955010097 0.00159952928209 0.00159961646092 0.001599828808 0.0015995722411 0.00159960548949 0.00159959995585 0.00159991402858 0.00159983615799 0.0015996555735 0.00159974497192 0.00159985031482 0.00159999748943 0.00159946157165 0.00159991633689 0.00159956163906 0.00159982658641 0.00159945642994 0.00159978218508 0.00159969629482 0.00159995396726 0.00159955078617 0.0015997513818 0.00159937379151 0.00159956471835 0.0015996396493 0.00159972190912 0.00159976275329 0.00159957150111 0.00159950474294 0.00159949488436 0.00159955181788 0.00159958510811 0.00159972349179 0.0015991705022 0.00159975358469 0.00159946501551 0.0015997444914 0.00159969934176 0.00159975353927 0.00159937041779 0.00159945113581 0.0015993644307 0.00159997628266 0.0015998651269 0.00159930763572 0.00159982114817 0.00159922461988 0.0015996093057 0.00159933839453 0.00159975053281 0.0015990850614 0.00159947511294 0.00159946095831 0.00159954089944 0.00159998079923 0.00159917416958 0.00159936496107 0.0015994320763 0.00159904552815 0.00159921378513 0.00159907010024 0.00159937147748 0.00159919237074 0.00159921737659 0.00159994157781 0.00159989877167 0.00159989868989 0.00159981883201 0.00159986639503 0.00159979777961 0.00159988986165 0.00159971621123 0.00159972534223 0.00159981995897 0.00159983724745 0.00159980177098 0.00159933872724 0.00159972828849 0.0015998002286 0.0015993440425 0.00159943108353 0.00159977107601 0.00159935304896 0.0015994108731 0.0015996450509 0.00159934510653 0.00159986009873 0.00159980902761 0.00159937757505 0.00159986839589 0.00159943090767 0.00159970951663 0.00159961619051 0.00159947090086 0.00159938847078 0.00159990991773 0.00159972884211 0.00159943970819 0.00159967002048 0.00159995204296 0.00159962228732 0.00159988025296 0.00159978931048 0.00159959335737 0.00159988122385 0.00159994384759 0.00159987224024 0.00159987043593 0.00159967796227 0.00159964179554 0.00159978174282 0.00159958648815 0.00159961309387 0.00159974084087 0.00159971962833 0.00159982091774 0.00159987978256 0.00159985072399 0.00159987681779 0.00159996001385 0.00159949972917 0.00159985269583 0.00159943657935 0.00159989080534 0.00159982978095 0.00159986998122 0.00159963394384 0.0015996583339 0.00159986270164 0.00159999513179 0.0015995286319 0.00159970394244 0.00159980257532 0.00159981163558 0.00159972825997 0.00159993600648 0.00159914359967 0.00159913537098 0.00159925110687 0.0015994241921 0.00159948176824 0.00159938428233 0.00159924832121 0.00159937579779 0.00159984353021 0.00159940850306 0.00159956406909 0.00159947586673 0.00159988386828 0.00159953228869 0.00159976527201 0.00159943910639 0.0015997667168 0.00159989254852 0.00159996805472 0.00159997016373 0.00159957890706 0.00159959428905 0.00159987531594 0.00159991190048 0.0015991388013 0.00159965015346 0.00159946315061 0.00159981297313 0.00159965970724 0.00159919741172 0.00159963446082 0.00159967315043 0.00159991798072 0.00159952145662 0.00159956051858 0.00159979780157 0.00159935722057 0.00159984163044 0.00159949802212 0.00159947821695 0.0015996246665 0.00159936495785 0.00159941362844 0.00159964912185 0.00159929509814 0.00159959175741 0.00159980366954 0.00159938026363 0.0015999138304 0.00159945630428 0.00159934339346 0.00159989914397 0.0015997994313 0.00159953474925 0.00159953928507 0.00159935556805 0.00159916016031 0.00159918124811 0.00159995029675 0.00159981378959 0.00159957066268 0.00159983067526 0.00159964760033 0.00159941355209 0.00159989569946 0.00159994131625 0.00159949231238 0.00159972134435 0.00159952992586 0.00159974627952 0.001599616737 0.00159985936436 0.00159932963843 0.00159991930746 0.00159934007747 0.00159969883943 0.00159985012278 0.00159994816163 0.00159989037598 0.00159976006762 0.00159952477954 0.0015996147463 0.00159994834402 0.00159994616819 0.00159980007325 0.00159990458679 0.00159988979951 0.00159981814144 0.00159946504464 0.00159984621584 0.00159918168967 0.00159946508008 0.00159961611496 0.0015998245065 0.00159984492509 0.00159935652383 0.00159930121246 0.00159992345662 0.00159990130526 0.00159961349903 0.00159973447849 0.00159936174357 0.00159986085628 0.00159983610518 0.00159955387506 0.00159977380975 0.00159904593626 0.00159932008839 0.00159989551944 0.0015995449027 0.00159950582251 0.00159985238812 0.0015995485835 0.00159977689458 0.00159979473688 0.00159935860965 0.00159990872468 0.0015999694455 0.00159956671849 0.00159920541681 0.00159991600532 0.00159962286471 0.00159967253332 0.00159991255083 0.00159996522448 0.00159995482027 0.00159948950571 0.00159967408295 0.0015995369883 0.00159975196815 0.00159961711196 0.00159942914816 0.00159993774996 0.00159962009721 0.00159948571729 0.00159983064225 0.00159955035642 0.00159970186078 0.00159954256162 0.0015999377018 0.00159965286558 0.00159979256885 0.00159993504049 0.00159899688043 0.00159970418424 0.00159944770931 0.0015994386481 0.00159964288514 0.00159953150321 0.00159979695492 0.00159992876189 0.00159982594337 0.00159953043888 0.00159953154028 0.00159959342615 0.00159920637603 0.0015994072591 0.00159991327348 0.00159971258519 0.00159958934194 0.00159972128425 0.00159933715462 0.00159969774172 0.00159937389594 0.00159984641278 0.00159974747947 0.00159985022845 0.00159989261589 0.00159979833555 0.0015997695841 0.00159956652477 0.00159987127066 0.00159992759031 0.001599248495 0.00159964498859 0.001599615806 0.0015997336269 0.00159982919624 0.00159975222587 0.0015995411972 0.0015998618198 0.00159991693809 0.00159989111809 0.00159995514435 0.0015998729675 0.00159987866031 0.00159948831841 0.0015990659934 0.00159926577152 0.001599593917 0.00159957972169 0.00159946086745 0.00159994116486 0.00159991589527 0.00159978131371 0.00159972549235 0.0015997174972 0.00159946032122 0.00159942492801 0.00159990128744 0.00159947002811 0.00159975703997 0.00159991640439 0.00159957563801 0.00159898163062 0.00159945874103 0.00159992252437 0.00159970922726 0.00159986219447 0.00159992891308 0.00159936381267 0.00159953317126 0.00159932528311 0.00159926411288 0.00159969613549 0.00159960116513 0.00159966341103 0.00159935177499 0.00159933117658 0.00159951151051 0.00159964253502 0.00159940828616 0.00159952378795 0.00159955414784 0.00159902520335 0.00159950691939 0.0015996423166 0.0015993439854 0.00159975693491 0.00159980321578 0.0015997076284 0.00159969082006 0.0015998624239 0.00159972188697 0.00159958104011 0.0015999277354 0.00159958350102 0.00159976660168 0.00159954156294 0.00159997142382 0.00159915533381 0.00159976491297 0.00159920207205 0.00159906629153 0.00159892538214 0.00159995291071 0.00159942346971 0.00159982385744 0.00159954802907 0.00159928404911 0.00159995639695 0.00159964736301 0.00159970115161 0.00159949543272 0.0015997184944 0.0015998699282 0.00159984740096 0.00159983215713 0.00159995764705 0.00159911963999 0.00159947978932 0.00159946106666 0.00159952407308 0.00159981643691 0.00159946440627 0.00159926656522 0.00159932410921 0.00159979585345 0.00159962670824 0.00159952527948 0.00159953640578 0.00159951663654 0.00159963288404 0.0015996931438 0.00159976578425 0.00159965627722 0.00159972494125 0.00159961801633 0.00159957581212 0.00159978808357 0.00159944197572 0.00159961848784 0.00159968282116 0.0015996148172 0.00159973912642 0.00159968670012 0.00159942625662 0.00159994193906 0.00159974698476 0.00159964462222 0.00159990392485 0.00159961310761 0.00159975123178 0.0015988774453 0.00159972004562 0.00159959194139 0.00159955027191 0.00159994193373 0.00159984673484 0.0015997658082 0.00159943423515 0.00159957930722 0.00159946903145 0.00159993966049 0.00159968280895 0.00159974269999 0.00159923137586 0.00159986390328 0.00159926950291 0.00159920906019 0.00159972841508 0.00159937544354 0.00159901140105 0.00159942891699 0.00159984461977 0.00159970581848 0.00159979842696 0.00159994782131 0.00159967571235 0.00159959029993 0.00159957475556 0.0015997740175 0.00159931551173 0.00159921118432 0.00159974234753 0.00159978021798 0.00159970057293 0.0015997312217 0.00159959602 0.00159973563204 0.00159987179944 0.00159973247917 0.00159958745011 0.00159973799372 0.00159978886882 0.00159967238027 0.00159987088568 0.00159956803137 0.00159977258734 0.00159993348176 0.00159996908018 0.00159895351801 0.00159928863781 0.00159994542076 0.00159936470242 0.00159963416035 0.001599705149 0.00159994122448 0.00159994586819 0.00159991301756 0.00159991798804 0.00159994868911 0.00159927387962 0.00159918421363 0.00159958875391 0.00159923997036 0.00159954980034 0.00159953606245 0.00159984294134 0.00159992370212 0.00159957673232 0.00159986874924 0.00159983169113 0.00159986445391 0.00159978221676 0.001599782286 0.0015993810772 0.00159943510997 0.00159928639513 0.00159945701495 0.00159952857789 0.0015997179765 0.00159981705091 0.00159985463306 0.00159987399486 0.00159913553938 0.0015999511558 0.00159900891585 0.0015996981599 0.00159985241394 0.00159976569614 0.00159940888739 0.00159953436009 0.00159956636253 0.00159980900857 0.00159961770589 0.00159958044037 0.00159989901369 0.00159960387449 0.00159983676171 0.00159970906469 0.00159973280931 0.00159960461023 0.00159965823485 0.00159984118356 0.00159971974725 0.0015998013434 0.00159971684721 0.0015995183515 0.00159958837453 0.00159988602113 0.00159993943691 0.00159936642449 0.00159913890711 0.00159965372919 0.0015997378694 0.00159975850028 0.00159943392331 0.0015996492812 0.00159994871518 0.00159966649349 0.00159991095588 0.00159997807942 0.00159977141972 0.00159945659291 0.00159945357521 0.00159960612549 0.00159935735818 0.0015994762219 0.00159929661098 0.00159915234111 0.00159989930566 0.00159931936809 0.0015992303246 0.00159929648261 0.0015996369147 0.00159975928239 0.00159978641458 0.00159973468401 0.00159965174002 0.00159979124511 0.0015995546708 0.00159984462086 0.00159973602943 0.001599951529 0.00159982265563 0.00159918688633 0.00159951873189 0.00159935172341 0.00159966353579 0.00159932541882 0.00159936906521 0.00159948674172 0.00159913435401 0.00159946121695 0.0015994545711 0.00159995790981 0.0015991676748 0.00159992469086 0.00159990052724 0.00159964175801 0.00159989484743 0.00159987790682 0.00159972184073 0.00159974130626 0.00159983610844 0.00159971732183 0.0015996082447 0.00159955314305 0.00159975575478 0.00159940795635 0.00159968410823 0.00159925353729 0.00159931360178 0.0015998434174 0.00159992125732 0.0015998308686 0.00159994555229 0.00159912618564 0.00159938408049 0.00159966614678 0.00159955653313 0.00159955819967 0.00159954073472 0.00159994994973 0.0015997384012 0.00159989499018 0.00159991378425 0.00159953996066 0.00159983347116 0.00159987512702 0.0015998932139 0.0015999894881 0.00159986293149 0.00159988535056 0.00159979981077 0.00159980772964 0.00159984750756 0.00159993994395 0.00159970448292 0.00159957150858 0.00159970198152 0.00159988234841 0.00159987649058 0.00159962023298 0.00159984013982 0.00159984266627 0.00159933925739 0.00159996398817 0.00159994009658 0.00159966913899 0.00159935052942 0.00159944705722 0.00159982134056 0.00159972776806 0.00159946468156 0.0015994742424 0.00159986582609 0.00159947147402 0.00159931525486 0.00159951016497 0.00159932308183 0.00159940701806 0.00159987272171 0.0015997333101 0.00159922711189 0.00159993415715 0.00159983273897 0.00159944395137 0.00159918158674 0.00159951246606 0.00159957627586 0.0015993391801 0.0015993100655 0.0015996500261 0.00159960956076 0.00159999292843 0.0015996470299 0.00159961406997 0.00159987236983 0.00159992317536 0.00159968642084 0.00159994448989 0.00159994437066 0.00159989370203 0.00159965081273 0.00159921329398 0.00159961722445 0.00159912349373 0.00159945443491 0.00159964177813 0.00159969093007 0.00159978861049 0.00159987900987 0.00159954413466 0.0015998578813 0.0015999612776 0.00159986754173 0.00159953335056 0.0015997893935 0.0015993473412 0.00159970375018 0.00159982665463 0.00159990710768 0.00159916697919 0.00159957521055 0.00159968001317 0.00159921271813 0.00159888187159 0.00159896732543 0.00159946086876 0.00159987832703 0.00159943534209 0.00159949518979 0.00159945478739 0.00159956111087 0.00159974012089 0.00159982289953 0.00159985602112 0.00159952989059 0.00159968053299 0.00159993620598 0.00159964863734 0.00159976716877 0.00159942581659 0.0015998617163 0.0015995386528 0.001599788739 0.0015997096131 0.00159983156931 0.00159969831966 0.00159990179504 0.00159974679772 0.00159918413791 0.00159967905363 0.0015994190394 0.00159938188021 0.00159928603647 0.0015994819467 0.00159944579588 0.00159949227854 0.00159942440754 0.00159894341308 0.00159948589516 0.00159973852319 0.00159941068053 0.00159983682167 0.00159988644183 0.00159989155244 0.00159990179643 0.00159985161913 0.00159961664874 0.00159969568063 0.00159979203578 0.00159995901618 0.00159931472569 0.00159991220843 0.00159953408563 0.00159964155519 0.00159982916133 0.00159932741262 0.00159971070578 0.00159947188985 0.00159989818979 0.0015992793264 0.00159974848193 0.00159931913041 0.00159964941276 0.00159997645289 0.00159895647634 0.00159906863065 0.00159954602088 0.00159904521543 0.00159958905401 0.00159949086769 0.00159901914777 0.0015999224668 0.00159953676217 0.00159932808757 0.00159982333574 0.00159991624873 0.00159994171194 0.00159992195211 0.00159989101521 0.00159989309069 0.00159988288813 0.0015997706333 0.00159974331386 0.00159954653303 0.00159995179476 0.0015989817183 0.00159895404398 0.00159943294658 0.00159927838654 0.00159980140153 0.00159985681846 0.00159940902517 0.00159998849535 0.00159971025885 0.00159962573064 0.00159990011822 0.00159972127778 0.00159957158246 0.00159976068528 0.00159958235692 0.00159957310062 0.0015995638084 0.00159926109529 0.00159949092363 0.00159956687627 0.00159963200485 0.00159992063344 0.0015998629109 0.00159939546195 0.00159993675398 0.00159937566678 0.00159990596756 0.0015997492016 0.0015992107344 0.00159930797797 0.00159932331885 0.00159957251428 0.00159956589187 0.00159994038446 0.00159970734893 0.00159967002735 0.00159968426518 0.00159946134804 0.00159938863928 0.00159956919354 0.0015996362528 0.00159946182249 0.00159966949088 0.00159958781759 0.00159953983621 0.00159948485209 0.00159988637572 0.00159946126487 0.00159938511762 0.00159968730605 0.00159980988797 0.0015998611086 0.00159976859015 0.0015998122513 0.00159989725734 0.00159976993454 0.00159992134466 0.00159989900476 0.00159995031299 0.00159972618038 0.00159970213357 0.00159975388741 0.0015997097594 0.00159971902833 0.00159984071015 0.00159979907251 0.00159992852419 0.00159961351734 0.00159993552887 0.00159958417552 0.00159953524238 0.00159995483579 0.00159990112846 0.00159957974615 0.00159937526934 0.00159957699931 0.00159958087851 0.00159988640686 0.00159969599213 0.00159960053991 0.00159958949173 0.00159970818416 0.00159978901449 0.0015997177467 0.00159992984898 0.00159991536446 0.00159970593324 0.00159988012395 0.00159983385826 0.0015999736413 0.00159967149955 0.00159995801701 0.00159978021921 0.00159972700684 0.00159987795514 0.00159975291246 0.00159983322386 0.0015997641987 0.00159942910091 0.00159942891057 0.00159977528218 0.00159972558351 0.00159971358254 0.00159990788109 0.00159975869551 0.00159990544706 0.0015995943754 0.00159969117373 0.0015996926998 0.00159979828146 0.00159994960833 0.00159940432642 0.00159972264089 0.00159984650524 0.00159974137468 0.00159980488455 0.0015997103426 0.00159942736817 0.00159987807352 0.00159986116685 0.00159983626161 0.00159981863471 0.00159978678883 0.00159968414888 0.00159985619177 0.00159996358247 0.0015995902125 0.00159972178235 0.00159994541335 0.00159975728961 0.00159982134541 0.00159979297804 0.0015998268469 0.00159983081689 0.00159993571786 0.00159992153072 0.00159943017413 0.00159937819148 0.00159971199556 0.00159965171913 0.00159976062962 0.00159991965579 0.00159992083186 0.00159997932732 0.00159961220108 0.00159974123104 0.00159957703111 0.00159942529373 0.00159952103571 0.001599703569 0.00159974141419 0.0015996519067 0.00159968985759 0.00159960829486 0.00159971396187 0.0015997765635 0.0015997240162 0.00159986487905 0.00159953868484 0.00159954151026 0.00159984846837 0.0015998811208 0.00159975651328 0.0015997739023 0.00159982018445 0.00159953636108 0.00159955407116 0.00159941645618 0.0015996989758 0.00159985228856 0.00159963050953 0.0015999274688 0.00159947182033 0.00159984735508 0.00159958350507 0.00159965520728 0.00159963571584 0.00159990664594 0.00159969074654 0.00159920129859 0.00159968598479 0.00159985439059 0.00159969521273 0.00159986695973 0.00159974651928 0.00159991172895 0.00159988304829 0.00159978078417 0.00159967798637 0.00159921165439 0.00159953002538 0.00159981656029 0.00159957533138 0.00159922090326 0.00159945995227 0.00159944637246 0.00159986648241 0.0015996362505 0.00159932295591 0.00159994186885 0.00159977921606 0.00159972285756 0.00159974685946 0.00159974394254 0.00159987825646 0.00159958549561 0.00159978022121 0.00159950055723 0.00159946694879 0.00159995963366 0.00159941209207 0.00159989399506 0.00159996616485 0.00159996370295 0.0015999381907 0.00159942064625 0.00159985241334 0.00159965295417 0.00159961599632 0.00159989160993 0.00159959570803 0.00159936924009 0.00159941761326 0.00159948961063 0.00159977752207 0.00159952552733 0.00159973441627 0.00159952109116 0.00159973468988 0.00159981779951 0.00159950753979 0.00159975178237 0.00159970056966 0.00159973452068 0.00159969013045 0.00159992320487 0.0015997440523 0.00159988241143 0.00159979426019 0.00159958433798 0.00159981538038 0.00159977042385 0.00159974532718 0.00159951893389 0.00159984536959 0.00159978592071 0.00159958510011 0.00159963279221 0.001599836248 0.00159984994143 0.00159990762421 0.00159996757771 0.00159973079016 0.00159965621936 0.00159977226888 0.00159953832757 0.0015997946248 0.00159967181369 0.00159955241609 0.00159978813806 0.00159968271847 0.00159985279845 0.0015999231086 0.00159991007892 0.00159979484744 0.00159988551261 0.00159982267534 0.00159927881634 0.00159989007515 0.00159954339471 0.00159949368004 0.00159940006495 0.00159925544196 0.00159952342666 0.00159962142465 0.00159971730763 0.00159963226581 0.00159977356851 0.00159965329134 0.00159990013843 0.00159993938645 0.00159990645476 0.0015992745076 0.00159948063399 0.00159968959123 0.00159932530126 0.00159923359005 0.00159948811345 0.00159919759383 0.00159991273928 0.00159990169349 0.00159987004942 0.00159988564955 0.00159937716555 0.0015998300903 0.00159952866387 0.00159959170425 0.00159943940875 0.00159993854008 0.00159971041539 0.00159941575015 0.00159966274814 0.00159980248841 0.00159973161958 0.00159976550015 0.00159980598436 0.0015999071613 0.00159980885918 0.0015999034113 0.00159976340409 0.00159986611583 0.00159973629457 0.00159982252685 0.00159966983786 0.0015996937942 0.00159980609087 0.00159967184259 0.00159954469285 0.001599470738 0.00159966143103 0.00159977221238 0.00159960303879 0.00159962560427 0.00159976675313 0.0015996210594 0.0015998118737 0.00159984174621 0.00159932306188 0.00159961275536 0.00159979363266 0.0015997565 0.00159982946828 0.00159970482123 0.00159973559493 0.00159984593305 0.00159991120636 0.00159990305062 0.00159945732469 0.00159981012864 0.00159989201426 0.00159952298509 0.00159993345792 0.00159962377483 0.00159968810712 0.00159990269694 0.00159916086183 0.00159952105419 0.00159955732652 0.00159970840924 0.00159947297307 0.00159981204015 0.00159985179441 0.00159985482693 0.0015997864813 0.00159960418856 0.00159989788405 0.00159953574027 0.00159957530436 0.00159990588511 0.00159970631438 0.00159954526724 0.00159968890904 0.00159975031136 0.00159997656073 0.00159983195151 0.00159980267343 0.00159996799365 0.00159989759356 0.00159988859445 0.00159967070332 0.00159980719633 0.00159956418946 0.00159991729146 0.00159991818966 0.00159963891176 0.00159992895227 0.00159973133632 0.00159983145059 0.00159991219866 0.00159993288286 0.00159976742738 0.00159974353829 0.0015999086471 0.00159963499046 0.00159954198137 0.00159966258704 0.0015994837171 0.0015998772672 0.0015999567307 0.0015994533555 0.00159967603954 0.00159935188866 0.00159976250959 0.00159963384101 0.00159935512621 0.00159949822972 0.00159954226139 0.00159963396935 0.00159980674598 0.00159994449795 0.00159973703037 0.0015999248552 0.00159975519029 0.00159983580361 0.00159994283546 0.00159978693815 0.0015999524712 0.00159988010248 0.00159994585886 0.00159996284092 0.00159954182759 0.00159975486584 0.00159964322071 0.00159993129788 0.00159953263436 0.00159987177375 0.00159990781517 0.00159942476275 0.00159974436877 0.00159962092328 0.00159949891606 0.00159950180423 0.00159946973954 0.00159946250558 0.00159987884055 0.00159974773649 0.00159974521849 0.00159981025054 0.0015997938189 0.00159963309512 0.00159962927658 0.00159969839668 0.0015995953631 0.00159949681874 0.00159982372762 0.00159983649239 0.00159979781447 0.00159986236441 0.00159982674552 0.00159997903266 0.00159948402029 0.00159971942598 0.00159977773221 0.00159973375262 0.00159975293461 0.00159982780485 0.00159994064441 0.00159973665648 0.00159984922289 0.00159975820656 0.00159959061557 0.00159977275884 0.00159985223161 0.00159957927203 0.00159950087464 0.00159990082718 0.00159987828488 0.00159944830803 0.00159982501359 0.00159989713606 0.00159999877617 0.00159996775931 0.00159990002191 0.00159978443005 0.0015998343814 0.00159989183117 0.00159981117608 0.00159978666885 0.00159963552513 0.00159936147209 0.00159954925436 0.00159953322058 0.00159989605479 0.00159941721048 0.00159962446764 0.00159933654051 0.00159961101501 0.00159933742709 0.00159958198885 0.00159989402201 0.00159950017815 0.00159952298202 0.00159941066637 0.00159936228243 0.001599770029 0.00159930854361 0.00159995632423 0.00159992505441 0.00159981238662 0.00159974051519 0.00159992687549 0.00159971318072 0.0015993782498 0.00159972859986 0.00159994563669 0.0015998113009 0.00159960217277 0.00159967794979 0.00159964440512 0.00159940857464 0.00159981581482 0.00159996227458 0.00159968619582 0.00159980327482 0.00159944839928 0.00159944997501 0.00159981818797 0.00159956961479 0.00159943665891 0.00159950632759 0.00159981046663 0.00159963684756 0.00159985625231 0.00159971536524 0.00159980034173 0.00159996280824 0.00159982779081 0.00159967498201 0.00159966601745 0.0015996702911 0.00159966756708 0.00159976776248 0.0015996431051 0.00159958093292 0.00159958104994 0.00159971478362 0.00159962104675 0.00159958834423 0.00159977333707 0.00159994671541 0.00159983362155 0.00159985637777 0.00159955695398 0.00159990674965 0.00159981053943 0.0015998261736 0.00159996871924 0.0015997820052 0.00159983915724 0.00159982485509 0.00159983257336 0.0015996899014 0.00159969379292 0.0015994221198 0.00159964482984 0.00159975858034 0.00159949253269 0.00159980351838 0.00159991678609 0.00159988769494 0.0015995144162 0.00159987413149 0.00159949123569 0.00159977472768 0.00159976269276 0.00159971442489 0.00159956010489 0.00159965219756 0.00159991371587 0.0015997956574 0.00159965269257 0.00159972800559 0.00159954496359 0.0015994585168 0.00159969801232 0.00159946947071 0.00159977409477 0.00159990654216 0.00159980437689 0.00159977190863 0.0015998594544 0.00159979359323 0.00159975886064 0.00159985832557 0.00159993429714 0.0015998008501 0.00159981165178 0.00159946579927 0.00159976607159 0.00159976143689 0.00159967906635 0.00159994220288 0.00159976749679 0.00159983031321 0.00159982480768 0.00159976134127 0.00159991897509 0.00159959417398 0.00159969272672 0.00159953609424 0.00159958261598 0.00159964097504 0.00159978418149 0.00159969983327 0.0015997453892 0.00159980342898 0.00159977402276 0.00159973604968 0.00159968094205 0.00159993216164 0.00159983369009 0.0015997103348 0.00159980831557 0.00159986964781 0.001599915848 0.00159956937716 0.00159976602727 0.00159986663848 0.00159981609403 0.00159946536204 0.00159989467595 0.0015997987189 0.0015999206552 0.0015998199373 0.00159945459444 0.00159926854483 0.00159962903404 0.00159925147016 0.0015998569002 0.00159981434712 0.00159988442891 0.00159984342026 0.00159985327626 0.00159987111839 0.0015998439015 0.00159989922731 0.00159998221032 0.00159985260697 0.00159977353212 0.00159993636994 0.0015999025137 0.00159980315142 0.0015998639363 0.00159948883033 0.00159942408441 0.00159964463238 0.00159943242353 0.00159949984444 0.00159987531828 0.00159990575897 0.00159955934291 0.00159995462145 0.00159995756607 0.00159973672501 0.00159976625281 0.00159969486525 0.00159976280805 0.00159962222123 0.00159983100156 0.00159976219112 0.00159990289618 0.00159973901788 0.00159979049005 0.00159983964922 0.0015999051231 0.00159966946825 0.0015996331499 0.00159972140707 0.00159952134242 0.00159986298141 0.00159991718238 0.00159951840698 0.00159974218127 0.00159965703643 0.00159954578709 0.00159966604853 0.00159987134641 0.00159991187901 0.00159970150225 0.00159989191995 0.00159960630135 0.00159966518132 0.00159974951457 0.00159991839229 0.00159975963951 0.00159939836505 0.0015995624186 0.00159956591682 0.00159978628195 0.00159959182979 0.00159960909067 0.00159989460166 0.00159965153666 0.00159999511692 0.00159986194834 0.00159970561159 0.00159974243046 0.00159983613733 0.00159993789388 0.00159998327854 0.00159973383316 0.00159991674049 0.00159969623927 0.00159956171483 0.00159961176935 0.0015998782979 0.00159986067489 0.00159986275263 0.00159975166297 0.00159976769965 0.00159970221852 0.00159982690265 0.00159980758442 0.00159977051391 0.00159985366987 0.00159973555407 0.00159966797331 0.00159963071363 0.0015996711247 0.00159974245597 0.00159990946807 0.00159968737864 0.00159995260626 0.00159986189524 0.00159971668857 0.00159964215516 0.00159966015841 0.00159966709916 0.00159970759755 0.00159988194769 0.0015996423845 0.00159984508463 0.00159978883394 0.00159985419848 0.00159993541569 0.00159968160724 0.00159973395166 0.00159984388987 0.00159938894134 0.0015999168533 0.00159977179926 0.00159946974418 0.00159994427916 0.00159963157902 0.00159964477445 0.00159979070215 0.00159964133824 0.00159976475379 0.00159966060203 0.0015999319979 0.00159987524788 0.00159975275298 0.00159963129172 0.00159966857158 0.00159988380023 0.0015998513234 0.00159961480457 0.00159963068997 0.00159990930964 0.00159972825359 0.00159990557385 0.0015998904377 0.00159969996735 0.00159977384184 0.0015996758015 0.00159985296463 0.00159981689818 0.00159986274188 0.00159973938847 0.0015997694273 0.00159970870559 0.00159989895169 0.0015998366043 0.00159973602541 0.00159973584957 0.00159995488823 0.00159983484783 0.00159979618996 0.00159976104504 0.00159994186129 0.00159979080318 0.00159968501645 0.00159983256327 0.0015996189935 0.00159969272977 0.00159985021556 0.00159975934827 0.00159954125678 0.00159992660153 0.00159971057763 0.00159973245147 0.00159960661785 0.001599428717 0.00159998780333 0.00159983486569 0.00159953405502 0.0015997889367 0.00159983280122 0.00159995790036 0.00159994065689 0.00159968104083 0.00159976536414 0.0015997802902 0.0015998047679 0.00159982506257 0.00159972056448 0.00159969738895 0.00159989518887 0.00159975911254 0.00159982994293 0.00159991718142 0.00159994713202 0.00159994624673 0.00159984903433 0.00159992689557 0.00159963074396 0.00159966954988 0.00159972908034 0.00159980409262 0.00159981104828 0.00159981670525 0.00159994330464 0.00159979854327 0.00159989554389 0.00159981962604 0.00159981071021 0.00159979281546 0.00159978749116 0.00159979824886 0.00159986150369 0.00159976572776 0.00159967421369 0.00159991002335 0.00159960789446 0.00159955922101 0.00159965734485 0.00159959310368 0.00159989753275 0.00159982667899 0.00159957909937 0.00159965444817 0.0015998855443 0.00159994773354 0.00159969072992 0.00159960547993 0.00159965172924 0.0015996875112 0.00159963639875 0.00159963502147 0.00159987003186 0.00159967060538 0.001599888882 0.00159978045674 0.00159984024796 0.00159970072174 0.0015998467562 0.00159996597894 0.00159957149022 0.00159974008601 0.0015998502101 0.00159982723257 0.00159969007873 0.00159965965263 0.00159996655141 0.00159954997627 0.00159983312205 0.00159946965493 0.00159959583618 0.00159975711312 0.0015997229481 0.00159983309377 0.00159969536024 0.00159973534419 0.00159972149704 0.00159967046926 0.00159963754234 0.00159963631235 0.00159967758288 0.00159971053121 0.00159983462594 0.00159987780783 0.00159982133863 0.00159945733581 0.0015998335586 0.00159964067406 0.00159983789951 0.00159969732006 0.00159943617317 0.00159935774817 0.00159923176215 0.00159952785674 0.00159987771476 0.00159978965603 0.0015999726059 0.0015997758122 0.00159971522626 0.00159991468686 0.00159980589166 0.00159984547152 0.00159971893736 0.00159973974048 0.00159952214964 0.0015998966581 0.00159967360229 0.00159993178258 0.00159979822089 0.00159982342325 0.00159993825007 0.00159966078115 0.00159991272164 0.00159980990511 0.00159959292278 0.00159977494514 0.00159973037776 0.00159976361493 0.00159980903752 0.00159986842978 0.00159961038968 0.00159987275758 0.00159991548653 0.00159989738662 0.00159937659438 0.00159964452702 0.00159960167361 0.00159989720176 0.00159967666841 0.0015997546848 0.00159991210597 0.00159974838261 0.00159963439616 0.00159977199379 0.00159977556613 0.00159999744075 0.00159981602758 0.00159981525542 0.00159967660076 0.00159973116162 0.00159967792037 0.00159975324142 0.00159979885672 0.00159966875092 0.00159933598049 0.00159995089143 0.00159973993702 0.0015998855972 0.00159955483597 0.00159964394637 0.00159969503382 0.00159994075836 0.00159979659992 0.00159993568653 0.00159959342587 0.00159946090137 0.00159998218128 0.00159994428467 0.00159976269591 0.00159962486819 0.00159968060789 0.00159969507264 0.00159966482432 0.0015998928118 0.00159992284489 0.001599815852 0.00159981578322 0.00159992135004 0.00159988939703 0.00159977224913 0.00159972953095 0.0015997950552 0.00159971129529 0.00159971700109 0.00159954133337 0.00159954667989 0.00159983340139 0.00159988151126 0.001599787885 0.00159981297332 0.00159990835434 0.00159982920058 0.00159974590772 0.00159989216775 0.00159987426148 0.00159967369464 0.00159977866266 0.00159979792612 0.00159963151916 0.00159954392479 0.00159976039554 0.00159978678537 0.00159967681405 0.00159975769227 0.00159971721494 0.00159975550528 0.00159966512697 0.00159974507659 0.00159962973327 0.00159973080281 0.00159974552056 0.0015994052952 0.00159973953756 0.00159985248262 0.00159969597219 0.00159989987609 0.00159976667721 0.00159953382633 0.00159925380269 0.00159959272704 0.00159966111755 0.00159949490546 0.00159973851443 0.00159974749038 0.00159990104145 0.00159988971833 0.00159981210012 0.00159976258674 0.00159990419069 0.00159986886672 0.00159987092736 0.00159984451495 0.00159991061825 0.00159988288759 0.00159959923987 0.00159968714757 0.00159970973077 0.00159985194807 0.00159958953071 0.00159996369249 0.00159987893758 0.00159975621277 0.0015999104778 0.00159982966463 0.00159974599754 0.00159982207082 0.0015998409028 0.00159977797971 0.0015997007009 0.00159982449767 0.00159969006039 0.001599726328 0.00159983893657 0.00159989583378 0.0015998372237 0.00159988601528 0.0015998778598 0.00159988134218 0.00159946910199 0.00159941059802 0.00159995841006 0.00159975443021 0.00159976713488 0.00159993851191 0.00159991277817 0.00159982343159 0.00159984772494 0.00159976280238 0.0015997957111 0.00159985862976 0.00159978290626 0.00159983987821 0.00159988326974 0.00159981134745 0.00159982750854 0.00159997860222 0.00159991841895 0.00159991427748 0.00159989041921 0.00159977828676 0.00159990312167 0.00159982611409 0.00159977917726 0.00159968538401 0.00159984765629 0.00159988845533 0.00159986946664 0.00159980816231 0.00159987540733 0.00159992000132 0.00159995426613 0.00159993313302 0.00159992936884 0.00159981790872 0.0015999346224 0.00159994410283 0.00159990336048 0.00159987608836 0.00159988142673 0.00159975040604 0.00159986943655 0.00159981666744 0.00159989677934 0.00159983066525 0.00159992903666 0.00159978743532 0.00159985311911 0.00159990504831 0.00159985649204 0.00159992219782 0.00159985687263 0.00159991641021 0.00159982311059 0.00159985391259 0.00159984642736 0.00159995056663 0.00159992413944 0.00159991064114 0.00159988300423 0.0015999147089 0.00159987347592 0.00159990700089 0.00159990772399 0.00159989680895 0.00159995792806 0.00159978149864 0.00159974674764 0.00159975515799 0.00159974992794 0.00159957562398 0.0015998072307 0.00159984007601 0.0015999067496 0.00159992414677 0.00159995940394 0.00159993770947 0.00159983399448 0.00159996413427 0.00159996244769 0.00159987473436 0.00159987943075 0.00159989521687 0.00159996449369 0.00159988203465 0.00159998801275 0.00159960362827 0.00159976416671 0.00159995078296 0.00159990596624 0.00159981427472 0.00159982144735 0.00159997270771 0.00159989388916 0.00159988961707 0.00159977180205 0.00159984945941 0.00159976256067 0.00159977259007 0.00159981630689 0.00159966971213 0.00159993538894 0.0015999377575 0.00159992229069 0.00159988248637 0.00159994490302 0.00159993231906 0.00159983784179 0.00159977423642 0.00159982597187 0.00159980167862 0.0015998375121 0.00159969721451 0.00159988453937 0.00159989779234 0.00159988796881 0.00159979324954 0.00159988407016 0.00159987198932 0.00159988726742 0.00159984652293 0.0015999167994 0.00159978396884 0.00159969725496 0.00159981556618 0.00159978220653 0.00159987545914 0.00159975807819 0.001599867287 0.00159981628804 0.00159971472946 0.00159970898762 0.00159984801507 0.00159988114725 0.00159975787763 0.00159980023495 0.00159959891449 0.00159970000377 0.00159981604074 0.001599935593 0.00159994110734 0.00159994216232 0.00159994565363 0.00159994043857 0.00159993992506 0.00159995575104 0.0015999641049 0.00159986616544 0.00159995524607 0.0015997993208 0.00159981960737 0.00159975110746 0.0015997113913 0.0015999203317 0.0015999765462 0.00159996829982 0.00159972931358 0.00159981122176 0.00159980380502 0.00159986580305 0.00159995741446 0.00159987045237 0.00159991814704 0.00159965448428 0.00159960490431 0.00159983446886 0.00159971534383 0.00159978547947 0.00159994930615 0.00159981409342 0.0015997660989 0.0015998376377 0.00159980295765 0.00159954739325 0.00159960969857 0.00159957659419 0.00159965614768 0.00159984744106 0.00159992104874 0.00159977967486 0.00159980368995 0.00159989581684 0.00159994438183 0.00159993359267 0.00159975723649 0.00159967352237 0.00159961992532 0.0015997906287 0.00159980369566 0.00159978082582 0.00159981280356 0.00159986695802 0.00159995500352 0.00159984145576 0.00159979910199 0.00159987591443 0.00159984665101 0.00159983100156 0.00159981081383 0.00159988985218 0.0015999039803 0.00159969051203 0.00159970074906 0.00159977975901 0.00159968367774 0.0015997718218 0.00159990154226 0.00159993428507 0.00159977972168 0.00159976092357 0.00159975634591 0.00159982732326 0.00159976463783 0.00159979981938 0.00159976672665 0.00159984079632 0.00159982878439 0.00159973060841 0.00159974849069 0.00159991059111 0.0015997738506 0.00159989241787 0.0015998842089 0.00159985285404 0.00159982300799 0.0015999555944 0.0015998567778 0.00159988990878 0.00159981144091 0.00159995474449 0.00159993345808 0.00159977183501 0.00159988157508 0.00159980050832 0.00159981042273 0.00159993472262 0.00159972671808 0.00159974316753 0.00159987512568 0.00159990599122 0.00159986643692 0.00159990630561 0.00159993599056 0.00159969387325 0.00159982104453 0.00159996506958 0.0015998480829 0.00159971078538 0.00159988864316 0.00159983290843 0.00159998326815 0.00159964657394 0.00159964408404 0.00159978404851 0.00159990455629 0.00159993003819 0.00159994538151 0.00159981544693 0.00159975805658 0.00159965216682 0.00159988328092 0.00159980890581 0.00159978201651 0.00159982725342 0.00159978339834 0.00159998641805 0.00159959214987 0.00159985866785 0.00159994721416 0.00159964985245 0.00159967536996 0.00159980193375 0.00159968464051 0.00159983137137 0.00159993107117 0.00159981465061 0.0015998733384 0.00159978700818 0.00159967199182 0.00159978669223 0.00159976606208 0.00159978390148 0.00159969378896 0.00159964227897 0.00159979327927 0.00159991790383 0.00159985721661 0.00159969008154 0.00159974111974 0.00159978350842 0.00159974300243 0.00159969748836 0.00159987197483 0.00159975862118 0.00159975955336 0.00159981916887 0.00159978085632 0.00159991692287 0.0015999275227 0.00159990673763 0.00159990621484 0.00159985184553 0.00159997207711 0.00159989081181 0.00159985951661 0.00159975203577 0.00159980928174 0.00159976141066 0.00159978160508 0.00159982868164 0.00159989529483 0.00159987035868 0.00159992906369 0.00159990354354 0.00159992723185 0.00159970136841 0.00159968996391 0.00159987771862 0.00159980991019 0.00159986540877 0.00159982409841 0.00159981517157 0.00159973347079 0.00159990869671 0.00159978353243 0.00159969264458 0.00159957496402 0.00159990787353 0.00159985243123 0.0015998327167 0.00159985132408 0.00159970351017 0.00159973669413 0.00159990468166 0.00159981032774 0.0015997863755 0.00159982639965 0.00159984824249 0.00159986520661 0.00159988523127 0.0015998356185 0.0015998894874 0.00159993434286 0.00159986133185 0.00159988456057 0.00159995210102 0.00159997126571 0.00159989594534 0.0015999937249 0.00159973363057 0.0015998409134 0.00159981603031 0.00159998467578 0.00159987508163 0.00159985335717 0.0015998539723 0.00159990133541 0.00159986381778 0.00159981383147 0.00159986496601 0.00159991152749 0.00159989001308 0.00159996973233 0.00159978188571 0.00159986445248 0.00159977148748 0.0015998750778 0.00159992422893 0.00159984362366 0.00159981975947 0.00159989526282 0.00159989033061 0.00159978572861 0.0015999504405 0.0015998779755 0.00159974961719 0.00159983830992 0.00159993546391 0.00159981764025 0.00159998233928 0.00159981002939 0.00159971522954 0.00159976175713 0.00159986302267 0.00159985761173 0.00159982498468 0.00159996340811 0.00159979877602 0.00159972894016 0.00159991886541 0.00159972622872 0.00159970393438 0.00159982960784 0.00159983230382 0.00159991454007 0.00159991578107 0.00159971065623 0.00159990305869 0.0015997995507 0.00159985634319 0.00159985346666 0.00159977332635 0.0015998515431 0.00159979725644 0.00159986451311 0.00159995486325 0.0015998635621 0.00159986423431 0.00159994899697 0.00159999696167 0.00159989834507 0.00159981977359 0.00159982611873 0.00159994751404 0.00159985515074 0.00159985382907 0.00159995635435 0.00159986653013 0.00159991503316 0.00159989661715 0.00159994801988 0.00159990470077 0.00159991193079 0.00159987563952 0.00159991349812 0.00159976154853 0.00159973831938 0.00159987004723 0.00159959381682 0.00159967768645 0.0015997928008 0.00159989050702 0.00159963142597 0.00159973418109 0.00159982541317 0.0015998819481 0.00159985158994 0.00159968351335 0.00159990406969 0.00159988766359 0.00159991255616 0.00159995614553 0.00159973993353 0.00159995427616 0.00159990267476 0.00159989131987 0.00159987769971 0.00159995596397 0.00159991972336 0.00159991799351 0.00159988051559 0.0015997875558 0.00159992022623 0.00159959031021 0.00159992802181 0.00159995101529 0.00159991188344 0.00159976572277 0.00159982359365 0.00159992471727 0.00159983182428 0.00159984316426 0.00159994446306 0.00159986706681 0.00159978127085 0.00159986141676 0.00159988048221 0.00159972375064 0.00159987511353 0.00159984264781 0.0015998702874 0.00159994116835 0.00159980646342 0.00159962691628 0.00159966468934 0.00159973839461 0.00159979771447 0.00159993595552 0.00159984624372 0.00159991892645 0.00159988352471 0.00159989459422 0.00159988258744 0.0015999097116 0.00159994730624 0.00159992546178 0.00159975513995 0.00159990090021 0.00159993034848 0.0015998312012 0.00159993135439 0.00159994713184 0.00159994027827 0.00159999631867 0.00159990101696 0.001599867579 0.00159993427804 0.00159992053169 0.00159993185026 0.00159994673681 0.00159984360844 0.00159992415524 0.00159995482826 0.00159992788154 0.00159991620034 0.00159992613083 0.00159990328812 0.00159995474111 0.00159987518637 0.00159991044361 0.00159992968801 0.00159998372375 0.00159986950821 0.0015999266443 0.00159995213077 0.00159994811728 0.0015999422126 0.00159993721445 0.00159990340167 0.00159992818794 0.00159994243258 0.00159993538045 0.00159990044908 0.00159996993486 0.00159995759631 0.00159990093816 0.00159989940821 0.00159989375048 0.00159995980759 0.00159991654864 0.00159987886111 0.0015998707149 0.00159991081009 0.00159991605754 0.00159988298367 0.00159987285883 0.00159991522606 0.00159988344988 0.0015998905351 0.00159991846028 0.00159984058025 0.00159993686693 0.00159995361863 0.0015999741669 0.00159989845281 0.00159994325254 0.00159975172011 0.00159994251492 0.00159988381788 0.00159986445826 0.00159989694154 0.00159995445725 0.00159993301637 0.00159998672708 0.00159991706145 0.00159997386714 0.0015999381915 0.00159993181336 0.0015998928697 0.00159990729236 0.00159991209662 0.00159991891202 0.00159990384285 0.0015998699464 0.00159993575438 0.00159995561186 0.00159999075303 0.00159988363012 0.00159989192689 0.00159988752272 0.00159984124902 0.00159991362687 0.00159991109691 0.00159995359525 0.00159994338414 0.00159987308904 0.00159993679774 0.00159991217259 0.00159987788953 0.00159993906232 0.00159991305225 0.00159995822631 0.00159995442263 0.00159985001308 0.00159992343278 0.00159988406446 0.00159991065167 0.00159994594555 0.00159988903319 0.00159997415647 0.00159985755301 0.00159991717401 0.00159994334915 0.00159994620501 0.00159992973319 0.00159999427847 0.0015999022669 0.00159996306918 0.00159991482997 0.00159985236785 0.00159978700934 0.00159990913589 0.00159989861925 0.00159990365307 0.00159968068119 0.00159988954628 0.00159993085036 0.00159994644859 0.00159993750367 0.00159995169445 0.00159993086767 0.0015999558124 0.00159986886185 0.00159997118816 0.0015999234048 0.00159995946027 0.0015999352958 0.00159993059815 0.00159991386445 0.00159992681691 0.00159995208118 0.00159992925427 0.0015999343206 0.00159993078912 0.00159995561266 0.00159994240725 0.00159995802919 0.00159986191572 0.00159989070082 0.00159991909558 0.00159987441788 0.00159992338486 0.00159997709908 0.00159988520929 0.00159970744739 0.00159988054394 0.0015999690403 0.00159987036548 0.001599832909 0.00159996337693 0.00159991345033 0.001599901123 0.00159987518631 0.00159991577727 0.00159996736726 0.00159989463668 0.00159990035049 0.00159990250962 0.00159985923333 0.00159991031192 0.00159991427955 0.00159988010746 0.00159994180659 0.00159991486419 0.00159988828944 0.00159992622257 0.00159998419305 0.00159996395923 0.00159996586985 0.0015998960064 0.00159993509497 0.00159991268349 0.00159994018481 0.0015998094946 0.00159995193018 0.00159990265713 0.00159985152748 0.00159991977865 0.00159995408554 0.00159995729994 0.00159994444062 0.00159997722693 0.0015999442546 0.0015999023734 0.00159989807715 0.00159999700273 0.00159989947712 0.00159994617225 0.00159986434589 0.00159988477566 0.00159994431321 0.00159992801264 0.00159992624199 0.00159994612561 0.00159995757619 0.00159992921287 0.00159983851439 0.0015999135298 0.00159990414932 0.00159986934607 0.0015998733208 0.00159991585782 0.00159993708181 0.0015999000558 0.00159996194318 0.00159993408558 0.00159996470327 0.00159989764919 0.00159991981693 0.00159990700073 0.00159996068498 0.00159989491178 0.0015999161531 0.00159989424094 0.0015999272766 0.00159995482732 0.00159989472342 0.00159989726852 0.00159993919558 0.00159991013593 0.00159989164452 0.0015998920782 0.00159996100084 0.00159997903424 0.00159994674138 0.0015998000831 0.00159993235139 0.00159986315607 0.0015999371828 0.00159994373101 0.00159987966036 0.0015999267164
</DataArray>
        <DataArray type="Float64" Name="contact_force" NumberOfComponents="1" format="ascii">
5.13866825206e-05 2.26951587041e-05 0.0012815594394 0.000639801925502 0.00129204044288 0.000415565437113 0.00148755704454 0.000302487120969 0.000783775052114 0.000178172524758 2.79801102068e-05 0.000468818625445 0.000486560103162 0.00085527404909 0.000466215036758 0.000256846205722 0.000618598957465 0.000463983533563 0.000412350050538 0.000763577107911 0.000386339958067 0.000414045804476 0.000444499912902 0.00132509606118 0.000533592392581 4.66937252802e-05 0.000200518369255 8.68644345947e-05 5.74083298254e-05 8.84094012711e-06 0.00016370367038 0.000277100734313 5.53940412136e-05 0.000333313341198 0.00141927348896 0.00185324203649 0.000945832675982 0.000462710526832 0.000270546365242 0.000559063106986 0.00172158100658 0.000488944197104 0.000660785810033 0.000444881853862 0.000433806110026 0.0012319123806 0.000619425257195 0.000185766568435 0.000678325526797 0.000510736818262 0.000193137191419 0.000707166158298 0.00094373054654 0.00013417642835 0.000368886635626 0.000787636358162 0.000309359897081 9.3397470427e-05 0.000585975697575 0.000601270284922 0.000280441128488 0.000157003401526 0.000499521851914 0.000586418957428 0.000222434434932 0.000448712469179 0.000337711105222 0.0016070709047 0.000308351931212 0.000548285432275 0.000283660113029 0.000155757392658 0.000153068851147 0.000405118701416 0.000234832825709 0.000134634092647 0.00103605553976 0.000178332674222 0.000255191805624 0.000229324458273 0.000223918674265 0.000377547805159 0.00031594793145 1.6121086418e-05 0.000283892139902 0.00029058607396 0.000712806246575 0.00024830698047 0.00047991869101 0.000356185696279 0.000462178064959 4.39592338797e-05 0.000400254996559 0.000394967016522 2.0801317795e-05 0.00055774472606 0.000571047515792 0.00110440050918 0.00108279686008 0.000124055638442 0.000868523173495 0.00136611328303 0.000148261689519 0.000540821466214 0.000489181898052 0.000905860043612 0.000484971907915 0.000597446041788 0.000827425247968 0.00058117728426 0.000119448426275 0.00031738846019 0.000948772819339 0.000179034344742 0.000645803128432 0.00119590711268 0.000173974768847 7.00928252778e-05 8.28352200682e-05 0.000210955388193 0.000126407605679 4.8910522335e-05 0.000368310680556 0.000534141753009 0.000855219045234 0.000503294604503 0.00023034834821 0.000511915137015 0.000467086674498 0.000277279319268 0.000168461718711 0.000989428725632 0.000852690325195 0.0006789696475 0.00102006168023 0.000234046992377 1.26267937407e-05 3.98876595487e-05 0.000698932748697 0.000245128900518 0.000289619086935 0.000504998496189 0.000745966416351 0.000445021970209 0.00104628491667 0.00190953254313 0.000257436292575 6.06365564552e-05 0.000445674320977 0.00161904215527 0.000131848359651 0.000102604402182 0.000153934113975 0.000451575589176 5.45305987951e-05 0.000260074931623 0.000395579947443 0.000933078256476 0.00049270233176 0.0007800196081 0.00118935926147 0.000700369254182 0.000503079071802 0.000399051447842 0.000449242042241 0.000186251324904 0.000108443298908 8.91875027661e-05 0.000931841836067 0.000371187024562 0.000340765684347 5.75705330915e-05 0.000788278128646 4.97308360584e-05 0.000351186457384 0.000371337258367 0.000617349663321 0.000356344152913 0.000259724655124 0.000311369968229 0.000985378496547 9.95436993234e-05 2.81984040346e-05 0.000829422896888 0.000205344355224 0.000255648951011 0.000700011067612 0.000265669655635 0.000397415121093 0.00127045486764 0.000708655623985 0.000547821379651 0.000226362621721 0.000116908223978 0.000780709280548 0.000498153558184 0.00167153698613 0.000115283424593 1.86033032987e-05 0.000102075112151 0.000335688795081 0.000590071982368 0.00105097130247 0.000217004101222 0.000167309024841 6.19260915514e-06 0.000141600852827 0.000475558378874 0.000964523064205 4.09966831566e-06 0.000929525324664 0.000293855622465 0.000156693607663 0.000127550241369 0.000195062961695 0.00150927748477 0.000709918634957 0.000730532115204 1.01960546586e-05 0.000679583630214 0.000124831234981 0.00115589449596 0.000535854386279 0.000288707587268 0.000193824522842 0.000428546130044 0.000568044312797 0.00024968714291 0.00138422834462 0.000116559231913 0.000245233771338 1.22766207086e-05 3.45732809551e-05 3.72457637599e-05 1.83735665373e-05 0.00054996726299 0.000673150905798 0.000229453137313 0.000594535063711 0.000400879681444 0.00135572343313 0.00175917931098 0.000619423401816 0.000272860482956 3.66654397048e-05 5.7273630266e-06 2.70044495324e-06 0.000164890022811 1.33328401959e-05 0.000125421208858 3.08611424263e-05 0.00117513242694 3.97137459718e-05 0.00012924589629 9.08426048883e-05 4.91443774022e-05 2.21910304914e-05 1.02157975127e-05 2.27674292753e-05 3.0973903216e-05 0.000824500742661 0.000416948506013 0.000307941229078 0.000332957254054 0.00159768942232 0.00192222387889 0.000256876018589 3.81748338127e-05 0.000131683299774 0.00306603100258 0.000787190757669 0.000951136523611 0.000143294499255 0.000209331858927 0.00030485200871 0.000634888385696 0.000354678647818 0.000138762496547 0.000132964838952 0.00031738848878 2.54855186137e-05 7.50336050394e-05 7.51785837097e-06 4.05202420931e-06 4.12093592139e-05 0.000965070366381 0.000402941345078 0.000519070274875 0.000363282300005 5.56556133673e-05 0.000908811911519 0.000487408665391 0.000677907424415 0.00104274661116 0.000461646538302 0.00100725990382 0.00112184420002 0.000201590064218 0.000757114818439 0.000184015334519 0.000444882358085 0.000403158628572 0.000959673381484 0.000620079530396 3.91786194171e-05 3.86297573292e-05 0.00025737312933 0.000251458168538 0.000631971006925 7.40755266226e-06 0.000368245335944 9.73075177721e-05 0.000227063327676 0.000222565450089 0.00119908903065 0.00119453633014 5.64500655687e-05 7.13336159823e-05 0.000114648448911 3.56805176913e-05 0.000570786245242 0.00072945426589 0.00218604999298 0.0011925338429 0.000448185421181 0.000771052886978 0.000831208224038 0.0012898198693 0.000452680537379 0.000503621531923 0.000838081350342 0.000246361263358 0.00176034241149 0.000380319437229 0.000170248183069 2.79389109856e-05 0.000977852950434 0.0012452569275 0.000304490597504 0.000754609390549 0.000387866900067 0.00052107548385 0.000266129163166 0.00103687168847 0.000876194324012 6.70975183276e-05 5.03620198192e-05 0.000155164399611 0.000891588777864 0.000782922530636 6.93084051441e-05 0.000502411036837 0.000933892306359 0.000144713814817 0.000193657860671 0.000152899257072 0.000323191719721 1.27044478832e-05 0.000266936104752 0.00029666517375 0.000231905937623 0.000348700138109 5.576241544e-06 6.41320282604e-05 0.000162789490434 2.11756776043e-05 0.000148177580978 0.000228857045845 0.000620096573347 0.000609987450226 0.000188442088301 0.000487959391078 3.23492974056e-05 0.000596944342442 0.000553366665333 0.00194727103593 0.000395016983474 0.000411356402783 0.000480362561484 9.58832702166e-05 0.000550765051155 0.000355567049208 0.000576281951384 0.000503894457235 0.000110189142569 5.30176687439e-05 3.50346773472e-05 3.94465197287e-06 0.000983646335291 0.000440418267238 0.000533072535011 0.000902405742678 6.25497134448e-05 8.29631880081e-05 0.000380222347027 0.00117440520143 0.000628059403463 0.000463303524533 0.00130308691405 0.000530689815828 0.000619503861104 0.00119926286905 0.000540942613517 0.000355274590707 0.000240907592051 3.85923812115e-06 0.000743906241847 0.00169066577945 0.000587467831938 0.000822786211016 0.000203410068115 0.000871115177309 0.000872970283705 0.000868449671686 0.000405412015461 0.000160025354218 0.000179099198306 9.75579724821e-05 0.0016199006473 0.000163605066277 0.000116690882662 0.000350218890188 6.73203502801e-05 0.000988627949617 0.00213158532343 0.00157637210725 0.00019785691167 0.000229272647532 0.000354165941168 0.00027825476244 0.00039229352756 0.000440663646704 0.000231182186907 0.00025860132907 0.000761839269205 0.000301173671126 0.000211838024128 0.000479713255374 0.000971681103775 2.97620683086e-05 0.000167883277197 0.000160894712926 0.000324363710705 0.000763368440914 7.97723054741e-05 3.41979363282e-05 4.14495751883e-05 0.000311132545531 0.000389464673458 0.000339794489151 0.000541478688005 0.00027388200513 3.69203023705e-05 0.000151340363106 0.000807004996613 0.0011939026571 0.000277050628432 1.49742510868e-05 2.07105242763e-05 0.000234326778299 0.000954855879024 0.000399781869718 0.000302020933927 5.82768751084e-05 0.000663948452888 0.000659241885488 0.000406485246093 1.85121386387e-05 0.000280481516452 0.00201742442099 0.00135139619587 0.00169341340073 7.76897157707e-06 0.000574721377593 0.000216524063199 0.000804730257194 0.000251663474887 0.000383678798882 0.000362836715102 0.000224192607111 0.000449962811455 0.0017441244296 0.000413505825707 0.000539922898269 0.000626062433544 5.9010481954e-05 0.00141839279528 0.000672427925055 1.66105333271e-05 0.00126087843502 0.000221166630662 0.000233987089834 0.000723623990077 0.000510173927554 0.000476556661039 0.000205812555509 0.000347879707328 0.000299888400983 0.000114385793223 0.000254012324961 0.000305228948322 0.000168487386207 0.000688419296461 0.000399657179637 0.000182438510059 2.62367442089e-05 0.000153354191075 0.000173779505104 0.000127549772291 0.00015042516207 0.000120118618424 0.000521821135297 0.000219872318481 0.00029364246942 0.000695022420777 0.000373196769572 0.000467109103555 0.000287686578137 6.82403823012e-05 0.000518675922843 0.000383052454163 0.00154523075932 0.000961644731706 0.000735261490963 0.000256425937569 0.000210845522823 0.000565837325045 0.000920531612372 0.000332361056447 6.75793186297e-05 0.000279112339037 0.000212665032061 1.48301403018e-05 7.74741897553e-05 2.47514548905e-05 0.000120215239961 0.000855743182962 0.0011953819212 0.000851064114863 0.000314031935564 0.000571574619112 0.000369187174443 0.000417240916365 0.000739144735692 0.0005031778514 7.14806383896e-05 0.000401568629395 3.01280544552e-05 0.000176679321162 0.000421273242891 0.00128433748357 0.000583295490959 0.000813404882862 0.000495974038332 0.00103859341837 0.000355825825179 0.00022950609435 0.000656601397127 1.10277563361e-05 0.000572791063958 5.58418596329e-05 0.000749545581065 6.65883219603e-05 0.000104599471932 0.000191452429026 0.000174846409601 0.000170973681991 3.60165566646e-05 0.000680419109774 0.00111946252321 0.000992836169902 0.000464847456142 0.000214047924402 0.000604172712902 0.00122555204299 0.00158796362478 0.000134356213336 0.00110210146704 6.07109569523e-05 0.00145338309789 0.00116623609515 0.000453793642896 0.000571640994394 0.000533254045144 0.000207574079853 0.00016828712625 6.92917666812e-05 0.000465235700332 0.000536528837622 0.000485532788173 0.00073965354601 0.000509066455209 0.000802926541648 8.77494539557e-06 0.000282824109216 0.000880483680612 0.000369779372862 0.000132642277062 0.000148812196244 1.99740238221e-05 0.000149859710781 0.000287061291398 0.000183229509022 0.000553929535835 0.000682043907553 0.000461459311996 0.000320646483891 5.14967007303e-05 4.89205766239e-05 1.71076158709e-05 3.13992999735e-05 0.000115653834402 3.17290405237e-05 0.000181851329615 1.5220328888e-05 0.000451104158989 9.20396305631e-05 0.00012227461741 0.000126968121173 4.34346834675e-05 0.000121578388908 0.000137644233813 0.000726954543324 0.000333609571603 0.000451042398947 0.000595655775612 0.000604146442833 0.00116238224398 0.000239910852278 4.42278828667e-05 2.54208477789e-05 4.47581066615e-05 1.38014534414e-05 0.000127591438677 0.000732185668393 0.000470767972869 2.26742832846e-05 0.000837288350948 5.10954292847e-05 0.000317832082185 0.00104290458918 0.00177735229451 0.00123948172338 0.000648189716346 0.000847513162537 0.000714443714181 0.000955525338214 0.000841874389975 4.47090521732e-05 1.19002839001e-05 3.34901074244e-05 0.000797456985929 0.000617368163189 0.000692202760567 0.00071486899771 1.13591149009e-05 0.000689516932582 0.000424529583215 0.000458103852215 0.000549542090697 0.000521067903103 8.78676212424e-05 0.000160423522982 0.000215227925592 0.000238975334222 7.26034201965e-05 0.000232379655184 0.000162662316685 0.000549987125293 0.000485854357859 0.000635277200657 0.000636099458826 0.000306017361843 0.000516362442193 8.32664964102e-05 0.000298482686211 0.000317800759856 0.00189317263376 0.000569154942334 0.00109511508479 0.000764693474452 0.000318753211444 0.000148784260254 0.000144146467023 5.23535645366e-06 8.56776901598e-05 0.00053922162758 0.0005037540911 0.000128598124363 0.00113041850355 1.08217148438e-06 0.000773834528469 0.00029688619881 0.00125485226426 0.0014170397458 0.000930010235519 0.000179117835038 0.000289603466834 0.000170029272898 0.00061757953398 0.000101368972815 0.00130332780842 0.00158772966363 0.000290654732759 0.000220037997704 0.000111931930696 0.00127854053439 0.000247928801186 0.00115644143064 0.000599866929563 4.70904221712e-05 0.000626697757874 0.0011203322769 0.0011127823607 0.000253858202693 0.0010634127631 0.000133448281092 0.000737985663895 9.58185946625e-05 0.00114913815923 0.00142555293416 0.000568207469239 0.000924742594943 0.000626152786872 0.000728176250109 0.000557582427087 0.000541037822413 0.000556882065119 0.000472482132454 0.0011582537154 5.60503818104e-05 0.000306245866771 0.000465086302566 0.000326293645838 0.000441284314571 0.000113515144874 0.000769609415481 7.6407290685e-05 1.89316235381e-05 0.00187360846986 0.000310271002336 0.000445114825744 0.000198511081277 0.000674694468267 0.000943384454888 0.00120113407968 0.000377959772207 0.000487281819089 5.62234012048e-05 0.000596728801405 0.000717417354665 0.000658067559555 0.000817370402783 0.000803664824187 0.000205764822395 0.000450204858826 0.000282887483893 0.000400930534367 0.000855735214655 0.00046994441137 0.000174441027311 0.000498252019142 0.000567718146317 0.000445930485279 1.35677333405e-05 0.000224689280589 0.00114238357098 0.00116448024819 0.000405802028174 1.00160029301e-05 0.00110940035042 0.000120375693122 0.000128574732131 0.00042809995989 0.000297682012861 0.00010305957278 0.000176448391684 0.000112626540344 0.000201130648473 0.00156858055299 0.000498390419797 0.00177015545651 0.000949811638393 0.000758599824238 0.000529273969269 0.000655995383783 0.000687624761235 0.00146957556874 0.000153493948545 6.17340721765e-05 0.000706567626615 0.00130341549014 0.000257955186446 0.000665373579041 0.000881888207605 3.458278439e-05 0.000462326094448 0.000319952065814 0.000457342946782 0.00122587097836 0.000751303287568 7.88726024948e-06 0.000352072742704 0.00124465658421 0.00016471601666 5.16293914274e-05 0.000327104558612 0.000218898248924 0.000522329785618 3.63765002612e-05 0.000358053188323 0.000322581568187 0.000338876462887 0.000324972021111 0.00038204234139 0.000568757741084 0.000918512619799 3.62475029295e-05 0.000305329505626 0.000140334559028 0.000385064413703 0.000159442294357 0.000514524204824 0.000331956998736 0.000360705985546 0.000944973437672 0.00101496999853 0.000105038497899 0.000347829516528 0.000424162211016 0.000567620517666 7.54611107179e-05 0.000512262978111 0.000287182599317 0.00206060196455 0.00217527757623 0.000835831076112 1.72773158542e-05 0.000294718784463 0.000309386197182 0.000258687980145 0.000108930353201 0.000430726420736 1.76508860879e-05 0.000328270239051 0.000322411327002 0.001184945409 0.00112143308387 0.000298904626766 0.000270347090543 0.000117715176308 0.0013795453034 0.000807338368779 0.000894732970137 0.00110553082049 0.000649107161644 0.000378934969604 0.000490563802108 1.22914800023e-06 0.00124449675913 0.000896322689913 0.000359522634966 0.00142810254215 0.000634313265011 0.00115008057139 0.000408531514221 0.000927064065894 0.00140245733755 3.41723288725e-05 0.00029216217558 0.000414252113434 5.98456086966e-05 0.000466780121645 0.000336184750627 0.00066656916868 0.000260391943194 1.25494253372e-05 0.000274299498996 2.80094817541e-05 0.000419638953598 0.000787792680399 0.000339375878194 0.000242699636487 0.000855257417003 0.00042158188183 0.000400945267936 0.000114825025728 0.000282462805846 0.000105919530902 0.000890056042132 0.000843359429182 0.00044206574951 0.000732495559282 0.000350622829487 5.20119484395e-06 8.31343128845e-05 4.91111934499e-05 0.00108516222543 0.0011147697146 0.000340879778833 0.0012925783909 0.000187321143599 0.000363072421172 0.000429676142319 0.000195430441008 0.000123828739769 3.35269831901e-05 0.000620362024204 0.000557329281639 0.000406061331105 0.00041385616031 0.000197412883318 0.000786673137465 0.000376689145616 0.000684835223863 0.000643118982496 0.000426147914917 2.24396820608e-05 0.000865340530535 0.000684136643969 0.000692475959188 0.000660927639478 4.14584578657e-05 0.000441236324948 0.000706717222884 2.10478720869e-05 0.000841618906976 3.12983138113e-05 0.000779611887322 0.000298258522196 0.000425681054033 0.000544778346693 0.00056550737134 0.000731157522779 0.000406060296291 0.00105173344737 7.56733534757e-05 0.000683052327791 0.000696639284324 0.000206900585173 7.99305765093e-05 0.000575251084013 0.000110291978138 0.00117002317315 7.6231003035e-06 0.0014326324868 0.000404863008842 0.00050904190188 0.0011569722051 0.00125412117945 0.000324842371977 0.000740293975021 0.00150804068757 0.000862996921001 0.000630242238334 0.000427736646866 0.000601463083263 0.000499924061654 0.00060538610455 0.000312247151664 0.000449002443082 0.000276542005289 0.000968405746657 0.000767178617431 0.000543083772257 0.00102099395938 0.000861009990944 7.67171544051e-05 1.55779968329e-05 3.65421627832e-05 3.23739367453e-05 1.6288872746e-05 0.000664722984514 0.000712019899574 0.000690089406329 0.000713991449119 0.000312407608821 0.00117857095121 0.000652007965763 0.00023174583607 0.000276622882296 0.000273780945686 0.00039410548895 0.000102536111679 0.000669686663287 0.000191823661681 0.000619266460825 0.000970169903823 0.00013275930346 0.000775894579898 0.000909426054799 0.000554278982614 0.000454722905707 0.000633917407203 0.000285365137218 0.000462312016144 0.000281778596182 0.000511382312764 0.000280058283576 2.99531645729e-05 2.30330905458e-05 1.49562712238e-05 0.000990822286552 0.00100455468878 0.000558519544746 0.00057738270395 0.000829374624879 0.000186784298724 0.00132620492438 7.15791802614e-05 0.00074451779087 0.000872639053601 0.00083171130464 0.00088423634523 0.00106151678401 0.000402969674725 0.00020723703229 0.00121502576055 4.88483006342e-05 0.000541290423421 0.00047330192687 0.000914568122412 0.000511762299346 0.000419787944564 0.000119974799289 0.000180527539367 0.000231655907896 0.000792875899308 0.00012109888114 0.000386918487788 0.000306527193325 7.524747975e-05 0.000496292307682 0.000377288272835 0.000341018298145 0.000271800391709 0.000439957387267 0.000575826667491 0.000908743772052 7.91828557978e-05 0.000340477901404 2.67131875921e-05 0.000692976708689 0.000570071486134 3.55407945404e-05 0.000345150534054 0.000377406780304 2.92154085956e-05 0.000550536648164 0.000400094668259 3.09510937848e-05 0.000863495419562 0.000391253821518 6.28973663166e-05 0.000301142360033 7.17530782868e-05 0.000682911208808 0.000451772466239 0.000412805545067 0.000289240852019 0.000337074513001 0.000557077707584 0.000696483677535 0.000508082295417 0.000410378892853 0.000485924527194 0.000732272926855 0.00090779436148 0.000813394884388 6.90749077508e-06 0.000615678148685 0.000269560191531 0.00119360954201 0.000133120361425 0.000618688928375 0.000548345981982 0.000455307914768 8.13671599536e-06 0.000540648465021 1.27573097813e-05 0.000109663262985 0.0001608095241 0.000168008282179 0.000466834585114 0.000357909968349 0.000102905866281 0.000427667813647 0.000276557651859 0.000198925852934 0.000365762822892 0.0012215194977 0.00078880684597 0.00048927887322 0.000878765852629 0.000738029214996 0.000357850373805 0.000709105533985 0.000649869580613 0.000982153372254 0.000523825567526 0.0002702868173 0.0006592833928 0.000368124157678 0.000364151645773 0.000937548648131 0.000162012936022 0.000912131276258 0.00144350356445 0.000381603246006 0.00059899824969 0.000318325753787 0.000594536561473 0.000637588960567 0.000703423014255 0.000728369399285 0.000203517914053 0.000102793471998 0.000231947914196 0.000427102514782 0.000391942581046 0.000697056531961 0.000330006269563 0.000279829606708 0.000285749236724 0.0005506016166 0.000339337018147 0.000966672401904 0.00110078542618 5.12032135966e-05 9.57507336036e-06 1.74538805256e-05 0.000323181422763 0.000263950252428 3.14336464293e-05 3.20660275978e-05 0.0004383969786 0.000219250343773 0.000372013659665 0.000174176976488 0.00036034890004 0.000591179965213 5.73907849062e-05 0.00166669246215 0.00133791948301 0.00174279200072 0.000551993517864 0.00122490887554 0.00128560410473 0.000270463467684 2.69646476314e-05 0.000221725866625 0.000371443988892 0.000465185279668 0.000315539693755 7.01041271706e-05 2.45088480249e-05 2.73236462583e-05 0.000155129750246 0.00054473834682 0.00059458496251 0.000533884292595 0.000825978686794 0.000825888317076 0.000250052580199 0.000147106331964 0.000106660318851 0.000826163029379 0.000267800183227 1.7341608465e-05 6.96357930094e-05 0.000303017540294 0.000149757650009 3.50939460794e-05 0.00085996451007 0.00045844407723 0.000156792007337 0.000144539613328 0.000163442348975 0.000626414542329 0.000996727889793 0.00029430327812 0.00012758421974 0.00022596513519 0.000103500061272 0.00069582039831 0.00018499081205 4.10848780087e-05 0.000124045888727 0.000994537176044 7.71614571872e-06 0.000477612288995 6.80230749769e-05 0.000103357019069 0.000187606170118 0.000537669382551 0.000666163893843 0.000497835220336 0.000296480971033 0.000272855078359 0.000877388605029 0.00148412789131 9.50375139484e-05 0.000450733713847 0.000316705030076 0.000145671855341 0.000679330335106 0.000716630099641 3.99112323567e-05 0.000667333762745 0.000111320584111 0.000208834755405 6.97083105872e-05 7.18604076624e-05 1.0471630569e-05 0.000146387244032 0.000101084677045 0.000188408443621 0.000124868103208 0.000119182237066 0.000120054340959 0.000210855652731 0.000293006252934 0.000454239017674 0.000474928791161 0.000439260684499 0.000756677899062 0.000891530773166 0.000721528645064 0.000917984807872 0.000271880416936 0.000298346503009 0.000244590212873 0.00243916214318 0.000700328485018 0.000911125925616 0.000106146212281 2.24627516836e-05 7.77488204506e-05 0.000387862518505 6.20425963388e-05 0.000297025351891 0.000636913583757 0.00119440914264 0.000548425426603 0.000918916627373 0.000591286011881 0.000567985221056 0.000829127813359 0.000551131874216 0.000250246466597 2.65893488578e-05 1.52999070364e-05 0.000633366174275 0.000728367001589 0.000982020108947 0.00129143227193 0.000255693572406 0.00112559976383 0.000594956555218 0.000433949750467 0.000376725488058 0.000175546022638 0.000290694292684 0.000745866536107 0.000717515133346 0.000365290603518 0.000686556702047 8.26586893174e-05 0.000159635678988 4.41103221344e-05 0.000662946646598 0.000626059910177 4.34317059776e-05 0.000100668863783 0.000586178780986 0.002234803812 0.000694161033409 0.000767395426583 0.00035039304746 0.000478879181113 0.00136156118546 0.000249443190432 0.000692940761139 0.00016514042021 0.00111346982326 0.000636430338461 0.000345934811113 0.000793334825159 9.40556361418e-05 6.39587981089e-06 8.36344640198e-06 0.000291591389194 8.39334034372e-05 0.000194377036012 0.000275572969654 0.000277477571688 7.60577905898e-05 2.0860663322e-05 4.54120224873e-05 9.34365433833e-05 0.00037654431278 3.90003630909e-05 0.000421588610908 0.00047866636261 0.000660338150515 2.56672060104e-05 0.000250352645152 0.000421993018253 0.000247990103962 0.00111609735952 0.000294081220958 0.000707271908199 0.000160386880848 0.000125652786494 0.000195668841918 3.33695511302e-05 4.06387093275e-06 0.000739249029606 0.000171656088669 2.69745427498e-07 0.000327307880006 0.000622149719512 0.000442098918167 0.000585237940909 0.000336242057948 0.000621504194477 0.000537029098817 9.66748745281e-05 0.000891427996478 0.000159630793426 0.000216674983519 0.00069141472199 0.000677538421457 4.16192686707e-05 0.000353816101466 0.000251293128599 0.000706861054742 9.39626682942e-05 0.000370122268317 0.000127779854167 0.00024650558073 0.000232568523231 0.000702908540801 0.000529646545737 0.000783519145621 0.000906132494492 0.000497322205054 0.000243559570234 0.00026626278121 2.41526293046e-05 0.000187763727727 0.000324207247353 0.000218696864442 0.000526885883363 0.000210490302967 0.000254639683753 0.000229893820165 0.000128248611875 0.000497727611719 0.000202325048732 9.92348444886e-05 0.000533278767362 0.000140933598535 0.0011088546552 0.000129406172301 0.00029748864429 0.00060508880398 0.00046471328099 3.17459512432e-07 0.000412748409698 0.000996540035779 3.16575794748e-05 4.91524318475e-06 0.000625107810171 0.000320301542785 0.00172199956388 0.000264937184044 0.000781371305032 0.000296700587129 5.0628420515e-05 4.31442820081e-05 0.000758335989 0.000471913459906 0.000426711499006 0.000205149750302 0.000155286617189 0.000263927860703 0.000582077778591 2.98560664115e-05 8.53487106532e-05 0.000836917291415 0.000551579610435 0.000383363966731 0.00082103419648 2.68783584944e-05 0.000554685502024 0.000433305783767 0.000547424666684 0.000539423041761 0.000585822609854 3.84501734538e-05 2.40929318953e-05 0.001208024423 5.47295653491e-06 0.000573392382836 0.00100378459734 0.000225851425948 0.000794579207724 0.000526326902086 0.000571913442263 3.77243709959e-05 0.000515230291453 0.000253916517403 0.000759426743984 0.00102737108147 0.00111370172265 0.000593327933821 0.00134797663814 9.75223290219e-05 0.000125781542391 7.59934826873e-05 3.36235637723e-05 0.000577608512961 0.000315037067393 0.000366471652244 4.40726654556e-05 2.47455507233e-05 0.000475319331951 0.000253086014646 5.01325531543e-05 0.000327258535793 0.000118053590799 8.86314860337e-06 0.000429630953385 0.000271920881819 0.00109701068886 0.000138953176008 6.4622308263e-05 0.000766500184933 0.00057541520857 0.00115899640026 0.00010481362104 0.000403084855673 0.000818968283188 1.1674049115e-05 0.00066837893053 0.000389925004314 0.000498596950902 0.000598655068553 0.000412134192407 4.60509598425e-05 6.56581932342e-05 6.14540259359e-05 0.000194960818118 0.00112046994763 2.36087499991e-05 0.000272180749184 0.000394330289653 0.000345825116569 4.31135417055e-05 0.000324348042342 0.00123935792056 4.80552249726e-05 6.62812440209e-05 0.00115303692673 0.000711309029108 0.000428950901049 0.000532420897045 3.98616101786e-05 0.000696270605704 6.87197768185e-05 0.00128457023743 0.000105443571509 3.32020070276e-05 0.000411838391103 2.14358776503e-05 0.000102330969614 0.000208728470071 0.00023185222365 3.23966607562e-05 0.000281958792707 3.05424251554e-05 0.000598066404435 0.000549138645014 0.000365452444488 0.000224420678311 0.000504268698786 8.01721228306e-05 0.00028531269239 0.000454608930902 0.000484296216466 0.000389344297266 0.000278818877089 0.000354834405005 0.00048998890832 0.000179807839467 0.00024646704691 0.000322344206386 5.52821972813e-05 0.000912032747394 0.000717045185751 1.73167409285e-05 0.00110339009261 0.000537397434911 0.00119333373398 0.000242462444195 0.000676810511391 0.000676991888364 4.86353517914e-06 0.000237610352621 0.000139036739953 5.80575048939e-05 0.000416211662539 0.000461843900073 8.98879184167e-05 0.00032503764948 0.000836079001716 0.000320582605124 0.000423174205697 0.00100523235289 0.000252729866582 0.00029762646674 0.00077333828236 6.9788669011e-05 0.00157646578697 0.000424931231679 0.000361833340694 0.000700903744007 0.000380031792493 0.000354830664037 0.00049115719129 0.000239837424255 4.04337605067e-06 0.000424728798464 9.01860609784e-05 0.000183430952675 0.000150108432282 3.7517985045e-05 2.33986532258e-05 3.96630927702e-06 0.000179370034014 0.000125806033469 4.06237878215e-05 0.000197728783961 0.000349155564022 0.000114458204182 0.00092105574498 0.000208367618995 0.000935105934334 0.000632810409291 0.000244725386121 4.16749341035e-05 0.000341146736838 0.000645574733033 0.00010579100306 0.000317103841251 0.000427402506776 0.000109562022303 0.000137264371193 0.000442150298675 0.000473193131316 0.000348026066724 0.000103782125265 0.000409917002607 0.000363065694408 0.000370731278278 3.69341813664e-05 9.71706804625e-05 0.000296170763569 0.000188703237906 8.48526734394e-05 1.84313269956e-07 0.000578880897156 3.54567054452e-05 0.000425250775786 0.000105808861201 0.000587192682839 0.00014894597879 0.000245231155972 1.44709673095e-05 0.000441140598188 0.000181633819772 0.000726065456183 0.000420777861711 0.000316946085234 0.000214870829778 0.000169315857806 0.000410981144941 0.000510673544111 0.000525997359061 0.000439621718146 0.000391561306955 0.000213039131262 0.00110693011281 0.000179225122655 0.000573335890161 0.000189236809638 0.000241549977638 0.000179274670303 0.000731940907267 0.000595792029738 0.000742406400711 5.35175726534e-06 7.25747184829e-05 0.000844110547293 0.000110824923775 0.0010003899878 0.000357810401104 0.000788489609435 0.000182564987146 0.00128228708858 0.000557180806628 0.000579870318252 0.000455783998595 3.89830018752e-06 0.00109959729019 0.000741477314899 0.000627093542251 0.00136628729451 0.00102143144764 0.0013138674317 0.0007300937177 0.00106344592703 0.00101444053186 2.06901715569e-05 4.71900494891e-05 4.7247250295e-05 0.000112984676963 7.15535657596e-05 0.000133240038209 5.35556402653e-05 0.000221508373911 0.000210904173946 0.000111932079235 9.62030976286e-05 0.00012931478694 0.000787894903187 0.000207519731535 0.000130826982223 0.000778414459282 0.000628738574272 0.00016048494251 0.000762437883544 0.000662537739366 0.00030984641174 0.000776521237772 7.6670770978e-05 0.000122279372637 0.000719495083285 6.99522236572e-05 0.00062903011934 0.000229392526966 0.000348394195658 0.000563901079997 0.000700685560036 3.96146938732e-05 0.000206885815183 0.000614495567665 0.000277733212265 1.53877774404e-05 0.000340125888416 6.07147924951e-05 0.000141697359467 0.000379941479091 5.99778958041e-05 1.94962005685e-05 6.69096044998e-05 6.83320164028e-05 0.000267767264473 0.000314118728436 0.00014939985109 0.000389609266963 0.000352619043072 0.000193306795422 0.000217519673461 0.00011103916377 6.10729054091e-05 8.45049926339e-05 6.33460182895e-05 1.17155250226e-05 0.000518447888919 8.28361485972e-05 0.000619650038171 5.28687992489e-05 0.000102898629914 6.86920528734e-05 0.000324503153749 0.000292617424628 7.45410289771e-05 4.97681251384e-07 0.000474173873409 0.00023602693938 0.000128528524049 0.000119783133121 0.00020755240734 2.37192684281e-05 0.0011612148465 0.00117799122284 0.000949570289215 0.00064019719596 0.000546617316829 0.000707896505399 0.000954873392647 0.00072257893377 9.06865934576e-05 0.000666539816945 0.000421719658427 0.000555980977295 5.7986062332e-05 0.000468666756689 0.00016662672808 0.000615485857331 0.000165090674849 5.16078737732e-05 8.36579699925e-06 7.55116630379e-06 0.000400372545884 0.000378636462298 6.45080257496e-05 3.83140156408e-05 0.00117098785506 0.000303189194461 0.000576336387937 0.00011850954874 0.000290854912472 0.00105350490619 0.000323815949778 0.00027379103906 3.44168653807e-05 0.000485041959808 0.000426882272231 0.000133218339745 0.000755075356946 9.23431966085e-05 0.00052110376234 0.000552245641857 0.000336917322442 0.000741482950952 0.000657895155022 0.000304531232079 0.000867142206589 0.000382186025945 0.000127461459315 0.000714838314605 3.70619698899e-05 0.00058739630492 0.000779570050845 4.69299533112e-05 0.000131610972527 0.000464973240901 0.000458190180869 0.000757989055962 0.00112769573343 0.00108548997281 1.62358291464e-05 0.000117734374151 0.00041218796758 0.000102088768895 0.000306514190664 0.000658023661286 4.9354548767e-05 2.08292761061e-05 0.000530019937474 0.000215525729889 0.000472222727238 0.000187253790322 0.000347650365237 7.72752495177e-05 0.000804194337317 3.35851574672e-05 0.000785482982487 0.000242155595039 8.50160243271e-05 1.72931580227e-05 5.31809312221e-05 0.000172198999695 0.00047999867561 0.000350362470633 1.72019710821e-05 1.83002016108e-05 0.000130979618192 4.31827311866e-05 5.36009685056e-05 0.00011363130133 0.000573289069333 8.83618361625e-05 0.0010846119814 0.00057323209776 0.000348497067297 0.000107718149434 8.9476638872e-05 0.000756303395364 0.000855884322214 3.10283563347e-05 4.5429539407e-05 0.000352065310553 0.00020046885824 0.000747119624019 7.60488720217e-05 9.72176631529e-05 0.000436598350515 0.000157618852032 0.00136541110589 0.00082144034804 4.94823778805e-05 0.000449835506159 0.000509004686428 8.30958423961e-05 0.000444389188421 0.000154405420132 0.000136258539388 0.000752629047633 4.04042809218e-05 7.82546515629e-06 0.00041788095537 0.00103778264179 3.56676918806e-05 0.000339346286422 0.000274566791748 3.78905479137e-05 9.50184090794e-06 1.40706073952e-05 0.000534421198714 0.000272620158734 0.000461620713736 0.000180991646303 0.000347140313996 0.000631949608177 2.27565695896e-05 0.000343088429816 0.000540381190731 0.000102118628664 0.000441773783351 0.000238520659061 0.000453310980032 2.27829846757e-05 0.000299670415304 0.00013842301912 2.42583591368e-05 0.00147206300827 0.000235737846951 0.000601379923229 0.000616240359944 0.000312686566782 0.000469847876181 0.000134055939452 2.78590260263e-05 0.000106397932066 0.000471449889233 0.000469792122538 0.000379845077284 0.00103590399456 0.000668643585874 3.74218484208e-05 0.000225767307487 0.000385583001271 0.000215595457243 0.000790707197388 0.000243480768511 0.000725883831328 8.81921596978e-05 0.000185926966037 8.49261300268e-05 5.15593429761e-05 0.000132690964863 0.000162056339906 0.000418161243765 6.76727265249e-05 2.85490943004e-05 0.000954542254758 0.000309928001151 0.000348917873126 0.000201434049548 0.000103429277413 0.000180709618972 0.000455340660068 7.52603178447e-05 3.50752071008e-05 5.26418219556e-05 1.39194800694e-05 6.63391077814e-05 6.19300846482e-05 0.00053628670737 0.00132258093724 0.000921815876412 0.000379157416904 0.000399211288874 0.000580016936584 2.09099287459e-05 3.57378152025e-05 0.000149840660446 0.000210731285037 0.000220004460174 0.0005808986415 0.00063897029372 4.54418481486e-05 0.000565296893155 0.000175468677756 3.5413803856e-05 0.000405043871343 0.00150575857523 0.00058345182957 3.15969404982e-05 0.000229735376317 7.49544321223e-05 2.7770383676e-05 0.00074348955322 0.00046734082874 0.000812044287112 0.00092494125392 0.00024542416043 0.000369051544986 0.00028611930361 0.00076469107314 0.00080142807941 0.000500242037675 0.000313146520141 0.000666906481538 0.000481501804336 0.000436197980744 0.00141015998541 0.000507310948076 0.000313433576082 0.000778516112686 0.000175582494116 0.000127903590538 0.000231632836216 0.000251891961987 7.47673194938e-05 0.000214896506866 0.000397334260555 2.84633314005e-05 0.000393838582963 0.000165212891496 0.000454796300059 7.0778873628e-06 0.00113743086387 0.000167009177646 0.00104434228015 0.00132194775429 0.00163221898915 1.49720274107e-05 0.00064140233464 0.000108316298122 0.000445208143092 0.00088761000797 1.33405184764e-05 0.000306823871078 0.000239372203997 0.000525141058107 0.000218840604916 6.87340734818e-05 8.73423836972e-05 0.000100751543231 1.27709399208e-05 0.00121028543315 0.000549751263488 0.000579695494064 0.000481069424292 0.000115232609288 0.000574315545506 0.00092032156362 0.000814164449959 0.000135148246696 0.000334171920325 0.000479241430135 0.000462492146597 0.000492388696152 0.000325913424006 0.000249057544141 0.000166081588186 0.000295263539783 0.000211366205272 0.000345911132029 0.000404794613266 0.000142936880042 0.000610768997156 0.000345270851127 0.000261730087621 0.000350265754798 0.000195228174909 0.000256943524955 0.000636757223779 2.04985643071e-05 0.000186473606917 0.000310407890956 4.36328893593e-05 0.000352600253874 0.000181798243278 0.00174264374203 0.000217034232624 0.000381927700418 0.000441898329023 2.05013881166e-05 8.79149026076e-05 0.000166056115489 0.000623521291132 0.000399801979037 0.000566892281945 2.17170097311e-05 0.000261745197504 0.000191230448477 0.000987343730135 7.35645932477e-05 0.000914797723186 0.00103065305449 0.000207374728317 0.000723194154404 0.00144021577295 0.000632333524068 8.97410124698e-05 0.000233787032291 0.000132600758685 1.74637311215e-05 0.000270578302348 0.000384234537021 0.000406307937359 0.000157401746453 0.000829748269265 0.00102650399822 0.00019162352335 0.000150968241371 0.000240067810905 0.000204168456297 0.000376215892973 0.000199163879713 6.72561838473e-05 0.000202737344725 0.00038825053202 0.000196501059503 0.000142143135634 0.000274759309038 6.79765273876e-05 0.000415983076516 0.000158898314464 2.51367105059e-05 7.96623001137e-06 0.00156853778157 0.000879090341994 1.86826529944e-05 0.00074193037224 0.000324215304735 0.000234585542493 2.08781513328e-05 1.84533893403e-05 3.75876115057e-05 3.44122562498e-05 1.70298824124e-05 0.000906588658524 0.00107959785359 0.000386411470528 0.000970829898904 0.000442593554943 0.000463006006501 9.11990246747e-05 3.0879199917e-05 0.000403478141268 6.96706836369e-05 0.000101171421856 7.3118593436e-05 0.000148913481486 0.000148842473282 0.000713431149646 0.000622075653944 0.000883250822856 0.000586245002426 0.00047425537967 0.000219444793914 0.000114654925314 8.12074376913e-05 6.55359735613e-05 0.00117764709159 1.58167368076e-05 0.00144564993169 0.000242975651293 8.30740434043e-05 0.000166175311929 0.000665890288092 0.000465556762893 0.000418396016501 0.000122297670122 0.000346332904183 0.000398187744806 4.70209164641e-05 0.000365297379728 9.66340965825e-05 0.00022992806441 0.000202362173172 0.000364280139463 0.000292744674399 9.27343245299e-05 0.00021738128854 0.000129733414006 0.000220764180388 0.000489770549076 0.000386946302207 5.63811403144e-05 2.18378259051e-05 0.000738915732227 0.00117077206379 0.000298552809391 0.000196640933806 0.000173889071626 0.000624036866397 0.000304323804079 1.70169037292e-05 0.000282197921648 3.89318653382e-05 4.75527126103e-06 0.000160123651252 0.000586928628454 0.00059182449724 0.000362188080629 0.000754832891221 0.000555415944165 0.000864352159525 0.00114348120209 4.68171434957e-05 0.000822746049146 0.000989370043872 0.000864588784101 0.000320560754982 0.000173045033771 0.000144628792829 0.000200236152498 0.000301129081304 0.000139750164667 0.000435430754521 8.97400744976e-05 0.000198714979201 1.56358077351e-05 0.000109426737635 0.00107429669857 0.000489190451814 0.000764782340732 0.000285960245528 0.000811799307078 0.000734300888691 0.000538767371137 0.00118007014961 0.000579453026356 0.000590207277822 1.26522744518e-05 0.00111259450552 3.02809076766e-05 4.59677864607e-05 0.00031416809303 4.99605463569e-05 6.25078353501e-05 0.000214950093743 0.00019278632039 9.72147618366e-05 0.000220209346386 0.000359268927056 0.00043767337055 0.000176862785575 0.000667464135438 0.000260138607832 0.000944951497424 0.00083322360299 9.07846840494e-05 3.23752131584e-05 0.000101913964019 1.86151585698e-05 0.00119681248486 0.000708244627858 0.000282638099909 0.000432702211666 0.000430265369054 0.000456029313856 1.64061606054e-05 0.000196042831514 4.98588472185e-05 3.70917447602e-05 0.000457182713138 9.95706885515e-05 6.46546938369e-05 5.11292510854e-05 1.57913370715e-06 7.43539252932e-05 5.68794351406e-05 0.000131237641998 0.000123528126514 8.72508770718e-05 2.15641570328e-05 0.000235380898763 0.000410970400615 0.000238375782614 5.91281170572e-05 6.35985878295e-05 0.000342904528727 9.36500054887e-05 9.14387134498e-05 0.00078694760625 1.00130216339e-05 2.14820025963e-05 0.000278846840599 0.000766896166068 0.000602445324142 0.000110646148499 0.000208116234989 0.000573872815996 0.000558567529647 7.20110983716e-05 0.000562985043836 0.000830215400142 0.000502310321357 0.000816021497073 0.000669051492871 6.65317358129e-05 0.000201793516247 0.000995571105612 2.47548494918e-05 0.000100228101278 0.000607528291937 0.00108481661724 0.000498774934951 0.000404130992566 0.000787085685862 0.000839670962916 0.000303354776893 0.000357460071362 8.71306149627e-07 0.000307258721311 0.000351285481765 6.68078312796e-05 3.11995372662e-05 0.000257287172101 1.9162644984e-05 1.92244178137e-05 5.07790785968e-05 0.000302332573693 0.00102238873048 0.000346987343412 0.00120234716844 0.000590428356916 0.000314141630375 0.000251757530396 0.000142404104208 6.16626606171e-05 0.000450974722698 7.85008167351e-05 1.11645392381e-05 7.06343503392e-05 0.000467071599442 0.000141613614949 0.000772550074427 0.000236256889513 0.000105746427204 4.14827024104e-05 0.00111398956131 0.00040565601771 0.000265213418852 0.00102351148606 0.00173234692819 0.00153759715633 0.000580014826035 6.21854112646e-05 0.000621692279558 0.00052552034978 0.000589856252439 0.000426019605163 0.000194112900781 0.000109201074274 8.00470899017e-05 0.00047227587852 0.000264567423779 2.36084402777e-05 0.000305162216234 0.000164611130211 0.000637489893168 7.53448950771e-05 0.000459133714465 0.000142274266031 0.000229278255574 0.000101281277747 0.000242782764761 4.50917884586e-05 0.000186680421515 0.00107974817283 0.000266407249562 0.000648809748408 0.000712043160974 0.000883916795399 0.000546334989849 0.000604507875047 0.000530072923294 0.000639837946543 0.00159131146738 0.000540100872995 0.000195905717488 0.000662862614003 9.65808640174e-05 5.60692750647e-05 5.23271415689e-05 4.50908333146e-05 8.37460244825e-05 0.00034777045304 0.000245975438189 0.000138956947424 1.21567078016e-05 0.000831177956715 3.81133029644e-05 0.000465968436269 0.000314434932859 0.000103460989988 0.000808202912503 0.000227985371484 0.000562320761946 4.75975230668e-05 0.000896407051418 0.0001848209189 0.000823177036087 0.000304152574822 5.29424304037e-06 0.00156189125505 0.00131698325959 0.000448178647049 0.00136695882971 0.00038598858147 0.000532283903789 0.00142332055505 3.16321628083e-05 0.00046195893546 0.00080698666154 0.000108797869746 3.551275922e-05 2.06189615275e-05 3.19476625745e-05 5.27164524057e-05 5.12177667165e-05 5.87217094254e-05 0.000160950705534 0.000190546497891 0.000447420445669 1.55073911815e-05 0.001505564102 0.00156735538723 0.000625652682022 0.000898161175339 0.000129676474713 7.93830666101e-05 0.000665657480715 1.80803780183e-06 0.000228513890623 0.000335485495952 4.62516023782e-05 0.000215602971518 0.000410864113835 0.000171534496062 0.000395462476962 0.000408682118625 0.000422098000039 0.000930636309199 0.000532196180943 0.00041765272284 0.000327084892215 3.27607377531e-05 7.43706745883e-05 0.000688704326454 2.33048966797e-05 0.00072280644145 4.22487508502e-05 0.000184028244581 0.00102738237146 0.000843484720824 0.000815592955926 0.000409524382468 0.000419077375432 2.13273351465e-05 0.000231965026853 0.000277724540909 0.000259944760916 0.000579241562728 0.000700395967782 0.000414305458271 0.000321437711531 0.000578476426683 0.000278402103607 0.000387731896152 0.000457368245976 0.000541745437824 5.61182454651e-05 0.000579375715611 0.000706456494419 0.000256198492626 0.000121453978579 7.58421033136e-05 0.000163106065245 0.000119196297523 4.82529149512e-05 0.000161686768672 3.23213636487e-05 4.70271533377e-05 1.62278763849e-05 0.000209939517347 0.000238193375152 0.00017889495243 0.000229105014561 0.000218218289781 9.31492791356e-05 0.000131964272396 2.79985777106e-05 0.000352040283912 2.39853082842e-05 0.000392882263069 0.000464234193506 1.40633540629e-05 4.55516687717e-05 0.00039917642872 0.000723496731342 0.000403096437118 0.000397564173078 5.60951714759e-05 0.000245597868402 0.000369919675618 0.0003853720528 0.000230972694246 0.000141996056799 0.000219713072028 2.72237739192e-05 3.60766711439e-05 0.00023365025469 6.08129343494e-05 9.92237172983e-05 6.27022903122e-06 0.000275867984161 1.26039693318e-05 0.000150966964835 0.000208989750597 6.24707337084e-05 0.000179959015918 9.97925772092e-05 0.000167770902886 0.000632028070687 0.000632344190228 0.00015608229039 0.000210626320981 0.000224593185316 4.09657114512e-05 0.000173678253595 4.26000311729e-05 0.000378515594564 0.000251459873348 0.000249598289641 0.000132744352276 1.65743124332e-05 0.000673612056258 0.000214023271528 8.81125266101e-05 0.000192709845708 0.000126280072388 0.000228414820285 0.000634907660112 6.23798577991e-05 7.57943966637e-05 9.70785125446e-05 0.000113169295348 0.000144248821434 0.000260088394486 7.99048119271e-05 1.01827018092e-05 0.000384357544807 0.000215017768569 1.86864572203e-05 0.000175198298556 0.000110641637796 0.000138013623254 0.000105570546087 0.000101960708559 2.38799209314e-05 3.22067475313e-05 0.000630246704864 0.000718426503739 0.000226462410869 0.000301156175908 0.000171594338336 3.33679263363e-05 3.26379596234e-05 4.35504478037e-06 0.000353840258795 0.000192870413275 0.000403050974795 0.000638360848418 0.000485682045966 0.000236473654823 0.000192665684995 0.000300912923614 0.000253069074542 0.000359199930068 0.000224147154395 0.000154749235884 0.000212433366636 7.27748628026e-05 0.000459085884452 0.000454874693967 8.64275713091e-05 6.00559633766e-05 0.000176039556114 0.00015752212515 0.000111721871441 0.000462559045061 0.000436310516604 0.000653141917037 0.000241991137363 8.31799262389e-05 0.000329080539145 2.86209913212e-05 0.000562431793188 8.73817796298e-05 0.000393832837523 0.000296643251644 0.000322149738542 4.179238727e-05 0.000251981814521 0.00104586112859 0.00025782402071 8.14107010859e-05 0.000246542945019 7.11003976829e-05 0.000186988434699 3.84259656103e-05 5.86012971547e-05 0.000150385243543 0.000267737200872 0.00102558657354 0.000472072773078 0.000115116445842 0.000405482950672 0.00100759134428 0.00058149443785 0.000603564760243 7.1483379495e-05 0.000321440765466 0.000816249198757 2.05357581361e-05 0.000152001741209 0.000213772526489 0.000186612138641 0.000189846897187 6.22395231452e-05 0.000391012863076 0.000150964910964 0.000517161198319 0.000570230889446 1.18830065216e-05 0.000660482508945 5.05692496233e-05 9.11904938429e-06 1.01322144451e-05 2.25153187194e-05 0.000646119844536 8.30745493627e-05 0.000299555704089 0.000348658634878 5.22855378142e-05 0.000376651775409 0.000733995627536 0.00065120025289 0.000534256450296 0.000153754467527 0.000478866153397 0.000200539324791 0.000485597706493 0.00020022950085 0.000113951926828 0.000506353787696 0.00018119503403 0.000240071740061 0.000200421081948 0.000252735175257 3.11815648208e-05 0.000189724843795 5.9080616764e-05 0.000136733471426 0.000392652037678 0.000116228897401 0.000161171223503 0.0001883090752 0.000488882503586 8.90922079295e-05 0.00014513071652 0.000391572621351 0.000326035716981 9.70906203467e-05 8.51703713782e-05 4.11371854498e-05 8.55387423869e-06 0.000204660356497 0.000295338091914 0.000159232206732 0.000459619301693 0.000136370154679 0.000275472358678 0.000438741833073 0.000142881748798 0.000261857203989 8.2749603063e-05 3.1240211674e-05 3.95084185356e-05 0.000136148469444 5.67588820585e-05 0.000109408500516 0.000897358874209 5.33999871147e-05 0.000452073187365 0.000527879646095 0.00068085353206 0.000941337118845 0.000482049864761 0.000341291785854 0.000220225945695 0.00032673702958 0.000157871081658 0.000299119256766 4.62375633528e-05 2.18651252248e-05 4.19208285941e-05 0.000905412838483 0.000548412867942 0.000253395163475 0.000812011527232 0.000983080415941 0.000536608957584 0.00105314635911 3.77681358475e-05 4.51617519231e-05 6.8638008626e-05 5.66570773467e-05 0.000720205256441 0.000102618249905 0.000474125641728 0.000382260684837 0.000614988241036 2.23246843137e-05 0.000228328734148 0.000654327623203 0.00028696496657 0.000128613396813 0.000203715270681 0.000166383857951 0.000125213877174 4.14467891663e-05 0.000122441184006 4.3983201005e-05 0.000168619654695 7.17779756137e-05 0.000198415660299 0.000109545952873 0.000277963800809 0.000248266127551 0.000125110776179 0.000275435979614 0.00045014667936 0.000564161461002 0.000288647681175 0.000159291467446 0.000366453986826 0.000335655422946 0.000165052109823 0.000341785828032 0.00011955606462 9.22419628385e-05 0.000816057574298 0.000353081909533 0.000137359526566 0.000176053958891 0.000103182276308 0.000234976825584 0.000199205816838 8.86056841596e-05 3.87677108488e-05 4.42297916218e-05 0.000585743448279 0.000121223418016 5.19932518291e-05 0.000482719975487 2.5150227544e-05 0.000338118644397 0.000255214606342 4.44720413498e-05 0.00112628308286 0.000485653933818 0.000431541541364 0.000230705522169 0.000560591567843 0.000119397427848 8.3597675194e-05 8.10450353313e-05 0.000144561021286 0.000364863033923 4.78120920344e-05 0.000463488395856 0.000405521651582 4.23043325585e-05 0.000233196141873 0.000449295130605 0.000254230955512 0.000182808136415 5.25791531421e-06 0.000100936736409 0.000128432724797 8.38979956188e-06 4.8016249577e-05 5.44825688083e-05 0.000276871573082 0.000124042438386 0.000421544998432 3.48516139288e-05 3.42854343579e-05 0.000317919639334 2.77474200473e-05 0.000204037870177 0.00010138838725 3.8119665763e-05 2.54769561611e-05 0.000164336950341 0.000190296652617 4.04558083469e-05 0.00032311243487 0.000454173783897 0.000287170609925 0.000543536796427 6.29996717204e-05 1.31876429561e-05 0.000592181473332 0.000270168906951 0.000764489947014 0.000169576810386 0.00032463990484 0.000758768744657 0.000520780541398 0.000453757334128 0.000324469240226 0.000124477300473 1.91584744508e-05 0.000197585806018 3.01818434751e-05 0.00017747627172 9.74861142566e-05 2.00256868231e-05 0.000144097314277 1.51821295199e-05 6.0829278538e-05 1.84581602319e-05 1.04952963958e-05 0.000454402528214 0.000177829207029 0.000312245939075 2.63847266599e-05 0.000468147295243 6.72764052813e-05 4.10096914977e-05 0.000639245744643 0.000189373060597 0.000341970007117 0.000519712388125 0.000515225562552 0.000565758662963 0.000577375408946 6.17921508791e-05 0.000185643182212 0.000188429637266 0.000121106699156 0.000137173629088 0.00032563237462 0.000330729078933 0.000242689802931 0.000377133899042 0.000522978737941 0.000108436064221 9.68733502582e-05 0.000133205592448 7.48158234475e-05 0.000105663273941 4.44848845289e-06 0.000543058085156 0.000217755193435 0.000153536682865 0.000201291458307 0.000179934820272 0.000104695670422 2.11879907348e-05 0.000198007346738 8.57828516244e-05 0.000174206400626 0.000383790589248 0.000158718606473 8.3228041479e-05 0.000399852140741 0.00051666827449 4.57600368876e-05 6.22177261156e-05 0.000600402283788 0.000107251607337 4.83383772628e-05 6.27304108796e-08 8.48210844651e-06 4.63185090762e-05 0.000146649196606 9.8755439917e-05 5.21255389497e-05 0.000120221702675 0.000144370596585 0.000322402747807 0.000747596351019 0.000443398934193 0.00046726677275 4.91025549994e-05 0.000651875933374 0.000337185112631 0.000791806317672 0.000355464803142 0.000790219699209 0.000395985369873 5.05499668671e-05 0.000517750118767 0.000482724638131 0.000662886511152 0.000746173673933 0.000161587196277 0.000842450771315 1.3373901813e-05 3.00619052025e-05 0.000119067447643 0.00019367129155 2.89728878325e-05 0.000225065981825 0.000718325441212 0.000207163120657 1.85718953095e-05 0.000120102506685 0.000367653837069 0.000267782827794 0.000310692373854 0.000666418837097 0.000115818879673 1.07361475631e-05 0.000257564164043 0.000127846035716 0.000600253330323 0.000597683102131 0.000113587688026 0.000413697930636 0.00061951880642 0.000508224530348 0.000120899877868 0.000320649671834 7.98543686295e-05 0.000222499606207 0.000130715862971 1.05091456565e-05 0.00010470846982 0.000271492882351 0.000282802350765 0.00027739162835 0.000280836393373 0.00016398190223 0.000312397722776 0.000397486758642 0.000397320275851 0.000223181932682 0.000341802950392 0.000386989029829 0.000158113182835 1.80218690062e-05 9.94358462094e-05 7.97498434792e-05 0.000432086412743 4.17227639063e-05 0.000120830232073 0.000106186898604 8.10612434644e-06 0.000149130523363 9.45147590332e-05 0.000107397367641 0.000100376993784 0.00025301545393 0.000248267682405 0.000643656367422 0.000310135905353 0.000173802607721 0.000529674977133 0.000127608686683 3.51715296851e-05 5.51437555155e-05 0.000495785278262 6.54294050134e-05 0.000531706910646 0.000156660350621 0.000169380664441 0.000223603128014 0.000427485163503 0.000300535844523 3.71358804193e-05 0.000135342978452 0.000299894462476 0.000207843919813 0.000449745238654 0.000583814436274 0.000243153862833 0.000566188958595 0.000157321030397 4.18620936999e-05 0.000126773234957 0.000159610189191 7.72010506961e-05 0.000137398898344 0.000173500006523 7.81330137503e-05 2.4675941527e-05 0.000130216936231 0.000119767676171 0.000572076441673 0.000165776058063 0.000170727027253 0.000266391418872 2.03590115943e-05 0.000164263392489 0.000102416370109 0.000107440975608 0.000170829676944 3.37928764504e-05 0.000378797570289 0.000249565499947 0.000462958426359 0.000395094575298 0.000315198625691 0.000146902898036 0.000240957905139 0.000188240284009 0.000127695790145 0.000157396251172 0.000198692116386 0.000264059438944 2.58887059518e-05 9.93743993217e-05 0.000228424052442 0.000122963890789 6.89564420207e-05 3.57679456604e-05 0.000414040603696 0.000165823172737 7.13580781709e-05 0.00011555562694 0.000572778933117 5.0082806238e-05 0.00013231279103 3.27472672912e-05 0.000111952286236 0.000590169402018 0.000916598016999 0.00033105369359 0.000948879414867 7.93150975856e-05 0.00011720601282 5.75666768772e-05 9.0782201405e-05 8.23470302546e-05 6.77928355467e-05 9.03639992002e-05 4.68717982117e-05 3.47655740492e-06 8.29111191503e-05 0.000157909136043 2.35174853541e-05 4.45977290212e-05 0.0001279663429 7.35378210872e-05 0.000535482101861 0.000640376816397 0.000310394579068 0.000626518522971 0.000518268718979 6.45062110587e-05 4.23894091999e-05 0.000428596366679 1.41635888371e-05 1.2807583973e-05 0.000197930055447 0.000165583453158 0.000246964678067 0.000169257242883 0.000340215158436 0.000101793812015 0.000169918026074 4.4335520489e-05 0.000195350033143 0.000140509061231 9.40814382737e-05 4.28191505062e-05 0.000278430704081 0.000325559452173 0.000215452961702 0.000485215604811 7.43133074621e-05 3.49205784809e-05 0.000489685926056 0.000191809022125 0.000294285811702 0.000448524890725 0.000282762877885 6.76129982746e-05 3.83280193837e-05 0.000238951041404 5.20613796098e-05 0.000361945536153 0.000283865016939 0.000183683879642 3.41581362969e-05 0.000172660087359 0.000683749359063 0.000424116946571 0.000419041254453 0.00014476352631 0.000382084396092 0.000358105838239 5.01358029478e-05 0.000301392874203 4.99962713572e-07 7.51553332828e-05 0.000234033697886 0.000191531013083 9.71890605171e-05 2.26776963999e-05 3.1681716806e-06 0.00020120013058 3.52004396661e-05 0.000245298438704 0.00042514052367 0.000354431298227 6.22077481416e-05 7.61976226756e-05 7.44995015141e-05 0.000181325787171 0.000164048448574 0.000238091491045 0.000105519561172 0.000123668100739 0.000161076392243 8.20158864804e-05 0.000199251990341 0.000280321779615 0.000328807913153 0.000276340303811 0.000191502552234 3.99116810996e-05 0.000256109275641 1.5117460077e-05 7.51986952868e-05 0.000220949741547 0.000313645805886 0.000290276667771 0.000281429542747 0.000231669496783 5.94304610853e-05 0.0003133443354 8.93385937434e-05 0.000142178368913 8.15718683998e-05 2.40484937147e-05 0.00026323408118 0.00020106578018 9.03740995628e-05 0.000699876959114 3.51289250676e-05 0.000159725011402 0.00056575123768 1.92718672516e-05 0.000327652788524 0.000310208457446 0.000140295744228 0.000314720447823 0.000167178835044 0.00028970848312 2.59824936361e-05 6.45608527184e-05 0.000180133276972 0.000328036135661 0.000279564460423 5.80370418085e-05 8.39965135687e-05 0.000350282978476 0.000328839510295 4.00164941821e-05 0.000207559719048 4.25143713695e-05 5.31360242908e-05 0.000240796471249 0.000157585308776 0.000270466723324 8.26095185602e-05 0.000114798536111 7.4508258678e-05 0.000194934089116 0.000162221778892 0.000230353898631 4.70642262585e-05 9.67739064824e-05 0.000198719516375 0.000198918106025 1.40388711474e-05 9.83385390449e-05 0.000134814217937 0.000171147837563 2.05397639022e-05 0.000140194176413 0.000259017531252 0.000100386067931 0.000344584645698 0.00024956177456 8.4937095531e-05 0.000172974000026 0.00045525196988 2.91358580305e-05 0.000228136878547 0.000202768832186 0.000361509168272 0.000632665710639 1.97360094305e-06 9.83225870472e-05 0.000466014354068 0.000142074596862 0.000100172147208 1.26565384733e-05 2.11813111765e-05 0.000263936826777 0.000166528635841 0.000150893832126 0.000126393339418 0.000107206583848 0.000216431140643 0.000243907145288 4.97174031968e-05 0.000173228214006 0.000102751786781 3.49211899935e-05 1.78109254204e-05 1.8260165651e-05 8.59438143631e-05 2.89609560592e-05 0.0003287674033 0.000278327557695 0.000206613225089 0.000127049666725 0.000120343771083 0.000114980019553 1.97796484843e-05 0.000132486012322 4.946501344e-05 0.000112242696097 0.000120666896552 0.000138176238586 0.00014353666438 0.000132776537021 7.55187252145e-05 0.000166141676099 0.000272456131939 3.95450419712e-05 0.000359750828862 0.000428774222898 0.000293888932578 0.000380297083302 4.80590258904e-05 0.000105724135073 0.000400098298585 0.000297623442076 5.67353204244e-05 1.75078131935e-05 0.00025200212939 0.000363078887284 0.000301143061253 0.000255946405774 0.000321244278076 0.000323071261776 6.86519208961e-05 0.000276995102481 5.4271766934e-05 0.000150722296569 9.35549923842e-05 0.000239888875723 8.7896523309e-05 9.19430782158e-06 0.000410996809782 0.000194151985135 8.49417416626e-05 0.000105218028772 0.000252798461441 0.000290924928828 8.96321903006e-06 0.00044233415229 9.98839681838e-05 0.000565894078721 0.0003764727012 0.000175389433143 0.000213667785058 9.99093550842e-05 0.000246363982482 0.000199489248939 0.000215348603517 0.000277166826173 0.000319729909964 0.000321358784279 0.00026824058624 0.000228191762378 9.85367904125e-05 6.25838732864e-05 0.00011064793752 0.000585725447832 9.94922837257e-05 0.000315595068153 9.56255238708e-05 0.000243990438975 0.000620320233936 0.000754145897048 0.000986599509567 0.000475344014677 6.2655388031e-05 0.000141348908384 6.64328648994e-06 0.0001555304053 0.000222662583724 3.65107931793e-05 0.000125303623072 8.90041224468e-05 0.000218324270552 0.000194539269735 0.00048398869261 4.86756806315e-05 0.000273223463479 2.61059964369e-05 0.000132804144999 0.000108717040752 2.24828878253e-05 0.000289479163248 3.77795882203e-05 0.000121437556416 0.000380550711024 0.00015643356168 0.000205130813322 0.000168394311622 0.00012226985973 6.99252074056e-05 0.000356322314216 6.65036084217e-05 3.59986538423e-05 4.8161869706e-05 0.000721196172721 0.000310532623364 0.000368346005521 4.82920739364e-05 0.00026938261247 0.000178026249691 3.81800399141e-05 0.000184930401581 0.000323901874423 0.000159520815499 0.000155786545624 1.89699859015e-07 0.000115618264094 0.000116346919953 0.000269467157401 0.000204236916397 0.000267819522066 0.000179599750277 0.000132176917665 0.000279337584373 0.000792809057508 1.59453227521e-05 0.000194318942044 5.66959873933e-05 0.000435188536264 0.000311293796293 0.000246760055112 2.11270034704e-05 0.000134407659982 2.38973782551e-05 0.000379845469623 0.000579962205358 3.48507376699e-06 1.92690082134e-05 0.000169377290016 0.000336645787678 0.000264474392012 0.000246712942886 0.000284319130778 5.14183153015e-05 3.14010665511e-05 0.000115783817575 0.000115848686258 3.23180476717e-05 5.38948801087e-05 0.000159252921533 0.000206097967523 0.00013594170487 0.000227288862916 0.000220584243365 0.000455137967928 0.000447203112544 9.96332712253e-05 5.97603265989e-05 0.000143137825606 0.000118509373641 4.06504367138e-05 0.000103425330984 0.000187665547814 5.18824333123e-05 6.53280750628e-05 0.000273107521868 0.000152573588287 0.000133095263652 0.000327732645822 0.000451286196885 0.000171846100965 0.000144252330876 0.000269200623571 0.000174762501511 0.000220334259594 0.000177133854593 0.000283934127721 0.000188587071433 0.000330118134238 0.000204645935983 0.00018809463466 0.00067196941593 0.000194766837854 8.30160609498e-05 0.000245622032362 4.64198854864e-05 0.000165132706994 0.000466357492855 0.000944447582775 0.000380825232838 0.000289048663994 0.000525964412574 0.000195915566274 0.000185914913055 4.56118112747e-05 5.36602088006e-05 0.000119340293892 0.000169494189704 4.34519163832e-05 6.95771688329e-05 6.79436167107e-05 8.98318412147e-05 3.91535006442e-05 5.87221214483e-05 0.000371727006242 0.000256393287329 0.000229138907262 8.34677036357e-05 0.000385317157947 1.01365944374e-05 6.17179314258e-05 0.000176365559129 3.924582184e-05 0.000103004122817 0.000187566046791 0.000109968448901 9.29803419238e-05 0.000153280298259 0.00023991392925 0.000107726286582 0.000252820891532 0.000209769761174 9.47093289998e-05 4.92592382139e-05 9.62241582635e-05 5.63854831745e-05 6.2543948696e-05 5.98882830267e-05 0.000566779307342 0.000663001834612 1.24273848531e-05 0.000178303450297 0.000164647071168 2.23400345221e-05 3.77428890886e-05 0.000108709335136 8.70643774711e-05 0.000169263310654 0.000135289630738 7.7881508133e-05 0.000148206853155 9.38799870673e-05 5.84349275517e-05 0.000120058071784 0.000104966025842 4.58617396833e-06 3.41413973515e-05 3.67739030225e-05 5.31494736277e-05 0.000152962431111 4.4181179301e-05 0.000106241441249 0.000152041808504 0.000258564282275 8.71232634374e-05 5.45846579021e-05 6.91002514089e-05 0.000123111389994 6.44371172447e-05 3.31529037835e-05 1.43302655024e-05 2.53346513607e-05 2.75037459777e-05 0.000113849480636 2.44929318388e-05 1.93634208661e-05 4.40179210848e-05 6.39095118646e-05 5.9824291213e-05 0.000182704160701 6.91241426107e-05 0.000115015597929 4.85900469652e-05 0.000102097818138 2.76980013618e-05 0.000143593241469 8.24793634729e-05 4.28697902592e-05 7.96546883959e-05 3.17969159394e-05 7.93380235635e-05 3.54101027905e-05 0.000109005923952 8.18119099654e-05 8.81795971221e-05 1.61037755718e-05 3.06140915864e-05 3.9138463053e-05 5.86344106494e-05 3.64966449817e-05 6.59412400118e-05 4.15542578364e-05 4.10705539048e-05 4.8569137694e-05 1.26440504198e-05 0.000149650632528 0.000186735801058 0.000177511404947 0.00018322937744 0.000405063946741 0.000124009266388 9.37060770524e-05 4.17227920863e-05 3.06096581192e-05 1.19845907196e-05 2.27787738583e-05 9.91017116386e-05 9.9521508535e-06 1.06623361498e-05 6.49598891113e-05 6.13411892839e-05 4.96974800268e-05 9.80292457308e-06 5.93648031419e-05 1.92298852807e-06 0.0003656380288 0.000167805044801 1.59981816208e-05 4.22496460838e-05 0.000117274578811 0.000110546960281 6.60628382669e-06 5.06450450895e-05 5.37341274997e-05 0.00015972207286 8.5581078482e-05 0.000169522099832 0.00015889546 0.000115355056298 0.000278122599071 2.40634366039e-05 2.27524329421e-05 3.17400019477e-05 5.90241422236e-05 1.89491182472e-05 2.57986446662e-05 9.5676602226e-05 0.000157173078528 0.000106371805495 0.000129405177293 9.59685359045e-05 0.000244118077714 5.74841681347e-05 4.7876512096e-05 5.4942164903e-05 0.000137742218047 5.78349299353e-05 6.7106822684e-05 5.54589366093e-05 8.80972987708e-05 3.51630910295e-05 0.000147120079153 0.000244069157933 0.000116053481637 0.000148923975261 6.43969242526e-05 0.000174345151468 7.08382018544e-05 0.000115372814429 0.000223245511405 0.000230019440852 8.68156769705e-05 6.00359204456e-05 0.000174562009558 0.000130820741306 0.000372179802087 0.000240752632949 0.000115605850502 2.39495294739e-05 2.09405971276e-05 2.03804433331e-05 1.85632157142e-05 2.12983036888e-05 2.15743296532e-05 1.36380384114e-05 9.96437425481e-06 7.17380840279e-05 1.38721626907e-05 0.000131719747475 0.000112260130334 0.000181934547536 0.000227175484309 3.29477448418e-05 5.26280206946e-06 8.26970478331e-06 0.000206346470019 0.000120178077648 0.000127329545995 7.20296519771e-05 1.28762851794e-05 6.8319011053e-05 3.43122283509e-05 0.000297576791474 0.000363873789371 9.86772187806e-05 0.000222524709108 0.000145579632912 1.6723617527e-05 0.00011744633993 0.000165747021449 9.58572833137e-05 0.000128155336567 0.000446147937905 0.000357270824175 0.000403675664926 0.000295430464211 8.73079593845e-05 3.25039373011e-05 0.000151528183126 0.00012744158263 4.92712567891e-05 1.92186281824e-05 2.50738713821e-05 0.00017525582617 0.000273323830288 0.000343321297088 0.00014036959815 0.000127436022102 0.000150342388435 0.000118670757451 7.11017669102e-05 1.39850846835e-05 9.24960231971e-05 0.000131935233193 6.40441203142e-05 8.79870423547e-05 0.00010179381417 0.000120567822387 5.35625488388e-05 4.35951217183e-05 0.00025226848901 0.000239856028986 0.000151441381285 0.000260670561316 0.000159701337628 4.52660052095e-05 2.46827404118e-05 0.000151479888297 0.00017127836165 0.000176221092883 0.000105135194027 0.000167302463584 0.000131229171522 0.000165080216799 9.30737052354e-05 0.000103803594162 0.000204867655934 0.000184811261676 3.91713367748e-05 0.0001575761522 5.17020219674e-05 5.7731135641e-05 8.27027310809e-05 0.000109100771824 1.37105184557e-05 7.94168876792e-05 5.35212650695e-05 0.000119968862395 1.4106021035e-05 2.51501364436e-05 0.000159687479589 5.97120501367e-05 0.000130552304105 0.000120941884189 2.44366382011e-05 0.000209321428411 0.000190709455565 6.46557378201e-05 4.22328127431e-05 7.15199118514e-05 4.20211291429e-05 2.37281216249e-05 0.000248169997649 0.000110921264421 9.56539651957e-06 8.67575599659e-05 0.000227891282621 5.44468422391e-05 0.000100075820272 3.17112498324e-06 0.000307854277941 0.000311113268349 0.000147038704074 4.32034406273e-05 2.7113705778e-05 1.87028090303e-05 0.000116166055776 0.000174368517114 0.000300575689693 5.84265317643e-05 0.000122396374249 0.000149118918532 0.000105198980063 0.000147703238346 2.31921343035e-06 0.000381635052594 7.78500332032e-05 1.77694318327e-05 0.000303580575799 0.000271006937573 0.000129155549884 0.000259481387967 0.000101459877408 2.65154335156e-05 0.000116918724062 6.60487809408e-05 0.000144026276861 0.000275248121991 0.000144346864123 0.000165786159368 0.000147188885788 0.000248272492967 0.000313483043355 0.000137712511102 3.44652721427e-05 7.90521804281e-05 0.000252795017939 0.000192994860785 0.000147590655857 0.000190893384791 0.000243786965552 6.71182115952e-05 0.00017375851153 0.000172752924589 0.000112669698664 0.00015031099675 3.50848480895e-05 2.85890929665e-05 4.17308327233e-05 4.20822102933e-05 8.35544321688e-05 6.83656471224e-06 5.28641025985e-05 7.71498018308e-05 0.000180917630625 0.00012203538117 0.000170755187977 0.000149541292507 0.000103897049493 4.96420327549e-05 6.83931369326e-05 2.76821755807e-05 4.38929073583e-05 2.8761353998e-05 0.000239111772124 0.000252938950409 6.26524219759e-05 0.000121432690382 7.23473254441e-05 0.000108094101649 0.00011642613918 0.000201611157839 4.04228557294e-05 0.00014756610353 0.000249665573823 0.000406009209711 4.09707560128e-05 8.30594462658e-05 0.000100248116089 8.3995939605e-05 0.000236544059244 0.000197964882738 4.31183407361e-05 0.000121032801399 0.000144668481713 0.000105979837989 8.66208898251e-05 7.25103925171e-05 5.69682263088e-05 9.76510102302e-05 5.38288448712e-05 2.46501913708e-05 7.5659320516e-05 5.74683345142e-05 1.53598393134e-05 7.13671003966e-06 4.91801280286e-05 7.28330162545e-07 0.000201429889969 9.29710530865e-05 0.000115615686766 2.7794899017e-06 6.46899510872e-05 8.22789176356e-05 8.1761754906e-05 4.54087242009e-05 7.36339294748e-05 0.000117694653602 7.27046145381e-05 3.85575912482e-05 5.34452247273e-05 7.71553193353e-06 0.000149253153134 7.31197534907e-05 0.000160052451141 6.46929273499e-05 3.05599393699e-05 9.06053677974e-05 0.000112118173588 4.96647963221e-05 5.32139496974e-05 0.000145326102795 1.61654464584e-05 6.24550971377e-05 0.00018357101867 9.52625915803e-05 2.40215672587e-05 0.000114101356511 3.43882475707e-06 0.000121318484415 0.000222658741735 0.000170383367703 7.42797393096e-05 7.87242757078e-05 0.000107278186938 1.02559175937e-05 0.000132256473475 0.000206773614845 3.38615146226e-05 0.000209883923199 0.000236036574398 0.000103055633807 0.000100619482129 3.66050621983e-05 3.58106289887e-05 0.000228043949259 4.42242712137e-05 0.000131493464647 7.97786493161e-05 8.21867873656e-05 0.000158124398835 8.38104032075e-05 0.00013375743908 7.30707008239e-05 1.40505304272e-05 7.38413940373e-05 7.32963553071e-05 1.68768459974e-05 2.45386394288e-07 4.74886682226e-05 0.000112105005355 0.000106237184506 1.76182205766e-05 8.07740289942e-05 8.18820762235e-05 1.33600712825e-05 7.14450584633e-05 3.62887092372e-05 4.87046140552e-05 1.73641398348e-05 4.31053725418e-05 3.82942420919e-05 6.42570721413e-05 3.72765449612e-05 0.000170607197696 0.000196134809041 6.86397419768e-05 0.000379297739704 0.000268111338419 0.000138190906865 5.30855999457e-05 0.000327856987204 0.000200805755619 0.000106884458963 5.94301489864e-05 8.37707439246e-05 0.0002608737874 4.35342538075e-05 5.51668440597e-05 3.78870863137e-05 1.34560687231e-05 0.000194322860067 1.43255511417e-05 4.44872511343e-05 5.24955596915e-05 6.26669475309e-05 1.35397175761e-05 3.33258396893e-05 3.44088111584e-05 6.05151662416e-05 0.000143471178796 3.30131915228e-05 0.000384220073263 2.82942877383e-05 1.58850362936e-05 3.83251317303e-05 0.000166146986563 0.000108559705733 3.02649768204e-05 0.0001010513898 9.10049212296e-05 1.91765417933e-05 7.10145727851e-05 0.000149884713345 7.55898347218e-05 6.05405228465e-05 0.000212740056202 6.46651720167e-05 9.14548019531e-05 6.84495461401e-05 2.09080643604e-05 0.0001247503973 0.000333892593571 0.00028449091035 0.00019605023496 0.000133304423996 2.37476098838e-05 8.83378125669e-05 3.38233096256e-05 5.82435743492e-05 5.01411117999e-05 5.89480162287e-05 3.97507475761e-05 1.77229524863e-05 2.98171308239e-05 0.000177531020098 4.57094992619e-05 2.69335299205e-05 0.00010161349457 2.63521790114e-05 1.78110154383e-05 2.13843448667e-05 3.27268820015e-07 4.56287449224e-05 7.06045386958e-05 2.46867053371e-05 3.28237610453e-05 2.6067157192e-05 1.80110096136e-05 9.06185908908e-05 3.06045287215e-05 1.40668706732e-05 2.83770343327e-05 3.55435412402e-05 2.94165784646e-05 4.40673661691e-05 1.41076035124e-05 6.46086031068e-05 3.92683098318e-05 2.73175280246e-05 3.04248766877e-06 6.90672457587e-05 2.91103951524e-05 1.53455331557e-05 1.73153567078e-05 2.03538764359e-05 2.30508500268e-05 4.39897772002e-05 2.81963820251e-05 2.0237763602e-05 2.40681789458e-05 4.60219744683e-05 7.63821909339e-06 1.27938946991e-05 4.56832394424e-05 4.67456437352e-05 5.07443633965e-05 1.18062907172e-05 3.53221787395e-05 6.17764170722e-05 6.81114419702e-05 3.90275190742e-05 3.56344354015e-05 5.86498688746e-05 6.64242477812e-05 3.61652027876e-05 5.82997177865e-05 5.30651836422e-05 3.41154584507e-05 9.32632434842e-05 2.32424948814e-05 1.46356729556e-05 6.08361956225e-06 4.74131918687e-05 1.98069218201e-05 0.000181263213138 2.01943581731e-05 5.80238196486e-05 7.31150793156e-05 4.84755583772e-05 1.42405334287e-05 2.54009744791e-05 2.24051022433e-06 3.49970940154e-05 6.18981711976e-06 2.25148823273e-05 2.60883310028e-05 5.13766578838e-05 4.13590603659e-05 3.81861328843e-05 3.38323420825e-05 4.36887604657e-05 6.87196456441e-05 2.38595718218e-05 1.37024353357e-05 1.30285581348e-06 5.81645329142e-05 5.2056364204e-05 5.52706447377e-05 9.26770021892e-05 3.71933545644e-05 3.88394114823e-05 1.46467397579e-05 1.97380602632e-05 6.62439205564e-05 2.32807106955e-05 3.81366422374e-05 6.25211128089e-05 2.20407416199e-05 3.75651255271e-05 1.25098359239e-05 1.42567726609e-05 8.51093764591e-05 3.10428529912e-05 5.78391907021e-05 3.9131542669e-05 1.84138487881e-05 5.41610439563e-05 6.08730475641e-06 7.87729794099e-05 3.49258751041e-05 1.97563647694e-05 1.82814278435e-05 2.72912040619e-05 6.34112005842e-07 4.47671953944e-05 1.03987398204e-05 3.64189625902e-05 8.31129625303e-05 0.000144025102794 4.01315463097e-05 4.72966733447e-05 4.38181652826e-05 0.000264383349603 5.37858282862e-05 2.66429450422e-05 1.81574023156e-05 2.28917570156e-05 1.55558217293e-05 2.66329390939e-05 1.36096804645e-05 6.95810434436e-05 7.16562011521e-06 3.1059872448e-05 1.19596542268e-05 2.41154888142e-05 2.67888387492e-05 3.70399982456e-05 2.90077114222e-05 1.53693854854e-05 2.75706968116e-05 2.46627252716e-05 2.6678345442e-05 1.37020642165e-05 2.02511197578e-05 1.2598487452e-05 7.51819707354e-05 5.29447273245e-05 3.37175245643e-05 6.52062254812e-05 3.10720043936e-05 5.07781467605e-06 5.69845968052e-05 0.000231847976315 6.04936246258e-05 7.98164654004e-06 6.83877545645e-05 0.000100075303331 1.02690307244e-05 3.73074436189e-05 4.55554417951e-05 6.46086536202e-05 3.58130517539e-05 8.63729216315e-06 5.01108180862e-05 4.60903616042e-05 4.46005248667e-05 7.73832774253e-05 3.93549577221e-05 3.67725705347e-05 6.08254817682e-05 2.0568755447e-05 3.63970152754e-05 5.47064668659e-05 2.93617980705e-05 2.9118538311e-06 1.00250928496e-05 9.23856740222e-06 4.91368408866e-05 2.42278493623e-05 3.78043615228e-05 2.14345583996e-05 0.000121831127115 1.54420900174e-05 4.44993380468e-05 8.38236339503e-05 3.32914177897e-05 1.44152301857e-05 1.29282590809e-05 1.91881640454e-05 5.0353506366e-06 1.9284612337e-05 4.46940362775e-05 4.76765335092e-05 2.40428912421e-07 4.66976202005e-05 1.82981272727e-05 7.32060175886e-05 5.73077935871e-05 1.92542065972e-05 2.82996942208e-05 2.93502046741e-05 1.83219171451e-05 1.28030018085e-05 2.75948973462e-05 9.50819547814e-05 3.7256073077e-05 4.34800603625e-05 6.91960076798e-05 6.60625471771e-05 3.5761685347e-05 2.31239309011e-05 4.62949609231e-05 1.08779258899e-05 2.4795221968e-05 9.71625682436e-06 4.79771332734e-05 3.32675919745e-05 4.15543649106e-05 1.14218125375e-05 4.99146890596e-05 3.55736067388e-05 5.03934033522e-05 2.87348281791e-05 1.40673132831e-05 5.00489501647e-05 4.82450419753e-05 2.19684810615e-05 3.9470847606e-05 5.22605106475e-05 5.19470785975e-05 1.12844441225e-05 4.44798417411e-06 1.80086936792e-05 0.000130969936787 2.57801608581e-05 7.4171262144e-05 2.30682792606e-05 1.95569437713e-05 6.11660430056e-05 2.90674895751e-05
</DataArray>
      </CellData>
      <Points><DataArray type="Float64" Name="Points" NumberOfComponents="3" format="ascii">
-0.00591169 0.0041101 0.00329648 -0.00177547 0.00179871 0.00271371 0.00496211 -0.000853473 0.00433069 -0.00215701 0.00560444 0.00159113 -0.00705427 0.00144269 0.0046349 -0.000265344 0.00719547 0.000799573 0.00536709 -0.00480027 0.000799393 -0.000254139 0.000198915 0.00441842 0.000833493 0.00277676 0.000799188 0.003668 0.000274585 0.00277819 -0.0043838 0.000916117 0.00155569 -0.00255272 -0.00226628 0.00476849 -0.00121543 -0.000526992 0.0020419 -0.00145374 -0.00367146 0.00218946 0.00280055 -0.0066334 0.000799509 -0.00280325 0.00121836 0.00379242 0.00388945 0.00394713 0.00318617 -0.00475244 -0.00540934 0.000799498 0.00187751 -0.00133723 0.00209584 -0.00265937 0.000504091 0.00228601 0.000252612 0.00512706 0.00190459 0.00510695 0.000310834 0.00541783 0.00293765 0.00244079 0.00079947 0.00603935 0.00135993 0.00451282 -0.00400507 -0.00196483 0.0018813 -0.000962513 -0.00575969 0.00452735 -0.00693047 0.0019541 0.00168211 0.00715432 -0.000811699 0.000799753 0.000409822 -0.00190133 0.000799264 -0.000240547 0.00584035 0.00324875 -0.00396493 0.00226207 0.000799703 0.00478998 -0.000864078 0.00273111 0.0060424 0.00389608 0.000799546 0.00309391 0.00650214 0.00217155 -0.00162973 0.0032239 0.00200331 -0.00192264 -0.00534162 0.000799547 -0.00238131 0.00248711 0.000799271 0.00198368 -0.00520815 0.000799936 -0.00445742 0.00250759 0.00312708 0.000755212 0.00716033 0.00361734 0.00120487 -0.00674312 0.00079954 0.00355868 -0.00625927 0.00215747 0.007157 0.000788151 0.000799602 0.00521996 0.00190655 0.00301524 0.00668694 -0.00266993 0.00239848 -0.001473 0.00035799 0.00334908 -0.00354619 -0.00342884 0.00429875 0.00472983 0.000671413 0.00390579 0.00537321 0.00162895 0.000799813 -0.000767615 0.00567576 0.000799936 -0.00191386 0.00423648 0.000799095 -0.000332809 -0.0071927 0.000799472 -0.000569931 -0.00101275 0.00342279 0.00305718 0.00363579 0.00185588 0.00477979 0.00526391 0.00476607 0.000181511 0.00131599 0.000799852 -0.00184739 0.00695919 0.000799118 0.00115017 -0.00439139 0.00370021 -0.00262227 0.00342571 0.00539432 0.000321008 -0.00096793 0.00209488 -0.00270293 -0.00109306 0.00220207 0.00380912 -0.00610993 0.00467428 0.000856174 -0.00714896 0.00323798 0.00578253 0.00429057 0.00232758 -0.00466548 0.00548417 0.000799562 -0.00532306 -0.00279666 0.0015217 -0.00603496 -0.00392817 0.00239878 -0.00422152 0.00399031 0.00531152 0.00341437 -0.00319421 0.00218109 0.000891116 0.0060907 0.000799267 -0.00282914 -0.00188181 0.000799827 -0.00364256 -0.00621063 0.00369418 0.00606402 -0.00129614 0.00186544 0.00676406 0.0024684 0.000799527 -0.00185527 0.00233903 0.00442826 0.00178131 0.00131128 0.00079972 -0.00554722 0.00185341 0.000799936 0.00251619 0.00019014 0.00167254 0.00330641 -0.000890669 0.000798457 -0.0042594 0.000921739 0.00318253 -0.00339627 -0.00634149 0.000799454 -0.00123384 -0.00208645 0.00239842 0.00309618 -0.00474338 0.00193884 0.00505469 0.00512744 0.00106011 0.00180284 -0.00149274 0.00455498 0.00640187 0.00149795 0.00201807 0.00131765 0.00556874 0.00355688 -0.00645088 0.00319865 0.000799361 -0.000784983 0.00259076 0.00079964 -0.00118831 -0.00206022 0.000799673 -0.00408522 -0.00592912 0.00218274 -0.00217213 -0.00334048 0.000799286 0.00459545 -0.00340711 0.00323916 -0.000707775 -0.00398684 0.000799651 -0.00191329 -0.00694139 0.000799597 0.00232991 0.00680752 0.000799708 0.00509203 0.000585529 0.00211943 0.00231571 0.00681806 0.00353285 0.00239496 0.00450101 0.00304907 0.00590254 0.0041233 0.00488987 0.000247524 -0.00632358 0.00200996 -0.00238571 -0.0040912 0.00341979 -0.00308966 -0.00353946 0.00209418 -0.0050425 -0.00139814 0.000798925 -0.00381422 -0.000373266 0.000799691 -0.00393801 -0.00313993 0.000798898 -0.00489356 0.0035646 0.000799134 -0.00451695 -0.00421324 0.00183456 -0.000805975 -0.00512113 0.00192337 -0.000358762 0.00448711 0.00409327 0.00281946 -0.00662537 0.00352766 -0.00367054 0.00535555 0.00204528 0.00235617 -0.00528085 0.0042604 0.00706158 -1.12952e-05 0.00218183 0.00521335 0.00290857 0.00174684 -0.00673062 -0.0025567 0.000799724 -0.0021711 -0.00103543 0.00370967 0.00392799 -0.00549851 0.000799691 0.00270422 -0.00369041 0.000799897 0.0042519 0.00376811 0.000799919 -0.000251058 -0.000224076 0.000799616 -0.000751815 -0.00716071 0.00373855 -0.00137795 0.000959096 0.000799571 -0.00561156 -0.00209848 0.00294655 0.00519733 -0.00321024 0.000799402 -3.25646e-05 0.00318062 0.00208202 0.00252738 0.00171267 0.00216322 -0.00113359 -0.00711073 0.0021858 -0.00559733 0.00304657 0.00214333 -0.00297707 0.00100228 0.000799503 -0.00701561 -0.00161905 0.00376778 -0.00350805 0.00436624 0.00079918 -0.00107156 0.00458887 0.00262288 -0.00486666 0.00530654 0.0031061 0.0037267 -0.00521034 0.0033538 0.00161176 0.00302803 0.00217324 -0.00405227 0.00370836 0.00215142 0.00566557 -0.0020036 0.00343319 0.000962117 -0.00365298 0.00079945 -0.00389181 -0.00163709 0.00344271 0.0036025 0.00279241 0.00466296 0.00131863 -0.00058498 0.000799394 0.000643422 0.00186153 0.00268343 -0.000281033 0.0071949 0.00239907 0.000241823 -0.00568876 0.0034772 -0.00719826 -0.000170642 0.00217775 0.00345227 -0.00158394 0.00223124 -0.00415826 -0.000447077 0.00236155 0.0010887 0.00281907 0.00388514 -0.00225449 -0.00683823 0.00418326 -3.56544e-05 -0.00300446 0.00186839 0.00264587 -0.00079354 0.00338919 0.00384235 -0.00184267 0.00376014 0.00576413 -1.98915e-05 0.000799877 -0.00697681 -0.00178023 0.00217648 0.00708151 -0.00130162 0.00312731 0.00278472 0.00482834 0.000799543 -0.00717145 0.000641633 0.000799749 0.0067188 0.00258817 0.00360957 0.000322277 -0.00719295 0.0049237 -0.0026755 -0.00668497 0.00218559 0.000323825 -0.00528093 0.000799451 -0.00481321 0.0053494 0.0047039 0.00405995 0.00174857 0.00170561 0.00603097 -0.000110175 0.00340122 0.00161641 0.00701632 0.0049579 0.00381324 0.00610248 0.000799733 0.00376718 0.00505714 0.00204065 0.00718793 -0.000423796 0.00446049 0.00370318 -0.0024406 0.000799817 -0.00349735 0.00252203 0.00440641 -0.00710611 0.00116072 0.00306012 -0.00713304 -0.00098061 0.000799728 -0.000318414 0.00412096 0.000799784 -0.00349865 -0.000201893 0.00402888 -0.00186602 0.00695445 0.00239798 -0.00178293 0.00562367 0.00361368 -0.00335541 -0.00462983 0.000799776 0.00487164 -0.00134775 0.000799902 0.0012693 0.00431615 0.000799864 -0.00333888 0.0063787 0.000799936 -0.00317137 0.00237368 0.00218549 0.00202306 -0.00691042 0.00216966 -0.00670618 -0.00262125 0.00522883 0.000638783 -0.00447035 0.00214211 0.000966906 0.00048662 0.00193328 -0.00645341 -0.00319205 0.00375597 -0.00221494 -0.000404565 0.000799473 0.00196648 -0.00227078 0.000799783 0.00186796 0.00550575 0.00192214 -0.00562647 0.000199552 0.000799936 -0.000843626 -0.00451579 0.00340361 0.00420065 0.000435862 0.000799664 -0.00582058 -0.00421569 0.000799936 -0.00511709 -0.00506605 0.00304758 -0.000552925 0.000923425 0.00216934 -0.000901566 0.00313977 0.00342433 0.00305043 0.00431876 0.00449708 0.0066953 -0.00264953 0.000799399 9.17548e-05 -0.00321909 0.00344815 -0.00223849 -0.00220126 0.00753953 0.000280747 -0.000213127 0.00721871 -0.00646306 -0.00104037 0.00524826 0.00218491 0.00323173 0.00528974 0.00325233 -0.00642359 0.00751093 -0.000547475 0.00160851 0.00372092 -0.00150128 -0.00376766 0.00471243 0.00183057 -0.00540145 0.00266345 0.00337546 0.00562374 0.00363078 0.00293927 -0.00657292 0.0059492 0.00348177 -0.00248087 0.00836295 -7.87622e-05 -0.00394397 0.00631149 0.000836353 0.00414107 0.00302063 0.000990846 -0.000271383 0.00336985 0.00194551 0.00413315 0.0080293 0.00655265 -0.00161917 0.00729287 -3.35025e-05 -0.00565017 0.00622262 -0.00479942 -0.00324274 0.00695353 -0.00473055 0.00515049 0.00628866 -0.00594014 0.00406898 0.00694348 -0.000611299 0.00147584 0.00531385 0.00234221 0.00169767 0.00486407 0.00126635 0.00431413 0.00455187 0.00440106 0.00111509 0.00660769 -0.00506618 -0.00390277 0.0041435 -0.0056461 0.00132529 0.00557484 -0.00720012 -8.83567e-05 0.00419542 -4.25146e-05 -0.00441947 0.0047846 0.000779428 0.000643381 0.00596304 0.00488551 0.00528966 0.00765544 -0.0033292 -0.00638479 0.00527797 0.00485182 -0.00531989 0.00222167 0.000966746 -0.00325215 0.00730555 0.00171005 9.11623e-05 0.00475844 -0.0032484 -0.00642578 0.00687469 -0.00268839 -0.00508541 0.00218059 -0.00574885 0.000262497 0.00676628 0.00409458 -0.000598314 0.00625941 -0.000188451 -0.00719805 0.00659399 0.00111492 0.00220605 0.00589168 0.00300301 0.00419654 0.00626914 -0.0019278 0.00693774 0.00764932 0.0051635 0.00262026 0.00496538 -0.00264267 0.00428471 0.00264224 0.00719814 0.000166435 0.00738268 -0.00198551 0.00410989 0.00409047 0.000738503 0.00517094 0.00787129 -0.00416057 -0.00397264 0.00567161 0.00172051 -0.00308479 0.00442461 0.00486118 -0.00232712 0.00208907 -0.005587 -0.00197523 0.00620597 -0.000863519 -0.00299146 0.00732933 0.00371127 -0.004604 0.00729614 -0.00661308 0.00263399 0.00672241 0.00178289 -0.00552088 0.00637214 -0.0028627 -0.00137671 0.00880648 -0.00139602 -0.00118064 0.00510141 0.00028836 0.00172475 0.00730933 -0.00532669 -0.00484458 0.0086999 -0.00108199 0.00711856 0.00378176 0.00588015 0.00150818 0.0061439 -0.00227323 0.00683182 0.00608719 -0.00445452 0.00353735 0.0072076 0.00670638 -0.00262156 0.00605594 0.000362442 0.00570868 0.00483176 -0.0034623 0.000994056 0.00671162 -0.00570768 -0.000745614 0.0020982 0.00188048 -0.000347885 0.00716719 -0.00659595 0.00288834 0.00514348 -0.00377876 0.0058456 0.00854896 -0.00195464 -0.00415463 0.00710593 0.00345833 -0.00196512 0.00684963 0.000927221 -0.00186694 0.00327013 0.00210949 0.00280857 0.00714817 0.00566561 0.00252311 0.00797787 -0.00378837 -0.00131911 0.00513519 0.000803227 0.00139236 0.00454994 -0.00119811 -0.00554875 0.00731434 -0.00667917 0.00268879 0.00326639 0.00181301 -0.0033843 0.00212691 0.00326842 0.00232756 0.00615629 0.00464191 -0.00274106 0.00943284 -0.00687295 0.00214725 0.00822361 0.00013136 -0.00177004 0.00465417 -0.00560156 0.00147265 0.00243004 0.00244348 -0.0023699 0.00319067 -0.00543929 0.00161018 0.00401513 0.00254852 -0.00263246 0.00571596 0.0055612 0.00457311 0.00638683 0.00386921 0.00127953 0.0051083 -0.00367303 0.00110667 0.00513031 7.66308e-05 -0.00306498 0.00862179 -0.00521649 0.00315203 0.00437886 0.00712292 0.00105783 0.00337618 -0.00256559 -0.00249435 0.00318545 0.003399 -0.00319788 0.00448493 -0.000596027 0.00417673 0.00764864 0.00266044 -0.00401792 0.00332672 0.00189743 -0.00694624 0.00479439 -0.0023302 0.00499691 0.00546467 0.00129439 0.00708275 0.00198793 0.00261239 0.00296048 0.00341881 -0.000187027 0.00294608 0.00484173 -0.000670964 -3.13818e-05 0.00594567 0.00361076 0.00623005 0.00742844 0.00509924 -0.0028574 0.00466139 0.000906766 0.00555499 0.00632741 -0.000169046 0.00298711 0.0064401 -0.00439591 -0.00570263 0.00772224 -0.0048081 -0.000788686 0.00752105 -0.00634654 -0.00340065 0.00657863 0.00594908 -0.00405571 0.00209037 0.0031714 0.00055052 0.00746016 -0.00427201 0.000625769 0.00804135 -0.00114679 0.00123367 0.00680173 0.000827353 0.00715258 0.00634277 -0.00231798 0.00164114 0.00579124 -0.00521981 -0.00129892 0.00427526 0.00543359 -0.0047246 0.00358765 -0.00324974 0.00526145 0.00418372 0.00250819 0.00674901 0.00625909 0.00533972 0.00339869 0.0035793 -0.00366259 0.002148 0.0078125 -0.00246956 0.00676365 0.00450096 0.00539288 -0.00477056 0.00795471 0.00352737 -0.000191418 0.00458053 -0.00183947 0.000398068 0.0049051 -0.00492317 0.00022277 0.00466866 0.00412724 -0.00409495 0.00875419 0.00254905 -0.0037728 0.00822679 0.00672646 0.00257071 0.0053 -0.00117375 -0.00239029 0.00396779 0.00310581 -0.00499346 0.00564409 0.00513111 -0.00281313 0.00626038 -0.000349719 -0.00455787 0.00921904 -0.00231812 0.00084223 0.00781834 -0.00141705 0.00397608 0.0062905 1.64372e-05 0.00436222 0.0056435 -0.00096631 0.00261751 0.00777671 -0.00386964 -0.00419637 0.00784008 0.00487295 0.00530108 0.00316997 -0.000299331 0.00262254 0.00923058 0.000249405 0.00415044 0.00900647 -0.0024879 -0.0052792 0.00448567 -0.000530703 0.00564764 0.00702285 -0.00718993 -0.000384913 0.00651366 0.00438044 0.00390465 0.00550963 -0.00154748 -0.00370719 0.00858623 -0.00534071 0.00260021 0.00815357 -0.00132099 0.00384572 0.00903582 0.0036677 0.00175955 0.00337249 0.0042961 -0.00577862 0.00853755 0.00090779 -0.00569778 0.00493081 0.00140366 -0.00426925 0.00545115 0.00241682 -0.00393059 0.00664106 0.00583111 -0.00422424 0.00505412 0.00495644 -0.00154501 0.00722023 0.00624037 -0.00164199 0.00488096 -0.00174966 -0.00698441 0.00687004 -0.00369324 0.00242608 0.00603692 0.00429312 -0.00450855 0.00468813 0.000875648 -0.00278918 0.00575012 -0.00435677 -0.00309031 0.00296208 -0.00162193 -0.00587401 0.0030748 -0.00471624 -0.00261737 0.00502807 -0.00395727 0.00389949 0.00373619 0.00400858 -0.00191133 0.00534923 -0.000487218 -0.00203161 0.00610589 0.00715707 0.000788 0.00550427 0.00348775 0.00629895 0.00507683 -0.00579559 0.00427236 0.00536318 0.00633757 -0.00341715 0.0037691 -0.000158581 0.00719925 0.00508445 -0.00597933 0.00401178 0.00855157 -0.00320326 0.00644916 0.00311452 1.02971e-05 0.00720013 0.0079484 -0.0047348 -0.00542419 0.00455927 -0.0043595 -0.000185386 0.006109 0.00192806 0.0010209 0.00347494 0.00698486 0.00174846 0.00727519 -0.0058607 0.000207008 0.00337324 -0.00552916 0.00461283 0.00182616 -0.0044696 -0.00564471 0.00612158 0.00230128 0.00537714 0.00708956 0.00248149 0.00138968 0.0129522 -0.000258941 -0.00427789 0.0115017 0.00124781 0.00566535 0.0118231 -0.00288764 -0.00366442 0.0107698 0.00139292 -0.00293903 0.00952256 -0.000891015 0.00135547 0.0103528 -0.00137678 0.00562577 0.00837984 0.00270066 0.000555713 0.00592553 0.00581695 -4.27888e-05 0.00885817 -0.00140057 -0.00272636 0.00984086 0.00281268 -0.00505268 0.0114857 0.00199231 -0.000442163 0.00906636 0.00312253 -0.00146701 0.00954646 -0.00357429 -0.00595584 0.00907118 -0.00243134 -0.000824897 0.0132214 0.00548438 -0.00466496 0.0121685 -0.00607001 -0.00387331 0.00973089 0.00394314 -0.00214277 0.0107413 -0.000515302 0.000714336 0.00825344 -0.0063991 0.00179988 0.0106873 -0.00321503 -0.00324264 0.00673486 0.00343356 0.0047193 0.00800829 -0.00272441 0.00122555 0.010796 0.00504647 -0.00440309 0.00643655 0.00452691 -0.000700846 0.00953824 0.00372396 0.00228675 0.0124945 -0.00155528 -0.00438348 0.0102549 -0.000672617 -0.00570011 0.0104894 -0.0068194 -0.00231083 0.00882788 -0.00499918 0.00507183 0.00786334 0.00182958 0.00538229 0.00902168 0.00683377 0.00226768 0.0103956 0.00176525 0.00443646 0.0127067 0.00179119 0.00124475 0.00704618 0.00420886 0.00186299 0.00800848 -0.00264368 0.00359245 0.0116599 8.85695e-05 0.00719978 0.0103245 0.00212199 -0.00391957 0.0123793 0.0058385 -0.000319096 0.00669325 0.00173118 0.0024141 0.0103701 0.00202303 -0.00462889 0.0101609 0.00638597 0.0032449 0.00921056 -0.00536621 -0.00186695 0.0116352 0.000972265 -0.00191895 0.0115103 0.00256733 -0.00132839 0.0120499 0.00368674 0.000584962 0.0118272 -0.002576 0.00510901 0.00930328 0.000711905 0.00716476 0.0120045 -0.00577024 -0.00127427 0.010167 0.00138764 -0.00345164 0.0110377 -0.00626096 -0.00355567 0.0115611 -0.000452768 0.000851854 0.011884 0.00554669 -0.00172673 0.0121123 -0.00275361 -0.00325027 0.0123084 0.000842942 0.00500357 0.0102229 0.00253298 -0.00674002 0.00906548 0.00314037 -0.000941048 0.00803629 -0.00270027 0.000201682 0.0120246 -0.00171838 0.00302825 0.0128364 -0.00628503 0.00351311 0.012677 0.00370651 -0.00617292 0.00999338 0.00046987 -0.00077708 0.00870365 0.00573344 -0.00016649 0.0117474 -0.0039925 0.00132248 0.00945376 -0.00107418 0.00446161 0.0125416 0.0036335 -0.00458749 0.0101938 0.0020853 0.00689211 0.0112311 0.00666433 -0.00272557 0.00844293 -0.00189392 -0.0069466 0.0105876 -0.00469233 -0.00174414 0.009083 -0.00710242 0.00118511 0.00622047 0.00119456 0.00216778 0.00888374 0.00591247 0.00410911 0.0104708 0.00557062 0.00456234 0.0119664 -0.00169822 0.00551718 0.0115148 -0.0030663 -0.00651467 0.0133021 0.00591777 0.00410229 0.00794363 0.00454728 0.0055831 0.0104215 -0.00121144 -0.00709761 0.00536809 0.0071908 0.000370598 0.00956791 -0.00261564 0.00487604 0.0126582 0.00530126 0.00487082 0.00920368 0.00714452 -0.000894546 0.00859026 0.00180745 -0.00587448 0.00793222 0.00523101 -0.00494758 0.00953785 -0.00440756 0.00365628 0.0113078 -0.00621387 0.000776232 0.01279 -0.00718343 -0.000492217 0.0126144 0.00302019 0.00335924 0.0104341 0.000208701 -0.000513871 0.0113777 -0.00292685 -0.0028673 0.00938406 0.00719794 -0.000169343 0.0110738 -0.0010503 0.00595272 0.00554135 -0.00225504 -0.00617888 0.0119646 0.000849859 -0.00715026 0.00780979 -0.000506275 -0.00216126 0.0120706 -0.00256505 -0.00146948 0.00615521 0.00368031 0.00326819 0.00738217 0.00511013 0.00130687 0.0117254 -0.00716935 0.00066628 0.0115116 -0.00101989 -0.00189401 0.00852923 0.000921011 -0.000938248 0.0057693 -0.00297793 -0.000431276 0.010582 -0.00714808 -0.000856337 0.00824935 0.00629311 -0.00349854 0.0114301 0.000616804 -0.0033162 0.0124326 0.003221 -0.00643962 0.0121702 -0.00279006 -0.00526108 0.0107688 -0.00372588 -0.00249202 0.00805131 -0.00321094 0.00510832 0.011192 -0.00290142 0.00198027 0.0125932 0.00272665 0.00666422 0.00868893 0.00373902 0.00201463 0.00953004 -0.000906441 0.00336852 0.0113726 -0.00366225 0.00619902 0.013024 -0.000328336 -0.00175573 0.0105243 0.00286165 -0.00518165 0.0089162 0.00442614 0.0056792 0.0120138 -0.00101778 0.00712806 0.00917137 -0.00657296 0.00294011 0.0095798 -0.00276814 -0.0020436 0.0107457 -0.00412567 0.00288807 0.00915297 -0.00237402 0.00266563 0.00701845 -0.000555952 -0.00717851 0.00968564 0.00461205 0.00351685 0.0086581 -0.00070755 0.00518442 0.00976393 -0.00690467 -0.00204176 0.013424 -0.00621734 -0.0036319 0.00815613 -0.00546007 -0.00469383 0.00708259 0.00321716 0.00644167 0.0101948 -0.000943985 -0.000397586 0.0127825 0.000270807 0.00440776 0.0116776 0.00421508 -0.000922057 0.0117384 -0.00521292 -0.00496693 0.0125045 0.00180123 0.00129257 0.0115078 -0.00695336 -0.00186975 0.0118344 -0.00171847 0.00274904 0.0101412 0.000382021 0.0061434 0.00909074 -0.0052247 0.00288316 0.00596729 -0.00148918 1.81357e-05 0.0109952 -0.001709 -0.00115986 0.00993558 -0.00564039 0.00145696 0.00923141 -0.00717042 0.000655745 0.0077286 0.00697267 0.0017952 0.0088738 0.00245328 0.00493124 0.0104237 -0.00258436 0.00291447 0.00872567 0.00151917 -4.1031e-06 0.010615 0.00491393 -0.00300247 0.00787837 0.00301724 0.00326329 0.00883767 0.00260965 -0.00103954 0.00585934 -0.00407268 0.00155461 0.0115912 0.000847439 0.00190687 0.012635 -0.00602069 0.00030215 0.0102712 0.00414993 0.00531149 0.0062353 -0.00120795 -0.00100491 0.00709815 -0.00428226 0.000108991 0.0122425 0.00196636 -0.00196907 0.00838762 -0.0026718 -0.00534314 0.0079013 0.00411733 0.00590725 0.00891516 -0.00535194 0.00245699 0.0119201 -0.000737968 -0.00716239 0.00809619 0.00554582 -0.00161225 0.00870612 0.000132662 -0.00586311 0.00843114 0.00621965 -0.00362828 0.00719941 -0.00695138 -0.00187835 0.00703463 -0.00228231 -0.00682905 0.00837029 0.00433285 0.000767204 0.010337 -0.00714242 0.000911834 0.00930756 0.000733112 -0.00483371 0.00736418 -0.00184059 0.00430847 0.0104765 0.00645995 0.00318001 0.0067546 -0.00491213 0.00162037 0.00696445 0.00507282 0.002767 0.00999354 -0.000779255 0.00715797 0.00655793 0.00563382 0.000962774 0.00762737 0.00278173 0.00664134 0.0130026 -0.00219345 6.21423e-05 0.00642795 0.00561774 -0.00229609 0.0106193 0.00170337 0.00380169 0.00957509 -0.00192135 -0.00461433 0.0120096 -0.00396447 -0.00601092 0.012055 0.00719574 0.000249793 0.0126179 -0.00281015 -0.00445438 0.00922405 0.00417737 0.000988751 0.013312 0.0013793 -0.00706711 0.00630282 -0.00161893 -0.000410822 0.00852519 -0.00419614 -0.0042768 0.0100027 0.000797202 -0.00561271 0.00986433 -0.0015717 0.00169592 0.00894605 -0.00673172 -0.00255457 0.010406 -0.00447064 0.000311365 0.0106666 -0.00365873 0.00620156 0.0054112 0.000402396 0.00342198 0.010425 -0.000180384 0.00584074 0.0111239 -0.00481307 -0.00333848 0.00886345 -0.00321566 -0.000697446 0.00739636 -0.00494616 0.00523312 0.00945416 0.0018772 -0.00546386 0.0127165 0.00118748 -0.00436274 0.00882327 0.00101756 -0.00712781 0.0094003 -0.00558622 -0.00215364 0.00782134 0.00155999 0.00702905 0.00972071 -0.00397254 -0.000330307 0.00928855 0.00284157 0.0055283 0.0118555 0.00529188 0.00145079 0.00911155 0.00217177 0.00106911 0.00962389 -0.00181645 -0.00291791 0.00603042 -0.00569172 -0.0044107 0.00552514 0.00373112 0.00449758 0.00956439 0.000666645 0.00320411 0.00778608 -0.00523395 0.0037371 0.00994034 -0.00359842 0.00623654 0.00700886 -0.00288735 0.00659621 0.0116818 -0.00427363 -0.00579527 0.0105006 -0.00404513 -0.00186444 0.00661605 0.00619264 -0.00367315 0.00964258 -0.000610511 -0.00717476 0.0115153 0.00434419 0.00386317 0.0127181 -0.00331161 0.00449076 0.00662183 0.00109376 -0.00513393 0.0113615 -0.00256496 0.00672815 0.00910134 -0.00716373 -0.000730129 0.0107317 -0.00632187 0.00344594 0.0110768 0.00453216 -0.000163228 0.00790583 -0.0037006 0.00419174 0.00997624 0.00147254 0.00660222 0.00769863 -0.0026055 0.000531367 0.00936031 -0.00378782 0.00330436 0.01274 1.67697e-05 -0.00336406 0.0102184 0.0011468 -0.00143145 0.00999674 0.00493498 -0.00376428 0.0106273 -0.00327769 0.00269644 0.0104959 0.0061221 0.00378992 0.0132542 0.00210085 0.00551189 0.00520663 0.00708331 -0.00129237 0.0122074 -0.00342769 -0.00122119 0.0119501 0.00108009 0.000662288 0.00835493 0.00139251 0.00326694 0.0116805 0.0059285 0.000824816 0.0104388 -0.00488963 0.00224559 0.0104031 -0.00168823 0.00100653 0.012966 0.00162618 -0.00701451 0.012416 0.00137545 0.0040284 0.00641899 -0.00193712 -0.00576329 0.0095119 0.000223251 -0.0018297 0.00752472 0.00165775 -0.00189345 0.00682002 0.000403002 -0.0048543 0.0128391 -0.00219292 0.00409319 0.00771733 0.00444575 -0.00566416 0.0128787 0.00214263 -0.00618476 0.0105143 0.0041353 0.00423492 0.0111761 0.00489075 0.00288396 0.0115781 0.00666406 -0.00272589 0.012781 -0.00139753 -0.00491997 0.00581702 0.00714226 -0.000914222 0.0059833 -0.00363987 0.00426082 0.00837906 0.00493647 0.00273856 0.00654467 -0.000865747 0.00714809 0.0117409 -0.00581212 0.000114903 0.00837796 0.00426785 -0.00579955 0.0063913 -0.00212292 0.00550432 0.00696723 -0.00146062 -0.00322849 0.0113579 0.00696431 0.00164025 0.0118612 -0.00298379 -0.00500314 0.00600643 -0.000572512 -6.24337e-05 0.00968425 -0.00368384 0.00618644 0.010109 0.00349817 0.000409268 0.00901984 0.00058576 0.00103132 0.00983069 0.00693905 -0.00192264 0.00979892 0.00263407 0.00181181 0.00828436 -0.00540852 -0.00475339 0.0109311 0.0015352 -0.000117754 0.0122136 -0.0067727 0.00244425 0.0153449 -0.00146405 -0.00704984 0.0130484 -0.00423317 -0.00142244 0.010583 -0.00350244 0.00629179 0.0155455 -0.00371265 0.00248023 0.015708 0.000236299 0.00336351 0.0128888 0.0059213 0.00059909 0.0159169 -0.00430955 -8.74595e-05 0.0154831 -0.00401514 -0.00273596 0.01147 -0.00624097 -0.00359141 0.0161164 -0.00357633 -0.00278943 0.0147074 0.00462893 -0.000404344 0.0139555 -0.000100303 0.00164062 0.0148477 0.00283002 0.00315376 0.0153352 -0.00476325 -0.00344342 0.0126944 0.00528029 -0.00187105 0.015819 -0.00476798 0.00141917 0.0130255 -0.000513891 0.00718208 0.0133008 -0.000862183 0.000396262 0.0141922 -0.00106967 0.00137551 0.0160921 0.00409681 -0.00592135 0.0144182 0.00367664 -0.00352015 0.013906 -0.00629459 -0.00349637 0.013159 -0.00398531 -0.00447361 0.0116054 0.00126741 0.00623144 0.013319 -0.00242315 0.00678061 0.0142844 0.00293392 0.00359227 0.012014 0.00136776 -0.00487793 0.014115 0.00573761 0.00072464 0.0130762 0.000863082 0.00275862 0.0142306 -0.00573456 -0.000312426 0.0117202 0.00604275 -0.000823568 0.0133356 -0.00563747 0.00113426 0.0159609 -0.00230477 -0.00312238 0.0162191 -0.00159204 0.00195218 0.0116605 -0.000127733 -0.00102055 0.0143033 0.00321668 -0.00152721 0.0162674 0.00329473 0.000235577 0.0145635 -0.0016541 -0.00147307 0.01446 -0.00719887 -0.000140094 0.0177619 0.00305703 -0.00042127 0.010755 0.00257811 -0.00672292 0.015288 -0.00183613 -0.00130929 0.0118178 0.00702071 0.00159916 0.0134594 -0.00180973 0.00675674 0.0105106 0.00649547 0.00310646 0.0165773 -0.00486619 -0.00163683 0.0151448 0.00600291 0.00397592 0.0153279 -0.00160466 -0.00149597 0.0166634 0.00312618 -0.00270335 0.0126458 0.00572373 0.00214552 0.0155571 -0.000222103 -0.00719701 0.0145408 0.000124703 -0.00719898 0.012936 0.00385378 0.00608232 0.0140506 -0.00191726 -0.00429257 0.0151994 0.00537435 -0.00211085 0.0142404 -0.000798745 0.00573084 0.0155816 -0.00234389 -3.76558e-05 0.0146112 0.00320869 0.00485203 0.0132577 0.00338788 0.00323957 0.0138385 -0.00461937 0.00417301 0.0169367 -0.00091029 -0.00362241 0.0128077 -0.00110264 -0.000430444 0.0155403 -0.00056114 0.00206492 0.0133759 0.000902009 -0.00714344 0.0109956 0.000470525 -0.00114368 0.0128247 -0.000402547 0.00373288 0.0143082 -0.00411091 0.00129801 0.0147068 0.00317605 -0.0034683 0.0112419 -0.00203954 -0.00544102 0.0138956 0.00285888 -0.00155416 0.0137852 0.0043023 -0.00172741 0.0131175 -0.00661892 0.00283427 0.0168882 -0.00439566 -0.00570256 0.0136664 0.000467022 -0.00447769 0.0159092 0.000380259 0.00197473 0.0111064 -0.00182397 0.00637849 0.0128568 0.00302053 -0.00496706 0.0137185 0.00295957 -0.00323266 0.00967491 0.00646032 0.00318016 0.0116552 0.00611555 -0.00380006 0.0159564 0.00182733 -0.0037664 0.0154602 0.00662646 0.0028164 0.0144194 -0.00687781 0.00213091 0.0137801 0.0013394 -0.00199289 0.0145514 0.00246976 0.00455263 0.0160226 -0.00054585 -0.00193526 0.0155474 0.00519706 0.00101692 0.0145528 0.000376165 0.000413219 0.0131798 -0.00358649 -0.00102382 0.0144062 -0.000491301 -0.00437665 0.014155 -0.00477076 -0.0053928 0.0151904 0.00294719 -0.00013751 0.0130477 -0.00417736 -0.00276597 0.0161894 0.00587304 -0.000687226 0.0149207 0.00695219 -0.00187559 0.0141253 -0.00319707 -0.00491182 0.0129268 -0.00392837 -0.00603298 0.0163897 -0.00215052 0.0060629 0.0163693 -0.00710557 -0.00116516 0.0147466 -0.00586386 0.00390548 0.0159674 0.00137901 0.00125037 0.0141022 0.00200002 0.00290626 0.0131159 -0.00546408 0.00468876 0.0133867 -0.00508303 0.00288612 0.0135803 0.00703304 0.00154167 0.016591 0.00287154 0.00182797 0.0144406 0.00470772 -0.0054479 0.0110093 0.0042739 -0.0030181 0.0162986 0.000430041 -0.00327325 0.0148573 0.000367362 -0.00577656 0.014981 0.00123702 -0.00658021 0.0139055 -0.00106083 0.00557642 0.0140113 -0.0016178 0.00269646 0.0143974 -0.0057285 0.00113316 0.0142726 -0.00719204 0.000342154 0.0139791 0.00529962 -0.00348973 0.0132819 0.00282431 -0.00662297 0.0137093 -0.00688927 0.00209285 0.0121812 -0.00242575 -0.00677916 0.0160818 -0.00320448 0.000675505 0.0134671 0.0020762 0.000762501 0.0154562 -0.000895262 -0.00496251 0.0166022 -0.00223899 -0.00386737 0.0136911 -0.00600455 -0.000741814 0.0136663 -0.000132041 0.00574167 0.0127194 -0.00481948 0.00534916 0.0110447 -0.00330828 0.00251367 0.0140455 0.0022822 -0.000850425 0.0151593 0.00104578 -0.00712377 0.0155141 -0.000963652 0.00713557 0.0148349 -0.00553596 -0.00460379 0.0140286 0.00504507 0.00513694 0.0133859 -0.00467599 -0.00127065 0.0129492 0.00350028 0.00451736 0.0147946 -0.0041965 0.00481755 0.0124191 0.0027824 -0.00255791 0.0150287 -0.00469067 0.00391196 0.0148794 0.00234005 -0.00220357 0.010731 0.000828357 -0.00116261 0.0158199 0.00455054 -0.00296996 0.0119678 0.00305023 0.00591763 0.015424 -0.00336192 -0.00212519 0.0132683 -0.00708596 0.00127846 0.0170311 -0.00497947 0.00263661 0.0166727 -0.00626525 -0.00196652 0.0158471 -0.0062029 0.00365627 0.0144238 -0.00528888 -0.00245253 0.0138352 -0.00511662 -0.00272739 0.0103101 0.00163864 -0.00222267 0.0129966 -0.00356583 0.00442245 0.0138627 -0.00283292 0.00365118 0.015065 -0.00174151 -0.00228349 0.0130834 -0.00187725 0.00420452 0.0139079 -0.000737624 -0.00568701 0.0120876 -0.00440576 0.00569477 0.0143478 0.00448918 0.00375921 0.0157978 0.00526904 -0.00490713 0.0140228 0.00406791 0.00107483 0.0156842 0.00320783 0.00188839 0.0110336 -0.00714439 0.000894234 0.0154795 0.00594311 -0.000766816 0.0102793 0.00573958 0.00230202 0.0128082 0.0048554 0.0037748 0.014231 -7.52849e-05 -0.00244795 0.0135838 -0.00412563 0.00590122 0.0169657 -0.00654453 -0.00300209 0.0146601 -0.0023386 0.000403371 0.0161487 0.00377322 -0.0042652 0.0124936 -0.00462834 5.30031e-05 0.0138461 -0.00437968 0.00028371 0.0202107 9.49458e-05 -0.00153932 0.0191625 -0.00319292 0.00414398 0.0192815 -0.00440773 -0.00119454 0.0208213 0.00578471 -0.00075537 0.0168481 -0.00141886 0.0022258 0.0174158 0.00152956 0.00225921 0.015596 0.000458842 0.00580814 0.0197629 -1.35522e-05 0.00297569 0.018082 0.00134482 0.0035388 0.0165378 -0.00406957 0.0017453 0.0179681 0.00459521 -0.00130831 0.0194763 -0.000445924 0.00141963 0.0198484 -0.00285559 0.00660982 0.0176968 0.00399566 0.00217334 0.0180655 0.00179138 -0.00536105 0.0155798 0.00708861 0.00124916 0.015019 -0.00340846 -0.00374035 0.0171986 -0.00672432 -0.0025757 0.0172532 -0.00338814 -0.00069964 0.0166389 0.00177949 0.00458245 0.0197004 -0.00505547 -0.0034661 0.0150503 0.00244754 0.00292935 0.0175228 0.00483375 0.000873838 0.0170741 0.00326969 -0.00205675 0.017776 0.00513643 -0.00504589 0.0156112 -0.000749932 -0.00344715 0.0160291 0.00433935 0.00285639 0.0207799 0.00396218 -0.00455312 0.0166234 0.00578279 -0.00259478 0.0184305 -0.00136223 0.00707007 0.0173304 0.0020781 -0.0034595 0.0139106 -0.00598 0.00401148 0.0177622 -0.00672316 -0.00257798 0.0188529 -0.00344241 -0.00408481 0.0156368 0.00507132 0.0034173 0.0175936 -0.00196321 -0.00692789 0.0187438 -0.00118642 -0.00146554 0.0182075 -5.42045e-05 -0.00182014 0.0171258 0.00266733 -0.00668817 0.0181869 0.00577778 0.000521888 0.0193478 -0.0020768 0.00351742 0.0180965 0.00472824 0.00543037 0.0178583 0.00145574 1.00546e-05 0.0167241 -0.00250542 0.00150706 0.0149951 0.00719927 -0.000107068 0.0141775 0.000595154 0.000208092 0.0150284 -0.00076826 -0.00587384 0.0200788 0.00249106 -0.000612458 0.0177729 -0.00121066 -0.00300639 0.0145623 0.00403241 -0.00416254 0.0191114 -0.00719917 -0.000114804 0.0203766 -0.00657556 -0.00293462 0.0214525 0.0013772 0.00706242 0.0158367 -0.00329151 -0.00507182 0.0180779 -0.00710196 -0.000526703 0.016213 0.00436452 -0.00572671 0.0191559 -0.00515787 -0.00228551 0.0190022 0.00269732 -0.00300963 0.0165685 0.000817554 -0.000701502 0.0180071 0.00586002 -0.00418347 0.0186027 6.92436e-07 0.00296235 0.0200462 0.00221493 0.00451012 0.0176016 0.00547425 -0.00467721 0.0171308 0.000512971 0.00122035 0.016264 -0.0071567 0.000793251 0.0190604 -0.00239106 0.00531903 0.0149329 -0.00121133 -0.00572771 0.0152337 0.000641366 -0.00717163 0.020135 -0.00192203 0.00693881 0.0189604 0.000761453 0.00715977 0.0215629 0.00168948 0.00699935 0.0202699 -0.00587282 -0.000242437 0.0151805 -0.000524724 -0.00589722 0.0136589 0.00161105 0.00157481 0.0173712 0.00327564 -0.00438892 0.015188 0.0013128 0.00406915 0.0150292 0.00448921 0.00234953 0.0165541 -0.00514459 -0.00271697 0.0174622 -0.00310883 -0.00216498 0.0172173 0.00326293 0.00532737 0.0184924 -0.0039227 0.00333547 0.01811 0.000780809 0.00715764 0.018963 -0.00142682 -0.00632272 0.0172557 0.000116651 -0.00401465 0.0173999 -0.00579069 -6.73294e-05 0.017006 -0.00627626 0.00352866 0.0194862 0.00171903 -0.00444548 0.0169048 -0.00255152 -0.00520673 0.0163491 -0.00209783 0.00454483 0.0168705 0.00059949 -0.00282103 0.0183489 0.00638227 -0.00333468 0.0144491 0.000640698 0.00482279 0.0137767 0.00054022 -0.00593514 0.0165632 0.000726146 0.00572239 0.0150967 0.0048878 -0.00361235 0.0149465 0.00181344 -0.001808 0.0185916 -0.00485533 -0.0013322 0.016715 -0.000996308 0.00514531 0.0198156 0.00462465 -0.00349053 0.0177861 0.000615184 0.00449874 0.0175885 0.000970922 0.00193515 0.0187936 -0.00450919 -0.00389812 0.0183485 -0.00519187 0.0024092 0.0151033 0.00506637 0.00276354 0.0190971 0.00719098 -0.000362896 0.0157676 -0.00334982 0.00480298 0.0178322 0.00331922 -0.000409283 0.0191264 -0.00552271 -0.0046195 0.0205438 -0.00398481 -0.00422773 0.0141386 -0.00216313 0.00537237 0.0187417 0.00392217 0.0017935 0.0196595 -0.00242126 -0.00270229 0.020134 0.00175248 -0.00178237 0.0169694 0.00281355 0.00220333 0.0209086 0.00230848 0.0068205 0.018116 0.00620414 0.000474935 0.0177968 0.000808894 -0.00293883 0.0163753 0.0071982 -0.000183718 0.0191423 -0.00502001 0.00133106 0.0191861 0.0043437 0.00235951 0.0147723 0.00218239 0.00686205 0.0144691 -0.0021706 0.00109243 0.0197902 -0.00269848 0.00101793 0.017581 -0.00188455 -0.000290209 0.0190381 -0.0034421 0.00476951 0.0160329 0.00208022 0.00527378 0.0143098 0.000510905 -0.00185721 0.0206743 -0.00535498 0.00271629 0.0184611 0.0030976 -0.00300082 0.02065 0.00168668 0.00051802 0.0185694 0.00289536 0.00192709 0.0163598 -0.00590583 -0.00137518 0.0179205 0.00310546 5.7094e-05 0.0164565 0.000119342 0.00301374 0.0156387 -0.000120795 0.00580445 0.0170288 -0.000972855 -0.00370864 0.0203259 0.00435255 0.00573614 0.0163343 -0.00138801 0.00419923 0.0154786 0.00437609 0.000688439 0.0185957 0.00452559 -0.00044027 0.0159141 0.00500411 0.00517749 0.0149848 -0.00226205 -0.00415866 0.0194922 0.00262747 -0.00576232 0.0168829 -0.00186848 0.0027564 0.0159755 -0.00559989 0.00452693 0.0205376 0.000614069 0.00717422 0.0144349 0.000183043 0.00455851 0.0160499 -0.00412583 0.00114505 0.0164862 -0.00203601 -0.00690683 0.0145355 0.00369176 -0.00260322 0.0192189 0.00584565 0.00201704 0.0175523 0.00402028 -0.00155517 0.0148848 -0.00477927 -0.00538511 0.0175796 -0.000870644 -0.00714722 0.0160025 -0.0034852 -0.0063003 0.0148383 -0.00712376 -0.00104578 0.0190781 -0.000120082 -0.000257306 0.0167901 -0.00483774 -0.00432657 0.0163814 0.00486084 0.00434843 0.0190282 -0.00496525 0.00521409 0.0157676 -0.000513696 0.00635069 0.0184803 0.00681758 -0.00231561 0.0172428 -0.00497839 -0.00520151 0.0191564 0.00139276 0.00561329 0.0165469 0.00163615 -0.00701207 0.0170075 0.000613539 -0.00569417 0.0192934 0.00532565 -0.00484575 0.0200827 0.00521333 -0.00203994 0.0207577 0.00105323 0.000880137 0.0199927 -0.00296184 0.00252734 0.0171196 0.00139912 0.00555992 0.0184927 -0.000859549 -0.00281337 0.0190051 0.00290768 0.00582725 0.0170147 0.00680332 -0.00235707 0.0156436 -0.00384823 0.00608553 0.0188363 -0.00557827 0.00142402 0.0175449 0.00548711 0.00466174 0.0166781 0.00356103 -0.0046182 0.0205706 0.00675681 0.00248899 0.0199116 0.00156494 -0.000473441 0.0137799 -0.000198652 -0.00553362 0.0179242 0.00701594 0.00161795 0.0185676 -0.00195547 -0.00428361 0.0175892 0.00715577 -0.000804742 0.0176692 -0.00156726 -0.000106085 0.0174549 0.00393764 -0.00602862 0.0160058 -0.00530997 -0.00249273 0.0205806 -0.00276305 -0.0017273 0.0155845 0.00139219 -0.00569813 0.0178963 -0.000814148 0.00359091 0.0168419 -0.000199473 0.00719712 0.0162388 -0.00686055 0.00218522 0.0183299 0.0042254 -0.00581936 0.0175652 0.00371467 0.00443998 0.017021 -0.00297902 -0.00655509 0.0175661 0.00520587 -0.00328496 0.0197534 -0.00357477 -0.00497419 0.0199052 0.00131646 -0.00511994 0.0237048 -0.00386353 8.45678e-05 0.024696 -0.00216519 0.00264091 0.0215933 0.00244551 -0.00183387 0.0245486 0.00598835 -0.0025794 0.0220488 0.00122613 0.00299979 0.0231614 0.00103568 -0.0036111 0.0241562 0.000612121 -0.0057622 0.0208916 -0.00406771 0.0051768 0.0201347 -0.00179487 0.00416515 0.0238019 -0.000552475 -0.00424051 0.023613 -0.000559611 0.00263454 0.0215081 0.00717476 -0.000606459 0.0235029 -0.00594905 0.00405573 0.0220262 0.00468065 -0.0024061 0.0244325 -0.00364009 -0.00148724 0.0222075 -0.00217286 -0.00531125 0.0205984 0.000245349 -0.00331086 0.0212874 1.74415e-05 -0.00622695 0.022302 0.00169161 -0.000869281 0.021153 -0.00227392 -0.00384177 0.0212472 -0.00284478 0.00349634 0.0227622 -0.00203757 -0.000273716 0.0221726 -0.000111044 0.00214383 0.0250761 -0.00332545 7.85113e-05 0.0230537 0.00394181 0.00421913 0.0220341 -0.00193535 -0.00693529 0.020343 0.00302307 0.00653467 0.0195184 0.000205225 0.00124518 0.0212988 -0.00105567 -0.00237303 0.0212029 -0.00580721 6.88299e-05 0.0186 -0.00119379 0.00710045 0.0236847 -0.00310182 -0.000902339 0.0181997 0.00226012 -0.00325845 0.0180866 0.00151301 0.00555775 0.0209401 0.000209088 0.000932074 0.0178077 -0.00571842 0.00208183 0.0221391 0.000168209 -0.000295637 0.0206187 -0.00645619 -0.00318763 0.0245594 0.00225198 0.00188311 0.0224061 -0.0037431 0.00251057 0.0218784 -0.00270676 0.00217154 0.0186891 0.00254092 -0.00164644 0.0200066 0.0071273 -0.00102219 0.0205028 0.00556194 0.00159616 0.0231622 -0.00178394 -0.00697577 0.0222013 0.000968522 0.00526199 0.0224152 -0.00315788 0.00382557 0.0211807 -0.0063409 0.00196687 0.0198268 0.00305483 -0.00463864 0.017938 -0.0027854 0.00124257 0.0220618 0.006434 0.0032318 0.0184113 -0.00279387 0.00510605 0.0246284 -0.00134425 -0.00155145 0.0198608 -0.00508838 -0.00377346 0.0238615 -0.000814334 0.00715407 0.0218385 -0.00294919 0.00329831 0.0244914 0.00462666 -0.00551693 0.0213557 -0.00258586 -0.0061646 0.0233225 0.00666756 0.00271785 0.0228816 -0.00668958 0.00266292 0.0236699 0.00463407 0.00551049 0.0243354 0.00328472 -0.0032869 0.0222125 0.00310189 0.000191217 0.0222479 -0.0024231 0.00296803 0.0200473 -0.00565568 0.000649387 0.0252917 0.00560132 0.000988754 0.0216827 -0.00306131 0.00651753 0.02016 -0.00706791 0.00137403 0.0211226 0.000461367 -0.00444968 0.0223933 0.00381254 0.00198466 0.0253852 0.00277555 -0.00550258 0.0192549 -0.00179902 -0.00181934 0.0225148 -0.00121057 0.0025893 0.01907 -0.0048196 -0.00534911 0.0237944 0.000307407 0.00383766 0.0221085 -0.000635211 -0.000962406 0.0218301 0.00607016 -0.00387321 0.0211118 0.003618 -0.00213041 0.025596 0.0044569 0.00246345 0.0240013 0.00299169 -0.00496669 0.0220244 0.000651875 0.00155008 0.0228042 0.00595971 -0.00404066 0.0226988 0.00116448 -0.0042922 0.0186246 0.00188894 -0.00694784 0.0244344 -0.001242 0.00383147 0.0206948 0.00256652 0.00373699 0.0226939 -0.00161191 0.00177683 0.0230082 -0.00433935 -0.00356939 0.0199048 0.00425793 0.00580631 0.0213043 -0.000148362 4.01179e-05 0.0190868 0.00190745 0.000743014 0.0213381 -0.00709633 -0.000351462 0.0235213 -0.00152495 0.00643685 0.0205976 -0.00403298 0.0025501 0.0194991 0.00595283 -0.000336443 0.0225064 0.0019846 0.00692119 0.0225661 0.00696792 0.00181528 0.0215953 -0.00519846 -0.00498202 0.022284 -0.000924668 0.0047567 0.0179375 -0.000160421 0.00719846 0.0202559 0.00309626 -0.000539586 0.0238703 -0.000417596 -0.00155082 0.0233019 0.002871 0.00660293 0.0212729 -0.005794 0.000360084 0.0209764 -0.00345327 0.00156652 0.0206199 -0.00635884 -0.00337763 0.022974 0.00697995 -0.00176762 0.0190948 -0.00479069 0.00406738 0.0192367 0.00430763 0.000320453 0.0201512 -0.00274874 -0.00511499 0.0220915 0.00363849 0.00265533 0.0222038 0.00110758 0.00142183 0.0243322 -0.00346013 -8.01965e-05 0.0214677 0.00355594 -0.00626078 0.0204284 8.28849e-05 0.00422857 0.0190721 0.00259265 -0.00601385 0.0233415 -0.00247256 -0.0014397 0.0211147 0.00421388 0.00399143 0.0235939 0.00719888 0.000133328 0.0216072 -0.00433892 8.09891e-05 0.0176617 -0.00522061 0.00495858 0.0231282 0.00406849 0.00132604 0.0213724 0.00301792 0.000937973 0.0177886 -0.00130589 -0.00542561 0.0227101 0.00302146 0.00343132 0.0199043 -0.00148051 0.00521623 0.0216307 -0.00712177 0.00105862 0.0242769 -0.004362 0.00394471 0.0222273 0.00576018 -0.000970995 0.0184332 -0.00246511 -0.00297012 0.0184409 0.00438231 0.0057134 0.0197109 -0.00399395 -0.00599097 0.0225837 0.00295909 0.00102192 0.0241895 0.000198277 0.00666245 0.0229752 -0.00173368 -0.000722531 0.0236777 -0.00720001 2.36364e-05 0.02197 0.00183741 -0.00385762 0.0211538 -0.00441274 -0.00568963 0.021065 0.00215268 -0.00536548 0.020722 -0.00344439 0.000530408 0.0189098 -2.58136e-05 -0.00720039 0.0173611 0.00249786 -0.00394836 0.0195099 0.00678626 0.0024063 0.0258046 -0.0044986 -0.000818263 0.0189752 -0.00509814 0.00300301 0.0232904 -0.00358053 -0.00211324 0.0192024 -0.00349759 0.00629366 0.0216826 -0.00131677 0.00378381 0.0223236 0.00249391 -0.00528987 0.0247745 0.00222739 -0.0010884 0.0226444 -0.00511256 -0.00344467 0.0218508 0.00455809 -0.000222785 0.0217316 -0.00497707 0.00520297 0.0181257 0.00400156 0.00129913 0.0229709 -0.00382828 -0.00421779 0.021292 0.0014976 -0.00704275 0.0214795 -0.00248323 0.00504524 0.0203962 -0.00461758 0.00329076 0.0207902 0.00207239 -0.00237451 0.0217056 -0.000583482 -0.00717656 0.0211636 -0.00588749 -0.004145 0.0175751 0.00381031 -0.00610738 0.0243761 0.00587048 0.00293038 0.0212623 -0.00278545 0.00663938 0.023989 0.00108587 -0.00111473 0.0237649 -0.000353912 0.00276105 0.0230893 -0.00460137 0.00101686 0.0236257 -0.00163694 -0.000170834 0.0206141 0.00480917 -0.00193432 0.0173465 -0.00503872 0.00174876 0.0207299 0.00296752 -0.00656031 0.0218853 -0.00341017 -0.00634158 0.019092 -0.00454436 -0.00252161 0.0230272 0.00218153 0.00560483 0.0234538 -0.00223756 0.00684387 0.0224998 0.0011781 -0.00710327 0.0186298 -3.04977e-05 0.00579751 0.021286 0.00265645 0.00517039 0.0219896 0.00699256 0.0017166 0.0243759 0.00264618 0.000848028 0.0198511 0.00538969 0.00175212 0.0202934 0.00203939 0.0038467 0.0210972 -0.000395126 -0.00718935 0.0189174 0.00141219 0.00346272 0.018619 0.000929535 0.00713986 0.0173705 -0.00544578 -0.00172135 0.0219753 0.00135209 -0.00065455 0.0196045 0.00172612 0.00699033 0.0241435 -0.00278131 -0.00355756 0.0245579 -0.00702956 -0.00155871 0.0221307 -0.00399711 0.0059886 0.0231716 0.00331972 -0.00292473 0.0237704 -0.0038457 0.00435812 0.0236837 -0.000713397 0.000585966 0.0224303 0.00355007 0.00366989 0.0184133 0.00668947 -0.00266334 0.0234844 -0.00705722 0.00142827 0.0227216 0.00604265 0.00391629 0.0200148 0.00348665 0.00629963 0.0227609 -0.00657909 0.00292512 0.0210857 -0.00122739 0.00106451 0.0184986 0.00158484 0.00273941 0.0200355 -0.000658474 -0.0049016 0.0213443 -0.00373305 -0.00262744 0.0210468 0.000274141 0.0035171 0.0243511 -0.00121585 -0.00287232 0.0174468 0.00713431 0.000971451 0.0202464 0.00255258 0.00214137 0.0189107 0.00108527 0.00255847 0.0215445 0.00672574 -0.00257002 0.0204553 0.00441534 -0.00438881 0.0224702 0.000690078 -0.00434595 0.0201515 0.00464543 0.00441746 0.0206114 -0.00317912 -0.000718254 0.0198744 0.00466638 -0.00286886 0.0229016 0.00568684 0.00441643 0.0218255 -0.00699808 -0.00169406 0.0205352 0.00561517 -0.000503759 0.0205644 0.00153993 -0.00561529 0.0222001 -0.00441712 0.00106841 0.0220374 -0.00716453 -0.000716223 0.0250772 0.00453856 -0.00342136 0.0212021 -0.000395239 -0.00434416 0.018976 -0.00578296 -0.000848747 0.0199284 0.0030441 0.0052258 0.0204387 0.000481985 0.004379 0.0206137 -0.0030426 -0.00307154 0.02242 0.000740544 -1.23403e-05 0.0221302 0.00592922 0.000274296 0.0239845 0.00479156 0.0053739 0.0227492 -0.00501565 -0.000815936 0.0253447 0.00376502 -0.00140831 0.021008 0.00706391 -0.00139571 0.022057 0.00710307 0.000986326 0.022957 0.00414429 -0.00049252 0.0175418 0.00439983 -0.000875577 0.024804 -0.00600422 -0.0039736 0.0191615 -0.00109468 -0.00711631 0.0236383 -0.00138798 0.00130875 0.0211687 0.00137543 -0.00283365 0.0197479 -0.00158801 -0.00537388 0.0187006 0.000771371 -0.00160838 0.0222332 -0.00573394 -0.00435475 0.0253814 0.00218609 -0.0068606 0.0198605 -0.00307609 -0.00651014 0.0213807 -0.00693554 -0.00193497 0.0236828 0.0040935 0.00153911 0.0272054 0.00019738 0.0026331 0.0266638 -0.000858684 -0.00363655 0.0266354 0.000222477 0.00614562 0.0257028 -0.0016104 -0.00533112 0.024278 -0.00416381 -0.00366716 0.0288364 0.00421194 0.000303622 0.025869 -0.00315961 -0.00140954 0.0250691 -0.00719453 -0.000280679 0.0286238 -0.000771328 0.00552017 0.0246096 -0.00200166 0.00175123 0.0279269 0.00277853 -0.00510662 0.0279091 -0.00480028 0.00536655 0.0216395 -0.000964497 -0.00252679 0.02866 0.00535053 -0.00203547 0.0258368 -0.00598139 0.00400856 0.0241664 -0.00708097 0.00130393 0.0258573 0.000480919 0.00457621 0.0255319 -0.00335848 0.00255654 0.0283764 -0.00262688 0.00506588 0.0270472 -0.00648856 -0.000139027 0.0264071 -0.00139625 0.00269839 0.0243012 0.00564964 0.00446364 0.0250051 0.00508414 0.00509859 0.0263599 0.00416519 -0.00394515 0.0246879 -0.00154992 -0.00101004 0.0260232 -0.00437946 0.000896596 0.026225 -0.00431509 -0.00576401 0.0252549 -0.00477447 -0.000396964 0.0225705 0.00567097 -0.0014384 0.0236312 0.00395587 0.00601617 0.0256934 -0.000512963 0.00412995 0.0267036 -5.1619e-05 1.01174e-05 0.0237678 0.00495411 0.000364365 0.0280297 -0.00450033 0.00213075 0.02734 -0.00361554 0.00292668 0.0258976 0.00139774 0.00402652 0.0267221 -0.00667849 0.00269095 0.0268063 0.00250525 -0.0036958 0.0249112 0.00316846 -0.00304635 0.0268282 -0.00551689 0.00455194 0.0255973 -0.00352847 -0.00627626 0.0265505 0.00117007 0.00569243 0.0289133 0.000579774 -0.00607187 0.0271382 -0.00633699 -0.00341856 0.0265347 0.00453755 0.000924563 0.0244311 -0.00387768 -0.00434127 0.0229201 0.000789808 -0.00306695 0.0263996 -0.00130943 -0.00283207 0.0236519 0.00573511 0.000228488 0.0266404 0.0043888 -0.000618241 0.0291586 0.00222084 0.000443038 0.0263739 0.00531129 -0.00259848 0.0273334 0.000399403 0.00570984 0.0275113 -0.00686981 -0.00215568 0.0257098 0.000100735 -0.000502058 0.0281006 -0.000322719 -0.00345339 0.0249867 0.000432783 -0.00448128 0.0270562 -0.00308448 0.00167439 0.0267517 0.00206009 0.00110659 0.0291647 -0.00240742 0.00203385 0.0253477 0.00402552 -0.0020383 0.0281033 -0.00102217 -0.00361059 0.0222163 0.00232538 0.00681422 0.0256165 -0.00411232 -0.00100593 0.0281296 -0.000921153 -0.00553669 0.0269949 -0.00108789 0.00108104 0.0243501 0.000180097 0.00719782 0.0244984 0.00537653 -0.00478913 0.0253044 0.002885 0.00254829 0.0237161 0.00287387 0.00381919 0.0273529 0.000124025 0.000564636 0.025258 -0.0025387 0.00415112 0.0283567 -0.00131575 0.00284492 0.0261897 -0.0027356 -0.00129472 0.0273678 -0.00116591 0.0012185 0.0259421 0.0022333 0.00173154 0.0254258 0.00505114 -0.00513095 0.0271043 0.00457928 -0.000280457 0.0233299 -0.00268809 0.00117557 0.0240275 0.00279026 0.00315396 0.0259004 0.00590054 -0.000631997 0.0253021 0.00194988 -0.0039854 0.0227506 0.00308637 -0.00145328 0.0269478 -0.00334699 -0.00296949 0.0259337 0.00719647 0.00024112 0.0249598 -0.00655998 0.00296789 0.025235 -0.000791361 -0.00639396 0.0252457 0.00297731 -0.000667293 0.0255056 0.00408487 0.00374404 0.0251691 -0.0036687 0.00507311 0.0290984 0.0045673 -0.00339772 0.0261363 -0.00417369 -0.00410496 0.0251311 -0.00460519 0.00343745 0.0247491 -0.00715113 0.000840944 0.0274839 0.00113165 -0.00711072 0.0230349 0.0017676 0.0024845 0.0269323 0.000825666 0.000922835 0.0281636 -0.000367699 -0.000113111 0.0266212 -0.0057097 -0.00125379 0.0281823 0.0019858 -0.00411847 0.0269317 -0.00531973 -0.00266529 0.0255567 0.00708221 -0.00129746 0.0280408 -0.00708774 -0.001268 0.0273694 -0.00385969 -0.00472285 0.0276736 -0.00365563 -0.000527421 0.0263077 -0.00519151 0.00258867 0.0259719 0.00595294 0.00405015 0.028842 -0.00391166 0.00169509 0.0249205 -0.000190208 -0.00551994 0.0284272 -0.00198625 -0.00250198 0.0266332 0.00644087 0.00321814 0.0243869 0.00183445 0.000533883 0.0231618 -0.000954486 0.00713674 0.0261405 0.0041003 -0.00591872 0.0228144 -0.00556116 -0.000220814 0.0239524 0.00102408 -0.000560697 0.0259531 0.0051017 -0.00508067 0.023739 -0.00574189 -0.0043439 0.027696 0.00120311 -0.00436333 0.0255581 0.00174385 -0.0024854 0.0232672 -0.00190094 0.00593957 0.0256611 0.000691978 -0.00221487 0.0248577 -0.00570545 -0.00152002 0.0266048 0.00358753 0.000747297 0.0287676 -0.00489971 0.00527588 0.0276155 -0.00407478 -0.00261629 0.0245536 0.00527869 0.0026954 0.0253542 0.000878064 -0.0058503 0.0250591 -0.00223768 -0.00684369 0.0247285 0.00321401 -0.00454952 0.0235526 0.00566642 -0.00364819 0.0242214 -0.00366836 0.00230643 0.0234628 0.000792508 0.00253962 0.028199 -0.00148667 0.00560718 0.0231817 -0.00283429 0.00506944 0.0224706 -0.000188337 0.00719758 0.0275436 0.00654468 -0.00300212 0.0253919 0.00584506 0.00113777 0.0253286 -0.000552211 0.00130575 0.0274169 -0.00541789 -0.00183321 0.0241774 -0.00319105 -0.00508822 0.0243391 0.00074668 0.00572558 0.0241501 -0.00547853 0.00202876 0.0245009 0.00374304 -0.00159847 0.0225964 0.00124422 0.00298681 0.0255069 0.0055743 0.00189173 0.0267133 -0.00176779 -0.00433563 0.0255203 0.00129757 -0.00420388 0.0283733 0.0050156 0.00402699 0.0275456 0.0042723 -0.00579591 0.0258754 -0.00230532 0.000288836 0.0265723 -0.00229802 -2.95483e-05 0.0250045 -0.000461206 -0.00110599 0.0248382 0.00309015 0.00471833 0.0260474 0.00713607 0.00095846 0.0263882 0.00185925 0.00533049 0.0252293 -0.000139804 -0.00577087 0.0238272 0.00511752 0.00305116 0.0226681 -0.00402102 -0.00118823 0.0237394 -0.0018064 -0.00226286 0.0250618 0.00701422 -0.00162549 0.0247257 0.00248262 0.00511698 0.0282026 -0.00277297 -0.00219034 0.0237277 0.00317342 0.00484797 0.0244552 -0.00316066 -0.00466267 0.0262361 0.00202111 0.00374542 0.0243324 0.00179371 1.78487e-05 0.0246755 0.00047318 -0.00718477 0.0259945 0.00662499 -0.00282019 0.0282189 -0.00210716 -0.00583503 0.0259633 0.00577327 0.00430252 0.0234186 0.000308216 -0.00719395 0.0244035 0.000252645 -0.00295406 0.0229256 0.00407534 0.00251869 0.0284701 0.000540749 -0.00162468 0.0270457 -0.00418016 -0.00194376 0.0268352 0.00321608 0.00644255 0.0243407 0.00192353 -0.0069384 0.0271952 0.00547713 -0.00119233 0.0280782 -0.00447081 0.00564405 0.0261187 -0.00214187 -0.00415686 0.0232197 0.00177186 -0.000676124 0.0274253 0.000437982 0.00418356 0.0279922 0.00111155 0.0071138 0.0266147 0.00186609 -0.00194091 0.0260356 -0.00593165 0.0040813 0.027069 0.00600325 -0.00397546 0.0265404 -0.000991997 -0.00713149 0.026651 -0.00493176 -0.00524608 0.0287395 0.0069524 0.00187274 0.0276879 -0.000188871 0.00469059 0.0233674 -0.00495302 -0.00522593 0.0266196 -0.00466615 0.00548335 0.0245343 -0.0047346 -0.000438761 0.0308206 0.00348673 6.05819e-05 0.0272743 0.00363131 -0.00621726 0.0312964 0.000672243 0.00315218 0.0310247 0.00455016 -0.00212403 0.032658 0.00476315 -0.00192958 0.0299952 0.00178747 0.00563302 0.0303938 -0.000465967 0.00455957 0.0313401 0.00186927 2.79051e-05 0.0328756 0.00459906 -0.000967407 0.0267602 0.00415397 0.00152236 0.0316152 -0.00285994 -0.00418894 0.0318409 0.00144228 -0.00579504 0.0284568 -0.00056421 -0.00238417 0.0316577 -0.00100053 -0.00148096 0.0274499 -0.00393889 -6.46364e-05 0.0294115 0.00685102 -0.00221444 0.0267503 0.00577046 0.00027997 0.0334573 0.00165887 -0.00292408 0.0292628 -0.0058963 -0.00153289 0.0309343 -0.00335979 -0.00228906 0.0287186 -0.00316404 -0.00329407 0.0274894 -0.00719938 -0.000117449 0.0312911 -0.00565015 0.00446279 0.0287711 0.00276294 -0.00355293 0.0282905 0.00117703 -0.00707055 0.0323182 -0.00365023 -0.0019776 0.0319197 -0.00618086 -0.00369331 0.0290899 -0.00151175 -0.00454808 0.0310579 -0.00216906 -0.00357864 0.0287093 0.00161406 -0.00701701 0.0295597 -0.00315736 0.000682092 0.0312358 0.00116354 0.00710558 0.0304353 0.00538343 0.00292458 0.0317194 -0.004905 0.00315621 0.0296175 0.00161724 0.00408751 0.0290692 0.00431206 -0.00380362 0.0276626 0.00341411 -0.0063392 0.0271114 -0.00437018 0.00413169 0.0266307 -0.00272244 -0.0042298 0.0300617 0.00187377 -0.00559545 0.0263271 0.00349268 -0.00407337 0.0305868 0.000642415 -0.00717156 0.0282982 -0.00411483 -0.00423086 0.0308496 -0.00263509 0.00532305 0.0312354 0.000511487 -0.00436784 0.0324112 -0.00361057 -0.0062295 0.0281501 -0.00259816 0.000532656 0.0287748 -0.00237326 -0.00679766 0.0289928 0.00311263 -0.000143789 0.0300083 0.000803223 0.00115476 0.0265808 0.00243284 -0.00465731 0.0294053 -0.00192048 0.00693919 0.0274003 0.00109513 -0.00557001 0.0300022 0.00556994 0.000703126 0.0311788 0.00428095 0.00299472 0.0265688 -0.00161571 0.00128563 0.0298157 0.000811134 -0.00154803 0.0314091 -0.000946047 -0.000449208 0.0293214 0.00553782 0.00140383 0.0290966 0.00367405 -0.00454506 0.0321047 -0.00234526 -0.000757189 0.0316823 0.00155238 8.03887e-05 0.0302818 -0.00355812 0.00625965 0.0280312 -0.00509299 -0.000162191 0.0271886 -0.00547352 -0.00467809 0.0301335 0.00427897 -0.00579075 0.0283405 0.0056888 -0.000688623 0.0303989 -0.000289226 -0.00493136 0.0256555 0.00713832 0.000941682 0.0297468 -0.00455993 -0.00159993 0.0295459 0.00324202 0.00201797 0.0297405 -0.00254173 0.0037484 0.0309678 0.00322036 -0.00277436 0.0320512 0.00719453 0.000285482 0.0278383 -0.00578604 0.000741424 0.0283122 -0.000554388 0.00228604 0.0304727 0.00167125 0.00334545 0.0323137 -0.000418581 0.00718784 0.030213 -0.00507399 0.00510863 0.0316416 -0.00196398 -0.00302034 0.0312154 -0.0043526 0.00133032 0.0287173 0.00520673 0.00287045 0.0296433 -0.00598202 0.000802849 0.0308118 0.00376191 0.00613922 0.0307742 -0.00218658 -0.00642618 0.0274479 0.00716906 -0.000667579 0.0262764 -0.00565199 0.00173797 0.0295565 -0.00575395 -0.00432808 0.0316693 -0.000987262 0.00435771 0.0286976 0.00116014 -0.00307751 0.0317226 0.0038602 0.00512458 0.0273894 -0.00237089 -0.00104549 0.0289052 -0.0071197 -0.00107379 0.0300112 -0.00211584 -0.00237341 0.0297601 0.00257746 0.00131678 0.0276658 -0.00579578 0.00135685 0.0268088 0.0043934 0.000977669 0.0301302 0.00120625 -0.00150924 0.0286687 0.00187882 -0.00244043 0.0275553 0.000191169 -0.00385464 0.0294747 -0.00195579 0.00285232 0.0290866 -0.00059363 0.00717559 0.0318032 -0.00459126 0.000693632 0.0319461 0.000410646 -0.00293641 0.0279524 -0.000995484 -0.00713087 0.0282508 0.00647992 0.00313886 0.0305742 -0.00154879 9.49952e-05 0.0327774 -0.00507467 -0.00278333 0.0278622 0.00492821 0.00524941 0.0285739 0.0029069 -0.00658738 0.0256145 -0.000730151 -0.0040347 0.0281794 0.00661246 -0.00284902 0.032182 -0.000402103 0.00575885 0.0292014 -0.00191537 0.00562408 0.0283912 -0.00653294 -0.003027 0.0321794 0.00627681 -0.00174323 0.0293494 0.00233263 -0.00152553 0.0298045 -0.00424452 0.00387746 0.0282052 0.00613936 0.00376144 0.0263567 0.00192888 0.00413926 0.0309487 0.00678827 0.00239984 0.0291893 0.00531926 -0.00351379 0.0328492 -0.000518834 -0.00695236 0.0319016 0.00321563 0.00517138 0.0296235 0.000960536 0.00487588 0.0319917 -0.000502025 -0.00221816 0.0259874 -0.00108954 0.00306755 0.0277575 0.00254627 0.00505469 0.0321064 -0.00109589 -0.00480307 0.0295342 -0.00706598 0.00138353 0.0318352 0.00243699 0.00677517 0.0294811 -0.00522852 0.00207089 0.0314315 -0.000329914 -0.00557507 0.0307293 -0.00369144 -0.00545811 0.0297273 0.00474021 0.00437859 0.0299026 0.000795567 9.05608e-05 0.0316912 -0.00101187 -0.00376506 0.0323605 -0.00667142 -0.002708 0.0279287 -0.0034173 -0.00281713 0.0305778 -0.00462677 -0.00365982 0.0266009 -0.00465347 -0.0054943 0.0316699 -0.00121555 0.00314785 0.0316479 -0.00556933 0.00298124 0.0281726 0.00470703 0.00544835 0.0318645 -0.00228426 0.0021693 0.0309698 -0.00650349 0.00309021 0.0296278 -0.000990166 0.00404145 0.0251791 0.00482185 -0.00534712 0.0306762 0.000414168 -0.000996814 0.0299607 -0.00688501 0.00210691 0.0284249 0.00583954 -0.00421212 0.0281498 -0.00262597 0.00670439 0.0293329 -0.000251516 -0.00244583 0.0300899 0.00166628 0.0026731 0.0298154 0.00429011 -0.000312311 0.0310781 0.00349946 -0.00580261 0.0297377 -0.0034374 -0.00632654 0.0310467 -0.000573032 0.0020184 0.0288491 -0.00126713 0.00586579 0.0305429 0.00194893 0.00693096 0.0279655 0.00713256 0.000983257 0.0329414 0.00280263 -0.0066322 0.0285604 0.00326445 0.00030115 0.0321417 0.000575188 0.00717712 0.0289493 -0.00492636 -0.00306709 0.0301082 0.00504522 -0.00301552 0.0288548 0.00248451 0.0027131 0.0284412 -0.00336394 0.00358574 0.0296051 -0.00446163 0.0010803 0.0303991 -0.00712864 0.00101134 0.0295651 0.00382388 0.00409232 0.0286109 0.000619374 0.00146469 0.0297607 -0.0056102 -0.000331544 0.0294858 -0.00606257 -0.00214271 0.0294646 -0.00246251 0.00407267 0.0258039 -0.00395654 0.00396464 0.0316827 0.00669255 -0.00265568 0.0305959 -0.00366249 0.000436555 0.0275842 -0.00222895 0.00485481 0.0297604 0.0034667 -0.00459472 0.0265586 0.00214398 0.00687347 0.033107 0.00243708 -0.00287342 0.0306598 0.00459913 -0.00322888 0.0313756 0.00214297 -0.00416266 0.0323675 0.00358018 0.00624697 0.0284945 0.00139916 -0.00408009 0.030499 -0.00203672 -0.00444743 0.0273538 0.00297497 -0.000885186 0.028459 0.00615133 -7.0325e-05 0.0289978 -0.00256886 -0.00289598 0.032737 0.00312705 0.00648588 0.0269787 -0.00164684 0.00700923 0.032996 -0.00590141 0.00412488 0.030689 -0.00258971 0.00315365 0.0271069 -0.00050529 -0.000807649 0.031937 -0.0049425 0.00523589 0.0300522 0.0026403 0.00109648 0.0309017 0.00408575 0.00288813 0.0307847 0.00022337 0.00328529 0.0294948 -0.00139287 1.70879e-05 0.0278578 0.00297595 0.00359018 0.029871 -0.00247758 0.00152472 0.0324214 -0.00663574 0.00279427 0.0311945 -0.00116093 0.0037329 0.03016 -0.00111371 0.00558398 0.0270075 -0.00219723 -0.00573294 0.0302284 0.0056284 0.00266299 0.0281139 0.00347931 -0.0027119 0.0294478 -0.000201243 -0.0066541 0.0295551 0.00398541 -0.00441586 0.0291039 -0.00220049 -0.00685567 0.0319126 -0.00644436 -0.00321116 0.0305926 0.00460163 -0.000447552 0.0326415 0.00270949 -0.00667083 0.0325455 0.00183062 0.00556391 0.0268117 -0.00315574 0.00647211 0.0264976 -0.00247556 -0.00523251 0.028677 0.000635742 -0.00717205 0.0308161 0.000115526 0.00304048 0.0325289 -0.0011702 0.00710449 0.0288034 -0.00190711 -0.00535465 0.0323818 -0.00398709 -0.00399025 0.0342357 -0.000389739 -0.00132668 0.0337995 -0.000518413 0.00450385 0.0329381 0.00417192 -0.0016432 0.0341363 -0.00106337 -0.00285608 0.033676 0.00409842 -0.00591991 0.032804 -0.00617907 0.00369603 0.033845 -0.00151879 -0.00398132 0.0347183 0.00691394 -0.0020095 0.0347553 -0.00199882 0.00427259 0.0339924 0.00118483 0.00254542 0.0336111 0.000790007 -0.00242345 0.0345033 -0.00120419 0.00573471 0.0321361 0.00307338 0.000713106 0.0336759 0.0026945 0.00403612 0.0333314 -0.0012671 -0.00133521 0.0306327 -0.00634446 -0.00127379 0.033475 0.00614883 -0.00374616 0.0341973 0.00321449 -0.00124444 0.0326178 0.00719512 -0.000268604 0.0339357 -0.00703903 -0.00151452 0.0320539 0.00565369 -0.00227591 0.0338063 -0.0017806 -0.00170019 0.0345182 0.00208325 -0.00383621 0.0339325 -0.00558828 -0.00331975 0.0334369 0.0016111 0.00538652 0.0333614 0.00348884 0.00629847 0.0324586 0.00254374 0.0026736 0.0311531 0.00227881 -0.00672836 0.0352976 0.00165146 -0.00155367 0.0327706 -0.00411855 -0.0032878 0.0328043 -0.00670661 0.00261953 0.0327854 -0.00135535 -0.000268425 0.0350919 0.000154444 -0.00719845 0.0338512 0.000778785 0.00408429 0.0337752 -0.00135184 0.00157514 0.0339053 -0.00509143 0.00263863 0.0333365 0.000621259 -0.00527121 0.0343026 -0.0038919 0.00226863 0.0323447 0.00181035 8.42445e-05 0.0354266 0.00438246 -5.76961e-05 0.0341777 0.00104549 -0.000668322 0.0340573 0.000465471 0.00164733 0.0315268 1.2249e-05 0.00630776 0.033003 -0.00387867 0.00264035 0.0307887 0.000989546 0.00711362 0.0320256 0.00658263 0.00291712 0.0336837 0.00544354 0.00272668 0.034791 -0.00158301 -0.00163678 0.0327799 -0.00505906 -0.00268899 0.0316569 -0.00707564 0.00133265 0.0337636 0.000490407 0.00475424 0.0300697 -0.000673478 0.00456248 0.0348405 0.00264116 -0.000783975 0.0340387 0.000131843 0.0017034 0.0344928 0.00218389 0.00642757 0.034643 0.00552225 -0.00192245 0.0314035 0.00328208 -0.00327333 0.0348302 0.00370287 0.00347828 0.0322216 -0.00499526 -4.22619e-05 0.0333661 -0.00223675 -0.000133959 0.0302129 -0.00292767 -0.00279259 0.0342927 0.00546453 0.00154912 0.0325325 0.000100872 -0.00123227 0.0353194 0.0022016 -0.00531708 0.0345477 -0.00260025 0.00572678 0.0329175 -0.00467606 0.00442113 0.0330368 0.00570466 -0.000869781 0.0345679 -0.00334062 -0.00637823 0.0329283 -0.00249732 -0.000376322 0.0339765 0.000354707 -0.00247045 0.0329645 -0.00552466 0.00108876 0.0343664 -0.00347087 0.00489908 0.0339742 0.00337603 -0.000244494 0.0354072 0.00519936 -0.00498068 0.0337777 0.00497688 0.00520297 0.0334223 -0.00315691 0.0017015 0.0297132 -0.000256976 0.000360346 0.0305168 0.00174092 -0.00698639 0.033813 0.00271885 -0.00238471 0.0336248 0.000882044 0.00714583 0.0340522 0.0010117 -0.00565156 0.0315977 0.002855 0.00270361 0.0357365 -0.00514841 0.00375095 0.0350675 0.00339139 0.00285406 0.0342367 0.00487126 -0.00311294 0.034923 0.00570123 0.00439747 0.0311816 -0.00369702 0.00617843 0.0303985 0.00454746 0.00183272 0.0338124 -0.00137793 -0.00706718 0.0305569 -0.00417608 -0.00586521 0.0341926 0.0016911 -0.00554122 0.033042 -0.000740721 -0.0060728 0.0345522 -0.00498361 0.0051966 0.034402 0.00613147 -0.000713306 0.0322561 -9.9062e-05 -0.00379701 0.0310469 -0.00529085 -0.00488345 0.0335983 -0.00579555 0.00130419 0.0328043 0.000578808 0.00117388 0.0330508 0.00700307 -0.00167294 0.0331937 -0.00449354 -0.00246904 0.0342354 -0.00199614 0.00435987 0.0323419 0.00379579 -0.00353241 0.0333373 0.00197498 0.00347543 0.0346458 -0.00385095 -0.00486219 0.0329012 0.00680187 0.00236162 0.0321995 0.00189751 0.00157288 0.0322362 0.00164329 0.00114978 0.0342449 -0.000427151 0.000269332 0.0339048 -0.00368234 0.00339078 0.0345376 -0.0029543 0.00216788 0.0338066 -0.00124459 0.00566515 0.033765 0.00340872 -0.00183951 0.0355287 0.00596521 0.00403216 0.0327166 0.00187085 -0.00150388 0.0352421 -0.00336612 -0.0012186 0.0305402 0.00362991 0.00455521 0.0310407 -0.00136043 -0.00707033 0.0332572 -0.000875373 0.00177223 0.0323907 0.00110701 -0.00402842 0.0351855 -0.00319112 0.00354223 0.0330225 -0.00334364 4.93786e-06 0.0326733 0.0035506 0.00146094 0.0350073 -0.00217504 -0.00583963 0.0338828 0.0036974 -0.00480602 0.0343006 0.00218533 -0.000734296 0.0315044 0.000137589 -0.00590186 0.0329141 -0.000464999 0.00314327 0.0341318 0.00347635 -0.00167988 0.0309126 0.00715161 -0.000835114 0.0310297 -0.00711823 -3.74195e-06 0.0328849 0.000421069 0.00564293 0.0343996 -0.00171462 0.00294017 0.0331536 -0.00156393 0.000786854 0.031335 -0.00385281 0.00608251 0.0319879 0.00329129 0.00206503 0.0328485 0.00240269 -0.00528174 0.030878 0.00644917 0.00145105 0.0343103 0.000236113 0.000361508 0.0353579 -0.00253742 0.000990704 0.0348067 -0.00579413 -0.000359007 0.0320167 0.00552244 -0.00427602 0.0297165 0.00470673 0.00338613 0.033464 -0.000906877 -0.0048561 0.0335266 -0.00350986 -0.0014916 0.0334375 0.00218793 -0.00685959 0.0310448 -0.00220055 0.0068556 0.0313846 -0.00494658 -0.00151109 0.0327337 0.00419479 0.00412274 0.0347888 0.00712329 0.00104903 0.0313429 0.00242194 0.00678048 0.0313681 0.000226859 -0.00378156 0.0338724 0.00521687 -0.00496243 0.032178 0.00322607 -0.00643688 0.0340415 0.00438452 0.00571111 0.0348189 0.00600916 -0.00396629 0.0312087 -0.00395808 0.000950615 0.0340719 -0.00600884 0.00396664 0.0322773 0.000235477 0.00597403 0.0310817 0.00316978 0.00548964 0.0338015 0.000891626 0.00443154 0.0353329 -0.00245769 -0.00431547 0.0334666 0.00585083 0.00419621 0.0343068
</DataArray></Points>
      <Lines>
        <DataArray type="Int64" Name="connectivity" NumberOfComponents="1" format="ascii">
0 128 0 133 1 195 1 181 1 34 1 205 1 15 2 164 2 152 2 325 2 47 2 357 2 21 3 50 3 56 3 111 3 175 4 226 4 268 5 69 5 56 5 143 6 117 6 124 6 231 6 311 7 52 7 205 7 276 7 220 7 303 8 55 8 179 8 125 8 135 9 77 9 31 9 96 9 151 9 350 9 47 10 104 10 129 10 30 10 147 10 284 11 294 11 46 11 331 11 275 11 590 11 480 12 187 12 81 12 60 12 59 12 195 12 52 12 45 13 91 13 150 13 191 13 101 14 40 14 117 14 182 14 41 15 174 15 74 15 170 15 290 16 53 16 167 16 321 16 98 17 177 17 107 18 188 18 141 18 146 18 59 18 151 19 129 19 60 19 45 20 173 20 69 20 132 20 212 20 29 21 47 21 237 21 260 21 422 22 163 22 53 22 126 23 293 23 47 23 368 23 330 24 105 24 70 24 65 24 60 24 147 24 362 24 139 25 363 25 144 25 343 25 462 25 637 26 157 26 87 26 284 26 171 27 153 27 42 27 72 27 113 28 188 28 141 28 150 28 59 29 143 29 176 29 109 30 36 30 106 31 72 31 146 31 249 31 137 31 164 32 73 32 114 32 83 32 63 33 166 33 95 33 167 33 189 33 97 34 36 34 50 34 125 34 243 34 132 34 196 35 94 35 177 35 235 35 108 36 129 36 88 36 181 38 128 38 181 38 136 38 79 38 286 38 292 38 170 38 365 39 143 39 97 39 165 40 100 41 117 41 231 41 82 41 110 41 134 42 113 42 85 43 85 43 350 43 321 43 47 44 198 44 72 44 311 44 137 44 155 44 371 45 195 45 116 45 205 45 326 46 101 46 362 46 224 46 364 46 247 47 164 47 289 48 163 48 114 48 85 50 173 50 131 51 100 52 59 52 331 53 119 53 135 53 167 54 340 54 346 54 537 55 120 55 122 55 75 55 88 56 175 57 207 57 144 57 297 57 199 57 112 57 248 58 170 58 299 58 359 58 336 59 120 59 185 59 272 59 213 60 116 61 110 61 134 62 100 62 182 63 321 63 340 64 381 64 111 65 105 65 103 65 66 66 194 66 186 67 365 67 370 67 218 68 169 68 82 68 297 68 92 69 189 69 300 70 91 70 187 71 90 71 149 71 376 72 178 72 249 73 85 74 196 74 316 75 77 77 78 77 185 77 126 78 169 78 192 78 146 79 147 79 174 79 286 80 94 80 160 80 90 81 89 81 150 81 294 81 331 82 117 82 118 82 207 83 119 83 166 84 272 84 151 84 248 84 233 84 485 84 533 85 96 85 293 86 212 86 98 86 97 86 264 87 106 87 128 88 173 88 125 90 160 90 194 91 102 92 249 92 318 93 108 93 150 94 127 95 300 96 192 96 153 97 208 97 165 98 189 98 301 98 212 98 197 99 321 99 288 100 161 100 127 100 144 101 102 101 191 101 343 101 206 102 105 102 107 102 235 102 294 103 104 103 266 104 187 105 177 105 107 106 381 106 136 107 194 107 362 108 184 108 363 108 191 109 196 109 264 109 337 110 182 110 112 110 298 111 131 111 243 111 133 111 374 112 297 112 332 113 155 113 164 114 119 115 154 116 294 116 174 116 256 118 169 118 188 121 127 121 149 121 159 122 129 122 195 123 154 123 266 123 362 123 186 123 317 124 198 124 249 125 142 125 196 125 212 126 163 126 378 127 160 127 363 128 381 128 284 128 278 130 154 130 226 131 136 132 176 133 381 133 162 134 231 134 297 135 142 135 301 135 212 136 181 136 365 137 249 137 305 137 357 138 279 138 150 139 362 139 294 139 174 140 301 140 289 140 242 140 346 140 280 141 185 142 185 142 205 142 148 143 259 144 191 144 352 145 172 145 157 145 266 145 171 146 249 146 285 146 152 147 266 148 301 148 212 148 276 148 302 149 363 149 462 149 230 150 199 151 325 152 285 152 295 152 366 153 178 154 172 155 168 156 179 156 167 156 189 158 293 158 321 159 462 159 298 160 235 160 363 161 184 162 370 162 575 162 218 164 293 164 168 165 617 165 320 165 315 167 340 168 357 168 368 169 178 170 365 170 290 171 380 171 278 173 179 174 275 175 374 175 259 176 245 176 323 177 235 182 207 183 186 183 202 183 310 184 207 184 279 185 195 191 363 191 199 191 227 194 376 194 224 196 205 196 245 196 302 197 208 197 203 199 272 199 331 200 480 200 251 200 492 200 484 201 303 201 228 201 445 202 317 202 226 202 250 202 345 203 222 203 221 203 239 203 240 204 209 204 351 205 276 205 220 206 331 206 227 206 637 206 590 208 340 208 369 209 298 209 643 210 271 210 329 210 531 210 540 210 734 210 281 210 396 211 227 211 361 211 552 211 251 211 232 212 222 213 272 213 378 214 273 214 383 214 593 214 246 214 405 214 532 214 414 214 562 215 263 215 638 215 356 215 422 215 451 215 466 216 352 216 637 216 238 216 277 216 552 217 512 217 310 217 404 217 339 217 584 218 602 218 413 219 370 219 262 220 314 221 378 221 391 222 617 223 289 223 260 223 312 223 418 224 362 224 591 224 364 225 286 225 327 225 454 225 236 225 555 226 380 227 352 227 353 228 276 228 485 228 303 228 239 228 417 229 537 229 460 229 405 229 542 230 343 230 382 230 647 230 234 231 318 232 552 232 629 232 291 233 378 233 276 233 391 234 358 234 308 234 541 235 363 236 345 236 309 237 366 237 533 238 462 238 568 238 358 238 544 238 478 239 276 239 307 240 346 240 537 240 481 240 383 241 644 241 557 241 390 241 604 242 321 242 330 242 346 242 640 243 245 244 422 244 379 246 306 246 344 246 414 246 521 247 591 247 364 247 647 247 404 248 285 248 353 248 361 248 287 250 364 250 548 250 598 251 367 251 347 251 291 252 643 252 354 252 328 253 268 253 522 253 282 254 353 254 568 254 332 254 552 254 467 255 492 255 586 255 569 255 474 256 367 256 303 257 307 257 314 257 417 257 402 257 593 258 308 258 511 258 578 258 400 259 372 260 368 260 330 260 379 260 558 261 323 261 644 261 557 262 522 262 602 262 348 262 639 263 357 263 333 263 547 264 476 264 372 264 306 265 290 265 377 265 560 265 359 265 555 265 313 265 335 266 380 267 629 267 417 267 312 268 292 268 522 269 595 269 413 269 639 269 430 269 604 269 580 269 649 270 637 270 277 270 404 270 541 270 347 271 366 271 287 271 533 271 356 271 440 272 285 272 283 273 280 273 626 273 417 273 653 274 554 274 558 274 418 274 460 274 425 275 364 275 480 275 377 275 598 276 378 277 541 279 297 279 285 280 289 280 481 281 531 281 328 281 614 281 401 281 561 282 526 282 348 282 503 283 331 283 367 283 485 284 380 284 286 286 380 286 292 287 295 287 354 287 629 288 537 289 325 289 391 290 327 290 316 291 388 292 365 292 370 295 297 295 360 296 336 296 344 296 593 296 349 296 342 298 352 298 568 299 319 299 476 299 336 299 602 299 644 301 350 302 307 303 560 303 314 304 537 304 383 304 495 305 355 305 366 305 333 306 626 306 315 306 344 306 383 307 336 307 337 307 338 307 593 308 512 308 339 308 397 309 377 309 598 309 579 309 584 309 642 309 313 310 591 310 511 312 417 312 440 312 607 312 653 312 650 313 555 313 586 313 447 314 316 314 335 315 372 315 609 316 326 316 506 317 364 317 327 318 371 318 360 318 355 319 374 319 365 319 575 320 369 322 555 322 506 322 505 323 374 323 575 324 407 324 547 324 351 326 560 327 380 327 377 328 449 328 468 329 354 329 500 329 582 329 734 330 554 332 360 332 643 333 356 334 546 334 582 334 347 334 410 334 612 335 560 335 569 335 572 335 610 337 626 338 506 338 341 339 404 341 572 341 455 341 576 342 593 342 349 342 562 342 438 342 509 344 476 344 644 344 557 344 390 345 454 345 548 345 526 346 537 347 566 347 393 348 555 348 525 348 505 348 373 349 631 349 529 349 553 351 500 352 353 353 361 353 354 355 371 355 407 356 422 356 531 356 607 356 545 357 638 358 462 358 544 358 549 359 522 361 367 361 629 367 590 367 538 367 628 369 617 372 476 372 557 373 413 373 503 373 594 375 557 375 609 375 521 375 502 376 382 379 527 383 405 383 609 384 518 384 748 384 409 384 758 384 757 384 762 385 612 385 810 385 630 385 717 385 489 386 577 386 515 386 587 386 450 386 416 386 680 387 410 387 474 387 491 387 679 387 437 388 540 388 582 388 612 388 613 388 433 389 572 389 648 389 651 389 523 389 690 390 430 390 509 391 533 391 417 392 558 392 545 392 466 392 408 392 817 393 484 393 612 393 474 393 524 393 499 393 645 394 424 394 449 394 490 394 581 394 824 394 421 395 620 395 613 395 396 396 440 396 408 396 794 396 401 396 696 397 541 397 597 398 698 398 441 398 798 398 694 398 713 399 763 399 488 400 511 400 804 401 796 401 516 402 620 402 569 402 572 403 503 403 536 403 623 403 483 403 774 404 590 404 492 405 481 405 592 406 610 406 615 406 441 406 534 406 690 407 643 407 547 408 650 408 817 409 815 409 635 409 682 409 567 410 491 410 645 411 627 411 571 411 810 412 511 412 584 412 487 412 573 413 580 414 495 414 438 414 528 415 527 415 425 415 646 415 735 416 621 416 682 416 918 416 714 417 620 418 653 418 588 418 496 419 615 419 553 419 442 419 611 420 502 420 585 420 577 421 433 421 581 421 705 421 857 422 638 422 558 423 455 423 589 423 562 423 472 423 518 423 621 424 500 424 582 424 571 424 633 424 433 424 603 425 460 425 527 425 456 426 804 426 519 426 686 426 789 427 613 427 794 427 479 428 794 428 705 428 805 428 655 428 748 429 696 429 815 429 516 429 482 429 748 430 608 430 553 431 450 431 641 432 453 432 804 432 658 432 605 432 536 433 612 433 794 433 489 434 654 434 573 434 678 435 523 435 731 435 473 435 690 435 744 436 561 436 796 436 618 436 727 436 687 437 664 437 779 437 798 437 808 438 577 439 467 439 500 439 583 439 444 439 633 440 540 440 607 441 486 441 619 441 539 441 624 441 776 442 690 442 494 442 448 442 719 442 809 442 769 443 543 443 759 444 449 445 628 445 613 445 648 446 817 446 482 446 684 447 505 447 610 447 623 448 515 448 458 448 781 449 734 449 763 449 614 450 513 451 547 451 545 451 599 451 652 452 627 452 600 453 492 453 584 453 586 454 526 455 620 455 653 455 593 455 651 456 465 456 457 457 501 457 601 457 616 458 493 458 553 458 700 458 464 458 732 459 477 459 729 459 725 460 554 460 508 460 465 461 465 461 542 461 513 461 634 461 501 463 466 463 527 463 475 463 622 464 493 464 791 464 809 464 806 465 542 467 478 467 500 468 599 469 594 469 608 469 611 470 686 470 483 470 672 470 771 471 519 471 483 471 780 471 771 472 532 472 592 472 815 472 682 473 499 473 530 473 721 474 492 474 566 474 504 475 618 475 565 476 557 477 491 477 810 477 657 478 568 478 546 478 583 479 645 479 698 479 721 479 820 480 560 480 598 480 579 481 640 481 532 481 508 482 622 482 635 482 818 482 684 483 605 484 628 484 569 485 629 486 524 486 610 486 658 487 548 487 526 488 614 488 561 488 636 489 805 489 820 490 773 491 627 491 597 492 598 492 578 493 608 493 649 493 596 494 534 494 624 494 776 494 783 495 609 495 542 495 585 495 513 496 532 496 556 496 550 496 815 497 520 497 553 497 690 497 515 498 596 498 791 498 811 499 613 501 587 501 788 502 604 502 700 503 594 503 606 504 524 504 658 504 664 504 698 505 529 505 608 505 623 505 615 506 631 507 544 507 583 508 556 508 592 509 521 509 553 509 577 510 519 510 678 510 780 510 755 511 578 512 591 514 698 514 721 514 624 514 744 515 576 515 621 515 661 516 696 516 727 517 654 517 679 517 670 517 729 517 787 518 530 518 815 518 655 518 535 519 573 519 605 520 572 520 615 520 553 523 524 523 698 524 569 524 648 525 642 525 551 525 536 525 623 526 642 526 551 528 562 528 592 528 587 529 631 529 572 530 613 530 651 530 589 530 696 531 547 532 653 532 562 533 629 534 574 534 623 534 543 534 539 534 672 535 731 535 661 535 719 535 758 536 551 536 574 536 686 538 560 538 569 539 574 539 686 539 789 540 629 541 566 542 592 543 623 544 546 546 552 546 571 548 584 549 627 550 650 550 622 552 582 554 640 556 588 556 635 558 607 558 588 559 587 559 947 560 579 561 652 562 576 563 810 563 645 563 752 564 597 564 752 565 646 565 618 565 699 565 871 566 627 566 570 567 667 567 684 569 648 569 610 570 578 570 597 570 654 571 583 571 633 571 603 574 586 575 595 576 731 577 641 577 781 578 804 580 594 580 782 581 603 581 625 581 630 581 733 581 683 583 720 587 714 588 622 589 653 589 650 589 651 594 608 594 623 594 606 596 700 596 732 597 654 599 614 600 720 600 810 600 708 601 634 601 635 601 682 601 715 601 714 601 788 601 819 602 644 604 700 608 639 611 791 611 760 611 806 611 783 613 794 616 818 616 738 616 819 618 636 619 658 619 698 619 789 619 798 620 651 621 758 622 817 624 719 624 674 625 720 625 708 625 767 628 629 630 810 630 683 631 644 631 639 632 824 632 676 632 813 634 635 634 682 635 735 637 647 641 700 641 673 645 717 646 699 648 651 651 731 652 817 654 679 655 721 655 744 656 739 656 816 656 929 656 728 657 708 657 975 658 804 658 664 659 892 659 951 659 754 659 821 660 723 660 929 660 807 660 974 660 800 660 996 661 719 661 685 661 722 662 743 662 931 662 706 663 745 663 898 663 845 663 974 664 804 664 670 665 847 665 1185 665 844 666 798 666 935 666 860 666 1014 666 749 667 727 667 687 667 978 667 750 667 693 668 719 668 674 668 685 668 960 668 675 668 890 669 715 669 762 669 832 669 957 669 741 670 803 671 978 671 711 671 750 671 764 671 1193 671 830 672 825 672 760 672 770 673 781 673 732 673 786 673 972 674 744 674 691 674 713 674 718 675 823 675 890 675 970 676 733 676 813 676 1012 677 824 677 705 677 733 677 857 677 901 677 921 678 803 678 787 678 822 679 752 680 781 680 952 680 947 681 732 681 892 681 786 682 758 683 857 683 766 683 841 684 818 684 687 684 699 684 743 685 758 685 757 685 722 685 832 685 902 687 751 687 750 687 871 688 898 688 929 688 911 689 710 689 860 689 1014 689 852 689 843 689 905 691 721 691 820 691 694 691 742 691 872 692 978 692 784 692 884 692 959 692 850 693 748 693 784 693 777 693 814 694 808 694 875 694 713 694 1014 694 718 695 881 695 911 695 799 695 982 695 891 697 785 697 841 698 808 699 818 699 738 699 842 701 706 701 703 701 977 702 803 702 745 702 801 702 923 703 738 703 812 703 967 703 1003 704 1014 704 742 704 1011 704 863 705 724 705 796 705 727 706 743 706 738 706 903 707 899 707 766 707 980 708 767 709 714 709 797 710 779 710 875 710 893 710 914 711 727 711 917 711 978 711 751 712 768 712 786 712 973 712 754 712 961 713 776 713 745 713 718 713 870 713 823 714 790 714 952 715 758 715 790 716 800 716 756 716 951 716 858 717 808 717 746 718 983 719 769 721 805 721 1006 721 744 722 809 722 918 722 769 722 960 722 964 723 825 723 783 724 734 724 794 724 824 725 752 725 899 725 779 725 975 725 893 726 805 726 748 726 727 726 978 726 792 728 1018 728 858 729 981 729 747 730 765 730 766 730 737 730 919 730 852 730 913 730 910 732 768 733 824 733 901 734 794 736 917 736 889 737 857 737 765 737 841 737 901 737 792 737 943 737 884 737 913 739 774 739 770 740 805 740 765 740 795 741 902 741 797 741 835 741 990 741 888 741 1020 742 875 742 795 742 852 743 814 744 1006 744 757 745 798 745 825 746 899 746 765 747 787 747 753 747 984 748 1006 749 847 749 843 749 904 749 905 750 931 751 917 751 1000 752 935 753 1021 753 979 754 915 754 839 754 856 755 780 755 801 755 898 755 881 756 802 756 986 757 872 757 777 759 791 760 802 760 929 761 842 761 977 762 946 764 921 764 854 764 884 764 1193 764 925 765 820 765 943 766 767 766 899 766 785 766 893 766 841 766 919 767 773 768 781 768 809 769 870 769 970 770 825 771 816 772 796 772 813 772 917 775 975 775 914 775 1021 776 825 777 832 777 869 777 959 778 893 778 909 778 1009 778 910 778 1007 779 875 780 789 780 825 780 898 781 918 782 791 783 870 783 807 784 1006 786 1017 787 935 788 967 789 803 789 798 789 825 790 812 790 797 792 857 792 978 793 806 793 802 793 929 793 986 795 872 795 939 796 824 797 947 797 963 797 999 799 816 799 1002 799 1018 800 929 801 822 801 844 803 822 803 847 805 857 806 811 807 809 807 964 807 970 807 951 809 892 810 899 811 986 812 903 812 1020 813 851 814 946 814 959 814 966 814 957 814 903 814 849 816 881 819 946 819 967 820 875 821 932 821 1177 823 845 823 949 826 945 826 1238 826 829 826 1137 827 916 827 863 827 885 827 998 827 1114 827 1077 827 1211 827 953 828 907 828 932 828 1181 828 1032 829 1013 829 1228 829 1137 830 966 830 1010 830 1153 831 970 831 996 831 1016 831 1225 832 960 832 890 832 957 832 835 833 997 833 924 833 1124 833 1201 833 1058 834 1016 834 1208 834 927 834 1097 834 1139 835 902 835 848 835 926 836 974 836 949 836 1002 836 996 836 945 836 1065 837 1153 837 976 837 933 837 994 838 1225 838 1097 838 995 838 1052 839 1001 840 903 840 1147 840 1219 840 930 841 969 842 871 843 860 843 1009 843 880 843 928 844 904 844 958 844 859 845 1014 845 923 845 905 845 1144 845 1056 846 1208 846 997 846 1249 846 1206 846 1250 846 1058 847 935 847 984 848 957 848 900 848 888 848 1208 848 1219 848 1232 849 977 849 965 849 942 850 1057 850 976 851 921 851 1012 851 889 852 875 852 1230 853 937 853 1205 853 1237 853 1135 854 901 854 1012 854 1019 854 889 854 1073 855 1193 855 988 855 925 855 886 855 1131 855 1022 856 1017 856 987 858 954 858 1177 859 1261 859 883 859 982 860 935 860 914 860 984 861 903 861 1003 861 1075 862 1021 862 1207 862 1196 862 1265 862 1050 863 1230 863 1011 863 998 863 950 864 943 864 983 864 1230 865 991 865 969 865 1095 866 965 866 944 866 1205 866 1242 867 915 867 1065 867 1097 868 1003 868 963 868 906 868 985 869 983 869 885 869 874 872 890 873 992 873 1050 873 1040 873 1227 874 959 874 939 874 922 874 956 874 933 876 1073 876 925 876 882 876 1166 876 976 876 1022 876 1004 877 982 877 891 877 1241 877 1128 877 1160 878 1013 878 1241 878 1175 878 1214 878 1130 879 947 879 972 879 1209 880 1021 880 979 881 911 882 1019 882 1138 882 993 883 904 883 958 883 1170 883 1013 884 939 884 1057 885 983 885 922 885 956 886 889 886 1022 887 1097 887 1139 887 1226 887 1035 888 926 888 999 888 906 889 925 890 900 890 1059 891 1054 891 1018 892 964 893 975 894 1200 894 1207 894 1268 894 1184 894 1031 894 1180 895 987 895 936 896 897 896 1124 896 1201 896 1079 896 1158 896 1120 897 1051 897 908 897 1058 897 1127 900 956 900 1147 902 952 902 973 904 923 905 1154 905 1056 906 999 907 996 907 954 907 932 907 1118 907 1132 908 1209 908 987 908 1124 909 980 909 1021 910 916 911 923 911 1144 911 1002 911 958 911 1054 912 954 912 1132 912 1072 912 971 913 969 915 951 915 1016 915 932 915 1123 916 1107 916 922 916 998 916 1264 917 921 917 1000 918 952 918 920 919 1165 919 991 919 1007 919 1015 920 972 920 973 920 990 922 1057 922 1066 923 958 924 1139 924 1181 924 1109 924 1117 926 973 926 961 926 1123 926 997 926 1139 927 1059 927 1208 927 1232 927 995 928 1185 928 1112 930 1075 930 985 930 1205 932 936 933 1133 933 1204 934 989 934 1261 936 1123 937 965 937 1232 937 1204 937 1205 938 968 938 1170 938 1077 938 1044 938 1228 938 1141 940 1226 940 1149 940 1146 941 999 941 1209 941 997 941 1051 942 1010 942 1008 944 1010 944 1131 944 1067 944 1231 945 1054 945 954 945 1118 945 1072 945 1194 947 952 947 972 948 1225 948 950 948 1192 948 1263 948 1129 949 1011 949 1164 949 1065 950 1056 950 1225 950 1077 950 1238 950 1192 953 1264 953 1041 953 1061 953 1266 954 1002 955 1166 955 976 955 1066 955 1246 955 1183 955 1086 956 1147 956 1211 956 995 958 1054 959 966 959 1259 959 1147 960 973 961 990 961 987 962 1247 962 968 962 998 962 1227 962 1044 962 1053 963 967 963 1003 963 1020 963 999 964 970 964 1016 965 1259 965 1147 965 1133 966 978 968 1154 968 1265 968 1023 968 1040 969 1012 969 1015 969 1073 970 996 970 1016 971 1132 971 1182 971 1037 971 1283 973 1016 974 1144 975 981 977 1008 977 1075 979 984 979 989 982 1248 982 1241 983 1011 983 1059 984 1185 985 1219 985 1222 985 1155 985 1237 988 1000 990 999 992 1015 992 1236 992 1031 993 1022 993 1081 993 1101 994 1022 994 1256 994 1242 994 1028 995 1204 995 1061 995 1052 995 1115 998 1230 998 1247 998 1077 1001 1177 1001 1032 1001 1091 1004 1081 1004 1104 1005 1231 1005 1205 1005 1222 1007 1015 1007 1265 1007 1247 1009 1230 1009 1265 1010 1153 1012 1019 1013 1112 1013 1175 1013 1210 1015 1200 1015 1107 1017 1209 1018 1072 1020 1219 1021 1196 1023 1196 1023 1112 1023 1162 1023 1040 1023 1179 1024 1243 1024 1428 1024 1140 1024 1030 1024 1399 1024 1173 1025 1430 1025 1191 1025 1423 1025 1255 1026 1263 1026 1071 1026 1074 1026 1172 1026 1045 1027 1391 1027 1216 1027 1125 1027 1456 1027 1102 1027 1359 1028 1101 1028 1257 1028 1106 1028 1239 1028 1220 1029 1105 1029 1190 1029 1110 1029 1437 1030 1444 1030 1391 1030 1327 1030 1393 1030 1390 1031 1236 1031 1163 1031 1227 1031 1042 1032 1132 1033 1172 1033 1405 1033 1292 1033 1080 1033 1612 1034 1093 1034 1428 1034 1319 1034 1327 1035 1263 1035 1052 1035 1109 1035 1172 1035 1099 1035 1190 1036 1119 1036 1253 1036 1432 1037 1224 1038 1239 1038 1402 1038 1216 1038 1300 1038 1260 1038 1102 1038 1285 1039 1141 1039 1137 1039 1197 1041 1236 1041 1333 1042 1184 1042 1366 1042 1148 1042 1428 1043 1211 1043 1266 1043 1174 1044 1179 1044 1134 1044 1333 1044 1251 1045 1064 1045 1406 1046 1100 1046 1137 1046 1048 1046 1218 1046 1159 1047 1136 1047 1292 1047 1229 1048 1137 1048 1299 1048 1430 1048 1350 1049 1237 1049 1202 1049 1110 1049 1142 1050 1184 1050 1269 1051 1155 1052 1263 1052 1252 1052 1233 1052 1218 1052 1105 1053 1077 1053 1333 1055 1199 1055 1338 1056 1168 1057 1107 1057 1073 1057 1166 1058 1250 1058 1201 1058 1202 1058 1070 1059 1225 1059 1114 1060 1194 1060 1221 1060 1169 1061 1114 1061 1211 1061 1100 1062 1130 1062 1267 1062 1372 1062 1325 1063 1115 1063 1233 1063 1135 1063 1340 1064 1129 1064 1182 1064 1071 1064 1244 1064 1074 1064 1403 1065 1118 1065 1097 1065 1088 1066 1211 1066 1256 1067 1131 1067 1234 1067 1242 1067 1257 1068 1090 1068 1178 1068 1429 1068 1083 1068 1253 1069 1184 1069 1269 1069 1082 1069 1262 1070 1201 1070 1099 1071 1088 1071 1181 1071 1152 1072 1092 1072 1194 1072 1224 1073 1095 1074 1137 1074 1111 1076 1217 1076 1640 1076 1392 1077 1192 1078 1130 1078 1197 1078 1098 1078 1363 1079 1117 1079 1199 1079 1158 1080 1403 1080 1306 1080 1640 1081 1138 1081 1235 1082 1156 1082 1148 1082 1400 1082 1275 1082 1412 1083 1121 1083 1429 1084 1221 1084 1286 1084 1414 1084 1357 1085 1254 1085 1301 1086 1183 1086 1235 1086 1353 1086 1239 1086 1216 1087 1115 1087 1176 1087 1174 1087 1383 1087 1178 1088 1109 1089 1386 1089 1414 1089 1255 1089 1291 1090 1205 1090 1146 1090 1176 1090 1121 1090 1119 1091 1181 1091 1117 1091 1171 1092 1160 1093 1227 1093 1243 1093 1353 1094 1103 1094 1316 1094 1347 1095 1166 1095 1268 1095 1163 1096 1141 1096 1100 1096 1319 1096 1434 1096 1159 1098 1122 1098 1156 1098 1298 1099 1250 1099 1233 1099 1190 1099 1462 1100 1266 1100 1126 1101 1234 1101 1246 1101 1106 1102 1359 1102 1310 1103 1429 1103 1340 1103 1142 1103 1316 1103 1398 1104 1163 1104 1195 1104 1243 1104 1235 1104 1401 1105 1383 1105 1190 1105 1136 1106 1235 1106 1402 1107 1247 1107 1236 1108 1366 1108 1575 1110 1135 1110 1202 1110 1340 1111 1218 1111 1190 1111 1350 1111 1337 1112 1228 1113 1249 1113 1237 1113 1127 1113 1254 1114 1225 1115 1252 1116 1160 1116 1270 1116 1386 1116 1245 1116 1151 1117 1124 1117 1150 1118 1129 1118 1182 1119 1257 1119 1176 1119 1300 1119 1253 1120 1127 1120 1198 1120 1212 1121 1231 1121 1187 1121 1258 1122 1175 1122 1156 1122 1317 1125 1174 1125 1349 1125 1157 1126 1266 1126 1444 1126 1319 1126 1159 1126 1424 1128 1248 1128 1194 1129 1194 1131 1234 1132 1177 1133 1242 1133 1146 1134 1269 1134 1317 1134 1452 1135 1178 1135 1429 1136 1438 1136 1342 1136 1347 1137 1244 1138 1268 1138 1195 1139 1208 1139 1250 1140 1195 1140 1385 1141 1238 1141 1192 1142 1429 1142 1442 1142 1360 1142 1435 1143 1231 1143 1257 1143 1258 1144 1168 1144 1164 1145 1283 1145 1215 1145 1286 1145 1217 1145 1464 1148 1227 1148 1275 1149 1219 1149 1226 1149 1206 1150 1181 1150 1201 1150 1172 1150 1406 1150 1405 1151 1221 1151 1287 1152 1182 1152 1283 1152 1169 1152 1217 1154 1230 1154 1170 1155 1249 1155 1237 1156 1269 1157 1383 1157 1340 1157 1316 1157 1347 1158 1413 1159 1423 1160 1214 1160 1221 1161 1236 1161 1163 1161 1183 1162 1269 1162 1179 1164 1238 1165 1207 1166 1264 1167 1203 1167 1398 1167 1426 1167 1417 1167 1584 1168 1248 1168 1238 1169 1403 1169 1286 1169 1414 1169 1364 1170 1238 1171 1283 1171 1406 1171 1215 1171 1199 1172 1190 1173 1401 1173 1186 1173 1309 1173 1575 1174 1183 1174 1266 1174 1415 1174 1189 1175 1179 1175 1197 1176 1256 1176 1242 1176 1349 1178 1316 1180 1195 1180 1243 1180 1366 1182 1194 1183 1266 1183 1391 1185 1261 1186 1385 1186 1421 1187 1205 1187 1222 1187 1240 1187 1429 1188 1215 1188 1199 1189 1391 1189 1303 1189 1393 1190 1292 1190 1229 1191 1244 1191 1386 1191 1414 1192 1263 1193 1259 1194 1244 1195 1385 1197 1210 1197 1411 1197 1430 1197 1397 1198 1202 1198 1413 1198 1435 1198 1448 1199 1405 1202 1249 1202 1223 1203 1258 1203 1356 1203 1382 1203 1409 1206 1226 1208 1226 1210 1214 1210 1299 1212 1413 1212 1448 1212 1338 1213 1452 1213 1434 1213 1412 1213 1397 1213 1418 1213 1355 1214 1270 1215 1464 1216 1309 1217 1364 1218 1303 1220 1402 1220 1300 1222 1237 1223 1254 1226 1232 1226 1233 1227 1333 1228 1251 1229 1462 1229 1612 1229 1416 1229 1288 1235 1246 1235 1385 1235 1239 1235 1388 1236 1247 1237 1240 1239 1415 1240 1442 1241 1248 1244 1299 1245 1325 1245 1291 1247 1265 1251 1317 1251 1434 1252 1266 1252 1383 1253 1349 1253 1356 1253 1316 1253 1352 1253 1409 1254 1442 1255 1411 1255 1394 1256 1415 1260 1349 1260 1359 1260 1352 1262 1443 1266 1444 1267 1363 1270 1411 1271 1417 1271 1520 1271 1466 1271 1560 1271 1445 1272 1416 1272 1515 1272 1344 1272 1367 1273 1418 1273 1591 1273 1328 1273 1381 1273 1576 1274 1338 1274 1288 1274 1384 1274 1455 1275 1428 1275 1418 1276 1375 1276 1573 1276 1485 1276 1630 1277 1316 1277 1474 1277 1466 1278 1434 1278 1430 1278 1397 1278 1431 1278 1376 1279 1374 1279 1365 1279 1635 1279 1558 1280 1405 1280 1413 1280 1612 1280 1392 1281 1329 1281 1410 1281 1512 1281 1566 1282 1645 1282 1502 1282 1477 1282 1489 1282 1516 1284 1569 1284 1479 1284 1494 1284 1576 1284 1559 1284 1618 1285 1408 1285 1352 1285 1362 1285 1474 1285 1323 1286 1364 1286 1357 1286 1311 1287 1561 1288 1302 1288 1307 1289 1305 1289 1659 1289 1583 1289 1763 1289 1566 1290 1640 1290 1670 1290 1681 1290 1343 1291 1394 1291 1374 1291 1529 1291 1365 1292 1331 1293 1442 1293 1382 1293 1584 1293 1294 1294 1301 1294 1420 1294 1556 1295 1401 1295 1402 1295 1339 1295 1362 1296 1431 1296 1423 1296 1591 1296 1422 1296 1369 1296 1479 1297 1379 1297 1376 1297 1561 1297 1329 1297 1529 1298 1412 1298 1312 1298 1463 1299 1430 1299 1386 1301 1448 1301 1425 1301 1656 1302 1612 1302 1344 1303 1424 1303 1337 1303 1342 1304 1320 1304 1395 1304 1321 1304 1654 1304 1524 1305 1377 1305 1561 1305 1329 1305 1546 1305 1608 1306 1379 1306 1364 1306 1331 1306 1503 1307 1367 1307 1680 1307 1454 1308 1357 1308 1561 1308 1457 1309 1390 1310 1645 1310 1371 1310 1362 1310 1354 1310 1564 1310 1489 1311 1451 1311 1503 1311 1457 1312 1441 1313 1324 1313 1433 1313 1578 1313 1629 1314 1439 1314 1336 1314 1505 1314 1328 1314 1449 1314 1507 1314 1380 1314 1477 1315 1372 1315 1325 1315 1389 1315 1603 1318 1390 1318 1591 1318 1456 1318 1328 1318 1446 1319 1434 1319 1431 1320 1352 1320 1409 1320 1426 1321 1653 1321 1470 1322 1359 1322 1347 1322 1515 1322 1453 1322 1466 1322 1560 1323 1501 1323 1631 1323 1440 1323 1332 1323 1450 1324 1670 1324 1680 1324 1407 1326 1369 1326 1665 1326 1563 1326 1368 1327 1591 1328 1371 1328 1419 1329 1331 1329 1422 1329 1643 1329 1659 1330 1560 1330 1368 1330 1637 1330 1536 1330 1527 1331 1350 1331 1379 1331 1346 1331 1344 1332 1354 1332 1631 1332 1653 1332 1673 1333 1452 1333 1444 1334 1448 1334 1455 1335 1447 1335 1345 1335 1529 1335 1485 1335 1535 1335 1480 1336 1441 1336 1533 1336 1652 1337 1346 1337 1342 1339 1402 1339 1421 1340 1437 1341 1351 1341 1425 1341 1632 1341 1636 1341 1433 1342 1387 1342 1346 1342 1369 1342 1515 1343 1659 1343 1579 1343 1566 1343 1633 1344 1612 1344 1659 1344 1592 1345 1381 1345 1376 1345 1557 1346 1422 1346 1410 1347 1351 1348 1421 1348 1458 1348 1531 1348 1616 1350 1403 1350 1423 1351 1360 1351 1425 1351 1367 1352 1432 1352 1356 1352 1551 1353 1391 1353 1401 1354 1456 1354 1474 1354 1453 1354 1466 1355 1397 1355 1605 1355 1381 1355 1447 1355 1486 1356 1551 1356 1426 1357 1377 1358 1443 1358 1441 1358 1533 1358 1459 1359 1438 1360 1435 1360 1398 1360 1520 1361 1583 1361 1528 1361 1644 1361 1661 1362 1458 1362 1501 1363 1412 1363 1397 1363 1436 1364 1377 1365 1561 1365 1540 1365 1615 1366 1443 1367 1416 1367 1560 1367 1404 1368 1515 1370 1394 1370 1374 1370 1529 1370 1639 1370 1638 1371 1390 1371 1505 1371 1645 1371 1419 1372 1397 1372 1605 1372 1394 1373 1481 1373 1539 1373 1440 1373 1581 1374 1394 1374 1603 1375 1463 1375 1436 1375 1486 1375 1511 1375 1460 1376 1447 1376 1422 1376 1643 1377 1414 1378 1420 1378 1672 1379 1403 1380 1576 1380 1674 1380 1594 1381 1431 1382 1442 1382 1398 1383 1438 1384 1392 1384 1517 1384 1407 1385 1388 1387 1438 1387 1446 1389 1463 1389 1460 1389 1492 1390 1533 1390 1505 1392 1670 1392 1681 1393 1424 1394 1447 1394 1529 1395 1560 1395 1514 1395 1562 1396 1451 1396 1503 1396 1488 1397 1411 1397 1434 1399 1428 1399 1443 1400 1441 1402 1408 1404 1623 1404 1664 1405 1462 1407 1455 1407 1685 1407 1629 1408 1432 1408 1458 1408 1481 1409 1417 1410 1515 1410 1623 1411 1430 1413 1462 1413 1427 1416 1437 1417 1672 1418 1441 1418 1533 1418 1436 1419 1477 1419 1516 1419 1565 1419 1483 1420 1520 1420 1672 1420 1636 1420 1574 1421 1575 1421 1645 1421 1502 1422 1423 1422 1665 1424 1591 1425 1435 1425 1427 1425 1556 1426 1539 1426 1461 1427 1435 1427 1680 1428 1443 1429 1442 1433 1680 1433 1556 1433 1500 1433 1589 1435 1437 1435 1448 1436 1441 1436 1652 1439 1443 1440 1616 1440 1581 1441 1550 1445 1672 1445 1636 1445 1536 1446 1591 1446 1569 1446 1479 1446 1453 1447 1573 1449 1505 1450 1474 1450 1581 1450 1654 1451 1503 1451 1681 1453 1563 1453 1653 1454 1554 1454 1500 1455 1625 1456 1564 1457 1608 1459 1550 1459 1570 1460 1599 1460 1530 1461 1672 1461 1586 1463 1605 1465 1638 1465 1802 1465 1634 1465 1484 1465 1827 1466 1474 1466 1560 1466 1653 1467 1613 1467 1832 1467 1823 1468 1664 1468 1541 1468 1729 1468 1585 1469 1743 1469 1538 1469 1705 1469 1587 1469 1690 1469 1708 1470 1631 1470 1673 1470 1532 1470 1815 1470 1743 1471 1596 1471 1738 1471 1497 1471 1585 1472 1669 1472 1845 1472 1590 1472 1699 1472 1689 1473 1601 1473 1628 1473 1716 1473 1728 1473 1700 1475 1562 1475 1663 1475 1628 1475 1749 1475 1822 1476 1493 1476 1508 1476 1545 1476 1686 1476 1791 1476 1655 1477 1507 1477 1518 1478 1618 1478 1545 1478 1757 1480 1512 1480 1634 1482 1781 1482 1749 1482 1727 1482 1706 1482 1824 1482 1754 1483 1489 1483 1563 1483 1647 1484 1639 1484 1558 1484 1736 1484 1707 1484 1827 1485 1486 1485 1557 1486 1494 1487 1558 1487 1548 1487 1707 1487 1827 1487 1817 1488 1608 1489 1564 1489 1673 1490 1683 1490 1768 1490 1679 1490 1765 1491 1604 1491 1802 1491 1736 1491 1831 1492 1603 1492 1639 1492 1530 1492 1677 1493 1594 1493 1598 1493 1504 1493 1782 1493 1686 1493 1602 1494 1576 1494 1559 1494 1504 1495 1507 1495 1627 1495 1518 1495 1683 1495 1832 1496 1747 1496 1634 1496 1820 1496 1808 1497 1629 1497 1543 1497 1845 1497 1837 1497 1732 1498 1663 1498 1571 1498 1773 1498 1749 1498 1792 1498 1800 1499 1608 1499 1611 1499 1633 1500 1619 1501 1645 1501 1675 1502 1575 1502 1627 1502 1531 1503 1583 1504 1599 1504 1508 1505 1575 1506 1675 1506 1647 1506 1648 1506 1525 1507 1674 1508 1530 1508 1604 1508 1606 1509 1644 1509 1774 1509 1537 1509 1833 1510 1768 1510 1782 1510 1555 1510 1838 1511 1550 1511 1682 1512 1643 1512 1665 1512 1557 1512 1763 1513 1550 1513 1570 1513 1682 1514 1582 1514 1527 1514 1620 1514 1662 1516 1621 1516 1675 1516 1823 1517 1681 1517 1685 1518 1598 1518 1651 1518 1768 1518 1823 1519 1532 1519 1562 1519 1836 1519 1749 1521 1623 1521 1763 1521 1747 1521 1541 1521 1820 1521 1610 1522 1614 1522 1555 1522 1812 1522 1660 1522 1716 1523 1665 1523 1557 1523 1614 1523 1764 1524 1672 1524 1654 1524 1547 1524 1562 1525 1839 1525 1649 1525 1692 1525 1789 1526 1802 1526 1747 1526 1735 1526 1808 1526 1572 1527 1614 1527 1812 1527 1601 1528 1681 1529 1540 1530 1553 1531 1621 1531 1675 1532 1581 1532 1654 1532 1743 1532 1816 1532 1620 1534 1654 1534 1586 1534 1836 1535 1639 1535 1802 1536 1562 1536 1663 1536 1666 1536 1662 1537 1633 1537 1669 1537 1610 1537 1641 1537 1788 1538 1647 1538 1815 1538 1789 1539 1654 1540 1638 1540 1552 1541 1637 1541 1664 1541 1669 1541 1729 1542 1714 1542 1585 1542 1684 1542 1701 1542 1697 1543 1685 1543 1567 1544 1658 1544 1661 1544 1641 1544 1821 1545 1559 1545 1604 1546 1643 1546 1552 1546 1763 1547 1672 1547 1663 1547 1571 1547 1600 1548 1552 1548 1634 1548 1597 1548 1595 1549 1589 1549 1837 1549 1609 1550 1570 1552 1611 1552 1634 1553 1580 1554 1592 1554 1579 1554 1578 1554 1669 1555 1651 1555 1782 1555 1649 1555 1757 1556 1656 1556 1636 1556 1574 1556 1650 1557 1559 1557 1747 1558 1639 1559 1604 1559 1702 1560 1632 1563 1564 1563 1582 1563 1614 1564 1569 1565 1576 1565 1594 1565 1651 1565 1618 1565 1782 1566 1669 1567 1699 1567 1732 1567 1657 1567 1730 1568 1634 1568 1827 1568 1808 1568 1784 1569 1576 1570 1674 1571 1586 1571 1773 1572 1820 1572 1756 1572 1795 1573 1605 1573 1603 1574 1636 1574 1600 1576 1652 1576 1594 1577 1642 1577 1842 1577 1587 1577 1786 1578 1685 1578 1738 1578 1624 1579 1670 1579 1617 1580 1677 1580 1736 1580 1707 1580 1711 1581 1642 1582 1647 1582 1815 1583 1608 1585 1666 1585 1593 1587 1839 1587 1789 1587 1704 1588 1776 1588 1683 1588 1804 1588 1813 1589 1636 1589 1803 1590 1845 1590 1593 1590 1712 1592 1623 1593 1803 1593 1713 1593 1701 1593 1712 1594 1671 1595 1784 1595 1718 1596 1625 1596 1650 1597 1731 1597 1668 1598 1674 1598 1768 1599 1671 1599 1622 1600 1803 1600 1773 1601 1764 1601 1729 1601 1660 1602 1782 1602 1691 1604 1802 1606 1622 1606 1791 1607 1669 1607 1610 1607 1805 1607 1684 1607 1788 1607 1819 1608 1615 1609 1773 1609 1713 1609 1762 1610 1763 1610 1667 1611 1615 1611 1658 1611 1668 1612 1640 1613 1828 1613 1839 1614 1618 1615 1635 1616 1631 1616 1828 1617 1685 1617 1774 1618 1702 1619 1632 1619 1637 1619 1664 1619 1666 1619 1714 1620 1815 1620 1628 1620 1678 1621 1627 1622 1671 1622 1676 1623 1637 1624 1644 1624 1845 1624 1833 1624 1699 1625 1656 1626 1836 1626 1792 1626 1706 1626 1824 1628 1662 1628 1700 1630 1639 1630 1677 1630 1736 1631 1828 1633 1731 1634 1763 1636 1666 1637 1764 1639 1677 1640 1659 1641 1731 1641 1807 1641 1753 1642 1743 1644 1669 1646 1713 1646 1732 1646 1712 1646 1742 1647 1651 1648 1842 1648 1743 1649 1778 1649 1710 1650 1656 1652 1682 1655 1848 1655 1717 1655 1735 1655 1748 1656 1680 1657 1699 1657 1752 1657 1798 1658 1661 1658 1844 1660 1702 1660 1735 1661 1774 1662 1714 1662 1793 1663 1666 1663 1714 1663 1745 1664 1669 1664 1738 1667 1820 1667 1725 1667 1797 1671 1776 1674 1776 1674 1683 1676 1776 1676 1686 1676 1804 1676 1755 1678 1705 1678 1781 1678 1727 1679 1832 1679 1778 1679 1692 1679 1840 1683 1832 1684 1697 1686 1848 1686 1830 1686 1810 1687 1791 1687 1717 1687 1748 1688 1757 1688 1735 1688 1728 1688 1795 1688 1750 1689 1788 1689 1721 1689 1798 1690 1727 1690 1799 1691 1735 1691 1838 1691 1709 1691 1694 1692 1839 1692 1840 1693 1844 1693 1718 1693 1723 1693 1770 1694 1848 1694 1830 1695 1786 1695 1708 1696 1819 1696 1759 1696 1798 1696 1739 1697 1794 1697 1721 1697 1790 1698 1757 1698 1838 1698 1801 1698 1750 1699 1788 1699 1752 1699 1730 1700 1822 1700 1740 1700 1727 1700 1794 1700 1809 1701 1745 1701 1846 1701 1790 1702 1747 1703 1707 1703 1834 1703 1817 1704 1708 1704 1772 1705 1812 1705 1766 1705 1740 1706 1786 1708 1786 1708 1772 1708 1754 1709 1748 1709 1756 1709 1719 1710 1806 1710 1744 1711 1783 1711 1787 1712 1721 1712 1818 1713 1837 1713 1846 1715 1765 1715 1840 1715 1751 1716 1812 1716 1757 1716 1766 1717 1736 1717 1791 1718 1844 1719 1756 1719 1795 1720 1813 1720 1779 1721 1814 1721 1790 1721 1847 1722 1805 1722 1819 1722 1826 1723 1725 1723 1784 1724 1813 1724 1838 1724 1779 1724 1751 1724 1806 1725 1731 1726 1794 1726 1801 1726 1825 1726 1760 1727 1754 1727 1760 1728 1740 1729 1805 1729 1793 1729 1785 1730 1732 1730 1818 1730 1767 1731 1763 1733 1792 1733 1800 1733 1824 1733 1849 1733 1734 1734 1775 1734 1849 1736 1834 1737 1817 1737 1784 1739 1814 1739 1818 1740 1801 1741 1785 1741 1814 1741 1825 1742 1846 1742 1767 1744 1789 1744 1766 1744 1772 1744 1799 1745 1803 1745 1822 1745 1829 1746 1827 1746 1834 1746 1758 1746 1843 1747 1802 1747 1820 1748 1787 1749 1792 1749 1775 1750 1825 1751 1840 1751 1811 1752 1821 1752 1759 1752 1798 1753 1844 1753 1759 1753 1780 1755 1791 1755 1777 1755 1810 1756 1831 1756 1808 1756 1826 1757 1838 1758 1784 1758 1843 1759 1780 1760 1799 1761 1839 1761 1811 1762 1849 1762 1841 1764 1820 1765 1840 1766 1789 1768 1813 1768 1778 1769 1771 1769 1809 1769 1790 1770 1780 1770 1796 1771 1822 1771 1775 1771 1809 1771 1790 1771 1835 1773 1800 1774 1821 1775 1829 1775 1809 1777 1783 1778 1813 1779 1830 1779 1810 1781 1816 1781 1786 1783 1791 1785 1795 1785 1794 1787 1831 1788 1807 1789 1811 1790 1847 1791 1848 1792 1836 1793 1822 1795 1825 1796 1807 1796 1797 1797 1819 1797 1807 1797 1843 1797 1826 1799 1801 1800 1829 1805 1820 1806 1838 1807 1819 1813 1830 1814 1819 1818 1847 1826 1843 1827 1834 1828 1842 1829 1835 1830 1838 1831 1834 1835 1841 1839 1842 1841 1846
</DataArray>
        <DataArray type="Int64" Name="offsets" NumberOfComponents="1" format="ascii">
2 4 6 8 10 12 14 16 18 20 22 24 26 28 30 32 34 36 38 40 42 44 46 48 50 52 54 56 58 60 62 64 66 68 70 72 74 76 78 80 82 84 86 88 90 92 94 96 98 100 102 104 106 108 110 112 114 116 118 120 122 124 126 128 130 132 134 136 138 140 142 144 146 148 150 152 154 156 158 160 162 164 166 168 170 172 174 176 178 180 182 184 186 188 190 192 194 196 198 200 202 204 206 208 210 212 214 216 218 220 222 224 226 228 230 232 234 236 238 240 242 244 246 248 250 252 254 256 258 260 262 264 266 268 270 272 274 276 278 280 282 284 286 288 290 292 294 296 298 300 302 304 306 308 310 312 314 316 318 320 322 324 326 328 330 332 334 336 338 340 342 344 346 348 350 352 354 356 358 360 362 364 366 368 370 372 374 376 378 380 382 384 386 388 390 392 394 396 398 400 402 404 406 408 410 412 414 416 418 420 422 424 426 428 430 432 434 436 438 440 442 444 446 448 450 452 454 456 458 460 462 464 466 468 470 472 474 476 478 480 482 484 486 488 490 492 494 496 498 500 502 504 506 508 510 512 514 516 518 520 522 524 526 528 530 532 534 536 538 540 542 544 546 548 550 552 554 556 558 560 562 564 566 568 570 572 574 576 578 580 582 584 586 588 590 592 594 596 598 600 602 604 606 608 610 612 614 616 618 620 622 624 626 628 630 632 634 636 638 640 642 644 646 648 650 652 654 656 658 660 662 664 666 668 670 672 674 676 678 680 682 684 686 688 690 692 694 696 698 700 702 704 706 708 710 712 714 716 718 720 722 724 726 728 730 732 734 736 738 740 742 744 746 748 750 752 754 756 758 760 762 764 766 768 770 772 774 776 778 780 782 784 786 788 790 792 794 796 798 800 802 804 806 808 810 812 814 816 818 820 822 824 826 828 830 832 834 836 838 840 842 844 846 848 850 852 854 856 858 860 862 864 866 868 870 872 874 876 878 880 882 884 886 888 890 892 894 896 898 900 902 904 906 908 910 912 914 916 918 920 922 924 926 928 930 932 934 936 938 940 942 944 946 948 950 952 954 956 958 960 962 964 966 968 970 972 974 976 978 980 982 984 986 988 990 992 994 996 998 1000 1002 1004 1006 1008 1010 1012 1014 1016 1018 1020 1022 1024 1026 1028 1030 1032 1034 1036 1038 1040 1042 1044 1046 1048 1050 1052 1054 1056 1058 1060 1062 1064 1066 1068 1070 1072 1074 1076 1078 1080 1082 1084 1086 1088 1090 1092 1094 1096 1098 1100 1102 1104 1106 1108 1110 1112 1114 1116 1118 1120 1122 1124 1126 1128 1130 1132 1134 1136 1138 1140 1142 1144 1146 1148 1150 1152 1154 1156 1158 1160 1162 1164 1166 1168 1170 1172 1174 1176 1178 1180 1182 1184 1186 1188 1190 1192 1194 1196 1198 1200 1202 1204 1206 1208 1210 1212 1214 1216 1218 1220 1222 1224 1226 1228 1230 1232 1234 1236 1238 1240 1242 1244 1246 1248 1250 1252 1254 1256 1258 1260 1262 1264 1266 1268 1270 1272 1274 1276 1278 1280 1282 1284 1286 1288 1290 1292 1294 1296 1298 1300 1302 1304 1306 1308 1310 1312 1314 1316 1318 1320 1322 1324 1326 1328 1330 1332 1334 1336 1338 1340 1342 1344 1346 1348 1350 1352 1354 1356 1358 1360 1362 1364 1366 1368 1370 1372 1374 1376 1378 1380 1382 1384 1386 1388 1390 1392 1394 1396 1398 1400 1402 1404 1406 1408 1410 1412 1414 1416 1418 1420 1422 1424 1426 1428 1430 1432 1434 1436 1438 1440 1442 1444 1446 1448 1450 1452 1454 1456 1458 1460 1462 1464 1466 1468 1470 1472 1474 1476 1478 1480 1482 1484 1486 1488 1490 1492 1494 1496 1498 1500 1502 1504 1506 1508 1510 1512 1514 1516 1518 1520 1522 1524 1526 1528 1530 1532 1534 1536 1538 1540 1542 1544 1546 1548 1550 1552 1554 1556 1558 1560 1562 1564 1566 1568 1570 1572 1574 1576 1578 1580 1582 1584 1586 1588 1590 1592 1594 1596 1598 1600 1602 1604 1606 1608 1610 1612 1614 1616 1618 1620 1622 1624 1626 1628 1630 1632 1634 1636 1638 1640 1642 1644 1646 1648 1650 1652 1654 1656 1658 1660 1662 1664 1666 1668 1670 1672 1674 1676 1678 1680 1682 1684 1686 1688 1690 1692 1694 1696 1698 1700 1702 1704 1706 1708 1710 1712 1714 1716 1718 1720 1722 1724 1726 1728 1730 1732 1734 1736 1738 1740 1742 1744 1746 1748 1750 1752 1754 1756 1758 1760 1762 1764 1766 1768 1770 1772 1774 1776 1778 1780 1782 1784 1786 1788 1790 1792 1794 1796 1798 1800 1802 1804 1806 1808 1810 1812 1814 1816 1818 1820 1822 1824 1826 1828 1830 1832 1834 1836 1838 1840 1842 1844 1846 1848 1850 1852 1854 1856 1858 1860 1862 1864 1866 1868 1870 1872 1874 1876 1878 1880 1882 1884 1886 1888 1890 1892 1894 1896 1898 1900 1902 1904 1906 1908 1910 1912 1914 1916 1918 1920 1922 1924 1926 1928 1930 1932 1934 1936 1938 1940 1942 1944 1946 1948 1950 1952 1954 1956 1958 1960 1962 1964 1966 1968 1970 1972 1974 1976 1978 1980 1982 1984 1986 1988 1990 1992 1994 1996 1998 2000 2002 2004 2006 2008 2010 2012 2014 2016 2018 2020 2022 2024 2026 2028 2030 2032 2034 2036 2038 2040 2042 2044 2046 2048 2050 2052 2054 2056 2058 2060 2062 2064 2066 2068 2070 2072 2074 2076 2078 2080 2082 2084 2086 2088 2090 2092 2094 2096 2098 2100 2102 2104 2106 2108 2110 2112 2114 2116 2118 2120 2122 2124 2126 2128 2130 2132 2134 2136 2138 2140 2142 2144 2146 2148 2150 2152 2154 2156 2158 2160 2162 2164 2166 2168 2170 2172 2174 2176 2178 2180 2182 2184 2186 2188 2190 2192 2194 2196 2198 2200 2202 2204 2206 2208 2210 2212 2214 2216 2218 2220 2222 2224 2226 2228 2230 2232 2234 2236 2238 2240 2242 2244 2246 2248 2250 2252 2254 2256 2258 2260 2262 2264 2266 2268 2270 2272 2274 2276 2278 2280 2282 2284 2286 2288 2290 2292 2294 2296 2298 2300 2302 2304 2306 2308 2310 2312 2314 2316 2318 2320 2322 2324 2326 2328 2330 2332 2334 2336 2338 2340 2342 2344 2346 2348 2350 2352 2354 2356 2358 2360 2362 2364 2366 2368 2370 2372 2374 2376 2378 2380 2382 2384 2386 2388 2390 2392 2394 2396 2398 2400 2402 2404 2406 2408 2410 2412 2414 2416 2418 2420 2422 2424 2426 2428 2430 2432 2434 2436 2438 2440 2442 2444 2446 2448 2450 2452 2454 2456 2458 2460 2462 2464 2466 2468 2470 2472 2474 2476 2478 2480 2482 2484 2486 2488 2490 2492 2494 2496 2498 2500 2502 2504 2506 2508 2510 2512 2514 2516 2518 2520 2522 2524 2526 2528 2530 2532 2534 2536 2538 2540 2542 2544 2546 2548 2550 2552 2554 2556 2558 2560 2562 2564 2566 2568 2570 2572 2574 2576 2578 2580 2582 2584 2586 2588 2590 2592 2594 2596 2598 2600 2602 2604 2606 2608 2610 2612 2614 2616 2618 2620 2622 2624 2626 2628 2630 2632 2634 2636 2638 2640 2642 2644 2646 2648 2650 2652 2654 2656 2658 2660 2662 2664 2666 2668 2670 2672 2674 2676 2678 2680 2682 2684 2686 2688 2690 2692 2694 2696 2698 2700 2702 2704 2706 2708 2710 2712 2714 2716 2718 2720 2722 2724 2726 2728 2730 2732 2734 2736 2738 2740 2742 2744 2746 2748 2750 2752 2754 2756 2758 2760 2762 2764 2766 2768 2770 2772 2774 2776 2778 2780 2782 2784 2786 2788 2790 2792 2794 2796 2798 2800 2802 2804 2806 2808 2810 2812 2814 2816 2818 2820 2822 2824 2826 2828 2830 2832 2834 2836 2838 2840 2842 2844 2846 2848 2850 2852 2854 2856 2858 2860 2862 2864 2866 2868 2870 2872 2874 2876 2878 2880 2882 2884 2886 2888 2890 2892 2894 2896 2898 2900 2902 2904 2906 2908 2910 2912 2914 2916 2918 2920 2922 2924 2926 2928 2930 2932 2934 2936 2938 2940 2942 2944 2946 2948 2950 2952 2954 2956 2958 2960 2962 2964 2966 2968 2970 2972 2974 2976 2978 2980 2982 2984 2986 2988 2990 2992 2994 2996 2998 3000 3002 3004 3006 3008 3010 3012 3014 3016 3018 3020 3022 3024 3026 3028 3030 3032 3034 3036 3038 3040 3042 3044 3046 3048 3050 3052 3054 3056 3058 3060 3062 3064 3066 3068 3070 3072 3074 3076 3078 3080 3082 3084 3086 3088 3090 3092 3094 3096 3098 3100 3102 3104 3106 3108 3110 3112 3114 3116 3118 3120 3122 3124 3126 3128 3130 3132 3134 3136 3138 3140 3142 3144 3146 3148 3150 3152 3154 3156 3158 3160 3162 3164 3166 3168 3170 3172 3174 3176 3178 3180 3182 3184 3186 3188 3190 3192 3194 3196 3198 3200 3202 3204 3206 3208 3210 3212 3214 3216 3218 3220 3222 3224 3226 3228 3230 3232 3234 3236 3238 3240 3242 3244 3246 3248 3250 3252 3254 3256 3258 3260 3262 3264 3266 3268 3270 3272 3274 3276 3278 3280 3282 3284 3286 3288 3290 3292 3294 3296 3298 3300 3302 3304 3306 3308 3310 3312 3314 3316 3318 3320 3322 3324 3326 3328 3330 3332 3334 3336 3338 3340 3342 3344 3346 3348 3350 3352 3354 3356 3358 3360 3362 3364 3366 3368 3370 3372 3374 3376 3378 3380 3382 3384 3386 3388 3390 3392 3394 3396 3398 3400 3402 3404 3406 3408 3410 3412 3414 3416 3418 3420 3422 3424 3426 3428 3430 3432 3434 3436 3438 3440 3442 3444 3446 3448 3450 3452 3454 3456 3458 3460 3462 3464 3466 3468 3470 3472 3474 3476 3478 3480 3482 3484 3486 3488 3490 3492 3494 3496 3498 3500 3502 3504 3506 3508 3510 3512 3514 3516 3518 3520 3522 3524 3526 3528 3530 3532 3534 3536 3538 3540 3542 3544 3546 3548 3550 3552 3554 3556 3558 3560 3562 3564 3566 3568 3570 3572 3574 3576 3578 3580 3582 3584 3586 3588 3590 3592 3594 3596 3598 3600 3602 3604 3606 3608 3610 3612 3614 3616 3618 3620 3622 3624 3626 3628 3630 3632 3634 3636 3638 3640 3642 3644 3646 3648 3650 3652 3654 3656 3658 3660 3662 3664 3666 3668 3670 3672 3674 3676 3678 3680 3682 3684 3686 3688 3690 3692 3694 3696 3698 3700 3702 3704 3706 3708 3710 3712 3714 3716 3718 3720 3722 3724 3726 3728 3730 3732 3734 3736 3738 3740 3742 3744 3746 3748 3750 3752 3754 3756 3758 3760 3762 3764 3766 3768 3770 3772 3774 3776 3778 3780 3782 3784 3786 3788 3790 3792 3794 3796 3798 3800 3802 3804 3806 3808 3810 3812 3814 3816 3818 3820 3822 3824 3826 3828 3830 3832 3834 3836 3838 3840 3842 3844 3846 3848 3850 3852 3854 3856 3858 3860 3862 3864 3866 3868 3870 3872 3874 3876 3878 3880 3882 3884 3886 3888 3890 3892 3894 3896 3898 3900 3902 3904 3906 3908 3910 3912 3914 3916 3918 3920 3922 3924 3926 3928 3930 3932 3934 3936 3938 3940 3942 3944 3946 3948 3950 3952 3954 3956 3958 3960 3962 3964 3966 3968 3970 3972 3974 3976 3978 3980 3982 3984 3986 3988 3990 3992 3994 3996 3998 4000 4002 4004 4006 4008 4010 4012 4014 4016 4018 4020 4022 4024 4026 4028 4030 4032 4034 4036 4038 4040 4042 4044 4046 4048 4050 4052 4054 4056 4058 4060 4062 4064 4066 4068 4070 4072 4074 4076 4078 4080 4082 4084 4086 4088 4090 4092 4094 4096 4098 4100 4102 4104 4106 4108 4110 4112 4114 4116 4118 4120 4122 4124 4126 4128 4130 4132 4134 4136 4138 4140 4142 4144 4146 4148 4150 4152 4154 4156 4158 4160 4162 4164 4166 4168 4170 4172 4174 4176 4178 4180 4182 4184 4186 4188 4190 4192 4194 4196 4198 4200 4202 4204 4206 4208 4210 4212 4214 4216 4218 4220 4222 4224 4226 4228 4230 4232 4234 4236 4238 4240 4242 4244 4246 4248 4250 4252 4254 4256 4258 4260 4262 4264 4266 4268 4270 4272 4274 4276 4278 4280 4282 4284 4286 4288 4290 4292 4294 4296 4298 4300 4302 4304 4306 4308 4310 4312 4314 4316 4318 4320 4322 4324 4326 4328 4330 4332 4334 4336 4338 4340 4342 4344 4346 4348 4350 4352 4354 4356 4358 4360 4362 4364 4366 4368 4370 4372 4374 4376 4378 4380 4382 4384 4386 4388 4390 4392 4394 4396 4398 4400 4402 4404 4406 4408 4410 4412 4414 4416 4418 4420 4422 4424 4426 4428 4430 4432 4434 4436 4438 4440 4442 4444 4446 4448 4450 4452 4454 4456 4458 4460 4462 4464 4466 4468 4470 4472 4474 4476 4478 4480 4482 4484 4486 4488 4490 4492 4494 4496 4498 4500 4502 4504 4506 4508 4510 4512 4514 4516 4518 4520 4522 4524 4526 4528 4530 4532 4534 4536 4538 4540 4542 4544 4546 4548 4550 4552 4554 4556 4558 4560 4562 4564 4566 4568 4570 4572 4574 4576 4578 4580 4582 4584 4586 4588 4590 4592 4594 4596 4598 4600 4602 4604 4606 4608 4610 4612 4614 4616 4618 4620 4622 4624 4626 4628 4630 4632 4634 4636 4638 4640 4642 4644 4646 4648 4650 4652 4654 4656 4658 4660 4662 4664 4666 4668 4670 4672 4674 4676 4678 4680 4682 4684 4686 4688 4690 4692 4694 4696 4698 4700 4702 4704 4706 4708 4710 4712 4714 4716 4718 4720 4722 4724 4726 4728 4730 4732 4734 4736 4738 4740 4742 4744 4746 4748 4750 4752 4754 4756 4758 4760 4762 4764 4766 4768 4770 4772 4774 4776 4778 4780 4782 4784 4786 4788 4790 4792 4794 4796 4798 4800 4802 4804 4806 4808 4810 4812 4814 4816 4818 4820 4822 4824 4826 4828 4830 4832 4834 4836 4838 4840 4842 4844 4846 4848 4850 4852 4854 4856 4858 4860 4862 4864 4866 4868 4870 4872 4874 4876 4878 4880 4882 4884 4886 4888 4890 4892 4894 4896 4898 4900 4902 4904 4906 4908 4910 4912 4914 4916 4918 4920 4922 4924 4926 4928 4930 4932 4934 4936 4938 4940 4942 4944 4946 4948 4950 4952 4954 4956 4958 4960 4962 4964 4966 4968 4970 4972 4974 4976 4978 4980 4982 4984 4986 4988 4990 4992 4994 4996 4998 5000 5002 5004 5006 5008 5010 5012 5014 5016 5018 5020 5022 5024 5026 5028 5030 5032 5034 5036 5038 5040 5042 5044 5046 5048 5050 5052 5054 5056 5058 5060 5062 5064 5066 5068 5070 5072 5074 5076 5078 5080 5082 5084 5086 5088 5090 5092 5094 5096 5098 5100 5102 5104 5106 5108 5110 5112 5114 5116 5118 5120 5122 5124 5126 5128 5130 5132 5134 5136 5138 5140 5142 5144 5146 5148 5150 5152 5154 5156 5158 5160 5162 5164 5166 5168 5170 5172 5174 5176 5178 5180 5182 5184 5186 5188 5190 5192 5194 5196 5198 5200 5202 5204 5206 5208 5210 5212 5214 5216 5218 5220 5222 5224 5226 5228 5230 5232 5234 5236 5238 5240 5242 5244 5246 5248 5250 5252 5254 5256 5258 5260 5262 5264 5266 5268 5270 5272 5274 5276 5278 5280 5282 5284 5286 5288 5290 5292 5294 5296 5298 5300 5302 5304 5306 5308 5310 5312 5314 5316 5318 5320 5322 5324 5326 5328 5330 5332 5334 5336 5338 5340 5342 5344 5346 5348 5350 5352 5354 5356 5358 5360 5362 5364 5366 5368 5370 5372 5374 5376 5378 5380 5382 5384 5386 5388 5390 5392 5394 5396 5398 5400 5402 5404 5406 5408 5410 5412 5414 5416 5418 5420 5422 5424 5426 5428 5430 5432 5434 5436 5438 5440 5442 5444 5446 5448 5450 5452 5454 5456 5458 5460 5462 5464 5466 5468 5470 5472 5474 5476 5478 5480 5482 5484 5486 5488 5490 5492 5494 5496 5498 5500 5502 5504 5506 5508 5510 5512 5514 5516 5518 5520 5522 5524 5526 5528 5530 5532 5534 5536 5538 5540 5542 5544 5546 5548 5550 5552 5554 5556 5558 5560 5562 5564 5566 5568 5570 5572 5574 5576 5578 5580 5582 5584 5586 5588 5590 5592 5594 5596 5598 5600 5602 5604 5606 5608 5610 5612 5614 5616 5618 5620 5622 5624 5626 5628 5630 5632 5634 5636 5638 5640 5642 5644 5646 5648 5650 5652 5654 5656 5658 5660 5662 5664 5666 5668 5670 5672 5674 5676 5678 5680 5682 5684 5686 5688 5690 5692 5694 5696 5698 5700 5702 5704 5706 5708 5710 5712 5714 5716 5718 5720 5722 5724 5726 5728 5730 5732 5734 5736 5738 5740 5742 5744 5746 5748 5750 5752 5754 5756 5758 5760 5762 5764 5766 5768 5770 5772 5774 5776 5778 5780 5782 5784 5786 5788 5790 5792 5794 5796 5798 5800 5802 5804 5806 5808 5810 5812 5814 5816 5818 5820 5822 5824 5826 5828 5830 5832 5834 5836 5838 5840 5842 5844 5846 5848 5850 5852 5854 5856 5858 5860 5862 5864 5866 5868 5870 5872 5874 5876 5878 5880 5882 5884 5886 5888 5890 5892 5894 5896 5898 5900 5902 5904 5906 5908 5910 5912 5914 5916 5918 5920 5922 5924 5926 5928 5930 5932 5934 5936 5938 5940 5942 5944 5946 5948 5950 5952 5954 5956 5958 5960 5962 5964 5966 5968 5970 5972 5974 5976 5978 5980 5982 5984 5986 5988 5990 5992 5994 5996 5998 6000 6002 6004 6006 6008 6010 6012 6014 6016 6018 6020 6022 6024 6026 6028 6030 6032 6034 6036 6038 6040 6042 6044 6046 6048 6050 6052 6054 6056 6058 6060 6062 6064 6066 6068 6070 6072 6074 6076 6078 6080 6082 6084 6086 6088 6090 6092 6094 6096 6098 6100 6102 6104 6106 6108 6110 6112 6114 6116 6118 6120 6122 6124 6126 6128 6130 6132 6134 6136 6138 6140 6142 6144 6146 6148 6150 6152 6154 6156 6158 6160 6162 6164 6166 6168 6170 6172 6174 6176 6178 6180 6182 6184 6186 6188 6190 6192 6194 6196 6198 6200 6202 6204 6206 6208 6210 6212 6214 6216 6218 6220 6222 6224 6226 6228 6230 6232 6234 6236 6238 6240 6242 6244 6246 6248 6250 6252 6254 6256 6258 6260 6262 6264 6266 6268 6270 6272 6274 6276 6278 6280 6282 6284 6286 6288 6290 6292 6294 6296 6298 6300 6302 6304 6306 6308 6310 6312 6314 6316 6318 6320 6322 6324 6326 6328 6330 6332 6334 6336 6338 6340 6342 6344 6346 6348 6350 6352 6354 6356 6358 6360 6362 6364 6366 6368 6370 6372 6374 6376 6378 6380 6382 6384 6386 6388 6390 6392 6394 6396 6398 6400 6402 6404 6406 6408 6410 6412 6414 6416 6418 6420 6422 6424 6426 6428 6430 6432 6434 6436 6438 6440 6442 6444 6446 6448 6450 6452 6454 6456 6458 6460 6462 6464 6466 6468 6470 6472 6474 6476 6478 6480 6482 6484 6486 6488 6490 6492 6494 6496 6498 6500 6502 6504 6506 6508 6510 6512 6514 6516 6518 6520 6522 6524 6526 6528 6530 6532 6534 6536 6538 6540 6542 6544 6546 6548 6550 6552 6554 6556 6558 6560 6562 6564 6566 6568 6570 6572 6574 6576 6578 6580 6582 6584 6586 6588 6590 6592 6594 6596 6598 6600 6602 6604 6606 6608 6610 6612 6614 6616 6618 6620 6622 6624 6626 6628 6630 6632 6634 6636 6638 6640 6642 6644 6646 6648 6650 6652 6654 6656 6658 6660 6662 6664 6666 6668 6670 6672 6674 6676 6678 6680 6682 6684 6686 6688 6690 6692 6694 6696 6698 6700 6702 6704 6706 6708 6710 6712 6714 6716 6718 6720 6722 6724 6726 6728 6730 6732 6734 6736 6738 6740 6742 6744 6746 6748 6750 6752 6754 6756 6758 6760 6762 6764 6766 6768 6770 6772 6774 6776 6778 6780 6782 6784 6786 6788 6790 6792 6794 6796 6798 6800 6802 6804 6806 6808 6810 6812 6814 6816 6818 6820 6822 6824 6826 6828 6830 6832 6834 6836 6838 6840 6842 6844 6846 6848 6850 6852 6854 6856 6858 6860 6862 6864 6866 6868 6870 6872 6874 6876 6878 6880 6882 6884 6886 6888 6890 6892 6894 6896 6898 6900 6902 6904 6906 6908 6910 6912 6914 6916 6918 6920 6922 6924 6926 6928 6930 6932 6934 6936 6938 6940 6942 6944 6946 6948 6950 6952 6954 6956 6958 6960 6962 6964 6966 6968 6970 6972 6974 6976 6978 6980 6982 6984 6986 6988 6990 6992 6994 6996 6998 7000 7002 7004 7006 7008 7010 7012 7014 7016 7018 7020 7022 7024 7026 7028 7030 7032 7034 7036 7038 7040 7042 7044 7046 7048 7050 7052 7054 7056 7058 7060 7062 7064 7066 7068 7070 7072 7074 7076 7078 7080 7082 7084 7086 7088 7090 7092 7094 7096 7098 7100 7102 7104 7106 7108 7110 7112 7114 7116 7118 7120 7122 7124 7126 7128 7130 7132 7134 7136 7138 7140 7142 7144 7146 7148 7150 7152 7154 7156 7158 7160 7162 7164 7166 7168 7170 7172 7174 7176 7178 7180 7182 7184 7186 7188 7190 7192 7194 7196 7198 7200 7202 7204 7206 7208 7210 7212 7214 7216 7218 7220 7222 7224 7226 7228 7230 7232 7234 7236 7238 7240 7242 7244 7246 7248 7250 7252 7254 7256 7258 7260 7262 7264 7266 7268 7270 7272 7274 7276 7278 7280 7282 7284 7286 7288 7290 7292 7294 7296 7298 7300 7302 7304 7306 7308 7310 7312 7314 7316 7318 7320 7322 7324 7326 7328 7330 7332 7334 7336 7338 7340 7342 7344 7346 7348 7350 7352 7354 7356 7358 7360 7362 7364 7366 7368 7370 7372 7374 7376 7378 7380 7382 7384 7386 7388 7390 7392 7394 7396 7398 7400 7402 7404 7406 7408 7410 7412 7414 7416 7418 7420 7422 7424 7426 7428 7430 7432 7434 7436 7438 7440 7442 7444 7446 7448 7450 7452 7454 7456 7458 7460 7462 7464 7466 7468 7470 7472 7474 7476 7478 7480 7482 7484 7486 7488 7490 7492 7494 7496 7498 7500 7502 7504 7506 7508 7510 7512 7514 7516 7518 7520 7522 7524 7526 7528 7530 7532 7534 7536 7538 7540 7542 7544 7546 7548 7550 7552 7554 7556 7558 7560 7562 7564 7566 7568 7570 7572 7574 7576 7578 7580 7582 7584 7586 7588 7590 7592 7594 7596 7598 7600 7602 7604 7606 7608 7610 7612 7614 7616 7618 7620 7622 7624 7626 7628 7630 7632 7634 7636 7638 7640 7642 7644 7646 7648 7650 7652 7654 7656 7658 7660 7662 7664 7666 7668 7670 7672 7674 7676 7678 7680 7682 7684 7686 7688 7690 7692 7694 7696 7698 7700 7702 7704 7706 7708 7710 7712 7714 7716 7718 7720 7722 7724 7726 7728 7730 7732 7734 7736 7738 7740 7742 7744 7746 7748 7750 7752 7754 7756 7758 7760 7762 7764 7766 7768 7770 7772 7774 7776 7778 7780 7782 7784 7786 7788 7790 7792 7794 7796 7798 7800 7802 7804 7806 7808 7810 7812 7814 7816 7818 7820 7822 7824 7826 7828 7830 7832 7834 7836 7838 7840 7842 7844 7846 7848 7850 7852 7854 7856 7858 7860 7862 7864 7866 7868 7870 7872 7874 7876 7878 7880 7882 7884 7886 7888 7890 7892 7894 7896 7898 7900 7902 7904 7906 7908 7910 7912 7914 7916 7918 7920 7922 7924 7926 7928 7930 7932 7934 7936 7938 7940 7942 7944 7946 7948 7950 7952 7954 7956 7958 7960 7962 7964 7966 7968 7970 7972 7974 7976 7978 7980 7982 7984 7986 7988 7990 7992 7994 7996 7998 8000 8002 8004 8006 8008 8010 8012 8014 8016 8018 8020 8022 8024 8026 8028 8030 8032 8034 8036 8038 8040 8042 8044 8046 8048 8050 8052 8054 8056 8058 8060 8062 8064 8066 8068 8070 8072 8074 8076 8078 8080 8082 8084 8086 8088 8090 8092 8094 8096 8098 8100 8102 8104 8106 8108 8110 8112 8114 8116 8118 8120 8122 8124 8126 8128 8130 8132 8134 8136 8138 8140 8142 8144 8146 8148 8150 8152 8154 8156 8158 8160 8162 8164 8166 8168 8170 8172 8174 8176 8178 8180 8182 8184 8186 8188
</DataArray>
      </Lines>
    </Piece>
  </PolyData>
</VTKFile>
