<?xml version="1.0"?>
<VTKFile type="PolyData" version="0.1" byte_order="LittleEndian">
  <PolyData>
    <Piece NumberOfPoints="1850" NumberOfVerts="0" NumberOfLines="4111" NumberOfStrips="0" NumberOfPolys="0">
      <PointData><DataArray type="Int64" Name="particle_id" NumberOfComponents="1" format="ascii">
1 2 3 4 5 6 7 8 9 10 11 12 13 14 15 16 17 18 19 20 21 22 23 24 25 26 27 28 29 30 31 32 33 34 35 36 37 38 39 40 41 42 43 44 45 46 47 48 49 50 51 52 53 54 55 56 57 58 59 60 61 62 63 64 65 66 67 68 69 70 71 72 73 74 75 76 77 78 79 80 81 82 83 84 85 86 87 88 89 90 91 92 93 94 95 96 97 98 99 100 101 102 103 104 105 106 107 108 109 110 111 112 113 114 115 116 117 118 119 120 121 122 123 124 125 126 127 128 129 130 131 132 133 134 135 136 137 138 139 140 141 142 143 144 145 146 147 148 149 150 151 152 153 154 155 156 157 158 159 160 161 162 163 164 165 166 167 168 169 170 171 172 173 174 175 176 177 178 179 180 181 182 183 184 185 186 187 188 189 190 191 192 193 194 195 196 197 198 199 200 201 202 203 204 205 206 207 208 209 210 211 212 213 214 215 216 217 218 219 220 221 222 223 224 225 226 227 228 229 230 231 232 233 234 235 236 237 238 239 240 241 242 243 244 245 246 247 248 249 250 251 252 253 254 255 256 257 258 259 260 261 262 263 264 265 266 267 268 269 270 271 272 273 274 275 276 277 278 279 280 281 282 283 284 285 286 287 288 289 290 291 292 293 294 295 296 297 298 299 300 301 302 303 304 305 306 307 308 309 310 311 312 313 314 315 316 317 318 319 320 321 322 323 324 325 326 327 328 329 330 331 332 333 334 335 336 337 338 339 340 341 342 343 344 345 346 347 348 349 350 351 352 353 354 355 356 357 358 359 360 361 362 363 364 365 366 367 368 369 370 371 372 373 374 375 376 377 378 379 380 381 382 383 384 385 386 387 388 389 390 391 392 393 394 395 396 397 398 399 400 401 402 403 404 405 406 407 408 409 410 411 412 413 414 415 416 417 418 419 420 421 422 423 424 425 426 427 428 429 430 431 432 433 434 435 436 437 438 439 440 441 442 443 444 445 446 447 448 449 450 451 452 453 454 455 456 457 458 459 460 461 462 463 464 465 466 467 468 469 470 471 472 473 474 475 476 477 478 479 480 481 482 483 484 485 486 487 488 489 490 491 492 493 494 495 496 497 498 499 500 501 502 503 504 505 506 507 508 509 510 511 512 513 514 515 516 517 518 519 520 521 522 523 524 525 526 527 528 529 530 531 532 533 534 535 536 537 538 539 540 541 542 543 544 545 546 547 548 549 550 551 552 553 554 555 556 557 558 559 560 561 562 563 564 565 566 567 568 569 570 571 572 573 574 575 576 577 578 579 580 581 582 583 584 585 586 587 588 589 590 591 592 593 594 595 596 597 598 599 600 601 602 603 604 605 606 607 608 609 610 611 612 613 614 615 616 617 618 619 620 621 622 623 624 625 626 627 628 629 630 631 632 633 634 635 636 637 638 639 640 641 642 643 644 645 646 647 648 649 650 651 652 653 654 655 656 657 658 659 660 661 662 663 664 665 666 667 668 669 670 671 672 673 674 675 676 677 678 679 680 681 682 683 684 685 686 687 688 689 690 691 692 693 694 695 696 697 698 699 700 701 702 703 704 705 706 707 708 709 710 711 712 713 714 715 716 717 718 719 720 721 722 723 724 725 726 727 728 729 730 731 732 733 734 735 736 737 738 739 740 741 742 743 744 745 746 747 748 749 750 751 752 753 754 755 756 757 758 759 760 761 762 763 764 765 766 767 768 769 770 771 772 773 774 775 776 777 778 779 780 781 782 783 784 785 786 787 788 789 790 791 792 793 794 795 796 797 798 799 800 801 802 803 804 805 806 807 808 809 810 811 812 813 814 815 816 817 818 819 820 821 822 823 824 825 826 827 828 829 830 831 832 833 834 835 836 837 838 839 840 841 842 843 844 845 846 847 848 849 850 851 852 853 854 855 856 857 858 859 860 861 862 863 864 865 866 867 868 869 870 871 872 873 874 875 876 877 878 879 880 881 882 883 884 885 886 887 888 889 890 891 892 893 894 895 896 897 898 899 900 901 902 903 904 905 906 907 908 909 910 911 912 913 914 915 916 917 918 919 920 921 922 923 924 925 926 927 928 929 930 931 932 933 934 935 936 937 938 939 940 941 942 943 944 945 946 947 948 949 950 951 952 953 954 955 956 957 958 959 960 961 962 963 964 965 966 967 968 969 970 971 972 973 974 975 976 977 978 979 980 981 982 983 984 985 986 987 988 989 990 991 992 993 994 995 996 997 998 999 1000 1001 1002 1003 1004 1005 1006 1007 1008 1009 1010 1011 1012 1013 1014 1015 1016 1017 1018 1019 1020 1021 1022 1023 1024 1025 1026 1027 1028 1029 1030 1031 1032 1033 1034 1035 1036 1037 1038 1039 1040 1041 1042 1043 1044 1045 1046 1047 1048 1049 1050 1051 1052 1053 1054 1055 1056 1057 1058 1059 1060 1061 1062 1063 1064 1065 1066 1067 1068 1069 1070 1071 1072 1073 1074 1075 1076 1077 1078 1079 1080 1081 1082 1083 1084 1085 1086 1087 1088 1089 1090 1091 1092 1093 1094 1095 1096 1097 1098 1099 1100 1101 1102 1103 1104 1105 1106 1107 1108 1109 1110 1111 1112 1113 1114 1115 1116 1117 1118 1119 1120 1121 1122 1123 1124 1125 1126 1127 1128 1129 1130 1131 1132 1133 1134 1135 1136 1137 1138 1139 1140 1141 1142 1143 1144 1145 1146 1147 1148 1149 1150 1151 1152 1153 1154 1155 1156 1157 1158 1159 1160 1161 1162 1163 1164 1165 1166 1167 1168 1169 1170 1171 1172 1173 1174 1175 1176 1177 1178 1179 1180 1181 1182 1183 1184 1185 1186 1187 1188 1189 1190 1191 1192 1193 1194 1195 1196 1197 1198 1199 1200 1201 1202 1203 1204 1205 1206 1207 1208 1209 1210 1211 1212 1213 1214 1215 1216 1217 1218 1219 1220 1221 1222 1223 1224 1225 1226 1227 1228 1229 1230 1231 1232 1233 1234 1235 1236 1237 1238 1239 1240 1241 1242 1243 1244 1245 1246 1247 1248 1249 1250 1251 1252 1253 1254 1255 1256 1257 1258 1259 1260 1261 1262 1263 1264 1265 1266 1267 1268 1269 1270 1271 1272 1273 1274 1275 1276 1277 1278 1279 1280 1281 1282 1283 1284 1285 1286 1287 1288 1289 1290 1291 1292 1293 1294 1295 1296 1297 1298 1299 1300 1301 1302 1303 1304 1305 1306 1307 1308 1309 1310 1311 1312 1313 1314 1315 1316 1317 1318 1319 1320 1321 1322 1323 1324 1325 1326 1327 1328 1329 1330 1331 1332 1333 1334 1335 1336 1337 1338 1339 1340 1341 1342 1343 1344 1345 1346 1347 1348 1349 1350 1351 1352 1353 1354 1355 1356 1357 1358 1359 1360 1361 1362 1363 1364 1365 1366 1367 1368 1369 1370 1371 1372 1373 1374 1375 1376 1377 1378 1379 1380 1381 1382 1383 1384 1385 1386 1387 1388 1389 1390 1391 1392 1393 1394 1395 1396 1397 1398 1399 1400 1401 1402 1403 1404 1405 1406 1407 1408 1409 1410 1411 1412 1413 1414 1415 1416 1417 1418 1419 1420 1421 1422 1423 1424 1425 1426 1427 1428 1429 1430 1431 1432 1433 1434 1435 1436 1437 1438 1439 1440 1441 1442 1443 1444 1445 1446 1447 1448 1449 1450 1451 1452 1453 1454 1455 1456 1457 1458 1459 1460 1461 1462 1463 1464 1465 1466 1467 1468 1469 1470 1471 1472 1473 1474 1475 1476 1477 1478 1479 1480 1481 1482 1483 1484 1485 1486 1487 1488 1489 1490 1491 1492 1493 1494 1495 1496 1497 1498 1499 1500 1501 1502 1503 1504 1505 1506 1507 1508 1509 1510 1511 1512 1513 1514 1515 1516 1517 1518 1519 1520 1521 1522 1523 1524 1525 1526 1527 1528 1529 1530 1531 1532 1533 1534 1535 1536 1537 1538 1539 1540 1541 1542 1543 1544 1545 1546 1547 1548 1549 1550 1551 1552 1553 1554 1555 1556 1557 1558 1559 1560 1561 1562 1563 1564 1565 1566 1567 1568 1569 1570 1571 1572 1573 1574 1575 1576 1577 1578 1579 1580 1581 1582 1583 1584 1585 1586 1587 1588 1589 1590 1591 1592 1593 1594 1595 1596 1597 1598 1599 1600 1601 1602 1603 1604 1605 1606 1607 1608 1609 1610 1611 1612 1613 1614 1615 1616 1617 1618 1619 1620 1621 1622 1623 1624 1625 1626 1627 1628 1629 1630 1631 1632 1633 1634 1635 1636 1637 1638 1639 1640 1641 1642 1643 1644 1645 1646 1647 1648 1649 1650 1651 1652 1653 1654 1655 1656 1657 1658 1659 1660 1661 1662 1663 1664 1665 1666 1667 1668 1669 1670 1671 1672 1673 1674 1675 1676 1677 1678 1679 1680 1681 1682 1683 1684 1685 1686 1687 1688 1689 1690 1691 1692 1693 1694 1695 1696 1697 1698 1699 1700 1701 1702 1703 1704 1705 1706 1707 1708 1709 1710 1711 1712 1713 1714 1715 1716 1717 1718 1719 1720 1721 1722 1723 1724 1725 1726 1727 1728 1729 1730 1731 1732 1733 1734 1735 1736 1737 1738 1739 1740 1741 1742 1743 1744 1745 1746 1747 1748 1749 1750 1751 1752 1753 1754 1755 1756 1757 1758 1759 1760 1761 1762 1763 1764 1765 1766 1767 1768 1769 1770 1771 1772 1773 1774 1775 1776 1777 1778 1779 1780 1781 1782 1783 1784 1785 1786 1787 1788 1789 1790 1791 1792 1793 1794 1795 1796 1797 1798 1799 1800 1801 1802 1803 1804 1805 1806 1807 1808 1809 1810 1811 1812 1813 1814 1815 1816 1817 1818 1819 1820 1821 1822 1823 1824 1825 1826 1827 1828 1829 1830 1831 1832 1833 1834 1835 1836 1837 1838 1839 1840 1841 1842 1843 1844 1845 1846 1847 1848 1849 1850
</DataArray></PointData>
      <CellData>
        <DataArray type="Int64" Name="particle_1" NumberOfComponents="1" format="ascii">
1 1 1 1 2 2 2 2 2 3 3 3 3 4 4 4 4 5 5 5 5 6 6 7 7 7 7 8 9 9 9 9 10 10 10 10 11 11 11 11 11 12 12 13 13 13 14 14 14 14 14 15 15 15 15 16 17 17 17 17 17 17 18 18 19 19 19 19 19 20 20 20 20 21 21 21 21 22 22 22 22 24 24 24 24 24 25 25 25 25 26 26 26 26 26 26 27 27 27 28 28 28 28 28 30 30 30 30 30 30 31 32 32 32 33 33 33 34 34 34 34 35 35 35 36 36 36 37 37 38 38 38 38 38 39 39 39 39 40 40 40 40 40 41 41 41 42 42 43 43 43 45 46 46 46 46 47 48 48 48 49 49 49 50 50 50 50 51 51 52 52 52 52 52 52 53 53 53 53 53 54 54 54 54 55 55 55 55 56 56 56 56 57 57 57 58 58 58 58 58 59 59 59 59 60 60 60 61 61 61 62 63 63 64 64 65 65 65 65 66 66 66 66 67 67 68 68 68 70 71 71 71 71 71 71 72 72 72 73 73 73 73 74 74 74 74 75 75 75 75 76 77 78 78 78 78 78 79 80 80 80 81 82 82 82 83 83 84 84 84 85 85 85 86 86 86 87 87 87 87 87 88 88 88 88 89 89 89 89 89 90 90 91 91 92 92 92 92 93 93 93 94 94 94 94 95 95 95 96 96 96 98 99 99 100 100 100 101 102 102 103 103 103 103 103 103 104 105 105 105 106 107 107 107 107 107 107 108 108 110 110 110 111 111 112 112 113 113 113 114 115 115 116 116 116 117 117 117 118 118 118 119 120 120 120 121 121 121 122 122 122 122 123 123 124 126 126 126 127 127 128 128 128 129 129 129 129 130 130 130 130 131 132 132 132 133 134 135 135 135 135 136 136 137 137 137 139 141 142 142 142 142 142 142 143 145 145 145 146 146 147 147 148 149 149 150 150 152 153 153 154 155 156 157 157 158 158 158 159 159 159 161 161 161 161 162 162 162 162 164 165 165 165 166 167 168 168 169 169 169 170 172 172 175 175 175 175 175 176 176 176 177 177 177 177 178 178 178 178 178 178 179 179 179 179 179 179 179 179 180 180 180 180 180 181 182 182 182 182 182 183 183 183 184 184 185 185 185 186 186 186 186 187 187 187 187 188 188 188 188 189 189 190 190 190 191 191 191 191 191 191 192 192 192 192 192 192 193 193 193 193 193 194 194 194 195 195 195 196 196 196 196 197 197 197 197 197 198 198 198 198 198 198 199 199 199 199 200 200 200 200 201 201 201 201 201 202 202 203 203 203 204 205 205 205 205 205 206 206 207 207 207 207 207 208 208 208 208 208 208 208 209 209 209 209 209 210 210 211 211 211 212 212 213 213 214 214 215 215 215 215 216 216 217 217 217 219 219 219 220 221 221 221 222 222 223 224 224 224 224 225 225 226 226 226 227 227 227 228 228 228 229 229 230 231 231 231 231 231 232 232 232 232 232 233 233 233 233 234 235 236 236 236 237 237 238 239 240 240 241 241 241 241 242 242 242 243 243 243 243 245 246 246 246 247 247 247 248 249 250 250 250 250 250 251 251 251 252 252 252 252 252 253 253 253 254 254 254 255 255 258 258 258 258 259 259 259 260 260 261 261 261 263 263 263 265 265 265 266 266 268 268 268 268 268 268 269 269 269 269 269 271 271 272 272 273 273 273 273 274 274 275 276 276 277 278 279 279 280 280 280 280 281 282 282 282 282 282 282 282 282 283 283 283 286 286 286 286 287 289 289 289 289 290 290 291 291 291 291 292 293 293 293 294 294 296 296 296 297 297 298 298 298 299 301 302 302 303 304 304 304 304 304 308 308 308 309 309 309 309 311 311 312 312 313 313 314 314 314 315 315 315 316 316 316 316 319 320 320 320 322 323 324 325 326 327 328 328 328 329 330 330 330 331 332 332 333 333 333 333 334 334 334 334 335 335 335 336 336 336 341 341 344 344 344 345 345 346 346 346 347 348 351 352 352 353 353 353 353 354 354 355 356 357 358 359 360 364 365 365 365 365 365 366 366 368 368 368 369 369 369 371 371 373 373 373 373 374 374 374 374 375 375 375 375 375 376 376 376 376 377 377 378 378 378 378 378 378 378 379 379 379 380 381 381 381 382 382 383 383 383 384 384 384 385 385 386 386 387 387 387 387 388 388 388 388 388 388 388 389 389 389 389 390 390 390 390 390 391 391 391 392 392 393 394 394 394 394 395 395 395 396 396 396 397 397 397 398 398 398 398 399 399 399 400 400 400 400 400 401 401 401 402 402 403 403 403 404 404 404 405 406 406 406 406 407 407 408 408 409 409 409 409 412 412 413 414 414 415 415 415 415 416 416 417 417 417 417 417 418 418 419 419 419 419 420 420 420 420 421 422 422 422 422 422 423 423 425 425 425 426 426 426 426 427 427 427 428 428 429 430 430 430 431 431 431 431 431 432 432 432 432 433 433 433 434 434 434 434 435 435 435 435 436 436 437 437 437 437 438 439 439 439 439 440 440 440 441 441 441 441 441 442 442 442 442 443 443 443 444 444 445 445 446 447 447 448 448 448 448 449 450 450 450 450 451 451 451 453 453 455 455 456 456 458 458 458 458 458 458 458 460 461 462 462 463 463 463 464 464 464 464 464 464 465 465 465 466 466 466 467 467 467 467 467 468 469 469 469 471 471 471 472 472 472 473 473 473 474 474 475 475 475 475 475 475 475 477 478 478 478 478 478 479 479 479 480 480 480 480 480 481 481 482 483 483 484 484 484 485 485 485 485 485 486 486 487 489 491 491 491 491 491 492 492 492 492 493 493 493 494 496 496 496 496 496 497 497 497 498 499 499 502 503 503 503 503 504 504 505 506 506 507 507 508 508 508 509 510 510 510 510 510 510 511 511 511 512 515 515 517 519 519 519 520 520 520 520 521 521 523 524 525 525 526 526 526 527 527 527 528 529 529 531 531 531 532 532 532 533 534 534 535 535 536 537 537 538 538 539 539 540 540 540 540 541 542 542 542 543 544 545 546 547 547 548 550 551 551 551 551 552 553 553 553 553 554 555 555 556 556 558 558 559 560 560 560 560 560 561 561 562 562 562 563 564 564 565 565 565 566 566 566 567 569 569 569 573 574 574 577 578 579 580 581 582 582 586 590 592 593 594 594 594 594 594 594 595 595 596 596 596 597 597 597 597 598 598 598 598 598 599 599 599 599 600 600 600 600 600 601 603 603 603 603 604 604 604 605 605 605 605 605 605 606 606 606 606 606 607 607 607 607 608 609 609 609 610 610 610 611 612 612 612 612 612 612 613 613 615 615 615 615 616 616 616 617 617 617 618 618 618 619 619 619 619 620 620 620 621 621 621 622 622 622 622 622 622 623 623 623 624 624 625 625 625 625 626 626 626 626 626 626 627 627 628 628 628 628 629 629 629 630 630 630 632 632 634 635 635 635 635 635 636 636 636 636 636 636 636 637 637 637 637 638 638 638 638 638 638 639 639 639 640 641 641 641 641 643 643 643 643 644 645 645 645 646 646 647 647 647 648 648 648 648 648 649 650 650 650 650 651 651 652 652 652 653 653 654 654 654 654 654 654 655 655 655 655 655 656 656 657 657 658 658 659 659 659 660 660 661 661 662 662 662 662 663 663 663 663 664 664 664 664 665 665 665 666 666 667 667 667 667 667 668 668 668 668 669 669 669 670 670 670 670 671 671 671 671 672 672 672 673 673 674 674 674 674 676 676 676 676 676 676 677 677 677 678 679 679 679 679 680 680 680 681 681 681 681 681 682 683 683 683 683 684 684 685 687 687 687 690 690 690 690 691 691 693 693 693 693 693 693 694 694 694 695 695 695 695 695 696 696 696 696 697 697 700 700 700 701 701 702 702 702 702 703 703 703 704 704 705 705 707 707 707 708 709 709 710 711 711 712 712 712 712 713 714 714 714 714 714 715 715 716 717 717 717 718 718 718 718 719 719 720 721 721 722 722 722 722 723 724 724 725 725 725 725 725 726 726 726 727 727 727 727 728 729 729 729 730 730 730 731 731 732 732 736 738 739 740 740 740 741 741 741 741 742 742 742 742 743 743 745 745 745 745 745 746 746 746 747 748 748 748 749 750 750 750 750 753 754 754 754 756 757 759 759 760 760 760 763 768 768 769 769 774 774 774 774 775 775 777 777 777 777 777 778 778 778 780 780 781 782 782 782 783 783 784 787 788 788 789 789 790 790 792 795 798 799 800 800 800 800 800 800 803 803 803 804 804 805 805 805 805 808 809 809 809 809 810 810 810 810 810 810 810 811 811 811 811 811 811 812 812 812 812 813 813 813 814 814 814 814 815 815 816 816 816 816 817 817 817 817 817 817 817 818 818 818 818 820 820 820 821 821 821 822 822 822 822 822 822 824 824 824 825 825 825 825 825 826 826 826 826 826 827 827 827 827 828 828 828 829 829 829 829 829 830 830 830 831 831 831 831 832 832 832 832 832 832 833 834 834 834 834 834 834 835 835 835 835 835 836 836 836 836 837 837 837 837 837 838 838 838 838 838 839 839 839 839 840 840 841 842 843 844 844 846 847 848 848 848 848 849 849 850 850 850 850 850 851 852 852 852 853 853 854 854 854 855 855 855 856 856 857 857 857 857 859 859 859 860 860 861 861 861 861 861 862 862 862 862 862 863 863 864 864 864 865 865 865 866 866 866 866 867 867 868 868 869 869 869 869 870 870 870 871 871 871 871 872 872 872 872 873 874 874 875 875 875 875 876 876 876 876 876 876 877 877 877 878 878 878 879 880 880 880 881 881 881 881 882 882 882 882 882 883 884 886 887 888 888 889 889 891 891 893 893 894 894 895 896 896 896 896 897 897 897 898 898 898 898 898 899 899 899 899 900 901 905 905 906 907 907 907 907 907 908 909 909 909 910 910 911 911 912 913 913 913 913 913 914 914 914 915 915 915 916 916 916 916 917 917 917 917 918 918 918 919 919 919 919 921 921 921 921 922 922 922 923 923 924 924 924 924 924 924 927 927 927 927 927 928 928 928 929 930 930 930 930 931 931 932 932 933 933 933 934 934 935 935 936 936 938 938 938 939 940 940 940 941 941 942 944 945 945 946 947 947 947 947 947 948 948 948 948 949 950 950 951 952 952 952 952 953 953 953 953 956 956 957 957 957 957 959 959 960 961 961 961 961 963 963 963 964 964 964 964 965 965 966 966 969 970 970 971 971 971 973 973 973 974 975 976 976 979 979 979 979 980 980 983 983 984 984 984 985 986 989 990 991 991 991 992 993 993 993 994 994 995 996 996 996 997 997 998 1001 1001 1003 1003 1003 1003 1003 1003 1004 1005 1005 1007 1007 1007 1007 1008 1010 1011 1011 1011 1013 1013 1015 1016 1018 1022 1023 1023 1024 1024 1024 1027 1027 1028 1028 1029 1029 1029 1031 1034 1034 1036 1038 1039 1039 1039 1041 1041 1042 1042 1044 1044 1044 1044 1044 1045 1045 1046 1046 1046 1047 1047 1047 1047 1047 1047 1048 1048 1049 1049 1049 1049 1050 1050 1050 1050 1051 1051 1051 1053 1053 1053 1053 1054 1056 1056 1056 1057 1057 1057 1057 1058 1058 1058 1058 1058 1058 1058 1059 1059 1059 1060 1060 1060 1060 1060 1060 1061 1061 1062 1062 1063 1063 1064 1064 1065 1065 1065 1066 1066 1066 1066 1066 1066 1067 1067 1067 1068 1068 1070 1071 1072 1072 1072 1073 1073 1073 1073 1074 1075 1075 1075 1076 1076 1076 1076 1077 1077 1079 1079 1079 1080 1080 1080 1082 1082 1082 1082 1083 1083 1083 1084 1084 1084 1085 1085 1085 1086 1086 1086 1086 1086 1087 1087 1087 1087 1088 1088 1088 1088 1089 1089 1089 1089 1090 1090 1090 1091 1091 1092 1092 1092 1092 1092 1092 1093 1093 1094 1094 1094 1094 1094 1095 1095 1095 1097 1097 1099 1099 1099 1099 1099 1099 1100 1101 1101 1101 1101 1101 1101 1102 1102 1102 1102 1102 1103 1103 1103 1103 1104 1104 1105 1105 1105 1106 1107 1107 1107 1109 1110 1111 1111 1112 1112 1113 1113 1113 1113 1114 1114 1114 1115 1115 1115 1116 1116 1116 1116 1117 1117 1117 1117 1118 1119 1119 1120 1120 1120 1121 1121 1121 1122 1122 1122 1122 1122 1122 1123 1123 1124 1124 1125 1125 1126 1126 1126 1126 1127 1127 1127 1127 1129 1129 1129 1129 1130 1130 1130 1130 1130 1130 1131 1131 1132 1132 1132 1133 1134 1134 1134 1135 1135 1135 1136 1137 1137 1137 1137 1137 1138 1138 1139 1139 1139 1140 1140 1140 1142 1143 1144 1144 1144 1145 1145 1145 1145 1145 1145 1145 1146 1146 1147 1147 1148 1148 1148 1148 1149 1149 1150 1150 1151 1151 1151 1151 1153 1153 1153 1154 1155 1155 1155 1155 1156 1156 1156 1158 1158 1158 1159 1159 1160 1160 1160 1160 1160 1161 1161 1161 1161 1162 1163 1163 1163 1163 1164 1164 1164 1164 1165 1165 1165 1166 1167 1167 1167 1168 1168 1168 1169 1169 1170 1170 1171 1171 1171 1172 1172 1173 1174 1174 1178 1178 1178 1179 1179 1180 1180 1181 1181 1181 1182 1183 1183 1184 1184 1184 1185 1185 1186 1186 1186 1187 1187 1187 1187 1187 1187 1188 1188 1188 1188 1189 1189 1189 1190 1190 1191 1192 1192 1195 1195 1198 1199 1200 1200 1200 1200 1201 1204 1204 1205 1205 1207 1208 1209 1210 1210 1210 1211 1211 1212 1212 1212 1213 1213 1213 1215 1216 1216 1216 1216 1217 1217 1218 1218 1219 1219 1220 1220 1221 1221 1221 1222 1223 1223 1227 1227 1228 1229 1229 1230 1230 1231 1234 1235 1235 1236 1236 1236 1242 1243 1243 1243 1243 1244 1244 1244 1244 1244 1244 1245 1245 1245 1245 1245 1246 1246 1246 1247 1248 1249 1249 1249 1249 1251 1252 1252 1252 1252 1252 1253 1253 1253 1253 1254 1254 1255 1255 1256 1257 1257 1257 1257 1258 1258 1259 1259 1259 1260 1260 1260 1261 1262 1262 1262 1263 1263 1263 1264 1264 1264 1264 1264 1264 1265 1265 1265 1266 1266 1266 1266 1267 1267 1268 1268 1268 1269 1269 1269 1269 1269 1270 1270 1270 1270 1271 1271 1271 1272 1272 1273 1273 1273 1274 1275 1275 1275 1275 1276 1276 1276 1277 1277 1277 1277 1278 1278 1279 1280 1280 1280 1280 1280 1280 1281 1281 1282 1282 1282 1284 1284 1284 1284 1285 1285 1285 1286 1286 1286 1286 1287 1287 1287 1287 1288 1288 1288 1288 1289 1289 1289 1290 1290 1290 1291 1291 1291 1291 1292 1293 1293 1293 1294 1294 1295 1295 1295 1296 1296 1296 1296 1297 1297 1298 1298 1298 1299 1299 1299 1299 1299 1300 1301 1301 1301 1301 1301 1302 1302 1302 1303 1303 1303 1304 1304 1305 1305 1305 1305 1306 1306 1306 1307 1307 1307 1307 1308 1309 1309 1309 1309 1310 1310 1310 1310 1310 1311 1311 1311 1311 1312 1312 1313 1313 1314 1314 1314 1314 1315 1315 1315 1316 1316 1316 1317 1317 1317 1317 1317 1318 1318 1319 1319 1319 1319 1320 1320 1320 1320 1320 1322 1322 1322 1322 1323 1323 1323 1324 1324 1326 1326 1326 1326 1326 1326 1327 1328 1328 1328 1329 1330 1331 1331 1332 1332 1332 1333 1333 1333 1334 1334 1334 1334 1334 1335 1335 1336 1339 1340 1340 1340 1341 1342 1342 1342 1343 1343 1343 1343 1344 1344 1344 1344 1345 1345 1345 1347 1347 1348 1348 1348 1348 1349 1349 1350 1350 1350 1350 1350 1352 1352 1352 1353 1353 1354 1355 1357 1357 1357 1357 1358 1359 1359 1360 1361 1362 1362 1362 1363 1365 1366 1368 1368 1369 1369 1370 1370 1371 1371 1371 1372 1372 1373 1373 1373 1373 1374 1374 1374 1375 1375 1375 1376 1376 1376 1377 1377 1377 1377 1377 1377 1377 1379 1379 1379 1379 1380 1381 1381 1382 1382 1382 1383 1383 1383 1383 1385 1386 1387 1387 1387 1388 1388 1388 1389 1389 1389 1390 1390 1392 1392 1392 1393 1394 1394 1394 1394 1394 1396 1397 1398 1398 1398 1400 1401 1402 1402 1402 1403 1404 1405 1405 1406 1407 1407 1407 1407 1408 1409 1410 1411 1411 1411 1411 1411 1411 1411 1412 1412 1413 1413 1413 1413 1415 1415 1415 1415 1417 1418 1418 1418 1418 1420 1420 1420 1420 1420 1421 1421 1421 1422 1423 1423 1425 1426 1426 1426 1426 1427 1427 1427 1428 1429 1432 1433 1433 1433 1435 1437 1440 1440 1440 1440 1440 1442 1443 1444 1444 1444 1444 1447 1447 1447 1452 1455 1455 1455 1455 1455 1456 1456 1456 1456 1456 1456 1457 1457 1458 1458 1458 1458 1459 1459 1459 1459 1460 1460 1460 1460 1460 1461 1461 1461 1462 1462 1462 1463 1463 1463 1464 1464 1464 1465 1465 1465 1466 1466 1466 1467 1467 1467 1467 1467 1468 1468 1468 1468 1469 1469 1470 1470 1471 1471 1471 1471 1472 1472 1472 1473 1473 1473 1473 1473 1473 1474 1474 1475 1475 1475 1475 1476 1476 1476 1476 1476 1477 1477 1477 1477 1478 1478 1479 1480 1480 1480 1480 1480 1480 1480 1481 1481 1481 1482 1482 1483 1483 1483 1483 1484 1484 1484 1484 1485 1485 1485 1485 1485 1485 1486 1486 1487 1487 1487 1487 1488 1488 1488 1488 1488 1489 1489 1489 1489 1490 1491 1491 1491 1491 1492 1492 1492 1493 1493 1494 1494 1494 1494 1495 1495 1495 1496 1496 1496 1497 1497 1497 1498 1498 1498 1498 1499 1499 1499 1499 1499 1499 1499 1500 1500 1501 1502 1502 1502 1503 1503 1503 1503 1503 1504 1504 1504 1504 1504 1504 1505 1505 1505 1505 1506 1506 1506 1506 1506 1507 1507 1507 1507 1508 1508 1508 1509 1509 1509 1509 1510 1510 1510 1510 1511 1511 1511 1511 1511 1511 1512 1512 1512 1513 1513 1514 1514 1514 1515 1517 1517 1517 1517 1518 1518 1518 1518 1518 1518 1519 1519 1519 1520 1520 1520 1521 1521 1522 1522 1522 1523 1524 1524 1525 1526 1526 1526 1526 1526 1528 1528 1528 1528 1528 1529 1529 1530 1530 1530 1530 1531 1531 1531 1532 1532 1533 1533 1533 1533 1534 1534 1534 1535 1535 1537 1537 1538 1538 1538 1538 1538 1539 1539 1539 1540 1540 1540 1541 1541 1541 1541 1541 1542 1542 1543 1543 1543 1543 1543 1544 1544 1544 1544 1544 1544 1544 1545 1545 1545 1545 1545 1546 1546 1546 1546 1546 1546 1547 1547 1548 1548 1548 1548 1549 1550 1550 1552 1552 1553 1553 1554 1555 1555 1555 1555 1556 1556 1556 1556 1557 1557 1558 1558 1558 1561 1561 1562 1562 1562 1562 1563 1563 1564 1564 1564 1564 1565 1565 1565 1566 1566 1567 1568 1569 1570 1571 1571 1572 1572 1574 1574 1574 1575 1576 1576 1576 1577 1578 1578 1578 1579 1579 1579 1579 1579 1581 1585 1585 1586 1588 1588 1588 1589 1589 1590 1590 1590 1591 1592 1592 1592 1593 1593 1593 1595 1595 1595 1596 1596 1596 1596 1598 1598 1598 1598 1599 1599 1599 1600 1600 1601 1601 1601 1601 1602 1604 1604 1604 1605 1605 1606 1606 1608 1608 1608 1609 1609 1611 1611 1611 1611 1611 1614 1614 1614 1615 1615 1615 1615 1616 1616 1617 1618 1620 1621 1621 1621 1621 1622 1623 1623 1623 1629 1632 1632 1635 1635 1636 1636 1637 1637 1637 1638 1638 1638 1638 1639 1640 1641 1642 1643 1645 1645 1645 1646 1646 1647 1647 1648 1648 1649 1650 1651 1651 1651 1652 1652 1652 1652 1653 1653 1653 1654 1654 1654 1655 1655 1656 1656 1657 1661 1661 1663 1666 1666 1666 1667 1669 1669 1669 1672 1672 1672 1672 1673 1674 1674 1675 1677 1677 1677 1679 1681 1681 1682 1683 1683 1685 1685 1690 1690 1690 1691 1693 1694 1700 1700 1702 1703 1703 1703 1703 1705 1708 1709 1709 1709 1709 1709 1710 1713 1713 1713 1714 1714 1715 1715 1716 1716 1717 1717 1718 1718 1719 1720 1720 1721 1722 1722 1722 1724 1724 1724 1725 1725 1725 1726 1726 1726 1727 1727 1727 1728 1728 1728 1728 1731 1731 1732 1733 1733 1733 1733 1734 1734 1735 1735 1735 1735 1736 1737 1738 1738 1739 1739 1739 1740 1741 1741 1741 1742 1742 1742 1742 1743 1744 1744 1744 1744 1745 1745 1746 1747 1747 1748 1748 1748 1749 1750 1750 1750 1751 1751 1751 1751 1751 1752 1752 1752 1753 1753 1753 1754 1754 1754 1754 1754 1755 1756 1757 1758 1758 1758 1758 1759 1759 1759 1760 1760 1761 1761 1761 1762 1762 1762 1764 1765 1766 1767 1767 1767 1769 1769 1769 1770 1770 1771 1771 1772 1772 1772 1772 1772 1773 1773 1779 1780 1782 1782 1782 1783 1783 1783 1783 1784 1785 1785 1787 1787 1787 1788 1790 1791 1792 1793 1793 1796 1796 1796 1798 1799 1800 1800 1802 1803 1803 1804 1806 1807 1808 1808 1810 1810 1812 1813 1813 1815 1815 1817 1817 1820 1821 1824 1827 1828 1833 1835 1840 1845
</DataArray>
        <DataArray type="Int64" Name="particle_2" NumberOfComponents="1" format="ascii">
98 163 99 63 223 116 14 120 269 45 275 220 364 64 138 362 127 138 264 45 120 27 156 95 143 60 305 303 31 360 306 133 343 92 161 228 135 288 144 24 169 123 270 147 46 322 39 93 128 372 19 16 361 89 267 27 154 40 45 96 275 240 76 119 93 122 276 311 460 168 110 130 255 114 85 219 133 223 123 364 231 362 108 266 112 209 66 64 63 127 144 112 181 372 354 317 47 62 115 108 40 302 364 142 323 340 202 189 54 92 105 49 106 299 154 37 238 141 155 80 167 148 158 157 76 306 218 160 238 71 107 318 110 294 163 81 90 264 48 51 108 45 121 47 131 147 148 170 146 162 108 123 139 168 173 337 361 59 70 146 106 86 285 172 83 272 261 138 108 288 92 169 209 296 260 349 299 335 122 235 115 245 92 188 216 113 358 327 370 266 161 312 79 102 61 72 134 222 351 309 102 146 162 362 95 143 84 141 115 284 141 176 144 135 338 267 214 225 213 151 79 137 338 83 204 70 76 96 154 125 124 140 168 262 132 103 238 206 163 104 83 93 181 93 122 355 80 146 162 370 149 103 152 106 97 163 234 156 114 145 85 164 133 321 287 97 126 116 100 212 274 370 219 125 262 349 303 306 321 203 348 360 133 312 244 361 267 189 246 278 152 295 94 156 166 495 358 254 234 122 272 136 124 256 107 104 165 164 119 218 247 140 138 264 310 292 297 223 284 135 174 123 270 238 220 134 164 114 145 133 172 151 173 340 118 129 113 127 112 132 235 210 256 323 120 317 239 358 253 155 117 202 223 307 310 141 170 158 151 137 166 160 181 372 364 303 275 302 295 352 258 311 174 223 151 204 272 195 138 181 164 204 305 139 340 216 318 318 327 210 402 139 285 349 295 244 212 202 362 166 288 139 173 140 239 176 147 148 275 302 369 514 329 345 204 146 150 370 370 303 256 230 155 150 306 360 303 285 174 257 160 167 202 245 229 274 245 229 257 220 310 274 312 279 342 284 362 288 266 264 174 223 257 338 219 173 262 239 354 260 267 234 299 454 236 444 595 765 295 294 355 289 359 336 497 227 300 344 537 353 502 556 518 393 241 581 445 283 443 183 500 268 298 453 264 188 410 225 277 487 276 269 297 308 407 300 357 346 391 353 438 473 233 386 424 550 245 278 214 228 323 495 355 522 460 194 402 482 392 543 406 322 327 367 459 194 377 312 244 452 341 251 366 325 482 272 307 585 371 476 236 577 240 220 227 587 300 215 423 545 583 304 563 513 333 449 481 326 243 208 418 218 247 313 249 507 284 343 287 221 313 305 266 302 233 452 556 587 357 259 248 487 381 404 268 399 453 555 489 539 490 279 317 260 556 518 356 454 262 349 235 257 351 237 436 342 308 354 575 242 339 323 322 240 319 247 312 244 350 222 328 289 589 231 300 264 498 459 385 250 468 248 334 476 428 247 329 290 254 363 468 350 342 361 329 269 411 301 477 339 298 572 414 688 312 279 363 557 285 356 554 595 773 350 265 319 263 270 247 452 556 289 336 250 584 373 297 453 501 548 343 446 410 315 275 348 507 591 587 254 296 260 584 405 287 513 424 286 405 365 461 398 318 294 366 296 277 347 588 330 272 549 334 316 410 315 528 354 320 549 523 281 355 291 498 350 386 407 314 279 460 423 399 583 368 555 310 276 411 280 326 337 402 523 500 507 332 290 515 284 343 514 372 307 394 410 288 296 372 460 301 339 549 477 300 416 502 403 470 395 378 393 344 471 363 308 347 429 589 452 393 424 571 506 346 366 356 575 392 585 358 366 498 295 352 363 556 347 310 351 460 326 583 549 369 518 393 314 474 563 438 582 521 324 468 576 351 357 501 470 575 423 342 324 348 332 360 321 328 322 446 367 334 423 413 368 587 518 522 474 331 361 386 331 416 337 452 514 393 477 402 554 580 337 571 530 386 336 412 415 356 384 423 382 349 549 588 445 415 471 350 513 345 507 537 518 391 502 529 457 405 507 411 355 356 391 443 572 395 498 575 575 454 470 495 424 370 369 552 394 532 479 480 402 385 380 555 428 518 522 391 549 588 516 545 509 582 550 479 421 456 389 698 456 527 716 380 555 644 558 567 504 416 418 470 395 541 437 601 570 573 649 413 528 494 770 554 444 443 586 473 575 392 559 545 488 429 412 455 462 466 592 584 405 398 509 521 578 569 429 550 661 451 466 752 733 751 542 522 474 443 488 447 514 459 516 405 427 414 431 535 397 484 618 428 701 762 461 421 569 608 585 413 489 691 551 608 732 694 706 531 752 454 505 502 431 457 532 427 531 509 482 488 772 546 429 661 449 653 438 791 611 686 661 481 476 473 422 449 451 573 653 477 501 543 447 466 751 467 572 602 422 715 801 697 506 586 529 735 525 539 437 492 432 710 460 559 568 499 618 559 534 771 762 440 480 531 577 568 524 545 559 447 586 601 508 472 533 688 490 593 484 494 642 614 730 472 678 664 484 574 703 737 552 463 602 730 472 710 688 642 579 615 614 459 487 528 525 573 653 469 657 751 675 663 884 581 537 517 559 765 461 517 495 765 534 462 592 651 724 530 613 763 672 705 550 525 653 585 547 505 567 479 503 465 624 678 604 792 797 628 500 550 580 595 576 524 486 762 686 590 685 784 806 473 791 687 772 511 761 765 751 651 771 753 552 478 604 792 525 573 538 601 767 561 512 492 483 581 512 659 534 611 796 660 590 685 572 551 608 716 732 627 576 532 536 706 531 536 691 712 713 653 516 786 788 490 558 593 624 560 795 599 617 698 491 552 490 734 579 615 633 747 688 520 686 788 567 770 752 642 701 762 753 632 622 571 530 735 545 701 793 586 698 527 633 749 772 706 543 571 515 514 571 535 519 533 691 602 755 631 710 574 620 592 752 692 581 570 529 526 613 786 807 688 762 593 715 569 791 585 698 578 526 551 791 624 608 744 636 567 566 544 562 579 712 591 642 734 699 582 546 586 730 608 586 538 735 624 688 602 609 720 671 1025 548 752 987 674 580 699 575 659 548 755 602 557 578 569 791 627 591 751 753 656 884 588 644 688 557 584 568 728 644 573 735 624 657 763 851 596 770 564 711 583 770 692 698 713 744 570 735 613 772 691 791 796 609 1014 737 773 581 731 595 584 659 611 786 771 634 709 1035 766 727 1018 995 789 765 651 748 682 673 1037 1000 961 774 904 859 961 969 1141 678 795 658 895 751 761 724 903 816 631 776 648 929 935 625 627 787 830 640 883 908 1022 1040 853 721 886 1029 855 678 699 851 775 747 738 649 657 747 758 732 762 639 819 779 739 824 1237 735 807 731 749 902 782 767 748 759 763 967 1017 652 885 645 627 787 681 833 631 767 748 798 879 805 753 784 885 702 808 719 743 806 803 786 792 791 694 685 687 692 761 663 781 858 723 694 982 687 787 925 684 883 877 1040 744 736 937 707 689 761 784 806 662 637 890 716 744 736 780 764 982 937 842 965 740 901 1009 974 1032 983 739 988 803 1032 824 707 743 668 803 831 745 932 997 931 762 689 972 768 692 757 781 858 1000 683 1002 926 989 847 763 972 721 1004 992 773 793 762 885 743 716 708 819 922 1237 966 1005 980 808 972 721 1026 746 784 662 780 1025 833 873 706 691 675 675 802 698 713 704 962 853 863 823 804 777 956 797 759 867 682 825 917 1225 703 737 958 868 1030 841 783 801 1014 803 819 819 813 779 804 681 683 962 798 1025 958 879 763 717 1035 779 739 987 711 804 723 705 775 1017 867 693 983 717 1017 873 786 744 749 756 790 700 1020 868 758 794 745 704 846 851 804 794 926 953 892 965 796 788 760 806 932 900 835 977 733 729 1017 726 974 1018 1033 789 729 802 704 902 782 920 954 989 879 1035 934 995 703 887 790 954 815 765 753 724 884 769 830 728 709 785 729 904 775 766 793 769 808 713 972 1021 1014 757 776 733 987 731 758 736 780 967 833 932 820 806 892 738 967 879 727 764 790 843 932 808 853 736 972 890 757 781 935 821 881 793 903 731 776 782 920 1002 895 845 1016 820 805 845 1157 785 796 758 823 788 767 801 747 794 758 764 738 798 860 853 890 854 831 965 854 1019 858 778 844 894 806 890 764 982 846 843 750 768 1015 875 749 1014 799 779 764 904 900 997 977 793 962 1141 996 902 926 892 955 802 806 925 1025 785 1008 793 830 853 870 814 855 795 1009 823 884 981 962 1037 903 830 968 982 967 821 902 1002 843 943 990 890 842 797 892 1033 898 906 868 967 1017 937 887 1008 1004 922 1232 1001 828 892 965 878 823 981 1030 943 1157 856 809 908 1026 886 1015 844 1000 877 905 1034 827 1176 910 978 960 1175 1065 1198 871 1061 949 1226 887 1008 922 870 1034 880 948 954 912 903 884 858 956 847 1043 1203 852 1064 1233 1085 923 1013 1112 950 835 845 923 946 910 838 1046 864 1077 1106 874 1185 918 860 915 925 895 965 916 1016 945 1141 959 1011 1076 844 1027 960 993 922 1031 1152 933 931 998 1196 1173 968 883 908 1021 890 878 985 917 1023 1224 1108 1082 1042 982 1052 1152 971 1143 1446 1321 900 873 977 1012 1078 948 947 1166 1045 852 913 1088 1193 1132 881 946 910 905 1194 985 1019 1240 1072 860 988 941 904 1020 968 1000 1002 1128 1078 1023 1129 1059 1055 964 1128 949 1064 1076 1168 1009 1194 957 882 1037 890 1029 999 1019 880 1098 1118 1030 991 1203 1081 1175 1088 1020 989 953 861 940 916 1032 1033 1207 930 986 996 917 1225 947 904 870 934 995 942 1041 1112 1046 1015 875 1240 936 1017 955 906 912 1022 1027 1098 936 986 996 999 989 945 976 1064 904 901 977 1012 925 1006 1093 1022 888 973 1238 1098 1118 1195 1090 1105 1135 1037 968 994 887 1004 918 943 1176 975 1010 981 926 1036 1000 1203 1233 1228 1088 1193 894 1037 908 1021 979 944 1196 1097 1096 1028 1005 1031 978 1070 955 1195 1177 1183 1068 920 929 914 1018 942 899 911 1006 1023 1075 1104 1150 925 925 978 1081 958 1019 1138 1214 1108 1080 1037 1238 1133 1170 978 1123 930 1024 1196 1034 957 975 952 1083 954 989 1061 1019 1225 1082 974 1038 1071 928 1012 1078 1112 1224 1038 1019 966 929 935 1203 938 1232 1001 1240 1152 1004 966 980 1030 1046 947 1214 1108 1109 1045 1131 931 949 991 1041 1003 1018 1023 930 1043 1033 1023 1055 1239 941 959 937 1030 954 989 1061 943 951 1036 946 973 1105 1043 939 1062 1123 1237 1110 1202 1030 1196 1157 1100 1020 1128 1123 999 1225 1154 1214 1224 1069 1011 1010 1154 959 959 1120 990 1176 1198 1351 1229 1036 961 1194 969 981 968 1128 1069 1085 1076 977 1013 1007 981 962 1194 1034 994 1162 1090 1110 1239 1101 1117 986 1038 1052 1138 1128 998 1219 1195 1072 1451 1022 1238 1133 1033 1010 1043 1206 1015 985 1001 1240 1005 1031 1033 988 1043 1064 1155 1004 1019 1020 991 1041 1077 1241 1232 1027 1176 1178 1098 1176 1157 1141 1069 1013 1020 1141 1139 1004 1052 1173 1159 1120 1241 1136 1209 1021 1138 1110 1096 1065 1416 1178 1021 1214 1013 1154 1083 1112 1154 1029 1078 1063 1026 1207 1239 1150 1208 1142 1070 1162 1040 1162 1098 1118 1240 1052 1081 1069 1203 1071 1190 1202 1149 1046 1136 1082 1239 1121 1115 1259 1243 1407 1224 1391 1157 1063 1075 1131 1212 1439 1365 1422 1342 1378 1074 1176 1363 1235 1248 1224 1059 1400 1079 1117 1054 1181 1222 1251 1212 1450 1202 1384 1230 1256 1068 1321 1119 1345 1135 1109 1158 1211 1131 1107 1140 1153 1150 1113 1149 1390 1197 1386 1409 1380 1206 1139 1233 1228 1078 1075 1206 1227 1175 1210 1074 1338 1137 1213 1205 1247 1274 1159 1209 1137 1451 1095 1096 1225 1214 1135 1080 1308 1217 1336 1255 1361 1153 1185 1104 1120 1084 1132 1231 1136 1236 1127 1445 1272 1222 1158 1251 1207 1110 1108 1222 1084 1229 1166 1169 1165 1182 1128 1193 1168 1248 1396 1397 1161 1385 1454 1148 1282 1278 1116 1210 1121 1124 1134 1091 1414 1372 1235 1215 1109 1361 1234 1166 1131 1167 1246 1161 1404 1104 1384 1283 1248 1366 1115 1298 1267 1312 1119 1106 1189 1446 1251 1321 1451 1438 1179 1152 1190 1222 1186 1149 1197 1450 1233 1168 1294 1337 1156 1111 1279 1417 1659 1185 1208 1134 1170 1215 1180 1446 1451 1220 1166 1207 1430 1242 1169 1129 1192 1199 1186 1261 1183 1396 1414 1366 1148 1397 1175 1228 1378 1204 1239 1186 1142 1261 1214 1216 1345 1159 1221 1151 1204 1172 1366 1185 1236 1180 1341 1126 1184 1203 1175 1229 1148 1338 1213 1325 1205 1130 1410 1391 1131 1246 1272 1224 1153 1221 1192 1318 1419 1329 1424 1405 1293 1158 1365 1168 1454 1165 1162 1162 1170 1396 1214 1215 1446 1221 1279 1250 1448 1247 1274 1190 1143 1226 1242 1174 1215 1211 1346 1308 1201 1223 1396 1414 1160 1450 1275 1286 1335 1314 1399 1164 1256 1156 1417 1165 1330 1167 1449 1251 1390 1239 1199 1209 1221 1182 1205 1185 1325 1199 1224 1233 1430 1294 1300 1430 1300 1448 1400 1446 1251 1226 1168 1186 1261 1445 1450 1336 1211 1365 1288 1271 1363 1199 1164 1218 1336 1208 1191 1384 1217 1166 1330 1246 1235 1246 1397 1441 1231 1250 1454 1224 1221 1177 1414 1173 1226 1219 1193 1294 1196 1279 1356 1210 1351 1223 1216 1270 1189 1341 1197 1450 1286 1246 1195 1451 1191 1384 1405 1341 1191 1222 1439 1450 1325 1192 1360 1191 1218 1410 1228 1294 1204 1259 1219 1338 1230 1202 1222 1199 1391 1393 1238 1240 1210 1261 1366 1234 1428 1243 1321 1259 1406 1318 1323 1239 1367 1241 1351 1378 1366 1235 1215 1251 1220 1422 1279 1356 1313 1396 1451 1312 1346 1368 1434 1453 1445 1434 1241 1356 1258 1362 1325 1360 1391 1400 1363 1234 1242 1250 1294 1235 1283 1318 1419 1276 1395 1283 1248 1241 1325 1338 1430 1406 1607 1403 1388 1385 1343 1258 1319 1369 1442 1448 1339 1364 1278 1577 1330 1404 1311 1659 1396 1501 1253 1413 1559 1386 1292 1315 1549 1432 1631 1442 1458 1474 1463 1398 1606 1434 1336 1560 1343 1262 1501 1433 1365 1271 1628 1306 1292 1395 1408 1310 1367 1312 1316 1490 1412 1380 1437 1660 1355 1536 1542 1304 1452 1402 1618 1475 1311 1663 1307 1691 1414 1354 1293 1507 1381 1431 1317 1537 1440 1344 1386 1409 1362 1521 1404 1334 1383 1342 1569 1443 1502 1614 1276 1439 1297 1382 1295 1284 1328 1429 1298 1428 1388 1402 1573 1706 1356 1374 1376 1575 1705 1598 1655 1417 1299 1337 1327 1292 1360 1429 1424 1324 1441 1288 1302 1335 1380 1660 1435 1302 1387 1643 1702 1397 1385 1319 1369 1706 1471 1686 1395 1493 1644 1584 1431 1575 1664 1403 1405 1420 1507 1337 1327 1297 1296 1355 1409 1399 1537 1536 1342 1569 1607 1385 1493 1364 1698 1469 1301 1634 1339 1315 1563 1548 1631 1471 1493 1389 1571 1306 1364 1698 1355 1570 1346 1362 1584 1317 1327 1364 1353 1687 1324 1333 1532 1335 1704 1423 1617 1440 1644 1516 1512 1500 1671 1429 1404 1449 1443 1370 1354 1347 1581 1336 1436 1668 1660 1364 1573 1549 1346 1442 1359 1584 1704 1649 1617 1586 1323 1347 1385 1493 1512 1525 1391 1393 1429 1663 1324 1626 1352 1542 1630 1329 1424 1478 1410 1569 1573 1349 1443 1508 1535 1686 1364 1330 1448 1401 1358 1401 1659 1478 1687 1394 1679 1424 1478 1597 1441 1443 1383 1658 1527 1436 1660 1382 1364 1406 1482 1665 1384 1404 1383 1431 1370 1408 1354 1516 1536 1440 1664 1570 1438 1421 1521 1581 1358 1536 1697 1570 1619 1607 1443 1634 1676 1595 1591 1503 1374 1600 1499 1628 1398 1408 1668 1405 1560 1582 1626 1419 1490 1704 1393 1428 1584 1431 1704 1416 1404 1406 1421 1704 1584 1525 1396 1385 1581 1507 1594 1395 1408 1403 1549 1398 1505 1569 1680 1668 1423 1537 1531 1431 1668 1600 1603 1689 1679 1532 1547 1711 1657 1453 1381 1626 1625 1399 1624 1608 1445 1425 1486 1680 1584 1658 1575 1395 1390 1527 1427 1488 1554 1389 1613 1549 1505 1508 1438 1412 1428 1395 1402 1445 1417 1659 1418 1478 1603 1414 1607 1665 1432 1447 1439 1429 1482 1644 1701 1665 1663 1434 1425 1628 1607 1449 1573 1549 1479 1422 1425 1507 1582 1610 1622 1444 1624 1540 1438 1521 1525 1500 1510 1559 1417 1577 1522 1634 1448 1448 1687 1577 1706 1424 1425 1642 1597 1582 1521 1490 1423 1431 1521 1699 1569 1436 1626 1640 1572 1575 1586 1599 1482 1687 1627 1490 1551 1458 1536 1536 1537 1586 1552 1670 1514 1516 1573 1460 1625 1540 1648 1701 1613 1464 1523 1513 1465 1641 1765 1681 1627 1548 1639 1707 1524 1716 1593 1524 1617 1474 1633 1589 1574 1636 1635 1543 1695 1532 1622 1655 1712 1492 1520 1678 1794 1485 1824 1649 1528 1534 1513 1606 1465 1576 1763 1615 1670 1675 1562 1696 1585 1623 1517 1775 1723 1555 1596 1821 1587 1676 1682 1836 1634 1563 1639 1692 1598 1638 1820 1638 1736 1714 1734 1805 1761 1605 1520 1601 1662 1576 1721 1590 1619 1730 1491 1578 1690 1774 1848 1797 1603 1689 1501 1830 1820 1781 1730 1558 1700 1789 1598 1712 1809 1665 1701 1653 1730 1789 1720 1691 1532 1614 1504 1694 1544 1539 1848 1771 1826 1695 1626 1835 1685 1550 1773 1686 1614 1515 1694 1544 1513 1506 1702 1641 1699 1523 1781 1825 1578 1671 1551 1520 1607 1554 1693 1596 1495 1815 1565 1719 1803 1581 1529 1594 1688 1620 1511 1707 1524 1741 1822 1625 1655 1688 1648 1677 1566 1674 1662 1559 1671 1642 1532 1705 1679 1711 1682 1692 1635 1574 1614 1564 1636 1629 1774 1508 1593 1513 1506 1639 1515 1641 1716 1567 1689 1597 1547 1610 1527 1702 1515 1518 1734 1798 1842 1702 1694 1605 1794 1710 1619 1820 1675 1781 1802 1612 1525 1616 1618 1571 1710 1830 1675 1740 1650 1623 1637 1754 1809 1703 1734 1805 1737 1791 1778 1729 1806 1530 1585 1755 1704 1580 1659 1587 1529 1568 1561 1735 1649 1662 1632 1721 1794 1782 1599 1654 1830 1541 1650 1603 1557 1605 1650 1782 1637 1699 1552 1589 1691 1597 1676 1684 1553 1647 1670 1589 1585 1563 1686 1580 1697 1641 1716 1740 1762 1840 1599 1605 1786 1566 1778 1729 1786 1726 1558 1829 1739 1688 1620 1807 1621 1717 1747 1808 1599 1667 1694 1629 1790 1731 1726 1674 1673 1714 1806 1661 1740 1681 1848 1751 1768 1837 1622 1723 1627 1602 1591 1639 1563 1714 1806 1697 1562 1823 1748 1612 1624 1723 1609 1778 1662 1583 1708 1847 1565 1645 1623 1743 1792 1606 1752 1590 1696 1653 1730 1573 1631 1686 1692 1567 1790 1711 1723 1807 1673 1729 1716 1732 1642 1697 1613 1583 1626 1673 1679 1686 1692 1614 1618 1583 1776 1706 1789 1728 1766 1635 1823 1717 1814 1828 1689 1633 1656 1670 1602 1707 1647 1633 1696 1697 1619 1675 1669 1719 1609 1818 1631 1606 1641 1603 1711 1684 1622 1648 1611 1835 1664 1667 1654 1652 1643 1667 1749 1688 1710 1644 1612 1671 1632 1676 1650 1742 1770 1643 1794 1641 1763 1625 1624 1673 1719 1685 1712 1629 1709 1815 1787 1686 1705 1667 1776 1765 1651 1738 1702 1662 1670 1701 1630 1636 1774 1747 1815 1657 1830 1650 1700 1667 1671 1721 1647 1823 1657 1712 1755 1817 1779 1652 1710 1736 1802 1692 1660 1756 1695 1649 1807 1719 1836 1673 1778 1823 1813 1712 1666 1658 1739 1776 1681 1725 1655 1688 1677 1795 1696 1775 1700 1664 1749 1830 1695 1712 1775 1754 1693 1799 1745 1680 1835 1714 1787 1749 1692 1683 1785 1776 1847 1678 1718 1674 1688 1732 1730 1795 1736 1714 1691 1708 1824 1807 1707 1839 1778 1821 1692 1774 1717 1706 1711 1708 1760 1743 1708 1749 1830 1820 1737 1712 1740 1809 1731 1733 1787 1769 1820 1803 1818 1784 1736 1799 1799 1804 1735 1785 1733 1834 1738 1827 1723 1743 1789 1776 1824 1771 1742 1786 1771 1826 1847 1757 1812 1786 1826 1783 1769 1753 1842 1781 1825 1798 1843 1790 1826 1736 1774 1788 1844 1746 1820 1781 1756 1793 1741 1762 1802 1843 1819 1812 1770 1792 1777 1790 1814 1838 1833 1847 1824 1817 1757 1843 1747 1808 1816 1746 1802 1804 1834 1803 1764 1823 1836 1846 1809 1797 1826 1788 1765 1756 1762 1819 1837 1756 1811 1780 1845 1805 1800 1779 1760 1850 1777 1801 1832 1765 1831 1835 1803 1764 1849 1832 1779 1850 1777 1801 1799 1798 1842 1838 1833 1768 1844 1780 1789 1797 1771 1768 1787 1844 1783 1786 1810 1848 1824 1807 1803 1808 1818 1816 1841 1800 1850 1819 1847 1832 1831 1809 1788 1829 1791 1821 1834 1840 1795 1845 1805 1797 1848 1829 1829 1811 1838 1839 1814 1822 1825 1841 1841 1849 1825 1821 1816 1825 1841 1823 1823 1828 1817 1850 1819 1839 1846 1835 1844 1831 1850 1830 1835 1837 1831 1846 1834 1845 1848 1849
</DataArray>
        <DataArray type="Float64" Name="center_distance" NumberOfComponents="1" format="ascii">
0.00159946694457 0.0015996075735 0.00159950269727 0.00159963487117 0.00159986205715 0.00159932191641 0.00159945643803 0.00159932580343 0.00159934220268 0.00159982568026 0.0015997448327 0.00159968513137 0.00159977296993 0.00159987577946 0.00159983318236 0.001599393127 0.00159955700425 0.00159936270704 0.00159962570824 0.00159940722158 0.00159943561734 0.00159972523082 0.00159974227136 0.00159988826342 0.00159997262263 0.00159995786777 0.00159991294383 0.00159956936114 0.00159956085586 0.00159950411462 0.00159940399864 0.00159952057423 0.00159992293791 0.00159984408803 0.0015998470438 0.00159987126168 0.00159965344906 0.00159989425741 0.00159992657853 0.00159972148624 0.00159959814616 0.00159956530889 0.00159927282742 0.00159906912141 0.00159883539412 0.00159856737262 0.00159950462803 0.00159987939541 0.00159930393665 0.00159943270509 0.0015994954558 0.00159922761269 0.00159988456306 0.00159956513819 0.00159936387821 0.00159967810842 0.00159866253507 0.00159902981659 0.0015993740497 0.00159951060945 0.00159915150978 0.00159908795837 0.00159998075924 0.00159994048658 0.00159942793208 0.00159967631343 0.00159970363026 0.00159934617105 0.00159955320538 0.00159917846127 0.00159976726291 0.00159919845751 0.00159941018353 0.00159918895265 0.00159970982106 0.00159919868459 0.0015995227984 0.0015988252351 0.00159938867561 0.00159909900734 0.00159898976106 0.00159933213329 0.00159905235616 0.00159928622156 0.00159949251634 0.0015988429048 0.00159966416616 0.00159961837423 0.00159950575741 0.00159938075715 0.00159996465305 0.00159940499227 0.00159937842336 0.00159944977331 0.0015989978736 0.00159996303336 0.00159933621985 0.00159988302234 0.00159930691843 0.00159927202969 0.00159920462284 0.00159909137528 0.00159931553443 0.0015995616039 0.00159898493382 0.00159933800184 0.0015992967047 0.00159994269578 0.00159965777088 0.00159906915093 0.00159992393971 0.00159963649726 0.00159968932396 0.00159949994687 0.00159949561418 0.00159995165575 0.00159938076121 0.00159981685749 0.0015998949154 0.00159982337604 0.00159997099045 0.00159965438158 0.00159969503694 0.00159984090464 0.00159966443362 0.00159972697553 0.00159961232655 0.00159993794301 0.0015999808188 0.00159945523753 0.0015993337476 0.00159959911338 0.00159971436906 0.00159943351221 0.00159939464322 0.00159981978219 0.00159959937844 0.00159946339635 0.00159908561039 0.00159911791551 0.00159971888262 0.0015998063118 0.00159944379573 0.00159911908448 0.00159981997802 0.00159913013797 0.00159976960859 0.00159955573324 0.00159971447343 0.00159991885251 0.0015997124508 0.00159962485173 0.00159953727425 0.0015988584506 0.00159976449472 0.00159940048741 0.00159932597233 0.00159940345313 0.00159938634325 0.00159939505144 0.00159966436948 0.00159956867698 0.00159963246343 0.00159945214481 0.00159963380516 0.00159925293609 0.00159993503403 0.00159970768365 0.00159877091653 0.00159960717847 0.0015992486716 0.00159971837271 0.00159931820356 0.00159980391888 0.00159971578879 0.00159956717121 0.0015994816236 0.00159996629886 0.00159935712362 0.0015997513995 0.00159938451887 0.00159971185915 0.00159934487275 0.00159934214112 0.00159978206149 0.00159988720069 0.00159986210376 0.00159978661648 0.00159953306524 0.00159973603766 0.00159989551942 0.00159956852492 0.00159989542276 0.00159993140811 0.00159987616626 0.00159953371745 0.00159967723939 0.0015996999463 0.00159976071465 0.00159951936156 0.00159946813257 0.00159978699904 0.00159978933431 0.00159946763126 0.00159971467208 0.00159975865659 0.00159890337969 0.00159980432492 0.00159983829877 0.00159992563197 0.00159991482227 0.00159946273386 0.00159989842105 0.00159933421815 0.00159993327855 0.00159914286628 0.00159954113866 0.00159966198782 0.00159936656314 0.00159997277159 0.00159980431579 0.00159928628085 0.00159993183115 0.00159972481187 0.00159972065592 0.00159968923766 0.00159947980494 0.00159957182144 0.00159944367218 0.00159861951914 0.00159923016676 0.00159902917028 0.00159855196681 0.00159980965316 0.00159904242902 0.00159980433504 0.0015995044795 0.00159972299637 0.00159924513306 0.00159921289003 0.00159903810777 0.00159884218988 0.00159909261642 0.00159929134313 0.0015993353607 0.00159963040614 0.00159949376293 0.00159940027354 0.00159906817685 0.00159969532886 0.00159958713452 0.00159910268101 0.00159987983729 0.00159974651171 0.00159969705342 0.00159964928878 0.00159984235549 0.00159978018842 0.00159957814787 0.00159957486024 0.00159919958958 0.00159999630014 0.00159981261597 0.00159991337581 0.00159985108896 0.00159971086872 0.001599919378 0.00159869421275 0.00159907525904 0.00159942190882 0.00159939922391 0.00159968236697 0.0015992298652 0.00159945109255 0.00159978948463 0.00159945330974 0.00159921134761 0.00159914217326 0.00159990477786 0.00159954488342 0.0015990400886 0.00159933263546 0.00159969826858 0.00159931514932 0.00159963236644 0.00159943467899 0.00159959469631 0.00159988977064 0.00159930189561 0.00159949588433 0.0015995742 0.00159955575948 0.00159965658658 0.00159964939695 0.00159916267874 0.00159988296468 0.00159969719248 0.00159879491839 0.00159961684441 0.00159957874682 0.00159930698723 0.00159955358356 0.00159992781771 0.00159982514 0.00159923817905 0.00159955454429 0.00159955085299 0.0015999261425 0.00159996660964 0.001599729499 0.00159953492972 0.00159928941488 0.00159971978203 0.00159954397943 0.00159967560978 0.00159930660429 0.00159951515094 0.00159921346168 0.00159938602454 0.00159945344478 0.00159930541886 0.00159947889725 0.00159950752978 0.00159980617494 0.00159910515036 0.0015992839956 0.0015999223388 0.00159989876444 0.00159992197495 0.0015999911607 0.00159939596445 0.00159938683734 0.00159969181942 0.00159939807416 0.00159984932292 0.00159988399012 0.00159945111042 0.0015991490069 0.00159948660508 0.0015995540606 0.00159977349511 0.0015995569198 0.00159985152829 0.00159908176356 0.0015994803471 0.00159992620286 0.00159963403782 0.00159974012307 0.00159970272894 0.00159980880447 0.00159970079013 0.00159967829042 0.00159887689543 0.00159942405827 0.00159971702806 0.00159967168123 0.00159996964565 0.00159974974292 0.00159927044787 0.00159963588332 0.00159922193389 0.00159993645128 0.00159980562906 0.00159977423567 0.00159970914275 0.00159941923013 0.00159963952539 0.00159925835915 0.00159910999901 0.0015998255485 0.00159939932705 0.00159920081058 0.00159952710178 0.00159949156944 0.00159960787561 0.00159957307236 0.0015993754789 0.00159995166368 0.00159960845399 0.00159902720078 0.00159999354152 0.00159930152287 0.0015999563186 0.00159952638675 0.00159965235611 0.00159966877792 0.00159961663958 0.00159951236118 0.00159925879398 0.00159949337604 0.00159927827519 0.00159961074731 0.00159960686106 0.00159989630302 0.00159913631021 0.00159987581737 0.00159950228048 0.00159953530887 0.00159964124814 0.00159943446798 0.00159948054921 0.00159949193434 0.00159971897444 0.00159927954263 0.00159929535558 0.00159953058619 0.00159957506936 0.00159978484196 0.00159962923692 0.00159994814771 0.00159979526085 0.00159988462881 0.00159969694201 0.00159955024318 0.00159956389317 0.00159970166714 0.00159952576776 0.0015997559925 0.00159962164927 0.00159928738347 0.0015998630944 0.00159992549132 0.00159979408344 0.00159913363359 0.00159932053113 0.00159935177819 0.00159946215874 0.00159994176448 0.00159984033445 0.0015998379281 0.00159932114708 0.0015999051903 0.00159960189185 0.0015996029542 0.00159986251586 0.00159955071688 0.00159972711316 0.00159952576779 0.00159980658383 0.00159959453297 0.00159960599516 0.00159977699963 0.00159976434673 0.00159949099126 0.00159955515894 0.00159955994712 0.00159968057383 0.00159954111716 0.0015992711004 0.00159991768458 0.0015997209261 0.00159914989295 0.00159971862061 0.00159997752663 0.00159995352608 0.00159981918409 0.00159971561025 0.00159951421287 0.00159968512377 0.00159979323931 0.00159957446913 0.00159973171393 0.00159974086608 0.00159935172064 0.00159976040945 0.00159978281529 0.00159956756384 0.00159953573659 0.00159976656012 0.00159968066125 0.00159934100019 0.00159982183037 0.00159967553786 0.00159971030569 0.00159971681063 0.0015990644155 0.00159939649146 0.00159958803846 0.00159924409786 0.00159906423496 0.0015996144557 0.00159951146678 0.0015994106202 0.00159955336941 0.00159975376823 0.00159955726243 0.00159959489155 0.0015996731263 0.00159934841322 0.00159965892289 0.00159968571518 0.00159968456783 0.00159962820403 0.00159949227809 0.00159946167344 0.00159938693946 0.00159951433977 0.00159960141783 0.00159925949018 0.00159965182064 0.001599610817 0.00159980635613 0.00159951606121 0.0015993775412 0.00159970504724 0.00159973168462 0.0015996340955 0.00159956179555 0.00159917364583 0.00159937793346 0.00159928710734 0.00159927079328 0.00159949436449 0.00159976877194 0.00159959757052 0.00159946574946 0.00159954161976 0.00159894859345 0.00159935918767 0.0015993972174 0.0015998832739 0.00159990357283 0.0015992751016 0.0015993206225 0.00159943446495 0.00159974136901 0.00159994589255 0.00159988568678 0.00159966837403 0.00159970735206 0.00159990124451 0.00159858506042 0.00159906814549 0.0015998843885 0.00159856410713 0.00159962543252 0.00159913367661 0.00159961625202 0.00159906738134 0.00159897928062 0.00159966405898 0.00159972353027 0.00159955842281 0.00159958019751 0.00159973101175 0.00159942442218 0.00159944836147 0.00159940039072 0.00159962998401 0.00159974100604 0.00159969758396 0.00159973210988 0.00159924875955 0.00159917962292 0.0015993659832 0.00159947172586 0.00159915936316 0.00159975569791 0.00159880642579 0.00159930720558 0.00159986859695 0.00159904219758 0.00159993266481 0.00159947900984 0.00159966385395 0.00159944852082 0.00159944230498 0.00159970834225 0.00159965520903 0.00159967322749 0.00159983903178 0.00159961662262 0.00159935842811 0.00159974374775 0.00159988404756 0.00159877984784 0.00159937890542 0.00159969005842 0.00159976774671 0.00159943602841 0.00159963727638 0.00159996159099 0.00159939729283 0.00159931957996 0.00159936342152 0.00159954513966 0.00159967249108 0.00159986219891 0.00159975970389 0.00159943193236 0.00159972629593 0.0015997178948 0.00159980524888 0.00159937110588 0.00159944112224 0.00159926666444 0.00159908581902 0.00159940969096 0.00159948051202 0.00159893089382 0.0015998821026 0.00159948497527 0.00159995275272 0.00159941878006 0.00159911577985 0.00159910877595 0.0015995358768 0.00159970445009 0.00159981864369 0.00159993163008 0.00159973593856 0.00159983892721 0.00159945200949 0.00159918375851 0.00159916826113 0.00159940152266 0.00159936437679 0.00159955404198 0.00159978852526 0.00159949596405 0.00159938430877 0.00159922913162 0.00159930281132 0.0015992514248 0.0015999226182 0.00159926817706 0.0015993545532 0.00159969397285 0.00159899781048 0.00159976965537 0.00159965355419 0.00159959382021 0.00159989468668 0.00159978703773 0.00159966642202 0.00159917998903 0.00159915732924 0.00159895767648 0.00159985391922 0.00159934442708 0.00159964773068 0.00159969741407 0.00159952553584 0.00159995982102 0.00159955008234 0.00159912386125 0.00159964468825 0.00159948666597 0.00159966398142 0.0015994903305 0.00159970935631 0.00159944380288 0.0015993697754 0.00159991750366 0.0015997043996 0.00159968565071 0.0015999235179 0.00159992352249 0.00159905094409 0.00159932368995 0.00159939823851 0.00159919196435 0.00159962750346 0.00159895283294 0.00159927296896 0.00159961417893 0.00159940213823 0.00159976036677 0.0015996892756 0.00159967006542 0.00159979339457 0.00159971746744 0.00159983714298 0.00159925632332 0.00159966696786 0.00159978558932 0.00159934315877 0.00159916462618 0.00159944903245 0.00159931370773 0.00159916811946 0.00159975975559 0.00159927566192 0.00159960029286 0.00159964045963 0.00159964310886 0.00159927367748 0.00159942522002 0.00159967699823 0.0015994566534 0.00159961321785 0.00159994806138 0.0015999702403 0.00159925934179 0.00159942795152 0.00159946629219 0.00159937906357 0.00159984979236 0.00159988582197 0.00159917466334 0.00159969809445 0.00159923780813 0.00159947030708 0.00159914174002 0.00159980393171 0.00159984923153 0.00159965681897 0.00159918286611 0.00159938774732 0.00159939970269 0.00159968401193 0.00159939749915 0.00159981525837 0.00159967720855 0.00159953911364 0.00159953748877 0.00159928918705 0.00159962344744 0.0015995392265 0.00159953852546 0.0015989902685 0.00159927125972 0.00159928910856 0.00159899110043 0.00159959472558 0.0015991915159 0.00159922134417 0.00159940150981 0.0015997191097 0.00159979814425 0.00159979873414 0.00159994901729 0.00159970297018 0.00159947690034 0.00159956930093 0.00159952852234 0.00159916606848 0.00159972339395 0.00159951926361 0.00159958243085 0.00159953400236 0.00159930717119 0.00159937394 0.0015999237068 0.00159992650379 0.00159952763704 0.00159962778997 0.00159997704505 0.00159995690768 0.00159960021093 0.00159932002616 0.0015998402437 0.00159986130537 0.00159984701573 0.00159954265321 0.00159962313414 0.00159971677746 0.00159948181278 0.00159962156805 0.00159941075966 0.00159966033929 0.00159939821077 0.00159972091852 0.00159991637757 0.00159921915119 0.0015996080304 0.00159947678376 0.00159959050866 0.00159951985441 0.00159983950266 0.00159993153373 0.00159948516592 0.00159993271113 0.00159914736569 0.00159923533099 0.00159950119236 0.00159966433821 0.0015990008719 0.00159963776855 0.00159959593954 0.00159953782355 0.00159912065632 0.00159939602291 0.00159898766227 0.0015994825753 0.00159937719463 0.00159964594939 0.00159935381344 0.00159998065603 0.00159940277392 0.00159955732943 0.00159967649711 0.00159926740491 0.00159986034088 0.00159964681019 0.00159975450538 0.00159973859695 0.00159989099325 0.00159950099239 0.00159927748068 0.00159977093738 0.00159983109563 0.00159982342649 0.00159978763229 0.001599557441 0.0015996584049 0.00159945402905 0.00159985112407 0.00159966883007 0.0015994960521 0.00159946610926 0.00159954748978 0.00159986680287 0.00159929442506 0.00159991606543 0.00159946180687 0.00159906419551 0.00159972521596 0.00159946391929 0.0015999915643 0.001599477297 0.00159949306841 0.001599177891 0.00159941164189 0.00159961916605 0.00159975498895 0.00159950444344 0.00159965746829 0.00159968797709 0.00159945209973 0.0015993710351 0.0015991191993 0.00159955074893 0.00159938280954 0.00159970440919 0.00159960018931 0.00159948485238 0.00159991374718 0.00159954893151 0.00159904299601 0.00159991682859 0.0015999328224 0.00159935494817 0.00159895266493 0.00159876618847 0.00159933089934 0.00159983607471 0.00159972796694 0.00159983831093 0.00159967101509 0.00159983994886 0.00159897632736 0.00159950833913 0.00159990145577 0.00159935990324 0.0015993231883 0.00159958619448 0.00159954743678 0.00159969484799 0.00159970603536 0.00159969464426 0.0015997329175 0.00159955638193 0.00159994193429 0.00159983858961 0.00159958294123 0.00159910041561 0.00159924064564 0.00159940217001 0.00159935256892 0.0015991390583 0.00159962274786 0.00159972837415 0.00159972485397 0.00159967068039 0.00159960961656 0.00159966465309 0.0015996370373 0.00159957096019 0.00159933231689 0.00159946694159 0.00159947319138 0.00159935320685 0.00159868893855 0.0015988946007 0.00159946483215 0.00159953546837 0.00159955024421 0.00159943883101 0.00159991579741 0.00159968644901 0.0015992843889 0.00159991066766 0.00159963669335 0.00159958076832 0.00159970539809 0.00159969800349 0.00159941146936 0.00159945361089 0.00159929135158 0.00159937369506 0.0015996523756 0.00159939670601 0.00159988533477 0.00159991318374 0.00159975561741 0.00159968881772 0.00159910099694 0.00159881474374 0.0015993407115 0.0015995994976 0.00159990561972 0.00159879990606 0.00159960462056 0.00159973127153 0.00159959058526 0.00159947121771 0.00159947721336 0.00159938328846 0.00159973047853 0.00159918533084 0.00159958868046 0.00159966894273 0.0015996204356 0.00159918326676 0.0015992666934 0.0015996614432 0.00159951705958 0.00159951379148 0.00159985983297 0.00159987773194 0.00159958007618 0.00159936005228 0.00159992965863 0.00159970789809 0.00159940301207 0.00159976322476 0.00159988179583 0.00159951395241 0.00159951345582 0.0015992470643 0.00159941445718 0.00159953458204 0.00159985444635 0.00159935128009 0.00159996730347 0.00159988159186 0.00159909877507 0.0015995837936 0.0015995304252 0.00159884304789 0.00159971085867 0.00159980139107 0.00159980361352 0.00159985286633 0.00159978997994 0.00159971190374 0.00159977462058 0.00159942728594 0.0015993526521 0.00159944630619 0.0015994869242 0.00159946621029 0.0015997298339 0.00159977146895 0.00159992451392 0.00159966089144 0.00159976362456 0.00159948142393 0.00159964860243 0.00159953363478 0.00159987776539 0.00159923097259 0.00159934593952 0.00159959686053 0.00159966784617 0.00159927061001 0.00159952147583 0.00159949462599 0.00159962568938 0.00159963958907 0.00159954573929 0.00159958100607 0.00159953305321 0.00159972403784 0.00159920758855 0.0015992340196 0.00159964933331 0.00159941795609 0.00159965497609 0.00159961555539 0.00159997262392 0.00159937351618 0.00159967817742 0.00159900386711 0.00159962104458 0.00159920641348 0.00159916984736 0.00159940356702 0.00159945892184 0.00159994603619 0.00159979026322 0.00159973060698 0.00159978753658 0.00159942073931 0.00159958336696 0.00159951493549 0.00159969013698 0.00159995593876 0.00159949721126 0.0015992919631 0.00159904753252 0.00159895217881 0.00159968474622 0.00159961630506 0.0015996567043 0.00159976005849 0.00159965093356 0.0015996295513 0.0015998639779 0.0015997616051 0.00159977705788 0.00159938472378 0.00159920671573 0.00159963351578 0.00159894416459 0.00159992886329 0.00159955300791 0.0015999751939 0.00159945598271 0.00159930394949 0.00159991806448 0.00159999240381 0.00159993276505 0.00159991504978 0.00159955363328 0.00159952231019 0.00159985235053 0.00159935747181 0.00159947961021 0.00159918397254 0.00159941731646 0.00159960834781 0.00159970428366 0.00159970396537 0.00159973365932 0.0015996975408 0.00159938587116 0.00159949578939 0.00159966088609 0.00159922022165 0.00159965114341 0.00159996626596 0.001599577827 0.00159932596343 0.00159916578358 0.00159916335758 0.0015994047759 0.00159942640148 0.00159968398594 0.00159974797869 0.00159942732516 0.00159971496885 0.00159990792707 0.00159945968158 0.00159976627401 0.00159916790427 0.00159924549071 0.00159919208261 0.00159986013504 0.00159918203494 0.00159935331587 0.00159927772704 0.00159938880166 0.00159926950619 0.00159980455273 0.00159926747318 0.00159995420463 0.00159956244641 0.00159938259749 0.00159973606406 0.00159990856101 0.00159981675355 0.00159984579095 0.00159912708048 0.00159976929803 0.00159884541935 0.00159959415268 0.00159943174755 0.00159983323524 0.00159952089261 0.0015996596257 0.001599508885 0.00159871479349 0.00159918758456 0.00159992506238 0.00159941157529 0.00159953518135 0.00159952149776 0.00159943280189 0.00159941641532 0.00159978604906 0.00159993614909 0.00159992916857 0.0015999576213 0.0015998703171 0.00159940072681 0.00159943806515 0.00159981975136 0.00159947064391 0.00159936638007 0.00159943481572 0.00159995495521 0.00159872923942 0.00159952748451 0.00159934441437 0.00159948225051 0.0015992462777 0.00159952460881 0.00159912136561 0.00159966537491 0.00159990556923 0.0015993845018 0.00159993761995 0.00159910409774 0.00159936097625 0.00159904657961 0.00159967013653 0.00159962734969 0.00159932768336 0.00159942926272 0.00159968909815 0.0015997315501 0.00159965782245 0.00159967784752 0.00159968740883 0.00159983223467 0.00159966143145 0.00159958692604 0.0015996642848 0.00159976361675 0.00159958696645 0.00159963704274 0.00159988678939 0.00159956546257 0.00159982117207 0.0015997520913 0.0015997948918 0.00159979571847 0.00159969261371 0.0015993038264 0.00159952036142 0.00159948056354 0.00159964462718 0.00159954558451 0.00159962649902 0.00159945424082 0.00159965131476 0.00159960786445 0.0015998669431 0.00159924252445 0.00159923350473 0.00159989610392 0.00159987334302 0.0015993352441 0.00159920880836 0.00159913611737 0.00159928272009 0.00159951257411 0.00159991722413 0.00159925114557 0.00159971294466 0.00159978616565 0.00159974225972 0.00159974528106 0.00159985631253 0.00159989860553 0.00159945888753 0.00159940713429 0.0015995288427 0.00159994732853 0.0015996878825 0.00159928845913 0.0015996906849 0.00159915284514 0.00159944258712 0.00159940735537 0.00159922462906 0.00159976055288 0.001599091532 0.00159972189183 0.00159955137411 0.00159929856625 0.00159982315042 0.00159953509836 0.00159961639037 0.0015997467268 0.00159945929912 0.00159982919985 0.00159937393832 0.00159899082027 0.00159931750503 0.00159948201581 0.00159985115095 0.00159923659685 0.00159973759996 0.00159919354961 0.00159982014498 0.00159966337851 0.00159991801285 0.00159985551099 0.00159987214278 0.0015998760336 0.00159992566496 0.00159991022618 0.00159993428648 0.00159992620685 0.00159929339402 0.00159937039292 0.00159957905976 0.00159923348433 0.00159945660527 0.00159979941207 0.00159983123276 0.00159951085182 0.00159990704981 0.00159955982727 0.00159968629046 0.00159992749211 0.00159893715834 0.00159917356023 0.00159951928944 0.00159919297808 0.00159973456649 0.00159953765404 0.00159955560293 0.00159961989592 0.00159960754026 0.00159987005932 0.00159926102685 0.00159910150165 0.00159914665472 0.00159954154645 0.00159954086185 0.00159933428173 0.00159930539703 0.00159935274483 0.0015993296394 0.00159960584046 0.00159951794514 0.00159946039939 0.00159985237617 0.00159957489809 0.00159966555908 0.00159951239113 0.00159957320964 0.00159942456392 0.00159958948517 0.00159965554355 0.00159971006268 0.00159990009477 0.00159980928538 0.00159879470767 0.00159913889444 0.0015993819859 0.00159982866616 0.00159920731666 0.0015993670391 0.00159904533938 0.00159943277281 0.00159951735722 0.00159965108072 0.00159949500952 0.00159971966432 0.00159999080015 0.00159989052826 0.00159973379293 0.00159975971339 0.00159937915682 0.00159939991854 0.00159976237942 0.00159989419075 0.00159959734979 0.00159926442322 0.00159989579239 0.00159976040587 0.00159977146722 0.00159893666256 0.00159949608251 0.00159995807202 0.0015995473873 0.00159987123382 0.00159936240901 0.00159988393982 0.00159981526293 0.00159969948264 0.00159973754252 0.00159973317462 0.00159958311682 0.00159977956782 0.00159950869834 0.0015997094378 0.00159970507077 0.00159982713571 0.00159892631959 0.00159911398167 0.00159912161796 0.00159959792185 0.00159962506266 0.00159954347693 0.00159973469249 0.00159988736912 0.0015994731585 0.00159934825451 0.00159943985594 0.00159909388865 0.00159903757103 0.00159962144309 0.00159975740897 0.00159972416829 0.00159904804571 0.00159963093733 0.00159987613951 0.00159875952798 0.00159947312248 0.0015991508323 0.00159982500742 0.00159956969274 0.00159963365324 0.00159963361437 0.00159987880205 0.00159995833881 0.00159946142793 0.00159945813902 0.00159999288554 0.00159911272639 0.00159897944881 0.00159982840649 0.00159886054342 0.00159950747436 0.0015993569423 0.00159970495779 0.00159990341632 0.00159992152926 0.00159992612796 0.00159992341851 0.00159986787837 0.00159995149739 0.00159964655535 0.00159971912275 0.00159991225988 0.00159946245484 0.00159995746043 0.00159995152963 0.00159991048811 0.00159934966278 0.00159966833414 0.00159946798286 0.00159955516819 0.00159976273196 0.00159946520686 0.00159990403642 0.00159929038577 0.0015992308956 0.00159925684396 0.00159956000915 0.00159974972381 0.00159937120627 0.0015992996787 0.00159973880028 0.00159913025122 0.00159965214319 0.00159970902342 0.00159924286591 0.0015991066941 0.00159893720352 0.00159941168699 0.00159913110645 0.0015991367911 0.00159948232511 0.00159942361984 0.00159961867556 0.00159969540627 0.00159881980672 0.00159995906905 0.00159977027211 0.00159962763412 0.00159990528355 0.00159992104317 0.00159993993195 0.0015998215441 0.00159966628824 0.00159968665096 0.0015992100173 0.0015990553679 0.00159922844436 0.00159988480889 0.00159953183676 0.00159906733846 0.00159991145192 0.00159969197785 0.0015995292718 0.0015998239229 0.00159976780903 0.00159965807046 0.00159936510949 0.0015993886805 0.00159904864732 0.00159991426116 0.00159992596435 0.00159885834785 0.00159926639789 0.00159977066972 0.00159910801024 0.00159967952059 0.00159975307515 0.00159906755633 0.00159979723067 0.00159955646598 0.00159957578874 0.00159994664044 0.00159957784289 0.00159957407039 0.00159939774564 0.00159977633013 0.00159947923504 0.0015993017823 0.00159942973653 0.00159934819643 0.00159983370563 0.00159971593704 0.00159951791551 0.00159973151308 0.00159957070889 0.0015994307074 0.00159980207483 0.00159963779607 0.00159964844299 0.00159990606703 0.00159987612049 0.00159949293689 0.00159924484663 0.0015992680732 0.00159952974403 0.00159950641856 0.00159963458143 0.00159951210378 0.00159952268057 0.00159942548622 0.00159970089708 0.00159935111092 0.00159966020675 0.00159918726221 0.00159981183977 0.00159937620369 0.00159964254234 0.00159994731803 0.0015995522714 0.00159957598618 0.0015991910996 0.00159951057863 0.0015995036966 0.00159937358386 0.00159930073773 0.00159964237773 0.00159993760721 0.001599915119 0.00159993110836 0.00159995815645 0.00159998782011 0.00159915717349 0.0015998753766 0.00159970644629 0.0015996087222 0.001599424824 0.00159949486652 0.00159979991138 0.00159970385325 0.00159995442431 0.00159926207463 0.0015994235628 0.00159944136146 0.00159953948612 0.00159988581882 0.00159989394219 0.00159989397534 0.00159977341218 0.00159968235432 0.00159948428802 0.00159938776652 0.00159994502069 0.00159962266814 0.00159986537301 0.00159973437869 0.00159950743149 0.00159961344213 0.00159980449489 0.00159992228831 0.00159977668648 0.00159958002483 0.00159985976723 0.00159961960477 0.00159943521624 0.00159937277629 0.00159994669644 0.00159965615033 0.00159941131232 0.00159980210141 0.00159995334906 0.0015999228319 0.00159994911966 0.00159924015657 0.0015991295132 0.00159958887048 0.00159947906838 0.00159968246603 0.00159953303033 0.00159941755407 0.00159907630358 0.00159915924985 0.00159912734325 0.00159941747626 0.00159965194892 0.00159933841996 0.00159932953911 0.00159980085021 0.00159982944108 0.00159963486639 0.00159938043627 0.00159990802606 0.00159988425924 0.00159993292 0.00159979702462 0.00159946313639 0.00159946685889 0.00159944494199 0.00159978274385 0.00159994860861 0.0015996675929 0.00159954703588 0.00159952175315 0.00159985041549 0.00159999552775 0.00159939880663 0.00159972803667 0.0015992186276 0.00159920632256 0.00159936810333 0.00159950394419 0.00159996585206 0.00159957673636 0.00159968024227 0.00159973025952 0.00159995195723 0.00159942983455 0.00159970944873 0.0015996251097 0.00159965439254 0.001599522528 0.00159989776556 0.0015994731036 0.00159958734718 0.00159970477991 0.00159967814723 0.00159941523791 0.00159928569713 0.00159963840715 0.00159936330991 0.00159908493609 0.00159954574831 0.00159969942045 0.0015990474665 0.00159907429062 0.00159985885667 0.00159977083714 0.00159967333701 0.00159982274078 0.0015998410562 0.00159958014919 0.00159961652245 0.00159945820977 0.00159940531508 0.00159982392401 0.00159943603684 0.00159916830717 0.001599406965 0.00159962119983 0.00159986466719 0.00159983759324 0.00159987604133 0.00159979931453 0.00159967749976 0.00159927421081 0.00159936411002 0.00159993711469 0.00159918698015 0.00159912021307 0.00159987205446 0.00159950469294 0.00159978476602 0.00159978969629 0.00159976321533 0.00159967786234 0.00159997541165 0.00159927448686 0.00159930171356 0.00159976900425 0.0015995263016 0.00159923394664 0.00159950331372 0.00159926450597 0.00159911771978 0.00159961708341 0.00159960792649 0.0015998232831 0.00159945122927 0.00159959642948 0.00159963271697 0.00159993660355 0.0015999270127 0.00159964760952 0.0015995417859 0.00159867863068 0.0015991905089 0.00159883510043 0.00159988070477 0.00159932109253 0.00159948061378 0.00159965878631 0.0015993835335 0.00159994043754 0.00159991925252 0.00159985925386 0.00159994134668 0.00159960341306 0.00159971931158 0.00159976740788 0.00159991767904 0.00159995310921 0.00159968460292 0.00159967194735 0.00159984690589 0.00159984719617 0.00159976585583 0.00159943675599 0.00159873935264 0.00159900537646 0.00159937901058 0.00159972594912 0.00159967082573 0.00159977611759 0.00159956196337 0.0015993502332 0.00159967910062 0.0015994371216 0.00159993271956 0.00159940664061 0.001599500238 0.00159980590275 0.00159930655238 0.00159920402994 0.00159942567409 0.00159989266155 0.00159960613471 0.00159992627768 0.00159897174656 0.00159917760766 0.00159956590754 0.00159968790879 0.00159923585417 0.00159976939662 0.0015998731392 0.00159948279641 0.0015995021392 0.00159976174123 0.0015997767834 0.00159973378034 0.001599615029 0.00159966295391 0.00159908235991 0.00159989634807 0.00159949429439 0.00159960942837 0.0015995007213 0.00159965137659 0.00159951814858 0.00159923526066 0.00159896576827 0.00159922015387 0.00159992053296 0.00159994338107 0.00159957344054 0.00159926080468 0.00159944895413 0.00159966400755 0.00159985813575 0.00159938408296 0.00159996104684 0.00159953898061 0.00159970377948 0.00159942345792 0.00159939775131 0.00159970074142 0.00159951108792 0.00159988493704 0.00159956068997 0.00159856544319 0.00159946055843 0.00159979435303 0.00159973633229 0.00159953112355 0.00159948492497 0.00159965589695 0.00159953340669 0.00159994645065 0.0015993113021 0.00159968523107 0.00159978965081 0.00159977638102 0.00159973766677 0.00159960559482 0.00159988810807 0.00159987780611 0.00159986950697 0.00159995331434 0.00159970458692 0.00159951653746 0.00159972840336 0.00159979359428 0.00159995176363 0.00159942491011 0.00159960902432 0.00159968485748 0.00159964225398 0.00159984394658 0.00159975726992 0.00159986914423 0.0015995525448 0.00159952663376 0.00159908484311 0.0015993194903 0.0015997551797 0.00159974523682 0.00159944667168 0.00159981832214 0.00159913674116 0.00159998679425 0.00159918636553 0.00159917039509 0.00159912986997 0.00159946991521 0.00159933589472 0.00159934744379 0.00159988080112 0.0015989116512 0.00159939021048 0.00159917797365 0.00159924546177 0.00159905399493 0.00159974445544 0.00159902861013 0.00159893870349 0.00159964829881 0.00159973649407 0.00159967885144 0.00159924356835 0.00159950911554 0.00159944962638 0.00159944099424 0.00159874691191 0.00159930279974 0.00159893248182 0.00159941986339 0.00159937888261 0.00159986879913 0.00159970489578 0.00159973173193 0.00159974795545 0.00159960564074 0.00159962465753 0.00159983449981 0.00159958335934 0.00159951432018 0.00159971359497 0.00159916187596 0.00159939172412 0.00159974449863 0.00159942169958 0.00159997254067 0.00159977729478 0.00159991689969 0.00159989786516 0.00159926371998 0.00159952579476 0.00159995487868 0.00159958769721 0.00159976039123 0.00159994398339 0.00159958134103 0.00159890670841 0.0015995697959 0.00159991492651 0.00159942535481 0.00159936622503 0.00159923713174 0.00159948484819 0.00159938871001 0.00159973794757 0.00159954389817 0.00159952433295 0.00159987327974 0.00159984725463 0.00159971800979 0.00159950593712 0.00159975196373 0.00159986943658 0.00159953188022 0.00159945352532 0.00159959502216 0.00159936801996 0.00159967847555 0.00159942960905 0.00159954390566 0.00159926321059 0.00159918176938 0.00159992600264 0.00159948476136 0.00159952862735 0.00159928451366 0.00159907915247 0.00159944017277 0.0015994405382 0.0015991226369 0.00159954206048 0.00159960997148 0.00159928238102 0.00159956612333 0.00159959518065 0.00159985493901 0.00159965156789 0.00159883786128 0.0015996816126 0.0015999473102 0.00159971631386 0.00159991234852 0.0015991680491 0.00159986138956 0.00159991969805 0.00159993650008 0.00159951331486 0.0015994357108 0.00159950714983 0.00159945904979 0.00159951501158 0.00159924311481 0.00159900615994 0.0015994477665 0.00159945188045 0.00159984631636 0.00159962758387 0.00159909320253 0.00159960282929 0.00159938986072 0.00159990619784 0.00159990679495 0.00159972075618 0.00159931177554 0.00159975282433 0.00159976825878 0.0015992603175 0.00159943038742 0.00159978258634 0.00159952609974 0.00159990177609 0.00159981858372 0.00159952819935 0.00159964528332 0.00159968749099 0.00159936406932 0.00159957072808 0.00159991537474 0.00159932637037 0.00159915130733 0.00159934563317 0.0015997029973 0.00159982657417 0.00159901290758 0.00159979028939 0.00159989899283 0.00159924161815 0.00159962614626 0.00159992085459 0.00159960458251 0.0015999500878 0.00159982707813 0.00159990235382 0.00159932229459 0.00159885631525 0.00159951158101 0.00159958800439 0.00159952068943 0.00159966306949 0.00159960079481 0.00159993437414 0.00159951445545 0.00159966352231 0.00159952676306 0.00159966344735 0.00159996075705 0.00159950419935 0.00159947199429 0.00159931694115 0.001599360565 0.00159990262591 0.00159919207444 0.00159967246851 0.00159914639354 0.00159940521207 0.00159944406006 0.00159964140439 0.00159963333236 0.00159948350973 0.00159958365007 0.00159987023303 0.00159955809945 0.00159956277647 0.00159992294891 0.00159981927539 0.00159959492001 0.00159973891155 0.00159913165298 0.00159910537693 0.00159989683935 0.0015998022572 0.00159993472142 0.00159994748511 0.0015997565317 0.00159936062011 0.00159935146689 0.00159991254905 0.00159956482017 0.00159930876443 0.00159951454278 0.00159942710628 0.0015997479321 0.00159945497875 0.00159953975024 0.00159925304647 0.00159941686211 0.00159980206433 0.00159965486502 0.00159945946211 0.00159993770861 0.00159924309178 0.0015997897333 0.00159967193121 0.00159944489857 0.00159934923417 0.0015995968263 0.00159974680945 0.00159964752174 0.00159972904489 0.00159945360393 0.00159949239707 0.00159951595969 0.00159950911132 0.00159960492202 0.00159946695277 0.00159947687693 0.00159957728214 0.00159983681368 0.00159934439525 0.00159967273138 0.00159994129938 0.00159955419451 0.00159948884998 0.00159963183967 0.00159956126501 0.00159956293452 0.0015998504053 0.00159987524523 0.00159993823328 0.00159989424924 0.00159942587174 0.00159921875508 0.00159924100671 0.00159976364787 0.00159988553225 0.00159917565008 0.00159992542372 0.0015997567675 0.00159890972377 0.00159877393431 0.00159957992907 0.00159924748617 0.00159959214121 0.00159959677086 0.00159970418074 0.00159972690492 0.00159958527195 0.00159993700956 0.00159984220317 0.00159948133368 0.00159997188597 0.00159979201906 0.00159994039717 0.00159953831007 0.00159938729932 0.00159959852946 0.00159970031739 0.00159960254582 0.00159985129082 0.0015991286156 0.00159984388926 0.00159976337539 0.00159975714557 0.00159982949431 0.00159948484207 0.00159964515989 0.00159938031247 0.00159996267206 0.00159952962528 0.00159960274092 0.00159990284827 0.00159937388988 0.00159987342013 0.00159917426636 0.00159931668828 0.00159967197146 0.00159975245093 0.00159933901087 0.00159994615228 0.00159993186384 0.00159976480095 0.00159959520664 0.00159932280574 0.00159976051396 0.0015997345464 0.00159991662394 0.00159965064783 0.00159931316208 0.00159950430249 0.00159947119794 0.00159958718405 0.00159989578259 0.00159977193825 0.00159982539512 0.00159938105525 0.00159946077313 0.00159965876461 0.00159958361914 0.00159957525051 0.00159914002423 0.0015993731235 0.00159966914254 0.00159927110661 0.0015989402648 0.00159955749134 0.00159961282299 0.00159977791792 0.00159966452369 0.00159978459639 0.00159953004389 0.00159991837705 0.00159951530315 0.00159947525416 0.00159906816587 0.00159917629159 0.00159936026386 0.0015996208811 0.00159950056578 0.00159978099437 0.00159938301657 0.0015994092002 0.00159957362763 0.00159974661833 0.00159928410319 0.00159957398794 0.00159968562324 0.00159946957846 0.00159947520429 0.00159973487887 0.00159983451655 0.00159963934041 0.00159991924435 0.00159990068577 0.00159980924876 0.00159979094413 0.00159991301014 0.00159999774515 0.00159984269224 0.00159983080604 0.00159990701335 0.00159990261753 0.00159991694546 0.0015999240657 0.00159994945139 0.00159993172617 0.00159983126265 0.00159982193355 0.00159946694167 0.00159954897814 0.00159967207374 0.00159978506825 0.00159885188516 0.00159941439175 0.00159972256215 0.00159968132868 0.00159965954216 0.00159963178476 0.00159975733337 0.00159967023738 0.00159995735513 0.00159985237197 0.00159971298377 0.00159976029732 0.00159990131592 0.00159993209442 0.00159935868409 0.00159980401204 0.00159995831291 0.00159938355689 0.00159937290368 0.00159974465858 0.00159930661084 0.00159952799204 0.00159981222872 0.0015995192838 0.00159947222714 0.00159913108795 0.0015992346922 0.00159940321877 0.00159978062402 0.00159935401999 0.00159955110539 0.00159967076896 0.00159993377811 0.00159988235952 0.00159987572376 0.00159928071066 0.00159959575487 0.0015992260895 0.00159971423032 0.00159971034092 0.00159968536557 0.00159973525187 0.00159994354107 0.00159934502667 0.00159945825618 0.00159993822954 0.00159943681662 0.00159961803861 0.00159988255563 0.00159972319898 0.00159975910994 0.00159998754233 0.00159992124059 0.00159988796596 0.00159996427601 0.00159933707642 0.00159979523475 0.00159996449478 0.00159940023913 0.00159989863137 0.00159998301691 0.00159954544915 0.00159951911296 0.00159957428211 0.0015995851835 0.00159977706159 0.00159988673581 0.00159948199866 0.00159962328309 0.00159985584302 0.0015996239304 0.00159962627392 0.00159963945134 0.00159976774725 0.00159943086195 0.00159991698783 0.00159984398966 0.00159991324751 0.00159966168592 0.0015992535842 0.00159941218502 0.00159941264106 0.00159982086034 0.00159951554082 0.00159942289579 0.0015997865185 0.0015998537517 0.00159981840898 0.00159974631119 0.00159973492664 0.00159970401775 0.00159953999203 0.00159983346403 0.00159938056076 0.00159971226861 0.00159988886469 0.00159973227296 0.0015995281993 0.00159996662784 0.00159925621937 0.00159947386965 0.00159971951203 0.00159971895377 0.00159963689013 0.00159967286479 0.00159950968683 0.00159991045898 0.00159967174207 0.00159969962072 0.00159956494377 0.00159981034829 0.0015995891507 0.00159961267425 0.00159949859003 0.00159942022742 0.00159965653677 0.00159981574392 0.00159958644331 0.00159986601665 0.0015999449253 0.00159994192344 0.00159994925365 0.00159998454433 0.00159989109268 0.00159958726594 0.00159967909936 0.0015995926723 0.00159929614294 0.00159985012395 0.00159936424377 0.00159951557068 0.00159969505185 0.00159971315734 0.00159925441362 0.00159941774915 0.00159939481845 0.0015993429559 0.00159963090127 0.00159960401978 0.00159969684357 0.00159992484864 0.00159982714473 0.00159948670146 0.0015991189033 0.00159940446499 0.00159961607341 0.00159923395763 0.00159974268807 0.00159950592802 0.00159947767092 0.00159955273623 0.00159968359205 0.00159943900501 0.00159976493476 0.0015997868653 0.00159991115767 0.00159959454622 0.00159976484491 0.00159974072829 0.00159967629434 0.00159996175934 0.00159994357512 0.00159990986391 0.00159991852619 0.0015997519511 0.00159953770372 0.00159965288204 0.00159974654014 0.00159982858197 0.0015999060041 0.00159992728465 0.00159933917983 0.00159978883432 0.00159979490626 0.00159959427426 0.00159973534481 0.00159958039534 0.0015993433523 0.0015993905936 0.00159991593969 0.00159993420288 0.00159992483973 0.00159992051812 0.00159954416063 0.00159985820551 0.00159962977922 0.00159994310199 0.00159969671586 0.00159960378935 0.0015999191613 0.00159969742674 0.0015997109889 0.00159972260369 0.00159998719979 0.00159994739261 0.00159950327696 0.00159919269649 0.00159974165102 0.0015994654954 0.00159967781298 0.00159929563381 0.00159955577749 0.00159946209884 0.0015998965712 0.00159953425774 0.00159921869891 0.00159920445248 0.00159926600547 0.0015994827189 0.00159963041493 0.0015996072476 0.00159957851627 0.0015995740694 0.00159950259349 0.00159991030519 0.00159878667799 0.00159957165215 0.00159951762661 0.00159956925074 0.00159986097182 0.00159953419541 0.0015995039768 0.00159933053944 0.00159947239487 0.00159945932365 0.00159956428553 0.00159966102531 0.00159972729574 0.00159993222275 0.00159990516917 0.00159974102016 0.0015999484057 0.0015997970129 0.00159962398112 0.00159981635677 0.00159991007134 0.00159966237123 0.00159991978538 0.00159930172202 0.00159993682804 0.0015997317213 0.00159948762507 0.00159954841219 0.00159986807169 0.00159932348341 0.00159951231515 0.00159919713376 0.00159981597739 0.00159967783547 0.00159950910191 0.00159991504202 0.00159991121765 0.00159994328925 0.00159984890075 0.00159951150102 0.00159977116425 0.0015997161398 0.00159961460035 0.00159942138957 0.00159941854235 0.00159978923433 0.00159965229192 0.00159959825727 0.00159982391759 0.00159974107184 0.0015999475441 0.00159955044233 0.00159965741886 0.00159958119925 0.00159986160422 0.00159993862598 0.00159977256626 0.00159983186145 0.00159960640303 0.00159998675399 0.001599952026 0.00159994785591 0.00159994765919 0.00159873418599 0.00159982491413 0.00159957192672 0.00159997531137 0.00159946807632 0.00159979548188 0.00159952975982 0.0015990774667 0.00159983864947 0.00159947277653 0.00159958581204 0.00159980383061 0.00159992924384 0.00159935944874 0.00159976393254 0.00159942712421 0.00159980611395 0.0015996402044 0.00159987219441 0.00159998973274 0.00159965077871 0.00159936689415 0.00159978650033 0.00159994965483 0.00159905654852 0.00159954844674 0.00159944076564 0.00159997000567 0.00159961901732 0.001599939691 0.00159962811907 0.00159957737133 0.00159972943071 0.00159996358425 0.00159994211528 0.00159945621059 0.00159962128876 0.00159946558019 0.00159981432659 0.00159942885815 0.00159966588575 0.00159956833498 0.00159956299712 0.00159969103465 0.00159960425854 0.00159939429404 0.00159974644382 0.00159928361165 0.00159961013909 0.00159971552618 0.00159932460273 0.00159994802562 0.00159992934701 0.00159915591898 0.0015995881811 0.00159965611365 0.00159929719726 0.00159945546719 0.00159940011179 0.0015994922264 0.00159948971325 0.00159963237382 0.00159982633709 0.00159973870469 0.00159989976464 0.00159991336131 0.00159999051236 0.00159991663772 0.00159980749282 0.00159959220976 0.00159954868473 0.00159981031603 0.00159964999836 0.0015997438276 0.00159993510959 0.00159968686057 0.0015998056989 0.00159992653106 0.00159993926175 0.00159993008859 0.00159980863117 0.00159989284421 0.00159985985155 0.00159974994312 0.00159941161139 0.00159994072228 0.0015999754267 0.00159974939952 0.0015995705807 0.00159992633526 0.0015995996111 0.00159988670327 0.0015999292498 0.00159954681391 0.00159991599184 0.00159994176599 0.00159969117271 0.00159959944603 0.00159997247439 0.00159986121884 0.0015998881826 0.0015994852924 0.00159959389542 0.00159964162033 0.00159947890919 0.00159962076705 0.00159947002209 0.00159979518759 0.00159993080605 0.00159992263039 0.00159995789349 0.0015999777262 0.00159971930638 0.00159965641423 0.00159991549194 0.00159994687881 0.00159997913889 0.00159976001791 0.00159932315755 0.00159969462531 0.00159949150529 0.00159957046948 0.0015999256602 0.00159961721703 0.00159955319325 0.0015995588347 0.00159985541286 0.00159921227464 0.00159971852859 0.00159961269487 0.00159968029087 0.00159996730537 0.00159969295447 0.00159977726187 0.0015998444365 0.00159955854889 0.0015992680919 0.00159972777368 0.0015994669114 0.00159967016173 0.00159959062533 0.00159961755036 0.00159950859544 0.00159975808923 0.00159972476423 0.0015994285818 0.0015996839732 0.00159987347926 0.00159972302037 0.00159978976624 0.00159990875482 0.0015994576987 0.00159980305296 0.00159963050211 0.00159974375872 0.00159967520129 0.00159965317193 0.00159971322435 0.00159965659463 0.001599805349 0.00159962854302 0.00159962494366 0.00159950223996 0.00159934005646 0.00159948375305 0.00159941819397 0.00159966617447 0.00159978957436 0.00159949210383 0.00159958378897 0.00159987331789 0.00159961217353 0.0015996864773 0.00159986100498 0.00159935910487 0.00159937052471 0.00159969665476 0.00159988990659 0.00159964958149 0.00159945494974 0.00159986238691 0.00159991064422 0.00159996361931 0.00159941205524 0.00159953271852 0.00159985971392 0.0015994500102 0.00159984486296 0.00159968345312 0.00159991045241 0.00159974709076 0.00159981265547 0.0015994560122 0.00159949508701 0.00159967006987 0.00159956806266 0.00159923677328 0.00159988890528 0.00159994083242 0.0015996291092 0.00159958820488 0.00159953801612 0.00159956009379 0.00159938922626 0.00159980815153 0.00159957803803 0.00159936021236 0.00159953085588 0.00159987567345 0.00159947664008 0.00159969269111 0.00159975809298 0.00159980706145 0.00159965847529 0.00159974717829 0.00159967255365 0.00159975438617 0.00159989784122 0.00159964711956 0.00159986692928 0.00159984573723 0.00159983143851 0.00159978663373 0.00159974965136 0.00159981596016 0.00159978102071 0.0015997358336 0.00159987526451 0.00159977962286 0.00159972983712 0.00159974714805 0.00159965864288 0.00159989199193 0.00159991394492 0.00159995841398 0.0015999797573 0.00159975033153 0.00159970807046 0.00159960750367 0.00159930434435 0.00159970926704 0.00159990857464 0.00159935427018 0.00159934214436 0.00159934159843 0.0015994656084 0.00159984209815 0.00159920391797 0.00159992561134 0.00159991482449 0.00159990336505 0.00159954895459 0.00159935884858 0.0015995384916 0.00159996271031 0.00159987541199 0.00159969919874 0.00159963900866 0.00159966151434 0.00159965455908 0.00159955654261 0.00159970878014 0.00159951907854 0.00159972315766 0.0015997288535 0.0015994831115 0.00159972469019 0.00159997962725 0.00159951206084 0.00159957670958 0.00159947562685 0.00159959522739 0.00159982700388 0.00159955752741 0.0015995734974 0.00159978176157 0.00159957526685 0.00159962447343 0.00159945262952 0.00159978770046 0.00159980312203 0.00159966523241 0.00159991073849 0.00159979491919 0.00159974712338 0.00159950075589 0.00159941258813 0.00159975320214 0.00159953472323 0.00159982242724 0.00159943931918 0.00159960611182 0.00159951129448 0.00159996549932 0.00159962710284 0.00159934429908 0.00159935385852 0.00159936954721 0.00159972787463 0.00159943467333 0.00159949139773 0.00159939312618 0.00159988790264 0.00159993266788 0.00159935022494 0.00159983065764 0.00159980652165 0.00159958282017 0.00159967536387 0.00159966827864 0.00159991375899 0.00159964364563 0.00159937813079 0.00159986359538 0.00159992043266 0.00159997400748 0.0015999338373 0.00159980866059 0.00159979813758 0.00159963935059 0.00159966345304 0.0015996583406 0.00159979303989 0.00159974979182 0.00159991066163 0.00159994653994 0.00159950221291 0.00159943462963 0.00159964960386 0.00159971601624 0.00159971463188 0.00159969836063 0.00159959154563 0.00159963221792 0.00159980002188 0.00159970161591 0.00159997851951 0.00159959592836 0.00159947659346 0.00159915316767 0.00159975109134 0.00159946428377 0.00159963802652 0.00159978373558 0.00159955121984 0.00159960121118 0.00159958141454 0.00159966162391 0.00159971705027 0.00159992137695 0.00159971048089 0.00159958493229 0.00159945443247 0.00159978833268 0.00159981181489 0.00159953839463 0.00159943410739 0.0015998519986 0.00159977990006 0.00159995078763 0.00159949456933 0.00159977033437 0.00159980358766 0.00159972384829 0.00159973304696 0.00159973506104 0.00159968241024 0.00159962315554 0.00159997736702 0.00159961339755 0.00159967193415 0.00159950597251 0.00159960825391 0.00159949708145 0.00159957223381 0.00159994751959 0.00159954046155 0.00159956776183 0.00159993736165 0.00159982487647 0.00159980808563 0.00159971229341 0.00159949113149 0.00159974907771 0.00159969694307 0.00159987219555 0.0015999141345 0.00159983403432 0.00159993623301 0.00159993605898 0.00159993515568 0.00159992883027 0.00159997474131 0.00159994786133 0.00159974029065 0.00159981820876 0.00159986786163 0.00159997711139 0.0015998766748 0.00159991901695 0.0015999364561 0.00159970536475 0.00159979724855 0.00159970051865 0.00159995599187 0.00159963779575 0.00159948278133 0.0015998587822 0.00159994760669 0.00159977504912 0.0015999616226 0.00159964190695 0.00159949471644 0.00159950383351 0.00159932747197 0.00159930490515 0.00159988672858 0.00159983808574 0.0015998296422 0.00159985952341 0.00159961624917 0.00159988847993 0.00159968238131 0.00159984727398 0.00159958951085 0.00159957886948 0.00159985715147 0.00159949508571 0.00159980391499 0.00159958195317 0.00159931411311 0.00159952198399 0.00159975423271 0.00159972385365 0.00159990314946 0.00159913923678 0.00159969676162 0.0015997200682 0.00159985064902 0.00159979802425 0.00159978960735 0.00159983686033 0.00159983656975 0.00159995406615 0.00159949164367 0.0015993330778 0.0015994814418 0.00159953965193 0.00159983075767 0.00159990445476 0.00159992560011 0.00159998055221 0.00159978228226 0.00159945747097 0.00159974269976 0.00159986860724 0.00159965508554 0.00159982943879 0.00159988773052 0.00159998688247 0.0015998419988 0.00159985713013 0.00159944979804 0.00159954579162 0.00159963228852 0.0015998992996 0.00159975577213 0.00159971956985 0.00159952830135 0.00159991049794 0.00159992741092 0.00159961450434 0.00159961711074 0.00159979542403 0.00159978349943 0.00159963489702 0.00159977786128 0.00159963463312 0.00159965045383 0.00159984443393 0.00159985508134 0.00159992109991 0.00159991660856 0.00159972114547 0.00159975251327 0.00159993035094 0.0015995291095 0.00159979593149 0.00159958278368 0.00159980558279 0.00159994461953 0.00159977785817 0.00159958784934 0.00159964539104 0.00159964394284 0.00159971460453 0.00159952775792 0.00159969851356 0.00159985792904 0.00159964629294 0.00159966677072 0.00159963494202 0.00159953338342 0.00159984083414 0.00159986216442 0.00159965580689 0.00159947138223 0.00159950930928 0.00159962365091 0.00159957130906 0.0015999104468 0.00159966605524 0.00159952487283 0.00159969481147 0.00159978238739 0.00159945341951 0.00159979958572 0.0015998586227 0.00159984997692 0.00159993401131 0.00159972483898 0.00159976748879 0.00159986353871 0.00159983952146 0.00159973426627 0.00159986658674 0.00159964825823 0.00159976703187 0.0015999312668 0.00159970573889 0.0015998389166 0.00159987898294 0.0015999296084 0.0015999515866 0.00159984448407 0.00159970570797 0.00159974072554 0.00159968378014 0.0015997247438 0.00159956829939 0.00159999312852 0.00159991633828 0.00159943456785 0.00159975270289 0.00159962512565 0.00159995592155 0.00159967286086 0.00159976090974 0.00159948521142 0.00159975589911 0.0015996392149 0.00159960054145 0.00159977178068 0.00159970038424 0.00159951733351 0.00159995111367 0.00159962260005 0.0015996879014 0.00159995534848 0.00159965596128 0.00159969599251 0.00159983984398 0.00159975855839 0.00159961007283 0.00159992621502 0.00159975463706 0.00159970964846 0.00159973153753 0.00159988192566 0.00159954597471 0.00159957245779 0.00159955295876 0.00159921592208 0.00159965275554 0.00159932995145 0.00159964531986 0.00159984950532 0.0015997278357 0.00159982466391 0.00159969738011 0.00159971401811 0.00159999189987 0.00159983211846 0.00159982044244 0.0015996662705 0.00159954108904 0.00159969989701 0.0015997575168 0.00159981607781 0.001599899251 0.00159950722167 0.00159986593173 0.00159959602129 0.00159981845741 0.0015996905038 0.00159987448626 0.0015997558365 0.00159953788026 0.0015996347904 0.00159968965381 0.00159965562633 0.00159970336967 0.00159968820171 0.00159969556178 0.00159969115606 0.00159975977217 0.00159965205475 0.0015998871425 0.00159973159262 0.00159969722153 0.00159947908401 0.00159953788127 0.00159991699408 0.00159989253044 0.00159981879515 0.00159980953866 0.0015999576202 0.00159970079687 0.0015998968322 0.00159990246893 0.00159986707309 0.00159985903476 0.00159976031556 0.00159976986259 0.00159972770128 0.00159971030353 0.00159958373527 0.00159991151775 0.00159959122339 0.00159983467505 0.00159970539238 0.00159982696716 0.0015997762466 0.00159974189625 0.00159985717778 0.00159989573312 0.00159988978056 0.00159976494971 0.00159969750324 0.00159973568645 0.00159980074275 0.00159984310404 0.00159982114943 0.0015997751692 0.00159986301072 0.00159964791996 0.00159981486596 0.00159960146594 0.00159998773071 0.00159950727568 0.00159981512949 0.00159974731609 0.00159988955468 0.0015996842244 0.00159978653882 0.00159958393886 0.00159974633737 0.00159987470345 0.00159978614948 0.00159959572523 0.00159948974105 0.00159968176189 0.00159948890218 0.0015999295459 0.00159971737257 0.00159959674166 0.0015997299394 0.00159968936544 0.00159965366198 0.00159990790291 0.00159960827399 0.00159977752275 0.00159993675328 0.00159961455891 0.00159966379731 0.00159983275902 0.0015999116838 0.00159995169781 0.00159994605331 0.00159992880525 0.00159998399241 0.00159972768843 0.00159993843359 0.0015999808896 0.00159976386125 0.00159964515272 0.00159938035543 0.00159966785732 0.00159975735981 0.00159951450101 0.00159987772998 0.00159957443929 0.00159940268077 0.00159986343684 0.00159980653974 0.001599953985 0.0015998137363 0.00159976894435 0.00159989538501 0.00159975822948 0.00159982580198 0.00159966147841 0.00159964953543 0.00159921587754 0.00159952928641 0.00159938588701 0.00159941111542 0.00159980165987 0.00159994193248 0.00159990287274 0.0015996147847 0.00159963087163 0.00159953651076 0.0015998154636 0.00159946842771 0.00159948269561 0.00159974461214 0.00159975828789 0.00159985675563 0.00159992769227 0.0015998584346 0.0015996274013 0.00159955353175 0.00159982053598 0.0015998377925 0.00159978591314 0.0015995656461 0.00159984733687 0.00159982760326 0.00159973374862 0.00159984480652 0.0015994918662 0.00159987552363 0.00159962885742 0.00159985182822 0.00159972689562 0.00159978769913 0.00159979248999 0.00159988177627 0.00159982588008 0.0015998916468 0.00159979379848 0.00159949917676 0.00159957911179 0.00159962314377 0.00159966122822 0.00159977826332 0.00159966969539 0.00159962206331 0.00159994718615 0.00159958166827 0.00159971257469 0.00159965786599 0.00159964244731 0.00159996509313 0.00159992962875 0.00159992974018 0.00159984363056 0.00159957369044 0.00159960941189 0.00159959956748 0.00159960609903 0.0015999079212 0.00159984837855 0.0015999240026 0.0015998846637 0.00159973897391 0.00159974220613 0.00159985924864 0.00159974286953 0.00159986313292 0.0015996104323 0.00159966196355 0.00159966050972 0.00159955445845 0.00159963077167 0.00159987259021 0.00159980364739 0.00159914329704 0.00159955145453 0.00159909509961 0.00159970778227 0.00159986057018 0.00159970558293 0.00159989518753 0.0015995514906 0.00159999037697 0.00159957932184 0.00159993125965 0.00159963500577 0.0015997447304 0.00159957650812 0.00159968183139 0.00159996967092 0.00159971355732 0.00159981200915 0.00159994863156 0.0015997668441 0.00159970160066 0.00159984426594 0.00159985252469 0.00159983436897 0.00159978472392 0.00159985123379 0.00159989575836 0.00159970877903 0.00159978389134 0.00159976463191 0.00159988453649 0.00159967793875 0.00159989709645 0.00159994419703 0.0015996563084 0.00159982525967 0.00159984974853 0.00159960474421 0.00159993968026 0.00159995698771 0.00159993035752 0.00159991544344 0.0015996690704 0.00159974225951 0.00159977423974 0.001599866464 0.00159964267411 0.0015997207989 0.00159959622393 0.00159987733086 0.00159980274848 0.00159971773297 0.00159982708747 0.00159945946453 0.00159951250767 0.001599871464 0.00159980044157 0.00159994486692 0.00159954709629 0.00159976889492 0.00159989865503 0.00159992751652 0.00159991731396 0.00159990060331 0.00159955762616 0.00159991362947 0.00159975074027 0.00159994747253 0.00159948189309 0.00159980177699 0.00159939303998 0.00159964097749 0.00159947592283 0.00159951166548 0.00159962925124 0.00159977765933 0.00159947942861 0.00159972653829 0.00159974966943 0.00159978302478 0.00159950185352 0.00159958679947 0.00159984504386 0.00159942713523 0.00159987955361 0.00159980192153 0.00159981734567 0.00159987534482 0.00159964363174 0.00159958688506 0.00159993123193 0.00159979524302 0.00159990037514 0.0015995993034 0.0015995731827 0.00159984855364 0.00159988339529 0.00159985760114 0.0015999119835 0.00159981786827 0.0015996851396 0.0015998103393 0.00159966998725 0.0015996197228 0.00159989301801 0.00159967424521 0.00159991705374 0.00159981609655 0.00159973080148 0.00159977592655 0.0015998599754 0.00159927715787 0.00159966383932 0.00159991168631 0.00159950077101 0.00159953014069 0.00159973449634 0.00159991415203 0.00159982705604 0.00159986832592 0.00159974241034 0.00159973526092 0.00159998642201 0.00159966750597 0.00159960714485 0.00159980502847 0.00159988518273 0.00159992438 0.00159971973936 0.00159970902982 0.00159980705307 0.00159965391763 0.00159952527029 0.00159960893126 0.00159964307788 0.00159986803822 0.00159972141072 0.00159973551785 0.00159969243963 0.00159980237148 0.00159987315636 0.00159972237178 0.00159984615548 0.00159971028225 0.00159983543115 0.001599556271 0.00159974216866 0.00159985382125 0.00159988017477 0.00159983407136 0.00159997523948 0.0015998340943 0.0015999693761 0.00159976493357 0.0015997373618 0.00159960535182 0.00159973141572 0.00159975601506 0.00159995164833 0.00159990315534 0.00159972800631 0.00159978445251 0.00159979757637 0.00159991915261 0.00159979886421 0.00159976794262 0.00159966703075 0.00159987450679 0.00159979561189 0.00159989566816 0.00159990714445 0.00159972142956 0.0015997955106 0.00159959349214 0.00159985288293 0.00159982581222 0.00159977964503 0.00159974606177 0.00159983022405 0.00159975921839 0.00159960025235 0.0015997919796 0.00159965732235 0.00159982737514 0.00159955574378 0.00159971921331 0.00159962072647 0.00159975214906 0.00159979470478 0.00159967688318 0.0015998572154 0.00159966286227 0.00159990960493 0.00159944967027 0.00159971967982 0.00159971613442 0.00159994860529 0.00159988220024 0.00159982232155 0.00159978845307 0.00159976547425 0.00159974345534 0.00159978935615 0.00159988066274 0.00159985757842 0.00159987815717 0.00159980300094 0.00159977924398 0.00159975994801 0.00159981440831 0.00159978197737 0.00159980500002 0.00159975087599 0.00159954824004 0.00159982591702 0.00159983337441 0.00159967680524 0.00159984399652 0.00159968318839 0.00159978143242 0.00159965980639 0.00159964556886 0.00159987891414 0.0015996686295 0.0015995076906 0.00159975254479 0.00159985875655 0.00159976137964 0.00159987278763 0.0015999397029 0.00159989503672 0.00159987288524 0.00159988316043 0.00159990313248 0.00159980948893 0.00159968575004 0.00159984320668 0.00159976261321 0.00159991938084 0.00159979668819 0.00159985651773 0.00159994015979 0.00159981381323 0.00159990650329 0.00159995509489 0.00159993699813 0.00159979012676 0.00159986885029 0.00159980598097 0.00159996197404 0.00159992307124 0.00159986449653 0.00159988035291 0.00159985784172 0.00159985587028 0.00159989163627 0.00159983776686 0.00159971503818 0.00159994197299 0.00159970565483 0.00159971859421 0.00159985653934 0.0015996944546 0.00159989851702 0.00159995663075 0.00159994835525 0.00159985142456 0.00159992283164 0.0015998593126 0.00159986167374 0.00159989521561 0.00159989470319 0.0015996934044 0.00159984969373 0.00159984722112 0.00159976165072 0.00159985959008 0.00159988788063 0.00159982959467 0.00159990711757 0.0015999086442 0.00159989159933 0.00159989456926 0.00159985602856 0.00159992807571 0.00159991253603 0.00159989682663 0.0015998463867 0.00159954940106 0.00159991031591 0.00159978867794 0.00159985846602 0.00159980870947 0.00159990039909 0.00159987790253 0.00159981621161 0.00159985546115 0.00159980645243 0.00159976227902 0.00159978451939 0.00159985854218 0.00159974584304 0.00159991093199 0.00159993003757 0.00159994959759 0.00159993830715 0.0015998282075 0.00159972336132 0.00159973235492 0.00159984414248 0.00159989908677 0.00159986699746 0.00159984947227 0.001599880404 0.00159988955273 0.0015999183533 0.00159961926701 0.00159967040781 0.00159981554574 0.0015998329046 0.00159993110357 0.00159984617202 0.00159994088391 0.00159972236493 0.00159976139116 0.00159983530084 0.00159991132149 0.00159995412216 0.00159995386214 0.00159982079862 0.0015998501957 0.00159974952522 0.00159977383195 0.00159978438229 0.00159985024188 0.00159990236855 0.00159963735359 0.00159985629783 0.00159962249405 0.00159977107474 0.0015999407752 0.00159993001575 0.00159991738843 0.00159993202665 0.00159995664122 0.00159984625575 0.00159990766019 0.00159986810486 0.00159981960789 0.00159984900288 0.00159994247691 0.00159984452791 0.00159980719991 0.00159983223773 0.00159990140755 0.00159988611979 0.00159991893102 0.00159991369128 0.00159949524944 0.00159965242117 0.00159974685181 0.00159976247206 0.00159981738573 0.00159987731466 0.00159976550646 0.00159987357066 0.00159996512174 0.00159971360516 0.00159977576859 0.00159987663456 0.00159987448684 0.00159958891578 0.00159982639362 0.00159969116176 0.00159968095132 0.0015997811789 0.00159992482415 0.00159979322759 0.00159987617847 0.00159990137185 0.00159988686161 0.00159983019365 0.00159964297845 0.00159960655594 0.00159965684402 0.00159975293299 0.00159982716081 0.00159976793116 0.00159996303981 0.00159975676302 0.00159995529592 0.00159950198986 0.00159995823319 0.00159964546243 0.00159985971339 0.001599761602 0.00159969972601 0.00159985219803 0.00159995194193 0.00159992278377 0.00159997194059 0.0015999565739 0.00159981000156 0.00159985956829 0.00159985222866 0.00159991905152 0.00159978094576 0.00159968454201 0.0015998266404 0.00159990744268 0.00159988400731 0.0015998048314 0.00159992981167 0.00159987278768 0.00159979532563 0.0015997679193 0.00159995180711 0.00159969196597 0.00159970778836 0.00159989169441 0.00159987470811 0.00159994817556 0.0015998509379 0.00159986747275 0.00159995738087 0.00159983852686 0.00159991882725 0.0015998852038 0.0015999040111 0.00159996672574 0.00159992523842 0.00159989963224 0.00159999046624 0.00159992793125 0.00159976534951 0.00159974393409 0.00159985608057 0.00159962056269 0.0015996111972 0.00159972912035 0.00159988121306 0.00159973246647 0.00159986015157 0.00159989120343 0.00159984942617 0.0015997997129 0.00159988649516 0.00159978214694 0.00159988501505 0.00159985180558 0.00159979448118 0.00159977768161 0.00159968083914 0.00159974502608 0.00159977728101 0.00159967733908 0.0015996065846 0.00159967032945 0.00159976682278 0.00159969967431 0.00159969516179 0.00159982496493 0.00159978530052 0.00159983036511 0.00159978773629 0.00159972644306 0.00159999584023 0.00159987780926 0.00159991800758 0.00159991954929 0.0015999666987 0.00159985686567 0.00159990989817 0.00159979872708 0.00159993986367 0.00159998057187 0.00159948832323 0.0015996848219 0.00159989525407 0.00159992099154 0.00159986154457 0.00159991258286 0.00159996011214 0.00159981016634 0.00159980049415 0.00159987355182 0.00159990179473 0.00159988712822 0.00159994559267 0.00159994060498 0.0015998692734 0.00159988333809 0.0015998923859 0.00159990081208 0.00159972022368 0.00159978725229 0.00159984124568 0.00159995278791 0.00159987006923 0.00159992300933 0.00159994132317 0.00159976743526 0.0015999123359 0.00159988997211 0.00159976828038 0.00159982268589 0.00159995112023 0.00159985717056 0.0015998447429 0.00159977081856 0.00159984073344 0.00159988848097 0.00159981964336 0.00159991752325 0.00159992904763 0.00159990187376 0.00159990967454 0.00159995096269 0.00159996886818 0.00159976520258 0.00159967543033 0.00159991926228 0.00159974734699 0.0015998646359 0.00159988640205 0.00159983472856 0.00159991128915 0.00159994972642 0.00159991522493 0.00159970466592 0.00159988507945 0.0015999626473 0.00159983229115 0.0015995797561 0.00159963997543 0.00159981305536 0.00159984609115 0.00159981463404 0.00159995251824 0.00159978436761 0.0015998111212 0.00159971062399 0.00159984521895 0.00159995804094 0.00159995334889 0.00159993782741 0.00159989791916 0.00159992123608 0.00159983228025 0.00159983872229 0.00159984086147 0.00159986868246 0.0015996849484 0.00159978258038 0.00159973975434 0.00159976469664 0.00159983828088 0.00159973458101 0.00159978107632 0.00159962769696 0.00159969621138 0.00159990577116 0.00159994642361 0.00159986188915 0.00159986308374 0.00159979663742 0.00159997461229 0.00159986769531 0.00159989626767 0.00159980002271 0.00159976899957 0.00159975699001 0.00159972108359 0.00159995518032 0.00159955949612 0.001599779947 0.00159995774037 0.00159981266804 0.00159995781845 0.00159991171426 0.00159992037044 0.0015999425082 0.00159981748895 0.00159994631964 0.00159989527127 0.00159985108418 0.00159988644144 0.00159968262091 0.00159996964368 0.00159977724804 0.00159989866148 0.00159989834597 0.00159980004378 0.00159956097268 0.00159996960964 0.00159971569921 0.00159972885669 0.00159994249893 0.00159988479062 0.0015998886314 0.00159991908582 0.00159993264047 0.00159994581607 0.00159967357225 0.00159988557535 0.00159971845624 0.00159972122454 0.00159978661032 0.00159975971338 0.00159964056301 0.00159985270085 0.00159970278614 0.0015997399687 0.00159970923425 0.00159971926514 0.00159977081185 0.00159971969954 0.00159968422407 0.00159978597413 0.00159984961654 0.00159960241903 0.00159960184134 0.0015997529153 0.00159984615166 0.00159976206745 0.00159984646213 0.00159990758683 0.00159982706115 0.00159985241327 0.00159995609467 0.00159972916826 0.00159987090062 0.00159999849911 0.0015999127845 0.00159979759887 0.00159971101975 0.00159968791663 0.00159985663609 0.00159987111423 0.00159990989028 0.0015997166198 0.00159987138987 0.00159992009612 0.00159990593133 0.00159965272224 0.00159994343762 0.00159968059408 0.00159988155797 0.00159989829506 0.00159995343557 0.0015998638735 0.00159982101568 0.00159984762619 0.00159993770257 0.00159974242063 0.00159992483408 0.00159984150871 0.00159995188944 0.00159989281003 0.00159994704775 0.00159987896299 0.001599741346 0.00159983661873 0.00159988620581 0.00159986555022 0.00159983097199 0.00159991358582 0.00159961717417 0.00159997031211 0.00159983875267 0.00159962188684 0.00159992497331 0.00159988696111 0.00159982158481 0.00159988045011 0.00159980434444 0.00159987430997 0.00159996164695 0.00159982381055 0.00159983604349 0.00159979346192 0.00159994984072 0.0015996357712 0.00159985660425 0.00159978443347 0.00159989770533 0.00159986539256 0.00159988240983 0.00159977081091 0.00159990706406 0.00159983028653 0.00159982735234 0.00159984930421 0.00159989879168 0.00159990889164 0.00159990309131 0.00159993158072 0.00159982637949 0.00159980180697 0.00159989317511 0.00159985843676 0.00159985312916 0.00159990974385 0.00159981153663 0.00159971905972 0.00159996602601 0.00159987640293 0.00159986056094 0.00159972021834 0.00159991088883 0.0015998702036 0.00159994613759 0.00159990528131 0.00159987388084 0.00159989823698 0.00159986652122 0.00159980899994 0.00159989469735 0.00159987441024 0.00159981701196 0.00159984922514 0.00159988442637 0.0015998343882 0.00159977331417 0.00159992161637 0.00159993528219 0.00159966951714 0.00159960566489 0.00159969110506 0.00159997684747 0.00159994647474 0.00159990696534 0.00159987296895 0.00159975228876 0.00159989544652 0.00159984197277 0.00159990192861 0.0015999231521 0.00159987398288 0.00159990487903 0.00159994968237 0.00159978322503 0.00159993444812 0.00159989763573 0.00159971038173 0.00159990269974 0.00159986671952 0.00159985367561 0.00159991292275 0.00159983993173 0.00159986007786 0.00159988146323 0.00159990846667 0.00159990218189 0.00159990700686 0.00159984766871 0.00159990097918 0.00159987935616 0.00159986049918 0.00159989209066 0.00159996241402 0.00159982258866 0.00159993194739 0.00159994179689 0.00159994027026 0.00159988995691 0.0015998365853 0.00159990475852 0.00159993335297 0.00159972915156 0.00159987085994 0.00159986770777 0.0015999274009 0.00159991519367 0.0015999173301 0.00159973623506 0.00159998415347 0.00159995251432 0.00159988625145 0.00159997502676 0.00159993741994 0.00159993684901 0.0015999336815 0.00159995900917 0.00159997140608 0.00159990609253 0.00159996395782 0.00159993635957 0.00159995275801 0.00159995151799 0.00159991164395 0.00159991535092 0.0015999624817 0.00159994635668 0.00159993519229 0.00159995140957 0.00159994972404 0.00159992994607 0.00159987262315 0.00159992695348 0.0015997794923 0.00159990318671 0.00159991459248 0.00159993092671 0.00159990493549 0.00159988067421 0.0015998525614 0.00159988838152 0.00159975975571 0.00159988645715 0.00159986409209 0.00159990693739 0.00159993691069 0.0015999364039 0.00159995998453 0.00159996863844 0.00159996100261 0.00159991322764 0.00159986342721 0.0015998830926 0.00159995800592 0.00159995517888 0.00159984046333 0.00159985894224 0.00159989451862 0.00159993220434 0.00159995034335 0.00159994477835 0.00159994735803 0.00159996340411 0.00159994501579 0.00159986423481 0.00159994203899 0.00159991459668 0.00159991456097 0.00159993400075 0.00159994613376 0.00159992904246 0.00159995557893 0.00159988474053 0.00159997753067 0.00159993726197 0.00159996103802 0.00159994154583 0.0015998834976 0.00159993664484 0.00159992005476 0.0015999349201 0.00159984937023 0.00159993720387 0.00159993354233 0.00159995540758 0.00159989856702 0.00159990296884 0.00159993680271 0.00159992122164 0.00159991994692 0.00159993564677 0.00159992938833 0.00159996072969 0.00159993123436 0.00159995501611 0.00159988035651 0.00159990527421 0.00159995642557 0.00159993583241 0.00159992022939 0.00159994943215 0.00159997567059 0.00159996605455 0.00159991912434 0.00159988141196 0.00159992046354 0.0015999206282 0.00159995574981 0.0015999419099 0.00159992124365 0.00159998167 0.00159991402884 0.00159994034137 0.00159993259524 0.00159991737646 0.00159994037718 0.00159989721104 0.00159995161151 0.00159991314875 0.00159991700263 0.00159994094454 0.00159993967551 0.00159992055689 0.00159983744647 0.00159994110608 0.00159994508817 0.00159988911806 0.0015999338799 0.00159992892067 0.00159990625617 0.00159994283117 0.00159996361152 0.00159983123613 0.00159977960567 0.00159984492587 0.00159988325016 0.00159990091736 0.00159992567841 0.00159997505927 0.00159983014247 0.0015998938832 0.00159992797851 0.00159988568641 0.00159990874864 0.00159992639998 0.00159993756022 0.00159988302241 0.00159995890672 0.00159996464795 0.00159994297246 0.00159993991454 0.00159994926095 0.00159993956635 0.00159996664304 0.00159991768438 0.00159984582324 0.00159990441679 0.00159994380124 0.00159993801267 0.00159991657839 0.00159994973398 0.00159990127554 0.00159997165514 0.00159974344807 0.00159991925048 0.00159996032308 0.00159995048263 0.00159996133318 0.00159996498705 0.00159995160746 0.00159996229501 0.00159990133202 0.00159992116325 0.00159992667553 0.00159993051879 0.00159984405837 0.00159987555887 0.00159992043502 0.0015998612553 0.00159990778045 0.00159992596619 0.00159989498929 0.00159992835615 0.00159995022529
</DataArray>
        <DataArray type="Float64" Name="contact_force" NumberOfComponents="1" format="ascii">
0.000570237674613 0.000360192640733 0.000513840830837 0.000323270834995 7.50664959446e-05 0.000818129761225 0.000587179573773 0.000811105145316 0.000781691693197 0.000106639279182 0.000188857775143 0.000258875794859 0.000158497504204 6.41486452024e-05 9.98298271701e-05 0.000692698219695 0.00043201287062 0.000745428562764 0.000335515623102 0.000668707085674 0.000621237753527 0.000211032508724 0.000191708497469 5.47255814522e-05 6.63719937069e-06 1.26712350473e-05 3.76354122965e-05 0.000414063715656 0.00042639094795 0.000511645664283 0.000674168133544 0.000486384141026 3.13442979811e-05 9.02020807281e-05 8.7649203426e-05 6.76798071843e-05 0.00029891517006 5.03816347403e-05 2.9149559636e-05 0.00021536113032 0.000373249753016 0.000419921862858 0.000908559940988 0.00131594248146 0.00184147492853 0.00251244877205 0.000510851275281 6.1368159948e-05 0.00085088427316 0.000626052382194 0.000525105019224 0.000994603628882 5.74664741914e-05 0.00042016923892 0.00074337465276 0.000267585002238 0.0022663185369 0.00140016142331 0.000725616455041 0.000501626781591 0.00114516378922 0.00127620175219 3.9104857182e-06 2.12725561813e-05 0.000633970034516 0.000269826348122 0.00023640036406 0.000774628667052 0.000437581792493 0.00109103681064 0.000164511299658 0.00105144647409 0.000663701322368 0.00107020422643 0.000229032008196 0.00105099968194 0.000483003398864 0.00186562256247 0.00070033355444 0.00125308123743 0.00148776214197 0.000799709107438 0.00135165252324 0.000883573102011 0.000529700572907 0.00182368985608 0.000285156988482 0.000345425097561 0.000509105271686 0.00071398459506 9.73700171544e-06 0.00067248291449 0.000718024682727 0.000598011901551 0.00146987735261 1.04138737939e-05 0.000792380415749 5.86208023209e-05 0.000845422640219 0.000910055423846 0.0010393384982 0.00126903665614 0.000829707005723 0.000425301947434 0.00149843835272 0.000789191709239 0.000864179407448 2.00991314719e-05 0.000293341006091 0.00131587987639 3.07350765926e-05 0.000321113735212 0.000253722506374 0.000518109508714 0.000524857788766 1.55745161683e-05 0.000713977583439 0.000114836801866 4.99121118148e-05 0.000108760641906 7.23950367811e-06 0.000297709483332 0.000246756266387 9.29787298784e-05 0.000284816417153 0.000209025709484 0.000353668541073 2.2650794222e-05 3.89234174556e-06 0.000589125897376 0.000796811381746 0.000371902998669 0.000223668700158 0.000624716779088 0.000690103874567 0.00011209697681 0.000371534215436 0.000575940712262 0.00128113314431 0.00121384330258 0.000218388063943 0.000124897028157 0.000607783378963 0.00121143115833 0.000111914311764 0.00118870176273 0.0001620304949 0.000433873444026 0.000223546115163 3.38695949917e-05 0.000225925672893 0.000336667947319 0.000461193156153 0.00178706113357 0.000167455080396 0.000680134500196 0.000810800358997 0.000675093934608 0.000704345292301 0.000689405934156 0.000284898077496 0.00041505083572 0.000326473688418 0.000594149877576 0.000324687581681 0.000946093328405 2.42619825514e-05 0.000231567180576 0.00199650044831 0.00036073665619 0.000954205805101 0.000218982524553 0.000824858470195 0.000127218714362 0.000222003152997 0.000417226183168 0.000546846171743 9.06492397589e-06 0.000755246197369 0.000181614426382 0.000707488619892 0.000226623322642 0.000776937057237 0.00078180142347 0.000149072769567 5.55081841001e-05 7.50284536528e-05 0.00014442376124 0.000467500043821 0.000198705683047 4.94823927043e-05 0.000415270351524 4.95510776969e-05 2.63212474317e-05 6.3849253783e-05 0.000466520888444 0.000268669360189 0.000240821810384 0.000171502912006 0.00048823071703 0.000568332436284 0.000144035548373 0.00014167331329 0.000569136145504 0.000223312872689 0.000173720272391 0.00168260343886 0.000126823763807 9.527244654e-05 2.9715071475e-05 3.64238996359e-05 0.000577007625989 4.74354397916e-05 0.000795967379296 2.52519846788e-05 0.00116270679879 0.000455427813409 0.000287935931106 0.000738673205461 6.58310361079e-06 0.000126832634593 0.000883462996102 2.6078120538e-05 0.000211515347302 0.000216324925917 0.000253828221895 0.000549726508672 0.000410520378305 0.000607985905601 0.00237652797339 0.000989674389394 0.00140156079384 0.00255308408372 0.000121679060808 0.00137294711104 0.000126813917399 0.000511081062689 0.000213611940996 0.000960954779404 0.0010231762901 0.00138225117776 0.00182538027545 0.00126643737653 0.000874080322826 0.000793919319438 0.000329218672559 0.00052775002547 0.000680498484195 0.0013179459035 0.00024640205802 0.000388696123654 0.00124542514868 6.10312049627e-05 0.000186996812934 0.000244312912059 0.000304313932 9.17097699652e-05 0.000150998697441 0.000401455771242 0.000406157927753 0.00104921972099 3.29742593605e-07 0.000118849179908 3.73556377664e-05 8.41952683837e-05 0.000227792783782 3.35411303543e-05 0.00218628099313 0.00130294920294 0.000644008891361 0.000682285759598 0.000262292470223 0.000990255958851 0.000595862463715 0.000141521703699 0.000592255844803 0.00102618527529 0.0011641172292 4.30530817998e-05 0.000449864086414 0.00137798366786 0.000798807325996 0.000242844434604 0.000830407337289 0.000326602917204 0.000622787714082 0.000378066478562 5.36220352012e-05 0.000854629538446 0.000524436173826 0.000407104425457 0.000433835012421 0.000294865004325 0.000304173150541 0.00112262709271 5.86641455919e-05 0.0002441447216 0.00193830462669 0.000347504234069 0.000400601095119 0.000845296761852 0.000437026343422 2.84147185582e-05 0.000107135416611 0.000974264120773 0.000435616311327 0.000441042161708 2.94096110665e-05 8.93982439361e-06 0.000206134489881 0.000464702732126 0.000877650302202 0.000217340826721 0.000451205091547 0.000270706673477 0.000845997487772 0.00049466044045 0.00102206183232 0.000704894073681 0.000592036411508 0.000848167885607 0.000551165970879 0.000506369220368 0.00012502942864 0.0012402877306 0.000887709519797 3.17105298612e-05 4.71951046335e-05 3.19336380528e-05 1.2176541762e-06 0.000687845801696 0.00070349480841 0.000250671662381 0.000684245299789 8.56974978697e-05 5.78948332201e-05 0.000595833376666 0.00115023452693 0.000538982531386 0.000436326021526 0.000157947848738 0.000432136405494 8.38229452616e-05 0.0012892262167 0.000548867325334 2.93735606578e-05 0.000324378201057 0.000194110462272 0.000237479593747 0.000122493752581 0.00023980665193 0.000267358088818 0.001743924326 0.000640420411373 0.000220552707682 0.000275639154345 7.74869778564e-06 0.00018343276333 0.000913023261682 0.00032192759488 0.001005592659 2.34724019264e-05 0.000125557983741 0.000157173861142 0.000229835542028 0.00064849026129 0.000317109578492 0.000935810281832 0.00123022083215 0.00010676020843 0.000682110055459 0.00104681981276 0.000476484598498 0.000531183784293 0.000359776774689 0.000408722689001 0.00072313272557 1.55706847033e-05 0.000358981066514 0.00140582791793 7.60489332516e-07 0.000855314090794 1.33764924161e-05 0.00047756567409 0.000300330365782 0.000279303432825 0.000347782925252 0.000498935896642 0.000934987384182 0.00052835513189 0.000898369088697 0.000355831814721 0.000361173972225 4.89267659466e-05 0.00117607230903 6.41192752366e-05 0.00051448694569 0.000464134576154 0.000314839048986 0.000623136427223 0.000548547142974 0.000530612050049 0.000218281072853 0.000896003650277 0.000866667224566 0.000471228046107 0.000405858286381 0.000146229072776 0.00033078214762 1.73001241994e-05 0.000135737140299 5.74173871913e-05 0.000244447691392 0.00044194068339 0.000421974950174 0.000238753082949 0.000478502220468 0.000176604643833 0.000340988085059 0.00088141650861 7.42214073768e-05 2.97994103655e-05 0.000136909712644 0.00118154360729 0.000820638120544 0.000764685399519 0.000577934370131 2.05910845009e-05 9.34790277643e-05 9.56002320855e-05 0.000819522504896 4.27736687308e-05 0.000368043326642 0.000366571123817 7.46923711087e-05 0.000441242666222 0.00020886767331 0.000478502174239 0.000124633995784 0.000378295056069 0.000362367863872 0.000154296376009 0.00016761294076 0.000532090128386 0.000434715012868 0.000427715165249 0.000264516697266 0.000455459817458 0.000911798588563 3.46034287205e-05 0.000216011155308 0.00114843857694 0.00021869344634 4.93627665636e-06 1.46795029e-05 0.000112655478403 0.000222212383372 0.000496096719681 0.000258885166248 0.00013775244272 0.000406718521319 0.000203607855699 0.000193278587453 0.000764787244592 0.000171831138953 0.000148300018689 0.000416658595606 0.000463493912382 0.000165257019851 0.000264408107518 0.000783836137249 0.000110191437253 0.000270796711357 0.00022845848037 0.000220806964211 0.00132593389161 0.000686945807845 0.000387420283536 0.0009629321976 0.00132631770467 0.000350758958916 0.000500309206686 0.000662964419269 0.000437340843208 0.000179024908694 0.000431635262286 0.00037779333511 0.000273821346675 0.00077064744319 0.000291861092328 0.00025815613222 0.000259571091756 0.000332165383153 0.00053007362879 0.000578716756472 0.000703319068413 0.000495902341336 0.000368700851633 0.000933670375342 0.000301024524124 0.000355736256847 0.000124854147346 0.000493268068186 0.000719553784889 0.000234707000068 0.000203641222556 0.000324301507383 0.000425023091552 0.00110064350642 0.000718873712461 0.000881928871389 0.000912374912898 0.000526809612257 0.000162913900076 0.000374052041454 0.000572156457654 0.000454711756482 0.00157962267703 0.00075161187604 0.000685706728027 5.84318096851e-05 4.38729107863e-05 0.000904301089139 0.000820472598948 0.000623141448992 0.000192716185326 1.84409358649e-05 5.66294094966e-05 0.000279814455718 0.00023196131523 4.54714910781e-05 0.00246606311112 0.00131801244252 5.75968723063e-05 0.00252104386072 0.000335886428905 0.00118145559647 0.000348310443851 0.00131963398747 0.00151097363641 0.000285293510234 0.000212994666602 0.000429939444612 0.000398533520573 0.000204407725129 0.000639813533739 0.000600315050884 0.000680299054086 0.000329782857045 0.000193122025505 0.000243671406586 0.000203157279687 0.000954038264659 0.00108872357174 0.000739687868029 0.000562582700727 0.00112930166786 0.000176924555104 0.00191060753271 0.000844897285358 6.97919813342e-05 0.00137344488929 2.56012088293e-05 0.000550987342484 0.000285554736538 0.000600054956133 0.000610228507959 0.000230785028474 0.000296640991998 0.000273694218637 9.46253588569e-05 0.0003478060023 0.000752948613578 0.000190063571709 5.78518434659e-05 0.00197477823267 0.000717189545767 0.000252823302343 0.000163998604524 0.000620559146916 0.000320081895003 1.10292764826e-05 0.000685578004457 0.000822361921466 0.000744175344729 0.000449484216856 0.00027461992392 7.49508048942e-05 0.000172590721959 0.000627331966694 0.000209806637392 0.000219540159947 0.000125926543352 0.000730741287414 0.000612170769838 0.000920134807107 0.00128069470556 0.000664532911172 0.000548606057056 0.00161967770943 5.93135187415e-05 0.000541551135935 1.5047439818e-05 0.000649244241974 0.0012182543155 0.00123275759762 0.000463283949763 0.000235420134135 0.000113160885324 2.61935866889e-05 0.000198817601281 9.47175830299e-05 0.000594370030593 0.00108050142792 0.00111141906065 0.00067837355814 0.000742500869959 0.000436353346069 0.000142490236749 0.000524311779303 0.000707850911182 0.00099167118881 0.000852948545791 0.000948965651256 3.15395550047e-05 0.000917289388947 0.000759780279341 0.000248048889057 0.00147001623278 0.000161981147095 0.00029877916775 0.000379292981732 5.00751527149e-05 0.000143996305775 0.000282288649007 0.00108799484736 0.00113340267474 0.00155919757661 8.18063396381e-05 0.0007777300047 0.000306344140888 0.000243876776652 0.000478853271257 1.18003725271e-05 0.000442177766974 0.00120159102862 0.000310321386019 0.000538886650481 0.00028539232513 0.000533126554926 0.000229582454829 0.000607771668176 0.000733061430954 3.47175762738e-05 0.00023548046276 0.000258235575456 3.09911061786e-05 3.09883147002e-05 0.00135467476415 0.000814922127034 0.000683965078785 0.00106424869781 0.000333104654358 0.00157007825816 0.000908294684156 0.000351136732473 0.00067732720391 0.000171877050866 0.000253781744286 0.00027767648222 0.00013759730986 0.000220039228243 9.62957414875e-05 0.000939666163169 0.000281596060217 0.00014546783411 0.000779988052907 0.00111871287999 0.000599220101309 0.000833030690306 0.00111170303377 0.000172535026707 0.000903252811391 0.000370262901746 0.000315877604839 0.000312392788087 0.000906967261045 0.000638483662758 0.000268970531722 0.000586830627864 0.000352449565628 1.73433487112e-05 7.5221184322e-06 0.000933951030724 0.000633937721018 0.000571284821545 0.000716915646946 8.52973218315e-05 5.65289847075e-05 0.00109861126285 0.000243054675171 0.000974975744822 0.00056485060098 0.00116499923202 0.000127206233627 8.57754800426e-05 0.000294565759125 0.00108227388848 0.000701929333949 0.000681470316742 0.000260257565933 0.000685226019575 0.000116344140539 0.000268707864863 0.000458445931278 0.00046087247785 0.000878072426181 0.000338560086805 0.000458277558257 0.000459323808769 0.00148664132754 0.00091149964685 0.000878217867865 0.00148480441613 0.000378025528782 0.00106513478303 0.00100673613307 0.000678395406161 0.000218123499769 0.000132879822972 0.000132297763062 1.68667610903e-05 0.000237190565531 0.000554337173899 0.000414150551261 0.000474339205015 0.00111581688411 0.000213152213258 0.000488379971159 0.000395357474759 0.000466093360389 0.000844960198262 0.000725807204134 3.08763584797e-05 2.91940754773e-05 0.00047567583577 0.000332720411805 5.09579262595e-06 1.31068169493e-05 0.000370376757948 0.000821553127582 9.35587353587e-05 7.56809908874e-05 8.76733322134e-05 0.000453174847637 0.000338982705653 0.000220845758021 0.00054654683561 0.000341097898761 0.000662729110031 0.000290044951527 0.000684012371297 0.000216019951545 3.5430844669e-05 0.00101099211949 0.000359563771079 0.000554522498123 0.000383940936812 0.000487479952733 9.42104582071e-05 2.62489724056e-05 0.000541250453216 2.55747944024e-05 0.0011535636201 0.000979732653039 0.00051617502961 0.000284937895329 0.00146328561943 0.000319430640869 0.000376328292909 0.000460372168383 0.00120819021402 0.000687745958843 0.001492400829 0.000545340907901 0.000720154813523 0.000308670670441 0.000761086858923 3.94199100301e-06 0.000676247217471 0.000431537273887 0.000269596706588 0.000918741531593 7.64717987842e-05 0.000307545657612 0.000178221585682 0.000195822833475 5.27323889227e-05 0.000516485461775 0.000899852943402 0.000160630745976 0.000101708831167 0.000108714049965 0.000143393702415 0.000431374144846 0.000292526210265 0.000591087320644 8.41654935365e-05 0.000279237469963 0.000524174389249 0.000571578559211 0.000446005212776 7.12261770165e-05 0.000868384497953 3.5629410981e-05 0.000578501599603 0.00132640159293 0.000211049633429 0.00057509900878 1.13521735923e-06 0.000553706766151 0.000528836451458 0.00109217303571 0.000661241287134 0.000344350584624 0.000177695264282 0.000511136851664 0.000293730140661 0.000255374224658 0.000594223217968 0.000730864646486 0.00121119430123 0.000441195452025 0.000710437940847 0.000235469003021 0.000370406799086 0.000541744972812 3.7115666396e-05 0.000443875408172 0.00137172787794 3.51445861745e-05 2.5511387103e-05 0.000759082996674 0.00157045615065 0.00200803178592 0.000801926435206 9.7244774036e-05 0.00020788821605 9.52616993397e-05 0.00027647847191 9.38178579283e-05 0.00151753594789 0.000505121450619 4.53256572191e-05 0.000750353282887 0.000815828976441 0.000390024390962 0.000446083578235 0.000246985639154 0.000233528556429 0.000247233023348 0.000202239277046 0.000432923520495 2.05010902104e-05 9.5015523545e-05 0.000394632851082 0.00125014448387 0.000969536323063 0.000677273204732 0.000763286636645 0.00117046372812 0.000339504008989 0.000207421605856 0.000211466810195 0.000276900495372 0.00035738343681 0.000284537037383 0.000320398405019 0.000411759600432 0.000799379362962 0.00057024245391 0.000560243281551 0.000762158790614 0.00219954025817 0.00170284894324 0.000573630673404 0.000463895630829 0.000441939155887 0.000615939188386 3.58002058913e-05 0.000257252497857 0.000886978208893 3.91210387788e-05 0.000320853933796 0.000397720957146 0.000234288342138 0.000243164534088 0.000661532151407 0.000591766528894 0.000874064697083 0.000726233208705 0.000300305104964 0.000686579511606 5.68911805556e-05 3.74799433931e-05 0.000177012014363 0.000254342909504 0.00124893288805 0.00189066998067 0.000784351247664 0.000371368472809 4.24833998166e-05 0.00192628351486 0.000364265850404 0.000204111678256 0.000383833219758 0.000563394614967 0.000553839673025 0.000709611186932 0.0002050158305 0.00107738087174 0.000386515001139 0.000279094992578 0.000342630126536 0.00108147799428 0.000920080302446 0.000288632117818 0.000491742425122 0.000496742347942 7.68893414267e-05 6.26421853892e-05 0.000398706305024 0.000750091239022 2.73346527204e-05 0.000231312410288 0.000675842759153 0.000168811397972 5.95451664439e-05 0.000496495745813 0.000497256842938 0.000957269395071 0.000656500911352 0.000465223933869 8.13639457175e-05 0.00076556696405 8.66263161927e-06 5.96993628885e-05 0.0012535658171 0.000393423665614 0.00047147049087 0.00182335158672 0.000227804664664 0.00012968671789 0.000127516008789 8.26923716406e-05 0.000141022538593 0.000226570713523 0.000156772080144 0.000635044437363 0.000763139547346 0.000603673131908 0.000538480080137 0.000571416318411 0.000205751787421 0.000160071923926 3.03876903177e-05 0.000289337993893 0.000168384021441 0.000547162158296 0.000305207688343 0.000466644948695 6.26164807215e-05 0.000988120866946 0.000775040163075 0.000375042356 0.000280482799583 0.00091271888796 0.000485012756215 0.000526400997674 0.000335540979633 0.000317025561086 0.000448595701965 0.000397382683396 0.000467518101308 0.000212408376275 0.00103353087152 0.00098225404661 0.000304255973291 0.000650625335592 0.000296941665604 0.000349259320236 6.63673269737e-06 0.000726544355887 0.000267498973019 0.00145671053932 0.000341805877939 0.00103583066914 0.00110824115254 0.000674900605087 0.000583159496781 1.83675487996e-05 0.000140737303115 0.00020486928526 0.000143490646145 0.000645964162383 0.000394028738155 0.000494990199215 0.000252727184271 1.35513476048e-05 0.000522366916322 0.000872933534814 0.00136198578754 0.00157154966678 0.000259350924114 0.000348238230846 0.000294713404968 0.000172208832983 0.0003021756725 0.000330361516065 7.35040987637e-05 0.00017054648994 0.000154235920743 0.000707135336117 0.00103523896958 0.000325072521781 0.00158961400513 2.77995637986e-05 0.000437871932938 5.72446764783e-06 0.000587917519769 0.000850860729829 3.43641569631e-05 9.7004419936e-07 2.55440600197e-05 3.62780676346e-05 0.000436953327213 0.000483744802639 8.31275897971e-05 0.000754632699097 0.000550035218771 0.00108007646314 0.000651698128086 0.000359127105108 0.000235619010543 0.000235999519956 0.000201397282325 0.000243723581076 0.000705158241162 0.000524584335707 0.000289344852209 0.00100891389639 0.000301903212861 9.07820202848e-06 0.000401913894655 0.000810816425336 0.00111638872537 0.00112126215542 0.000672849762957 0.000636516084477 0.000260289682055 0.000185375890422 0.000634979198362 0.000222964561634 4.09350464821e-05 0.000581931688702 0.000165560928069 0.00111213442496 0.000960271918517 0.00106401507225 7.66409270424e-05 0.00108392560792 0.000761966089971 0.000899392742811 0.000700116950947 0.000914791569138 0.000126602350729 0.000918613112615 1.43591838469e-05 0.000424076513666 0.000710804102221 0.000198675877107 4.05130087229e-05 0.000114934577418 8.87282918451e-05 0.00119497454389 0.00016235822761 0.00181774834621 0.000378827380485 0.000627638123193 9.97823621087e-05 0.000485899722896 0.000290959459438 0.000504280460039 0.00213479766063 0.00107291322822 3.00571072952e-05 0.000661353561228 0.000464325629192 0.000484979422509 0.000625892146009 0.000653210520586 0.000145000214227 2.36400279117e-05 2.76208055845e-05 1.2782587716e-05 6.84260389422e-05 0.000679727151294 0.000617200536129 0.000112125742103 0.000564311913347 0.000738993439052 0.000622561786858 1.40076132414e-05 0.0020989057983 0.000475906255706 0.000777752610258 0.000545854466172 0.000958769900268 0.000480257374123 0.00120672869186 0.000283618854036 4.25174957444e-05 0.000707518044847 2.28278980495e-05 0.00124247681488 0.000748467326269 0.00136403024437 0.000277586718321 0.000333310942323 0.000807714967627 0.000631759390595 0.000253999168734 0.000203794389266 0.000293274715112 0.000267910389425 0.000256072182359 0.00010068172496 0.000288647147797 0.000388990571397 0.000285005897621 0.000168392368457 0.000388933491543 0.000320391195948 5.58120621328e-05 0.000419699188593 0.000110802702966 0.000180856866128 0.000136104312459 0.000135282309703 0.000249703188645 0.000851086431146 0.000486708029788 0.00054852445472 0.000310401392385 0.000448824990887 0.00033445289537 0.000590743453704 0.000301680810614 0.00035979214142 7.11137309576e-05 0.000965940269127 0.000983244589128 4.90677474259e-05 6.60451630922e-05 0.000794128243417 0.00103114533611 0.00117646619965 0.000890082669955 0.000498609141689 3.48941788158e-05 0.000949496677546 0.00022534389163 0.000144881704815 0.000191721492142 0.000188360224549 7.98041857648e-05 4.73062725848e-05 0.00058321495997 0.000668854790447 0.000473855826532 1.7711709847e-05 0.000255490367028 0.000879421590003 0.000252057153853 0.00114246144768 0.000609765488059 0.000668480707541 0.00100037222115 0.000171676862769 0.00126870835216 0.000214890874876 0.00044027482348 0.00086075059185 0.000108969109565 0.000464449986685 0.000348122098057 0.000186758854355 0.000582549675795 0.000103425999786 0.000725810141243 0.0014854229232 0.00082612644516 0.000546225665534 8.41426992208e-05 0.00097730083287 0.000196944200029 0.00106111835182 0.000111758656449 0.000286160773197 3.43966428403e-05 8.04728868673e-05 6.69861795877e-05 6.39518807512e-05 2.96953026111e-05 3.94114023083e-05 2.46819508258e-05 2.93711785663e-05 0.000870288617812 0.000731984268781 0.000400154775662 0.000983283841258 0.000586908610807 0.000131629899865 0.000101584992411 0.000501254184942 4.1521473563e-05 0.000427889910838 0.000257447647085 2.86071905197e-05 0.00160546262646 0.00110081454042 0.000488340607409 0.00106224657821 0.000200369205819 0.000460625467603 0.000434064353658 0.000343361144819 0.000360238407513 6.86301691985e-05 0.000930765613579 0.00124788128862 0.00115500677634 0.00045482083164 0.000455839984037 0.000795853362016 0.000848207867449 0.000762975571249 0.000804192589414 0.000362581304764 0.00049039049402 0.000580772432962 8.31059350468e-05 0.000406103688491 0.000283384737132 0.000498889930421 0.000408525568324 0.000639577201648 0.000385381279988 0.000296209396687 0.000228746004097 4.6267888459e-05 0.000122031885628 0.00193881303407 0.00117079789465 0.000711860537408 0.000103911131064 0.00103406285497 0.000737840803221 0.00136669264894 0.00062594029219 0.00049128789527 0.000301984596017 0.000525801870848 0.000217477791151 1.29291016385e-06 5.30701573416e-05 0.000201245754083 0.000172580493076 0.000716754146252 0.000681102792675 0.000169716250634 5.04292836357e-05 0.00037435982946 0.000924356204769 4.92886014961e-05 0.000171834989437 0.000160073742709 0.00160658608908 0.000524126946837 1.25792052716e-05 0.000446156737585 6.77017798789e-05 0.000745951517573 5.79324904594e-05 0.000116339826367 0.000241380222182 0.000197008869223 0.000201947305008 0.00039438364954 0.000151638625864 0.000504567992318 0.000229485900616 0.000234678917556 0.000105306527776 0.00163008363982 0.00122197242294 0.00120620887192 0.000373562313144 0.000336384049343 0.000451951097831 0.000200226547813 5.53839020065e-05 0.000560295733794 0.000770929022523 0.000614252519599 0.00126377483564 0.00138340828817 0.000341266851139 0.000175069085686 0.000212257780678 0.00136088517779 0.000328509186992 6.38699445116e-05 0.00202431365941 0.00056035318126 0.00114653559088 0.000107257280709 0.000413585543977 0.000324889651123 0.000324941357256 6.18216003811e-05 1.24593345855e-05 0.00057911269535 0.000584425509012 8.79245139574e-07 0.00122457020534 0.00151060019488 0.000104147447924 0.0017821490104 0.000506454711379 0.00075556575011 0.000234813781603 4.39797727446e-05 3.22076476734e-05 2.94182911484e-05 3.10515317301e-05 7.03652497146e-05 1.5651106009e-05 0.000307878572944 0.000218108303172 3.80798018447e-05 0.000577457168146 1.28554389211e-05 1.56355041067e-05 3.92390442034e-05 0.000768431675127 0.000279864940455 0.000568572403433 0.00043470145218 0.000169338700753 0.000573028312261 4.3556906702e-05 0.000875852185642 0.000988269258825 0.000938679558277 0.00042762472328 0.000183453776798 0.000730566328895 0.000858703732971 0.000195594392017 0.00118846962734 0.000300606319391 0.000229976990034 0.000965287194411 0.00123707959993 0.00160536025411 0.000661165247153 0.00118671710372 0.00117509020565 0.000545736495379 0.000641151812802 0.000345016061403 0.000246308144266 0.00187856856883 1.21331941549e-05 0.000161331042345 0.000332929411833 4.27105765174e-05 3.25073746116e-05 2.15706208709e-05 0.000110457117802 0.000282458471874 0.000257004003964 0.00102878285669 0.00134521405341 0.000992997644063 5.72830034788e-05 0.000469346197258 0.00131972500229 3.86070040822e-05 0.000250478392652 0.000473208650506 0.000108255918405 0.000163932604855 0.000292955920682 0.000741217379209 0.000700325148412 0.00135959533534 3.67844042634e-05 2.95160815911e-05 0.00178730241329 0.000920636526812 0.000160912373036 0.00123434667198 0.000265826055466 0.000179781312194 0.00131926259733 0.000133782942349 0.000432800488439 0.000404828081997 1.80599147606e-05 0.000401891211008 0.000407290321405 0.000684805554035 0.000154991750672 0.000550630141209 0.000854837626035 0.000630972846627 0.000771032075937 9.93604782903e-05 0.000221829480745 0.000490435710598 0.000203836537818 0.00041212141371 0.000629362189187 0.000129017573441 0.000319394241417 0.000305415441543 4.21817343893e-05 6.38846600779e-05 0.000529042262817 0.000961501787389 0.000917484680148 0.000472496748048 0.000508084070011 0.000323655700135 0.000499330990501 0.000483182299765 0.00063804015833 0.000239678086996 0.000765866441483 0.000290214742085 0.0010735518525 0.000119588412704 0.000721874234604 0.000313136902663 1.77170064958e-05 0.000438954598912 0.000404545483891 0.00106595757844 0.000501674169084 0.000512292762132 0.000726426629852 0.000856756652245 0.000313353228288 2.28348911372e-05 3.62337346059e-05 2.64939773594e-05 1.25412294312e-05 1.9695290502e-06 0.00113371691937 6.44609526017e-05 0.00023303905805 0.00035861228437 0.000639143647286 0.000526025236288 0.000131138717436 0.000236133610548 1.4255983159e-05 0.000928786746955 0.000641246992963 0.000611777758385 0.000457890285164 5.65313230019e-05 5.06070853285e-05 5.05833619911e-05 0.000158034603595 0.000262308146557 0.000542635463476 0.000701896314119 1.88884458583e-05 0.000339611633427 7.23761597695e-05 0.000200581887674 0.000506520837879 0.000352143051652 0.00012665854675 3.17414572289e-05 0.000154621495972 0.000398779449574 7.69434451996e-05 0.000343755721268 0.000621900119064 0.00072783183567 1.80314933383e-05 0.000295427050928 0.000661796954778 0.00012899159173 1.47634553402e-05 3.14089949951e-05 1.68159886705e-05 0.000970473129528 0.00118998265141 0.000386247189685 0.000550894481277 0.000262169786783 0.000467552463224 0.000651299529071 0.00130074222474 0.00112953000559 0.00119443499998 0.000651430054943 0.000300858183046 0.000788444159227 0.000804373057612 0.000130216827713 0.000103206961123 0.000323277189011 0.000714539631713 4.08690481102e-05 5.76934904785e-05 2.54558083141e-05 0.0001339869137 0.000576359293031 0.000570375160486 0.000605905508338 0.000148373204524 1.7069974637e-05 0.000280803670427 0.000446676435876 0.000484591197166 8.47670899567e-05 4.38214040639e-07 0.00068299672684 0.000207808290313 0.00101200915869 0.00103600868996 0.000735980736729 0.000511909464944 9.2457927986e-06 0.00040347235782 0.000264928651261 0.000205265771077 1.54290577282e-05 0.000630810177719 0.000229472955251 0.000336320738885 0.000297695315527 0.00048341398747 4.78953271889e-05 0.000560383312546 0.000388395835575 0.000235026163041 0.00026753660707 0.000655188338077 0.000884547049334 0.000318586305066 0.000744371061948 0.00128255053998 0.000448582333613 0.000241455163589 0.00136212740717 0.00130499647273 7.76940727893e-05 0.000160736196684 0.00027355663033 0.000109347940167 9.28459029834e-05 0.000398602333248 0.00034794232855 0.000584311054236 0.000671935723629 0.000108254893949 0.000620545231601 0.00111132677989 0.000669141288495 0.000341595849366 7.29460851538e-05 9.58966631016e-05 6.39458987336e-05 0.000131725915476 0.000268344317412 0.000905968471075 0.000742968362761 2.31058104336e-05 0.00107411076567 0.00120910385573 6.70556019219e-05 0.000510750882596 0.000146306494911 0.000141308322339 0.00016882148196 0.000267891902171 5.64925817886e-06 0.000905451666467 0.000854963867489 0.000162668446277 0.000477694475604 0.000982394400828 0.000512885698496 0.000924200220775 0.00121424733326 0.000347179138951 0.000359706754045 0.000108846501971 0.000595639861709 0.000375644038702 0.000326135921359 2.33880874979e-05 2.88913798159e-05 0.000306502203647 0.000454464557852 0.00222553113337 0.00106712540305 0.0018421715439 6.03715016016e-05 0.000819621276618 0.000548444867873 0.000292036414399 0.000709188298826 2.12988576795e-05 3.36194684776e-05 7.7366342863e-05 2.08130770239e-05 0.000365935848761 0.000217888384411 0.000164357617599 3.46069222389e-05 1.48774572393e-05 0.000259527780741 0.000275304096941 8.7767768916e-05 8.75182679855e-05 0.000166005457308 0.000619358669153 0.00207389981323 0.00145340096729 0.000717007414498 0.000210205534576 0.000276717211264 0.00015521271298 0.000424778949455 0.000767420887736 0.000266348746743 0.000618755702857 2.55699889297e-05 0.000669690407807 0.000517657117876 0.000125292885306 0.000846092481839 0.00104050086435 0.000637727224204 5.15264600573e-05 0.00036217536074 2.93289044461e-05 0.00152773348701 0.00109273770123 0.000419054690069 0.000255458082376 0.000978727326383 0.000162254167044 6.6204652903e-05 0.000544991384762 0.000514706008202 0.000170400426119 0.000154520848135 0.000201260027737 0.000349976894843 0.000286702363993 0.00128797048975 4.8894883468e-05 0.000526919177366 0.000357641898484 0.000516906383989 0.000301600574809 0.00049008009002 0.000979867820552 0.0015410762505 0.00100904543638 3.28229719627e-05 1.97396676939e-05 0.000408194089415 0.000931185404221 0.000599347882926 0.000285359034424 7.82900913258e-05 0.000708240360977 1.12644868255e-05 0.000458644442954 0.000236221842371 0.000641422017648 0.000684795889936 0.000239865212865 0.000500891313185 5.71874415684e-05 0.000426632581398 0.00251752604205 0.000580515691915 0.000136640927558 0.000198373089008 0.000470419133222 0.000541630476864 0.000295753662183 0.000466987344315 1.81563526173e-05 0.000837414518667 0.000258752846991 0.000141354168461 0.000154938854188 0.000196868988166 0.0003629203055 5.4839752649e-05 6.25851911976e-05 6.90682284852e-05 1.47799371197e-05 0.000235256656667 0.000492540098185 0.000207388149388 0.000137397848428 1.55224162085e-05 0.00063900012572 0.000358197012478 0.000259213640174 0.000313515894575 9.03248551815e-05 0.000175219624582 6.93564154321e-05 0.000438552587543 0.000477192124713 0.00128274601945 0.000822524472483 0.000177487788697 0.000188409295993 0.000603075503084 0.000113461982285 0.00117519218943 2.2235255636e-06 0.00107532898798 0.0011071445311 0.00118925115523 0.000565477540791 0.000792962674489 0.000772367930283 6.02983723349e-05 0.00166360224798 0.000697697676486 0.0010920083356 0.000960327168151 0.00134814790934 0.00018927676783 0.00140277397562 0.00160196287131 0.000305603349046 0.000198190548891 0.000266659040693 0.000963944172684 0.000503925419178 0.000598251447472 0.000612381083878 0.00205527410033 0.000852969792807 0.00161607036415 0.000647429905477 0.000717229059492 6.9630965411e-05 0.00023488780119 0.000203587362354 0.000185401529497 0.000362856917452 0.000336929402248 9.86495467107e-05 0.000394039559921 0.000495932337457 0.000224578571945 0.00112424195943 0.000695101522584 0.000189228784252 0.000644358556901 6.66702920997e-06 0.000153990149898 3.50995277965e-05 4.78253547306e-05 0.000925682097855 0.000478461360019 1.40433293229e-05 0.000387901761046 0.000171850736865 1.9425515232e-05 0.000396906261409 0.00167494809916 0.000413436836053 3.63570556193e-05 0.000638259083092 0.00073926470378 0.000976273855092 0.000541751584178 0.000700274432427 0.000196552979254 0.000451325700521 0.000480675455859 6.60946665782e-05 8.74680463241e-05 0.000219405946481 0.000508827620802 0.000180996485129 6.91241169412e-05 0.000469280850679 0.000591905549134 0.000377610646624 0.00073612638212 0.000267127349595 0.00063118443981 0.000451314579246 0.000926642903102 0.00108445350582 2.94931852743e-05 0.000541888560013 0.000474180743759 0.000886746265544 0.00129472917181 0.000613731443662 0.000613130612872 0.00120411062487 0.000454056120289 0.000356896173601 0.000890713878144 0.000418742253821 0.000377389003258 8.09512021653e-05 0.000301352366491 0.00183562642505 0.000263227439891 1.77209546369e-05 0.000221388232829 3.8022109006e-05 0.00111184407902 7.56120953529e-05 3.33416065476e-05 2.3445369166e-05 0.000497472946654 0.000621083451038 0.000506955345869 0.000582952657527 0.000494873724567 0.000964811243896 0.00145168399758 0.000601286517981 0.000594579990107 8.82752180521e-05 0.000332996808341 0.0012652105227 0.000366744122796 0.000698298045623 4.20936527872e-05 4.16923638726e-05 0.000216208464704 0.00083655114183 0.000180055308267 0.000163456533303 0.000932106125553 0.000629892878067 0.000148534588407 0.000477999854895 4.51048396732e-05 0.000113217026512 0.000474826714446 0.000309542125423 0.000255971236709 0.000743039684571 0.000412093780345 3.6070103828e-05 0.000810082245007 0.00114557366476 0.000775584741544 0.000237158089149 0.000105820059219 0.00143692489332 0.00014071096201 4.70354902837e-05 0.000967674368745 0.000334926829015 3.26239049953e-05 0.000364318447061 1.63383208792e-05 0.000105359141454 4.47074866963e-05 0.000817445440952 0.0017920777205 0.000500133748192 0.00038746834042 0.000486208838283 0.000286554913539 0.000369565656993 2.46325783571e-05 0.000495725173507 0.000285977423257 0.00047699661817 0.000286072990148 1.1390422955e-05 0.000511514535315 0.00056215395401 0.000827150476384 0.000749189956448 4.45207500059e-05 0.00106403120863 0.000274648311216 0.00115553707716 0.000672110321724 0.000607350172753 0.000314633376242 0.000325316590823 0.000543864302536 0.000393627185275 6.84925935577e-05 0.000430411789195 0.000423596759434 3.13375873131e-05 0.000112570159575 0.00037775352517 0.000195469422616 0.00118559762657 0.00123981670455 4.8547679529e-05 0.000128839302226 2.44373069685e-05 1.76327915893e-05 0.000176019583505 0.000749093104566 0.000765236315115 3.78917066879e-05 0.000420630224951 0.000842047244615 0.000495591435025 0.000635343276756 0.000185427295362 0.000589545735432 0.000457496425972 0.000945883651989 0.000652460520731 0.000129027841981 0.000297085055165 0.000582286281023 2.27792484326e-05 0.000964855270127 0.000141271023022 0.000275324408994 0.000605976615277 0.000769191473306 0.000375090129661 0.00018666744845 0.000306616725457 0.000206653787354 0.000591777831771 0.000529887308528 0.000493423284625 0.000503931918567 0.000363849329025 0.000570224505657 0.000554374374824 0.000402692223537 9.65879518592e-05 0.000777786645321 0.000274317742404 2.08382564077e-05 0.000436129504252 0.000535451225787 0.000327305146433 0.000425795196542 0.000423367104639 8.47757483326e-05 6.45629079054e-05 2.24920534609e-05 5.0387474333e-05 0.000637398049523 0.00101176151146 0.000968844874873 0.000168359116176 5.67442773908e-05 0.00109664167413 2.98399733887e-05 0.000175763924483 0.00166802348431 0.00198915190942 0.000398915840735 0.000956464973195 0.000381647198503 0.000375167503098 0.000235742024653 0.00020910680462 0.000391329384028 2.31637747395e-05 9.18427262333e-05 0.00054730499561 6.90688296278e-06 0.000138973711759 2.13205131726e-05 0.000459645433237 0.000702699885261 0.000372715855936 0.00024037519963 0.000367136824004 8.40241261887e-05 0.00119182370285 9.0374624447e-05 0.000168650330373 0.000175354289927 0.00010315865502 0.000541761229874 0.000309703710768 0.000714753811206 1.05669172159e-05 0.000472675731435 0.000366866528135 4.43683347515e-05 0.000725894371872 6.59848624109e-05 0.00109940398979 0.000827609846205 0.000275273742834 0.000180463462469 0.000787388049214 1.83083125784e-05 2.60593641298e-05 0.000167128570385 0.000377352666075 0.000816520794121 0.000171718727742 0.000200391951104 3.52743804069e-05 0.000302546764523 0.000834024364554 0.000511354937891 0.000563426212408 0.000388626168608 4.92955524048e-05 0.000159579105356 0.000106901037986 0.000713469105791 0.000580169158437 0.00029206428402 0.000393671050013 0.000405598777585 0.00116849447732 0.000727227555595 0.000278842357589 0.000911786929939 0.00159842912068 0.000431300543662 0.000352989424369 0.00015334429345 0.000284701746295 0.000146479485041 0.000472044877316 3.41676999286e-05 0.000494427530008 0.000556955955176 0.00131796919924 0.00109536181385 0.000749719265569 0.000342027089692 0.00051714792902 0.000150168989265 0.000710080516247 0.000665361786281 0.00040792556997 0.000186878837232 0.000887509440001 0.000407408596616 0.000258269431178 0.000566016474667 0.00055703534556 0.000200015599177 9.86345814771e-05 0.000317353706049 3.36245668121e-05 4.58579394256e-05 0.000122067039605 0.000140052508988 3.75924180268e-05 1.56882251134e-07 9.14160760622e-05 0.000101970518935 4.15459058744e-05 4.45264947372e-05 3.50705333538e-05 3.06587416536e-05 1.66518009965e-05 2.61383869963e-05 0.000101558009662 0.000110095736055 0.000570242329255 0.000443806578467 0.000275145006309 0.000145998441194 0.00180250027868 0.000656610947218 0.00021411441298 0.000263579608748 0.000291066591753 0.000327378375508 0.000175150918021 0.000277459419918 1.29032018692e-05 8.31094851462e-05 0.000225297836703 0.000171951783122 4.54221834955e-05 2.5927197323e-05 0.000752498024275 0.000127128060789 1.24709566149e-05 0.000709147935796 0.000727610099653 0.000189051117334 0.000845985493037 0.000475139710117 0.000119217794927 0.000488349195019 0.000561782139371 0.00118675500513 0.000980960585573 0.000675491790993 0.000150550062595 0.000760721979766 0.000440670451364 0.000276788797589 2.49689146888e-05 5.91197422163e-05 6.4191788281e-05 0.000893825571669 0.000376586322349 0.0009975472032 0.000223831686415 0.000228416815472 0.000258587012193 0.000199593634969 1.96560523404e-05 0.000776663280898 0.00058423597527 2.24940963543e-05 0.000619258652274 0.000345880870889 5.89719726714e-05 0.000213377621281 0.00017323101986 2.03728976128e-06 3.23855285704e-05 5.49442647067e-05 9.89321306426e-06 0.000790847131235 0.000135763096576 9.80247269761e-06 0.000680557045326 4.72881908981e-05 3.24281651226e-06 0.00044902555116 0.000488609549633 0.000406986687549 0.000391454577676 0.000154232070388 5.58516838522e-05 0.000546252788289 0.000338781759178 8.01956602572e-05 0.000337908940703 0.000334755299983 0.000317207301778 0.000163998032495 0.000629105922734 3.50437034778e-05 9.02874559074e-05 3.74386582909e-05 0.000288321779965 0.000944862423016 0.000660325879293 0.000659557582032 0.000111092555754 0.000494063904467 0.000642360314338 0.000144523246529 8.19470961819e-05 0.000113380640063 0.000187218738574 0.000199961540283 0.000235936886747 0.00045713595609 9.95770881349e-05 0.000714324283496 0.000226140422584 5.42844465921e-05 0.000202971799602 0.000474826794389 8.93251434919e-06 0.000939863180665 0.000559161641888 0.000217655030005 0.000218305150358 0.000320593292192 0.000274150019147 0.000503045986236 3.92582017048e-05 0.000275562542896 0.000241213882358 0.000420451040867 0.000121013131228 0.000385852364461 0.000353192840088 0.000520219697852 0.000646820606908 0.000294929161197 0.000115885765161 0.000389672650577 7.18577476311e-05 1.89376262791e-05 2.05068388828e-05 1.67496024386e-05 2.81532986999e-06 5.26602511495e-05 0.000388510541159 0.000266350321754 0.000380902003422 0.000865215029464 8.50150242813e-05 0.000742733961237 0.000494018229565 0.000246738175979 0.000225093504104 0.000943287960213 0.000650972342357 0.000689804245572 0.000780349438282 0.000328557335486 0.000365096426542 0.00024456680948 3.01857949077e-05 0.000105298285268 0.000538830766441 0.00121180491434 0.000673377012972 0.000348553645588 0.000982373256627 0.000191243737579 0.000508841683609 0.000553112733218 0.000438271190383 0.000260776488996 0.000615652738975 0.000166985968238 0.000144171228684 3.87995992157e-05 0.00037827650841 0.000167081713634 0.000193432770664 0.000269850226357 1.09568443591e-05 1.96382735122e-05 3.96502040448e-05 3.40741011042e-05 0.000181010301315 0.000460551229868 0.00029964908896 0.000186965356762 0.000103987725117 4.22241278386e-05 2.87300541939e-05 0.000787086168199 0.000142177982265 0.000136089912216 0.000378657170009 0.000199488545436 0.000398251845502 0.00077964335716 0.000697040254123 3.57095016464e-05 2.47290615846e-05 3.01911646386e-05 3.28321670016e-05 0.000450936186829 7.82323469356e-05 0.000330056682137 1.98857936519e-05 0.000244721367775 0.000365415153287 3.36764488715e-05 0.000243861458626 0.000227650777828 0.000214066331583 2.12188998796e-06 1.76793989598e-05 0.000512942641916 0.00106280258936 0.000192401061184 0.000572564621683 0.000267953482092 0.000866153966033 0.000433808631652 0.00057803091819 4.87370855223e-05 0.000465710273652 0.00101187063529 0.0010396724554 0.000921375336009 0.000545113901347 0.000329206935561 0.000360641423926 0.000400930008443 0.000407291747287 0.000514001678096 3.93593834782e-05 0.0019582198891 0.000410763868293 0.000490876635511 0.000414222942472 7.59541703969e-05 0.000465803763367 0.000511858986303 0.000802573543922 0.000561514345399 0.000582510023492 0.000421405612757 0.000289166680353 0.000208658085831 2.58537348067e-05 4.27879712401e-05 0.000193106226842 1.71711735723e-05 0.000133998520478 0.000337840589962 0.000115308080102 3.95134100034e-05 0.000287446156846 3.32872299594e-05 0.000854948316212 2.326397479e-05 0.000203599468614 0.000537377092449 0.000444642184154 7.02108642266e-05 0.000815295457724 0.000499006537619 0.00105405223996 0.000115665576232 0.000267925431763 0.00050394641434 3.62830351475e-05 3.87603175216e-05 1.97877053246e-05 8.60579154406e-05 0.000500256615942 0.000160392166777 0.00022159200815 0.000350561584615 0.00064487677223 0.000649642577223 0.00014177418296 0.000300413555626 0.000373094957675 0.000108260813266 0.000193048429514 1.76030853384e-05 0.00044164717973 0.000293793721164 0.000397107889456 7.54365118659e-05 2.22778969007e-05 0.000158920408138 0.000101017890835 0.00036180533074 2.23369984495e-06 1.53959399781e-05 1.74463666585e-05 1.75451855708e-05 0.00208666241033 0.000107343065431 0.000410368987179 5.68385272281e-06 0.000568422599218 0.00013551738725 0.000472472939715 0.00129828613697 9.49626773678e-05 0.000560905169661 0.000390565200116 0.000127304637024 2.75767888592e-05 0.000751152598952 0.000168055032833 0.000635313453661 0.000125088444532 0.00031621401325 6.69456117877e-05 1.52433106538e-06 0.000302376762772 0.000738094261041 0.000144541694151 1.65513766757e-05 0.00134269291408 0.000444591152555 0.000612756760996 7.61125332596e-06 0.000344552337554 2.17005422862e-05 0.000332279239323 0.000402564783132 0.00020621254734 1.01819583141e-05 2.0405314629e-05 0.000587548152081 0.00034147556962 0.000572428388082 0.000117225446423 0.000632431247375 0.00028296964446 0.000415544584516 0.000423276145807 0.000251629762616 0.000364766262582 0.00069070104091 0.000187071936847 0.000888423662354 0.000356666134644 0.00022231092084 0.000813272891128 1.73612656802e-05 2.7516496323e-05 0.00113624908397 0.00038721909131 0.000295474330476 0.000863271721905 0.000588753395881 0.000680773793765 0.000530154580108 0.000534095324282 0.000326593088493 0.000106037132644 0.000195701770307 4.64974132308e-05 3.73650155147e-05 1.35405004299e-06 3.52656333117e-05 0.000123756422272 0.000381550988903 0.000444239720924 0.000121044009043 0.000303390842539 0.000189974739416 2.42196614246e-05 0.000256746171257 0.000125490318173 2.91778322558e-05 2.19326310403e-05 2.70844144031e-05 0.000122660338789 5.13949913456e-05 7.68740525871e-05 0.0001832126958 0.00066129270234 2.1146308452e-05 5.64407165582e-06 0.000183810450076 0.000412306028236 2.92945492511e-05 0.000371210619513 5.58757568313e-05 2.75733041326e-05 0.000447004806967 3.56762783116e-05 2.05902838012e-05 0.000251461125989 0.000371440208088 6.69118057283e-06 7.57518293231e-05 5.47849711431e-05 0.000541051012302 0.00037918764898 0.000314349226115 0.000551147014445 0.000342181425796 0.000565306530877 0.000135809998083 2.6668560005e-05 3.15321025235e-05 1.26596368586e-05 4.87067296034e-06 0.000217894448507 0.000295087015111 3.59951933782e-05 1.7939034773e-05 4.41472290515e-06 0.00017225251685 0.000815884588881 0.000247256032342 0.000531284327488 0.000412466222307 2.96981532014e-05 0.000346997424085 0.000437599614797 0.000429338030501 8.05548780368e-05 0.00102437644169 0.000218800739332 0.00035316464147 0.000264868256169 8.66187629684e-06 0.000249288085715 0.000154024278213 8.98998375446e-05 0.000429755319216 0.000917449518249 0.000208109789869 0.000570290891678 0.000277554913766 0.000383776862567 0.000346544282698 0.000504726518771 0.000174333216428 0.000211570282437 0.000632890313793 0.000260305425935 6.59386292119e-05 0.000213584185913 0.000141237830045 4.03842678685e-05 0.00058513801918 0.000128062372602 0.000329090452671 0.000190051358438 0.000271218172117 0.000299273807516 0.000225014631309 0.000294854634564 0.000125829448387 0.00033171119825 0.000336544196944 0.000514549764889 0.000785520496521 0.000543480035795 0.000650226502739 0.000282602930097 0.000141431237661 0.000530346554733 0.00039343022629 6.60648217887e-05 0.000353877959621 0.000257217686613 7.5926993656e-05 0.000751757561278 0.000731754460996 0.000244795323447 5.35228622315e-05 0.000303933036499 0.000589592794262 7.47974808473e-05 3.91364422906e-05 1.01672534582e-05 0.000660544569776 0.00046802084746 7.69873224699e-05 0.000597625743636 8.95304117113e-05 0.000260948257852 3.92625238807e-05 0.000186356435844 0.00011881160699 0.000587869712772 0.000525680860427 0.000277670862772 0.00041593788108 0.000976962047581 5.42547110253e-05 2.10874019819e-05 0.000330953092774 0.000387185552821 0.000460084476473 0.000427501341687 0.000699387519562 0.000123121768844 0.000401612588405 0.000749809805556 0.000470822015573 6.42307760125e-05 0.000554750926001 0.000249608885195 0.000174329163445 0.000124172620434 0.00029243580187 0.000186259695817 0.000274541234464 0.000178351424622 4.7842175844e-05 0.000307141652383 7.11248061578e-05 8.87746660822e-05 0.000101399286858 0.00014440625281 0.000183533441872 0.000115681822399 0.000150141899529 0.000198936151683 6.45479451325e-05 0.000151581837605 0.000205748108225 0.000186293113352 0.000292220573542 5.20093793295e-05 3.69881078572e-05 1.24256305659e-05 4.21987952745e-06 0.000182785987281 0.00023110770156 0.000360288790314 0.000850136809837 0.000229688233308 4.05039475986e-05 0.000760280080727 0.00078179564189 0.000782769021379 0.000572383064525 9.19344291944e-05 0.00104072041516 2.97274378438e-05 3.64224741778e-05 4.40147933394e-05 0.000443841338164 0.000752208531932 0.000459374374481 1.05506813706e-05 6.44334991591e-05 0.000241722361726 0.000317791681864 0.000288541143252 0.000297480169212 0.000432688340371 0.000230265475161 0.000488662008455 0.000213425402869 0.000206872779739 0.000544493440125 0.000211655657104 4.26060921769e-06 0.000499396914206 0.000403510647769 0.000556362707732 0.000377323648063 0.000105427006258 0.000431247817318 0.00040811247901 0.000149380593954 0.000405575372904 0.000337177315766 0.000593361558326 0.000143324660273 0.000127995007824 0.000283800040727 3.90745218626e-05 0.000136077050051 0.000186320376508 0.000516852675186 0.000659646741862 0.000179642634365 0.000465012251988 0.000109638194058 0.000615135646182 0.000362206942064 0.000500573912838 9.38942226317e-06 0.000333642180007 0.000777957793945 0.000761007213264 0.000733459611161 0.000207994045158 0.000622797063849 0.000531452901963 0.000692699622732 5.49908507679e-05 2.55994597042e-05 0.000767435528751 0.000102104706226 0.000124694098114 0.000394804687742 0.000271014566365 0.000279935189076 3.71080445031e-05 0.00031168829097 0.000718531688847 7.3814374816e-05 3.28851326946e-05 6.14002005419e-06 2.49354475878e-05 0.000122632050576 0.000132886401827 0.000317340269919 0.000286065741979 0.000292608821111 0.000137951784245 0.000183378997618 3.9125001771e-05 1.81109621211e-05 0.000514591713405 0.000622869284288 0.000303903925735 0.000221736714911 0.000223360063607 0.000242733316715 0.000382483467339 0.00032680086535 0.000131030096863 0.000238814577545 4.61278779313e-06 0.000376343913674 0.000554825044327 0.00114180907197 0.000181952215807 0.000574512592071 0.000319089469551 0.000147358422966 0.000440501929123 0.000368987629351 0.000396801728015 0.000288401058501 0.000220526740126 3.23014618872e-05 0.000228251263744 0.00039181022169 0.000590432311957 0.000142684909644 0.000119612131323 0.000459519158636 0.000623732499632 8.34249783998e-05 0.000151295927936 1.59959051678e-05 0.000526489523907 0.000161265455912 0.000127541197524 0.000212627267791 0.000202092240407 0.000199809472489 0.000262238886107 0.000338953824508 4.98895775322e-06 0.000352203967057 0.000275320705834 0.000508772951859 0.00035925625955 0.000522569225177 0.000409927480131 1.76154256204e-05 0.000456436246154 0.000416372484679 2.29698297134e-05 0.000107377697674 0.000123185217603 0.0002261111886 0.000531870256046 0.000184164619924 0.000244446421399 6.69447178699e-05 3.68659455649e-05 9.90660315442e-05 2.35934394794e-05 2.36900887153e-05 2.41938665864e-05 2.78189240831e-05 5.8818457386e-06 1.74436464886e-05 0.000193922726856 0.000113568210391 7.03786182735e-05 5.07371865238e-06 6.34563480297e-05 3.37666954248e-05 2.34697315027e-05 0.000234328110746 0.000133765242628 0.000240133096885 1.35268504718e-05 0.000319394657881 0.000545015229945 7.77555729243e-05 1.75715916437e-05 0.000156325165697 1.10156654112e-05 0.000313972190217 0.00052625967504 0.000512080802136 0.000808095943105 0.000849109008293 5.58570349951e-05 9.54607830752e-05 0.000103024469678 7.7144202241e-05 0.000348314317918 5.45665964708e-05 0.000262274712227 8.74514241631e-05 0.000385345129549 0.000400426134564 7.91062838022e-05 0.000525682890833 0.000127222499759 0.000396036078436 0.00083229271633 0.000484240387982 0.00017851859434 0.000212621075109 4.41621693531e-05 0.00117009977902 0.00024466598681 0.000217007980097 8.45686589576e-05 0.00013299833394 0.000141397975571 9.65465390911e-05 9.68046043266e-05 1.44243642512e-05 0.000531067469379 0.000798013260292 0.000547133867297 0.000457643009235 0.000102014247876 4.32723955787e-05 2.97341664768e-05 3.97377022918e-06 0.000148846307206 0.000585506623836 0.000191230704997 6.97837812225e-05 0.000296800379233 0.000103209042962 5.51175540648e-05 2.20128116938e-06 9.20212069366e-05 7.91240197706e-05 0.000597971573375 0.000448518185311 0.000326706760242 4.68213733838e-05 0.000176843933199 0.000217587735465 0.000474672746485 3.92325832043e-05 2.86552557947e-05 0.000350692583637 0.000347141960565 0.000135574898155 0.000147599851512 0.000323236509381 0.000153402959724 0.000323587034303 0.000302798806926 8.99020630531e-05 8.08320881928e-05 3.24723376924e-05 3.52841395719e-05 0.000215756504452 0.000180395304247 2.6932103026e-05 0.000473453398375 0.000135070756364 0.000394856491927 0.000125602826587 1.90955552485e-05 0.000153406181955 0.000387687088263 0.000309401132437 0.000311298424747 0.000223392170901 0.000475493270412 0.000242548738995 7.84612682437e-05 0.000308221511109 0.000281846124266 0.000323176759047 0.000467022275194 9.30405435784e-05 7.4978951878e-05 0.000295869772015 0.000563131707911 0.000503627127984 0.000338285704893 0.00041125746936 3.9266215586e-05 0.000282754347516 0.000479857345998 0.000247029973419 0.000148738510659 0.000592077472078 0.000131459002682 7.78873364512e-05 8.51401613948e-05 2.4837142539e-05 0.000211484092086 0.000164271862766 7.38603868008e-05 9.4193904608e-05 0.000200709247096 7.13996109342e-05 0.000305656230576 0.000164756330139 2.64026277369e-05 0.000233881913339 9.47269416992e-05 6.16832519796e-05 2.73639395992e-05 1.56079466657e-05 8.98586070016e-05 0.000233918776444 0.000193435841576 0.000260543993489 0.000211593830772 0.000415595973806 8.34589383454e-07 3.54558176645e-05 0.00062297138453 0.000180188017723 0.000336299280206 1.3559284277e-05 0.000274154954199 0.000171293217673 0.000541178702993 0.000176706039624 0.000317519378429 0.00036991753963 0.000159744513876 0.000240294770852 0.000491324098152 1.58372018741e-05 0.000339703562148 0.000255467154511 1.38245717203e-05 0.000295670727177 0.000245597397889 9.391008464e-05 0.000173826315901 0.000356757073778 2.93663050438e-05 0.000178078220693 0.000229236383056 0.000203808696593 5.94470930856e-05 0.00044824702259 0.000409605560744 0.000437944156377 0.00101726986979 0.000299812917889 0.000803631131882 0.000309494296386 8.55419364296e-05 0.000208038681008 0.000107573254768 0.0002439178326 0.000224081051325 1.06815786875e-06 0.000100786360387 0.000111481521399 0.000282481002002 0.000455501682148 0.000240881156769 0.000174952367144 0.000115570912886 4.6855268883e-05 0.000506844505894 7.19260769161e-05 0.000376214098488 0.000113335286175 0.000252278550001 6.51529774842e-05 0.000176774026029 0.00046028744071 0.000323378118112 0.000253318531675 0.000296102617765 0.000236712219386 0.000255098526178 0.00024611954182 0.000251481453723 0.000172517166627 0.000300720964572 5.55511386229e-05 0.000203745963969 0.000244109585819 0.000550869694558 0.000460285932958 3.50397437325e-05 5.1620898004e-05 0.000113019160459 0.000121788872648 1.27830847981e-05 0.000239798543838 4.85527220439e-05 4.46284547773e-05 7.10095399754e-05 7.75470691124e-05 0.000171932160478 0.000161762624453 0.000208192814418 0.000228461034665 0.000393506372352 3.85639569871e-05 0.000382936185586 9.84929077721e-05 0.000234295150602 0.000105460581146 0.000155078581526 0.000192127187137 7.90844343908e-05 4.93306588265e-05 5.36147955457e-05 0.000166970033676 0.000243768978471 0.000199102400114 0.000130322237994 9.10573439619e-05 0.000110823745764 0.000156200008778 7.42894655446e-05 0.000306097270354 0.000116715020777 0.000368634108818 1.99125309654e-06 0.000506761179629 0.000116465903567 0.00018610743406 5.37796936094e-05 0.00025999512529 0.000144502615553 0.000393217714525 0.000187189755925 6.49839343183e-05 0.000144898136253 0.00037662773727 0.000534051680754 0.000263042321982 0.000535369203499 2.7400388189e-05 0.000220150062876 0.000375208254818 0.000205631281405 0.000253671685831 0.000298639739559 4.09511592297e-05 0.000359228642423 0.000153753765419 2.33052831063e-05 0.000350618122574 0.000285626905389 0.000100210079045 3.84554525603e-05 1.55541951965e-05 1.83588128006e-05 2.78335976638e-05 2.96746832603e-06 0.000208207557508 2.23827337412e-05 3.87081032552e-06 0.000168131165692 0.000309713086519 0.000714679487286 0.000280468679327 0.000175122303195 0.000495655403823 6.2643687962e-05 0.000406761307897 0.000676405430025 7.3943101713e-05 0.000124676612813 1.44626042297e-05 0.000117784918754 0.000162731726837 4.95779080446e-05 0.000174181637885 0.000106527603774 0.000288587087637 0.000303992953173 0.00101735654113 0.000473186610356 0.000705130938948 0.000662129014923 0.000129423525979 2.05020486691e-05 4.43515762936e-05 0.000350310083952 0.000328596909705 0.000462335055864 0.00011615031557 0.000567859436078 0.000545150721679 0.000189102691429 0.00017411851262 7.94353259641e-05 2.84888208961e-05 7.80428360933e-05 0.00033324170654 0.000437102420499 0.000111394421977 9.57202300785e-05 0.000145138409756 0.000419433328687 8.73974159705e-05 0.000104879571735 0.000201295997158 8.95792735698e-05 0.000530718803762 6.43469170263e-05 0.000331290148493 8.35690753779e-05 0.00020911748675 0.000143326011834 0.000138501961792 5.95599518511e-05 0.000106455969716 5.22588635429e-05 0.00013719400515 0.000519306851105 0.000400080585396 0.000338969715714 0.000288907073664 0.000152986697906 0.000278143740504 0.000340428510873 1.77835780641e-05 0.000396440992315 0.000225779681832 0.000293218729411 0.000313261780804 9.55572579962e-06 2.73520713889e-05 2.72871296182e-05 9.05993683344e-05 0.000407835433122 0.000357664526367 0.000371271286217 0.000362224580235 4.09389616655e-05 8.65044208943e-05 3.0696967792e-05 5.73913404803e-05 0.000195399392916 0.000191781284402 7.7370653737e-05 0.000191041474829 7.41900842071e-05 0.000356263847716 0.00028796694207 0.000289826680264 0.000435742236675 0.000328730395146 6.66348651711e-05 0.000127483025579 0.00116183041875 0.000440156441417 0.00126124224175 0.000231450001152 7.62835411022e-05 0.000234067879026 4.97183586942e-05 0.00044010333803 1.38313657186e-06 0.000399781123942 2.64067484458e-05 0.000323092107893 0.000188971358027 0.000403798756166 0.000262956156304 7.73902548215e-06 0.000224622850747 0.000119426966807 1.70585405082e-05 0.000164955562346 0.000238832885678 9.00477256891e-05 8.29805554897e-05 9.87665539945e-05 0.000146349415723 8.40724649255e-05 4.93127491872e-05 0.00023026678934 0.00014719925126 0.000167308773418 5.74863129397e-05 0.000267796598535 4.836630208e-05 1.93144918157e-05 0.000295223357466 0.000107025451092 8.53346552799e-05 0.000364094997264 2.17063348266e-05 1.30703212878e-05 2.69282823095e-05 3.60261895012e-05 0.000278933556776 0.000191721717337 0.000157169618005 7.14981624814e-05 0.000312963778929 0.00021615885226 0.000375931062683 6.29506637158e-05 0.000128359459506 0.00021972909792 0.000105350606643 0.000582282368173 0.000498711088033 6.75203269504e-05 0.000130617831927 1.89677448042e-05 0.000446587088245 0.000162783951402 4.72716337687e-05 2.85927461944e-05 3.48373923052e-05 4.59150698933e-05 0.000431103452633 3.71916744012e-05 0.000182337298732 1.76391282906e-05 0.000546419789629 0.000129308906874 0.000692847217102 0.000315195389195 0.000555891714449 0.000500003999884 0.000330762980902 0.000153612201152 0.000550323151339 0.000209528034765 0.000183513563758 0.00014808550509 0.000515149102842 0.000389169366243 8.93738629881e-05 0.000635295108763 6.12474487127e-05 0.000129167504215 0.000114377951349 6.44856170923e-05 0.000311706510522 0.000389048456863 2.64227251699e-05 0.000135754867208 4.60732572966e-05 0.000371638613638 0.00040856425634 8.63546243866e-05 5.8340677543e-05 7.87330596982e-05 3.82598685993e-05 0.000113887420344 0.000258865635111 0.00012102173039 0.000277775173136 0.000343595748053 5.12700071209e-05 0.000272416588882 3.5001976368e-05 0.000115553244853 0.000204647449797 0.000155411430022 7.67721739012e-05 0.000900456069557 0.000285573370238 3.84538093793e-05 0.000516829202789 0.000471899040518 0.000200448639014 3.68546574442e-05 0.00010537933012 7.0008020785e-05 0.000191553458131 0.00019958341111 2.31819731106e-06 0.000280913826915 0.000360782967859 0.000126140382083 5.70043736373e-05 3.04685922633e-05 0.000217390475652 0.000229969410904 0.000124180717384 0.000298309134025 0.0004792553418 0.000358324906022 0.00031243345842 7.02375843984e-05 0.000215448730418 0.000199292928131 0.000249915340199 0.000128727633988 6.61912232958e-05 0.000214334827602 8.84138668556e-05 0.000228486217333 9.78180078037e-05 0.000433085911642 0.000191823103628 8.18886513466e-05 6.07742693076e-05 9.90328719305e-05 5.70869645559e-06 9.90123394049e-05 7.85213924286e-06 0.000166987235517 0.000197212387354 0.000363255751562 0.00020394742285 0.000176580141469 1.5578103338e-05 4.41581486657e-05 0.000207843092156 0.000146626273137 0.000133440963431 3.36818808859e-05 0.000132169543596 0.000163791149329 0.000281516293975 6.51369908966e-05 0.000135388189485 4.93767623425e-05 4.14580765433e-05 0.000215426877606 0.000135488851338 0.000379752602979 8.26783796719e-05 0.000106518210829 0.000151558957029 0.000187494906038 0.000102497106976 0.000173114055084 0.000370319199191 0.000139013257888 0.000293917880244 0.000105087816891 0.000433858016792 0.000218002829283 0.000342236362685 0.000180793662351 0.000136290506741 0.000269114247121 7.90531898244e-05 0.000286819312737 3.982120775e-05 0.000598179882928 0.000217459754657 0.000221598313887 1.70716285722e-05 5.92398491274e-05 0.000109736092394 0.00014256320527 0.000166411429908 0.000190388981724 0.000141651282436 6.04034113221e-05 7.87519003469e-05 6.23156757716e-05 0.000128113110987 0.000151972904244 0.000172327786476 0.000117148071381 0.00014915908671 0.000126167990607 0.00018218839805 0.000444896463836 0.000106422097309 9.96574824203e-05 0.000269211621653 9.02814984374e-05 0.000261275672281 0.000149718668904 0.000290727813585 0.000309168433267 6.17358580862e-05 0.000279491186722 0.000506121211706 0.000180360833952 7.7776756718e-05 0.000170788486205 6.64800504186e-05 2.1694115157e-05 4.98257053665e-05 6.64035532211e-05 5.85170251508e-05 4.41737841784e-05 0.000121836570307 0.000258113184311 9.09680077308e-05 0.000169465835682 3.35393605376e-05 0.000134320180616 7.96333012683e-05 2.14480100346e-05 0.000117711953093 4.18882150166e-05 1.39425083046e-05 2.3170080281e-05 0.000140874685148 6.95902420674e-05 0.00012521715573 1.08646964127e-05 3.12629828935e-05 7.30841083706e-05 6.06387918048e-05 7.85336173403e-05 8.01729107838e-05 5.22664806087e-05 9.57429308935e-05 0.000222883215374 2.04805969105e-05 0.000233982146562 0.000218724226724 7.96153078643e-05 0.000247463397126 4.73682307227e-05 1.32333634295e-05 1.71963628215e-05 8.3910806198e-05 3.14091530185e-05 7.73179214524e-05 7.5379680097e-05 4.96983793798e-05 5.00633772182e-05 0.000248740340241 8.53813460322e-05 8.74968307145e-05 0.000170497533212 7.70892910404e-05 5.50070443678e-05 0.000103067589383 4.14760829552e-05 4.04577328983e-05 5.2293211641e-05 5.01589257335e-05 8.00408783133e-05 2.82625095139e-05 3.79001687921e-05 4.85566570192e-05 8.82146243289e-05 0.000443182489888 3.93523313454e-05 0.00014233594796 7.80168546354e-05 0.000122585060276 4.60566470442e-05 6.25111288802e-05 0.000115444825368 8.05145224847e-05 0.000124761024359 0.000169823822822 0.000146558032814 7.79538924859e-05 0.000187737208133 3.89475333824e-05 2.71140694895e-05 1.65796070302e-05 2.24517162908e-05 0.000104328659232 0.000213189936085 0.00020287859629 9.01548246969e-05 4.69698841739e-05 7.10701552115e-05 8.557011528e-05 6.05999602544e-05 5.3781117461e-05 3.41826159107e-05 0.00034421366594 0.000277244357766 0.000116072777282 0.000100079264258 2.64967404697e-05 8.83996090426e-05 2.1059881255e-05 0.000214342769504 0.000170776118668 9.79342047727e-05 3.86923366249e-05 1.43979858376e-05 1.45205658622e-05 0.000111149977817 8.4953983173e-05 0.000183672161712 0.000157595644282 0.00014669793366 8.49147099568e-05 4.46973673125e-05 0.000319979693429 7.98164323524e-05 0.00033984669632 0.000160486281242 2.11179994449e-05 2.71267542913e-05 3.47903361469e-05 2.59660180324e-05 1.32285727321e-05 8.83274403945e-05 4.1113157981e-05 7.01843913037e-05 0.000112259641825 8.59706753047e-05 2.02143893942e-05 8.98206130432e-05 0.000124038983276 0.000100678979642 4.53589357277e-05 5.63079491639e-05 3.38204499034e-05 3.71517584735e-05 0.000525427206885 0.000300246063351 0.000186620603275 0.00016961701056 0.000114340327207 6.29631368811e-05 0.000166377143924 6.58671914803e-05 9.54398131696e-06 0.000224566579774 0.00015557578965 6.3487409936e-05 6.5152524296e-05 0.000386183358919 0.000105985355634 0.000251474492607 0.000264047930339 0.000149979239519 3.02005530548e-05 0.000137764151396 6.38398090142e-05 4.53835695776e-05 5.57586619395e-05 0.000102524634409 0.00031256403076 0.000361594508847 0.000294533499486 0.000179936587479 0.000105283588806 0.000163803276582 1.04111478617e-05 0.000175768789383 1.38489920694e-05 0.000514937623755 1.25067447705e-05 0.000309307701274 7.69877592142e-05 0.000170549811592 0.000241087069646 8.32564114359e-05 1.54364287381e-05 3.14383856171e-05 6.88676339142e-06 1.32593902481e-05 0.000121345140746 7.71072370431e-05 8.32305290274e-05 3.37450765249e-05 0.000150218989544 0.000259602956461 0.000105759448607 4.12585035528e-05 5.78819679487e-05 0.000126331677242 2.72454944762e-05 6.64800125351e-05 0.000135672724887 0.0001638158396 1.55014305491e-05 0.000250492886138 0.0002314427682 5.22244249245e-05 6.49803150723e-05 1.72861888572e-05 8.43234158996e-05 7.06895370768e-05 1.28915230866e-05 9.50709420843e-05 3.38854118763e-05 5.69886786162e-05 4.35741469135e-05 8.89323705777e-06 2.99512554456e-05 4.65895702195e-05 1.36393496252e-06 2.83476985278e-05 0.000166544207364 0.000189856285801 7.99975155198e-05 0.000342458055529 0.000355215105047 0.000206567465671 5.99860648852e-05 0.000202751781135 7.66273337005e-05 5.25799445467e-05 8.56094253994e-05 0.000131333894961 5.60297760008e-05 0.000148985096908 5.71292943389e-05 8.35882271643e-05 0.000136513225275 0.00015358911287 0.00026418721245 0.000188643121888 0.000154004429673 0.000268544892626 0.000361555002255 0.000277343234595 0.000164978190774 0.000241149330313 0.000246604760051 0.000107296354745 0.000145761836392 0.000102369387123 0.000143288384382 0.000209637486139 3.93098750802e-07 6.25827718381e-05 3.43999547845e-05 3.34342972047e-05 8.90408117387e-06 7.9343812946e-05 3.9627598666e-05 0.000132304727554 2.16074126955e-05 3.96774721125e-06 0.000536279132672 0.000259257537377 4.96710230968e-05 3.25392671071e-05 7.54852891356e-05 3.78697310224e-05 1.16723526412e-05 0.000121187314649 0.000130566210698 6.58819183892e-05 4.50920028144e-05 5.55616855178e-05 1.85944561664e-05 2.12091096784e-05 6.92537482106e-05 5.83836099063e-05 5.17250713096e-05 4.57704846731e-05 0.000216827206006 0.000143778740329 9.26799268687e-05 1.50306278417e-05 6.86223144419e-05 3.13007295798e-05 2.08255917961e-05 0.000164328600695 3.80303195697e-05 5.34750916673e-05 0.000163433684261 0.000109398730022 1.58340154079e-05 7.90904309978e-05 8.96343649122e-05 0.000160755749763 9.31288547548e-05 5.45658364961e-05 0.000112226532743 3.47052074371e-05 2.76915782519e-05 4.50375828538e-05 3.97752221731e-05 1.59106296753e-05 8.04830058163e-06 0.000166700661159 0.000270931334932 3.36133711564e-05 0.000186073304491 7.29713866324e-05 5.60987357283e-05 9.8445090983e-05 3.87135029645e-05 1.65160815472e-05 3.61659223317e-05 0.000235162295171 5.70813069922e-05 1.05774336047e-05 0.000100630890259 0.000399162254472 0.000316515911938 0.000118431399199 8.84693323436e-05 0.000116934408612 1.51595943204e-05 0.000146712911086 0.000120274110929 0.000228082057933 8.9222424246e-05 1.25931956447e-05 1.47635340144e-05 2.27141109405e-05 4.77874341146e-05 3.23883144613e-05 0.000100640703204 9.48983963796e-05 9.30165798051e-05 6.97238673426e-05 0.00025910146899 0.000148540691818 0.000194523726997 0.00016723976494 9.52882595726e-05 0.00020035276626 0.000150084706322 0.000332845144366 0.000245332220089 4.23811863551e-05 1.81701095431e-05 7.52036731916e-05 7.42300716189e-05 0.000134370492269 5.92696979262e-06 7.05115399799e-05 4.89517880519e-05 0.000131029277587 0.000162673389633 0.000175522794343 0.000215828325088 1.39027437038e-05 0.000428372856631 0.000151247529971 1.27287546628e-05 0.000118799647774 1.26934924776e-05 3.84355611907e-05 3.29237153444e-05 2.01978986246e-05 0.000114243390352 1.82230256127e-05 4.96587848139e-05 8.41993206392e-05 5.60695588993e-05 0.000261977990292 7.7494527168e-06 0.000154038628724 4.72671249791e-05 4.7488037735e-05 0.000131008575773 0.000426220821581 7.7624923338e-06 0.000222108124772 0.000206869125972 2.02027846282e-05 5.72966292588e-05 5.44554661211e-05 3.37236319247e-05 2.56150923468e-05 1.8480047285e-05 0.000273261191062 5.67122349301e-05 0.00021888510562 0.000215664748531 0.000144430016092 0.000172580502949 0.000315741368789 8.28319119938e-05 0.000237411053228 0.00019428344264 0.000229727098124 0.000217942466801 0.000160762806415 0.000217436805405 0.000259995522276 0.000145076394572 8.54471215073e-05 0.000367312517641 0.000368113364528 0.000179955912745 8.84171587495e-05 0.000170050590399 8.81496536811e-05 4.11621626649e-05 0.000105374664583 8.30746078013e-05 1.34794830159e-05 0.000206512657784 6.7964724242e-05 8.51961347933e-08 3.77387790513e-05 0.000133418707846 0.000227614325882 0.000255448462503 7.95347837288e-05 6.77961124385e-05 3.96328033157e-05 0.000221030192045 6.75787405704e-05 3.30939898373e-05 4.22731708007e-05 0.000299856039739 1.97100984941e-05 0.00026449154419 5.97249898379e-05 4.75237188736e-05 1.4722406448e-05 7.35887414945e-05 0.000110948086314 8.7149085209e-05 2.27825601008e-05 0.000191541973909 3.01945702971e-05 9.24496885587e-05 1.54617237086e-05 5.14195830921e-05 1.78535261924e-05 6.16984995896e-05 0.000192741902547 9.67610862092e-05 5.62441664748e-05 7.22333092161e-05 0.000101820535795 3.72198705353e-05 0.000347055715245 7.49490878062e-06 9.48715834228e-05 0.000340666978091 3.01107105426e-05 5.56851187304e-05 0.000110419327717 6.05649132095e-05 0.000126804779231 6.5290289669e-05 1.10051791173e-05 0.000108359551887 9.7272555811e-05 0.000137530029601 1.64597890661e-05 0.000322076293633 7.95612801889e-05 0.000146645703816 4.79376614687e-05 7.23603947277e-05 5.90818202395e-05 0.000160763801148 4.15119254546e-05 0.000102440527295 0.000105108631886 8.5713459318e-05 4.71760619634e-05 4.02934732676e-05 4.42019499221e-05 2.62219569995e-05 0.000105998293063 0.000129279570464 5.11571103089e-05 7.80410438276e-05 8.24708968337e-05 3.9729447114e-05 0.000119877529658 0.000218181719991 9.17523337177e-06 6.36662971396e-05 7.62911208638e-05 0.000216833413618 3.89758475054e-05 6.85158924837e-05 1.83158068024e-05 4.27120967235e-05 6.56249479774e-05 4.75644304383e-05 7.14522169225e-05 0.000122305954632 5.00675439875e-05 6.521217874e-05 0.000114691544918 8.57809295374e-05 5.75685758629e-05 9.87493506065e-05 0.000158137144395 3.21540321764e-05 2.41230973194e-05 0.000278368932092 0.000362823590457 0.000251543749402 5.16172734294e-06 1.81441037348e-05 4.15780844307e-05 6.63379703085e-05 0.000180640832169 4.95341892269e-05 9.20439513492e-05 4.49998269178e-05 3.12137090616e-05 6.55453150812e-05 4.29844903962e-05 1.65377967492e-05 0.000147880547925 2.45909357163e-05 4.7986596525e-05 0.000228368536881 4.44701257862e-05 7.12930488832e-05 8.20110639184e-05 3.76490825454e-05 9.38329181574e-05 7.66879293566e-05 5.97966683844e-05 4.05757179429e-05 4.48256100917e-05 4.15502599045e-05 8.71126056544e-05 4.56548735067e-05 6.1398116506e-05 7.63418176786e-05 5.19380818665e-05 1.06766769651e-05 0.000109488728948 2.60114501637e-05 2.05739011155e-05 2.13886460282e-05 5.34861679649e-05 9.67907911545e-05 4.3066199699e-05 2.52097490808e-05 0.000206531764003 6.79968504579e-05 7.05015791156e-05 2.86611883879e-05 3.6185931428e-05 3.48271912979e-05 0.000198482829237 2.92279674298e-06 1.5161469407e-05 5.62103303141e-05 5.78241939165e-06 2.2937773518e-05 2.32523912042e-05 2.50235743722e-05 1.21598264741e-05 7.08447763626e-06 4.21645547046e-05 1.00256822411e-05 2.35232338016e-05 1.50449101673e-05 1.56411343756e-05 3.84814814711e-05 3.60853299602e-05 1.06478521809e-05 1.8204166272e-05 2.41733778463e-05 1.56936328262e-05 1.65172556914e-05 2.71672776612e-05 6.6609026106e-05 2.89265489431e-05 0.000151716553572 4.41366943944e-05 3.65713933062e-05 2.65988288145e-05 4.29462202448e-05 6.0394696659e-05 8.29495670387e-05 5.46388426764e-05 0.000172534897763 5.60579261188e-05 7.34115622515e-05 4.15968286343e-05 2.32183333811e-05 2.34986597709e-05 1.17284126949e-05 8.13755288e-06 1.12836774061e-05 3.7451520279e-05 7.39509264735e-05 5.85679919052e-05 1.26089663892e-05 1.39034117428e-05 9.33658693614e-05 7.76234249589e-05 5.01950665637e-05 2.58642662655e-05 1.62130020766e-05 1.90134709305e-05 1.76968331004e-05 1.0257602223e-05 1.88909732495e-05 7.32959535553e-05 2.04456681649e-05 3.65686950519e-05 3.6591634196e-05 2.48431055157e-05 1.83177594144e-05 2.76946053774e-05 1.37176867835e-05 5.7334002885e-05 4.93494609779e-06 2.30246860904e-05 1.12683114294e-05 2.07071632205e-05 5.82639131711e-05 2.3365245321e-05 3.31196899014e-05 2.43258289287e-05 8.56571396841e-05 2.30566736004e-05 2.51023862196e-05 1.37971351669e-05 4.73332298317e-05 4.42857655627e-05 2.32779680711e-05 3.2397219395e-05 3.31867286951e-05 2.39195446833e-05 2.74923634696e-05 1.14023381738e-05 2.64213235141e-05 1.39792174434e-05 6.0636060055e-05 4.27168974711e-05 1.3327381846e-05 2.38161166247e-05 3.30112296083e-05 1.66613080397e-05 5.56025669577e-06 9.16367510788e-06 3.36995483814e-05 5.98354693928e-05 3.28659917526e-05 3.27639852982e-05 1.36386063589e-05 2.05140094855e-05 3.23836460911e-05 3.63614292934e-06 3.69340132118e-05 2.13504636604e-05 2.5640897839e-05 3.47978977514e-05 2.13312422506e-05 4.82855338818e-05 1.55958983801e-05 3.75026043056e-05 3.50343327153e-05 2.10274898298e-05 2.17088988432e-05 3.28081453485e-05 9.60266838973e-05 2.09412690186e-05 1.88536833429e-05 5.40989158179e-05 2.49113698009e-05 2.77659393709e-05 4.20543967477e-05 2.00279395682e-05 1.01705226839e-05 0.00010158195259 0.000151599565173 8.9475958094e-05 5.84496333405e-05 4.56976333101e-05 2.96872432052e-05 5.77113374332e-06 0.00010257099485 5.06493162651e-05 2.83198233233e-05 5.66296837624e-05 4.03883706842e-05 2.92559507616e-05 2.28606928224e-05 5.86207493387e-05 1.22054445308e-05 9.73911106504e-06 1.9953737821e-05 2.1579998895e-05 1.67459899567e-05 2.1767850137e-05 8.9264140917e-06 3.46035534871e-05 8.87004275595e-05 4.32981943848e-05 1.95203442142e-05 2.26126674809e-05 3.53032927859e-05 1.65123587029e-05 4.54500646991e-05 6.99212082523e-06 0.00019039707643 3.36207379784e-05 1.15798856132e-05 1.61448363648e-05 1.11405082451e-05 9.59931779102e-06 1.55978601773e-05 1.07274273046e-05 4.54110682333e-05 3.24332438492e-05 2.90918119995e-05 2.68348010126e-05 9.02278201985e-05 6.43195887372e-05 3.28836672871e-05 7.57219773638e-05 4.10328657004e-05 2.95149799508e-05 4.98594783326e-05 2.80973751236e-05 1.62708573847e-05
</DataArray>
      </CellData>
      <Points><DataArray type="Float64" Name="Points" NumberOfComponents="3" format="ascii">
-0.00299209 0.00106305 0.000799639 -0.00148591 0.00403036 0.00345489 0.00210279 0.00391552 0.00372263 0.000657146 0.000616013 0.000799431 8.08283e-05 0.00295704 0.00209107 0.000228643 -0.00459553 0.000799701 -0.00338247 0.00559312 0.002039 0.00466971 0.00122313 0.00079964 0.00718168 -0.000520556 0.00226259 0.00155056 -0.00328432 0.0045941 0.00016441 -0.000820392 0.0031962 0.0018378 0.00482099 0.000799333 -0.00406569 -0.00594276 0.00371727 -0.00287209 0.00323262 0.0034354 0.000961387 -0.00713565 0.00239299 0.00109346 -0.00711664 0.00079934 0.00319168 0.00357511 0.00217604 0.00598916 0.00399625 0.000799914 -0.00348031 0.00245514 0.00469396 -0.00641373 -0.00327303 0.0040734 0.00635408 -0.00338753 0.00235422 0.000105918 0.00413768 0.00332032 -0.00567849 -0.00121727 0.000799936 0.00137494 0.000203067 0.00341125 -0.00109521 0.000263022 0.000799388 -0.0010628 0.00115868 0.00429982 0.000151111 -0.00603114 0.00150123 0.00196004 0.00183317 0.0034644 0.000806859 0.00356948 0.000799936 -0.000501822 -0.00434491 0.00307642 0.00710543 -0.00116285 0.000799631 -0.00715774 0.000780767 0.00214935 0.0033191 0.00570765 0.000799503 0.00411739 -0.00396123 0.00143835 0.00412923 -0.0058984 0.00239672 0.00670752 0.00261752 0.00239862 0.00411922 0.00552437 0.00217285 -0.00432378 -0.00256608 0.00284168 -0.00298129 0.00238268 0.00208481 0.002547 0.00212181 0.00200508 -0.00221997 -0.00684931 0.00130082 0.00264017 -0.00669851 0.000799659 0.00263547 0.000427559 0.00225137 -0.00603866 -0.00387551 0.000799936 0.00160837 0.00338402 0.00229697 -0.00522194 -0.00495789 0.00321788 -0.000734329 -0.00716292 0.000799129 0.0030251 0.00118674 0.000799204 -0.0066915 6.01781e-05 0.000799463 -0.00647667 0.00314608 0.00356135 0.00150728 0.00197694 0.000798773 0.00057156 -0.00177553 0.00446832 -0.00582678 0.00059942 0.00393459 0.000768913 -0.00464962 0.00399907 -0.00256731 -0.0041756 0.00448047 0.00380236 -0.00175832 0.00365433 0.000609264 -0.00294407 0.000799903 0.000869254 0.00714748 0.00444138 0.00231683 -0.000247288 0.000799525 -0.00301907 0.00653689 0.000799194 0.00163138 -0.00404875 0.00134265 0.00151094 -0.00556357 0.000799892 -0.00217023 0.000362273 0.0019796 4.2746e-05 -0.000861185 0.000799514 0.00260291 -0.00671344 0.00510146 -0.00193073 -0.0011011 0.000799489 -0.00555485 0.00446191 0.000799664 0.00529423 0.00273165 0.00149913 0.00287044 -0.00315013 0.000799936 0.00381615 0.00257251 0.000908404 -0.00553752 -0.00253205 0.00180056 0.0020272 0.00690888 0.003364 -0.00462753 0.00323697 0.00193945 -0.00305048 0.00148159 0.00342218 0.00344218 -0.00156301 0.000799117 0.00672409 0.00257505 0.000799609 0.00182094 0.00696644 0.000799474 -0.00545918 0.00193319 0.00101838 -0.000844141 -0.00227528 0.000799838 0.00466087 -0.00259895 0.000799405 -0.00235447 0.00310056 0.000799829 0.007163 -0.000729828 0.00384952 -0.00608287 0.00385355 0.00218177 -0.00224141 0.00684329 0.00216223 0.00484476 -0.00285758 0.0023668 -0.00710448 -0.0011708 0.00173367 0.0058126 0.00154877 0.00318546 0.00546315 -0.00186913 0.0036516 0.00016474 -0.00719833 0.00377864 -0.00393971 0.00110253 0.00212181 -0.00203602 -0.00407884 0.000799927 3.12588e-05 -0.00323382 0.00409541 -0.00428502 0.00249231 0.00331221 -0.00359508 -0.00443691 0.000799382 -0.00255925 0.00500468 0.000799767 0.00466431 0.00344257 0.00278615 -0.00647485 0.0031496 0.000799786 -0.00340733 -0.000481579 0.000799581 -0.0015991 0.00171806 0.00123431 -0.00274302 0.00662732 0.00366516 -0.000790778 0.00347797 0.000799362 0.00155546 -0.00165392 0.000799338 0.00137816 0.00616055 0.00210776 -0.00376082 0.00394884 0.000799475 0.00600034 -0.00206068 0.0015293 -0.00701401 0.00162699 0.000799447 -0.00327078 -0.00336954 0.00194529 0.00124293 0.00121139 0.00217723 -0.00142609 0.00704905 0.000799936 -0.00529536 -0.00212977 0.00403531 -0.00126669 -0.00558566 0.000799247 0.000269483 0.00135876 0.0034378 -0.00282118 -0.00299293 0.00343333 0.00599307 -0.00348432 0.000799319 0.000841552 -0.00492304 0.00242491 -0.00195377 0.00537611 0.00272831 0.00241796 -0.00515255 0.00227895 -0.00192496 -0.00250459 0.00195721 0.00548244 0.00466725 0.00216109 -0.000624098 0.00268387 0.00350056 0.0035155 0.00147713 0.00310262 -0.00438442 0.00120845 0.00426115 0.000752885 0.00469501 0.00196796 -0.00440685 -0.00305822 0.000799434 -0.00677914 -0.00242734 0.000799056 -0.00557982 0.00455094 0.00353097 -0.000331634 0.00099757 0.00199748 -0.00400919 0.00427406 0.0030109 -0.0034543 -0.00465004 0.00288671 -0.00526463 -0.0034859 0.00516505 -0.00360773 -0.00623096 0.000799638 -0.00537668 -0.00123027 0.00271513 0.00685902 -0.00196222 0.00287576 0.000442109 0.00718692 0.00290029 0.000504792 -0.00181918 0.00199393 -0.00502173 -0.00516027 0.000799512 -0.00282226 -0.00119089 0.00212418 -9.15507e-05 0.00202984 0.000799345 -0.00434807 -0.00573931 0.00212965 -0.0042523 -0.00161501 0.00154729 0.00292569 -0.00481644 0.000799701 0.00239836 0.0025561 0.00482228 -0.00438777 0.00570871 0.000799676 -0.00120916 -3.73036e-08 0.00320627 0.00500985 -0.00103791 0.00079949 0.00382306 -9.87435e-05 0.00131771 -0.00304707 -0.00652386 0.00263019 0.00405422 -0.00595034 0.000799674 0.00712704 0.00102705 0.000799235 0.00582866 0.00024079 0.00130246 -0.00300611 -0.00228578 0.000799238 -0.00466111 0.000563934 0.000799633 8.06114e-05 0.00719972 0.00133843 0.00374812 0.00416676 0.000799066 0.00526731 -0.00490891 0.000855911 -0.000743956 -0.00363717 0.00163322 0.00340583 -0.00634387 0.00375236 0.00359199 -0.00465207 0.00324352 -2.44166e-05 0.00571751 0.00367902 0.00490151 0.0052747 0.000799718 0.0030847 -0.00308566 0.00418612 0.00257987 -0.0011627 0.00208488 -0.00393238 0.00235711 0.000799179 -0.00275916 0.00402021 0.002045 -0.00101516 0.00542224 0.000799305 -0.000661672 -0.00238516 0.00293053 0.00517812 -0.00463387 0.00242947 -0.00612045 -0.00379385 0.00259013 -0.000887976 -0.0011296 0.00436049 0.00251856 -0.00674521 0.0023939 0.00239685 0.00330822 0.000799936 -0.00678762 0.00240257 0.00217977 -0.00468368 -0.00411939 0.0019663 0.000546866 0.00576746 0.00079925 -0.00591581 -0.00131177 0.00863406 -0.00294489 -0.000109998 0.00329685 0.00584398 0.000424128 0.00774122 0.00275284 0.00399739 0.00690342 0.00249477 0.000574787 0.00711612 -0.00342749 0.00467391 0.00654861 -0.00156448 0.00157182 0.00283844 0.000636558 -0.00594856 0.00652898 -0.00240596 0.00529707 0.00548698 0.00464228 -0.00550422 0.00736131 0.00337492 0.00636029 0.00680947 0.000266346 0.00265977 0.00840452 0.00457601 -0.00181432 0.00685341 0.00132485 -0.00564965 0.00511656 -0.000491202 -0.00574121 0.00385746 -0.00202682 0.001607 0.00578291 -0.00431928 -0.00286941 0.00795655 -0.00286954 -0.00503633 0.00635771 0.00578975 -0.00190459 0.00527872 -0.00400655 -0.00410867 0.00699447 -0.0043753 0.00469404 0.00457428 -0.0071402 0.00086999 0.00780446 0.00266933 0.00514273 0.00459842 -0.00251712 0.00100614 0.00775106 0.00705831 -0.00142373 0.00820394 -0.00224631 0.00543504 0.00759906 0.00604796 0.00390871 0.00492684 0.000587971 -0.00334421 0.00246921 0.00704369 0.00149477 0.0042053 -0.00503624 0.00514628 0.0021494 0.00322227 -0.000397761 0.00507027 0.00248243 0.00675863 0.00489021 -0.000657218 -0.00717037 0.00841086 -0.00362187 0.00482753 0.00814469 0.00140772 -0.000470025 0.00486114 -0.00509931 -0.00195953 0.00561365 -0.00701976 -0.00160171 0.00415657 -0.0011138 0.00711357 0.00326386 0.00343628 -0.00632744 0.00641084 0.00282399 -0.00515157 0.00536641 -0.00123942 0.000590538 0.00688274 -0.00221253 -0.00541927 0.00353881 0.00482706 0.00534335 0.00391343 0.00612904 0.00377859 0.00333459 0.00543487 -0.00362173 0.00364171 0.00153207 0.00539363 0.00350249 0.00591618 0.00116763 0.00529153 0.00123662 0.00571119 0.00504234 -0.00082632 0.00445904 0.00206179 -0.00129368 -0.00274936 0.00677671 0.00188417 -0.0069495 0.00651093 -0.00552137 0.00141339 0.00815514 0.00347135 0.00407361 0.0054769 0.00155023 -0.0042548 0.005866 0.00469818 -0.0054568 0.00407251 -0.00178112 -0.00697623 0.00349765 0.000404545 0.00435497 0.00487608 -0.00121509 0.00330432 0.00828262 0.00360474 -0.00186345 0.00558353 -0.00543823 0.00164903 0.00259264 -0.00577944 -0.000779672 0.00474395 -0.00719097 -0.00036404 0.00882114 0.0045742 -0.00540828 0.00576457 0.00292146 0.00658102 0.002079 -0.00222526 -0.00151494 0.00357205 0.00353066 0.00457676 0.00337557 0.00368663 -0.000385983 0.0066518 -0.000511423 -0.000732396 0.00741024 -0.00248131 0.00675939 0.00673317 0.00664749 -0.00276808 0.00424157 0.00224736 -0.00524748 0.00387327 -0.000991181 -0.00713172 0.0048819 0.00456402 0.00382362 0.00433639 0.000700821 -0.00716596 0.00756538 0.00510496 0.00507741 0.00547867 0.000117998 -0.00200483 0.00667304 0.00709826 -0.00120822 0.00588038 0.00158749 -0.00328875 0.00860018 -0.00370651 -0.00257375 0.00469805 0.000343654 -0.00322425 0.00566336 -0.00668062 -0.00250201 0.00544905 -0.00259055 -0.00533497 0.00166185 -0.000579177 0.00603312 0.00221205 -0.00515399 0.00203361 0.00539471 -0.00169172 -0.0069987 0.00720317 4.04446e-05 -0.000802363 0.00562156 -0.00652965 0.00303384 0.00515646 -0.00680326 -0.00235759 0.0027633 -0.00255638 -0.000956287 0.00503362 -0.00151607 0.00301963 0.00216036 0.00562102 -0.00450021 0.00656365 0.00279574 -0.000520858 0.00353371 0.00174995 -0.0069843 0.00377619 -0.00381461 0.0034041 0.00744119 -0.00119106 0.00438448 0.00498641 0.00251312 0.00504039 0.00223233 -0.00549691 -0.00465026 0.00626439 -0.00512896 0.00329295 0.00440971 0.00596608 0.00403147 0.00658458 0.00330398 -0.00321334 0.00260659 0.00339616 0.00297725 0.00364506 -0.00268918 0.00382598 0.00492623 7.68676e-05 -0.00445524 0.00664886 0.000803588 -0.00715583 0.0052444 0.00239577 -0.00168894 0.00455071 -0.00149038 0.00311015 0.00590575 -0.00686449 0.00217235 0.00646243 0.0014786 0.00569838 0.00745378 0.00382671 0.00135683 0.0075324 0.00194135 -0.00262729 0.00200833 -0.00564303 0.000176565 0.00200196 0.00273401 -0.00345132 0.00749726 0.00719704 0.00020889 0.00514458 0.00153848 -0.00163989 0.00320127 0.00495657 0.000558089 0.00641683 0.00440586 0.00434432 0.00674645 -0.00356676 -0.00110637 0.00626444 -0.00371426 0.00616836 0.00484999 -0.00238555 -0.00249953 0.00563017 -0.00390678 -0.00130933 0.00373883 -0.00453165 4.89837e-05 0.00316977 0.00144248 -0.00206756 0.00577813 -0.00221603 0.00685097 0.00515872 -0.00224156 0.00378859 0.00715572 -0.00702555 0.00157789 0.00352976 0.00233186 0.00534319 0.00614866 9.11052e-05 0.00330842 0.00604493 0.00288881 0.00106451 0.00451494 0.0047171 0.000758415 0.00232948 -0.00131756 0.000582955 0.00872003 -0.00424478 0.00581573 0.00336813 0.00712014 0.00107192 0.00239791 -0.00295432 0.00505221 0.00393336 0.00352402 -0.00458114 0.00668646 0.000401247 0.00700342 0.0059641 -0.00152787 0.00574997 0.00422429 -0.00374166 0.00126038 0.00572457 0.00457305 -0.00273697 0.00465778 0.00673804 0.00253804 0.00537876 0.00437547 -0.000271723 0.00350474 -0.00230618 -0.00682118 0.00573745 -0.00511278 0.00264338 0.00687229 0.000354672 0.000733607 0.00490807 -0.00436041 -0.00378278 0.00387948 0.00357486 0.0062499 0.00350123 0.000500305 0.000453719 0.00649899 0.0058404 0.000160812 0.00398076 -0.00302212 -0.0056652 0.00489596 -0.00112326 -0.00564884 0.00239063 0.00434406 -0.00332731 0.00612648 -0.00464564 -0.00550115 0.00745406 -0.00122552 0.00484621 0.00651724 -0.0038727 -0.00423651 0.00540327 0.00447839 0.000687015 0.00478098 0.00187923 0.00396975 0.00536184 -0.00674645 -0.00251571 0.00704717 -0.00421088 -0.00584037 0.0059522 0.00669104 0.00265939 0.00697306 0.00550133 -0.00179065 0.00821448 -0.00507715 0.00105857 0.00666006 -0.00720013 4.95846e-05 0.00454408 0.00456924 -0.000512548 0.00797945 -0.00505897 -0.00512366 0.00480029 -0.000932312 -0.00107735 0.00204944 -0.00138514 0.00215451 0.00718405 -0.00198662 -0.00412794 0.00252308 0.00638896 -0.00332033 0.00572092 0.00400913 -0.00422456 0.00482402 0.00194265 -0.00385311 0.00315102 0.00369019 0.00271695 0.00670204 0.00220299 0.00222753 0.00637548 0.00448905 0.00562986 0.00769479 0.00126076 -0.00311945 0.00696978 0.00545726 0.00249952 0.00442107 -0.00671274 -0.000439253 0.00310101 0.00562028 -0.0045013 0.00496412 -0.000688554 0.00716712 0.00480481 -0.00399376 -0.000207499 0.00489511 0.00149377 0.00335954 0.00765502 -0.0013135 1.73219e-05 0.00539126 -0.00263072 0.000604878 0.00469261 -0.00501254 -0.000440176 0.00610614 0.00194266 0.00693313 0.00638601 -0.00152274 -0.00296909 0.0043675 0.00719823 -0.000173903 0.00713516 0.00562504 -0.000680545 0.00259382 -0.000638072 -0.00717242 0.00239553 0.0011947 -0.000377298 0.00193188 0.00265408 -0.00309957 0.00593899 0.000887989 0.00290526 0.00397347 0.000787441 -0.0045951 0.00906002 -0.00383179 -0.00268383 0.00628888 -0.00318659 -0.00645653 0.00702263 -0.00495108 0.00289159 0.00844395 0.000956211 0.00214047 0.00537617 0.00425383 -0.00138466 0.00216602 -0.00718108 0.000524213 0.00624319 -0.0018844 0.00252011 0.0044722 -0.00134946 -0.00137858 0.00860982 0.0031056 -0.00317136 0.00924082 0.00478635 -0.00342383 0.0108319 -0.0048704 0.00338111 0.00996839 -0.00316003 -0.00509835 0.00792902 0.000373573 0.00603925 0.00855888 0.00709988 0.00120203 0.00987209 -0.00607503 0.00386512 0.00903359 -0.00158702 -0.00702297 0.00970435 -0.00582653 -7.94063e-05 0.00749824 0.00181876 0.00284881 0.0091594 -0.00387576 0.000199721 0.00727475 -0.00267549 -0.00206704 0.00720631 0.00538382 -0.0031129 0.00732287 -0.00565251 -0.00446023 0.0103061 0.000769219 -0.00148578 0.00884536 0.00478974 -0.00296454 0.00929972 -0.00299798 -0.00358032 0.0118241 0.000714991 0.00214901 0.00695704 -0.00400868 -0.00130923 0.00778824 0.00350833 0.00108546 0.00598897 -0.000464281 -0.00422468 0.00813597 0.00109941 0.00461342 0.00856634 -0.00478226 0.00318817 0.0116279 -0.00507054 0.00182606 0.0108399 0.00160242 -0.00235487 0.00989854 -0.00489867 0.004559 0.00721985 0.00111144 -0.00202787 0.0117364 -0.00183808 -0.00474251 0.0107579 -0.00530517 -0.00312977 0.00672364 0.00248538 0.00675865 0.0081011 -3.93733e-05 -0.00631214 0.00961073 0.000170285 -0.00275772 0.00808289 -0.00359351 -0.00330871 0.009313 0.0056096 -0.00451416 0.00816327 0.00717911 -0.000554555 0.0101884 -0.0006372 0.000921673 0.0103504 -0.000353656 -0.00719163 0.00634815 -0.00034118 0.00569602 0.00532912 0.00655572 -0.00297834 0.00840351 -0.00620114 0.00366102 0.00745188 -0.000177479 0.00398225 0.00929385 0.00573703 -0.000460925 0.00907134 -6.13008e-05 0.00581211 0.00703645 -0.0046784 -0.00253806 0.0103819 -0.000854657 0.00505046 0.00828819 -0.00184239 0.00439781 0.01178 0.0041641 0.00383765 0.00923505 0.00309834 -0.00182822 0.01011 -0.00131972 0.00452377 0.0102737 -0.00378735 0.00182014 0.00722182 0.0057867 -0.000781615 0.00669077 -0.00678217 0.00241847 0.0122035 -0.00400348 0.000424577 0.010087 -0.00095683 -0.00501287 0.00943731 -0.00589599 0.00216986 0.0095138 0.004172 -0.00381618 0.00809476 -0.00325303 -0.000363344 0.00883816 0.00204905 0.00571529 0.00923142 -0.00283996 0.00410553 0.010542 0.000434099 -0.00718691 0.0121733 0.00172322 0.0049459 0.0116637 -0.00384069 0.00609063 0.0117366 0.00281452 -0.00662801 0.0078532 -0.000154283 0.00558382 0.009998 -0.000941928 0.00204382 0.0092521 0.00206466 -0.00689804 0.0119041 -0.00161328 -0.00552587 0.00807236 0.00464982 -0.000152073 0.0107614 -0.00323607 -0.00245025 0.0131904 0.00195973 0.00185175 0.00791675 -0.00515177 5.96067e-05 0.00894207 0.0029915 -0.000453212 0.00823647 -0.00118137 -0.00569677 0.00556351 -0.00440085 -0.00135888 0.00933799 -0.00660684 -0.00286207 0.0117537 0.00719986 8.31123e-05 0.00872127 0.00626449 0.00355014 0.0124819 0.00450917 -0.00140036 0.00948211 0.00473097 -0.000724957 0.00548894 -0.00385884 0.00607947 0.00717847 -0.00544419 -0.00158946 0.00713127 -0.00511302 -0.00492858 0.00887501 0.00333881 -0.00404808 0.0105586 0.00369622 0.00617884 0.00897141 0.00221865 0.00220139 0.0120504 -0.00165864 -0.00427744 0.00707412 -0.00302986 0.0027833 0.00619328 0.00233877 -0.001877 0.00856121 -0.00649539 -0.00310683 0.0101767 0.00358103 -0.00624667 0.00920433 -0.00246613 0.00108968 0.0123284 0.000999899 0.00171432 0.0111365 -0.00441226 -0.00391254 0.0111548 -0.00550749 -0.00171942 0.0114777 0.00215526 -0.00540052 0.00680427 0.00333129 -0.0001525 0.0116667 0.000816981 0.007154 0.00750122 0.00428206 0.000737704 0.00893458 0.00126249 0.00603501 0.0105869 0.00046177 0.00269239 0.00999147 -6.74204e-05 0.00108207 0.00785613 -0.00208095 -0.000636828 0.0114153 -0.00679527 0.00238017 0.00820392 0.000868942 0.00469515 0.00636791 0.00302157 -0.00172131 0.0117126 0.00234696 -0.00456855 0.00941625 -6.76636e-05 -0.00396334 0.0102541 0.00690067 -0.00205636 0.00966447 -0.00284732 -0.00349456 0.00791001 0.00138588 0.00328699 0.0111542 -0.00419515 0.00461913 0.0112195 0.00402499 0.00280822 0.0119487 0.0039842 -0.00589223 0.010711 -3.5172e-05 -0.00576433 0.00796903 -0.00293174 -0.00195245 0.00878141 -0.00509244 0.00509078 0.00871606 -0.00384487 0.00503548 0.00971525 0.00262289 -0.00547158 0.0114374 -0.000965519 0.00300787 0.0106401 -0.00348701 -0.00629945 0.0104755 -0.000542593 -0.00717955 0.0109061 -0.000895406 -0.00441301 0.00465256 -0.0047232 0.000883032 0.0121576 0.00551565 0.00183236 0.00842546 -0.00162862 -0.00125986 0.00630079 -0.00714426 0.000897232 0.0118669 -0.00432471 0.00361395 0.00575458 -0.000931141 0.00713988 0.00683881 0.00294917 0.00524262 0.00788811 0.00422078 -0.00466103 0.0117444 -0.00244082 -0.00441248 0.00918219 -0.005969 -0.00402749 0.00786858 0.00468293 0.00322215 0.00785258 0.00489773 0.00317356 0.00575909 0.0029054 0.00508714 0.010428 -0.000421996 -0.00232585 0.00950432 -0.00142934 0.0070571 0.0105209 -0.00475226 -0.00540934 0.0116056 0.000551177 0.00124179 0.00932295 0.00679559 -0.00236803 0.00693998 0.00395289 0.00219119 0.00492187 0.00619438 0.00366988 0.00812598 -0.00141351 -0.00295974 0.00837615 0.00264571 0.000904657 0.00900813 0.00182509 0.00083416 0.005687 0.00405072 0.00414147 0.0110223 -0.00245427 0.00260298 0.0110622 -0.000147802 -0.000287913 0.00937625 -0.000439392 0.00163778 0.00597511 -0.00571263 0.00438278 0.00542515 0.00417004 -0.0047695 0.00937954 0.0033953 -0.000291476 0.00977865 0.00234337 0.000630061 0.0105546 0.0036568 -0.00317622 0.0119373 -0.00259038 -0.00671865 0.00849603 0.00533306 0.00483807 0.00879884 0.00703765 0.00152275 0.00804383 -0.000385272 -0.00540121 0.0108791 0.00142602 -0.00576478 0.00994477 0.00270798 0.00667173 0.0103312 -0.00321858 -0.000947478 0.0103342 0.0014429 0.00451321 0.0101258 0.00143006 -0.0043056 0.0107007 0.00303818 0.00301354 0.00813151 0.00361616 0.00213524 0.00933619 -0.00231404 0.00454927 0.00902146 0.00719146 -0.000355086 0.0123313 -0.000597351 0.00717526 0.00913021 -0.00249939 -0.00465271 0.0129012 -0.00527617 -0.00335428 0.00914328 0.00481807 0.00535038 0.0102243 -0.00227464 -0.000566368 0.00758916 -0.00302297 -0.00251624 0.0105804 -0.00331393 0.00639203 0.00864985 -0.00188225 0.00694997 0.00820391 -0.00660132 0.00143824 0.00506543 0.00387537 -0.00218732 0.00824203 0.00189102 -0.000835122 0.0110094 0.00154076 -0.00574302 0.00824088 -0.00438734 -0.00131688 0.0129484 -0.00713141 -0.000993088 0.00735141 -0.00358523 0.00349059 0.00902183 0.0021794 -0.000724668 0.00623839 0.00288581 -0.00193439 0.00701088 -0.00573901 0.0043485 0.0109001 -0.00394686 0.0010615 0.00862063 0.00484508 0.00176027 0.0110619 0.00165851 0.00700694 0.0117935 -0.00106162 -0.00617091 0.0121064 -0.0025194 0.00147874 0.0092796 -0.00255507 -0.00635073 0.0126507 0.0058726 -0.00416568 0.0118104 0.00605749 0.00389237 0.00986639 -0.0039492 -0.00602133 0.00896964 -0.00655346 0.00298302 0.010724 0.00049066 -0.00132607 0.0104123 0.00671498 0.0025984 0.00919349 0.00520705 0.0020699 0.00687439 1.94599e-05 0.00396179 0.00750735 0.00553443 0.000880293 0.00991845 -0.00240174 0.00678831 0.011762 -0.00265441 0.000207691 0.00624198 0.00318583 -0.00509939 0.00816167 -0.00710999 0.00113671 0.00938151 0.00183856 -0.000464032 0.00945446 0.00104588 -0.00572762 0.0115144 -0.00665958 -0.00273725 0.00862893 0.001339 0.000406513 0.00820904 -0.00177632 -0.000456806 0.00984556 -0.00262843 0.00256191 0.00810712 0.00107517 -0.000933434 0.00737606 -0.00466833 0.00548228 0.00593476 0.00262138 0.00423002 0.00908209 0.00390672 0.00604843 0.00505325 -0.00713076 -0.00099724 0.00575167 0.00709426 0.00122979 0.00637223 -0.00330568 -0.000271402 0.0123778 0.00126341 -0.00708842 0.00906104 -0.00581479 -0.00424599 0.0118832 -0.00322789 0.00362565 0.0120176 0.0057908 0.00304069 0.0163735 -0.00700827 -0.00165235 0.00975172 0.000994301 0.0071311 0.0132432 -0.00275845 -0.00212885 0.0167533 6.21923e-05 -0.00282086 0.0165101 0.00313563 0.00291078 0.0132743 -0.00517458 -0.00293401 0.0130838 0.00124942 0.00709155 0.00938607 -0.00159743 0.00592791 0.00940065 -0.000177169 -0.00719856 0.0161261 0.00204394 0.000620493 0.0122176 -0.006487 -0.00064039 0.0167503 -0.00353839 0.000938608 0.0164492 0.00323637 0.00515845 0.0124249 0.00224446 -0.00302289 0.0112021 0.00620301 0.000205301 0.0112053 0.00180137 -0.00377571 0.0137781 -0.00218538 0.000807629 0.0107355 0.000167882 0.00625797 0.0161607 0.00538327 0.00326997 0.0111767 0.00147221 -0.00704788 0.0133828 0.0023468 -0.00575538 0.0129871 0.000134733 0.00574636 0.0134961 0.00467656 0.00249195 0.0133749 -0.00539392 0.00258896 0.0129792 0.00158098 -0.00124367 0.0141279 -0.000666679 0.00716917 0.0119229 0.005832 0.000151601 0.0149932 -0.00467626 0.000154133 0.013581 -0.00147612 0.00228881 0.0146928 0.00326236 0.00189823 0.0108773 0.000508355 0.00018078 0.0121312 -0.00407213 -0.00488128 0.0141523 0.00195593 -0.00092895 0.0126048 0.00144318 0.00179328 0.0133882 -0.00573945 -0.0016553 0.0177927 0.00635533 -0.00338501 0.0133595 0.000163604 0.00719808 0.0105557 -0.00604485 0.00109189 0.0130338 0.00381423 -0.00610685 0.0122957 -0.00564643 -0.00446748 0.0134588 -0.00173207 0.000655275 0.0143983 0.00441013 -0.00209551 0.0128449 -0.000568455 0.000963993 0.015452 0.00262627 0.00615705 0.0155011 0.000109814 0.0047076 0.0157701 -0.00719986 5.15923e-05 0.0154965 -0.00221061 0.00372936 0.0141502 0.00104234 -0.00712451 0.0106948 0.00317032 -0.00244926 0.0160002 -0.00388579 0.00213077 0.00980829 -0.00624516 0.00358352 0.0138985 -0.00314432 -0.00647721 0.0141405 -0.00417367 -0.00451425 0.0161752 0.000223573 -0.00569491 0.016495 0.00703 0.00155628 0.0114305 -0.00454915 0.00362895 0.0160631 -0.00706526 -0.00138952 0.0113285 -0.00388606 0.00222348 0.0125909 0.00576734 -0.0012556 0.0104593 -0.00122531 0.00588531 0.0169824 -0.00584586 0.00215623 0.0153632 -0.00318356 -0.000898593 0.0139147 0.00496522 0.000588674 0.0121437 0.00292013 0.00145723 0.0139062 -0.00155701 -0.00187601 0.0105496 -0.00184286 -0.000984498 0.0129588 0.00603802 -0.00392276 0.00958636 -0.00174327 -0.000930257 0.0146091 -0.00301334 -0.00368328 0.0141849 0.00177029 0.00474506 0.0132502 0.000842697 0.00210018 0.0173361 -0.00411411 0.00590887 0.0142934 0.00605959 -0.00206056 0.0161474 -0.00120747 0.00496201 0.0139713 -0.00204555 0.00690365 0.0158155 -0.000543526 -0.00308667 0.0150425 0.00719511 -0.000276547 0.0139293 0.00677442 0.00244069 0.0135153 0.000944743 0.00713776 0.014842 -0.00177979 -0.00567833 0.0138958 -0.00225483 -0.00216443 0.0119598 0.00455833 0.00498557 0.0146882 0.00420835 0.00192386 0.0148495 0.00270763 0.00372145 0.0119635 0.00505909 -0.00512422 0.0134527 0.00401345 -0.00405752 0.0165281 0.000825341 -0.00263601 0.0143489 0.00190382 0.0061101 0.014074 -0.000319217 -0.00461894 0.0154435 0.000585191 0.00262499 0.0144513 -0.00108281 0.000289669 0.012255 -0.00120564 0.00174827 0.0115963 0.000130566 0.00169567 0.0124789 -0.00214409 0.00305256 0.00955942 -0.00688209 0.00211633 0.0139331 0.00329761 -0.000820989 0.0157975 -0.000226109 -0.00259621 0.011068 -0.00407104 -0.00593907 0.0129527 0.00446255 0.00399842 0.0159431 0.00041277 -0.00120798 0.0129189 0.0024005 -0.00608913 0.0156988 0.00700827 0.00165048 0.0162683 -0.00256774 0.00489892 0.0131146 0.00525001 -0.00492816 0.0105492 0.0038567 0.00608034 0.0112744 0.00492566 -0.0052519 0.0159803 -0.00582547 0.000437661 0.0110871 -0.00550929 -0.00110177 0.0141173 -0.00414742 0.00507152 0.0129305 -0.000512907 -0.00180293 0.0140795 0.00565337 0.00445882 0.0136478 -0.00153073 -0.0033737 0.00998884 -0.00718721 0.000441836 0.0139452 0.00701066 -0.00164071 0.0113896 -0.00376297 0.00363684 0.0135242 -0.00106083 0.00571462 0.0113093 -0.00122957 -0.00709541 0.0133999 2.1871e-05 -0.00418572 0.0118352 0.00651664 -0.00306253 0.0108471 0.00423657 -0.000335464 0.0145673 -0.00181518 0.00296158 0.012484 0.00454554 -0.00190254 0.011263 0.00567857 0.00159216 0.0143132 0.00448854 -0.00336639 0.0147791 -0.00427684 0.000443028 0.0151029 0.00697259 -0.00179559 0.0129922 -0.00427156 0.00211018 0.0156438 -0.00281402 -0.00652827 0.0160524 -0.00275372 -0.00510819 0.0150294 -0.00628122 -0.0017938 0.012899 0.000974624 -0.00575585 0.0142269 0.00317953 0.00306221 0.0157515 0.00541043 0.00156472 0.0158897 -0.00558807 0.00454037 0.0124811 -0.000676898 -0.00232823 0.0125781 0.000242204 0.00458206 0.0111802 0.00100315 -0.00489474 0.0128797 0.00219749 -0.00260976 0.0127566 -0.00140913 -0.00349202 0.0116652 0.00263551 -0.00670072 0.0104138 0.00508241 0.00263039 0.00974166 0.00579851 -0.0024902 0.0121563 -0.00312579 0.00639857 0.0131344 0.00549578 -0.000920575 0.0120947 0.00156047 0.0070295 0.0163144 -0.00195509 0.00107828 0.0162415 -0.0017637 0.00275327 0.0163381 -0.00585103 -0.00419646 0.0165028 -0.00268816 0.00228774 0.0136483 0.00484006 -0.00363495 0.0129113 0.0024014 -0.00254028 0.0146011 -0.0064666 0.00316823 0.0164347 0.0023121 -0.00417028 0.0123142 -0.000580417 0.00717731 0.0135203 0.00353778 -0.00470732 0.0131902 0.00167363 -0.00164377 0.0157079 -0.00418299 -0.00250927 0.0119024 -0.00317619 -0.00514402 0.0115374 -0.00560398 -0.00042669 0.0124147 -0.0007659 -0.00155727 0.0171226 -0.00292037 0.00658115 0.010189 0.00415245 -0.00588196 0.0145313 -0.00181492 -0.00696805 0.014883 0.000685681 -0.00312644 0.0128329 0.000443781 0.00426036 0.014002 4.80521e-05 0.00116776 0.0139867 -0.0042537 -0.0041908 0.0127215 -0.00356133 0.00146035 0.0112233 0.00579031 0.00203084 0.0123231 0.00345981 -0.00315636 0.0135725 -0.00568278 -0.000848604 0.0101472 0.00591495 0.0041054 0.015186 0.000405911 0.00598211 0.011937 -0.00587011 0.00416903 0.0153391 -0.00710846 -0.00114761 0.0141092 -0.00217013 -0.00686545 0.0111857 -0.00444128 -0.000542529 0.0112839 -0.00380204 -0.00476327 0.0099459 -0.0071994 -9.51179e-05 0.0103982 -0.00241541 -0.000571294 0.0168744 0.004581 0.0055559 0.0131943 -0.000197357 -0.00678483 0.0145814 -0.00269108 -0.00221861 0.0147415 -0.00648879 -0.00312164 0.0155045 -0.000630589 0.00717244 0.0151191 0.00417224 -0.000519882 0.01298 -0.0041245 -0.00590239 0.0153819 0.00241648 -0.00509757 0.0144434 0.00709876 -0.00120395 0.0170109 -0.00317342 0.000687095 0.0137051 -0.00530174 0.00487206 0.0140197 0.00279957 0.00335565 0.010409 0.00125787 0.000212423 0.0135495 -1.70985e-05 0.00318548 0.0119157 0.00560104 0.00452568 0.0169354 0.0056474 -0.00446774 0.0147873 0.000793218 0.000237482 0.0105582 0.00350167 0.00129019 0.0123368 -0.00718382 -0.000496935 0.0126502 0.000250445 -0.00409672 0.0140433 0.00426955 0.00400147 0.0129849 -0.000551538 -0.00106932 0.0115987 0.00130887 0.00327888 0.0128061 0.00568512 -0.000738926 0.0136726 -0.00201459 0.00691296 0.0141774 -0.00438395 0.00571186 0.0171481 -0.000481158 0.00455237 0.0126064 -0.000618547 -0.000255297 0.0136862 -0.000793404 0.003722 0.014892 -0.0015342 -0.0042124 0.0144858 0.00574986 0.000167568 0.0165906 -0.00127744 0.00165646 0.0132366 0.00536797 0.00479863 0.0116488 -0.00575904 0.000758292 0.0145913 -0.00560014 0.000802012 0.0161824 -0.00367258 -0.00260867 0.0182162 -0.00503719 -0.00488925 0.019702 0.00300847 -0.00484127 0.0192575 -0.00344132 0.00612219 0.0158055 -0.0017703 -0.000938833 0.0182915 0.00475137 -0.00540915 0.017563 -0.00515269 -0.00332052 0.0146361 -0.000207796 -0.00567591 0.0195962 0.00292643 -0.000346156 0.0183527 -0.00111234 0.00567214 0.0154012 0.00428157 0.000434587 0.0159679 -0.0040031 -0.00598507 0.0169747 0.00603081 0.000874386 0.019802 -0.00174786 -0.00287761 0.0136306 0.000200252 0.00514275 0.0173069 0.00131376 0.0025567 0.0158772 0.00122552 -0.00270089 0.019044 -0.00516218 -0.00283025 0.0187556 -0.00372867 0.00615939 0.0185374 0.0041498 -0.00409518 0.0183043 -0.00630464 -0.00153397 0.0154363 -0.00300226 0.00308767 0.0153828 0.00146541 0.00284618 0.0196233 0.00270853 -0.000109282 0.0141512 -0.00334016 0.00487934 0.0208919 0.00287059 0.000413308 0.0167208 -0.00056174 0.000241538 0.02083 -0.00126471 -0.00368243 0.0209745 -0.00306677 -0.00505024 0.0178733 -0.00276194 0.00333546 0.0184817 0.00262061 0.00670618 0.018503 0.00663145 -0.00280482 0.017443 0.000442185 -0.000136352 0.0148806 0.00303933 -0.00385955 0.0152421 -0.00475524 -0.00334327 0.0172961 0.00397871 0.00190659 0.0165168 0.00147664 -0.00335543 0.0156209 0.000163235 -0.00539735 0.0180654 0.0028152 0.00193159 0.019527 0.00286174 0.00660703 0.020791 0.00185025 -0.0040776 0.020095 0.00279639 0.00663507 0.0128543 -0.0010845 -0.00433992 0.0195276 -0.00277833 -1.88136e-05 0.0154179 -0.00239637 0.00190494 0.017538 -0.0031418 0.000411515 0.0179065 0.0057405 -0.000869248 0.0178086 -0.00288425 -0.00500811 0.0201017 -0.00533946 -0.00483127 0.0151268 0.000837423 -0.00416635 0.0168933 0.00137754 0.00616953 0.0176506 0.00250488 0.00504593 0.0174936 4.35793e-05 0.000958961 0.0182789 -0.00102613 -0.000480259 0.0159666 0.00704407 0.00149148 0.0187291 0.00368368 0.000618324 0.0198467 -0.00543165 0.00195975 0.0184605 0.0030717 0.0046855 0.0141788 0.00545929 -0.00354172 0.0160783 -0.00582478 -6.24078e-05 0.0186901 -0.00113084 0.000224054 0.0173993 0.0016653 -0.00542798 0.0186162 0.000805487 -0.000698962 0.0166888 0.00282734 0.00145008 0.0155033 0.00686205 0.0021806 0.0202045 -0.00681644 0.0023199 0.0177447 -0.00416048 0.00156611 0.0201352 -0.00429238 -0.00163305 0.0171107 -0.00206853 0.00436618 0.0156114 0.00711941 0.0010769 0.0147789 -0.00301749 -0.000519248 0.0192015 -0.00225701 -0.00479593 0.0165175 -0.00133438 -0.00535552 0.020738 -0.00685742 -0.00219589 0.016784 -0.00423631 -0.00203732 0.0143686 -0.00450707 0.00169725 0.0139683 -0.00464912 0.000159214 0.017297 -0.00260062 0.00548676 0.0146018 -0.00615498 0.0037364 0.0180844 0.00664639 -0.00276905 0.0196339 -0.0029093 0.00152907 0.015039 -0.00711912 -0.00107616 0.0213724 -0.000534956 0.00313248 0.0134279 -0.000973949 0.0071339 0.0195656 -0.00636786 -0.00336036 0.0177649 0.002178 0.00274628 0.0145447 -0.00624611 0.00358221 0.0210518 0.00133634 -0.00707455 0.0166569 0.00544007 0.00390785 0.0184018 0.00448718 0.00338753 0.0195764 0.00190882 -7.07253e-05 0.0155379 0.000765935 0.000859392 0.0163285 0.00277503 -0.00664422 0.014246 -0.00654288 -0.00300577 0.0139098 8.56421e-05 -0.00154907 0.0155407 -0.00407774 -0.00409151 0.0186597 0.00649088 -0.00311618 0.0149319 -0.00118779 0.00329521 0.0194212 -0.00506887 -0.000697086 0.0160123 -0.00690157 0.00205179 0.0206785 -0.00437236 -0.00572099 0.0185086 0.00498383 0.00519678 0.0192321 0.00582765 -0.00422856 0.0174754 -0.00165829 -0.00254007 0.0199262 0.00261033 -0.00671078 0.0175532 -0.000200195 0.00404637 0.0184005 0.00191887 0.00377659 0.0167165 0.00147336 0.00154253 0.0186964 -0.00107238 0.0042831 0.0168599 -0.00126518 -0.00708822 0.0184821 0.00131924 -0.00707853 0.0150575 -0.00428161 0.00426032 0.0194539 -0.00280109 0.00591546 0.0172569 0.00423864 -1.84897e-06 0.0175058 -0.000835301 0.00182843 0.0212296 0.0013532 0.00128828 0.0149034 -0.00124231 -0.00585188 0.0158748 0.00407374 -0.00221873 0.0188609 0.0030392 0.0035491 0.0178354 0.000125376 -0.00717993 0.0176967 0.0035274 0.00480369 0.0186998 0.00351986 -0.0028615 0.0175051 0.00437168 -0.00181658 0.0151546 0.00314144 -0.00516691 0.0176776 0.00717786 0.000565266 0.0174315 -0.0015606 -0.00702914 0.0169109 -0.00574598 0.00110797 0.0197779 0.0054407 -0.00227289 0.0140558 -0.0012113 -0.00709734 0.020081 -0.00258889 -0.00671847 0.0208011 0.000594671 0.00717595 0.0186162 0.00506649 -0.00249477 0.0173245 0.00571586 0.00238116 0.0187927 0.00720025 -1.81078e-05 0.0159421 -0.00587513 0.00416209 0.019601 0.00181816 -0.00390019 0.0181674 -0.00281081 -0.0066288 0.0178252 -0.000403633 0.00140869 0.0197474 -0.000884258 -0.000740165 0.0196086 0.00290254 -0.00324556 0.0192242 0.0027564 -0.00119529 0.0196976 0.00719926 -0.000103582 0.0188848 -0.0030403 -0.00271977 0.0207116 -0.000736448 -0.0044405 0.0169774 0.00374132 -0.00615195 0.0165691 0.00173932 0.00423319 0.0149404 -0.0037971 -0.00312831 0.0154639 -0.00015583 -0.0030878 0.019885 0.00667371 -0.0015356 0.0147667 0.00247047 -0.0019867 0.018337 -0.00615063 -0.00374366 0.01962 -0.00144594 -0.00300707 0.0170089 -0.00147769 -0.00200608 0.0157621 -0.00439449 -0.000354595 0.0200233 0.00155917 0.00569381 0.0206218 -0.000282333 0.00250131 0.0157893 -0.00186249 0.00492613 0.0180929 0.00440329 0.000933142 0.0136082 -0.0051331 -0.00245055 0.0160235 -0.000104376 -0.00338331 0.0179985 0.00591806 -0.00410131 0.0201497 -0.00409196 0.00346841 0.0208337 -0.00486374 0.00314012 0.0145725 -0.00708739 0.00127024 0.0189215 0.00302302 0.00469305 0.0160094 -0.00221304 -0.00113085 0.0204419 0.00172812 -0.00698985 0.018956 0.00232402 -0.00105458 0.0170453 -0.00550727 -0.00463833 0.0181939 -0.00463819 0.00344088 0.0176711 -0.00184085 0.00696103 0.0179943 -0.00224196 -0.00342852 0.0156871 0.00308645 -0.00154452 0.0135539 0.00414136 0.00589032 0.0159396 0.00113471 -0.00711046 0.0205748 -0.00323252 0.00315284 0.0169641 -0.000733971 0.00174846 0.0171254 -0.000907444 -0.00462985 0.0130594 0.00309975 0.00649862 0.0169907 0.00172107 -0.00549369 0.0170188 0.00700787 -0.00165484 0.018543 0.00554102 -0.00166804 0.0191799 -0.00555479 0.00458108 0.016864 -0.00499573 -0.00264248 0.0203356 -0.00442247 -0.000866361 0.0185082 0.00673527 0.00254562 0.017566 -6.67107e-05 -0.000635887 0.0182277 0.00190531 -0.00260292 0.0169672 0.00513289 -0.00504984 0.0191288 -0.00153325 0.00114081 0.018647 -0.00319622 -0.00363149 0.0170827 -0.00362488 0.00462246 0.0180406 0.00128985 -0.00494355 0.0155688 0.00359676 -0.00237744 0.0203795 -0.00339322 0.00466206 0.0164581 -0.000611911 0.00604461 0.0184512 0.0062449 0.00358364 0.019746 -0.00617928 -0.00369555 0.0212189 -0.00482951 0.0053414 0.0156572 0.00356142 0.00625777 0.0142075 -0.00195784 0.000382799 0.0199909 0.000506131 -0.00150252 0.0198217 0.00155804 0.000350096 0.0176334 0.00144391 -0.000821294 0.0187194 -0.00146445 0.00604271 0.0128215 -0.005276 0.00220111 0.0168866 0.00247305 0.00225266 0.0169369 0.00407293 0.00347513 0.0144827 0.00450919 0.00318539 0.0173198 -0.00132186 0.00304924 0.0178467 0.00242356 -0.0040926 0.0166996 -0.00375117 0.00442153 0.0149176 -0.006523 0.00076492 0.0175127 0.00290037 0.00352583 0.0194291 0.0050143 0.00516758 0.0208311 0.00625506 0.000702259 0.0130829 -0.00704483 0.00148889 0.0161852 -0.00558867 -0.00145199 0.0194463 -0.00711958 -0.000984811 0.0197751 -0.00398035 0.00179035 0.017729 0.00481577 -0.00112959 0.0165292 -0.00241559 0.00645984 0.0194007 0.00151553 0.00529226 0.0162609 0.00407076 0.0049076 0.0171994 -0.00208584 -0.00250368 0.0183854 0.00668086 0.00268555 0.0150931 -0.00154366 -0.00562808 0.0176825 -0.00364229 -0.00133902 0.0156792 0.000342078 0.00353641 0.0168368 -0.000749183 0.00716135 0.0212043 -0.00713429 -0.000971347 0.0181754 0.00430551 -0.000654617 0.0191031 0.00184042 0.00390648 0.0207612 0.000178719 -0.00719833 0.0192952 -0.00234352 -0.00453131 0.02461 0.000500258 0.00107617 0.0216873 0.00482966 0.000814263 0.0187477 -0.000212777 0.00257642 0.0239877 -0.00533789 -0.00483187 0.0241138 -0.0039837 -0.00149879 0.0211663 0.00153096 0.00240141 0.0214399 0.00271912 0.00666707 0.0224153 -0.00280569 0.00490826 0.0193846 -0.000121343 0.00463818 0.0228139 0.00148218 0.00704584 0.0214741 0.00373626 0.00615504 0.0195298 0.00718757 0.000424933 0.0234096 -0.00483151 0.00533511 0.0231829 -0.00239746 0.00192043 0.0225424 0.00301805 0.00268452 0.0209237 -0.00054434 0.00655938 0.0238014 0.00355066 -0.00626412 0.0187675 -0.000930639 -0.00713967 0.0216555 0.004103 0.00222279 0.0185309 0.00128446 -0.00557209 0.0201633 -0.00521199 -0.00496802 0.02129 0.00460795 -0.00326602 0.023725 0.00310102 -0.00313351 0.0228142 -0.00577064 0.0043062 0.0223966 -0.000593157 -0.00205494 0.0187447 -0.00680655 -0.00234785 0.0189232 0.00126649 0.00344672 0.0181396 -0.00268618 0.00335622 0.0200791 0.00480023 0.00536693 0.0244688 -0.00575326 -0.00432902 0.0226528 0.00471834 0.00185189 0.01996 0.00120371 -0.00272097 0.0206432 0.00553803 -0.000553882 0.0203278 0.00292184 0.00123825 0.0180898 0.00122519 0.00212593 0.0229856 -0.00142773 0.00397178 0.0208506 -0.00272337 -0.00360226 0.0193568 0.000627469 0.0042018 0.0197605 -0.00067781 -0.00170799 0.0208774 0.00079061 -0.00138834 0.0214258 7.95434e-05 -0.00448596 0.0206257 -0.00364441 -0.000419733 0.0240842 -0.00022502 -0.0037393 0.0243923 -0.00244855 -0.00457278 0.0215777 -0.00719144 -0.000361496 0.0229088 -0.00331402 0.000440962 0.0208942 -0.00696846 -0.00181171 0.023546 -0.00107701 0.000181128 0.0233291 0.00665588 0.00274602 0.0216869 -0.00386442 -0.00226327 0.0236519 -0.00620822 0.00364692 0.0237868 -0.00679079 -0.00239134 0.0205225 0.00703399 -0.00153751 0.0205785 -0.00442592 0.000703475 0.0188148 -0.00318559 0.00487012 0.0226063 -0.00528085 0.00489416 0.0208936 0.000573696 0.00579194 0.0218779 0.000785236 -0.00534697 0.0224069 0.00405592 -0.00594903 0.0245195 0.00528066 0.00300784 0.0209125 -0.0051039 0.000869767 0.0212235 0.00720004 5.25459e-05 0.0205206 -0.0029997 0.00323552 0.0232261 3.63523e-05 0.00283393 0.0203421 -0.00191191 0.00070998 0.0216156 0.000732696 0.00571492 0.0192525 0.00343281 -0.00632884 0.0230959 0.00213313 0.000360396 0.0195488 0.00251804 0.00334673 0.0222916 -0.00515483 0.00192627 0.0231702 -0.00254856 -0.00300423 0.0241801 -0.00333196 -0.00585625 0.0219397 0.00263304 0.00523189 0.0217142 -0.0030336 0.00157406 0.0189998 -0.0053896 0.00477421 0.0245735 0.00235283 -0.00173091 0.0211499 -0.0026985 -0.00495747 0.0231098 0.00586521 0.000407574 0.0223909 -0.00322317 -0.00643863 0.0193592 -0.00174178 -0.00346471 0.0224893 0.00652076 -0.00305331 0.0237553 0.00486305 -0.000236805 0.0234581 0.000406151 0.00078008 0.0232633 0.000594047 -0.00427921 0.0191251 0.00255398 0.00113036 0.0208865 0.00563398 -0.000174706 0.0248582 -0.000840809 0.00167944 0.0228219 3.45549e-05 -0.00306942 0.0216778 -0.00718173 0.000515909 0.020329 -0.00577182 -0.000219829 0.0221858 -0.00303805 0.00217473 0.0210986 0.00400252 -0.000855705 0.020661 0.00354193 -0.00445246 0.0236053 -0.00104538 0.0048876 0.0194675 0.004207 -0.00584322 0.0201641 -0.00353196 0.00170212 0.0236491 0.000649514 -0.00197957 0.0177375 0.00405672 0.00594879 0.0218464 -0.00191698 0.00556098 0.0206278 -0.00568176 -0.00071472 0.0237627 0.00201011 0.00544593 0.0246788 0.0066497 0.00276073 0.0245372 0.00264369 -0.00669759 0.0246282 -0.00108718 -0.00260347 0.0236674 -0.000936992 0.00604773 0.0223372 0.00392519 0.00400166 0.0209425 0.00296625 -0.00150497 0.0226096 -0.00430456 0.00577158 0.0199788 0.00402816 0.00152539 0.0213656 0.000486258 8.51647e-05 0.0196248 0.000612723 -0.00717426 0.0220854 0.00175266 -0.00596083 0.0235229 0.00554461 0.0014806 0.0174815 -0.00133038 0.0030469 0.0221522 0.00265305 -0.0032964 0.021287 0.00231743 0.00445507 0.0234609 -0.00221043 0.000182792 0.0244579 -0.00588673 -0.000383492 0.0205988 0.00475594 0.00355297 0.0234225 0.00632416 0.00344276 0.023127 -0.000224762 -0.00178608 0.0225965 -0.00119368 -0.000671915 0.0219813 -0.00129499 -0.00112122 0.0242321 0.00128353 -0.00406491 0.0215908 0.00141213 6.82418e-08 0.0209308 -0.00648439 0.00119538 0.0219637 0.0045786 -0.00380695 0.0214001 -0.00115354 -0.00499408 0.0235241 0.00439854 -0.00364338 0.0198188 0.00477423 -0.00538959 0.0215894 -0.00413424 -0.00589567 0.0205568 -0.00381008 -0.00184585 0.0196149 -0.00665878 0.00273883 0.0223473 -0.00486032 -0.00306799 0.0218719 -0.003277 0.00450775 0.0241619 0.00718777 -0.000424279 0.0220477 0.00158954 0.00702245 0.0234909 0.00146353 -0.00100102 0.0228245 -0.0051797 0.00259082 0.0217151 0.00573169 0.00118656 0.0237817 0.00562106 0.0014765 0.021226 0.00133944 0.00442404 0.0221957 0.00416192 0.00130372 0.0229927 -0.00177876 -0.00697716 0.023352 0.00691701 -0.00199984 0.0221056 -0.000254892 0.00580789 0.0205097 0.00540722 0.00223513 0.0226179 0.00277941 0.00176912 0.0223358 -0.000648313 -0.00471238 0.0220324 -0.001804 -0.00410045 0.0181197 -0.00529604 0.00269222 0.0201227 0.00545283 -0.00324756 0.0186823 0.000280743 0.00719506 0.0225874 -0.00406691 -0.00393474 0.0205423 0.00405434 0.00293271 0.0221256 -0.00482494 -0.00339121 0.0246801 -0.00281251 0.00662806 0.0214145 0.000506775 0.00718263 0.0202134 -0.0017676 -0.00578314 0.0192586 -0.00327335 -0.00641369 0.0234376 0.0042617 -0.00171763 0.0235227 0.00266675 -0.00637503 0.0200965 0.00191004 0.00468003 0.0189327 0.00584218 0.00420861 0.0218079 0.00412988 -0.00233216 0.0218873 -0.00395447 -0.00437059 0.0220774 -0.00280063 0.000439247 0.0229933 -0.0012116 0.00376093 0.0235896 0.00569796 -0.004402 0.0240082 -0.00187211 0.00198003 0.0200213 -0.0038599 0.00128224 0.0221407 -0.00454781 0.00355496 0.0239697 0.00586589 0.00417414 0.0244737 0.00385124 0.00241879 0.0240971 0.00604062 -0.00315807 0.0214357 -0.00217936 0.00294582 0.0245686 0.00284138 -0.00027437 0.0215953 5.76887e-05 0.00441916 0.0212392 -0.00542739 -0.00210873 0.0230198 0.00111466 0.00141684 0.0202502 9.99206e-05 0.00250282 0.0186946 0.00335562 -0.00465144 0.0208077 0.00212151 -0.0054363 0.0215199 -0.00175235 -0.00587592 0.0221918 -0.00198201 -0.00207948 0.021726 0.00710434 -0.00117162 0.0234612 0.00148198 -0.00260508 0.0222142 -0.00516807 0.00501315 0.0183551 7.18066e-05 -0.00600613 0.021136 -0.00578532 -0.00211575 0.0245791 -0.00278948 -0.000706755 0.0218772 0.00547832 -0.00104672 0.0218485 -0.000373281 0.00719054 0.0173426 -0.00664722 0.00276797 0.0192707 0.00289749 0.0049477 0.0201626 -0.00414246 0.00272806 0.019015 0.00514034 -0.00207783 0.0206732 0.00345812 -0.00631532 0.0214964 -0.00361193 -0.00407231 0.0254702 -0.00402492 0.00112013 0.0258492 0.00111169 -0.00554074 0.0253406 0.000173804 -0.000731725 0.0237314 0.00439363 -0.0042748 0.024948 -0.004135 -0.00101881 0.0226843 -0.00561509 0.00150242 0.0291462 0.00213327 -0.00455409 0.0228545 -0.00163698 0.00460985 0.0223023 -0.00164295 -0.00570284 0.0276195 -0.0042708 0.002295 0.0287937 -0.00363802 -0.00621336 0.0296125 0.00460111 0.0042672 0.0256137 0.00709201 0.00124265 0.0247813 -0.00619643 0.00250418 0.0270466 -0.00258115 0.00163294 0.0253898 -0.00224172 -0.00612745 0.024626 -0.00716908 -0.000669278 0.0267175 0.00367159 0.00440855 0.0226103 -0.0062866 0.00351067 0.0258064 -0.00136743 0.00706914 0.0253947 0.00187046 0.006239 0.0277401 -0.00655784 -0.00297195 0.0288339 0.00117575 -0.00110058 0.0263823 -0.00686007 0.00218681 0.0238386 0.00719359 0.000315009 0.0272925 -0.00116724 0.00417825 0.027336 -0.00201789 0.00480309 0.0251039 -0.00142308 0.00060239 0.0257858 0.00105643 0.00158692 0.0244821 0.000403638 -0.00100407 0.0278105 0.00317562 -0.00312775 0.0244243 0.00165123 0.00390115 0.0248878 0.00204871 -0.00227584 0.0236733 -0.00515284 -0.00274465 0.0261134 0.000461288 -0.00414657 0.0257787 0.00475783 -0.00540453 0.023189 0.00138101 0.00207296 0.0284124 0.00234201 -0.00680891 0.0264556 -0.000744482 -0.00508404 0.025086 -0.00248935 -0.00160444 0.0231671 0.0029663 -0.00109397 0.0242392 -0.00254663 -0.00098121 0.0270848 0.00177815 0.00697731 0.0250788 -0.00282905 -0.000490325 0.0289873 -0.00305183 -0.000287069 0.0257348 0.000780931 -0.00299861 0.028336 -0.00565203 -0.00138668 0.0270537 -0.00065993 0.00247122 0.0279308 -0.00194456 -0.00549014 0.0260629 0.0058854 0.000272843 0.0263731 -0.000398733 -0.00627948 0.0229427 0.000613413 0.00425724 0.0260521 -0.000511874 0.00532842 0.0264336 0.00108953 0.00274471 0.0258401 -0.00426947 -0.00183468 0.0251387 0.000976609 -0.00629181 0.0271089 0.000711033 -0.00716476 0.023682 -3.93235e-05 -0.0055513 0.028098 -0.00344927 -0.00172274 0.0281779 -0.000795743 -0.00715592 0.0271538 0.00132685 0.0053252 0.0289356 -0.00321634 0.00274774 0.0263998 -0.00154603 -0.0070327 0.0257461 0.00274929 -0.000823795 0.0264634 0.00383297 0.00609512 0.0234233 -0.00303254 0.00502654 0.0280511 -0.00635563 -0.000312372 0.0280479 1.59906e-06 -0.000970992 0.0253037 -0.00553181 0.0025693 0.0247565 0.00622964 -0.00360861 0.0252917 0.00304438 0.00479662 0.0257122 -0.000569698 -0.00492189 0.0267263 -0.00488045 0.00286268 0.026209 -0.00248218 0.00333975 0.027692 0.00572839 -0.00160666 0.0241511 -0.00415412 -9.76723e-05 0.0268786 0.0016505 6.83057e-05 0.0240055 -0.00416093 0.00587662 0.0218352 0.00405616 0.00429101 0.0284068 0.00454563 -0.00227753 0.0249939 0.00270919 0.000158128 0.0252014 0.00435328 8.325e-05 0.0219762 -0.000748531 -0.00245567 0.0280341 -0.00066718 -0.00656793 0.024493 0.00137006 -0.00351725 0.0244203 0.00561861 -0.0014411 0.0258358 0.000455254 -0.00229062 0.023954 0.00566994 -0.00443806 0.0265429 0.00292522 -0.0030558 0.0270543 0.00408623 -0.00170212 0.0264902 -0.00091257 -0.000257537 0.0270345 0.00326407 0.00641797 0.0248828 0.00364771 0.0042666 0.0243288 0.000360851 -0.00529389 0.0239485 0.0054939 -0.00238269 0.0227281 0.000983727 -0.00713298 0.025258 -0.00483227 -0.00533782 0.0256 0.00711046 0.00113509 0.0216988 -0.000196714 0.00188608 0.0254303 -0.00558512 0.0014032 0.0260601 -0.000111576 0.00486641 0.0283217 -0.00420238 0.00584663 0.0245618 -0.00391888 0.00249111 0.0249857 0.00687117 -0.00215203 0.0251285 0.000202461 0.00719735 0.0287591 -0.00185136 -0.00240728 0.0268762 0.00258102 -0.00525031 0.0295169 -0.00331945 -0.00291535 0.0222748 0.00289372 0.00322426 0.0281419 -0.00265287 -0.00669347 0.0268501 -0.00689447 0.00207623 0.0254343 0.00122196 0.00481087 0.0274243 0.00571136 -0.00438443 0.0224085 0.00535516 0.0022908 0.0265873 0.00709462 -0.00122762 0.0264151 -0.00432521 0.00373124 0.0274326 0.00320673 2.69783e-05 0.0231234 -0.00639955 -0.0032996 0.0236927 -0.00185846 0.00350932 0.0260311 -0.00554175 -0.00166935 0.0214858 -0.000156975 -0.00627536 0.0259806 -0.00139802 0.00155366 0.0243162 -0.00376118 -0.00385785 0.0235801 0.00508581 0.00509678 0.0229028 -0.00414865 0.00406248 0.0254333 -0.00276793 0.000866739 0.0268059 -0.00502805 0.00105933 0.0246005 0.00691242 -0.00201506 0.0279739 -0.00717975 -0.000541627 0.024498 -0.00284359 -0.00485372 0.0282953 0.00219571 0.0022841 0.027052 -0.00271941 0.00666712 0.0281752 0.000898916 0.00323234 0.0274211 0.00400216 -0.00226275 0.0281832 -0.00455072 -0.00557974 0.0229387 0.00644012 0.00322029 0.0274645 0.00019364 0.00719754 0.0250694 0.00697682 0.00177817 0.0279014 0.00300577 0.00313703 0.025262 -0.000469334 0.00127198 0.0268819 0.00692736 0.00196297 0.0230555 -0.00460605 -0.000286121 0.0253556 -0.00167243 0.00543201 0.0236741 -0.00140562 0.000121596 0.0293862 -0.00398721 -0.00349327 0.0269133 -0.00284928 -0.00319457 0.0279973 -0.00197379 0.00692447 0.0231829 0.00177808 0.000529823 0.0224793 -0.00685473 -0.00220343 0.0260788 0.002633 0.00132316 0.0238653 0.00368758 -0.00433155 0.0264627 -0.0060637 -0.000903483 0.0255853 -0.0046859 0.000396645 0.0231855 -0.00273772 -0.00153571 0.0247854 -0.00364057 -0.0062119 0.0280127 0.000783079 0.00582154 0.025634 0.000267954 0.00310399 0.0221252 0.000736949 -0.00253193 0.0255103 -0.00621053 -0.00304909 0.0272742 -0.00328281 -0.00495904 0.0267605 -0.000273376 0.000475808 0.0246803 0.00530016 0.0013213 0.0253161 -0.00379193 -0.00523741 0.0243891 -0.00179344 -0.003516 0.0257167 -0.00684257 0.000494549 0.0256693 -0.000534396 0.00533778 0.0248341 0.00402585 0.000685414 0.0244618 0.00585413 0.00034541 0.0287768 -0.00269326 0.00667693 0.0245903 -0.00436423 0.000595861 0.0295622 -0.00621361 0.00076778 0.0234814 0.00290822 -0.0055482 0.0272978 -0.00675124 -0.00250294 0.0221191 0.00304467 -0.00558418 0.0257042 0.00234229 -0.00382232 0.0257623 0.00717602 -0.000590205 0.0249499 0.00429595 0.000438398 0.0262978 -0.00472009 0.00543724 0.0260191 -0.000517264 0.00375032 0.0250309 -0.00382612 0.00609945 0.0271688 0.00417989 -0.000736325 0.0252181 0.00379614 0.00178755 0.0255983 0.00487896 0.00529529 0.02737 -0.00109485 0.00168814 0.0292919 -0.00630567 -0.00347609 0.0252798 0.00148732 -0.00130311 0.0248126 0.00217109 -0.006865 0.0222713 -0.000383378 0.00308013 0.0264774 -0.00227194 -0.00683236 0.0285617 -0.00620395 0.00365452 0.0281583 0.00509282 0.00287512 0.0249971 0.00118889 0.0071013 0.0265608 0.00424031 0.00581926 0.026 -0.000832341 0.00715193 0.0269 -0.00345348 0.00631842 0.0232294 0.000909242 0.00360722 0.0235017 -0.00163929 0.00470758 0.0287698 -0.00159363 -0.00101389 0.0258001 -0.00425809 0.00183204 0.0272626 -0.000420403 -0.00172954 0.026647 0.00465372 0.00136845 0.029045 0.00234933 0.0028971 0.0238229 -0.0027483 0.00362975 0.0216961 -0.00476812 -0.00539511 0.0288005 0.00228342 -0.00482682 0.0245186 -0.000845695 -0.00232534 0.0252242 0.00111165 0.00550148 0.0233563 -0.00428113 0.00372275 0.0224015 0.00174033 0.00698669 0.0291483 0.00611842 0.00379581 0.0260072 0.000512143 -0.00386902 0.0229785 -0.00413415 -0.00385478 0.0318682 -0.000714479 -0.00621807 0.0309229 -0.00243476 -0.0067762 0.0305572 -0.00506932 0.00359163 0.029284 0.00234822 -0.0025316 0.0310687 0.00347494 0.000375678 0.0286161 -0.00708027 0.00130777 0.0318236 -0.00337634 -0.000111531 0.0328389 -0.00312456 0.00249343 0.0298918 -0.00487259 -0.00530103 0.0303941 -0.00553254 -0.00460789 0.031676 -0.00225011 0.00519583 0.0311957 -0.00402351 0.00476969 0.0319341 0.00552097 -0.000277242 0.0312178 0.00213214 -0.00687724 0.0280476 0.00481404 -0.00535426 0.0314072 0.000604972 -0.00442652 0.0290358 0.000792012 0.00295805 0.0312405 0.00268747 0.00380794 0.0326153 -0.00472903 0.00242241 0.0303213 -0.00683403 -0.00226698 0.0302431 -0.000301465 0.00719374 0.0316976 0.000305466 -0.00222278 0.0330405 0.00475261 -0.00314667 0.0263206 -0.0071476 0.000867397 0.0271949 -0.000929745 0.00501254 0.0325172 0.00164478 0.00135182 0.0307209 -0.00573259 -0.00435662 0.0264863 -0.00230905 0.00681977 0.0335873 0.00164698 -0.00104394 0.0288971 -0.00180705 -0.000327241 0.0326143 0.00362241 0.00293291 0.0267238 0.00597479 0.00114584 0.0332474 -0.000616495 -0.000930703 0.0302971 -0.00285245 -0.0030146 0.0308975 -0.00564017 0.00447551 0.0269065 0.00125063 0.00709075 0.0320718 -0.00700815 0.00165208 0.0302629 -0.00411619 -0.00168959 0.0267244 0.00430429 -0.00101479 0.0320312 0.00538988 -0.00218157 0.0318901 0.00626642 -0.00354578 0.027933 0.00223334 0.00529713 0.0302567 -0.000858975 -0.00714864 0.0333154 0.0039334 0.00283973 0.0292954 -0.00579311 -0.000123244 0.0295336 -0.00693155 0.00194862 0.0283543 0.00173837 -0.00016119 0.0275512 0.00247128 -0.00371922 0.0299679 0.000988879 -0.00109931 0.0303542 -0.00260377 -0.00378653 0.0294629 -0.00152061 -0.00386228 0.0306377 0.00602751 -0.00073337 0.0276084 -0.00197617 -0.00237245 0.0290562 0.00168205 0.0038472 0.034302 -0.00344592 -0.000193479 0.0306077 0.000842187 0.00572965 0.0309179 -0.00478123 -0.000386982 0.0283216 -0.00396162 -0.00399062 0.0302836 -0.00072672 0.00447227 0.0300624 -0.00145654 -0.00226542 0.0305656 -0.00559497 0.00102693 0.0276151 -0.00399764 0.00360863 0.0330346 0.00110177 0.00280876 0.0332321 0.00686929 0.0021571 0.0323749 -0.00600415 0.00236248 0.0312857 -0.00316236 0.00570172 0.0257685 0.00448926 -0.00562925 0.027528 0.00206934 0.00689626 0.0307112 -0.0016651 -0.00700501 0.0319409 -0.00358919 0.00066845 0.0281645 -0.00604145 -0.000142095 0.031669 -0.00148316 -0.00105126 0.0283009 -0.00210563 0.0025511 0.0311237 0.00540211 -0.00476047 0.0285135 -0.00471694 0.00181535 0.0320622 -0.00390018 0.00605235 0.0290624 0.00299173 -0.00103225 0.0280307 0.00316785 -0.00646567 0.0309362 -0.00374392 0.00360388 0.0308628 -0.000626045 -0.00319336 0.0294485 0.000286998 0.00619099 0.0275184 -0.00163233 0.00569812 0.0275136 -0.00179895 -0.00383994 0.032662 -0.00254659 0.000921844 0.0319417 0.00572136 0.00106784 0.0301981 -0.0017164 0.00234318 0.0326614 0.00290288 0.00538105 0.0286102 0.00328639 -0.00287609 0.032318 -0.000670725 5.60053e-05 0.0315553 0.00529739 0.00416437 0.0313268 -0.00236208 -0.00263059 0.0336063 0.00515806 -0.00134678 0.0288028 0.000134615 -0.00615651 0.0295684 -0.00192998 -0.00419846 0.027157 0.00519585 0.00253317 0.0330791 -0.00653394 0.00302455 0.0295914 -0.00242328 0.00580767 0.0296266 0.00376752 -0.00613573 0.0323823 -0.00481266 -0.00253356 0.0278916 0.00685121 -8.918e-05 0.030349 -0.00479259 -0.00133831 0.031985 0.00588424 -0.00414945 0.029911 -0.00157125 0.00379084 0.0333269 -0.00547336 0.000976687 0.0306506 0.00685709 0.0021959 0.0260445 -0.00307816 -0.00650886 0.0325037 -0.00250503 0.00675044 0.0309164 -0.00065327 -0.00407395 0.028113 0.000134468 -0.00241208 0.0306801 0.00520346 -0.00279606 0.0304248 0.00522235 0.00258789 0.0302091 -0.000541283 -0.00334342 0.0317917 0.00338309 0.00635571 0.031447 0.00220478 0.00162424 0.0255949 -3.97092e-05 0.00584762 0.0295834 -0.00392656 -0.00267836 0.0293689 0.00568996 0.00441202 0.028429 -0.000550206 -0.00332267 0.0267045 0.00150642 -0.00246918 0.0297097 8.99674e-05 0.00112924 0.0283737 -0.00574531 -0.00319054 0.0309651 0.00158575 -0.00486498 0.0267111 0.000153621 0.00719845 0.0332314 0.00206073 -0.00440574 0.0330625 -0.00236743 0.00680012 0.0266172 0.00664684 -0.00276818 0.0265876 0.00510121 0.00103463 0.027545 -0.00434701 -0.00241658 0.0308902 -0.00180923 0.00214593 0.0268665 -0.00507004 0.00357259 0.0317571 -0.00172934 0.00314271 0.0290898 0.00350936 -0.00628687 0.0286083 0.00158801 -0.00702301 0.0319831 -0.00431555 0.00481483 0.0299873 -0.00107575 0.00711935 0.0302996 0.00130964 -0.0055218 0.0304494 0.00679256 -0.00207048 0.0327297 -0.00246445 -0.00523715 0.0301225 0.00662049 -0.00283006 0.0293194 0.00393021 -0.00450561 0.0290875 0.00401575 0.000251046 0.0310962 0.00443903 -0.000552632 0.0275457 0.000647105 0.00222514 0.0298257 -0.00153241 0.00111332 0.0307194 0.00152569 0.00371295 0.028812 -0.00712587 -0.00103163 0.0292693 0.000994067 -0.00713121 0.0305014 0.0044147 -0.00375002 0.0277633 -0.00386239 0.00151165 0.0333827 -0.00369729 0.00135564 0.0309184 -0.00355357 -0.00579344 0.031154 -0.00310439 -0.00261876 0.0259045 0.0066838 0.00267761 0.0291916 0.0071436 -0.000900256 0.0316966 0.00717926 -0.000548015 0.0287033 0.00250381 0.000218894 0.0316178 -0.00568989 -0.00159524 0.0288453 -0.00419138 -0.00394878 0.0284333 0.000309487 -0.00022114 0.0292025 -0.00603223 -0.00393117 0.0330368 -0.00435773 -0.00114129 0.0296674 -0.00354165 0.00372358 0.0288276 -0.00535143 -0.00376388 0.0295245 0.000522768 0.00718123 0.0303264 0.00327361 0.00641301 0.0297751 0.00269158 -0.00140024 0.0321509 0.00459412 -0.000112294 0.0296498 -0.00268214 0.00393458 0.0321844 0.0071087 0.00114511 0.0293647 0.00527502 0.0027101 0.0284342 0.0049374 0.00370509 0.027207 -0.00114785 -0.00710808 0.0296661 -0.00352254 -0.00627961 0.0255726 0.000921955 9.96863e-05 0.0314114 0.00452491 0.00560063 0.0291971 -0.00124752 -0.00519711 0.029085 -0.00719948 -9.76197e-05 0.0305661 -0.00574521 0.00433984 0.0305261 0.00162696 -0.00536327 0.0282377 0.00219456 -0.00406272 0.0315057 0.00256724 -0.00101711 0.0306026 -0.00519155 0.00259909 0.0333737 0.0020256 0.00397438 0.0311683 -0.000266186 -0.00480415 0.0303235 0.00359056 0.00624095 0.0274425 -0.00270685 -0.00448417 0.0315129 0.00280903 0.000756169 0.0267952 -0.00275082 0.000940987 0.0296972 -0.00697841 -0.0017739 0.0278599 0.00612395 -0.00378674 0.0314507 0.00659886 0.00288016 0.0309724 0.00230318 -0.0055924 0.0319607 0.00382358 0.00166833 0.0303794 -0.00267459 0.00194808 0.0284567 -0.00325458 0.00244139 0.0322313 -0.00516386 -0.00264751 0.0334343 0.00211691 0.00280121 0.0300844 -0.00321022 0.00644489 0.0323196 -0.000736112 0.00283625 0.0303477 0.0027894 0.00173992 0.029094 -0.00549951 0.00464734 0.0328616 0.00362774 -0.00137296 0.0294589 -0.00161926 0.000872166 0.0279199 0.0046412 -0.0055049 0.0259404 0.00250185 0.006194 0.0262712 0.00489048 0.00528443 0.0323942 -0.00563202 -0.00128255 0.0306243 0.00108212 0.000225896 0.0254926 -3.73545e-05 0.00343982 0.0290414 -0.00475583 -0.00540588 0.0271966 0.00395679 0.0018662 0.0319613 1.33585e-06 0.000856379 0.0303439 0.00212176 0.00380581 0.026564 0.000701163 -0.00473789 0.0317043 -0.00254133 0.00419043 0.0299857 -0.00717842 0.000559051 0.0291074 -0.00705412 -0.00144303 0.0332118 0.00602619 0.00394073 0.0299203 0.00444773 0.00419528 0.0299716 -0.00075302 0.00573839 0.0310401 0.00230434 -0.00682144 0.0296372 0.00349638 0.0031946 0.0307929 -0.00719909 0.0001164 0.0328848 0.00259072 -0.00288384 0.028609 0.00112219 0.00112113 0.026818 -0.00371633 -0.00259069 0.0327553 0.00365894 -0.00451541 0.0306852 0.000650205 -0.00595917 0.0327365 0.00424761 -0.00581381 0.0299518 0.00717953 0.000544109 0.0323837 0.000140975 -0.00181188 0.0291973 0.00229139 -0.00222541 0.0258429 0.0029216 0.00405981 0.0295119 0.00541068 -0.00219804 0.0274277 0.00104161 -0.00301053 0.0318585 0.0017665 -0.00196309 0.0275931 0.000948127 -0.00377079 0.030454 0.00386749 -0.00204734 0.0308898 -0.00199777 -0.000693465 0.0310686 0.00366339 0.00171014 0.0277543 -0.00393341 0.00603084 0.0309539 -0.0012579 0.00654666 0.028817 0.000347431 -0.00719165 0.0282726 -0.00488352 0.00529074 0.0280563 -0.00242005 0.00525778 0.0330447 -0.00574114 -0.0043453 0.028086 -0.00289918 -0.00161626 0.0301217 -0.000252513 0.00315463 0.0324536 -0.00309786 0.00434104 0.026607 0.00166329 0.0005959 0.0289586 0.00129273 -0.00329824 0.0268501 -1.849e-06 -0.00720016 0.0319654 -0.00323066 -0.00150712 0.031683 0.00152962 0.000225668 0.0328869 0.000866024 0.00433861 0.0301281 0.00384756 -0.00299193 0.0295986 0.00280949 0.000470848 0.0300677 0.00631256 -0.00184895 0.0345124 0.00418943 0.00342842 0.0322158 0.00462357 0.00551938 0.0343822 -0.000989703 -0.00487867 0.0317532 0.00193458 -0.00281455 0.0331715 -0.00686156 -0.00218166 0.0346179 0.00680006 -0.00236681 0.0311574 -0.00174262 0.00639848 0.0350231 -0.00707038 -0.00136041 0.03154 -0.00355811 -0.000505024 0.0350122 0.0059669 -0.00141159 0.0301814 -0.00214495 0.000329761 0.0348929 -0.00534872 -0.00146948 0.034501 -0.000857296 0.00100416 0.0328304 0.0024456 0.00205581 0.0353405 0.000699845 0.00593933 0.0340536 0.00551438 0.00183181 0.0315885 -0.00161087 0.00642564 0.0322027 0.000120592 -0.000528893 0.0328169 0.00461068 0.00553046 0.0308375 0.0015901 -0.00127509 0.0334379 0.00120729 0.00436203 0.0328635 -0.00169614 -0.00573096 0.0329081 0.0034473 0.00463915 0.0314789 -1.88236e-06 0.00373968 0.0339214 -0.0059447 -0.00349202 0.0345727 -0.00282232 0.00276767 0.0337368 -0.00193447 -0.00235201 0.0320899 -0.000501665 -0.00573429 0.0339724 -0.00452397 0.000158991 0.0339232 -0.00177045 0.0049002 0.0344624 0.00317401 -0.00255895 0.0347452 0.00336541 0.00548903 0.0328322 0.0015975 -0.00229702 0.0346689 0.00359209 -0.00176045 0.0334233 0.00429748 -0.00518082 0.0335516 -0.000373396 0.0018417 0.0315474 -0.000346155 -0.000322389 0.0354204 -0.00321163 -0.0038615 0.0341745 -0.00388571 -0.0060616 0.0338105 0.00383165 0.00258784 0.0347441 -0.0047981 0.00427339 0.03425 -0.00661367 0.0028462 0.0326836 -0.00308369 -0.00493975 0.0329995 -0.00519882 -0.000119641 0.0353468 0.00486087 -0.000189696 0.0339259 -0.00664357 0.00232256 0.0349327 -0.00341487 0.00507665 0.0342845 0.00321369 0.00431281 0.0340394 -0.00180965 -0.00462336 0.0340569 -0.00452093 -0.00560372 0.0324141 0.00392844 -0.00110895 0.0348454 -0.00451069 -0.00430971 0.0333551 -0.000378634 0.00719008 0.0347402 -0.00154623 -0.00173592 0.0350143 -0.00185071 -0.0033058 0.0349636 0.00199313 0.00107007 0.0341644 -0.00311898 0.00160606 0.0347963 -0.00243637 -0.000933045 0.0339547 0.00494045 -0.00322349 0.0331515 0.00682543 0.00229243 0.0339694 0.00110866 -0.00141312 0.0319184 -0.00436134 0.00572884 0.0331692 -0.00629875 -0.0025296 0.0323128 -0.00350352 0.00360882 0.034915 0.00707199 0.00135223 0.0310071 -0.00623619 0.00359892 0.0340582 -0.00497967 -0.00520036 0.0345987 0.000493832 0.0057415 0.0324793 -0.00576632 0.000900788 0.0328505 0.000491061 0.00126784 0.0336502 0.00716216 -0.000738426 0.0337347 -0.000142543 -0.00438192 0.0330162 -0.00230102 0.00111946 0.0335102 0.00265336 0.0013543 0.0327351 0.000742265 -0.000191899 0.034255 -0.000892886 0.0060845 0.0337043 -0.00059809 -0.00152463 0.0317914 0.000593482 0.00246287 0.0347091 -0.00170217 0.00318299 0.034801 -0.0023353 -0.00681094 0.0339002 -0.00448863 0.000235823 0.0317427 0.00234259 0.00247241 0.0316337 0.000591826 -0.00620693 0.0350442 -5.84378e-05 -0.001563 0.0344519 0.0021173 0.00536994 0.0345294 0.0047233 0.00416944 0.0335293 0.00542618 0.0024579 0.0347273 -0.00462183 0.00552085 0.0352362 0.00210107 0.00541776 0.0318545 0.00518855 -0.00166092 0.0333894 0.00330585 0.00639626 0.0341488 0.00262209 0.00263172 0.0336979 0.0062262 0.003616 0.0325084 0.00454766 -0.00359492 0.0316457 0.00350448 -0.00369916 0.0336726 0.00106862 0.001592 0.0321938 -0.00433534 0.00182549 0.0358122 -0.00319588 -0.00645186 0.0352003 -0.00532035 -0.00253591 0.0356934 0.00217248 -0.00625999 0.0334088 0.000936597 -0.00503464 0.0340114 0.00331065 -0.000158115 0.032947 0.00476812 -0.00259986 0.0346147 -0.0052067 0.00147892 0.0345159 0.00642515 -0.00324942 0.033747 -0.00447982 -0.00378271 0.0351467 0.000233148 0.00441458 0.0315955 0.00594261 -0.000399905 0.0327562 -0.000679861 -0.00716785 0.0349051 0.00347274 -0.00456421 0.0323271 -0.00396673 -0.00132396 0.0336998 0.00201816 0.00626667 0.0332081 -0.000942361 -0.000138412 0.0339471 -0.0071668 -0.000691581 0.0351141 0.00274275 -0.00488639 0.0344276 -0.000788364 0.0021791 0.0339543 -0.00126494 0.0038737 0.0314448 -0.00627815 0.000320671 0.0342509 -0.00702502 0.00157843 0.0335687 -0.000390153 -0.00433234 0.0347353 0.000713209 -0.00344485 0.0339905 0.00467905 0.000552677 0.0325204 0.00550796 -0.00463712 0.0326578 -0.0034376 -0.00239246 0.0347666 -0.00168943 -0.00588481 0.0350337 0.000892922 -0.00714451 0.0337832 -0.000840081 -0.00313052 0.0337284 0.00615356 0.00373838 0.0341021 0.0028038 0.00361319 0.0354186 -0.000237642 0.0049709 0.0349156 0.00257929 -0.000407283 0.034348 0.0039611 0.00142381 0.0336541 0.00347485 -0.00630608 0.034337 -0.00565669 -0.000666575 0.0331519 -0.00115852 -0.00162616 0.0332865 0.00477299 0.00101795 0.0349717 -0.00518973 0.0029711 0.0350929
</DataArray></Points>
      <Lines>
        <DataArray type="Int64" Name="connectivity" NumberOfComponents="1" format="ascii">
0 97 0 162 0 98 0 62 1 222 1 115 1 13 1 119 1 268 2 44 2 274 2 219 2 363 3 63 3 137 3 361 3 126 4 137 4 263 4 44 4 119 5 26 5 155 6 94 6 142 6 59 6 304 7 302 8 30 8 359 8 305 8 132 9 342 9 91 9 160 9 227 10 134 10 287 10 143 10 23 10 168 11 122 11 269 12 146 12 45 12 321 13 38 13 92 13 127 13 371 13 18 14 15 14 360 14 88 14 266 15 26 16 153 16 39 16 44 16 95 16 274 16 239 17 75 17 118 18 92 18 121 18 275 18 310 18 459 19 167 19 109 19 129 19 254 20 113 20 84 20 218 20 132 21 222 21 122 21 363 21 230 23 361 23 107 23 265 23 111 23 208 24 65 24 63 24 62 24 126 25 143 25 111 25 180 25 371 25 353 25 316 26 46 26 61 26 114 27 107 27 39 27 301 27 363 27 141 29 322 29 339 29 201 29 188 29 53 29 91 30 104 31 48 31 105 31 298 32 153 32 36 32 237 33 140 33 154 33 79 33 166 34 147 34 157 34 156 35 75 35 305 35 217 36 159 36 237 37 70 37 106 37 317 37 109 37 293 38 162 38 80 38 89 38 263 39 47 39 50 39 107 39 44 39 120 40 46 40 130 40 146 41 147 41 169 42 145 42 161 42 107 44 122 45 138 45 167 45 172 45 336 46 360 47 58 47 69 47 145 48 105 48 85 48 284 49 171 49 82 49 271 49 260 50 137 50 107 51 287 51 91 51 168 51 208 51 295 51 259 52 348 52 298 52 334 52 121 52 234 53 114 53 244 53 91 53 187 54 215 54 112 54 357 54 326 55 369 55 265 55 160 55 311 56 78 56 101 56 60 57 71 57 133 57 221 57 350 57 308 58 101 58 145 58 161 58 361 59 94 59 142 59 83 60 140 60 114 60 283 61 140 62 175 62 143 63 134 63 337 64 266 64 213 64 224 64 212 65 150 65 78 65 136 65 337 66 82 66 203 67 69 67 75 67 95 69 153 70 124 70 123 70 139 70 167 70 261 70 131 71 102 71 237 71 205 72 162 72 103 72 82 72 92 73 180 73 92 73 121 73 354 74 79 74 145 74 161 74 369 75 148 76 102 77 151 77 105 77 96 77 162 77 233 78 155 79 113 79 144 79 84 80 163 81 132 81 320 81 286 82 96 82 125 83 115 83 99 83 211 84 273 84 369 84 218 85 124 85 261 85 348 86 302 86 305 86 320 86 202 86 347 87 359 87 132 87 311 87 243 88 360 88 266 88 188 88 245 88 277 89 151 89 294 90 93 90 155 91 165 91 494 91 357 91 253 92 233 92 121 92 271 93 135 93 123 93 255 93 106 94 103 94 164 94 163 95 118 95 217 95 246 97 139 98 137 98 263 99 309 99 291 99 296 100 222 101 283 101 134 102 173 102 122 102 269 102 237 102 219 102 133 103 163 104 113 104 144 104 132 105 171 106 150 106 172 106 339 106 117 106 128 106 112 107 126 107 111 109 131 109 234 109 209 110 255 110 322 111 119 111 316 112 238 112 357 112 252 113 154 114 116 114 201 115 222 115 306 115 309 116 140 116 169 116 157 117 150 117 136 117 165 118 159 119 180 119 371 119 363 120 302 120 274 120 301 121 294 121 351 121 257 121 310 122 173 122 222 123 150 125 203 125 271 125 194 126 137 126 180 127 163 127 203 127 304 128 138 128 339 128 215 128 317 129 317 129 326 129 209 129 401 130 138 131 284 131 348 131 294 132 243 133 211 134 201 134 361 134 165 134 287 135 138 135 172 136 139 136 238 136 175 138 146 140 147 141 274 141 301 141 368 141 513 141 328 141 344 142 203 144 145 144 149 144 369 145 369 145 302 146 255 146 229 147 154 148 149 148 305 149 359 149 302 151 284 152 173 152 256 153 159 154 166 155 201 156 244 156 228 157 273 157 244 157 228 158 256 158 219 158 309 160 273 160 311 160 278 160 341 161 283 161 361 161 287 161 265 163 263 164 173 164 222 164 256 165 337 166 218 167 172 167 261 168 238 168 353 168 259 169 266 171 233 171 298 174 453 174 235 174 443 174 594 174 764 175 294 175 293 175 354 176 288 176 358 176 335 176 496 177 226 177 299 177 343 177 536 177 352 177 501 178 555 178 517 178 392 178 240 178 580 178 444 178 282 178 442 179 182 179 499 179 267 179 297 179 452 180 263 181 187 181 409 181 224 181 276 181 486 182 275 182 268 182 296 183 307 183 406 184 299 184 356 184 345 185 390 185 352 185 437 185 472 186 232 186 385 186 423 186 549 187 244 187 277 187 213 187 227 188 322 188 494 189 354 189 521 189 459 190 193 190 401 190 481 190 391 190 542 190 405 191 321 191 326 191 366 191 458 191 193 191 376 192 311 192 243 192 451 192 340 192 250 193 365 193 324 193 481 194 271 194 306 194 584 195 370 195 475 195 235 195 576 196 239 196 219 196 226 196 586 196 299 197 214 197 422 197 544 197 582 197 303 197 562 198 512 198 332 198 448 198 480 199 325 199 242 199 207 199 417 200 217 200 246 200 312 200 248 200 506 201 283 201 342 202 286 202 220 202 312 203 304 204 265 204 301 204 232 204 451 204 555 205 586 205 356 206 258 206 247 206 486 206 380 206 403 207 267 207 398 207 452 207 554 207 488 207 538 207 489 208 278 208 316 208 259 208 555 208 517 209 355 209 453 210 261 210 348 210 234 211 256 211 350 212 236 212 435 213 341 213 307 214 353 214 574 214 241 214 338 215 322 215 321 216 239 216 318 216 246 218 311 218 243 218 349 219 221 220 327 220 288 220 588 221 230 221 299 222 263 223 497 223 458 223 384 223 249 224 467 224 247 225 333 225 475 225 427 226 246 226 328 226 289 227 253 227 362 227 467 228 349 228 341 229 360 230 328 230 268 230 410 230 300 230 476 231 338 231 297 231 571 231 413 231 687 232 311 232 278 232 362 232 556 233 284 234 355 235 553 235 594 235 772 236 349 236 264 237 318 238 262 239 269 239 246 240 451 240 555 240 288 240 335 241 249 241 583 241 372 242 296 242 452 242 500 242 547 244 342 245 445 245 409 245 314 246 274 246 347 246 506 247 590 248 586 249 253 249 295 249 259 249 583 249 404 250 286 250 512 250 423 251 285 251 404 251 364 251 460 251 397 252 317 252 293 252 365 253 295 253 276 253 346 254 587 254 329 257 271 257 548 257 333 257 315 258 409 258 314 258 527 259 353 259 319 260 548 260 522 260 280 262 354 262 290 262 497 264 349 264 385 264 406 265 313 265 278 267 459 267 422 267 398 267 582 267 367 267 554 268 309 268 275 268 410 268 279 268 325 270 336 270 401 271 522 271 499 272 506 272 331 272 289 272 514 273 283 273 342 274 513 275 371 275 306 276 393 277 409 278 287 278 295 279 371 279 459 279 300 279 338 280 548 281 476 281 299 281 415 281 501 281 402 281 469 281 394 281 377 282 392 282 343 282 470 285 362 285 307 285 346 285 428 286 588 288 451 288 392 288 423 288 570 289 505 289 345 290 365 290 355 290 574 290 391 291 584 292 357 292 365 292 497 293 294 293 351 295 362 295 555 295 346 296 309 296 350 297 459 297 325 297 582 298 548 300 368 301 517 301 392 302 313 303 473 303 562 303 437 303 581 303 520 307 323 307 467 307 575 308 350 308 356 308 500 308 469 310 574 310 422 311 341 311 323 312 347 312 331 313 359 313 320 313 327 314 321 314 445 314 366 315 333 315 422 315 412 315 367 318 586 319 517 319 521 319 473 321 330 322 360 323 385 324 330 325 415 326 336 327 451 327 513 327 392 328 476 329 401 329 553 329 579 330 336 331 570 331 529 332 385 332 335 332 411 332 414 333 355 333 383 333 422 333 381 334 348 334 548 334 587 335 444 335 414 335 470 340 349 340 512 343 344 343 506 343 536 344 517 344 390 345 501 345 528 345 456 346 404 347 506 350 410 351 354 351 355 352 390 352 442 352 571 352 394 353 497 353 574 354 574 355 453 356 469 357 494 358 423 359 369 363 368 364 551 364 393 364 531 364 478 364 479 365 401 365 384 367 379 367 554 367 427 368 517 368 521 368 390 370 548 370 587 372 515 372 544 372 508 372 581 373 549 373 478 373 420 373 455 374 388 374 697 374 455 374 526 374 715 375 379 375 554 375 643 375 557 376 566 376 503 377 415 377 417 377 469 377 394 377 540 377 436 377 600 378 569 378 572 378 648 379 412 380 527 380 493 380 769 381 553 381 443 382 442 382 585 382 472 383 574 383 391 383 558 384 544 384 487 385 428 385 411 386 454 386 461 386 465 386 591 387 583 387 404 387 397 387 508 387 520 387 577 387 568 388 428 388 549 388 660 388 450 389 465 389 751 389 732 389 750 389 541 390 521 390 473 390 442 391 487 391 446 392 513 393 458 393 515 393 404 393 426 394 413 394 430 394 534 395 396 395 483 395 617 396 427 396 700 396 761 397 460 397 420 397 568 397 607 398 584 398 412 398 488 399 690 399 550 399 607 399 731 399 693 400 705 400 530 400 751 401 453 401 504 402 501 402 430 402 456 403 531 403 426 403 530 404 508 405 481 405 487 405 771 405 545 406 428 406 660 407 448 407 652 408 437 408 790 408 610 408 685 411 660 411 480 412 475 413 472 413 421 414 448 414 450 414 572 414 652 415 476 415 500 416 542 416 446 416 465 416 750 416 466 417 571 417 601 418 421 418 714 418 800 418 696 419 505 419 585 419 528 419 734 420 524 421 538 421 436 421 491 421 431 421 709 422 459 422 558 424 567 424 498 424 617 425 558 425 533 425 770 425 761 426 439 426 479 426 530 427 576 427 567 428 523 429 544 429 558 429 446 430 585 430 600 430 507 430 471 430 532 431 687 431 489 431 592 431 483 432 493 432 641 432 613 433 729 433 471 433 677 433 663 434 483 434 573 434 702 434 736 435 551 435 462 436 601 436 729 436 471 436 709 437 687 438 641 438 578 438 614 438 613 439 458 439 486 439 527 440 524 440 572 440 652 440 468 440 656 441 750 441 674 441 662 441 883 442 580 442 536 442 516 443 558 443 764 444 460 444 516 445 494 446 764 446 533 447 461 447 591 447 650 447 723 448 529 449 612 449 762 449 671 449 704 450 549 450 524 450 652 452 584 452 546 454 504 454 566 455 478 455 502 457 464 457 623 457 677 457 603 457 791 457 796 457 627 459 499 460 549 461 579 461 594 462 575 462 523 462 485 463 761 463 685 463 589 463 684 463 783 463 805 464 472 464 790 464 686 465 771 465 510 465 760 466 764 466 750 466 650 466 770 466 752 467 551 468 477 468 603 468 791 470 524 470 572 470 537 471 600 471 766 471 560 472 511 472 491 472 482 473 580 473 511 474 658 474 533 474 610 474 795 474 659 474 589 474 684 476 571 477 550 477 607 477 715 477 731 477 626 478 575 478 531 478 535 479 705 479 530 479 535 479 690 479 711 480 712 480 652 481 515 482 785 482 787 483 489 483 557 483 592 484 623 484 559 484 794 484 598 484 616 485 697 485 490 486 551 488 489 490 733 490 578 490 614 490 632 490 746 491 687 491 519 491 685 491 787 492 566 492 769 492 751 493 641 495 700 495 761 495 752 495 631 495 621 496 570 496 529 496 734 497 544 498 700 498 792 501 585 502 697 502 526 502 632 502 748 503 771 503 705 504 542 505 570 505 514 506 513 506 570 507 534 507 518 507 532 508 690 509 601 509 754 509 630 509 709 509 573 509 619 510 591 510 751 510 691 511 580 514 569 514 528 516 525 518 612 518 785 518 806 519 687 519 761 519 592 519 714 520 568 520 790 522 584 523 697 524 577 524 525 525 550 525 790 525 623 526 607 526 743 526 635 527 566 528 565 528 543 530 561 530 578 530 711 531 590 531 641 531 733 532 698 533 581 533 545 534 585 534 729 535 607 536 585 536 537 537 734 537 623 538 687 538 601 539 608 539 719 539 670 539 1024 540 547 541 751 541 986 541 673 542 579 543 698 544 574 545 658 546 547 546 754 547 601 549 556 550 577 550 568 550 790 550 626 551 590 552 750 552 752 552 655 552 883 553 587 554 643 554 687 555 556 555 583 557 567 557 727 558 643 559 572 559 734 559 623 559 656 559 762 560 850 560 595 561 769 561 563 561 710 562 582 563 769 563 691 564 697 564 712 564 743 565 569 565 734 565 612 566 771 568 690 568 790 568 795 572 608 573 1013 573 736 576 772 577 580 578 730 579 594 580 583 581 658 581 610 585 785 589 770 591 633 592 708 593 1034 593 765 593 726 593 1017 593 994 593 788 594 764 594 650 595 747 595 681 595 672 596 1036 596 999 596 960 596 773 597 903 597 858 597 960 597 968 597 1140 598 677 598 794 598 657 598 894 599 750 599 760 599 723 599 902 599 815 600 630 602 775 602 647 602 928 602 934 603 624 603 626 603 786 604 829 604 639 604 882 604 907 604 1021 604 1039 605 852 605 720 605 885 605 1028 605 854 606 677 606 698 606 850 606 774 607 746 608 737 608 648 608 656 609 746 609 757 609 731 610 761 611 638 611 818 611 778 611 738 611 823 611 1236 612 734 612 806 614 730 614 748 614 901 614 781 615 766 615 747 615 758 616 762 616 966 616 1016 617 651 617 884 617 644 618 626 618 786 618 680 618 832 619 630 619 766 619 747 620 797 620 878 620 804 621 752 621 783 621 884 621 701 621 807 621 718 622 742 622 805 622 802 623 785 623 791 624 790 624 693 624 684 624 686 625 691 625 760 625 662 625 780 625 857 625 722 626 693 626 981 627 686 627 786 627 924 627 683 628 882 628 876 628 1039 629 743 629 735 629 936 631 706 631 688 633 760 634 783 634 805 634 661 634 636 634 889 635 715 635 743 635 735 635 779 635 763 635 981 635 936 636 841 636 964 636 739 636 900 637 1008 637 973 637 1031 637 982 637 738 637 987 638 802 638 1031 638 823 639 706 640 742 640 667 640 802 640 830 642 744 642 931 642 996 642 930 643 761 644 688 644 971 644 767 645 691 645 756 646 780 646 857 646 999 647 682 647 1001 647 925 647 988 647 846 648 762 649 971 649 720 649 1003 649 991 650 772 650 792 651 761 651 884 651 742 652 715 652 707 653 818 653 921 653 1236 653 965 653 1004 653 979 654 807 654 971 654 720 654 1025 654 745 655 783 655 661 656 779 656 1024 657 832 657 872 658 705 658 690 658 674 659 674 659 801 660 697 660 712 661 703 661 961 661 852 661 862 662 822 662 803 662 776 662 955 663 796 663 758 663 866 663 681 664 824 664 916 664 1224 665 702 665 736 666 957 666 867 666 1029 666 840 666 782 667 800 667 1013 667 802 667 818 668 818 668 812 668 778 669 803 669 680 669 682 669 961 670 797 670 1024 670 957 670 878 671 762 671 716 671 1034 672 778 672 738 673 986 673 710 673 803 673 722 675 704 675 774 675 1016 675 866 675 692 675 982 676 716 676 1016 676 872 677 785 678 743 678 748 678 755 678 789 679 699 679 1019 679 867 680 757 680 793 680 744 680 703 680 845 681 850 682 803 682 793 682 925 682 952 683 891 683 964 684 795 686 787 686 759 686 805 689 931 689 899 689 834 689 976 690 732 690 728 692 1016 692 725 692 973 692 1017 692 1032 692 788 693 728 693 801 693 703 694 901 694 781 694 919 694 953 694 988 695 878 695 1034 695 933 695 994 696 702 696 886 699 789 699 953 699 814 700 764 700 752 701 723 701 883 701 768 701 829 702 727 702 708 702 784 703 728 703 903 704 774 704 765 706 792 706 768 706 807 707 712 708 971 708 1020 709 1013 710 756 710 775 711 732 711 986 711 730 711 757 712 735 713 779 713 966 713 832 713 931 713 819 714 805 714 891 715 737 716 966 716 878 716 726 717 763 717 789 717 842 717 931 718 807 718 852 719 735 720 971 720 889 721 756 721 780 721 934 721 820 722 880 723 792 723 902 724 730 724 775 724 781 724 919 724 1001 725 894 725 844 725 1015 726 819 726 804 726 844 726 1156 727 784 728 795 728 757 728 822 729 787 729 766 729 800 730 746 730 793 731 757 731 763 735 737 737 797 738 859 739 852 739 889 739 853 740 830 740 964 740 853 740 1018 741 857 741 777 741 843 741 893 742 805 742 889 744 763 744 981 744 845 744 842 744 749 745 767 745 1014 745 874 746 748 747 1013 747 798 747 778 748 763 749 903 749 899 749 996 749 976 752 792 753 961 753 1140 753 995 755 901 756 925 758 891 758 954 759 801 759 805 759 924 762 1024 767 784 767 1007 768 792 768 829 773 852 773 869 773 813 773 854 774 794 774 1008 776 822 776 883 776 980 776 961 776 1036 777 902 777 829 777 967 779 981 779 966 780 820 781 901 781 1001 781 842 782 942 782 989 783 889 786 841 787 796 787 891 788 1032 788 897 789 905 789 867 791 966 794 1016 797 936 798 886 799 1007 799 1003 799 921 799 1231 799 1000 799 827 802 891 802 964 802 877 803 822 803 980 804 1029 804 942 804 1156 804 855 807 808 808 907 808 1025 808 885 808 1014 809 843 809 999 809 876 809 904 809 1033 809 826 809 1175 810 909 810 977 810 959 810 1174 810 1064 810 1197 811 870 811 1060 811 948 811 1225 812 886 812 1007 812 921 813 869 813 1033 813 879 813 947 814 953 814 911 815 902 815 883 815 857 815 955 816 846 816 1042 816 1202 816 851 816 1063 816 1232 816 1084 817 922 817 1012 817 1111 817 949 819 834 819 844 819 922 820 945 820 909 820 837 821 1045 821 863 821 1076 821 1105 821 873 821 1184 823 917 823 859 823 914 824 924 824 894 824 964 824 915 824 1015 825 944 825 1140 825 958 825 1010 825 1075 826 843 826 1026 826 959 826 992 827 921 827 1030 827 1151 828 932 828 930 828 997 828 1195 828 1172 829 967 829 882 829 907 830 1020 830 889 830 877 830 984 831 916 831 1022 831 1223 831 1107 831 1081 831 1041 832 981 833 1051 833 1151 833 970 833 1142 833 1445 833 1320 834 899 834 872 834 976 834 1011 834 1077 835 947 835 946 835 1165 835 1044 836 851 836 912 836 1087 836 1192 836 1131 837 880 837 945 837 909 837 904 837 1193 838 984 838 1018 838 1239 838 1071 839 859 839 987 840 940 841 903 842 1019 843 967 843 999 845 1001 846 1127 847 1077 847 1022 847 1128 847 1058 848 1054 848 963 849 1127 849 948 849 1063 849 1075 849 1167 850 1008 851 1193 851 956 851 881 852 1036 852 889 853 1028 853 998 853 1018 854 879 854 1097 854 1117 855 1029 855 990 856 1202 856 1080 856 1174 856 1087 858 1019 858 988 858 952 859 860 859 939 860 915 860 1031 860 1032 860 1206 860 929 861 985 861 995 861 916 861 1224 861 946 862 903 862 869 863 933 863 994 863 941 864 1040 864 1111 864 1045 865 1014 865 874 865 1239 865 935 866 1016 866 954 867 905 867 911 868 1021 868 1026 868 1097 868 935 869 985 869 995 869 998 870 988 870 944 870 975 870 1063 871 903 871 900 871 976 871 1011 872 924 873 1005 873 1092 874 1021 874 887 874 972 874 1237 875 1097 875 1117 875 1194 875 1089 875 1104 875 1134 876 1036 876 967 876 993 877 886 877 1003 877 917 878 942 879 1175 879 974 879 1009 880 980 880 925 880 1035 880 999 881 1202 881 1232 881 1227 881 1087 881 1192 882 893 883 1036 885 907 886 1020 887 978 887 943 888 1195 888 1096 890 1095 890 1027 892 1004 892 1030 893 977 893 1069 894 954 895 1194 895 1176 895 1182 895 1067 896 919 896 928 896 913 897 1017 897 941 897 898 897 910 897 1005 898 1022 898 1074 898 1103 898 1149 899 924 900 924 904 977 904 1080 905 957 906 1018 906 1137 906 1213 906 1107 906 1079 907 1036 908 1237 908 1132 908 1169 909 977 909 1122 910 929 910 1023 911 1195 912 1033 912 956 912 974 912 951 912 1082 913 953 913 988 913 1060 914 1018 914 1224 914 1081 915 973 915 1037 915 1070 915 927 916 1011 916 1077 916 1111 916 1223 917 1037 917 1018 917 965 918 928 918 934 918 1202 918 937 920 1231 920 1000 920 1239 920 1151 921 1003 921 965 921 979 922 1029 922 1045 923 946 923 1213 923 1107 923 1108 923 1044 923 1130 926 930 926 948 926 990 926 1040 926 1002 927 1017 927 1022 927 929 928 1042 929 1032 929 1022 929 1054 929 1238 930 940 930 958 931 936 931 1029 932 953 932 988 932 1060 933 942 933 950 934 1035 934 945 935 972 935 1104 937 1042 937 938 937 1061 938 1122 939 1236 939 1109 939 1201 940 1029 940 1195 941 1156 943 1099 944 1019 944 1127 945 1122 946 998 946 1224 946 1153 946 1213 946 1223 947 1068 947 1010 947 1009 947 1153 948 958 949 958 949 1119 950 989 951 1175 951 1197 951 1350 951 1228 952 1035 952 960 952 1193 952 968 955 980 955 967 956 1127 956 1068 956 1084 956 1075 958 976 958 1012 959 1006 960 980 960 961 960 1193 960 1033 962 993 962 1161 962 1089 963 1109 963 1238 963 1100 963 1116 964 985 964 1037 965 1051 965 1137 968 1127 969 997 969 1218 970 1194 970 1071 970 1450 972 1021 972 1237 972 1132 973 1032 974 1009 975 1042 975 1205 978 1014 978 984 978 1000 978 1239 979 1004 979 1030 982 1032 982 987 983 1042 983 1063 983 1154 984 1003 985 1018 988 1019 989 990 990 1040 990 1076 990 1240 991 1231 992 1026 992 1175 992 1177 993 1097 993 1175 994 1156 995 1140 995 1068 995 1012 996 1019 996 1140 997 1138 1000 1003 1000 1051 1002 1172 1002 1158 1002 1119 1002 1240 1002 1135 1002 1208 1003 1020 1004 1137 1004 1109 1006 1095 1006 1064 1006 1415 1006 1177 1007 1020 1009 1213 1010 1012 1010 1153 1010 1082 1012 1111 1012 1153 1014 1028 1015 1077 1017 1062 1021 1025 1022 1206 1022 1238 1023 1149 1023 1207 1023 1141 1026 1069 1026 1161 1027 1039 1027 1161 1028 1097 1028 1117 1028 1239 1030 1051 1033 1080 1033 1068 1035 1202 1037 1070 1038 1189 1038 1201 1038 1148 1040 1045 1040 1135 1041 1081 1041 1238 1043 1120 1043 1114 1043 1258 1043 1242 1043 1406 1044 1223 1044 1390 1045 1156 1045 1062 1045 1074 1046 1130 1046 1211 1046 1438 1046 1364 1046 1421 1046 1341 1047 1377 1047 1073 1048 1175 1048 1362 1048 1234 1048 1247 1049 1223 1049 1058 1049 1399 1049 1078 1050 1116 1050 1053 1050 1180 1052 1221 1052 1250 1052 1211 1052 1449 1053 1201 1055 1383 1055 1229 1055 1255 1056 1067 1056 1320 1056 1118 1056 1344 1057 1134 1057 1108 1057 1157 1057 1210 1057 1130 1057 1106 1057 1139 1058 1152 1058 1149 1058 1112 1059 1148 1059 1389 1059 1196 1059 1385 1059 1408 1059 1379 1060 1205 1060 1138 1061 1232 1061 1227 1062 1077 1062 1074 1063 1205 1063 1226 1064 1174 1064 1209 1064 1073 1065 1337 1065 1136 1065 1212 1065 1204 1065 1246 1065 1273 1066 1158 1066 1208 1066 1136 1067 1450 1067 1094 1069 1095 1070 1224 1071 1213 1071 1134 1071 1079 1072 1307 1072 1216 1072 1335 1072 1254 1073 1360 1074 1152 1074 1184 1074 1103 1075 1119 1075 1083 1075 1131 1075 1230 1076 1135 1076 1235 1078 1126 1078 1444 1078 1271 1079 1221 1079 1157 1079 1250 1081 1206 1081 1109 1081 1107 1081 1221 1082 1083 1082 1228 1082 1165 1083 1168 1083 1164 1083 1181 1084 1127 1084 1192 1084 1167 1085 1247 1085 1395 1085 1396 1085 1160 1085 1384 1086 1453 1086 1147 1086 1281 1086 1277 1087 1115 1087 1209 1087 1120 1087 1123 1088 1133 1088 1090 1088 1413 1088 1371 1089 1234 1089 1214 1089 1108 1090 1360 1090 1233 1091 1165 1091 1130 1091 1166 1091 1245 1091 1160 1091 1403 1092 1103 1092 1383 1093 1282 1093 1247 1093 1365 1093 1114 1093 1297 1094 1266 1094 1311 1094 1118 1096 1105 1096 1188 1098 1445 1098 1250 1098 1320 1098 1450 1098 1437 1098 1178 1099 1151 1100 1189 1100 1221 1100 1185 1100 1148 1100 1196 1100 1449 1101 1232 1101 1167 1101 1293 1101 1336 1101 1155 1102 1110 1102 1278 1102 1416 1102 1658 1103 1184 1103 1207 1104 1133 1104 1169 1104 1214 1105 1179 1106 1445 1106 1450 1106 1219 1108 1165 1109 1206 1110 1429 1110 1241 1111 1168 1111 1128 1112 1191 1112 1198 1112 1185 1112 1260 1113 1182 1113 1395 1113 1413 1114 1365 1114 1147 1114 1396 1115 1174 1115 1227 1115 1377 1115 1203 1116 1238 1116 1185 1116 1141 1116 1260 1117 1213 1118 1215 1118 1344 1119 1158 1119 1220 1119 1150 1120 1203 1120 1171 1120 1365 1121 1184 1121 1235 1121 1179 1121 1340 1121 1125 1121 1183 1122 1202 1122 1174 1123 1228 1123 1147 1124 1337 1124 1212 1125 1324 1125 1204 1125 1129 1125 1409 1126 1390 1126 1130 1126 1245 1126 1271 1128 1223 1128 1152 1128 1220 1128 1191 1129 1317 1129 1418 1129 1328 1129 1423 1129 1404 1129 1292 1130 1157 1130 1364 1131 1167 1131 1453 1131 1164 1132 1161 1133 1161 1133 1169 1133 1395 1134 1213 1134 1214 1134 1445 1135 1220 1136 1278 1136 1249 1136 1447 1136 1246 1136 1273 1137 1189 1137 1142 1138 1225 1138 1241 1138 1173 1139 1214 1139 1210 1139 1345 1141 1307 1142 1200 1143 1222 1143 1395 1143 1413 1144 1159 1144 1449 1144 1274 1144 1285 1144 1334 1144 1313 1144 1398 1145 1163 1145 1255 1146 1155 1146 1416 1147 1164 1147 1329 1147 1166 1147 1448 1148 1250 1148 1389 1149 1238 1149 1198 1150 1208 1150 1220 1150 1181 1150 1204 1152 1184 1152 1324 1152 1198 1153 1223 1154 1232 1154 1429 1154 1293 1154 1299 1155 1429 1155 1299 1155 1447 1157 1399 1157 1445 1157 1250 1158 1225 1158 1167 1159 1185 1159 1260 1159 1444 1159 1449 1159 1335 1160 1210 1160 1364 1160 1287 1160 1270 1161 1362 1162 1198 1162 1163 1162 1217 1162 1335 1163 1207 1163 1190 1163 1383 1163 1216 1164 1165 1164 1329 1164 1245 1165 1234 1166 1245 1166 1396 1166 1440 1167 1230 1167 1249 1167 1453 1168 1223 1168 1220 1169 1176 1169 1413 1170 1172 1170 1225 1170 1218 1171 1192 1171 1293 1172 1195 1173 1278 1173 1355 1177 1209 1177 1350 1177 1222 1178 1215 1178 1269 1179 1188 1179 1340 1180 1196 1180 1449 1180 1285 1181 1245 1182 1194 1182 1450 1183 1190 1183 1383 1183 1404 1184 1340 1184 1190 1185 1221 1185 1438 1185 1449 1186 1324 1186 1191 1186 1359 1186 1190 1186 1217 1186 1409 1187 1227 1187 1293 1187 1203 1187 1258 1188 1218 1188 1337 1188 1229 1189 1201 1189 1221 1190 1198 1191 1390 1191 1392 1194 1237 1194 1239 1197 1209 1198 1260 1199 1365 1199 1233 1199 1427 1199 1242 1200 1320 1203 1258 1203 1405 1204 1317 1204 1322 1206 1238 1207 1366 1208 1240 1209 1350 1209 1377 1209 1365 1210 1234 1210 1214 1211 1250 1211 1219 1211 1421 1212 1278 1212 1355 1212 1312 1214 1395 1215 1450 1215 1311 1215 1345 1215 1367 1216 1433 1216 1452 1217 1444 1217 1433 1218 1240 1218 1355 1219 1257 1219 1361 1220 1324 1220 1359 1220 1390 1221 1399 1222 1362 1222 1233 1226 1241 1226 1249 1227 1293 1228 1234 1228 1282 1229 1317 1229 1418 1230 1275 1233 1394 1234 1282 1234 1247 1235 1240 1235 1324 1235 1337 1241 1429 1242 1405 1242 1606 1242 1402 1242 1387 1243 1384 1243 1342 1243 1257 1243 1318 1243 1368 1243 1441 1244 1447 1244 1338 1244 1363 1244 1277 1244 1576 1245 1329 1245 1403 1245 1310 1246 1658 1247 1395 1248 1500 1248 1252 1248 1412 1248 1558 1250 1385 1251 1291 1251 1314 1251 1548 1251 1431 1251 1630 1252 1441 1252 1457 1252 1473 1252 1462 1253 1397 1253 1605 1254 1433 1254 1335 1255 1559 1256 1342 1256 1261 1256 1500 1256 1432 1257 1364 1257 1270 1258 1627 1258 1305 1258 1291 1259 1394 1259 1407 1259 1309 1260 1366 1261 1311 1261 1315 1261 1489 1262 1411 1262 1379 1262 1436 1263 1659 1263 1354 1263 1535 1263 1541 1263 1303 1263 1451 1264 1401 1264 1617 1264 1474 1265 1310 1265 1662 1265 1306 1265 1690 1266 1413 1266 1353 1267 1292 1267 1506 1267 1380 1268 1430 1268 1316 1268 1536 1268 1439 1268 1343 1269 1385 1269 1408 1269 1361 1269 1520 1270 1403 1270 1333 1270 1382 1271 1341 1271 1568 1272 1442 1272 1501 1272 1613 1273 1275 1274 1438 1274 1296 1274 1381 1274 1294 1275 1283 1275 1327 1275 1428 1276 1297 1276 1427 1276 1387 1276 1401 1277 1572 1277 1705 1278 1355 1279 1373 1279 1375 1279 1574 1279 1704 1279 1597 1279 1654 1280 1416 1280 1298 1281 1336 1281 1326 1281 1291 1283 1359 1283 1428 1283 1423 1283 1323 1284 1440 1284 1287 1284 1301 1285 1334 1285 1379 1285 1659 1285 1434 1286 1301 1286 1386 1286 1642 1286 1701 1287 1396 1287 1384 1287 1318 1287 1368 1288 1705 1288 1470 1288 1685 1289 1394 1289 1492 1289 1643 1290 1583 1290 1430 1290 1574 1290 1663 1291 1402 1292 1404 1292 1419 1292 1506 1293 1336 1293 1326 1294 1296 1294 1295 1294 1354 1295 1408 1295 1398 1295 1536 1295 1535 1296 1341 1296 1568 1297 1606 1297 1384 1297 1492 1298 1363 1298 1697 1298 1468 1298 1300 1298 1633 1299 1338 1300 1314 1300 1562 1300 1547 1300 1630 1300 1470 1301 1492 1301 1388 1301 1570 1302 1305 1302 1363 1302 1697 1303 1354 1303 1569 1304 1345 1304 1361 1304 1583 1304 1316 1305 1326 1305 1363 1305 1352 1306 1686 1306 1323 1306 1332 1306 1531 1307 1334 1308 1703 1308 1422 1308 1616 1308 1439 1309 1643 1309 1515 1309 1511 1309 1499 1309 1670 1310 1428 1310 1403 1310 1448 1310 1442 1311 1369 1311 1353 1312 1346 1312 1580 1313 1335 1313 1435 1313 1667 1313 1659 1314 1363 1314 1572 1314 1548 1315 1345 1315 1441 1315 1358 1316 1583 1316 1703 1316 1648 1316 1616 1316 1585 1317 1322 1317 1346 1318 1384 1318 1492 1318 1511 1318 1524 1319 1390 1319 1392 1319 1428 1319 1662 1319 1323 1321 1625 1321 1351 1321 1541 1321 1629 1322 1328 1322 1423 1322 1477 1323 1409 1323 1568 1325 1572 1325 1348 1325 1442 1325 1507 1325 1534 1325 1685 1326 1363 1327 1329 1327 1447 1327 1400 1328 1357 1329 1400 1330 1658 1330 1477 1331 1686 1331 1393 1331 1678 1332 1423 1332 1477 1332 1596 1333 1440 1333 1442 1333 1382 1333 1657 1333 1526 1334 1435 1334 1659 1335 1381 1338 1363 1339 1405 1339 1481 1339 1664 1340 1383 1341 1403 1341 1382 1341 1430 1342 1369 1342 1407 1342 1353 1342 1515 1343 1535 1343 1439 1343 1663 1343 1569 1344 1437 1344 1420 1344 1520 1346 1580 1346 1357 1347 1535 1347 1696 1347 1569 1347 1618 1348 1606 1348 1442 1349 1633 1349 1675 1349 1594 1349 1590 1349 1502 1351 1373 1351 1599 1351 1498 1352 1627 1352 1397 1353 1407 1354 1667 1356 1404 1356 1559 1356 1581 1356 1625 1357 1418 1358 1489 1358 1703 1359 1392 1360 1427 1361 1583 1361 1430 1361 1703 1362 1415 1364 1403 1365 1405 1367 1420 1367 1703 1368 1583 1368 1524 1369 1395 1369 1384 1370 1580 1370 1506 1370 1593 1371 1394 1371 1407 1372 1402 1372 1548 1372 1397 1372 1504 1373 1568 1373 1679 1373 1667 1374 1422 1374 1536 1374 1530 1375 1430 1375 1667 1375 1599 1376 1602 1376 1688 1376 1678 1376 1531 1376 1546 1376 1710 1376 1656 1378 1452 1378 1380 1378 1625 1378 1624 1379 1398 1380 1623 1380 1607 1381 1444 1381 1424 1381 1485 1382 1679 1382 1583 1382 1657 1382 1574 1384 1394 1385 1389 1386 1526 1386 1426 1386 1487 1387 1553 1387 1388 1387 1612 1388 1548 1388 1504 1388 1507 1389 1437 1389 1411 1391 1427 1391 1394 1391 1401 1392 1444 1393 1416 1393 1658 1393 1417 1393 1477 1393 1602 1395 1413 1396 1606 1397 1664 1397 1431 1397 1446 1399 1438 1400 1428 1401 1481 1401 1643 1401 1700 1402 1664 1403 1662 1404 1433 1404 1424 1405 1627 1406 1606 1406 1448 1406 1572 1406 1548 1407 1478 1408 1421 1409 1424 1410 1506 1410 1581 1410 1609 1410 1621 1410 1443 1410 1623 1410 1539 1411 1437 1411 1520 1412 1524 1412 1499 1412 1509 1412 1558 1414 1416 1414 1576 1414 1521 1414 1633 1416 1447 1417 1447 1417 1686 1417 1576 1417 1705 1419 1423 1419 1424 1419 1641 1419 1596 1419 1581 1420 1520 1420 1489 1420 1422 1421 1430 1422 1520 1422 1698 1424 1568 1425 1435 1425 1625 1425 1639 1425 1571 1426 1574 1426 1585 1426 1598 1427 1481 1428 1686 1431 1626 1432 1489 1432 1550 1432 1457 1434 1535 1436 1535 1439 1536 1439 1585 1439 1551 1439 1669 1439 1513 1441 1515 1442 1572 1443 1459 1443 1624 1443 1539 1443 1647 1446 1700 1446 1612 1446 1463 1451 1522 1454 1512 1454 1464 1454 1640 1454 1764 1454 1680 1455 1626 1455 1547 1455 1638 1455 1706 1455 1523 1455 1715 1456 1592 1456 1523 1457 1616 1457 1473 1457 1632 1457 1588 1458 1573 1458 1635 1458 1634 1458 1542 1459 1694 1459 1531 1459 1621 1459 1654 1459 1711 1460 1491 1460 1519 1460 1677 1461 1793 1461 1484 1461 1823 1462 1648 1462 1527 1462 1533 1463 1512 1463 1605 1463 1464 1464 1575 1464 1762 1464 1614 1465 1669 1465 1674 1465 1561 1466 1695 1466 1584 1466 1622 1466 1516 1466 1774 1467 1722 1467 1554 1467 1595 1467 1820 1468 1586 1468 1675 1469 1681 1469 1835 1470 1633 1470 1562 1470 1638 1470 1691 1471 1597 1471 1637 1471 1819 1472 1637 1472 1735 1472 1713 1472 1733 1472 1804 1472 1760 1473 1604 1473 1519 1474 1600 1474 1661 1474 1575 1474 1720 1475 1589 1475 1618 1475 1729 1475 1490 1475 1577 1476 1689 1476 1773 1476 1847 1476 1796 1477 1602 1477 1688 1478 1500 1479 1829 1479 1819 1479 1780 1479 1729 1479 1557 1479 1699 1479 1788 1480 1597 1480 1711 1480 1808 1481 1664 1481 1700 1482 1652 1482 1729 1482 1788 1482 1719 1483 1690 1483 1531 1483 1613 1483 1503 1484 1693 1484 1543 1484 1538 1484 1847 1484 1770 1484 1825 1485 1694 1485 1625 1486 1834 1486 1684 1486 1549 1486 1772 1487 1685 1487 1613 1487 1514 1487 1693 1487 1543 1488 1512 1488 1505 1488 1701 1488 1640 1489 1698 1490 1522 1490 1780 1490 1824 1490 1577 1491 1670 1491 1550 1491 1519 1492 1606 1492 1553 1493 1692 1493 1595 1493 1494 1493 1814 1494 1564 1494 1718 1494 1802 1495 1580 1495 1528 1495 1593 1496 1687 1496 1619 1496 1510 1497 1706 1497 1523 1497 1740 1497 1821 1498 1624 1498 1654 1498 1687 1498 1647 1498 1676 1498 1565 1498 1673 1499 1661 1499 1558 1500 1670 1501 1641 1501 1531 1501 1704 1502 1678 1502 1710 1502 1681 1502 1691 1502 1634 1503 1573 1503 1613 1503 1563 1503 1635 1503 1628 1503 1773 1504 1507 1504 1592 1504 1512 1504 1505 1505 1638 1505 1514 1505 1640 1505 1715 1505 1566 1506 1688 1506 1596 1506 1546 1506 1609 1507 1526 1507 1701 1507 1514 1508 1517 1508 1733 1508 1797 1508 1841 1509 1701 1509 1693 1509 1604 1509 1793 1510 1709 1510 1618 1510 1819 1510 1674 1510 1780 1510 1801 1511 1611 1511 1524 1511 1615 1512 1617 1512 1570 1513 1709 1513 1829 1513 1674 1514 1739 1516 1649 1516 1622 1516 1636 1516 1753 1517 1808 1517 1702 1517 1733 1517 1804 1517 1736 1517 1790 1518 1777 1518 1728 1518 1805 1519 1529 1519 1584 1519 1754 1520 1703 1520 1579 1521 1658 1521 1586 1521 1528 1522 1567 1523 1560 1523 1734 1524 1648 1525 1661 1525 1631 1525 1720 1525 1793 1525 1781 1527 1598 1527 1653 1527 1829 1527 1540 1527 1649 1528 1602 1528 1556 1529 1604 1529 1649 1529 1781 1529 1636 1530 1698 1530 1551 1530 1588 1531 1690 1531 1596 1532 1675 1532 1683 1532 1552 1532 1646 1533 1669 1533 1588 1533 1584 1534 1562 1534 1685 1536 1579 1536 1696 1537 1640 1537 1715 1537 1739 1537 1761 1537 1839 1538 1598 1538 1604 1538 1785 1539 1565 1539 1777 1539 1728 1540 1785 1540 1725 1540 1557 1540 1828 1540 1738 1541 1687 1541 1619 1542 1806 1542 1620 1542 1716 1542 1746 1542 1807 1543 1598 1543 1666 1543 1693 1543 1628 1543 1789 1543 1730 1543 1725 1544 1673 1544 1672 1544 1713 1544 1805 1544 1660 1545 1739 1545 1680 1545 1847 1545 1750 1545 1767 1545 1836 1546 1621 1546 1722 1547 1626 1547 1601 1547 1590 1547 1638 1548 1562 1549 1713 1549 1805 1551 1696 1551 1561 1552 1822 1552 1747 1553 1611 1554 1623 1554 1722 1554 1608 1554 1777 1555 1661 1555 1582 1555 1707 1555 1846 1556 1564 1556 1644 1557 1622 1557 1742 1557 1791 1560 1605 1560 1751 1561 1589 1561 1695 1561 1652 1561 1729 1562 1572 1562 1630 1563 1685 1563 1691 1563 1566 1563 1789 1564 1710 1564 1722 1564 1806 1565 1672 1565 1728 1566 1715 1567 1731 1568 1641 1569 1696 1570 1612 1570 1582 1571 1625 1571 1672 1573 1678 1573 1685 1573 1691 1574 1613 1575 1617 1575 1582 1575 1775 1576 1705 1577 1788 1577 1727 1577 1765 1578 1634 1578 1822 1578 1716 1578 1813 1578 1827 1580 1688 1584 1632 1584 1655 1585 1669 1587 1601 1587 1706 1587 1646 1588 1632 1588 1695 1589 1696 1589 1618 1589 1674 1590 1668 1591 1718 1591 1608 1591 1817 1592 1630 1592 1605 1592 1640 1594 1602 1594 1710 1594 1683 1595 1621 1595 1647 1595 1610 1595 1834 1597 1663 1597 1666 1597 1653 1597 1651 1598 1642 1598 1666 1598 1748 1599 1687 1599 1709 1600 1643 1600 1611 1600 1670 1600 1631 1601 1675 1603 1649 1603 1741 1603 1769 1604 1642 1604 1793 1605 1640 1605 1762 1607 1624 1607 1623 1607 1672 1608 1718 1608 1684 1610 1711 1610 1628 1610 1708 1610 1814 1610 1786 1613 1685 1613 1704 1613 1666 1614 1775 1614 1764 1614 1650 1614 1737 1615 1701 1615 1661 1616 1669 1617 1700 1619 1629 1620 1635 1620 1773 1620 1746 1620 1814 1621 1656 1622 1829 1622 1649 1622 1699 1628 1666 1631 1670 1631 1720 1634 1646 1634 1822 1635 1656 1635 1711 1636 1754 1636 1816 1636 1778 1637 1651 1637 1709 1637 1735 1637 1801 1638 1691 1639 1659 1640 1755 1641 1694 1642 1648 1644 1806 1644 1718 1644 1835 1645 1672 1645 1777 1646 1822 1646 1812 1647 1711 1647 1665 1648 1657 1649 1738 1650 1775 1650 1680 1650 1724 1651 1654 1651 1687 1651 1676 1651 1794 1652 1695 1652 1774 1652 1699 1653 1663 1653 1748 1653 1829 1654 1694 1654 1711 1655 1774 1655 1753 1656 1692 1660 1798 1660 1744 1662 1679 1665 1834 1665 1713 1665 1786 1666 1748 1668 1691 1668 1682 1668 1784 1671 1775 1671 1846 1671 1677 1671 1717 1672 1673 1673 1687 1673 1731 1674 1729 1676 1794 1676 1735 1676 1713 1678 1690 1680 1707 1680 1823 1681 1806 1682 1706 1682 1838 1684 1777 1684 1820 1689 1691 1689 1773 1689 1716 1690 1705 1692 1710 1693 1707 1699 1759 1699 1742 1701 1707 1702 1748 1702 1829 1702 1819 1702 1736 1704 1711 1707 1739 1708 1808 1708 1730 1708 1732 1708 1786 1708 1768 1709 1819 1712 1802 1712 1817 1712 1783 1713 1735 1713 1798 1714 1798 1714 1803 1715 1734 1715 1784 1716 1732 1716 1833 1717 1737 1717 1826 1718 1722 1719 1742 1719 1788 1720 1775 1721 1823 1721 1770 1721 1741 1723 1785 1723 1770 1723 1825 1724 1846 1724 1756 1724 1811 1725 1785 1725 1825 1725 1782 1726 1768 1726 1752 1726 1841 1727 1780 1727 1824 1727 1797 1727 1842 1730 1789 1730 1825 1731 1735 1732 1773 1732 1787 1732 1843 1732 1745 1733 1819 1733 1780 1734 1755 1734 1792 1734 1740 1734 1761 1735 1801 1736 1842 1737 1818 1737 1811 1738 1769 1738 1791 1738 1776 1739 1789 1740 1813 1740 1837 1740 1832 1741 1846 1741 1823 1741 1816 1741 1756 1742 1842 1743 1746 1743 1807 1743 1815 1743 1745 1744 1801 1744 1803 1745 1833 1746 1802 1746 1763 1747 1822 1747 1835 1747 1845 1748 1808 1749 1796 1749 1825 1749 1787 1750 1764 1750 1755 1750 1761 1750 1818 1750 1836 1751 1755 1751 1810 1751 1779 1752 1844 1752 1804 1752 1799 1753 1778 1753 1759 1753 1849 1753 1776 1753 1800 1754 1831 1755 1764 1756 1830 1757 1834 1757 1802 1757 1763 1757 1848 1758 1831 1758 1778 1758 1849 1759 1776 1759 1800 1760 1798 1760 1797 1760 1841 1761 1837 1761 1832 1761 1767 1763 1843 1764 1779 1765 1788 1766 1796 1766 1770 1766 1767 1768 1786 1768 1843 1768 1782 1769 1785 1769 1809 1770 1847 1770 1823 1771 1806 1771 1802 1771 1807 1771 1817 1771 1815 1772 1840 1772 1799 1778 1849 1779 1818 1781 1846 1781 1831 1781 1830 1782 1808 1782 1787 1782 1828 1782 1790 1783 1820 1784 1833 1784 1839 1786 1794 1786 1844 1786 1804 1787 1796 1789 1847 1790 1828 1791 1828 1792 1810 1792 1837 1795 1838 1795 1813 1795 1821 1797 1824 1798 1840 1799 1840 1799 1848 1801 1824 1802 1820 1802 1815 1803 1824 1805 1840 1806 1822 1807 1822 1807 1827 1809 1816 1809 1849 1811 1818 1812 1838 1812 1845 1814 1834 1814 1843 1816 1830 1816 1849 1819 1829 1820 1834 1823 1836 1826 1830 1827 1845 1832 1833 1834 1844 1839 1847 1844 1848
</DataArray>
        <DataArray type="Int64" Name="offsets" NumberOfComponents="1" format="ascii">
2 4 6 8 10 12 14 16 18 20 22 24 26 28 30 32 34 36 38 40 42 44 46 48 50 52 54 56 58 60 62 64 66 68 70 72 74 76 78 80 82 84 86 88 90 92 94 96 98 100 102 104 106 108 110 112 114 116 118 120 122 124 126 128 130 132 134 136 138 140 142 144 146 148 150 152 154 156 158 160 162 164 166 168 170 172 174 176 178 180 182 184 186 188 190 192 194 196 198 200 202 204 206 208 210 212 214 216 218 220 222 224 226 228 230 232 234 236 238 240 242 244 246 248 250 252 254 256 258 260 262 264 266 268 270 272 274 276 278 280 282 284 286 288 290 292 294 296 298 300 302 304 306 308 310 312 314 316 318 320 322 324 326 328 330 332 334 336 338 340 342 344 346 348 350 352 354 356 358 360 362 364 366 368 370 372 374 376 378 380 382 384 386 388 390 392 394 396 398 400 402 404 406 408 410 412 414 416 418 420 422 424 426 428 430 432 434 436 438 440 442 444 446 448 450 452 454 456 458 460 462 464 466 468 470 472 474 476 478 480 482 484 486 488 490 492 494 496 498 500 502 504 506 508 510 512 514 516 518 520 522 524 526 528 530 532 534 536 538 540 542 544 546 548 550 552 554 556 558 560 562 564 566 568 570 572 574 576 578 580 582 584 586 588 590 592 594 596 598 600 602 604 606 608 610 612 614 616 618 620 622 624 626 628 630 632 634 636 638 640 642 644 646 648 650 652 654 656 658 660 662 664 666 668 670 672 674 676 678 680 682 684 686 688 690 692 694 696 698 700 702 704 706 708 710 712 714 716 718 720 722 724 726 728 730 732 734 736 738 740 742 744 746 748 750 752 754 756 758 760 762 764 766 768 770 772 774 776 778 780 782 784 786 788 790 792 794 796 798 800 802 804 806 808 810 812 814 816 818 820 822 824 826 828 830 832 834 836 838 840 842 844 846 848 850 852 854 856 858 860 862 864 866 868 870 872 874 876 878 880 882 884 886 888 890 892 894 896 898 900 902 904 906 908 910 912 914 916 918 920 922 924 926 928 930 932 934 936 938 940 942 944 946 948 950 952 954 956 958 960 962 964 966 968 970 972 974 976 978 980 982 984 986 988 990 992 994 996 998 1000 1002 1004 1006 1008 1010 1012 1014 1016 1018 1020 1022 1024 1026 1028 1030 1032 1034 1036 1038 1040 1042 1044 1046 1048 1050 1052 1054 1056 1058 1060 1062 1064 1066 1068 1070 1072 1074 1076 1078 1080 1082 1084 1086 1088 1090 1092 1094 1096 1098 1100 1102 1104 1106 1108 1110 1112 1114 1116 1118 1120 1122 1124 1126 1128 1130 1132 1134 1136 1138 1140 1142 1144 1146 1148 1150 1152 1154 1156 1158 1160 1162 1164 1166 1168 1170 1172 1174 1176 1178 1180 1182 1184 1186 1188 1190 1192 1194 1196 1198 1200 1202 1204 1206 1208 1210 1212 1214 1216 1218 1220 1222 1224 1226 1228 1230 1232 1234 1236 1238 1240 1242 1244 1246 1248 1250 1252 1254 1256 1258 1260 1262 1264 1266 1268 1270 1272 1274 1276 1278 1280 1282 1284 1286 1288 1290 1292 1294 1296 1298 1300 1302 1304 1306 1308 1310 1312 1314 1316 1318 1320 1322 1324 1326 1328 1330 1332 1334 1336 1338 1340 1342 1344 1346 1348 1350 1352 1354 1356 1358 1360 1362 1364 1366 1368 1370 1372 1374 1376 1378 1380 1382 1384 1386 1388 1390 1392 1394 1396 1398 1400 1402 1404 1406 1408 1410 1412 1414 1416 1418 1420 1422 1424 1426 1428 1430 1432 1434 1436 1438 1440 1442 1444 1446 1448 1450 1452 1454 1456 1458 1460 1462 1464 1466 1468 1470 1472 1474 1476 1478 1480 1482 1484 1486 1488 1490 1492 1494 1496 1498 1500 1502 1504 1506 1508 1510 1512 1514 1516 1518 1520 1522 1524 1526 1528 1530 1532 1534 1536 1538 1540 1542 1544 1546 1548 1550 1552 1554 1556 1558 1560 1562 1564 1566 1568 1570 1572 1574 1576 1578 1580 1582 1584 1586 1588 1590 1592 1594 1596 1598 1600 1602 1604 1606 1608 1610 1612 1614 1616 1618 1620 1622 1624 1626 1628 1630 1632 1634 1636 1638 1640 1642 1644 1646 1648 1650 1652 1654 1656 1658 1660 1662 1664 1666 1668 1670 1672 1674 1676 1678 1680 1682 1684 1686 1688 1690 1692 1694 1696 1698 1700 1702 1704 1706 1708 1710 1712 1714 1716 1718 1720 1722 1724 1726 1728 1730 1732 1734 1736 1738 1740 1742 1744 1746 1748 1750 1752 1754 1756 1758 1760 1762 1764 1766 1768 1770 1772 1774 1776 1778 1780 1782 1784 1786 1788 1790 1792 1794 1796 1798 1800 1802 1804 1806 1808 1810 1812 1814 1816 1818 1820 1822 1824 1826 1828 1830 1832 1834 1836 1838 1840 1842 1844 1846 1848 1850 1852 1854 1856 1858 1860 1862 1864 1866 1868 1870 1872 1874 1876 1878 1880 1882 1884 1886 1888 1890 1892 1894 1896 1898 1900 1902 1904 1906 1908 1910 1912 1914 1916 1918 1920 1922 1924 1926 1928 1930 1932 1934 1936 1938 1940 1942 1944 1946 1948 1950 1952 1954 1956 1958 1960 1962 1964 1966 1968 1970 1972 1974 1976 1978 1980 1982 1984 1986 1988 1990 1992 1994 1996 1998 2000 2002 2004 2006 2008 2010 2012 2014 2016 2018 2020 2022 2024 2026 2028 2030 2032 2034 2036 2038 2040 2042 2044 2046 2048 2050 2052 2054 2056 2058 2060 2062 2064 2066 2068 2070 2072 2074 2076 2078 2080 2082 2084 2086 2088 2090 2092 2094 2096 2098 2100 2102 2104 2106 2108 2110 2112 2114 2116 2118 2120 2122 2124 2126 2128 2130 2132 2134 2136 2138 2140 2142 2144 2146 2148 2150 2152 2154 2156 2158 2160 2162 2164 2166 2168 2170 2172 2174 2176 2178 2180 2182 2184 2186 2188 2190 2192 2194 2196 2198 2200 2202 2204 2206 2208 2210 2212 2214 2216 2218 2220 2222 2224 2226 2228 2230 2232 2234 2236 2238 2240 2242 2244 2246 2248 2250 2252 2254 2256 2258 2260 2262 2264 2266 2268 2270 2272 2274 2276 2278 2280 2282 2284 2286 2288 2290 2292 2294 2296 2298 2300 2302 2304 2306 2308 2310 2312 2314 2316 2318 2320 2322 2324 2326 2328 2330 2332 2334 2336 2338 2340 2342 2344 2346 2348 2350 2352 2354 2356 2358 2360 2362 2364 2366 2368 2370 2372 2374 2376 2378 2380 2382 2384 2386 2388 2390 2392 2394 2396 2398 2400 2402 2404 2406 2408 2410 2412 2414 2416 2418 2420 2422 2424 2426 2428 2430 2432 2434 2436 2438 2440 2442 2444 2446 2448 2450 2452 2454 2456 2458 2460 2462 2464 2466 2468 2470 2472 2474 2476 2478 2480 2482 2484 2486 2488 2490 2492 2494 2496 2498 2500 2502 2504 2506 2508 2510 2512 2514 2516 2518 2520 2522 2524 2526 2528 2530 2532 2534 2536 2538 2540 2542 2544 2546 2548 2550 2552 2554 2556 2558 2560 2562 2564 2566 2568 2570 2572 2574 2576 2578 2580 2582 2584 2586 2588 2590 2592 2594 2596 2598 2600 2602 2604 2606 2608 2610 2612 2614 2616 2618 2620 2622 2624 2626 2628 2630 2632 2634 2636 2638 2640 2642 2644 2646 2648 2650 2652 2654 2656 2658 2660 2662 2664 2666 2668 2670 2672 2674 2676 2678 2680 2682 2684 2686 2688 2690 2692 2694 2696 2698 2700 2702 2704 2706 2708 2710 2712 2714 2716 2718 2720 2722 2724 2726 2728 2730 2732 2734 2736 2738 2740 2742 2744 2746 2748 2750 2752 2754 2756 2758 2760 2762 2764 2766 2768 2770 2772 2774 2776 2778 2780 2782 2784 2786 2788 2790 2792 2794 2796 2798 2800 2802 2804 2806 2808 2810 2812 2814 2816 2818 2820 2822 2824 2826 2828 2830 2832 2834 2836 2838 2840 2842 2844 2846 2848 2850 2852 2854 2856 2858 2860 2862 2864 2866 2868 2870 2872 2874 2876 2878 2880 2882 2884 2886 2888 2890 2892 2894 2896 2898 2900 2902 2904 2906 2908 2910 2912 2914 2916 2918 2920 2922 2924 2926 2928 2930 2932 2934 2936 2938 2940 2942 2944 2946 2948 2950 2952 2954 2956 2958 2960 2962 2964 2966 2968 2970 2972 2974 2976 2978 2980 2982 2984 2986 2988 2990 2992 2994 2996 2998 3000 3002 3004 3006 3008 3010 3012 3014 3016 3018 3020 3022 3024 3026 3028 3030 3032 3034 3036 3038 3040 3042 3044 3046 3048 3050 3052 3054 3056 3058 3060 3062 3064 3066 3068 3070 3072 3074 3076 3078 3080 3082 3084 3086 3088 3090 3092 3094 3096 3098 3100 3102 3104 3106 3108 3110 3112 3114 3116 3118 3120 3122 3124 3126 3128 3130 3132 3134 3136 3138 3140 3142 3144 3146 3148 3150 3152 3154 3156 3158 3160 3162 3164 3166 3168 3170 3172 3174 3176 3178 3180 3182 3184 3186 3188 3190 3192 3194 3196 3198 3200 3202 3204 3206 3208 3210 3212 3214 3216 3218 3220 3222 3224 3226 3228 3230 3232 3234 3236 3238 3240 3242 3244 3246 3248 3250 3252 3254 3256 3258 3260 3262 3264 3266 3268 3270 3272 3274 3276 3278 3280 3282 3284 3286 3288 3290 3292 3294 3296 3298 3300 3302 3304 3306 3308 3310 3312 3314 3316 3318 3320 3322 3324 3326 3328 3330 3332 3334 3336 3338 3340 3342 3344 3346 3348 3350 3352 3354 3356 3358 3360 3362 3364 3366 3368 3370 3372 3374 3376 3378 3380 3382 3384 3386 3388 3390 3392 3394 3396 3398 3400 3402 3404 3406 3408 3410 3412 3414 3416 3418 3420 3422 3424 3426 3428 3430 3432 3434 3436 3438 3440 3442 3444 3446 3448 3450 3452 3454 3456 3458 3460 3462 3464 3466 3468 3470 3472 3474 3476 3478 3480 3482 3484 3486 3488 3490 3492 3494 3496 3498 3500 3502 3504 3506 3508 3510 3512 3514 3516 3518 3520 3522 3524 3526 3528 3530 3532 3534 3536 3538 3540 3542 3544 3546 3548 3550 3552 3554 3556 3558 3560 3562 3564 3566 3568 3570 3572 3574 3576 3578 3580 3582 3584 3586 3588 3590 3592 3594 3596 3598 3600 3602 3604 3606 3608 3610 3612 3614 3616 3618 3620 3622 3624 3626 3628 3630 3632 3634 3636 3638 3640 3642 3644 3646 3648 3650 3652 3654 3656 3658 3660 3662 3664 3666 3668 3670 3672 3674 3676 3678 3680 3682 3684 3686 3688 3690 3692 3694 3696 3698 3700 3702 3704 3706 3708 3710 3712 3714 3716 3718 3720 3722 3724 3726 3728 3730 3732 3734 3736 3738 3740 3742 3744 3746 3748 3750 3752 3754 3756 3758 3760 3762 3764 3766 3768 3770 3772 3774 3776 3778 3780 3782 3784 3786 3788 3790 3792 3794 3796 3798 3800 3802 3804 3806 3808 3810 3812 3814 3816 3818 3820 3822 3824 3826 3828 3830 3832 3834 3836 3838 3840 3842 3844 3846 3848 3850 3852 3854 3856 3858 3860 3862 3864 3866 3868 3870 3872 3874 3876 3878 3880 3882 3884 3886 3888 3890 3892 3894 3896 3898 3900 3902 3904 3906 3908 3910 3912 3914 3916 3918 3920 3922 3924 3926 3928 3930 3932 3934 3936 3938 3940 3942 3944 3946 3948 3950 3952 3954 3956 3958 3960 3962 3964 3966 3968 3970 3972 3974 3976 3978 3980 3982 3984 3986 3988 3990 3992 3994 3996 3998 4000 4002 4004 4006 4008 4010 4012 4014 4016 4018 4020 4022 4024 4026 4028 4030 4032 4034 4036 4038 4040 4042 4044 4046 4048 4050 4052 4054 4056 4058 4060 4062 4064 4066 4068 4070 4072 4074 4076 4078 4080 4082 4084 4086 4088 4090 4092 4094 4096 4098 4100 4102 4104 4106 4108 4110 4112 4114 4116 4118 4120 4122 4124 4126 4128 4130 4132 4134 4136 4138 4140 4142 4144 4146 4148 4150 4152 4154 4156 4158 4160 4162 4164 4166 4168 4170 4172 4174 4176 4178 4180 4182 4184 4186 4188 4190 4192 4194 4196 4198 4200 4202 4204 4206 4208 4210 4212 4214 4216 4218 4220 4222 4224 4226 4228 4230 4232 4234 4236 4238 4240 4242 4244 4246 4248 4250 4252 4254 4256 4258 4260 4262 4264 4266 4268 4270 4272 4274 4276 4278 4280 4282 4284 4286 4288 4290 4292 4294 4296 4298 4300 4302 4304 4306 4308 4310 4312 4314 4316 4318 4320 4322 4324 4326 4328 4330 4332 4334 4336 4338 4340 4342 4344 4346 4348 4350 4352 4354 4356 4358 4360 4362 4364 4366 4368 4370 4372 4374 4376 4378 4380 4382 4384 4386 4388 4390 4392 4394 4396 4398 4400 4402 4404 4406 4408 4410 4412 4414 4416 4418 4420 4422 4424 4426 4428 4430 4432 4434 4436 4438 4440 4442 4444 4446 4448 4450 4452 4454 4456 4458 4460 4462 4464 4466 4468 4470 4472 4474 4476 4478 4480 4482 4484 4486 4488 4490 4492 4494 4496 4498 4500 4502 4504 4506 4508 4510 4512 4514 4516 4518 4520 4522 4524 4526 4528 4530 4532 4534 4536 4538 4540 4542 4544 4546 4548 4550 4552 4554 4556 4558 4560 4562 4564 4566 4568 4570 4572 4574 4576 4578 4580 4582 4584 4586 4588 4590 4592 4594 4596 4598 4600 4602 4604 4606 4608 4610 4612 4614 4616 4618 4620 4622 4624 4626 4628 4630 4632 4634 4636 4638 4640 4642 4644 4646 4648 4650 4652 4654 4656 4658 4660 4662 4664 4666 4668 4670 4672 4674 4676 4678 4680 4682 4684 4686 4688 4690 4692 4694 4696 4698 4700 4702 4704 4706 4708 4710 4712 4714 4716 4718 4720 4722 4724 4726 4728 4730 4732 4734 4736 4738 4740 4742 4744 4746 4748 4750 4752 4754 4756 4758 4760 4762 4764 4766 4768 4770 4772 4774 4776 4778 4780 4782 4784 4786 4788 4790 4792 4794 4796 4798 4800 4802 4804 4806 4808 4810 4812 4814 4816 4818 4820 4822 4824 4826 4828 4830 4832 4834 4836 4838 4840 4842 4844 4846 4848 4850 4852 4854 4856 4858 4860 4862 4864 4866 4868 4870 4872 4874 4876 4878 4880 4882 4884 4886 4888 4890 4892 4894 4896 4898 4900 4902 4904 4906 4908 4910 4912 4914 4916 4918 4920 4922 4924 4926 4928 4930 4932 4934 4936 4938 4940 4942 4944 4946 4948 4950 4952 4954 4956 4958 4960 4962 4964 4966 4968 4970 4972 4974 4976 4978 4980 4982 4984 4986 4988 4990 4992 4994 4996 4998 5000 5002 5004 5006 5008 5010 5012 5014 5016 5018 5020 5022 5024 5026 5028 5030 5032 5034 5036 5038 5040 5042 5044 5046 5048 5050 5052 5054 5056 5058 5060 5062 5064 5066 5068 5070 5072 5074 5076 5078 5080 5082 5084 5086 5088 5090 5092 5094 5096 5098 5100 5102 5104 5106 5108 5110 5112 5114 5116 5118 5120 5122 5124 5126 5128 5130 5132 5134 5136 5138 5140 5142 5144 5146 5148 5150 5152 5154 5156 5158 5160 5162 5164 5166 5168 5170 5172 5174 5176 5178 5180 5182 5184 5186 5188 5190 5192 5194 5196 5198 5200 5202 5204 5206 5208 5210 5212 5214 5216 5218 5220 5222 5224 5226 5228 5230 5232 5234 5236 5238 5240 5242 5244 5246 5248 5250 5252 5254 5256 5258 5260 5262 5264 5266 5268 5270 5272 5274 5276 5278 5280 5282 5284 5286 5288 5290 5292 5294 5296 5298 5300 5302 5304 5306 5308 5310 5312 5314 5316 5318 5320 5322 5324 5326 5328 5330 5332 5334 5336 5338 5340 5342 5344 5346 5348 5350 5352 5354 5356 5358 5360 5362 5364 5366 5368 5370 5372 5374 5376 5378 5380 5382 5384 5386 5388 5390 5392 5394 5396 5398 5400 5402 5404 5406 5408 5410 5412 5414 5416 5418 5420 5422 5424 5426 5428 5430 5432 5434 5436 5438 5440 5442 5444 5446 5448 5450 5452 5454 5456 5458 5460 5462 5464 5466 5468 5470 5472 5474 5476 5478 5480 5482 5484 5486 5488 5490 5492 5494 5496 5498 5500 5502 5504 5506 5508 5510 5512 5514 5516 5518 5520 5522 5524 5526 5528 5530 5532 5534 5536 5538 5540 5542 5544 5546 5548 5550 5552 5554 5556 5558 5560 5562 5564 5566 5568 5570 5572 5574 5576 5578 5580 5582 5584 5586 5588 5590 5592 5594 5596 5598 5600 5602 5604 5606 5608 5610 5612 5614 5616 5618 5620 5622 5624 5626 5628 5630 5632 5634 5636 5638 5640 5642 5644 5646 5648 5650 5652 5654 5656 5658 5660 5662 5664 5666 5668 5670 5672 5674 5676 5678 5680 5682 5684 5686 5688 5690 5692 5694 5696 5698 5700 5702 5704 5706 5708 5710 5712 5714 5716 5718 5720 5722 5724 5726 5728 5730 5732 5734 5736 5738 5740 5742 5744 5746 5748 5750 5752 5754 5756 5758 5760 5762 5764 5766 5768 5770 5772 5774 5776 5778 5780 5782 5784 5786 5788 5790 5792 5794 5796 5798 5800 5802 5804 5806 5808 5810 5812 5814 5816 5818 5820 5822 5824 5826 5828 5830 5832 5834 5836 5838 5840 5842 5844 5846 5848 5850 5852 5854 5856 5858 5860 5862 5864 5866 5868 5870 5872 5874 5876 5878 5880 5882 5884 5886 5888 5890 5892 5894 5896 5898 5900 5902 5904 5906 5908 5910 5912 5914 5916 5918 5920 5922 5924 5926 5928 5930 5932 5934 5936 5938 5940 5942 5944 5946 5948 5950 5952 5954 5956 5958 5960 5962 5964 5966 5968 5970 5972 5974 5976 5978 5980 5982 5984 5986 5988 5990 5992 5994 5996 5998 6000 6002 6004 6006 6008 6010 6012 6014 6016 6018 6020 6022 6024 6026 6028 6030 6032 6034 6036 6038 6040 6042 6044 6046 6048 6050 6052 6054 6056 6058 6060 6062 6064 6066 6068 6070 6072 6074 6076 6078 6080 6082 6084 6086 6088 6090 6092 6094 6096 6098 6100 6102 6104 6106 6108 6110 6112 6114 6116 6118 6120 6122 6124 6126 6128 6130 6132 6134 6136 6138 6140 6142 6144 6146 6148 6150 6152 6154 6156 6158 6160 6162 6164 6166 6168 6170 6172 6174 6176 6178 6180 6182 6184 6186 6188 6190 6192 6194 6196 6198 6200 6202 6204 6206 6208 6210 6212 6214 6216 6218 6220 6222 6224 6226 6228 6230 6232 6234 6236 6238 6240 6242 6244 6246 6248 6250 6252 6254 6256 6258 6260 6262 6264 6266 6268 6270 6272 6274 6276 6278 6280 6282 6284 6286 6288 6290 6292 6294 6296 6298 6300 6302 6304 6306 6308 6310 6312 6314 6316 6318 6320 6322 6324 6326 6328 6330 6332 6334 6336 6338 6340 6342 6344 6346 6348 6350 6352 6354 6356 6358 6360 6362 6364 6366 6368 6370 6372 6374 6376 6378 6380 6382 6384 6386 6388 6390 6392 6394 6396 6398 6400 6402 6404 6406 6408 6410 6412 6414 6416 6418 6420 6422 6424 6426 6428 6430 6432 6434 6436 6438 6440 6442 6444 6446 6448 6450 6452 6454 6456 6458 6460 6462 6464 6466 6468 6470 6472 6474 6476 6478 6480 6482 6484 6486 6488 6490 6492 6494 6496 6498 6500 6502 6504 6506 6508 6510 6512 6514 6516 6518 6520 6522 6524 6526 6528 6530 6532 6534 6536 6538 6540 6542 6544 6546 6548 6550 6552 6554 6556 6558 6560 6562 6564 6566 6568 6570 6572 6574 6576 6578 6580 6582 6584 6586 6588 6590 6592 6594 6596 6598 6600 6602 6604 6606 6608 6610 6612 6614 6616 6618 6620 6622 6624 6626 6628 6630 6632 6634 6636 6638 6640 6642 6644 6646 6648 6650 6652 6654 6656 6658 6660 6662 6664 6666 6668 6670 6672 6674 6676 6678 6680 6682 6684 6686 6688 6690 6692 6694 6696 6698 6700 6702 6704 6706 6708 6710 6712 6714 6716 6718 6720 6722 6724 6726 6728 6730 6732 6734 6736 6738 6740 6742 6744 6746 6748 6750 6752 6754 6756 6758 6760 6762 6764 6766 6768 6770 6772 6774 6776 6778 6780 6782 6784 6786 6788 6790 6792 6794 6796 6798 6800 6802 6804 6806 6808 6810 6812 6814 6816 6818 6820 6822 6824 6826 6828 6830 6832 6834 6836 6838 6840 6842 6844 6846 6848 6850 6852 6854 6856 6858 6860 6862 6864 6866 6868 6870 6872 6874 6876 6878 6880 6882 6884 6886 6888 6890 6892 6894 6896 6898 6900 6902 6904 6906 6908 6910 6912 6914 6916 6918 6920 6922 6924 6926 6928 6930 6932 6934 6936 6938 6940 6942 6944 6946 6948 6950 6952 6954 6956 6958 6960 6962 6964 6966 6968 6970 6972 6974 6976 6978 6980 6982 6984 6986 6988 6990 6992 6994 6996 6998 7000 7002 7004 7006 7008 7010 7012 7014 7016 7018 7020 7022 7024 7026 7028 7030 7032 7034 7036 7038 7040 7042 7044 7046 7048 7050 7052 7054 7056 7058 7060 7062 7064 7066 7068 7070 7072 7074 7076 7078 7080 7082 7084 7086 7088 7090 7092 7094 7096 7098 7100 7102 7104 7106 7108 7110 7112 7114 7116 7118 7120 7122 7124 7126 7128 7130 7132 7134 7136 7138 7140 7142 7144 7146 7148 7150 7152 7154 7156 7158 7160 7162 7164 7166 7168 7170 7172 7174 7176 7178 7180 7182 7184 7186 7188 7190 7192 7194 7196 7198 7200 7202 7204 7206 7208 7210 7212 7214 7216 7218 7220 7222 7224 7226 7228 7230 7232 7234 7236 7238 7240 7242 7244 7246 7248 7250 7252 7254 7256 7258 7260 7262 7264 7266 7268 7270 7272 7274 7276 7278 7280 7282 7284 7286 7288 7290 7292 7294 7296 7298 7300 7302 7304 7306 7308 7310 7312 7314 7316 7318 7320 7322 7324 7326 7328 7330 7332 7334 7336 7338 7340 7342 7344 7346 7348 7350 7352 7354 7356 7358 7360 7362 7364 7366 7368 7370 7372 7374 7376 7378 7380 7382 7384 7386 7388 7390 7392 7394 7396 7398 7400 7402 7404 7406 7408 7410 7412 7414 7416 7418 7420 7422 7424 7426 7428 7430 7432 7434 7436 7438 7440 7442 7444 7446 7448 7450 7452 7454 7456 7458 7460 7462 7464 7466 7468 7470 7472 7474 7476 7478 7480 7482 7484 7486 7488 7490 7492 7494 7496 7498 7500 7502 7504 7506 7508 7510 7512 7514 7516 7518 7520 7522 7524 7526 7528 7530 7532 7534 7536 7538 7540 7542 7544 7546 7548 7550 7552 7554 7556 7558 7560 7562 7564 7566 7568 7570 7572 7574 7576 7578 7580 7582 7584 7586 7588 7590 7592 7594 7596 7598 7600 7602 7604 7606 7608 7610 7612 7614 7616 7618 7620 7622 7624 7626 7628 7630 7632 7634 7636 7638 7640 7642 7644 7646 7648 7650 7652 7654 7656 7658 7660 7662 7664 7666 7668 7670 7672 7674 7676 7678 7680 7682 7684 7686 7688 7690 7692 7694 7696 7698 7700 7702 7704 7706 7708 7710 7712 7714 7716 7718 7720 7722 7724 7726 7728 7730 7732 7734 7736 7738 7740 7742 7744 7746 7748 7750 7752 7754 7756 7758 7760 7762 7764 7766 7768 7770 7772 7774 7776 7778 7780 7782 7784 7786 7788 7790 7792 7794 7796 7798 7800 7802 7804 7806 7808 7810 7812 7814 7816 7818 7820 7822 7824 7826 7828 7830 7832 7834 7836 7838 7840 7842 7844 7846 7848 7850 7852 7854 7856 7858 7860 7862 7864 7866 7868 7870 7872 7874 7876 7878 7880 7882 7884 7886 7888 7890 7892 7894 7896 7898 7900 7902 7904 7906 7908 7910 7912 7914 7916 7918 7920 7922 7924 7926 7928 7930 7932 7934 7936 7938 7940 7942 7944 7946 7948 7950 7952 7954 7956 7958 7960 7962 7964 7966 7968 7970 7972 7974 7976 7978 7980 7982 7984 7986 7988 7990 7992 7994 7996 7998 8000 8002 8004 8006 8008 8010 8012 8014 8016 8018 8020 8022 8024 8026 8028 8030 8032 8034 8036 8038 8040 8042 8044 8046 8048 8050 8052 8054 8056 8058 8060 8062 8064 8066 8068 8070 8072 8074 8076 8078 8080 8082 8084 8086 8088 8090 8092 8094 8096 8098 8100 8102 8104 8106 8108 8110 8112 8114 8116 8118 8120 8122 8124 8126 8128 8130 8132 8134 8136 8138 8140 8142 8144 8146 8148 8150 8152 8154 8156 8158 8160 8162 8164 8166 8168 8170 8172 8174 8176 8178 8180 8182 8184 8186 8188 8190 8192 8194 8196 8198 8200 8202 8204 8206 8208 8210 8212 8214 8216 8218 8220 8222
</DataArray>
      </Lines>
    </Piece>
  </PolyData>
</VTKFile>
