pore_id,particle_index,particle_id
0,806,807
0,833,834
0,1014,1015
0,1026,1027
1,16,17
1,147,148
1,159,160
1,215,216
2,1708,1709
2,1735,1736
2,1763,1764
2,1804,1805
3,1735,1736
3,1763,1764
3,1776,1777
3,1804,1805
4,871,872
4,1064,1065
4,1077,1078
4,1133,1134
5,1647,1648
5,1733,1734
5,1746,1747
5,1752,1753
6,934,935
6,960,961
6,1017,1018
6,1125,1126
7,934,935
7,1017,1018
7,1125,1126
7,1133,1134
8,1017,1018
8,1064,1065
8,1125,1126
8,1133,1134
9,756,757
9,833,834
9,991,992
9,1014,1015
10,806,807
10,925,926
10,991,992
10,1014,1015
11,806,807
11,833,834
11,991,992
11,1014,1015
12,1474,1475
12,1653,1654
12,1752,1753
12,1764,1765
13,1549,1550
13,1653,1654
13,1752,1753
13,1764,1765
14,1474,1475
14,1647,1648
14,1752,1753
14,1764,1765
15,1735,1736
15,1775,1776
15,1832,1833
15,1834,1835
16,1668,1669
16,1697,1698
16,1751,1752
16,1796,1797
17,1668,1669
17,1697,1698
17,1751,1752
17,1782,1783
18,1659,1660
18,1697,1698
18,1751,1752
18,1782,1783
19,1659,1660
19,1751,1752
19,1782,1783
19,1810,1811
20,1668,1669
20,1751,1752
20,1782,1783
20,1847,1848
21,1775,1776
21,1824,1825
21,1826,1827
21,1832,1833
22,1668,1669
22,1751,1752
22,1824,1825
22,1847,1848
23,1668,1669
23,1776,1777
23,1796,1797
23,1824,1825
24,854,855
24,947,948
24,949,950
24,1146,1147
25,854,855
25,949,950
25,959,960
25,1215,1216
26,854,855
26,947,948
26,949,950
26,1215,1216
27,1474,1475
27,1653,1654
27,1764,1765
27,1786,1787
28,24,25
28,100,101
28,125,126
28,191,192
29,1474,1475
29,1647,1648
29,1699,1700
29,1764,1765
30,452,453
30,524,525
30,756,757
30,827,828
31,199,200
31,301,302
31,498,499
31,620,621
32,16,17
32,147,148
32,159,160
32,213,214
33,16,17
33,147,148
33,165,166
33,213,214
34,20,21
34,66,67
34,143,144
34,174,175
35,1576,1577
35,1732,1733
35,1782,1783
35,1810,1811
36,1576,1577
36,1659,1660
36,1782,1783
36,1810,1811
37,21,22
37,177,178
37,203,204
37,366,367
38,21,22
38,117,118
38,143,144
38,203,204
39,66,67
39,117,118
39,143,144
39,203,204
40,21,22
40,143,144
40,177,178
40,203,204
41,19,20
41,126,127
41,191,192
41,285,286
42,21,22
42,69,70
42,117,118
42,143,144
43,177,178
43,203,204
43,272,273
43,366,367
44,20,21
44,64,65
44,66,67
44,143,144
45,64,65
45,143,144
45,177,178
45,203,204
46,64,65
46,66,67
46,143,144
46,203,204
47,64,65
47,177,178
47,203,204
47,272,273
48,64,65
48,177,178
48,183,184
48,272,273
49,1579,1580
49,1659,1660
49,1751,1752
49,1810,1811
50,78,79
50,130,131
50,213,214
50,260,261
51,130,131
51,176,177
51,213,214
51,260,261
52,0,1
52,78,79
52,147,148
52,260,261
53,78,79
53,147,148
53,213,214
53,260,261
54,159,160
54,176,177
54,213,214
54,260,261
55,147,148
55,159,160
55,213,214
55,260,261
56,1529,1530
56,1648,1649
56,1652,1653
56,1796,1797
57,1648,1649
57,1652,1653
57,1697,1698
57,1796,1797
58,1652,1653
58,1776,1777
58,1796,1797
58,1804,1805
59,1529,1530
59,1652,1653
59,1796,1797
59,1804,1805
60,1652,1653
60,1735,1736
60,1776,1777
60,1804,1805
61,16,17
61,159,160
61,213,214
61,297,298
62,16,17
62,165,166
62,213,214
62,297,298
63,1183,1184
63,1307,1308
63,1352,1353
63,1367,1368
64,1171,1172
64,1307,1308
64,1352,1353
64,1367,1368
65,934,935
65,1054,1055
65,1125,1126
65,1133,1134
66,1054,1055
66,1064,1065
66,1125,1126
66,1133,1134
67,1054,1055
67,1064,1065
67,1077,1078
67,1133,1134
68,1074,1075
68,1257,1258
68,1286,1287
68,1381,1382
69,871,872
69,936,937
69,1077,1078
69,1133,1134
70,871,872
70,936,937
70,1133,1134
70,1268,1269
71,1732,1733
71,1765,1766
71,1782,1783
71,1847,1848
72,1732,1733
72,1765,1766
72,1782,1783
72,1810,1811
73,1751,1752
73,1765,1766
73,1782,1783
73,1847,1848
74,1751,1752
74,1765,1766
74,1782,1783
74,1810,1811
75,1751,1752
75,1765,1766
75,1824,1825
75,1847,1848
76,751,752
76,806,807
76,925,926
76,991,992
77,751,752
77,782,783
77,925,926
77,991,992
78,1085,1086
78,1090,1091
78,1221,1222
78,1257,1258
79,1090,1091
79,1257,1258
79,1286,1287
79,1381,1382
80,1090,1091
80,1221,1222
80,1257,1258
80,1286,1287
81,1137,1138
81,1171,1172
81,1307,1308
81,1367,1368
82,1657,1658
82,1672,1673
82,1711,1712
82,1758,1759
83,1672,1673
83,1711,1712
83,1758,1759
83,1837,1838
84,662,663
84,726,727
84,963,964
84,1027,1028
85,854,855
85,959,960
85,1215,1216
85,1231,1232
86,1064,1065
86,1119,1120
86,1125,1126
86,1231,1232
87,936,937
87,1133,1134
87,1222,1223
87,1268,1269
88,934,935
88,1017,1018
88,1133,1134
88,1143,1144
89,934,935
89,1133,1134
89,1143,1144
89,1222,1223
90,871,872
90,1133,1134
90,1143,1144
90,1268,1269
91,1133,1134
91,1143,1144
91,1222,1223
91,1268,1269
92,244,245
92,301,302
92,498,499
92,620,621
93,756,757
93,769,770
93,941,942
93,991,992
94,756,757
94,769,770
94,827,828
94,941,942
95,452,453
95,756,757
95,769,770
95,827,828
96,769,770
96,782,783
96,925,926
96,991,992
97,578,579
97,610,611
97,783,784
97,812,813
98,1549,1550
98,1700,1701
98,1746,1747
98,1752,1753
99,1549,1550
99,1700,1701
99,1752,1753
99,1764,1765
100,1700,1701
100,1733,1734
100,1746,1747
100,1752,1753
101,1647,1648
101,1700,1701
101,1733,1734
101,1752,1753
102,1647,1648
102,1700,1701
102,1752,1753
102,1764,1765
103,1288,1289
103,1292,1293
103,1370,1371
103,1432,1433
104,1185,1186
104,1200,1201
104,1242,1243
104,1309,1310
105,1200,1201
105,1242,1243
105,1339,1340
105,1378,1379
106,1200,1201
106,1242,1243
106,1309,1310
106,1378,1379
107,1652,1653
107,1665,1666
107,1735,1736
107,1776,1777
108,1665,1666
108,1775,1776
108,1824,1825
108,1832,1833
109,1665,1666
109,1776,1777
109,1796,1797
109,1824,1825
110,1652,1653
110,1665,1666
110,1776,1777
110,1796,1797
111,1665,1666
111,1668,1669
111,1751,1752
111,1796,1797
112,1665,1666
112,1668,1669
112,1796,1797
112,1824,1825
113,1665,1666
113,1668,1669
113,1751,1752
113,1824,1825
114,916,917
114,947,948
114,949,950
114,1146,1147
115,1146,1147
115,1171,1172
115,1179,1180
115,1352,1353
116,1171,1172
116,1179,1180
116,1352,1353
116,1367,1368
117,854,855
117,1146,1147
117,1171,1172
117,1179,1180
118,854,855
118,947,948
118,1146,1147
118,1179,1180
119,1474,1475
119,1483,1484
119,1653,1654
119,1786,1787
120,77,78
120,118,119
120,131,132
120,258,259
121,26,27
121,68,69
121,118,119
121,258,259
122,68,69
122,118,119
122,131,132
122,258,259
123,28,29
123,68,69
123,118,119
123,131,132
124,2,3
124,77,78
124,131,132
124,258,259
125,452,453
125,488,489
125,756,757
125,769,770
126,452,453
126,488,489
126,524,525
126,756,757
127,488,489
127,756,757
127,925,926
127,991,992
128,488,489
128,769,770
128,925,926
128,991,992
129,488,489
129,756,757
129,769,770
129,991,992
130,296,297
130,322,323
130,409,410
130,497,498
131,296,297
131,322,323
131,409,410
131,635,636
132,726,727
132,832,833
132,963,964
132,1027,1028
133,662,663
133,832,833
133,851,852
133,1027,1028
134,662,663
134,832,833
134,963,964
134,1027,1028
135,662,663
135,832,833
135,851,852
135,963,964
136,40,41
136,80,81
136,144,145
136,172,173
137,40,41
137,144,145
137,185,186
137,212,213
138,1278,1279
138,1340,1341
138,1408,1409
138,1425,1426
139,1480,1481
139,1495,1496
139,1625,1626
139,1640,1641
140,78,79
140,146,147
140,147,148
140,213,214
141,146,147
141,147,148
141,165,166
141,213,214
142,78,79
142,130,131
142,146,147
142,212,213
143,78,79
143,130,131
143,146,147
143,213,214
144,40,41
144,130,131
144,146,147
144,212,213
145,6,7
145,16,17
145,147,148
145,215,216
146,6,7
146,16,17
146,30,31
146,179,180
147,16,17
147,30,31
147,31,32
147,165,166
148,16,17
148,30,31
148,31,32
148,297,298
149,16,17
149,31,32
149,165,166
149,297,298
150,0,1
150,122,123
150,147,148
150,215,216
151,1480,1481
151,1572,1573
151,1625,1626
151,1640,1641
152,1480,1481
152,1572,1573
152,1576,1577
152,1640,1641
153,1572,1573
153,1576,1577
153,1659,1660
153,1810,1811
154,1480,1481
154,1572,1573
154,1576,1577
154,1659,1660
155,1572,1573
155,1579,1580
155,1659,1660
155,1810,1811
156,1480,1481
156,1572,1573
156,1579,1580
156,1659,1660
157,53,54
157,94,95
157,141,142
157,217,218
158,21,22
158,143,144
158,177,178
158,282,283
159,21,22
159,69,70
159,143,144
159,211,212
160,21,22
160,143,144
160,211,212
160,282,283
161,20,21
161,42,43
161,64,65
161,193,194
162,20,21
162,143,144
162,174,175
162,193,194
163,20,21
163,64,65
163,143,144
163,193,194
164,20,21
164,42,43
164,122,123
164,193,194
165,122,123
165,174,175
165,193,194
165,215,216
166,20,21
166,122,123
166,174,175
166,193,194
167,64,65
167,143,144
167,177,178
167,193,194
168,64,65
168,177,178
168,183,184
168,193,194
169,42,43
169,64,65
169,183,184
169,193,194
170,159,160
170,162,163
170,176,177
170,213,214
171,159,160
171,162,163
171,213,214
171,297,298
172,129,130
172,159,160
172,176,177
172,260,261
173,130,131
173,164,165
173,176,177
173,192,193
174,130,131
174,176,177
174,192,193
174,213,214
175,162,163
175,176,177
175,192,193
175,213,214
176,162,163
176,192,193
176,213,214
176,297,298
177,40,41
177,130,131
177,164,165
177,192,193
178,40,41
178,164,165
178,172,173
178,192,193
179,40,41
179,80,81
179,172,173
179,192,193
180,105,106
180,162,163
180,192,193
180,297,298
181,16,17
181,30,31
181,179,180
181,324,325
182,16,17
182,30,31
182,297,298
182,324,325
183,37,38
183,105,106
183,297,298
183,324,325
184,31,32
184,37,38
184,297,298
184,324,325
185,30,31
185,31,32
185,297,298
185,324,325
186,347,348
186,390,391
186,467,468
186,639,640
187,34,35
187,54,55
187,80,81
187,144,145
188,54,55
188,80,81
188,144,145
188,172,173
189,54,55
189,80,81
189,172,173
189,348,349
190,29,30
190,67,68
190,173,174
190,265,266
191,29,30
191,67,68
191,156,157
191,173,174
192,29,30
192,173,174
192,181,182
192,189,190
193,29,30
193,173,174
193,189,190
193,265,266
194,67,68
194,265,266
194,312,313
194,331,332
195,226,227
195,265,266
195,312,313
195,331,332
196,62,63
196,75,76
196,132,133
196,154,155
197,75,76
197,132,133
197,154,155
197,168,169
198,75,76
198,115,116
198,154,155
198,168,169
199,11,12
199,62,63
199,75,76
199,154,155
200,7,8
200,21,22
200,69,70
200,285,286
201,7,8
201,21,22
201,69,70
201,211,212
202,7,8
202,21,22
202,211,212
202,282,283
203,7,8
203,132,133
203,211,212
203,282,283
204,7,8
204,132,133
204,154,155
204,211,212
205,7,8
205,62,63
205,132,133
205,154,155
206,7,8
206,69,70
206,126,127
206,285,286
207,7,8
207,11,12
207,126,127
207,154,155
208,7,8
208,11,12
208,62,63
208,154,155
209,7,8
209,11,12
209,62,63
209,126,127
210,228,229
210,230,231
210,403,404
210,425,426
211,228,229
211,230,231
211,332,333
211,425,426
212,168,169
212,178,179
212,179,180
212,188,189
213,10,11
213,168,169
213,178,179
213,188,189
214,30,31
214,179,180
214,188,189
214,324,325
215,30,31
215,31,32
215,188,189
215,324,325
216,178,179
216,179,180
216,188,189
216,324,325
217,31,32
217,37,38
217,188,189
217,232,233
218,31,32
218,37,38
218,188,189
218,324,325
219,59,60
219,138,139
219,168,169
219,178,179
220,10,11
220,138,139
220,168,169
220,178,179
221,10,11
221,138,139
221,188,189
221,232,233
222,10,11
222,138,139
222,178,179
222,188,189
223,1756,1757
223,1775,1776
223,1832,1833
223,1834,1835
224,854,855
224,915,916
224,1215,1216
224,1231,1232
225,915,916
225,1125,1126
225,1215,1216
225,1231,1232
226,915,916
226,960,961
226,1125,1126
226,1215,1216
227,915,916
227,960,961
227,1212,1213
227,1215,1216
228,854,855
228,915,916
228,1119,1120
228,1231,1232
229,915,916
229,1119,1120
229,1125,1126
229,1231,1232
230,854,855
230,915,916
230,947,948
230,1215,1216
231,854,855
231,915,916
231,947,948
231,1179,1180
232,915,916
232,947,948
232,1212,1213
232,1215,1216
233,915,916
233,947,948
233,1179,1180
233,1212,1213
234,854,855
234,915,916
234,1119,1120
234,1171,1172
235,854,855
235,915,916
235,1171,1172
235,1179,1180
236,915,916
236,1069,1070
236,1179,1180
236,1212,1213
237,947,948
237,1034,1035
237,1212,1213
237,1215,1216
238,960,961
238,1034,1035
238,1212,1213
238,1215,1216
239,861,862
239,960,961
239,1034,1035
239,1212,1213
240,1137,1138
240,1307,1308
240,1367,1368
240,1412,1413
241,1124,1125
241,1137,1138
241,1367,1368
241,1412,1413
242,1080,1081
242,1137,1138
242,1307,1308
242,1412,1413
243,1080,1081
243,1296,1297
243,1307,1308
243,1412,1413
244,1077,1078
244,1211,1212
244,1339,1340
244,1469,1470
245,1064,1065
245,1077,1078
245,1211,1212
245,1469,1470
246,1054,1055
246,1064,1065
246,1077,1078
246,1211,1212
247,1064,1065
247,1119,1120
247,1211,1212
247,1469,1470
248,915,916
248,1119,1120
248,1125,1126
248,1211,1212
249,1054,1055
249,1064,1065
249,1125,1126
249,1211,1212
250,1064,1065
250,1119,1120
250,1125,1126
250,1211,1212
251,1091,1092
251,1123,1124
251,1365,1366
251,1434,1435
252,1228,1229
252,1334,1335
252,1345,1346
252,1379,1380
253,1074,1075
253,1228,1229
253,1345,1346
253,1379,1380
254,896,897
254,929,930
254,933,934
254,1061,1062
255,896,897
255,898,899
255,1021,1022
255,1104,1105
256,896,897
256,929,930
256,1061,1062
256,1268,1269
257,896,897
257,929,930
257,1163,1164
257,1268,1269
258,896,897
258,1163,1164
258,1222,1223
258,1268,1269
259,301,302
259,310,311
259,430,431
259,498,499
260,244,245
260,301,302
260,310,311
260,498,499
261,240,241
261,310,311
261,430,431
261,498,499
262,240,241
262,244,245
262,310,311
262,498,499
263,1054,1055
263,1077,1078
263,1115,1116
263,1133,1134
264,936,937
264,1077,1078
264,1115,1116
264,1133,1134
265,936,937
265,1077,1078
265,1115,1116
265,1200,1201
266,1054,1055
266,1077,1078
266,1115,1116
266,1211,1212
267,1115,1116
267,1200,1201
267,1242,1243
267,1339,1340
268,1077,1078
268,1115,1116
268,1200,1201
268,1339,1340
269,1077,1078
269,1115,1116
269,1211,1212
269,1339,1340
270,1157,1158
270,1221,1222
270,1257,1258
270,1286,1287
271,1085,1086
271,1157,1158
271,1221,1222
271,1257,1258
272,1157,1158
272,1257,1258
272,1286,1287
272,1338,1339
273,1085,1086
273,1157,1158
273,1257,1258
273,1338,1339
274,1072,1073
274,1074,1075
274,1286,1287
274,1379,1380
275,1331,1332
275,1391,1392
275,1422,1423
275,1526,1527
276,1290,1291
276,1331,1332
276,1391,1392
276,1596,1597
277,1331,1332
277,1391,1392
277,1526,1527
277,1596,1597
278,1074,1075
278,1311,1312
278,1312,1313
278,1462,1463
279,1074,1075
279,1312,1313
279,1345,1346
279,1379,1380
280,1072,1073
280,1074,1075
280,1312,1313
280,1379,1380
281,1355,1356
281,1378,1379
281,1410,1411
281,1589,1590
282,1242,1243
282,1309,1310
282,1378,1379
282,1410,1411
283,1309,1310
283,1355,1356
283,1378,1379
283,1410,1411
284,1309,1310
284,1355,1356
284,1363,1364
284,1410,1411
285,1242,1243
285,1309,1310
285,1334,1335
285,1410,1411
286,1309,1310
286,1334,1335
286,1363,1364
286,1410,1411
287,1290,1291
287,1331,1332
287,1391,1392
287,1455,1456
288,1312,1313
288,1318,1319
288,1331,1332
288,1345,1346
289,1318,1319
289,1331,1332
289,1391,1392
289,1422,1423
290,1318,1319
290,1331,1332
290,1391,1392
290,1455,1456
291,1241,1242
291,1245,1246
291,1372,1373
291,1434,1435
292,1311,1312
292,1342,1343
292,1393,1394
292,1462,1463
293,1074,1075
293,1257,1258
293,1286,1287
293,1342,1343
294,1074,1075
294,1311,1312
294,1342,1343
294,1462,1463
295,1074,1075
295,1257,1258
295,1342,1343
295,1381,1382
296,1691,1692
296,1694,1695
296,1839,1840
296,1845,1846
297,1666,1667
297,1694,1695
297,1737,1738
297,1750,1751
298,1691,1692
298,1694,1695
298,1807,1808
298,1845,1846
299,1666,1667
299,1691,1692
299,1694,1695
299,1807,1808
300,1691,1692
300,1694,1695
300,1737,1738
300,1839,1840
301,1756,1757
301,1761,1762
301,1775,1776
301,1832,1833
302,1756,1757
302,1761,1762
302,1817,1818
302,1832,1833
303,1527,1528
303,1579,1580
303,1613,1614
303,1822,1823
304,1691,1692
304,1741,1742
304,1780,1781
304,1839,1840
305,1691,1692
305,1780,1781
305,1839,1840
305,1845,1846
306,1643,1644
306,1712,1713
306,1732,1733
306,1765,1766
307,1576,1577
307,1712,1713
307,1732,1733
307,1810,1811
308,1712,1713
308,1732,1733
308,1765,1766
308,1810,1811
309,1703,1704
309,1775,1776
309,1824,1825
309,1826,1827
310,1703,1704
310,1775,1776
310,1826,1827
310,1832,1833
311,1703,1704
311,1761,1762
311,1826,1827
311,1832,1833
312,1703,1704
312,1761,1762
312,1775,1776
312,1832,1833
313,1691,1692
313,1741,1742
313,1793,1794
313,1839,1840
314,1691,1692
314,1737,1738
314,1793,1794
314,1839,1840
315,1745,1746
315,1772,1773
315,1793,1794
315,1842,1843
316,1406,1407
316,1454,1455
316,1457,1458
316,1564,1565
317,1791,1792
317,1825,1826
317,1833,1834
317,1835,1836
318,1833,1834
318,1835,1836
318,1841,1842
318,1844,1845
319,1831,1832
319,1833,1834
319,1836,1837
319,1848,1849
320,713,714
320,868,869
320,941,942
320,1007,1008
321,713,714
321,868,869
321,1007,1008
321,1041,1042
322,713,714
322,900,901
322,908,909
322,1007,1008
323,447,448
323,671,672
323,755,756
323,932,933
324,671,672
324,755,756
324,779,780
324,932,933
325,833,834
325,895,896
325,923,924
325,1026,1027
326,833,834
326,868,869
326,895,896
326,943,944
327,806,807
327,833,834
327,970,971
327,1026,1027
328,833,834
328,895,896
328,970,971
328,1026,1027
329,806,807
329,833,834
329,970,971
329,991,992
330,833,834
330,868,869
330,895,896
330,970,971
331,833,834
331,868,869
331,970,971
331,991,992
332,868,869
332,941,942
332,970,971
332,1007,1008
333,868,869
333,941,942
333,970,971
333,991,992
334,424,425
334,757,758
334,782,783
334,783,784
335,1132,1133
335,1257,1258
335,1286,1287
335,1338,1339
336,1132,1133
336,1257,1258
336,1286,1287
336,1342,1343
337,896,897
337,1049,1050
337,1104,1105
337,1163,1164
338,1080,1081
338,1137,1138
338,1407,1408
338,1469,1470
339,1080,1081
339,1137,1138
339,1407,1408
339,1412,1413
340,1124,1125
340,1137,1138
340,1407,1408
340,1412,1413
341,1080,1081
341,1142,1143
341,1407,1408
341,1469,1470
342,1080,1081
342,1142,1143
342,1349,1350
342,1407,1408
343,1080,1081
343,1349,1350
343,1407,1408
343,1412,1413
344,1124,1125
344,1349,1350
344,1407,1408
344,1412,1413
345,1142,1143
345,1339,1340
345,1407,1408
345,1469,1470
346,19,20
346,167,168
346,191,192
346,285,286
347,19,20
347,39,40
347,167,168
347,285,286
348,126,127
348,167,168
348,191,192
348,285,286
349,69,70
349,126,127
349,167,168
349,285,286
350,1672,1673
350,1758,1759
350,1837,1838
350,1846,1847
351,1535,1536
351,1657,1658
351,1672,1673
351,1711,1712
352,488,489
352,524,525
352,739,740
352,756,757
353,833,834
353,868,869
353,931,932
353,991,992
354,868,869
354,931,932
354,941,942
354,991,992
355,756,757
355,827,828
355,931,932
355,941,942
356,756,757
356,833,834
356,931,932
356,991,992
357,756,757
357,931,932
357,941,942
357,991,992
358,805,806
358,827,828
358,931,932
358,941,942
359,805,806
359,868,869
359,931,932
359,941,942
360,747,748
360,805,806
360,827,828
360,931,932
361,797,798
361,923,924
361,1021,1022
361,1031,1032
362,797,798
362,863,864
362,1021,1022
362,1031,1032
363,797,798
363,895,896
363,923,924
363,1021,1022
364,797,798
364,895,896
364,943,944
364,1021,1022
365,797,798
365,833,834
365,868,869
365,943,944
366,797,798
366,833,834
366,868,869
366,931,932
367,797,798
367,833,834
367,895,896
367,923,924
368,797,798
368,833,834
368,895,896
368,943,944
369,797,798
369,863,864
369,919,920
369,1021,1022
370,797,798
370,919,920
370,943,944
370,1021,1022
371,863,864
371,898,899
371,919,920
371,1021,1022
372,898,899
372,919,920
372,1021,1022
372,1104,1105
373,919,920
373,943,944
373,1021,1022
373,1104,1105
374,892,893
374,1017,1018
374,1064,1065
374,1125,1126
375,892,893
375,1064,1065
375,1125,1126
375,1231,1232
376,1163,1164
376,1222,1223
376,1268,1269
376,1327,1328
377,936,937
377,1222,1223
377,1268,1269
377,1327,1328
378,936,937
378,1133,1134
378,1222,1223
378,1327,1328
379,1054,1055
379,1115,1116
379,1133,1134
379,1327,1328
380,936,937
380,1115,1116
380,1133,1134
380,1327,1328
381,896,897
381,983,984
381,1061,1062
381,1268,1269
382,896,897
382,898,899
382,983,984
382,1222,1223
383,983,984
383,1143,1144
383,1222,1223
383,1268,1269
384,896,897
384,983,984
384,1222,1223
384,1268,1269
385,863,864
385,898,899
385,919,920
385,921,922
386,662,663
386,898,899
386,919,920
386,921,922
387,662,663
387,863,864
387,919,920
387,921,922
388,863,864
388,898,899
388,921,922
388,983,984
389,898,899
389,921,922
389,983,984
389,1222,1223
390,921,922
390,983,984
390,1143,1144
390,1222,1223
391,921,922
391,934,935
391,1143,1144
391,1222,1223
392,743,744
392,863,864
392,955,956
392,1031,1032
393,743,744
393,863,864
393,885,886
393,1031,1032
394,797,798
394,863,864
394,885,886
394,1031,1032
395,743,744
395,885,886
395,955,956
395,1031,1032
396,793,794
396,885,886
396,955,956
396,1031,1032
397,672,673
397,884,885
397,983,984
397,1061,1062
398,672,673
398,863,864
398,884,885
398,983,984
399,863,864
399,884,885
399,1021,1022
399,1031,1032
400,672,673
400,863,864
400,884,885
400,955,956
401,863,864
401,884,885
401,955,956
401,1031,1032
402,884,885
402,896,897
402,983,984
402,1061,1062
403,863,864
403,884,885
403,898,899
403,1021,1022
404,863,864
404,884,885
404,898,899
404,983,984
405,884,885
405,896,897
405,898,899
405,1021,1022
406,884,885
406,896,897
406,898,899
406,983,984
407,537,538
407,578,579
407,610,611
407,783,784
408,537,538
408,578,579
408,612,613
408,783,784
409,424,425
409,537,538
409,612,613
409,783,784
410,1672,1673
410,1800,1801
410,1837,1838
410,1846,1847
411,1432,1433
411,1459,1460
411,1472,1473
411,1571,1572
412,1292,1293
412,1432,1433
412,1459,1460
412,1472,1473
413,1501,1502
413,1551,1552
413,1563,1564
413,1802,1803
414,1388,1389
414,1492,1493
414,1590,1591
414,1649,1650
415,1388,1389
415,1492,1493
415,1526,1527
415,1590,1591
416,1501,1502
416,1526,1527
416,1563,1564
416,1590,1591
417,1388,1389
417,1492,1493
417,1506,1507
417,1649,1650
418,1641,1642
418,1711,1712
418,1738,1739
418,1843,1844
419,1535,1536
419,1641,1642
419,1711,1712
419,1738,1739
420,1276,1277
420,1492,1493
420,1506,1507
420,1688,1689
421,1492,1493
421,1506,1507
421,1616,1617
421,1649,1650
422,1492,1493
422,1506,1507
422,1616,1617
422,1688,1689
423,1506,1507
423,1561,1562
423,1616,1617
423,1649,1650
424,1506,1507
424,1561,1562
424,1597,1598
424,1616,1617
425,1506,1507
425,1597,1598
425,1616,1617
425,1688,1689
426,1646,1647
426,1746,1747
426,1788,1789
426,1815,1816
427,1735,1736
427,1742,1743
427,1775,1776
427,1834,1835
428,1742,1743
428,1756,1757
428,1775,1776
428,1834,1835
429,1739,1740
429,1742,1743
429,1756,1757
429,1834,1835
430,1742,1743
430,1756,1757
430,1761,1762
430,1775,1776
431,1080,1081
431,1142,1143
431,1349,1350
431,1361,1362
432,1080,1081
432,1349,1350
432,1361,1362
432,1412,1413
433,1080,1081
433,1296,1297
433,1361,1362
433,1438,1439
434,1080,1081
434,1296,1297
434,1361,1362
434,1412,1413
435,1521,1522
435,1601,1602
435,1617,1618
435,1786,1787
436,1483,1484
436,1617,1618
436,1653,1654
436,1786,1787
437,1617,1618
437,1653,1654
437,1764,1765
437,1786,1787
438,1438,1439
438,1547,1548
438,1617,1618
438,1653,1654
439,1438,1439
439,1483,1484
439,1617,1618
439,1653,1654
440,95,96
440,141,142
440,175,176
440,217,218
441,2,3
441,77,78
441,100,101
441,175,176
442,23,24
442,53,54
442,76,77
442,141,142
443,23,24
443,76,77
443,95,96
443,141,142
444,76,77
444,95,96
444,175,176
444,217,218
445,53,54
445,76,77
445,141,142
445,217,218
446,76,77
446,95,96
446,141,142
446,217,218
447,90,91
447,109,110
447,186,187
447,201,202
448,27,28
448,90,91
448,109,110
448,201,202
449,28,29
449,68,69
449,186,187
449,216,217
450,28,29
450,68,69
450,118,119
450,216,217
451,26,27
451,68,69
451,118,119
451,216,217
452,488,489
452,756,757
452,774,775
452,925,926
453,756,757
453,774,775
453,925,926
453,991,992
454,774,775
454,925,926
454,991,992
454,1014,1015
455,756,757
455,774,775
455,991,992
455,1014,1015
456,756,757
456,774,775
456,788,789
456,1014,1015
457,488,489
457,739,740
457,756,757
457,774,775
458,739,740
458,756,757
458,774,775
458,788,789
459,447,448
459,524,525
459,636,637
459,780,781
460,452,453
460,524,525
460,780,781
460,827,828
461,923,924
461,1008,1009
461,1021,1022
461,1031,1032
462,884,885
462,1008,1009
462,1021,1022
462,1031,1032
463,228,229
463,343,344
463,403,404
463,425,426
464,228,229
464,332,333
464,343,344
464,425,426
465,14,15
465,160,161
465,198,199
465,205,206
466,240,241
466,244,245
466,431,432
466,498,499
467,244,245
467,431,432
467,498,499
467,620,621
468,286,287
468,431,432
468,498,499
468,620,621
469,244,245
469,286,287
469,431,432
469,620,621
470,240,241
470,244,245
470,310,311
470,431,432
471,240,241
471,310,311
471,430,431
471,431,432
472,538,539
472,541,542
472,552,553
472,587,588
473,296,297
473,349,350
473,408,409
473,497,498
474,349,350
474,360,361
474,408,409
474,552,553
475,273,274
475,337,338
475,348,349
475,639,640
476,80,81
476,172,173
476,273,274
476,348,349
477,241,242
477,337,338
477,371,372
477,406,407
478,322,323
478,409,410
478,468,469
478,635,636
479,322,323
479,409,410
479,468,469
479,497,498
480,322,323
480,468,469
480,497,498
480,506,507
481,226,227
481,265,266
481,327,328
481,331,332
482,226,227
482,265,266
482,312,313
482,327,328
483,182,183
483,226,227
483,312,313
483,327,328
484,67,68
484,145,146
484,209,210
484,312,313
485,538,539
485,642,643
485,664,665
485,678,679
486,642,643
486,664,665
486,678,679
486,803,804
487,587,588
487,592,593
487,623,624
487,678,679
488,541,542
488,587,588
488,592,593
488,623,624
489,538,539
489,623,624
489,642,643
489,678,679
490,538,539
490,587,588
490,623,624
490,678,679
491,538,539
491,541,542
491,587,588
491,623,624
492,555,556
492,664,665
492,678,679
492,803,804
493,555,556
493,587,588
493,592,593
493,678,679
494,504,505
494,795,796
494,835,836
494,1006,1007
495,504,505
495,835,836
495,942,943
495,1006,1007
496,853,854
496,861,862
496,1034,1035
496,1212,1213
497,927,928
497,947,948
497,1146,1147
497,1179,1180
498,927,928
498,947,948
498,1179,1180
498,1212,1213
499,927,928
499,1069,1070
499,1179,1180
499,1212,1213
500,853,854
500,927,928
500,1069,1070
500,1212,1213
501,927,928
501,947,948
501,1034,1035
501,1212,1213
502,853,854
502,927,928
502,1034,1035
502,1212,1213
503,88,89
503,114,115
503,156,157
503,161,162
504,70,71
504,88,89
504,114,115
504,161,162
505,29,30
505,83,84
505,88,89
505,181,182
506,34,35
506,114,115
506,156,157
506,180,181
507,114,115
507,156,157
507,161,162
507,180,181
508,34,35
508,80,81
508,144,145
508,180,181
509,70,71
509,161,162
509,180,181
509,185,186
510,34,35
510,70,71
510,114,115
510,180,181
511,70,71
511,114,115
511,161,162
511,180,181
512,34,35
512,70,71
512,144,145
512,180,181
513,70,71
513,144,145
513,180,181
513,185,186
514,1083,1084
514,1321,1322
514,1340,1341
514,1370,1371
515,1278,1279
515,1321,1322
515,1340,1341
515,1370,1371
516,1278,1279
516,1292,1293
516,1321,1322
516,1370,1371
517,1480,1481
517,1579,1580
517,1627,1628
517,1659,1660
518,273,274
518,302,303
518,337,338
518,348,349
519,15,16
519,161,162
519,180,181
519,185,186
520,31,32
520,37,38
520,85,86
520,297,298
521,37,38
521,85,86
521,105,106
521,297,298
522,15,16
522,85,86
522,161,162
522,180,181
523,80,81
523,85,86
523,105,106
523,192,193
524,85,86
524,105,106
524,192,193
524,297,298
525,31,32
525,85,86
525,165,166
525,297,298
526,15,16
526,31,32
526,85,86
526,165,166
527,31,32
527,37,38
527,43,44
527,232,233
528,31,32
528,37,38
528,43,44
528,85,86
529,43,44
529,156,157
529,161,162
529,180,181
530,43,44
530,85,86
530,161,162
530,180,181
531,15,16
531,43,44
531,85,86
531,161,162
532,43,44
532,145,146
532,209,210
532,232,233
533,37,38
533,43,44
533,209,210
533,232,233
534,43,44
534,67,68
534,145,146
534,209,210
535,15,16
535,31,32
535,87,88
535,165,166
536,15,16
536,43,44
536,87,88
536,161,162
537,15,16
537,31,32
537,85,86
537,87,88
538,31,32
538,43,44
538,85,86
538,87,88
539,15,16
539,43,44
539,85,86
539,87,88
540,1083,1084
540,1262,1263
540,1321,1322
540,1370,1371
541,1083,1084
541,1262,1263
541,1340,1341
541,1370,1371
542,1459,1460
542,1472,1473
542,1587,1588
542,1625,1626
543,1472,1473
543,1495,1496
543,1587,1588
543,1625,1626
544,1292,1293
544,1459,1460
544,1472,1473
544,1587,1588
545,1484,1485
545,1595,1596
545,1627,1628
545,1648,1649
546,1527,1528
546,1572,1573
546,1634,1635
546,1639,1640
547,1527,1528
547,1572,1573
547,1625,1626
547,1634,1635
548,1572,1573
548,1625,1626
548,1634,1635
548,1640,1641
549,1337,1338
549,1571,1572
549,1608,1609
549,1634,1635
550,1459,1460
550,1472,1473
550,1625,1626
550,1634,1635
551,1337,1338
551,1459,1460
551,1571,1572
551,1634,1635
552,1472,1473
552,1495,1496
552,1634,1635
552,1640,1641
553,1472,1473
553,1495,1496
553,1625,1626
553,1634,1635
554,1495,1496
554,1625,1626
554,1634,1635
554,1640,1641
555,1472,1473
555,1571,1572
555,1634,1635
555,1640,1641
556,1459,1460
556,1472,1473
556,1571,1572
556,1634,1635
557,1527,1528
557,1572,1573
557,1639,1640
557,1784,1785
558,1527,1528
558,1572,1573
558,1579,1580
558,1784,1785
559,1572,1573
559,1579,1580
559,1784,1785
559,1810,1811
560,1527,1528
560,1579,1580
560,1613,1614
560,1784,1785
561,1480,1481
561,1488,1489
561,1572,1573
561,1625,1626
562,1480,1481
562,1488,1489
562,1572,1573
562,1579,1580
563,1480,1481
563,1488,1489
563,1579,1580
563,1627,1628
564,1488,1489
564,1527,1528
564,1572,1573
564,1625,1626
565,1488,1489
565,1527,1528
565,1579,1580
565,1822,1823
566,1488,1489
566,1527,1528
566,1572,1573
566,1579,1580
567,1484,1485
567,1488,1489
567,1579,1580
567,1822,1823
568,1480,1481
568,1488,1489
568,1495,1496
568,1625,1626
569,1408,1409
569,1480,1481
569,1488,1489
569,1495,1496
570,1480,1481
570,1488,1489
570,1595,1596
570,1627,1628
571,1484,1485
571,1488,1489
571,1595,1596
571,1627,1628
572,19,20
572,126,127
572,157,158
572,285,286
573,7,8
573,62,63
573,126,127
573,157,158
574,7,8
574,126,127
574,157,158
574,285,286
575,7,8
575,62,63
575,157,158
575,285,286
576,19,20
576,94,95
576,157,158
576,217,218
577,11,12
577,62,63
577,126,127
577,157,158
578,11,12
578,125,126
578,126,127
578,157,158
579,19,20
579,24,25
579,157,158
579,217,218
580,125,126
580,126,127
580,157,158
580,191,192
581,24,25
581,125,126
581,157,158
581,191,192
582,19,20
582,126,127
582,157,158
582,191,192
583,19,20
583,24,25
583,157,158
583,191,192
584,59,60
584,89,90
584,168,169
584,178,179
585,89,90
585,168,169
585,178,179
585,179,180
586,39,40
586,91,92
586,94,95
586,248,249
587,91,92
587,94,95
587,248,249
587,475,476
588,53,54
588,91,92
588,94,95
588,141,142
589,19,20
589,39,40
589,91,92
589,94,95
590,19,20
590,39,40
590,91,92
590,285,286
591,62,63
591,91,92
591,141,142
591,157,158
592,19,20
592,91,92
592,94,95
592,157,158
593,19,20
593,91,92
593,157,158
593,285,286
594,91,92
594,94,95
594,141,142
594,217,218
595,91,92
595,94,95
595,157,158
595,217,218
596,91,92
596,141,142
596,157,158
596,217,218
597,39,40
597,248,249
597,366,367
597,605,606
598,229,230
598,385,386
598,605,606
598,608,609
599,5,6
599,132,133
599,211,212
599,282,283
600,5,6
600,89,90
600,132,133
600,282,283
601,5,6
601,143,144
601,174,175
601,211,212
602,5,6
602,143,144
602,211,212
602,282,283
603,5,6
603,143,144
603,177,178
603,282,283
604,5,6
604,89,90
604,168,169
604,179,180
605,5,6
605,89,90
605,132,133
605,168,169
606,5,6
606,143,144
606,177,178
606,193,194
607,5,6
607,143,144
607,174,175
607,193,194
608,5,6
608,6,7
608,174,175
608,215,216
609,5,6
609,174,175
609,193,194
609,215,216
610,429,430
610,462,463
610,530,531
610,571,572
611,1145,1146
611,1235,1236
611,1369,1370
611,1433,1434
612,1145,1146
612,1183,1184
612,1235,1236
612,1433,1434
613,429,430
613,462,463
613,523,524
613,530,531
614,438,439
614,462,463
614,523,524
614,530,531
615,438,439
615,523,524
615,530,531
615,624,625
616,42,43
616,150,151
616,183,184
616,193,194
617,129,130
617,151,152
617,159,160
617,260,261
618,0,1
618,122,123
618,151,152
618,215,216
619,0,1
619,147,148
619,151,152
619,215,216
620,0,1
620,147,148
620,151,152
620,260,261
621,147,148
621,151,152
621,159,160
621,215,216
622,147,148
622,151,152
622,159,160
622,260,261
623,129,130
623,150,151
623,151,152
623,159,160
624,150,151
624,151,152
624,159,160
624,215,216
625,122,123
625,151,152
625,193,194
625,215,216
626,42,43
626,122,123
626,151,152
626,193,194
627,150,151
627,151,152
627,193,194
627,215,216
628,42,43
628,150,151
628,151,152
628,193,194
629,35,36
629,164,165
629,176,177
629,192,193
630,35,36
630,162,163
630,176,177
630,192,193
631,35,36
631,164,165
631,176,177
631,200,201
632,35,36
632,162,163
632,176,177
632,200,201
633,35,36
633,164,165
633,200,201
633,302,303
634,35,36
634,164,165
634,172,173
634,192,193
635,35,36
635,164,165
635,172,173
635,302,303
636,35,36
636,105,106
636,162,163
636,192,193
637,35,36
637,80,81
637,172,173
637,192,193
638,35,36
638,80,81
638,172,173
638,273,274
639,35,36
639,172,173
639,273,274
639,348,349
640,35,36
640,172,173
640,302,303
640,348,349
641,35,36
641,273,274
641,302,303
641,348,349
642,35,36
642,105,106
642,162,163
642,369,370
643,35,36
643,105,106
643,273,274
643,369,370
644,35,36
644,80,81
644,105,106
644,192,193
645,35,36
645,80,81
645,105,106
645,273,274
646,40,41
646,130,131
646,146,147
646,195,196
647,40,41
647,130,131
647,192,193
647,195,196
648,130,131
648,146,147
648,195,196
648,213,214
649,130,131
649,192,193
649,195,196
649,213,214
650,192,193
650,195,196
650,213,214
650,297,298
651,15,16
651,146,147
651,185,186
651,195,196
652,165,166
652,195,196
652,213,214
652,297,298
653,146,147
653,165,166
653,195,196
653,213,214
654,40,41
654,185,186
654,195,196
654,212,213
655,146,147
655,185,186
655,195,196
655,212,213
656,40,41
656,146,147
656,195,196
656,212,213
657,15,16
657,146,147
657,165,166
657,195,196
658,15,16
658,85,86
658,165,166
658,195,196
659,85,86
659,165,166
659,195,196
659,297,298
660,85,86
660,192,193
660,195,196
660,297,298
661,15,16
661,180,181
661,185,186
661,195,196
662,15,16
662,85,86
662,180,181
662,195,196
663,40,41
663,144,145
663,185,186
663,195,196
664,144,145
664,180,181
664,185,186
664,195,196
665,40,41
665,80,81
665,192,193
665,195,196
666,80,81
666,85,86
666,192,193
666,195,196
667,80,81
667,85,86
667,180,181
667,195,196
668,40,41
668,80,81
668,144,145
668,195,196
669,80,81
669,144,145
669,180,181
669,195,196
670,105,106
670,280,281
670,324,325
670,369,370
671,37,38
671,105,106
671,280,281
671,324,325
672,347,348
672,390,391
672,467,468
672,595,596
673,413,414
673,587,588
673,592,593
673,621,622
674,413,414
674,541,542
674,587,588
674,592,593
675,413,414
675,587,588
675,611,612
675,621,622
676,241,242
676,413,414
676,611,612
676,621,622
677,241,242
677,413,414
677,467,468
677,611,612
678,34,35
678,114,115
678,156,157
678,208,209
679,54,55
679,307,308
679,390,391
679,639,640
680,226,227
680,284,285
680,312,313
680,331,332
681,145,146
681,209,210
681,284,285
681,312,313
682,23,24
682,95,96
682,141,142
682,246,247
683,230,231
683,315,316
683,574,575
683,590,591
684,315,316
684,574,575
684,590,591
684,630,631
685,230,231
685,315,316
685,574,575
685,630,631
686,264,265
686,574,575
686,590,591
686,630,631
687,240,241
687,264,265
687,346,347
687,520,521
688,50,51
688,59,60
688,138,139
688,178,179
689,296,297
689,322,323
689,328,329
689,635,636
690,75,76
690,115,116
690,168,169
690,190,191
691,10,11
691,115,116
691,168,169
691,190,191
692,10,11
692,138,139
692,168,169
692,190,191
693,59,60
693,75,76
693,168,169
693,190,191
694,59,60
694,138,139
694,168,169
694,190,191
695,10,11
695,119,120
695,138,139
695,232,233
696,377,378
696,542,543
696,562,563
696,720,721
697,478,479
697,492,493
697,528,529
697,630,631
698,1532,1533
698,1549,1550
698,1614,1615
698,1815,1816
699,899,900
699,947,948
699,949,950
699,1215,1216
700,899,900
700,949,950
700,959,960
700,1215,1216
701,899,900
701,949,950
701,959,960
701,995,996
702,899,900
702,960,961
702,1034,1035
702,1215,1216
703,1124,1125
703,1324,1325
703,1367,1368
703,1412,1413
704,1069,1070
704,1124,1125
704,1324,1325
704,1367,1368
705,1145,1146
705,1253,1254
705,1324,1325
705,1390,1391
706,1183,1184
706,1307,1308
706,1324,1325
706,1367,1368
707,1307,1308
707,1324,1325
707,1367,1368
707,1412,1413
708,1183,1184
708,1307,1308
708,1308,1309
708,1324,1325
709,1183,1184
709,1308,1309
709,1324,1325
709,1433,1434
710,1145,1146
710,1183,1184
710,1324,1325
710,1433,1434
711,1296,1297
711,1307,1308
711,1308,1309
711,1387,1388
712,1296,1297
712,1307,1308
712,1387,1388
712,1412,1413
713,1307,1308
713,1308,1309
713,1324,1325
713,1387,1388
714,1307,1308
714,1324,1325
714,1387,1388
714,1412,1413
715,1296,1297
715,1308,1309
715,1387,1388
715,1468,1469
716,1308,1309
716,1324,1325
716,1387,1388
716,1433,1434
717,1145,1146
717,1324,1325
717,1387,1388
717,1433,1434
718,934,935
718,960,961
718,1043,1044
718,1106,1107
719,861,862
719,960,961
719,1043,1044
719,1106,1107
720,861,862
720,960,961
720,1106,1107
720,1212,1213
721,934,935
721,960,961
721,1106,1107
721,1125,1126
722,934,935
722,1054,1055
722,1106,1107
722,1125,1126
723,1137,1138
723,1364,1365
723,1407,1408
723,1469,1470
724,1124,1125
724,1137,1138
724,1364,1365
724,1407,1408
725,1119,1120
725,1137,1138
725,1364,1365
725,1469,1470
726,1119,1120
726,1211,1212
726,1364,1365
726,1469,1470
727,1124,1125
727,1137,1138
727,1364,1365
727,1367,1368
728,915,916
728,1119,1120
728,1211,1212
728,1364,1365
729,1137,1138
729,1171,1172
729,1364,1365
729,1367,1368
730,1119,1120
730,1137,1138
730,1171,1172
730,1364,1365
731,1069,1070
731,1124,1125
731,1364,1365
731,1367,1368
732,915,916
732,1119,1120
732,1171,1172
732,1364,1365
733,1069,1070
733,1179,1180
733,1364,1365
733,1367,1368
734,915,916
734,1069,1070
734,1179,1180
734,1364,1365
735,1171,1172
735,1179,1180
735,1364,1365
735,1367,1368
736,915,916
736,1171,1172
736,1179,1180
736,1364,1365
737,1054,1055
737,1125,1126
737,1211,1212
737,1256,1257
738,915,916
738,1125,1126
738,1211,1212
738,1256,1257
739,1054,1055
739,1106,1107
739,1125,1126
739,1256,1257
740,915,916
740,1211,1212
740,1256,1257
740,1364,1365
741,915,916
741,960,961
741,1125,1126
741,1256,1257
742,960,961
742,1106,1107
742,1125,1126
742,1256,1257
743,915,916
743,960,961
743,1212,1213
743,1256,1257
744,960,961
744,1106,1107
744,1212,1213
744,1256,1257
745,1054,1055
745,1106,1107
745,1256,1257
745,1260,1261
746,915,916
746,1069,1070
746,1212,1213
746,1256,1257
747,915,916
747,1069,1070
747,1256,1257
747,1364,1365
748,1069,1070
748,1124,1125
748,1256,1257
748,1364,1365
749,1091,1092
749,1123,1124
749,1165,1166
749,1365,1366
750,1091,1092
750,1148,1149
750,1165,1166
750,1365,1366
751,1089,1090
751,1091,1092
751,1148,1149
751,1165,1166
752,1089,1090
752,1148,1149
752,1165,1166
752,1230,1231
753,1123,1124
753,1165,1166
753,1326,1327
753,1365,1366
754,1089,1090
754,1165,1166
754,1230,1231
754,1453,1454
755,713,714
755,862,863
755,868,869
755,1041,1042
756,1162,1163
756,1205,1206
756,1264,1265
756,1448,1449
757,1162,1163
757,1178,1179
757,1264,1265
757,1448,1449
758,1178,1179
758,1264,1265
758,1313,1314
758,1347,1348
759,1178,1179
759,1264,1265
759,1313,1314
759,1448,1449
760,1091,1092
760,1123,1124
760,1165,1166
760,1261,1262
761,1089,1090
761,1091,1092
761,1165,1166
761,1261,1262
762,1089,1090
762,1261,1262
762,1423,1424
762,1453,1454
763,1089,1090
763,1217,1218
763,1261,1262
763,1423,1424
764,1074,1075
764,1228,1229
764,1269,1270
764,1379,1380
765,1074,1075
765,1228,1229
765,1269,1270
765,1381,1382
766,1228,1229
766,1269,1270
766,1334,1335
766,1379,1380
767,1074,1075
767,1269,1270
767,1286,1287
767,1379,1380
768,1074,1075
768,1269,1270
768,1286,1287
768,1381,1382
769,1185,1186
769,1228,1229
769,1269,1270
769,1334,1335
770,1074,1075
770,1228,1229
770,1281,1282
770,1462,1463
771,1074,1075
771,1228,1229
771,1281,1282
771,1345,1346
772,1074,1075
772,1281,1282
772,1312,1313
772,1462,1463
773,1074,1075
773,1281,1282
773,1312,1313
773,1345,1346
774,1281,1282
774,1334,1335
774,1345,1346
774,1363,1364
775,1228,1229
775,1281,1282
775,1334,1335
775,1363,1364
776,1228,1229
776,1281,1282
776,1334,1335
776,1345,1346
777,283,284
777,558,559
777,582,583
777,622,623
778,558,559
778,582,583
778,603,604
778,622,623
779,1085,1086
779,1090,1091
779,1107,1108
779,1221,1222
780,880,881
780,1085,1086
780,1107,1108
780,1221,1222
781,933,934
781,1049,1050
781,1090,1091
781,1107,1108
782,1049,1050
782,1090,1091
782,1107,1108
782,1221,1222
783,1142,1143
783,1349,1350
783,1361,1362
783,1531,1532
784,1322,1323
784,1328,1329
784,1531,1532
784,1589,1590
785,1242,1243
785,1378,1379
785,1384,1385
785,1410,1411
786,1242,1243
786,1339,1340
786,1378,1379
786,1384,1385
787,1142,1143
787,1349,1350
787,1384,1385
787,1407,1408
788,1378,1379
788,1384,1385
788,1410,1411
788,1589,1590
789,1384,1385
789,1410,1411
789,1531,1532
789,1589,1590
790,1142,1143
790,1339,1340
790,1378,1379
790,1384,1385
791,1142,1143
791,1339,1340
791,1384,1385
791,1407,1408
792,1142,1143
792,1378,1379
792,1384,1385
792,1589,1590
793,1142,1143
793,1384,1385
793,1531,1532
793,1589,1590
794,1142,1143
794,1349,1350
794,1384,1385
794,1531,1532
795,1156,1157
795,1318,1319
795,1331,1332
795,1455,1456
796,1156,1157
796,1318,1319
796,1326,1327
796,1455,1456
797,1156,1157
797,1290,1291
797,1331,1332
797,1455,1456
798,1123,1124
798,1156,1157
798,1326,1327
798,1455,1456
799,1156,1157
799,1312,1313
799,1318,1319
799,1331,1332
800,1072,1073
800,1156,1157
800,1312,1313
800,1379,1380
801,1123,1124
801,1156,1157
801,1326,1327
801,1365,1366
802,1072,1073
802,1156,1157
802,1365,1366
802,1379,1380
803,1156,1157
803,1290,1291
803,1304,1305
803,1455,1456
804,1123,1124
804,1156,1157
804,1304,1305
804,1455,1456
805,1123,1124
805,1156,1157
805,1365,1366
805,1434,1435
806,1072,1073
806,1156,1157
806,1365,1366
806,1434,1435
807,1156,1157
807,1312,1313
807,1345,1346
807,1379,1380
808,1156,1157
808,1318,1319
808,1345,1346
808,1379,1380
809,1156,1157
809,1312,1313
809,1318,1319
809,1345,1346
810,1156,1157
810,1326,1327
810,1360,1361
810,1379,1380
811,1156,1157
811,1360,1361
811,1365,1366
811,1379,1380
812,1156,1157
812,1326,1327
812,1360,1361
812,1365,1366
813,1156,1157
813,1290,1291
813,1304,1305
813,1434,1435
814,1123,1124
814,1156,1157
814,1304,1305
814,1434,1435
815,1294,1295
815,1318,1319
815,1345,1346
815,1379,1380
816,1294,1295
816,1334,1335
816,1345,1346
816,1379,1380
817,1294,1295
817,1326,1327
817,1360,1361
817,1379,1380
818,1156,1157
818,1294,1295
818,1326,1327
818,1379,1380
819,1156,1157
819,1294,1295
819,1318,1319
819,1379,1380
820,1156,1157
820,1294,1295
820,1318,1319
820,1326,1327
821,1294,1295
821,1334,1335
821,1345,1346
821,1410,1411
822,1242,1243
822,1294,1295
822,1334,1335
822,1410,1411
823,1293,1294
823,1318,1319
823,1331,1332
823,1345,1346
824,1293,1294
824,1318,1319
824,1331,1332
824,1422,1423
825,1293,1294
825,1294,1295
825,1345,1346
825,1410,1411
826,1293,1294
826,1294,1295
826,1318,1319
826,1345,1346
827,1293,1294
827,1294,1295
827,1318,1319
827,1410,1411
828,1293,1294
828,1331,1332
828,1422,1423
828,1526,1527
829,1293,1294
829,1422,1423
829,1501,1502
829,1526,1527
830,1293,1294
830,1355,1356
830,1363,1364
830,1551,1552
831,1293,1294
831,1355,1356
831,1363,1364
831,1410,1411
832,1293,1294
832,1334,1335
832,1345,1346
832,1363,1364
833,1293,1294
833,1334,1335
833,1363,1364
833,1410,1411
834,1293,1294
834,1334,1335
834,1345,1346
834,1410,1411
835,1203,1204
835,1230,1231
835,1260,1261
835,1453,1454
836,1165,1166
836,1203,1204
836,1230,1231
836,1453,1454
837,1165,1166
837,1203,1204
837,1326,1327
837,1365,1366
838,1264,1265
838,1265,1266
838,1313,1314
838,1347,1348
839,1460,1461
839,1477,1478
839,1546,1547
839,1619,1620
840,1460,1461
840,1463,1464
840,1546,1547
840,1619,1620
841,1290,1291
841,1301,1302
841,1304,1305
841,1455,1456
842,1290,1291
842,1301,1302
842,1391,1392
842,1455,1456
843,1290,1291
843,1301,1302
843,1391,1392
843,1596,1597
844,1290,1291
844,1301,1302
844,1586,1587
844,1596,1597
845,1290,1291
845,1301,1302
845,1543,1544
845,1586,1587
846,1301,1302
846,1487,1488
846,1586,1587
846,1596,1597
847,1301,1302
847,1487,1488
847,1543,1544
847,1586,1587
848,1597,1598
848,1616,1617
848,1688,1689
848,1813,1814
849,1541,1542
849,1557,1558
849,1669,1670
849,1813,1814
850,1541,1542
850,1597,1598
850,1688,1689
850,1813,1814
851,1406,1407
851,1457,1458
851,1564,1565
851,1573,1574
852,1202,1203
852,1372,1373
852,1424,1425
852,1452,1453
853,1202,1203
853,1245,1246
853,1372,1373
853,1452,1453
854,1202,1203
854,1241,1242
854,1245,1246
854,1372,1373
855,1178,1179
855,1202,1203
855,1241,1242
855,1372,1373
856,1178,1179
856,1202,1203
856,1241,1242
856,1396,1397
857,1202,1203
857,1245,1246
857,1404,1405
857,1452,1453
858,1202,1203
858,1241,1242
858,1245,1246
858,1404,1405
859,1245,1246
859,1314,1315
859,1372,1373
859,1452,1453
860,1314,1315
860,1372,1373
860,1424,1425
860,1452,1453
861,1245,1246
861,1314,1315
861,1372,1373
861,1434,1435
862,1304,1305
862,1314,1315
862,1372,1373
862,1434,1435
863,1304,1305
863,1314,1315
863,1347,1348
863,1372,1373
864,1290,1291
864,1314,1315
864,1543,1544
864,1586,1587
865,1290,1291
865,1301,1302
865,1304,1305
865,1314,1315
866,1290,1291
866,1301,1302
866,1314,1315
866,1543,1544
867,1295,1296
867,1298,1299
867,1394,1395
867,1452,1453
868,1295,1296
868,1298,1299
868,1394,1395
868,1573,1574
869,1295,1296
869,1431,1432
869,1452,1453
869,1591,1592
870,864,865
870,1131,1132
870,1177,1178
870,1338,1339
871,1131,1132
871,1177,1178
871,1338,1339
871,1404,1405
872,1241,1242
872,1245,1246
872,1358,1359
872,1404,1405
873,1131,1132
873,1241,1242
873,1358,1359
873,1404,1405
874,1072,1073
874,1245,1246
874,1358,1359
874,1434,1435
875,1241,1242
875,1245,1246
875,1358,1359
875,1434,1435
876,1131,1132
876,1338,1339
876,1358,1359
876,1404,1405
877,1131,1132
877,1157,1158
877,1338,1339
877,1358,1359
878,1157,1158
878,1286,1287
878,1338,1339
878,1358,1359
879,1665,1666
879,1775,1776
879,1820,1821
879,1824,1825
880,1703,1704
880,1775,1776
880,1820,1821
880,1824,1825
881,1665,1666
881,1751,1752
881,1820,1821
881,1824,1825
882,1703,1704
882,1751,1752
882,1820,1821
882,1824,1825
883,1697,1698
883,1751,1752
883,1796,1797
883,1820,1821
884,1665,1666
884,1751,1752
884,1796,1797
884,1820,1821
885,1691,1692
885,1780,1781
885,1797,1798
885,1845,1846
886,1691,1692
886,1741,1742
886,1780,1781
886,1797,1798
887,1661,1662
887,1691,1692
887,1807,1808
887,1845,1846
888,1661,1662
888,1691,1692
888,1797,1798
888,1807,1808
889,1661,1662
889,1691,1692
889,1797,1798
889,1845,1846
890,1661,1662
890,1702,1703
890,1780,1781
890,1845,1846
891,1661,1662
891,1780,1781
891,1797,1798
891,1845,1846
892,1572,1573
892,1576,1577
892,1640,1641
892,1716,1717
893,1608,1609
893,1681,1682
893,1716,1717
893,1722,1723
894,1608,1609
894,1634,1635
894,1640,1641
894,1716,1717
895,1572,1573
895,1634,1635
895,1640,1641
895,1716,1717
896,1572,1573
896,1639,1640
896,1716,1717
896,1784,1785
897,1572,1573
897,1634,1635
897,1639,1640
897,1716,1717
898,1540,1541
898,1584,1585
898,1635,1636
898,1639,1640
899,1540,1541
899,1584,1585
899,1635,1636
899,1778,1779
900,489,490
900,722,723
900,742,743
900,821,822
901,432,433
901,537,538
901,578,579
901,612,613
902,378,379
902,432,433
902,537,538
902,578,579
903,1465,1466
903,1525,1526
903,1556,1557
903,1564,1565
904,1110,1111
904,1232,1233
904,1239,1240
904,1325,1326
905,1110,1111
905,1232,1233
905,1279,1280
905,1325,1326
906,1162,1163
906,1178,1179
906,1241,1242
906,1267,1268
907,1151,1152
907,1178,1179
907,1267,1268
907,1396,1397
908,1151,1152
908,1178,1179
908,1267,1268
908,1448,1449
909,1162,1163
909,1178,1179
909,1267,1268
909,1448,1449
910,1178,1179
910,1347,1348
910,1372,1373
910,1429,1430
911,1178,1179
911,1202,1203
911,1372,1373
911,1429,1430
912,1178,1179
912,1202,1203
912,1396,1397
912,1429,1430
913,1202,1203
913,1372,1373
913,1424,1425
913,1429,1430
914,1406,1407
914,1429,1430
914,1457,1458
914,1573,1574
915,1394,1395
915,1424,1425
915,1429,1430
915,1457,1458
916,1394,1395
916,1429,1430
916,1457,1458
916,1573,1574
917,1202,1203
917,1298,1299
917,1396,1397
917,1429,1430
918,1298,1299
918,1394,1395
918,1429,1430
918,1573,1574
919,1202,1203
919,1298,1299
919,1429,1430
919,1452,1453
920,1202,1203
920,1424,1425
920,1429,1430
920,1452,1453
921,1298,1299
921,1394,1395
921,1429,1430
921,1452,1453
922,1394,1395
922,1424,1425
922,1429,1430
922,1452,1453
923,456,457
923,655,656
923,702,703
923,912,913
924,946,947
924,967,968
924,1225,1226
924,1251,1252
925,930,931
925,958,959
925,1025,1026
925,1201,1202
926,1749,1750
926,1779,1780
926,1829,1830
926,1836,1837
927,1542,1543
927,1671,1672
927,1682,1683
927,1777,1778
928,1687,1688
928,1831,1832
928,1841,1842
928,1848,1849
929,1687,1688
929,1833,1834
929,1841,1842
929,1848,1849
930,1687,1688
930,1831,1832
930,1833,1834
930,1848,1849
931,1641,1642
931,1704,1705
931,1841,1842
931,1843,1844
932,1641,1642
932,1704,1705
932,1711,1712
932,1843,1844
933,1704,1705
933,1837,1838
933,1841,1842
933,1843,1844
934,1704,1705
934,1711,1712
934,1837,1838
934,1843,1844
935,1672,1673
935,1704,1705
935,1711,1712
935,1837,1838
936,1672,1673
936,1704,1705
936,1800,1801
936,1837,1838
937,1641,1642
937,1687,1688
937,1704,1705
937,1841,1842
938,1687,1688
938,1704,1705
938,1831,1832
938,1841,1842
939,718,719
939,769,770
939,827,828
939,941,942
940,452,453
940,718,719
940,769,770
940,827,828
941,718,719
941,775,776
941,783,784
941,812,813
942,718,719
942,775,776
942,812,813
942,912,913
943,452,453
943,718,719
943,769,770
943,783,784
944,610,611
944,718,719
944,783,784
944,812,813
945,452,453
945,610,611
945,718,719
945,783,784
946,713,714
946,718,719
946,775,776
946,809,810
947,886,887
947,930,931
947,958,959
947,1194,1195
948,958,959
948,1009,1010
948,1025,1026
948,1194,1195
949,930,931
949,958,959
949,1025,1026
949,1194,1195
950,713,714
950,831,832
950,900,901
950,908,909
951,713,714
951,809,810
951,831,832
951,908,909
952,713,714
952,775,776
952,809,810
952,831,832
953,650,651
953,809,810
953,831,832
953,908,909
954,470,471
954,507,508
954,646,647
954,697,698
955,456,457
955,702,703
955,838,839
955,912,913
956,718,719
956,775,776
956,838,839
956,912,913
957,775,776
957,809,810
957,838,839
957,912,913
958,718,719
958,775,776
958,809,810
958,838,839
959,758,759
959,832,833
959,851,852
959,963,964
960,755,756
960,758,759
960,779,780
960,932,933
961,671,672
961,755,756
961,758,759
961,779,780
962,806,807
962,970,971
962,1016,1017
962,1026,1027
963,895,896
963,970,971
963,1016,1017
963,1026,1027
964,787,788
964,869,870
964,900,901
964,1007,1008
965,787,788
965,869,870
965,900,901
965,935,936
966,787,788
966,831,832
966,900,901
966,935,936
967,713,714
967,787,788
967,900,901
967,1007,1008
968,713,714
968,787,788
968,831,832
968,900,901
969,787,788
969,869,870
969,970,971
969,1007,1008
970,713,714
970,787,788
970,941,942
970,1007,1008
971,787,788
971,941,942
971,970,971
971,1007,1008
972,787,788
972,941,942
972,970,971
972,991,992
973,751,752
973,787,788
973,806,807
973,991,992
974,787,788
974,806,807
974,970,971
974,991,992
975,751,752
975,782,783
975,787,788
975,991,992
976,769,770
976,782,783
976,787,788
976,991,992
977,769,770
977,787,788
977,941,942
977,991,992
978,858,859
978,887,888
978,890,891
978,900,901
979,858,859
979,887,888
979,900,901
979,935,936
980,869,870
980,887,888
980,900,901
980,935,936
981,1132,1133
981,1373,1374
981,1393,1394
981,1431,1432
982,1245,1246
982,1373,1374
982,1404,1405
982,1452,1453
983,1276,1277
983,1311,1312
983,1373,1374
983,1393,1394
984,1088,1089
984,1090,1091
984,1221,1222
984,1286,1287
985,1088,1089
985,1269,1270
985,1286,1287
985,1381,1382
986,1088,1089
986,1269,1270
986,1360,1361
986,1379,1380
987,1088,1089
987,1269,1270
987,1286,1287
987,1379,1380
988,39,40
988,140,141
988,167,168
988,285,286
989,21,22
989,39,40
989,140,141
989,366,367
990,21,22
990,39,40
990,140,141
990,285,286
991,21,22
991,117,118
991,140,141
991,203,204
992,21,22
992,140,141
992,203,204
992,366,367
993,21,22
993,69,70
993,117,118
993,140,141
994,69,70
994,117,118
994,140,141
994,167,168
995,21,22
995,69,70
995,140,141
995,285,286
996,69,70
996,140,141
996,167,168
996,285,286
997,1474,1475
997,1478,1479
997,1764,1765
997,1786,1787
998,1474,1475
998,1478,1479
998,1699,1700
998,1764,1765
999,1474,1475
999,1478,1479
999,1699,1700
999,1786,1787
1000,1478,1479
1000,1647,1648
1000,1699,1700
1000,1764,1765
1001,1478,1479
1001,1647,1648
1001,1700,1701
1001,1764,1765
1002,690,691
1002,755,756
1002,805,806
1002,827,828
1003,690,691
1003,747,748
1003,805,806
1003,827,828
1004,690,691
1004,747,748
1004,755,756
1004,805,806
1005,447,448
1005,690,691
1005,755,756
1005,932,933
1006,747,748
1006,797,798
1006,816,817
1006,931,932
1007,797,798
1007,816,817
1007,868,869
1007,931,932
1008,747,748
1008,805,806
1008,816,817
1008,931,932
1009,805,806
1009,816,817
1009,868,869
1009,931,932
1010,797,798
1010,816,817
1010,868,869
1010,943,944
1011,797,798
1011,816,817
1011,919,920
1011,943,944
1012,805,806
1012,816,817
1012,862,863
1012,868,869
1013,805,806
1013,816,817
1013,851,852
1013,862,863
1014,1322,1323
1014,1441,1442
1014,1531,1532
1014,1589,1590
1015,1142,1143
1015,1441,1442
1015,1531,1532
1015,1589,1590
1016,1142,1143
1016,1361,1362
1016,1441,1442
1016,1531,1532
1017,871,872
1017,1078,1079
1017,1143,1144
1017,1268,1269
1018,983,984
1018,1078,1079
1018,1143,1144
1018,1268,1269
1019,983,984
1019,1061,1062
1019,1078,1079
1019,1268,1269
1020,929,930
1020,1061,1062
1020,1078,1079
1020,1268,1269
1021,672,673
1021,983,984
1021,1061,1062
1021,1078,1079
1022,662,663
1022,856,857
1022,863,864
1022,921,922
1023,743,744
1023,856,857
1023,863,864
1023,885,886
1024,673,674
1024,743,744
1024,856,857
1024,885,886
1025,673,674
1025,747,748
1025,856,857
1025,885,886
1026,662,663
1026,856,857
1026,863,864
1026,919,920
1027,797,798
1027,856,857
1027,863,864
1027,885,886
1028,747,748
1028,797,798
1028,856,857
1028,885,886
1029,797,798
1029,856,857
1029,863,864
1029,919,920
1030,662,663
1030,816,817
1030,856,857
1030,919,920
1031,747,748
1031,797,798
1031,816,817
1031,856,857
1032,797,798
1032,816,817
1032,856,857
1032,919,920
1033,662,663
1033,726,727
1033,877,878
1033,1027,1028
1034,662,663
1034,877,878
1034,898,899
1034,921,922
1035,726,727
1035,877,878
1035,1027,1028
1035,1043,1044
1036,877,878
1036,898,899
1036,919,920
1036,1027,1028
1037,662,663
1037,877,878
1037,919,920
1037,1027,1028
1038,662,663
1038,877,878
1038,898,899
1038,919,920
1039,877,878
1039,898,899
1039,921,922
1039,1222,1223
1040,877,878
1040,921,922
1040,934,935
1040,1222,1223
1041,877,878
1041,921,922
1041,934,935
1041,1143,1144
1042,871,872
1042,1133,1134
1042,1143,1144
1042,1188,1189
1043,1017,1018
1043,1133,1134
1043,1143,1144
1043,1188,1189
1044,892,893
1044,1017,1018
1044,1064,1065
1044,1188,1189
1045,871,872
1045,1064,1065
1045,1133,1134
1045,1188,1189
1046,1017,1018
1046,1064,1065
1046,1133,1134
1046,1188,1189
1047,524,525
1047,526,527
1047,719,720
1047,739,740
1048,673,674
1048,719,720
1048,747,748
1048,885,886
1049,673,674
1049,690,691
1049,719,720
1049,747,748
1050,526,527
1050,719,720
1050,739,740
1050,969,970
1051,524,525
1051,690,691
1051,719,720
1051,827,828
1052,690,691
1052,719,720
1052,747,748
1052,827,828
1053,524,525
1053,719,720
1053,739,740
1053,756,757
1054,524,525
1054,719,720
1054,756,757
1054,827,828
1055,719,720
1055,756,757
1055,827,828
1055,931,932
1056,719,720
1056,747,748
1056,827,828
1056,931,932
1057,1400,1401
1057,1432,1433
1057,1459,1460
1057,1571,1572
1058,1337,1338
1058,1400,1401
1058,1459,1460
1058,1571,1572
1059,1459,1460
1059,1545,1546
1059,1587,1588
1059,1625,1626
1060,1323,1324
1060,1328,1329
1060,1551,1552
1060,1802,1803
1061,1323,1324
1061,1501,1502
1061,1551,1552
1061,1802,1803
1062,1323,1324
1062,1328,1329
1062,1632,1633
1062,1802,1803
1063,1322,1323
1063,1323,1324
1063,1328,1329
1063,1632,1633
1064,1322,1323
1064,1323,1324
1064,1521,1522
1064,1531,1532
1065,1388,1389
1065,1461,1462
1065,1492,1493
1065,1506,1507
1066,1276,1277
1066,1311,1312
1066,1461,1462
1066,1492,1493
1067,1276,1277
1067,1461,1462
1067,1492,1493
1067,1506,1507
1068,1276,1277
1068,1311,1312
1068,1393,1394
1068,1461,1462
1069,1311,1312
1069,1393,1394
1069,1461,1462
1069,1462,1463
1070,1698,1699
1070,1709,1710
1070,1726,1727
1070,1791,1792
1071,1698,1699
1071,1791,1792
1071,1825,1826
1071,1833,1834
1072,1698,1699
1072,1726,1727
1072,1791,1792
1072,1825,1826
1073,1561,1562
1073,1664,1665
1073,1675,1676
1073,1730,1731
1074,1276,1277
1074,1492,1493
1074,1496,1497
1074,1688,1689
1075,1276,1277
1075,1496,1497
1075,1586,1587
1075,1688,1689
1076,1492,1493
1076,1496,1497
1076,1616,1617
1076,1688,1689
1077,1487,1488
1077,1496,1497
1077,1586,1587
1077,1596,1597
1078,1290,1291
1078,1314,1315
1078,1402,1403
1078,1586,1587
1079,1072,1073
1079,1156,1157
1079,1312,1313
1079,1402,1403
1080,1156,1157
1080,1290,1291
1080,1331,1332
1080,1402,1403
1081,1156,1157
1081,1312,1313
1081,1331,1332
1081,1402,1403
1082,1156,1157
1082,1290,1291
1082,1402,1403
1082,1434,1435
1083,1072,1073
1083,1156,1157
1083,1402,1403
1083,1434,1435
1084,1072,1073
1084,1245,1246
1084,1402,1403
1084,1434,1435
1085,1245,1246
1085,1314,1315
1085,1402,1403
1085,1434,1435
1086,1290,1291
1086,1304,1305
1086,1402,1403
1086,1434,1435
1087,1290,1291
1087,1304,1305
1087,1314,1315
1087,1402,1403
1088,1304,1305
1088,1314,1315
1088,1402,1403
1088,1434,1435
1089,1431,1432
1089,1541,1542
1089,1591,1592
1089,1631,1632
1090,1276,1277
1090,1586,1587
1090,1631,1632
1090,1688,1689
1091,1373,1374
1091,1393,1394
1091,1431,1432
1091,1631,1632
1092,1276,1277
1092,1373,1374
1092,1393,1394
1092,1631,1632
1093,1301,1302
1093,1487,1488
1093,1514,1515
1093,1543,1544
1094,1301,1302
1094,1302,1303
1094,1514,1515
1094,1543,1544
1095,1301,1302
1095,1487,1488
1095,1514,1515
1095,1621,1622
1096,1302,1303
1096,1514,1515
1096,1621,1622
1096,1710,1711
1097,1301,1302
1097,1302,1303
1097,1514,1515
1097,1710,1711
1098,1301,1302
1098,1514,1515
1098,1621,1622
1098,1710,1711
1099,1487,1488
1099,1514,1515
1099,1621,1622
1099,1682,1683
1100,1487,1488
1100,1514,1515
1100,1543,1544
1100,1586,1587
1101,1478,1479
1101,1662,1663
1101,1700,1701
1101,1764,1765
1102,1478,1479
1102,1662,1663
1102,1764,1765
1102,1786,1787
1103,1700,1701
1103,1733,1734
1103,1746,1747
1103,1806,1807
1104,1646,1647
1104,1700,1701
1104,1746,1747
1104,1806,1807
1105,1733,1734
1105,1746,1747
1105,1788,1789
1105,1806,1807
1106,1646,1647
1106,1746,1747
1106,1788,1789
1106,1806,1807
1107,1646,1647
1107,1700,1701
1107,1801,1802
1107,1806,1807
1108,1686,1687
1108,1700,1701
1108,1733,1734
1108,1806,1807
1109,1686,1687
1109,1700,1701
1109,1801,1802
1109,1806,1807
1110,1646,1647
1110,1739,1740
1110,1801,1802
1110,1806,1807
1111,1646,1647
1111,1788,1789
1111,1806,1807
1111,1838,1839
1112,1646,1647
1112,1739,1740
1112,1806,1807
1112,1838,1839
1113,1686,1687
1113,1733,1734
1113,1806,1807
1113,1846,1847
1114,1484,1485
1114,1595,1596
1114,1648,1649
1114,1667,1668
1115,1670,1671
1115,1739,1740
1115,1742,1743
1115,1756,1757
1116,1670,1671
1116,1739,1740
1116,1801,1802
1116,1806,1807
1117,28,29
1117,79,80
1117,118,119
1117,131,132
1118,77,78
1118,79,80
1118,118,119
1118,131,132
1119,2,3
1119,77,78
1119,79,80
1119,131,132
1120,11,12
1120,62,63
1120,75,76
1120,142,143
1121,11,12
1121,75,76
1121,142,143
1121,154,155
1122,75,76
1122,115,116
1122,142,143
1122,154,155
1123,75,76
1123,115,116
1123,142,143
1123,190,191
1124,23,24
1124,32,33
1124,76,77
1124,95,96
1125,23,24
1125,32,33
1125,95,96
1125,246,247
1126,32,33
1126,76,77
1126,286,287
1126,620,621
1127,23,24
1127,32,33
1127,76,77
1127,286,287
1128,32,33
1128,286,287
1128,498,499
1128,620,621
1129,32,33
1129,199,200
1129,498,499
1129,620,621
1130,424,425
1130,782,783
1130,783,784
1130,823,824
1131,769,770
1131,782,783
1131,783,784
1131,823,824
1132,769,770
1132,782,783
1132,823,824
1132,925,926
1133,488,489
1133,769,770
1133,823,824
1133,925,926
1134,488,489
1134,774,775
1134,823,824
1134,925,926
1135,488,489
1135,637,638
1135,774,775
1135,823,824
1136,488,489
1136,637,638
1136,689,690
1136,774,775
1137,488,489
1137,689,690
1137,739,740
1137,774,775
1138,689,690
1138,739,740
1138,788,789
1138,969,970
1139,689,690
1139,739,740
1139,774,775
1139,788,789
1140,1685,1686
1140,1689,1690
1140,1730,1731
1140,1767,1768
1141,1561,1562
1141,1675,1676
1141,1685,1686
1141,1730,1731
1142,1561,1562
1142,1664,1665
1142,1685,1686
1142,1730,1731
1143,1561,1562
1143,1616,1617
1143,1649,1650
1143,1685,1686
1144,1561,1562
1144,1616,1617
1144,1664,1665
1144,1685,1686
1145,1616,1617
1145,1649,1650
1145,1678,1679
1145,1685,1686
1146,1616,1617
1146,1664,1665
1146,1678,1679
1146,1685,1686
1147,25,26
1147,119,120
1147,145,146
1147,232,233
1148,28,29
1148,99,100
1148,109,110
1148,206,207
1149,4,5
1149,99,100
1149,109,110
1149,206,207
1150,28,29
1150,99,100
1150,118,119
1150,216,217
1151,28,29
1151,99,100
1151,109,110
1151,186,187
1152,28,29
1152,99,100
1152,186,187
1152,216,217
1153,90,91
1153,99,100
1153,109,110
1153,186,187
1154,90,91
1154,99,100
1154,186,187
1154,216,217
1155,27,28
1155,90,91
1155,99,100
1155,109,110
1156,90,91
1156,99,100
1156,216,217
1156,335,336
1157,14,15
1157,112,113
1157,160,161
1157,205,206
1158,14,15
1158,92,93
1158,112,113
1158,205,206
1159,496,497
1159,560,561
1159,631,632
1159,634,635
1160,496,497
1160,560,561
1160,582,583
1160,634,635
1161,459,460
1161,524,525
1161,636,637
1161,780,781
1162,538,539
1162,587,588
1162,674,675
1162,678,679
1163,538,539
1163,664,665
1163,674,675
1163,678,679
1164,538,539
1164,552,553
1164,587,588
1164,674,675
1165,408,409
1165,538,539
1165,552,553
1165,674,675
1166,360,361
1166,408,409
1166,552,553
1166,674,675
1167,349,350
1167,408,409
1167,441,442
1167,497,498
1168,360,361
1168,408,409
1168,549,550
1168,674,675
1169,296,297
1169,360,361
1169,408,409
1169,549,550
1170,296,297
1170,408,409
1170,497,498
1170,549,550
1171,296,297
1171,409,410
1171,497,498
1171,549,550
1172,241,242
1172,253,254
1172,371,372
1172,406,407
1173,253,254
1173,371,372
1173,406,407
1173,486,487
1174,253,254
1174,406,407
1174,407,408
1174,486,487
1175,241,242
1175,253,254
1175,611,612
1175,621,622
1176,273,274
1176,337,338
1176,604,605
1176,639,640
1177,241,242
1177,337,338
1177,604,605
1177,639,640
1178,241,242
1178,337,338
1178,406,407
1178,604,605
1179,241,242
1179,467,468
1179,604,605
1179,639,640
1180,390,391
1180,467,468
1180,604,605
1180,639,640
1181,273,274
1181,390,391
1181,604,605
1181,639,640
1182,390,391
1182,467,468
1182,595,596
1182,604,605
1183,304,305
1183,467,468
1183,595,596
1183,604,605
1184,504,505
1184,709,710
1184,835,836
1184,942,943
1185,470,471
1185,646,647
1185,696,697
1185,697,698
1186,409,410
1186,468,469
1186,497,498
1186,696,697
1187,409,410
1187,497,498
1187,549,550
1187,696,697
1188,457,458
1188,461,462
1188,610,611
1188,666,667
1189,457,458
1189,461,462
1189,537,538
1189,610,611
1190,457,458
1190,461,462
1190,537,538
1190,613,614
1191,461,462
1191,537,538
1191,578,579
1191,610,611
1192,378,379
1192,461,462
1192,537,538
1192,578,579
1193,378,379
1193,461,462
1193,487,488
1193,506,507
1194,461,462
1194,487,488
1194,506,507
1194,613,614
1195,226,227
1195,314,315
1195,327,328
1195,359,360
1196,182,183
1196,226,227
1196,314,315
1196,327,328
1197,237,238
1197,314,315
1197,359,360
1197,602,603
1198,314,315
1198,327,328
1198,359,360
1198,602,603
1199,182,183
1199,218,219
1199,269,270
1199,327,328
1200,65,66
1200,265,266
1200,312,313
1200,327,328
1201,65,66
1201,182,183
1201,312,313
1201,327,328
1202,65,66
1202,218,219
1202,265,266
1202,327,328
1203,65,66
1203,182,183
1203,218,219
1203,327,328
1204,65,66
1204,145,146
1204,182,183
1204,312,313
1205,65,66
1205,182,183
1205,218,219
1205,269,270
1206,65,66
1206,67,68
1206,265,266
1206,312,313
1207,65,66
1207,67,68
1207,173,174
1207,265,266
1208,65,66
1208,173,174
1208,189,190
1208,265,266
1209,65,66
1209,189,190
1209,218,219
1209,265,266
1210,65,66
1210,67,68
1210,145,146
1210,312,313
1211,65,66
1211,67,68
1211,145,146
1211,173,174
1212,25,26
1212,65,66
1212,145,146
1212,173,174
1213,43,44
1213,67,68
1213,209,210
1213,210,211
1214,43,44
1214,67,68
1214,156,157
1214,210,211
1215,80,81
1215,105,106
1215,210,211
1215,273,274
1216,80,81
1216,85,86
1216,105,106
1216,210,211
1217,80,81
1217,85,86
1217,180,181
1217,210,211
1218,43,44
1218,85,86
1218,180,181
1218,210,211
1219,37,38
1219,43,44
1219,209,210
1219,210,211
1220,37,38
1220,43,44
1220,85,86
1220,210,211
1221,37,38
1221,85,86
1221,105,106
1221,210,211
1222,226,227
1222,327,328
1222,333,334
1222,359,360
1223,226,227
1223,333,334
1223,359,360
1223,474,475
1224,226,227
1224,327,328
1224,331,332
1224,333,334
1225,226,227
1225,331,332
1225,333,334
1225,474,475
1226,265,266
1226,327,328
1226,331,332
1226,333,334
1227,489,490
1227,578,579
1227,585,586
1227,612,613
1228,432,433
1228,578,579
1228,585,586
1228,612,613
1229,432,433
1229,489,490
1229,585,586
1229,612,613
1230,477,478
1230,508,509
1230,538,539
1230,642,643
1231,477,478
1231,538,539
1231,623,624
1231,642,643
1232,289,290
1232,327,328
1232,359,360
1232,602,603
1233,289,290
1233,327,328
1233,333,334
1233,359,360
1234,289,290
1234,333,334
1234,359,360
1234,474,475
1235,567,568
1235,740,741
1235,746,747
1235,803,804
1236,655,656
1236,740,741
1236,746,747
1236,803,804
1237,592,593
1237,623,624
1237,678,679
1237,682,683
1238,567,568
1238,642,643
1238,682,683
1238,803,804
1239,642,643
1239,678,679
1239,682,683
1239,803,804
1240,623,624
1240,642,643
1240,678,679
1240,682,683
1241,567,568
1241,682,683
1241,740,741
1241,803,804
1242,810,811
1242,835,836
1242,942,943
1242,1006,1007
1243,795,796
1243,810,811
1243,979,980
1243,1006,1007
1244,795,796
1244,810,811
1244,835,836
1244,1006,1007
1245,656,657
1245,795,796
1245,810,811
1245,835,836
1246,1069,1070
1246,1253,1254
1246,1291,1292
1246,1390,1391
1247,1253,1254
1247,1291,1292
1247,1390,1391
1247,1437,1438
1248,853,854
1248,1069,1070
1248,1212,1213
1248,1291,1292
1249,853,854
1249,927,928
1249,1069,1070
1249,1291,1292
1250,853,854
1250,927,928
1250,1253,1254
1250,1291,1292
1251,853,854
1251,927,928
1251,1034,1035
1251,1103,1104
1252,853,854
1252,861,862
1252,1034,1035
1252,1103,1104
1253,848,849
1253,886,887
1253,930,931
1253,962,963
1254,848,849
1254,857,858
1254,930,931
1254,962,963
1255,371,372
1255,406,407
1255,486,487
1255,626,627
1256,406,407
1256,407,408
1256,486,487
1256,626,627
1257,714,715
1257,727,728
1257,867,868
1257,891,892
1258,714,715
1258,727,728
1258,802,803
1258,891,892
1259,714,715
1259,727,728
1259,802,803
1259,807,808
1260,727,728
1260,867,868
1260,872,873
1260,891,892
1261,727,728
1261,802,803
1261,891,892
1261,988,989
1262,683,684
1262,727,728
1262,872,873
1262,891,892
1263,504,505
1263,709,710
1263,776,777
1263,942,943
1264,504,505
1264,776,777
1264,942,943
1264,1006,1007
1265,776,777
1265,942,943
1265,973,974
1265,1006,1007
1266,656,657
1266,795,796
1266,810,811
1266,844,845
1267,382,383
1267,404,405
1267,606,607
1267,647,648
1268,382,383
1268,388,389
1268,404,405
1268,606,607
1269,388,389
1269,404,405
1269,611,612
1269,641,642
1270,253,254
1270,404,405
1270,611,612
1270,641,642
1271,382,383
1271,388,389
1271,404,405
1271,407,408
1272,253,254
1272,404,405
1272,406,407
1272,407,408
1273,388,389
1273,404,405
1273,407,408
1273,486,487
1274,253,254
1274,404,405
1274,407,408
1274,486,487
1275,388,389
1275,404,405
1275,486,487
1275,641,642
1276,253,254
1276,404,405
1276,486,487
1276,641,642
1277,388,389
1277,407,408
1277,486,487
1277,628,629
1278,382,383
1278,388,389
1278,407,408
1278,628,629
1279,388,389
1279,486,487
1279,628,629
1279,641,642
1280,388,389
1280,458,459
1280,628,629
1280,641,642
1281,433,434
1281,652,653
1281,656,657
1281,835,836
1282,652,653
1282,656,657
1282,795,796
1282,835,836
1283,652,653
1283,656,657
1283,795,796
1283,844,845
1284,652,653
1284,656,657
1284,761,762
1284,844,845
1285,504,505
1285,652,653
1285,795,796
1285,835,836
1286,458,459
1286,504,505
1286,652,653
1286,795,796
1287,10,11
1287,63,64
1287,119,120
1287,232,233
1288,25,26
1288,63,64
1288,119,120
1288,232,233
1289,173,174
1289,181,182
1289,189,190
1289,196,197
1290,61,62
1290,181,182
1290,189,190
1290,196,197
1291,61,62
1291,169,170
1291,189,190
1291,196,197
1292,65,66
1292,173,174
1292,189,190
1292,196,197
1293,65,66
1293,92,93
1293,173,174
1293,196,197
1294,65,66
1294,189,190
1294,196,197
1294,218,219
1295,65,66
1295,92,93
1295,196,197
1295,218,219
1296,1070,1071
1296,1292,1293
1296,1321,1322
1296,1370,1371
1297,1070,1071
1297,1262,1263
1297,1321,1322
1297,1370,1371
1298,1070,1071
1298,1288,1289
1298,1292,1293
1298,1370,1371
1299,1070,1071
1299,1262,1263
1299,1288,1289
1299,1370,1371
1300,1070,1071
1300,1108,1109
1300,1292,1293
1300,1321,1322
1301,1070,1071
1301,1108,1109
1301,1275,1276
1301,1321,1322
1302,1278,1279
1302,1340,1341
1302,1370,1371
1302,1544,1545
1303,1278,1279
1303,1340,1341
1303,1408,1409
1303,1544,1545
1304,1472,1473
1304,1495,1496
1304,1544,1545
1304,1587,1588
1305,1408,1409
1305,1495,1496
1305,1544,1545
1305,1587,1588
1306,1278,1279
1306,1408,1409
1306,1544,1545
1306,1587,1588
1307,1292,1293
1307,1472,1473
1307,1544,1545
1307,1587,1588
1308,1278,1279
1308,1292,1293
1308,1370,1371
1308,1544,1545
1309,1278,1279
1309,1292,1293
1309,1544,1545
1309,1587,1588
1310,1370,1371
1310,1432,1433
1310,1472,1473
1310,1544,1545
1311,1292,1293
1311,1432,1433
1311,1472,1473
1311,1544,1545
1312,1292,1293
1312,1370,1371
1312,1432,1433
1312,1544,1545
1313,1484,1485
1313,1648,1649
1313,1652,1653
1313,1727,1728
1314,1484,1485
1314,1627,1628
1314,1648,1649
1314,1727,1728
1315,1648,1649
1315,1652,1653
1315,1697,1698
1315,1727,1728
1316,1627,1628
1316,1648,1649
1316,1697,1698
1316,1727,1728
1317,1488,1489
1317,1579,1580
1317,1627,1628
1317,1727,1728
1318,1484,1485
1318,1488,1489
1318,1579,1580
1318,1727,1728
1319,1484,1485
1319,1488,1489
1319,1627,1628
1319,1727,1728
1320,1627,1628
1320,1659,1660
1320,1697,1698
1320,1727,1728
1321,1579,1580
1321,1627,1628
1321,1659,1660
1321,1727,1728
1322,1484,1485
1322,1579,1580
1322,1727,1728
1322,1822,1823
1323,1697,1698
1323,1727,1728
1323,1751,1752
1323,1820,1821
1324,1579,1580
1324,1727,1728
1324,1751,1752
1324,1820,1821
1325,1652,1653
1325,1697,1698
1325,1727,1728
1325,1796,1797
1326,1697,1698
1326,1727,1728
1326,1796,1797
1326,1820,1821
1327,1659,1660
1327,1697,1698
1327,1727,1728
1327,1751,1752
1328,1579,1580
1328,1659,1660
1328,1727,1728
1328,1751,1752
1329,1652,1653
1329,1665,1666
1329,1727,1728
1329,1796,1797
1330,1665,1666
1330,1727,1728
1330,1796,1797
1330,1820,1821
1331,1652,1653
1331,1665,1666
1331,1727,1728
1331,1820,1821
1332,1643,1644
1332,1676,1677
1332,1712,1713
1332,1732,1733
1333,1643,1644
1333,1676,1677
1333,1681,1682
1333,1712,1713
1334,1643,1644
1334,1676,1677
1334,1702,1703
1334,1845,1846
1335,1676,1677
1335,1702,1703
1335,1780,1781
1335,1845,1846
1336,1337,1338
1336,1598,1599
1336,1608,1609
1336,1634,1635
1337,1598,1599
1337,1639,1640
1337,1716,1717
1337,1722,1723
1338,1598,1599
1338,1634,1635
1338,1639,1640
1338,1716,1717
1339,1598,1599
1339,1608,1609
1339,1716,1717
1339,1722,1723
1340,1598,1599
1340,1608,1609
1340,1634,1635
1340,1716,1717
1341,1598,1599
1341,1635,1636
1341,1639,1640
1341,1722,1723
1342,1540,1541
1342,1598,1599
1342,1635,1636
1342,1639,1640
1343,1598,1599
1343,1608,1609
1343,1620,1621
1343,1722,1723
1344,1337,1338
1344,1598,1599
1344,1608,1609
1344,1620,1621
1345,1598,1599
1345,1620,1621
1345,1635,1636
1345,1722,1723
1346,1598,1599
1346,1620,1621
1346,1635,1636
1346,1778,1779
1347,1540,1541
1347,1598,1599
1347,1635,1636
1347,1778,1779
1348,1680,1681
1348,1824,1825
1348,1826,1827
1348,1847,1848
1349,1680,1681
1349,1765,1766
1349,1824,1825
1349,1847,1848
1350,1680,1681
1350,1703,1704
1350,1824,1825
1350,1826,1827
1351,1680,1681
1351,1751,1752
1351,1765,1766
1351,1824,1825
1352,1680,1681
1352,1703,1704
1352,1751,1752
1352,1824,1825
1353,1495,1496
1353,1587,1588
1353,1615,1616
1353,1625,1626
1354,1488,1489
1354,1495,1496
1354,1615,1616
1354,1625,1626
1355,1408,1409
1355,1495,1496
1355,1587,1588
1355,1615,1616
1356,1408,1409
1356,1488,1489
1356,1495,1496
1356,1615,1616
1357,1408,1409
1357,1425,1426
1357,1595,1596
1357,1615,1616
1358,1484,1485
1358,1488,1489
1358,1595,1596
1358,1615,1616
1359,1408,1409
1359,1480,1481
1359,1595,1596
1359,1615,1616
1360,1480,1481
1360,1488,1489
1360,1595,1596
1360,1615,1616
1361,1408,1409
1361,1480,1481
1361,1488,1489
1361,1615,1616
1362,1484,1485
1362,1488,1489
1362,1615,1616
1362,1822,1823
1363,1425,1426
1363,1580,1581
1363,1595,1596
1363,1615,1616
1364,295,296
1364,313,314
1364,385,386
1364,598,599
1365,230,231
1365,315,316
1365,450,451
1365,630,631
1366,62,63
1366,141,142
1366,157,158
1366,158,159
1367,95,96
1367,141,142
1367,158,159
1367,175,176
1368,11,12
1368,62,63
1368,157,158
1368,158,159
1369,141,142
1369,158,159
1369,175,176
1369,217,218
1370,141,142
1370,157,158
1370,158,159
1370,217,218
1371,11,12
1371,125,126
1371,139,140
1371,158,159
1372,11,12
1372,125,126
1372,157,158
1372,158,159
1373,77,78
1373,95,96
1373,158,159
1373,175,176
1374,24,25
1374,125,126
1374,157,158
1374,158,159
1375,24,25
1375,158,159
1375,175,176
1375,217,218
1376,24,25
1376,157,158
1376,158,159
1376,217,218
1377,24,25
1377,100,101
1377,125,126
1377,158,159
1378,24,25
1378,100,101
1378,158,159
1378,175,176
1379,23,24
1379,53,54
1379,76,77
1379,421,422
1380,23,24
1380,53,54
1380,381,382
1380,421,422
1381,229,230
1381,251,252
1381,313,314
1381,473,474
1382,251,252
1382,313,314
1382,429,430
1382,473,474
1383,313,314
1383,429,430
1383,473,474
1383,530,531
1384,251,252
1384,429,430
1384,473,474
1384,571,572
1385,429,430
1385,473,474
1385,530,531
1385,571,572
1386,271,272
1386,315,316
1386,590,591
1386,630,631
1387,59,60
1387,89,90
1387,178,179
1387,357,358
1388,50,51
1388,59,60
1388,178,179
1388,357,358
1389,39,40
1389,214,215
1389,248,249
1389,366,367
1390,39,40
1390,91,92
1390,214,215
1390,248,249
1391,214,215
1391,248,249
1391,366,367
1391,605,606
1392,21,22
1392,39,40
1392,214,215
1392,366,367
1393,21,22
1393,39,40
1393,214,215
1393,285,286
1394,49,50
1394,62,63
1394,91,92
1394,141,142
1395,49,50
1395,246,247
1395,293,294
1395,305,306
1396,23,24
1396,49,50
1396,141,142
1396,293,294
1397,23,24
1397,49,50
1397,246,247
1397,293,294
1398,23,24
1398,49,50
1398,141,142
1398,246,247
1399,41,42
1399,62,63
1399,157,158
1399,285,286
1400,41,42
1400,62,63
1400,91,92
1400,157,158
1401,41,42
1401,91,92
1401,157,158
1401,285,286
1402,7,8
1402,41,42
1402,62,63
1402,285,286
1403,39,40
1403,41,42
1403,91,92
1403,285,286
1404,39,40
1404,41,42
1404,214,215
1404,285,286
1405,39,40
1405,41,42
1405,91,92
1405,214,215
1406,41,42
1406,49,50
1406,62,63
1406,91,92
1407,7,8
1407,41,42
1407,62,63
1407,132,133
1408,7,8
1408,41,42
1408,132,133
1408,282,283
1409,7,8
1409,21,22
1409,41,42
1409,285,286
1410,7,8
1410,21,22
1410,41,42
1410,282,283
1411,21,22
1411,41,42
1411,214,215
1411,285,286
1412,21,22
1412,41,42
1412,214,215
1412,282,283
1413,271,272
1413,293,294
1413,367,368
1413,590,591
1414,49,50
1414,293,294
1414,305,306
1414,367,368
1415,49,50
1415,263,264
1415,305,306
1415,367,368
1416,293,294
1416,305,306
1416,367,368
1416,590,591
1417,263,264
1417,305,306
1417,367,368
1417,590,591
1418,276,277
1418,339,340
1418,565,566
1418,608,609
1419,5,6
1419,177,178
1419,243,244
1419,282,283
1420,5,6
1420,89,90
1420,243,244
1420,282,283
1421,5,6
1421,177,178
1421,193,194
1421,243,244
1422,1,2
1422,5,6
1422,6,7
1422,174,175
1423,1,2
1423,5,6
1423,174,175
1423,211,212
1424,1,2
1424,115,116
1424,154,155
1424,168,169
1425,1,2
1425,5,6
1425,168,169
1425,179,180
1426,1,2
1426,5,6
1426,6,7
1426,179,180
1427,1,2
1427,5,6
1427,132,133
1427,168,169
1428,1,2
1428,5,6
1428,132,133
1428,211,212
1429,1,2
1429,132,133
1429,154,155
1429,168,169
1430,1,2
1430,132,133
1430,154,155
1430,211,212
1431,377,378
1431,394,395
1431,789,790
1431,807,808
1432,372,373
1432,542,543
1432,562,563
1432,720,721
1433,1101,1102
1433,1158,1159
1433,1343,1344
1433,1369,1370
1434,1101,1102
1434,1145,1146
1434,1235,1236
1434,1369,1370
1435,1101,1102
1435,1158,1159
1435,1343,1344
1435,1397,1398
1436,1183,1184
1436,1192,1193
1436,1235,1236
1436,1352,1353
1437,1145,1146
1437,1183,1184
1437,1192,1193
1437,1235,1236
1438,927,928
1438,1069,1070
1438,1179,1180
1438,1192,1193
1439,1145,1146
1439,1192,1193
1439,1253,1254
1439,1324,1325
1440,1146,1147
1440,1179,1180
1440,1192,1193
1440,1352,1353
1441,1145,1146
1441,1183,1184
1441,1192,1193
1441,1324,1325
1442,1069,1070
1442,1192,1193
1442,1253,1254
1442,1291,1292
1443,927,928
1443,1069,1070
1443,1192,1193
1443,1291,1292
1444,927,928
1444,1192,1193
1444,1253,1254
1444,1291,1292
1445,1183,1184
1445,1192,1193
1445,1352,1353
1445,1367,1368
1446,1183,1184
1446,1192,1193
1446,1324,1325
1446,1367,1368
1447,1179,1180
1447,1192,1193
1447,1352,1353
1447,1367,1368
1448,1069,1070
1448,1179,1180
1448,1192,1193
1448,1367,1368
1449,1069,1070
1449,1192,1193
1449,1324,1325
1449,1367,1368
1450,1069,1070
1450,1192,1193
1450,1253,1254
1450,1390,1391
1451,1069,1070
1451,1192,1193
1451,1324,1325
1451,1390,1391
1452,1192,1193
1452,1253,1254
1452,1324,1325
1452,1390,1391
1453,313,314
1453,429,430
1453,530,531
1453,577,578
1454,313,314
1454,530,531
1454,577,578
1454,598,599
1455,274,275
1455,295,296
1455,577,578
1455,598,599
1456,295,296
1456,313,314
1456,577,578
1456,598,599
1457,162,163
1457,176,177
1457,200,201
1457,290,291
1458,245,246
1458,308,309
1458,390,391
1458,595,596
1459,245,246
1459,347,348
1459,390,391
1459,595,596
1460,245,246
1460,307,308
1460,308,309
1460,390,391
1461,245,246
1461,298,299
1461,347,348
1461,541,542
1462,236,237
1462,307,308
1462,308,309
1462,390,391
1463,236,237
1463,273,274
1463,390,391
1463,604,605
1464,54,55
1464,236,237
1464,307,308
1464,390,391
1465,80,81
1465,210,211
1465,236,237
1465,273,274
1466,54,55
1466,80,81
1466,236,237
1466,348,349
1467,80,81
1467,236,237
1467,273,274
1467,348,349
1468,54,55
1468,236,237
1468,390,391
1468,639,640
1469,54,55
1469,236,237
1469,348,349
1469,639,640
1470,236,237
1470,273,274
1470,390,391
1470,639,640
1471,236,237
1471,273,274
1471,348,349
1471,639,640
1472,401,402
1472,413,414
1472,541,542
1472,587,588
1473,347,348
1473,401,402
1473,413,414
1473,541,542
1474,347,348
1474,401,402
1474,467,468
1474,595,596
1475,347,348
1475,401,402
1475,413,414
1475,467,468
1476,298,299
1476,347,348
1476,401,402
1476,541,542
1477,401,402
1477,541,542
1477,552,553
1477,587,588
1478,298,299
1478,401,402
1478,541,542
1478,552,553
1479,298,299
1479,401,402
1479,552,553
1479,595,596
1480,245,246
1480,347,348
1480,401,402
1480,595,596
1481,245,246
1481,298,299
1481,347,348
1481,401,402
1482,245,246
1482,298,299
1482,401,402
1482,595,596
1483,29,30
1483,46,47
1483,67,68
1483,156,157
1484,29,30
1484,46,47
1484,67,68
1484,265,266
1485,46,47
1485,67,68
1485,265,266
1485,331,332
1486,46,47
1486,265,266
1486,331,332
1486,333,334
1487,226,227
1487,359,360
1487,474,475
1487,644,645
1488,298,299
1488,552,553
1488,595,596
1488,644,645
1489,67,68
1489,256,257
1489,312,313
1489,331,332
1490,256,257
1490,284,285
1490,312,313
1490,331,332
1491,67,68
1491,209,210
1491,256,257
1491,312,313
1492,209,210
1492,256,257
1492,284,285
1492,312,313
1493,46,47
1493,67,68
1493,256,257
1493,331,332
1494,46,47
1494,256,257
1494,308,309
1494,331,332
1495,67,68
1495,209,210
1495,210,211
1495,256,257
1496,50,51
1496,257,258
1496,262,263
1496,403,404
1497,50,51
1497,257,258
1497,403,404
1497,425,426
1498,50,51
1498,257,258
1498,280,281
1498,425,426
1499,257,258
1499,343,344
1499,403,404
1499,425,426
1500,257,258
1500,280,281
1500,343,344
1500,425,426
1501,97,98
1501,145,146
1501,182,183
1501,312,313
1502,97,98
1502,145,146
1502,284,285
1502,312,313
1503,97,98
1503,257,258
1503,262,263
1503,284,285
1504,97,98
1504,145,146
1504,209,210
1504,284,285
1505,97,98
1505,209,210
1505,257,258
1505,284,285
1506,50,51
1506,97,98
1506,257,258
1506,262,263
1507,97,98
1507,119,120
1507,145,146
1507,232,233
1508,187,188
1508,246,247
1508,305,306
1508,358,359
1509,123,124
1509,187,188
1509,246,247
1509,358,359
1510,123,124
1510,240,241
1510,358,359
1510,520,521
1511,240,241
1511,264,265
1511,358,359
1511,520,521
1512,123,124
1512,187,188
1512,358,359
1512,520,521
1513,283,284
1513,379,380
1513,558,559
1513,582,583
1514,283,284
1514,346,347
1514,379,380
1514,582,583
1515,283,284
1515,379,380
1515,558,559
1515,622,623
1516,262,263
1516,328,329
1516,505,506
1516,556,557
1517,257,258
1517,262,263
1517,403,404
1517,564,565
1518,257,258
1518,262,263
1518,284,285
1518,564,565
1519,262,263
1519,403,404
1519,556,557
1519,564,565
1520,262,263
1520,328,329
1520,556,557
1520,564,565
1521,226,227
1521,284,285
1521,472,473
1521,644,645
1522,296,297
1522,328,329
1522,472,473
1522,564,565
1523,9,10
1523,59,60
1523,75,76
1523,190,191
1524,9,10
1524,49,50
1524,263,264
1524,305,306
1525,9,10
1525,187,188
1525,246,247
1525,305,306
1526,225,226
1526,264,265
1526,574,575
1526,630,631
1527,225,226
1527,478,479
1527,492,493
1527,630,631
1528,377,378
1528,394,395
1528,807,808
1528,924,925
1529,470,471
1529,513,514
1529,572,573
1529,706,707
1530,372,373
1530,562,563
1530,572,573
1530,720,721
1531,372,373
1531,382,383
1531,572,573
1531,720,721
1532,405,406
1532,478,479
1532,528,529
1532,630,631
1533,1522,1523
1533,1547,1548
1533,1549,1550
1533,1614,1615
1534,1522,1523
1534,1547,1548
1534,1549,1550
1534,1653,1654
1535,1522,1523
1535,1549,1550
1535,1653,1654
1535,1764,1765
1536,1522,1523
1536,1547,1548
1536,1617,1618
1536,1653,1654
1537,1522,1523
1537,1617,1618
1537,1653,1654
1537,1764,1765
1538,1522,1523
1538,1617,1618
1538,1764,1765
1538,1786,1787
1539,1522,1523
1539,1662,1663
1539,1764,1765
1539,1786,1787
1540,916,917
1540,947,948
1540,949,950
1540,1030,1031
1541,899,900
1541,949,950
1541,995,996
1541,1030,1031
1542,899,900
1542,995,996
1542,998,999
1542,1030,1031
1543,899,900
1543,960,961
1543,1015,1016
1543,1215,1216
1544,960,961
1544,1015,1016
1544,1125,1126
1544,1215,1216
1545,960,961
1545,1015,1016
1545,1017,1018
1545,1125,1126
1546,1015,1016
1546,1125,1126
1546,1215,1216
1546,1231,1232
1547,899,900
1547,959,960
1547,1015,1016
1547,1215,1216
1548,892,893
1548,1015,1016
1548,1017,1018
1548,1125,1126
1549,892,893
1549,1015,1016
1549,1125,1126
1549,1231,1232
1550,959,960
1550,1015,1016
1550,1215,1216
1550,1231,1232
1551,892,893
1551,959,960
1551,1015,1016
1551,1231,1232
1552,899,900
1552,959,960
1552,995,996
1552,1015,1016
1553,1124,1125
1553,1319,1320
1553,1324,1325
1553,1412,1413
1554,1319,1320
1554,1324,1325
1554,1387,1388
1554,1390,1391
1555,1319,1320
1555,1324,1325
1555,1387,1388
1555,1412,1413
1556,1319,1320
1556,1387,1388
1556,1523,1524
1556,1633,1634
1557,710,711
1557,778,779
1557,980,981
1557,1056,1057
1558,726,727
1558,832,833
1558,837,838
1558,963,964
1559,726,727
1559,832,833
1559,837,838
1559,878,879
1560,479,480
1560,645,646
1560,733,734
1560,836,837
1561,395,396
1561,645,646
1561,733,734
1561,836,837
1562,395,396
1562,479,480
1562,733,734
1562,836,837
1563,710,711
1563,733,734
1563,778,779
1563,1056,1057
1564,898,899
1564,919,920
1564,1104,1105
1564,1147,1148
1565,898,899
1565,919,920
1565,1027,1028
1565,1147,1148
1566,919,920
1566,943,944
1566,1104,1105
1566,1147,1148
1567,964,965
1567,1106,1107
1567,1230,1231
1567,1260,1261
1568,964,965
1568,1163,1164
1568,1222,1223
1568,1327,1328
1569,964,965
1569,1054,1055
1569,1260,1261
1569,1327,1328
1570,964,965
1570,1054,1055
1570,1106,1107
1570,1260,1261
1571,934,935
1571,964,965
1571,1054,1055
1571,1106,1107
1572,934,935
1572,964,965
1572,1054,1055
1572,1133,1134
1573,934,935
1573,964,965
1573,1133,1134
1573,1222,1223
1574,964,965
1574,1054,1055
1574,1133,1134
1574,1327,1328
1575,964,965
1575,1133,1134
1575,1222,1223
1575,1327,1328
1576,1091,1092
1576,1100,1101
1576,1123,1124
1576,1261,1262
1577,1100,1101
1577,1123,1124
1577,1304,1305
1577,1434,1435
1578,1091,1092
1578,1100,1101
1578,1123,1124
1578,1434,1435
1579,1100,1101
1579,1264,1265
1579,1265,1266
1579,1347,1348
1580,1100,1101
1580,1217,1218
1580,1264,1265
1580,1265,1266
1581,1100,1101
1581,1217,1218
1581,1261,1262
1581,1265,1266
1582,1089,1090
1582,1091,1092
1582,1148,1149
1582,1184,1185
1583,1089,1090
1583,1091,1092
1583,1184,1185
1583,1261,1262
1584,1089,1090
1584,1184,1185
1584,1217,1218
1584,1261,1262
1585,1162,1163
1585,1184,1185
1585,1205,1206
1585,1259,1260
1586,1091,1092
1586,1100,1101
1586,1184,1185
1586,1261,1262
1587,1100,1101
1587,1184,1185
1587,1217,1218
1587,1261,1262
1588,1162,1163
1588,1184,1185
1588,1205,1206
1588,1264,1265
1589,1184,1185
1589,1205,1206
1589,1217,1218
1589,1264,1265
1590,1100,1101
1590,1184,1185
1590,1217,1218
1590,1264,1265
1591,1182,1183
1591,1261,1262
1591,1341,1342
1591,1423,1424
1592,1182,1183
1592,1217,1218
1592,1261,1262
1592,1423,1424
1593,1152,1153
1593,1269,1270
1593,1360,1361
1593,1379,1380
1594,1152,1153
1594,1269,1270
1594,1334,1335
1594,1379,1380
1595,1152,1153
1595,1294,1295
1595,1360,1361
1595,1379,1380
1596,1152,1153
1596,1294,1295
1596,1334,1335
1596,1379,1380
1597,1152,1153
1597,1185,1186
1597,1269,1270
1597,1334,1335
1598,1152,1153
1598,1242,1243
1598,1294,1295
1598,1334,1335
1599,1152,1153
1599,1163,1164
1599,1327,1328
1599,1360,1361
1600,1152,1153
1600,1242,1243
1600,1309,1310
1600,1334,1335
1601,1152,1153
1601,1185,1186
1601,1242,1243
1601,1309,1310
1602,1152,1153
1602,1185,1186
1602,1309,1310
1602,1334,1335
1603,1088,1089
1603,1152,1153
1603,1163,1164
1603,1360,1361
1604,1088,1089
1604,1152,1153
1604,1269,1270
1604,1360,1361
1605,1088,1089
1605,1152,1153
1605,1163,1164
1605,1269,1270
1606,936,937
1606,1115,1116
1606,1152,1153
1606,1327,1328
1607,936,937
1607,1152,1153
1607,1185,1186
1607,1200,1201
1608,936,937
1608,1115,1116
1608,1152,1153
1608,1200,1201
1609,1152,1153
1609,1185,1186
1609,1200,1201
1609,1242,1243
1610,1115,1116
1610,1152,1153
1610,1200,1201
1610,1242,1243
1611,1281,1282
1611,1388,1389
1611,1462,1463
1611,1470,1471
1612,1281,1282
1612,1312,1313
1612,1462,1463
1612,1470,1471
1613,1311,1312
1613,1312,1313
1613,1462,1463
1613,1470,1471
1614,1281,1282
1614,1312,1313
1614,1345,1346
1614,1470,1471
1615,1311,1312
1615,1461,1462
1615,1462,1463
1615,1470,1471
1616,1388,1389
1616,1461,1462
1616,1462,1463
1616,1470,1471
1617,1311,1312
1617,1461,1462
1617,1470,1471
1617,1492,1493
1618,1388,1389
1618,1461,1462
1618,1470,1471
1618,1492,1493
1619,1388,1389
1619,1470,1471
1619,1492,1493
1619,1526,1527
1620,1312,1313
1620,1331,1332
1620,1345,1346
1620,1470,1471
1621,1293,1294
1621,1331,1332
1621,1470,1471
1621,1526,1527
1622,1293,1294
1622,1331,1332
1622,1345,1346
1622,1470,1471
1623,1293,1294
1623,1470,1471
1623,1501,1502
1623,1551,1552
1624,1293,1294
1624,1470,1471
1624,1501,1502
1624,1526,1527
1625,1470,1471
1625,1501,1502
1625,1526,1527
1625,1563,1564
1626,1470,1471
1626,1526,1527
1626,1563,1564
1626,1590,1591
1627,1388,1389
1627,1470,1471
1627,1526,1527
1627,1590,1591
1628,223,224
1628,300,301
1628,318,319
1628,496,497
1629,223,224
1629,300,301
1629,318,319
1629,342,343
1630,300,301
1630,317,318
1630,318,319
1630,342,343
1631,223,224
1631,317,318
1631,318,319
1631,342,343
1632,326,327
1632,368,369
1632,603,604
1632,622,623
1633,310,311
1633,368,369
1633,430,431
1633,622,623
1634,252,253
1634,310,311
1634,368,369
1634,430,431
1635,252,253
1635,317,318
1635,368,369
1635,430,431
1636,283,284
1636,368,369
1636,430,431
1636,622,623
1637,283,284
1637,368,369
1637,582,583
1637,622,623
1638,283,284
1638,318,319
1638,368,369
1638,582,583
1639,283,284
1639,318,319
1639,368,369
1639,430,431
1640,317,318
1640,318,319
1640,368,369
1640,430,431
1641,240,241
1641,430,431
1641,431,432
1641,439,440
1642,283,284
1642,430,431
1642,439,440
1642,622,623
1643,310,311
1643,430,431
1643,431,432
1643,439,440
1644,310,311
1644,430,431
1644,439,440
1644,622,623
1645,240,241
1645,430,431
1645,439,440
1645,520,521
1646,283,284
1646,430,431
1646,439,440
1646,520,521
1647,240,241
1647,346,347
1647,439,440
1647,520,521
1648,283,284
1648,346,347
1648,439,440
1648,520,521
1649,283,284
1649,346,347
1649,379,380
1649,439,440
1650,283,284
1650,379,380
1650,439,440
1650,622,623
1651,240,241
1651,264,265
1651,346,347
1651,439,440
1652,1091,1092
1652,1128,1129
1652,1365,1366
1652,1434,1435
1653,1128,1129
1653,1241,1242
1653,1358,1359
1653,1434,1435
1654,1128,1129
1654,1131,1132
1654,1157,1158
1654,1358,1359
1655,1128,1129
1655,1131,1132
1655,1241,1242
1655,1358,1359
1656,1050,1051
1656,1091,1092
1656,1148,1149
1656,1184,1185
1657,1050,1051
1657,1091,1092
1657,1162,1163
1657,1184,1185
1658,1050,1051
1658,1162,1163
1658,1184,1185
1658,1259,1260
1659,943,944
1659,1021,1022
1659,1104,1105
1659,1149,1150
1660,895,896
1660,943,944
1660,1021,1022
1660,1149,1150
1661,943,944
1661,1104,1105
1661,1147,1148
1661,1149,1150
1662,895,896
1662,923,924
1662,1026,1027
1662,1237,1238
1663,895,896
1663,1016,1017
1663,1026,1027
1663,1237,1238
1664,895,896
1664,923,924
1664,1021,1022
1664,1237,1238
1665,933,934
1665,994,995
1665,1049,1050
1665,1107,1108
1666,896,897
1666,933,934
1666,994,995
1666,1049,1050
1667,896,897
1667,994,995
1667,1049,1050
1667,1104,1105
1668,896,897
1668,994,995
1668,1021,1022
1668,1104,1105
1669,933,934
1669,994,995
1669,1008,1009
1669,1107,1108
1670,895,896
1670,994,995
1670,1021,1022
1670,1237,1238
1671,994,995
1671,1008,1009
1671,1107,1108
1671,1237,1238
1672,923,924
1672,994,995
1672,1008,1009
1672,1021,1022
1673,923,924
1673,994,995
1673,1021,1022
1673,1237,1238
1674,923,924
1674,994,995
1674,1008,1009
1674,1237,1238
1675,884,885
1675,896,897
1675,994,995
1675,1021,1022
1676,884,885
1676,994,995
1676,1008,1009
1676,1021,1022
1677,896,897
1677,933,934
1677,994,995
1677,1061,1062
1678,884,885
1678,896,897
1678,994,995
1678,1061,1062
1679,933,934
1679,994,995
1679,1008,1009
1679,1061,1062
1680,884,885
1680,994,995
1680,1008,1009
1680,1061,1062
1681,1355,1356
1681,1410,1411
1681,1555,1556
1681,1589,1590
1682,1410,1411
1682,1531,1532
1682,1555,1556
1682,1589,1590
1683,1328,1329
1683,1355,1356
1683,1555,1556
1683,1589,1590
1684,1328,1329
1684,1531,1532
1684,1555,1556
1684,1589,1590
1685,1293,1294
1685,1355,1356
1685,1410,1411
1685,1555,1556
1686,1328,1329
1686,1355,1356
1686,1551,1552
1686,1555,1556
1687,1293,1294
1687,1355,1356
1687,1551,1552
1687,1555,1556
1688,1322,1323
1688,1328,1329
1688,1531,1532
1688,1555,1556
1689,1322,1323
1689,1323,1324
1689,1328,1329
1689,1555,1556
1690,1322,1323
1690,1323,1324
1690,1531,1532
1690,1555,1556
1691,1323,1324
1691,1328,1329
1691,1551,1552
1691,1555,1556
1692,1293,1294
1692,1501,1502
1692,1551,1552
1692,1555,1556
1693,1323,1324
1693,1501,1502
1693,1551,1552
1693,1555,1556
1694,1293,1294
1694,1422,1423
1694,1501,1502
1694,1555,1556
1695,1323,1324
1695,1422,1423
1695,1501,1502
1695,1555,1556
1696,1308,1309
1696,1387,1388
1696,1433,1434
1696,1553,1554
1697,1308,1309
1697,1387,1388
1697,1468,1469
1697,1553,1554
1698,1481,1482
1698,1522,1523
1698,1662,1663
1698,1715,1716
1699,1145,1146
1699,1297,1298
1699,1324,1325
1699,1390,1391
1700,1297,1298
1700,1324,1325
1700,1387,1388
1700,1390,1391
1701,1145,1146
1701,1297,1298
1701,1324,1325
1701,1387,1388
1702,1101,1102
1702,1145,1146
1702,1297,1298
1702,1369,1370
1703,1145,1146
1703,1297,1298
1703,1387,1388
1703,1433,1434
1704,1297,1298
1704,1387,1388
1704,1433,1434
1704,1553,1554
1705,1145,1146
1705,1297,1298
1705,1369,1370
1705,1433,1434
1706,1438,1439
1706,1440,1441
1706,1468,1469
1706,1547,1548
1707,1438,1439
1707,1440,1441
1707,1547,1548
1707,1617,1618
1708,1303,1304
1708,1440,1441
1708,1523,1524
1708,1601,1602
1709,1303,1304
1709,1349,1350
1709,1361,1362
1709,1412,1413
1710,1303,1304
1710,1440,1441
1710,1601,1602
1710,1617,1618
1711,1303,1304
1711,1438,1439
1711,1440,1441
1711,1617,1618
1712,1303,1304
1712,1387,1388
1712,1440,1441
1712,1523,1524
1713,1303,1304
1713,1319,1320
1713,1387,1388
1713,1412,1413
1714,1303,1304
1714,1319,1320
1714,1387,1388
1714,1523,1524
1715,1296,1297
1715,1303,1304
1715,1361,1362
1715,1438,1439
1716,1296,1297
1716,1303,1304
1716,1361,1362
1716,1412,1413
1717,1296,1297
1717,1303,1304
1717,1387,1388
1717,1412,1413
1718,1296,1297
1718,1303,1304
1718,1438,1439
1718,1468,1469
1719,1303,1304
1719,1438,1439
1719,1440,1441
1719,1468,1469
1720,1296,1297
1720,1303,1304
1720,1387,1388
1720,1468,1469
1721,1303,1304
1721,1387,1388
1721,1440,1441
1721,1468,1469
1722,1323,1324
1722,1380,1381
1722,1422,1423
1722,1555,1556
1723,1323,1324
1723,1380,1381
1723,1521,1522
1723,1531,1532
1724,1323,1324
1724,1380,1381
1724,1531,1532
1724,1555,1556
1725,1440,1441
1725,1476,1477
1725,1481,1482
1725,1601,1602
1726,1440,1441
1726,1476,1477
1726,1523,1524
1726,1601,1602
1727,1287,1288
1727,1476,1477
1727,1523,1524
1727,1633,1634
1728,1440,1441
1728,1476,1477
1728,1523,1524
1728,1633,1634
1729,1287,1288
1729,1476,1477
1729,1568,1569
1729,1633,1634
1730,1287,1288
1730,1414,1415
1730,1568,1569
1730,1570,1571
1731,1341,1342
1731,1414,1415
1731,1426,1427
1731,1568,1569
1732,1203,1204
1732,1260,1261
1732,1446,1447
1732,1453,1454
1733,1069,1070
1733,1124,1125
1733,1256,1257
1733,1446,1447
1734,1124,1125
1734,1256,1257
1734,1364,1365
1734,1446,1447
1735,1054,1055
1735,1256,1257
1735,1260,1261
1735,1446,1447
1736,1165,1166
1736,1203,1204
1736,1417,1418
1736,1453,1454
1737,1089,1090
1737,1165,1166
1737,1417,1418
1737,1453,1454
1738,1089,1090
1738,1261,1262
1738,1417,1418
1738,1453,1454
1739,1089,1090
1739,1165,1166
1739,1261,1262
1739,1417,1418
1740,1123,1124
1740,1165,1166
1740,1261,1262
1740,1417,1418
1741,1261,1262
1741,1417,1418
1741,1423,1424
1741,1453,1454
1742,1261,1262
1742,1341,1342
1742,1417,1418
1742,1423,1424
1743,1341,1342
1743,1414,1415
1743,1417,1418
1743,1570,1571
1744,1123,1124
1744,1165,1166
1744,1326,1327
1744,1417,1418
1745,1165,1166
1745,1203,1204
1745,1326,1327
1745,1417,1418
1746,1123,1124
1746,1326,1327
1746,1417,1418
1746,1455,1456
1747,1100,1101
1747,1261,1262
1747,1265,1266
1747,1467,1468
1748,1460,1461
1748,1463,1464
1748,1467,1468
1748,1546,1547
1749,1265,1266
1749,1463,1464
1749,1467,1468
1749,1546,1547
1750,1182,1183
1750,1261,1262
1750,1265,1266
1750,1467,1468
1751,1341,1342
1751,1414,1415
1751,1426,1427
1751,1467,1468
1752,1182,1183
1752,1341,1342
1752,1414,1415
1752,1467,1468
1753,1182,1183
1753,1341,1342
1753,1426,1427
1753,1467,1468
1754,1265,1266
1754,1313,1314
1754,1366,1367
1754,1463,1464
1755,1265,1266
1755,1366,1367
1755,1463,1464
1755,1546,1547
1756,1265,1266
1756,1313,1314
1756,1347,1348
1756,1366,1367
1757,1366,1367
1757,1463,1464
1757,1546,1547
1757,1619,1620
1758,1302,1303
1758,1366,1367
1758,1546,1547
1758,1637,1638
1759,1302,1303
1759,1366,1367
1759,1505,1506
1759,1637,1638
1760,1301,1302
1760,1302,1303
1760,1528,1529
1760,1710,1711
1761,1414,1415
1761,1426,1427
1761,1467,1468
1761,1528,1529
1762,1460,1461
1762,1477,1478
1762,1528,1529
1762,1546,1547
1763,1460,1461
1763,1467,1468
1763,1528,1529
1763,1546,1547
1764,1426,1427
1764,1460,1461
1764,1477,1478
1764,1528,1529
1765,1426,1427
1765,1460,1461
1765,1467,1468
1765,1528,1529
1766,1287,1288
1766,1476,1477
1766,1507,1508
1766,1518,1519
1767,1287,1288
1767,1476,1477
1767,1507,1508
1767,1568,1569
1768,1507,1508
1768,1568,1569
1768,1607,1608
1768,1633,1634
1769,1476,1477
1769,1507,1508
1769,1568,1569
1769,1633,1634
1770,1287,1288
1770,1507,1508
1770,1518,1519
1770,1823,1824
1771,1287,1288
1771,1507,1508
1771,1710,1711
1771,1823,1824
1772,1540,1541
1772,1584,1585
1772,1612,1613
1772,1639,1640
1773,1540,1541
1773,1584,1585
1773,1612,1613
1773,1637,1638
1774,1540,1541
1774,1612,1613
1774,1619,1620
1774,1637,1638
1775,1546,1547
1775,1612,1613
1775,1619,1620
1775,1637,1638
1776,1477,1478
1776,1546,1547
1776,1612,1613
1776,1619,1620
1777,1302,1303
1777,1546,1547
1777,1612,1613
1777,1637,1638
1778,1477,1478
1778,1528,1529
1778,1546,1547
1778,1612,1613
1779,1302,1303
1779,1528,1529
1779,1546,1547
1779,1612,1613
1780,1477,1478
1780,1528,1529
1780,1612,1613
1780,1710,1711
1781,1534,1535
1781,1592,1593
1781,1613,1614
1781,1626,1627
1782,1538,1539
1782,1731,1732
1782,1748,1749
1782,1771,1772
1783,1538,1539
1783,1626,1627
1783,1731,1732
1783,1771,1772
1784,1731,1732
1784,1748,1749
1784,1749,1750
1784,1771,1772
1785,1301,1302
1785,1302,1303
1785,1353,1354
1785,1543,1544
1786,1301,1302
1786,1304,1305
1786,1314,1315
1786,1353,1354
1787,1301,1302
1787,1314,1315
1787,1353,1354
1787,1543,1544
1788,1304,1305
1788,1314,1315
1788,1347,1348
1788,1353,1354
1789,1302,1303
1789,1353,1354
1789,1528,1529
1789,1546,1547
1790,1301,1302
1790,1302,1303
1790,1353,1354
1790,1528,1529
1791,1100,1101
1791,1304,1305
1791,1347,1348
1791,1353,1354
1792,1100,1101
1792,1265,1266
1792,1347,1348
1792,1353,1354
1793,1265,1266
1793,1347,1348
1793,1353,1354
1793,1366,1367
1794,1265,1266
1794,1353,1354
1794,1366,1367
1794,1546,1547
1795,1265,1266
1795,1353,1354
1795,1467,1468
1795,1546,1547
1796,1353,1354
1796,1467,1468
1796,1528,1529
1796,1546,1547
1797,1394,1395
1797,1401,1402
1797,1424,1425
1797,1452,1453
1798,1314,1315
1798,1401,1402
1798,1424,1425
1798,1452,1453
1799,1401,1402
1799,1543,1544
1799,1586,1587
1799,1603,1604
1800,1401,1402
1800,1424,1425
1800,1543,1544
1800,1603,1604
1801,1295,1296
1801,1394,1395
1801,1401,1402
1801,1591,1592
1802,1295,1296
1802,1401,1402
1802,1452,1453
1802,1591,1592
1803,1295,1296
1803,1394,1395
1803,1401,1402
1803,1452,1453
1804,1314,1315
1804,1401,1402
1804,1424,1425
1804,1543,1544
1805,1401,1402
1805,1431,1432
1805,1452,1453
1805,1591,1592
1806,1401,1402
1806,1431,1432
1806,1591,1592
1806,1631,1632
1807,1401,1402
1807,1431,1432
1807,1452,1453
1807,1631,1632
1808,1394,1395
1808,1401,1402
1808,1591,1592
1808,1628,1629
1809,1295,1296
1809,1394,1395
1809,1591,1592
1809,1628,1629
1810,1295,1296
1810,1394,1395
1810,1573,1574
1810,1628,1629
1811,1671,1672
1811,1682,1683
1811,1740,1741
1811,1777,1778
1812,1541,1542
1812,1597,1598
1812,1770,1771
1812,1813,1814
1813,1541,1542
1813,1669,1670
1813,1770,1771
1813,1813,1814
1814,1669,1670
1814,1770,1771
1814,1787,1788
1814,1805,1806
1815,1669,1670
1815,1770,1771
1815,1805,1806
1815,1813,1814
1816,1394,1395
1816,1457,1458
1816,1567,1568
1816,1573,1574
1817,1457,1458
1817,1564,1565
1817,1567,1568
1817,1573,1574
1818,1457,1458
1818,1465,1466
1818,1564,1565
1818,1567,1568
1819,1465,1466
1819,1556,1557
1819,1564,1565
1819,1567,1568
1820,1394,1395
1820,1567,1568
1820,1573,1574
1820,1628,1629
1821,1132,1133
1821,1373,1374
1821,1389,1390
1821,1431,1432
1822,1132,1133
1822,1373,1374
1822,1389,1390
1822,1404,1405
1823,1295,1296
1823,1389,1390
1823,1431,1432
1823,1452,1453
1824,1373,1374
1824,1389,1390
1824,1431,1432
1824,1452,1453
1825,1373,1374
1825,1389,1390
1825,1404,1405
1825,1452,1453
1826,1132,1133
1826,1338,1339
1826,1389,1390
1826,1404,1405
1827,1177,1178
1827,1338,1339
1827,1389,1390
1827,1404,1405
1828,1177,1178
1828,1202,1203
1828,1298,1299
1828,1389,1390
1829,1177,1178
1829,1202,1203
1829,1389,1390
1829,1404,1405
1830,1202,1203
1830,1389,1390
1830,1404,1405
1830,1452,1453
1831,1202,1203
1831,1298,1299
1831,1389,1390
1831,1452,1453
1832,1295,1296
1832,1298,1299
1832,1389,1390
1832,1452,1453
1833,869,870
1833,887,888
1833,948,949
1833,1120,1121
1834,869,870
1834,887,888
1834,935,936
1834,948,949
1835,751,752
1835,787,788
1835,806,807
1835,948,949
1836,787,788
1836,869,870
1836,935,936
1836,948,949
1837,751,752
1837,787,788
1837,935,936
1837,948,949
1838,806,807
1838,948,949
1838,970,971
1838,1016,1017
1839,787,788
1839,806,807
1839,948,949
1839,970,971
1840,787,788
1840,869,870
1840,948,949
1840,970,971
1841,1202,1203
1841,1241,1242
1841,1270,1271
1841,1396,1397
1842,1177,1178
1842,1202,1203
1842,1270,1271
1842,1404,1405
1843,1131,1132
1843,1177,1178
1843,1270,1271
1843,1404,1405
1844,1175,1176
1844,1267,1268
1844,1270,1271
1844,1396,1397
1845,1202,1203
1845,1241,1242
1845,1270,1271
1845,1404,1405
1846,1131,1132
1846,1241,1242
1846,1270,1271
1846,1404,1405
1847,1178,1179
1847,1241,1242
1847,1270,1271
1847,1396,1397
1848,1178,1179
1848,1241,1242
1848,1267,1268
1848,1270,1271
1849,1178,1179
1849,1267,1268
1849,1270,1271
1849,1396,1397
1850,864,865
1850,1065,1066
1850,1131,1132
1850,1338,1339
1851,1065,1066
1851,1085,1086
1851,1157,1158
1851,1338,1339
1852,1065,1066
1852,1131,1132
1852,1157,1158
1852,1338,1339
1853,1065,1066
1853,1085,1086
1853,1157,1158
1853,1221,1222
1854,880,881
1854,1065,1066
1854,1085,1086
1854,1221,1222
1855,1701,1702
1855,1761,1762
1855,1826,1827
1855,1832,1833
1856,1701,1702
1856,1761,1762
1856,1779,1780
1856,1832,1833
1857,1701,1702
1857,1750,1751
1857,1771,1772
1857,1779,1780
1858,1680,1681
1858,1701,1702
1858,1750,1751
1858,1826,1827
1859,1701,1702
1859,1703,1704
1859,1761,1762
1859,1826,1827
1860,1680,1681
1860,1701,1702
1860,1703,1704
1860,1826,1827
1861,1626,1627
1861,1701,1702
1861,1703,1704
1861,1761,1762
1862,1626,1627
1862,1701,1702
1862,1761,1762
1862,1771,1772
1863,967,968
1863,1144,1145
1863,1233,1234
1863,1427,1428
1864,967,968
1864,1111,1112
1864,1233,1234
1864,1427,1428
1865,1559,1560
1865,1643,1644
1865,1681,1682
1865,1712,1713
1866,1559,1560
1866,1576,1577
1866,1681,1682
1866,1712,1713
1867,1559,1560
1867,1576,1577
1867,1681,1682
1867,1716,1717
1868,1559,1560
1868,1681,1682
1868,1716,1717
1868,1722,1723
1869,1559,1560
1869,1576,1577
1869,1712,1713
1869,1810,1811
1870,1559,1560
1870,1639,1640
1870,1716,1717
1870,1722,1723
1871,1559,1560
1871,1639,1640
1871,1716,1717
1871,1784,1785
1872,1559,1560
1872,1712,1713
1872,1765,1766
1872,1810,1811
1873,1559,1560
1873,1572,1573
1873,1576,1577
1873,1810,1811
1874,1559,1560
1874,1572,1573
1874,1576,1577
1874,1716,1717
1875,1559,1560
1875,1572,1573
1875,1784,1785
1875,1810,1811
1876,1559,1560
1876,1572,1573
1876,1716,1717
1876,1784,1785
1877,1559,1560
1877,1635,1636
1877,1639,1640
1877,1722,1723
1878,1493,1494
1878,1635,1636
1878,1661,1662
1878,1807,1808
1879,1493,1494
1879,1584,1585
1879,1635,1636
1879,1778,1779
1880,1493,1494
1880,1661,1662
1880,1797,1798
1880,1807,1808
1881,1493,1494
1881,1638,1639
1881,1661,1662
1881,1797,1798
1882,1493,1494
1882,1635,1636
1882,1807,1808
1882,1812,1813
1883,1493,1494
1883,1584,1585
1883,1635,1636
1883,1812,1813
1884,1493,1494
1884,1691,1692
1884,1797,1798
1884,1807,1808
1885,1578,1579
1885,1620,1621
1885,1635,1636
1885,1778,1779
1886,1493,1494
1886,1578,1579
1886,1635,1636
1886,1778,1779
1887,1493,1494
1887,1578,1579
1887,1635,1636
1887,1661,1662
1888,1578,1579
1888,1620,1621
1888,1635,1636
1888,1722,1723
1889,1515,1516
1889,1578,1579
1889,1638,1639
1889,1778,1779
1890,1493,1494
1890,1578,1579
1890,1638,1639
1890,1778,1779
1891,1493,1494
1891,1578,1579
1891,1638,1639
1891,1661,1662
1892,1504,1505
1892,1578,1579
1892,1635,1636
1892,1722,1723
1893,1504,1505
1893,1578,1579
1893,1635,1636
1893,1661,1662
1894,1504,1505
1894,1578,1579
1894,1620,1621
1894,1722,1723
1895,1359,1360
1895,1540,1541
1895,1598,1599
1895,1778,1779
1896,1359,1360
1896,1421,1422
1896,1515,1516
1896,1525,1526
1897,1094,1095
1897,1116,1117
1897,1219,1220
1897,1239,1240
1898,1094,1095
1898,1116,1117
1898,1239,1240
1898,1329,1330
1899,1540,1541
1899,1584,1585
1899,1602,1603
1899,1778,1779
1900,1359,1360
1900,1540,1541
1900,1602,1603
1900,1778,1779
1901,1540,1541
1901,1584,1585
1901,1602,1603
1901,1637,1638
1902,1359,1360
1902,1465,1466
1902,1525,1526
1902,1602,1603
1903,1320,1321
1903,1457,1458
1903,1465,1466
1903,1505,1506
1904,1313,1314
1904,1320,1321
1904,1347,1348
1904,1366,1367
1905,1320,1321
1905,1406,1407
1905,1454,1455
1905,1457,1458
1906,1320,1321
1906,1424,1425
1906,1429,1430
1906,1457,1458
1907,1178,1179
1907,1320,1321
1907,1347,1348
1907,1429,1430
1908,1320,1321
1908,1347,1348
1908,1372,1373
1908,1429,1430
1909,1320,1321
1909,1372,1373
1909,1424,1425
1909,1429,1430
1910,1439,1440
1910,1457,1458
1910,1465,1466
1910,1505,1506
1911,1424,1425
1911,1439,1440
1911,1543,1544
1911,1603,1604
1912,1394,1395
1912,1424,1425
1912,1439,1440
1912,1457,1458
1913,1320,1321
1913,1424,1425
1913,1439,1440
1913,1457,1458
1914,1320,1321
1914,1439,1440
1914,1457,1458
1914,1505,1506
1915,1439,1440
1915,1465,1466
1915,1513,1514
1915,1536,1537
1916,1394,1395
1916,1401,1402
1916,1424,1425
1916,1439,1440
1917,1401,1402
1917,1424,1425
1917,1439,1440
1917,1603,1604
1918,1394,1395
1918,1439,1440
1918,1457,1458
1918,1567,1568
1919,1439,1440
1919,1457,1458
1919,1465,1466
1919,1567,1568
1920,1439,1440
1920,1465,1466
1920,1556,1557
1920,1567,1568
1921,1742,1743
1921,1756,1757
1921,1761,1762
1921,1840,1841
1922,1670,1671
1922,1742,1743
1922,1756,1757
1922,1840,1841
1923,1742,1743
1923,1761,1762
1923,1775,1776
1923,1840,1841
1924,1756,1757
1924,1761,1762
1924,1817,1818
1924,1840,1841
1925,1670,1671
1925,1756,1757
1925,1817,1818
1925,1840,1841
1926,489,490
1926,511,512
1926,585,586
1926,686,687
1927,686,687
1927,775,776
1927,812,813
1927,912,913
1928,848,849
1928,1093,1094
1928,1224,1225
1928,1259,1260
1929,858,859
1929,890,891
1929,900,901
1929,999,1000
1930,1141,1142
1930,1151,1152
1930,1325,1326
1930,1448,1449
1931,1110,1111
1931,1141,1142
1931,1151,1152
1931,1325,1326
1932,1110,1111
1932,1141,1142
1932,1151,1152
1932,1280,1281
1933,1110,1111
1933,1141,1142
1933,1239,1240
1933,1325,1326
1934,1067,1068
1934,1117,1118
1934,1135,1136
1934,1280,1281
1935,1067,1068
1935,1135,1136
1935,1151,1152
1935,1280,1281
1936,1117,1118
1936,1135,1136
1936,1174,1175
1936,1280,1281
1937,1067,1068
1937,1117,1118
1937,1135,1136
1937,1175,1176
1938,1135,1136
1938,1175,1176
1938,1267,1268
1938,1396,1397
1939,1067,1068
1939,1135,1136
1939,1175,1176
1939,1396,1397
1940,1135,1136
1940,1151,1152
1940,1267,1268
1940,1396,1397
1941,1067,1068
1941,1135,1136
1941,1151,1152
1941,1396,1397
1942,1067,1068
1942,1151,1152
1942,1396,1397
1942,1458,1459
1943,1110,1111
1943,1151,1152
1943,1325,1326
1943,1458,1459
1944,1110,1111
1944,1279,1280
1944,1325,1326
1944,1458,1459
1945,1110,1111
1945,1151,1152
1945,1280,1281
1945,1458,1459
1946,1067,1068
1946,1151,1152
1946,1280,1281
1946,1458,1459
1947,1151,1152
1947,1285,1286
1947,1396,1397
1947,1458,1459
1948,1151,1152
1948,1285,1286
1948,1325,1326
1948,1458,1459
1949,1151,1152
1949,1178,1179
1949,1285,1286
1949,1396,1397
1950,1178,1179
1950,1285,1286
1950,1396,1397
1950,1429,1430
1951,1178,1179
1951,1285,1286
1951,1320,1321
1951,1429,1430
1952,1151,1152
1952,1178,1179
1952,1285,1286
1952,1448,1449
1953,1151,1152
1953,1285,1286
1953,1325,1326
1953,1448,1449
1954,1178,1179
1954,1285,1286
1954,1313,1314
1954,1448,1449
1955,1285,1286
1955,1313,1314
1955,1325,1326
1955,1448,1449
1956,1178,1179
1956,1285,1286
1956,1313,1314
1956,1347,1348
1957,1178,1179
1957,1285,1286
1957,1320,1321
1957,1347,1348
1958,1285,1286
1958,1313,1314
1958,1320,1321
1958,1347,1348
1959,1285,1286
1959,1406,1407
1959,1429,1430
1959,1457,1458
1960,1285,1286
1960,1320,1321
1960,1406,1407
1960,1457,1458
1961,1285,1286
1961,1320,1321
1961,1429,1430
1961,1457,1458
1962,1279,1280
1962,1285,1286
1962,1406,1407
1962,1458,1459
1963,1279,1280
1963,1285,1286
1963,1325,1326
1963,1458,1459
1964,848,849
1964,886,887
1964,930,931
1964,1036,1037
1965,848,849
1965,857,858
1965,930,931
1965,1036,1037
1966,857,858
1966,904,905
1966,909,910
1966,1036,1037
1967,848,849
1967,857,858
1967,909,910
1967,1036,1037
1968,857,858
1968,904,905
1968,1036,1037
1968,1240,1241
1969,903,904
1969,971,972
1969,1009,1010
1969,1081,1082
1970,971,972
1970,1009,1010
1970,1055,1056
1970,1081,1082
1971,946,947
1971,967,968
1971,1136,1137
1971,1251,1252
1972,967,968
1972,1111,1112
1972,1136,1137
1972,1233,1234
1973,946,947
1973,967,968
1973,1136,1137
1973,1233,1234
1974,1094,1095
1974,1116,1117
1974,1168,1169
1974,1219,1220
1975,1400,1401
1975,1432,1433
1975,1444,1445
1975,1571,1572
1976,1337,1338
1976,1418,1419
1976,1444,1445
1976,1571,1572
1977,1337,1338
1977,1400,1401
1977,1444,1445
1977,1571,1572
1978,1337,1338
1978,1400,1401
1978,1418,1419
1978,1444,1445
1979,655,656
1979,740,741
1979,746,747
1979,766,767
1980,655,656
1980,740,741
1980,766,767
1980,803,804
1981,946,947
1981,1012,1013
1981,1136,1137
1981,1251,1252
1982,946,947
1982,1020,1021
1982,1233,1234
1982,1250,1251
1983,946,947
1983,1068,1069
1983,1209,1210
1983,1225,1226
1984,967,968
1984,1144,1145
1984,1209,1210
1984,1225,1226
1985,946,947
1985,967,968
1985,1209,1210
1985,1225,1226
1986,967,968
1986,1144,1145
1986,1209,1210
1986,1233,1234
1987,946,947
1987,967,968
1987,1209,1210
1987,1233,1234
1988,946,947
1988,1209,1210
1988,1233,1234
1988,1250,1251
1989,958,959
1989,1020,1021
1989,1071,1072
1989,1201,1202
1990,930,931
1990,962,963
1990,1071,1072
1990,1201,1202
1991,930,931
1991,958,959
1991,1071,1072
1991,1201,1202
1992,930,931
1992,958,959
1992,962,963
1992,1071,1072
1993,1669,1670
1993,1753,1754
1993,1787,1788
1993,1805,1806
1994,1753,1754
1994,1787,1788
1994,1805,1806
1994,1830,1831
1995,1698,1699
1995,1709,1710
1995,1726,1727
1995,1759,1760
1996,1684,1685
1996,1759,1760
1996,1787,1788
1996,1830,1831
1997,1759,1760
1997,1787,1788
1997,1805,1806
1997,1830,1831
1998,1684,1685
1998,1709,1710
1998,1759,1760
1998,1787,1788
1999,1684,1685
1999,1709,1710
1999,1726,1727
1999,1759,1760
2000,1721,1722
2000,1740,1741
2000,1777,1778
2000,1805,1806
2001,1721,1722
2001,1759,1760
2001,1777,1778
2001,1805,1806
2002,1721,1722
2002,1753,1754
2002,1805,1806
2002,1830,1831
2003,1721,1722
2003,1759,1760
2003,1805,1806
2003,1830,1831
2004,1656,1657
2004,1831,1832
2004,1833,1834
2004,1836,1837
2005,1656,1657
2005,1687,1688
2005,1831,1832
2005,1833,1834
2006,1656,1657
2006,1749,1750
2006,1789,1790
2006,1836,1837
2007,1656,1657
2007,1671,1672
2007,1749,1750
2007,1789,1790
2008,447,448
2008,544,545
2008,671,672
2008,755,756
2009,447,448
2009,544,545
2009,690,691
2009,755,756
2010,447,448
2010,544,545
2010,636,637
2010,780,781
2011,544,545
2011,690,691
2011,755,756
2011,827,828
2012,452,453
2012,544,545
2012,780,781
2012,827,828
2013,447,448
2013,524,525
2013,544,545
2013,780,781
2014,447,448
2014,524,525
2014,544,545
2014,690,691
2015,524,525
2015,544,545
2015,780,781
2015,827,828
2016,524,525
2016,544,545
2016,690,691
2016,827,828
2017,728,729
2017,1009,1010
2017,1025,1026
2017,1194,1195
2018,728,729
2018,1009,1010
2018,1025,1026
2018,1055,1056
2019,728,729
2019,917,918
2019,1025,1026
2019,1055,1056
2020,728,729
2020,876,877
2020,917,918
2020,1025,1026
2021,686,687
2021,775,776
2021,785,786
2021,912,913
2022,489,490
2022,511,512
2022,785,786
2022,821,822
2023,489,490
2023,511,512
2023,686,687
2023,785,786
2024,655,656
2024,686,687
2024,785,786
2024,912,913
2025,511,512
2025,746,747
2025,785,786
2025,821,822
2026,511,512
2026,585,586
2026,686,687
2026,785,786
2027,775,776
2027,809,810
2027,831,832
2027,1060,1061
2028,650,651
2028,809,810
2028,831,832
2028,1060,1061
2029,775,776
2029,809,810
2029,912,913
2029,1060,1061
2030,775,776
2030,785,786
2030,912,913
2030,1060,1061
2031,650,651
2031,742,743
2031,821,822
2031,1060,1061
2032,650,651
2032,785,786
2032,821,822
2032,1060,1061
2033,686,687
2033,775,776
2033,785,786
2033,1060,1061
2034,722,723
2034,742,743
2034,821,822
2034,1060,1061
2035,489,490
2035,686,687
2035,785,786
2035,1060,1061
2036,489,490
2036,722,723
2036,821,822
2036,1060,1061
2037,489,490
2037,785,786
2037,821,822
2037,1060,1061
2038,718,719
2038,809,810
2038,838,839
2038,1047,1048
2039,713,714
2039,718,719
2039,941,942
2039,1047,1048
2040,713,714
2040,718,719
2040,809,810
2040,1047,1048
2041,713,714
2041,862,863
2041,1041,1042
2041,1047,1048
2042,713,714
2042,809,810
2042,1041,1042
2042,1047,1048
2043,713,714
2043,868,869
2043,941,942
2043,1047,1048
2044,713,714
2044,862,863
2044,868,869
2044,1047,1048
2045,805,806
2045,868,869
2045,941,942
2045,1047,1048
2046,805,806
2046,862,863
2046,868,869
2046,1047,1048
2047,662,663
2047,680,681
2047,851,852
2047,963,964
2048,680,681
2048,758,759
2048,851,852
2048,963,964
2049,673,674
2049,680,681
2049,747,748
2049,856,857
2050,680,681
2050,755,756
2050,758,759
2050,932,933
2051,673,674
2051,680,681
2051,690,691
2051,747,748
2052,673,674
2052,680,681
2052,690,691
2052,932,933
2053,662,663
2053,680,681
2053,816,817
2053,851,852
2054,680,681
2054,747,748
2054,816,817
2054,856,857
2055,662,663
2055,680,681
2055,816,817
2055,856,857
2056,680,681
2056,755,756
2056,758,759
2056,851,852
2057,680,681
2057,690,691
2057,747,748
2057,755,756
2058,680,681
2058,690,691
2058,755,756
2058,932,933
2059,680,681
2059,755,756
2059,805,806
2059,851,852
2060,680,681
2060,805,806
2060,816,817
2060,851,852
2061,680,681
2061,747,748
2061,755,756
2061,805,806
2062,680,681
2062,747,748
2062,805,806
2062,816,817
2063,384,385
2063,447,448
2063,540,541
2063,636,637
2064,787,788
2064,831,832
2064,935,936
2064,1040,1041
2065,751,752
2065,782,783
2065,787,788
2065,1040,1041
2066,751,752
2066,787,788
2066,935,936
2066,1040,1041
2067,713,714
2067,787,788
2067,941,942
2067,945,946
2068,769,770
2068,787,788
2068,941,942
2068,945,946
2069,713,714
2069,718,719
2069,775,776
2069,945,946
2070,713,714
2070,718,719
2070,941,942
2070,945,946
2071,718,719
2071,769,770
2071,941,942
2071,945,946
2072,713,714
2072,775,776
2072,831,832
2072,945,946
2073,713,714
2073,787,788
2073,831,832
2073,945,946
2074,769,770
2074,782,783
2074,787,788
2074,945,946
2075,718,719
2075,775,776
2075,783,784
2075,945,946
2076,718,719
2076,769,770
2076,783,784
2076,945,946
2077,787,788
2077,831,832
2077,945,946
2077,1040,1041
2078,769,770
2078,782,783
2078,783,784
2078,945,946
2079,782,783
2079,787,788
2079,945,946
2079,1040,1041
2080,757,758
2080,782,783
2080,783,784
2080,945,946
2081,757,758
2081,782,783
2081,945,946
2081,1040,1041
2082,722,723
2082,775,776
2082,945,946
2082,1060,1061
2083,775,776
2083,831,832
2083,945,946
2083,1060,1061
2084,722,723
2084,831,832
2084,945,946
2084,1060,1061
2085,722,723
2085,757,758
2085,945,946
2085,1040,1041
2086,887,888
2086,890,891
2086,900,901
2086,961,962
2087,890,891
2087,961,962
2087,997,998
2087,999,1000
2088,887,888
2088,890,891
2088,961,962
2088,1117,1118
2089,887,888
2089,961,962
2089,1063,1064
2089,1117,1118
2090,887,888
2090,961,962
2090,1063,1064
2090,1120,1121
2091,890,891
2091,961,962
2091,1117,1118
2091,1174,1175
2092,890,891
2092,961,962
2092,997,998
2092,1174,1175
2093,961,962
2093,1063,1064
2093,1117,1118
2093,1175,1176
2094,961,962
2094,1117,1118
2094,1135,1136
2094,1174,1175
2095,961,962
2095,997,998
2095,1135,1136
2095,1174,1175
2096,961,962
2096,1117,1118
2096,1135,1136
2096,1175,1176
2097,1132,1133
2097,1373,1374
2097,1404,1405
2097,1416,1417
2098,1132,1133
2098,1338,1339
2098,1404,1405
2098,1416,1417
2099,1338,1339
2099,1358,1359
2099,1404,1405
2099,1416,1417
2100,1245,1246
2100,1358,1359
2100,1404,1405
2100,1416,1417
2101,1245,1246
2101,1373,1374
2101,1404,1405
2101,1416,1417
2102,1132,1133
2102,1286,1287
2102,1338,1339
2102,1416,1417
2103,1286,1287
2103,1338,1339
2103,1358,1359
2103,1416,1417
2104,1072,1073
2104,1245,1246
2104,1358,1359
2104,1416,1417
2105,1311,1312
2105,1373,1374
2105,1393,1394
2105,1416,1417
2106,1132,1133
2106,1373,1374
2106,1393,1394
2106,1416,1417
2107,1132,1133
2107,1286,1287
2107,1342,1343
2107,1416,1417
2108,1072,1073
2108,1245,1246
2108,1402,1403
2108,1416,1417
2109,1245,1246
2109,1373,1374
2109,1402,1403
2109,1416,1417
2110,1311,1312
2110,1342,1343
2110,1393,1394
2110,1416,1417
2111,1132,1133
2111,1342,1343
2111,1393,1394
2111,1416,1417
2112,1311,1312
2112,1373,1374
2112,1402,1403
2112,1416,1417
2113,1072,1073
2113,1286,1287
2113,1358,1359
2113,1416,1417
2114,1311,1312
2114,1312,1313
2114,1402,1403
2114,1416,1417
2115,1072,1073
2115,1312,1313
2115,1402,1403
2115,1416,1417
2116,1072,1073
2116,1074,1075
2116,1286,1287
2116,1416,1417
2117,1074,1075
2117,1286,1287
2117,1342,1343
2117,1416,1417
2118,1074,1075
2118,1311,1312
2118,1342,1343
2118,1416,1417
2119,1074,1075
2119,1311,1312
2119,1312,1313
2119,1416,1417
2120,1072,1073
2120,1074,1075
2120,1312,1313
2120,1416,1417
2121,1049,1050
2121,1149,1150
2121,1164,1165
2121,1221,1222
2122,1157,1158
2122,1164,1165
2122,1221,1222
2122,1286,1287
2123,1088,1089
2123,1164,1165
2123,1221,1222
2123,1286,1287
2124,1049,1050
2124,1090,1091
2124,1164,1165
2124,1221,1222
2125,1088,1089
2125,1090,1091
2125,1164,1165
2125,1221,1222
2126,1049,1050
2126,1088,1089
2126,1090,1091
2126,1164,1165
2127,1049,1050
2127,1104,1105
2127,1149,1150
2127,1164,1165
2128,1049,1050
2128,1088,1089
2128,1163,1164
2128,1164,1165
2129,1088,1089
2129,1163,1164
2129,1266,1267
2129,1269,1270
2130,1049,1050
2130,1088,1089
2130,1163,1164
2130,1266,1267
2131,896,897
2131,929,930
2131,1163,1164
2131,1266,1267
2132,896,897
2132,1049,1050
2132,1163,1164
2132,1266,1267
2133,1088,1089
2133,1266,1267
2133,1269,1270
2133,1381,1382
2134,896,897
2134,929,930
2134,933,934
2134,1266,1267
2135,896,897
2135,933,934
2135,1049,1050
2135,1266,1267
2136,933,934
2136,1049,1050
2136,1090,1091
2136,1266,1267
2137,1049,1050
2137,1088,1089
2137,1090,1091
2137,1266,1267
2138,1228,1229
2138,1266,1267
2138,1269,1270
2138,1381,1382
2139,929,930
2139,1228,1229
2139,1266,1267
2139,1269,1270
2140,1090,1091
2140,1266,1267
2140,1286,1287
2140,1381,1382
2141,1088,1089
2141,1266,1267
2141,1286,1287
2141,1381,1382
2142,1088,1089
2142,1090,1091
2142,1266,1267
2142,1286,1287
2143,1672,1673
2143,1704,1705
2143,1719,1720
2143,1800,1801
2144,1535,1536
2144,1672,1673
2144,1711,1712
2144,1719,1720
2145,1672,1673
2145,1704,1705
2145,1711,1712
2145,1719,1720
2146,1535,1536
2146,1641,1642
2146,1711,1712
2146,1719,1720
2147,1641,1642
2147,1704,1705
2147,1711,1712
2147,1719,1720
2148,921,922
2148,983,984
2148,1143,1144
2148,1193,1194
2149,672,673
2149,983,984
2149,1078,1079
2149,1193,1194
2150,983,984
2150,1078,1079
2150,1143,1144
2150,1193,1194
2151,871,872
2151,1078,1079
2151,1143,1144
2151,1193,1194
2152,871,872
2152,1143,1144
2152,1188,1189
2152,1193,1194
2153,673,674
2153,690,691
2153,700,701
2153,719,720
2154,524,525
2154,690,691
2154,700,701
2154,719,720
2155,524,525
2155,526,527
2155,700,701
2155,719,720
2156,447,448
2156,524,525
2156,690,691
2156,700,701
2157,459,460
2157,524,525
2157,526,527
2157,700,701
2158,447,448
2158,524,525
2158,636,637
2158,700,701
2159,459,460
2159,524,525
2159,636,637
2159,700,701
2160,447,448
2160,540,541
2160,636,637
2160,700,701
2161,459,460
2161,540,541
2161,636,637
2161,700,701
2162,668,669
2162,719,720
2162,793,794
2162,969,970
2163,668,669
2163,719,720
2163,793,794
2163,885,886
2164,668,669
2164,739,740
2164,788,789
2164,969,970
2165,668,669
2165,719,720
2165,739,740
2165,969,970
2166,668,669
2166,739,740
2166,756,757
2166,788,789
2167,668,669
2167,719,720
2167,739,740
2167,756,757
2168,668,669
2168,797,798
2168,923,924
2168,1031,1032
2169,668,669
2169,797,798
2169,885,886
2169,1031,1032
2170,668,669
2170,797,798
2170,833,834
2170,923,924
2171,668,669
2171,756,757
2171,833,834
2171,1014,1015
2172,668,669
2172,788,789
2172,833,834
2172,1014,1015
2173,668,669
2173,756,757
2173,788,789
2173,1014,1015
2174,668,669
2174,756,757
2174,833,834
2174,931,932
2175,668,669
2175,719,720
2175,756,757
2175,931,932
2176,668,669
2176,797,798
2176,833,834
2176,931,932
2177,668,669
2177,719,720
2177,747,748
2177,931,932
2178,668,669
2178,719,720
2178,747,748
2178,885,886
2179,668,669
2179,747,748
2179,797,798
2179,931,932
2180,668,669
2180,747,748
2180,797,798
2180,885,886
2181,1575,1576
2181,1731,1732
2181,1749,1750
2181,1789,1790
2182,1575,1576
2182,1671,1672
2182,1749,1750
2182,1789,1790
2183,1538,1539
2183,1575,1576
2183,1731,1732
2183,1748,1749
2184,1575,1576
2184,1731,1732
2184,1748,1749
2184,1749,1750
2185,1292,1293
2185,1432,1433
2185,1443,1444
2185,1459,1460
2186,1400,1401
2186,1432,1433
2186,1443,1444
2186,1459,1460
2187,1292,1293
2187,1400,1401
2187,1443,1444
2187,1459,1460
2188,1400,1401
2188,1432,1433
2188,1443,1444
2188,1444,1445
2189,1288,1289
2189,1292,1293
2189,1432,1433
2189,1443,1444
2190,1070,1071
2190,1288,1289
2190,1292,1293
2190,1443,1444
2191,1070,1071
2191,1216,1217
2191,1288,1289
2191,1443,1444
2192,1288,1289
2192,1432,1433
2192,1443,1444
2192,1444,1445
2193,1409,1410
2193,1460,1461
2193,1463,1464
2193,1619,1620
2194,1292,1293
2194,1400,1401
2194,1409,1410
2194,1459,1460
2195,1409,1410
2195,1460,1461
2195,1463,1464
2195,1471,1472
2196,1292,1293
2196,1400,1401
2196,1409,1410
2196,1443,1444
2197,1456,1457
2197,1459,1460
2197,1625,1626
2197,1634,1635
2198,1456,1457
2198,1459,1460
2198,1545,1546
2198,1625,1626
2199,1456,1457
2199,1527,1528
2199,1634,1635
2199,1639,1640
2200,1456,1457
2200,1527,1528
2200,1625,1626
2200,1634,1635
2201,1456,1457
2201,1598,1599
2201,1634,1635
2201,1639,1640
2202,1337,1338
2202,1456,1457
2202,1459,1460
2202,1634,1635
2203,1337,1338
2203,1456,1457
2203,1598,1599
2203,1634,1635
2204,1409,1410
2204,1456,1457
2204,1459,1460
2204,1545,1546
2205,1456,1457
2205,1540,1541
2205,1598,1599
2205,1639,1640
2206,1337,1338
2206,1400,1401
2206,1456,1457
2206,1459,1460
2207,1400,1401
2207,1409,1410
2207,1456,1457
2207,1459,1460
2208,1473,1474
2208,1488,1489
2208,1527,1528
2208,1822,1823
2209,1473,1474
2209,1488,1489
2209,1527,1528
2209,1625,1626
2210,1473,1474
2210,1527,1528
2210,1545,1546
2210,1625,1626
2211,1473,1474
2211,1488,1489
2211,1615,1616
2211,1822,1823
2212,1473,1474
2212,1488,1489
2212,1615,1616
2212,1625,1626
2213,1473,1474
2213,1484,1485
2213,1490,1491
2213,1822,1823
2214,1473,1474
2214,1484,1485
2214,1615,1616
2214,1822,1823
2215,1473,1474
2215,1484,1485
2215,1490,1491
2215,1615,1616
2216,1473,1474
2216,1545,1546
2216,1587,1588
2216,1625,1626
2217,1473,1474
2217,1587,1588
2217,1615,1616
2217,1625,1626
2218,1292,1293
2218,1332,1333
2218,1459,1460
2218,1587,1588
2219,1332,1333
2219,1459,1460
2219,1545,1546
2219,1587,1588
2220,1292,1293
2220,1332,1333
2220,1409,1410
2220,1459,1460
2221,1332,1333
2221,1409,1410
2221,1459,1460
2221,1545,1546
2222,1278,1279
2222,1292,1293
2222,1332,1333
2222,1587,1588
2223,1278,1279
2223,1292,1293
2223,1321,1322
2223,1332,1333
2224,1108,1109
2224,1292,1293
2224,1321,1322
2224,1332,1333
2225,1425,1426
2225,1498,1499
2225,1580,1581
2225,1615,1616
2226,1340,1341
2226,1395,1396
2226,1425,1426
2226,1464,1465
2227,1395,1396
2227,1498,1499
2227,1580,1581
2227,1610,1611
2228,1395,1396
2228,1425,1426
2228,1498,1499
2228,1580,1581
2229,1278,1279
2229,1321,1322
2229,1340,1341
2229,1405,1406
2230,1083,1084
2230,1321,1322
2230,1340,1341
2230,1405,1406
2231,1478,1479
2231,1521,1522
2231,1569,1570
2231,1786,1787
2232,1487,1488
2232,1609,1610
2232,1621,1622
2232,1682,1683
2233,1487,1488
2233,1496,1497
2233,1596,1597
2233,1609,1610
2234,668,669
2234,793,794
2234,828,829
2234,969,970
2235,668,669
2235,788,789
2235,828,829
2235,969,970
2236,828,829
2236,923,924
2236,1026,1027
2236,1237,1238
2237,828,829
2237,923,924
2237,1008,1009
2237,1237,1238
2238,828,829
2238,923,924
2238,1008,1009
2238,1031,1032
2239,828,829
2239,833,834
2239,923,924
2239,1026,1027
2240,668,669
2240,828,829
2240,923,924
2240,1031,1032
2241,668,669
2241,828,829
2241,833,834
2241,923,924
2242,668,669
2242,788,789
2242,828,829
2242,833,834
2243,828,829
2243,833,834
2243,1014,1015
2243,1026,1027
2244,788,789
2244,828,829
2244,833,834
2244,1014,1015
2245,793,794
2245,828,829
2245,885,886
2245,1031,1032
2246,668,669
2246,828,829
2246,885,886
2246,1031,1032
2247,668,669
2247,793,794
2247,828,829
2247,885,886
2248,1698,1699
2248,1811,1812
2248,1825,1826
2248,1833,1834
2249,1656,1657
2249,1811,1812
2249,1833,1834
2249,1836,1837
2250,1749,1750
2250,1811,1812
2250,1829,1830
2250,1836,1837
2251,1656,1657
2251,1749,1750
2251,1811,1812
2251,1836,1837
2252,1656,1657
2252,1671,1672
2252,1749,1750
2252,1811,1812
2253,1645,1646
2253,1685,1686
2253,1730,1731
2253,1767,1768
2254,1645,1646
2254,1664,1665
2254,1685,1686
2254,1730,1731
2255,1645,1646
2255,1664,1665
2255,1678,1679
2255,1685,1686
2256,1645,1646
2256,1689,1690
2256,1730,1731
2256,1767,1768
2257,1535,1536
2257,1641,1642
2257,1738,1739
2257,1818,1819
2258,1530,1531
2258,1552,1553
2258,1738,1739
2258,1818,1819
2259,1530,1531
2259,1535,1536
2259,1738,1739
2259,1818,1819
2260,1535,1536
2260,1641,1642
2260,1719,1720
2260,1818,1819
2261,1583,1584
2261,1649,1650
2261,1678,1679
2261,1685,1686
2262,1411,1412
2262,1496,1497
2262,1586,1587
2262,1596,1597
2263,1276,1277
2263,1411,1412
2263,1496,1497
2263,1586,1587
2264,1276,1277
2264,1411,1412
2264,1492,1493
2264,1496,1497
2265,1290,1291
2265,1411,1412
2265,1586,1587
2265,1596,1597
2266,1290,1291
2266,1402,1403
2266,1411,1412
2266,1586,1587
2267,1276,1277
2267,1311,1312
2267,1402,1403
2267,1411,1412
2268,1276,1277
2268,1311,1312
2268,1411,1412
2268,1492,1493
2269,1411,1412
2269,1492,1493
2269,1496,1497
2269,1526,1527
2270,1411,1412
2270,1496,1497
2270,1526,1527
2270,1596,1597
2271,1290,1291
2271,1331,1332
2271,1411,1412
2271,1596,1597
2272,1290,1291
2272,1331,1332
2272,1402,1403
2272,1411,1412
2273,1331,1332
2273,1411,1412
2273,1526,1527
2273,1596,1597
2274,1312,1313
2274,1331,1332
2274,1402,1403
2274,1411,1412
2275,1311,1312
2275,1312,1313
2275,1402,1403
2275,1411,1412
2276,1311,1312
2276,1411,1412
2276,1470,1471
2276,1492,1493
2277,1311,1312
2277,1312,1313
2277,1411,1412
2277,1470,1471
2278,1411,1412
2278,1470,1471
2278,1492,1493
2278,1526,1527
2279,1331,1332
2279,1411,1412
2279,1470,1471
2279,1526,1527
2280,1312,1313
2280,1331,1332
2280,1411,1412
2280,1470,1471
2281,1542,1543
2281,1616,1617
2281,1664,1665
2281,1679,1680
2282,1542,1543
2282,1664,1665
2282,1678,1679
2282,1679,1680
2283,1616,1617
2283,1664,1665
2283,1678,1679
2283,1679,1680
2284,1542,1543
2284,1642,1643
2284,1679,1680
2284,1682,1683
2285,1609,1610
2285,1642,1643
2285,1679,1680
2285,1682,1683
2286,1487,1488
2286,1609,1610
2286,1679,1680
2286,1682,1683
2287,1487,1488
2287,1496,1497
2287,1609,1610
2287,1679,1680
2288,1487,1488
2288,1496,1497
2288,1586,1587
2288,1734,1735
2289,1496,1497
2289,1586,1587
2289,1688,1689
2289,1734,1735
2290,1487,1488
2290,1679,1680
2290,1682,1683
2290,1734,1735
2291,1487,1488
2291,1496,1497
2291,1679,1680
2291,1734,1735
2292,1542,1543
2292,1679,1680
2292,1682,1683
2292,1734,1735
2293,1682,1683
2293,1734,1735
2293,1740,1741
2293,1777,1778
2294,1496,1497
2294,1616,1617
2294,1688,1689
2294,1734,1735
2295,1542,1543
2295,1616,1617
2295,1679,1680
2295,1734,1735
2296,1496,1497
2296,1616,1617
2296,1679,1680
2296,1734,1735
2297,1542,1543
2297,1682,1683
2297,1734,1735
2297,1777,1778
2298,1734,1735
2298,1777,1778
2298,1805,1806
2298,1813,1814
2299,1734,1735
2299,1740,1741
2299,1777,1778
2299,1805,1806
2300,1734,1735
2300,1740,1741
2300,1805,1806
2300,1813,1814
2301,1616,1617
2301,1688,1689
2301,1734,1735
2301,1813,1814
2302,1542,1543
2302,1616,1617
2302,1664,1665
2302,1734,1735
2303,1276,1277
2303,1499,1500
2303,1506,1507
2303,1688,1689
2304,1276,1277
2304,1499,1500
2304,1631,1632
2304,1688,1689
2305,1499,1500
2305,1506,1507
2305,1597,1598
2305,1688,1689
2306,1276,1277
2306,1393,1394
2306,1499,1500
2306,1631,1632
2307,1499,1500
2307,1541,1542
2307,1597,1598
2307,1688,1689
2308,1499,1500
2308,1541,1542
2308,1631,1632
2308,1688,1689
2309,1276,1277
2309,1393,1394
2309,1461,1462
2309,1499,1500
2310,1276,1277
2310,1461,1462
2310,1499,1500
2310,1506,1507
2311,1393,1394
2311,1431,1432
2311,1499,1500
2311,1631,1632
2312,1431,1432
2312,1499,1500
2312,1541,1542
2312,1631,1632
2313,1550,1551
2313,1586,1587
2313,1631,1632
2313,1688,1689
2314,1401,1402
2314,1550,1551
2314,1586,1587
2314,1603,1604
2315,1401,1402
2315,1550,1551
2315,1586,1587
2315,1631,1632
2316,1550,1551
2316,1586,1587
2316,1688,1689
2316,1734,1735
2317,1550,1551
2317,1688,1689
2317,1734,1735
2317,1813,1814
2318,1541,1542
2318,1550,1551
2318,1688,1689
2318,1813,1814
2319,1541,1542
2319,1550,1551
2319,1631,1632
2319,1688,1689
2320,1401,1402
2320,1550,1551
2320,1591,1592
2320,1631,1632
2321,1541,1542
2321,1550,1551
2321,1557,1558
2321,1591,1592
2322,1541,1542
2322,1550,1551
2322,1591,1592
2322,1631,1632
2323,1500,1501
2323,1543,1544
2323,1586,1587
2323,1603,1604
2324,1500,1501
2324,1514,1515
2324,1543,1544
2324,1586,1587
2325,1500,1501
2325,1514,1515
2325,1543,1544
2325,1603,1604
2326,1487,1488
2326,1500,1501
2326,1514,1515
2326,1586,1587
2327,1500,1501
2327,1550,1551
2327,1586,1587
2327,1603,1604
2328,1487,1488
2328,1500,1501
2328,1514,1515
2328,1682,1683
2329,1487,1488
2329,1500,1501
2329,1586,1587
2329,1734,1735
2330,1500,1501
2330,1550,1551
2330,1586,1587
2330,1734,1735
2331,1487,1488
2331,1500,1501
2331,1682,1683
2331,1734,1735
2332,1500,1501
2332,1682,1683
2332,1734,1735
2332,1740,1741
2333,1500,1501
2333,1514,1515
2333,1536,1537
2333,1603,1604
2334,1500,1501
2334,1734,1735
2334,1740,1741
2334,1813,1814
2335,1500,1501
2335,1550,1551
2335,1734,1735
2335,1813,1814
2336,1500,1501
2336,1514,1515
2336,1621,1622
2336,1682,1683
2337,1484,1485
2337,1652,1653
2337,1727,1728
2337,1790,1791
2338,1529,1530
2338,1648,1649
2338,1652,1653
2338,1790,1791
2339,1529,1530
2339,1648,1649
2339,1667,1668
2339,1790,1791
2340,1484,1485
2340,1648,1649
2340,1652,1653
2340,1790,1791
2341,1484,1485
2341,1648,1649
2341,1667,1668
2341,1790,1791
2342,1588,1589
2342,1724,1725
2342,1725,1726
2342,1790,1791
2343,1534,1535
2343,1588,1589
2343,1723,1724
2343,1724,1725
2344,1484,1485
2344,1490,1491
2344,1588,1589
2344,1822,1823
2345,1686,1687
2345,1800,1801
2345,1828,1829
2345,1846,1847
2346,1686,1687
2346,1806,1807
2346,1828,1829
2346,1846,1847
2347,1704,1705
2347,1800,1801
2347,1828,1829
2347,1831,1832
2348,1670,1671
2348,1705,1706
2348,1817,1818
2348,1840,1841
2349,26,27
2349,118,119
2349,216,217
2349,351,352
2350,99,100
2350,118,119
2350,216,217
2350,351,352
2351,26,27
2351,216,217
2351,335,336
2351,351,352
2352,99,100
2352,216,217
2352,335,336
2352,351,352
2353,2,3
2353,51,52
2353,77,78
2353,79,80
2354,51,52
2354,100,101
2354,125,126
2354,158,159
2355,51,52
2355,125,126
2355,139,140
2355,158,159
2356,2,3
2356,51,52
2356,77,78
2356,100,101
2357,51,52
2357,77,78
2357,100,101
2357,175,176
2358,51,52
2358,100,101
2358,158,159
2358,175,176
2359,51,52
2359,77,78
2359,158,159
2359,175,176
2360,32,33
2360,76,77
2360,95,96
2360,355,356
2361,32,33
2361,199,200
2361,355,356
2361,620,621
2362,32,33
2362,76,77
2362,355,356
2362,620,621
2363,77,78
2363,95,96
2363,175,176
2363,355,356
2364,76,77
2364,95,96
2364,175,176
2364,355,356
2365,23,24
2365,32,33
2365,194,195
2365,286,287
2366,23,24
2366,32,33
2366,194,195
2366,246,247
2367,23,24
2367,194,195
2367,246,247
2367,293,294
2368,23,24
2368,194,195
2368,293,294
2368,381,382
2369,23,24
2369,194,195
2369,286,287
2369,381,382
2370,32,33
2370,123,124
2370,194,195
2370,246,247
2371,123,124
2371,194,195
2371,246,247
2371,358,359
2372,194,195
2372,246,247
2372,293,294
2372,305,306
2373,194,195
2373,246,247
2373,305,306
2373,358,359
2374,32,33
2374,194,195
2374,286,287
2374,498,499
2375,123,124
2375,194,195
2375,240,241
2375,358,359
2376,194,195
2376,240,241
2376,431,432
2376,498,499
2377,194,195
2377,286,287
2377,431,432
2377,498,499
2378,123,124
2378,194,195
2378,240,241
2378,498,499
2379,32,33
2379,123,124
2379,194,195
2379,498,499
2380,457,458
2380,631,632
2380,657,658
2380,666,667
2381,452,453
2381,610,611
2381,783,784
2381,792,793
2382,452,453
2382,610,611
2382,780,781
2382,792,793
2383,452,453
2383,666,667
2383,780,781
2383,792,793
2384,610,611
2384,666,667
2384,780,781
2384,792,793
2385,452,453
2385,769,770
2385,783,784
2385,792,793
2386,452,453
2386,488,489
2386,769,770
2386,792,793
2387,537,538
2387,610,611
2387,783,784
2387,792,793
2388,769,770
2388,783,784
2388,792,793
2388,823,824
2389,488,489
2389,769,770
2389,792,793
2389,823,824
2390,457,458
2390,537,538
2390,610,611
2390,792,793
2391,457,458
2391,610,611
2391,666,667
2391,792,793
2392,488,489
2392,637,638
2392,792,793
2392,823,824
2393,488,489
2393,637,638
2393,666,667
2393,792,793
2394,424,425
2394,537,538
2394,783,784
2394,792,793
2395,424,425
2395,783,784
2395,792,793
2395,823,824
2396,580,581
2396,689,690
2396,739,740
2396,969,970
2397,536,537
2397,580,581
2397,689,690
2397,739,740
2398,526,527
2398,580,581
2398,739,740
2398,969,970
2399,518,519
2399,526,527
2399,580,581
2399,969,970
2400,526,527
2400,580,581
2400,649,650
2400,665,666
2401,518,519
2401,526,527
2401,580,581
2401,665,666
2402,471,472
2402,558,559
2402,603,604
2402,649,650
2403,387,388
2403,457,458
2403,537,538
2403,613,614
2404,387,388
2404,432,433
2404,537,538
2404,612,613
2405,387,388
2405,461,462
2405,487,488
2405,613,614
2406,387,388
2406,461,462
2406,537,538
2406,613,614
2407,378,379
2407,387,388
2407,432,433
2407,487,488
2408,378,379
2408,387,388
2408,461,462
2408,487,488
2409,378,379
2409,387,388
2409,432,433
2409,537,538
2410,378,379
2410,387,388
2410,461,462
2410,537,538
2411,12,13
2411,115,116
2411,142,143
2411,190,191
2412,10,11
2412,12,13
2412,115,116
2412,190,191
2413,27,28
2413,48,49
2413,121,122
2413,201,202
2414,27,28
2414,48,49
2414,109,110
2414,201,202
2415,92,93
2415,196,197
2415,207,208
2415,218,219
2416,169,170
2416,189,190
2416,196,197
2416,207,208
2417,189,190
2417,196,197
2417,207,208
2417,218,219
2418,163,164
2418,205,206
2418,269,270
2418,291,292
2419,112,113
2419,163,164
2419,202,203
2419,205,206
2420,237,238
2420,314,315
2420,557,558
2420,602,603
2421,111,112
2421,223,224
2421,300,301
2421,342,343
2422,223,224
2422,300,301
2422,496,497
2422,516,517
2423,287,288
2423,300,301
2423,496,497
2423,516,517
2424,221,222
2424,340,341
2424,613,614
2424,640,641
2425,221,222
2425,496,497
2425,560,561
2425,631,632
2426,459,460
2426,558,559
2426,649,650
2426,712,713
2427,471,472
2427,536,537
2427,649,650
2427,712,713
2428,471,472
2428,558,559
2428,649,650
2428,712,713
2429,558,559
2429,560,561
2429,582,583
2429,712,713
2430,471,472
2430,558,559
2430,582,583
2430,712,713
2431,471,472
2431,536,537
2431,634,635
2431,712,713
2432,560,561
2432,582,583
2432,634,635
2432,712,713
2433,471,472
2433,582,583
2433,634,635
2433,712,713
2434,560,561
2434,631,632
2434,666,667
2434,712,713
2435,560,561
2435,631,632
2435,634,635
2435,712,713
2436,536,537
2436,634,635
2436,657,658
2436,712,713
2437,631,632
2437,657,658
2437,666,667
2437,712,713
2438,631,632
2438,634,635
2438,657,658
2438,712,713
2439,360,361
2439,495,496
2439,647,648
2439,674,675
2440,495,496
2440,552,553
2440,587,588
2440,674,675
2441,401,402
2441,495,496
2441,552,553
2441,587,588
2442,413,414
2442,495,496
2442,587,588
2442,611,612
2443,401,402
2443,413,414
2443,495,496
2443,587,588
2444,360,361
2444,495,496
2444,552,553
2444,674,675
2445,413,414
2445,467,468
2445,495,496
2445,611,612
2446,401,402
2446,413,414
2446,467,468
2446,495,496
2447,304,305
2447,360,361
2447,495,496
2447,552,553
2448,360,361
2448,412,413
2448,495,496
2448,647,648
2449,304,305
2449,360,361
2449,412,413
2449,495,496
2450,304,305
2450,495,496
2450,552,553
2450,595,596
2451,401,402
2451,495,496
2451,552,553
2451,595,596
2452,304,305
2452,467,468
2452,495,496
2452,595,596
2453,401,402
2453,467,468
2453,495,496
2453,595,596
2454,383,384
2454,555,556
2454,587,588
2454,678,679
2455,383,384
2455,587,588
2455,674,675
2455,678,679
2456,383,384
2456,555,556
2456,674,675
2456,678,679
2457,383,384
2457,495,496
2457,587,588
2457,674,675
2458,383,384
2458,495,496
2458,587,588
2458,611,612
2459,383,384
2459,495,496
2459,647,648
2459,674,675
2460,383,384
2460,587,588
2460,611,612
2460,621,622
2461,383,384
2461,495,496
2461,611,612
2461,647,648
2462,383,384
2462,587,588
2462,592,593
2462,621,622
2463,383,384
2463,555,556
2463,587,588
2463,592,593
2464,383,384
2464,404,405
2464,611,612
2464,647,648
2465,383,384
2465,404,405
2465,606,607
2465,647,648
2466,383,384
2466,388,389
2466,404,405
2466,611,612
2467,383,384
2467,388,389
2467,404,405
2467,606,607
2468,555,556
2468,664,665
2468,678,679
2468,820,821
2469,664,665
2469,674,675
2469,678,679
2469,820,821
2470,555,556
2470,674,675
2470,678,679
2470,820,821
2471,383,384
2471,555,556
2471,606,607
2471,820,821
2472,383,384
2472,555,556
2472,674,675
2472,820,821
2473,606,607
2473,647,648
2473,706,707
2473,820,821
2474,647,648
2474,674,675
2474,706,707
2474,820,821
2475,383,384
2475,606,607
2475,647,648
2475,820,821
2476,383,384
2476,647,648
2476,674,675
2476,820,821
2477,398,399
2477,456,457
2477,664,665
2477,820,821
2478,398,399
2478,549,550
2478,674,675
2478,706,707
2479,398,399
2479,674,675
2479,706,707
2479,820,821
2480,398,399
2480,470,471
2480,549,550
2480,706,707
2481,398,399
2481,470,471
2481,696,697
2481,697,698
2482,398,399
2482,470,471
2482,549,550
2482,696,697
2483,441,442
2483,464,465
2483,508,509
2483,538,539
2484,408,409
2484,441,442
2484,464,465
2484,538,539
2485,349,350
2485,408,409
2485,441,442
2485,464,465
2486,408,409
2486,464,465
2486,538,539
2486,552,553
2487,349,350
2487,408,409
2487,464,465
2487,552,553
2488,464,465
2488,538,539
2488,541,542
2488,552,553
2489,298,299
2489,464,465
2489,541,542
2489,552,553
2490,464,465
2490,477,478
2490,508,509
2490,538,539
2491,349,350
2491,464,465
2491,552,553
2491,644,645
2492,298,299
2492,464,465
2492,552,553
2492,644,645
2493,464,465
2493,477,478
2493,508,509
2493,596,597
2494,464,465
2494,538,539
2494,541,542
2494,623,624
2495,464,465
2495,477,478
2495,538,539
2495,623,624
2496,508,509
2496,538,539
2496,642,643
2496,745,746
2497,441,442
2497,508,509
2497,538,539
2497,745,746
2498,538,539
2498,642,643
2498,664,665
2498,745,746
2499,408,409
2499,441,442
2499,538,539
2499,745,746
2500,538,539
2500,664,665
2500,674,675
2500,745,746
2501,408,409
2501,538,539
2501,674,675
2501,745,746
2502,664,665
2502,674,675
2502,745,746
2502,820,821
2503,398,399
2503,664,665
2503,745,746
2503,820,821
2504,398,399
2504,674,675
2504,745,746
2504,820,821
2505,408,409
2505,549,550
2505,674,675
2505,745,746
2506,398,399
2506,549,550
2506,674,675
2506,745,746
2507,408,409
2507,441,442
2507,497,498
2507,745,746
2508,408,409
2508,497,498
2508,549,550
2508,745,746
2509,398,399
2509,549,550
2509,696,697
2509,745,746
2510,497,498
2510,549,550
2510,696,697
2510,745,746
2511,391,392
2511,487,488
2511,506,507
2511,613,614
2512,340,341
2512,391,392
2512,506,507
2512,613,614
2513,340,341
2513,391,392
2513,613,614
2513,640,641
2514,372,373
2514,382,383
2514,442,443
2514,572,573
2515,372,373
2515,442,443
2515,513,514
2515,572,573
2516,442,443
2516,513,514
2516,572,573
2516,706,707
2517,382,383
2517,404,405
2517,442,443
2517,647,648
2518,382,383
2518,442,443
2518,606,607
2518,647,648
2519,442,443
2519,606,607
2519,647,648
2519,706,707
2520,360,361
2520,412,413
2520,647,648
2520,648,649
2521,647,648
2521,648,649
2521,674,675
2521,706,707
2522,360,361
2522,647,648
2522,648,649
2522,674,675
2523,442,443
2523,647,648
2523,648,649
2523,706,707
2524,412,413
2524,442,443
2524,647,648
2524,648,649
2525,549,550
2525,648,649
2525,674,675
2525,706,707
2526,360,361
2526,549,550
2526,648,649
2526,674,675
2527,442,443
2527,513,514
2527,648,649
2527,706,707
2528,296,297
2528,360,361
2528,549,550
2528,648,649
2529,470,471
2529,513,514
2529,648,649
2529,706,707
2530,470,471
2530,549,550
2530,648,649
2530,706,707
2531,228,229
2531,442,443
2531,513,514
2531,648,649
2532,228,229
2532,412,413
2532,442,443
2532,648,649
2533,279,280
2533,343,344
2533,369,370
2533,576,577
2534,35,36
2534,273,274
2534,369,370
2534,576,577
2535,337,338
2535,371,372
2535,406,407
2535,576,577
2536,337,338
2536,406,407
2536,576,577
2536,604,605
2537,273,274
2537,337,338
2537,576,577
2537,604,605
2538,504,505
2538,651,652
2538,709,710
2538,776,777
2539,415,416
2539,651,652
2539,692,693
2539,709,710
2540,651,652
2540,692,693
2540,709,710
2540,776,777
2541,415,416
2541,629,630
2541,651,652
2541,692,693
2542,709,710
2542,715,716
2542,776,777
2542,942,943
2543,692,693
2543,709,710
2543,715,716
2543,776,777
2544,468,469
2544,497,498
2544,696,697
2544,753,754
2545,461,462
2545,468,469
2545,506,507
2545,753,754
2546,409,410
2546,492,493
2546,570,571
2546,646,647
2547,409,410
2547,570,571
2547,646,647
2547,696,697
2548,409,410
2548,468,469
2548,570,571
2548,696,697
2549,384,385
2549,492,493
2549,570,571
2549,646,647
2550,409,410
2550,468,469
2550,570,571
2550,635,636
2551,409,410
2551,492,493
2551,570,571
2551,635,636
2552,468,469
2552,570,571
2552,696,697
2552,753,754
2553,461,462
2553,468,469
2553,506,507
2553,597,598
2554,457,458
2554,461,462
2554,597,598
2554,613,614
2555,461,462
2555,506,507
2555,597,598
2555,613,614
2556,457,458
2556,461,462
2556,597,598
2556,666,667
2557,461,462
2557,468,469
2557,597,598
2557,753,754
2558,457,458
2558,597,598
2558,613,614
2558,631,632
2559,560,561
2559,597,598
2559,631,632
2559,666,667
2560,457,458
2560,597,598
2560,631,632
2560,666,667
2561,221,222
2561,560,561
2561,597,598
2561,631,632
2562,221,222
2562,597,598
2562,613,614
2562,631,632
2563,340,341
2563,506,507
2563,597,598
2563,613,614
2564,221,222
2564,340,341
2564,597,598
2564,613,614
2565,387,388
2565,432,433
2565,487,488
2565,627,628
2566,477,478
2566,508,509
2566,596,597
2566,627,628
2567,378,379
2567,432,433
2567,487,488
2567,627,628
2568,52,53
2568,101,102
2568,112,113
2568,207,208
2569,52,53
2569,163,164
2569,269,270
2569,345,346
2570,52,53
2570,163,164
2570,205,206
2570,269,270
2571,52,53
2571,112,113
2571,163,164
2571,205,206
2572,52,53
2572,92,93
2572,218,219
2572,269,270
2573,52,53
2573,92,93
2573,112,113
2573,207,208
2574,52,53
2574,92,93
2574,207,208
2574,218,219
2575,52,53
2575,92,93
2575,205,206
2575,269,270
2576,52,53
2576,92,93
2576,112,113
2576,205,206
2577,17,18
2577,65,66
2577,182,183
2577,269,270
2578,17,18
2578,25,26
2578,65,66
2578,145,146
2579,17,18
2579,205,206
2579,269,270
2579,291,292
2580,17,18
2580,198,199
2580,205,206
2580,291,292
2581,17,18
2581,92,93
2581,205,206
2581,269,270
2582,17,18
2582,25,26
2582,65,66
2582,92,93
2583,14,15
2583,17,18
2583,198,199
2583,205,206
2584,14,15
2584,17,18
2584,25,26
2584,198,199
2585,17,18
2585,92,93
2585,218,219
2585,269,270
2586,17,18
2586,65,66
2586,218,219
2586,269,270
2587,17,18
2587,65,66
2587,92,93
2587,218,219
2588,14,15
2588,17,18
2588,92,93
2588,205,206
2589,14,15
2589,17,18
2589,25,26
2589,92,93
2590,261,262
2590,289,290
2590,359,360
2590,474,475
2591,261,262
2591,289,290
2591,359,360
2591,602,603
2592,237,238
2592,261,262
2592,359,360
2592,602,603
2593,237,238
2593,261,262
2593,391,392
2593,400,401
2594,436,437
2594,464,465
2594,541,542
2594,623,624
2595,436,437
2595,464,465
2595,477,478
2595,623,624
2596,298,299
2596,436,437
2596,464,465
2596,541,542
2597,436,437
2597,464,465
2597,477,478
2597,596,597
2598,477,478
2598,508,509
2598,599,600
2598,627,628
2599,378,379
2599,508,509
2599,599,600
2599,627,628
2600,378,379
2600,432,433
2600,599,600
2600,627,628
2601,432,433
2601,489,490
2601,585,586
2601,599,600
2602,61,62
2602,127,128
2602,169,170
2602,189,190
2603,127,128
2603,289,290
2603,327,328
2603,333,334
2604,127,128
2604,265,266
2604,327,328
2604,333,334
2605,127,128
2605,189,190
2605,218,219
2605,265,266
2606,127,128
2606,218,219
2606,265,266
2606,327,328
2607,768,769
2607,810,811
2607,979,980
2607,1012,1013
2608,768,769
2608,810,811
2608,942,943
2608,1006,1007
2609,768,769
2609,810,811
2609,979,980
2609,1006,1007
2610,768,769
2610,942,943
2610,973,974
2610,1006,1007
2611,768,769
2611,810,811
2611,902,903
2611,1012,1013
2612,853,854
2612,861,862
2612,1210,1211
2612,1212,1213
2613,853,854
2613,1210,1211
2613,1212,1213
2613,1291,1292
2614,861,862
2614,1106,1107
2614,1210,1211
2614,1212,1213
2615,853,854
2615,861,862
2615,893,894
2615,1210,1211
2616,1106,1107
2616,1210,1211
2616,1212,1213
2616,1256,1257
2617,1069,1070
2617,1210,1211
2617,1212,1213
2617,1256,1257
2618,1069,1070
2618,1210,1211
2618,1212,1213
2618,1291,1292
2619,1106,1107
2619,1210,1211
2619,1256,1257
2619,1260,1261
2620,1210,1211
2620,1230,1231
2620,1260,1261
2620,1453,1454
2621,1106,1107
2621,1210,1211
2621,1230,1231
2621,1260,1261
2622,1210,1211
2622,1260,1261
2622,1446,1447
2622,1453,1454
2623,1210,1211
2623,1256,1257
2623,1260,1261
2623,1446,1447
2624,853,854
2624,861,862
2624,893,894
2624,1187,1188
2625,861,862
2625,893,894
2625,1103,1104
2625,1187,1188
2626,853,854
2626,861,862
2626,1103,1104
2626,1187,1188
2627,479,480
2627,548,549
2627,645,646
2627,750,751
2628,479,480
2628,750,751
2628,778,779
2628,988,989
2629,479,480
2629,645,646
2629,733,734
2629,750,751
2630,479,480
2630,733,734
2630,750,751
2630,778,779
2631,548,549
2631,645,646
2631,750,751
2631,980,981
2632,750,751
2632,752,753
2632,778,779
2632,980,981
2633,645,646
2633,710,711
2633,750,751
2633,980,981
2634,645,646
2634,710,711
2634,733,734
2634,750,751
2635,710,711
2635,750,751
2635,778,779
2635,980,981
2636,710,711
2636,733,734
2636,750,751
2636,778,779
2637,860,861
2637,899,900
2637,960,961
2637,1034,1035
2638,726,727
2638,860,861
2638,878,879
2638,1043,1044
2639,860,861
2639,899,900
2639,960,961
2639,1015,1016
2640,860,861
2640,861,862
2640,960,961
2640,1043,1044
2641,860,861
2641,861,862
2641,960,961
2641,1034,1035
2642,950,951
2642,1034,1035
2642,1103,1104
2642,1126,1127
2643,950,951
2643,966,967
2643,1103,1104
2643,1126,1127
2644,860,861
2644,899,900
2644,1034,1035
2644,1126,1127
2645,860,861
2645,950,951
2645,1034,1035
2645,1126,1127
2646,947,948
2646,1034,1035
2646,1126,1127
2646,1215,1216
2647,899,900
2647,947,948
2647,1126,1127
2647,1215,1216
2648,899,900
2648,1034,1035
2648,1126,1127
2648,1215,1216
2649,899,900
2649,947,948
2649,949,950
2649,1126,1127
2650,947,948
2650,949,950
2650,1030,1031
2650,1126,1127
2651,899,900
2651,949,950
2651,1030,1031
2651,1126,1127
2652,857,858
2652,904,905
2652,909,910
2652,1154,1155
2653,904,905
2653,909,910
2653,1154,1155
2653,1191,1192
2654,909,910
2654,1148,1149
2654,1154,1155
2654,1191,1192
2655,893,894
2655,904,905
2655,1154,1155
2655,1240,1241
2656,857,858
2656,904,905
2656,1154,1155
2656,1240,1241
2657,1148,1149
2657,1154,1155
2657,1191,1192
2657,1230,1231
2658,1089,1090
2658,1148,1149
2658,1154,1155
2658,1230,1231
2659,861,862
2659,1043,1044
2659,1106,1107
2659,1206,1207
2660,964,965
2660,1106,1107
2660,1206,1207
2660,1230,1231
2661,964,965
2661,1191,1192
2661,1206,1207
2661,1230,1231
2662,1154,1155
2662,1191,1192
2662,1206,1207
2662,1230,1231
2663,904,905
2663,1154,1155
2663,1191,1192
2663,1206,1207
2664,893,894
2664,904,905
2664,1154,1155
2664,1206,1207
2665,893,894
2665,1154,1155
2665,1206,1207
2665,1230,1231
2666,861,862
2666,1106,1107
2666,1206,1207
2666,1210,1211
2667,1106,1107
2667,1206,1207
2667,1210,1211
2667,1230,1231
2668,861,862
2668,893,894
2668,1206,1207
2668,1210,1211
2669,848,849
2669,857,858
2669,909,910
2669,926,927
2670,909,910
2670,926,927
2670,1148,1149
2670,1154,1155
2671,857,858
2671,909,910
2671,926,927
2671,1154,1155
2672,909,910
2672,926,927
2672,1050,1051
2672,1148,1149
2673,848,849
2673,909,910
2673,926,927
2673,1093,1094
2674,909,910
2674,926,927
2674,1050,1051
2674,1093,1094
2675,848,849
2675,857,858
2675,926,927
2675,962,963
2676,848,849
2676,926,927
2676,1093,1094
2676,1259,1260
2677,926,927
2677,1050,1051
2677,1093,1094
2677,1259,1260
2678,926,927
2678,1050,1051
2678,1148,1149
2678,1184,1185
2679,926,927
2679,1050,1051
2679,1184,1185
2679,1259,1260
2680,848,849
2680,926,927
2680,962,963
2680,1259,1260
2681,926,927
2681,962,963
2681,1184,1185
2681,1259,1260
2682,299,300
2682,406,407
2682,407,408
2682,626,627
2683,299,300
2683,373,374
2683,407,408
2683,638,639
2684,299,300
2684,407,408
2684,626,627
2684,638,639
2685,299,300
2685,371,372
2685,406,407
2685,626,627
2686,299,300
2686,371,372
2686,406,407
2686,576,577
2687,279,280
2687,299,300
2687,316,317
2687,373,374
2688,768,769
2688,973,974
2688,996,997
2688,1006,1007
2689,768,769
2689,979,980
2689,996,997
2689,1006,1007
2690,979,980
2690,996,997
2690,1012,1013
2690,1251,1252
2691,768,769
2691,979,980
2691,996,997
2691,1012,1013
2692,377,378
2692,529,530
2692,807,808
2692,924,925
2693,529,530
2693,727,728
2693,807,808
2693,924,925
2694,656,657
2694,810,811
2694,901,902
2694,922,923
2695,656,657
2695,810,811
2695,844,845
2695,901,902
2696,656,657
2696,761,762
2696,901,902
2696,922,923
2697,656,657
2697,761,762
2697,844,845
2697,901,902
2698,795,796
2698,810,811
2698,901,902
2698,979,980
2699,795,796
2699,810,811
2699,844,845
2699,901,902
2700,404,405
2700,406,407
2700,407,408
2700,601,602
2701,299,300
2701,406,407
2701,407,408
2701,601,602
2702,299,300
2702,373,374
2702,407,408
2702,601,602
2703,406,407
2703,576,577
2703,601,602
2703,604,605
2704,299,300
2704,406,407
2704,576,577
2704,601,602
2705,373,374
2705,382,383
2705,407,408
2705,601,602
2706,373,374
2706,382,383
2706,442,443
2706,601,602
2707,382,383
2707,404,405
2707,407,408
2707,601,602
2708,382,383
2708,404,405
2708,442,443
2708,601,602
2709,412,413
2709,442,443
2709,601,602
2709,647,648
2710,404,405
2710,442,443
2710,601,602
2710,647,648
2711,388,389
2711,458,459
2711,652,653
2711,822,823
2712,504,505
2712,652,653
2712,822,823
2712,835,836
2713,458,459
2713,504,505
2713,652,653
2713,822,823
2714,504,505
2714,709,710
2714,822,823
2714,835,836
2715,709,710
2715,770,771
2715,822,823
2715,835,836
2716,433,434
2716,652,653
2716,822,823
2716,835,836
2717,433,434
2717,770,771
2717,822,823
2717,835,836
2718,458,459
2718,504,505
2718,651,652
2718,822,823
2719,504,505
2719,651,652
2719,709,710
2719,822,823
2720,415,416
2720,709,710
2720,770,771
2720,822,823
2721,388,389
2721,458,459
2721,628,629
2721,822,823
2722,415,416
2722,651,652
2722,709,710
2722,822,823
2723,415,416
2723,628,629
2723,651,652
2723,822,823
2724,458,459
2724,628,629
2724,651,652
2724,822,823
2725,388,389
2725,458,459
2725,484,485
2725,641,642
2726,388,389
2726,458,459
2726,484,485
2726,652,653
2727,388,389
2727,484,485
2727,611,612
2727,641,642
2728,253,254
2728,484,485
2728,611,612
2728,621,622
2729,253,254
2729,484,485
2729,611,612
2729,641,642
2730,383,384
2730,484,485
2730,611,612
2730,621,622
2731,1341,1342
2731,1423,1424
2731,1437,1438
2731,1450,1451
2732,1182,1183
2732,1341,1342
2732,1423,1424
2732,1450,1451
2733,1341,1342
2733,1428,1429
2733,1437,1438
2733,1450,1451
2734,10,11
2734,12,13
2734,115,116
2734,148,149
2735,6,7
2735,30,31
2735,148,149
2735,179,180
2736,1,2
2736,6,7
2736,148,149
2736,179,180
2737,30,31
2737,148,149
2737,179,180
2737,188,189
2738,10,11
2738,115,116
2738,148,149
2738,168,169
2739,10,11
2739,148,149
2739,168,169
2739,188,189
2740,1,2
2740,115,116
2740,148,149
2740,168,169
2741,148,149
2741,168,169
2741,179,180
2741,188,189
2742,1,2
2742,148,149
2742,168,169
2742,179,180
2743,18,19
2743,173,174
2743,181,182
2743,196,197
2744,14,15
2744,18,19
2744,25,26
2744,92,93
2745,14,15
2745,18,19
2745,25,26
2745,63,64
2746,18,19
2746,92,93
2746,173,174
2746,196,197
2747,18,19
2747,65,66
2747,92,93
2747,173,174
2748,18,19
2748,25,26
2748,65,66
2748,173,174
2749,18,19
2749,25,26
2749,65,66
2749,92,93
2750,1070,1071
2750,1108,1109
2750,1198,1199
2750,1292,1293
2751,1108,1109
2751,1198,1199
2751,1292,1293
2751,1332,1333
2752,1108,1109
2752,1198,1199
2752,1332,1333
2752,1471,1472
2753,1070,1071
2753,1198,1199
2753,1292,1293
2753,1443,1444
2754,1070,1071
2754,1108,1109
2754,1198,1199
2754,1275,1276
2755,1198,1199
2755,1292,1293
2755,1332,1333
2755,1409,1410
2756,1198,1199
2756,1332,1333
2756,1409,1410
2756,1471,1472
2757,1198,1199
2757,1292,1293
2757,1409,1410
2757,1443,1444
2758,1070,1071
2758,1198,1199
2758,1216,1217
2758,1443,1444
2759,861,862
2759,893,894
2759,1092,1093
2759,1103,1104
2760,893,894
2760,1092,1093
2760,1103,1104
2760,1187,1188
2761,861,862
2761,1034,1035
2761,1092,1093
2761,1103,1104
2762,860,861
2762,861,862
2762,1034,1035
2762,1092,1093
2763,860,861
2763,878,879
2763,950,951
2763,1092,1093
2764,950,951
2764,1034,1035
2764,1092,1093
2764,1103,1104
2765,860,861
2765,950,951
2765,1034,1035
2765,1092,1093
2766,861,862
2766,893,894
2766,1092,1093
2766,1206,1207
2767,861,862
2767,1043,1044
2767,1092,1093
2767,1206,1207
2768,893,894
2768,904,905
2768,1092,1093
2768,1240,1241
2769,860,861
2769,861,862
2769,1043,1044
2769,1092,1093
2770,860,861
2770,878,879
2770,1043,1044
2770,1092,1093
2771,893,894
2771,904,905
2771,1092,1093
2771,1206,1207
2772,904,905
2772,1043,1044
2772,1092,1093
2772,1206,1207
2773,1159,1160
2773,1423,1424
2773,1437,1438
2773,1453,1454
2774,1159,1160
2774,1291,1292
2774,1437,1438
2774,1453,1454
2775,1089,1090
2775,1159,1160
2775,1423,1424
2775,1453,1454
2776,893,894
2776,1159,1160
2776,1187,1188
2776,1263,1264
2777,1159,1160
2777,1210,1211
2777,1291,1292
2777,1453,1454
2778,853,854
2778,893,894
2778,1159,1160
2778,1187,1188
2779,853,854
2779,893,894
2779,1159,1160
2779,1210,1211
2780,853,854
2780,1159,1160
2780,1210,1211
2780,1291,1292
2781,1089,1090
2781,1159,1160
2781,1230,1231
2781,1453,1454
2782,1159,1160
2782,1210,1211
2782,1230,1231
2782,1453,1454
2783,893,894
2783,1154,1155
2783,1159,1160
2783,1230,1231
2784,1089,1090
2784,1154,1155
2784,1159,1160
2784,1230,1231
2785,893,894
2785,1159,1160
2785,1206,1207
2785,1230,1231
2786,893,894
2786,1159,1160
2786,1206,1207
2786,1210,1211
2787,1159,1160
2787,1206,1207
2787,1210,1211
2787,1230,1231
2788,1089,1090
2788,1112,1113
2788,1154,1155
2788,1159,1160
2789,1089,1090
2789,1112,1113
2789,1184,1185
2789,1217,1218
2790,1089,1090
2790,1112,1113
2790,1148,1149
2790,1154,1155
2791,926,927
2791,1112,1113
2791,1148,1149
2791,1154,1155
2792,1089,1090
2792,1112,1113
2792,1148,1149
2792,1184,1185
2793,926,927
2793,1112,1113
2793,1148,1149
2793,1184,1185
2794,926,927
2794,962,963
2794,1112,1113
2794,1184,1185
2795,857,858
2795,926,927
2795,962,963
2795,1112,1113
2796,857,858
2796,926,927
2796,1112,1113
2796,1154,1155
2797,962,963
2797,1071,1072
2797,1112,1113
2797,1184,1185
2798,1282,1283
2798,1346,1347
2798,1377,1378
2798,1418,1419
2799,1282,1283
2799,1346,1347
2799,1418,1419
2799,1444,1445
2800,1346,1347
2800,1400,1401
2800,1418,1419
2800,1444,1445
2801,1579,1580
2801,1613,1614
2801,1747,1748
2801,1784,1785
2802,1579,1580
2802,1613,1614
2802,1747,1748
2802,1820,1821
2803,1579,1580
2803,1747,1748
2803,1784,1785
2803,1810,1811
2804,1747,1748
2804,1751,1752
2804,1765,1766
2804,1810,1811
2805,1680,1681
2805,1747,1748
2805,1751,1752
2805,1765,1766
2806,1680,1681
2806,1703,1704
2806,1747,1748
2806,1751,1752
2807,1579,1580
2807,1747,1748
2807,1751,1752
2807,1810,1811
2808,1579,1580
2808,1747,1748
2808,1751,1752
2808,1820,1821
2809,1703,1704
2809,1747,1748
2809,1751,1752
2809,1820,1821
2810,45,46
2810,295,296
2810,385,386
2810,598,599
2811,45,46
2811,183,184
2811,272,273
2811,295,296
2812,45,46
2812,272,273
2812,295,296
2812,385,386
2813,45,46
2813,183,184
2813,274,275
2813,295,296
2814,45,46
2814,274,275
2814,295,296
2814,598,599
2815,45,46
2815,177,178
2815,183,184
2815,272,273
2816,45,46
2816,150,151
2816,183,184
2816,274,275
2817,45,46
2817,177,178
2817,183,184
2817,193,194
2818,45,46
2818,150,151
2818,183,184
2818,193,194
2819,45,46
2819,177,178
2819,193,194
2819,243,244
2820,45,46
2820,150,151
2820,193,194
2820,243,244
2821,230,231
2821,266,267
2821,574,575
2821,630,631
2822,230,231
2822,266,267
2822,450,451
2822,630,631
2823,230,231
2823,266,267
2823,556,557
2823,574,575
2824,266,267
2824,556,557
2824,574,575
2824,635,636
2825,225,226
2825,266,267
2825,574,575
2825,630,631
2826,225,226
2826,266,267
2826,492,493
2826,630,631
2827,266,267
2827,492,493
2827,528,529
2827,630,631
2828,266,267
2828,450,451
2828,528,529
2828,630,631
2829,225,226
2829,266,267
2829,574,575
2829,635,636
2830,225,226
2830,266,267
2830,492,493
2830,635,636
2831,266,267
2831,409,410
2831,492,493
2831,635,636
2832,51,52
2832,77,78
2832,79,80
2832,128,129
2833,51,52
2833,79,80
2833,128,129
2833,139,140
2834,51,52
2834,77,78
2834,128,129
2834,158,159
2835,51,52
2835,128,129
2835,139,140
2835,158,159
2836,77,78
2836,79,80
2836,118,119
2836,128,129
2837,77,78
2837,95,96
2837,128,129
2837,158,159
2838,240,241
2838,431,432
2838,439,440
2838,476,477
2839,286,287
2839,381,382
2839,463,464
2839,539,540
2840,356,357
2840,381,382
2840,463,464
2840,539,540
2841,194,195
2841,286,287
2841,381,382
2841,539,540
2842,194,195
2842,293,294
2842,381,382
2842,539,540
2843,194,195
2843,286,287
2843,431,432
2843,539,540
2844,194,195
2844,240,241
2844,431,432
2844,539,540
2845,240,241
2845,431,432
2845,476,477
2845,539,540
2846,23,24
2846,76,77
2846,421,422
2846,515,516
2847,23,24
2847,381,382
2847,421,422
2847,515,516
2848,23,24
2848,76,77
2848,286,287
2848,515,516
2849,23,24
2849,286,287
2849,381,382
2849,515,516
2850,76,77
2850,286,287
2850,515,516
2850,620,621
2851,381,382
2851,421,422
2851,494,495
2851,515,516
2852,286,287
2852,381,382
2852,463,464
2852,515,516
2853,381,382
2853,463,464
2853,494,495
2853,515,516
2854,463,464
2854,494,495
2854,515,516
2854,593,594
2855,53,54
2855,259,260
2855,421,422
2855,475,476
2856,53,54
2856,259,260
2856,381,382
2856,421,422
2857,53,54
2857,94,95
2857,259,260
2857,475,476
2858,53,54
2858,91,92
2858,94,95
2858,259,260
2859,91,92
2859,94,95
2859,259,260
2859,475,476
2860,49,50
2860,259,260
2860,293,294
2860,367,368
2861,49,50
2861,91,92
2861,259,260
2861,367,368
2862,23,24
2862,259,260
2862,293,294
2862,381,382
2863,23,24
2863,53,54
2863,259,260
2863,381,382
2864,49,50
2864,141,142
2864,259,260
2864,293,294
2865,49,50
2865,91,92
2865,141,142
2865,259,260
2866,23,24
2866,141,142
2866,259,260
2866,293,294
2867,23,24
2867,53,54
2867,141,142
2867,259,260
2868,53,54
2868,91,92
2868,141,142
2868,259,260
2869,276,277
2869,339,340
2869,422,423
2869,565,566
2870,259,260
2870,421,422
2870,422,423
2870,475,476
2871,276,277
2871,389,390
2871,422,423
2871,565,566
2872,389,390
2872,392,393
2872,460,461
2872,565,566
2873,276,277
2873,389,390
2873,460,461
2873,565,566
2874,389,390
2874,392,393
2874,460,461
2874,632,633
2875,276,277
2875,411,412
2875,565,566
2875,608,609
2876,276,277
2876,411,412
2876,460,461
2876,565,566
2877,392,393
2877,411,412
2877,460,461
2877,565,566
2878,59,60
2878,234,235
2878,263,264
2878,357,358
2879,50,51
2879,59,60
2879,234,235
2879,357,358
2880,50,51
2880,234,235
2880,357,358
2880,425,426
2881,230,231
2881,234,235
2881,315,316
2881,590,591
2882,89,90
2882,178,179
2882,227,228
2882,357,358
2883,178,179
2883,179,180
2883,227,228
2883,324,325
2884,89,90
2884,178,179
2884,179,180
2884,227,228
2885,178,179
2885,227,228
2885,280,281
2885,324,325
2886,50,51
2886,178,179
2886,227,228
2886,280,281
2887,50,51
2887,178,179
2887,227,228
2887,357,358
2888,50,51
2888,227,228
2888,280,281
2888,425,426
2889,50,51
2889,227,228
2889,357,358
2889,425,426
2890,361,362
2890,385,386
2890,605,606
2890,608,609
2891,248,249
2891,361,362
2891,605,606
2891,608,609
2892,214,215
2892,248,249
2892,361,362
2892,605,606
2893,229,230
2893,361,362
2893,385,386
2893,608,609
2894,276,277
2894,361,362
2894,411,412
2894,608,609
2895,49,50
2895,72,73
2895,141,142
2895,246,247
2896,72,73
2896,95,96
2896,141,142
2896,246,247
2897,72,73
2897,95,96
2897,141,142
2897,158,159
2898,62,63
2898,72,73
2898,141,142
2898,158,159
2899,49,50
2899,62,63
2899,72,73
2899,141,142
2900,72,73
2900,95,96
2900,128,129
2900,246,247
2901,72,73
2901,95,96
2901,128,129
2901,158,159
2902,49,50
2902,72,73
2902,246,247
2902,305,306
2903,9,10
2903,72,73
2903,246,247
2903,305,306
2904,9,10
2904,49,50
2904,72,73
2904,305,306
2905,72,73
2905,128,129
2905,139,140
2905,158,159
2906,11,12
2906,62,63
2906,72,73
2906,158,159
2907,11,12
2907,72,73
2907,139,140
2907,158,159
2908,62,63
2908,75,76
2908,132,133
2908,320,321
2909,41,42
2909,62,63
2909,132,133
2909,320,321
2910,41,42
2910,49,50
2910,62,63
2910,320,321
2911,41,42
2911,132,133
2911,282,283
2911,320,321
2912,62,63
2912,72,73
2912,75,76
2912,320,321
2913,9,10
2913,72,73
2913,75,76
2913,320,321
2914,49,50
2914,62,63
2914,72,73
2914,320,321
2915,9,10
2915,49,50
2915,72,73
2915,320,321
2916,9,10
2916,49,50
2916,263,264
2916,320,321
2917,59,60
2917,75,76
2917,168,169
2917,320,321
2918,75,76
2918,132,133
2918,168,169
2918,320,321
2919,9,10
2919,59,60
2919,75,76
2919,320,321
2920,9,10
2920,59,60
2920,263,264
2920,320,321
2921,89,90
2921,132,133
2921,282,283
2921,320,321
2922,59,60
2922,89,90
2922,168,169
2922,320,321
2923,89,90
2923,132,133
2923,168,169
2923,320,321
2924,59,60
2924,263,264
2924,320,321
2924,357,358
2925,59,60
2925,89,90
2925,320,321
2925,357,358
2926,234,235
2926,330,331
2926,357,358
2926,425,426
2927,230,231
2927,234,235
2927,330,331
2927,425,426
2928,230,231
2928,234,235
2928,315,316
2928,330,331
2929,230,231
2929,330,331
2929,332,333
2929,425,426
2930,230,231
2930,315,316
2930,330,331
2930,450,451
2931,228,229
2931,230,231
2931,330,331
2931,332,333
2932,228,229
2932,230,231
2932,330,331
2932,450,451
2933,5,6
2933,60,61
2933,193,194
2933,215,216
2934,5,6
2934,60,61
2934,193,194
2934,243,244
2935,60,61
2935,150,151
2935,193,194
2935,215,216
2936,60,61
2936,150,151
2936,193,194
2936,243,244
2937,60,61
2937,150,151
2937,159,160
2937,215,216
2938,5,6
2938,6,7
2938,60,61
2938,215,216
2939,5,6
2939,6,7
2939,60,61
2939,179,180
2940,5,6
2940,60,61
2940,89,90
2940,179,180
2941,5,6
2941,60,61
2941,89,90
2941,243,244
2942,16,17
2942,60,61
2942,159,160
2942,215,216
2943,6,7
2943,16,17
2943,60,61
2943,215,216
2944,6,7
2944,16,17
2944,60,61
2944,179,180
2945,60,61
2945,89,90
2945,179,180
2945,227,228
2946,60,61
2946,89,90
2946,227,228
2946,243,244
2947,16,17
2947,60,61
2947,179,180
2947,324,325
2948,60,61
2948,179,180
2948,227,228
2948,324,325
2949,440,441
2949,462,463
2949,542,543
2949,789,790
2950,251,252
2950,440,441
2950,473,474
2950,551,552
2951,411,412
2951,440,441
2951,473,474
2951,551,552
2952,411,412
2952,440,441
2952,460,461
2952,551,552
2953,438,439
2953,440,441
2953,462,463
2953,542,543
2954,251,252
2954,440,441
2954,473,474
2954,571,572
2955,440,441
2955,462,463
2955,571,572
2955,789,790
2956,251,252
2956,440,441
2956,510,511
2956,571,572
2957,440,441
2957,510,511
2957,571,572
2957,789,790
2958,440,441
2958,462,463
2958,530,531
2958,571,572
2959,440,441
2959,473,474
2959,530,531
2959,571,572
2960,429,430
2960,462,463
2960,571,572
2960,588,589
2961,429,430
2961,462,463
2961,523,524
2961,588,589
2962,374,375
2962,446,447
2962,638,639
2962,819,820
2963,373,374
2963,374,375
2963,407,408
2963,638,639
2964,373,374
2964,374,375
2964,382,383
2964,407,408
2965,372,373
2965,373,374
2965,374,375
2965,382,383
2966,372,373
2966,374,375
2966,382,383
2966,720,721
2967,374,375
2967,382,383
2967,407,408
2967,628,629
2968,510,511
2968,571,572
2968,786,787
2968,789,790
2969,714,715
2969,786,787
2969,802,803
2969,807,808
2970,394,395
2970,786,787
2970,789,790
2970,807,808
2971,268,269
2971,373,374
2971,442,443
2971,601,602
2972,228,229
2972,268,269
2972,442,443
2972,513,514
2973,268,269
2973,372,373
2973,442,443
2973,513,514
2974,228,229
2974,268,269
2974,412,413
2974,442,443
2975,268,269
2975,412,413
2975,442,443
2975,601,602
2976,268,269
2976,372,373
2976,373,374
2976,382,383
2977,268,269
2977,373,374
2977,382,383
2977,442,443
2978,268,269
2978,372,373
2978,382,383
2978,442,443
2979,372,373
2979,542,543
2979,663,664
2979,720,721
2980,394,395
2980,618,619
2980,663,664
2980,720,721
2981,462,463
2981,542,543
2981,663,664
2981,789,790
2982,394,395
2982,462,463
2982,663,664
2982,789,790
2983,377,378
2983,542,543
2983,663,664
2983,720,721
2984,377,378
2984,394,395
2984,663,664
2984,720,721
2985,438,439
2985,462,463
2985,542,543
2985,663,664
2986,372,373
2986,438,439
2986,542,543
2986,663,664
2987,374,375
2987,618,619
2987,663,664
2987,720,721
2988,372,373
2988,374,375
2988,663,664
2988,720,721
2989,377,378
2989,542,543
2989,663,664
2989,789,790
2990,377,378
2990,394,395
2990,663,664
2990,789,790
2991,372,373
2991,373,374
2991,374,375
2991,663,664
2992,446,447
2992,618,619
2992,663,664
2992,819,820
2993,374,375
2993,618,619
2993,663,664
2993,819,820
2994,374,375
2994,446,447
2994,663,664
2994,819,820
2995,927,928
2995,1099,1100
2995,1192,1193
2995,1253,1254
2996,1099,1100
2996,1101,1102
2996,1145,1146
2996,1253,1254
2997,1099,1100
2997,1145,1146
2997,1192,1193
2997,1253,1254
2998,1099,1100
2998,1101,1102
2998,1145,1146
2998,1235,1236
2999,1099,1100
2999,1145,1146
2999,1192,1193
2999,1235,1236
3000,1099,1100
3000,1101,1102
3000,1235,1236
3000,1369,1370
3001,1099,1100
3001,1101,1102
3001,1158,1159
3001,1369,1370
3002,316,317
3002,319,320
3002,363,364
3002,523,524
3003,319,320
3003,429,430
3003,523,524
3003,530,531
3004,319,320
3004,429,430
3004,530,531
3004,577,578
3005,316,317
3005,319,320
3005,323,324
3005,363,364
3006,319,320
3006,429,430
3006,523,524
3006,588,589
3007,319,320
3007,363,364
3007,523,524
3007,588,589
3008,491,492
3008,530,531
3008,577,578
3008,598,599
3009,274,275
3009,491,492
3009,577,578
3009,598,599
3010,491,492
3010,530,531
3010,598,599
3010,624,625
3011,319,320
3011,491,492
3011,530,531
3011,577,578
3012,491,492
3012,523,524
3012,530,531
3012,624,625
3013,316,317
3013,319,320
3013,491,492
3013,523,524
3014,319,320
3014,491,492
3014,523,524
3014,530,531
3015,47,48
3015,162,163
3015,176,177
3015,290,291
3016,47,48
3016,129,130
3016,176,177
3016,290,291
3017,47,48
3017,129,130
3017,150,151
3017,159,160
3018,47,48
3018,159,160
3018,162,163
3018,176,177
3019,47,48
3019,129,130
3019,159,160
3019,176,177
3020,281,282
3020,316,317
3020,319,320
3020,323,324
3021,281,282
3021,316,317
3021,319,320
3021,491,492
3022,274,275
3022,281,282
3022,491,492
3022,577,578
3023,281,282
3023,319,320
3023,491,492
3023,577,578
3024,374,375
3024,482,483
3024,638,639
3024,819,820
3025,407,408
3025,482,483
3025,626,627
3025,638,639
3026,374,375
3026,407,408
3026,482,483
3026,638,639
3027,407,408
3027,482,483
3027,486,487
3027,626,627
3028,407,408
3028,482,483
3028,486,487
3028,628,629
3029,374,375
3029,407,408
3029,482,483
3029,628,629
3030,245,246
3030,308,309
3030,512,513
3030,595,596
3031,245,246
3031,298,299
3031,512,513
3031,595,596
3032,298,299
3032,512,513
3032,595,596
3032,644,645
3033,245,246
3033,298,299
3033,474,475
3033,512,513
3034,331,332
3034,333,334
3034,474,475
3034,512,513
3035,226,227
3035,331,332
3035,474,475
3035,512,513
3036,226,227
3036,331,332
3036,512,513
3036,644,645
3037,226,227
3037,474,475
3037,512,513
3037,644,645
3038,29,30
3038,46,47
3038,74,75
3038,265,266
3039,46,47
3039,74,75
3039,265,266
3039,333,334
3040,46,47
3040,74,75
3040,331,332
3040,333,334
3041,67,68
3041,156,157
3041,184,185
3041,210,211
3042,46,47
3042,67,68
3042,156,157
3042,184,185
3043,67,68
3043,184,185
3043,210,211
3043,256,257
3044,46,47
3044,67,68
3044,184,185
3044,256,257
3045,184,185
3045,210,211
3045,236,237
3045,256,257
3046,46,47
3046,156,157
3046,184,185
3046,208,209
3047,184,185
3047,236,237
3047,256,257
3047,308,309
3048,46,47
3048,184,185
3048,256,257
3048,308,309
3049,34,35
3049,156,157
3049,180,181
3049,184,185
3050,34,35
3050,156,157
3050,184,185
3050,208,209
3051,80,81
3051,184,185
3051,210,211
3051,236,237
3052,46,47
3052,184,185
3052,208,209
3052,307,308
3053,184,185
3053,236,237
3053,307,308
3053,308,309
3054,46,47
3054,184,185
3054,307,308
3054,308,309
3055,34,35
3055,80,81
3055,180,181
3055,184,185
3056,80,81
3056,180,181
3056,184,185
3056,210,211
3057,43,44
3057,156,157
3057,180,181
3057,184,185
3058,43,44
3058,156,157
3058,184,185
3058,210,211
3059,43,44
3059,180,181
3059,184,185
3059,210,211
3060,34,35
3060,54,55
3060,184,185
3060,208,209
3061,34,35
3061,54,55
3061,80,81
3061,184,185
3062,54,55
3062,80,81
3062,184,185
3062,236,237
3063,54,55
3063,184,185
3063,208,209
3063,307,308
3064,54,55
3064,184,185
3064,236,237
3064,307,308
3065,304,305
3065,414,415
3065,552,553
3065,595,596
3066,414,415
3066,552,553
3066,595,596
3066,644,645
3067,304,305
3067,360,361
3067,414,415
3067,552,553
3068,284,285
3068,414,415
3068,472,473
3068,644,645
3069,284,285
3069,414,415
3069,472,473
3069,564,565
3070,349,350
3070,360,361
3070,414,415
3070,552,553
3071,349,350
3071,414,415
3071,552,553
3071,644,645
3072,349,350
3072,414,415
3072,472,473
3072,644,645
3073,296,297
3073,349,350
3073,414,415
3073,472,473
3074,296,297
3074,414,415
3074,472,473
3074,564,565
3075,296,297
3075,349,350
3075,408,409
3075,414,415
3076,296,297
3076,360,361
3076,408,409
3076,414,415
3077,349,350
3077,360,361
3077,408,409
3077,414,415
3078,284,285
3078,321,322
3078,414,415
3078,564,565
3079,257,258
3079,284,285
3079,321,322
3079,564,565
3080,257,258
3080,321,322
3080,343,344
3080,403,404
3081,257,258
3081,321,322
3081,403,404
3081,564,565
3082,219,220
3082,256,257
3082,284,285
3082,331,332
3083,219,220
3083,226,227
3083,284,285
3083,331,332
3084,219,220
3084,226,227
3084,331,332
3084,644,645
3085,219,220
3085,226,227
3085,284,285
3085,644,645
3086,219,220
3086,284,285
3086,414,415
3086,644,645
3087,219,220
3087,331,332
3087,512,513
3087,644,645
3088,219,220
3088,512,513
3088,595,596
3088,644,645
3089,219,220
3089,414,415
3089,595,596
3089,644,645
3090,219,220
3090,256,257
3090,308,309
3090,331,332
3091,219,220
3091,308,309
3091,331,332
3091,512,513
3092,219,220
3092,308,309
3092,512,513
3092,595,596
3093,219,220
3093,256,257
3093,284,285
3093,321,322
3094,219,220
3094,284,285
3094,321,322
3094,414,415
3095,219,220
3095,304,305
3095,414,415
3095,595,596
3096,219,220
3096,304,305
3096,321,322
3096,414,415
3097,210,211
3097,236,237
3097,273,274
3097,465,466
3098,210,211
3098,236,237
3098,256,257
3098,465,466
3099,219,220
3099,256,257
3099,321,322
3099,465,466
3100,236,237
3100,256,257
3100,308,309
3100,465,466
3101,219,220
3101,256,257
3101,308,309
3101,465,466
3102,304,305
3102,465,466
3102,595,596
3102,604,605
3103,236,237
3103,273,274
3103,465,466
3103,604,605
3104,219,220
3104,304,305
3104,465,466
3104,595,596
3105,219,220
3105,304,305
3105,321,322
3105,465,466
3106,219,220
3106,308,309
3106,465,466
3106,595,596
3107,390,391
3107,465,466
3107,595,596
3107,604,605
3108,236,237
3108,390,391
3108,465,466
3108,604,605
3109,308,309
3109,390,391
3109,465,466
3109,595,596
3110,236,237
3110,308,309
3110,390,391
3110,465,466
3111,13,14
3111,50,51
3111,97,98
3111,262,263
3112,13,14
3112,50,51
3112,97,98
3112,119,120
3113,13,14
3113,50,51
3113,119,120
3113,138,139
3114,50,51
3114,97,98
3114,133,134
3114,257,258
3115,50,51
3115,133,134
3115,257,258
3115,280,281
3116,97,98
3116,119,120
3116,133,134
3116,232,233
3117,50,51
3117,97,98
3117,119,120
3117,133,134
3118,50,51
3118,133,134
3118,178,179
3118,280,281
3119,119,120
3119,133,134
3119,138,139
3119,232,233
3120,50,51
3120,119,120
3120,133,134
3120,138,139
3121,37,38
3121,133,134
3121,209,210
3121,232,233
3122,97,98
3122,133,134
3122,209,210
3122,257,258
3123,50,51
3123,133,134
3123,138,139
3123,178,179
3124,37,38
3124,133,134
3124,209,210
3124,280,281
3125,133,134
3125,209,210
3125,257,258
3125,280,281
3126,133,134
3126,145,146
3126,209,210
3126,232,233
3127,97,98
3127,133,134
3127,145,146
3127,232,233
3128,97,98
3128,133,134
3128,145,146
3128,209,210
3129,37,38
3129,133,134
3129,188,189
3129,232,233
3130,37,38
3130,133,134
3130,280,281
3130,324,325
3131,133,134
3131,178,179
3131,280,281
3131,324,325
3132,133,134
3132,138,139
3132,188,189
3132,232,233
3133,133,134
3133,138,139
3133,178,179
3133,188,189
3134,37,38
3134,133,134
3134,188,189
3134,324,325
3135,133,134
3135,178,179
3135,188,189
3135,324,325
3136,346,347
3136,379,380
3136,439,440
3136,503,504
3137,225,226
3137,264,265
3137,346,347
3137,503,504
3138,264,265
3138,346,347
3138,439,440
3138,503,504
3139,240,241
3139,264,265
3139,439,440
3139,503,504
3140,240,241
3140,264,265
3140,476,477
3140,503,504
3141,240,241
3141,439,440
3141,476,477
3141,503,504
3142,264,265
3142,346,347
3142,520,521
3142,545,546
3143,225,226
3143,264,265
3143,346,347
3143,545,546
3144,225,226
3144,264,265
3144,545,546
3144,574,575
3145,225,226
3145,545,546
3145,574,575
3145,635,636
3146,545,546
3146,556,557
3146,574,575
3146,635,636
3147,505,506
3147,545,546
3147,556,557
3147,574,575
3148,247,248
3148,288,289
3148,328,329
3148,472,473
3149,247,248
3149,288,289
3149,314,315
3149,472,473
3150,182,183
3150,226,227
3150,288,289
3150,314,315
3151,226,227
3151,288,289
3151,314,315
3151,472,473
3152,262,263
3152,288,289
3152,328,329
3152,564,565
3153,288,289
3153,328,329
3153,472,473
3153,564,565
3154,226,227
3154,284,285
3154,288,289
3154,472,473
3155,97,98
3155,262,263
3155,284,285
3155,288,289
3156,262,263
3156,284,285
3156,288,289
3156,564,565
3157,284,285
3157,288,289
3157,472,473
3157,564,565
3158,182,183
3158,226,227
3158,288,289
3158,312,313
3159,226,227
3159,284,285
3159,288,289
3159,312,313
3160,97,98
3160,182,183
3160,288,289
3160,312,313
3161,97,98
3161,284,285
3161,288,289
3161,312,313
3162,90,91
3162,99,100
3162,335,336
3162,352,353
3163,90,91
3163,104,105
3163,335,336
3163,352,353
3164,99,100
3164,335,336
3164,351,352
3164,352,353
3165,27,28
3165,90,91
3165,99,100
3165,352,353
3166,27,28
3166,90,91
3166,104,105
3166,352,353
3167,4,5
3167,99,100
3167,351,352
3167,352,353
3168,27,28
3168,99,100
3168,109,110
3168,352,353
3169,55,56
3169,58,59
3169,123,124
3169,351,352
3170,4,5
3170,58,59
3170,351,352
3170,352,353
3171,55,56
3171,58,59
3171,351,352
3171,352,353
3172,13,14
3172,119,120
3172,120,121
3172,138,139
3173,13,14
3173,84,85
3173,119,120
3173,120,121
3174,84,85
3174,119,120
3174,120,121
3174,198,199
3175,10,11
3175,120,121
3175,138,139
3175,190,191
3176,10,11
3176,12,13
3176,120,121
3176,190,191
3177,10,11
3177,119,120
3177,120,121
3177,138,139
3178,4,5
3178,8,9
3178,137,138
3178,206,207
3179,4,5
3179,109,110
3179,137,138
3179,206,207
3180,377,378
3180,527,528
3180,562,563
3180,720,721
3181,394,395
3181,527,528
3181,618,619
3181,720,721
3182,377,378
3182,394,395
3182,527,528
3182,720,721
3183,377,378
3183,394,395
3183,527,528
3183,924,925
3184,415,416
3184,527,528
3184,618,619
3184,720,721
3185,714,715
3185,727,728
3185,818,819
3185,867,868
3186,714,715
3186,727,728
3186,807,808
3186,818,819
3187,727,728
3187,807,808
3187,818,819
3187,924,925
3188,372,373
3188,542,543
3188,562,563
3188,616,617
3189,372,373
3189,562,563
3189,572,573
3189,616,617
3190,372,373
3190,438,439
3190,542,543
3190,616,617
3191,372,373
3191,513,514
3191,572,573
3191,616,617
3192,268,269
3192,372,373
3192,438,439
3192,616,617
3193,268,269
3193,372,373
3193,513,514
3193,616,617
3194,1646,1647
3194,1785,1786
3194,1788,1789
3194,1838,1839
3195,1646,1647
3195,1785,1786
3195,1788,1789
3195,1815,1816
3196,1588,1589
3196,1600,1601
3196,1724,1725
3196,1725,1726
3197,1490,1491
3197,1600,1601
3197,1607,1608
3197,1723,1724
3198,1490,1491
3198,1588,1589
3198,1600,1601
3198,1723,1724
3199,1588,1589
3199,1600,1601
3199,1723,1724
3199,1724,1725
3200,1533,1534
3200,1670,1671
3200,1705,1706
3200,1840,1841
3201,1533,1534
3201,1670,1671
3201,1742,1743
3201,1840,1841
3202,1673,1674
3202,1735,1736
3202,1742,1743
3202,1834,1835
3203,1673,1674
3203,1739,1740
3203,1742,1743
3203,1834,1835
3204,1670,1671
3204,1673,1674
3204,1739,1740
3204,1742,1743
3205,1673,1674
3205,1735,1736
3205,1763,1764
3205,1834,1835
3206,1673,1674
3206,1708,1709
3206,1735,1736
3206,1763,1764
3207,1673,1674
3207,1763,1764
3207,1774,1775
3207,1834,1835
3208,1673,1674
3208,1774,1775
3208,1834,1835
3208,1838,1839
3209,1673,1674
3209,1739,1740
3209,1834,1835
3209,1838,1839
3210,1673,1674
3210,1708,1709
3210,1763,1764
3210,1774,1775
3211,1673,1674
3211,1708,1709
3211,1766,1767
3211,1774,1775
3212,1673,1674
3212,1766,1767
3212,1774,1775
3212,1785,1786
3213,1646,1647
3213,1673,1674
3213,1739,1740
3213,1838,1839
3214,1673,1674
3214,1774,1775
3214,1785,1786
3214,1838,1839
3215,1646,1647
3215,1673,1674
3215,1785,1786
3215,1838,1839
3216,744,745
3216,752,753
3216,824,825
3216,998,999
3217,744,745
3217,752,753
3217,778,779
3217,998,999
3218,744,745
3218,750,751
3218,752,753
3218,778,779
3219,744,745
3219,750,751
3219,778,779
3219,988,989
3220,683,684
3220,744,745
3220,872,873
3220,891,892
3221,683,684
3221,744,745
3221,752,753
3221,824,825
3222,683,684
3222,744,745
3222,824,825
3222,872,873
3223,229,230
3223,411,412
3223,517,518
3223,608,609
3224,411,412
3224,517,518
3224,565,566
3224,608,609
3225,229,230
3225,411,412
3225,473,474
3225,517,518
3226,411,412
3226,473,474
3226,517,518
3226,551,552
3227,392,393
3227,411,412
3227,517,518
3227,565,566
3228,229,230
3228,251,252
3228,473,474
3228,517,518
3229,251,252
3229,473,474
3229,517,518
3229,551,552
3230,392,393
3230,460,461
3230,517,518
3230,551,552
3231,392,393
3231,411,412
3231,460,461
3231,517,518
3232,411,412
3232,460,461
3232,517,518
3232,551,552
3233,877,878
3233,921,922
3233,986,987
3233,1143,1144
3234,986,987
3234,1017,1018
3234,1143,1144
3234,1188,1189
3235,921,922
3235,986,987
3235,1143,1144
3235,1193,1194
3236,986,987
3236,1143,1144
3236,1188,1189
3236,1193,1194
3237,866,867
3237,899,900
3237,995,996
3237,998,999
3238,866,867
3238,995,996
3238,998,999
3238,1056,1057
3239,752,753
3239,778,779
3239,866,867
3239,998,999
3240,778,779
3240,866,867
3240,998,999
3240,1056,1057
3241,752,753
3241,778,779
3241,866,867
3241,980,981
3242,778,779
3242,866,867
3242,980,981
3242,1056,1057
3243,710,711
3243,847,848
3243,866,867
3243,980,981
3244,710,711
3244,847,848
3244,866,867
3244,1056,1057
3245,710,711
3245,866,867
3245,980,981
3245,1056,1057
3246,654,655
3246,726,727
3246,837,838
3246,963,964
3247,654,655
3247,860,861
3247,899,900
3247,1015,1016
3248,654,655
3248,899,900
3248,995,996
3248,1015,1016
3249,654,655
3249,866,867
3249,899,900
3249,995,996
3250,654,655
3250,847,848
3250,866,867
3250,995,996
3251,699,700
3251,837,838
3251,847,848
3251,980,981
3252,724,725
3252,758,759
3252,832,833
3252,842,843
3253,758,759
3253,832,833
3253,842,843
3253,963,964
3254,832,833
3254,837,838
3254,842,843
3254,963,964
3255,758,759
3255,779,780
3255,842,843
3255,932,933
3256,758,759
3256,842,843
3256,932,933
3256,963,964
3257,847,848
3257,866,867
3257,995,996
3257,1062,1063
3258,866,867
3258,995,996
3258,1056,1057
3258,1062,1063
3259,847,848
3259,866,867
3259,1056,1057
3259,1062,1063
3260,710,711
3260,847,848
3260,1056,1057
3260,1062,1063
3261,1322,1323
3261,1441,1442
3261,1483,1484
3261,1574,1575
3262,1474,1475
3262,1574,1575
3262,1699,1700
3262,1786,1787
3263,1474,1475
3263,1483,1484
3263,1574,1575
3263,1786,1787
3264,848,849
3264,909,910
3264,1059,1060
3264,1093,1094
3265,943,944
3265,1059,1060
3265,1147,1148
3265,1149,1150
3266,1087,1088
3266,1116,1117
3266,1239,1240
3266,1329,1330
3267,1087,1088
3267,1116,1117
3267,1141,1142
3267,1239,1240
3268,1087,1088
3268,1141,1142
3268,1239,1240
3268,1325,1326
3269,1082,1083
3269,1087,1088
3269,1116,1117
3269,1329,1330
3270,1082,1083
3270,1087,1088
3270,1116,1117
3270,1141,1142
3271,1087,1088
3271,1141,1142
3271,1325,1326
3271,1448,1449
3272,1087,1088
3272,1313,1314
3272,1325,1326
3272,1448,1449
3273,1087,1088
3273,1141,1142
3273,1205,1206
3273,1448,1449
3274,1082,1083
3274,1087,1088
3274,1141,1142
3274,1205,1206
3275,1152,1153
3275,1163,1164
3275,1166,1167
3275,1269,1270
3276,929,930
3276,1163,1164
3276,1166,1167
3276,1268,1269
3277,1152,1153
3277,1166,1167
3277,1185,1186
3277,1269,1270
3278,929,930
3278,1163,1164
3278,1166,1167
3278,1266,1267
3279,1163,1164
3279,1166,1167
3279,1266,1267
3279,1269,1270
3280,929,930
3280,1166,1167
3280,1266,1267
3280,1269,1270
3281,1163,1164
3281,1166,1167
3281,1268,1269
3281,1327,1328
3282,936,937
3282,1166,1167
3282,1268,1269
3282,1327,1328
3283,936,937
3283,1152,1153
3283,1166,1167
3283,1185,1186
3284,1152,1153
3284,1163,1164
3284,1166,1167
3284,1327,1328
3285,936,937
3285,1152,1153
3285,1166,1167
3285,1327,1328
3286,929,930
3286,936,937
3286,1166,1167
3286,1268,1269
3287,1166,1167
3287,1185,1186
3287,1228,1229
3287,1269,1270
3288,929,930
3288,1166,1167
3288,1228,1229
3288,1269,1270
3289,1281,1282
3289,1388,1389
3289,1470,1471
3289,1475,1476
3290,1470,1471
3290,1475,1476
3290,1563,1564
3290,1590,1591
3291,1388,1389
3291,1470,1471
3291,1475,1476
3291,1590,1591
3292,1475,1476
3292,1501,1502
3292,1551,1552
3292,1563,1564
3293,1470,1471
3293,1475,1476
3293,1501,1502
3293,1551,1552
3294,1470,1471
3294,1475,1476
3294,1501,1502
3294,1563,1564
3295,1293,1294
3295,1363,1364
3295,1475,1476
3295,1551,1552
3296,1293,1294
3296,1470,1471
3296,1475,1476
3296,1551,1552
3297,1281,1282
3297,1345,1346
3297,1363,1364
3297,1475,1476
3298,1281,1282
3298,1345,1346
3298,1470,1471
3298,1475,1476
3299,1293,1294
3299,1345,1346
3299,1363,1364
3299,1475,1476
3300,1293,1294
3300,1345,1346
3300,1470,1471
3300,1475,1476
3301,370,371
3301,582,583
3301,603,604
3301,622,623
3302,368,369
3302,370,371
3302,603,604
3302,622,623
3303,368,369
3303,370,371
3303,582,583
3303,622,623
3304,370,371
3304,558,559
3304,582,583
3304,603,604
3305,370,371
3305,471,472
3305,558,559
3305,603,604
3306,370,371
3306,471,472
3306,558,559
3306,582,583
3307,318,319
3307,368,369
3307,370,371
3307,582,583
3308,370,371
3308,471,472
3308,582,583
3308,634,635
3309,317,318
3309,318,319
3309,368,369
3309,370,371
3310,370,371
3310,496,497
3310,582,583
3310,634,635
3311,318,319
3311,370,371
3311,496,497
3311,582,583
3312,300,301
3312,317,318
3312,318,319
3312,370,371
3313,300,301
3313,318,319
3313,370,371
3313,496,497
3314,1091,1092
3314,1128,1129
3314,1333,1334
3314,1434,1435
3315,1128,1129
3315,1241,1242
3315,1333,1334
3315,1434,1435
3316,1050,1051
3316,1091,1092
3316,1162,1163
3316,1333,1334
3317,1050,1051
3317,1091,1092
3317,1128,1129
3317,1333,1334
3318,1091,1092
3318,1100,1101
3318,1333,1334
3318,1434,1435
3319,1162,1163
3319,1178,1179
3319,1241,1242
3319,1333,1334
3320,1091,1092
3320,1162,1163
3320,1184,1185
3320,1333,1334
3321,1091,1092
3321,1100,1101
3321,1184,1185
3321,1333,1334
3322,1241,1242
3322,1333,1334
3322,1372,1373
3322,1434,1435
3323,1178,1179
3323,1241,1242
3323,1333,1334
3323,1372,1373
3324,1162,1163
3324,1178,1179
3324,1264,1265
3324,1333,1334
3325,1162,1163
3325,1184,1185
3325,1264,1265
3325,1333,1334
3326,1100,1101
3326,1184,1185
3326,1264,1265
3326,1333,1334
3327,1304,1305
3327,1333,1334
3327,1372,1373
3327,1434,1435
3328,1100,1101
3328,1304,1305
3328,1333,1334
3328,1434,1435
3329,1178,1179
3329,1333,1334
3329,1347,1348
3329,1372,1373
3330,1178,1179
3330,1264,1265
3330,1333,1334
3330,1347,1348
3331,1100,1101
3331,1264,1265
3331,1333,1334
3331,1347,1348
3332,1304,1305
3332,1333,1334
3332,1347,1348
3332,1372,1373
3333,1100,1101
3333,1304,1305
3333,1333,1334
3333,1347,1348
3334,1162,1163
3334,1176,1177
3334,1241,1242
3334,1267,1268
3335,1162,1163
3335,1176,1177
3335,1241,1242
3335,1333,1334
3336,1128,1129
3336,1176,1177
3336,1241,1242
3336,1333,1334
3337,1176,1177
3337,1241,1242
3337,1267,1268
3337,1270,1271
3338,1050,1051
3338,1162,1163
3338,1176,1177
3338,1333,1334
3339,1050,1051
3339,1128,1129
3339,1176,1177
3339,1333,1334
3340,1050,1051
3340,1162,1163
3340,1176,1177
3340,1259,1260
3341,1050,1051
3341,1093,1094
3341,1176,1177
3341,1259,1260
3342,1049,1050
3342,1149,1150
3342,1196,1197
3342,1221,1222
3343,1049,1050
3343,1107,1108
3343,1196,1197
3343,1221,1222
3344,994,995
3344,1049,1050
3344,1107,1108
3344,1196,1197
3345,1049,1050
3345,1104,1105
3345,1149,1150
3345,1196,1197
3346,994,995
3346,1049,1050
3346,1104,1105
3346,1196,1197
3347,880,881
3347,1107,1108
3347,1196,1197
3347,1221,1222
3348,895,896
3348,994,995
3348,1196,1197
3348,1237,1238
3349,994,995
3349,1107,1108
3349,1196,1197
3349,1237,1238
3350,1021,1022
3350,1104,1105
3350,1149,1150
3350,1196,1197
3351,895,896
3351,1021,1022
3351,1149,1150
3351,1196,1197
3352,994,995
3352,1021,1022
3352,1104,1105
3352,1196,1197
3353,895,896
3353,994,995
3353,1021,1022
3353,1196,1197
3354,895,896
3354,1016,1017
3354,1196,1197
3354,1237,1238
3355,880,881
3355,1107,1108
3355,1196,1197
3355,1237,1238
3356,880,881
3356,1016,1017
3356,1196,1197
3356,1237,1238
3357,880,881
3357,1016,1017
3357,1189,1190
3357,1196,1197
3358,1522,1523
3358,1662,1663
3358,1693,1694
3358,1715,1716
3359,1522,1523
3359,1549,1550
3359,1693,1694
3359,1764,1765
3360,1522,1523
3360,1662,1663
3360,1693,1694
3360,1764,1765
3361,1522,1523
3361,1549,1550
3361,1614,1615
3361,1693,1694
3362,1522,1523
3362,1614,1615
3362,1693,1694
3362,1715,1716
3363,1549,1550
3363,1693,1694
3363,1700,1701
3363,1764,1765
3364,1662,1663
3364,1693,1694
3364,1700,1701
3364,1764,1765
3365,1662,1663
3365,1693,1694
3365,1700,1701
3365,1801,1802
3366,1532,1533
3366,1549,1550
3366,1614,1615
3366,1693,1694
3367,1532,1533
3367,1614,1615
3367,1693,1694
3367,1715,1716
3368,1646,1647
3368,1693,1694
3368,1700,1701
3368,1801,1802
3369,1532,1533
3369,1549,1550
3369,1693,1694
3369,1815,1816
3370,1549,1550
3370,1693,1694
3370,1746,1747
3370,1815,1816
3371,1549,1550
3371,1693,1694
3371,1700,1701
3371,1746,1747
3372,1646,1647
3372,1693,1694
3372,1746,1747
3372,1815,1816
3373,1646,1647
3373,1693,1694
3373,1700,1701
3373,1746,1747
3374,1532,1533
3374,1693,1694
3374,1785,1786
3374,1815,1816
3375,1646,1647
3375,1693,1694
3375,1785,1786
3375,1815,1816
3376,1490,1491
3376,1560,1561
3376,1600,1601
3376,1607,1608
3377,1297,1298
3377,1306,1307
3377,1343,1344
3377,1369,1370
3378,1297,1298
3378,1306,1307
3378,1369,1370
3378,1433,1434
3379,1297,1298
3379,1306,1307
3379,1433,1434
3379,1553,1554
3380,1481,1482
3380,1522,1523
3380,1562,1563
3380,1715,1716
3381,1481,1482
3381,1522,1523
3381,1562,1563
3381,1617,1618
3382,1481,1482
3382,1562,1563
3382,1601,1602
3382,1617,1618
3383,1440,1441
3383,1481,1482
3383,1562,1563
3383,1601,1602
3384,1440,1441
3384,1562,1563
3384,1601,1602
3384,1617,1618
3385,1522,1523
3385,1547,1548
3385,1562,1563
3385,1617,1618
3386,1440,1441
3386,1547,1548
3386,1562,1563
3386,1617,1618
3387,1522,1523
3387,1547,1548
3387,1562,1563
3387,1614,1615
3388,1522,1523
3388,1562,1563
3388,1614,1615
3388,1715,1716
3389,1392,1393
3389,1547,1548
3389,1562,1563
3389,1614,1615
3390,1392,1393
3390,1468,1469
3390,1547,1548
3390,1562,1563
3391,1440,1441
3391,1468,1469
3391,1547,1548
3391,1562,1563
3392,1392,1393
3392,1440,1441
3392,1468,1469
3392,1562,1563
3393,1361,1362
3393,1441,1442
3393,1531,1532
3393,1636,1637
3394,1349,1350
3394,1361,1362
3394,1531,1532
3394,1636,1637
3395,1303,1304
3395,1349,1350
3395,1361,1362
3395,1636,1637
3396,1361,1362
3396,1441,1442
3396,1483,1484
3396,1636,1637
3397,1303,1304
3397,1361,1362
3397,1438,1439
3397,1636,1637
3398,1303,1304
3398,1438,1439
3398,1617,1618
3398,1636,1637
3399,1322,1323
3399,1521,1522
3399,1531,1532
3399,1636,1637
3400,1322,1323
3400,1441,1442
3400,1531,1532
3400,1636,1637
3401,1361,1362
3401,1438,1439
3401,1483,1484
3401,1636,1637
3402,1438,1439
3402,1483,1484
3402,1617,1618
3402,1636,1637
3403,1521,1522
3403,1601,1602
3403,1617,1618
3403,1636,1637
3404,1303,1304
3404,1601,1602
3404,1617,1618
3404,1636,1637
3405,1322,1323
3405,1441,1442
3405,1483,1484
3405,1636,1637
3406,1380,1381
3406,1521,1522
3406,1531,1532
3406,1636,1637
3407,1521,1522
3407,1617,1618
3407,1636,1637
3407,1786,1787
3408,1483,1484
3408,1617,1618
3408,1636,1637
3408,1786,1787
3409,1322,1323
3409,1483,1484
3409,1574,1575
3409,1636,1637
3410,1287,1288
3410,1414,1415
3410,1511,1512
3410,1570,1571
3411,1301,1302
3411,1511,1512
3411,1528,1529
3411,1710,1711
3412,1301,1302
3412,1391,1392
3412,1455,1456
3412,1511,1512
3413,1301,1302
3413,1353,1354
3413,1511,1512
3413,1528,1529
3414,1301,1302
3414,1304,1305
3414,1455,1456
3414,1511,1512
3415,1318,1319
3415,1326,1327
3415,1354,1355
3415,1455,1456
3416,1326,1327
3416,1354,1355
3416,1417,1418
3416,1455,1456
3417,1354,1355
3417,1417,1418
3417,1455,1456
3417,1570,1571
3418,1203,1204
3418,1326,1327
3418,1354,1355
3418,1417,1418
3419,1294,1295
3419,1318,1319
3419,1326,1327
3419,1354,1355
3420,1287,1288
3420,1476,1477
3420,1508,1509
3420,1518,1519
3421,1508,1509
3421,1521,1522
3421,1601,1602
3421,1636,1637
3422,1476,1477
3422,1508,1509
3422,1523,1524
3422,1601,1602
3423,1287,1288
3423,1476,1477
3423,1508,1509
3423,1523,1524
3424,1130,1131
3424,1203,1204
3424,1417,1418
3424,1453,1454
3425,1130,1131
3425,1390,1391
3425,1428,1429
3425,1437,1438
3426,1130,1131
3426,1291,1292
3426,1437,1438
3426,1453,1454
3427,1130,1131
3427,1291,1292
3427,1390,1391
3427,1437,1438
3428,1130,1131
3428,1341,1342
3428,1428,1429
3428,1437,1438
3429,1130,1131
3429,1423,1424
3429,1437,1438
3429,1453,1454
3430,1130,1131
3430,1341,1342
3430,1423,1424
3430,1437,1438
3431,1130,1131
3431,1417,1418
3431,1423,1424
3431,1453,1454
3432,1130,1131
3432,1341,1342
3432,1417,1418
3432,1423,1424
3433,1054,1055
3433,1153,1154
3433,1260,1261
3433,1446,1447
3434,1054,1055
3434,1153,1154
3434,1256,1257
3434,1446,1447
3435,1054,1055
3435,1115,1116
3435,1153,1154
3435,1211,1212
3436,1054,1055
3436,1153,1154
3436,1211,1212
3436,1256,1257
3437,1115,1116
3437,1153,1154
3437,1211,1212
3437,1339,1340
3438,1153,1154
3438,1211,1212
3438,1256,1257
3438,1364,1365
3439,1153,1154
3439,1256,1257
3439,1364,1365
3439,1446,1447
3440,1153,1154
3440,1211,1212
3440,1339,1340
3440,1469,1470
3441,1153,1154
3441,1339,1340
3441,1407,1408
3441,1469,1470
3442,1153,1154
3442,1339,1340
3442,1384,1385
3442,1407,1408
3443,1115,1116
3443,1153,1154
3443,1242,1243
3443,1339,1340
3444,1153,1154
3444,1242,1243
3444,1339,1340
3444,1384,1385
3445,1153,1154
3445,1211,1212
3445,1364,1365
3445,1469,1470
3446,1153,1154
3446,1364,1365
3446,1407,1408
3446,1469,1470
3447,1124,1125
3447,1153,1154
3447,1364,1365
3447,1407,1408
3448,1124,1125
3448,1153,1154
3448,1407,1408
3448,1446,1447
3449,1124,1125
3449,1153,1154
3449,1364,1365
3449,1446,1447
3450,1203,1204
3450,1260,1261
3450,1289,1290
3450,1446,1447
3451,1152,1153
3451,1289,1290
3451,1294,1295
3451,1360,1361
3452,1289,1290
3452,1294,1295
3452,1326,1327
3452,1360,1361
3453,1153,1154
3453,1260,1261
3453,1289,1290
3453,1446,1447
3454,1152,1153
3454,1289,1290
3454,1327,1328
3454,1360,1361
3455,1115,1116
3455,1152,1153
3455,1289,1290
3455,1327,1328
3456,1115,1116
3456,1152,1153
3456,1242,1243
3456,1289,1290
3457,1152,1153
3457,1242,1243
3457,1289,1290
3457,1294,1295
3458,1054,1055
3458,1115,1116
3458,1153,1154
3458,1289,1290
3459,1054,1055
3459,1153,1154
3459,1260,1261
3459,1289,1290
3460,1115,1116
3460,1153,1154
3460,1242,1243
3460,1289,1290
3461,1054,1055
3461,1115,1116
3461,1289,1290
3461,1327,1328
3462,1054,1055
3462,1260,1261
3462,1289,1290
3462,1327,1328
3463,1100,1101
3463,1261,1262
3463,1284,1285
3463,1467,1468
3464,1100,1101
3464,1123,1124
3464,1261,1262
3464,1284,1285
3465,1182,1183
3465,1284,1285
3465,1414,1415
3465,1467,1468
3466,1182,1183
3466,1261,1262
3466,1284,1285
3466,1467,1468
3467,1123,1124
3467,1261,1262
3467,1284,1285
3467,1417,1418
3468,1100,1101
3468,1123,1124
3468,1284,1285
3468,1304,1305
3469,1182,1183
3469,1284,1285
3469,1341,1342
3469,1414,1415
3470,1182,1183
3470,1261,1262
3470,1284,1285
3470,1341,1342
3471,1100,1101
3471,1284,1285
3471,1304,1305
3471,1353,1354
3472,1123,1124
3472,1284,1285
3472,1417,1418
3472,1455,1456
3473,1284,1285
3473,1341,1342
3473,1414,1415
3473,1417,1418
3474,1261,1262
3474,1284,1285
3474,1341,1342
3474,1417,1418
3475,1123,1124
3475,1284,1285
3475,1304,1305
3475,1455,1456
3476,1284,1285
3476,1414,1415
3476,1467,1468
3476,1528,1529
3477,1284,1285
3477,1353,1354
3477,1467,1468
3477,1528,1529
3478,1100,1101
3478,1265,1266
3478,1284,1285
3478,1467,1468
3479,1100,1101
3479,1265,1266
3479,1284,1285
3479,1353,1354
3480,1265,1266
3480,1284,1285
3480,1353,1354
3480,1467,1468
3481,1284,1285
3481,1414,1415
3481,1417,1418
3481,1570,1571
3482,1284,1285
3482,1417,1418
3482,1455,1456
3482,1570,1571
3483,1284,1285
3483,1304,1305
3483,1455,1456
3483,1511,1512
3484,1284,1285
3484,1301,1302
3484,1304,1305
3484,1353,1354
3485,1284,1285
3485,1301,1302
3485,1304,1305
3485,1511,1512
3486,1284,1285
3486,1301,1302
3486,1353,1354
3486,1511,1512
3487,1284,1285
3487,1414,1415
3487,1511,1512
3487,1528,1529
3488,1284,1285
3488,1353,1354
3488,1511,1512
3488,1528,1529
3489,1284,1285
3489,1414,1415
3489,1511,1512
3489,1570,1571
3490,1284,1285
3490,1455,1456
3490,1511,1512
3490,1570,1571
3491,1182,1183
3491,1399,1400
3491,1467,1468
3491,1471,1472
3492,1182,1183
3492,1265,1266
3492,1399,1400
3492,1467,1468
3493,1265,1266
3493,1399,1400
3493,1463,1464
3493,1467,1468
3494,1217,1218
3494,1261,1262
3494,1265,1266
3494,1399,1400
3495,1182,1183
3495,1217,1218
3495,1261,1262
3495,1399,1400
3496,1182,1183
3496,1261,1262
3496,1265,1266
3496,1399,1400
3497,1399,1400
3497,1460,1461
3497,1463,1464
3497,1471,1472
3498,1399,1400
3498,1460,1461
3498,1463,1464
3498,1467,1468
3499,1399,1400
3499,1460,1461
3499,1467,1468
3499,1471,1472
3500,1217,1218
3500,1264,1265
3500,1265,1266
3500,1399,1400
3501,1351,1352
3501,1507,1508
3501,1710,1711
3501,1823,1824
3502,1351,1352
3502,1477,1478
3502,1528,1529
3502,1710,1711
3503,1351,1352
3503,1426,1427
3503,1477,1478
3503,1528,1529
3504,1351,1352
3504,1414,1415
3504,1426,1427
3504,1528,1529
3505,1351,1352
3505,1414,1415
3505,1511,1512
3505,1528,1529
3506,1351,1352
3506,1511,1512
3506,1528,1529
3506,1710,1711
3507,1287,1288
3507,1351,1352
3507,1507,1508
3507,1710,1711
3508,1351,1352
3508,1414,1415
3508,1426,1427
3508,1568,1569
3509,1287,1288
3509,1351,1352
3509,1414,1415
3509,1511,1512
3510,1287,1288
3510,1351,1352
3510,1414,1415
3510,1568,1569
3511,1287,1288
3511,1351,1352
3511,1507,1508
3511,1568,1569
3512,1283,1284
3512,1540,1541
3512,1612,1613
3512,1639,1640
3513,1283,1284
3513,1540,1541
3513,1612,1613
3513,1619,1620
3514,1283,1284
3514,1456,1457
3514,1540,1541
3514,1639,1640
3515,1283,1284
3515,1456,1457
3515,1540,1541
3515,1619,1620
3516,1283,1284
3516,1477,1478
3516,1612,1613
3516,1619,1620
3517,1283,1284
3517,1456,1457
3517,1527,1528
3517,1639,1640
3518,1283,1284
3518,1409,1410
3518,1456,1457
3518,1619,1620
3519,1283,1284
3519,1409,1410
3519,1456,1457
3519,1545,1546
3520,1283,1284
3520,1527,1528
3520,1592,1593
3520,1639,1640
3521,1283,1284
3521,1592,1593
3521,1612,1613
3521,1639,1640
3522,1283,1284
3522,1460,1461
3522,1477,1478
3522,1619,1620
3523,1283,1284
3523,1460,1461
3523,1477,1478
3523,1545,1546
3524,1283,1284
3524,1527,1528
3524,1545,1546
3524,1625,1626
3525,1283,1284
3525,1456,1457
3525,1527,1528
3525,1625,1626
3526,1283,1284
3526,1456,1457
3526,1545,1546
3526,1625,1626
3527,1283,1284
3527,1409,1410
3527,1460,1461
3527,1619,1620
3528,1283,1284
3528,1409,1410
3528,1460,1461
3528,1545,1546
3529,1283,1284
3529,1477,1478
3529,1592,1593
3529,1612,1613
3530,1538,1539
3530,1592,1593
3530,1605,1606
3530,1612,1613
3531,1302,1303
3531,1514,1515
3531,1605,1606
3531,1621,1622
3532,1538,1539
3532,1575,1576
3532,1605,1606
3532,1748,1749
3533,1302,1303
3533,1605,1606
3533,1621,1622
3533,1710,1711
3534,1302,1303
3534,1605,1606
3534,1612,1613
3534,1637,1638
3535,1538,1539
3535,1575,1576
3535,1605,1606
3535,1731,1732
3536,1302,1303
3536,1528,1529
3536,1605,1606
3536,1710,1711
3537,1302,1303
3537,1528,1529
3537,1605,1606
3537,1612,1613
3538,1528,1529
3538,1605,1606
3538,1612,1613
3538,1710,1711
3539,1663,1664
3539,1666,1667
3539,1807,1808
3539,1812,1813
3540,1663,1664
3540,1666,1667
3540,1694,1695
3540,1807,1808
3541,1663,1664
3541,1666,1667
3541,1694,1695
3541,1750,1751
3542,1643,1644
3542,1663,1664
3542,1694,1695
3542,1845,1846
3543,1663,1664
3543,1694,1695
3543,1807,1808
3543,1845,1846
3544,1494,1495
3544,1559,1560
3544,1639,1640
3544,1784,1785
3545,1494,1495
3545,1559,1560
3545,1635,1636
3545,1639,1640
3546,1494,1495
3546,1584,1585
3546,1635,1636
3546,1639,1640
3547,1494,1495
3547,1584,1585
3547,1635,1636
3547,1812,1813
3548,1494,1495
3548,1538,1539
3548,1584,1585
3548,1812,1813
3549,1494,1495
3549,1527,1528
3549,1639,1640
3549,1784,1785
3550,1494,1495
3550,1527,1528
3550,1613,1614
3550,1784,1785
3551,1494,1495
3551,1527,1528
3551,1592,1593
3551,1639,1640
3552,1494,1495
3552,1527,1528
3552,1592,1593
3552,1613,1614
3553,1494,1495
3553,1592,1593
3553,1613,1614
3553,1626,1627
3554,1494,1495
3554,1592,1593
3554,1612,1613
3554,1639,1640
3555,1494,1495
3555,1538,1539
3555,1592,1593
3555,1612,1613
3556,1494,1495
3556,1538,1539
3556,1592,1593
3556,1626,1627
3557,1494,1495
3557,1584,1585
3557,1612,1613
3557,1639,1640
3558,1494,1495
3558,1538,1539
3558,1584,1585
3558,1612,1613
3559,1494,1495
3559,1613,1614
3559,1747,1748
3559,1784,1785
3560,1302,1303
3560,1366,1367
3560,1466,1467
3560,1546,1547
3561,1302,1303
3561,1353,1354
3561,1466,1467
3561,1546,1547
3562,1353,1354
3562,1366,1367
3562,1466,1467
3562,1546,1547
3563,1302,1303
3563,1366,1367
3563,1466,1467
3563,1505,1506
3564,1302,1303
3564,1353,1354
3564,1466,1467
3564,1543,1544
3565,1347,1348
3565,1353,1354
3565,1366,1367
3565,1466,1467
3566,1320,1321
3566,1347,1348
3566,1366,1367
3566,1466,1467
3567,1320,1321
3567,1366,1367
3567,1466,1467
3567,1505,1506
3568,1424,1425
3568,1439,1440
3568,1466,1467
3568,1543,1544
3569,1320,1321
3569,1424,1425
3569,1439,1440
3569,1466,1467
3570,1320,1321
3570,1439,1440
3570,1466,1467
3570,1505,1506
3571,1314,1315
3571,1347,1348
3571,1353,1354
3571,1466,1467
3572,1314,1315
3572,1353,1354
3572,1466,1467
3572,1543,1544
3573,1314,1315
3573,1424,1425
3573,1466,1467
3573,1543,1544
3574,1320,1321
3574,1347,1348
3574,1372,1373
3574,1466,1467
3575,1320,1321
3575,1372,1373
3575,1424,1425
3575,1466,1467
3576,1314,1315
3576,1347,1348
3576,1372,1373
3576,1466,1467
3577,1314,1315
3577,1372,1373
3577,1424,1425
3577,1466,1467
3578,1310,1311
3578,1314,1315
3578,1401,1402
3578,1452,1453
3579,1245,1246
3579,1310,1311
3579,1314,1315
3579,1452,1453
3580,1245,1246
3580,1310,1311
3580,1314,1315
3580,1402,1403
3581,1310,1311
3581,1314,1315
3581,1402,1403
3581,1586,1587
3582,1245,1246
3582,1310,1311
3582,1373,1374
3582,1452,1453
3583,1245,1246
3583,1310,1311
3583,1373,1374
3583,1402,1403
3584,1310,1311
3584,1401,1402
3584,1452,1453
3584,1631,1632
3585,1310,1311
3585,1314,1315
3585,1543,1544
3585,1586,1587
3586,1310,1311
3586,1401,1402
3586,1543,1544
3586,1586,1587
3587,1310,1311
3587,1314,1315
3587,1401,1402
3587,1543,1544
3588,1310,1311
3588,1401,1402
3588,1586,1587
3588,1631,1632
3589,1310,1311
3589,1373,1374
3589,1431,1432
3589,1452,1453
3590,1310,1311
3590,1431,1432
3590,1452,1453
3590,1631,1632
3591,1310,1311
3591,1373,1374
3591,1431,1432
3591,1631,1632
3592,1276,1277
3592,1310,1311
3592,1373,1374
3592,1631,1632
3593,1276,1277
3593,1310,1311
3593,1586,1587
3593,1631,1632
3594,1276,1277
3594,1310,1311
3594,1311,1312
3594,1373,1374
3595,1276,1277
3595,1310,1311
3595,1311,1312
3595,1402,1403
3596,1310,1311
3596,1311,1312
3596,1373,1374
3596,1402,1403
3597,1276,1277
3597,1310,1311
3597,1411,1412
3597,1586,1587
3598,1310,1311
3598,1402,1403
3598,1411,1412
3598,1586,1587
3599,1276,1277
3599,1310,1311
3599,1402,1403
3599,1411,1412
3600,1067,1068
3600,1175,1176
3600,1190,1191
3600,1396,1397
3601,1175,1176
3601,1190,1191
3601,1270,1271
3601,1396,1397
3602,1177,1178
3602,1190,1191
3602,1202,1203
3602,1298,1299
3603,1177,1178
3603,1190,1191
3603,1202,1203
3603,1270,1271
3604,1190,1191
3604,1202,1203
3604,1298,1299
3604,1396,1397
3605,1190,1191
3605,1202,1203
3605,1270,1271
3605,1396,1397
3606,864,865
3606,1131,1132
3606,1140,1141
3606,1177,1178
3607,1131,1132
3607,1140,1141
3607,1177,1178
3607,1270,1271
3608,1140,1141
3608,1177,1178
3608,1190,1191
3608,1270,1271
3609,1140,1141
3609,1175,1176
3609,1190,1191
3609,1270,1271
3610,864,865
3610,1063,1064
3610,1140,1141
3610,1175,1176
3611,1063,1064
3611,1117,1118
3611,1140,1141
3611,1175,1176
3612,1067,1068
3612,1117,1118
3612,1140,1141
3612,1175,1176
3613,1067,1068
3613,1140,1141
3613,1175,1176
3613,1190,1191
3614,864,865
3614,1065,1066
3614,1129,1130
3614,1131,1132
3615,864,865
3615,1129,1130
3615,1140,1141
3615,1175,1176
3616,864,865
3616,1129,1130
3616,1131,1132
3616,1140,1141
3617,1129,1130
3617,1140,1141
3617,1175,1176
3617,1270,1271
3618,1129,1130
3618,1131,1132
3618,1140,1141
3618,1270,1271
3619,1065,1066
3619,1129,1130
3619,1131,1132
3619,1157,1158
3620,864,865
3620,1063,1064
3620,1129,1130
3620,1175,1176
3621,1129,1130
3621,1175,1176
3621,1267,1268
3621,1270,1271
3622,1129,1130
3622,1175,1176
3622,1176,1177
3622,1267,1268
3623,1129,1130
3623,1176,1177
3623,1267,1268
3623,1270,1271
3624,1129,1130
3624,1131,1132
3624,1241,1242
3624,1270,1271
3625,1129,1130
3625,1176,1177
3625,1241,1242
3625,1270,1271
3626,1128,1129
3626,1129,1130
3626,1131,1132
3626,1157,1158
3627,1128,1129
3627,1129,1130
3627,1131,1132
3627,1241,1242
3628,1128,1129
3628,1129,1130
3628,1176,1177
3628,1241,1242
3629,1070,1071
3629,1262,1263
3629,1288,1289
3629,1315,1316
3630,1262,1263
3630,1288,1289
3630,1315,1316
3630,1427,1428
3631,1070,1071
3631,1216,1217
3631,1288,1289
3631,1315,1316
3632,1216,1217
3632,1288,1289
3632,1315,1316
3632,1427,1428
3633,1144,1145
3633,1262,1263
3633,1315,1316
3633,1427,1428
3634,1216,1217
3634,1233,1234
3634,1315,1316
3634,1427,1428
3635,1144,1145
3635,1233,1234
3635,1315,1316
3635,1427,1428
3636,1144,1145
3636,1209,1210
3636,1233,1234
3636,1315,1316
3637,1209,1210
3637,1233,1234
3637,1250,1251
3637,1315,1316
3638,1359,1360
3638,1421,1422
3638,1515,1516
3638,1594,1595
3639,1578,1579
3639,1594,1595
3639,1620,1621
3639,1778,1779
3640,1515,1516
3640,1578,1579
3640,1594,1595
3640,1778,1779
3641,1359,1360
3641,1515,1516
3641,1594,1595
3641,1778,1779
3642,1594,1595
3642,1598,1599
3642,1620,1621
3642,1778,1779
3643,1359,1360
3643,1594,1595
3643,1598,1599
3643,1778,1779
3644,1504,1505
3644,1681,1682
3644,1702,1703
3644,1744,1745
3645,1559,1560
3645,1681,1682
3645,1722,1723
3645,1744,1745
3646,1504,1505
3646,1681,1682
3646,1722,1723
3646,1744,1745
3647,1559,1560
3647,1635,1636
3647,1722,1723
3647,1744,1745
3648,1504,1505
3648,1635,1636
3648,1722,1723
3648,1744,1745
3649,1559,1560
3649,1643,1644
3649,1681,1682
3649,1744,1745
3650,1643,1644
3650,1676,1677
3650,1702,1703
3650,1744,1745
3651,1643,1644
3651,1676,1677
3651,1681,1682
3651,1744,1745
3652,1676,1677
3652,1681,1682
3652,1702,1703
3652,1744,1745
3653,1504,1505
3653,1661,1662
3653,1702,1703
3653,1744,1745
3654,1635,1636
3654,1661,1662
3654,1744,1745
3654,1807,1808
3655,1504,1505
3655,1635,1636
3655,1661,1662
3655,1744,1745
3656,1643,1644
3656,1702,1703
3656,1744,1745
3656,1845,1846
3657,1643,1644
3657,1663,1664
3657,1744,1745
3657,1845,1846
3658,1663,1664
3658,1744,1745
3658,1807,1808
3658,1845,1846
3659,1635,1636
3659,1744,1745
3659,1807,1808
3659,1812,1813
3660,1663,1664
3660,1744,1745
3660,1807,1808
3660,1812,1813
3661,1661,1662
3661,1744,1745
3661,1807,1808
3661,1845,1846
3662,1661,1662
3662,1702,1703
3662,1744,1745
3662,1845,1846
3663,1494,1495
3663,1635,1636
3663,1744,1745
3663,1812,1813
3664,1494,1495
3664,1559,1560
3664,1635,1636
3664,1744,1745
3665,1421,1422
3665,1454,1455
3665,1486,1487
3665,1525,1526
3666,1359,1360
3666,1421,1422
3666,1486,1487
3666,1525,1526
3667,1359,1360
3667,1465,1466
3667,1486,1487
3667,1525,1526
3668,1454,1455
3668,1486,1487
3668,1525,1526
3668,1564,1565
3669,1465,1466
3669,1486,1487
3669,1525,1526
3669,1564,1565
3670,1320,1321
3670,1465,1466
3670,1486,1487
3670,1505,1506
3671,1465,1466
3671,1486,1487
3671,1505,1506
3671,1602,1603
3672,1359,1360
3672,1465,1466
3672,1486,1487
3672,1602,1603
3673,1359,1360
3673,1486,1487
3673,1505,1506
3673,1602,1603
3674,1454,1455
3674,1457,1458
3674,1486,1487
3674,1564,1565
3675,1457,1458
3675,1465,1466
3675,1486,1487
3675,1564,1565
3676,1320,1321
3676,1454,1455
3676,1457,1458
3676,1486,1487
3677,1320,1321
3677,1457,1458
3677,1465,1466
3677,1486,1487
3678,1320,1321
3678,1366,1367
3678,1486,1487
3678,1505,1506
3679,1094,1095
3679,1169,1170
3679,1329,1330
3679,1374,1375
3680,1094,1095
3680,1239,1240
3680,1329,1330
3680,1374,1375
3681,1169,1170
3681,1282,1283
3681,1329,1330
3681,1374,1375
3682,1111,1112
3682,1113,1114
3682,1233,1234
3682,1427,1428
3683,1113,1114
3683,1216,1217
3683,1233,1234
3683,1427,1428
3684,1113,1114
3684,1216,1217
3684,1288,1289
3684,1427,1428
3685,1557,1558
3685,1565,1566
3685,1628,1629
3685,1650,1651
3686,1439,1440
3686,1556,1557
3686,1565,1566
3686,1567,1568
3687,1439,1440
3687,1536,1537
3687,1565,1566
3687,1603,1604
3688,1439,1440
3688,1513,1514
3688,1536,1537
3688,1565,1566
3689,1465,1466
3689,1513,1514
3689,1556,1557
3689,1565,1566
3690,1439,1440
3690,1465,1466
3690,1556,1557
3690,1565,1566
3691,1439,1440
3691,1465,1466
3691,1513,1514
3691,1565,1566
3692,1394,1395
3692,1565,1566
3692,1567,1568
3692,1628,1629
3693,1394,1395
3693,1439,1440
3693,1565,1566
3693,1567,1568
3694,1557,1558
3694,1565,1566
3694,1591,1592
3694,1628,1629
3695,1401,1402
3695,1565,1566
3695,1591,1592
3695,1628,1629
3696,1394,1395
3696,1401,1402
3696,1565,1566
3696,1628,1629
3697,1394,1395
3697,1401,1402
3697,1439,1440
3697,1565,1566
3698,1401,1402
3698,1439,1440
3698,1565,1566
3698,1603,1604
3699,1493,1494
3699,1604,1605
3699,1638,1639
3699,1778,1779
3700,1515,1516
3700,1604,1605
3700,1638,1639
3700,1778,1779
3701,1465,1466
3701,1513,1514
3701,1556,1557
3701,1604,1605
3702,1465,1466
3702,1525,1526
3702,1602,1603
3702,1604,1605
3703,1465,1466
3703,1513,1514
3703,1536,1537
3703,1604,1605
3704,1465,1466
3704,1536,1537
3704,1602,1603
3704,1604,1605
3705,1513,1514
3705,1536,1537
3705,1602,1603
3705,1604,1605
3706,1359,1360
3706,1515,1516
3706,1604,1605
3706,1778,1779
3707,1359,1360
3707,1602,1603
3707,1604,1605
3707,1778,1779
3708,1515,1516
3708,1525,1526
3708,1604,1605
3708,1638,1639
3709,1465,1466
3709,1525,1526
3709,1556,1557
3709,1604,1605
3710,1525,1526
3710,1556,1557
3710,1604,1605
3710,1638,1639
3711,1482,1483
3711,1556,1557
3711,1604,1605
3711,1638,1639
3712,1482,1483
3712,1513,1514
3712,1556,1557
3712,1604,1605
3713,1359,1360
3713,1515,1516
3713,1525,1526
3713,1604,1605
3714,1359,1360
3714,1525,1526
3714,1602,1603
3714,1604,1605
3715,1505,1506
3715,1539,1540
3715,1602,1603
3715,1637,1638
3716,1439,1440
3716,1536,1537
3716,1539,1540
3716,1603,1604
3717,1465,1466
3717,1536,1537
3717,1539,1540
3717,1602,1603
3718,1439,1440
3718,1465,1466
3718,1536,1537
3718,1539,1540
3719,1465,1466
3719,1505,1506
3719,1539,1540
3719,1602,1603
3720,1439,1440
3720,1465,1466
3720,1505,1506
3720,1539,1540
3721,1302,1303
3721,1505,1506
3721,1539,1540
3721,1637,1638
3722,1514,1515
3722,1536,1537
3722,1539,1540
3722,1603,1604
3723,1439,1440
3723,1466,1467
3723,1505,1506
3723,1539,1540
3724,1439,1440
3724,1539,1540
3724,1543,1544
3724,1603,1604
3725,1439,1440
3725,1466,1467
3725,1539,1540
3725,1543,1544
3726,1302,1303
3726,1466,1467
3726,1505,1506
3726,1539,1540
3727,1514,1515
3727,1539,1540
3727,1543,1544
3727,1603,1604
3728,1302,1303
3728,1514,1515
3728,1539,1540
3728,1543,1544
3729,1302,1303
3729,1466,1467
3729,1539,1540
3729,1543,1544
3730,1626,1627
3730,1731,1732
3730,1808,1809
3730,1840,1841
3731,1534,1535
3731,1592,1593
3731,1626,1627
3731,1808,1809
3732,1705,1706
3732,1731,1732
3732,1808,1809
3732,1840,1841
3733,1479,1480
3733,1534,1535
3733,1613,1614
3733,1626,1627
3734,1479,1480
3734,1534,1535
3734,1626,1627
3734,1808,1809
3735,1479,1480
3735,1626,1627
3735,1808,1809
3735,1840,1841
3736,1479,1480
3736,1626,1627
3736,1703,1704
3736,1761,1762
3737,1479,1480
3737,1626,1627
3737,1761,1762
3737,1840,1841
3738,1479,1480
3738,1613,1614
3738,1626,1627
3738,1747,1748
3739,1479,1480
3739,1626,1627
3739,1703,1704
3739,1747,1748
3740,1479,1480
3740,1703,1704
3740,1775,1776
3740,1820,1821
3741,1479,1480
3741,1703,1704
3741,1761,1762
3741,1775,1776
3742,1479,1480
3742,1761,1762
3742,1775,1776
3742,1840,1841
3743,1479,1480
3743,1613,1614
3743,1747,1748
3743,1820,1821
3744,1479,1480
3744,1703,1704
3744,1747,1748
3744,1820,1821
3745,1761,1762
3745,1817,1818
3745,1821,1822
3745,1840,1841
3746,1761,1762
3746,1779,1780
3746,1817,1818
3746,1821,1822
3747,1705,1706
3747,1817,1818
3747,1821,1822
3747,1840,1841
3748,1779,1780
3748,1817,1818
3748,1821,1822
3748,1836,1837
3749,1705,1706
3749,1731,1732
3749,1789,1790
3749,1821,1822
3750,1705,1706
3750,1731,1732
3750,1821,1822
3750,1840,1841
3751,1626,1627
3751,1761,1762
3751,1771,1772
3751,1821,1822
3752,1626,1627
3752,1761,1762
3752,1821,1822
3752,1840,1841
3753,1749,1750
3753,1779,1780
3753,1821,1822
3753,1836,1837
3754,1749,1750
3754,1789,1790
3754,1821,1822
3754,1836,1837
3755,1701,1702
3755,1761,1762
3755,1779,1780
3755,1821,1822
3756,1701,1702
3756,1761,1762
3756,1771,1772
3756,1821,1822
3757,1701,1702
3757,1771,1772
3757,1779,1780
3757,1821,1822
3758,1749,1750
3758,1771,1772
3758,1779,1780
3758,1821,1822
3759,1626,1627
3759,1731,1732
3759,1771,1772
3759,1821,1822
3760,1626,1627
3760,1731,1732
3760,1821,1822
3760,1840,1841
3761,1731,1732
3761,1749,1750
3761,1789,1790
3761,1821,1822
3762,1731,1732
3762,1749,1750
3762,1771,1772
3762,1821,1822
3763,686,687
3763,775,776
3763,798,799
3763,812,813
3764,578,579
3764,686,687
3764,798,799
3764,812,813
3765,775,776
3765,783,784
3765,798,799
3765,812,813
3766,578,579
3766,783,784
3766,798,799
3766,812,813
3767,489,490
3767,578,579
3767,585,586
3767,798,799
3768,578,579
3768,585,586
3768,686,687
3768,798,799
3769,489,490
3769,585,586
3769,686,687
3769,798,799
3770,775,776
3770,783,784
3770,798,799
3770,945,946
3771,757,758
3771,783,784
3771,798,799
3771,945,946
3772,578,579
3772,612,613
3772,783,784
3772,798,799
3773,489,490
3773,722,723
3773,757,758
3773,798,799
3774,489,490
3774,578,579
3774,612,613
3774,798,799
3775,489,490
3775,612,613
3775,757,758
3775,798,799
3776,722,723
3776,775,776
3776,798,799
3776,1060,1061
3777,686,687
3777,775,776
3777,798,799
3777,1060,1061
3778,489,490
3778,722,723
3778,798,799
3778,1060,1061
3779,489,490
3779,686,687
3779,798,799
3779,1060,1061
3780,722,723
3780,775,776
3780,798,799
3780,945,946
3781,722,723
3781,757,758
3781,798,799
3781,945,946
3782,424,425
3782,612,613
3782,783,784
3782,798,799
3783,424,425
3783,757,758
3783,783,784
3783,798,799
3784,424,425
3784,612,613
3784,757,758
3784,798,799
3785,443,444
3785,655,656
3785,686,687
3785,912,913
3786,443,444
3786,655,656
3786,664,665
3786,803,804
3787,443,444
3787,642,643
3787,664,665
3787,803,804
3788,443,444
3788,567,568
3788,642,643
3788,803,804
3789,443,444
3789,655,656
3789,686,687
3789,785,786
3790,443,444
3790,585,586
3790,686,687
3790,785,786
3791,443,444
3791,655,656
3791,746,747
3791,803,804
3792,443,444
3792,567,568
3792,746,747
3792,803,804
3793,443,444
3793,655,656
3793,746,747
3793,785,786
3794,443,444
3794,511,512
3794,585,586
3794,785,786
3795,443,444
3795,511,512
3795,567,568
3795,746,747
3796,443,444
3796,511,512
3796,746,747
3796,785,786
3797,858,859
3797,890,891
3797,999,1000
3797,1247,1248
3798,890,891
3798,997,998
3798,1174,1175
3798,1247,1248
3799,890,891
3799,997,998
3799,999,1000
3799,1247,1248
3800,650,651
3800,831,832
3800,908,909
3800,1095,1096
3801,831,832
3801,900,901
3801,908,909
3801,1095,1096
3802,900,901
3802,908,909
3802,999,1000
3802,1095,1096
3803,831,832
3803,858,859
3803,900,901
3803,1095,1096
3804,858,859
3804,900,901
3804,999,1000
3804,1095,1096
3805,742,743
3805,831,832
3805,1060,1061
3805,1095,1096
3806,650,651
3806,742,743
3806,1060,1061
3806,1095,1096
3807,650,651
3807,831,832
3807,1060,1061
3807,1095,1096
3808,858,859
3808,999,1000
3808,1095,1096
3808,1247,1248
3809,903,904
3809,999,1000
3809,1095,1096
3809,1247,1248
3810,1003,1004
3810,1110,1111
3810,1141,1142
3810,1280,1281
3811,1003,1004
3811,1110,1111
3811,1141,1142
3811,1239,1240
3812,1003,1004
3812,1116,1117
3812,1219,1220
3812,1239,1240
3813,1003,1004
3813,1116,1117
3813,1141,1142
3813,1239,1240
3814,1184,1185
3814,1199,1200
3814,1205,1206
3814,1259,1260
3815,1071,1072
3815,1184,1185
3815,1199,1200
3815,1205,1206
3816,848,849
3816,962,963
3816,1199,1200
3816,1259,1260
3817,848,849
3817,1199,1200
3817,1224,1225
3817,1259,1260
3818,962,963
3818,1184,1185
3818,1199,1200
3818,1259,1260
3819,962,963
3819,1071,1072
3819,1184,1185
3819,1199,1200
3820,958,959
3820,962,963
3820,1071,1072
3820,1199,1200
3821,848,849
3821,886,887
3821,962,963
3821,1199,1200
3822,848,849
3822,886,887
3822,1199,1200
3822,1224,1225
3823,886,887
3823,930,931
3823,962,963
3823,1199,1200
3824,886,887
3824,930,931
3824,958,959
3824,1199,1200
3825,930,931
3825,958,959
3825,962,963
3825,1199,1200
3826,507,508
3826,671,672
3826,697,698
3826,829,830
3827,507,508
3827,671,672
3827,779,780
3827,829,830
3828,456,457
3828,702,703
3828,838,839
3828,840,841
3829,456,457
3829,701,702
3829,702,703
3829,840,841
3830,671,672
3830,697,698
3830,829,830
3830,840,841
3831,773,774
3831,876,877
3831,902,903
3831,922,923
3832,656,657
3832,773,774
3832,810,811
3832,922,923
3833,773,774
3833,810,811
3833,902,903
3833,922,923
3834,848,849
3834,873,874
3834,886,887
3834,1036,1037
3835,848,849
3835,873,874
3835,909,910
3835,1036,1037
3836,848,849
3836,873,874
3836,909,910
3836,1059,1060
3837,862,863
3837,868,869
3837,873,874
3837,1059,1060
3838,904,905
3838,952,953
3838,1036,1037
3838,1240,1241
3839,904,905
3839,952,953
3839,1043,1044
3839,1092,1093
3840,904,905
3840,952,953
3840,1092,1093
3840,1240,1241
3841,904,905
3841,952,953
3841,1027,1028
3841,1043,1044
3842,904,905
3842,952,953
3842,1027,1028
3842,1036,1037
3843,878,879
3843,952,953
3843,1043,1044
3843,1092,1093
3844,913,914
3844,952,953
3844,1036,1037
3844,1240,1241
3845,726,727
3845,952,953
3845,1027,1028
3845,1043,1044
3846,726,727
3846,832,833
3846,952,953
3846,1027,1028
3847,726,727
3847,878,879
3847,952,953
3847,1043,1044
3848,726,727
3848,832,833
3848,878,879
3848,952,953
3849,950,951
3849,966,967
3849,1033,1034
3849,1126,1127
3850,1011,1012
3850,1116,1117
3850,1168,1169
3850,1219,1220
3851,655,656
3851,766,767
3851,796,797
3851,803,804
3852,761,762
3852,766,767
3852,796,797
3852,803,804
3853,655,656
3853,664,665
3853,796,797
3853,803,804
3854,555,556
3854,761,762
3854,796,797
3854,803,804
3855,555,556
3855,664,665
3855,796,797
3855,803,804
3856,456,457
3856,655,656
3856,664,665
3856,796,797
3857,701,702
3857,702,703
3857,773,774
3857,796,797
3858,761,762
3858,766,767
3858,796,797
3858,922,923
3859,456,457
3859,655,656
3859,702,703
3859,796,797
3860,456,457
3860,701,702
3860,702,703
3860,796,797
3861,456,457
3861,664,665
3861,796,797
3861,820,821
3862,456,457
3862,701,702
3862,796,797
3862,820,821
3863,555,556
3863,664,665
3863,796,797
3863,820,821
3864,656,657
3864,761,762
3864,796,797
3864,922,923
3865,656,657
3865,773,774
3865,796,797
3865,922,923
3866,658,659
3866,917,918
3866,1002,1003
3866,1055,1056
3867,1009,1010
3867,1025,1026
3867,1055,1056
3867,1160,1161
3868,958,959
3868,1025,1026
3868,1160,1161
3868,1201,1202
3869,958,959
3869,1009,1010
3869,1025,1026
3869,1160,1161
3870,1009,1010
3870,1011,1012
3870,1055,1056
3870,1160,1161
3871,958,959
3871,1020,1021
3871,1160,1161
3871,1201,1202
3872,958,959
3872,1009,1010
3872,1011,1012
3872,1160,1161
3873,1020,1021
3873,1023,1024
3873,1201,1202
3873,1250,1251
3874,1144,1145
3874,1209,1210
3874,1315,1316
3874,1350,1351
3875,1144,1145
3875,1262,1263
3875,1315,1316
3875,1350,1351
3876,1683,1684
3876,1770,1771
3876,1787,1788
3876,1805,1806
3877,1683,1684
3877,1759,1760
3877,1787,1788
3877,1805,1806
3878,1683,1684
3878,1709,1710
3878,1770,1771
3878,1787,1788
3879,1683,1684
3879,1709,1710
3879,1759,1760
3879,1787,1788
3880,1675,1676
3880,1683,1684
3880,1709,1710
3880,1770,1771
3881,1683,1684
3881,1759,1760
3881,1777,1778
3881,1805,1806
3882,1675,1676
3882,1683,1684
3882,1709,1710
3882,1730,1731
3883,1664,1665
3883,1675,1676
3883,1683,1684
3883,1730,1731
3884,1683,1684
3884,1698,1699
3884,1709,1710
3884,1759,1760
3885,1683,1684
3885,1777,1778
3885,1805,1806
3885,1813,1814
3886,1683,1684
3886,1770,1771
3886,1805,1806
3886,1813,1814
3887,1683,1684
3887,1698,1699
3887,1759,1760
3887,1777,1778
3888,1597,1598
3888,1675,1676
3888,1683,1684
3888,1770,1771
3889,1597,1598
3889,1683,1684
3889,1770,1771
3889,1813,1814
3890,1683,1684
3890,1698,1699
3890,1709,1710
3890,1791,1792
3891,1683,1684
3891,1709,1710
3891,1730,1731
3891,1791,1792
3892,1683,1684
3892,1698,1699
3892,1730,1731
3892,1791,1792
3893,1561,1562
3893,1597,1598
3893,1675,1676
3893,1683,1684
3894,1561,1562
3894,1664,1665
3894,1675,1676
3894,1683,1684
3895,1597,1598
3895,1616,1617
3895,1683,1684
3895,1813,1814
3896,1542,1543
3896,1683,1684
3896,1734,1735
3896,1777,1778
3897,1683,1684
3897,1734,1735
3897,1777,1778
3897,1813,1814
3898,1542,1543
3898,1664,1665
3898,1683,1684
3898,1734,1735
3899,1561,1562
3899,1597,1598
3899,1616,1617
3899,1683,1684
3900,1561,1562
3900,1616,1617
3900,1664,1665
3900,1683,1684
3901,1616,1617
3901,1664,1665
3901,1683,1684
3901,1734,1735
3902,1616,1617
3902,1683,1684
3902,1734,1735
3902,1813,1814
3903,1575,1576
3903,1743,1744
3903,1748,1749
3903,1749,1750
3904,1575,1576
3904,1671,1672
3904,1743,1744
3904,1749,1750
3905,1585,1586
3905,1721,1722
3905,1740,1741
3905,1743,1744
3906,1671,1672
3906,1740,1741
3906,1743,1744
3906,1777,1778
3907,1721,1722
3907,1740,1741
3907,1743,1744
3907,1777,1778
3908,1671,1672
3908,1682,1683
3908,1740,1741
3908,1743,1744
3909,1575,1576
3909,1671,1672
3909,1682,1683
3909,1743,1744
3910,1500,1501
3910,1682,1683
3910,1740,1741
3910,1743,1744
3911,1753,1754
3911,1772,1773
3911,1795,1796
3911,1830,1831
3912,1721,1722
3912,1753,1754
3912,1795,1796
3912,1830,1831
3913,1745,1746
3913,1772,1773
3913,1795,1796
3913,1830,1831
3914,1745,1746
3914,1772,1773
3914,1793,1794
3914,1795,1796
3915,1745,1746
3915,1793,1794
3915,1795,1796
3915,1827,1828
3916,1737,1738
3916,1793,1794
3916,1795,1796
3916,1827,1828
3917,1772,1773
3917,1793,1794
3917,1795,1796
3917,1842,1843
3918,1585,1586
3918,1721,1722
3918,1743,1744
3918,1795,1796
3919,1542,1543
3919,1671,1672
3919,1682,1683
3919,1781,1782
3920,1542,1543
3920,1642,1643
3920,1682,1683
3920,1781,1782
3921,1656,1657
3921,1671,1672
3921,1781,1782
3921,1789,1790
3922,1575,1576
3922,1671,1672
3922,1682,1683
3922,1781,1782
3923,1575,1576
3923,1671,1672
3923,1781,1782
3923,1789,1790
3924,1609,1610
3924,1642,1643
3924,1682,1683
3924,1781,1782
3925,1575,1576
3925,1621,1622
3925,1682,1683
3925,1781,1782
3926,1609,1610
3926,1621,1622
3926,1682,1683
3926,1781,1782
3927,1656,1657
3927,1687,1688
3927,1819,1820
3927,1833,1834
3928,1542,1543
3928,1642,1643
3928,1781,1782
3928,1819,1820
3929,1656,1657
3929,1811,1812
3929,1819,1820
3929,1833,1834
3930,1542,1543
3930,1671,1672
3930,1781,1782
3930,1819,1820
3931,1656,1657
3931,1671,1672
3931,1781,1782
3931,1819,1820
3932,1698,1699
3932,1811,1812
3932,1819,1820
3932,1833,1834
3933,1656,1657
3933,1671,1672
3933,1811,1812
3933,1819,1820
3934,1542,1543
3934,1671,1672
3934,1777,1778
3934,1819,1820
3935,1671,1672
3935,1777,1778
3935,1811,1812
3935,1819,1820
3936,1698,1699
3936,1777,1778
3936,1811,1812
3936,1819,1820
3937,1542,1543
3937,1683,1684
3937,1777,1778
3937,1819,1820
3938,1683,1684
3938,1698,1699
3938,1777,1778
3938,1819,1820
3939,1641,1642
3939,1704,1705
3939,1713,1714
3939,1719,1720
3940,1687,1688
3940,1704,1705
3940,1713,1714
3940,1831,1832
3941,1704,1705
3941,1713,1714
3941,1828,1829
3941,1831,1832
3942,1656,1657
3942,1687,1688
3942,1713,1714
3942,1831,1832
3943,1641,1642
3943,1713,1714
3943,1719,1720
3943,1818,1819
3944,1704,1705
3944,1713,1714
3944,1719,1720
3944,1800,1801
3945,1642,1643
3945,1656,1657
3945,1713,1714
3945,1781,1782
3946,544,545
3946,671,672
3946,755,756
3946,981,982
3947,718,719
3947,838,839
3947,981,982
3947,1047,1048
3948,755,756
3948,805,806
3948,827,828
3948,981,982
3949,544,545
3949,755,756
3949,827,828
3949,981,982
3950,805,806
3950,941,942
3950,981,982
3950,1047,1048
3951,718,719
3951,941,942
3951,981,982
3951,1047,1048
3952,805,806
3952,827,828
3952,941,942
3952,981,982
3953,718,719
3953,827,828
3953,941,942
3953,981,982
3954,452,453
3954,718,719
3954,827,828
3954,981,982
3955,452,453
3955,544,545
3955,827,828
3955,981,982
3956,447,448
3956,544,545
3956,554,555
3956,671,672
3957,507,508
3957,554,555
3957,671,672
3957,779,780
3958,507,508
3958,554,555
3958,646,647
3958,697,698
3959,507,508
3959,554,555
3959,671,672
3959,697,698
3960,384,385
3960,447,448
3960,554,555
3960,636,637
3961,447,448
3961,554,555
3961,671,672
3961,932,933
3962,554,555
3962,671,672
3962,779,780
3962,932,933
3963,809,810
3963,817,818
3963,838,839
3963,1047,1048
3964,728,729
3964,917,918
3964,984,985
3964,1055,1056
3965,971,972
3965,984,985
3965,1002,1003
3965,1055,1056
3966,917,918
3966,984,985
3966,1002,1003
3966,1055,1056
3967,971,972
3967,984,985
3967,1009,1010
3967,1055,1056
3968,728,729
3968,984,985
3968,1009,1010
3968,1055,1056
3969,845,846
3969,971,972
3969,984,985
3969,1002,1003
3970,903,904
3970,971,972
3970,984,985
3970,1009,1010
3971,771,772
3971,917,918
3971,984,985
3971,1002,1003
3972,771,772
3972,845,846
3972,984,985
3972,1002,1003
3973,728,729
3973,876,877
3973,917,918
3973,1037,1038
3974,728,729
3974,917,918
3974,984,985
3974,1037,1038
3975,773,774
3975,876,877
3975,922,923
3975,1037,1038
3976,766,767
3976,917,918
3976,922,923
3976,1037,1038
3977,876,877
3977,902,903
3977,922,923
3977,1037,1038
3978,876,877
3978,902,903
3978,917,918
3978,1037,1038
3979,902,903
3979,917,918
3979,922,923
3979,1037,1038
3980,766,767
3980,796,797
3980,922,923
3980,1037,1038
3981,773,774
3981,796,797
3981,922,923
3981,1037,1038
3982,728,729
3982,817,818
3982,876,877
3982,1037,1038
3983,702,703
3983,773,774
3983,796,797
3983,1037,1038
3984,655,656
3984,702,703
3984,796,797
3984,1037,1038
3985,655,656
3985,766,767
3985,796,797
3985,1037,1038
3986,728,729
3986,817,818
3986,875,876
3986,1037,1038
3987,650,651
3987,728,729
3987,875,876
3987,984,985
3988,809,810
3988,875,876
3988,912,913
3988,1060,1061
3989,650,651
3989,809,810
3989,875,876
3989,1060,1061
3990,702,703
3990,817,818
3990,875,876
3990,1037,1038
3991,785,786
3991,875,876
3991,912,913
3991,1060,1061
3992,650,651
3992,785,786
3992,875,876
3992,1060,1061
3993,655,656
3993,785,786
3993,875,876
3993,912,913
3994,655,656
3994,702,703
3994,875,876
3994,912,913
3995,655,656
3995,702,703
3995,875,876
3995,1037,1038
3996,702,703
3996,838,839
3996,875,876
3996,912,913
3997,809,810
3997,838,839
3997,875,876
3997,912,913
3998,702,703
3998,817,818
3998,838,839
3998,875,876
3999,809,810
3999,817,818
3999,838,839
3999,875,876
4000,650,651
4000,742,743
4000,834,835
4000,1095,1096
4001,650,651
4001,742,743
4001,821,822
4001,834,835
4002,650,651
4002,821,822
4002,834,835
4002,845,846
4003,834,835
4003,903,904
4003,1095,1096
4003,1247,1248
4004,834,835
4004,903,904
4004,971,972
4004,984,985
4005,650,651
4005,834,835
4005,903,904
4005,984,985
4006,834,835
4006,845,846
4006,971,972
4006,984,985
4007,650,651
4007,834,835
4007,845,846
4007,984,985
4008,742,743
4008,834,835
4008,858,859
4008,1095,1096
4009,834,835
4009,858,859
4009,1095,1096
4009,1247,1248
4010,723,724
4010,805,806
4010,862,863
4010,1047,1048
4011,723,724
4011,755,756
4011,805,806
4011,851,852
4012,723,724
4012,805,806
4012,851,852
4012,862,863
4013,723,724
4013,755,756
4013,805,806
4013,981,982
4014,723,724
4014,805,806
4014,981,982
4014,1047,1048
4015,723,724
4015,755,756
4015,758,759
4015,851,852
4016,723,724
4016,838,839
4016,981,982
4016,1047,1048
4017,671,672
4017,723,724
4017,755,756
4017,981,982
4018,671,672
4018,723,724
4018,838,839
4018,981,982
4019,384,385
4019,514,515
4019,570,571
4019,636,637
4020,384,385
4020,492,493
4020,514,515
4020,570,571
4021,384,385
4021,478,479
4021,492,493
4021,514,515
4022,346,347
4022,379,380
4022,503,504
4022,514,515
4023,225,226
4023,346,347
4023,503,504
4023,514,515
4024,225,226
4024,478,479
4024,492,493
4024,514,515
4025,225,226
4025,478,479
4025,503,504
4025,514,515
4026,710,711
4026,815,816
4026,847,848
4026,1062,1063
4027,466,467
4027,507,508
4027,554,555
4027,779,780
4028,609,610
4028,669,670
4028,673,674
4028,700,701
4029,447,448
4029,669,670
4029,690,691
4029,932,933
4030,669,670
4030,673,674
4030,690,691
4030,932,933
4031,447,448
4031,540,541
4031,669,670
4031,700,701
4032,540,541
4032,609,610
4032,669,670
4032,700,701
4033,447,448
4033,669,670
4033,690,691
4033,700,701
4034,669,670
4034,673,674
4034,690,691
4034,700,701
4035,831,832
4035,935,936
4035,1001,1002
4035,1040,1041
4036,858,859
4036,900,901
4036,935,936
4036,1001,1002
4037,831,832
4037,858,859
4037,900,901
4037,1001,1002
4038,831,832
4038,900,901
4038,935,936
4038,1001,1002
4039,742,743
4039,858,859
4039,1001,1002
4039,1095,1096
4040,831,832
4040,858,859
4040,1001,1002
4040,1095,1096
4041,742,743
4041,831,832
4041,1001,1002
4041,1095,1096
4042,722,723
4042,742,743
4042,1001,1002
4042,1060,1061
4043,742,743
4043,831,832
4043,1001,1002
4043,1060,1061
4044,722,723
4044,831,832
4044,1001,1002
4044,1060,1061
4045,722,723
4045,831,832
4045,945,946
4045,1001,1002
4046,722,723
4046,945,946
4046,1001,1002
4046,1040,1041
4047,831,832
4047,945,946
4047,1001,1002
4047,1040,1041
4048,874,875
4048,961,962
4048,1063,1064
4048,1175,1176
4049,874,875
4049,1063,1064
4049,1129,1130
4049,1175,1176
4050,874,875
4050,961,962
4050,1063,1064
4050,1120,1121
4051,864,865
4051,874,875
4051,1063,1064
4051,1120,1121
4052,864,865
4052,874,875
4052,1063,1064
4052,1129,1130
4053,869,870
4053,874,875
4053,887,888
4053,1120,1121
4054,874,875
4054,887,888
4054,961,962
4054,1120,1121
4055,869,870
4055,874,875
4055,887,888
4055,961,962
4056,864,865
4056,874,875
4056,1120,1121
4056,1189,1190
4057,1097,1098
4057,1157,1158
4057,1286,1287
4057,1358,1359
4058,1097,1098
4058,1157,1158
4058,1164,1165
4058,1286,1287
4059,1097,1098
4059,1128,1129
4059,1157,1158
4059,1358,1359
4060,1097,1098
4060,1128,1129
4060,1157,1158
4060,1164,1165
4061,1072,1073
4061,1097,1098
4061,1286,1287
4061,1358,1359
4062,1072,1073
4062,1097,1098
4062,1358,1359
4062,1434,1435
4063,1097,1098
4063,1128,1129
4063,1358,1359
4063,1434,1435
4064,1088,1089
4064,1097,1098
4064,1164,1165
4064,1286,1287
4065,1072,1073
4065,1097,1098
4065,1365,1366
4065,1434,1435
4066,1097,1098
4066,1128,1129
4066,1365,1366
4066,1434,1435
4067,1072,1073
4067,1097,1098
4067,1286,1287
4067,1379,1380
4068,1088,1089
4068,1097,1098
4068,1286,1287
4068,1379,1380
4069,1072,1073
4069,1097,1098
4069,1365,1366
4069,1379,1380
4070,1097,1098
4070,1360,1361
4070,1365,1366
4070,1379,1380
4071,1088,1089
4071,1097,1098
4071,1360,1361
4071,1379,1380
4072,1088,1089
4072,1097,1098
4072,1360,1361
4072,1365,1366
4073,1049,1050
4073,1104,1105
4073,1163,1164
4073,1197,1198
4074,1049,1050
4074,1104,1105
4074,1164,1165
4074,1197,1198
4075,1049,1050
4075,1163,1164
4075,1164,1165
4075,1197,1198
4076,1088,1089
4076,1163,1164
4076,1164,1165
4076,1197,1198
4077,898,899
4077,1104,1105
4077,1147,1148
4077,1197,1198
4078,896,897
4078,898,899
4078,1104,1105
4078,1197,1198
4079,896,897
4079,1104,1105
4079,1163,1164
4079,1197,1198
4080,964,965
4080,1163,1164
4080,1197,1198
4080,1222,1223
4081,896,897
4081,898,899
4081,1197,1198
4081,1222,1223
4082,896,897
4082,1163,1164
4082,1197,1198
4082,1222,1223
4083,1050,1051
4083,1093,1094
4083,1121,1122
4083,1176,1177
4084,1050,1051
4084,1121,1122
4084,1128,1129
4084,1176,1177
4085,1121,1122
4085,1128,1129
4085,1157,1158
4085,1164,1165
4086,1121,1122
4086,1128,1129
4086,1129,1130
4086,1157,1158
4087,1121,1122
4087,1128,1129
4087,1129,1130
4087,1176,1177
4088,1121,1122
4088,1157,1158
4088,1164,1165
4088,1221,1222
4089,1121,1122
4089,1149,1150
4089,1164,1165
4089,1221,1222
4090,1065,1066
4090,1121,1122
4090,1129,1130
4090,1157,1158
4091,852,853
4091,1059,1060
4091,1093,1094
4091,1149,1150
4092,852,853
4092,1059,1060
4092,1147,1148
4092,1149,1150
4093,852,853
4093,1093,1094
4093,1121,1122
4093,1149,1150
4094,852,853
4094,1121,1122
4094,1149,1150
4094,1164,1165
4095,852,853
4095,909,910
4095,1059,1060
4095,1093,1094
4096,852,853
4096,909,910
4096,1059,1060
4096,1147,1148
4097,852,853
4097,1104,1105
4097,1147,1148
4097,1149,1150
4098,852,853
4098,1104,1105
4098,1147,1148
4098,1197,1198
4099,852,853
4099,1104,1105
4099,1149,1150
4099,1164,1165
4100,852,853
4100,1104,1105
4100,1164,1165
4100,1197,1198
4101,852,853
4101,909,910
4101,1147,1148
4101,1191,1192
4102,852,853
4102,1147,1148
4102,1191,1192
4102,1197,1198
4103,1672,1673
4103,1719,1720
4103,1729,1730
4103,1800,1801
4104,1672,1673
4104,1729,1730
4104,1800,1801
4104,1846,1847
4105,1686,1687
4105,1729,1730
4105,1800,1801
4105,1846,1847
4106,1647,1648
4106,1729,1730
4106,1758,1759
4106,1846,1847
4107,1672,1673
4107,1729,1730
4107,1758,1759
4107,1846,1847
4108,1647,1648
4108,1699,1700
4108,1729,1730
4108,1758,1759
4109,1478,1479
4109,1647,1648
4109,1700,1701
4109,1729,1730
4110,1478,1479
4110,1686,1687
4110,1700,1701
4110,1729,1730
4111,1647,1648
4111,1700,1701
4111,1729,1730
4111,1733,1734
4112,1647,1648
4112,1729,1730
4112,1733,1734
4112,1846,1847
4113,1686,1687
4113,1700,1701
4113,1729,1730
4113,1733,1734
4114,1686,1687
4114,1729,1730
4114,1733,1734
4114,1846,1847
4115,1657,1658
4115,1699,1700
4115,1729,1730
4115,1758,1759
4116,1657,1658
4116,1672,1673
4116,1729,1730
4116,1758,1759
4117,526,527
4117,719,720
4117,808,809
4117,969,970
4118,518,519
4118,526,527
4118,808,809
4118,969,970
4119,719,720
4119,793,794
4119,808,809
4119,969,970
4120,518,519
4120,793,794
4120,808,809
4120,969,970
4121,719,720
4121,793,794
4121,808,809
4121,885,886
4122,673,674
4122,700,701
4122,719,720
4122,808,809
4123,526,527
4123,700,701
4123,719,720
4123,808,809
4124,673,674
4124,743,744
4124,762,763
4124,808,809
4125,673,674
4125,743,744
4125,808,809
4125,885,886
4126,673,674
4126,719,720
4126,808,809
4126,885,886
4127,609,610
4127,673,674
4127,762,763
4127,808,809
4128,609,610
4128,673,674
4128,700,701
4128,808,809
4129,526,527
4129,609,610
4129,700,701
4129,808,809
4130,454,455
4130,459,460
4130,558,559
4130,649,650
4131,379,380
4131,454,455
4131,558,559
4131,622,623
4132,454,455
4132,603,604
4132,649,650
4132,665,666
4133,326,327
4133,454,455
4133,603,604
4133,622,623
4134,454,455
4134,558,559
4134,603,604
4134,622,623
4135,454,455
4135,558,559
4135,603,604
4135,649,650
4136,326,327
4136,454,455
4136,603,604
4136,665,666
4137,326,327
4137,427,428
4137,454,455
4137,665,666
4138,1300,1301
4138,1409,1410
4138,1460,1461
4138,1545,1546
4139,1300,1301
4139,1332,1333
4139,1409,1410
4139,1545,1546
4140,1300,1301
4140,1409,1410
4140,1460,1461
4140,1471,1472
4141,1300,1301
4141,1332,1333
4141,1409,1410
4141,1471,1472
4142,1300,1301
4142,1460,1461
4142,1477,1478
4142,1545,1546
4143,1300,1301
4143,1426,1427
4143,1460,1461
4143,1477,1478
4144,1283,1284
4144,1300,1301
4144,1477,1478
4144,1545,1546
4145,1278,1279
4145,1321,1322
4145,1332,1333
4145,1420,1421
4146,1108,1109
4146,1321,1322
4146,1332,1333
4146,1420,1421
4147,1300,1301
4147,1420,1421
4147,1490,1491
4147,1560,1561
4148,977,978
4148,1134,1135
4148,1155,1156
4148,1180,1181
4149,953,954
4149,977,978
4149,1134,1135
4149,1180,1181
4150,1674,1675
4150,1725,1726
4150,1769,1770
4150,1790,1791
4151,1529,1530
4151,1667,1668
4151,1674,1675
4151,1790,1791
4152,1667,1668
4152,1674,1675
4152,1769,1770
4152,1790,1791
4153,1485,1486
4153,1574,1575
4153,1657,1658
4153,1699,1700
4154,1485,1486
4154,1657,1658
4154,1699,1700
4154,1729,1730
4155,1485,1486
4155,1574,1575
4155,1699,1700
4155,1786,1787
4156,1485,1486
4156,1535,1536
4156,1657,1658
4156,1672,1673
4157,1485,1486
4157,1657,1658
4157,1672,1673
4157,1729,1730
4158,1485,1486
4158,1535,1536
4158,1672,1673
4158,1719,1720
4159,1485,1486
4159,1672,1673
4159,1719,1720
4159,1729,1730
4160,1478,1479
4160,1485,1486
4160,1699,1700
4160,1786,1787
4161,1478,1479
4161,1485,1486
4161,1647,1648
4161,1699,1700
4162,1485,1486
4162,1647,1648
4162,1699,1700
4162,1729,1730
4163,1478,1479
4163,1485,1486
4163,1647,1648
4163,1729,1730
4164,1322,1323
4164,1323,1324
4164,1537,1538
4164,1632,1633
4165,1322,1323
4165,1537,1538
4165,1574,1575
4165,1632,1633
4166,1537,1538
4166,1574,1575
4166,1632,1633
4166,1657,1658
4167,1485,1486
4167,1537,1538
4167,1574,1575
4167,1657,1658
4168,1322,1323
4168,1323,1324
4168,1521,1522
4168,1537,1538
4169,1521,1522
4169,1537,1538
4169,1569,1570
4169,1786,1787
4170,1485,1486
4170,1537,1538
4170,1574,1575
4170,1786,1787
4171,1478,1479
4171,1537,1538
4171,1569,1570
4171,1786,1787
4172,1478,1479
4172,1485,1486
4172,1537,1538
4172,1786,1787
4173,1478,1479
4173,1485,1486
4173,1537,1538
4173,1569,1570
4174,1322,1323
4174,1521,1522
4174,1537,1538
4174,1636,1637
4175,1521,1522
4175,1537,1538
4175,1636,1637
4175,1786,1787
4176,1322,1323
4176,1537,1538
4176,1574,1575
4176,1636,1637
4177,1483,1484
4177,1537,1538
4177,1574,1575
4177,1786,1787
4178,1483,1484
4178,1537,1538
4178,1636,1637
4178,1786,1787
4179,1483,1484
4179,1537,1538
4179,1574,1575
4179,1636,1637
4180,1380,1381
4180,1508,1509
4180,1521,1522
4180,1623,1624
4181,1641,1642
4181,1645,1646
4181,1767,1768
4181,1768,1769
4182,1645,1646
4182,1689,1690
4182,1767,1768
4182,1768,1769
4183,1641,1642
4183,1767,1768
4183,1768,1769
4183,1843,1844
4184,1641,1642
4184,1768,1769
4184,1841,1842
4184,1843,1844
4185,1641,1642
4185,1687,1688
4185,1768,1769
4185,1841,1842
4186,1768,1769
4186,1833,1834
4186,1835,1836
4186,1841,1842
4187,1687,1688
4187,1768,1769
4187,1833,1834
4187,1841,1842
4188,1489,1490
4188,1530,1531
4188,1552,1553
4188,1818,1819
4189,1489,1490
4189,1530,1531
4189,1552,1553
4189,1563,1564
4190,1489,1490
4190,1552,1553
4190,1678,1679
4190,1818,1819
4191,1489,1490
4191,1530,1531
4191,1563,1564
4191,1802,1803
4192,1489,1490
4192,1501,1502
4192,1563,1564
4192,1802,1803
4193,1489,1490
4193,1552,1553
4193,1563,1564
4193,1590,1591
4194,1489,1490
4194,1501,1502
4194,1563,1564
4194,1590,1591
4195,1323,1324
4195,1489,1490
4195,1501,1502
4195,1802,1803
4196,1489,1490
4196,1552,1553
4196,1583,1584
4196,1590,1591
4197,1489,1490
4197,1552,1553
4197,1583,1584
4197,1678,1679
4198,1645,1646
4198,1654,1655
4198,1678,1679
4198,1685,1686
4199,1583,1584
4199,1654,1655
4199,1678,1679
4199,1685,1686
4200,1645,1646
4200,1654,1655
4200,1685,1686
4200,1767,1768
4201,1641,1642
4201,1645,1646
4201,1654,1655
4201,1678,1679
4202,1641,1642
4202,1654,1655
4202,1738,1739
4202,1818,1819
4203,1641,1642
4203,1654,1655
4203,1678,1679
4203,1818,1819
4204,1641,1642
4204,1645,1646
4204,1654,1655
4204,1767,1768
4205,1552,1553
4205,1654,1655
4205,1738,1739
4205,1818,1819
4206,1552,1553
4206,1654,1655
4206,1678,1679
4206,1818,1819
4207,1552,1553
4207,1583,1584
4207,1654,1655
4207,1678,1679
4208,1641,1642
4208,1654,1655
4208,1767,1768
4208,1843,1844
4209,1641,1642
4209,1654,1655
4209,1738,1739
4209,1843,1844
4210,1581,1582
4210,1616,1617
4210,1678,1679
4210,1679,1680
4211,1581,1582
4211,1616,1617
4211,1649,1650
4211,1678,1679
4212,1492,1493
4212,1581,1582
4212,1590,1591
4212,1649,1650
4213,1492,1493
4213,1581,1582
4213,1616,1617
4213,1649,1650
4214,1581,1582
4214,1583,1584
4214,1590,1591
4214,1649,1650
4215,1581,1582
4215,1583,1584
4215,1649,1650
4215,1678,1679
4216,1492,1493
4216,1526,1527
4216,1581,1582
4216,1590,1591
4217,1492,1493
4217,1496,1497
4217,1581,1582
4217,1616,1617
4218,1496,1497
4218,1581,1582
4218,1616,1617
4218,1679,1680
4219,1489,1490
4219,1581,1582
4219,1583,1584
4219,1590,1591
4220,1489,1490
4220,1581,1582
4220,1583,1584
4220,1678,1679
4221,1492,1493
4221,1496,1497
4221,1526,1527
4221,1581,1582
4222,1496,1497
4222,1526,1527
4222,1581,1582
4222,1679,1680
4223,1501,1502
4223,1526,1527
4223,1581,1582
4223,1590,1591
4224,1489,1490
4224,1501,1502
4224,1581,1582
4224,1590,1591
4225,1496,1497
4225,1520,1521
4225,1596,1597
4225,1609,1610
4226,1496,1497
4226,1520,1521
4226,1609,1610
4226,1679,1680
4227,1496,1497
4227,1520,1521
4227,1526,1527
4227,1596,1597
4228,1496,1497
4228,1520,1521
4228,1526,1527
4228,1679,1680
4229,1391,1392
4229,1520,1521
4229,1526,1527
4229,1596,1597
4230,1520,1521
4230,1526,1527
4230,1581,1582
4230,1679,1680
4231,1391,1392
4231,1422,1423
4231,1520,1521
4231,1526,1527
4232,1391,1392
4232,1422,1423
4232,1520,1521
4232,1623,1624
4233,1422,1423
4233,1501,1502
4233,1520,1521
4233,1526,1527
4234,1500,1501
4234,1514,1515
4234,1621,1622
4234,1792,1793
4235,1514,1515
4235,1605,1606
4235,1621,1622
4235,1792,1793
4236,1575,1576
4236,1605,1606
4236,1621,1622
4236,1792,1793
4237,1575,1576
4237,1621,1622
4237,1682,1683
4237,1792,1793
4238,1500,1501
4238,1621,1622
4238,1682,1683
4238,1792,1793
4239,1575,1576
4239,1605,1606
4239,1748,1749
4239,1792,1793
4240,1575,1576
4240,1682,1683
4240,1743,1744
4240,1792,1793
4241,1500,1501
4241,1682,1683
4241,1743,1744
4241,1792,1793
4242,1575,1576
4242,1743,1744
4242,1748,1749
4242,1792,1793
4243,1500,1501
4243,1514,1515
4243,1536,1537
4243,1792,1793
4244,1500,1501
4244,1536,1537
4244,1740,1741
4244,1792,1793
4245,1500,1501
4245,1740,1741
4245,1743,1744
4245,1792,1793
4246,1536,1537
4246,1585,1586
4246,1740,1741
4246,1792,1793
4247,1585,1586
4247,1740,1741
4247,1743,1744
4247,1792,1793
4248,1538,1539
4248,1605,1606
4248,1748,1749
4248,1792,1793
4249,1665,1666
4249,1735,1736
4249,1775,1776
4249,1794,1795
4250,1735,1736
4250,1742,1743
4250,1775,1776
4250,1794,1795
4251,1652,1653
4251,1665,1666
4251,1735,1736
4251,1794,1795
4252,1665,1666
4252,1775,1776
4252,1794,1795
4252,1820,1821
4253,1652,1653
4253,1665,1666
4253,1794,1795
4253,1820,1821
4254,1670,1671
4254,1690,1691
4254,1705,1706
4254,1817,1818
4255,1670,1671
4255,1690,1691
4255,1756,1757
4255,1817,1818
4256,1686,1687
4256,1690,1691
4256,1806,1807
4256,1828,1829
4257,1533,1534
4257,1670,1671
4257,1690,1691
4257,1705,1706
4258,1670,1671
4258,1690,1691
4258,1739,1740
4258,1806,1807
4259,1686,1687
4259,1690,1691
4259,1801,1802
4259,1806,1807
4260,1670,1671
4260,1690,1691
4260,1801,1802
4260,1806,1807
4261,1533,1534
4261,1670,1671
4261,1690,1691
4261,1801,1802
4262,1705,1706
4262,1720,1721
4262,1731,1732
4262,1789,1790
4263,1705,1706
4263,1720,1721
4263,1731,1732
4263,1808,1809
4264,1575,1576
4264,1720,1721
4264,1731,1732
4264,1789,1790
4265,1575,1576
4265,1621,1622
4265,1720,1721
4265,1781,1782
4266,1575,1576
4266,1720,1721
4266,1781,1782
4266,1789,1790
4267,1609,1610
4267,1621,1622
4267,1720,1721
4267,1781,1782
4268,1548,1549
4268,1710,1711
4268,1720,1721
4268,1823,1824
4269,1548,1549
4269,1621,1622
4269,1710,1711
4269,1720,1721
4270,252,253
4270,301,302
4270,303,304
4270,335,336
4271,303,304
4271,335,336
4271,351,352
4271,352,353
4272,55,56
4272,303,304
4272,351,352
4272,352,353
4273,26,27
4273,301,302
4273,303,304
4273,335,336
4274,26,27
4274,303,304
4274,335,336
4274,351,352
4275,55,56
4275,123,124
4275,303,304
4275,351,352
4276,26,27
4276,199,200
4276,301,302
4276,303,304
4277,301,302
4277,303,304
4277,310,311
4277,430,431
4278,252,253
4278,303,304
4278,310,311
4278,430,431
4279,252,253
4279,301,302
4279,303,304
4279,310,311
4280,199,200
4280,301,302
4280,303,304
4280,498,499
4281,301,302
4281,303,304
4281,430,431
4281,498,499
4282,55,56
4282,303,304
4282,430,431
4282,520,521
4283,55,56
4283,123,124
4283,303,304
4283,520,521
4284,240,241
4284,303,304
4284,430,431
4284,498,499
4285,240,241
4285,303,304
4285,430,431
4285,520,521
4286,123,124
4286,240,241
4286,303,304
4286,498,499
4287,123,124
4287,240,241
4287,303,304
4287,520,521
4288,457,458
4288,535,536
4288,537,538
4288,792,793
4289,535,536
4289,637,638
4289,792,793
4289,823,824
4290,424,425
4290,535,536
4290,537,538
4290,792,793
4291,424,425
4291,535,536
4291,792,793
4291,823,824
4292,387,388
4292,457,458
4292,535,536
4292,537,538
4293,457,458
4293,535,536
4293,666,667
4293,792,793
4294,535,536
4294,637,638
4294,666,667
4294,792,793
4295,457,458
4295,535,536
4295,657,658
4295,666,667
4296,535,536
4296,637,638
4296,657,658
4296,666,667
4297,306,307
4297,387,388
4297,487,488
4297,613,614
4298,306,307
4298,391,392
4298,487,488
4298,613,614
4299,306,307
4299,391,392
4299,613,614
4299,640,641
4300,306,307
4300,391,392
4300,400,401
4300,487,488
4301,237,238
4301,306,307
4301,391,392
4301,400,401
4302,8,9
4302,12,13
4302,22,23
4302,120,121
4303,10,11
4303,12,13
4303,22,23
4303,63,64
4304,10,11
4304,12,13
4304,22,23
4304,120,121
4305,14,15
4305,22,23
4305,160,161
4305,198,199
4306,8,9
4306,22,23
4306,160,161
4306,198,199
4307,8,9
4307,22,23
4307,120,121
4307,198,199
4308,10,11
4308,22,23
4308,63,64
4308,119,120
4309,10,11
4309,22,23
4309,119,120
4309,120,121
4310,14,15
4310,22,23
4310,25,26
4310,198,199
4311,14,15
4311,22,23
4311,25,26
4311,63,64
4312,22,23
4312,25,26
4312,63,64
4312,119,120
4313,22,23
4313,25,26
4313,119,120
4313,198,199
4314,22,23
4314,119,120
4314,120,121
4314,198,199
4315,12,13
4315,71,72
4315,142,143
4315,190,191
4316,56,57
4316,112,113
4316,160,161
4316,205,206
4317,56,57
4317,112,113
4317,202,203
4317,205,206
4318,57,58
4318,113,114
4318,314,315
4318,557,558
4319,113,114
4319,182,183
4319,269,270
4319,327,328
4320,113,114
4320,182,183
4320,269,270
4320,314,315
4321,113,114
4321,182,183
4321,314,315
4321,327,328
4322,113,114
4322,314,315
4322,327,328
4322,602,603
4323,113,114
4323,314,315
4323,557,558
4323,602,603
4324,113,114
4324,218,219
4324,269,270
4324,327,328
4325,106,107
4325,163,164
4325,267,268
4325,345,346
4326,52,53
4326,101,102
4326,152,153
4326,345,346
4327,106,107
4327,152,153
4327,197,198
4327,202,203
4328,106,107
4328,152,153
4328,163,164
4328,345,346
4329,106,107
4329,152,153
4329,163,164
4329,202,203
4330,52,53
4330,101,102
4330,112,113
4330,152,153
4331,52,53
4331,152,153
4331,163,164
4331,345,346
4332,112,113
4332,152,153
4332,163,164
4332,202,203
4333,52,53
4333,112,113
4333,152,153
4333,163,164
4334,33,34
4334,163,164
4334,205,206
4334,291,292
4335,33,34
4335,106,107
4335,163,164
4335,202,203
4336,33,34
4336,163,164
4336,202,203
4336,205,206
4337,33,34
4337,56,57
4337,202,203
4337,205,206
4338,57,58
4338,231,232
4338,341,342
4338,516,517
4339,306,307
4339,435,436
4339,613,614
4339,640,641
4340,306,307
4340,387,388
4340,435,436
4340,613,614
4341,387,388
4341,435,436
4341,457,458
4341,613,614
4342,221,222
4342,435,436
4342,613,614
4342,640,641
4343,221,222
4343,435,436
4343,613,614
4343,631,632
4344,221,222
4344,287,288
4344,435,436
4344,640,641
4345,435,436
4345,457,458
4345,613,614
4345,631,632
4346,387,388
4346,435,436
4346,457,458
4346,535,536
4347,435,436
4347,457,458
4347,631,632
4347,657,658
4348,435,436
4348,457,458
4348,535,536
4348,657,658
4349,38,39
4349,106,107
4349,163,164
4349,267,268
4350,33,34
4350,38,39
4350,106,107
4350,163,164
4351,221,222
4351,353,354
4351,496,497
4351,631,632
4352,287,288
4352,300,301
4352,353,354
4352,496,497
4353,221,222
4353,287,288
4353,353,354
4353,496,497
4354,221,222
4354,353,354
4354,435,436
4354,631,632
4355,221,222
4355,287,288
4355,353,354
4355,435,436
4356,353,354
4356,496,497
4356,631,632
4356,634,635
4357,300,301
4357,353,354
4357,370,371
4357,496,497
4358,353,354
4358,370,371
4358,496,497
4358,634,635
4359,353,354
4359,631,632
4359,634,635
4359,657,658
4360,353,354
4360,435,436
4360,631,632
4360,657,658
4361,397,398
4361,536,537
4361,649,650
4361,712,713
4362,397,398
4362,459,460
4362,649,650
4362,712,713
4363,397,398
4363,536,537
4363,580,581
4363,649,650
4364,397,398
4364,536,537
4364,580,581
4364,739,740
4365,397,398
4365,459,460
4365,526,527
4365,649,650
4366,397,398
4366,526,527
4366,580,581
4366,649,650
4367,397,398
4367,526,527
4367,580,581
4367,739,740
4368,397,398
4368,488,489
4368,689,690
4368,739,740
4369,397,398
4369,536,537
4369,689,690
4369,739,740
4370,397,398
4370,524,525
4370,526,527
4370,739,740
4371,397,398
4371,459,460
4371,524,525
4371,526,527
4372,397,398
4372,488,489
4372,524,525
4372,739,740
4373,397,398
4373,459,460
4373,524,525
4373,780,781
4374,397,398
4374,488,489
4374,637,638
4374,666,667
4375,397,398
4375,488,489
4375,637,638
4375,689,690
4376,397,398
4376,536,537
4376,657,658
4376,689,690
4377,397,398
4377,536,537
4377,657,658
4377,712,713
4378,397,398
4378,657,658
4378,666,667
4378,712,713
4379,397,398
4379,637,638
4379,657,658
4379,666,667
4380,397,398
4380,637,638
4380,657,658
4380,689,690
4381,397,398
4381,452,453
4381,488,489
4381,524,525
4382,397,398
4382,452,453
4382,524,525
4382,780,781
4383,397,398
4383,452,453
4383,666,667
4383,780,781
4384,397,398
4384,452,453
4384,488,489
4384,792,793
4385,397,398
4385,452,453
4385,666,667
4385,792,793
4386,397,398
4386,488,489
4386,666,667
4386,792,793
4387,304,305
4387,412,413
4387,495,496
4387,499,500
4388,304,305
4388,467,468
4388,499,500
4388,604,605
4389,304,305
4389,467,468
4389,495,496
4389,499,500
4390,467,468
4390,495,496
4390,499,500
4390,611,612
4391,412,413
4391,495,496
4391,499,500
4391,647,648
4392,412,413
4392,499,500
4392,601,602
4392,647,648
4393,404,405
4393,499,500
4393,601,602
4393,647,648
4394,406,407
4394,499,500
4394,601,602
4394,604,605
4395,404,405
4395,406,407
4395,499,500
4395,601,602
4396,241,242
4396,467,468
4396,499,500
4396,611,612
4397,241,242
4397,467,468
4397,499,500
4397,604,605
4398,241,242
4398,406,407
4398,499,500
4398,604,605
4399,404,405
4399,499,500
4399,611,612
4399,647,648
4400,495,496
4400,499,500
4400,611,612
4400,647,648
4401,241,242
4401,253,254
4401,499,500
4401,611,612
4402,241,242
4402,253,254
4402,406,407
4402,499,500
4403,253,254
4403,404,405
4403,499,500
4403,611,612
4404,253,254
4404,404,405
4404,406,407
4404,499,500
4405,464,465
4405,508,509
4405,596,597
4405,607,608
4406,441,442
4406,464,465
4406,508,509
4406,607,608
4407,508,509
4407,596,597
4407,607,608
4407,627,628
4408,378,379
4408,441,442
4408,508,509
4408,607,608
4409,349,350
4409,441,442
4409,464,465
4409,607,608
4410,378,379
4410,487,488
4410,607,608
4410,627,628
4411,378,379
4411,508,509
4411,607,608
4411,627,628
4412,400,401
4412,487,488
4412,607,608
4412,627,628
4413,400,401
4413,596,597
4413,607,608
4413,627,628
4414,378,379
4414,487,488
4414,506,507
4414,607,608
4415,378,379
4415,441,442
4415,506,507
4415,607,608
4416,391,392
4416,400,401
4416,487,488
4416,607,608
4417,391,392
4417,487,488
4417,506,507
4417,607,608
4418,261,262
4418,400,401
4418,596,597
4418,607,608
4419,378,379
4419,441,442
4419,508,509
4419,725,726
4420,441,442
4420,508,509
4420,725,726
4420,745,746
4421,508,509
4421,642,643
4421,725,726
4421,745,746
4422,508,509
4422,599,600
4422,642,643
4422,725,726
4423,585,586
4423,599,600
4423,642,643
4423,725,726
4424,378,379
4424,508,509
4424,599,600
4424,725,726
4425,378,379
4425,432,433
4425,599,600
4425,725,726
4426,432,433
4426,585,586
4426,599,600
4426,725,726
4427,578,579
4427,585,586
4427,686,687
4427,725,726
4428,378,379
4428,432,433
4428,578,579
4428,725,726
4429,432,433
4429,578,579
4429,585,586
4429,725,726
4430,578,579
4430,686,687
4430,725,726
4430,812,813
4431,443,444
4431,585,586
4431,642,643
4431,725,726
4432,443,444
4432,585,586
4432,686,687
4432,725,726
4433,398,399
4433,434,435
4433,456,457
4433,664,665
4434,398,399
4434,434,435
4434,664,665
4434,745,746
4435,434,435
4435,686,687
4435,812,813
4435,912,913
4436,434,435
4436,686,687
4436,725,726
4436,812,813
4437,434,435
4437,642,643
4437,664,665
4437,745,746
4438,434,435
4438,642,643
4438,725,726
4438,745,746
4439,434,435
4439,456,457
4439,655,656
4439,912,913
4440,434,435
4440,456,457
4440,655,656
4440,664,665
4441,434,435
4441,443,444
4441,642,643
4441,664,665
4442,434,435
4442,443,444
4442,642,643
4442,725,726
4443,434,435
4443,443,444
4443,686,687
4443,912,913
4444,434,435
4444,443,444
4444,686,687
4444,725,726
4445,434,435
4445,443,444
4445,655,656
4445,912,913
4446,434,435
4446,443,444
4446,655,656
4446,664,665
4447,270,271
4447,441,442
4447,497,498
4447,506,507
4448,270,271
4448,349,350
4448,441,442
4448,497,498
4449,270,271
4449,441,442
4449,506,507
4449,607,608
4450,270,271
4450,391,392
4450,506,507
4450,607,608
4451,270,271
4451,349,350
4451,441,442
4451,607,608
4452,270,271
4452,322,323
4452,497,498
4452,506,507
4453,247,248
4453,270,271
4453,322,323
4453,340,341
4454,270,271
4454,322,323
4454,340,341
4454,506,507
4455,247,248
4455,270,271
4455,340,341
4455,391,392
4456,270,271
4456,340,341
4456,391,392
4456,506,507
4457,270,271
4457,296,297
4457,322,323
4457,497,498
4458,270,271
4458,296,297
4458,349,350
4458,497,498
4459,270,271
4459,296,297
4459,349,350
4459,472,473
4460,247,248
4460,270,271
4460,322,323
4460,328,329
4461,247,248
4461,270,271
4461,328,329
4461,472,473
4462,270,271
4462,296,297
4462,322,323
4462,328,329
4463,270,271
4463,296,297
4463,328,329
4463,472,473
4464,254,255
4464,360,361
4464,412,413
4464,648,649
4465,254,255
4465,296,297
4465,360,361
4465,648,649
4466,254,255
4466,304,305
4466,360,361
4466,412,413
4467,254,255
4467,321,322
4467,414,415
4467,564,565
4468,254,255
4468,321,322
4468,403,404
4468,564,565
4469,254,255
4469,296,297
4469,360,361
4469,414,415
4470,254,255
4470,296,297
4470,414,415
4470,564,565
4471,228,229
4471,254,255
4471,412,413
4471,648,649
4472,254,255
4472,304,305
4472,360,361
4472,414,415
4473,254,255
4473,304,305
4473,321,322
4473,414,415
4474,228,229
4474,254,255
4474,343,344
4474,403,404
4475,254,255
4475,321,322
4475,343,344
4475,403,404
4476,273,274
4476,302,303
4476,337,338
4476,502,503
4477,273,274
4477,337,338
4477,502,503
4477,576,577
4478,302,303
4478,337,338
4478,371,372
4478,502,503
4479,337,338
4479,371,372
4479,502,503
4479,576,577
4480,35,36
4480,273,274
4480,302,303
4480,502,503
4481,35,36
4481,273,274
4481,502,503
4481,576,577
4482,35,36
4482,200,201
4482,302,303
4482,502,503
4483,299,300
4483,371,372
4483,502,503
4483,576,577
4484,35,36
4484,162,163
4484,200,201
4484,502,503
4485,382,383
4485,572,573
4485,691,692
4485,720,721
4486,382,383
4486,442,443
4486,606,607
4486,691,692
4487,442,443
4487,606,607
4487,691,692
4487,706,707
4488,382,383
4488,442,443
4488,572,573
4488,691,692
4489,442,443
4489,572,573
4489,691,692
4489,706,707
4490,606,607
4490,691,692
4490,706,707
4490,820,821
4491,561,562
4491,610,611
4491,753,754
4491,780,781
4492,452,453
4492,561,562
4492,718,719
4492,981,982
4493,452,453
4493,544,545
4493,561,562
4493,981,982
4494,561,562
4494,610,611
4494,718,719
4494,812,813
4495,561,562
4495,610,611
4495,753,754
4495,812,813
4496,452,453
4496,544,545
4496,561,562
4496,780,781
4497,452,453
4497,561,562
4497,610,611
4497,780,781
4498,452,453
4498,561,562
4498,610,611
4498,718,719
4499,423,424
4499,570,571
4499,636,637
4499,780,781
4500,423,424
4500,560,561
4500,597,598
4500,666,667
4501,423,424
4501,560,561
4501,666,667
4501,712,713
4502,423,424
4502,468,469
4502,570,571
4502,753,754
4503,423,424
4503,468,469
4503,597,598
4503,753,754
4504,397,398
4504,423,424
4504,666,667
4504,780,781
4505,397,398
4505,423,424
4505,666,667
4505,712,713
4506,423,424
4506,610,611
4506,666,667
4506,780,781
4507,423,424
4507,610,611
4507,753,754
4507,780,781
4508,423,424
4508,461,462
4508,610,611
4508,666,667
4509,423,424
4509,461,462
4509,597,598
4509,666,667
4510,423,424
4510,461,462
4510,610,611
4510,753,754
4511,423,424
4511,461,462
4511,597,598
4511,753,754
4512,468,469
4512,506,507
4512,553,554
4512,597,598
4513,340,341
4513,506,507
4513,553,554
4513,597,598
4514,322,323
4514,468,469
4514,506,507
4514,553,554
4515,322,323
4515,340,341
4515,506,507
4515,553,554
4516,221,222
4516,340,341
4516,553,554
4516,597,598
4517,322,323
4517,468,469
4517,553,554
4517,635,636
4518,221,222
4518,553,554
4518,560,561
4518,597,598
4519,423,424
4519,553,554
4519,560,561
4519,597,598
4520,423,424
4520,468,469
4520,553,554
4520,597,598
4521,221,222
4521,496,497
4521,553,554
4521,560,561
4522,496,497
4522,553,554
4522,560,561
4522,582,583
4523,255,256
4523,359,360
4523,474,475
4523,644,645
4524,255,256
4524,261,262
4524,359,360
4524,474,475
4525,255,256
4525,298,299
4525,436,437
4525,474,475
4526,255,256
4526,298,299
4526,474,475
4526,512,513
4527,255,256
4527,474,475
4527,512,513
4527,644,645
4528,255,256
4528,298,299
4528,512,513
4528,644,645
4529,255,256
4529,298,299
4529,464,465
4529,644,645
4530,255,256
4530,298,299
4530,436,437
4530,464,465
4531,255,256
4531,436,437
4531,464,465
4531,596,597
4532,255,256
4532,261,262
4532,436,437
4532,596,597
4533,255,256
4533,349,350
4533,464,465
4533,644,645
4534,477,478
4534,508,509
4534,642,643
4534,660,661
4535,508,509
4535,599,600
4535,642,643
4535,660,661
4536,477,478
4536,508,509
4536,599,600
4536,660,661
4537,477,478
4537,623,624
4537,642,643
4537,660,661
4538,585,586
4538,599,600
4538,642,643
4538,660,661
4539,567,568
4539,642,643
4539,660,661
4539,682,683
4540,623,624
4540,642,643
4540,660,661
4540,682,683
4541,443,444
4541,567,568
4541,642,643
4541,660,661
4542,443,444
4542,585,586
4542,642,643
4542,660,661
4543,443,444
4543,511,512
4543,567,568
4543,660,661
4544,443,444
4544,511,512
4544,585,586
4544,660,661
4545,659,660
4545,768,769
4545,942,943
4545,973,974
4546,659,660
4546,768,769
4546,973,974
4546,996,997
4547,659,660
4547,715,716
4547,942,943
4547,973,974
4548,659,660
4548,715,716
4548,772,773
4548,911,912
4549,876,877
4549,917,918
4549,993,994
4549,1025,1026
4550,876,877
4550,902,903
4550,993,994
4550,1025,1026
4551,876,877
4551,902,903
4551,917,918
4551,993,994
4552,917,918
4552,993,994
4552,1025,1026
4552,1055,1056
4553,993,994
4553,1025,1026
4553,1055,1056
4553,1160,1161
4554,658,659
4554,917,918
4554,993,994
4554,1055,1056
4555,993,994
4555,1055,1056
4555,1160,1161
4555,1223,1224
4556,658,659
4556,993,994
4556,1055,1056
4556,1223,1224
4557,953,954
4557,1134,1135
4557,1180,1181
4557,1243,1244
4558,1118,1119
4558,1134,1135
4558,1180,1181
4558,1243,1244
4559,841,842
4559,953,954
4559,1180,1181
4559,1243,1244
4560,1099,1100
4560,1118,1119
4560,1134,1135
4560,1243,1244
4561,843,844
4561,953,954
4561,1134,1135
4561,1243,1244
4562,843,844
4562,966,967
4562,1103,1104
4562,1243,1244
4563,843,844
4563,950,951
4563,966,967
4563,1103,1104
4564,841,842
4564,843,844
4564,966,967
4564,1243,1244
4565,841,842
4565,843,844
4565,953,954
4565,1243,1244
4566,916,917
4566,927,928
4566,1146,1147
4566,1249,1250
4567,927,928
4567,1099,1100
4567,1118,1119
4567,1249,1250
4568,1099,1100
4568,1192,1193
4568,1235,1236
4568,1249,1250
4569,927,928
4569,1099,1100
4569,1192,1193
4569,1249,1250
4570,1146,1147
4570,1192,1193
4570,1249,1250
4570,1352,1353
4571,1192,1193
4571,1235,1236
4571,1249,1250
4571,1352,1353
4572,927,928
4572,1146,1147
4572,1179,1180
4572,1249,1250
4573,1146,1147
4573,1179,1180
4573,1192,1193
4573,1249,1250
4574,927,928
4574,1179,1180
4574,1192,1193
4574,1249,1250
4575,548,549
4575,750,751
4575,920,921
4575,980,981
4576,548,549
4576,699,700
4576,920,921
4576,980,981
4577,750,751
4577,752,753
4577,920,921
4577,980,981
4578,529,530
4578,548,549
4578,750,751
4578,920,921
4579,683,684
4579,727,728
4579,920,921
4579,1013,1014
4580,744,745
4580,750,751
4580,752,753
4580,920,921
4581,529,530
4581,727,728
4581,920,921
4581,988,989
4582,529,530
4582,750,751
4582,920,921
4582,988,989
4583,683,684
4583,744,745
4583,752,753
4583,920,921
4584,727,728
4584,891,892
4584,920,921
4584,988,989
4585,683,684
4585,727,728
4585,891,892
4585,920,921
4586,683,684
4586,744,745
4586,891,892
4586,920,921
4587,744,745
4587,891,892
4587,920,921
4587,988,989
4588,744,745
4588,750,751
4588,920,921
4588,988,989
4589,947,948
4589,1034,1035
4589,1126,1127
4589,1272,1273
4590,1034,1035
4590,1103,1104
4590,1126,1127
4590,1272,1273
4591,927,928
4591,947,948
4591,1034,1035
4591,1272,1273
4592,927,928
4592,1034,1035
4592,1103,1104
4592,1272,1273
4593,966,967
4593,1103,1104
4593,1126,1127
4593,1272,1273
4594,966,967
4594,1103,1104
4594,1243,1244
4594,1272,1273
4595,916,917
4595,947,948
4595,1030,1031
4595,1272,1273
4596,947,948
4596,1030,1031
4596,1126,1127
4596,1272,1273
4597,916,917
4597,947,948
4597,1146,1147
4597,1272,1273
4598,927,928
4598,947,948
4598,1146,1147
4598,1272,1273
4599,916,917
4599,927,928
4599,1146,1147
4599,1272,1273
4600,916,917
4600,927,928
4600,1249,1250
4600,1272,1273
4601,916,917
4601,1118,1119
4601,1249,1250
4601,1272,1273
4602,927,928
4602,1118,1119
4602,1249,1250
4602,1272,1273
4603,687,688
4603,860,861
4603,878,879
4603,950,951
4604,687,688
4604,860,861
4604,950,951
4604,1126,1127
4605,687,688
4605,878,879
4605,950,951
4605,1033,1034
4606,687,688
4606,950,951
4606,1033,1034
4606,1126,1127
4607,687,688
4607,860,861
4607,899,900
4607,1126,1127
4608,654,655
4608,687,688
4608,860,861
4608,899,900
4609,654,655
4609,687,688
4609,866,867
4609,899,900
4610,687,688
4610,726,727
4610,837,838
4610,878,879
4611,687,688
4611,726,727
4611,860,861
4611,878,879
4612,654,655
4612,687,688
4612,726,727
4612,837,838
4613,654,655
4613,687,688
4613,726,727
4613,860,861
4614,654,655
4614,687,688
4614,837,838
4614,847,848
4615,654,655
4615,687,688
4615,847,848
4615,866,867
4616,687,688
4616,837,838
4616,847,848
4616,980,981
4617,687,688
4617,847,848
4617,866,867
4617,980,981
4618,964,965
4618,1109,1110
4618,1191,1192
4618,1206,1207
4619,904,905
4619,1043,1044
4619,1109,1110
4619,1206,1207
4620,904,905
4620,1109,1110
4620,1191,1192
4620,1206,1207
4621,877,878
4621,934,935
4621,1043,1044
4621,1109,1110
4622,934,935
4622,1043,1044
4622,1106,1107
4622,1109,1110
4623,1043,1044
4623,1106,1107
4623,1109,1110
4623,1206,1207
4624,934,935
4624,964,965
4624,1106,1107
4624,1109,1110
4625,964,965
4625,1106,1107
4625,1109,1110
4625,1206,1207
4626,877,878
4626,1027,1028
4626,1043,1044
4626,1109,1110
4627,904,905
4627,1027,1028
4627,1043,1044
4627,1109,1110
4628,964,965
4628,1109,1110
4628,1191,1192
4628,1197,1198
4629,904,905
4629,1027,1028
4629,1109,1110
4629,1147,1148
4630,1109,1110
4630,1147,1148
4630,1191,1192
4630,1197,1198
4631,904,905
4631,909,910
4631,1109,1110
4631,1191,1192
4632,909,910
4632,1109,1110
4632,1147,1148
4632,1191,1192
4633,904,905
4633,909,910
4633,1109,1110
4633,1147,1148
4634,934,935
4634,964,965
4634,1109,1110
4634,1222,1223
4635,964,965
4635,1109,1110
4635,1197,1198
4635,1222,1223
4636,877,878
4636,898,899
4636,1027,1028
4636,1109,1110
4637,898,899
4637,1027,1028
4637,1109,1110
4637,1147,1148
4638,898,899
4638,1109,1110
4638,1147,1148
4638,1197,1198
4639,877,878
4639,898,899
4639,1109,1110
4639,1222,1223
4640,877,878
4640,934,935
4640,1109,1110
4640,1222,1223
4641,898,899
4641,1109,1110
4641,1197,1198
4641,1222,1223
4642,292,293
4642,299,300
4642,363,364
4642,638,639
4643,292,293
4643,316,317
4643,323,324
4643,363,364
4644,292,293
4644,299,300
4644,316,317
4644,363,364
4645,292,293
4645,299,300
4645,626,627
4645,638,639
4646,292,293
4646,299,300
4646,371,372
4646,626,627
4647,292,293
4647,299,300
4647,371,372
4647,502,503
4648,200,201
4648,292,293
4648,323,324
4648,502,503
4649,1144,1145
4649,1167,1168
4649,1209,1210
4649,1225,1226
4650,1144,1145
4650,1167,1168
4650,1209,1210
4650,1350,1351
4651,1068,1069
4651,1167,1168
4651,1209,1210
4651,1225,1226
4652,968,969
4652,1068,1069
4652,1127,1128
4652,1167,1168
4653,377,378
4653,542,543
4653,708,709
4653,789,790
4654,377,378
4654,542,543
4654,562,563
4654,708,709
4655,542,543
4655,562,563
4655,616,617
4655,708,709
4656,562,563
4656,616,617
4656,694,695
4656,708,709
4657,562,563
4657,694,695
4657,708,709
4657,734,735
4658,507,508
4658,734,735
4658,779,780
4658,829,830
4659,734,735
4659,779,780
4659,799,800
4659,829,830
4660,466,467
4660,507,508
4660,694,695
4660,734,735
4661,466,467
4661,507,508
4661,734,735
4661,779,780
4662,466,467
4662,734,735
4662,779,780
4662,799,800
4663,764,765
4663,766,767
4663,771,772
4663,917,918
4664,764,765
4664,766,767
4664,917,918
4664,922,923
4665,764,765
4665,771,772
4665,917,918
4665,1002,1003
4666,658,659
4666,764,765
4666,917,918
4666,1002,1003
4667,415,416
4667,483,484
4667,770,771
4667,822,823
4668,415,416
4668,483,484
4668,628,629
4668,822,823
4669,388,389
4669,483,484
4669,628,629
4669,822,823
4670,382,383
4670,388,389
4670,483,484
4670,628,629
4671,388,389
4671,483,484
4671,606,607
4671,822,823
4672,483,484
4672,606,607
4672,770,771
4672,822,823
4673,483,484
4673,606,607
4673,691,692
4673,770,771
4674,374,375
4674,415,416
4674,483,484
4674,628,629
4675,374,375
4675,382,383
4675,483,484
4675,628,629
4676,382,383
4676,483,484
4676,691,692
4676,720,721
4677,382,383
4677,388,389
4677,483,484
4677,606,607
4678,382,383
4678,483,484
4678,606,607
4678,691,692
4679,374,375
4679,415,416
4679,483,484
4679,618,619
4680,415,416
4680,483,484
4680,618,619
4680,720,721
4681,415,416
4681,483,484
4681,527,528
4681,720,721
4682,415,416
4682,483,484
4682,527,528
4682,770,771
4683,374,375
4683,483,484
4683,618,619
4683,720,721
4684,374,375
4684,382,383
4684,483,484
4684,720,721
4685,433,434
4685,652,653
4685,767,768
4685,822,823
4686,433,434
4686,652,653
4686,656,657
4686,767,768
4687,606,607
4687,767,768
4687,770,771
4687,822,823
4688,433,434
4688,767,768
4688,770,771
4688,822,823
4689,606,607
4689,691,692
4689,767,768
4689,770,771
4690,433,434
4690,691,692
4690,767,768
4690,770,771
4691,656,657
4691,761,762
4691,767,768
4691,796,797
4692,555,556
4692,761,762
4692,767,768
4692,796,797
4693,433,434
4693,656,657
4693,767,768
4693,773,774
4694,656,657
4694,767,768
4694,773,774
4694,796,797
4695,555,556
4695,606,607
4695,767,768
4695,820,821
4696,555,556
4696,767,768
4696,796,797
4696,820,821
4697,433,434
4697,701,702
4697,767,768
4697,773,774
4698,701,702
4698,767,768
4698,773,774
4698,796,797
4699,701,702
4699,767,768
4699,796,797
4699,820,821
4700,453,454
4700,484,485
4700,652,653
4700,844,845
4701,383,384
4701,453,454
4701,592,593
4701,621,622
4702,383,384
4702,453,454
4702,555,556
4702,592,593
4703,1122,1123
4703,1182,1183
4703,1423,1424
4703,1450,1451
4704,1182,1183
4704,1341,1342
4704,1398,1399
4704,1426,1427
4705,1182,1183
4705,1341,1342
4705,1398,1399
4705,1450,1451
4706,1122,1123
4706,1182,1183
4706,1398,1399
4706,1450,1451
4707,1182,1183
4707,1398,1399
4707,1467,1468
4707,1471,1472
4708,1182,1183
4708,1398,1399
4708,1426,1427
4708,1467,1468
4709,1108,1109
4709,1122,1123
4709,1398,1399
4709,1471,1472
4710,1122,1123
4710,1182,1183
4710,1398,1399
4710,1471,1472
4711,1108,1109
4711,1332,1333
4711,1398,1399
4711,1471,1472
4712,1108,1109
4712,1332,1333
4712,1398,1399
4712,1420,1421
4713,1398,1399
4713,1460,1461
4713,1467,1468
4713,1471,1472
4714,1398,1399
4714,1426,1427
4714,1460,1461
4714,1467,1468
4715,1300,1301
4715,1398,1399
4715,1460,1461
4715,1471,1472
4716,1300,1301
4716,1398,1399
4716,1426,1427
4716,1460,1461
4717,1300,1301
4717,1332,1333
4717,1398,1399
4717,1471,1472
4718,1300,1301
4718,1332,1333
4718,1398,1399
4718,1420,1421
4719,1341,1342
4719,1419,1420
4719,1428,1429
4719,1568,1569
4720,1341,1342
4720,1419,1420
4720,1428,1429
4720,1450,1451
4721,1341,1342
4721,1398,1399
4721,1419,1420
4721,1450,1451
4722,1341,1342
4722,1419,1420
4722,1426,1427
4722,1568,1569
4723,1341,1342
4723,1398,1399
4723,1419,1420
4723,1426,1427
4724,1419,1420
4724,1568,1569
4724,1607,1608
4724,1633,1634
4725,1419,1420
4725,1428,1429
4725,1568,1569
4725,1633,1634
4726,1419,1420
4726,1426,1427
4726,1568,1569
4726,1607,1608
4727,1398,1399
4727,1419,1420
4727,1420,1421
4727,1450,1451
4728,1419,1420
4728,1490,1491
4728,1560,1561
4728,1607,1608
4729,1300,1301
4729,1419,1420
4729,1490,1491
4729,1560,1561
4730,1300,1301
4730,1419,1420
4730,1420,1421
4730,1560,1561
4731,1300,1301
4731,1398,1399
4731,1419,1420
4731,1426,1427
4732,1300,1301
4732,1398,1399
4732,1419,1420
4732,1420,1421
4733,18,19
4733,36,37
4733,173,174
4733,181,182
4734,36,37
4734,88,89
4734,156,157
4734,161,162
4735,36,37
4735,43,44
4735,156,157
4735,161,162
4736,36,37
4736,43,44
4736,87,88
4736,161,162
4737,29,30
4737,36,37
4737,173,174
4737,181,182
4738,29,30
4738,36,37
4738,156,157
4738,173,174
4739,29,30
4739,36,37
4739,88,89
4739,181,182
4740,29,30
4740,36,37
4740,88,89
4740,156,157
4741,36,37
4741,67,68
4741,156,157
4741,173,174
4742,36,37
4742,43,44
4742,67,68
4742,156,157
4743,18,19
4743,36,37
4743,136,137
4743,173,174
4744,25,26
4744,136,137
4744,145,146
4744,232,233
4745,25,26
4745,63,64
4745,136,137
4745,232,233
4746,18,19
4746,25,26
4746,63,64
4746,136,137
4747,25,26
4747,136,137
4747,145,146
4747,173,174
4748,18,19
4748,25,26
4748,136,137
4748,173,174
4749,43,44
4749,136,137
4749,145,146
4749,232,233
4750,36,37
4750,43,44
4750,87,88
4750,136,137
4751,67,68
4751,136,137
4751,145,146
4751,173,174
4752,43,44
4752,67,68
4752,136,137
4752,145,146
4753,36,37
4753,67,68
4753,136,137
4753,173,174
4754,36,37
4754,43,44
4754,67,68
4754,136,137
4755,1376,1377
4755,1409,1410
4755,1463,1464
4755,1471,1472
4756,1198,1199
4756,1376,1377
4756,1409,1410
4756,1471,1472
4757,1376,1377
4757,1399,1400
4757,1463,1464
4757,1471,1472
4758,1376,1377
4758,1400,1401
4758,1409,1410
4758,1443,1444
4759,1198,1199
4759,1376,1377
4759,1409,1410
4759,1443,1444
4760,1105,1106
4760,1288,1289
4760,1443,1444
4760,1444,1445
4761,1105,1106
4761,1216,1217
4761,1288,1289
4761,1443,1444
4762,1105,1106
4762,1113,1114
4762,1216,1217
4762,1288,1289
4763,1073,1074
4763,1105,1106
4763,1113,1114
4763,1169,1170
4764,1170,1171
4764,1400,1401
4764,1443,1444
4764,1444,1445
4765,1170,1171
4765,1346,1347
4765,1400,1401
4765,1444,1445
4766,1170,1171
4766,1376,1377
4766,1400,1401
4766,1443,1444
4767,1170,1171
4767,1346,1347
4767,1376,1377
4767,1400,1401
4768,1105,1106
4768,1170,1171
4768,1443,1444
4768,1444,1445
4769,1170,1171
4769,1282,1283
4769,1346,1347
4769,1444,1445
4770,1105,1106
4770,1170,1171
4770,1282,1283
4770,1444,1445
4771,1105,1106
4771,1170,1171
4771,1216,1217
4771,1443,1444
4772,1170,1171
4772,1198,1199
4772,1216,1217
4772,1443,1444
4773,1170,1171
4773,1198,1199
4773,1376,1377
4773,1443,1444
4774,1170,1171
4774,1282,1283
4774,1329,1330
4774,1374,1375
4775,1169,1170
4775,1170,1171
4775,1282,1283
4775,1329,1330
4776,1105,1106
4776,1169,1170
4776,1170,1171
4776,1282,1283
4777,1336,1337
4777,1337,1338
4777,1400,1401
4777,1456,1457
4778,1336,1337
4778,1456,1457
4778,1540,1541
4778,1619,1620
4779,1336,1337
4779,1409,1410
4779,1456,1457
4779,1619,1620
4780,1336,1337
4780,1400,1401
4780,1409,1410
4780,1456,1457
4781,1336,1337
4781,1409,1410
4781,1463,1464
4781,1619,1620
4782,1336,1337
4782,1376,1377
4782,1409,1410
4782,1463,1464
4783,1336,1337
4783,1376,1377
4783,1400,1401
4783,1409,1410
4784,1336,1337
4784,1346,1347
4784,1376,1377
4784,1400,1401
4785,1232,1233
4785,1279,1280
4785,1325,1326
4785,1430,1431
4786,1087,1088
4786,1313,1314
4786,1325,1326
4786,1430,1431
4787,1279,1280
4787,1285,1286
4787,1325,1326
4787,1430,1431
4788,1285,1286
4788,1313,1314
4788,1325,1326
4788,1430,1431
4789,1285,1286
4789,1313,1314
4789,1320,1321
4789,1430,1431
4790,1313,1314
4790,1320,1321
4790,1366,1367
4790,1430,1431
4791,1320,1321
4791,1366,1367
4791,1430,1431
4791,1486,1487
4792,1279,1280
4792,1406,1407
4792,1430,1431
4792,1454,1455
4793,1279,1280
4793,1285,1286
4793,1406,1407
4793,1430,1431
4794,1320,1321
4794,1430,1431
4794,1454,1455
4794,1486,1487
4795,1320,1321
4795,1406,1407
4795,1430,1431
4795,1454,1455
4796,1285,1286
4796,1320,1321
4796,1406,1407
4796,1430,1431
4797,77,78
4797,118,119
4797,239,240
4797,258,259
4798,77,78
4798,118,119
4798,128,129
4798,239,240
4799,77,78
4799,239,240
4799,258,259
4799,355,356
4800,77,78
4800,95,96
4800,128,129
4800,239,240
4801,26,27
4801,118,119
4801,239,240
4801,258,259
4802,26,27
4802,118,119
4802,239,240
4802,351,352
4803,77,78
4803,95,96
4803,239,240
4803,355,356
4804,32,33
4804,95,96
4804,239,240
4804,355,356
4805,199,200
4805,239,240
4805,258,259
4805,355,356
4806,32,33
4806,199,200
4806,239,240
4806,355,356
4807,32,33
4807,95,96
4807,239,240
4807,246,247
4808,95,96
4808,128,129
4808,239,240
4808,246,247
4809,26,27
4809,199,200
4809,239,240
4809,258,259
4810,32,33
4810,123,124
4810,239,240
4810,246,247
4811,26,27
4811,199,200
4811,239,240
4811,303,304
4812,26,27
4812,239,240
4812,303,304
4812,351,352
4813,32,33
4813,199,200
4813,239,240
4813,498,499
4814,32,33
4814,123,124
4814,239,240
4814,498,499
4815,123,124
4815,239,240
4815,303,304
4815,351,352
4816,199,200
4816,239,240
4816,303,304
4816,498,499
4817,123,124
4817,239,240
4817,303,304
4817,498,499
4818,28,29
4818,79,80
4818,118,119
4818,224,225
4819,79,80
4819,118,119
4819,128,129
4819,224,225
4820,28,29
4820,79,80
4820,206,207
4820,224,225
4821,28,29
4821,99,100
4821,118,119
4821,224,225
4822,99,100
4822,118,119
4822,224,225
4822,351,352
4823,118,119
4823,224,225
4823,239,240
4823,351,352
4824,118,119
4824,128,129
4824,224,225
4824,239,240
4825,71,72
4825,79,80
4825,206,207
4825,224,225
4826,28,29
4826,99,100
4826,206,207
4826,224,225
4827,79,80
4827,128,129
4827,139,140
4827,224,225
4828,71,72
4828,79,80
4828,139,140
4828,224,225
4829,4,5
4829,99,100
4829,206,207
4829,224,225
4830,4,5
4830,99,100
4830,224,225
4830,351,352
4831,4,5
4831,58,59
4831,224,225
4831,351,352
4832,356,357
4832,463,464
4832,539,540
4832,563,564
4833,463,464
4833,476,477
4833,539,540
4833,563,564
4834,293,294
4834,325,326
4834,356,357
4834,381,382
4835,293,294
4835,325,326
4835,381,382
4835,539,540
4836,325,326
4836,356,357
4836,381,382
4836,539,540
4837,271,272
4837,293,294
4837,325,326
4837,590,591
4838,194,195
4838,293,294
4838,325,326
4838,539,540
4839,293,294
4839,305,306
4839,325,326
4839,590,591
4840,305,306
4840,325,326
4840,358,359
4840,590,591
4841,264,265
4841,325,326
4841,358,359
4841,590,591
4842,194,195
4842,293,294
4842,305,306
4842,325,326
4843,194,195
4843,305,306
4843,325,326
4843,358,359
4844,264,265
4844,325,326
4844,590,591
4844,630,631
4845,271,272
4845,325,326
4845,590,591
4845,630,631
4846,240,241
4846,264,265
4846,325,326
4846,358,359
4847,194,195
4847,240,241
4847,325,326
4847,358,359
4848,194,195
4848,240,241
4848,325,326
4848,539,540
4849,336,337
4849,463,464
4849,515,516
4849,593,594
4850,286,287
4850,336,337
4850,463,464
4850,515,516
4851,286,287
4851,336,337
4851,463,464
4851,539,540
4852,276,277
4852,389,390
4852,422,423
4852,449,450
4853,276,277
4853,389,390
4853,449,450
4853,460,461
4854,389,390
4854,449,450
4854,460,461
4854,632,633
4855,389,390
4855,422,423
4855,449,450
4855,494,495
4856,449,450
4856,460,461
4856,566,567
4856,632,633
4857,381,382
4857,449,450
4857,463,464
4857,494,495
4858,356,357
4858,381,382
4858,449,450
4858,463,464
4859,381,382
4859,421,422
4859,449,450
4859,494,495
4860,421,422
4860,422,423
4860,449,450
4860,494,495
4861,389,390
4861,392,393
4861,573,574
4861,632,633
4862,392,393
4862,573,574
4862,801,802
4862,836,837
4863,271,272
4863,293,294
4863,329,330
4863,367,368
4864,329,330
4864,356,357
4864,381,382
4864,449,450
4865,293,294
4865,329,330
4865,356,357
4865,381,382
4866,293,294
4866,325,326
4866,329,330
4866,356,357
4867,271,272
4867,293,294
4867,325,326
4867,329,330
4868,271,272
4868,325,326
4868,329,330
4868,356,357
4869,259,260
4869,293,294
4869,329,330
4869,381,382
4870,259,260
4870,293,294
4870,329,330
4870,367,368
4871,276,277
4871,329,330
4871,422,423
4871,449,450
4872,259,260
4872,329,330
4872,422,423
4872,475,476
4873,259,260
4873,329,330
4873,381,382
4873,421,422
4874,259,260
4874,329,330
4874,421,422
4874,422,423
4875,329,330
4875,381,382
4875,421,422
4875,449,450
4876,329,330
4876,421,422
4876,422,423
4876,449,450
4877,229,230
4877,242,243
4877,411,412
4877,473,474
4878,229,230
4878,242,243
4878,313,314
4878,385,386
4879,229,230
4879,242,243
4879,313,314
4879,473,474
4880,229,230
4880,242,243
4880,361,362
4880,385,386
4881,242,243
4881,313,314
4881,385,386
4881,598,599
4882,229,230
4882,242,243
4882,411,412
4882,608,609
4883,229,230
4883,242,243
4883,361,362
4883,608,609
4884,242,243
4884,361,362
4884,411,412
4884,608,609
4885,242,243
4885,313,314
4885,530,531
4885,598,599
4886,242,243
4886,313,314
4886,473,474
4886,530,531
4887,315,316
4887,330,331
4887,376,377
4887,450,451
4888,330,331
4888,332,333
4888,376,377
4888,624,625
4889,228,229
4889,330,331
4889,332,333
4889,376,377
4890,228,229
4890,330,331
4890,376,377
4890,450,451
4891,268,269
4891,376,377
4891,438,439
4891,616,617
4892,228,229
4892,268,269
4892,332,333
4892,376,377
4893,376,377
4893,450,451
4893,513,514
4893,616,617
4894,268,269
4894,376,377
4894,513,514
4894,616,617
4895,228,229
4895,376,377
4895,450,451
4895,513,514
4896,228,229
4896,268,269
4896,376,377
4896,513,514
4897,411,412
4897,440,441
4897,460,461
4897,579,580
4898,376,377
4898,438,439
4898,579,580
4898,616,617
4899,222,223
4899,315,316
4899,330,331
4899,376,377
4900,222,223
4900,330,331
4900,376,377
4900,624,625
4901,41,42
4901,149,150
4901,214,215
4901,282,283
4902,41,42
4902,149,150
4902,282,283
4902,320,321
4903,41,42
4903,91,92
4903,149,150
4903,214,215
4904,41,42
4904,49,50
4904,149,150
4904,320,321
4905,41,42
4905,49,50
4905,91,92
4905,149,150
4906,49,50
4906,91,92
4906,149,150
4906,367,368
4907,89,90
4907,149,150
4907,282,283
4907,320,321
4908,89,90
4908,149,150
4908,320,321
4908,357,358
4909,149,150
4909,263,264
4909,320,321
4909,357,358
4910,49,50
4910,149,150
4910,263,264
4910,367,368
4911,49,50
4911,149,150
4911,263,264
4911,320,321
4912,248,249
4912,339,340
4912,444,445
4912,608,609
4913,248,249
4913,361,362
4913,444,445
4913,608,609
4914,276,277
4914,339,340
4914,444,445
4914,608,609
4915,276,277
4915,361,362
4915,444,445
4915,608,609
4916,248,249
4916,339,340
4916,444,445
4916,475,476
4917,91,92
4917,248,249
4917,444,445
4917,475,476
4918,91,92
4918,259,260
4918,444,445
4918,475,476
4919,91,92
4919,259,260
4919,367,368
4919,444,445
4920,339,340
4920,422,423
4920,444,445
4920,475,476
4921,276,277
4921,339,340
4921,422,423
4921,444,445
4922,259,260
4922,329,330
4922,444,445
4922,475,476
4923,91,92
4923,214,215
4923,248,249
4923,444,445
4924,214,215
4924,248,249
4924,361,362
4924,444,445
4925,91,92
4925,149,150
4925,367,368
4925,444,445
4926,149,150
4926,361,362
4926,367,368
4926,444,445
4927,259,260
4927,329,330
4927,367,368
4927,444,445
4928,329,330
4928,422,423
4928,444,445
4928,475,476
4929,276,277
4929,329,330
4929,422,423
4929,444,445
4930,91,92
4930,149,150
4930,214,215
4930,444,445
4931,149,150
4931,214,215
4931,361,362
4931,444,445
4932,9,10
4932,44,45
4932,75,76
4932,190,191
4933,9,10
4933,44,45
4933,72,73
4933,75,76
4934,44,45
4934,75,76
4934,142,143
4934,190,191
4935,44,45
4935,62,63
4935,75,76
4935,142,143
4936,44,45
4936,62,63
4936,72,73
4936,75,76
4937,44,45
4937,71,72
4937,142,143
4937,190,191
4938,11,12
4938,44,45
4938,62,63
4938,142,143
4939,11,12
4939,44,45
4939,62,63
4939,72,73
4940,44,45
4940,71,72
4940,139,140
4940,142,143
4941,44,45
4941,72,73
4941,128,129
4941,139,140
4942,11,12
4942,44,45
4942,139,140
4942,142,143
4943,11,12
4943,44,45
4943,72,73
4943,139,140
4944,44,45
4944,128,129
4944,139,140
4944,224,225
4945,44,45
4945,71,72
4945,139,140
4945,224,225
4946,60,61
4946,73,74
4946,150,151
4946,243,244
4947,60,61
4947,73,74
4947,227,228
4947,243,244
4948,45,46
4948,73,74
4948,150,151
4948,274,275
4949,45,46
4949,73,74
4949,150,151
4949,243,244
4950,47,48
4950,73,74
4950,150,151
4950,274,275
4951,45,46
4951,73,74
4951,274,275
4951,598,599
4952,73,74
4952,274,275
4952,491,492
4952,598,599
4953,73,74
4953,89,90
4953,227,228
4953,243,244
4954,16,17
4954,159,160
4954,297,298
4954,365,366
4955,16,17
4955,60,61
4955,159,160
4955,365,366
4956,16,17
4956,297,298
4956,324,325
4956,365,366
4957,16,17
4957,60,61
4957,324,325
4957,365,366
4958,159,160
4958,162,163
4958,297,298
4958,365,366
4959,105,106
4959,162,163
4959,365,366
4959,369,370
4960,105,106
4960,162,163
4960,297,298
4960,365,366
4961,105,106
4961,324,325
4961,365,366
4961,369,370
4962,105,106
4962,297,298
4962,324,325
4962,365,366
4963,47,48
4963,159,160
4963,162,163
4963,365,366
4964,60,61
4964,150,151
4964,159,160
4964,365,366
4965,60,61
4965,73,74
4965,150,151
4965,365,366
4966,60,61
4966,227,228
4966,324,325
4966,365,366
4967,60,61
4967,73,74
4967,227,228
4967,365,366
4968,280,281
4968,324,325
4968,365,366
4968,369,370
4969,227,228
4969,280,281
4969,365,366
4969,369,370
4970,227,228
4970,280,281
4970,324,325
4970,365,366
4971,47,48
4971,150,151
4971,159,160
4971,365,366
4972,47,48
4972,73,74
4972,150,151
4972,365,366
4973,417,418
4973,510,511
4973,521,522
4973,802,803
4974,510,511
4974,521,522
4974,786,787
4974,802,803
4975,510,511
4975,521,522
4975,786,787
4975,789,790
4976,377,378
4976,521,522
4976,708,709
4976,789,790
4977,377,378
4977,521,522
4977,529,530
4977,708,709
4978,521,522
4978,786,787
4978,802,803
4978,807,808
4979,521,522
4979,786,787
4979,789,790
4979,807,808
4980,417,418
4980,521,522
4980,802,803
4980,988,989
4981,377,378
4981,521,522
4981,789,790
4981,807,808
4982,377,378
4982,521,522
4982,529,530
4982,807,808
4983,521,522
4983,727,728
4983,802,803
4983,807,808
4984,521,522
4984,529,530
4984,727,728
4984,807,808
4985,521,522
4985,727,728
4985,802,803
4985,988,989
4986,521,522
4986,529,530
4986,727,728
4986,988,989
4987,521,522
4987,529,530
4987,548,549
4987,750,751
4988,521,522
4988,529,530
4988,750,751
4988,988,989
4989,479,480
4989,521,522
4989,750,751
4989,988,989
4990,417,418
4990,479,480
4990,521,522
4990,988,989
4991,446,447
4991,462,463
4991,588,589
4991,804,805
4992,394,395
4992,462,463
4992,663,664
4992,804,805
4993,446,447
4993,462,463
4993,663,664
4993,804,805
4994,394,395
4994,446,447
4994,663,664
4994,804,805
4995,462,463
4995,571,572
4995,588,589
4995,804,805
4996,462,463
4996,571,572
4996,789,790
4996,804,805
4997,394,395
4997,462,463
4997,789,790
4997,804,805
4998,571,572
4998,786,787
4998,789,790
4998,804,805
4999,394,395
4999,786,787
4999,789,790
4999,804,805
5000,268,269
5000,412,413
5000,437,438
5000,601,602
5001,228,229
5001,268,269
5001,412,413
5001,437,438
5002,279,280
5002,343,344
5002,437,438
5002,576,577
5003,412,413
5003,437,438
5003,499,500
5003,601,602
5004,228,229
5004,254,255
5004,343,344
5004,437,438
5005,228,229
5005,254,255
5005,412,413
5005,437,438
5006,228,229
5006,332,333
5006,343,344
5006,437,438
5007,228,229
5007,268,269
5007,332,333
5007,437,438
5008,279,280
5008,332,333
5008,343,344
5008,437,438
5009,268,269
5009,279,280
5009,332,333
5009,437,438
5010,268,269
5010,279,280
5010,373,374
5010,437,438
5011,268,269
5011,373,374
5011,437,438
5011,601,602
5012,304,305
5012,412,413
5012,437,438
5012,499,500
5013,279,280
5013,299,300
5013,437,438
5013,576,577
5014,299,300
5014,437,438
5014,576,577
5014,601,602
5015,437,438
5015,576,577
5015,601,602
5015,604,605
5016,437,438
5016,499,500
5016,601,602
5016,604,605
5017,254,255
5017,321,322
5017,343,344
5017,437,438
5018,279,280
5018,299,300
5018,373,374
5018,437,438
5019,299,300
5019,373,374
5019,437,438
5019,601,602
5020,254,255
5020,304,305
5020,412,413
5020,437,438
5021,372,373
5021,428,429
5021,438,439
5021,663,664
5022,372,373
5022,373,374
5022,428,429
5022,663,664
5023,428,429
5023,438,439
5023,462,463
5023,663,664
5024,373,374
5024,374,375
5024,428,429
5024,663,664
5025,428,429
5025,446,447
5025,462,463
5025,663,664
5026,374,375
5026,428,429
5026,446,447
5026,663,664
5027,428,429
5027,462,463
5027,523,524
5027,588,589
5028,428,429
5028,446,447
5028,462,463
5028,588,589
5029,316,317
5029,363,364
5029,428,429
5029,523,524
5030,373,374
5030,374,375
5030,428,429
5030,638,639
5031,363,364
5031,428,429
5031,523,524
5031,588,589
5032,363,364
5032,428,429
5032,446,447
5032,588,589
5033,363,364
5033,428,429
5033,446,447
5033,638,639
5034,374,375
5034,428,429
5034,446,447
5034,638,639
5035,299,300
5035,316,317
5035,363,364
5035,428,429
5036,299,300
5036,363,364
5036,428,429
5036,638,639
5037,299,300
5037,316,317
5037,373,374
5037,428,429
5038,299,300
5038,373,374
5038,428,429
5038,638,639
5039,1079,1080
5039,1253,1254
5039,1291,1292
5039,1437,1438
5040,853,854
5040,1079,1080
5040,1253,1254
5040,1291,1292
5041,853,854
5041,1079,1080
5041,1159,1160
5041,1187,1188
5042,1079,1080
5042,1159,1160
5042,1187,1188
5042,1263,1264
5043,1079,1080
5043,1159,1160
5043,1291,1292
5043,1437,1438
5044,853,854
5044,1079,1080
5044,1159,1160
5044,1291,1292
5045,1181,1182
5045,1428,1429
5045,1437,1438
5045,1450,1451
5046,1181,1182
5046,1390,1391
5046,1428,1429
5046,1437,1438
5047,1173,1174
5047,1181,1182
5047,1253,1254
5047,1437,1438
5048,1101,1102
5048,1173,1174
5048,1181,1182
5048,1253,1254
5049,1181,1182
5049,1253,1254
5049,1390,1391
5049,1437,1438
5050,1181,1182
5050,1297,1298
5050,1390,1391
5050,1428,1429
5051,1145,1146
5051,1181,1182
5051,1253,1254
5051,1390,1391
5052,1145,1146
5052,1181,1182
5052,1297,1298
5052,1390,1391
5053,1101,1102
5053,1145,1146
5053,1181,1182
5053,1253,1254
5054,1101,1102
5054,1145,1146
5054,1181,1182
5054,1297,1298
5055,47,48
5055,124,125
5055,129,130
5055,290,291
5056,47,48
5056,124,125
5056,281,282
5056,290,291
5057,47,48
5057,124,125
5057,274,275
5057,281,282
5058,124,125
5058,274,275
5058,281,282
5058,577,578
5059,47,48
5059,124,125
5059,150,151
5059,274,275
5060,47,48
5060,124,125
5060,129,130
5060,150,151
5061,42,43
5061,124,125
5061,150,151
5061,183,184
5062,124,125
5062,150,151
5062,183,184
5062,274,275
5063,42,43
5063,124,125
5063,129,130
5063,151,152
5064,42,43
5064,124,125
5064,150,151
5064,151,152
5065,124,125
5065,129,130
5065,150,151
5065,151,152
5066,124,125
5066,183,184
5066,274,275
5066,295,296
5067,124,125
5067,183,184
5067,295,296
5067,577,578
5068,124,125
5068,274,275
5068,295,296
5068,577,578
5069,415,416
5069,480,481
5069,629,630
5069,651,652
5070,415,416
5070,480,481
5070,628,629
5070,651,652
5071,374,375
5071,415,416
5071,480,481
5071,628,629
5072,374,375
5072,480,481
5072,482,483
5072,628,629
5073,415,416
5073,480,481
5073,618,619
5073,629,630
5074,480,481
5074,618,619
5074,629,630
5074,819,820
5075,374,375
5075,415,416
5075,480,481
5075,618,619
5076,374,375
5076,480,481
5076,618,619
5076,819,820
5077,374,375
5077,480,481
5077,482,483
5077,819,820
5078,29,30
5078,46,47
5078,74,75
5078,153,154
5079,46,47
5079,74,75
5079,153,154
5079,208,209
5080,83,84
5080,88,89
5080,114,115
5080,153,154
5081,29,30
5081,83,84
5081,88,89
5081,153,154
5082,114,115
5082,153,154
5082,156,157
5082,208,209
5083,29,30
5083,46,47
5083,153,154
5083,156,157
5084,46,47
5084,153,154
5084,156,157
5084,208,209
5085,88,89
5085,114,115
5085,153,154
5085,156,157
5086,29,30
5086,88,89
5086,153,154
5086,156,157
5087,46,47
5087,86,87
5087,208,209
5087,307,308
5088,46,47
5088,74,75
5088,86,87
5088,208,209
5089,46,47
5089,86,87
5089,307,308
5089,308,309
5090,86,87
5090,245,246
5090,307,308
5090,308,309
5091,46,47
5091,86,87
5091,308,309
5091,331,332
5092,46,47
5092,74,75
5092,86,87
5092,331,332
5093,86,87
5093,245,246
5093,308,309
5093,512,513
5094,86,87
5094,308,309
5094,331,332
5094,512,513
5095,86,87
5095,245,246
5095,474,475
5095,512,513
5096,86,87
5096,331,332
5096,333,334
5096,512,513
5097,74,75
5097,86,87
5097,331,332
5097,333,334
5098,86,87
5098,333,334
5098,474,475
5098,512,513
5099,61,62
5099,83,84
5099,166,167
5099,181,182
5100,29,30
5100,83,84
5100,166,167
5100,181,182
5101,29,30
5101,83,84
5101,153,154
5101,166,167
5102,29,30
5102,74,75
5102,153,154
5102,166,167
5103,61,62
5103,166,167
5103,181,182
5103,189,190
5104,29,30
5104,166,167
5104,181,182
5104,189,190
5105,61,62
5105,127,128
5105,166,167
5105,189,190
5106,29,30
5106,166,167
5106,189,190
5106,265,266
5107,127,128
5107,166,167
5107,189,190
5107,265,266
5108,29,30
5108,74,75
5108,166,167
5108,265,266
5109,127,128
5109,166,167
5109,265,266
5109,333,334
5110,74,75
5110,166,167
5110,265,266
5110,333,334
5111,74,75
5111,127,128
5111,166,167
5111,333,334
5112,304,305
5112,321,322
5112,465,466
5112,500,501
5113,321,322
5113,343,344
5113,437,438
5113,500,501
5114,254,255
5114,304,305
5114,321,322
5114,500,501
5115,254,255
5115,304,305
5115,437,438
5115,500,501
5116,254,255
5116,321,322
5116,437,438
5116,500,501
5117,343,344
5117,369,370
5117,500,501
5117,576,577
5118,273,274
5118,369,370
5118,500,501
5118,576,577
5119,343,344
5119,437,438
5119,500,501
5119,576,577
5120,437,438
5120,500,501
5120,576,577
5120,604,605
5121,273,274
5121,500,501
5121,576,577
5121,604,605
5122,304,305
5122,465,466
5122,500,501
5122,604,605
5123,273,274
5123,465,466
5123,500,501
5123,604,605
5124,304,305
5124,499,500
5124,500,501
5124,604,605
5125,304,305
5125,437,438
5125,499,500
5125,500,501
5126,437,438
5126,499,500
5126,500,501
5126,604,605
5127,209,210
5127,257,258
5127,284,285
5127,309,310
5128,257,258
5128,284,285
5128,309,310
5128,321,322
5129,37,38
5129,105,106
5129,210,211
5129,309,310
5130,37,38
5130,209,210
5130,210,211
5130,309,310
5131,209,210
5131,257,258
5131,280,281
5131,309,310
5132,209,210
5132,210,211
5132,256,257
5132,309,310
5133,210,211
5133,256,257
5133,309,310
5133,465,466
5134,256,257
5134,309,310
5134,321,322
5134,465,466
5135,309,310
5135,321,322
5135,465,466
5135,500,501
5136,209,210
5136,256,257
5136,284,285
5136,309,310
5137,256,257
5137,284,285
5137,309,310
5137,321,322
5138,257,258
5138,309,310
5138,321,322
5138,343,344
5139,309,310
5139,321,322
5139,343,344
5139,500,501
5140,37,38
5140,105,106
5140,280,281
5140,309,310
5141,37,38
5141,209,210
5141,280,281
5141,309,310
5142,257,258
5142,280,281
5142,309,310
5142,343,344
5143,210,211
5143,273,274
5143,309,310
5143,465,466
5144,273,274
5144,309,310
5144,465,466
5144,500,501
5145,105,106
5145,280,281
5145,309,310
5145,369,370
5146,280,281
5146,309,310
5146,343,344
5146,369,370
5147,309,310
5147,343,344
5147,369,370
5147,500,501
5148,105,106
5148,210,211
5148,273,274
5148,309,310
5149,105,106
5149,273,274
5149,309,310
5149,369,370
5150,273,274
5150,309,310
5150,369,370
5150,500,501
5151,13,14
5151,50,51
5151,262,263
5151,277,278
5152,13,14
5152,262,263
5152,277,278
5152,505,506
5153,262,263
5153,277,278
5153,505,506
5153,556,557
5154,50,51
5154,262,263
5154,277,278
5154,403,404
5155,230,231
5155,277,278
5155,403,404
5155,556,557
5156,262,263
5156,277,278
5156,403,404
5156,556,557
5157,230,231
5157,277,278
5157,556,557
5157,574,575
5158,277,278
5158,505,506
5158,556,557
5158,574,575
5159,230,231
5159,234,235
5159,277,278
5159,425,426
5160,50,51
5160,234,235
5160,277,278
5160,425,426
5161,230,231
5161,277,278
5161,403,404
5161,425,426
5162,50,51
5162,277,278
5162,403,404
5162,425,426
5163,230,231
5163,277,278
5163,574,575
5163,590,591
5164,230,231
5164,234,235
5164,277,278
5164,590,591
5165,84,85
5165,102,103
5165,198,199
5165,291,292
5166,84,85
5166,102,103
5166,119,120
5166,198,199
5167,13,14
5167,84,85
5167,102,103
5167,119,120
5168,13,14
5168,97,98
5168,102,103
5168,262,263
5169,97,98
5169,102,103
5169,262,263
5169,288,289
5170,17,18
5170,102,103
5170,198,199
5170,291,292
5171,13,14
5171,97,98
5171,102,103
5171,119,120
5172,97,98
5172,102,103
5172,182,183
5172,288,289
5173,25,26
5173,102,103
5173,119,120
5173,198,199
5174,17,18
5174,25,26
5174,102,103
5174,198,199
5175,97,98
5175,102,103
5175,145,146
5175,182,183
5176,25,26
5176,102,103
5176,119,120
5176,145,146
5177,97,98
5177,102,103
5177,119,120
5177,145,146
5178,17,18
5178,25,26
5178,102,103
5178,145,146
5179,65,66
5179,102,103
5179,145,146
5179,182,183
5180,17,18
5180,65,66
5180,102,103
5180,145,146
5181,17,18
5181,65,66
5181,102,103
5181,182,183
5182,50,51
5182,59,60
5182,103,104
5182,138,139
5183,13,14
5183,50,51
5183,103,104
5183,138,139
5184,13,14
5184,50,51
5184,103,104
5184,277,278
5185,59,60
5185,103,104
5185,138,139
5185,190,191
5186,9,10
5186,59,60
5186,103,104
5186,190,191
5187,9,10
5187,103,104
5187,187,188
5187,190,191
5188,13,14
5188,84,85
5188,103,104
5188,187,188
5189,50,51
5189,59,60
5189,103,104
5189,234,235
5190,50,51
5190,103,104
5190,234,235
5190,277,278
5191,9,10
5191,59,60
5191,103,104
5191,263,264
5192,103,104
5192,120,121
5192,138,139
5192,190,191
5193,84,85
5193,103,104
5193,120,121
5193,190,191
5194,13,14
5194,103,104
5194,120,121
5194,138,139
5195,13,14
5195,84,85
5195,103,104
5195,120,121
5196,59,60
5196,103,104
5196,234,235
5196,263,264
5197,9,10
5197,103,104
5197,187,188
5197,305,306
5198,9,10
5198,103,104
5198,263,264
5198,305,306
5199,103,104
5199,234,235
5199,263,264
5199,590,591
5200,103,104
5200,234,235
5200,277,278
5200,590,591
5201,103,104
5201,263,264
5201,305,306
5201,590,591
5202,170,171
5202,252,253
5202,303,304
5202,335,336
5203,104,105
5203,170,171
5203,335,336
5203,352,353
5204,170,171
5204,303,304
5204,335,336
5204,352,353
5205,55,56
5205,170,171
5205,303,304
5205,352,353
5206,170,171
5206,252,253
5206,303,304
5206,430,431
5207,55,56
5207,170,171
5207,303,304
5207,430,431
5208,170,171
5208,252,253
5208,317,318
5208,335,336
5209,104,105
5209,170,171
5209,317,318
5209,335,336
5210,170,171
5210,252,253
5210,317,318
5210,430,431
5211,104,105
5211,170,171
5211,317,318
5211,342,343
5212,84,85
5212,93,94
5212,198,199
5212,291,292
5213,4,5
5213,8,9
5213,93,94
5213,137,138
5214,93,94
5214,198,199
5214,205,206
5214,291,292
5215,33,34
5215,93,94
5215,205,206
5215,291,292
5216,8,9
5216,93,94
5216,137,138
5216,160,161
5217,56,57
5217,93,94
5217,137,138
5217,160,161
5218,93,94
5218,160,161
5218,198,199
5218,205,206
5219,8,9
5219,93,94
5219,160,161
5219,198,199
5220,56,57
5220,93,94
5220,160,161
5220,205,206
5221,33,34
5221,56,57
5221,93,94
5221,205,206
5222,8,9
5222,93,94
5222,120,121
5222,198,199
5223,84,85
5223,93,94
5223,120,121
5223,198,199
5224,415,416
5224,709,710
5224,770,771
5224,1032,1033
5225,415,416
5225,527,528
5225,770,771
5225,1032,1033
5226,415,416
5226,692,693
5226,709,710
5226,1032,1033
5227,692,693
5227,709,710
5227,715,716
5227,1032,1033
5228,415,416
5228,629,630
5228,692,693
5228,1032,1033
5229,531,532
5229,618,619
5229,629,630
5229,819,820
5230,394,395
5230,446,447
5230,531,532
5230,804,805
5231,446,447
5231,531,532
5231,618,619
5231,819,820
5232,394,395
5232,531,532
5232,618,619
5232,663,664
5233,446,447
5233,531,532
5233,618,619
5233,663,664
5234,394,395
5234,446,447
5234,531,532
5234,663,664
5235,695,696
5235,727,728
5235,818,819
5235,867,868
5236,683,684
5236,695,696
5236,727,728
5236,1013,1014
5237,695,696
5237,738,739
5237,818,819
5237,867,868
5238,695,696
5238,727,728
5238,924,925
5238,1013,1014
5239,695,696
5239,727,728
5239,818,819
5239,924,925
5240,683,684
5240,695,696
5240,727,728
5240,872,873
5241,695,696
5241,727,728
5241,867,868
5241,872,873
5242,426,427
5242,470,471
5242,507,508
5242,646,647
5243,426,427
5243,470,471
5243,513,514
5243,572,573
5244,426,427
5244,513,514
5244,572,573
5244,616,617
5245,426,427
5245,450,451
5245,528,529
5245,616,617
5246,426,427
5246,450,451
5246,513,514
5246,616,617
5247,426,427
5247,562,563
5247,572,573
5247,616,617
5248,426,427
5248,562,563
5248,616,617
5248,694,695
5249,1392,1393
5249,1562,1563
5249,1577,1578
5249,1614,1615
5250,1392,1393
5250,1562,1563
5250,1577,1578
5250,1611,1612
5251,1532,1533
5251,1577,1578
5251,1614,1615
5251,1715,1716
5252,1562,1563
5252,1577,1578
5252,1614,1615
5252,1715,1716
5253,1562,1563
5253,1577,1578
5253,1611,1612
5253,1715,1716
5254,1532,1533
5254,1577,1578
5254,1715,1716
5254,1718,1719
5255,1519,1520
5255,1554,1555
5255,1624,1625
5255,1769,1770
5256,1554,1555
5256,1610,1611
5256,1624,1625
5256,1769,1770
5257,1519,1520
5257,1554,1555
5257,1611,1612
5257,1624,1625
5258,1624,1625
5258,1674,1675
5258,1725,1726
5258,1769,1770
5259,1519,1520
5259,1624,1625
5259,1674,1675
5259,1725,1726
5260,1519,1520
5260,1624,1625
5260,1674,1675
5260,1769,1770
5261,1582,1583
5261,1600,1601
5261,1723,1724
5261,1724,1725
5262,1476,1477
5262,1507,1508
5262,1518,1519
5262,1582,1583
5263,1507,1508
5263,1582,1583
5263,1607,1608
5263,1723,1724
5264,1582,1583
5264,1600,1601
5264,1607,1608
5264,1723,1724
5265,1507,1508
5265,1582,1583
5265,1607,1608
5265,1633,1634
5266,1476,1477
5266,1507,1508
5266,1582,1583
5266,1633,1634
5267,1532,1533
5267,1715,1716
5267,1718,1719
5267,1799,1800
5268,1532,1533
5268,1693,1694
5268,1715,1716
5268,1799,1800
5269,1670,1671
5269,1673,1674
5269,1742,1743
5269,1799,1800
5270,1646,1647
5270,1693,1694
5270,1799,1800
5270,1801,1802
5271,1662,1663
5271,1693,1694
5271,1799,1800
5271,1801,1802
5272,1670,1671
5272,1673,1674
5272,1739,1740
5272,1799,1800
5273,1532,1533
5273,1718,1719
5273,1766,1767
5273,1799,1800
5274,1532,1533
5274,1693,1694
5274,1785,1786
5274,1799,1800
5275,1646,1647
5275,1693,1694
5275,1785,1786
5275,1799,1800
5276,1670,1671
5276,1739,1740
5276,1799,1800
5276,1801,1802
5277,1533,1534
5277,1670,1671
5277,1799,1800
5277,1801,1802
5278,1646,1647
5278,1739,1740
5278,1799,1800
5278,1801,1802
5279,1646,1647
5279,1673,1674
5279,1739,1740
5279,1799,1800
5280,1673,1674
5280,1718,1719
5280,1766,1767
5280,1799,1800
5281,1532,1533
5281,1766,1767
5281,1785,1786
5281,1799,1800
5282,1673,1674
5282,1766,1767
5282,1785,1786
5282,1799,1800
5283,1646,1647
5283,1673,1674
5283,1785,1786
5283,1799,1800
5284,1534,1535
5284,1660,1661
5284,1723,1724
5284,1808,1809
5285,1582,1583
5285,1660,1661
5285,1723,1724
5285,1724,1725
5286,1507,1508
5286,1660,1661
5286,1723,1724
5286,1823,1824
5287,1507,1508
5287,1582,1583
5287,1660,1661
5287,1723,1724
5288,1673,1674
5288,1692,1693
5288,1718,1719
5288,1766,1767
5289,1673,1674
5289,1692,1693
5289,1735,1736
5289,1742,1743
5290,1692,1693
5290,1735,1736
5290,1742,1743
5290,1794,1795
5291,1692,1693
5291,1718,1719
5291,1724,1725
5291,1725,1726
5292,1673,1674
5292,1692,1693
5292,1742,1743
5292,1799,1800
5293,1673,1674
5293,1692,1693
5293,1718,1719
5293,1799,1800
5294,1692,1693
5294,1724,1725
5294,1725,1726
5294,1790,1791
5295,1692,1693
5295,1724,1725
5295,1790,1791
5295,1794,1795
5296,1533,1534
5296,1670,1671
5296,1692,1693
5296,1742,1743
5297,1670,1671
5297,1692,1693
5297,1742,1743
5297,1799,1800
5298,1533,1534
5298,1670,1671
5298,1692,1693
5298,1799,1800
5299,670,671
5299,986,987
5299,1188,1189
5299,1193,1194
5300,662,663
5300,680,681
5300,918,919
5300,963,964
5301,662,663
5301,680,681
5301,856,857
5301,918,919
5302,673,674
5302,680,681
5302,856,857
5302,918,919
5303,673,674
5303,680,681
5303,918,919
5303,932,933
5304,669,670
5304,673,674
5304,918,919
5304,932,933
5305,758,759
5305,918,919
5305,932,933
5305,963,964
5306,680,681
5306,758,759
5306,918,919
5306,963,964
5307,680,681
5307,758,759
5307,918,919
5307,932,933
5308,899,900
5308,1030,1031
5308,1045,1046
5308,1126,1127
5309,899,900
5309,998,999
5309,1030,1031
5309,1045,1046
5310,866,867
5310,899,900
5310,998,999
5310,1045,1046
5311,687,688
5311,899,900
5311,1045,1046
5311,1126,1127
5312,687,688
5312,866,867
5312,899,900
5312,1045,1046
5313,687,688
5313,752,753
5313,866,867
5313,1045,1046
5314,824,825
5314,998,999
5314,1030,1031
5314,1045,1046
5315,752,753
5315,866,867
5315,998,999
5315,1045,1046
5316,752,753
5316,824,825
5316,998,999
5316,1045,1046
5317,683,684
5317,752,753
5317,824,825
5317,1045,1046
5318,687,688
5318,1033,1034
5318,1045,1046
5318,1126,1127
5319,683,684
5319,966,967
5319,1033,1034
5319,1045,1046
5320,966,967
5320,1033,1034
5320,1045,1046
5320,1126,1127
5321,859,860
5321,960,961
5321,1015,1016
5321,1017,1018
5322,859,860
5322,934,935
5322,960,961
5322,1017,1018
5323,859,860
5323,860,861
5323,960,961
5323,1015,1016
5324,654,655
5324,859,860
5324,860,861
5324,1015,1016
5325,859,860
5325,986,987
5325,1017,1018
5325,1143,1144
5326,859,860
5326,877,878
5326,986,987
5326,1143,1144
5327,654,655
5327,726,727
5327,859,860
5327,860,861
5328,859,860
5328,934,935
5328,1017,1018
5328,1143,1144
5329,859,860
5329,877,878
5329,934,935
5329,1143,1144
5330,726,727
5330,859,860
5330,877,878
5330,1043,1044
5331,726,727
5331,859,860
5331,860,861
5331,1043,1044
5332,859,860
5332,934,935
5332,960,961
5332,1043,1044
5333,859,860
5333,860,861
5333,960,961
5333,1043,1044
5334,859,860
5334,877,878
5334,934,935
5334,1043,1044
5335,699,700
5335,754,755
5335,799,800
5335,842,843
5336,754,755
5336,779,780
5336,799,800
5336,842,843
5337,466,467
5337,754,755
5337,779,780
5337,799,800
5338,724,725
5338,735,736
5338,832,833
5338,842,843
5339,735,736
5339,832,833
5339,837,838
5339,878,879
5340,735,736
5340,832,833
5340,837,838
5340,842,843
5341,699,700
5341,735,736
5341,837,838
5341,842,843
5342,724,725
5342,735,736
5342,799,800
5342,842,843
5343,699,700
5343,735,736
5343,799,800
5343,842,843
5344,687,688
5344,735,736
5344,837,838
5344,878,879
5345,735,736
5345,878,879
5345,950,951
5345,1033,1034
5346,654,655
5346,736,737
5346,847,848
5346,995,996
5347,736,737
5347,847,848
5347,995,996
5347,1062,1063
5348,736,737
5348,815,816
5348,847,848
5348,1062,1063
5349,736,737
5349,814,815
5349,815,816
5349,1062,1063
5350,395,396
5350,710,711
5350,733,734
5350,982,983
5351,710,711
5351,815,816
5351,982,983
5351,1062,1063
5352,814,815
5352,815,816
5352,982,983
5352,1062,1063
5353,710,711
5353,733,734
5353,982,983
5353,1056,1057
5354,710,711
5354,982,983
5354,1056,1057
5354,1062,1063
5355,892,893
5355,1015,1016
5355,1017,1018
5355,1035,1036
5356,892,893
5356,1017,1018
5356,1035,1036
5356,1188,1189
5357,986,987
5357,1017,1018
5357,1035,1036
5357,1188,1189
5358,859,860
5358,1015,1016
5358,1017,1018
5358,1035,1036
5359,859,860
5359,986,987
5359,1017,1018
5359,1035,1036
5360,670,671
5360,986,987
5360,1035,1036
5360,1188,1189
5361,654,655
5361,859,860
5361,1015,1016
5361,1035,1036
5362,895,896
5362,940,941
5362,943,944
5362,1149,1150
5363,940,941
5363,943,944
5363,1059,1060
5363,1149,1150
5364,868,869
5364,940,941
5364,943,944
5364,1059,1060
5365,868,869
5365,940,941
5365,970,971
5365,1007,1008
5366,868,869
5366,895,896
5366,940,941
5366,943,944
5367,868,869
5367,895,896
5367,940,941
5367,970,971
5368,869,870
5368,940,941
5368,970,971
5368,1007,1008
5369,1076,1077
5369,1169,1170
5369,1170,1171
5369,1329,1330
5370,1076,1077
5370,1105,1106
5370,1170,1171
5370,1216,1217
5371,1073,1074
5371,1076,1077
5371,1105,1106
5371,1169,1170
5372,1076,1077
5372,1105,1106
5372,1169,1170
5372,1170,1171
5373,1076,1077
5373,1113,1114
5373,1216,1217
5373,1233,1234
5374,1073,1074
5374,1076,1077
5374,1105,1106
5374,1113,1114
5375,1076,1077
5375,1105,1106
5375,1113,1114
5375,1216,1217
5376,1073,1074
5376,1076,1077
5376,1111,1112
5376,1113,1114
5377,1076,1077
5377,1111,1112
5377,1113,1114
5377,1233,1234
5378,883,884
5378,962,963
5378,1071,1072
5378,1112,1113
5379,883,884
5379,962,963
5379,1071,1072
5379,1201,1202
5380,883,884
5380,1020,1021
5380,1023,1024
5380,1201,1202
5381,883,884
5381,1020,1021
5381,1023,1024
5381,1250,1251
5382,883,884
5382,1023,1024
5382,1084,1085
5382,1250,1251
5383,883,884
5383,930,931
5383,962,963
5383,1201,1202
5384,883,884
5384,930,931
5384,1023,1024
5384,1201,1202
5385,1356,1357
5385,1392,1393
5385,1553,1554
5385,1611,1612
5386,1356,1357
5386,1392,1393
5386,1468,1469
5386,1553,1554
5387,1356,1357
5387,1392,1393
5387,1440,1441
5387,1468,1469
5388,1356,1357
5388,1392,1393
5388,1440,1441
5388,1562,1563
5389,1356,1357
5389,1387,1388
5389,1468,1469
5389,1553,1554
5390,1356,1357
5390,1387,1388
5390,1440,1441
5390,1468,1469
5391,1297,1298
5391,1356,1357
5391,1387,1388
5391,1553,1554
5392,1297,1298
5392,1356,1357
5392,1428,1429
5392,1633,1634
5393,1356,1357
5393,1387,1388
5393,1523,1524
5393,1633,1634
5394,1356,1357
5394,1387,1388
5394,1440,1441
5394,1523,1524
5395,1356,1357
5395,1440,1441
5395,1523,1524
5395,1633,1634
5396,1319,1320
5396,1356,1357
5396,1387,1388
5396,1633,1634
5397,1319,1320
5397,1356,1357
5397,1428,1429
5397,1633,1634
5398,1319,1320
5398,1356,1357
5398,1387,1388
5398,1390,1391
5399,1297,1298
5399,1356,1357
5399,1387,1388
5399,1390,1391
5400,1319,1320
5400,1356,1357
5400,1390,1391
5400,1428,1429
5401,1297,1298
5401,1356,1357
5401,1390,1391
5401,1428,1429
5402,1317,1318
5402,1490,1491
5402,1560,1561
5402,1600,1601
5403,1317,1318
5403,1490,1491
5403,1600,1601
5403,1624,1625
5404,1317,1318
5404,1554,1555
5404,1610,1611
5404,1624,1625
5405,1317,1318
5405,1490,1491
5405,1498,1499
5405,1560,1561
5406,1317,1318
5406,1490,1491
5406,1498,1499
5406,1624,1625
5407,1317,1318
5407,1498,1499
5407,1610,1611
5407,1624,1625
5408,1099,1100
5408,1158,1159
5408,1207,1208
5408,1369,1370
5409,1099,1100
5409,1118,1119
5409,1207,1208
5409,1249,1250
5410,1134,1135
5410,1155,1156
5410,1180,1181
5410,1207,1208
5411,1118,1119
5411,1134,1135
5411,1180,1181
5411,1207,1208
5412,1099,1100
5412,1207,1208
5412,1235,1236
5412,1369,1370
5413,1099,1100
5413,1207,1208
5413,1235,1236
5413,1249,1250
5414,1134,1135
5414,1155,1156
5414,1158,1159
5414,1207,1208
5415,1099,1100
5415,1134,1135
5415,1158,1159
5415,1207,1208
5416,1099,1100
5416,1118,1119
5416,1134,1135
5416,1207,1208
5417,1218,1219
5417,1294,1295
5417,1318,1319
5417,1354,1355
5418,1218,1219
5418,1242,1243
5418,1384,1385
5418,1410,1411
5419,1218,1219
5419,1242,1243
5419,1294,1295
5419,1410,1411
5420,1218,1219
5420,1242,1243
5420,1289,1290
5420,1294,1295
5421,1218,1219
5421,1294,1295
5421,1326,1327
5421,1354,1355
5422,1218,1219
5422,1289,1290
5422,1294,1295
5422,1326,1327
5423,1203,1204
5423,1218,1219
5423,1289,1290
5423,1446,1447
5424,1203,1204
5424,1218,1219
5424,1326,1327
5424,1354,1355
5425,1203,1204
5425,1218,1219
5425,1289,1290
5425,1326,1327
5426,1153,1154
5426,1218,1219
5426,1384,1385
5426,1407,1408
5427,1153,1154
5427,1218,1219
5427,1242,1243
5427,1384,1385
5428,1153,1154
5428,1218,1219
5428,1242,1243
5428,1289,1290
5429,1153,1154
5429,1218,1219
5429,1289,1290
5429,1446,1447
5430,1273,1274
5430,1354,1355
5430,1417,1418
5430,1570,1571
5431,1273,1274
5431,1319,1320
5431,1428,1429
5431,1633,1634
5432,1273,1274
5432,1319,1320
5432,1523,1524
5432,1633,1634
5433,1273,1274
5433,1319,1320
5433,1390,1391
5433,1428,1429
5434,1130,1131
5434,1273,1274
5434,1390,1391
5434,1428,1429
5435,1130,1131
5435,1273,1274
5435,1319,1320
5435,1390,1391
5436,1273,1274
5436,1341,1342
5436,1417,1418
5436,1570,1571
5437,1130,1131
5437,1273,1274
5437,1341,1342
5437,1417,1418
5438,1273,1274
5438,1287,1288
5438,1523,1524
5438,1633,1634
5439,1273,1274
5439,1287,1288
5439,1568,1569
5439,1570,1571
5440,1273,1274
5440,1428,1429
5440,1568,1569
5440,1633,1634
5441,1273,1274
5441,1287,1288
5441,1568,1569
5441,1633,1634
5442,1273,1274
5442,1341,1342
5442,1428,1429
5442,1568,1569
5443,1130,1131
5443,1273,1274
5443,1341,1342
5443,1428,1429
5444,1273,1274
5444,1341,1342
5444,1414,1415
5444,1570,1571
5445,1273,1274
5445,1341,1342
5445,1414,1415
5445,1568,1569
5446,1273,1274
5446,1414,1415
5446,1568,1569
5446,1570,1571
5447,1354,1355
5447,1383,1384
5447,1455,1456
5447,1570,1571
5448,1380,1381
5448,1383,1384
5448,1508,1509
5448,1623,1624
5449,1383,1384
5449,1391,1392
5449,1455,1456
5449,1511,1512
5450,1383,1384
5450,1455,1456
5450,1511,1512
5450,1570,1571
5451,1318,1319
5451,1383,1384
5451,1391,1392
5451,1455,1456
5452,1318,1319
5452,1354,1355
5452,1383,1384
5452,1455,1456
5453,1383,1384
5453,1391,1392
5453,1422,1423
5453,1623,1624
5454,1380,1381
5454,1383,1384
5454,1422,1423
5454,1623,1624
5455,1318,1319
5455,1383,1384
5455,1391,1392
5455,1422,1423
5456,1447,1448
5456,1507,1508
5456,1607,1608
5456,1723,1724
5457,1447,1448
5457,1507,1508
5457,1568,1569
5457,1607,1608
5458,1351,1352
5458,1447,1448
5458,1507,1508
5458,1568,1569
5459,1426,1427
5459,1447,1448
5459,1568,1569
5459,1607,1608
5460,1351,1352
5460,1426,1427
5460,1447,1448
5460,1568,1569
5461,1447,1448
5461,1490,1491
5461,1607,1608
5461,1723,1724
5462,1351,1352
5462,1426,1427
5462,1447,1448
5462,1477,1478
5463,1300,1301
5463,1426,1427
5463,1447,1448
5463,1477,1478
5464,1419,1420
5464,1426,1427
5464,1447,1448
5464,1607,1608
5465,1300,1301
5465,1419,1420
5465,1426,1427
5465,1447,1448
5466,1300,1301
5466,1447,1448
5466,1473,1474
5466,1490,1491
5467,1419,1420
5467,1447,1448
5467,1490,1491
5467,1607,1608
5468,1300,1301
5468,1419,1420
5468,1447,1448
5468,1490,1491
5469,1447,1448
5469,1490,1491
5469,1588,1589
5469,1723,1724
5470,1510,1511
5470,1538,1539
5470,1605,1606
5470,1731,1732
5471,1510,1511
5471,1538,1539
5471,1592,1593
5471,1605,1606
5472,1510,1511
5472,1538,1539
5472,1626,1627
5472,1731,1732
5473,1510,1511
5473,1538,1539
5473,1592,1593
5473,1626,1627
5474,1510,1511
5474,1626,1627
5474,1731,1732
5474,1808,1809
5475,1510,1511
5475,1592,1593
5475,1626,1627
5475,1808,1809
5476,1510,1511
5476,1720,1721
5476,1731,1732
5476,1808,1809
5477,1510,1511
5477,1605,1606
5477,1612,1613
5477,1710,1711
5478,1510,1511
5478,1592,1593
5478,1605,1606
5478,1612,1613
5479,1510,1511
5479,1575,1576
5479,1605,1606
5479,1731,1732
5480,1510,1511
5480,1575,1576
5480,1605,1606
5480,1621,1622
5481,1510,1511
5481,1575,1576
5481,1720,1721
5481,1731,1732
5482,1510,1511
5482,1575,1576
5482,1621,1622
5482,1720,1721
5483,1510,1511
5483,1605,1606
5483,1621,1622
5483,1710,1711
5484,1510,1511
5484,1621,1622
5484,1710,1711
5484,1720,1721
5485,1510,1511
5485,1710,1711
5485,1720,1721
5485,1823,1824
5486,1510,1511
5486,1720,1721
5486,1808,1809
5486,1823,1824
5487,1477,1478
5487,1510,1511
5487,1612,1613
5487,1710,1711
5488,1666,1667
5488,1728,1729
5488,1750,1751
5488,1771,1772
5489,1663,1664
5489,1666,1667
5489,1728,1729
5489,1750,1751
5490,1663,1664
5490,1666,1667
5490,1728,1729
5490,1812,1813
5491,1538,1539
5491,1626,1627
5491,1728,1729
5491,1771,1772
5492,1494,1495
5492,1538,1539
5492,1626,1627
5492,1728,1729
5493,1494,1495
5493,1538,1539
5493,1728,1729
5493,1812,1813
5494,1663,1664
5494,1680,1681
5494,1728,1729
5494,1750,1751
5495,1666,1667
5495,1728,1729
5495,1748,1749
5495,1812,1813
5496,1538,1539
5496,1728,1729
5496,1748,1749
5496,1812,1813
5497,1666,1667
5497,1728,1729
5497,1748,1749
5497,1771,1772
5498,1538,1539
5498,1728,1729
5498,1748,1749
5498,1771,1772
5499,1680,1681
5499,1701,1702
5499,1728,1729
5499,1750,1751
5500,1701,1702
5500,1728,1729
5500,1750,1751
5500,1771,1772
5501,1626,1627
5501,1701,1702
5501,1728,1729
5501,1771,1772
5502,1626,1627
5502,1701,1702
5502,1703,1704
5502,1728,1729
5503,1680,1681
5503,1701,1702
5503,1703,1704
5503,1728,1729
5504,1626,1627
5504,1703,1704
5504,1728,1729
5504,1747,1748
5505,1680,1681
5505,1703,1704
5505,1728,1729
5505,1747,1748
5506,1613,1614
5506,1626,1627
5506,1728,1729
5506,1747,1748
5507,1494,1495
5507,1613,1614
5507,1626,1627
5507,1728,1729
5508,1494,1495
5508,1613,1614
5508,1728,1729
5508,1747,1748
5509,1493,1494
5509,1584,1585
5509,1798,1799
5509,1812,1813
5510,1513,1514
5510,1536,1537
5510,1585,1586
5510,1798,1799
5511,1493,1494
5511,1584,1585
5511,1778,1779
5511,1798,1799
5512,1584,1585
5512,1602,1603
5512,1778,1779
5512,1798,1799
5513,1513,1514
5513,1536,1537
5513,1602,1603
5513,1798,1799
5514,1513,1514
5514,1602,1603
5514,1604,1605
5514,1798,1799
5515,1493,1494
5515,1798,1799
5515,1807,1808
5515,1812,1813
5516,1493,1494
5516,1691,1692
5516,1798,1799
5516,1807,1808
5517,1493,1494
5517,1604,1605
5517,1778,1779
5517,1798,1799
5518,1602,1603
5518,1604,1605
5518,1778,1779
5518,1798,1799
5519,1493,1494
5519,1604,1605
5519,1638,1639
5519,1798,1799
5520,1482,1483
5520,1604,1605
5520,1638,1639
5520,1798,1799
5521,1482,1483
5521,1513,1514
5521,1604,1605
5521,1798,1799
5522,1706,1707
5522,1707,1708
5522,1753,1754
5522,1772,1773
5523,1706,1707
5523,1753,1754
5523,1772,1773
5523,1795,1796
5524,1706,1707
5524,1721,1722
5524,1753,1754
5524,1795,1796
5525,1585,1586
5525,1706,1707
5525,1721,1722
5525,1795,1796
5526,1706,1707
5526,1707,1708
5526,1772,1773
5526,1842,1843
5527,1706,1707
5527,1772,1773
5527,1795,1796
5527,1842,1843
5528,1706,1707
5528,1793,1794
5528,1795,1796
5528,1842,1843
5529,1513,1514
5529,1585,1586
5529,1706,1707
5529,1798,1799
5530,1482,1483
5530,1513,1514
5530,1706,1707
5530,1707,1708
5531,1067,1068
5531,1396,1397
5531,1436,1437
5531,1458,1459
5532,1067,1068
5532,1190,1191
5532,1396,1397
5532,1436,1437
5533,1190,1191
5533,1298,1299
5533,1396,1397
5533,1436,1437
5534,1298,1299
5534,1396,1397
5534,1429,1430
5534,1436,1437
5535,1298,1299
5535,1429,1430
5535,1436,1437
5535,1573,1574
5536,1406,1407
5536,1429,1430
5536,1436,1437
5536,1573,1574
5537,1285,1286
5537,1406,1407
5537,1436,1437
5537,1458,1459
5538,1285,1286
5538,1396,1397
5538,1436,1437
5538,1458,1459
5539,1285,1286
5539,1406,1407
5539,1429,1430
5539,1436,1437
5540,1285,1286
5540,1396,1397
5540,1429,1430
5540,1436,1437
5541,1216,1217
5541,1233,1234
5541,1236,1237
5541,1315,1316
5542,1233,1234
5542,1236,1237
5542,1250,1251
5542,1315,1316
5543,1076,1077
5543,1216,1217
5543,1233,1234
5543,1236,1237
5544,1020,1021
5544,1233,1234
5544,1236,1237
5544,1250,1251
5545,1070,1071
5545,1236,1237
5545,1275,1276
5545,1315,1316
5546,1070,1071
5546,1216,1217
5546,1236,1237
5546,1315,1316
5547,1070,1071
5547,1198,1199
5547,1236,1237
5547,1275,1276
5548,1070,1071
5548,1198,1199
5548,1216,1217
5548,1236,1237
5549,1337,1338
5549,1375,1376
5549,1418,1419
5549,1620,1621
5550,1346,1347
5550,1375,1376
5550,1377,1378
5550,1418,1419
5551,1359,1360
5551,1375,1376
5551,1421,1422
5551,1594,1595
5552,1494,1495
5552,1559,1560
5552,1744,1745
5552,1803,1804
5553,1559,1560
5553,1643,1644
5553,1744,1745
5553,1803,1804
5554,1643,1644
5554,1663,1664
5554,1744,1745
5554,1803,1804
5555,1663,1664
5555,1744,1745
5555,1803,1804
5555,1812,1813
5556,1494,1495
5556,1744,1745
5556,1803,1804
5556,1812,1813
5557,1494,1495
5557,1559,1560
5557,1784,1785
5557,1803,1804
5558,1663,1664
5558,1728,1729
5558,1803,1804
5558,1812,1813
5559,1494,1495
5559,1728,1729
5559,1803,1804
5559,1812,1813
5560,1663,1664
5560,1680,1681
5560,1728,1729
5560,1803,1804
5561,1494,1495
5561,1747,1748
5561,1784,1785
5561,1803,1804
5562,1494,1495
5562,1728,1729
5562,1747,1748
5562,1803,1804
5563,1643,1644
5563,1663,1664
5563,1680,1681
5563,1803,1804
5564,1680,1681
5564,1728,1729
5564,1747,1748
5564,1803,1804
5565,1643,1644
5565,1680,1681
5565,1765,1766
5565,1803,1804
5566,1643,1644
5566,1712,1713
5566,1765,1766
5566,1803,1804
5567,1559,1560
5567,1643,1644
5567,1712,1713
5567,1803,1804
5568,1559,1560
5568,1712,1713
5568,1765,1766
5568,1803,1804
5569,1559,1560
5569,1765,1766
5569,1803,1804
5569,1810,1811
5570,1559,1560
5570,1784,1785
5570,1803,1804
5570,1810,1811
5571,1680,1681
5571,1747,1748
5571,1765,1766
5571,1803,1804
5572,1747,1748
5572,1765,1766
5572,1803,1804
5572,1810,1811
5573,1747,1748
5573,1784,1785
5573,1803,1804
5573,1810,1811
5574,1556,1557
5574,1565,1566
5574,1567,1568
5574,1760,1761
5575,1565,1566
5575,1567,1568
5575,1628,1629
5575,1760,1761
5576,1565,1566
5576,1628,1629
5576,1650,1651
5576,1760,1761
5577,1513,1514
5577,1565,1566
5577,1650,1651
5577,1760,1761
5578,1513,1514
5578,1556,1557
5578,1565,1566
5578,1760,1761
5579,1482,1483
5579,1513,1514
5579,1556,1557
5579,1760,1761
5580,1482,1483
5580,1513,1514
5580,1707,1708
5580,1760,1761
5581,1513,1514
5581,1565,1566
5581,1650,1651
5581,1762,1763
5582,1536,1537
5582,1585,1586
5582,1740,1741
5582,1762,1763
5583,1650,1651
5583,1669,1670
5583,1753,1754
5583,1762,1763
5584,1669,1670
5584,1753,1754
5584,1762,1763
5584,1805,1806
5585,1721,1722
5585,1740,1741
5585,1762,1763
5585,1805,1806
5586,1721,1722
5586,1753,1754
5586,1762,1763
5586,1805,1806
5587,1513,1514
5587,1536,1537
5587,1585,1586
5587,1762,1763
5588,1513,1514
5588,1536,1537
5588,1565,1566
5588,1762,1763
5589,1706,1707
5589,1721,1722
5589,1753,1754
5589,1762,1763
5590,1650,1651
5590,1707,1708
5590,1753,1754
5590,1762,1763
5591,1706,1707
5591,1707,1708
5591,1753,1754
5591,1762,1763
5592,1585,1586
5592,1721,1722
5592,1740,1741
5592,1762,1763
5593,1585,1586
5593,1706,1707
5593,1721,1722
5593,1762,1763
5594,1650,1651
5594,1707,1708
5594,1760,1761
5594,1762,1763
5595,1513,1514
5595,1650,1651
5595,1760,1761
5595,1762,1763
5596,1513,1514
5596,1707,1708
5596,1760,1761
5596,1762,1763
5597,1513,1514
5597,1706,1707
5597,1707,1708
5597,1762,1763
5598,1513,1514
5598,1585,1586
5598,1706,1707
5598,1762,1763
5599,1500,1501
5599,1550,1551
5599,1603,1604
5599,1629,1630
5600,1536,1537
5600,1565,1566
5600,1603,1604
5600,1629,1630
5601,1401,1402
5601,1550,1551
5601,1603,1604
5601,1629,1630
5602,1401,1402
5602,1565,1566
5602,1603,1604
5602,1629,1630
5603,1500,1501
5603,1536,1537
5603,1603,1604
5603,1629,1630
5604,1500,1501
5604,1536,1537
5604,1629,1630
5604,1740,1741
5605,1500,1501
5605,1629,1630
5605,1740,1741
5605,1813,1814
5606,1500,1501
5606,1550,1551
5606,1629,1630
5606,1813,1814
5607,1536,1537
5607,1629,1630
5607,1740,1741
5607,1762,1763
5608,1536,1537
5608,1565,1566
5608,1629,1630
5608,1762,1763
5609,1401,1402
5609,1550,1551
5609,1591,1592
5609,1629,1630
5610,1401,1402
5610,1565,1566
5610,1591,1592
5610,1629,1630
5611,1550,1551
5611,1557,1558
5611,1591,1592
5611,1629,1630
5612,1557,1558
5612,1565,1566
5612,1591,1592
5612,1629,1630
5613,1629,1630
5613,1740,1741
5613,1805,1806
5613,1813,1814
5614,1629,1630
5614,1740,1741
5614,1762,1763
5614,1805,1806
5615,1557,1558
5615,1565,1566
5615,1629,1630
5615,1650,1651
5616,1565,1566
5616,1629,1630
5616,1650,1651
5616,1762,1763
5617,1629,1630
5617,1669,1670
5617,1805,1806
5617,1813,1814
5618,1629,1630
5618,1669,1670
5618,1762,1763
5618,1805,1806
5619,1541,1542
5619,1557,1558
5619,1629,1630
5619,1813,1814
5620,1541,1542
5620,1550,1551
5620,1557,1558
5620,1629,1630
5621,1541,1542
5621,1550,1551
5621,1629,1630
5621,1813,1814
5622,1557,1558
5622,1629,1630
5622,1669,1670
5622,1813,1814
5623,1557,1558
5623,1629,1630
5623,1650,1651
5623,1669,1670
5624,1629,1630
5624,1650,1651
5624,1669,1670
5624,1762,1763
5625,997,998
5625,999,1000
5625,1019,1020
5625,1247,1248
5626,903,904
5626,999,1000
5626,1019,1020
5626,1247,1248
5627,958,959
5627,1009,1010
5627,1011,1012
5627,1019,1020
5628,903,904
5628,1009,1010
5628,1019,1020
5628,1081,1082
5629,1009,1010
5629,1011,1012
5629,1019,1020
5629,1081,1082
5630,1011,1012
5630,1019,1020
5630,1081,1082
5630,1219,1220
5631,1011,1012
5631,1019,1020
5631,1116,1117
5631,1219,1220
5632,650,651
5632,908,909
5632,910,911
5632,1095,1096
5633,650,651
5633,809,810
5633,908,909
5633,910,911
5634,650,651
5634,809,810
5634,875,876
5634,910,911
5635,713,714
5635,908,909
5635,910,911
5635,1041,1042
5636,713,714
5636,809,810
5636,910,911
5636,1041,1042
5637,713,714
5637,809,810
5637,908,909
5637,910,911
5638,886,887
5638,908,909
5638,910,911
5638,1041,1042
5639,886,887
5639,908,909
5639,910,911
5639,1194,1195
5640,809,810
5640,817,818
5640,875,876
5640,910,911
5641,728,729
5641,817,818
5641,875,876
5641,910,911
5642,809,810
5642,910,911
5642,1041,1042
5642,1047,1048
5643,817,818
5643,910,911
5643,1041,1042
5643,1047,1048
5644,809,810
5644,817,818
5644,910,911
5644,1047,1048
5645,849,850
5645,1019,1020
5645,1081,1082
5645,1219,1220
5646,849,850
5646,903,904
5646,1019,1020
5646,1081,1082
5647,849,850
5647,903,904
5647,1019,1020
5647,1247,1248
5648,928,929
5648,1199,1200
5648,1224,1225
5648,1259,1260
5649,928,929
5649,997,998
5649,1199,1200
5649,1224,1225
5650,928,929
5650,1162,1163
5650,1176,1177
5650,1259,1260
5651,928,929
5651,1162,1163
5651,1176,1177
5651,1267,1268
5652,928,929
5652,1162,1163
5652,1205,1206
5652,1259,1260
5653,928,929
5653,1199,1200
5653,1205,1206
5653,1259,1260
5654,928,929
5654,1162,1163
5654,1267,1268
5654,1448,1449
5655,928,929
5655,1151,1152
5655,1267,1268
5655,1448,1449
5656,928,929
5656,1135,1136
5656,1151,1152
5656,1267,1268
5657,928,929
5657,1141,1142
5657,1151,1152
5657,1448,1449
5658,928,929
5658,1135,1136
5658,1141,1142
5658,1151,1152
5659,928,929
5659,1141,1142
5659,1205,1206
5659,1448,1449
5660,928,929
5660,1162,1163
5660,1205,1206
5660,1448,1449
5661,909,910
5661,1042,1043
5661,1059,1060
5661,1147,1148
5662,873,874
5662,909,910
5662,1042,1043
5662,1059,1060
5663,873,874
5663,909,910
5663,1036,1037
5663,1042,1043
5664,904,905
5664,909,910
5664,1042,1043
5664,1147,1148
5665,904,905
5665,909,910
5665,1036,1037
5665,1042,1043
5666,943,944
5666,1042,1043
5666,1059,1060
5666,1147,1148
5667,862,863
5667,873,874
5667,1042,1043
5667,1059,1060
5668,904,905
5668,1027,1028
5668,1042,1043
5668,1147,1148
5669,904,905
5669,1027,1028
5669,1036,1037
5669,1042,1043
5670,851,852
5670,1027,1028
5670,1036,1037
5670,1042,1043
5671,816,817
5671,919,920
5671,943,944
5671,1042,1043
5672,919,920
5672,943,944
5672,1042,1043
5672,1147,1148
5673,816,817
5673,851,852
5673,862,863
5673,1042,1043
5674,851,852
5674,862,863
5674,1036,1037
5674,1042,1043
5675,862,863
5675,873,874
5675,1036,1037
5675,1042,1043
5676,919,920
5676,1027,1028
5676,1042,1043
5676,1147,1148
5677,816,817
5677,868,869
5677,943,944
5677,1042,1043
5678,816,817
5678,862,863
5678,868,869
5678,1042,1043
5679,868,869
5679,943,944
5679,1042,1043
5679,1059,1060
5680,862,863
5680,868,869
5680,1042,1043
5680,1059,1060
5681,662,663
5681,851,852
5681,1027,1028
5681,1042,1043
5682,662,663
5682,919,920
5682,1027,1028
5682,1042,1043
5683,662,663
5683,816,817
5683,851,852
5683,1042,1043
5684,662,663
5684,816,817
5684,919,920
5684,1042,1043
5685,846,847
5685,882,883
5685,913,914
5685,1240,1241
5686,846,847
5686,913,914
5686,952,953
5686,1240,1241
5687,724,725
5687,735,736
5687,832,833
5687,846,847
5688,846,847
5688,952,953
5688,1092,1093
5688,1240,1241
5689,735,736
5689,846,847
5689,878,879
5689,950,951
5690,832,833
5690,846,847
5690,878,879
5690,952,953
5691,735,736
5691,832,833
5691,846,847
5691,878,879
5692,846,847
5692,878,879
5692,950,951
5692,1092,1093
5693,846,847
5693,878,879
5693,952,953
5693,1092,1093
5694,1011,1012
5694,1116,1117
5694,1168,1169
5694,1186,1187
5695,1082,1083
5695,1116,1117
5695,1186,1187
5695,1329,1330
5696,1076,1077
5696,1082,1083
5696,1186,1187
5696,1329,1330
5697,1094,1095
5697,1116,1117
5697,1186,1187
5697,1329,1330
5698,1094,1095
5698,1116,1117
5698,1168,1169
5698,1186,1187
5699,1073,1074
5699,1094,1095
5699,1168,1169
5699,1186,1187
5700,1073,1074
5700,1076,1077
5700,1169,1170
5700,1186,1187
5701,1076,1077
5701,1169,1170
5701,1186,1187
5701,1329,1330
5702,958,959
5702,1020,1021
5702,1071,1072
5702,1186,1187
5703,958,959
5703,1071,1072
5703,1082,1083
5703,1186,1187
5704,958,959
5704,1020,1021
5704,1160,1161
5704,1186,1187
5705,958,959
5705,1011,1012
5705,1160,1161
5705,1186,1187
5706,1073,1074
5706,1094,1095
5706,1169,1170
5706,1186,1187
5707,1094,1095
5707,1169,1170
5707,1186,1187
5707,1329,1330
5708,992,993
5708,1011,1012
5708,1081,1082
5708,1219,1220
5709,992,993
5709,1011,1012
5709,1168,1169
5709,1219,1220
5710,992,993
5710,1009,1010
5710,1055,1056
5710,1081,1082
5711,992,993
5711,1009,1010
5711,1011,1012
5711,1081,1082
5712,992,993
5712,1009,1010
5712,1011,1012
5712,1055,1056
5713,992,993
5713,1055,1056
5713,1160,1161
5713,1223,1224
5714,992,993
5714,1011,1012
5714,1055,1056
5714,1160,1161
5715,971,972
5715,992,993
5715,1055,1056
5715,1081,1082
5716,971,972
5716,992,993
5716,1002,1003
5716,1055,1056
5717,658,659
5717,992,993
5717,1055,1056
5717,1223,1224
5718,658,659
5718,992,993
5718,1002,1003
5718,1055,1056
5719,979,980
5719,989,990
5719,1012,1013
5719,1251,1252
5720,989,990
5720,1012,1013
5720,1136,1137
5720,1251,1252
5721,658,659
5721,989,990
5721,993,994
5721,1223,1224
5722,850,851
5722,1111,1112
5722,1136,1137
5722,1223,1224
5723,850,851
5723,1020,1021
5723,1160,1161
5723,1186,1187
5724,850,851
5724,1073,1074
5724,1111,1112
5724,1223,1224
5725,850,851
5725,1073,1074
5725,1076,1077
5725,1111,1112
5726,850,851
5726,1073,1074
5726,1076,1077
5726,1186,1187
5727,850,851
5727,1020,1021
5727,1076,1077
5727,1186,1187
5728,850,851
5728,1073,1074
5728,1168,1169
5728,1223,1224
5729,850,851
5729,1073,1074
5729,1168,1169
5729,1186,1187
5730,850,851
5730,1011,1012
5730,1168,1169
5730,1186,1187
5731,850,851
5731,1011,1012
5731,1160,1161
5731,1186,1187
5732,850,851
5732,1020,1021
5732,1111,1112
5732,1233,1234
5733,850,851
5733,1020,1021
5733,1076,1077
5733,1233,1234
5734,850,851
5734,1076,1077
5734,1111,1112
5734,1233,1234
5735,850,851
5735,992,993
5735,1168,1169
5735,1223,1224
5736,850,851
5736,992,993
5736,1011,1012
5736,1168,1169
5737,850,851
5737,992,993
5737,1160,1161
5737,1223,1224
5738,850,851
5738,992,993
5738,1011,1012
5738,1160,1161
5739,1698,1699
5739,1726,1727
5739,1825,1826
5739,1849,1850
5740,1698,1699
5740,1811,1812
5740,1825,1826
5740,1849,1850
5741,1698,1699
5741,1726,1727
5741,1759,1760
5741,1849,1850
5742,1696,1697
5742,1721,1722
5742,1743,1744
5742,1795,1796
5743,1696,1697
5743,1721,1722
5743,1795,1796
5743,1827,1828
5744,1696,1697
5744,1721,1722
5744,1827,1828
5744,1849,1850
5745,1696,1697
5745,1721,1722
5745,1743,1744
5745,1777,1778
5746,1696,1697
5746,1811,1812
5746,1829,1830
5746,1849,1850
5747,1696,1697
5747,1827,1828
5747,1829,1830
5747,1849,1850
5748,1671,1672
5748,1696,1697
5748,1777,1778
5748,1811,1812
5749,1671,1672
5749,1696,1697
5749,1743,1744
5749,1777,1778
5750,1696,1697
5750,1721,1722
5750,1759,1760
5750,1777,1778
5751,1696,1697
5751,1721,1722
5751,1759,1760
5751,1849,1850
5752,1696,1697
5752,1698,1699
5752,1777,1778
5752,1811,1812
5753,1696,1697
5753,1698,1699
5753,1811,1812
5753,1849,1850
5754,1696,1697
5754,1698,1699
5754,1759,1760
5754,1777,1778
5755,1696,1697
5755,1698,1699
5755,1759,1760
5755,1849,1850
5756,1696,1697
5756,1749,1750
5756,1811,1812
5756,1829,1830
5757,1671,1672
5757,1696,1697
5757,1749,1750
5757,1811,1812
5758,1671,1672
5758,1696,1697
5758,1743,1744
5758,1749,1750
5759,1644,1645
5759,1656,1657
5759,1713,1714
5759,1831,1832
5760,1644,1645
5760,1817,1818
5760,1828,1829
5760,1831,1832
5761,1644,1645
5761,1656,1657
5761,1831,1832
5761,1836,1837
5762,1644,1645
5762,1656,1657
5762,1789,1790
5762,1836,1837
5763,1644,1645
5763,1690,1691
5763,1817,1818
5763,1828,1829
5764,1644,1645
5764,1690,1691
5764,1705,1706
5764,1817,1818
5765,1644,1645
5765,1705,1706
5765,1817,1818
5765,1821,1822
5766,1644,1645
5766,1705,1706
5766,1789,1790
5766,1821,1822
5767,1644,1645
5767,1817,1818
5767,1821,1822
5767,1836,1837
5768,1644,1645
5768,1789,1790
5768,1821,1822
5768,1836,1837
5769,1533,1534
5769,1690,1691
5769,1705,1706
5769,1783,1784
5770,1686,1687
5770,1700,1701
5770,1783,1784
5770,1801,1802
5771,1478,1479
5771,1686,1687
5771,1700,1701
5771,1783,1784
5772,1533,1534
5772,1662,1663
5772,1783,1784
5772,1801,1802
5773,1686,1687
5773,1690,1691
5773,1783,1784
5773,1801,1802
5774,1533,1534
5774,1690,1691
5774,1783,1784
5774,1801,1802
5775,1662,1663
5775,1700,1701
5775,1783,1784
5775,1801,1802
5776,1478,1479
5776,1662,1663
5776,1700,1701
5776,1783,1784
5777,707,708
5777,728,729
5777,876,877
5777,1025,1026
5778,707,708
5778,728,729
5778,817,818
5778,876,877
5779,707,708
5779,930,931
5779,1025,1026
5779,1194,1195
5780,707,708
5780,728,729
5780,1025,1026
5780,1194,1195
5781,707,708
5781,886,887
5781,930,931
5781,1036,1037
5782,707,708
5782,913,914
5782,930,931
5782,1036,1037
5783,707,708
5783,886,887
5783,930,931
5783,1194,1195
5784,707,708
5784,886,887
5784,910,911
5784,1194,1195
5785,707,708
5785,886,887
5785,910,911
5785,1041,1042
5786,707,708
5786,728,729
5786,910,911
5786,1194,1195
5787,707,708
5787,728,729
5787,817,818
5787,910,911
5788,701,702
5788,702,703
5788,840,841
5788,914,915
5789,701,702
5789,702,703
5789,773,774
5789,914,915
5790,702,703
5790,773,774
5790,914,915
5790,1037,1038
5791,702,703
5791,817,818
5791,914,915
5791,1037,1038
5792,773,774
5792,876,877
5792,914,915
5792,1037,1038
5793,817,818
5793,876,877
5793,914,915
5793,1037,1038
5794,433,434
5794,701,702
5794,773,774
5794,914,915
5795,667,668
5795,771,772
5795,917,918
5795,984,985
5796,667,668
5796,917,918
5796,984,985
5796,1037,1038
5797,667,668
5797,766,767
5797,771,772
5797,917,918
5798,667,668
5798,766,767
5798,917,918
5798,1037,1038
5799,667,668
5799,740,741
5799,746,747
5799,771,772
5800,667,668
5800,740,741
5800,766,767
5800,771,772
5801,667,668
5801,740,741
5801,746,747
5801,766,767
5802,667,668
5802,746,747
5802,771,772
5802,845,846
5803,667,668
5803,771,772
5803,845,846
5803,984,985
5804,655,656
5804,667,668
5804,766,767
5804,1037,1038
5805,655,656
5805,667,668
5805,875,876
5805,1037,1038
5806,667,668
5806,728,729
5806,984,985
5806,1037,1038
5807,667,668
5807,728,729
5807,875,876
5807,984,985
5808,667,668
5808,728,729
5808,875,876
5808,1037,1038
5809,650,651
5809,667,668
5809,845,846
5809,984,985
5810,655,656
5810,667,668
5810,746,747
5810,766,767
5811,650,651
5811,667,668
5811,875,876
5811,984,985
5812,667,668
5812,746,747
5812,821,822
5812,845,846
5813,650,651
5813,667,668
5813,821,822
5813,845,846
5814,655,656
5814,667,668
5814,746,747
5814,785,786
5815,655,656
5815,667,668
5815,785,786
5815,875,876
5816,650,651
5816,667,668
5816,785,786
5816,875,876
5817,667,668
5817,746,747
5817,785,786
5817,821,822
5818,650,651
5818,667,668
5818,785,786
5818,821,822
5819,862,863
5819,1041,1042
5819,1047,1048
5819,1058,1059
5820,723,724
5820,862,863
5820,1047,1048
5820,1058,1059
5821,817,818
5821,1041,1042
5821,1047,1048
5821,1058,1059
5822,862,863
5822,873,874
5822,1041,1042
5822,1058,1059
5823,817,818
5823,910,911
5823,1041,1042
5823,1058,1059
5824,707,708
5824,910,911
5824,1041,1042
5824,1058,1059
5825,707,708
5825,817,818
5825,910,911
5825,1058,1059
5826,862,863
5826,873,874
5826,1036,1037
5826,1058,1059
5827,873,874
5827,886,887
5827,1041,1042
5827,1058,1059
5828,707,708
5828,886,887
5828,1041,1042
5828,1058,1059
5829,707,708
5829,913,914
5829,1036,1037
5829,1058,1059
5830,723,724
5830,851,852
5830,862,863
5830,1058,1059
5831,873,874
5831,886,887
5831,1036,1037
5831,1058,1059
5832,707,708
5832,886,887
5832,1036,1037
5832,1058,1059
5833,671,672
5833,791,792
5833,829,830
5833,840,841
5834,758,759
5834,779,780
5834,791,792
5834,842,843
5835,724,725
5835,758,759
5835,791,792
5835,842,843
5836,671,672
5836,758,759
5836,779,780
5836,791,792
5837,671,672
5837,779,780
5837,791,792
5837,829,830
5838,779,780
5838,791,792
5838,799,800
5838,829,830
5839,671,672
5839,755,756
5839,758,759
5839,791,792
5840,671,672
5840,723,724
5840,755,756
5840,791,792
5841,723,724
5841,755,756
5841,758,759
5841,791,792
5842,779,780
5842,791,792
5842,799,800
5842,842,843
5843,724,725
5843,791,792
5843,799,800
5843,842,843
5844,225,226
5844,492,493
5844,594,595
5844,635,636
5845,492,493
5845,570,571
5845,594,595
5845,635,636
5846,225,226
5846,346,347
5846,514,515
5846,594,595
5847,225,226
5847,492,493
5847,514,515
5847,594,595
5848,492,493
5848,514,515
5848,570,571
5848,594,595
5849,225,226
5849,545,546
5849,594,595
5849,635,636
5850,225,226
5850,346,347
5850,545,546
5850,594,595
5851,468,469
5851,570,571
5851,594,595
5851,635,636
5852,468,469
5852,553,554
5852,594,595
5852,635,636
5853,423,424
5853,468,469
5853,570,571
5853,594,595
5854,423,424
5854,468,469
5854,553,554
5854,594,595
5855,423,424
5855,553,554
5855,560,561
5855,594,595
5856,346,347
5856,379,380
5856,514,515
5856,594,595
5857,553,554
5857,560,561
5857,582,583
5857,594,595
5858,346,347
5858,379,380
5858,582,583
5858,594,595
5859,736,737
5859,759,760
5859,815,816
5859,847,848
5860,654,655
5860,759,760
5860,837,838
5860,963,964
5861,654,655
5861,759,760
5861,837,838
5861,847,848
5862,654,655
5862,736,737
5862,759,760
5862,847,848
5863,654,655
5863,726,727
5863,759,760
5863,963,964
5864,736,737
5864,759,760
5864,814,815
5864,815,816
5865,736,737
5865,759,760
5865,986,987
5865,1035,1036
5866,417,418
5866,533,534
5866,551,552
5866,801,802
5867,417,418
5867,510,511
5867,533,534
5867,551,552
5868,417,418
5868,510,511
5868,521,522
5868,533,534
5869,251,252
5869,510,511
5869,533,534
5869,551,552
5870,251,252
5870,440,441
5870,510,511
5870,533,534
5871,251,252
5871,440,441
5871,533,534
5871,551,552
5872,440,441
5872,510,511
5872,533,534
5872,789,790
5873,510,511
5873,521,522
5873,533,534
5873,789,790
5874,384,385
5874,399,400
5874,554,555
5874,646,647
5875,399,400
5875,507,508
5875,554,555
5875,646,647
5876,399,400
5876,466,467
5876,507,508
5876,554,555
5877,399,400
5877,405,406
5877,478,479
5877,528,529
5878,384,385
5878,399,400
5878,478,479
5878,777,778
5879,399,400
5879,405,406
5879,478,479
5879,777,778
5880,384,385
5880,399,400
5880,492,493
5880,646,647
5881,399,400
5881,492,493
5881,528,529
5881,646,647
5882,399,400
5882,405,406
5882,532,533
5882,777,778
5883,399,400
5883,466,467
5883,532,533
5883,777,778
5884,384,385
5884,399,400
5884,478,479
5884,492,493
5885,399,400
5885,478,479
5885,492,493
5885,528,529
5886,399,400
5886,426,427
5886,528,529
5886,646,647
5887,399,400
5887,426,427
5887,507,508
5887,646,647
5888,399,400
5888,466,467
5888,507,508
5888,694,695
5889,399,400
5889,405,406
5889,532,533
5889,694,695
5890,399,400
5890,466,467
5890,532,533
5890,694,695
5891,399,400
5891,426,427
5891,528,529
5891,694,695
5892,399,400
5892,426,427
5892,507,508
5892,694,695
5893,928,929
5893,997,998
5893,1224,1225
5893,1234,1235
5894,874,875
5894,961,962
5894,1175,1176
5894,1234,1235
5895,928,929
5895,997,998
5895,1135,1136
5895,1234,1235
5896,961,962
5896,1135,1136
5896,1175,1176
5896,1234,1235
5897,961,962
5897,997,998
5897,1135,1136
5897,1234,1235
5898,1129,1130
5898,1175,1176
5898,1176,1177
5898,1234,1235
5899,874,875
5899,1129,1130
5899,1175,1176
5899,1234,1235
5900,1135,1136
5900,1175,1176
5900,1234,1235
5900,1267,1268
5901,928,929
5901,1135,1136
5901,1234,1235
5901,1267,1268
5902,1175,1176
5902,1176,1177
5902,1234,1235
5902,1267,1268
5903,928,929
5903,1176,1177
5903,1234,1235
5903,1267,1268
5904,928,929
5904,1224,1225
5904,1234,1235
5904,1259,1260
5905,928,929
5905,1176,1177
5905,1234,1235
5905,1259,1260
5906,874,875
5906,1048,1049
5906,1120,1121
5906,1189,1190
5907,869,870
5907,874,875
5907,1048,1049
5907,1120,1121
5908,869,870
5908,940,941
5908,970,971
5908,1048,1049
5909,895,896
5909,1016,1017
5909,1048,1049
5909,1196,1197
5910,948,949
5910,1048,1049
5910,1120,1121
5910,1189,1190
5911,869,870
5911,948,949
5911,1048,1049
5911,1120,1121
5912,869,870
5912,948,949
5912,970,971
5912,1048,1049
5913,948,949
5913,1016,1017
5913,1048,1049
5913,1189,1190
5914,948,949
5914,970,971
5914,1016,1017
5914,1048,1049
5915,895,896
5915,970,971
5915,1016,1017
5915,1048,1049
5916,895,896
5916,940,941
5916,970,971
5916,1048,1049
5917,1088,1089
5917,1097,1098
5917,1172,1173
5917,1365,1366
5918,1088,1089
5918,1097,1098
5918,1164,1165
5918,1172,1173
5919,852,853
5919,1164,1165
5919,1172,1173
5919,1197,1198
5920,852,853
5920,1172,1173
5920,1191,1192
5920,1197,1198
5921,1097,1098
5921,1128,1129
5921,1164,1165
5921,1172,1173
5922,852,853
5922,1121,1122
5922,1164,1165
5922,1172,1173
5923,909,910
5923,1148,1149
5923,1172,1173
5923,1191,1192
5924,852,853
5924,909,910
5924,1172,1173
5924,1191,1192
5925,1091,1092
5925,1148,1149
5925,1172,1173
5925,1365,1366
5926,1050,1051
5926,1091,1092
5926,1148,1149
5926,1172,1173
5927,1097,1098
5927,1128,1129
5927,1172,1173
5927,1365,1366
5928,909,910
5928,1050,1051
5928,1148,1149
5928,1172,1173
5929,1050,1051
5929,1121,1122
5929,1128,1129
5929,1172,1173
5930,1121,1122
5930,1128,1129
5930,1164,1165
5930,1172,1173
5931,1050,1051
5931,1093,1094
5931,1121,1122
5931,1172,1173
5932,852,853
5932,1093,1094
5932,1121,1122
5932,1172,1173
5933,1091,1092
5933,1128,1129
5933,1172,1173
5933,1365,1366
5934,1050,1051
5934,1091,1092
5934,1128,1129
5934,1172,1173
5935,909,910
5935,1050,1051
5935,1093,1094
5935,1172,1173
5936,852,853
5936,909,910
5936,1093,1094
5936,1172,1173
5937,743,744
5937,808,809
5937,885,886
5937,1039,1040
5938,793,794
5938,808,809
5938,885,886
5938,1039,1040
5939,743,744
5939,885,886
5939,955,956
5939,1039,1040
5940,793,794
5940,885,886
5940,955,956
5940,1039,1040
5941,743,744
5941,762,763
5941,808,809
5941,1039,1040
5942,518,519
5942,793,794
5942,808,809
5942,1039,1040
5943,518,519
5943,762,763
5943,808,809
5943,1039,1040
5944,679,680
5944,743,744
5944,762,763
5944,1039,1040
5945,679,680
5945,743,744
5945,955,956
5945,1039,1040
5946,459,460
5946,526,527
5946,700,701
5946,721,722
5947,459,460
5947,540,541
5947,700,701
5947,721,722
5948,459,460
5948,526,527
5948,649,650
5948,721,722
5949,454,455
5949,459,460
5949,649,650
5949,721,722
5950,526,527
5950,609,610
5950,700,701
5950,721,722
5951,540,541
5951,609,610
5951,700,701
5951,721,722
5952,526,527
5952,649,650
5952,665,666
5952,721,722
5953,454,455
5953,649,650
5953,665,666
5953,721,722
5954,427,428
5954,454,455
5954,665,666
5954,721,722
5955,384,385
5955,478,479
5955,675,676
5955,777,778
5956,384,385
5956,540,541
5956,675,676
5956,777,778
5957,405,406
5957,478,479
5957,675,676
5957,777,778
5958,405,406
5958,478,479
5958,563,564
5958,675,676
5959,476,477
5959,503,504
5959,633,634
5959,675,676
5960,379,380
5960,503,504
5960,514,515
5960,633,634
5961,384,385
5961,540,541
5961,633,634
5961,675,676
5962,478,479
5962,503,504
5962,514,515
5962,633,634
5963,478,479
5963,503,504
5963,633,634
5963,675,676
5964,454,455
5964,459,460
5964,633,634
5964,721,722
5965,384,385
5965,540,541
5965,633,634
5965,636,637
5966,384,385
5966,514,515
5966,633,634
5966,636,637
5967,384,385
5967,478,479
5967,514,515
5967,633,634
5968,384,385
5968,478,479
5968,633,634
5968,675,676
5969,459,460
5969,540,541
5969,633,634
5969,636,637
5970,459,460
5970,540,541
5970,633,634
5970,721,722
5971,1300,1301
5971,1473,1474
5971,1524,1525
5971,1545,1546
5972,1283,1284
5972,1300,1301
5972,1524,1525
5972,1545,1546
5973,1473,1474
5973,1524,1525
5973,1527,1528
5973,1545,1546
5974,1283,1284
5974,1524,1525
5974,1527,1528
5974,1545,1546
5975,1283,1284
5975,1300,1301
5975,1477,1478
5975,1524,1525
5976,1300,1301
5976,1447,1448
5976,1477,1478
5976,1524,1525
5977,1300,1301
5977,1447,1448
5977,1473,1474
5977,1524,1525
5978,1283,1284
5978,1524,1525
5978,1527,1528
5978,1592,1593
5979,1283,1284
5979,1477,1478
5979,1524,1525
5979,1592,1593
5980,1473,1474
5980,1524,1525
5980,1527,1528
5980,1822,1823
5981,1473,1474
5981,1490,1491
5981,1524,1525
5981,1822,1823
5982,1447,1448
5982,1473,1474
5982,1490,1491
5982,1524,1525
5983,1524,1525
5983,1527,1528
5983,1613,1614
5983,1822,1823
5984,1524,1525
5984,1527,1528
5984,1592,1593
5984,1613,1614
5985,1490,1491
5985,1524,1525
5985,1588,1589
5985,1822,1823
5986,1447,1448
5986,1490,1491
5986,1524,1525
5986,1588,1589
5987,1524,1525
5987,1534,1535
5987,1613,1614
5987,1822,1823
5988,1524,1525
5988,1534,1535
5988,1592,1593
5988,1613,1614
5989,1524,1525
5989,1534,1535
5989,1588,1589
5989,1822,1823
5990,1524,1525
5990,1534,1535
5990,1588,1589
5990,1723,1724
5991,1447,1448
5991,1524,1525
5991,1588,1589
5991,1723,1724
5992,1277,1278
5992,1278,1279
5992,1321,1322
5992,1405,1406
5993,1277,1278
5993,1278,1279
5993,1321,1322
5993,1420,1421
5994,1277,1278
5994,1278,1279
5994,1340,1341
5994,1405,1406
5995,1277,1278
5995,1340,1341
5995,1405,1406
5995,1464,1465
5996,1277,1278
5996,1397,1398
5996,1405,1406
5996,1464,1465
5997,1277,1278
5997,1340,1341
5997,1395,1396
5997,1464,1465
5998,1277,1278
5998,1278,1279
5998,1340,1341
5998,1425,1426
5999,1277,1278
5999,1340,1341
5999,1395,1396
5999,1425,1426
6000,1277,1278
6000,1395,1396
6000,1425,1426
6000,1498,1499
6001,1478,1479
6001,1502,1503
6001,1521,1522
6001,1569,1570
6002,1502,1503
6002,1521,1522
6002,1569,1570
6002,1623,1624
6003,1502,1503
6003,1508,1509
6003,1518,1519
6003,1623,1624
6004,1502,1503
6004,1508,1509
6004,1521,1522
6004,1623,1624
6005,1502,1503
6005,1508,1509
6005,1521,1522
6005,1601,1602
6006,1502,1503
6006,1521,1522
6006,1601,1602
6006,1786,1787
6007,1478,1479
6007,1502,1503
6007,1521,1522
6007,1786,1787
6008,1478,1479
6008,1502,1503
6008,1662,1663
6008,1783,1784
6009,1476,1477
6009,1502,1503
6009,1508,1509
6009,1518,1519
6010,1476,1477
6010,1502,1503
6010,1508,1509
6010,1601,1602
6011,1478,1479
6011,1502,1503
6011,1662,1663
6011,1786,1787
6012,1476,1477
6012,1481,1482
6012,1502,1503
6012,1601,1602
6013,1502,1503
6013,1601,1602
6013,1617,1618
6013,1786,1787
6014,1481,1482
6014,1502,1503
6014,1601,1602
6014,1617,1618
6015,1502,1503
6015,1522,1523
6015,1617,1618
6015,1786,1787
6016,1502,1503
6016,1522,1523
6016,1662,1663
6016,1786,1787
6017,1481,1482
6017,1502,1503
6017,1522,1523
6017,1617,1618
6018,1481,1482
6018,1502,1503
6018,1522,1523
6018,1662,1663
6019,1645,1646
6019,1689,1690
6019,1730,1731
6019,1755,1756
6020,1645,1646
6020,1689,1690
6020,1755,1756
6020,1768,1769
6021,1689,1690
6021,1755,1756
6021,1768,1769
6021,1835,1836
6022,1689,1690
6022,1755,1756
6022,1791,1792
6022,1835,1836
6023,1689,1690
6023,1730,1731
6023,1755,1756
6023,1791,1792
6024,1698,1699
6024,1730,1731
6024,1755,1756
6024,1791,1792
6025,1755,1756
6025,1791,1792
6025,1833,1834
6025,1835,1836
6026,1698,1699
6026,1755,1756
6026,1791,1792
6026,1833,1834
6027,1645,1646
6027,1664,1665
6027,1730,1731
6027,1755,1756
6028,1698,1699
6028,1755,1756
6028,1819,1820
6028,1833,1834
6029,1755,1756
6029,1768,1769
6029,1833,1834
6029,1835,1836
6030,1664,1665
6030,1683,1684
6030,1730,1731
6030,1755,1756
6031,1683,1684
6031,1698,1699
6031,1730,1731
6031,1755,1756
6032,1683,1684
6032,1698,1699
6032,1755,1756
6032,1819,1820
6033,1687,1688
6033,1755,1756
6033,1819,1820
6033,1833,1834
6034,1687,1688
6034,1755,1756
6034,1768,1769
6034,1833,1834
6035,1542,1543
6035,1664,1665
6035,1683,1684
6035,1755,1756
6036,1542,1543
6036,1683,1684
6036,1755,1756
6036,1819,1820
6037,1489,1490
6037,1497,1498
6037,1501,1502
6037,1581,1582
6038,1497,1498
6038,1501,1502
6038,1526,1527
6038,1581,1582
6039,1497,1498
6039,1501,1502
6039,1520,1521
6039,1526,1527
6040,1497,1498
6040,1520,1521
6040,1526,1527
6040,1581,1582
6041,1489,1490
6041,1497,1498
6041,1581,1582
6041,1678,1679
6042,1497,1498
6042,1520,1521
6042,1581,1582
6042,1679,1680
6043,1489,1490
6043,1497,1498
6043,1678,1679
6043,1818,1819
6044,1497,1498
6044,1642,1643
6044,1678,1679
6044,1679,1680
6045,1497,1498
6045,1581,1582
6045,1678,1679
6045,1679,1680
6046,1497,1498
6046,1609,1610
6046,1642,1643
6046,1679,1680
6047,1497,1498
6047,1520,1521
6047,1609,1610
6047,1679,1680
6048,1530,1531
6048,1535,1536
6048,1606,1607
6048,1818,1819
6049,1489,1490
6049,1530,1531
6049,1606,1607
6049,1818,1819
6050,1530,1531
6050,1606,1607
6050,1632,1633
6050,1802,1803
6051,1489,1490
6051,1530,1531
6051,1606,1607
6051,1802,1803
6052,1323,1324
6052,1537,1538
6052,1606,1607
6052,1632,1633
6053,1485,1486
6053,1537,1538
6053,1569,1570
6053,1606,1607
6054,1485,1486
6054,1535,1536
6054,1606,1607
6054,1719,1720
6055,1530,1531
6055,1606,1607
6055,1632,1633
6055,1657,1658
6056,1530,1531
6056,1535,1536
6056,1606,1607
6056,1657,1658
6057,1485,1486
6057,1535,1536
6057,1606,1607
6057,1657,1658
6058,1537,1538
6058,1606,1607
6058,1632,1633
6058,1657,1658
6059,1485,1486
6059,1537,1538
6059,1606,1607
6059,1657,1658
6060,1323,1324
6060,1606,1607
6060,1632,1633
6060,1802,1803
6061,1323,1324
6061,1489,1490
6061,1606,1607
6061,1802,1803
6062,1509,1510
6062,1692,1693
6062,1742,1743
6062,1794,1795
6063,1509,1510
6063,1692,1693
6063,1724,1725
6063,1794,1795
6064,1509,1510
6064,1742,1743
6064,1775,1776
6064,1794,1795
6065,1509,1510
6065,1742,1743
6065,1775,1776
6065,1840,1841
6066,1479,1480
6066,1509,1510
6066,1775,1776
6066,1840,1841
6067,1509,1510
6067,1660,1661
6067,1692,1693
6067,1724,1725
6068,1509,1510
6068,1534,1535
6068,1588,1589
6068,1724,1725
6069,1509,1510
6069,1533,1534
6069,1742,1743
6069,1840,1841
6070,1509,1510
6070,1533,1534
6070,1660,1661
6070,1840,1841
6071,1509,1510
6071,1533,1534
6071,1692,1693
6071,1742,1743
6072,1509,1510
6072,1533,1534
6072,1660,1661
6072,1692,1693
6073,1509,1510
6073,1534,1535
6073,1723,1724
6073,1724,1725
6074,1509,1510
6074,1534,1535
6074,1660,1661
6074,1723,1724
6075,1509,1510
6075,1660,1661
6075,1723,1724
6075,1724,1725
6076,1509,1510
6076,1724,1725
6076,1790,1791
6076,1794,1795
6077,1479,1480
6077,1509,1510
6077,1534,1535
6077,1808,1809
6078,1479,1480
6078,1509,1510
6078,1808,1809
6078,1840,1841
6079,1509,1510
6079,1534,1535
6079,1660,1661
6079,1808,1809
6080,1509,1510
6080,1660,1661
6080,1808,1809
6080,1840,1841
6081,1479,1480
6081,1754,1755
6081,1775,1776
6081,1820,1821
6082,1754,1755
6082,1775,1776
6082,1794,1795
6082,1820,1821
6083,1479,1480
6083,1509,1510
6083,1754,1755
6083,1775,1776
6084,1509,1510
6084,1754,1755
6084,1775,1776
6084,1794,1795
6085,1509,1510
6085,1754,1755
6085,1790,1791
6085,1794,1795
6086,1479,1480
6086,1509,1510
6086,1534,1535
6086,1754,1755
6087,1579,1580
6087,1727,1728
6087,1754,1755
6087,1822,1823
6088,1579,1580
6088,1727,1728
6088,1754,1755
6088,1820,1821
6089,1579,1580
6089,1613,1614
6089,1754,1755
6089,1822,1823
6090,1579,1580
6090,1613,1614
6090,1754,1755
6090,1820,1821
6091,1479,1480
6091,1613,1614
6091,1754,1755
6091,1820,1821
6092,1534,1535
6092,1613,1614
6092,1754,1755
6092,1822,1823
6093,1479,1480
6093,1534,1535
6093,1613,1614
6093,1754,1755
6094,1652,1653
6094,1727,1728
6094,1754,1755
6094,1820,1821
6095,1652,1653
6095,1754,1755
6095,1794,1795
6095,1820,1821
6096,1652,1653
6096,1727,1728
6096,1754,1755
6096,1790,1791
6097,1652,1653
6097,1754,1755
6097,1790,1791
6097,1794,1795
6098,1484,1485
6098,1727,1728
6098,1754,1755
6098,1822,1823
6099,1484,1485
6099,1727,1728
6099,1754,1755
6099,1790,1791
6100,1534,1535
6100,1588,1589
6100,1754,1755
6100,1822,1823
6101,1509,1510
6101,1534,1535
6101,1588,1589
6101,1754,1755
6102,1484,1485
6102,1588,1589
6102,1754,1755
6102,1822,1823
6103,1484,1485
6103,1588,1589
6103,1754,1755
6103,1790,1791
6104,1588,1589
6104,1724,1725
6104,1754,1755
6104,1790,1791
6105,1509,1510
6105,1724,1725
6105,1754,1755
6105,1790,1791
6106,1509,1510
6106,1588,1589
6106,1724,1725
6106,1754,1755
6107,1655,1656
6107,1720,1721
6107,1781,1782
6107,1789,1790
6108,1642,1643
6108,1655,1656
6108,1713,1714
6108,1781,1782
6109,1609,1610
6109,1655,1656
6109,1720,1721
6109,1781,1782
6110,1655,1656
6110,1705,1706
6110,1720,1721
6110,1789,1790
6111,1655,1656
6111,1656,1657
6111,1781,1782
6111,1789,1790
6112,1644,1645
6112,1655,1656
6112,1656,1657
6112,1789,1790
6113,1644,1645
6113,1655,1656
6113,1705,1706
6113,1789,1790
6114,1655,1656
6114,1656,1657
6114,1713,1714
6114,1781,1782
6115,1548,1549
6115,1593,1594
6115,1621,1622
6115,1710,1711
6116,1487,1488
6116,1593,1594
6116,1609,1610
6116,1621,1622
6117,1301,1302
6117,1391,1392
6117,1511,1512
6117,1593,1594
6118,1301,1302
6118,1511,1512
6118,1593,1594
6118,1710,1711
6119,1391,1392
6119,1520,1521
6119,1593,1594
6119,1596,1597
6120,1520,1521
6120,1593,1594
6120,1596,1597
6120,1609,1610
6121,1520,1521
6121,1548,1549
6121,1593,1594
6121,1623,1624
6122,1593,1594
6122,1609,1610
6122,1621,1622
6122,1720,1721
6123,1548,1549
6123,1593,1594
6123,1621,1622
6123,1720,1721
6124,1548,1549
6124,1593,1594
6124,1609,1610
6124,1720,1721
6125,1301,1302
6125,1487,1488
6125,1593,1594
6125,1621,1622
6126,1301,1302
6126,1593,1594
6126,1621,1622
6126,1710,1711
6127,1487,1488
6127,1593,1594
6127,1596,1597
6127,1609,1610
6128,1301,1302
6128,1391,1392
6128,1593,1594
6128,1596,1597
6129,1301,1302
6129,1487,1488
6129,1593,1594
6129,1596,1597
6130,30,31
6130,31,32
6130,107,108
6130,188,189
6131,30,31
6131,107,108
6131,148,149
6131,188,189
6132,31,32
6132,107,108
6132,188,189
6132,232,233
6133,63,64
6133,107,108
6133,136,137
6133,232,233
6134,10,11
6134,107,108
6134,148,149
6134,188,189
6135,31,32
6135,43,44
6135,107,108
6135,232,233
6136,43,44
6136,107,108
6136,136,137
6136,232,233
6137,31,32
6137,43,44
6137,87,88
6137,107,108
6138,43,44
6138,87,88
6138,107,108
6138,136,137
6139,10,11
6139,107,108
6139,188,189
6139,232,233
6140,10,11
6140,63,64
6140,107,108
6140,232,233
6141,81,82
6141,84,85
6141,120,121
6141,190,191
6142,58,59
6142,81,82
6142,84,85
6142,187,188
6143,4,5
6143,58,59
6143,81,82
6143,84,85
6144,8,9
6144,81,82
6144,93,94
6144,120,121
6145,81,82
6145,84,85
6145,93,94
6145,120,121
6146,8,9
6146,12,13
6146,81,82
6146,120,121
6147,8,9
6147,12,13
6147,71,72
6147,81,82
6148,44,45
6148,71,72
6148,81,82
6148,190,191
6149,12,13
6149,81,82
6149,120,121
6149,190,191
6150,12,13
6150,71,72
6150,81,82
6150,190,191
6151,81,82
6151,103,104
6151,187,188
6151,190,191
6152,81,82
6152,84,85
6152,103,104
6152,187,188
6153,81,82
6153,84,85
6153,103,104
6153,190,191
6154,4,5
6154,8,9
6154,81,82
6154,93,94
6155,4,5
6155,81,82
6155,84,85
6155,93,94
6156,4,5
6156,8,9
6156,81,82
6156,206,207
6157,8,9
6157,71,72
6157,81,82
6157,206,207
6158,44,45
6158,71,72
6158,81,82
6158,224,225
6159,9,10
6159,81,82
6159,187,188
6159,190,191
6160,9,10
6160,44,45
6160,81,82
6160,190,191
6161,4,5
6161,81,82
6161,206,207
6161,224,225
6162,4,5
6162,58,59
6162,81,82
6162,224,225
6163,71,72
6163,81,82
6163,206,207
6163,224,225
6164,57,58
6164,113,114
6164,155,156
6164,557,558
6165,57,58
6165,113,114
6165,155,156
6165,269,270
6166,57,58
6166,155,156
6166,231,232
6166,557,558
6167,155,156
6167,163,164
6167,269,270
6167,345,346
6168,155,156
6168,163,164
6168,267,268
6168,345,346
6169,340,341
6169,391,392
6169,396,397
6169,640,641
6170,247,248
6170,340,341
6170,391,392
6170,396,397
6171,247,248
6171,340,341
6171,362,363
6171,396,397
6172,247,248
6172,314,315
6172,362,363
6172,396,397
6173,57,58
6173,314,315
6173,362,363
6173,396,397
6174,237,238
6174,314,315
6174,396,397
6174,557,558
6175,57,58
6175,314,315
6175,396,397
6175,557,558
6176,237,238
6176,314,315
6176,391,392
6176,396,397
6177,57,58
6177,231,232
6177,233,234
6177,516,517
6178,57,58
6178,233,234
6178,362,363
6178,516,517
6179,57,58
6179,233,234
6179,362,363
6179,396,397
6180,221,222
6180,233,234
6180,287,288
6180,640,641
6181,233,234
6181,340,341
6181,396,397
6181,640,641
6182,233,234
6182,340,341
6182,362,363
6182,396,397
6183,221,222
6183,233,234
6183,340,341
6183,640,641
6184,231,232
6184,341,342
6184,364,365
6184,516,517
6185,231,232
6185,233,234
6185,364,365
6185,516,517
6186,231,232
6186,233,234
6186,287,288
6186,364,365
6187,233,234
6187,287,288
6187,364,365
6187,516,517
6188,287,288
6188,300,301
6188,364,365
6188,516,517
6189,111,112
6189,341,342
6189,364,365
6189,516,517
6190,111,112
6190,223,224
6190,300,301
6190,364,365
6191,223,224
6191,300,301
6191,364,365
6191,516,517
6192,111,112
6192,223,224
6192,364,365
6192,516,517
6193,57,58
6193,231,232
6193,238,239
6193,341,342
6194,231,232
6194,238,239
6194,267,268
6194,341,342
6195,57,58
6195,155,156
6195,231,232
6195,238,239
6196,155,156
6196,231,232
6196,238,239
6196,267,268
6197,155,156
6197,163,164
6197,238,239
6197,267,268
6198,155,156
6198,163,164
6198,238,239
6198,269,270
6199,57,58
6199,155,156
6199,238,239
6199,269,270
6200,33,34
6200,163,164
6200,238,239
6200,291,292
6201,38,39
6201,163,164
6201,238,239
6201,267,268
6202,33,34
6202,38,39
6202,163,164
6202,238,239
6203,38,39
6203,238,239
6203,267,268
6203,341,342
6204,163,164
6204,238,239
6204,269,270
6204,291,292
6205,57,58
6205,238,239
6205,362,363
6205,516,517
6206,57,58
6206,238,239
6206,341,342
6206,516,517
6207,3,4
6207,84,85
6207,102,103
6207,291,292
6208,3,4
6208,13,14
6208,84,85
6208,102,103
6209,27,28
6209,48,49
6209,109,110
6209,171,172
6210,27,28
6210,109,110
6210,171,172
6210,352,353
6211,33,34
6211,56,57
6211,93,94
6211,171,172
6212,4,5
6212,93,94
6212,137,138
6212,171,172
6213,48,49
6213,56,57
6213,137,138
6213,171,172
6214,56,57
6214,93,94
6214,137,138
6214,171,172
6215,4,5
6215,109,110
6215,137,138
6215,171,172
6216,48,49
6216,109,110
6216,137,138
6216,171,172
6217,4,5
6217,99,100
6217,109,110
6217,171,172
6218,99,100
6218,109,110
6218,171,172
6218,352,353
6219,4,5
6219,99,100
6219,171,172
6219,352,353
6220,283,284
6220,430,431
6220,520,521
6220,547,548
6221,283,284
6221,318,319
6221,430,431
6221,547,548
6222,55,56
6222,430,431
6222,520,521
6222,547,548
6223,55,56
6223,170,171
6223,430,431
6223,547,548
6224,317,318
6224,318,319
6224,430,431
6224,547,548
6225,170,171
6225,317,318
6225,430,431
6225,547,548
6226,223,224
6226,317,318
6226,318,319
6226,547,548
6227,223,224
6227,317,318
6227,342,343
6227,547,548
6228,170,171
6228,223,224
6228,342,343
6228,547,548
6229,170,171
6229,317,318
6229,342,343
6229,547,548
6230,378,379
6230,441,442
6230,543,544
6230,725,726
6231,441,442
6231,543,544
6231,725,726
6231,745,746
6232,441,442
6232,497,498
6232,543,544
6232,745,746
6233,378,379
6233,441,442
6233,506,507
6233,543,544
6234,378,379
6234,461,462
6234,506,507
6234,543,544
6235,461,462
6235,506,507
6235,543,544
6235,753,754
6236,441,442
6236,497,498
6236,506,507
6236,543,544
6237,497,498
6237,543,544
6237,696,697
6237,745,746
6238,497,498
6238,543,544
6238,696,697
6238,753,754
6239,378,379
6239,461,462
6239,543,544
6239,578,579
6240,378,379
6240,543,544
6240,578,579
6240,725,726
6241,434,435
6241,543,544
6241,725,726
6241,812,813
6242,434,435
6242,543,544
6242,725,726
6242,745,746
6243,468,469
6243,497,498
6243,506,507
6243,543,544
6244,468,469
6244,497,498
6244,543,544
6244,753,754
6245,468,469
6245,506,507
6245,543,544
6245,753,754
6246,543,544
6246,578,579
6246,725,726
6246,812,813
6247,543,544
6247,610,611
6247,753,754
6247,812,813
6248,461,462
6248,543,544
6248,610,611
6248,753,754
6249,543,544
6249,578,579
6249,610,611
6249,812,813
6250,461,462
6250,543,544
6250,578,579
6250,610,611
6251,270,271
6251,349,350
6251,472,473
6251,525,526
6252,270,271
6252,349,350
6252,525,526
6252,607,608
6253,270,271
6253,391,392
6253,525,526
6253,607,608
6254,247,248
6254,270,271
6254,472,473
6254,525,526
6255,247,248
6255,270,271
6255,391,392
6255,525,526
6256,349,350
6256,472,473
6256,525,526
6256,644,645
6257,247,248
6257,314,315
6257,472,473
6257,525,526
6258,255,256
6258,359,360
6258,525,526
6258,644,645
6259,255,256
6259,349,350
6259,525,526
6259,644,645
6260,226,227
6260,359,360
6260,525,526
6260,644,645
6261,226,227
6261,472,473
6261,525,526
6261,644,645
6262,226,227
6262,314,315
6262,359,360
6262,525,526
6263,226,227
6263,314,315
6263,472,473
6263,525,526
6264,237,238
6264,314,315
6264,359,360
6264,525,526
6265,237,238
6265,314,315
6265,391,392
6265,525,526
6266,247,248
6266,314,315
6266,396,397
6266,525,526
6267,247,248
6267,391,392
6267,396,397
6267,525,526
6268,314,315
6268,391,392
6268,396,397
6268,525,526
6269,255,256
6269,261,262
6269,359,360
6269,525,526
6270,349,350
6270,464,465
6270,525,526
6270,607,608
6271,255,256
6271,349,350
6271,464,465
6271,525,526
6272,237,238
6272,261,262
6272,359,360
6272,525,526
6273,237,238
6273,261,262
6273,391,392
6273,525,526
6274,261,262
6274,391,392
6274,400,401
6274,525,526
6275,391,392
6275,400,401
6275,525,526
6275,607,608
6276,261,262
6276,400,401
6276,525,526
6276,607,608
6277,261,262
6277,525,526
6277,596,597
6277,607,608
6278,255,256
6278,261,262
6278,525,526
6278,596,597
6279,464,465
6279,525,526
6279,596,597
6279,607,608
6280,255,256
6280,464,465
6280,525,526
6280,596,597
6281,254,255
6281,296,297
6281,550,551
6281,648,649
6282,228,229
6282,254,255
6282,550,551
6282,648,649
6283,296,297
6283,409,410
6283,549,550
6283,550,551
6284,296,297
6284,549,550
6284,550,551
6284,648,649
6285,254,255
6285,296,297
6285,550,551
6285,564,565
6286,296,297
6286,409,410
6286,550,551
6286,635,636
6287,266,267
6287,409,410
6287,550,551
6287,635,636
6288,266,267
6288,550,551
6288,556,557
6288,635,636
6289,296,297
6289,328,329
6289,550,551
6289,564,565
6290,328,329
6290,550,551
6290,556,557
6290,564,565
6291,403,404
6291,550,551
6291,556,557
6291,564,565
6292,254,255
6292,403,404
6292,550,551
6292,564,565
6293,230,231
6293,266,267
6293,550,551
6293,556,557
6294,228,229
6294,254,255
6294,403,404
6294,550,551
6295,228,229
6295,513,514
6295,550,551
6295,648,649
6296,228,229
6296,230,231
6296,450,451
6296,550,551
6297,230,231
6297,266,267
6297,450,451
6297,550,551
6298,296,297
6298,328,329
6298,550,551
6298,635,636
6299,328,329
6299,550,551
6299,556,557
6299,635,636
6300,228,229
6300,230,231
6300,403,404
6300,550,551
6301,230,231
6301,403,404
6301,550,551
6301,556,557
6302,279,280
6302,299,300
6302,316,317
6302,344,345
6303,292,293
6303,299,300
6303,316,317
6303,344,345
6304,292,293
6304,299,300
6304,344,345
6304,502,503
6305,279,280
6305,299,300
6305,344,345
6305,576,577
6306,299,300
6306,344,345
6306,502,503
6306,576,577
6307,292,293
6307,316,317
6307,323,324
6307,344,345
6308,292,293
6308,323,324
6308,344,345
6308,502,503
6309,281,282
6309,316,317
6309,323,324
6309,344,345
6310,279,280
6310,344,345
6310,369,370
6310,576,577
6311,35,36
6311,162,163
6311,344,345
6311,502,503
6312,35,36
6312,344,345
6312,502,503
6312,576,577
6313,281,282
6313,290,291
6313,323,324
6313,344,345
6314,47,48
6314,162,163
6314,290,291
6314,344,345
6315,47,48
6315,281,282
6315,290,291
6315,344,345
6316,162,163
6316,200,201
6316,290,291
6316,344,345
6317,162,163
6317,200,201
6317,344,345
6317,502,503
6318,200,201
6318,290,291
6318,323,324
6318,344,345
6319,200,201
6319,323,324
6319,344,345
6319,502,503
6320,35,36
6320,162,163
6320,344,345
6320,369,370
6321,35,36
6321,344,345
6321,369,370
6321,576,577
6322,483,484
6322,527,528
6322,720,721
6322,748,749
6323,483,484
6323,527,528
6323,748,749
6323,770,771
6324,483,484
6324,691,692
6324,720,721
6324,748,749
6325,483,484
6325,691,692
6325,748,749
6325,770,771
6326,527,528
6326,562,563
6326,720,721
6326,748,749
6327,562,563
6327,572,573
6327,720,721
6327,748,749
6328,572,573
6328,691,692
6328,720,721
6328,748,749
6329,398,399
6329,569,570
6329,706,707
6329,820,821
6330,569,570
6330,691,692
6330,706,707
6330,820,821
6331,398,399
6331,470,471
6331,569,570
6331,706,707
6332,398,399
6332,456,457
6332,569,570
6332,820,821
6333,456,457
6333,569,570
6333,701,702
6333,820,821
6334,398,399
6334,470,471
6334,569,570
6334,697,698
6335,569,570
6335,701,702
6335,767,768
6335,820,821
6336,398,399
6336,456,457
6336,569,570
6336,697,698
6337,569,570
6337,606,607
6337,691,692
6337,820,821
6338,569,570
6338,606,607
6338,767,768
6338,820,821
6339,569,570
6339,606,607
6339,691,692
6339,767,768
6340,456,457
6340,569,570
6340,701,702
6340,840,841
6341,456,457
6341,569,570
6341,697,698
6341,840,841
6342,569,570
6342,697,698
6342,829,830
6342,840,841
6343,398,399
6343,456,457
6343,697,698
6343,737,738
6344,456,457
6344,697,698
6344,737,738
6344,840,841
6345,456,457
6345,737,738
6345,838,839
6345,840,841
6346,671,672
6346,697,698
6346,737,738
6346,840,841
6347,671,672
6347,737,738
6347,838,839
6347,840,841
6348,456,457
6348,737,738
6348,838,839
6348,912,913
6349,434,435
6349,456,457
6349,737,738
6349,912,913
6350,671,672
6350,737,738
6350,838,839
6350,981,982
6351,718,719
6351,737,738
6351,838,839
6351,981,982
6352,561,562
6352,718,719
6352,737,738
6352,981,982
6353,434,435
6353,737,738
6353,812,813
6353,912,913
6354,561,562
6354,718,719
6354,737,738
6354,812,813
6355,544,545
6355,671,672
6355,737,738
6355,981,982
6356,544,545
6356,561,562
6356,737,738
6356,981,982
6357,718,719
6357,737,738
6357,812,813
6357,912,913
6358,718,719
6358,737,738
6358,838,839
6358,912,913
6359,554,555
6359,671,672
6359,697,698
6359,813,814
6360,544,545
6360,554,555
6360,671,672
6360,813,814
6361,671,672
6361,697,698
6361,737,738
6361,813,814
6362,561,562
6362,697,698
6362,737,738
6362,813,814
6363,544,545
6363,671,672
6363,737,738
6363,813,814
6364,544,545
6364,561,562
6364,737,738
6364,813,814
6365,646,647
6365,696,697
6365,697,698
6365,813,814
6366,554,555
6366,646,647
6366,697,698
6366,813,814
6367,447,448
6367,544,545
6367,636,637
6367,813,814
6368,447,448
6368,554,555
6368,636,637
6368,813,814
6369,447,448
6369,544,545
6369,554,555
6369,813,814
6370,544,545
6370,636,637
6370,780,781
6370,813,814
6371,544,545
6371,561,562
6371,780,781
6371,813,814
6372,570,571
6372,646,647
6372,696,697
6372,813,814
6373,570,571
6373,636,637
6373,780,781
6373,813,814
6374,384,385
6374,570,571
6374,646,647
6374,813,814
6375,384,385
6375,554,555
6375,646,647
6375,813,814
6376,384,385
6376,570,571
6376,636,637
6376,813,814
6377,384,385
6377,554,555
6377,636,637
6377,813,814
6378,570,571
6378,696,697
6378,753,754
6378,813,814
6379,561,562
6379,696,697
6379,753,754
6379,813,814
6380,561,562
6380,753,754
6380,780,781
6380,813,814
6381,423,424
6381,753,754
6381,780,781
6381,813,814
6382,423,424
6382,570,571
6382,780,781
6382,813,814
6383,423,424
6383,570,571
6383,753,754
6383,813,814
6384,420,421
6384,514,515
6384,570,571
6384,636,637
6385,420,421
6385,423,424
6385,570,571
6385,636,637
6386,420,421
6386,514,515
6386,570,571
6386,594,595
6387,420,421
6387,423,424
6387,570,571
6387,594,595
6388,420,421
6388,459,460
6388,633,634
6388,636,637
6389,420,421
6389,514,515
6389,633,634
6389,636,637
6390,420,421
6390,459,460
6390,636,637
6390,780,781
6391,420,421
6391,423,424
6391,636,637
6391,780,781
6392,420,421
6392,423,424
6392,560,561
6392,594,595
6393,379,380
6393,420,421
6393,514,515
6393,633,634
6394,397,398
6394,420,421
6394,459,460
6394,780,781
6395,397,398
6395,420,421
6395,423,424
6395,780,781
6396,379,380
6396,420,421
6396,514,515
6396,594,595
6397,420,421
6397,454,455
6397,459,460
6397,633,634
6398,379,380
6398,420,421
6398,454,455
6398,633,634
6399,397,398
6399,420,421
6399,459,460
6399,712,713
6400,397,398
6400,420,421
6400,423,424
6400,712,713
6401,420,421
6401,423,424
6401,560,561
6401,712,713
6402,420,421
6402,560,561
6402,582,583
6402,594,595
6403,379,380
6403,420,421
6403,582,583
6403,594,595
6404,420,421
6404,454,455
6404,459,460
6404,558,559
6405,379,380
6405,420,421
6405,454,455
6405,558,559
6406,420,421
6406,558,559
6406,560,561
6406,712,713
6407,420,421
6407,459,460
6407,558,559
6407,712,713
6408,420,421
6408,558,559
6408,560,561
6408,582,583
6409,379,380
6409,420,421
6409,558,559
6409,582,583
6410,346,347
6410,445,446
6410,520,521
6410,545,546
6411,346,347
6411,445,446
6411,545,546
6411,594,595
6412,445,446
6412,520,521
6412,547,548
6412,559,560
6413,283,284
6413,346,347
6413,445,446
6413,520,521
6414,283,284
6414,445,446
6414,520,521
6414,547,548
6415,346,347
6415,445,446
6415,582,583
6415,594,595
6416,445,446
6416,496,497
6416,553,554
6416,582,583
6417,445,446
6417,553,554
6417,582,583
6417,594,595
6418,283,284
6418,346,347
6418,445,446
6418,582,583
6419,283,284
6419,318,319
6419,445,446
6419,582,583
6420,318,319
6420,445,446
6420,496,497
6420,582,583
6421,283,284
6421,318,319
6421,445,446
6421,547,548
6422,223,224
6422,445,446
6422,547,548
6422,559,560
6423,223,224
6423,318,319
6423,445,446
6423,496,497
6424,223,224
6424,318,319
6424,445,446
6424,547,548
6425,362,363
6425,416,417
6425,516,517
6425,559,560
6426,221,222
6426,416,417
6426,496,497
6426,553,554
6427,221,222
6427,340,341
6427,416,417
6427,553,554
6428,223,224
6428,416,417
6428,496,497
6428,516,517
6429,223,224
6429,416,417
6429,516,517
6429,559,560
6430,416,417
6430,445,446
6430,496,497
6430,553,554
6431,221,222
6431,233,234
6431,340,341
6431,416,417
6432,233,234
6432,340,341
6432,362,363
6432,416,417
6433,233,234
6433,362,363
6433,416,417
6433,516,517
6434,223,224
6434,416,417
6434,445,446
6434,496,497
6435,223,224
6435,416,417
6435,445,446
6435,559,560
6436,247,248
6436,340,341
6436,362,363
6436,416,417
6437,287,288
6437,416,417
6437,496,497
6437,516,517
6438,233,234
6438,287,288
6438,416,417
6438,516,517
6439,221,222
6439,287,288
6439,416,417
6439,496,497
6440,221,222
6440,233,234
6440,287,288
6440,416,417
6441,659,660
6441,905,906
6441,973,974
6441,996,997
6442,905,906
6442,968,969
6442,1068,1069
6442,1086,1087
6443,905,906
6443,1068,1069
6443,1167,1168
6443,1225,1226
6444,905,906
6444,968,969
6444,1068,1069
6444,1167,1168
6445,905,906
6445,996,997
6445,1225,1226
6445,1251,1252
6446,768,769
6446,902,903
6446,978,979
6446,1012,1013
6447,902,903
6447,978,979
6447,993,994
6447,1025,1026
6448,902,903
6448,978,979
6448,993,994
6448,1012,1013
6449,876,877
6449,902,903
6449,978,979
6449,1025,1026
6450,681,682
6450,768,769
6450,810,811
6450,902,903
6451,681,682
6451,810,811
6451,835,836
6451,942,943
6452,681,682
6452,768,769
6452,810,811
6452,942,943
6453,681,682
6453,773,774
6453,810,811
6453,902,903
6454,433,434
6454,656,657
6454,681,682
6454,835,836
6455,656,657
6455,681,682
6455,810,811
6455,835,836
6456,433,434
6456,656,657
6456,681,682
6456,773,774
6457,656,657
6457,681,682
6457,773,774
6457,810,811
6458,681,682
6458,773,774
6458,876,877
6458,902,903
6459,683,684
6459,695,696
6459,872,873
6459,951,952
6460,695,696
6460,867,868
6460,872,873
6460,951,952
6461,695,696
6461,738,739
6461,867,868
6461,951,952
6462,957,958
6462,1118,1119
6462,1180,1181
6462,1243,1244
6463,841,842
6463,957,958
6463,1180,1181
6463,1243,1244
6464,916,917
6464,957,958
6464,1118,1119
6464,1272,1273
6465,957,958
6465,1118,1119
6465,1243,1244
6465,1272,1273
6466,841,842
6466,957,958
6466,966,967
6466,1243,1244
6467,976,977
6467,1209,1210
6467,1315,1316
6467,1350,1351
6468,976,977
6468,1209,1210
6468,1250,1251
6468,1315,1316
6469,976,977
6469,1084,1085
6469,1236,1237
6469,1275,1276
6470,976,977
6470,1084,1085
6470,1236,1237
6470,1250,1251
6471,976,977
6471,1236,1237
6471,1275,1276
6471,1315,1316
6472,976,977
6472,1236,1237
6472,1250,1251
6472,1315,1316
6473,1083,1084
6473,1161,1162
6473,1321,1322
6473,1405,1406
6474,976,977
6474,1161,1162
6474,1275,1276
6474,1315,1316
6475,976,977
6475,1161,1162
6475,1315,1316
6475,1350,1351
6476,1070,1071
6476,1161,1162
6476,1275,1276
6476,1321,1322
6477,1070,1071
6477,1161,1162
6477,1275,1276
6477,1315,1316
6478,1083,1084
6478,1161,1162
6478,1262,1263
6478,1350,1351
6479,1161,1162
6479,1262,1263
6479,1315,1316
6479,1350,1351
6480,1083,1084
6480,1161,1162
6480,1262,1263
6480,1321,1322
6481,1070,1071
6481,1161,1162
6481,1262,1263
6481,1321,1322
6482,1070,1071
6482,1161,1162
6482,1262,1263
6482,1315,1316
6483,1099,1100
6483,1134,1135
6483,1243,1244
6483,1255,1256
6484,843,844
6484,1134,1135
6484,1243,1244
6484,1255,1256
6485,843,844
6485,1103,1104
6485,1243,1244
6485,1255,1256
6486,853,854
6486,1079,1080
6486,1187,1188
6486,1255,1256
6487,853,854
6487,927,928
6487,1103,1104
6487,1255,1256
6488,853,854
6488,1103,1104
6488,1187,1188
6488,1255,1256
6489,843,844
6489,1103,1104
6489,1187,1188
6489,1255,1256
6490,853,854
6490,927,928
6490,1253,1254
6490,1255,1256
6491,853,854
6491,1079,1080
6491,1253,1254
6491,1255,1256
6492,927,928
6492,1099,1100
6492,1253,1254
6492,1255,1256
6493,1079,1080
6493,1099,1100
6493,1253,1254
6493,1255,1256
6494,927,928
6494,1103,1104
6494,1255,1256
6494,1272,1273
6495,1103,1104
6495,1243,1244
6495,1255,1256
6495,1272,1273
6496,927,928
6496,1099,1100
6496,1118,1119
6496,1255,1256
6497,927,928
6497,1118,1119
6497,1255,1256
6497,1272,1273
6498,1099,1100
6498,1118,1119
6498,1243,1244
6498,1255,1256
6499,1118,1119
6499,1243,1244
6499,1255,1256
6499,1272,1273
6500,843,844
6500,950,951
6500,987,988
6500,1103,1104
6501,843,844
6501,987,988
6501,1103,1104
6501,1187,1188
6502,950,951
6502,987,988
6502,1092,1093
6502,1103,1104
6503,987,988
6503,1092,1093
6503,1103,1104
6503,1187,1188
6504,846,847
6504,950,951
6504,987,988
6504,1092,1093
6505,846,847
6505,882,883
6505,987,988
6505,1240,1241
6506,846,847
6506,987,988
6506,1092,1093
6506,1240,1241
6507,893,894
6507,987,988
6507,1092,1093
6507,1240,1241
6508,893,894
6508,987,988
6508,1092,1093
6508,1187,1188
6509,843,844
6509,950,951
6509,966,967
6509,987,988
6510,699,700
6510,837,838
6510,855,856
6510,980,981
6511,687,688
6511,837,838
6511,855,856
6511,980,981
6512,699,700
6512,855,856
6512,920,921
6512,980,981
6513,699,700
6513,735,736
6513,837,838
6513,855,856
6514,687,688
6514,735,736
6514,837,838
6514,855,856
6515,752,753
6515,855,856
6515,920,921
6515,980,981
6516,752,753
6516,855,856
6516,866,867
6516,980,981
6517,687,688
6517,752,753
6517,855,856
6517,866,867
6518,687,688
6518,855,856
6518,866,867
6518,980,981
6519,683,684
6519,752,753
6519,855,856
6519,920,921
6520,687,688
6520,855,856
6520,878,879
6520,1033,1034
6521,735,736
6521,855,856
6521,878,879
6521,1033,1034
6522,687,688
6522,735,736
6522,855,856
6522,878,879
6523,683,684
6523,855,856
6523,1013,1014
6523,1033,1034
6524,683,684
6524,855,856
6524,920,921
6524,1013,1014
6525,683,684
6525,752,753
6525,855,856
6525,1045,1046
6526,687,688
6526,752,753
6526,855,856
6526,1045,1046
6527,683,684
6527,855,856
6527,1033,1034
6527,1045,1046
6528,687,688
6528,855,856
6528,1033,1034
6528,1045,1046
6529,727,728
6529,826,827
6529,924,925
6529,1013,1014
6530,529,530
6530,727,728
6530,826,827
6530,924,925
6531,699,700
6531,735,736
6531,799,800
6531,826,827
6532,727,728
6532,826,827
6532,920,921
6532,1013,1014
6533,529,530
6533,727,728
6533,826,827
6533,920,921
6534,529,530
6534,548,549
6534,826,827
6534,920,921
6535,548,549
6535,699,700
6535,826,827
6535,920,921
6536,724,725
6536,735,736
6536,799,800
6536,826,827
6537,699,700
6537,735,736
6537,826,827
6537,855,856
6538,826,827
6538,855,856
6538,920,921
6538,1013,1014
6539,699,700
6539,826,827
6539,855,856
6539,920,921
6540,740,741
6540,766,767
6540,771,772
6540,972,973
6541,764,765
6541,766,767
6541,771,772
6541,972,973
6542,764,765
6542,766,767
6542,922,923
6542,972,973
6543,764,765
6543,901,902
6543,922,923
6543,972,973
6544,761,762
6544,844,845
6544,901,902
6544,972,973
6545,761,762
6545,766,767
6545,922,923
6545,972,973
6546,761,762
6546,901,902
6546,922,923
6546,972,973
6547,453,454
6547,761,762
6547,844,845
6547,972,973
6548,682,683
6548,684,685
6548,740,741
6548,803,804
6549,453,454
6549,684,685
6549,761,762
6549,972,973
6550,592,593
6550,678,679
6550,682,683
6550,684,685
6551,678,679
6551,682,683
6551,684,685
6551,803,804
6552,453,454
6552,555,556
6552,592,593
6552,684,685
6553,684,685
6553,761,762
6553,766,767
6553,972,973
6554,684,685
6554,740,741
6554,766,767
6554,972,973
6555,555,556
6555,592,593
6555,678,679
6555,684,685
6556,555,556
6556,678,679
6556,684,685
6556,803,804
6557,555,556
6557,684,685
6557,761,762
6557,803,804
6558,453,454
6558,555,556
6558,684,685
6558,761,762
6559,684,685
6559,761,762
6559,766,767
6559,803,804
6560,684,685
6560,740,741
6560,766,767
6560,803,804
6561,388,389
6561,575,576
6561,652,653
6561,822,823
6562,575,576
6562,652,653
6562,767,768
6562,822,823
6563,388,389
6563,575,576
6563,606,607
6563,822,823
6564,575,576
6564,606,607
6564,767,768
6564,822,823
6565,388,389
6565,484,485
6565,575,576
6565,652,653
6566,383,384
6566,388,389
6566,575,576
6566,606,607
6567,555,556
6567,575,576
6567,606,607
6567,767,768
6568,383,384
6568,555,556
6568,575,576
6568,606,607
6569,383,384
6569,388,389
6569,575,576
6569,611,612
6570,388,389
6570,484,485
6570,575,576
6570,611,612
6571,383,384
6571,484,485
6571,575,576
6571,611,612
6572,453,454
6572,484,485
6572,575,576
6572,652,653
6573,555,556
6573,575,576
6573,761,762
6573,767,768
6574,383,384
6574,453,454
6574,555,556
6574,575,576
6575,453,454
6575,555,556
6575,575,576
6575,761,762
6576,575,576
6576,652,653
6576,656,657
6576,761,762
6577,575,576
6577,656,657
6577,761,762
6577,767,768
6578,575,576
6578,652,653
6578,656,657
6578,767,768
6579,383,384
6579,484,485
6579,575,576
6579,621,622
6580,383,384
6580,453,454
6580,575,576
6580,621,622
6581,453,454
6581,484,485
6581,575,576
6581,621,622
6582,575,576
6582,652,653
6582,761,762
6582,844,845
6583,453,454
6583,575,576
6583,761,762
6583,844,845
6584,453,454
6584,575,576
6584,652,653
6584,844,845
6585,1182,1183
6585,1217,1218
6585,1385,1386
6585,1423,1424
6586,1122,1123
6586,1182,1183
6586,1385,1386
6586,1423,1424
6587,1089,1090
6587,1217,1218
6587,1385,1386
6587,1423,1424
6588,1089,1090
6588,1112,1113
6588,1217,1218
6588,1385,1386
6589,1089,1090
6589,1159,1160
6589,1385,1386
6589,1423,1424
6590,1089,1090
6590,1112,1113
6590,1159,1160
6590,1385,1386
6591,1159,1160
6591,1263,1264
6591,1385,1386
6591,1423,1424
6592,1112,1113
6592,1159,1160
6592,1263,1264
6592,1385,1386
6593,883,884
6593,1084,1085
6593,1263,1264
6593,1385,1386
6594,1096,1097
6594,1423,1424
6594,1437,1438
6594,1450,1451
6595,1096,1097
6595,1122,1123
6595,1423,1424
6595,1450,1451
6596,1096,1097
6596,1159,1160
6596,1423,1424
6596,1437,1438
6597,1096,1097
6597,1159,1160
6597,1263,1264
6597,1423,1424
6598,1096,1097
6598,1263,1264
6598,1385,1386
6598,1423,1424
6599,1096,1097
6599,1122,1123
6599,1385,1386
6599,1423,1424
6600,1096,1097
6600,1181,1182
6600,1437,1438
6600,1450,1451
6601,1096,1097
6601,1173,1174
6601,1181,1182
6601,1437,1438
6602,1096,1097
6602,1173,1174
6602,1181,1182
6602,1450,1451
6603,1079,1080
6603,1096,1097
6603,1159,1160
6603,1437,1438
6604,1079,1080
6604,1096,1097
6604,1159,1160
6604,1263,1264
6605,1096,1097
6605,1173,1174
6605,1253,1254
6605,1437,1438
6606,1079,1080
6606,1096,1097
6606,1253,1254
6606,1437,1438
6607,1079,1080
6607,1096,1097
6607,1173,1174
6607,1253,1254
6608,1108,1109
6608,1122,1123
6608,1305,1306
6608,1398,1399
6609,1122,1123
6609,1305,1306
6609,1398,1399
6609,1450,1451
6610,1096,1097
6610,1173,1174
6610,1305,1306
6610,1450,1451
6611,1096,1097
6611,1122,1123
6611,1305,1306
6611,1450,1451
6612,1108,1109
6612,1305,1306
6612,1398,1399
6612,1420,1421
6613,1305,1306
6613,1398,1399
6613,1420,1421
6613,1450,1451
6614,1096,1097
6614,1173,1174
6614,1305,1306
6614,1348,1349
6615,1108,1109
6615,1305,1306
6615,1321,1322
6615,1420,1421
6616,1277,1278
6616,1305,1306
6616,1321,1322
6616,1420,1421
6617,1161,1162
6617,1305,1306
6617,1348,1349
6617,1405,1406
6618,1108,1109
6618,1122,1123
6618,1275,1276
6618,1305,1306
6619,1277,1278
6619,1305,1306
6619,1321,1322
6619,1405,1406
6620,1161,1162
6620,1305,1306
6620,1321,1322
6620,1405,1406
6621,1108,1109
6621,1275,1276
6621,1305,1306
6621,1321,1322
6622,1161,1162
6622,1275,1276
6622,1305,1306
6622,1321,1322
6623,1419,1420
6623,1428,1429
6623,1442,1443
6623,1633,1634
6624,1297,1298
6624,1428,1429
6624,1442,1443
6624,1633,1634
6625,1419,1420
6625,1442,1443
6625,1607,1608
6625,1633,1634
6626,1419,1420
6626,1442,1443
6626,1560,1561
6626,1607,1608
6627,1181,1182
6627,1297,1298
6627,1428,1429
6627,1442,1443
6628,1297,1298
6628,1356,1357
6628,1442,1443
6628,1633,1634
6629,1419,1420
6629,1428,1429
6629,1442,1443
6629,1450,1451
6630,1181,1182
6630,1428,1429
6630,1442,1443
6630,1450,1451
6631,1087,1088
6631,1274,1275
6631,1313,1314
6631,1430,1431
6632,1087,1088
6632,1170,1171
6632,1274,1275
6632,1329,1330
6633,1232,1233
6633,1274,1275
6633,1325,1326
6633,1430,1431
6634,1087,1088
6634,1274,1275
6634,1325,1326
6634,1430,1431
6635,1170,1171
6635,1274,1275
6635,1329,1330
6635,1374,1375
6636,1232,1233
6636,1274,1275
6636,1374,1375
6636,1377,1378
6637,1232,1233
6637,1239,1240
6637,1274,1275
6637,1325,1326
6638,1087,1088
6638,1239,1240
6638,1274,1275
6638,1325,1326
6639,1170,1171
6639,1274,1275
6639,1282,1283
6639,1346,1347
6640,1170,1171
6640,1274,1275
6640,1282,1283
6640,1374,1375
6641,1274,1275
6641,1282,1283
6641,1346,1347
6641,1377,1378
6642,1274,1275
6642,1282,1283
6642,1374,1375
6642,1377,1378
6643,1087,1088
6643,1239,1240
6643,1274,1275
6643,1329,1330
6644,1232,1233
6644,1239,1240
6644,1274,1275
6644,1374,1375
6645,1239,1240
6645,1274,1275
6645,1329,1330
6645,1374,1375
6646,1366,1367
6646,1382,1383
6646,1505,1506
6646,1637,1638
6647,1382,1383
6647,1540,1541
6647,1602,1603
6647,1637,1638
6648,1359,1360
6648,1382,1383
6648,1540,1541
6648,1602,1603
6649,1382,1383
6649,1505,1506
6649,1602,1603
6649,1637,1638
6650,1359,1360
6650,1382,1383
6650,1505,1506
6650,1602,1603
6651,1366,1367
6651,1382,1383
6651,1486,1487
6651,1505,1506
6652,1359,1360
6652,1382,1383
6652,1486,1487
6652,1505,1506
6653,1382,1383
6653,1540,1541
6653,1619,1620
6653,1637,1638
6654,1336,1337
6654,1382,1383
6654,1540,1541
6654,1619,1620
6655,1366,1367
6655,1382,1383
6655,1430,1431
6655,1486,1487
6656,1382,1383
6656,1546,1547
6656,1619,1620
6656,1637,1638
6657,1366,1367
6657,1382,1383
6657,1546,1547
6657,1637,1638
6658,1366,1367
6658,1382,1383
6658,1546,1547
6658,1619,1620
6659,1366,1367
6659,1382,1383
6659,1463,1464
6659,1619,1620
6660,1336,1337
6660,1382,1383
6660,1463,1464
6660,1619,1620
6661,326,327
6661,427,428
6661,454,455
6661,534,535
6662,427,428
6662,454,455
6662,534,535
6662,721,722
6663,454,455
6663,534,535
6663,633,634
6663,721,722
6664,534,535
6664,540,541
6664,633,634
6664,721,722
6665,534,535
6665,609,610
6665,615,616
6665,653,654
6666,469,470
6666,518,519
6666,762,763
6666,1039,1040
6667,469,470
6667,609,610
6667,653,654
6667,762,763
6668,469,470
6668,609,610
6668,615,616
6668,653,654
6669,469,470
6669,534,535
6669,609,610
6669,615,616
6670,427,428
6670,469,470
6670,534,535
6670,615,616
6671,427,428
6671,469,470
6671,665,666
6671,721,722
6672,469,470
6672,534,535
6672,609,610
6672,721,722
6673,427,428
6673,469,470
6673,534,535
6673,721,722
6674,469,470
6674,609,610
6674,762,763
6674,808,809
6675,469,470
6675,518,519
6675,762,763
6675,808,809
6676,469,470
6676,526,527
6676,609,610
6676,721,722
6677,469,470
6677,526,527
6677,665,666
6677,721,722
6678,469,470
6678,526,527
6678,609,610
6678,808,809
6679,469,470
6679,518,519
6679,526,527
6679,665,666
6680,469,470
6680,518,519
6680,526,527
6680,808,809
6681,395,396
6681,645,646
6681,830,831
6681,836,837
6682,645,646
6682,760,761
6682,830,831
6682,836,837
6683,395,396
6683,586,587
6683,830,831
6683,982,983
6684,645,646
6684,710,711
6684,733,734
6684,830,831
6685,395,396
6685,645,646
6685,733,734
6685,830,831
6686,395,396
6686,710,711
6686,733,734
6686,830,831
6687,395,396
6687,710,711
6687,830,831
6687,982,983
6688,710,711
6688,815,816
6688,830,831
6688,982,983
6689,220,221
6689,271,272
6689,325,326
6689,630,631
6690,220,221
6690,271,272
6690,325,326
6690,356,357
6691,220,221
6691,264,265
6691,325,326
6691,630,631
6692,220,221
6692,356,357
6692,563,564
6692,566,567
6693,220,221
6693,225,226
6693,478,479
6693,630,631
6694,220,221
6694,225,226
6694,478,479
6694,503,504
6695,220,221
6695,225,226
6695,264,265
6695,630,631
6696,220,221
6696,225,226
6696,264,265
6696,503,504
6697,220,221
6697,264,265
6697,476,477
6697,503,504
6698,220,221
6698,325,326
6698,356,357
6698,539,540
6699,220,221
6699,405,406
6699,563,564
6699,566,567
6700,220,221
6700,405,406
6700,478,479
6700,563,564
6701,220,221
6701,478,479
6701,503,504
6701,675,676
6702,220,221
6702,476,477
6702,503,504
6702,675,676
6703,220,221
6703,356,357
6703,539,540
6703,563,564
6704,220,221
6704,476,477
6704,539,540
6704,563,564
6705,220,221
6705,478,479
6705,563,564
6705,675,676
6706,220,221
6706,476,477
6706,563,564
6706,675,676
6707,220,221
6707,240,241
6707,264,265
6707,476,477
6708,220,221
6708,240,241
6708,476,477
6708,539,540
6709,220,221
6709,240,241
6709,264,265
6709,325,326
6710,220,221
6710,240,241
6710,325,326
6710,539,540
6711,455,456
6711,463,464
6711,476,477
6711,563,564
6712,455,456
6712,463,464
6712,476,477
6712,539,540
6713,336,337
6713,455,456
6713,463,464
6713,539,540
6714,431,432
6714,455,456
6714,476,477
6714,539,540
6715,402,403
6715,573,574
6715,632,633
6715,836,837
6716,395,396
6716,402,403
6716,573,574
6716,836,837
6717,402,403
6717,760,761
6717,830,831
6717,836,837
6718,395,396
6718,402,403
6718,830,831
6718,836,837
6719,395,396
6719,402,403
6719,586,587
6719,830,831
6720,276,277
6720,361,362
6720,411,412
6720,490,491
6721,242,243
6721,361,362
6721,411,412
6721,490,491
6722,222,223
6722,242,243
6722,411,412
6722,490,491
6723,276,277
6723,361,362
6723,444,445
6723,490,491
6724,361,362
6724,367,368
6724,444,445
6724,490,491
6725,149,150
6725,361,362
6725,367,368
6725,490,491
6726,276,277
6726,329,330
6726,444,445
6726,490,491
6727,329,330
6727,367,368
6727,444,445
6727,490,491
6728,222,223
6728,411,412
6728,448,449
6728,579,580
6729,411,412
6729,440,441
6729,448,449
6729,473,474
6730,411,412
6730,440,441
6730,448,449
6730,579,580
6731,242,243
6731,411,412
6731,448,449
6731,473,474
6732,222,223
6732,242,243
6732,411,412
6732,448,449
6733,242,243
6733,448,449
6733,473,474
6733,530,531
6734,440,441
6734,448,449
6734,473,474
6734,530,531
6735,242,243
6735,448,449
6735,530,531
6735,624,625
6736,222,223
6736,242,243
6736,448,449
6736,624,625
6737,438,439
6737,440,441
6737,448,449
6737,542,543
6738,376,377
6738,438,439
6738,448,449
6738,579,580
6739,222,223
6739,376,377
6739,448,449
6739,579,580
6740,438,439
6740,448,449
6740,530,531
6740,624,625
6741,438,439
6741,448,449
6741,462,463
6741,530,531
6742,438,439
6742,440,441
6742,448,449
6742,462,463
6743,440,441
6743,448,449
6743,462,463
6743,530,531
6744,376,377
6744,438,439
6744,448,449
6744,624,625
6745,222,223
6745,376,377
6745,448,449
6745,624,625
6746,263,264
6746,354,355
6746,367,368
6746,590,591
6747,271,272
6747,354,355
6747,367,368
6747,590,591
6748,222,223
6748,271,272
6748,315,316
6748,354,355
6749,271,272
6749,354,355
6749,367,368
6749,490,491
6750,271,272
6750,315,316
6750,354,355
6750,590,591
6751,222,223
6751,315,316
6751,330,331
6751,354,355
6752,234,235
6752,315,316
6752,354,355
6752,590,591
6753,234,235
6753,263,264
6753,354,355
6753,590,591
6754,234,235
6754,315,316
6754,330,331
6754,354,355
6755,149,150
6755,263,264
6755,354,355
6755,357,358
6756,149,150
6756,263,264
6756,354,355
6756,367,368
6757,234,235
6757,263,264
6757,354,355
6757,357,358
6758,234,235
6758,330,331
6758,354,355
6758,357,358
6759,149,150
6759,354,355
6759,367,368
6759,490,491
6760,45,46
6760,250,251
6760,385,386
6760,598,599
6761,89,90
6761,243,244
6761,250,251
6761,282,283
6762,89,90
6762,149,150
6762,250,251
6762,282,283
6763,89,90
6763,149,150
6763,250,251
6763,357,358
6764,45,46
6764,73,74
6764,243,244
6764,250,251
6765,242,243
6765,250,251
6765,385,386
6765,598,599
6766,242,243
6766,250,251
6766,361,362
6766,385,386
6767,45,46
6767,73,74
6767,250,251
6767,598,599
6768,73,74
6768,89,90
6768,243,244
6768,250,251
6769,89,90
6769,227,228
6769,250,251
6769,357,358
6770,73,74
6770,89,90
6770,227,228
6770,250,251
6771,73,74
6771,227,228
6771,250,251
6771,357,358
6772,9,10
6772,44,45
6772,72,73
6772,96,97
6773,9,10
6773,96,97
6773,187,188
6773,246,247
6774,9,10
6774,72,73
6774,96,97
6774,246,247
6775,9,10
6775,81,82
6775,96,97
6775,187,188
6776,9,10
6776,44,45
6776,81,82
6776,96,97
6777,58,59
6777,81,82
6777,96,97
6777,187,188
6778,72,73
6778,96,97
6778,128,129
6778,246,247
6779,44,45
6779,72,73
6779,96,97
6779,128,129
6780,58,59
6780,81,82
6780,96,97
6780,224,225
6781,44,45
6781,81,82
6781,96,97
6781,224,225
6782,96,97
6782,123,124
6782,187,188
6782,246,247
6783,58,59
6783,96,97
6783,123,124
6783,187,188
6784,96,97
6784,123,124
6784,239,240
6784,246,247
6785,96,97
6785,128,129
6785,239,240
6785,246,247
6786,44,45
6786,96,97
6786,128,129
6786,224,225
6787,58,59
6787,96,97
6787,123,124
6787,351,352
6788,58,59
6788,96,97
6788,224,225
6788,351,352
6789,96,97
6789,123,124
6789,239,240
6789,351,352
6790,96,97
6790,224,225
6790,239,240
6790,351,352
6791,96,97
6791,128,129
6791,224,225
6791,239,240
6792,235,236
6792,279,280
6792,343,344
6792,369,370
6793,235,236
6793,279,280
6793,332,333
6793,343,344
6794,235,236
6794,279,280
6794,332,333
6794,491,492
6795,235,236
6795,332,333
6795,343,344
6795,425,426
6796,227,228
6796,235,236
6796,280,281
6796,369,370
6797,227,228
6797,235,236
6797,280,281
6797,425,426
6798,235,236
6798,330,331
6798,332,333
6798,425,426
6799,73,74
6799,227,228
6799,235,236
6799,357,358
6800,235,236
6800,280,281
6800,343,344
6800,369,370
6801,235,236
6801,280,281
6801,343,344
6801,425,426
6802,227,228
6802,235,236
6802,357,358
6802,425,426
6803,235,236
6803,330,331
6803,357,358
6803,425,426
6804,235,236
6804,330,331
6804,332,333
6804,624,625
6805,235,236
6805,332,333
6805,491,492
6805,624,625
6806,73,74
6806,235,236
6806,250,251
6806,357,358
6807,372,373
6807,428,429
6807,438,439
6807,451,452
6808,372,373
6808,373,374
6808,428,429
6808,451,452
6809,268,269
6809,372,373
6809,438,439
6809,451,452
6810,268,269
6810,372,373
6810,373,374
6810,451,452
6811,438,439
6811,451,452
6811,462,463
6811,523,524
6812,428,429
6812,438,439
6812,451,452
6812,462,463
6813,428,429
6813,451,452
6813,462,463
6813,523,524
6814,316,317
6814,373,374
6814,428,429
6814,451,452
6815,316,317
6815,428,429
6815,451,452
6815,523,524
6816,376,377
6816,438,439
6816,451,452
6816,624,625
6817,268,269
6817,376,377
6817,438,439
6817,451,452
6818,438,439
6818,451,452
6818,523,524
6818,624,625
6819,332,333
6819,376,377
6819,451,452
6819,624,625
6820,268,269
6820,332,333
6820,376,377
6820,451,452
6821,279,280
6821,316,317
6821,373,374
6821,451,452
6822,268,269
6822,279,280
6822,373,374
6822,451,452
6823,451,452
6823,491,492
6823,523,524
6823,624,625
6824,316,317
6824,451,452
6824,491,492
6824,523,524
6825,268,269
6825,279,280
6825,332,333
6825,451,452
6826,279,280
6826,316,317
6826,451,452
6826,491,492
6827,332,333
6827,451,452
6827,491,492
6827,624,625
6828,279,280
6828,332,333
6828,451,452
6828,491,492
6829,843,844
6829,953,954
6829,1134,1135
6829,1258,1259
6830,953,954
6830,977,978
6830,1134,1135
6830,1258,1259
6831,977,978
6831,1134,1135
6831,1155,1156
6831,1258,1259
6832,977,978
6832,1155,1156
6832,1258,1259
6832,1271,1272
6833,13,14
6833,277,278
6833,278,279
6833,505,506
6834,13,14
6834,103,104
6834,277,278
6834,278,279
6835,13,14
6835,103,104
6835,187,188
6835,278,279
6836,277,278
6836,278,279
6836,505,506
6836,574,575
6837,103,104
6837,277,278
6837,278,279
6837,590,591
6838,103,104
6838,278,279
6838,305,306
6838,590,591
6839,103,104
6839,187,188
6839,278,279
6839,305,306
6840,278,279
6840,505,506
6840,545,546
6840,574,575
6841,277,278
6841,278,279
6841,574,575
6841,590,591
6842,278,279
6842,305,306
6842,358,359
6842,590,591
6843,187,188
6843,278,279
6843,305,306
6843,358,359
6844,264,265
6844,278,279
6844,545,546
6844,574,575
6845,264,265
6845,278,279
6845,574,575
6845,590,591
6846,264,265
6846,278,279
6846,358,359
6846,590,591
6847,264,265
6847,278,279
6847,358,359
6847,520,521
6848,264,265
6848,278,279
6848,520,521
6848,545,546
6849,531,532
6849,618,619
6849,629,630
6849,704,705
6850,415,416
6850,618,619
6850,629,630
6850,704,705
6851,415,416
6851,629,630
6851,704,705
6851,1032,1033
6852,415,416
6852,527,528
6852,618,619
6852,704,705
6853,415,416
6853,527,528
6853,704,705
6853,1032,1033
6854,394,395
6854,527,528
6854,618,619
6854,704,705
6855,394,395
6855,531,532
6855,618,619
6855,704,705
6856,394,395
6856,527,528
6856,704,705
6856,924,925
6857,527,528
6857,704,705
6857,924,925
6857,1032,1033
6858,394,395
6858,704,705
6858,807,808
6858,924,925
6859,704,705
6859,807,808
6859,818,819
6859,924,925
6860,531,532
6860,629,630
6860,704,705
6860,1028,1029
6861,629,630
6861,692,693
6861,1028,1029
6861,1032,1033
6862,629,630
6862,704,705
6862,1028,1029
6862,1032,1033
6863,704,705
6863,818,819
6863,1028,1029
6863,1032,1033
6864,394,395
6864,731,732
6864,786,787
6864,804,805
6865,394,395
6865,531,532
6865,731,732
6865,804,805
6866,531,532
6866,704,705
6866,731,732
6866,1028,1029
6867,394,395
6867,531,532
6867,704,705
6867,731,732
6868,704,705
6868,731,732
6868,818,819
6868,1028,1029
6869,714,715
6869,731,732
6869,786,787
6869,807,808
6870,394,395
6870,731,732
6870,786,787
6870,807,808
6871,394,395
6871,704,705
6871,731,732
6871,807,808
6872,714,715
6872,731,732
6872,807,808
6872,818,819
6873,704,705
6873,731,732
6873,807,808
6873,818,819
6874,953,954
6874,977,978
6874,1139,1140
6874,1180,1181
6875,841,842
6875,953,954
6875,1139,1140
6875,1180,1181
6876,765,766
6876,818,819
6876,1028,1029
6876,1032,1033
6877,695,696
6877,765,766
6877,818,819
6877,924,925
6878,704,705
6878,765,766
6878,818,819
6878,924,925
6879,704,705
6879,765,766
6879,924,925
6879,1032,1033
6880,704,705
6880,765,766
6880,818,819
6880,1032,1033
6881,695,696
6881,765,766
6881,924,925
6881,1013,1014
6882,695,696
6882,765,766
6882,965,966
6882,1013,1014
6883,1532,1533
6883,1566,1567
6883,1718,1719
6883,1766,1767
6884,1532,1533
6884,1566,1567
6884,1577,1578
6884,1718,1719
6885,1519,1520
6885,1566,1567
6885,1674,1675
6885,1725,1726
6886,1577,1578
6886,1715,1716
6886,1718,1719
6886,1816,1817
6887,1577,1578
6887,1611,1612
6887,1715,1716
6887,1816,1817
6888,1519,1520
6888,1577,1578
6888,1611,1612
6888,1816,1817
6889,1519,1520
6889,1566,1567
6889,1577,1578
6889,1816,1817
6890,1566,1567
6890,1577,1578
6890,1718,1719
6890,1816,1817
6891,1718,1719
6891,1724,1725
6891,1725,1726
6891,1816,1817
6892,1519,1520
6892,1566,1567
6892,1725,1726
6892,1816,1817
6893,1566,1567
6893,1718,1719
6893,1725,1726
6893,1816,1817
6894,1519,1520
6894,1624,1625
6894,1725,1726
6894,1816,1817
6895,1519,1520
6895,1611,1612
6895,1624,1625
6895,1816,1817
6896,1600,1601
6896,1724,1725
6896,1725,1726
6896,1816,1817
6897,1582,1583
6897,1600,1601
6897,1724,1725
6897,1816,1817
6898,1600,1601
6898,1624,1625
6898,1725,1726
6898,1816,1817
6899,1481,1482
6899,1582,1583
6899,1715,1716
6899,1816,1817
6900,1490,1491
6900,1588,1589
6900,1600,1601
6900,1618,1619
6901,1490,1491
6901,1600,1601
6901,1618,1619
6901,1624,1625
6902,1490,1491
6902,1498,1499
6902,1618,1619
6902,1624,1625
6903,1588,1589
6903,1600,1601
6903,1618,1619
6903,1725,1726
6904,1600,1601
6904,1618,1619
6904,1624,1625
6904,1725,1726
6905,1484,1485
6905,1490,1491
6905,1588,1589
6905,1618,1619
6906,1588,1589
6906,1618,1619
6906,1725,1726
6906,1790,1791
6907,1484,1485
6907,1490,1491
6907,1615,1616
6907,1618,1619
6908,1490,1491
6908,1498,1499
6908,1615,1616
6908,1618,1619
6909,1610,1611
6909,1618,1619
6909,1624,1625
6909,1769,1770
6910,1498,1499
6910,1610,1611
6910,1618,1619
6910,1624,1625
6911,1618,1619
6911,1725,1726
6911,1769,1770
6911,1790,1791
6912,1618,1619
6912,1624,1625
6912,1725,1726
6912,1769,1770
6913,1498,1499
6913,1580,1581
6913,1615,1616
6913,1618,1619
6914,1484,1485
6914,1588,1589
6914,1618,1619
6914,1790,1791
6915,1580,1581
6915,1610,1611
6915,1618,1619
6915,1769,1770
6916,1498,1499
6916,1580,1581
6916,1610,1611
6916,1618,1619
6917,1580,1581
6917,1595,1596
6917,1615,1616
6917,1618,1619
6918,1484,1485
6918,1595,1596
6918,1615,1616
6918,1618,1619
6919,1580,1581
6919,1618,1619
6919,1667,1668
6919,1769,1770
6920,1618,1619
6920,1667,1668
6920,1769,1770
6920,1790,1791
6921,1484,1485
6921,1618,1619
6921,1667,1668
6921,1790,1791
6922,1580,1581
6922,1595,1596
6922,1618,1619
6922,1667,1668
6923,1484,1485
6923,1595,1596
6923,1618,1619
6923,1667,1668
6924,1503,1504
6924,1705,1706
6924,1808,1809
6924,1840,1841
6925,1503,1504
6925,1660,1661
6925,1808,1809
6925,1840,1841
6926,1503,1504
6926,1533,1534
6926,1705,1706
6926,1840,1841
6927,1503,1504
6927,1533,1534
6927,1660,1661
6927,1840,1841
6928,1503,1504
6928,1705,1706
6928,1720,1721
6928,1808,1809
6929,1503,1504
6929,1720,1721
6929,1808,1809
6929,1823,1824
6930,1503,1504
6930,1660,1661
6930,1808,1809
6930,1823,1824
6931,1503,1504
6931,1533,1534
6931,1705,1706
6931,1783,1784
6932,1503,1504
6932,1655,1656
6932,1705,1706
6932,1720,1721
6933,1503,1504
6933,1655,1656
6933,1705,1706
6933,1783,1784
6934,1503,1504
6934,1548,1549
6934,1720,1721
6934,1823,1824
6935,1503,1504
6935,1548,1549
6935,1655,1656
6935,1720,1721
6936,1503,1504
6936,1518,1519
6936,1548,1549
6936,1823,1824
6937,1692,1693
6937,1718,1719
6937,1766,1767
6937,1809,1810
6938,1566,1567
6938,1708,1709
6938,1766,1767
6938,1809,1810
6939,1566,1567
6939,1718,1719
6939,1766,1767
6939,1809,1810
6940,1673,1674
6940,1708,1709
6940,1766,1767
6940,1809,1810
6941,1673,1674
6941,1692,1693
6941,1766,1767
6941,1809,1810
6942,1692,1693
6942,1718,1719
6942,1725,1726
6942,1809,1810
6943,1566,1567
6943,1674,1675
6943,1708,1709
6943,1809,1810
6944,1673,1674
6944,1708,1709
6944,1735,1736
6944,1809,1810
6945,1673,1674
6945,1692,1693
6945,1735,1736
6945,1809,1810
6946,1566,1567
6946,1718,1719
6946,1725,1726
6946,1809,1810
6947,1566,1567
6947,1674,1675
6947,1725,1726
6947,1809,1810
6948,1674,1675
6948,1725,1726
6948,1790,1791
6948,1809,1810
6949,1692,1693
6949,1735,1736
6949,1794,1795
6949,1809,1810
6950,1692,1693
6950,1725,1726
6950,1790,1791
6950,1809,1810
6951,1692,1693
6951,1790,1791
6951,1794,1795
6951,1809,1810
6952,1529,1530
6952,1674,1675
6952,1708,1709
6952,1809,1810
6953,1529,1530
6953,1674,1675
6953,1790,1791
6953,1809,1810
6954,1529,1530
6954,1708,1709
6954,1804,1805
6954,1809,1810
6955,1708,1709
6955,1735,1736
6955,1804,1805
6955,1809,1810
6956,1529,1530
6956,1652,1653
6956,1790,1791
6956,1809,1810
6957,1652,1653
6957,1790,1791
6957,1794,1795
6957,1809,1810
6958,1529,1530
6958,1652,1653
6958,1804,1805
6958,1809,1810
6959,1652,1653
6959,1735,1736
6959,1804,1805
6959,1809,1810
6960,1652,1653
6960,1735,1736
6960,1794,1795
6960,1809,1810
6961,1533,1534
6961,1677,1678
6961,1692,1693
6961,1799,1800
6962,1660,1661
6962,1677,1678
6962,1692,1693
6962,1724,1725
6963,1533,1534
6963,1660,1661
6963,1677,1678
6963,1692,1693
6964,1677,1678
6964,1692,1693
6964,1718,1719
6964,1724,1725
6965,1677,1678
6965,1692,1693
6965,1718,1719
6965,1799,1800
6966,1582,1583
6966,1660,1661
6966,1677,1678
6966,1724,1725
6967,1677,1678
6967,1715,1716
6967,1718,1719
6967,1799,1800
6968,1582,1583
6968,1677,1678
6968,1724,1725
6968,1816,1817
6969,1582,1583
6969,1677,1678
6969,1715,1716
6969,1816,1817
6970,1481,1482
6970,1582,1583
6970,1677,1678
6970,1715,1716
6971,1677,1678
6971,1718,1719
6971,1724,1725
6971,1816,1817
6972,1677,1678
6972,1715,1716
6972,1718,1719
6972,1816,1817
6973,1481,1482
6973,1662,1663
6973,1677,1678
6973,1715,1716
6974,1662,1663
6974,1677,1678
6974,1693,1694
6974,1715,1716
6975,1662,1663
6975,1677,1678
6975,1693,1694
6975,1799,1800
6976,1677,1678
6976,1693,1694
6976,1715,1716
6976,1799,1800
6977,1533,1534
6977,1662,1663
6977,1677,1678
6977,1801,1802
6978,1662,1663
6978,1677,1678
6978,1799,1800
6978,1801,1802
6979,1533,1534
6979,1677,1678
6979,1799,1800
6979,1801,1802
6980,703,704
6980,736,737
6980,759,760
6980,814,815
6981,670,671
6981,975,976
6981,986,987
6981,1193,1194
6982,811,812
6982,921,922
6982,986,987
6982,1193,1194
6983,811,812
6983,975,976
6983,986,987
6983,1193,1194
6984,743,744
6984,811,812
6984,856,857
6984,863,864
6985,811,812
6985,856,857
6985,863,864
6985,921,922
6986,672,673
6986,811,812
6986,975,976
6986,1193,1194
6987,743,744
6987,811,812
6987,863,864
6987,955,956
6988,672,673
6988,811,812
6988,983,984
6988,1193,1194
6989,811,812
6989,921,922
6989,983,984
6989,1193,1194
6990,679,680
6990,743,744
6990,811,812
6990,955,956
6991,679,680
6991,811,812
6991,955,956
6991,975,976
6992,672,673
6992,811,812
6992,863,864
6992,955,956
6993,672,673
6993,811,812
6993,955,956
6993,975,976
6994,672,673
6994,811,812
6994,863,864
6994,983,984
6995,811,812
6995,863,864
6995,921,922
6995,983,984
6996,670,671
6996,811,812
6996,975,976
6996,986,987
6997,906,907
6997,1030,1031
6997,1126,1127
6997,1272,1273
6998,906,907
6998,1030,1031
6998,1045,1046
6998,1126,1127
6999,906,907
6999,916,917
6999,1030,1031
6999,1272,1273
7000,906,907
7000,966,967
7000,1126,1127
7000,1272,1273
7001,906,907
7001,966,967
7001,1045,1046
7001,1126,1127
7002,824,825
7002,906,907
7002,1030,1031
7002,1045,1046
7003,906,907
7003,916,917
7003,957,958
7003,1272,1273
7004,906,907
7004,966,967
7004,1243,1244
7004,1272,1273
7005,906,907
7005,957,958
7005,966,967
7005,1243,1244
7006,906,907
7006,957,958
7006,1243,1244
7006,1272,1273
7007,683,684
7007,906,907
7007,966,967
7007,1045,1046
7008,466,467
7008,619,620
7008,754,755
7008,779,780
7009,554,555
7009,619,620
7009,779,780
7009,932,933
7010,466,467
7010,554,555
7010,619,620
7010,779,780
7011,447,448
7011,554,555
7011,619,620
7011,932,933
7012,447,448
7012,619,620
7012,669,670
7012,932,933
7013,399,400
7013,466,467
7013,619,620
7013,777,778
7014,399,400
7014,466,467
7014,554,555
7014,619,620
7015,384,385
7015,447,448
7015,554,555
7015,619,620
7016,447,448
7016,540,541
7016,619,620
7016,669,670
7017,384,385
7017,399,400
7017,619,620
7017,777,778
7018,384,385
7018,399,400
7018,554,555
7018,619,620
7019,384,385
7019,447,448
7019,540,541
7019,619,620
7020,384,385
7020,540,541
7020,619,620
7020,777,778
7021,736,737
7021,995,996
7021,1062,1063
7021,1208,1209
7022,654,655
7022,995,996
7022,1015,1016
7022,1208,1209
7023,654,655
7023,736,737
7023,995,996
7023,1208,1209
7024,892,893
7024,1015,1016
7024,1035,1036
7024,1208,1209
7025,654,655
7025,1015,1016
7025,1035,1036
7025,1208,1209
7026,654,655
7026,736,737
7026,1035,1036
7026,1208,1209
7027,959,960
7027,995,996
7027,1015,1016
7027,1208,1209
7028,892,893
7028,959,960
7028,1015,1016
7028,1208,1209
7029,892,893
7029,959,960
7029,1208,1209
7029,1231,1232
7030,1004,1005
7030,1059,1060
7030,1093,1094
7030,1149,1150
7031,940,941
7031,1004,1005
7031,1059,1060
7031,1149,1150
7032,1004,1005
7032,1093,1094
7032,1121,1122
7032,1149,1150
7033,848,849
7033,1004,1005
7033,1093,1094
7033,1224,1225
7034,848,849
7034,1004,1005
7034,1059,1060
7034,1093,1094
7035,1004,1005
7035,1093,1094
7035,1224,1225
7035,1259,1260
7036,1004,1005
7036,1224,1225
7036,1234,1235
7036,1259,1260
7037,1004,1005
7037,1093,1094
7037,1121,1122
7037,1176,1177
7038,874,875
7038,1004,1005
7038,1129,1130
7038,1234,1235
7039,869,870
7039,874,875
7039,1004,1005
7039,1048,1049
7040,869,870
7040,940,941
7040,1004,1005
7040,1048,1049
7041,1004,1005
7041,1093,1094
7041,1176,1177
7041,1259,1260
7042,1004,1005
7042,1176,1177
7042,1234,1235
7042,1259,1260
7043,1004,1005
7043,1121,1122
7043,1129,1130
7043,1176,1177
7044,1004,1005
7044,1129,1130
7044,1176,1177
7044,1234,1235
7045,883,884
7045,1066,1067
7045,1084,1085
7045,1263,1264
7046,1066,1067
7046,1112,1113
7046,1263,1264
7046,1385,1386
7047,883,884
7047,1066,1067
7047,1263,1264
7047,1385,1386
7048,883,884
7048,1066,1067
7048,1112,1113
7048,1385,1386
7049,893,894
7049,1066,1067
7049,1187,1188
7049,1263,1264
7050,893,894
7050,1066,1067
7050,1154,1155
7050,1240,1241
7051,857,858
7051,1066,1067
7051,1154,1155
7051,1240,1241
7052,857,858
7052,1066,1067
7052,1112,1113
7052,1154,1155
7053,857,858
7053,962,963
7053,1066,1067
7053,1112,1113
7054,883,884
7054,962,963
7054,1066,1067
7054,1112,1113
7055,893,894
7055,1066,1067
7055,1159,1160
7055,1263,1264
7056,893,894
7056,1066,1067
7056,1154,1155
7056,1159,1160
7057,1066,1067
7057,1112,1113
7057,1159,1160
7057,1263,1264
7058,1066,1067
7058,1112,1113
7058,1154,1155
7058,1159,1160
7059,1297,1298
7059,1306,1307
7059,1415,1416
7059,1553,1554
7060,1297,1298
7060,1356,1357
7060,1415,1416
7060,1553,1554
7061,1356,1357
7061,1415,1416
7061,1553,1554
7061,1611,1612
7062,1297,1298
7062,1356,1357
7062,1415,1416
7062,1442,1443
7063,1415,1416
7063,1554,1555
7063,1611,1612
7063,1624,1625
7064,1317,1318
7064,1415,1416
7064,1554,1555
7064,1624,1625
7065,1392,1393
7065,1415,1416
7065,1554,1555
7065,1611,1612
7066,1392,1393
7066,1415,1416
7066,1553,1554
7066,1611,1612
7067,1317,1318
7067,1330,1331
7067,1554,1555
7067,1610,1611
7068,1306,1307
7068,1330,1331
7068,1415,1416
7068,1554,1555
7069,1317,1318
7069,1330,1331
7069,1415,1416
7069,1554,1555
7070,1124,1125
7070,1150,1151
7070,1349,1350
7070,1412,1413
7071,1124,1125
7071,1150,1151
7071,1319,1320
7071,1412,1413
7072,1150,1151
7072,1203,1204
7072,1218,1219
7072,1446,1447
7073,1150,1151
7073,1203,1204
7073,1218,1219
7073,1354,1355
7074,1150,1151
7074,1273,1274
7074,1354,1355
7074,1417,1418
7075,1124,1125
7075,1150,1151
7075,1349,1350
7075,1407,1408
7076,1124,1125
7076,1150,1151
7076,1407,1408
7076,1446,1447
7077,1150,1151
7077,1349,1350
7077,1384,1385
7077,1407,1408
7078,1150,1151
7078,1218,1219
7078,1349,1350
7078,1384,1385
7079,1150,1151
7079,1218,1219
7079,1384,1385
7079,1407,1408
7080,1150,1151
7080,1153,1154
7080,1407,1408
7080,1446,1447
7081,1150,1151
7081,1153,1154
7081,1218,1219
7081,1407,1408
7082,1150,1151
7082,1153,1154
7082,1218,1219
7082,1446,1447
7083,1273,1274
7083,1354,1355
7083,1357,1358
7083,1570,1571
7084,1354,1355
7084,1357,1358
7084,1383,1384
7084,1570,1571
7085,1273,1274
7085,1287,1288
7085,1357,1358
7085,1570,1571
7086,1287,1288
7086,1357,1358
7086,1383,1384
7086,1570,1571
7087,1287,1288
7087,1357,1358
7087,1383,1384
7087,1508,1509
7088,1150,1151
7088,1273,1274
7088,1354,1355
7088,1357,1358
7089,1287,1288
7089,1357,1358
7089,1508,1509
7089,1523,1524
7090,1273,1274
7090,1287,1288
7090,1357,1358
7090,1523,1524
7091,1273,1274
7091,1319,1320
7091,1357,1358
7091,1523,1524
7092,1150,1151
7092,1273,1274
7092,1319,1320
7092,1357,1358
7093,1303,1304
7093,1319,1320
7093,1357,1358
7093,1523,1524
7094,1357,1358
7094,1380,1381
7094,1383,1384
7094,1508,1509
7095,1303,1304
7095,1349,1350
7095,1357,1358
7095,1412,1413
7096,1303,1304
7096,1319,1320
7096,1357,1358
7096,1412,1413
7097,1150,1151
7097,1349,1350
7097,1357,1358
7097,1412,1413
7098,1150,1151
7098,1319,1320
7098,1357,1358
7098,1412,1413
7099,1303,1304
7099,1357,1358
7099,1523,1524
7099,1601,1602
7100,1357,1358
7100,1508,1509
7100,1523,1524
7100,1601,1602
7101,1357,1358
7101,1380,1381
7101,1531,1532
7101,1636,1637
7102,1349,1350
7102,1357,1358
7102,1531,1532
7102,1636,1637
7103,1303,1304
7103,1349,1350
7103,1357,1358
7103,1636,1637
7104,1303,1304
7104,1357,1358
7104,1601,1602
7104,1636,1637
7105,1357,1358
7105,1508,1509
7105,1601,1602
7105,1636,1637
7106,1357,1358
7106,1380,1381
7106,1521,1522
7106,1636,1637
7107,1357,1358
7107,1380,1381
7107,1508,1509
7107,1521,1522
7108,1357,1358
7108,1508,1509
7108,1521,1522
7108,1636,1637
7109,1383,1384
7109,1391,1392
7109,1403,1404
7109,1623,1624
7110,1383,1384
7110,1391,1392
7110,1403,1404
7110,1511,1512
7111,1287,1288
7111,1383,1384
7111,1403,1404
7111,1508,1509
7112,1383,1384
7112,1403,1404
7112,1508,1509
7112,1623,1624
7113,1403,1404
7113,1548,1549
7113,1593,1594
7113,1623,1624
7114,1403,1404
7114,1518,1519
7114,1548,1549
7114,1623,1624
7115,1287,1288
7115,1403,1404
7115,1511,1512
7115,1570,1571
7116,1287,1288
7116,1383,1384
7116,1403,1404
7116,1570,1571
7117,1383,1384
7117,1403,1404
7117,1511,1512
7117,1570,1571
7118,1287,1288
7118,1403,1404
7118,1508,1509
7118,1518,1519
7119,1403,1404
7119,1508,1509
7119,1518,1519
7119,1623,1624
7120,1391,1392
7120,1403,1404
7120,1511,1512
7120,1593,1594
7121,1391,1392
7121,1403,1404
7121,1520,1521
7121,1623,1624
7122,1391,1392
7122,1403,1404
7122,1520,1521
7122,1593,1594
7123,1403,1404
7123,1520,1521
7123,1593,1594
7123,1623,1624
7124,1403,1404
7124,1511,1512
7124,1593,1594
7124,1710,1711
7125,1403,1404
7125,1548,1549
7125,1593,1594
7125,1710,1711
7126,1287,1288
7126,1403,1404
7126,1518,1519
7126,1823,1824
7127,1287,1288
7127,1403,1404
7127,1710,1711
7127,1823,1824
7128,1287,1288
7128,1351,1352
7128,1403,1404
7128,1710,1711
7129,1287,1288
7129,1351,1352
7129,1403,1404
7129,1511,1512
7130,1351,1352
7130,1403,1404
7130,1511,1512
7130,1710,1711
7131,1403,1404
7131,1518,1519
7131,1548,1549
7131,1823,1824
7132,1403,1404
7132,1548,1549
7132,1710,1711
7132,1823,1824
7133,1510,1511
7133,1558,1559
7133,1592,1593
7133,1808,1809
7134,1510,1511
7134,1558,1559
7134,1808,1809
7134,1823,1824
7135,1447,1448
7135,1524,1525
7135,1558,1559
7135,1723,1724
7136,1534,1535
7136,1558,1559
7136,1592,1593
7136,1808,1809
7137,1524,1525
7137,1534,1535
7137,1558,1559
7137,1592,1593
7138,1534,1535
7138,1558,1559
7138,1723,1724
7138,1808,1809
7139,1524,1525
7139,1534,1535
7139,1558,1559
7139,1723,1724
7140,1558,1559
7140,1660,1661
7140,1723,1724
7140,1823,1824
7141,1558,1559
7141,1660,1661
7141,1808,1809
7141,1823,1824
7142,1558,1559
7142,1660,1661
7142,1723,1724
7142,1808,1809
7143,1477,1478
7143,1524,1525
7143,1558,1559
7143,1592,1593
7144,1351,1352
7144,1447,1448
7144,1477,1478
7144,1558,1559
7145,1447,1448
7145,1477,1478
7145,1524,1525
7145,1558,1559
7146,1477,1478
7146,1558,1559
7146,1592,1593
7146,1612,1613
7147,1477,1478
7147,1510,1511
7147,1558,1559
7147,1612,1613
7148,1510,1511
7148,1558,1559
7148,1592,1593
7148,1612,1613
7149,1351,1352
7149,1477,1478
7149,1558,1559
7149,1710,1711
7150,1477,1478
7150,1510,1511
7150,1558,1559
7150,1710,1711
7151,1351,1352
7151,1558,1559
7151,1710,1711
7151,1823,1824
7152,1510,1511
7152,1558,1559
7152,1710,1711
7152,1823,1824
7153,1507,1508
7153,1558,1559
7153,1723,1724
7153,1823,1824
7154,1351,1352
7154,1507,1508
7154,1558,1559
7154,1823,1824
7155,1447,1448
7155,1507,1508
7155,1558,1559
7155,1723,1724
7156,1351,1352
7156,1447,1448
7156,1507,1508
7156,1558,1559
7157,1516,1517
7157,1538,1539
7157,1605,1606
7157,1792,1793
7158,1516,1517
7158,1584,1585
7158,1602,1603
7158,1798,1799
7159,1516,1517
7159,1536,1537
7159,1602,1603
7159,1798,1799
7160,1516,1517
7160,1538,1539
7160,1584,1585
7160,1612,1613
7161,1516,1517
7161,1538,1539
7161,1605,1606
7161,1612,1613
7162,1516,1517
7162,1584,1585
7162,1602,1603
7162,1637,1638
7163,1516,1517
7163,1584,1585
7163,1612,1613
7163,1637,1638
7164,1516,1517
7164,1605,1606
7164,1612,1613
7164,1637,1638
7165,1514,1515
7165,1516,1517
7165,1536,1537
7165,1539,1540
7166,1514,1515
7166,1516,1517
7166,1536,1537
7166,1792,1793
7167,1514,1515
7167,1516,1517
7167,1605,1606
7167,1792,1793
7168,1516,1517
7168,1539,1540
7168,1602,1603
7168,1637,1638
7169,1516,1517
7169,1536,1537
7169,1539,1540
7169,1602,1603
7170,1302,1303
7170,1516,1517
7170,1605,1606
7170,1637,1638
7171,1302,1303
7171,1516,1517
7171,1539,1540
7171,1637,1638
7172,1302,1303
7172,1514,1515
7172,1516,1517
7172,1605,1606
7173,1302,1303
7173,1514,1515
7173,1516,1517
7173,1539,1540
7174,1491,1492
7174,1666,1667
7174,1743,1744
7174,1748,1749
7175,1491,1492
7175,1666,1667
7175,1748,1749
7175,1812,1813
7176,1491,1492
7176,1743,1744
7176,1748,1749
7176,1792,1793
7177,1491,1492
7177,1585,1586
7177,1743,1744
7177,1792,1793
7178,1491,1492
7178,1536,1537
7178,1585,1586
7178,1792,1793
7179,1491,1492
7179,1516,1517
7179,1536,1537
7179,1792,1793
7180,1491,1492
7180,1536,1537
7180,1585,1586
7180,1798,1799
7181,1491,1492
7181,1516,1517
7181,1536,1537
7181,1798,1799
7182,1491,1492
7182,1538,1539
7182,1748,1749
7182,1812,1813
7183,1491,1492
7183,1538,1539
7183,1748,1749
7183,1792,1793
7184,1491,1492
7184,1516,1517
7184,1538,1539
7184,1792,1793
7185,1491,1492
7185,1666,1667
7185,1807,1808
7185,1812,1813
7186,1491,1492
7186,1798,1799
7186,1807,1808
7186,1812,1813
7187,1491,1492
7187,1584,1585
7187,1798,1799
7187,1812,1813
7188,1491,1492
7188,1516,1517
7188,1584,1585
7188,1798,1799
7189,1491,1492
7189,1538,1539
7189,1584,1585
7189,1812,1813
7190,1491,1492
7190,1516,1517
7190,1538,1539
7190,1584,1585
7191,1585,1586
7191,1695,1696
7191,1706,1707
7191,1795,1796
7192,1585,1586
7192,1695,1696
7192,1743,1744
7192,1795,1796
7193,1695,1696
7193,1737,1738
7193,1793,1794
7193,1795,1796
7194,1695,1696
7194,1706,1707
7194,1793,1794
7194,1795,1796
7195,1691,1692
7195,1695,1696
7195,1737,1738
7195,1793,1794
7196,1585,1586
7196,1695,1696
7196,1706,1707
7196,1798,1799
7197,1491,1492
7197,1666,1667
7197,1695,1696
7197,1743,1744
7198,1491,1492
7198,1585,1586
7198,1695,1696
7198,1743,1744
7199,1691,1692
7199,1694,1695
7199,1695,1696
7199,1737,1738
7200,1666,1667
7200,1694,1695
7200,1695,1696
7200,1737,1738
7201,1666,1667
7201,1691,1692
7201,1694,1695
7201,1695,1696
7202,1491,1492
7202,1585,1586
7202,1695,1696
7202,1798,1799
7203,1666,1667
7203,1691,1692
7203,1695,1696
7203,1807,1808
7204,1691,1692
7204,1695,1696
7204,1798,1799
7204,1807,1808
7205,1491,1492
7205,1666,1667
7205,1695,1696
7205,1807,1808
7206,1491,1492
7206,1695,1696
7206,1798,1799
7206,1807,1808
7207,1482,1483
7207,1513,1514
7207,1717,1718
7207,1798,1799
7208,1482,1483
7208,1513,1514
7208,1706,1707
7208,1717,1718
7209,1513,1514
7209,1706,1707
7209,1717,1718
7209,1798,1799
7210,1482,1483
7210,1707,1708
7210,1717,1718
7210,1842,1843
7211,1482,1483
7211,1706,1707
7211,1707,1708
7211,1717,1718
7212,1706,1707
7212,1707,1708
7212,1717,1718
7212,1842,1843
7213,1482,1483
7213,1638,1639
7213,1717,1718
7213,1798,1799
7214,1706,1707
7214,1717,1718
7214,1793,1794
7214,1842,1843
7215,1691,1692
7215,1695,1696
7215,1717,1718
7215,1798,1799
7216,1695,1696
7216,1706,1707
7216,1717,1718
7216,1798,1799
7217,1493,1494
7217,1638,1639
7217,1717,1718
7217,1797,1798
7218,1493,1494
7218,1638,1639
7218,1717,1718
7218,1798,1799
7219,1691,1692
7219,1717,1718
7219,1741,1742
7219,1797,1798
7220,1493,1494
7220,1691,1692
7220,1717,1718
7220,1797,1798
7221,1493,1494
7221,1691,1692
7221,1717,1718
7221,1798,1799
7222,1717,1718
7222,1741,1742
7222,1793,1794
7222,1842,1843
7223,1691,1692
7223,1717,1718
7223,1741,1742
7223,1793,1794
7224,1691,1692
7224,1695,1696
7224,1717,1718
7224,1793,1794
7225,1695,1696
7225,1706,1707
7225,1717,1718
7225,1793,1794
7226,1076,1077
7226,1082,1083
7226,1329,1330
7226,1435,1436
7227,1076,1077
7227,1170,1171
7227,1329,1330
7227,1435,1436
7228,1076,1077
7228,1170,1171
7228,1216,1217
7228,1435,1436
7229,1076,1077
7229,1216,1217
7229,1236,1237
7229,1435,1436
7230,1082,1083
7230,1087,1088
7230,1329,1330
7230,1435,1436
7231,1087,1088
7231,1170,1171
7231,1329,1330
7231,1435,1436
7232,1170,1171
7232,1198,1199
7232,1216,1217
7232,1435,1436
7233,1198,1199
7233,1216,1217
7233,1236,1237
7233,1435,1436
7234,1170,1171
7234,1198,1199
7234,1376,1377
7234,1435,1436
7235,1198,1199
7235,1399,1400
7235,1435,1436
7235,1471,1472
7236,1198,1199
7236,1376,1377
7236,1435,1436
7236,1471,1472
7237,1376,1377
7237,1399,1400
7237,1435,1436
7237,1471,1472
7238,1020,1021
7238,1076,1077
7238,1186,1187
7238,1220,1221
7239,1076,1077
7239,1082,1083
7239,1186,1187
7239,1220,1221
7240,1020,1021
7240,1076,1077
7240,1220,1221
7240,1233,1234
7241,1020,1021
7241,1220,1221
7241,1233,1234
7241,1236,1237
7242,1076,1077
7242,1220,1221
7242,1233,1234
7242,1236,1237
7243,1076,1077
7243,1082,1083
7243,1220,1221
7243,1435,1436
7244,1076,1077
7244,1220,1221
7244,1236,1237
7244,1435,1436
7245,1020,1021
7245,1071,1072
7245,1186,1187
7245,1220,1221
7246,1071,1072
7246,1082,1083
7246,1186,1187
7246,1220,1221
7247,1020,1021
7247,1220,1221
7247,1236,1237
7247,1250,1251
7248,1084,1085
7248,1220,1221
7248,1236,1237
7248,1250,1251
7249,1020,1021
7249,1071,1072
7249,1201,1202
7249,1220,1221
7250,883,884
7250,1020,1021
7250,1201,1202
7250,1220,1221
7251,883,884
7251,1071,1072
7251,1201,1202
7251,1220,1221
7252,883,884
7252,1020,1021
7252,1220,1221
7252,1250,1251
7253,883,884
7253,1084,1085
7253,1220,1221
7253,1250,1251
7254,1337,1338
7254,1368,1369
7254,1598,1599
7254,1620,1621
7255,1337,1338
7255,1368,1369
7255,1375,1376
7255,1620,1621
7256,1368,1369
7256,1594,1595
7256,1598,1599
7256,1620,1621
7257,1368,1369
7257,1375,1376
7257,1594,1595
7257,1620,1621
7258,1359,1360
7258,1368,1369
7258,1594,1595
7258,1598,1599
7259,1359,1360
7259,1368,1369
7259,1375,1376
7259,1594,1595
7260,1337,1338
7260,1368,1369
7260,1456,1457
7260,1598,1599
7261,1336,1337
7261,1337,1338
7261,1368,1369
7261,1456,1457
7262,1359,1360
7262,1368,1369
7262,1540,1541
7262,1598,1599
7263,1337,1338
7263,1368,1369
7263,1375,1376
7263,1418,1419
7264,1368,1369
7264,1456,1457
7264,1540,1541
7264,1598,1599
7265,1336,1337
7265,1368,1369
7265,1456,1457
7265,1540,1541
7266,1359,1360
7266,1368,1369
7266,1382,1383
7266,1540,1541
7267,1336,1337
7267,1368,1369
7267,1382,1383
7267,1540,1541
7268,1346,1347
7268,1368,1369
7268,1375,1376
7268,1418,1419
7269,1337,1338
7269,1368,1369
7269,1400,1401
7269,1418,1419
7270,1346,1347
7270,1368,1369
7270,1400,1401
7270,1418,1419
7271,1336,1337
7271,1337,1338
7271,1368,1369
7271,1400,1401
7272,1336,1337
7272,1346,1347
7272,1368,1369
7272,1400,1401
7273,1316,1317
7273,1421,1422
7273,1454,1455
7273,1486,1487
7274,1316,1317
7274,1430,1431
7274,1454,1455
7274,1486,1487
7275,1279,1280
7275,1316,1317
7275,1430,1431
7275,1454,1455
7276,1232,1233
7276,1279,1280
7276,1316,1317
7276,1430,1431
7277,1232,1233
7277,1274,1275
7277,1316,1317
7277,1377,1378
7278,1232,1233
7278,1274,1275
7278,1316,1317
7278,1430,1431
7279,886,887
7279,1199,1200
7279,1224,1225
7279,1227,1228
7280,997,998
7280,1199,1200
7280,1224,1225
7280,1227,1228
7281,886,887
7281,958,959
7281,1194,1195
7281,1227,1228
7282,886,887
7282,958,959
7282,1199,1200
7282,1227,1228
7283,997,998
7283,999,1000
7283,1019,1020
7283,1227,1228
7284,958,959
7284,1009,1010
7284,1194,1195
7284,1227,1228
7285,958,959
7285,1009,1010
7285,1019,1020
7285,1227,1228
7286,886,887
7286,908,909
7286,1194,1195
7286,1227,1228
7287,1003,1004
7287,1024,1025
7287,1141,1142
7287,1280,1281
7288,1003,1004
7288,1024,1025
7288,1116,1117
7288,1141,1142
7289,1024,1025
7289,1141,1142
7289,1151,1152
7289,1280,1281
7290,1024,1025
7290,1135,1136
7290,1151,1152
7290,1280,1281
7291,1024,1025
7291,1135,1136
7291,1141,1142
7291,1151,1152
7292,1024,1025
7292,1135,1136
7292,1174,1175
7292,1280,1281
7293,1003,1004
7293,1024,1025
7293,1174,1175
7293,1280,1281
7294,928,929
7294,997,998
7294,1024,1025
7294,1135,1136
7295,928,929
7295,1024,1025
7295,1135,1136
7295,1141,1142
7296,997,998
7296,1024,1025
7296,1135,1136
7296,1174,1175
7297,1003,1004
7297,1024,1025
7297,1116,1117
7297,1219,1220
7298,1019,1020
7298,1024,1025
7298,1116,1117
7298,1219,1220
7299,849,850
7299,1003,1004
7299,1024,1025
7299,1174,1175
7300,849,850
7300,1003,1004
7300,1024,1025
7300,1219,1220
7301,849,850
7301,1019,1020
7301,1024,1025
7301,1219,1220
7302,997,998
7302,1024,1025
7302,1174,1175
7302,1247,1248
7303,849,850
7303,1024,1025
7303,1174,1175
7303,1247,1248
7304,997,998
7304,1019,1020
7304,1024,1025
7304,1247,1248
7305,849,850
7305,1019,1020
7305,1024,1025
7305,1247,1248
7306,650,651
7306,910,911
7306,985,986
7306,1095,1096
7307,650,651
7307,834,835
7307,903,904
7307,985,986
7308,650,651
7308,834,835
7308,985,986
7308,1095,1096
7309,834,835
7309,903,904
7309,985,986
7309,1095,1096
7310,903,904
7310,984,985
7310,985,986
7310,1009,1010
7311,650,651
7311,903,904
7311,984,985
7311,985,986
7312,903,904
7312,985,986
7312,999,1000
7312,1095,1096
7313,908,909
7313,910,911
7313,985,986
7313,1194,1195
7314,908,909
7314,910,911
7314,985,986
7314,1095,1096
7315,728,729
7315,984,985
7315,985,986
7315,1009,1010
7316,650,651
7316,728,729
7316,984,985
7316,985,986
7317,728,729
7317,985,986
7317,1009,1010
7317,1194,1195
7318,728,729
7318,910,911
7318,985,986
7318,1194,1195
7319,908,909
7319,985,986
7319,999,1000
7319,1095,1096
7320,650,651
7320,728,729
7320,875,876
7320,985,986
7321,650,651
7321,875,876
7321,910,911
7321,985,986
7322,728,729
7322,875,876
7322,910,911
7322,985,986
7323,985,986
7323,1009,1010
7323,1194,1195
7323,1227,1228
7324,908,909
7324,985,986
7324,1194,1195
7324,1227,1228
7325,908,909
7325,985,986
7325,999,1000
7325,1227,1228
7326,903,904
7326,985,986
7326,1009,1010
7326,1019,1020
7327,985,986
7327,1009,1010
7327,1019,1020
7327,1227,1228
7328,903,904
7328,985,986
7328,999,1000
7328,1019,1020
7329,985,986
7329,999,1000
7329,1019,1020
7329,1227,1228
7330,888,889
7330,1082,1083
7330,1141,1142
7330,1205,1206
7331,888,889
7331,928,929
7331,1141,1142
7331,1205,1206
7332,888,889
7332,928,929
7332,1199,1200
7332,1205,1206
7333,888,889
7333,1071,1072
7333,1082,1083
7333,1205,1206
7334,888,889
7334,1071,1072
7334,1199,1200
7334,1205,1206
7335,888,889
7335,928,929
7335,1024,1025
7335,1141,1142
7336,888,889
7336,958,959
7336,1071,1072
7336,1082,1083
7337,888,889
7337,958,959
7337,1071,1072
7337,1199,1200
7338,888,889
7338,1082,1083
7338,1116,1117
7338,1141,1142
7339,888,889
7339,1024,1025
7339,1116,1117
7339,1141,1142
7340,888,889
7340,1019,1020
7340,1024,1025
7340,1116,1117
7341,888,889
7341,928,929
7341,997,998
7341,1199,1200
7342,888,889
7342,997,998
7342,1199,1200
7342,1227,1228
7343,888,889
7343,928,929
7343,997,998
7343,1024,1025
7344,888,889
7344,958,959
7344,1199,1200
7344,1227,1228
7345,888,889
7345,958,959
7345,1019,1020
7345,1227,1228
7346,888,889
7346,997,998
7346,1019,1020
7346,1227,1228
7347,888,889
7347,997,998
7347,1019,1020
7347,1024,1025
7348,888,889
7348,1011,1012
7348,1019,1020
7348,1116,1117
7349,888,889
7349,958,959
7349,1011,1012
7349,1019,1020
7350,888,889
7350,1082,1083
7350,1116,1117
7350,1186,1187
7351,888,889
7351,1011,1012
7351,1116,1117
7351,1186,1187
7352,888,889
7352,958,959
7352,1082,1083
7352,1186,1187
7353,888,889
7353,958,959
7353,1011,1012
7353,1186,1187
7354,717,718
7354,724,725
7354,846,847
7354,879,880
7355,724,725
7355,735,736
7355,846,847
7355,879,880
7356,724,725
7356,735,736
7356,826,827
7356,879,880
7357,826,827
7357,855,856
7357,879,880
7357,1013,1014
7358,735,736
7358,826,827
7358,855,856
7358,879,880
7359,879,880
7359,965,966
7359,1013,1014
7359,1033,1034
7360,735,736
7360,879,880
7360,950,951
7360,1033,1034
7361,735,736
7361,846,847
7361,879,880
7361,950,951
7362,855,856
7362,879,880
7362,1013,1014
7362,1033,1034
7363,735,736
7363,855,856
7363,879,880
7363,1033,1034
7364,658,659
7364,989,990
7364,993,994
7364,1057,1058
7365,764,765
7365,901,902
7365,922,923
7365,1057,1058
7366,810,811
7366,901,902
7366,922,923
7366,1057,1058
7367,658,659
7367,917,918
7367,993,994
7367,1057,1058
7368,810,811
7368,901,902
7368,979,980
7368,1057,1058
7369,764,765
7369,917,918
7369,922,923
7369,1057,1058
7370,658,659
7370,764,765
7370,917,918
7370,1057,1058
7371,810,811
7371,902,903
7371,922,923
7371,1057,1058
7372,902,903
7372,917,918
7372,922,923
7372,1057,1058
7373,902,903
7373,917,918
7373,993,994
7373,1057,1058
7374,902,903
7374,993,994
7374,1012,1013
7374,1057,1058
7375,989,990
7375,993,994
7375,1012,1013
7375,1057,1058
7376,810,811
7376,979,980
7376,1012,1013
7376,1057,1058
7377,810,811
7377,902,903
7377,1012,1013
7377,1057,1058
7378,979,980
7378,989,990
7378,1012,1013
7378,1057,1058
7379,993,994
7379,1160,1161
7379,1223,1224
7379,1252,1253
7380,850,851
7380,1160,1161
7380,1223,1224
7380,1252,1253
7381,850,851
7381,1136,1137
7381,1223,1224
7381,1252,1253
7382,850,851
7382,1020,1021
7382,1160,1161
7382,1252,1253
7383,989,990
7383,1136,1137
7383,1223,1224
7383,1252,1253
7384,989,990
7384,993,994
7384,1223,1224
7384,1252,1253
7385,989,990
7385,1012,1013
7385,1136,1137
7385,1252,1253
7386,989,990
7386,993,994
7386,1012,1013
7386,1252,1253
7387,850,851
7387,1020,1021
7387,1111,1112
7387,1252,1253
7388,850,851
7388,1111,1112
7388,1136,1137
7388,1252,1253
7389,1020,1021
7389,1160,1161
7389,1201,1202
7389,1252,1253
7390,993,994
7390,1025,1026
7390,1160,1161
7390,1252,1253
7391,978,979
7391,993,994
7391,1025,1026
7391,1252,1253
7392,946,947
7392,1012,1013
7392,1136,1137
7392,1252,1253
7393,1025,1026
7393,1160,1161
7393,1201,1202
7393,1252,1253
7394,978,979
7394,1025,1026
7394,1201,1202
7394,1252,1253
7395,946,947
7395,978,979
7395,1012,1013
7395,1252,1253
7396,978,979
7396,993,994
7396,1012,1013
7396,1252,1253
7397,1020,1021
7397,1111,1112
7397,1233,1234
7397,1252,1253
7398,946,947
7398,1020,1021
7398,1233,1234
7398,1252,1253
7399,1111,1112
7399,1136,1137
7399,1233,1234
7399,1252,1253
7400,946,947
7400,1136,1137
7400,1233,1234
7400,1252,1253
7401,1173,1174
7401,1305,1306
7401,1348,1349
7401,1386,1387
7402,1155,1156
7402,1258,1259
7402,1271,1272
7402,1386,1387
7403,1258,1259
7403,1271,1272
7403,1348,1349
7403,1386,1387
7404,1134,1135
7404,1155,1156
7404,1258,1259
7404,1386,1387
7405,1101,1102
7405,1158,1159
7405,1386,1387
7405,1397,1398
7406,1101,1102
7406,1173,1174
7406,1386,1387
7406,1397,1398
7407,1721,1722
7407,1736,1737
7407,1759,1760
7407,1849,1850
7408,1721,1722
7408,1736,1737
7408,1759,1760
7408,1830,1831
7409,1736,1737
7409,1745,1746
7409,1795,1796
7409,1830,1831
7410,1721,1722
7410,1736,1737
7410,1795,1796
7410,1830,1831
7411,1684,1685
7411,1736,1737
7411,1759,1760
7411,1830,1831
7412,1736,1737
7412,1745,1746
7412,1795,1796
7412,1827,1828
7413,1721,1722
7413,1736,1737
7413,1795,1796
7413,1827,1828
7414,1721,1722
7414,1736,1737
7414,1827,1828
7414,1849,1850
7415,1684,1685
7415,1726,1727
7415,1736,1737
7415,1759,1760
7416,1726,1727
7416,1736,1737
7416,1759,1760
7416,1849,1850
7417,1713,1714
7417,1757,1758
7417,1828,1829
7417,1831,1832
7418,1644,1645
7418,1757,1758
7418,1828,1829
7418,1831,1832
7419,1644,1645
7419,1713,1714
7419,1757,1758
7419,1831,1832
7420,1644,1645
7420,1690,1691
7420,1757,1758
7420,1828,1829
7421,1644,1645
7421,1656,1657
7421,1713,1714
7421,1757,1758
7422,1655,1656
7422,1656,1657
7422,1713,1714
7422,1757,1758
7423,1644,1645
7423,1655,1656
7423,1656,1657
7423,1757,1758
7424,1686,1687
7424,1757,1758
7424,1800,1801
7424,1828,1829
7425,1686,1687
7425,1690,1691
7425,1757,1758
7425,1828,1829
7426,1644,1645
7426,1690,1691
7426,1705,1706
7426,1757,1758
7427,1644,1645
7427,1655,1656
7427,1705,1706
7427,1757,1758
7428,1704,1705
7428,1757,1758
7428,1800,1801
7428,1828,1829
7429,1704,1705
7429,1713,1714
7429,1757,1758
7429,1800,1801
7430,1704,1705
7430,1713,1714
7430,1757,1758
7430,1828,1829
7431,1686,1687
7431,1690,1691
7431,1757,1758
7431,1783,1784
7432,1690,1691
7432,1705,1706
7432,1757,1758
7432,1783,1784
7433,1655,1656
7433,1705,1706
7433,1757,1758
7433,1783,1784
7434,707,708
7434,876,877
7434,1025,1026
7434,1038,1039
7435,707,708
7435,817,818
7435,876,877
7435,1038,1039
7436,817,818
7436,876,877
7436,914,915
7436,1038,1039
7437,707,708
7437,913,914
7437,1038,1039
7437,1058,1059
7438,876,877
7438,902,903
7438,978,979
7438,1038,1039
7439,702,703
7439,825,826
7439,840,841
7439,914,915
7440,702,703
7440,817,818
7440,825,826
7440,914,915
7441,702,703
7441,825,826
7441,838,839
7441,840,841
7442,702,703
7442,817,818
7442,825,826
7442,838,839
7443,817,818
7443,825,826
7443,838,839
7443,1047,1048
7444,817,818
7444,825,826
7444,1047,1048
7444,1058,1059
7445,817,818
7445,825,826
7445,914,915
7445,1038,1039
7446,671,672
7446,825,826
7446,838,839
7446,840,841
7447,671,672
7447,791,792
7447,825,826
7447,840,841
7448,671,672
7448,723,724
7448,825,826
7448,838,839
7449,671,672
7449,723,724
7449,791,792
7449,825,826
7450,723,724
7450,825,826
7450,838,839
7450,1047,1048
7451,723,724
7451,825,826
7451,1047,1048
7451,1058,1059
7452,707,708
7452,817,818
7452,825,826
7452,1058,1059
7453,707,708
7453,817,818
7453,825,826
7453,1038,1039
7454,707,708
7454,825,826
7454,1038,1039
7454,1058,1059
7455,724,725
7455,749,750
7455,791,792
7455,799,800
7456,749,750
7456,791,792
7456,799,800
7456,829,830
7457,734,735
7457,749,750
7457,799,800
7457,829,830
7458,790,791
7458,842,843
7458,932,933
7458,963,964
7459,790,791
7459,918,919
7459,932,933
7459,963,964
7460,669,670
7460,790,791
7460,918,919
7460,932,933
7461,619,620
7461,669,670
7461,790,791
7461,932,933
7462,779,780
7462,790,791
7462,842,843
7462,932,933
7463,754,755
7463,779,780
7463,790,791
7463,842,843
7464,619,620
7464,779,780
7464,790,791
7464,932,933
7465,619,620
7465,754,755
7465,779,780
7465,790,791
7466,654,655
7466,726,727
7466,759,760
7466,907,908
7467,654,655
7467,726,727
7467,859,860
7467,907,908
7468,726,727
7468,759,760
7468,907,908
7468,963,964
7469,759,760
7469,907,908
7469,986,987
7469,1035,1036
7470,726,727
7470,859,860
7470,877,878
7470,907,908
7471,859,860
7471,877,878
7471,907,908
7471,986,987
7472,859,860
7472,907,908
7472,986,987
7472,1035,1036
7473,654,655
7473,859,860
7473,907,908
7473,1035,1036
7474,654,655
7474,736,737
7474,907,908
7474,1035,1036
7475,654,655
7475,736,737
7475,759,760
7475,907,908
7476,736,737
7476,759,760
7476,907,908
7476,1035,1036
7477,662,663
7477,726,727
7477,907,908
7477,963,964
7478,662,663
7478,726,727
7478,877,878
7478,907,908
7479,662,663
7479,907,908
7479,918,919
7479,963,964
7480,759,760
7480,907,908
7480,918,919
7480,963,964
7481,662,663
7481,877,878
7481,907,908
7481,921,922
7482,877,878
7482,907,908
7482,921,922
7482,986,987
7483,811,812
7483,907,908
7483,921,922
7483,986,987
7484,662,663
7484,856,857
7484,907,908
7484,918,919
7485,662,663
7485,856,857
7485,907,908
7485,921,922
7486,811,812
7486,856,857
7486,907,908
7486,921,922
7487,440,441
7487,460,461
7487,551,552
7487,781,782
7488,440,441
7488,533,534
7488,551,552
7488,781,782
7489,392,393
7489,460,461
7489,551,552
7489,781,782
7490,392,393
7490,551,552
7490,781,782
7490,801,802
7491,533,534
7491,551,552
7491,781,782
7491,801,802
7492,392,393
7492,781,782
7492,801,802
7492,836,837
7493,392,393
7493,460,461
7493,632,633
7493,781,782
7494,402,403
7494,632,633
7494,781,782
7494,836,837
7495,402,403
7495,760,761
7495,781,782
7495,836,837
7496,402,403
7496,632,633
7496,760,761
7496,781,782
7497,392,393
7497,573,574
7497,781,782
7497,836,837
7498,392,393
7498,573,574
7498,632,633
7498,781,782
7499,573,574
7499,632,633
7499,781,782
7499,836,837
7500,440,441
7500,533,534
7500,583,584
7500,781,782
7501,440,441
7501,448,449
7501,542,543
7501,583,584
7502,440,441
7502,448,449
7502,579,580
7502,583,584
7503,440,441
7503,542,543
7503,583,584
7503,789,790
7504,440,441
7504,533,534
7504,583,584
7504,789,790
7505,542,543
7505,583,584
7505,708,709
7505,789,790
7506,440,441
7506,460,461
7506,579,580
7506,583,584
7507,440,441
7507,460,461
7507,583,584
7507,781,782
7508,438,439
7508,448,449
7508,542,543
7508,583,584
7509,438,439
7509,448,449
7509,579,580
7509,583,584
7510,438,439
7510,542,543
7510,583,584
7510,616,617
7511,438,439
7511,579,580
7511,583,584
7511,616,617
7512,521,522
7512,583,584
7512,708,709
7512,789,790
7513,521,522
7513,533,534
7513,583,584
7513,789,790
7514,405,406
7514,509,510
7514,532,533
7514,694,695
7515,509,510
7515,579,580
7515,583,584
7515,616,617
7516,509,510
7516,532,533
7516,694,695
7516,708,709
7517,509,510
7517,532,533
7517,583,584
7517,708,709
7518,399,400
7518,405,406
7518,509,510
7518,528,529
7519,399,400
7519,509,510
7519,528,529
7519,694,695
7520,399,400
7520,405,406
7520,509,510
7520,694,695
7521,426,427
7521,509,510
7521,528,529
7521,616,617
7522,426,427
7522,509,510
7522,528,529
7522,694,695
7523,426,427
7523,509,510
7523,616,617
7523,694,695
7524,376,377
7524,509,510
7524,579,580
7524,616,617
7525,509,510
7525,616,617
7525,694,695
7525,708,709
7526,450,451
7526,509,510
7526,528,529
7526,616,617
7527,376,377
7527,450,451
7527,509,510
7527,616,617
7528,509,510
7528,542,543
7528,616,617
7528,708,709
7529,509,510
7529,542,543
7529,583,584
7529,616,617
7530,509,510
7530,542,543
7530,583,584
7530,708,709
7531,466,467
7531,532,533
7531,546,547
7531,754,755
7532,466,467
7532,546,547
7532,754,755
7532,799,800
7533,466,467
7533,546,547
7533,734,735
7533,799,800
7534,546,547
7534,699,700
7534,754,755
7534,799,800
7535,466,467
7535,532,533
7535,546,547
7535,694,695
7536,532,533
7536,546,547
7536,694,695
7536,708,709
7537,546,547
7537,548,549
7537,699,700
7537,826,827
7538,546,547
7538,699,700
7538,799,800
7538,826,827
7539,466,467
7539,546,547
7539,694,695
7539,734,735
7540,546,547
7540,694,695
7540,708,709
7540,734,735
7541,529,530
7541,546,547
7541,548,549
7541,708,709
7542,529,530
7542,546,547
7542,548,549
7542,826,827
7543,1065,1066
7543,1102,1103
7543,1121,1122
7543,1129,1130
7544,864,865
7544,1065,1066
7544,1102,1103
7544,1129,1130
7545,864,865
7545,874,875
7545,1102,1103
7545,1129,1130
7546,874,875
7546,1048,1049
7546,1102,1103
7546,1189,1190
7547,1102,1103
7547,1121,1122
7547,1149,1150
7547,1221,1222
7548,874,875
7548,1004,1005
7548,1102,1103
7548,1129,1130
7549,1004,1005
7549,1102,1103
7549,1121,1122
7549,1129,1130
7550,864,865
7550,1065,1066
7550,1102,1103
7550,1189,1190
7551,864,865
7551,874,875
7551,1102,1103
7551,1189,1190
7552,1102,1103
7552,1149,1150
7552,1196,1197
7552,1221,1222
7553,1065,1066
7553,1102,1103
7553,1157,1158
7553,1221,1222
7554,1102,1103
7554,1121,1122
7554,1157,1158
7554,1221,1222
7555,1065,1066
7555,1102,1103
7555,1121,1122
7555,1157,1158
7556,895,896
7556,1102,1103
7556,1149,1150
7556,1196,1197
7557,895,896
7557,1048,1049
7557,1102,1103
7557,1196,1197
7558,1004,1005
7558,1102,1103
7558,1121,1122
7558,1149,1150
7559,874,875
7559,1004,1005
7559,1048,1049
7559,1102,1103
7560,880,881
7560,1065,1066
7560,1102,1103
7560,1189,1190
7561,880,881
7561,1102,1103
7561,1189,1190
7561,1196,1197
7562,1016,1017
7562,1102,1103
7562,1189,1190
7562,1196,1197
7563,1016,1017
7563,1048,1049
7563,1102,1103
7563,1189,1190
7564,1016,1017
7564,1048,1049
7564,1102,1103
7564,1196,1197
7565,880,881
7565,1065,1066
7565,1102,1103
7565,1221,1222
7566,880,881
7566,1102,1103
7566,1196,1197
7566,1221,1222
7567,895,896
7567,940,941
7567,1102,1103
7567,1149,1150
7568,895,896
7568,940,941
7568,1048,1049
7568,1102,1103
7569,940,941
7569,1004,1005
7569,1102,1103
7569,1149,1150
7570,940,941
7570,1004,1005
7570,1048,1049
7570,1102,1103
7571,1088,1089
7571,1114,1115
7571,1360,1361
7571,1365,1366
7572,1088,1089
7572,1114,1115
7572,1172,1173
7572,1365,1366
7573,1088,1089
7573,1114,1115
7573,1163,1164
7573,1360,1361
7574,1088,1089
7574,1114,1115
7574,1163,1164
7574,1197,1198
7575,1088,1089
7575,1114,1115
7575,1164,1165
7575,1197,1198
7576,1088,1089
7576,1114,1115
7576,1164,1165
7576,1172,1173
7577,1114,1115
7577,1164,1165
7577,1172,1173
7577,1197,1198
7578,964,965
7578,1114,1115
7578,1191,1192
7578,1230,1231
7579,964,965
7579,1114,1115
7579,1191,1192
7579,1197,1198
7580,1114,1115
7580,1172,1173
7580,1191,1192
7580,1197,1198
7581,1114,1115
7581,1148,1149
7581,1172,1173
7581,1365,1366
7582,1114,1115
7582,1148,1149
7582,1191,1192
7582,1230,1231
7583,1114,1115
7583,1148,1149
7583,1172,1173
7583,1191,1192
7584,964,965
7584,1114,1115
7584,1163,1164
7584,1197,1198
7585,1114,1115
7585,1203,1204
7585,1230,1231
7585,1260,1261
7586,1114,1115
7586,1326,1327
7586,1360,1361
7586,1365,1366
7587,1114,1115
7587,1203,1204
7587,1326,1327
7587,1365,1366
7588,1114,1115
7588,1165,1166
7588,1203,1204
7588,1230,1231
7589,1114,1115
7589,1165,1166
7589,1203,1204
7589,1365,1366
7590,964,965
7590,1114,1115
7590,1230,1231
7590,1260,1261
7591,1114,1115
7591,1148,1149
7591,1165,1166
7591,1230,1231
7592,1114,1115
7592,1148,1149
7592,1165,1166
7592,1365,1366
7593,1114,1115
7593,1163,1164
7593,1327,1328
7593,1360,1361
7594,964,965
7594,1114,1115
7594,1163,1164
7594,1327,1328
7595,1114,1115
7595,1203,1204
7595,1260,1261
7595,1289,1290
7596,1114,1115
7596,1289,1290
7596,1326,1327
7596,1360,1361
7597,1114,1115
7597,1203,1204
7597,1289,1290
7597,1326,1327
7598,964,965
7598,1114,1115
7598,1260,1261
7598,1327,1328
7599,1114,1115
7599,1289,1290
7599,1327,1328
7599,1360,1361
7600,1114,1115
7600,1260,1261
7600,1289,1290
7600,1327,1328
7601,1277,1278
7601,1278,1279
7601,1362,1363
7601,1420,1421
7602,1277,1278
7602,1278,1279
7602,1362,1363
7602,1425,1426
7603,1277,1278
7603,1362,1363
7603,1425,1426
7603,1498,1499
7604,1277,1278
7604,1362,1363
7604,1498,1499
7604,1560,1561
7605,1277,1278
7605,1362,1363
7605,1420,1421
7605,1560,1561
7606,1362,1363
7606,1425,1426
7606,1498,1499
7606,1615,1616
7607,1362,1363
7607,1490,1491
7607,1498,1499
7607,1615,1616
7608,1362,1363
7608,1490,1491
7608,1498,1499
7608,1560,1561
7609,1362,1363
7609,1420,1421
7609,1490,1491
7609,1560,1561
7610,1278,1279
7610,1362,1363
7610,1408,1409
7610,1425,1426
7611,1362,1363
7611,1408,1409
7611,1425,1426
7611,1615,1616
7612,1362,1363
7612,1473,1474
7612,1587,1588
7612,1615,1616
7613,1278,1279
7613,1332,1333
7613,1362,1363
7613,1420,1421
7614,1362,1363
7614,1473,1474
7614,1490,1491
7614,1615,1616
7615,1278,1279
7615,1362,1363
7615,1408,1409
7615,1587,1588
7616,1362,1363
7616,1408,1409
7616,1587,1588
7616,1615,1616
7617,1278,1279
7617,1332,1333
7617,1362,1363
7617,1587,1588
7618,1300,1301
7618,1332,1333
7618,1362,1363
7618,1420,1421
7619,1300,1301
7619,1362,1363
7619,1473,1474
7619,1490,1491
7620,1300,1301
7620,1362,1363
7620,1420,1421
7620,1490,1491
7621,1362,1363
7621,1473,1474
7621,1545,1546
7621,1587,1588
7622,1332,1333
7622,1362,1363
7622,1545,1546
7622,1587,1588
7623,1300,1301
7623,1362,1363
7623,1473,1474
7623,1545,1546
7624,1300,1301
7624,1332,1333
7624,1362,1363
7624,1545,1546
7625,1502,1503
7625,1569,1570
7625,1623,1624
7625,1658,1659
7626,1518,1519
7626,1548,1549
7626,1623,1624
7626,1658,1659
7627,1502,1503
7627,1518,1519
7627,1623,1624
7627,1658,1659
7628,1503,1504
7628,1548,1549
7628,1655,1656
7628,1658,1659
7629,1503,1504
7629,1518,1519
7629,1548,1549
7629,1658,1659
7630,1478,1479
7630,1502,1503
7630,1569,1570
7630,1658,1659
7631,1478,1479
7631,1502,1503
7631,1658,1659
7631,1783,1784
7632,1655,1656
7632,1658,1659
7632,1757,1758
7632,1783,1784
7633,1503,1504
7633,1655,1656
7633,1658,1659
7633,1783,1784
7634,1641,1642
7634,1645,1646
7634,1768,1769
7634,1773,1774
7635,1645,1646
7635,1755,1756
7635,1768,1769
7635,1773,1774
7636,1641,1642
7636,1687,1688
7636,1768,1769
7636,1773,1774
7637,1687,1688
7637,1755,1756
7637,1768,1769
7637,1773,1774
7638,1687,1688
7638,1755,1756
7638,1773,1774
7638,1819,1820
7639,1641,1642
7639,1645,1646
7639,1678,1679
7639,1773,1774
7640,1542,1543
7640,1755,1756
7640,1773,1774
7640,1819,1820
7641,1641,1642
7641,1687,1688
7641,1704,1705
7641,1773,1774
7642,1641,1642
7642,1704,1705
7642,1713,1714
7642,1773,1774
7643,1687,1688
7643,1704,1705
7643,1713,1714
7643,1773,1774
7644,1641,1642
7644,1713,1714
7644,1773,1774
7644,1818,1819
7645,1656,1657
7645,1687,1688
7645,1713,1714
7645,1773,1774
7646,1642,1643
7646,1656,1657
7646,1713,1714
7646,1773,1774
7647,1641,1642
7647,1678,1679
7647,1773,1774
7647,1818,1819
7648,1642,1643
7648,1678,1679
7648,1773,1774
7648,1818,1819
7649,1656,1657
7649,1687,1688
7649,1773,1774
7649,1819,1820
7650,1542,1543
7650,1664,1665
7650,1755,1756
7650,1773,1774
7651,1645,1646
7651,1664,1665
7651,1755,1756
7651,1773,1774
7652,1542,1543
7652,1642,1643
7652,1773,1774
7652,1819,1820
7653,1642,1643
7653,1656,1657
7653,1773,1774
7653,1781,1782
7654,1642,1643
7654,1773,1774
7654,1781,1782
7654,1819,1820
7655,1656,1657
7655,1773,1774
7655,1781,1782
7655,1819,1820
7656,1542,1543
7656,1664,1665
7656,1678,1679
7656,1773,1774
7657,1645,1646
7657,1664,1665
7657,1678,1679
7657,1773,1774
7658,1542,1543
7658,1642,1643
7658,1679,1680
7658,1773,1774
7659,1542,1543
7659,1678,1679
7659,1679,1680
7659,1773,1774
7660,1642,1643
7660,1678,1679
7660,1679,1680
7660,1773,1774
7661,1489,1490
7661,1497,1498
7661,1599,1600
7661,1818,1819
7662,1489,1490
7662,1599,1600
7662,1606,1607
7662,1818,1819
7663,1599,1600
7663,1713,1714
7663,1719,1720
7663,1818,1819
7664,1599,1600
7664,1642,1643
7664,1773,1774
7664,1818,1819
7665,1599,1600
7665,1642,1643
7665,1713,1714
7665,1773,1774
7666,1599,1600
7666,1713,1714
7666,1773,1774
7666,1818,1819
7667,1599,1600
7667,1642,1643
7667,1678,1679
7667,1818,1819
7668,1497,1498
7668,1599,1600
7668,1642,1643
7668,1678,1679
7669,1497,1498
7669,1599,1600
7669,1678,1679
7669,1818,1819
7670,1535,1536
7670,1599,1600
7670,1719,1720
7670,1818,1819
7671,1535,1536
7671,1599,1600
7671,1606,1607
7671,1719,1720
7672,1535,1536
7672,1599,1600
7672,1606,1607
7672,1818,1819
7673,1485,1486
7673,1599,1600
7673,1606,1607
7673,1719,1720
7674,1485,1486
7674,1569,1570
7674,1599,1600
7674,1606,1607
7675,1323,1324
7675,1489,1490
7675,1501,1502
7675,1517,1518
7676,1323,1324
7676,1489,1490
7676,1517,1518
7676,1606,1607
7677,1489,1490
7677,1497,1498
7677,1501,1502
7677,1517,1518
7678,1323,1324
7678,1517,1518
7678,1537,1538
7678,1606,1607
7679,1517,1518
7679,1537,1538
7679,1569,1570
7679,1606,1607
7680,1497,1498
7680,1501,1502
7680,1517,1518
7680,1520,1521
7681,1489,1490
7681,1497,1498
7681,1517,1518
7681,1599,1600
7682,1489,1490
7682,1517,1518
7682,1599,1600
7682,1606,1607
7683,1517,1518
7683,1521,1522
7683,1569,1570
7683,1623,1624
7684,1323,1324
7684,1517,1518
7684,1521,1522
7684,1537,1538
7685,1517,1518
7685,1521,1522
7685,1537,1538
7685,1569,1570
7686,1517,1518
7686,1569,1570
7686,1599,1600
7686,1606,1607
7687,1323,1324
7687,1422,1423
7687,1501,1502
7687,1517,1518
7688,1323,1324
7688,1380,1381
7688,1422,1423
7688,1517,1518
7689,1380,1381
7689,1422,1423
7689,1517,1518
7689,1623,1624
7690,1323,1324
7690,1380,1381
7690,1517,1518
7690,1521,1522
7691,1380,1381
7691,1517,1518
7691,1521,1522
7691,1623,1624
7692,1422,1423
7692,1501,1502
7692,1517,1518
7692,1520,1521
7693,1422,1423
7693,1517,1518
7693,1520,1521
7693,1623,1624
7694,113,114
7694,249,250
7694,557,558
7694,602,603
7695,113,114
7695,155,156
7695,249,250
7695,557,558
7696,52,53
7696,101,102
7696,249,250
7696,345,346
7697,52,53
7697,249,250
7697,269,270
7697,345,346
7698,155,156
7698,249,250
7698,269,270
7698,345,346
7699,113,114
7699,155,156
7699,249,250
7699,269,270
7700,52,53
7700,218,219
7700,249,250
7700,269,270
7701,113,114
7701,218,219
7701,249,250
7701,269,270
7702,57,58
7702,231,232
7702,557,558
7702,568,569
7703,57,58
7703,231,232
7703,233,234
7703,568,569
7704,57,58
7704,396,397
7704,557,558
7704,568,569
7705,57,58
7705,233,234
7705,396,397
7705,568,569
7706,233,234
7706,396,397
7706,568,569
7706,640,641
7707,233,234
7707,287,288
7707,568,569
7707,640,641
7708,231,232
7708,233,234
7708,287,288
7708,568,569
7709,306,307
7709,391,392
7709,568,569
7709,640,641
7710,391,392
7710,396,397
7710,568,569
7710,640,641
7711,237,238
7711,396,397
7711,557,558
7711,568,569
7712,237,238
7712,306,307
7712,391,392
7712,568,569
7713,237,238
7713,391,392
7713,396,397
7713,568,569
7714,3,4
7714,102,103
7714,110,111
7714,291,292
7715,57,58
7715,110,111
7715,238,239
7715,362,363
7716,17,18
7716,110,111
7716,182,183
7716,269,270
7717,17,18
7717,102,103
7717,110,111
7717,182,183
7718,17,18
7718,110,111
7718,269,270
7718,291,292
7719,17,18
7719,102,103
7719,110,111
7719,291,292
7720,110,111
7720,238,239
7720,269,270
7720,291,292
7721,57,58
7721,110,111
7721,238,239
7721,269,270
7722,110,111
7722,182,183
7722,269,270
7722,314,315
7723,57,58
7723,110,111
7723,314,315
7723,362,363
7724,110,111
7724,247,248
7724,314,315
7724,362,363
7725,110,111
7725,113,114
7725,269,270
7725,314,315
7726,57,58
7726,110,111
7726,113,114
7726,269,270
7727,57,58
7727,110,111
7727,113,114
7727,314,315
7728,3,4
7728,334,335
7728,362,363
7728,559,560
7729,110,111
7729,247,248
7729,334,335
7729,362,363
7730,3,4
7730,110,111
7730,334,335
7730,362,363
7731,247,248
7731,288,289
7731,328,329
7731,334,335
7732,247,248
7732,288,289
7732,314,315
7732,334,335
7733,110,111
7733,247,248
7733,314,315
7733,334,335
7734,262,263
7734,328,329
7734,334,335
7734,505,506
7735,262,263
7735,288,289
7735,328,329
7735,334,335
7736,3,4
7736,102,103
7736,110,111
7736,334,335
7737,182,183
7737,288,289
7737,314,315
7737,334,335
7738,110,111
7738,182,183
7738,314,315
7738,334,335
7739,102,103
7739,262,263
7739,288,289
7739,334,335
7740,3,4
7740,13,14
7740,334,335
7740,505,506
7741,3,4
7741,13,14
7741,102,103
7741,334,335
7742,102,103
7742,182,183
7742,288,289
7742,334,335
7743,102,103
7743,110,111
7743,182,183
7743,334,335
7744,13,14
7744,262,263
7744,334,335
7744,505,506
7745,13,14
7745,102,103
7745,262,263
7745,334,335
7746,84,85
7746,93,94
7746,108,109
7746,291,292
7747,3,4
7747,84,85
7747,108,109
7747,291,292
7748,4,5
7748,58,59
7748,84,85
7748,108,109
7749,4,5
7749,84,85
7749,93,94
7749,108,109
7750,4,5
7750,93,94
7750,108,109
7750,171,172
7751,33,34
7751,93,94
7751,108,109
7751,291,292
7752,33,34
7752,93,94
7752,108,109
7752,171,172
7753,4,5
7753,58,59
7753,108,109
7753,352,353
7754,55,56
7754,58,59
7754,108,109
7754,352,353
7755,4,5
7755,108,109
7755,171,172
7755,352,353
7756,27,28
7756,38,39
7756,116,117
7756,121,122
7757,27,28
7757,48,49
7757,116,117
7757,121,122
7758,27,28
7758,48,49
7758,116,117
7758,171,172
7759,38,39
7759,116,117
7759,121,122
7759,197,198
7760,48,49
7760,116,117
7760,121,122
7760,197,198
7761,38,39
7761,106,107
7761,116,117
7761,197,198
7762,33,34
7762,38,39
7762,106,107
7762,116,117
7763,48,49
7763,56,57
7763,116,117
7763,197,198
7764,48,49
7764,56,57
7764,116,117
7764,171,172
7765,33,34
7765,56,57
7765,116,117
7765,171,172
7766,106,107
7766,116,117
7766,197,198
7766,202,203
7767,33,34
7767,106,107
7767,116,117
7767,202,203
7768,56,57
7768,116,117
7768,197,198
7768,202,203
7769,33,34
7769,56,57
7769,116,117
7769,202,203
7770,434,435
7770,543,544
7770,705,706
7770,812,813
7771,434,435
7771,705,706
7771,737,738
7771,812,813
7772,561,562
7772,705,706
7772,737,738
7772,812,813
7773,561,562
7773,705,706
7773,753,754
7773,812,813
7774,543,544
7774,705,706
7774,753,754
7774,812,813
7775,561,562
7775,696,697
7775,705,706
7775,753,754
7776,543,544
7776,696,697
7776,705,706
7776,753,754
7777,561,562
7777,697,698
7777,705,706
7777,737,738
7778,398,399
7778,696,697
7778,705,706
7778,745,746
7779,543,544
7779,696,697
7779,705,706
7779,745,746
7780,398,399
7780,434,435
7780,705,706
7780,745,746
7781,434,435
7781,543,544
7781,705,706
7781,745,746
7782,398,399
7782,696,697
7782,697,698
7782,705,706
7783,398,399
7783,697,698
7783,705,706
7783,737,738
7784,398,399
7784,434,435
7784,456,457
7784,705,706
7785,398,399
7785,456,457
7785,705,706
7785,737,738
7786,434,435
7786,456,457
7786,705,706
7786,737,738
7787,696,697
7787,697,698
7787,705,706
7787,813,814
7788,561,562
7788,697,698
7788,705,706
7788,813,814
7789,561,562
7789,696,697
7789,705,706
7789,813,814
7790,409,410
7790,410,411
7790,549,550
7790,550,551
7791,410,411
7791,549,550
7791,550,551
7791,648,649
7792,410,411
7792,470,471
7792,549,550
7792,648,649
7793,266,267
7793,409,410
7793,410,411
7793,550,551
7794,410,411
7794,470,471
7794,513,514
7794,648,649
7795,410,411
7795,513,514
7795,550,551
7795,648,649
7796,410,411
7796,426,427
7796,470,471
7796,646,647
7797,410,411
7797,470,471
7797,646,647
7797,696,697
7798,410,411
7798,470,471
7798,549,550
7798,696,697
7799,409,410
7799,410,411
7799,646,647
7799,696,697
7800,409,410
7800,410,411
7800,549,550
7800,696,697
7801,410,411
7801,426,427
7801,470,471
7801,513,514
7802,409,410
7802,410,411
7802,492,493
7802,646,647
7803,266,267
7803,409,410
7803,410,411
7803,492,493
7804,410,411
7804,426,427
7804,528,529
7804,646,647
7805,410,411
7805,426,427
7805,450,451
7805,513,514
7806,266,267
7806,410,411
7806,450,451
7806,550,551
7807,410,411
7807,492,493
7807,528,529
7807,646,647
7808,266,267
7808,410,411
7808,492,493
7808,528,529
7809,266,267
7809,410,411
7809,450,451
7809,528,529
7810,410,411
7810,426,427
7810,450,451
7810,528,529
7811,228,229
7811,410,411
7811,450,451
7811,513,514
7812,228,229
7812,410,411
7812,513,514
7812,550,551
7813,228,229
7813,410,411
7813,450,451
7813,550,551
7814,47,48
7814,162,163
7814,275,276
7814,365,366
7815,47,48
7815,162,163
7815,275,276
7815,344,345
7816,235,236
7816,275,276
7816,279,280
7816,491,492
7817,235,236
7817,275,276
7817,279,280
7817,369,370
7818,47,48
7818,73,74
7818,275,276
7818,365,366
7819,275,276
7819,279,280
7819,316,317
7819,491,492
7820,275,276
7820,279,280
7820,316,317
7820,344,345
7821,47,48
7821,275,276
7821,281,282
7821,344,345
7822,162,163
7822,275,276
7822,365,366
7822,369,370
7823,162,163
7823,275,276
7823,344,345
7823,369,370
7824,275,276
7824,279,280
7824,344,345
7824,369,370
7825,73,74
7825,235,236
7825,275,276
7825,491,492
7826,227,228
7826,275,276
7826,365,366
7826,369,370
7827,227,228
7827,235,236
7827,275,276
7827,369,370
7828,73,74
7828,227,228
7828,275,276
7828,365,366
7829,73,74
7829,227,228
7829,235,236
7829,275,276
7830,275,276
7830,281,282
7830,316,317
7830,491,492
7831,275,276
7831,281,282
7831,316,317
7831,344,345
7832,274,275
7832,275,276
7832,281,282
7832,491,492
7833,47,48
7833,274,275
7833,275,276
7833,281,282
7834,73,74
7834,274,275
7834,275,276
7834,491,492
7835,47,48
7835,73,74
7835,274,275
7835,275,276
7836,433,434
7836,691,692
7836,732,733
7836,770,771
7837,691,692
7837,732,733
7837,748,749
7837,770,771
7838,433,434
7838,701,702
7838,732,733
7838,767,768
7839,433,434
7839,691,692
7839,732,733
7839,767,768
7840,433,434
7840,701,702
7840,732,733
7840,914,915
7841,732,733
7841,748,749
7841,749,750
7841,829,830
7842,569,570
7842,701,702
7842,732,733
7842,767,768
7843,569,570
7843,691,692
7843,732,733
7843,767,768
7844,569,570
7844,701,702
7844,732,733
7844,840,841
7845,569,570
7845,732,733
7845,829,830
7845,840,841
7846,562,563
7846,730,731
7846,734,735
7846,748,749
7847,377,378
7847,527,528
7847,562,563
7847,730,731
7848,527,528
7848,562,563
7848,730,731
7848,748,749
7849,377,378
7849,562,563
7849,708,709
7849,730,731
7850,377,378
7850,529,530
7850,708,709
7850,730,731
7851,377,378
7851,527,528
7851,730,731
7851,924,925
7852,377,378
7852,529,530
7852,730,731
7852,924,925
7853,730,731
7853,734,735
7853,748,749
7853,749,750
7854,529,530
7854,546,547
7854,708,709
7854,730,731
7855,562,563
7855,708,709
7855,730,731
7855,734,735
7856,546,547
7856,708,709
7856,730,731
7856,734,735
7857,529,530
7857,546,547
7857,730,731
7857,826,827
7858,546,547
7858,730,731
7858,734,735
7858,799,800
7859,546,547
7859,730,731
7859,799,800
7859,826,827
7860,529,530
7860,730,731
7860,826,827
7860,924,925
7861,730,731
7861,734,735
7861,749,750
7861,799,800
7862,730,731
7862,749,750
7862,799,800
7862,826,827
7863,572,573
7863,614,615
7863,691,692
7863,748,749
7864,614,615
7864,691,692
7864,732,733
7864,748,749
7865,569,570
7865,614,615
7865,691,692
7865,732,733
7866,470,471
7866,572,573
7866,614,615
7866,706,707
7867,572,573
7867,614,615
7867,691,692
7867,706,707
7868,470,471
7868,569,570
7868,614,615
7868,706,707
7869,569,570
7869,614,615
7869,691,692
7869,706,707
7870,614,615
7870,732,733
7870,748,749
7870,829,830
7871,569,570
7871,614,615
7871,732,733
7871,829,830
7872,426,427
7872,470,471
7872,507,508
7872,614,615
7873,426,427
7873,470,471
7873,572,573
7873,614,615
7874,507,508
7874,614,615
7874,734,735
7874,829,830
7875,562,563
7875,572,573
7875,614,615
7875,748,749
7876,562,563
7876,614,615
7876,734,735
7876,748,749
7877,470,471
7877,507,508
7877,614,615
7877,697,698
7878,507,508
7878,614,615
7878,697,698
7878,829,830
7879,470,471
7879,569,570
7879,614,615
7879,697,698
7880,569,570
7880,614,615
7880,697,698
7880,829,830
7881,507,508
7881,614,615
7881,694,695
7881,734,735
7882,426,427
7882,507,508
7882,614,615
7882,694,695
7883,426,427
7883,562,563
7883,572,573
7883,614,615
7884,614,615
7884,734,735
7884,749,750
7884,829,830
7885,614,615
7885,748,749
7885,749,750
7885,829,830
7886,614,615
7886,734,735
7886,748,749
7886,749,750
7887,562,563
7887,614,615
7887,694,695
7887,734,735
7888,426,427
7888,562,563
7888,614,615
7888,694,695
7889,416,417
7889,445,446
7889,493,494
7889,553,554
7890,445,446
7890,493,494
7890,545,546
7890,594,595
7891,445,446
7891,493,494
7891,553,554
7891,594,595
7892,445,446
7892,493,494
7892,545,546
7892,559,560
7893,416,417
7893,445,446
7893,493,494
7893,559,560
7894,493,494
7894,545,546
7894,594,595
7894,635,636
7895,493,494
7895,553,554
7895,594,595
7895,635,636
7896,322,323
7896,493,494
7896,553,554
7896,635,636
7897,322,323
7897,340,341
7897,493,494
7897,553,554
7898,340,341
7898,416,417
7898,493,494
7898,553,554
7899,493,494
7899,505,506
7899,545,546
7899,559,560
7900,247,248
7900,322,323
7900,340,341
7900,493,494
7901,247,248
7901,340,341
7901,416,417
7901,493,494
7902,322,323
7902,328,329
7902,493,494
7902,635,636
7903,493,494
7903,545,546
7903,556,557
7903,635,636
7904,493,494
7904,505,506
7904,545,546
7904,556,557
7905,328,329
7905,334,335
7905,493,494
7905,505,506
7906,3,4
7906,493,494
7906,505,506
7906,559,560
7907,3,4
7907,334,335
7907,493,494
7907,505,506
7908,3,4
7908,334,335
7908,493,494
7908,559,560
7909,362,363
7909,416,417
7909,493,494
7909,559,560
7910,334,335
7910,362,363
7910,493,494
7910,559,560
7911,328,329
7911,493,494
7911,556,557
7911,635,636
7912,328,329
7912,493,494
7912,505,506
7912,556,557
7913,247,248
7913,322,323
7913,328,329
7913,493,494
7914,247,248
7914,328,329
7914,334,335
7914,493,494
7915,247,248
7915,362,363
7915,416,417
7915,493,494
7916,247,248
7916,334,335
7916,362,363
7916,493,494
7917,768,769
7917,897,898
7917,978,979
7917,1012,1013
7918,897,898
7918,946,947
7918,978,979
7918,1012,1013
7919,768,769
7919,897,898
7919,996,997
7919,1012,1013
7920,897,898
7920,946,947
7920,1068,1069
7920,1225,1226
7921,897,898
7921,905,906
7921,1068,1069
7921,1225,1226
7922,897,898
7922,946,947
7922,1012,1013
7922,1251,1252
7923,659,660
7923,768,769
7923,897,898
7923,996,997
7924,659,660
7924,897,898
7924,905,906
7924,996,997
7925,897,898
7925,996,997
7925,1012,1013
7925,1251,1252
7926,897,898
7926,905,906
7926,996,997
7926,1251,1252
7927,897,898
7927,946,947
7927,1225,1226
7927,1251,1252
7928,897,898
7928,905,906
7928,1225,1226
7928,1251,1252
7929,930,931
7929,1023,1024
7929,1201,1202
7929,1248,1249
7930,930,931
7930,1025,1026
7930,1201,1202
7930,1248,1249
7931,978,979
7931,1025,1026
7931,1201,1202
7931,1248,1249
7932,978,979
7932,1038,1039
7932,1052,1053
7932,1248,1249
7933,707,708
7933,930,931
7933,1025,1026
7933,1248,1249
7934,707,708
7934,1025,1026
7934,1038,1039
7934,1248,1249
7935,876,877
7935,978,979
7935,1025,1026
7935,1248,1249
7936,876,877
7936,1025,1026
7936,1038,1039
7936,1248,1249
7937,876,877
7937,978,979
7937,1038,1039
7937,1248,1249
7938,707,708
7938,913,914
7938,930,931
7938,1248,1249
7939,707,708
7939,913,914
7939,1038,1039
7939,1248,1249
7940,882,883
7940,913,914
7940,1038,1039
7940,1248,1249
7941,882,883
7941,1038,1039
7941,1052,1053
7941,1248,1249
7942,882,883
7942,990,991
7942,1023,1024
7942,1248,1249
7943,882,883
7943,990,991
7943,1052,1053
7943,1248,1249
7944,990,991
7944,1023,1024
7944,1052,1053
7944,1248,1249
7945,768,769
7945,839,840
7945,902,903
7945,978,979
7946,681,682
7946,768,769
7946,839,840
7946,902,903
7947,768,769
7947,839,840
7947,897,898
7947,978,979
7948,681,682
7948,768,769
7948,839,840
7948,942,943
7949,659,660
7949,768,769
7949,839,840
7949,897,898
7950,659,660
7950,768,769
7950,839,840
7950,942,943
7951,659,660
7951,772,773
7951,839,840
7951,911,912
7952,772,773
7952,839,840
7952,911,912
7952,1052,1053
7953,659,660
7953,715,716
7953,839,840
7953,942,943
7954,659,660
7954,715,716
7954,772,773
7954,839,840
7955,715,716
7955,839,840
7955,942,943
7955,1051,1052
7956,715,716
7956,772,773
7956,839,840
7956,1051,1052
7957,681,682
7957,839,840
7957,942,943
7957,1051,1052
7958,709,710
7958,715,716
7958,942,943
7958,1051,1052
7959,709,710
7959,715,716
7959,1032,1033
7959,1051,1052
7960,709,710
7960,770,771
7960,1032,1033
7960,1051,1052
7961,681,682
7961,835,836
7961,942,943
7961,1051,1052
7962,433,434
7962,681,682
7962,835,836
7962,1051,1052
7963,433,434
7963,732,733
7963,770,771
7963,1051,1052
7964,709,710
7964,835,836
7964,942,943
7964,1051,1052
7965,709,710
7965,770,771
7965,835,836
7965,1051,1052
7966,433,434
7966,770,771
7966,835,836
7966,1051,1052
7967,683,684
7967,695,696
7967,939,940
7967,951,952
7968,683,684
7968,939,940
7968,1013,1014
7968,1033,1034
7969,683,684
7969,695,696
7969,939,940
7969,1013,1014
7970,683,684
7970,939,940
7970,966,967
7970,1033,1034
7971,939,940
7971,965,966
7971,1013,1014
7971,1033,1034
7972,695,696
7972,939,940
7972,965,966
7972,1013,1014
7973,683,684
7973,872,873
7973,951,952
7973,1053,1054
7974,683,684
7974,824,825
7974,872,873
7974,1053,1054
7975,683,684
7975,906,907
7975,966,967
7975,1053,1054
7976,824,825
7976,906,907
7976,1030,1031
7976,1053,1054
7977,841,842
7977,957,958
7977,966,967
7977,1053,1054
7978,906,907
7978,957,958
7978,966,967
7978,1053,1054
7979,683,684
7979,824,825
7979,1045,1046
7979,1053,1054
7980,683,684
7980,906,907
7980,1045,1046
7980,1053,1054
7981,824,825
7981,906,907
7981,1045,1046
7981,1053,1054
7982,683,684
7982,939,940
7982,966,967
7982,1053,1054
7983,683,684
7983,939,940
7983,951,952
7983,1053,1054
7984,841,842
7984,939,940
7984,966,967
7984,1053,1054
7985,841,842
7985,939,940
7985,951,952
7985,1053,1054
7986,870,871
7986,976,977
7986,1209,1210
7986,1250,1251
7987,870,871
7987,1023,1024
7987,1084,1085
7987,1250,1251
7988,870,871
7988,976,977
7988,1084,1085
7988,1250,1251
7989,870,871
7989,1066,1067
7989,1084,1085
7989,1263,1264
7990,870,871
7990,883,884
7990,1023,1024
7990,1084,1085
7991,870,871
7991,883,884
7991,1066,1067
7991,1084,1085
7992,870,871
7992,883,884
7992,1023,1024
7992,1066,1067
7993,976,977
7993,1209,1210
7993,1214,1215
7993,1350,1351
7994,976,977
7994,1161,1162
7994,1214,1215
7994,1350,1351
7995,976,977
7995,1161,1162
7995,1214,1215
7995,1348,1349
7996,1214,1215
7996,1258,1259
7996,1271,1272
7996,1348,1349
7997,1127,1128
7997,1167,1168
7997,1214,1215
7997,1350,1351
7998,1167,1168
7998,1209,1210
7998,1214,1215
7998,1350,1351
7999,1068,1069
7999,1127,1128
7999,1167,1168
7999,1214,1215
8000,1068,1069
8000,1167,1168
8000,1209,1210
8000,1214,1215
8001,870,871
8001,1068,1069
8001,1209,1210
8001,1214,1215
8002,870,871
8002,976,977
8002,1209,1210
8002,1214,1215
8003,1161,1162
8003,1204,1205
8003,1348,1349
8003,1405,1406
8004,1204,1205
8004,1271,1272
8004,1348,1349
8004,1386,1387
8005,1204,1205
8005,1397,1398
8005,1405,1406
8005,1464,1465
8006,1204,1205
8006,1305,1306
8006,1348,1349
8006,1405,1406
8007,1204,1205
8007,1305,1306
8007,1348,1349
8007,1386,1387
8008,1204,1205
8008,1305,1306
8008,1397,1398
8008,1405,1406
8009,1155,1156
8009,1204,1205
8009,1271,1272
8009,1386,1387
8010,1173,1174
8010,1204,1205
8010,1305,1306
8010,1397,1398
8011,1173,1174
8011,1204,1205
8011,1386,1387
8011,1397,1398
8012,1173,1174
8012,1204,1205
8012,1305,1306
8012,1386,1387
8013,1158,1159
8013,1204,1205
8013,1386,1387
8013,1397,1398
8014,1155,1156
8014,1158,1159
8014,1204,1205
8014,1386,1387
8015,843,844
8015,987,988
8015,1187,1188
8015,1254,1255
8016,1066,1067
8016,1187,1188
8016,1254,1255
8016,1263,1264
8017,882,883
8017,990,991
8017,1023,1024
8017,1254,1255
8018,870,871
8018,990,991
8018,1023,1024
8018,1254,1255
8019,870,871
8019,1023,1024
8019,1066,1067
8019,1254,1255
8020,870,871
8020,1066,1067
8020,1254,1255
8020,1263,1264
8021,893,894
8021,987,988
8021,1187,1188
8021,1254,1255
8022,893,894
8022,1066,1067
8022,1187,1188
8022,1254,1255
8023,882,883
8023,987,988
8023,1240,1241
8023,1254,1255
8024,882,883
8024,1066,1067
8024,1240,1241
8024,1254,1255
8025,893,894
8025,987,988
8025,1240,1241
8025,1254,1255
8026,893,894
8026,1066,1067
8026,1240,1241
8026,1254,1255
8027,1442,1443
8027,1512,1513
8027,1560,1561
8027,1607,1608
8028,1317,1318
8028,1442,1443
8028,1512,1513
8028,1560,1561
8029,1512,1513
8029,1560,1561
8029,1600,1601
8029,1607,1608
8030,1317,1318
8030,1512,1513
8030,1560,1561
8030,1600,1601
8031,1317,1318
8031,1415,1416
8031,1442,1443
8031,1512,1513
8032,1442,1443
8032,1512,1513
8032,1607,1608
8032,1633,1634
8033,1317,1318
8033,1512,1513
8033,1600,1601
8033,1624,1625
8034,1317,1318
8034,1415,1416
8034,1512,1513
8034,1624,1625
8035,1356,1357
8035,1442,1443
8035,1512,1513
8035,1633,1634
8036,1356,1357
8036,1415,1416
8036,1442,1443
8036,1512,1513
8037,1512,1513
8037,1582,1583
8037,1607,1608
8037,1633,1634
8038,1512,1513
8038,1582,1583
8038,1600,1601
8038,1607,1608
8039,1415,1416
8039,1512,1513
8039,1611,1612
8039,1624,1625
8040,1512,1513
8040,1582,1583
8040,1600,1601
8040,1816,1817
8041,1356,1357
8041,1415,1416
8041,1512,1513
8041,1611,1612
8042,1512,1513
8042,1600,1601
8042,1624,1625
8042,1816,1817
8043,1512,1513
8043,1611,1612
8043,1624,1625
8043,1816,1817
8044,1371,1372
8044,1419,1420
8044,1442,1443
8044,1450,1451
8045,1371,1372
8045,1419,1420
8045,1442,1443
8045,1560,1561
8046,1371,1372
8046,1419,1420
8046,1420,1421
8046,1450,1451
8047,1371,1372
8047,1419,1420
8047,1420,1421
8047,1560,1561
8048,1173,1174
8048,1181,1182
8048,1371,1372
8048,1450,1451
8049,1181,1182
8049,1371,1372
8049,1442,1443
8049,1450,1451
8050,1173,1174
8050,1305,1306
8050,1371,1372
8050,1450,1451
8051,1305,1306
8051,1371,1372
8051,1420,1421
8051,1450,1451
8052,1277,1278
8052,1371,1372
8052,1420,1421
8052,1560,1561
8053,1277,1278
8053,1305,1306
8053,1371,1372
8053,1420,1421
8054,1173,1174
8054,1305,1306
8054,1371,1372
8054,1397,1398
8055,1277,1278
8055,1371,1372
8055,1397,1398
8055,1405,1406
8056,1305,1306
8056,1371,1372
8056,1397,1398
8056,1405,1406
8057,1277,1278
8057,1305,1306
8057,1371,1372
8057,1405,1406
8058,1087,1088
8058,1170,1171
8058,1435,1436
8058,1449,1450
8059,1170,1171
8059,1376,1377
8059,1435,1436
8059,1449,1450
8060,1376,1377
8060,1399,1400
8060,1449,1450
8060,1463,1464
8061,1376,1377
8061,1399,1400
8061,1435,1436
8061,1449,1450
8062,1087,1088
8062,1205,1206
8062,1448,1449
8062,1449,1450
8063,1087,1088
8063,1313,1314
8063,1448,1449
8063,1449,1450
8064,1265,1266
8064,1313,1314
8064,1449,1450
8064,1463,1464
8065,1265,1266
8065,1399,1400
8065,1449,1450
8065,1463,1464
8066,1082,1083
8066,1087,1088
8066,1205,1206
8066,1449,1450
8067,1082,1083
8067,1205,1206
8067,1435,1436
8067,1449,1450
8068,1082,1083
8068,1087,1088
8068,1435,1436
8068,1449,1450
8069,1205,1206
8069,1264,1265
8069,1448,1449
8069,1449,1450
8070,1264,1265
8070,1313,1314
8070,1448,1449
8070,1449,1450
8071,1205,1206
8071,1217,1218
8071,1264,1265
8071,1449,1450
8072,1217,1218
8072,1264,1265
8072,1399,1400
8072,1449,1450
8073,1205,1206
8073,1217,1218
8073,1399,1400
8073,1449,1450
8074,1264,1265
8074,1265,1266
8074,1313,1314
8074,1449,1450
8075,1264,1265
8075,1265,1266
8075,1399,1400
8075,1449,1450
8076,625,626
8076,653,654
8076,693,694
8076,729,730
8077,688,689
8077,693,694
8077,759,760
8077,790,791
8078,693,694
8078,759,760
8078,790,791
8078,918,919
8079,609,610
8079,653,654
8079,693,694
8079,762,763
8080,669,670
8080,673,674
8080,693,694
8080,918,919
8081,673,674
8081,693,694
8081,743,744
8081,762,763
8082,669,670
8082,693,694
8082,790,791
8082,918,919
8083,609,610
8083,673,674
8083,693,694
8083,762,763
8084,609,610
8084,669,670
8084,673,674
8084,693,694
8085,485,486
8085,540,541
8085,633,634
8085,675,676
8086,485,486
8086,534,535
8086,540,541
8086,633,634
8087,485,486
8087,534,535
8087,633,634
8087,675,676
8088,485,486
8088,540,541
8088,609,610
8088,669,670
8089,485,486
8089,540,541
8089,609,610
8089,721,722
8090,485,486
8090,534,535
8090,609,610
8090,721,722
8091,485,486
8091,534,535
8091,540,541
8091,721,722
8092,485,486
8092,534,535
8092,609,610
8092,653,654
8093,485,486
8093,609,610
8093,653,654
8093,693,694
8094,485,486
8094,625,626
8094,653,654
8094,693,694
8095,485,486
8095,534,535
8095,615,616
8095,653,654
8096,591,592
8096,625,626
8096,653,654
8096,729,730
8097,485,486
8097,591,592
8097,615,616
8097,653,654
8098,485,486
8098,591,592
8098,625,626
8098,653,654
8099,591,592
8099,625,626
8099,677,678
8099,729,730
8100,380,381
8100,532,533
8100,546,547
8100,760,761
8101,380,381
8101,532,533
8101,546,547
8101,754,755
8102,380,381
8102,688,689
8102,754,755
8102,790,791
8103,380,381
8103,466,467
8103,532,533
8103,777,778
8104,380,381
8104,466,467
8104,532,533
8104,754,755
8105,380,381
8105,619,620
8105,754,755
8105,790,791
8106,380,381
8106,466,467
8106,619,620
8106,777,778
8107,380,381
8107,466,467
8107,619,620
8107,754,755
8108,548,549
8108,645,646
8108,794,795
8108,980,981
8109,645,646
8109,710,711
8109,794,795
8109,980,981
8110,645,646
8110,710,711
8110,794,795
8110,830,831
8111,548,549
8111,699,700
8111,794,795
8111,980,981
8112,710,711
8112,794,795
8112,815,816
8112,830,831
8113,645,646
8113,760,761
8113,794,795
8113,830,831
8114,380,381
8114,760,761
8114,794,795
8114,830,831
8115,380,381
8115,688,689
8115,754,755
8115,794,795
8116,380,381
8116,688,689
8116,794,795
8116,830,831
8117,688,689
8117,794,795
8117,815,816
8117,830,831
8118,548,549
8118,645,646
8118,760,761
8118,794,795
8119,380,381
8119,546,547
8119,754,755
8119,794,795
8120,546,547
8120,548,549
8120,699,700
8120,794,795
8121,546,547
8121,699,700
8121,754,755
8121,794,795
8122,699,700
8122,794,795
8122,847,848
8122,980,981
8123,710,711
8123,794,795
8123,847,848
8123,980,981
8124,710,711
8124,794,795
8124,815,816
8124,847,848
8125,546,547
8125,548,549
8125,760,761
8125,794,795
8126,380,381
8126,546,547
8126,760,761
8126,794,795
8127,455,456
8127,463,464
8127,563,564
8127,617,618
8128,336,337
8128,455,456
8128,463,464
8128,617,618
8129,336,337
8129,463,464
8129,593,594
8129,617,618
8130,476,477
8130,563,564
8130,617,618
8130,675,676
8131,455,456
8131,476,477
8131,563,564
8131,617,618
8132,485,486
8132,534,535
8132,617,618
8132,675,676
8133,485,486
8133,534,535
8133,615,616
8133,617,618
8134,485,486
8134,591,592
8134,615,616
8134,617,618
8135,476,477
8135,617,618
8135,633,634
8135,675,676
8136,534,535
8136,617,618
8136,633,634
8136,675,676
8137,286,287
8137,336,337
8137,418,419
8137,539,540
8138,336,337
8138,418,419
8138,455,456
8138,539,540
8139,286,287
8139,418,419
8139,431,432
8139,539,540
8140,418,419
8140,431,432
8140,455,456
8140,539,540
8141,244,245
8141,286,287
8141,418,419
8141,431,432
8142,244,245
8142,286,287
8142,418,419
8142,620,621
8143,286,287
8143,336,337
8143,418,419
8143,515,516
8144,431,432
8144,439,440
8144,476,477
8144,589,590
8145,431,432
8145,455,456
8145,476,477
8145,589,590
8146,455,456
8146,476,477
8146,589,590
8146,617,618
8147,455,456
8147,534,535
8147,589,590
8147,617,618
8148,326,327
8148,454,455
8148,589,590
8148,622,623
8149,326,327
8149,454,455
8149,534,535
8149,589,590
8150,454,455
8150,534,535
8150,589,590
8150,633,634
8151,476,477
8151,589,590
8151,617,618
8151,633,634
8152,534,535
8152,589,590
8152,617,618
8152,633,634
8153,379,380
8153,439,440
8153,589,590
8153,622,623
8154,379,380
8154,454,455
8154,589,590
8154,622,623
8155,439,440
8155,476,477
8155,503,504
8155,589,590
8156,476,477
8156,503,504
8156,589,590
8156,633,634
8157,379,380
8157,454,455
8157,589,590
8157,633,634
8158,379,380
8158,439,440
8158,503,504
8158,589,590
8159,379,380
8159,503,504
8159,589,590
8159,633,634
8160,402,403
8160,501,502
8160,573,574
8160,632,633
8161,389,390
8161,501,502
8161,573,574
8161,632,633
8162,389,390
8162,449,450
8162,494,495
8162,501,502
8163,389,390
8163,449,450
8163,501,502
8163,632,633
8164,222,223
8164,271,272
8164,315,316
8164,386,387
8165,271,272
8165,315,316
8165,386,387
8165,630,631
8166,222,223
8166,315,316
8166,376,377
8166,386,387
8167,222,223
8167,376,377
8167,386,387
8167,579,580
8168,220,221
8168,356,357
8168,386,387
8168,566,567
8169,220,221
8169,271,272
8169,356,357
8169,386,387
8170,220,221
8170,271,272
8170,386,387
8170,630,631
8171,376,377
8171,386,387
8171,509,510
8171,579,580
8172,220,221
8172,386,387
8172,405,406
8172,566,567
8173,315,316
8173,376,377
8173,386,387
8173,450,451
8174,376,377
8174,386,387
8174,450,451
8174,509,510
8175,386,387
8175,405,406
8175,478,479
8175,630,631
8176,220,221
8176,386,387
8176,478,479
8176,630,631
8177,220,221
8177,386,387
8177,405,406
8177,478,479
8178,386,387
8178,405,406
8178,528,529
8178,630,631
8179,386,387
8179,405,406
8179,509,510
8179,528,529
8180,386,387
8180,450,451
8180,509,510
8180,528,529
8181,386,387
8181,450,451
8181,528,529
8181,630,631
8182,315,316
8182,386,387
8182,450,451
8182,630,631
8183,276,277
8183,329,330
8183,350,351
8183,490,491
8184,271,272
8184,329,330
8184,350,351
8184,367,368
8185,271,272
8185,350,351
8185,367,368
8185,490,491
8186,329,330
8186,350,351
8186,367,368
8186,490,491
8187,276,277
8187,350,351
8187,449,450
8187,460,461
8188,276,277
8188,329,330
8188,350,351
8188,449,450
8189,222,223
8189,271,272
8189,350,351
8189,386,387
8190,350,351
8190,449,450
8190,460,461
8190,566,567
8191,271,272
8191,329,330
8191,350,351
8191,356,357
8192,271,272
8192,350,351
8192,356,357
8192,386,387
8193,276,277
8193,350,351
8193,411,412
8193,460,461
8194,276,277
8194,350,351
8194,411,412
8194,490,491
8195,222,223
8195,271,272
8195,350,351
8195,354,355
8196,271,272
8196,350,351
8196,354,355
8196,490,491
8197,222,223
8197,350,351
8197,354,355
8197,490,491
8198,222,223
8198,350,351
8198,386,387
8198,579,580
8199,350,351
8199,356,357
8199,449,450
8199,566,567
8200,329,330
8200,350,351
8200,356,357
8200,449,450
8201,350,351
8201,356,357
8201,386,387
8201,566,567
8202,350,351
8202,460,461
8202,566,567
8202,579,580
8203,350,351
8203,386,387
8203,566,567
8203,579,580
8204,350,351
8204,411,412
8204,460,461
8204,579,580
8205,222,223
8205,350,351
8205,411,412
8205,579,580
8206,222,223
8206,350,351
8206,411,412
8206,490,491
8207,134,135
8207,243,244
8207,250,251
8207,282,283
8208,45,46
8208,134,135
8208,243,244
8208,250,251
8209,134,135
8209,149,150
8209,250,251
8209,282,283
8210,134,135
8210,149,150
8210,250,251
8210,361,362
8211,45,46
8211,134,135
8211,250,251
8211,385,386
8212,134,135
8212,250,251
8212,361,362
8212,385,386
8213,134,135
8213,149,150
8213,214,215
8213,282,283
8214,134,135
8214,149,150
8214,214,215
8214,361,362
8215,134,135
8215,177,178
8215,243,244
8215,282,283
8216,45,46
8216,134,135
8216,177,178
8216,243,244
8217,45,46
8217,134,135
8217,272,273
8217,385,386
8218,45,46
8218,134,135
8218,177,178
8218,272,273
8219,134,135
8219,214,215
8219,361,362
8219,605,606
8220,134,135
8220,272,273
8220,385,386
8220,605,606
8221,134,135
8221,361,362
8221,385,386
8221,605,606
8222,134,135
8222,177,178
8222,272,273
8222,366,367
8223,134,135
8223,272,273
8223,366,367
8223,605,606
8224,134,135
8224,214,215
8224,366,367
8224,605,606
8225,21,22
8225,134,135
8225,177,178
8225,366,367
8226,21,22
8226,134,135
8226,177,178
8226,282,283
8227,21,22
8227,134,135
8227,214,215
8227,366,367
8228,21,22
8228,134,135
8228,214,215
8228,282,283
8229,235,236
8229,311,312
8229,330,331
8229,357,358
8230,235,236
8230,250,251
8230,311,312
8230,357,358
8231,311,312
8231,330,331
8231,354,355
8231,357,358
8232,235,236
8232,311,312
8232,330,331
8232,624,625
8233,149,150
8233,311,312
8233,354,355
8233,357,358
8234,149,150
8234,250,251
8234,311,312
8234,357,358
8235,222,223
8235,311,312
8235,330,331
8235,354,355
8236,222,223
8236,311,312
8236,330,331
8236,624,625
8237,149,150
8237,311,312
8237,354,355
8237,490,491
8238,222,223
8238,242,243
8238,311,312
8238,624,625
8239,242,243
8239,250,251
8239,311,312
8239,598,599
8240,311,312
8240,491,492
8240,598,599
8240,624,625
8241,235,236
8241,311,312
8241,491,492
8241,624,625
8242,73,74
8242,250,251
8242,311,312
8242,598,599
8243,73,74
8243,235,236
8243,250,251
8243,311,312
8244,149,150
8244,311,312
8244,361,362
8244,490,491
8245,149,150
8245,250,251
8245,311,312
8245,361,362
8246,222,223
8246,242,243
8246,311,312
8246,490,491
8247,222,223
8247,311,312
8247,354,355
8247,490,491
8248,311,312
8248,530,531
8248,598,599
8248,624,625
8249,242,243
8249,311,312
8249,530,531
8249,624,625
8250,242,243
8250,311,312
8250,530,531
8250,598,599
8251,73,74
8251,311,312
8251,491,492
8251,598,599
8252,73,74
8252,235,236
8252,311,312
8252,491,492
8253,242,243
8253,311,312
8253,361,362
8253,490,491
8254,242,243
8254,250,251
8254,311,312
8254,361,362
8255,843,844
8255,881,882
8255,1187,1188
8255,1255,1256
8256,881,882
8256,1079,1080
8256,1187,1188
8256,1255,1256
8257,843,844
8257,881,882
8257,1187,1188
8257,1254,1255
8258,881,882
8258,1079,1080
8258,1187,1188
8258,1263,1264
8259,881,882
8259,1187,1188
8259,1254,1255
8259,1263,1264
8260,881,882
8260,1079,1080
8260,1096,1097
8260,1263,1264
8261,843,844
8261,881,882
8261,1134,1135
8261,1255,1256
8262,843,844
8262,881,882
8262,1134,1135
8262,1258,1259
8263,870,871
8263,881,882
8263,1254,1255
8263,1263,1264
8264,881,882
8264,1214,1215
8264,1258,1259
8264,1348,1349
8265,55,56
8265,58,59
8265,108,109
8265,294,295
8266,55,56
8266,108,109
8266,294,295
8266,559,560
8267,3,4
8267,108,109
8267,294,295
8267,559,560
8268,58,59
8268,84,85
8268,108,109
8268,294,295
8269,3,4
8269,84,85
8269,108,109
8269,294,295
8270,55,56
8270,123,124
8270,294,295
8270,520,521
8271,55,56
8271,58,59
8271,123,124
8271,294,295
8272,58,59
8272,84,85
8272,187,188
8272,294,295
8273,13,14
8273,187,188
8273,278,279
8273,294,295
8274,123,124
8274,187,188
8274,294,295
8274,520,521
8275,58,59
8275,123,124
8275,187,188
8275,294,295
8276,187,188
8276,294,295
8276,358,359
8276,520,521
8277,187,188
8277,278,279
8277,294,295
8277,358,359
8278,278,279
8278,294,295
8278,358,359
8278,520,521
8279,55,56
8279,294,295
8279,520,521
8279,547,548
8280,294,295
8280,520,521
8280,547,548
8280,559,560
8281,55,56
8281,294,295
8281,547,548
8281,559,560
8282,278,279
8282,294,295
8282,520,521
8282,545,546
8283,3,4
8283,294,295
8283,505,506
8283,559,560
8284,13,14
8284,84,85
8284,187,188
8284,294,295
8285,3,4
8285,13,14
8285,84,85
8285,294,295
8286,3,4
8286,13,14
8286,294,295
8286,505,506
8287,13,14
8287,278,279
8287,294,295
8287,505,506
8288,294,295
8288,445,446
8288,520,521
8288,545,546
8289,294,295
8289,445,446
8289,520,521
8289,559,560
8290,294,295
8290,445,446
8290,545,546
8290,559,560
8291,294,295
8291,505,506
8291,545,546
8291,559,560
8292,278,279
8292,294,295
8292,505,506
8292,545,546
8293,841,842
8293,939,940
8293,951,952
8293,1075,1076
8294,695,696
8294,738,739
8294,951,952
8294,1075,1076
8295,692,693
8295,715,716
8295,776,777
8295,1044,1045
8296,659,660
8296,715,716
8296,973,974
8296,1044,1045
8297,776,777
8297,942,943
8297,973,974
8297,1044,1045
8298,715,716
8298,942,943
8298,973,974
8298,1044,1045
8299,715,716
8299,776,777
8299,942,943
8299,1044,1045
8300,659,660
8300,715,716
8300,889,890
8300,911,912
8301,715,716
8301,772,773
8301,889,890
8301,911,912
8302,715,716
8302,765,766
8302,772,773
8302,889,890
8303,695,696
8303,738,739
8303,889,890
8303,1075,1076
8304,738,739
8304,889,890
8304,954,955
8304,1075,1076
8305,695,696
8305,765,766
8305,889,890
8305,965,966
8306,659,660
8306,889,890
8306,911,912
8306,1086,1087
8307,659,660
8307,889,890
8307,954,955
8307,1086,1087
8308,772,773
8308,889,890
8308,911,912
8308,965,966
8309,765,766
8309,772,773
8309,889,890
8309,965,966
8310,695,696
8310,889,890
8310,939,940
8310,965,966
8311,695,696
8311,889,890
8311,939,940
8311,951,952
8312,695,696
8312,889,890
8312,951,952
8312,1075,1076
8313,889,890
8313,939,940
8313,951,952
8313,1075,1076
8314,889,890
8314,954,955
8314,1086,1087
8314,1238,1239
8315,954,955
8315,1075,1076
8315,1139,1140
8315,1238,1239
8316,889,890
8316,954,955
8316,1075,1076
8316,1238,1239
8317,953,954
8317,977,978
8317,1010,1011
8317,1258,1259
8318,953,954
8318,977,978
8318,1010,1011
8318,1139,1140
8319,1010,1011
8319,1086,1087
8319,1139,1140
8319,1238,1239
8320,977,978
8320,1010,1011
8320,1127,1128
8320,1271,1272
8321,977,978
8321,1010,1011
8321,1258,1259
8321,1271,1272
8322,968,969
8322,1010,1011
8322,1086,1087
8322,1238,1239
8323,1010,1011
8323,1127,1128
8323,1214,1215
8323,1271,1272
8324,1010,1011
8324,1214,1215
8324,1258,1259
8324,1271,1272
8325,968,969
8325,1010,1011
8325,1068,1069
8325,1127,1128
8326,1010,1011
8326,1068,1069
8326,1127,1128
8326,1214,1215
8327,968,969
8327,1010,1011
8327,1068,1069
8327,1086,1087
8328,1562,1563
8328,1611,1612
8328,1630,1631
8328,1715,1716
8329,1611,1612
8329,1630,1631
8329,1715,1716
8329,1816,1817
8330,1481,1482
8330,1562,1563
8330,1630,1631
8330,1715,1716
8331,1481,1482
8331,1630,1631
8331,1715,1716
8331,1816,1817
8332,1512,1513
8332,1611,1612
8332,1630,1631
8332,1816,1817
8333,1356,1357
8333,1512,1513
8333,1611,1612
8333,1630,1631
8334,1392,1393
8334,1562,1563
8334,1611,1612
8334,1630,1631
8335,1356,1357
8335,1392,1393
8335,1611,1612
8335,1630,1631
8336,1356,1357
8336,1392,1393
8336,1562,1563
8336,1630,1631
8337,1356,1357
8337,1440,1441
8337,1562,1563
8337,1630,1631
8338,1440,1441
8338,1476,1477
8338,1481,1482
8338,1630,1631
8339,1440,1441
8339,1481,1482
8339,1562,1563
8339,1630,1631
8340,1476,1477
8340,1481,1482
8340,1582,1583
8340,1630,1631
8341,1481,1482
8341,1582,1583
8341,1630,1631
8341,1816,1817
8342,1512,1513
8342,1582,1583
8342,1630,1631
8342,1816,1817
8343,1476,1477
8343,1582,1583
8343,1630,1631
8343,1633,1634
8344,1512,1513
8344,1582,1583
8344,1630,1631
8344,1633,1634
8345,1440,1441
8345,1476,1477
8345,1630,1631
8345,1633,1634
8346,1356,1357
8346,1440,1441
8346,1630,1631
8346,1633,1634
8347,1356,1357
8347,1512,1513
8347,1630,1631
8347,1633,1634
8348,1502,1503
8348,1622,1623
8348,1662,1663
8348,1783,1784
8349,1533,1534
8349,1622,1623
8349,1662,1663
8349,1783,1784
8350,1503,1504
8350,1533,1534
8350,1622,1623
8350,1783,1784
8351,1502,1503
8351,1622,1623
8351,1658,1659
8351,1783,1784
8352,1503,1504
8352,1622,1623
8352,1658,1659
8352,1783,1784
8353,1533,1534
8353,1622,1623
8353,1662,1663
8353,1677,1678
8354,1503,1504
8354,1533,1534
8354,1622,1623
8354,1660,1661
8355,1502,1503
8355,1518,1519
8355,1622,1623
8355,1658,1659
8356,1503,1504
8356,1518,1519
8356,1622,1623
8356,1658,1659
8357,1481,1482
8357,1502,1503
8357,1622,1623
8357,1662,1663
8358,1481,1482
8358,1622,1623
8358,1662,1663
8358,1677,1678
8359,1533,1534
8359,1622,1623
8359,1660,1661
8359,1677,1678
8360,1503,1504
8360,1518,1519
8360,1622,1623
8360,1823,1824
8361,1503,1504
8361,1622,1623
8361,1660,1661
8361,1823,1824
8362,1476,1477
8362,1502,1503
8362,1518,1519
8362,1622,1623
8363,1476,1477
8363,1481,1482
8363,1502,1503
8363,1622,1623
8364,1481,1482
8364,1582,1583
8364,1622,1623
8364,1677,1678
8365,1582,1583
8365,1622,1623
8365,1660,1661
8365,1677,1678
8366,1507,1508
8366,1518,1519
8366,1622,1623
8366,1823,1824
8367,1507,1508
8367,1622,1623
8367,1660,1661
8367,1823,1824
8368,1476,1477
8368,1518,1519
8368,1582,1583
8368,1622,1623
8369,1476,1477
8369,1481,1482
8369,1582,1583
8369,1622,1623
8370,1507,1508
8370,1518,1519
8370,1582,1583
8370,1622,1623
8371,1507,1508
8371,1582,1583
8371,1622,1623
8371,1660,1661
8372,736,737
8372,814,815
8372,974,975
8372,1062,1063
8373,736,737
8373,974,975
8373,1062,1063
8373,1208,1209
8374,736,737
8374,974,975
8374,1035,1036
8374,1208,1209
8375,703,704
8375,736,737
8375,814,815
8375,974,975
8376,670,671
8376,974,975
8376,986,987
8376,1035,1036
8377,736,737
8377,974,975
8377,986,987
8377,1035,1036
8378,892,893
8378,974,975
8378,1035,1036
8378,1208,1209
8379,670,671
8379,703,704
8379,759,760
8379,974,975
8380,703,704
8380,736,737
8380,759,760
8380,974,975
8381,670,671
8381,759,760
8381,974,975
8381,986,987
8382,736,737
8382,759,760
8382,974,975
8382,986,987
8383,892,893
8383,974,975
8383,1035,1036
8383,1188,1189
8384,670,671
8384,974,975
8384,1035,1036
8384,1188,1189
8385,937,938
8385,940,941
8385,1004,1005
8385,1059,1060
8386,848,849
8386,873,874
8386,937,938
8386,1059,1060
8387,848,849
8387,937,938
8387,1004,1005
8387,1059,1060
8388,868,869
8388,873,874
8388,937,938
8388,1059,1060
8389,868,869
8389,937,938
8389,940,941
8389,1007,1008
8390,868,869
8390,937,938
8390,940,941
8390,1059,1060
8391,848,849
8391,937,938
8391,1004,1005
8391,1224,1225
8392,868,869
8392,937,938
8392,1007,1008
8392,1041,1042
8393,848,849
8393,886,887
8393,937,938
8393,1224,1225
8394,848,849
8394,873,874
8394,886,887
8394,937,938
8395,862,863
8395,868,869
8395,937,938
8395,1041,1042
8396,862,863
8396,873,874
8396,937,938
8396,1041,1042
8397,862,863
8397,868,869
8397,873,874
8397,937,938
8398,873,874
8398,886,887
8398,937,938
8398,1041,1042
8399,886,887
8399,908,909
8399,937,938
8399,1041,1042
8400,713,714
8400,937,938
8400,1007,1008
8400,1041,1042
8401,713,714
8401,908,909
8401,937,938
8401,1007,1008
8402,713,714
8402,908,909
8402,937,938
8402,1041,1042
8403,886,887
8403,908,909
8403,937,938
8403,1227,1228
8404,886,887
8404,937,938
8404,1224,1225
8404,1227,1228
8405,908,909
8405,937,938
8405,1224,1225
8405,1227,1228
8406,944,945
8406,1004,1005
8406,1224,1225
8406,1234,1235
8407,944,945
8407,997,998
8407,1224,1225
8407,1234,1235
8408,944,945
8408,961,962
8408,997,998
8408,1234,1235
8409,874,875
8409,944,945
8409,961,962
8409,1234,1235
8410,874,875
8410,944,945
8410,1004,1005
8410,1234,1235
8411,937,938
8411,944,945
8411,1004,1005
8411,1224,1225
8412,869,870
8412,874,875
8412,944,945
8412,961,962
8413,869,870
8413,874,875
8413,944,945
8413,1004,1005
8414,944,945
8414,961,962
8414,997,998
8414,999,1000
8415,869,870
8415,887,888
8415,900,901
8415,944,945
8416,887,888
8416,900,901
8416,944,945
8416,961,962
8417,869,870
8417,887,888
8417,944,945
8417,961,962
8418,944,945
8418,997,998
8418,1224,1225
8418,1227,1228
8419,944,945
8419,997,998
8419,999,1000
8419,1227,1228
8420,890,891
8420,900,901
8420,944,945
8420,999,1000
8421,890,891
8421,900,901
8421,944,945
8421,961,962
8422,890,891
8422,944,945
8422,961,962
8422,999,1000
8423,869,870
8423,900,901
8423,944,945
8423,1007,1008
8424,869,870
8424,940,941
8424,944,945
8424,1007,1008
8425,869,870
8425,940,941
8425,944,945
8425,1004,1005
8426,937,938
8426,940,941
8426,944,945
8426,1007,1008
8427,937,938
8427,940,941
8427,944,945
8427,1004,1005
8428,900,901
8428,908,909
8428,944,945
8428,999,1000
8429,908,909
8429,937,938
8429,944,945
8429,1224,1225
8430,908,909
8430,944,945
8430,1224,1225
8430,1227,1228
8431,908,909
8431,944,945
8431,999,1000
8431,1227,1228
8432,900,901
8432,908,909
8432,944,945
8432,1007,1008
8433,908,909
8433,937,938
8433,944,945
8433,1007,1008
8434,1130,1131
8434,1273,1274
8434,1319,1320
8434,1413,1414
8435,1150,1151
8435,1273,1274
8435,1319,1320
8435,1413,1414
8436,1130,1131
8436,1319,1320
8436,1390,1391
8436,1413,1414
8437,1130,1131
8437,1273,1274
8437,1413,1414
8437,1417,1418
8438,1150,1151
8438,1273,1274
8438,1413,1414
8438,1417,1418
8439,1124,1125
8439,1150,1151
8439,1319,1320
8439,1413,1414
8440,1130,1131
8440,1203,1204
8440,1413,1414
8440,1417,1418
8441,1319,1320
8441,1324,1325
8441,1390,1391
8441,1413,1414
8442,1124,1125
8442,1319,1320
8442,1324,1325
8442,1413,1414
8443,1124,1125
8443,1150,1151
8443,1413,1414
8443,1446,1447
8444,1203,1204
8444,1354,1355
8444,1413,1414
8444,1417,1418
8445,1150,1151
8445,1203,1204
8445,1354,1355
8445,1413,1414
8446,1150,1151
8446,1354,1355
8446,1413,1414
8446,1417,1418
8447,1130,1131
8447,1203,1204
8447,1413,1414
8447,1453,1454
8448,1069,1070
8448,1324,1325
8448,1390,1391
8448,1413,1414
8449,1069,1070
8449,1124,1125
8449,1324,1325
8449,1413,1414
8450,1069,1070
8450,1124,1125
8450,1413,1414
8450,1446,1447
8451,1130,1131
8451,1291,1292
8451,1413,1414
8451,1453,1454
8452,1130,1131
8452,1291,1292
8452,1390,1391
8452,1413,1414
8453,1203,1204
8453,1413,1414
8453,1446,1447
8453,1453,1454
8454,1150,1151
8454,1203,1204
8454,1413,1414
8454,1446,1447
8455,1069,1070
8455,1291,1292
8455,1390,1391
8455,1413,1414
8456,1210,1211
8456,1291,1292
8456,1413,1414
8456,1453,1454
8457,1069,1070
8457,1210,1211
8457,1291,1292
8457,1413,1414
8458,1210,1211
8458,1413,1414
8458,1446,1447
8458,1453,1454
8459,1069,1070
8459,1256,1257
8459,1413,1414
8459,1446,1447
8460,1069,1070
8460,1210,1211
8460,1256,1257
8460,1413,1414
8461,1210,1211
8461,1256,1257
8461,1413,1414
8461,1446,1447
8462,1299,1300
8462,1318,1319
8462,1354,1355
8462,1383,1384
8463,1299,1300
8463,1354,1355
8463,1357,1358
8463,1383,1384
8464,1218,1219
8464,1299,1300
8464,1318,1319
8464,1354,1355
8465,1299,1300
8465,1357,1358
8465,1380,1381
8465,1383,1384
8466,1150,1151
8466,1218,1219
8466,1299,1300
8466,1354,1355
8467,1150,1151
8467,1299,1300
8467,1354,1355
8467,1357,1358
8468,1299,1300
8468,1318,1319
8468,1383,1384
8468,1422,1423
8469,1299,1300
8469,1380,1381
8469,1383,1384
8469,1422,1423
8470,1299,1300
8470,1357,1358
8470,1380,1381
8470,1531,1532
8471,1150,1151
8471,1218,1219
8471,1299,1300
8471,1349,1350
8472,1150,1151
8472,1299,1300
8472,1349,1350
8472,1357,1358
8473,1299,1300
8473,1380,1381
8473,1422,1423
8473,1555,1556
8474,1299,1300
8474,1380,1381
8474,1531,1532
8474,1555,1556
8475,1299,1300
8475,1349,1350
8475,1357,1358
8475,1531,1532
8476,1293,1294
8476,1299,1300
8476,1318,1319
8476,1422,1423
8477,1293,1294
8477,1299,1300
8477,1422,1423
8477,1555,1556
8478,1299,1300
8478,1410,1411
8478,1531,1532
8478,1555,1556
8479,1299,1300
8479,1349,1350
8479,1384,1385
8479,1531,1532
8480,1218,1219
8480,1299,1300
8480,1349,1350
8480,1384,1385
8481,1293,1294
8481,1299,1300
8481,1318,1319
8481,1410,1411
8482,1293,1294
8482,1299,1300
8482,1410,1411
8482,1555,1556
8483,1294,1295
8483,1299,1300
8483,1318,1319
8483,1410,1411
8484,1218,1219
8484,1294,1295
8484,1299,1300
8484,1410,1411
8485,1218,1219
8485,1294,1295
8485,1299,1300
8485,1318,1319
8486,1299,1300
8486,1384,1385
8486,1410,1411
8486,1531,1532
8487,1218,1219
8487,1299,1300
8487,1384,1385
8487,1410,1411
8488,1696,1697
8488,1743,1744
8488,1795,1796
8488,1814,1815
8489,1695,1696
8489,1743,1744
8489,1795,1796
8489,1814,1815
8490,1695,1696
8490,1737,1738
8490,1795,1796
8490,1814,1815
8491,1666,1667
8491,1695,1696
8491,1737,1738
8491,1814,1815
8492,1666,1667
8492,1695,1696
8492,1743,1744
8492,1814,1815
8493,1737,1738
8493,1795,1796
8493,1814,1815
8493,1827,1828
8494,1696,1697
8494,1795,1796
8494,1814,1815
8494,1827,1828
8495,1737,1738
8495,1814,1815
8495,1827,1828
8495,1829,1830
8496,1696,1697
8496,1814,1815
8496,1827,1828
8496,1829,1830
8497,1696,1697
8497,1749,1750
8497,1814,1815
8497,1829,1830
8498,1696,1697
8498,1743,1744
8498,1749,1750
8498,1814,1815
8499,1666,1667
8499,1737,1738
8499,1750,1751
8499,1814,1815
8500,1737,1738
8500,1750,1751
8500,1814,1815
8500,1829,1830
8501,1666,1667
8501,1743,1744
8501,1748,1749
8501,1814,1815
8502,1743,1744
8502,1748,1749
8502,1749,1750
8502,1814,1815
8503,1666,1667
8503,1750,1751
8503,1771,1772
8503,1814,1815
8504,1750,1751
8504,1779,1780
8504,1814,1815
8504,1829,1830
8505,1749,1750
8505,1779,1780
8505,1814,1815
8505,1829,1830
8506,1666,1667
8506,1748,1749
8506,1771,1772
8506,1814,1815
8507,1748,1749
8507,1749,1750
8507,1771,1772
8507,1814,1815
8508,1750,1751
8508,1771,1772
8508,1779,1780
8508,1814,1815
8509,1749,1750
8509,1771,1772
8509,1779,1780
8509,1814,1815
8510,1082,1083
8510,1205,1206
8510,1246,1247
8510,1435,1436
8511,1082,1083
8511,1220,1221
8511,1246,1247
8511,1435,1436
8512,1071,1072
8512,1082,1083
8512,1205,1206
8512,1246,1247
8513,1071,1072
8513,1082,1083
8513,1220,1221
8513,1246,1247
8514,883,884
8514,1071,1072
8514,1220,1221
8514,1246,1247
8515,1205,1206
8515,1217,1218
8515,1246,1247
8515,1399,1400
8516,1071,1072
8516,1184,1185
8516,1205,1206
8516,1246,1247
8517,1205,1206
8517,1246,1247
8517,1399,1400
8517,1449,1450
8518,1205,1206
8518,1246,1247
8518,1435,1436
8518,1449,1450
8519,1246,1247
8519,1399,1400
8519,1435,1436
8519,1449,1450
8520,1184,1185
8520,1205,1206
8520,1217,1218
8520,1246,1247
8521,883,884
8521,1084,1085
8521,1220,1221
8521,1246,1247
8522,1071,1072
8522,1112,1113
8522,1184,1185
8522,1246,1247
8523,883,884
8523,1071,1072
8523,1112,1113
8523,1246,1247
8524,1112,1113
8524,1184,1185
8524,1217,1218
8524,1246,1247
8525,1112,1113
8525,1217,1218
8525,1246,1247
8525,1385,1386
8526,883,884
8526,1112,1113
8526,1246,1247
8526,1385,1386
8527,883,884
8527,1084,1085
8527,1246,1247
8527,1385,1386
8528,1084,1085
8528,1220,1221
8528,1236,1237
8528,1246,1247
8529,1220,1221
8529,1236,1237
8529,1246,1247
8529,1435,1436
8530,1336,1337
8530,1344,1345
8530,1346,1347
8530,1368,1369
8531,1336,1337
8531,1344,1345
8531,1368,1369
8531,1382,1383
8532,1344,1345
8532,1346,1347
8532,1368,1369
8532,1375,1376
8533,1274,1275
8533,1316,1317
8533,1344,1345
8533,1430,1431
8534,1274,1275
8534,1344,1345
8534,1346,1347
8534,1377,1378
8535,1274,1275
8535,1316,1317
8535,1344,1345
8535,1377,1378
8536,1344,1345
8536,1346,1347
8536,1375,1376
8536,1377,1378
8537,1316,1317
8537,1344,1345
8537,1375,1376
8537,1377,1378
8538,1344,1345
8538,1382,1383
8538,1430,1431
8538,1486,1487
8539,1316,1317
8539,1344,1345
8539,1430,1431
8539,1486,1487
8540,1344,1345
8540,1359,1360
8540,1368,1369
8540,1375,1376
8541,1344,1345
8541,1359,1360
8541,1382,1383
8541,1486,1487
8542,1344,1345
8542,1359,1360
8542,1368,1369
8542,1382,1383
8543,1344,1345
8543,1359,1360
8543,1421,1422
8543,1486,1487
8544,1316,1317
8544,1344,1345
8544,1421,1422
8544,1486,1487
8545,1344,1345
8545,1359,1360
8545,1375,1376
8545,1421,1422
8546,1316,1317
8546,1344,1345
8546,1375,1376
8546,1421,1422
8547,846,847
8547,882,883
8547,987,988
8547,1022,1023
8548,846,847
8548,950,951
8548,987,988
8548,1022,1023
8549,846,847
8549,879,880
8549,950,951
8549,1022,1023
8550,879,880
8550,965,966
8550,1022,1023
8550,1033,1034
8551,879,880
8551,950,951
8551,1022,1023
8551,1033,1034
8552,939,940
8552,965,966
8552,1022,1023
8552,1033,1034
8553,950,951
8553,966,967
8553,1022,1023
8553,1033,1034
8554,939,940
8554,966,967
8554,1022,1023
8554,1033,1034
8555,950,951
8555,966,967
8555,987,988
8555,1022,1023
8556,843,844
8556,966,967
8556,987,988
8556,1022,1023
8557,1096,1097
8557,1173,1174
8557,1226,1227
8557,1348,1349
8558,1173,1174
8558,1226,1227
8558,1348,1349
8558,1386,1387
8559,1079,1080
8559,1096,1097
8559,1173,1174
8559,1226,1227
8560,1134,1135
8560,1226,1227
8560,1258,1259
8560,1386,1387
8561,1226,1227
8561,1258,1259
8561,1348,1349
8561,1386,1387
8562,1101,1102
8562,1173,1174
8562,1226,1227
8562,1386,1387
8563,881,882
8563,1096,1097
8563,1226,1227
8563,1348,1349
8564,881,882
8564,1079,1080
8564,1096,1097
8564,1226,1227
8565,881,882
8565,1134,1135
8565,1226,1227
8565,1258,1259
8566,881,882
8566,1226,1227
8566,1258,1259
8566,1348,1349
8567,1099,1100
8567,1134,1135
8567,1226,1227
8567,1255,1256
8568,1079,1080
8568,1099,1100
8568,1226,1227
8568,1255,1256
8569,1101,1102
8569,1158,1159
8569,1226,1227
8569,1386,1387
8570,881,882
8570,1134,1135
8570,1226,1227
8570,1255,1256
8571,881,882
8571,1079,1080
8571,1226,1227
8571,1255,1256
8572,1099,1100
8572,1134,1135
8572,1158,1159
8572,1226,1227
8573,1099,1100
8573,1101,1102
8573,1158,1159
8573,1226,1227
8574,1099,1100
8574,1101,1102
8574,1226,1227
8574,1253,1254
8575,1079,1080
8575,1099,1100
8575,1226,1227
8575,1253,1254
8576,1101,1102
8576,1173,1174
8576,1226,1227
8576,1253,1254
8577,1079,1080
8577,1173,1174
8577,1226,1227
8577,1253,1254
8578,1134,1135
8578,1155,1156
8578,1158,1159
8578,1226,1227
8579,1155,1156
8579,1158,1159
8579,1226,1227
8579,1386,1387
8580,1134,1135
8580,1155,1156
8580,1226,1227
8580,1386,1387
8581,1478,1479
8581,1686,1687
8581,1714,1715
8581,1783,1784
8582,1686,1687
8582,1714,1715
8582,1757,1758
8582,1783,1784
8583,1478,1479
8583,1658,1659
8583,1714,1715
8583,1783,1784
8584,1658,1659
8584,1714,1715
8584,1757,1758
8584,1783,1784
8585,1686,1687
8585,1714,1715
8585,1757,1758
8585,1800,1801
8586,1478,1479
8586,1569,1570
8586,1658,1659
8586,1714,1715
8587,1478,1479
8587,1686,1687
8587,1714,1715
8587,1729,1730
8588,1478,1479
8588,1485,1486
8588,1714,1715
8588,1729,1730
8589,1478,1479
8589,1485,1486
8589,1569,1570
8589,1714,1715
8590,1485,1486
8590,1714,1715
8590,1719,1720
8590,1729,1730
8591,1686,1687
8591,1714,1715
8591,1729,1730
8591,1800,1801
8592,1714,1715
8592,1719,1720
8592,1729,1730
8592,1800,1801
8593,1713,1714
8593,1714,1715
8593,1719,1720
8593,1800,1801
8594,1713,1714
8594,1714,1715
8594,1757,1758
8594,1800,1801
8595,1485,1486
8595,1599,1600
8595,1714,1715
8595,1719,1720
8596,1485,1486
8596,1569,1570
8596,1599,1600
8596,1714,1715
8597,1599,1600
8597,1713,1714
8597,1714,1715
8597,1719,1720
8598,1655,1656
8598,1658,1659
8598,1714,1715
8598,1757,1758
8599,1655,1656
8599,1713,1714
8599,1714,1715
8599,1757,1758
8600,1599,1600
8600,1655,1656
8600,1713,1714
8600,1714,1715
8601,661,662
8601,846,847
8601,882,883
8601,913,914
8602,661,662
8602,882,883
8602,913,914
8602,1038,1039
8603,661,662
8603,882,883
8603,1038,1039
8603,1052,1053
8604,661,662
8604,846,847
8604,882,883
8604,1022,1023
8605,661,662
8605,717,718
8605,846,847
8605,879,880
8606,661,662
8606,846,847
8606,879,880
8606,1022,1023
8607,661,662
8607,882,883
8607,990,991
8607,1052,1053
8608,661,662
8608,772,773
8608,911,912
8608,1052,1053
8609,661,662
8609,717,718
8609,772,773
8609,879,880
8610,661,662
8610,772,773
8610,911,912
8610,965,966
8611,661,662
8611,911,912
8611,965,966
8611,1022,1023
8612,661,662
8612,772,773
8612,879,880
8612,965,966
8613,661,662
8613,879,880
8613,965,966
8613,1022,1023
8614,723,724
8614,791,792
8614,825,826
8614,1018,1019
8615,724,725
8615,832,833
8615,846,847
8615,1018,1019
8616,724,725
8616,758,759
8616,832,833
8616,1018,1019
8617,724,725
8617,758,759
8617,791,792
8617,1018,1019
8618,723,724
8618,758,759
8618,791,792
8618,1018,1019
8619,758,759
8619,832,833
8619,851,852
8619,1018,1019
8620,723,724
8620,758,759
8620,851,852
8620,1018,1019
8621,723,724
8621,825,826
8621,1018,1019
8621,1058,1059
8622,832,833
8622,846,847
8622,952,953
8622,1018,1019
8623,846,847
8623,913,914
8623,952,953
8623,1018,1019
8624,723,724
8624,851,852
8624,1018,1019
8624,1058,1059
8625,913,914
8625,952,953
8625,1018,1019
8625,1036,1037
8626,913,914
8626,1018,1019
8626,1036,1037
8626,1058,1059
8627,851,852
8627,862,863
8627,1018,1019
8627,1036,1037
8628,851,852
8628,862,863
8628,1018,1019
8628,1058,1059
8629,862,863
8629,1018,1019
8629,1036,1037
8629,1058,1059
8630,832,833
8630,851,852
8630,1018,1019
8630,1027,1028
8631,832,833
8631,952,953
8631,1018,1019
8631,1027,1028
8632,851,852
8632,1018,1019
8632,1027,1028
8632,1036,1037
8633,952,953
8633,1018,1019
8633,1027,1028
8633,1036,1037
8634,717,718
8634,732,733
8634,749,750
8634,956,957
8635,717,718
8635,724,725
8635,749,750
8635,956,957
8636,724,725
8636,749,750
8636,791,792
8636,956,957
8637,749,750
8637,791,792
8637,829,830
8637,956,957
8638,825,826
8638,840,841
8638,914,915
8638,956,957
8639,791,792
8639,825,826
8639,840,841
8639,956,957
8640,732,733
8640,749,750
8640,829,830
8640,956,957
8641,791,792
8641,829,830
8641,840,841
8641,956,957
8642,732,733
8642,829,830
8642,840,841
8642,956,957
8643,701,702
8643,840,841
8643,914,915
8643,956,957
8644,701,702
8644,732,733
8644,840,841
8644,956,957
8645,701,702
8645,732,733
8645,914,915
8645,956,957
8646,759,760
8646,784,785
8646,907,908
8646,918,919
8647,784,785
8647,856,857
8647,907,908
8647,918,919
8648,784,785
8648,811,812
8648,856,857
8648,907,908
8649,759,760
8649,784,785
8649,907,908
8649,986,987
8650,784,785
8650,811,812
8650,907,908
8650,986,987
8651,693,694
8651,759,760
8651,784,785
8651,918,919
8652,743,744
8652,784,785
8652,811,812
8652,856,857
8653,673,674
8653,693,694
8653,743,744
8653,784,785
8654,673,674
8654,693,694
8654,784,785
8654,918,919
8655,673,674
8655,743,744
8655,784,785
8655,856,857
8656,673,674
8656,784,785
8656,856,857
8656,918,919
8657,670,671
8657,759,760
8657,784,785
8657,986,987
8658,670,671
8658,703,704
8658,759,760
8658,784,785
8659,670,671
8659,784,785
8659,811,812
8659,986,987
8660,679,680
8660,743,744
8660,784,785
8660,811,812
8661,670,671
8661,703,704
8661,784,785
8661,975,976
8662,670,671
8662,784,785
8662,811,812
8662,975,976
8663,679,680
8663,784,785
8663,811,812
8663,975,976
8664,693,694
8664,743,744
8664,762,763
8664,784,785
8665,481,482
8665,533,534
8665,583,584
8665,781,782
8666,481,482
8666,521,522
8666,583,584
8666,708,709
8667,481,482
8667,521,522
8667,533,534
8667,583,584
8668,481,482
8668,529,530
8668,548,549
8668,708,709
8669,481,482
8669,521,522
8669,529,530
8669,548,549
8670,481,482
8670,521,522
8670,529,530
8670,708,709
8671,481,482
8671,546,547
8671,548,549
8671,760,761
8672,481,482
8672,546,547
8672,548,549
8672,708,709
8673,481,482
8673,548,549
8673,645,646
8673,760,761
8674,481,482
8674,533,534
8674,781,782
8674,801,802
8675,481,482
8675,532,533
8675,546,547
8675,760,761
8676,481,482
8676,532,533
8676,546,547
8676,708,709
8677,479,480
8677,481,482
8677,548,549
8677,645,646
8678,481,482
8678,645,646
8678,760,761
8678,836,837
8679,481,482
8679,760,761
8679,781,782
8679,836,837
8680,481,482
8680,781,782
8680,801,802
8680,836,837
8681,479,480
8681,481,482
8681,548,549
8681,750,751
8682,479,480
8682,481,482
8682,521,522
8682,750,751
8683,481,482
8683,521,522
8683,548,549
8683,750,751
8684,417,418
8684,479,480
8684,481,482
8684,521,522
8685,417,418
8685,481,482
8685,521,522
8685,533,534
8686,479,480
8686,481,482
8686,645,646
8686,836,837
8687,479,480
8687,481,482
8687,801,802
8687,836,837
8688,417,418
8688,479,480
8688,481,482
8688,801,802
8689,417,418
8689,481,482
8689,533,534
8689,801,802
8690,509,510
8690,579,580
8690,581,582
8690,583,584
8691,509,510
8691,532,533
8691,581,582
8691,583,584
8692,460,461
8692,579,580
8692,581,582
8692,583,584
8693,460,461
8693,581,582
8693,583,584
8693,781,782
8694,460,461
8694,566,567
8694,579,580
8694,581,582
8695,481,482
8695,532,533
8695,581,582
8695,760,761
8696,481,482
8696,581,582
8696,760,761
8696,781,782
8697,481,482
8697,581,582
8697,583,584
8697,781,782
8698,386,387
8698,566,567
8698,579,580
8698,581,582
8699,386,387
8699,509,510
8699,579,580
8699,581,582
8700,405,406
8700,509,510
8700,532,533
8700,581,582
8701,460,461
8701,566,567
8701,581,582
8701,632,633
8702,460,461
8702,581,582
8702,632,633
8702,781,782
8703,581,582
8703,632,633
8703,760,761
8703,781,782
8704,532,533
8704,581,582
8704,583,584
8704,708,709
8705,481,482
8705,532,533
8705,581,582
8705,708,709
8706,481,482
8706,581,582
8706,583,584
8706,708,709
8707,386,387
8707,405,406
8707,566,567
8707,581,582
8708,386,387
8708,405,406
8708,509,510
8708,581,582
8709,1497,1498
8709,1609,1610
8709,1642,1643
8709,1651,1652
8710,1497,1498
8710,1599,1600
8710,1642,1643
8710,1651,1652
8711,1497,1498
8711,1520,1521
8711,1609,1610
8711,1651,1652
8712,1609,1610
8712,1642,1643
8712,1651,1652
8712,1781,1782
8713,1642,1643
8713,1651,1652
8713,1655,1656
8713,1781,1782
8714,1609,1610
8714,1651,1652
8714,1655,1656
8714,1781,1782
8715,1642,1643
8715,1651,1652
8715,1655,1656
8715,1713,1714
8716,1599,1600
8716,1642,1643
8716,1651,1652
8716,1713,1714
8717,1599,1600
8717,1651,1652
8717,1655,1656
8717,1713,1714
8718,1497,1498
8718,1517,1518
8718,1520,1521
8718,1651,1652
8719,1497,1498
8719,1517,1518
8719,1599,1600
8719,1651,1652
8720,1548,1549
8720,1609,1610
8720,1651,1652
8720,1720,1721
8721,1609,1610
8721,1651,1652
8721,1655,1656
8721,1720,1721
8722,1548,1549
8722,1651,1652
8722,1655,1656
8722,1720,1721
8723,1548,1549
8723,1651,1652
8723,1655,1656
8723,1658,1659
8724,1520,1521
8724,1548,1549
8724,1623,1624
8724,1651,1652
8725,1517,1518
8725,1520,1521
8725,1623,1624
8725,1651,1652
8726,1548,1549
8726,1623,1624
8726,1651,1652
8726,1658,1659
8727,1651,1652
8727,1655,1656
8727,1658,1659
8727,1714,1715
8728,1599,1600
8728,1651,1652
8728,1655,1656
8728,1714,1715
8729,1520,1521
8729,1593,1594
8729,1609,1610
8729,1651,1652
8730,1548,1549
8730,1593,1594
8730,1609,1610
8730,1651,1652
8731,1520,1521
8731,1548,1549
8731,1593,1594
8731,1651,1652
8732,1517,1518
8732,1569,1570
8732,1623,1624
8732,1651,1652
8733,1517,1518
8733,1569,1570
8733,1599,1600
8733,1651,1652
8734,1569,1570
8734,1623,1624
8734,1651,1652
8734,1658,1659
8735,1569,1570
8735,1651,1652
8735,1658,1659
8735,1714,1715
8736,1569,1570
8736,1599,1600
8736,1651,1652
8736,1714,1715
8737,52,53
8737,82,83
8737,101,102
8737,249,250
8738,52,53
8738,82,83
8738,218,219
8738,249,250
8739,82,83
8739,101,102
8739,169,170
8739,207,208
8740,52,53
8740,82,83
8740,101,102
8740,207,208
8741,52,53
8741,82,83
8741,207,208
8741,218,219
8742,82,83
8742,127,128
8742,169,170
8742,189,190
8743,82,83
8743,169,170
8743,189,190
8743,207,208
8744,82,83
8744,189,190
8744,207,208
8744,218,219
8745,98,99
8745,113,114
8745,249,250
8745,602,603
8746,98,99
8746,289,290
8746,327,328
8746,602,603
8747,98,99
8747,113,114
8747,327,328
8747,602,603
8748,98,99
8748,127,128
8748,289,290
8748,327,328
8749,98,99
8749,113,114
8749,218,219
8749,249,250
8750,82,83
8750,98,99
8750,218,219
8750,249,250
8751,98,99
8751,127,128
8751,218,219
8751,327,328
8752,98,99
8752,113,114
8752,218,219
8752,327,328
8753,98,99
8753,127,128
8753,189,190
8753,218,219
8754,82,83
8754,98,99
8754,189,190
8754,218,219
8755,82,83
8755,98,99
8755,127,128
8755,189,190
8756,3,4
8756,108,109
8756,204,205
8756,291,292
8757,3,4
8757,108,109
8757,204,205
8757,559,560
8758,204,205
8758,238,239
8758,341,342
8758,516,517
8759,204,205
8759,362,363
8759,516,517
8759,559,560
8760,3,4
8760,204,205
8760,362,363
8760,559,560
8761,33,34
8761,204,205
8761,238,239
8761,291,292
8762,33,34
8762,108,109
8762,204,205
8762,291,292
8763,33,34
8763,108,109
8763,171,172
8763,204,205
8764,110,111
8764,204,205
8764,238,239
8764,291,292
8765,3,4
8765,110,111
8765,204,205
8765,291,292
8766,204,205
8766,238,239
8766,362,363
8766,516,517
8767,110,111
8767,204,205
8767,238,239
8767,362,363
8768,3,4
8768,110,111
8768,204,205
8768,362,363
8769,55,56
8769,135,136
8769,170,171
8769,352,353
8770,55,56
8770,108,109
8770,135,136
8770,352,353
8771,135,136
8771,170,171
8771,223,224
8771,547,548
8772,55,56
8772,135,136
8772,170,171
8772,547,548
8773,135,136
8773,170,171
8773,223,224
8773,342,343
8774,135,136
8774,223,224
8774,547,548
8774,559,560
8775,55,56
8775,135,136
8775,547,548
8775,559,560
8776,55,56
8776,108,109
8776,135,136
8776,559,560
8777,108,109
8777,135,136
8777,204,205
8777,559,560
8778,111,112
8778,135,136
8778,223,224
8778,342,343
8779,104,105
8779,135,136
8779,170,171
8779,342,343
8780,104,105
8780,135,136
8780,170,171
8780,352,353
8781,108,109
8781,135,136
8781,171,172
8781,352,353
8782,135,136
8782,223,224
8782,516,517
8782,559,560
8783,135,136
8783,204,205
8783,516,517
8783,559,560
8784,104,105
8784,111,112
8784,135,136
8784,342,343
8785,111,112
8785,135,136
8785,223,224
8785,516,517
8786,676,677
8786,732,733
8786,748,749
8786,770,771
8787,676,677
8787,732,733
8787,748,749
8787,749,750
8788,676,677
8788,732,733
8788,770,771
8788,1051,1052
8789,527,528
8789,676,677
8789,770,771
8789,1032,1033
8790,527,528
8790,676,677
8790,748,749
8790,770,771
8791,676,677
8791,770,771
8791,1032,1033
8791,1051,1052
8792,676,677
8792,717,718
8792,732,733
8792,749,750
8793,527,528
8793,676,677
8793,730,731
8793,748,749
8794,676,677
8794,730,731
8794,748,749
8794,749,750
8795,676,677
8795,717,718
8795,772,773
8795,1051,1052
8796,676,677
8796,715,716
8796,772,773
8796,1051,1052
8797,676,677
8797,715,716
8797,1032,1033
8797,1051,1052
8798,527,528
8798,676,677
8798,924,925
8798,1032,1033
8799,676,677
8799,765,766
8799,924,925
8799,1032,1033
8800,676,677
8800,715,716
8800,765,766
8800,772,773
8801,676,677
8801,715,716
8801,765,766
8801,1032,1033
8802,527,528
8802,676,677
8802,730,731
8802,924,925
8803,897,898
8803,938,939
8803,946,947
8803,978,979
8804,897,898
8804,938,939
8804,946,947
8804,1068,1069
8805,938,939
8805,990,991
8805,1023,1024
8805,1052,1053
8806,870,871
8806,938,939
8806,990,991
8806,1023,1024
8807,870,871
8807,938,939
8807,1023,1024
8807,1250,1251
8808,938,939
8808,1023,1024
8808,1052,1053
8808,1248,1249
8809,938,939
8809,978,979
8809,1052,1053
8809,1248,1249
8810,938,939
8810,946,947
8810,1020,1021
8810,1250,1251
8811,938,939
8811,1023,1024
8811,1201,1202
8811,1250,1251
8812,870,871
8812,938,939
8812,990,991
8812,1068,1069
8813,938,939
8813,946,947
8813,1068,1069
8813,1209,1210
8814,938,939
8814,946,947
8814,1209,1210
8814,1250,1251
8815,938,939
8815,1023,1024
8815,1201,1202
8815,1248,1249
8816,938,939
8816,978,979
8816,1201,1202
8816,1248,1249
8817,938,939
8817,946,947
8817,1020,1021
8817,1252,1253
8818,938,939
8818,946,947
8818,978,979
8818,1252,1253
8819,938,939
8819,1020,1021
8819,1201,1202
8819,1250,1251
8820,870,871
8820,938,939
8820,1068,1069
8820,1209,1210
8821,870,871
8821,938,939
8821,1209,1210
8821,1250,1251
8822,938,939
8822,1020,1021
8822,1201,1202
8822,1252,1253
8823,938,939
8823,978,979
8823,1201,1202
8823,1252,1253
8824,882,883
8824,1000,1001
8824,1023,1024
8824,1248,1249
8825,882,883
8825,1000,1001
8825,1023,1024
8825,1254,1255
8826,882,883
8826,1000,1001
8826,1066,1067
8826,1254,1255
8827,1000,1001
8827,1023,1024
8827,1066,1067
8827,1254,1255
8828,882,883
8828,1000,1001
8828,1066,1067
8828,1240,1241
8829,930,931
8829,1000,1001
8829,1023,1024
8829,1248,1249
8830,882,883
8830,913,914
8830,1000,1001
8830,1240,1241
8831,882,883
8831,913,914
8831,1000,1001
8831,1248,1249
8832,857,858
8832,1000,1001
8832,1066,1067
8832,1240,1241
8833,913,914
8833,930,931
8833,1000,1001
8833,1248,1249
8834,883,884
8834,930,931
8834,962,963
8834,1000,1001
8835,883,884
8835,930,931
8835,1000,1001
8835,1023,1024
8836,857,858
8836,930,931
8836,962,963
8836,1000,1001
8837,857,858
8837,962,963
8837,1000,1001
8837,1066,1067
8838,883,884
8838,962,963
8838,1000,1001
8838,1066,1067
8839,883,884
8839,1000,1001
8839,1023,1024
8839,1066,1067
8840,857,858
8840,930,931
8840,1000,1001
8840,1036,1037
8841,913,914
8841,930,931
8841,1000,1001
8841,1036,1037
8842,857,858
8842,1000,1001
8842,1036,1037
8842,1240,1241
8843,913,914
8843,1000,1001
8843,1036,1037
8843,1240,1241
8844,839,840
8844,902,903
8844,978,979
8844,1005,1006
8845,839,840
8845,978,979
8845,1005,1006
8845,1052,1053
8846,902,903
8846,978,979
8846,1005,1006
8846,1038,1039
8847,978,979
8847,1005,1006
8847,1038,1039
8847,1052,1053
8848,681,682
8848,839,840
8848,902,903
8848,1005,1006
8849,661,662
8849,1005,1006
8849,1038,1039
8849,1052,1053
8850,681,682
8850,876,877
8850,902,903
8850,1005,1006
8851,876,877
8851,902,903
8851,1005,1006
8851,1038,1039
8852,772,773
8852,839,840
8852,1005,1006
8852,1052,1053
8853,661,662
8853,772,773
8853,1005,1006
8853,1052,1053
8854,876,877
8854,914,915
8854,1005,1006
8854,1038,1039
8855,681,682
8855,839,840
8855,1005,1006
8855,1051,1052
8856,661,662
8856,717,718
8856,772,773
8856,1005,1006
8857,773,774
8857,876,877
8857,914,915
8857,1005,1006
8858,681,682
8858,773,774
8858,876,877
8858,1005,1006
8859,433,434
8859,681,682
8859,1005,1006
8859,1051,1052
8860,717,718
8860,772,773
8860,1005,1006
8860,1051,1052
8861,772,773
8861,839,840
8861,1005,1006
8861,1051,1052
8862,433,434
8862,773,774
8862,914,915
8862,1005,1006
8863,433,434
8863,681,682
8863,773,774
8863,1005,1006
8864,433,434
8864,732,733
8864,914,915
8864,1005,1006
8865,433,434
8865,732,733
8865,1005,1006
8865,1051,1052
8866,732,733
8866,914,915
8866,956,957
8866,1005,1006
8867,717,718
8867,732,733
8867,956,957
8867,1005,1006
8868,676,677
8868,717,718
8868,732,733
8868,1005,1006
8869,676,677
8869,717,718
8869,1005,1006
8869,1051,1052
8870,676,677
8870,732,733
8870,1005,1006
8870,1051,1052
8871,839,840
8871,978,979
8871,1029,1030
8871,1052,1053
8872,839,840
8872,897,898
8872,978,979
8872,1029,1030
8873,938,939
8873,978,979
8873,1029,1030
8873,1052,1053
8874,897,898
8874,938,939
8874,978,979
8874,1029,1030
8875,938,939
8875,990,991
8875,1029,1030
8875,1052,1053
8876,911,912
8876,990,991
8876,1029,1030
8876,1052,1053
8877,839,840
8877,911,912
8877,1029,1030
8877,1052,1053
8878,938,939
8878,990,991
8878,1029,1030
8878,1068,1069
8879,897,898
8879,938,939
8879,1029,1030
8879,1068,1069
8880,990,991
8880,1029,1030
8880,1068,1069
8880,1086,1087
8881,659,660
8881,839,840
8881,897,898
8881,1029,1030
8882,659,660
8882,911,912
8882,1029,1030
8882,1086,1087
8883,659,660
8883,839,840
8883,911,912
8883,1029,1030
8884,905,906
8884,1029,1030
8884,1068,1069
8884,1086,1087
8885,897,898
8885,905,906
8885,1029,1030
8885,1068,1069
8886,659,660
8886,897,898
8886,905,906
8886,1029,1030
8887,990,991
8887,1068,1069
8887,1086,1087
8887,1098,1099
8888,870,871
8888,990,991
8888,1068,1069
8888,1098,1099
8889,870,871
8889,1068,1069
8889,1098,1099
8889,1214,1215
8890,1010,1011
8890,1068,1069
8890,1086,1087
8890,1098,1099
8891,1010,1011
8891,1068,1069
8891,1098,1099
8891,1214,1215
8892,870,871
8892,990,991
8892,1098,1099
8892,1254,1255
8893,870,871
8893,881,882
8893,1098,1099
8893,1254,1255
8894,1010,1011
8894,1098,1099
8894,1214,1215
8894,1258,1259
8895,881,882
8895,1098,1099
8895,1214,1215
8895,1258,1259
8896,843,844
8896,881,882
8896,1098,1099
8896,1254,1255
8897,843,844
8897,881,882
8897,1098,1099
8897,1258,1259
8898,953,954
8898,1010,1011
8898,1098,1099
8898,1258,1259
8899,843,844
8899,953,954
8899,1098,1099
8899,1258,1259
8900,1195,1196
8900,1214,1215
8900,1271,1272
8900,1348,1349
8901,1161,1162
8901,1195,1196
8901,1214,1215
8901,1348,1349
8902,1195,1196
8902,1204,1205
8902,1271,1272
8902,1348,1349
8903,1161,1162
8903,1195,1196
8903,1204,1205
8903,1348,1349
8904,1161,1162
8904,1195,1196
8904,1214,1215
8904,1350,1351
8905,1127,1128
8905,1195,1196
8905,1214,1215
8905,1350,1351
8906,1127,1128
8906,1195,1196
8906,1214,1215
8906,1271,1272
8907,1083,1084
8907,1161,1162
8907,1195,1196
8907,1350,1351
8908,1083,1084
8908,1161,1162
8908,1195,1196
8908,1405,1406
8909,1161,1162
8909,1195,1196
8909,1204,1205
8909,1405,1406
8910,1173,1174
8910,1181,1182
8910,1335,1336
8910,1371,1372
8911,1181,1182
8911,1335,1336
8911,1371,1372
8911,1442,1443
8912,1173,1174
8912,1335,1336
8912,1371,1372
8912,1397,1398
8913,1181,1182
8913,1297,1298
8913,1335,1336
8913,1442,1443
8914,1101,1102
8914,1335,1336
8914,1343,1344
8914,1397,1398
8915,1101,1102
8915,1173,1174
8915,1335,1336
8915,1397,1398
8916,1101,1102
8916,1173,1174
8916,1181,1182
8916,1335,1336
8917,1330,1331
8917,1335,1336
8917,1343,1344
8917,1397,1398
8918,1101,1102
8918,1181,1182
8918,1297,1298
8918,1335,1336
8919,1335,1336
8919,1371,1372
8919,1442,1443
8919,1560,1561
8920,1101,1102
8920,1335,1336
8920,1343,1344
8920,1369,1370
8921,1297,1298
8921,1335,1336
8921,1343,1344
8921,1369,1370
8922,1101,1102
8922,1297,1298
8922,1335,1336
8922,1369,1370
8923,1297,1298
8923,1306,1307
8923,1335,1336
8923,1343,1344
8924,1306,1307
8924,1330,1331
8924,1335,1336
8924,1343,1344
8925,1297,1298
8925,1335,1336
8925,1415,1416
8925,1442,1443
8926,1317,1318
8926,1335,1336
8926,1415,1416
8926,1442,1443
8927,1317,1318
8927,1330,1331
8927,1335,1336
8927,1415,1416
8928,1297,1298
8928,1306,1307
8928,1335,1336
8928,1415,1416
8929,1306,1307
8929,1330,1331
8929,1335,1336
8929,1415,1416
8930,625,626
8930,688,689
8930,693,694
8930,716,717
8931,625,626
8931,693,694
8931,716,717
8931,729,730
8932,688,689
8932,693,694
8932,716,717
8932,759,760
8933,688,689
8933,716,717
8933,759,760
8933,815,816
8934,703,704
8934,716,717
8934,759,760
8934,784,785
8935,693,694
8935,716,717
8935,759,760
8935,784,785
8936,716,717
8936,759,760
8936,814,815
8936,815,816
8937,703,704
8937,716,717
8937,759,760
8937,814,815
8938,519,520
8938,591,592
8938,615,616
8938,617,618
8939,336,337
8939,455,456
8939,519,520
8939,617,618
8940,519,520
8940,534,535
8940,615,616
8940,617,618
8941,393,394
8941,402,403
8941,586,587
8941,830,831
8942,380,381
8942,393,394
8942,688,689
8942,830,831
8943,393,394
8943,402,403
8943,760,761
8943,830,831
8944,380,381
8944,393,394
8944,760,761
8944,830,831
8945,794,795
8945,815,816
8945,847,848
8945,894,895
8946,688,689
8946,794,795
8946,815,816
8946,894,895
8947,759,760
8947,815,816
8947,847,848
8947,894,895
8948,688,689
8948,759,760
8948,815,816
8948,894,895
8949,759,760
8949,837,838
8949,847,848
8949,894,895
8950,699,700
8950,837,838
8950,847,848
8950,894,895
8951,699,700
8951,794,795
8951,847,848
8951,894,895
8952,688,689
8952,759,760
8952,790,791
8952,894,895
8953,699,700
8953,754,755
8953,794,795
8953,894,895
8954,759,760
8954,837,838
8954,894,895
8954,963,964
8955,688,689
8955,754,755
8955,790,791
8955,894,895
8956,688,689
8956,754,755
8956,794,795
8956,894,895
8957,699,700
8957,837,838
8957,842,843
8957,894,895
8958,699,700
8958,754,755
8958,842,843
8958,894,895
8959,837,838
8959,842,843
8959,894,895
8959,963,964
8960,790,791
8960,842,843
8960,894,895
8960,963,964
8961,759,760
8961,894,895
8961,918,919
8961,963,964
8962,790,791
8962,894,895
8962,918,919
8962,963,964
8963,759,760
8963,790,791
8963,894,895
8963,918,919
8964,754,755
8964,790,791
8964,842,843
8964,894,895
8965,463,464
8965,593,594
8965,617,618
8965,643,644
8966,463,464
8966,563,564
8966,617,618
8966,643,644
8967,449,450
8967,501,502
8967,632,633
8967,643,644
8968,463,464
8968,494,495
8968,593,594
8968,643,644
8969,494,495
8969,501,502
8969,593,594
8969,643,644
8970,402,403
8970,501,502
8970,632,633
8970,643,644
8971,449,450
8971,566,567
8971,632,633
8971,643,644
8972,356,357
8972,563,564
8972,566,567
8972,643,644
8973,356,357
8973,463,464
8973,563,564
8973,643,644
8974,449,450
8974,463,464
8974,494,495
8974,643,644
8975,449,450
8975,494,495
8975,501,502
8975,643,644
8976,356,357
8976,449,450
8976,566,567
8976,643,644
8977,356,357
8977,449,450
8977,463,464
8977,643,644
8978,431,432
8978,455,456
8978,589,590
8978,600,601
8979,244,245
8979,418,419
8979,431,432
8979,600,601
8980,418,419
8980,431,432
8980,455,456
8980,600,601
8981,326,327
8981,589,590
8981,600,601
8981,622,623
8982,244,245
8982,310,311
8982,431,432
8982,600,601
8983,431,432
8983,439,440
8983,589,590
8983,600,601
8984,439,440
8984,589,590
8984,600,601
8984,622,623
8985,326,327
8985,368,369
8985,600,601
8985,622,623
8986,310,311
8986,368,369
8986,600,601
8986,622,623
8987,310,311
8987,431,432
8987,439,440
8987,600,601
8988,310,311
8988,439,440
8988,600,601
8988,622,623
8989,881,882
8989,1096,1097
8989,1138,1139
8989,1263,1264
8990,870,871
8990,881,882
8990,1138,1139
8990,1263,1264
8991,870,871
8991,1084,1085
8991,1138,1139
8991,1263,1264
8992,881,882
8992,1096,1097
8992,1138,1139
8992,1348,1349
8993,870,871
8993,976,977
8993,1084,1085
8993,1138,1139
8994,1084,1085
8994,1138,1139
8994,1263,1264
8994,1385,1386
8995,1084,1085
8995,1122,1123
8995,1138,1139
8995,1385,1386
8996,1096,1097
8996,1138,1139
8996,1263,1264
8996,1385,1386
8997,1096,1097
8997,1122,1123
8997,1138,1139
8997,1385,1386
8998,976,977
8998,1138,1139
8998,1214,1215
8998,1348,1349
8999,881,882
8999,1138,1139
8999,1214,1215
8999,1348,1349
9000,870,871
9000,976,977
9000,1138,1139
9000,1214,1215
9001,976,977
9001,1084,1085
9001,1138,1139
9001,1275,1276
9002,1096,1097
9002,1138,1139
9002,1305,1306
9002,1348,1349
9003,1096,1097
9003,1122,1123
9003,1138,1139
9003,1305,1306
9004,870,871
9004,1098,1099
9004,1138,1139
9004,1214,1215
9005,870,871
9005,881,882
9005,1098,1099
9005,1138,1139
9006,881,882
9006,1098,1099
9006,1138,1139
9006,1214,1215
9007,1122,1123
9007,1138,1139
9007,1275,1276
9007,1305,1306
9008,976,977
9008,1138,1139
9008,1161,1162
9008,1275,1276
9009,976,977
9009,1138,1139
9009,1161,1162
9009,1348,1349
9010,1138,1139
9010,1161,1162
9010,1275,1276
9010,1305,1306
9011,1138,1139
9011,1161,1162
9011,1305,1306
9011,1348,1349
9012,692,693
9012,715,716
9012,800,801
9012,1044,1045
9013,692,693
9013,800,801
9013,1028,1029
9013,1044,1045
9014,692,693
9014,715,716
9014,800,801
9014,1032,1033
9015,692,693
9015,800,801
9015,1028,1029
9015,1032,1033
9016,715,716
9016,765,766
9016,800,801
9016,1032,1033
9017,765,766
9017,800,801
9017,1028,1029
9017,1032,1033
9018,659,660
9018,715,716
9018,800,801
9018,1044,1045
9019,659,660
9019,800,801
9019,954,955
9019,1044,1045
9020,715,716
9020,765,766
9020,800,801
9020,889,890
9021,659,660
9021,715,716
9021,800,801
9021,889,890
9022,659,660
9022,800,801
9022,889,890
9022,954,955
9023,738,739
9023,800,801
9023,889,890
9023,954,955
9024,738,739
9024,800,801
9024,818,819
9024,1028,1029
9025,765,766
9025,800,801
9025,818,819
9025,1028,1029
9026,695,696
9026,738,739
9026,800,801
9026,889,890
9027,695,696
9027,765,766
9027,800,801
9027,889,890
9028,695,696
9028,738,739
9028,800,801
9028,818,819
9029,695,696
9029,765,766
9029,800,801
9029,818,819
9030,889,890
9030,911,912
9030,1086,1087
9030,1229,1230
9031,889,890
9031,911,912
9031,965,966
9031,1229,1230
9032,889,890
9032,939,940
9032,965,966
9032,1229,1230
9033,911,912
9033,965,966
9033,1022,1023
9033,1229,1230
9034,939,940
9034,965,966
9034,1022,1023
9034,1229,1230
9035,843,844
9035,953,954
9035,1098,1099
9035,1229,1230
9036,841,842
9036,843,844
9036,953,954
9036,1229,1230
9037,953,954
9037,1010,1011
9037,1139,1140
9037,1229,1230
9038,1010,1011
9038,1086,1087
9038,1139,1140
9038,1229,1230
9039,1086,1087
9039,1139,1140
9039,1229,1230
9039,1238,1239
9040,889,890
9040,1086,1087
9040,1229,1230
9040,1238,1239
9041,841,842
9041,953,954
9041,1139,1140
9041,1229,1230
9042,953,954
9042,1010,1011
9042,1098,1099
9042,1229,1230
9043,1010,1011
9043,1086,1087
9043,1098,1099
9043,1229,1230
9044,841,842
9044,843,844
9044,966,967
9044,1229,1230
9045,841,842
9045,939,940
9045,966,967
9045,1229,1230
9046,843,844
9046,939,940
9046,966,967
9046,1229,1230
9047,1075,1076
9047,1139,1140
9047,1229,1230
9047,1238,1239
9048,889,890
9048,1075,1076
9048,1229,1230
9048,1238,1239
9049,841,842
9049,1075,1076
9049,1139,1140
9049,1229,1230
9050,841,842
9050,939,940
9050,1075,1076
9050,1229,1230
9051,889,890
9051,939,940
9051,1075,1076
9051,1229,1230
9052,659,660
9052,973,974
9052,1044,1045
9052,1213,1214
9053,659,660
9053,905,906
9053,973,974
9053,1213,1214
9054,905,906
9054,968,969
9054,1086,1087
9054,1213,1214
9055,968,969
9055,1086,1087
9055,1213,1214
9055,1238,1239
9056,659,660
9056,954,955
9056,1044,1045
9056,1213,1214
9057,659,660
9057,954,955
9057,1086,1087
9057,1213,1214
9058,954,955
9058,1086,1087
9058,1213,1214
9058,1238,1239
9059,659,660
9059,1029,1030
9059,1086,1087
9059,1213,1214
9060,659,660
9060,905,906
9060,1029,1030
9060,1213,1214
9061,905,906
9061,1029,1030
9061,1086,1087
9061,1213,1214
9062,1244,1245
9062,1246,1247
9062,1399,1400
9062,1435,1436
9063,1198,1199
9063,1244,1245
9063,1399,1400
9063,1435,1436
9064,1198,1199
9064,1244,1245
9064,1399,1400
9064,1471,1472
9065,1122,1123
9065,1182,1183
9065,1244,1245
9065,1385,1386
9066,1217,1218
9066,1244,1245
9066,1246,1247
9066,1399,1400
9067,1217,1218
9067,1244,1245
9067,1246,1247
9067,1385,1386
9068,1084,1085
9068,1244,1245
9068,1246,1247
9068,1385,1386
9069,1108,1109
9069,1198,1199
9069,1244,1245
9069,1471,1472
9070,1108,1109
9070,1122,1123
9070,1244,1245
9070,1471,1472
9071,1182,1183
9071,1244,1245
9071,1399,1400
9071,1471,1472
9072,1122,1123
9072,1182,1183
9072,1244,1245
9072,1471,1472
9073,1084,1085
9073,1122,1123
9073,1244,1245
9073,1385,1386
9074,1182,1183
9074,1217,1218
9074,1244,1245
9074,1399,1400
9075,1182,1183
9075,1217,1218
9075,1244,1245
9075,1385,1386
9076,1084,1085
9076,1236,1237
9076,1244,1245
9076,1246,1247
9077,1236,1237
9077,1244,1245
9077,1246,1247
9077,1435,1436
9078,1108,1109
9078,1198,1199
9078,1244,1245
9078,1275,1276
9079,1108,1109
9079,1122,1123
9079,1244,1245
9079,1275,1276
9080,1198,1199
9080,1236,1237
9080,1244,1245
9080,1435,1436
9081,1198,1199
9081,1236,1237
9081,1244,1245
9081,1275,1276
9082,1084,1085
9082,1236,1237
9082,1244,1245
9082,1275,1276
9083,1084,1085
9083,1138,1139
9083,1244,1245
9083,1275,1276
9084,1122,1123
9084,1138,1139
9084,1244,1245
9084,1275,1276
9085,1084,1085
9085,1122,1123
9085,1138,1139
9085,1244,1245
9086,1336,1337
9086,1344,1345
9086,1346,1347
9086,1451,1452
9087,1274,1275
9087,1344,1345
9087,1346,1347
9087,1451,1452
9088,1336,1337
9088,1346,1347
9088,1376,1377
9088,1451,1452
9089,1170,1171
9089,1274,1275
9089,1346,1347
9089,1451,1452
9090,1274,1275
9090,1344,1345
9090,1430,1431
9090,1451,1452
9091,1170,1171
9091,1346,1347
9091,1376,1377
9091,1451,1452
9092,1170,1171
9092,1376,1377
9092,1449,1450
9092,1451,1452
9093,1336,1337
9093,1376,1377
9093,1451,1452
9093,1463,1464
9094,1376,1377
9094,1449,1450
9094,1451,1452
9094,1463,1464
9095,1087,1088
9095,1170,1171
9095,1274,1275
9095,1451,1452
9096,1087,1088
9096,1170,1171
9096,1449,1450
9096,1451,1452
9097,1336,1337
9097,1382,1383
9097,1451,1452
9097,1463,1464
9098,1336,1337
9098,1344,1345
9098,1382,1383
9098,1451,1452
9099,1274,1275
9099,1313,1314
9099,1430,1431
9099,1451,1452
9100,1087,1088
9100,1274,1275
9100,1313,1314
9100,1451,1452
9101,1087,1088
9101,1313,1314
9101,1449,1450
9101,1451,1452
9102,1344,1345
9102,1382,1383
9102,1430,1431
9102,1451,1452
9103,1313,1314
9103,1449,1450
9103,1451,1452
9103,1463,1464
9104,1366,1367
9104,1382,1383
9104,1451,1452
9104,1463,1464
9105,1366,1367
9105,1382,1383
9105,1430,1431
9105,1451,1452
9106,1313,1314
9106,1366,1367
9106,1451,1452
9106,1463,1464
9107,1313,1314
9107,1366,1367
9107,1430,1431
9107,1451,1452
9108,661,662
9108,882,883
9108,990,991
9108,1046,1047
9109,911,912
9109,1022,1023
9109,1046,1047
9109,1229,1230
9110,661,662
9110,911,912
9110,1022,1023
9110,1046,1047
9111,661,662
9111,882,883
9111,1022,1023
9111,1046,1047
9112,882,883
9112,987,988
9112,1022,1023
9112,1046,1047
9113,911,912
9113,990,991
9113,1046,1047
9113,1052,1053
9114,661,662
9114,911,912
9114,1046,1047
9114,1052,1053
9115,661,662
9115,990,991
9115,1046,1047
9115,1052,1053
9116,882,883
9116,990,991
9116,1046,1047
9116,1254,1255
9117,882,883
9117,987,988
9117,1046,1047
9117,1254,1255
9118,843,844
9118,987,988
9118,1022,1023
9118,1046,1047
9119,990,991
9119,1046,1047
9119,1086,1087
9119,1098,1099
9120,911,912
9120,1046,1047
9120,1086,1087
9120,1229,1230
9121,1046,1047
9121,1086,1087
9121,1098,1099
9121,1229,1230
9122,843,844
9122,1046,1047
9122,1098,1099
9122,1229,1230
9123,843,844
9123,939,940
9123,1046,1047
9123,1229,1230
9124,939,940
9124,1022,1023
9124,1046,1047
9124,1229,1230
9125,990,991
9125,1046,1047
9125,1098,1099
9125,1254,1255
9126,911,912
9126,990,991
9126,1029,1030
9126,1046,1047
9127,911,912
9127,1029,1030
9127,1046,1047
9127,1086,1087
9128,990,991
9128,1029,1030
9128,1046,1047
9128,1086,1087
9129,843,844
9129,939,940
9129,966,967
9129,1046,1047
9130,843,844
9130,966,967
9130,1022,1023
9130,1046,1047
9131,939,940
9131,966,967
9131,1022,1023
9131,1046,1047
9132,843,844
9132,987,988
9132,1046,1047
9132,1254,1255
9133,843,844
9133,1046,1047
9133,1098,1099
9133,1254,1255
9134,717,718
9134,724,725
9134,865,866
9134,956,957
9135,717,718
9135,724,725
9135,846,847
9135,865,866
9136,661,662
9136,717,718
9136,846,847
9136,865,866
9137,724,725
9137,846,847
9137,865,866
9137,1018,1019
9138,661,662
9138,717,718
9138,865,866
9138,1005,1006
9139,661,662
9139,865,866
9139,1005,1006
9139,1038,1039
9140,717,718
9140,865,866
9140,956,957
9140,1005,1006
9141,661,662
9141,846,847
9141,865,866
9141,913,914
9142,846,847
9142,865,866
9142,913,914
9142,1018,1019
9143,724,725
9143,791,792
9143,865,866
9143,1018,1019
9144,791,792
9144,825,826
9144,865,866
9144,1018,1019
9145,724,725
9145,791,792
9145,865,866
9145,956,957
9146,791,792
9146,825,826
9146,865,866
9146,956,957
9147,661,662
9147,865,866
9147,913,914
9147,1038,1039
9148,865,866
9148,914,915
9148,1005,1006
9148,1038,1039
9149,865,866
9149,914,915
9149,956,957
9149,1005,1006
9150,825,826
9150,865,866
9150,914,915
9150,1038,1039
9151,825,826
9151,865,866
9151,914,915
9151,956,957
9152,865,866
9152,913,914
9152,1038,1039
9152,1058,1059
9153,825,826
9153,865,866
9153,1038,1039
9153,1058,1059
9154,865,866
9154,913,914
9154,1018,1019
9154,1058,1059
9155,825,826
9155,865,866
9155,1018,1019
9155,1058,1059
9156,27,28
9156,171,172
9156,338,339
9156,352,353
9157,135,136
9157,171,172
9157,338,339
9157,352,353
9158,27,28
9158,104,105
9158,338,339
9158,352,353
9159,104,105
9159,135,136
9159,338,339
9159,352,353
9160,27,28
9160,104,105
9160,111,112
9160,338,339
9161,104,105
9161,111,112
9161,135,136
9161,338,339
9162,27,28
9162,116,117
9162,171,172
9162,338,339
9163,27,28
9163,38,39
9163,111,112
9163,338,339
9164,27,28
9164,38,39
9164,116,117
9164,338,339
9165,108,109
9165,171,172
9165,204,205
9165,338,339
9166,108,109
9166,135,136
9166,171,172
9166,338,339
9167,108,109
9167,135,136
9167,204,205
9167,338,339
9168,38,39
9168,111,112
9168,338,339
9168,341,342
9169,33,34
9169,38,39
9169,116,117
9169,338,339
9170,33,34
9170,116,117
9170,171,172
9170,338,339
9171,111,112
9171,338,339
9171,341,342
9171,516,517
9172,111,112
9172,135,136
9172,338,339
9172,516,517
9173,204,205
9173,338,339
9173,341,342
9173,516,517
9174,135,136
9174,204,205
9174,338,339
9174,516,517
9175,33,34
9175,171,172
9175,204,205
9175,338,339
9176,33,34
9176,38,39
9176,238,239
9176,338,339
9177,38,39
9177,238,239
9177,338,339
9177,341,342
9178,33,34
9178,204,205
9178,238,239
9178,338,339
9179,204,205
9179,238,239
9179,338,339
9179,341,342
9180,676,677
9180,711,712
9180,730,731
9180,924,925
9181,676,677
9181,711,712
9181,730,731
9181,749,750
9182,711,712
9182,730,731
9182,826,827
9182,924,925
9183,711,712
9183,730,731
9183,749,750
9183,826,827
9184,711,712
9184,826,827
9184,924,925
9184,1013,1014
9185,711,712
9185,826,827
9185,879,880
9185,1013,1014
9186,711,712
9186,724,725
9186,826,827
9186,879,880
9187,676,677
9187,711,712
9187,717,718
9187,749,750
9188,711,712
9188,765,766
9188,924,925
9188,1013,1014
9189,676,677
9189,711,712
9189,765,766
9189,924,925
9190,711,712
9190,724,725
9190,799,800
9190,826,827
9191,711,712
9191,724,725
9191,749,750
9191,799,800
9192,711,712
9192,749,750
9192,799,800
9192,826,827
9193,711,712
9193,717,718
9193,724,725
9193,879,880
9194,711,712
9194,717,718
9194,724,725
9194,749,750
9195,711,712
9195,765,766
9195,965,966
9195,1013,1014
9196,711,712
9196,879,880
9196,965,966
9196,1013,1014
9197,676,677
9197,711,712
9197,717,718
9197,772,773
9198,676,677
9198,711,712
9198,765,766
9198,772,773
9199,711,712
9199,765,766
9199,772,773
9199,965,966
9200,711,712
9200,717,718
9200,772,773
9200,879,880
9201,711,712
9201,772,773
9201,879,880
9201,965,966
9202,1317,1318
9202,1442,1443
9202,1445,1446
9202,1560,1561
9203,1335,1336
9203,1442,1443
9203,1445,1446
9203,1560,1561
9204,1317,1318
9204,1335,1336
9204,1442,1443
9204,1445,1446
9205,1335,1336
9205,1371,1372
9205,1445,1446
9205,1560,1561
9206,1277,1278
9206,1371,1372
9206,1445,1446
9206,1560,1561
9207,1317,1318
9207,1330,1331
9207,1335,1336
9207,1445,1446
9208,1317,1318
9208,1445,1446
9208,1498,1499
9208,1560,1561
9209,1277,1278
9209,1395,1396
9209,1445,1446
9209,1498,1499
9210,1277,1278
9210,1445,1446
9210,1498,1499
9210,1560,1561
9211,1277,1278
9211,1395,1396
9211,1445,1446
9211,1464,1465
9212,1330,1331
9212,1395,1396
9212,1445,1446
9212,1610,1611
9213,1317,1318
9213,1330,1331
9213,1445,1446
9213,1610,1611
9214,1330,1331
9214,1395,1396
9214,1445,1446
9214,1464,1465
9215,1335,1336
9215,1371,1372
9215,1397,1398
9215,1445,1446
9216,1395,1396
9216,1445,1446
9216,1498,1499
9216,1610,1611
9217,1317,1318
9217,1445,1446
9217,1498,1499
9217,1610,1611
9218,1277,1278
9218,1397,1398
9218,1445,1446
9218,1464,1465
9219,1277,1278
9219,1371,1372
9219,1397,1398
9219,1445,1446
9220,1330,1331
9220,1397,1398
9220,1445,1446
9220,1464,1465
9221,1330,1331
9221,1335,1336
9221,1397,1398
9221,1445,1446
9222,693,694
9222,698,699
9222,716,717
9222,729,730
9223,693,694
9223,698,699
9223,716,717
9223,784,785
9224,693,694
9224,698,699
9224,762,763
9224,784,785
9225,698,699
9225,703,704
9225,716,717
9225,729,730
9226,698,699
9226,703,704
9226,716,717
9226,784,785
9227,653,654
9227,693,694
9227,698,699
9227,762,763
9228,653,654
9228,693,694
9228,698,699
9228,729,730
9229,679,680
9229,698,699
9229,743,744
9229,762,763
9230,698,699
9230,743,744
9230,762,763
9230,784,785
9231,679,680
9231,698,699
9231,743,744
9231,784,785
9232,679,680
9232,698,699
9232,703,704
9232,975,976
9233,679,680
9233,698,699
9233,784,785
9233,975,976
9234,698,699
9234,703,704
9234,784,785
9234,975,976
9235,469,470
9235,653,654
9235,698,699
9235,762,763
9236,625,626
9236,677,678
9236,685,686
9236,729,730
9237,625,626
9237,685,686
9237,716,717
9237,729,730
9238,393,394
9238,625,626
9238,677,678
9238,685,686
9239,625,626
9239,685,686
9239,688,689
9239,716,717
9240,393,394
9240,625,626
9240,685,686
9240,688,689
9241,393,394
9241,586,587
9241,677,678
9241,685,686
9242,685,686
9242,703,704
9242,716,717
9242,814,815
9243,685,686
9243,703,704
9243,716,717
9243,729,730
9244,685,686
9244,688,689
9244,716,717
9244,815,816
9245,393,394
9245,685,686
9245,688,689
9245,830,831
9246,393,394
9246,586,587
9246,685,686
9246,830,831
9247,685,686
9247,814,815
9247,815,816
9247,982,983
9248,685,686
9248,716,717
9248,814,815
9248,815,816
9249,685,686
9249,688,689
9249,815,816
9249,830,831
9250,685,686
9250,815,816
9250,830,831
9250,982,983
9251,586,587
9251,685,686
9251,830,831
9251,982,983
9252,336,337
9252,522,523
9252,593,594
9252,617,618
9253,336,337
9253,519,520
9253,522,523
9253,617,618
9254,522,523
9254,593,594
9254,617,618
9254,643,644
9255,519,520
9255,522,523
9255,591,592
9255,617,618
9256,522,523
9256,591,592
9256,625,626
9256,677,678
9257,393,394
9257,625,626
9257,688,689
9257,741,742
9258,380,381
9258,393,394
9258,688,689
9258,741,742
9259,380,381
9259,688,689
9259,741,742
9259,790,791
9260,380,381
9260,619,620
9260,741,742
9260,777,778
9261,380,381
9261,619,620
9261,741,742
9261,790,791
9262,540,541
9262,675,676
9262,741,742
9262,777,778
9263,485,486
9263,540,541
9263,675,676
9263,741,742
9264,625,626
9264,688,689
9264,693,694
9264,741,742
9265,688,689
9265,693,694
9265,741,742
9265,790,791
9266,485,486
9266,625,626
9266,693,694
9266,741,742
9267,619,620
9267,669,670
9267,741,742
9267,790,791
9268,485,486
9268,540,541
9268,669,670
9268,741,742
9269,669,670
9269,693,694
9269,741,742
9269,790,791
9270,540,541
9270,619,620
9270,741,742
9270,777,778
9271,540,541
9271,619,620
9271,669,670
9271,741,742
9272,609,610
9272,669,670
9272,693,694
9272,741,742
9273,485,486
9273,609,610
9273,669,670
9273,741,742
9274,485,486
9274,609,610
9274,693,694
9274,741,742
9275,405,406
9275,675,676
9275,763,764
9275,777,778
9276,405,406
9276,563,564
9276,675,676
9276,763,764
9277,563,564
9277,566,567
9277,643,644
9277,763,764
9278,393,394
9278,402,403
9278,643,644
9278,763,764
9279,405,406
9279,563,564
9279,566,567
9279,763,764
9280,393,394
9280,402,403
9280,760,761
9280,763,764
9281,380,381
9281,393,394
9281,760,761
9281,763,764
9282,405,406
9282,532,533
9282,763,764
9282,777,778
9283,380,381
9283,532,533
9283,763,764
9283,777,778
9284,566,567
9284,632,633
9284,643,644
9284,763,764
9285,402,403
9285,632,633
9285,643,644
9285,763,764
9286,405,406
9286,566,567
9286,581,582
9286,763,764
9287,405,406
9287,532,533
9287,581,582
9287,763,764
9288,380,381
9288,532,533
9288,760,761
9288,763,764
9289,566,567
9289,581,582
9289,632,633
9289,763,764
9290,532,533
9290,581,582
9290,760,761
9290,763,764
9291,402,403
9291,632,633
9291,760,761
9291,763,764
9292,581,582
9292,632,633
9292,760,761
9292,763,764
9293,418,419
9293,455,456
9293,584,585
9293,600,601
9294,326,327
9294,584,585
9294,589,590
9294,600,601
9295,455,456
9295,584,585
9295,589,590
9295,600,601
9296,326,327
9296,427,428
9296,534,535
9296,584,585
9297,326,327
9297,534,535
9297,584,585
9297,589,590
9298,519,520
9298,534,535
9298,584,585
9298,615,616
9299,427,428
9299,534,535
9299,584,585
9299,615,616
9300,455,456
9300,534,535
9300,584,585
9300,589,590
9301,455,456
9301,534,535
9301,584,585
9301,617,618
9302,519,520
9302,534,535
9302,584,585
9302,617,618
9303,455,456
9303,519,520
9303,584,585
9303,617,618
9304,393,394
9304,402,403
9304,419,420
9304,643,644
9305,402,403
9305,419,420
9305,501,502
9305,643,644
9306,393,394
9306,402,403
9306,419,420
9306,586,587
9307,393,394
9307,419,420
9307,586,587
9307,677,678
9308,419,420
9308,501,502
9308,593,594
9308,643,644
9309,419,420
9309,522,523
9309,593,594
9309,643,644
9310,402,403
9310,419,420
9310,501,502
9310,573,574
9311,395,396
9311,402,403
9311,419,420
9311,586,587
9312,395,396
9312,402,403
9312,419,420
9312,573,574
9313,375,376
9313,393,394
9313,643,644
9313,763,764
9314,375,376
9314,485,486
9314,625,626
9314,741,742
9315,375,376
9315,393,394
9315,625,626
9315,741,742
9316,375,376
9316,485,486
9316,675,676
9316,741,742
9317,375,376
9317,380,381
9317,393,394
9317,741,742
9318,375,376
9318,380,381
9318,393,394
9318,763,764
9319,375,376
9319,485,486
9319,617,618
9319,675,676
9320,375,376
9320,485,486
9320,591,592
9320,625,626
9321,375,376
9321,485,486
9321,591,592
9321,617,618
9322,375,376
9322,522,523
9322,617,618
9322,643,644
9323,375,376
9323,675,676
9323,741,742
9323,777,778
9324,375,376
9324,675,676
9324,763,764
9324,777,778
9325,375,376
9325,380,381
9325,741,742
9325,777,778
9326,375,376
9326,380,381
9326,763,764
9326,777,778
9327,375,376
9327,563,564
9327,617,618
9327,675,676
9328,375,376
9328,563,564
9328,617,618
9328,643,644
9329,375,376
9329,563,564
9329,675,676
9329,763,764
9330,375,376
9330,563,564
9330,643,644
9330,763,764
9331,375,376
9331,522,523
9331,591,592
9331,625,626
9332,375,376
9332,522,523
9332,591,592
9332,617,618
9333,375,376
9333,393,394
9333,625,626
9333,677,678
9334,375,376
9334,522,523
9334,625,626
9334,677,678
9335,375,376
9335,393,394
9335,419,420
9335,643,644
9336,375,376
9336,419,420
9336,522,523
9336,643,644
9337,375,376
9337,393,394
9337,419,420
9337,677,678
9338,375,376
9338,419,420
9338,522,523
9338,677,678
