<?xml version="1.0"?>
<VTKFile type="PolyData" version="0.1" byte_order="LittleEndian">
  <PolyData>
    <Piece NumberOfPoints="1850" NumberOfVerts="0" NumberOfLines="4091" NumberOfStrips="0" NumberOfPolys="0">
      <PointData><DataArray type="Int64" Name="particle_id" NumberOfComponents="1" format="ascii">
1 2 3 4 5 6 7 8 9 10 11 12 13 14 15 16 17 18 19 20 21 22 23 24 25 26 27 28 29 30 31 32 33 34 35 36 37 38 39 40 41 42 43 44 45 46 47 48 49 50 51 52 53 54 55 56 57 58 59 60 61 62 63 64 65 66 67 68 69 70 71 72 73 74 75 76 77 78 79 80 81 82 83 84 85 86 87 88 89 90 91 92 93 94 95 96 97 98 99 100 101 102 103 104 105 106 107 108 109 110 111 112 113 114 115 116 117 118 119 120 121 122 123 124 125 126 127 128 129 130 131 132 133 134 135 136 137 138 139 140 141 142 143 144 145 146 147 148 149 150 151 152 153 154 155 156 157 158 159 160 161 162 163 164 165 166 167 168 169 170 171 172 173 174 175 176 177 178 179 180 181 182 183 184 185 186 187 188 189 190 191 192 193 194 195 196 197 198 199 200 201 202 203 204 205 206 207 208 209 210 211 212 213 214 215 216 217 218 219 220 221 222 223 224 225 226 227 228 229 230 231 232 233 234 235 236 237 238 239 240 241 242 243 244 245 246 247 248 249 250 251 252 253 254 255 256 257 258 259 260 261 262 263 264 265 266 267 268 269 270 271 272 273 274 275 276 277 278 279 280 281 282 283 284 285 286 287 288 289 290 291 292 293 294 295 296 297 298 299 300 301 302 303 304 305 306 307 308 309 310 311 312 313 314 315 316 317 318 319 320 321 322 323 324 325 326 327 328 329 330 331 332 333 334 335 336 337 338 339 340 341 342 343 344 345 346 347 348 349 350 351 352 353 354 355 356 357 358 359 360 361 362 363 364 365 366 367 368 369 370 371 372 373 374 375 376 377 378 379 380 381 382 383 384 385 386 387 388 389 390 391 392 393 394 395 396 397 398 399 400 401 402 403 404 405 406 407 408 409 410 411 412 413 414 415 416 417 418 419 420 421 422 423 424 425 426 427 428 429 430 431 432 433 434 435 436 437 438 439 440 441 442 443 444 445 446 447 448 449 450 451 452 453 454 455 456 457 458 459 460 461 462 463 464 465 466 467 468 469 470 471 472 473 474 475 476 477 478 479 480 481 482 483 484 485 486 487 488 489 490 491 492 493 494 495 496 497 498 499 500 501 502 503 504 505 506 507 508 509 510 511 512 513 514 515 516 517 518 519 520 521 522 523 524 525 526 527 528 529 530 531 532 533 534 535 536 537 538 539 540 541 542 543 544 545 546 547 548 549 550 551 552 553 554 555 556 557 558 559 560 561 562 563 564 565 566 567 568 569 570 571 572 573 574 575 576 577 578 579 580 581 582 583 584 585 586 587 588 589 590 591 592 593 594 595 596 597 598 599 600 601 602 603 604 605 606 607 608 609 610 611 612 613 614 615 616 617 618 619 620 621 622 623 624 625 626 627 628 629 630 631 632 633 634 635 636 637 638 639 640 641 642 643 644 645 646 647 648 649 650 651 652 653 654 655 656 657 658 659 660 661 662 663 664 665 666 667 668 669 670 671 672 673 674 675 676 677 678 679 680 681 682 683 684 685 686 687 688 689 690 691 692 693 694 695 696 697 698 699 700 701 702 703 704 705 706 707 708 709 710 711 712 713 714 715 716 717 718 719 720 721 722 723 724 725 726 727 728 729 730 731 732 733 734 735 736 737 738 739 740 741 742 743 744 745 746 747 748 749 750 751 752 753 754 755 756 757 758 759 760 761 762 763 764 765 766 767 768 769 770 771 772 773 774 775 776 777 778 779 780 781 782 783 784 785 786 787 788 789 790 791 792 793 794 795 796 797 798 799 800 801 802 803 804 805 806 807 808 809 810 811 812 813 814 815 816 817 818 819 820 821 822 823 824 825 826 827 828 829 830 831 832 833 834 835 836 837 838 839 840 841 842 843 844 845 846 847 848 849 850 851 852 853 854 855 856 857 858 859 860 861 862 863 864 865 866 867 868 869 870 871 872 873 874 875 876 877 878 879 880 881 882 883 884 885 886 887 888 889 890 891 892 893 894 895 896 897 898 899 900 901 902 903 904 905 906 907 908 909 910 911 912 913 914 915 916 917 918 919 920 921 922 923 924 925 926 927 928 929 930 931 932 933 934 935 936 937 938 939 940 941 942 943 944 945 946 947 948 949 950 951 952 953 954 955 956 957 958 959 960 961 962 963 964 965 966 967 968 969 970 971 972 973 974 975 976 977 978 979 980 981 982 983 984 985 986 987 988 989 990 991 992 993 994 995 996 997 998 999 1000 1001 1002 1003 1004 1005 1006 1007 1008 1009 1010 1011 1012 1013 1014 1015 1016 1017 1018 1019 1020 1021 1022 1023 1024 1025 1026 1027 1028 1029 1030 1031 1032 1033 1034 1035 1036 1037 1038 1039 1040 1041 1042 1043 1044 1045 1046 1047 1048 1049 1050 1051 1052 1053 1054 1055 1056 1057 1058 1059 1060 1061 1062 1063 1064 1065 1066 1067 1068 1069 1070 1071 1072 1073 1074 1075 1076 1077 1078 1079 1080 1081 1082 1083 1084 1085 1086 1087 1088 1089 1090 1091 1092 1093 1094 1095 1096 1097 1098 1099 1100 1101 1102 1103 1104 1105 1106 1107 1108 1109 1110 1111 1112 1113 1114 1115 1116 1117 1118 1119 1120 1121 1122 1123 1124 1125 1126 1127 1128 1129 1130 1131 1132 1133 1134 1135 1136 1137 1138 1139 1140 1141 1142 1143 1144 1145 1146 1147 1148 1149 1150 1151 1152 1153 1154 1155 1156 1157 1158 1159 1160 1161 1162 1163 1164 1165 1166 1167 1168 1169 1170 1171 1172 1173 1174 1175 1176 1177 1178 1179 1180 1181 1182 1183 1184 1185 1186 1187 1188 1189 1190 1191 1192 1193 1194 1195 1196 1197 1198 1199 1200 1201 1202 1203 1204 1205 1206 1207 1208 1209 1210 1211 1212 1213 1214 1215 1216 1217 1218 1219 1220 1221 1222 1223 1224 1225 1226 1227 1228 1229 1230 1231 1232 1233 1234 1235 1236 1237 1238 1239 1240 1241 1242 1243 1244 1245 1246 1247 1248 1249 1250 1251 1252 1253 1254 1255 1256 1257 1258 1259 1260 1261 1262 1263 1264 1265 1266 1267 1268 1269 1270 1271 1272 1273 1274 1275 1276 1277 1278 1279 1280 1281 1282 1283 1284 1285 1286 1287 1288 1289 1290 1291 1292 1293 1294 1295 1296 1297 1298 1299 1300 1301 1302 1303 1304 1305 1306 1307 1308 1309 1310 1311 1312 1313 1314 1315 1316 1317 1318 1319 1320 1321 1322 1323 1324 1325 1326 1327 1328 1329 1330 1331 1332 1333 1334 1335 1336 1337 1338 1339 1340 1341 1342 1343 1344 1345 1346 1347 1348 1349 1350 1351 1352 1353 1354 1355 1356 1357 1358 1359 1360 1361 1362 1363 1364 1365 1366 1367 1368 1369 1370 1371 1372 1373 1374 1375 1376 1377 1378 1379 1380 1381 1382 1383 1384 1385 1386 1387 1388 1389 1390 1391 1392 1393 1394 1395 1396 1397 1398 1399 1400 1401 1402 1403 1404 1405 1406 1407 1408 1409 1410 1411 1412 1413 1414 1415 1416 1417 1418 1419 1420 1421 1422 1423 1424 1425 1426 1427 1428 1429 1430 1431 1432 1433 1434 1435 1436 1437 1438 1439 1440 1441 1442 1443 1444 1445 1446 1447 1448 1449 1450 1451 1452 1453 1454 1455 1456 1457 1458 1459 1460 1461 1462 1463 1464 1465 1466 1467 1468 1469 1470 1471 1472 1473 1474 1475 1476 1477 1478 1479 1480 1481 1482 1483 1484 1485 1486 1487 1488 1489 1490 1491 1492 1493 1494 1495 1496 1497 1498 1499 1500 1501 1502 1503 1504 1505 1506 1507 1508 1509 1510 1511 1512 1513 1514 1515 1516 1517 1518 1519 1520 1521 1522 1523 1524 1525 1526 1527 1528 1529 1530 1531 1532 1533 1534 1535 1536 1537 1538 1539 1540 1541 1542 1543 1544 1545 1546 1547 1548 1549 1550 1551 1552 1553 1554 1555 1556 1557 1558 1559 1560 1561 1562 1563 1564 1565 1566 1567 1568 1569 1570 1571 1572 1573 1574 1575 1576 1577 1578 1579 1580 1581 1582 1583 1584 1585 1586 1587 1588 1589 1590 1591 1592 1593 1594 1595 1596 1597 1598 1599 1600 1601 1602 1603 1604 1605 1606 1607 1608 1609 1610 1611 1612 1613 1614 1615 1616 1617 1618 1619 1620 1621 1622 1623 1624 1625 1626 1627 1628 1629 1630 1631 1632 1633 1634 1635 1636 1637 1638 1639 1640 1641 1642 1643 1644 1645 1646 1647 1648 1649 1650 1651 1652 1653 1654 1655 1656 1657 1658 1659 1660 1661 1662 1663 1664 1665 1666 1667 1668 1669 1670 1671 1672 1673 1674 1675 1676 1677 1678 1679 1680 1681 1682 1683 1684 1685 1686 1687 1688 1689 1690 1691 1692 1693 1694 1695 1696 1697 1698 1699 1700 1701 1702 1703 1704 1705 1706 1707 1708 1709 1710 1711 1712 1713 1714 1715 1716 1717 1718 1719 1720 1721 1722 1723 1724 1725 1726 1727 1728 1729 1730 1731 1732 1733 1734 1735 1736 1737 1738 1739 1740 1741 1742 1743 1744 1745 1746 1747 1748 1749 1750 1751 1752 1753 1754 1755 1756 1757 1758 1759 1760 1761 1762 1763 1764 1765 1766 1767 1768 1769 1770 1771 1772 1773 1774 1775 1776 1777 1778 1779 1780 1781 1782 1783 1784 1785 1786 1787 1788 1789 1790 1791 1792 1793 1794 1795 1796 1797 1798 1799 1800 1801 1802 1803 1804 1805 1806 1807 1808 1809 1810 1811 1812 1813 1814 1815 1816 1817 1818 1819 1820 1821 1822 1823 1824 1825 1826 1827 1828 1829 1830 1831 1832 1833 1834 1835 1836 1837 1838 1839 1840 1841 1842 1843 1844 1845 1846 1847 1848 1849 1850
</DataArray></PointData>
      <CellData>
        <DataArray type="Int64" Name="particle_1" NumberOfComponents="1" format="ascii">
1 1 1 1 1 1 2 2 2 2 2 2 3 3 3 3 4 4 4 4 5 5 5 5 5 6 6 6 6 7 7 7 7 7 8 8 8 8 8 9 9 9 9 9 9 9 10 10 10 10 11 11 11 12 12 12 12 13 13 13 13 13 14 14 14 14 15 15 15 15 15 15 15 16 16 16 16 16 16 17 17 17 18 18 18 19 19 19 19 20 20 20 20 21 21 21 22 22 22 22 23 24 24 24 25 25 26 26 26 26 26 26 27 27 27 28 28 28 28 29 29 30 30 30 31 31 31 31 31 31 32 32 32 33 33 33 33 33 34 34 34 35 35 35 35 35 35 35 36 36 36 36 36 37 37 37 37 38 38 39 39 39 39 39 39 40 40 40 41 41 42 43 43 43 44 44 44 44 45 45 46 46 46 46 46 46 46 47 47 47 47 47 48 48 49 49 49 49 49 50 50 50 51 51 51 51 52 52 52 53 53 54 54 54 55 55 55 55 56 57 57 57 58 58 58 58 59 59 59 59 59 60 60 61 61 63 63 63 63 63 64 64 65 65 66 66 67 67 67 68 68 68 68 68 68 68 69 69 69 70 70 70 71 71 72 72 73 73 73 73 74 74 74 74 75 75 75 75 75 75 75 76 76 76 76 77 77 77 77 78 78 78 78 78 79 79 80 80 80 80 81 81 81 82 82 82 82 83 83 84 85 85 85 85 85 86 86 87 87 87 87 87 87 88 88 89 89 89 89 90 90 90 90 90 91 91 92 92 92 93 93 94 94 94 94 95 95 95 95 95 96 96 96 96 96 98 98 99 99 100 100 100 101 101 101 101 102 102 103 103 103 103 104 104 104 105 106 106 106 106 107 107 107 108 108 109 109 109 110 110 111 111 112 112 112 113 113 114 114 114 114 115 116 116 116 116 116 116 117 117 117 118 118 119 120 121 121 122 122 122 122 123 123 123 123 124 124 125 126 127 127 128 128 129 129 129 129 129 130 131 131 131 131 132 132 132 133 133 134 134 134 134 134 136 136 136 137 137 137 137 137 138 138 140 140 141 141 141 141 141 142 142 142 143 143 143 143 143 144 145 145 146 146 146 146 146 147 148 148 150 151 151 152 153 153 154 154 154 155 158 158 160 162 162 166 166 167 168 169 169 170 170 170 171 172 174 175 176 177 178 179 179 179 179 180 180 181 182 182 182 183 183 184 184 185 187 187 189 190 191 192 192 196 196 197 197 198 199 199 199 202 203 204 205 205 205 207 207 207 208 209 209 209 209 210 210 210 210 211 212 212 212 213 215 215 215 216 216 216 218 219 222 222 222 222 223 223 223 223 223 224 225 230 230 230 231 232 232 232 232 232 233 233 233 234 234 234 234 234 234 235 235 235 236 236 236 237 237 237 237 239 239 240 240 241 241 241 241 242 242 242 243 243 244 244 244 244 244 244 245 245 245 245 245 245 246 247 247 248 248 248 248 249 249 249 250 250 250 251 251 251 251 253 253 253 254 254 254 255 255 255 255 255 256 256 256 256 257 257 257 257 258 258 258 258 258 259 259 259 259 259 260 260 261 261 262 262 262 263 263 263 263 264 264 264 264 264 264 265 265 266 266 266 266 267 267 267 267 267 267 268 268 268 268 269 269 271 271 272 273 273 273 274 274 275 275 275 275 275 276 277 277 277 277 277 278 278 279 279 280 280 280 280 281 281 281 281 281 282 282 282 282 282 283 283 283 284 284 284 285 285 285 285 285 285 286 286 286 286 286 286 287 287 287 287 288 288 288 289 289 289 290 290 290 290 290 290 292 292 293 293 293 293 294 294 294 295 295 295 295 295 296 297 297 298 299 299 299 300 300 301 302 302 302 303 304 304 305 305 307 307 307 307 309 310 310 311 311 311 311 312 313 313 313 313 313 315 315 315 316 316 316 316 316 317 318 318 320 321 322 322 323 323 324 324 324 324 324 326 327 327 328 328 329 329 330 330 331 332 332 333 333 333 334 334 334 334 335 335 335 336 336 336 337 337 337 337 338 338 339 339 339 340 340 342 342 342 342 344 344 344 345 345 345 346 346 346 346 347 347 347 347 347 348 348 348 348 348 348 349 349 350 350 351 351 351 352 352 352 353 353 353 354 354 355 355 355 355 358 358 358 358 358 358 359 360 360 361 361 361 362 365 367 368 368 368 368 369 374 375 375 375 375 375 375 378 378 379 379 379 381 381 387 387 388 388 388 390 390 390 390 394 394 394 395 397 397 397 397 398 398 398 398 399 399 400 400 403 404 404 404 407 407 407 409 409 410 411 411 411 413 413 413 414 417 417 417 417 417 418 418 420 420 420 420 420 420 421 422 422 422 422 423 423 423 424 424 424 424 424 425 425 425 425 426 426 426 426 427 427 427 427 428 428 428 428 428 429 429 429 429 429 430 431 431 431 431 432 433 433 433 433 433 433 433 433 434 434 434 434 435 435 435 435 435 436 437 437 437 437 437 438 438 438 439 439 439 439 440 440 440 440 440 441 441 441 441 442 442 442 442 443 443 443 443 444 444 444 444 444 445 445 445 446 446 446 447 447 448 448 448 448 448 449 449 449 450 450 450 451 451 451 452 452 452 453 453 453 453 454 454 455 455 455 456 456 457 457 457 457 458 458 461 461 462 463 464 464 464 465 465 465 466 467 467 467 468 468 470 470 470 470 470 471 471 471 471 472 472 472 473 473 475 475 475 475 475 477 477 477 478 478 478 482 482 482 482 482 482 483 484 484 485 485 485 485 485 485 486 487 487 488 488 489 490 490 490 491 491 491 491 491 492 492 492 492 492 492 492 493 493 493 493 493 494 494 494 495 496 496 496 497 497 497 497 498 498 498 499 499 500 500 500 501 501 501 502 502 502 502 504 504 504 504 505 506 507 507 509 509 509 509 510 510 510 511 511 512 512 512 512 512 513 513 514 514 514 514 514 515 516 517 517 517 517 518 518 518 518 519 519 519 519 520 520 520 520 521 521 522 522 522 523 523 524 524 524 524 524 524 525 525 525 525 527 527 527 529 529 530 530 530 530 530 530 531 531 531 532 532 533 533 533 533 533 534 534 534 535 535 536 536 536 536 536 537 537 538 538 538 539 539 540 541 542 542 544 545 545 545 546 546 547 547 548 548 548 549 549 550 550 550 551 551 551 552 552 553 553 553 553 553 554 554 554 556 557 557 557 559 559 559 560 560 561 562 562 562 563 564 564 568 568 570 571 571 571 572 572 572 573 573 575 578 578 578 578 580 580 581 583 583 583 584 586 586 586 587 587 589 590 590 590 591 595 595 596 597 598 601 603 603 604 605 605 606 606 607 608 608 610 610 610 610 612 612 615 615 616 618 619 619 620 621 624 624 626 627 629 630 633 633 634 635 635 638 638 638 639 639 640 640 640 641 641 641 641 650 650 650 652 652 652 652 652 652 653 653 654 654 655 655 655 655 656 656 656 656 656 656 656 657 657 657 657 657 657 658 658 659 659 659 659 659 660 661 661 662 662 662 663 663 663 664 664 664 665 665 665 665 665 665 666 666 666 666 666 666 667 667 667 667 667 668 668 668 668 668 669 669 669 669 669 670 670 670 670 671 672 672 674 674 675 675 675 675 675 675 676 676 676 676 677 677 677 677 677 678 678 678 679 679 679 679 680 680 680 681 681 682 682 682 683 683 683 684 684 685 685 685 686 686 686 688 688 688 688 689 689 689 691 691 691 692 692 692 692 693 693 693 693 694 696 696 696 697 697 697 697 698 698 698 699 699 699 700 700 700 700 701 701 701 701 701 701 703 703 703 703 703 704 704 704 704 705 706 706 707 707 707 708 708 708 709 709 710 710 710 711 712 713 713 713 713 713 713 713 714 714 714 714 714 715 715 715 715 715 716 716 717 717 717 717 718 718 718 720 720 721 721 721 721 722 724 724 725 726 727 727 727 728 729 729 730 730 731 731 732 732 732 733 733 734 736 737 737 737 738 738 738 738 738 739 739 739 739 740 740 741 741 741 742 742 742 742 742 742 743 743 744 744 744 744 744 744 745 745 745 746 746 747 747 749 749 749 750 750 751 751 752 752 752 752 752 753 753 753 753 753 755 756 759 759 759 759 760 760 760 760 760 761 761 762 763 763 763 763 764 765 766 766 766 766 767 767 768 768 769 769 771 771 771 771 772 772 772 773 774 774 774 776 776 778 778 778 778 779 780 781 781 781 783 783 784 785 785 785 786 786 786 788 788 788 788 789 789 789 789 791 792 795 795 795 796 796 796 796 796 797 797 798 798 798 799 800 802 802 802 803 805 807 808 808 809 809 810 810 810 810 810 810 811 811 812 813 813 813 814 815 816 816 817 817 817 818 818 818 820 820 820 821 822 822 823 823 824 824 825 826 829 832 833 834 834 834 834 835 836 837 837 839 841 841 841 844 845 846 846 849 849 850 850 850 851 852 852 852 852 853 853 853 854 854 854 854 854 855 855 855 856 856 856 856 856 857 857 857 858 858 858 858 858 859 859 859 859 860 860 860 860 860 861 861 861 861 862 862 862 862 863 863 863 863 863 863 864 865 865 865 866 866 866 866 867 867 867 868 868 869 869 869 869 870 870 870 870 870 871 871 871 871 871 872 872 872 872 872 873 873 873 874 874 874 874 875 876 876 876 876 876 877 877 877 878 878 878 878 878 879 879 879 879 879 880 880 880 880 880 880 880 881 881 882 883 883 884 884 884 884 884 885 885 886 886 887 887 887 887 887 888 888 889 889 889 889 889 890 891 891 892 892 892 893 894 895 895 895 896 896 896 897 897 897 898 899 899 900 900 900 901 901 901 901 902 903 904 904 904 905 905 906 906 907 907 907 907 908 908 908 908 909 909 909 910 910 910 910 910 910 910 911 911 911 912 912 913 913 913 914 914 914 914 915 915 915 915 915 915 915 916 916 916 916 916 916 917 917 917 917 917 918 920 920 920 920 921 921 921 922 923 923 924 925 926 926 926 926 926 927 927 927 928 928 928 928 929 929 929 930 931 931 931 932 933 933 933 934 934 934 934 935 935 935 935 935 937 937 938 938 938 939 939 941 941 942 942 942 943 944 944 944 946 946 947 947 947 948 948 949 949 949 951 952 952 952 952 953 953 953 953 953 953 955 956 956 957 959 959 960 961 962 962 962 962 963 963 963 964 964 966 968 968 968 969 970 971 971 972 972 972 972 973 973 973 974 975 975 975 975 976 976 976 979 981 982 982 982 983 984 984 986 988 988 988 988 989 989 991 991 991 991 992 994 995 995 996 996 996 996 998 999 999 999 999 999 999 1000 1002 1002 1003 1004 1005 1005 1009 1010 1010 1010 1010 1010 1011 1013 1013 1013 1014 1014 1014 1014 1016 1018 1019 1019 1020 1020 1021 1022 1022 1023 1024 1025 1025 1027 1027 1027 1027 1027 1027 1027 1027 1028 1028 1029 1029 1030 1030 1030 1030 1031 1031 1031 1031 1031 1031 1032 1032 1032 1032 1033 1034 1034 1035 1035 1035 1036 1036 1036 1036 1036 1036 1036 1036 1036 1037 1037 1037 1037 1037 1038 1038 1038 1038 1038 1039 1039 1039 1040 1040 1040 1040 1041 1041 1041 1041 1041 1042 1042 1042 1042 1043 1044 1044 1044 1044 1044 1045 1046 1046 1046 1047 1047 1047 1048 1048 1049 1049 1050 1050 1050 1050 1050 1050 1051 1051 1051 1051 1052 1052 1052 1053 1053 1053 1054 1054 1054 1054 1054 1056 1056 1056 1057 1057 1057 1057 1058 1058 1059 1059 1059 1059 1059 1060 1061 1061 1061 1062 1062 1062 1062 1063 1063 1063 1063 1064 1064 1064 1065 1065 1066 1066 1066 1066 1067 1067 1067 1068 1068 1068 1069 1070 1070 1070 1072 1072 1072 1072 1072 1072 1073 1074 1074 1075 1075 1075 1076 1076 1076 1077 1078 1078 1078 1078 1078 1079 1079 1079 1080 1080 1080 1081 1081 1081 1081 1081 1081 1082 1082 1082 1083 1083 1083 1083 1084 1084 1085 1085 1086 1086 1086 1087 1088 1088 1088 1088 1088 1089 1089 1089 1090 1091 1091 1091 1092 1093 1093 1093 1094 1095 1095 1095 1095 1096 1097 1098 1098 1098 1098 1098 1099 1099 1099 1100 1100 1101 1102 1102 1103 1103 1103 1103 1103 1104 1104 1105 1105 1105 1106 1106 1107 1108 1109 1111 1111 1111 1111 1111 1111 1112 1112 1112 1112 1113 1113 1114 1114 1115 1117 1117 1118 1118 1119 1120 1120 1120 1120 1121 1123 1123 1123 1124 1124 1124 1124 1124 1125 1125 1125 1125 1125 1126 1127 1127 1127 1128 1128 1128 1128 1128 1129 1129 1130 1130 1130 1131 1131 1131 1132 1132 1133 1133 1133 1135 1135 1137 1137 1137 1137 1137 1138 1139 1139 1139 1139 1139 1139 1140 1141 1141 1142 1142 1143 1143 1143 1143 1144 1144 1145 1145 1145 1145 1145 1146 1146 1146 1146 1146 1148 1149 1149 1150 1151 1151 1151 1152 1152 1152 1152 1153 1153 1153 1153 1154 1154 1154 1154 1154 1155 1156 1158 1158 1159 1159 1160 1160 1161 1161 1162 1162 1162 1163 1163 1163 1163 1164 1164 1164 1166 1167 1167 1167 1167 1168 1168 1168 1168 1168 1171 1172 1175 1175 1175 1175 1176 1179 1180 1180 1180 1181 1181 1182 1182 1182 1185 1185 1186 1187 1187 1188 1189 1190 1190 1191 1191 1192 1193 1195 1196 1196 1197 1200 1201 1202 1203 1203 1203 1203 1203 1204 1205 1208 1209 1210 1210 1210 1213 1213 1213 1213 1218 1219 1219 1219 1223 1223 1225 1228 1228 1228 1228 1229 1230 1230 1230 1231 1231 1231 1232 1232 1233 1233 1233 1233 1233 1234 1234 1235 1235 1235 1235 1235 1235 1236 1237 1238 1238 1239 1240 1240 1240 1240 1240 1241 1241 1241 1241 1241 1241 1242 1242 1242 1243 1244 1244 1244 1244 1245 1245 1245 1245 1246 1246 1246 1246 1246 1247 1247 1247 1247 1247 1248 1248 1248 1248 1248 1249 1249 1249 1250 1250 1250 1250 1251 1251 1253 1253 1253 1253 1253 1254 1254 1254 1255 1256 1256 1256 1257 1257 1257 1257 1257 1258 1259 1260 1260 1261 1261 1261 1262 1262 1262 1263 1263 1264 1264 1264 1264 1265 1265 1265 1266 1266 1266 1266 1266 1266 1267 1267 1267 1268 1268 1269 1270 1270 1271 1271 1272 1273 1273 1273 1273 1275 1275 1275 1276 1277 1277 1279 1279 1279 1279 1279 1280 1280 1280 1281 1282 1283 1283 1283 1284 1284 1285 1285 1285 1286 1287 1287 1288 1289 1289 1289 1289 1290 1290 1290 1291 1291 1291 1291 1292 1292 1292 1292 1292 1293 1294 1295 1295 1296 1296 1296 1296 1297 1297 1297 1297 1297 1298 1298 1298 1299 1299 1299 1300 1300 1300 1301 1303 1303 1303 1303 1304 1304 1304 1304 1304 1305 1305 1306 1306 1306 1306 1307 1307 1308 1309 1310 1310 1310 1310 1310 1310 1311 1312 1313 1313 1314 1314 1314 1314 1314 1314 1315 1315 1317 1317 1317 1318 1318 1318 1318 1319 1320 1320 1320 1321 1321 1323 1323 1323 1323 1325 1326 1327 1327 1328 1328 1328 1328 1329 1329 1329 1330 1330 1330 1330 1331 1332 1332 1332 1333 1333 1334 1334 1335 1335 1335 1337 1337 1337 1339 1340 1340 1340 1340 1340 1341 1342 1342 1342 1342 1343 1343 1343 1343 1344 1344 1345 1346 1346 1346 1346 1348 1348 1349 1349 1350 1350 1350 1350 1352 1352 1352 1352 1353 1354 1354 1355 1355 1355 1356 1356 1357 1358 1358 1359 1359 1359 1359 1360 1361 1361 1363 1363 1363 1365 1366 1366 1366 1366 1367 1367 1368 1368 1369 1370 1371 1371 1372 1373 1373 1374 1374 1375 1376 1376 1376 1376 1377 1377 1378 1378 1378 1378 1378 1379 1381 1381 1381 1382 1382 1382 1383 1383 1383 1383 1384 1384 1386 1386 1386 1389 1389 1389 1390 1390 1390 1392 1394 1395 1396 1396 1400 1400 1400 1401 1402 1402 1402 1402 1405 1407 1407 1407 1410 1410 1410 1410 1410 1410 1411 1411 1412 1412 1413 1416 1417 1417 1418 1418 1418 1419 1419 1421 1422 1422 1422 1422 1422 1423 1423 1424 1424 1424 1424 1425 1428 1429 1429 1429 1429 1430 1430 1430 1431 1431 1433 1435 1435 1436 1436 1436 1436 1436 1436 1437 1437 1437 1437 1438 1438 1438 1438 1439 1439 1439 1439 1439 1440 1440 1440 1440 1440 1441 1441 1441 1441 1442 1442 1442 1442 1442 1443 1443 1443 1445 1445 1445 1446 1446 1446 1446 1446 1446 1446 1447 1447 1447 1447 1448 1448 1449 1449 1449 1450 1450 1450 1451 1451 1451 1451 1451 1451 1451 1452 1452 1452 1452 1452 1453 1453 1453 1453 1454 1454 1454 1454 1455 1455 1456 1456 1456 1456 1456 1456 1457 1457 1457 1457 1458 1458 1459 1459 1459 1460 1461 1461 1462 1462 1463 1463 1463 1463 1463 1463 1464 1464 1464 1464 1465 1465 1466 1466 1466 1467 1468 1468 1468 1468 1468 1468 1469 1469 1469 1469 1470 1470 1470 1470 1470 1471 1471 1471 1471 1472 1472 1472 1473 1473 1473 1473 1474 1474 1475 1475 1475 1475 1475 1476 1476 1476 1476 1477 1477 1477 1477 1477 1478 1478 1478 1479 1479 1479 1480 1480 1480 1480 1480 1480 1481 1481 1482 1482 1483 1483 1483 1483 1483 1484 1485 1485 1486 1486 1486 1486 1486 1486 1487 1487 1488 1489 1489 1490 1490 1490 1490 1490 1491 1492 1492 1492 1493 1493 1493 1493 1493 1493 1494 1494 1496 1496 1496 1497 1497 1497 1498 1498 1499 1499 1499 1500 1500 1500 1500 1500 1502 1502 1504 1504 1505 1505 1506 1506 1507 1508 1508 1508 1508 1509 1509 1509 1509 1509 1509 1510 1510 1510 1510 1510 1511 1512 1512 1512 1512 1513 1513 1513 1514 1514 1515 1516 1516 1517 1517 1517 1517 1518 1518 1518 1518 1520 1520 1520 1521 1521 1521 1521 1522 1522 1522 1522 1524 1524 1524 1524 1527 1527 1527 1528 1528 1528 1528 1528 1529 1529 1529 1529 1530 1532 1532 1533 1533 1533 1534 1534 1535 1535 1535 1536 1536 1537 1537 1537 1538 1538 1539 1539 1539 1540 1541 1541 1542 1542 1544 1545 1545 1545 1545 1546 1546 1547 1547 1547 1548 1548 1549 1550 1552 1552 1552 1552 1552 1553 1553 1554 1555 1555 1555 1557 1558 1558 1559 1559 1560 1561 1562 1563 1563 1564 1564 1565 1565 1565 1566 1569 1569 1569 1569 1571 1572 1572 1574 1575 1575 1576 1577 1578 1579 1579 1581 1582 1582 1583 1583 1584 1584 1585 1585 1585 1586 1586 1586 1589 1589 1591 1592 1592 1592 1592 1592 1592 1593 1593 1594 1594 1594 1594 1598 1600 1606 1606 1607 1607 1610 1610 1610 1611 1611 1611 1612 1612 1612 1612 1612 1613 1614 1616 1617 1618 1618 1618 1619 1621 1623 1623 1627 1627 1627 1627 1627 1627 1628 1628 1628 1628 1628 1628 1629 1629 1629 1629 1630 1630 1630 1630 1631 1631 1631 1631 1632 1633 1633 1633 1634 1635 1635 1635 1635 1636 1636 1636 1637 1637 1637 1637 1638 1639 1639 1640 1640 1641 1641 1642 1642 1642 1643 1643 1643 1644 1645 1645 1645 1646 1646 1646 1646 1646 1647 1647 1647 1647 1647 1648 1648 1649 1649 1649 1650 1650 1650 1650 1651 1651 1652 1652 1653 1654 1654 1654 1655 1655 1655 1656 1657 1657 1658 1658 1658 1659 1659 1659 1659 1659 1660 1660 1661 1661 1661 1662 1662 1662 1662 1662 1662 1663 1664 1664 1664 1664 1665 1667 1667 1667 1668 1668 1669 1669 1669 1671 1671 1672 1672 1672 1672 1672 1674 1674 1674 1674 1675 1675 1676 1676 1676 1677 1677 1677 1677 1677 1678 1678 1678 1678 1679 1681 1682 1682 1682 1683 1683 1683 1684 1684 1684 1684 1684 1685 1685 1685 1685 1686 1686 1686 1686 1686 1687 1687 1687 1688 1689 1689 1689 1689 1689 1690 1690 1691 1691 1692 1692 1692 1693 1693 1693 1694 1694 1695 1695 1695 1695 1696 1696 1696 1697 1697 1699 1700 1701 1701 1701 1702 1703 1703 1703 1703 1703 1704 1704 1705 1705 1705 1707 1707 1708 1708 1708 1708 1708 1709 1709 1710 1710 1711 1711 1713 1713 1715 1715 1715 1716 1717 1717 1717 1717 1718 1718 1719 1720 1720 1720 1721 1722 1723 1724 1724 1724 1725 1725 1725 1725 1726 1726 1727 1728 1728 1730 1730 1730 1732 1732 1733 1733 1733 1733 1734 1734 1735 1736 1736 1736 1737 1737 1737 1737 1737 1739 1740 1740 1740 1740 1742 1742 1743 1743 1744 1744 1745 1745 1746 1749 1750 1752 1754 1755 1755 1757 1757 1758 1759 1760 1760 1763 1763 1764 1766 1766 1766 1767 1767 1768 1768 1768 1772 1772 1776 1777 1778 1778 1779 1781 1782 1782 1784 1784 1785 1785 1787 1787 1787 1792 1793 1794 1794 1796 1796 1800 1800 1800 1802 1804 1809 1810 1810 1811 1819 1819 1819 1820 1825 1829 1833 1835 1843
</DataArray>
        <DataArray type="Int64" Name="particle_2" NumberOfComponents="1" format="ascii">
119 79 208 103 416 118 206 71 193 189 229 182 181 170 49 171 161 29 54 211 238 14 145 210 339 189 34 86 166 80 138 207 118 96 22 23 252 20 225 202 206 66 176 319 115 61 32 128 66 100 152 70 231 154 315 82 292 320 377 297 415 353 204 372 366 210 122 28 59 319 145 51 196 128 218 270 53 219 386 91 83 109 416 377 327 190 32 64 128 57 121 174 369 200 143 171 194 60 130 207 121 125 39 102 84 151 34 161 54 93 197 108 167 176 231 63 128 115 51 170 198 44 74 371 56 105 102 389 153 401 206 76 66 229 93 188 90 187 189 150 54 217 122 73 372 213 319 145 42 89 161 160 44 193 150 181 168 211 203 325 78 102 191 157 132 213 308 209 158 65 76 78 72 102 126 48 108 220 140 184 157 343 297 134 67 242 301 392 49 406 148 558 126 211 168 221 166 383 373 188 90 263 401 165 396 296 319 115 396 401 253 150 198 203 306 180 317 415 102 88 227 174 220 265 291 273 191 372 165 262 196 144 172 182 315 149 178 206 128 66 80 389 227 77 115 188 179 419 276 252 227 96 246 376 77 131 214 213 308 152 99 169 98 176 159 111 140 214 341 213 172 160 104 228 222 104 228 133 418 261 363 190 189 229 93 246 326 503 304 84 325 356 111 157 80 107 119 194 138 208 125 149 401 182 402 340 399 226 201 135 197 187 332 235 237 193 392 201 107 103 118 377 246 120 130 126 172 160 156 385 386 360 367 235 135 306 217 224 238 124 385 308 412 247 248 151 184 136 204 147 107 252 246 205 129 112 195 110 200 218 124 360 163 341 308 357 343 312 109 183 416 230 108 371 391 149 125 137 175 191 120 194 227 160 265 159 306 320 193 200 306 180 214 202 152 152 163 203 265 192 275 402 145 154 339 463 352 362 201 377 374 416 212 142 158 172 369 125 217 149 178 228 391 345 359 144 305 191 156 383 291 389 219 225 270 360 376 278 194 304 223 513 408 175 191 276 360 314 153 401 165 253 321 185 364 366 177 217 191 147 372 144 218 163 341 153 297 253 272 277 159 208 343 169 406 248 148 274 190 372 154 176 195 412 392 406 175 410 567 221 177 175 155 208 416 213 319 231 308 226 201 305 369 222 187 332 217 195 195 412 181 221 383 373 225 303 185 231 184 202 356 185 276 405 343 419 200 188 392 187 306 320 204 224 364 340 332 193 218 312 373 332 210 396 385 203 383 341 238 310 206 221 216 272 278 327 218 225 270 212 315 247 362 380 262 311 381 361 220 389 270 272 238 297 277 393 224 310 335 270 402 225 305 376 395 395 261 256 329 300 238 305 377 317 260 412 432 585 642 648 505 314 418 293 375 579 458 637 580 578 340 350 591 332 558 410 314 269 299 649 374 260 309 266 378 425 605 645 262 321 508 363 298 511 456 318 458 566 584 253 281 328 495 528 450 374 308 365 412 283 274 400 307 528 647 281 292 577 592 414 347 259 296 321 281 264 507 437 384 299 461 642 480 278 503 631 594 577 458 601 578 599 479 454 398 490 483 560 522 606 578 355 569 288 300 276 324 370 296 272 289 350 419 405 301 508 613 607 314 269 543 461 480 316 362 380 614 318 585 588 329 271 586 398 382 293 408 411 328 371 359 460 432 567 291 543 382 309 649 330 355 327 495 284 279 395 336 322 379 507 437 447 409 396 296 370 307 414 321 508 393 607 379 614 432 585 503 486 331 337 526 597 576 424 847 631 329 331 535 502 539 393 348 632 616 369 363 298 402 340 354 333 413 388 354 544 323 396 333 391 302 529 460 558 432 461 591 299 337 480 600 402 343 416 408 384 476 591 644 586 415 546 597 453 376 408 599 385 360 321 403 347 499 373 339 617 396 370 560 414 401 359 460 462 565 487 412 406 399 649 404 462 646 609 387 636 588 343 495 353 575 523 719 364 366 330 459 381 374 503 328 336 486 436 469 403 592 631 384 543 399 384 413 567 338 351 556 366 582 361 386 350 436 350 476 528 544 430 602 357 362 511 384 476 350 546 469 597 364 459 507 418 363 644 459 582 592 611 368 499 634 522 570 613 421 575 516 571 625 419 393 367 450 474 593 422 413 614 577 387 393 481 413 528 377 374 503 481 413 577 489 390 601 541 565 386 395 463 617 375 456 511 418 607 447 616 634 376 503 582 617 483 579 549 563 481 417 632 499 574 592 483 569 421 558 423 642 528 532 647 478 636 430 547 418 461 474 521 593 631 589 490 573 558 614 636 430 508 649 460 521 617 511 584 431 510 474 531 555 782 614 577 489 532 503 481 631 425 479 436 546 536 699 537 804 795 749 613 540 831 687 506 489 547 642 469 604 598 847 626 481 605 650 589 628 609 619 624 630 610 779 960 505 602 793 523 806 445 627 534 705 790 432 611 595 464 761 558 535 706 799 627 534 537 561 518 581 775 564 840 578 527 449 660 525 594 607 516 616 620 618 625 622 699 509 574 570 819 514 442 552 718 845 618 777 443 828 583 467 587 552 516 568 735 551 489 458 466 775 541 526 502 539 496 519 794 592 510 544 480 473 540 719 472 747 691 594 509 526 628 593 780 460 487 628 565 604 728 465 589 498 466 793 477 463 489 600 540 831 780 579 466 648 540 590 579 568 768 812 590 487 619 690 643 478 598 612 550 728 707 801 684 792 645 498 805 698 637 492 557 544 496 827 619 559 504 684 840 842 676 544 514 716 497 619 654 633 697 839 637 548 736 687 635 740 603 726 672 542 673 621 619 978 588 799 630 695 574 686 629 536 640 510 606 722 770 747 557 494 645 686 658 699 805 828 747 800 499 497 654 633 590 847 609 794 702 630 638 542 509 599 555 573 515 564 840 542 509 819 643 673 792 723 832 612 593 508 592 528 647 576 643 637 606 722 617 579 598 587 641 843 801 631 599 541 515 564 716 712 651 625 545 608 707 663 805 537 791 779 806 831 712 765 564 840 842 727 646 628 532 570 651 541 806 770 639 629 746 811 750 674 733 718 838 623 775 840 591 649 831 794 780 740 729 726 565 754 548 577 601 636 566 588 581 793 535 573 561 589 819 819 562 537 587 700 843 758 793 842 550 586 573 646 601 632 650 576 555 626 782 644 604 585 581 782 728 673 637 595 806 635 784 803 748 757 730 750 574 618 570 770 640 642 719 612 648 651 674 800 673 621 723 579 577 843 647 643 787 623 806 694 722 828 629 632 625 686 806 727 766 695 608 605 606 580 651 775 623 596 588 647 601 787 623 604 754 626 641 730 702 597 604 827 597 596 761 615 600 643 651 624 825 754 632 622 634 639 613 736 610 695 663 717 725 687 740 623 660 777 770 833 773 722 628 833 825 705 643 700 638 844 1003 639 687 826 805 816 671 651 787 803 653 804 716 654 837 661 686 702 819 843 661 758 668 711 902 828 803 705 801 987 971 1222 1207 845 836 810 944 709 954 1018 990 792 703 890 824 767 757 698 751 681 834 950 1174 733 697 1003 690 755 903 779 820 696 750 683 756 886 835 829 836 930 906 943 679 853 720 807 891 778 743 849 701 885 791 807 894 692 1026 791 720 882 688 1026 748 724 769 888 788 851 708 787 772 806 694 765 784 678 734 840 733 841 903 844 729 830 713 924 765 741 721 746 804 815 745 726 825 708 960 881 815 971 1207 732 977 855 792 849 824 1004 1015 777 706 699 807 714 1006 1117 813 732 1007 764 809 755 785 944 902 878 902 975 926 1008 718 717 820 703 801 839 711 1012 808 846 821 803 737 804 746 749 943 758 778 1012 966 744 753 983 790 801 894 848 783 784 726 924 762 827 819 805 736 790 990 762 864 786 958 796 825 744 989 783 844 1003 741 954 986 924 817 949 875 882 1005 1000 933 732 774 739 756 993 719 837 736 990 725 751 845 886 836 804 846 797 924 923 742 770 735 987 967 830 886 985 734 754 794 833 837 758 744 786 747 838 1007 886 835 796 782 757 808 919 965 945 823 946 1033 835 829 771 873 765 784 844 958 822 932 850 865 1224 1197 874 773 994 830 778 864 974 904 1122 815 977 1016 804 853 761 800 795 758 807 943 814 990 767 791 820 759 1026 901 986 974 981 1206 1034 789 829 779 882 881 936 783 986 966 980 970 812 764 851 815 875 888 866 774 844 841 826 965 945 950 1015 828 987 919 875 998 993 869 948 800 829 814 833 809 898 998 903 912 825 839 830 867 816 831 987 1007 855 894 887 797 943 807 822 940 1110 1177 960 818 881 897 903 835 998 1009 843 990 805 846 816 886 985 932 906 923 945 932 1007 905 993 805 811 932 925 1197 919 816 943 875 937 838 835 814 857 951 914 1018 1183 813 977 1007 828 815 977 845 971 821 882 924 923 959 882 1073 897 843 967 848 1023 1003 902 922 925 832 890 833 851 835 994 978 848 881 901 1115 985 930 844 845 849 842 922 965 1003 958 875 882 890 966 851 940 1033 945 1115 973 1035 1218 943 977 857 950 1017 1102 911 947 977 905 979 1224 874 1110 1077 1042 984 868 914 1134 1217 1205 1204 1200 893 997 1205 1107 871 1022 964 1046 1059 937 933 997 1204 995 957 1161 1105 1016 1169 964 995 1188 915 924 924 1001 1110 888 971 1134 1126 978 885 989 951 891 969 1048 1022 929 905 984 952 871 1022 979 1155 1020 1191 1194 930 1018 906 939 934 1009 925 955 940 1033 921 1060 937 983 1199 895 1211 961 1000 936 892 1006 1026 980 900 916 968 988 1171 1156 1316 955 1071 1024 1046 1165 1084 1064 883 899 936 1026 900 926 1008 1055 1101 1019 1199 992 985 958 918 1015 981 895 1096 941 893 906 1172 982 1024 928 913 1005 1169 956 1095 1170 1116 980 1199 1157 896 1017 1058 961 936 1214 938 969 1174 1136 907 956 1039 980 918 942 1115 986 922 1206 1110 1177 1222 969 955 982 1000 1045 1074 1069 1197 1060 1025 1097 1206 1177 1077 979 964 1116 1107 1029 1092 1194 1015 1115 988 1009 1172 994 966 983 930 952 995 957 1188 962 920 1190 1074 1135 1226 1117 962 1055 1039 1220 1135 1008 935 968 1002 1176 1015 1169 1107 1166 1200 1110 1144 1192 985 982 1224 974 985 954 1018 949 1179 1075 989 1177 1150 1011 1064 1014 1221 1048 1140 1133 948 933 1204 1045 965 1073 1000 1217 955 982 1105 1065 949 1206 1075 1034 963 1023 941 1214 1136 1013 1179 1101 1005 997 1055 1195 1070 951 951 954 975 1172 1227 991 1058 1324 993 1071 986 1008 1001 1006 993 1022 995 1046 1206 1034 963 1201 1094 1158 957 1136 1070 1046 1018 1028 967 1043 1006 1117 1183 1188 1076 1129 1158 979 995 981 970 981 1019 1155 980 977 979 1214 1045 1095 1255 1102 1013 1118 1001 1006 1183 1055 1220 1173 1084 1189 1016 1008 1197 1028 1212 1122 993 1016 1012 1108 991 1218 1324 1122 992 1096 1157 1178 1086 1211 1004 1188 1190 1150 1211 1021 1080 1009 1220 1161 1002 1208 1182 1186 1026 1131 1202 1012 1017 1134 1217 1048 1034 1150 1086 1094 1043 1024 1170 1035 1085 1212 1025 1221 1243 1126 1179 1055 1171 1116 1325 1177 1071 1123 1073 1173 1185 1198 1090 1129 1239 1300 1319 1236 1364 1143 1075 1090 1107 1190 1168 1166 1200 1119 1302 1202 1041 1294 1113 1309 1121 1243 1286 1364 1197 1157 1093 1138 1128 1380 1399 1333 1160 1300 1038 1360 1313 1104 1257 1148 1301 1049 1354 1196 1160 1236 1287 1372 1418 1069 1138 1148 1069 1148 1252 1044 1316 1393 1213 1078 1345 1129 1097 1239 1286 1211 1281 1301 1120 1231 1232 1398 1140 1112 1165 1198 1068 1225 1071 1173 1100 1153 1166 1087 1226 1056 1103 1125 1090 1147 1131 1300 1142 1388 1284 1252 1111 1392 1135 1161 1395 1208 1365 1223 1385 1282 1116 1107 1092 1391 1178 1159 1194 1112 1061 1087 1164 1121 1325 1132 1416 1130 1141 1403 1083 1084 1189 1160 1229 1084 1105 1149 1212 1239 1322 1258 1225 1622 1208 1182 1153 1364 1234 1511 1200 1195 1215 1130 1395 1269 1315 1275 1313 1341 1214 1169 1200 1101 1076 1090 1224 1212 1129 1144 1088 1113 1284 1374 1373 1185 1387 1114 1201 1109 1193 1089 1294 1181 1405 1251 1091 1200 1135 1245 1100 1336 1397 1334 1133 1399 1118 1141 1157 1316 1159 1295 1178 1156 1124 1142 1263 1090 1176 1202 1101 1267 1309 1285 1351 1157 1302 1151 1109 1187 1138 1106 1301 1195 1198 1108 1218 1118 1324 1336 1166 1351 1223 1218 1156 1161 1174 1108 1226 1395 1245 1363 1401 1203 1361 1165 1147 1149 1398 1255 1166 1118 1388 1365 1186 1341 1392 1415 1413 1190 1395 1147 1426 1162 1277 1243 1268 1136 1217 1169 1380 1308 1223 1245 1347 1377 1354 1322 1155 1184 1274 1324 1178 1230 1142 1272 1295 1363 1347 1282 1432 1169 1288 1397 1307 1170 1138 1301 1288 1141 1364 1181 1138 1171 1148 1161 1269 1319 1274 1152 1173 1184 1293 1215 1148 1255 1238 1276 1232 1209 1148 1152 1375 1434 1306 1526 1414 1278 1288 1270 1159 1272 1319 1364 1372 1251 1177 1216 1216 1286 1181 1406 1193 1388 1305 1256 1374 1420 1208 1399 1236 1206 1176 1158 1162 1184 1164 1293 1404 1392 1334 1250 1417 1175 1370 1435 1549 1299 1191 1336 1176 1406 1237 1388 1221 1287 1188 1269 1237 1406 1388 1281 1238 1231 1321 1278 1375 1180 1200 1351 1338 1282 1242 1205 1204 1398 1187 1281 1393 1227 1387 1229 1362 1435 1302 1188 1275 1360 1414 1260 1267 1215 1302 1393 1227 1189 1202 1200 1281 1220 1387 1226 1395 1325 1274 1286 1258 1218 1397 1495 1212 1312 1216 1353 1278 1399 1229 1360 1362 1398 1391 1252 1288 1353 1334 1560 1393 1336 1334 1330 1380 1236 1287 1283 1391 1357 1283 1251 1309 1328 1421 1293 1308 1336 1261 1570 1369 1503 1354 1346 1372 1283 1496 1550 1407 1286 1267 1244 1396 1304 1548 1619 1616 1243 1316 1281 1276 1243 1339 1273 1390 1600 1247 1420 1277 1412 1519 1400 1259 1574 1551 1381 1287 1401 1432 1348 1596 1312 1365 1252 1347 1356 1271 1366 1389 1489 1280 1620 1558 1485 1583 1414 1253 1394 1544 1265 1560 1494 1489 1377 1323 1455 1310 1356 1366 1254 1401 1275 1414 1429 1363 1338 1551 1288 1406 1408 1277 1331 1554 1591 1615 1358 1311 1556 1364 1425 1272 1444 1339 1622 1376 1603 1409 1339 1307 1444 1297 1317 1290 1482 1617 1435 1332 1591 1497 1564 1491 1406 1327 1408 1283 1601 1365 1308 1349 1413 1326 1379 1339 1297 1419 1600 1363 1341 1433 1530 1374 1421 1313 1341 1433 1356 1326 1339 1379 1371 1385 1355 1418 1428 1511 1379 1423 1327 1366 1400 1322 1361 1370 1403 1369 1525 1296 1501 1306 1526 1430 1346 1608 1481 1465 1543 1507 1576 1541 1558 1404 1406 1351 1416 1626 1501 1384 1467 1329 1298 1481 1573 1506 1397 1334 1409 1601 1564 1343 1319 1315 1331 1403 1404 1362 1526 1368 1396 1532 1616 1499 1337 1406 1311 1404 1360 1414 1554 1397 1329 1349 1345 1495 1532 1382 1481 1578 1599 1420 1385 1341 1433 1433 1429 1430 1396 1617 1619 1319 1415 1444 1602 1371 1622 1400 1523 1590 1405 1434 1526 1482 1357 1604 1354 1346 1495 1608 1351 1358 1511 1427 1392 1413 1532 1567 1397 1626 1383 1334 1339 1373 1588 1356 1554 1368 1536 1426 1399 1495 1419 1365 1401 1377 1489 1761 1849 1379 1519 1400 1494 1515 1462 1396 1604 1431 1502 1614 1597 1587 1563 1688 1362 1435 1402 1403 1397 1530 1626 1355 1377 1409 1444 1574 1432 1534 1505 1526 1482 1605 1536 1393 1377 1503 1385 1357 1570 1358 1496 1574 1372 1497 1366 1474 1494 1590 1554 1370 1418 1426 1375 1401 1395 1425 1421 1496 1494 1381 1604 1595 1438 1431 1601 1600 1670 1425 1588 1390 1543 1412 1416 1428 1474 1407 1531 1503 1596 1419 1588 1567 1599 1424 1620 1574 1448 1505 1384 1575 1769 1626 1573 1467 1465 1461 1582 1591 1565 1449 1518 1580 1500 1543 1620 1558 1405 1551 1426 1413 1598 1408 1411 1523 1432 1421 1543 1588 1507 1415 1460 1568 1538 1455 1596 1422 1546 1453 1616 1420 1427 1423 1576 1596 1434 1419 1560 1601 1615 1572 1495 1443 1519 1429 1534 1505 1521 1561 1620 1609 1567 1507 1489 1577 1511 1460 1551 1432 1544 1617 1433 1591 1625 1570 1525 1591 1554 1615 1666 1845 1644 1738 1611 1827 1830 1679 1756 1699 1491 1830 1679 1449 1700 1577 1624 1642 1693 1547 1575 1761 1728 1464 1567 1849 1642 1821 1515 1462 1471 1641 1744 1481 1599 1600 1830 1594 1793 1642 1821 1464 1493 1751 1752 1734 1506 1602 1484 1490 1544 1579 1828 1458 1739 1531 1603 1809 1568 1590 1555 1515 1472 1478 1510 1613 1536 1830 1508 1458 1534 1502 1504 1547 1830 1585 1699 1569 1546 1504 1539 1597 1828 1587 1815 1606 1614 1561 1607 1747 1565 1764 1621 1833 1729 1572 1608 1607 1479 1513 1623 1621 1753 1740 1527 1748 1743 1849 1552 1751 1700 1484 1624 1485 1584 1666 1539 1585 1759 1632 1522 1771 1502 1473 1487 1488 1571 1797 1644 1706 1692 1753 1545 1765 1729 1500 1606 1726 1501 1607 1488 1498 1511 1531 1548 1561 1747 1512 1822 1556 1513 1557 1744 1516 1558 1621 1848 1618 1510 1553 1527 1519 1576 1545 1562 1807 1733 1721 1713 1776 1495 1700 1517 1790 1680 1512 1743 1764 1758 1845 1600 1516 1607 1582 1571 1498 1644 1811 1614 1798 1798 1492 1623 1624 1638 1586 1584 1653 1529 1494 1698 1621 1821 1789 1618 1833 1734 1673 1566 1698 1550 1568 1566 1591 1550 1828 1582 1824 1598 1518 1580 1539 1566 1623 1777 1553 1546 1607 1616 1571 1521 1559 1624 1540 1541 1847 1512 1663 1793 1769 1666 1845 1540 1651 1738 1603 1513 1719 1641 1802 1622 1514 1665 1764 1721 1590 1603 1831 1625 1619 1753 1588 1577 1544 1613 1579 1790 1598 1539 1565 1580 1581 1583 1762 1544 1617 1548 1665 1553 1726 1675 1704 1618 1716 1673 1767 1753 1818 1765 1670 1583 1716 1795 1735 1595 1679 1587 1542 1608 1596 1578 1559 1579 1535 1570 1604 1808 1648 1635 1605 1625 1688 1791 1652 1563 1555 1550 1566 1828 1651 1753 1634 1739 1688 1613 1581 1556 1634 1557 1570 1608 1548 1728 1743 1561 1680 1595 1572 1728 1706 1751 1676 1836 1698 1748 1591 1597 1606 1719 1744 1609 1634 1614 1562 1588 1562 1747 1688 1809 1615 1587 1625 1619 1759 1568 1764 1687 1681 1683 1575 1615 1597 1604 1599 1642 1581 1599 1616 1847 1665 1762 1769 1666 1670 1848 1670 1795 1828 1739 1813 1624 1651 1789 1679 1791 1598 1610 1759 1730 1687 1746 1714 1848 1645 1605 1830 1663 1756 1619 1624 1632 1826 1728 1690 1680 1849 1805 1845 1646 1718 1847 1807 1712 1710 1707 1790 1808 1761 1625 1848 1789 1716 1680 1821 1849 1777 1734 1781 1673 1702 1799 1780 1786 1701 1633 1722 1677 1656 1729 1754 1767 1763 1663 1756 1681 1654 1641 1818 1806 1803 1708 1672 1836 1656 1645 1807 1713 1640 1707 1717 1705 1741 1826 1691 1816 1709 1845 1668 1660 1648 1850 1831 1806 1797 1706 1693 1788 1678 1803 1785 1762 1729 1844 1651 1781 1677 1711 1660 1748 1818 1741 1760 1715 1796 1725 1825 1681 1683 1719 1826 1802 1806 1797 1786 1815 1778 1668 1745 1671 1832 1782 1835 1814 1723 1731 1832 1791 1731 1812 1675 1748 1752 1705 1760 1668 1799 1685 1768 1702 1710 1825 1720 1770 1736 1774 1712 1764 1683 1746 1736 1807 1767 1674 1763 1842 1787 1713 1776 1720 1825 1838 1811 1782 1835 1701 1727 1767 1715 1766 1742 1748 1714 1822 1730 1843 1781 1718 1841 1702 1799 1778 1741 1803 1697 1739 1756 1812 1750 1773 1804 1750 1834 1730 1805 1685 1705 1755 1751 1752 1779 1723 1813 1731 1812 1804 1750 1813 1746 1784 1815 1789 1716 1795 1781 1842 1733 1824 1812 1816 1706 1811 1723 1789 1786 1734 1783 1823 1748 1729 1839 1715 1820 1787 1792 1817 1816 1731 1797 1785 1738 1722 1723 1749 1843 1779 1829 1757 1778 1817 1714 1846 1775 1838 1770 1813 1771 1812 1750 1817 1778 1788 1793 1713 1718 1841 1720 1770 1803 1783 1742 1801 1771 1784 1741 1773 1738 1841 1726 1758 1749 1774 1758 1827 1786 1744 1772 1783 1796 1837 1850 1814 1818 1806 1785 1747 1810 1743 1758 1805 1762 1754 1808 1810 1796 1776 1786 1768 1820 1843 1774 1834 1839 1801 1767 1780 1792 1800 1849 1805 1833 1748 1760 1794 1761 1822 1765 1754 1756 1804 1843 1810 1773 1805 1766 1779 1846 1843 1774 1843 1771 1839 1775 1844 1840 1793 1783 1823 1840 1839 1820 1833 1775 1780 1802 1788 1837 1805 1826 1817 1836 1789 1798 1824 1846 1834 1824 1827 1795 1801 1842 1820 1825 1803 1823 1798 1835 1815 1813 1812 1831 1832 1826 1822 1811 1836 1835 1836 1829 1844 1838 1837 1839 1837 1846
</DataArray>
        <DataArray type="Float64" Name="center_distance" NumberOfComponents="1" format="ascii">
0.00159954123352 0.00159935274367 0.0015997293767 0.00159930192767 0.0015997302069 0.00159984221376 0.00159938430801 0.00159961498328 0.00159956211584 0.00159945776316 0.0015997931947 0.00159910142932 0.00159977978736 0.00159997859425 0.00159987751613 0.00159986628134 0.00159942776577 0.00159962931387 0.00159928739474 0.00159946276798 0.00159974765258 0.0015995091528 0.00159967654945 0.00159953288299 0.00159931273734 0.00159984650794 0.00159959317647 0.00159984079718 0.00159959255452 0.00159965806306 0.00159972302152 0.00159972648223 0.00159968861692 0.00159970689391 0.00159963998229 0.00159924668318 0.00159948981004 0.00159987719847 0.00159944571042 0.00159955823738 0.00159965681508 0.00159953554385 0.00159989150549 0.00159952703257 0.00159979285707 0.00159942027598 0.00159952021625 0.00159982995531 0.00159967018709 0.00159936760175 0.00159956912299 0.00159941383859 0.00159927198873 0.00159972415865 0.00159993507623 0.00159983910383 0.00159981069204 0.0015992475094 0.00159955299301 0.00159951040035 0.00159993476897 0.00159909295607 0.00159930442562 0.00159938775765 0.00159961464131 0.0015994392773 0.00159926211839 0.00159975318511 0.00159943756825 0.00159979537555 0.00159951832954 0.00159947317405 0.00159986441579 0.00159948613268 0.00159929089535 0.00159984159029 0.00159921051491 0.00159996490288 0.00159930577257 0.0015995762939 0.00159935448248 0.00159950537894 0.00159980744456 0.00159989657806 0.00159980727903 0.00159984760221 0.00159978089623 0.00159974102419 0.00159933475717 0.00159949931127 0.00159962909577 0.00159997361569 0.0015997281496 0.00159935810245 0.00159936868077 0.00159974627086 0.00159955813614 0.00159967529198 0.0015999046183 0.00159957252912 0.00159968521502 0.00159966525488 0.00159960498086 0.00159928708721 0.0015995332754 0.0015995560873 0.00159912431387 0.00159959407647 0.00159947684538 0.00159960087759 0.00159933788957 0.00159909215463 0.00159933306602 0.001599704515 0.00159940281424 0.00159971673571 0.0015996409398 0.00159988358761 0.00159966053199 0.00159958040335 0.00159981765011 0.00159960807212 0.00159954798672 0.00159962204591 0.00159935530003 0.00159966989855 0.00159964342699 0.00159954995445 0.00159953877888 0.00159951744009 0.00159975297874 0.00159972161049 0.00159965496288 0.00159966129131 0.00159966018759 0.00159987246102 0.00159954561828 0.00159964430836 0.00159965863064 0.00159963706785 0.00159973008335 0.00159957077289 0.00159948525659 0.00159935199525 0.00159960044537 0.00159987595255 0.00159960923602 0.00159938687637 0.00159957681895 0.00159951928982 0.00159953387927 0.00159967960004 0.00159959231948 0.00159933849404 0.00159955598879 0.00159933825948 0.00159922091685 0.00159992390237 0.0015992853852 0.00159908905004 0.00159974735709 0.00159946081995 0.00159920050554 0.00159981183867 0.0015999409996 0.00159986582724 0.00159992317285 0.00159988924903 0.00159974960269 0.00159977382704 0.0015995728434 0.00159975502908 0.00159993142139 0.00159982291277 0.00159934483814 0.00159973690856 0.00159949571274 0.00159946945766 0.00159945154371 0.00159943940607 0.00159978914257 0.00159947275597 0.00159960581687 0.00159957569895 0.00159943233627 0.00159943485242 0.00159987750503 0.00159971312692 0.00159860066324 0.00159985174801 0.00159935639053 0.00159868821797 0.00159992785742 0.0015994743005 0.00159899962668 0.00159899827948 0.00159963092718 0.0015990928129 0.00159922537637 0.00159982109176 0.00159992890005 0.00159985441206 0.00159947117732 0.00159990324062 0.00159932180016 0.00159948956539 0.00159985104727 0.00159992036738 0.00159986998124 0.00159946441123 0.00159931908218 0.00159927905133 0.00159959278638 0.0015997626789 0.00159933536962 0.00159951381779 0.00159938022735 0.00159990042064 0.00159950190888 0.00159932023589 0.00159931491443 0.00159990279778 0.0015990876537 0.00159966197053 0.00159950635977 0.00159900169211 0.00159914905171 0.0015996214744 0.00159961919957 0.00159912304102 0.00159984212706 0.00159971533126 0.00159915028239 0.00159958721773 0.00159932828103 0.00159971552465 0.00159968975905 0.00159957941945 0.00159957386402 0.00159988887573 0.00159965599414 0.00159973328625 0.00159960071672 0.00159936569222 0.00159995903888 0.00159984279068 0.00159935988968 0.00159934737258 0.00159976358401 0.00159962999106 0.00159915548855 0.00159929595184 0.00159963749066 0.00159956987479 0.0015994551043 0.0015988352943 0.00159933425901 0.00159973796249 0.00159935738209 0.00159938201989 0.00159942335051 0.00159928615279 0.00159980263091 0.00159964098104 0.00159985995512 0.00159987954127 0.00159932509289 0.00159951206724 0.00159988575962 0.00159979403752 0.00159895430931 0.0015996174729 0.00159955188189 0.00159912466023 0.00159978999142 0.00159923635952 0.00159925522945 0.00159964847757 0.00159916475819 0.00159934213397 0.00159951663904 0.00159952682429 0.00159950225096 0.00159966166141 0.00159960110236 0.0015994808796 0.00159991875811 0.00159910836821 0.00159925777521 0.00159972736263 0.00159996689882 0.00159988514715 0.00159963309608 0.00159987902707 0.0015998764192 0.00159919430964 0.00159972736615 0.00159963513662 0.00159971861832 0.00159917328064 0.00159930293362 0.00159967705277 0.00159921628579 0.00159938910677 0.00159946462955 0.00159988215066 0.00159938003436 0.00159986703847 0.0015993455271 0.00159958918676 0.00159904915226 0.00159964327835 0.00159932399628 0.00159899737742 0.00159962504812 0.00159977886552 0.00159980197822 0.00159894127939 0.00159860623837 0.00159942416194 0.00159960492335 0.00159890474688 0.00159939249456 0.00159994332527 0.00159988641444 0.00159946140451 0.00159909698321 0.00159947605779 0.00159986896292 0.00159971774406 0.0015997039734 0.00159987676793 0.00159957072195 0.00159985501544 0.00159961461219 0.00159918090749 0.00159927125941 0.00159936258283 0.00159971354201 0.00159971034357 0.00159991259055 0.00159938841739 0.0015994894619 0.00159940481671 0.00159912610574 0.00159926632468 0.00159960282935 0.00159939822933 0.00159939898793 0.00159996493713 0.00159884790773 0.00159972244528 0.00159968281089 0.00159929076332 0.00159925501558 0.00159948936754 0.0015991142383 0.00159974593145 0.00159955748011 0.00159986492224 0.00159982914554 0.00159934356126 0.00159963630516 0.0015998563928 0.0015996952461 0.0015996550183 0.00159903813752 0.00159992137777 0.00159969426087 0.00159946204455 0.00159962075085 0.00159918500176 0.00159916308749 0.00159965807993 0.00159960548906 0.00159997636306 0.00159953855757 0.0015993286046 0.00159909733898 0.00159970004991 0.00159921528491 0.0015987363638 0.00159913505716 0.00159953906649 0.00159943701804 0.00159953216 0.00159975634049 0.00159940661524 0.00159973086626 0.00159991574716 0.00159972143657 0.00159956639236 0.00159951918847 0.00159960828437 0.00159983273836 0.00159961947397 0.00159960925926 0.00159983239592 0.00159944282036 0.00159945237512 0.00159980552264 0.00159980551917 0.00159900574512 0.00159923124321 0.00159958078918 0.00159945697473 0.00159897919404 0.00159977216191 0.00159986388163 0.00159997350693 0.00159988626098 0.00159986456015 0.00159965174977 0.00159954010022 0.0015998043638 0.00159903180633 0.00159970778667 0.00159933205149 0.00159952552115 0.00159974844003 0.00159954509674 0.00159921531176 0.0015999422589 0.00159989796408 0.00159923809605 0.00159960698005 0.00159969844105 0.00159937069504 0.00159998489007 0.0015994718463 0.00159951938807 0.0015995846614 0.00159962422616 0.00159906934311 0.00159972150516 0.00159959247624 0.00159977215948 0.00159916369209 0.00159993886061 0.00159966225928 0.00159922100117 0.00159988305102 0.00159906821025 0.00159993340731 0.00159995448819 0.00159994995995 0.00159954316151 0.00159959211637 0.00159919555548 0.00159938475172 0.00159962155499 0.00159964961044 0.00159907460761 0.00159987899144 0.00159945000794 0.00159985660328 0.00159962802076 0.00159937106367 0.00159956348298 0.00159993298126 0.00159909276332 0.00159969820789 0.00159959380206 0.00159951033374 0.00159969869429 0.00159966287469 0.00159931089127 0.00159964038751 0.00159939128948 0.00159949013946 0.00159955449193 0.00159964810289 0.00159937368965 0.00159929358499 0.00159985288563 0.00159931003378 0.00159945810576 0.00159942980878 0.00159979148803 0.00159933646899 0.0015996823688 0.00159973336999 0.00159986554157 0.00159979083602 0.00159979539805 0.00159993013921 0.00159995721135 0.00159968234583 0.0015996955472 0.00159903182945 0.00159976236904 0.00159975144588 0.00159984370668 0.00159928739047 0.00159969033948 0.00159971166083 0.0015998702031 0.00159916980849 0.00159987352401 0.00159979751582 0.00159981435316 0.00159954771995 0.00159986609477 0.00159940162368 0.00159979200945 0.00159958728302 0.00159949837334 0.00159905034221 0.00159907722269 0.0015990547494 0.00159939155832 0.00159959499377 0.00159985411745 0.00159973680523 0.00159907297017 0.00159994820454 0.00159905478488 0.00159985731508 0.00159976267534 0.00159972134079 0.00159992099477 0.00159933220443 0.00159941988866 0.00159981448318 0.0015991780584 0.00159913831092 0.00159941338445 0.00159984391149 0.00159979798329 0.00159941452397 0.00159962485363 0.00159963926154 0.0015996647886 0.00159991117767 0.00159953672983 0.00159960920024 0.00159961348345 0.00159965847995 0.00159930997315 0.00159993442082 0.00159917284966 0.00159934898433 0.00159986931466 0.00159982721809 0.00159932783693 0.00159918314257 0.00159951813278 0.00159973444827 0.00159994782192 0.00159973706033 0.00159975580957 0.0015993822956 0.00159971621171 0.00159938379389 0.00159985857347 0.00159972734084 0.00159965151579 0.00159947998287 0.00159965395567 0.00159951819981 0.00159926689654 0.00159973144259 0.00159948096224 0.00159946383257 0.00159900455958 0.00159940212911 0.00159973572698 0.00159901579356 0.00159932257219 0.00159966060819 0.00159962602157 0.00159930937874 0.00159978537292 0.00159988916432 0.0015999475668 0.00159992897099 0.00159957920383 0.00159966842858 0.00159956962633 0.0015998476327 0.00159964125603 0.00159985960558 0.00159944869468 0.00159965859475 0.00159959066965 0.00159945034434 0.00159939004615 0.00159984011072 0.00159914042092 0.00159971584727 0.0015997952272 0.00159947198053 0.00159930005504 0.00159935093654 0.00159983840849 0.0015993405298 0.00159917844586 0.00159945073524 0.00159976700831 0.00159986301517 0.00159904740722 0.00159991869263 0.00159994998584 0.00159999075366 0.00159951622388 0.00159945767473 0.00159922683044 0.00159923260241 0.00159986078142 0.00159937227601 0.00159978015407 0.00159906066543 0.00159955735301 0.00159954462696 0.0015999569239 0.00159954955398 0.00159968104781 0.00159994319851 0.00159982605223 0.00159956670156 0.00159988923694 0.00159994715695 0.00159986622159 0.00159984877747 0.00159969758487 0.00159916085551 0.00159975507173 0.00159961808863 0.00159917080305 0.00159940751262 0.00159943830277 0.00159992018043 0.00159996149956 0.00159961168897 0.0015997771427 0.00159952170137 0.00159951643501 0.00159991191306 0.00159971748833 0.00159927777089 0.00159955409628 0.00159941611389 0.00159964811656 0.00159914235272 0.00159961829291 0.00159982849492 0.00159958982014 0.00159926974634 0.00159972374948 0.00159935509123 0.00159947995447 0.00159971520126 0.00159963005882 0.00159995988367 0.00159965376341 0.00159969784318 0.00159993793988 0.00159971260064 0.00159955721598 0.00159967828398 0.00159957895084 0.00159967865575 0.00159971294974 0.00159937262002 0.00159978498875 0.00159988895178 0.00159988806646 0.00159989698527 0.00159954432205 0.00159984722204 0.00159969149963 0.00159957390032 0.00159994651306 0.00159911646108 0.00159968463292 0.00159916241088 0.00159991127849 0.00159936425401 0.00159960123735 0.00159963416222 0.00159946503298 0.00159972753725 0.00159988517518 0.00159979999504 0.00159964502912 0.00159969412566 0.00159981373968 0.00159954069376 0.00159959133085 0.00159980988701 0.00159955853889 0.00159989004691 0.00159991515628 0.00159933099206 0.00159955503376 0.00159943172084 0.00159958797441 0.00159970112569 0.00159947510333 0.00159904579466 0.00159942474154 0.00159915190846 0.00159890941429 0.00159981908592 0.0015999136105 0.00159956997784 0.00159959744028 0.00159902581817 0.00159972081464 0.00159967908923 0.00159984387973 0.00159991718276 0.00159993175034 0.00159985232044 0.00159953957816 0.00159951465036 0.00159932632498 0.00159931378367 0.00159957319564 0.00159974827936 0.00159956195811 0.00159882679287 0.00159908755143 0.00159894659637 0.00159987552119 0.001599709049 0.00159902960947 0.00159899899899 0.00159965474888 0.00159952543789 0.00159926006589 0.00159904647565 0.00159919109632 0.00159982260727 0.00159968233747 0.00159988134882 0.00159991492516 0.00159965779181 0.00159957905524 0.00159973807473 0.00159928091906 0.00159989753673 0.00159931986355 0.00159988303726 0.00159985618255 0.00159977111714 0.00159939099219 0.00159989389006 0.00159994688231 0.00159911036862 0.00159915713222 0.00159957584009 0.00159921044942 0.00159964647878 0.00159979819407 0.00159971470356 0.00159977647479 0.00159972567477 0.00159902406118 0.00159954510194 0.0015992508269 0.0015992856886 0.0015994578461 0.00159944733061 0.00159962754618 0.00159960523296 0.00159988217817 0.0015999441277 0.00159992072102 0.00159982678073 0.00159989554204 0.00159989675171 0.00159992866118 0.00159993135538 0.00159988023353 0.00159949345326 0.00159910411133 0.00159998404855 0.00159935632603 0.00159930839863 0.00159979067453 0.00159959802602 0.00159972535448 0.00159965541976 0.00159971117521 0.00159961843427 0.00159984660108 0.00159991955865 0.00159956223336 0.00159961691723 0.00159931129809 0.00159929595138 0.00159949368373 0.001599279552 0.00159954198495 0.00159908157288 0.00159925148404 0.00159938331898 0.00159937265334 0.00159963118361 0.00159955141837 0.00159990971151 0.00159963769079 0.00159960882416 0.00159952792568 0.00159937995393 0.00159994588236 0.00159988499145 0.00159987361321 0.00159993788126 0.00159995530077 0.00159958835447 0.00159937055943 0.0015997450383 0.00159994184688 0.00159997327052 0.00159997007739 0.00159996867632 0.0015999642917 0.0015994754758 0.00159993566931 0.00159970505971 0.00159971256175 0.00159957713388 0.00159986499809 0.00159974361919 0.00159952067213 0.00159933291727 0.0015996270422 0.00159948356138 0.00159973996254 0.00159975584984 0.00159972745636 0.00159968405634 0.00159950132866 0.00159968467504 0.00159934978314 0.0015999857047 0.00159953632289 0.00159965745359 0.00159993710564 0.00159975153176 0.00159972159526 0.00159977577992 0.00159984937689 0.00159974784355 0.00159922194547 0.00159984608579 0.00159922813215 0.00159954463799 0.00159978763107 0.00159982652836 0.00159979262926 0.00159954588784 0.00159924439926 0.00159986423862 0.00159941614887 0.0015995149802 0.00159948517693 0.00159982402643 0.00159980787035 0.00159938425842 0.00159959420842 0.00159959986859 0.00159954415974 0.00159978542444 0.00159981634042 0.00159963847576 0.00159992337606 0.00159950265532 0.00159948382583 0.00159951988592 0.00159959716198 0.00159962914244 0.00159957271863 0.00159975515377 0.00159976027666 0.00159997583481 0.00159928688955 0.00159978689786 0.00159943519907 0.00159941311293 0.00159992249025 0.00159965808644 0.00159971051589 0.00159962608447 0.00159993394905 0.00159978875956 0.00159964675364 0.00159947020657 0.00159932473659 0.00159926863092 0.00159959099434 0.00159905887846 0.00159996870124 0.00159942604259 0.00159905680546 0.00159983646503 0.00159970598293 0.00159943331161 0.0015993534011 0.00159941191477 0.00159981380546 0.0015999054385 0.00159950451118 0.00159977535174 0.00159968694696 0.0015996730424 0.00159916724554 0.00159998600099 0.00159912335446 0.00159991039961 0.00159993292602 0.00159992301704 0.00159981137731 0.00159966213965 0.00159967608841 0.00159966807783 0.00159946007186 0.00159928441086 0.00159968651296 0.0015998872455 0.00159954374533 0.0015995939455 0.00159937800191 0.00159985350411 0.00159929119111 0.00159893955414 0.00159993426779 0.00159962571372 0.00159928870874 0.00159956718258 0.0015993785767 0.00159972816551 0.0015996313914 0.00159975354578 0.00159948213188 0.00159943339719 0.00159918610875 0.00159940059765 0.00159921215283 0.00159886037109 0.0015993070501 0.00159928823343 0.00159903726004 0.00159992072303 0.001599471127 0.00159918502582 0.00159951542126 0.00159968699501 0.00159935935501 0.00159932103856 0.00159958814196 0.00159966267015 0.00159894801452 0.00159961408225 0.0015994015183 0.00159954892354 0.00159950876233 0.00159921849011 0.00159969269716 0.00159907015342 0.00159951634684 0.00159901743097 0.00159955795614 0.00159985074312 0.00159919198285 0.00159956797525 0.00159991932301 0.0015997460044 0.0015996380162 0.00159986146163 0.00159954589079 0.00159916881987 0.00159972586493 0.00159928071133 0.00159920377521 0.00159977931252 0.0015998185086 0.00159953751421 0.00159983841615 0.00159958485417 0.00159994675509 0.00159933719415 0.00159905202117 0.00159977224763 0.00159950044076 0.00159935598144 0.00159976753484 0.00159954795794 0.00159936341548 0.00159993462353 0.00159992893692 0.00159997518238 0.00159960971792 0.0015991661937 0.00159976442881 0.00159935983092 0.00159996429317 0.00159910143822 0.00159927669336 0.00159924660969 0.00159940180708 0.00159931765055 0.00159943567871 0.00159977192008 0.00159984558278 0.00159989360455 0.00159965494105 0.0015995452871 0.00159956105648 0.0015998927633 0.00159996748212 0.00159992658733 0.0015994352079 0.00159931058031 0.00159961468248 0.00159913233542 0.00159972827461 0.00159932251362 0.00159931970182 0.00159979102874 0.00159984592503 0.00159970467447 0.00159920501937 0.00159949065084 0.00159915444121 0.00159948592404 0.00159966462534 0.00159956936025 0.00159919884401 0.0015992794765 0.00159911008093 0.00159939658962 0.00159968120839 0.00159974750366 0.00159980854446 0.00159982890774 0.00159942823853 0.00159978417459 0.00159940238425 0.00159994222023 0.00159965876948 0.00159994881632 0.00159978436244 0.00159959708777 0.0015991928856 0.00159910358403 0.00159995911881 0.00159991617404 0.00159887457357 0.00159960665427 0.00159886675055 0.00159918782379 0.0015992113888 0.00159966274825 0.00159935652809 0.00159912039279 0.00159938434554 0.00159941030583 0.00159923978001 0.00159977048816 0.00159951436359 0.00159952176504 0.00159922572029 0.00159945065501 0.00159943996168 0.00159907761774 0.00159992272585 0.00159951886735 0.00159989750925 0.00159900292205 0.00159982286871 0.00159967880842 0.0015996844933 0.00159962345451 0.00159944847059 0.0015993726114 0.00159963375736 0.0015995898121 0.00159986083571 0.00159986480237 0.00159953363553 0.00159960653833 0.00159999710423 0.00159962868054 0.00159973087656 0.0015997484869 0.00159976160996 0.00159994069673 0.00159908510613 0.00159972782729 0.00159955615961 0.00159961615993 0.00159921630696 0.00159996562165 0.00159928920517 0.00159918807086 0.00159970763555 0.00159987276435 0.00159929077854 0.00159922498811 0.00159948497836 0.00159910868652 0.00159954884547 0.00159987510266 0.00159966250197 0.00159954962282 0.00159922839038 0.0015993059785 0.00159992924532 0.00159923465129 0.00159953712009 0.00159982413541 0.00159941175793 0.00159970587329 0.00159939844528 0.0015995877896 0.00159952645333 0.0015993732164 0.00159971115236 0.00159923218239 0.00159945860465 0.00159955264184 0.00159958915232 0.0015996567497 0.0015997427074 0.0015995192729 0.00159997487614 0.00159939322774 0.00159937121828 0.00159940985386 0.00159973217484 0.00159976294428 0.00159975085783 0.00159992786915 0.001599761557 0.00159958001964 0.00159929232188 0.00159999528589 0.00159973390382 0.0015992456872 0.00159956827545 0.0015995800762 0.00159958762673 0.00159935559394 0.00159992663942 0.00159965139698 0.00159936193945 0.00159945590033 0.00159959035595 0.00159949056671 0.00159913279332 0.00159933890681 0.00159909337491 0.00159850707333 0.0015990064384 0.00159918633946 0.00159879151835 0.00159950650318 0.00159957807084 0.00159912407508 0.00159930171784 0.0015994002624 0.00159967389234 0.00159963224967 0.00159972676243 0.00159992534529 0.00159981028998 0.00159984827479 0.00159934276936 0.00159902218125 0.0015998621792 0.00159946576272 0.00159977885958 0.00159959035236 0.00159971907564 0.00159970202384 0.00159981800384 0.00159970966299 0.00159956481011 0.00159871846534 0.00159941018986 0.00159993170935 0.00159946061165 0.00159932967429 0.00159914106409 0.00159932347063 0.00159909125741 0.00159933991773 0.00159909508574 0.00159950743455 0.00159980429136 0.00159980973421 0.00159956856766 0.00159974467071 0.00159948789669 0.00159954598877 0.00159988500798 0.00159989096889 0.00159931012942 0.00159925207437 0.00159995032979 0.00159959046149 0.00159979844307 0.00159961883679 0.00159972127705 0.00159980082734 0.00159966627237 0.00159919618842 0.00159940592303 0.00159932652164 0.00159968220878 0.00159960083122 0.00159897789092 0.00159949084872 0.00159924630404 0.00159948656743 0.00159969563172 0.0015996497277 0.00159991425554 0.00159994960314 0.00159956804274 0.00159957458107 0.00159880420416 0.00159880656978 0.00159943189387 0.00159949024763 0.00159961533363 0.00159929278804 0.00159994388799 0.00159926379823 0.00159989515729 0.00159934200967 0.00159956288593 0.00159940287071 0.00159975452197 0.00159961787828 0.00159948089008 0.00159952684176 0.00159966276341 0.00159991778187 0.00159954725685 0.0015999021725 0.00159991457751 0.00159975260033 0.0015996178149 0.0015998168229 0.00159986512957 0.0015994421404 0.00159931722849 0.00159965408503 0.00159974504579 0.00159938608506 0.0015995377553 0.00159963619208 0.00159976571519 0.00159933713436 0.00159953343501 0.00159953662258 0.001599380019 0.00159920536869 0.00159990077992 0.00159959022142 0.00159950827162 0.00159953657005 0.00159970223533 0.00159953061267 0.00159970637534 0.00159921426773 0.00159958783045 0.00159968346713 0.00159962516758 0.00159986557925 0.00159994380485 0.00159986984145 0.00159949100138 0.00159936116509 0.00159956929383 0.00159963536929 0.00159945278573 0.00159943995558 0.00159998039392 0.0015997166207 0.00159914899342 0.001599933581 0.00159935107136 0.00159964627173 0.00159921185073 0.00159969694272 0.00159959851496 0.00159950605546 0.00159910765656 0.00159956315928 0.00159939860664 0.00159938041004 0.00159912362536 0.00159920758358 0.00159941370764 0.00159931165902 0.00159909880423 0.00159899000688 0.00159992866681 0.00159996013009 0.00159935411909 0.00159988335722 0.00159946594795 0.00159953407886 0.00159991407458 0.00159984901772 0.00159950661304 0.00159968219198 0.00159991835435 0.00159996476561 0.00159968817933 0.00159973731748 0.00159985999776 0.00159964275656 0.00159973364302 0.00159962084618 0.00159974363069 0.00159993445818 0.00159984583835 0.00159970797514 0.00159978789305 0.00159969006882 0.00159971045689 0.00159967649622 0.00159940458149 0.00159959857764 0.00159943795245 0.00159989334243 0.00159948179624 0.0015994361138 0.00159924273799 0.00159922652111 0.00159954562561 0.00159954711747 0.00159926913365 0.00159928451058 0.00159945086368 0.00159920578311 0.00159931226239 0.00159943377245 0.00159959834473 0.0015998852745 0.00159966395832 0.00159987852137 0.00159988719983 0.00159993658928 0.00159954323661 0.00159954764815 0.00159937900339 0.00159953862715 0.00159976382985 0.00159911767231 0.00159990778673 0.00159976565537 0.00159965216848 0.00159981599793 0.00159980311457 0.00159994463393 0.00159970965831 0.00159971665759 0.00159969946749 0.00159968106337 0.00159935672549 0.00159983486164 0.00159944037681 0.00159930307971 0.00159875633029 0.00159933483225 0.00159974189735 0.00159896359566 0.00159916832205 0.00159931295779 0.00159972230109 0.00159953538913 0.00159957070741 0.00159934267805 0.00159972626514 0.00159975241913 0.00159962418742 0.00159969245612 0.00159943344176 0.00159968519623 0.00159961253553 0.00159971550421 0.00159966258215 0.00159981238473 0.00159998980732 0.00159930173604 0.00159991830314 0.00159995751787 0.00159943027941 0.00159947810243 0.00159941044809 0.00159942430209 0.00159948929999 0.00159953128973 0.00159975889476 0.00159924146922 0.00159985293579 0.00159985397403 0.00159958868721 0.00159999869313 0.00159971247156 0.0015998373697 0.00159975077518 0.00159974945947 0.00159990545769 0.00159977290963 0.00159927527874 0.00159912845861 0.00159907747071 0.00159994803144 0.00159983742248 0.00159982021867 0.00159988972637 0.00159989539083 0.00159987371639 0.00159992265058 0.00159956960576 0.00159986758857 0.00159986747117 0.00159948766734 0.00159961614802 0.00159932436631 0.00159975550535 0.00159959689817 0.00159989073655 0.00159940185646 0.00159954667641 0.00159934077071 0.00159960007368 0.00159983974135 0.00159902070083 0.00159953496855 0.00159961707676 0.00159955446132 0.00159988696503 0.00159921448334 0.00159982247355 0.00159937130826 0.00159975299906 0.00159979414365 0.0015997370186 0.00159975217899 0.00159981321525 0.00159999304505 0.0015997418798 0.00159953213505 0.00159976003312 0.00159972706726 0.00159906261377 0.00159990906737 0.0015995871512 0.00159918947583 0.00159992236276 0.00159996408885 0.00159954844876 0.0015993049483 0.00159989702554 0.00159960092234 0.00159969827594 0.00159953935594 0.00159972454519 0.00159971404399 0.00159941582282 0.00159960531277 0.00159911576137 0.00159925807877 0.00159997345189 0.00159968808469 0.00159959976435 0.00159945328242 0.00159970999698 0.00159941015266 0.00159948324314 0.00159978052674 0.00159975569096 0.00159978995072 0.00159943758007 0.00159993065054 0.00159971895854 0.00159894577751 0.0015999104586 0.00159939056499 0.0015996629771 0.00159941714868 0.00159916526143 0.00159971135477 0.00159982003566 0.00159984041236 0.00159951704703 0.00159928894394 0.00159955660261 0.00159982676965 0.00159929519673 0.00159993760513 0.00159954738795 0.0015991296695 0.00159928534936 0.00159960402698 0.00159946933798 0.00159973880599 0.00159989622946 0.00159957071683 0.00159960101494 0.00159965168239 0.00159987897011 0.00159993127802 0.0015998354381 0.0015989573652 0.00159936813293 0.00159946381741 0.00159976016397 0.00159927802844 0.00159952770552 0.00159894900412 0.00159963894546 0.0015997425565 0.00159954112901 0.00159976526626 0.00159970492738 0.00159952151202 0.00159993773304 0.00159997198409 0.00159956161971 0.00159944924831 0.00159985497891 0.00159984754792 0.00159992286832 0.00159996159258 0.00159935872359 0.0015995444338 0.00159977817017 0.00159949907193 0.00159990396716 0.00159950297249 0.00159983323316 0.00159955508828 0.00159971971167 0.00159957345423 0.00159988291595 0.00159989316284 0.0015996624296 0.00159970234176 0.00159960866371 0.00159966341897 0.00159974917968 0.00159955352181 0.00159984492181 0.00159982101242 0.00159942654001 0.00159981814904 0.00159985491092 0.00159942527514 0.00159969012456 0.00159957245166 0.0015996016531 0.00159975438856 0.00159972290502 0.00159986116264 0.00159991995148 0.00159992479665 0.00159979313707 0.0015994210426 0.00159976089655 0.00159953841694 0.00159971041993 0.00159933078975 0.00159941826197 0.0015999598156 0.00159949843769 0.00159948668104 0.00159983166908 0.00159938381497 0.00159988331369 0.00159957871989 0.00159966435357 0.00159964014551 0.00159984830418 0.00159981515447 0.00159969388081 0.0015996695075 0.00159998898925 0.00159968344698 0.00159964720123 0.00159965678485 0.00159975566551 0.00159976202205 0.00159977521936 0.00159989714249 0.00159944750301 0.00159949605534 0.00159966554447 0.00159959386932 0.00159951610335 0.0015996437956 0.00159932724207 0.0015995797085 0.00159939024874 0.00159994140893 0.00159965782994 0.00159994843855 0.00159961122656 0.00159950399291 0.0015998939918 0.00159907381751 0.00159918217943 0.00159953684442 0.00159965740159 0.00159918774476 0.0015997819419 0.00159918786989 0.00159983562768 0.0015995425033 0.00159963805441 0.00159942678477 0.00159991661546 0.00159958056196 0.0015996764025 0.00159978398113 0.00159987009539 0.00159978422585 0.00159975427865 0.00159976488742 0.00159974311647 0.00159959230775 0.00159963856401 0.00159993151926 0.0015998747605 0.00159997702276 0.00159990877526 0.00159977866274 0.00159939576283 0.00159993424965 0.00159999500958 0.00159981885122 0.00159937977674 0.00159944476555 0.00159966166853 0.0015995498739 0.0015993580746 0.00159949996346 0.00159954423958 0.00159950696431 0.00159975105217 0.00159958933985 0.00159993414345 0.00159962956432 0.00159973671797 0.0015996746079 0.00159978285595 0.00159988964957 0.00159965349363 0.00159972860936 0.00159978930323 0.00159979559688 0.0015998533062 0.00159991746682 0.00159870411756 0.00159924512259 0.00159895059662 0.00159931771956 0.00159964828402 0.00159974181275 0.00159940392957 0.0015997814083 0.00159921298712 0.00159977438231 0.00159990803053 0.00159937463995 0.00159945762782 0.00159968513949 0.00159975990963 0.00159905558143 0.00159957066824 0.00159923509189 0.00159943794961 0.00159929434052 0.0015993524025 0.00159941128029 0.0015998195102 0.00159897975491 0.00159898286901 0.0015992824054 0.00159969088152 0.00159862335411 0.0015994539717 0.0015996217343 0.00159939543101 0.00159992467662 0.00159995608557 0.0015997998467 0.00159965329494 0.00159909040412 0.0015993894681 0.00159971507079 0.00159995732203 0.00159960772817 0.00159964045223 0.00159994873244 0.00159990424628 0.00159966344756 0.00159941211811 0.00159983220329 0.00159972944836 0.0015999615013 0.00159917121622 0.00159979840827 0.00159948852827 0.00159940489216 0.00159940909055 0.00159937968184 0.00159913981441 0.00159926419499 0.00159927263513 0.00159965822819 0.00159975762137 0.00159957483465 0.00159953787658 0.00159955728359 0.00159963243326 0.0015999447018 0.00159945867552 0.00159893225852 0.0015994076041 0.00159930300204 0.00159962343254 0.00159994698533 0.00159957091084 0.00159955286333 0.00159949549642 0.00159941950458 0.0015996216798 0.00159944917781 0.00159955350654 0.00159948025431 0.00159940806944 0.00159948220915 0.00159958181344 0.00159957182276 0.00159946142017 0.00159995099755 0.00159960869995 0.0015997126145 0.00159965328522 0.00159986063712 0.00159995587898 0.00159985685832 0.00159924668204 0.00159978002613 0.00159979639663 0.00159954864291 0.00159978916606 0.00159952775196 0.00159944384185 0.0015994437247 0.00159937942372 0.00159938758734 0.00159952513586 0.00159931283214 0.00159974644544 0.00159935107404 0.00159998033052 0.0015998715371 0.00159943603653 0.00159967553191 0.00159951634535 0.00159971751295 0.00159971744518 0.00159973248599 0.00159977530567 0.00159958351433 0.00159906849923 0.00159952854724 0.00159980806724 0.00159976446292 0.00159959645227 0.0015994780115 0.00159971454026 0.00159976967029 0.00159967998885 0.00159948355971 0.00159950115735 0.00159971662147 0.00159984475159 0.00159979785668 0.00159957894205 0.00159968038439 0.00159985185451 0.00159939371839 0.00159990796616 0.00159985231868 0.00159996852231 0.00159976572119 0.0015995626082 0.00159942985515 0.00159965651056 0.00159977771884 0.00159963817438 0.00159980960669 0.00159961978756 0.0015997414588 0.00159939858838 0.00159966775389 0.00159955864538 0.00159976231598 0.00159923154072 0.00159924296813 0.001599580402 0.00159906475063 0.00159961045101 0.00159959135505 0.00159957902812 0.00159971652189 0.00159936287757 0.00159972353039 0.0015999325547 0.00159931029832 0.0015992993504 0.00159962295397 0.00159976287642 0.00159949699509 0.00159942119949 0.0015995900824 0.00159946392569 0.00159965201607 0.00159979900765 0.0015993794647 0.00159994171707 0.0015994371494 0.00159939489198 0.00159961056871 0.00159993705211 0.00159940074594 0.00159916320056 0.00159937803965 0.00159943268975 0.00159994739202 0.00159972128177 0.00159977095783 0.00159947075541 0.00159982526016 0.0015997084304 0.00159994401471 0.00159940088297 0.00159975543686 0.00159983643546 0.00159970175633 0.00159994486454 0.00159966048897 0.00159960198307 0.00159964508578 0.0015998822432 0.00159968268175 0.00159973861337 0.00159956224306 0.00159976946946 0.00159980054767 0.00159907766741 0.0015994912124 0.00159974025273 0.00159943930985 0.0015994809652 0.00159988043461 0.00159944160989 0.00159957609636 0.00159937217256 0.00159978084793 0.00159871273534 0.00159942511138 0.00159927056969 0.00159955804513 0.00159910012318 0.00159970764057 0.00159977473813 0.0015997099251 0.00159970759243 0.00159999120262 0.00159969961499 0.00159954644809 0.00159945006609 0.00159939358217 0.00159969888161 0.00159941613509 0.00159971063566 0.00159958811117 0.00159968798369 0.00159963626699 0.00159977846449 0.00159937671649 0.00159950226324 0.00159969843448 0.00159932741113 0.00159936379322 0.00159954488055 0.00159983156551 0.00159955200291 0.0015998512629 0.00159958517261 0.00159959881756 0.00159983898481 0.00159989686787 0.00159982353383 0.00159985038318 0.0015998963713 0.00159933185516 0.00159985063235 0.00159972578563 0.0015993836841 0.00159994179988 0.00159954799168 0.00159917755498 0.00159991549129 0.00159955590682 0.00159918269785 0.00159931447054 0.00159980289055 0.0015998838379 0.00159927986887 0.00159977861613 0.00159941730526 0.0015993561834 0.00159991766345 0.00159939423795 0.00159968512054 0.00159957051019 0.00159954948947 0.00159970800383 0.00159940062274 0.00159971216595 0.00159914545317 0.0015996741049 0.00159974353265 0.00159906078663 0.0015995879633 0.0015999359557 0.0015995930722 0.00159924251736 0.00159995901389 0.00159983044878 0.00159959303212 0.00159991711433 0.00159995345769 0.0015996831717 0.00159966717524 0.0015997823265 0.00159976171877 0.00159961990846 0.00159970208433 0.00159974088217 0.00159975766651 0.00159970669683 0.00159954439056 0.00159956631413 0.0015993263813 0.00159918367991 0.00159987947741 0.00159984519352 0.00159983753568 0.00159946774086 0.00159964433971 0.00159981246434 0.00159942002725 0.00159945102726 0.00159991155855 0.00159945351073 0.00159954855384 0.00159979688767 0.0015997430093 0.00159969232522 0.00159949065562 0.00159961473121 0.00159971451141 0.00159958249009 0.00159931225492 0.00159906074371 0.00159953466735 0.00159973076912 0.00159983734057 0.00159978626546 0.00159982887803 0.00159965162085 0.00159887054712 0.001599017195 0.00159929996213 0.00159982485955 0.00159985656221 0.00159970267753 0.00159992347896 0.00159972664109 0.00159973724879 0.00159988198347 0.00159961066349 0.00159977552339 0.00159953330617 0.00159953892047 0.00159981642765 0.00159969690606 0.00159962883743 0.00159983906986 0.00159962214794 0.00159968287484 0.00159971049669 0.00159956589418 0.00159963956166 0.00159983442815 0.00159945840761 0.00159943315279 0.00159964877585 0.0015998529546 0.00159942749072 0.00159958681032 0.001599734608 0.00159960272971 0.00159960559433 0.00159980342123 0.00159961803846 0.00159966485381 0.00159984764028 0.00159974051536 0.00159981644912 0.00159955676635 0.0015997061321 0.00159991732036 0.00159974296965 0.00159987562139 0.00159974425597 0.00159976876351 0.00159993265011 0.00159985416408 0.00159946502792 0.0015997743365 0.00159993615898 0.00159987226248 0.00159946829453 0.00159944548301 0.00159937811167 0.00159975575033 0.00159905665737 0.00159973617403 0.00159920887163 0.00159985170123 0.00159962223618 0.001599704428 0.00159984471471 0.00159972141302 0.00159983208599 0.00159996347979 0.00159990143366 0.00159967504583 0.00159970948442 0.00159985332686 0.00159978824001 0.00159954081458 0.0015995643941 0.00159943949253 0.00159964018332 0.00159972387023 0.00159969643068 0.00159954956981 0.00159981556335 0.00159982183165 0.00159986223824 0.00159981990307 0.00159975538737 0.00159991733259 0.00159985999485 0.00159972775178 0.00159972779664 0.00159973092108 0.00159964745495 0.00159919268858 0.00159962346195 0.00159923260303 0.00159893820309 0.00159922171001 0.00159956653576 0.00159923498629 0.00159973091097 0.00159937324036 0.00159975429694 0.00159957315348 0.00159919073787 0.00159995005271 0.00159930699611 0.0015997989919 0.00159967138105 0.0015996992316 0.00159982089793 0.00159988502875 0.00159970881759 0.0015994413849 0.00159977453842 0.00159967969119 0.00159955734123 0.0015994147018 0.00159944508436 0.00159989399065 0.00159999494892 0.00159968614757 0.00159964576694 0.00159957795069 0.0015993692843 0.00159882928226 0.0015993676304 0.00159974668407 0.00159950203011 0.00159939815896 0.00159910364931 0.00159909293709 0.00159922616392 0.00159958905998 0.00159992792436 0.00159945973842 0.00159946554997 0.00159976100056 0.00159972305721 0.00159976514597 0.00159952314728 0.00159932709513 0.00159893505581 0.00159923886193 0.0015995041884 0.00159993654891 0.00159963484484 0.00159994834889 0.00159990439341 0.00159972489492 0.00159962527122 0.00159976274648 0.00159978736851 0.0015997085649 0.00159966121129 0.00159983154259 0.00159978794129 0.00159974128143 0.00159964047818 0.00159934002789 0.00159944570213 0.00159960926179 0.00159984676092 0.00159950222926 0.00159959597111 0.00159955758835 0.00159996340748 0.00159943652916 0.00159943182719 0.00159944489038 0.00159963492435 0.00159958877619 0.00159961345831 0.00159976124109 0.00159951147334 0.00159988546994 0.00159962740268 0.00159980417214 0.00159990363886 0.00159990252281 0.00159994077445 0.00159933569648 0.00159970414359 0.00159947367522 0.00159964888318 0.00159984669931 0.00159957951273 0.00159954369561 0.00159951237733 0.00159962999589 0.00159947942263 0.00159977878686 0.0015997380608 0.00159973764956 0.00159978331075 0.00159987216265 0.00159956581465 0.00159917676697 0.0015996335498 0.00159972125499 0.00159960829292 0.00159962681483 0.00159967518507 0.00159962262443 0.00159965196046 0.00159952569086 0.00159958186437 0.001599399146 0.00159994048931 0.00159981362013 0.0015997828712 0.00159962006282 0.00159928434104 0.00159978971235 0.00159943037497 0.00159922519088 0.00159938797249 0.00159954548572 0.00159996949336 0.00159964292416 0.00159973618019 0.00159972997997 0.00159974036985 0.00159962671961 0.00159978451421 0.00159973661954 0.0015994018431 0.0015992355563 0.0015994523855 0.00159960303159 0.00159983502208 0.00159951449779 0.0015994481299 0.00159953639226 0.00159971969205 0.00159943375248 0.00159978048308 0.00159984821035 0.00159958310949 0.0015994644892 0.00159973652003 0.00159949978391 0.00159971036049 0.0015998076152 0.00159960260956 0.00159990439096 0.00159972778478 0.00159964218344 0.00159974945741 0.0015997264285 0.00159949320609 0.00159975272497 0.0015997054318 0.00159973747092 0.00159969665057 0.00159972481593 0.00159968413774 0.0015998191269 0.00159917890358 0.00159940070209 0.00159942979602 0.0015995269136 0.00159930845785 0.00159963510881 0.00159967549056 0.00159962394001 0.00159977699171 0.00159955809234 0.00159997202119 0.00159988403278 0.00159936039775 0.00159986966969 0.00159947305773 0.00159955376138 0.0015996686095 0.00159947848215 0.00159976363825 0.00159984971681 0.00159951618837 0.00159965183027 0.00159972992515 0.00159947119355 0.00159964140512 0.00159982470447 0.00159996297423 0.0015997590659 0.00159959349638 0.00159975507067 0.00159993013239 0.00159952477459 0.00159930953958 0.00159942104379 0.00159925561748 0.0015991293594 0.00159992226181 0.00159947931065 0.00159972456712 0.00159960633866 0.00159978262563 0.00159989200713 0.00159969174538 0.0015997251995 0.00159969673712 0.00159984929592 0.00159971275299 0.00159969263614 0.00159959762004 0.00159996273326 0.00159963800248 0.00159992027741 0.00159983938324 0.00159992845984 0.00159929434403 0.00159958653135 0.00159923097647 0.00159961661217 0.00159960707582 0.00159918075153 0.00159960400202 0.00159905553047 0.00159968050629 0.00159964318333 0.00159978606288 0.00159965680962 0.0015994962356 0.00159936904858 0.00159965263686 0.00159931232524 0.0015994806309 0.00159985776332 0.00159963939984 0.00159966947294 0.00159994590668 0.00159966823631 0.00159992957858 0.00159957105146 0.00159955564376 0.00159984467441 0.00159967199856 0.0015996815981 0.00159994937428 0.00159972328575 0.00159929518163 0.00159910036831 0.00159975219922 0.00159992868497 0.00159990218141 0.00159985909339 0.00159970205543 0.0015994146007 0.001599700582 0.00159958113435 0.00159935871969 0.00159997554306 0.00159992772722 0.0015994837522 0.00159948260856 0.00159956808448 0.0015997107742 0.00159992289103 0.00159979080059 0.00159932433127 0.00159973429176 0.00159979562085 0.00159977607152 0.0015999201864 0.00159974946245 0.00159966840273 0.00159937663898 0.0015996533324 0.00159966160243 0.00159989749307 0.00159951132093 0.00159950770213 0.00159957813452 0.00159961784926 0.00159972361361 0.0015996948205 0.00159982331908 0.00159986120834 0.00159968311755 0.00159928510345 0.0015999482565 0.00159963409552 0.00159964615598 0.0015999602734 0.00159996722442 0.001599680642 0.00159983062988 0.0015997986573 0.00159980002108 0.00159940619811 0.00159955806129 0.00159988484269 0.00159944629586 0.00159994585273 0.00159980611915 0.00159981576073 0.00159937252027 0.00159973304755 0.00159993410456 0.00159988847924 0.00159976393486 0.00159953968067 0.00159960366817 0.00159932228633 0.00159972929761 0.00159977494771 0.00159926312939 0.00159958253937 0.00159981628403 0.00159960304718 0.00159968769665 0.001599535551 0.00159980046049 0.00159943426836 0.00159974909439 0.0015991488039 0.00159981371011 0.00159976058816 0.00159972654244 0.00159974057407 0.0015998431829 0.00159988244408 0.00159959619655 0.00159967948268 0.00159982235091 0.00159979736746 0.00159964132824 0.00159970204096 0.00159964096085 0.00159950337317 0.0015996144345 0.00159975300508 0.00159941778188 0.00159931579086 0.00159973622082 0.00159983278846 0.00159975609833 0.00159993134638 0.00159943552539 0.00159976475873 0.00159984073866 0.0015994635426 0.00159944161943 0.00159957109397 0.00159954617693 0.00159992871195 0.00159961138976 0.00159947864834 0.00159960887192 0.00159962583826 0.00159971548683 0.00159968079207 0.00159970665122 0.00159990640701 0.00159971963226 0.00159960795617 0.00159961424865 0.00159999740086 0.00159977471104 0.00159984703782 0.0015997939195 0.00159995250684 0.00159985730116 0.0015998627031 0.00159966074803 0.00159956478973 0.00159977720127 0.00159956313195 0.00159968490956 0.00159978953873 0.00159979910587 0.00159980085131 0.00159983741383 0.00159993658707 0.00159939964282 0.00159942175908 0.00159941545864 0.00159950260402 0.00159959464245 0.00159983391645 0.00159962191714 0.00159909206891 0.00159994255869 0.00159978150959 0.00159987664388 0.00159985865133 0.00159966352995 0.00159928400094 0.00159941087888 0.00159944511923 0.00159970575111 0.00159965376594 0.00159974593044 0.00159973250804 0.00159988113209 0.00159986599465 0.00159952235536 0.00159957748246 0.00159973124522 0.0015995543837 0.00159992917153 0.00159990638397 0.00159994328825 0.00159987540326 0.0015999611771 0.00159990130242 0.00159941986676 0.00159983196848 0.00159945973808 0.00159980681102 0.00159977807591 0.00159978889725 0.00159981432153 0.00159991965731 0.00159976689484 0.00159975452151 0.00159989460961 0.00159968463301 0.00159984528517 0.00159956107326 0.00159955522313 0.00159941743865 0.00159973260555 0.00159953169883 0.00159922915925 0.00159958976081 0.00159978430647 0.00159992710562 0.00159979602859 0.00159943381714 0.00159974083734 0.0015995003578 0.00159969241626 0.00159968113517 0.0015998568824 0.0015996711849 0.00159966679252 0.00159982705331 0.00159980980878 0.00159981127633 0.00159994924261 0.0015998484565 0.00159969856369 0.0015997202255 0.00159977057539 0.00159974156539 0.00159983916766 0.00159971556108 0.00159969828709 0.00159971940164 0.00159999770705 0.00159973662927 0.00159994838635 0.00159977042992 0.00159967941572 0.00159970054837 0.00159959463835 0.00159964634781 0.00159981592657 0.00159963046979 0.0015996855177 0.00159978782112 0.00159950159915 0.00159980995376 0.00159978855365 0.00159991917994 0.00159980316186 0.00159934465718 0.00159941402111 0.0015994353713 0.00159968130578 0.0015999593336 0.00159935660984 0.00159977801254 0.00159976356308 0.00159932718915 0.0015996253548 0.00159987806757 0.00159988408346 0.00159987890211 0.00159993138047 0.00159991867245 0.00159974464076 0.00159950516359 0.00159969514067 0.00159943570908 0.00159947344183 0.00159944618677 0.00159988887322 0.0015997294459 0.00159973252676 0.00159973976443 0.00159950764463 0.00159929473209 0.00159919393542 0.00159949482941 0.00159927528981 0.00159935347517 0.00159984671207 0.00159980977748 0.00159952566675 0.00159972773467 0.00159941589241 0.00159963039898 0.00159962407875 0.00159934445513 0.00159992207743 0.00159946835666 0.00159958330753 0.00159941721298 0.0015996003855 0.00159969243301 0.0015996512005 0.00159986795164 0.00159987831214 0.00159990674108 0.00159960779404 0.00159953733878 0.00159951020711 0.00159983561697 0.00159979797886 0.0015994372587 0.00159950309359 0.00159996470874 0.00159952282392 0.00159946175576 0.00159988272086 0.00159984022002 0.00159979201688 0.00159969265323 0.00159967666413 0.00159960024266 0.00159963783713 0.00159963865977 0.00159971803098 0.00159928703556 0.00159964246383 0.00159971953435 0.00159975523266 0.00159982871374 0.00159970565983 0.00159960159582 0.00159955227829 0.00159951745885 0.00159979146593 0.00159983457347 0.00159984505862 0.00159997066646 0.00159979061274 0.00159959098545 0.00159992286827 0.00159998380621 0.00159982232957 0.0015999296319 0.00159984939225 0.00159966294381 0.00159942895488 0.0015995503438 0.00159971758597 0.00159997180578 0.00159956239639 0.00159966344463 0.00159931699889 0.00159952836611 0.00159957716526 0.001599681049 0.00159967765366 0.0015995853925 0.00159972551299 0.00159971061749 0.00159947711162 0.00159980551561 0.0015999545522 0.00159979976474 0.00159994963828 0.00159958136326 0.00159962685147 0.0015997094311 0.00159972225126 0.00159967837182 0.00159973062662 0.00159951032435 0.00159988370464 0.00159975455059 0.00159972480832 0.00159975982672 0.00159978690153 0.00159978874072 0.0015995324036 0.00159980162773 0.00159958669049 0.00159982994865 0.00159963427556 0.00159997633312 0.00159961158899 0.00159957357704 0.00159974786658 0.00159975725658 0.00159978638882 0.00159967353223 0.00159975059335 0.00159987019428 0.00159974229465 0.00159970220191 0.00159956603299 0.00159933802393 0.00159978546312 0.00159984590417 0.00159978025222 0.00159985405449 0.00159992607766 0.00159995096947 0.0015992455617 0.00159957842751 0.001599411922 0.00159959100605 0.00159939721174 0.00159965745079 0.00159976950601 0.00159984724496 0.00159975352179 0.0015999512668 0.00159975432716 0.00159946174658 0.00159952119411 0.00159987079851 0.00159991890755 0.00159949265698 0.00159982202974 0.00159961773342 0.00159982898757 0.00159980304454 0.00159948409628 0.00159969772666 0.00159998316513 0.00159987657736 0.0015995934354 0.00159959377159 0.00159975407848 0.00159968704523 0.00159935344334 0.00159954378363 0.00159942291423 0.00159952547828 0.00159984779436 0.00159936337164 0.0015994180549 0.00159978956292 0.0015992419614 0.00159961741811 0.00159986527434 0.00159965849137 0.00159946856042 0.00159959370219 0.00159992239441 0.00159986732504 0.00159982746315 0.00159953109813 0.00159924512378 0.00159964779324 0.00159960479888 0.0015994246924 0.00159960510041 0.00159931189223 0.00159989038719 0.00159974668545 0.00159955035862 0.00159961358948 0.00159979834601 0.00159963884758 0.00159969755612 0.00159947195849 0.00159968428086 0.00159914642574 0.00159990408024 0.00159927616255 0.00159971094532 0.00159978030593 0.0015997229637 0.00159969012274 0.0015999363674 0.00159949171402 0.00159940457464 0.00159961745411 0.0015997826472 0.00159973920298 0.00159958811904 0.00159978656827 0.0015999087532 0.00159942238477 0.00159970549767 0.00159959092481 0.00159993000217 0.00159969258684 0.00159967530377 0.00159956162096 0.00159939144447 0.00159992910259 0.00159961231854 0.00159923559526 0.00159955109786 0.0015999732346 0.00159978723581 0.00159972796116 0.00159977446164 0.00159965459433 0.00159997658689 0.00159967443331 0.00159957663352 0.00159962134005 0.00159956956236 0.00159980909827 0.00159987843517 0.00159959225021 0.00159954836069 0.00159959726658 0.00159975656866 0.00159965888164 0.0015996578637 0.00159954248194 0.00159983923287 0.00159951128157 0.00159978590271 0.0015999485849 0.00159974752971 0.00159968806525 0.00159991765276 0.00159963380097 0.00159979935978 0.00159949493627 0.00159976435307 0.00159981513363 0.00159965599412 0.0015998491077 0.00159962519137 0.00159974836925 0.0015996737463 0.00159981270165 0.00159986946534 0.00159990965396 0.0015997337489 0.00159990436934 0.00159959351502 0.00159995149313 0.00159992852836 0.00159976113108 0.00159967011713 0.0015996531905 0.00159962166371 0.00159955319523 0.00159967473708 0.00159965186911 0.00159994087756 0.00159948143062 0.00159992242845 0.00159949133528 0.00159959907058 0.00159952925679 0.0015994599013 0.00159954745559 0.00159971938411 0.00159933450763 0.00159952840425 0.00159974739319 0.00159987074022 0.00159930353379 0.00159977875004 0.00159962205163 0.00159960711371 0.00159992543326 0.00159986331665 0.00159954982055 0.001599641041 0.00159952705722 0.00159996852912 0.0015995623365 0.00159963305563 0.00159988823765 0.0015999274699 0.0015997206958 0.00159979975971 0.00159994262299 0.00159973240598 0.00159992480707 0.00159990925765 0.00159964362434 0.00159990012501 0.00159980488533 0.00159988453802 0.00159981649313 0.00159985783271 0.00159979861666 0.00159973165849 0.00159980740993 0.00159989417143 0.00159968001967 0.00159961277779 0.00159951580129 0.00159985319584 0.00159953081357 0.00159968170434 0.00159975940604 0.00159963931559 0.00159998395843 0.00159947422126 0.00159971144679 0.001599806816 0.00159985246118 0.00159977781363 0.0015998788247 0.00159977444777 0.00159992610142 0.00159981623836 0.00159977311361 0.00159991004002 0.00159971453353 0.00159986861057 0.00159970074134 0.00159976578242 0.00159982907661 0.00159987043284 0.00159989872155 0.00159975609129 0.00159945640628 0.00159976863451 0.00159961023601 0.00159954123282 0.00159991662775 0.00159960874631 0.00159962768819 0.00159986531418 0.00159976036039 0.00159968710399 0.00159941487722 0.00159977204583 0.00159968625913 0.00159954576 0.00159992360098 0.00159995250087 0.00159964028725 0.00159995588405 0.00159975378768 0.00159962033871 0.00159963754577 0.00159980116584 0.00159960448189 0.00159975982037 0.00159993593675 0.00159982746057 0.00159984400691 0.00159981433923 0.00159974900895 0.00159968041084 0.00159986034631 0.00159980850692 0.00159974872536 0.00159990324273 0.00159981628253 0.00159979452525 0.00159980701644 0.00159972939893 0.00159974636107 0.00159984998666 0.00159975673365 0.00159984834274 0.00159965080593 0.00159971200763 0.00159987494851 0.00159992037157 0.00159977142186 0.00159991821345 0.00159996117155 0.00159992740095 0.00159973876249 0.00159972700289 0.00159985284208 0.00159982329571 0.00159983879296 0.00159989993315 0.00159960646608 0.00159965899978 0.00159986647054 0.00159968873318 0.00159976254496 0.00159985599737 0.00159991415544 0.00159987218794 0.00159985726218 0.00159992718324 0.00159968485016 0.00159957284289 0.00159953020223 0.00159987294589 0.00159984658614 0.00159972856386 0.00159958892375 0.00159978552839 0.00159979322388 0.00159971727036 0.00159949440595 0.00159986612254 0.00159977061468 0.00159984406798 0.00159968224921 0.00159996375053 0.00159960157845 0.00159984230829 0.00159979938915 0.00159971529731 0.00159970677183 0.00159965825212 0.00159969327719 0.00159953077579 0.0015997853289 0.00159975327958 0.00159992181395 0.00159994442021 0.00159994473179 0.00159985082094 0.00159999902833 0.00159943997138 0.00159957932813 0.00159969306693 0.00159992495668 0.00159971917441 0.00159990778414 0.00159989929871 0.00159977041309 0.00159978839942 0.00159955840263 0.00159961399189 0.00159978830491 0.0015996261033 0.00159971487161 0.00159980040341 0.00159975179808 0.00159974892519 0.0015998358648 0.00159953093457 0.00159961426122 0.00159960172816 0.00159958047101 0.00159946365979 0.00159975722318 0.00159955485274 0.00159983234931 0.00159957399009 0.00159993454376 0.00159973112023 0.00159975890765 0.00159973016457 0.00159988568767 0.00159993082325 0.00159988959982 0.00159976864847 0.00159983053754 0.0015996120466 0.00159987475823 0.00159989615766 0.00159976798966 0.00159961622697 0.00159948084227 0.00159973356242 0.00159971765753 0.0015993747245 0.00159966211746 0.00159968412164 0.00159992632774 0.00159986191244 0.0015997312917 0.00159914692161 0.00159987851089 0.00159965207086 0.00159982271154 0.00159969309202 0.00159967341293 0.00159972875462 0.00159986113582 0.00159988399139 0.00159989422468 0.00159968717695 0.00159951857065 0.00159955906154 0.00159981340545 0.00159995204293 0.00159985762137 0.00159983319847 0.00159990195386 0.00159992311735 0.00159957620426 0.00159947287478 0.00159940676388 0.001599869725 0.00159972248363 0.00159999443727 0.00159969051616 0.00159985210989 0.00159993576078 0.00159988699795 0.00159988829351 0.0015997797084 0.0015996511003 0.00159968612742 0.00159994250771 0.00159986285962 0.00159965548883 0.00159987780286 0.00159991241499 0.00159990706801 0.00159977626651 0.00159963990128 0.00159976318715 0.00159960508505 0.00159975370863 0.00159968611025 0.00159965684644 0.00159991262709 0.00159965938596 0.00159974962128 0.00159961090386 0.00159966184949 0.00159953015838 0.00159948538432 0.00159965198902 0.00159961444029 0.00159979448753 0.00159964778814 0.00159961103181 0.00159977534667 0.00159968768615 0.00159978357322 0.00159982046214 0.00159988162007 0.00159969533515 0.00159973761807 0.00159992547825 0.0015995728964 0.00159976840891 0.00159986219903 0.00159987062744 0.00159984613882 0.00159969935611 0.0015997678912 0.00159979381789 0.00159974269288 0.00159988269421 0.00159951554937 0.00159953811244 0.00159970557511 0.00159979709805 0.00159964989396 0.00159963338241 0.00159988865667 0.00159955343182 0.00159968831345 0.00159979898722 0.00159979926376 0.00159978797351 0.00159978988735 0.00159993106889 0.00159992903258 0.00159971744196 0.00159947858744 0.00159942912422 0.00159988140309 0.00159921092008 0.00159980095286 0.00159983907509 0.00159988981776 0.00159989418952 0.00159973661922 0.00159971926742 0.00159983893296 0.00159988535689 0.0015996015227 0.00159983812436 0.00159977182971 0.00159962803801 0.0015998405051 0.00159991587301 0.00159992745371 0.00159978223488 0.00159975595986 0.00159963469642 0.00159992938744 0.00159967548618 0.00159962131785 0.00159972262611 0.00159975780539 0.00159969209643 0.00159974714793 0.0015999180297 0.00159979993325 0.0015998343689 0.00159986830698 0.001599883556 0.00159957023831 0.00159944724438 0.00159975402213 0.00159974014435 0.00159956921624 0.00159957910326 0.00159974173779 0.00159958629998 0.00159991833226 0.00159990278467 0.00159979079021 0.00159936122727 0.00159985347656 0.00159990101313 0.00159983872696 0.00159977984633 0.00159963996716 0.00159978945274 0.00159968928944 0.00159954251069 0.00159951304871 0.00159955935207 0.00159981211384 0.00159976890384 0.00159981672546 0.00159996364206 0.00159995692929 0.0015997622625 0.00159984892514 0.00159978558638 0.00159977760624 0.00159989522173 0.00159995063291 0.00159976867208 0.00159969859871 0.0015997028391 0.00159976755788 0.00159963487887 0.00159981634505 0.00159974167202 0.00159990171477 0.00159993364599 0.00159985959963 0.00159989884174 0.00159980798165 0.00159977933278 0.00159987111047 0.00159997192442 0.00159992178074 0.00159992809763 0.00159995098537 0.00159995003537 0.00159969117009 0.00159976507105 0.00159960260865 0.00159939254821 0.00159970798655 0.00159992631333 0.00159981905826 0.00159972442946 0.00159988635173 0.00159983158194 0.00159979807374 0.0015999314541 0.00159980057054 0.00159986220979 0.00159987868182 0.00159974054435 0.00159993912 0.00159971984338 0.00159964653998 0.00159963958564 0.0015996036892 0.00159955729561 0.0015993552216 0.00159958379952 0.0015999200454 0.00159991634058 0.00159979946123 0.00159981560296 0.00159966189961 0.00159951811461 0.00159960671466 0.00159979844998 0.00159997927359 0.00159992866009 0.00159992206726 0.00159996554124 0.00159975191782 0.00159995554544 0.00159986104623 0.00159978625283 0.00159947402472 0.00159986104311 0.00159955543305 0.00159977822958 0.00159971906346 0.00159980566856 0.00159981708904 0.00159994656901 0.00159973708138 0.00159975503827 0.0015997633079 0.00159961402633 0.00159992177447 0.00159956642782 0.00159971104096 0.00159955999605 0.00159979653459 0.00159991907323 0.00159986438061 0.00159987308854 0.00159977432016 0.00159992578338 0.00159966462876 0.00159962869107 0.00159979770469 0.00159986387051 0.00159988261899 0.00159975932839 0.00159999185127 0.00159984141898 0.0015998913172 0.00159983354694 0.00159989522832 0.00159991916731 0.00159990083046 0.00159997260136 0.00159960737686 0.00159973557388 0.00159956349812 0.00159988110156 0.0015997820316 0.001599673067 0.00159976879679 0.00159988214517 0.00159991653514 0.00159984060827 0.00159984365535 0.00159983483423 0.00159993961081 0.00159950824105 0.00159969918541 0.00159963995661 0.00159981455058 0.00159975296563 0.00159985063498 0.00159996186949 0.00159983921107 0.00159975137292 0.0015999094429 0.00159990297019 0.00159983034124 0.001599798629 0.00159995751578 0.00159981256147 0.00159982228806 0.00159988708614 0.00159973251607 0.00159976649569 0.00159992544475 0.00159987001838 0.00159988540979 0.00159989253019 0.00159993054671 0.00159980448235 0.00159986961989 0.00159945224939 0.00159975914594 0.00159956602169 0.0015996451645 0.00159979262194 0.00159990739402 0.00159983529283 0.00159982603594 0.00159968618634 0.00159989227526 0.00159972755151 0.00159964204852 0.00159985513108 0.00159986043773 0.00159981477067 0.00159968603749 0.0015997493171 0.00159972584336 0.00159970721244 0.00159979714969 0.00159967786242 0.00159983828263 0.0015998904831 0.00159965468634 0.00159982597921 0.00159983496855 0.00159985496133 0.00159987249003 0.00159979165606 0.00159967096962 0.00159972186617 0.00159984832343 0.0015997927107 0.00159976946159 0.00159983459048 0.00159974294234 0.00159972882316 0.00159972630104 0.00159974309275 0.00159987866997 0.0015999607695 0.00159965961203 0.00159983469501 0.0015999014874 0.00159987342355 0.00159963021997 0.0015996868041 0.00159963174045 0.00159974429717 0.00159979670787 0.00159993786891 0.00159995732096 0.00159978648711 0.00159982627333 0.00159994487072 0.00159991279015 0.00159974128565 0.00159976709115 0.00159978651632 0.00159999409231 0.00159988724347 0.00159966764152 0.00159995346106 0.00159991889389 0.0015999663923 0.00159982449574 0.00159965254161 0.00159982947247 0.00159980121433 0.0015999061367 0.00159981864193 0.00159982891605 0.0015996866608 0.00159992454966 0.00159990061036 0.00159990255308 0.00159980136305 0.00159979607084 0.00159977302844 0.00159992848606 0.00159991084602 0.0015998877664 0.00159988623568 0.00159994869836 0.00159990940311 0.0015998558759 0.00159988937412 0.00159990011633 0.00159973487676 0.00159977106132 0.00159987576834 0.00159989638069 0.00159980654208 0.00159987551605 0.00159986222055 0.00159984899437 0.00159984731073 0.00159975703423 0.00159986314404 0.00159976315034 0.00159975594118 0.00159993737345 0.00159976878548 0.00159978282257 0.00159955897149 0.00159970403265 0.00159986682289 0.00159953457838 0.0015998961835 0.00159987038751 0.00159993068962 0.00159984567858 0.00159970505141 0.00159984358985 0.00159981924129 0.00159984640521 0.00159975699316 0.00159987419475 0.00159984062224 0.00159990251535 0.0015997424433 0.00159975478405 0.00159985044441 0.00159993221401 0.001599866876 0.00159986888663 0.00159969118452 0.00159970066816 0.00159986382314 0.00159974171661 0.00159991319169 0.00159988512516 0.00159976656285 0.00159990811466 0.00159976114217 0.00159976182876 0.00159979136514 0.00159978929989 0.00159987271564 0.00159988970365 0.00159989162306 0.001599902687 0.00159983193759 0.00159960752097 0.00159988968472 0.00159981304677 0.00159989066396 0.00159981326451 0.00159993644206 0.0015996515946 0.00159998258471 0.00159965600396 0.00159987496513 0.00159984737531 0.00159975768341 0.00159986424416 0.00159991167022 0.00159990389242 0.00159953905368 0.0015998064148 0.00159979823353 0.00159967999507 0.00159991538283 0.00159973146578 0.00159979759094 0.00159971515778 0.00159979728512 0.0015998553733 0.00159991467344 0.00159991782005 0.00159994737614 0.00159977680249 0.00159994800606 0.00159984703368 0.00159987519741 0.00159986402594 0.00159951184388 0.00159962450984 0.0015998932356 0.00159968133844 0.00159983158935 0.00159955492469 0.00159986701918 0.00159984111242 0.00159984527398 0.00159972067159 0.00159970657177 0.00159976036034 0.00159986891393 0.00159976572504 0.00159995827368 0.0015998572493 0.00159994421265 0.00159989929895 0.00159984993838 0.00159985199823 0.00159988071952 0.00159989717368 0.001599992734 0.00159980141838 0.00159948128065 0.00159991423896 0.00159988261843 0.00159981051373 0.00159986230925 0.00159980887607 0.00159978025088 0.00159985076055 0.00159993637194 0.00159990468518 0.00159973059958 0.00159972739245 0.00159997537081 0.00159977498843 0.00159992375189 0.00159977080449 0.00159995312258 0.00159980731793 0.00159977725942 0.00159983012627 0.00159996785305 0.00159982882203 0.0015998087387 0.00159990239734 0.0015997342222 0.0015998837786 0.00159983792729 0.00159973845145 0.00159991495219 0.00159991785222 0.00159986199783 0.00159991384568 0.00159980111812 0.00159989156347 0.00159989972322 0.00159978538537 0.00159988490436 0.00159992560346 0.00159994774275 0.00159984660571 0.00159981558708 0.00159977922093 0.00159988701193 0.00159987649165 0.00159984493539 0.00159979261412 0.00159978382896 0.00159990609134 0.00159980854546 0.00159967168539 0.00159993038902 0.00159987185051 0.00159973701783 0.0015997507902 0.00159973055788 0.00159978331043 0.00159984138664 0.00159981227889 0.00159990625142 0.00159996840659 0.00159975809606 0.00159984940373 0.00159988636774 0.00159990472027 0.00159984030261 0.00159976010563 0.00159952193786 0.00159954140972 0.00159960075753 0.00159989528347 0.00159970754158 0.00159981714836 0.0015999444697 0.00159991529307 0.00159968408053 0.00159987507399 0.00159990257805 0.00159987243947 0.00159987192663 0.00159966488359 0.00159957047207 0.00159994380078 0.00159991785031 0.00159969056927 0.00159979395757 0.00159975276245 0.00159982033862 0.00159980061632 0.001599724346 0.00159988169074 0.00159992513567 0.00159983909194 0.00159981303946 0.00159984035143 0.00159979396218 0.00159970800256 0.0015997513298 0.0015998680079 0.00159984346257 0.00159993042249 0.00159965419525 0.00159975067451 0.00159981255257 0.00159979381096 0.0015998389163 0.00159981294948 0.00159993963544 0.00159989437188 0.00159979494727 0.00159992524053 0.00159990893679 0.00159972089012 0.00159981933218 0.00159969138654 0.00159993903809 0.0015998354921 0.00159986057618 0.00159985707666 0.00159991072079 0.0015999130488 0.00159966821075 0.00159977038765 0.00159967719354 0.00159986499808 0.00159986338757 0.00159967641779 0.00159990602538 0.00159997225015 0.00159976427548 0.00159988266258 0.00159984895729 0.00159987494961 0.00159996565876 0.00159990100367 0.00159991740856 0.00159990101874 0.00159989599693 0.00159974365559 0.0015998732335 0.00159983622882 0.00159996031333 0.00159988817631 0.0015998397829 0.00159985228835 0.00159988765298 0.00159970734672 0.00159978257441 0.00159979294892 0.00159991085804 0.00159986268059 0.00159988259527 0.0015998847319 0.00159986934207 0.00159995057252 0.00159979949202 0.00159987889593 0.00159983076845 0.00159985020564 0.00159992573903 0.00159973202371 0.00159990305987 0.00159974377494 0.0015996576597 0.0015997003269 0.00159968964286 0.00159970361743 0.00159988159667 0.0015998686169 0.00159973688098 0.00159994725129 0.00159990966674 0.00159981613503 0.00159993280924 0.00159988636869 0.0015999162668 0.00159999372693 0.00159976604072 0.00159992215452 0.00159977966153 0.00159991442631 0.00159970276464 0.00159984777831 0.00159977241342 0.00159981614685 0.00159988158955 0.00159996714657 0.0015999292039 0.00159991296142 0.00159993050378 0.00159997371404 0.00159993904856 0.00159994615198 0.00159985770216 0.00159982993103 0.00159990342719 0.00159994931002 0.00159985771046 0.00159995083548 0.00159990702956 0.00159977366547 0.00159980107543 0.00159989485048 0.00159984588421 0.00159998325163 0.00159995471581 0.00159988906249 0.00159990943759 0.00159997497041 0.00159999117554 0.00159996189012 0.00159995589084 0.00159990654286 0.00159990406464 0.00159996752686 0.0015997402851 0.00159987608322 0.00159990955566 0.00159989174616 0.00159992258624 0.00159991729106 0.00159994502767 0.0015999911931 0.00159976935368 0.00159979032213 0.00159992432722 0.00159986097853 0.00159989388835 0.00159994360246 0.00159992936706 0.0015999451793 0.00159993592329 0.00159993664586 0.00159987973333 0.00159980341714 0.00159980730492 0.00159990356102 0.00159989251014 0.00159992586255 0.00159994301306 0.00159979110829 0.00159994323526 0.0015998246199 0.00159975266713 0.00159978740904 0.00159973604251 0.00159990502646 0.00159978236824 0.00159987663329 0.00159982149051 0.001599960738 0.00159986529252 0.00159991789057 0.00159982813746 0.00159988102709 0.00159988002038 0.0015999587429 0.00159992572669 0.00159997333711 0.00159987387934 0.00159976391426 0.00159990477881 0.00159987630071 0.00159979136112 0.00159988439041 0.00159986615631 0.00159984732408 0.00159984223369 0.00159991799293 0.00159992483532 0.00159991656256 0.00159988967261 0.00159998319298 0.00159992955078 0.0015999502903 0.00159991218741 0.00159995753438 0.00159991887907 0.00159997628772 0.00159998916378 0.00159993258031 0.00159989761613 0.00159989000312 0.00159996637941 0.00159997590073 0.00159992483766 0.00159993154687 0.00159994104259 0.00159992441231 0.00159994223559 0.00159991519062 0.00159990793735 0.00159990055809 0.00159996451426 0.00159993031081 0.00159996780709 0.00159990828103 0.00159982636461 0.00159987677864 0.00159994502159 0.00159991156991 0.0015997696887 0.0015999292818 0.00159997334345 0.0015999362272 0.00159999122767 0.00159986820789 0.00159994924455 0.0015999416322 0.00159996402255 0.00159987397792 0.00159996039716 0.00159985718974 0.00159991882271 0.00159984159337 0.00159987034834 0.00159987789864 0.00159989220157 0.0015999115169 0.0015999232241 0.00159995341658 0.00159991277349 0.00159992229703 0.00159991304851 0.00159997915055 0.00159985452024 0.00159985484076 0.00159998689885 0.00159994182513 0.00159991607285 0.00159996462312 0.00159984420241 0.00159988877195 0.00159987607459 0.00159994734353 0.00159974227781 0.00159985416524 0.00159991146797 0.0015999631399 0.00159995372951 0.00159989556214 0.00159992482155 0.00159993529516 0.00159988070612 0.00159990420973 0.00159990721879 0.00159993298859 0.00159993301156 0.00159997734995 0.00159989298481 0.00159991823332 0.00159990887699 0.00159986752181 0.0015998940083 0.0015998232027 0.00159985093182 0.00159997926772 0.00159987747249 0.00159994614113 0.00159988191512 0.00159985766199 0.00159994141777 0.00159988764749 0.00159988813141 0.00159985489486 0.00159992144523 0.00159970159735 0.00159974536204 0.0015997378007 0.00159994885148 0.00159989115515 0.00159989553116 0.00159989740328 0.00159993991287 0.00159988729991 0.00159996389514 0.00159990091743 0.00159997140204 0.00159985033621 0.00159984392301 0.00159992494657 0.00159986717962 0.00159989439255 0.00159989640233 0.00159999538982 0.00159995467023 0.00159994708858 0.00159988114316 0.00159978534062 0.00159983418612 0.0015999108309 0.00159996938403 0.00159994315371 0.00159992233461 0.00159992774911 0.00159995418363 0.00159995069958 0.0015999923477 0.00159995238373 0.00159998225644 0.0015999253841 0.00159996210188 0.0015999234306 0.00159992639744 0.00159994954867 0.0015999833209 0.00159984382892 0.00159987729515 0.00159992551313 0.00159991950622 0.00159994941023 0.0015998526404 0.00159982820524 0.00159987704999 0.00159997605217 0.00159994769478 0.00159993816234 0.00159993649702 0.00159988739303 0.00159981553655 0.00159995175576 0.00159988825023 0.00159978500921 0.00159989552416 0.00159983228591 0.00159992390946 0.00159992491568 0.00159996560611 0.00159990508732 0.00159990041015 0.0015998798058 0.00159993105191 0.00159995397381 0.00159993386066 0.00159993542762 0.00159979500122 0.00159980348744 0.00159981294054 0.00159995427404 0.00159997523223 0.0015999437367 0.00159992261639 0.00159992889397 0.00159994522706 0.00159994778706 0.00159985954978 0.00159985318323 0.00159986533467 0.00159994505824 0.00159999020648 0.00159986066829 0.00159989557134 0.00159975230751 0.00159986105126 0.00159978808224 0.00159990881973 0.0015998870323 0.0015999041547 0.00159990164639 0.00159992097698 0.00159997861797 0.00159994455611 0.00159992604296 0.001599906037 0.00159993792055 0.00159993552447 0.00159996278017 0.00159975816891 0.00159967164761 0.0015999315985 0.00159979353219 0.00159980666183 0.00159994484743 0.00159997031968 0.00159986050245 0.00159997859394 0.0015999523258 0.0015997157135 0.00159990056571 0.0015998781813 0.00159989191299 0.00159983020173 0.00159998649294 0.00159994806401 0.0015998420256 0.00159994649616 0.00159995628707 0.00159992040251 0.00159998603671 0.00159997111789 0.00159977965727 0.00159991248242 0.00159995180252 0.0015999286183 0.00159994277781 0.00159984059891 0.00159998121955 0.00159991264154 0.00159994814535 0.0015998753858 0.00159987847581 0.001599857361 0.00159991389234 0.001599925492 0.001599839393 0.00159981436923 0.0015999335987 0.00159989861524 0.00159985073535 0.00159994279427 0.00159988664705 0.00159972830409 0.0015998944008 0.00159988242055 0.00159992662476 0.0015999413832 0.00159979367923 0.00159993367438 0.00159993798921 0.00159990693136 0.00159998147732 0.00159992306585 0.00159983697553 0.00159991021873 0.00159993432068 0.00159993061831 0.00159979293619 0.00159986059116 0.00159996886849 0.00159978686975 0.00159991327906 0.00159994316277 0.00159982623033 0.0015999271728 0.0015998553959 0.00159993588345 0.00159988919069 0.00159988434561 0.00159995614834 0.00159986679813 0.00159994242953 0.00159995513527 0.00159983476962 0.00159993025803 0.00159994401641
</DataArray>
        <DataArray type="Float64" Name="contact_force" NumberOfComponents="1" format="ascii">
0.000455286591444 0.000762977626519 0.00020627429622 0.000854570671355 0.000205325833373 9.18334805122e-05 0.000707852224411 0.000350039243372 0.000424557184061 0.0005850336834 0.000137797023767 0.00124803195739 0.000151412141955 4.58873520318e-06 6.2808108769e-05 7.16449110972e-05 0.00063424651533 0.00033067917115 0.000881395600163 0.000576952655885 0.000185735810992 0.000503868049813 0.000269531287712 0.000467773764664 0.000834798122757 8.81102103501e-05 0.000380195034412 9.30729495218e-05 0.000381067223501 0.000292965434441 0.000213582850243 0.000209592467339 0.000254589131878 0.000232506231743 0.000316506874961 0.000957996328732 0.00053394338211 6.30525986353e-05 0.000604647719721 0.000430210290569 0.000294570766462 0.000463782573715 5.23611304461e-05 0.000476589200865 0.000138134614171 0.000646739355419 0.000486929007609 0.000102740561858 0.00027752289807 0.000736857202659 0.000414407230924 0.000657541523917 0.000910132247959 0.000212268915506 2.42383436475e-05 9.45618417463e-05 0.000120684269178 0.000956420692807 0.000437893819779 0.000501948305765 2.44106108254e-05 0.00126572636476 0.000849987839417 0.000701911562955 0.000350505699087 0.000615204567295 0.000928704116157 0.000179661233628 0.00061801936649 0.000135623088821 0.000489804041633 0.000560270918486 7.31494406943e-05 0.000539726631858 0.000874908921049 9.23783125401e-05 0.00102781095767 9.63395373757e-06 0.000847520077833 0.000404105187923 0.000759905162738 0.000509690156584 0.000123802961072 4.87322363522e-05 0.0001239626362 8.71696629515e-05 0.000150269941486 0.000193101719011 0.000795000953038 0.000519097655809 0.000330971063496 6.27936723185e-06 0.00020767886451 0.000753521976629 0.000734972136692 0.000187263384036 0.00043035819216 0.000271104589506 4.31613416133e-05 0.000409503061519 0.000258772628878 0.000283771461967 0.000363768055868 0.00088196623125 0.00046718445299 0.00043335489186 0.0012006600315 0.000378934089574 0.000554424538901 0.000369450715495 0.000789392488729 0.001267404281 0.000798034399427 0.000235342577432 0.000676178741663 0.000220894589316 0.000315245031392 5.81964071677e-05 0.000289798162105 0.000398240444062 0.000114092104494 0.000359506362721 0.000445270723633 0.00034045201995 0.00075846198704 0.000277887162253 0.000311975176655 0.000442366311541 0.000458945503087 0.0004911613645 0.000179886609262 0.000215217029424 0.00029695871234 0.000288826371836 0.000290239291838 6.67362440939e-05 0.00044877496247 0.000310819198184 0.000292236288282 0.000320357944666 0.000205466895928 0.000412029260889 0.000541107471119 0.000764301347336 0.00037005100587 6.40146138446e-05 0.000357906127375 0.000703427633035 0.000403354280536 0.000488340025151 0.000466278051281 0.000265727210619 0.000381397008633 0.000788311719454 0.000433499150774 0.000788731054735 0.00100756497888 3.07577140704e-05 0.000885126515986 0.0012739111142 0.000186062141628 0.000580093592366 0.00104741919752 0.000119589459874 2.09980889993e-05 7.20101795495e-05 3.12010660031e-05 5.40030978137e-05 0.000183586955869 0.000157600782956 0.000409051530307 0.000177651614221 2.63136034702e-05 0.000109188833287 0.000776998629503 0.000197723102768 0.000524703956827 0.000566209848931 0.000595127984 0.000614992660279 0.000141866776333 0.000560937988292 0.000362613860189 0.00040495661592 0.000626663015607 0.00062250113424 6.28166401691e-05 0.000225129310309 0.00242538511789 8.36369426023e-05 0.000756538409539 0.00220135386042 2.83912708709e-05 0.000558474935604 0.00146602201547 0.00146898444726 0.000328522745109 0.00126602606328 0.000998926316069 0.000110877356546 2.77780221009e-05 8.13927019607e-05 0.000563459178384 4.40998381635e-05 0.000818340171522 0.000534327488335 8.42306335808e-05 3.29256123876e-05 6.86920352042e-05 0.000574307563804 0.000823264517755 0.000896920311664 0.00038074200507 0.000169395498468 0.000793903344409 0.000496702038045 0.000714901084143 4.60417017693e-05 0.000515063226084 0.000821173062569 0.000830834602514 4.44029312108e-05 0.00127684129089 0.000287958033165 0.000508174851132 0.00146148411608 0.00115014368714 0.000341224511928 0.000344305127854 0.00120327878878 9.1909175023e-05 0.000222539452276 0.00114764951249 0.0003885786182 0.000806638161077 0.00022231272197 0.000253189701021 0.000399642002173 0.000407586373917 5.4276358543e-05 0.00029562836214 0.000201820584478 0.000369674111614 0.000740197138554 1.21466115896e-05 9.13302788825e-05 0.000750377129354 0.000772494356425 0.000168427355004 0.000329773433902 0.0011371183191 0.000865567411216 0.000319798302381 0.000413323108803 0.000589342031212 0.00184171168258 0.000795894108916 0.000196536195428 0.000754790772999 0.000711801819881 0.000641601267992 0.000883700794911 0.000128474241688 0.000315190723144 7.67888533277e-05 6.12568685709e-05 0.000812387718218 0.000499387083778 5.65752928456e-05 0.000136955510077 0.0015667590283 0.000346649567829 0.000439527531863 0.00119994774993 0.000141010974528 0.000977756593918 0.000941740160149 0.000305370376458 0.00111844770162 0.000781814161297 0.000492384878442 0.000476904050593 0.00051453270612 0.000288353117079 0.000369138675833 0.000548023889213 3.39287134381e-05 0.00123360368612 0.00093691572676 0.000208581324232 8.82394212089e-06 5.70308740514e-05 0.000325631101933 6.16495102556e-05 6.36537252929e-05 0.00105961865368 0.000208577279465 0.000322918377287 0.000218696116553 0.00110137320006 0.000852724122631 0.000268902402571 0.00101656212935 0.000699592769204 0.00057395645135 5.92772526068e-05 0.000715235029962 7.10372824084e-05 0.00077577332915 0.000385801568444 0.00135851304823 0.000312170271986 0.00081436851573 0.00147096915676 0.000336403609149 0.000152363881637 0.000129112048095 0.00159613417499 0.00241090500947 0.000640247497131 0.000363847498173 0.00167945779533 0.000693781308775 1.9768857879e-05 5.6089560321e-05 0.000579150465636 0.00125730627359 0.000555677004191 6.95006168006e-05 0.000219716148267 0.000235989917065 6.33844865294e-05 0.000412102618211 8.08872318235e-05 0.000350545427975 0.00108616742644 0.000911500238136 0.00074564650143 0.00022464086333 0.000228413671161 3.78647378458e-05 0.000700777310121 0.000534489994381 0.000672780572919 0.00119697663879 0.00092077434012 0.000366744045381 0.000683980737306 0.000682687784108 9.61985361583e-06 0.0018118750219 0.000214249722038 0.000261742805393 0.000875153278167 0.000942145821695 0.000534638187495 0.00122144156006 0.000187639257813 0.000431316956778 7.27399693002e-05 0.000103475329353 0.000779271243822 0.000321368317768 7.97373290816e-05 0.000246502462216 0.000296887169234 0.00138218705762 3.23009549321e-05 0.00024769879146 0.000578118429836 0.000342203361657 0.00107803373987 0.00112180516871 0.000292943750951 0.000363066289002 5.32456525358e-06 0.00045927587261 0.000806055395887 0.00125656331275 0.000240697084855 0.00101851013117 0.00208127963515 0.00117863262594 0.000458516295173 0.00061892648354 0.000468860197614 0.000176226982178 0.000669733349657 0.00020457359336 3.58322565666e-05 0.0002154187502 0.000418352852734 0.000488494480467 0.000359214359661 0.000100228650959 0.000343933042762 0.000357874193507 0.000100536608653 0.000609382817191 0.000593775268474 0.000125661120901 0.000125664481282 0.00145259298832 0.000987599333002 0.000397691276926 0.000586310134323 0.00151116587211 0.000159344412988 7.35821487618e-05 6.31823456938e-06 5.62032670797e-05 7.30326488486e-05 0.000301116436946 0.000456974684063 0.000126785966381 0.00139585628112 0.000231444771451 0.000799856035209 0.000478875513737 0.000184867109923 0.000449547846748 0.00101845786026 2.03294196443e-05 4.77558943093e-05 0.000974423355864 0.000361010006029 0.000242636250566 0.000731457467104 2.72139197613e-06 0.000562390316533 0.000488190329177 0.000392193855258 0.000337510398531 0.00131547240036 0.000215339191437 0.000381177045289 0.000159346959396 0.00112058976276 2.21502698971e-05 0.000287589133536 0.00100740140712 5.85992460759e-05 0.00131787504553 2.5178923162e-05 1.42260237939e-05 1.64011382255e-05 0.000452419559783 0.00038168207338 0.00105716187289 0.000707087167848 0.000341115543901 0.00030389537215 0.00130432623778 6.16767481743e-05 0.000597629429506 7.95620855807e-05 0.000332411009719 0.00073081485742 0.000422570450993 2.54209478301e-05 0.00126612985279 0.000242917703113 0.000379318407507 0.000502050742785 0.000242330672336 0.000286803452239 0.000838163934051 0.000315972646411 0.000695846676699 0.000533426324494 0.000435693126722 0.000305858733894 0.000726242613787 0.00086993583805 8.26760976858e-05 0.000839728871535 0.000584479314848 0.000630852941765 0.000139506306245 0.000791934348977 0.000262290204986 0.000201725537567 7.22402800327e-05 0.000140161166877 0.000135600718235 2.70550058396e-05 1.29685146832e-05 0.000262318659688 0.000246137220389 0.00139580628457 0.000169727365776 0.00018156360691 9.05332215471e-05 0.000881403528073 0.00025247948894 0.000226857326505 6.85162853206e-05 0.00110831899751 6.59036489147e-05 0.000133500838087 0.000117200294085 0.000445664954655 7.17949089611e-05 0.000678201813418 0.000138983343279 0.000388486426697 0.000520556956725 0.00135596365179 0.00129880126232 0.0013465354428 0.000695385738005 0.000377650352726 8.16398821326e-05 0.000197839604683 0.00130778969211 1.72716899809e-05 0.00134645962739 7.89704235594e-05 0.000169399308207 0.000215529864136 3.25372705331e-05 0.000799581330456 0.000647387601523 0.000117077183608 0.00109183946668 0.00117198816486 0.000658305836622 9.03553234906e-05 0.000133038788038 0.000656388590874 0.000336665388432 0.000317457810223 0.000284364587736 3.87864996363e-05 0.000462007319155 0.000357955283362 0.00035208659676 0.000292429823621 0.000839839572331 2.46063020519e-05 0.00110223456339 0.000769634462541 6.92209621415e-05 0.000105231257798 0.000807438247258 0.00108172469397 0.000490104188904 0.00020050308118 1.74634293513e-05 0.000197552033943 0.000176803270111 0.000711325514187 0.000221507810732 0.000708739018086 7.79280271963e-05 0.000208606329916 0.000301419954696 0.000549444480552 0.000298259954392 0.00049000192798 0.000919698005068 0.000203916821384 0.000547893024274 0.000575238550611 0.00145519184655 0.000677342701706 0.000199056606956 0.00143062776936 0.000816943228858 0.000289700589532 0.000335094407157 0.000840924995425 0.000145688112258 5.40650659344e-05 1.75916615593e-05 2.77364593153e-05 0.00039994936353 0.000279745412656 0.000413681297831 8.71434969268e-05 0.000314828657138 7.7076523585e-05 0.000599771211555 0.000292282379165 0.000383714546551 0.000597081201071 0.000697979720314 9.36755750169e-05 0.00116768608001 0.000221934641724 0.000135770602588 0.000562175939922 0.000858011637464 0.000766175194828 9.51754971849e-05 0.000784675526352 0.00109106751695 0.000596444369641 0.00016478132616 7.42858455501e-05 0.00136225457608 3.39697389436e-05 1.63884123644e-05 1.30272225109e-06 0.000493019371298 0.000585176800738 0.000996114961103 0.000984981307196 7.61102475324e-05 0.000728702796669 0.000151034087755 0.00133391392542 0.000431502801178 0.000450244394967 1.30994141817e-05 0.000442956903485 0.000263928158446 1.9835216957e-05 0.000106298133699 0.000417905445818 5.40119399442e-05 1.7798326231e-05 7.16929433031e-05 8.61632507352e-05 0.000243670315809 0.00112629579305 0.000177605215544 0.000345812933999 0.00110632796373 0.000668214661659 0.000616809099611 3.30416248822e-05 1.10686819995e-05 0.000354541382454 0.000154147915016 0.000484669904792 0.000492696663594 3.83058052701e-05 0.000220014819394 0.000899310834927 0.000436273657292 0.000653716667179 0.000305840920129 0.00116375193931 0.000345535513036 0.000104066952341 0.00038490968754 0.000914340505157 0.000212741394722 0.000758830478407 0.000549489499018 0.00022269190908 0.000329682857529 1.17727814526e-05 0.00029850855179 0.000243358173254 2.26525081513e-05 0.000225749107198 0.000431703180412 0.000267366120263 0.000400310107663 0.000266902812311 0.00022533791248 0.00072810384917 0.000146079446383 5.42206511439e-05 5.48703445506e-05 4.84447105148e-05 0.000450696685614 8.74960398646e-05 0.000251061944563 0.000407534288628 1.81246234793e-05 0.00121684670265 0.000259490753542 0.00112316584569 3.87204825591e-05 0.000742716020474 0.000368951304234 0.000324212816638 0.000573307813183 0.000208380967909 5.70099974725e-05 0.000131056477933 0.000309874926078 0.000247863114413 0.000117781707867 0.000456090336266 0.000382785183463 0.000121454897807 0.000429769922912 5.3420566241e-05 3.62098640118e-05 0.00080175975043 0.000434898526067 0.000627682386267 0.000387510635644 0.000239403346743 0.000557196103774 0.00136571508681 0.000639281093614 0.00114435676027 0.00166873375577 0.0001127472338 3.72039264117e-05 0.000413174590539 0.000374233641084 0.00140882607431 0.000216140570753 0.000266362924694 9.03829047405e-05 3.492033767e-05 2.61245047114e-05 8.3152999255e-05 0.000457753026543 0.000495426697642 0.000810164128903 0.000832892444973 0.000408545675208 0.000185044251016 0.000424786603402 0.00186191299325 0.00127705597838 0.00158412542013 6.43488035213e-05 0.000229946668772 0.0014006098236 0.00146740202766 0.000297235031235 0.000479001573731 0.000932581765442 0.00136425333619 0.00106596406422 0.00010947150207 0.000262329010641 5.98832630988e-05 3.63579240617e-05 0.000293314105824 0.000400161229467 0.000196409934487 0.000893437147549 4.8056226013e-05 0.000821847841298 5.86095818133e-05 7.99124996121e-05 0.000160441700322 0.000696356507321 5.06444015867e-05 1.79372606055e-05 0.0012294545768 0.0011338001824 0.000404754584689 0.00102793884992 0.000307978631278 0.000132830630404 0.000223275914359 0.000154841410417 0.00021052126517 0.00141263913108 0.000449540132524 0.00095010282286 0.000884562892344 0.000584899469108 0.000601998575698 0.000333047361434 0.000363419875068 5.92564995954e-05 1.93505002975e-05 3.2706528878e-05 0.00010563106199 4.94663281651e-05 4.86095586345e-05 2.79181254e-05 2.63516053407e-05 6.07295756446e-05 0.000528234336472 0.0012424485349 2.95187252032e-06 0.000756652137422 0.000842715755047 0.000140323519595 0.000373417149541 0.000210890066011 0.000296369088334 0.000227430681563 0.00034534357292 8.80300157134e-05 3.34284582238e-05 0.000424386282649 0.000347405168779 0.000837421821771 0.00086556826551 0.000527873883549 0.000895986159168 0.000454168463466 0.00128962781355 0.00094885301108 0.000709558521865 0.000728045847089 0.000328180418593 0.000440209662974 3.97508032834e-05 0.00031953351375 0.000358472113003 0.000475239909308 0.000715374207088 1.84461472223e-05 5.71468832609e-05 6.58339466341e-05 2.26846112978e-05 1.38467381987e-05 0.000386974595788 0.000731693906366 0.000188629569637 2.05473998425e-05 6.40299521223e-06 7.58397008334e-06 8.12281482428e-06 9.88669595108e-06 0.000556603120589 2.39069741635e-05 0.000234692111213 0.000225794927787 0.000402904089512 7.26787110972e-05 0.00019020661257 0.000486235168587 0.000798301399328 0.000333723575855 0.000543782724227 0.000194290339747 0.000176759544692 0.000208473766981 0.000260202708245 0.000515963477992 0.000259438766249 0.000768218356238 2.50430519292e-06 0.000462616186043 0.00029374905208 2.31107958429e-05 0.000181469514242 0.000215234701202 0.000155564001333 8.56514609452e-05 0.000185525012315 0.00100557021338 8.84739525388e-05 0.000993600433583 0.00045022803811 0.000143394939933 0.000105861998473 0.000138362552697 0.000448375671647 0.000962356327885 7.32928702789e-05 0.000653657926898 0.000494921758079 0.000541233089157 0.00010816045929 0.000123392552996 0.000707937745157 0.000378749339698 0.00037085258306 0.000450937508724 0.000145635663307 0.00011532347705 0.000318495631052 3.10773531832e-05 0.000513905852831 0.00054336510467 0.000487431965946 0.000374621784707 0.000330908599551 0.000409230772232 0.000177515985949 0.000171974009869 5.50405198742e-06 0.000882333052077 0.000144138190115 0.000621928479907 0.000658762940442 3.16178153641e-05 0.000292935375755 0.000228209879861 0.000335009869235 2.48722997603e-05 0.000142253495448 0.000307619523302 0.000565011381719 0.000813031118109 0.00091643619842 0.000383258079371 0.00133772212927 8.11312440114e-06 0.000637113561268 0.00134214445379 9.68976658668e-05 0.000233591034021 0.000625048643689 0.000761815466484 0.000660781306878 0.000117719325594 4.26058166476e-05 0.00051103204038 0.000156009821836 0.000256639937408 0.000273926783901 0.00111345531163 2.42685232417e-06 0.00120263375056 3.92972561785e-05 2.54523827614e-05 3.12960289813e-05 0.00012002957092 0.000287741952792 0.000270107765156 0.000280189419052 0.00058130128989 0.000886937372452 0.000257173804665 5.54751067765e-05 0.000451552585029 0.000379117498395 0.000718755068626 8.2155284369e-05 0.000874361606676 0.00160003725351 2.46924783723e-05 0.00033550825391 0.000878958871187 0.000417209745732 0.000717759001002 0.000207660632929 0.000327903118739 0.000179267568832 0.00054604208343 0.00062490705254 0.00107583808457 0.000679946917145 0.00102461407498 0.00178255333514 0.000845181727519 0.000879840049275 0.00138407888434 3.27052830423e-05 0.000563539605091 0.00107798598985 0.000494246811354 0.000256580848555 0.0007513174778 0.000819719018657 0.000387274284186 0.00028706451369 0.00158092754151 0.000351268712593 0.000678380970444 0.00044388716406 0.000504469409628 0.00101227628689 0.000249601502275 0.00131375473617 0.000492831416604 0.00142705906735 0.000430621189096 8.44887521867e-05 0.00106421215922 0.000416064139747 3.35754529302e-05 0.000187558449472 0.000319103113731 7.55531251832e-05 0.000448371309423 0.00111029932462 0.00021030240651 0.000893824338517 0.00104100036928 0.00015190213844 0.000113287354441 0.000460834448734 9.51687299044e-05 0.000391920850333 1.80017419825e-05 0.000790636466987 0.00135236930739 0.000159254494182 0.000517342125203 0.000757259833543 0.000164223069454 0.000445313246546 0.000744185939037 2.44923006789e-05 2.7756413121e-05 5.72845486659e-06 0.000357244266791 0.00111556558167 0.000167525382693 0.000750480447756 9.88608269181e-06 0.00124801343313 0.000901324182007 0.000958136507105 0.000677890038549 0.000825862243283 0.000621136420818 0.000159598174061 8.89080185174e-05 5.08489455646e-05 0.00029698690338 0.000449265697026 0.000426098802873 5.14532163467e-05 8.59172935737e-06 2.91443194135e-05 0.000621913908803 0.000838731340823 0.000350449532436 0.00118420024194 0.000207535628558 0.000817049171252 0.000822141009099 0.000139967496248 8.86125964139e-05 0.000235152079356 0.00103856137547 0.000532624000026 0.00113923430653 0.000540055369381 0.000284572358255 0.000414064999981 0.00105068606187 0.000896127010591 0.00123005098476 0.000686778206154 0.0002637288691 0.000185900246377 0.000122743709308 0.000103691439436 0.000633460690439 0.000146909945143 0.000676909162557 2.03498435667e-05 0.000292058028829 1.69665894714e-05 0.000146718188911 0.000374725300038 0.00106242916562 0.00124354561114 1.21110728526e-05 3.556027707e-05 0.00174933509392 0.000361458962972 0.00176760662476 0.00107243935669 0.00102610489241 0.000286964825441 0.000756295883913 0.0012087333816 0.000707787507133 0.000663494910347 0.000971194622875 0.000161103509124 0.000495865852577 0.00048457312573 0.000998261134557 0.000596575070308 0.000614078596781 0.00129796732218 3.14737618234e-05 0.000488983932509 4.80755625043e-05 0.00145878406829 0.000109229581866 0.000266712623555 0.000259663089051 0.000338550545204 0.000600136944245 0.00072811886301 0.00032475115182 0.000384921006767 7.6065735818e-05 7.28368155327e-05 0.00046664383852 0.000361618793546 2.28320375532e-07 0.0003315270037 0.000204561845019 0.000184815444881 0.000170541276632 2.11599843802e-05 0.00128219305802 0.00020804832319 0.000433249014102 0.000348435828907 0.00101652093588 9.33952871871e-06 0.000878038847782 0.00107195002791 0.000231624337303 6.64983068233e-05 0.000875125122011 0.000999677443344 0.000541546264516 0.00123294315886 0.000444002412742 6.4673609745e-05 0.000287279213833 0.000442855368869 0.000993101851303 0.000847143005089 2.75759270826e-05 0.000981039230068 0.000461423641179 0.000108059994002 0.00066104566901 0.000233721701557 0.000683612594249 0.000387771390334 0.000477464977562 0.000727065917008 0.000227457661375 0.000985790096339 0.000583672356908 0.000438409942687 0.00038585009404 0.000294654946042 0.000191222194805 0.000488365812526 5.8348130632e-06 0.000692525737419 0.000730545383472 0.000664257857874 0.00020308339352 0.000169111451671 0.000182208321765 2.83843462365e-05 0.000170598109641 0.000398786833449 0.000872270116261 4.74238528493e-07 0.000201120023402 0.000959896827844 0.000415630554673 0.000398706287446 0.000388001231727 0.000757943378862 2.9113305293e-05 0.000301574117321 0.000746775719524 0.000588051066178 0.000384155733078 0.000532755971539 0.00118326294227 0.000787574000008 0.00126484976285 0.00267272982834 0.00145107393184 0.00107538067687 0.00194651357318 0.000507953408919 0.000401565736596 0.00120115117212 0.000854955994451 0.000680517438331 0.000272859348024 0.000326758537183 0.000209270482761 2.98870589809e-05 0.000121068937658 8.65932333481e-05 0.000780681781982 0.00141672279873 7.49668874771e-05 0.000572135144046 0.000152370024981 0.000384160783712 0.000218163168437 0.000238325005374 0.000113760284648 0.000229219171851 0.000420644809562 0.00212565549693 0.000663690647188 2.6148044377e-05 0.000580429787035 0.000804129802316 0.0011663757637 0.000815318548903 0.00126928359793 0.000785768200638 0.00126127123857 0.000506516111379 0.000126856388312 0.000121601352874 0.000415208646454 0.000189037648548 0.00053694984484 0.000448226199957 5.71345649436e-05 5.27500662922e-05 0.000839554275211 0.000947730736173 1.62196448939e-05 0.000384007286504 0.000132584859999 0.0003447972557 0.000215603814236 0.000130239266803 0.000282478619358 0.00105591444862 0.000670905609331 0.000809809402148 0.00026248844733 0.000369515095764 0.0015140604566 0.000532313644988 0.00095871964236 0.000539041825373 0.000246034734116 0.000303742829528 3.67880255143e-05 1.6576872582e-05 0.000415966650856 0.000406558053725 0.00191594439865 0.00191026180806 0.000627395724455 0.000533256576301 0.000349561568135 0.000871408403874 1.94751624552e-05 0.000925534536979 4.97398763039e-05 0.000782035753459 0.000423437707211 0.000676082824411 0.000178203526906 0.000346098669235 0.000548007282568 0.000476877639472 0.000286945475328 3.45420990136e-05 0.000446349628473 4.48320679357e-05 3.65810126619e-05 0.000180300117626 0.000346184777407 0.000114869335748 7.25725623082e-05 0.000610498654867 0.000826628609434 0.000298092731354 0.00018862125415 0.000704789858604 0.000460474144119 0.000321518208206 0.000166155052614 0.000790743455823 0.000466944820091 0.000462167762331 0.000715261604929 0.00103787692931 4.57927498372e-05 0.000384344987814 0.00050522549441 0.000462246348245 0.00023807133117 0.000471188181099 0.000233123543572 0.00102049111867 0.00038771374994 0.000260930939339 0.000336242858359 7.22099133801e-05 1.9518459829e-05 6.88028424364e-05 0.000532074268677 0.000748135579693 0.000414160800414 0.000322609548984 0.000593107559369 0.000614088636721 4.02238433375e-06 0.000221029132149 0.00115026185659 2.50804822692e-05 0.000765936476544 0.000308249225983 0.00102520344732 0.000244446843405 0.000372736041672 0.000508644828086 0.00123508088455 0.000423040560846 0.000683337557865 0.000714585018056 0.00120207634324 0.00103354061261 0.000657761869036 0.000836763603635 0.00125350497017 0.00148721915159 2.79148212758e-05 1.16644739066e-05 0.000760546928102 5.83692571586e-05 0.000571837624031 0.000465978594375 3.69045441369e-05 8.59579990315e-05 0.000507783801229 0.00026250926008 3.41819581857e-05 9.69053072674e-06 0.000255125982889 0.000197262303592 7.67537924459e-05 0.000312855456149 0.000201415768685 0.000342074341456 0.000190193820402 2.45852775466e-05 8.86873886466e-05 0.000231220894917 0.000143129679449 0.00025281057924 0.00022827965318 0.000269597827969 0.000673179428731 0.000372648760213 0.000617386214543 5.10369710966e-05 0.000546573010715 0.000620418224536 0.000965531836949 0.000996712808289 0.000448764109153 0.000446555765212 0.000915491445801 0.000886751991754 0.000596235171984 0.0010370650971 0.000835663635572 0.000624286351927 0.000372973125483 5.69360449655e-05 0.000285421755393 6.20364856449e-05 5.55088141829e-05 2.33959850004e-05 0.000452308002751 0.000445771090197 0.000717019868902 0.000459171999102 0.000168164704434 0.00121434533061 4.10286708649e-05 0.000166218687946 0.000300573540938 0.000115646209196 0.000128002282162 1.90881060442e-05 0.000229224720773 0.000220985979862 0.00024139848351 0.000263908849635 0.000755947895989 9.83262088825e-05 0.000613395933699 0.000852456074309 0.00203214610789 0.000794866371344 0.000192125954806 0.00154593482957 0.0011112969644 0.0008343965077 0.000214416702982 0.000464014325036 0.00041212354652 0.000780844491114 0.00020984204194 0.000180498239737 0.000337562587739 0.000249895230064 0.000624833328979 0.000258795811115 0.000353382605678 0.000222336678206 0.000287176848004 0.000119069247459 1.50775242647e-06 0.000854922571448 3.42141242392e-05 1.28294145419e-05 0.000630072060869 0.000552427457204 0.000663254829635 0.000640013769311 0.000534744275883 0.000470169061935 0.000173463185653 0.000967959432793 8.2633824424e-05 8.17603068e-05 0.000386505487724 6.92219716221e-08 0.00022590121385 9.60947199491e-05 0.000182298994097 0.000183744492523 4.259284453e-05 0.000158560646795 0.00090396964246 0.00119214578742 0.00129827768117 1.7358345042e-05 9.60479434837e-05 0.000111689980063 5.36543367747e-05 4.95737756465e-05 6.5753343796e-05 3.15197638266e-05 0.000413710960789 7.05968858541e-05 7.06908032396e-05 0.000537310602145 0.000348452049962 0.000813699956424 0.000177133774647 0.000374989845698 5.291876421e-05 0.000677806098228 0.000447208265354 0.000784245589 0.00037056749874 9.40003674539e-05 0.00141994141173 0.000464644527896 0.000347188174944 0.000435738029128 5.56822230007e-05 0.00102007110293 0.000109595308443 0.000730388577781 0.000179864414801 0.000136849672898 0.000197599072717 0.000180760915453 0.000118279493616 8.49842445963e-07 0.000192145552183 0.000468897705769 0.000172236149764 0.000208920373447 0.00132976591897 4.01769535369e-05 0.000388672557065 0.00106916885039 3.1695853062e-05 9.97105957186e-06 0.000444588178348 0.000849029941033 4.84163031766e-05 0.000369388586819 0.000242835542186 0.000458084464275 0.000211822891738 0.000224050636186 0.000654205547072 0.000363309671696 0.00121829250442 0.000936341011639 6.33793549749e-06 0.000255242149021 0.00037099751803 0.000592300225199 0.00022882376013 0.000663753444928 0.000544285441024 0.000150650215004 0.000176932107507 0.000141051959933 0.000617999895151 2.67585132364e-05 0.000218299602303 0.00158597289895 3.92584513825e-05 0.000697089338347 0.000286672777877 0.000651979618366 0.00111743704962 0.000227218624121 0.00011186057153 9.3410609692e-05 0.000491761598223 0.000878522944743 0.000432600531127 0.000105641202782 0.00086696030167 2.28360348563e-05 0.00044615576277 0.00118966216137 0.000885193117746 0.000365086472898 0.000566401454352 0.000195587980748 4.89788381523e-05 0.000412109979238 0.000369260022049 0.000301203830241 6.16930587862e-05 2.63961623958e-05 9.78118076318e-05 0.00155989608857 0.000735929020986 0.000575262950695 0.000172095291908 0.000898829828267 0.000475572402458 0.00157869729498 0.000317875138 0.000191390439315 0.000455442174783 0.000166632846801 0.000234850074084 0.000484957739606 2.27658498971e-05 6.8707563444e-06 0.000425278931227 0.000598867997975 8.09178055424e-05 8.72162402753e-05 3.13867606204e-05 1.10285929989e-05 0.000752428511716 0.000450530900022 0.000153083108496 0.000519469907969 4.36040682118e-05 0.000513414322774 9.97842237094e-05 0.000434818603821 0.000217422688346 0.000408174440872 5.87007906465e-05 5.11659290451e-05 0.00028737162918 0.000237943692477 0.000358692696447 0.000286109178225 0.000184052375233 0.000437117023898 8.94794774275e-05 0.000110951121814 0.000636285504969 0.000113624174227 8.09747124713e-05 0.000638391836343 0.000252742381979 0.000409614361456 0.000368374460447 0.000178348820462 0.000213717621879 7.57978499526e-05 3.31838926679e-05 3.02171228396e-05 0.00013785462445 0.000645456916419 0.000171307396711 0.000459485842423 0.000228323363283 0.000802123467156 0.000650112514127 1.18027607123e-05 0.000520456795171 0.000538862922395 0.00010119130317 0.000708702647185 5.84019302496e-05 0.000400639513705 0.000284918326252 0.000316291654021 8.65680771339e-05 0.000116442301928 0.000248160804622 0.000278381106841 1.69286688523e-06 0.00026095584471 0.000307035035803 0.000294609690164 0.000176959752945 0.00017009925666 0.000156147739524 4.83338477394e-05 0.00060171690648 0.000524169342706 0.000283403311419 0.000379224192733 0.000493203637239 0.000311491545257 0.000808510344319 0.000399230072811 0.000697632012557 2.07799518324e-05 0.000293265082999 1.7154776372e-05 0.000355174860535 0.000511834051548 5.05715787693e-05 0.00130599704656 0.00108363841409 0.000461835912129 0.000293815949292 0.00107259587843 0.000149195481445 0.00107234803235 9.76428315293e-05 0.000453397687572 0.000319052593833 0.000635878191085 3.52797610825e-05 0.000398014652809 0.000269714984715 0.000147107523511 6.86015927158e-05 0.0001468576086 0.000178468544832 0.000167036406959 0.000190766333714 0.000381413470772 0.000318379016836 2.62572964396e-05 6.49395604871e-05 5.10321725959e-06 4.03706981396e-05 0.000152573513254 0.000688190220005 2.47027036856e-05 5.16538726959e-07 0.000112966704798 0.000715680889677 0.000606194437651 0.000288344014887 0.000442485082462 0.000753571014931 0.000518083735169 0.000450819044972 0.000507241612853 0.000181995172925 0.000385585934983 2.47625751589e-05 0.000330344105539 0.000197937996791 0.000271961759298 0.00014825837799 5.37103992251e-05 0.000298857507786 0.000207152242453 0.000141704670896 0.000135403109208 8.23218223722e-05 3.47408325027e-05 0.00216145277669 0.000960974784437 0.00157511052978 0.000825736968166 0.000305622620376 0.000192220424528 0.000674285333658 0.00014974345034 0.00102298697678 0.000157020751315 4.08660720203e-05 0.000724590339834 0.000585252737373 0.000258865780444 0.00017236911113 0.00134475795793 0.000412179955166 0.000980192203802 0.000617390898865 0.000868540583408 0.000763580950648 0.000661850975428 0.000112350840798 0.00150992061555 0.00150301277602 0.000890668491308 0.000251816862379 0.00236663185917 0.0005911804543 0.000340873140268 0.000688757181472 3.0289498276e-05 1.3483674632e-05 0.000131202306937 0.000299114599474 0.00127107176139 0.000698972172818 0.000222844952481 1.29182299533e-05 0.000359979706568 0.000315887349967 1.70083171786e-05 4.3414099885e-05 0.00028607273007 0.000660438629098 0.000100709977931 0.000206192380893 1.10679308954e-05 0.00110550117372 0.000132619201083 0.000535956804774 0.000672652646084 0.000665547032628 0.000715845146203 0.00116892215424 0.000924786438757 0.000908920349021 0.000292753234588 0.000174839210867 0.000406194587792 0.00046029294444 0.000431604309684 0.000326513877481 1.90530198801e-05 0.000583557758862 0.00161657745827 0.000668059914959 0.000852598576218 0.000338580177889 1.78851038202e-05 0.000411830644181 0.000438084389308 0.000525041602889 0.000648030644008 0.000340946821727 0.000598982987023 0.000437139446704 0.00054901433654 0.000667272894987 0.000545919863395 0.000396234649451 0.000410518486003 0.000579125212031 1.58936663849e-05 0.000358642870901 0.000225732777789 0.000299127184189 7.62286082844e-05 1.35789352907e-05 7.93499205851e-05 0.000957998488463 0.00015116595553 0.000134609208658 0.000444301467267 0.000141843068107 0.00047550226938 0.000607707793479 0.000607899810478 0.000716292007378 0.000702204463075 0.00047945891941 0.000834625403154 0.000187070145053 0.00076593174447 4.0419097118e-06 6.74627322576e-05 0.000620545751407 0.000270804157974 0.000492833702381 0.000219986063254 0.00022006522621 0.000202729585297 0.000156057813108 0.000393819704527 0.00131726202492 0.000474301628179 0.000123202921316 0.000167488989408 0.000375612210948 0.00055257183022 0.000223467642658 0.000161965416954 0.000265243662538 0.000543785377915 0.000516229379351 0.000221028240476 8.96268395731e-05 0.000133163881281 0.000400322643901 0.000264752039117 8.3546834494e-05 0.000691685918028 4.09089813799e-05 8.31544855433e-05 8.18279291625e-06 0.000166148670084 0.000423841331778 0.000630775990403 0.000294962924854 0.00015355053593 0.000318893974699 0.000121723625912 0.000343507972035 0.000192615834557 0.00068336867915 0.000280599704625 0.00042961443578 0.000169784214138 0.000987026083227 0.000965091717766 0.000398242363838 0.00132522153189 0.000356238182647 0.000382751183488 0.000400199899062 0.000221144756819 0.0007451293781 0.000212994521342 2.56640288412e-05 0.00083924598835 0.000859307620551 0.000339225828473 0.00016918407182 0.000522703831367 0.000645194560911 0.000384540588754 0.000575088708337 0.000300771115813 0.000132028174917 0.000716221059879 2.06162398735e-05 0.000618709878475 0.000689678528468 0.0003560767484 2.31403091978e-05 0.000679694606024 0.00112157782645 0.00071868965373 0.000626077778534 1.76796936792e-05 0.000215598339333 0.000160609237974 0.000564133626343 0.00010702500606 0.000230680406588 1.94092280625e-05 0.000679461487837 0.000177208214128 9.69239452879e-05 0.000238646015413 1.89689760557e-05 0.000289853251492 0.000367916838912 0.000309800733908 5.92074490822e-05 0.000261902668782 0.000195804372469 0.000424372182984 0.000162177291963 0.00013051367643 0.00129786246471 0.00053174341525 0.000193965205437 0.000615151001356 0.000547888351364 6.05766913362e-05 0.000611369714178 0.000404387823426 0.000728882944341 0.000150319635085 0.00213992775819 0.000638664699286 0.000912794573285 0.000430491152484 0.00125075412302 0.000231618371122 0.000156649446919 0.000228908844881 0.000231675577506 1.20900272797e-06 0.000241220790156 0.000447546173071 0.000597534655886 0.000691919055202 0.000242104724728 0.000653681063248 0.000228068266573 0.000387317717488 0.000255366125491 0.000321418909769 0.000152778545119 0.00072098428558 0.000514513675541 0.000242644180129 0.000808205605237 0.000743523645873 0.000449868349925 0.000101284708646 0.000439349493714 8.4047793748e-05 0.000391469991461 0.000372314727944 9.4666786774e-05 4.85275425469e-05 0.000108614936392 8.47945575592e-05 4.8878452323e-05 0.000800208713394 8.45828219184e-05 0.000210393659401 0.000708928444236 2.05723157584e-05 0.00044526338992 0.00109284270714 3.59956130519e-05 0.000433619201069 0.00108260817972 0.000831642223915 0.000128220810176 5.80088169652e-05 0.0008953951176 0.000152621705624 0.000651716912913 0.000756903653731 3.46167554607e-05 0.000690796988946 0.000258889142388 0.000412407578161 0.000443052061112 0.00023118682516 0.00067990421359 0.000226261470262 0.00115744709104 0.000272592615623 0.000190302930167 0.00133365575232 0.000387526316081 2.37475081412e-05 0.000380341217802 0.000965953825158 1.21577283058e-05 0.000102293658028 0.000380397401256 3.49636310283e-05 1.47119188759e-05 0.000261296319436 0.000281333073909 0.000148800942235 0.000170424520666 0.000343344145274 0.000238252440882 0.000193260590156 0.000174790371826 0.000232740782554 0.000450595047984 0.000418466071954 0.000810062530649 0.00108065749411 6.13055834416e-05 8.92444107053e-05 9.59476526246e-05 0.00056896039482 0.000310778100402 0.000118993474981 0.000647155617312 0.000595968781834 3.853728421e-05 0.000591929248642 0.000444432996416 0.000134122544317 0.000190885730208 0.000250054792364 0.000532616508331 0.00035038305409 0.000223501520899 0.000395273345708 0.000835677256105 0.00133374716928 0.000465096024413 0.000204684356127 9.6120539154e-05 0.000144780273911 0.000103718441153 0.000301283662099 0.00175873140653 0.00142757318214 0.000858182481942 0.000107393261081 7.95962722659e-05 0.000237541197605 3.1014777814e-05 0.000209409896934 0.000197339680091 5.94034452709e-05 0.000355946756165 0.000155831042933 0.00046713826042 0.000458734184346 0.000115241323362 0.00024449119146 0.000331316906236 9.45917881007e-05 0.000340314177602 0.000261663643769 0.000228232579062 0.000419074037047 0.00031706172751 9.87136277842e-05 0.00058399103249 0.000625311431699 0.000304981779561 8.26179682842e-05 0.00063470385525 0.000389154041228 0.0002003222008 0.000366882063509 0.000362920976894 0.000127703337962 0.000345881077566 0.000284281614512 8.71369986795e-05 0.000193671103397 0.000115221105739 0.000432360922572 0.000233413289965 3.48333498239e-05 0.00019092991067 6.42711277033e-05 0.00018949842127 0.000162922816347 2.56095917471e-05 8.16007416895e-05 0.000573315946274 0.000157068583153 2.36345337756e-05 6.68921329268e-05 0.000568072849761 0.000605019858695 0.000718564823394 0.000176867619225 0.00134246056645 0.000198551717178 0.00103102165135 8.36765317446e-05 0.000340194964036 0.000235446521551 8.96587758145e-05 0.000215446060554 0.00010081560131 1.02257974276e-05 4.53409165877e-05 0.000271412921206 0.000229430674732 8.23044288555e-05 0.000142778632776 0.000455910374032 0.000421248125277 0.000614850389719 0.000316241805757 0.000212601922456 0.000245066618977 0.000442933557937 0.000116056152221 0.000110190251197 7.49187230756e-05 0.000111984212402 0.000177262002732 3.48256186209e-05 7.67561833612e-05 0.0002081349031 0.000208083462921 0.000204511083459 0.000306703887584 0.00106281821169 0.000338540518932 0.000984980115093 0.00160309600488 0.00100602670846 0.000418145329452 0.000980395198505 0.000204522617753 0.000727024209204 0.000178448613983 0.000408606211118 0.00106667268287 1.63555555798e-05 0.000845280503455 0.000132043694152 0.000276017270534 0.000241682749014 0.00011105758966 5.7119082168e-05 0.000230221062075 0.000611739254961 0.000156857811283 0.000265613826806 0.000431520026883 0.000656089557372 0.000605672411339 5.05724051035e-05 5.25984946288e-07 0.000257623563368 0.000308909300058 0.000401737281328 0.0007339184559 0.00185599003551 0.000736807131059 0.000186806120616 0.000514875187213 0.000684100711512 0.00124340977869 0.00126576608162 0.000997403322562 0.000385980177925 2.83517648231e-05 0.000581839866055 0.000572476940942 0.000171195626459 0.000213541570173 0.000166760958483 0.000482473810156 0.000808775253293 0.00161022891068 0.000972954462908 0.000511531480957 2.34183347583e-05 0.000323305810893 1.71995400786e-05 4.33140769281e-05 0.000211419606705 0.00033610341049 0.000169323147159 0.000143660946488 0.000230520799687 0.000288928732183 0.000101305387058 0.000143080856102 0.000192814081132 0.000315853157 0.000785571497511 0.000604661278705 0.000357870728424 8.78924685254e-05 0.000514566364109 0.000376284194389 0.000431158719139 1.02561844522e-05 0.000619732851603 0.00062750619018 0.000605990023247 0.000323200216029 0.000386380075067 0.00035212094972 0.000170937254043 0.000500299132638 5.67906166956e-05 0.000333239853559 0.000126972323217 4.38278541184e-05 4.45914721176e-05 2.11184006046e-05 0.000793317756398 0.000235786437149 0.000559471638607 0.000304841999604 8.79454754709e-05 0.00039950905583 0.000451626387298 0.000498911112669 0.000329766987023 0.00055033264491 0.000152445185884 0.000196425603086 0.00019688836495 0.000147792843694 6.69705713862e-05 0.000419189204895 0.00109441370563 0.000325027258605 0.000215629409112 0.000359202604057 0.000334028802648 0.000271238489912 0.000339670642138 0.000300843218749 0.000478618620153 0.000396162274479 0.000682418478843 2.12710945795e-05 0.000117895125157 0.000148242758705 0.000343135020279 0.000887067179014 0.000141292139291 0.000629913542182 0.000999285144782 0.000701542132809 0.000448971367903 7.80708602485e-06 0.000312635324349 0.000198544767746 0.000205584951795 0.000193834032958 0.000334156646518 0.00014656331697 0.000198049011157 0.000677828805568 0.00097929965574 0.000593758374837 0.000366463961488 9.81829499842e-05 0.000495660323332 0.000600693098781 0.000462512385945 0.000217445518298 0.000624319369343 0.00015069517363 8.66484069631e-05 0.000394394052641 0.000574182154525 0.000198161255421 0.000518362803321 0.000228393664852 0.000123638428466 0.000367048513775 4.33157454777e-05 0.000208097061345 0.000313608626347 0.000183746756021 0.000209654224948 0.000528621017235 0.00018016388261 0.000234248137397 0.000197089492202 0.000244800391113 0.000211510665465 0.000260102159036 0.000112708923984 0.00109015583681 0.000679769213421 0.000630874125012 0.000476769030606 0.000842607514706 0.000322955294657 0.000270855932192 0.000337895992275 0.000154304590909 0.000430422182609 6.85711263545e-06 5.78629001118e-05 0.000749483913825 6.89390842227e-05 0.000560456495895 0.00043676524392 0.000279516487777 0.000551824665837 0.000168369394905 8.53616783562e-05 0.000493073655671 0.000301012040747 0.000205647558403 0.000563433228053 0.000314632426049 0.000107535934987 1.04388714171e-05 0.000173278532843 0.000379746661476 0.000177606370936 2.70589628732e-05 0.000480006171983 0.000840631240048 0.000645454931775 0.000941004268758 0.00119029804021 3.17576973686e-05 0.000550510217965 0.000211797594696 0.000361894088064 0.000148494325959 5.19983950308e-05 0.000250762010352 0.00021106859129 0.000244695642317 8.57205345425e-05 0.000225569625259 0.000249675848933 0.000373983000245 1.0540941613e-05 0.000319121262332 3.29814273688e-05 9.43156232877e-05 2.80363991706e-05 0.000868534100492 0.000389548215136 0.000988113399075 0.000347820222526 0.000360878055479 0.00108647767151 0.000365120997237 0.00134486680689 0.000264600597421 0.000312295012388 0.000144986160505 0.000294577797836 0.000523888129348 0.000734329919453 0.000299966631447 0.000835549090467 0.000548417749084 7.8598592119e-05 0.000317275261625 0.000278424767216 1.8433713454e-05 0.000279988774136 2.73813286743e-05 0.000411628215221 0.000434004536464 8.96936809278e-05 0.000275239630375 0.00026324542449 1.66899145463e-05 0.000213277302891 0.000866988155052 0.00125024307879 0.000180738780776 2.79041606035e-05 4.48259416436e-05 7.74986940303e-05 0.000238287114083 0.00065625956009 0.000240056901342 0.0003972002056 0.000752435362981 5.60402978597e-06 2.84681678614e-05 0.000543481378589 0.000545288332129 0.000415906360731 0.000227904491895 3.13729026553e-05 0.000140196780048 0.000813763257441 0.000200680363053 0.00013537928867 0.000155260624839 3.30379203291e-05 0.000183741209998 0.000279778134373 0.000721118788706 0.000299066128232 0.000288428523357 4.80869470603e-05 0.000500533270882 0.000506103429453 0.000401474835908 0.000346138104173 0.000212898363476 0.000247019015262 0.00010881326408 7.57604212798e-05 0.000261363307047 0.000885650046493 1.72457069062e-05 0.000324301476845 0.000308400546178 1.160163976e-05 8.6940648422e-06 0.000264432016535 0.000102129816894 0.000132373538659 0.000131030883875 0.000670439677383 0.000430467542759 5.72577941335e-05 0.000603690025117 1.84612973187e-05 0.000125083407778 0.000115869906181 0.00072827750409 0.000202091572848 2.47845140431e-05 5.45671043604e-05 0.000168052562025 0.000457600159283 0.000365582821615 0.000817460377817 0.000206364727624 0.000156430884066 0.000926796090284 0.000395203359389 0.000115376592967 0.000366442363008 0.000255718591179 0.000463771858208 0.000130599248918 0.0006234663883 0.000184146259512 0.00115064613383 0.000117809764081 0.000171638918111 0.000209523266574 0.000193605381353 9.09886992997e-05 5.90560084614e-05 0.000375969295562 0.000265873221586 0.000109708893236 0.000133647592976 0.00031473360553 0.00023830447621 0.000315217303471 0.000512793613013 0.000350787890323 0.000179857840005 0.0006509174564 0.000829240772553 0.000198498908038 0.000100183618899 0.000176489758557 2.63567871007e-05 0.000621389577562 0.000167173573444 9.31242751158e-05 0.00057570527248 0.000611354050309 0.000411567022829 0.000447947586627 2.7888324647e-05 0.000354951247075 0.000551560914986 0.000358406475361 0.000335340815211 0.000222357048205 0.000264245655866 0.000232795069751 4.19529343403e-05 0.000217515099029 0.000359665905084 0.000351041550461 1.94151474015e-07 0.000156677703955 8.76543416517e-05 0.000137073245554 1.51650519147e-05 7.89819809614e-05 7.45398403484e-05 0.00028952155829 0.000420674357761 0.00015408714132 0.000423080264788 0.000259149389201 0.000141467157288 0.000131931411026 0.000130215754143 9.60556086095e-05 2.33972129139e-05 0.000681572256041 0.000644259116087 0.000654817398909 0.000513985368006 0.000378141855636 9.91715916105e-05 0.000340626028435 0.00126758379725 2.01712976365e-05 0.000149639386517 6.34802154947e-05 7.78636788472e-05 0.000285967682357 0.000887699595116 0.000662527994943 0.00060561532833 0.000233867353684 0.000298505289324 0.000187640379414 0.000202704527406 6.00474105488e-05 7.18754468969e-05 0.000483676187052 0.000402406009409 0.000204141662963 0.0004358519012 2.76190730465e-05 4.1968422172e-05 1.97882295824e-05 6.44402749305e-05 1.12080315231e-05 4.54315002763e-05 0.000647424266415 0.000100921450941 0.000581840409973 0.000124414458444 0.000153180684198 0.000142114431537 0.000117230246517 3.33669779608e-05 0.000164901712124 0.000178204021596 5.01301321868e-05 0.000259490639442 8.91651783149e-05 0.000426074363467 0.000434620928249 0.000651493145248 0.000202593691611 0.000469553630721 0.000991617859845 0.000384993208179 0.000146775316299 2.88362281302e-05 0.000134974361498 0.000624212449972 0.000193310742084 0.000517470999943 0.000249943820178 0.000263819732539 7.93299043493e-05 0.000276264433289 0.000281818479985 0.000105381827296 0.000121529871843 0.000120125972878 1.67550726048e-05 8.64377219214e-05 0.000242488240825 0.000216825094575 0.00016101166429 0.000192496732847 9.45055730657e-05 0.000222270014783 0.000242822085211 0.000217783532916 1.60875636893e-07 0.000198038033508 1.71808306489e-05 0.000161164830029 0.000265956537226 0.000240097351578 0.000378147591249 0.000308149790371 0.000115713487803 0.000329133635976 0.000258399492627 0.000143202495053 0.000515543727005 0.000121390936323 0.000142461539143 3.36648058184e-05 0.000127956171504 0.000777320574298 0.000657234417779 0.00062164402587 0.000263608018016 1.20157519001e-05 0.000756151764273 0.000153246301062 0.000168449712689 0.000808605740989 0.000335990962917 6.23844265128e-05 5.78249737535e-05 6.17450608532e-05 2.63371629027e-05 3.39823866168e-05 0.000189070913976 0.000510023069048 0.00024663038803 0.000621086284716 0.000559843809408 0.000603868448997 5.42782035519e-05 0.000206195183337 0.000202683242509 0.000194512417961 0.000506192095714 0.000867817748784 0.00106035698743 0.000526083203716 0.000903948936783 0.000761684571178 8.79344948965e-05 0.00012155987195 0.000478655105332 0.000208154526191 0.000654088651156 0.000329228248404 0.00033770901713 0.000777680083338 3.18707460011e-05 0.000567973280722 0.000394113058711 0.000651871740008 0.000370134186173 0.000249923400882 0.000301829106108 7.03067205059e-05 6.21968234477e-05 4.17285120704e-05 0.000359889044793 0.000461096677614 0.000502245500996 9.76523753657e-05 0.00013304316361 0.00061852966245 0.000513226700446 9.71399852085e-06 0.000482964641213 0.000578584017947 5.88475632912e-05 9.35795346891e-05 0.000138975893895 0.000249655032577 0.000269387952051 0.000370332657636 0.000319339928153 0.000318252500052 0.000219381214021 0.000882062066977 0.000313240074841 0.000217629047779 0.000177430199557 0.000103867851397 0.000233976181337 0.000368453916079 0.000438944456403 0.000491132735413 0.000139528487313 9.85836931123e-05 8.9361089086e-05 7.3611214191e-06 0.000140385655654 0.000383270572406 3.13867961605e-05 3.01939746021e-06 0.000109728660878 2.7350234322e-05 8.56383565302e-05 0.000286715254542 0.000632270582721 0.000441792382498 0.000219900763894 6.93645374359e-06 0.000424149241863 0.000286076471016 0.000827045598273 0.000474574995964 0.000402859240767 0.000263926686098 0.000268152255971 0.000391158767598 0.000210707517062 0.000228089748413 0.000554001360022 0.000125667930952 1.4196019722e-05 0.00013128290608 1.65595375311e-05 0.000396874651073 0.000333979597889 0.000229493838139 0.000214474409361 0.00026725662911 0.000204846882022 0.000502065185989 5.81086646602e-05 0.000178172360278 0.000211519448484 0.000172458405462 0.000144134461168 0.000142272519493 0.000468494053246 0.00012945499036 0.000389323342912 0.000102746599399 0.000324062157684 5.33468583663e-06 0.000354678326063 0.000407998170193 0.000185499598401 0.000175234065012 0.00014465495608 0.000273311444873 0.000182498540176 6.85232687003e-05 0.000191682517147 0.000238111416095 0.000418873041743 0.000789152223838 0.000145596284614 8.86305991138e-05 0.000150932960717 8.16927346162e-05 2.94483447276e-05 1.59073292274e-05 0.000960136403358 0.000401056671942 0.000660769121735 0.00038324162237 0.000685716378366 0.000293752654763 0.000162138723225 8.74763562139e-05 0.00017929374427 1.57628507998e-05 0.000178415695411 0.00057859881528 0.000485441122424 6.80453749332e-05 3.38351422629e-05 0.000529480394635 0.0001100065375 0.000346295488198 0.000103618871003 0.0001280705779 0.000542938115226 0.000243498964142 3.20045586963e-06 6.35315713214e-05 0.000379832120442 0.000379361089809 0.000178686665546 0.00025651909482 0.000761740825442 0.000451495728229 0.0006423295383 0.000478940410848 8.70048520444e-05 0.000744262809647 0.000650459656375 0.000141442768709 0.0009670174767 0.000346724042668 7.2455742187e-05 0.000292415148046 0.000567646788046 0.000379458303553 3.16764768931e-05 7.08077477041e-05 0.000105007457443 0.000470457392587 0.000960972502584 0.000306262541671 0.000364019457617 0.000639363011953 0.000363602925855 0.000836338403402 5.31727710205e-05 0.000186804594444 0.00044177053584 0.000351941722857 0.000132680641038 0.000318004409788 0.000243705055654 0.000562211131155 0.000259925399404 0.00115547168759 4.35270712248e-05 0.000902316539283 0.000227702264727 0.000150877631128 0.000213649741496 0.000252744616377 2.35188894059e-05 0.000530957230223 0.000673191051008 0.000346675103658 0.000148472215262 0.000195142235391 0.000387306625954 0.000144472713888 4.03853433959e-05 0.000643213725 0.000234169558775 0.000383355816575 2.71346518193e-05 0.000249735934571 0.000271089818311 0.000425277114765 0.000695580932281 2.76594064417e-05 0.00035367950391 0.000979224789078 0.000440681544478 6.41590408513e-06 0.000143795449712 0.000207894840329 0.000156937947562 0.000297434629844 5.24911404817e-06 0.000272180677482 0.000403619413736 0.000341406203518 0.000413773531008 0.000122211518294 6.21025261647e-05 0.00038149422671 0.000444718243575 0.000374475881057 0.000175979502706 0.000291914042041 0.000293221682728 0.000453429425115 9.44481053571e-05 0.000500593742108 0.000145149016266 1.70817887446e-05 0.00018587147759 0.000255266005032 3.46234956653e-05 0.000324693145425 0.000131681372574 0.000525916286792 0.000167606177985 0.000116461993793 0.000295628393719 8.58811692051e-05 0.000336210840244 0.0001849451315 0.000273042662285 0.00011876767696 6.91012838127e-05 3.97888152669e-05 0.000201295677664 4.33304359304e-05 0.000379720545456 1.56531687565e-05 2.79961293045e-05 0.000171055410914 0.000277611210234 0.00029924976523 0.000340968572823 0.000437596704211 0.000271799824776 0.000300961673336 2.10632721601e-05 0.000547151576783 3.16556359409e-05 0.000531550787212 0.000371962563511 0.000473231278981 0.000581576757706 0.00044605576678 0.000217803943407 0.000795448319249 0.00047451743361 0.000186022266372 6.80914332458e-05 0.000851623077113 0.000152483248184 0.000340444288567 0.000360825853964 2.98342446843e-05 7.40407407755e-05 0.000442563755303 0.000315111758035 0.000476551948972 8.18013737478e-06 0.000424236314526 0.000325684944715 5.47445207155e-05 2.86203380211e-05 0.000216278595715 0.000131287851804 2.01374389873e-05 0.000202820546812 3.02108443764e-05 4.0050907724e-05 0.000311716221807 4.62468800388e-05 0.000126279322855 5.74851764503e-05 0.000115179676356 7.85410845526e-05 0.000132413621585 0.000203670973581 0.000123836362126 5.04430951673e-05 0.000265205341752 0.000353051240186 0.000493665502286 8.24147399104e-05 0.00047088571183 0.000263113671802 0.000172911717926 0.000317386459938 2.97692428923e-06 0.000558601209004 0.000227109977934 0.000124409656218 8.30341627877e-05 0.00015345231921 6.18042698562e-05 0.000156952424449 2.94341465484e-05 0.000115419617631 0.000158347062536 3.95340575072e-05 0.000223475547841 6.97811266849e-05 0.000239865306986 0.000166083534365 0.000103537957767 6.83344556731e-05 4.72250997255e-05 0.000176497395656 0.000587231024745 0.000163059168871 0.000356533142735 0.000455287641369 3.52719638175e-05 0.000358579138161 0.000332856900203 7.24236091466e-05 0.000171883919349 0.000256446852503 0.000655794621765 0.00015946620075 0.000257486224946 0.000448565023133 3.09406203418e-05 1.51679123159e-05 0.00031610479424 1.35765934201e-05 0.000179003707803 0.000342761332736 0.000319725367642 0.000129907383712 0.000364457509344 0.000172465244325 2.37580500756e-05 0.000105009817395 9.027248273e-05 0.000117213479136 0.000184240333323 0.00026471918021 7.64673396652e-05 0.000122779809201 0.000184552669913 4.4098393397e-05 0.00011537800368 0.000136469318916 0.000124216083791 0.000206248883053 0.000187163526299 8.51318694933e-05 0.000175800624195 8.65350684754e-05 0.000302341405095 0.00022644816695 6.47933792078e-05 3.29230125994e-05 0.000160121402262 3.42704770244e-05 1.12104340601e-05 2.86611592912e-05 0.000195636842699 0.000208994289826 8.27128181284e-05 0.000108834848743 9.48360221596e-05 4.63802062352e-05 0.000361718403238 0.000291762402051 7.14929144534e-05 0.000254446557402 0.000169538926098 8.00668965787e-05 3.68524646778e-05 6.69506939128e-05 7.9014343175e-05 2.87901816493e-05 0.000259222668972 0.00040905227028 0.000471806339783 6.63560334529e-05 8.8042876688e-05 0.000207204341644 0.00038617212415 0.000145529845726 0.000137767861797 0.000220269490567 0.000526744827737 7.17725747757e-05 0.000160970312056 9.02194755853e-05 0.000262438354997 1.01122979355e-05 0.000368478007034 9.17509615131e-05 0.000131652452762 0.000222579262549 0.000232651509751 0.000292722493282 0.000248895161249 0.000470942575694 0.000145732936241 0.000179558095897 3.203252787e-05 1.9198738586e-05 1.90375252073e-05 8.44226785307e-05 4.43785604735e-08 0.000614062640907 0.000399772161337 0.000249151140073 3.01207214593e-05 0.000218048131976 4.10304053822e-05 4.68219939264e-05 0.000161182555239 0.000142617435834 0.00042996891948 0.000351392088324 0.000142712997135 0.000334984561742 0.000223078662702 0.000130655294585 0.000181177822212 0.000184332567313 9.74316207158e-05 0.000470703555318 0.000351024397084 0.000368270345341 0.000398144117604 0.000575516642923 0.000175270231537 0.000435163939531 0.000100578544325 0.000407405514404 2.45371371466e-05 0.000204284090169 0.000173449269966 0.000205374167051 5.66287485838e-05 2.66586164667e-05 5.37467284652e-05 0.000163044408605 0.00010221334404 0.00035405170865 6.49413243252e-05 4.90296796346e-05 0.000163741341375 0.000348344548088 0.00054808300864 0.0002015072037 0.000219817188394 0.000724443406792 0.000287770294251 0.000260122037024 2.92990384673e-05 7.51846470032e-05 0.000204088701329 0.00115446495253 6.20445108089e-05 0.000300700080967 0.000109374992546 0.000249120579369 0.00027346126559 0.000206985955704 7.5819807113e-05 5.78938826699e-05 5.04050298102e-05 0.000256357160273 0.000489436306048 0.000429006934488 0.000118098876548 1.53877921551e-05 7.87162776571e-05 9.98153672169e-05 4.49824502447e-05 3.12348791505e-05 0.000404233428882 0.00056074839641 0.000669481716683 6.88951999452e-05 0.000214205317641 6.07896714167e-07 0.000252263444169 8.33308916159e-05 2.38560076344e-05 5.56579043856e-05 5.47034769696e-05 0.000151493590453 0.000301959186561 0.000257648372574 2.01981590943e-05 7.44124094427e-05 0.000296279975496 6.25876847497e-05 3.79788686148e-05 4.15092761174e-05 0.000155057883782 0.000316613700164 0.00016885161847 0.000363624135603 0.000179089914415 0.000257669515504 0.000294530384154 3.78409919887e-05 0.000291266922154 0.000183566513113 0.000355617175417 0.000288112710586 0.000471872401712 0.000540906077567 0.000300806187912 0.000350779987322 0.000136506900752 0.000306269183895 0.00035544177602 0.000156015103944 0.000255731497014 0.000147524392457 0.000111463170978 5.96780271109e-05 0.000246394422361 0.000196923813534 2.98072476052e-05 0.000408975406447 0.00016329771289 7.49507117274e-05 6.8180564992e-05 8.84282309318e-05 0.00024153269272 0.00016384559183 0.000137174634372 0.000191238377735 5.88676280327e-05 0.000494050823183 0.000459940594266 0.000234077203056 0.000133914212472 0.000303526590776 0.00032524999518 5.44369316449e-05 0.000437249178433 0.000254961402933 0.000132048311927 0.000131775913241 0.000143048242683 0.000141115797271 2.65167473024e-05 2.770038923e-05 0.000220068995552 0.000551657564825 0.000631989365128 5.9842176026e-05 0.00102701982845 0.000130116161052 9.45871764905e-05 5.3587653664e-05 5.04301629345e-05 0.000198049371643 0.000217939808885 9.47125101355e-05 5.68747191778e-05 0.000368555351293 9.54266341285e-05 0.000159693044433 0.00033238788803 9.33291999459e-05 3.57520010844e-05 2.86299199952e-05 0.000148894899598 0.000176640072218 0.000323502946645 2.74928826225e-05 0.000270861407492 0.00034143623068 0.000214040382931 0.000174640133963 0.000250333759494 0.000186293246633 3.43860389683e-05 0.000131117215853 9.87666161197e-05 7.00231240383e-05 5.82201125565e-05 0.000412799237499 0.000602139473031 0.00017874809084 0.00019408661281 0.00041427270835 0.000400092756376 0.000192304141107 0.000389875241719 3.41958318063e-05 4.44119099921e-05 0.000140207215089 0.000748026351232 8.21784614171e-05 4.56313965217e-05 9.48942778014e-05 0.000151351326799 0.000316526829651 0.000141553867107 0.000253764785738 0.000453386698748 0.000497881080785 0.00042858300148 0.000119327217477 0.000162774523197 0.000114961001362 1.01577209232e-05 1.3096956344e-05 0.000169841525508 8.60370722136e-05 0.000145470821358 0.000153667217862 4.96940271963e-05 1.6071395718e-05 0.000163019447458 0.000242445991616 0.000237347603042 0.000164198655622 0.000323260619562 0.000115319111025 0.000192377603668 4.51470892057e-05 2.50436802921e-05 7.70814227922e-05 4.71410600464e-05 0.000123285341276 0.000151881220005 6.77990795897e-05 6.89271842083e-06 3.20529407981e-05 2.82495919811e-05 1.5899591051e-05 1.63640727715e-05 0.000251464321627 0.000166840751665 0.000367049772588 0.000693689420656 0.000231207348501 2.9307634557e-05 0.000112773090168 0.000211956395318 5.61360165583e-05 0.000101269892186 0.000132949446356 2.62947810208e-05 0.000130491231386 7.49419312469e-05 6.19136175526e-05 0.000193638645308 2.20094574509e-05 0.000217269455781 0.000307898653174 0.000317030080723 0.000365553718975 0.000431586734941 0.000758600400673 0.000393415260354 3.3125507082e-05 3.54543553607e-05 0.000131581513988 0.00011601877004 0.000288048650612 0.000490131915733 0.000361375729454 0.000132578049267 4.37203373988e-06 2.79187646091e-05 3.18769849958e-05 9.37231335086e-06 0.000181046739242 1.37332006898e-05 7.58931991345e-05 0.000144793115728 0.000558914456905 7.58957528362e-05 0.000434313275551 0.00015302161337 0.000218177362986 0.000125519718928 0.000114619088104 1.80961891764e-05 0.000197528318697 0.000177641609396 0.000168722499662 0.000351345074711 3.20567962275e-05 0.000418301536916 0.000227589260154 0.000427643821877 0.000134472424394 3.37315020844e-05 7.31779116388e-05 6.62443105719e-05 0.000157085643011 2.96243685039e-05 0.000284568000694 0.000331512898984 0.000133314098571 7.35911676813e-05 5.89242540681e-05 0.000172995430866 1.07778454833e-06 9.25282110576e-05 5.24974943919e-05 9.95027365998e-05 4.96893373229e-05 3.3672693844e-05 4.57577634563e-05 6.64493835173e-06 0.000360463406537 0.000199229604099 0.000422548460103 6.00705484069e-05 0.000149103434375 0.000273895873198 0.000162887644146 5.92813992532e-05 3.5330746958e-05 9.32386598343e-05 9.05778244071e-05 9.83506934606e-05 2.17438365243e-05 0.000505272610737 0.000241738419633 0.000316540736624 0.00011701339556 0.000179900929664 8.45805898773e-05 1.09095357375e-05 9.4467315238e-05 0.000181643550717 3.99283291633e-05 4.4284844477e-05 0.000102391002297 0.000132401449239 1.28303582601e-05 0.000118901043138 0.000109767112844 5.55927553981e-05 0.000202695394083 0.000165325448117 2.98273540053e-05 6.86626027167e-05 5.68353590253e-05 5.16210776398e-05 2.68186300182e-05 0.000126670734277 6.89785998309e-05 0.000593979756035 0.000173192193169 0.000418889413674 0.000309697665601 0.000138369875987 4.12910462422e-05 9.794135342e-05 0.000106313061777 0.000257575835816 5.18048643913e-05 0.000208364608774 0.000313786018913 8.07904795992e-05 7.63922606394e-05 0.000116805142468 0.000257759111249 0.000183901132723 0.000210327232406 0.000232127329397 0.000133863091261 0.000267891801023 9.5286716721e-05 5.31029970001e-05 0.000297315792544 0.000106365074847 9.82307382381e-05 8.09325193474e-05 6.6713471723e-05 0.000139337699815 0.00027653578229 0.000214920610923 8.65515947073e-05 0.000138281046797 0.000162185594074 9.85684894755e-05 0.000190960330457 0.000206907508082 0.00020980076208 0.000190792759751 6.19226851225e-05 1.13850000336e-05 0.00029097698785 9.84750714311e-05 4.53038393408e-05 6.59821847207e-05 0.000329467458597 0.000256815625985 0.000327437468422 0.000189452630335 0.000134300674518 2.26913726993e-05 1.29187161466e-05 0.00014455512134 0.000106095526796 1.89657824808e-05 3.77351138256e-05 0.000192809362126 0.000164693453285 0.000144525461675 6.65309390244e-07 5.54766057143e-05 0.000280742061853 1.47103199447e-05 3.38436874991e-05 9.0272523808e-06 0.000107728061481 0.000300090015577 0.000103178469635 0.000129859864156 4.21348164128e-05 0.000113162534774 0.000103683882626 0.000256991900391 3.03661113266e-05 4.59101829372e-05 4.45707075512e-05 0.000129714168531 0.000134932430125 0.000158436234579 2.80209866457e-05 3.90039397102e-05 5.50911302473e-05 5.62220191542e-05 1.70252800578e-05 3.995464398e-05 8.01682207009e-05 5.39116267716e-05 4.62529092112e-05 0.000200017983569 0.000160500398872 6.41572587265e-05 4.88718053976e-05 0.00012467434957 6.43527920277e-05 7.49331554272e-05 8.59779398056e-05 8.74198594299e-05 0.000175474886956 7.41810414971e-05 0.000168890989672 0.000176660356158 2.29633436265e-05 0.000162899590376 0.000148292569833 0.000429138367904 0.000235919066401 7.12101216336e-05 0.000465229420088 4.90113791762e-05 6.8370319046e-05 2.67358941044e-05 8.88252936403e-05 0.000234702024808 9.06347480419e-05 0.000112602024177 8.81986751135e-05 0.000175519389525 6.53800844352e-05 9.32264012538e-05 4.45965980819e-05 0.00019151668463 0.000177918215839 8.47425115416e-05 2.58587352071e-05 7.11675246017e-05 6.95613184728e-05 0.000251446699568 0.000239953297678 7.36295811322e-05 0.000192327800051 3.74747987165e-05 5.70472495566e-05 0.000165254119755 4.08100101549e-05 0.000171043493743 0.000170306535618 0.000139629648696 0.000141708042495 6.65364959734e-05 5.3670925013e-05 5.22760417505e-05 4.4478859539e-05 0.00010094928273 0.000360264968335 5.36847358634e-05 0.000118439565026 5.29715072425e-05 0.000118232711454 2.34775125797e-05 0.000301317709574 3.36739014365e-06 0.000295615707735 6.47804646256e-05 8.7364408774e-05 0.000174772079507 7.32883788309e-05 3.84643228393e-05 4.36549841834e-05 0.000458535402069 0.000124797411082 0.000132791675234 0.000265235925991 3.60649272026e-05 0.000203890416038 0.000133426553706 0.0002227429026 0.000133729057681 8.05879403634e-05 3.65194046551e-05 3.45180425601e-05 1.76876988081e-05 0.000154501026608 1.73710637399e-05 8.76579008438e-05 6.460003143e-05 7.34651643655e-05 0.00049973003684 0.000337128281512 5.11136673693e-05 0.000263567506869 0.000101263210646 0.000435058438573 7.10527413631e-05 9.27966435321e-05 8.91748482657e-05 0.000216306719287 0.000232889643574 0.000171883974782 6.95395912822e-05 0.000166144575503 1.24885651007e-05 7.90250376003e-05 1.93063851426e-05 4.6821824617e-05 8.51729716528e-05 8.34252894662e-05 6.03603038856e-05 4.83118628478e-05 9.07487256333e-07 0.000129659972006 0.000547388943098 3.67986915287e-05 5.89246798462e-05 0.000120854813547 7.48608041183e-05 0.000122424956611 0.00015093434216 8.44739510431e-05 2.3516375002e-05 4.31159531505e-05 0.00020487772235 0.000208547107577 5.66333962324e-06 0.000156388429941 3.08489903914e-05 0.000160770555107 1.48710909296e-05 0.000123925100895 0.000154026825021 0.000102585669199 8.445144712e-06 0.000103769360779 0.000122556968165 4.46775973873e-05 0.000200759170966 5.8053242072e-05 9.56009460599e-05 0.000195986348913 3.63405937107e-05 3.44977737636e-05 7.51149239275e-05 3.70521104338e-05 0.000129954159411 5.23191587498e-05 4.65262377391e-05 0.000145675434218 5.72118067268e-05 2.9732158192e-05 1.75031870372e-05 8.80260337028e-05 0.000116033762641 0.000151996717601 5.5647574856e-05 6.35977626812e-05 8.9467721586e-05 0.000138377702843 0.000147262988294 4.21653592235e-05 0.000122742747247 0.000275633912394 2.69100150783e-05 6.72160041668e-05 0.000197599935955 0.000182282515444 0.00020492529794 0.000147793165845 9.2556510023e-05 0.000119170019232 4.20575925894e-05 8.22796055069e-06 0.000174325832209 8.56285682909e-05 5.61241550691e-05 4.30921468446e-05 9.35069877612e-05 0.000172158091936 0.000484310489973 0.000455024327002 0.000369617430344 4.96501099686e-05 0.000231736011881 0.000114563334899 1.91730998333e-05 3.61223329284e-05 0.000260172825729 6.46958864228e-05 4.45535763104e-05 6.67531591448e-05 6.71561163737e-05 0.000284243723806 0.000412462483848 1.95205811763e-05 3.44989787373e-05 0.000252198499902 0.000137035267577 0.000180122927579 0.000111578219485 0.000130446296365 0.000212052690158 5.96245983902e-05 3.00130258529e-05 9.45723161137e-05 0.000118446515435 9.34641144279e-05 0.000137030664527 0.000231188336696 0.000181690814391 7.02617937685e-05 9.07454051903e-05 2.68906132833e-05 0.000297950270485 0.000182409463171 0.00011890950819 0.000137181555188 9.47272132509e-05 0.000118532034396 2.17305322386e-05 5.02998460296e-05 0.000136049102312 2.99499896643e-05 4.02635223664e-05 0.00021605292926 0.000112517104911 0.000251200009327 2.20538922061e-05 9.77636684881e-05 7.62786197135e-05 7.91684393918e-05 3.90861434658e-05 3.75673621747e-05 0.000280021138024 0.000161209345627 0.000268726604155 7.26787152779e-05 7.39831215677e-05 0.000269695871738 4.22097927623e-05 6.77311122526e-06 0.000167688967869 5.88914344395e-05 8.60096171862e-05 6.47925261376e-05 9.32440740732e-06 4.56379380031e-05 3.47776224219e-05 4.56275161482e-05 4.9143558872e-05 0.000190166111797 6.61308495176e-05 9.71076765542e-05 1.15841533655e-05 5.4789591735e-05 9.39638195977e-05 8.31801080045e-05 5.51746607958e-05 0.000231967657103 0.000148546811783 0.000138042745788 3.89960508797e-05 7.45581729972e-05 5.89421174638e-05 5.73404407449e-05 6.91991886878e-05 1.61008977444e-05 0.000131551206217 6.17497884859e-05 0.000102004501766 8.49455345174e-05 2.96509280373e-05 0.00020325530388 4.42234652518e-05 0.000190033321826 0.000293483973181 0.000240363758621 0.000253331940784 0.000236415707365 5.96957209797e-05 6.97760836155e-05 0.00019775419352 1.77506858049e-05 3.97803765536e-05 0.000115516986796 2.55188858456e-05 5.61234533107e-05 3.55012695623e-05 7.2797722423e-07 0.00016580887463 3.18234610493e-05 0.000151541934296 3.66781780263e-05 0.000237436814888 8.70186137137e-05 0.000159080634789 0.000115505839766 5.9701105503e-05 8.72505909077e-06 2.76001457861e-05 3.76240064475e-05 2.68434968105e-05 6.2442887233e-06 2.20482071582e-05 1.83084679308e-05 7.86492872834e-05 0.000102762569725 4.39723478514e-05 1.67217017397e-05 7.86424057793e-05 1.59725780407e-05 4.15350415937e-05 0.000157769684781 0.000129996003515 4.99583707016e-05 8.86478210354e-05 3.1758207901e-06 1.41194304853e-05 5.41395912834e-05 3.99318398941e-05 5.80200380466e-06 1.21458932015e-06 1.09006826943e-05 1.35734601031e-05 4.18616264364e-05 4.35376904776e-05 8.57400609053e-06 0.000193928950199 6.39134900867e-05 3.98537735093e-05 5.21869999349e-05 3.15590963362e-05 3.48518649776e-05 1.88848488378e-05 1.21096659789e-06 0.000162299480149 0.000140678022296 3.05004974133e-05 7.59486691414e-05 5.06456258154e-05 1.96240036054e-05 2.75047884098e-05 1.88067708703e-05 2.37655388818e-05 2.33646796884e-05 6.11104165572e-05 0.000127707328552 0.000123937656162 4.38809774053e-05 5.16355254005e-05 2.95769757659e-05 1.99324319334e-05 0.000139887579449 1.98159666222e-05 0.000107613765155 0.000180227107436 0.000143619868122 0.000198700211579 4.2884592269e-05 0.000148758140705 6.34883920446e-05 0.000110506878048 1.13987156597e-05 7.24410795336e-05 3.44736211434e-05 0.000104392477261 6.01269872131e-05 6.08917692653e-05 1.22785028984e-05 2.96583167707e-05 6.37908325839e-06 6.56261109875e-05 0.000168074561921 4.30524374337e-05 6.37453005474e-05 0.000139633689221 5.75954432355e-05 7.17454256183e-05 8.74083984845e-05 9.18160765956e-05 3.4409177483e-05 3.01938199379e-05 3.53133406857e-05 5.36935831465e-05 3.19251807336e-06 2.73975411696e-05 1.62389920157e-05 3.81269887972e-05 1.28219341355e-05 3.3852963327e-05 5.35004280711e-06 1.65277594038e-06 2.56494177026e-05 4.80003786839e-05 5.34524835043e-05 9.03244459018e-06 5.48154763754e-06 3.01924102782e-05 2.62414170451e-05 2.09751440543e-05 3.04490623256e-05 2.0341727051e-05 3.6187883392e-05 4.09281898029e-05 4.59464066524e-05 9.79440615683e-06 2.69553834613e-05 8.46326224258e-06 4.06992247489e-05 0.000106011920987 6.33762213658e-05 1.88879836269e-05 3.85298613304e-05 0.000161946000138 2.75546048453e-05 6.3768066463e-06 2.35966641547e-05 1.20384286405e-06 7.01021720969e-05 1.6754110757e-05 2.0661284585e-05 9.99868707157e-06 6.55491836901e-05 1.15474702758e-05 7.90744980968e-05 3.38882521125e-05 9.23756243242e-05 6.84013193957e-05 6.25141141656e-05 5.18580251173e-05 3.85645131715e-05 3.11698529711e-05 1.47314117409e-05 3.77459274967e-05 3.17361163199e-05 3.75675515199e-05 4.41102324122e-06 8.13019987255e-05 8.10334624683e-05 2.19715810513e-06 2.0558926101e-05 3.56246865449e-05 9.74937363313e-06 9.01028295856e-05 5.43524101115e-05 6.39201641503e-05 1.77041455402e-05 0.000191701303343 8.15997678805e-05 3.85965051702e-05 1.03688844224e-05 1.45832229093e-05 4.94520491839e-05 3.02021156385e-05 2.41158438679e-05 6.03704706069e-05 4.34389617424e-05 4.14082968537e-05 2.54167776815e-05 2.54037106525e-05 4.99460258201e-06 5.12938755056e-05 3.42579928689e-05 4.03031884994e-05 7.06502836264e-05 5.05597726828e-05 0.000108920789236 8.43285796012e-05 4.373891928e-06 6.28416773247e-05 1.83139984705e-05 5.94550508052e-05 7.86825927859e-05 2.07752455123e-05 5.51787059866e-05 5.4822593302e-05 8.0988159636e-05 3.2259390927e-05 0.000238836868941 0.000188270407648 0.000196718248133 1.69491147399e-05 5.26149497995e-05 4.94740519716e-05 4.81501424157e-05 2.15808985054e-05 5.54349624805e-05 1.00518468809e-05 4.5697587103e-05 7.08598003988e-06 8.48344853322e-05 9.03453189735e-05 3.01268107952e-05 7.09241951941e-05 5.02850851981e-05 4.88564984189e-05 4.58642795343e-07 1.41407581522e-05 1.78328777134e-05 6.00390261303e-05 0.000145721001769 9.89301530729e-05 3.90138623459e-05 7.84909224961e-06 1.98586862973e-05 3.1713096149e-05 2.84552318148e-05 1.4369061218e-05 1.60388501256e-05 9.80811270496e-07 1.52240589462e-05 3.46304859682e-06 2.98637571202e-05 1.08099520209e-05 3.10441844823e-05 2.92574702667e-05 1.66037543455e-05 3.15614112479e-06 9.04270249243e-05 6.29781526309e-05 2.97863239715e-05 3.3461145697e-05 1.66721418038e-05 8.28829070751e-05 0.00010433072291 6.31669909813e-05 5.42995834531e-06 1.75272945831e-05 2.25308134755e-05 2.3447068106e-05 5.53662694153e-05 0.00011608145309 1.55262151511e-05 5.47352748965e-05 0.000146058594327 4.94790297137e-05 0.000100635603128 3.07534121191e-05 3.01454124384e-05 9.3458602932e-06 4.28433767695e-05 4.60489771229e-05 6.10551937499e-05 2.65265464515e-05 1.44678804054e-05 2.49222415625e-05 2.40418304601e-05 0.00013599541772 0.000127638827646 0.00011854053164 1.43265494966e-05 5.7112032756e-06 1.95539805212e-05 3.15406641546e-05 2.77815820082e-05 1.87821961792e-05 1.74809310842e-05 7.71224746889e-05 8.24253620268e-05 7.24070824356e-05 1.88690996738e-05 1.42005679458e-06 7.62030382919e-05 4.94455174304e-05 0.000180620322461 7.58890762858e-05 0.000142938224068 4.03411842832e-05 5.56325280739e-05 4.34764010821e-05 4.51942097219e-05 3.25482587119e-05 4.58110965063e-06 1.91283660994e-05 2.94690833664e-05 4.22019631379e-05 2.2663090123e-05 2.3987758775e-05 1.05210454773e-05 0.000174247089882 0.000275681492302 2.62117360305e-05 0.000137459856151 0.000124558608544 1.89778029149e-05 7.49204360691e-06 7.63391300837e-05 4.58883406388e-06 1.52518454804e-05 0.000222091379996 4.59411214803e-05 6.22971677663e-05 5.20664049933e-05 0.000102517320764 2.30005716977e-06 1.73420320239e-05 9.19977984973e-05 1.81332154347e-05 1.33909741449e-05 3.29038238281e-05 2.41757081642e-06 7.19185075856e-06 0.00015154633093 3.79350172917e-05 1.55036461533e-05 2.79432983602e-05 2.00559875026e-05 9.32468749149e-05 3.77099817368e-06 3.78316112672e-05 1.73013065384e-05 6.44538166614e-05 6.20713824504e-05 7.89323008309e-05 3.70220119682e-05 2.97990024607e-05 9.43070292446e-05 0.000117185075527 2.50704544384e-05 4.72994831891e-05 8.44953483804e-05 2.00473360084e-05 5.59173491011e-05 0.000207501859624 5.02791898953e-05 5.90737398822e-05 2.91220309068e-05 2.07936379542e-05 0.000137313037719 2.50276072324e-05 2.26255034668e-05 4.16008665804e-05 3.69362715527e-06 3.12662696444e-05 9.6444295521e-05 3.9416309631e-05 2.46626811177e-05 2.67771688356e-05 0.000138055479736 7.62663204528e-05 8.04817892989e-06 0.000144166708266 3.74182359015e-05 1.98539398945e-05 0.000106134926068 2.87963721341e-05 8.05690498577e-05 2.37877080796e-05 5.40457750728e-05 5.76289256288e-05 1.34547715334e-05 7.12299838428e-05 2.02393700363e-05 1.39237075174e-05 9.84084042757e-05 2.69860058586e-05 1.94083458175e-05
</DataArray>
      </CellData>
      <Points><DataArray type="Float64" Name="Points" NumberOfComponents="3" format="ascii">
0.00319027 -0.00374381 0.00208253 -0.00141665 0.00272457 0.00166775 -0.00222559 0.00681854 0.00239882 0.00207936 0.00689398 0.000799569 -0.00509047 -0.00189314 0.00473429 7.00442e-05 0.00430117 0.00213982 0.00329488 -0.00136523 0.0021059 0.00583997 0.0007285 0.00163185 -0.00250323 0.00118449 0.00218204 0.000694701 0.00115277 0.00210855 -0.00502465 0.00312902 0.00210442 -0.00328267 0.00122506 0.00495046 0.00259584 -0.00487576 0.00492133 -0.00478699 -0.00336228 0.00417933 -0.00277607 -0.00156833 0.00323696 0.00124351 -0.000293935 0.00316892 0.00295635 -0.00643106 0.000799466 0.00304307 -0.00297009 0.00468607 0.000524915 8.48008e-05 0.000799478 0.0071907 0.000368867 0.00241018 -0.00421258 0.00583787 0.00292557 0.00468681 -3.82837e-06 0.000799532 0.00708339 0.00129304 0.000799496 -0.00153861 -0.00425755 0.000799367 -0.00320193 -0.00644895 0.000799871 0.00185428 0.00459784 0.00209072 -0.00449895 0.000854103 0.00197129 -0.00149605 -0.000891087 0.00255716 0.000505916 0.00718224 0.000799792 0.00518593 0.00499517 0.00335258 0.000147131 -0.00308383 0.00209984 -0.000138676 0.00154046 0.000799489 0.00090324 0.00269825 0.00351954 0.000914552 0.00452054 0.000799152 -0.00435915 -0.00105566 0.00220056 0.00370329 0.00435155 0.000799609 -0.00173897 0.0054557 0.00141797 0.00196396 0.00692754 0.00316704 -0.00191963 -0.00530495 0.00194675 -0.00577927 0.000960626 0.00409293 0.00633449 -0.00342264 0.0032812 0.00227654 0.00362834 0.00079995 -0.000407713 -0.00558703 0.000799726 0.00421549 0.00514612 0.00208996 -0.00667552 -0.00269813 0.000799688 -0.000313019 -0.00469694 0.00449525 -0.00256333 0.00521154 0.0046144 0.00391514 0.00604259 0.000799506 -0.00161519 0.00579713 0.00346827 0.000494479 0.00118089 0.004861 -0.00147767 -0.00125138 0.00411561 -0.00276832 -0.00018797 0.00433395 0.000496539 -0.00139429 0.00405703 0.00109102 0.00590664 0.00157808 0.00174648 -0.00698524 0.00393712 0.000383643 -0.00398422 0.000799341 0.00709948 -0.00120128 0.00211912 0.00335737 0.00636974 0.00482721 -0.00286132 -0.00313898 0.00352673 0.00477308 0.00159352 0.00079934 -0.00306748 0.00193132 0.00347896 0.00341575 -0.00472106 0.000799936 -0.00126766 -5.3594e-05 0.00121346 0.00154606 -0.00106398 0.00124303 0.00686546 -0.00217098 0.00412423 -0.000903863 0.001185 0.00215854 -0.00109664 -0.00607381 0.0047151 0.00567475 -0.00108709 0.00420783 -0.00601425 0.00125344 0.0022954 -0.00570071 0.00439884 0.00140539 -0.00275815 0.0026505 0.000799618 0.000720809 -0.0059408 0.00187726 -0.00575146 -0.000686356 0.00150557 0.00523652 0.00340028 0.00324169 0.00494261 0.00304568 0.00520861 0.0010012 0.00266287 0.000799604 0.00588906 -0.00214221 0.00539064 -0.000843536 -0.00648412 0.00205053 0.00391384 -0.00312135 0.000799209 0.00270422 -0.00207425 0.00079926 -0.00166529 -0.00246804 0.00210665 -0.00201536 0.00218034 0.00474834 0.00419579 -0.00585151 0.00162762 -0.00169916 -0.00699685 0.000799875 0.000819812 0.00368416 0.0049674 -0.00151108 0.00417105 0.00234626 0.00449883 -0.00364933 0.00308499 0.00689301 -0.00208089 0.00079947 0.00501464 0.00343569 0.000799111 0.00185109 0.00198559 0.00459297 0.00147988 -0.00704642 0.000799332 -0.00548186 -0.0023387 0.00180483 0.00172689 0.003006 0.00218321 -0.00654731 0.00299701 0.0044445 -0.00514379 -0.00503839 0.00217951 0.00444165 -0.00133855 0.00322092 -7.5168e-05 -0.00140206 0.000799936 -0.00414927 0.00344054 0.000799417 -0.00468059 0.00547144 0.000799558 0.0019277 0.00131769 0.00311378 -0.0071953 0.000263762 0.00314433 -0.000518789 -0.00453482 0.0019997 0.00356438 -0.00494727 0.00306717 0.00411366 0.00398809 0.00421751 -0.000757771 -0.00286069 0.000799718 -0.00326284 -0.00432448 0.000799071 0.00460812 -0.00242647 0.00206116 0.00313937 0.00442212 0.00302601 0.00249253 -0.00550692 0.00201982 -0.00318309 0.00490872 0.000799835 0.000372214 -0.00719074 0.00281307 -0.0046834 0.00193287 0.000799832 -0.00698281 0.00175596 0.00103442 0.000982785 0.00541804 0.00473132 -0.00168598 0.000478376 0.00336223 -0.00446479 -0.000247857 0.00516789 0.00550733 -0.0046379 0.00414057 0.00332211 -0.00256838 0.00315979 0.002245 -0.00360665 0.000799499 0.0054925 -0.00285445 0.00079934 0.00693443 0.00194017 0.00225484 -0.00300621 -0.00171682 0.00166132 0.00548713 0.00466118 0.00594045 0.00295278 0.00198329 0.00208148 -0.00245309 -0.00294504 0.000799127 0.00515316 0.00502914 0.000799614 0.000364413 0.007191 0.0042794 -6.38888e-05 -0.000248801 0.00224858 0.0042802 0.000135426 0.00382003 0.00568423 -0.00115464 0.00128992 0.00604907 -0.00057206 0.00567442 -0.00268266 -0.00491265 0.0032972 0.00343265 0.00267645 0.00483104 -2.89057e-05 -0.00312281 0.00450293 -0.000112424 -0.00719921 0.000799843 -0.00479669 -0.00536356 0.00370656 -0.00384999 -0.00309465 0.00163611 0.00297761 -0.000498066 0.000799572 0.00695424 -0.000307599 0.000799936 -0.00710679 -0.00115792 0.000799491 0.00146857 -0.00271912 0.0049055 0.00149278 -0.0041605 0.00209794 -0.00469905 0.00519225 0.0043056 0.00325916 0.00107666 0.000799729 -0.00416477 -0.000996112 0.00378698 -0.0036823 0.00337666 0.00314975 -0.00404687 -0.00409795 0.00286672 -0.00373956 0.00615332 0.00515057 -0.00166928 -0.00154575 0.000799614 -0.000270544 0.00559496 0.000799177 -0.00454677 -0.00558293 0.000799409 -0.00592929 0.00293648 0.000799359 0.00110555 -0.00303248 0.00337942 -0.00424049 0.000601161 0.00383133 -0.00663486 0.00279641 0.00222836 0.00587442 0.00416322 0.00193536 -0.000988962 -0.00542668 0.00324229 0.00600161 -0.00397782 0.00181827 0.00154495 -0.00509308 0.000799427 0.00410987 0.0035359 0.00211428 0.00244291 0.00533642 0.000799707 0.00662439 0.00282209 0.00383138 -0.00719388 0.000254695 0.00154472 0.00655532 0.00295337 0.000799936 -0.00159702 -0.00281133 0.0044503 -0.000574427 0.00458713 0.00357564 -0.00437244 -0.000227131 0.000799628 -0.00279385 0.00517297 0.00258622 -0.00539933 0.00476458 0.00293285 -0.000878777 0.00714656 0.0015998 -0.00303069 0.00653122 0.00375116 0.00544201 0.00244292 0.00197761 0.00106008 -0.00253127 0.000799936 0.00716873 -0.000670134 0.00362669 -0.00352412 -0.00534094 0.00200557 -0.00369764 0.00223753 0.00202668 -0.0048573 -0.0040136 0.000799652 -0.00277602 -0.000389067 0.000799569 -0.00252403 -0.00674372 0.00444731 0.000363793 -0.00619079 0.00406153 -0.00223045 0.00684622 0.000799282 -0.00160901 0.0025452 0.00324508 0.00313715 -0.00648116 0.00321864 -0.00610292 -0.00382061 0.00178476 -0.0035404 -0.00627002 0.00330693 0.0035888 0.00269997 0.000799936 -0.000474317 0.00312313 0.00421285 -0.000314652 0.00166189 0.00356741 -0.000342259 0.00353093 0.00079958 0.00166472 0.00120746 0.000799503 -0.00251904 -0.00383339 0.00212747 -0.000534769 0.00591703 0.00465205 -0.00187548 0.00398714 0.00079943 0.00420849 -0.0015302 0.000799048 -0.00411047 0.00444759 0.00204099 -0.00300797 -0.00209472 0.00472984 0.00139302 0.00422485 0.00357598 0.000571053 0.0071777 0.00239828 -0.00702238 -0.00158988 0.00392975 -0.00352301 0.00627944 0.00155172 0.00513742 -0.00504553 0.00263838 -0.00330542 0.00112052 0.000799657 0.000939005 0.00569991 0.00315713 -0.00586131 -0.00418223 0.00332417 0.00331934 -0.00142878 0.0043567 -0.00173385 0.00141945 0.000799377 0.0037508 0.000168017 0.00208522 0.00202246 -0.00265134 0.00212573 -0.00550205 0.00206386 0.00521795 -0.00413315 -0.00287656 0.00555584 0.00301916 0.00651547 0.00203722 0.00200881 -0.0016879 0.00340246 -0.00538308 -7.00012e-05 0.00293517 -0.00575881 0.00074882 0.000799416 0.00134871 -0.00443459 0.00602001 -0.00647314 -0.00311726 0.00434916 -0.00434892 -0.00182646 0.000798997 0.00215686 0.000228524 0.00196453 -0.000172695 8.64655e-05 0.00380888 0.00385092 0.00608395 0.00333329 -0.000450336 0.00581339 0.00237298 0.00526168 0.00200927 0.00403244 0.00499843 0.000408937 0.00637536 -0.00666393 -0.00272756 0.00280955 0.00478481 0.00119911 0.00273792 0.00516386 -0.00488348 0.000799782 0.00589685 -0.00193866 0.00287261 0.00592003 0.00409934 0.00450713 0.00011287 0.00264459 0.00212981 0.00427978 -0.005791 0.00422203 -0.00481549 0.00191563 0.003125 -0.00381104 0.00417091 0.00836204 0.00293164 0.00336574 0.00667246 -0.00506864 -0.00208013 0.00924958 0.000945775 0.00236165 0.00585729 -0.00151583 0.00548008 0.00590687 0.00134391 0.00435011 0.00632409 -0.0055817 -0.00162885 0.00323495 0.00544942 -0.00470583 0.00642492 5.71264e-05 0.00719988 0.00710709 0.00504493 -0.00513798 0.00956901 -0.0014064 -0.00416308 0.00553337 0.00658045 0.00292193 0.0073651 -0.00652363 0.000208734 0.00813377 0.000499849 -0.00116296 0.00691517 0.00500642 -0.00253757 0.00411667 -0.00701702 0.00158517 0.00503118 -0.00554492 0.00407277 0.00507311 -0.000764402 -0.001533 0.00848053 -0.00201081 -0.00052167 0.00715451 -0.00220573 -0.00330144 0.00851708 0.00563134 -0.000363317 0.00278197 0.000228691 -0.00193182 0.0055393 -0.00139764 -0.00706314 0.00794433 -0.00133058 0.00422326 0.00766629 0.00429171 -0.00099095 0.00669215 -0.00403799 -0.000855141 0.0092486 0.00684145 -0.00224494 0.00942338 -0.00325436 -0.0022961 0.00918689 0.00413702 -0.00531621 0.00574311 0.00560207 0.00185279 0.00604528 -0.00284261 -0.00366512 0.0050367 0.000869748 -0.000148231 0.00566855 -0.000461312 -0.00671536 0.00669454 0.00249799 0.00512232 0.00431308 1.54907e-05 0.00580737 0.00789366 -0.00562088 0.0019736 0.00691862 0.0058603 0.000106002 0.00884487 0.0025709 0.00528644 0.00590265 0.00283744 -0.000323233 0.00330314 0.00717299 0.000632714 0.00809942 0.00184007 -0.00116348 0.00490389 0.0040692 0.00593949 0.00619286 -0.00489278 0.005283 0.00589066 0.000845769 0.00649449 0.00590685 -0.00242909 -0.00519894 0.00485077 0.00230997 -0.00316695 0.00618997 0.00389414 -0.00028332 0.00531433 0.00216203 -0.00401992 0.00753537 -0.00266745 -0.00668852 0.00886297 -0.000992043 -0.00157251 0.00650884 0.000162044 -0.00460202 0.00709479 -0.00461492 0.00324927 0.00608052 0.00337674 -0.0026884 0.00728205 0.00138238 0.00171346 0.0092767 0.0038138 -0.000881318 0.00892576 0.00122166 -0.00562564 0.00859737 0.0069307 0.00195251 0.00516059 -0.000328434 0.00077014 0.00619686 -0.00178585 0.00226857 0.00800413 0.00186935 0.00695328 0.00476634 -0.0022685 0.000516716 0.00596491 0.00340873 0.00480677 0.0071782 -0.00250894 0.00525221 0.00714654 0.000418314 0.00286489 0.00842171 -0.000619572 -0.000597449 0.00529646 0.00121522 -0.00422781 0.00443917 0.00703383 0.00153802 0.00670244 9.78749e-05 0.00374683 0.0071259 0.0050485 0.00153381 0.00751169 0.000125804 -0.00553895 0.0057829 0.00350771 0.00376077 0.00838428 0.00719541 0.000259871 0.00492831 0.00701577 -0.00162077 0.00639873 0.003926 0.00244095 0.00326573 0.00188252 -0.00694985 0.00234398 -0.000530709 -0.00275807 0.00747884 -0.00696728 0.00181747 0.00344933 -0.000575703 0.00717711 0.00563788 -0.00690315 -0.00204745 0.005458 -0.00327787 -0.00180006 0.00637299 -0.00128227 -0.00370431 0.00313421 0.00397221 0.00527815 0.00860091 0.00239122 0.00382072 0.00523695 -0.00413348 0.00251024 0.00452124 0.00135667 0.00561113 0.00874351 0.00300307 -0.00654405 0.00482275 -0.00700858 0.00165285 0.00764609 -0.00323071 -9.65411e-05 0.00280511 0.00199615 -0.00540614 0.0035369 -0.000109547 -0.00340011 0.00607571 0.00272699 -0.00541893 0.00806758 -0.00232142 0.00221615 0.00951012 -0.00407421 -0.00458608 0.0054768 -0.00239415 -0.00679105 0.00229811 0.00638889 -0.00332012 0.00635108 0.00326932 -0.00192556 0.00587651 0.00204061 -0.00110555 0.00648987 0.00458777 4.57523e-05 0.00787759 -0.00274369 -0.00474209 0.00635126 0.00357428 -0.00246162 0.00885345 -0.000595098 0.0044032 0.00516448 -0.0019096 0.00200373 0.00643177 -0.00367179 0.00619355 0.0083378 -0.00626455 -0.00354988 0.00587492 0.00253508 0.000304425 0.00591895 0.00049939 0.00132348 0.00800089 -0.00476365 0.00539883 0.00919532 -0.00594429 -0.000767478 0.00548373 -0.000603756 0.00218407 0.00550132 -0.00700225 -0.00113685 0.00239563 0.00218381 0.00164777 0.00784805 0.000533225 -0.00488687 0.00315133 -0.00349587 -0.00629458 0.00637263 0.00510918 0.00334828 0.00677298 -0.0046067 -0.00480854 0.00815208 -0.000707828 -0.0030849 0.00903481 0.00132134 -0.00707844 0.00925959 0.00109292 -0.00711705 0.0063043 0.00131447 0.00102718 0.00665745 -0.00238374 0.00679404 0.00907205 -0.00377594 0.000341997 0.00648482 0.00272117 -0.00510371 0.00649913 -0.00125175 0.000847457 0.00750043 0.00377514 -0.00377895 0.0059991 -0.00131076 -0.00707974 0.00345999 -0.00719801 -0.000184024 0.00468003 -0.00281478 0.000779827 0.0090065 0.00494419 0.00523482 0.00733104 0.00319528 0.00127983 0.00408832 -0.00523008 -0.00264826 0.00669666 -0.00547424 0.000670433 0.00600277 0.00639604 0.00330699 0.0058232 -0.00390849 -0.00604733 0.00484752 -0.00718508 0.000472591 0.00616766 -0.00555656 -0.00457941 0.00487584 0.00248189 0.00194455 0.00606233 -0.000950392 -0.00466472 0.0089748 0.00708304 0.00129413 0.00371073 -0.00200778 -0.00269889 0.00600029 0.00462679 0.00538713 0.00479914 -0.00419812 -0.00240891 0.00303813 -0.00170876 0.00699525 0.00452338 0.00520527 -0.00358658 0.0053081 -0.00580947 -0.00297584 0.0081508 0.00578452 0.000508685 0.00421624 0.00399637 -0.00423892 0.00448371 0.00529707 -0.00487797 0.00801085 0.000828064 -0.00400006 0.00841854 -0.00659442 0.00289169 0.0060424 -0.00403713 -0.00379146 0.00686462 0.00235035 0.00680567 0.00635308 -0.000813812 0.00715433 0.00319831 -0.00122247 0.00343961 0.00627606 0.00248659 0.00305791 0.00359029 0.00191312 0.000393655 0.00444823 0.00264637 -0.00669648 0.00637424 -0.00266382 0.00333445 0.00719742 0.000704103 -0.00163299 0.00247854 -0.0013328 0.00017954 0.00897155 0.00395474 0.00422603 0.00579132 -0.00228771 0.00391349 0.00372098 0.00132403 -0.00569697 0.00700264 -0.00562321 0.0040863 0.00865942 0.00440682 0.00122092 0.0051308 -0.0021482 -0.00102309 0.00554952 -0.000906305 0.00714336 0.008384 0.00550434 -0.00137037 0.00934512 -0.00312569 0.002774 0.00573463 -0.00584067 0.00421042 0.00663922 -0.000583499 -0.00227126 0.0032679 -0.00115233 0.000836016 0.00482738 -0.00165124 -0.00382737 0.00707862 0.00197223 0.00692506 0.0080697 -0.00179873 -0.00697177 0.00585491 -0.00364223 0.00403023 0.00460955 -0.00703738 -0.0015216 0.00830853 0.00720047 -5.25067e-05 0.00665491 -0.00364787 -0.00620802 0.0100315 -0.00247116 0.006763 0.00591112 0.00693168 0.00194826 0.00897573 -0.00519102 0.00336716 0.00368172 -0.00281657 0.00117488 0.00745654 -0.00215676 -0.00208662 0.00747748 0.00153336 -0.00603709 0.00520806 0.00246117 -0.00387307 0.00350058 0.00495585 -0.00334708 0.00769875 0.00403247 0.00227518 0.00627412 -7.975e-05 -0.00720048 0.00521956 0.00202827 -0.00311138 0.0128404 0.00198196 -0.00692198 0.00781145 -0.00210469 0.00593811 0.0103945 -0.00343105 0.00251287 0.00833568 0.00282811 0.00147318 0.00991851 0.00414782 -0.00398155 0.00892467 0.00150275 0.00634436 0.0113864 0.00691452 -0.00200871 0.0133184 -0.00486985 0.00324888 0.0108589 0.00378515 0.000285105 0.0115946 -0.00502292 0.00515869 0.007635 -0.00455485 -0.00557634 0.0111876 -0.00385478 0.00446447 0.00679064 0.00361853 -0.00186864 0.0118431 -0.00482751 0.00114051 0.0112396 -0.00465007 -0.00162271 0.0119618 0.00359249 0.000899406 0.00696135 -0.00119548 -0.00624736 0.0093057 0.00208585 -0.00605604 0.0117225 0.000986495 -0.00210637 0.010045 -0.0019325 0.000263821 0.0128396 -0.000518739 -0.0056398 0.0119082 -0.000483478 -7.31215e-06 0.0122195 -0.000694482 -0.00716658 0.0114642 -0.00464998 0.000589007 0.00970972 0.00312939 -0.000176737 0.0102112 -0.000692065 0.00366084 0.0123569 -0.00245164 -0.00514904 0.00923989 -0.000880718 0.00327272 0.00941939 -0.00534269 -0.00281696 0.0127696 0.00148759 -0.000176526 0.00769626 0.000357695 0.00719136 0.0106242 0.00308908 0.00650399 0.00914082 0.00435813 0.00404627 0.00970864 0.00626421 -0.00355047 0.0101457 -0.00700364 0.00167285 0.0108015 -0.00508976 7.53108e-05 0.007437 1.0435e-06 0.00444502 0.0105938 -0.00561208 -0.000577371 0.00918713 -0.00477868 -0.00538576 0.00666997 0.00338322 0.00635596 0.00757595 -0.00151706 0.00566637 0.00833087 0.00262053 0.00482038 0.00932388 -0.00473691 -0.00114451 0.00646413 -0.00360964 -0.0062299 0.0123003 0.00343491 0.00467564 0.0108522 -0.0061198 0.00043008 0.0103203 0.000410535 0.000527984 0.0110059 -0.00464461 0.00550269 0.0109832 0.00338939 0.000864724 0.00854977 0.00425699 0.00262344 0.0124734 0.00512973 -0.0050527 0.012666 -0.00450561 -0.00326133 0.011481 0.000169115 0.00237305 0.0102241 -0.00219769 0.00685647 0.00748441 0.0037826 0.00449927 0.0124752 -0.000444367 0.00224192 0.00709222 -0.00704084 0.0015077 0.0123919 -0.000993478 0.000920308 0.0103478 0.00630881 -0.00347026 0.00854331 -5.28304e-05 0.00438148 0.00861611 0.00385945 -0.00448104 0.00743345 0.0018523 0.00386965 0.0127045 -0.0042433 -0.00323468 0.00834994 0.00649469 0.00310792 0.0121666 -0.00242546 0.00678038 0.0128564 0.00217539 -0.00183601 0.00790655 0.00420459 0.00584518 0.0100786 0.00265807 0.006692 0.0124376 -0.00419429 0.00110871 0.0082671 0.00591447 -0.00208268 0.010717 0.00128183 -0.00339444 0.0114346 -0.00321207 -0.00416079 0.0117592 0.00349985 -0.00489947 0.0119396 -0.00276167 -0.004571 0.0132385 0.00100257 -0.00268049 0.0069722 0.000512121 0.00282188 0.0117203 0.00159049 0.0038433 0.0111267 0.00588112 -0.0041543 0.0115765 0.000644587 -0.00241331 0.00850789 0.00716821 -0.000677784 0.00933221 -0.00423312 0.000293344 0.0124634 0.00236841 -0.00134578 0.00942865 0.00467592 -0.00250912 0.00636574 0.00534906 0.00482 0.0125213 -0.00392706 0.00417408 0.00995687 -0.00162811 0.00701354 0.011479 -0.00241337 -0.00591486 0.00748672 -0.00120378 -0.00529958 0.0066404 0.000894154 -0.000908673 0.0089888 -0.00355966 -0.00462902 0.0102697 -0.00664166 -0.000828558 0.00692181 0.00223348 0.000652736 0.0126568 0.00580423 -0.000868125 0.00722749 -0.00208599 0.00112122 0.0114984 -0.00293525 -0.000222061 0.0116827 -0.000101693 -0.00719988 0.0099793 0.00579657 0.000353764 0.0122787 0.00405343 -0.00225372 0.0133336 -0.00223208 0.00357344 0.0119328 -0.00493054 0.00174937 0.0127314 0.000614552 0.00717407 0.00887797 -0.00177707 -0.00216128 0.00978533 -0.00341975 0.0026265 0.0105979 -0.00130293 -0.00333817 0.0129279 -0.00402339 -0.00104659 0.0133156 0.00201956 0.000252085 0.00914237 -0.00585605 -0.000780249 0.0113333 -0.000109454 -0.000155524 0.00799733 0.00201163 0.00435946 0.00781673 -0.000794457 0.00523534 0.0126463 0.00633488 0.00342247 0.00914238 -0.00228167 -0.00108302 0.00871694 -0.00665598 0.00274638 0.00920226 0.00478127 -0.000926002 0.0112792 0.00385988 -0.00175276 0.0102661 0.00146393 -0.00189678 0.0119664 0.00260404 -0.00163511 0.0130576 -0.00583352 0.00422078 0.0117662 0.00469988 -2.58577e-05 0.00994673 -0.00124134 0.00481284 0.00965516 -0.00333159 0.00103251 0.0104991 0.00205041 -0.00288087 0.00911129 -1.25416e-05 0.00523726 0.0063991 -0.000664693 0.00174063 0.00901474 0.00581467 0.00105591 0.0108415 0.00365828 0.00226813 0.00782891 -0.00467413 0.0029404 0.00924771 0.00618066 0.00369393 0.0107114 -0.00592541 -0.00409135 0.00929077 -0.00440328 0.00466738 0.0123256 0.000642349 -0.00717153 0.0123426 -0.000998522 -0.000878327 0.0134585 -0.000308986 -0.0040873 0.0111638 -0.00233363 0.00383205 0.0103253 0.00715962 0.000763493 0.0100262 -0.00361198 0.0062285 0.00993623 -0.00321926 -0.00261777 0.0121816 -0.00254573 0.00425572 0.00589578 0.00418007 0.00586255 0.0117384 -0.00391924 -0.00175231 0.00783753 0.00423133 -0.000714694 0.0127666 0.00018239 -0.00123751 0.0112729 -0.0067061 -0.00262128 0.0094273 -0.00351242 0.00164405 0.0119986 0.00545631 0.00469903 0.00874783 -0.00709778 0.00120917 0.00924247 -0.00381853 0.0061023 0.0067475 -0.00217409 -0.00686457 0.0119913 0.00389543 -0.00605525 0.00714139 -0.000444701 -0.00261945 0.0105423 0.00184837 -0.00582588 0.0101022 -0.00479197 0.00325139 0.0132822 0.00611993 -0.000482725 0.0105246 0.000683194 -0.00367581 0.00997815 0.00284626 -0.00661373 0.00912475 0.000312456 0.000528587 0.00938203 -0.00338776 -0.000245591 0.00792059 -0.00407939 -0.00186551 0.0104879 -0.0054878 -0.001439 0.00784548 -0.00560943 -0.00225541 0.010745 -0.00559571 0.00193256 0.0100813 -0.00579259 -0.00427651 0.00721959 -0.00146845 -0.000444973 0.0110375 -0.00718844 -0.000410992 0.00945023 -0.00480435 0.00312938 0.00766433 0.00483821 0.00131276 0.0090818 0.00106849 -0.000384599 0.0123034 -0.00565584 0.00171606 0.00849711 0.00491551 -0.00281381 0.00970212 0.00275418 0.00343313 0.0101093 0.00148849 0.00296332 0.00723644 -0.00305498 -0.00450996 0.00790318 -0.00110084 0.00711556 0.00997185 0.0030531 -0.000479996 0.0075665 -0.00564713 -0.00446677 0.0108205 -0.0063898 -0.00331859 0.0116506 0.00213528 0.00300149 0.00869894 0.0019912 0.000760185 0.0110797 0.00703197 -0.00154723 0.00799648 0.00104364 0.00373181 0.0096122 -0.00275254 -0.0004 0.0100848 -0.00562023 0.00450091 0.0102048 -0.000871064 0.00714736 0.0129296 0.00387879 0.00255516 0.00938671 0.0034495 -0.00522676 0.00964616 -0.00309405 -0.00312395 0.0105464 -0.000381555 -0.0058005 0.00800356 0.00720016 7.76793e-05 0.0115622 0.00138796 0.00518901 0.010286 0.00718616 -0.000451973 0.0130717 -0.00489639 -0.00527897 0.00965332 -0.00317564 0.00489848 0.0111684 0.000410583 -0.0071889 0.00794924 -0.00403552 0.0019026 0.00672005 -0.00694636 -0.00189587 0.0121252 0.000145336 -0.00551206 0.00977538 -0.00678198 -0.00241938 0.00700913 -0.00123786 -0.00523017 0.0105391 0.00242072 0.00517765 0.0119815 -0.00220734 -0.00685344 0.0103866 0.00300962 0.00654041 0.0108839 0.00322753 -0.00643653 0.0106689 -0.00703229 -0.00154636 0.0105663 0.000658706 0.00717064 0.0124644 0.00123138 -0.0070944 0.0108569 0.00428592 0.00144573 0.0105771 0.00253648 -0.00071516 0.0116018 0.00178933 0.00697446 0.0099448 -5.5187e-05 -0.00280215 0.0120827 0.00663575 -0.00279521 0.011954 0.00474902 -0.00179016 0.00799961 0.00208651 -0.00447019 0.00928721 0.000529375 0.00317888 0.0132792 -0.00171721 -0.00377917 0.0100635 -0.003862 0.00607682 0.0128544 -0.00646999 0.00315918 0.00766786 -0.00458585 -0.00346093 0.00989601 0.00579808 -0.00358131 0.0130676 -0.00177878 -0.00297557 0.0114448 0.00049285 -0.00424078 0.0125396 0.000723517 0.00116182 0.0125202 -0.00235516 0.00362581 0.00873957 0.00141087 -0.000600176 0.0104708 0.00503763 0.00291887 0.00831254 0.00479901 -0.00536791 0.0111328 -3.33614e-05 0.0058497 0.00949864 -0.00043965 -0.000801198 0.00986542 -0.00278161 0.00511555 0.00914146 0.00147634 0.00571253 0.00715167 0.00314277 -0.00352982 0.0100832 -0.00260043 -0.00165779 0.0110613 0.00200038 0.00026996 0.0148245 -0.000384307 -0.00502616 0.0136229 0.0018482 0.0022949 0.0124243 -0.00264422 -0.00669698 0.0167812 -0.0015062 0.000298052 0.0159709 0.00539319 0.00248254 0.0145891 0.00345311 -0.0063183 0.0126769 0.00713873 0.000939691 0.0163653 -0.00578237 -0.00129557 0.0130433 0.00135581 0.00145218 0.0139608 -0.0071996 -8.38467e-05 0.0130536 0.00566457 -0.000631736 0.0135319 -0.0022621 -0.00265683 0.015335 -0.00441671 1.43382e-05 0.0161478 0.000824535 -0.00328994 0.0157497 0.00255587 0.00536033 0.0155065 0.0026889 -0.000777695 0.0158183 0.00321762 -0.00275853 0.0155768 0.000341672 -0.00719207 0.0155274 0.00632014 -0.00344925 0.0145738 -0.00315981 0.00646911 0.0142428 0.0052233 0.00495593 0.0109326 -0.00253449 -0.00130742 0.0127927 -0.00317605 0.00307234 0.0135072 -0.00620971 0.00115351 0.0137115 -0.000447773 0.00383423 0.0147513 -0.00213564 0.00309408 0.014722 0.000332091 -0.0046167 0.0150034 -0.00109555 0.00711635 0.0145152 0.0071717 -0.00063989 0.0161142 -0.00103336 -0.00712591 0.0163622 -0.00324332 -0.00382714 0.0158118 0.00384356 0.00351538 0.0137351 0.00627505 0.00353069 0.0167056 0.00228194 -0.00455041 0.0109636 -0.00316174 0.0064693 0.0114708 0.00209812 -0.00291474 0.0167089 -0.00332853 -0.00515943 0.0146144 -0.00719748 0.000201621 0.0114799 -0.00662769 -0.00281445 0.0137218 0.00137204 -0.000282376 0.0165802 0.000824227 0.000946199 0.0174485 -0.00333766 0.00148228 0.0135807 0.00625937 -0.00115157 0.0119713 0.0056205 0.000888029 0.0140293 0.00209723 0.00286945 0.0139284 0.00434302 -0.00574328 0.0138753 0.00203239 -0.00468167 0.0125382 0.000759824 -0.00227163 0.0133524 0.00127015 0.00466807 0.0161596 0.00447692 -0.00372162 0.0109445 0.00417724 0.00145793 0.0144152 -0.00237726 0.00468627 0.0147978 0.00312938 0.00174369 0.0116412 0.00309393 -0.00337041 0.0116753 0.0056388 0.00187119 0.0127608 -0.00229111 0.00682608 0.0155377 -0.00279246 0.000984744 0.0166294 0.000278935 0.00719504 0.0153537 0.00252407 0.00177016 0.0150094 -0.00206147 0.00217903 0.0126985 -0.000436827 0.00285873 0.0160185 0.00303066 -0.00420647 0.0165683 -0.00491074 -0.00297275 0.0157523 -0.000584479 0.00162385 0.011725 0.00711876 0.00108541 0.0135077 -0.00299837 -2.49808e-05 0.0139964 -0.00141408 0.00260158 0.0107698 0.0021925 -0.00393708 0.0152318 -0.00295221 0.00351064 0.0160327 -0.00265453 -0.00555547 0.011208 0.00432948 0.00575288 0.0133276 -0.000993189 -0.00713127 0.0146483 0.00719979 -5.92543e-05 0.0146226 -0.00168302 0.00578033 0.0138598 -0.00501389 0.00203945 0.0143024 0.00466685 0.00341082 0.0111433 0.000324486 0.00471945 0.0136662 0.000308068 2.5036e-05 0.0136502 -0.000562996 0.00717829 0.0167142 -0.00427603 -0.00387068 0.0145906 -0.0051623 -4.89179e-05 0.0138304 -0.00364255 0.0025534 0.0149464 -0.000880215 -0.00714603 0.0130528 0.00701931 0.00160578 0.0119987 0.00256 -0.0055571 0.0137683 -0.00606572 0.00387947 0.0166458 -0.00513261 -0.00151898 0.0163817 -0.00238902 0.00521702 0.0125236 -0.0011741 0.0018506 0.0150187 -0.00381985 0.00392083 0.0173123 0.00358342 0.00624536 0.0146583 0.000208293 0.00586172 0.0162343 -0.000312661 -0.00457134 0.0164668 -9.69529e-05 -0.00347306 0.01397 -0.00419866 -0.0039123 0.0129935 0.000457309 -0.00718547 0.0139317 0.00202594 -0.00247601 0.0143086 -0.00125488 -0.00230073 0.0141441 0.00699317 0.0017141 0.0149732 0.00436566 -0.000970731 0.0157951 0.00113896 0.00390059 0.0175567 0.00535067 0.0025091 0.0100123 -0.00707835 -0.00131813 0.014064 -0.00356664 -0.00219539 0.0161382 0.00202735 -0.00690868 0.0130985 0.00148159 -0.00100246 0.0140058 0.00502185 -0.00240619 0.0155373 0.00251117 0.00205834 0.0167023 -0.00534899 -0.00481994 0.0123518 -0.00301159 0.00548516 0.0160304 0.0009008 -0.0058509 0.016236 -0.00583066 -0.00420152 0.0137459 -0.00187818 0.00400446 0.0134323 -0.00593943 0.00407069 0.0140376 0.00589369 0.00211533 0.0160635 -0.00284424 -0.00661454 0.0136513 0.00192081 -0.00693951 0.0154972 -0.00165933 -0.00451631 0.0119069 -0.00564615 -0.00267613 0.0173597 -0.00290358 -0.00159722 0.0143219 0.0027444 0.00550849 0.0135128 -0.00627328 -0.00353445 0.0151305 -0.00435687 -0.000362999 0.0109618 -0.007184 0.000480381 0.0161988 0.000838847 -0.00520393 0.0111836 0.00109861 0.005664 0.0149202 0.00548885 -0.00214135 0.0140308 -0.000256499 0.00586757 0.011279 -0.00378148 -0.00612746 0.0158103 0.00684086 0.00224672 0.0105443 0.00385028 0.002126 0.0158302 -0.00343156 0.00464928 0.0135956 0.000521535 -0.000647 0.0152754 -0.00208315 0.00689227 0.0171224 -0.0011531 -0.00163672 0.0120571 0.00665783 -0.00274164 0.0159681 -0.00712553 -0.00103718 0.0156381 0.00440806 0.000866951 0.0129474 0.00343799 -0.00150589 0.0146067 0.00537777 0.00341891 0.0132922 -0.00646229 0.00317609 0.0107309 0.000567994 0.0046096 0.0120888 0.00315748 -0.00352801 0.0138942 -0.00417522 0.00161102 0.016124 -0.00398974 0.00418977 0.0150223 -0.00446528 -0.00469955 0.0164168 0.00504824 -0.00257565 0.0119681 -0.00304258 -0.00306733 0.0137068 0.00312175 0.0018307 0.0132733 -0.00514672 0.00244439 0.0174128 0.000901049 -0.00572506 0.0129753 0.00135976 -0.00412755 0.0138794 0.00424026 -0.00372473 0.0127332 -0.00378849 0.00321918 0.012037 0.00150322 -0.00184281 0.0156815 0.00330822 -0.00639547 0.0149064 -0.00583803 -0.00201857 0.0148628 -0.00162177 -0.00113931 0.0166636 -0.00181988 -0.00388162 0.0143404 -0.00451407 -0.00560933 0.0134649 -0.00175843 -0.00546256 0.0145781 -0.00160189 -0.00104178 0.0150676 -0.000536051 -0.00585136 0.0155334 0.00471797 -0.0035261 0.0142466 -0.00174338 0.00285128 0.0169409 0.00589561 -0.00413418 0.0161676 0.00241955 -0.00226305 0.0107381 0.00445164 -0.000122397 0.0144421 0.00528108 -0.00489433 0.0148544 8.66321e-05 0.000866342 0.0149965 -0.006772 0.00244608 0.0165716 0.00611494 0.00380115 0.0151369 0.000264959 0.00655586 0.0138874 -0.00491437 0.00526228 0.0137417 0.00301509 0.00333895 0.011685 -0.00168183 -0.0057272 0.0130026 -0.00423807 -0.00118062 0.0150993 -0.000482701 0.0054301 0.0148575 -0.00142134 0.00477127 0.0112493 0.00537442 0.0047903 0.0141205 0.0012779 0.00577114 0.0129297 0.00583752 0.000110026 0.0167861 -0.00566681 -0.000485029 0.0152841 -0.00294951 -0.000267551 0.0155765 -0.000689343 0.00121601 0.013268 -0.00450241 -0.0023792 0.0140592 0.00180127 0.00441662 0.0142069 -0.0058146 0.000483216 0.0123135 -0.00669031 0.00266222 0.0139355 -0.00610278 0.00280196 0.012454 0.00303263 -0.00024138 0.0137146 -0.000946946 0.00273309 0.0137038 -0.00150233 0.000396227 0.0143745 0.00348709 -0.00478482 0.0148273 0.00172166 0.00229995 0.010726 0.00509333 0.0008226 0.0155624 0.00304833 0.00390302 0.0150676 -0.00448428 0.00519183 0.0166036 -0.00429904 0.00577597 0.0151261 0.00560096 6.3552e-05 0.0198401 -0.000741512 -0.0033145 0.0154252 0.00659565 0.00288801 0.0187457 -0.00293907 -0.00511238 0.0167147 -0.00269921 0.0046703 0.0192375 -0.00147069 -0.00273094 0.0167238 0.00231113 -0.00541067 0.0197258 0.00095977 -0.0068082 0.0197439 -0.00340716 -0.00386322 0.0200276 0.00354449 -0.00626734 0.0180837 -0.00224347 -0.00111106 0.0200668 -0.000683349 -0.00316814 0.0189975 -0.00137832 0.00567064 0.0161627 -0.00233641 0.00451432 0.017232 -4.93854e-06 -0.00577917 0.0175529 0.00192537 0.00693821 0.0154212 -1.54505e-05 -0.00294087 0.0173545 -0.0061784 -0.00369816 0.0184693 -0.0037388 -0.00450011 0.0181041 -0.00320838 -0.00531109 0.0193771 -0.0030708 0.000240922 0.018159 -0.00574342 -0.000412046 0.0173616 -0.0039566 0.00512329 0.0183581 0.00237438 -0.00543149 0.015777 0.00311999 0.00563096 0.0184932 0.00471256 -0.00289942 0.0186095 0.0023921 -0.000894262 0.0176498 0.00383066 0.00235526 0.0206649 -0.00479957 -0.00109266 0.0199188 0.00586438 -0.00146735 0.0165209 0.0043721 -0.00384813 0.0157747 0.00475803 -0.00148799 0.0176761 0.000667057 0.00112458 0.0192473 0.00304284 0.00652561 0.0164886 -0.00415453 0.000771221 0.014763 0.00379443 0.00298748 0.0171758 0.000638525 -0.00717188 0.0170991 -0.00545884 0.00130714 0.018621 0.004564 0.00355286 0.0154415 0.00107856 -0.00408338 0.017115 0.00529666 -0.00262407 0.0200731 -3.15468e-05 -0.00720022 0.0185512 0.00346408 0.000597388 0.0155591 0.00395368 0.00438195 0.0179415 0.00492584 0.00525178 0.0188671 0.00639604 -0.00330611 0.0174416 -0.00593884 -0.00407071 0.0166001 0.00707345 -0.00134558 0.0175613 0.00342376 -0.00175593 0.0185169 0.00428159 -6.83e-05 0.0171125 0.00133037 0.00118769 0.0159503 -0.00711278 0.000200642 0.0146253 -0.000586539 0.00583313 0.0176219 -0.00413712 -0.00589401 0.0174293 -0.00440138 0.000849155 0.0175119 0.00323782 -0.00315773 0.0192648 -0.00558351 0.00454647 0.0194045 -0.000816572 0.00577798 0.0192298 -0.00162757 -0.00555405 0.0195664 0.00546 0.00176944 0.0188819 -0.00719643 0.000228592 0.0177786 0.00373641 0.00457493 0.0163526 -0.00250004 -0.00198732 0.0176965 0.000273473 -0.00273445 0.0202041 0.00187072 -0.00135881 0.0190885 0.00120376 0.00252918 0.0198357 0.00411019 0.00146283 0.0175427 0.00119648 -0.00588181 0.0145399 0.000554472 -0.00430751 0.0201301 -0.00327771 0.00641098 0.0190214 -0.00699725 0.00169858 0.0151751 -0.00326841 0.00242275 0.0171617 -0.00146131 0.00408572 0.0159633 -0.00597608 0.0011335 0.0170214 -0.000553215 0.00121314 0.0182171 0.000435006 0.00718715 0.0182241 -0.00579934 0.00152113 0.0201692 -0.00655273 -0.0029842 0.0198511 -0.00337101 -0.000833412 0.0170121 0.00482848 -0.00534138 0.0188594 -0.00455727 0.00316437 0.0161113 0.00369521 -0.00468096 0.0179438 -0.00394399 0.000730408 0.0194069 2.82808e-05 0.00327081 0.0190442 0.00488557 -0.00298721 0.0170216 0.0035382 -0.00627092 0.0164843 0.00675289 -0.0024985 0.0187755 -0.00212645 0.000358576 0.019445 -0.00354277 0.00626833 0.0173206 0.00220563 -0.00685438 0.0171497 0.00346061 0.000195068 0.0184595 0.000178801 -0.00214631 0.0148369 -0.000211665 -0.000177881 0.0167808 -0.00545016 0.00470533 0.0154222 -0.00648568 0.0031269 0.0179933 0.00603895 0.00392137 0.0198325 -0.00434716 -0.00184184 0.0177797 -0.000294635 0.00266584 0.0175996 0.00686174 0.00218136 0.0173354 -0.000165124 -0.00171444 0.0163381 -0.00344105 -0.00298473 0.0185194 0.000477988 0.00477698 0.0200959 -0.000530186 0.00138234 0.0166267 -0.00461023 -0.000398776 0.0184903 0.00459558 -0.00130218 0.0195071 -0.00328566 -0.00121699 0.0188578 -0.00266087 0.00126143 0.0150591 -0.00210026 0.00165058 0.0179359 0.00701267 -0.00163332 0.0148704 0.00391339 0.00604367 0.0198198 0.000535603 -0.0021653 0.0187323 -0.000778953 0.00381187 0.0203145 -0.002004 -0.00402643 0.0192771 -0.00591915 0.00306127 0.0152788 0.00244499 0.00364686 0.0165265 0.00579782 -0.000628822 0.0151421 0.00276404 0.00251941 0.0194851 -0.00530071 -0.00487199 0.0178289 0.00264018 0.00155469 0.0182151 -0.00143305 -0.00565355 0.0168431 0.00591465 -0.00410676 0.0204565 0.00719975 9.53778e-05 0.0198805 -0.000197883 0.0044524 0.0168733 0.000631723 -0.000501827 0.0181008 -0.00717987 -0.000541477 0.0210862 -0.0017761 -0.00446503 0.0158288 0.00189674 0.00694597 0.0138216 -0.00221162 -0.00513106 0.0181389 0.00279539 0.000514606 0.0170096 0.00245941 0.00314009 0.0180432 -0.00404706 0.00204955 0.0185078 0.00245563 0.00515036 0.0171195 -0.0026383 -0.00365614 0.0173068 -0.00554677 0.00109785 0.0154806 0.000999926 0.00258065 0.0166639 -0.00245238 -0.00676971 0.0151945 0.00538789 0.00246828 0.0203188 0.00105498 0.0071222 0.0167508 0.00670661 0.00262063 0.0136867 0.00445637 0.00370006 0.0199017 0.00221515 0.00685078 0.0178186 -0.00418944 -0.00330058 0.0171417 0.00472402 0.00543381 0.0154328 -0.00209245 -0.00243235 0.019178 0.00120498 0.00709861 0.0203429 0.00221234 -0.00685174 0.0187496 -0.00676012 -0.00247826 0.0162287 0.000578347 -9.47982e-05 0.0211582 0.00343212 -0.00312569 0.0176774 -0.00110847 0.00395293 0.0180903 0.000524655 0.001468 0.020821 0.000291987 0.00241736 0.0146652 0.00534145 0.004828 0.0167786 0.00212568 -0.00526953 0.0173492 0.00111798 -0.00179219 0.0172899 -0.00487684 -0.00529774 0.0149916 0.00111697 0.00229631 0.0182553 -0.00708806 -0.00126677 0.0172205 0.00212708 0.00520583 0.0198995 -0.00716582 0.000705604 0.0200082 0.00144123 0.00332017 0.0153157 0.00684001 -0.00145954 0.0199886 -0.00494958 0.00270499 0.0208286 0.00529673 0.00253471 0.0174869 -0.00113713 -0.00402116 0.0177225 0.00586445 0.00417716 0.0181432 -0.00158689 0.000181731 0.0175644 0.00205939 0.00119132 0.0200315 -0.00269876 -0.00667528 0.0200392 -0.000273785 0.00719481 0.0197397 -0.00471686 -0.00374156 0.0191174 0.00482915 -0.00534026 0.0163226 -0.00587255 -2.11747e-05 0.0194096 -0.00613287 0.00377261 0.0206922 0.00343764 -0.00177552 0.0168196 -0.00235895 0.00215941 0.0221567 -0.00273237 0.00183865 0.0193933 -0.00100111 -0.00442942 0.0205163 0.00217729 -0.00575601 0.0217171 0.00146136 0.00301135 0.0228852 -0.00385091 0.004441 0.0222157 -0.00541632 0.00474448 0.0178244 0.0014617 0.00397641 0.0191213 0.0055008 -0.00119483 0.0208227 -0.00389868 -1.84175e-05 0.0236833 0.0034147 -0.00170143 0.0230246 -0.00419893 0.0014851 0.0241388 0.00306405 -0.00175947 0.0200758 0.00268989 -0.00306848 0.0224144 0.00303993 0.00297404 0.0231424 -0.00302031 0.00438465 0.0207784 0.00275444 0.00628994 0.020895 0.0033723 -0.00405272 0.0234751 0.00449718 -0.00403334 0.0197187 -0.00375672 -0.00230497 0.019932 -0.00492861 0.0046547 0.0233889 -0.00684212 -0.00224294 0.0184633 0.00347785 -0.000131753 0.0233261 -0.000433991 -0.00472307 0.0224363 -0.00229004 0.000644675 0.0215194 0.00401383 0.00597743 0.0238337 0.00124984 -0.00119854 0.0245131 2.30861e-05 -0.00164285 0.0213489 0.00189336 0.000210538 0.0187786 0.000679563 -0.0055765 0.0232049 -0.000155835 -0.00719853 0.0208224 0.00511036 0.00507051 0.0204457 -0.00327273 -0.00384856 0.0216214 -0.00447687 0.00563918 0.01978 -0.0036344 -0.00524754 0.0223078 0.00476739 -0.00090551 0.0227123 -0.00629058 -0.000196107 0.0224489 -0.00497469 0.000272341 0.0207346 -0.00370198 0.00169719 0.0206583 -0.00335603 0.00637008 0.0243085 0.0018914 3.44247e-05 0.0231297 -0.00341534 0.00451339 0.0238886 0.00296609 -0.003161 0.0208413 0.00360371 -0.000154044 0.0200141 -0.00532546 -0.00226933 0.0189711 -0.00180513 -0.00150834 0.0233258 0.00523909 -0.00445539 0.0175906 0.00173833 -0.00324587 0.0198148 -0.00119736 0.00226177 0.0192387 -0.00223214 0.0032813 0.0199089 -0.00188428 0.00544686 0.0203744 0.00338116 0.00423695 0.0240629 -0.00682433 0.00229541 0.0226843 0.000234586 0.00719624 0.0216109 -0.00052889 0.00291801 0.0233072 0.00132988 -0.00303018 0.0214663 0.00503691 0.00030939 0.0237175 -0.00567839 -0.00106693 0.0212548 0.0071495 -0.000852686 0.0214361 0.00346215 0.00471768 0.0206332 -0.00201964 -0.00461448 0.0222551 0.00444751 0.00373359 0.0229824 -0.00076779 0.00239856 0.0218134 -0.00178945 0.00191271 0.0206828 -0.000322239 0.00401923 0.0244493 -0.00145562 -0.00627938 0.0209817 0.00219251 0.00364642 0.0205056 0.00125117 0.00571096 0.0211395 0.00465141 -0.00351229 0.0212366 0.00415191 0.00268362 0.0187048 -0.00460921 0.00425921 0.0206405 0.00599669 0.00178877 0.0216758 -0.000285303 -0.00628797 0.0221319 0.00436564 0.000757401 0.0223365 -0.00073495 0.000928095 0.0199918 0.00706855 0.00136999 0.0189226 -0.000934665 -0.00331474 0.0230069 -0.00533443 -0.000284639 0.0243371 -0.00345726 -0.000216452 0.0206008 0.00486509 -0.00486502 0.0220639 -0.000155331 -0.00574076 0.0201635 0.00691649 0.00200222 0.0203843 0.00177982 0.00697671 0.0219628 -0.00206368 0.00573615 0.018228 -0.000144888 -0.000623199 0.0239805 -0.00270349 -0.00243768 0.0211279 0.00181054 0.00430054 0.0237655 -0.00618019 0.00369455 0.0231169 0.00530814 0.000293338 0.0182845 -0.0012123 -0.00709755 0.0196254 0.00196131 -0.0027436 0.0182934 0.00716156 0.000744356 0.0213422 0.0021934 -0.00685785 0.022877 0.00186618 -0.00366848 0.0238521 -0.00443369 0.00567329 0.0213786 0.00105278 0.00575954 0.0175893 -0.00569203 -0.00440964 0.020195 0.00596903 0.00402665 0.0225839 -0.00102953 -0.00493078 0.0239066 -0.000353956 -0.00487496 0.0188259 0.00700865 -0.00165027 0.0241541 0.00553875 -0.00230933 0.0219697 -0.00186395 0.00350597 0.0214493 0.00372329 -0.000494286 0.0215726 -0.000697013 0.000774813 0.0215864 -0.00502438 -0.00515714 0.0230949 -0.00688366 -0.00211305 0.0211516 0.00119389 -0.00562336 0.0186007 0.00142877 -0.0016969 0.0205878 0.00595139 -0.00111739 0.0186784 0.00544912 -0.00404319 0.0234739 0.00416706 -0.00198809 0.0212117 -0.00512592 -0.00401599 0.0242788 -0.00513698 -0.00279871 0.0205722 0.0063413 -0.0011846 0.0227763 0.00493964 0.00523882 0.022758 -0.00226092 0.00232016 0.023745 -0.00196322 0.00692735 0.0197729 -0.00117857 0.00572667 0.0221172 0.00217247 0.0068648 0.0237472 -0.00247903 -0.000939105 0.0216401 0.00265098 -0.00168058 0.0216194 -0.00392374 0.000598398 0.0218959 0.000946445 0.00601952 0.0191904 0.00142141 0.00422926 0.0217804 -0.00603695 -0.00392496 0.0229673 0.00250121 -0.000190997 0.0245914 -0.00708824 0.00126493 0.0254956 -0.00480362 -0.00536357 0.0192677 0.00427466 0.00234872 0.0222013 0.00305459 0.00407252 0.0192274 -0.000126582 0.00456962 0.0215626 0.00418787 0.00585746 0.0214889 -0.00518529 0.000746616 0.0231186 -0.000882326 -0.000517284 0.0206613 0.00193253 0.00545809 0.0226682 0.00341349 -0.00633976 0.0239427 -0.00448247 -0.00371118 0.0226583 -0.00408578 -0.00151857 0.0212859 0.000692322 -0.00523831 0.0214239 -0.00125349 -0.00709021 0.0239252 0.00364339 -0.0062108 0.0212667 0.000766242 -0.00374663 0.0186471 0.00665316 -0.00275307 0.0209112 0.00321216 0.000950009 0.0211136 -0.00700266 0.00167719 0.0184291 -0.0067246 -0.00132621 0.0197684 0.00716398 0.000233605 0.0178006 -0.00720004 -6.18351e-05 0.0246088 0.000452526 0.00315079 0.0211037 -0.00115252 0.00710749 0.0184056 0.00486398 0.00384308 0.0214418 -0.000757101 -0.000234101 0.0188675 -0.00375718 -0.00292215 0.0238455 -0.00119956 0.00423971 0.022706 0.00172775 0.00084171 0.0217584 -0.000614892 -0.00147549 0.0178605 -0.00625863 -0.00355969 0.0214259 -0.00679809 0.0023722 0.0210865 0.000318286 0.000222172 0.0227042 0.00349589 -0.00461807 0.0212518 -0.000738889 -0.00167351 0.0195651 -0.00713918 0.00093498 0.0217005 -0.0012942 -0.00285685 0.0204977 -0.00407184 -0.00593811 0.020569 -0.00322937 0.0064354 0.0206202 -0.000859372 0.00714866 0.0227772 -0.00249997 -0.00495885 0.0207678 0.00404727 0.00128464 0.019473 0.00420865 -0.00118425 0.0243134 -0.00473688 0.00349179 0.0185505 -0.00552217 0.00462031 0.0219037 0.00421028 0.00584166 0.0173415 0.00194983 -0.00439496 0.0209076 -0.000350494 0.00596976 0.0207664 0.000584198 0.00176819 0.0223912 -0.00557218 -0.00159805 0.0234551 0.0037214 -0.00616395 0.0196699 0.00236214 -0.00680192 0.0205134 0.000204258 0.00477142 0.0185196 -0.00153144 -0.00703525 0.0178799 0.00127248 -0.00110216 0.0221892 0.00640707 -0.00328479 0.0245068 0.00253333 0.00142418 0.0248915 0.00245357 0.00676918 0.0193985 -0.0038023 0.00301637 0.0197586 0.00394014 0.00182212 0.023792 0.00603604 -0.00392525 0.0188721 0.00217129 -0.000285706 0.0207139 -0.0014069 0.00706177 0.0212667 0.00229022 -0.00427956 0.018595 0.00484519 0.00105688 0.0208405 -0.00408201 0.00305841 0.0238428 0.000534031 -0.000712199 0.0196834 -0.00547526 0.0014964 0.0217356 -0.00299261 -0.00654862 0.0183356 0.000639429 -0.00717182 0.0230925 -0.00289017 0.00329023 0.0184511 -0.00464022 0.00550584 0.0247125 -0.000234952 -0.00339272 0.0215704 -0.00664416 0.00276736 0.019544 0.000307366 0.0019844 0.0255548 -0.00710788 -0.00114974 0.0234396 0.00664809 0.00276598 0.0232972 0.00327494 -0.00498032 0.0247745 0.00440743 -0.00324027 0.0243846 -0.00371648 0.00316578 0.0263193 -0.00226341 0.00549936 0.0233778 -0.000516324 -0.00261873 0.0274504 -0.00386868 0.00200184 0.0226611 0.00340575 0.00486597 0.0224712 0.00470381 -0.00545132 0.0236186 -0.00351724 0.00304566 0.0214992 0.00480305 0.00297434 0.0274187 0.00117673 0.00607384 0.0261425 -0.00131189 -0.00707974 0.0255238 -0.00486601 0.0032115 0.0223434 -0.000321954 -0.00337283 0.026053 0.000658565 -0.00321396 0.0229067 -0.00087304 0.00166046 0.0270081 0.0051888 0.00430386 0.0282207 -0.0032178 -0.0047628 0.0262643 0.000624316 0.00256944 0.0270129 0.00245355 -0.00145015 0.0255763 -0.00100782 0.00238482 0.0247371 0.00176048 -0.0021284 0.0233155 -0.00228485 -0.00371527 0.0254952 -0.00243417 -0.00511787 0.0247401 0.00609165 -0.00383845 0.0220233 0.00105573 0.00574709 0.0239981 -0.00407364 9.83841e-05 0.025269 -0.00190094 0.00694459 0.0239742 0.000774726 0.00715835 0.0272476 -0.00189054 0.00409606 0.0241417 0.0063732 0.0033504 0.0247608 -0.00326907 0.00641514 0.0274841 0.00481717 0.00316309 0.0244303 0.00716525 0.000707799 0.026296 -0.00387513 -0.0041034 0.0275654 -0.00512316 -0.000241157 0.026993 -0.000701873 0.0053845 0.0237067 -0.00590419 0.00412111 0.0246338 -0.000986136 -0.000650858 0.0222521 0.00719926 -0.000111446 0.0235958 -0.000722043 0.000116132 0.0266183 0.00558406 0.00454529 0.0240475 0.00529283 0.00158572 0.0267933 -0.00507577 -0.00510655 0.0214966 -0.00234552 -0.00249388 0.024464 0.00538967 -0.00477428 0.0248957 0.00137254 0.00477546 0.025229 -0.00517806 -0.00237703 0.0221147 -0.00196263 -0.000152554 0.0256441 0.00611524 0.00380106 0.0270174 0.00344 -0.00541412 0.0226384 -0.000118089 -0.00611184 0.0244844 -0.00438528 0.00397903 0.0251152 0.00424892 0.00506145 0.0251242 -0.000869803 0.00459243 0.025839 -0.00274471 0.00553788 0.0218525 -0.00543783 0.00227733 0.023509 0.00666221 -0.00273166 0.0230274 0.00519634 -0.00498385 0.0267013 -0.00476521 -0.00334137 0.026476 0.00495164 -0.00218277 0.0267316 0.00239424 0.00478637 0.0275375 -0.00674569 -0.00251739 0.0226929 0.000394183 0.00419451 0.0230289 -0.00223013 -0.00580112 0.023307 0.00613858 -0.00376341 0.0271277 0.00585154 9.81091e-05 0.0269759 0.00531438 0.000455339 0.0255118 -0.00689259 0.00208197 0.0268569 -0.00274452 0.000879305 0.023035 0.0042981 -0.00299713 0.0227091 0.0018268 0.00240803 0.0214496 -0.00667438 -0.00270122 0.0257187 0.000111981 -0.00114744 0.027431 0.000719998 0.00716466 0.0231484 -0.00500091 -0.00262747 0.0250637 0.00718773 -0.000424145 0.0251659 0.00708258 0.00129501 0.0228421 0.000814875 0.00289872 0.0243442 0.00296571 -0.0011109 0.0270534 -0.000360364 0.00719104 0.0243282 0.00159866 -0.0044319 0.022468 -0.00274812 -0.000839868 0.0244316 -0.00197758 -0.00278746 0.026763 -0.00159121 2.23789e-05 0.0237387 0.00329834 0.00349566 0.0216524 0.00693676 0.00192913 0.0273037 -0.00189399 0.00592106 0.0267191 -0.00122553 0.00137747 0.0229709 -0.00495573 -0.00521537 0.0263119 0.00255455 -0.00660985 0.0252648 -0.00389569 0.0060552 0.0228359 0.00383019 -0.00226491 0.0255834 0.0064143 0.00327182 0.0212455 -0.00301015 -0.0065408 0.0216028 -0.00219171 0.000580181 0.0270479 -0.00175086 0.00554558 0.0249036 0.00084912 0.00054952 0.0260081 0.0061648 -0.00121085 0.0261115 0.00413044 0.00205537 0.0253631 -0.00278559 0.00080203 0.0246324 -0.00530774 -0.00182858 0.0270648 -0.00334424 -0.00131762 0.0229324 0.00388815 0.000578871 0.0247973 0.000186213 -0.00238867 0.0243917 0.00540986 0.00176262 0.0231636 0.00029987 4.73101e-06 0.0285247 -0.00263212 -0.00670194 0.0246382 0.00535448 0.00292303 0.0259178 -0.000356716 0.0046803 0.0278326 -0.00128627 -0.00135287 0.0248311 0.00220459 -0.00685456 0.0279574 -0.00672527 0.00257175 0.0283704 -0.00711987 -0.00107159 0.0262018 0.00238898 0.00302074 0.0246029 0.00538142 -0.00226229 0.025193 0.000389897 -0.00422417 0.0241178 0.00102415 -0.00411488 0.0256093 0.00709204 0.00124262 0.0244411 -0.000126834 -0.00577908 0.0265239 -0.00169516 -0.00699808 0.0223905 -0.00604022 -0.00391922 0.0272512 0.00165816 0.00157226 0.0235605 0.00295484 -0.00257778 0.0242814 0.00130327 -0.00554697 0.0249531 -0.00182031 0.001438 0.0257383 0.00118834 -0.00710149 0.0245933 -0.00335093 0.00122099 0.0261505 -0.00173147 0.00411412 0.0271 -0.00421983 -0.0014595 0.0242987 -0.00569842 0.00123225 0.0246922 -0.0063623 -0.00140619 0.0248328 -0.00224161 -0.00390418 0.023716 -0.00265685 0.00357642 0.0228369 -0.00014171 -0.00182892 0.0229293 -0.000968163 0.00303627 0.0261975 0.0006319 -0.00717226 0.0276682 -0.00680805 -0.00234413 0.0272719 0.00423458 -0.00582342 0.0257374 -0.00682086 0.00230699 0.0243119 0.00652292 0.00304858 0.028369 -0.00320438 0.00235938 0.0250362 0.00369819 0.00359031 0.0254912 0.00259664 0.00554484 0.0245443 -0.00370392 -0.00454931 0.0237768 -0.00457336 0.00556127 0.0271246 0.00158562 -0.00270639 0.025099 0.00285772 0.00123442 0.0274554 0.0056425 0.0044727 0.0256444 0.00575452 9.31988e-05 0.0217373 -0.000844588 -0.00715052 0.0270523 0.00389466 -0.00202085 0.0279849 0.00695516 -0.00186226 0.0273405 0.00501415 -0.0031585 0.0280912 0.00219875 -0.00533501 0.0236445 -0.00381201 -0.00102394 0.0281082 -0.00714919 0.000854144 0.0232982 0.00317118 0.00646454 0.0225639 -0.00138643 0.000991673 0.0283678 0.00378907 0.00413585 0.0269923 0.00123248 -0.00708731 0.0216093 0.00101709 0.000381954 0.0244261 0.00293309 0.00147336 0.0225991 -0.00341882 -0.00633698 0.026465 -0.00135451 -0.00218947 0.0219504 -0.00105097 -0.00153413 0.0264029 0.00573227 -0.000808916 0.0246248 0.00479772 -0.00536877 0.0205468 -0.00472785 -0.000657727 0.0224742 -0.000298138 0.00581148 0.0267033 -0.000984103 -0.00345958 0.0245993 0.00204352 0.00349529 0.0260911 0.00529834 -0.00212436 0.0236016 -0.00630175 -0.0029133 0.0241777 7.04417e-05 0.00155509 0.0238917 0.000358948 0.00572293 0.0225583 -0.00460263 0.00398102 0.0273723 -8.50162e-05 0.00581833 0.0251176 0.00563322 0.00182395 0.024747 0.000894426 -0.00343649 0.0270954 -0.000125777 0.00719898 0.0259257 0.00252467 0.00674342 0.0256011 7.61445e-05 -0.000776476 0.0255573 -0.0038603 -0.00373854 0.0252172 -0.000657751 0.000567381 0.0249183 -0.00375966 -0.00614104 0.0236289 0.00245151 0.000353041 0.0260951 -0.00482193 0.00244651 0.0252552 0.00396042 0.000802623 0.0263797 0.00112105 0.00711235 0.0249271 0.000479096 0.00356099 0.025763 -0.000211136 -0.00449807 0.0275523 0.00382798 0.00609829 0.0262675 0.00175748 0.00186661 0.0284299 -0.00234145 0.00358722 0.0255899 -0.00265663 -0.00274281 0.0226974 -0.0016701 0.00700384 0.0255564 -0.00543333 0.00472464 0.0260663 -0.00161723 -0.00434517 0.0268054 -0.00352578 -0.00238706 0.0268113 0.00316498 -0.00646726 0.0267378 -0.000824882 -0.00478174 0.0254861 -0.00253636 -0.00163764 0.0258018 -0.0046764 -0.00547469 0.024758 -0.00607644 5.06918e-05 0.0257419 0.00658439 -0.00291345 0.0316245 -0.00678402 -0.00241227 0.0306209 -0.00598574 -0.001845 0.0285497 0.00423478 0.000507212 0.0298751 0.00180273 -0.00210665 0.0299719 0.00178627 0.000382852 0.0290456 -0.000623611 0.0054233 0.0304586 0.00442622 0.000719205 0.027908 0.00686479 0.00217135 0.0257239 -0.00460873 -0.0033941 0.0309725 0.0020803 0.000171438 0.0315299 0.00720007 3.63358e-05 0.0293946 -0.0021333 -0.00687712 0.0279598 -0.00478925 -0.00116734 0.0293668 -0.00423321 0.00582418 0.029838 -0.00268102 0.00416486 0.0291652 -0.00425472 -0.00362697 0.0293595 0.00141137 -0.00418185 0.0284134 -0.00519574 -0.00147232 0.0309084 0.00214105 -0.00249794 0.0267436 -0.00455206 0.00179067 0.0294473 0.00152109 -0.00553646 0.029345 -0.00387749 -0.00225919 0.0300986 0.00179831 0.0031245 0.0313252 -0.00615764 0.00373214 0.0270911 0.00362355 -0.00391998 0.0283051 1.36545e-07 0.0057009 0.0290118 0.000335197 0.0027337 0.0305166 0.00117593 -0.0010222 0.0309674 0.00556623 -0.00161574 0.0280953 0.00513413 0.0025448 0.0304489 0.00656531 -0.00295588 0.0284412 -0.00338916 0.00109116 0.030352 0.00337165 -0.00636203 0.0289424 0.00396651 -0.00249938 0.0309467 0.000929344 0.00521576 0.0307829 -0.00286806 0.00286471 0.0300785 0.00425949 -0.0050622 0.0292286 -0.00312361 0.0048961 0.0270019 -0.000592084 -0.00405578 0.030293 -0.000441417 0.00718659 0.0299875 0.00315609 0.00346578 0.0295412 -0.00189318 0.00407385 0.0305546 0.00119501 0.00577927 0.0279509 -0.000126661 -0.0056881 0.0317109 0.00450884 -0.000731178 0.0272377 -0.00511736 -0.00505614 0.0278956 -0.00130986 -0.00271634 0.0308953 0.00669485 -0.0014715 0.0292197 0.00461072 0.0030458 0.0290225 0.00387412 -0.00407332 0.0305577 0.0023762 -0.00661298 0.0301695 0.00389065 -0.00605835 0.030425 0.00020545 0.00156525 0.0281858 0.00710516 0.00116686 0.0305226 -0.00575666 -0.000263942 0.0284619 0.000659737 0.00302927 0.028644 0.00281675 0.00159044 0.0315875 -0.000676196 0.00311431 0.0277682 0.00383987 -0.000678009 0.0257855 -0.00234593 0.00250239 0.0268106 -0.00376872 0.000450848 0.027489 0.00516929 -0.00501225 0.0305437 -0.00113997 -0.000663237 0.0283014 -0.00184559 0.00168293 0.0297357 0.00546718 -0.00468528 0.0282496 0.0025206 -0.00529392 0.0281094 0.00284058 -0.00361776 0.0254918 0.0023388 -0.00288472 0.0282831 -0.000441431 -0.00599105 0.0280782 0.00583319 0.000169698 0.0285739 0.0019185 0.00326463 0.0276692 -0.00364856 -0.00458312 0.0304897 0.00543986 -0.00190497 0.0307412 -0.00265052 0.0054242 0.0301513 -0.00315071 0.00495437 0.0254034 -0.00214719 -0.00406055 0.0306683 -0.00149364 0.00617189 0.0293376 -0.00241095 -0.00301126 0.0294897 -0.00112566 0.00453338 0.0292277 0.00331231 0.00263679 0.0281819 -0.00389362 -0.00605663 0.0281426 -0.00260199 -4.14049e-05 0.02849 0.000900832 0.00466256 0.0268437 0.00394912 0.00602041 0.0294617 -0.0014174 -0.00481602 0.0285539 -0.0025523 0.00193667 0.0314217 -0.00100359 0.00712987 0.0272721 0.00309682 0.00371521 0.0322826 0.00425741 -0.00580644 0.027702 -0.0059137 -0.00410758 0.0256678 -0.000416207 0.00398921 0.0311639 0.00564121 0.00447425 0.0310903 -0.00719677 0.000221311 0.0289623 0.00486763 -0.00361776 0.02587 -0.00373827 0.0052139 0.0284444 0.00145469 -0.000790145 0.0266382 -0.00162853 -0.00701348 0.0301276 0.00119893 -0.0051362 0.0271473 -0.00053089 -0.00718044 0.0312793 -0.00498772 -0.0030333 0.0280674 -0.00690099 0.00205349 0.0315116 -0.00531128 0.00486159 0.0285043 -0.00312778 0.00143485 0.0288117 0.00561949 -0.000490471 0.0300154 0.0016509 0.0042928 0.0288653 -0.00693615 0.000903572 0.0303858 0.00280045 0.00490145 0.0259945 -0.00255585 -0.00538135 0.0275825 0.00151793 0.00597789 0.0295052 0.00237941 -0.00402936 0.0271402 0.000772018 -0.00325521 0.0295498 -0.000636742 -0.00344427 0.0288153 -0.00718768 0.00042163 0.0268514 -0.00373375 0.00205009 0.0274654 -0.00196711 -0.00575326 0.026132 0.00160094 -0.00244391 0.0315652 -0.00123491 0.00264731 0.0308567 -0.00501178 -0.00113975 0.0256515 -0.00425619 0.00388964 0.0292123 0.000677566 0.00716817 0.0288444 0.00106312 0.00712117 0.0305278 0.00364381 0.00459425 0.0285179 -0.000385886 -0.00719003 0.0291355 0.00182319 0.0018139 0.0262708 0.000107429 -0.00483485 0.0290834 1.30941e-05 -0.00602127 0.0301524 -0.00614819 0.00374705 0.0292897 -0.00578529 0.0011237 0.0275011 -0.00279096 -0.00142345 0.0292734 -0.00202584 0.00251014 0.0283781 0.00138651 0.000608746 0.0275134 -0.00313348 0.00349926 0.0277827 -0.0041625 -0.00212203 0.0319427 0.00238995 -0.0052302 0.0260834 0.00326974 -0.00295898 0.0295819 -0.0051113 0.00255179 0.026825 0.00719261 -0.000330202 0.0277357 0.000243269 -0.00719613 0.0258804 0.00302082 -0.00142869 0.029187 0.00246064 0.00633619 0.0271465 0.00312235 0.00130356 0.0290459 0.00182329 -0.00105621 0.0281722 -0.0029332 -0.00657552 0.029312 -0.00152644 7.14888e-05 0.0296692 0.0027076 0.00667169 0.028691 0.00509543 -0.00373709 0.0295805 0.00517275 0.00500847 0.0296569 0.00668284 0.00267961 0.0308274 -0.00440535 -0.000128808 0.0305482 0.00577355 0.000898559 0.0313677 -0.00603133 0.00131186 0.0290708 0.0032182 0.00252978 0.0265886 -0.00716833 -0.000674694 0.0310371 -0.0020802 0.00525772 0.028163 -0.00370884 -0.000823846 0.0265242 -0.0017204 -0.000692137 0.0316204 0.00448068 0.00563605 0.0313869 -0.00599941 -0.00398101 0.030442 -0.00714727 -0.00087045 0.027794 0.000639342 -0.00210808 0.0262417 -0.0051485 0.00284084 0.028398 -0.00229995 -0.00101536 0.0272573 0.00311042 -0.000106706 0.0282904 0.00545439 0.00185793 0.0283615 -0.00627972 0.00296019 0.0256684 0.00703518 0.00153179 0.0288503 -0.00302747 0.00653275 0.0290611 0.00156492 -0.00656196 0.0265207 -0.00595617 -0.00404273 0.028844 -0.00440346 0.00297265 0.030515 0.00276942 -0.00454856 0.0295027 0.00371299 -0.00318276 0.0268883 0.00394973 0.00602024 0.0278607 -0.0005495 -0.000847709 0.0305415 0.00702615 -0.00157349 0.0323787 -0.00301117 -0.00654027 0.0320477 -0.00326258 -0.00479089 0.0288905 0.00121044 -0.00709775 0.0291868 -0.0049509 0.00111706 0.026136 0.000842947 -0.00231889 0.0282391 -0.00240438 -0.00367316 0.0280253 0.00353248 0.00288786 0.0309844 -0.00183983 -0.00219049 0.0282407 0.00498337 0.005197 0.0269094 0.00175256 0.00273447 0.0297744 -0.0031439 0.00647785 0.0258905 -0.000258427 0.00148298 0.0297147 0.00567967 0.00118926 0.0297972 -0.00349496 -0.00256466 0.028401 0.00666374 -0.00272833 0.0260272 0.003912 0.00117541 0.0339374 0.0044028 -0.00192474 0.0335681 0.00170099 0.0058823 0.0329211 -0.00555432 -0.00458148 0.0324444 -0.00191952 0.00498022 0.0329921 -0.00415516 0.00179408 0.0315681 0.00337629 -0.00311028 0.0338851 0.00275352 0.00500039 0.0297834 -0.0015286 -0.00703599 0.0325217 -0.00195113 0.000813032 0.0346381 -0.00605844 0.00389066 0.0328377 0.00719816 -0.000163889 0.0314059 0.00696779 0.00181396 0.0349368 -0.000715845 -0.00716434 0.0338938 -0.0018196 0.0055752 0.0315103 0.00280909 -0.000165932 0.0301463 -0.00326206 0.00493692 0.0342491 0.00512041 -0.00351457 0.0313907 0.00289442 0.00543993 0.0313151 0.00615015 -0.00028149 0.0327288 -0.000848867 0.00290617 0.0334228 0.000291801 -0.00719412 0.0326514 -0.00464416 -0.00322806 0.0343235 -0.00464434 0.00550211 0.0315863 0.00512094 -0.000552638 0.0315344 -0.00551519 0.00253429 0.0321504 0.00700151 0.00167912 0.0320346 -0.0059908 -0.0039939 0.033867 0.00284567 -0.00661382 0.0341618 0.00357812 -0.00192365 0.0349391 -0.00703594 -0.00152831 0.0348284 -0.00711721 0.000429975 0.0336351 1.28116e-05 0.00151879 0.0332453 0.00631976 0.000898257 0.033796 0.00218147 0.000387127 0.0349824 -0.00231785 -0.00427414 0.0339274 -0.00505246 -0.00512982 0.0310277 -0.00274067 -0.00266191 0.0328317 -0.00195846 -0.00545929 0.029915 0.00641645 -0.00295669 0.0300341 0.00236172 0.00542879 0.0348059 0.00679254 0.00238789 0.0334536 -0.000169616 -0.00535821 0.0343102 0.00614848 0.00374473 0.0297598 -0.00499795 -0.00518284 0.0342675 0.00363171 -0.00455798 0.0332537 0.00329927 0.00227553 0.0329504 0.00100989 0.00494143 0.0341023 -0.00136769 0.0015907 0.0324398 0.000543952 -0.00256685 0.0327598 0.0049772 -0.000450248 0.0338036 -0.00337209 0.00334613 0.0341186 -0.00708873 -0.00126225 0.0295511 -0.000886319 -0.00202742 0.0295149 -0.0051092 -0.00308623 0.0327993 -0.00520099 0.000755398 0.0342592 -0.00401352 -0.00198997 0.0335302 4.28216e-05 -0.000757917 0.0332467 0.0014879 -0.000574882 0.0339085 -0.00569558 -0.000389522 0.0331911 -0.0030703 -0.00104711 0.0324023 -0.00677467 0.00243838 0.0299639 0.00533572 0.00234907 0.0327422 0.00272407 -0.0051093 0.0310002 -0.00675518 0.00249207 0.0331809 0.0033161 -0.00222754 0.0323829 0.00373248 0.000274929 0.0313762 -0.000951488 0.00713692 0.0347061 0.000572883 0.00377473 0.0327527 0.00523253 0.00494586 0.0344217 -0.00455287 0.00296778 0.0351298 -0.000770519 0.00295788 0.0293576 -0.00635932 -0.00169109 0.0319844 0.00450072 -0.000680465 0.0288367 0.00467273 -0.00337935 0.0329593 0.0035877 -0.000256713 0.0345728 0.000473529 -0.00327102 0.0345935 -0.00323255 0.00243961 0.0327796 -0.000459889 0.000374614 0.0342589 0.00276576 -0.00145263 0.031096 -0.00265832 -0.00669134 0.0336009 -0.00434976 0.000820337 0.0328226 -0.0050027 0.00478043 0.0336459 -0.00253285 -0.00510927 0.0325798 0.00718593 -0.000452503 0.0339359 -0.00435968 -0.00573004 0.032339 -0.00106431 -0.00558251 0.0330029 -0.00136929 8.30294e-05 0.0329752 -0.000467861 0.00441742 0.0337839 0.00464716 0.00354156 0.0319277 -0.00272876 0.000988919 0.033251 0.00609193 -0.00159105 0.0336775 -0.00384995 0.00448519 0.0306405 -0.000777593 -0.00409982 0.0335313 -0.00109156 -0.00441634 0.0318166 0.00540211 -0.00292977 0.0343105 0.00286933 -0.00133309 0.033632 -0.00117102 0.0071043 0.0325488 0.0010098 -0.0070246 0.034071 -0.00303591 0.00345586 0.0315557 0.0049621 -0.00521717 0.0338496 0.00199301 -0.00359531 0.0305261 0.00173967 0.00457244 0.0320032 -0.000438906 -0.00158578 0.0319652 -0.00711085 -0.00113022 0.0332806 0.00209127 0.00688963 0.0317352 0.00146078 -0.00586642 0.0316247 0.00300982 0.000540107 0.0327788 0.00527871 0.00489652 0.0325902 -0.00208966 -0.00273299 0.0342914 0.00313875 0.00338409 0.0342759 0.00539928 -0.00210109 0.0323285 -0.00592669 -0.000300417 0.0300838 0.000444931 0.00130079 0.0312196 -0.00218661 0.00227521 0.0340326 0.000271878 0.00395814 0.0351262 0.000204492 -0.00225621 0.0306629 -0.000138601 0.00658947 0.0314405 -0.0066842 -0.00267637 0.0332813 -0.00165675 -0.00149738 0.0330014 0.000846619 -0.0047112 0.0305381 -0.000151197 0.00254526 0.0320291 0.00079785 -0.0040825 0.0332533 -0.00422221 -0.000429229 0.0338136 0.00180251 -0.00111725 0.0324365 0.0010521 0.00041657 0.0327309 0.000332021 0.00414219 0.029758 0.000783843 0.00715744 0.0326176 0.00031324 -0.00131042 0.0347237 -0.00637796 -0.00334113 0.0318586 -0.000605121 -0.00245784 0.0354509 -0.00110306 -0.00295325 0.032464 -0.00282503 -0.000398441 0.0305011 0.000554477 0.00271014 0.0341657 0.000536363 -0.00129382 0.0294287 0.0027387 0.00665883 0.0302905 0.00274532 0.00665616 0.0338539 -0.00287157 -0.00275365 0.0312399 7.39105e-05 0.00516335 0.0321339 0.000617937 0.0064921 0.034063 0.00242637 0.00456299 0.033462 0.00195622 0.00131606 0.0336994 0.00472345 -0.00219953 0.0293415 -0.00175162 -0.00567837 0.0344445 -0.00316782 0.000461361 0.0318059 -0.00270669 0.00667168 0.0326668 -0.0036335 0.000855542 0.0345638 -0.00124619 -0.00386591 0.0350431 0.000775948 0.00124842 0.0347774 0.000749342 -0.00571304 0.0330495 -0.00110987 0.000992483 0.0309773 -0.00447076 0.00343682 0.0329592 0.00151943 -0.00216206 0.0341075 0.00285473 0.0019274 0.0348736 0.00496715 0.000793213 0.032797 0.00378677 -0.00612385 0.0329643 -0.000827615 0.00596773 0.033621 -0.00261418 -0.000496712 0.0338336 0.00549369 -0.00465435 0.0324495 0.00393182 -0.000753066 0.0325858 0.00610876 0.00381108 0.0337116 -0.00400695 0.00598215 0.0332939 0.0044124 0.00170496 0.0316054 -0.00465527 -0.00540168 0.0293879 -0.00717746 0.000569788 0.0320425 0.00377334 0.00465594 0.0350105 -0.00352902 -0.00401099 0.031979 -0.00115911 0.00448795 0.0356073 0.00630186 0.00348248 0.0321578 0.00187165 -0.00695269 0.0327249 0.00414364 -0.00102237 0.0303581 0.00298485 -0.00655216 0.0316478 0.00513988 0.000736434 0.0348644 -0.00567545 0.000414911 0.0314925 0.00453972 0.00356101 0.0335238 -0.00334991 0.00637339 0.0312327 -0.00193911 0.00403785 0.0342849 -0.00554132 -0.00178481 0.0339585 -0.000223167 -3.83782e-06 0.031861 -0.00320413 0.00497196 0.0320383 -0.00169244 -0.00587057 0.0314379 0.00098503 -0.00713245 0.0307703 -0.00538125 0.00478367 0.0302365 0.00165112 -0.00430533 0.0319185 0.00315471 -0.00375977 0.0319518 -0.00591059 0.00116601 0.0328853 -0.00456453 -0.000578052 0.0320754 0.00189266 -0.0069468 0.035403 -0.00551556 0.00180916 0.0307243 -0.00588731 0.00324754 0.0342926 -0.00440627 0.00208097 0.0338061 -0.00158196 0.00363182 0.0321997 0.00221979 -0.00419501 0.0341009 0.00395083 0.00504836 0.0334696 0.00181542 0.00125715 0.0303851 0.000270684 -0.00358297 0.0315546 -0.000288488 0.00575123 0.0351535 0.00413335 -0.00513306 0.0317569 -0.00385897 -0.00435702 0.0335057 -0.00507807 0.0039623 0.0315755 0.00631869 -0.00345178 0.0331075 -0.00422258 0.000286301 0.0290141 0.00137505 -0.00427129 0.0354575 -0.00541421 -0.0026269 0.0298227 -0.00195958 0.00692831 0.0306681 -0.00615375 -0.00285462 0.0349784 0.00143116 0.00192243 0.0323151 -0.00313431 -0.00164305 0.0348211 0.00232906 -0.0054816 0.0331562 0.00208423 -0.0031008 0.0329416 0.00143738 -0.00553899 0.0344834 -0.00346105 -0.00559208 0.0344417 0.00187962 0.00306422 0.0333421 0.00175959 0.00698171 0.0350713 0.00601374 -0.000691493 0.0349983 0.00545853 0.00248707 0.0343314 -0.000600563 -0.00234316 0.0338551 0.00354079 0.00626941 0.0325207 0.0070145 -0.00162467 0.0307797 -0.0012368 -0.00100856 0.0344665 -0.00370575 -0.00617336 0.0306539 0.00402462 0.00434821 0.0305544 0.000590258 0.000179221 0.0300883 1.86917e-05 -0.00719999 0.0353147
</DataArray></Points>
      <Lines>
        <DataArray type="Int64" Name="connectivity" NumberOfComponents="1" format="ascii">
0 118 0 78 0 207 0 102 0 415 0 117 1 205 1 70 1 192 1 188 1 228 1 181 2 180 2 169 2 48 2 170 3 160 3 28 3 53 3 210 4 237 4 13 4 144 4 209 4 338 5 188 5 33 5 85 5 165 6 79 6 137 6 206 6 117 6 95 7 21 7 22 7 251 7 19 7 224 8 201 8 205 8 65 8 175 8 318 8 114 8 60 9 31 9 127 9 65 9 99 10 151 10 69 10 230 11 153 11 314 11 81 11 291 12 319 12 376 12 296 12 414 12 352 13 203 13 371 13 365 13 209 14 121 14 27 14 58 14 318 14 144 14 50 14 195 15 127 15 217 15 269 15 52 15 218 15 385 16 90 16 82 16 108 17 415 17 376 17 326 18 189 18 31 18 63 18 127 19 56 19 120 19 173 19 368 20 199 20 142 20 170 21 193 21 59 21 129 21 206 22 120 23 124 23 38 23 101 24 83 24 150 25 33 25 160 25 53 25 92 25 196 25 107 26 166 26 175 26 230 27 62 27 127 27 114 27 50 28 169 28 197 29 43 29 73 29 370 30 55 30 104 30 101 30 388 30 152 30 400 31 205 31 75 31 65 32 228 32 92 32 187 32 89 32 186 33 188 33 149 33 53 34 216 34 121 34 72 34 371 34 212 34 318 34 144 35 41 35 88 35 160 35 159 35 43 36 192 36 149 36 180 36 167 37 210 37 202 38 324 38 77 38 101 38 190 38 156 38 131 39 212 39 307 39 208 40 157 40 64 41 75 42 77 42 71 42 101 43 125 43 47 43 107 43 219 44 139 44 183 45 156 45 342 45 296 45 133 45 66 45 241 45 300 46 391 46 48 46 405 46 147 46 557 47 125 47 210 48 167 48 220 48 165 48 382 48 372 49 187 49 89 49 262 50 400 50 164 50 395 50 295 51 318 51 114 51 395 52 400 52 252 53 149 53 197 53 202 54 305 54 179 54 316 54 414 55 101 56 87 56 226 56 173 57 219 57 264 57 290 57 272 58 190 58 371 58 164 58 261 58 195 59 143 59 171 60 181 60 314 62 148 62 177 62 205 62 127 62 65 63 79 63 388 64 226 64 76 65 114 65 187 66 178 66 418 66 275 67 251 67 226 67 95 67 245 67 375 67 76 67 130 68 213 68 212 68 307 69 151 69 98 69 168 70 97 70 175 71 158 71 110 72 139 72 213 72 340 72 212 73 171 73 159 73 103 73 227 74 221 74 103 74 227 74 132 74 417 74 260 74 362 75 189 75 188 75 228 75 92 76 245 76 325 76 502 76 303 77 83 77 324 77 355 77 110 77 156 78 79 78 106 79 118 79 193 79 137 79 207 80 124 80 148 80 400 81 181 81 401 81 339 81 398 82 225 82 200 83 134 84 196 84 186 84 331 84 234 84 236 85 192 85 391 86 200 86 106 86 102 86 117 86 376 86 245 87 119 87 129 88 125 88 171 88 159 88 155 89 384 89 385 89 359 89 366 89 234 90 134 90 305 91 216 91 223 91 237 92 123 92 384 93 307 93 411 93 246 93 247 94 150 94 183 94 135 94 203 94 146 95 106 95 251 95 245 95 204 95 128 97 111 97 194 98 109 98 199 99 217 99 123 99 359 100 162 100 340 100 307 100 356 101 342 101 311 102 108 102 182 102 415 102 229 103 107 103 370 103 390 104 148 105 124 105 136 105 174 105 190 106 119 106 193 106 226 107 159 107 264 108 158 108 305 108 319 109 192 109 199 110 305 110 179 111 213 111 201 111 151 112 151 112 162 113 202 113 264 113 191 113 274 114 401 115 144 115 153 115 338 115 462 115 351 115 361 116 200 116 376 116 373 117 415 117 211 118 141 119 157 120 171 120 368 121 124 121 216 121 148 121 177 122 227 122 390 122 344 122 358 123 143 123 304 124 190 125 155 126 382 126 290 127 388 127 218 128 224 128 269 128 359 128 375 128 277 129 193 130 303 130 222 130 512 130 407 131 174 131 190 131 275 132 359 132 313 133 152 133 400 133 164 133 252 133 320 135 184 135 363 135 365 136 176 136 216 136 190 136 146 136 371 137 143 137 217 139 162 139 340 140 152 140 296 140 252 140 271 140 276 141 158 141 207 141 342 142 168 142 405 142 247 142 147 142 273 143 189 144 371 144 153 145 175 145 194 145 411 145 391 145 405 146 174 147 409 147 566 149 220 150 176 150 174 151 154 152 207 152 415 153 212 153 318 153 230 154 307 157 225 157 200 159 304 161 368 161 221 165 186 165 331 166 216 167 194 168 194 168 411 169 180 169 220 169 382 170 372 171 224 173 302 174 184 175 230 176 183 177 201 178 355 178 184 178 275 178 404 179 342 179 418 180 199 181 187 181 391 181 186 182 305 182 319 183 203 183 223 184 363 186 339 186 331 188 192 189 217 190 311 191 372 191 331 195 209 195 395 196 384 196 202 197 382 198 340 198 237 198 309 201 205 202 220 203 215 204 271 204 277 204 326 206 217 206 224 206 269 207 211 208 314 208 246 208 361 208 379 209 261 209 310 209 380 209 360 210 219 211 388 211 269 211 271 212 237 214 296 214 276 214 392 215 223 215 309 215 334 217 269 218 401 221 224 221 304 221 375 221 394 222 394 222 260 222 255 222 328 222 299 223 237 224 304 229 376 229 316 229 259 230 411 231 431 231 584 231 641 231 647 231 504 232 313 232 417 232 292 233 374 233 578 233 457 233 636 233 579 233 577 234 339 234 349 234 590 235 331 235 557 235 409 236 313 236 268 236 298 236 648 238 373 238 259 239 308 239 265 240 377 240 424 240 604 240 644 241 261 241 320 241 507 242 362 242 297 243 510 243 455 243 317 243 457 243 565 243 583 244 252 244 280 244 327 244 494 244 527 244 449 245 373 246 307 246 364 247 411 247 282 247 273 247 399 248 306 248 527 248 646 249 280 249 291 249 576 250 591 250 413 250 346 250 258 252 295 252 320 252 280 253 263 253 506 253 436 254 383 254 298 254 460 254 641 254 479 255 277 255 502 255 630 255 593 256 576 256 457 256 600 256 577 257 598 257 478 257 453 257 397 257 489 258 482 258 559 258 521 258 605 258 577 259 354 259 568 260 287 260 299 261 275 261 323 261 369 262 295 262 271 262 288 262 349 263 418 263 404 263 300 263 507 263 612 263 606 264 313 264 268 265 542 265 460 265 479 265 315 266 361 266 379 266 613 266 317 266 584 266 587 267 328 267 270 267 585 267 397 268 381 268 292 270 407 270 410 271 327 272 370 272 358 272 459 273 431 273 566 274 290 274 542 274 381 274 308 274 648 275 329 276 354 276 326 276 494 276 283 276 278 277 394 277 335 278 321 278 378 279 506 279 436 279 446 279 408 280 395 280 295 280 369 280 306 280 413 281 320 281 507 281 392 281 606 281 378 282 613 282 431 282 584 283 502 283 485 283 330 284 336 284 525 284 596 284 575 284 423 284 846 285 630 285 328 285 330 285 534 285 501 285 538 286 392 286 347 286 631 286 615 287 368 287 362 287 297 288 401 288 339 288 353 289 332 289 412 289 387 289 353 289 543 289 322 291 395 291 332 292 390 292 301 292 528 292 459 293 557 293 431 293 460 294 590 294 298 294 336 294 479 294 599 295 401 296 342 296 415 297 407 298 383 298 475 298 590 299 643 299 585 300 414 301 545 301 596 301 452 302 375 303 407 303 598 304 384 304 359 306 320 306 402 306 346 306 498 308 372 309 338 309 616 310 395 310 369 310 559 310 413 311 400 312 358 312 459 312 461 312 564 312 486 314 411 314 405 314 398 315 648 315 403 315 461 315 645 315 608 316 386 317 635 317 587 319 342 320 494 321 352 321 574 322 522 322 718 323 363 323 365 323 329 323 458 323 380 325 373 326 502 326 327 327 335 327 485 328 435 328 468 329 402 329 591 330 630 331 383 331 542 332 398 332 383 332 412 333 566 333 337 333 350 333 555 334 365 334 581 334 360 335 385 335 349 335 435 336 349 336 475 336 527 336 543 337 429 337 601 338 356 338 361 338 510 339 383 339 475 341 349 341 545 341 468 341 596 343 363 343 458 343 506 344 417 344 362 344 643 345 458 345 581 345 591 345 610 346 367 346 498 346 633 346 521 346 569 347 612 347 420 347 574 347 515 347 570 347 624 348 418 348 392 349 366 349 449 350 473 350 592 350 421 351 412 351 613 351 576 352 386 352 392 352 480 353 412 353 527 354 376 354 373 354 502 354 480 357 412 357 576 357 488 357 389 357 600 357 540 358 564 359 385 359 394 360 462 360 616 360 374 361 455 364 510 366 417 367 606 367 446 367 615 367 633 368 375 373 502 374 581 374 616 374 482 374 578 374 548 374 562 377 480 377 416 378 631 378 498 378 573 380 591 380 482 386 568 386 420 387 557 387 422 387 641 389 527 389 531 389 646 389 477 393 635 393 429 393 546 394 417 396 460 396 473 396 520 396 592 397 630 397 588 397 489 397 572 398 557 398 613 399 635 399 429 402 507 403 648 403 459 403 520 406 616 406 510 406 583 408 430 408 509 409 473 410 530 410 554 410 781 412 613 412 576 412 488 413 531 416 502 416 480 416 630 416 424 416 478 417 435 417 545 419 535 419 698 419 536 419 803 419 794 419 748 420 612 421 539 421 830 421 686 421 505 422 488 422 546 422 641 423 468 423 603 423 597 423 846 423 625 424 480 424 604 424 649 424 588 425 627 425 608 425 618 425 623 426 629 426 609 426 778 426 959 427 504 427 601 427 792 427 522 427 805 428 444 428 626 428 533 428 704 428 789 429 431 430 610 430 594 430 463 430 760 431 557 432 534 432 705 432 798 432 626 432 533 432 536 432 560 432 517 433 580 433 774 433 563 433 839 434 577 434 526 434 448 434 659 434 524 435 593 436 606 436 515 436 615 436 619 436 617 437 624 437 621 437 698 438 508 438 573 438 569 438 818 439 513 439 441 439 551 439 717 439 844 440 617 440 776 440 442 440 827 441 582 441 466 441 586 441 551 442 515 442 567 442 734 442 550 443 488 443 457 443 465 443 774 443 540 444 525 444 501 444 538 445 495 445 518 445 793 446 591 446 509 447 543 447 479 447 472 447 539 447 718 448 471 448 746 448 690 449 593 449 508 449 525 450 627 450 592 450 779 451 459 451 486 451 627 452 564 452 603 452 727 452 464 453 588 453 497 454 465 454 792 454 476 455 462 455 488 456 599 456 539 456 830 456 779 457 578 457 465 460 647 460 539 461 589 462 578 463 567 463 767 463 811 464 589 464 486 464 618 465 689 466 642 466 477 466 597 467 611 467 549 469 727 469 706 469 800 469 683 469 791 470 644 470 497 470 804 470 697 471 636 471 491 471 556 472 543 472 495 474 826 474 618 474 558 474 503 474 683 476 839 476 841 476 675 477 543 477 513 477 715 481 496 481 618 481 653 481 632 481 696 481 838 482 636 483 547 483 735 484 686 484 634 484 739 484 602 484 725 484 671 485 541 486 672 486 620 487 618 487 977 488 587 489 798 489 629 489 694 490 573 490 685 490 628 490 535 490 639 491 509 491 605 491 721 491 769 491 746 491 556 491 493 492 644 492 685 492 657 492 698 492 804 493 827 493 746 493 799 494 498 495 496 495 653 495 632 496 589 496 846 496 608 496 793 497 701 497 629 497 637 498 541 498 508 499 598 499 554 499 572 500 514 500 563 500 839 501 541 501 508 501 818 501 642 503 672 503 791 503 722 503 831 504 611 505 592 506 507 506 591 508 527 508 646 508 575 508 642 509 636 509 605 509 721 510 616 510 578 511 597 511 586 511 640 511 842 511 800 512 630 512 598 513 540 513 514 513 563 513 715 513 711 514 650 515 624 516 544 516 607 516 706 516 662 517 804 517 536 517 790 517 778 518 805 518 830 518 711 518 764 519 563 519 839 519 841 519 726 520 645 520 627 521 531 521 569 521 650 522 540 522 805 523 769 523 638 523 628 523 745 523 810 523 749 524 673 524 732 524 717 524 837 526 622 526 774 526 839 528 590 528 648 529 830 529 793 529 779 529 739 529 728 529 725 530 564 530 753 530 547 531 576 531 600 532 635 532 565 532 587 532 580 532 792 533 534 533 572 533 560 534 588 534 818 535 818 535 561 535 536 535 586 535 699 536 842 536 757 537 792 537 841 537 549 538 585 538 572 539 645 540 600 541 631 541 649 543 575 544 554 544 625 544 781 545 643 545 603 546 584 546 580 547 781 547 727 547 672 548 636 548 594 549 805 549 634 549 783 550 802 550 747 550 756 551 729 551 749 552 573 552 617 552 569 552 769 552 639 553 641 553 718 553 611 555 647 556 650 556 673 556 799 558 672 558 620 558 722 559 578 559 576 560 842 561 646 561 642 561 786 562 622 563 805 563 693 567 721 567 827 569 628 570 631 570 624 570 685 571 805 571 726 571 765 572 694 572 607 574 604 577 605 577 579 577 650 577 774 579 622 579 595 580 587 582 646 582 600 582 786 583 622 585 603 585 753 585 625 586 640 586 729 588 701 589 596 589 603 589 826 590 596 594 595 594 760 595 614 596 599 597 642 600 650 602 623 602 824 603 753 604 631 604 621 605 633 605 638 606 612 607 735 607 609 609 694 609 662 609 716 609 724 611 686 611 739 614 622 614 659 615 776 617 769 618 832 618 772 619 721 620 627 623 832 623 824 625 704 626 642 628 699 629 637 632 843 632 1002 633 638 634 686 634 825 637 804 637 815 637 670 638 650 638 786 639 802 639 652 639 803 640 715 640 653 640 836 640 660 649 685 649 701 649 818 651 842 651 660 651 757 651 667 651 710 651 901 652 827 652 802 653 704 653 800 654 986 654 970 654 1221 654 1206 655 844 655 835 655 809 655 943 655 708 655 953 655 1017 656 989 656 791 656 702 656 889 656 823 656 766 657 756 657 697 658 750 658 680 658 833 658 949 658 1173 659 732 660 696 660 1002 661 689 661 754 661 902 662 778 662 819 662 695 663 749 663 682 663 755 664 885 664 834 664 828 664 835 664 929 664 905 665 942 665 678 665 852 665 719 665 806 665 890 666 777 666 742 666 848 666 700 666 884 667 790 667 806 667 893 667 691 667 1025 668 790 668 719 668 881 668 687 668 1025 669 747 669 723 669 768 669 887 670 787 671 850 671 707 673 786 673 771 674 805 674 693 674 764 674 783 674 677 674 733 675 839 675 732 675 840 675 902 676 843 676 728 676 829 676 712 676 923 677 764 677 740 677 720 678 745 678 803 678 814 678 744 679 725 679 824 679 707 680 959 680 880 681 814 681 970 681 1206 682 731 682 976 682 854 683 791 683 848 684 823 684 1003 684 1014 685 776 685 705 685 698 687 806 687 713 687 1005 687 1116 688 812 688 731 688 1006 690 763 690 808 690 754 691 784 691 943 691 901 691 877 692 901 692 974 692 925 692 1007 693 717 695 716 695 819 695 702 696 800 696 838 696 710 696 1011 697 807 697 845 697 820 698 802 698 736 698 803 699 745 699 748 699 942 699 757 700 777 700 1011 700 965 700 743 700 752 700 982 702 789 702 800 702 893 702 847 702 782 703 783 703 725 703 923 703 761 704 826 705 818 705 804 706 735 706 789 706 989 707 761 707 863 707 785 708 957 708 795 709 824 709 743 709 988 710 782 711 843 712 1002 712 740 712 953 712 985 712 923 712 816 712 948 713 874 713 881 713 1004 713 999 713 932 714 731 714 773 714 738 714 755 714 992 715 718 715 836 716 735 716 989 716 724 716 750 717 844 717 885 717 835 719 803 719 845 720 796 720 923 720 922 720 741 721 769 723 734 723 986 724 966 725 829 726 885 726 984 726 733 727 753 728 793 728 832 729 836 729 757 730 743 730 785 731 746 731 837 731 1006 732 885 732 834 733 795 735 781 736 756 736 807 736 918 737 964 737 944 737 822 737 945 737 1032 738 834 738 828 738 770 738 872 739 764 739 783 740 843 740 957 740 821 741 931 741 849 741 864 741 1223 741 1196 741 873 742 772 742 993 743 829 743 777 743 863 743 973 743 903 743 1121 744 814 744 976 744 1015 745 803 745 852 746 760 746 799 748 794 748 757 748 806 749 942 749 813 750 989 750 766 751 790 751 819 751 758 751 1025 751 900 752 985 752 973 752 980 752 1205 752 1033 754 788 755 828 758 778 758 881 758 880 758 935 759 782 759 985 759 965 759 979 759 969 760 811 760 763 761 850 762 814 762 874 762 887 762 865 763 773 764 843 765 840 765 825 765 964 765 944 766 949 766 1014 767 827 767 986 768 918 768 874 770 997 770 992 770 868 770 947 771 799 771 828 771 813 772 832 773 808 773 897 773 997 775 902 775 911 777 824 777 838 777 829 777 866 778 815 779 830 780 986 780 1006 780 854 782 893 782 886 783 796 784 942 784 806 784 821 785 939 785 1109 785 1176 787 959 787 817 787 880 787 896 788 902 788 834 788 997 788 1008 790 842 791 989 794 804 794 845 794 815 795 885 795 984 795 931 795 905 795 922 796 944 796 931 797 1006 797 904 797 992 798 804 799 810 801 931 801 924 801 1196 802 918 804 815 806 942 807 874 807 936 808 837 808 834 809 813 809 856 809 950 809 913 809 1017 809 1182 810 812 810 976 811 1006 812 827 812 814 812 976 813 844 814 970 815 820 815 881 816 923 816 922 816 958 817 881 817 1072 817 896 819 842 819 966 819 847 820 1022 821 1002 821 901 822 921 822 924 823 831 823 889 824 832 825 850 828 834 831 993 832 977 833 847 833 880 833 900 833 1114 834 984 835 929 836 843 836 844 838 848 840 841 840 921 840 964 843 1002 844 957 845 874 845 881 848 889 848 965 849 850 849 939 849 1032 850 944 851 1114 851 972 851 1034 851 1217 852 942 852 976 852 856 853 949 853 1016 853 1101 853 910 853 946 854 976 854 904 854 978 855 1223 855 873 855 1109 855 1076 855 1041 856 983 856 867 856 913 857 1133 857 1216 857 1204 857 1203 857 1199 858 892 858 996 858 1204 858 1106 859 870 859 1021 859 963 859 1045 859 1058 860 936 860 932 860 996 860 1203 861 994 861 956 861 1160 861 1104 862 1015 862 1168 862 963 862 994 862 1187 862 914 863 923 864 923 864 1000 864 1109 865 887 865 970 865 1133 865 1125 866 977 866 884 866 988 867 950 867 890 868 968 868 1047 868 1021 868 928 869 904 869 983 869 951 869 870 869 1021 870 978 870 1154 870 1019 870 1190 870 1193 871 929 871 1017 871 905 871 938 871 933 872 1008 872 924 872 954 873 939 873 1032 873 920 873 1059 874 936 875 982 875 1198 875 894 875 1210 875 960 876 999 876 935 876 891 877 1005 877 1025 877 979 877 899 877 915 878 967 878 987 878 1170 878 1155 878 1315 879 954 879 1070 879 1023 879 1045 879 1164 879 1083 879 1063 880 882 880 898 881 935 882 1025 882 899 883 925 883 1007 883 1054 883 1100 883 1018 884 1198 884 991 885 984 885 957 886 917 886 1014 886 980 886 894 886 1095 887 940 887 892 888 905 888 1171 888 981 888 1023 888 927 889 912 890 1004 890 1168 891 955 891 1094 891 1169 892 1115 893 979 894 1198 894 1156 894 895 895 1016 895 1057 895 960 896 935 896 1213 896 937 897 968 898 1173 898 1135 899 906 899 955 899 1038 900 979 900 917 900 941 900 1114 901 985 902 921 903 1205 903 1109 903 1176 904 1221 904 968 905 954 905 981 906 999 906 1044 906 1073 906 1068 907 1196 907 1059 907 1024 907 1096 908 1205 908 1176 908 1076 909 978 909 963 909 1115 909 1106 909 1028 909 1091 909 1193 910 1014 910 1114 910 987 911 1008 911 1171 912 993 912 965 912 982 913 929 913 951 913 994 913 956 914 1187 914 961 914 919 914 1189 914 1073 914 1134 914 1225 915 1116 915 961 915 1054 915 1038 915 1219 915 1134 916 1007 916 934 916 967 916 1001 916 1175 917 1014 919 1168 919 1106 919 1165 919 1199 920 1109 920 1143 920 1191 921 984 922 981 922 1223 923 973 924 984 925 953 925 1017 925 948 925 1178 925 1074 926 988 926 1176 926 1149 927 1010 927 1063 927 1013 927 1220 928 1047 928 1139 928 1132 929 947 930 932 930 1203 930 1044 931 964 932 1072 932 999 932 1216 933 954 933 981 933 1104 933 1064 934 948 934 1205 934 1074 934 1033 934 962 936 1022 936 940 937 1213 937 1135 937 1012 938 1178 938 1100 940 1004 940 996 941 1054 941 1194 941 1069 942 950 943 950 943 953 943 974 945 1171 945 1226 946 990 946 1057 946 1323 947 992 947 1070 948 985 948 1007 948 1000 950 1005 951 992 951 1021 951 994 951 1045 952 1205 952 1033 952 962 952 1200 952 1093 952 1157 954 956 955 1135 955 1069 956 1045 958 1017 958 1027 959 966 960 1042 961 1005 961 1116 961 1182 961 1187 962 1075 962 1128 962 1157 963 978 963 994 965 980 967 969 967 980 967 1018 968 1154 969 979 970 976 970 978 971 1213 971 1044 971 1094 971 1254 972 1101 972 1012 972 1117 973 1000 974 1005 974 1182 974 1054 974 1219 975 1172 975 1083 975 1188 978 1015 980 1007 981 1196 981 1027 981 1211 982 1121 983 992 983 1015 985 1011 987 1107 987 990 987 1217 987 1323 988 1121 988 991 990 1095 990 1156 990 1177 990 1085 991 1210 993 1003 994 1187 994 1189 995 1149 995 1210 995 1020 995 1079 997 1008 998 1219 998 1160 998 1001 998 1207 998 1181 998 1185 999 1025 1001 1130 1001 1201 1002 1011 1003 1016 1004 1133 1004 1216 1008 1047 1009 1033 1009 1149 1009 1085 1009 1093 1009 1042 1010 1023 1012 1169 1012 1034 1012 1084 1013 1211 1013 1024 1013 1220 1013 1242 1015 1125 1017 1178 1018 1054 1018 1170 1019 1115 1019 1324 1020 1176 1021 1070 1021 1122 1022 1072 1023 1172 1024 1184 1024 1197 1026 1089 1026 1128 1026 1238 1026 1299 1026 1318 1026 1235 1026 1363 1026 1142 1027 1074 1027 1089 1028 1106 1028 1189 1029 1167 1029 1165 1029 1199 1029 1118 1030 1301 1030 1201 1030 1040 1030 1293 1030 1112 1030 1308 1031 1120 1031 1242 1031 1285 1031 1363 1032 1196 1033 1156 1033 1092 1034 1137 1034 1127 1034 1379 1035 1398 1035 1332 1035 1159 1035 1299 1035 1037 1035 1359 1035 1312 1035 1103 1035 1256 1036 1147 1036 1300 1036 1048 1036 1353 1036 1195 1037 1159 1037 1235 1037 1286 1037 1371 1037 1417 1038 1068 1038 1137 1038 1147 1039 1068 1039 1147 1039 1251 1039 1043 1040 1315 1040 1392 1040 1212 1040 1077 1040 1344 1041 1128 1041 1096 1041 1238 1041 1285 1042 1210 1043 1280 1043 1300 1043 1119 1043 1230 1043 1231 1044 1397 1045 1139 1045 1111 1045 1164 1046 1197 1046 1067 1046 1224 1047 1070 1047 1172 1048 1099 1048 1152 1049 1165 1049 1086 1049 1225 1049 1055 1049 1102 1049 1124 1050 1089 1050 1146 1050 1130 1050 1299 1051 1141 1051 1387 1051 1283 1052 1251 1052 1110 1052 1391 1053 1134 1053 1160 1053 1394 1053 1207 1053 1364 1055 1222 1055 1384 1055 1281 1056 1115 1056 1106 1056 1091 1056 1390 1057 1177 1057 1158 1058 1193 1058 1111 1058 1060 1058 1086 1058 1163 1059 1120 1060 1324 1060 1131 1060 1415 1061 1129 1061 1140 1061 1402 1061 1082 1062 1083 1062 1188 1062 1159 1062 1228 1063 1083 1063 1104 1063 1148 1064 1211 1064 1238 1065 1321 1065 1257 1065 1224 1065 1621 1066 1207 1066 1181 1066 1152 1067 1363 1067 1233 1067 1510 1068 1199 1069 1194 1069 1214 1069 1129 1071 1394 1071 1268 1071 1314 1071 1274 1071 1312 1071 1340 1072 1213 1073 1168 1073 1199 1074 1100 1074 1075 1074 1089 1075 1223 1075 1211 1075 1128 1076 1143 1077 1087 1077 1112 1077 1283 1077 1373 1077 1372 1078 1184 1078 1386 1078 1113 1079 1200 1079 1108 1079 1192 1080 1088 1080 1293 1080 1180 1080 1404 1080 1250 1080 1090 1081 1199 1081 1134 1081 1244 1082 1099 1082 1335 1082 1396 1082 1333 1083 1132 1083 1398 1084 1117 1084 1140 1085 1156 1085 1315 1085 1158 1086 1294 1087 1177 1087 1155 1087 1123 1087 1141 1087 1262 1088 1089 1088 1175 1088 1201 1089 1100 1090 1266 1090 1308 1090 1284 1091 1350 1092 1156 1092 1301 1092 1150 1093 1108 1094 1186 1094 1137 1094 1105 1094 1300 1095 1194 1096 1197 1097 1107 1097 1217 1097 1117 1097 1323 1097 1335 1098 1165 1098 1350 1098 1222 1099 1217 1099 1155 1100 1160 1101 1173 1101 1107 1102 1225 1102 1394 1102 1244 1102 1362 1102 1400 1103 1202 1103 1360 1104 1164 1104 1146 1104 1148 1105 1397 1105 1254 1106 1165 1107 1117 1108 1387 1110 1364 1110 1185 1110 1340 1110 1391 1110 1414 1110 1412 1111 1189 1111 1394 1111 1146 1111 1425 1112 1161 1112 1276 1113 1242 1113 1267 1114 1135 1116 1216 1116 1168 1117 1379 1117 1307 1118 1222 1119 1244 1119 1346 1119 1376 1119 1353 1120 1321 1122 1154 1122 1183 1122 1273 1123 1323 1123 1177 1123 1229 1123 1141 1123 1271 1124 1294 1124 1362 1124 1346 1124 1281 1124 1431 1125 1168 1126 1287 1126 1396 1126 1306 1127 1169 1127 1137 1127 1300 1127 1287 1127 1140 1128 1363 1128 1180 1129 1137 1129 1170 1129 1147 1130 1160 1130 1268 1130 1318 1131 1273 1131 1151 1132 1172 1132 1183 1132 1292 1134 1214 1134 1147 1136 1254 1136 1237 1136 1275 1136 1231 1136 1208 1137 1147 1138 1151 1138 1374 1138 1433 1138 1305 1138 1525 1138 1413 1139 1277 1140 1287 1140 1269 1141 1158 1141 1271 1142 1318 1142 1363 1142 1371 1142 1250 1143 1176 1143 1215 1144 1215 1144 1285 1144 1180 1144 1405 1144 1192 1145 1387 1145 1304 1145 1255 1145 1373 1145 1419 1147 1207 1148 1398 1148 1235 1149 1205 1150 1175 1150 1157 1150 1161 1151 1183 1151 1163 1151 1292 1151 1403 1152 1391 1152 1333 1152 1249 1152 1416 1153 1174 1153 1369 1153 1434 1153 1548 1153 1298 1154 1190 1155 1335 1157 1175 1157 1405 1158 1236 1158 1387 1159 1220 1159 1286 1160 1187 1160 1268 1161 1236 1161 1405 1161 1387 1162 1280 1162 1237 1162 1230 1162 1320 1163 1277 1163 1374 1163 1179 1165 1199 1166 1350 1166 1337 1166 1281 1166 1241 1167 1204 1167 1203 1167 1397 1167 1186 1167 1280 1170 1392 1171 1226 1174 1386 1174 1228 1174 1361 1174 1434 1175 1301 1178 1187 1179 1274 1179 1359 1179 1413 1180 1259 1180 1266 1181 1214 1181 1301 1181 1392 1184 1226 1184 1188 1185 1201 1186 1199 1186 1280 1187 1219 1188 1386 1189 1225 1189 1394 1190 1324 1190 1273 1191 1285 1192 1257 1194 1217 1195 1396 1195 1494 1196 1211 1199 1311 1200 1215 1201 1352 1202 1277 1202 1398 1202 1228 1202 1359 1202 1361 1203 1397 1204 1390 1207 1251 1208 1287 1209 1352 1209 1333 1209 1559 1212 1392 1212 1335 1212 1333 1212 1329 1217 1379 1218 1235 1218 1286 1218 1282 1222 1390 1222 1356 1224 1282 1227 1250 1227 1308 1227 1327 1227 1420 1228 1292 1229 1307 1229 1335 1229 1260 1230 1569 1230 1368 1230 1502 1231 1353 1231 1345 1232 1371 1232 1282 1232 1495 1232 1549 1232 1406 1233 1285 1233 1266 1234 1243 1234 1395 1234 1303 1234 1547 1234 1618 1234 1615 1235 1242 1236 1315 1237 1280 1237 1275 1238 1242 1239 1338 1239 1272 1239 1389 1239 1599 1239 1246 1240 1419 1240 1276 1240 1411 1240 1518 1240 1399 1240 1258 1241 1573 1241 1550 1241 1380 1242 1286 1243 1400 1243 1431 1243 1347 1243 1595 1244 1311 1244 1364 1244 1251 1244 1346 1245 1355 1245 1270 1245 1365 1245 1388 1245 1488 1246 1279 1246 1619 1246 1557 1246 1484 1246 1582 1247 1413 1247 1252 1247 1393 1247 1543 1247 1264 1248 1559 1248 1493 1248 1488 1249 1376 1249 1322 1249 1454 1249 1309 1250 1355 1250 1365 1252 1253 1252 1400 1252 1274 1252 1413 1252 1428 1253 1362 1253 1337 1253 1550 1254 1287 1255 1405 1255 1407 1255 1276 1256 1330 1256 1553 1256 1590 1256 1614 1256 1357 1257 1310 1258 1555 1259 1363 1259 1424 1260 1271 1260 1443 1260 1338 1261 1621 1261 1375 1261 1602 1262 1408 1262 1338 1263 1306 1263 1443 1263 1296 1263 1316 1264 1289 1264 1481 1264 1616 1265 1434 1265 1331 1265 1590 1265 1496 1265 1563 1265 1490 1266 1405 1266 1326 1266 1407 1267 1282 1267 1600 1268 1364 1269 1307 1269 1348 1270 1412 1270 1325 1271 1378 1272 1338 1272 1296 1272 1418 1272 1599 1274 1362 1274 1340 1274 1432 1275 1529 1276 1373 1276 1420 1278 1312 1278 1340 1278 1432 1278 1355 1278 1325 1279 1338 1279 1378 1279 1370 1280 1384 1281 1354 1282 1417 1282 1427 1282 1510 1283 1378 1283 1422 1284 1326 1284 1365 1284 1399 1285 1321 1286 1360 1286 1369 1287 1402 1288 1368 1288 1524 1288 1295 1288 1500 1289 1305 1289 1525 1289 1429 1290 1345 1290 1607 1290 1480 1290 1464 1291 1542 1291 1506 1291 1575 1291 1540 1291 1557 1292 1403 1293 1405 1294 1350 1294 1415 1295 1625 1295 1500 1295 1383 1295 1466 1296 1328 1296 1297 1296 1480 1296 1572 1296 1505 1297 1396 1297 1333 1297 1408 1298 1600 1298 1563 1298 1342 1299 1318 1299 1314 1299 1330 1300 1402 1302 1403 1302 1361 1302 1525 1302 1367 1303 1395 1303 1531 1303 1615 1303 1498 1303 1336 1304 1405 1304 1310 1305 1403 1305 1359 1305 1413 1305 1553 1306 1396 1306 1328 1307 1348 1308 1344 1309 1494 1309 1531 1309 1381 1309 1480 1309 1577 1309 1598 1310 1419 1311 1384 1312 1340 1312 1432 1313 1432 1313 1428 1313 1429 1313 1395 1313 1616 1313 1618 1314 1318 1314 1414 1316 1443 1316 1601 1316 1370 1317 1621 1317 1399 1317 1522 1317 1589 1318 1404 1319 1433 1319 1525 1319 1481 1320 1356 1320 1603 1322 1353 1322 1345 1322 1494 1322 1607 1324 1350 1325 1357 1326 1510 1326 1426 1327 1391 1327 1412 1327 1531 1327 1566 1328 1396 1328 1625 1328 1382 1329 1333 1329 1338 1329 1372 1329 1587 1330 1355 1331 1553 1331 1367 1331 1535 1332 1425 1332 1398 1333 1494 1333 1418 1334 1364 1334 1400 1334 1376 1336 1488 1336 1760 1336 1848 1338 1378 1339 1518 1339 1399 1339 1493 1339 1514 1339 1461 1340 1395 1341 1603 1341 1430 1341 1501 1341 1613 1342 1596 1342 1586 1342 1562 1342 1687 1343 1361 1343 1434 1344 1401 1345 1402 1345 1396 1345 1529 1345 1625 1347 1354 1347 1376 1348 1408 1348 1443 1349 1573 1349 1431 1349 1533 1349 1504 1351 1525 1351 1481 1351 1604 1351 1535 1352 1392 1353 1376 1353 1502 1354 1384 1354 1356 1354 1569 1355 1357 1355 1495 1356 1573 1357 1371 1357 1496 1358 1365 1358 1473 1358 1493 1358 1589 1359 1553 1360 1369 1360 1417 1362 1425 1362 1374 1362 1400 1364 1394 1365 1424 1365 1420 1365 1495 1365 1493 1366 1380 1366 1603 1367 1594 1367 1437 1368 1430 1369 1600 1370 1599 1370 1669 1371 1424 1372 1587 1372 1389 1373 1542 1373 1411 1374 1415 1375 1427 1375 1473 1375 1406 1375 1530 1376 1502 1376 1595 1377 1418 1377 1587 1377 1566 1377 1598 1377 1423 1378 1619 1380 1573 1380 1447 1380 1504 1381 1383 1381 1574 1381 1768 1382 1625 1382 1572 1382 1466 1382 1464 1383 1460 1383 1581 1385 1590 1385 1564 1385 1448 1388 1517 1388 1579 1388 1499 1389 1542 1389 1619 1389 1557 1391 1404 1393 1550 1394 1425 1395 1412 1395 1597 1399 1407 1399 1410 1399 1522 1400 1431 1401 1420 1401 1542 1401 1587 1401 1506 1404 1414 1406 1459 1406 1567 1406 1537 1409 1454 1409 1595 1409 1421 1409 1545 1409 1452 1409 1615 1410 1419 1410 1426 1411 1422 1411 1575 1412 1595 1415 1433 1416 1418 1416 1559 1417 1600 1417 1614 1417 1571 1418 1494 1418 1442 1420 1518 1421 1428 1421 1533 1421 1504 1421 1520 1421 1560 1422 1619 1422 1608 1423 1566 1423 1506 1423 1488 1423 1576 1424 1510 1427 1459 1428 1550 1428 1431 1428 1543 1428 1616 1429 1432 1429 1590 1429 1624 1430 1569 1430 1524 1432 1590 1434 1553 1434 1614 1435 1665 1435 1844 1435 1643 1435 1737 1435 1610 1435 1826 1436 1829 1436 1678 1436 1755 1436 1698 1437 1490 1437 1829 1437 1678 1437 1448 1438 1699 1438 1576 1438 1623 1438 1641 1438 1692 1439 1546 1439 1574 1439 1760 1439 1727 1439 1463 1440 1566 1440 1848 1440 1641 1440 1820 1441 1514 1441 1461 1441 1470 1441 1640 1441 1743 1442 1480 1442 1598 1442 1599 1444 1829 1444 1593 1444 1792 1445 1641 1445 1820 1445 1463 1445 1492 1445 1750 1445 1751 1445 1733 1446 1505 1446 1601 1446 1483 1446 1489 1447 1543 1447 1578 1448 1827 1448 1457 1448 1738 1449 1530 1449 1602 1449 1808 1450 1567 1450 1589 1450 1554 1450 1514 1450 1471 1450 1477 1450 1509 1451 1612 1451 1535 1451 1829 1451 1507 1451 1457 1452 1533 1452 1501 1452 1503 1452 1546 1453 1829 1453 1584 1453 1698 1453 1568 1454 1545 1454 1503 1455 1538 1455 1596 1455 1827 1455 1586 1455 1814 1455 1605 1456 1613 1456 1560 1456 1606 1456 1746 1457 1564 1457 1763 1458 1620 1458 1832 1458 1728 1459 1571 1460 1607 1460 1606 1461 1478 1461 1512 1462 1622 1462 1620 1462 1752 1462 1739 1462 1526 1462 1747 1463 1742 1463 1848 1463 1551 1463 1750 1464 1699 1464 1483 1465 1623 1465 1484 1465 1583 1466 1665 1467 1538 1467 1584 1467 1758 1467 1631 1467 1521 1467 1770 1468 1501 1468 1472 1468 1486 1468 1487 1469 1570 1469 1796 1469 1643 1469 1705 1469 1691 1470 1752 1470 1544 1470 1764 1470 1728 1471 1499 1471 1605 1471 1725 1472 1500 1472 1606 1472 1487 1472 1497 1473 1510 1473 1530 1474 1547 1474 1560 1474 1746 1474 1511 1474 1821 1475 1555 1475 1512 1475 1556 1475 1743 1476 1515 1476 1557 1476 1620 1476 1847 1476 1617 1477 1509 1477 1552 1477 1526 1478 1518 1478 1575 1478 1544 1479 1561 1479 1806 1479 1732 1479 1720 1479 1712 1479 1775 1480 1494 1480 1699 1481 1516 1481 1789 1482 1679 1482 1511 1482 1742 1482 1763 1482 1757 1483 1844 1484 1599 1484 1515 1485 1606 1485 1581 1485 1570 1485 1497 1485 1643 1485 1810 1486 1613 1486 1797 1487 1797 1488 1491 1488 1622 1489 1623 1489 1637 1489 1585 1489 1583 1489 1652 1490 1528 1491 1493 1491 1697 1491 1620 1492 1820 1492 1788 1492 1617 1492 1832 1492 1733 1492 1672 1493 1565 1493 1697 1495 1549 1495 1567 1495 1565 1496 1590 1496 1549 1496 1827 1497 1581 1497 1823 1498 1597 1498 1517 1498 1579 1499 1538 1499 1565 1499 1622 1499 1776 1499 1552 1501 1545 1501 1606 1503 1615 1503 1570 1504 1520 1504 1558 1505 1623 1505 1539 1506 1540 1507 1846 1507 1511 1507 1662 1507 1792 1508 1768 1508 1665 1508 1844 1508 1539 1508 1650 1508 1737 1509 1602 1509 1512 1509 1718 1509 1640 1509 1801 1510 1621 1511 1513 1511 1664 1511 1763 1511 1720 1512 1589 1512 1602 1512 1830 1513 1624 1513 1618 1514 1752 1515 1587 1515 1576 1516 1543 1516 1612 1516 1578 1516 1789 1517 1597 1517 1538 1517 1564 1517 1579 1519 1580 1519 1582 1519 1761 1520 1543 1520 1616 1520 1547 1520 1664 1521 1552 1521 1725 1521 1674 1521 1703 1523 1617 1523 1715 1523 1672 1523 1766 1526 1752 1526 1817 1526 1764 1527 1669 1527 1582 1527 1715 1527 1794 1527 1734 1528 1594 1528 1678 1528 1586 1528 1541 1529 1607 1531 1595 1531 1577 1532 1558 1532 1578 1532 1534 1533 1569 1533 1603 1534 1807 1534 1647 1534 1634 1535 1604 1535 1624 1536 1687 1536 1790 1536 1651 1537 1562 1537 1554 1538 1549 1538 1565 1538 1827 1539 1650 1540 1752 1540 1633 1541 1738 1541 1687 1543 1612 1544 1580 1544 1555 1544 1633 1544 1556 1545 1569 1545 1607 1546 1547 1546 1727 1546 1742 1547 1560 1547 1679 1548 1594 1549 1571 1551 1727 1551 1705 1551 1750 1551 1675 1551 1835 1552 1697 1552 1747 1553 1590 1554 1596 1554 1605 1554 1718 1556 1743 1557 1608 1557 1633 1558 1613 1558 1561 1559 1587 1560 1561 1561 1746 1562 1687 1562 1808 1563 1614 1563 1586 1564 1624 1564 1618 1564 1758 1565 1567 1568 1763 1568 1686 1568 1680 1568 1682 1570 1574 1571 1614 1571 1596 1573 1603 1574 1598 1574 1641 1575 1580 1576 1598 1577 1615 1578 1846 1578 1664 1580 1761 1581 1768 1581 1665 1582 1669 1582 1847 1583 1669 1583 1794 1584 1827 1584 1738 1584 1812 1585 1623 1585 1650 1585 1788 1588 1678 1588 1790 1590 1597 1591 1609 1591 1758 1591 1729 1591 1686 1591 1745 1591 1713 1592 1847 1592 1644 1593 1604 1593 1829 1593 1662 1593 1755 1597 1618 1599 1623 1605 1631 1605 1825 1606 1727 1606 1689 1609 1679 1609 1848 1609 1804 1610 1844 1610 1645 1610 1717 1611 1846 1611 1806 1611 1711 1611 1709 1611 1706 1612 1789 1613 1807 1615 1760 1616 1624 1617 1847 1617 1788 1617 1715 1618 1679 1620 1820 1622 1848 1622 1776 1626 1733 1626 1780 1626 1672 1626 1701 1626 1798 1626 1779 1627 1785 1627 1700 1627 1632 1627 1721 1627 1676 1627 1655 1628 1728 1628 1753 1628 1766 1628 1762 1629 1662 1629 1755 1629 1680 1629 1653 1630 1640 1630 1817 1630 1805 1630 1802 1631 1707 1632 1671 1632 1835 1632 1655 1633 1644 1634 1806 1634 1712 1634 1639 1634 1706 1635 1716 1635 1704 1635 1740 1636 1825 1636 1690 1636 1815 1636 1708 1637 1844 1638 1667 1638 1659 1639 1647 1639 1849 1640 1830 1640 1805 1641 1796 1641 1705 1641 1692 1642 1787 1642 1677 1642 1802 1643 1784 1644 1761 1644 1728 1644 1843 1645 1650 1645 1780 1645 1676 1645 1710 1645 1659 1646 1747 1646 1817 1646 1740 1646 1759 1646 1714 1647 1795 1647 1724 1648 1824 1648 1680 1648 1682 1649 1718 1649 1825 1649 1801 1649 1805 1650 1796 1650 1785 1651 1814 1651 1777 1652 1667 1653 1744 1653 1670 1653 1831 1654 1781 1654 1834 1654 1813 1655 1722 1656 1730 1656 1831 1657 1790 1657 1730 1657 1811 1658 1674 1658 1747 1658 1751 1658 1704 1658 1759 1659 1667 1659 1798 1660 1684 1660 1767 1660 1701 1661 1709 1661 1824 1661 1719 1661 1769 1661 1735 1661 1773 1662 1711 1663 1763 1663 1682 1663 1745 1663 1735 1664 1806 1666 1766 1666 1673 1666 1762 1667 1841 1667 1786 1668 1712 1668 1775 1668 1719 1670 1824 1670 1837 1671 1810 1671 1781 1671 1834 1671 1700 1671 1726 1673 1766 1673 1714 1673 1765 1673 1741 1674 1747 1674 1713 1675 1821 1675 1729 1675 1842 1676 1780 1676 1717 1676 1840 1676 1701 1676 1798 1677 1777 1677 1740 1677 1802 1677 1696 1678 1738 1680 1755 1681 1811 1681 1749 1681 1772 1682 1803 1682 1749 1682 1833 1683 1729 1683 1804 1683 1684 1683 1704 1683 1754 1684 1750 1684 1751 1684 1778 1684 1722 1685 1812 1685 1730 1685 1811 1685 1803 1685 1749 1686 1812 1686 1745 1686 1783 1687 1814 1688 1788 1688 1715 1688 1794 1688 1780 1688 1841 1689 1732 1689 1823 1690 1811 1690 1815 1691 1705 1691 1810 1691 1722 1692 1788 1692 1785 1692 1733 1693 1782 1693 1822 1694 1747 1694 1728 1694 1838 1694 1714 1695 1819 1695 1786 1695 1791 1696 1816 1696 1815 1698 1730 1699 1796 1700 1784 1700 1737 1700 1721 1701 1722 1702 1748 1702 1842 1702 1778 1702 1828 1702 1756 1703 1777 1703 1816 1704 1713 1704 1845 1704 1774 1706 1837 1706 1769 1707 1812 1707 1770 1707 1811 1707 1749 1707 1816 1708 1777 1708 1787 1709 1792 1709 1712 1710 1717 1710 1840 1712 1719 1712 1769 1714 1802 1714 1782 1714 1741 1715 1800 1716 1770 1716 1783 1716 1740 1716 1772 1717 1737 1717 1840 1718 1725 1719 1757 1719 1748 1719 1773 1720 1757 1721 1826 1722 1785 1723 1743 1723 1771 1723 1782 1724 1795 1724 1836 1724 1849 1724 1813 1725 1817 1725 1805 1726 1784 1727 1746 1727 1809 1729 1742 1729 1757 1729 1804 1731 1761 1731 1753 1732 1807 1732 1809 1732 1795 1732 1775 1733 1785 1733 1767 1734 1819 1735 1842 1735 1773 1735 1833 1736 1838 1736 1800 1736 1766 1736 1779 1736 1791 1738 1799 1739 1848 1739 1804 1739 1832 1739 1747 1741 1759 1741 1793 1742 1760 1742 1821 1743 1764 1743 1753 1744 1755 1744 1803 1745 1842 1748 1809 1749 1772 1751 1804 1753 1765 1754 1778 1754 1845 1756 1842 1756 1773 1757 1842 1758 1770 1759 1838 1759 1774 1762 1843 1762 1839 1763 1792 1765 1782 1765 1822 1765 1839 1766 1838 1766 1819 1767 1832 1767 1774 1767 1779 1771 1801 1771 1787 1775 1836 1776 1804 1777 1825 1777 1816 1778 1835 1780 1788 1781 1797 1781 1823 1783 1845 1783 1833 1784 1823 1784 1826 1786 1794 1786 1800 1786 1841 1791 1819 1792 1824 1793 1802 1793 1822 1795 1797 1795 1834 1799 1814 1799 1812 1799 1811 1801 1830 1803 1831 1808 1825 1809 1821 1809 1810 1810 1835 1818 1834 1818 1835 1818 1828 1819 1843 1824 1837 1828 1836 1832 1838 1834 1836 1842 1845
</DataArray>
        <DataArray type="Int64" Name="offsets" NumberOfComponents="1" format="ascii">
2 4 6 8 10 12 14 16 18 20 22 24 26 28 30 32 34 36 38 40 42 44 46 48 50 52 54 56 58 60 62 64 66 68 70 72 74 76 78 80 82 84 86 88 90 92 94 96 98 100 102 104 106 108 110 112 114 116 118 120 122 124 126 128 130 132 134 136 138 140 142 144 146 148 150 152 154 156 158 160 162 164 166 168 170 172 174 176 178 180 182 184 186 188 190 192 194 196 198 200 202 204 206 208 210 212 214 216 218 220 222 224 226 228 230 232 234 236 238 240 242 244 246 248 250 252 254 256 258 260 262 264 266 268 270 272 274 276 278 280 282 284 286 288 290 292 294 296 298 300 302 304 306 308 310 312 314 316 318 320 322 324 326 328 330 332 334 336 338 340 342 344 346 348 350 352 354 356 358 360 362 364 366 368 370 372 374 376 378 380 382 384 386 388 390 392 394 396 398 400 402 404 406 408 410 412 414 416 418 420 422 424 426 428 430 432 434 436 438 440 442 444 446 448 450 452 454 456 458 460 462 464 466 468 470 472 474 476 478 480 482 484 486 488 490 492 494 496 498 500 502 504 506 508 510 512 514 516 518 520 522 524 526 528 530 532 534 536 538 540 542 544 546 548 550 552 554 556 558 560 562 564 566 568 570 572 574 576 578 580 582 584 586 588 590 592 594 596 598 600 602 604 606 608 610 612 614 616 618 620 622 624 626 628 630 632 634 636 638 640 642 644 646 648 650 652 654 656 658 660 662 664 666 668 670 672 674 676 678 680 682 684 686 688 690 692 694 696 698 700 702 704 706 708 710 712 714 716 718 720 722 724 726 728 730 732 734 736 738 740 742 744 746 748 750 752 754 756 758 760 762 764 766 768 770 772 774 776 778 780 782 784 786 788 790 792 794 796 798 800 802 804 806 808 810 812 814 816 818 820 822 824 826 828 830 832 834 836 838 840 842 844 846 848 850 852 854 856 858 860 862 864 866 868 870 872 874 876 878 880 882 884 886 888 890 892 894 896 898 900 902 904 906 908 910 912 914 916 918 920 922 924 926 928 930 932 934 936 938 940 942 944 946 948 950 952 954 956 958 960 962 964 966 968 970 972 974 976 978 980 982 984 986 988 990 992 994 996 998 1000 1002 1004 1006 1008 1010 1012 1014 1016 1018 1020 1022 1024 1026 1028 1030 1032 1034 1036 1038 1040 1042 1044 1046 1048 1050 1052 1054 1056 1058 1060 1062 1064 1066 1068 1070 1072 1074 1076 1078 1080 1082 1084 1086 1088 1090 1092 1094 1096 1098 1100 1102 1104 1106 1108 1110 1112 1114 1116 1118 1120 1122 1124 1126 1128 1130 1132 1134 1136 1138 1140 1142 1144 1146 1148 1150 1152 1154 1156 1158 1160 1162 1164 1166 1168 1170 1172 1174 1176 1178 1180 1182 1184 1186 1188 1190 1192 1194 1196 1198 1200 1202 1204 1206 1208 1210 1212 1214 1216 1218 1220 1222 1224 1226 1228 1230 1232 1234 1236 1238 1240 1242 1244 1246 1248 1250 1252 1254 1256 1258 1260 1262 1264 1266 1268 1270 1272 1274 1276 1278 1280 1282 1284 1286 1288 1290 1292 1294 1296 1298 1300 1302 1304 1306 1308 1310 1312 1314 1316 1318 1320 1322 1324 1326 1328 1330 1332 1334 1336 1338 1340 1342 1344 1346 1348 1350 1352 1354 1356 1358 1360 1362 1364 1366 1368 1370 1372 1374 1376 1378 1380 1382 1384 1386 1388 1390 1392 1394 1396 1398 1400 1402 1404 1406 1408 1410 1412 1414 1416 1418 1420 1422 1424 1426 1428 1430 1432 1434 1436 1438 1440 1442 1444 1446 1448 1450 1452 1454 1456 1458 1460 1462 1464 1466 1468 1470 1472 1474 1476 1478 1480 1482 1484 1486 1488 1490 1492 1494 1496 1498 1500 1502 1504 1506 1508 1510 1512 1514 1516 1518 1520 1522 1524 1526 1528 1530 1532 1534 1536 1538 1540 1542 1544 1546 1548 1550 1552 1554 1556 1558 1560 1562 1564 1566 1568 1570 1572 1574 1576 1578 1580 1582 1584 1586 1588 1590 1592 1594 1596 1598 1600 1602 1604 1606 1608 1610 1612 1614 1616 1618 1620 1622 1624 1626 1628 1630 1632 1634 1636 1638 1640 1642 1644 1646 1648 1650 1652 1654 1656 1658 1660 1662 1664 1666 1668 1670 1672 1674 1676 1678 1680 1682 1684 1686 1688 1690 1692 1694 1696 1698 1700 1702 1704 1706 1708 1710 1712 1714 1716 1718 1720 1722 1724 1726 1728 1730 1732 1734 1736 1738 1740 1742 1744 1746 1748 1750 1752 1754 1756 1758 1760 1762 1764 1766 1768 1770 1772 1774 1776 1778 1780 1782 1784 1786 1788 1790 1792 1794 1796 1798 1800 1802 1804 1806 1808 1810 1812 1814 1816 1818 1820 1822 1824 1826 1828 1830 1832 1834 1836 1838 1840 1842 1844 1846 1848 1850 1852 1854 1856 1858 1860 1862 1864 1866 1868 1870 1872 1874 1876 1878 1880 1882 1884 1886 1888 1890 1892 1894 1896 1898 1900 1902 1904 1906 1908 1910 1912 1914 1916 1918 1920 1922 1924 1926 1928 1930 1932 1934 1936 1938 1940 1942 1944 1946 1948 1950 1952 1954 1956 1958 1960 1962 1964 1966 1968 1970 1972 1974 1976 1978 1980 1982 1984 1986 1988 1990 1992 1994 1996 1998 2000 2002 2004 2006 2008 2010 2012 2014 2016 2018 2020 2022 2024 2026 2028 2030 2032 2034 2036 2038 2040 2042 2044 2046 2048 2050 2052 2054 2056 2058 2060 2062 2064 2066 2068 2070 2072 2074 2076 2078 2080 2082 2084 2086 2088 2090 2092 2094 2096 2098 2100 2102 2104 2106 2108 2110 2112 2114 2116 2118 2120 2122 2124 2126 2128 2130 2132 2134 2136 2138 2140 2142 2144 2146 2148 2150 2152 2154 2156 2158 2160 2162 2164 2166 2168 2170 2172 2174 2176 2178 2180 2182 2184 2186 2188 2190 2192 2194 2196 2198 2200 2202 2204 2206 2208 2210 2212 2214 2216 2218 2220 2222 2224 2226 2228 2230 2232 2234 2236 2238 2240 2242 2244 2246 2248 2250 2252 2254 2256 2258 2260 2262 2264 2266 2268 2270 2272 2274 2276 2278 2280 2282 2284 2286 2288 2290 2292 2294 2296 2298 2300 2302 2304 2306 2308 2310 2312 2314 2316 2318 2320 2322 2324 2326 2328 2330 2332 2334 2336 2338 2340 2342 2344 2346 2348 2350 2352 2354 2356 2358 2360 2362 2364 2366 2368 2370 2372 2374 2376 2378 2380 2382 2384 2386 2388 2390 2392 2394 2396 2398 2400 2402 2404 2406 2408 2410 2412 2414 2416 2418 2420 2422 2424 2426 2428 2430 2432 2434 2436 2438 2440 2442 2444 2446 2448 2450 2452 2454 2456 2458 2460 2462 2464 2466 2468 2470 2472 2474 2476 2478 2480 2482 2484 2486 2488 2490 2492 2494 2496 2498 2500 2502 2504 2506 2508 2510 2512 2514 2516 2518 2520 2522 2524 2526 2528 2530 2532 2534 2536 2538 2540 2542 2544 2546 2548 2550 2552 2554 2556 2558 2560 2562 2564 2566 2568 2570 2572 2574 2576 2578 2580 2582 2584 2586 2588 2590 2592 2594 2596 2598 2600 2602 2604 2606 2608 2610 2612 2614 2616 2618 2620 2622 2624 2626 2628 2630 2632 2634 2636 2638 2640 2642 2644 2646 2648 2650 2652 2654 2656 2658 2660 2662 2664 2666 2668 2670 2672 2674 2676 2678 2680 2682 2684 2686 2688 2690 2692 2694 2696 2698 2700 2702 2704 2706 2708 2710 2712 2714 2716 2718 2720 2722 2724 2726 2728 2730 2732 2734 2736 2738 2740 2742 2744 2746 2748 2750 2752 2754 2756 2758 2760 2762 2764 2766 2768 2770 2772 2774 2776 2778 2780 2782 2784 2786 2788 2790 2792 2794 2796 2798 2800 2802 2804 2806 2808 2810 2812 2814 2816 2818 2820 2822 2824 2826 2828 2830 2832 2834 2836 2838 2840 2842 2844 2846 2848 2850 2852 2854 2856 2858 2860 2862 2864 2866 2868 2870 2872 2874 2876 2878 2880 2882 2884 2886 2888 2890 2892 2894 2896 2898 2900 2902 2904 2906 2908 2910 2912 2914 2916 2918 2920 2922 2924 2926 2928 2930 2932 2934 2936 2938 2940 2942 2944 2946 2948 2950 2952 2954 2956 2958 2960 2962 2964 2966 2968 2970 2972 2974 2976 2978 2980 2982 2984 2986 2988 2990 2992 2994 2996 2998 3000 3002 3004 3006 3008 3010 3012 3014 3016 3018 3020 3022 3024 3026 3028 3030 3032 3034 3036 3038 3040 3042 3044 3046 3048 3050 3052 3054 3056 3058 3060 3062 3064 3066 3068 3070 3072 3074 3076 3078 3080 3082 3084 3086 3088 3090 3092 3094 3096 3098 3100 3102 3104 3106 3108 3110 3112 3114 3116 3118 3120 3122 3124 3126 3128 3130 3132 3134 3136 3138 3140 3142 3144 3146 3148 3150 3152 3154 3156 3158 3160 3162 3164 3166 3168 3170 3172 3174 3176 3178 3180 3182 3184 3186 3188 3190 3192 3194 3196 3198 3200 3202 3204 3206 3208 3210 3212 3214 3216 3218 3220 3222 3224 3226 3228 3230 3232 3234 3236 3238 3240 3242 3244 3246 3248 3250 3252 3254 3256 3258 3260 3262 3264 3266 3268 3270 3272 3274 3276 3278 3280 3282 3284 3286 3288 3290 3292 3294 3296 3298 3300 3302 3304 3306 3308 3310 3312 3314 3316 3318 3320 3322 3324 3326 3328 3330 3332 3334 3336 3338 3340 3342 3344 3346 3348 3350 3352 3354 3356 3358 3360 3362 3364 3366 3368 3370 3372 3374 3376 3378 3380 3382 3384 3386 3388 3390 3392 3394 3396 3398 3400 3402 3404 3406 3408 3410 3412 3414 3416 3418 3420 3422 3424 3426 3428 3430 3432 3434 3436 3438 3440 3442 3444 3446 3448 3450 3452 3454 3456 3458 3460 3462 3464 3466 3468 3470 3472 3474 3476 3478 3480 3482 3484 3486 3488 3490 3492 3494 3496 3498 3500 3502 3504 3506 3508 3510 3512 3514 3516 3518 3520 3522 3524 3526 3528 3530 3532 3534 3536 3538 3540 3542 3544 3546 3548 3550 3552 3554 3556 3558 3560 3562 3564 3566 3568 3570 3572 3574 3576 3578 3580 3582 3584 3586 3588 3590 3592 3594 3596 3598 3600 3602 3604 3606 3608 3610 3612 3614 3616 3618 3620 3622 3624 3626 3628 3630 3632 3634 3636 3638 3640 3642 3644 3646 3648 3650 3652 3654 3656 3658 3660 3662 3664 3666 3668 3670 3672 3674 3676 3678 3680 3682 3684 3686 3688 3690 3692 3694 3696 3698 3700 3702 3704 3706 3708 3710 3712 3714 3716 3718 3720 3722 3724 3726 3728 3730 3732 3734 3736 3738 3740 3742 3744 3746 3748 3750 3752 3754 3756 3758 3760 3762 3764 3766 3768 3770 3772 3774 3776 3778 3780 3782 3784 3786 3788 3790 3792 3794 3796 3798 3800 3802 3804 3806 3808 3810 3812 3814 3816 3818 3820 3822 3824 3826 3828 3830 3832 3834 3836 3838 3840 3842 3844 3846 3848 3850 3852 3854 3856 3858 3860 3862 3864 3866 3868 3870 3872 3874 3876 3878 3880 3882 3884 3886 3888 3890 3892 3894 3896 3898 3900 3902 3904 3906 3908 3910 3912 3914 3916 3918 3920 3922 3924 3926 3928 3930 3932 3934 3936 3938 3940 3942 3944 3946 3948 3950 3952 3954 3956 3958 3960 3962 3964 3966 3968 3970 3972 3974 3976 3978 3980 3982 3984 3986 3988 3990 3992 3994 3996 3998 4000 4002 4004 4006 4008 4010 4012 4014 4016 4018 4020 4022 4024 4026 4028 4030 4032 4034 4036 4038 4040 4042 4044 4046 4048 4050 4052 4054 4056 4058 4060 4062 4064 4066 4068 4070 4072 4074 4076 4078 4080 4082 4084 4086 4088 4090 4092 4094 4096 4098 4100 4102 4104 4106 4108 4110 4112 4114 4116 4118 4120 4122 4124 4126 4128 4130 4132 4134 4136 4138 4140 4142 4144 4146 4148 4150 4152 4154 4156 4158 4160 4162 4164 4166 4168 4170 4172 4174 4176 4178 4180 4182 4184 4186 4188 4190 4192 4194 4196 4198 4200 4202 4204 4206 4208 4210 4212 4214 4216 4218 4220 4222 4224 4226 4228 4230 4232 4234 4236 4238 4240 4242 4244 4246 4248 4250 4252 4254 4256 4258 4260 4262 4264 4266 4268 4270 4272 4274 4276 4278 4280 4282 4284 4286 4288 4290 4292 4294 4296 4298 4300 4302 4304 4306 4308 4310 4312 4314 4316 4318 4320 4322 4324 4326 4328 4330 4332 4334 4336 4338 4340 4342 4344 4346 4348 4350 4352 4354 4356 4358 4360 4362 4364 4366 4368 4370 4372 4374 4376 4378 4380 4382 4384 4386 4388 4390 4392 4394 4396 4398 4400 4402 4404 4406 4408 4410 4412 4414 4416 4418 4420 4422 4424 4426 4428 4430 4432 4434 4436 4438 4440 4442 4444 4446 4448 4450 4452 4454 4456 4458 4460 4462 4464 4466 4468 4470 4472 4474 4476 4478 4480 4482 4484 4486 4488 4490 4492 4494 4496 4498 4500 4502 4504 4506 4508 4510 4512 4514 4516 4518 4520 4522 4524 4526 4528 4530 4532 4534 4536 4538 4540 4542 4544 4546 4548 4550 4552 4554 4556 4558 4560 4562 4564 4566 4568 4570 4572 4574 4576 4578 4580 4582 4584 4586 4588 4590 4592 4594 4596 4598 4600 4602 4604 4606 4608 4610 4612 4614 4616 4618 4620 4622 4624 4626 4628 4630 4632 4634 4636 4638 4640 4642 4644 4646 4648 4650 4652 4654 4656 4658 4660 4662 4664 4666 4668 4670 4672 4674 4676 4678 4680 4682 4684 4686 4688 4690 4692 4694 4696 4698 4700 4702 4704 4706 4708 4710 4712 4714 4716 4718 4720 4722 4724 4726 4728 4730 4732 4734 4736 4738 4740 4742 4744 4746 4748 4750 4752 4754 4756 4758 4760 4762 4764 4766 4768 4770 4772 4774 4776 4778 4780 4782 4784 4786 4788 4790 4792 4794 4796 4798 4800 4802 4804 4806 4808 4810 4812 4814 4816 4818 4820 4822 4824 4826 4828 4830 4832 4834 4836 4838 4840 4842 4844 4846 4848 4850 4852 4854 4856 4858 4860 4862 4864 4866 4868 4870 4872 4874 4876 4878 4880 4882 4884 4886 4888 4890 4892 4894 4896 4898 4900 4902 4904 4906 4908 4910 4912 4914 4916 4918 4920 4922 4924 4926 4928 4930 4932 4934 4936 4938 4940 4942 4944 4946 4948 4950 4952 4954 4956 4958 4960 4962 4964 4966 4968 4970 4972 4974 4976 4978 4980 4982 4984 4986 4988 4990 4992 4994 4996 4998 5000 5002 5004 5006 5008 5010 5012 5014 5016 5018 5020 5022 5024 5026 5028 5030 5032 5034 5036 5038 5040 5042 5044 5046 5048 5050 5052 5054 5056 5058 5060 5062 5064 5066 5068 5070 5072 5074 5076 5078 5080 5082 5084 5086 5088 5090 5092 5094 5096 5098 5100 5102 5104 5106 5108 5110 5112 5114 5116 5118 5120 5122 5124 5126 5128 5130 5132 5134 5136 5138 5140 5142 5144 5146 5148 5150 5152 5154 5156 5158 5160 5162 5164 5166 5168 5170 5172 5174 5176 5178 5180 5182 5184 5186 5188 5190 5192 5194 5196 5198 5200 5202 5204 5206 5208 5210 5212 5214 5216 5218 5220 5222 5224 5226 5228 5230 5232 5234 5236 5238 5240 5242 5244 5246 5248 5250 5252 5254 5256 5258 5260 5262 5264 5266 5268 5270 5272 5274 5276 5278 5280 5282 5284 5286 5288 5290 5292 5294 5296 5298 5300 5302 5304 5306 5308 5310 5312 5314 5316 5318 5320 5322 5324 5326 5328 5330 5332 5334 5336 5338 5340 5342 5344 5346 5348 5350 5352 5354 5356 5358 5360 5362 5364 5366 5368 5370 5372 5374 5376 5378 5380 5382 5384 5386 5388 5390 5392 5394 5396 5398 5400 5402 5404 5406 5408 5410 5412 5414 5416 5418 5420 5422 5424 5426 5428 5430 5432 5434 5436 5438 5440 5442 5444 5446 5448 5450 5452 5454 5456 5458 5460 5462 5464 5466 5468 5470 5472 5474 5476 5478 5480 5482 5484 5486 5488 5490 5492 5494 5496 5498 5500 5502 5504 5506 5508 5510 5512 5514 5516 5518 5520 5522 5524 5526 5528 5530 5532 5534 5536 5538 5540 5542 5544 5546 5548 5550 5552 5554 5556 5558 5560 5562 5564 5566 5568 5570 5572 5574 5576 5578 5580 5582 5584 5586 5588 5590 5592 5594 5596 5598 5600 5602 5604 5606 5608 5610 5612 5614 5616 5618 5620 5622 5624 5626 5628 5630 5632 5634 5636 5638 5640 5642 5644 5646 5648 5650 5652 5654 5656 5658 5660 5662 5664 5666 5668 5670 5672 5674 5676 5678 5680 5682 5684 5686 5688 5690 5692 5694 5696 5698 5700 5702 5704 5706 5708 5710 5712 5714 5716 5718 5720 5722 5724 5726 5728 5730 5732 5734 5736 5738 5740 5742 5744 5746 5748 5750 5752 5754 5756 5758 5760 5762 5764 5766 5768 5770 5772 5774 5776 5778 5780 5782 5784 5786 5788 5790 5792 5794 5796 5798 5800 5802 5804 5806 5808 5810 5812 5814 5816 5818 5820 5822 5824 5826 5828 5830 5832 5834 5836 5838 5840 5842 5844 5846 5848 5850 5852 5854 5856 5858 5860 5862 5864 5866 5868 5870 5872 5874 5876 5878 5880 5882 5884 5886 5888 5890 5892 5894 5896 5898 5900 5902 5904 5906 5908 5910 5912 5914 5916 5918 5920 5922 5924 5926 5928 5930 5932 5934 5936 5938 5940 5942 5944 5946 5948 5950 5952 5954 5956 5958 5960 5962 5964 5966 5968 5970 5972 5974 5976 5978 5980 5982 5984 5986 5988 5990 5992 5994 5996 5998 6000 6002 6004 6006 6008 6010 6012 6014 6016 6018 6020 6022 6024 6026 6028 6030 6032 6034 6036 6038 6040 6042 6044 6046 6048 6050 6052 6054 6056 6058 6060 6062 6064 6066 6068 6070 6072 6074 6076 6078 6080 6082 6084 6086 6088 6090 6092 6094 6096 6098 6100 6102 6104 6106 6108 6110 6112 6114 6116 6118 6120 6122 6124 6126 6128 6130 6132 6134 6136 6138 6140 6142 6144 6146 6148 6150 6152 6154 6156 6158 6160 6162 6164 6166 6168 6170 6172 6174 6176 6178 6180 6182 6184 6186 6188 6190 6192 6194 6196 6198 6200 6202 6204 6206 6208 6210 6212 6214 6216 6218 6220 6222 6224 6226 6228 6230 6232 6234 6236 6238 6240 6242 6244 6246 6248 6250 6252 6254 6256 6258 6260 6262 6264 6266 6268 6270 6272 6274 6276 6278 6280 6282 6284 6286 6288 6290 6292 6294 6296 6298 6300 6302 6304 6306 6308 6310 6312 6314 6316 6318 6320 6322 6324 6326 6328 6330 6332 6334 6336 6338 6340 6342 6344 6346 6348 6350 6352 6354 6356 6358 6360 6362 6364 6366 6368 6370 6372 6374 6376 6378 6380 6382 6384 6386 6388 6390 6392 6394 6396 6398 6400 6402 6404 6406 6408 6410 6412 6414 6416 6418 6420 6422 6424 6426 6428 6430 6432 6434 6436 6438 6440 6442 6444 6446 6448 6450 6452 6454 6456 6458 6460 6462 6464 6466 6468 6470 6472 6474 6476 6478 6480 6482 6484 6486 6488 6490 6492 6494 6496 6498 6500 6502 6504 6506 6508 6510 6512 6514 6516 6518 6520 6522 6524 6526 6528 6530 6532 6534 6536 6538 6540 6542 6544 6546 6548 6550 6552 6554 6556 6558 6560 6562 6564 6566 6568 6570 6572 6574 6576 6578 6580 6582 6584 6586 6588 6590 6592 6594 6596 6598 6600 6602 6604 6606 6608 6610 6612 6614 6616 6618 6620 6622 6624 6626 6628 6630 6632 6634 6636 6638 6640 6642 6644 6646 6648 6650 6652 6654 6656 6658 6660 6662 6664 6666 6668 6670 6672 6674 6676 6678 6680 6682 6684 6686 6688 6690 6692 6694 6696 6698 6700 6702 6704 6706 6708 6710 6712 6714 6716 6718 6720 6722 6724 6726 6728 6730 6732 6734 6736 6738 6740 6742 6744 6746 6748 6750 6752 6754 6756 6758 6760 6762 6764 6766 6768 6770 6772 6774 6776 6778 6780 6782 6784 6786 6788 6790 6792 6794 6796 6798 6800 6802 6804 6806 6808 6810 6812 6814 6816 6818 6820 6822 6824 6826 6828 6830 6832 6834 6836 6838 6840 6842 6844 6846 6848 6850 6852 6854 6856 6858 6860 6862 6864 6866 6868 6870 6872 6874 6876 6878 6880 6882 6884 6886 6888 6890 6892 6894 6896 6898 6900 6902 6904 6906 6908 6910 6912 6914 6916 6918 6920 6922 6924 6926 6928 6930 6932 6934 6936 6938 6940 6942 6944 6946 6948 6950 6952 6954 6956 6958 6960 6962 6964 6966 6968 6970 6972 6974 6976 6978 6980 6982 6984 6986 6988 6990 6992 6994 6996 6998 7000 7002 7004 7006 7008 7010 7012 7014 7016 7018 7020 7022 7024 7026 7028 7030 7032 7034 7036 7038 7040 7042 7044 7046 7048 7050 7052 7054 7056 7058 7060 7062 7064 7066 7068 7070 7072 7074 7076 7078 7080 7082 7084 7086 7088 7090 7092 7094 7096 7098 7100 7102 7104 7106 7108 7110 7112 7114 7116 7118 7120 7122 7124 7126 7128 7130 7132 7134 7136 7138 7140 7142 7144 7146 7148 7150 7152 7154 7156 7158 7160 7162 7164 7166 7168 7170 7172 7174 7176 7178 7180 7182 7184 7186 7188 7190 7192 7194 7196 7198 7200 7202 7204 7206 7208 7210 7212 7214 7216 7218 7220 7222 7224 7226 7228 7230 7232 7234 7236 7238 7240 7242 7244 7246 7248 7250 7252 7254 7256 7258 7260 7262 7264 7266 7268 7270 7272 7274 7276 7278 7280 7282 7284 7286 7288 7290 7292 7294 7296 7298 7300 7302 7304 7306 7308 7310 7312 7314 7316 7318 7320 7322 7324 7326 7328 7330 7332 7334 7336 7338 7340 7342 7344 7346 7348 7350 7352 7354 7356 7358 7360 7362 7364 7366 7368 7370 7372 7374 7376 7378 7380 7382 7384 7386 7388 7390 7392 7394 7396 7398 7400 7402 7404 7406 7408 7410 7412 7414 7416 7418 7420 7422 7424 7426 7428 7430 7432 7434 7436 7438 7440 7442 7444 7446 7448 7450 7452 7454 7456 7458 7460 7462 7464 7466 7468 7470 7472 7474 7476 7478 7480 7482 7484 7486 7488 7490 7492 7494 7496 7498 7500 7502 7504 7506 7508 7510 7512 7514 7516 7518 7520 7522 7524 7526 7528 7530 7532 7534 7536 7538 7540 7542 7544 7546 7548 7550 7552 7554 7556 7558 7560 7562 7564 7566 7568 7570 7572 7574 7576 7578 7580 7582 7584 7586 7588 7590 7592 7594 7596 7598 7600 7602 7604 7606 7608 7610 7612 7614 7616 7618 7620 7622 7624 7626 7628 7630 7632 7634 7636 7638 7640 7642 7644 7646 7648 7650 7652 7654 7656 7658 7660 7662 7664 7666 7668 7670 7672 7674 7676 7678 7680 7682 7684 7686 7688 7690 7692 7694 7696 7698 7700 7702 7704 7706 7708 7710 7712 7714 7716 7718 7720 7722 7724 7726 7728 7730 7732 7734 7736 7738 7740 7742 7744 7746 7748 7750 7752 7754 7756 7758 7760 7762 7764 7766 7768 7770 7772 7774 7776 7778 7780 7782 7784 7786 7788 7790 7792 7794 7796 7798 7800 7802 7804 7806 7808 7810 7812 7814 7816 7818 7820 7822 7824 7826 7828 7830 7832 7834 7836 7838 7840 7842 7844 7846 7848 7850 7852 7854 7856 7858 7860 7862 7864 7866 7868 7870 7872 7874 7876 7878 7880 7882 7884 7886 7888 7890 7892 7894 7896 7898 7900 7902 7904 7906 7908 7910 7912 7914 7916 7918 7920 7922 7924 7926 7928 7930 7932 7934 7936 7938 7940 7942 7944 7946 7948 7950 7952 7954 7956 7958 7960 7962 7964 7966 7968 7970 7972 7974 7976 7978 7980 7982 7984 7986 7988 7990 7992 7994 7996 7998 8000 8002 8004 8006 8008 8010 8012 8014 8016 8018 8020 8022 8024 8026 8028 8030 8032 8034 8036 8038 8040 8042 8044 8046 8048 8050 8052 8054 8056 8058 8060 8062 8064 8066 8068 8070 8072 8074 8076 8078 8080 8082 8084 8086 8088 8090 8092 8094 8096 8098 8100 8102 8104 8106 8108 8110 8112 8114 8116 8118 8120 8122 8124 8126 8128 8130 8132 8134 8136 8138 8140 8142 8144 8146 8148 8150 8152 8154 8156 8158 8160 8162 8164 8166 8168 8170 8172 8174 8176 8178 8180 8182
</DataArray>
      </Lines>
    </Piece>
  </PolyData>
</VTKFile>
