pore_id,particle_index,particle_id
0,1703,1704
0,1710,1711
0,1717,1718
0,1751,1752
1,1703,1704
1,1749,1750
1,1751,1752
1,1783,1784
2,1710,1711
2,1742,1743
2,1749,1750
2,1751,1752
3,1703,1704
3,1710,1711
3,1749,1750
3,1751,1752
4,1681,1682
4,1786,1787
4,1823,1824
4,1842,1843
5,431,432
5,450,451
5,484,485
5,504,505
6,1701,1702
6,1777,1778
6,1807,1808
6,1829,1830
7,1701,1702
7,1765,1766
7,1777,1778
7,1829,1830
8,1556,1557
8,1703,1704
8,1751,1752
8,1783,1784
9,1556,1557
9,1749,1750
9,1751,1752
9,1783,1784
10,1703,1704
10,1710,1711
10,1753,1754
10,1796,1797
11,1703,1704
11,1710,1711
11,1717,1718
11,1753,1754
12,15,16
12,61,62
12,362,363
12,391,392
13,1748,1749
13,1765,1766
13,1777,1778
13,1829,1830
14,1748,1749
14,1777,1778
14,1807,1808
14,1829,1830
15,1616,1617
15,1728,1729
15,1807,1808
15,1812,1813
16,1616,1617
16,1728,1729
16,1790,1791
16,1812,1813
17,55,56
17,70,71
17,92,93
17,372,373
18,21,22
18,73,74
18,108,109
18,285,286
19,6,7
19,73,74
19,108,109
19,152,153
20,21,22
20,73,74
20,108,109
20,152,153
21,1411,1412
21,1541,1542
21,1565,1566
21,1665,1666
22,1541,1542
22,1574,1575
22,1665,1666
22,1809,1810
23,115,116
23,141,142
23,271,272
23,394,395
24,141,142
24,271,272
24,394,395
24,524,525
25,182,183
25,183,184
25,243,244
25,524,525
26,182,183
26,183,184
26,271,272
26,524,525
27,183,184
27,271,272
27,394,395
27,524,525
28,463,464
28,486,487
28,504,505
28,598,599
29,486,487
29,504,505
29,516,517
29,712,713
30,61,62
30,362,363
30,391,392
30,554,555
31,61,62
31,262,263
31,362,363
31,554,555
32,15,16
32,61,62
32,391,392
32,554,555
33,1705,1706
33,1717,1718
33,1746,1747
33,1809,1810
34,1651,1652
34,1705,1706
34,1717,1718
34,1809,1810
35,1453,1454
35,1651,1652
35,1705,1706
35,1809,1810
36,1703,1704
36,1705,1706
36,1717,1718
36,1751,1752
37,1556,1557
37,1703,1704
37,1705,1706
37,1751,1752
38,1556,1557
38,1703,1704
38,1705,1706
38,1783,1784
39,1694,1695
39,1786,1787
39,1823,1824
39,1842,1843
40,1681,1682
40,1694,1695
40,1786,1787
40,1842,1843
41,1666,1667
41,1681,1682
41,1694,1695
41,1786,1787
42,1678,1679
42,1811,1812
42,1840,1841
42,1846,1847
43,1616,1617
43,1715,1716
43,1790,1791
43,1812,1813
44,1249,1250
44,1283,1284
44,1360,1361
44,1366,1367
45,431,432
45,484,485
45,747,748
45,780,781
46,57,58
46,71,72
46,141,142
46,344,345
47,57,58
47,71,72
47,141,142
47,524,525
48,57,58
48,141,142
48,394,395
48,524,525
49,57,58
49,183,184
49,394,395
49,524,525
50,61,62
50,90,91
50,262,263
50,362,363
51,124,125
51,136,137
51,221,222
51,368,369
52,70,71
52,92,93
52,117,118
52,372,373
53,1616,1617
53,1788,1789
53,1807,1808
53,1812,1813
54,1701,1702
54,1788,1789
54,1807,1808
54,1829,1830
55,1788,1789
55,1807,1808
55,1812,1813
55,1829,1830
56,239,240
56,296,297
56,371,372
56,379,380
57,21,22
57,73,74
57,147,148
57,152,153
58,21,22
58,73,74
58,147,148
58,285,286
59,95,96
59,155,156
59,242,243
59,352,353
60,1753,1754
60,1779,1780
60,1796,1797
60,1833,1834
61,1735,1736
61,1779,1780
61,1796,1797
61,1833,1834
62,1735,1736
62,1779,1780
62,1830,1831
62,1833,1834
63,9,10
63,57,58
63,71,72
63,344,345
64,9,10
64,95,96
64,242,243
64,352,353
65,9,10
65,57,58
65,71,72
65,387,388
66,9,10
66,95,96
66,242,243
66,384,385
67,42,43
67,132,133
67,155,156
67,352,353
68,42,43
68,94,95
68,132,133
68,352,353
69,18,19
69,42,43
69,51,52
69,272,273
70,51,52
70,272,273
70,330,331
70,352,353
71,42,43
71,51,52
71,272,273
71,352,353
72,51,52
72,94,95
72,330,331
72,352,353
73,42,43
73,51,52
73,94,95
73,352,353
74,886,887
74,897,898
74,971,972
74,1040,1041
75,856,857
75,897,898
75,971,972
75,1040,1041
76,484,485
76,511,512
76,515,516
76,780,781
77,450,451
77,504,505
77,519,520
77,606,607
78,463,464
78,504,505
78,519,520
78,606,607
79,598,599
79,669,670
79,781,782
79,912,913
80,486,487
80,598,599
80,669,670
80,811,812
81,701,702
81,743,744
81,811,812
81,912,913
82,598,599
82,669,670
82,811,812
82,912,913
83,743,744
83,811,812
83,912,913
83,1007,1008
84,669,670
84,811,812
84,912,913
84,1007,1008
85,743,744
85,811,812
85,970,971
85,1007,1008
86,669,670
86,811,812
86,970,971
86,1007,1008
87,431,432
87,701,702
87,811,812
87,912,913
88,431,432
88,598,599
88,811,812
88,912,913
89,431,432
89,504,505
89,598,599
89,811,812
90,486,487
90,504,505
90,598,599
90,811,812
91,486,487
91,504,505
91,712,713
91,811,812
92,298,299
92,359,360
92,540,541
92,569,570
93,170,171
93,391,392
93,540,541
93,569,570
94,61,62
94,90,91
94,262,263
94,292,293
95,61,62
95,124,125
95,292,293
95,349,350
96,61,62
96,90,91
96,124,125
96,292,293
97,743,744
97,778,779
97,811,812
97,970,971
98,397,398
98,618,619
98,778,779
98,797,798
99,94,95
99,127,128
99,330,331
99,352,353
100,9,10
100,95,96
100,127,128
100,352,353
101,9,10
101,127,128
101,330,331
101,352,353
102,62,63
102,119,120
102,127,128
102,241,242
103,62,63
103,79,80
103,241,242
103,368,369
104,431,432
104,548,549
104,701,702
104,747,748
105,431,432
105,548,549
105,701,702
105,811,812
106,431,432
106,484,485
106,504,505
106,548,549
107,431,432
107,504,505
107,548,549
107,811,812
108,504,505
108,548,549
108,712,713
108,811,812
109,397,398
109,618,619
109,740,741
109,797,798
110,484,485
110,504,505
110,548,549
110,703,704
111,504,505
111,548,549
111,703,704
111,712,713
112,699,700
112,729,730
112,761,762
112,775,776
113,516,517
113,659,660
113,712,713
113,732,733
114,856,857
114,867,868
114,897,898
114,971,972
115,907,908
115,1002,1003
115,1054,1055
115,1117,1118
116,848,849
116,935,936
116,1149,1150
116,1184,1185
117,770,771
117,949,950
117,981,982
117,996,997
118,1480,1481
118,1522,1523
118,1630,1631
118,1683,1684
119,1522,1523
119,1556,1557
119,1683,1684
119,1783,1784
120,1522,1523
120,1556,1557
120,1705,1706
120,1783,1784
121,1453,1454
121,1522,1523
121,1556,1557
121,1705,1706
122,1669,1670
122,1694,1695
122,1823,1824
122,1842,1843
123,1669,1670
123,1694,1695
123,1696,1697
123,1842,1843
124,1669,1670
124,1728,1729
124,1790,1791
124,1823,1824
125,1669,1670
125,1790,1791
125,1823,1824
125,1842,1843
126,1666,1667
126,1694,1695
126,1762,1763
126,1786,1787
127,1666,1667
127,1742,1743
127,1749,1750
127,1762,1763
128,1669,1670
128,1694,1695
128,1696,1697
128,1762,1763
129,1666,1667
129,1681,1682
129,1694,1695
129,1759,1760
130,1480,1481
130,1556,1557
130,1683,1684
130,1759,1760
131,1666,1667
131,1749,1750
131,1759,1760
131,1762,1763
132,1666,1667
132,1694,1695
132,1759,1760
132,1762,1763
133,1556,1557
133,1683,1684
133,1759,1760
133,1783,1784
134,1556,1557
134,1749,1750
134,1759,1760
134,1783,1784
135,1749,1750
135,1759,1760
135,1762,1763
135,1783,1784
136,1694,1695
136,1696,1697
136,1759,1760
136,1762,1763
137,1683,1684
137,1696,1697
137,1759,1760
137,1783,1784
138,1696,1697
138,1759,1760
138,1762,1763
138,1783,1784
139,848,849
139,1061,1062
139,1149,1150
139,1184,1185
140,1086,1087
140,1120,1121
140,1149,1150
140,1198,1199
141,848,849
141,1086,1087
141,1120,1121
141,1149,1150
142,848,849
142,1061,1062
142,1086,1087
142,1149,1150
143,1578,1579
143,1666,1667
143,1681,1682
143,1759,1760
144,1480,1481
144,1556,1557
144,1578,1579
144,1759,1760
145,1453,1454
145,1552,1553
145,1637,1638
145,1651,1652
146,579,580
146,611,612
146,695,696
146,815,816
147,507,508
147,579,580
147,611,612
147,815,816
148,1479,1480
148,1715,1716
148,1790,1791
148,1842,1843
149,1479,1480
149,1790,1791
149,1823,1824
149,1842,1843
150,1479,1480
150,1681,1682
150,1823,1824
150,1842,1843
151,1479,1480
151,1681,1682
151,1786,1787
151,1823,1824
152,405,406
152,515,516
152,623,624
152,780,781
153,405,406
153,623,624
153,666,667
153,747,748
154,623,624
154,666,667
154,682,683
154,747,748
155,623,624
155,660,661
155,682,683
155,707,708
156,45,46
156,115,116
156,141,142
156,187,188
157,115,116
157,141,142
157,187,188
157,394,395
158,45,46
158,115,116
158,147,148
158,187,188
159,115,116
159,147,148
159,187,188
159,285,286
160,115,116
160,187,188
160,285,286
160,371,372
161,177,178
161,297,298
161,373,374
161,394,395
162,177,178
162,240,241
162,297,298
162,373,374
163,57,58
163,177,178
163,183,184
163,394,395
164,57,58
164,177,178
164,297,298
164,394,395
165,57,58
165,216,217
165,297,298
165,394,395
166,187,188
166,216,217
166,297,298
166,394,395
167,57,58
167,141,142
167,216,217
167,344,345
168,57,58
168,141,142
168,216,217
168,394,395
169,141,142
169,187,188
169,216,217
169,394,395
170,9,10
170,216,217
170,330,331
170,344,345
171,9,10
171,57,58
171,216,217
171,344,345
172,45,46
172,141,142
172,216,217
172,344,345
173,45,46
173,141,142
173,187,188
173,216,217
174,183,184
174,243,244
174,307,308
174,524,525
175,57,58
175,243,244
175,307,308
175,524,525
176,57,58
176,183,184
176,307,308
176,524,525
177,57,58
177,177,178
177,183,184
177,307,308
178,1556,1557
178,1578,1579
178,1605,1606
178,1637,1638
179,1480,1481
179,1556,1557
179,1578,1579
179,1605,1606
180,1453,1454
180,1552,1553
180,1605,1606
180,1637,1638
181,1453,1454
181,1556,1557
181,1605,1606
181,1637,1638
182,1453,1454
182,1522,1523
182,1556,1557
182,1605,1606
183,1480,1481
183,1556,1557
183,1605,1606
183,1683,1684
184,1522,1523
184,1556,1557
184,1605,1606
184,1683,1684
185,1480,1481
185,1522,1523
185,1605,1606
185,1683,1684
186,1694,1695
186,1696,1697
186,1708,1709
186,1842,1843
187,1681,1682
187,1694,1695
187,1708,1709
187,1842,1843
188,1480,1481
188,1630,1631
188,1683,1684
188,1708,1709
189,1630,1631
189,1683,1684
189,1696,1697
189,1708,1709
190,1479,1480
190,1681,1682
190,1708,1709
190,1842,1843
191,1681,1682
191,1694,1695
191,1708,1709
191,1759,1760
192,1480,1481
192,1683,1684
192,1708,1709
192,1759,1760
193,1683,1684
193,1696,1697
193,1708,1709
193,1759,1760
194,1694,1695
194,1696,1697
194,1708,1709
194,1759,1760
195,1479,1480
195,1681,1682
195,1708,1709
195,1760,1761
196,1578,1579
196,1681,1682
196,1708,1709
196,1759,1760
197,1480,1481
197,1578,1579
197,1708,1709
197,1759,1760
198,1578,1579
198,1681,1682
198,1708,1709
198,1760,1761
199,1480,1481
199,1578,1579
199,1708,1709
199,1760,1761
200,20,21
200,174,175
200,236,237
200,250,251
201,173,174
201,174,175
201,236,237
201,250,251
202,1486,1487
202,1515,1516
202,1737,1738
202,1839,1840
203,177,178
203,240,241
203,373,374
203,458,459
204,240,241
204,358,359
204,369,370
204,458,459
205,177,178
205,240,241
205,358,359
205,458,459
206,114,115
206,170,171
206,252,253
206,462,463
207,15,16
207,114,115
207,170,171
207,252,253
208,15,16
208,170,171
208,252,253
208,391,392
209,298,299
209,359,360
209,416,417
209,569,570
210,298,299
210,359,360
210,416,417
210,610,611
211,298,299
211,336,337
211,416,417
211,569,570
212,9,10
212,383,384
212,384,385
212,387,388
213,894,895
213,917,918
213,947,948
213,1198,1199
214,886,887
214,897,898
214,951,952
214,1194,1195
215,473,474
215,741,742
215,800,801
215,948,949
216,1495,1496
216,1664,1665
216,1701,1702
216,1788,1789
217,440,441
217,467,468
217,507,508
217,553,554
218,611,612
218,695,696
218,707,708
218,756,757
219,41,42
219,239,240
219,371,372
219,379,380
220,41,42
220,239,240
220,285,286
220,371,372
221,41,42
221,187,188
221,285,286
221,371,372
222,41,42
222,73,74
222,147,148
222,285,286
223,41,42
223,73,74
223,147,148
223,187,188
224,41,42
224,147,148
224,187,188
224,285,286
225,41,42
225,143,144
225,373,374
225,379,380
226,611,612
226,695,696
226,757,758
226,815,816
227,21,22
227,84,85
227,147,148
227,152,153
228,115,116
228,193,194
228,271,272
228,371,372
229,20,21
229,157,158
229,174,175
229,236,237
230,40,41
230,46,47
230,128,129
230,157,158
231,73,74
231,108,109
231,165,166
231,285,286
232,6,7
232,73,74
232,108,109
232,165,166
233,6,7
233,108,109
233,162,163
233,165,166
234,41,42
234,73,74
234,165,166
234,285,286
235,41,42
235,165,166
235,239,240
235,285,286
236,9,10
236,71,72
236,172,173
236,387,388
237,9,10
237,71,72
237,172,173
237,242,243
238,9,10
238,172,173
238,384,385
238,387,388
239,9,10
239,172,173
239,242,243
239,384,385
240,1539,1540
240,1574,1575
240,1665,1666
240,1809,1810
241,1539,1540
241,1541,1542
241,1574,1575
241,1665,1666
242,1539,1540
242,1541,1542
242,1565,1566
242,1665,1666
243,1453,1454
243,1539,1540
243,1705,1706
243,1809,1810
244,1453,1454
244,1510,1511
244,1539,1540
244,1705,1706
245,1539,1540
245,1574,1575
245,1651,1652
245,1809,1810
246,1453,1454
246,1539,1540
246,1651,1652
246,1809,1810
247,1746,1747
247,1753,1754
247,1776,1777
247,1833,1834
248,1746,1747
248,1776,1777
248,1779,1780
248,1833,1834
249,1753,1754
249,1776,1777
249,1779,1780
249,1833,1834
250,1717,1718
250,1746,1747
250,1753,1754
250,1776,1777
251,1703,1704
251,1717,1718
251,1753,1754
251,1776,1777
252,1705,1706
252,1717,1718
252,1746,1747
252,1776,1777
253,1703,1704
253,1705,1706
253,1717,1718
253,1776,1777
254,1703,1704
254,1753,1754
254,1776,1777
254,1796,1797
255,1753,1754
255,1776,1777
255,1779,1780
255,1796,1797
256,1745,1746
256,1776,1777
256,1779,1780
256,1796,1797
257,1511,1512
257,1604,1605
257,1640,1641
257,1754,1755
258,1746,1747
258,1754,1755
258,1779,1780
258,1833,1834
259,1754,1755
259,1779,1780
259,1830,1831
259,1833,1834
260,1511,1512
260,1604,1605
260,1754,1755
260,1830,1831
261,1511,1512
261,1754,1755
261,1779,1780
261,1830,1831
262,1746,1747
262,1754,1755
262,1776,1777
262,1779,1780
263,1511,1512
263,1754,1755
263,1776,1777
263,1779,1780
264,63,64
264,79,80
264,87,88
264,241,242
265,24,25
265,238,239
265,365,366
265,372,373
266,92,93
266,148,149
266,365,366
266,372,373
267,92,93
267,104,105
267,148,149
267,365,366
268,92,93
268,104,105
268,365,366
268,372,373
269,405,406
269,647,648
269,666,667
269,747,748
270,51,52
270,94,95
270,144,145
270,330,331
271,94,95
271,127,128
271,144,145
271,330,331
272,848,849
272,969,970
272,1120,1121
272,1149,1150
273,848,849
273,935,936
273,969,970
273,1149,1150
274,848,849
274,964,965
274,969,970
274,1184,1185
275,935,936
275,964,965
275,969,970
275,1184,1185
276,848,849
276,935,936
276,969,970
276,1184,1185
277,1113,1114
277,1136,1137
277,1150,1151
277,1409,1410
278,856,857
278,897,898
278,1040,1041
278,1162,1163
279,886,887
279,897,898
279,1040,1041
279,1162,1163
280,886,887
280,897,898
280,1162,1163
280,1185,1186
281,886,887
281,1040,1041
281,1162,1163
281,1185,1186
282,1113,1114
282,1136,1137
282,1150,1151
282,1162,1163
283,1113,1114
283,1150,1151
283,1162,1163
283,1168,1169
284,621,622
284,882,883
284,987,988
284,1021,1022
285,405,406
285,515,516
285,632,633
285,798,799
286,405,406
286,623,624
286,632,633
286,666,667
287,405,406
287,515,516
287,623,624
287,632,633
288,182,183
288,267,268
288,357,358
288,513,514
289,611,612
289,634,635
289,695,696
289,756,757
290,611,612
290,634,635
290,695,696
290,757,758
291,634,635
291,695,696
291,750,751
291,756,757
292,634,635
292,695,696
292,750,751
292,782,783
293,634,635
293,695,696
293,757,758
293,782,783
294,861,862
294,976,977
294,1071,1072
294,1197,1198
295,861,862
295,893,894
295,976,977
295,1071,1072
296,725,726
296,917,918
296,947,948
296,973,974
297,894,895
297,917,918
297,947,948
297,973,974
298,42,43
298,244,245
298,272,273
298,352,353
299,9,10
299,71,72
299,242,243
299,244,245
300,9,10
300,242,243
300,244,245
300,352,353
301,155,156
301,242,243
301,244,245
301,352,353
302,42,43
302,155,156
302,244,245
302,352,353
303,9,10
303,71,72
303,244,245
303,344,345
304,244,245
304,272,273
304,330,331
304,352,353
305,9,10
305,244,245
305,330,331
305,352,353
306,244,245
306,272,273
306,330,331
306,344,345
307,9,10
307,244,245
307,330,331
307,344,345
308,431,432
308,598,599
308,657,658
308,912,913
309,598,599
309,657,658
309,781,782
309,912,913
310,486,487
310,598,599
310,669,670
310,672,673
311,463,464
311,486,487
311,598,599
311,672,673
312,653,654
312,656,657
312,672,673
312,862,863
313,657,658
313,744,745
313,781,782
313,912,913
314,431,432
314,598,599
314,657,658
314,794,795
315,431,432
315,504,505
315,598,599
315,794,795
316,463,464
316,504,505
316,598,599
316,794,795
317,463,464
317,504,505
317,606,607
317,794,795
318,431,432
318,450,451
318,504,505
318,794,795
319,450,451
319,504,505
319,606,607
319,794,795
320,266,267
320,537,538
320,558,559
320,592,593
321,90,91
321,262,263
321,280,281
321,292,293
322,617,618
322,618,619
322,778,779
322,797,798
323,397,398
323,536,537
323,581,582
323,618,619
324,397,398
324,581,582
324,618,619
324,740,741
325,397,398
325,536,537
325,581,582
325,732,733
326,1251,1252
326,1349,1350
326,1566,1567
326,1587,1588
327,397,398
327,618,619
327,778,779
327,808,809
328,617,618
328,618,619
328,778,779
328,808,809
329,536,537
329,618,619
329,729,730
329,808,809
330,397,398
330,536,537
330,618,619
330,808,809
331,112,113
331,120,121
331,173,174
331,360,361
332,10,11
332,54,55
332,74,75
332,120,121
333,10,11
333,74,75
333,101,102
333,120,121
334,29,30
334,32,33
334,132,133
334,155,156
335,29,30
335,32,33
335,52,53
335,155,156
336,32,33
336,52,53
336,95,96
336,155,156
337,32,33
337,95,96
337,155,156
337,352,353
338,32,33
338,132,133
338,155,156
338,352,353
339,32,33
339,52,53
339,62,63
339,95,96
340,32,33
340,95,96
340,127,128
340,352,353
341,32,33
341,94,95
341,132,133
341,352,353
342,32,33
342,62,63
342,95,96
342,127,128
343,32,33
343,62,63
343,119,120
343,127,128
344,32,33
344,94,95
344,119,120
344,127,128
345,32,33
345,94,95
345,127,128
345,352,353
346,96,97
346,136,137
346,221,222
346,368,369
347,397,398
347,760,761
347,778,779
347,797,798
348,397,398
348,740,741
348,760,761
348,797,798
349,748,749
349,760,761
349,797,798
349,845,846
350,548,549
350,701,702
350,760,761
350,811,812
351,548,549
351,760,761
351,778,779
351,811,812
352,617,618
352,760,761
352,797,798
352,845,846
353,617,618
353,760,761
353,778,779
353,797,798
354,701,702
354,743,744
354,760,761
354,811,812
355,743,744
355,760,761
355,778,779
355,811,812
356,748,749
356,760,761
356,845,846
356,910,911
357,397,398
357,488,489
357,740,741
357,760,761
358,397,398
358,488,489
358,760,761
358,778,779
359,488,489
359,548,549
359,760,761
359,778,779
360,488,489
360,548,549
360,701,702
360,760,761
361,488,489
361,701,702
361,748,749
361,760,761
362,488,489
362,740,741
362,748,749
362,797,798
363,488,489
363,748,749
363,760,761
363,797,798
364,488,489
364,740,741
364,760,761
364,797,798
365,488,489
365,701,702
365,747,748
365,748,749
366,488,489
366,647,648
366,747,748
366,748,749
367,575,576
367,699,700
367,761,762
367,775,776
368,446,447
368,536,537
368,581,582
368,732,733
369,298,299
369,335,336
369,446,447
369,610,611
370,298,299
370,446,447
370,599,600
370,610,611
371,536,537
371,697,698
371,699,700
371,729,730
372,697,698
372,699,700
372,729,730
372,775,776
373,446,447
373,536,537
373,697,698
373,699,700
374,536,537
374,697,698
374,729,730
374,808,809
375,397,398
375,536,537
375,697,698
375,808,809
376,397,398
376,536,537
376,697,698
376,732,733
377,446,447
377,536,537
377,697,698
377,732,733
378,446,447
378,659,660
378,697,698
378,732,733
379,409,410
379,711,712
379,795,796
379,809,810
380,58,59
380,74,75
380,101,102
380,120,121
381,54,55
381,58,59
381,74,75
381,120,121
382,22,23
382,240,241
382,297,298
382,373,374
383,175,176
383,230,231
383,257,258
383,314,315
384,230,231
384,238,239
384,360,361
384,366,367
385,112,113
385,230,231
385,360,361
385,366,367
386,156,157
386,230,231
386,238,239
386,366,367
387,1,2
387,16,17
387,26,27
387,30,31
388,1113,1114
388,1168,1169
388,1196,1197
388,1319,1320
389,1067,1068
389,1113,1114
389,1196,1197
389,1319,1320
390,935,936
390,964,965
390,1035,1036
390,1184,1185
391,848,849
391,964,965
391,1035,1036
391,1184,1185
392,935,936
392,964,965
392,969,970
392,1035,1036
393,907,908
393,1002,1003
393,1054,1055
393,1076,1077
394,656,657
394,674,675
394,825,826
394,914,915
395,828,829
395,960,961
395,1079,1080
395,1119,1120
396,417,418
396,473,474
396,784,785
396,800,801
397,473,474
397,784,785
397,800,801
397,948,949
398,828,829
398,960,961
398,961,962
398,1079,1080
399,873,874
399,960,961
399,961,962
399,1188,1189
400,828,829
400,875,876
400,1079,1080
400,1199,1200
401,828,829
401,875,876
401,963,964
401,1199,1200
402,828,829
402,963,964
402,1119,1120
402,1176,1177
403,828,829
403,963,964
403,1079,1080
403,1119,1120
404,828,829
404,963,964
404,1079,1080
404,1199,1200
405,836,837
405,854,855
405,938,939
405,1151,1152
406,836,837
406,854,855
406,938,939
406,999,1000
407,1247,1248
407,1385,1386
407,1504,1505
407,1661,1662
408,1480,1481
408,1522,1523
408,1630,1631
408,1677,1678
409,1669,1670
409,1696,1697
409,1810,1811
409,1842,1843
410,1630,1631
410,1696,1697
410,1708,1709
410,1810,1811
411,1748,1749
411,1767,1768
411,1772,1773
411,1829,1830
412,1748,1749
412,1767,1768
412,1807,1808
412,1829,1830
413,1728,1729
413,1767,1768
413,1807,1808
413,1812,1813
414,1767,1768
414,1807,1808
414,1812,1813
414,1829,1830
415,1669,1670
415,1696,1697
415,1762,1763
415,1825,1826
416,1669,1670
416,1696,1697
416,1810,1811
416,1825,1826
417,1669,1670
417,1772,1773
417,1810,1811
417,1825,1826
418,1454,1455
418,1696,1697
418,1810,1811
418,1825,1826
419,1695,1696
419,1710,1711
419,1742,1743
419,1749,1750
420,1695,1696
420,1742,1743
420,1749,1750
420,1762,1763
421,1695,1696
421,1703,1704
421,1710,1711
421,1749,1750
422,1695,1696
422,1703,1704
422,1710,1711
422,1796,1797
423,1695,1696
423,1703,1704
423,1749,1750
423,1783,1784
424,1695,1696
424,1749,1750
424,1762,1763
424,1783,1784
425,1659,1660
425,1678,1679
425,1811,1812
425,1840,1841
426,1556,1557
426,1578,1579
426,1609,1610
426,1637,1638
427,1556,1557
427,1578,1579
427,1609,1610
427,1759,1760
428,1556,1557
428,1609,1610
428,1749,1750
428,1751,1752
429,1556,1557
429,1609,1610
429,1749,1750
429,1759,1760
430,1578,1579
430,1609,1610
430,1666,1667
430,1759,1760
431,1609,1610
431,1742,1743
431,1749,1750
431,1751,1752
432,1609,1610
432,1666,1667
432,1742,1743
432,1749,1750
433,1609,1610
433,1666,1667
433,1749,1750
433,1759,1760
434,507,508
434,579,580
434,803,804
434,815,816
435,467,468
435,507,508
435,553,554
435,803,804
436,507,508
436,553,554
436,579,580
436,803,804
437,472,473
437,579,580
437,803,804
437,815,816
438,443,444
438,695,696
438,757,758
438,782,783
439,443,444
439,579,580
439,695,696
439,815,816
440,443,444
440,695,696
440,757,758
440,815,816
441,443,444
441,472,473
441,579,580
441,815,816
442,611,612
442,695,696
442,707,708
442,817,818
443,660,661
443,695,696
443,707,708
443,817,818
444,579,580
444,611,612
444,695,696
444,817,818
445,507,508
445,579,580
445,611,612
445,817,818
446,623,624
446,660,661
446,780,781
446,817,818
447,623,624
447,660,661
447,707,708
447,817,818
448,623,624
448,632,633
448,707,708
448,817,818
449,515,516
449,623,624
449,632,633
449,817,818
450,515,516
450,623,624
450,780,781
450,817,818
451,1478,1479
451,1555,1556
451,1620,1621
451,1760,1761
452,1478,1479
452,1480,1481
452,1708,1709
452,1760,1761
453,624,625
453,765,766
453,782,783
453,802,803
454,765,766
454,802,803
454,885,886
454,945,946
455,401,402
455,802,803
455,885,886
455,945,946
456,908,909
456,947,948
456,973,974
456,1169,1170
457,725,726
457,908,909
457,947,948
457,973,974
458,1496,1497
458,1616,1617
458,1715,1716
458,1812,1813
459,1496,1497
459,1593,1594
459,1668,1669
459,1691,1692
460,1496,1497
460,1616,1617
460,1788,1789
460,1812,1813
461,1496,1497
461,1616,1617
461,1729,1730
461,1788,1789
462,1496,1497
462,1691,1692
462,1729,1730
462,1788,1789
463,1496,1497
463,1506,1507
463,1616,1617
463,1729,1730
464,1299,1300
464,1335,1336
464,1502,1503
464,1638,1639
465,848,849
465,964,965
465,1035,1036
465,1190,1191
466,848,849
466,1035,1036
466,1184,1185
466,1190,1191
467,1244,1245
467,1516,1517
467,1536,1537
467,1595,1596
468,27,28
468,45,46
468,84,85
468,147,148
469,27,28
469,45,46
469,187,188
469,216,217
470,18,19
470,27,28
470,45,46
470,84,85
471,18,19
471,27,28
471,84,85
471,122,123
472,18,19
472,27,28
472,51,52
472,122,123
473,27,28
473,45,46
473,216,217
473,344,345
474,27,28
474,216,217
474,330,331
474,344,345
475,18,19
475,27,28
475,45,46
475,344,345
476,27,28
476,51,52
476,144,145
476,330,331
477,27,28
477,51,52
477,122,123
477,144,145
478,18,19
478,27,28
478,272,273
478,344,345
479,18,19
479,27,28
479,51,52
479,272,273
480,27,28
480,272,273
480,330,331
480,344,345
481,27,28
481,51,52
481,272,273
481,330,331
482,57,58
482,231,232
482,307,308
482,387,388
483,57,58
483,177,178
483,231,232
483,307,308
484,177,178
484,231,232
484,307,308
484,358,359
485,177,178
485,231,232
485,240,241
485,358,359
486,231,232
486,300,301
486,358,359
486,529,530
487,0,1
487,12,13
487,33,34
487,81,82
488,0,1
488,12,13
488,33,34
488,44,45
489,0,1
489,12,13
489,44,45
489,162,163
490,183,184
490,243,244
490,307,308
490,526,527
491,182,183
491,243,244
491,357,358
491,526,527
492,182,183
492,183,184
492,243,244
492,526,527
493,182,183
493,267,268
493,357,358
493,526,527
494,182,183
494,183,184
494,267,268
494,526,527
495,231,232
495,307,308
495,358,359
495,526,527
496,231,232
496,358,359
496,526,527
496,529,530
497,231,232
497,307,308
497,526,527
497,529,530
498,177,178
498,183,184
498,358,359
498,526,527
499,177,178
499,183,184
499,307,308
499,526,527
500,177,178
500,307,308
500,358,359
500,526,527
501,167,168
501,342,343
501,411,412
501,478,479
502,100,101
502,130,131
502,173,174
502,236,237
503,100,101
503,120,121
503,130,131
503,173,174
504,28,29
504,124,125
504,136,137
504,349,350
505,28,29
505,124,125
505,136,137
505,368,369
506,28,29
506,96,97
506,136,137
506,368,369
507,63,64
507,79,80
507,241,242
507,390,391
508,63,64
508,101,102
508,241,242
508,390,391
509,101,102
509,164,165
509,241,242
509,390,391
510,83,84
510,101,102
510,164,165
510,390,391
511,90,91
511,142,143
511,280,281
511,292,293
512,25,26
512,126,127
512,142,143
512,292,293
513,126,127
513,142,143
513,280,281
513,292,293
514,1748,1749
514,1772,1773
514,1791,1792
514,1829,1830
515,1303,1304
515,1413,1414
515,1518,1519
515,1645,1646
516,1303,1304
516,1413,1414
516,1468,1469
516,1518,1519
517,1252,1253
517,1413,1414
517,1468,1469
517,1518,1519
518,1486,1487
518,1737,1738
518,1769,1770
518,1839,1840
519,294,295
519,318,319
519,369,370
519,458,459
520,318,319
520,358,359
520,369,370
520,458,459
521,170,171
521,290,291
521,391,392
521,569,570
522,170,171
522,252,253
522,290,291
522,391,392
523,218,219
523,290,291
523,391,392
523,569,570
524,218,219
524,252,253
524,290,291
524,391,392
525,170,171
525,290,291
525,336,337
525,569,570
526,170,171
526,277,278
526,290,291
526,336,337
527,218,219
527,290,291
527,416,417
527,569,570
528,170,171
528,277,278
528,290,291
528,462,463
529,170,171
529,252,253
529,290,291
529,462,463
530,290,291
530,336,337
530,416,417
530,569,570
531,114,115
531,251,252
531,252,253
531,462,463
532,52,53
532,62,63
532,95,96
532,251,252
533,15,16
533,325,326
533,362,363
533,391,392
534,15,16
534,252,253
534,325,326
534,391,392
535,15,16
535,61,62
535,325,326
535,362,363
536,124,125
536,221,222
536,325,326
536,368,369
537,90,91
537,199,200
537,325,326
537,362,363
538,79,80
538,199,200
538,325,326
538,368,369
539,61,62
539,124,125
539,221,222
539,325,326
540,15,16
540,61,62
540,221,222
540,325,326
541,61,62
541,90,91
541,124,125
541,325,326
542,61,62
542,90,91
542,325,326
542,362,363
543,218,219
543,252,253
543,319,320
543,391,392
544,319,320
544,325,326
544,362,363
544,391,392
545,252,253
545,319,320
545,325,326
545,391,392
546,199,200
546,319,320
546,325,326
546,362,363
547,446,447
547,533,534
547,610,611
547,659,660
548,446,447
548,533,534
548,659,660
548,732,733
549,516,517
549,533,534
549,659,660
549,732,733
550,335,336
550,446,447
550,533,534
550,610,611
551,335,336
551,446,447
551,533,534
551,732,733
552,298,299
552,335,336
552,533,534
552,610,611
553,298,299
553,416,417
553,533,534
553,610,611
554,298,299
554,335,336
554,336,337
554,533,534
555,298,299
555,336,337
555,416,417
555,533,534
556,218,219
556,290,291
556,416,417
556,564,565
557,300,301
557,347,348
557,388,389
557,564,565
558,424,425
558,450,451
558,504,505
558,519,520
559,205,206
559,424,425
559,523,524
559,529,530
560,424,425
560,504,505
560,703,704
560,712,713
561,424,425
561,450,451
561,484,485
561,504,505
562,424,425
562,484,485
562,504,505
562,703,704
563,424,425
563,504,505
563,516,517
563,519,520
564,424,425
564,504,505
564,516,517
564,712,713
565,362,363
565,391,392
565,534,535
565,554,555
566,391,392
566,534,535
566,540,541
566,554,555
567,319,320
567,362,363
567,391,392
567,534,535
568,218,219
568,319,320
568,391,392
568,534,535
569,218,219
569,391,392
569,534,535
569,569,570
570,391,392
570,534,535
570,540,541
570,569,570
571,359,360
571,534,535
571,540,541
571,569,570
572,359,360
572,416,417
572,534,535
572,569,570
573,218,219
573,416,417
573,534,535
573,569,570
574,206,207
574,359,360
574,416,417
574,534,535
575,206,207
575,218,219
575,416,417
575,534,535
576,206,207
576,342,343
576,359,360
576,534,535
577,206,207
577,218,219
577,416,417
577,564,565
578,206,207
578,218,219
578,347,348
578,564,565
579,175,176
579,261,262
579,314,315
579,528,529
580,175,176
580,257,258
580,261,262
580,314,315
581,9,10
581,95,96
581,180,181
581,384,385
582,9,10
582,180,181
582,383,384
582,384,385
583,95,96
583,180,181
583,251,252
583,384,385
584,180,181
584,251,252
584,383,384
584,384,385
585,9,10
585,95,96
585,127,128
585,180,181
586,62,63
586,95,96
586,180,181
586,251,252
587,62,63
587,164,165
587,180,181
587,251,252
588,62,63
588,95,96
588,127,128
588,180,181
589,62,63
589,164,165
589,180,181
589,241,242
590,62,63
590,127,128
590,180,181
590,241,242
591,9,10
591,180,181
591,383,384
591,387,388
592,894,895
592,931,932
592,1120,1121
592,1198,1199
593,894,895
593,917,918
593,931,932
593,1198,1199
594,931,932
594,1120,1121
594,1149,1150
594,1198,1199
595,1050,1051
595,1154,1155
595,1164,1165
595,1190,1191
596,867,868
596,964,965
596,1164,1165
596,1190,1191
597,867,868
597,1154,1155
597,1164,1165
597,1190,1191
598,856,857
598,867,868
598,1154,1155
598,1164,1165
599,1507,1508
599,1558,1559
599,1680,1681
599,1739,1740
600,684,685
600,765,766
600,782,783
600,793,794
601,684,685
601,750,751
601,782,783
601,793,794
602,417,418
602,473,474
602,670,671
602,784,785
603,417,418
603,473,474
603,670,671
603,822,823
604,473,474
604,514,515
604,741,742
604,800,801
605,417,418
605,473,474
605,514,515
605,800,801
606,514,515
606,741,742
606,800,801
606,948,949
607,16,17
607,55,56
607,70,71
607,76,77
608,55,56
608,70,71
608,76,77
608,372,373
609,1,2
609,16,17
609,26,27
609,76,77
610,1,2
610,16,17
610,30,31
610,76,77
611,23,24
611,55,56
611,76,77
611,372,373
612,23,24
612,55,56
612,92,93
612,372,373
613,23,24
613,55,56
613,92,93
613,161,162
614,23,24
614,92,93
614,148,149
614,372,373
615,23,24
615,92,93
615,148,149
615,161,162
616,35,36
616,100,101
616,120,121
616,173,174
617,35,36
617,120,121
617,173,174
617,360,361
618,1295,1296
618,1476,1477
618,1579,1580
618,1729,1730
619,1496,1497
619,1506,1507
619,1622,1623
619,1729,1730
620,1496,1497
620,1622,1623
620,1691,1692
620,1729,1730
621,1295,1296
621,1506,1507
621,1622,1623
621,1729,1730
622,1295,1296
622,1579,1580
622,1622,1623
622,1729,1730
623,1496,1497
623,1593,1594
623,1622,1623
623,1691,1692
624,1463,1464
624,1495,1496
624,1498,1499
624,1729,1730
625,1463,1464
625,1476,1477
625,1498,1499
625,1729,1730
626,1476,1477
626,1498,1499
626,1579,1580
626,1729,1730
627,1495,1496
627,1498,1499
627,1729,1730
627,1788,1789
628,1498,1499
628,1691,1692
628,1729,1730
628,1788,1789
629,1495,1496
629,1498,1499
629,1664,1665
629,1788,1789
630,1498,1499
630,1664,1665
630,1691,1692
630,1788,1789
631,1498,1499
631,1622,1623
631,1691,1692
631,1729,1730
632,1498,1499
632,1579,1580
632,1622,1623
632,1729,1730
633,1498,1499
633,1579,1580
633,1622,1623
633,1691,1692
634,1788,1789
634,1812,1813
634,1815,1816
634,1829,1830
635,1701,1702
635,1788,1789
635,1815,1816
635,1829,1830
636,1664,1665
636,1701,1702
636,1815,1816
636,1829,1830
637,1664,1665
637,1701,1702
637,1788,1789
637,1815,1816
638,1496,1497
638,1788,1789
638,1812,1813
638,1815,1816
639,1664,1665
639,1691,1692
639,1788,1789
639,1815,1816
640,1496,1497
640,1691,1692
640,1788,1789
640,1815,1816
641,1767,1768
641,1812,1813
641,1815,1816
641,1829,1830
642,1767,1768
642,1772,1773
642,1815,1816
642,1829,1830
643,1767,1768
643,1772,1773
643,1812,1813
643,1815,1816
644,1496,1497
644,1668,1669
644,1691,1692
644,1815,1816
645,1772,1773
645,1791,1792
645,1815,1816
645,1829,1830
646,1471,1472
646,1495,1496
646,1547,1548
646,1701,1702
647,1471,1472
647,1495,1496
647,1664,1665
647,1701,1702
648,1471,1472
648,1495,1496
648,1498,1499
648,1664,1665
649,1471,1472
649,1498,1499
649,1499,1500
649,1664,1665
650,1463,1464
650,1471,1472
650,1495,1496
650,1498,1499
651,1463,1464
651,1471,1472
651,1498,1499
651,1499,1500
652,465,466
652,507,508
652,611,612
652,817,818
653,465,466
653,611,612
653,632,633
653,707,708
654,465,466
654,611,612
654,707,708
654,817,818
655,465,466
655,632,633
655,707,708
655,817,818
656,465,466
656,507,508
656,579,580
656,817,818
657,465,466
657,515,516
657,632,633
657,817,818
658,666,667
658,682,683
658,747,748
658,952,953
659,666,667
659,682,683
659,720,721
659,952,953
660,701,702
660,747,748
660,748,749
660,952,953
661,647,648
661,747,748
661,748,749
661,952,953
662,647,648
662,666,667
662,747,748
662,952,953
663,682,683
663,701,702
663,747,748
663,952,953
664,666,667
664,682,683
664,710,711
664,720,721
665,623,624
665,666,667
665,682,683
665,710,711
666,623,624
666,682,683
666,707,708
666,710,711
667,623,624
667,632,633
667,666,667
667,710,711
668,623,624
668,632,633
668,707,708
668,710,711
669,707,708
669,710,711
669,756,757
669,849,850
670,759,760
670,849,850
670,866,867
670,901,902
671,847,848
671,1159,1160
671,1165,1166
671,1371,1372
672,847,848
672,861,862
672,1159,1160
672,1197,1198
673,847,848
673,861,862
673,898,899
673,1197,1198
674,847,848
674,861,862
674,898,899
674,1214,1215
675,861,862
675,898,899
675,976,977
675,1197,1198
676,861,862
676,893,894
676,898,899
676,976,977
677,751,752
677,898,899
677,908,909
677,1214,1215
678,6,7
678,110,111
678,162,163
678,165,166
679,0,1
679,110,111
679,162,163
679,165,166
680,6,7
680,73,74
680,110,111
680,165,166
681,41,42
681,73,74
681,110,111
681,165,166
682,0,1
682,12,13
682,110,111
682,162,163
683,751,752
683,765,766
683,945,946
683,1019,1020
684,751,752
684,765,766
684,793,794
684,1019,1020
685,765,766
685,782,783
685,793,794
685,1019,1020
686,401,402
686,802,803
686,945,946
686,1019,1020
687,765,766
687,802,803
687,945,946
687,1019,1020
688,765,766
688,782,783
688,802,803
688,1019,1020
689,624,625
689,782,783
689,802,803
689,1019,1020
690,183,184
690,267,268
690,526,527
690,559,560
691,284,285
691,440,441
691,513,514
691,559,560
692,267,268
692,440,441
692,513,514
692,559,560
693,318,319
693,358,359
693,526,527
693,559,560
694,183,184
694,271,272
694,374,375
694,394,395
695,177,178
695,373,374
695,374,375
695,394,395
696,193,194
696,271,272
696,371,372
696,374,375
697,193,194
697,296,297
697,371,372
697,374,375
698,193,194
698,296,297
698,374,375
698,566,567
699,373,374
699,374,375
699,379,380
699,566,567
700,115,116
700,271,272
700,371,372
700,374,375
701,115,116
701,271,272
701,374,375
701,394,395
702,296,297
702,371,372
702,374,375
702,379,380
703,296,297
703,374,375
703,379,380
703,566,567
704,115,116
704,187,188
704,371,372
704,374,375
705,115,116
705,187,188
705,374,375
705,394,395
706,41,42
706,371,372
706,374,375
706,379,380
707,41,42
707,187,188
707,371,372
707,374,375
708,41,42
708,373,374
708,374,375
708,379,380
709,41,42
709,187,188
709,373,374
709,374,375
710,297,298
710,373,374
710,374,375
710,394,395
711,187,188
711,297,298
711,373,374
711,374,375
712,187,188
712,297,298
712,374,375
712,394,395
713,5,6
713,46,47
713,128,129
713,157,158
714,5,6
714,20,21
714,174,175
714,250,251
715,5,6
715,20,21
715,157,158
715,174,175
716,5,6
716,20,21
716,142,143
716,250,251
717,5,6
717,46,47
717,105,106
717,312,313
718,243,244
718,307,308
718,412,413
718,526,527
719,307,308
719,412,413
719,526,527
719,529,530
720,243,244
720,357,358
720,412,413
720,546,547
721,243,244
721,357,358
721,412,413
721,526,527
722,267,268
722,357,358
722,412,413
722,526,527
723,492,493
723,546,547
723,555,556
723,585,586
724,1692,1693
724,1731,1732
724,1745,1746
724,1792,1793
725,1678,1679
725,1718,1719
725,1813,1814
725,1846,1847
726,1659,1660
726,1678,1679
726,1820,1821
726,1840,1841
727,1539,1540
727,1541,1542
727,1565,1566
727,1658,1659
728,1539,1540
728,1541,1542
728,1574,1575
728,1658,1659
729,1249,1250
729,1541,1542
729,1574,1575
729,1658,1659
730,1249,1250
730,1283,1284
730,1574,1575
730,1658,1659
731,1249,1250
731,1283,1284
731,1366,1367
731,1658,1659
732,1444,1445
732,1745,1746
732,1776,1777
732,1779,1780
733,1444,1445
733,1511,1512
733,1776,1777
733,1779,1780
734,1444,1445
734,1585,1586
734,1602,1603
734,1792,1793
735,1444,1445
735,1585,1586
735,1792,1793
735,1797,1798
736,1442,1443
736,1507,1508
736,1650,1651
736,1794,1795
737,1534,1535
737,1746,1747
737,1754,1755
737,1809,1810
738,1534,1535
738,1746,1747
738,1754,1755
738,1776,1777
739,1534,1535
739,1705,1706
739,1746,1747
739,1809,1810
740,1534,1535
740,1705,1706
740,1746,1747
740,1776,1777
741,1534,1535
741,1539,1540
741,1705,1706
741,1809,1810
742,1534,1535
742,1539,1540
742,1665,1666
742,1809,1810
743,1534,1535
743,1665,1666
743,1754,1755
743,1809,1810
744,1511,1512
744,1534,1535
744,1754,1755
744,1776,1777
745,1444,1445
745,1534,1535
745,1705,1706
745,1776,1777
746,1444,1445
746,1511,1512
746,1534,1535
746,1776,1777
747,1510,1511
747,1534,1535
747,1539,1540
747,1705,1706
748,1135,1136
748,1360,1361
748,1427,1428
748,1428,1429
749,935,936
749,1035,1036
749,1124,1125
749,1184,1185
750,935,936
750,969,970
750,1035,1036
750,1124,1125
751,881,882
751,954,955
751,1052,1053
751,1205,1206
752,881,882
752,954,955
752,963,964
752,1205,1206
753,10,11
753,54,55
753,74,75
753,139,140
754,79,80
754,135,136
754,241,242
754,368,369
755,79,80
755,87,88
755,135,136
755,241,242
756,62,63
756,135,136
756,241,242
756,368,369
757,62,63
757,119,120
757,135,136
757,241,242
758,87,88
758,119,120
758,135,136
758,241,242
759,28,29
759,96,97
759,135,136
759,368,369
760,105,106
760,190,191
760,304,305
760,345,346
761,17,18
761,190,191
761,323,324
761,345,346
762,17,18
762,105,106
762,190,191
762,345,346
763,17,18
763,105,106
763,190,191
763,312,313
764,148,149
764,154,155
764,274,275
764,365,366
765,105,106
765,190,191
765,274,275
765,304,305
766,190,191
766,274,275
766,304,305
766,317,318
767,71,72
767,172,173
767,313,314
767,387,388
768,57,58
768,243,244
768,307,308
768,313,314
769,57,58
769,71,72
769,313,314
769,387,388
770,57,58
770,307,308
770,313,314
770,387,388
771,243,244
771,307,308
771,313,314
771,412,413
772,57,58
772,71,72
772,313,314
772,524,525
773,57,58
773,243,244
773,313,314
773,524,525
774,1368,1369
774,1413,1414
774,1518,1519
774,1645,1646
775,621,622
775,871,872
775,1010,1011
775,1021,1022
776,621,622
776,871,872
776,882,883
776,1021,1022
777,688,689
777,871,872
777,1010,1011
777,1021,1022
778,871,872
778,886,887
778,971,972
778,1040,1041
779,867,868
779,964,965
779,1020,1021
779,1164,1165
780,848,849
780,969,970
780,1020,1021
780,1120,1121
781,848,849
781,964,965
781,969,970
781,1020,1021
782,823,824
782,857,858
782,894,895
782,1120,1121
783,823,824
783,857,858
783,1020,1021
783,1120,1121
784,823,824
784,969,970
784,1020,1021
784,1120,1121
785,823,824
785,894,895
785,931,932
785,1120,1121
786,823,824
786,969,970
786,1120,1121
786,1149,1150
787,823,824
787,935,936
787,969,970
787,1149,1150
788,856,857
788,867,868
788,897,898
788,1137,1138
789,856,857
789,897,898
789,1137,1138
789,1162,1163
790,856,857
790,867,868
790,1137,1138
790,1154,1155
791,867,868
791,1067,1068
791,1137,1138
791,1154,1155
792,1067,1068
792,1113,1114
792,1137,1138
792,1154,1155
793,1067,1068
793,1113,1114
793,1137,1138
793,1196,1197
794,1150,1151
794,1161,1162
794,1162,1163
794,1168,1169
795,193,194
795,293,294
795,296,297
795,566,567
796,193,194
796,284,285
796,293,294
796,566,567
797,1092,1093
797,1114,1115
797,1177,1178
797,1347,1348
798,1356,1357
798,1397,1398
798,1441,1442
798,1643,1644
799,1266,1267
799,1516,1517
799,1536,1537
799,1595,1596
800,1231,1232
800,1266,1267
800,1516,1517
800,1536,1537
801,634,635
801,702,703
801,750,751
801,899,900
802,849,850
802,866,867
802,899,900
802,901,902
803,634,635
803,750,751
803,756,757
803,899,900
804,856,857
804,1154,1155
804,1164,1165
804,1171,1172
805,856,857
805,1137,1138
805,1154,1155
805,1171,1172
806,856,857
806,1137,1138
806,1162,1163
806,1171,1172
807,1113,1114
807,1136,1137
807,1162,1163
807,1171,1172
808,1113,1114
808,1137,1138
808,1162,1163
808,1171,1172
809,866,867
809,901,902
809,904,905
809,1051,1052
810,702,703
810,899,900
810,959,960
810,1051,1052
811,613,614
811,657,658
811,660,661
811,671,672
812,431,432
812,657,658
812,671,672
812,912,913
813,623,624
813,660,661
813,671,672
813,780,781
814,613,614
814,660,661
814,671,672
814,682,683
815,623,624
815,660,661
815,671,672
815,682,683
816,431,432
816,671,672
816,701,702
816,912,913
817,657,658
817,671,672
817,744,745
817,912,913
818,613,614
818,657,658
818,671,672
818,744,745
819,431,432
819,671,672
819,747,748
819,780,781
820,623,624
820,671,672
820,747,748
820,780,781
821,431,432
821,671,672
821,701,702
821,747,748
822,671,672
822,682,683
822,701,702
822,747,748
823,623,624
823,671,672
823,682,683
823,747,748
824,500,501
824,509,510
824,553,554
824,579,580
825,472,473
825,509,510
825,579,580
825,803,804
826,509,510
826,553,554
826,579,580
826,803,804
827,472,473
827,509,510
827,616,617
827,803,804
828,467,468
828,509,510
828,553,554
828,803,804
829,598,599
829,657,658
829,781,782
829,819,820
830,598,599
830,657,658
830,794,795
830,819,820
831,463,464
831,598,599
831,794,795
831,819,820
832,168,169
832,294,295
832,318,319
832,369,370
833,168,169
833,318,319
833,358,359
833,369,370
834,656,657
834,825,826
834,914,915
834,1017,1018
835,674,675
835,787,788
835,825,826
835,1003,1004
836,674,675
836,825,826
836,914,915
836,1003,1004
837,787,788
837,841,842
837,916,917
837,1003,1004
838,621,622
838,726,727
838,987,988
838,1021,1022
839,893,894
839,976,977
839,1012,1013
839,1071,1072
840,900,901
840,903,904
840,944,945
840,1018,1019
841,944,945
841,980,981
841,1014,1015
841,1071,1072
842,893,894
842,1012,1013
842,1014,1015
842,1071,1072
843,980,981
843,1012,1013
843,1014,1015
843,1071,1072
844,980,981
844,1000,1001
844,1012,1013
844,1014,1015
845,939,940
845,944,945
845,1014,1015
845,1071,1072
846,638,639
846,656,657
846,799,800
846,1017,1018
847,657,658
847,679,680
847,744,745
847,781,782
848,657,658
848,679,680
848,781,782
848,819,820
849,613,614
849,657,658
849,679,680
849,744,745
850,613,614
850,657,658
850,660,661
850,679,680
851,743,744
851,878,879
851,912,913
851,1007,1008
852,662,663
852,743,744
852,878,879
852,1007,1008
853,653,654
853,669,670
853,781,782
853,804,805
854,722,723
854,744,745
854,804,805
854,878,879
855,669,670
855,781,782
855,804,805
855,912,913
856,744,745
856,781,782
856,804,805
856,912,913
857,722,723
857,804,805
857,882,883
857,1021,1022
858,804,805
858,882,883
858,987,988
858,1021,1022
859,722,723
859,804,805
859,882,883
859,987,988
860,726,727
860,804,805
860,987,988
860,1021,1022
861,653,654
861,726,727
861,804,805
861,1021,1022
862,651,652
862,669,670
862,804,805
862,1007,1008
863,651,652
863,653,654
863,669,670
863,804,805
864,744,745
864,804,805
864,878,879
864,912,913
865,651,652
865,726,727
865,804,805
865,987,988
866,651,652
866,653,654
866,726,727
866,804,805
867,669,670
867,804,805
867,912,913
867,1007,1008
868,804,805
868,878,879
868,912,913
868,1007,1008
869,450,451
869,606,607
869,704,705
869,794,795
870,450,451
870,484,485
870,511,512
870,704,705
871,484,485
871,511,512
871,704,705
871,780,781
872,431,432
872,450,451
872,484,485
872,704,705
873,431,432
873,450,451
873,704,705
873,794,795
874,431,432
874,484,485
874,704,705
874,780,781
875,573,574
875,588,589
875,592,593
875,602,603
876,298,299
876,359,360
876,588,589
876,610,611
877,298,299
877,359,360
877,540,541
877,588,589
878,298,299
878,588,589
878,599,600
878,610,611
879,298,299
879,540,541
879,588,589
879,599,600
880,234,235
880,537,538
880,588,589
880,592,593
881,234,235
881,588,589
881,592,593
881,602,603
882,234,235
882,342,343
882,359,360
882,534,535
883,206,207
883,234,235
883,342,343
883,359,360
884,234,235
884,359,360
884,588,589
884,610,611
885,234,235
885,588,589
885,602,603
885,610,611
886,5,6
886,19,20
886,126,127
886,312,313
887,17,18
887,19,20
887,308,309
887,312,313
888,17,18
888,19,20
888,190,191
888,312,313
889,17,18
889,19,20
889,190,191
889,323,324
890,5,6
890,19,20
890,105,106
890,312,313
891,19,20
891,105,106
891,190,191
891,312,313
892,254,255
892,323,324
892,434,435
892,478,479
893,254,255
893,342,343
893,434,435
893,478,479
894,167,168
894,254,255
894,342,343
894,478,479
895,335,336
895,482,483
895,533,534
895,732,733
896,335,336
896,446,447
896,482,483
896,732,733
897,335,336
897,446,447
897,482,483
897,581,582
898,446,447
898,482,483
898,581,582
898,732,733
899,204,205
899,335,336
899,336,337
899,482,483
900,1349,1350
900,1566,1567
900,1606,1607
900,1662,1663
901,1251,1252
901,1349,1350
901,1566,1567
901,1606,1607
902,617,618
902,778,779
902,808,809
902,827,828
903,778,779
903,808,809
903,827,828
903,970,971
904,743,744
904,778,779
904,827,828
904,970,971
905,743,744
905,760,761
905,778,779
905,827,828
906,617,618
906,760,761
906,778,779
906,827,828
907,662,663
907,827,828
907,842,843
907,1007,1008
908,743,744
908,827,828
908,970,971
908,1007,1008
909,662,663
909,743,744
909,827,828
909,1007,1008
910,662,663
910,752,753
910,827,828
910,842,843
911,628,629
911,752,753
911,827,828
911,842,843
912,748,749
912,749,750
912,760,761
912,910,911
913,701,702
913,748,749
913,749,750
913,760,761
914,748,749
914,749,750
914,910,911
914,952,953
915,701,702
915,748,749
915,749,750
915,952,953
916,682,683
916,701,702
916,749,750
916,952,953
917,682,683
917,720,721
917,749,750
917,952,953
918,628,629
918,924,925
918,926,927
918,999,1000
919,488,489
919,567,568
919,647,648
919,747,748
920,405,406
920,567,568
920,585,586
920,647,648
921,405,406
921,567,568
921,647,648
921,747,748
922,492,493
922,567,568
922,585,586
922,647,648
923,488,489
923,492,493
923,567,568
923,647,648
924,484,485
924,567,568
924,747,748
924,780,781
925,492,493
925,555,556
925,567,568
925,585,586
926,492,493
926,555,556
926,567,568
926,703,704
927,484,485
927,548,549
927,567,568
927,703,704
928,488,489
928,548,549
928,567,568
928,703,704
929,405,406
929,567,568
929,623,624
929,780,781
930,567,568
930,623,624
930,747,748
930,780,781
931,405,406
931,567,568
931,623,624
931,747,748
932,431,432
932,484,485
932,567,568
932,747,748
933,431,432
933,484,485
933,548,549
933,567,568
934,431,432
934,548,549
934,567,568
934,747,748
935,548,549
935,567,568
935,701,702
935,747,748
936,488,489
936,567,568
936,701,702
936,747,748
937,488,489
937,548,549
937,567,568
937,701,702
938,643,644
938,693,694
938,754,755
938,770,771
939,656,657
939,674,675
939,763,764
939,914,915
940,656,657
940,674,675
940,763,764
940,862,863
941,658,659
941,763,764
941,806,807
941,809,810
942,674,675
942,763,764
942,914,915
942,1003,1004
943,468,469
943,697,698
943,729,730
943,775,776
944,468,469
944,697,698
944,729,730
944,808,809
945,468,469
945,778,779
945,808,809
945,970,971
946,397,398
946,468,469
946,697,698
946,808,809
947,446,447
947,531,532
947,659,660
947,697,698
948,446,447
948,531,532
948,610,611
948,659,660
949,446,447
949,531,532
949,599,600
949,610,611
950,446,447
950,531,532
950,599,600
950,699,700
951,446,447
951,531,532
951,697,698
951,699,700
952,531,532
952,697,698
952,699,700
952,775,776
953,531,532
953,602,603
953,610,611
953,659,660
954,531,532
954,573,574
954,588,589
954,599,600
955,531,532
955,588,589
955,599,600
955,610,611
956,531,532
956,573,574
956,575,576
956,599,600
957,531,532
957,575,576
957,699,700
957,775,776
958,531,532
958,575,576
958,599,600
958,699,700
959,531,532
959,573,574
959,588,589
959,602,603
960,531,532
960,588,589
960,602,603
960,610,611
961,551,552
961,658,659
961,889,890
961,994,995
962,551,552
962,658,659
962,792,793
962,889,890
963,551,552
963,658,659
963,792,793
963,809,810
964,48,49
964,214,215
964,240,241
964,547,548
965,48,49
965,214,215
965,294,295
965,547,548
966,214,215
966,240,241
966,369,370
966,547,548
967,214,215
967,294,295
967,369,370
967,547,548
968,214,215
968,240,241
968,369,370
968,458,459
969,214,215
969,294,295
969,369,370
969,458,459
970,22,23
970,48,49
970,214,215
970,240,241
971,214,215
971,240,241
971,373,374
971,458,459
972,22,23
972,214,215
972,240,241
972,373,374
973,22,23
973,143,144
973,214,215
973,373,374
974,175,176
974,314,315
974,389,390
974,528,529
975,190,191
975,304,305
975,345,346
975,542,543
976,304,305
976,305,306
976,317,318
976,542,543
977,305,306
977,317,318
977,505,506
977,542,543
978,190,191
978,304,305
978,317,318
978,542,543
979,449,450
979,495,496
979,541,542
979,558,559
980,495,496
980,541,542
980,558,559
980,714,715
981,411,412
981,541,542
981,592,593
981,714,715
982,541,542
982,558,559
982,592,593
982,714,715
983,449,450
983,461,462
983,541,542
983,795,796
984,191,192
984,427,428
984,475,476
984,565,566
985,1,2
985,26,27
985,116,117
985,163,164
986,58,59
986,74,75
986,85,86
986,101,102
987,22,23
987,48,49
987,85,86
987,240,241
988,58,59
988,74,75
988,85,86
988,125,126
989,156,157
989,230,231
989,238,239
989,316,317
990,257,258
990,316,317
990,317,318
990,505,506
991,954,955
991,1052,1053
991,1205,1206
991,1429,1430
992,1067,1068
992,1196,1197
992,1250,1251
992,1319,1320
993,1067,1068
993,1196,1197
993,1205,1206
993,1250,1251
994,1067,1068
994,1205,1206
994,1250,1251
994,1429,1430
995,1176,1177
995,1196,1197
995,1205,1206
995,1250,1251
996,233,234
996,255,256
996,306,307
996,444,445
997,233,234
997,255,256
997,306,307
997,603,604
998,851,852
998,907,908
998,1002,1003
998,1117,1118
999,851,852
999,907,908
999,1002,1003
999,1188,1189
1000,1002,1003
1000,1054,1055
1000,1076,1077
1000,1163,1164
1001,1002,1003
1001,1054,1055
1001,1117,1118
1001,1163,1164
1002,1002,1003
1002,1065,1066
1002,1117,1118
1002,1163,1164
1003,869,870
1003,1002,1003
1003,1059,1060
1003,1076,1077
1004,828,829
1004,960,961
1004,1059,1060
1004,1119,1120
1005,907,908
1005,1002,1003
1005,1059,1060
1005,1076,1077
1006,873,874
1006,960,961
1006,961,962
1006,1059,1060
1007,828,829
1007,960,961
1007,961,962
1007,1059,1060
1008,873,874
1008,960,961
1008,1059,1060
1008,1188,1189
1009,907,908
1009,960,961
1009,1059,1060
1009,1188,1189
1010,907,908
1010,1002,1003
1010,1059,1060
1010,1188,1189
1011,407,408
1011,495,496
1011,558,559
1011,714,715
1012,17,18
1012,278,279
1012,308,309
1012,434,435
1013,278,279
1013,308,309
1013,434,435
1013,439,440
1014,266,267
1014,278,279
1014,434,435
1014,439,440
1015,17,18
1015,278,279
1015,323,324
1015,345,346
1016,17,18
1016,278,279
1016,323,324
1016,434,435
1017,407,408
1017,558,559
1017,597,598
1017,714,715
1018,573,574
1018,592,593
1018,597,598
1018,714,715
1019,537,538
1019,558,559
1019,592,593
1019,597,598
1020,558,559
1020,592,593
1020,597,598
1020,714,715
1021,266,267
1021,537,538
1021,558,559
1021,597,598
1022,573,574
1022,588,589
1022,592,593
1022,597,598
1023,537,538
1023,588,589
1023,592,593
1023,597,598
1024,573,574
1024,575,576
1024,597,598
1024,599,600
1025,573,574
1025,588,589
1025,597,598
1025,599,600
1026,403,404
1026,411,412
1026,592,593
1026,714,715
1027,403,404
1027,573,574
1027,592,593
1027,602,603
1028,403,404
1028,573,574
1028,592,593
1028,714,715
1029,1032,1033
1029,1033,1034
1029,1060,1061
1029,1225,1226
1030,1326,1327
1030,1482,1483
1030,1538,1539
1030,1591,1592
1031,1303,1304
1031,1326,1327
1031,1413,1414
1031,1645,1646
1032,1442,1443
1032,1507,1508
1032,1663,1664
1032,1794,1795
1033,1365,1366
1033,1507,1508
1033,1663,1664
1033,1794,1795
1034,544,545
1034,643,644
1034,984,985
1034,994,995
1035,643,644
1035,770,771
1035,949,950
1035,984,985
1036,621,622
1036,807,808
1036,1010,1011
1036,1021,1022
1037,656,657
1037,674,675
1037,807,808
1037,862,863
1038,621,622
1038,726,727
1038,807,808
1038,1021,1022
1039,653,654
1039,726,727
1039,807,808
1039,1021,1022
1040,653,654
1040,656,657
1040,807,808
1040,862,863
1041,653,654
1041,726,727
1041,807,808
1041,862,863
1042,638,639
1042,653,654
1042,656,657
1042,807,808
1043,638,639
1043,656,657
1043,799,800
1043,807,808
1044,689,690
1044,896,897
1044,934,935
1044,941,942
1045,840,841
1045,1119,1120
1045,1176,1177
1045,1206,1207
1046,840,841
1046,907,908
1046,1054,1055
1046,1076,1077
1047,840,841
1047,907,908
1047,1059,1060
1047,1076,1077
1048,828,829
1048,840,841
1048,1059,1060
1048,1119,1120
1049,840,841
1049,907,908
1049,960,961
1049,1059,1060
1050,840,841
1050,960,961
1050,1059,1060
1050,1119,1120
1051,673,674
1051,787,788
1051,841,842
1051,950,951
1052,673,674
1052,796,797
1052,841,842
1052,950,951
1053,621,622
1053,673,674
1053,726,727
1053,807,808
1054,673,674
1054,674,675
1054,807,808
1054,862,863
1055,673,674
1055,726,727
1055,807,808
1055,862,863
1056,673,674
1056,787,788
1056,863,864
1056,950,951
1057,673,674
1057,674,675
1057,787,788
1057,863,864
1058,674,675
1058,787,788
1058,825,826
1058,863,864
1059,787,788
1059,825,826
1059,863,864
1059,933,934
1060,825,826
1060,863,864
1060,933,934
1060,951,952
1061,787,788
1061,863,864
1061,930,931
1061,950,951
1062,863,864
1062,930,931
1062,950,951
1062,978,979
1063,787,788
1063,875,876
1063,930,931
1063,933,934
1064,828,829
1064,930,931
1064,978,979
1064,1194,1195
1065,930,931
1065,933,934
1065,951,952
1065,1194,1195
1066,787,788
1066,863,864
1066,930,931
1066,933,934
1067,863,864
1067,930,931
1067,933,934
1067,951,952
1068,863,864
1068,886,887
1068,930,931
1068,978,979
1069,863,864
1069,886,887
1069,930,931
1069,951,952
1070,930,931
1070,933,934
1070,963,964
1070,1194,1195
1071,875,876
1071,930,931
1071,933,934
1071,963,964
1072,828,829
1072,930,931
1072,963,964
1072,1194,1195
1073,828,829
1073,875,876
1073,930,931
1073,963,964
1074,886,887
1074,930,931
1074,978,979
1074,1194,1195
1075,886,887
1075,930,931
1075,951,952
1075,1194,1195
1076,473,474
1076,640,641
1076,784,785
1076,948,949
1077,949,950
1077,981,982
1077,989,990
1077,996,997
1078,737,738
1078,949,950
1078,981,982
1078,989,990
1079,796,797
1079,859,860
1079,989,990
1079,996,997
1080,841,842
1080,873,874
1080,950,951
1080,989,990
1081,796,797
1081,841,842
1081,950,951
1081,989,990
1082,981,982
1082,989,990
1082,996,997
1082,1005,1006
1083,859,860
1083,989,990
1083,996,997
1083,1005,1006
1084,854,855
1084,891,892
1084,924,925
1084,999,1000
1085,859,860
1085,891,892
1085,997,998
1085,1005,1006
1086,846,847
1086,1069,1070
1086,1189,1190
1086,1200,1201
1087,846,847
1087,1069,1070
1087,1151,1152
1087,1189,1190
1088,846,847
1088,854,855
1088,938,939
1088,1151,1152
1089,846,847
1089,854,855
1089,938,939
1089,997,998
1090,846,847
1090,958,959
1090,1069,1070
1090,1151,1152
1091,846,847
1091,958,959
1091,997,998
1091,1005,1006
1092,846,847
1092,854,855
1092,958,959
1092,1151,1152
1093,846,847
1093,854,855
1093,958,959
1093,997,998
1094,846,847
1094,864,865
1094,1069,1070
1094,1200,1201
1095,846,847
1095,888,889
1095,958,959
1095,1069,1070
1096,846,847
1096,888,889
1096,958,959
1096,1005,1006
1097,846,847
1097,864,865
1097,888,889
1097,1069,1070
1098,846,847
1098,864,865
1098,888,889
1098,1005,1006
1099,1385,1386
1099,1437,1438
1099,1504,1505
1099,1661,1662
1100,1321,1322
1100,1397,1398
1100,1403,1404
1100,1437,1438
1101,1247,1248
1101,1456,1457
1101,1467,1468
1101,1661,1662
1102,1456,1457
1102,1467,1468
1102,1612,1613
1102,1661,1662
1103,1456,1457
1103,1467,1468
1103,1597,1598
1103,1612,1613
1104,1456,1457
1104,1612,1613
1104,1661,1662
1104,1838,1839
1105,1482,1483
1105,1591,1592
1105,1599,1600
1105,1603,1604
1106,1593,1594
1106,1630,1631
1106,1668,1669
1106,1841,1842
1107,1630,1631
1107,1668,1669
1107,1810,1811
1107,1841,1842
1108,1454,1455
1108,1630,1631
1108,1810,1811
1108,1841,1842
1109,1668,1669
1109,1682,1683
1109,1772,1773
1109,1810,1811
1110,1682,1683
1110,1772,1773
1110,1810,1811
1110,1825,1826
1111,1454,1455
1111,1682,1683
1111,1810,1811
1111,1825,1826
1112,1668,1669
1112,1682,1683
1112,1810,1811
1112,1841,1842
1113,1454,1455
1113,1682,1683
1113,1810,1811
1113,1841,1842
1114,1682,1683
1114,1791,1792
1114,1832,1833
1114,1849,1850
1115,1712,1713
1115,1722,1723
1115,1743,1744
1115,1825,1826
1116,1696,1697
1116,1722,1723
1116,1762,1763
1116,1825,1826
1117,1692,1693
1117,1712,1713
1117,1722,1723
1117,1743,1744
1118,1669,1670
1118,1725,1726
1118,1772,1773
1118,1825,1826
1119,1669,1670
1119,1725,1726
1119,1767,1768
1119,1772,1773
1120,1682,1683
1120,1725,1726
1120,1772,1773
1120,1791,1792
1121,1682,1683
1121,1725,1726
1121,1791,1792
1121,1832,1833
1122,1725,1726
1122,1748,1749
1122,1767,1768
1122,1772,1773
1123,1725,1726
1123,1748,1749
1123,1772,1773
1123,1791,1792
1124,1672,1673
1124,1695,1696
1124,1703,1704
1124,1796,1797
1125,1672,1673
1125,1695,1696
1125,1745,1746
1125,1796,1797
1126,1672,1673
1126,1703,1704
1126,1776,1777
1126,1796,1797
1127,1672,1673
1127,1745,1746
1127,1776,1777
1127,1796,1797
1128,1672,1673
1128,1695,1696
1128,1703,1704
1128,1783,1784
1129,1672,1673
1129,1703,1704
1129,1705,1706
1129,1783,1784
1130,1672,1673
1130,1703,1704
1130,1705,1706
1130,1776,1777
1131,1444,1445
1131,1672,1673
1131,1745,1746
1131,1776,1777
1132,1444,1445
1132,1672,1673
1132,1745,1746
1132,1792,1793
1133,1444,1445
1133,1602,1603
1133,1672,1673
1133,1792,1793
1134,1672,1673
1134,1692,1693
1134,1745,1746
1134,1792,1793
1135,1672,1673
1135,1692,1693
1135,1695,1696
1135,1745,1746
1136,1672,1673
1136,1692,1693
1136,1695,1696
1136,1722,1723
1137,1672,1673
1137,1692,1693
1137,1743,1744
1137,1792,1793
1138,848,849
1138,1050,1051
1138,1109,1110
1138,1190,1191
1139,1061,1062
1139,1109,1110
1139,1184,1185
1139,1376,1377
1140,848,849
1140,1061,1062
1140,1109,1110
1140,1184,1185
1141,848,849
1141,1109,1110
1141,1184,1185
1141,1190,1191
1142,843,844
1142,1006,1007
1142,1044,1045
1142,1169,1170
1143,1061,1062
1143,1109,1110
1143,1216,1217
1143,1376,1377
1144,1445,1446
1144,1478,1479
1144,1480,1481
1144,1708,1709
1145,1445,1446
1145,1478,1479
1145,1555,1556
1145,1760,1761
1146,1445,1446
1146,1478,1479
1146,1708,1709
1146,1760,1761
1147,1445,1446
1147,1479,1480
1147,1555,1556
1147,1715,1716
1148,1445,1446
1148,1479,1480
1148,1555,1556
1148,1760,1761
1149,1445,1446
1149,1479,1480
1149,1708,1709
1149,1760,1761
1150,1445,1446
1150,1479,1480
1150,1715,1716
1150,1842,1843
1151,1445,1446
1151,1479,1480
1151,1708,1709
1151,1842,1843
1152,652,653
1152,725,726
1152,917,918
1152,973,974
1153,943,944
1153,1099,1100
1153,1219,1220
1153,1288,1289
1154,833,834
1154,857,858
1154,874,875
1154,887,888
1155,887,888
1155,947,948
1155,973,974
1155,1169,1170
1156,887,888
1156,894,895
1156,947,948
1156,973,974
1157,887,888
1157,947,948
1157,1006,1007
1157,1169,1170
1158,887,888
1158,1006,1007
1158,1044,1045
1158,1169,1170
1159,861,862
1159,874,875
1159,887,888
1159,1214,1215
1160,887,888
1160,908,909
1160,973,974
1160,1169,1170
1161,887,888
1161,908,909
1161,1169,1170
1161,1214,1215
1162,874,875
1162,887,888
1162,908,909
1162,973,974
1163,874,875
1163,887,888
1163,908,909
1163,1214,1215
1164,835,836
1164,848,849
1164,1020,1021
1164,1120,1121
1165,835,836
1165,857,858
1165,1020,1021
1165,1120,1121
1166,833,834
1166,835,836
1166,857,858
1166,1020,1021
1167,835,836
1167,848,849
1167,1050,1051
1167,1190,1191
1168,835,836
1168,1050,1051
1168,1164,1165
1168,1190,1191
1169,835,836
1169,848,849
1169,964,965
1169,1020,1021
1170,835,836
1170,964,965
1170,1020,1021
1170,1164,1165
1171,835,836
1171,848,849
1171,964,965
1171,1190,1191
1172,835,836
1172,964,965
1172,1164,1165
1172,1190,1191
1173,1715,1716
1173,1758,1759
1173,1790,1791
1173,1812,1813
1174,1496,1497
1174,1715,1716
1174,1758,1759
1174,1812,1813
1175,1715,1716
1175,1758,1759
1175,1790,1791
1175,1842,1843
1176,1669,1670
1176,1758,1759
1176,1790,1791
1176,1842,1843
1177,1445,1446
1177,1715,1716
1177,1758,1759
1177,1842,1843
1178,1445,1446
1178,1496,1497
1178,1715,1716
1178,1758,1759
1179,1669,1670
1179,1758,1759
1179,1810,1811
1179,1842,1843
1180,1728,1729
1180,1758,1759
1180,1790,1791
1180,1812,1813
1181,1728,1729
1181,1758,1759
1181,1767,1768
1181,1812,1813
1182,1669,1670
1182,1728,1729
1182,1758,1759
1182,1790,1791
1183,1669,1670
1183,1728,1729
1183,1758,1759
1183,1767,1768
1184,1758,1759
1184,1767,1768
1184,1772,1773
1184,1812,1813
1185,1669,1670
1185,1758,1759
1185,1767,1768
1185,1772,1773
1186,1445,1446
1186,1708,1709
1186,1758,1759
1186,1842,1843
1187,1669,1670
1187,1758,1759
1187,1772,1773
1187,1810,1811
1188,1668,1669
1188,1758,1759
1188,1772,1773
1188,1810,1811
1189,1758,1759
1189,1772,1773
1189,1812,1813
1189,1815,1816
1190,1496,1497
1190,1758,1759
1190,1812,1813
1190,1815,1816
1191,1696,1697
1191,1708,1709
1191,1758,1759
1191,1842,1843
1192,1696,1697
1192,1758,1759
1192,1810,1811
1192,1842,1843
1193,1696,1697
1193,1708,1709
1193,1758,1759
1193,1810,1811
1194,1630,1631
1194,1708,1709
1194,1758,1759
1194,1810,1811
1195,1445,1446
1195,1630,1631
1195,1708,1709
1195,1758,1759
1196,1630,1631
1196,1668,1669
1196,1758,1759
1196,1810,1811
1197,1496,1497
1197,1593,1594
1197,1668,1669
1197,1758,1759
1198,1445,1446
1198,1496,1497
1198,1593,1594
1198,1758,1759
1199,1668,1669
1199,1758,1759
1199,1772,1773
1199,1815,1816
1200,1496,1497
1200,1668,1669
1200,1758,1759
1200,1815,1816
1201,1593,1594
1201,1630,1631
1201,1668,1669
1201,1758,1759
1202,1445,1446
1202,1593,1594
1202,1630,1631
1202,1758,1759
1203,1496,1497
1203,1506,1507
1203,1564,1565
1203,1616,1617
1204,1496,1497
1204,1564,1565
1204,1616,1617
1204,1715,1716
1205,1445,1446
1205,1496,1497
1205,1564,1565
1205,1715,1716
1206,1445,1446
1206,1555,1556
1206,1564,1565
1206,1715,1716
1207,1496,1497
1207,1506,1507
1207,1564,1565
1207,1622,1623
1208,1496,1497
1208,1564,1565
1208,1593,1594
1208,1622,1623
1209,1445,1446
1209,1496,1497
1209,1564,1565
1209,1593,1594
1210,1322,1323
1210,1385,1386
1210,1437,1438
1210,1661,1662
1211,1247,1248
1211,1305,1306
1211,1322,1323
1211,1385,1386
1212,1247,1248
1212,1322,1323
1212,1385,1386
1212,1661,1662
1213,1247,1248
1213,1322,1323
1213,1467,1468
1213,1661,1662
1214,1322,1323
1214,1467,1468
1214,1612,1613
1214,1661,1662
1215,1247,1248
1215,1305,1306
1215,1322,1323
1215,1638,1639
1216,1247,1248
1216,1322,1323
1216,1467,1468
1216,1638,1639
1217,1262,1263
1217,1538,1539
1217,1591,1592
1217,1624,1625
1218,1326,1327
1218,1538,1539
1218,1591,1592
1218,1624,1625
1219,867,868
1219,964,965
1219,1190,1191
1219,1204,1205
1220,964,965
1220,1035,1036
1220,1190,1191
1220,1204,1205
1221,867,868
1221,1154,1155
1221,1190,1191
1221,1204,1205
1222,867,868
1222,1067,1068
1222,1154,1155
1222,1204,1205
1223,1244,1245
1223,1493,1494
1223,1588,1589
1223,1620,1621
1224,1578,1579
1224,1588,1589
1224,1605,1606
1224,1637,1638
1225,1478,1479
1225,1588,1589
1225,1620,1621
1225,1760,1761
1226,1478,1479
1226,1493,1494
1226,1588,1589
1226,1620,1621
1227,1480,1481
1227,1578,1579
1227,1588,1589
1227,1760,1761
1228,1480,1481
1228,1578,1579
1228,1588,1589
1228,1605,1606
1229,1480,1481
1229,1493,1494
1229,1588,1589
1229,1605,1606
1230,1478,1479
1230,1480,1481
1230,1588,1589
1230,1760,1761
1231,1478,1479
1231,1480,1481
1231,1493,1494
1231,1588,1589
1232,412,413
1232,498,499
1232,526,527
1232,529,530
1233,450,451
1233,484,485
1233,498,499
1233,511,512
1234,424,425
1234,450,451
1234,484,485
1234,498,499
1235,267,268
1235,498,499
1235,511,512
1235,526,527
1236,267,268
1236,412,413
1236,498,499
1236,526,527
1237,424,425
1237,484,485
1237,498,499
1237,703,704
1238,424,425
1238,498,499
1238,555,556
1238,703,704
1239,205,206
1239,424,425
1239,498,499
1239,555,556
1240,205,206
1240,424,425
1240,498,499
1240,529,530
1241,205,206
1241,412,413
1241,498,499
1241,555,556
1242,205,206
1242,412,413
1242,498,499
1242,529,530
1243,1446,1447
1243,1510,1511
1243,1539,1540
1243,1542,1543
1244,1446,1447
1244,1539,1540
1244,1542,1543
1244,1565,1566
1245,1446,1447
1245,1539,1540
1245,1565,1566
1245,1658,1659
1246,1283,1284
1246,1443,1444
1246,1530,1531
1246,1552,1553
1247,1443,1444
1247,1530,1531
1247,1552,1553
1247,1605,1606
1248,1443,1444
1248,1493,1494
1248,1530,1531
1248,1605,1606
1249,1244,1245
1249,1493,1494
1249,1530,1531
1249,1588,1589
1250,1493,1494
1250,1530,1531
1250,1588,1589
1250,1605,1606
1251,1530,1531
1251,1552,1553
1251,1605,1606
1251,1637,1638
1252,1530,1531
1252,1588,1589
1252,1605,1606
1252,1637,1638
1253,1363,1364
1253,1453,1454
1253,1522,1523
1253,1605,1606
1254,1363,1364
1254,1443,1444
1254,1453,1454
1254,1605,1606
1255,1363,1364
1255,1453,1454
1255,1510,1511
1255,1522,1523
1256,1363,1364
1256,1510,1511
1256,1522,1523
1256,1677,1678
1257,79,80
1257,188,189
1257,199,200
1257,368,369
1258,28,29
1258,124,125
1258,188,189
1258,368,369
1259,90,91
1259,124,125
1259,188,189
1259,292,293
1260,90,91
1260,142,143
1260,188,189
1260,292,293
1261,28,29
1261,124,125
1261,188,189
1261,349,350
1262,28,29
1262,142,143
1262,188,189
1262,349,350
1263,90,91
1263,124,125
1263,188,189
1263,325,326
1264,90,91
1264,188,189
1264,199,200
1264,325,326
1265,124,125
1265,188,189
1265,325,326
1265,368,369
1266,188,189
1266,199,200
1266,325,326
1266,368,369
1267,124,125
1267,188,189
1267,292,293
1267,349,350
1268,142,143
1268,188,189
1268,292,293
1268,349,350
1269,28,29
1269,39,40
1269,142,143
1269,188,189
1270,63,64
1270,87,88
1270,113,114
1270,130,131
1271,63,64
1271,113,114
1271,120,121
1271,130,131
1272,100,101
1272,113,114
1272,120,121
1272,130,131
1273,63,64
1273,101,102
1273,113,114
1273,120,121
1274,10,11
1274,101,102
1274,113,114
1274,120,121
1275,54,55
1275,100,101
1275,113,114
1275,120,121
1276,10,11
1276,54,55
1276,113,114
1276,120,121
1277,83,84
1277,85,86
1277,101,102
1277,392,393
1278,58,59
1278,85,86
1278,101,102
1278,392,393
1279,175,176
1279,389,390
1279,392,393
1279,547,548
1280,48,49
1280,240,241
1280,392,393
1280,547,548
1281,83,84
1281,85,86
1281,240,241
1281,392,393
1282,48,49
1282,85,86
1282,240,241
1282,392,393
1283,48,49
1283,85,86
1283,125,126
1283,392,393
1284,58,59
1284,85,86
1284,125,126
1284,392,393
1285,63,64
1285,78,79
1285,101,102
1285,120,121
1286,63,64
1286,78,79
1286,101,102
1286,390,391
1287,58,59
1287,78,79
1287,101,102
1287,120,121
1288,58,59
1288,78,79
1288,101,102
1288,392,393
1289,78,79
1289,83,84
1289,101,102
1289,390,391
1290,78,79
1290,83,84
1290,101,102
1290,392,393
1291,58,59
1291,78,79
1291,112,113
1291,120,121
1292,78,79
1292,112,113
1292,175,176
1292,392,393
1293,58,59
1293,78,79
1293,112,113
1293,392,393
1294,1510,1511
1294,1522,1523
1294,1677,1678
1294,1798,1799
1295,1522,1523
1295,1630,1631
1295,1652,1653
1295,1683,1684
1296,1522,1523
1296,1630,1631
1296,1652,1653
1296,1677,1678
1297,1630,1631
1297,1652,1653
1297,1683,1684
1297,1696,1697
1298,1454,1455
1298,1630,1631
1298,1652,1653
1298,1841,1842
1299,1522,1523
1299,1652,1653
1299,1683,1684
1299,1783,1784
1300,1522,1523
1300,1652,1653
1300,1677,1678
1300,1798,1799
1301,1630,1631
1301,1652,1653
1301,1696,1697
1301,1810,1811
1302,1454,1455
1302,1652,1653
1302,1696,1697
1302,1810,1811
1303,1454,1455
1303,1630,1631
1303,1652,1653
1303,1810,1811
1304,1454,1455
1304,1602,1603
1304,1743,1744
1304,1747,1748
1305,1585,1586
1305,1602,1603
1305,1747,1748
1305,1792,1793
1306,1602,1603
1306,1743,1744
1306,1747,1748
1306,1792,1793
1307,1585,1586
1307,1747,1748
1307,1792,1793
1307,1797,1798
1308,1585,1586
1308,1602,1603
1308,1747,1748
1308,1798,1799
1309,1692,1693
1309,1743,1744
1309,1747,1748
1309,1792,1793
1310,1692,1693
1310,1731,1732
1310,1747,1748
1310,1792,1793
1311,1559,1560
1311,1573,1574
1311,1597,1598
1311,1737,1738
1312,1458,1459
1312,1559,1560
1312,1573,1574
1312,1597,1598
1313,1456,1457
1313,1597,1598
1313,1612,1613
1313,1780,1781
1314,1597,1598
1314,1612,1613
1314,1737,1738
1314,1780,1781
1315,1515,1516
1315,1612,1613
1315,1780,1781
1315,1838,1839
1316,1456,1457
1316,1612,1613
1316,1780,1781
1316,1838,1839
1317,1515,1516
1317,1612,1613
1317,1737,1738
1317,1780,1781
1318,1573,1574
1318,1597,1598
1318,1737,1738
1318,1780,1781
1319,1449,1450
1319,1573,1574
1319,1597,1598
1319,1780,1781
1320,1515,1516
1320,1702,1703
1320,1780,1781
1320,1838,1839
1321,1456,1457
1321,1702,1703
1321,1780,1781
1321,1838,1839
1322,1487,1488
1322,1515,1516
1322,1702,1703
1322,1780,1781
1323,1487,1488
1323,1702,1703
1323,1780,1781
1323,1849,1850
1324,1449,1450
1324,1487,1488
1324,1780,1781
1324,1849,1850
1325,1487,1488
1325,1734,1735
1325,1835,1836
1325,1849,1850
1326,1734,1735
1326,1832,1833
1326,1835,1836
1326,1849,1850
1327,1676,1677
1327,1734,1735
1327,1817,1818
1327,1835,1836
1328,1487,1488
1328,1515,1516
1328,1702,1703
1328,1773,1774
1329,1487,1488
1329,1702,1703
1329,1773,1774
1329,1849,1850
1330,1487,1488
1330,1773,1774
1330,1835,1836
1330,1849,1850
1331,1748,1749
1331,1765,1766
1331,1827,1828
1331,1829,1830
1332,1701,1702
1332,1765,1766
1332,1827,1828
1332,1829,1830
1333,1547,1548
1333,1701,1702
1333,1765,1766
1333,1827,1828
1334,1664,1665
1334,1701,1702
1334,1827,1828
1334,1829,1830
1335,1664,1665
1335,1815,1816
1335,1827,1828
1335,1829,1830
1336,1791,1792
1336,1815,1816
1336,1827,1828
1336,1829,1830
1337,1664,1665
1337,1791,1792
1337,1815,1816
1337,1827,1828
1338,1471,1472
1338,1547,1548
1338,1701,1702
1338,1827,1828
1339,1471,1472
1339,1664,1665
1339,1701,1702
1339,1827,1828
1340,1265,1266
1340,1336,1337
1340,1389,1390
1340,1464,1465
1341,1452,1453
1341,1646,1647
1341,1648,1649
1341,1667,1668
1342,1559,1560
1342,1573,1574
1342,1737,1738
1342,1756,1757
1343,1483,1484
1343,1559,1560
1343,1737,1738
1343,1756,1757
1344,1474,1475
1344,1599,1600
1344,1603,1604
1344,1639,1640
1345,1599,1600
1345,1603,1604
1345,1639,1640
1345,1769,1770
1346,1452,1453
1346,1639,1640
1346,1646,1647
1346,1648,1649
1347,1452,1453
1347,1639,1640
1347,1646,1647
1347,1667,1668
1348,1442,1443
1348,1562,1563
1348,1649,1650
1348,1663,1664
1349,1442,1443
1349,1562,1563
1349,1663,1664
1349,1794,1795
1350,1365,1366
1350,1403,1404
1350,1562,1563
1350,1794,1795
1351,1365,1366
1351,1403,1404
1351,1562,1563
1351,1663,1664
1352,1365,1366
1352,1562,1563
1352,1663,1664
1352,1794,1795
1353,500,501
1353,509,510
1353,518,519
1353,553,554
1354,52,53
1354,114,115
1354,251,252
1354,337,338
1355,52,53
1355,62,63
1355,251,252
1355,337,338
1356,13,14
1356,52,53
1356,114,115
1356,337,338
1357,13,14
1357,52,53
1357,62,63
1357,337,338
1358,114,115
1358,251,252
1358,252,253
1358,337,338
1359,15,16
1359,114,115
1359,252,253
1359,337,338
1360,15,16
1360,252,253
1360,325,326
1360,337,338
1361,252,253
1361,319,320
1361,325,326
1361,337,338
1362,13,14
1362,114,115
1362,221,222
1362,337,338
1363,221,222
1363,325,326
1363,337,338
1363,368,369
1364,15,16
1364,114,115
1364,221,222
1364,337,338
1365,15,16
1365,221,222
1365,325,326
1365,337,338
1366,13,14
1366,96,97
1366,221,222
1366,337,338
1367,96,97
1367,221,222
1367,337,338
1367,368,369
1368,194,195
1368,218,219
1368,252,253
1368,290,291
1369,194,195
1369,251,252
1369,383,384
1369,384,385
1370,194,195
1370,252,253
1370,290,291
1370,462,463
1371,194,195
1371,251,252
1371,252,253
1371,462,463
1372,194,195
1372,277,278
1372,290,291
1372,462,463
1373,194,195
1373,249,250
1373,277,278
1373,462,463
1374,186,187
1374,516,517
1374,533,534
1374,659,660
1375,186,187
1375,416,417
1375,523,524
1375,564,565
1376,186,187
1376,300,301
1376,388,389
1376,564,565
1377,186,187
1377,300,301
1377,523,524
1377,564,565
1378,186,187
1378,424,425
1378,516,517
1378,519,520
1379,290,291
1379,410,411
1379,416,417
1379,523,524
1380,186,187
1380,410,411
1380,416,417
1380,523,524
1381,186,187
1381,410,411
1381,416,417
1381,533,534
1382,290,291
1382,336,337
1382,410,411
1382,416,417
1383,336,337
1383,410,411
1383,416,417
1383,533,534
1384,204,205
1384,336,337
1384,410,411
1384,482,483
1385,335,336
1385,336,337
1385,410,411
1385,533,534
1386,335,336
1386,336,337
1386,410,411
1386,482,483
1387,335,336
1387,410,411
1387,482,483
1387,533,534
1388,204,205
1388,277,278
1388,336,337
1388,410,411
1389,277,278
1389,290,291
1389,336,337
1389,410,411
1390,300,301
1390,347,348
1390,388,389
1390,455,456
1391,294,295
1391,369,370
1391,455,456
1391,547,548
1392,168,169
1392,294,295
1392,369,370
1392,455,456
1393,168,169
1393,210,211
1393,455,456
1393,525,526
1394,231,232
1394,269,270
1394,300,301
1394,383,384
1395,240,241
1395,269,270
1395,358,359
1395,369,370
1396,231,232
1396,240,241
1396,269,270
1396,358,359
1397,269,270
1397,300,301
1397,358,359
1397,369,370
1398,231,232
1398,269,270
1398,300,301
1398,358,359
1399,164,165
1399,180,181
1399,269,270
1399,383,384
1400,234,235
1400,253,254
1400,359,360
1400,534,535
1401,253,254
1401,266,267
1401,439,440
1401,537,538
1402,234,235
1402,253,254
1402,342,343
1402,534,535
1403,234,235
1403,253,254
1403,537,538
1403,588,589
1404,253,254
1404,266,267
1404,434,435
1404,439,440
1405,253,254
1405,266,267
1405,537,538
1405,592,593
1406,234,235
1406,253,254
1406,537,538
1406,592,593
1407,199,200
1407,232,233
1407,319,320
1407,362,363
1408,232,233
1408,319,320
1408,362,363
1408,534,535
1409,206,207
1409,232,233
1409,342,343
1409,534,535
1410,218,219
1410,232,233
1410,319,320
1410,534,535
1411,206,207
1411,218,219
1411,232,233
1411,534,535
1412,90,91
1412,199,200
1412,232,233
1412,362,363
1413,262,263
1413,295,296
1413,362,363
1413,554,555
1414,295,296
1414,362,363
1414,534,535
1414,554,555
1415,232,233
1415,295,296
1415,362,363
1415,534,535
1416,90,91
1416,262,263
1416,295,296
1416,362,363
1417,90,91
1417,262,263
1417,280,281
1417,295,296
1418,262,263
1418,280,281
1418,295,296
1418,439,440
1419,90,91
1419,232,233
1419,295,296
1419,362,363
1420,90,91
1420,232,233
1420,280,281
1420,295,296
1421,253,254
1421,295,296
1421,342,343
1421,534,535
1422,232,233
1422,295,296
1422,342,343
1422,534,535
1423,253,254
1423,295,296
1423,342,343
1423,434,435
1424,253,254
1424,295,296
1424,434,435
1424,439,440
1425,254,255
1425,295,296
1425,342,343
1425,434,435
1426,232,233
1426,254,255
1426,295,296
1426,342,343
1427,50,51
1427,79,80
1427,199,200
1427,390,391
1428,50,51
1428,63,64
1428,79,80
1428,390,391
1429,50,51
1429,63,64
1429,78,79
1429,390,391
1430,50,51
1430,63,64
1430,78,79
1430,120,121
1431,50,51
1431,63,64
1431,120,121
1431,130,131
1432,50,51
1432,120,121
1432,130,131
1432,173,174
1433,111,112
1433,164,165
1433,180,181
1433,241,242
1434,111,112
1434,127,128
1434,180,181
1434,241,242
1435,101,102
1435,111,112
1435,164,165
1435,241,242
1436,83,84
1436,101,102
1436,111,112
1436,164,165
1437,83,84
1437,111,112
1437,164,165
1437,180,181
1438,9,10
1438,109,110
1438,180,181
1438,387,388
1439,9,10
1439,57,58
1439,109,110
1439,387,388
1440,9,10
1440,57,58
1440,109,110
1440,216,217
1441,57,58
1441,109,110
1441,231,232
1441,387,388
1442,109,110
1442,231,232
1442,383,384
1442,387,388
1443,109,110
1443,180,181
1443,383,384
1443,387,388
1444,57,58
1444,109,110
1444,216,217
1444,297,298
1445,109,110
1445,231,232
1445,269,270
1445,383,384
1446,109,110
1446,180,181
1446,269,270
1446,383,384
1447,57,58
1447,109,110
1447,177,178
1447,297,298
1448,57,58
1448,109,110
1448,177,178
1448,231,232
1449,109,110
1449,231,232
1449,240,241
1449,269,270
1450,83,84
1450,109,110
1450,111,112
1450,180,181
1451,109,110
1451,177,178
1451,240,241
1451,297,298
1452,109,110
1452,177,178
1452,231,232
1452,240,241
1453,83,84
1453,109,110
1453,240,241
1453,269,270
1454,83,84
1454,109,110
1454,164,165
1454,180,181
1455,83,84
1455,109,110
1455,164,165
1455,269,270
1456,109,110
1456,164,165
1456,180,181
1456,269,270
1457,441,442
1457,497,498
1457,733,734
1457,774,775
1458,1085,1086
1458,1116,1117
1458,1201,1202
1458,1231,1232
1459,304,305
1459,305,306
1459,464,465
1459,542,543
1460,409,410
1460,584,585
1460,604,605
1460,677,678
1461,584,585
1461,604,605
1461,677,678
1461,685,686
1462,409,410
1462,574,575
1462,711,712
1462,809,810
1463,494,495
1463,574,575
1463,711,712
1463,809,810
1464,1446,1447
1464,1542,1543
1464,1549,1550
1464,1565,1566
1465,1365,1366
1465,1403,1404
1465,1542,1543
1465,1549,1550
1466,1397,1398
1466,1403,1404
1466,1437,1438
1466,1549,1550
1467,443,444
1467,624,625
1467,649,650
1467,782,783
1468,624,625
1468,649,650
1468,684,685
1468,782,783
1469,443,444
1469,649,650
1469,684,685
1469,782,783
1470,417,418
1470,473,474
1470,596,597
1470,822,823
1471,417,418
1471,473,474
1471,514,515
1471,596,597
1472,473,474
1472,514,515
1472,596,597
1472,741,742
1473,4,5
1473,23,24
1473,76,77
1473,372,373
1474,4,5
1474,156,157
1474,238,239
1474,372,373
1475,4,5
1475,156,157
1475,238,239
1475,366,367
1476,4,5
1476,238,239
1476,360,361
1476,366,367
1477,4,5
1477,35,36
1477,360,361
1477,366,367
1478,4,5
1478,35,36
1478,49,50
1478,366,367
1479,1,2
1479,7,8
1479,26,27
1479,76,77
1480,1,2
1480,7,8
1480,26,27
1480,116,117
1481,4,5
1481,7,8
1481,49,50
1481,76,77
1482,2,3
1482,4,5
1482,35,36
1482,49,50
1483,2,3
1483,4,5
1483,49,50
1483,76,77
1484,2,3
1484,4,5
1484,23,24
1484,76,77
1485,2,3
1485,23,24
1485,24,25
1485,372,373
1486,2,3
1486,4,5
1486,23,24
1486,372,373
1487,2,3
1487,4,5
1487,35,36
1487,360,361
1488,2,3
1488,24,25
1488,238,239
1488,372,373
1489,2,3
1489,4,5
1489,238,239
1489,372,373
1490,2,3
1490,24,25
1490,238,239
1490,360,361
1491,2,3
1491,4,5
1491,238,239
1491,360,361
1492,112,113
1492,360,361
1492,363,364
1492,366,367
1493,35,36
1493,360,361
1493,363,364
1493,366,367
1494,112,113
1494,120,121
1494,360,361
1494,363,364
1495,35,36
1495,120,121
1495,360,361
1495,363,364
1496,58,59
1496,112,113
1496,120,121
1496,363,364
1497,54,55
1497,58,59
1497,120,121
1497,363,364
1498,54,55
1498,100,101
1498,120,121
1498,363,364
1499,35,36
1499,54,55
1499,100,101
1499,363,364
1500,35,36
1500,100,101
1500,120,121
1500,363,364
1501,54,55
1501,58,59
1501,74,75
1501,363,364
1502,54,55
1502,74,75
1502,139,140
1502,363,364
1503,911,912
1503,1045,1046
1503,1202,1203
1503,1224,1225
1504,943,944
1504,1099,1100
1504,1195,1196
1504,1288,1289
1505,1266,1267
1505,1325,1326
1505,1536,1537
1505,1595,1596
1506,1085,1086
1506,1231,1232
1506,1308,1309
1506,1325,1326
1507,1085,1086
1507,1231,1232
1507,1266,1267
1507,1325,1326
1508,1231,1232
1508,1308,1309
1508,1325,1326
1508,1536,1537
1509,1231,1232
1509,1266,1267
1509,1325,1326
1509,1536,1537
1510,943,944
1510,1089,1090
1510,1099,1100
1510,1195,1196
1511,1244,1245
1511,1355,1356
1511,1536,1537
1511,1595,1596
1512,847,848
1512,1159,1160
1512,1353,1354
1512,1371,1372
1513,847,848
1513,1159,1160
1513,1197,1198
1513,1353,1354
1514,893,894
1514,895,896
1514,898,899
1514,976,977
1515,895,896
1515,959,960
1515,976,977
1515,1197,1198
1516,895,896
1516,898,899
1516,976,977
1516,1197,1198
1517,1299,1300
1517,1335,1336
1517,1514,1515
1517,1638,1639
1518,1458,1459
1518,1512,1513
1518,1566,1567
1518,1571,1572
1519,1289,1290
1519,1458,1459
1519,1512,1513
1519,1566,1567
1520,1480,1481
1520,1535,1536
1520,1630,1631
1520,1677,1678
1521,1535,1536
1521,1593,1594
1521,1630,1631
1521,1841,1842
1522,1535,1536
1522,1630,1631
1522,1652,1653
1522,1677,1678
1523,1535,1536
1523,1630,1631
1523,1652,1653
1523,1841,1842
1524,1535,1536
1524,1652,1653
1524,1677,1678
1524,1841,1842
1525,943,944
1525,1089,1090
1525,1195,1196
1525,1282,1283
1526,1498,1499
1526,1499,1500
1526,1664,1665
1526,1732,1733
1527,1498,1499
1527,1664,1665
1527,1691,1692
1527,1732,1733
1528,1498,1499
1528,1499,1500
1528,1579,1580
1528,1732,1733
1529,1461,1462
1529,1499,1500
1529,1579,1580
1529,1732,1733
1530,1498,1499
1530,1579,1580
1530,1691,1692
1530,1732,1733
1531,1461,1462
1531,1499,1500
1531,1529,1530
1531,1579,1580
1532,1463,1464
1532,1498,1499
1532,1499,1500
1532,1529,1530
1533,1498,1499
1533,1499,1500
1533,1529,1530
1533,1579,1580
1534,1463,1464
1534,1476,1477
1534,1498,1499
1534,1529,1530
1535,1476,1477
1535,1498,1499
1535,1529,1530
1535,1579,1580
1536,816,817
1536,849,850
1536,866,867
1536,899,900
1537,750,751
1537,756,757
1537,816,817
1537,899,900
1538,756,757
1538,816,817
1538,849,850
1538,899,900
1539,660,661
1539,682,683
1539,707,708
1539,816,817
1540,707,708
1540,756,757
1540,816,817
1540,849,850
1541,695,696
1541,750,751
1541,756,757
1541,816,817
1542,707,708
1542,710,711
1542,816,817
1542,849,850
1543,660,661
1543,695,696
1543,707,708
1543,816,817
1544,695,696
1544,707,708
1544,756,757
1544,816,817
1545,515,516
1545,632,633
1545,687,688
1545,798,799
1546,465,466
1546,515,516
1546,632,633
1546,687,688
1547,267,268
1547,515,516
1547,687,688
1547,798,799
1548,267,268
1548,357,358
1548,687,688
1548,798,799
1549,267,268
1549,357,358
1549,513,514
1549,687,688
1550,267,268
1550,440,441
1550,513,514
1550,687,688
1551,866,867
1551,901,902
1551,904,905
1551,1207,1208
1552,759,760
1552,866,867
1552,901,902
1552,1207,1208
1553,406,407
1553,509,510
1553,616,617
1553,803,804
1554,1555,1556
1554,1564,1565
1554,1693,1694
1554,1715,1716
1555,258,259
1555,318,319
1555,518,519
1555,559,560
1556,258,259
1556,320,321
1556,539,540
1556,566,567
1557,318,319
1557,518,519
1557,559,560
1557,595,596
1558,450,451
1558,511,512
1558,595,596
1558,704,705
1559,440,441
1559,553,554
1559,559,560
1559,595,596
1560,267,268
1560,440,441
1560,559,560
1560,595,596
1561,500,501
1561,518,519
1561,553,554
1561,595,596
1562,183,184
1562,209,210
1562,271,272
1562,374,375
1563,193,194
1563,209,210
1563,271,272
1563,374,375
1564,182,183
1564,183,184
1564,209,210
1564,271,272
1565,209,210
1565,284,285
1565,513,514
1565,559,560
1566,193,194
1566,209,210
1566,284,285
1566,566,567
1567,182,183
1567,183,184
1567,209,210
1567,267,268
1568,183,184
1568,209,210
1568,267,268
1568,559,560
1569,182,183
1569,209,210
1569,267,268
1569,513,514
1570,209,210
1570,267,268
1570,513,514
1570,559,560
1571,5,6
1571,46,47
1571,137,138
1571,312,313
1572,5,6
1572,46,47
1572,128,129
1572,137,138
1573,5,6
1573,126,127
1573,137,138
1573,312,313
1574,25,26
1574,126,127
1574,137,138
1574,142,143
1575,5,6
1575,126,127
1575,137,138
1575,142,143
1576,5,6
1576,20,21
1576,137,138
1576,142,143
1577,5,6
1577,128,129
1577,137,138
1577,157,158
1578,172,173
1578,176,177
1578,242,243
1578,384,385
1579,172,173
1579,176,177
1579,249,250
1579,384,385
1580,176,177
1580,194,195
1580,249,250
1580,462,463
1581,176,177
1581,194,195
1581,249,250
1581,384,385
1582,176,177
1582,194,195
1582,251,252
1582,462,463
1583,176,177
1583,194,195
1583,251,252
1583,384,385
1584,114,115
1584,176,177
1584,251,252
1584,462,463
1585,52,53
1585,114,115
1585,176,177
1585,251,252
1586,95,96
1586,176,177
1586,251,252
1586,384,385
1587,52,53
1587,95,96
1587,176,177
1587,251,252
1588,52,53
1588,95,96
1588,155,156
1588,176,177
1589,95,96
1589,155,156
1589,176,177
1589,242,243
1590,95,96
1590,176,177
1590,242,243
1590,384,385
1591,1444,1445
1591,1511,1512
1591,1711,1712
1591,1779,1780
1592,1711,1712
1592,1735,1736
1592,1745,1746
1592,1813,1814
1593,1444,1445
1593,1711,1712
1593,1792,1793
1593,1797,1798
1594,1711,1712
1594,1735,1736
1594,1745,1746
1594,1796,1797
1595,1711,1712
1595,1745,1746
1595,1779,1780
1595,1796,1797
1596,1711,1712
1596,1735,1736
1596,1779,1780
1596,1796,1797
1597,1444,1445
1597,1711,1712
1597,1745,1746
1597,1779,1780
1598,1444,1445
1598,1711,1712
1598,1745,1746
1598,1792,1793
1599,1711,1712
1599,1731,1732
1599,1745,1746
1599,1792,1793
1600,1711,1712
1600,1731,1732
1600,1792,1793
1600,1797,1798
1601,1507,1508
1601,1548,1549
1601,1680,1681
1601,1739,1740
1602,1507,1508
1602,1548,1549
1602,1736,1737
1602,1739,1740
1603,1507,1508
1603,1548,1549
1603,1650,1651
1603,1680,1681
1604,1507,1508
1604,1548,1549
1604,1650,1651
1604,1736,1737
1605,1442,1443
1605,1507,1508
1605,1719,1720
1605,1820,1821
1606,1442,1443
1606,1507,1508
1606,1663,1664
1606,1719,1720
1607,1442,1443
1607,1649,1650
1607,1663,1664
1607,1719,1720
1608,1323,1324
1608,1365,1366
1608,1540,1541
1608,1565,1566
1609,1323,1324
1609,1446,1447
1609,1549,1550
1609,1565,1566
1610,1323,1324
1610,1365,1366
1610,1542,1543
1610,1565,1566
1611,1323,1324
1611,1542,1543
1611,1549,1550
1611,1565,1566
1612,1323,1324
1612,1365,1366
1612,1542,1543
1612,1549,1550
1613,1323,1324
1613,1365,1366
1613,1403,1404
1613,1549,1550
1614,1735,1736
1614,1779,1780
1614,1804,1805
1614,1830,1831
1615,1511,1512
1615,1779,1780
1615,1804,1805
1615,1830,1831
1616,1511,1512
1616,1604,1605
1616,1804,1805
1616,1830,1831
1617,1735,1736
1617,1804,1805
1617,1808,1809
1617,1813,1814
1618,1511,1512
1618,1604,1605
1618,1736,1737
1618,1804,1805
1619,1511,1512
1619,1650,1651
1619,1736,1737
1619,1804,1805
1620,1711,1712
1620,1735,1736
1620,1779,1780
1620,1804,1805
1621,1511,1512
1621,1711,1712
1621,1779,1780
1621,1804,1805
1622,1711,1712
1622,1735,1736
1622,1804,1805
1622,1813,1814
1623,1678,1679
1623,1718,1719
1623,1813,1814
1623,1814,1815
1624,1678,1679
1624,1714,1715
1624,1718,1719
1624,1814,1815
1625,1718,1719
1625,1731,1732
1625,1813,1814
1625,1814,1815
1626,1711,1712
1626,1731,1732
1626,1813,1814
1626,1814,1815
1627,1711,1712
1627,1731,1732
1627,1797,1798
1627,1814,1815
1628,1714,1715
1628,1718,1719
1628,1731,1732
1628,1814,1815
1629,1510,1511
1629,1539,1540
1629,1542,1543
1629,1632,1633
1630,1510,1511
1630,1534,1535
1630,1539,1540
1630,1632,1633
1631,1444,1445
1631,1511,1512
1631,1534,1535
1631,1632,1633
1632,1510,1511
1632,1542,1543
1632,1632,1633
1632,1798,1799
1633,1539,1540
1633,1542,1543
1633,1565,1566
1633,1632,1633
1634,838,839
1634,909,910
1634,934,935
1634,1133,1134
1635,838,839
1635,881,882
1635,954,955
1635,1133,1134
1636,838,839
1636,909,910
1636,954,955
1636,1133,1134
1637,881,882
1637,954,955
1637,1052,1053
1637,1133,1134
1638,954,955
1638,1052,1053
1638,1133,1134
1638,1429,1430
1639,1022,1023
1639,1035,1036
1639,1124,1125
1639,1184,1185
1640,1604,1605
1640,1697,1698
1640,1804,1805
1640,1830,1831
1641,1697,1698
1641,1735,1736
1641,1808,1809
1641,1830,1831
1642,1697,1698
1642,1735,1736
1642,1804,1805
1642,1808,1809
1643,1697,1698
1643,1735,1736
1643,1804,1805
1643,1830,1831
1644,1604,1605
1644,1697,1698
1644,1736,1737
1644,1804,1805
1645,1548,1549
1645,1650,1651
1645,1697,1698
1645,1736,1737
1646,1650,1651
1646,1697,1698
1646,1736,1737
1646,1804,1805
1647,1370,1371
1647,1411,1412
1647,1494,1495
1647,1540,1541
1648,1411,1412
1648,1490,1491
1648,1494,1495
1648,1540,1541
1649,1490,1491
1649,1519,1520
1649,1540,1541
1649,1558,1559
1650,1507,1508
1650,1519,1520
1650,1736,1737
1650,1739,1740
1651,1490,1491
1651,1519,1520
1651,1736,1737
1651,1739,1740
1652,1490,1491
1652,1519,1520
1652,1640,1641
1652,1736,1737
1653,1365,1366
1653,1519,1520
1653,1540,1541
1653,1558,1559
1654,1365,1366
1654,1507,1508
1654,1519,1520
1654,1794,1795
1655,1365,1366
1655,1519,1520
1655,1540,1541
1655,1565,1566
1656,1507,1508
1656,1519,1520
1656,1558,1559
1656,1739,1740
1657,1490,1491
1657,1519,1520
1657,1558,1559
1657,1739,1740
1658,1411,1412
1658,1490,1491
1658,1519,1520
1658,1640,1641
1659,1411,1412
1659,1490,1491
1659,1519,1520
1659,1540,1541
1660,1507,1508
1660,1519,1520
1660,1558,1559
1660,1663,1664
1661,1365,1366
1661,1519,1520
1661,1558,1559
1661,1663,1664
1662,1365,1366
1662,1507,1508
1662,1519,1520
1662,1663,1664
1663,1507,1508
1663,1519,1520
1663,1650,1651
1663,1736,1737
1664,1411,1412
1664,1519,1520
1664,1540,1541
1664,1565,1566
1665,1365,1366
1665,1519,1520
1665,1542,1543
1665,1565,1566
1666,1365,1366
1666,1519,1520
1666,1542,1543
1666,1794,1795
1667,1354,1355
1667,1401,1402
1667,1558,1559
1667,1739,1740
1668,1401,1402
1668,1490,1491
1668,1558,1559
1668,1739,1740
1669,1401,1402
1669,1490,1491
1669,1540,1541
1669,1558,1559
1670,1401,1402
1670,1490,1491
1670,1494,1495
1670,1540,1541
1671,1115,1116
1671,1119,1120
1671,1176,1177
1671,1206,1207
1672,1115,1116
1672,1176,1177
1672,1206,1207
1672,1250,1251
1673,1115,1116
1673,1176,1177
1673,1205,1206
1673,1250,1251
1674,881,882
1674,1052,1053
1674,1115,1116
1674,1205,1206
1675,936,937
1675,1079,1080
1675,1119,1120
1675,1199,1200
1676,936,937
1676,963,964
1676,1079,1080
1676,1119,1120
1677,936,937
1677,963,964
1677,1079,1080
1677,1199,1200
1678,936,937
1678,954,955
1678,963,964
1678,1199,1200
1679,881,882
1679,936,937
1679,954,955
1679,963,964
1680,936,937
1680,1115,1116
1680,1119,1120
1680,1206,1207
1681,936,937
1681,963,964
1681,1119,1120
1681,1176,1177
1682,936,937
1682,1115,1116
1682,1119,1120
1682,1176,1177
1683,838,839
1683,936,937
1683,954,955
1683,1199,1200
1684,838,839
1684,881,882
1684,936,937
1684,954,955
1685,936,937
1685,963,964
1685,1176,1177
1685,1205,1206
1686,881,882
1686,936,937
1686,963,964
1686,1205,1206
1687,936,937
1687,1115,1116
1687,1176,1177
1687,1205,1206
1688,881,882
1688,936,937
1688,1115,1116
1688,1205,1206
1689,94,95
1689,119,120
1689,127,128
1689,131,132
1690,94,95
1690,127,128
1690,131,132
1690,144,145
1691,93,94
1691,111,112
1691,131,132
1691,144,145
1692,119,120
1692,127,128
1692,131,132
1692,241,242
1693,111,112
1693,127,128
1693,131,132
1693,241,242
1694,87,88
1694,119,120
1694,131,132
1694,241,242
1695,41,42
1695,73,74
1695,187,188
1695,264,265
1696,27,28
1696,122,123
1696,144,145
1696,264,265
1697,73,74
1697,147,148
1697,152,153
1697,264,265
1698,73,74
1698,147,148
1698,187,188
1698,264,265
1699,84,85
1699,122,123
1699,152,153
1699,264,265
1700,84,85
1700,147,148
1700,152,153
1700,264,265
1701,187,188
1701,216,217
1701,264,265
1701,297,298
1702,27,28
1702,187,188
1702,216,217
1702,264,265
1703,27,28
1703,84,85
1703,122,123
1703,264,265
1704,27,28
1704,84,85
1704,147,148
1704,264,265
1705,45,46
1705,147,148
1705,187,188
1705,264,265
1706,27,28
1706,45,46
1706,147,148
1706,264,265
1707,27,28
1707,45,46
1707,187,188
1707,264,265
1708,122,123
1708,133,134
1708,152,153
1708,264,265
1709,93,94
1709,122,123
1709,133,134
1709,144,145
1710,13,14
1710,29,30
1710,96,97
1710,160,161
1711,32,33
1711,62,63
1711,119,120
1711,160,161
1712,62,63
1712,119,120
1712,135,136
1712,160,161
1713,96,97
1713,135,136
1713,160,161
1713,368,369
1714,62,63
1714,135,136
1714,160,161
1714,368,369
1715,13,14
1715,96,97
1715,160,161
1715,337,338
1716,96,97
1716,160,161
1716,337,338
1716,368,369
1717,13,14
1717,52,53
1717,62,63
1717,160,161
1718,32,33
1718,52,53
1718,62,63
1718,160,161
1719,13,14
1719,29,30
1719,52,53
1719,160,161
1720,29,30
1720,32,33
1720,52,53
1720,160,161
1721,13,14
1721,62,63
1721,160,161
1721,337,338
1722,62,63
1722,160,161
1722,337,338
1722,368,369
1723,75,76
1723,190,191
1723,274,275
1723,317,318
1724,75,76
1724,257,258
1724,316,317
1724,317,318
1725,75,76
1725,230,231
1725,257,258
1725,316,317
1726,75,76
1726,230,231
1726,238,239
1726,316,317
1727,418,419
1727,492,493
1727,546,547
1727,555,556
1728,412,413
1728,418,419
1728,546,547
1728,555,556
1729,243,244
1729,412,413
1729,418,419
1729,546,547
1730,243,244
1730,313,314
1730,412,413
1730,418,419
1731,205,206
1731,313,314
1731,396,397
1731,418,419
1732,205,206
1732,313,314
1732,412,413
1732,418,419
1733,205,206
1733,412,413
1733,418,419
1733,555,556
1734,1066,1067
1734,1069,1070
1734,1189,1190
1734,1200,1201
1735,1065,1066
1735,1066,1067
1735,1167,1168
1735,1337,1338
1736,846,847
1736,938,939
1736,1147,1148
1736,1151,1152
1737,836,837
1737,938,939
1737,1147,1148
1737,1151,1152
1738,846,847
1738,1147,1148
1738,1151,1152
1738,1189,1190
1739,688,689
1739,826,827
1739,871,872
1739,971,972
1740,826,827
1740,871,872
1740,971,972
1740,1010,1011
1741,688,689
1741,826,827
1741,871,872
1741,1010,1011
1742,871,872
1742,882,883
1742,1030,1031
1742,1040,1041
1743,621,622
1743,871,872
1743,882,883
1743,1030,1031
1744,621,622
1744,882,883
1744,987,988
1744,1030,1031
1745,886,887
1745,1030,1031
1745,1040,1041
1745,1185,1186
1746,871,872
1746,886,887
1746,1030,1031
1746,1040,1041
1747,621,622
1747,871,872
1747,886,887
1747,1030,1031
1748,1067,1068
1748,1137,1138
1748,1186,1187
1748,1196,1197
1749,867,868
1749,1067,1068
1749,1137,1138
1749,1186,1187
1750,1067,1068
1750,1186,1187
1750,1196,1197
1750,1205,1206
1751,867,868
1751,1067,1068
1751,1186,1187
1751,1204,1205
1752,867,868
1752,897,898
1752,1137,1138
1752,1186,1187
1753,897,898
1753,1137,1138
1753,1186,1187
1753,1194,1195
1754,1067,1068
1754,1186,1187
1754,1205,1206
1754,1429,1430
1755,1067,1068
1755,1186,1187
1755,1204,1205
1755,1429,1430
1756,963,964
1756,1186,1187
1756,1194,1195
1756,1196,1197
1757,963,964
1757,1186,1187
1757,1196,1197
1757,1205,1206
1758,954,955
1758,963,964
1758,1186,1187
1758,1194,1195
1759,954,955
1759,963,964
1759,1186,1187
1759,1205,1206
1760,1074,1075
1760,1113,1114
1760,1162,1163
1760,1168,1169
1761,1074,1075
1761,1113,1114
1761,1137,1138
1761,1162,1163
1762,1074,1075
1762,1113,1114
1762,1168,1169
1762,1196,1197
1763,1074,1075
1763,1113,1114
1763,1137,1138
1763,1196,1197
1764,1074,1075
1764,1161,1162
1764,1162,1163
1764,1168,1169
1765,1074,1075
1765,1161,1162
1765,1162,1163
1765,1185,1186
1766,897,898
1766,1074,1075
1766,1162,1163
1766,1185,1186
1767,897,898
1767,1074,1075
1767,1137,1138
1767,1162,1163
1768,869,870
1768,1074,1075
1768,1161,1162
1768,1168,1169
1769,869,870
1769,1074,1075
1769,1161,1162
1769,1185,1186
1770,897,898
1770,1074,1075
1770,1137,1138
1770,1194,1195
1771,1074,1075
1771,1186,1187
1771,1194,1195
1771,1196,1197
1772,1074,1075
1772,1137,1138
1772,1186,1187
1772,1196,1197
1773,1074,1075
1773,1137,1138
1773,1186,1187
1773,1194,1195
1774,886,887
1774,897,898
1774,1074,1075
1774,1185,1186
1775,886,887
1775,897,898
1775,1074,1075
1775,1194,1195
1776,886,887
1776,978,979
1776,1074,1075
1776,1185,1186
1777,886,887
1777,978,979
1777,1074,1075
1777,1194,1195
1778,651,652
1778,726,727
1778,927,928
1778,987,988
1779,863,864
1779,892,893
1779,950,951
1779,978,979
1780,673,674
1780,863,864
1780,892,893
1780,950,951
1781,886,887
1781,892,893
1781,978,979
1781,1185,1186
1782,863,864
1782,886,887
1782,892,893
1782,978,979
1783,886,887
1783,892,893
1783,1030,1031
1783,1185,1186
1784,621,622
1784,673,674
1784,863,864
1784,892,893
1785,621,622
1785,863,864
1785,886,887
1785,892,893
1786,621,622
1786,886,887
1786,892,893
1786,1030,1031
1787,621,622
1787,892,893
1787,987,988
1787,1030,1031
1788,621,622
1788,673,674
1788,726,727
1788,892,893
1789,673,674
1789,726,727
1789,892,893
1789,927,928
1790,621,622
1790,726,727
1790,892,893
1790,987,988
1791,726,727
1791,892,893
1791,927,928
1791,987,988
1792,1180,1181
1792,1235,1236
1792,1245,1246
1792,1356,1357
1793,1114,1115
1793,1177,1178
1793,1267,1268
1793,1347,1348
1794,1235,1236
1794,1245,1246
1794,1356,1357
1794,1380,1381
1795,1356,1357
1795,1380,1381
1795,1397,1398
1795,1441,1442
1796,1245,1246
1796,1267,1268
1796,1305,1306
1796,1380,1381
1797,1235,1236
1797,1267,1268
1797,1305,1306
1797,1380,1381
1798,1235,1236
1798,1245,1246
1798,1267,1268
1798,1380,1381
1799,1140,1141
1799,1356,1357
1799,1441,1442
1799,1643,1644
1800,1140,1141
1800,1372,1373
1800,1441,1442
1800,1643,1644
1801,1140,1141
1801,1268,1269
1801,1372,1373
1801,1427,1428
1802,1268,1269
1802,1304,1305
1802,1372,1373
1802,1441,1442
1803,1140,1141
1803,1268,1269
1803,1372,1373
1803,1441,1442
1804,1266,1267
1804,1304,1305
1804,1533,1534
1804,1545,1546
1805,1266,1267
1805,1533,1534
1805,1545,1546
1805,1595,1596
1806,1266,1267
1806,1516,1517
1806,1533,1534
1806,1595,1596
1807,1244,1245
1807,1516,1517
1807,1533,1534
1807,1595,1596
1808,1244,1245
1808,1516,1517
1808,1530,1531
1808,1533,1534
1809,1244,1245
1809,1493,1494
1809,1530,1531
1809,1533,1534
1810,1443,1444
1810,1493,1494
1810,1530,1531
1810,1533,1534
1811,702,703
1811,750,751
1811,899,900
1811,985,986
1812,702,703
1812,899,900
1812,985,986
1812,1051,1052
1813,816,817
1813,866,867
1813,899,900
1813,985,986
1814,750,751
1814,816,817
1814,899,900
1814,985,986
1815,866,867
1815,899,900
1815,901,902
1815,985,986
1816,866,867
1816,901,902
1816,985,986
1816,1051,1052
1817,899,900
1817,901,902
1817,985,986
1817,1051,1052
1818,702,703
1818,959,960
1818,985,986
1818,1051,1052
1819,702,703
1819,895,896
1819,959,960
1819,985,986
1820,959,960
1820,976,977
1820,985,986
1820,1051,1052
1821,895,896
1821,959,960
1821,976,977
1821,985,986
1822,1030,1031
1822,1040,1041
1822,1185,1186
1822,1227,1228
1823,877,878
1823,1030,1031
1823,1185,1186
1823,1227,1228
1824,1040,1041
1824,1162,1163
1824,1185,1186
1824,1227,1228
1825,877,878
1825,1161,1162
1825,1185,1186
1825,1227,1228
1826,1161,1162
1826,1162,1163
1826,1185,1186
1826,1227,1228
1827,1150,1151
1827,1161,1162
1827,1162,1163
1827,1227,1228
1828,1102,1103
1828,1129,1130
1828,1136,1137
1828,1226,1227
1829,1114,1115
1829,1177,1178
1829,1226,1227
1829,1267,1268
1830,880,881
1830,1102,1103
1830,1129,1130
1830,1136,1137
1831,880,881
1831,1102,1103
1831,1136,1137
1831,1171,1172
1832,856,857
1832,880,881
1832,1040,1041
1832,1162,1163
1833,856,857
1833,880,881
1833,1162,1163
1833,1171,1172
1834,880,881
1834,1136,1137
1834,1162,1163
1834,1171,1172
1835,880,881
1835,1040,1041
1835,1162,1163
1835,1227,1228
1836,880,881
1836,1129,1130
1836,1136,1137
1836,1150,1151
1837,880,881
1837,1129,1130
1837,1150,1151
1837,1227,1228
1838,880,881
1838,1136,1137
1838,1150,1151
1838,1162,1163
1839,880,881
1839,1150,1151
1839,1162,1163
1839,1227,1228
1840,871,872
1840,882,883
1840,1040,1041
1840,1088,1089
1841,871,872
1841,971,972
1841,1040,1041
1841,1088,1089
1842,856,857
1842,971,972
1842,1040,1041
1842,1088,1089
1843,856,857
1843,880,881
1843,1040,1041
1843,1088,1089
1844,1050,1051
1844,1110,1111
1844,1154,1155
1844,1164,1165
1845,1110,1111
1845,1154,1155
1845,1164,1165
1845,1171,1172
1846,655,656
1846,874,875
1846,908,909
1846,973,974
1847,655,656
1847,725,726
1847,908,909
1847,973,974
1848,655,656
1848,725,726
1848,908,909
1848,945,946
1849,655,656
1849,751,752
1849,908,909
1849,945,946
1850,652,653
1850,655,656
1850,725,726
1850,973,974
1851,655,656
1851,751,752
1851,765,766
1851,793,794
1852,655,656
1852,751,752
1852,765,766
1852,945,946
1853,655,656
1853,765,766
1853,885,886
1853,965,966
1854,652,653
1854,655,656
1854,885,886
1854,965,966
1855,655,656
1855,765,766
1855,885,886
1855,945,946
1856,655,656
1856,725,726
1856,885,886
1856,945,946
1857,652,653
1857,655,656
1857,725,726
1857,885,886
1858,857,858
1858,874,875
1858,887,888
1858,992,993
1859,874,875
1859,887,888
1859,973,974
1859,992,993
1860,857,858
1860,887,888
1860,894,895
1860,992,993
1861,887,888
1861,894,895
1861,973,974
1861,992,993
1862,655,656
1862,874,875
1862,965,966
1862,992,993
1863,655,656
1863,874,875
1863,973,974
1863,992,993
1864,652,653
1864,655,656
1864,965,966
1864,992,993
1865,652,653
1865,655,656
1865,973,974
1865,992,993
1866,895,896
1866,898,899
1866,972,973
1866,993,994
1867,893,894
1867,895,896
1867,898,899
1867,972,973
1868,751,752
1868,898,899
1868,972,973
1868,993,994
1869,861,862
1869,893,894
1869,898,899
1869,972,973
1870,861,862
1870,874,875
1870,893,894
1870,972,973
1871,751,752
1871,793,794
1871,972,973
1871,993,994
1872,751,752
1872,898,899
1872,908,909
1872,972,973
1873,655,656
1873,751,752
1873,793,794
1873,972,973
1874,655,656
1874,751,752
1874,908,909
1874,972,973
1875,655,656
1875,874,875
1875,908,909
1875,972,973
1876,861,862
1876,898,899
1876,972,973
1876,1214,1215
1877,898,899
1877,908,909
1877,972,973
1877,1214,1215
1878,861,862
1878,874,875
1878,972,973
1878,1214,1215
1879,874,875
1879,908,909
1879,972,973
1879,1214,1215
1880,1528,1529
1880,1571,1572
1880,1586,1587
1880,1636,1637
1881,1379,1380
1881,1477,1478
1881,1512,1513
1881,1582,1583
1882,1310,1311
1882,1379,1380
1882,1512,1513
1882,1582,1583
1883,1310,1311
1883,1404,1405
1883,1440,1441
1883,1569,1570
1884,1248,1249
1884,1379,1380
1884,1440,1441
1884,1569,1570
1885,1310,1311
1885,1379,1380
1885,1440,1441
1885,1569,1570
1886,1248,1249
1886,1379,1380
1886,1477,1478
1886,1569,1570
1887,1379,1380
1887,1477,1478
1887,1512,1513
1887,1569,1570
1888,1310,1311
1888,1379,1380
1888,1512,1513
1888,1569,1570
1889,1477,1478
1889,1512,1513
1889,1514,1515
1889,1569,1570
1890,1289,1290
1890,1512,1513
1890,1514,1515
1890,1569,1570
1891,472,473
1891,509,510
1891,562,563
1891,579,580
1892,503,504
1892,638,639
1892,656,657
1892,672,673
1893,503,504
1893,638,639
1893,653,654
1893,656,657
1894,503,504
1894,653,654
1894,656,657
1894,672,673
1895,503,504
1895,653,654
1895,669,670
1895,781,782
1896,503,504
1896,653,654
1896,669,670
1896,672,673
1897,463,464
1897,503,504
1897,598,599
1897,672,673
1898,463,464
1898,503,504
1898,598,599
1898,819,820
1899,503,504
1899,598,599
1899,781,782
1899,819,820
1900,503,504
1900,598,599
1900,669,670
1900,781,782
1901,503,504
1901,598,599
1901,669,670
1901,672,673
1902,210,211
1902,425,426
1902,483,484
1902,525,526
1903,210,211
1903,425,426
1903,483,484
1903,606,607
1904,425,426
1904,483,484
1904,525,526
1904,774,775
1905,168,169
1905,318,319
1905,358,359
1905,545,546
1906,450,451
1906,498,499
1906,511,512
1906,545,546
1907,424,425
1907,450,451
1907,498,499
1907,545,546
1908,358,359
1908,526,527
1908,529,530
1908,545,546
1909,498,499
1909,526,527
1909,529,530
1909,545,546
1910,450,451
1910,511,512
1910,545,546
1910,595,596
1911,498,499
1911,511,512
1911,526,527
1911,545,546
1912,318,319
1912,358,359
1912,526,527
1912,545,546
1913,318,319
1913,526,527
1913,545,546
1913,559,560
1914,318,319
1914,545,546
1914,559,560
1914,595,596
1915,267,268
1915,511,512
1915,526,527
1915,545,546
1916,267,268
1916,511,512
1916,545,546
1916,595,596
1917,267,268
1917,526,527
1917,545,546
1917,559,560
1918,267,268
1918,545,546
1918,559,560
1918,595,596
1919,658,659
1919,742,743
1919,889,890
1919,994,995
1920,658,659
1920,742,743
1920,994,995
1920,1003,1004
1921,742,743
1921,916,917
1921,984,985
1921,994,995
1922,651,652
1922,734,735
1922,842,843
1922,1007,1008
1923,662,663
1923,734,735
1923,842,843
1923,1007,1008
1924,662,663
1924,734,735
1924,842,843
1924,1031,1032
1925,651,652
1925,734,735
1925,804,805
1925,1007,1008
1926,651,652
1926,734,735
1926,804,805
1926,987,988
1927,734,735
1927,804,805
1927,878,879
1927,1007,1008
1928,662,663
1928,734,735
1928,878,879
1928,1007,1008
1929,662,663
1929,734,735
1929,878,879
1929,1031,1032
1930,722,723
1930,734,735
1930,804,805
1930,987,988
1931,722,723
1931,734,735
1931,804,805
1931,878,879
1932,722,723
1932,734,735
1932,882,883
1932,987,988
1933,722,723
1933,734,735
1933,882,883
1933,900,901
1934,575,576
1934,761,762
1934,775,776
1934,801,802
1935,471,472
1935,575,576
1935,775,776
1935,801,802
1936,980,981
1936,1012,1013
1936,1023,1024
1936,1071,1072
1937,944,945
1937,980,981
1937,1023,1024
1937,1071,1072
1938,903,904
1938,944,945
1938,1023,1024
1938,1071,1072
1939,903,904
1939,944,945
1939,980,981
1939,1023,1024
1940,976,977
1940,1012,1013
1940,1023,1024
1940,1071,1072
1941,866,867
1941,904,905
1941,1023,1024
1941,1051,1052
1942,976,977
1942,985,986
1942,1012,1013
1942,1023,1024
1943,866,867
1943,985,986
1943,1023,1024
1943,1051,1052
1944,976,977
1944,985,986
1944,1023,1024
1944,1051,1052
1945,834,835
1945,1000,1001
1945,1012,1013
1945,1014,1015
1946,834,835
1946,893,894
1946,1012,1013
1946,1014,1015
1947,684,685
1947,768,769
1947,834,835
1947,965,966
1948,834,835
1948,874,875
1948,893,894
1948,972,973
1949,834,835
1949,874,875
1949,965,966
1949,992,993
1950,655,656
1950,793,794
1950,834,835
1950,972,973
1951,655,656
1951,834,835
1951,874,875
1951,972,973
1952,684,685
1952,765,766
1952,834,835
1952,965,966
1953,684,685
1953,765,766
1953,793,794
1953,834,835
1954,655,656
1954,834,835
1954,874,875
1954,965,966
1955,655,656
1955,765,766
1955,834,835
1955,965,966
1956,655,656
1956,765,766
1956,793,794
1956,834,835
1957,688,689
1957,826,827
1957,971,972
1957,1097,1098
1958,688,689
1958,871,872
1958,971,972
1958,1097,1098
1959,871,872
1959,971,972
1959,1088,1089
1959,1097,1098
1960,656,657
1960,786,787
1960,825,826
1960,1017,1018
1961,656,657
1961,786,787
1961,799,800
1961,807,808
1962,656,657
1962,674,675
1962,786,787
1962,825,826
1963,656,657
1963,674,675
1963,786,787
1963,807,808
1964,786,787
1964,799,800
1964,807,808
1964,1010,1011
1965,674,675
1965,786,787
1965,825,826
1965,863,864
1966,786,787
1966,825,826
1966,863,864
1966,951,952
1967,621,622
1967,786,787
1967,807,808
1967,1010,1011
1968,621,622
1968,673,674
1968,786,787
1968,807,808
1969,673,674
1969,674,675
1969,786,787
1969,807,808
1970,621,622
1970,673,674
1970,786,787
1970,863,864
1971,673,674
1971,674,675
1971,786,787
1971,863,864
1972,621,622
1972,786,787
1972,863,864
1972,886,887
1973,786,787
1973,863,864
1973,886,887
1973,951,952
1974,613,614
1974,678,679
1974,679,680
1974,744,745
1975,678,679
1975,980,981
1975,1000,1001
1975,1012,1013
1976,678,679
1976,834,835
1976,1000,1001
1976,1012,1013
1977,649,650
1977,678,679
1977,684,685
1977,768,769
1978,649,650
1978,678,679
1978,679,680
1978,768,769
1979,678,679
1979,768,769
1979,834,835
1979,1000,1001
1980,678,679
1980,684,685
1980,768,769
1980,834,835
1981,613,614
1981,678,679
1981,744,745
1981,883,884
1982,678,679
1982,744,745
1982,883,884
1982,980,981
1983,722,723
1983,744,745
1983,883,884
1983,980,981
1984,722,723
1984,744,745
1984,878,879
1984,883,884
1985,722,723
1985,883,884
1985,900,901
1985,980,981
1986,500,501
1986,553,554
1986,579,580
1986,779,780
1987,507,508
1987,553,554
1987,579,580
1987,779,780
1988,440,441
1988,507,508
1988,553,554
1988,779,780
1989,465,466
1989,579,580
1989,779,780
1989,817,818
1990,500,501
1990,553,554
1990,595,596
1990,779,780
1991,500,501
1991,595,596
1991,704,705
1991,779,780
1992,511,512
1992,595,596
1992,704,705
1992,779,780
1993,511,512
1993,704,705
1993,779,780
1993,780,781
1994,465,466
1994,507,508
1994,579,580
1994,779,780
1995,440,441
1995,465,466
1995,507,508
1995,779,780
1996,440,441
1996,553,554
1996,595,596
1996,779,780
1997,465,466
1997,515,516
1997,779,780
1997,817,818
1998,511,512
1998,515,516
1998,779,780
1998,780,781
1999,515,516
1999,779,780
1999,780,781
1999,817,818
2000,465,466
2000,515,516
2000,687,688
2000,779,780
2001,440,441
2001,465,466
2001,687,688
2001,779,780
2002,267,268
2002,511,512
2002,515,516
2002,779,780
2003,267,268
2003,511,512
2003,595,596
2003,779,780
2004,267,268
2004,440,441
2004,595,596
2004,779,780
2005,267,268
2005,515,516
2005,687,688
2005,779,780
2006,267,268
2006,440,441
2006,687,688
2006,779,780
2007,430,431
2007,582,583
2007,602,603
2007,659,660
2008,430,431
2008,516,517
2008,582,583
2008,659,660
2009,186,187
2009,516,517
2009,582,583
2009,659,660
2010,186,187
2010,516,517
2010,519,520
2010,582,583
2011,186,187
2011,388,389
2011,519,520
2011,582,583
2012,206,207
2012,234,235
2012,342,343
2012,447,448
2013,347,348
2013,388,389
2013,447,448
2013,564,565
2014,206,207
2014,347,348
2014,447,448
2014,564,565
2015,5,6
2015,174,175
2015,250,251
2015,265,266
2016,5,6
2016,19,20
2016,250,251
2016,265,266
2017,173,174
2017,174,175
2017,250,251
2017,265,266
2018,173,174
2018,174,175
2018,265,266
2018,360,361
2019,24,25
2019,174,175
2019,265,266
2019,360,361
2020,24,25
2020,238,239
2020,265,266
2020,360,361
2021,230,231
2021,238,239
2021,265,266
2021,360,361
2022,75,76
2022,230,231
2022,238,239
2022,265,266
2023,105,106
2023,190,191
2023,203,204
2023,274,275
2024,19,20
2024,105,106
2024,190,191
2024,203,204
2025,5,6
2025,19,20
2025,105,106
2025,203,204
2026,105,106
2026,154,155
2026,203,204
2026,274,275
2027,5,6
2027,19,20
2027,203,204
2027,265,266
2028,46,47
2028,105,106
2028,154,155
2028,203,204
2029,5,6
2029,46,47
2029,105,106
2029,203,204
2030,75,76
2030,203,204
2030,274,275
2030,365,366
2031,154,155
2031,203,204
2031,274,275
2031,365,366
2032,24,25
2032,174,175
2032,203,204
2032,265,266
2033,5,6
2033,174,175
2033,203,204
2033,265,266
2034,75,76
2034,203,204
2034,238,239
2034,365,366
2035,75,76
2035,203,204
2035,238,239
2035,265,266
2036,24,25
2036,203,204
2036,238,239
2036,365,366
2037,24,25
2037,203,204
2037,238,239
2037,265,266
2038,90,91
2038,121,122
2038,142,143
2038,280,281
2039,5,6
2039,121,122
2039,142,143
2039,250,251
2040,5,6
2040,19,20
2040,121,122
2040,250,251
2041,121,122
2041,126,127
2041,142,143
2041,280,281
2042,5,6
2042,121,122
2042,126,127
2042,142,143
2043,5,6
2043,19,20
2043,121,122
2043,126,127
2044,90,91
2044,121,122
2044,199,200
2044,232,233
2045,90,91
2045,121,122
2045,232,233
2045,280,281
2046,121,122
2046,232,233
2046,280,281
2046,295,296
2047,90,91
2047,121,122
2047,188,189
2047,199,200
2048,90,91
2048,121,122
2048,142,143
2048,188,189
2049,254,255
2049,323,324
2049,377,378
2049,434,435
2050,17,18
2050,19,20
2050,308,309
2050,377,378
2051,17,18
2051,19,20
2051,323,324
2051,377,378
2052,126,127
2052,280,281
2052,308,309
2052,377,378
2053,254,255
2053,295,296
2053,377,378
2053,434,435
2054,121,122
2054,126,127
2054,280,281
2054,377,378
2055,19,20
2055,121,122
2055,126,127
2055,377,378
2056,121,122
2056,280,281
2056,295,296
2056,377,378
2057,17,18
2057,308,309
2057,377,378
2057,434,435
2058,17,18
2058,323,324
2058,377,378
2058,434,435
2059,308,309
2059,377,378
2059,434,435
2059,439,440
2060,280,281
2060,308,309
2060,377,378
2060,439,440
2061,126,127
2061,308,309
2061,312,313
2061,377,378
2062,19,20
2062,308,309
2062,312,313
2062,377,378
2063,19,20
2063,126,127
2063,312,313
2063,377,378
2064,295,296
2064,377,378
2064,434,435
2064,439,440
2065,280,281
2065,295,296
2065,377,378
2065,439,440
2066,232,233
2066,254,255
2066,295,296
2066,377,378
2067,121,122
2067,232,233
2067,254,255
2067,377,378
2068,121,122
2068,232,233
2068,295,296
2068,377,378
2069,1678,1679
2069,1814,1815
2069,1820,1821
2069,1831,1832
2070,1802,1803
2070,1814,1815
2070,1820,1821
2070,1831,1832
2071,1659,1660
2071,1678,1679
2071,1811,1812
2071,1831,1832
2072,1659,1660
2072,1678,1679
2072,1820,1821
2072,1831,1832
2073,1678,1679
2073,1714,1715
2073,1814,1815
2073,1831,1832
2074,1714,1715
2074,1802,1803
2074,1814,1815
2074,1831,1832
2075,1678,1679
2075,1714,1715
2075,1718,1719
2075,1831,1832
2076,1714,1715
2076,1718,1719
2076,1726,1727
2076,1831,1832
2077,1678,1679
2077,1750,1751
2077,1811,1812
2077,1831,1832
2078,1678,1679
2078,1718,1719
2078,1750,1751
2078,1831,1832
2079,1718,1719
2079,1726,1727
2079,1750,1751
2079,1831,1832
2080,1078,1079
2080,1090,1091
2080,1128,1129
2080,1147,1148
2081,836,837
2081,938,939
2081,999,1000
2081,1081,1082
2082,752,753
2082,925,926
2082,926,927
2082,1081,1082
2083,925,926
2083,995,996
2083,1045,1046
2083,1081,1082
2084,836,837
2084,995,996
2084,999,1000
2084,1081,1082
2085,926,927
2085,995,996
2085,999,1000
2085,1081,1082
2086,1336,1337
2086,1349,1350
2086,1587,1588
2086,1657,1658
2087,1251,1252
2087,1349,1350
2087,1587,1588
2087,1657,1658
2088,1265,1266
2088,1336,1337
2088,1464,1465
2088,1657,1658
2089,1265,1266
2089,1336,1337
2089,1389,1390
2089,1657,1658
2090,1336,1337
2090,1389,1390
2090,1587,1588
2090,1657,1658
2091,1251,1252
2091,1389,1390
2091,1587,1588
2091,1657,1658
2092,1251,1252
2092,1389,1390
2092,1436,1437
2092,1657,1658
2093,1251,1252
2093,1392,1393
2093,1436,1437
2093,1657,1658
2094,1302,1303
2094,1335,1336
2094,1375,1376
2094,1502,1503
2095,482,483
2095,533,534
2095,568,569
2095,732,733
2096,410,411
2096,482,483
2096,533,534
2096,568,569
2097,186,187
2097,410,411
2097,533,534
2097,568,569
2098,424,425
2098,568,569
2098,703,704
2098,712,713
2099,516,517
2099,568,569
2099,712,713
2099,732,733
2100,516,517
2100,533,534
2100,568,569
2100,732,733
2101,186,187
2101,516,517
2101,533,534
2101,568,569
2102,424,425
2102,516,517
2102,568,569
2102,712,713
2103,186,187
2103,424,425
2103,516,517
2103,568,569
2104,186,187
2104,424,425
2104,523,524
2104,568,569
2105,186,187
2105,410,411
2105,523,524
2105,568,569
2106,205,206
2106,424,425
2106,523,524
2106,568,569
2107,488,489
2107,492,493
2107,502,503
2107,740,741
2108,1251,1252
2108,1349,1350
2108,1523,1524
2108,1606,1607
2109,1251,1252
2109,1349,1350
2109,1523,1524
2109,1657,1658
2110,1251,1252
2110,1392,1393
2110,1523,1524
2110,1657,1658
2111,1251,1252
2111,1392,1393
2111,1436,1437
2111,1523,1524
2112,617,618
2112,724,725
2112,760,761
2112,845,846
2113,617,618
2113,724,725
2113,760,761
2113,827,828
2114,662,663
2114,724,725
2114,743,744
2114,827,828
2115,724,725
2115,743,744
2115,760,761
2115,827,828
2116,724,725
2116,760,761
2116,845,846
2116,910,911
2117,724,725
2117,749,750
2117,760,761
2117,910,911
2118,701,702
2118,724,725
2118,743,744
2118,760,761
2119,701,702
2119,724,725
2119,743,744
2119,749,750
2120,701,702
2120,724,725
2120,749,750
2120,760,761
2121,645,646
2121,653,654
2121,669,670
2121,672,673
2122,645,646
2122,651,652
2122,653,654
2122,669,670
2123,645,646
2123,669,670
2123,970,971
2123,1007,1008
2124,645,646
2124,651,652
2124,970,971
2124,1007,1008
2125,645,646
2125,651,652
2125,669,670
2125,1007,1008
2126,645,646
2126,651,652
2126,653,654
2126,726,727
2127,645,646
2127,653,654
2127,672,673
2127,862,863
2128,645,646
2128,653,654
2128,726,727
2128,862,863
2129,752,753
2129,925,926
2129,1068,1069
2129,1081,1082
2130,925,926
2130,1045,1046
2130,1068,1069
2130,1081,1082
2131,749,750
2131,758,759
2131,910,911
2131,952,953
2132,720,721
2132,749,750
2132,758,759
2132,952,953
2133,720,721
2133,758,759
2133,855,856
2133,858,859
2134,720,721
2134,749,750
2134,758,759
2134,855,856
2135,720,721
2135,759,760
2135,855,856
2135,858,859
2136,682,683
2136,720,721
2136,749,750
2136,855,856
2137,671,672
2137,682,683
2137,701,702
2137,731,732
2138,682,683
2138,701,702
2138,731,732
2138,749,750
2139,671,672
2139,701,702
2139,731,732
2139,912,913
2140,613,614
2140,671,672
2140,682,683
2140,731,732
2141,682,683
2141,731,732
2141,749,750
2141,855,856
2142,701,702
2142,731,732
2142,743,744
2142,912,913
2143,731,732
2143,743,744
2143,878,879
2143,912,913
2144,701,702
2144,731,732
2144,743,744
2144,749,750
2145,731,732
2145,743,744
2145,749,750
2145,878,879
2146,671,672
2146,731,732
2146,744,745
2146,912,913
2147,613,614
2147,671,672
2147,731,732
2147,744,745
2148,731,732
2148,744,745
2148,878,879
2148,912,913
2149,613,614
2149,731,732
2149,855,856
2149,883,884
2150,731,732
2150,855,856
2150,878,879
2150,883,884
2151,613,614
2151,731,732
2151,744,745
2151,883,884
2152,731,732
2152,744,745
2152,878,879
2152,883,884
2153,628,629
2153,777,778
2153,924,925
2153,926,927
2154,618,619
2154,729,730
2154,777,778
2154,808,809
2155,617,618
2155,618,619
2155,777,778
2155,808,809
2156,628,629
2156,777,778
2156,808,809
2156,827,828
2157,617,618
2157,777,778
2157,808,809
2157,827,828
2158,628,629
2158,752,753
2158,777,778
2158,926,927
2159,628,629
2159,752,753
2159,777,778
2159,827,828
2160,617,618
2160,752,753
2160,777,778
2160,926,927
2161,617,618
2161,752,753
2161,777,778
2161,827,828
2162,727,728
2162,796,797
2162,859,860
2162,996,997
2163,727,728
2163,754,755
2163,796,797
2163,996,997
2164,674,675
2164,746,747
2164,763,764
2164,862,863
2165,673,674
2165,746,747
2165,796,797
2165,841,842
2166,674,675
2166,746,747
2166,763,764
2166,1003,1004
2167,673,674
2167,674,675
2167,746,747
2167,862,863
2168,673,674
2168,674,675
2168,746,747
2168,787,788
2169,673,674
2169,746,747
2169,787,788
2169,841,842
2170,674,675
2170,746,747
2170,787,788
2170,1003,1004
2171,746,747
2171,787,788
2171,841,842
2171,1003,1004
2172,637,638
2172,638,639
2172,656,657
2172,1017,1018
2173,637,638
2173,656,657
2173,914,915
2173,1017,1018
2174,637,638
2174,656,657
2174,763,764
2174,914,915
2175,493,494
2175,637,638
2175,914,915
2175,1017,1018
2176,468,469
2176,639,640
2176,736,737
2176,775,776
2177,468,469
2177,639,640
2177,729,730
2177,808,809
2178,471,472
2178,639,640
2178,736,737
2178,775,776
2179,639,640
2179,729,730
2179,761,762
2179,775,776
2180,468,469
2180,639,640
2180,729,730
2180,775,776
2181,639,640
2181,727,728
2181,783,784
2181,891,892
2182,628,629
2182,639,640
2182,891,892
2182,924,925
2183,639,640
2183,783,784
2183,891,892
2183,924,925
2184,468,469
2184,736,737
2184,810,811
2184,970,971
2185,645,646
2185,736,737
2185,810,811
2185,970,971
2186,645,646
2186,669,670
2186,810,811
2186,970,971
2187,669,670
2187,810,811
2187,811,812
2187,970,971
2188,486,487
2188,810,811
2188,811,812
2188,970,971
2189,486,487
2189,669,670
2189,810,811
2189,811,812
2190,486,487
2190,669,670
2190,672,673
2190,810,811
2191,645,646
2191,669,670
2191,672,673
2191,810,811
2192,531,532
2192,549,550
2192,697,698
2192,775,776
2193,531,532
2193,549,550
2193,659,660
2193,697,698
2194,468,469
2194,549,550
2194,697,698
2194,775,776
2195,468,469
2195,549,550
2195,736,737
2195,810,811
2196,430,431
2196,516,517
2196,549,550
2196,659,660
2197,409,410
2197,551,552
2197,583,584
2197,677,678
2198,409,410
2198,583,584
2198,584,585
2198,677,678
2199,409,410
2199,583,584
2199,792,793
2199,809,810
2200,409,410
2200,551,552
2200,583,584
2200,809,810
2201,551,552
2201,583,584
2201,792,793
2201,809,810
2202,551,552
2202,583,584
2202,792,793
2202,889,890
2203,583,584
2203,772,773
2203,792,793
2203,889,890
2204,551,552
2204,658,659
2204,730,731
2204,809,810
2205,551,552
2205,658,659
2205,730,731
2205,994,995
2206,544,545
2206,643,644
2206,730,731
2206,994,995
2207,456,457
2207,551,552
2207,730,731
2207,809,810
2208,456,457
2208,544,545
2208,730,731
2208,994,995
2209,456,457
2209,551,552
2209,730,731
2209,994,995
2210,658,659
2210,730,731
2210,806,807
2210,809,810
2211,643,644
2211,730,731
2211,984,985
2211,994,995
2212,409,410
2212,551,552
2212,589,590
2212,677,678
2213,456,457
2213,495,496
2213,589,590
2213,795,796
2214,449,450
2214,495,496
2214,541,542
2214,589,590
2215,449,450
2215,541,542
2215,589,590
2215,795,796
2216,495,496
2216,541,542
2216,589,590
2216,795,796
2217,456,457
2217,589,590
2217,795,796
2217,809,810
2218,456,457
2218,551,552
2218,589,590
2218,809,810
2219,409,410
2219,589,590
2219,795,796
2219,809,810
2220,409,410
2220,551,552
2220,589,590
2220,809,810
2221,48,49
2221,200,201
2221,214,215
2221,294,295
2222,48,49
2222,200,201
2222,294,295
2222,547,548
2223,314,315
2223,326,327
2223,329,330
2223,389,390
2224,191,192
2224,257,258
2224,496,497
2224,505,506
2225,191,192
2225,314,315
2225,496,497
2225,565,566
2226,191,192
2226,257,258
2226,314,315
2226,496,497
2227,257,258
2227,316,317
2227,496,497
2227,505,506
2228,316,317
2228,317,318
2228,496,497
2228,505,506
2229,326,327
2229,329,330
2229,496,497
2229,565,566
2230,314,315
2230,326,327
2230,496,497
2230,565,566
2231,314,315
2231,326,327
2231,329,330
2231,496,497
2232,257,258
2232,314,315
2232,316,317
2232,496,497
2233,211,212
2233,303,304
2233,306,307
2233,375,376
2234,211,212
2234,306,307
2234,375,376
2234,603,604
2235,191,192
2235,257,258
2235,505,506
2235,578,579
2236,257,258
2236,317,318
2236,505,506
2236,578,579
2237,317,318
2237,505,506
2237,542,543
2237,578,579
2238,191,192
2238,475,476
2238,505,506
2238,578,579
2239,75,76
2239,257,258
2239,317,318
2239,578,579
2240,190,191
2240,317,318
2240,542,543
2240,578,579
2241,190,191
2241,323,324
2241,345,346
2241,578,579
2242,190,191
2242,345,346
2242,542,543
2242,578,579
2243,191,192
2243,475,476
2243,563,564
2243,578,579
2244,191,192
2244,478,479
2244,563,564
2244,578,579
2245,191,192
2245,427,428
2245,475,476
2245,563,564
2246,427,428
2246,461,462
2246,475,476
2246,563,564
2247,411,412
2247,461,462
2247,478,479
2247,563,564
2248,167,168
2248,411,412
2248,478,479
2248,563,564
2249,636,637
2249,637,638
2249,638,639
2249,733,734
2250,494,495
2250,574,575
2250,636,637
2250,733,734
2251,574,575
2251,636,637
2251,637,638
2251,733,734
2252,494,495
2252,574,575
2252,636,637
2252,637,638
2253,494,495
2253,636,637
2253,637,638
2253,763,764
2254,503,504
2254,636,637
2254,638,639
2254,672,673
2255,636,637
2255,638,639
2255,656,657
2255,672,673
2256,636,637
2256,637,638
2256,638,639
2256,656,657
2257,636,637
2257,637,638
2257,656,657
2257,763,764
2258,636,637
2258,656,657
2258,672,673
2258,862,863
2259,636,637
2259,656,657
2259,763,764
2259,862,863
2260,486,487
2260,650,651
2260,672,673
2260,810,811
2261,463,464
2261,486,487
2261,650,651
2261,672,673
2262,486,487
2262,549,550
2262,650,651
2262,810,811
2263,463,464
2263,503,504
2263,650,651
2263,672,673
2264,486,487
2264,516,517
2264,549,550
2264,650,651
2265,430,431
2265,516,517
2265,549,550
2265,650,651
2266,494,495
2266,636,637
2266,676,677
2266,763,764
2267,645,646
2267,672,673
2267,676,677
2267,862,863
2268,636,637
2268,672,673
2268,676,677
2268,862,863
2269,636,637
2269,676,677
2269,763,764
2269,862,863
2270,676,677
2270,746,747
2270,763,764
2270,862,863
2271,676,677
2271,746,747
2271,763,764
2271,806,807
2272,184,185
2272,230,231
2272,257,258
2272,314,315
2273,184,185
2273,257,258
2273,314,315
2273,316,317
2274,184,185
2274,230,231
2274,257,258
2274,316,317
2275,184,185
2275,314,315
2275,329,330
2275,496,497
2276,184,185
2276,316,317
2276,329,330
2276,496,497
2277,184,185
2277,314,315
2277,316,317
2277,496,497
2278,184,185
2278,314,315
2278,329,330
2278,389,390
2279,112,113
2279,184,185
2279,230,231
2279,366,367
2280,112,113
2280,175,176
2280,184,185
2280,230,231
2281,175,176
2281,184,185
2281,230,231
2281,314,315
2282,156,157
2282,184,185
2282,230,231
2282,366,367
2283,156,157
2283,184,185
2283,230,231
2283,316,317
2284,184,185
2284,329,330
2284,348,349
2284,389,390
2285,175,176
2285,184,185
2285,314,315
2285,389,390
2286,156,157
2286,184,185
2286,273,274
2286,366,367
2287,117,118
2287,215,216
2287,259,260
2287,341,342
2288,91,92
2288,156,157
2288,215,216
2288,273,274
2289,91,92
2289,169,170
2289,222,223
2289,273,274
2290,200,201
2290,214,215
2290,294,295
2290,299,300
2291,200,201
2291,294,295
2291,299,300
2291,547,548
2292,217,218
2292,291,292
2292,476,477
2292,481,482
2293,217,218
2293,291,292
2293,386,387
2293,476,477
2294,217,218
2294,223,224
2294,386,387
2294,476,477
2295,291,292
2295,299,300
2295,476,477
2295,481,482
2296,200,201
2296,291,292
2296,299,300
2296,476,477
2297,201,202
2297,303,304
2297,402,403
2297,609,610
2298,1073,1074
2298,1113,1114
2298,1168,1169
2298,1319,1320
2299,1482,1483
2299,1509,1510
2299,1591,1592
2299,1599,1600
2300,1067,1068
2300,1250,1251
2300,1312,1313
2300,1319,1320
2301,1067,1068
2301,1250,1251
2301,1312,1313
2301,1429,1430
2302,1123,1124
2302,1196,1197
2302,1250,1251
2302,1319,1320
2303,1123,1124
2303,1168,1169
2303,1196,1197
2303,1319,1320
2304,1076,1077
2304,1123,1124
2304,1168,1169
2304,1196,1197
2305,224,225
2305,306,307
2305,332,333
2305,444,445
2306,255,256
2306,306,307
2306,332,333
2306,444,445
2307,224,225
2307,255,256
2307,332,333
2307,444,445
2308,201,202
2308,303,304
2308,332,333
2308,609,610
2309,1060,1061
2309,1063,1064
2309,1225,1226
2309,1317,1318
2310,1060,1061
2310,1063,1064
2310,1155,1156
2310,1317,1318
2311,1033,1034
2311,1060,1061
2311,1063,1064
2311,1163,1164
2312,1033,1034
2312,1063,1064
2312,1123,1124
2312,1163,1164
2313,1063,1064
2313,1076,1077
2313,1123,1124
2313,1163,1164
2314,1054,1055
2314,1063,1064
2314,1076,1077
2314,1163,1164
2315,1054,1055
2315,1060,1061
2315,1063,1064
2315,1163,1164
2316,1406,1407
2316,1481,1482
2316,1719,1720
2316,1826,1827
2317,1406,1407
2317,1481,1482
2317,1537,1538
2317,1826,1827
2318,1406,1407
2318,1649,1650
2318,1719,1720
2318,1826,1827
2319,1406,1407
2319,1649,1650
2319,1663,1664
2319,1719,1720
2320,851,852
2320,1002,1003
2320,1107,1108
2320,1117,1118
2321,851,852
2321,864,865
2321,1002,1003
2321,1107,1108
2322,1002,1003
2322,1065,1066
2322,1107,1108
2322,1117,1118
2323,864,865
2323,1002,1003
2323,1065,1066
2323,1107,1108
2324,864,865
2324,1069,1070
2324,1107,1108
2324,1200,1201
2325,864,865
2325,1065,1066
2325,1107,1108
2325,1200,1201
2326,864,865
2326,888,889
2326,1069,1070
2326,1107,1108
2327,851,852
2327,864,865
2327,888,889
2327,1107,1108
2328,1066,1067
2328,1069,1070
2328,1107,1108
2328,1200,1201
2329,1065,1066
2329,1066,1067
2329,1107,1108
2329,1200,1201
2330,851,852
2330,864,865
2330,888,889
2330,1228,1229
2331,737,738
2331,851,852
2331,888,889
2331,1228,1229
2332,864,865
2332,888,889
2332,1005,1006
2332,1228,1229
2333,737,738
2333,888,889
2333,981,982
2333,1228,1229
2334,888,889
2334,981,982
2334,1005,1006
2334,1228,1229
2335,737,738
2335,873,874
2335,989,990
2335,1228,1229
2336,737,738
2336,873,874
2336,1188,1189
2336,1228,1229
2337,851,852
2337,873,874
2337,1188,1189
2337,1228,1229
2338,737,738
2338,851,852
2338,1188,1189
2338,1228,1229
2339,737,738
2339,981,982
2339,989,990
2339,1228,1229
2340,981,982
2340,989,990
2340,1005,1006
2340,1228,1229
2341,828,829
2341,840,841
2341,1043,1044
2341,1059,1060
2342,828,829
2342,978,979
2342,1043,1044
2342,1059,1060
2343,840,841
2343,1043,1044
2343,1059,1060
2343,1076,1077
2344,828,829
2344,963,964
2344,1043,1044
2344,1176,1177
2345,1043,1044
2345,1176,1177
2345,1196,1197
2345,1250,1251
2346,828,829
2346,1043,1044
2346,1119,1120
2346,1176,1177
2347,828,829
2347,840,841
2347,1043,1044
2347,1119,1120
2348,840,841
2348,1043,1044
2348,1119,1120
2348,1176,1177
2349,869,870
2349,978,979
2349,1043,1044
2349,1059,1060
2350,869,870
2350,1043,1044
2350,1059,1060
2350,1076,1077
2351,1043,1044
2351,1176,1177
2351,1196,1197
2351,1205,1206
2352,963,964
2352,1043,1044
2352,1196,1197
2352,1205,1206
2353,963,964
2353,1043,1044
2353,1176,1177
2353,1205,1206
2354,1043,1044
2354,1076,1077
2354,1123,1124
2354,1196,1197
2355,869,870
2355,978,979
2355,1043,1044
2355,1074,1075
2356,828,829
2356,978,979
2356,1043,1044
2356,1194,1195
2357,828,829
2357,963,964
2357,1043,1044
2357,1194,1195
2358,963,964
2358,1043,1044
2358,1194,1195
2358,1196,1197
2359,1043,1044
2359,1074,1075
2359,1194,1195
2359,1196,1197
2360,978,979
2360,1043,1044
2360,1074,1075
2360,1194,1195
2361,1043,1044
2361,1076,1077
2361,1168,1169
2361,1196,1197
2362,1043,1044
2362,1074,1075
2362,1168,1169
2362,1196,1197
2363,869,870
2363,1043,1044
2363,1076,1077
2363,1168,1169
2364,869,870
2364,1043,1044
2364,1074,1075
2364,1168,1169
2365,266,267
2365,278,279
2365,334,335
2365,558,559
2366,266,267
2366,278,279
2366,334,335
2366,434,435
2367,266,267
2367,334,335
2367,558,559
2367,592,593
2368,334,335
2368,411,412
2368,541,542
2368,592,593
2369,334,335
2369,541,542
2369,558,559
2369,592,593
2370,334,335
2370,411,412
2370,461,462
2370,541,542
2371,334,335
2371,342,343
2371,434,435
2371,478,479
2372,334,335
2372,342,343
2372,411,412
2372,478,479
2373,253,254
2373,266,267
2373,334,335
2373,434,435
2374,253,254
2374,266,267
2374,334,335
2374,592,593
2375,253,254
2375,334,335
2375,342,343
2375,434,435
2376,234,235
2376,334,335
2376,411,412
2376,592,593
2377,234,235
2377,253,254
2377,334,335
2377,592,593
2378,234,235
2378,334,335
2378,342,343
2378,411,412
2379,234,235
2379,253,254
2379,334,335
2379,342,343
2380,403,404
2380,508,509
2380,573,574
2380,602,603
2381,403,404
2381,430,431
2381,508,509
2381,602,603
2382,508,509
2382,531,532
2382,573,574
2382,602,603
2383,430,431
2383,508,509
2383,602,603
2383,659,660
2384,430,431
2384,508,509
2384,549,550
2384,659,660
2385,508,509
2385,531,532
2385,602,603
2385,659,660
2386,508,509
2386,531,532
2386,549,550
2386,659,660
2387,471,472
2387,508,509
2387,575,576
2387,775,776
2388,508,509
2388,531,532
2388,573,574
2388,575,576
2389,508,509
2389,531,532
2389,575,576
2389,775,776
2390,508,509
2390,531,532
2390,549,550
2390,775,776
2391,453,454
2391,494,495
2391,574,575
2391,711,712
2392,453,454
2392,494,495
2392,636,637
2392,733,734
2393,453,454
2393,497,498
2393,574,575
2393,733,734
2394,453,454
2394,494,495
2394,574,575
2394,733,734
2395,420,421
2395,453,454
2395,494,495
2395,711,712
2396,411,412
2396,420,421
2396,461,462
2396,563,564
2397,420,421
2397,427,428
2397,461,462
2397,711,712
2398,420,421
2398,427,428
2398,461,462
2398,563,564
2399,420,421
2399,427,428
2399,453,454
2399,711,712
2400,400,401
2400,456,457
2400,795,796
2400,809,810
2401,400,401
2401,456,457
2401,730,731
2401,809,810
2402,400,401
2402,456,457
2402,544,545
2402,730,731
2403,400,401
2403,456,457
2403,495,496
2403,795,796
2404,400,401
2404,456,457
2404,495,496
2404,544,545
2405,400,401
2405,407,408
2405,495,496
2405,544,545
2406,400,401
2406,407,408
2406,495,496
2406,714,715
2407,400,401
2407,495,496
2407,541,542
2407,795,796
2408,400,401
2408,495,496
2408,541,542
2408,714,715
2409,1033,1034
2409,1060,1061
2409,1143,1144
2409,1163,1164
2410,1032,1033
2410,1033,1034
2410,1060,1061
2410,1143,1144
2411,1033,1034
2411,1100,1101
2411,1143,1144
2411,1163,1164
2412,1032,1033
2412,1033,1034
2412,1100,1101
2412,1143,1144
2413,1054,1055
2413,1117,1118
2413,1143,1144
2413,1163,1164
2414,1054,1055
2414,1060,1061
2414,1143,1144
2414,1163,1164
2415,1065,1066
2415,1100,1101
2415,1143,1144
2415,1167,1168
2416,1065,1066
2416,1100,1101
2416,1143,1144
2416,1163,1164
2417,1065,1066
2417,1117,1118
2417,1143,1144
2417,1163,1164
2418,1041,1042
2418,1368,1369
2418,1377,1378
2418,1413,1414
2419,1041,1042
2419,1337,1338
2419,1377,1378
2419,1413,1414
2420,1041,1042
2420,1252,1253
2420,1337,1338
2420,1413,1414
2421,1041,1042
2421,1128,1129
2421,1139,1140
2421,1189,1190
2422,1041,1042
2422,1066,1067
2422,1189,1190
2422,1200,1201
2423,1603,1604
2423,1619,1620
2423,1639,1640
2423,1646,1647
2424,1474,1475
2424,1603,1604
2424,1619,1620
2424,1639,1640
2425,1301,1302
2425,1619,1620
2425,1646,1647
2425,1648,1649
2426,1619,1620
2426,1639,1640
2426,1646,1647
2426,1648,1649
2427,1474,1475
2427,1599,1600
2427,1603,1604
2427,1619,1620
2428,1452,1453
2428,1619,1620
2428,1639,1640
2428,1648,1649
2429,1452,1453
2429,1474,1475
2429,1619,1620
2429,1639,1640
2430,1452,1453
2430,1619,1620
2430,1634,1635
2430,1648,1649
2431,1452,1453
2431,1474,1475
2431,1619,1620
2431,1634,1635
2432,1274,1275
2432,1293,1294
2432,1475,1476
2432,1580,1581
2433,1293,1294
2433,1475,1476
2433,1561,1562
2433,1580,1581
2434,1394,1395
2434,1406,1407
2434,1481,1482
2434,1589,1590
2435,717,718
2435,841,842
2435,916,917
2435,984,985
2436,717,718
2436,841,842
2436,873,874
2436,916,917
2437,717,718
2437,841,842
2437,873,874
2437,989,990
2438,717,718
2438,737,738
2438,873,874
2438,989,990
2439,717,718
2439,737,738
2439,949,950
2439,989,990
2440,717,718
2440,737,738
2440,873,874
2440,1188,1189
2441,717,718
2441,873,874
2441,961,962
2441,1188,1189
2442,746,747
2442,841,842
2442,920,921
2442,1003,1004
2443,841,842
2443,916,917
2443,920,921
2443,1003,1004
2444,841,842
2444,916,917
2444,920,921
2444,984,985
2445,643,644
2445,730,731
2445,806,807
2445,920,921
2446,643,644
2446,730,731
2446,920,921
2446,984,985
2447,658,659
2447,730,731
2447,806,807
2447,920,921
2448,730,731
2448,920,921
2448,984,985
2448,994,995
2449,916,917
2449,920,921
2449,984,985
2449,994,995
2450,658,659
2450,763,764
2450,806,807
2450,920,921
2451,746,747
2451,763,764
2451,806,807
2451,920,921
2452,658,659
2452,763,764
2452,920,921
2452,1003,1004
2453,746,747
2453,763,764
2453,920,921
2453,1003,1004
2454,658,659
2454,920,921
2454,994,995
2454,1003,1004
2455,658,659
2455,730,731
2455,920,921
2455,994,995
2456,742,743
2456,916,917
2456,920,921
2456,994,995
2457,742,743
2457,916,917
2457,920,921
2457,1003,1004
2458,742,743
2458,920,921
2458,994,995
2458,1003,1004
2459,818,819
2459,875,876
2459,982,983
2459,1079,1080
2460,818,819
2460,875,876
2460,1079,1080
2460,1199,1200
2461,867,868
2461,964,965
2461,1148,1149
2461,1204,1205
2462,964,965
2462,1035,1036
2462,1148,1149
2462,1204,1205
2463,867,868
2463,1148,1149
2463,1186,1187
2463,1204,1205
2464,1035,1036
2464,1148,1149
2464,1204,1205
2464,1429,1430
2465,954,955
2465,1133,1134
2465,1148,1149
2465,1429,1430
2466,909,910
2466,954,955
2466,1133,1134
2466,1148,1149
2467,1148,1149
2467,1186,1187
2467,1204,1205
2467,1429,1430
2468,954,955
2468,1148,1149
2468,1205,1206
2468,1429,1430
2469,954,955
2469,1148,1149
2469,1186,1187
2469,1205,1206
2470,1148,1149
2470,1186,1187
2470,1205,1206
2470,1429,1430
2471,964,965
2471,969,970
2471,1020,1021
2471,1130,1131
2472,867,868
2472,964,965
2472,1020,1021
2472,1130,1131
2473,867,868
2473,964,965
2473,1130,1131
2473,1148,1149
2474,867,868
2474,897,898
2474,971,972
2474,1130,1131
2475,867,868
2475,971,972
2475,1020,1021
2475,1130,1131
2476,814,815
2476,823,824
2476,829,830
2476,969,970
2477,233,234
2477,306,307
2477,444,445
2477,459,460
2478,224,225
2478,444,445
2478,459,460
2478,487,488
2479,224,225
2479,306,307
2479,444,445
2479,459,460
2480,600,601
2480,630,631
2480,690,691
2480,753,754
2481,1548,1549
2481,1627,1628
2481,1650,1651
2481,1680,1681
2482,1627,1628
2482,1659,1660
2482,1820,1821
2482,1840,1841
2483,1615,1616
2483,1627,1628
2483,1680,1681
2483,1719,1720
2484,1507,1508
2484,1627,1628
2484,1650,1651
2484,1680,1681
2485,1507,1508
2485,1627,1628
2485,1650,1651
2485,1820,1821
2486,1507,1508
2486,1627,1628
2486,1680,1681
2486,1719,1720
2487,1507,1508
2487,1627,1628
2487,1719,1720
2487,1820,1821
2488,840,841
2488,1054,1055
2488,1155,1156
2488,1222,1223
2489,840,841
2489,1054,1055
2489,1076,1077
2489,1222,1223
2490,1054,1055
2490,1063,1064
2490,1076,1077
2490,1222,1223
2491,1054,1055
2491,1060,1061
2491,1155,1156
2491,1222,1223
2492,1054,1055
2492,1060,1061
2492,1063,1064
2492,1222,1223
2493,1060,1061
2493,1063,1064
2493,1155,1156
2493,1222,1223
2494,1063,1064
2494,1076,1077
2494,1123,1124
2494,1222,1223
2495,840,841
2495,1155,1156
2495,1206,1207
2495,1222,1223
2496,840,841
2496,1043,1044
2496,1176,1177
2496,1222,1223
2497,840,841
2497,1043,1044
2497,1076,1077
2497,1222,1223
2498,1176,1177
2498,1206,1207
2498,1222,1223
2498,1250,1251
2499,840,841
2499,1176,1177
2499,1206,1207
2499,1222,1223
2500,1043,1044
2500,1176,1177
2500,1222,1223
2500,1250,1251
2501,1043,1044
2501,1076,1077
2501,1123,1124
2501,1222,1223
2502,1123,1124
2502,1196,1197
2502,1222,1223
2502,1250,1251
2503,1043,1044
2503,1196,1197
2503,1222,1223
2503,1250,1251
2504,1043,1044
2504,1123,1124
2504,1196,1197
2504,1222,1223
2505,1615,1616
2505,1626,1627
2505,1680,1681
2505,1719,1720
2506,1354,1355
2506,1558,1559
2506,1626,1627
2506,1739,1740
2507,1558,1559
2507,1626,1627
2507,1680,1681
2507,1739,1740
2508,1507,1508
2508,1558,1559
2508,1626,1627
2508,1680,1681
2509,1507,1508
2509,1626,1627
2509,1680,1681
2509,1719,1720
2510,1394,1395
2510,1481,1482
2510,1615,1616
2510,1626,1627
2511,1394,1395
2511,1406,1407
2511,1481,1482
2511,1626,1627
2512,1481,1482
2512,1615,1616
2512,1626,1627
2512,1719,1720
2513,1406,1407
2513,1481,1482
2513,1626,1627
2513,1719,1720
2514,1406,1407
2514,1626,1627
2514,1663,1664
2514,1719,1720
2515,1507,1508
2515,1558,1559
2515,1626,1627
2515,1663,1664
2516,1507,1508
2516,1626,1627
2516,1663,1664
2516,1719,1720
2517,828,829
2517,929,930
2517,930,931
2517,978,979
2518,929,930
2518,930,931
2518,950,951
2518,978,979
2519,873,874
2519,929,930
2519,950,951
2519,978,979
2520,873,874
2520,929,930
2520,978,979
2520,1059,1060
2521,828,829
2521,929,930
2521,978,979
2521,1059,1060
2522,787,788
2522,929,930
2522,930,931
2522,950,951
2523,873,874
2523,929,930
2523,961,962
2523,1059,1060
2524,828,829
2524,929,930
2524,961,962
2524,1059,1060
2525,717,718
2525,873,874
2525,916,917
2525,929,930
2526,717,718
2526,873,874
2526,929,930
2526,961,962
2527,717,718
2527,916,917
2527,929,930
2527,961,962
2528,828,829
2528,875,876
2528,929,930
2528,930,931
2529,787,788
2529,875,876
2529,929,930
2529,930,931
2530,841,842
2530,873,874
2530,916,917
2530,929,930
2531,841,842
2531,873,874
2531,929,930
2531,950,951
2532,787,788
2532,841,842
2532,916,917
2532,929,930
2533,787,788
2533,841,842
2533,929,930
2533,950,951
2534,828,829
2534,875,876
2534,929,930
2534,1079,1080
2535,828,829
2535,929,930
2535,961,962
2535,1079,1080
2536,916,917
2536,929,930
2536,961,962
2536,982,983
2537,875,876
2537,929,930
2537,982,983
2537,1079,1080
2538,929,930
2538,961,962
2538,982,983
2538,1079,1080
2539,473,474
2539,640,641
2539,948,949
2539,1016,1017
2540,640,641
2540,784,785
2540,948,949
2540,1016,1017
2541,628,629
2541,752,753
2541,842,843
2541,1138,1139
2542,854,855
2542,938,939
2542,997,998
2542,1138,1139
2543,854,855
2543,891,892
2543,997,998
2543,1138,1139
2544,628,629
2544,926,927
2544,999,1000
2544,1138,1139
2545,628,629
2545,752,753
2545,926,927
2545,1138,1139
2546,938,939
2546,999,1000
2546,1081,1082
2546,1138,1139
2547,628,629
2547,924,925
2547,999,1000
2547,1138,1139
2548,628,629
2548,891,892
2548,924,925
2548,1138,1139
2549,891,892
2549,924,925
2549,999,1000
2549,1138,1139
2550,854,855
2550,938,939
2550,999,1000
2550,1138,1139
2551,854,855
2551,891,892
2551,999,1000
2551,1138,1139
2552,926,927
2552,999,1000
2552,1081,1082
2552,1138,1139
2553,752,753
2553,926,927
2553,1081,1082
2553,1138,1139
2554,846,847
2554,938,939
2554,997,998
2554,1070,1071
2555,938,939
2555,997,998
2555,1070,1071
2555,1138,1139
2556,846,847
2556,938,939
2556,1070,1071
2556,1147,1148
2557,1247,1248
2557,1351,1352
2557,1467,1468
2557,1638,1639
2558,1247,1248
2558,1305,1306
2558,1351,1352
2558,1638,1639
2559,1247,1248
2559,1277,1278
2559,1305,1306
2559,1351,1352
2560,1299,1300
2560,1458,1459
2560,1567,1568
2560,1597,1598
2561,1299,1300
2561,1467,1468
2561,1567,1568
2561,1597,1598
2562,1289,1290
2562,1458,1459
2562,1512,1513
2562,1567,1568
2563,1289,1290
2563,1299,1300
2563,1458,1459
2563,1567,1568
2564,1299,1300
2564,1467,1468
2564,1567,1568
2564,1638,1639
2565,1351,1352
2565,1467,1468
2565,1567,1568
2565,1638,1639
2566,1289,1290
2566,1512,1513
2566,1514,1515
2566,1567,1568
2567,1289,1290
2567,1299,1300
2567,1514,1515
2567,1567,1568
2568,1299,1300
2568,1514,1515
2568,1567,1568
2568,1638,1639
2569,1351,1352
2569,1514,1515
2569,1567,1568
2569,1638,1639
2570,1477,1478
2570,1512,1513
2570,1514,1515
2570,1567,1568
2571,1437,1438
2571,1594,1595
2571,1629,1630
2571,1661,1662
2572,1594,1595
2572,1629,1630
2572,1661,1662
2572,1838,1839
2573,1437,1438
2573,1504,1505
2573,1594,1595
2573,1661,1662
2574,1465,1466
2574,1509,1510
2574,1591,1592
2574,1599,1600
2575,1465,1466
2575,1515,1516
2575,1612,1613
2575,1737,1738
2576,1465,1466
2576,1515,1516
2576,1612,1613
2576,1838,1839
2577,1465,1466
2577,1515,1516
2577,1737,1738
2577,1839,1840
2578,1465,1466
2578,1737,1738
2578,1769,1770
2578,1839,1840
2579,1465,1466
2579,1599,1600
2579,1769,1770
2579,1839,1840
2580,1675,1676
2580,1714,1715
2580,1802,1803
2580,1831,1832
2581,1675,1676
2581,1714,1715
2581,1726,1727
2581,1831,1832
2582,1563,1564
2582,1599,1600
2582,1769,1770
2582,1839,1840
2583,1486,1487
2583,1563,1564
2583,1769,1770
2583,1839,1840
2584,1486,1487
2584,1563,1564
2584,1740,1741
2584,1839,1840
2585,1474,1475
2585,1563,1564
2585,1599,1600
2585,1639,1640
2586,1563,1564
2586,1599,1600
2586,1639,1640
2586,1769,1770
2587,1452,1453
2587,1474,1475
2587,1563,1564
2587,1639,1640
2588,1450,1451
2588,1454,1455
2588,1682,1683
2588,1702,1703
2589,1450,1451
2589,1454,1455
2589,1682,1683
2589,1841,1842
2590,1450,1451
2590,1456,1457
2590,1702,1703
2590,1838,1839
2591,1450,1451
2591,1682,1683
2591,1702,1703
2591,1849,1850
2592,1450,1451
2592,1668,1669
2592,1682,1683
2592,1841,1842
2593,1450,1451
2593,1456,1457
2593,1702,1703
2593,1780,1781
2594,1449,1450
2594,1450,1451
2594,1456,1457
2594,1780,1781
2595,1450,1451
2595,1702,1703
2595,1780,1781
2595,1849,1850
2596,1449,1450
2596,1450,1451
2596,1780,1781
2596,1849,1850
2597,1438,1439
2597,1449,1450
2597,1450,1451
2597,1849,1850
2598,1438,1439
2598,1664,1665
2598,1791,1792
2598,1815,1816
2599,1438,1439
2599,1664,1665
2599,1691,1692
2599,1732,1733
2600,1438,1439
2600,1682,1683
2600,1791,1792
2600,1849,1850
2601,1438,1439
2601,1450,1451
2601,1668,1669
2601,1682,1683
2602,1438,1439
2602,1450,1451
2602,1682,1683
2602,1849,1850
2603,1438,1439
2603,1668,1669
2603,1691,1692
2603,1815,1816
2604,1438,1439
2604,1664,1665
2604,1691,1692
2604,1815,1816
2605,1438,1439
2605,1668,1669
2605,1772,1773
2605,1815,1816
2606,1438,1439
2606,1772,1773
2606,1791,1792
2606,1815,1816
2607,1438,1439
2607,1668,1669
2607,1682,1683
2607,1772,1773
2608,1438,1439
2608,1682,1683
2608,1772,1773
2608,1791,1792
2609,1454,1455
2609,1743,1744
2609,1752,1753
2609,1825,1826
2610,1454,1455
2610,1682,1683
2610,1752,1753
2610,1825,1826
2611,1454,1455
2611,1682,1683
2611,1702,1703
2611,1752,1753
2612,1712,1713
2612,1743,1744
2612,1752,1753
2612,1825,1826
2613,1682,1683
2613,1702,1703
2613,1752,1753
2613,1849,1850
2614,1682,1683
2614,1752,1753
2614,1772,1773
2614,1825,1826
2615,1725,1726
2615,1752,1753
2615,1772,1773
2615,1825,1826
2616,1444,1445
2616,1602,1603
2616,1672,1673
2616,1771,1772
2617,1510,1511
2617,1522,1523
2617,1771,1772
2617,1798,1799
2618,1510,1511
2618,1632,1633
2618,1771,1772
2618,1798,1799
2619,1444,1445
2619,1585,1586
2619,1602,1603
2619,1771,1772
2620,1585,1586
2620,1602,1603
2620,1771,1772
2620,1798,1799
2621,1672,1673
2621,1705,1706
2621,1771,1772
2621,1783,1784
2622,1444,1445
2622,1705,1706
2622,1771,1772
2622,1776,1777
2623,1672,1673
2623,1705,1706
2623,1771,1772
2623,1776,1777
2624,1444,1445
2624,1672,1673
2624,1771,1772
2624,1776,1777
2625,1522,1523
2625,1652,1653
2625,1771,1772
2625,1798,1799
2626,1602,1603
2626,1652,1653
2626,1771,1772
2626,1798,1799
2627,1444,1445
2627,1585,1586
2627,1632,1633
2627,1771,1772
2628,1585,1586
2628,1632,1633
2628,1771,1772
2628,1798,1799
2629,1522,1523
2629,1705,1706
2629,1771,1772
2629,1783,1784
2630,1522,1523
2630,1652,1653
2630,1771,1772
2630,1783,1784
2631,1510,1511
2631,1534,1535
2631,1705,1706
2631,1771,1772
2632,1510,1511
2632,1534,1535
2632,1632,1633
2632,1771,1772
2633,1444,1445
2633,1534,1535
2633,1705,1706
2633,1771,1772
2634,1444,1445
2634,1534,1535
2634,1632,1633
2634,1771,1772
2635,1453,1454
2635,1522,1523
2635,1705,1706
2635,1771,1772
2636,1453,1454
2636,1510,1511
2636,1705,1706
2636,1771,1772
2637,1453,1454
2637,1510,1511
2637,1522,1523
2637,1771,1772
2638,1692,1693
2638,1720,1721
2638,1722,1723
2638,1743,1744
2639,1672,1673
2639,1692,1693
2639,1720,1721
2639,1743,1744
2640,1672,1673
2640,1692,1693
2640,1720,1721
2640,1722,1723
2641,1602,1603
2641,1720,1721
2641,1743,1744
2641,1792,1793
2642,1672,1673
2642,1720,1721
2642,1743,1744
2642,1792,1793
2643,1602,1603
2643,1672,1673
2643,1720,1721
2643,1792,1793
2644,1672,1673
2644,1720,1721
2644,1771,1772
2644,1783,1784
2645,1602,1603
2645,1672,1673
2645,1720,1721
2645,1771,1772
2646,1672,1673
2646,1695,1696
2646,1720,1721
2646,1783,1784
2647,1672,1673
2647,1695,1696
2647,1720,1721
2647,1722,1723
2648,1652,1653
2648,1720,1721
2648,1771,1772
2648,1783,1784
2649,1602,1603
2649,1652,1653
2649,1720,1721
2649,1771,1772
2650,1454,1455
2650,1602,1603
2650,1720,1721
2650,1743,1744
2651,1454,1455
2651,1602,1603
2651,1652,1653
2651,1720,1721
2652,1695,1696
2652,1720,1721
2652,1762,1763
2652,1783,1784
2653,1695,1696
2653,1720,1721
2653,1722,1723
2653,1762,1763
2654,1454,1455
2654,1720,1721
2654,1743,1744
2654,1825,1826
2655,1696,1697
2655,1720,1721
2655,1762,1763
2655,1783,1784
2656,1696,1697
2656,1720,1721
2656,1722,1723
2656,1762,1763
2657,1683,1684
2657,1696,1697
2657,1720,1721
2657,1783,1784
2658,1652,1653
2658,1683,1684
2658,1720,1721
2658,1783,1784
2659,1652,1653
2659,1683,1684
2659,1696,1697
2659,1720,1721
2660,1696,1697
2660,1720,1721
2660,1722,1723
2660,1825,1826
2661,1720,1721
2661,1722,1723
2661,1743,1744
2661,1825,1826
2662,1454,1455
2662,1696,1697
2662,1720,1721
2662,1825,1826
2663,1454,1455
2663,1652,1653
2663,1696,1697
2663,1720,1721
2664,1050,1051
2664,1109,1110
2664,1190,1191
2664,1239,1240
2665,1050,1051
2665,1110,1111
2665,1144,1145
2665,1239,1240
2666,1201,1202
2666,1215,1216
2666,1231,1232
2666,1308,1309
2667,843,844
2667,1165,1166
2667,1173,1174
2667,1203,1204
2668,1165,1166
2668,1173,1174
2668,1203,1204
2668,1371,1372
2669,1159,1160
2669,1165,1166
2669,1173,1174
2669,1371,1372
2670,843,844
2670,1173,1174
2670,1203,1204
2670,1215,1216
2671,1159,1160
2671,1173,1174
2671,1210,1211
2671,1341,1342
2672,1144,1145
2672,1173,1174
2672,1210,1211
2672,1341,1342
2673,1044,1045
2673,1144,1145
2673,1173,1174
2673,1210,1211
2674,1488,1489
2674,1651,1652
2674,1705,1706
2674,1717,1718
2675,1453,1454
2675,1488,1489
2675,1637,1638
2675,1651,1652
2676,1453,1454
2676,1488,1489
2676,1556,1557
2676,1637,1638
2677,1488,1489
2677,1705,1706
2677,1717,1718
2677,1751,1752
2678,1488,1489
2678,1556,1557
2678,1705,1706
2678,1751,1752
2679,1488,1489
2679,1556,1557
2679,1609,1610
2679,1751,1752
2680,1488,1489
2680,1556,1557
2680,1609,1610
2680,1637,1638
2681,1453,1454
2681,1488,1489
2681,1651,1652
2681,1705,1706
2682,1453,1454
2682,1488,1489
2682,1556,1557
2682,1705,1706
2683,1445,1446
2683,1447,1448
2683,1593,1594
2683,1630,1631
2684,1447,1448
2684,1535,1536
2684,1593,1594
2684,1630,1631
2685,1445,1446
2685,1447,1448
2685,1478,1479
2685,1480,1481
2686,1447,1448
2686,1480,1481
2686,1535,1536
2686,1630,1631
2687,1447,1448
2687,1480,1481
2687,1630,1631
2687,1708,1709
2688,1445,1446
2688,1447,1448
2688,1630,1631
2688,1708,1709
2689,1445,1446
2689,1447,1448
2689,1480,1481
2689,1708,1709
2690,652,653
2690,725,726
2690,832,833
2690,885,886
2691,652,653
2691,832,833
2691,885,886
2691,948,949
2692,832,833
2692,885,886
2692,948,949
2692,1016,1017
2693,652,653
2693,832,833
2693,948,949
2693,1016,1017
2694,725,726
2694,832,833
2694,885,886
2694,945,946
2695,401,402
2695,832,833
2695,885,886
2695,945,946
2696,648,649
2696,894,895
2696,917,918
2696,931,932
2697,648,649
2697,738,739
2697,917,918
2697,931,932
2698,648,649
2698,894,895
2698,917,918
2698,973,974
2699,648,649
2699,652,653
2699,917,918
2699,973,974
2700,648,649
2700,823,824
2700,894,895
2700,931,932
2701,648,649
2701,738,739
2701,823,824
2701,931,932
2702,648,649
2702,894,895
2702,973,974
2702,992,993
2703,648,649
2703,652,653
2703,973,974
2703,992,993
2704,648,649
2704,654,655
2704,738,739
2704,823,824
2705,648,649
2705,823,824
2705,857,858
2705,894,895
2706,648,649
2706,857,858
2706,894,895
2706,992,993
2707,922,923
2707,959,960
2707,976,977
2707,1051,1052
2708,922,923
2708,959,960
2708,1051,1052
2708,1219,1220
2709,922,923
2709,959,960
2709,976,977
2709,1197,1198
2710,922,923
2710,976,977
2710,1071,1072
2710,1197,1198
2711,922,923
2711,976,977
2711,1023,1024
2711,1051,1052
2712,922,923
2712,976,977
2712,1023,1024
2712,1071,1072
2713,904,905
2713,922,923
2713,1023,1024
2713,1051,1052
2714,861,862
2714,1159,1160
2714,1187,1188
2714,1210,1211
2715,1159,1160
2715,1173,1174
2715,1187,1188
2715,1210,1211
2716,1044,1045
2716,1173,1174
2716,1187,1188
2716,1210,1211
2717,847,848
2717,861,862
2717,1159,1160
2717,1187,1188
2718,847,848
2718,1159,1160
2718,1165,1166
2718,1187,1188
2719,1159,1160
2719,1165,1166
2719,1173,1174
2719,1187,1188
2720,833,834
2720,1044,1045
2720,1187,1188
2720,1210,1211
2721,833,834
2721,887,888
2721,1044,1045
2721,1187,1188
2722,847,848
2722,861,862
2722,1187,1188
2722,1214,1215
2723,847,848
2723,1165,1166
2723,1187,1188
2723,1214,1215
2724,887,888
2724,1044,1045
2724,1169,1170
2724,1187,1188
2725,861,862
2725,874,875
2725,887,888
2725,1187,1188
2726,1165,1166
2726,1169,1170
2726,1187,1188
2726,1214,1215
2727,887,888
2727,1169,1170
2727,1187,1188
2727,1214,1215
2728,861,862
2728,887,888
2728,1187,1188
2728,1214,1215
2729,843,844
2729,1165,1166
2729,1169,1170
2729,1187,1188
2730,843,844
2730,1165,1166
2730,1173,1174
2730,1187,1188
2731,843,844
2731,1044,1045
2731,1169,1170
2731,1187,1188
2732,843,844
2732,1044,1045
2732,1173,1174
2732,1187,1188
2733,946,947
2733,1159,1160
2733,1210,1211
2733,1341,1342
2734,861,862
2734,946,947
2734,1159,1160
2734,1210,1211
2735,861,862
2735,946,947
2735,1071,1072
2735,1197,1198
2736,861,862
2736,946,947
2736,1159,1160
2736,1197,1198
2737,922,923
2737,946,947
2737,1071,1072
2737,1197,1198
2738,1050,1051
2738,1110,1111
2738,1144,1145
2738,1209,1210
2739,1050,1051
2739,1110,1111
2739,1164,1165
2739,1209,1210
2740,1110,1111
2740,1164,1165
2740,1171,1172
2740,1209,1210
2741,1044,1045
2741,1050,1051
2741,1144,1145
2741,1209,1210
2742,1044,1045
2742,1144,1145
2742,1209,1210
2742,1210,1211
2743,835,836
2743,1050,1051
2743,1164,1165
2743,1209,1210
2744,833,834
2744,1044,1045
2744,1209,1210
2744,1210,1211
2745,833,834
2745,835,836
2745,1044,1045
2745,1209,1210
2746,1095,1096
2746,1144,1145
2746,1210,1211
2746,1341,1342
2747,1095,1096
2747,1144,1145
2747,1209,1210
2747,1210,1211
2748,1038,1039
2748,1095,1096
2748,1110,1111
2748,1144,1145
2749,1095,1096
2749,1110,1111
2749,1144,1145
2749,1209,1210
2750,1095,1096
2750,1110,1111
2750,1171,1172
2750,1209,1210
2751,887,888
2751,1006,1007
2751,1044,1045
2751,1122,1123
2752,833,834
2752,887,888
2752,1044,1045
2752,1122,1123
2753,833,834
2753,835,836
2753,1044,1045
2753,1122,1123
2754,833,834
2754,857,858
2754,887,888
2754,1122,1123
2755,833,834
2755,835,836
2755,857,858
2755,1122,1123
2756,1086,1087
2756,1120,1121
2756,1122,1123
2756,1198,1199
2757,1006,1007
2757,1086,1087
2757,1122,1123
2757,1198,1199
2758,835,836
2758,848,849
2758,1120,1121
2758,1122,1123
2759,894,895
2759,1120,1121
2759,1122,1123
2759,1198,1199
2760,947,948
2760,1006,1007
2760,1122,1123
2760,1198,1199
2761,887,888
2761,947,948
2761,1006,1007
2761,1122,1123
2762,857,858
2762,894,895
2762,1120,1121
2762,1122,1123
2763,835,836
2763,857,858
2763,1120,1121
2763,1122,1123
2764,857,858
2764,887,888
2764,894,895
2764,1122,1123
2765,894,895
2765,947,948
2765,1122,1123
2765,1198,1199
2766,887,888
2766,894,895
2766,947,948
2766,1122,1123
2767,1305,1306
2767,1322,1323
2767,1419,1420
2767,1638,1639
2768,1245,1246
2768,1267,1268
2768,1305,1306
2768,1419,1420
2769,1335,1336
2769,1419,1420
2769,1502,1503
2769,1638,1639
2770,1302,1303
2770,1335,1336
2770,1419,1420
2770,1502,1503
2771,1267,1268
2771,1302,1303
2771,1335,1336
2771,1419,1420
2772,1322,1323
2772,1467,1468
2772,1612,1613
2772,1644,1645
2773,1262,1263
2773,1591,1592
2773,1624,1625
2773,1644,1645
2774,1299,1300
2774,1467,1468
2774,1638,1639
2774,1644,1645
2775,1322,1323
2775,1467,1468
2775,1638,1639
2775,1644,1645
2776,1299,1300
2776,1467,1468
2776,1597,1598
2776,1644,1645
2777,1467,1468
2777,1597,1598
2777,1612,1613
2777,1644,1645
2778,1262,1263
2778,1502,1503
2778,1624,1625
2778,1644,1645
2779,1299,1300
2779,1502,1503
2779,1638,1639
2779,1644,1645
2780,1262,1263
2780,1419,1420
2780,1502,1503
2780,1644,1645
2781,1262,1263
2781,1322,1323
2781,1419,1420
2781,1644,1645
2782,1419,1420
2782,1502,1503
2782,1638,1639
2782,1644,1645
2783,1322,1323
2783,1419,1420
2783,1638,1639
2783,1644,1645
2784,1265,1266
2784,1342,1343
2784,1464,1465
2784,1645,1646
2785,1265,1266
2785,1342,1343
2785,1368,1369
2785,1645,1646
2786,1251,1252
2786,1389,1390
2786,1393,1394
2786,1587,1588
2787,1289,1290
2787,1299,1300
2787,1393,1394
2787,1458,1459
2788,1289,1290
2788,1393,1394
2788,1458,1459
2788,1566,1567
2789,1251,1252
2789,1289,1290
2789,1393,1394
2789,1566,1567
2790,1251,1252
2790,1393,1394
2790,1566,1567
2790,1587,1588
2791,843,844
2791,1006,1007
2791,1044,1045
2791,1075,1076
2792,843,844
2792,1075,1076
2792,1201,1202
2792,1215,1216
2793,843,844
2793,1044,1045
2793,1075,1076
2793,1173,1174
2794,843,844
2794,1075,1076
2794,1173,1174
2794,1215,1216
2795,12,13
2795,14,15
2795,33,34
2795,86,87
2796,81,82
2796,145,146
2796,237,238
2796,378,379
2797,12,13
2797,44,45
2797,102,103
2797,162,163
2798,12,13
2798,102,103
2798,110,111
2798,162,163
2799,6,7
2799,102,103
2799,110,111
2799,162,163
2800,6,7
2800,102,103
2800,110,111
2800,150,151
2801,74,75
2801,139,140
2801,140,141
2801,350,351
2802,267,268
2802,412,413
2802,428,429
2802,498,499
2803,357,358
2803,412,413
2803,428,429
2803,546,547
2804,267,268
2804,357,358
2804,412,413
2804,428,429
2805,412,413
2805,428,429
2805,546,547
2805,555,556
2806,412,413
2806,428,429
2806,498,499
2806,555,556
2807,357,358
2807,428,429
2807,546,547
2807,798,799
2808,267,268
2808,357,358
2808,428,429
2808,798,799
2809,267,268
2809,428,429
2809,498,499
2809,511,512
2810,428,429
2810,546,547
2810,585,586
2810,798,799
2811,428,429
2811,546,547
2811,555,556
2811,585,586
2812,267,268
2812,428,429
2812,515,516
2812,798,799
2813,267,268
2813,428,429
2813,511,512
2813,515,516
2814,428,429
2814,484,485
2814,498,499
2814,511,512
2815,428,429
2815,555,556
2815,567,568
2815,585,586
2816,428,429
2816,484,485
2816,498,499
2816,703,704
2817,428,429
2817,498,499
2817,555,556
2817,703,704
2818,428,429
2818,484,485
2818,511,512
2818,515,516
2819,428,429
2819,484,485
2819,567,568
2819,703,704
2820,428,429
2820,555,556
2820,567,568
2820,703,704
2821,405,406
2821,428,429
2821,585,586
2821,798,799
2822,405,406
2822,428,429
2822,515,516
2822,798,799
2823,405,406
2823,428,429
2823,567,568
2823,585,586
2824,428,429
2824,484,485
2824,515,516
2824,780,781
2825,428,429
2825,484,485
2825,567,568
2825,780,781
2826,405,406
2826,428,429
2826,515,516
2826,780,781
2827,405,406
2827,428,429
2827,567,568
2827,780,781
2828,1363,1364
2828,1443,1444
2828,1453,1454
2828,1544,1545
2829,1363,1364
2829,1453,1454
2829,1510,1511
2829,1544,1545
2830,1363,1364
2830,1446,1447
2830,1510,1511
2830,1544,1545
2831,1446,1447
2831,1539,1540
2831,1544,1545
2831,1658,1659
2832,1366,1367
2832,1446,1447
2832,1544,1545
2832,1658,1659
2833,1453,1454
2833,1510,1511
2833,1539,1540
2833,1544,1545
2834,1446,1447
2834,1510,1511
2834,1539,1540
2834,1544,1545
2835,1283,1284
2835,1443,1444
2835,1544,1545
2835,1552,1553
2836,1283,1284
2836,1544,1545
2836,1574,1575
2836,1658,1659
2837,1283,1284
2837,1366,1367
2837,1443,1444
2837,1544,1545
2838,1283,1284
2838,1366,1367
2838,1544,1545
2838,1658,1659
2839,1539,1540
2839,1544,1545
2839,1574,1575
2839,1658,1659
2840,1453,1454
2840,1544,1545
2840,1552,1553
2840,1651,1652
2841,1283,1284
2841,1544,1545
2841,1552,1553
2841,1651,1652
2842,1453,1454
2842,1544,1545
2842,1552,1553
2842,1605,1606
2843,1443,1444
2843,1453,1454
2843,1544,1545
2843,1605,1606
2844,1443,1444
2844,1544,1545
2844,1552,1553
2844,1605,1606
2845,1283,1284
2845,1544,1545
2845,1574,1575
2845,1651,1652
2846,1539,1540
2846,1544,1545
2846,1574,1575
2846,1651,1652
2847,1453,1454
2847,1539,1540
2847,1544,1545
2847,1651,1652
2848,1385,1386
2848,1397,1398
2848,1437,1438
2848,1575,1576
2849,1385,1386
2849,1437,1438
2849,1504,1505
2849,1575,1576
2850,1397,1398
2850,1441,1442
2850,1549,1550
2850,1575,1576
2851,1397,1398
2851,1437,1438
2851,1549,1550
2851,1575,1576
2852,1363,1364
2852,1446,1447
2852,1531,1532
2852,1575,1576
2853,1304,1305
2853,1372,1373
2853,1441,1442
2853,1531,1532
2854,1304,1305
2854,1441,1442
2854,1531,1532
2854,1575,1576
2855,1366,1367
2855,1443,1444
2855,1531,1532
2855,1544,1545
2856,1366,1367
2856,1446,1447
2856,1531,1532
2856,1544,1545
2857,1363,1364
2857,1443,1444
2857,1531,1532
2857,1544,1545
2858,1363,1364
2858,1446,1447
2858,1531,1532
2858,1544,1545
2859,1446,1447
2859,1531,1532
2859,1549,1550
2859,1575,1576
2860,28,29
2860,39,40
2860,65,66
2860,188,189
2861,65,66
2861,79,80
2861,87,88
2861,135,136
2862,65,66
2862,79,80
2862,135,136
2862,368,369
2863,65,66
2863,79,80
2863,188,189
2863,368,369
2864,28,29
2864,65,66
2864,135,136
2864,368,369
2865,28,29
2865,65,66
2865,188,189
2865,368,369
2866,63,64
2866,65,66
2866,79,80
2866,87,88
2867,63,64
2867,65,66
2867,79,80
2867,130,131
2868,63,64
2868,65,66
2868,87,88
2868,130,131
2869,103,104
2869,128,129
2869,137,138
2869,157,158
2870,5,6
2870,20,21
2870,103,104
2870,157,158
2871,5,6
2871,20,21
2871,103,104
2871,137,138
2872,5,6
2872,103,104
2872,137,138
2872,157,158
2873,25,26
2873,103,104
2873,137,138
2873,142,143
2874,20,21
2874,103,104
2874,137,138
2874,142,143
2875,347,348
2875,422,423
2875,455,456
2875,528,529
2876,83,84
2876,240,241
2876,392,393
2876,422,423
2877,83,84
2877,240,241
2877,269,270
2877,422,423
2878,240,241
2878,269,270
2878,369,370
2878,422,423
2879,300,301
2879,347,348
2879,422,423
2879,455,456
2880,240,241
2880,369,370
2880,422,423
2880,547,548
2881,240,241
2881,392,393
2881,422,423
2881,547,548
2882,369,370
2882,422,423
2882,455,456
2882,547,548
2883,300,301
2883,369,370
2883,422,423
2883,455,456
2884,269,270
2884,300,301
2884,369,370
2884,422,423
2885,175,176
2885,422,423
2885,528,529
2885,547,548
2886,175,176
2886,392,393
2886,422,423
2886,547,548
2887,11,12
2887,112,113
2887,175,176
2887,392,393
2888,11,12
2888,175,176
2888,389,390
2888,392,393
2889,11,12
2889,112,113
2889,175,176
2889,184,185
2890,11,12
2890,175,176
2890,184,185
2890,389,390
2891,11,12
2891,58,59
2891,112,113
2891,392,393
2892,11,12
2892,184,185
2892,348,349
2892,389,390
2893,11,12
2893,58,59
2893,125,126
2893,392,393
2894,11,12
2894,58,59
2894,112,113
2894,363,364
2895,11,12
2895,58,59
2895,125,126
2895,363,364
2896,11,12
2896,48,49
2896,125,126
2896,392,393
2897,11,12
2897,48,49
2897,392,393
2897,547,548
2898,11,12
2898,389,390
2898,392,393
2898,547,548
2899,11,12
2899,348,349
2899,389,390
2899,476,477
2900,11,12
2900,48,49
2900,476,477
2900,547,548
2901,11,12
2901,389,390
2901,476,477
2901,547,548
2902,78,79
2902,83,84
2902,268,269
2902,390,391
2903,78,79
2903,83,84
2903,268,269
2903,392,393
2904,83,84
2904,268,269
2904,392,393
2904,422,423
2905,83,84
2905,164,165
2905,268,269
2905,390,391
2906,78,79
2906,175,176
2906,268,269
2906,392,393
2907,175,176
2907,268,269
2907,422,423
2907,528,529
2908,175,176
2908,268,269
2908,392,393
2908,422,423
2909,268,269
2909,347,348
2909,422,423
2909,528,529
2910,175,176
2910,261,262
2910,268,269
2910,528,529
2911,78,79
2911,175,176
2911,261,262
2911,268,269
2912,1675,1676
2912,1714,1715
2912,1740,1741
2912,1757,1758
2913,1450,1451
2913,1454,1455
2913,1611,1612
2913,1702,1703
2914,1450,1451
2914,1611,1612
2914,1702,1703
2914,1838,1839
2915,1450,1451
2915,1454,1455
2915,1611,1612
2915,1841,1842
2916,1594,1595
2916,1611,1612
2916,1661,1662
2916,1838,1839
2917,1454,1455
2917,1602,1603
2917,1611,1612
2917,1747,1748
2918,1602,1603
2918,1611,1612
2918,1747,1748
2918,1798,1799
2919,1454,1455
2919,1611,1612
2919,1652,1653
2919,1841,1842
2920,1450,1451
2920,1456,1457
2920,1611,1612
2920,1838,1839
2921,1454,1455
2921,1602,1603
2921,1611,1612
2921,1652,1653
2922,1602,1603
2922,1611,1612
2922,1652,1653
2922,1798,1799
2923,1611,1612
2923,1652,1653
2923,1677,1678
2923,1798,1799
2924,1594,1595
2924,1611,1612
2924,1677,1678
2924,1798,1799
2925,1611,1612
2925,1652,1653
2925,1677,1678
2925,1841,1842
2926,1714,1715
2926,1802,1803
2926,1814,1815
2926,1834,1835
2927,1797,1798
2927,1802,1803
2927,1814,1815
2927,1834,1835
2928,1714,1715
2928,1731,1732
2928,1814,1815
2928,1834,1835
2929,1731,1732
2929,1797,1798
2929,1814,1815
2929,1834,1835
2930,1675,1676
2930,1714,1715
2930,1802,1803
2930,1834,1835
2931,1675,1676
2931,1714,1715
2931,1740,1741
2931,1834,1835
2932,1675,1676
2932,1740,1741
2932,1802,1803
2932,1834,1835
2933,1714,1715
2933,1740,1741
2933,1757,1758
2933,1834,1835
2934,1714,1715
2934,1731,1732
2934,1757,1758
2934,1834,1835
2935,1731,1732
2935,1792,1793
2935,1797,1798
2935,1834,1835
2936,1731,1732
2936,1747,1748
2936,1792,1793
2936,1834,1835
2937,1747,1748
2937,1792,1793
2937,1797,1798
2937,1834,1835
2938,1724,1725
2938,1733,1734
2938,1761,1762
2938,1843,1844
2939,1500,1501
2939,1667,1668
2939,1724,1725
2939,1843,1844
2940,1452,1453
2940,1639,1640
2940,1667,1668
2940,1724,1725
2941,1500,1501
2941,1639,1640
2941,1667,1668
2941,1724,1725
2942,1452,1453
2942,1563,1564
2942,1639,1640
2942,1724,1725
2943,1699,1700
2943,1764,1765
2943,1782,1783
2943,1803,1804
2944,1699,1700
2944,1761,1762
2944,1782,1783
2944,1803,1804
2945,1486,1487
2945,1740,1741
2945,1784,1785
2945,1803,1804
2946,1458,1459
2946,1571,1572
2946,1573,1574
2946,1655,1656
2947,1528,1529
2947,1571,1572
2947,1573,1574
2947,1655,1656
2948,1528,1529
2948,1571,1572
2948,1586,1587
2948,1655,1656
2949,1458,1459
2949,1573,1574
2949,1597,1598
2949,1655,1656
2950,1449,1450
2950,1573,1574
2950,1597,1598
2950,1655,1656
2951,1458,1459
2951,1571,1572
2951,1573,1574
2951,1642,1643
2952,1458,1459
2952,1559,1560
2952,1573,1574
2952,1642,1643
2953,1566,1567
2953,1571,1572
2953,1642,1643
2953,1662,1663
2954,1458,1459
2954,1566,1567
2954,1571,1572
2954,1642,1643
2955,1349,1350
2955,1566,1567
2955,1642,1643
2955,1662,1663
2956,1349,1350
2956,1576,1577
2956,1642,1643
2956,1662,1663
2957,1393,1394
2957,1458,1459
2957,1566,1567
2957,1642,1643
2958,1393,1394
2958,1458,1459
2958,1559,1560
2958,1642,1643
2959,1349,1350
2959,1566,1567
2959,1587,1588
2959,1642,1643
2960,1393,1394
2960,1566,1567
2960,1587,1588
2960,1642,1643
2961,1393,1394
2961,1559,1560
2961,1587,1588
2961,1642,1643
2962,1486,1487
2962,1515,1516
2962,1770,1771
2962,1773,1774
2963,1487,1488
2963,1515,1516
2963,1770,1771
2963,1773,1774
2964,1486,1487
2964,1515,1516
2964,1737,1738
2964,1770,1771
2965,1573,1574
2965,1737,1738
2965,1770,1771
2965,1780,1781
2966,1486,1487
2966,1737,1738
2966,1769,1770
2966,1770,1771
2967,1515,1516
2967,1737,1738
2967,1770,1771
2967,1780,1781
2968,1487,1488
2968,1515,1516
2968,1770,1771
2968,1780,1781
2969,1716,1717
2969,1725,1726
2969,1748,1749
2969,1791,1792
2970,1716,1717
2970,1725,1726
2970,1791,1792
2970,1832,1833
2971,1716,1717
2971,1748,1749
2971,1791,1792
2971,1829,1830
2972,1716,1717
2972,1748,1749
2972,1827,1828
2972,1829,1830
2973,1716,1717
2973,1791,1792
2973,1827,1828
2973,1829,1830
2974,1679,1680
2974,1716,1717
2974,1725,1726
2974,1748,1749
2975,1679,1680
2975,1716,1717
2975,1725,1726
2975,1832,1833
2976,1716,1717
2976,1748,1749
2976,1765,1766
2976,1827,1828
2977,1716,1717
2977,1765,1766
2977,1781,1782
2977,1827,1828
2978,1438,1439
2978,1654,1655
2978,1664,1665
2978,1791,1792
2979,1528,1529
2979,1586,1587
2979,1654,1655
2979,1655,1656
2980,1438,1439
2980,1654,1655
2980,1664,1665
2980,1732,1733
2981,1438,1439
2981,1449,1450
2981,1654,1655
2981,1732,1733
2982,1499,1500
2982,1586,1587
2982,1654,1655
2982,1655,1656
2983,1471,1472
2983,1499,1500
2983,1654,1655
2983,1664,1665
2984,1471,1472
2984,1499,1500
2984,1586,1587
2984,1654,1655
2985,1499,1500
2985,1654,1655
2985,1664,1665
2985,1732,1733
2986,1499,1500
2986,1654,1655
2986,1655,1656
2986,1732,1733
2987,1449,1450
2987,1654,1655
2987,1655,1656
2987,1732,1733
2988,1368,1369
2988,1426,1427
2988,1518,1519
2988,1645,1646
2989,1265,1266
2989,1368,1369
2989,1426,1427
2989,1645,1646
2990,1426,1427
2990,1464,1465
2990,1518,1519
2990,1645,1646
2991,1265,1266
2991,1426,1427
2991,1464,1465
2991,1645,1646
2992,1265,1266
2992,1368,1369
2992,1410,1411
2992,1426,1427
2993,1265,1266
2993,1410,1411
2993,1426,1427
2993,1657,1658
2994,1265,1266
2994,1426,1427
2994,1464,1465
2994,1657,1658
2995,1500,1501
2995,1608,1609
2995,1667,1668
2995,1843,1844
2996,1500,1501
2996,1608,1609
2996,1639,1640
2996,1667,1668
2997,1608,1609
2997,1639,1640
2997,1646,1647
2997,1667,1668
2998,1452,1453
2998,1648,1649
2998,1667,1668
2998,1805,1806
2999,1452,1453
2999,1634,1635
2999,1648,1649
2999,1805,1806
3000,1326,1327
3000,1591,1592
3000,1614,1615
3000,1624,1625
3001,1326,1327
3001,1342,1343
3001,1614,1615
3001,1624,1625
3002,1482,1483
3002,1591,1592
3002,1603,1604
3002,1614,1615
3003,1326,1327
3003,1482,1483
3003,1591,1592
3003,1614,1615
3004,1326,1327
3004,1482,1483
3004,1603,1604
3004,1614,1615
3005,1400,1401
3005,1489,1490
3005,1633,1634
3005,1822,1823
3006,1336,1337
3006,1349,1350
3006,1400,1401
3006,1587,1588
3007,1349,1350
3007,1400,1401
3007,1587,1588
3007,1642,1643
3008,1349,1350
3008,1400,1401
3008,1576,1577
3008,1642,1643
3009,1500,1501
3009,1554,1555
3009,1608,1609
3009,1843,1844
3010,1500,1501
3010,1554,1555
3010,1608,1609
3010,1633,1634
3011,1500,1501
3011,1554,1555
3011,1690,1691
3011,1822,1823
3012,1500,1501
3012,1554,1555
3012,1633,1634
3012,1822,1823
3013,1489,1490
3013,1554,1555
3013,1633,1634
3013,1822,1823
3014,1400,1401
3014,1600,1601
3014,1633,1634
3014,1641,1642
3015,1400,1401
3015,1633,1634
3015,1641,1642
3015,1822,1823
3016,1336,1337
3016,1400,1401
3016,1600,1601
3016,1641,1642
3017,1336,1337
3017,1464,1465
3017,1600,1601
3017,1641,1642
3018,1336,1337
3018,1400,1401
3018,1587,1588
3018,1641,1642
3019,1334,1335
3019,1368,1369
3019,1426,1427
3019,1518,1519
3020,1252,1253
3020,1334,1335
3020,1413,1414
3020,1518,1519
3021,1334,1335
3021,1368,1369
3021,1413,1414
3021,1518,1519
3022,1041,1042
3022,1252,1253
3022,1334,1335
3022,1413,1414
3023,1041,1042
3023,1334,1335
3023,1368,1369
3023,1413,1414
3024,1334,1335
3024,1368,1369
3024,1410,1411
3024,1426,1427
3025,1483,1484
3025,1559,1560
3025,1572,1573
3025,1756,1757
3026,1483,1484
3026,1572,1573
3026,1756,1757
3026,1822,1823
3027,1559,1560
3027,1572,1573
3027,1587,1588
3027,1642,1643
3028,1400,1401
3028,1489,1490
3028,1572,1573
3028,1822,1823
3029,1400,1401
3029,1572,1573
3029,1587,1588
3029,1642,1643
3030,1400,1401
3030,1572,1573
3030,1587,1588
3030,1641,1642
3031,1400,1401
3031,1489,1490
3031,1572,1573
3031,1576,1577
3032,1400,1401
3032,1572,1573
3032,1576,1577
3032,1642,1643
3033,1483,1484
3033,1572,1573
3033,1641,1642
3033,1822,1823
3034,1400,1401
3034,1572,1573
3034,1641,1642
3034,1822,1823
3035,1590,1591
3035,1599,1600
3035,1603,1604
3035,1769,1770
3036,1465,1466
3036,1590,1591
3036,1599,1600
3036,1769,1770
3037,1590,1591
3037,1591,1592
3037,1603,1604
3037,1614,1615
3038,1465,1466
3038,1590,1591
3038,1737,1738
3038,1769,1770
3039,1483,1484
3039,1590,1591
3039,1737,1738
3039,1756,1757
3040,1590,1591
3040,1591,1592
3040,1599,1600
3040,1603,1604
3041,1465,1466
3041,1590,1591
3041,1591,1592
3041,1599,1600
3042,1465,1466
3042,1590,1591
3042,1612,1613
3042,1737,1738
3043,1590,1591
3043,1597,1598
3043,1612,1613
3043,1737,1738
3044,1442,1443
3044,1562,1563
3044,1649,1650
3044,1684,1685
3045,1649,1650
3045,1684,1685
3045,1719,1720
3045,1826,1827
3046,1509,1510
3046,1562,1563
3046,1649,1650
3046,1684,1685
3047,1474,1475
3047,1634,1635
3047,1684,1685
3047,1826,1827
3048,1442,1443
3048,1562,1563
3048,1568,1569
3048,1684,1685
3049,1442,1443
3049,1562,1563
3049,1568,1569
3049,1794,1795
3050,1568,1569
3050,1585,1586
3050,1747,1748
3050,1797,1798
3051,1568,1569
3051,1797,1798
3051,1802,1803
3051,1834,1835
3052,1568,1569
3052,1747,1748
3052,1797,1798
3052,1834,1835
3053,256,257
3053,291,292
3053,299,300
3053,481,482
3054,251,252
3054,252,253
3054,319,320
3054,327,328
3055,251,252
3055,252,253
3055,327,328
3055,337,338
3056,252,253
3056,319,320
3056,327,328
3056,337,338
3057,62,63
3057,251,252
3057,327,328
3057,337,338
3058,62,63
3058,164,165
3058,251,252
3058,327,328
3059,62,63
3059,79,80
3059,327,328
3059,368,369
3060,62,63
3060,327,328
3060,337,338
3060,368,369
3061,319,320
3061,325,326
3061,327,328
3061,337,338
3062,62,63
3062,79,80
3062,241,242
3062,327,328
3063,62,63
3063,164,165
3063,241,242
3063,327,328
3064,79,80
3064,325,326
3064,327,328
3064,368,369
3065,325,326
3065,327,328
3065,337,338
3065,368,369
3066,79,80
3066,199,200
3066,325,326
3066,327,328
3067,199,200
3067,319,320
3067,325,326
3067,327,328
3068,79,80
3068,241,242
3068,327,328
3068,390,391
3069,164,165
3069,241,242
3069,327,328
3069,390,391
3070,79,80
3070,199,200
3070,327,328
3070,390,391
3071,194,195
3071,251,252
3071,322,323
3071,383,384
3072,164,165
3072,180,181
3072,322,323
3072,383,384
3073,164,165
3073,180,181
3073,251,252
3073,322,323
3074,180,181
3074,251,252
3074,322,323
3074,383,384
3075,218,219
3075,252,253
3075,319,320
3075,322,323
3076,194,195
3076,218,219
3076,252,253
3076,322,323
3077,251,252
3077,252,253
3077,319,320
3077,322,323
3078,194,195
3078,251,252
3078,252,253
3078,322,323
3079,164,165
3079,251,252
3079,322,323
3079,327,328
3080,251,252
3080,319,320
3080,322,323
3080,327,328
3081,218,219
3081,290,291
3081,552,553
3081,564,565
3082,194,195
3082,218,219
3082,290,291
3082,552,553
3083,194,195
3083,218,219
3083,322,323
3083,552,553
3084,290,291
3084,416,417
3084,523,524
3084,552,553
3085,416,417
3085,523,524
3085,552,553
3085,564,565
3086,290,291
3086,416,417
3086,552,553
3086,564,565
3087,300,301
3087,523,524
3087,552,553
3087,564,565
3088,194,195
3088,322,323
3088,383,384
3088,552,553
3089,269,270
3089,300,301
3089,383,384
3089,552,553
3090,300,301
3090,523,524
3090,529,530
3090,552,553
3091,231,232
3091,300,301
3091,383,384
3091,552,553
3092,172,173
3092,249,250
3092,396,397
3092,572,573
3093,194,195
3093,249,250
3093,384,385
3093,572,573
3094,205,206
3094,313,314
3094,396,397
3094,572,573
3095,172,173
3095,313,314
3095,387,388
3095,572,573
3096,172,173
3096,313,314
3096,396,397
3096,572,573
3097,172,173
3097,384,385
3097,387,388
3097,572,573
3098,172,173
3098,249,250
3098,384,385
3098,572,573
3099,383,384
3099,384,385
3099,387,388
3099,572,573
3100,194,195
3100,383,384
3100,384,385
3100,572,573
3101,307,308
3101,313,314
3101,387,388
3101,572,573
3102,194,195
3102,383,384
3102,552,553
3102,572,573
3103,205,206
3103,313,314
3103,412,413
3103,572,573
3104,307,308
3104,313,314
3104,412,413
3104,572,573
3105,231,232
3105,383,384
3105,387,388
3105,572,573
3106,231,232
3106,383,384
3106,552,553
3106,572,573
3107,205,206
3107,523,524
3107,529,530
3107,572,573
3108,523,524
3108,529,530
3108,552,553
3108,572,573
3109,205,206
3109,412,413
3109,529,530
3109,572,573
3110,307,308
3110,412,413
3110,529,530
3110,572,573
3111,231,232
3111,307,308
3111,387,388
3111,572,573
3112,231,232
3112,307,308
3112,529,530
3112,572,573
3113,231,232
3113,300,301
3113,529,530
3113,572,573
3114,300,301
3114,529,530
3114,552,553
3114,572,573
3115,231,232
3115,300,301
3115,552,553
3115,572,573
3116,168,169
3116,287,288
3116,358,359
3116,545,546
3117,287,288
3117,300,301
3117,358,359
3117,369,370
3118,287,288
3118,300,301
3118,369,370
3118,455,456
3119,168,169
3119,287,288
3119,358,359
3119,369,370
3120,168,169
3120,287,288
3120,369,370
3120,455,456
3121,287,288
3121,300,301
3121,358,359
3121,529,530
3122,287,288
3122,358,359
3122,529,530
3122,545,546
3123,287,288
3123,300,301
3123,388,389
3123,455,456
3124,168,169
3124,210,211
3124,287,288
3124,455,456
3125,287,288
3125,300,301
3125,523,524
3125,529,530
3126,287,288
3126,424,425
3126,523,524
3126,529,530
3127,287,288
3127,424,425
3127,498,499
3127,529,530
3128,287,288
3128,498,499
3128,529,530
3128,545,546
3129,287,288
3129,424,425
3129,498,499
3129,545,546
3130,210,211
3130,287,288
3130,388,389
3130,519,520
3131,210,211
3131,287,288
3131,388,389
3131,455,456
3132,287,288
3132,424,425
3132,450,451
3132,519,520
3133,287,288
3133,424,425
3133,450,451
3133,545,546
3134,186,187
3134,287,288
3134,388,389
3134,519,520
3135,186,187
3135,287,288
3135,424,425
3135,519,520
3136,287,288
3136,450,451
3136,519,520
3136,606,607
3137,210,211
3137,287,288
3137,519,520
3137,606,607
3138,186,187
3138,287,288
3138,300,301
3138,388,389
3139,186,187
3139,287,288
3139,300,301
3139,523,524
3140,186,187
3140,287,288
3140,424,425
3140,523,524
3141,294,295
3141,346,347
3141,455,456
3141,547,548
3142,168,169
3142,294,295
3142,346,347
3142,455,456
3143,168,169
3143,346,347
3143,455,456
3143,525,526
3144,346,347
3144,422,423
3144,528,529
3144,547,548
3145,346,347
3145,422,423
3145,455,456
3145,528,529
3146,346,347
3146,422,423
3146,455,456
3146,547,548
3147,175,176
3147,346,347
3147,528,529
3147,547,548
3148,175,176
3148,346,347
3148,389,390
3148,528,529
3149,175,176
3149,346,347
3149,389,390
3149,547,548
3150,314,315
3150,346,347
3150,389,390
3150,528,529
3151,314,315
3151,326,327
3151,346,347
3151,389,390
3152,199,200
3152,232,233
3152,246,247
3152,319,320
3153,199,200
3153,246,247
3153,327,328
3153,390,391
3154,199,200
3154,246,247
3154,319,320
3154,327,328
3155,164,165
3155,246,247
3155,327,328
3155,390,391
3156,218,219
3156,232,233
3156,246,247
3156,319,320
3157,164,165
3157,246,247
3157,322,323
3157,327,328
3158,246,247
3158,319,320
3158,322,323
3158,327,328
3159,218,219
3159,246,247
3159,319,320
3159,322,323
3160,206,207
3160,218,219
3160,232,233
3160,246,247
3161,83,84
3161,85,86
3161,101,102
3161,289,290
3162,83,84
3162,101,102
3162,111,112
3162,289,290
3163,74,75
3163,85,86
3163,101,102
3163,289,290
3164,93,94
3164,111,112
3164,144,145
3164,289,290
3165,10,11
3165,74,75
3165,101,102
3165,289,290
3166,93,94
3166,111,112
3166,131,132
3166,289,290
3167,111,112
3167,127,128
3167,180,181
3167,248,249
3168,9,10
3168,127,128
3168,248,249
3168,330,331
3169,9,10
3169,127,128
3169,180,181
3169,248,249
3170,127,128
3170,144,145
3170,248,249
3170,330,331
3171,109,110
3171,111,112
3171,180,181
3171,248,249
3172,9,10
3172,216,217
3172,248,249
3172,330,331
3173,127,128
3173,131,132
3173,144,145
3173,248,249
3174,111,112
3174,127,128
3174,131,132
3174,248,249
3175,111,112
3175,131,132
3175,144,145
3175,248,249
3176,9,10
3176,109,110
3176,216,217
3176,248,249
3177,9,10
3177,109,110
3177,180,181
3177,248,249
3178,27,28
3178,216,217
3178,248,249
3178,330,331
3179,27,28
3179,144,145
3179,248,249
3179,330,331
3180,109,110
3180,216,217
3180,248,249
3180,297,298
3181,111,112
3181,144,145
3181,248,249
3181,289,290
3182,27,28
3182,216,217
3182,248,249
3182,264,265
3183,216,217
3183,248,249
3183,264,265
3183,297,298
3184,417,418
3184,596,597
3184,764,765
3184,822,823
3185,417,418
3185,514,515
3185,596,597
3185,764,765
3186,1061,1062
3186,1087,1088
3186,1109,1110
3186,1216,1217
3187,843,844
3187,1006,1007
3187,1075,1076
3187,1087,1088
3188,843,844
3188,1075,1076
3188,1087,1088
3188,1201,1202
3189,1135,1136
3189,1246,1247
3189,1360,1361
3189,1427,1428
3190,1116,1117
3190,1135,1136
3190,1246,1247
3190,1360,1361
3191,1116,1117
3191,1135,1136
3191,1246,1247
3191,1427,1428
3192,1231,1232
3192,1246,1247
3192,1266,1267
3192,1516,1517
3193,1085,1086
3193,1231,1232
3193,1246,1247
3193,1266,1267
3194,1085,1086
3194,1116,1117
3194,1231,1232
3194,1246,1247
3195,1085,1086
3195,1246,1247
3195,1268,1269
3195,1427,1428
3196,1085,1086
3196,1246,1247
3196,1266,1267
3196,1268,1269
3197,68,69
3197,304,305
3197,305,306
3197,317,318
3198,68,69
3198,104,105
3198,148,149
3198,365,366
3199,68,69
3199,148,149
3199,274,275
3199,365,366
3200,68,69
3200,274,275
3200,304,305
3200,317,318
3201,68,69
3201,305,306
3201,317,318
3201,485,486
3202,68,69
3202,75,76
3202,274,275
3202,365,366
3203,68,69
3203,75,76
3203,274,275
3203,317,318
3204,421,422
3204,427,428
3204,461,462
3204,475,476
3205,421,422
3205,427,428
3205,461,462
3205,711,712
3206,409,410
3206,421,422
3206,574,575
3206,711,712
3207,421,422
3207,427,428
3207,475,476
3207,565,566
3208,421,422
3208,427,428
3208,453,454
3208,497,498
3209,421,422
3209,427,428
3209,453,454
3209,711,712
3210,421,422
3210,453,454
3210,497,498
3210,574,575
3211,421,422
3211,453,454
3211,574,575
3211,711,712
3212,464,465
3212,580,581
3212,590,591
3212,685,686
3213,557,558
3213,580,581
3213,590,591
3213,685,686
3214,557,558
3214,590,591
3214,604,605
3214,685,686
3215,421,422
3215,557,558
3215,590,591
3215,604,605
3216,475,476
3216,505,506
3216,542,543
3216,590,591
3217,305,306
3217,464,465
3217,580,581
3217,590,591
3218,305,306
3218,505,506
3218,542,543
3218,590,591
3219,305,306
3219,464,465
3219,542,543
3219,590,591
3220,404,405
3220,600,601
3220,630,631
3220,753,754
3221,404,405
3221,630,631
3221,690,691
3221,753,754
3222,329,330
3222,496,497
3222,550,551
3222,565,566
3223,211,212
3223,496,497
3223,550,551
3223,565,566
3224,211,212
3224,329,330
3224,496,497
3224,550,551
3225,326,327
3225,329,330
3225,550,551
3225,565,566
3226,326,327
3226,402,403
3226,550,551
3226,565,566
3227,201,202
3227,303,304
3227,402,403
3227,550,551
3228,201,202
3228,303,304
3228,332,333
3228,550,551
3229,201,202
3229,217,218
3229,332,333
3229,550,551
3230,409,410
3230,584,585
3230,604,605
3230,661,662
3231,409,410
3231,583,584
3231,661,662
3231,792,793
3232,409,410
3232,583,584
3232,584,585
3232,661,662
3233,493,494
3233,661,662
3233,772,773
3233,792,793
3234,583,584
3234,661,662
3234,772,773
3234,792,793
3235,583,584
3235,584,585
3235,661,662
3235,772,773
3236,584,585
3236,630,631
3236,661,662
3236,772,773
3237,409,410
3237,663,664
3237,792,793
3237,809,810
3238,409,410
3238,574,575
3238,663,664
3238,809,810
3239,409,410
3239,661,662
3239,663,664
3239,792,793
3240,409,410
3240,574,575
3240,661,662
3240,663,664
3241,493,494
3241,661,662
3241,663,664
3241,792,793
3242,493,494
3242,574,575
3242,661,662
3242,663,664
3243,658,659
3243,663,664
3243,792,793
3243,809,810
3244,658,659
3244,663,664
3244,763,764
3244,809,810
3245,494,495
3245,663,664
3245,763,764
3245,809,810
3246,494,495
3246,574,575
3246,663,664
3246,809,810
3247,493,494
3247,663,664
3247,792,793
3247,914,915
3248,637,638
3248,663,664
3248,763,764
3248,914,915
3249,494,495
3249,637,638
3249,663,664
3249,763,764
3250,494,495
3250,574,575
3250,637,638
3250,663,664
3251,493,494
3251,637,638
3251,663,664
3251,914,915
3252,493,494
3252,574,575
3252,637,638
3252,663,664
3253,658,659
3253,663,664
3253,914,915
3253,1003,1004
3254,658,659
3254,663,664
3254,763,764
3254,1003,1004
3255,663,664
3255,763,764
3255,914,915
3255,1003,1004
3256,522,523
3256,657,658
3256,660,661
3256,679,680
3257,522,523
3257,660,661
3257,671,672
3257,780,781
3258,522,523
3258,657,658
3258,660,661
3258,671,672
3259,522,523
3259,660,661
3259,780,781
3259,817,818
3260,431,432
3260,522,523
3260,671,672
3260,780,781
3261,431,432
3261,522,523
3261,657,658
3261,671,672
3262,522,523
3262,779,780
3262,780,781
3262,817,818
3263,522,523
3263,704,705
3263,779,780
3263,780,781
3264,431,432
3264,522,523
3264,657,658
3264,794,795
3265,431,432
3265,522,523
3265,704,705
3265,780,781
3266,431,432
3266,522,523
3266,704,705
3266,794,795
3267,437,438
3267,473,474
3267,596,597
3267,822,823
3268,437,438
3268,473,474
3268,670,671
3268,822,823
3269,437,438
3269,452,453
3269,473,474
3269,640,641
3270,437,438
3270,607,608
3270,670,671
3270,788,789
3271,437,438
3271,473,474
3271,670,671
3271,784,785
3272,437,438
3272,473,474
3272,640,641
3272,784,785
3273,437,438
3273,501,502
3273,670,671
3273,788,789
3274,437,438
3274,501,502
3274,670,671
3274,784,785
3275,437,438
3275,501,502
3275,640,641
3275,784,785
3276,474,475
3276,607,608
3276,670,671
3276,788,789
3277,474,475
3277,487,488
3277,607,608
3277,788,789
3278,356,357
3278,437,438
3278,474,475
3278,822,823
3279,356,357
3279,437,438
3279,474,475
3279,607,608
3280,437,438
3280,474,475
3280,670,671
3280,822,823
3281,437,438
3281,474,475
3281,607,608
3281,670,671
3282,474,475
3282,487,488
3282,532,533
3282,788,789
3283,356,357
3283,474,475
3283,489,490
3283,822,823
3284,469,470
3284,473,474
3284,596,597
3284,741,742
3285,437,438
3285,452,453
3285,469,470
3285,473,474
3286,437,438
3286,469,470
3286,473,474
3286,596,597
3287,437,438
3287,469,470
3287,596,597
3287,822,823
3288,356,357
3288,477,478
3288,489,490
3288,822,823
3289,469,470
3289,477,478
3289,499,500
3289,561,562
3290,469,470
3290,477,478
3290,596,597
3290,822,823
3291,4,5
3291,49,50
3291,88,89
3291,366,367
3292,7,8
3292,49,50
3292,69,70
3292,88,89
3293,35,36
3293,49,50
3293,88,89
3293,366,367
3294,35,36
3294,88,89
3294,363,364
3294,366,367
3295,82,83
3295,156,157
3295,273,274
3295,366,367
3296,4,5
3296,82,83
3296,156,157
3296,366,367
3297,82,83
3297,88,89
3297,273,274
3297,366,367
3298,4,5
3298,82,83
3298,88,89
3298,366,367
3299,82,83
3299,91,92
3299,156,157
3299,273,274
3300,4,5
3300,7,8
3300,49,50
3300,82,83
3301,4,5
3301,49,50
3301,82,83
3301,88,89
3302,7,8
3302,49,50
3302,82,83
3302,88,89
3303,82,83
3303,91,92
3303,169,170
3303,273,274
3304,82,83
3304,88,89
3304,169,170
3304,273,274
3305,1,2
3305,7,8
3305,76,77
3305,82,83
3306,4,5
3306,7,8
3306,76,77
3306,82,83
3307,7,8
3307,69,70
3307,82,83
3307,169,170
3308,7,8
3308,69,70
3308,82,83
3308,88,89
3309,69,70
3309,82,83
3309,88,89
3309,169,170
3310,35,36
3310,36,37
3310,100,101
3310,173,174
3311,36,37
3311,173,174
3311,174,175
3311,236,237
3312,36,37
3312,100,101
3312,173,174
3312,236,237
3313,36,37
3313,157,158
3313,174,175
3313,236,237
3314,2,3
3314,24,25
3314,36,37
3314,360,361
3315,2,3
3315,35,36
3315,36,37
3315,360,361
3316,24,25
3316,36,37
3316,174,175
3316,360,361
3317,36,37
3317,173,174
3317,174,175
3317,360,361
3318,35,36
3318,36,37
3318,173,174
3318,360,361
3319,2,3
3319,23,24
3319,24,25
3319,66,67
3320,66,67
3320,148,149
3320,151,152
3320,161,162
3321,23,24
3321,66,67
3321,148,149
3321,161,162
3322,2,3
3322,24,25
3322,36,37
3322,66,67
3323,66,67
3323,148,149
3323,365,366
3323,372,373
3324,23,24
3324,66,67
3324,148,149
3324,372,373
3325,24,25
3325,66,67
3325,365,366
3325,372,373
3326,23,24
3326,24,25
3326,66,67
3326,372,373
3327,830,831
3327,1001,1002
3327,1011,1012
3327,1048,1049
3328,759,760
3328,853,854
3328,858,859
3328,1207,1208
3329,759,760
3329,853,854
3329,855,856
3329,858,859
3330,853,854
3330,866,867
3330,904,905
3330,1207,1208
3331,759,760
3331,853,854
3331,866,867
3331,1207,1208
3332,830,831
3332,979,980
3332,1001,1002
3332,1048,1049
3333,1092,1093
3333,1114,1115
3333,1232,1233
3333,1347,1348
3334,1244,1245
3334,1355,1356
3334,1595,1596
3334,1617,1618
3335,1244,1245
3335,1355,1356
3335,1617,1618
3335,1620,1621
3336,1244,1245
3336,1493,1494
3336,1617,1618
3336,1620,1621
3337,1478,1479
3337,1493,1494
3337,1617,1618
3337,1620,1621
3338,1244,1245
3338,1533,1534
3338,1595,1596
3338,1617,1618
3339,1244,1245
3339,1493,1494
3339,1533,1534
3339,1617,1618
3340,1533,1534
3340,1545,1546
3340,1595,1596
3340,1617,1618
3341,943,944
3341,1089,1090
3341,1099,1100
3341,1193,1194
3342,943,944
3342,1089,1090
3342,1193,1194
3342,1282,1283
3343,1398,1399
3343,1579,1580
3343,1598,1599
3343,1622,1623
3344,1447,1448
3344,1535,1536
3344,1593,1594
3344,1598,1599
3345,1405,1406
3345,1447,1448
3345,1535,1536
3345,1598,1599
3346,1593,1594
3346,1598,1599
3346,1622,1623
3346,1691,1692
3347,1579,1580
3347,1598,1599
3347,1622,1623
3347,1691,1692
3348,1449,1450
3348,1456,1457
3348,1525,1526
3348,1732,1733
3349,1456,1457
3349,1467,1468
3349,1525,1526
3349,1597,1598
3350,1449,1450
3350,1525,1526
3350,1655,1656
3350,1732,1733
3351,1456,1457
3351,1525,1526
3351,1597,1598
3351,1780,1781
3352,1449,1450
3352,1456,1457
3352,1525,1526
3352,1780,1781
3353,1449,1450
3353,1525,1526
3353,1597,1598
3353,1780,1781
3354,1449,1450
3354,1525,1526
3354,1597,1598
3354,1655,1656
3355,1467,1468
3355,1525,1526
3355,1567,1568
3355,1597,1598
3356,1351,1352
3356,1461,1462
3356,1525,1526
3356,1567,1568
3357,1351,1352
3357,1467,1468
3357,1525,1526
3357,1567,1568
3358,1458,1459
3358,1525,1526
3358,1567,1568
3358,1597,1598
3359,1458,1459
3359,1525,1526
3359,1597,1598
3359,1655,1656
3360,1458,1459
3360,1525,1526
3360,1567,1568
3360,1655,1656
3361,1461,1462
3361,1499,1500
3361,1525,1526
3361,1732,1733
3362,1499,1500
3362,1525,1526
3362,1655,1656
3362,1732,1733
3363,1295,1296
3363,1352,1353
3363,1476,1477
3363,1579,1580
3364,1295,1296
3364,1352,1353
3364,1476,1477
3364,1653,1654
3365,1295,1296
3365,1314,1315
3365,1352,1353
3365,1653,1654
3366,1272,1273
3366,1398,1399
3366,1405,1406
3366,1598,1599
3367,876,877
3367,901,902
3367,904,905
3367,1051,1052
3368,876,877
3368,901,902
3368,904,905
3368,1207,1208
3369,876,877
3369,904,905
3369,922,923
3369,1051,1052
3370,876,877
3370,922,923
3370,1051,1052
3370,1219,1220
3371,1049,1050
3371,1055,1056
3371,1192,1193
3371,1424,1425
3372,1049,1050
3372,1055,1056
3372,1288,1289
3372,1424,1425
3373,1463,1464
3373,1476,1477
3373,1529,1530
3373,1631,1632
3374,1463,1464
3374,1529,1530
3374,1582,1583
3374,1631,1632
3375,1379,1380
3375,1477,1478
3375,1582,1583
3375,1631,1632
3376,43,44
3376,81,82
3376,237,238
3376,378,379
3377,43,44
3377,86,87
3377,123,124
3377,378,379
3378,12,13
3378,33,34
3378,43,44
3378,81,82
3379,14,15
3379,43,44
3379,86,87
3379,123,124
3380,14,15
3380,33,34
3380,43,44
3380,86,87
3381,12,13
3381,33,34
3381,43,44
3381,86,87
3382,12,13
3382,43,44
3382,86,87
3382,378,379
3383,451,452
3383,469,470
3383,499,500
3383,561,562
3384,451,452
3384,469,470
3384,477,478
3384,499,500
3385,401,402
3385,802,803
3385,824,825
3385,1019,1020
3386,624,625
3386,802,803
3386,824,825
3386,1019,1020
3387,624,625
3387,782,783
3387,824,825
3387,1019,1020
3388,256,257
3388,343,344
3388,364,365
3388,506,507
3389,757,758
3389,782,783
3389,1019,1020
3389,1026,1027
3390,782,783
3390,793,794
3390,1019,1020
3390,1026,1027
3391,751,752
3391,793,794
3391,993,994
3391,1026,1027
3392,751,752
3392,793,794
3392,1019,1020
3392,1026,1027
3393,634,635
3393,757,758
3393,782,783
3393,1026,1027
3394,750,751
3394,782,783
3394,793,794
3394,1026,1027
3395,634,635
3395,750,751
3395,782,783
3395,1026,1027
3396,634,635
3396,702,703
3396,750,751
3396,1026,1027
3397,1459,1460
3397,1564,1565
3397,1593,1594
3397,1622,1623
3398,1459,1460
3398,1593,1594
3398,1598,1599
3398,1622,1623
3399,1398,1399
3399,1405,1406
3399,1459,1460
3399,1598,1599
3400,1398,1399
3400,1459,1460
3400,1598,1599
3400,1622,1623
3401,1447,1448
3401,1459,1460
3401,1593,1594
3401,1598,1599
3402,1405,1406
3402,1447,1448
3402,1459,1460
3402,1598,1599
3403,1405,1406
3403,1447,1448
3403,1459,1460
3403,1478,1479
3404,1445,1446
3404,1459,1460
3404,1564,1565
3404,1593,1594
3405,1445,1446
3405,1447,1448
3405,1459,1460
3405,1593,1594
3406,1445,1446
3406,1447,1448
3406,1459,1460
3406,1478,1479
3407,1445,1446
3407,1459,1460
3407,1555,1556
3407,1564,1565
3408,1459,1460
3408,1555,1556
3408,1564,1565
3408,1693,1694
3409,1459,1460
3409,1478,1479
3409,1617,1618
3409,1620,1621
3410,1405,1406
3410,1459,1460
3410,1478,1479
3410,1617,1618
3411,1459,1460
3411,1478,1479
3411,1555,1556
3411,1620,1621
3412,1459,1460
3412,1555,1556
3412,1620,1621
3412,1693,1694
3413,1445,1446
3413,1459,1460
3413,1478,1479
3413,1555,1556
3414,192,193
3414,214,215
3414,373,374
3414,458,459
3415,192,193
3415,214,215
3415,258,259
3415,458,459
3416,192,193
3416,214,215
3416,258,259
3416,320,321
3417,192,193
3417,258,259
3417,320,321
3417,566,567
3418,192,193
3418,373,374
3418,379,380
3418,566,567
3419,143,144
3419,192,193
3419,373,374
3419,379,380
3420,143,144
3420,192,193
3420,214,215
3420,373,374
3421,143,144
3421,145,146
3421,192,193
3421,379,380
3422,192,193
3422,320,321
3422,539,540
3422,566,567
3423,143,144
3423,192,193
3423,200,201
3423,214,215
3424,192,193
3424,214,215
3424,299,300
3424,320,321
3425,258,259
3425,281,282
3425,318,319
3425,518,519
3426,168,169
3426,281,282
3426,294,295
3426,318,319
3427,281,282
3427,294,295
3427,318,319
3427,458,459
3428,258,259
3428,281,282
3428,318,319
3428,458,459
3429,214,215
3429,281,282
3429,294,295
3429,458,459
3430,214,215
3430,258,259
3430,281,282
3430,458,459
3431,214,215
3431,281,282
3431,294,295
3431,299,300
3432,214,215
3432,258,259
3432,281,282
3432,320,321
3433,214,215
3433,281,282
3433,299,300
3433,320,321
3434,293,294
3434,539,540
3434,543,544
3434,566,567
3435,258,259
3435,539,540
3435,543,544
3435,566,567
3436,284,285
3436,293,294
3436,543,544
3436,566,567
3437,284,285
3437,293,294
3437,467,468
3437,543,544
3438,209,210
3438,284,285
3438,543,544
3438,566,567
3439,209,210
3439,284,285
3439,543,544
3439,559,560
3440,293,294
3440,406,407
3440,467,468
3440,543,544
3441,293,294
3441,406,407
3441,539,540
3441,543,544
3442,258,259
3442,518,519
3442,539,540
3442,543,544
3443,440,441
3443,543,544
3443,553,554
3443,559,560
3444,284,285
3444,440,441
3444,543,544
3444,559,560
3445,258,259
3445,518,519
3445,543,544
3445,559,560
3446,440,441
3446,467,468
3446,543,544
3446,553,554
3447,284,285
3447,440,441
3447,467,468
3447,543,544
3448,509,510
3448,518,519
3448,543,544
3448,553,554
3449,543,544
3449,553,554
3449,559,560
3449,595,596
3450,518,519
3450,543,544
3450,553,554
3450,595,596
3451,518,519
3451,543,544
3451,559,560
3451,595,596
3452,467,468
3452,509,510
3452,543,544
3452,553,554
3453,406,407
3453,509,510
3453,539,540
3453,543,544
3454,467,468
3454,509,510
3454,543,544
3454,803,804
3455,406,407
3455,467,468
3455,543,544
3455,803,804
3456,406,407
3456,509,510
3456,543,544
3456,803,804
3457,193,194
3457,374,375
3457,398,399
3457,566,567
3458,193,194
3458,209,210
3458,398,399
3458,566,567
3459,193,194
3459,209,210
3459,374,375
3459,398,399
3460,183,184
3460,209,210
3460,374,375
3460,398,399
3461,183,184
3461,209,210
3461,398,399
3461,559,560
3462,373,374
3462,374,375
3462,398,399
3462,566,567
3463,209,210
3463,398,399
3463,543,544
3463,566,567
3464,209,210
3464,398,399
3464,543,544
3464,559,560
3465,177,178
3465,183,184
3465,358,359
3465,398,399
3466,177,178
3466,358,359
3466,398,399
3466,458,459
3467,177,178
3467,183,184
3467,394,395
3467,398,399
3468,183,184
3468,374,375
3468,394,395
3468,398,399
3469,177,178
3469,374,375
3469,394,395
3469,398,399
3470,177,178
3470,373,374
3470,398,399
3470,458,459
3471,177,178
3471,373,374
3471,374,375
3471,398,399
3472,192,193
3472,373,374
3472,398,399
3472,566,567
3473,192,193
3473,373,374
3473,398,399
3473,458,459
3474,258,259
3474,398,399
3474,543,544
3474,566,567
3475,258,259
3475,398,399
3475,543,544
3475,559,560
3476,183,184
3476,358,359
3476,398,399
3476,526,527
3477,183,184
3477,398,399
3477,526,527
3477,559,560
3478,358,359
3478,398,399
3478,526,527
3478,559,560
3479,318,319
3479,358,359
3479,398,399
3479,458,459
3480,318,319
3480,358,359
3480,398,399
3480,559,560
3481,192,193
3481,258,259
3481,398,399
3481,566,567
3482,192,193
3482,258,259
3482,398,399
3482,458,459
3483,258,259
3483,318,319
3483,398,399
3483,458,459
3484,258,259
3484,318,319
3484,398,399
3484,559,560
3485,1615,1616
3485,1621,1622
3485,1627,1628
3485,1659,1660
3486,1621,1622
3486,1627,1628
3486,1659,1660
3486,1820,1821
3487,1615,1616
3487,1621,1622
3487,1627,1628
3487,1719,1720
3488,1621,1622
3488,1627,1628
3488,1719,1720
3488,1820,1821
3489,1481,1482
3489,1621,1622
3489,1719,1720
3489,1826,1827
3490,1481,1482
3490,1615,1616
3490,1621,1622
3490,1719,1720
3491,1348,1349
3491,1397,1398
3491,1441,1442
3491,1643,1644
3492,1348,1349
3492,1397,1398
3492,1441,1442
3492,1549,1550
3493,1348,1349
3493,1356,1357
3493,1397,1398
3493,1643,1644
3494,1321,1322
3494,1348,1349
3494,1397,1398
3494,1403,1404
3495,1348,1349
3495,1397,1398
3495,1403,1404
3495,1549,1550
3496,1323,1324
3496,1348,1349
3496,1403,1404
3496,1549,1550
3497,1323,1324
3497,1365,1366
3497,1451,1452
3497,1540,1541
3498,1365,1366
3498,1451,1452
3498,1558,1559
3498,1663,1664
3499,1323,1324
3499,1365,1366
3499,1403,1404
3499,1451,1452
3500,1365,1366
3500,1403,1404
3500,1451,1452
3500,1663,1664
3501,1321,1322
3501,1348,1349
3501,1403,1404
3501,1451,1452
3502,1323,1324
3502,1348,1349
3502,1403,1404
3502,1451,1452
3503,1671,1672
3503,1804,1805
3503,1808,1809
3503,1813,1814
3504,1671,1672
3504,1697,1698
3504,1804,1805
3504,1808,1809
3505,1650,1651
3505,1671,1672
3505,1697,1698
3505,1804,1805
3506,1671,1672
3506,1808,1809
3506,1813,1814
3506,1846,1847
3507,1671,1672
3507,1678,1679
3507,1813,1814
3507,1846,1847
3508,1671,1672
3508,1678,1679
3508,1813,1814
3508,1814,1815
3509,1671,1672
3509,1711,1712
3509,1804,1805
3509,1813,1814
3510,1671,1672
3510,1711,1712
3510,1813,1814
3510,1814,1815
3511,1671,1672
3511,1678,1679
3511,1820,1821
3511,1840,1841
3512,1671,1672
3512,1678,1679
3512,1814,1815
3512,1820,1821
3513,1671,1672
3513,1711,1712
3513,1797,1798
3513,1804,1805
3514,1671,1672
3514,1711,1712
3514,1797,1798
3514,1814,1815
3515,1627,1628
3515,1650,1651
3515,1671,1672
3515,1820,1821
3516,1444,1445
3516,1711,1712
3516,1768,1769
3516,1797,1798
3517,1711,1712
3517,1768,1769
3517,1797,1798
3517,1804,1805
3518,1444,1445
3518,1511,1512
3518,1711,1712
3518,1768,1769
3519,1511,1512
3519,1711,1712
3519,1768,1769
3519,1804,1805
3520,1444,1445
3520,1585,1586
3520,1768,1769
3520,1797,1798
3521,1511,1512
3521,1650,1651
3521,1768,1769
3521,1804,1805
3522,1444,1445
3522,1585,1586
3522,1632,1633
3522,1768,1769
3523,1444,1445
3523,1511,1512
3523,1632,1633
3523,1768,1769
3524,1585,1586
3524,1632,1633
3524,1768,1769
3524,1794,1795
3525,1568,1569
3525,1585,1586
3525,1768,1769
3525,1794,1795
3526,1568,1569
3526,1585,1586
3526,1768,1769
3526,1797,1798
3527,1511,1512
3527,1650,1651
3527,1736,1737
3527,1768,1769
3528,1519,1520
3528,1650,1651
3528,1736,1737
3528,1768,1769
3529,1507,1508
3529,1650,1651
3529,1768,1769
3529,1794,1795
3530,1507,1508
3530,1519,1520
3530,1768,1769
3530,1794,1795
3531,1507,1508
3531,1519,1520
3531,1650,1651
3531,1768,1769
3532,1442,1443
3532,1650,1651
3532,1768,1769
3532,1794,1795
3533,1442,1443
3533,1568,1569
3533,1768,1769
3533,1794,1795
3534,1511,1512
3534,1517,1518
3534,1534,1535
3534,1632,1633
3535,1517,1518
3535,1539,1540
3535,1565,1566
3535,1632,1633
3536,1517,1518
3536,1534,1535
3536,1539,1540
3536,1632,1633
3537,1511,1512
3537,1517,1518
3537,1640,1641
3537,1754,1755
3538,1511,1512
3538,1517,1518
3538,1534,1535
3538,1754,1755
3539,1517,1518
3539,1539,1540
3539,1565,1566
3539,1665,1666
3540,1517,1518
3540,1534,1535
3540,1539,1540
3540,1665,1666
3541,1411,1412
3541,1517,1518
3541,1640,1641
3541,1665,1666
3542,1411,1412
3542,1517,1518
3542,1565,1566
3542,1665,1666
3543,1517,1518
3543,1640,1641
3543,1665,1666
3543,1754,1755
3544,1517,1518
3544,1534,1535
3544,1665,1666
3544,1754,1755
3545,1411,1412
3545,1517,1518
3545,1519,1520
3545,1640,1641
3546,1411,1412
3546,1517,1518
3546,1519,1520
3546,1565,1566
3547,1517,1518
3547,1542,1543
3547,1565,1566
3547,1632,1633
3548,1517,1518
3548,1519,1520
3548,1542,1543
3548,1565,1566
3549,1517,1518
3549,1519,1520
3549,1640,1641
3549,1736,1737
3550,1511,1512
3550,1517,1518
3550,1632,1633
3550,1768,1769
3551,1517,1518
3551,1542,1543
3551,1632,1633
3551,1794,1795
3552,1517,1518
3552,1519,1520
3552,1542,1543
3552,1794,1795
3553,1511,1512
3553,1517,1518
3553,1604,1605
3553,1640,1641
3554,1517,1518
3554,1604,1605
3554,1640,1641
3554,1736,1737
3555,1511,1512
3555,1517,1518
3555,1604,1605
3555,1736,1737
3556,1511,1512
3556,1517,1518
3556,1736,1737
3556,1768,1769
3557,1517,1518
3557,1519,1520
3557,1736,1737
3557,1768,1769
3558,1517,1518
3558,1632,1633
3558,1768,1769
3558,1794,1795
3559,1517,1518
3559,1519,1520
3559,1768,1769
3559,1794,1795
3560,1233,1234
3560,1370,1371
3560,1494,1495
3560,1540,1541
3561,1233,1234
3561,1276,1277
3561,1370,1371
3561,1494,1495
3562,1233,1234
3562,1276,1277
3562,1370,1371
3562,1439,1440
3563,1249,1250
3563,1370,1371
3563,1439,1440
3563,1541,1542
3564,1249,1250
3564,1439,1440
3564,1541,1542
3564,1658,1659
3565,1439,1440
3565,1541,1542
3565,1565,1566
3565,1658,1659
3566,1411,1412
3566,1439,1440
3566,1541,1542
3566,1565,1566
3567,1370,1371
3567,1411,1412
3567,1439,1440
3567,1541,1542
3568,1233,1234
3568,1370,1371
3568,1439,1440
3568,1540,1541
3569,1323,1324
3569,1439,1440
3569,1540,1541
3569,1565,1566
3570,1233,1234
3570,1323,1324
3570,1439,1440
3570,1540,1541
3571,1411,1412
3571,1439,1440
3571,1540,1541
3571,1565,1566
3572,1370,1371
3572,1411,1412
3572,1439,1440
3572,1540,1541
3573,1140,1141
3573,1372,1373
3573,1435,1436
3573,1643,1644
3574,1140,1141
3574,1372,1373
3574,1427,1428
3574,1435,1436
3575,1135,1136
3575,1427,1428
3575,1428,1429
3575,1435,1436
3576,1035,1036
3576,1174,1175
3576,1204,1205
3576,1429,1430
3577,1035,1036
3577,1174,1175
3577,1190,1191
3577,1204,1205
3578,1174,1175
3578,1221,1222
3578,1270,1271
3578,1395,1396
3579,1022,1023
3579,1174,1175
3579,1270,1271
3579,1395,1396
3580,860,861
3580,909,910
3580,934,935
3580,1133,1134
3581,87,88
3581,99,100
3581,131,132
3581,241,242
3582,99,100
3582,111,112
3582,131,132
3582,241,242
3583,99,100
3583,101,102
3583,111,112
3583,241,242
3584,63,64
3584,99,100
3584,101,102
3584,241,242
3585,63,64
3585,87,88
3585,99,100
3585,241,242
3586,99,100
3586,111,112
3586,131,132
3586,289,290
3587,63,64
3587,99,100
3587,101,102
3587,113,114
3588,63,64
3588,87,88
3588,99,100
3588,113,114
3589,10,11
3589,99,100
3589,101,102
3589,113,114
3590,10,11
3590,99,100
3590,101,102
3590,289,290
3591,99,100
3591,101,102
3591,111,112
3591,289,290
3592,10,11
3592,93,94
3592,99,100
3592,131,132
3593,10,11
3593,93,94
3593,99,100
3593,289,290
3594,93,94
3594,99,100
3594,131,132
3594,289,290
3595,41,42
3595,110,111
3595,143,144
3595,353,354
3596,6,7
3596,110,111
3596,150,151
3596,353,354
3597,133,134
3597,150,151
3597,152,153
3597,353,354
3598,133,134
3598,152,153
3598,264,265
3598,353,354
3599,6,7
3599,73,74
3599,110,111
3599,353,354
3600,41,42
3600,73,74
3600,110,111
3600,353,354
3601,73,74
3601,152,153
3601,264,265
3601,353,354
3602,41,42
3602,73,74
3602,264,265
3602,353,354
3603,6,7
3603,73,74
3603,152,153
3603,353,354
3604,6,7
3604,150,151
3604,152,153
3604,353,354
3605,75,76
3605,238,239
3605,302,303
3605,316,317
3606,75,76
3606,238,239
3606,302,303
3606,365,366
3607,238,239
3607,302,303
3607,365,366
3607,372,373
3608,104,105
3608,302,303
3608,365,366
3608,372,373
3609,156,157
3609,238,239
3609,302,303
3609,372,373
3610,156,157
3610,238,239
3610,302,303
3610,316,317
3611,68,69
3611,104,105
3611,302,303
3611,365,366
3612,68,69
3612,75,76
3612,302,303
3612,365,366
3613,104,105
3613,117,118
3613,302,303
3613,485,486
3614,75,76
3614,302,303
3614,316,317
3614,317,318
3615,92,93
3615,117,118
3615,302,303
3615,372,373
3616,92,93
3616,104,105
3616,302,303
3616,372,373
3617,92,93
3617,104,105
3617,117,118
3617,302,303
3618,68,69
3618,75,76
3618,302,303
3618,317,318
3619,68,69
3619,302,303
3619,317,318
3619,485,486
3620,68,69
3620,104,105
3620,302,303
3620,485,486
3621,117,118
3621,215,216
3621,302,303
3621,341,342
3622,911,912
3622,1080,1081
3622,1230,1231
3622,1311,1312
3623,911,912
3623,1048,1049
3623,1080,1081
3623,1230,1231
3624,911,912
3624,979,980
3624,1048,1049
3624,1080,1081
3625,620,621
3625,686,687
3625,688,689
3625,1010,1011
3626,620,621
3626,688,689
3626,1010,1011
3626,1021,1022
3627,620,621
3627,686,687
3627,688,689
3627,1000,1001
3628,620,621
3628,686,687
3628,768,769
3628,1000,1001
3629,620,621
3629,688,689
3629,1000,1001
3629,1021,1022
3630,686,687
3630,762,763
3630,768,769
3630,965,966
3631,620,621
3631,686,687
3631,762,763
3631,768,769
3632,514,515
3632,762,763
3632,800,801
3632,948,949
3633,741,742
3633,762,763
3633,885,886
3633,948,949
3634,514,515
3634,741,742
3634,762,763
3634,948,949
3635,624,625
3635,635,636
3635,765,766
3635,802,803
3636,635,636
3636,649,650
3636,684,685
3636,768,769
3637,624,625
3637,635,636
3637,649,650
3637,684,685
3638,635,636
3638,762,763
3638,768,769
3638,965,966
3639,635,636
3639,684,685
3639,765,766
3639,965,966
3640,635,636
3640,684,685
3640,768,769
3640,965,966
3641,624,625
3641,635,636
3641,765,766
3641,782,783
3642,624,625
3642,635,636
3642,684,685
3642,782,783
3643,635,636
3643,684,685
3643,765,766
3643,782,783
3644,635,636
3644,765,766
3644,885,886
3644,965,966
3645,635,636
3645,765,766
3645,802,803
3645,885,886
3646,635,636
3646,762,763
3646,885,886
3646,965,966
3647,514,515
3647,635,636
3647,741,742
3647,762,763
3648,635,636
3648,741,742
3648,802,803
3648,885,886
3649,635,636
3649,741,742
3649,762,763
3649,885,886
3650,686,687
3650,688,689
3650,890,891
3650,1010,1011
3651,688,689
3651,826,827
3651,890,891
3651,1010,1011
3652,686,687
3652,688,689
3652,826,827
3652,890,891
3653,620,621
3653,686,687
3653,890,891
3653,1010,1011
3654,823,824
3654,956,957
3654,969,970
3654,1020,1021
3655,814,815
3655,823,824
3655,956,957
3655,969,970
3656,956,957
3656,969,970
3656,1020,1021
3656,1130,1131
3657,826,827
3657,956,957
3657,971,972
3657,1020,1021
3658,956,957
3658,971,972
3658,1020,1021
3658,1130,1131
3659,897,898
3659,956,957
3659,971,972
3659,1130,1131
3660,628,629
3660,842,843
3660,968,969
3660,1138,1139
3661,628,629
3661,639,640
3661,891,892
3661,968,969
3662,639,640
3662,727,728
3662,891,892
3662,968,969
3663,859,860
3663,891,892
3663,968,969
3663,997,998
3664,727,728
3664,859,860
3664,891,892
3664,968,969
3665,628,629
3665,891,892
3665,968,969
3665,1138,1139
3666,891,892
3666,968,969
3666,997,998
3666,1138,1139
3667,1104,1105
3667,1150,1151
3667,1161,1162
3667,1168,1169
3668,1104,1105
3668,1150,1151
3668,1161,1162
3668,1172,1173
3669,1104,1105
3669,1113,1114
3669,1150,1151
3669,1168,1169
3670,1104,1105
3670,1113,1114
3670,1150,1151
3670,1409,1410
3671,846,847
3671,864,865
3671,913,914
3671,1200,1201
3672,1203,1204
3672,1215,1216
3672,1308,1309
3672,1408,1409
3673,1062,1063
3673,1234,1235
3673,1281,1282
3673,1282,1283
3674,1062,1063
3674,1195,1196
3674,1281,1282
3674,1282,1283
3675,1089,1090
3675,1195,1196
3675,1281,1282
3675,1282,1283
3676,1266,1267
3676,1268,1269
3676,1304,1305
3676,1460,1461
3677,1266,1267
3677,1304,1305
3677,1460,1461
3677,1545,1546
3678,1266,1267
3678,1325,1326
3678,1460,1461
3678,1595,1596
3679,1266,1267
3679,1460,1461
3679,1545,1546
3679,1595,1596
3680,1092,1093
3680,1114,1115
3680,1177,1178
3680,1306,1307
3681,1114,1115
3681,1177,1178
3681,1226,1227
3681,1306,1307
3682,1046,1047
3682,1177,1178
3682,1226,1227
3682,1267,1268
3683,1046,1047
3683,1235,1236
3683,1245,1246
3683,1267,1268
3684,1046,1047
3684,1180,1181
3684,1235,1236
3684,1245,1246
3685,1038,1039
3685,1095,1096
3685,1110,1111
3685,1318,1319
3686,1102,1103
3686,1136,1137
3686,1226,1227
3686,1318,1319
3687,1046,1047
3687,1136,1137
3687,1226,1227
3687,1318,1319
3688,1095,1096
3688,1102,1103
3688,1171,1172
3688,1318,1319
3689,1095,1096
3689,1110,1111
3689,1171,1172
3689,1318,1319
3690,1102,1103
3690,1136,1137
3690,1171,1172
3690,1318,1319
3691,1046,1047
3691,1180,1181
3691,1235,1236
3691,1318,1319
3692,1106,1107
3692,1129,1130
3692,1150,1151
3692,1227,1228
3693,1106,1107
3693,1129,1130
3693,1142,1143
3693,1150,1151
3694,1106,1107
3694,1150,1151
3694,1161,1162
3694,1227,1228
3695,877,878
3695,1106,1107
3695,1161,1162
3695,1227,1228
3696,1106,1107
3696,1150,1151
3696,1161,1162
3696,1172,1173
3697,880,881
3697,923,924
3697,1129,1130
3697,1227,1228
3698,880,881
3698,923,924
3698,1040,1041
3698,1227,1228
3699,880,881
3699,923,924
3699,1040,1041
3699,1088,1089
3700,882,883
3700,923,924
3700,1040,1041
3700,1088,1089
3701,882,883
3701,923,924
3701,1030,1031
3701,1040,1041
3702,923,924
3702,1030,1031
3702,1040,1041
3702,1227,1228
3703,877,878
3703,882,883
3703,923,924
3703,1030,1031
3704,877,878
3704,923,924
3704,1030,1031
3704,1227,1228
3705,900,901
3705,923,924
3705,944,945
3705,1018,1019
3706,1571,1572
3706,1586,1587
3706,1636,1637
3706,1656,1657
3707,1310,1311
3707,1512,1513
3707,1582,1583
3707,1656,1657
3708,1462,1463
3708,1566,1567
3708,1606,1607
3708,1662,1663
3709,1310,1311
3709,1462,1463
3709,1512,1513
3709,1656,1657
3710,1462,1463
3710,1571,1572
3710,1636,1637
3710,1662,1663
3711,1462,1463
3711,1571,1572
3711,1636,1637
3711,1656,1657
3712,1462,1463
3712,1566,1567
3712,1571,1572
3712,1662,1663
3713,1462,1463
3713,1512,1513
3713,1566,1567
3713,1571,1572
3714,1462,1463
3714,1512,1513
3714,1571,1572
3714,1656,1657
3715,1261,1262
3715,1339,1340
3715,1404,1405
3715,1440,1441
3716,1339,1340
3716,1404,1405
3716,1440,1441
3716,1569,1570
3717,1248,1249
3717,1339,1340
3717,1440,1441
3717,1569,1570
3718,1255,1256
3718,1310,1311
3718,1404,1405
3718,1606,1607
3719,1255,1256
3719,1310,1311
3719,1404,1405
3719,1569,1570
3720,1255,1256
3720,1310,1311
3720,1512,1513
3720,1569,1570
3721,1251,1252
3721,1255,1256
3721,1523,1524
3721,1606,1607
3722,1255,1256
3722,1404,1405
3722,1523,1524
3722,1606,1607
3723,1255,1256
3723,1310,1311
3723,1462,1463
3723,1606,1607
3724,1255,1256
3724,1310,1311
3724,1462,1463
3724,1512,1513
3725,1255,1256
3725,1289,1290
3725,1512,1513
3725,1569,1570
3726,1251,1252
3726,1255,1256
3726,1436,1437
3726,1523,1524
3727,1255,1256
3727,1339,1340
3727,1404,1405
3727,1569,1570
3728,1251,1252
3728,1255,1256
3728,1289,1290
3728,1566,1567
3729,1251,1252
3729,1255,1256
3729,1566,1567
3729,1606,1607
3730,1255,1256
3730,1462,1463
3730,1566,1567
3730,1606,1607
3731,1255,1256
3731,1462,1463
3731,1512,1513
3731,1566,1567
3732,1255,1256
3732,1289,1290
3732,1512,1513
3732,1566,1567
3733,1255,1256
3733,1289,1290
3733,1514,1515
3733,1569,1570
3734,443,444
3734,460,461
3734,624,625
3734,649,650
3735,443,444
3735,460,461
3735,472,473
3735,624,625
3736,460,461
3736,472,473
3736,562,563
3736,624,625
3737,443,444
3737,460,461
3737,472,473
3737,579,580
3738,460,461
3738,472,473
3738,562,563
3738,579,580
3739,460,461
3739,660,661
3739,695,696
3739,817,818
3740,460,461
3740,522,523
3740,660,661
3740,817,818
3741,460,461
3741,500,501
3741,509,510
3741,579,580
3742,460,461
3742,509,510
3742,562,563
3742,579,580
3743,460,461
3743,500,501
3743,509,510
3743,562,563
3744,460,461
3744,500,501
3744,579,580
3744,779,780
3745,443,444
3745,460,461
3745,579,580
3745,695,696
3746,460,461
3746,579,580
3746,695,696
3746,817,818
3747,460,461
3747,579,580
3747,779,780
3747,817,818
3748,460,461
3748,522,523
3748,779,780
3748,817,818
3749,460,461
3749,500,501
3749,704,705
3749,779,780
3750,460,461
3750,500,501
3750,522,523
3750,704,705
3751,460,461
3751,522,523
3751,704,705
3751,779,780
3752,472,473
3752,509,510
3752,521,522
3752,562,563
3753,472,473
3753,509,510
3753,521,522
3753,616,617
3754,460,461
3754,522,523
3754,570,571
3754,649,650
3755,460,461
3755,500,501
3755,562,563
3755,570,571
3756,522,523
3756,570,571
3756,649,650
3756,679,680
3757,460,461
3757,500,501
3757,522,523
3757,570,571
3758,570,571
3758,657,658
3758,679,680
3758,819,820
3759,522,523
3759,570,571
3759,657,658
3759,679,680
3760,570,571
3760,657,658
3760,794,795
3760,819,820
3761,522,523
3761,570,571
3761,657,658
3761,794,795
3762,500,501
3762,522,523
3762,570,571
3762,704,705
3763,522,523
3763,570,571
3763,704,705
3763,794,795
3764,210,211
3764,445,446
3764,483,484
3764,606,607
3765,168,169
3765,210,211
3765,445,446
3765,483,484
3766,210,211
3766,287,288
3766,445,446
3766,606,607
3767,168,169
3767,210,211
3767,287,288
3767,445,446
3768,287,288
3768,445,446
3768,450,451
3768,606,607
3769,287,288
3769,445,446
3769,450,451
3769,545,546
3770,168,169
3770,287,288
3770,445,446
3770,545,546
3771,445,446
3771,500,501
3771,595,596
3771,704,705
3772,445,446
3772,450,451
3772,606,607
3772,704,705
3773,445,446
3773,450,451
3773,595,596
3773,704,705
3774,445,446
3774,450,451
3774,545,546
3774,595,596
3775,168,169
3775,281,282
3775,318,319
3775,445,446
3776,168,169
3776,318,319
3776,445,446
3776,545,546
3777,318,319
3777,445,446
3777,545,546
3777,595,596
3778,445,446
3778,500,501
3778,518,519
3778,595,596
3779,318,319
3779,445,446
3779,518,519
3779,595,596
3780,651,652
3780,734,735
3780,987,988
3780,1166,1167
3781,651,652
3781,734,735
3781,842,843
3781,1166,1167
3782,734,735
3782,842,843
3782,1031,1032
3782,1166,1167
3783,734,735
3783,882,883
3783,987,988
3783,1166,1167
3784,882,883
3784,987,988
3784,1030,1031
3784,1166,1167
3785,877,878
3785,882,883
3785,1030,1031
3785,1166,1167
3786,877,878
3786,987,988
3786,1030,1031
3786,1166,1167
3787,693,694
3787,754,755
3787,770,771
3787,791,792
3788,754,755
3788,770,771
3788,791,792
3788,996,997
3789,727,728
3789,754,755
3789,791,792
3789,996,997
3790,770,771
3790,791,792
3790,981,982
3790,996,997
3791,727,728
3791,783,784
3791,791,792
3791,891,892
3792,471,472
3792,575,576
3792,665,666
3792,801,802
3793,508,509
3793,573,574
3793,575,576
3793,665,666
3794,471,472
3794,508,509
3794,575,576
3794,665,666
3795,573,574
3795,575,576
3795,597,598
3795,665,666
3796,407,408
3796,597,598
3796,665,666
3796,714,715
3797,245,246
3797,262,263
3797,295,296
3797,554,555
3798,245,246
3798,262,263
3798,295,296
3798,439,440
3799,245,246
3799,253,254
3799,439,440
3799,537,538
3800,245,246
3800,253,254
3800,295,296
3800,439,440
3801,245,246
3801,295,296
3801,534,535
3801,554,555
3802,245,246
3802,253,254
3802,295,296
3802,534,535
3803,245,246
3803,534,535
3803,540,541
3803,554,555
3804,245,246
3804,359,360
3804,534,535
3804,540,541
3805,245,246
3805,253,254
3805,359,360
3805,534,535
3806,245,246
3806,359,360
3806,540,541
3806,588,589
3807,245,246
3807,537,538
3807,540,541
3807,588,589
3808,245,246
3808,253,254
3808,537,538
3808,588,589
3809,234,235
3809,245,246
3809,359,360
3809,588,589
3810,234,235
3810,245,246
3810,253,254
3810,359,360
3811,234,235
3811,245,246
3811,253,254
3811,588,589
3812,716,717
3812,834,835
3812,893,894
3812,1012,1013
3813,716,717
3813,793,794
3813,834,835
3813,972,973
3814,716,717
3814,834,835
3814,893,894
3814,972,973
3815,716,717
3815,893,894
3815,976,977
3815,1012,1013
3816,716,717
3816,793,794
3816,972,973
3816,993,994
3817,684,685
3817,716,717
3817,750,751
3817,793,794
3818,684,685
3818,716,717
3818,793,794
3818,834,835
3819,716,717
3819,793,794
3819,993,994
3819,1026,1027
3820,702,703
3820,716,717
3820,993,994
3820,1026,1027
3821,716,717
3821,750,751
3821,793,794
3821,1026,1027
3822,702,703
3822,716,717
3822,750,751
3822,1026,1027
3823,702,703
3823,716,717
3823,750,751
3823,985,986
3824,716,717
3824,750,751
3824,985,986
3824,1012,1013
3825,716,717
3825,976,977
3825,985,986
3825,1012,1013
3826,716,717
3826,895,896
3826,972,973
3826,993,994
3827,716,717
3827,893,894
3827,895,896
3827,972,973
3828,678,679
3828,684,685
3828,716,717
3828,750,751
3829,678,679
3829,716,717
3829,750,751
3829,1012,1013
3830,678,679
3830,684,685
3830,716,717
3830,834,835
3831,678,679
3831,716,717
3831,834,835
3831,1012,1013
3832,702,703
3832,716,717
3832,895,896
3832,993,994
3833,716,717
3833,893,894
3833,895,896
3833,976,977
3834,702,703
3834,716,717
3834,895,896
3834,985,986
3835,716,717
3835,895,896
3835,976,977
3835,985,986
3836,850,851
3836,939,940
3836,944,945
3836,1014,1015
3837,850,851
3837,939,940
3837,1014,1015
3837,1097,1098
3838,850,851
3838,939,940
3838,944,945
3838,1088,1089
3839,850,851
3839,939,940
3839,1088,1089
3839,1097,1098
3840,688,689
3840,850,851
3840,1014,1015
3840,1097,1098
3841,850,851
3841,944,945
3841,980,981
3841,1014,1015
3842,688,689
3842,850,851
3842,871,872
3842,1097,1098
3843,850,851
3843,871,872
3843,1088,1089
3843,1097,1098
3844,688,689
3844,850,851
3844,1000,1001
3844,1014,1015
3845,850,851
3845,980,981
3845,1000,1001
3845,1014,1015
3846,850,851
3846,871,872
3846,882,883
3846,1088,1089
3847,850,851
3847,900,901
3847,944,945
3847,980,981
3848,850,851
3848,871,872
3848,882,883
3848,1021,1022
3849,688,689
3849,850,851
3849,871,872
3849,1021,1022
3850,850,851
3850,882,883
3850,900,901
3850,923,924
3851,850,851
3851,882,883
3851,923,924
3851,1088,1089
3852,850,851
3852,900,901
3852,923,924
3852,944,945
3853,850,851
3853,923,924
3853,944,945
3853,1088,1089
3854,688,689
3854,850,851
3854,1000,1001
3854,1021,1022
3855,722,723
3855,850,851
3855,980,981
3855,1000,1001
3856,722,723
3856,850,851
3856,882,883
3856,900,901
3857,722,723
3857,850,851
3857,900,901
3857,980,981
3858,722,723
3858,850,851
3858,882,883
3858,1021,1022
3859,722,723
3859,850,851
3859,1000,1001
3859,1021,1022
3860,833,834
3860,857,858
3860,874,875
3860,884,885
3861,833,834
3861,857,858
3861,884,885
3861,1097,1098
3862,857,858
3862,874,875
3862,884,885
3862,992,993
3863,826,827
3863,857,858
3863,884,885
3863,992,993
3864,826,827
3864,857,858
3864,884,885
3864,1097,1098
3865,686,687
3865,826,827
3865,884,885
3865,992,993
3866,834,835
3866,874,875
3866,884,885
3866,992,993
3867,686,687
3867,688,689
3867,826,827
3867,884,885
3868,688,689
3868,826,827
3868,884,885
3868,1097,1098
3869,686,687
3869,884,885
3869,965,966
3869,992,993
3870,834,835
3870,884,885
3870,965,966
3870,992,993
3871,686,687
3871,688,689
3871,884,885
3871,1000,1001
3872,686,687
3872,768,769
3872,884,885
3872,965,966
3873,768,769
3873,834,835
3873,884,885
3873,965,966
3874,686,687
3874,768,769
3874,884,885
3874,1000,1001
3875,768,769
3875,834,835
3875,884,885
3875,1000,1001
3876,834,835
3876,884,885
3876,1000,1001
3876,1014,1015
3877,834,835
3877,874,875
3877,884,885
3877,893,894
3878,834,835
3878,884,885
3878,893,894
3878,1014,1015
3879,688,689
3879,884,885
3879,1000,1001
3879,1014,1015
3880,688,689
3880,884,885
3880,1014,1015
3880,1097,1098
3881,656,657
3881,799,800
3881,1009,1010
3881,1017,1018
3882,656,657
3882,786,787
3882,1009,1010
3882,1017,1018
3883,656,657
3883,786,787
3883,799,800
3883,1009,1010
3884,786,787
3884,799,800
3884,1009,1010
3884,1010,1011
3885,799,800
3885,890,891
3885,1009,1010
3885,1010,1011
3886,786,787
3886,825,826
3886,1009,1010
3886,1017,1018
3887,613,614
3887,660,661
3887,767,768
3887,816,817
3888,613,614
3888,660,661
3888,679,680
3888,767,768
3889,613,614
3889,678,679
3889,679,680
3889,767,768
3890,660,661
3890,695,696
3890,767,768
3890,816,817
3891,695,696
3891,750,751
3891,767,768
3891,816,817
3892,649,650
3892,678,679
3892,679,680
3892,767,768
3893,522,523
3893,660,661
3893,679,680
3893,767,768
3894,522,523
3894,649,650
3894,679,680
3894,767,768
3895,678,679
3895,684,685
3895,750,751
3895,767,768
3896,649,650
3896,678,679
3896,684,685
3896,767,768
3897,460,461
3897,660,661
3897,695,696
3897,767,768
3898,460,461
3898,522,523
3898,660,661
3898,767,768
3899,460,461
3899,522,523
3899,649,650
3899,767,768
3900,443,444
3900,460,461
3900,695,696
3900,767,768
3901,443,444
3901,460,461
3901,649,650
3901,767,768
3902,695,696
3902,750,751
3902,767,768
3902,782,783
3903,684,685
3903,750,751
3903,767,768
3903,782,783
3904,443,444
3904,649,650
3904,684,685
3904,767,768
3905,443,444
3905,695,696
3905,767,768
3905,782,783
3906,443,444
3906,684,685
3906,767,768
3906,782,783
3907,615,616
3907,678,679
3907,980,981
3907,1012,1013
3908,615,616
3908,678,679
3908,883,884
3908,980,981
3909,613,614
3909,615,616
3909,678,679
3909,883,884
3910,615,616
3910,866,867
3910,985,986
3910,1023,1024
3911,615,616
3911,985,986
3911,1012,1013
3911,1023,1024
3912,613,614
3912,615,616
3912,767,768
3912,816,817
3913,613,614
3913,615,616
3913,678,679
3913,767,768
3914,615,616
3914,678,679
3914,750,751
3914,1012,1013
3915,615,616
3915,750,751
3915,985,986
3915,1012,1013
3916,615,616
3916,750,751
3916,767,768
3916,816,817
3917,615,616
3917,678,679
3917,750,751
3917,767,768
3918,615,616
3918,816,817
3918,866,867
3918,985,986
3919,615,616
3919,750,751
3919,816,817
3919,985,986
3920,870,871
3920,903,904
3920,980,981
3920,1023,1024
3921,870,871
3921,883,884
3921,900,901
3921,980,981
3922,615,616
3922,870,871
3922,883,884
3922,980,981
3923,870,871
3923,903,904
3923,944,945
3923,980,981
3924,870,871
3924,900,901
3924,944,945
3924,980,981
3925,870,871
3925,900,901
3925,903,904
3925,944,945
3926,870,871
3926,980,981
3926,1012,1013
3926,1023,1024
3927,615,616
3927,870,871
3927,980,981
3927,1012,1013
3928,615,616
3928,870,871
3928,1012,1013
3928,1023,1024
3929,615,616
3929,866,867
3929,870,871
3929,1023,1024
3930,615,616
3930,866,867
3930,870,871
3930,883,884
3931,870,871
3931,903,904
3931,904,905
3931,1023,1024
3932,870,871
3932,900,901
3932,903,904
3932,1018,1019
3933,870,871
3933,900,901
3933,1001,1002
3933,1018,1019
3934,866,867
3934,870,871
3934,904,905
3934,1023,1024
3935,853,854
3935,866,867
3935,870,871
3935,904,905
3936,855,856
3936,866,867
3936,870,871
3936,883,884
3937,853,854
3937,855,856
3937,866,867
3937,870,871
3938,234,235
3938,436,437
3938,592,593
3938,602,603
3939,403,404
3939,436,437
3939,592,593
3939,602,603
3940,403,404
3940,430,431
3940,436,437
3940,602,603
3941,430,431
3941,436,437
3941,582,583
3941,602,603
3942,234,235
3942,411,412
3942,436,437
3942,592,593
3943,403,404
3943,411,412
3943,436,437
3943,592,593
3944,403,404
3944,411,412
3944,420,421
3944,436,437
3945,234,235
3945,342,343
3945,411,412
3945,436,437
3946,234,235
3946,342,343
3946,436,437
3946,447,448
3947,167,168
3947,342,343
3947,411,412
3947,436,437
3948,167,168
3948,342,343
3948,436,437
3948,447,448
3949,167,168
3949,411,412
3949,436,437
3949,563,564
3950,206,207
3950,234,235
3950,359,360
3950,382,383
3951,234,235
3951,382,383
3951,436,437
3951,602,603
3952,382,383
3952,436,437
3952,582,583
3952,602,603
3953,206,207
3953,234,235
3953,382,383
3953,447,448
3954,206,207
3954,359,360
3954,382,383
3954,416,417
3955,234,235
3955,359,360
3955,382,383
3955,610,611
3956,234,235
3956,382,383
3956,602,603
3956,610,611
3957,382,383
3957,582,583
3957,602,603
3957,659,660
3958,234,235
3958,382,383
3958,436,437
3958,447,448
3959,382,383
3959,436,437
3959,447,448
3959,582,583
3960,359,360
3960,382,383
3960,416,417
3960,610,611
3961,382,383
3961,602,603
3961,610,611
3961,659,660
3962,186,187
3962,382,383
3962,582,583
3962,659,660
3963,206,207
3963,382,383
3963,416,417
3963,564,565
3964,186,187
3964,382,383
3964,416,417
3964,564,565
3965,206,207
3965,382,383
3965,447,448
3965,564,565
3966,186,187
3966,382,383
3966,388,389
3966,582,583
3967,382,383
3967,388,389
3967,447,448
3967,582,583
3968,382,383
3968,533,534
3968,610,611
3968,659,660
3969,382,383
3969,416,417
3969,533,534
3969,610,611
3970,186,187
3970,382,383
3970,533,534
3970,659,660
3971,186,187
3971,382,383
3971,416,417
3971,533,534
3972,186,187
3972,382,383
3972,388,389
3972,564,565
3973,382,383
3973,388,389
3973,447,448
3973,564,565
3974,50,51
3974,173,174
3974,227,228
3974,250,251
3975,173,174
3975,227,228
3975,250,251
3975,265,266
3976,50,51
3976,78,79
3976,227,228
3976,261,262
3977,112,113
3977,173,174
3977,227,228
3977,360,361
3978,173,174
3978,227,228
3978,265,266
3978,360,361
3979,78,79
3979,112,113
3979,175,176
3979,227,228
3980,78,79
3980,175,176
3980,227,228
3980,261,262
3981,112,113
3981,175,176
3981,227,228
3981,230,231
3982,112,113
3982,227,228
3982,230,231
3982,360,361
3983,227,228
3983,230,231
3983,265,266
3983,360,361
3984,112,113
3984,120,121
3984,173,174
3984,227,228
3985,78,79
3985,112,113
3985,120,121
3985,227,228
3986,50,51
3986,120,121
3986,173,174
3986,227,228
3987,50,51
3987,78,79
3987,120,121
3987,227,228
3988,175,176
3988,227,228
3988,230,231
3988,257,258
3989,175,176
3989,227,228
3989,257,258
3989,261,262
3990,50,51
3990,107,108
3990,121,122
3990,250,251
3991,107,108
3991,121,122
3991,232,233
3991,254,255
3992,50,51
3992,107,108
3992,227,228
3992,261,262
3993,107,108
3993,121,122
3993,199,200
3993,232,233
3994,107,108
3994,199,200
3994,232,233
3994,246,247
3995,50,51
3995,107,108
3995,199,200
3995,390,391
3996,107,108
3996,199,200
3996,246,247
3996,390,391
3997,107,108
3997,246,247
3997,268,269
3997,390,391
3998,107,108
3998,246,247
3998,261,262
3998,268,269
3999,50,51
3999,78,79
3999,107,108
3999,390,391
4000,78,79
4000,107,108
4000,268,269
4000,390,391
4001,50,51
4001,78,79
4001,107,108
4001,261,262
4002,78,79
4002,107,108
4002,261,262
4002,268,269
4003,121,122
4003,142,143
4003,153,154
4003,250,251
4004,121,122
4004,142,143
4004,153,154
4004,188,189
4005,20,21
4005,142,143
4005,153,154
4005,250,251
4006,50,51
4006,121,122
4006,153,154
4006,250,251
4007,20,21
4007,39,40
4007,142,143
4007,153,154
4008,39,40
4008,142,143
4008,153,154
4008,188,189
4009,121,122
4009,153,154
4009,188,189
4009,199,200
4010,20,21
4010,153,154
4010,236,237
4010,250,251
4011,20,21
4011,39,40
4011,153,154
4011,236,237
4012,79,80
4012,153,154
4012,188,189
4012,199,200
4013,50,51
4013,79,80
4013,153,154
4013,199,200
4014,50,51
4014,107,108
4014,153,154
4014,199,200
4015,107,108
4015,121,122
4015,153,154
4015,199,200
4016,50,51
4016,107,108
4016,121,122
4016,153,154
4017,39,40
4017,130,131
4017,153,154
4017,236,237
4018,39,40
4018,65,66
4018,130,131
4018,153,154
4019,39,40
4019,65,66
4019,153,154
4019,188,189
4020,153,154
4020,173,174
4020,236,237
4020,250,251
4021,50,51
4021,153,154
4021,173,174
4021,250,251
4022,130,131
4022,153,154
4022,173,174
4022,236,237
4023,50,51
4023,130,131
4023,153,154
4023,173,174
4024,65,66
4024,79,80
4024,130,131
4024,153,154
4025,65,66
4025,79,80
4025,153,154
4025,188,189
4026,63,64
4026,79,80
4026,130,131
4026,153,154
4027,50,51
4027,63,64
4027,79,80
4027,153,154
4028,50,51
4028,63,64
4028,130,131
4028,153,154
4029,1726,1727
4029,1750,1751
4029,1763,1764
4029,1818,1819
4030,1726,1727
4030,1750,1751
4030,1763,1764
4030,1831,1832
4031,1750,1751
4031,1763,1764
4031,1811,1812
4031,1818,1819
4032,1750,1751
4032,1763,1764
4032,1811,1812
4032,1831,1832
4033,1659,1660
4033,1763,1764
4033,1811,1812
4033,1818,1819
4034,1659,1660
4034,1763,1764
4034,1811,1812
4034,1831,1832
4035,1763,1764
4035,1766,1767
4035,1818,1819
4035,1828,1829
4036,1659,1660
4036,1763,1764
4036,1818,1819
4036,1828,1829
4037,1675,1676
4037,1726,1727
4037,1763,1764
4037,1831,1832
4038,1763,1764
4038,1766,1767
4038,1805,1806
4038,1828,1829
4039,962,963
4039,1078,1079
4039,1128,1129
4039,1147,1148
4040,962,963
4040,1128,1129
4040,1189,1190
4040,1200,1201
4041,962,963
4041,1128,1129
4041,1147,1148
4041,1189,1190
4042,962,963
4042,1070,1071
4042,1078,1079
4042,1147,1148
4043,846,847
4043,962,963
4043,1189,1190
4043,1200,1201
4044,846,847
4044,962,963
4044,1147,1148
4044,1189,1190
4045,846,847
4045,962,963
4045,1070,1071
4045,1147,1148
4046,846,847
4046,913,914
4046,962,963
4046,1200,1201
4047,906,907
4047,995,996
4047,1045,1046
4047,1081,1082
4048,906,907
4048,1045,1046
4048,1068,1069
4048,1081,1082
4049,906,907
4049,1011,1012
4049,1048,1049
4049,1134,1135
4050,906,907
4050,911,912
4050,1045,1046
4050,1048,1049
4051,906,907
4051,911,912
4051,1045,1046
4051,1224,1225
4052,1042,1043
4052,1090,1091
4052,1152,1153
4052,1229,1230
4053,1042,1043
4053,1082,1083
4053,1152,1153
4053,1229,1230
4054,1229,1230
4054,1334,1335
4054,1368,1369
4054,1410,1411
4055,1042,1043
4055,1082,1083
4055,1153,1154
4055,1208,1209
4056,1042,1043
4056,1082,1083
4056,1152,1153
4056,1208,1209
4057,906,907
4057,1045,1046
4057,1208,1209
4057,1224,1225
4058,906,907
4058,995,996
4058,1045,1046
4058,1208,1209
4059,1313,1314
4059,1335,1336
4059,1375,1376
4059,1502,1503
4060,1299,1300
4060,1313,1314
4060,1335,1336
4060,1502,1503
4061,1251,1252
4061,1289,1290
4061,1313,1314
4061,1393,1394
4062,1299,1300
4062,1313,1314
4062,1335,1336
4062,1514,1515
4063,1289,1290
4063,1299,1300
4063,1313,1314
4063,1514,1515
4064,1251,1252
4064,1255,1256
4064,1289,1290
4064,1313,1314
4065,1251,1252
4065,1255,1256
4065,1313,1314
4065,1436,1437
4066,1255,1256
4066,1289,1290
4066,1313,1314
4066,1514,1515
4067,1255,1256
4067,1313,1314
4067,1514,1515
4067,1569,1570
4068,1042,1043
4068,1082,1083
4068,1153,1154
4068,1382,1383
4069,1082,1083
4069,1382,1383
4069,1392,1393
4069,1523,1524
4070,1382,1383
4070,1392,1393
4070,1436,1437
4070,1523,1524
4071,204,205
4071,410,411
4071,482,483
4071,520,521
4072,410,411
4072,482,483
4072,520,521
4072,568,569
4073,204,205
4073,482,483
4073,502,503
4073,520,521
4074,205,206
4074,410,411
4074,520,521
4074,523,524
4075,205,206
4075,520,521
4075,523,524
4075,568,569
4076,410,411
4076,520,521
4076,523,524
4076,568,569
4077,205,206
4077,424,425
4077,520,521
4077,555,556
4078,205,206
4078,424,425
4078,520,521
4078,568,569
4079,205,206
4079,418,419
4079,520,521
4079,555,556
4080,424,425
4080,520,521
4080,555,556
4080,703,704
4081,424,425
4081,520,521
4081,568,569
4081,703,704
4082,205,206
4082,396,397
4082,418,419
4082,520,521
4083,204,205
4083,396,397
4083,418,419
4083,520,521
4084,418,419
4084,492,493
4084,520,521
4084,555,556
4085,492,493
4085,520,521
4085,555,556
4085,703,704
4086,492,493
4086,502,503
4086,520,521
4086,703,704
4087,482,483
4087,581,582
4087,723,724
4087,732,733
4088,482,483
4088,502,503
4088,581,582
4088,723,724
4089,502,503
4089,581,582
4089,723,724
4089,740,741
4090,482,483
4090,568,569
4090,723,724
4090,732,733
4091,397,398
4091,581,582
4091,723,724
4091,732,733
4092,397,398
4092,581,582
4092,723,724
4092,740,741
4093,482,483
4093,520,521
4093,568,569
4093,723,724
4094,482,483
4094,502,503
4094,520,521
4094,723,724
4095,397,398
4095,712,713
4095,723,724
4095,732,733
4096,568,569
4096,712,713
4096,723,724
4096,732,733
4097,568,569
4097,703,704
4097,712,713
4097,723,724
4098,520,521
4098,568,569
4098,703,704
4098,723,724
4099,502,503
4099,520,521
4099,703,704
4099,723,724
4100,397,398
4100,488,489
4100,723,724
4100,740,741
4101,488,489
4101,502,503
4101,723,724
4101,740,741
4102,548,549
4102,703,704
4102,712,713
4102,723,724
4103,488,489
4103,548,549
4103,703,704
4103,723,724
4104,492,493
4104,502,503
4104,703,704
4104,723,724
4105,488,489
4105,492,493
4105,502,503
4105,723,724
4106,397,398
4106,488,489
4106,723,724
4106,778,779
4107,488,489
4107,548,549
4107,723,724
4107,778,779
4108,488,489
4108,567,568
4108,703,704
4108,723,724
4109,492,493
4109,567,568
4109,703,704
4109,723,724
4110,488,489
4110,492,493
4110,567,568
4110,723,724
4111,1487,1488
4111,1577,1578
4111,1734,1735
4111,1770,1771
4112,1573,1574
4112,1577,1578
4112,1737,1738
4112,1756,1757
4113,1573,1574
4113,1577,1578
4113,1737,1738
4113,1770,1771
4114,1577,1578
4114,1737,1738
4114,1756,1757
4114,1770,1771
4115,1487,1488
4115,1573,1574
4115,1577,1578
4115,1780,1781
4116,1487,1488
4116,1577,1578
4116,1770,1771
4116,1780,1781
4117,1573,1574
4117,1577,1578
4117,1770,1771
4117,1780,1781
4118,617,618
4118,625,626
4118,724,725
4118,845,846
4119,625,626
4119,752,753
4119,925,926
4119,926,927
4120,617,618
4120,625,626
4120,752,753
4120,926,927
4121,625,626
4121,752,753
4121,925,926
4121,1068,1069
4122,617,618
4122,625,626
4122,752,753
4122,827,828
4123,617,618
4123,625,626
4123,724,725
4123,827,828
4124,625,626
4124,662,663
4124,752,753
4124,1068,1069
4125,625,626
4125,662,663
4125,724,725
4125,1068,1069
4126,625,626
4126,662,663
4126,752,753
4126,827,828
4127,625,626
4127,662,663
4127,724,725
4127,827,828
4128,853,854
4128,855,856
4128,870,871
4128,921,922
4129,853,854
4129,855,856
4129,858,859
4129,921,922
4130,911,912
4130,975,976
4130,1045,1046
4130,1048,1049
4131,911,912
4131,975,976
4131,979,980
4131,1202,1203
4132,911,912
4132,975,976
4132,979,980
4132,1048,1049
4133,906,907
4133,975,976
4133,1045,1046
4133,1048,1049
4134,906,907
4134,975,976
4134,1011,1012
4134,1048,1049
4135,906,907
4135,975,976
4135,1045,1046
4135,1068,1069
4136,906,907
4136,975,976
4136,1011,1012
4136,1068,1069
4137,975,976
4137,1001,1002
4137,1011,1012
4137,1048,1049
4138,975,976
4138,979,980
4138,1001,1002
4138,1048,1049
4139,921,922
4139,975,976
4139,979,980
4139,1001,1002
4140,975,976
4140,1001,1002
4140,1011,1012
4140,1031,1032
4141,975,976
4141,1011,1012
4141,1031,1032
4141,1068,1069
4142,921,922
4142,975,976
4142,1001,1002
4142,1031,1032
4143,682,683
4143,720,721
4143,855,856
4143,1004,1005
4144,720,721
4144,759,760
4144,855,856
4144,1004,1005
4145,682,683
4145,710,711
4145,720,721
4145,1004,1005
4146,710,711
4146,720,721
4146,759,760
4146,1004,1005
4147,682,683
4147,707,708
4147,710,711
4147,1004,1005
4148,682,683
4148,707,708
4148,816,817
4148,1004,1005
4149,707,708
4149,710,711
4149,816,817
4149,1004,1005
4150,710,711
4150,759,760
4150,849,850
4150,1004,1005
4151,710,711
4151,816,817
4151,849,850
4151,1004,1005
4152,613,614
4152,660,661
4152,682,683
4152,1004,1005
4153,660,661
4153,682,683
4153,816,817
4153,1004,1005
4154,613,614
4154,660,661
4154,816,817
4154,1004,1005
4155,613,614
4155,682,683
4155,731,732
4155,1004,1005
4156,682,683
4156,731,732
4156,855,856
4156,1004,1005
4157,613,614
4157,731,732
4157,855,856
4157,1004,1005
4158,759,760
4158,849,850
4158,866,867
4158,1004,1005
4159,816,817
4159,849,850
4159,866,867
4159,1004,1005
4160,759,760
4160,853,854
4160,866,867
4160,1004,1005
4161,853,854
4161,855,856
4161,866,867
4161,1004,1005
4162,759,760
4162,853,854
4162,855,856
4162,1004,1005
4163,615,616
4163,816,817
4163,866,867
4163,1004,1005
4164,613,614
4164,615,616
4164,816,817
4164,1004,1005
4165,855,856
4165,866,867
4165,883,884
4165,1004,1005
4166,615,616
4166,866,867
4166,883,884
4166,1004,1005
4167,613,614
4167,855,856
4167,883,884
4167,1004,1005
4168,613,614
4168,615,616
4168,883,884
4168,1004,1005
4169,859,860
4169,872,873
4169,891,892
4169,1005,1006
4170,727,728
4170,859,860
4170,872,873
4170,891,892
4171,859,860
4171,872,873
4171,996,997
4171,1005,1006
4172,727,728
4172,859,860
4172,872,873
4172,996,997
4173,727,728
4173,791,792
4173,872,873
4173,996,997
4174,727,728
4174,791,792
4174,872,873
4174,891,892
4175,872,873
4175,981,982
4175,996,997
4175,1005,1006
4176,791,792
4176,872,873
4176,981,982
4176,996,997
4177,872,873
4177,958,959
4177,997,998
4177,1005,1006
4178,872,873
4178,891,892
4178,997,998
4178,1005,1006
4179,872,873
4179,888,889
4179,981,982
4179,1005,1006
4180,872,873
4180,888,889
4180,958,959
4180,1005,1006
4181,854,855
4181,872,873
4181,958,959
4181,997,998
4182,854,855
4182,872,873
4182,891,892
4182,997,998
4183,783,784
4183,791,792
4183,872,873
4183,891,892
4184,639,640
4184,761,762
4184,775,776
4184,821,822
4185,471,472
4185,639,640
4185,775,776
4185,821,822
4186,761,762
4186,775,776
4186,801,802
4186,821,822
4187,471,472
4187,775,776
4187,801,802
4187,821,822
4188,761,762
4188,783,784
4188,801,802
4188,821,822
4189,639,640
4189,761,762
4189,783,784
4189,821,822
4190,783,784
4190,791,792
4190,801,802
4190,821,822
4191,639,640
4191,727,728
4191,783,784
4191,821,822
4192,727,728
4192,783,784
4192,791,792
4192,821,822
4193,727,728
4193,754,755
4193,791,792
4193,821,822
4194,471,472
4194,693,694
4194,754,755
4194,821,822
4195,471,472
4195,693,694
4195,801,802
4195,821,822
4196,693,694
4196,754,755
4196,791,792
4196,821,822
4197,693,694
4197,791,792
4197,801,802
4197,821,822
4198,471,472
4198,736,737
4198,754,755
4198,821,822
4199,471,472
4199,639,640
4199,736,737
4199,821,822
4200,727,728
4200,736,737
4200,754,755
4200,821,822
4201,639,640
4201,727,728
4201,736,737
4201,821,822
4202,468,469
4202,626,627
4202,736,737
4202,970,971
4203,468,469
4203,626,627
4203,639,640
4203,736,737
4204,468,469
4204,626,627
4204,808,809
4204,970,971
4205,468,469
4205,626,627
4205,639,640
4205,808,809
4206,626,627
4206,808,809
4206,827,828
4206,970,971
4207,626,627
4207,651,652
4207,970,971
4207,1007,1008
4208,626,627
4208,651,652
4208,842,843
4208,1007,1008
4209,626,627
4209,645,646
4209,651,652
4209,970,971
4210,626,627
4210,645,646
4210,736,737
4210,970,971
4211,626,627
4211,651,652
4211,842,843
4211,968,969
4212,626,627
4212,628,629
4212,827,828
4212,842,843
4213,626,627
4213,628,629
4213,842,843
4213,968,969
4214,626,627
4214,628,629
4214,639,640
4214,968,969
4215,626,627
4215,639,640
4215,727,728
4215,968,969
4216,626,627
4216,628,629
4216,808,809
4216,827,828
4217,626,627
4217,628,629
4217,639,640
4217,808,809
4218,626,627
4218,827,828
4218,970,971
4218,1007,1008
4219,626,627
4219,827,828
4219,842,843
4219,1007,1008
4220,639,640
4220,729,730
4220,761,762
4220,937,938
4221,639,640
4221,761,762
4221,783,784
4221,937,938
4222,729,730
4222,777,778
4222,808,809
4222,937,938
4223,639,640
4223,729,730
4223,808,809
4223,937,938
4224,639,640
4224,783,784
4224,924,925
4224,937,938
4225,628,629
4225,777,778
4225,808,809
4225,937,938
4226,628,629
4226,639,640
4226,808,809
4226,937,938
4227,628,629
4227,777,778
4227,924,925
4227,937,938
4228,628,629
4228,639,640
4228,924,925
4228,937,938
4229,468,469
4229,691,692
4229,736,737
4229,775,776
4230,468,469
4230,549,550
4230,691,692
4230,775,776
4231,468,469
4231,549,550
4231,691,692
4231,736,737
4232,471,472
4232,691,692
4232,736,737
4232,775,776
4233,471,472
4233,508,509
4233,691,692
4233,775,776
4234,508,509
4234,549,550
4234,691,692
4234,775,776
4235,549,550
4235,691,692
4235,736,737
4235,810,811
4236,430,431
4236,508,509
4236,549,550
4236,691,692
4237,645,646
4237,691,692
4237,736,737
4237,810,811
4238,430,431
4238,549,550
4238,650,651
4238,691,692
4239,549,550
4239,650,651
4239,691,692
4239,810,811
4240,645,646
4240,672,673
4240,691,692
4240,810,811
4241,645,646
4241,672,673
4241,676,677
4241,691,692
4242,650,651
4242,672,673
4242,691,692
4242,810,811
4243,650,651
4243,672,673
4243,676,677
4243,691,692
4244,486,487
4244,516,517
4244,712,713
4244,766,767
4245,486,487
4245,516,517
4245,549,550
4245,766,767
4246,516,517
4246,659,660
4246,712,713
4246,766,767
4247,516,517
4247,549,550
4247,659,660
4247,766,767
4248,486,487
4248,712,713
4248,766,767
4248,811,812
4249,659,660
4249,712,713
4249,732,733
4249,766,767
4250,486,487
4250,766,767
4250,811,812
4250,970,971
4251,659,660
4251,697,698
4251,732,733
4251,766,767
4252,549,550
4252,659,660
4252,697,698
4252,766,767
4253,486,487
4253,766,767
4253,810,811
4253,970,971
4254,486,487
4254,549,550
4254,766,767
4254,810,811
4255,766,767
4255,778,779
4255,811,812
4255,970,971
4256,548,549
4256,712,713
4256,766,767
4256,811,812
4257,548,549
4257,766,767
4257,778,779
4257,811,812
4258,397,398
4258,712,713
4258,732,733
4258,766,767
4259,397,398
4259,697,698
4259,732,733
4259,766,767
4260,468,469
4260,766,767
4260,810,811
4260,970,971
4261,468,469
4261,549,550
4261,766,767
4261,810,811
4262,468,469
4262,766,767
4262,778,779
4262,970,971
4263,548,549
4263,712,713
4263,723,724
4263,766,767
4264,548,549
4264,723,724
4264,766,767
4264,778,779
4265,468,469
4265,549,550
4265,697,698
4265,766,767
4266,397,398
4266,712,713
4266,723,724
4266,766,767
4267,397,398
4267,723,724
4267,766,767
4267,778,779
4268,397,398
4268,468,469
4268,697,698
4268,766,767
4269,397,398
4269,766,767
4269,778,779
4269,808,809
4270,397,398
4270,468,469
4270,766,767
4270,808,809
4271,468,469
4271,766,767
4271,778,779
4271,808,809
4272,409,410
4272,433,434
4272,589,590
4272,795,796
4273,409,410
4273,433,434
4273,589,590
4273,677,678
4274,433,434
4274,449,450
4274,461,462
4274,795,796
4275,433,434
4275,449,450
4275,589,590
4275,795,796
4276,409,410
4276,433,434
4276,711,712
4276,795,796
4277,433,434
4277,461,462
4277,711,712
4277,795,796
4278,409,410
4278,421,422
4278,433,434
4278,711,712
4279,421,422
4279,433,434
4279,461,462
4279,711,712
4280,409,410
4280,433,434
4280,604,605
4280,677,678
4281,409,410
4281,421,422
4281,433,434
4281,604,605
4282,433,434
4282,604,605
4282,677,678
4282,685,686
4283,433,434
4283,590,591
4283,604,605
4283,685,686
4284,421,422
4284,433,434
4284,590,591
4284,604,605
4285,433,434
4285,464,465
4285,590,591
4285,685,686
4286,421,422
4286,433,434
4286,461,462
4286,475,476
4287,421,422
4287,433,434
4287,475,476
4287,590,591
4288,208,209
4288,304,305
4288,345,346
4288,542,543
4289,208,209
4289,304,305
4289,464,465
4289,542,543
4290,22,23
4290,48,49
4290,158,159
4290,214,215
4291,48,49
4291,158,159
4291,200,201
4291,214,215
4292,22,23
4292,143,144
4292,158,159
4292,214,215
4293,143,144
4293,158,159
4293,200,201
4293,214,215
4294,22,23
4294,48,49
4294,85,86
4294,158,159
4295,48,49
4295,85,86
4295,125,126
4295,158,159
4296,74,75
4296,125,126
4296,158,159
4296,350,351
4297,74,75
4297,85,86
4297,125,126
4297,158,159
4298,211,212
4298,380,381
4298,496,497
4298,565,566
4299,303,304
4299,375,376
4299,380,381
4299,557,558
4300,211,212
4300,303,304
4300,375,376
4300,380,381
4301,191,192
4301,380,381
4301,496,497
4301,565,566
4302,191,192
4302,380,381
4302,496,497
4302,505,506
4303,380,381
4303,475,476
4303,505,506
4303,590,591
4304,380,381
4304,421,422
4304,557,558
4304,590,591
4305,211,212
4305,380,381
4305,550,551
4305,565,566
4306,303,304
4306,380,381
4306,550,551
4306,565,566
4307,211,212
4307,303,304
4307,380,381
4307,550,551
4308,191,192
4308,380,381
4308,475,476
4308,565,566
4309,191,192
4309,380,381
4309,475,476
4309,505,506
4310,380,381
4310,421,422
4310,475,476
4310,565,566
4311,380,381
4311,421,422
4311,475,476
4311,590,591
4312,263,264
4312,316,317
4312,317,318
4312,496,497
4313,211,212
4313,263,264
4313,316,317
4313,496,497
4314,263,264
4314,370,371
4314,375,376
4314,603,604
4315,211,212
4315,263,264
4315,375,376
4315,603,604
4316,263,264
4316,302,303
4316,316,317
4316,317,318
4317,263,264
4317,302,303
4317,317,318
4317,485,486
4318,263,264
4318,341,342
4318,370,371
4318,603,604
4319,263,264
4319,341,342
4319,370,371
4319,485,486
4320,215,216
4320,263,264
4320,341,342
4320,603,604
4321,215,216
4321,263,264
4321,302,303
4321,341,342
4322,156,157
4322,263,264
4322,302,303
4322,316,317
4323,156,157
4323,215,216
4323,263,264
4323,302,303
4324,117,118
4324,263,264
4324,341,342
4324,485,486
4325,117,118
4325,263,264
4325,302,303
4325,341,342
4326,117,118
4326,263,264
4326,302,303
4326,485,486
4327,584,585
4327,604,605
4327,683,684
4327,685,686
4328,584,585
4328,630,631
4328,661,662
4328,683,684
4329,584,585
4329,604,605
4329,661,662
4329,683,684
4330,404,405
4330,600,601
4330,630,631
4330,683,684
4331,404,405
4331,630,631
4331,661,662
4331,683,684
4332,341,342
4332,355,356
4332,370,371
4332,603,604
4333,233,234
4333,306,307
4333,355,356
4333,459,460
4334,233,234
4334,306,307
4334,355,356
4334,603,604
4335,306,307
4335,355,356
4335,375,376
4335,603,604
4336,355,356
4336,370,371
4336,375,376
4336,603,604
4337,202,203
4337,475,476
4337,505,506
4337,542,543
4338,202,203
4338,475,476
4338,505,506
4338,578,579
4339,202,203
4339,505,506
4339,542,543
4339,578,579
4340,202,203
4340,345,346
4340,542,543
4340,578,579
4341,202,203
4341,208,209
4341,345,346
4341,542,543
4342,202,203
4342,475,476
4342,542,543
4342,590,591
4343,202,203
4343,433,434
4343,475,476
4343,590,591
4344,202,203
4344,433,434
4344,461,462
4344,475,476
4345,202,203
4345,433,434
4345,449,450
4345,461,462
4346,202,203
4346,464,465
4346,542,543
4346,590,591
4347,202,203
4347,208,209
4347,464,465
4347,542,543
4348,202,203
4348,433,434
4348,464,465
4348,590,591
4349,202,203
4349,461,462
4349,475,476
4349,563,564
4350,202,203
4350,461,462
4350,478,479
4350,563,564
4351,202,203
4351,475,476
4351,563,564
4351,578,579
4352,202,203
4352,478,479
4352,563,564
4352,578,579
4353,202,203
4353,449,450
4353,461,462
4353,541,542
4354,202,203
4354,334,335
4354,461,462
4354,541,542
4355,202,203
4355,411,412
4355,461,462
4355,478,479
4356,202,203
4356,334,335
4356,411,412
4356,478,479
4357,202,203
4357,334,335
4357,411,412
4357,461,462
4358,1,2
4358,26,27
4358,30,31
4358,106,107
4359,1,2
4359,26,27
4359,106,107
4359,163,164
4360,64,65
4360,222,223
4360,223,224
4360,288,289
4361,222,223
4361,223,224
4361,255,256
4361,288,289
4362,64,65
4362,223,224
4362,288,289
4362,386,387
4363,217,218
4363,223,224
4363,288,289
4363,386,387
4364,223,224
4364,255,256
4364,288,289
4364,332,333
4365,270,271
4365,343,344
4365,499,500
4365,506,507
4366,256,257
4366,270,271
4366,343,344
4366,499,500
4367,256,257
4367,270,271
4367,343,344
4367,506,507
4368,156,157
4368,184,185
4368,235,236
4368,316,317
4369,156,157
4369,184,185
4369,235,236
4369,273,274
4370,184,185
4370,235,236
4370,316,317
4370,329,330
4371,156,157
4371,215,216
4371,235,236
4371,273,274
4372,184,185
4372,235,236
4372,329,330
4372,348,349
4373,184,185
4373,235,236
4373,273,274
4373,348,349
4374,156,157
4374,235,236
4374,263,264
4374,316,317
4375,156,157
4375,215,216
4375,235,236
4375,263,264
4376,222,223
4376,235,236
4376,273,274
4376,348,349
4377,211,212
4377,235,236
4377,329,330
4377,496,497
4378,235,236
4378,316,317
4378,329,330
4378,496,497
4379,211,212
4379,235,236
4379,316,317
4379,496,497
4380,215,216
4380,235,236
4380,263,264
4380,603,604
4381,91,92
4381,215,216
4381,235,236
4381,273,274
4382,211,212
4382,235,236
4382,263,264
4382,603,604
4383,211,212
4383,235,236
4383,263,264
4383,316,317
4384,117,118
4384,197,198
4384,215,216
4384,259,260
4385,70,71
4385,117,118
4385,197,198
4385,372,373
4386,70,71
4386,117,118
4386,197,198
4386,259,260
4387,117,118
4387,197,198
4387,302,303
4387,372,373
4388,117,118
4388,197,198
4388,215,216
4388,302,303
4389,156,157
4389,197,198
4389,302,303
4389,372,373
4390,156,157
4390,197,198
4390,215,216
4390,302,303
4391,30,31
4391,70,71
4391,197,198
4391,259,260
4392,4,5
4392,156,157
4392,197,198
4392,372,373
4393,4,5
4393,82,83
4393,156,157
4393,197,198
4394,91,92
4394,156,157
4394,197,198
4394,215,216
4395,82,83
4395,91,92
4395,156,157
4395,197,198
4396,70,71
4396,76,77
4396,197,198
4396,372,373
4397,4,5
4397,76,77
4397,197,198
4397,372,373
4398,4,5
4398,76,77
4398,82,83
4398,197,198
4399,16,17
4399,30,31
4399,70,71
4399,197,198
4400,16,17
4400,70,71
4400,76,77
4400,197,198
4401,16,17
4401,30,31
4401,76,77
4401,197,198
4402,1,2
4402,30,31
4402,76,77
4402,197,198
4403,1,2
4403,76,77
4403,82,83
4403,197,198
4404,1,2
4404,30,31
4404,91,92
4404,197,198
4405,1,2
4405,82,83
4405,91,92
4405,197,198
4406,229,230
4406,233,234
4406,255,256
4406,603,604
4407,215,216
4407,229,230
4407,235,236
4407,603,604
4408,91,92
4408,215,216
4408,229,230
4408,235,236
4409,222,223
4409,229,230
4409,255,256
4409,288,289
4410,91,92
4410,222,223
4410,229,230
4410,273,274
4411,222,223
4411,229,230
4411,235,236
4411,273,274
4412,91,92
4412,229,230
4412,235,236
4412,273,274
4413,64,65
4413,118,119
4413,222,223
4413,223,224
4414,118,119
4414,222,223
4414,223,224
4414,348,349
4415,118,119
4415,222,223
4415,273,274
4415,348,349
4416,118,119
4416,169,170
4416,222,223
4416,273,274
4417,168,169
4417,294,295
4417,301,302
4417,346,347
4418,168,169
4418,301,302
4418,346,347
4418,525,526
4419,168,169
4419,281,282
4419,294,295
4419,301,302
4420,168,169
4420,210,211
4420,301,302
4420,525,526
4421,210,211
4421,301,302
4421,483,484
4421,525,526
4422,168,169
4422,210,211
4422,301,302
4422,483,484
4423,294,295
4423,299,300
4423,301,302
4423,481,482
4424,281,282
4424,294,295
4424,299,300
4424,301,302
4425,415,416
4425,489,490
4425,764,765
4425,822,823
4426,283,284
4426,356,357
4426,426,427
4426,561,562
4427,426,427
4427,477,478
4427,499,500
4427,561,562
4428,356,357
4428,426,427
4428,477,478
4428,561,562
4429,356,357
4429,426,427
4429,477,478
4429,489,490
4430,283,284
4430,356,357
4430,480,481
4430,607,608
4431,283,284
4431,356,357
4431,480,481
4431,561,562
4432,356,357
4432,437,438
4432,480,481
4432,607,608
4433,356,357
4433,477,478
4433,480,481
4433,561,562
4434,469,470
4434,477,478
4434,480,481
4434,561,562
4435,356,357
4435,437,438
4435,480,481
4435,822,823
4436,437,438
4436,469,470
4436,480,481
4436,822,823
4437,437,438
4437,452,453
4437,469,470
4437,480,481
4438,356,357
4438,477,478
4438,480,481
4438,822,823
4439,469,470
4439,477,478
4439,480,481
4439,822,823
4440,451,452
4440,469,470
4440,480,481
4440,561,562
4441,1132,1133
4441,1302,1303
4441,1309,1310
4441,1375,1376
4442,1385,1386
4442,1397,1398
4442,1437,1438
4442,1484,1485
4443,1380,1381
4443,1385,1386
4443,1397,1398
4443,1484,1485
4444,1305,1306
4444,1322,1323
4444,1385,1386
4444,1484,1485
4445,1245,1246
4445,1305,1306
4445,1419,1420
4445,1484,1485
4446,1305,1306
4446,1322,1323
4446,1419,1420
4446,1484,1485
4447,1262,1263
4447,1322,1323
4447,1419,1420
4447,1484,1485
4448,1245,1246
4448,1305,1306
4448,1380,1381
4448,1484,1485
4449,1305,1306
4449,1380,1381
4449,1385,1386
4449,1484,1485
4450,1073,1074
4450,1141,1142
4450,1180,1181
4450,1409,1410
4451,1046,1047
4451,1141,1142
4451,1180,1181
4451,1245,1246
4452,1046,1047
4452,1141,1142
4452,1180,1181
4452,1409,1410
4453,1141,1142
4453,1245,1246
4453,1484,1485
4453,1521,1522
4454,1262,1263
4454,1279,1280
4454,1484,1485
4454,1521,1522
4455,1262,1263
4455,1279,1280
4455,1322,1323
4455,1484,1485
4456,1279,1280
4456,1321,1322
4456,1484,1485
4456,1521,1522
4457,1279,1280
4457,1403,1404
4457,1437,1438
4457,1629,1630
4458,1279,1280
4458,1321,1322
4458,1403,1404
4458,1437,1438
4459,1279,1280
4459,1437,1438
4459,1629,1630
4459,1661,1662
4460,1279,1280
4460,1322,1323
4460,1437,1438
4460,1661,1662
4461,1279,1280
4461,1322,1323
4461,1385,1386
4461,1437,1438
4462,1279,1280
4462,1385,1386
4462,1437,1438
4462,1484,1485
4463,1279,1280
4463,1322,1323
4463,1385,1386
4463,1484,1485
4464,1279,1280
4464,1321,1322
4464,1397,1398
4464,1437,1438
4465,1279,1280
4465,1321,1322
4465,1397,1398
4465,1484,1485
4466,1279,1280
4466,1397,1398
4466,1437,1438
4466,1484,1485
4467,1101,1102
4467,1221,1222
4467,1270,1271
4467,1399,1400
4468,1101,1102
4468,1221,1222
4468,1270,1271
4468,1395,1396
4469,1250,1251
4469,1256,1257
4469,1312,1313
4469,1429,1430
4470,1205,1206
4470,1250,1251
4470,1256,1257
4470,1429,1430
4471,1115,1116
4471,1205,1206
4471,1250,1251
4471,1256,1257
4472,1115,1116
4472,1206,1207
4472,1250,1251
4472,1256,1257
4473,1052,1053
4473,1205,1206
4473,1256,1257
4473,1429,1430
4474,1052,1053
4474,1115,1116
4474,1205,1206
4474,1256,1257
4475,1158,1159
4475,1250,1251
4475,1312,1313
4475,1319,1320
4476,1158,1159
4476,1206,1207
4476,1250,1251
4476,1256,1257
4477,1158,1159
4477,1250,1251
4477,1256,1257
4477,1312,1313
4478,1158,1159
4478,1206,1207
4478,1222,1223
4478,1250,1251
4479,1146,1147
4479,1155,1156
4479,1158,1159
4479,1206,1207
4480,1123,1124
4480,1158,1159
4480,1250,1251
4480,1319,1320
4481,1155,1156
4481,1158,1159
4481,1206,1207
4481,1222,1223
4482,1063,1064
4482,1155,1156
4482,1158,1159
4482,1222,1223
4483,1123,1124
4483,1158,1159
4483,1222,1223
4483,1250,1251
4484,1063,1064
4484,1123,1124
4484,1158,1159
4484,1222,1223
4485,1146,1147
4485,1155,1156
4485,1158,1159
4485,1317,1318
4486,1063,1064
4486,1155,1156
4486,1158,1159
4486,1317,1318
4487,1537,1538
4487,1546,1547
4487,1634,1635
4487,1826,1827
4488,1481,1482
4488,1537,1538
4488,1546,1547
4488,1826,1827
4489,1481,1482
4489,1546,1547
4489,1621,1622
4489,1826,1827
4490,1481,1482
4490,1546,1547
4490,1615,1616
4490,1621,1622
4491,1274,1275
4491,1293,1294
4491,1390,1391
4491,1580,1581
4492,1274,1275
4492,1390,1391
4492,1537,1538
4492,1826,1827
4493,1274,1275
4493,1390,1391
4493,1537,1538
4493,1580,1581
4494,1390,1391
4494,1406,1407
4494,1537,1538
4494,1826,1827
4495,1390,1391
4495,1406,1407
4495,1649,1650
4495,1826,1827
4496,1390,1391
4496,1537,1538
4496,1580,1581
4496,1589,1590
4497,1390,1391
4497,1406,1407
4497,1481,1482
4497,1537,1538
4498,1390,1391
4498,1481,1482
4498,1537,1538
4498,1589,1590
4499,1390,1391
4499,1406,1407
4499,1481,1482
4499,1589,1590
4500,673,674
4500,892,893
4500,950,951
4500,974,975
4501,673,674
4501,892,893
4501,927,928
4501,974,975
4502,873,874
4502,950,951
4502,974,975
4502,989,990
4503,873,874
4503,974,975
4503,989,990
4503,1228,1229
4504,859,860
4504,974,975
4504,989,990
4504,1005,1006
4505,974,975
4505,989,990
4505,1005,1006
4505,1228,1229
4506,796,797
4506,950,951
4506,974,975
4506,989,990
4507,796,797
4507,859,860
4507,974,975
4507,989,990
4508,796,797
4508,859,860
4508,927,928
4508,974,975
4509,673,674
4509,796,797
4509,950,951
4509,974,975
4510,673,674
4510,796,797
4510,927,928
4510,974,975
4511,453,454
4511,636,637
4511,733,734
4511,769,770
4512,463,464
4512,503,504
4512,650,651
4512,769,770
4513,503,504
4513,636,637
4513,672,673
4513,769,770
4514,503,504
4514,650,651
4514,672,673
4514,769,770
4515,636,637
4515,650,651
4515,672,673
4515,769,770
4516,636,637
4516,638,639
4516,733,734
4516,769,770
4517,503,504
4517,636,637
4517,638,639
4517,769,770
4518,207,208
4518,420,421
4518,427,428
4518,453,454
4519,207,208
4519,420,421
4519,427,428
4519,563,564
4520,207,208
4520,436,437
4520,447,448
4520,582,583
4521,167,168
4521,207,208
4521,436,437
4521,447,448
4522,167,168
4522,207,208
4522,436,437
4522,563,564
4523,207,208
4523,411,412
4523,420,421
4523,563,564
4524,207,208
4524,411,412
4524,436,437
4524,563,564
4525,207,208
4525,411,412
4525,420,421
4525,436,437
4526,399,400
4526,402,403
4526,525,526
4526,774,775
4527,207,208
4527,399,400
4527,427,428
4527,453,454
4528,399,400
4528,425,426
4528,525,526
4528,774,775
4529,399,400
4529,427,428
4529,453,454
4529,497,498
4530,399,400
4530,402,403
4530,497,498
4530,774,775
4531,399,400
4531,425,426
4531,769,770
4531,774,775
4532,399,400
4532,497,498
4532,733,734
4532,774,775
4533,399,400
4533,453,454
4533,497,498
4533,733,734
4534,399,400
4534,733,734
4534,769,770
4534,774,775
4535,399,400
4535,453,454
4535,733,734
4535,769,770
4536,403,404
4536,430,431
4536,508,509
4536,560,561
4537,430,431
4537,508,509
4537,560,561
4537,691,692
4538,420,421
4538,453,454
4538,494,495
4538,560,561
4539,430,431
4539,560,561
4539,650,651
4539,691,692
4540,560,561
4540,650,651
4540,676,677
4540,691,692
4541,560,561
4541,636,637
4541,650,651
4541,769,770
4542,453,454
4542,494,495
4542,560,561
4542,636,637
4543,453,454
4543,560,561
4543,636,637
4543,769,770
4544,494,495
4544,560,561
4544,636,637
4544,676,677
4545,560,561
4545,636,637
4545,650,651
4545,672,673
4546,560,561
4546,636,637
4546,672,673
4546,676,677
4547,560,561
4547,650,651
4547,672,673
4547,676,677
4548,400,401
4548,541,542
4548,644,645
4548,795,796
4549,400,401
4549,541,542
4549,644,645
4549,714,715
4550,411,412
4550,541,542
4550,644,645
4550,714,715
4551,403,404
4551,411,412
4551,644,645
4551,714,715
4552,403,404
4552,420,421
4552,560,561
4552,644,645
4553,411,412
4553,461,462
4553,541,542
4553,644,645
4554,461,462
4554,541,542
4554,644,645
4554,795,796
4555,403,404
4555,411,412
4555,420,421
4555,644,645
4556,420,421
4556,494,495
4556,560,561
4556,644,645
4557,400,401
4557,644,645
4557,795,796
4557,809,810
4558,411,412
4558,420,421
4558,461,462
4558,644,645
4559,420,421
4559,494,495
4559,644,645
4559,711,712
4560,644,645
4560,711,712
4560,795,796
4560,809,810
4561,494,495
4561,644,645
4561,711,712
4561,809,810
4562,461,462
4562,644,645
4562,711,712
4562,795,796
4563,420,421
4563,461,462
4563,644,645
4563,711,712
4564,403,404
4564,508,509
4564,556,557
4564,560,561
4565,508,509
4565,556,557
4565,560,561
4565,691,692
4566,403,404
4566,556,557
4566,560,561
4566,644,645
4567,556,557
4567,560,561
4567,676,677
4567,691,692
4568,400,401
4568,556,557
4568,644,645
4568,809,810
4569,494,495
4569,556,557
4569,560,561
4569,676,677
4570,494,495
4570,556,557
4570,560,561
4570,644,645
4571,556,557
4571,730,731
4571,806,807
4571,809,810
4572,400,401
4572,556,557
4572,730,731
4572,809,810
4573,494,495
4573,556,557
4573,644,645
4573,809,810
4574,556,557
4574,763,764
4574,806,807
4574,809,810
4575,494,495
4575,556,557
4575,763,764
4575,809,810
4576,556,557
4576,676,677
4576,763,764
4576,806,807
4577,494,495
4577,556,557
4577,676,677
4577,763,764
4578,1252,1253
4578,1386,1387
4578,1413,1414
4578,1468,1469
4579,1332,1333
4579,1337,1338
4579,1386,1387
4579,1413,1414
4580,1303,1304
4580,1386,1387
4580,1413,1414
4580,1468,1469
4581,1386,1387
4581,1468,1469
4581,1475,1476
4581,1561,1562
4582,1293,1294
4582,1386,1387
4582,1475,1476
4582,1561,1562
4583,1032,1033
4583,1293,1294
4583,1386,1387
4583,1561,1562
4584,1033,1034
4584,1063,1064
4584,1123,1124
4584,1384,1385
4585,1182,1183
4585,1332,1333
4585,1337,1338
4585,1413,1414
4586,1182,1183
4586,1332,1333
4586,1377,1378
4586,1413,1414
4587,1182,1183
4587,1337,1338
4587,1377,1378
4587,1413,1414
4588,1182,1183
4588,1332,1333
4588,1337,1338
4588,1386,1387
4589,1100,1101
4589,1182,1183
4589,1337,1338
4589,1386,1387
4590,1100,1101
4590,1143,1144
4590,1167,1168
4590,1362,1363
4591,1100,1101
4591,1167,1168
4591,1337,1338
4591,1362,1363
4592,1362,1363
4592,1386,1387
4592,1468,1469
4592,1561,1562
4593,1032,1033
4593,1100,1101
4593,1143,1144
4593,1362,1363
4594,1167,1168
4594,1252,1253
4594,1337,1338
4594,1362,1363
4595,1100,1101
4595,1337,1338
4595,1362,1363
4595,1386,1387
4596,1032,1033
4596,1362,1363
4596,1386,1387
4596,1561,1562
4597,1032,1033
4597,1100,1101
4597,1362,1363
4597,1386,1387
4598,1252,1253
4598,1362,1363
4598,1386,1387
4598,1468,1469
4599,1252,1253
4599,1337,1338
4599,1362,1363
4599,1413,1414
4600,1252,1253
4600,1362,1363
4600,1386,1387
4600,1413,1414
4601,1337,1338
4601,1362,1363
4601,1386,1387
4601,1413,1414
4602,1275,1276
4602,1293,1294
4602,1561,1562
4602,1580,1581
4603,1032,1033
4603,1275,1276
4603,1293,1294
4603,1561,1562
4604,1275,1276
4604,1293,1294
4604,1390,1391
4604,1580,1581
4605,1275,1276
4605,1390,1391
4605,1580,1581
4605,1589,1590
4606,1238,1239
4606,1275,1276
4606,1431,1432
4606,1589,1590
4607,1275,1276
4607,1293,1294
4607,1390,1391
4607,1431,1432
4608,1275,1276
4608,1390,1391
4608,1431,1432
4608,1589,1590
4609,1390,1391
4609,1406,1407
4609,1526,1527
4609,1649,1650
4610,1390,1391
4610,1526,1527
4610,1649,1650
4610,1826,1827
4611,1032,1033
4611,1033,1034
4611,1100,1101
4611,1343,1344
4612,1032,1033
4612,1293,1294
4612,1343,1344
4612,1386,1387
4613,1032,1033
4613,1100,1101
4613,1343,1344
4613,1386,1387
4614,1033,1034
4614,1100,1101
4614,1182,1183
4614,1343,1344
4615,1033,1034
4615,1182,1183
4615,1343,1344
4615,1384,1385
4616,1343,1344
4616,1367,1368
4616,1384,1385
4616,1431,1432
4617,1100,1101
4617,1182,1183
4617,1343,1344
4617,1386,1387
4618,1182,1183
4618,1332,1333
4618,1343,1344
4618,1386,1387
4619,1485,1486
4619,1603,1604
4619,1619,1620
4619,1646,1647
4620,1274,1275
4620,1301,1302
4620,1485,1486
4620,1619,1620
4621,1482,1483
4621,1485,1486
4621,1603,1604
4621,1619,1620
4622,1274,1275
4622,1482,1483
4622,1485,1486
4622,1619,1620
4623,1326,1327
4623,1482,1483
4623,1485,1486
4623,1603,1604
4624,1301,1302
4624,1485,1486
4624,1619,1620
4624,1646,1647
4625,1326,1327
4625,1485,1486
4625,1603,1604
4625,1614,1615
4626,1274,1275
4626,1482,1483
4626,1570,1571
4626,1619,1620
4627,1474,1475
4627,1570,1571
4627,1599,1600
4627,1619,1620
4628,1482,1483
4628,1509,1510
4628,1570,1571
4628,1599,1600
4629,1274,1275
4629,1482,1483
4629,1526,1527
4629,1570,1571
4630,1482,1483
4630,1509,1510
4630,1526,1527
4630,1570,1571
4631,1482,1483
4631,1570,1571
4631,1599,1600
4631,1603,1604
4632,1482,1483
4632,1570,1571
4632,1603,1604
4632,1619,1620
4633,1570,1571
4633,1599,1600
4633,1603,1604
4633,1619,1620
4634,1474,1475
4634,1570,1571
4634,1684,1685
4634,1826,1827
4635,1474,1475
4635,1570,1571
4635,1634,1635
4635,1826,1827
4636,1474,1475
4636,1570,1571
4636,1619,1620
4636,1634,1635
4637,1474,1475
4637,1570,1571
4637,1599,1600
4637,1684,1685
4638,1509,1510
4638,1570,1571
4638,1599,1600
4638,1684,1685
4639,1274,1275
4639,1390,1391
4639,1570,1571
4639,1826,1827
4640,1390,1391
4640,1526,1527
4640,1570,1571
4640,1826,1827
4641,1274,1275
4641,1390,1391
4641,1526,1527
4641,1570,1571
4642,1570,1571
4642,1649,1650
4642,1684,1685
4642,1826,1827
4643,1526,1527
4643,1570,1571
4643,1649,1650
4643,1826,1827
4644,1509,1510
4644,1570,1571
4644,1649,1650
4644,1684,1685
4645,1509,1510
4645,1526,1527
4645,1570,1571
4645,1649,1650
4646,1592,1593
4646,1634,1635
4646,1648,1649
4646,1805,1806
4647,1592,1593
4647,1634,1635
4647,1805,1806
4647,1828,1829
4648,1546,1547
4648,1592,1593
4648,1634,1635
4648,1828,1829
4649,1537,1538
4649,1546,1547
4649,1592,1593
4649,1634,1635
4650,1274,1275
4650,1537,1538
4650,1580,1581
4650,1592,1593
4651,1274,1275
4651,1301,1302
4651,1475,1476
4651,1592,1593
4652,1274,1275
4652,1475,1476
4652,1580,1581
4652,1592,1593
4653,1301,1302
4653,1592,1593
4653,1619,1620
4653,1648,1649
4654,1592,1593
4654,1619,1620
4654,1634,1635
4654,1648,1649
4655,1274,1275
4655,1301,1302
4655,1592,1593
4655,1619,1620
4656,1537,1538
4656,1592,1593
4656,1634,1635
4656,1826,1827
4657,1274,1275
4657,1537,1538
4657,1592,1593
4657,1826,1827
4658,1570,1571
4658,1592,1593
4658,1634,1635
4658,1826,1827
4659,1570,1571
4659,1592,1593
4659,1619,1620
4659,1634,1635
4660,1274,1275
4660,1570,1571
4660,1592,1593
4660,1826,1827
4661,1274,1275
4661,1570,1571
4661,1592,1593
4661,1619,1620
4662,664,665
4662,746,747
4662,806,807
4662,920,921
4663,664,665
4663,746,747
4663,841,842
4663,920,921
4664,664,665
4664,746,747
4664,796,797
4664,841,842
4665,664,665
4665,796,797
4665,841,842
4665,989,990
4666,643,644
4666,664,665
4666,754,755
4666,806,807
4667,643,644
4667,664,665
4667,806,807
4667,920,921
4668,664,665
4668,754,755
4668,796,797
4668,996,997
4669,664,665
4669,796,797
4669,989,990
4669,996,997
4670,664,665
4670,717,718
4670,949,950
4670,989,990
4671,664,665
4671,717,718
4671,841,842
4671,989,990
4672,664,665
4672,841,842
4672,920,921
4672,984,985
4673,643,644
4673,664,665
4673,754,755
4673,770,771
4674,664,665
4674,754,755
4674,770,771
4674,996,997
4675,664,665
4675,949,950
4675,989,990
4675,996,997
4676,643,644
4676,664,665
4676,949,950
4676,984,985
4677,643,644
4677,664,665
4677,920,921
4677,984,985
4678,664,665
4678,717,718
4678,949,950
4678,984,985
4679,664,665
4679,717,718
4679,841,842
4679,984,985
4680,643,644
4680,664,665
4680,770,771
4680,949,950
4681,664,665
4681,770,771
4681,949,950
4681,996,997
4682,493,494
4682,633,634
4682,772,773
4682,792,793
4683,633,634
4683,667,668
4683,772,773
4683,792,793
4684,493,494
4684,633,634
4684,667,668
4684,792,793
4685,630,631
4685,633,634
4685,667,668
4685,772,773
4686,630,631
4686,633,634
4686,661,662
4686,772,773
4687,493,494
4687,633,634
4687,661,662
4687,772,773
4688,404,405
4688,630,631
4688,633,634
4688,661,662
4689,404,405
4689,493,494
4689,633,634
4689,661,662
4690,630,631
4690,633,634
4690,667,668
4690,690,691
4691,404,405
4691,630,631
4691,633,634
4691,690,691
4692,658,659
4692,792,793
4692,812,813
4692,889,890
4693,812,813
4693,825,826
4693,914,915
4693,1003,1004
4694,658,659
4694,742,743
4694,812,813
4694,889,890
4695,658,659
4695,742,743
4695,812,813
4695,1003,1004
4696,658,659
4696,812,813
4696,914,915
4696,1003,1004
4697,493,494
4697,792,793
4697,812,813
4697,914,915
4698,658,659
4698,663,664
4698,812,813
4698,914,915
4699,658,659
4699,663,664
4699,792,793
4699,812,813
4700,663,664
4700,792,793
4700,812,813
4700,914,915
4701,633,634
4701,667,668
4701,690,691
4701,902,903
4702,689,690
4702,896,897
4702,902,903
4702,941,942
4703,1671,1672
4703,1808,1809
4703,1836,1837
4703,1846,1847
4704,1671,1672
4704,1697,1698
4704,1808,1809
4704,1836,1837
4705,1678,1679
4705,1836,1837
4705,1840,1841
4705,1846,1847
4706,1671,1672
4706,1678,1679
4706,1836,1837
4706,1846,1847
4707,1671,1672
4707,1678,1679
4707,1836,1837
4707,1840,1841
4708,1548,1549
4708,1650,1651
4708,1697,1698
4708,1836,1837
4709,1650,1651
4709,1671,1672
4709,1697,1698
4709,1836,1837
4710,1627,1628
4710,1820,1821
4710,1836,1837
4710,1840,1841
4711,1671,1672
4711,1820,1821
4711,1836,1837
4711,1840,1841
4712,1627,1628
4712,1671,1672
4712,1820,1821
4712,1836,1837
4713,1548,1549
4713,1627,1628
4713,1650,1651
4713,1836,1837
4714,1627,1628
4714,1650,1651
4714,1671,1672
4714,1836,1837
4715,642,643
4715,742,743
4715,812,813
4715,889,890
4716,642,643
4716,792,793
4716,812,813
4716,889,890
4717,642,643
4717,667,668
4717,792,793
4717,812,813
4718,642,643
4718,772,773
4718,792,793
4718,889,890
4719,642,643
4719,667,668
4719,772,773
4719,792,793
4720,629,630
4720,818,819
4720,875,876
4720,1199,1200
4721,867,868
4721,879,880
4721,1148,1149
4721,1186,1187
4722,867,868
4722,879,880
4722,1130,1131
4722,1148,1149
4723,867,868
4723,879,880
4723,897,898
4723,1186,1187
4724,867,868
4724,879,880
4724,897,898
4724,1130,1131
4725,879,880
4725,954,955
4725,1148,1149
4725,1186,1187
4726,879,880
4726,897,898
4726,1186,1187
4726,1194,1195
4727,879,880
4727,954,955
4727,1186,1187
4727,1194,1195
4728,879,880
4728,909,910
4728,954,955
4728,1148,1149
4729,879,880
4729,909,910
4729,1130,1131
4729,1148,1149
4730,879,880
4730,897,898
4730,951,952
4730,1194,1195
4731,831,832
4731,879,880
4731,909,910
4731,1130,1131
4732,831,832
4732,879,880
4732,956,957
4732,1130,1131
4733,879,880
4733,933,934
4733,951,952
4733,1194,1195
4734,879,880
4734,954,955
4734,963,964
4734,1194,1195
4735,879,880
4735,933,934
4735,963,964
4735,1194,1195
4736,825,826
4736,933,934
4736,951,952
4736,1015,1016
4737,879,880
4737,933,934
4737,951,952
4737,1015,1016
4738,831,832
4738,879,880
4738,951,952
4738,1015,1016
4739,786,787
4739,825,826
4739,951,952
4739,1015,1016
4740,786,787
4740,825,826
4740,1009,1010
4740,1015,1016
4741,956,957
4741,969,970
4741,977,978
4741,1130,1131
4742,814,815
4742,956,957
4742,969,970
4742,977,978
4743,814,815
4743,829,830
4743,969,970
4743,977,978
4744,831,832
4744,956,957
4744,977,978
4744,1130,1131
4745,814,815
4745,831,832
4745,956,957
4745,977,978
4746,831,832
4746,909,910
4746,977,978
4746,1130,1131
4747,969,970
4747,977,978
4747,1035,1036
4747,1124,1125
4748,935,936
4748,969,970
4748,977,978
4748,1124,1125
4749,860,861
4749,935,936
4749,977,978
4749,1124,1125
4750,829,830
4750,935,936
4750,969,970
4750,977,978
4751,829,830
4751,860,861
4751,935,936
4751,977,978
4752,909,910
4752,977,978
4752,1130,1131
4752,1148,1149
4753,831,832
4753,909,910
4753,934,935
4753,977,978
4754,860,861
4754,909,910
4754,934,935
4754,977,978
4755,689,690
4755,831,832
4755,934,935
4755,977,978
4756,689,690
4756,814,815
4756,831,832
4756,977,978
4757,964,965
4757,969,970
4757,977,978
4757,1035,1036
4758,964,965
4758,969,970
4758,977,978
4758,1130,1131
4759,977,978
4759,1035,1036
4759,1124,1125
4759,1148,1149
4760,909,910
4760,977,978
4760,1124,1125
4760,1148,1149
4761,860,861
4761,909,910
4761,977,978
4761,1124,1125
4762,964,965
4762,977,978
4762,1035,1036
4762,1148,1149
4763,964,965
4763,977,978
4763,1130,1131
4763,1148,1149
4764,738,739
4764,823,824
4764,931,932
4764,1025,1026
4765,708,709
4765,814,815
4765,829,830
4765,1025,1026
4766,814,815
4766,823,824
4766,829,830
4766,1025,1026
4767,654,655
4767,738,739
4767,823,824
4767,1025,1026
4768,823,824
4768,935,936
4768,1025,1026
4768,1149,1150
4769,654,655
4769,708,709
4769,814,815
4769,1025,1026
4770,654,655
4770,814,815
4770,823,824
4770,1025,1026
4771,931,932
4771,1025,1026
4771,1120,1121
4771,1149,1150
4772,823,824
4772,1025,1026
4772,1120,1121
4772,1149,1150
4773,823,824
4773,931,932
4773,1025,1026
4773,1120,1121
4774,829,830
4774,935,936
4774,969,970
4774,1025,1026
4775,823,824
4775,829,830
4775,969,970
4775,1025,1026
4776,823,824
4776,935,936
4776,969,970
4776,1025,1026
4777,417,418
4777,670,671
4777,706,707
4777,784,785
4778,417,418
4778,706,707
4778,784,785
4778,800,801
4779,417,418
4779,706,707
4779,715,716
4779,800,801
4780,501,502
4780,670,671
4780,706,707
4780,784,785
4781,501,502
4781,670,671
4781,706,707
4781,788,789
4782,417,418
4782,715,716
4782,745,746
4782,800,801
4783,638,639
4783,668,669
4783,745,746
4783,799,800
4784,745,746
4784,799,800
4784,1009,1010
4784,1017,1018
4785,459,460
4785,479,480
4785,487,488
4785,532,533
4786,224,225
4786,459,460
4786,479,480
4786,487,488
4787,474,475
4787,479,480
4787,487,488
4787,532,533
4788,224,225
4788,474,475
4788,479,480
4788,487,488
4789,224,225
4789,474,475
4789,479,480
4789,609,610
4790,224,225
4790,306,307
4790,459,460
4790,490,491
4791,224,225
4791,332,333
4791,490,491
4791,609,610
4792,224,225
4792,306,307
4792,332,333
4792,490,491
4793,224,225
4793,479,480
4793,490,491
4793,609,610
4794,224,225
4794,459,460
4794,479,480
4794,490,491
4795,303,304
4795,332,333
4795,490,491
4795,609,610
4796,303,304
4796,306,307
4796,332,333
4796,490,491
4797,303,304
4797,306,307
4797,375,376
4797,490,491
4798,479,480
4798,490,491
4798,600,601
4798,753,754
4799,306,307
4799,355,356
4799,375,376
4799,490,491
4800,306,307
4800,355,356
4800,459,460
4800,490,491
4801,459,460
4801,479,480
4801,490,491
4801,600,601
4802,303,304
4802,375,376
4802,490,491
4802,557,558
4803,452,453
4803,473,474
4803,614,615
4803,640,641
4804,452,453
4804,614,615
4804,640,641
4804,1016,1017
4805,473,474
4805,614,615
4805,640,641
4805,1016,1017
4806,452,453
4806,469,470
4806,473,474
4806,614,615
4807,469,470
4807,473,474
4807,614,615
4807,741,742
4808,473,474
4808,614,615
4808,741,742
4808,948,949
4809,473,474
4809,614,615
4809,948,949
4809,1016,1017
4810,452,453
4810,469,470
4810,517,518
4810,614,615
4811,469,470
4811,517,518
4811,614,615
4811,741,742
4812,614,615
4812,741,742
4812,885,886
4812,948,949
4813,614,615
4813,885,886
4813,948,949
4813,1016,1017
4814,517,518
4814,614,615
4814,741,742
4814,802,803
4815,401,402
4815,517,518
4815,614,615
4815,802,803
4816,614,615
4816,832,833
4816,885,886
4816,1016,1017
4817,614,615
4817,741,742
4817,802,803
4817,885,886
4818,401,402
4818,614,615
4818,802,803
4818,885,886
4819,401,402
4819,614,615
4819,832,833
4819,885,886
4820,652,653
4820,728,729
4820,948,949
4820,1016,1017
4821,648,649
4821,652,653
4821,728,729
4821,948,949
4822,648,649
4822,728,729
4822,738,739
4822,917,918
4823,648,649
4823,652,653
4823,728,729
4823,917,918
4824,728,729
4824,738,739
4824,917,918
4824,931,932
4825,652,653
4825,728,729
4825,832,833
4825,1016,1017
4826,652,653
4826,725,726
4826,728,729
4826,917,918
4827,652,653
4827,725,726
4827,728,729
4827,832,833
4828,1248,1249
4828,1415,1416
4828,1477,1478
4828,1513,1514
4829,1248,1249
4829,1477,1478
4829,1513,1514
4829,1569,1570
4830,1248,1249
4830,1513,1514
4830,1514,1515
4830,1569,1570
4831,1477,1478
4831,1513,1514
4831,1514,1515
4831,1569,1570
4832,1236,1237
4832,1461,1462
4832,1499,1500
4832,1529,1530
4833,1236,1237
4833,1461,1462
4833,1499,1500
4833,1525,1526
4834,1236,1237
4834,1461,1462
4834,1525,1526
4834,1567,1568
4835,1236,1237
4835,1499,1500
4835,1525,1526
4835,1655,1656
4836,1236,1237
4836,1525,1526
4836,1567,1568
4836,1655,1656
4837,1236,1237
4837,1499,1500
4837,1586,1587
4837,1655,1656
4838,1236,1237
4838,1477,1478
4838,1512,1513
4838,1567,1568
4839,1236,1237
4839,1512,1513
4839,1582,1583
4839,1656,1657
4840,1236,1237
4840,1477,1478
4840,1512,1513
4840,1582,1583
4841,1236,1237
4841,1458,1459
4841,1512,1513
4841,1571,1572
4842,1236,1237
4842,1458,1459
4842,1512,1513
4842,1567,1568
4843,1236,1237
4843,1512,1513
4843,1571,1572
4843,1656,1657
4844,1236,1237
4844,1458,1459
4844,1571,1572
4844,1655,1656
4845,1236,1237
4845,1458,1459
4845,1567,1568
4845,1655,1656
4846,1236,1237
4846,1477,1478
4846,1582,1583
4846,1631,1632
4847,1236,1237
4847,1477,1478
4847,1529,1530
4847,1631,1632
4848,1236,1237
4848,1529,1530
4848,1582,1583
4848,1631,1632
4849,1236,1237
4849,1571,1572
4849,1586,1587
4849,1655,1656
4850,1236,1237
4850,1571,1572
4850,1586,1587
4850,1656,1657
4851,1403,1404
4851,1437,1438
4851,1491,1492
4851,1629,1630
4852,1437,1438
4852,1491,1492
4852,1594,1595
4852,1629,1630
4853,1403,1404
4853,1491,1492
4853,1562,1563
4853,1629,1630
4854,1403,1404
4854,1491,1492
4854,1542,1543
4854,1549,1550
4855,1403,1404
4855,1437,1438
4855,1491,1492
4855,1549,1550
4856,1403,1404
4856,1491,1492
4856,1562,1563
4856,1794,1795
4857,1491,1492
4857,1568,1569
4857,1585,1586
4857,1794,1795
4858,1491,1492
4858,1562,1563
4858,1568,1569
4858,1794,1795
4859,1365,1366
4859,1403,1404
4859,1491,1492
4859,1794,1795
4860,1365,1366
4860,1403,1404
4860,1491,1492
4860,1542,1543
4861,1365,1366
4861,1491,1492
4861,1542,1543
4861,1794,1795
4862,1491,1492
4862,1585,1586
4862,1632,1633
4862,1794,1795
4863,1491,1492
4863,1542,1543
4863,1632,1633
4863,1794,1795
4864,1491,1492
4864,1585,1586
4864,1632,1633
4864,1798,1799
4865,1491,1492
4865,1542,1543
4865,1632,1633
4865,1798,1799
4866,1448,1449
4866,1465,1466
4866,1599,1600
4866,1839,1840
4867,1448,1449
4867,1465,1466
4867,1509,1510
4867,1599,1600
4868,1448,1449
4868,1509,1510
4868,1599,1600
4868,1684,1685
4869,1448,1449
4869,1465,1466
4869,1509,1510
4869,1629,1630
4870,1448,1449
4870,1509,1510
4870,1562,1563
4870,1684,1685
4871,1448,1449
4871,1509,1510
4871,1562,1563
4871,1629,1630
4872,1448,1449
4872,1465,1466
4872,1629,1630
4872,1838,1839
4873,1448,1449
4873,1562,1563
4873,1568,1569
4873,1684,1685
4874,1448,1449
4874,1465,1466
4874,1515,1516
4874,1839,1840
4875,1448,1449
4875,1465,1466
4875,1515,1516
4875,1838,1839
4876,1452,1453
4876,1474,1475
4876,1634,1635
4876,1687,1688
4877,1452,1453
4877,1474,1475
4877,1563,1564
4877,1687,1688
4878,1452,1453
4878,1634,1635
4878,1687,1688
4878,1805,1806
4879,1634,1635
4879,1687,1688
4879,1805,1806
4879,1828,1829
4880,1687,1688
4880,1763,1764
4880,1805,1806
4880,1828,1829
4881,1452,1453
4881,1687,1688
4881,1724,1725
4881,1778,1779
4882,1687,1688
4882,1763,1764
4882,1766,1767
4882,1805,1806
4883,1454,1455
4883,1698,1699
4883,1702,1703
4883,1752,1753
4884,1698,1699
4884,1702,1703
4884,1752,1753
4884,1773,1774
4885,1454,1455
4885,1698,1699
4885,1743,1744
4885,1747,1748
4886,1454,1455
4886,1698,1699
4886,1743,1744
4886,1752,1753
4887,1692,1693
4887,1698,1699
4887,1743,1744
4887,1747,1748
4888,1676,1677
4888,1741,1742
4888,1773,1774
4888,1835,1836
4889,1682,1683
4889,1730,1731
4889,1832,1833
4889,1849,1850
4890,1682,1683
4890,1730,1731
4890,1752,1753
4890,1849,1850
4891,1730,1731
4891,1832,1833
4891,1835,1836
4891,1849,1850
4892,1682,1683
4892,1725,1726
4892,1730,1731
4892,1832,1833
4893,1730,1731
4893,1773,1774
4893,1835,1836
4893,1849,1850
4894,1682,1683
4894,1725,1726
4894,1730,1731
4894,1772,1773
4895,1682,1683
4895,1730,1731
4895,1752,1753
4895,1772,1773
4896,1725,1726
4896,1730,1731
4896,1752,1753
4896,1772,1773
4897,1679,1680
4897,1730,1731
4897,1832,1833
4897,1835,1836
4898,1730,1731
4898,1741,1742
4898,1773,1774
4898,1835,1836
4899,1702,1703
4899,1730,1731
4899,1773,1774
4899,1849,1850
4900,1702,1703
4900,1730,1731
4900,1752,1753
4900,1849,1850
4901,1702,1703
4901,1730,1731
4901,1752,1753
4901,1773,1774
4902,1679,1680
4902,1725,1726
4902,1730,1731
4902,1832,1833
4903,1698,1699
4903,1730,1731
4903,1752,1753
4903,1773,1774
4904,1698,1699
4904,1730,1731
4904,1741,1742
4904,1773,1774
4905,1698,1699
4905,1730,1731
4905,1741,1742
4905,1752,1753
4906,1712,1713
4906,1725,1726
4906,1730,1731
4906,1825,1826
4907,1712,1713
4907,1730,1731
4907,1752,1753
4907,1825,1826
4908,1725,1726
4908,1730,1731
4908,1752,1753
4908,1825,1826
4909,1135,1136
4909,1216,1217
4909,1292,1293
4909,1376,1377
4910,1109,1110
4910,1216,1217
4910,1292,1293
4910,1376,1377
4911,1116,1117
4911,1135,1136
4911,1216,1217
4911,1292,1293
4912,1135,1136
4912,1292,1293
4912,1427,1428
4912,1435,1436
4913,1116,1117
4913,1135,1136
4913,1292,1293
4913,1427,1428
4914,1140,1141
4914,1292,1293
4914,1427,1428
4914,1435,1436
4915,1140,1141
4915,1239,1240
4915,1292,1293
4915,1435,1436
4916,1085,1086
4916,1246,1247
4916,1292,1293
4916,1427,1428
4917,1085,1086
4917,1116,1117
4917,1246,1247
4917,1292,1293
4918,1116,1117
4918,1246,1247
4918,1292,1293
4918,1427,1428
4919,1085,1086
4919,1268,1269
4919,1292,1293
4919,1427,1428
4920,1140,1141
4920,1268,1269
4920,1292,1293
4920,1427,1428
4921,1038,1039
4921,1110,1111
4921,1144,1145
4921,1178,1179
4922,1110,1111
4922,1144,1145
4922,1178,1179
4922,1239,1240
4923,1085,1086
4923,1178,1179
4923,1268,1269
4923,1292,1293
4924,1140,1141
4924,1178,1179
4924,1268,1269
4924,1292,1293
4925,1140,1141
4925,1178,1179
4925,1239,1240
4925,1292,1293
4926,1405,1406
4926,1447,1448
4926,1535,1536
4926,1584,1585
4927,1405,1406
4927,1545,1546
4927,1584,1585
4927,1617,1618
4928,1405,1406
4928,1447,1448
4928,1478,1479
4928,1584,1585
4929,1405,1406
4929,1478,1479
4929,1584,1585
4929,1617,1618
4930,1478,1479
4930,1493,1494
4930,1584,1585
4930,1617,1618
4931,1447,1448
4931,1480,1481
4931,1535,1536
4931,1584,1585
4932,1443,1444
4932,1493,1494
4932,1533,1534
4932,1584,1585
4933,1443,1444
4933,1493,1494
4933,1584,1585
4933,1605,1606
4934,1363,1364
4934,1443,1444
4934,1584,1585
4934,1605,1606
4935,1493,1494
4935,1533,1534
4935,1584,1585
4935,1617,1618
4936,1533,1534
4936,1545,1546
4936,1584,1585
4936,1617,1618
4937,1478,1479
4937,1480,1481
4937,1493,1494
4937,1584,1585
4938,1447,1448
4938,1478,1479
4938,1480,1481
4938,1584,1585
4939,1480,1481
4939,1493,1494
4939,1584,1585
4939,1605,1606
4940,1480,1481
4940,1535,1536
4940,1584,1585
4940,1677,1678
4941,1480,1481
4941,1522,1523
4941,1584,1585
4941,1605,1606
4942,1363,1364
4942,1522,1523
4942,1584,1585
4942,1605,1606
4943,1480,1481
4943,1522,1523
4943,1584,1585
4943,1677,1678
4944,1363,1364
4944,1522,1523
4944,1584,1585
4944,1677,1678
4945,833,834
4945,874,875
4945,887,888
4945,1036,1037
4946,833,834
4946,887,888
4946,1036,1037
4946,1187,1188
4947,874,875
4947,887,888
4947,1036,1037
4947,1187,1188
4948,861,862
4948,874,875
4948,1036,1037
4948,1187,1188
4949,861,862
4949,1036,1037
4949,1187,1188
4949,1210,1211
4950,833,834
4950,1036,1037
4950,1187,1188
4950,1210,1211
4951,861,862
4951,874,875
4951,893,894
4951,1036,1037
4952,833,834
4952,939,940
4952,1036,1037
4952,1210,1211
4953,861,862
4953,946,947
4953,1036,1037
4953,1210,1211
4954,939,940
4954,946,947
4954,1036,1037
4954,1210,1211
4955,833,834
4955,939,940
4955,1036,1037
4955,1097,1098
4956,939,940
4956,1014,1015
4956,1036,1037
4956,1097,1098
4957,861,862
4957,893,894
4957,1036,1037
4957,1071,1072
4958,861,862
4958,946,947
4958,1036,1037
4958,1071,1072
4959,939,940
4959,946,947
4959,1036,1037
4959,1071,1072
4960,893,894
4960,1014,1015
4960,1036,1037
4960,1071,1072
4961,939,940
4961,1014,1015
4961,1036,1037
4961,1071,1072
4962,874,875
4962,884,885
4962,893,894
4962,1036,1037
4963,884,885
4963,893,894
4963,1014,1015
4963,1036,1037
4964,833,834
4964,874,875
4964,884,885
4964,1036,1037
4965,833,834
4965,884,885
4965,1036,1037
4965,1097,1098
4966,884,885
4966,1014,1015
4966,1036,1037
4966,1097,1098
4967,946,947
4967,1058,1059
4967,1210,1211
4967,1341,1342
4968,1058,1059
4968,1095,1096
4968,1210,1211
4968,1341,1342
4969,939,940
4969,946,947
4969,1058,1059
4969,1210,1211
4970,939,940
4970,1058,1059
4970,1095,1096
4970,1210,1211
4971,922,923
4971,946,947
4971,1071,1072
4971,1181,1182
4972,903,904
4972,1023,1024
4972,1071,1072
4972,1181,1182
4973,922,923
4973,1023,1024
4973,1071,1072
4973,1181,1182
4974,903,904
4974,922,923
4974,1023,1024
4974,1181,1182
4975,903,904
4975,944,945
4975,1071,1072
4975,1181,1182
4976,939,940
4976,946,947
4976,1071,1072
4976,1181,1182
4977,939,940
4977,946,947
4977,1058,1059
4977,1181,1182
4978,939,940
4978,944,945
4978,1071,1072
4978,1181,1182
4979,939,940
4979,944,945
4979,1058,1059
4979,1181,1182
4980,922,923
4980,946,947
4980,1029,1030
4980,1197,1198
4981,959,960
4981,1029,1030
4981,1197,1198
4981,1353,1354
4982,922,923
4982,959,960
4982,1029,1030
4982,1197,1198
4983,943,944
4983,1029,1030
4983,1099,1100
4983,1193,1194
4984,922,923
4984,959,960
4984,1029,1030
4984,1219,1220
4985,943,944
4985,1029,1030
4985,1099,1100
4985,1219,1220
4986,922,923
4986,1029,1030
4986,1099,1100
4986,1219,1220
4987,856,857
4987,971,972
4987,1088,1089
4987,1103,1104
4988,971,972
4988,1088,1089
4988,1097,1098
4988,1103,1104
4989,833,834
4989,835,836
4989,1103,1104
4989,1209,1210
4990,835,836
4990,1103,1104
4990,1164,1165
4990,1209,1210
4991,833,834
4991,835,836
4991,1020,1021
4991,1103,1104
4992,835,836
4992,1020,1021
4992,1103,1104
4992,1164,1165
4993,856,857
4993,867,868
4993,971,972
4993,1103,1104
4994,867,868
4994,971,972
4994,1020,1021
4994,1103,1104
4995,856,857
4995,867,868
4995,1103,1104
4995,1164,1165
4996,867,868
4996,1020,1021
4996,1103,1104
4996,1164,1165
4997,826,827
4997,971,972
4997,1020,1021
4997,1103,1104
4998,826,827
4998,971,972
4998,1097,1098
4998,1103,1104
4999,833,834
4999,857,858
4999,1020,1021
4999,1103,1104
5000,826,827
5000,857,858
5000,1020,1021
5000,1103,1104
5001,833,834
5001,857,858
5001,1097,1098
5001,1103,1104
5002,826,827
5002,857,858
5002,1097,1098
5002,1103,1104
5003,852,853
5003,1058,1059
5003,1095,1096
5003,1102,1103
5004,852,853
5004,939,940
5004,1058,1059
5004,1095,1096
5005,852,853
5005,1095,1096
5005,1102,1103
5005,1171,1172
5006,852,853
5006,1095,1096
5006,1171,1172
5006,1209,1210
5007,852,853
5007,939,940
5007,1095,1096
5007,1210,1211
5008,852,853
5008,1095,1096
5008,1209,1210
5008,1210,1211
5009,833,834
5009,852,853
5009,939,940
5009,1210,1211
5010,833,834
5010,852,853
5010,1209,1210
5010,1210,1211
5011,852,853
5011,939,940
5011,1088,1089
5011,1097,1098
5012,852,853
5012,1088,1089
5012,1097,1098
5012,1103,1104
5013,833,834
5013,852,853
5013,1103,1104
5013,1209,1210
5014,852,853
5014,1164,1165
5014,1171,1172
5014,1209,1210
5015,852,853
5015,1103,1104
5015,1164,1165
5015,1209,1210
5016,852,853
5016,880,881
5016,1102,1103
5016,1171,1172
5017,833,834
5017,852,853
5017,939,940
5017,1097,1098
5018,833,834
5018,852,853
5018,1097,1098
5018,1103,1104
5019,852,853
5019,856,857
5019,1164,1165
5019,1171,1172
5020,852,853
5020,856,857
5020,1103,1104
5020,1164,1165
5021,852,853
5021,856,857
5021,880,881
5021,1171,1172
5022,852,853
5022,856,857
5022,880,881
5022,1088,1089
5023,852,853
5023,856,857
5023,1088,1089
5023,1103,1104
5024,1095,1096
5024,1118,1119
5024,1144,1145
5024,1341,1342
5025,1038,1039
5025,1095,1096
5025,1118,1119
5025,1144,1145
5026,1006,1007
5026,1044,1045
5026,1122,1123
5026,1183,1184
5027,1006,1007
5027,1044,1045
5027,1075,1076
5027,1183,1184
5028,1006,1007
5028,1075,1076
5028,1087,1088
5028,1183,1184
5029,835,836
5029,1044,1045
5029,1122,1123
5029,1183,1184
5030,1006,1007
5030,1086,1087
5030,1122,1123
5030,1183,1184
5031,1006,1007
5031,1086,1087
5031,1087,1088
5031,1183,1184
5032,1044,1045
5032,1050,1051
5032,1183,1184
5032,1209,1210
5033,835,836
5033,1050,1051
5033,1183,1184
5033,1209,1210
5034,835,836
5034,1044,1045
5034,1183,1184
5034,1209,1210
5035,1044,1045
5035,1050,1051
5035,1144,1145
5035,1183,1184
5036,1044,1045
5036,1075,1076
5036,1144,1145
5036,1183,1184
5037,835,836
5037,848,849
5037,1050,1051
5037,1183,1184
5038,835,836
5038,848,849
5038,1122,1123
5038,1183,1184
5039,848,849
5039,1086,1087
5039,1120,1121
5039,1183,1184
5040,848,849
5040,1120,1121
5040,1122,1123
5040,1183,1184
5041,1086,1087
5041,1120,1121
5041,1122,1123
5041,1183,1184
5042,848,849
5042,1050,1051
5042,1109,1110
5042,1183,1184
5043,848,849
5043,1061,1062
5043,1086,1087
5043,1183,1184
5044,848,849
5044,1061,1062
5044,1109,1110
5044,1183,1184
5045,1061,1062
5045,1086,1087
5045,1087,1088
5045,1183,1184
5046,1061,1062
5046,1087,1088
5046,1109,1110
5046,1183,1184
5047,226,227
5047,256,257
5047,270,271
5047,291,292
5048,200,201
5048,226,227
5048,291,292
5048,299,300
5049,226,227
5049,256,257
5049,299,300
5049,320,321
5050,226,227
5050,256,257
5050,291,292
5050,299,300
5051,192,193
5051,226,227
5051,299,300
5051,320,321
5052,143,144
5052,192,193
5052,200,201
5052,226,227
5053,143,144
5053,145,146
5053,192,193
5053,226,227
5054,200,201
5054,214,215
5054,226,227
5054,299,300
5055,192,193
5055,200,201
5055,214,215
5055,226,227
5056,192,193
5056,214,215
5056,226,227
5056,299,300
5057,293,294
5057,296,297
5057,339,340
5057,566,567
5058,293,294
5058,339,340
5058,539,540
5058,566,567
5059,293,294
5059,339,340
5059,406,407
5059,539,540
5060,181,182
5060,339,340
5060,406,407
5060,539,540
5061,41,42
5061,143,144
5061,379,380
5061,381,382
5062,143,144
5062,145,146
5062,379,380
5062,381,382
5063,41,42
5063,239,240
5063,379,380
5063,381,382
5064,41,42
5064,110,111
5064,143,144
5064,381,382
5065,41,42
5065,165,166
5065,239,240
5065,381,382
5066,41,42
5066,110,111
5066,165,166
5066,381,382
5067,81,82
5067,165,166
5067,239,240
5067,381,382
5068,0,1
5068,81,82
5068,165,166
5068,381,382
5069,0,1
5069,110,111
5069,165,166
5069,381,382
5070,200,201
5070,291,292
5070,324,325
5070,476,477
5071,291,292
5071,324,325
5071,386,387
5071,476,477
5072,64,65
5072,118,119
5072,223,224
5072,324,325
5073,118,119
5073,223,224
5073,324,325
5073,476,477
5074,64,65
5074,223,224
5074,324,325
5074,386,387
5075,223,224
5075,324,325
5075,386,387
5075,476,477
5076,64,65
5076,72,73
5076,118,119
5076,324,325
5077,12,13
5077,86,87
5077,98,99
5077,376,377
5078,72,73
5078,86,87
5078,98,99
5078,376,377
5079,12,13
5079,67,68
5079,98,99
5079,376,377
5080,118,119
5080,169,170
5080,311,312
5080,338,339
5081,88,89
5081,169,170
5081,311,312
5081,338,339
5082,69,70
5082,88,89
5082,169,170
5082,311,312
5083,72,73
5083,311,312
5083,338,339
5083,376,377
5084,72,73
5084,98,99
5084,311,312
5084,376,377
5085,1380,1381
5085,1385,1386
5085,1397,1398
5085,1618,1619
5086,1385,1386
5086,1397,1398
5086,1575,1576
5086,1618,1619
5087,1380,1381
5087,1397,1398
5087,1441,1442
5087,1618,1619
5088,1397,1398
5088,1441,1442
5088,1575,1576
5088,1618,1619
5089,1304,1305
5089,1441,1442
5089,1575,1576
5089,1618,1619
5090,1385,1386
5090,1504,1505
5090,1575,1576
5090,1618,1619
5091,1247,1248
5091,1305,1306
5091,1385,1386
5091,1618,1619
5092,1305,1306
5092,1380,1381
5092,1385,1386
5092,1618,1619
5093,1304,1305
5093,1460,1461
5093,1545,1546
5093,1618,1619
5094,1446,1447
5094,1542,1543
5094,1549,1550
5094,1847,1848
5095,1446,1447
5095,1549,1550
5095,1575,1576
5095,1847,1848
5096,1491,1492
5096,1542,1543
5096,1549,1550
5096,1847,1848
5097,1437,1438
5097,1549,1550
5097,1575,1576
5097,1847,1848
5098,1446,1447
5098,1510,1511
5098,1542,1543
5098,1847,1848
5099,1510,1511
5099,1542,1543
5099,1798,1799
5099,1847,1848
5100,1491,1492
5100,1542,1543
5100,1798,1799
5100,1847,1848
5101,1491,1492
5101,1594,1595
5101,1798,1799
5101,1847,1848
5102,1594,1595
5102,1677,1678
5102,1798,1799
5102,1847,1848
5103,1437,1438
5103,1491,1492
5103,1549,1550
5103,1847,1848
5104,1437,1438
5104,1491,1492
5104,1594,1595
5104,1847,1848
5105,1437,1438
5105,1504,1505
5105,1594,1595
5105,1847,1848
5106,1437,1438
5106,1504,1505
5106,1575,1576
5106,1847,1848
5107,1510,1511
5107,1677,1678
5107,1798,1799
5107,1847,1848
5108,1504,1505
5108,1594,1595
5108,1677,1678
5108,1847,1848
5109,1363,1364
5109,1510,1511
5109,1677,1678
5109,1847,1848
5110,1363,1364
5110,1446,1447
5110,1510,1511
5110,1847,1848
5111,1363,1364
5111,1446,1447
5111,1575,1576
5111,1847,1848
5112,1363,1364
5112,1504,1505
5112,1677,1678
5112,1847,1848
5113,1363,1364
5113,1504,1505
5113,1575,1576
5113,1847,1848
5114,28,29
5114,31,32
5114,142,143
5114,349,350
5115,28,29
5115,31,32
5115,39,40
5115,142,143
5116,25,26
5116,31,32
5116,103,104
5116,142,143
5117,25,26
5117,31,32
5117,142,143
5117,292,293
5118,31,32
5118,142,143
5118,292,293
5118,349,350
5119,20,21
5119,31,32
5119,39,40
5119,142,143
5120,20,21
5120,31,32
5120,103,104
5120,142,143
5121,20,21
5121,31,32
5121,39,40
5121,103,104
5122,3,4
5122,112,113
5122,363,364
5122,366,367
5123,3,4
5123,11,12
5123,112,113
5123,363,364
5124,3,4
5124,112,113
5124,184,185
5124,366,367
5125,3,4
5125,11,12
5125,112,113
5125,184,185
5126,3,4
5126,88,89
5126,363,364
5126,366,367
5127,3,4
5127,11,12
5127,184,185
5127,348,349
5128,3,4
5128,88,89
5128,273,274
5128,366,367
5129,3,4
5129,11,12
5129,125,126
5129,363,364
5130,3,4
5130,184,185
5130,273,274
5130,366,367
5131,3,4
5131,184,185
5131,273,274
5131,348,349
5132,3,4
5132,88,89
5132,169,170
5132,338,339
5133,3,4
5133,88,89
5133,169,170
5133,273,274
5134,3,4
5134,118,119
5134,169,170
5134,338,339
5135,3,4
5135,118,119
5135,273,274
5135,348,349
5136,3,4
5136,118,119
5136,169,170
5136,273,274
5137,1675,1676
5137,1714,1715
5137,1726,1727
5137,1844,1845
5138,1675,1676
5138,1714,1715
5138,1757,1758
5138,1844,1845
5139,1675,1676
5139,1740,1741
5139,1757,1758
5139,1844,1845
5140,1740,1741
5140,1757,1758
5140,1784,1785
5140,1844,1845
5141,1486,1487
5141,1673,1674
5141,1770,1771
5141,1773,1774
5142,1486,1487
5142,1673,1674
5142,1784,1785
5142,1803,1804
5143,1673,1674
5143,1764,1765
5143,1784,1785
5143,1803,1804
5144,1673,1674
5144,1676,1677
5144,1764,1765
5144,1784,1785
5145,1486,1487
5145,1673,1674
5145,1770,1771
5145,1782,1783
5146,1486,1487
5146,1673,1674
5146,1782,1783
5146,1803,1804
5147,1673,1674
5147,1764,1765
5147,1782,1783
5147,1803,1804
5148,1673,1674
5148,1676,1677
5148,1741,1742
5148,1773,1774
5149,1673,1674
5149,1676,1677
5149,1773,1774
5149,1835,1836
5150,1487,1488
5150,1673,1674
5150,1773,1774
5150,1835,1836
5151,1487,1488
5151,1673,1674
5151,1770,1771
5151,1773,1774
5152,1487,1488
5152,1673,1674
5152,1734,1735
5152,1835,1836
5153,1487,1488
5153,1673,1674
5153,1734,1735
5153,1770,1771
5154,1611,1612
5154,1689,1690
5154,1747,1748
5154,1798,1799
5155,1594,1595
5155,1611,1612
5155,1689,1690
5155,1798,1799
5156,1585,1586
5156,1689,1690
5156,1747,1748
5156,1798,1799
5157,1594,1595
5157,1611,1612
5157,1689,1690
5157,1838,1839
5158,1491,1492
5158,1585,1586
5158,1689,1690
5158,1798,1799
5159,1491,1492
5159,1594,1595
5159,1689,1690
5159,1798,1799
5160,1491,1492
5160,1594,1595
5160,1629,1630
5160,1689,1690
5161,1568,1569
5161,1585,1586
5161,1689,1690
5161,1747,1748
5162,1594,1595
5162,1629,1630
5162,1689,1690
5162,1838,1839
5163,1491,1492
5163,1568,1569
5163,1585,1586
5163,1689,1690
5164,1491,1492
5164,1562,1563
5164,1629,1630
5164,1689,1690
5165,1491,1492
5165,1562,1563
5165,1568,1569
5165,1689,1690
5166,1448,1449
5166,1629,1630
5166,1689,1690
5166,1838,1839
5167,1448,1449
5167,1562,1563
5167,1629,1630
5167,1689,1690
5168,1448,1449
5168,1562,1563
5168,1568,1569
5168,1689,1690
5169,1503,1504
5169,1504,1505
5169,1594,1595
5169,1677,1678
5170,1503,1504
5170,1594,1595
5170,1611,1612
5170,1677,1678
5171,1503,1504
5171,1504,1505
5171,1535,1536
5171,1677,1678
5172,1503,1504
5172,1504,1505
5172,1594,1595
5172,1661,1662
5173,1503,1504
5173,1594,1595
5173,1611,1612
5173,1661,1662
5174,1503,1504
5174,1535,1536
5174,1677,1678
5174,1841,1842
5175,1503,1504
5175,1611,1612
5175,1677,1678
5175,1841,1842
5176,1247,1248
5176,1456,1457
5176,1503,1504
5176,1661,1662
5177,1247,1248
5177,1503,1504
5177,1504,1505
5177,1661,1662
5178,1456,1457
5178,1503,1504
5178,1661,1662
5178,1838,1839
5179,1456,1457
5179,1503,1504
5179,1611,1612
5179,1838,1839
5180,1503,1504
5180,1611,1612
5180,1661,1662
5180,1838,1839
5181,1450,1451
5181,1456,1457
5181,1503,1504
5181,1611,1612
5182,1450,1451
5182,1503,1504
5182,1611,1612
5182,1841,1842
5183,1699,1700
5183,1764,1765
5183,1782,1783
5183,1799,1800
5184,1673,1674
5184,1764,1765
5184,1782,1783
5184,1799,1800
5185,1577,1578
5185,1770,1771
5185,1782,1783
5185,1799,1800
5186,1673,1674
5186,1770,1771
5186,1782,1783
5186,1799,1800
5187,1673,1674
5187,1676,1677
5187,1764,1765
5187,1799,1800
5188,1577,1578
5188,1734,1735
5188,1770,1771
5188,1799,1800
5189,1673,1674
5189,1734,1735
5189,1770,1771
5189,1799,1800
5190,1676,1677
5190,1734,1735
5190,1799,1800
5190,1817,1818
5191,1676,1677
5191,1734,1735
5191,1799,1800
5191,1835,1836
5192,1673,1674
5192,1676,1677
5192,1799,1800
5192,1835,1836
5193,1673,1674
5193,1734,1735
5193,1799,1800
5193,1835,1836
5194,1690,1691
5194,1699,1700
5194,1806,1807
5194,1821,1822
5195,1690,1691
5195,1699,1700
5195,1782,1783
5195,1806,1807
5196,1699,1700
5196,1761,1762
5196,1782,1783
5196,1806,1807
5197,1500,1501
5197,1554,1555
5197,1806,1807
5197,1843,1844
5198,1500,1501
5198,1554,1555
5198,1690,1691
5198,1806,1807
5199,1500,1501
5199,1724,1725
5199,1806,1807
5199,1843,1844
5200,1724,1725
5200,1761,1762
5200,1806,1807
5200,1843,1844
5201,1554,1555
5201,1690,1691
5201,1806,1807
5201,1821,1822
5202,1733,1734
5202,1761,1762
5202,1806,1807
5202,1843,1844
5203,1699,1700
5203,1733,1734
5203,1761,1762
5203,1806,1807
5204,1699,1700
5204,1733,1734
5204,1806,1807
5204,1821,1822
5205,1554,1555
5205,1628,1629
5205,1690,1691
5205,1821,1822
5206,1699,1700
5206,1764,1765
5206,1785,1786
5206,1799,1800
5207,1724,1725
5207,1733,1734
5207,1843,1844
5207,1848,1849
5208,1667,1668
5208,1724,1725
5208,1843,1844
5208,1848,1849
5209,1733,1734
5209,1761,1762
5209,1778,1779
5209,1848,1849
5210,1724,1725
5210,1733,1734
5210,1761,1762
5210,1848,1849
5211,1724,1725
5211,1761,1762
5211,1778,1779
5211,1848,1849
5212,1452,1453
5212,1724,1725
5212,1778,1779
5212,1848,1849
5213,1452,1453
5213,1667,1668
5213,1724,1725
5213,1848,1849
5214,1452,1453
5214,1667,1668
5214,1805,1806
5214,1848,1849
5215,1452,1453
5215,1687,1688
5215,1778,1779
5215,1848,1849
5216,1452,1453
5216,1687,1688
5216,1805,1806
5216,1848,1849
5217,1486,1487
5217,1775,1776
5217,1782,1783
5217,1803,1804
5218,1761,1762
5218,1775,1776
5218,1782,1783
5218,1803,1804
5219,1500,1501
5219,1724,1725
5219,1775,1776
5219,1806,1807
5220,1724,1725
5220,1761,1762
5220,1775,1776
5220,1806,1807
5221,1486,1487
5221,1563,1564
5221,1769,1770
5221,1775,1776
5222,1500,1501
5222,1639,1640
5222,1724,1725
5222,1775,1776
5223,1563,1564
5223,1639,1640
5223,1724,1725
5223,1775,1776
5224,1500,1501
5224,1690,1691
5224,1775,1776
5224,1806,1807
5225,1500,1501
5225,1639,1640
5225,1769,1770
5225,1775,1776
5226,1563,1564
5226,1639,1640
5226,1769,1770
5226,1775,1776
5227,1690,1691
5227,1775,1776
5227,1782,1783
5227,1806,1807
5228,1761,1762
5228,1775,1776
5228,1782,1783
5228,1806,1807
5229,1679,1680
5229,1800,1801
5229,1832,1833
5229,1835,1836
5230,1679,1680
5230,1716,1717
5230,1800,1801
5230,1832,1833
5231,1679,1680
5231,1716,1717
5231,1781,1782
5231,1800,1801
5232,1676,1677
5232,1800,1801
5232,1817,1818
5232,1835,1836
5233,1734,1735
5233,1800,1801
5233,1832,1833
5233,1835,1836
5234,1734,1735
5234,1800,1801
5234,1817,1818
5234,1835,1836
5235,1706,1707
5235,1791,1792
5235,1832,1833
5235,1849,1850
5236,1706,1707
5236,1734,1735
5236,1832,1833
5236,1849,1850
5237,1706,1707
5237,1716,1717
5237,1791,1792
5237,1832,1833
5238,1706,1707
5238,1734,1735
5238,1800,1801
5238,1832,1833
5239,1706,1707
5239,1734,1735
5239,1781,1782
5239,1800,1801
5240,1706,1707
5240,1716,1717
5240,1800,1801
5240,1832,1833
5241,1706,1707
5241,1716,1717
5241,1781,1782
5241,1800,1801
5242,1706,1707
5242,1716,1717
5242,1791,1792
5242,1827,1828
5243,1706,1707
5243,1716,1717
5243,1781,1782
5243,1827,1828
5244,1438,1439
5244,1706,1707
5244,1791,1792
5244,1849,1850
5245,1438,1439
5245,1654,1655
5245,1706,1707
5245,1791,1792
5246,1487,1488
5246,1706,1707
5246,1734,1735
5246,1849,1850
5247,1664,1665
5247,1706,1707
5247,1791,1792
5247,1827,1828
5248,1654,1655
5248,1664,1665
5248,1706,1707
5248,1791,1792
5249,1654,1655
5249,1664,1665
5249,1706,1707
5249,1827,1828
5250,1438,1439
5250,1449,1450
5250,1706,1707
5250,1849,1850
5251,1438,1439
5251,1449,1450
5251,1654,1655
5251,1706,1707
5252,836,837
5252,1147,1148
5252,1151,1152
5252,1218,1219
5253,1147,1148
5253,1151,1152
5253,1189,1190
5253,1218,1219
5254,1128,1129
5254,1139,1140
5254,1189,1190
5254,1218,1219
5255,1128,1129
5255,1147,1148
5255,1189,1190
5255,1218,1219
5256,1128,1129
5256,1139,1140
5256,1218,1219
5256,1229,1230
5257,1090,1091
5257,1128,1129
5257,1147,1148
5257,1218,1219
5258,1090,1091
5258,1128,1129
5258,1218,1219
5258,1229,1230
5259,1090,1091
5259,1152,1153
5259,1218,1219
5259,1229,1230
5260,1483,1484
5260,1601,1602
5260,1641,1642
5260,1822,1823
5261,1483,1484
5261,1601,1602
5261,1614,1615
5261,1641,1642
5262,1590,1591
5262,1601,1602
5262,1603,1604
5262,1614,1615
5263,1483,1484
5263,1590,1591
5263,1601,1602
5263,1614,1615
5264,1500,1501
5264,1601,1602
5264,1608,1609
5264,1639,1640
5265,1500,1501
5265,1601,1602
5265,1633,1634
5265,1822,1823
5266,1483,1484
5266,1601,1602
5266,1756,1757
5266,1822,1823
5267,1601,1602
5267,1603,1604
5267,1639,1640
5267,1769,1770
5268,1590,1591
5268,1601,1602
5268,1603,1604
5268,1769,1770
5269,1500,1501
5269,1601,1602
5269,1639,1640
5269,1769,1770
5270,1483,1484
5270,1590,1591
5270,1601,1602
5270,1756,1757
5271,1333,1334
5271,1483,1484
5271,1614,1615
5271,1641,1642
5272,1265,1266
5272,1333,1334
5272,1389,1390
5272,1464,1465
5273,1265,1266
5273,1333,1334
5273,1342,1343
5273,1389,1390
5274,1265,1266
5274,1333,1334
5274,1342,1343
5274,1464,1465
5275,1333,1334
5275,1336,1337
5275,1389,1390
5275,1464,1465
5276,1333,1334
5276,1336,1337
5276,1464,1465
5276,1641,1642
5277,1333,1334
5277,1336,1337
5277,1389,1390
5277,1587,1588
5278,1333,1334
5278,1336,1337
5278,1587,1588
5278,1641,1642
5279,1333,1334
5279,1342,1343
5279,1614,1615
5279,1624,1625
5280,1333,1334
5280,1389,1390
5280,1393,1394
5280,1587,1588
5281,1333,1334
5281,1572,1573
5281,1587,1588
5281,1641,1642
5282,1333,1334
5282,1483,1484
5282,1572,1573
5282,1641,1642
5283,1333,1334
5283,1393,1394
5283,1559,1560
5283,1587,1588
5284,1333,1334
5284,1559,1560
5284,1572,1573
5284,1587,1588
5285,1333,1334
5285,1483,1484
5285,1559,1560
5285,1572,1573
5286,1041,1042
5286,1145,1146
5286,1252,1253
5286,1334,1335
5287,1041,1042
5287,1139,1140
5287,1145,1146
5287,1334,1335
5288,1041,1042
5288,1139,1140
5288,1145,1146
5288,1189,1190
5289,1041,1042
5289,1066,1067
5289,1145,1146
5289,1189,1190
5290,1145,1146
5290,1167,1168
5290,1252,1253
5290,1337,1338
5291,1041,1042
5291,1145,1146
5291,1252,1253
5291,1337,1338
5292,1066,1067
5292,1145,1146
5292,1167,1168
5292,1337,1338
5293,1470,1471
5293,1590,1591
5293,1597,1598
5293,1737,1738
5294,1470,1471
5294,1483,1484
5294,1590,1591
5294,1737,1738
5295,1470,1471
5295,1597,1598
5295,1612,1613
5295,1644,1645
5296,1470,1471
5296,1590,1591
5296,1597,1598
5296,1612,1613
5297,1470,1471
5297,1590,1591
5297,1612,1613
5297,1644,1645
5298,1470,1471
5298,1483,1484
5298,1590,1591
5298,1614,1615
5299,1470,1471
5299,1559,1560
5299,1597,1598
5299,1737,1738
5300,1470,1471
5300,1483,1484
5300,1559,1560
5300,1737,1738
5301,1299,1300
5301,1470,1471
5301,1597,1598
5301,1644,1645
5302,1333,1334
5302,1470,1471
5302,1483,1484
5302,1559,1560
5303,1470,1471
5303,1590,1591
5303,1591,1592
5303,1644,1645
5304,1470,1471
5304,1590,1591
5304,1591,1592
5304,1614,1615
5305,1333,1334
5305,1393,1394
5305,1470,1471
5305,1559,1560
5306,1333,1334
5306,1470,1471
5306,1614,1615
5306,1624,1625
5307,1333,1334
5307,1470,1471
5307,1483,1484
5307,1614,1615
5308,1470,1471
5308,1591,1592
5308,1624,1625
5308,1644,1645
5309,1470,1471
5309,1591,1592
5309,1614,1615
5309,1624,1625
5310,1299,1300
5310,1458,1459
5310,1470,1471
5310,1597,1598
5311,1299,1300
5311,1393,1394
5311,1458,1459
5311,1470,1471
5312,1458,1459
5312,1470,1471
5312,1559,1560
5312,1597,1598
5313,1393,1394
5313,1458,1459
5313,1470,1471
5313,1559,1560
5314,1299,1300
5314,1470,1471
5314,1502,1503
5314,1644,1645
5315,1470,1471
5315,1502,1503
5315,1624,1625
5315,1644,1645
5316,276,277
5316,300,301
5316,347,348
5316,422,423
5317,269,270
5317,276,277
5317,300,301
5317,422,423
5318,269,270
5318,276,277
5318,300,301
5318,552,553
5319,268,269
5319,276,277
5319,347,348
5319,422,423
5320,276,277
5320,300,301
5320,347,348
5320,564,565
5321,276,277
5321,300,301
5321,552,553
5321,564,565
5322,218,219
5322,276,277
5322,322,323
5322,552,553
5323,269,270
5323,276,277
5323,383,384
5323,552,553
5324,276,277
5324,322,323
5324,383,384
5324,552,553
5325,83,84
5325,269,270
5325,276,277
5325,422,423
5326,83,84
5326,268,269
5326,276,277
5326,422,423
5327,218,219
5327,276,277
5327,347,348
5327,564,565
5328,218,219
5328,276,277
5328,552,553
5328,564,565
5329,218,219
5329,246,247
5329,276,277
5329,322,323
5330,164,165
5330,269,270
5330,276,277
5330,383,384
5331,164,165
5331,276,277
5331,322,323
5331,383,384
5332,164,165
5332,246,247
5332,276,277
5332,322,323
5333,83,84
5333,164,165
5333,269,270
5333,276,277
5334,83,84
5334,164,165
5334,268,269
5334,276,277
5335,164,165
5335,268,269
5335,276,277
5335,390,391
5336,164,165
5336,246,247
5336,276,277
5336,390,391
5337,246,247
5337,268,269
5337,276,277
5337,390,391
5338,194,195
5338,290,291
5338,315,316
5338,552,553
5339,194,195
5339,315,316
5339,552,553
5339,572,573
5340,194,195
5340,277,278
5340,290,291
5340,315,316
5341,277,278
5341,290,291
5341,315,316
5341,410,411
5342,194,195
5342,249,250
5342,277,278
5342,315,316
5343,194,195
5343,249,250
5343,315,316
5343,572,573
5344,290,291
5344,315,316
5344,410,411
5344,523,524
5345,290,291
5345,315,316
5345,523,524
5345,552,553
5346,315,316
5346,523,524
5346,552,553
5346,572,573
5347,249,250
5347,277,278
5347,315,316
5347,396,397
5348,249,250
5348,315,316
5348,396,397
5348,572,573
5349,205,206
5349,315,316
5349,410,411
5349,523,524
5350,205,206
5350,315,316
5350,523,524
5350,572,573
5351,204,205
5351,277,278
5351,315,316
5351,396,397
5352,204,205
5352,277,278
5352,315,316
5352,410,411
5353,205,206
5353,315,316
5353,396,397
5353,572,573
5354,205,206
5354,315,316
5354,396,397
5354,520,521
5355,204,205
5355,315,316
5355,396,397
5355,520,521
5356,205,206
5356,315,316
5356,410,411
5356,520,521
5357,204,205
5357,315,316
5357,410,411
5357,520,521
5358,83,84
5358,85,86
5358,289,290
5358,393,394
5359,83,84
5359,85,86
5359,240,241
5359,393,394
5360,22,23
5360,85,86
5360,240,241
5360,393,394
5361,22,23
5361,240,241
5361,297,298
5361,393,394
5362,83,84
5362,109,110
5362,240,241
5362,393,394
5363,109,110
5363,240,241
5363,297,298
5363,393,394
5364,109,110
5364,248,249
5364,297,298
5364,393,394
5365,83,84
5365,109,110
5365,111,112
5365,393,394
5366,109,110
5366,111,112
5366,248,249
5366,393,394
5367,83,84
5367,111,112
5367,289,290
5367,393,394
5368,111,112
5368,248,249
5368,289,290
5368,393,394
5369,620,621
5369,768,769
5369,998,999
5369,1000,1001
5370,678,679
5370,768,769
5370,998,999
5370,1000,1001
5371,678,679
5371,679,680
5371,768,769
5371,998,999
5372,678,679
5372,679,680
5372,744,745
5372,998,999
5373,620,621
5373,998,999
5373,1000,1001
5373,1021,1022
5374,678,679
5374,980,981
5374,998,999
5374,1000,1001
5375,678,679
5375,744,745
5375,980,981
5375,998,999
5376,679,680
5376,744,745
5376,781,782
5376,998,999
5377,722,723
5377,998,999
5377,1000,1001
5377,1021,1022
5378,722,723
5378,980,981
5378,998,999
5378,1000,1001
5379,722,723
5379,744,745
5379,980,981
5379,998,999
5380,722,723
5380,804,805
5380,998,999
5380,1021,1022
5381,722,723
5381,744,745
5381,804,805
5381,998,999
5382,744,745
5382,781,782
5382,804,805
5382,998,999
5383,1283,1284
5383,1350,1351
5383,1360,1361
5383,1366,1367
5384,1283,1284
5384,1350,1351
5384,1530,1531
5384,1552,1553
5385,1246,1247
5385,1350,1351
5385,1360,1361
5385,1427,1428
5386,1283,1284
5386,1350,1351
5386,1443,1444
5386,1530,1531
5387,1240,1241
5387,1266,1267
5387,1304,1305
5387,1533,1534
5388,1240,1241
5388,1266,1267
5388,1516,1517
5388,1533,1534
5389,1240,1241
5389,1246,1247
5389,1266,1267
5389,1516,1517
5390,1240,1241
5390,1266,1267
5390,1268,1269
5390,1304,1305
5391,1240,1241
5391,1268,1269
5391,1304,1305
5391,1372,1373
5392,1240,1241
5392,1246,1247
5392,1266,1267
5392,1268,1269
5393,1240,1241
5393,1246,1247
5393,1350,1351
5393,1516,1517
5394,1240,1241
5394,1366,1367
5394,1372,1373
5394,1531,1532
5395,1240,1241
5395,1304,1305
5395,1372,1373
5395,1531,1532
5396,1240,1241
5396,1366,1367
5396,1372,1373
5396,1427,1428
5397,1240,1241
5397,1268,1269
5397,1372,1373
5397,1427,1428
5398,1240,1241
5398,1246,1247
5398,1268,1269
5398,1427,1428
5399,1240,1241
5399,1246,1247
5399,1350,1351
5399,1427,1428
5400,1240,1241
5400,1516,1517
5400,1530,1531
5400,1533,1534
5401,1240,1241
5401,1350,1351
5401,1516,1517
5401,1530,1531
5402,1240,1241
5402,1366,1367
5402,1443,1444
5402,1531,1532
5403,1240,1241
5403,1304,1305
5403,1443,1444
5403,1533,1534
5404,1240,1241
5404,1304,1305
5404,1443,1444
5404,1531,1532
5405,1240,1241
5405,1283,1284
5405,1366,1367
5405,1443,1444
5406,1240,1241
5406,1283,1284
5406,1350,1351
5406,1366,1367
5407,1240,1241
5407,1283,1284
5407,1350,1351
5407,1443,1444
5408,1240,1241
5408,1443,1444
5408,1530,1531
5408,1533,1534
5409,1240,1241
5409,1350,1351
5409,1443,1444
5409,1530,1531
5410,1240,1241
5410,1360,1361
5410,1366,1367
5410,1427,1428
5411,1240,1241
5411,1350,1351
5411,1360,1361
5411,1366,1367
5412,1240,1241
5412,1350,1351
5412,1360,1361
5412,1427,1428
5413,409,410
5413,421,422
5413,604,605
5413,820,821
5414,409,410
5414,421,422
5414,574,575
5414,820,821
5415,409,410
5415,604,605
5415,661,662
5415,820,821
5416,409,410
5416,574,575
5416,661,662
5416,820,821
5417,421,422
5417,497,498
5417,574,575
5417,820,821
5418,421,422
5418,557,558
5418,604,605
5418,820,821
5419,604,605
5419,661,662
5419,683,684
5419,820,821
5420,404,405
5420,661,662
5420,683,684
5420,820,821
5421,557,558
5421,604,605
5421,683,684
5421,820,821
5422,404,405
5422,493,494
5422,633,634
5422,773,774
5423,493,494
5423,637,638
5423,773,774
5423,1017,1018
5424,493,494
5424,773,774
5424,914,915
5424,1017,1018
5425,217,218
5425,321,322
5425,332,333
5425,550,551
5426,217,218
5426,223,224
5426,321,322
5426,476,477
5427,223,224
5427,321,322
5427,348,349
5427,476,477
5428,321,322
5428,326,327
5428,329,330
5428,550,551
5429,321,322
5429,329,330
5429,348,349
5429,389,390
5430,321,322
5430,326,327
5430,329,330
5430,389,390
5431,321,322
5431,348,349
5431,389,390
5431,476,477
5432,217,218
5432,321,322
5432,476,477
5432,481,482
5433,201,202
5433,217,218
5433,321,322
5433,550,551
5434,171,172
5434,224,225
5434,474,475
5434,487,488
5435,171,172
5435,474,475
5435,487,488
5435,607,608
5436,171,172
5436,224,225
5436,444,445
5436,487,488
5437,171,172
5437,356,357
5437,474,475
5437,607,608
5438,171,172
5438,255,256
5438,444,445
5438,577,578
5439,171,172
5439,283,284
5439,356,357
5439,607,608
5440,47,48
5440,138,139
5440,178,179
5440,361,362
5441,47,48
5441,116,117
5441,163,164
5441,361,362
5442,47,48
5442,116,117
5442,178,179
5442,361,362
5443,299,300
5443,301,302
5443,408,409
5443,481,482
5444,281,282
5444,299,300
5444,301,302
5444,408,409
5445,256,257
5445,299,300
5445,408,409
5445,481,482
5446,256,257
5446,299,300
5446,320,321
5446,408,409
5447,281,282
5447,299,300
5447,320,321
5447,408,409
5448,49,50
5448,69,70
5448,77,78
5448,88,89
5449,54,55
5449,77,78
5449,139,140
5449,363,364
5450,35,36
5450,54,55
5450,77,78
5450,363,364
5451,35,36
5451,49,50
5451,77,78
5451,88,89
5452,35,36
5452,77,78
5452,88,89
5452,363,364
5453,24,25
5453,36,37
5453,174,175
5453,228,229
5454,36,37
5454,157,158
5454,174,175
5454,228,229
5455,24,25
5455,174,175
5455,203,204
5455,228,229
5456,24,25
5456,36,37
5456,66,67
5456,228,229
5457,5,6
5457,157,158
5457,174,175
5457,228,229
5458,5,6
5458,174,175
5458,203,204
5458,228,229
5459,5,6
5459,46,47
5459,157,158
5459,228,229
5460,5,6
5460,46,47
5460,203,204
5460,228,229
5461,40,41
5461,46,47
5461,157,158
5461,228,229
5462,24,25
5462,203,204
5462,228,229
5462,365,366
5463,24,25
5463,66,67
5463,228,229
5463,365,366
5464,40,41
5464,46,47
5464,154,155
5464,228,229
5465,46,47
5465,154,155
5465,203,204
5465,228,229
5466,40,41
5466,151,152
5466,154,155
5466,228,229
5467,154,155
5467,203,204
5467,228,229
5467,365,366
5468,148,149
5468,151,152
5468,154,155
5468,228,229
5469,66,67
5469,148,149
5469,151,152
5469,228,229
5470,148,149
5470,154,155
5470,228,229
5470,365,366
5471,66,67
5471,148,149
5471,228,229
5471,365,366
5472,1062,1063
5472,1281,1282
5472,1340,1341
5472,1415,1416
5473,1232,1233
5473,1281,1282
5473,1340,1341
5473,1415,1416
5474,1062,1063
5474,1269,1270
5474,1340,1341
5474,1415,1416
5475,1248,1249
5475,1340,1341
5475,1415,1416
5475,1513,1514
5476,1232,1233
5476,1248,1249
5476,1340,1341
5476,1513,1514
5477,1232,1233
5477,1340,1341
5477,1415,1416
5477,1513,1514
5478,752,753
5478,839,840
5478,1081,1082
5478,1138,1139
5479,752,753
5479,839,840
5479,1068,1069
5479,1081,1082
5480,839,840
5480,1011,1012
5480,1031,1032
5480,1068,1069
5481,839,840
5481,906,907
5481,1068,1069
5481,1081,1082
5482,839,840
5482,906,907
5482,1011,1012
5482,1068,1069
5483,839,840
5483,967,968
5483,1011,1012
5483,1166,1167
5484,662,663
5484,839,840
5484,1031,1032
5484,1068,1069
5485,662,663
5485,752,753
5485,839,840
5485,1068,1069
5486,839,840
5486,1011,1012
5486,1031,1032
5486,1166,1167
5487,752,753
5487,839,840
5487,842,843
5487,1138,1139
5488,662,663
5488,839,840
5488,842,843
5488,1031,1032
5489,662,663
5489,752,753
5489,839,840
5489,842,843
5490,839,840
5490,842,843
5490,1031,1032
5490,1166,1167
5491,1114,1115
5491,1232,1233
5491,1284,1285
5491,1373,1374
5492,1232,1233
5492,1281,1282
5492,1284,1285
5492,1415,1416
5493,1203,1204
5493,1308,1309
5493,1408,1409
5493,1433,1434
5494,1308,1309
5494,1325,1326
5494,1408,1409
5494,1433,1434
5495,1308,1309
5495,1325,1326
5495,1433,1434
5495,1536,1537
5496,1325,1326
5496,1433,1434
5496,1536,1537
5496,1595,1596
5497,1355,1356
5497,1433,1434
5497,1536,1537
5497,1595,1596
5498,1355,1356
5498,1433,1434
5498,1527,1528
5498,1595,1596
5499,1089,1090
5499,1193,1194
5499,1211,1212
5499,1282,1283
5500,1501,1502
5500,1593,1594
5500,1598,1599
5500,1691,1692
5501,1438,1439
5501,1501,1502
5501,1691,1692
5501,1732,1733
5502,1501,1502
5502,1593,1594
5502,1668,1669
5502,1691,1692
5503,1438,1439
5503,1501,1502
5503,1668,1669
5503,1691,1692
5504,1501,1502
5504,1535,1536
5504,1593,1594
5504,1841,1842
5505,1501,1502
5505,1535,1536
5505,1593,1594
5505,1598,1599
5506,1501,1502
5506,1593,1594
5506,1668,1669
5506,1841,1842
5507,1501,1502
5507,1503,1504
5507,1535,1536
5507,1841,1842
5508,1501,1502
5508,1503,1504
5508,1535,1536
5508,1598,1599
5509,1438,1439
5509,1450,1451
5509,1501,1502
5509,1668,1669
5510,1438,1439
5510,1449,1450
5510,1501,1502
5510,1732,1733
5511,1438,1439
5511,1449,1450
5511,1450,1451
5511,1501,1502
5512,1450,1451
5512,1456,1457
5512,1501,1502
5512,1503,1504
5513,1450,1451
5513,1501,1502
5513,1668,1669
5513,1841,1842
5514,1450,1451
5514,1501,1502
5514,1503,1504
5514,1841,1842
5515,1449,1450
5515,1456,1457
5515,1501,1502
5515,1732,1733
5516,1449,1450
5516,1450,1451
5516,1456,1457
5516,1501,1502
5517,1461,1462
5517,1579,1580
5517,1613,1614
5517,1732,1733
5518,1579,1580
5518,1613,1614
5518,1691,1692
5518,1732,1733
5519,1579,1580
5519,1598,1599
5519,1613,1614
5519,1691,1692
5520,1501,1502
5520,1613,1614
5520,1691,1692
5520,1732,1733
5521,1501,1502
5521,1598,1599
5521,1613,1614
5521,1691,1692
5522,1461,1462
5522,1525,1526
5522,1613,1614
5522,1732,1733
5523,1351,1352
5523,1461,1462
5523,1525,1526
5523,1613,1614
5524,1456,1457
5524,1525,1526
5524,1613,1614
5524,1732,1733
5525,1456,1457
5525,1467,1468
5525,1525,1526
5525,1613,1614
5526,1351,1352
5526,1467,1468
5526,1525,1526
5526,1613,1614
5527,1456,1457
5527,1501,1502
5527,1613,1614
5527,1732,1733
5528,1247,1248
5528,1503,1504
5528,1598,1599
5528,1613,1614
5529,1501,1502
5529,1503,1504
5529,1598,1599
5529,1613,1614
5530,1247,1248
5530,1456,1457
5530,1467,1468
5530,1613,1614
5531,1247,1248
5531,1351,1352
5531,1467,1468
5531,1613,1614
5532,1247,1248
5532,1456,1457
5532,1503,1504
5532,1613,1614
5533,1456,1457
5533,1501,1502
5533,1503,1504
5533,1613,1614
5534,1118,1119
5534,1253,1254
5534,1307,1308
5534,1408,1409
5535,1253,1254
5535,1325,1326
5535,1408,1409
5535,1433,1434
5536,1253,1254
5536,1272,1273
5536,1460,1461
5536,1545,1546
5537,1280,1281
5537,1497,1498
5537,1527,1528
5537,1596,1597
5538,1280,1281
5538,1314,1315
5538,1497,1498
5538,1596,1597
5539,1280,1281
5539,1295,1296
5539,1314,1315
5539,1352,1353
5540,1280,1281
5540,1314,1315
5540,1352,1353
5540,1596,1597
5541,1280,1281
5541,1355,1356
5541,1492,1493
5541,1527,1528
5542,1280,1281
5542,1492,1493
5542,1527,1528
5542,1596,1597
5543,1355,1356
5543,1492,1493
5543,1617,1618
5543,1620,1621
5544,1398,1399
5544,1405,1406
5544,1459,1460
5544,1492,1493
5545,1459,1460
5545,1492,1493
5545,1617,1618
5545,1620,1621
5546,1405,1406
5546,1459,1460
5546,1492,1493
5546,1617,1618
5547,1459,1460
5547,1492,1493
5547,1620,1621
5547,1693,1694
5548,1461,1462
5548,1529,1530
5548,1551,1552
5548,1579,1580
5549,1476,1477
5549,1529,1530
5549,1551,1552
5549,1579,1580
5550,1352,1353
5550,1476,1477
5550,1551,1552
5550,1579,1580
5551,1352,1353
5551,1476,1477
5551,1551,1552
5551,1653,1654
5552,1476,1477
5552,1551,1552
5552,1631,1632
5552,1653,1654
5553,1476,1477
5553,1529,1530
5553,1551,1552
5553,1631,1632
5554,1477,1478
5554,1529,1530
5554,1551,1552
5554,1631,1632
5555,1269,1270
5555,1551,1552
5555,1631,1632
5555,1653,1654
5556,1269,1270
5556,1415,1416
5556,1477,1478
5556,1551,1552
5557,1269,1270
5557,1477,1478
5557,1551,1552
5557,1631,1632
5558,1338,1339
5558,1405,1406
5558,1535,1536
5558,1598,1599
5559,1272,1273
5559,1338,1339
5559,1405,1406
5559,1598,1599
5560,1338,1339
5560,1405,1406
5560,1535,1536
5560,1584,1585
5561,1272,1273
5561,1338,1339
5561,1405,1406
5561,1545,1546
5562,1272,1273
5562,1338,1339
5562,1545,1546
5562,1618,1619
5563,1247,1248
5563,1338,1339
5563,1503,1504
5563,1504,1505
5564,1338,1339
5564,1503,1504
5564,1504,1505
5564,1535,1536
5565,1247,1248
5565,1338,1339
5565,1503,1504
5565,1598,1599
5566,1338,1339
5566,1503,1504
5566,1535,1536
5566,1598,1599
5567,1247,1248
5567,1338,1339
5567,1385,1386
5567,1504,1505
5568,1338,1339
5568,1385,1386
5568,1504,1505
5568,1618,1619
5569,1247,1248
5569,1338,1339
5569,1385,1386
5569,1618,1619
5570,1247,1248
5570,1277,1278
5570,1338,1339
5570,1618,1619
5571,876,877
5571,922,923
5571,1179,1180
5571,1219,1220
5572,1099,1100
5572,1179,1180
5572,1219,1220
5572,1288,1289
5573,922,923
5573,1099,1100
5573,1179,1180
5573,1219,1220
5574,876,877
5574,904,905
5574,922,923
5574,1179,1180
5575,1055,1056
5575,1099,1100
5575,1179,1180
5575,1288,1289
5576,903,904
5576,904,905
5576,1023,1024
5576,1179,1180
5577,904,905
5577,922,923
5577,1023,1024
5577,1179,1180
5578,903,904
5578,922,923
5578,1023,1024
5578,1179,1180
5579,903,904
5579,922,923
5579,1179,1180
5579,1181,1182
5580,922,923
5580,1099,1100
5580,1179,1180
5580,1181,1182
5581,1055,1056
5581,1099,1100
5581,1179,1180
5581,1298,1299
5582,1099,1100
5582,1179,1180
5582,1181,1182
5582,1298,1299
5583,1062,1063
5583,1269,1270
5583,1340,1341
5583,1550,1551
5584,1248,1249
5584,1379,1380
5584,1440,1441
5584,1550,1551
5585,1269,1270
5585,1477,1478
5585,1550,1551
5585,1631,1632
5586,1379,1380
5586,1477,1478
5586,1550,1551
5586,1631,1632
5587,1248,1249
5587,1379,1380
5587,1477,1478
5587,1550,1551
5588,1269,1270
5588,1340,1341
5588,1415,1416
5588,1550,1551
5589,1248,1249
5589,1340,1341
5589,1415,1416
5589,1550,1551
5590,1269,1270
5590,1415,1416
5590,1477,1478
5590,1550,1551
5591,1248,1249
5591,1415,1416
5591,1477,1478
5591,1550,1551
5592,624,625
5592,675,676
5592,782,783
5592,824,825
5593,443,444
5593,472,473
5593,624,625
5593,675,676
5594,443,444
5594,624,625
5594,675,676
5594,782,783
5595,443,444
5595,675,676
5595,757,758
5595,782,783
5596,675,676
5596,757,758
5596,782,783
5596,1019,1020
5597,675,676
5597,782,783
5597,824,825
5597,1019,1020
5598,443,444
5598,472,473
5598,675,676
5598,815,816
5599,443,444
5599,675,676
5599,757,758
5599,815,816
5600,472,473
5600,675,676
5600,803,804
5600,815,816
5601,1398,1399
5601,1459,1460
5601,1466,1467
5601,1622,1623
5602,1398,1399
5602,1459,1460
5602,1466,1467
5602,1492,1493
5603,1459,1460
5603,1466,1467
5603,1492,1493
5603,1693,1694
5604,1295,1296
5604,1466,1467
5604,1506,1507
5604,1622,1623
5605,1466,1467
5605,1506,1507
5605,1564,1565
5605,1622,1623
5606,1459,1460
5606,1466,1467
5606,1564,1565
5606,1622,1623
5607,1466,1467
5607,1506,1507
5607,1564,1565
5607,1693,1694
5608,1459,1460
5608,1466,1467
5608,1564,1565
5608,1693,1694
5609,1280,1281
5609,1466,1467
5609,1492,1493
5609,1693,1694
5610,1295,1296
5610,1466,1467
5610,1579,1580
5610,1622,1623
5611,1295,1296
5611,1352,1353
5611,1466,1467
5611,1579,1580
5612,1280,1281
5612,1295,1296
5612,1352,1353
5612,1466,1467
5613,1398,1399
5613,1466,1467
5613,1579,1580
5613,1622,1623
5614,1352,1353
5614,1398,1399
5614,1466,1467
5614,1579,1580
5615,1398,1399
5615,1466,1467
5615,1492,1493
5615,1596,1597
5616,1280,1281
5616,1466,1467
5616,1492,1493
5616,1596,1597
5617,1352,1353
5617,1398,1399
5617,1466,1467
5617,1596,1597
5618,1280,1281
5618,1352,1353
5618,1466,1467
5618,1596,1597
5619,1064,1065
5619,1180,1181
5619,1235,1236
5619,1356,1357
5620,1064,1065
5620,1180,1181
5620,1235,1236
5620,1318,1319
5621,1064,1065
5621,1140,1141
5621,1178,1179
5621,1239,1240
5622,1064,1065
5622,1110,1111
5622,1178,1179
5622,1239,1240
5623,1038,1039
5623,1064,1065
5623,1235,1236
5623,1318,1319
5624,1038,1039
5624,1064,1065
5624,1110,1111
5624,1318,1319
5625,1038,1039
5625,1064,1065
5625,1178,1179
5625,1235,1236
5626,1038,1039
5626,1064,1065
5626,1110,1111
5626,1178,1179
5627,1291,1292
5627,1348,1349
5627,1356,1357
5627,1643,1644
5628,1140,1141
5628,1291,1292
5628,1356,1357
5628,1643,1644
5629,1064,1065
5629,1140,1141
5629,1291,1292
5629,1356,1357
5630,1064,1065
5630,1180,1181
5630,1291,1292
5630,1356,1357
5631,1345,1346
5631,1354,1355
5631,1364,1365
5631,1520,1521
5632,1146,1147
5632,1345,1346
5632,1364,1365
5632,1520,1521
5633,1473,1474
5633,1650,1651
5633,1671,1672
5633,1820,1821
5634,1473,1474
5634,1671,1672
5634,1797,1798
5634,1804,1805
5635,1473,1474
5635,1650,1651
5635,1671,1672
5635,1804,1805
5636,1442,1443
5636,1473,1474
5636,1507,1508
5636,1820,1821
5637,1442,1443
5637,1473,1474
5637,1507,1508
5637,1650,1651
5638,1473,1474
5638,1507,1508
5638,1650,1651
5638,1820,1821
5639,1473,1474
5639,1797,1798
5639,1802,1803
5639,1814,1815
5640,1473,1474
5640,1671,1672
5640,1797,1798
5640,1814,1815
5641,1473,1474
5641,1802,1803
5641,1814,1815
5641,1820,1821
5642,1473,1474
5642,1671,1672
5642,1814,1815
5642,1820,1821
5643,1473,1474
5643,1768,1769
5643,1797,1798
5643,1804,1805
5644,1473,1474
5644,1650,1651
5644,1768,1769
5644,1804,1805
5645,1473,1474
5645,1568,1569
5645,1797,1798
5645,1802,1803
5646,1442,1443
5646,1473,1474
5646,1650,1651
5646,1768,1769
5647,1442,1443
5647,1473,1474
5647,1568,1569
5647,1768,1769
5648,1473,1474
5648,1568,1569
5648,1768,1769
5648,1797,1798
5649,1101,1102
5649,1276,1277
5649,1361,1362
5649,1399,1400
5650,1101,1102
5650,1221,1222
5650,1361,1362
5650,1399,1400
5651,1316,1317
5651,1323,1324
5651,1451,1452
5651,1540,1541
5652,1233,1234
5652,1316,1317
5652,1323,1324
5652,1540,1541
5653,1316,1317
5653,1401,1402
5653,1540,1541
5653,1558,1559
5654,1316,1317
5654,1401,1402
5654,1494,1495
5654,1540,1541
5655,1233,1234
5655,1316,1317
5655,1494,1495
5655,1540,1541
5656,1316,1317
5656,1365,1366
5656,1540,1541
5656,1558,1559
5657,1316,1317
5657,1365,1366
5657,1451,1452
5657,1558,1559
5658,1316,1317
5658,1365,1366
5658,1451,1452
5658,1540,1541
5659,1316,1317
5659,1354,1355
5659,1401,1402
5659,1558,1559
5660,1316,1317
5660,1354,1355
5660,1401,1402
5660,1520,1521
5661,1278,1279
5661,1323,1324
5661,1348,1349
5661,1451,1452
5662,1278,1279
5662,1323,1324
5662,1348,1349
5662,1643,1644
5663,1278,1279
5663,1316,1317
5663,1323,1324
5663,1451,1452
5664,1233,1234
5664,1278,1279
5664,1316,1317
5664,1323,1324
5665,1093,1094
5665,1278,1279
5665,1291,1292
5665,1643,1644
5666,1278,1279
5666,1291,1292
5666,1348,1349
5666,1643,1644
5667,1242,1243
5667,1366,1367
5667,1372,1373
5667,1531,1532
5668,1242,1243
5668,1372,1373
5668,1441,1442
5668,1643,1644
5669,1242,1243
5669,1372,1373
5669,1441,1442
5669,1531,1532
5670,1242,1243
5670,1366,1367
5670,1446,1447
5670,1531,1532
5671,1242,1243
5671,1366,1367
5671,1446,1447
5671,1658,1659
5672,1242,1243
5672,1366,1367
5672,1439,1440
5672,1658,1659
5673,1242,1243
5673,1446,1447
5673,1531,1532
5673,1549,1550
5674,1242,1243
5674,1348,1349
5674,1441,1442
5674,1643,1644
5675,1242,1243
5675,1348,1349
5675,1441,1442
5675,1549,1550
5676,1242,1243
5676,1441,1442
5676,1549,1550
5676,1575,1576
5677,1242,1243
5677,1441,1442
5677,1531,1532
5677,1575,1576
5678,1242,1243
5678,1531,1532
5678,1549,1550
5678,1575,1576
5679,1242,1243
5679,1446,1447
5679,1565,1566
5679,1658,1659
5680,1242,1243
5680,1439,1440
5680,1565,1566
5680,1658,1659
5681,1242,1243
5681,1323,1324
5681,1439,1440
5681,1643,1644
5682,1242,1243
5682,1323,1324
5682,1446,1447
5682,1549,1550
5683,1242,1243
5683,1323,1324
5683,1348,1349
5683,1643,1644
5684,1242,1243
5684,1323,1324
5684,1348,1349
5684,1549,1550
5685,1242,1243
5685,1323,1324
5685,1446,1447
5685,1565,1566
5686,1242,1243
5686,1323,1324
5686,1439,1440
5686,1565,1566
5687,1276,1277
5687,1370,1371
5687,1439,1440
5687,1607,1608
5688,1249,1250
5688,1370,1371
5688,1439,1440
5688,1607,1608
5689,1140,1141
5689,1273,1274
5689,1435,1436
5689,1643,1644
5690,1064,1065
5690,1140,1141
5690,1273,1274
5690,1291,1292
5691,1140,1141
5691,1239,1240
5691,1273,1274
5691,1435,1436
5692,1064,1065
5692,1140,1141
5692,1239,1240
5692,1273,1274
5693,1140,1141
5693,1273,1274
5693,1291,1292
5693,1643,1644
5694,1093,1094
5694,1273,1274
5694,1291,1292
5694,1643,1644
5695,1221,1222
5695,1270,1271
5695,1296,1297
5695,1399,1400
5696,1221,1222
5696,1296,1297
5696,1399,1400
5696,1435,1436
5697,1135,1136
5697,1296,1297
5697,1428,1429
5697,1435,1436
5698,1296,1297
5698,1399,1400
5698,1428,1429
5698,1435,1436
5699,860,861
5699,909,910
5699,942,943
5699,1124,1125
5700,860,861
5700,909,910
5700,942,943
5700,1133,1134
5701,909,910
5701,942,943
5701,1124,1125
5701,1148,1149
5702,909,910
5702,942,943
5702,1133,1134
5702,1148,1149
5703,942,943
5703,1052,1053
5703,1395,1396
5703,1429,1430
5704,942,943
5704,1035,1036
5704,1124,1125
5704,1148,1149
5705,942,943
5705,1052,1053
5705,1133,1134
5705,1429,1430
5706,942,943
5706,1133,1134
5706,1148,1149
5706,1429,1430
5707,942,943
5707,1035,1036
5707,1148,1149
5707,1429,1430
5708,942,943
5708,1022,1023
5708,1035,1036
5708,1124,1125
5709,942,943
5709,1035,1036
5709,1174,1175
5709,1429,1430
5710,942,943
5710,1174,1175
5710,1395,1396
5710,1429,1430
5711,942,943
5711,1022,1023
5711,1035,1036
5711,1174,1175
5712,942,943
5712,1022,1023
5712,1174,1175
5712,1395,1396
5713,10,11
5713,74,75
5713,149,150
5713,289,290
5714,10,11
5714,93,94
5714,149,150
5714,289,290
5715,10,11
5715,74,75
5715,139,140
5715,149,150
5716,74,75
5716,139,140
5716,140,141
5716,149,150
5717,830,831
5717,865,866
5717,979,980
5717,1048,1049
5718,830,831
5718,865,866
5718,1048,1049
5718,1080,1081
5719,865,866
5719,979,980
5719,1048,1049
5719,1080,1081
5720,865,866
5720,919,920
5720,1049,1050
5720,1055,1056
5721,627,628
5721,635,636
5721,762,763
5721,768,769
5722,620,621
5722,627,628
5722,762,763
5722,768,769
5723,620,621
5723,627,628
5723,668,669
5723,762,763
5724,627,628
5724,635,636
5724,649,650
5724,768,769
5725,514,515
5725,627,628
5725,668,669
5725,762,763
5726,620,621
5726,627,628
5726,768,769
5726,998,999
5727,627,628
5727,649,650
5727,679,680
5727,768,769
5728,627,628
5728,679,680
5728,768,769
5728,998,999
5729,570,571
5729,627,628
5729,679,680
5729,819,820
5730,570,571
5730,627,628
5730,649,650
5730,679,680
5731,627,628
5731,679,680
5731,781,782
5731,819,820
5732,627,628
5732,679,680
5732,781,782
5732,998,999
5733,527,528
5733,624,625
5733,635,636
5733,802,803
5734,527,528
5734,635,636
5734,741,742
5734,802,803
5735,527,528
5735,624,625
5735,635,636
5735,649,650
5736,514,515
5736,527,528
5736,635,636
5736,741,742
5737,460,461
5737,527,528
5737,624,625
5737,649,650
5738,460,461
5738,527,528
5738,562,563
5738,624,625
5739,460,461
5739,527,528
5739,570,571
5739,649,650
5740,460,461
5740,527,528
5740,562,563
5740,570,571
5741,527,528
5741,627,628
5741,635,636
5741,649,650
5742,527,528
5742,570,571
5742,627,628
5742,649,650
5743,514,515
5743,527,528
5743,635,636
5743,762,763
5744,514,515
5744,527,528
5744,627,628
5744,762,763
5745,527,528
5745,627,628
5745,635,636
5745,762,763
5746,620,621
5746,799,800
5746,805,806
5746,1010,1011
5747,799,800
5747,805,806
5747,890,891
5747,1010,1011
5748,620,621
5748,805,806
5748,890,891
5748,1010,1011
5749,620,621
5749,668,669
5749,799,800
5749,805,806
5750,668,669
5750,745,746
5750,799,800
5750,805,806
5751,799,800
5751,805,806
5751,890,891
5751,1009,1010
5752,745,746
5752,799,800
5752,805,806
5752,1009,1010
5753,745,746
5753,805,806
5753,890,891
5753,1009,1010
5754,620,621
5754,686,687
5754,805,806
5754,890,891
5755,620,621
5755,668,669
5755,762,763
5755,805,806
5756,620,621
5756,686,687
5756,762,763
5756,805,806
5757,514,515
5757,762,763
5757,800,801
5757,805,806
5758,514,515
5758,668,669
5758,762,763
5758,805,806
5759,680,681
5759,686,687
5759,826,827
5759,890,891
5760,680,681
5760,826,827
5760,857,858
5760,992,993
5761,680,681
5761,686,687
5761,826,827
5761,992,993
5762,648,649
5762,680,681
5762,857,858
5762,992,993
5763,648,649
5763,680,681
5763,823,824
5763,857,858
5764,680,681
5764,826,827
5764,890,891
5764,956,957
5765,648,649
5765,654,655
5765,680,681
5765,823,824
5766,680,681
5766,823,824
5766,857,858
5766,1020,1021
5767,680,681
5767,823,824
5767,956,957
5767,1020,1021
5768,680,681
5768,826,827
5768,857,858
5768,1020,1021
5769,680,681
5769,826,827
5769,956,957
5769,1020,1021
5770,680,681
5770,814,815
5770,823,824
5770,956,957
5771,654,655
5771,680,681
5771,814,815
5771,823,824
5772,869,870
5772,1161,1162
5772,1168,1169
5772,1170,1171
5773,1104,1105
5773,1161,1162
5773,1168,1169
5773,1170,1171
5774,1104,1105
5774,1161,1162
5774,1170,1171
5774,1172,1173
5775,869,870
5775,913,914
5775,1161,1162
5775,1170,1171
5776,913,914
5776,1161,1162
5776,1170,1171
5776,1172,1173
5777,869,870
5777,957,958
5777,1161,1162
5777,1185,1186
5778,869,870
5778,913,914
5778,957,958
5778,1161,1162
5779,892,893
5779,957,958
5779,978,979
5779,1185,1186
5780,957,958
5780,978,979
5780,1074,1075
5780,1185,1186
5781,869,870
5781,957,958
5781,1074,1075
5781,1185,1186
5782,869,870
5782,957,958
5782,978,979
5782,1074,1075
5783,892,893
5783,950,951
5783,957,958
5783,978,979
5784,892,893
5784,950,951
5784,957,958
5784,974,975
5785,1253,1254
5785,1272,1273
5785,1460,1461
5785,1623,1624
5786,1272,1273
5786,1460,1461
5786,1545,1546
5786,1623,1624
5787,1272,1273
5787,1545,1546
5787,1618,1619
5787,1623,1624
5788,1460,1461
5788,1545,1546
5788,1618,1619
5788,1623,1624
5789,1305,1306
5789,1380,1381
5789,1618,1619
5789,1623,1624
5790,1272,1273
5790,1277,1278
5790,1338,1339
5790,1623,1624
5791,1277,1278
5791,1338,1339
5791,1618,1619
5791,1623,1624
5792,1272,1273
5792,1338,1339
5792,1618,1619
5792,1623,1624
5793,1247,1248
5793,1277,1278
5793,1305,1306
5793,1623,1624
5794,1247,1248
5794,1305,1306
5794,1618,1619
5794,1623,1624
5795,1247,1248
5795,1277,1278
5795,1618,1619
5795,1623,1624
5796,1038,1039
5796,1178,1179
5796,1235,1236
5796,1412,1413
5797,1235,1236
5797,1380,1381
5797,1412,1413
5797,1623,1624
5798,1235,1236
5798,1356,1357
5798,1380,1381
5798,1412,1413
5799,1064,1065
5799,1235,1236
5799,1356,1357
5799,1412,1413
5800,1064,1065
5800,1178,1179
5800,1235,1236
5800,1412,1413
5801,1140,1141
5801,1178,1179
5801,1268,1269
5801,1412,1413
5802,1356,1357
5802,1380,1381
5802,1412,1413
5802,1441,1442
5803,1268,1269
5803,1304,1305
5803,1412,1413
5803,1441,1442
5804,1268,1269
5804,1304,1305
5804,1412,1413
5804,1460,1461
5805,1064,1065
5805,1140,1141
5805,1356,1357
5805,1412,1413
5806,1064,1065
5806,1140,1141
5806,1178,1179
5806,1412,1413
5807,1140,1141
5807,1356,1357
5807,1412,1413
5807,1441,1442
5808,1140,1141
5808,1268,1269
5808,1412,1413
5808,1441,1442
5809,1380,1381
5809,1412,1413
5809,1441,1442
5809,1618,1619
5810,1380,1381
5810,1412,1413
5810,1618,1619
5810,1623,1624
5811,1412,1413
5811,1460,1461
5811,1618,1619
5811,1623,1624
5812,1304,1305
5812,1412,1413
5812,1441,1442
5812,1618,1619
5813,1304,1305
5813,1412,1413
5813,1460,1461
5813,1618,1619
5814,1142,1143
5814,1177,1178
5814,1300,1301
5814,1306,1307
5815,1092,1093
5815,1177,1178
5815,1300,1301
5815,1306,1307
5816,1092,1093
5816,1177,1178
5816,1300,1301
5816,1347,1348
5817,1136,1137
5817,1150,1151
5817,1369,1370
5817,1409,1410
5818,1046,1047
5818,1136,1137
5818,1369,1370
5818,1409,1410
5819,1129,1130
5819,1136,1137
5819,1150,1151
5819,1369,1370
5820,1104,1105
5820,1150,1151
5820,1369,1370
5820,1409,1410
5821,1129,1130
5821,1136,1137
5821,1226,1227
5821,1369,1370
5822,1046,1047
5822,1136,1137
5822,1226,1227
5822,1369,1370
5823,1129,1130
5823,1142,1143
5823,1150,1151
5823,1369,1370
5824,1046,1047
5824,1177,1178
5824,1226,1227
5824,1369,1370
5825,1129,1130
5825,1226,1227
5825,1306,1307
5825,1369,1370
5826,1129,1130
5826,1142,1143
5826,1306,1307
5826,1369,1370
5827,1177,1178
5827,1226,1227
5827,1306,1307
5827,1369,1370
5828,1142,1143
5828,1177,1178
5828,1306,1307
5828,1369,1370
5829,1046,1047
5829,1177,1178
5829,1267,1268
5829,1369,1370
5830,1132,1133
5830,1177,1178
5830,1302,1303
5830,1369,1370
5831,1132,1133
5831,1142,1143
5831,1177,1178
5831,1369,1370
5832,830,831
5832,1001,1002
5832,1011,1012
5832,1111,1112
5833,1106,1107
5833,1111,1112
5833,1134,1135
5833,1142,1143
5834,877,878
5834,967,968
5834,1106,1107
5834,1111,1112
5835,830,831
5835,1011,1012
5835,1048,1049
5835,1111,1112
5836,1011,1012
5836,1048,1049
5836,1111,1112
5836,1134,1135
5837,906,907
5837,1011,1012
5837,1111,1112
5837,1134,1135
5838,1078,1079
5838,1106,1107
5838,1111,1112
5838,1134,1135
5839,1132,1133
5839,1309,1310
5839,1328,1329
5839,1375,1376
5840,1132,1133
5840,1315,1316
5840,1328,1329
5840,1375,1376
5841,1265,1266
5841,1328,1329
5841,1342,1343
5841,1368,1369
5842,1265,1266
5842,1328,1329
5842,1342,1343
5842,1375,1376
5843,1056,1057
5843,1080,1081
5843,1125,1126
5843,1192,1193
5844,1049,1050
5844,1055,1056
5844,1056,1057
5844,1192,1193
5845,1055,1056
5845,1056,1057
5845,1080,1081
5845,1192,1193
5846,865,866
5846,1049,1050
5846,1055,1056
5846,1056,1057
5847,865,866
5847,1055,1056
5847,1056,1057
5847,1080,1081
5848,865,866
5848,919,920
5848,1049,1050
5848,1056,1057
5849,865,866
5849,919,920
5849,1056,1057
5849,1080,1081
5850,1125,1126
5850,1248,1249
5850,1339,1340
5850,1358,1359
5851,1092,1093
5851,1232,1233
5851,1347,1348
5851,1358,1359
5852,1125,1126
5852,1192,1193
5852,1248,1249
5852,1358,1359
5853,1092,1093
5853,1300,1301
5853,1347,1348
5853,1358,1359
5854,1092,1093
5854,1192,1193
5854,1232,1233
5854,1358,1359
5855,1232,1233
5855,1248,1249
5855,1358,1359
5855,1513,1514
5856,1232,1233
5856,1347,1348
5856,1358,1359
5856,1513,1514
5857,1192,1193
5857,1248,1249
5857,1340,1341
5857,1358,1359
5858,1232,1233
5858,1248,1249
5858,1340,1341
5858,1358,1359
5859,1192,1193
5859,1232,1233
5859,1340,1341
5859,1358,1359
5860,1125,1126
5860,1131,1132
5860,1261,1262
5860,1339,1340
5861,1131,1132
5861,1153,1154
5861,1261,1262
5861,1311,1312
5862,1131,1132
5862,1153,1154
5862,1261,1262
5862,1523,1524
5863,1042,1043
5863,1131,1132
5863,1153,1154
5863,1382,1383
5864,1082,1083
5864,1131,1132
5864,1153,1154
5864,1523,1524
5865,1082,1083
5865,1131,1132
5865,1153,1154
5865,1382,1383
5866,1082,1083
5866,1131,1132
5866,1382,1383
5866,1523,1524
5867,517,518
5867,608,609
5867,741,742
5867,802,803
5868,608,609
5868,624,625
5868,802,803
5868,824,825
5869,472,473
5869,562,563
5869,608,609
5869,624,625
5870,472,473
5870,521,522
5870,562,563
5870,608,609
5871,510,511
5871,517,518
5871,608,609
5871,824,825
5872,401,402
5872,517,518
5872,608,609
5872,802,803
5873,401,402
5873,608,609
5873,802,803
5873,824,825
5874,401,402
5874,517,518
5874,608,609
5874,824,825
5875,472,473
5875,608,609
5875,624,625
5875,675,676
5876,608,609
5876,624,625
5876,675,676
5876,824,825
5877,310,311
5877,509,510
5877,521,522
5877,616,617
5878,310,311
5878,406,407
5878,509,510
5878,616,617
5879,310,311
5879,406,407
5879,509,510
5879,539,540
5880,181,182
5880,310,311
5880,406,407
5880,616,617
5881,181,182
5881,310,311
5881,406,407
5881,539,540
5882,181,182
5882,310,311
5882,423,424
5882,616,617
5883,310,311
5883,423,424
5883,521,522
5883,616,617
5884,310,311
5884,509,510
5884,539,540
5884,543,544
5885,310,311
5885,518,519
5885,539,540
5885,543,544
5886,310,311
5886,509,510
5886,518,519
5886,543,544
5887,258,259
5887,310,311
5887,320,321
5887,539,540
5888,258,259
5888,310,311
5888,518,519
5888,539,540
5889,256,257
5889,310,311
5889,320,321
5889,408,409
5890,258,259
5890,281,282
5890,310,311
5890,320,321
5891,258,259
5891,281,282
5891,310,311
5891,518,519
5892,281,282
5892,310,311
5892,320,321
5892,408,409
5893,503,504
5893,668,669
5893,713,714
5893,819,820
5894,463,464
5894,503,504
5894,713,714
5894,819,820
5895,503,504
5895,638,639
5895,668,669
5895,713,714
5896,425,426
5896,463,464
5896,713,714
5896,769,770
5897,463,464
5897,503,504
5897,713,714
5897,769,770
5898,503,504
5898,638,639
5898,713,714
5898,769,770
5899,638,639
5899,713,714
5899,733,734
5899,769,770
5900,713,714
5900,733,734
5900,769,770
5900,774,775
5901,425,426
5901,713,714
5901,769,770
5901,774,775
5902,890,891
5902,918,919
5902,1009,1010
5902,1010,1011
5903,786,787
5903,918,919
5903,1009,1010
5903,1010,1011
5904,826,827
5904,918,919
5904,971,972
5904,1010,1011
5905,826,827
5905,890,891
5905,918,919
5905,1010,1011
5906,826,827
5906,918,919
5906,956,957
5906,971,972
5907,826,827
5907,890,891
5907,918,919
5907,956,957
5908,786,787
5908,918,919
5908,1009,1010
5908,1015,1016
5909,871,872
5909,918,919
5909,971,972
5909,1010,1011
5910,871,872
5910,886,887
5910,918,919
5910,971,972
5911,621,622
5911,871,872
5911,918,919
5911,1010,1011
5912,621,622
5912,786,787
5912,918,919
5912,1010,1011
5913,786,787
5913,918,919
5913,951,952
5913,1015,1016
5914,786,787
5914,886,887
5914,918,919
5914,951,952
5915,621,622
5915,871,872
5915,886,887
5915,918,919
5916,621,622
5916,786,787
5916,886,887
5916,918,919
5917,897,898
5917,918,919
5917,956,957
5917,971,972
5918,831,832
5918,918,919
5918,951,952
5918,1015,1016
5919,886,887
5919,897,898
5919,918,919
5919,971,972
5920,886,887
5920,897,898
5920,918,919
5920,951,952
5921,879,880
5921,897,898
5921,918,919
5921,951,952
5922,831,832
5922,879,880
5922,918,919
5922,951,952
5923,831,832
5923,879,880
5923,918,919
5923,956,957
5924,897,898
5924,918,919
5924,956,957
5924,1130,1131
5925,879,880
5925,897,898
5925,918,919
5925,1130,1131
5926,879,880
5926,918,919
5926,956,957
5926,1130,1131
5927,19,20
5927,190,191
5927,198,199
5927,323,324
5928,19,20
5928,190,191
5928,198,199
5928,203,204
5929,19,20
5929,198,199
5929,203,204
5929,265,266
5930,198,199
5930,227,228
5930,230,231
5930,257,258
5931,198,199
5931,227,228
5931,230,231
5931,265,266
5932,190,191
5932,198,199
5932,323,324
5932,578,579
5933,75,76
5933,198,199
5933,203,204
5933,265,266
5934,75,76
5934,198,199
5934,230,231
5934,257,258
5935,75,76
5935,198,199
5935,230,231
5935,265,266
5936,75,76
5936,198,199
5936,257,258
5936,578,579
5937,75,76
5937,190,191
5937,198,199
5937,274,275
5938,190,191
5938,198,199
5938,203,204
5938,274,275
5939,75,76
5939,198,199
5939,203,204
5939,274,275
5940,75,76
5940,190,191
5940,198,199
5940,317,318
5941,190,191
5941,198,199
5941,317,318
5941,578,579
5942,75,76
5942,198,199
5942,317,318
5942,578,579
5943,1042,1043
5943,1090,1091
5943,1134,1135
5943,1324,1325
5944,1132,1133
5944,1134,1135
5944,1142,1143
5944,1324,1325
5945,1042,1043
5945,1131,1132
5945,1324,1325
5945,1382,1383
5946,1042,1043
5946,1134,1135
5946,1324,1325
5946,1378,1379
5947,1153,1154
5947,1224,1225
5947,1311,1312
5947,1378,1379
5948,1153,1154
5948,1208,1209
5948,1224,1225
5948,1378,1379
5949,1042,1043
5949,1153,1154
5949,1208,1209
5949,1378,1379
5950,1042,1043
5950,1131,1132
5950,1153,1154
5950,1378,1379
5951,911,912
5951,1048,1049
5951,1230,1231
5951,1378,1379
5952,906,907
5952,1048,1049
5952,1134,1135
5952,1378,1379
5953,906,907
5953,1208,1209
5953,1224,1225
5953,1378,1379
5954,1131,1132
5954,1230,1231
5954,1324,1325
5954,1378,1379
5955,1042,1043
5955,1131,1132
5955,1324,1325
5955,1378,1379
5956,1131,1132
5956,1153,1154
5956,1311,1312
5956,1378,1379
5957,1131,1132
5957,1230,1231
5957,1311,1312
5957,1378,1379
5958,911,912
5958,1224,1225
5958,1311,1312
5958,1378,1379
5959,911,912
5959,1230,1231
5959,1311,1312
5959,1378,1379
5960,906,907
5960,911,912
5960,1048,1049
5960,1378,1379
5961,906,907
5961,911,912
5961,1224,1225
5961,1378,1379
5962,836,837
5962,928,929
5962,938,939
5962,1147,1148
5963,836,837
5963,928,929
5963,938,939
5963,1081,1082
5964,928,929
5964,938,939
5964,1070,1071
5964,1147,1148
5965,928,929
5965,1070,1071
5965,1078,1079
5965,1147,1148
5966,836,837
5966,928,929
5966,995,996
5966,1081,1082
5967,906,907
5967,928,929
5967,995,996
5967,1081,1082
5968,928,929
5968,967,968
5968,1070,1071
5968,1078,1079
5969,839,840
5969,906,907
5969,928,929
5969,1081,1082
5970,928,929
5970,967,968
5970,1078,1079
5970,1111,1112
5971,928,929
5971,1078,1079
5971,1111,1112
5971,1134,1135
5972,906,907
5972,928,929
5972,1111,1112
5972,1134,1135
5973,928,929
5973,967,968
5973,1070,1071
5973,1138,1139
5974,928,929
5974,938,939
5974,1070,1071
5974,1138,1139
5975,839,840
5975,928,929
5975,967,968
5975,1138,1139
5976,928,929
5976,938,939
5976,1081,1082
5976,1138,1139
5977,839,840
5977,928,929
5977,1081,1082
5977,1138,1139
5978,839,840
5978,928,929
5978,967,968
5978,1011,1012
5979,839,840
5979,906,907
5979,928,929
5979,1011,1012
5980,928,929
5980,967,968
5980,1011,1012
5980,1111,1112
5981,906,907
5981,928,929
5981,1011,1012
5981,1111,1112
5982,1042,1043
5982,1090,1091
5982,1134,1135
5982,1191,1192
5983,1042,1043
5983,1090,1091
5983,1152,1153
5983,1191,1192
5984,1042,1043
5984,1152,1153
5984,1191,1192
5984,1208,1209
5985,1042,1043
5985,1134,1135
5985,1191,1192
5985,1378,1379
5986,1042,1043
5986,1191,1192
5986,1208,1209
5986,1378,1379
5987,1078,1079
5987,1090,1091
5987,1134,1135
5987,1191,1192
5988,928,929
5988,1078,1079
5988,1134,1135
5988,1191,1192
5989,906,907
5989,1134,1135
5989,1191,1192
5989,1378,1379
5990,906,907
5990,1191,1192
5990,1208,1209
5990,1378,1379
5991,995,996
5991,1152,1153
5991,1191,1192
5991,1208,1209
5992,906,907
5992,995,996
5992,1191,1192
5992,1208,1209
5993,906,907
5993,928,929
5993,995,996
5993,1191,1192
5994,906,907
5994,928,929
5994,1134,1135
5994,1191,1192
5995,836,837
5995,995,996
5995,1152,1153
5995,1191,1192
5996,836,837
5996,928,929
5996,995,996
5996,1191,1192
5997,1078,1079
5997,1090,1091
5997,1147,1148
5997,1191,1192
5998,836,837
5998,928,929
5998,1147,1148
5998,1191,1192
5999,928,929
5999,1078,1079
5999,1147,1148
5999,1191,1192
6000,836,837
6000,1152,1153
6000,1191,1192
6000,1218,1219
6001,836,837
6001,1147,1148
6001,1191,1192
6001,1218,1219
6002,1090,1091
6002,1152,1153
6002,1191,1192
6002,1218,1219
6003,1090,1091
6003,1147,1148
6003,1191,1192
6003,1218,1219
6004,1285,1286
6004,1315,1316
6004,1375,1376
6004,1436,1437
6005,1285,1286
6005,1313,1314
6005,1315,1316
6005,1436,1437
6006,1285,1286
6006,1313,1314
6006,1315,1316
6006,1375,1376
6007,1285,1286
6007,1342,1343
6007,1389,1390
6007,1436,1437
6008,1285,1286
6008,1342,1343
6008,1375,1376
6008,1436,1437
6009,1251,1252
6009,1285,1286
6009,1389,1390
6009,1436,1437
6010,1251,1252
6010,1285,1286
6010,1313,1314
6010,1436,1437
6011,1285,1286
6011,1313,1314
6011,1375,1376
6011,1502,1503
6012,1251,1252
6012,1285,1286
6012,1389,1390
6012,1393,1394
6013,1251,1252
6013,1285,1286
6013,1313,1314
6013,1393,1394
6014,1285,1286
6014,1375,1376
6014,1502,1503
6014,1624,1625
6015,1285,1286
6015,1342,1343
6015,1375,1376
6015,1624,1625
6016,1285,1286
6016,1299,1300
6016,1313,1314
6016,1502,1503
6017,1285,1286
6017,1470,1471
6017,1502,1503
6017,1624,1625
6018,1285,1286
6018,1299,1300
6018,1470,1471
6018,1502,1503
6019,1285,1286
6019,1299,1300
6019,1393,1394
6019,1470,1471
6020,1285,1286
6020,1289,1290
6020,1299,1300
6020,1393,1394
6021,1285,1286
6021,1289,1290
6021,1299,1300
6021,1313,1314
6022,1285,1286
6022,1289,1290
6022,1313,1314
6022,1393,1394
6023,1285,1286
6023,1333,1334
6023,1342,1343
6023,1389,1390
6024,1285,1286
6024,1333,1334
6024,1389,1390
6024,1393,1394
6025,1285,1286
6025,1333,1334
6025,1393,1394
6025,1470,1471
6026,1285,1286
6026,1333,1334
6026,1342,1343
6026,1624,1625
6027,1285,1286
6027,1333,1334
6027,1470,1471
6027,1624,1625
6028,1034,1035
6028,1042,1043
6028,1082,1083
6028,1382,1383
6029,1034,1035
6029,1042,1043
6029,1082,1083
6029,1229,1230
6030,1034,1035
6030,1132,1133
6030,1315,1316
6030,1328,1329
6031,1034,1035
6031,1042,1043
6031,1090,1091
6031,1324,1325
6032,1034,1035
6032,1042,1043
6032,1324,1325
6032,1382,1383
6033,1034,1035
6033,1132,1133
6033,1315,1316
6033,1324,1325
6034,1034,1035
6034,1315,1316
6034,1324,1325
6034,1382,1383
6035,1571,1572
6035,1636,1637
6035,1662,1663
6035,1713,1714
6036,1528,1529
6036,1571,1572
6036,1636,1637
6036,1713,1714
6037,1571,1572
6037,1642,1643
6037,1662,1663
6037,1713,1714
6038,1576,1577
6038,1642,1643
6038,1662,1663
6038,1713,1714
6039,1528,1529
6039,1571,1572
6039,1573,1574
6039,1713,1714
6040,1571,1572
6040,1573,1574
6040,1642,1643
6040,1713,1714
6041,724,725
6041,845,846
6041,910,911
6041,983,984
6042,625,626
6042,724,725
6042,845,846
6042,983,984
6043,625,626
6043,724,725
6043,983,984
6043,1068,1069
6044,681,682
6044,855,856
6044,878,879
6044,883,884
6045,681,682
6045,921,922
6045,1001,1002
6045,1031,1032
6046,681,682
6046,855,856
6046,870,871
6046,883,884
6047,681,682
6047,855,856
6047,870,871
6047,921,922
6048,681,682
6048,734,735
6048,878,879
6048,1031,1032
6049,681,682
6049,722,723
6049,883,884
6049,900,901
6050,681,682
6050,722,723
6050,878,879
6050,883,884
6051,681,682
6051,870,871
6051,883,884
6051,900,901
6052,681,682
6052,722,723
6052,734,735
6052,900,901
6053,681,682
6053,722,723
6053,734,735
6053,878,879
6054,681,682
6054,870,871
6054,900,901
6054,1001,1002
6055,870,871
6055,903,904
6055,1018,1019
6055,1213,1214
6056,870,871
6056,1001,1002
6056,1018,1019
6056,1213,1214
6057,681,682
6057,870,871
6057,1001,1002
6057,1213,1214
6058,681,682
6058,921,922
6058,1001,1002
6058,1213,1214
6059,681,682
6059,870,871
6059,921,922
6059,1213,1214
6060,830,831
6060,903,904
6060,1018,1019
6060,1213,1214
6061,830,831
6061,1001,1002
6061,1018,1019
6061,1213,1214
6062,870,871
6062,903,904
6062,904,905
6062,1213,1214
6063,830,831
6063,979,980
6063,1001,1002
6063,1213,1214
6064,830,831
6064,865,866
6064,979,980
6064,1213,1214
6065,921,922
6065,979,980
6065,1001,1002
6065,1213,1214
6066,903,904
6066,904,905
6066,1179,1180
6066,1213,1214
6067,853,854
6067,870,871
6067,904,905
6067,1213,1214
6068,853,854
6068,870,871
6068,921,922
6068,1213,1214
6069,626,627
6069,645,646
6069,694,695
6069,736,737
6070,639,640
6070,694,695
6070,727,728
6070,736,737
6071,626,627
6071,639,640
6071,694,695
6071,736,737
6072,626,627
6072,639,640
6072,694,695
6072,727,728
6073,626,627
6073,645,646
6073,651,652
6073,694,695
6074,694,695
6074,727,728
6074,754,755
6074,796,797
6075,626,627
6075,651,652
6075,694,695
6075,968,969
6076,626,627
6076,694,695
6076,727,728
6076,968,969
6077,651,652
6077,694,695
6077,726,727
6077,927,928
6078,645,646
6078,651,652
6078,694,695
6078,726,727
6079,694,695
6079,727,728
6079,796,797
6079,859,860
6080,694,695
6080,727,728
6080,859,860
6080,968,969
6081,694,695
6081,796,797
6081,859,860
6081,927,928
6082,694,695
6082,859,860
6082,927,928
6082,968,969
6083,673,674
6083,694,695
6083,796,797
6083,927,928
6084,673,674
6084,694,695
6084,726,727
6084,927,928
6085,556,557
6085,676,677
6085,806,807
6085,1027,1028
6086,556,557
6086,676,677
6086,691,692
6086,1027,1028
6087,645,646
6087,691,692
6087,736,737
6087,1027,1028
6088,645,646
6088,676,677
6088,691,692
6088,1027,1028
6089,676,677
6089,746,747
6089,806,807
6089,1027,1028
6090,471,472
6090,754,755
6090,806,807
6090,1027,1028
6091,471,472
6091,736,737
6091,754,755
6091,1027,1028
6092,471,472
6092,691,692
6092,736,737
6092,1027,1028
6093,471,472
6093,556,557
6093,806,807
6093,1027,1028
6094,471,472
6094,556,557
6094,691,692
6094,1027,1028
6095,645,646
6095,694,695
6095,736,737
6095,1027,1028
6096,664,665
6096,754,755
6096,796,797
6096,1027,1028
6097,664,665
6097,754,755
6097,806,807
6097,1027,1028
6098,694,695
6098,754,755
6098,796,797
6098,1027,1028
6099,664,665
6099,746,747
6099,796,797
6099,1027,1028
6100,664,665
6100,746,747
6100,806,807
6100,1027,1028
6101,727,728
6101,736,737
6101,754,755
6101,1027,1028
6102,694,695
6102,727,728
6102,736,737
6102,1027,1028
6103,694,695
6103,727,728
6103,754,755
6103,1027,1028
6104,645,646
6104,676,677
6104,862,863
6104,1027,1028
6105,676,677
6105,746,747
6105,862,863
6105,1027,1028
6106,673,674
6106,746,747
6106,796,797
6106,1027,1028
6107,673,674
6107,746,747
6107,862,863
6107,1027,1028
6108,673,674
6108,694,695
6108,796,797
6108,1027,1028
6109,673,674
6109,726,727
6109,862,863
6109,1027,1028
6110,645,646
6110,726,727
6110,862,863
6110,1027,1028
6111,673,674
6111,694,695
6111,726,727
6111,1027,1028
6112,645,646
6112,694,695
6112,726,727
6112,1027,1028
6113,433,434
6113,605,606
6113,677,678
6113,685,686
6114,433,434
6114,464,465
6114,605,606
6114,685,686
6115,433,434
6115,589,590
6115,605,606
6115,677,678
6116,202,203
6116,433,434
6116,464,465
6116,605,606
6117,202,203
6117,208,209
6117,464,465
6117,605,606
6118,433,434
6118,449,450
6118,589,590
6118,605,606
6119,202,203
6119,433,434
6119,449,450
6119,605,606
6120,202,203
6120,208,209
6120,449,450
6120,605,606
6121,89,90
6121,338,339
6121,350,351
6121,376,377
6122,72,73
6122,89,90
6122,338,339
6122,376,377
6123,72,73
6123,86,87
6123,89,90
6123,378,379
6124,72,73
6124,86,87
6124,89,90
6124,376,377
6125,89,90
6125,145,146
6125,226,227
6125,378,379
6126,89,90
6126,143,144
6126,158,159
6126,200,201
6127,89,90
6127,143,144
6127,200,201
6127,226,227
6128,8,9
6128,22,23
6128,85,86
6128,158,159
6129,8,9
6129,22,23
6129,85,86
6129,393,394
6130,8,9
6130,85,86
6130,289,290
6130,393,394
6131,8,9
6131,74,75
6131,85,86
6131,289,290
6132,8,9
6132,74,75
6132,85,86
6132,158,159
6133,8,9
6133,22,23
6133,143,144
6133,158,159
6134,8,9
6134,74,75
6134,149,150
6134,289,290
6135,8,9
6135,74,75
6135,158,159
6135,350,351
6136,8,9
6136,133,134
6136,150,151
6136,353,354
6137,8,9
6137,133,134
6137,149,150
6137,150,151
6138,8,9
6138,140,141
6138,149,150
6138,150,151
6139,8,9
6139,74,75
6139,140,141
6139,350,351
6140,8,9
6140,74,75
6140,140,141
6140,149,150
6141,260,261
6141,375,376
6141,380,381
6141,557,558
6142,260,261
6142,380,381
6142,557,558
6142,590,591
6143,260,261
6143,375,376
6143,557,558
6143,580,581
6144,260,261
6144,557,558
6144,580,581
6144,590,591
6145,260,261
6145,380,381
6145,505,506
6145,590,591
6146,260,261
6146,305,306
6146,505,506
6146,590,591
6147,260,261
6147,305,306
6147,580,581
6147,590,591
6148,260,261
6148,305,306
6148,317,318
6148,505,506
6149,260,261
6149,370,371
6149,375,376
6149,580,581
6150,211,212
6150,260,261
6150,375,376
6150,380,381
6151,211,212
6151,260,261
6151,263,264
6151,375,376
6152,260,261
6152,305,306
6152,370,371
6152,580,581
6153,260,261
6153,317,318
6153,496,497
6153,505,506
6154,260,261
6154,263,264
6154,317,318
6154,496,497
6155,260,261
6155,263,264
6155,370,371
6155,375,376
6156,260,261
6156,380,381
6156,496,497
6156,505,506
6157,211,212
6157,260,261
6157,380,381
6157,496,497
6158,211,212
6158,260,261
6158,263,264
6158,496,497
6159,260,261
6159,305,306
6159,317,318
6159,485,486
6160,260,261
6160,305,306
6160,370,371
6160,485,486
6161,260,261
6161,263,264
6161,317,318
6161,485,486
6162,260,261
6162,263,264
6162,370,371
6162,485,486
6163,370,371
6163,375,376
6163,576,577
6163,580,581
6164,375,376
6164,557,558
6164,576,577
6164,580,581
6165,557,558
6165,576,577
6165,600,601
6165,683,684
6166,355,356
6166,370,371
6166,375,376
6166,576,577
6167,557,558
6167,576,577
6167,580,581
6167,685,686
6168,490,491
6168,557,558
6168,576,577
6168,600,601
6169,375,376
6169,490,491
6169,557,558
6169,576,577
6170,355,356
6170,490,491
6170,576,577
6170,600,601
6171,355,356
6171,375,376
6171,490,491
6171,576,577
6172,557,558
6172,576,577
6172,604,605
6172,685,686
6173,576,577
6173,604,605
6173,683,684
6173,685,686
6174,557,558
6174,576,577
6174,604,605
6174,683,684
6175,202,203
6175,208,209
6175,212,213
6175,345,346
6176,202,203
6176,208,209
6176,212,213
6176,449,450
6177,212,213
6177,278,279
6177,323,324
6177,345,346
6178,202,203
6178,212,213
6178,334,335
6178,478,479
6179,212,213
6179,278,279
6179,334,335
6179,558,559
6180,202,203
6180,212,213
6180,449,450
6180,541,542
6181,202,203
6181,212,213
6181,334,335
6181,541,542
6182,212,213
6182,323,324
6182,434,435
6182,478,479
6183,212,213
6183,278,279
6183,323,324
6183,434,435
6184,212,213
6184,323,324
6184,345,346
6184,578,579
6185,202,203
6185,212,213
6185,345,346
6185,578,579
6186,212,213
6186,323,324
6186,478,479
6186,578,579
6187,202,203
6187,212,213
6187,478,479
6187,578,579
6188,212,213
6188,334,335
6188,434,435
6188,478,479
6189,212,213
6189,278,279
6189,334,335
6189,434,435
6190,212,213
6190,449,450
6190,541,542
6190,558,559
6191,212,213
6191,334,335
6191,541,542
6191,558,559
6192,275,276
6192,283,284
6192,426,427
6192,561,562
6193,211,212
6193,235,236
6193,282,283
6193,603,604
6194,211,212
6194,282,283
6194,329,330
6194,550,551
6195,211,212
6195,235,236
6195,282,283
6195,329,330
6196,255,256
6196,282,283
6196,306,307
6196,332,333
6197,211,212
6197,282,283
6197,303,304
6197,550,551
6198,282,283
6198,303,304
6198,332,333
6198,550,551
6199,282,283
6199,321,322
6199,332,333
6199,550,551
6200,211,212
6200,282,283
6200,306,307
6200,603,604
6201,255,256
6201,282,283
6201,306,307
6201,603,604
6202,229,230
6202,255,256
6202,282,283
6202,603,604
6203,229,230
6203,235,236
6203,282,283
6203,603,604
6204,282,283
6204,321,322
6204,329,330
6204,550,551
6205,222,223
6205,229,230
6205,255,256
6205,282,283
6206,222,223
6206,229,230
6206,235,236
6206,282,283
6207,211,212
6207,282,283
6207,303,304
6207,306,307
6208,282,283
6208,303,304
6208,306,307
6208,332,333
6209,223,224
6209,255,256
6209,282,283
6209,332,333
6210,222,223
6210,223,224
6210,255,256
6210,282,283
6211,217,218
6211,223,224
6211,282,283
6211,332,333
6212,217,218
6212,223,224
6212,282,283
6212,321,322
6213,217,218
6213,282,283
6213,321,322
6213,332,333
6214,222,223
6214,235,236
6214,282,283
6214,348,349
6215,235,236
6215,282,283
6215,329,330
6215,348,349
6216,282,283
6216,321,322
6216,329,330
6216,348,349
6217,222,223
6217,223,224
6217,282,283
6217,348,349
6218,223,224
6218,282,283
6218,321,322
6218,348,349
6219,229,230
6219,233,234
6219,340,341
6219,603,604
6220,215,216
6220,229,230
6220,340,341
6220,603,604
6221,340,341
6221,341,342
6221,355,356
6221,603,604
6222,233,234
6222,340,341
6222,355,356
6222,603,604
6223,215,216
6223,340,341
6223,341,342
6223,603,604
6224,215,216
6224,259,260
6224,340,341
6224,341,342
6225,64,65
6225,189,190
6225,222,223
6225,288,289
6226,64,65
6226,118,119
6226,189,190
6226,222,223
6227,60,61
6227,64,65
6227,189,190
6227,288,289
6228,91,92
6228,169,170
6228,189,190
6228,222,223
6229,118,119
6229,169,170
6229,189,190
6229,222,223
6230,169,170
6230,178,179
6230,189,190
6230,311,312
6231,217,218
6231,279,280
6231,321,322
6231,481,482
6232,201,202
6232,217,218
6232,279,280
6232,321,322
6233,279,280
6233,321,322
6233,326,327
6233,550,551
6234,201,202
6234,279,280
6234,321,322
6234,550,551
6235,279,280
6235,326,327
6235,402,403
6235,525,526
6236,279,280
6236,326,327
6236,346,347
6236,525,526
6237,201,202
6237,217,218
6237,279,280
6237,489,490
6238,279,280
6238,326,327
6238,402,403
6238,550,551
6239,201,202
6239,279,280
6239,402,403
6239,550,551
6240,201,202
6240,279,280
6240,402,403
6240,415,416
6241,279,280
6241,402,403
6241,525,526
6241,774,775
6242,279,280
6242,402,403
6242,415,416
6242,774,775
6243,415,416
6243,441,442
6243,457,458
6243,774,775
6244,415,416
6244,441,442
6244,457,458
6244,764,765
6245,279,280
6245,415,416
6245,457,458
6245,774,775
6246,425,426
6246,457,458
6246,483,484
6246,774,775
6247,425,426
6247,457,458
6247,713,714
6247,774,775
6248,457,458
6248,483,484
6248,525,526
6248,774,775
6249,279,280
6249,457,458
6249,525,526
6249,774,775
6250,1106,1107
6250,1134,1135
6250,1142,1143
6250,1160,1161
6251,1132,1133
6251,1142,1143
6251,1160,1161
6251,1369,1370
6252,1106,1107
6252,1142,1143
6252,1150,1151
6252,1160,1161
6253,1142,1143
6253,1150,1151
6253,1160,1161
6253,1369,1370
6254,1104,1105
6254,1150,1151
6254,1160,1161
6254,1369,1370
6255,1104,1105
6255,1150,1151
6255,1160,1161
6255,1172,1173
6256,1106,1107
6256,1150,1151
6256,1160,1161
6256,1172,1173
6257,1104,1105
6257,1330,1331
6257,1369,1370
6257,1409,1410
6258,1132,1133
6258,1302,1303
6258,1309,1310
6258,1330,1331
6259,1132,1133
6259,1302,1303
6259,1330,1331
6259,1369,1370
6260,1046,1047
6260,1141,1142
6260,1330,1331
6260,1409,1410
6261,1046,1047
6261,1330,1331
6261,1369,1370
6261,1409,1410
6262,1104,1105
6262,1160,1161
6262,1309,1310
6262,1330,1331
6263,1104,1105
6263,1160,1161
6263,1330,1331
6263,1369,1370
6264,1132,1133
6264,1160,1161
6264,1309,1310
6264,1330,1331
6265,1132,1133
6265,1160,1161
6265,1330,1331
6265,1369,1370
6266,1046,1047
6266,1141,1142
6266,1245,1246
6266,1330,1331
6267,1046,1047
6267,1267,1268
6267,1330,1331
6267,1369,1370
6268,1046,1047
6268,1245,1246
6268,1267,1268
6268,1330,1331
6269,1177,1178
6269,1267,1268
6269,1302,1303
6269,1330,1331
6270,1177,1178
6270,1302,1303
6270,1330,1331
6270,1369,1370
6271,1177,1178
6271,1267,1268
6271,1330,1331
6271,1369,1370
6272,1245,1246
6272,1267,1268
6272,1330,1331
6272,1419,1420
6273,1267,1268
6273,1302,1303
6273,1330,1331
6273,1419,1420
6274,1262,1263
6274,1279,1280
6274,1521,1522
6274,1581,1582
6275,1262,1263
6275,1538,1539
6275,1581,1582
6275,1591,1592
6276,1262,1263
6276,1521,1522
6276,1538,1539
6276,1581,1582
6277,1279,1280
6277,1321,1322
6277,1521,1522
6277,1581,1582
6278,1321,1322
6278,1367,1368
6278,1521,1522
6278,1581,1582
6279,1482,1483
6279,1538,1539
6279,1581,1582
6279,1591,1592
6280,1482,1483
6280,1509,1510
6280,1581,1582
6280,1591,1592
6281,1482,1483
6281,1509,1510
6281,1526,1527
6281,1581,1582
6282,1262,1263
6282,1524,1525
6282,1591,1592
6282,1644,1645
6283,1262,1263
6283,1524,1525
6283,1581,1582
6283,1591,1592
6284,1262,1263
6284,1279,1280
6284,1524,1525
6284,1581,1582
6285,1262,1263
6285,1322,1323
6285,1524,1525
6285,1644,1645
6286,1262,1263
6286,1279,1280
6286,1322,1323
6286,1524,1525
6287,1509,1510
6287,1524,1525
6287,1581,1582
6287,1591,1592
6288,1279,1280
6288,1509,1510
6288,1524,1525
6288,1581,1582
6289,1322,1323
6289,1524,1525
6289,1612,1613
6289,1644,1645
6290,1279,1280
6290,1509,1510
6290,1524,1525
6290,1629,1630
6291,1465,1466
6291,1524,1525
6291,1590,1591
6291,1591,1592
6292,1465,1466
6292,1524,1525
6292,1590,1591
6292,1612,1613
6293,1524,1525
6293,1590,1591
6293,1591,1592
6293,1644,1645
6294,1524,1525
6294,1590,1591
6294,1612,1613
6294,1644,1645
6295,1465,1466
6295,1509,1510
6295,1524,1525
6295,1591,1592
6296,1465,1466
6296,1509,1510
6296,1524,1525
6296,1629,1630
6297,1465,1466
6297,1524,1525
6297,1629,1630
6297,1838,1839
6298,1465,1466
6298,1524,1525
6298,1612,1613
6298,1838,1839
6299,1322,1323
6299,1524,1525
6299,1612,1613
6299,1661,1662
6300,1279,1280
6300,1524,1525
6300,1629,1630
6300,1661,1662
6301,1279,1280
6301,1322,1323
6301,1524,1525
6301,1661,1662
6302,1524,1525
6302,1629,1630
6302,1661,1662
6302,1838,1839
6303,1524,1525
6303,1612,1613
6303,1661,1662
6303,1838,1839
6304,1101,1102
6304,1221,1222
6304,1263,1264
6304,1395,1396
6305,1174,1175
6305,1221,1222
6305,1263,1264
6305,1395,1396
6306,1052,1053
6306,1263,1264
6306,1395,1396
6306,1429,1430
6307,1052,1053
6307,1256,1257
6307,1263,1264
6307,1429,1430
6308,1123,1124
6308,1158,1159
6308,1319,1320
6308,1383,1384
6309,1063,1064
6309,1123,1124
6309,1158,1159
6309,1383,1384
6310,1063,1064
6310,1123,1124
6310,1383,1384
6310,1384,1385
6311,1073,1074
6311,1123,1124
6311,1319,1320
6311,1383,1384
6312,1158,1159
6312,1312,1313
6312,1319,1320
6312,1383,1384
6313,974,975
6313,990,991
6313,1005,1006
6313,1228,1229
6314,864,865
6314,990,991
6314,1005,1006
6314,1228,1229
6315,846,847
6315,864,865
6315,990,991
6315,1005,1006
6316,846,847
6316,864,865
6316,913,914
6316,990,991
6317,846,847
6317,990,991
6317,997,998
6317,1005,1006
6318,859,860
6318,990,991
6318,997,998
6318,1005,1006
6319,859,860
6319,974,975
6319,990,991
6319,1005,1006
6320,846,847
6320,990,991
6320,997,998
6320,1070,1071
6321,846,847
6321,962,963
6321,990,991
6321,1070,1071
6322,846,847
6322,913,914
6322,962,963
6322,990,991
6323,207,208
6323,420,421
6323,438,439
6323,453,454
6324,420,421
6324,438,439
6324,453,454
6324,560,561
6325,438,439
6325,453,454
6325,560,561
6325,769,770
6326,403,404
6326,430,431
6326,438,439
6326,560,561
6327,403,404
6327,420,421
6327,438,439
6327,560,561
6328,430,431
6328,438,439
6328,560,561
6328,650,651
6329,438,439
6329,560,561
6329,650,651
6329,769,770
6330,430,431
6330,436,437
6330,438,439
6330,582,583
6331,207,208
6331,436,437
6331,438,439
6331,582,583
6332,207,208
6332,420,421
6332,436,437
6332,438,439
6333,403,404
6333,430,431
6333,436,437
6333,438,439
6334,403,404
6334,420,421
6334,436,437
6334,438,439
6335,385,386
6335,399,400
6335,427,428
6335,565,566
6336,207,208
6336,385,386
6336,399,400
6336,427,428
6337,191,192
6337,385,386
6337,427,428
6337,565,566
6338,191,192
6338,385,386
6338,427,428
6338,563,564
6339,207,208
6339,385,386
6339,427,428
6339,563,564
6340,326,327
6340,385,386
6340,402,403
6340,565,566
6341,385,386
6341,399,400
6341,402,403
6341,565,566
6342,191,192
6342,314,315
6342,385,386
6342,565,566
6343,314,315
6343,326,327
6343,385,386
6343,565,566
6344,167,168
6344,191,192
6344,385,386
6344,563,564
6345,167,168
6345,207,208
6345,385,386
6345,563,564
6346,326,327
6346,385,386
6346,402,403
6346,525,526
6347,385,386
6347,399,400
6347,402,403
6347,525,526
6348,326,327
6348,346,347
6348,385,386
6348,525,526
6349,314,315
6349,326,327
6349,346,347
6349,385,386
6350,314,315
6350,346,347
6350,385,386
6350,528,529
6351,167,168
6351,314,315
6351,385,386
6351,528,529
6352,167,168
6352,191,192
6352,314,315
6352,385,386
6353,210,211
6353,425,426
6353,525,526
6353,593,594
6354,399,400
6354,425,426
6354,525,526
6354,593,594
6355,385,386
6355,399,400
6355,525,526
6355,593,594
6356,207,208
6356,385,386
6356,399,400
6356,593,594
6357,207,208
6357,438,439
6357,582,583
6357,593,594
6358,207,208
6358,399,400
6358,453,454
6358,593,594
6359,207,208
6359,438,439
6359,453,454
6359,593,594
6360,399,400
6360,425,426
6360,593,594
6360,769,770
6361,399,400
6361,453,454
6361,593,594
6361,769,770
6362,438,439
6362,453,454
6362,593,594
6362,769,770
6363,403,404
6363,644,645
6363,714,715
6363,718,719
6364,400,401
6364,644,645
6364,714,715
6364,718,719
6365,403,404
6365,556,557
6365,644,645
6365,718,719
6366,400,401
6366,556,557
6366,644,645
6366,718,719
6367,403,404
6367,508,509
6367,556,557
6367,718,719
6368,400,401
6368,407,408
6368,714,715
6368,718,719
6369,407,408
6369,665,666
6369,714,715
6369,718,719
6370,403,404
6370,573,574
6370,714,715
6370,718,719
6371,403,404
6371,508,509
6371,573,574
6371,718,719
6372,508,509
6372,573,574
6372,665,666
6372,718,719
6373,471,472
6373,508,509
6373,665,666
6373,718,719
6374,573,574
6374,597,598
6374,714,715
6374,718,719
6375,573,574
6375,597,598
6375,665,666
6375,718,719
6376,597,598
6376,665,666
6376,714,715
6376,718,719
6377,471,472
6377,508,509
6377,691,692
6377,718,719
6378,471,472
6378,556,557
6378,691,692
6378,718,719
6379,508,509
6379,556,557
6379,691,692
6379,718,719
6380,1002,1003
6380,1076,1077
6380,1163,1164
6380,1425,1426
6381,1033,1034
6381,1123,1124
6381,1163,1164
6381,1425,1426
6382,1033,1034
6382,1182,1183
6382,1384,1385
6382,1425,1426
6383,869,870
6383,1002,1003
6383,1076,1077
6383,1425,1426
6384,1076,1077
6384,1123,1124
6384,1163,1164
6384,1425,1426
6385,869,870
6385,1076,1077
6385,1168,1169
6385,1425,1426
6386,869,870
6386,1168,1169
6386,1170,1171
6386,1425,1426
6387,1076,1077
6387,1123,1124
6387,1168,1169
6387,1425,1426
6388,1182,1183
6388,1332,1333
6388,1377,1378
6388,1432,1433
6389,1309,1310
6389,1328,1329
6389,1377,1378
6389,1432,1433
6390,1309,1310
6390,1328,1329
6390,1375,1376
6390,1432,1433
6391,1332,1333
6391,1377,1378
6391,1413,1414
6391,1432,1433
6392,1326,1327
6392,1332,1333
6392,1413,1414
6392,1432,1433
6393,1326,1327
6393,1332,1333
6393,1432,1433
6393,1538,1539
6394,1302,1303
6394,1309,1310
6394,1375,1376
6394,1432,1433
6395,1328,1329
6395,1342,1343
6395,1375,1376
6395,1432,1433
6396,1326,1327
6396,1413,1414
6396,1432,1433
6396,1645,1646
6397,1326,1327
6397,1432,1433
6397,1538,1539
6397,1624,1625
6398,1326,1327
6398,1342,1343
6398,1432,1433
6398,1645,1646
6399,1326,1327
6399,1342,1343
6399,1432,1433
6399,1624,1625
6400,1342,1343
6400,1375,1376
6400,1432,1433
6400,1624,1625
6401,1328,1329
6401,1368,1369
6401,1377,1378
6401,1432,1433
6402,1328,1329
6402,1342,1343
6402,1368,1369
6402,1432,1433
6403,1368,1369
6403,1413,1414
6403,1432,1433
6403,1645,1646
6404,1368,1369
6404,1377,1378
6404,1413,1414
6404,1432,1433
6405,1375,1376
6405,1432,1433
6405,1502,1503
6405,1624,1625
6406,1342,1343
6406,1368,1369
6406,1432,1433
6406,1645,1646
6407,1271,1272
6407,1279,1280
6407,1321,1322
6407,1403,1404
6408,1271,1272
6408,1279,1280
6408,1321,1322
6408,1581,1582
6409,1271,1272
6409,1321,1322
6409,1367,1368
6409,1581,1582
6410,1271,1272
6410,1367,1368
6410,1526,1527
6410,1581,1582
6411,1271,1272
6411,1279,1280
6411,1509,1510
6411,1581,1582
6412,1271,1272
6412,1509,1510
6412,1526,1527
6412,1581,1582
6413,1271,1272
6413,1509,1510
6413,1526,1527
6413,1649,1650
6414,1271,1272
6414,1321,1322
6414,1403,1404
6414,1451,1452
6415,1271,1272
6415,1403,1404
6415,1451,1452
6415,1663,1664
6416,1271,1272
6416,1403,1404
6416,1562,1563
6416,1663,1664
6417,1271,1272
6417,1562,1563
6417,1649,1650
6417,1663,1664
6418,1271,1272
6418,1403,1404
6418,1562,1563
6418,1629,1630
6419,1271,1272
6419,1279,1280
6419,1403,1404
6419,1629,1630
6420,1271,1272
6420,1509,1510
6420,1562,1563
6420,1649,1650
6421,1271,1272
6421,1509,1510
6421,1562,1563
6421,1629,1630
6422,1271,1272
6422,1279,1280
6422,1509,1510
6422,1629,1630
6423,1032,1033
6423,1033,1034
6423,1225,1226
6423,1290,1291
6424,1032,1033
6424,1033,1034
6424,1290,1291
6424,1343,1344
6425,1032,1033
6425,1225,1226
6425,1275,1276
6425,1290,1291
6426,1033,1034
6426,1290,1291
6426,1343,1344
6426,1384,1385
6427,1290,1291
6427,1343,1344
6427,1384,1385
6427,1431,1432
6428,1032,1033
6428,1275,1276
6428,1290,1291
6428,1293,1294
6429,1032,1033
6429,1290,1291
6429,1293,1294
6429,1343,1344
6430,1033,1034
6430,1060,1061
6430,1225,1226
6430,1290,1291
6431,1033,1034
6431,1060,1061
6431,1063,1064
6431,1290,1291
6432,1060,1061
6432,1063,1064
6432,1225,1226
6432,1290,1291
6433,1033,1034
6433,1063,1064
6433,1290,1291
6433,1384,1385
6434,1225,1226
6434,1238,1239
6434,1275,1276
6434,1290,1291
6435,1238,1239
6435,1275,1276
6435,1290,1291
6435,1431,1432
6436,1275,1276
6436,1290,1291
6436,1293,1294
6436,1431,1432
6437,1290,1291
6437,1293,1294
6437,1343,1344
6437,1431,1432
6438,1063,1064
6438,1290,1291
6438,1383,1384
6438,1384,1385
6439,1225,1226
6439,1238,1239
6439,1290,1291
6439,1317,1318
6440,1063,1064
6440,1225,1226
6440,1290,1291
6440,1317,1318
6441,1290,1291
6441,1359,1360
6441,1384,1385
6441,1431,1432
6442,1290,1291
6442,1359,1360
6442,1383,1384
6442,1384,1385
6443,1367,1368
6443,1431,1432
6443,1508,1509
6443,1526,1527
6444,1293,1294
6444,1343,1344
6444,1431,1432
6444,1508,1509
6445,1332,1333
6445,1343,1344
6445,1386,1387
6445,1508,1509
6446,1293,1294
6446,1343,1344
6446,1386,1387
6446,1508,1509
6447,1482,1483
6447,1508,1509
6447,1526,1527
6447,1581,1582
6448,1367,1368
6448,1508,1509
6448,1526,1527
6448,1581,1582
6449,1274,1275
6449,1482,1483
6449,1508,1509
6449,1526,1527
6450,1293,1294
6450,1390,1391
6450,1431,1432
6450,1508,1509
6451,1390,1391
6451,1431,1432
6451,1508,1509
6451,1526,1527
6452,1482,1483
6452,1508,1509
6452,1538,1539
6452,1581,1582
6453,1274,1275
6453,1293,1294
6453,1390,1391
6453,1508,1509
6454,1274,1275
6454,1390,1391
6454,1508,1509
6454,1526,1527
6455,1274,1275
6455,1482,1483
6455,1485,1486
6455,1532,1533
6456,1303,1304
6456,1386,1387
6456,1468,1469
6456,1532,1533
6457,1274,1275
6457,1293,1294
6457,1475,1476
6457,1532,1533
6458,1293,1294
6458,1386,1387
6458,1475,1476
6458,1532,1533
6459,1274,1275
6459,1482,1483
6459,1508,1509
6459,1532,1533
6460,1303,1304
6460,1326,1327
6460,1485,1486
6460,1532,1533
6461,1326,1327
6461,1482,1483
6461,1485,1486
6461,1532,1533
6462,1332,1333
6462,1386,1387
6462,1508,1509
6462,1532,1533
6463,1274,1275
6463,1293,1294
6463,1508,1509
6463,1532,1533
6464,1293,1294
6464,1386,1387
6464,1508,1509
6464,1532,1533
6465,1303,1304
6465,1386,1387
6465,1413,1414
6465,1532,1533
6466,1332,1333
6466,1386,1387
6466,1413,1414
6466,1532,1533
6467,1303,1304
6467,1326,1327
6467,1413,1414
6467,1532,1533
6468,1326,1327
6468,1332,1333
6468,1413,1414
6468,1532,1533
6469,1326,1327
6469,1482,1483
6469,1532,1533
6469,1538,1539
6470,1482,1483
6470,1508,1509
6470,1532,1533
6470,1538,1539
6471,1326,1327
6471,1332,1333
6471,1532,1533
6471,1538,1539
6472,1332,1333
6472,1508,1509
6472,1532,1533
6472,1538,1539
6473,1274,1275
6473,1301,1302
6473,1418,1419
6473,1475,1476
6474,1274,1275
6474,1301,1302
6474,1418,1419
6474,1485,1486
6475,1274,1275
6475,1418,1419
6475,1475,1476
6475,1532,1533
6476,1274,1275
6476,1418,1419
6476,1485,1486
6476,1532,1533
6477,1303,1304
6477,1418,1419
6477,1485,1486
6477,1532,1533
6478,1303,1304
6478,1418,1419
6478,1472,1473
6478,1485,1486
6479,1303,1304
6479,1418,1419
6479,1468,1469
6479,1532,1533
6480,1303,1304
6480,1418,1419
6480,1468,1469
6480,1518,1519
6481,1303,1304
6481,1418,1419
6481,1472,1473
6481,1518,1519
6482,1301,1302
6482,1418,1419
6482,1472,1473
6482,1646,1647
6483,1301,1302
6483,1418,1419
6483,1485,1486
6483,1646,1647
6484,1418,1419
6484,1472,1473
6484,1485,1486
6484,1646,1647
6485,1386,1387
6485,1418,1419
6485,1468,1469
6485,1475,1476
6486,1386,1387
6486,1418,1419
6486,1468,1469
6486,1532,1533
6487,1386,1387
6487,1418,1419
6487,1475,1476
6487,1532,1533
6488,742,743
6488,812,813
6488,932,933
6488,1003,1004
6489,742,743
6489,818,819
6489,932,933
6489,982,983
6490,642,643
6490,742,743
6490,818,819
6490,932,933
6491,642,643
6491,742,743
6491,812,813
6491,932,933
6492,742,743
6492,916,917
6492,932,933
6492,982,983
6493,742,743
6493,916,917
6493,932,933
6493,1003,1004
6494,818,819
6494,875,876
6494,932,933
6494,982,983
6495,812,813
6495,825,826
6495,932,933
6495,1003,1004
6496,642,643
6496,813,814
6496,818,819
6496,932,933
6497,642,643
6497,812,813
6497,813,814
6497,932,933
6498,787,788
6498,825,826
6498,932,933
6498,1003,1004
6499,916,917
6499,929,930
6499,932,933
6499,982,983
6500,875,876
6500,929,930
6500,932,933
6500,982,983
6501,787,788
6501,916,917
6501,932,933
6501,1003,1004
6502,787,788
6502,875,876
6502,932,933
6502,933,934
6503,787,788
6503,825,826
6503,932,933
6503,933,934
6504,629,630
6504,875,876
6504,932,933
6504,933,934
6505,629,630
6505,818,819
6505,875,876
6505,932,933
6506,629,630
6506,813,814
6506,818,819
6506,932,933
6507,787,788
6507,916,917
6507,929,930
6507,932,933
6508,787,788
6508,875,876
6508,929,930
6508,932,933
6509,493,494
6509,667,668
6509,792,793
6509,1028,1029
6510,493,494
6510,792,793
6510,812,813
6510,1028,1029
6511,667,668
6511,792,793
6511,812,813
6511,1028,1029
6512,493,494
6512,633,634
6512,667,668
6512,1028,1029
6513,493,494
6513,812,813
6513,914,915
6513,1028,1029
6514,633,634
6514,667,668
6514,902,903
6514,1028,1029
6515,493,494
6515,633,634
6515,773,774
6515,1028,1029
6516,667,668
6516,813,814
6516,902,903
6516,1028,1029
6517,812,813
6517,825,826
6517,914,915
6517,1028,1029
6518,642,643
6518,667,668
6518,813,814
6518,1028,1029
6519,642,643
6519,812,813
6519,813,814
6519,1028,1029
6520,642,643
6520,667,668
6520,812,813
6520,1028,1029
6521,812,813
6521,825,826
6521,932,933
6521,1028,1029
6522,812,813
6522,813,814
6522,932,933
6522,1028,1029
6523,629,630
6523,875,876
6523,933,934
6523,940,941
6524,629,630
6524,875,876
6524,940,941
6524,1199,1200
6525,875,876
6525,933,934
6525,940,941
6525,963,964
6526,875,876
6526,940,941
6526,963,964
6526,1199,1200
6527,940,941
6527,954,955
6527,963,964
6527,1199,1200
6528,838,839
6528,940,941
6528,954,955
6528,1199,1200
6529,629,630
6529,838,839
6529,940,941
6529,1199,1200
6530,879,880
6530,940,941
6530,954,955
6530,963,964
6531,879,880
6531,933,934
6531,940,941
6531,963,964
6532,838,839
6532,909,910
6532,940,941
6532,954,955
6533,879,880
6533,909,910
6533,940,941
6533,954,955
6534,838,839
6534,909,910
6534,934,935
6534,940,941
6535,831,832
6535,879,880
6535,909,910
6535,940,941
6536,831,832
6536,909,910
6536,934,935
6536,940,941
6537,838,839
6537,896,897
6537,934,935
6537,940,941
6538,629,630
6538,838,839
6538,896,897
6538,940,941
6539,879,880
6539,933,934
6539,940,941
6539,1015,1016
6540,831,832
6540,879,880
6540,940,941
6540,1015,1016
6541,825,826
6541,988,989
6541,1009,1010
6541,1017,1018
6542,825,826
6542,988,989
6542,1009,1010
6542,1015,1016
6543,773,774
6543,914,915
6543,988,989
6543,1017,1018
6544,825,826
6544,914,915
6544,988,989
6544,1017,1018
6545,825,826
6545,914,915
6545,988,989
6545,1028,1029
6546,493,494
6546,773,774
6546,914,915
6546,988,989
6547,493,494
6547,914,915
6547,988,989
6547,1028,1029
6548,493,494
6548,773,774
6548,988,989
6548,1028,1029
6549,696,697
6549,814,815
6549,831,832
6549,956,957
6550,696,697
6550,831,832
6550,918,919
6550,956,957
6551,696,697
6551,831,832
6551,918,919
6551,1015,1016
6552,689,690
6552,696,697
6552,831,832
6552,1015,1016
6553,696,697
6553,918,919
6553,1009,1010
6553,1015,1016
6554,689,690
6554,696,697
6554,814,815
6554,831,832
6555,689,690
6555,696,697
6555,988,989
6555,1015,1016
6556,696,697
6556,988,989
6556,1009,1010
6556,1015,1016
6557,696,697
6557,890,891
6557,918,919
6557,956,957
6558,696,697
6558,890,891
6558,918,919
6558,1009,1010
6559,680,681
6559,696,697
6559,814,815
6559,956,957
6560,680,681
6560,696,697
6560,890,891
6560,956,957
6561,654,655
6561,692,693
6561,708,709
6561,1025,1026
6562,654,655
6562,692,693
6562,738,739
6562,1025,1026
6563,414,415
6563,501,502
6563,706,707
6563,788,789
6564,414,415
6564,501,502
6564,646,647
6564,706,707
6565,414,415
6565,646,647
6565,706,707
6565,719,720
6566,414,415
6566,670,671
6566,706,707
6566,788,789
6567,417,418
6567,441,442
6567,470,471
6567,715,716
6568,417,418
6568,470,471
6568,715,716
6568,745,746
6569,470,471
6569,638,639
6569,668,669
6569,745,746
6570,417,418
6570,470,471
6570,514,515
6570,764,765
6571,417,418
6571,441,442
6571,470,471
6571,764,765
6572,417,418
6572,470,471
6572,514,515
6572,800,801
6573,417,418
6573,470,471
6573,745,746
6573,800,801
6574,470,471
6574,514,515
6574,668,669
6574,805,806
6575,470,471
6575,668,669
6575,745,746
6575,805,806
6576,470,471
6576,638,639
6576,668,669
6576,713,714
6577,470,471
6577,514,515
6577,800,801
6577,805,806
6578,470,471
6578,745,746
6578,800,801
6578,805,806
6579,441,442
6579,457,458
6579,470,471
6579,764,765
6580,441,442
6580,470,471
6580,713,714
6580,774,775
6581,441,442
6581,457,458
6581,470,471
6581,774,775
6582,457,458
6582,470,471
6582,713,714
6582,774,775
6583,706,707
6583,715,716
6583,800,801
6583,1008,1009
6584,715,716
6584,745,746
6584,800,801
6584,1008,1009
6585,706,707
6585,784,785
6585,800,801
6585,1008,1009
6586,784,785
6586,800,801
6586,948,949
6586,1008,1009
6587,654,655
6587,784,785
6587,948,949
6587,1008,1009
6588,501,502
6588,706,707
6588,784,785
6588,1008,1009
6589,501,502
6589,646,647
6589,706,707
6589,1008,1009
6590,501,502
6590,692,693
6590,784,785
6590,1008,1009
6591,501,502
6591,646,647
6591,692,693
6591,1008,1009
6592,654,655
6592,692,693
6592,708,709
6592,1008,1009
6593,646,647
6593,692,693
6593,708,709
6593,1008,1009
6594,619,620
6594,689,690
6594,934,935
6594,941,942
6595,619,620
6595,689,690
6595,755,756
6595,941,942
6596,619,620
6596,829,830
6596,860,861
6596,977,978
6597,619,620
6597,860,861
6597,934,935
6597,977,978
6598,619,620
6598,708,709
6598,814,815
6598,829,830
6599,619,620
6599,814,815
6599,829,830
6599,977,978
6600,619,620
6600,689,690
6600,934,935
6600,977,978
6601,619,620
6601,689,690
6601,814,815
6601,977,978
6602,633,634
6602,690,691
6602,735,736
6602,902,903
6603,479,480
6603,532,533
6603,700,701
6603,790,791
6604,479,480
6604,700,701
6604,753,754
6604,790,791
6605,414,415
6605,532,533
6605,700,701
6605,790,791
6606,474,475
6606,479,480
6606,532,533
6606,790,791
6607,474,475
6607,479,480
6607,609,610
6607,790,791
6608,414,415
6608,670,671
6608,706,707
6608,790,791
6609,417,418
6609,670,671
6609,706,707
6609,790,791
6610,417,418
6610,706,707
6610,715,716
6610,790,791
6611,414,415
6611,700,701
6611,719,720
6611,790,791
6612,414,415
6612,532,533
6612,788,789
6612,790,791
6613,414,415
6613,670,671
6613,788,789
6613,790,791
6614,474,475
6614,532,533
6614,788,789
6614,790,791
6615,474,475
6615,670,671
6615,788,789
6615,790,791
6616,640,641
6616,784,785
6616,991,992
6616,1016,1017
6617,784,785
6617,948,949
6617,991,992
6617,1016,1017
6618,728,729
6618,948,949
6618,991,992
6618,1016,1017
6619,501,502
6619,640,641
6619,784,785
6619,991,992
6620,501,502
6620,692,693
6620,784,785
6620,991,992
6621,654,655
6621,692,693
6621,738,739
6621,991,992
6622,654,655
6622,784,785
6622,948,949
6622,991,992
6623,654,655
6623,784,785
6623,991,992
6623,1008,1009
6624,692,693
6624,784,785
6624,991,992
6624,1008,1009
6625,654,655
6625,692,693
6625,991,992
6625,1008,1009
6626,648,649
6626,654,655
6626,948,949
6626,991,992
6627,648,649
6627,728,729
6627,948,949
6627,991,992
6628,648,649
6628,654,655
6628,738,739
6628,991,992
6629,648,649
6629,728,729
6629,738,739
6629,991,992
6630,1335,1336
6630,1347,1348
6630,1388,1389
6630,1514,1515
6631,1347,1348
6631,1388,1389
6631,1513,1514
6631,1514,1515
6632,1335,1336
6632,1388,1389
6632,1514,1515
6632,1638,1639
6633,1351,1352
6633,1388,1389
6633,1514,1515
6633,1638,1639
6634,1267,1268
6634,1335,1336
6634,1347,1348
6634,1388,1389
6635,1305,1306
6635,1388,1389
6635,1419,1420
6635,1638,1639
6636,1267,1268
6636,1305,1306
6636,1388,1389
6636,1419,1420
6637,1335,1336
6637,1388,1389
6637,1419,1420
6637,1638,1639
6638,1267,1268
6638,1335,1336
6638,1388,1389
6638,1419,1420
6639,1305,1306
6639,1351,1352
6639,1388,1389
6639,1638,1639
6640,1277,1278
6640,1305,1306
6640,1351,1352
6640,1388,1389
6641,1232,1233
6641,1347,1348
6641,1388,1389
6641,1513,1514
6642,1277,1278
6642,1305,1306
6642,1388,1389
6642,1623,1624
6643,1277,1278
6643,1373,1374
6643,1388,1389
6643,1623,1624
6644,1235,1236
6644,1267,1268
6644,1305,1306
6644,1388,1389
6645,1235,1236
6645,1267,1268
6645,1373,1374
6645,1388,1389
6646,1114,1115
6646,1267,1268
6646,1347,1348
6646,1388,1389
6647,1114,1115
6647,1267,1268
6647,1373,1374
6647,1388,1389
6648,1114,1115
6648,1232,1233
6648,1347,1348
6648,1388,1389
6649,1114,1115
6649,1232,1233
6649,1373,1374
6649,1388,1389
6650,1235,1236
6650,1373,1374
6650,1388,1389
6650,1623,1624
6651,1235,1236
6651,1305,1306
6651,1380,1381
6651,1388,1389
6652,1305,1306
6652,1380,1381
6652,1388,1389
6652,1623,1624
6653,1235,1236
6653,1380,1381
6653,1388,1389
6653,1623,1624
6654,1351,1352
6654,1357,1358
6654,1514,1515
6654,1567,1568
6655,1351,1352
6655,1357,1358
6655,1388,1389
6655,1514,1515
6656,1357,1358
6656,1388,1389
6656,1513,1514
6656,1514,1515
6657,1357,1358
6657,1477,1478
6657,1514,1515
6657,1567,1568
6658,1357,1358
6658,1477,1478
6658,1513,1514
6658,1514,1515
6659,1277,1278
6659,1351,1352
6659,1357,1358
6659,1388,1389
6660,1351,1352
6660,1357,1358
6660,1461,1462
6660,1567,1568
6661,1236,1237
6661,1357,1358
6661,1477,1478
6661,1567,1568
6662,1236,1237
6662,1357,1358
6662,1461,1462
6662,1567,1568
6663,1357,1358
6663,1415,1416
6663,1477,1478
6663,1513,1514
6664,1357,1358
6664,1415,1416
6664,1477,1478
6664,1551,1552
6665,1357,1358
6665,1477,1478
6665,1529,1530
6665,1551,1552
6666,1357,1358
6666,1461,1462
6666,1529,1530
6666,1551,1552
6667,1236,1237
6667,1357,1358
6667,1477,1478
6667,1529,1530
6668,1236,1237
6668,1357,1358
6668,1461,1462
6668,1529,1530
6669,1448,1449
6669,1469,1470
6669,1599,1600
6669,1839,1840
6670,1448,1449
6670,1469,1470
6670,1599,1600
6670,1684,1685
6671,1469,1470
6671,1474,1475
6671,1599,1600
6671,1684,1685
6672,1469,1470
6672,1563,1564
6672,1740,1741
6672,1839,1840
6673,1469,1470
6673,1563,1564
6673,1599,1600
6673,1839,1840
6674,1469,1470
6674,1474,1475
6674,1563,1564
6674,1599,1600
6675,1469,1470
6675,1675,1676
6675,1687,1688
6675,1740,1741
6676,1469,1470
6676,1563,1564
6676,1687,1688
6676,1740,1741
6677,1469,1470
6677,1474,1475
6677,1563,1564
6677,1687,1688
6678,1474,1475
6678,1557,1558
6678,1634,1635
6678,1684,1685
6679,1474,1475
6679,1557,1558
6679,1634,1635
6679,1687,1688
6680,1469,1470
6680,1474,1475
6680,1557,1558
6680,1684,1685
6681,1469,1470
6681,1474,1475
6681,1557,1558
6681,1687,1688
6682,1557,1558
6682,1634,1635
6682,1684,1685
6682,1826,1827
6683,1469,1470
6683,1557,1558
6683,1675,1676
6683,1687,1688
6684,1546,1547
6684,1557,1558
6684,1634,1635
6684,1826,1827
6685,1546,1547
6685,1557,1558
6685,1621,1622
6685,1826,1827
6686,1557,1558
6686,1634,1635
6686,1687,1688
6686,1828,1829
6687,1557,1558
6687,1687,1688
6687,1763,1764
6687,1828,1829
6688,1557,1558
6688,1675,1676
6688,1802,1803
6688,1831,1832
6689,1469,1470
6689,1557,1558
6689,1675,1676
6689,1802,1803
6690,1557,1558
6690,1675,1676
6690,1763,1764
6690,1831,1832
6691,1557,1558
6691,1675,1676
6691,1687,1688
6691,1763,1764
6692,1546,1547
6692,1557,1558
6692,1634,1635
6692,1828,1829
6693,1557,1558
6693,1659,1660
6693,1763,1764
6693,1828,1829
6694,1557,1558
6694,1659,1660
6694,1763,1764
6694,1831,1832
6695,1546,1547
6695,1557,1558
6695,1659,1660
6695,1828,1829
6696,1546,1547
6696,1557,1558
6696,1621,1622
6696,1659,1660
6697,1557,1558
6697,1659,1660
6697,1820,1821
6697,1831,1832
6698,1557,1558
6698,1621,1622
6698,1659,1660
6698,1820,1821
6699,1687,1688
6699,1766,1767
6699,1805,1806
6699,1824,1825
6700,1766,1767
6700,1778,1779
6700,1824,1825
6700,1848,1849
6701,1766,1767
6701,1805,1806
6701,1824,1825
6701,1848,1849
6702,1687,1688
6702,1763,1764
6702,1766,1767
6702,1824,1825
6703,1687,1688
6703,1778,1779
6703,1824,1825
6703,1848,1849
6704,1687,1688
6704,1805,1806
6704,1824,1825
6704,1848,1849
6705,1763,1764
6705,1766,1767
6705,1818,1819
6705,1824,1825
6706,1726,1727
6706,1763,1764
6706,1818,1819
6706,1824,1825
6707,1675,1676
6707,1726,1727
6707,1763,1764
6707,1824,1825
6708,1675,1676
6708,1687,1688
6708,1763,1764
6708,1824,1825
6709,1675,1676
6709,1726,1727
6709,1824,1825
6709,1844,1845
6710,1454,1455
6710,1611,1612
6710,1702,1703
6710,1755,1756
6711,1454,1455
6711,1698,1699
6711,1702,1703
6711,1755,1756
6712,1611,1612
6712,1702,1703
6712,1755,1756
6712,1838,1839
6713,1454,1455
6713,1611,1612
6713,1747,1748
6713,1755,1756
6714,1454,1455
6714,1698,1699
6714,1747,1748
6714,1755,1756
6715,1515,1516
6715,1702,1703
6715,1755,1756
6715,1838,1839
6716,1611,1612
6716,1689,1690
6716,1755,1756
6716,1838,1839
6717,1611,1612
6717,1689,1690
6717,1747,1748
6717,1755,1756
6718,1448,1449
6718,1515,1516
6718,1755,1756
6718,1838,1839
6719,1448,1449
6719,1689,1690
6719,1755,1756
6719,1838,1839
6720,1448,1449
6720,1515,1516
6720,1755,1756
6720,1839,1840
6721,1698,1699
6721,1743,1744
6721,1752,1753
6721,1837,1838
6722,1712,1713
6722,1743,1744
6722,1752,1753
6722,1837,1838
6723,1698,1699
6723,1741,1742
6723,1752,1753
6723,1837,1838
6724,1692,1693
6724,1712,1713
6724,1743,1744
6724,1837,1838
6725,1712,1713
6725,1730,1731
6725,1752,1753
6725,1837,1838
6726,1730,1731
6726,1741,1742
6726,1752,1753
6726,1837,1838
6727,1731,1732
6727,1757,1758
6727,1834,1835
6727,1845,1846
6728,1741,1742
6728,1801,1802
6728,1837,1838
6728,1845,1846
6729,1698,1699
6729,1741,1742
6729,1837,1838
6729,1845,1846
6730,1692,1693
6730,1731,1732
6730,1747,1748
6730,1845,1846
6731,1731,1732
6731,1747,1748
6731,1834,1835
6731,1845,1846
6732,1692,1693
6732,1698,1699
6732,1747,1748
6732,1845,1846
6733,1698,1699
6733,1747,1748
6733,1834,1835
6733,1845,1846
6734,1692,1693
6734,1698,1699
6734,1743,1744
6734,1845,1846
6735,1692,1693
6735,1743,1744
6735,1837,1838
6735,1845,1846
6736,1698,1699
6736,1743,1744
6736,1837,1838
6736,1845,1846
6737,1047,1048
6737,1109,1110
6737,1292,1293
6737,1376,1377
6738,1047,1048
6738,1135,1136
6738,1292,1293
6738,1376,1377
6739,1047,1048
6739,1135,1136
6739,1292,1293
6739,1435,1436
6740,1047,1048
6740,1109,1110
6740,1239,1240
6740,1292,1293
6741,1047,1048
6741,1239,1240
6741,1292,1293
6741,1435,1436
6742,1047,1048
6742,1109,1110
6742,1190,1191
6742,1239,1240
6743,1047,1048
6743,1135,1136
6743,1296,1297
6743,1376,1377
6744,1047,1048
6744,1135,1136
6744,1296,1297
6744,1435,1436
6745,1047,1048
6745,1109,1110
6745,1184,1185
6745,1376,1377
6746,1047,1048
6746,1109,1110
6746,1184,1185
6746,1190,1191
6747,1047,1048
6747,1239,1240
6747,1273,1274
6747,1435,1436
6748,1022,1023
6748,1047,1048
6748,1184,1185
6748,1376,1377
6749,1047,1048
6749,1270,1271
6749,1296,1297
6749,1376,1377
6750,1047,1048
6750,1221,1222
6750,1273,1274
6750,1435,1436
6751,1035,1036
6751,1047,1048
6751,1184,1185
6751,1190,1191
6752,1022,1023
6752,1035,1036
6752,1047,1048
6752,1184,1185
6753,1022,1023
6753,1047,1048
6753,1270,1271
6753,1376,1377
6754,1022,1023
6754,1047,1048
6754,1174,1175
6754,1270,1271
6755,1035,1036
6755,1047,1048
6755,1174,1175
6755,1190,1191
6756,1022,1023
6756,1035,1036
6756,1047,1048
6756,1174,1175
6757,1047,1048
6757,1174,1175
6757,1221,1222
6757,1270,1271
6758,1047,1048
6758,1221,1222
6758,1270,1271
6758,1296,1297
6759,1047,1048
6759,1221,1222
6759,1296,1297
6759,1435,1436
6760,1075,1076
6760,1087,1088
6760,1201,1202
6760,1287,1288
6761,1109,1110
6761,1216,1217
6761,1287,1288
6761,1292,1293
6762,1087,1088
6762,1109,1110
6762,1216,1217
6762,1287,1288
6763,1087,1088
6763,1201,1202
6763,1216,1217
6763,1287,1288
6764,1087,1088
6764,1109,1110
6764,1183,1184
6764,1287,1288
6765,1075,1076
6765,1087,1088
6765,1183,1184
6765,1287,1288
6766,1116,1117
6766,1201,1202
6766,1216,1217
6766,1287,1288
6767,1116,1117
6767,1216,1217
6767,1287,1288
6767,1292,1293
6768,1085,1086
6768,1116,1117
6768,1201,1202
6768,1287,1288
6769,1085,1086
6769,1116,1117
6769,1287,1288
6769,1292,1293
6770,1075,1076
6770,1144,1145
6770,1183,1184
6770,1287,1288
6771,1085,1086
6771,1178,1179
6771,1287,1288
6771,1292,1293
6772,1050,1051
6772,1144,1145
6772,1183,1184
6772,1287,1288
6773,1050,1051
6773,1109,1110
6773,1183,1184
6773,1287,1288
6774,1144,1145
6774,1178,1179
6774,1239,1240
6774,1287,1288
6775,1109,1110
6775,1239,1240
6775,1287,1288
6775,1292,1293
6776,1178,1179
6776,1239,1240
6776,1287,1288
6776,1292,1293
6777,1050,1051
6777,1144,1145
6777,1239,1240
6777,1287,1288
6778,1050,1051
6778,1109,1110
6778,1239,1240
6778,1287,1288
6779,1092,1093
6779,1114,1115
6779,1223,1224
6779,1306,1307
6780,1114,1115
6780,1223,1224
6780,1226,1227
6780,1306,1307
6781,1058,1059
6781,1181,1182
6781,1223,1224
6781,1298,1299
6782,1102,1103
6782,1129,1130
6782,1223,1224
6782,1226,1227
6783,1129,1130
6783,1223,1224
6783,1226,1227
6783,1306,1307
6784,830,831
6784,903,904
6784,1018,1019
6784,1126,1127
6785,903,904
6785,944,945
6785,1018,1019
6785,1126,1127
6786,903,904
6786,944,945
6786,1126,1127
6786,1181,1182
6787,1126,1127
6787,1181,1182
6787,1223,1224
6787,1298,1299
6788,903,904
6788,1126,1127
6788,1179,1180
6788,1181,1182
6789,1126,1127
6789,1179,1180
6789,1181,1182
6789,1298,1299
6790,1058,1059
6790,1126,1127
6790,1181,1182
6790,1223,1224
6791,830,831
6791,903,904
6791,1126,1127
6791,1213,1214
6792,903,904
6792,1126,1127
6792,1179,1180
6792,1213,1214
6793,1055,1056
6793,1126,1127
6793,1179,1180
6793,1298,1299
6794,1092,1093
6794,1126,1127
6794,1223,1224
6794,1298,1299
6795,1092,1093
6795,1126,1127
6795,1223,1224
6795,1306,1307
6796,830,831
6796,865,866
6796,1126,1127
6796,1213,1214
6797,865,866
6797,1126,1127
6797,1179,1180
6797,1213,1214
6798,865,866
6798,1055,1056
6798,1126,1127
6798,1179,1180
6799,1029,1030
6799,1099,1100
6799,1157,1158
6799,1193,1194
6800,922,923
6800,1029,1030
6800,1099,1100
6800,1157,1158
6801,922,923
6801,946,947
6801,1029,1030
6801,1157,1158
6802,1089,1090
6802,1099,1100
6802,1157,1158
6802,1193,1194
6803,922,923
6803,1099,1100
6803,1157,1158
6803,1181,1182
6804,922,923
6804,946,947
6804,1157,1158
6804,1181,1182
6805,1029,1030
6805,1157,1158
6805,1193,1194
6805,1353,1354
6806,946,947
6806,1058,1059
6806,1157,1158
6806,1181,1182
6807,946,947
6807,1157,1158
6807,1159,1160
6807,1341,1342
6808,1157,1158
6808,1159,1160
6808,1353,1354
6808,1371,1372
6809,1157,1158
6809,1159,1160
6809,1197,1198
6809,1353,1354
6810,1029,1030
6810,1157,1158
6810,1197,1198
6810,1353,1354
6811,946,947
6811,1157,1158
6811,1159,1160
6811,1197,1198
6812,946,947
6812,1029,1030
6812,1157,1158
6812,1197,1198
6813,837,838
6813,852,853
6813,939,940
6813,1088,1089
6814,837,838
6814,852,853
6814,939,940
6814,1058,1059
6815,837,838
6815,939,940
6815,944,945
6815,1088,1089
6816,837,838
6816,939,940
6816,944,945
6816,1058,1059
6817,837,838
6817,852,853
6817,1058,1059
6817,1102,1103
6818,837,838
6818,852,853
6818,880,881
6818,1102,1103
6819,837,838
6819,852,853
6819,880,881
6819,1088,1089
6820,837,838
6820,880,881
6820,1102,1103
6820,1129,1130
6821,837,838
6821,1102,1103
6821,1129,1130
6821,1223,1224
6822,837,838
6822,1058,1059
6822,1102,1103
6822,1223,1224
6823,837,838
6823,880,881
6823,923,924
6823,1129,1130
6824,837,838
6824,880,881
6824,923,924
6824,1088,1089
6825,837,838
6825,923,924
6825,944,945
6825,1018,1019
6826,837,838
6826,923,924
6826,944,945
6826,1088,1089
6827,837,838
6827,1058,1059
6827,1126,1127
6827,1223,1224
6828,837,838
6828,944,945
6828,1018,1019
6828,1126,1127
6829,837,838
6829,1129,1130
6829,1223,1224
6829,1306,1307
6830,837,838
6830,1126,1127
6830,1223,1224
6830,1306,1307
6831,837,838
6831,944,945
6831,1058,1059
6831,1181,1182
6832,837,838
6832,944,945
6832,1126,1127
6832,1181,1182
6833,837,838
6833,1058,1059
6833,1126,1127
6833,1181,1182
6834,1038,1039
6834,1077,1078
6834,1095,1096
6834,1118,1119
6835,1077,1078
6835,1095,1096
6835,1118,1119
6835,1341,1342
6836,1058,1059
6836,1077,1078
6836,1095,1096
6836,1341,1342
6837,1058,1059
6837,1077,1078
6837,1095,1096
6837,1102,1103
6838,1058,1059
6838,1077,1078
6838,1102,1103
6838,1223,1224
6839,946,947
6839,1058,1059
6839,1077,1078
6839,1341,1342
6840,946,947
6840,1077,1078
6840,1157,1158
6840,1341,1342
6841,946,947
6841,1058,1059
6841,1077,1078
6841,1157,1158
6842,1058,1059
6842,1077,1078
6842,1223,1224
6842,1298,1299
6843,1058,1059
6843,1077,1078
6843,1181,1182
6843,1298,1299
6844,1058,1059
6844,1077,1078
6844,1157,1158
6844,1181,1182
6845,1085,1086
6845,1178,1179
6845,1254,1255
6845,1287,1288
6846,1144,1145
6846,1178,1179
6846,1254,1255
6846,1287,1288
6847,1038,1039
6847,1144,1145
6847,1178,1179
6847,1254,1255
6848,1038,1039
6848,1118,1119
6848,1144,1145
6848,1254,1255
6849,1085,1086
6849,1254,1255
6849,1308,1309
6849,1325,1326
6850,1254,1255
6850,1308,1309
6850,1325,1326
6850,1408,1409
6851,1253,1254
6851,1254,1255
6851,1325,1326
6851,1408,1409
6852,1118,1119
6852,1253,1254
6852,1254,1255
6852,1408,1409
6853,1253,1254
6853,1254,1255
6853,1325,1326
6853,1460,1461
6854,1085,1086
6854,1254,1255
6854,1266,1267
6854,1325,1326
6855,1254,1255
6855,1266,1267
6855,1325,1326
6855,1460,1461
6856,1085,1086
6856,1178,1179
6856,1254,1255
6856,1268,1269
6857,1085,1086
6857,1254,1255
6857,1266,1267
6857,1268,1269
6858,1254,1255
6858,1266,1267
6858,1268,1269
6858,1460,1461
6859,1254,1255
6859,1268,1269
6859,1412,1413
6859,1460,1461
6860,1178,1179
6860,1254,1255
6860,1268,1269
6860,1412,1413
6861,256,257
6861,364,365
6861,395,396
6861,506,507
6862,237,238
6862,364,365
6862,395,396
6862,506,507
6863,256,257
6863,270,271
6863,395,396
6863,506,507
6864,226,227
6864,256,257
6864,270,271
6864,395,396
6865,145,146
6865,237,238
6865,378,379
6865,395,396
6866,145,146
6866,226,227
6866,378,379
6866,395,396
6867,43,44
6867,237,238
6867,378,379
6867,395,396
6868,43,44
6868,237,238
6868,395,396
6868,506,507
6869,270,271
6869,395,396
6869,506,507
6869,591,592
6870,43,44
6870,123,124
6870,378,379
6870,395,396
6871,123,124
6871,395,396
6871,506,507
6871,591,592
6872,43,44
6872,123,124
6872,395,396
6872,506,507
6873,81,82
6873,145,146
6873,237,238
6873,286,287
6874,81,82
6874,239,240
6874,286,287
6874,381,382
6875,81,82
6875,145,146
6875,286,287
6875,381,382
6876,239,240
6876,286,287
6876,379,380
6876,381,382
6877,145,146
6877,286,287
6877,379,380
6877,381,382
6878,239,240
6878,286,287
6878,296,297
6878,379,380
6879,286,287
6879,296,297
6879,379,380
6879,566,567
6880,286,287
6880,296,297
6880,339,340
6880,566,567
6881,145,146
6881,192,193
6881,286,287
6881,379,380
6882,192,193
6882,286,287
6882,379,380
6882,566,567
6883,72,73
6883,86,87
6883,185,186
6883,378,379
6884,72,73
6884,89,90
6884,185,186
6884,378,379
6885,72,73
6885,89,90
6885,185,186
6885,324,325
6886,123,124
6886,185,186
6886,395,396
6886,591,592
6887,123,124
6887,185,186
6887,378,379
6887,395,396
6888,89,90
6888,185,186
6888,226,227
6888,378,379
6889,185,186
6889,270,271
6889,395,396
6889,591,592
6890,89,90
6890,185,186
6890,200,201
6890,226,227
6891,89,90
6891,185,186
6891,200,201
6891,324,325
6892,185,186
6892,270,271
6892,291,292
6892,386,387
6893,185,186
6893,291,292
6893,324,325
6893,386,387
6894,185,186
6894,226,227
6894,378,379
6894,395,396
6895,185,186
6895,200,201
6895,226,227
6895,291,292
6896,185,186
6896,200,201
6896,291,292
6896,324,325
6897,185,186
6897,226,227
6897,270,271
6897,291,292
6898,185,186
6898,226,227
6898,270,271
6898,395,396
6899,14,15
6899,37,38
6899,86,87
6899,123,124
6900,14,15
6900,37,38
6900,86,87
6900,98,99
6901,14,15
6901,37,38
6901,98,99
6901,146,147
6902,69,70
6902,116,117
6902,159,160
6902,311,312
6903,47,48
6903,116,117
6903,159,160
6903,178,179
6904,116,117
6904,159,160
6904,178,179
6904,311,312
6905,38,39
6905,98,99
6905,146,147
6905,159,160
6906,59,60
6906,139,140
6906,140,141
6906,350,351
6907,59,60
6907,67,68
6907,140,141
6907,350,351
6908,59,60
6908,338,339
6908,350,351
6908,376,377
6909,59,60
6909,311,312
6909,338,339
6909,376,377
6910,59,60
6910,69,70
6910,159,160
6910,311,312
6911,59,60
6911,67,68
6911,350,351
6911,376,377
6912,59,60
6912,98,99
6912,159,160
6912,311,312
6913,59,60
6913,67,68
6913,98,99
6913,376,377
6914,59,60
6914,98,99
6914,311,312
6914,376,377
6915,48,49
6915,56,57
6915,200,201
6915,476,477
6916,3,4
6916,11,12
6916,56,57
6916,125,126
6917,56,57
6917,200,201
6917,324,325
6917,476,477
6918,48,49
6918,56,57
6918,125,126
6918,158,159
6919,48,49
6919,56,57
6919,158,159
6919,200,201
6920,11,12
6920,48,49
6920,56,57
6920,125,126
6921,11,12
6921,48,49
6921,56,57
6921,476,477
6922,11,12
6922,56,57
6922,348,349
6922,476,477
6923,3,4
6923,11,12
6923,56,57
6923,348,349
6924,56,57
6924,118,119
6924,324,325
6924,476,477
6925,56,57
6925,89,90
6925,158,159
6925,200,201
6926,56,57
6926,89,90
6926,200,201
6926,324,325
6927,3,4
6927,56,57
6927,125,126
6927,338,339
6928,3,4
6928,56,57
6928,118,119
6928,338,339
6929,3,4
6929,56,57
6929,118,119
6929,348,349
6930,56,57
6930,125,126
6930,158,159
6930,350,351
6931,56,57
6931,89,90
6931,158,159
6931,350,351
6932,56,57
6932,125,126
6932,338,339
6932,350,351
6933,56,57
6933,89,90
6933,338,339
6933,350,351
6934,56,57
6934,72,73
6934,118,119
6934,338,339
6935,56,57
6935,72,73
6935,118,119
6935,324,325
6936,56,57
6936,72,73
6936,89,90
6936,338,339
6937,56,57
6937,72,73
6937,89,90
6937,324,325
6938,56,57
6938,223,224
6938,348,349
6938,476,477
6939,56,57
6939,118,119
6939,223,224
6939,348,349
6940,56,57
6940,118,119
6940,223,224
6940,476,477
6941,1489,1490
6941,1628,1629
6941,1738,1739
6941,1793,1794
6942,1489,1490
6942,1576,1577
6942,1738,1739
6942,1793,1794
6943,1489,1490
6943,1572,1573
6943,1793,1794
6943,1822,1823
6944,1572,1573
6944,1756,1757
6944,1793,1794
6944,1822,1823
6945,1489,1490
6945,1554,1555
6945,1793,1794
6945,1822,1823
6946,1554,1555
6946,1690,1691
6946,1793,1794
6946,1822,1823
6947,1489,1490
6947,1554,1555
6947,1628,1629
6947,1793,1794
6948,1554,1555
6948,1628,1629
6948,1690,1691
6948,1793,1794
6949,1724,1725
6949,1761,1762
6949,1778,1779
6949,1787,1788
6950,1724,1725
6950,1761,1762
6950,1775,1776
6950,1787,1788
6951,1761,1762
6951,1778,1779
6951,1787,1788
6951,1803,1804
6952,1761,1762
6952,1775,1776
6952,1787,1788
6952,1803,1804
6953,1563,1564
6953,1724,1725
6953,1775,1776
6953,1787,1788
6954,1778,1779
6954,1787,1788
6954,1803,1804
6954,1844,1845
6955,1687,1688
6955,1724,1725
6955,1778,1779
6955,1787,1788
6956,1687,1688
6956,1778,1779
6956,1787,1788
6956,1824,1825
6957,1452,1453
6957,1563,1564
6957,1724,1725
6957,1787,1788
6958,1452,1453
6958,1563,1564
6958,1687,1688
6958,1787,1788
6959,1452,1453
6959,1687,1688
6959,1724,1725
6959,1787,1788
6960,1778,1779
6960,1787,1788
6960,1824,1825
6960,1844,1845
6961,1563,1564
6961,1687,1688
6961,1740,1741
6961,1787,1788
6962,1740,1741
6962,1784,1785
6962,1787,1788
6962,1803,1804
6963,1740,1741
6963,1784,1785
6963,1787,1788
6963,1844,1845
6964,1784,1785
6964,1787,1788
6964,1803,1804
6964,1844,1845
6965,1486,1487
6965,1563,1564
6965,1740,1741
6965,1787,1788
6966,1486,1487
6966,1563,1564
6966,1775,1776
6966,1787,1788
6967,1486,1487
6967,1740,1741
6967,1787,1788
6967,1803,1804
6968,1486,1487
6968,1775,1776
6968,1787,1788
6968,1803,1804
6969,1675,1676
6969,1687,1688
6969,1740,1741
6969,1787,1788
6970,1675,1676
6970,1740,1741
6970,1787,1788
6970,1844,1845
6971,1675,1676
6971,1687,1688
6971,1787,1788
6971,1824,1825
6972,1675,1676
6972,1787,1788
6972,1824,1825
6972,1844,1845
6973,1486,1487
6973,1709,1710
6973,1770,1771
6973,1782,1783
6974,1486,1487
6974,1709,1710
6974,1775,1776
6974,1782,1783
6975,1486,1487
6975,1709,1710
6975,1769,1770
6975,1770,1771
6976,1486,1487
6976,1709,1710
6976,1769,1770
6976,1775,1776
6977,1577,1578
6977,1709,1710
6977,1770,1771
6977,1782,1783
6978,1577,1578
6978,1709,1710
6978,1756,1757
6978,1770,1771
6979,1709,1710
6979,1737,1738
6979,1769,1770
6979,1770,1771
6980,1709,1710
6980,1737,1738
6980,1756,1757
6980,1770,1771
6981,1690,1691
6981,1709,1710
6981,1775,1776
6981,1782,1783
6982,1577,1578
6982,1709,1710
6982,1756,1757
6982,1793,1794
6983,1500,1501
6983,1709,1710
6983,1769,1770
6983,1775,1776
6984,1500,1501
6984,1690,1691
6984,1709,1710
6984,1775,1776
6985,1590,1591
6985,1709,1710
6985,1737,1738
6985,1769,1770
6986,1590,1591
6986,1601,1602
6986,1709,1710
6986,1769,1770
6987,1590,1591
6987,1709,1710
6987,1737,1738
6987,1756,1757
6988,1590,1591
6988,1601,1602
6988,1709,1710
6988,1756,1757
6989,1500,1501
6989,1601,1602
6989,1709,1710
6989,1769,1770
6990,1690,1691
6990,1709,1710
6990,1793,1794
6990,1822,1823
6991,1709,1710
6991,1756,1757
6991,1793,1794
6991,1822,1823
6992,1500,1501
6992,1690,1691
6992,1709,1710
6992,1822,1823
6993,1500,1501
6993,1601,1602
6993,1709,1710
6993,1822,1823
6994,1601,1602
6994,1709,1710
6994,1756,1757
6994,1822,1823
6995,1654,1655
6995,1704,1705
6995,1706,1707
6995,1827,1828
6996,1471,1472
6996,1547,1548
6996,1670,1671
6996,1704,1705
6997,1471,1472
6997,1547,1548
6997,1704,1705
6997,1827,1828
6998,1704,1705
6998,1706,1707
6998,1781,1782
6998,1827,1828
6999,1528,1529
6999,1586,1587
6999,1670,1671
6999,1704,1705
7000,1528,1529
7000,1586,1587
7000,1654,1655
7000,1704,1705
7001,1471,1472
7001,1586,1587
7001,1670,1671
7001,1704,1705
7002,1471,1472
7002,1586,1587
7002,1654,1655
7002,1704,1705
7003,1471,1472
7003,1664,1665
7003,1704,1705
7003,1827,1828
7004,1471,1472
7004,1654,1655
7004,1664,1665
7004,1704,1705
7005,1654,1655
7005,1664,1665
7005,1704,1705
7005,1827,1828
7006,1449,1450
7006,1487,1488
7006,1819,1820
7006,1849,1850
7007,1487,1488
7007,1706,1707
7007,1819,1820
7007,1849,1850
7008,1449,1450
7008,1706,1707
7008,1819,1820
7008,1849,1850
7009,1487,1488
7009,1706,1707
7009,1734,1735
7009,1819,1820
7010,1449,1450
7010,1654,1655
7010,1706,1707
7010,1819,1820
7011,1449,1450
7011,1487,1488
7011,1780,1781
7011,1819,1820
7012,1487,1488
7012,1573,1574
7012,1780,1781
7012,1819,1820
7013,1449,1450
7013,1573,1574
7013,1780,1781
7013,1819,1820
7014,1449,1450
7014,1573,1574
7014,1655,1656
7014,1819,1820
7015,1528,1529
7015,1573,1574
7015,1655,1656
7015,1819,1820
7016,1449,1450
7016,1654,1655
7016,1655,1656
7016,1819,1820
7017,1528,1529
7017,1654,1655
7017,1655,1656
7017,1819,1820
7018,1528,1529
7018,1654,1655
7018,1704,1705
7018,1819,1820
7019,1654,1655
7019,1704,1705
7019,1706,1707
7019,1819,1820
7020,1487,1488
7020,1573,1574
7020,1577,1578
7020,1819,1820
7021,1487,1488
7021,1577,1578
7021,1734,1735
7021,1819,1820
7022,1685,1686
7022,1707,1708
7022,1785,1786
7022,1816,1817
7023,1707,1708
7023,1799,1800
7023,1816,1817
7023,1817,1818
7024,1707,1708
7024,1785,1786
7024,1799,1800
7024,1816,1817
7025,1457,1458
7025,1576,1577
7025,1713,1714
7025,1738,1739
7026,1457,1458
7026,1528,1529
7026,1636,1637
7026,1713,1714
7027,1543,1544
7027,1601,1602
7027,1614,1615
7027,1641,1642
7028,1543,1544
7028,1600,1601
7028,1633,1634
7028,1641,1642
7029,1543,1544
7029,1601,1602
7029,1603,1604
7029,1614,1615
7030,1543,1544
7030,1600,1601
7030,1608,1609
7030,1633,1634
7031,1543,1544
7031,1633,1634
7031,1641,1642
7031,1822,1823
7032,1543,1544
7032,1601,1602
7032,1633,1634
7032,1822,1823
7033,1543,1544
7033,1601,1602
7033,1641,1642
7033,1822,1823
7034,1472,1473
7034,1485,1486
7034,1543,1544
7034,1646,1647
7035,1485,1486
7035,1543,1544
7035,1603,1604
7035,1646,1647
7036,1500,1501
7036,1543,1544
7036,1608,1609
7036,1633,1634
7037,1500,1501
7037,1543,1544
7037,1601,1602
7037,1633,1634
7038,1500,1501
7038,1543,1544
7038,1601,1602
7038,1608,1609
7039,1472,1473
7039,1543,1544
7039,1608,1609
7039,1646,1647
7040,1472,1473
7040,1543,1544
7040,1600,1601
7040,1608,1609
7041,1543,1544
7041,1608,1609
7041,1639,1640
7041,1646,1647
7042,1543,1544
7042,1601,1602
7042,1608,1609
7042,1639,1640
7043,1543,1544
7043,1603,1604
7043,1639,1640
7043,1646,1647
7044,1543,1544
7044,1601,1602
7044,1603,1604
7044,1639,1640
7045,206,207
7045,218,219
7045,347,348
7045,351,352
7046,218,219
7046,276,277
7046,347,348
7046,351,352
7047,268,269
7047,276,277
7047,347,348
7047,351,352
7048,246,247
7048,268,269
7048,276,277
7048,351,352
7049,206,207
7049,218,219
7049,246,247
7049,351,352
7050,218,219
7050,246,247
7050,276,277
7050,351,352
7051,206,207
7051,232,233
7051,342,343
7051,351,352
7052,206,207
7052,232,233
7052,246,247
7052,351,352
7053,246,247
7053,261,262
7053,268,269
7053,351,352
7054,167,168
7054,342,343
7054,351,352
7054,447,448
7055,206,207
7055,342,343
7055,351,352
7055,447,448
7056,167,168
7056,347,348
7056,351,352
7056,447,448
7057,206,207
7057,347,348
7057,351,352
7057,447,448
7058,232,233
7058,254,255
7058,342,343
7058,351,352
7059,268,269
7059,347,348
7059,351,352
7059,528,529
7060,261,262
7060,268,269
7060,351,352
7060,528,529
7061,167,168
7061,254,255
7061,342,343
7061,351,352
7062,167,168
7062,254,255
7062,261,262
7062,351,352
7063,167,168
7063,347,348
7063,351,352
7063,528,529
7064,167,168
7064,261,262
7064,351,352
7064,528,529
7065,107,108
7065,254,255
7065,261,262
7065,351,352
7066,107,108
7066,246,247
7066,261,262
7066,351,352
7067,107,108
7067,232,233
7067,254,255
7067,351,352
7068,107,108
7068,232,233
7068,246,247
7068,351,352
7069,22,23
7069,129,130
7069,297,298
7069,393,394
7070,8,9
7070,22,23
7070,129,130
7070,393,394
7071,22,23
7071,129,130
7071,297,298
7071,373,374
7072,22,23
7072,129,130
7072,143,144
7072,373,374
7073,8,9
7073,22,23
7073,129,130
7073,143,144
7074,8,9
7074,129,130
7074,143,144
7074,353,354
7075,41,42
7075,129,130
7075,143,144
7075,353,354
7076,41,42
7076,129,130
7076,264,265
7076,353,354
7077,41,42
7077,129,130
7077,143,144
7077,373,374
7078,129,130
7078,187,188
7078,264,265
7078,297,298
7079,41,42
7079,129,130
7079,187,188
7079,264,265
7080,129,130
7080,187,188
7080,297,298
7080,373,374
7081,41,42
7081,129,130
7081,187,188
7081,373,374
7082,80,81
7082,248,249
7082,289,290
7082,393,394
7083,80,81
7083,93,94
7083,144,145
7083,289,290
7084,80,81
7084,144,145
7084,248,249
7084,289,290
7085,80,81
7085,93,94
7085,133,134
7085,149,150
7086,80,81
7086,93,94
7086,149,150
7086,289,290
7087,80,81
7087,93,94
7087,133,134
7087,144,145
7088,8,9
7088,80,81
7088,133,134
7088,149,150
7089,8,9
7089,80,81
7089,149,150
7089,289,290
7090,8,9
7090,80,81
7090,289,290
7090,393,394
7091,8,9
7091,80,81
7091,129,130
7091,393,394
7092,80,81
7092,248,249
7092,297,298
7092,393,394
7093,80,81
7093,129,130
7093,297,298
7093,393,394
7094,8,9
7094,80,81
7094,133,134
7094,353,354
7095,8,9
7095,80,81
7095,129,130
7095,353,354
7096,27,28
7096,80,81
7096,144,145
7096,264,265
7097,27,28
7097,80,81
7097,144,145
7097,248,249
7098,27,28
7098,80,81
7098,248,249
7098,264,265
7099,80,81
7099,248,249
7099,264,265
7099,297,298
7100,80,81
7100,129,130
7100,264,265
7100,297,298
7101,80,81
7101,122,123
7101,144,145
7101,264,265
7102,80,81
7102,122,123
7102,133,134
7102,144,145
7103,80,81
7103,122,123
7103,133,134
7103,264,265
7104,80,81
7104,133,134
7104,264,265
7104,353,354
7105,80,81
7105,129,130
7105,264,265
7105,353,354
7106,435,436
7106,557,558
7106,683,684
7106,820,821
7107,404,405
7107,435,436
7107,683,684
7107,820,821
7108,435,436
7108,557,558
7108,600,601
7108,683,684
7109,404,405
7109,435,436
7109,600,601
7109,683,684
7110,404,405
7110,435,436
7110,600,601
7110,753,754
7111,435,436
7111,490,491
7111,557,558
7111,600,601
7112,435,436
7112,490,491
7112,600,601
7112,753,754
7113,303,304
7113,435,436
7113,490,491
7113,609,610
7114,303,304
7114,435,436
7114,490,491
7114,557,558
7115,435,436
7115,479,480
7115,490,491
7115,609,610
7116,435,436
7116,479,480
7116,490,491
7116,753,754
7117,404,405
7117,435,436
7117,612,613
7117,820,821
7118,404,405
7118,435,436
7118,612,613
7118,753,754
7119,479,480
7119,609,610
7119,612,613
7119,790,791
7120,479,480
7120,612,613
7120,753,754
7120,790,791
7121,435,436
7121,479,480
7121,609,610
7121,612,613
7122,435,436
7122,479,480
7122,612,613
7122,753,754
7123,380,381
7123,421,422
7123,429,430
7123,557,558
7124,421,422
7124,429,430
7124,557,558
7124,820,821
7125,429,430
7125,435,436
7125,557,558
7125,820,821
7126,421,422
7126,429,430
7126,497,498
7126,820,821
7127,303,304
7127,380,381
7127,429,430
7127,557,558
7128,303,304
7128,429,430
7128,435,436
7128,557,558
7129,380,381
7129,421,422
7129,429,430
7129,565,566
7130,303,304
7130,380,381
7130,429,430
7130,565,566
7131,421,422
7131,427,428
7131,429,430
7131,565,566
7132,421,422
7132,427,428
7132,429,430
7132,497,498
7133,399,400
7133,427,428
7133,429,430
7133,565,566
7134,399,400
7134,427,428
7134,429,430
7134,497,498
7135,399,400
7135,402,403
7135,429,430
7135,565,566
7136,399,400
7136,402,403
7136,429,430
7136,497,498
7137,402,403
7137,429,430
7137,550,551
7137,565,566
7138,303,304
7138,429,430
7138,550,551
7138,565,566
7139,303,304
7139,402,403
7139,429,430
7139,550,551
7140,404,405
7140,633,634
7140,690,691
7140,785,786
7141,404,405
7141,633,634
7141,773,774
7141,785,786
7142,404,405
7142,612,613
7142,773,774
7142,785,786
7143,633,634
7143,690,691
7143,735,736
7143,785,786
7144,404,405
7144,690,691
7144,753,754
7144,785,786
7145,404,405
7145,612,613
7145,753,754
7145,785,786
7146,690,691
7146,700,701
7146,735,736
7146,785,786
7147,690,691
7147,700,701
7147,753,754
7147,785,786
7148,612,613
7148,715,716
7148,773,774
7148,785,786
7149,700,701
7149,719,720
7149,735,736
7149,785,786
7150,700,701
7150,753,754
7150,785,786
7150,790,791
7151,612,613
7151,753,754
7151,785,786
7151,790,791
7152,612,613
7152,715,716
7152,785,786
7152,790,791
7153,700,701
7153,719,720
7153,785,786
7153,790,791
7154,224,225
7154,255,256
7154,332,333
7154,413,414
7155,224,225
7155,255,256
7155,413,414
7155,444,445
7156,171,172
7156,224,225
7156,413,414
7156,444,445
7157,171,172
7157,255,256
7157,413,414
7157,444,445
7158,171,172
7158,224,225
7158,413,414
7158,474,475
7159,255,256
7159,288,289
7159,332,333
7159,413,414
7160,224,225
7160,332,333
7160,413,414
7160,609,610
7161,224,225
7161,413,414
7161,474,475
7161,609,610
7162,171,172
7162,356,357
7162,413,414
7162,474,475
7163,171,172
7163,255,256
7163,413,414
7163,577,578
7164,201,202
7164,332,333
7164,413,414
7164,609,610
7165,201,202
7165,413,414
7165,474,475
7165,609,610
7166,217,218
7166,223,224
7166,332,333
7166,413,414
7167,217,218
7167,223,224
7167,288,289
7167,413,414
7168,223,224
7168,288,289
7168,332,333
7168,413,414
7169,201,202
7169,217,218
7169,332,333
7169,413,414
7170,356,357
7170,413,414
7170,474,475
7170,489,490
7171,201,202
7171,413,414
7171,474,475
7171,489,490
7172,201,202
7172,217,218
7172,413,414
7172,489,490
7173,217,218
7173,413,414
7173,426,427
7173,489,490
7174,356,357
7174,413,414
7174,426,427
7174,489,490
7175,255,256
7175,288,289
7175,577,578
7175,586,587
7176,60,61
7176,288,289
7176,577,578
7176,586,587
7177,229,230
7177,255,256
7177,288,289
7177,586,587
7178,233,234
7178,255,256
7178,444,445
7178,586,587
7179,255,256
7179,444,445
7179,577,578
7179,586,587
7180,229,230
7180,233,234
7180,255,256
7180,586,587
7181,60,61
7181,138,139
7181,189,190
7181,586,587
7182,60,61
7182,189,190
7182,288,289
7182,586,587
7183,222,223
7183,229,230
7183,288,289
7183,586,587
7184,442,443
7184,527,528
7184,562,563
7184,570,571
7185,442,443
7185,500,501
7185,562,563
7185,570,571
7186,426,427
7186,477,478
7186,489,490
7186,491,492
7187,256,257
7187,408,409
7187,481,482
7187,491,492
7188,217,218
7188,481,482
7188,489,490
7188,491,492
7189,217,218
7189,426,427
7189,489,490
7189,491,492
7190,217,218
7190,386,387
7190,426,427
7190,491,492
7191,256,257
7191,291,292
7191,481,482
7191,491,492
7192,426,427
7192,477,478
7192,491,492
7192,499,500
7193,217,218
7193,291,292
7193,481,482
7193,491,492
7194,217,218
7194,291,292
7194,386,387
7194,491,492
7195,256,257
7195,270,271
7195,291,292
7195,491,492
7196,256,257
7196,270,271
7196,491,492
7196,499,500
7197,270,271
7197,426,427
7197,491,492
7197,499,500
7198,270,271
7198,291,292
7198,386,387
7198,491,492
7199,270,271
7199,386,387
7199,426,427
7199,491,492
7200,415,416
7200,457,458
7200,538,539
7200,764,765
7201,481,482
7201,489,490
7201,491,492
7201,538,539
7202,408,409
7202,481,482
7202,491,492
7202,538,539
7203,301,302
7203,408,409
7203,481,482
7203,538,539
7204,279,280
7204,415,416
7204,457,458
7204,538,539
7205,279,280
7205,301,302
7205,481,482
7205,538,539
7206,217,218
7206,481,482
7206,489,490
7206,538,539
7207,217,218
7207,279,280
7207,481,482
7207,538,539
7208,217,218
7208,279,280
7208,489,490
7208,538,539
7209,201,202
7209,415,416
7209,489,490
7209,538,539
7210,201,202
7210,279,280
7210,489,490
7210,538,539
7211,201,202
7211,279,280
7211,415,416
7211,538,539
7212,279,280
7212,301,302
7212,525,526
7212,538,539
7213,279,280
7213,457,458
7213,525,526
7213,538,539
7214,301,302
7214,483,484
7214,525,526
7214,538,539
7215,457,458
7215,483,484
7215,525,526
7215,538,539
7216,168,169
7216,445,446
7216,483,484
7216,535,536
7217,168,169
7217,281,282
7217,445,446
7217,535,536
7218,281,282
7218,301,302
7218,408,409
7218,535,536
7219,168,169
7219,301,302
7219,483,484
7219,535,536
7220,168,169
7220,281,282
7220,301,302
7220,535,536
7221,301,302
7221,483,484
7221,535,536
7221,538,539
7222,301,302
7222,408,409
7222,535,536
7222,538,539
7223,445,446
7223,500,501
7223,518,519
7223,535,536
7224,442,443
7224,457,458
7224,483,484
7224,535,536
7225,457,458
7225,483,484
7225,535,536
7225,538,539
7226,442,443
7226,457,458
7226,535,536
7226,538,539
7227,281,282
7227,318,319
7227,518,519
7227,535,536
7228,318,319
7228,445,446
7228,518,519
7228,535,536
7229,281,282
7229,318,319
7229,445,446
7229,535,536
7230,281,282
7230,310,311
7230,518,519
7230,535,536
7231,281,282
7231,310,311
7231,408,409
7231,535,536
7232,1055,1056
7232,1099,1100
7232,1105,1106
7232,1298,1299
7233,1089,1090
7233,1099,1100
7233,1105,1106
7233,1298,1299
7234,1089,1090
7234,1105,1106
7234,1195,1196
7234,1281,1282
7235,1062,1063
7235,1105,1106
7235,1340,1341
7235,1424,1425
7236,1062,1063
7236,1105,1106
7236,1281,1282
7236,1340,1341
7237,1105,1106
7237,1232,1233
7237,1281,1282
7237,1340,1341
7238,1055,1056
7238,1105,1106
7238,1192,1193
7238,1424,1425
7239,1105,1106
7239,1192,1193
7239,1340,1341
7239,1424,1425
7240,1105,1106
7240,1192,1193
7240,1232,1233
7240,1340,1341
7241,1055,1056
7241,1105,1106
7241,1288,1289
7241,1424,1425
7242,1105,1106
7242,1195,1196
7242,1288,1289
7242,1424,1425
7243,1055,1056
7243,1099,1100
7243,1105,1106
7243,1288,1289
7244,1062,1063
7244,1105,1106
7244,1195,1196
7244,1424,1425
7245,1062,1063
7245,1105,1106
7245,1195,1196
7245,1281,1282
7246,1055,1056
7246,1092,1093
7246,1105,1106
7246,1298,1299
7247,1055,1056
7247,1092,1093
7247,1105,1106
7247,1192,1193
7248,1092,1093
7248,1105,1106
7248,1192,1193
7248,1232,1233
7249,1099,1100
7249,1105,1106
7249,1195,1196
7249,1288,1289
7250,1089,1090
7250,1099,1100
7250,1105,1106
7250,1195,1196
7251,1062,1063
7251,1281,1282
7251,1415,1416
7251,1430,1431
7252,1062,1063
7252,1234,1235
7252,1281,1282
7252,1430,1431
7253,1062,1063
7253,1269,1270
7253,1415,1416
7253,1430,1431
7254,1269,1270
7254,1430,1431
7254,1551,1552
7254,1653,1654
7255,1269,1270
7255,1415,1416
7255,1430,1431
7255,1551,1552
7256,1260,1261
7256,1352,1353
7256,1398,1399
7256,1596,1597
7257,1260,1261
7257,1314,1315
7257,1352,1353
7257,1596,1597
7258,1260,1261
7258,1357,1358
7258,1415,1416
7258,1551,1552
7259,1260,1261
7259,1352,1353
7259,1357,1358
7259,1551,1552
7260,1260,1261
7260,1415,1416
7260,1430,1431
7260,1551,1552
7261,1260,1261
7261,1281,1282
7261,1284,1285
7261,1415,1416
7262,1260,1261
7262,1281,1282
7262,1415,1416
7262,1430,1431
7263,1234,1235
7263,1260,1261
7263,1314,1315
7263,1430,1431
7264,1260,1261
7264,1314,1315
7264,1352,1353
7264,1653,1654
7265,1260,1261
7265,1314,1315
7265,1430,1431
7265,1653,1654
7266,1234,1235
7266,1260,1261
7266,1281,1282
7266,1430,1431
7267,1260,1261
7267,1352,1353
7267,1551,1552
7267,1653,1654
7268,1260,1261
7268,1430,1431
7268,1551,1552
7268,1653,1654
7269,1234,1235
7269,1260,1261
7269,1314,1315
7269,1497,1498
7270,1260,1261
7270,1314,1315
7270,1497,1498
7270,1596,1597
7271,1253,1254
7271,1307,1308
7271,1408,1409
7271,1417,1418
7272,1417,1418
7272,1497,1498
7272,1527,1528
7272,1596,1597
7273,1253,1254
7273,1417,1418
7273,1433,1434
7273,1527,1528
7274,1253,1254
7274,1408,1409
7274,1417,1418
7274,1433,1434
7275,1084,1085
7275,1089,1090
7275,1281,1282
7275,1282,1283
7276,1084,1085
7276,1234,1235
7276,1260,1261
7276,1281,1282
7277,1084,1085
7277,1260,1261
7277,1281,1282
7277,1284,1285
7278,1084,1085
7278,1234,1235
7278,1281,1282
7278,1282,1283
7279,1084,1085
7279,1211,1212
7279,1234,1235
7279,1282,1283
7280,1084,1085
7280,1234,1235
7280,1260,1261
7280,1497,1498
7281,1084,1085
7281,1211,1212
7281,1234,1235
7281,1497,1498
7282,1084,1085
7282,1211,1212
7282,1417,1418
7282,1497,1498
7283,1084,1085
7283,1260,1261
7283,1497,1498
7283,1596,1597
7284,1084,1085
7284,1417,1418
7284,1497,1498
7284,1596,1597
7285,1203,1204
7285,1381,1382
7285,1408,1409
7285,1433,1434
7286,1381,1382
7286,1408,1409
7286,1417,1418
7286,1433,1434
7287,1381,1382
7287,1417,1418
7287,1433,1434
7287,1527,1528
7288,1381,1382
7288,1417,1418
7288,1497,1498
7288,1527,1528
7289,1211,1212
7289,1381,1382
7289,1417,1418
7289,1497,1498
7290,1461,1462
7290,1579,1580
7290,1613,1614
7290,1625,1626
7291,1351,1352
7291,1461,1462
7291,1613,1614
7291,1625,1626
7292,1461,1462
7292,1551,1552
7292,1579,1580
7292,1625,1626
7293,1357,1358
7293,1461,1462
7293,1551,1552
7293,1625,1626
7294,1351,1352
7294,1357,1358
7294,1461,1462
7294,1625,1626
7295,1277,1278
7295,1351,1352
7295,1357,1358
7295,1625,1626
7296,1398,1399
7296,1579,1580
7296,1598,1599
7296,1625,1626
7297,1579,1580
7297,1598,1599
7297,1613,1614
7297,1625,1626
7298,1247,1248
7298,1277,1278
7298,1351,1352
7298,1625,1626
7299,1247,1248
7299,1351,1352
7299,1613,1614
7299,1625,1626
7300,1352,1353
7300,1551,1552
7300,1579,1580
7300,1625,1626
7301,1352,1353
7301,1357,1358
7301,1551,1552
7301,1625,1626
7302,1352,1353
7302,1398,1399
7302,1579,1580
7302,1625,1626
7303,1272,1273
7303,1398,1399
7303,1598,1599
7303,1625,1626
7304,1247,1248
7304,1598,1599
7304,1613,1614
7304,1625,1626
7305,1260,1261
7305,1352,1353
7305,1398,1399
7305,1625,1626
7306,1260,1261
7306,1352,1353
7306,1357,1358
7306,1625,1626
7307,1272,1273
7307,1277,1278
7307,1338,1339
7307,1625,1626
7308,1272,1273
7308,1338,1339
7308,1598,1599
7308,1625,1626
7309,1247,1248
7309,1277,1278
7309,1338,1339
7309,1625,1626
7310,1247,1248
7310,1338,1339
7310,1598,1599
7310,1625,1626
7311,1396,1397
7311,1492,1493
7311,1527,1528
7311,1596,1597
7312,1396,1397
7312,1417,1418
7312,1527,1528
7312,1596,1597
7313,1253,1254
7313,1396,1397
7313,1417,1418
7313,1527,1528
7314,1253,1254
7314,1396,1397
7314,1417,1418
7314,1596,1597
7315,1355,1356
7315,1396,1397
7315,1527,1528
7315,1595,1596
7316,1355,1356
7316,1396,1397
7316,1492,1493
7316,1527,1528
7317,1325,1326
7317,1396,1397
7317,1433,1434
7317,1595,1596
7318,1396,1397
7318,1433,1434
7318,1527,1528
7318,1595,1596
7319,1325,1326
7319,1396,1397
7319,1460,1461
7319,1595,1596
7320,1253,1254
7320,1325,1326
7320,1396,1397
7320,1460,1461
7321,1253,1254
7321,1325,1326
7321,1396,1397
7321,1433,1434
7322,1253,1254
7322,1396,1397
7322,1433,1434
7322,1527,1528
7323,1396,1397
7323,1460,1461
7323,1545,1546
7323,1595,1596
7324,1253,1254
7324,1396,1397
7324,1460,1461
7324,1545,1546
7325,1253,1254
7325,1272,1273
7325,1396,1397
7325,1545,1546
7326,1355,1356
7326,1396,1397
7326,1595,1596
7326,1617,1618
7327,1355,1356
7327,1396,1397
7327,1492,1493
7327,1617,1618
7328,1396,1397
7328,1545,1546
7328,1595,1596
7328,1617,1618
7329,1396,1397
7329,1405,1406
7329,1545,1546
7329,1617,1618
7330,1396,1397
7330,1405,1406
7330,1492,1493
7330,1617,1618
7331,1272,1273
7331,1396,1397
7331,1405,1406
7331,1545,1546
7332,1272,1273
7332,1396,1397
7332,1398,1399
7332,1596,1597
7333,1396,1397
7333,1398,1399
7333,1492,1493
7333,1596,1597
7334,1272,1273
7334,1396,1397
7334,1398,1399
7334,1405,1406
7335,1396,1397
7335,1398,1399
7335,1405,1406
7335,1492,1493
7336,1405,1406
7336,1455,1456
7336,1545,1546
7336,1584,1585
7337,1338,1339
7337,1405,1406
7337,1455,1456
7337,1545,1546
7338,1338,1339
7338,1405,1406
7338,1455,1456
7338,1584,1585
7339,1304,1305
7339,1455,1456
7339,1533,1534
7339,1545,1546
7340,1455,1456
7340,1533,1534
7340,1545,1546
7340,1584,1585
7341,1304,1305
7341,1455,1456
7341,1545,1546
7341,1618,1619
7342,1338,1339
7342,1455,1456
7342,1545,1546
7342,1618,1619
7343,1304,1305
7343,1443,1444
7343,1455,1456
7343,1533,1534
7344,1443,1444
7344,1455,1456
7344,1533,1534
7344,1584,1585
7345,1304,1305
7345,1455,1456
7345,1575,1576
7345,1618,1619
7346,1304,1305
7346,1443,1444
7346,1455,1456
7346,1531,1532
7347,1455,1456
7347,1504,1505
7347,1575,1576
7347,1618,1619
7348,1338,1339
7348,1455,1456
7348,1504,1505
7348,1618,1619
7349,1363,1364
7349,1443,1444
7349,1455,1456
7349,1531,1532
7350,1363,1364
7350,1443,1444
7350,1455,1456
7350,1584,1585
7351,1304,1305
7351,1455,1456
7351,1531,1532
7351,1575,1576
7352,1363,1364
7352,1455,1456
7352,1531,1532
7352,1575,1576
7353,1363,1364
7353,1455,1456
7353,1504,1505
7353,1575,1576
7354,1363,1364
7354,1455,1456
7354,1504,1505
7354,1677,1678
7355,1363,1364
7355,1455,1456
7355,1584,1585
7355,1677,1678
7356,1338,1339
7356,1455,1456
7356,1504,1505
7356,1535,1536
7357,1338,1339
7357,1455,1456
7357,1535,1536
7357,1584,1585
7358,1455,1456
7358,1504,1505
7358,1535,1536
7358,1677,1678
7359,1455,1456
7359,1535,1536
7359,1584,1585
7359,1677,1678
7360,858,859
7360,919,920
7360,1112,1113
7360,1207,1208
7361,853,854
7361,858,859
7361,1112,1113
7361,1207,1208
7362,865,866
7362,919,920
7362,979,980
7362,1112,1113
7363,853,854
7363,921,922
7363,1112,1113
7363,1213,1214
7364,921,922
7364,979,980
7364,1112,1113
7364,1213,1214
7365,853,854
7365,904,905
7365,1112,1113
7365,1207,1208
7366,865,866
7366,979,980
7366,1112,1113
7366,1213,1214
7367,876,877
7367,904,905
7367,1112,1113
7367,1207,1208
7368,853,854
7368,904,905
7368,1112,1113
7368,1213,1214
7369,904,905
7369,1112,1113
7369,1179,1180
7369,1213,1214
7370,1471,1472
7370,1586,1587
7370,1647,1648
7370,1670,1671
7371,1463,1464
7371,1471,1472
7371,1499,1500
7371,1647,1648
7372,1471,1472
7372,1499,1500
7372,1586,1587
7372,1647,1648
7373,1586,1587
7373,1636,1637
7373,1647,1648
7373,1670,1671
7374,1586,1587
7374,1636,1637
7374,1647,1648
7374,1656,1657
7375,1236,1237
7375,1582,1583
7375,1647,1648
7375,1656,1657
7376,1236,1237
7376,1586,1587
7376,1647,1648
7376,1656,1657
7377,1463,1464
7377,1499,1500
7377,1529,1530
7377,1647,1648
7378,1463,1464
7378,1529,1530
7378,1582,1583
7378,1647,1648
7379,1236,1237
7379,1499,1500
7379,1586,1587
7379,1647,1648
7380,1236,1237
7380,1499,1500
7380,1529,1530
7380,1647,1648
7381,1236,1237
7381,1529,1530
7381,1582,1583
7381,1647,1648
7382,1064,1065
7382,1180,1181
7382,1318,1319
7382,1420,1421
7383,1136,1137
7383,1171,1172
7383,1318,1319
7383,1420,1421
7384,1110,1111
7384,1171,1172
7384,1318,1319
7384,1420,1421
7385,1064,1065
7385,1110,1111
7385,1318,1319
7385,1420,1421
7386,1110,1111
7386,1154,1155
7386,1171,1172
7386,1420,1421
7387,1064,1065
7387,1110,1111
7387,1154,1155
7387,1420,1421
7388,1113,1114
7388,1136,1137
7388,1171,1172
7388,1420,1421
7389,1113,1114
7389,1136,1137
7389,1409,1410
7389,1420,1421
7390,1046,1047
7390,1136,1137
7390,1409,1410
7390,1420,1421
7391,1046,1047
7391,1136,1137
7391,1318,1319
7391,1420,1421
7392,1046,1047
7392,1180,1181
7392,1409,1410
7392,1420,1421
7393,1046,1047
7393,1180,1181
7393,1318,1319
7393,1420,1421
7394,1067,1068
7394,1113,1114
7394,1154,1155
7394,1420,1421
7395,1113,1114
7395,1137,1138
7395,1154,1155
7395,1420,1421
7396,1137,1138
7396,1154,1155
7396,1171,1172
7396,1420,1421
7397,1113,1114
7397,1137,1138
7397,1171,1172
7397,1420,1421
7398,1073,1074
7398,1113,1114
7398,1409,1410
7398,1420,1421
7399,1073,1074
7399,1180,1181
7399,1409,1410
7399,1420,1421
7400,1072,1073
7400,1093,1094
7400,1273,1274
7400,1291,1292
7401,1064,1065
7401,1072,1073
7401,1273,1274
7401,1291,1292
7402,1067,1068
7402,1072,1073
7402,1312,1313
7402,1319,1320
7403,1067,1068
7403,1072,1073
7403,1154,1155
7403,1420,1421
7404,1064,1065
7404,1072,1073
7404,1154,1155
7404,1420,1421
7405,1064,1065
7405,1072,1073
7405,1180,1181
7405,1291,1292
7406,1064,1065
7406,1072,1073
7406,1180,1181
7406,1420,1421
7407,1067,1068
7407,1072,1073
7407,1113,1114
7407,1319,1320
7408,1072,1073
7408,1073,1074
7408,1113,1114
7408,1319,1320
7409,1067,1068
7409,1072,1073
7409,1113,1114
7409,1420,1421
7410,1072,1073
7410,1073,1074
7410,1113,1114
7410,1420,1421
7411,1072,1073
7411,1073,1074
7411,1180,1181
7411,1420,1421
7412,1073,1074
7412,1141,1142
7412,1180,1181
7412,1414,1415
7413,1141,1142
7413,1180,1181
7413,1245,1246
7413,1414,1415
7414,1321,1322
7414,1397,1398
7414,1414,1415
7414,1484,1485
7415,1180,1181
7415,1291,1292
7415,1356,1357
7415,1414,1415
7416,1321,1322
7416,1348,1349
7416,1397,1398
7416,1414,1415
7417,1180,1181
7417,1245,1246
7417,1356,1357
7417,1414,1415
7418,1141,1142
7418,1245,1246
7418,1414,1415
7418,1484,1485
7419,1321,1322
7419,1414,1415
7419,1484,1485
7419,1521,1522
7420,1141,1142
7420,1414,1415
7420,1484,1485
7420,1521,1522
7421,1348,1349
7421,1356,1357
7421,1397,1398
7421,1414,1415
7422,1291,1292
7422,1348,1349
7422,1356,1357
7422,1414,1415
7423,1356,1357
7423,1380,1381
7423,1397,1398
7423,1414,1415
7424,1245,1246
7424,1356,1357
7424,1380,1381
7424,1414,1415
7425,1380,1381
7425,1397,1398
7425,1414,1415
7425,1484,1485
7426,1245,1246
7426,1380,1381
7426,1414,1415
7426,1484,1485
7427,1354,1355
7427,1364,1365
7427,1394,1395
7427,1610,1611
7428,1354,1355
7428,1394,1395
7428,1610,1611
7428,1626,1627
7429,1394,1395
7429,1406,1407
7429,1610,1611
7429,1626,1627
7430,1345,1346
7430,1354,1355
7430,1364,1365
7430,1610,1611
7431,1354,1355
7431,1558,1559
7431,1610,1611
7431,1626,1627
7432,1558,1559
7432,1610,1611
7432,1626,1627
7432,1663,1664
7433,1406,1407
7433,1610,1611
7433,1626,1627
7433,1663,1664
7434,1345,1346
7434,1354,1355
7434,1520,1521
7434,1610,1611
7435,1316,1317
7435,1354,1355
7435,1520,1521
7435,1610,1611
7436,1316,1317
7436,1345,1346
7436,1520,1521
7436,1610,1611
7437,1316,1317
7437,1354,1355
7437,1558,1559
7437,1610,1611
7438,1451,1452
7438,1558,1559
7438,1610,1611
7438,1663,1664
7439,1316,1317
7439,1451,1452
7439,1558,1559
7439,1610,1611
7440,1390,1391
7440,1406,1407
7440,1553,1554
7440,1589,1590
7441,1390,1391
7441,1431,1432
7441,1553,1554
7441,1589,1590
7442,1394,1395
7442,1406,1407
7442,1553,1554
7442,1589,1590
7443,1394,1395
7443,1406,1407
7443,1553,1554
7443,1610,1611
7444,1364,1365
7444,1394,1395
7444,1553,1554
7444,1610,1611
7445,1238,1239
7445,1394,1395
7445,1553,1554
7445,1589,1590
7446,1238,1239
7446,1431,1432
7446,1553,1554
7446,1589,1590
7447,1238,1239
7447,1364,1365
7447,1394,1395
7447,1553,1554
7448,1345,1346
7448,1364,1365
7448,1553,1554
7448,1610,1611
7449,1345,1346
7449,1359,1360
7449,1553,1554
7449,1610,1611
7450,1238,1239
7450,1290,1291
7450,1431,1432
7450,1553,1554
7451,1290,1291
7451,1359,1360
7451,1431,1432
7451,1553,1554
7452,1233,1234
7452,1241,1242
7452,1316,1317
7452,1494,1495
7453,1233,1234
7453,1241,1242
7453,1276,1277
7453,1494,1495
7454,1241,1242
7454,1316,1317
7454,1401,1402
7454,1494,1495
7455,1241,1242
7455,1316,1317
7455,1401,1402
7455,1520,1521
7456,1233,1234
7456,1241,1242
7456,1276,1277
7456,1361,1362
7457,1101,1102
7457,1241,1242
7457,1276,1277
7457,1361,1362
7458,1345,1346
7458,1359,1360
7458,1407,1408
7458,1610,1611
7459,1359,1360
7459,1407,1408
7459,1451,1452
7459,1610,1611
7460,1316,1317
7460,1407,1408
7460,1451,1452
7460,1610,1611
7461,1321,1322
7461,1348,1349
7461,1407,1408
7461,1451,1452
7462,1278,1279
7462,1348,1349
7462,1407,1408
7462,1451,1452
7463,1278,1279
7463,1291,1292
7463,1348,1349
7463,1407,1408
7464,1321,1322
7464,1348,1349
7464,1407,1408
7464,1414,1415
7465,1291,1292
7465,1348,1349
7465,1407,1408
7465,1414,1415
7466,1158,1159
7466,1259,1260
7466,1312,1313
7466,1383,1384
7467,1259,1260
7467,1345,1346
7467,1359,1360
7467,1407,1408
7468,1259,1260
7468,1359,1360
7468,1383,1384
7468,1407,1408
7469,1387,1388
7469,1399,1400
7469,1428,1429
7469,1435,1436
7470,1387,1388
7470,1399,1400
7470,1428,1429
7470,1607,1608
7471,1372,1373
7471,1387,1388
7471,1435,1436
7471,1643,1644
7472,1242,1243
7472,1372,1373
7472,1387,1388
7472,1643,1644
7473,1242,1243
7473,1387,1388
7473,1439,1440
7473,1643,1644
7474,1242,1243
7474,1366,1367
7474,1372,1373
7474,1387,1388
7475,1242,1243
7475,1366,1367
7475,1387,1388
7475,1439,1440
7476,1387,1388
7476,1427,1428
7476,1428,1429
7476,1435,1436
7477,1372,1373
7477,1387,1388
7477,1427,1428
7477,1435,1436
7478,1249,1250
7478,1387,1388
7478,1428,1429
7478,1607,1608
7479,1249,1250
7479,1387,1388
7479,1439,1440
7479,1607,1608
7480,1366,1367
7480,1372,1373
7480,1387,1388
7480,1427,1428
7481,1249,1250
7481,1360,1361
7481,1387,1388
7481,1428,1429
7482,1249,1250
7482,1360,1361
7482,1366,1367
7482,1387,1388
7483,1249,1250
7483,1366,1367
7483,1387,1388
7483,1658,1659
7484,1249,1250
7484,1387,1388
7484,1439,1440
7484,1658,1659
7485,1366,1367
7485,1387,1388
7485,1439,1440
7485,1658,1659
7486,1360,1361
7486,1387,1388
7486,1427,1428
7486,1428,1429
7487,1360,1361
7487,1366,1367
7487,1387,1388
7487,1427,1428
7488,1093,1094
7488,1221,1222
7488,1320,1321
7488,1361,1362
7489,1093,1094
7489,1221,1222
7489,1273,1274
7489,1320,1321
7490,1093,1094
7490,1273,1274
7490,1320,1321
7490,1643,1644
7491,1093,1094
7491,1278,1279
7491,1320,1321
7491,1643,1644
7492,1093,1094
7492,1278,1279
7492,1320,1321
7492,1361,1362
7493,1221,1222
7493,1320,1321
7493,1361,1362
7493,1399,1400
7494,1273,1274
7494,1320,1321
7494,1435,1436
7494,1643,1644
7495,1320,1321
7495,1387,1388
7495,1435,1436
7495,1643,1644
7496,1221,1222
7496,1273,1274
7496,1320,1321
7496,1435,1436
7497,1233,1234
7497,1278,1279
7497,1320,1321
7497,1361,1362
7498,1320,1321
7498,1387,1388
7498,1439,1440
7498,1643,1644
7499,1221,1222
7499,1320,1321
7499,1399,1400
7499,1435,1436
7500,1320,1321
7500,1387,1388
7500,1399,1400
7500,1435,1436
7501,1276,1277
7501,1320,1321
7501,1361,1362
7501,1399,1400
7502,1233,1234
7502,1276,1277
7502,1320,1321
7502,1361,1362
7503,1320,1321
7503,1323,1324
7503,1439,1440
7503,1643,1644
7504,1278,1279
7504,1320,1321
7504,1323,1324
7504,1643,1644
7505,1233,1234
7505,1320,1321
7505,1323,1324
7505,1439,1440
7506,1233,1234
7506,1278,1279
7506,1320,1321
7506,1323,1324
7507,1233,1234
7507,1276,1277
7507,1320,1321
7507,1439,1440
7508,1320,1321
7508,1387,1388
7508,1399,1400
7508,1607,1608
7509,1320,1321
7509,1387,1388
7509,1439,1440
7509,1607,1608
7510,1276,1277
7510,1320,1321
7510,1399,1400
7510,1607,1608
7511,1276,1277
7511,1320,1321
7511,1439,1440
7511,1607,1608
7512,1064,1065
7512,1217,1218
7512,1239,1240
7512,1273,1274
7513,1064,1065
7513,1110,1111
7513,1154,1155
7513,1217,1218
7514,1064,1065
7514,1110,1111
7514,1217,1218
7514,1239,1240
7515,1064,1065
7515,1072,1073
7515,1154,1155
7515,1217,1218
7516,1064,1065
7516,1072,1073
7516,1217,1218
7516,1273,1274
7517,1050,1051
7517,1110,1111
7517,1154,1155
7517,1217,1218
7518,1050,1051
7518,1110,1111
7518,1217,1218
7518,1239,1240
7519,1050,1051
7519,1154,1155
7519,1190,1191
7519,1217,1218
7520,1050,1051
7520,1190,1191
7520,1217,1218
7520,1239,1240
7521,1154,1155
7521,1190,1191
7521,1204,1205
7521,1217,1218
7522,1047,1048
7522,1190,1191
7522,1217,1218
7522,1239,1240
7523,1047,1048
7523,1217,1218
7523,1239,1240
7523,1273,1274
7524,1067,1068
7524,1154,1155
7524,1204,1205
7524,1217,1218
7525,1067,1068
7525,1072,1073
7525,1154,1155
7525,1217,1218
7526,1174,1175
7526,1190,1191
7526,1204,1205
7526,1217,1218
7527,1047,1048
7527,1174,1175
7527,1190,1191
7527,1217,1218
7528,1047,1048
7528,1174,1175
7528,1217,1218
7528,1221,1222
7529,1047,1048
7529,1217,1218
7529,1221,1222
7529,1273,1274
7530,627,628
7530,781,782
7530,998,999
7530,1013,1014
7531,627,628
7531,781,782
7531,819,820
7531,1013,1014
7532,627,628
7532,668,669
7532,819,820
7532,1013,1014
7533,620,621
7533,627,628
7533,668,669
7533,1013,1014
7534,620,621
7534,627,628
7534,998,999
7534,1013,1014
7535,804,805
7535,998,999
7535,1013,1014
7535,1021,1022
7536,781,782
7536,804,805
7536,998,999
7536,1013,1014
7537,620,621
7537,998,999
7537,1013,1014
7537,1021,1022
7538,503,504
7538,781,782
7538,819,820
7538,1013,1014
7539,503,504
7539,668,669
7539,819,820
7539,1013,1014
7540,653,654
7540,804,805
7540,1013,1014
7540,1021,1022
7541,653,654
7541,781,782
7541,804,805
7541,1013,1014
7542,653,654
7542,807,808
7542,1013,1014
7542,1021,1022
7543,503,504
7543,653,654
7543,781,782
7543,1013,1014
7544,620,621
7544,668,669
7544,799,800
7544,1013,1014
7545,620,621
7545,1010,1011
7545,1013,1014
7545,1021,1022
7546,620,621
7546,799,800
7546,1010,1011
7546,1013,1014
7547,807,808
7547,1010,1011
7547,1013,1014
7547,1021,1022
7548,799,800
7548,807,808
7548,1010,1011
7548,1013,1014
7549,638,639
7549,668,669
7549,799,800
7549,1013,1014
7550,503,504
7550,638,639
7550,668,669
7550,1013,1014
7551,638,639
7551,653,654
7551,807,808
7551,1013,1014
7552,503,504
7552,638,639
7552,653,654
7552,1013,1014
7553,638,639
7553,799,800
7553,807,808
7553,1013,1014
7554,631,632
7554,648,649
7554,654,655
7554,948,949
7555,631,632
7555,648,649
7555,654,655
7555,680,681
7556,631,632
7556,762,763
7556,800,801
7556,948,949
7557,631,632
7557,762,763
7557,800,801
7557,805,806
7558,631,632
7558,686,687
7558,762,763
7558,805,806
7559,631,632
7559,680,681
7559,686,687
7559,992,993
7560,631,632
7560,648,649
7560,680,681
7560,992,993
7561,631,632
7561,686,687
7561,805,806
7561,890,891
7562,631,632
7562,680,681
7562,686,687
7562,890,891
7563,631,632
7563,648,649
7563,652,653
7563,948,949
7564,631,632
7564,648,649
7564,652,653
7564,992,993
7565,631,632
7565,686,687
7565,965,966
7565,992,993
7566,631,632
7566,686,687
7566,762,763
7566,965,966
7567,631,632
7567,652,653
7567,885,886
7567,948,949
7568,631,632
7568,762,763
7568,885,886
7568,948,949
7569,631,632
7569,652,653
7569,965,966
7569,992,993
7570,631,632
7570,652,653
7570,885,886
7570,965,966
7571,631,632
7571,762,763
7571,885,886
7571,965,966
7572,1053,1054
7572,1073,1074
7572,1168,1169
7572,1319,1320
7573,1053,1054
7573,1123,1124
7573,1168,1169
7573,1319,1320
7574,1053,1054
7574,1073,1074
7574,1123,1124
7574,1319,1320
7575,1053,1054
7575,1104,1105
7575,1168,1169
7575,1170,1171
7576,1053,1054
7576,1123,1124
7576,1168,1169
7576,1425,1426
7577,1053,1054
7577,1168,1169
7577,1170,1171
7577,1425,1426
7578,1053,1054
7578,1073,1074
7578,1113,1114
7578,1168,1169
7579,1053,1054
7579,1104,1105
7579,1113,1114
7579,1168,1169
7580,1053,1054
7580,1073,1074
7580,1113,1114
7580,1409,1410
7581,1053,1054
7581,1104,1105
7581,1113,1114
7581,1409,1410
7582,1053,1054
7582,1073,1074
7582,1104,1105
7582,1409,1410
7583,1053,1054
7583,1073,1074
7583,1123,1124
7583,1383,1384
7584,1053,1054
7584,1073,1074
7584,1383,1384
7584,1384,1385
7585,1053,1054
7585,1123,1124
7585,1383,1384
7585,1384,1385
7586,1033,1034
7586,1053,1054
7586,1123,1124
7586,1384,1385
7587,1033,1034
7587,1053,1054
7587,1123,1124
7587,1425,1426
7588,1033,1034
7588,1053,1054
7588,1384,1385
7588,1425,1426
7589,1053,1054
7589,1182,1183
7589,1384,1385
7589,1425,1426
7590,1175,1176
7590,1182,1183
7590,1337,1338
7590,1377,1378
7591,1100,1101
7591,1175,1176
7591,1182,1183
7591,1337,1338
7592,1053,1054
7592,1175,1176
7592,1182,1183
7592,1425,1426
7593,1065,1066
7593,1066,1067
7593,1175,1176
7593,1337,1338
7594,1033,1034
7594,1100,1101
7594,1175,1176
7594,1182,1183
7595,1033,1034
7595,1175,1176
7595,1182,1183
7595,1425,1426
7596,1065,1066
7596,1167,1168
7596,1175,1176
7596,1337,1338
7597,1065,1066
7597,1100,1101
7597,1167,1168
7597,1175,1176
7598,1100,1101
7598,1167,1168
7598,1175,1176
7598,1337,1338
7599,1065,1066
7599,1100,1101
7599,1163,1164
7599,1175,1176
7600,1065,1066
7600,1163,1164
7600,1175,1176
7600,1425,1426
7601,1033,1034
7601,1100,1101
7601,1163,1164
7601,1175,1176
7602,1033,1034
7602,1163,1164
7602,1175,1176
7602,1425,1426
7603,844,845
7603,877,878
7603,967,968
7603,1106,1107
7604,844,845
7604,877,878
7604,1106,1107
7604,1161,1162
7605,844,845
7605,913,914
7605,1161,1162
7605,1172,1173
7606,844,845
7606,1106,1107
7606,1161,1162
7606,1172,1173
7607,844,845
7607,962,963
7607,990,991
7607,1070,1071
7608,844,845
7608,913,914
7608,962,963
7608,990,991
7609,844,845
7609,967,968
7609,1070,1071
7609,1078,1079
7610,844,845
7610,962,963
7610,1070,1071
7610,1078,1079
7611,844,845
7611,913,914
7611,962,963
7611,1172,1173
7612,844,845
7612,967,968
7612,1078,1079
7612,1111,1112
7613,844,845
7613,967,968
7613,1106,1107
7613,1111,1112
7614,844,845
7614,1078,1079
7614,1106,1107
7614,1111,1112
7615,844,845
7615,1078,1079
7615,1106,1107
7615,1172,1173
7616,844,845
7616,962,963
7616,1078,1079
7616,1172,1173
7617,873,874
7617,950,951
7617,955,956
7617,974,975
7618,950,951
7618,955,956
7618,957,958
7618,974,975
7619,873,874
7619,950,951
7619,955,956
7619,978,979
7620,950,951
7620,955,956
7620,957,958
7620,978,979
7621,873,874
7621,955,956
7621,974,975
7621,1228,1229
7622,955,956
7622,974,975
7622,990,991
7622,1228,1229
7623,955,956
7623,957,958
7623,974,975
7623,990,991
7624,873,874
7624,955,956
7624,978,979
7624,1059,1060
7625,913,914
7625,955,956
7625,957,958
7625,990,991
7626,869,870
7626,955,956
7626,978,979
7626,1059,1060
7627,869,870
7627,955,956
7627,957,958
7627,978,979
7628,864,865
7628,955,956
7628,990,991
7628,1228,1229
7629,864,865
7629,913,914
7629,955,956
7629,990,991
7630,873,874
7630,955,956
7630,1059,1060
7630,1188,1189
7631,955,956
7631,1002,1003
7631,1059,1060
7631,1188,1189
7632,851,852
7632,873,874
7632,955,956
7632,1228,1229
7633,869,870
7633,955,956
7633,1002,1003
7633,1059,1060
7634,864,865
7634,869,870
7634,913,914
7634,955,956
7635,869,870
7635,913,914
7635,955,956
7635,957,958
7636,851,852
7636,873,874
7636,955,956
7636,1188,1189
7637,851,852
7637,955,956
7637,1002,1003
7637,1188,1189
7638,851,852
7638,864,865
7638,955,956
7638,1002,1003
7639,851,852
7639,864,865
7639,955,956
7639,1228,1229
7640,864,865
7640,869,870
7640,955,956
7640,1002,1003
7641,1253,1254
7641,1264,1265
7641,1272,1273
7641,1623,1624
7642,1264,1265
7642,1272,1273
7642,1277,1278
7642,1623,1624
7643,1264,1265
7643,1277,1278
7643,1373,1374
7643,1623,1624
7644,1264,1265
7644,1284,1285
7644,1307,1308
7644,1373,1374
7645,1264,1265
7645,1272,1273
7645,1396,1397
7645,1596,1597
7646,1253,1254
7646,1264,1265
7646,1396,1397
7646,1596,1597
7647,1253,1254
7647,1264,1265
7647,1272,1273
7647,1396,1397
7648,1253,1254
7648,1264,1265
7648,1417,1418
7648,1596,1597
7649,1253,1254
7649,1264,1265
7649,1307,1308
7649,1417,1418
7650,1264,1265
7650,1272,1273
7650,1277,1278
7650,1625,1626
7651,1264,1265
7651,1272,1273
7651,1398,1399
7651,1596,1597
7652,1260,1261
7652,1264,1265
7652,1398,1399
7652,1596,1597
7653,1084,1085
7653,1260,1261
7653,1264,1265
7653,1596,1597
7654,1084,1085
7654,1260,1261
7654,1264,1265
7654,1284,1285
7655,1084,1085
7655,1264,1265
7655,1417,1418
7655,1596,1597
7656,1084,1085
7656,1264,1265
7656,1284,1285
7656,1307,1308
7657,1084,1085
7657,1264,1265
7657,1307,1308
7657,1417,1418
7658,1264,1265
7658,1272,1273
7658,1398,1399
7658,1625,1626
7659,1260,1261
7659,1264,1265
7659,1398,1399
7659,1625,1626
7660,1038,1039
7660,1235,1236
7660,1257,1258
7660,1412,1413
7661,1235,1236
7661,1257,1258
7661,1412,1413
7661,1623,1624
7662,1235,1236
7662,1257,1258
7662,1373,1374
7662,1623,1624
7663,1257,1258
7663,1412,1413
7663,1460,1461
7663,1623,1624
7664,1254,1255
7664,1257,1258
7664,1412,1413
7664,1460,1461
7665,1253,1254
7665,1257,1258
7665,1460,1461
7665,1623,1624
7666,1253,1254
7666,1254,1255
7666,1257,1258
7666,1460,1461
7667,1038,1039
7667,1178,1179
7667,1257,1258
7667,1412,1413
7668,1038,1039
7668,1178,1179
7668,1254,1255
7668,1257,1258
7669,1178,1179
7669,1254,1255
7669,1257,1258
7669,1412,1413
7670,1257,1258
7670,1264,1265
7670,1307,1308
7670,1373,1374
7671,1253,1254
7671,1257,1258
7671,1264,1265
7671,1307,1308
7672,1257,1258
7672,1264,1265
7672,1373,1374
7672,1623,1624
7673,1253,1254
7673,1257,1258
7673,1264,1265
7673,1623,1624
7674,1038,1039
7674,1118,1119
7674,1254,1255
7674,1257,1258
7675,1118,1119
7675,1253,1254
7675,1257,1258
7675,1307,1308
7676,1118,1119
7676,1253,1254
7676,1254,1255
7676,1257,1258
7677,1039,1040
7677,1092,1093
7677,1300,1301
7677,1306,1307
7678,1039,1040
7678,1092,1093
7678,1126,1127
7678,1306,1307
7679,830,831
7679,1039,1040
7679,1126,1127
7679,1306,1307
7680,1039,1040
7680,1055,1056
7680,1092,1093
7680,1298,1299
7681,1039,1040
7681,1055,1056
7681,1126,1127
7681,1298,1299
7682,1039,1040
7682,1092,1093
7682,1126,1127
7682,1298,1299
7683,865,866
7683,1039,1040
7683,1055,1056
7683,1126,1127
7684,830,831
7684,865,866
7684,1039,1040
7684,1126,1127
7685,1039,1040
7685,1055,1056
7685,1092,1093
7685,1192,1193
7686,1039,1040
7686,1092,1093
7686,1300,1301
7686,1358,1359
7687,1039,1040
7687,1125,1126
7687,1300,1301
7687,1358,1359
7688,865,866
7688,1039,1040
7688,1055,1056
7688,1080,1081
7689,830,831
7689,865,866
7689,1039,1040
7689,1080,1081
7690,1039,1040
7690,1055,1056
7690,1080,1081
7690,1192,1193
7691,1039,1040
7691,1080,1081
7691,1125,1126
7691,1192,1193
7692,1039,1040
7692,1092,1093
7692,1192,1193
7692,1358,1359
7693,1039,1040
7693,1125,1126
7693,1192,1193
7693,1358,1359
7694,1039,1040
7694,1080,1081
7694,1125,1126
7694,1230,1231
7695,1039,1040
7695,1125,1126
7695,1230,1231
7695,1300,1301
7696,830,831
7696,1039,1040
7696,1048,1049
7696,1080,1081
7697,1039,1040
7697,1048,1049
7697,1080,1081
7697,1230,1231
7698,1106,1107
7698,1129,1130
7698,1142,1143
7698,1212,1213
7699,1106,1107
7699,1111,1112
7699,1142,1143
7699,1212,1213
7700,1129,1130
7700,1142,1143
7700,1212,1213
7700,1306,1307
7701,1106,1107
7701,1129,1130
7701,1212,1213
7701,1227,1228
7702,923,924
7702,1129,1130
7702,1212,1213
7702,1227,1228
7703,837,838
7703,1129,1130
7703,1212,1213
7703,1306,1307
7704,877,878
7704,1106,1107
7704,1212,1213
7704,1227,1228
7705,837,838
7705,923,924
7705,1018,1019
7705,1212,1213
7706,837,838
7706,923,924
7706,1129,1130
7706,1212,1213
7707,837,838
7707,1018,1019
7707,1126,1127
7707,1212,1213
7708,837,838
7708,1126,1127
7708,1212,1213
7708,1306,1307
7709,830,831
7709,1018,1019
7709,1126,1127
7709,1212,1213
7710,830,831
7710,1126,1127
7710,1212,1213
7710,1306,1307
7711,1056,1057
7711,1125,1126
7711,1192,1193
7711,1327,1328
7712,1248,1249
7712,1327,1328
7712,1339,1340
7712,1440,1441
7713,1125,1126
7713,1192,1193
7713,1248,1249
7713,1327,1328
7714,1125,1126
7714,1248,1249
7714,1327,1328
7714,1339,1340
7715,1261,1262
7715,1327,1328
7715,1339,1340
7715,1440,1441
7716,1125,1126
7716,1261,1262
7716,1327,1328
7716,1339,1340
7717,911,912
7717,979,980
7717,1096,1097
7717,1202,1203
7718,919,920
7718,1056,1057
7718,1080,1081
7718,1096,1097
7719,919,920
7719,979,980
7719,1096,1097
7719,1112,1113
7720,911,912
7720,979,980
7720,1080,1081
7720,1096,1097
7721,865,866
7721,979,980
7721,1080,1081
7721,1096,1097
7722,865,866
7722,919,920
7722,979,980
7722,1096,1097
7723,865,866
7723,919,920
7723,1080,1081
7723,1096,1097
7724,1313,1314
7724,1331,1332
7724,1514,1515
7724,1569,1570
7725,1248,1249
7725,1331,1332
7725,1514,1515
7725,1569,1570
7726,1248,1249
7726,1331,1332
7726,1339,1340
7726,1569,1570
7727,1248,1249
7727,1331,1332
7727,1339,1340
7727,1358,1359
7728,1255,1256
7728,1331,1332
7728,1339,1340
7728,1569,1570
7729,1255,1256
7729,1313,1314
7729,1331,1332
7729,1569,1570
7730,1248,1249
7730,1331,1332
7730,1513,1514
7730,1514,1515
7731,1248,1249
7731,1331,1332
7731,1358,1359
7731,1513,1514
7732,1331,1332
7732,1347,1348
7732,1513,1514
7732,1514,1515
7733,1331,1332
7733,1347,1348
7733,1358,1359
7733,1513,1514
7734,1331,1332
7734,1335,1336
7734,1347,1348
7734,1514,1515
7735,1313,1314
7735,1331,1332
7735,1335,1336
7735,1514,1515
7736,1125,1126
7736,1331,1332
7736,1339,1340
7736,1358,1359
7737,1255,1256
7737,1297,1298
7737,1339,1340
7737,1404,1405
7738,1261,1262
7738,1297,1298
7738,1339,1340
7738,1404,1405
7739,1131,1132
7739,1261,1262
7739,1297,1298
7739,1339,1340
7740,1255,1256
7740,1297,1298
7740,1404,1405
7740,1523,1524
7741,1261,1262
7741,1297,1298
7741,1404,1405
7741,1523,1524
7742,1131,1132
7742,1261,1262
7742,1297,1298
7742,1523,1524
7743,1131,1132
7743,1297,1298
7743,1382,1383
7743,1523,1524
7744,1255,1256
7744,1297,1298
7744,1331,1332
7744,1339,1340
7745,1255,1256
7745,1297,1298
7745,1436,1437
7745,1523,1524
7746,1297,1298
7746,1382,1383
7746,1436,1437
7746,1523,1524
7747,1255,1256
7747,1297,1298
7747,1313,1314
7747,1331,1332
7748,1255,1256
7748,1297,1298
7748,1313,1314
7748,1436,1437
7749,1297,1298
7749,1313,1314
7749,1315,1316
7749,1436,1437
7750,1297,1298
7750,1315,1316
7750,1382,1383
7750,1436,1437
7751,469,470
7751,477,478
7751,594,595
7751,596,597
7752,510,511
7752,521,522
7752,594,595
7752,608,609
7753,451,452
7753,469,470
7753,477,478
7753,594,595
7754,469,470
7754,517,518
7754,594,595
7754,741,742
7755,469,470
7755,594,595
7755,596,597
7755,741,742
7756,510,511
7756,517,518
7756,594,595
7756,608,609
7757,451,452
7757,477,478
7757,499,500
7757,594,595
7758,451,452
7758,510,511
7758,517,518
7758,594,595
7759,451,452
7759,469,470
7759,517,518
7759,594,595
7760,472,473
7760,601,602
7760,608,609
7760,675,676
7761,510,511
7761,601,602
7761,608,609
7761,824,825
7762,601,602
7762,608,609
7762,675,676
7762,824,825
7763,472,473
7763,601,602
7763,616,617
7763,803,804
7764,472,473
7764,601,602
7764,675,676
7764,803,804
7765,601,602
7765,616,617
7765,675,676
7765,803,804
7766,472,473
7766,521,522
7766,601,602
7766,616,617
7767,472,473
7767,521,522
7767,601,602
7767,608,609
7768,510,511
7768,521,522
7768,601,602
7768,608,609
7769,423,424
7769,521,522
7769,601,602
7769,616,617
7770,423,424
7770,510,511
7770,521,522
7770,601,602
7771,19,20
7771,225,226
7771,250,251
7771,265,266
7772,19,20
7772,198,199
7772,225,226
7772,265,266
7773,225,226
7773,227,228
7773,250,251
7773,265,266
7774,198,199
7774,225,226
7774,227,228
7774,265,266
7775,19,20
7775,198,199
7775,225,226
7775,323,324
7776,19,20
7776,121,122
7776,225,226
7776,250,251
7777,107,108
7777,121,122
7777,225,226
7777,250,251
7778,107,108
7778,121,122
7778,225,226
7778,254,255
7779,50,51
7779,225,226
7779,227,228
7779,250,251
7780,50,51
7780,107,108
7780,225,226
7780,250,251
7781,50,51
7781,107,108
7781,225,226
7781,227,228
7782,107,108
7782,225,226
7782,254,255
7782,261,262
7783,107,108
7783,225,226
7783,227,228
7783,261,262
7784,19,20
7784,225,226
7784,323,324
7784,377,378
7785,225,226
7785,254,255
7785,323,324
7785,377,378
7786,198,199
7786,225,226
7786,227,228
7786,257,258
7787,19,20
7787,121,122
7787,225,226
7787,377,378
7788,121,122
7788,225,226
7788,254,255
7788,377,378
7789,1037,1038
7789,1111,1112
7789,1134,1135
7789,1142,1143
7790,1037,1038
7790,1134,1135
7790,1142,1143
7790,1324,1325
7791,1037,1038
7791,1111,1112
7791,1142,1143
7791,1212,1213
7792,1037,1038
7792,1048,1049
7792,1111,1112
7792,1134,1135
7793,1037,1038
7793,1048,1049
7793,1134,1135
7793,1378,1379
7794,1037,1038
7794,1134,1135
7794,1324,1325
7794,1378,1379
7795,1037,1038
7795,1230,1231
7795,1300,1301
7795,1324,1325
7796,1037,1038
7796,1142,1143
7796,1300,1301
7796,1324,1325
7797,830,831
7797,1037,1038
7797,1048,1049
7797,1111,1112
7798,830,831
7798,1037,1038
7798,1111,1112
7798,1212,1213
7799,1037,1038
7799,1048,1049
7799,1230,1231
7799,1378,1379
7800,1037,1038
7800,1230,1231
7800,1324,1325
7800,1378,1379
7801,1037,1038
7801,1142,1143
7801,1300,1301
7801,1306,1307
7802,1037,1038
7802,1142,1143
7802,1212,1213
7802,1306,1307
7803,1037,1038
7803,1039,1040
7803,1230,1231
7803,1300,1301
7804,830,831
7804,1037,1038
7804,1212,1213
7804,1306,1307
7805,830,831
7805,1037,1038
7805,1039,1040
7805,1048,1049
7806,1037,1038
7806,1039,1040
7806,1048,1049
7806,1230,1231
7807,830,831
7807,1037,1038
7807,1039,1040
7807,1306,1307
7808,1037,1038
7808,1039,1040
7808,1300,1301
7808,1306,1307
7809,1098,1099
7809,1132,1133
7809,1142,1143
7809,1324,1325
7810,1098,1099
7810,1142,1143
7810,1300,1301
7810,1324,1325
7811,1098,1099
7811,1132,1133
7811,1177,1178
7811,1302,1303
7812,1098,1099
7812,1132,1133
7812,1142,1143
7812,1177,1178
7813,1098,1099
7813,1142,1143
7813,1177,1178
7813,1300,1301
7814,1098,1099
7814,1132,1133
7814,1302,1303
7814,1375,1376
7815,1098,1099
7815,1132,1133
7815,1315,1316
7815,1375,1376
7816,1098,1099
7816,1177,1178
7816,1300,1301
7816,1347,1348
7817,1098,1099
7817,1177,1178
7817,1267,1268
7817,1302,1303
7818,1098,1099
7818,1267,1268
7818,1302,1303
7818,1335,1336
7819,1098,1099
7819,1302,1303
7819,1335,1336
7819,1375,1376
7820,1098,1099
7820,1331,1332
7820,1335,1336
7820,1347,1348
7821,1098,1099
7821,1313,1314
7821,1331,1332
7821,1335,1336
7822,1098,1099
7822,1300,1301
7822,1347,1348
7822,1358,1359
7823,1098,1099
7823,1331,1332
7823,1347,1348
7823,1358,1359
7824,1098,1099
7824,1300,1301
7824,1331,1332
7824,1358,1359
7825,1098,1099
7825,1177,1178
7825,1267,1268
7825,1347,1348
7826,1098,1099
7826,1267,1268
7826,1335,1336
7826,1347,1348
7827,1098,1099
7827,1313,1314
7827,1335,1336
7827,1375,1376
7828,1098,1099
7828,1313,1314
7828,1315,1316
7828,1375,1376
7829,1082,1083
7829,1229,1230
7829,1410,1411
7829,1422,1423
7830,1034,1035
7830,1082,1083
7830,1229,1230
7830,1422,1423
7831,1034,1035
7831,1082,1083
7831,1382,1383
7831,1422,1423
7832,1082,1083
7832,1392,1393
7832,1410,1411
7832,1422,1423
7833,1082,1083
7833,1382,1383
7833,1392,1393
7833,1422,1423
7834,1265,1266
7834,1368,1369
7834,1410,1411
7834,1422,1423
7835,1382,1383
7835,1392,1393
7835,1422,1423
7835,1436,1437
7836,1265,1266
7836,1328,1329
7836,1368,1369
7836,1422,1423
7837,1315,1316
7837,1382,1383
7837,1422,1423
7837,1436,1437
7838,1034,1035
7838,1315,1316
7838,1382,1383
7838,1422,1423
7839,1034,1035
7839,1315,1316
7839,1328,1329
7839,1422,1423
7840,1392,1393
7840,1410,1411
7840,1422,1423
7840,1657,1658
7841,1265,1266
7841,1410,1411
7841,1422,1423
7841,1657,1658
7842,1392,1393
7842,1422,1423
7842,1436,1437
7842,1657,1658
7843,1265,1266
7843,1328,1329
7843,1375,1376
7843,1422,1423
7844,1315,1316
7844,1328,1329
7844,1375,1376
7844,1422,1423
7845,1389,1390
7845,1422,1423
7845,1436,1437
7845,1657,1658
7846,1265,1266
7846,1389,1390
7846,1422,1423
7846,1657,1658
7847,1342,1343
7847,1389,1390
7847,1422,1423
7847,1436,1437
7848,1265,1266
7848,1342,1343
7848,1389,1390
7848,1422,1423
7849,1315,1316
7849,1375,1376
7849,1422,1423
7849,1436,1437
7850,1342,1343
7850,1375,1376
7850,1422,1423
7850,1436,1437
7851,1265,1266
7851,1342,1343
7851,1375,1376
7851,1422,1423
7852,625,626
7852,925,926
7852,953,954
7852,1068,1069
7853,625,626
7853,925,926
7853,953,954
7853,983,984
7854,625,626
7854,953,954
7854,983,984
7854,1068,1069
7855,925,926
7855,953,954
7855,1045,1046
7855,1068,1069
7856,953,954
7856,975,976
7856,1045,1046
7856,1068,1069
7857,911,912
7857,953,954
7857,1045,1046
7857,1202,1203
7858,911,912
7858,953,954
7858,975,976
7858,1202,1203
7859,911,912
7859,953,954
7859,975,976
7859,1045,1046
7860,705,706
7860,724,725
7860,749,750
7860,910,911
7861,705,706
7861,724,725
7861,910,911
7861,983,984
7862,705,706
7862,749,750
7862,758,759
7862,910,911
7863,705,706
7863,758,759
7863,910,911
7863,983,984
7864,705,706
7864,724,725
7864,983,984
7864,1068,1069
7865,705,706
7865,749,750
7865,758,759
7865,855,856
7866,705,706
7866,953,954
7866,983,984
7866,1068,1069
7867,705,706
7867,758,759
7867,855,856
7867,858,859
7868,705,706
7868,855,856
7868,858,859
7868,921,922
7869,705,706
7869,953,954
7869,975,976
7869,1068,1069
7870,705,706
7870,953,954
7870,975,976
7870,1202,1203
7871,705,706
7871,975,976
7871,979,980
7871,1202,1203
7872,705,706
7872,921,922
7872,975,976
7872,979,980
7873,143,144
7873,145,146
7873,226,227
7873,333,334
7874,89,90
7874,143,144
7874,226,227
7874,333,334
7875,89,90
7875,145,146
7875,226,227
7875,333,334
7876,89,90
7876,145,146
7876,333,334
7876,378,379
7877,143,144
7877,145,146
7877,333,334
7877,381,382
7878,81,82
7878,145,146
7878,333,334
7878,378,379
7879,81,82
7879,145,146
7879,333,334
7879,381,382
7880,12,13
7880,86,87
7880,333,334
7880,378,379
7881,86,87
7881,89,90
7881,333,334
7881,378,379
7882,110,111
7882,143,144
7882,333,334
7882,381,382
7883,89,90
7883,143,144
7883,158,159
7883,333,334
7884,12,13
7884,86,87
7884,333,334
7884,376,377
7885,86,87
7885,89,90
7885,333,334
7885,376,377
7886,12,13
7886,43,44
7886,81,82
7886,333,334
7887,43,44
7887,81,82
7887,333,334
7887,378,379
7888,12,13
7888,43,44
7888,333,334
7888,378,379
7889,8,9
7889,143,144
7889,158,159
7889,333,334
7890,0,1
7890,12,13
7890,81,82
7890,333,334
7891,0,1
7891,12,13
7891,110,111
7891,333,334
7892,0,1
7892,81,82
7892,333,334
7892,381,382
7893,0,1
7893,110,111
7893,333,334
7893,381,382
7894,110,111
7894,143,144
7894,333,334
7894,353,354
7895,8,9
7895,134,135
7895,140,141
7895,150,151
7896,8,9
7896,134,135
7896,140,141
7896,350,351
7897,102,103
7897,134,135
7897,140,141
7897,150,151
7898,102,103
7898,110,111
7898,134,135
7898,150,151
7899,12,13
7899,102,103
7899,110,111
7899,134,135
7900,12,13
7900,67,68
7900,102,103
7900,134,135
7901,67,68
7901,102,103
7901,134,135
7901,140,141
7902,12,13
7902,67,68
7902,134,135
7902,376,377
7903,12,13
7903,134,135
7903,333,334
7903,376,377
7904,67,68
7904,134,135
7904,140,141
7904,350,351
7905,67,68
7905,134,135
7905,350,351
7905,376,377
7906,12,13
7906,110,111
7906,134,135
7906,333,334
7907,8,9
7907,134,135
7907,158,159
7907,350,351
7908,8,9
7908,134,135
7908,158,159
7908,333,334
7909,110,111
7909,134,135
7909,150,151
7909,353,354
7910,8,9
7910,134,135
7910,150,151
7910,353,354
7911,110,111
7911,134,135
7911,333,334
7911,353,354
7912,89,90
7912,134,135
7912,350,351
7912,376,377
7913,89,90
7913,134,135
7913,158,159
7913,350,351
7914,89,90
7914,134,135
7914,333,334
7914,376,377
7915,89,90
7915,134,135
7915,158,159
7915,333,334
7916,8,9
7916,134,135
7916,143,144
7916,353,354
7917,134,135
7917,143,144
7917,333,334
7917,353,354
7918,8,9
7918,134,135
7918,143,144
7918,333,334
7919,270,271
7919,354,355
7919,506,507
7919,591,592
7920,270,271
7920,354,355
7920,499,500
7920,506,507
7921,275,276
7921,354,355
7921,426,427
7921,561,562
7922,343,344
7922,354,355
7922,499,500
7922,506,507
7923,354,355
7923,426,427
7923,499,500
7923,561,562
7924,270,271
7924,354,355
7924,426,427
7924,499,500
7925,354,355
7925,451,452
7925,499,500
7925,561,562
7926,343,344
7926,354,355
7926,451,452
7926,499,500
7927,185,186
7927,213,214
7927,270,271
7927,591,592
7928,185,186
7928,213,214
7928,270,271
7928,386,387
7929,213,214
7929,270,271
7929,354,355
7929,591,592
7930,213,214
7930,275,276
7930,354,355
7930,591,592
7931,213,214
7931,270,271
7931,386,387
7931,426,427
7932,213,214
7932,275,276
7932,386,387
7932,426,427
7933,213,214
7933,220,221
7933,275,276
7933,591,592
7934,213,214
7934,270,271
7934,354,355
7934,426,427
7935,213,214
7935,275,276
7935,354,355
7935,426,427
7936,64,65
7936,213,214
7936,324,325
7936,386,387
7937,185,186
7937,213,214
7937,324,325
7937,386,387
7938,60,61
7938,64,65
7938,213,214
7938,220,221
7939,60,61
7939,213,214
7939,220,221
7939,275,276
7940,60,61
7940,64,65
7940,213,214
7940,288,289
7941,53,54
7941,106,107
7941,138,139
7941,361,362
7942,53,54
7942,138,139
7942,178,179
7942,361,362
7943,53,54
7943,138,139
7943,178,179
7943,189,190
7944,1,2
7944,53,54
7944,91,92
7944,106,107
7945,53,54
7945,116,117
7945,178,179
7945,361,362
7946,53,54
7946,169,170
7946,178,179
7946,189,190
7947,1,2
7947,53,54
7947,116,117
7947,163,164
7948,1,2
7948,53,54
7948,106,107
7948,163,164
7949,53,54
7949,116,117
7949,163,164
7949,361,362
7950,53,54
7950,106,107
7950,163,164
7950,361,362
7951,53,54
7951,91,92
7951,169,170
7951,189,190
7952,1,2
7952,53,54
7952,82,83
7952,91,92
7953,53,54
7953,82,83
7953,91,92
7953,169,170
7954,53,54
7954,116,117
7954,178,179
7954,311,312
7955,53,54
7955,169,170
7955,178,179
7955,311,312
7956,1,2
7956,7,8
7956,53,54
7956,116,117
7957,1,2
7957,7,8
7957,53,54
7957,82,83
7958,7,8
7958,53,54
7958,82,83
7958,169,170
7959,53,54
7959,69,70
7959,116,117
7959,311,312
7960,53,54
7960,69,70
7960,169,170
7960,311,312
7961,7,8
7961,53,54
7961,69,70
7961,116,117
7962,7,8
7962,53,54
7962,69,70
7962,169,170
7963,195,196
7963,279,280
7963,301,302
7963,481,482
7964,195,196
7964,279,280
7964,321,322
7964,481,482
7965,195,196
7965,346,347
7965,389,390
7965,547,548
7966,195,196
7966,294,295
7966,301,302
7966,481,482
7967,195,196
7967,321,322
7967,326,327
7967,389,390
7968,195,196
7968,279,280
7968,321,322
7968,326,327
7969,195,196
7969,326,327
7969,346,347
7969,389,390
7970,195,196
7970,279,280
7970,326,327
7970,346,347
7971,195,196
7971,301,302
7971,346,347
7971,525,526
7972,195,196
7972,279,280
7972,346,347
7972,525,526
7973,195,196
7973,279,280
7973,301,302
7973,525,526
7974,195,196
7974,389,390
7974,476,477
7974,547,548
7975,195,196
7975,321,322
7975,389,390
7975,476,477
7976,195,196
7976,321,322
7976,476,477
7976,481,482
7977,195,196
7977,294,295
7977,346,347
7977,547,548
7978,195,196
7978,294,295
7978,301,302
7978,346,347
7979,195,196
7979,294,295
7979,299,300
7979,547,548
7980,195,196
7980,294,295
7980,299,300
7980,481,482
7981,195,196
7981,299,300
7981,476,477
7981,481,482
7982,195,196
7982,200,201
7982,299,300
7982,547,548
7983,195,196
7983,200,201
7983,299,300
7983,476,477
7984,48,49
7984,195,196
7984,200,201
7984,547,548
7985,48,49
7985,195,196
7985,476,477
7985,547,548
7986,48,49
7986,195,196
7986,200,201
7986,476,477
7987,1121,1122
7987,1132,1133
7987,1309,1310
7987,1328,1329
7988,1121,1122
7988,1132,1133
7988,1160,1161
7988,1309,1310
7989,1121,1122
7989,1309,1310
7989,1328,1329
7989,1377,1378
7990,1034,1035
7990,1121,1122
7990,1132,1133
7990,1328,1329
7991,1034,1035
7991,1090,1091
7991,1121,1122
7991,1324,1325
7992,1034,1035
7992,1121,1122
7992,1132,1133
7992,1324,1325
7993,962,963
7993,1078,1079
7993,1121,1122
7993,1172,1173
7994,1078,1079
7994,1090,1091
7994,1121,1122
7994,1134,1135
7995,1078,1079
7995,1106,1107
7995,1121,1122
7995,1172,1173
7996,1106,1107
7996,1121,1122
7996,1160,1161
7996,1172,1173
7997,1090,1091
7997,1121,1122
7997,1134,1135
7997,1324,1325
7998,1121,1122
7998,1132,1133
7998,1134,1135
7998,1324,1325
7999,1121,1122
7999,1132,1133
7999,1134,1135
7999,1142,1143
8000,1121,1122
8000,1132,1133
8000,1142,1143
8000,1160,1161
8001,1121,1122
8001,1134,1135
8001,1142,1143
8001,1160,1161
8002,1078,1079
8002,1090,1091
8002,1121,1122
8002,1128,1129
8003,962,963
8003,1078,1079
8003,1121,1122
8003,1128,1129
8004,1078,1079
8004,1106,1107
8004,1121,1122
8004,1134,1135
8005,1106,1107
8005,1121,1122
8005,1134,1135
8005,1160,1161
8006,892,893
8006,915,916
8006,957,958
8006,974,975
8007,915,916
8007,957,958
8007,974,975
8007,990,991
8008,892,893
8008,915,916
8008,927,928
8008,974,975
8009,859,860
8009,915,916
8009,927,928
8009,974,975
8010,859,860
8010,915,916
8010,974,975
8010,990,991
8011,913,914
8011,915,916
8011,957,958
8011,990,991
8012,844,845
8012,913,914
8012,915,916
8012,990,991
8013,892,893
8013,915,916
8013,927,928
8013,987,988
8014,892,893
8014,915,916
8014,957,958
8014,1185,1186
8015,844,845
8015,877,878
8015,915,916
8015,1161,1162
8016,844,845
8016,877,878
8016,915,916
8016,967,968
8017,913,914
8017,915,916
8017,957,958
8017,1161,1162
8018,844,845
8018,913,914
8018,915,916
8018,1161,1162
8019,877,878
8019,915,916
8019,987,988
8019,1166,1167
8020,877,878
8020,915,916
8020,987,988
8020,1030,1031
8021,892,893
8021,915,916
8021,987,988
8021,1030,1031
8022,877,878
8022,915,916
8022,1030,1031
8022,1185,1186
8023,892,893
8023,915,916
8023,1030,1031
8023,1185,1186
8024,877,878
8024,915,916
8024,1161,1162
8024,1185,1186
8025,915,916
8025,957,958
8025,1161,1162
8025,1185,1186
8026,844,845
8026,915,916
8026,967,968
8026,1070,1071
8027,844,845
8027,915,916
8027,990,991
8027,1070,1071
8028,207,208
8028,309,310
8028,385,386
8028,593,594
8029,309,310
8029,346,347
8029,385,386
8029,528,529
8030,167,168
8030,309,310
8030,385,386
8030,528,529
8031,167,168
8031,207,208
8031,309,310
8031,385,386
8032,309,310
8032,347,348
8032,388,389
8032,447,448
8033,309,310
8033,347,348
8033,388,389
8033,455,456
8034,309,310
8034,388,389
8034,582,583
8034,593,594
8035,207,208
8035,309,310
8035,582,583
8035,593,594
8036,309,310
8036,346,347
8036,385,386
8036,525,526
8037,309,310
8037,385,386
8037,525,526
8037,593,594
8038,167,168
8038,309,310
8038,347,348
8038,528,529
8039,167,168
8039,309,310
8039,347,348
8039,447,448
8040,167,168
8040,207,208
8040,309,310
8040,447,448
8041,309,310
8041,347,348
8041,455,456
8041,528,529
8042,309,310
8042,346,347
8042,455,456
8042,528,529
8043,309,310
8043,388,389
8043,447,448
8043,582,583
8044,207,208
8044,309,310
8044,447,448
8044,582,583
8045,210,211
8045,309,310
8045,388,389
8045,455,456
8046,210,211
8046,309,310
8046,388,389
8046,593,594
8047,210,211
8047,309,310
8047,525,526
8047,593,594
8048,210,211
8048,309,310
8048,455,456
8048,525,526
8049,309,310
8049,346,347
8049,455,456
8049,525,526
8050,438,439
8050,582,583
8050,593,594
8050,771,772
8051,430,431
8051,438,439
8051,582,583
8051,771,772
8052,430,431
8052,438,439
8052,650,651
8052,771,772
8053,430,431
8053,516,517
8053,582,583
8053,771,772
8054,430,431
8054,516,517
8054,650,651
8054,771,772
8055,516,517
8055,519,520
8055,582,583
8055,771,772
8056,463,464
8056,650,651
8056,769,770
8056,771,772
8057,438,439
8057,650,651
8057,769,770
8057,771,772
8058,438,439
8058,593,594
8058,769,770
8058,771,772
8059,388,389
8059,519,520
8059,582,583
8059,771,772
8060,388,389
8060,582,583
8060,593,594
8060,771,772
8061,425,426
8061,463,464
8061,769,770
8061,771,772
8062,425,426
8062,593,594
8062,769,770
8062,771,772
8063,210,211
8063,388,389
8063,519,520
8063,771,772
8064,210,211
8064,388,389
8064,593,594
8064,771,772
8065,504,505
8065,516,517
8065,519,520
8065,771,772
8066,463,464
8066,504,505
8066,519,520
8066,771,772
8067,486,487
8067,516,517
8067,650,651
8067,771,772
8068,463,464
8068,486,487
8068,650,651
8068,771,772
8069,463,464
8069,519,520
8069,606,607
8069,771,772
8070,425,426
8070,463,464
8070,606,607
8070,771,772
8071,210,211
8071,425,426
8071,593,594
8071,771,772
8072,486,487
8072,504,505
8072,516,517
8072,771,772
8073,463,464
8073,486,487
8073,504,505
8073,771,772
8074,210,211
8074,519,520
8074,606,607
8074,771,772
8075,210,211
8075,425,426
8075,606,607
8075,771,772
8076,400,401
8076,407,408
8076,544,545
8076,622,623
8077,400,401
8077,407,408
8077,622,623
8077,718,719
8078,407,408
8078,544,545
8078,622,623
8078,693,694
8079,400,401
8079,556,557
8079,622,623
8079,718,719
8080,407,408
8080,622,623
8080,665,666
8080,693,694
8081,407,408
8081,622,623
8081,665,666
8081,718,719
8082,544,545
8082,622,623
8082,643,644
8082,693,694
8083,471,472
8083,622,623
8083,665,666
8083,718,719
8084,400,401
8084,544,545
8084,622,623
8084,730,731
8085,556,557
8085,622,623
8085,730,731
8085,806,807
8086,400,401
8086,556,557
8086,622,623
8086,730,731
8087,622,623
8087,643,644
8087,693,694
8087,754,755
8088,622,623
8088,643,644
8088,754,755
8088,806,807
8089,622,623
8089,643,644
8089,730,731
8089,806,807
8090,544,545
8090,622,623
8090,643,644
8090,730,731
8091,471,472
8091,556,557
8091,622,623
8091,718,719
8092,471,472
8092,622,623
8092,693,694
8092,801,802
8093,622,623
8093,665,666
8093,693,694
8093,801,802
8094,471,472
8094,622,623
8094,665,666
8094,801,802
8095,471,472
8095,622,623
8095,693,694
8095,754,755
8096,471,472
8096,622,623
8096,754,755
8096,806,807
8097,471,472
8097,556,557
8097,622,623
8097,806,807
8098,869,870
8098,1002,1003
8098,1127,1128
8098,1425,1426
8099,869,870
8099,1127,1128
8099,1170,1171
8099,1425,1426
8100,869,870
8100,913,914
8100,1127,1128
8100,1170,1171
8101,864,865
8101,869,870
8101,1002,1003
8101,1127,1128
8102,864,865
8102,869,870
8102,913,914
8102,1127,1128
8103,1127,1128
8103,1170,1171
8103,1175,1176
8103,1425,1426
8104,864,865
8104,1002,1003
8104,1065,1066
8104,1127,1128
8105,1065,1066
8105,1127,1128
8105,1175,1176
8105,1425,1426
8106,1002,1003
8106,1065,1066
8106,1127,1128
8106,1163,1164
8107,1002,1003
8107,1127,1128
8107,1163,1164
8107,1425,1426
8108,1065,1066
8108,1127,1128
8108,1163,1164
8108,1425,1426
8109,864,865
8109,913,914
8109,1127,1128
8109,1200,1201
8110,913,914
8110,1127,1128
8110,1170,1171
8110,1172,1173
8111,864,865
8111,1065,1066
8111,1127,1128
8111,1200,1201
8112,1065,1066
8112,1127,1128
8112,1175,1176
8112,1200,1201
8113,913,914
8113,962,963
8113,1127,1128
8113,1200,1201
8114,1094,1095
8114,1309,1310
8114,1377,1378
8114,1432,1433
8115,1094,1095
8115,1182,1183
8115,1377,1378
8115,1432,1433
8116,1094,1095
8116,1104,1105
8116,1309,1310
8116,1330,1331
8117,1094,1095
8117,1104,1105
8117,1330,1331
8117,1409,1410
8118,1094,1095
8118,1141,1142
8118,1330,1331
8118,1409,1410
8119,1053,1054
8119,1073,1074
8119,1094,1095
8119,1104,1105
8120,1053,1054
8120,1094,1095
8120,1182,1183
8120,1384,1385
8121,1073,1074
8121,1094,1095
8121,1104,1105
8121,1409,1410
8122,1073,1074
8122,1094,1095
8122,1141,1142
8122,1409,1410
8123,1053,1054
8123,1073,1074
8123,1094,1095
8123,1384,1385
8124,1290,1291
8124,1359,1360
8124,1383,1384
8124,1434,1435
8125,1259,1260
8125,1359,1360
8125,1383,1384
8125,1434,1435
8126,1238,1239
8126,1290,1291
8126,1317,1318
8126,1434,1435
8127,1063,1064
8127,1290,1291
8127,1317,1318
8127,1434,1435
8128,1063,1064
8128,1290,1291
8128,1383,1384
8128,1434,1435
8129,1259,1260
8129,1345,1346
8129,1359,1360
8129,1434,1435
8130,1238,1239
8130,1290,1291
8130,1434,1435
8130,1553,1554
8131,1290,1291
8131,1359,1360
8131,1434,1435
8131,1553,1554
8132,1146,1147
8132,1259,1260
8132,1345,1346
8132,1434,1435
8133,1063,1064
8133,1158,1159
8133,1383,1384
8133,1434,1435
8134,1158,1159
8134,1259,1260
8134,1383,1384
8134,1434,1435
8135,1146,1147
8135,1238,1239
8135,1317,1318
8135,1434,1435
8136,1238,1239
8136,1364,1365
8136,1434,1435
8136,1553,1554
8137,1146,1147
8137,1158,1159
8137,1317,1318
8137,1434,1435
8138,1063,1064
8138,1158,1159
8138,1317,1318
8138,1434,1435
8139,1146,1147
8139,1158,1159
8139,1259,1260
8139,1434,1435
8140,1146,1147
8140,1238,1239
8140,1364,1365
8140,1434,1435
8141,1146,1147
8141,1345,1346
8141,1364,1365
8141,1434,1435
8142,1345,1346
8142,1364,1365
8142,1434,1435
8142,1553,1554
8143,1345,1346
8143,1359,1360
8143,1434,1435
8143,1553,1554
8144,689,690
8144,721,722
8144,896,897
8144,902,903
8145,689,690
8145,721,722
8145,902,903
8145,1028,1029
8146,721,722
8146,813,814
8146,896,897
8146,902,903
8147,721,722
8147,813,814
8147,902,903
8147,1028,1029
8148,689,690
8148,721,722
8148,988,989
8148,1028,1029
8149,629,630
8149,721,722
8149,813,814
8149,896,897
8150,629,630
8150,721,722
8150,933,934
8150,940,941
8151,629,630
8151,721,722
8151,896,897
8151,940,941
8152,721,722
8152,933,934
8152,940,941
8152,1015,1016
8153,689,690
8153,721,722
8153,896,897
8153,934,935
8154,721,722
8154,896,897
8154,934,935
8154,940,941
8155,629,630
8155,721,722
8155,932,933
8155,933,934
8156,689,690
8156,721,722
8156,988,989
8156,1015,1016
8157,721,722
8157,825,826
8157,988,989
8157,1028,1029
8158,629,630
8158,721,722
8158,813,814
8158,932,933
8159,721,722
8159,813,814
8159,932,933
8159,1028,1029
8160,689,690
8160,721,722
8160,831,832
8160,1015,1016
8161,721,722
8161,831,832
8161,940,941
8161,1015,1016
8162,689,690
8162,721,722
8162,831,832
8162,934,935
8163,721,722
8163,831,832
8163,934,935
8163,940,941
8164,721,722
8164,825,826
8164,932,933
8164,933,934
8165,721,722
8165,825,826
8165,932,933
8165,1028,1029
8166,721,722
8166,825,826
8166,933,934
8166,1015,1016
8167,721,722
8167,825,826
8167,988,989
8167,1015,1016
8168,680,681
8168,696,697
8168,890,891
8168,966,967
8169,654,655
8169,680,681
8169,814,815
8169,966,967
8170,680,681
8170,696,697
8170,814,815
8170,966,967
8171,631,632
8171,654,655
8171,680,681
8171,966,967
8172,631,632
8172,805,806
8172,890,891
8172,966,967
8173,631,632
8173,680,681
8173,890,891
8173,966,967
8174,745,746
8174,805,806
8174,890,891
8174,966,967
8175,745,746
8175,890,891
8175,966,967
8175,1009,1010
8176,696,697
8176,890,891
8176,966,967
8176,1009,1010
8177,654,655
8177,948,949
8177,966,967
8177,1008,1009
8178,631,632
8178,654,655
8178,948,949
8178,966,967
8179,631,632
8179,800,801
8179,805,806
8179,966,967
8180,745,746
8180,800,801
8180,805,806
8180,966,967
8181,800,801
8181,948,949
8181,966,967
8181,1008,1009
8182,631,632
8182,800,801
8182,948,949
8182,966,967
8183,441,442
8183,470,471
8183,571,572
8183,715,716
8184,470,471
8184,571,572
8184,715,716
8184,745,746
8185,571,572
8185,715,716
8185,745,746
8185,773,774
8186,470,471
8186,571,572
8186,638,639
8186,745,746
8187,571,572
8187,745,746
8187,773,774
8187,1017,1018
8188,571,572
8188,637,638
8188,773,774
8188,1017,1018
8189,571,572
8189,638,639
8189,713,714
8189,733,734
8190,470,471
8190,571,572
8190,638,639
8190,713,714
8191,441,442
8191,470,471
8191,571,572
8191,713,714
8192,571,572
8192,637,638
8192,638,639
8192,733,734
8193,571,572
8193,637,638
8193,638,639
8193,1017,1018
8194,571,572
8194,638,639
8194,799,800
8194,1017,1018
8195,571,572
8195,638,639
8195,745,746
8195,799,800
8196,571,572
8196,745,746
8196,799,800
8196,1017,1018
8197,441,442
8197,571,572
8197,733,734
8197,774,775
8198,571,572
8198,713,714
8198,733,734
8198,774,775
8199,441,442
8199,571,572
8199,713,714
8199,774,775
8200,457,458
8200,470,471
8200,530,531
8200,713,714
8201,470,471
8201,530,531
8201,668,669
8201,713,714
8202,530,531
8202,668,669
8202,713,714
8202,819,820
8203,470,471
8203,514,515
8203,530,531
8203,668,669
8204,470,471
8204,514,515
8204,530,531
8204,764,765
8205,457,458
8205,470,471
8205,530,531
8205,764,765
8206,442,443
8206,527,528
8206,530,531
8206,570,571
8207,442,443
8207,457,458
8207,530,531
8207,764,765
8208,530,531
8208,627,628
8208,668,669
8208,819,820
8209,514,515
8209,530,531
8209,627,628
8209,668,669
8210,514,515
8210,527,528
8210,530,531
8210,627,628
8211,530,531
8211,570,571
8211,627,628
8211,819,820
8212,527,528
8212,530,531
8212,570,571
8212,627,628
8213,1232,1233
8213,1237,1238
8213,1388,1389
8213,1513,1514
8214,1232,1233
8214,1237,1238
8214,1415,1416
8214,1513,1514
8215,1232,1233
8215,1237,1238
8215,1284,1285
8215,1415,1416
8216,1232,1233
8216,1237,1238
8216,1284,1285
8216,1373,1374
8217,1232,1233
8217,1237,1238
8217,1373,1374
8217,1388,1389
8218,1237,1238
8218,1260,1261
8218,1284,1285
8218,1415,1416
8219,1237,1238
8219,1277,1278
8219,1373,1374
8219,1388,1389
8220,1237,1238
8220,1277,1278
8220,1357,1358
8220,1388,1389
8221,1237,1238
8221,1357,1358
8221,1388,1389
8221,1513,1514
8222,1237,1238
8222,1357,1358
8222,1415,1416
8222,1513,1514
8223,1237,1238
8223,1260,1261
8223,1357,1358
8223,1415,1416
8224,1237,1238
8224,1264,1265
8224,1277,1278
8224,1373,1374
8225,1237,1238
8225,1264,1265
8225,1284,1285
8225,1373,1374
8226,1237,1238
8226,1260,1261
8226,1264,1265
8226,1284,1285
8227,1237,1238
8227,1277,1278
8227,1357,1358
8227,1625,1626
8228,1237,1238
8228,1260,1261
8228,1357,1358
8228,1625,1626
8229,1237,1238
8229,1264,1265
8229,1277,1278
8229,1625,1626
8230,1237,1238
8230,1260,1261
8230,1264,1265
8230,1625,1626
8231,1469,1470
8231,1684,1685
8231,1744,1745
8231,1802,1803
8232,1469,1470
8232,1557,1558
8232,1744,1745
8232,1802,1803
8233,1469,1470
8233,1557,1558
8233,1684,1685
8233,1744,1745
8234,1442,1443
8234,1568,1569
8234,1684,1685
8234,1744,1745
8235,1568,1569
8235,1684,1685
8235,1744,1745
8235,1802,1803
8236,1442,1443
8236,1473,1474
8236,1568,1569
8236,1744,1745
8237,1473,1474
8237,1568,1569
8237,1744,1745
8237,1802,1803
8238,1442,1443
8238,1473,1474
8238,1744,1745
8238,1820,1821
8239,1473,1474
8239,1744,1745
8239,1802,1803
8239,1820,1821
8240,1442,1443
8240,1719,1720
8240,1744,1745
8240,1820,1821
8241,1744,1745
8241,1802,1803
8241,1820,1821
8241,1831,1832
8242,1557,1558
8242,1744,1745
8242,1802,1803
8242,1831,1832
8243,1557,1558
8243,1744,1745
8243,1820,1821
8243,1831,1832
8244,1442,1443
8244,1649,1650
8244,1719,1720
8244,1744,1745
8245,1442,1443
8245,1649,1650
8245,1684,1685
8245,1744,1745
8246,1649,1650
8246,1684,1685
8246,1719,1720
8246,1744,1745
8247,1621,1622
8247,1719,1720
8247,1744,1745
8247,1820,1821
8248,1557,1558
8248,1621,1622
8248,1744,1745
8248,1820,1821
8249,1684,1685
8249,1719,1720
8249,1744,1745
8249,1826,1827
8250,1621,1622
8250,1719,1720
8250,1744,1745
8250,1826,1827
8251,1557,1558
8251,1684,1685
8251,1744,1745
8251,1826,1827
8252,1557,1558
8252,1621,1622
8252,1744,1745
8252,1826,1827
8253,1505,1506
8253,1698,1699
8253,1702,1703
8253,1773,1774
8254,1505,1506
8254,1698,1699
8254,1702,1703
8254,1755,1756
8255,1505,1506
8255,1515,1516
8255,1702,1703
8255,1773,1774
8256,1505,1506
8256,1515,1516
8256,1702,1703
8256,1755,1756
8257,1505,1506
8257,1515,1516
8257,1755,1756
8257,1839,1840
8258,1486,1487
8258,1505,1506
8258,1515,1516
8258,1839,1840
8259,1486,1487
8259,1505,1506
8259,1515,1516
8259,1773,1774
8260,1505,1506
8260,1698,1699
8260,1834,1835
8260,1845,1846
8261,1486,1487
8261,1505,1506
8261,1740,1741
8261,1839,1840
8262,1505,1506
8262,1698,1699
8262,1747,1748
8262,1834,1835
8263,1505,1506
8263,1698,1699
8263,1747,1748
8263,1755,1756
8264,1505,1506
8264,1740,1741
8264,1757,1758
8264,1834,1835
8265,1486,1487
8265,1505,1506
8265,1673,1674
8265,1773,1774
8266,1114,1115
8266,1284,1285
8266,1373,1374
8266,1391,1392
8267,1284,1285
8267,1307,1308
8267,1373,1374
8267,1391,1392
8268,1077,1078
8268,1114,1115
8268,1223,1224
8268,1391,1392
8269,1114,1115
8269,1232,1233
8269,1284,1285
8269,1391,1392
8270,1084,1085
8270,1284,1285
8270,1307,1308
8270,1391,1392
8271,1092,1093
8271,1114,1115
8271,1232,1233
8271,1391,1392
8272,1092,1093
8272,1114,1115
8272,1223,1224
8272,1391,1392
8273,1077,1078
8273,1223,1224
8273,1298,1299
8273,1391,1392
8274,1084,1085
8274,1089,1090
8274,1281,1282
8274,1391,1392
8275,1084,1085
8275,1281,1282
8275,1284,1285
8275,1391,1392
8276,1092,1093
8276,1223,1224
8276,1298,1299
8276,1391,1392
8277,1232,1233
8277,1281,1282
8277,1284,1285
8277,1391,1392
8278,1092,1093
8278,1105,1106
8278,1298,1299
8278,1391,1392
8279,1092,1093
8279,1105,1106
8279,1232,1233
8279,1391,1392
8280,1089,1090
8280,1105,1106
8280,1298,1299
8280,1391,1392
8281,1089,1090
8281,1099,1100
8281,1298,1299
8281,1391,1392
8282,1089,1090
8282,1105,1106
8282,1281,1282
8282,1391,1392
8283,1105,1106
8283,1232,1233
8283,1281,1282
8283,1391,1392
8284,1038,1039
8284,1095,1096
8284,1294,1295
8284,1318,1319
8285,1038,1039
8285,1077,1078
8285,1095,1096
8285,1294,1295
8286,1038,1039
8286,1235,1236
8286,1294,1295
8286,1318,1319
8287,1095,1096
8287,1102,1103
8287,1294,1295
8287,1318,1319
8288,1077,1078
8288,1095,1096
8288,1102,1103
8288,1294,1295
8289,1102,1103
8289,1226,1227
8289,1294,1295
8289,1318,1319
8290,1038,1039
8290,1235,1236
8290,1257,1258
8290,1294,1295
8291,1235,1236
8291,1257,1258
8291,1294,1295
8291,1373,1374
8292,1102,1103
8292,1223,1224
8292,1226,1227
8292,1294,1295
8293,1077,1078
8293,1102,1103
8293,1223,1224
8293,1294,1295
8294,1257,1258
8294,1294,1295
8294,1307,1308
8294,1373,1374
8295,1114,1115
8295,1267,1268
8295,1294,1295
8295,1373,1374
8296,1235,1236
8296,1267,1268
8296,1294,1295
8296,1373,1374
8297,1114,1115
8297,1223,1224
8297,1226,1227
8297,1294,1295
8298,1077,1078
8298,1114,1115
8298,1223,1224
8298,1294,1295
8299,1038,1039
8299,1077,1078
8299,1118,1119
8299,1294,1295
8300,1077,1078
8300,1118,1119
8300,1294,1295
8300,1307,1308
8301,1038,1039
8301,1118,1119
8301,1257,1258
8301,1294,1295
8302,1118,1119
8302,1257,1258
8302,1294,1295
8302,1307,1308
8303,1046,1047
8303,1235,1236
8303,1267,1268
8303,1294,1295
8304,1046,1047
8304,1235,1236
8304,1294,1295
8304,1318,1319
8305,1046,1047
8305,1226,1227
8305,1294,1295
8305,1318,1319
8306,1114,1115
8306,1294,1295
8306,1373,1374
8306,1391,1392
8307,1294,1295
8307,1307,1308
8307,1373,1374
8307,1391,1392
8308,1077,1078
8308,1114,1115
8308,1294,1295
8308,1391,1392
8309,1077,1078
8309,1294,1295
8309,1307,1308
8309,1391,1392
8310,1114,1115
8310,1226,1227
8310,1267,1268
8310,1294,1295
8311,1046,1047
8311,1226,1227
8311,1267,1268
8311,1294,1295
8312,1057,1058
8312,1118,1119
8312,1144,1145
8312,1254,1255
8313,1057,1058
8313,1118,1119
8313,1254,1255
8313,1408,1409
8314,1057,1058
8314,1144,1145
8314,1173,1174
8314,1341,1342
8315,1057,1058
8315,1118,1119
8315,1144,1145
8315,1341,1342
8316,1057,1058
8316,1215,1216
8316,1308,1309
8316,1408,1409
8317,1057,1058
8317,1254,1255
8317,1308,1309
8317,1408,1409
8318,1057,1058
8318,1075,1076
8318,1173,1174
8318,1215,1216
8319,1057,1058
8319,1173,1174
8319,1203,1204
8319,1215,1216
8320,1057,1058
8320,1203,1204
8320,1215,1216
8320,1408,1409
8321,1057,1058
8321,1075,1076
8321,1144,1145
8321,1287,1288
8322,1057,1058
8322,1144,1145
8322,1254,1255
8322,1287,1288
8323,1057,1058
8323,1085,1086
8323,1254,1255
8323,1308,1309
8324,1044,1045
8324,1057,1058
8324,1144,1145
8324,1173,1174
8325,1044,1045
8325,1057,1058
8325,1075,1076
8325,1144,1145
8326,1044,1045
8326,1057,1058
8326,1075,1076
8326,1173,1174
8327,1057,1058
8327,1085,1086
8327,1254,1255
8327,1287,1288
8328,1057,1058
8328,1075,1076
8328,1201,1202
8328,1215,1216
8329,1057,1058
8329,1201,1202
8329,1215,1216
8329,1308,1309
8330,1057,1058
8330,1085,1086
8330,1201,1202
8330,1287,1288
8331,1057,1058
8331,1075,1076
8331,1201,1202
8331,1287,1288
8332,1057,1058
8332,1085,1086
8332,1231,1232
8332,1308,1309
8333,1057,1058
8333,1201,1202
8333,1231,1232
8333,1308,1309
8334,1057,1058
8334,1085,1086
8334,1201,1202
8334,1231,1232
8335,145,146
8335,219,220
8335,237,238
8335,286,287
8336,219,220
8336,237,238
8336,286,287
8336,339,340
8337,219,220
8337,237,238
8337,339,340
8337,364,365
8338,145,146
8338,192,193
8338,219,220
8338,286,287
8339,219,220
8339,237,238
8339,364,365
8339,395,396
8340,145,146
8340,219,220
8340,237,238
8340,395,396
8341,192,193
8341,219,220
8341,286,287
8341,566,567
8342,219,220
8342,286,287
8342,339,340
8342,566,567
8343,192,193
8343,219,220
8343,320,321
8343,539,540
8344,192,193
8344,219,220
8344,539,540
8344,566,567
8345,219,220
8345,339,340
8345,539,540
8345,566,567
8346,219,220
8346,256,257
8346,364,365
8346,395,396
8347,145,146
8347,219,220
8347,226,227
8347,395,396
8348,181,182
8348,219,220
8348,339,340
8348,539,540
8349,181,182
8349,219,220
8349,339,340
8349,364,365
8350,192,193
8350,219,220
8350,226,227
8350,320,321
8351,145,146
8351,192,193
8351,219,220
8351,226,227
8352,219,220
8352,256,257
8352,310,311
8352,320,321
8353,219,220
8353,226,227
8353,256,257
8353,320,321
8354,219,220
8354,226,227
8354,256,257
8354,395,396
8355,219,220
8355,310,311
8355,320,321
8355,539,540
8356,181,182
8356,219,220
8356,310,311
8356,539,540
8357,64,65
8357,72,73
8357,324,325
8357,367,368
8358,72,73
8358,185,186
8358,324,325
8358,367,368
8359,64,65
8359,213,214
8359,324,325
8359,367,368
8360,185,186
8360,213,214
8360,324,325
8360,367,368
8361,64,65
8361,213,214
8361,220,221
8361,367,368
8362,37,38
8362,123,124
8362,220,221
8362,367,368
8363,72,73
8363,86,87
8363,185,186
8363,367,368
8364,123,124
8364,220,221
8364,367,368
8364,591,592
8365,213,214
8365,220,221
8365,367,368
8365,591,592
8366,123,124
8366,185,186
8366,367,368
8366,591,592
8367,185,186
8367,213,214
8367,367,368
8367,591,592
8368,37,38
8368,86,87
8368,123,124
8368,367,368
8369,86,87
8369,123,124
8369,367,368
8369,378,379
8370,123,124
8370,185,186
8370,367,368
8370,378,379
8371,86,87
8371,185,186
8371,367,368
8371,378,379
8372,12,13
8372,44,45
8372,97,98
8372,102,103
8373,12,13
8373,67,68
8373,97,98
8373,102,103
8374,14,15
8374,44,45
8374,97,98
8374,146,147
8375,14,15
8375,97,98
8375,98,99
8375,146,147
8376,12,13
8376,33,34
8376,44,45
8376,97,98
8377,14,15
8377,33,34
8377,44,45
8377,97,98
8378,12,13
8378,14,15
8378,33,34
8378,97,98
8379,12,13
8379,67,68
8379,97,98
8379,98,99
8380,12,13
8380,14,15
8380,86,87
8380,97,98
8381,12,13
8381,86,87
8381,97,98
8381,98,99
8382,14,15
8382,86,87
8382,97,98
8382,98,99
8383,72,73
8383,98,99
8383,166,167
8383,311,312
8384,98,99
8384,159,160
8384,166,167
8384,311,312
8385,159,160
8385,166,167
8385,178,179
8385,311,312
8386,72,73
8386,86,87
8386,98,99
8386,166,167
8387,37,38
8387,86,87
8387,98,99
8387,166,167
8388,38,39
8388,98,99
8388,159,160
8388,166,167
8389,72,73
8389,86,87
8389,166,167
8389,367,368
8390,37,38
8390,86,87
8390,166,167
8390,367,368
8391,38,39
8391,47,48
8391,159,160
8391,166,167
8392,47,48
8392,159,160
8392,166,167
8392,178,179
8393,38,39
8393,98,99
8393,146,147
8393,166,167
8394,37,38
8394,38,39
8394,146,147
8394,166,167
8395,37,38
8395,98,99
8395,146,147
8395,166,167
8396,138,139
8396,166,167
8396,178,179
8396,220,221
8397,34,35
8397,59,60
8397,338,339
8397,350,351
8398,34,35
8398,59,60
8398,139,140
8398,350,351
8399,34,35
8399,125,126
8399,338,339
8399,350,351
8400,34,35
8400,59,60
8400,77,78
8400,139,140
8401,3,4
8401,34,35
8401,125,126
8401,338,339
8402,34,35
8402,74,75
8402,139,140
8402,350,351
8403,34,35
8403,74,75
8403,125,126
8403,350,351
8404,3,4
8404,34,35
8404,88,89
8404,338,339
8405,3,4
8405,34,35
8405,125,126
8405,363,364
8406,34,35
8406,74,75
8406,139,140
8406,363,364
8407,34,35
8407,77,78
8407,139,140
8407,363,364
8408,34,35
8408,77,78
8408,88,89
8408,363,364
8409,34,35
8409,69,70
8409,77,78
8409,88,89
8410,34,35
8410,59,60
8410,69,70
8410,77,78
8411,3,4
8411,34,35
8411,88,89
8411,363,364
8412,34,35
8412,58,59
8412,74,75
8412,125,126
8413,34,35
8413,58,59
8413,74,75
8413,363,364
8414,34,35
8414,58,59
8414,125,126
8414,363,364
8415,34,35
8415,88,89
8415,311,312
8415,338,339
8416,34,35
8416,69,70
8416,88,89
8416,311,312
8417,34,35
8417,59,60
8417,311,312
8417,338,339
8418,34,35
8418,59,60
8418,69,70
8418,311,312
8419,1685,1686
8419,1774,1775
8419,1785,1786
8419,1816,1817
8420,1774,1775
8420,1785,1786
8420,1799,1800
8420,1816,1817
8421,1577,1578
8421,1734,1735
8421,1774,1775
8421,1799,1800
8422,1734,1735
8422,1774,1775
8422,1799,1800
8422,1817,1818
8423,1774,1775
8423,1799,1800
8423,1816,1817
8423,1817,1818
8424,1576,1577
8424,1713,1714
8424,1727,1728
8424,1738,1739
8425,1576,1577
8425,1727,1728
8425,1738,1739
8425,1793,1794
8426,1577,1578
8426,1727,1728
8426,1756,1757
8426,1793,1794
8427,1576,1577
8427,1642,1643
8427,1713,1714
8427,1727,1728
8428,1573,1574
8428,1577,1578
8428,1727,1728
8428,1756,1757
8429,1572,1573
8429,1576,1577
8429,1642,1643
8429,1727,1728
8430,1573,1574
8430,1642,1643
8430,1713,1714
8430,1727,1728
8431,1572,1573
8431,1727,1728
8431,1756,1757
8431,1793,1794
8432,1489,1490
8432,1572,1573
8432,1576,1577
8432,1727,1728
8433,1489,1490
8433,1576,1577
8433,1727,1728
8433,1793,1794
8434,1489,1490
8434,1572,1573
8434,1727,1728
8434,1793,1794
8435,1559,1560
8435,1573,1574
8435,1727,1728
8435,1756,1757
8436,1559,1560
8436,1573,1574
8436,1642,1643
8436,1727,1728
8437,1559,1560
8437,1572,1573
8437,1727,1728
8437,1756,1757
8438,1559,1560
8438,1572,1573
8438,1642,1643
8438,1727,1728
8439,1547,1548
8439,1670,1671
8439,1674,1675
8439,1704,1705
8440,1547,1548
8440,1674,1675
8440,1765,1766
8440,1827,1828
8441,1547,1548
8441,1674,1675
8441,1704,1705
8441,1827,1828
8442,1674,1675
8442,1765,1766
8442,1781,1782
8442,1827,1828
8443,1674,1675
8443,1704,1705
8443,1781,1782
8443,1827,1828
8444,1685,1686
8444,1723,1724
8444,1738,1739
8444,1774,1775
8445,1685,1686
8445,1723,1724
8445,1774,1775
8445,1816,1817
8446,1774,1775
8446,1789,1790
8446,1816,1817
8446,1817,1818
8447,1734,1735
8447,1789,1790
8447,1800,1801
8447,1817,1818
8448,1734,1735
8448,1774,1775
8448,1789,1790
8448,1817,1818
8449,1700,1701
8449,1723,1724
8449,1789,1790
8449,1816,1817
8450,1723,1724
8450,1774,1775
8450,1789,1790
8450,1816,1817
8451,1457,1458
8451,1528,1529
8451,1583,1584
8451,1636,1637
8452,1528,1529
8452,1583,1584
8452,1586,1587
8452,1670,1671
8453,1583,1584
8453,1586,1587
8453,1636,1637
8453,1670,1671
8454,1528,1529
8454,1583,1584
8454,1586,1587
8454,1636,1637
8455,1528,1529
8455,1583,1584
8455,1670,1671
8455,1704,1705
8456,1583,1584
8456,1670,1671
8456,1674,1675
8456,1704,1705
8457,1583,1584
8457,1674,1675
8457,1700,1701
8457,1781,1782
8458,1583,1584
8458,1674,1675
8458,1704,1705
8458,1781,1782
8459,1333,1334
8459,1614,1615
8459,1641,1642
8459,1660,1661
8460,1543,1544
8460,1614,1615
8460,1641,1642
8460,1660,1661
8461,1543,1544
8461,1600,1601
8461,1641,1642
8461,1660,1661
8462,1464,1465
8462,1600,1601
8462,1641,1642
8462,1660,1661
8463,1333,1334
8463,1464,1465
8463,1641,1642
8463,1660,1661
8464,1464,1465
8464,1472,1473
8464,1600,1601
8464,1660,1661
8465,1342,1343
8465,1464,1465
8465,1645,1646
8465,1660,1661
8466,1333,1334
8466,1342,1343
8466,1464,1465
8466,1660,1661
8467,1303,1304
8467,1326,1327
8467,1645,1646
8467,1660,1661
8468,1326,1327
8468,1342,1343
8468,1645,1646
8468,1660,1661
8469,1326,1327
8469,1342,1343
8469,1614,1615
8469,1660,1661
8470,1333,1334
8470,1342,1343
8470,1614,1615
8470,1660,1661
8471,1472,1473
8471,1543,1544
8471,1600,1601
8471,1660,1661
8472,1303,1304
8472,1326,1327
8472,1485,1486
8472,1660,1661
8473,1326,1327
8473,1485,1486
8473,1614,1615
8473,1660,1661
8474,1303,1304
8474,1472,1473
8474,1485,1486
8474,1660,1661
8475,1472,1473
8475,1485,1486
8475,1543,1544
8475,1660,1661
8476,1485,1486
8476,1603,1604
8476,1614,1615
8476,1660,1661
8477,1543,1544
8477,1603,1604
8477,1614,1615
8477,1660,1661
8478,1485,1486
8478,1543,1544
8478,1603,1604
8478,1660,1661
8479,1303,1304
8479,1518,1519
8479,1645,1646
8479,1660,1661
8480,1464,1465
8480,1518,1519
8480,1645,1646
8480,1660,1661
8481,1303,1304
8481,1472,1473
8481,1518,1519
8481,1660,1661
8482,1464,1465
8482,1472,1473
8482,1518,1519
8482,1660,1661
8483,435,436
8483,466,467
8483,609,610
8483,612,613
8484,402,403
8484,429,430
8484,466,467
8484,497,498
8485,435,436
8485,466,467
8485,612,613
8485,820,821
8486,303,304
8486,402,403
8486,466,467
8486,609,610
8487,303,304
8487,402,403
8487,429,430
8487,466,467
8488,303,304
8488,435,436
8488,466,467
8488,609,610
8489,303,304
8489,429,430
8489,435,436
8489,466,467
8490,429,430
8490,466,467
8490,497,498
8490,820,821
8491,429,430
8491,435,436
8491,466,467
8491,820,821
8492,402,403
8492,466,467
8492,497,498
8492,774,775
8493,441,442
8493,466,467
8493,497,498
8493,774,775
8494,201,202
8494,402,403
8494,466,467
8494,609,610
8495,201,202
8495,402,403
8495,415,416
8495,466,467
8496,402,403
8496,415,416
8496,466,467
8496,774,775
8497,415,416
8497,441,442
8497,466,467
8497,774,775
8498,404,405
8498,493,494
8498,512,513
8498,773,774
8499,404,405
8499,512,513
8499,612,613
8499,773,774
8500,404,405
8500,512,513
8500,612,613
8500,820,821
8501,404,405
8501,493,494
8501,512,513
8501,661,662
8502,404,405
8502,512,513
8502,661,662
8502,820,821
8503,493,494
8503,512,513
8503,574,575
8503,661,662
8504,512,513
8504,574,575
8504,661,662
8504,820,821
8505,497,498
8505,512,513
8505,574,575
8505,820,821
8506,493,494
8506,512,513
8506,574,575
8506,637,638
8507,493,494
8507,512,513
8507,637,638
8507,773,774
8508,512,513
8508,571,572
8508,637,638
8508,773,774
8509,512,513
8509,612,613
8509,715,716
8509,773,774
8510,512,513
8510,571,572
8510,715,716
8510,773,774
8511,466,467
8511,497,498
8511,512,513
8511,820,821
8512,466,467
8512,512,513
8512,612,613
8512,820,821
8513,441,442
8513,512,513
8513,612,613
8513,715,716
8514,441,442
8514,512,513
8514,571,572
8514,715,716
8515,497,498
8515,512,513
8515,574,575
8515,733,734
8516,512,513
8516,574,575
8516,637,638
8516,733,734
8517,512,513
8517,571,572
8517,637,638
8517,733,734
8518,441,442
8518,466,467
8518,497,498
8518,512,513
8519,441,442
8519,466,467
8519,512,513
8519,612,613
8520,441,442
8520,497,498
8520,512,513
8520,733,734
8521,441,442
8521,512,513
8521,571,572
8521,733,734
8522,633,634
8522,739,740
8522,773,774
8522,785,786
8523,633,634
8523,735,736
8523,739,740
8523,785,786
8524,633,634
8524,739,740
8524,773,774
8524,1028,1029
8525,633,634
8525,739,740
8525,902,903
8525,1028,1029
8526,633,634
8526,735,736
8526,739,740
8526,902,903
8527,689,690
8527,739,740
8527,902,903
8527,1028,1029
8528,689,690
8528,739,740
8528,988,989
8528,1028,1029
8529,739,740
8529,773,774
8529,988,989
8529,1028,1029
8530,689,690
8530,739,740
8530,755,756
8530,941,942
8531,735,736
8531,739,740
8531,755,756
8531,941,942
8532,689,690
8532,739,740
8532,902,903
8532,941,942
8533,735,736
8533,739,740
8533,902,903
8533,941,942
8534,419,420
8534,719,720
8534,785,786
8534,790,791
8535,414,415
8535,419,420
8535,706,707
8535,719,720
8536,414,415
8536,419,420
8536,706,707
8536,790,791
8537,414,415
8537,419,420
8537,719,720
8537,790,791
8538,419,420
8538,706,707
8538,715,716
8538,790,791
8539,419,420
8539,715,716
8539,785,786
8539,790,791
8540,419,420
8540,719,720
8540,735,736
8540,785,786
8541,419,420
8541,735,736
8541,739,740
8541,785,786
8542,419,420
8542,646,647
8542,706,707
8542,719,720
8543,419,420
8543,646,647
8543,706,707
8543,1008,1009
8544,419,420
8544,706,707
8544,715,716
8544,1008,1009
8545,419,420
8545,715,716
8545,773,774
8545,785,786
8546,419,420
8546,739,740
8546,773,774
8546,785,786
8547,419,420
8547,719,720
8547,735,736
8547,755,756
8548,419,420
8548,735,736
8548,739,740
8548,755,756
8549,419,420
8549,646,647
8549,719,720
8549,755,756
8550,179,180
8550,255,256
8550,288,289
8550,577,578
8551,179,180
8551,255,256
8551,413,414
8551,577,578
8552,179,180
8552,255,256
8552,288,289
8552,413,414
8553,171,172
8553,179,180
8553,413,414
8553,577,578
8554,60,61
8554,179,180
8554,288,289
8554,577,578
8555,60,61
8555,179,180
8555,275,276
8555,577,578
8556,171,172
8556,179,180
8556,283,284
8556,577,578
8557,179,180
8557,275,276
8557,283,284
8557,577,578
8558,60,61
8558,179,180
8558,213,214
8558,288,289
8559,60,61
8559,179,180
8559,213,214
8559,275,276
8560,179,180
8560,275,276
8560,283,284
8560,426,427
8561,179,180
8561,275,276
8561,386,387
8561,426,427
8562,179,180
8562,213,214
8562,275,276
8562,386,387
8563,179,180
8563,217,218
8563,288,289
8563,386,387
8564,179,180
8564,217,218
8564,288,289
8564,413,414
8565,179,180
8565,217,218
8565,386,387
8565,426,427
8566,179,180
8566,217,218
8566,413,414
8566,426,427
8567,179,180
8567,283,284
8567,356,357
8567,426,427
8568,179,180
8568,356,357
8568,413,414
8568,426,427
8569,171,172
8569,179,180
8569,283,284
8569,356,357
8570,171,172
8570,179,180
8570,356,357
8570,413,414
8571,64,65
8571,179,180
8571,288,289
8571,386,387
8572,64,65
8572,179,180
8572,213,214
8572,386,387
8573,64,65
8573,179,180
8573,213,214
8573,288,289
8574,138,139
8574,189,190
8574,247,248
8574,586,587
8575,53,54
8575,91,92
8575,106,107
8575,247,248
8576,53,54
8576,91,92
8576,189,190
8576,247,248
8577,53,54
8577,106,107
8577,138,139
8577,247,248
8578,53,54
8578,138,139
8578,189,190
8578,247,248
8579,91,92
8579,222,223
8579,229,230
8579,247,248
8580,91,92
8580,189,190
8580,222,223
8580,247,248
8581,222,223
8581,229,230
8581,247,248
8581,586,587
8582,189,190
8582,222,223
8582,247,248
8582,288,289
8583,222,223
8583,247,248
8583,288,289
8583,586,587
8584,189,190
8584,247,248
8584,288,289
8584,586,587
8585,229,230
8585,233,234
8585,247,248
8585,340,341
8586,229,230
8586,233,234
8586,247,248
8586,586,587
8587,310,311
8587,408,409
8587,535,536
8587,776,777
8588,509,510
8588,521,522
8588,562,563
8588,776,777
8589,310,311
8589,509,510
8589,521,522
8589,776,777
8590,442,443
8590,500,501
8590,562,563
8590,776,777
8591,442,443
8591,500,501
8591,535,536
8591,776,777
8592,500,501
8592,509,510
8592,562,563
8592,776,777
8593,310,311
8593,509,510
8593,518,519
8593,776,777
8594,310,311
8594,518,519
8594,535,536
8594,776,777
8595,500,501
8595,509,510
8595,518,519
8595,776,777
8596,500,501
8596,518,519
8596,535,536
8596,776,777
8597,1077,1078
8597,1118,1119
8597,1341,1342
8597,1402,1403
8598,1077,1078
8598,1118,1119
8598,1307,1308
8598,1402,1403
8599,1077,1078
8599,1157,1158
8599,1341,1342
8599,1402,1403
8600,1084,1085
8600,1307,1308
8600,1402,1403
8600,1417,1418
8601,1084,1085
8601,1089,1090
8601,1391,1392
8601,1402,1403
8602,1084,1085
8602,1307,1308
8602,1391,1392
8602,1402,1403
8603,1077,1078
8603,1307,1308
8603,1391,1392
8603,1402,1403
8604,1089,1090
8604,1193,1194
8604,1211,1212
8604,1402,1403
8605,1089,1090
8605,1157,1158
8605,1193,1194
8605,1402,1403
8606,1157,1158
8606,1193,1194
8606,1211,1212
8606,1402,1403
8607,1089,1090
8607,1211,1212
8607,1282,1283
8607,1402,1403
8608,1084,1085
8608,1089,1090
8608,1282,1283
8608,1402,1403
8609,1084,1085
8609,1211,1212
8609,1282,1283
8609,1402,1403
8610,1084,1085
8610,1211,1212
8610,1402,1403
8610,1417,1418
8611,1089,1090
8611,1099,1100
8611,1157,1158
8611,1402,1403
8612,1089,1090
8612,1099,1100
8612,1391,1392
8612,1402,1403
8613,1077,1078
8613,1298,1299
8613,1391,1392
8613,1402,1403
8614,1099,1100
8614,1298,1299
8614,1391,1392
8614,1402,1403
8615,1077,1078
8615,1181,1182
8615,1298,1299
8615,1402,1403
8616,1077,1078
8616,1157,1158
8616,1181,1182
8616,1402,1403
8617,1099,1100
8617,1181,1182
8617,1298,1299
8617,1402,1403
8618,1099,1100
8618,1157,1158
8618,1181,1182
8618,1402,1403
8619,865,866
8619,919,920
8619,986,987
8619,1055,1056
8620,865,866
8620,919,920
8620,986,987
8620,1112,1113
8621,865,866
8621,986,987
8621,1055,1056
8621,1179,1180
8622,919,920
8622,986,987
8622,1049,1050
8622,1055,1056
8623,865,866
8623,986,987
8623,1179,1180
8623,1213,1214
8624,986,987
8624,1112,1113
8624,1179,1180
8624,1213,1214
8625,865,866
8625,986,987
8625,1112,1113
8625,1213,1214
8626,986,987
8626,1049,1050
8626,1055,1056
8626,1288,1289
8627,986,987
8627,1055,1056
8627,1179,1180
8627,1288,1289
8628,876,877
8628,904,905
8628,986,987
8628,1179,1180
8629,876,877
8629,904,905
8629,986,987
8629,1112,1113
8630,904,905
8630,986,987
8630,1112,1113
8630,1179,1180
8631,876,877
8631,986,987
8631,1112,1113
8631,1207,1208
8632,919,920
8632,986,987
8632,1112,1113
8632,1207,1208
8633,876,877
8633,986,987
8633,1219,1220
8633,1288,1289
8634,986,987
8634,1179,1180
8634,1219,1220
8634,1288,1289
8635,876,877
8635,986,987
8635,1179,1180
8635,1219,1220
8636,1359,1360
8636,1451,1452
8636,1560,1561
8636,1610,1611
8637,1271,1272
8637,1451,1452
8637,1560,1561
8637,1663,1664
8638,1451,1452
8638,1560,1561
8638,1610,1611
8638,1663,1664
8639,1359,1360
8639,1553,1554
8639,1560,1561
8639,1610,1611
8640,1359,1360
8640,1407,1408
8640,1451,1452
8640,1560,1561
8641,1359,1360
8641,1367,1368
8641,1407,1408
8641,1560,1561
8642,1271,1272
8642,1321,1322
8642,1451,1452
8642,1560,1561
8643,1271,1272
8643,1321,1322
8643,1367,1368
8643,1560,1561
8644,1271,1272
8644,1367,1368
8644,1526,1527
8644,1560,1561
8645,1321,1322
8645,1407,1408
8645,1451,1452
8645,1560,1561
8646,1321,1322
8646,1367,1368
8646,1407,1408
8646,1560,1561
8647,1367,1368
8647,1431,1432
8647,1526,1527
8647,1560,1561
8648,1359,1360
8648,1367,1368
8648,1431,1432
8648,1560,1561
8649,1406,1407
8649,1560,1561
8649,1610,1611
8649,1663,1664
8650,1406,1407
8650,1553,1554
8650,1560,1561
8650,1610,1611
8651,1359,1360
8651,1431,1432
8651,1553,1554
8651,1560,1561
8652,1271,1272
8652,1560,1561
8652,1649,1650
8652,1663,1664
8653,1271,1272
8653,1526,1527
8653,1560,1561
8653,1649,1650
8654,1390,1391
8654,1431,1432
8654,1526,1527
8654,1560,1561
8655,1390,1391
8655,1431,1432
8655,1553,1554
8655,1560,1561
8656,1406,1407
8656,1560,1561
8656,1649,1650
8656,1663,1664
8657,1406,1407
8657,1526,1527
8657,1560,1561
8657,1649,1650
8658,1390,1391
8658,1406,1407
8658,1526,1527
8658,1560,1561
8659,1390,1391
8659,1406,1407
8659,1553,1554
8659,1560,1561
8660,1233,1234
8660,1278,1279
8660,1361,1362
8660,1416,1417
8661,1233,1234
8661,1241,1242
8661,1361,1362
8661,1416,1417
8662,1233,1234
8662,1278,1279
8662,1316,1317
8662,1416,1417
8663,1233,1234
8663,1241,1242
8663,1316,1317
8663,1416,1417
8664,1093,1094
8664,1278,1279
8664,1361,1362
8664,1416,1417
8665,1093,1094
8665,1259,1260
8665,1278,1279
8665,1416,1417
8666,1259,1260
8666,1345,1346
8666,1407,1408
8666,1416,1417
8667,1259,1260
8667,1278,1279
8667,1407,1408
8667,1416,1417
8668,1316,1317
8668,1345,1346
8668,1416,1417
8668,1520,1521
8669,1241,1242
8669,1316,1317
8669,1416,1417
8669,1520,1521
8670,1316,1317
8670,1345,1346
8670,1416,1417
8670,1610,1611
8671,1345,1346
8671,1407,1408
8671,1416,1417
8671,1610,1611
8672,1316,1317
8672,1407,1408
8672,1416,1417
8672,1610,1611
8673,1278,1279
8673,1316,1317
8673,1416,1417
8673,1451,1452
8674,1316,1317
8674,1407,1408
8674,1416,1417
8674,1451,1452
8675,1278,1279
8675,1407,1408
8675,1416,1417
8675,1451,1452
8676,1258,1259
8676,1291,1292
8676,1407,1408
8676,1414,1415
8677,1073,1074
8677,1180,1181
8677,1258,1259
8677,1414,1415
8678,1180,1181
8678,1258,1259
8678,1291,1292
8678,1414,1415
8679,1072,1073
8679,1073,1074
8679,1180,1181
8679,1258,1259
8680,1072,1073
8680,1180,1181
8680,1258,1259
8680,1291,1292
8681,1072,1073
8681,1093,1094
8681,1258,1259
8681,1291,1292
8682,1093,1094
8682,1258,1259
8682,1278,1279
8682,1291,1292
8683,1258,1259
8683,1278,1279
8683,1291,1292
8683,1407,1408
8684,1258,1259
8684,1259,1260
8684,1383,1384
8684,1407,1408
8685,1093,1094
8685,1258,1259
8685,1259,1260
8685,1278,1279
8686,1258,1259
8686,1259,1260
8686,1278,1279
8686,1407,1408
8687,1072,1073
8687,1073,1074
8687,1258,1259
8687,1319,1320
8688,1072,1073
8688,1093,1094
8688,1258,1259
8688,1312,1313
8689,1093,1094
8689,1258,1259
8689,1259,1260
8689,1312,1313
8690,1073,1074
8690,1258,1259
8690,1319,1320
8690,1383,1384
8691,1072,1073
8691,1258,1259
8691,1312,1313
8691,1319,1320
8692,1258,1259
8692,1312,1313
8692,1319,1320
8692,1383,1384
8693,1258,1259
8693,1259,1260
8693,1312,1313
8693,1383,1384
8694,1072,1073
8694,1093,1094
8694,1273,1274
8694,1346,1347
8695,1072,1073
8695,1217,1218
8695,1273,1274
8695,1346,1347
8696,1093,1094
8696,1221,1222
8696,1273,1274
8696,1346,1347
8697,1217,1218
8697,1221,1222
8697,1273,1274
8697,1346,1347
8698,1072,1073
8698,1093,1094
8698,1312,1313
8698,1346,1347
8699,1174,1175
8699,1217,1218
8699,1221,1222
8699,1346,1347
8700,1067,1068
8700,1312,1313
8700,1346,1347
8700,1429,1430
8701,1067,1068
8701,1072,1073
8701,1312,1313
8701,1346,1347
8702,1067,1068
8702,1072,1073
8702,1217,1218
8702,1346,1347
8703,1174,1175
8703,1204,1205
8703,1346,1347
8703,1429,1430
8704,1174,1175
8704,1204,1205
8704,1217,1218
8704,1346,1347
8705,1067,1068
8705,1204,1205
8705,1346,1347
8705,1429,1430
8706,1067,1068
8706,1204,1205
8706,1217,1218
8706,1346,1347
8707,1174,1175
8707,1221,1222
8707,1263,1264
8707,1346,1347
8708,1256,1257
8708,1312,1313
8708,1346,1347
8708,1429,1430
8709,1256,1257
8709,1263,1264
8709,1346,1347
8709,1429,1430
8710,1256,1257
8710,1263,1264
8710,1312,1313
8710,1346,1347
8711,1174,1175
8711,1346,1347
8711,1395,1396
8711,1429,1430
8712,1263,1264
8712,1346,1347
8712,1395,1396
8712,1429,1430
8713,1174,1175
8713,1263,1264
8713,1346,1347
8713,1395,1396
8714,1041,1042
8714,1083,1084
8714,1337,1338
8714,1377,1378
8715,1083,1084
8715,1175,1176
8715,1337,1338
8715,1377,1378
8716,1066,1067
8716,1083,1084
8716,1175,1176
8716,1337,1338
8717,1066,1067
8717,1083,1084
8717,1145,1146
8717,1337,1338
8718,1041,1042
8718,1083,1084
8718,1145,1146
8718,1337,1338
8719,1041,1042
8719,1066,1067
8719,1083,1084
8719,1145,1146
8720,1041,1042
8720,1066,1067
8720,1083,1084
8720,1200,1201
8721,1041,1042
8721,1083,1084
8721,1121,1122
8721,1377,1378
8722,1065,1066
8722,1066,1067
8722,1083,1084
8722,1200,1201
8723,1065,1066
8723,1083,1084
8723,1175,1176
8723,1200,1201
8724,1065,1066
8724,1066,1067
8724,1083,1084
8724,1175,1176
8725,1041,1042
8725,1083,1084
8725,1121,1122
8725,1128,1129
8726,962,963
8726,1083,1084
8726,1128,1129
8726,1200,1201
8727,962,963
8727,1083,1084
8727,1121,1122
8727,1128,1129
8728,962,963
8728,1083,1084
8728,1121,1122
8728,1172,1173
8729,1083,1084
8729,1127,1128
8729,1170,1171
8729,1172,1173
8730,962,963
8730,1083,1084
8730,1127,1128
8730,1200,1201
8731,1083,1084
8731,1127,1128
8731,1175,1176
8731,1200,1201
8732,1083,1084
8732,1128,1129
8732,1189,1190
8732,1200,1201
8733,1041,1042
8733,1083,1084
8733,1189,1190
8733,1200,1201
8734,1041,1042
8734,1083,1084
8734,1128,1129
8734,1189,1190
8735,913,914
8735,962,963
8735,1083,1084
8735,1172,1173
8736,913,914
8736,1083,1084
8736,1127,1128
8736,1172,1173
8737,913,914
8737,962,963
8737,1083,1084
8737,1127,1128
8738,877,878
8738,905,906
8738,923,924
8738,1227,1228
8739,877,878
8739,905,906
8739,1212,1213
8739,1227,1228
8740,905,906
8740,923,924
8740,1212,1213
8740,1227,1228
8741,877,878
8741,905,906
8741,1106,1107
8741,1111,1112
8742,877,878
8742,905,906
8742,1106,1107
8742,1212,1213
8743,905,906
8743,1106,1107
8743,1111,1112
8743,1212,1213
8744,877,878
8744,882,883
8744,905,906
8744,923,924
8745,877,878
8745,882,883
8745,905,906
8745,1166,1167
8746,877,878
8746,905,906
8746,967,968
8746,1166,1167
8747,877,878
8747,905,906
8747,967,968
8747,1111,1112
8748,882,883
8748,900,901
8748,905,906
8748,923,924
8749,905,906
8749,967,968
8749,1011,1012
8749,1166,1167
8750,905,906
8750,967,968
8750,1011,1012
8750,1111,1112
8751,905,906
8751,923,924
8751,1018,1019
8751,1212,1213
8752,905,906
8752,1001,1002
8752,1011,1012
8752,1111,1112
8753,830,831
8753,905,906
8753,1001,1002
8753,1111,1112
8754,830,831
8754,905,906
8754,1111,1112
8754,1212,1213
8755,734,735
8755,882,883
8755,900,901
8755,905,906
8756,734,735
8756,882,883
8756,905,906
8756,1166,1167
8757,900,901
8757,905,906
8757,1001,1002
8757,1018,1019
8758,900,901
8758,905,906
8758,923,924
8758,1018,1019
8759,830,831
8759,905,906
8759,1001,1002
8759,1018,1019
8760,830,831
8760,905,906
8760,1018,1019
8760,1212,1213
8761,905,906
8761,1001,1002
8761,1011,1012
8761,1031,1032
8762,905,906
8762,1011,1012
8762,1031,1032
8762,1166,1167
8763,734,735
8763,905,906
8763,1031,1032
8763,1166,1167
8764,681,682
8764,905,906
8764,1001,1002
8764,1031,1032
8765,681,682
8765,900,901
8765,905,906
8765,1001,1002
8766,681,682
8766,734,735
8766,905,906
8766,1031,1032
8767,681,682
8767,734,735
8767,900,901
8767,905,906
8768,1125,1126
8768,1156,1157
8768,1261,1262
8768,1327,1328
8769,1056,1057
8769,1125,1126
8769,1156,1157
8769,1327,1328
8770,1056,1057
8770,1080,1081
8770,1125,1126
8770,1156,1157
8771,1131,1132
8771,1156,1157
8771,1261,1262
8771,1311,1312
8772,1125,1126
8772,1131,1132
8772,1156,1157
8772,1261,1262
8773,1080,1081
8773,1156,1157
8773,1230,1231
8773,1311,1312
8774,1080,1081
8774,1125,1126
8774,1156,1157
8774,1230,1231
8775,1056,1057
8775,1080,1081
8775,1096,1097
8775,1156,1157
8776,1131,1132
8776,1156,1157
8776,1230,1231
8776,1311,1312
8777,1125,1126
8777,1131,1132
8777,1156,1157
8777,1230,1231
8778,911,912
8778,1080,1081
8778,1156,1157
8778,1311,1312
8779,911,912
8779,1096,1097
8779,1156,1157
8779,1311,1312
8780,911,912
8780,1080,1081
8780,1096,1097
8780,1156,1157
8781,1192,1193
8781,1248,1249
8781,1340,1341
8781,1344,1345
8782,1192,1193
8782,1248,1249
8782,1327,1328
8782,1344,1345
8783,1248,1249
8783,1340,1341
8783,1344,1345
8783,1550,1551
8784,1248,1249
8784,1344,1345
8784,1440,1441
8784,1550,1551
8785,1248,1249
8785,1327,1328
8785,1344,1345
8785,1440,1441
8786,1192,1193
8786,1340,1341
8786,1344,1345
8786,1424,1425
8787,1062,1063
8787,1340,1341
8787,1344,1345
8787,1424,1425
8788,1062,1063
8788,1340,1341
8788,1344,1345
8788,1550,1551
8789,1049,1050
8789,1192,1193
8789,1344,1345
8789,1424,1425
8790,1049,1050
8790,1056,1057
8790,1192,1193
8790,1344,1345
8791,1056,1057
8791,1192,1193
8791,1327,1328
8791,1344,1345
8792,705,706
8792,758,759
8792,983,984
8792,1024,1025
8793,705,706
8793,758,759
8793,858,859
8793,1024,1025
8794,979,980
8794,1024,1025
8794,1096,1097
8794,1202,1203
8795,705,706
8795,953,954
8795,1024,1025
8795,1202,1203
8796,705,706
8796,953,954
8796,983,984
8796,1024,1025
8797,705,706
8797,979,980
8797,1024,1025
8797,1202,1203
8798,979,980
8798,1024,1025
8798,1096,1097
8798,1112,1113
8799,705,706
8799,858,859
8799,921,922
8799,1024,1025
8800,705,706
8800,921,922
8800,979,980
8800,1024,1025
8801,921,922
8801,979,980
8801,1024,1025
8801,1112,1113
8802,858,859
8802,919,920
8802,1024,1025
8802,1112,1113
8803,919,920
8803,1024,1025
8803,1096,1097
8803,1112,1113
8804,853,854
8804,858,859
8804,921,922
8804,1024,1025
8805,853,854
8805,858,859
8805,1024,1025
8805,1112,1113
8806,853,854
8806,921,922
8806,1024,1025
8806,1112,1113
8807,310,311
8807,521,522
8807,587,588
8807,776,777
8808,521,522
8808,587,588
8808,594,595
8808,776,777
8809,256,257
8809,343,344
8809,364,365
8809,587,588
8810,310,311
8810,423,424
8810,521,522
8810,587,588
8811,256,257
8811,343,344
8811,499,500
8811,587,588
8812,256,257
8812,310,311
8812,408,409
8812,587,588
8813,310,311
8813,408,409
8813,587,588
8813,776,777
8814,219,220
8814,256,257
8814,364,365
8814,587,588
8815,219,220
8815,256,257
8815,310,311
8815,587,588
8816,343,344
8816,364,365
8816,423,424
8816,587,588
8817,256,257
8817,491,492
8817,499,500
8817,587,588
8818,343,344
8818,451,452
8818,499,500
8818,587,588
8819,451,452
8819,499,500
8819,587,588
8819,594,595
8820,343,344
8820,423,424
8820,510,511
8820,587,588
8821,423,424
8821,510,511
8821,521,522
8821,587,588
8822,510,511
8822,521,522
8822,587,588
8822,594,595
8823,256,257
8823,408,409
8823,491,492
8823,587,588
8824,181,182
8824,219,220
8824,364,365
8824,587,588
8825,181,182
8825,219,220
8825,310,311
8825,587,588
8826,181,182
8826,364,365
8826,423,424
8826,587,588
8827,181,182
8827,310,311
8827,423,424
8827,587,588
8828,477,478
8828,491,492
8828,499,500
8828,587,588
8829,477,478
8829,499,500
8829,587,588
8829,594,595
8830,477,478
8830,491,492
8830,587,588
8830,594,595
8831,343,344
8831,451,452
8831,510,511
8831,587,588
8832,451,452
8832,510,511
8832,587,588
8832,594,595
8833,225,226
8833,254,255
8833,323,324
8833,328,329
8834,225,226
8834,254,255
8834,261,262
8834,328,329
8835,167,168
8835,254,255
8835,261,262
8835,328,329
8836,198,199
8836,225,226
8836,257,258
8836,328,329
8837,198,199
8837,225,226
8837,323,324
8837,328,329
8838,227,228
8838,257,258
8838,261,262
8838,328,329
8839,225,226
8839,227,228
8839,257,258
8839,328,329
8840,225,226
8840,227,228
8840,261,262
8840,328,329
8841,198,199
8841,257,258
8841,328,329
8841,578,579
8842,198,199
8842,323,324
8842,328,329
8842,578,579
8843,254,255
8843,323,324
8843,328,329
8843,478,479
8844,323,324
8844,328,329
8844,478,479
8844,578,579
8845,167,168
8845,254,255
8845,328,329
8845,478,479
8846,191,192
8846,257,258
8846,328,329
8846,578,579
8847,257,258
8847,261,262
8847,314,315
8847,328,329
8848,191,192
8848,257,258
8848,314,315
8848,328,329
8849,167,168
8849,191,192
8849,314,315
8849,328,329
8850,191,192
8850,328,329
8850,478,479
8850,578,579
8851,167,168
8851,314,315
8851,328,329
8851,528,529
8852,167,168
8852,261,262
8852,328,329
8852,528,529
8853,261,262
8853,314,315
8853,328,329
8853,528,529
8854,167,168
8854,328,329
8854,478,479
8854,563,564
8855,167,168
8855,191,192
8855,328,329
8855,563,564
8856,191,192
8856,328,329
8856,478,479
8856,563,564
8857,1098,1099
8857,1220,1221
8857,1313,1314
8857,1315,1316
8858,1098,1099
8858,1220,1221
8858,1313,1314
8858,1331,1332
8859,1220,1221
8859,1297,1298
8859,1313,1314
8859,1315,1316
8860,1220,1221
8860,1297,1298
8860,1313,1314
8860,1331,1332
8861,1220,1221
8861,1315,1316
8861,1324,1325
8861,1382,1383
8862,1220,1221
8862,1297,1298
8862,1315,1316
8862,1382,1383
8863,1132,1133
8863,1220,1221
8863,1315,1316
8863,1324,1325
8864,1098,1099
8864,1132,1133
8864,1220,1221
8864,1315,1316
8865,1098,1099
8865,1132,1133
8865,1220,1221
8865,1324,1325
8866,1098,1099
8866,1220,1221
8866,1300,1301
8866,1331,1332
8867,1131,1132
8867,1220,1221
8867,1324,1325
8867,1382,1383
8868,1131,1132
8868,1220,1221
8868,1297,1298
8868,1382,1383
8869,1131,1132
8869,1220,1221
8869,1230,1231
8869,1324,1325
8870,1125,1126
8870,1131,1132
8870,1220,1221
8870,1230,1231
8871,1125,1126
8871,1220,1221
8871,1230,1231
8871,1300,1301
8872,1220,1221
8872,1230,1231
8872,1300,1301
8872,1324,1325
8873,1098,1099
8873,1220,1221
8873,1300,1301
8873,1324,1325
8874,1125,1126
8874,1131,1132
8874,1220,1221
8874,1339,1340
8875,1131,1132
8875,1220,1221
8875,1297,1298
8875,1339,1340
8876,1125,1126
8876,1220,1221
8876,1331,1332
8876,1339,1340
8877,1220,1221
8877,1297,1298
8877,1331,1332
8877,1339,1340
8878,1125,1126
8878,1220,1221
8878,1300,1301
8878,1358,1359
8879,1125,1126
8879,1220,1221
8879,1331,1332
8879,1358,1359
8880,1220,1221
8880,1300,1301
8880,1331,1332
8880,1358,1359
8881,1328,1329
8881,1368,1369
8881,1374,1375
8881,1422,1423
8882,1034,1035
8882,1328,1329
8882,1374,1375
8882,1422,1423
8883,1034,1035
8883,1229,1230
8883,1374,1375
8883,1422,1423
8884,1041,1042
8884,1368,1369
8884,1374,1375
8884,1377,1378
8885,1328,1329
8885,1368,1369
8885,1374,1375
8885,1377,1378
8886,1229,1230
8886,1368,1369
8886,1374,1375
8886,1410,1411
8887,1368,1369
8887,1374,1375
8887,1410,1411
8887,1422,1423
8888,1229,1230
8888,1374,1375
8888,1410,1411
8888,1422,1423
8889,1041,1042
8889,1121,1122
8889,1374,1375
8889,1377,1378
8890,1121,1122
8890,1328,1329
8890,1374,1375
8890,1377,1378
8891,1041,1042
8891,1334,1335
8891,1368,1369
8891,1374,1375
8892,1229,1230
8892,1334,1335
8892,1368,1369
8892,1374,1375
8893,1034,1035
8893,1090,1091
8893,1121,1122
8893,1374,1375
8894,1034,1035
8894,1121,1122
8894,1328,1329
8894,1374,1375
8895,1041,1042
8895,1121,1122
8895,1128,1129
8895,1374,1375
8896,1041,1042
8896,1139,1140
8896,1334,1335
8896,1374,1375
8897,1139,1140
8897,1229,1230
8897,1334,1335
8897,1374,1375
8898,1090,1091
8898,1128,1129
8898,1229,1230
8898,1374,1375
8899,1042,1043
8899,1090,1091
8899,1229,1230
8899,1374,1375
8900,1034,1035
8900,1042,1043
8900,1090,1091
8900,1374,1375
8901,1034,1035
8901,1042,1043
8901,1229,1230
8901,1374,1375
8902,1090,1091
8902,1121,1122
8902,1128,1129
8902,1374,1375
8903,1041,1042
8903,1128,1129
8903,1139,1140
8903,1374,1375
8904,1128,1129
8904,1139,1140
8904,1229,1230
8904,1374,1375
8905,705,706
8905,724,725
8905,749,750
8905,789,790
8906,705,706
8906,749,750
8906,789,790
8906,855,856
8907,743,744
8907,749,750
8907,789,790
8907,878,879
8908,724,725
8908,743,744
8908,749,750
8908,789,790
8909,731,732
8909,749,750
8909,789,790
8909,878,879
8910,731,732
8910,789,790
8910,855,856
8910,878,879
8911,731,732
8911,749,750
8911,789,790
8911,855,856
8912,662,663
8912,743,744
8912,789,790
8912,878,879
8913,662,663
8913,724,725
8913,743,744
8913,789,790
8914,662,663
8914,789,790
8914,878,879
8914,1031,1032
8915,681,682
8915,789,790
8915,878,879
8915,1031,1032
8916,681,682
8916,789,790
8916,855,856
8916,878,879
8917,662,663
8917,789,790
8917,1031,1032
8917,1068,1069
8918,662,663
8918,724,725
8918,789,790
8918,1068,1069
8919,705,706
8919,724,725
8919,789,790
8919,1068,1069
8920,681,682
8920,789,790
8920,921,922
8920,1031,1032
8921,681,682
8921,789,790
8921,855,856
8921,921,922
8922,705,706
8922,789,790
8922,855,856
8922,921,922
8923,789,790
8923,975,976
8923,1031,1032
8923,1068,1069
8924,705,706
8924,789,790
8924,975,976
8924,1068,1069
8925,789,790
8925,921,922
8925,975,976
8925,1031,1032
8926,705,706
8926,789,790
8926,921,922
8926,975,976
8927,859,860
8927,868,869
8927,990,991
8927,997,998
8928,859,860
8928,868,869
8928,915,916
8928,990,991
8929,859,860
8929,868,869
8929,968,969
8929,997,998
8930,868,869
8930,990,991
8930,997,998
8930,1070,1071
8931,868,869
8931,915,916
8931,990,991
8931,1070,1071
8932,859,860
8932,868,869
8932,927,928
8932,968,969
8933,859,860
8933,868,869
8933,915,916
8933,927,928
8934,868,869
8934,915,916
8934,967,968
8934,1070,1071
8935,868,869
8935,968,969
8935,997,998
8935,1138,1139
8936,868,869
8936,967,968
8936,1070,1071
8936,1138,1139
8937,868,869
8937,997,998
8937,1070,1071
8937,1138,1139
8938,651,652
8938,842,843
8938,868,869
8938,968,969
8939,842,843
8939,868,869
8939,968,969
8939,1138,1139
8940,868,869
8940,877,878
8940,967,968
8940,1166,1167
8941,868,869
8941,877,878
8941,915,916
8941,967,968
8942,868,869
8942,877,878
8942,915,916
8942,1166,1167
8943,651,652
8943,842,843
8943,868,869
8943,1166,1167
8944,651,652
8944,694,695
8944,868,869
8944,927,928
8945,651,652
8945,694,695
8945,868,869
8945,968,969
8946,694,695
8946,868,869
8946,927,928
8946,968,969
8947,868,869
8947,915,916
8947,927,928
8947,987,988
8948,868,869
8948,915,916
8948,987,988
8948,1166,1167
8949,839,840
8949,868,869
8949,967,968
8949,1138,1139
8950,839,840
8950,842,843
8950,868,869
8950,1138,1139
8951,839,840
8951,868,869
8951,967,968
8951,1166,1167
8952,839,840
8952,842,843
8952,868,869
8952,1166,1167
8953,651,652
8953,868,869
8953,927,928
8953,987,988
8954,651,652
8954,868,869
8954,987,988
8954,1166,1167
8955,1094,1095
8955,1243,1244
8955,1309,1310
8955,1330,1331
8956,1094,1095
8956,1243,1244
8956,1309,1310
8956,1432,1433
8957,1243,1244
8957,1302,1303
8957,1309,1310
8957,1330,1331
8958,1243,1244
8958,1302,1303
8958,1309,1310
8958,1432,1433
8959,1094,1095
8959,1141,1142
8959,1243,1244
8959,1330,1331
8960,1243,1244
8960,1302,1303
8960,1330,1331
8960,1419,1420
8961,1243,1244
8961,1245,1246
8961,1330,1331
8961,1419,1420
8962,1141,1142
8962,1243,1244
8962,1245,1246
8962,1330,1331
8963,1243,1244
8963,1262,1263
8963,1521,1522
8963,1538,1539
8964,1243,1244
8964,1262,1263
8964,1419,1420
8964,1502,1503
8965,1243,1244
8965,1302,1303
8965,1419,1420
8965,1502,1503
8966,1141,1142
8966,1243,1244
8966,1245,1246
8966,1521,1522
8967,1243,1244
8967,1302,1303
8967,1375,1376
8967,1502,1503
8968,1243,1244
8968,1375,1376
8968,1432,1433
8968,1502,1503
8969,1243,1244
8969,1302,1303
8969,1375,1376
8969,1432,1433
8970,1243,1244
8970,1262,1263
8970,1484,1485
8970,1521,1522
8971,1243,1244
8971,1262,1263
8971,1419,1420
8971,1484,1485
8972,1243,1244
8972,1245,1246
8972,1484,1485
8972,1521,1522
8973,1243,1244
8973,1245,1246
8973,1419,1420
8973,1484,1485
8974,1243,1244
8974,1262,1263
8974,1538,1539
8974,1624,1625
8975,1243,1244
8975,1262,1263
8975,1502,1503
8975,1624,1625
8976,1243,1244
8976,1432,1433
8976,1538,1539
8976,1624,1625
8977,1243,1244
8977,1432,1433
8977,1502,1503
8977,1624,1625
8978,1053,1054
8978,1094,1095
8978,1182,1183
8978,1421,1422
8979,1053,1054
8979,1175,1176
8979,1182,1183
8979,1421,1422
8980,1053,1054
8980,1104,1105
8980,1170,1171
8980,1421,1422
8981,1053,1054
8981,1094,1095
8981,1104,1105
8981,1421,1422
8982,1053,1054
8982,1170,1171
8982,1421,1422
8982,1425,1426
8983,1170,1171
8983,1175,1176
8983,1421,1422
8983,1425,1426
8984,1053,1054
8984,1175,1176
8984,1421,1422
8984,1425,1426
8985,1175,1176
8985,1182,1183
8985,1377,1378
8985,1421,1422
8986,1094,1095
8986,1182,1183
8986,1377,1378
8986,1421,1422
8987,1083,1084
8987,1175,1176
8987,1377,1378
8987,1421,1422
8988,1094,1095
8988,1309,1310
8988,1377,1378
8988,1421,1422
8989,1094,1095
8989,1104,1105
8989,1309,1310
8989,1421,1422
8990,1104,1105
8990,1170,1171
8990,1172,1173
8990,1421,1422
8991,1083,1084
8991,1170,1171
8991,1172,1173
8991,1421,1422
8992,1127,1128
8992,1170,1171
8992,1175,1176
8992,1421,1422
8993,1083,1084
8993,1127,1128
8993,1170,1171
8993,1421,1422
8994,1083,1084
8994,1127,1128
8994,1175,1176
8994,1421,1422
8995,1121,1122
8995,1309,1310
8995,1377,1378
8995,1421,1422
8996,1083,1084
8996,1121,1122
8996,1377,1378
8996,1421,1422
8997,1104,1105
8997,1160,1161
8997,1172,1173
8997,1421,1422
8998,1104,1105
8998,1160,1161
8998,1309,1310
8998,1421,1422
8999,1083,1084
8999,1121,1122
8999,1172,1173
8999,1421,1422
9000,1121,1122
9000,1160,1161
9000,1172,1173
9000,1421,1422
9001,1121,1122
9001,1160,1161
9001,1309,1310
9001,1421,1422
9002,1182,1183
9002,1329,1330
9002,1332,1333
9002,1432,1433
9003,1094,1095
9003,1182,1183
9003,1329,1330
9003,1432,1433
9004,1094,1095
9004,1182,1183
9004,1329,1330
9004,1384,1385
9005,1329,1330
9005,1332,1333
9005,1432,1433
9005,1538,1539
9006,1329,1330
9006,1332,1333
9006,1508,1509
9006,1538,1539
9007,1243,1244
9007,1329,1330
9007,1432,1433
9007,1538,1539
9008,1094,1095
9008,1243,1244
9008,1329,1330
9008,1432,1433
9009,1182,1183
9009,1329,1330
9009,1332,1333
9009,1343,1344
9010,1329,1330
9010,1332,1333
9010,1343,1344
9010,1508,1509
9011,1182,1183
9011,1329,1330
9011,1343,1344
9011,1384,1385
9012,1243,1244
9012,1329,1330
9012,1521,1522
9012,1538,1539
9013,1329,1330
9013,1343,1344
9013,1367,1368
9013,1384,1385
9014,1141,1142
9014,1243,1244
9014,1329,1330
9014,1521,1522
9015,1094,1095
9015,1141,1142
9015,1243,1244
9015,1329,1330
9016,1329,1330
9016,1343,1344
9016,1367,1368
9016,1431,1432
9017,1329,1330
9017,1367,1368
9017,1431,1432
9017,1508,1509
9018,1329,1330
9018,1343,1344
9018,1431,1432
9018,1508,1509
9019,1329,1330
9019,1521,1522
9019,1538,1539
9019,1581,1582
9020,1329,1330
9020,1508,1509
9020,1538,1539
9020,1581,1582
9021,1329,1330
9021,1367,1368
9021,1521,1522
9021,1581,1582
9022,1329,1330
9022,1367,1368
9022,1508,1509
9022,1581,1582
9023,641,642
9023,696,697
9023,814,815
9023,966,967
9024,641,642
9024,689,690
9024,696,697
9024,814,815
9025,641,642
9025,654,655
9025,814,815
9025,966,967
9026,641,642
9026,654,655
9026,966,967
9026,1008,1009
9027,641,642
9027,654,655
9027,708,709
9027,814,815
9028,641,642
9028,654,655
9028,708,709
9028,1008,1009
9029,619,620
9029,641,642
9029,689,690
9029,755,756
9030,619,620
9030,641,642
9030,689,690
9030,814,815
9031,619,620
9031,641,642
9031,708,709
9031,755,756
9032,619,620
9032,641,642
9032,708,709
9032,814,815
9033,641,642
9033,689,690
9033,739,740
9033,755,756
9034,419,420
9034,641,642
9034,739,740
9034,755,756
9035,419,420
9035,641,642
9035,646,647
9035,755,756
9036,419,420
9036,641,642
9036,646,647
9036,1008,1009
9037,641,642
9037,646,647
9037,708,709
9037,755,756
9038,641,642
9038,646,647
9038,708,709
9038,1008,1009
9039,454,455
9039,457,458
9039,530,531
9039,713,714
9040,425,426
9040,454,455
9040,457,458
9040,483,484
9041,425,426
9041,454,455
9041,457,458
9041,713,714
9042,454,455
9042,530,531
9042,713,714
9042,819,820
9043,442,443
9043,454,455
9043,457,458
9043,483,484
9044,442,443
9044,454,455
9044,457,458
9044,530,531
9045,454,455
9045,530,531
9045,570,571
9045,819,820
9046,442,443
9046,454,455
9046,530,531
9046,570,571
9047,425,426
9047,454,455
9047,483,484
9047,606,607
9048,425,426
9048,454,455
9048,463,464
9048,713,714
9049,454,455
9049,463,464
9049,713,714
9049,819,820
9050,425,426
9050,454,455
9050,463,464
9050,606,607
9051,454,455
9051,570,571
9051,794,795
9051,819,820
9052,445,446
9052,454,455
9052,483,484
9052,606,607
9053,442,443
9053,454,455
9053,500,501
9053,570,571
9054,454,455
9054,463,464
9054,606,607
9054,794,795
9055,454,455
9055,463,464
9055,794,795
9055,819,820
9056,454,455
9056,606,607
9056,704,705
9056,794,795
9057,454,455
9057,570,571
9057,704,705
9057,794,795
9058,445,446
9058,454,455
9058,483,484
9058,535,536
9059,442,443
9059,454,455
9059,483,484
9059,535,536
9060,454,455
9060,500,501
9060,570,571
9060,704,705
9061,445,446
9061,454,455
9061,606,607
9061,704,705
9062,445,446
9062,454,455
9062,500,501
9062,704,705
9063,445,446
9063,454,455
9063,500,501
9063,535,536
9064,442,443
9064,454,455
9064,500,501
9064,535,536
9065,1686,1687
9065,1757,1758
9065,1801,1802
9065,1845,1846
9066,1686,1687
9066,1741,1742
9066,1801,1802
9066,1845,1846
9067,1686,1687
9067,1757,1758
9067,1834,1835
9067,1845,1846
9068,1505,1506
9068,1686,1687
9068,1757,1758
9068,1834,1835
9069,1505,1506
9069,1686,1687
9069,1834,1835
9069,1845,1846
9070,1686,1687
9070,1740,1741
9070,1757,1758
9070,1784,1785
9071,1505,1506
9071,1686,1687
9071,1740,1741
9071,1757,1758
9072,1686,1687
9072,1698,1699
9072,1741,1742
9072,1773,1774
9073,1686,1687
9073,1698,1699
9073,1741,1742
9073,1845,1846
9074,1505,1506
9074,1686,1687
9074,1698,1699
9074,1773,1774
9075,1505,1506
9075,1686,1687
9075,1698,1699
9075,1845,1846
9076,1486,1487
9076,1686,1687
9076,1740,1741
9076,1784,1785
9077,1486,1487
9077,1505,1506
9077,1686,1687
9077,1740,1741
9078,1673,1674
9078,1686,1687
9078,1741,1742
9078,1773,1774
9079,1505,1506
9079,1673,1674
9079,1686,1687
9079,1773,1774
9080,1486,1487
9080,1673,1674
9080,1686,1687
9080,1784,1785
9081,1486,1487
9081,1505,1506
9081,1673,1674
9081,1686,1687
9082,1676,1677
9082,1686,1687
9082,1741,1742
9082,1784,1785
9083,1673,1674
9083,1676,1677
9083,1686,1687
9083,1784,1785
9084,1673,1674
9084,1676,1677
9084,1686,1687
9084,1741,1742
9085,1448,1449
9085,1635,1636
9085,1689,1690
9085,1755,1756
9086,1448,1449
9086,1568,1569
9086,1635,1636
9086,1689,1690
9087,1448,1449
9087,1635,1636
9087,1755,1756
9087,1839,1840
9088,1505,1506
9088,1635,1636
9088,1755,1756
9088,1839,1840
9089,1448,1449
9089,1469,1470
9089,1635,1636
9089,1839,1840
9090,1635,1636
9090,1689,1690
9090,1747,1748
9090,1755,1756
9091,1505,1506
9091,1635,1636
9091,1747,1748
9091,1834,1835
9092,1505,1506
9092,1635,1636
9092,1747,1748
9092,1755,1756
9093,1568,1569
9093,1635,1636
9093,1802,1803
9093,1834,1835
9094,1568,1569
9094,1635,1636
9094,1747,1748
9094,1834,1835
9095,1568,1569
9095,1635,1636
9095,1689,1690
9095,1747,1748
9096,1469,1470
9096,1635,1636
9096,1740,1741
9096,1839,1840
9097,1505,1506
9097,1635,1636
9097,1740,1741
9097,1839,1840
9098,1505,1506
9098,1635,1636
9098,1740,1741
9098,1834,1835
9099,1635,1636
9099,1740,1741
9099,1802,1803
9099,1834,1835
9100,1568,1569
9100,1635,1636
9100,1684,1685
9100,1802,1803
9101,1469,1470
9101,1635,1636
9101,1684,1685
9101,1802,1803
9102,1448,1449
9102,1568,1569
9102,1635,1636
9102,1684,1685
9103,1448,1449
9103,1469,1470
9103,1635,1636
9103,1684,1685
9104,1635,1636
9104,1675,1676
9104,1740,1741
9104,1802,1803
9105,1469,1470
9105,1635,1636
9105,1675,1676
9105,1802,1803
9106,1469,1470
9106,1635,1636
9106,1675,1676
9106,1740,1741
9107,37,38
9107,220,221
9107,331,332
9107,367,368
9108,37,38
9108,166,167
9108,220,221
9108,331,332
9109,37,38
9109,166,167
9109,331,332
9109,367,368
9110,64,65
9110,220,221
9110,331,332
9110,367,368
9111,166,167
9111,178,179
9111,220,221
9111,331,332
9112,64,65
9112,72,73
9112,331,332
9112,367,368
9113,72,73
9113,166,167
9113,331,332
9113,367,368
9114,60,61
9114,64,65
9114,220,221
9114,331,332
9115,60,61
9115,64,65
9115,189,190
9115,331,332
9116,138,139
9116,178,179
9116,220,221
9116,331,332
9117,138,139
9117,178,179
9117,189,190
9117,331,332
9118,166,167
9118,178,179
9118,311,312
9118,331,332
9119,72,73
9119,166,167
9119,311,312
9119,331,332
9120,64,65
9120,72,73
9120,118,119
9120,331,332
9121,64,65
9121,118,119
9121,189,190
9121,331,332
9122,178,179
9122,189,190
9122,311,312
9122,331,332
9123,60,61
9123,138,139
9123,220,221
9123,331,332
9124,60,61
9124,138,139
9124,189,190
9124,331,332
9125,72,73
9125,118,119
9125,331,332
9125,338,339
9126,118,119
9126,311,312
9126,331,332
9126,338,339
9127,72,73
9127,311,312
9127,331,332
9127,338,339
9128,118,119
9128,169,170
9128,311,312
9128,331,332
9129,118,119
9129,169,170
9129,189,190
9129,331,332
9130,169,170
9130,189,190
9130,311,312
9130,331,332
9131,1628,1629
9131,1690,1691
9131,1793,1794
9131,1795,1796
9132,1628,1629
9132,1685,1686
9132,1785,1786
9132,1795,1796
9133,1685,1686
9133,1774,1775
9133,1785,1786
9133,1795,1796
9134,1628,1629
9134,1738,1739
9134,1793,1794
9134,1795,1796
9135,1628,1629
9135,1690,1691
9135,1795,1796
9135,1821,1822
9136,1628,1629
9136,1785,1786
9136,1795,1796
9136,1821,1822
9137,1628,1629
9137,1685,1686
9137,1738,1739
9137,1795,1796
9138,1685,1686
9138,1738,1739
9138,1774,1775
9138,1795,1796
9139,1774,1775
9139,1785,1786
9139,1795,1796
9139,1799,1800
9140,1690,1691
9140,1699,1700
9140,1795,1796
9140,1821,1822
9141,1699,1700
9141,1785,1786
9141,1795,1796
9141,1821,1822
9142,1690,1691
9142,1699,1700
9142,1782,1783
9142,1795,1796
9143,1690,1691
9143,1709,1710
9143,1782,1783
9143,1795,1796
9144,1690,1691
9144,1709,1710
9144,1793,1794
9144,1795,1796
9145,1699,1700
9145,1782,1783
9145,1795,1796
9145,1799,1800
9146,1699,1700
9146,1785,1786
9146,1795,1796
9146,1799,1800
9147,1577,1578
9147,1782,1783
9147,1795,1796
9147,1799,1800
9148,1577,1578
9148,1774,1775
9148,1795,1796
9148,1799,1800
9149,1577,1578
9149,1709,1710
9149,1782,1783
9149,1795,1796
9150,1577,1578
9150,1709,1710
9150,1793,1794
9150,1795,1796
9151,1577,1578
9151,1688,1689
9151,1734,1735
9151,1819,1820
9152,1577,1578
9152,1688,1689
9152,1734,1735
9152,1774,1775
9153,1528,1529
9153,1573,1574
9153,1688,1689
9153,1819,1820
9154,1573,1574
9154,1577,1578
9154,1688,1689
9154,1819,1820
9155,1573,1574
9155,1577,1578
9155,1688,1689
9155,1727,1728
9156,1457,1458
9156,1528,1529
9156,1688,1689
9156,1713,1714
9157,1528,1529
9157,1573,1574
9157,1688,1689
9157,1713,1714
9158,1573,1574
9158,1688,1689
9158,1713,1714
9158,1727,1728
9159,1688,1689
9159,1738,1739
9159,1774,1775
9159,1795,1796
9160,1577,1578
9160,1688,1689
9160,1774,1775
9160,1795,1796
9161,1457,1458
9161,1688,1689
9161,1723,1724
9161,1738,1739
9162,1688,1689
9162,1723,1724
9162,1738,1739
9162,1774,1775
9163,1457,1458
9163,1688,1689
9163,1713,1714
9163,1738,1739
9164,1688,1689
9164,1713,1714
9164,1727,1728
9164,1738,1739
9165,1688,1689
9165,1727,1728
9165,1738,1739
9165,1793,1794
9166,1688,1689
9166,1738,1739
9166,1793,1794
9166,1795,1796
9167,1577,1578
9167,1688,1689
9167,1727,1728
9167,1793,1794
9168,1577,1578
9168,1688,1689
9168,1793,1794
9168,1795,1796
9169,432,433
9169,441,442
9169,466,467
9169,612,613
9170,432,433
9170,441,442
9170,612,613
9170,715,716
9171,432,433
9171,612,613
9171,715,716
9171,790,791
9172,432,433
9172,609,610
9172,612,613
9172,790,791
9173,432,433
9173,466,467
9173,609,610
9173,612,613
9174,417,418
9174,432,433
9174,441,442
9174,715,716
9175,417,418
9175,432,433
9175,715,716
9175,790,791
9176,415,416
9176,432,433
9176,441,442
9176,466,467
9177,432,433
9177,474,475
9177,609,610
9177,790,791
9178,201,202
9178,432,433
9178,466,467
9178,609,610
9179,201,202
9179,415,416
9179,432,433
9179,466,467
9180,417,418
9180,432,433
9180,670,671
9180,790,791
9181,432,433
9181,474,475
9181,670,671
9181,790,791
9182,201,202
9182,432,433
9182,474,475
9182,609,610
9183,417,418
9183,432,433
9183,670,671
9183,822,823
9184,432,433
9184,474,475
9184,670,671
9184,822,823
9185,417,418
9185,432,433
9185,764,765
9185,822,823
9186,415,416
9186,432,433
9186,764,765
9186,822,823
9187,417,418
9187,432,433
9187,441,442
9187,764,765
9188,415,416
9188,432,433
9188,441,442
9188,764,765
9189,432,433
9189,474,475
9189,489,490
9189,822,823
9190,201,202
9190,432,433
9190,474,475
9190,489,490
9191,415,416
9191,432,433
9191,489,490
9191,822,823
9192,201,202
9192,415,416
9192,432,433
9192,489,490
9193,698,699
9193,745,746
9193,966,967
9193,1009,1010
9194,696,697
9194,698,699
9194,966,967
9194,1009,1010
9195,641,642
9195,696,697
9195,698,699
9195,966,967
9196,696,697
9196,698,699
9196,988,989
9196,1009,1010
9197,698,699
9197,745,746
9197,800,801
9197,1008,1009
9198,698,699
9198,745,746
9198,800,801
9198,966,967
9199,698,699
9199,800,801
9199,966,967
9199,1008,1009
9200,698,699
9200,715,716
9200,745,746
9200,1008,1009
9201,419,420
9201,698,699
9201,715,716
9201,1008,1009
9202,641,642
9202,698,699
9202,966,967
9202,1008,1009
9203,419,420
9203,641,642
9203,698,699
9203,1008,1009
9204,698,699
9204,745,746
9204,1009,1010
9204,1017,1018
9205,698,699
9205,988,989
9205,1009,1010
9205,1017,1018
9206,698,699
9206,745,746
9206,773,774
9206,1017,1018
9207,698,699
9207,773,774
9207,988,989
9207,1017,1018
9208,698,699
9208,715,716
9208,745,746
9208,773,774
9209,419,420
9209,698,699
9209,715,716
9209,773,774
9210,698,699
9210,739,740
9210,773,774
9210,988,989
9211,419,420
9211,698,699
9211,739,740
9211,773,774
9212,689,690
9212,696,697
9212,698,699
9212,988,989
9213,641,642
9213,689,690
9213,696,697
9213,698,699
9214,419,420
9214,641,642
9214,698,699
9214,739,740
9215,689,690
9215,698,699
9215,739,740
9215,988,989
9216,641,642
9216,689,690
9216,698,699
9216,739,740
9217,91,92
9217,106,107
9217,196,197
9217,247,248
9218,196,197
9218,233,234
9218,247,248
9218,340,341
9219,91,92
9219,196,197
9219,229,230
9219,247,248
9220,196,197
9220,229,230
9220,247,248
9220,340,341
9221,1,2
9221,30,31
9221,91,92
9221,196,197
9222,1,2
9222,91,92
9222,106,107
9222,196,197
9223,1,2
9223,30,31
9223,106,107
9223,196,197
9224,91,92
9224,196,197
9224,215,216
9224,229,230
9225,196,197
9225,215,216
9225,229,230
9225,340,341
9226,30,31
9226,91,92
9226,196,197
9226,197,198
9227,30,31
9227,196,197
9227,197,198
9227,259,260
9228,196,197
9228,215,216
9228,259,260
9228,340,341
9229,91,92
9229,196,197
9229,197,198
9229,215,216
9230,196,197
9230,197,198
9230,215,216
9230,259,260
9231,442,443
9231,448,449
9231,562,563
9231,776,777
9232,442,443
9232,448,449
9232,527,528
9232,562,563
9233,448,449
9233,521,522
9233,562,563
9233,608,609
9234,448,449
9234,521,522
9234,562,563
9234,776,777
9235,448,449
9235,521,522
9235,594,595
9235,608,609
9236,448,449
9236,521,522
9236,594,595
9236,776,777
9237,448,449
9237,527,528
9237,562,563
9237,624,625
9238,448,449
9238,562,563
9238,608,609
9238,624,625
9239,448,449
9239,514,515
9239,596,597
9239,764,765
9240,448,449
9240,527,528
9240,624,625
9240,802,803
9241,448,449
9241,608,609
9241,624,625
9241,802,803
9242,448,449
9242,594,595
9242,596,597
9242,741,742
9243,448,449
9243,514,515
9243,596,597
9243,741,742
9244,448,449
9244,514,515
9244,527,528
9244,741,742
9245,448,449
9245,514,515
9245,527,528
9245,530,531
9246,442,443
9246,448,449
9246,527,528
9246,530,531
9247,448,449
9247,514,515
9247,530,531
9247,764,765
9248,442,443
9248,448,449
9248,530,531
9248,764,765
9249,448,449
9249,527,528
9249,741,742
9249,802,803
9250,448,449
9250,608,609
9250,741,742
9250,802,803
9251,448,449
9251,517,518
9251,608,609
9251,741,742
9252,448,449
9252,517,518
9252,594,595
9252,741,742
9253,448,449
9253,517,518
9253,594,595
9253,608,609
9254,1108,1109
9254,1118,1119
9254,1341,1342
9254,1402,1403
9255,1108,1109
9255,1118,1119
9255,1307,1308
9255,1408,1409
9256,1108,1109
9256,1118,1119
9256,1307,1308
9256,1402,1403
9257,1057,1058
9257,1108,1109
9257,1173,1174
9257,1341,1342
9258,1057,1058
9258,1108,1109
9258,1118,1119
9258,1341,1342
9259,1057,1058
9259,1108,1109
9259,1118,1119
9259,1408,1409
9260,1108,1109
9260,1157,1158
9260,1341,1342
9260,1402,1403
9261,1108,1109
9261,1307,1308
9261,1408,1409
9261,1417,1418
9262,1108,1109
9262,1307,1308
9262,1402,1403
9262,1417,1418
9263,1108,1109
9263,1173,1174
9263,1203,1204
9263,1371,1372
9264,1057,1058
9264,1108,1109
9264,1173,1174
9264,1203,1204
9265,1057,1058
9265,1108,1109
9265,1203,1204
9265,1408,1409
9266,1108,1109
9266,1203,1204
9266,1371,1372
9266,1381,1382
9267,1108,1109
9267,1203,1204
9267,1381,1382
9267,1408,1409
9268,1108,1109
9268,1157,1158
9268,1159,1160
9268,1371,1372
9269,1108,1109
9269,1157,1158
9269,1159,1160
9269,1341,1342
9270,1108,1109
9270,1157,1158
9270,1211,1212
9270,1402,1403
9271,1108,1109
9271,1211,1212
9271,1371,1372
9271,1381,1382
9272,1108,1109
9272,1381,1382
9272,1408,1409
9272,1417,1418
9273,1108,1109
9273,1159,1160
9273,1173,1174
9273,1371,1372
9274,1108,1109
9274,1159,1160
9274,1173,1174
9274,1341,1342
9275,1108,1109
9275,1211,1212
9275,1353,1354
9275,1371,1372
9276,1108,1109
9276,1157,1158
9276,1353,1354
9276,1371,1372
9277,1108,1109
9277,1211,1212
9277,1381,1382
9277,1417,1418
9278,1108,1109
9278,1211,1212
9278,1402,1403
9278,1417,1418
9279,1108,1109
9279,1193,1194
9279,1211,1212
9279,1353,1354
9280,1108,1109
9280,1157,1158
9280,1193,1194
9280,1353,1354
9281,1108,1109
9281,1157,1158
9281,1193,1194
9281,1211,1212
9282,1091,1092
9282,1241,1242
9282,1361,1362
9282,1416,1417
9283,1091,1092
9283,1101,1102
9283,1241,1242
9283,1361,1362
9284,1091,1092
9284,1101,1102
9284,1241,1242
9284,1263,1264
9285,1091,1092
9285,1241,1242
9285,1416,1417
9285,1520,1521
9286,1091,1092
9286,1101,1102
9286,1221,1222
9286,1361,1362
9287,1091,1092
9287,1101,1102
9287,1221,1222
9287,1263,1264
9288,1091,1092
9288,1263,1264
9288,1312,1313
9288,1346,1347
9289,1091,1092
9289,1093,1094
9289,1361,1362
9289,1416,1417
9290,1091,1092
9290,1256,1257
9290,1263,1264
9290,1312,1313
9291,1091,1092
9291,1221,1222
9291,1263,1264
9291,1346,1347
9292,1091,1092
9292,1093,1094
9292,1312,1313
9292,1346,1347
9293,1091,1092
9293,1093,1094
9293,1259,1260
9293,1312,1313
9294,1091,1092
9294,1093,1094
9294,1259,1260
9294,1416,1417
9295,1091,1092
9295,1146,1147
9295,1345,1346
9295,1520,1521
9296,1091,1092
9296,1345,1346
9296,1416,1417
9296,1520,1521
9297,1091,1092
9297,1093,1094
9297,1221,1222
9297,1361,1362
9298,1091,1092
9298,1093,1094
9298,1221,1222
9298,1346,1347
9299,1091,1092
9299,1158,1159
9299,1259,1260
9299,1312,1313
9300,1091,1092
9300,1146,1147
9300,1259,1260
9300,1345,1346
9301,1091,1092
9301,1259,1260
9301,1345,1346
9301,1416,1417
9302,1258,1259
9302,1407,1408
9302,1414,1415
9302,1423,1424
9303,1141,1142
9303,1414,1415
9303,1423,1424
9303,1521,1522
9304,1073,1074
9304,1141,1142
9304,1414,1415
9304,1423,1424
9305,1073,1074
9305,1258,1259
9305,1414,1415
9305,1423,1424
9306,1321,1322
9306,1414,1415
9306,1423,1424
9306,1521,1522
9307,1321,1322
9307,1407,1408
9307,1414,1415
9307,1423,1424
9308,1073,1074
9308,1258,1259
9308,1383,1384
9308,1423,1424
9309,1258,1259
9309,1383,1384
9309,1407,1408
9309,1423,1424
9310,1141,1142
9310,1329,1330
9310,1423,1424
9310,1521,1522
9311,1329,1330
9311,1367,1368
9311,1423,1424
9311,1521,1522
9312,1321,1322
9312,1367,1368
9312,1423,1424
9312,1521,1522
9313,1321,1322
9313,1367,1368
9313,1407,1408
9313,1423,1424
9314,1073,1074
9314,1383,1384
9314,1384,1385
9314,1423,1424
9315,1329,1330
9315,1367,1368
9315,1384,1385
9315,1423,1424
9316,1073,1074
9316,1094,1095
9316,1141,1142
9316,1423,1424
9317,1073,1074
9317,1094,1095
9317,1384,1385
9317,1423,1424
9318,1094,1095
9318,1141,1142
9318,1329,1330
9318,1423,1424
9319,1094,1095
9319,1329,1330
9319,1384,1385
9319,1423,1424
9320,1359,1360
9320,1383,1384
9320,1384,1385
9320,1423,1424
9321,1359,1360
9321,1367,1368
9321,1407,1408
9321,1423,1424
9322,1359,1360
9322,1383,1384
9322,1407,1408
9322,1423,1424
9323,1367,1368
9323,1384,1385
9323,1423,1424
9323,1431,1432
9324,1359,1360
9324,1384,1385
9324,1423,1424
9324,1431,1432
9325,1359,1360
9325,1367,1368
9325,1423,1424
9325,1431,1432
9326,1721,1722
9326,1734,1735
9326,1774,1775
9326,1789,1790
9327,1688,1689
9327,1721,1722
9327,1734,1735
9327,1774,1775
9328,1721,1722
9328,1723,1724
9328,1774,1775
9328,1789,1790
9329,1688,1689
9329,1721,1722
9329,1723,1724
9329,1774,1775
9330,1721,1722
9330,1734,1735
9330,1781,1782
9330,1800,1801
9331,1721,1722
9331,1734,1735
9331,1789,1790
9331,1800,1801
9332,1721,1722
9332,1781,1782
9332,1789,1790
9332,1800,1801
9333,1700,1701
9333,1721,1722
9333,1781,1782
9333,1789,1790
9334,1700,1701
9334,1721,1722
9334,1723,1724
9334,1789,1790
9335,1706,1707
9335,1721,1722
9335,1734,1735
9335,1781,1782
9336,1528,1529
9336,1688,1689
9336,1721,1722
9336,1819,1820
9337,1688,1689
9337,1721,1722
9337,1734,1735
9337,1819,1820
9338,1457,1458
9338,1700,1701
9338,1721,1722
9338,1723,1724
9339,1457,1458
9339,1688,1689
9339,1721,1722
9339,1723,1724
9340,1706,1707
9340,1721,1722
9340,1734,1735
9340,1819,1820
9341,1704,1705
9341,1706,1707
9341,1721,1722
9341,1781,1782
9342,1457,1458
9342,1583,1584
9342,1700,1701
9342,1721,1722
9343,1528,1529
9343,1704,1705
9343,1721,1722
9343,1819,1820
9344,1704,1705
9344,1706,1707
9344,1721,1722
9344,1819,1820
9345,1528,1529
9345,1583,1584
9345,1704,1705
9345,1721,1722
9346,1583,1584
9346,1700,1701
9346,1721,1722
9346,1781,1782
9347,1583,1584
9347,1704,1705
9347,1721,1722
9347,1781,1782
9348,1457,1458
9348,1528,1529
9348,1583,1584
9348,1721,1722
9349,1457,1458
9349,1528,1529
9349,1688,1689
9349,1721,1722
9350,442,443
9350,448,449
9350,709,710
9350,764,765
9351,442,443
9351,448,449
9351,709,710
9351,776,777
9352,442,443
9352,457,458
9352,709,710
9352,764,765
9353,457,458
9353,538,539
9353,709,710
9353,764,765
9354,442,443
9354,457,458
9354,538,539
9354,709,710
9355,442,443
9355,535,536
9355,538,539
9355,709,710
9356,442,443
9356,535,536
9356,709,710
9356,776,777
9357,448,449
9357,596,597
9357,709,710
9357,764,765
9358,408,409
9358,535,536
9358,538,539
9358,709,710
9359,408,409
9359,535,536
9359,709,710
9359,776,777
9360,448,449
9360,594,595
9360,596,597
9360,709,710
9361,448,449
9361,594,595
9361,709,710
9361,776,777
9362,596,597
9362,709,710
9362,764,765
9362,822,823
9363,477,478
9363,596,597
9363,709,710
9363,822,823
9364,477,478
9364,594,595
9364,596,597
9364,709,710
9365,408,409
9365,491,492
9365,538,539
9365,709,710
9366,489,490
9366,709,710
9366,764,765
9366,822,823
9367,477,478
9367,489,490
9367,709,710
9367,822,823
9368,415,416
9368,489,490
9368,709,710
9368,764,765
9369,415,416
9369,489,490
9369,538,539
9369,709,710
9370,415,416
9370,538,539
9370,709,710
9370,764,765
9371,477,478
9371,489,490
9371,491,492
9371,709,710
9372,489,490
9372,491,492
9372,538,539
9372,709,710
9373,477,478
9373,491,492
9373,594,595
9373,709,710
9374,408,409
9374,587,588
9374,709,710
9374,776,777
9375,587,588
9375,594,595
9375,709,710
9375,776,777
9376,408,409
9376,491,492
9376,587,588
9376,709,710
9377,491,492
9377,587,588
9377,594,595
9377,709,710
9378,1158,1159
9378,1256,1257
9378,1286,1287
9378,1312,1313
9379,1091,1092
9379,1256,1257
9379,1286,1287
9379,1312,1313
9380,1091,1092
9380,1158,1159
9380,1286,1287
9380,1312,1313
9381,1146,1147
9381,1158,1159
9381,1206,1207
9381,1286,1287
9382,1158,1159
9382,1206,1207
9382,1256,1257
9382,1286,1287
9383,1091,1092
9383,1256,1257
9383,1263,1264
9383,1286,1287
9384,1146,1147
9384,1158,1159
9384,1259,1260
9384,1286,1287
9385,1091,1092
9385,1146,1147
9385,1259,1260
9385,1286,1287
9386,1091,1092
9386,1158,1159
9386,1259,1260
9386,1286,1287
9387,1115,1116
9387,1206,1207
9387,1256,1257
9387,1286,1287
9388,1091,1092
9388,1146,1147
9388,1286,1287
9388,1520,1521
