<?xml version="1.0"?>
<VTKFile type="PolyData" version="0.1" byte_order="LittleEndian">
  <PolyData>
    <Piece NumberOfPoints="1850" NumberOfVerts="0" NumberOfLines="4080" NumberOfStrips="0" NumberOfPolys="0">
      <PointData><DataArray type="Int64" Name="particle_id" NumberOfComponents="1" format="ascii">
1 2 3 4 5 6 7 8 9 10 11 12 13 14 15 16 17 18 19 20 21 22 23 24 25 26 27 28 29 30 31 32 33 34 35 36 37 38 39 40 41 42 43 44 45 46 47 48 49 50 51 52 53 54 55 56 57 58 59 60 61 62 63 64 65 66 67 68 69 70 71 72 73 74 75 76 77 78 79 80 81 82 83 84 85 86 87 88 89 90 91 92 93 94 95 96 97 98 99 100 101 102 103 104 105 106 107 108 109 110 111 112 113 114 115 116 117 118 119 120 121 122 123 124 125 126 127 128 129 130 131 132 133 134 135 136 137 138 139 140 141 142 143 144 145 146 147 148 149 150 151 152 153 154 155 156 157 158 159 160 161 162 163 164 165 166 167 168 169 170 171 172 173 174 175 176 177 178 179 180 181 182 183 184 185 186 187 188 189 190 191 192 193 194 195 196 197 198 199 200 201 202 203 204 205 206 207 208 209 210 211 212 213 214 215 216 217 218 219 220 221 222 223 224 225 226 227 228 229 230 231 232 233 234 235 236 237 238 239 240 241 242 243 244 245 246 247 248 249 250 251 252 253 254 255 256 257 258 259 260 261 262 263 264 265 266 267 268 269 270 271 272 273 274 275 276 277 278 279 280 281 282 283 284 285 286 287 288 289 290 291 292 293 294 295 296 297 298 299 300 301 302 303 304 305 306 307 308 309 310 311 312 313 314 315 316 317 318 319 320 321 322 323 324 325 326 327 328 329 330 331 332 333 334 335 336 337 338 339 340 341 342 343 344 345 346 347 348 349 350 351 352 353 354 355 356 357 358 359 360 361 362 363 364 365 366 367 368 369 370 371 372 373 374 375 376 377 378 379 380 381 382 383 384 385 386 387 388 389 390 391 392 393 394 395 396 397 398 399 400 401 402 403 404 405 406 407 408 409 410 411 412 413 414 415 416 417 418 419 420 421 422 423 424 425 426 427 428 429 430 431 432 433 434 435 436 437 438 439 440 441 442 443 444 445 446 447 448 449 450 451 452 453 454 455 456 457 458 459 460 461 462 463 464 465 466 467 468 469 470 471 472 473 474 475 476 477 478 479 480 481 482 483 484 485 486 487 488 489 490 491 492 493 494 495 496 497 498 499 500 501 502 503 504 505 506 507 508 509 510 511 512 513 514 515 516 517 518 519 520 521 522 523 524 525 526 527 528 529 530 531 532 533 534 535 536 537 538 539 540 541 542 543 544 545 546 547 548 549 550 551 552 553 554 555 556 557 558 559 560 561 562 563 564 565 566 567 568 569 570 571 572 573 574 575 576 577 578 579 580 581 582 583 584 585 586 587 588 589 590 591 592 593 594 595 596 597 598 599 600 601 602 603 604 605 606 607 608 609 610 611 612 613 614 615 616 617 618 619 620 621 622 623 624 625 626 627 628 629 630 631 632 633 634 635 636 637 638 639 640 641 642 643 644 645 646 647 648 649 650 651 652 653 654 655 656 657 658 659 660 661 662 663 664 665 666 667 668 669 670 671 672 673 674 675 676 677 678 679 680 681 682 683 684 685 686 687 688 689 690 691 692 693 694 695 696 697 698 699 700 701 702 703 704 705 706 707 708 709 710 711 712 713 714 715 716 717 718 719 720 721 722 723 724 725 726 727 728 729 730 731 732 733 734 735 736 737 738 739 740 741 742 743 744 745 746 747 748 749 750 751 752 753 754 755 756 757 758 759 760 761 762 763 764 765 766 767 768 769 770 771 772 773 774 775 776 777 778 779 780 781 782 783 784 785 786 787 788 789 790 791 792 793 794 795 796 797 798 799 800 801 802 803 804 805 806 807 808 809 810 811 812 813 814 815 816 817 818 819 820 821 822 823 824 825 826 827 828 829 830 831 832 833 834 835 836 837 838 839 840 841 842 843 844 845 846 847 848 849 850 851 852 853 854 855 856 857 858 859 860 861 862 863 864 865 866 867 868 869 870 871 872 873 874 875 876 877 878 879 880 881 882 883 884 885 886 887 888 889 890 891 892 893 894 895 896 897 898 899 900 901 902 903 904 905 906 907 908 909 910 911 912 913 914 915 916 917 918 919 920 921 922 923 924 925 926 927 928 929 930 931 932 933 934 935 936 937 938 939 940 941 942 943 944 945 946 947 948 949 950 951 952 953 954 955 956 957 958 959 960 961 962 963 964 965 966 967 968 969 970 971 972 973 974 975 976 977 978 979 980 981 982 983 984 985 986 987 988 989 990 991 992 993 994 995 996 997 998 999 1000 1001 1002 1003 1004 1005 1006 1007 1008 1009 1010 1011 1012 1013 1014 1015 1016 1017 1018 1019 1020 1021 1022 1023 1024 1025 1026 1027 1028 1029 1030 1031 1032 1033 1034 1035 1036 1037 1038 1039 1040 1041 1042 1043 1044 1045 1046 1047 1048 1049 1050 1051 1052 1053 1054 1055 1056 1057 1058 1059 1060 1061 1062 1063 1064 1065 1066 1067 1068 1069 1070 1071 1072 1073 1074 1075 1076 1077 1078 1079 1080 1081 1082 1083 1084 1085 1086 1087 1088 1089 1090 1091 1092 1093 1094 1095 1096 1097 1098 1099 1100 1101 1102 1103 1104 1105 1106 1107 1108 1109 1110 1111 1112 1113 1114 1115 1116 1117 1118 1119 1120 1121 1122 1123 1124 1125 1126 1127 1128 1129 1130 1131 1132 1133 1134 1135 1136 1137 1138 1139 1140 1141 1142 1143 1144 1145 1146 1147 1148 1149 1150 1151 1152 1153 1154 1155 1156 1157 1158 1159 1160 1161 1162 1163 1164 1165 1166 1167 1168 1169 1170 1171 1172 1173 1174 1175 1176 1177 1178 1179 1180 1181 1182 1183 1184 1185 1186 1187 1188 1189 1190 1191 1192 1193 1194 1195 1196 1197 1198 1199 1200 1201 1202 1203 1204 1205 1206 1207 1208 1209 1210 1211 1212 1213 1214 1215 1216 1217 1218 1219 1220 1221 1222 1223 1224 1225 1226 1227 1228 1229 1230 1231 1232 1233 1234 1235 1236 1237 1238 1239 1240 1241 1242 1243 1244 1245 1246 1247 1248 1249 1250 1251 1252 1253 1254 1255 1256 1257 1258 1259 1260 1261 1262 1263 1264 1265 1266 1267 1268 1269 1270 1271 1272 1273 1274 1275 1276 1277 1278 1279 1280 1281 1282 1283 1284 1285 1286 1287 1288 1289 1290 1291 1292 1293 1294 1295 1296 1297 1298 1299 1300 1301 1302 1303 1304 1305 1306 1307 1308 1309 1310 1311 1312 1313 1314 1315 1316 1317 1318 1319 1320 1321 1322 1323 1324 1325 1326 1327 1328 1329 1330 1331 1332 1333 1334 1335 1336 1337 1338 1339 1340 1341 1342 1343 1344 1345 1346 1347 1348 1349 1350 1351 1352 1353 1354 1355 1356 1357 1358 1359 1360 1361 1362 1363 1364 1365 1366 1367 1368 1369 1370 1371 1372 1373 1374 1375 1376 1377 1378 1379 1380 1381 1382 1383 1384 1385 1386 1387 1388 1389 1390 1391 1392 1393 1394 1395 1396 1397 1398 1399 1400 1401 1402 1403 1404 1405 1406 1407 1408 1409 1410 1411 1412 1413 1414 1415 1416 1417 1418 1419 1420 1421 1422 1423 1424 1425 1426 1427 1428 1429 1430 1431 1432 1433 1434 1435 1436 1437 1438 1439 1440 1441 1442 1443 1444 1445 1446 1447 1448 1449 1450 1451 1452 1453 1454 1455 1456 1457 1458 1459 1460 1461 1462 1463 1464 1465 1466 1467 1468 1469 1470 1471 1472 1473 1474 1475 1476 1477 1478 1479 1480 1481 1482 1483 1484 1485 1486 1487 1488 1489 1490 1491 1492 1493 1494 1495 1496 1497 1498 1499 1500 1501 1502 1503 1504 1505 1506 1507 1508 1509 1510 1511 1512 1513 1514 1515 1516 1517 1518 1519 1520 1521 1522 1523 1524 1525 1526 1527 1528 1529 1530 1531 1532 1533 1534 1535 1536 1537 1538 1539 1540 1541 1542 1543 1544 1545 1546 1547 1548 1549 1550 1551 1552 1553 1554 1555 1556 1557 1558 1559 1560 1561 1562 1563 1564 1565 1566 1567 1568 1569 1570 1571 1572 1573 1574 1575 1576 1577 1578 1579 1580 1581 1582 1583 1584 1585 1586 1587 1588 1589 1590 1591 1592 1593 1594 1595 1596 1597 1598 1599 1600 1601 1602 1603 1604 1605 1606 1607 1608 1609 1610 1611 1612 1613 1614 1615 1616 1617 1618 1619 1620 1621 1622 1623 1624 1625 1626 1627 1628 1629 1630 1631 1632 1633 1634 1635 1636 1637 1638 1639 1640 1641 1642 1643 1644 1645 1646 1647 1648 1649 1650 1651 1652 1653 1654 1655 1656 1657 1658 1659 1660 1661 1662 1663 1664 1665 1666 1667 1668 1669 1670 1671 1672 1673 1674 1675 1676 1677 1678 1679 1680 1681 1682 1683 1684 1685 1686 1687 1688 1689 1690 1691 1692 1693 1694 1695 1696 1697 1698 1699 1700 1701 1702 1703 1704 1705 1706 1707 1708 1709 1710 1711 1712 1713 1714 1715 1716 1717 1718 1719 1720 1721 1722 1723 1724 1725 1726 1727 1728 1729 1730 1731 1732 1733 1734 1735 1736 1737 1738 1739 1740 1741 1742 1743 1744 1745 1746 1747 1748 1749 1750 1751 1752 1753 1754 1755 1756 1757 1758 1759 1760 1761 1762 1763 1764 1765 1766 1767 1768 1769 1770 1771 1772 1773 1774 1775 1776 1777 1778 1779 1780 1781 1782 1783 1784 1785 1786 1787 1788 1789 1790 1791 1792 1793 1794 1795 1796 1797 1798 1799 1800 1801 1802 1803 1804 1805 1806 1807 1808 1809 1810 1811 1812 1813 1814 1815 1816 1817 1818 1819 1820 1821 1822 1823 1824 1825 1826 1827 1828 1829 1830 1831 1832 1833 1834 1835 1836 1837 1838 1839 1840 1841 1842 1843 1844 1845 1846 1847 1848 1849 1850
</DataArray></PointData>
      <CellData>
        <DataArray type="Int64" Name="particle_1" NumberOfComponents="1" format="ascii">
1 1 2 2 2 2 2 3 3 3 3 3 4 4 4 5 5 5 5 6 6 6 6 6 7 7 7 7 7 7 8 8 9 9 9 9 9 10 10 10 11 11 11 11 12 12 12 12 12 13 13 13 14 14 14 14 14 15 15 15 15 15 16 16 16 17 17 17 17 18 18 18 19 19 20 20 20 22 22 22 22 22 22 23 23 23 25 25 25 25 25 26 26 26 26 26 26 27 27 27 27 28 28 28 28 29 29 29 30 30 30 31 31 31 32 32 32 33 33 33 33 33 33 33 34 34 34 35 35 35 35 35 35 36 36 36 36 36 36 36 36 37 37 38 38 38 39 39 39 39 40 40 41 41 42 42 42 42 43 43 43 43 44 44 45 45 45 46 46 48 48 48 48 48 48 49 49 49 49 49 49 51 51 52 52 52 53 53 53 54 54 55 55 55 56 56 57 57 57 57 59 59 59 60 60 60 60 60 61 61 62 62 62 63 63 63 63 63 63 64 64 65 65 65 65 65 65 66 67 67 67 67 68 68 68 69 69 69 70 70 70 71 71 71 72 72 72 73 73 73 73 74 74 75 75 75 75 76 77 77 77 77 77 78 78 78 78 79 79 79 79 80 80 81 81 81 81 81 81 82 82 82 82 82 83 83 84 84 84 84 84 85 85 85 85 85 87 87 87 87 88 88 88 88 88 89 90 90 91 91 91 91 91 92 92 92 92 93 93 94 94 94 95 95 96 97 97 98 99 99 99 99 100 100 101 101 101 102 102 103 103 103 104 104 104 104 104 105 105 105 105 106 106 106 107 107 107 107 108 108 108 109 109 109 110 110 110 111 111 111 111 111 111 112 112 112 112 112 113 113 114 114 114 115 115 116 116 117 117 118 118 119 119 120 120 121 121 121 121 122 122 122 123 124 125 125 125 126 126 126 127 127 128 128 128 128 129 130 130 130 131 131 132 132 132 133 133 134 135 135 136 138 138 140 140 141 141 141 141 141 142 143 143 143 143 144 144 144 145 145 146 146 147 148 149 150 150 150 150 151 153 154 154 154 155 155 155 155 156 157 157 158 160 160 161 163 164 164 166 166 166 167 167 168 168 168 168 169 169 170 171 171 172 172 173 174 174 174 175 176 176 177 177 178 180 180 185 185 185 185 186 187 187 188 188 188 188 189 190 190 190 190 190 190 190 191 191 192 192 192 194 194 195 195 196 197 197 200 201 202 202 202 202 202 204 205 206 206 206 206 207 207 207 207 211 213 214 217 218 219 219 219 219 220 220 220 220 221 221 221 221 221 222 222 222 222 222 223 223 224 224 224 224 225 225 225 225 227 227 227 227 227 227 228 228 228 228 228 228 229 229 229 229 229 230 230 230 230 230 231 231 231 231 231 231 231 231 231 232 232 232 233 233 234 234 234 234 234 234 234 235 235 235 235 235 235 236 236 236 236 237 237 237 238 238 239 239 239 239 240 240 240 240 241 241 241 242 242 243 243 243 243 245 245 246 246 247 248 248 248 249 250 250 250 250 251 251 251 251 251 252 252 253 253 253 254 254 255 255 255 256 257 257 258 258 258 259 259 260 260 260 260 261 261 261 261 261 262 262 262 263 263 263 264 264 264 264 265 265 265 265 266 266 266 267 267 268 268 268 269 269 269 269 270 270 270 270 270 271 271 272 272 273 273 274 274 275 275 275 275 275 276 276 277 277 277 277 277 277 279 279 279 280 280 280 280 280 281 281 282 282 282 282 282 282 283 283 283 284 284 284 285 285 286 286 286 286 287 288 288 288 289 290 291 291 291 291 292 292 292 292 293 293 293 294 295 295 295 295 296 297 298 298 299 299 300 300 300 300 300 301 301 302 302 302 302 303 303 304 304 304 306 306 306 306 307 307 310 310 311 311 311 311 312 312 313 313 313 314 314 314 314 314 315 315 315 316 316 316 319 321 321 321 322 322 322 324 325 325 326 326 326 327 327 327 327 327 327 328 328 328 328 329 330 330 330 330 331 331 332 332 334 335 335 335 336 336 337 337 337 339 339 339 339 340 341 341 342 342 342 343 343 344 344 344 344 344 345 345 346 346 346 346 347 348 348 348 348 349 350 350 351 352 353 353 353 354 354 355 355 355 355 356 356 356 357 357 357 359 359 360 360 360 362 364 364 364 364 364 365 365 367 367 368 368 368 368 368 369 370 370 370 371 371 371 371 372 372 372 374 374 374 375 375 375 377 377 378 380 382 383 383 383 383 383 385 385 385 386 386 386 387 387 390 391 391 392 392 392 394 394 395 396 397 397 399 400 400 401 401 404 406 407 407 408 408 409 409 409 411 411 411 411 412 414 416 417 418 419 419 420 420 423 423 425 425 425 426 426 426 426 431 435 435 435 436 436 436 436 436 436 437 437 437 438 438 438 438 438 439 439 439 439 440 440 440 440 441 441 442 442 442 442 442 443 443 443 443 443 444 444 444 444 444 445 445 445 446 446 447 447 447 448 448 448 449 449 449 449 449 449 450 450 450 451 451 451 451 451 452 452 452 452 453 453 453 453 454 454 455 455 457 458 458 458 458 458 458 459 459 459 460 461 461 461 461 462 462 462 462 463 463 463 464 464 464 464 464 464 464 464 465 465 465 465 466 466 467 467 467 468 468 469 469 469 469 470 470 470 471 472 472 473 473 473 473 474 474 474 475 475 475 475 475 476 476 476 476 476 477 477 477 477 478 478 478 479 479 480 480 480 480 480 481 481 481 482 482 482 482 482 483 483 483 484 485 485 486 486 487 487 487 488 488 488 488 489 489 491 491 491 491 491 491 492 492 494 494 494 495 495 495 495 495 495 496 496 496 496 496 496 497 497 497 497 499 499 499 500 500 501 501 501 502 502 504 505 505 505 505 505 506 506 507 508 508 508 508 509 509 509 510 511 511 512 512 512 512 513 514 514 514 515 516 516 516 516 516 517 517 517 518 519 519 519 520 520 520 522 522 522 523 523 523 523 523 523 524 524 524 528 528 529 529 529 529 530 530 530 531 531 532 532 532 533 533 533 533 533 534 535 535 535 536 536 536 536 536 537 537 539 539 540 540 540 540 541 541 541 542 543 543 544 544 544 545 546 546 547 548 548 549 549 549 550 550 551 551 551 551 552 552 552 552 552 552 552 553 553 553 553 553 555 555 555 556 556 556 556 556 557 557 557 557 558 559 559 559 559 560 561 562 562 564 564 564 564 566 566 567 567 567 568 569 569 571 572 574 575 575 575 576 576 576 577 578 578 578 579 579 580 580 580 580 582 582 582 582 582 583 583 584 584 584 585 585 586 586 588 589 590 590 592 592 592 592 592 592 593 593 594 595 598 598 598 598 600 600 600 600 600 601 602 602 603 603 603 604 604 605 605 606 606 606 606 607 608 608 610 610 610 610 611 612 612 613 613 614 614 614 614 616 617 617 617 617 617 618 619 620 620 622 623 624 624 624 627 628 629 629 631 632 632 633 634 639 640 641 644 644 644 644 645 646 647 647 647 649 649 649 650 651 651 653 653 653 657 657 659 659 659 659 659 660 660 661 661 663 665 668 669 669 669 669 670 671 671 671 671 672 672 672 672 673 673 675 676 676 676 676 676 678 680 680 680 680 683 685 685 686 686 686 686 687 688 688 688 688 688 689 689 690 690 690 690 690 691 691 691 691 692 693 693 693 693 693 694 694 694 695 695 695 695 695 696 696 696 696 696 697 697 697 698 698 698 699 700 700 701 701 701 701 701 702 702 702 702 703 703 703 703 703 704 704 704 705 705 706 706 706 707 707 707 708 708 708 708 708 708 709 709 709 710 710 710 711 711 711 711 711 712 712 713 713 713 713 714 714 714 714 715 716 716 716 717 717 717 717 717 717 718 718 718 718 718 719 719 719 720 720 720 720 720 720 721 721 721 722 722 723 723 723 723 723 723 724 724 724 724 725 726 726 727 727 727 728 728 728 729 729 729 729 729 730 730 731 731 731 731 731 732 732 732 733 734 734 734 735 735 735 735 735 735 736 736 736 736 736 737 737 738 738 738 739 739 739 739 739 740 740 741 742 742 742 743 743 745 745 745 745 745 746 746 746 746 746 746 746 747 748 748 748 749 749 750 751 751 751 751 751 752 752 753 753 753 753 753 754 755 755 755 756 756 756 756 756 756 757 757 757 757 757 758 758 758 758 759 759 759 759 759 760 761 761 761 761 762 762 762 763 764 764 764 765 766 766 766 767 767 767 767 768 769 769 769 769 770 770 770 770 771 771 771 771 772 772 773 773 773 773 773 774 776 777 778 778 778 778 778 780 780 780 781 781 782 782 782 782 782 783 783 784 785 785 785 786 786 786 786 787 789 790 790 790 790 791 791 792 792 792 792 793 793 793 794 794 795 795 795 795 796 797 799 799 799 801 801 802 802 802 803 803 803 805 805 806 808 808 809 809 809 809 809 810 810 811 811 811 813 813 815 815 816 816 816 819 819 821 823 824 825 825 825 825 826 826 827 827 829 830 830 830 830 831 831 831 831 832 832 833 836 837 837 837 838 840 841 841 842 842 843 844 845 845 847 847 850 850 850 850 851 851 852 852 852 852 854 854 854 855 856 856 856 857 858 858 859 861 861 862 862 867 869 872 873 874 876 877 879 879 879 879 879 880 880 880 880 880 883 883 883 883 887 887 892 892 893 893 895 897 898 898 899 900 906 906 906 907 911 913 913 913 914 914 914 914 914 915 915 915 916 916 916 916 917 917 917 918 918 918 921 921 921 921 921 921 922 922 923 923 923 923 923 923 924 924 925 925 925 925 925 925 925 926 926 926 927 927 928 928 928 928 928 928 929 929 929 929 929 929 930 930 930 931 932 933 933 933 934 935 936 937 937 938 938 938 938 938 939 939 939 939 940 940 940 940 940 941 942 942 942 943 943 943 944 944 944 944 944 945 945 945 946 946 946 946 946 948 948 949 949 949 949 949 950 950 950 951 952 952 952 952 953 953 953 953 954 954 955 955 955 956 956 957 957 958 958 958 958 958 958 958 959 959 959 959 959 960 960 960 962 962 962 962 963 963 964 964 964 965 965 965 965 965 967 967 967 967 968 968 969 969 970 970 970 970 970 971 972 972 972 974 974 974 974 976 976 977 977 978 978 978 978 978 978 979 979 980 980 981 982 982 982 982 982 982 983 984 984 984 986 986 986 987 987 988 988 989 990 990 990 991 991 992 993 993 993 993 993 994 995 995 997 1000 1000 1000 1001 1001 1001 1001 1002 1002 1002 1003 1003 1003 1004 1004 1004 1004 1005 1005 1005 1005 1005 1006 1006 1006 1006 1007 1007 1007 1009 1009 1010 1013 1013 1013 1014 1014 1016 1016 1017 1017 1017 1017 1018 1019 1019 1020 1020 1021 1021 1021 1021 1022 1022 1022 1026 1027 1027 1028 1028 1028 1028 1029 1030 1030 1031 1031 1032 1032 1032 1033 1033 1035 1035 1036 1036 1039 1039 1040 1040 1041 1042 1042 1042 1042 1042 1043 1043 1044 1044 1045 1047 1047 1047 1047 1048 1050 1050 1051 1051 1053 1055 1055 1055 1056 1056 1056 1057 1057 1057 1057 1057 1058 1058 1058 1058 1059 1059 1059 1059 1059 1060 1060 1061 1061 1062 1062 1062 1062 1063 1063 1063 1063 1064 1064 1064 1065 1065 1065 1065 1065 1066 1066 1066 1066 1066 1067 1067 1067 1067 1067 1067 1068 1068 1068 1068 1069 1070 1070 1070 1070 1070 1071 1071 1071 1071 1071 1072 1073 1073 1073 1073 1074 1075 1075 1075 1076 1077 1077 1077 1077 1078 1079 1079 1079 1079 1079 1079 1080 1080 1080 1080 1080 1080 1081 1082 1082 1082 1082 1082 1082 1083 1083 1083 1083 1084 1084 1084 1085 1085 1085 1085 1086 1086 1086 1086 1087 1088 1088 1088 1088 1089 1089 1089 1090 1090 1090 1090 1090 1091 1091 1091 1091 1091 1092 1092 1093 1094 1094 1094 1094 1095 1095 1095 1096 1096 1096 1097 1098 1098 1099 1099 1100 1100 1100 1101 1101 1101 1101 1101 1103 1103 1103 1104 1104 1104 1104 1105 1105 1105 1105 1105 1105 1106 1106 1107 1107 1107 1107 1108 1109 1109 1109 1109 1109 1110 1110 1110 1111 1111 1111 1111 1111 1112 1112 1112 1113 1113 1113 1114 1115 1115 1115 1115 1115 1115 1115 1116 1117 1118 1118 1118 1118 1118 1118 1119 1119 1119 1119 1119 1120 1120 1120 1120 1120 1120 1121 1121 1121 1121 1122 1122 1123 1123 1123 1123 1123 1124 1124 1125 1125 1126 1126 1126 1127 1127 1128 1128 1128 1128 1129 1129 1129 1130 1130 1130 1131 1131 1131 1131 1132 1132 1132 1132 1132 1132 1133 1133 1134 1136 1136 1137 1138 1138 1139 1139 1139 1140 1141 1141 1141 1142 1143 1143 1144 1144 1144 1144 1145 1145 1146 1146 1146 1147 1148 1148 1148 1148 1149 1149 1149 1150 1152 1152 1152 1153 1153 1154 1154 1155 1155 1156 1156 1156 1157 1157 1158 1158 1158 1158 1159 1159 1159 1159 1159 1160 1160 1161 1161 1161 1162 1163 1164 1164 1164 1165 1165 1165 1167 1167 1167 1167 1167 1168 1168 1168 1168 1168 1169 1169 1169 1169 1170 1170 1170 1170 1172 1173 1173 1173 1174 1174 1174 1175 1175 1175 1175 1177 1177 1177 1177 1178 1178 1178 1178 1179 1179 1179 1180 1181 1181 1182 1182 1182 1182 1184 1184 1184 1185 1185 1186 1186 1187 1187 1187 1187 1188 1189 1190 1191 1191 1191 1191 1192 1192 1192 1193 1194 1194 1194 1195 1196 1197 1197 1197 1197 1197 1198 1198 1199 1199 1199 1200 1200 1200 1200 1201 1201 1201 1202 1202 1203 1204 1206 1206 1206 1207 1207 1209 1209 1210 1211 1214 1214 1215 1215 1217 1217 1217 1220 1220 1222 1223 1223 1223 1223 1223 1224 1224 1225 1225 1225 1226 1226 1227 1227 1228 1229 1229 1230 1230 1231 1231 1232 1232 1233 1233 1233 1234 1236 1238 1240 1240 1240 1241 1241 1241 1242 1243 1244 1244 1244 1245 1246 1248 1250 1252 1253 1253 1253 1254 1257 1257 1259 1261 1263 1263 1264 1266 1268 1270 1270 1272 1272 1274 1275 1280 1280 1281 1281 1281 1283 1283 1283 1284 1284 1284 1284 1284 1285 1285 1286 1286 1286 1286 1287 1287 1288 1288 1288 1288 1289 1289 1289 1290 1290 1290 1291 1291 1292 1292 1292 1292 1293 1293 1293 1294 1294 1294 1294 1296 1296 1296 1296 1296 1297 1297 1297 1298 1298 1299 1299 1299 1299 1300 1300 1300 1301 1301 1301 1302 1302 1302 1302 1302 1302 1303 1303 1303 1303 1303 1303 1303 1304 1304 1305 1305 1305 1305 1306 1306 1306 1306 1306 1307 1307 1308 1308 1308 1309 1310 1310 1310 1310 1310 1311 1311 1311 1311 1312 1312 1312 1313 1313 1313 1314 1314 1314 1315 1315 1315 1316 1316 1316 1316 1317 1317 1317 1317 1317 1317 1318 1319 1319 1319 1320 1320 1320 1320 1321 1321 1321 1321 1321 1322 1322 1322 1322 1322 1323 1323 1323 1323 1323 1324 1324 1324 1324 1324 1324 1324 1325 1325 1325 1325 1325 1325 1325 1326 1327 1328 1328 1328 1328 1329 1329 1329 1329 1330 1330 1330 1331 1331 1331 1331 1332 1332 1332 1332 1332 1332 1333 1333 1334 1334 1334 1335 1335 1335 1336 1336 1337 1337 1338 1338 1338 1338 1339 1339 1339 1340 1340 1341 1341 1341 1341 1341 1342 1342 1342 1342 1343 1343 1343 1343 1344 1345 1345 1345 1345 1346 1347 1347 1347 1347 1347 1347 1347 1348 1348 1348 1348 1348 1349 1349 1349 1350 1350 1351 1351 1351 1352 1352 1352 1352 1353 1353 1353 1354 1354 1354 1354 1355 1355 1355 1356 1356 1356 1357 1357 1359 1359 1359 1359 1359 1360 1360 1361 1362 1362 1362 1362 1363 1363 1363 1363 1364 1364 1364 1365 1365 1365 1366 1366 1368 1368 1368 1368 1369 1369 1369 1370 1370 1371 1371 1371 1372 1372 1372 1373 1373 1374 1374 1374 1374 1375 1375 1375 1376 1376 1376 1376 1378 1378 1378 1378 1379 1379 1379 1379 1381 1381 1383 1383 1384 1384 1385 1385 1385 1386 1386 1386 1386 1387 1387 1387 1388 1389 1390 1391 1391 1393 1394 1395 1395 1397 1397 1397 1398 1399 1399 1399 1401 1402 1402 1402 1405 1405 1406 1406 1407 1407 1407 1408 1409 1410 1410 1411 1411 1412 1413 1413 1414 1414 1415 1415 1415 1415 1415 1417 1418 1418 1419 1420 1420 1421 1421 1422 1422 1422 1422 1422 1422 1423 1425 1425 1425 1425 1425 1425 1427 1429 1430 1430 1431 1432 1433 1433 1433 1433 1435 1437 1437 1437 1438 1439 1439 1439 1441 1442 1444 1444 1444 1445 1445 1445 1445 1445 1446 1447 1450 1450 1450 1450 1451 1452 1452 1452 1455 1455 1459 1459 1459 1460 1460 1462 1463 1465 1468 1468 1468 1469 1469 1469 1469 1471 1473 1473 1474 1475 1478 1478 1479 1480 1480 1480 1482 1482 1483 1485 1485 1486 1488 1488 1488 1488 1488 1489 1489 1491 1492 1495 1495 1495 1495 1499 1499 1499 1499 1499 1502 1502 1502 1502 1502 1503 1503 1503 1504 1505 1505 1505 1506 1506 1506 1506 1506 1506 1506 1507 1507 1508 1508 1508 1508 1508 1509 1509 1510 1510 1510 1510 1510 1511 1511 1511 1511 1512 1512 1512 1513 1513 1513 1513 1513 1513 1514 1514 1515 1515 1515 1515 1515 1516 1516 1516 1516 1516 1517 1517 1517 1517 1517 1518 1518 1518 1518 1519 1519 1519 1519 1519 1520 1521 1522 1522 1522 1523 1524 1524 1524 1524 1525 1525 1526 1526 1526 1526 1526 1527 1527 1527 1527 1528 1528 1528 1529 1529 1529 1529 1529 1529 1530 1530 1530 1531 1531 1531 1531 1531 1531 1532 1532 1532 1532 1533 1533 1533 1533 1533 1534 1534 1535 1535 1535 1536 1537 1537 1537 1538 1539 1539 1539 1539 1539 1539 1539 1540 1540 1540 1540 1540 1541 1541 1541 1542 1544 1544 1544 1545 1545 1545 1545 1545 1546 1546 1546 1546 1547 1547 1547 1547 1547 1547 1548 1548 1548 1548 1548 1549 1549 1549 1550 1550 1550 1550 1550 1551 1551 1551 1552 1552 1553 1553 1553 1553 1554 1555 1555 1556 1556 1556 1556 1557 1557 1558 1558 1558 1558 1558 1559 1559 1559 1560 1560 1560 1560 1560 1561 1561 1561 1562 1563 1564 1564 1564 1564 1565 1565 1565 1566 1566 1567 1568 1568 1568 1568 1568 1569 1569 1569 1569 1570 1570 1570 1570 1570 1571 1571 1572 1572 1572 1572 1572 1573 1574 1574 1574 1575 1575 1575 1576 1577 1577 1578 1578 1579 1579 1580 1580 1582 1582 1582 1582 1582 1583 1583 1583 1583 1583 1584 1584 1585 1585 1585 1585 1585 1586 1586 1587 1588 1588 1589 1589 1589 1590 1590 1590 1591 1591 1591 1592 1592 1592 1592 1593 1594 1596 1596 1596 1596 1597 1597 1597 1597 1598 1598 1598 1599 1599 1600 1600 1600 1600 1601 1602 1602 1602 1602 1603 1603 1603 1604 1605 1605 1606 1606 1607 1608 1608 1609 1609 1609 1609 1609 1610 1611 1611 1611 1612 1612 1612 1612 1614 1614 1614 1615 1615 1616 1616 1616 1617 1617 1617 1617 1620 1620 1620 1623 1623 1624 1624 1624 1624 1624 1624 1625 1625 1625 1629 1629 1630 1631 1631 1631 1632 1633 1633 1634 1634 1634 1635 1635 1635 1635 1636 1636 1636 1636 1636 1637 1637 1637 1638 1638 1638 1639 1640 1640 1643 1644 1644 1645 1645 1646 1647 1648 1649 1650 1650 1651 1653 1654 1654 1655 1655 1656 1656 1656 1657 1657 1659 1659 1659 1659 1659 1661 1661 1662 1662 1663 1664 1666 1666 1669 1671 1671 1671 1671 1672 1672 1672 1673 1673 1674 1674 1675 1676 1677 1679 1679 1680 1682 1682 1682 1683 1683 1683 1683 1683 1685 1686 1686 1689 1691 1692 1692 1694 1695 1696 1698 1698 1698 1700 1704 1704 1705 1706 1707 1710 1712 1712 1712 1714 1719 1719 1719 1719 1720 1720 1720 1720 1721 1721 1722 1722 1723 1723 1723 1724 1724 1724 1724 1725 1725 1725 1726 1726 1727 1728 1729 1729 1730 1730 1730 1731 1731 1732 1733 1733 1734 1734 1734 1734 1735 1736 1736 1738 1738 1739 1740 1741 1742 1742 1743 1743 1744 1744 1744 1745 1746 1746 1746 1747 1747 1747 1748 1748 1749 1749 1749 1749 1751 1751 1752 1752 1752 1753 1753 1754 1754 1755 1755 1756 1759 1760 1760 1760 1760 1761 1762 1762 1762 1763 1764 1765 1765 1765 1765 1766 1766 1767 1767 1767 1767 1768 1768 1769 1769 1770 1770 1771 1771 1771 1772 1772 1772 1773 1774 1775 1776 1777 1778 1780 1781 1782 1783 1783 1783 1784 1787 1788 1789 1790 1790 1793 1793 1794 1795 1796 1800 1800 1801 1801 1803 1803 1804 1805 1805 1805 1807 1808 1809 1812 1813 1816 1820 1821 1822 1822 1827 1830 1830 1831 1832 1834 1838
</DataArray>
        <DataArray type="Int64" Name="particle_2" NumberOfComponents="1" format="ascii">
4 124 134 165 69 120 193 176 6 128 214 121 175 161 61 55 93 58 96 37 189 128 214 130 244 11 338 119 146 155 10 19 209 25 106 62 203 216 154 389 76 83 22 195 70 338 54 384 304 181 66 140 46 160 94 433 164 154 124 413 57 204 123 225 358 76 179 122 101 260 403 345 165 69 168 198 266 58 96 195 245 132 119 41 278 310 149 152 55 58 381 94 142 112 164 120 68 102 100 66 387 89 90 158 212 95 159 167 151 86 142 71 41 278 148 183 166 389 223 69 49 98 415 221 387 178 611 61 197 130 369 434 72 130 174 107 73 417 306 353 428 160 197 93 305 212 44 199 194 147 106 211 181 140 109 101 177 361 432 246 318 192 199 123 104 131 313 175 112 60 410 78 266 283 178 223 120 233 415 312 207 56 125 433 58 116 100 332 387 276 521 152 64 76 74 79 413 241 434 398 135 172 165 157 159 410 78 171 124 197 381 193 104 321 340 272 416 573 287 122 244 212 163 177 319 333 242 249 95 93 85 167 116 120 309 142 186 362 79 125 217 181 118 158 417 353 652 91 297 432 315 136 122 165 186 205 257 109 213 373 256 313 308 158 140 169 388 162 152 203 247 176 128 179 89 97 305 115 177 86 209 172 186 213 381 203 99 271 289 267 352 158 212 163 143 99 188 418 399 355 203 244 247 185 146 110 187 278 214 167 107 405 150 215 157 410 121 97 195 149 433 116 127 96 138 179 109 291 169 143 388 333 198 147 148 338 301 156 410 116 167 132 106 203 213 206 374 226 204 415 279 133 162 424 320 121 200 150 161 189 294 305 338 349 210 212 296 305 163 246 192 340 242 145 154 142 223 233 247 206 384 390 282 183 296 174 245 173 156 157 156 432 155 201 418 320 171 427 266 244 323 338 317 294 247 402 153 278 333 170 157 196 184 189 317 320 317 164 309 200 193 297 167 405 246 135 218 201 209 218 148 176 433 388 249 205 373 221 293 395 223 171 405 318 283 249 310 658 216 413 234 384 225 179 201 427 428 345 366 165 217 216 226 241 349 192 331 407 181 173 159 159 176 433 317 305 174 309 301 361 429 196 405 199 215 198 320 212 278 253 196 427 218 257 198 433 214 297 413 215 196 305 429 298 317 255 245 399 262 238 213 210 319 213 193 362 513 200 191 255 434 200 358 324 386 317 225 321 271 267 199 198 305 246 214 413 233 320 381 255 434 398 303 599 421 389 424 363 256 232 369 309 406 343 247 313 433 323 363 249 422 611 235 337 423 664 654 362 291 293 456 284 325 366 268 316 633 226 389 354 615 637 609 320 332 403 259 336 394 674 367 534 479 661 640 385 643 477 528 587 423 651 472 657 407 267 397 404 254 631 383 525 650 459 583 606 630 551 376 390 615 369 309 374 402 399 384 307 490 382 422 295 334 411 642 359 611 314 572 544 308 682 637 286 331 554 330 507 452 289 252 526 393 413 369 415 340 352 302 254 631 368 381 297 349 318 374 636 674 656 431 395 607 531 509 652 337 380 636 522 379 460 388 352 658 534 350 294 358 324 354 363 373 284 607 344 648 365 320 403 386 325 378 391 531 472 457 432 377 326 396 422 408 347 573 341 538 315 375 674 316 410 298 387 573 393 298 339 446 469 466 637 441 667 382 554 546 285 318 397 429 290 465 299 379 506 321 407 414 416 404 301 290 490 466 292 546 441 426 421 378 587 607 469 661 625 385 506 538 384 401 521 484 503 465 396 431 289 406 400 607 534 440 336 407 667 430 290 567 666 473 526 493 412 406 456 400 615 609 563 562 513 518 597 434 658 334 383 681 347 432 427 422 493 300 416 404 329 520 646 323 361 367 408 581 475 421 370 361 331 401 309 343 377 336 466 677 388 379 393 327 467 668 362 418 374 376 596 621 666 339 435 635 405 430 356 408 322 595 351 349 361 340 656 601 561 652 437 328 399 355 667 573 393 538 504 520 459 648 420 588 511 538 503 563 409 665 667 382 419 420 379 340 573 538 428 394 371 652 487 365 446 511 435 429 393 525 406 498 487 618 348 406 618 636 634 542 356 408 599 648 590 664 429 428 634 375 674 361 404 527 352 460 386 380 366 513 615 518 596 661 677 396 367 397 506 626 606 626 463 390 503 563 373 661 677 574 447 477 403 419 397 479 574 822 471 445 684 371 412 587 423 434 412 498 652 674 528 822 402 399 376 636 674 515 418 394 456 417 554 581 631 525 591 606 639 555 685 652 648 437 403 392 490 456 547 621 611 446 661 634 568 405 430 631 596 531 537 521 416 573 498 414 534 526 581 563 485 797 446 581 642 683 415 554 527 498 518 621 666 567 666 487 651 666 635 578 484 546 440 665 658 473 572 516 485 545 797 858 575 670 652 588 515 905 524 784 821 899 643 462 890 566 554 447 471 453 562 485 664 654 655 571 539 616 627 586 508 541 531 542 640 570 462 543 514 486 611 623 546 545 514 555 620 671 549 857 458 885 798 813 452 679 904 547 454 509 555 882 527 605 846 699 467 679 510 474 568 637 865 617 547 647 632 613 762 603 713 628 583 494 506 646 604 800 904 589 657 890 673 683 681 536 468 470 912 619 672 565 772 483 493 503 554 527 596 615 650 471 668 581 517 513 596 607 682 475 591 549 514 570 577 535 627 788 478 510 684 840 633 623 595 561 517 640 678 528 559 543 625 608 685 602 558 500 844 534 574 545 510 617 670 715 589 556 655 685 602 492 714 653 719 857 798 490 550 665 814 647 542 589 556 530 508 783 669 828 826 541 719 875 712 734 810 564 821 520 548 744 627 580 558 902 807 644 583 744 613 499 662 603 840 584 762 775 800 762 728 530 812 800 728 775 655 669 520 570 639 882 835 673 525 628 699 743 768 779 812 682 547 639 545 515 638 543 560 804 614 518 602 804 814 638 635 558 912 612 787 558 912 902 618 609 610 878 679 668 604 588 656 593 846 864 584 904 582 774 608 602 858 663 868 834 839 692 624 627 788 539 570 639 591 822 684 601 822 902 807 881 576 588 593 571 687 619 839 772 828 587 589 655 586 835 620 860 821 644 812 712 556 601 566 572 612 687 665 677 625 568 630 662 632 565 881 625 602 606 834 632 565 820 741 649 860 853 688 696 882 577 620 741 686 610 835 905 589 654 656 678 616 630 824 662 692 638 580 566 560 659 807 633 563 675 643 685 860 891 808 871 648 588 622 597 750 920 788 623 663 814 784 653 667 677 663 641 788 817 594 839 828 656 638 616 601 814 840 715 774 733 668 585 800 840 775 668 647 593 743 590 657 652 664 814 614 653 823 888 836 654 616 783 822 612 672 828 755 844 660 870 866 802 822 868 804 863 796 894 646 744 646 699 681 824 619 834 682 610 905 682 637 625 901 621 817 660 630 885 645 845 813 689 890 797 629 864 670 877 661 681 882 686 664 633 885 805 705 638 630 665 864 650 684 645 638 640 643 678 710 787 740 719 875 822 679 684 762 813 820 760 659 684 655 750 804 823 707 710 820 890 891 768 777 871 874 843 677 663 674 846 800 920 779 872 975 862 781 848 821 752 787 772 874 855 860 891 858 864 877 774 832 765 890 904 774 765 909 687 835 868 848 726 806 764 912 849 725 1026 1023 869 709 934 773 896 1015 1038 915 739 712 869 973 894 728 796 697 841 1010 779 872 812 796 767 909 841 809 860 725 829 969 1008 796 894 794 740 866 873 864 866 999 826 861 776 922 1151 722 718 907 795 758 867 915 988 932 814 763 733 805 794 779 754 1023 838 753 983 997 792 941 931 1054 995 786 756 915 750 820 730 920 849 1026 1023 789 768 738 894 876 803 716 784 821 838 900 862 876 851 856 951 733 767 997 854 1012 1011 889 816 1052 1004 807 773 745 756 983 934 818 954 1006 983 770 1006 737 900 892 973 1273 811 1251 1003 861 971 1037 1102 1034 860 829 764 887 967 744 863 775 1008 893 1040 986 1041 853 849 801 771 767 854 936 827 759 1024 801 833 738 896 1011 887 830 1004 747 1069 758 897 867 972 1046 858 791 999 810 973 754 833 869 1008 896 844 870 853 862 948 815 768 849 875 855 827 859 897 897 895 776 1234 972 922 918 1213 779 975 852 848 1011 760 866 802 999 810 961 900 889 784 900 763 816 799 891 828 855 911 838 823 757 836 893 818 871 823 833 1008 818 845 876 859 1038 810 780 961 1234 946 890 772 803 826 805 840 796 771 791 848 806 887 886 848 842 1011 774 909 919 936 777 891 808 842 871 997 854 931 1028 813 903 851 884 857 855 881 845 798 833 859 832 906 807 1026 869 967 956 1273 897 1038 927 901 878 936 793 1025 1208 1216 870 872 791 920 1087 1277 881 823 845 833 902 945 866 992 1024 917 862 985 910 815 883 941 919 941 1012 894 1037 948 1033 1282 953 884 865 985 815 980 888 831 875 827 992 857 837 867 826 861 1034 868 838 936 989 964 1018 1020 875 859 996 850 1048 888 851 951 997 900 893 1035 841 936 900 838 839 975 1087 926 963 895 966 874 895 842 1011 893 1040 986 836 951 934 854 951 886 871 983 894 971 856 893 888 1010 1147 860 893 911 874 876 851 1034 1026 896 974 1251 957 903 915 869 973 956 935 903 1016 1018 857 884 964 1027 908 878 865 996 966 979 877 951 966 969 873 998 875 908 910 983 1032 1043 1166 1006 996 961 959 1039 1192 948 916 1054 1260 981 1069 1008 1041 1008 1035 911 908 1034 981 900 1011 911 992 1053 924 992 1048 1042 1142 1028 1208 1238 1250 1215 1015 954 984 980 1043 1260 1227 961 946 947 1053 1239 1146 1180 1213 1072 962 1055 1141 944 942 926 998 961 1081 1029 1039 1011 1004 932 1046 970 1258 1045 1171 1176 999 973 935 996 1038 1208 1058 1210 1152 1106 1066 1273 1021 1251 1163 965 1100 998 961 947 1043 1016 1053 1151 1134 1016 1155 1012 1155 1081 957 1048 1195 1097 1060 964 1037 1102 1002 1027 1017 1002 1070 1099 990 1093 1146 977 990 1210 1106 988 971 1046 1051 991 987 956 949 1234 1039 1192 1009 1030 985 980 1172 994 1049 958 1116 1015 984 1048 968 1032 1021 1072 982 1166 1260 976 1183 1006 970 1039 1088 1205 1277 1049 982 1001 1049 1279 1022 1128 1116 1154 1133 973 1081 1003 1075 1221 1045 1250 1057 1074 1136 1183 1278 1087 1029 1010 989 1147 1049 1251 1019 1127 1036 969 987 1031 1247 983 1052 1008 1031 984 1235 1117 1122 1176 1093 1234 1193 1051 1015 1032 1006 1235 1282 1165 1151 1134 1051 1117 1068 1089 1181 1190 1093 1092 1052 1033 1005 1251 1100 1127 1001 1195 1196 1035 1015 1038 1117 1040 1219 1074 1273 1172 989 991 1258 995 1025 1255 1093 1171 1024 1260 1107 1183 1424 1280 1277 1012 1078 1043 1069 1072 1188 1124 1136 1097 1126 1189 1242 1140 1019 1048 1036 1033 1219 1180 1074 1172 1247 1056 1163 1228 1135 1050 1124 1235 1020 1208 1242 1276 1204 1037 1107 1078 1238 1216 1242 1050 1028 1102 1093 1092 1061 1258 1081 1128 1147 1245 1031 1247 1076 1072 1049 1163 1158 1034 1102 1245 1258 1078 1045 1208 1205 1276 1241 1273 1041 1035 1041 1124 1052 1180 1052 1074 1075 1271 1221 1264 1247 1069 1251 1193 1048 1117 1095 1089 1166 1135 1053 1123 1050 1282 1213 1108 1141 1221 1135 1256 1146 1218 1276 1096 1248 1380 1069 1076 1160 1176 1079 1181 1139 1059 1227 1409 1249 1106 1215 1202 1476 1295 1300 1176 1095 1140 1226 1336 1130 1432 1487 1177 1240 1280 1438 1103 1197 1470 1076 1072 1196 1091 1085 1215 1152 1106 1179 1110 1156 1123 1198 1241 1190 1270 1171 1176 1112 1168 1219 1171 1250 1202 1257 1103 1476 1175 1373 1498 1338 1136 1464 1207 1441 1412 1166 1221 1157 1142 1163 1150 1149 1262 1090 1249 1122 1126 1243 1400 1496 1229 1204 1241 1367 1423 1167 1344 1088 1229 1098 1338 1314 1479 1543 1337 1477 1384 1403 1249 1243 1148 1136 1101 1285 1114 1211 1470 1437 1451 1155 1128 1184 1157 1266 1156 1190 1501 1150 1144 1211 1265 1461 1252 1230 1248 1129 1404 1151 1222 1099 1377 1373 1385 1446 1233 1501 1139 1224 1212 1380 1235 1496 1428 1218 1112 1252 1196 1137 1196 1129 1114 1182 1440 1112 1500 1435 1266 1453 1423 1346 1199 1400 1390 1333 1419 1355 1209 1148 1166 1135 1227 1278 1213 1127 1195 1137 1464 1199 1209 1309 1360 1236 1471 1366 1406 1427 1202 1149 1153 1270 1457 1455 1297 1179 1295 1197 1360 1187 1292 1370 1186 1193 1353 1404 1203 1307 1376 1410 1392 1236 1237 1335 1405 1231 1207 1159 1346 1293 1483 1141 1165 1212 1138 1256 1238 1239 1146 1134 1244 1477 1278 1256 1358 1231 1467 1143 1400 1195 1133 1279 1133 1157 1358 1448 1297 1401 1206 1487 1304 1211 1265 1263 1305 1432 1429 1413 1490 1430 1326 1158 1358 1262 1196 1143 1404 1194 1463 1181 1233 1229 1242 1183 1177 1285 1269 1177 1236 1270 1340 1477 1364 1276 1367 1218 1190 1150 1189 1336 1373 1432 1360 1222 1274 1153 1190 1250 1162 1267 1226 1470 1358 1458 1277 1279 1192 1221 1198 1464 1207 1252 1186 1353 1404 1184 1231 1453 1281 1365 1228 1224 1269 1198 1207 1210 1252 1227 1424 1472 1183 1424 1237 1269 1241 1246 1299 1475 1274 1202 1275 1211 1254 1240 1409 1249 1438 1262 1416 1364 1461 1220 1242 1257 1309 1367 1475 1316 1236 1496 1405 1498 1183 1278 1280 1285 1501 1390 1342 1381 1267 1476 1396 1282 1340 1275 1467 1199 1428 1419 1261 1231 1453 1255 1214 1259 1203 1254 1349 1351 1451 1213 1216 1274 1253 1212 1291 1471 1234 1193 1239 1239 1206 1335 1463 1233 1467 1257 1295 1309 1232 1292 1241 1246 1233 1436 1333 1327 1272 1307 1481 1441 1281 1386 1250 1295 1394 1264 1424 1237 1377 1225 1412 1214 1429 1216 1455 1336 1432 1238 1249 1264 1269 1453 1252 1259 1226 1464 1353 1404 1440 1436 1248 1253 1271 1501 1390 1265 1435 1255 1409 1252 1476 1275 1327 1448 1358 1266 1349 1454 1271 1467 1390 1276 1428 1243 1278 1256 1496 1264 1367 1337 1250 1496 1367 1477 1416 1258 1270 1297 1257 1259 1297 1268 1493 1470 1267 1500 1327 1279 1435 1470 1269 1269 1272 1501 1337 1448 1474 1340 1300 1409 1377 1365 1293 1581 1456 1543 1451 1497 1399 1717 1343 1665 1380 1392 1333 1388 1301 1330 1289 1599 1463 1389 1486 1407 1413 1446 1550 1431 1315 1375 1392 1406 1361 1408 1449 1491 1441 1388 1576 1357 1567 1310 1628 1442 1618 1693 1700 1651 1471 1366 1431 1411 1465 1311 1346 1363 1414 1396 1314 1339 1374 1419 1700 1652 1626 1686 1637 1699 1696 1716 1494 1329 1709 1460 1387 1635 1434 1604 1411 1489 1318 1465 1331 1606 1688 1494 1329 1374 1350 1384 1443 1627 1361 1426 1363 1466 1567 1319 1423 1365 1426 1382 1359 1402 1593 1678 1480 1552 1455 1355 1543 1350 1397 1538 1475 1378 1426 1466 1667 1321 1618 1480 1675 1557 1587 1369 1628 1532 1451 1371 1352 1505 1667 1402 1604 1542 1557 1350 1523 1509 1534 1715 1338 1420 1469 1521 1507 1665 1700 1663 1655 1609 1657 1544 1538 1681 1648 1534 1679 1685 1537 1430 1404 1498 1338 1479 1469 1456 1482 1352 1654 1419 1355 1693 1333 1342 1381 1341 1468 1717 1520 1398 1514 1799 1390 1412 1486 1681 1485 1377 1447 1385 1409 1377 1477 1475 1396 1498 1462 1383 1543 1351 1451 1457 1455 1399 1433 1619 1372 1688 1346 1484 1417 1606 1576 1473 1630 1524 1426 1481 1410 1393 1717 1412 1471 1366 1667 1427 1375 1486 1485 1440 1428 1366 1419 1442 1408 1587 1445 1401 1431 1383 1408 1573 1420 1521 1580 1686 1358 1458 1441 1618 1693 1452 1480 1457 1381 1456 1684 1391 1597 1581 1473 1428 1419 1498 1427 1693 1429 1413 1429 1403 1411 1439 1391 1475 1426 1421 1606 1461 1437 1411 1483 1581 1382 1431 1649 1446 1490 1418 1552 1567 1459 1494 1449 1653 1492 1437 1387 1456 1452 1482 1413 1462 1440 1376 1504 1395 1389 1681 1648 1441 1436 1388 1504 1416 1421 1403 1443 1483 1417 1567 1503 1484 1716 1413 1507 1484 1437 1402 1446 1418 1497 1576 1595 1473 1684 1687 1695 1417 1471 1457 1460 1584 1497 1441 1410 1523 1509 1520 1670 1595 1576 1417 1566 1523 1434 1678 1641 1447 1667 1667 1434 1604 1680 1450 1626 1472 1481 1497 1461 1627 1436 1432 1653 1483 1417 1452 1469 1651 1539 1516 1483 1622 1641 1479 1451 1573 1484 1459 1567 1688 1566 1577 1540 1643 1453 1701 1563 1530 1586 1642 1780 1618 1430 1449 1478 1649 1446 1693 1700 1660 1655 1454 1492 1489 1627 1447 1443 1709 1703 1497 1618 1449 1491 1626 1454 1491 1652 1702 1525 1678 1462 1622 1632 1578 1714 1587 1479 1543 1660 1457 1492 1606 1466 1709 1629 1640 1593 1604 1702 1474 1481 1509 1593 1711 1690 1499 1493 1595 1555 1481 1484 1653 1658 1543 1593 1711 1669 1521 1697 1576 1618 1508 1542 1626 1658 1699 1642 1704 1587 1684 1525 1716 1525 1658 1616 1696 1573 1613 1686 1516 1699 1653 1507 1573 1658 1613 1567 1524 1621 1665 1702 1684 1687 1721 1712 1551 1843 1757 1792 1733 1550 1613 1718 1534 1685 1689 1512 1611 1582 1825 1721 1666 1615 1754 1713 1559 1526 1659 1636 1638 1736 1686 1687 1637 1777 1623 1682 1634 1536 1699 1614 1642 1777 1666 1711 1697 1708 1546 1614 1588 1562 1620 1735 1784 1646 1633 1800 1747 1741 1743 1763 1767 1742 1610 1543 1679 1537 1849 1700 1566 1591 1588 1562 1626 1662 1713 1620 1783 1797 1804 1679 1632 1728 1765 1780 1769 1802 1630 1655 1577 1706 1544 1562 1690 1614 1712 1728 1672 1694 1816 1749 1832 1709 1703 1594 1639 1622 1641 1557 1554 1575 1670 1650 1691 1732 1545 1600 1670 1556 1650 1648 1660 1697 1579 1708 1677 1564 1691 1628 1588 1643 1594 1692 1669 1708 1568 1675 1638 1547 1741 1677 1558 1825 1763 1744 1697 1699 1691 1682 1737 1806 1786 1743 1788 1751 1695 1646 1764 1839 1844 1650 1671 1823 1678 1701 1552 1690 1563 1848 1757 1766 1554 1569 1704 1598 1738 1813 1599 1595 1605 1670 1610 1644 1673 1578 1569 1579 1643 1722 1620 1561 1703 1639 1828 1739 1798 1712 1850 1843 1732 1713 1645 1571 1590 1657 1579 1806 1825 1694 1739 1848 1630 1655 1619 1711 1690 1569 1739 1614 1590 1672 1694 1739 1779 1707 1846 1804 1842 1591 1574 1668 1710 1847 1598 1625 1626 1608 1605 1831 1714 1590 1603 1581 1579 1722 1728 1672 1655 1654 1697 1635 1715 1670 1799 1610 1705 1636 1657 1638 1631 1788 1703 1674 1732 1713 1589 1645 1787 1616 1780 1652 1621 1664 1695 1674 1828 1599 1739 1798 1634 1608 1605 1777 1745 1754 1827 1678 1779 1628 1607 1779 1601 1647 1646 1674 1633 1827 1844 1725 1676 1817 1705 1737 1734 1683 1784 1675 1685 1632 1816 1694 1749 1850 1622 1664 1782 1716 1619 1621 1634 1698 1717 1611 1799 1634 1737 1673 1717 1700 1715 1728 1750 1840 1740 1721 1666 1811 1845 1848 1658 1710 1617 1642 1745 1758 1738 1692 1735 1763 1668 1704 1712 1745 1758 1792 1802 1785 1761 1826 1791 1684 1674 1717 1636 1708 1805 1680 1668 1847 1717 1706 1698 1654 1661 1695 1713 1663 1651 1689 1669 1656 1647 1646 1696 1715 1705 1746 1707 1661 1703 1661 1794 1724 1764 1770 1687 1702 1649 1718 1685 1705 1711 1701 1688 1677 1665 1688 1746 1845 1812 1660 1663 1828 1787 1818 1842 1772 1709 1707 1702 1668 1718 1796 1691 1756 1845 1705 1673 1786 1823 1675 1816 1848 1734 1794 1828 1800 1689 1701 1732 1680 1685 1681 1732 1756 1844 1737 1808 1786 1837 1731 1765 1697 1687 1736 1825 1707 1783 1714 1732 1710 1808 1831 1809 1718 1777 1710 1746 1809 1713 1727 1739 1817 1811 1750 1754 1819 1729 1759 1755 1834 1723 1776 1848 1754 1741 1753 1812 1832 1759 1836 1775 1835 1726 1748 1761 1826 1836 1803 1738 1750 1744 1756 1789 1833 1770 1743 1751 1764 1745 1813 1808 1814 1768 1815 1807 1765 1790 1785 1791 1848 1822 1753 1763 1744 1809 1829 1825 1819 1833 1811 1786 1760 1788 1844 1826 1774 1764 1841 1820 1834 1778 1776 1767 1824 1831 1801 1781 1810 1807 1757 1838 1836 1773 1841 1821 1836 1790 1824 1773 1813 1850 1843 1769 1797 1789 1816 1849 1836 1840 1776 1843 1806 1819 1829 1821 1786 1815 1850 1792 1797 1833 1813 1785 1791 1787 1842 1795 1812 1793 1794 1843 1827 1850 1817 1837 1796 1784 1846 1797 1796 1839 1805 1839 1845 1832 1839 1818 1815 1818 1810 1839 1818 1809 1810 1823 1824 1842 1825 1812 1819 1829 1814 1837 1821 1838 1845 1834 1824 1849 1835 1844 1846 1842 1837 1848 1840 1841
</DataArray>
        <DataArray type="Float64" Name="center_distance" NumberOfComponents="1" format="ascii">
0.00159972572469 0.00159974402264 0.00159934304013 0.0015991807936 0.00159973134173 0.00159921429396 0.00159940285557 0.00159917445474 0.00159976363127 0.00159930241756 0.00159983394825 0.0015992900373 0.00159951783538 0.00159911556171 0.00159929967804 0.0015995783856 0.00159952116231 0.00159978308561 0.0015996433663 0.00159932230018 0.00159973880276 0.00159947535499 0.0015994491021 0.00159964297585 0.00159961739586 0.00159955970973 0.00159939550035 0.00159965496648 0.00159968851973 0.00159940763349 0.00159968157793 0.00159949988297 0.00159962691605 0.00159927610062 0.0015992015344 0.00159932480686 0.00159947799196 0.00159959646 0.00159992770334 0.0015995461611 0.0015994028309 0.00159938516355 0.00159975447441 0.0015995603424 0.00159965529968 0.00159885318492 0.00159958807799 0.00159896073604 0.0015995967494 0.00159919324552 0.00159937771684 0.00159953787507 0.00159951010182 0.00159975266275 0.00159974248434 0.00159955958448 0.00159864048022 0.00159963053028 0.00159972976243 0.00159971738271 0.00159951799287 0.00159974982324 0.00159977319624 0.0015996555905 0.00159990862736 0.00159976547096 0.00159966498874 0.00159950774493 0.00159972756409 0.00159966460275 0.00159933986809 0.00159928025367 0.0015997720357 0.00159954102652 0.00159992940344 0.00159994508035 0.00159995628645 0.00159962049443 0.00159938765537 0.00159945271321 0.0015993178536 0.00159943695151 0.00159976832133 0.00159981048488 0.00159962695518 0.00159958350267 0.00159943694938 0.00159997875382 0.00159940925371 0.00159956853704 0.00159978013588 0.00159945649848 0.00159935624191 0.00159958934459 0.00159951997544 0.00159949356656 0.00159998453873 0.00159942851676 0.00159955328149 0.0015994731487 0.0015988989077 0.00159924570932 0.00159924948222 0.00159915055071 0.00159965996249 0.0015998647208 0.00159960890719 0.00159962452831 0.00159950079553 0.00159959220847 0.00159912864997 0.00159995710725 0.00159950443827 0.00159948685953 0.00159963778506 0.0015996296991 0.00159950412997 0.00159941405491 0.00159967026368 0.00159947979608 0.00159966083723 0.00159959889311 0.00159971392803 0.00159935545518 0.00159965906753 0.00159956666578 0.00159944489972 0.00159925709096 0.00159945810316 0.00159962737863 0.00159949611361 0.00159998495807 0.00159926138008 0.00159966473811 0.00159930162363 0.00159928012134 0.00159950026899 0.00159953181502 0.00159969031208 0.00159958560285 0.00159957906383 0.00159986082938 0.00159907841824 0.00159966343271 0.00159985719999 0.00159970116413 0.0015998858085 0.00159952171521 0.0015997377631 0.00159950635263 0.00159934842528 0.00159939455732 0.00159943928852 0.00159927006548 0.00159991781265 0.0015998987393 0.00159988576276 0.00159995142618 0.00159968934789 0.00159992158542 0.00159999272644 0.00159970990345 0.00159990928249 0.00159978888994 0.00159974567103 0.00159973518261 0.00159992134229 0.00159955945128 0.00159932858493 0.00159962552728 0.00159963222473 0.00159950805167 0.00159980493336 0.00159945847789 0.00159955425926 0.00159957067312 0.00159904429451 0.00159944718193 0.00159922453202 0.00159992259034 0.00159937640266 0.00159949898701 0.00159951259693 0.00159972922396 0.00159973533547 0.00159930917584 0.00159987394943 0.00159986881814 0.00159985813789 0.00159984913827 0.00159976404747 0.00159995221886 0.00159951103116 0.00159977491345 0.00159952034991 0.00159950668021 0.00159940323256 0.00159993084398 0.00159923872058 0.00159986412537 0.00159972981602 0.00159972965933 0.00159936131108 0.00159961160905 0.00159952003961 0.00159967166109 0.00159973425688 0.00159967925408 0.00159958390107 0.00159985690781 0.00159976166424 0.00159933551264 0.0015995235658 0.00159974312894 0.00159956692752 0.00159970785067 0.00159942036187 0.00159969876349 0.00159988694309 0.00159943609218 0.00159966913044 0.00159984644086 0.00159995657783 0.00159980884627 0.00159989997959 0.00159988371533 0.00159988728393 0.00159955444518 0.00159972641848 0.00159897769606 0.00159935328187 0.00159906529014 0.00159973957167 0.00159984188428 0.0015997905404 0.00159964664053 0.00159965626585 0.0015995780084 0.00159962058221 0.00159977487651 0.00159988503705 0.00159983243519 0.0015999190063 0.00159980632549 0.00159986316285 0.0015997759721 0.0015992939102 0.00159976414205 0.00159958207285 0.00159954999389 0.00159945035831 0.0015997443481 0.00159922706573 0.00159958208399 0.00159968983164 0.00159959444152 0.00159958555749 0.00159930427077 0.00159951332276 0.00159964889904 0.00159975210344 0.00159969506722 0.00159954220545 0.00159925612987 0.0015994500258 0.00159993502579 0.0015996869404 0.00159978281136 0.00159992968282 0.0015995221637 0.0015998708194 0.00159999178716 0.00159998224512 0.00159922365566 0.00159900578878 0.00159954941683 0.00159937762147 0.00159917869954 0.00159932286591 0.00159937838342 0.00159964968047 0.00159968236203 0.00159992067922 0.00159923919998 0.00159955277144 0.00159954325726 0.00159927339606 0.00159978979402 0.0015997985101 0.00159929873145 0.00159989977292 0.00159955684358 0.00159938333675 0.00159986955118 0.00159943198877 0.00159954865796 0.00159976118184 0.00159977214892 0.00159973368053 0.00159977456805 0.00159983337787 0.00159935444437 0.00159917268477 0.00159910703208 0.00159991853797 0.0015996710923 0.0015998495519 0.00159955312104 0.00159927222464 0.00159928743932 0.0015994272823 0.00159966988354 0.0015994126811 0.00159938741957 0.00159966547704 0.00159952587698 0.00159953598094 0.00159911452748 0.00159930965557 0.00159946505724 0.00159948641131 0.00159972105452 0.00159990283671 0.00159981167478 0.00159934989555 0.00159930305842 0.00159951459589 0.00159934226367 0.00159937992164 0.00159954816198 0.0015995278139 0.00159992507348 0.00159956088859 0.00159979699342 0.00159882571409 0.0015989386937 0.00159951896366 0.00159938496428 0.00159928137553 0.00159985495804 0.00159986700604 0.00159997129439 0.00159904917177 0.00159940785129 0.00159927703493 0.00159921584044 0.00159906250477 0.00159942029089 0.00159988207687 0.00159940487371 0.0015994083786 0.00159939367234 0.00159987408477 0.00159955368509 0.00159897951273 0.00159956567699 0.00159950561991 0.00159922406365 0.00159964757357 0.00159969725482 0.00159967442787 0.00159965224257 0.00159938802541 0.00159934323283 0.00159942823706 0.00159937700768 0.00159926581173 0.00159936758815 0.00159993023923 0.00159955176136 0.00159965986397 0.00159939242836 0.00159964504291 0.00159949349994 0.00159966663264 0.00159975469337 0.00159937328504 0.00159952988482 0.0015996669536 0.00159979522207 0.00159919024474 0.00159929385033 0.00159956035572 0.00159971508618 0.0015993266931 0.00159937484446 0.00159925158115 0.00159977560824 0.00159993367219 0.00159990451628 0.00159988824437 0.00159960367555 0.00159977617444 0.00159901219164 0.00159886207368 0.00159943921188 0.00159929138374 0.00159997683909 0.00159925926954 0.00159939903615 0.00159948169009 0.00159948318658 0.00159980396695 0.00159973020111 0.00159966082465 0.00159914431711 0.00159993545333 0.0015998372439 0.00159989422146 0.00159991141157 0.00159983820453 0.00159968041189 0.00159948161921 0.00159997483448 0.00159896705988 0.00159919895006 0.00159895307521 0.00159932965049 0.00159968648272 0.00159934873436 0.00159956089722 0.00159946039413 0.00159975627861 0.00159929772161 0.00159934221825 0.00159987726789 0.00159986771244 0.00159939140746 0.00159967235747 0.00159963906682 0.00159975002902 0.00159940549882 0.00159960874161 0.00159944274974 0.00159897829575 0.00159974008026 0.00159959362066 0.00159953014901 0.00159914549092 0.00159964060985 0.00159942411117 0.00159914224782 0.00159975848812 0.00159940431229 0.00159957757938 0.00159965237859 0.00159970159859 0.00159950003221 0.00159959747429 0.00159924709722 0.0015997279093 0.00159988382814 0.00159939028873 0.0015991865705 0.00159931632319 0.00159987883803 0.00159932760526 0.00159897401481 0.00159993471885 0.00159947757234 0.00159992456544 0.00159913614115 0.00159962221751 0.00159939682851 0.00159968370845 0.00159969852909 0.00159975811653 0.00159940273661 0.00159989114493 0.00159972961145 0.00159977190558 0.0015995044066 0.00159970441298 0.00159988414841 0.00159896406096 0.0015999102516 0.00159938992028 0.00159897934934 0.00159994433593 0.00159925171386 0.00159952680882 0.00159944264784 0.00159925242968 0.00159899598972 0.00159938531902 0.00159962202636 0.00159881740647 0.00159969056455 0.00159933046499 0.00159995569134 0.00159953138498 0.0015997753892 0.00159996681783 0.00159987546599 0.00159969969564 0.00159984043322 0.00159981096479 0.00159963375765 0.0015996361769 0.00159952300865 0.00159926193924 0.00159979591721 0.00159929931921 0.0015999784825 0.0015997808162 0.00159980457946 0.00159902820719 0.001599203323 0.00159976159405 0.00159939678341 0.00159959561685 0.00159993459981 0.00159986608099 0.00159958324138 0.00159939866382 0.00159948885864 0.00159928911755 0.0015998012983 0.0015990429367 0.00159920842591 0.00159920128562 0.00159932788201 0.00159994254524 0.00159994797677 0.00159915813018 0.00159893729589 0.00159898312368 0.00159989538354 0.00159978327886 0.00159959656886 0.0015996269965 0.00159978155725 0.00159941272333 0.00159950007182 0.00159968555967 0.00159964035705 0.00159935314933 0.00159981331509 0.00159947733804 0.00159946445834 0.00159970294237 0.0015999717333 0.00159940694636 0.00159989395053 0.00159980570671 0.00159962987306 0.00159961519197 0.00159930534144 0.00159977065603 0.00159903340506 0.00159922399532 0.00159907344502 0.00159899323561 0.00159917743376 0.00159921456254 0.00159959180372 0.00159936678858 0.00159984276093 0.00159961856173 0.00159882038624 0.00159926178716 0.00159890635997 0.00159899205986 0.00159915371713 0.00159967557977 0.00159972725927 0.00159895295434 0.00159951678164 0.00159950582459 0.00159959528441 0.00159930410634 0.00159925375366 0.00159919113249 0.00159997148759 0.00159949640775 0.00159943741307 0.00159936099757 0.0015993762634 0.00159953081854 0.0015995453053 0.00159965185027 0.00159976573348 0.00159967718225 0.00159907299357 0.00159889011802 0.00159913161266 0.00159983504636 0.00159976469174 0.0015995452008 0.00159994781509 0.00159949390407 0.00159982820829 0.00159994133592 0.00159936855346 0.00159954733129 0.0015994187 0.00159969374068 0.00159984079409 0.00159949114668 0.00159951207777 0.00159919626785 0.00159958137731 0.00159921973158 0.0015993173358 0.00159946066882 0.00159968015285 0.0015992824515 0.00159931615019 0.00159980815846 0.00159904710377 0.00159935122149 0.00159927959471 0.00159937723818 0.00159970553247 0.00159949432811 0.00159927405394 0.0015990961162 0.00159963635178 0.00159995300645 0.00159915474718 0.00159937134052 0.0015996417649 0.00159974622197 0.00159906075144 0.00159922528702 0.00159943829678 0.00159925328672 0.00159922899941 0.00159938615525 0.00159914065229 0.00159955487966 0.00159922526483 0.00159992074233 0.00159980497379 0.00159993916326 0.00159939833674 0.00159887201629 0.00159939407912 0.00159993386111 0.0015989280919 0.00159958012473 0.0015993381166 0.00159967242082 0.00159943274945 0.00159964995823 0.00159964790404 0.0015997026413 0.00159986877528 0.00159991368567 0.00159964423922 0.00159967893445 0.00159968369414 0.00159952210348 0.00159957076048 0.00159945539077 0.00159965844342 0.00159950843592 0.00159937401035 0.00159927960881 0.00159957155018 0.00159959618287 0.00159928285552 0.00159968329396 0.00159987079658 0.00159925694539 0.0015994170425 0.00159964319588 0.00159993349203 0.00159993831729 0.00159998028112 0.00159952280447 0.00159956471535 0.00159975854769 0.00159964643941 0.00159980420495 0.00159980828 0.00159978719661 0.00159994725603 0.00159979567856 0.00159975412187 0.00159977023252 0.00159976122034 0.00159949352056 0.00159946001834 0.00159945067844 0.00159980135258 0.00159960894329 0.00159973766685 0.0015999479884 0.00159992632909 0.00159977313291 0.00159946861018 0.00159969937534 0.0015999483508 0.00159993481953 0.00159993143213 0.00159985042949 0.00159989160056 0.00159891475111 0.00159959768915 0.0015991127214 0.0015991619649 0.00159987442444 0.00159982328096 0.00159976787595 0.0015998137884 0.00159992444613 0.00159981506159 0.00159977298129 0.00159985772987 0.0015994709857 0.00159930712593 0.0015993344031 0.00159871124166 0.00159979288601 0.00159880105219 0.0015994920689 0.00159901258997 0.00159956725103 0.00159933572197 0.00159944611864 0.00159944532081 0.00159925173346 0.00159952392542 0.00159940389636 0.00159958868434 0.00159944667281 0.00159973944664 0.00159983048249 0.00159909149199 0.00159988798279 0.00159912131326 0.00159902812182 0.00159969555793 0.00159987054165 0.00159988438441 0.00159966855184 0.00159992485765 0.00159941286485 0.00159937407958 0.00159945139476 0.00159945066237 0.0015998895182 0.00159996253535 0.00159990357927 0.00159994814053 0.00159963476259 0.00159983592422 0.00159984268319 0.00159988817853 0.00159969712473 0.00159975123908 0.00159976126423 0.00159940919905 0.0015998609863 0.00159901548871 0.00159941476501 0.00159965553817 0.00159930491022 0.00159987311253 0.00159983945346 0.00159943931242 0.00159947434784 0.00159958742789 0.00159957349806 0.00159960216098 0.0015995056995 0.00159960698789 0.00159960580749 0.00159947895987 0.00159945955993 0.00159973286978 0.00159956869654 0.00159944747751 0.00159979513616 0.001599557931 0.00159951985077 0.00159955844092 0.00159897028803 0.00159962943799 0.00159875453657 0.00159990561316 0.00159997579959 0.00159930042061 0.00159952955701 0.00159970436134 0.00159951692489 0.00159994317255 0.00159953852783 0.00159953662845 0.00159950692414 0.00159979198871 0.00159943666732 0.00159915880597 0.00159939860455 0.00159958648603 0.00159968352434 0.00159937519146 0.00159968278268 0.00159971622375 0.00159974147418 0.001599669447 0.00159896046426 0.00159954597139 0.00159943164307 0.00159920295671 0.00159977513613 0.00159908378417 0.00159928339027 0.00159905593965 0.00159974972999 0.00159981567064 0.00159937427912 0.00159986603077 0.00159988316635 0.00159943055111 0.00159929702879 0.00159959794889 0.00159979023102 0.00159916140213 0.00159965695372 0.00159911087379 0.0015994955764 0.00159948896798 0.00159955528031 0.00159940556995 0.00159984357411 0.00159935412417 0.00159908970065 0.00159913292027 0.0015995084242 0.00159928490588 0.00159980343731 0.00159971597146 0.00159934184396 0.00159986999176 0.00159925331261 0.00159981903351 0.00159972031587 0.00159953805078 0.00159936427497 0.00159922621871 0.00159979150735 0.00159995647284 0.00159997396676 0.00159957593792 0.00159996135682 0.0015995371406 0.00159998877243 0.00159936850148 0.00159981747891 0.00159975591769 0.00159973092149 0.00159906357058 0.00159968167211 0.00159968821246 0.0015991177655 0.00159900907326 0.00159953110138 0.00159991433696 0.00159956388353 0.00159968777102 0.00159981244497 0.00159913015559 0.00159923747688 0.00159994609689 0.00159995870089 0.00159959826231 0.0015996603405 0.00159989066639 0.00159986012002 0.00159985884023 0.00159943262226 0.00159964709523 0.00159926828366 0.00159988818914 0.00159946084456 0.00159947967742 0.00159988212469 0.0015994476037 0.00159987475548 0.00159953449181 0.00159971964748 0.00159928898539 0.00159963950341 0.00159943229767 0.00159917258765 0.00159927185948 0.00159955508427 0.00159955392201 0.00159915020032 0.00159987261238 0.00159941519774 0.00159938981362 0.00159961149437 0.00159967362238 0.00159962506177 0.0015990613575 0.0015992426609 0.00159918270698 0.00159963964676 0.00159947656186 0.00159958169512 0.00159960064119 0.00159941713404 0.00159984486422 0.00159882148314 0.00159921027028 0.0015996224251 0.00159911185518 0.00159932508761 0.00159928041242 0.00159972482165 0.00159933689672 0.0015997435801 0.00159984656467 0.00159932794828 0.00159943982639 0.00159892320507 0.00159993263041 0.00159951518484 0.00159995720642 0.00159968439638 0.0015994831651 0.00159935089384 0.0015997287736 0.00159966975455 0.00159933401928 0.00159926511055 0.00159988521063 0.0015996097002 0.00159997708119 0.00159951064291 0.00159963414038 0.00159992961861 0.00159993642604 0.00159930758951 0.00159958289044 0.00159931234619 0.00159997877417 0.00159973662823 0.00159934284782 0.00159979856546 0.00159995709077 0.00159930844001 0.00159942327701 0.00159961788001 0.00159948100627 0.00159968173318 0.00159948275576 0.00159954821698 0.00159972479404 0.00159960774146 0.00159981572301 0.00159908734911 0.00159930533844 0.00159940205358 0.00159913041953 0.00159944569139 0.00159966878041 0.00159981056936 0.00159962135737 0.00159995865122 0.00159941111224 0.00159935876841 0.00159937983594 0.0015997711332 0.00159955645058 0.00159917684697 0.00159900105936 0.00159989823331 0.0015989998499 0.0015991788701 0.00159927133376 0.0015998306915 0.00159944986972 0.00159929212589 0.00159946830894 0.00159924101162 0.00159966628356 0.001599852372 0.00159992590037 0.00159977143568 0.00159960273401 0.00159921933959 0.00159946976426 0.00159943234494 0.00159992617526 0.00159992200191 0.00159914379171 0.00159893458329 0.00159949410156 0.00159899036677 0.0015993397529 0.00159932183364 0.00159985445565 0.00159928851839 0.00159957999038 0.00159937630008 0.00159937146159 0.00159938856084 0.0015990296861 0.00159921986264 0.00159955561214 0.00159971098432 0.00159974463906 0.00159977084082 0.0015996623661 0.00159936714933 0.00159942243754 0.00159973886733 0.00159988830228 0.00159938362237 0.00159946659734 0.00159893690893 0.00159925974457 0.00159972008446 0.00159963439284 0.00159966636598 0.00159932144041 0.00159976116272 0.00159978511651 0.00159965648943 0.00159975304644 0.00159962114671 0.00159887516787 0.00159974354626 0.00159927812276 0.0015996682035 0.00159944538357 0.00159889396988 0.00159899507346 0.00159979282075 0.00159919986866 0.0015996395597 0.00159952990975 0.00159955461451 0.0015991151827 0.00159963923892 0.0015996764919 0.00159940965143 0.00159932800621 0.00159859025493 0.00159904811893 0.00159953539547 0.00159960369006 0.00159967470549 0.00159952607754 0.00159961840356 0.00159917165532 0.00159938003473 0.00159962068558 0.00159952231194 0.00159986257624 0.00159964979281 0.00159921719674 0.00159936955651 0.00159969178051 0.00159920943579 0.00159904759681 0.00159987644471 0.00159924117682 0.00159930944949 0.00159910406359 0.00159959028021 0.00159927888386 0.00159959123204 0.00159972100909 0.00159922936747 0.0015997579324 0.00159970867659 0.00159976246523 0.00159962477716 0.00159895143415 0.0015995195367 0.0015991501909 0.00159914815586 0.00159976421767 0.00159906402457 0.00159958196035 0.00159963954122 0.00159955623758 0.0015995829421 0.00159969440042 0.00159913086146 0.00159953617022 0.00159968273208 0.00159954289023 0.00159904779064 0.00159966943103 0.00159963462111 0.00159971075142 0.00159970168518 0.00159979832942 0.00159927515825 0.00159940727678 0.00159955575161 0.00159939176381 0.00159937725253 0.00159947574145 0.00159954268913 0.00159911808016 0.00159950058462 0.00159967740337 0.00159980420663 0.00159954097376 0.00159933080902 0.00159944020436 0.00159953141888 0.00159945109454 0.00159936845454 0.00159994751164 0.00159992605956 0.00159996913326 0.00159975196155 0.00159958643834 0.0015998670889 0.00159937772256 0.00159948940826 0.00159946637351 0.00159995013195 0.00159968828367 0.00159961781978 0.00159971135108 0.0015992049258 0.00159979168049 0.00159928975505 0.0015998048768 0.00159958510767 0.00159991060869 0.00159990653986 0.00159992639827 0.00159966778744 0.00159935935598 0.00159943674791 0.00159931036525 0.00159952936039 0.00159968403157 0.00159956593283 0.0015997551449 0.00159979986252 0.0015995207834 0.00159946595649 0.0015996148155 0.00159975229152 0.00159929104037 0.00159929429866 0.00159967298589 0.00159969775006 0.00159927754954 0.00159991044242 0.00159956337842 0.00159914762412 0.00159924855938 0.00159933572055 0.00159932969567 0.0015991158637 0.0015993087561 0.00159992311153 0.00159950949513 0.00159890619357 0.0015991045565 0.00159942509024 0.00159913076538 0.00159970988512 0.00159983360512 0.00159989240848 0.00159955099993 0.00159913691808 0.00159977147957 0.00159923012709 0.00159998651986 0.00159956729288 0.00159915310869 0.00159924957976 0.00159989674593 0.00159908263355 0.00159957461846 0.00159912834032 0.00159899478226 0.001599622472 0.00159940636517 0.0015996391783 0.00159959207208 0.00159981206354 0.0015995272599 0.00159944964586 0.0015992438662 0.00159916215459 0.00159938949999 0.00159937637774 0.00159972926197 0.00159995325379 0.00159983188748 0.00159982219121 0.00159972413077 0.00159968652233 0.00159967313819 0.00159984844729 0.00159959411414 0.00159968269985 0.0015995076791 0.00159960266725 0.00159992510534 0.00159986368223 0.0015995465208 0.00159994102779 0.00159995963958 0.00159983525056 0.00159985155243 0.00159985709952 0.00159998134972 0.00159985594502 0.00159984261924 0.00159988520955 0.00159982538058 0.00159954834673 0.00159975927378 0.00159993694354 0.00159969332923 0.00159964509019 0.00159909815629 0.00159962538221 0.00159963068355 0.00159962285216 0.00159956510596 0.0015994169293 0.00159957177588 0.0015994798602 0.001599520352 0.00159940256353 0.00159897052323 0.00159937364434 0.00159888536006 0.00159960399045 0.00159969287883 0.00159968619166 0.00159965171534 0.00159936650561 0.00159951401118 0.0015995859724 0.00159966059243 0.00159938781938 0.00159950000186 0.00159986327167 0.00159986767472 0.00159973807217 0.00159976241193 0.00159976740495 0.00159978401899 0.00159912668199 0.00159944511001 0.00159987949592 0.00159979778655 0.00159902713856 0.00159944951103 0.00159937065954 0.00159976971526 0.0015998898419 0.00159998673805 0.00159938385204 0.00159993990182 0.00159994673867 0.00159997711667 0.00159997269199 0.00159982309509 0.00159985288908 0.00159993403923 0.00159988896708 0.00159990248258 0.00159984982548 0.00159993008886 0.001599930287 0.00159907336089 0.00159908774939 0.00159997308211 0.00159963845418 0.00159975282213 0.00159925154542 0.00159983174534 0.00159929553001 0.00159932603113 0.00159972301399 0.00159995641699 0.00159988711839 0.00159905869397 0.00159970558269 0.0015999675685 0.00159979762806 0.00159997391115 0.00159977599493 0.00159944149505 0.00159981931349 0.00159943353989 0.00159989965261 0.00159984472566 0.00159982581074 0.00159989309703 0.00159955816509 0.00159912290668 0.00159984206441 0.00159887161362 0.00159910415651 0.00159919997835 0.00159934955643 0.0015994273068 0.00159955364591 0.00159937054466 0.00159988467509 0.00159987653194 0.00159995277145 0.00159898585545 0.00159957815389 0.00159973856898 0.00159954554785 0.00159966044797 0.0015998115495 0.00159960805217 0.00159940261226 0.00159947299968 0.00159965116896 0.00159924046816 0.00159953942602 0.00159987801842 0.00159903770207 0.00159905118606 0.00159942997529 0.00159967721693 0.00159917363199 0.00159959136873 0.00159921499453 0.00159906205938 0.00159962666743 0.00159973593807 0.00159967901862 0.00159970538121 0.00159926879559 0.00159966672509 0.0015994911134 0.00159982961949 0.00159975893643 0.00159948446857 0.0015995810807 0.00159963917771 0.00159954949382 0.00159948971032 0.00159961251287 0.00159997473109 0.00159941435152 0.0015999113629 0.00159955379612 0.0015995814869 0.00159979916492 0.00159914352993 0.00159953647538 0.00159943111284 0.00159892565971 0.00159963820858 0.00159963705903 0.00159960331722 0.00159981069665 0.00159958974347 0.0015997773828 0.00159905452961 0.00159909355491 0.00159912980679 0.00159948799125 0.00159995817014 0.00159944339249 0.00159939899372 0.00159930744728 0.00159946410203 0.00159985437795 0.00159912975943 0.00159918206493 0.00159937836004 0.00159962913133 0.00159938273357 0.00159987043782 0.00159946271507 0.00159992489029 0.00159948601358 0.00159996733349 0.00159909423478 0.00159971247375 0.00159963523458 0.00159908440426 0.001599623986 0.00159893741483 0.00159990933455 0.00159920539327 0.00159991690354 0.00159994462993 0.00159925190272 0.00159997531102 0.00159938250873 0.00159963377334 0.00159988399456 0.00159940861695 0.00159960772281 0.00159984961573 0.00159964039952 0.00159957695845 0.00159979329968 0.00159957556971 0.00159959057685 0.00159908542396 0.00159902074318 0.00159954853119 0.00159892734261 0.00159935705987 0.00159947854872 0.00159996419397 0.00159932227435 0.00159935797165 0.00159939956756 0.00159951962399 0.00159991890425 0.00159954814274 0.0015998576321 0.00159996090459 0.00159973981365 0.00159964034968 0.00159982443279 0.0015994786634 0.00159959937321 0.00159954984961 0.00159935683638 0.00159957623316 0.00159956887771 0.00159904694418 0.00159991103615 0.00159977503491 0.00159963046995 0.00159965418403 0.00159954503968 0.00159981732527 0.00159999913057 0.00159929835917 0.00159933710187 0.00159927859597 0.00159936857489 0.00159970959174 0.00159934909655 0.00159990615664 0.00159949273977 0.00159951548784 0.00159973636147 0.00159991513766 0.00159995288515 0.0015994812327 0.00159934735756 0.00159937078977 0.00159921957064 0.00159877019521 0.0015991877362 0.00159933712259 0.00159913950888 0.00159987104289 0.00159977452488 0.00159989946681 0.00159987495092 0.00159996367128 0.00159994067726 0.00159984949933 0.00159984371165 0.00159931876339 0.00159927647024 0.0015998151618 0.00159967640113 0.00159965998752 0.00159968035986 0.00159899038534 0.00159905069656 0.00159966928889 0.00159955502866 0.00159967508204 0.00159902418299 0.00159952551109 0.00159996930409 0.0015997711519 0.0015994832924 0.00159953088128 0.00159918941395 0.00159980390634 0.00159958942235 0.00159973245041 0.00159946352533 0.00159957519334 0.00159954551637 0.00159958838405 0.00159946350222 0.00159943137381 0.00159987934313 0.00159979899896 0.00159937945423 0.00159922572867 0.00159977258238 0.00159951991634 0.00159974678893 0.00159976788891 0.001599764063 0.00159880095186 0.00159920846097 0.00159993813794 0.00159921459006 0.00159955458246 0.00159995941705 0.00159929950309 0.00159955880141 0.00159934112192 0.00159935312475 0.00159962811821 0.00159951934887 0.00159920999145 0.00159928957398 0.00159959487994 0.00159899012519 0.00159922489461 0.00159988507149 0.00159965940346 0.00159962237907 0.00159970179013 0.00159976739725 0.00159967460612 0.00159994722142 0.00159960401798 0.00159909877246 0.0015994118721 0.00159966940768 0.00159971644029 0.00159992927311 0.00159993440232 0.0015995362555 0.00159957876692 0.00159983243139 0.00159928504948 0.00159938503689 0.00159928060974 0.00159948961887 0.00159966233128 0.00159953832966 0.00159920547386 0.0015995285524 0.0015996166986 0.00159978057411 0.00159958170695 0.00159992576659 0.00159943132262 0.00159945763907 0.00159952734207 0.00159918607215 0.00159910912979 0.00159924143998 0.00159965027212 0.00159966759518 0.00159961420517 0.0015999383836 0.00159990393789 0.00159990227807 0.00159942862145 0.00159909519609 0.00159959107595 0.00159989297585 0.00159927638984 0.00159955398261 0.00159962939281 0.00159936582546 0.00159955624081 0.00159930757034 0.00159903843298 0.00159992270028 0.00159931767516 0.00159909843908 0.00159979270251 0.00159996632813 0.0015997023949 0.00159930992686 0.00159924884457 0.0015997265514 0.00159958681435 0.00159988870815 0.00159945506113 0.00159924411908 0.0015999242275 0.00159926129795 0.00159923341893 0.00159963428732 0.00159985876145 0.00159955069764 0.00159961943554 0.00159949640714 0.00159954793575 0.00159929495771 0.00159946004899 0.00159963084237 0.00159941849843 0.0015995769479 0.00159916486752 0.0015994287318 0.00159995582121 0.00159970810565 0.00159949460058 0.00159951331842 0.00159990886895 0.00159950489545 0.00159982971937 0.00159981886575 0.0015998776191 0.00159976527581 0.00159987930428 0.00159972442012 0.00159973632797 0.00159934706025 0.0015994654975 0.00159983021494 0.00159955201519 0.00159995689171 0.00159932772572 0.00159997712196 0.00159968484934 0.00159926873302 0.00159939049505 0.00159978009678 0.00159987623003 0.00159954329108 0.00159955594122 0.00159944450668 0.00159975757027 0.00159947921932 0.00159901136819 0.00159980199384 0.00159921217109 0.00159972480963 0.00159975685108 0.00159973847608 0.00159995809746 0.00159996196316 0.00159993626045 0.00159902681032 0.00159903694609 0.00159918465955 0.00159932116674 0.00159924862269 0.00159945787157 0.00159971917212 0.0015999616233 0.00159969451739 0.00159943297263 0.00159950157931 0.00159969698552 0.0015995278861 0.00159961647131 0.00159981321596 0.00159961398355 0.00159952314198 0.00159989234895 0.00159936461978 0.00159940617439 0.00159970988296 0.00159950838407 0.00159964319136 0.0015995452293 0.00159946762364 0.00159946489551 0.00159989449202 0.00159942535825 0.00159973061776 0.00159954392162 0.00159937856524 0.00159946398124 0.0015998173315 0.00159987211214 0.0015999077925 0.0015999649937 0.0015996354149 0.00159961525233 0.00159984259872 0.0015998412666 0.00159993036006 0.00159948618071 0.00159932952652 0.00159956554115 0.0015998424632 0.00159988531185 0.00159995056068 0.0015999482435 0.00159990108563 0.00159991155823 0.00159956093472 0.00159940665514 0.00159930732166 0.0015997363627 0.00159952292885 0.00159983725692 0.00159966292832 0.00159944877542 0.00159921547678 0.00159993357919 0.00159972020101 0.00159931802837 0.00159930368156 0.00159968238468 0.00159970759698 0.00159986275367 0.00159979698703 0.00159953952388 0.0015994744645 0.0015995377464 0.0015999342457 0.00159932311361 0.00159979072925 0.00159968564134 0.001599585601 0.00159978603576 0.00159991408714 0.00159915947541 0.00159920989586 0.00159993782539 0.00159979019187 0.00159955814645 0.00159963473938 0.00159976811607 0.00159948888895 0.00159989120589 0.00159986449454 0.00159922748576 0.00159959274017 0.0015996415404 0.00159994598387 0.00159982293639 0.0015999851052 0.00159970802522 0.00159981990319 0.00159969746671 0.00159969794122 0.00159980146167 0.00159939184751 0.00159962375731 0.00159945519551 0.00159900366079 0.00159926865307 0.00159927559441 0.00159920825391 0.00159986283702 0.00159958236179 0.00159909531515 0.00159937286208 0.00159968253498 0.00159967570826 0.00159988251491 0.00159994300972 0.00159931605474 0.00159969235986 0.00159923864701 0.00159978910644 0.00159994044929 0.00159996363285 0.0015998580853 0.00159981723191 0.00159979436443 0.00159992055781 0.0015998172595 0.00159990754887 0.00159960572356 0.00159995726287 0.00159947965251 0.00159967788736 0.00159977072294 0.0015996426532 0.00159990770989 0.0015999788843 0.00159996834408 0.00159996220376 0.00159977794962 0.00159971452954 0.00159941307545 0.00159931261213 0.00159931527609 0.00159941362693 0.00159974129445 0.00159931594225 0.00159957192133 0.00159945398068 0.00159952482696 0.00159980425965 0.00159955220661 0.00159936586904 0.0015992646367 0.00159955225234 0.00159934573801 0.00159941865185 0.00159922000006 0.00159987081261 0.00159925254605 0.00159922333184 0.00159927407527 0.00159951641455 0.0015998369966 0.00159963731565 0.00159990857408 0.00159928080123 0.00159929620977 0.00159988706073 0.00159966492779 0.00159921660123 0.00159948696154 0.00159922509742 0.00159990513638 0.00159927262733 0.00159929341309 0.00159927068553 0.00159941754468 0.00159892993058 0.00159912644051 0.00159954272569 0.00159962739357 0.00159953890559 0.00159938536542 0.00159974875494 0.00159940890479 0.00159936482747 0.00159990514197 0.00159990161309 0.00159959391358 0.00159953360652 0.00159974404564 0.0015997516228 0.00159957840611 0.00159946260608 0.00159996878807 0.00159990036769 0.00159949253624 0.00159918415313 0.00159995678518 0.00159990377867 0.00159897645239 0.00159978639559 0.00159977187757 0.00159958985843 0.00159958232778 0.00159962368385 0.00159974716047 0.00159993183039 0.00159979533365 0.0015993179436 0.00159998762552 0.00159968499706 0.0015995021812 0.001599717277 0.0015994450887 0.00159991963384 0.00159936354946 0.00159979052795 0.001599398786 0.00159989494243 0.00159909123888 0.0015998699295 0.00159974692869 0.00159949707876 0.00159928498658 0.00159961354672 0.00159915449763 0.00159958694392 0.00159955994044 0.00159947559435 0.00159901538723 0.00159899636346 0.001599751281 0.00159992885817 0.00159928510133 0.00159969709255 0.00159961708168 0.00159995531197 0.00159918064774 0.00159916269754 0.00159949530312 0.0015987970408 0.00159977394568 0.00159949934834 0.0015993707377 0.00159996127138 0.00159992286811 0.00159961307188 0.00159942909649 0.00159953654045 0.00159956578372 0.00159976962889 0.00159994137954 0.00159951142483 0.00159957427171 0.0015999278083 0.00159981698646 0.0015998001852 0.00159926031562 0.00159947085677 0.00159924769603 0.00159974898186 0.00159934541501 0.00159906001043 0.00159909205467 0.00159987822975 0.00159984508391 0.00159990460085 0.00159936268793 0.001599446493 0.00159930773163 0.00159963892718 0.00159966020942 0.00159991875143 0.00159987137187 0.00159997580769 0.00159953700376 0.00159939503544 0.00159929473657 0.00159951075099 0.00159988224667 0.00159931613514 0.00159946331613 0.00159951650694 0.0015996043369 0.00159946720497 0.00159963451329 0.0015997562365 0.0015997912729 0.00159913952636 0.00159909208328 0.0015998907048 0.00159952408252 0.00159963369803 0.00159973701821 0.0015998712575 0.00159988129722 0.00159996524082 0.00159988457341 0.0015994728694 0.00159963873507 0.00159978622042 0.00159934242164 0.00159973718969 0.00159945566322 0.00159959896128 0.00159953186086 0.00159989170678 0.00159984280615 0.00159961834819 0.00159936172433 0.00159975881123 0.00159971145512 0.00159918832668 0.0015995893185 0.00159990108406 0.00159924706557 0.0015992233263 0.00159937988108 0.00159986381554 0.00159989895359 0.00159960977427 0.00159994358688 0.00159963211273 0.00159935086875 0.00159925361085 0.00159967752055 0.00159950038806 0.00159948714325 0.00159956197596 0.00159903650926 0.00159899845091 0.00159974866339 0.00159928627898 0.00159987789266 0.00159990187201 0.00159974917215 0.00159920792438 0.00159940563563 0.00159911598091 0.00159947095513 0.00159963735226 0.00159969501912 0.00159953821689 0.00159984977851 0.00159942360561 0.00159952569252 0.00159960300701 0.0015997135687 0.00159970189567 0.00159962562547 0.00159925609691 0.00159950489589 0.00159953100123 0.0015993668477 0.00159979416786 0.00159927272415 0.00159992612281 0.00159950166447 0.00159982822456 0.00159939928169 0.00159942326529 0.00159995471195 0.00159957334392 0.00159917761467 0.0015996033245 0.00159996879766 0.00159977449051 0.00159968300527 0.00159976610776 0.00159982588137 0.00159940996662 0.00159989817899 0.00159934403077 0.00159908347447 0.00159905789687 0.00159907896733 0.0015995036411 0.00159912397512 0.00159964341542 0.00159950996132 0.00159978733633 0.0015992933339 0.00159917728159 0.00159982263692 0.00159968111285 0.0015997013375 0.00159988114312 0.00159994821238 0.00159992330995 0.0015991211937 0.00159972823964 0.00159942957417 0.00159921323275 0.00159991401084 0.00159946326839 0.00159938305482 0.00159934174072 0.00159942047555 0.00159991260208 0.00159991366847 0.00159995604833 0.00159989755637 0.00159964539243 0.00159954323628 0.00159987755053 0.00159928750324 0.00159965753512 0.00159927276605 0.00159979963544 0.00159897384743 0.00159972147641 0.00159957274459 0.00159947761067 0.00159971608166 0.00159965386801 0.00159973861971 0.00159953698619 0.0015994842819 0.00159921324695 0.00159975585881 0.00159975428112 0.0015992431883 0.00159908331011 0.00159926716739 0.00159950476219 0.0015995574963 0.00159909680047 0.00159915949709 0.00159946982701 0.00159964033683 0.00159936663381 0.00159968145846 0.00159982828313 0.00159994261868 0.0015997703556 0.00159954903895 0.00159989639351 0.0015993936395 0.00159962723354 0.00159905293053 0.00159886267026 0.00159985425439 0.00159964838965 0.00159978563501 0.0015998103753 0.00159899734792 0.00159923659503 0.00159959961169 0.00159966865314 0.00159952088378 0.00159990713315 0.00159995378987 0.00159991143957 0.0015999495513 0.00159993239414 0.00159964028089 0.00159956956455 0.00159956127348 0.00159947217823 0.00159984252556 0.00159984504572 0.00159937095988 0.00159967020663 0.00159911388859 0.00159926835217 0.00159918170222 0.00159890737054 0.00159920638775 0.00159917573079 0.0015999295789 0.00159965863763 0.00159979751433 0.00159947736952 0.00159970874395 0.00159906049209 0.00159920891463 0.0015994615972 0.00159942538846 0.00159934976023 0.00159961922878 0.00159978952142 0.00159938296239 0.00159936061428 0.00159944956579 0.00159926069105 0.00159981115385 0.00159940927158 0.00159957900462 0.00159952609448 0.0015998732602 0.0015993514987 0.00159954640058 0.0015995863698 0.00159974549062 0.00159940588601 0.00159969953769 0.00159967772292 0.00159930007336 0.00159992304971 0.001599940311 0.00159995223775 0.00159940915009 0.00159936543446 0.00159948029112 0.0015996470245 0.00159968854927 0.00159958509483 0.00159985658523 0.0015997811821 0.00159962284672 0.0015995970564 0.00159974648212 0.00159982546224 0.00159991837724 0.0015995804744 0.00159995677937 0.00159994614311 0.00159982532851 0.00159964175223 0.00159964978937 0.00159980228829 0.00159970584094 0.00159993193792 0.00159988413448 0.00159991989061 0.00159947437922 0.00159989157891 0.0015997875864 0.00159983915304 0.00159995759628 0.00159985764413 0.00159975862278 0.00159957231288 0.00159984017502 0.00159949282944 0.0015993123793 0.00159929371423 0.00159944833278 0.00159910124607 0.00159990619045 0.00159959890448 0.00159950765366 0.00159950419454 0.00159996700131 0.00159960401401 0.00159967260064 0.00159953631568 0.00159936908051 0.00159904298412 0.00159973086711 0.00159902781154 0.00159992767641 0.00159972623059 0.00159955544863 0.00159971435012 0.00159914624437 0.00159924059788 0.00159973600159 0.00159948448472 0.00159953700916 0.00159995793563 0.0015994707899 0.00159970040621 0.00159994151726 0.00159970705891 0.00159951800569 0.00159982494775 0.001599893843 0.00159990944345 0.00159988272043 0.00159942846275 0.00159895331536 0.00159991876424 0.00159938120992 0.00159903284394 0.00159935266339 0.00159935199451 0.00159980433693 0.00159928047315 0.00159944573774 0.00159933550973 0.00159961501186 0.00159963211735 0.00159996079809 0.0015998169385 0.00159947999361 0.0015999572894 0.00159923280699 0.00159972401611 0.0015996120236 0.00159971092042 0.00159968553336 0.00159996045124 0.00159972325956 0.0015996107139 0.00159920422337 0.00159951562201 0.00159990318285 0.00159951754725 0.00159963518803 0.00159980448071 0.00159971949841 0.00159973229072 0.00159920816777 0.00159920023206 0.00159937453221 0.00159984842789 0.00159992449553 0.00159993354208 0.00159975536214 0.00159970740996 0.00159984622264 0.00159964681973 0.00159963999682 0.0015996222119 0.00159978872243 0.00159981444349 0.00159981336922 0.00159955099817 0.00159979070007 0.00159955463747 0.00159965304794 0.00159955005417 0.00159977392061 0.00159968690873 0.00159987534226 0.00159990994669 0.00159948182652 0.00159939783007 0.00159985347366 0.00159944207709 0.00159936083815 0.00159964488215 0.00159937727235 0.00159975754727 0.00159971091414 0.00159980239175 0.00159989954581 0.00159987310517 0.00159978368089 0.00159992426367 0.00159998940831 0.00159911109914 0.00159976292376 0.00159965004664 0.00159965359042 0.00159922380184 0.00159974481397 0.00159993212193 0.00159960708456 0.00159936572808 0.00159992932451 0.00159955248462 0.0015990984571 0.0015989882526 0.00159950659849 0.00159962878513 0.00159919337767 0.00159982032805 0.00159949439656 0.00159995363981 0.00159988827096 0.0015997127917 0.00159994860355 0.00159996956294 0.00159993517787 0.00159940439982 0.00159935348119 0.00159934171011 0.00159989279546 0.00159958882535 0.0015998652085 0.00159992495978 0.00159979733388 0.00159993103446 0.00159989173454 0.00159993455981 0.00159936021274 0.00159957459657 0.00159953138314 0.00159952754534 0.00159955184002 0.00159989834918 0.00159981437575 0.00159982927015 0.00159935087285 0.00159986922208 0.00159992066421 0.00159991311142 0.00159975609204 0.00159950975697 0.00159997325402 0.00159926547775 0.00159950465942 0.00159952033224 0.00159998305852 0.00159994949139 0.00159992718104 0.00159989669808 0.00159989984735 0.00159992682573 0.00159984871225 0.00159950255437 0.00159971604501 0.00159952892766 0.00159971137237 0.00159943930719 0.00159958384452 0.00159979768333 0.00159988317067 0.00159966951588 0.00159992275773 0.00159977800972 0.00159980371313 0.00159978418443 0.00159970479985 0.0015995523072 0.00159945301799 0.00159958434111 0.00159993925863 0.00159959741545 0.00159989578736 0.00159990573458 0.001599834949 0.00159978028957 0.00159971397988 0.00159951010875 0.00159965351768 0.00159966873561 0.00159991657952 0.00159959624947 0.00159983559616 0.00159988658046 0.00159993435207 0.00159962885735 0.00159967991268 0.00159983873822 0.00159949429906 0.00159968028225 0.00159961627647 0.00159958793732 0.00159936690681 0.00159987399287 0.00159992836675 0.00159964988598 0.001599842376 0.00159980377114 0.00159966370188 0.00159992238448 0.00159974185367 0.00159944943308 0.00159979908133 0.00159983171315 0.00159916656329 0.00159944957606 0.00159962945851 0.00159975911846 0.00159975500495 0.0015992441735 0.00159918404718 0.00159987385673 0.00159982523336 0.00159971173484 0.00159930805717 0.00159966367078 0.00159972150922 0.00159949671532 0.00159977610248 0.00159973479696 0.00159982056087 0.00159970943236 0.00159989453077 0.0015997194899 0.00159987992211 0.00159983341071 0.00159984795596 0.00159979250296 0.00159976328477 0.00159966070469 0.00159995802081 0.00159968974198 0.00159974982424 0.00159984108811 0.00159985277128 0.00159944878426 0.001599930507 0.001599625824 0.00159979729262 0.00159947845757 0.00159993209292 0.00159947137506 0.00159972720848 0.00159959370485 0.00159975006986 0.00159952629314 0.00159959355948 0.00159984775026 0.00159963054647 0.00159901336499 0.00159960471889 0.00159993126523 0.00159923638703 0.00159970299598 0.00159959594886 0.00159973408351 0.00159973735793 0.00159961508044 0.00159985719371 0.00159998115091 0.00159976162284 0.00159966835214 0.0015997080759 0.00159965264055 0.00159967819068 0.00159992531444 0.00159993106814 0.00159993481089 0.00159996284899 0.00159996305199 0.00159988641165 0.0015999005182 0.00159990803336 0.00159973269635 0.0015995165572 0.00159992919723 0.0015994653407 0.0015996834156 0.00159980464868 0.00159986519087 0.001599772027 0.00159958083769 0.00159969430431 0.00159970157568 0.00159986916922 0.00159998102642 0.0015995802807 0.00159960318106 0.00159979464268 0.00159973384368 0.00159980071038 0.00159987619353 0.00159964596679 0.00159994289181 0.00159939640893 0.00159965953624 0.00159962103024 0.00159942676018 0.00159942546873 0.00159960952737 0.00159958935938 0.00159958463867 0.00159978787995 0.00159984813768 0.00159988350285 0.00159984742524 0.00159981721141 0.00159977078846 0.00159990325286 0.00159947648236 0.00159982199999 0.00159952444354 0.00159992153685 0.00159979223318 0.00159954585231 0.00159976510042 0.00159993109802 0.0015996475434 0.00159983457161 0.00159948037182 0.00159953636544 0.00159985859024 0.00159963383473 0.00159963785703 0.00159974118537 0.00159959048024 0.00159967349372 0.00159966684329 0.00159954382935 0.00159998690754 0.00159962732205 0.00159938596113 0.00159952205901 0.00159978341449 0.00159960908788 0.00159974115032 0.00159979944317 0.00159972551124 0.00159967936596 0.00159971179491 0.00159979486345 0.00159964439962 0.0015999757843 0.00159984334109 0.00159985975329 0.001599732548 0.00159967571891 0.00159963403478 0.00159991869369 0.00159973533828 0.00159988121092 0.00159990338187 0.00159972429188 0.00159971960417 0.00159944994119 0.00159934481378 0.00159963832022 0.00159990088992 0.00159967317863 0.00159984721213 0.00159963979767 0.00159961421151 0.00159952279942 0.00159948545268 0.00159952680262 0.00159959739262 0.00159933831137 0.00159957398325 0.00159954079666 0.00159951561129 0.00159964356322 0.00159946043815 0.00159938857762 0.00159980027285 0.00159961249666 0.00159963392206 0.00159970230454 0.00159997692537 0.00159978321213 0.00159979461879 0.00159986081706 0.00159986668566 0.00159985569286 0.00159997044162 0.00159992379375 0.00159980571608 0.00159979839715 0.00159993486079 0.00159982609286 0.00159883414112 0.00159946630598 0.00159980057948 0.00159969235548 0.00159974552968 0.00159999059415 0.00159977279291 0.00159971027956 0.00159987608995 0.00159992981144 0.00159944835512 0.00159992412898 0.00159983963886 0.00159990455731 0.00159982088002 0.00159971166279 0.00159930774985 0.00159980548204 0.00159986982607 0.00159950667003 0.0015993098991 0.00159932912631 0.00159937333319 0.00159965382976 0.00159977266372 0.00159977065047 0.00159989734789 0.0015999286979 0.00159971864951 0.00159987851695 0.00159985463284 0.00159979198727 0.00159967051 0.00159966059232 0.00159952934395 0.00159976753313 0.00159944757098 0.00159958687791 0.00159979695204 0.00159966892451 0.00159964059003 0.0015997982208 0.00159982366635 0.00159989110749 0.00159991341126 0.00159997485393 0.00159996146454 0.00159998776508 0.00159970108463 0.00159974035269 0.00159974128089 0.00159964735417 0.00159961793508 0.00159971194102 0.00159976469762 0.00159985440774 0.00159947821417 0.001599500594 0.00159969506317 0.00159973349326 0.00159954722494 0.00159970346306 0.00159971212921 0.00159980835444 0.00159972726242 0.00159966292656 0.00159984373685 0.00159973309179 0.00159998477978 0.001599635296 0.0015996348171 0.00159998471448 0.00159984682839 0.00159970505752 0.00159924001996 0.00159970293419 0.00159969861123 0.00159949720723 0.00159984649206 0.00159961048169 0.00159937096065 0.00159932496846 0.00159994166104 0.00159918732738 0.00159961678342 0.00159964849388 0.00159978835692 0.00159992332027 0.00159997081736 0.00159989061097 0.00159924892673 0.00159937794953 0.00159964819097 0.00159938665286 0.00159971140916 0.00159959561295 0.00159979926135 0.00159972990459 0.00159991364844 0.00159971470086 0.00159952291353 0.00159976309118 0.00159996977556 0.00159967384815 0.00159977135131 0.00159981529654 0.00159995763814 0.00159980350434 0.00159971935512 0.00159967393786 0.00159958307015 0.0015997168141 0.00159978281837 0.00159992973298 0.00159959775423 0.00159971689808 0.00159984037102 0.00159946584378 0.00159953994023 0.00159987352694 0.00159990032789 0.00159953908264 0.00159938153823 0.00159934550839 0.00159942195012 0.00159975187165 0.00159958374436 0.00159940316165 0.00159980216382 0.00159993137148 0.00159931756062 0.00159933627958 0.00159978557542 0.00159949601358 0.00159950278033 0.00159972627456 0.00159986845772 0.00159995130057 0.00159995661729 0.00159978920701 0.00159949376795 0.00159979739908 0.00159982802772 0.00159949578033 0.0015997398577 0.00159967523626 0.00159964324782 0.00159962119619 0.00159992944328 0.0015996665878 0.00159955739642 0.00159967705149 0.00159991018194 0.0015999370378 0.00159989417797 0.00159981091008 0.00159986348099 0.00159996871881 0.00159974441998 0.00159971702589 0.00159960884255 0.00159984557594 0.0015995176541 0.00159963558157 0.00159892392881 0.00159997610246 0.00159886150523 0.0015998377642 0.00159959154205 0.00159970742615 0.00159963994359 0.00159956578484 0.00159978912266 0.00159977003038 0.00159954500526 0.00159993700708 0.00159989545625 0.00159989521207 0.00159995079738 0.00159987132203 0.00159960474097 0.00159974217064 0.00159994696764 0.0015996652373 0.00159979618973 0.00159972704313 0.00159985606865 0.00159979674806 0.0015999850805 0.00159985383111 0.0015998404706 0.00159981113314 0.00159962367747 0.00159994635273 0.00159960436955 0.00159978390953 0.00159978187681 0.00159977403678 0.0015998487965 0.00159983583695 0.00159986855488 0.00159978536455 0.00159982212813 0.00159988663149 0.00159956518199 0.0015997026161 0.00159986134423 0.00159973095597 0.00159991171946 0.00159998629211 0.00159998128518 0.0015996521667 0.00159963285848 0.00159957581462 0.0015998437654 0.00159968572855 0.00159971925812 0.0015993884525 0.00159971735023 0.00159963729985 0.0015997596789 0.00159962409985 0.00159988044797 0.00159994323097 0.0015996069141 0.00159990761072 0.00159988831999 0.0015995520301 0.00159987308765 0.00159978583877 0.00159980923159 0.00159983356986 0.00159976161407 0.00159990565586 0.00159968209797 0.00159962456921 0.00159980289402 0.00159983627711 0.00159995498138 0.00159988465787 0.00159980593704 0.00159986903488 0.00159983749949 0.00159966695452 0.00159995248274 0.00159949831155 0.0015997354962 0.00159965065536 0.00159974107671 0.00159979626842 0.00159971548818 0.0015998385714 0.00159975771262 0.00159948854056 0.00159956343567 0.00159974133933 0.0015997452729 0.00159973056211 0.00159916611028 0.00159960582629 0.00159936781999 0.00159974893073 0.00159958254899 0.00159950289101 0.00159956583475 0.00159990814715 0.0015999246142 0.00159970218132 0.00159972384152 0.00159972360112 0.00159971415046 0.00159989104337 0.0015997562254 0.00159977412646 0.00159913922974 0.00159946361632 0.00159968685682 0.00159959465554 0.00159972321028 0.00159992239756 0.00159986896378 0.0015995915819 0.00159974342047 0.00159966899257 0.00159966506479 0.00159990375512 0.00159963358117 0.00159950483275 0.00159958937885 0.00159954500765 0.00159965951619 0.00159966364499 0.00159985074705 0.00159985612539 0.00159940186121 0.00159991127666 0.00159956786226 0.00159944517621 0.00159977934208 0.00159947489664 0.00159958224484 0.0015998002231 0.00159973080423 0.0015996219114 0.00159986865978 0.00159988962481 0.00159959598427 0.00159990021317 0.00159976954561 0.00159975649028 0.00159961108578 0.00159940017012 0.00159965719826 0.00159976302922 0.00159873833633 0.00159959684478 0.00159993177143 0.00159986525556 0.00159986700021 0.00159950637288 0.00159981857804 0.00159957922265 0.001599864463 0.00159988589153 0.00159965197034 0.00159939925118 0.00159965799198 0.00159974974757 0.00159980314781 0.0015997793962 0.00159977937014 0.00159973924127 0.0015994280337 0.00159969952438 0.00159941903185 0.00159953297875 0.00159989206369 0.00159961773187 0.00159956277318 0.00159957019405 0.00159996317214 0.00159996892022 0.00159947677575 0.00159967852266 0.00159973946955 0.00159965801113 0.0015997023747 0.00159991536373 0.00159993162045 0.00159993090219 0.00159989060391 0.00159972345484 0.00159987931245 0.00159993906813 0.00159987268758 0.00159978327494 0.00159981391251 0.00159971085842 0.00159979383498 0.00159998798269 0.00159989561453 0.00159972308238 0.00159965947938 0.00159992661871 0.00159960661297 0.00159952440137 0.0015996292723 0.00159969142467 0.00159967879751 0.00159959229419 0.00159972405085 0.00159950437075 0.00159942063777 0.00159956265391 0.00159950093914 0.00159974775928 0.00159975388812 0.00159996266914 0.00159964171147 0.0015998581712 0.00159974174837 0.00159980059276 0.00159984885344 0.00159969335719 0.00159974913824 0.0015996623622 0.00159970703312 0.0015998765589 0.00159975397831 0.00159965731595 0.00159990621679 0.0015998415842 0.00159974227612 0.00159974004915 0.00159951496839 0.00159962960517 0.00159953445517 0.00159954426477 0.00159975498333 0.00159983111262 0.00159949762086 0.00159971858041 0.0015997234195 0.00159984716322 0.00159956687627 0.00159961334304 0.00159966163604 0.00159973405432 0.00159996351439 0.00159973667828 0.00159995513043 0.00159967053002 0.00159976410838 0.00159967737325 0.00159962890505 0.00159964339421 0.00159989650416 0.00159994844775 0.00159993359392 0.00159997559849 0.00159997445214 0.00159991479631 0.00159994072011 0.00159972329374 0.00159975183995 0.00159970984476 0.00159950529483 0.00159952445219 0.00159964927264 0.00159972582858 0.00159956601711 0.00159977829219 0.00159984712246 0.00159972802137 0.00159969068858 0.00159992629261 0.00159940200619 0.0015992950328 0.00159984907622 0.00159956887371 0.00159975310338 0.00159969258976 0.0015997390115 0.00159971019222 0.00159991755842 0.00159970610647 0.0015998956699 0.001599698157 0.00159984283093 0.00159986135187 0.00159988156816 0.00159973094798 0.00159970869547 0.00159949774421 0.00159991640739 0.00159993746604 0.00159996481066 0.0015999176427 0.00159950102058 0.00159968551582 0.0015999050303 0.00159958007577 0.00159955434028 0.00159963607957 0.0015995333747 0.0015996086012 0.00159993276311 0.00159963212986 0.00159964957371 0.00159984969118 0.0015998858724 0.00159987500141 0.00159992617536 0.00159961569547 0.00159984636469 0.00159974560937 0.00159955360741 0.00159973592598 0.00159986531694 0.00159975560985 0.00159971965853 0.00159973025781 0.00159986984102 0.00159966037521 0.00159958203122 0.00159959631339 0.00159970417835 0.00159964861289 0.00159989753801 0.00159942955729 0.00159988709781 0.00159979558385 0.00159960494291 0.00159978831435 0.00159989009781 0.00159981462318 0.00159975031379 0.00159963705042 0.00159988417417 0.00159935048165 0.00159994320117 0.00159962366194 0.00159968355472 0.00159969702579 0.0015999104325 0.00159964241621 0.00159981305095 0.00159975741334 0.00159970920221 0.00159985724287 0.00159992917373 0.00159976374269 0.0015997063109 0.00159965073302 0.00159986843102 0.00159987247229 0.00159976195782 0.00159982533932 0.00159968158571 0.00159988551964 0.00159985059094 0.00159989512787 0.00159983946529 0.00159985532558 0.00159989575738 0.0015998939654 0.00159996367761 0.00159980786942 0.00159994537332 0.00159992894753 0.00159981289114 0.00159981787754 0.00159938197028 0.00159999384221 0.00159959447721 0.00159969586743 0.00159997520921 0.00159980937736 0.00159985973651 0.00159962066171 0.00159984510793 0.00159992804852 0.00159976020173 0.00159970937867 0.00159966260359 0.00159971859388 0.00159978881626 0.00159984125161 0.00159989700756 0.00159970462045 0.00159986253397 0.00159993722389 0.00159994268997 0.00159993759453 0.00159985343314 0.00159977663097 0.00159984128587 0.0015996230549 0.00159971066011 0.00159969580951 0.00159951455986 0.00159995777087 0.00159985602565 0.00159981983306 0.00159969336042 0.00159974655323 0.00159977363882 0.00159981151483 0.00159946187329 0.00159981050894 0.0015992238142 0.00159943355586 0.00159951784336 0.00159937127867 0.0015997888094 0.0015998634886 0.00159972438914 0.00159962026829 0.00159974799222 0.00159984615309 0.00159978584623 0.00159993023384 0.00159973312349 0.00159965273465 0.0015998253677 0.00159995202633 0.00159991359619 0.00159983986534 0.00159987998122 0.00159983885263 0.00159970706158 0.00159957496112 0.00159980811152 0.00159955549655 0.00159989258769 0.00159982072031 0.00159966882282 0.00159978836318 0.00159967636341 0.00159979806084 0.00159988980665 0.00159982482594 0.00159960707042 0.00159994418663 0.00159986288214 0.00159968464513 0.00159968940418 0.00159977187406 0.0015997895749 0.00159978099543 0.00159997550991 0.00159991191833 0.00159972443743 0.00159947357961 0.00159982500556 0.00159897250715 0.00159963703901 0.001599927856 0.00159950606316 0.00159971039101 0.00159956290976 0.00159964297767 0.00159933299774 0.0015997310702 0.00159979025334 0.001599865648 0.00159974956561 0.00159964344605 0.00159986799026 0.00159970841687 0.0015997340203 0.0015997092339 0.00159956892762 0.00159991273622 0.0015997137347 0.00159960863 0.00159960370986 0.00159967211555 0.00159969481267 0.00159968976041 0.00159961330578 0.00159970421974 0.00159992097827 0.00159965498978 0.00159984919708 0.00159973678396 0.00159987127095 0.0015997274411 0.00159983669345 0.00159995663852 0.00159988097087 0.0015996837365 0.00159987789384 0.00159973513561 0.00159976362314 0.00159975800204 0.00159992878676 0.00159997060847 0.00159989509134 0.00159987676714 0.00159980490738 0.0015998303223 0.00159989770793 0.0015998290066 0.00159958935055 0.00159949761698 0.00159977059334 0.00159952037512 0.0015996932816 0.0015997553202 0.00159979957381 0.0015998736399 0.00159996514524 0.00159971034953 0.00159977963411 0.00159990174945 0.0015996245218 0.00159973794548 0.0015998540769 0.00159961977605 0.0015996063357 0.00159972878571 0.0015998197478 0.00159979068343 0.00159984673407 0.0015998378374 0.00159993810118 0.00159980424779 0.00159965863174 0.00159983358363 0.00159959720995 0.00159988563294 0.00159973505496 0.00159972746407 0.00159988045369 0.00159991699808 0.00159968157536 0.00159962593305 0.00159945455018 0.00159986499802 0.00159976760352 0.0015997356858 0.00159973585516 0.00159972539123 0.00159982297217 0.0015996406618 0.0015995165035 0.00159983910907 0.00159980414698 0.00159977861685 0.00159983777371 0.00159985294036 0.00159986946378 0.00159973805278 0.00159985006271 0.00159977466127 0.00159978889948 0.00159929199238 0.00159976723451 0.00159977564506 0.00159956782546 0.00159967738174 0.00159974640067 0.00159979553294 0.00159983820747 0.001599527715 0.00159981064741 0.00159966149192 0.00159975916844 0.00159969482785 0.00159970433315 0.00159978620767 0.00159990275003 0.00159967773673 0.00159965131215 0.00159972999605 0.00159993858388 0.00159992062493 0.00159984287087 0.00159962353361 0.00159995879011 0.00159996734149 0.00159965498044 0.0015997357909 0.00159981533535 0.00159971143027 0.00159977419204 0.00159974942787 0.00159962526655 0.00159990362985 0.00159975154669 0.00159974102341 0.00159988314668 0.0015997620603 0.00159987225369 0.00159965424031 0.00159980536323 0.00159972173294 0.00159983692281 0.00159977630759 0.00159979075757 0.00159966426416 0.0015997794164 0.00159975067063 0.00159986819783 0.00159972874303 0.00159983774162 0.00159982075809 0.00159973544749 0.00159974716166 0.00159984630537 0.00159972863881 0.00159979501639 0.00159964133771 0.00159959383173 0.00159950395036 0.00159968988478 0.00159978831742 0.00159928670214 0.0015999033343 0.00159968516689 0.0015999513691 0.0015998685949 0.00159982692307 0.00159943662355 0.00159981290823 0.00159939593577 0.00159994856179 0.00159987603664 0.00159985723878 0.00159963608898 0.00159929954249 0.00159967658702 0.00159968836284 0.0015994808176 0.00159952871457 0.00159971531738 0.00159973796224 0.00159963402292 0.00159972366899 0.00159977681517 0.00159973761759 0.00159943190423 0.00159989662411 0.00159947816028 0.00159976519757 0.00159973825411 0.00159961739004 0.00159975789881 0.00159981420533 0.00159974702662 0.00159994468113 0.00159992016074 0.0015996696304 0.00159961367411 0.00159991307484 0.00159977711326 0.00159979587848 0.00159966676613 0.00159965828339 0.0015998492232 0.0015997451898 0.00159969410833 0.00159989659163 0.00159982407115 0.00159986245787 0.00159985499774 0.0015996781291 0.00159974687452 0.001599572025 0.00159998781186 0.00159976727095 0.00159997112509 0.00159974166564 0.00159995686788 0.00159980027023 0.00159975568944 0.0015998552336 0.00159985222337 0.00159993812786 0.00159976052562 0.00159971489227 0.00159973980638 0.00159984818184 0.00159977040615 0.00159970622867 0.00159977588126 0.00159976628887 0.00159968164668 0.00159956373786 0.00159980075491 0.00159962651105 0.00159981194135 0.00159976244665 0.00159995750005 0.00159974730289 0.00159978236436 0.00159982586201 0.0015998859146 0.00159992274851 0.00159991797137 0.00159989710836 0.0015999452197 0.00159986476398 0.00159985699669 0.00159981060353 0.00159961608971 0.00159954816469 0.00159975292808 0.00159973726809 0.00159983627841 0.0015999109748 0.00159995652618 0.00159991975586 0.00159996533998 0.00159988859286 0.00159986699834 0.00159975657175 0.00159994443238 0.00159965381942 0.00159978436198 0.0015996447252 0.00159985060656 0.00159986911029 0.00159957749379 0.00159978544092 0.00159976272162 0.00159982138703 0.00159989576215 0.00159989984181 0.0015998885617 0.00159977601522 0.00159982685059 0.00159977350835 0.00159975123096 0.00159995803018 0.00159988836465 0.00159990726464 0.00159985528298 0.00159982216986 0.00159979390023 0.00159981121593 0.00159989935169 0.00159981183629 0.00159977967242 0.00159986631674 0.00159988097209 0.00159989430202 0.00159985389344 0.00159992174081 0.00159987957061 0.00159999382335 0.00159987843392 0.00159992560744 0.00159996726806 0.00159972143526 0.00159981599849 0.00159987582836 0.00159987744909 0.00159990774341 0.0015998644727 0.00159988887091 0.00159987048544 0.00159985603747 0.0015998831139 0.00159988983371 0.00159989800966 0.00159986318609 0.00159992691184 0.00159994562079 0.00159980214136 0.00159993984812 0.00159990551886 0.0015998722915 0.00159990293505 0.00159960213262 0.00159985649268 0.00159971217645 0.00159970285348 0.0015998989544 0.00159985383072 0.00159978728202 0.00159989669174 0.00159981971289 0.00159982969481 0.00159992292733 0.00159993623004 0.00159985608353 0.00159986292254 0.00159980414455 0.00159974497663 0.00159984638093 0.0015998955373 0.00159996320498 0.00159991354966 0.00159977340758 0.00159992475961 0.0015998339682 0.00159988073535 0.00159986864407 0.00159978234875 0.00159992260784 0.00159981509023 0.00159985418584 0.00159990315482 0.00159988456577 0.00159985863311 0.00159980210565 0.0015998656529 0.00159945448602 0.00159961815977 0.0015996945214 0.00159989435172 0.00159986884167 0.00159983048861 0.0015998486789 0.00159987001791 0.00159978378885 0.00159970940436 0.00159981236895 0.00159993307258 0.00159994710925 0.00159996324896 0.00159979199513 0.00159983145065 0.00159996099409 0.00159986397676 0.00159994080335 0.00159971133972 0.00159966914774 0.00159963626055 0.00159984082173 0.00159978433024 0.00159983521431 0.00159980356012 0.00159967910117 0.00159966776155 0.00159977727057 0.00159970712326 0.00159985989201 0.00159992529894 0.00159988301585 0.00159989698713 0.00159997168195 0.00159980349555 0.00159980024057 0.0015997601952 0.00159984155643 0.00159972839516 0.00159977221871 0.0015998719425 0.00159984911878 0.00159990236275 0.00159979146406 0.00159984528394 0.00159987380138 0.00159988684484 0.0015998655093 0.00159986230849 0.00159990767046 0.00159994758096 0.00159989211504 0.0015997752295 0.0015998301345 0.00159993051681 0.00159984292741 0.00159983341985 0.00159986984685 0.00159999371557 0.0015999168622 0.00159977793961 0.00159988518811 0.00159982172782 0.00159986538539 0.0015997542686 0.00159985965758 0.00159995319926 0.00159992614025 0.00159983278546 0.00159977687291 0.00159985033324 0.00159994509663 0.001599972412 0.00159988926082 0.00159992566319 0.00159995568668 0.00159989658094 0.00159980592584 0.0015998852266 0.00159982164782 0.00159992641876 0.00159990132111 0.00159965710719 0.0015997088392 0.00159964049601 0.0015998471629 0.0015998162451 0.00159988051088 0.00159983254752 0.00159995015304 0.00159991644593 0.00159986312295 0.00159990593388 0.00159984105298 0.00159984231552 0.00159988395976 0.00159991733552 0.00159993908721 0.00159992780452 0.00159996217923 0.00159971927729 0.00159983659239 0.00159986553342 0.00159980760622 0.00159984700546 0.00159993087786 0.00159995065637 0.00159996861783 0.00159986127239 0.00159976702009 0.00159957145015 0.00159979688653 0.00159997625678 0.00159969892845 0.00159983817098 0.00159977530753 0.00159974340241 0.00159978982614 0.0015998442762 0.0015999085965 0.00159990021716 0.0015998578151 0.00159991110143 0.00159995976155 0.00159988289817 0.00159992858839 0.00159999095958 0.0015998725481 0.00159978390061 0.00159994780461 0.00159983907511 0.00159985953393 0.00159973492035 0.00159992754657 0.00159992852811 0.00159996657519 0.00159977519547 0.00159973408532 0.00159978404314 0.00159956163039 0.00159991820376 0.00159990346142 0.0015998338445 0.00159981432012 0.00159957791609 0.00159980907698 0.00159996564663 0.00159993196901 0.00159991991432 0.00159976714154 0.00159991113428 0.00159994394064 0.00159978925636 0.00159995695613 0.00159991630993 0.00159993821283 0.00159996811724 0.00159995036776 0.00159968045075 0.00159967037205 0.00159985442975 0.0015999240611 0.0015999100349 0.00159993971453 0.00159987185136 0.00159971237671 0.00159987933493 0.00159979009092 0.00159984374771 0.00159982974058 0.0015998530677 0.0015998487353 0.0015999203339 0.00159975981131 0.00159990934044 0.00159982840842 0.00159975661522 0.00159983880347 0.0015998458102 0.00159984980526 0.00159988076636 0.00159982690706 0.00159991775148 0.00159982684397 0.00159989162652 0.00159983468991 0.00159995388758 0.00159990968893 0.00159991533571 0.00159965509055 0.00159983945992 0.00159966921395 0.00159983054253 0.0015999610607 0.00159986175657 0.00159993418802 0.00159994807295 0.00159978849799 0.00159976100938 0.00159989465408 0.00159991351406 0.00159992860043 0.00159997699746 0.00159978377342 0.00159970984062 0.00159968586901 0.00159988767233 0.00159991000855 0.0015998053196 0.00159987738655 0.00159978076199 0.00159987294937 0.00159991531003 0.00159972987244 0.00159972140855 0.00159992332184 0.00159981488248 0.00159996072187 0.00159996665994 0.00159981476288 0.00159994161946 0.00159978939565 0.00159979701206 0.0015998706745 0.00159966826245 0.00159950976551 0.00159986571801 0.00159991048651 0.00159989158341 0.00159994908619 0.00159990800614 0.00159984883592 0.00159987655261 0.00159984427304 0.00159989824968 0.00159994102585 0.00159980890151 0.00159975967924 0.00159969926356 0.00159991039784 0.00159978765711 0.0015998312944 0.00159987374485 0.00159993141108 0.00159994422104 0.00159989713491 0.00159988736533 0.00159992979441 0.00159979248336 0.00159995006423 0.00159985932825 0.00159994472871 0.00159990993977 0.00159990019877 0.00159990437925 0.00159990559985 0.00159991747611 0.00159991479913 0.00159996850052 0.00159981264154 0.00159989101537 0.00159990727888 0.0015999235521 0.00159994686296 0.00159983581674 0.00159991499153 0.00159962043778 0.00159987097917 0.00159972194698 0.00159974551605 0.0015999926852 0.00159985614054 0.0015997091026 0.00159983011957 0.00159985140248 0.00159987683203 0.00159990890789 0.0015998358495 0.00159965935328 0.00159985812584 0.00159983375832 0.00159981305384 0.00159990687925 0.00159987153251 0.00159994573118 0.00159994352295 0.00159996197987 0.00159966648089 0.00159995270252 0.00159981182261 0.00159995648588 0.00159995337658 0.00159981650927 0.00159963466365 0.00159985107488 0.00159965289304 0.00159971329396 0.0015997525329 0.0015998095113 0.00159972383709 0.0015997710769 0.00159979984433 0.00159964584489 0.00159981950052 0.00159985930071 0.00159989237073 0.0015998673124 0.00159980351573 0.00159987957128 0.00159991592764 0.00159987327415 0.00159988723295 0.00159988051608 0.00159995182732 0.00159963612313 0.00159982352644 0.0015998802668 0.00159979486543 0.00159979059754 0.00159989475276 0.00159989576377 0.0015998918155 0.00159980325539 0.00159990812236 0.0015999431226 0.00159997748494 0.00159995526159 0.00159971076812 0.00159985786071 0.00159968533072 0.00159991084827 0.00159991141277 0.00159989203838 0.00159979448624 0.00159983639736 0.00159989874409 0.0015997294406 0.00159975050905 0.00159972993155 0.00159982805939 0.0015998273854 0.00159984192726 0.00159986459888 0.00159985815198 0.00159986730146 0.00159993006226 0.00159992315903 0.00159991932817 0.00159971374519 0.0015996143046 0.00159979325646 0.00159995675916 0.00159991753652 0.00159996941027 0.0015999237225 0.00159988593176 0.00159982266709 0.00159974731751 0.00159978040672 0.00159988127901 0.00159986196776 0.00159963935562 0.00159988520221 0.00159984945053 0.00159979823962 0.00159986052124 0.00159996847928 0.00159990935009 0.00159990080237 0.00159982015519 0.00159990710926 0.00159985480435 0.00159989328193 0.00159992819998 0.00159992244777 0.00159990853388 0.00159989258299 0.00159996031037 0.00159992842016 0.00159988436209 0.00159974652485 0.00159988471996 0.00159989499289 0.00159987246687 0.0015999198597 0.00159988739147 0.00159990318396 0.00159980724336 0.00159992138189 0.00159989240322 0.00159995814816 0.00159990362081 0.00159996173197 0.0015999171856 0.00159991882737 0.00159995847695 0.00159995763819 0.00159999536606 0.00159993263469 0.00159989621433 0.00159990123487 0.00159992492192 0.00159996438634 0.00159995485651 0.0015999518812 0.00159985569915 0.00159991298143 0.00159988424893 0.00159989537529 0.00159995975795 0.00159996484314 0.00159997476689 0.00159993733445 0.00159992529683 0.0015999614638 0.00159994103839 0.00159991339479 0.00159989643503 0.00159994716393 0.00159985461 0.00159995811458 0.00159995192148 0.00159987413837 0.0015999399613 0.00159992473148 0.00159992949257 0.00159989136414 0.00159987099666 0.00159989636861 0.0015998456283 0.00159989482345 0.00159986579144 0.00159989518441 0.00159989805788 0.00159987956045 0.00159995657128 0.00159990377158 0.00159992316988 0.00159990868368 0.00159990243933 0.00159994494016 0.00159991464953 0.00159993437988 0.00159989611227 0.00159996727734 0.00159982033354 0.00159994529089 0.00159994239526 0.00159991815685 0.00159986729892 0.00159996176366 0.00159992336449 0.00159993566853 0.00159986281825 0.00159990985142 0.00159990611716 0.00159995649078 0.00159990482408 0.00159993515528 0.00159995365583 0.00159995280338 0.00159989605894 0.00159996247448 0.00159980671978 0.0015998625558 0.00159974812383 0.00159986028788 0.00159998208358 0.00159997462626 0.00159987664939 0.00159994268417 0.00159994830486 0.00159991757281 0.00159986400032 0.00159989053597 0.00159991468999 0.00159988927982 0.00159992754202 0.00159997455905 0.00159994858012 0.001599951306 0.00159993835372 0.00159995128856 0.00159995645987 0.001599978432 0.00159993675814 0.00159994837203 0.00159995021463 0.00159989773304 0.00159995105305 0.00159992369699 0.00159986795224 0.00159992271733 0.0015999671038 0.0015998212262 0.00159981315711 0.00159989947196 0.00159981890457 0.0015999209909 0.00159989130313 0.00159986963849 0.00159990635771 0.00159993659415 0.00159991910189 0.00159995161311 0.00159998221882 0.00159992072245 0.00159980045287 0.00159986025535 0.00159986778809 0.00159989424945 0.00159987767093 0.00159995753412 0.00159994508398 0.00159997214812 0.00159985976253 0.00159990576253 0.00159993185155 0.00159995191721 0.00159992906781 0.00159992504478 0.0015999487923 0.00159992467364 0.00159984075162 0.0015999496038 0.00159995661724 0.0015999115693 0.00159995614393 0.00159992434556 0.00159993707844 0.00159994040545 0.00159994735867 0.00159990047216 0.00159990647453 0.00159996329229
</DataArray>
        <DataArray type="Float64" Name="contact_force" NumberOfComponents="1" format="ascii">
0.00021046379937 0.000189757814457 0.000780199398085 0.00108639398661 0.000204031710393 0.00102044001479 0.000676108534375 0.00109902779135 0.000168376849071 0.000853671239518 9.91431093829e-05 0.000876497426086 0.000490557988948 0.00121870515769 0.000858704947663 0.00040111646943 0.000485489495338 0.000148023233384 0.000312054826872 0.000817435320368 0.000195591607555 0.000556795440859 0.000599106481697 0.000312567444807 0.000346754285598 0.000428061303451 0.000688638707904 0.00029695406063 0.00025470833238 0.000668010197106 0.000263270437733 0.00051820883817 0.000333892900829 0.000902432348035 0.00104539798918 0.000812904209377 0.000552602873667 0.000375601418125 2.84822732106e-05 0.000447971020746 0.000676150431868 0.000706377332106 0.000178255311697 0.000427138994147 0.000296524017352 0.00179944028259 0.000387364522445 0.00155233747931 0.000375197449565 0.00106171859315 0.000719249244844 0.000460295187022 0.000502407468591 0.000180231888208 0.000191470911757 0.000428243979569 0.00232260650543 0.000329052827315 0.000205833444293 0.000220138217637 0.000490317662573 0.000183344461071 0.000158260566594 0.000296148832358 4.046891885e-05 0.00016641492532 0.000284109955168 0.000506037432624 0.00020835017648 0.000284601109175 0.000785856835031 0.000894677543293 0.000159476836678 0.000455594777938 2.74835384278e-05 1.88577107335e-05 1.33912593424e-05 0.000342550476783 0.000702087456346 0.000593225479091 0.000825493639613 0.000619036195098 0.000163390352539 0.000120882421198 0.000333840379313 0.000393836245263 0.000619039704376 4.5375214392e-06 0.00066527139916 0.000415252845938 0.000151052840406 0.000587081631794 0.000756800480296 0.000385579266996 0.000487295642891 0.000528057126814 2.81685923009e-06 0.000632998362153 0.000437469995135 0.000560311369591 0.00169290634243 0.00095985461087 0.000952661953345 0.00114710594601 0.000290527725204 7.29027446216e-05 0.000358357996625 0.000337103407093 0.00051679112406 0.000381552801229 0.00119175317604 1.30158675985e-05 0.000511144848174 0.000538581893401 0.000319408810388 0.000330163826987 0.000511621916363 0.000657177562764 0.000277426236488 0.000549740558659 0.000289407385846 0.000372209558954 0.000224186932598 0.000758188219922 0.000291675462453 0.000417957212951 0.000605974733801 0.00093821163226 0.000584483519823 0.000333272117572 0.000524078423617 2.70304138913e-06 0.000930098329588 0.00028442883603 0.000855129020024 0.000894924289349 0.000517608973 0.000469378904315 0.000252513002142 0.000390861135423 0.000400148984467 7.60709221997e-05 0.00129627798995 0.000286091664496 7.90659848019e-05 0.00023935716855 5.65389832626e-05 0.000484648859639 0.000196760558654 0.000508185876168 0.000770626046548 0.000690250755153 0.000615186094031 0.00091374118783 3.45227032654e-05 4.7212688921e-05 5.65729621336e-05 1.56855840825e-05 0.000253693183437 3.21730723335e-05 9.08903868152e-07 0.000228934473659 4.00344658052e-05 0.000142121812889 0.000187927829225 0.00019967196392 3.23228226039e-05 0.000428438266745 0.000806090810265 0.000335758965815 0.000326791780403 0.000505564510475 0.000126232688789 0.000583877353065 0.000436034488756 0.000412172925125 0.0013689370125 0.00060224150762 0.00100056003726 3.15565888673e-05 0.000721528893633 0.000519602011946 0.000498574117752 0.000206448959826 0.000199499111357 0.000841295600796 6.55714167846e-05 6.96158332816e-05 7.82883145833e-05 8.58550703681e-05 0.000167932323001 1.53031952366e-05 0.000500978535673 0.000156466608157 0.000486725539458 0.000507680114727 0.000675468376912 2.66466337138e-05 0.000973225502782 7.33845962906e-05 0.000205772218203 0.000205951251522 0.000747879132758 0.000354650844468 0.000487197932458 0.000275664523903 0.000200719880787 0.000266157707636 0.000393271293175 7.93087721916e-05 0.000170483026251 0.000793647095814 0.000481838770019 0.000190752439869 0.000417578591803 0.00023136874477 0.000646595635774 0.00024224719473 5.56984386803e-05 0.000620453902662 0.000278857649513 8.81679680741e-05 1.32575929377e-05 0.000122453586585 4.63479220878e-05 5.81006595104e-05 5.54467525342e-05 0.000435761707317 0.000209665743561 0.00151449343748 0.000762026191394 0.00132407498775 0.000194728573914 9.21212692463e-05 0.000140458413107 0.000307767274354 0.000295278187376 0.000401654878856 0.000342431638924 0.000156505119926 5.71128946697e-05 0.000100501273573 3.37733522179e-05 0.000124883782609 7.41657508684e-05 0.000155364043428 0.000869335180237 0.000167831358151 0.000395866014763 0.000442308160864 0.000597058439754 0.00018939603163 0.000995660298848 0.000395850184204 0.00025310084048 0.000378423046854 0.000390925309385 0.000850271692904 0.000497460835651 0.000304821345441 0.000180843582706 0.00024671951722 0.000453840520771 0.000940032832183 0.000597600310361 2.42665985498e-05 0.000256648002816 0.000148304048478 2.73205529421e-05 0.00048396733429 6.80288757386e-05 1.09052846275e-06 3.46636109919e-06 0.00100225661874 0.00145249729715 0.000443159231728 0.000719414608065 0.0010905622128 0.000816411974352 0.000718093879248 0.000303804267004 0.000262298591253 3.27323975735e-05 0.000972306340256 0.000438219445562 0.000452277335919 0.000907494426408 0.000141209836596 0.000132518730912 0.000860446531661 4.6491649475e-05 0.000432247913834 0.000709527854775 6.90331344165e-05 0.000627238520194 0.000444279251165 0.000171000892101 0.000159358045199 0.000201373221446 0.000156826890252 9.96543717598e-05 0.000759972452036 0.00110256415626 0.00123637760375 3.40667117635e-05 0.000276381137022 8.55022256491e-05 0.000437705701927 0.000909689891267 0.000881312897604 0.000635050483035 0.000277906127062 0.00065949014009 0.000702493034769 0.000283489018115 0.000478336922746 0.000463128034306 0.00122084344376 0.000840419426849 0.00057326881467 0.00053928771456 0.000215862072558 4.43762534278e-05 0.000119745735157 0.000768019153886 0.000852495122717 0.000495510102798 0.000781582970017 0.000715430106352 0.000445011767077 0.000475408712883 3.0050432718e-05 0.000426343282954 0.000134017807655 0.00186448167558 0.00160198504156 0.000488837121836 0.000706720769025 0.000892586562908 8.09352745584e-05 7.1063278353e-05 7.12602889224e-06 0.00135847122702 0.000667641816703 0.000900685793823 0.0010174287448 0.00132999786309 0.000646714394758 5.93329383976e-05 0.000672683919714 0.000666750198691 0.000691764724861 6.54658414355e-05 0.000436877253286 0.00151045827573 0.000419388588132 0.000509317735959 0.00100146665404 0.000306549108511 0.00024406932282 0.000272187495411 0.00030047751169 0.000701451151175 0.000779856136747 0.000633463142499 0.000720479093035 0.000921740147575 0.000736880968716 2.69969205199e-05 0.000439704881903 0.000290654000737 0.000693894716146 0.000309856864977 0.000528161322713 0.000282021330604 0.00017801691345 0.000726946472691 0.000472284568134 0.000281614141465 0.000135775710282 0.00106764779936 0.000869445736723 0.000427119587522 0.00022282689356 0.00080950017486 0.000724234933537 0.000948668362621 0.000155742705794 2.50288451668e-05 4.3230608686e-05 5.47395836743e-05 0.000365572598969 0.000155153605396 0.00143848849144 0.00177856016572 0.00061531223035 0.000874005206074 5.16452827663e-06 0.000934087691244 0.000682605638186 0.000546740970505 0.000544374803344 0.000127171939127 0.000205332452793 0.000289423478162 0.00115975597195 2.4027475655e-05 9.62062468879e-05 5.04073339482e-05 3.86333935913e-05 9.53557486723e-05 0.000264717873992 0.000546853124312 5.84933003048e-06 0.00153819027015 0.00105047744692 0.00156953343401 0.000804172639409 0.000257211024768 0.000770077778889 0.000426330722356 0.000580780929162 0.000176294111121 0.000862305779051 0.000781663925593 6.29991426131e-05 7.04978501682e-05 0.000695644374205 0.000274787990924 0.00031771487685 0.000183118299734 0.000671624331101 0.000358585592423 0.000609498669718 0.00151316101587 0.000194158422089 0.000379572531432 0.000471886506581 0.001157370398 0.000315679656651 0.000640332184816 0.00116396544324 0.000173902208233 0.000673636022233 0.000402267563452 0.000300301228843 0.000238835374188 0.000517976884594 0.000374186210687 0.000957206621804 0.00020795429107 5.8016127225e-05 0.000697563384522 0.00107492267633 0.000828273215002 6.17940771419e-05 0.000807855722282 0.00152268118985 2.44387504914e-05 0.000553269320291 3.03565820705e-05 0.00117641763135 0.000340220190819 0.000686370417335 0.000260632591953 0.000242529992 0.000174303713782 0.000676310583996 5.26223642851e-05 0.000206005957879 0.000159613397643 0.000511193842616 0.000235464463389 5.77763859965e-05 0.00154489384256 3.93946677043e-05 0.000698195797783 0.00151082103567 1.92424252752e-05 0.000948416048664 0.000476927431564 0.000609665867113 0.000947055469561 0.00147402409742 0.000706109428292 0.000340478433856 0.00188430234987 0.000252204277728 0.00080270742506 1.36656490505e-05 0.000470025743229 0.000155970795544 8.85634651487e-06 6.43916152454e-05 0.000241123640402 9.33923028043e-05 0.00012042354138 0.000324750769878 0.000321538330914 0.000482684210976 0.000929042357118 0.000135084930554 0.00085936500728 4.624716804e-06 0.000150352285033 0.000126576381025 0.00140364688682 0.00104188733686 0.000170558349712 0.000686447389209 0.000376779199697 2.45056295905e-05 7.18059885467e-05 0.000394206903762 0.000683240098395 0.000535437611118 0.000878201208932 0.000129777594583 0.00137185539783 0.00103189308843 0.00104588659717 0.000807357015539 2.01783828749e-05 1.73857455681e-05 0.00113178713846 0.00160515095676 0.0015024483398 4.95789575675e-05 0.000147825464459 0.000375449455215 0.000333784913622 0.000149590425183 0.000659419010061 0.000517915328043 0.000258347761242 0.000316012797069 0.000762260463853 0.000118184679541 0.000553641564583 0.000574231800936 0.000237223884044 6.96321900771e-06 0.000669172847223 5.06011144394e-05 0.000125482751684 0.000329931208654 0.000349754676602 0.00084830968972 0.000160926786232 0.00139240032974 0.00100159892885 0.00130678497774 0.00148009336275 0.00109308433014 0.00101991682725 0.00038212099537 0.000738278896733 9.13562055912e-05 0.000345170552842 0.00187718507095 0.00092932952031 0.00167574889991 0.00148268692075 0.00114069798238 0.000270744246034 0.00020869994625 0.00156980524882 0.000492167000003 0.000509001469783 0.000377243922236 0.000850573148659 0.000944540670861 0.00106589255754 7.05420766439e-06 0.00052361961214 0.000618275158206 0.000748429859668 0.000721770607747 0.000470878224258 0.000449238727147 0.000300986096405 0.00016613559199 0.000268740705514 0.0013077401705 0.00171321767872 0.00118568021586 9.81612784841e-05 0.00016724498341 0.00044939359392 1.74668580316e-05 0.00052752933767 0.000104327941239 2.08188044701e-05 0.000735194464994 0.000446239552788 0.000649378388783 0.00024833121341 9.30756585737e-05 0.000531846442354 0.000499370917271 0.00105575792877 0.000396854668836 0.00100986516038 0.000826433732677 0.000580337501894 0.000265039790552 0.000890582666934 0.000828587615305 0.00012311510255 0.00136290553774 0.000765670704513 0.000895906493321 0.000720079273836 0.000234128053279 0.000526866476998 0.000906262209627 0.00125911746639 0.000321306528707 1.49263859205e-05 0.0011386160066 0.000730332372188 0.000314159028157 0.000187317506253 0.00133373071747 0.000999099155497 0.000616818952077 0.000945427340433 0.000991926317225 0.000704668995985 0.00116721464621 0.000435124466164 0.000999142074862 3.26933408735e-05 0.000126193450832 2.19860009223e-05 0.000683797624487 0.00175530093198 0.000691068697882 2.49219880199e-05 0.00162604916607 0.000398637161449 0.000788986514173 0.000274708305526 0.000625978959396 0.000303443019138 0.0003061180243 0.000237584612591 6.96499514014e-05 3.7155380543e-05 0.000310909830542 0.000266555662088 0.000260650287317 0.000484058824423 0.000412047129137 0.000588877337576 0.00029247673056 0.000504972292279 0.000725684883973 0.000895880199718 0.000410910548069 0.000375988406132 0.000889830600618 0.000261145084039 6.80469013267e-05 0.000938487389632 0.000652157791692 0.000312278531037 2.51308879435e-05 2.24461821625e-05 4.05714606389e-06 0.000482994180021 0.000420782204935 0.000173837864202 0.000308030072292 0.00012694040917 0.000122998117815 0.000143835193085 1.77482912176e-05 0.000135321951911 0.000178639376959 0.000161372741117 0.000170959543297 0.000528129071678 0.00058138773243 0.000596536899769 0.000129724423069 0.000358308372135 0.000196868891342 1.73799152159e-05 2.92982303082e-05 0.000158326859746 0.000567567060826 0.000241509514698 1.71985849217e-05 2.43822382347e-05 2.63074239889e-05 8.47551922061e-05 5.22923211237e-05 0.00165649972287 0.000373886649633 0.00122458055162 0.00112406300917 6.52011161721e-05 0.00010884847444 0.000163861737108 0.000117735503983 3.04286293295e-05 0.00011653007039 0.000158485606177 7.86263146844e-05 0.00056376545357 0.000845042996828 0.000795635733284 0.00214365344579 0.000138105665425 0.00192352468058 0.000530401272144 0.00143761848188 0.000417110775976 0.000793272105671 0.000603979879598 0.000605285331307 0.000948378783285 0.000481293323696 0.000674341675731 0.000386509542004 0.000603073653345 0.000194868822466 0.000102263153122 0.0012687921571 5.49318818064e-05 0.00120683655215 0.00140383184105 0.000246124214005 6.82483934019e-05 5.75999277124e-05 0.000279589445079 3.01803662887e-05 0.000659180680909 0.000725564501359 0.000595370436541 0.000596563076661 5.38063367575e-05 1.06250225734e-05 4.38685168495e-05 1.73037173922e-05 0.000323415054648 9.73787161375e-05 9.14239611068e-05 5.47879586118e-05 0.00024422665523 0.0001817902424 0.000170912404635 0.00066536373441 7.59422984743e-05 0.0014312925036 0.000655983278291 0.000296216328462 0.00084909972927 6.62255280975e-05 9.42537780593e-05 0.000615146763418 0.000558399503268 0.000388281894511 0.000408111527657 0.000367670174365 0.000509194757653 0.000360999196379 0.000362626795931 0.000551066614541 0.000582128231166 0.000202293472872 0.000415022606492 0.000601758563978 0.000135861156348 0.000430657917823 0.000487485493059 0.00042991299 0.00153098517002 0.000330513102195 0.00203654409066 4.24878296208e-05 5.51609052086e-06 0.000857339531893 0.000472778645313 0.000235526180385 0.00049194816146 1.98488161781e-05 0.000459320276297 0.000462158971514 0.000507303612488 0.000139004126207 0.000619504921273 0.00113042465263 0.000683341107314 0.0003896122711 0.000260860192113 0.000723632024544 0.000261777716865 0.000221493713849 0.000192598648931 0.000278457552521 0.0015529464551 0.000448251930801 0.000627811243158 0.00104260597581 0.000156234474259 0.00128497308693 0.00088883550926 0.00134399291053 0.000183446977394 0.000115954906774 0.000725217569727 7.18463871475e-05 5.85125826948e-05 0.000629621387355 0.000863582133214 0.000373524633915 0.000140769717375 0.00112519548121 0.000294392279217 0.00122840751747 0.000524916763215 0.000535265822731 0.000434537115542 0.000671503800827 9.06484359042e-05 0.000760537962025 0.00127254659791 0.00118300314054 0.000504990366826 0.000886017202253 0.000127687673575 0.000221789155642 0.000782331199957 6.86836956751e-05 0.000945378161059 0.000112796231968 0.000216720042479 0.000460032701636 0.000742679284435 0.000997297394955 0.000139486913039 1.33057021944e-05 6.15445635482e-06 0.000404614559777 1.11302942157e-05 0.000461392965344 1.74311554926e-06 0.000735285238053 0.000114252819762 0.000176685866834 0.000204510621582 0.00132773046312 0.000263153636716 0.000255085325992 0.00121415294296 0.0014453055328 0.000470452489183 3.67356341319e-05 0.000421988953033 0.000255627259705 0.000119011907485 0.00118866565193 0.00097561139828 1.83365676712e-05 1.22972613283e-05 0.00037308794553 0.000290043403941 5.29697417536e-05 7.66532684768e-05 7.7707646347e-05 0.000626189497367 0.000307173418899 0.00091708898122 5.47801612208e-05 0.000580053878868 0.000549928658535 5.92968468396e-05 0.000601552421591 6.49434588346e-05 0.000465359236178 0.000217497384877 0.000878446129461 0.00031713858894 0.000626726930204 0.00110275832179 0.000910374622689 0.00043482448239 0.000436529441826 0.00114781577024 6.66174758209e-05 0.000655255855665 0.000698378900007 0.000354807936256 0.000273198242377 0.000336385240844 0.00133244000309 0.000965679285799 0.00108259004355 0.00031694944582 0.000554875297311 0.000396402824953 0.0003697790005 0.000652004182611 8.95293242881e-05 0.00187456733198 0.0010282887022 0.000339939801404 0.00122637425333 0.000812397250016 0.000894381548831 0.000211504075395 0.00079116872598 0.000190250113752 8.80613655839e-05 0.000807237608422 0.000614301127565 0.00163718157999 2.56208322346e-05 0.00049460856227 1.29707579625e-05 0.000259782745927 0.000544408751936 0.000766250805433 0.00020696422424 0.000278069026208 0.000796324042816 0.000923060925876 5.69835975579e-05 0.000357268590068 5.08376585869e-06 0.000501575338848 0.0003242418512 2.73579857889e-05 2.34863864215e-05 0.000844195053867 0.00039470493499 0.000835510916439 4.53100470238e-06 0.000198039204221 0.000780541998161 0.00013246411935 1.30233694138e-05 0.000842640127628 0.00064172394507 0.000346096315554 0.000547823309383 0.000263077921647 0.000545055647192 0.000444930520248 0.000211535904321 0.000359961412157 0.000115905487281 0.00127748076453 0.000848315197534 0.00067747106346 0.00118812465532 0.000604678852151 0.000279300280831 0.000120801601493 0.00034138277787 1.23194515589e-05 0.000662134378845 0.000752349619137 0.000715578423481 0.000160424817877 0.00043282304258 0.00109425419057 0.00146287381237 4.75670027362e-05 0.00146553137155 0.00109022251075 0.000911360732989 0.000102074085475 0.000597854731678 0.000872632506986 0.0005680497639 0.000968835484243 0.000282464417975 8.31094539811e-05 2.9554352073e-05 0.000160106878298 0.000366876109735 0.00101062625205 0.000565719096524 0.000626648660233 2.93900415196e-05 3.19170915985e-05 0.00116082429477 0.00161130072231 0.000527220576804 0.00148642431561 0.000786062529849 0.000818279576479 8.13561466732e-05 0.000879311718951 0.000398828508859 0.00072170692471 0.000730121405957 0.000700530767005 0.00140044392909 0.00100961073381 0.000434050856169 0.000227656179747 0.000189072792948 0.000160732323468 0.000287452710761 0.000737648065282 0.0006431255786 0.000195519086357 5.469703467e-05 0.00070903495956 0.000570794930248 0.00160602777445 0.000933189293511 0.000216989071038 0.000323906287417 0.000282359782412 0.000818991379245 0.000171021428334 0.000145949264437 0.000294990137512 0.000179812668616 0.000341667711096 0.00174794962206 0.00019028778221 0.000898653706621 0.000280030313668 0.000605182611869 0.00170430679095 0.00147604233842 0.000138170947135 0.00104867102204 0.000317064314032 0.000472246994877 0.000435513314804 0.00121948862058 0.000317487665202 0.000269603225647 0.000664599668283 0.000807133245758 0.00245249551152 0.00136072818765 0.000464004833872 0.000365552533669 0.000271839421203 0.000478033442756 0.000345385279816 0.00110462273691 0.000715234382824 0.000342291705145 0.000483742143673 7.4643173995e-05 0.000303658148494 0.00101479024558 0.000733443380596 0.00025071913594 0.00102991900215 0.00136184790396 6.36340183987e-05 0.000968519183122 0.00084079576368 0.00124254784343 0.000384262281486 0.000897232847256 0.000382924027621 0.000215914807289 0.000991216116336 0.000174502782109 0.000230388302235 0.000169624319001 0.000336768333365 0.00157322524927 0.000487963876158 0.00114783486942 0.00115196040483 0.000167750654367 0.00132676503603 0.00039602587069 0.000317088697775 0.000433134849727 0.000394631608273 0.000247529216056 0.00118721904696 0.000462844687536 0.000261840355735 0.00045282261384 0.0013614321909 0.000278477727968 0.000323602983413 0.000227931423688 0.000238731421151 0.000132697018926 0.000904195086014 0.000668613683382 0.00043384653915 0.000695033494344 0.000720054381296 0.000556180328329 0.000453121459523 0.00121350344865 0.000517118663462 0.000268464632527 0.000126938779282 0.0004556733312 0.000802088810198 0.000613679493926 0.000469974752951 0.000595859228405 0.000735367228756 1.76194293879e-05 2.94591643684e-05 7.94572559415e-06 0.00018099886765 0.000389679665214 7.09968721236e-05 0.000719239325802 0.000534574229476 0.000571154248669 1.63166461479e-05 0.000254997942342 0.000346178149793 0.000227222979004 0.00103874472997 0.000139313195726 0.000877020157337 0.000126287603533 0.000391561921613 3.91597840504e-05 4.18636369145e-05 2.92569736828e-05 0.000280557202576 0.00075131577068 0.000619371994599 0.000839123812474 0.000473075071251 0.000260233305134 0.00041901806902 0.000177525634004 0.000131186754596 0.000486065870663 0.000571823901683 0.000350268066902 0.00018063781267 0.000874640545353 0.000868617867359 0.000273997805434 0.000243470688072 0.000899724297464 3.92690907582e-05 0.000422722277884 0.00115303918919 0.000954419595982 0.00079327463512 0.000804091329004 0.00121808102822 0.000842062465714 3.12384263407e-05 0.000503341019528 0.00167613135326 0.00124152259346 0.000638699924324 0.00118741592251 0.000228956171485 9.94505712493e-05 5.17087971775e-05 0.000440825749553 0.00117483093968 0.000160060770634 0.000989750884937 2.29318427818e-06 0.000417050274371 0.00114192837026 0.000952476250529 4.86136361873e-05 0.0012873944181 0.000406504445556 0.00119238849926 0.00147668398001 0.000339876461598 0.000670156765837 0.000317567692078 0.00038174423561 0.000119375142247 0.00047624562827 0.00059821969008 0.000963374889093 0.00112368138826 0.000698917402401 0.000721572143357 0.000206405486629 1.48086997579e-05 0.000100994432571 0.000109856860309 0.000212301098043 0.000257162275985 0.000273806410203 8.64455998145e-05 0.000378881356557 0.000261880257371 0.000506138942927 0.000366968586356 3.00312669364e-05 7.37438886606e-05 0.000447438549439 2.0983043703e-05 1.18803943194e-05 9.79790579944e-05 8.38025037532e-05 7.91494427985e-05 3.73186013038e-06 8.01105539951e-05 9.14797148093e-05 5.69843965802e-05 0.00010691438556 0.00044473886674 0.000173054321798 2.32002015688e-05 0.000248831828592 0.000309794966812 0.00125485707959 0.000335954101794 0.000328848091001 0.000339363221852 0.000420215946105 0.000652347752712 0.0004105859018 0.000549638911583 0.000486722368667 0.00067660458619 0.00153046066468 0.000726321425333 0.00172424605991 0.000365136984425 0.000249380204117 0.000257569278075 0.000301161098312 0.000738773838084 0.000496405696311 0.000390338406875 0.000289720766768 0.000701805412393 0.00051802405887 7.40772923943e-05 7.05279991038e-05 0.000196412815778 0.000169681414765 0.000164360720407 0.000147068849433 0.00119579288546 0.000605630424845 6.12914618232e-05 0.000133233185592 0.00140596280855 0.000598439541111 0.000731519362182 0.0001619179835 5.3570044388e-05 2.23773408323e-06 0.00070863869748 2.15868529084e-05 1.80100654707e-05 5.07196365725e-06 6.61199458826e-06 0.000109020247632 8.26731954754e-05 2.48213821795e-05 5.42094461037e-05 4.46190837233e-05 8.52691108028e-05 2.7084259133e-05 2.6969195753e-05 0.00130696297759 0.0012766404118 6.47081384422e-06 0.00031852414785 0.000180057710242 0.0009487363066 0.000101122544999 0.000866345427367 0.000810694264659 0.000213591559686 1.33313207307e-05 5.55689446699e-05 0.00133811550408 0.000234068170658 8.55751895595e-06 0.000133389850898 6.17418577837e-06 0.000155340292113 0.000611558329546 0.000112534566373 0.000624671000728 4.65753834727e-05 8.96492949155e-05 0.000106519573623 5.12132132618e-05 0.000430315887861 0.00120355529115 9.19638984875e-05 0.0017562409311 0.00124235455261 0.00104845538021 0.000768620183906 0.00063500972959 0.000436934781582 0.000731719660095 5.73828408972e-05 6.35666401141e-05 1.50384893655e-05 0.00149639806682 0.000401447190232 0.000195854260721 0.000448879310031 0.000289905754826 0.000119865244589 0.000359533809942 0.00067652180656 0.000560549102422 0.000301870057391 0.000969876243242 0.000457979925493 6.24221503082e-05 0.00138312577444 0.00135415672586 0.000630576620489 0.000268697399294 0.00110067117325 0.000382731973679 0.00101907551964 0.00133094577609 0.000334226715973 0.00019881814814 0.00026645085303 0.000234308477333 0.000916126714386 0.000281904025729 0.000531898629168 0.000103045068103 0.000173418215151 0.000542350531252 0.000397276521318 0.000317568472935 0.00044304565164 0.000534099935864 0.000353413611106 5.88541413186e-06 0.000656678616226 3.86652373735e-05 0.000436714251041 0.000396698840029 0.000131873247828 0.00116135670348 0.000462388001594 0.000628689990182 0.00163158663977 0.000318848762552 0.000320369624066 0.000366068500785 0.000120679856423 0.000385017609849 0.00015389886434 0.00134700511101 0.00126447309896 0.00118938068836 0.000536801135074 1.25350770324e-05 0.000608444457074 0.000682677922735 0.000844455180998 0.00057480495862 8.14213059296e-05 0.00118947777793 0.00108386599064 0.000718134396371 0.000330923468081 0.00071056912541 6.83305191959e-05 0.000577037893289 3.01607031171e-05 0.000539914278494 8.6507042058e-06 0.00126305076184 0.000225898633844 0.000322788341645 0.00128366881792 0.000337834007487 0.00160488150809 4.00000064178e-05 0.00103782876872 3.50970927608e-05 1.9090177551e-05 0.000948057021887 5.68397510352e-06 0.000710957400931 0.000324729904815 5.78915096547e-05 0.000666347312045 0.000359987095458 8.54478191076e-05 0.000315956828551 0.00040315484325 0.000137692114076 0.000405141651752 0.000383845049901 0.00128152497769 0.00141984931022 0.000444466443175 0.00162775443005 0.000755358541507 0.00055171901535 9.92730923201e-06 0.000817482065411 0.000753752300208 0.000681700425446 0.000487830905593 3.38372072458e-05 0.000445040191197 7.8707383056e-05 1.13262450499e-05 0.000194457231073 0.000316022509358 0.000107786021792 0.000551537023509 0.000371541496224 0.000442520900833 0.00075575242455 0.000404192082977 0.000414761144406 0.0013632479386 3.88792322868e-05 0.000156339979025 0.00032913341808 0.000297964759044 0.00044963242694 0.000114397110144 3.75623150112e-08 0.000861131788486 0.000790801593202 0.000897770206092 0.000735157031772 0.000229303557292 0.000769435473539 4.21213881033e-05 0.000529350792476 0.000494144947248 0.000198340157152 3.62217823406e-05 1.49842154846e-05 0.00054746484683 0.000772521030099 0.000731292313863 0.00101017761668 0.00199825824154 0.00107261284776 0.000790764523913 0.00116954499168 6.7852410342e-05 0.000156871946222 4.67047994506e-05 6.47915059651e-05 1.01454774163e-05 2.117040134e-05 8.55470438104e-05 9.05289049837e-05 0.000823842723332 0.000901741259577 0.000116435373474 0.000269716698569 0.000290495648199 0.000264782518197 0.00148638329969 0.00135520477329 0.000278657368396 0.000434905997928 0.000271367547997 0.00141237467158 0.000478890738626 7.87985175926e-06 0.000160405148657 0.000544207616112 0.000470783779495 0.00106929129577 0.000127230924301 0.000385469753127 0.000202770032557 0.000575733064405 0.000405680675346 0.000448925955541 0.000386932874131 0.000575770268611 0.000628257429865 6.14080641139e-05 0.000132036739887 0.000716239172427 0.000998244932616 0.000158903519986 0.000487385639352 0.000186690137337 0.000163848009478 0.000167915746893 0.00192376614135 0.00103182451692 2.25441532522e-05 0.00101986322618 0.000435560333578 1.19787863346e-05 0.000859026741829 0.00042938662807 0.000783618958061 0.000762303903805 0.00033228039595 0.000488250051218 0.00102883334224 0.000877355556182 0.000377809580247 0.00148695782372 0.000999858347051 5.70872315221e-05 0.000291244477201 0.000340001969956 0.000238605458145 0.000164368890537 0.000271963998052 1.77657665456e-05 0.000365098924418 0.00125357124938 0.000660853225066 0.000278507240541 0.000221240245648 2.75596809678e-05 2.46167122712e-05 0.00046271705271 0.000400572422759 0.000100504693441 0.000885750340408 0.000706595619905 0.000894013706933 0.00053424351032 0.00028749717698 0.000459616169531 0.00103767087812 0.000474293844557 0.000347702610708 0.000150601443614 0.000396386010188 2.9634424047e-05 0.000628342265704 0.000585234522836 0.000476121471688 0.00107591065031 0.00123202351537 0.000968015408794 0.00030303496033 0.00028080077945 0.0003511009042 2.24099986287e-05 4.36240062601e-05 4.47595167592e-05 0.000632824443371 0.00126104054754 0.000383143380533 5.13003115562e-05 0.000901891568584 0.000436440493836 0.000330573556123 0.000739963917894 0.000433130124344 0.000844230105908 0.00138155023744 3.14893873125e-05 0.000825817567555 0.00125426690185 0.000138289245903 9.05311697792e-06 0.000237879989216 0.000839924074466 0.00095387631313 0.000209512962562 0.000389148347273 5.43991836507e-05 0.000589412068533 0.000962891635701 3.05608060846e-05 0.000930253481369 0.000983409676288 0.000324046528894 7.77727043006e-05 0.000441271012992 0.000343985143349 0.000523620555609 0.000445346035785 0.000867401344329 0.000581338222299 0.000328635981675 0.000649716184067 0.000403169925667 0.00111822810603 0.00063264111764 1.36056129563e-05 0.000231065905744 0.000526440689457 0.000497467500511 4.03085249724e-05 0.000510437666224 0.000102954472226 0.000112953118288 6.2728917944e-05 0.00016662267585 6.14377311009e-05 0.000211967170136 0.000198377969941 0.000773048967583 0.000572561258577 0.000102505356417 0.000439331428147 1.31141026025e-05 0.000807638643448 5.07020493741e-06 0.000259223680703 0.000916244299177 0.000697209349199 0.000151093135871 6.3799941389e-05 0.00045222709671 0.000433568816877 0.000606618437637 0.000174894502241 0.000550655070709 0.00144028757023 0.000129096778711 0.00102457843856 0.000211517931317 0.000175673339115 0.000195958667517 1.25677595545e-05 1.08693586342e-05 2.35782078747e-05 0.00140667441731 0.00138475594775 0.00107871279145 0.000819486897894 0.00095429898751 0.000584858243965 0.000218050792397 1.10153632048e-05 0.000247387124706 0.00062560956769 0.000515574511225 0.000244395053235 0.000475299682152 0.000348011924583 0.000118278821961 0.000351403487645 0.000482481850079 5.17517167937e-05 0.000742075138969 0.000670479851544 0.000228958726667 0.000505052199614 0.000312284472695 0.000449351365239 0.000569148359731 0.000573528811104 5.02140556103e-05 0.000638253354322 0.00020485699346 0.000451290891294 0.000717778851912 0.000574999320253 0.000114391261422 6.70102663485e-05 4.10248212977e-05 9.59658491494e-06 0.000322549016611 0.000349672392269 9.14976040362e-05 9.26616094038e-05 2.69268099876e-05 0.000539650960845 0.000804395713634 0.000419585346247 9.16157966606e-05 5.69082438877e-05 1.61066828242e-05 1.72522063565e-05 4.55812677406e-05 3.8537496012e-05 0.000426276103366 0.000669665795816 0.000844684949138 0.000198338776485 0.000482805344287 9.61946954923e-05 0.000286735016539 0.000599639458695 0.00101813659729 2.50815029756e-05 0.000216853565328 0.000825176413282 0.000851352059968 0.000262270544024 0.000231670173242 7.44986558615e-05 0.000134024135032 0.00045783397793 0.000558213621146 0.00046048744868 2.47049267741e-05 0.000815964032605 0.000140268498211 0.000258247118347 0.000390863750782 0.000145013733584 3.68964537516e-05 0.00112907548076 0.0010290200894 2.27152222415e-05 0.000140809125463 0.000430343121235 0.000323445878944 0.000163607538906 0.000535389992415 5.25781675587e-05 7.30857199802e-05 0.000994848814542 0.00038080681709 0.000314454396691 1.83942682288e-05 0.000109166987774 2.66347902243e-06 0.00023116142512 0.000111984105695 0.000243813135941 0.000243239748395 0.000129617577454 0.00069489002011 0.000338142265531 0.000589194063162 0.00145716314806 0.000916394572732 0.000903379092507 0.00103222942705 7.44308051135e-05 0.000395455562524 0.00126079164706 0.000727682499842 0.000262084390555 0.000270583419509 5.90026469872e-05 1.99341877361e-05 0.000828761097998 0.000250012571448 0.000973366575956 0.000141903239006 2.12925544475e-05 1.01615814163e-05 7.83318574374e-05 0.000114484823919 0.000136629574907 3.28075801138e-05 0.000114458894127 4.11875213862e-05 0.000362742616457 1.29451000251e-05 0.000549968146878 0.000267860692638 0.000160856367011 0.000312991244121 4.10799648395e-05 4.49578601486e-06 8.25239175135e-06 1.07663941489e-05 0.000153311460261 0.000223480229276 0.000658826033952 0.000835026264466 0.000830176786275 0.00065789769749 0.000192799524112 0.000828965579393 0.00041037672902 0.00059116588184 0.000479926832922 0.000126887220673 0.000439049884389 0.000739887659053 0.000923953830418 0.000438982631202 0.000775398358306 0.000649459077701 0.00100934397503 6.80342415898e-05 0.000946834352446 0.00100288376052 0.000906222263573 0.000492727931905 9.64255969883e-05 0.000320029908 4.05043198163e-05 0.000893656764685 0.000865091790346 5.56115276393e-05 0.000284187495555 0.00101594845535 0.000538421297702 0.000999465955424 4.28101662234e-05 0.000908934964888 0.000870253389486 0.000912577154001 0.000651315291986 0.00162186713497 0.00119628889953 0.000453067118352 0.000333252072637 0.00045875638836 0.000706029469908 0.000184520086615 0.000665860879025 0.000741711324476 4.28063824793e-05 4.52171664882e-05 0.000379162209198 0.00046668736849 0.00018973224946 0.000181369781803 0.00040108719929 0.00057721347444 8.07938314392e-06 4.60784269008e-05 0.000529669414135 0.00107971795223 1.316274403e-05 4.37325058344e-05 0.00151725793215 0.000144648074564 0.000159642801365 0.000384855791646 0.000395503861186 0.000338241298339 0.000186279390843 2.60785574011e-05 0.000135664749273 0.000825330278884 2.01691641187e-06 0.000259041444577 0.000514640883554 0.000220261732515 0.000605665304231 3.3381599704e-05 0.000743951005338 0.000140470938051 0.000683031883084 4.98928559799e-05 0.00126932241766 6.87330371392e-05 0.000186535596848 0.000522573410594 0.000885867219604 0.000352000149345 0.00113912030153 0.00038896531026 0.000427724903311 0.000556414427161 0.00143151380361 0.00147320112161 0.00018174429508 2.78025690999e-05 0.000885653982887 0.00024426558539 0.000347181492543 1.384153276e-05 0.00108668414691 0.00112258929998 0.000525343399415 0.0019331862105 0.000157476790727 0.00051904000752 0.000731383097943 1.1167229591e-05 3.13868919433e-05 0.000352649109257 0.000632035416235 0.000462290629093 0.000419233995087 0.000162009083235 2.0795585829e-05 0.000500373651575 0.000407001593014 2.84202730966e-05 0.000114715517334 0.000130869611919 0.000932109672365 0.000563971561191 0.000956064903833 0.000184270161995 0.000775972644947 0.00133530936977 0.00126761360843 6.22600032287e-05 8.93392174839e-05 4.31731888867e-05 0.000745462080828 0.000603367653633 0.000843935152685 0.000317899271802 0.000290211319854 3.39328990922e-05 6.75929321606e-05 5.51332335414e-06 0.000461597595108 0.000689433274596 0.000867809480065 0.000501409176346 5.92048273369e-05 0.000828614981205 0.000576069860361 0.000492586733444 0.000364657942516 0.000569819875436 0.000323746239145 0.000176339809421 0.000139722259295 0.00116950935905 0.00126755369089 5.29418373183e-05 0.000481055102387 0.000324830067492 0.000197599510077 6.76831051076e-05 5.99223314505e-05 9.49514544015e-06 5.7458743284e-05 0.000560756981978 0.000318153026243 0.00014482604341 0.000781301421273 0.000197406265923 0.000588435501732 0.000372114682028 0.000469309962269 5.22154792572e-05 9.13167964814e-05 0.00034546044387 0.000747153409026 0.000173553336127 0.000227100135116 0.00107144343229 0.000385616006808 4.55823528529e-05 0.000957266976677 0.00100289447777 0.00071550029447 7.36357456862e-05 4.70629002333e-05 0.000357166896194 1.96321336584e-05 0.000326941076081 0.000766295218405 0.000944811834246 0.000268318377862 0.000517423980511 0.000538135266458 0.000424760637213 0.00138569823765 0.00146860738563 0.000184620946685 0.000883466479941 6.25187069289e-05 4.50387904757e-05 0.000184060663815 0.00103287392909 0.000671392517349 0.00121783880316 0.000563814322749 0.000319981455573 0.000246777897602 0.000459784584979 8.53091177589e-05 0.000641175569105 0.000478616099532 0.000366497987462 0.000224609469896 0.00023847879133 0.000335626922563 0.000940095323101 0.000510436985297 0.000470603230558 0.00073817550564 0.000136825527075 0.000908753490156 2.94213669424e-05 0.000515442372997 0.000104313126957 0.000682187327742 0.000641743492318 1.41212374493e-05 0.000408332781882 0.00109272373134 0.000366058432881 8.07566023316e-06 0.000156907816713 0.000261502240065 0.000165737607154 0.000106454785135 0.000664067481163 4.76050990972e-05 0.000778435343045 0.00128562465304 0.00133981555625 0.00129511966974 0.000512378693399 0.00120135679526 0.000311990359991 0.000502623603961 0.000143693564226 0.000870399695724 0.00109338766744 0.000109444054901 0.000263847437035 0.000239148896967 6.00390514935e-05 1.72677723443e-05 3.11175856923e-05 0.00120708286237 0.0002075756924 0.000631242337986 0.00102250809458 3.69456151858e-05 0.000576146730476 0.000710014476071 0.000782515278265 0.000646405419005 3.78572465911e-05 3.71664859906e-05 1.35008266629e-05 4.80424121685e-05 0.000309399321219 0.000452308501359 6.2781645457e-05 0.000881194311203 0.000293644186937 0.00090867496802 0.000131410083894 0.00152305381129 0.000215372537992 0.000409193470336 0.000553208423601 0.000221660089881 0.000298373295166 0.000195797255815 0.000461623866071 0.000542645125971 0.00102248041108 0.000176749803391 0.000178465850552 0.000964670736678 0.0012859704999 0.000919188380966 0.000510643762914 0.000431293290093 0.00125768794606 0.00112903180578 0.000565618680206 0.000316039455784 0.000738549592327 0.000263418611456 0.000104259775985 2.01397082932e-05 0.000161243098268 0.000443716817626 4.88627367227e-05 0.00069182093837 0.000333466789686 0.00135042385894 0.00177716166298 8.15249552486e-05 0.000305484945799 0.000145421335765 0.000120987279082 0.00147103408297 0.00097730432604 0.000371209801143 0.000279461271689 0.000485913152305 4.14656411513e-05 1.45546968817e-05 3.86150809964e-05 1.66024553434e-05 2.57557292277e-05 0.000316113188096 0.000413770382148 0.000425782854574 0.000561860222513 9.15614027604e-05 8.93722508013e-05 0.000730995771874 0.000277498233286 0.00122216498738 0.000916960190492 0.00108458701902 0.00167342674318 0.0010358810525 0.00109648061541 2.73811434593e-05 0.000292227317367 0.000133502307171 0.000553591536353 0.000230308400882 0.00133428316537 0.00103093759123 0.000578839695488 0.000638203034862 0.000768258957707 0.000344265515829 0.000141484614345 0.000710174043241 0.000749103363571 0.000598350235544 0.000931400125499 0.00012024292777 0.000665241213014 0.000400233406458 0.000478007816089 6.61099600102e-05 0.000765180009812 0.000447616486241 0.000389776541448 0.000188127825717 0.000670968309793 0.000241313903357 0.000268065839846 0.000857977961353 3.12761077574e-05 2.13667650379e-05 1.52941214484e-05 0.000665446439541 0.000740648371398 0.00054895601999 0.000307265779787 0.000254672107742 0.000391580108528 7.95771082621e-05 0.000149975941887 0.000339370570514 0.00037476907285 0.00018702955651 0.000106839404257 3.41675806123e-05 0.000398139295956 1.31653976967e-05 1.83129917149e-05 0.00010696221145 0.000314175694837 0.000303662616182 0.00012880892248 0.000233760256994 2.60168774909e-05 5.77868035151e-05 3.32217508581e-05 0.000558349509992 5.23079844867e-05 0.000143440183821 9.45184578072e-05 1.27939103804e-05 7.86974051019e-05 0.000173756781795 0.000409813817303 9.36190753815e-05 0.000529210432829 0.000835450574242 0.000869697123687 0.000600361893792 0.00124841377473 4.20986241226e-05 0.00037219373275 0.000506178177048 0.000511521988918 8.78299075588e-06 0.000365104410804 0.000274482136511 0.000462626989285 0.000734274192312 0.0013717534543 0.000204572621504 0.00140450418669 2.84981941722e-05 0.000209881777363 0.000434290439537 0.00022369095316 0.00115583999003 0.000969627777652 0.000198746418466 0.00054232503584 0.000461589529353 1.2640633587e-05 0.000564078474656 0.00024026834307 2.07223478711e-05 0.000232309936445 0.000490298094965 0.000107312145521 5.06780954213e-05 3.99279610861e-05 5.88478913793e-05 0.000633088101813 0.0015689934155 3.39248743414e-05 0.00071320168065 0.00139361297871 0.000763119587311 0.000764302664146 0.000126812078961 0.000894268326562 0.000604603013502 0.000793652310981 0.000350000260532 0.000326934917036 1.1372559475e-05 0.000114760612398 0.000549427465843 1.29330454009e-05 0.000984587451679 0.000212433467521 0.000354083183222 0.000227731683859 0.000258380191872 1.15238241391e-05 0.000213307580915 0.000355877634064 0.00104012160108 0.000493939718149 4.41393365857e-05 0.000490997770617 0.000322850129013 0.000126672332136 0.000217670881282 0.000202951606182 0.00103239789278 0.0010479566835 0.000724777608748 8.64622046999e-05 3.03987951919e-05 2.51025274201e-05 0.000177289426944 0.000231892473483 8.83559831803e-05 0.000307533192892 0.000316487715549 0.000340227769722 0.000142291002584 0.000117114764015 0.000118133279217 0.000440828337592 0.000140297838609 0.000435479648521 0.000299434299775 0.000442219295593 0.000157502989874 0.000256686946859 6.44876039567e-05 3.95955916836e-05 0.000546525110699 0.000684661557362 8.2180904222e-05 0.000610602589481 0.000748709964709 0.000310067397105 0.000720020018436 0.000174919395017 0.000227739114393 0.000128707823573 4.66497628458e-05 6.62312926343e-05 0.000147414325523 3.05389245474e-05 1.59714855926e-06 0.00122794052546 0.000169133405421 0.00030332806553 0.000298732300003 0.00100197355945 0.00018887857019 2.59114418448e-05 0.000360866016238 0.000740134363403 2.75296466311e-05 0.000438641073646 0.0012542293064 0.00149109560593 0.000507806263523 0.000331386938306 0.00106145773059 0.000111588071452 0.000526759492028 1.46256485551e-05 5.47200444555e-05 0.000225524026335 1.70724978092e-05 7.78039003103e-06 2.418144528e-05 0.00067348755047 0.000761673935275 0.000782569875713 5.14300672599e-05 0.000386310798391 7.25088655064e-05 3.01188542544e-05 0.000133680807302 2.65366190772e-05 5.21953989038e-05 2.45281160854e-05 0.000749809126264 0.000406535819912 0.000470028516011 0.000475814358737 0.000439589131054 4.7485788448e-05 0.00011717890176 0.000103362148033 0.000766287972366 6.92945345719e-05 3.27416871757e-05 3.75267851336e-05 0.000176496581738 0.00050293804284 6.40892381296e-06 0.000922369164799 0.000510802721349 0.00048675244604 3.23090589646e-06 1.66320370115e-05 2.87914848962e-05 4.86474308066e-05 4.64398704307e-05 2.90024702627e-05 8.62190016449e-05 0.000514062328183 0.000221703020131 0.000473727667203 0.00022719784047 0.000615155372772 0.000393351467343 0.000133335206944 5.85093361614e-05 0.000278370520956 3.14542890876e-05 0.000153249222604 0.000127419010781 0.000146899902232 0.00023500234416 0.000438901955146 0.000592730002661 0.000392647603104 2.19343201187e-05 0.000374268263338 4.92921733902e-05 4.24058677004e-05 9.82482005563e-05 0.000150894479943 0.000224125989615 0.000502396795757 0.000298826400484 0.000279356939 3.53025747149e-05 0.000375895396549 9.76709221873e-05 5.59666328402e-05 2.46450024928e-05 0.000331290235883 0.000265338359305 9.48843330178e-05 0.00052691188264 0.000264878957409 0.000348277160593 0.000387562966646 0.000738072130076 6.55375249705e-05 2.80911378251e-05 0.000303536977257 9.1691873008e-05 0.000127362530204 0.000285748524811 3.16825550523e-05 0.000192174725346 0.000598566655527 0.000131955587411 0.00010115156834 0.00111482393578 0.000598333487866 0.000330485655614 0.000173221825729 0.000177677861237 0.000962787669172 0.00107992828416 6.56437611327e-05 0.000107049624621 0.000226769986681 0.000843339929851 0.000285788162093 0.000215334474957 0.000523139975378 0.000155228432416 0.000200108293848 0.000111371240838 0.000229492346689 5.01863986605e-05 0.000217680782136 6.09665909676e-05 9.96249116646e-05 8.68663229667e-05 0.000138488975777 0.000168747231584 0.000289577045813 1.26022590882e-05 0.000253210589336 0.000183343364949 9.28179437947e-05 8.2772514308e-05 0.000599625039076 2.68416310215e-05 0.000335359976861 0.00013372164053 0.000551863682406 2.59280527954e-05 0.000563143165046 0.000208758252208 0.000379454582466 0.000183073414056 0.000477707275528 0.000379658255102 8.70426655009e-05 0.000329031193925 0.00143592623002 0.000364129981707 2.64035345398e-05 0.00097770377235 0.000237159667968 0.00037631527814 0.000200916334499 0.000197216740547 0.000349906743987 7.90712008851e-05 3.7916915728e-06 0.000170527448631 0.000279842157829 0.00023110123913 0.000299961847893 0.000267482441226 2.99055837884e-05 2.65171818252e-05 2.43870855529e-05 1.04918805812e-05 1.04060020281e-05 5.60916282451e-05 4.59740496363e-05 4.08641842214e-05 0.000202490516518 0.000492509935459 2.76040466041e-05 0.000572813223472 0.000260994651874 0.000126509133067 7.25230938882e-05 0.000159485962901 0.00039762225179 0.000247645999809 0.00023886287379 6.93365527687e-05 3.82931632113e-06 0.000398415070493 0.000366257001494 0.000136352350442 0.000201188203128 0.000130353996708 6.38281639485e-05 0.000308647910475 1.99960806791e-05 0.000687086718959 0.000291074176125 0.000341825283213 0.000635919106469 0.000638069306303 0.000357505929418 0.00038555842636 0.000392226046488 0.000143142936076 8.67106375668e-05 5.82599761891e-05 8.73215368093e-05 0.000114504082871 0.000160787419629 4.40914645581e-05 0.000555001715333 0.000110034124424 0.00048050783851 3.22029710582e-05 0.000138759148533 0.000448428291261 0.000166809472059 2.64999411711e-05 0.00030658847337 9.85853554574e-05 0.000548828152658 0.000462552521443 7.79141646215e-05 0.000324648252655 0.000319313614219 0.00019292147961 0.000383980907788 0.000273359802897 0.000281754070671 0.000451427854696 2.19497193108e-06 0.000333348029777 0.000705003279626 0.000484126401793 0.000147686717503 0.000358109667392 0.000192960665714 0.000131599287247 0.000210709539409 0.000266018469783 0.000226699109076 0.000136132528015 0.000310699583647 5.52131882917e-06 9.08510571628e-05 7.69549196314e-05 0.000202659100926 0.000270570084589 0.0003243822384 3.39690717311e-05 0.00019949592695 5.99876902999e-05 4.40033043562e-05 0.000212115143127 0.000217547784975 0.000597738234773 0.000777041968824 0.000318701186794 4.57166152973e-05 0.000273755603452 8.75045515402e-05 0.00031675036583 0.000351092245617 0.000483001838487 0.000540798310989 0.000476936812879 0.000374300097675 0.000788638272432 0.000407415316932 0.000455937072747 0.000493956117289 0.00031179640639 0.000580709849218 0.000700501931826 0.000130783518552 0.000353435784563 0.000324532111191 0.000237988327911 5.13569885909e-06 0.000147893749836 0.000136376143462 7.60810275311e-05 7.13202112592e-05 8.0320997923e-05 7.44591823956e-06 3.08235926055e-05 0.000125473676747 0.000132630174888 2.43590899508e-05 0.000106260893797 0.00184444759423 0.000571262676641 0.000130482455976 0.000250017906883 0.000188084513639 1.33657839165e-06 0.000158682915595 0.000228489397121 6.39082844278e-05 2.72456301206e-05 0.000600325419816 3.06204284522e-05 9.40905576354e-05 4.32027463414e-05 0.000111074248695 0.000226855010309 0.000843901834508 0.000125700474017 6.88150398954e-05 0.000507695823942 0.000839974752745 0.000805116043875 0.00072686270667 0.000298422750213 0.000158818273541 0.000160932630965 4.81891351668e-05 2.78965731528e-05 0.000218659756823 6.20398654897e-05 8.12076229302e-05 0.000139005568777 0.000277115422497 0.00028972090617 0.000473099850076 0.000164224875325 0.000601605884961 0.000389058556982 0.000134058789907 0.000279118024863 0.000315705776752 0.000132804239014 0.000108492606456 5.26495111135e-05 3.73327070434e-05 5.84255125942e-06 1.10837871059e-05 1.98289199699e-06 0.000239452687932 0.000193853250806 0.000192814678971 0.000306835403972 0.000346021498416 0.000226526735225 0.000167238716985 8.13963244297e-05 0.000552250046481 0.000517104101186 0.000246724438034 0.000201585659622 0.000446396819931 0.000236600441443 0.000226304793193 0.00012292649285 0.00020869633279 0.000286737272856 9.05070087211e-05 0.000202041343935 2.75124161391e-06 0.000322706819022 0.000323342651223 2.76896531764e-06 8.78344207455e-05 0.000234694728303 0.000970734852605 0.000237233682077 0.00024243088577 0.000522373195431 8.81238810567e-05 0.000356196105887 0.000730994430711 0.000812612395723 2.06459711104e-05 0.00107342271736 0.000347587203043 0.000305349130649 0.000142660402109 3.11113016588e-05 7.30439421479e-06 5.30100270073e-05 0.000953719811654 0.000718845867695 0.000305743909374 0.000703812314623 0.000227154403316 0.000376784651081 0.000131778278015 0.000205671042095 3.71794203715e-05 0.000223279082991 0.000482828610663 0.000168954278456 7.69900553223e-06 0.000272914815431 0.000160195541737 0.000116308084872 1.27749674192e-05 0.000127622368699 0.000217837688712 0.000272802226008 0.00039444988597 0.000220802907876 0.000148296866113 2.72913255412e-05 0.000373795934181 0.000220704695772 9.34469069686e-05 0.000572004936251 0.000457213164001 6.59013592454e-05 4.61060430102e-05 0.000458492196026 0.000712634147951 0.000775806605572 0.000643939875445 0.000181097280927 0.000393493481023 0.000675588783612 0.000128930575596 2.63423342482e-05 0.000826025516331 0.000792273460142 0.000145481980038 0.000524234504297 0.000513712103167 0.000209831208003 6.99029318912e-05 1.57464697883e-05 1.32395238393e-05 0.000141801748669 0.000527742164844 0.000133616309525 0.000104492472328 0.000524598463924 0.00019440785811 0.000271174375884 0.000312210355124 0.000341600778676 2.74602769037e-05 0.00028207822912 0.000431439318221 0.000268904008101 3.94405399234e-05 2.3148200625e-05 5.04384233099e-05 0.000120475821647 7.39072465648e-05 8.10629029408e-06 0.00018931616908 0.000220555250822 0.000358446840358 8.89139290839e-05 0.000490834666252 0.000322327864349 0.00163553126639 5.41286347012e-06 0.00177989304771 9.5745278832e-05 0.000382488493075 0.000231873228887 0.000316557906719 0.000419232381695 0.000141886873026 0.000161585745104 0.000449683452685 2.31651405474e-05 4.95272765459e-05 4.97008944413e-05 1.5991148133e-05 6.76322193603e-05 0.000364099462959 0.000191820889897 1.78940544559e-05 0.000283793817236 0.000134814447963 0.000208948078764 8.00074532937e-05 0.000134260848196 2.67010806354e-06 8.18803631532e-05 9.33594874608e-05 0.000120262714586 0.000338249901779 1.82061774624e-05 0.000364612804564 0.000147180669554 0.000149262286847 0.000157381611648 8.61469886118e-05 9.74564218936e-05 6.98254984922e-05 0.000145696631019 0.000109915327443 5.59288669763e-05 0.000420105754437 0.000237614814872 7.56491836355e-05 0.000204471312102 3.84321599247e-05 2.35154393281e-06 3.75124772649e-06 0.000300575845573 0.000325947454349 0.000404791041636 9.04822082349e-05 0.000258139662569 0.000217950637219 0.00070071696833 0.000220176165241 0.000320050819066 0.000172617648027 0.00033768058188 6.05665415742e-05 1.98182147372e-05 0.000361100882468 4.11461994507e-05 5.46840266962e-05 0.000439309508145 6.62450097911e-05 0.000145214042954 0.000122083518493 9.94821871549e-05 0.000170536865131 4.2458996382e-05 0.000262625745526 0.000337048324257 0.00012821742097 9.70647315416e-05 1.39954096081e-05 5.73956937307e-05 0.000125259685939 6.94433738129e-05 9.59797124349e-05 0.000281612974271 1.51765989946e-05 0.000520653142269 0.000199317396027 0.000302536986155 0.000193042987381 0.000134736377753 0.000222355464617 9.50316080013e-05 0.000174740482586 0.000535937487165 0.00042263914192 0.000192749363159 0.000188369276234 0.000204920467146 0.0011157329922 0.000362600855286 0.000736475799175 0.000184326459626 0.000395189705263 0.000513540586067 0.000419160104635 4.07883676133e-05 3.03271545536e-05 0.000238136100384 0.00021263508166 0.000212912799285 0.000223925523785 5.26960204098e-05 0.000176351855558 0.000157287926705 0.00117011413467 0.000575586601446 0.000256750788891 0.00037812353515 0.000213364560563 3.16745484091e-05 6.94999354045e-05 0.000382432513762 0.000190427795968 0.000279031959881 0.000284013215638 4.37485640145e-05 0.00032498553131 0.000510534639115 0.000385531011138 0.000449679918867 0.000291099896023 0.000285821036337 8.44854107731e-05 7.99601498289e-05 0.000677798025208 3.87216781098e-05 0.00041622737921 0.000605522044379 0.000151871622897 0.000557525248501 0.000395621671385 0.000130832382922 0.000204644312783 0.000340633782565 6.97419320445e-05 5.37284777203e-05 0.000376265809105 4.61856610318e-05 0.00016209694139 0.000176064498935 0.000355367801121 0.000680674517809 0.000294077555072 0.000169020564437 0.00207640823264 0.000375064341172 2.61123955455e-05 7.24708956718e-05 7.10679501039e-05 0.000508154593983 0.000113222343715 0.000399922533602 7.31112403956e-05 5.64773321037e-05 0.000300830400373 0.000682239296165 0.000293056780498 0.000183427653838 0.000127969867015 0.000151815748011 0.000151842655763 0.000195099260421 0.000633801128361 0.000241329943516 0.000648822401552 0.000467629944123 5.19575540058e-05 0.00034629760383 0.000423601544251 0.000412863007036 1.03552844227e-05 8.02812721555e-06 0.000554535228351 0.000267068639644 0.000194843117768 0.00029303216592 0.000237904203638 3.60771438417e-05 2.61991205371e-05 2.66129954338e-05 5.30151580762e-05 0.000213081833321 6.1431491516e-05 2.20375926379e-05 6.65584952464e-05 0.0001478294734 0.000117617811959 0.000227804961451 0.000137157577919 1.93022549149e-06 4.94148438207e-05 0.000213512463017 0.000291147100815 2.91256308973e-05 0.000361515896323 0.000480571755148 0.000330734809287 0.000251153449709 0.000266726207417 0.000381432507309 0.00021239336248 0.000511249311429 0.00064613403337 0.00042377488564 0.000516568126675 0.000185618019888 0.000178894183383 1.05681587389e-05 0.000314229315044 7.82607474981e-05 0.000192292329456 0.000130469422902 8.60983296305e-05 0.000248797797358 0.000184097985455 0.000287457699319 0.000232340619453 6.35458251129e-05 0.00017879584864 0.000293926115568 4.20808988258e-05 9.23836422498e-05 0.000191703190239 0.000194193286675 0.000494939835081 0.000330289458417 0.000465414177725 0.00045078167337 0.000177701382783 0.000101693491581 0.000521728715487 0.000218740313806 0.000213122685355 8.75465743182e-05 0.000417652721693 0.000352278456402 0.000288385543846 0.000200949422975 1.02112715698e-05 0.000197982753641 1.39259600164e-05 0.000277090171627 0.000167867303749 0.000268502236062 0.000331226369069 0.000312018197086 4.87844782995e-05 1.71501857665e-05 2.5073163464e-05 5.58499062896e-06 5.98314105744e-06 3.64405541756e-05 2.11474697176e-05 0.000213268062808 0.000181131988022 0.000229003949933 0.00050982017048 0.000480494717467 0.000304334937233 0.000210344232161 0.000418896034437 0.000152956817264 8.75816000231e-05 0.00020782582658 0.000252052660242 2.93199928834e-05 0.000677551597986 0.000867262785938 8.59080459445e-05 0.000414766915127 0.000179750477175 0.000249732371662 0.000195357187723 0.000228592721747 3.46830114979e-05 0.000233443822557 4.93755331309e-05 0.000242979152571 9.12952018513e-05 7.56429360511e-05 5.97172890594e-05 0.000204480425994 0.000230365908082 0.000521536583378 3.54118927435e-05 2.29124336092e-05 9.67194914604e-06 3.46298415214e-05 0.000516441686169 0.000258401814873 4.28819917197e-05 0.000398706887879 0.000435915609813 0.000321667359098 0.000467035360053 0.000358778640331 2.5545167398e-05 0.000326918243794 0.000303943149623 8.53835196222e-05 5.64915303794e-05 6.47522695329e-05 2.93899819542e-05 0.000349068447906 8.82335773392e-05 0.000187996169617 0.000436991314471 0.000198831808118 7.24213775452e-05 0.000177020224877 0.000217484529304 0.000205267724485 6.88031889797e-05 0.000289998948802 0.000395925174184 0.000375806132931 0.000235744881813 0.000305194070004 4.80553263525e-05 0.000631270362067 5.55841381869e-05 0.00013541605244 0.000363820468147 0.000142703452775 5.3383478318e-05 0.000116944680649 0.000182805468113 0.00032038103296 5.77571101018e-05 0.000766980788005 1.98338220573e-05 0.000338270831346 0.00026082263759 0.000244346335662 3.92756203435e-05 0.000313302657676 0.00011843558959 0.000175064351418 0.000229765065503 7.90303783529e-05 2.76177877517e-05 0.000168257805047 0.000233200289569 0.000302436102232 6.99242152416e-05 6.67273976414e-05 0.000170168125184 0.000106952284809 0.000263260789774 5.67536549813e-05 8.46179992906e-05 4.97608175579e-05 9.42433619042e-05 8.06278284954e-05 4.93134426364e-05 5.05904748332e-05 1.01428271156e-05 0.000123393443233 1.87070171088e-05 2.7750200543e-05 0.000118587493018 0.000113878725952 0.000711887520709 7.08001882971e-07 0.000378373090954 0.000245748985681 5.71916984293e-06 0.00012194361711 7.69687232046e-05 0.000342324009754 8.9318442277e-05 2.82785382308e-05 0.000172054652005 0.000229555957852 0.000287149474905 0.000218724612202 0.000142196219323 9.26747333877e-05 4.84289824225e-05 0.00023521660299 7.46776114267e-05 2.30456479165e-05 2.01021882718e-05 2.28418529331e-05 8.22149890487e-05 0.000154679149653 9.26447309289e-05 0.000339089618099 0.000228039362338 0.000245819198409 0.000495565275031 1.27149780523e-05 8.00433116497e-05 0.00011204951695 0.000248793864495 0.000186950869372 0.000157797552258 0.000119898323932 0.000578394524433 0.00012085939995 0.00100194962438 0.000624644580073 0.000490545806037 0.000730440142494 0.000142203156076 7.39010658518e-05 0.000212002910725 0.000342856697004 0.000185360960326 8.84159327141e-05 0.000145206455848 2.70000490588e-05 0.000202005350514 0.000299839964304 0.000106926217214 1.53957824791e-05 3.72131692041e-05 9.38912979062e-05 6.09215824318e-05 9.47833794246e-05 0.000232306754303 0.00040601337165 0.000123160285666 0.000434220223534 5.15796523664e-05 0.000111222837431 0.000279246640815 0.00014265408115 0.000269763856785 0.000132962192086 5.35957620058e-05 0.00010742417839 0.000360885496353 1.93198941718e-05 7.43940852097e-05 0.000259475679561 0.000253624231796 0.000159646480405 0.000141430685459 0.000150167903885 5.61542703523e-06 3.83023724898e-05 0.000211947194942 0.000559624090442 0.000107258990091 0.00152603873327 0.000320396131327 2.83921106438e-05 0.000508632931907 0.000228357560963 0.000423403074501 0.000312565043588 0.000798156955392 0.000204341107506 0.000140747252749 7.21545185269e-05 0.000183627740726 0.000311950170832 7.02758804176e-05 0.000230696463437 0.00020098797771 0.000229727507515 0.00041468911754 3.77701219634e-05 0.000224414230982 0.000358739036116 0.00036552513145 0.000275092388498 0.000247028522281 0.000253188028295 0.000352329387447 0.000235695404495 3.25474625685e-05 0.00029692398278 8.58048783404e-05 0.000197863585659 6.76724937822e-05 0.000208491278245 9.669471435e-05 1.32298084438e-05 6.01696120078e-05 0.000260597925519 6.25178000181e-05 0.000199725129461 0.000168385532275 0.000174427474526 2.784443801e-05 7.38296241159e-06 4.97868137304e-05 6.33850970063e-05 0.00012625791808 0.000102408141848 4.79358362777e-05 0.000103601581183 0.000385570862473 0.000521734764834 0.000160992767862 0.000486687167706 0.000248889793206 0.000177335029961 0.000131470727264 6.58130902282e-05 9.53433768348e-06 0.000228406621553 0.000151570231959 4.51231941497e-05 0.000337112168251 0.00019655532872 8.16739213326e-05 0.000343523570994 0.000361898169927 0.000206950360897 0.000112129062873 0.000140314567421 8.791556552e-05 9.56804901911e-05 2.25642497282e-05 0.000126898749929 0.000292234878229 9.94698363669e-05 0.000374554860996 5.66694198409e-05 0.000199816350882 0.000208464920287 6.05621932615e-05 3.50372125909e-05 0.000263273621369 0.000335213386972 0.000590241237542 7.26787641005e-05 0.000164150292908 0.000199103133853 0.000198911794058 0.000210847738276 0.000109133894767 0.000315611210524 0.000492591983399 9.45572145296e-05 0.000126996791062 0.000152620963817 9.57368677474e-05 8.26299697368e-05 6.91025249442e-05 0.000196434623235 8.50671357797e-05 0.000156729628337 0.000142112176967 0.000872879387946 0.000164541418335 0.000155704372638 0.000416280540286 0.000268491637271 0.000187119694354 0.000135466642216 9.53531517208e-05 0.000475558081898 0.000120726943714 0.00028856982018 0.000173167924858 0.000247010085831 0.000235559868886 0.000144839005281 4.44356494928e-05 0.000268048608206 0.000301684203995 0.000205566589174 2.23008212231e-05 3.27660087638e-05 9.12604049086e-05 0.00033844387187 1.22574311871e-05 8.64752756665e-06 0.00029693604034 0.00019898438408 0.000116271428502 0.000227129474142 0.000157219431595 0.000183779253657 0.000336109695242 4.38340069722e-05 0.000181453158862 0.000193102589646 5.85273605067e-05 0.000170058249841 6.68990400554e-05 0.000297892025417 0.000125815649642 0.000215075054716 9.64910811586e-05 0.000155015179946 0.000140240019157 0.000285032183457 0.000151794896623 0.000182413719261 7.0110197368e-05 0.000206999213022 9.57652731405e-05 0.000111187686859 0.000199372467979 0.00018627807513 8.82846923841e-05 0.000207118519742 0.000135980321493 0.000314721147253 0.000379276850176 0.000511899902177 0.000253035794401 0.000142700350541 0.000882680899003 4.40358075379e-05 0.000258831989579 1.57132446172e-05 6.97936113239e-05 0.000105500885812 0.000619577129659 0.000118571241956 0.000687894801871 1.70933092864e-05 6.39495266424e-05 7.9033771603e-05 0.00032165489431 0.000858954258331 0.000269484329997 0.00025490080331 0.000548122065688 0.000474049144841 0.000222555722843 0.000196536477779 0.000324398003501 0.000212834383448 0.000154487861385 0.000196924353972 0.00062737856998 4.86996969358e-05 0.000552335613224 0.000166705997032 0.000196208196812 0.000346762203581 0.000174539097628 0.000117340309818 0.00018642732837 1.90637025038e-05 3.30538505367e-05 0.000278225842183 0.00035182610311 3.75504917468e-05 0.000154178457093 0.000135123388705 0.000281851958322 0.000292682316788 8.57825815772e-05 0.00018846145816 0.000247884186471 4.87226483874e-05 0.000108119224401 7.47396354838e-05 8.09020445235e-05 0.000267559218328 0.000186595484412 0.0004102276712 1.97153007787e-06 0.000164502773627 7.18916293289e-06 0.000192384738759 1.31249786266e-05 0.000130786090198 0.000176933759322 8.07047288479e-05 8.32350036471e-05 2.25496618999e-05 0.000171706185299 0.000223054414712 0.000194465387512 8.66728244814e-05 0.000161189863557 0.000233298232106 0.000155458552091 0.000165545140341 0.000263185175623 0.000422200396308 0.000130310311931 0.000334436740254 0.000119491585756 0.000169644222543 1.28374849616e-05 0.000186122023408 0.000148762125806 0.000106472546127 5.6460205697e-05 3.14599213511e-05 3.44227487036e-05 4.83579029554e-05 1.87859826499e-05 7.28678443109e-05 7.92348920063e-05 0.000120768916634 0.000348531457345 0.000445007765983 0.000179941953638 0.000197317938132 9.70635706451e-05 3.89194584078e-05 1.3281250948e-05 3.33056021218e-05 9.45454304819e-06 5.44837366089e-05 7.10694459573e-05 0.000175976154411 1.91924308717e-05 0.00029843612606 0.000146718663949 0.000310272972868 8.46047302058e-05 6.93834068854e-05 0.00040238981934 0.00014561887656 0.000169349763858 0.00011060297769 4.9310055029e-05 4.64437258661e-05 5.45065966677e-05 0.000155319192026 0.000105567167743 0.000157933997424 0.000181799147259 1.25980416713e-05 5.4651233814e-05 4.13776103721e-05 8.06634432867e-05 0.000109876644869 0.000137092467455 0.000120183638096 4.67850482117e-05 0.000119591730169 0.000151530702019 7.16164656639e-05 6.01686904287e-05 5.03497590005e-05 8.18280009656e-05 3.20774882053e-05 6.12344869548e-05 7.11256629449e-07 6.21034862336e-05 2.97297735596e-05 8.67670892914e-06 0.000215420266893 0.000115645681878 6.4110769776e-05 6.28596791549e-05 4.10575916921e-05 7.31033902251e-05 5.42798957797e-05 6.82928463347e-05 8.00334554629e-05 5.85519878268e-05 5.35760164406e-05 4.77238950143e-05 7.41468538477e-05 2.89512905583e-05 1.85800405066e-05 0.000128952533127 2.16157904566e-05 4.25515143792e-05 6.68693438886e-05 4.43089057015e-05 0.000367709492356 7.96541539977e-05 0.000226249083587 0.000237330372328 4.70623302719e-05 8.18806962509e-05 0.000143748610348 4.86519131787e-05 0.000112161638348 0.000102976742266 3.13507477943e-05 2.35950850843e-05 7.99950422655e-05 7.43612016057e-05 0.000126999156891 0.000188698013606 8.82195936846e-05 4.94696949289e-05 1.03414352411e-05 3.72432367023e-05 0.000158039414333 3.02394500132e-05 9.91252378979e-05 6.03482876872e-05 6.97544438947e-05 0.000148778128271 3.15458880451e-05 0.000116503007822 8.15824752234e-05 4.41585044075e-05 5.74644533534e-05 7.78787393879e-05 0.000128987447487 7.21505757612e-05 0.000590345383657 0.000345716314668 0.000247382247008 5.03142453077e-05 6.95971001044e-05 0.000102257620077 8.62475127041e-05 6.86629786504e-05 0.000147303975476 0.000229525517578 0.000119084267427 2.53690074214e-05 1.78224308888e-05 1.03229000277e-05 0.000138997690334 0.000101388324685 1.12873754468e-05 7.35050216306e-05 2.1102941299e-05 0.00022723639118 0.000278835777874 0.000321427438541 9.30514247093e-05 0.000146751047762 9.80113982216e-05 0.000127568026979 0.000266348066834 0.000280589992398 0.000154015264309 0.00023223339572 7.68407644271e-05 2.99148974707e-05 5.8625674291e-05 4.84433968147e-05 6.98220253984e-06 0.000127630932563 0.000130815220226 0.000172061675737 9.24079349249e-05 0.000207397537024 0.000159284829536 6.71436398693e-05 8.58717112101e-05 4.47013497516e-05 0.00013953036199 8.91662341566e-05 6.56869745761e-05 5.5771059499e-05 7.22662871489e-05 7.48614221351e-05 4.11062980552e-05 1.75845391464e-05 5.19204782104e-05 0.000156137176114 0.000102578211716 2.68359492038e-05 9.12111512907e-05 9.96167183987e-05 6.87985622951e-05 7.29955552485e-07 3.51232839858e-05 0.000153321825889 5.70003632184e-05 0.000110286593449 7.23661805483e-05 0.000178479488596 7.70337032172e-05 1.48346190638e-05 2.94109507358e-05 0.000100186314791 0.000154427908246 8.48370167257e-05 1.88493288948e-05 6.71394457705e-06 5.39944703137e-05 2.9696359842e-05 1.3667805855e-05 4.87302009673e-05 0.000125270528 5.69717064215e-05 0.000110360835551 2.92447586058e-05 4.54185985852e-05 0.000294194743128 0.000230195428982 0.000315829665297 8.75468471337e-05 0.000115413273001 6.05187414558e-05 0.000100400236384 1.63062994117e-05 3.53874116673e-05 7.4198189125e-05 4.22714527439e-05 9.28487221599e-05 9.17446501771e-05 5.7917560792e-05 3.4823766999e-05 2.20272406529e-05 2.84225030365e-05 1.07768769717e-05 0.000217928317902 9.67844927726e-05 7.22468475582e-05 0.0001236470909 8.76821606058e-05 2.66270539092e-05 1.6059940867e-05 8.14557688706e-06 7.57079877175e-05 0.000164768829618 0.000411054459934 0.000134123670328 5.36051912485e-06 0.000242048242028 9.53854063322e-05 0.000156055879159 0.000190447904222 0.00014117746488 9.00388256434e-05 4.04894226824e-05 4.61828899376e-05 7.85556744571e-05 3.88364484638e-05 1.18265817015e-05 5.87141614995e-05 2.79608613595e-05 1.25944914834e-06 6.66679020314e-05 0.000147189777825 1.74721173259e-05 9.45871586507e-05 7.71355314216e-05 0.000199968659827 2.85749702211e-05 2.79962750949e-05 8.95366470373e-06 0.000156172632671 0.000200914280353 0.000147044180229 0.000425263395645 3.42765699627e-05 4.39489692387e-05 9.92360372956e-05 0.000117231581938 0.000401786682839 0.000122231959216 9.32934981235e-06 2.59990527659e-05 3.32069993539e-05 0.00016464000767 3.88149257372e-05 1.94477581446e-05 0.000141751956077 1.30847163859e-05 3.54738442023e-05 2.25032282002e-05 8.34125146406e-06 1.620104959e-05 0.00026466959105 0.000277289472152 8.13778649226e-05 3.06615282431e-05 3.95374281819e-05 2.16878429548e-05 6.72153301847e-05 0.000226012994594 6.14143248767e-05 0.000140910771542 9.04975704459e-05 0.000102935236198 8.25226714958e-05 8.61992946857e-05 3.29463808967e-05 0.000172475008204 3.99961107733e-05 0.00010414569292 0.000175929018585 9.48267482248e-05 8.87116821751e-05 8.52863345978e-05 6.03247524431e-05 0.00010551552531 3.45612564844e-05 0.000105573225264 5.22735360879e-05 9.84796282273e-05 1.45085563469e-05 3.97657158955e-05 3.60950595982e-05 0.000296793908473 9.42480888411e-05 0.000278752083074 0.000102208833185 1.12584731265e-05 7.53119859879e-05 2.47374431794e-05 1.733755575e-05 0.000142517796454 0.000171186147291 5.00984074403e-05 3.7266240545e-05 2.7953794484e-05 5.11165032739e-06 0.000147319749858 0.000229008854823 0.000257966626719 5.51604097923e-05 3.95548050587e-05 0.000125857959805 6.29078040929e-05 0.000150408062726 6.63533091162e-05 3.61114807538e-05 0.000205707764564 0.000215451252148 3.11103501975e-05 0.000116699399136 1.14057425636e-05 8.91963153419e-06 0.000116812513574 2.0668051938e-05 0.000141611443307 0.000133999354028 6.81433665052e-05 0.000279955689987 0.000502924896362 7.20981332232e-05 3.9240097577e-05 5.23047294311e-05 1.68325795115e-05 4.08823292114e-05 8.61133052231e-05 6.35506814247e-05 9.00415665139e-05 4.75555293348e-05 2.09840794993e-05 0.000122400510374 0.000172617287123 0.000241644225675 3.92984174843e-05 0.00014336856157 0.000101529347575 6.57311173507e-05 2.63195383702e-05 1.93020308668e-05 4.83391922744e-05 5.53867006971e-05 2.72555449692e-05 0.00013850860228 1.63498932434e-05 7.73050200287e-05 1.90391144355e-05 3.96001571264e-05 4.61956638635e-05 4.3323702626e-05 4.24968142094e-05 3.47349671012e-05 3.64387423883e-05 8.19129337694e-06 0.00011882486286 5.27163355518e-05 4.13680801348e-05 3.09703180729e-05 1.79470638553e-05 9.7474418563e-05 3.63153838108e-05 0.000342627185276 6.79027047013e-05 0.000214826948726 0.000188099631477 9.16644988571e-07 7.99475163474e-05 0.000229883127306 0.000102591735378 8.39295120605e-05 6.33350326378e-05 4.02826949523e-05 9.74452437584e-05 0.000291308839146 7.82982968521e-05 9.93132575097e-05 0.000118432842231 4.16358113723e-05 6.74663502988e-05 1.85234923782e-05 1.96655155619e-05 1.08621967011e-05 0.000282213918516 1.50714268099e-05 0.000119604768484 1.32997244396e-05 1.47503915649e-05 0.000115164477161 0.000323546470958 8.42072080921e-05 0.000299634849997 0.00022493271103 0.000180373838852 0.000121815117322 0.00021264019604 0.000160484009758 0.000131204637777 0.000308807333204 0.000112359883492 7.73277161521e-05 5.1736010594e-05 7.0817867245e-05 0.000127611270746 6.12339721677e-05 3.57171804283e-05 6.60990418885e-05 5.54843685679e-05 6.05147891904e-05 1.54916812865e-05 0.000321609606452 0.000108621757692 6.07042664385e-05 0.000136130560271 0.000140400937264 5.00280292232e-05 4.93089071511e-05 5.21368613376e-05 0.000127864981944 4.08048785034e-05 1.98749913407e-05 4.95001953695e-06 1.38649469164e-05 0.000227911687755 7.85178769033e-05 0.000258629980326 3.90024617136e-05 3.8632610822e-05 5.19758317799e-05 0.000136508185625 9.69578133512e-05 4.72093384725e-05 0.000206201245226 0.000182591067934 0.000205640249004 0.000104463615544 0.00010507844545 9.20837119333e-05 7.30013260007e-05 7.82766543626e-05 7.08266248696e-05 2.70997168e-05 3.12094852504e-05 3.35722332724e-05 0.000224401904651 0.000350965176286 0.00013773530178 1.31746316989e-05 3.46968318855e-05 7.83900351044e-06 3.08668300158e-05 5.64474691425e-05 0.000109416129788 0.000186105864374 0.00015077381267 5.99361140527e-05 7.51394760036e-05 0.000317333629986 5.69898692859e-05 8.55886484678e-05 0.000132785661888 7.63237038523e-05 8.1995802782e-06 3.99897251544e-05 4.57772070788e-05 0.000111749146253 4.14816481422e-05 8.10639517635e-05 5.10803991611e-05 2.81892940002e-05 3.16438124827e-05 4.0531037864e-05 5.15830369776e-05 1.15854524021e-05 2.80597243217e-05 5.76166105899e-05 0.000186982265651 5.73493539139e-05 4.98569169085e-05 6.67316519708e-05 3.32409807272e-05 5.5367417381e-05 4.41385739067e-05 0.00012399705297 3.22984157789e-05 5.17125868201e-05 1.25449572126e-05 4.38401695409e-05 1.09686056287e-05 3.49185428994e-05 3.38853352178e-05 1.23974152654e-05 1.27749453557e-05 4.62192804516e-07 2.56183884796e-05 4.89895473159e-05 4.54781508727e-05 3.01416559268e-05 9.8474144924e-06 1.40536803303e-05 1.54656968924e-05 8.03157398846e-05 3.76110360615e-05 5.77012051302e-05 4.95848211845e-05 1.18281697867e-05 9.65856040926e-06 5.87291233311e-06 2.29847957e-05 2.99161625041e-05 1.10841053058e-05 2.0977383109e-05 3.73433575409e-05 4.88333679106e-05 1.77947975967e-05 8.12267623077e-05 1.25600562516e-05 1.54462846803e-05 6.54240390788e-05 2.15548112204e-05 3.02564107848e-05 2.74315094454e-05 5.24634836445e-05 6.78888974531e-05 4.88803499778e-05 8.88687118169e-05 4.99776392415e-05 7.20390021054e-05 4.97205816129e-05 4.76900569468e-05 6.12422317281e-05 1.32605928822e-05 4.37373383951e-05 3.12028760205e-05 4.04315113619e-05 4.46487696087e-05 1.89299616968e-05 3.65347586171e-05 2.46293483172e-05 4.90618258384e-05 8.6730186331e-06 0.000111582953775 1.87493759788e-05 2.02574450495e-05 3.430605918e-05 7.08286603888e-05 1.09549842814e-05 3.10843949969e-05 2.39074110603e-05 7.44460854209e-05 3.9658442649e-05 4.21479718877e-05 1.3297477784e-05 4.30217419114e-05 2.41940908191e-05 1.4618067962e-05 1.50232425793e-05 4.90996092626e-05 1.06509298001e-05 0.000124502613473 7.4659826753e-05 0.000185215766786 7.65153329664e-05 3.51377781874e-06 5.92207805711e-06 6.34759616173e-05 2.0105236701e-05 1.72215397591e-05 3.46739327149e-05 7.34859238359e-05 5.30645483097e-05 3.65087815893e-05 5.39805795702e-05 2.8577663777e-05 5.94562250037e-06 1.70841731097e-05 1.57438349141e-05 2.24263017142e-05 1.57522921014e-05 1.33116530114e-05 4.64100540961e-06 2.33025956695e-05 1.71879803964e-05 1.62760859615e-05 4.79181865237e-05 1.58666700937e-05 3.08823169081e-05 7.03062473605e-05 3.14789702849e-05 8.74210196562e-06 0.000110752405321 0.000118334727541 4.67012110077e-05 0.00011291680543 3.25396622968e-05 5.25076848302e-05 6.8963835982e-05 4.19860844828e-05 2.33932903716e-05 3.37135836365e-05 1.55951253224e-05 3.47406702969e-06 3.27056389763e-05 0.000130606739771 7.65420572405e-05 7.04373795865e-05 5.03873228979e-05 6.26890758458e-05 1.28220528781e-05 1.88558431107e-05 6.81050171712e-06 7.69473091218e-05 4.2387005772e-05 2.60664185608e-05 1.54483415193e-05 2.76797675208e-05 3.00676970024e-05 1.69785353706e-05 3.02912956959e-05 9.3112903755e-05 1.65765434958e-05 1.32395449006e-05 3.85302593959e-05 1.34568045755e-05 3.04894063105e-05 2.31257907961e-05 2.13160714591e-05 1.76965103054e-05 4.60059729313e-05 4.19075426305e-05 1.0304652337e-05
</DataArray>
      </CellData>
      <Points><DataArray type="Float64" Name="Points" NumberOfComponents="3" format="ascii">
0.00296324 -0.00656215 0.000799759 -0.00308277 -0.003709 0.0021852 0.00343514 -0.00103093 0.00218983 0.00354127 -0.00507051 0.000799284 -0.00116535 0.00145458 0.00079969 0.00269169 -0.00244302 0.00207793 -0.00309184 0.00253799 0.00358947 -0.00256728 -0.00672705 0.000799586 -0.00459432 -0.00090103 0.000799043 -0.00161191 -0.00701742 0.00204936 -0.00240954 0.0020545 0.00222591 -0.004697 0.0032399 0.00398534 0.00612826 0.00377976 0.00223568 0.000621417 -0.00270189 0.000798829 0.00138041 -0.00706694 0.00264098 0.00644369 -0.00321283 0.0038692 -0.00336063 0.00398311 0.000799551 0.00395973 -0.000124905 0.00572729 -0.00297626 -0.00591239 0.00211392 0.00554786 -0.000189387 0.00347418 -0.00108098 -0.00412227 0.000799936 -0.00103403 0.00125894 0.00241102 0.0044683 0.00564593 0.00343734 -0.00353896 -0.00210381 0.000799936 -0.00310091 -0.000328832 0.0007997 -0.000850655 -0.00355067 0.0022882 0.00702887 0.00156311 0.00362308 0.00190674 0.0053468 0.000799548 0.00222706 0.00219578 0.00190664 -0.00287599 -0.00486873 0.000799421 0.00439423 0.0057037 0.000799434 -0.00286072 0.0066074 0.00217838 -0.00199113 -0.00559851 0.00440363 0.00690951 0.00202614 0.00542924 0.00218354 -0.00421516 0.00345105 0.00142493 -0.00154284 0.00445647 0.00231129 -0.0033249 0.000799097 0.000225232 0.00399869 0.00172333 0.00707606 -0.0013324 0.00187863 -0.00717645 -0.000587701 0.000799376 0.00510718 0.00507552 0.0020861 -0.00238441 0.00519671 0.00276766 -0.000535418 0.00214864 0.00502884 0.00676242 -0.00247144 0.000799806 -0.00390247 -0.00110398 0.00377087 0.000510303 -0.00429753 0.000799476 -0.000328186 0.00718552 0.000799936 0.00436783 0.00268208 0.00363764 -0.000987136 -0.00447131 0.00387416 0.00136546 0.00333251 0.000799936 -0.00678551 0.00240814 0.00199968 -0.000582278 -0.000683799 0.000799364 0.00719201 -0.000340603 0.00494646 -0.00583796 0.0042146 0.00453927 -0.00274928 0.00123145 0.000800117 -0.00573248 0.00250356 0.000799499 0.001976 -0.00584044 0.00347731 -0.00174961 0.000146443 0.00151154 -0.00526779 -0.00490888 0.000799657 0.00381403 0.00232946 0.00217896 0.00274816 -0.00501577 0.002187 -0.00418639 -0.00160303 0.00217695 -0.00231391 0.00553552 0.00633204 -0.0039185 0.00232294 0.000799546 0.000552342 0.00574783 0.00349185 0.00651004 0.00307609 0.00362028 0.00064315 0.00247744 0.00203058 -0.000945953 -0.00222518 0.00317923 -0.00285844 -0.0048396 0.0032945 -0.00558169 0.00218512 0.00317069 0.00414842 0.00412273 0.000799911 0.00245345 -0.0036087 0.00490604 0.000486158 -0.000257023 0.00461065 -0.00592528 0.00409142 0.00079959 -0.00471156 -0.0054449 0.00334974 -0.00231606 0.00277144 0.000799252 -0.00545176 -0.00310706 0.00497955 0.00373116 0.00383091 0.0027248 -0.0053508 0.00134216 0.00183096 0.0035175 -0.00194385 0.000799932 -0.00103185 0.00559347 0.00162186 -0.00469474 -0.00312094 0.00210578 -0.00317773 0.000651679 0.00223005 0.00127867 0.00417665 0.00528959 0.00169563 0.00355088 0.00257643 -0.0040358 -0.00376712 0.000799537 -0.00317298 -0.00169439 0.00531889 -0.00445594 0.00100489 0.00334696 0.000308106 0.00530258 0.000799221 0.00292563 0.00657947 0.000799578 0.00176965 -3.87827e-06 0.00368988 0.00449437 0.000668914 0.00203955 -0.000319949 0.00281243 0.000798932 -0.000726093 -0.0021752 0.00148147 0.00121837 0.00163295 0.00079969 9.04442e-05 0.000687885 0.00142741 -0.00120024 0.0041337 0.000989983 -0.00187723 -0.00695153 0.00524926 0.00220834 0.00409394 0.00399092 0.00720037 -8.75619e-06 0.00338141 -0.0037221 0.00508994 0.00189654 0.00682246 0.00230269 0.00222002 0.000141395 0.000200805 0.00309987 -0.00536346 -0.00107052 0.00312004 -0.000294569 -0.00719439 0.00516036 -0.00593581 -0.00116153 0.00162971 0.00288436 -0.001119 0.00395836 0.00429192 -0.00509057 0.00266045 -0.00234017 0.00376722 0.0020505 0.0004672 0.00640007 0.00195211 -0.000798287 0.00466839 0.00423307 -0.000294274 -0.00501815 0.00197897 -0.00720012 4.80758e-05 0.0038896 -0.00680531 0.0023533 0.00581857 -0.0012462 0.00709201 0.00213741 -0.000821025 -0.000849682 0.00237203 0.00704946 0.0014655 0.000799858 0.0050521 0.00292395 0.00135312 -0.00179372 0.00162111 0.00377152 -0.0020357 -0.00338404 0.00334947 0.00383749 6.28535e-06 0.00333876 -0.0046659 0.00349784 0.00158645 0.00653356 -0.00302572 0.00228295 0.00288946 -0.00659514 0.00239746 -0.00703556 0.00153347 0.0033153 0.00301067 0.00654043 0.00355646 0.00274044 0.00114003 0.000799736 0.0042891 -0.00238189 0.00213136 0.00603729 -0.00392414 0.000799348 0.00178663 -0.00266729 0.00337771 -0.00233321 -0.00140961 0.00371485 -2.86837e-05 0.00172202 0.0035656 -0.00686832 -0.00216122 0.000799584 -0.00242631 -0.00325513 0.000799209 -0.00622146 -0.00362449 0.000799718 -0.00487534 0.0052984 0.000799913 0.00144025 -0.00705445 0.000799936 0.00130525 -0.000141645 0.000799679 -0.00706119 0.00138305 0.000799936 0.00512875 0.00418754 0.00341603 -0.00417351 -0.00586813 0.00572825 -0.00187135 -0.0047564 0.00203848 0.00208439 0.00251976 0.00373567 0.00546555 0.00468744 0.00614924 0.000336067 -0.00589533 0.000799307 -0.00396678 0.00175255 0.00467416 0.00702098 -0.00159675 0.00345518 -0.00358553 0.00624474 0.000799257 -0.00199959 -0.0014887 0.000799406 0.00231908 -0.000244996 0.00517248 -0.00405364 -0.00595112 0.000799683 -0.00427696 0.000755992 0.000799915 -0.00665054 0.00275872 0.0042694 -7.60029e-05 -0.0065897 0.0021828 -0.00210703 0.00278293 0.0048257 0.00655187 0.00298609 0.000799537 0.00425646 0.00165109 0.000799526 0.00272714 0.00418563 0.0015316 0.00318541 0.00283943 0.000799378 0.00192366 -0.00177271 0.000799812 0.00507094 -0.00511264 0.00126349 -0.00578196 0.000197573 0.000799786 0.000430778 0.00415935 0.00334422 0.000528016 -0.00274661 0.00239411 -0.0041711 -0.00485941 0.00196274 -0.00319574 0.00645253 0.00373472 0.00130951 0.00125805 0.00282182 0.00507257 -0.000946552 0.00214731 0.00276633 0.00509795 0.00287799 0.00325405 0.00642274 0.00513337 0.00298903 0.0013464 0.00313391 -0.00578008 -0.00429347 0.00218456 0.00560155 0.000785157 0.000799839 0.00043428 -0.00137544 0.00321214 0.00194293 -0.00500898 0.000799698 0.00286812 -0.000481564 0.000799132 -0.00101154 0.00590057 0.00319129 0.00553463 0.00236207 0.00468394 -0.00235313 0.00522563 0.000799406 0.00559753 -0.0045287 0.00340806 0.00573069 0.00435916 0.000799139 -0.00129925 -0.00571785 0.000799936 -0.00209872 0.00688539 0.000799648 0.0051631 -0.00252617 0.000799572 -0.00318016 0.000307036 0.00401219 -0.00417673 -0.00393758 0.00338034 0.00214205 0.00684112 0.00216964 -0.00384409 -0.00298937 0.00466173 0.00352101 -0.00368899 0.00264267 0.00400597 -0.0039793 0.00441892 0.00488598 -0.00301356 0.00349704 -0.000914349 0.00364312 0.00545547 -0.00337293 -0.00251483 0.00320884 0.0071986 -0.000157684 0.000799659 -0.00102113 0.00284873 0.00223588 0.00236459 0.000293714 0.00210414 0.00152027 -0.00400544 0.00201079 0.0062766 0.000104471 0.00208047 0.00591609 -0.00111371 0.000799229 0.00331579 -0.00265513 0.00384616 -0.00218562 -0.00237859 0.00211519 0.00375627 -0.00614288 0.00543624 -0.00461634 -4.28049e-05 0.0021486 0.000973438 -0.00713391 0.00418665 -0.00364168 -0.00621122 0.00425903 -0.00654098 -0.00138518 0.00415539 -0.000131017 -0.00387543 0.00508659 0.00390248 -0.00351167 0.000799936 -0.00523056 -0.00236868 0.00079968 0.00134889 0.00707274 0.000799591 -0.00718935 0.000399434 0.00205773 0.00129521 0.00506464 0.00225052 -0.00493096 -0.00254076 0.00357723 0.00189044 -0.00115576 0.00258704 0.0044614 -0.000340422 0.000799308 -0.000626144 -0.00717317 0.000799272 -0.00620636 0.00365 0.00301717 -0.00658493 -0.00291068 0.00218435 0.00637192 0.00335405 0.00615811 0.00325497 -0.00642338 0.00810273 -0.00262556 -0.00549014 0.00586776 0.00355995 -0.000379159 0.00763008 -0.00119804 -0.00581432 0.00303126 -0.00677011 -0.00245178 0.00774195 0.00567993 -0.00186956 0.00428296 -0.000571969 -0.00717782 0.00358527 -0.000378687 0.000270705 0.00743417 -0.00200938 -0.0022484 0.00978816 0.000734725 -0.00699174 0.0098327 -0.000706435 0.00344932 0.0071556 0.00153261 0.00464019 0.0099224 -0.00716957 -0.000667669 0.00543872 0.000405027 -0.00417501 0.00314455 -0.00495714 0.000902762 0.00559946 0.00544861 0.00368852 0.00742001 0.00702866 0.00156193 0.00852015 -0.00601132 -0.00396371 0.00783515 -0.00252163 0.00115892 0.00519486 -0.00520241 0.0029848 0.0092203 0.00159115 0.00421462 0.00709717 0.000379048 -0.0057441 0.00346185 0.000281217 0.00551874 0.00505187 0.000391872 0.00224544 0.00928247 -0.00410089 0.00223326 0.00238625 -0.00185774 9.68067e-05 0.00313818 -0.00074789 0.00313343 0.00378594 -0.00591309 0.000432431 0.00302083 0.000789179 -0.00193503 0.00940355 0.00596103 0.00403931 0.00477326 -0.00305466 -0.00505563 0.00821411 0.00220266 -0.00380184 0.00780626 0.0027411 0.0053257 0.00705156 0.00299312 0.00489517 0.00553124 -0.000939779 0.00282006 0.00860783 0.00481456 -0.00535434 0.00453263 -0.00680281 -0.00235911 0.00539723 -0.00576123 -0.00431877 0.00378413 -0.00190714 -0.00380041 0.00844258 0.00545569 -0.00201281 0.00586051 0.00415242 -0.00156096 0.00504939 -0.00159768 -0.00702071 0.00932914 -0.00205137 -0.00034875 0.00493686 0.00355664 0.00215362 0.00648635 0.000263929 0.0067557 0.00623319 0.00126538 -6.69367e-05 0.0072575 0.00479722 0.0011615 0.00388831 9.97997e-05 0.00454 0.00630743 0.00444215 0.000777379 0.00696485 -0.00550862 -0.00199501 0.00862268 -0.00371712 0.00105866 0.00809137 0.000448972 0.00300873 0.00600156 -0.00277988 0.00664198 0.00527484 -0.00533032 0.00484032 0.00907881 0.00373713 0.00615419 0.00799049 -0.00213924 0.00389773 0.00653215 -0.00477316 0.0053905 0.00474665 -0.00576724 0.000349895 0.00849035 0.0036862 0.00618529 0.0021504 8.96136e-06 -0.00719476 0.0067307 -0.00336758 -0.00259199 0.00891531 0.000756008 0.00716026 0.00839604 -0.00556446 0.00282435 0.00671132 0.00324543 0.00296706 0.00474094 -0.0021384 -0.00449219 0.00701858 -0.00233253 0.00144786 0.00879223 -0.00130387 0.000848078 0.00618411 -0.00318687 0.0064564 0.0073065 0.0061496 -0.00238968 0.00884284 0.00238779 0.00330782 0.00604743 -0.00393883 0.00584313 0.00603438 -0.00113606 -0.00593845 0.00624034 -0.00719349 -0.000324451 0.00822973 -0.00374678 -0.00448159 0.00640106 0.00371848 -0.00616601 0.00369658 0.00409825 0.00402165 0.00820936 -7.84949e-05 0.00719999 0.0032249 -0.000863362 -0.000835421 0.00397589 0.00461095 0.00131781 0.00546897 -0.00423674 0.00582162 0.00844555 -0.00266945 0.00551005 0.0085241 -0.0044688 0.00564625 0.00319709 0.0019109 0.00196215 0.00887019 0.00265646 -0.0066923 0.0064593 -0.00358218 0.00368211 0.0050438 -0.001003 0.00438744 0.00267194 -4.22908e-05 -0.00170273 0.00507348 -0.00423331 0.000141273 0.00680517 -0.00606647 -0.0038784 0.0062388 0.000310474 -0.00281211 0.00397687 0.00464495 0.00546399 0.0050167 -0.000733334 0.00446587 0.00916963 -0.00171449 -0.00423652 0.00527971 -0.00497056 -0.00158614 0.00486012 0.00674145 -6.20577e-06 0.00864876 0.00102809 0.000620265 0.00583332 0.00229978 0.000156191 0.00845686 0.00511857 -0.00374843 0.00209616 0.000707693 0.00295425 0.00442415 0.00147911 0.00704651 0.00361113 0.00435635 -0.00150141 0.00346465 -0.0021715 0.00455656 0.00507485 0.00220188 -0.00104677 0.00950573 -0.00539032 0.00477385 0.00222311 0.00428521 -0.0046263 0.00585532 0.00414047 -0.00149924 0.00664731 -0.00275972 -0.000336029 0.0063713 -0.000477955 0.00584619 0.00840317 0.00539401 -0.00206252 0.00746601 -0.00196493 0.00692695 0.00829013 -0.00672633 0.0025698 0.00947425 -0.00320173 0.00240639 0.00592982 0.00694803 -0.00189105 0.00525657 0.0019246 0.00563649 0.0043068 0.00497285 0.00520707 0.00758555 -0.00152726 0.00703685 0.00623825 -0.000386089 -0.000449464 0.00600569 0.00248476 -0.00528695 0.00728263 -0.00372761 0.00380296 0.00284535 0.00523475 -8.39347e-06 0.00811095 -0.00127338 0.00587732 0.00516625 0.000893507 0.00588547 0.00741747 0.000420181 -0.0050141 0.00756083 -0.000470479 -0.00276718 0.00618837 -0.0004391 -0.00359657 0.00784003 0.0027351 0.000576252 0.00647984 0.0053587 -0.0048093 0.00732744 -0.000310505 0.00719381 0.00480703 0.000352202 -0.00174702 0.00710497 -0.00216842 0.0038531 0.00363828 -0.00231561 0.00362886 0.00871595 0.00155059 0.00703106 0.00520937 0.0016156 0.00560378 0.00592948 0.00266202 -0.00207711 0.00531835 -0.00570599 -0.00228477 0.00655945 -0.00294455 -0.00183608 0.00689592 0.00164418 0.00168313 0.0068579 0.00317335 0.00617979 0.00949572 0.00552168 -0.00397559 0.00493119 0.00566405 0.00444542 0.00881241 -0.00699823 0.00169283 0.00737478 -0.0033291 0.00488471 0.00402068 -0.0032259 -0.00445772 0.00480373 -0.00657258 -0.00294036 0.00378364 -0.00268529 -0.000562361 0.00933737 0.00557862 -0.000647503 0.00668541 0.00259921 -0.00103816 0.00653344 0.000728582 0.00122289 0.00808661 -0.000579261 0.00156275 0.0103542 0.00107776 -0.0047322 0.00448464 0.0013307 -0.00640982 0.00730813 0.0018802 -0.0051241 0.00581124 0.000108779 -0.000197912 0.00984421 -0.0048041 -0.00456843 0.00504135 -0.00523253 -8.53137e-05 0.00437273 0.00172665 -0.00146871 0.00787464 -0.00563219 -0.000525039 0.00585821 -0.00148526 -0.00160055 0.00575648 -0.00119184 -0.00710073 0.00778367 0.00409944 0.00591924 0.00644997 0.002046 -0.00269937 0.00665741 -0.00275605 -0.000891052 0.00225719 -0.00437065 0.00176386 0.00681263 0.00274753 0.00405166 0.00906476 -0.00533731 0.00240012 0.00518595 -0.00321228 -0.00308545 0.0104288 0.00391005 -0.0030079 0.0056856 0.0061239 0.000828241 0.00471738 0.00376281 0.00439112 0.00422285 -0.00240913 -0.00678557 0.00341656 -0.00715455 0.000809888 0.00605019 -0.00276852 -0.00664523 0.00830561 0.00596023 0.0010301 0.00629534 0.000239446 0.00450768 0.00790059 -0.00114511 -0.00112029 0.0072437 -0.00387519 -0.00606845 0.00728701 0.00238785 0.00181661 0.00544776 0.000664299 0.00273272 0.00756215 0.00248432 -0.00675792 0.00468537 -0.00393679 -0.000289104 0.00528874 -0.00110445 -0.0054574 0.00776565 -0.00430097 0.00377487 0.00646969 -0.00620032 0.00116263 0.0046276 0.00537511 -0.000530982 0.00510303 -0.00152386 0.00466773 0.00779209 0.00126515 0.00132762 0.00441895 -0.000627954 -0.00444365 0.00649618 -0.00157301 0.00242129 0.0062893 0.00298073 0.0014451 0.00779944 -0.00707191 0.00135514 0.0104558 0.00530979 0.00193263 0.00258414 0.00495369 0.00272198 0.00859484 0.000449902 -0.00575758 0.00614384 0.00120428 -0.00557087 0.00210258 -0.00264366 0.00268669 0.00744783 -0.000448818 -0.00563784 0.00482649 -0.00329283 0.00470802 0.00728866 0.00112783 -0.00283305 0.00535402 -0.00208053 -0.0027495 0.00481634 0.00714857 -0.000859769 0.00646273 0.00677939 -0.00242605 0.00675411 0.00127397 -0.00708646 0.00575725 0.0051357 0.00240533 0.00651774 0.00187345 -0.00695342 0.00871053 -0.00712111 -0.00106513 0.00269944 0.00708527 -0.0012807 0.00955432 -0.00487805 0.00135257 0.00936314 0.00334686 0.000844545 0.00461019 0.00111841 -0.000986924 0.00592468 -0.00173672 0.00698806 0.00411282 3.92376e-05 0.00159464 0.00662816 0.00459761 0.0034977 0.00541062 -0.000839147 0.000638493 0.00459734 0.000625443 -0.00133182 0.00162436 0.00288939 -0.00511404 0.00457075 0.00554658 -0.000444193 0.00961812 -0.0052985 0.000308963 0.0120335 0.0035897 -0.00287608 0.00724702 -0.00532338 -0.00218029 0.0134669 -0.00031079 -0.00330783 0.0117574 -0.0035248 0.00217947 0.00956886 -0.00573942 -0.000773676 0.00962865 0.00442943 -0.00567667 0.0100722 0.00328786 -0.00310112 0.012243 -0.000719546 -0.00448478 0.00979126 -0.00105113 0.000601818 0.011543 0.00560733 0.0015113 0.00777922 -0.00340606 0.000664291 0.0100675 -0.00525323 -0.0049243 0.0119609 0.00163473 0.00289574 0.0136154 -0.0036085 0.00469345 0.0113537 -0.00477327 -0.00539101 0.010447 -0.00446284 0.00403893 0.0101698 -0.0028447 0.00339127 0.0103602 -0.00562737 -0.00449179 0.0094368 -0.00703298 0.00154201 0.0137688 -0.00238301 -0.00679488 0.00676028 -0.00268443 -0.00668087 0.0104531 0.00066937 0.00412307 0.0132691 0.000547181 0.00586613 0.00963078 0.00229848 0.00682377 0.00670647 -0.00343739 0.00632682 0.0112777 -6.72804e-05 -0.00479436 0.0112189 0.00554752 0.00459064 0.010401 0.00404828 0.00227622 0.0118221 -0.00509038 0.00382863 0.00786285 -0.00525867 -0.0008377 0.00754667 -0.00126856 0.00328633 0.0101076 0.00412722 0.00240799 0.0102302 -0.00429623 -0.00233779 0.00763794 0.00270009 0.00173047 0.011157 -0.00212935 0.00195499 0.0103169 -0.000651242 -0.00717095 0.0106102 0.00542309 -0.00193198 0.0101923 -0.0018699 0.00300689 0.0115684 0.00308369 0.00124065 0.00968389 0.000193761 -0.00204814 0.0108935 -0.00307425 -0.00140911 0.0106373 0.00547564 -0.00150936 0.0117341 -0.000606712 0.000876785 0.00889721 -0.00459702 0.0021115 0.0125082 0.00231335 -0.00527126 0.0107919 -0.0031656 -0.00145098 0.0131143 0.00336021 0.00163442 0.0131148 -0.00549338 0.0018385 0.00796896 -0.00568256 0.000564438 0.0105023 -0.00140549 0.00181015 0.0125293 0.00157968 -0.00538614 0.00859731 0.00540838 -0.00475428 0.0129658 0.00601561 0.00395663 0.0145511 -0.00582233 0.000672241 0.00692473 0.0034661 -0.00108791 0.0146977 -0.00310071 -0.00301486 0.0134458 -0.00493728 0.00524137 0.00712945 -0.000509474 0.00641504 0.0106992 0.00355695 -0.00130579 0.0118989 7.07571e-05 0.00603357 0.0121428 -0.00231516 0.00441269 0.0143843 0.000909108 -0.00400698 0.00641827 -0.0012083 0.00559138 0.0129961 0.00506029 -0.00262008 0.0128081 -0.00258579 0.00671977 0.0126163 0.00379477 -0.00611884 0.0127324 -0.00650411 0.00308956 0.00797819 -0.000618044 0.00717351 0.00928536 -0.00244876 -0.0052764 0.0116715 0.00231597 0.00681802 0.00830588 -0.00608777 0.00384452 0.0102384 0.00398074 -0.00410529 0.0132774 -0.00376939 -0.00453105 0.00954578 -0.00336775 0.00244659 0.0115406 0.00462377 -0.00137059 0.00868521 -0.00049031 -9.32147e-06 0.0130124 -0.00432905 -0.00300731 0.00618561 -0.002615 0.000918787 0.0114337 0.0031427 -0.00193067 0.00845678 0.00584189 0.000283618 0.0110117 0.00410042 0.000947864 0.0108839 -0.0027484 -0.00325243 0.00617949 -0.00641201 -0.00225488 0.0104621 -0.00154629 0.00590691 0.00959197 -0.0057738 0.00430205 0.00613536 0.00333555 -0.00359451 0.00891657 -0.00435294 0.0041096 0.012707 -0.00461933 -0.00124056 0.0123811 0.0018995 0.00528696 0.0085065 0.0023694 0.00290933 0.00759669 -0.00380139 0.00422141 0.008725 -0.00104125 -0.00114582 0.0104249 0.00389328 0.00605704 0.0128062 0.00473392 -0.00384698 0.0118345 -0.00184421 -0.00544673 0.00918402 0.00107042 0.00223196 0.0107347 0.00172917 0.00022419 0.0120589 -0.00125102 0.00159844 0.00762288 0.00478286 -0.00335681 0.00984765 0.00529011 0.00371504 0.0117142 -0.000172149 -0.00585402 0.00900353 -0.000583879 0.0071769 0.00752245 0.00472572 -0.0054327 0.0116252 -0.00345729 -0.00457026 0.013578 0.00354572 -0.00212871 0.0134859 0.000587017 -0.00417467 0.00892203 -4.30015e-05 -0.000637846 0.0116108 0.00694875 0.00188708 0.0100836 -0.00440496 0.00129478 0.011146 -0.00432336 -0.000104826 0.00900663 -0.00378211 -0.00612674 0.00942944 0.000845513 0.00715061 0.011126 0.00187395 0.00174917 0.012526 -0.00454114 -0.000502341 0.0108454 0.00205857 0.00394312 0.0112627 -0.000607654 -0.00510147 0.0139848 -0.0028602 -0.00639413 0.0127503 -0.0040858 0.00261484 0.00813624 -0.0044414 -0.00392995 0.0110066 0.00203044 -0.00423246 0.00960853 0.00264711 0.00669629 0.0119745 0.00451775 -0.000595869 0.0108354 0.00129706 -0.00200554 0.012051 0.000874532 -0.000842353 0.013065 0.00285932 -6.35209e-05 0.0105831 -0.00719873 -0.000146611 0.00981954 -0.0071096 0.00113862 0.00887118 -0.00170722 -0.00302783 0.01266 0.00277633 0.00306334 0.0123898 -0.000220533 -0.00192086 0.0125492 0.00626004 -0.00355877 0.00775677 -0.00477688 -0.00538606 0.0084188 0.00248255 -0.00675848 0.0134016 -0.00128457 -0.00570291 0.0106607 0.00553481 -0.00460539 0.0105072 0.00574166 0.00112315 0.0093633 -0.000811751 0.00574034 0.00684254 -0.00159144 0.000362637 0.0100487 -0.00407334 0.000416132 0.0130555 -0.00193473 0.000161712 0.00779047 -0.00176872 -0.00697951 0.0117383 0.00694319 -0.00190679 0.0110195 0.00530693 0.00486586 0.013365 0.00241205 -0.00183673 0.0109168 0.00337702 0.00260055 0.00883108 -0.00348084 0.00295032 0.0133797 0.000370797 0.00499702 0.0109622 -0.00296855 0.00485858 0.0129936 -0.000583081 0.00441057 0.012105 0.00334881 -0.00465273 0.0118586 0.000343623 -0.0071921 0.00829474 0.00475994 -0.00330523 0.0082491 0.000900525 -0.00527871 0.0100414 0.00382862 -0.00444225 0.00761724 0.00238334 0.00288109 0.0100919 -0.00188322 0.00106938 0.0139775 0.00360067 -0.0043288 0.0103128 0.00669453 -0.00265037 0.0124139 0.0015875 0.000684173 0.00978817 -0.00438244 -0.00141139 0.00633731 -0.00516516 -0.00501657 0.00691148 0.00686318 0.00217867 0.0126721 0.00420238 -0.00584638 0.00694379 0.00717827 -0.000564152 0.0140582 0.00133004 -0.000665853 0.0107912 -0.00332681 -0.000440252 0.0118848 0.000255378 0.0056138 0.013675 -0.00204591 0.00690348 0.0107391 -0.00447421 0.00563884 0.0101695 0.00303918 0.00487178 0.0104065 -0.00328157 -0.00357381 0.00765557 -0.00436632 -0.0022106 0.0111345 -0.00700596 -0.00164972 0.00910578 -0.00508237 -0.00295454 0.00991285 0.00688377 0.00211266 0.00702614 0.00711045 0.00113494 0.0114855 0.00136881 0.00510126 0.0122145 -0.000334397 0.00139906 0.0137552 -0.00670559 -0.00108646 0.00691091 0.00242866 -0.0034359 0.0109365 -0.00605973 0.00254495 0.01299 -0.00166717 -0.00275941 0.00724936 0.00374024 0.00376345 0.0113217 -0.00431664 -0.00576343 0.0129496 0.0071791 0.000551862 0.00721454 0.00563896 -0.00447688 0.00891048 0.00430828 0.00119293 0.00865621 0.00328316 0.00527507 0.0140614 -0.00433521 -0.00156232 0.00966512 0.00462558 0.00551796 0.00938705 0.00424303 -0.00251216 0.0111031 0.00166267 0.00700592 0.00975399 -0.00655864 0.0029717 0.0115311 0.00179655 0.0058867 0.0108887 0.00126242 0.00350755 0.00882647 0.00104835 0.00306185 0.0121341 0.00367584 -0.000167884 0.00921118 -0.000561337 -0.00209268 0.0083719 0.00719803 0.000191726 0.0101691 0.000951308 -0.00284964 0.00810086 -0.00646861 -0.00316347 0.00914261 0.00365108 -0.00159402 0.00993508 -0.00236744 -0.00443891 0.0103109 -0.000546632 -0.00289484 0.00975577 -0.000814293 -0.00715383 0.0130105 0.00650418 0.00308982 0.00846267 -0.0017477 -0.00317278 0.0110672 0.00421115 -0.000697763 0.0132253 0.000282117 0.00166856 0.0123047 -0.00318225 0.00645957 0.00970426 -0.000434735 0.00302752 0.0128953 0.00515623 -0.00339365 0.00661092 0.00083378 -0.00469267 0.0134236 0.000289535 0.00364763 0.0100885 0.00226935 -0.0068331 0.0102551 0.00289744 -0.00403046 0.00638345 -0.00292037 -0.000148093 0.0140094 0.00300893 -0.0054736 0.00936528 0.00346536 -0.00631149 0.0111796 0.00221533 -0.00264521 0.00955079 0.000551053 -0.00626941 0.0112477 0.00398923 0.00431815 0.00664168 0.00112626 -0.00314125 0.0131643 0.00717221 0.000639383 0.0130048 -0.00220164 -0.00168315 0.00830441 0.00123702 0.00699404 0.0126694 -0.00113122 -0.00065711 0.00890484 0.0045571 -0.00557457 0.00848103 -0.00560322 0.00216151 0.0105369 0.00706004 -0.00141436 0.00796058 -0.00271805 0.00119029 0.00684897 -0.00118737 0.00478146 0.0106708 0.00455067 -0.00557982 0.0140344 -0.00547194 0.0011157 0.0134042 -0.00552039 -0.00462274 0.0135091 0.00529141 0.0018952 0.0127534 -0.00116484 -0.00462732 0.01237 0.000373904 -0.000779263 0.0083781 -0.00718415 -0.000479325 0.0113841 -0.005787 0.00428493 0.0140949 -0.00332374 -0.000627588 0.00787247 0.000878538 -0.0033691 0.0103059 -0.00275453 0.0049525 0.0100257 -0.00461669 0.00552555 0.0138962 0.00420546 0.00395757 0.00980376 -0.00461523 -0.00362232 0.00853677 0.00559098 0.00303534 0.0100284 -0.000302957 0.00281064 0.011316 -0.00295879 -0.00242805 0.0118649 -0.0034951 -0.00629494 0.0142152 0.00659138 0.00289888 0.0112694 0.000475804 -0.00516412 0.0151597 -0.00094807 0.00140277 0.0152325 0.00109021 -5.41612e-05 0.0162002 0.00205236 -0.00298924 0.0160622 0.00264438 0.00669738 0.0135738 -0.000913896 0.00714247 0.0151213 0.00456199 -0.00379624 0.0156881 -0.00228734 0.00567754 0.0156072 -0.00111876 -0.00408502 0.0151093 0.000391111 0.006226 0.0152485 0.00577327 -0.00241273 0.0151838 -0.00533747 0.0048328 0.0112485 0.00679759 -0.00237484 0.0166654 0.00525358 0.00492413 0.0172263 -0.00705183 -0.00145539 0.0167014 0.00121636 0.0024085 0.0170518 -0.0035466 0.00129517 0.0143356 0.00327107 0.00641428 0.0151845 0.00199866 -0.00423275 0.0150557 -0.003607 -0.000723013 0.0153348 -0.00536027 0.00265123 0.0186181 -0.000521184 4.79612e-05 0.0159688 0.000721656 -0.00716419 0.0125627 0.00200719 -0.00691524 0.0154116 0.00314518 -0.0026347 0.0149494 0.00139538 0.00419695 0.0146926 -0.00397426 -0.00201312 0.0143749 -0.00485298 0.00246984 0.0140462 0.000893626 0.00381388 0.0161626 -0.00399481 0.00337604 0.0163633 -0.00555997 -0.002031 0.0167375 0.00313792 0.000267517 0.0139144 -0.00153107 -4.34139e-06 0.0172288 -0.00280618 0.00109873 0.0177163 -0.00667833 -0.00168994 0.0151639 0.00133102 -0.00311554 0.017883 0.00285338 0.00661129 0.0168739 -0.00096031 -0.00553937 0.0157565 -0.00259264 -0.00512875 0.0148358 -0.00266392 -0.00576068 0.01682 -0.00136371 0.00706974 0.0135878 -0.00190896 -0.00309594 0.0172575 0.00107549 -0.00711953 0.0141223 -0.00212639 0.00411872 0.0160082 0.00566591 0.00112332 0.0167533 -0.00350507 0.00276406 0.0149685 0.00241444 -0.00142812 0.0158537 -0.00448475 -0.00431014 0.017563 0.00274453 0.00197675 0.017254 -0.00713824 -0.000945428 0.0138252 0.00372127 -0.00219032 0.0163736 0.000545407 -0.00254079 0.015768 0.00540323 -0.00151015 0.0139161 -0.00179429 -0.00617281 0.0139226 -0.00707252 0.00135112 0.0159205 0.0026778 -0.00503355 0.0132594 -0.00109917 0.00711607 0.0120107 0.00388912 0.00101103 0.015115 0.00510761 0.00249991 0.0175414 -0.00557409 -0.00455789 0.0187074 0.00336921 -0.00475837 0.0163209 -0.00516882 -0.00501239 0.0161589 0.00212406 -0.00687996 0.0118474 0.00575775 -0.00119779 0.0162771 -0.00576953 -0.0040819 0.014994 -0.0051791 -0.00100125 0.0154293 0.000569522 -0.00365823 0.0146233 0.00608202 0.00240742 0.0140491 -0.0018485 -0.00084203 0.0159035 -0.000491452 -0.00140553 0.0152705 0.00189001 0.00135623 0.0160528 0.00504895 -0.000231756 0.017339 0.00153593 -0.00543266 0.0121911 0.00431506 0.00407643 0.0143729 -0.000824837 0.00427402 0.0138189 -0.00467073 0.00048756 0.015138 -0.00382038 -0.00610331 0.0157698 -0.00512983 0.00505203 0.0153357 -0.0039381 -0.00418704 0.0152984 -0.00355466 0.00470267 0.0155863 0.00257032 -0.00351228 0.0137422 -0.00130635 -0.00270804 0.0142812 -0.00321359 0.00247847 0.0184159 -0.00081153 0.0035914 0.0152657 0.00448282 0.0032506 0.0130138 0.00179958 0.000165701 0.0147839 -0.00422172 0.00402884 0.014299 -0.00243817 0.00596569 0.0140196 0.00620736 0.00364966 0.0173827 0.00198521 -0.00203627 0.0139396 0.00034451 -0.00539354 0.0169102 0.00353055 -0.0045697 0.0147406 0.00368106 0.000580612 0.0175079 -0.00618124 -0.00369258 0.0123885 -0.0034237 0.00544753 0.0185258 0.00625044 -0.0035743 0.0136421 -0.00480292 -0.000730617 0.0138985 0.00324159 -0.00641216 0.0162969 0.000158028 -2.3645e-05 0.0145224 0.00490833 0.000408541 0.0123043 0.00595669 -0.00316516 0.0110606 0.00160599 -0.00701871 0.0169567 0.00717721 -0.000572756 0.0166934 -0.00607038 2.40773e-05 0.0145168 -0.00662162 0.00282873 0.01765 -0.00488714 0.00528778 0.0179003 0.00179313 0.00697353 0.0154329 -0.00714612 -0.000883542 0.0181921 -0.000974517 0.00560167 0.0146974 -0.00645081 0.00141361 0.0119288 0.00229107 0.00161017 0.0143044 -0.00580691 0.000191011 0.0162902 -0.00217986 0.00544908 0.0117331 -0.00203427 0.0025823 0.0155715 0.00626026 -6.24562e-05 0.0152683 0.00291705 0.00400239 0.0151467 -0.0020531 0.000100132 0.0126881 0.00459219 0.0055462 0.0149398 -0.00244008 -0.00677403 0.0153182 0.00247226 -0.000849996 0.0129829 -0.0015708 -0.00148361 0.0132864 -0.00145905 0.00529385 0.0169203 0.00425015 -0.000717787 0.0160418 0.00213148 -0.00174794 0.0180988 0.00460038 -0.00302804 0.0142851 0.000212229 0.00278512 0.0143381 -0.0029428 0.00153256 0.0128732 -0.0058268 0.00168197 0.0168683 -0.0041421 -0.00207865 0.0159981 0.00718565 -0.000454818 0.0116452 -0.0006427 -0.00128248 0.0168585 -0.00308386 0.00650642 0.0172928 -5.49747e-05 -0.00576802 0.0126403 -0.0045325 -0.00346445 0.0140003 0.000601178 0.00073484 0.0110463 -0.00139784 -0.000383304 0.0144387 0.00381886 0.00610494 0.0110604 0.00533437 -0.00483661 0.0168293 0.00504421 0.00426509 0.0157841 0.00545783 0.00131883 0.0151791 0.00622996 0.00360978 0.0130043 -0.00227429 -0.00433415 0.0161875 -0.00345873 -0.00327747 0.0169004 -0.00316237 0.00168873 0.0162705 -0.00527434 0.00341933 0.0153383 0.00107634 -0.00124454 0.0149963 0.00295395 0.00504845 0.0119943 -0.00327731 -0.00397765 0.012103 -0.00239289 0.000579675 0.0154119 0.00221531 0.00526412 0.0158346 -0.00245637 -0.00156941 0.014615 0.00491439 0.00526232 0.0118655 -0.00203718 0.00355933 0.0130598 -0.00181872 0.00696708 0.0164289 -0.00259396 -0.00340549 0.0149245 0.00711891 0.00107758 0.0145425 0.00613186 -0.000567699 0.0128482 0.000787167 0.00139932 0.0148952 -0.00497108 0.00328352 0.0114851 -8.81748e-05 -0.0071995 0.0172265 -0.00475001 -0.00541177 0.0146674 0.00177124 -0.00570483 0.014393 0.000547475 -0.00167307 0.0183077 0.000108658 0.00244544 0.0158977 0.00208214 -0.00439239 0.017197 -0.000375121 -0.00658573 0.0145352 -0.00259481 0.00297852 0.0170279 0.00451274 0.00210935 0.0141341 0.00101245 0.0052343 0.0168885 0.00319871 0.00299924 0.0139333 -0.0061786 -0.000924035 0.012546 0.00288005 0.000103447 0.0159611 -0.00190687 -0.0042065 0.0137228 0.00419782 0.00584989 0.0164598 -0.00587249 0.00156778 0.0148857 0.000201088 0.00719735 0.0138959 -0.0059407 0.00406866 0.0125176 -0.00719439 0.000287842 0.0127887 0.00704937 -0.00146652 0.0153726 0.00239174 0.00334749 0.0165084 -0.00192992 -0.00120801 0.0117528 0.000857427 -0.00403944 0.0162308 0.00687835 -0.00212891 0.013916 0.000196565 -0.00220409 0.0140672 0.00557603 -0.00455527 0.0147106 0.0061441 -0.00375385 0.0159729 0.00574785 0.000711934 0.013728 0.00480129 -0.000209713 0.0146292 0.00162133 0.00271624 0.0152543 -0.0065734 0.00293877 0.0144528 -0.0068295 -0.00228138 0.012006 -0.00334778 -0.000313092 0.0182563 0.00421507 -0.00127117 0.0182992 0.00109793 0.000699354 0.0134495 -0.00379393 -0.00611998 0.0114804 -0.00705859 0.00142054 0.0182707 -0.000242332 0.00492233 0.0159468 0.00228565 0.00431348 0.0132621 -0.00578316 0.00428906 0.016581 -0.00418399 -0.00586015 0.0173084 -0.00135856 0.00257371 0.0141213 -0.00651586 -0.00306394 0.0159771 0.00116117 -0.00393411 0.0117756 -0.000388484 -0.00362247 0.0133426 -0.000113217 -0.00278405 0.0172808 -0.00255475 -0.00226953 0.0160494 0.00166825 0.00574803 0.0144121 0.005332 0.00270282 0.0159709 0.00115637 -0.00151983 0.016837 0.004143 0.00174527 0.016513 -0.00174815 -0.00698457 0.0173184 -0.0065632 -0.0029629 0.0141055 -0.00533165 -0.00254357 0.0150352 -0.00611805 -0.00379684 0.0107937 0.00332758 0.000263894 0.0121065 -0.00102185 0.00314518 0.0167877 -0.00445763 0.00565499 0.0123099 -0.00465579 -0.00315782 0.012391 0.00684959 0.0022188 0.0170669 -0.00675094 -0.002503 0.0178725 0.0031837 0.00241663 0.0154231 -0.00367939 0.00618953 0.0150093 -0.00660093 0.00287536 0.016051 0.00680878 0.00234176 0.0154726 0.00541772 0.00182102 0.0111327 0.00277648 -0.00127085 0.0211266 -0.00193925 0.00382788 0.0207359 0.000250578 0.00115317 0.0168295 -0.00571526 0.00116784 0.019102 0.00712941 -0.00101257 0.0182309 0.00518509 0.0025373 0.0191386 -0.00428039 0.00578996 0.016508 0.0033365 -0.00638042 0.0147004 -0.00470444 -0.00318572 0.0207039 0.00429843 0.00383228 0.0179004 0.00509324 -0.0029389 0.0184687 -0.00608316 -0.00385254 0.0173317 0.000603223 0.00291937 0.0193522 0.00428246 -0.00375341 0.0173564 0.00283252 -0.000210573 0.0186097 -0.00369799 0.00441455 0.0211645 -0.000339172 -0.00442522 0.0195622 0.00672486 -0.00257312 0.0185875 -0.00423385 0.00200896 0.0195553 -8.31508e-05 0.00245467 0.0179838 0.00605568 0.00389487 0.0194383 -0.00162757 0.00149449 0.0166778 0.00330712 -0.00472578 0.0181706 -0.0030079 0.00492379 0.017073 0.00487826 -0.00529608 0.019961 0.000995557 -0.000954035 0.0206148 0.000592155 0.00717588 0.0183402 0.00115551 0.0061735 0.0199108 -0.00590789 0.00411538 0.0182772 0.00383959 0.00428478 0.0193646 -0.00524264 0.00493534 0.021235 0.00273518 0.00378867 0.0182367 0.00100687 -0.0071297 0.0184359 0.0058028 -0.000284838 0.0187485 0.00703858 -0.00151606 0.0197468 -0.00719384 0.00030939 0.0171279 0.000970968 -0.00713465 0.0200352 0.00118653 -0.000206696 0.0190548 -0.00466202 0.00202475 0.0158265 -0.00216735 -0.00250671 0.0197136 -0.00626859 -0.000340994 0.019414 -0.000638003 0.000956292 0.0181446 0.00497899 -0.00278535 0.0204881 0.00154456 -0.0057151 0.0179178 -0.000177176 -0.00158884 0.0197308 0.00189948 -0.00611825 0.0208496 0.003563 -0.00263343 0.0188259 -0.00046903 0.00328831 0.0214576 0.00570331 -0.00160944 0.0178217 -0.00406137 -0.0017829 0.0202834 0.00516497 -0.00500182 0.0184116 -0.000196726 0.00598625 0.0176179 0.00119161 -0.00411101 0.0199045 0.0036343 0.00435459 0.0165348 -0.00118587 -0.0054859 0.0173654 -0.0043786 0.000754558 0.0167563 -0.000683343 -0.0041475 0.0166473 4.82677e-05 0.00142752 0.0195102 0.00253402 0.00513405 0.0173962 0.00384658 0.00204046 0.0184116 0.00286436 -0.00301871 0.0174399 -0.000816579 -0.000846161 0.018429 0.0045647 -0.00556858 0.0156336 -0.00713546 -0.000963027 0.020606 0.0049278 0.00485209 0.0203912 0.00244843 0.00216054 0.0208048 0.00389751 0.00570972 0.0180247 -0.00579826 0.000129812 0.0178884 -0.00302191 -0.0065353 0.0181758 -0.000753974 -0.00296721 0.0203029 -0.00303708 -0.000114966 0.0167001 0.000992525 0.00116038 0.0182466 -0.00719685 -0.000233619 0.0156229 -0.00301301 -0.00299609 0.0184111 -4.66342e-05 -0.00592644 0.0183981 0.00121993 0.00385729 0.0177295 -0.000268441 0.004393 0.0174936 -0.00576664 0.00431148 0.0198584 0.00156857 0.00419186 0.0192547 0.00713932 0.000934509 0.0161583 -0.0061195 0.000337308 0.0208683 0.00237686 -0.00679637 0.0193504 -0.00438403 0.00366137 0.0193837 0.00312807 -0.000888079 0.0171907 -0.00441938 0.00222996 0.0173946 0.00618638 -0.00368452 0.0175703 0.0052223 -0.00265102 0.0166779 -0.00403768 -0.0048943 0.0202245 -0.0013684 -0.00157567 0.0207978 -6.56982e-05 0.00720022 0.019798 0.00204651 -0.00284754 0.0192886 -0.00501377 -0.00286223 0.0179906 -0.00202194 -0.00691091 0.0193664 -0.00193597 0.000249099 0.0187557 -0.001807 0.00550741 0.0200597 -0.00102851 -0.00273992 0.01597 0.00720028 4.87915e-05 0.0194514 -0.000242182 0.00719607 0.0165722 -0.00493312 -0.00343632 0.0163008 -0.00400852 0.00395148 0.0178559 -0.00346087 0.00153929 0.0208911 -0.00231834 0.0068166 0.0210458 0.000426076 -0.000210633 0.0176472 -0.00166382 0.00223461 0.0180955 0.00266479 0.00668938 0.0197938 -0.00181401 0.00407447 0.0178933 0.00276152 -0.00423864 0.0196254 -0.00149346 0.0055853 0.0184929 -0.00190083 -0.00407836 0.0195771 0.000335089 -0.00578606 0.020812 0.00177132 -0.00546662 0.0160485 0.00685441 0.000626402 0.0177022 -0.00470636 0.00544897 0.019482 0.000508396 -0.00659708 0.0158697 0.00106857 0.00549416 0.0184655 -0.00209194 0.00325645 0.0192496 0.00601138 -0.00396299 0.0192858 0.00581601 0.000140316 0.0202904 -0.00110464 -0.00411759 0.0181903 -0.00228288 -0.00148269 0.0184911 -0.00563958 -0.00141623 0.0182683 -0.000998628 -0.00713094 0.0159127 -0.00331667 -0.00158117 0.017275 0.00182977 -0.00300308 0.0208661 0.00126845 0.00681657 0.0169359 0.00209631 0.000434573 0.0173441 0.00530742 -0.00165782 0.019402 -0.0026913 -0.00440839 0.0177315 -0.0010945 -0.00255273 0.0185228 0.00235133 9.57877e-05 0.0204115 -0.00431748 0.000954848 0.0183546 0.00670336 0.00262796 0.0201829 -0.000824746 0.00266601 0.0200274 0.00188543 0.00246172 0.0185129 -0.00659594 -0.00288739 0.0206171 0.0022102 -0.00129316 0.0196304 0.00121311 -0.00565352 0.0194814 -0.00195341 0.00163714 0.0195511 0.00305781 0.00288599 0.0195166 -0.00468536 -0.000761476 0.0171638 0.00667761 0.00269351 0.0185847 -0.00674846 0.00250984 0.0194008 -0.00438106 -0.00383711 0.0221284 -0.00345431 -0.00631767 0.0197606 -4.39995e-05 0.00193633 0.0221997 -0.00473359 0.00319749 0.0210991 -0.000502997 0.00319712 0.0230706 0.000824468 0.000612303 0.020892 0.00211853 0.00688133 0.021285 -0.00657511 0.00293456 0.024538 -0.00407685 -6.61249e-05 0.0231344 0.000693354 0.00581507 0.0238987 -0.00255567 -0.00424879 0.0216708 -0.00304334 0.00429927 0.0226194 0.00470757 0.000955805 0.021643 0.00156058 0.00331662 0.0214636 -0.00372966 -0.00517173 0.0186793 0.00056199 0.00547206 0.0212195 -0.00268298 0.001637 0.0248002 -0.00318247 -0.00355058 0.0203754 0.00250254 -0.00399124 0.0242925 -0.00403981 -0.00179995 0.0186844 0.00335228 -0.00286473 0.0203945 -0.00244695 -0.00529294 0.0204637 0.00496727 0.00521284 0.0222261 -0.00325677 0.00302 0.0203204 -0.00100038 0.000660674 0.0223282 0.00715504 -0.000806055 0.0225329 0.00431357 -0.00386916 0.01951 -0.000633659 0.0012949 0.0252251 0.00541736 0.00191898 0.0242693 -0.00306375 0.00267925 0.0234616 -0.00305052 -0.0029924 0.0225284 0.0023056 0.00397292 0.0253997 0.00422561 -0.00582969 0.0174156 0.00432021 -0.00411261 0.0210908 0.00303431 0.000907904 0.0216089 0.00421328 0.00432833 0.0233252 -0.00199751 -0.00529559 0.0227436 0.00406569 0.00594228 0.0195983 0.00267641 0.00531285 0.0189793 -0.0053154 0.00201169 0.0249383 0.00175465 -0.000268851 0.0218503 -0.0054213 -0.00473834 0.0229439 -0.000367837 -0.000413616 0.0212543 -0.0013045 -9.41292e-05 0.024801 0.00233128 0.00529043 0.0205412 -0.00113168 -0.00437924 0.0209512 -0.00165428 -0.00315872 0.0232912 0.00211593 0.00669092 0.0182912 0.00124124 0.00622937 0.0224538 0.00541503 -0.00271595 0.0237243 0.000213706 -0.000577562 0.0246541 -0.00461615 0.00407635 0.0224301 -0.00465395 0.000647795 0.0203076 -0.00608265 -0.00385245 0.0217855 0.000488353 -0.00293666 0.0226227 -0.00317265 0.00553622 0.0236256 -0.00400503 -0.00226496 0.0251564 0.00180858 0.00481196 0.0219756 0.00339323 0.00144148 0.0245133 -0.00301628 -0.00307004 0.0241261 -0.00155401 0.0049542 0.0247975 0.000948161 -0.00713721 0.0216348 0.00163367 0.00133692 0.0197016 0.00035299 -0.00559469 0.0247809 -0.00489124 -0.000833675 0.0243141 0.00431494 -0.00375881 0.0242421 -0.00686782 -0.00216371 0.02261 -0.000747786 0.00132081 0.0208933 0.00546542 0.00226824 0.0211304 -0.00241263 -0.000752424 0.0199083 0.00358553 -0.00624378 0.0233236 -0.00171637 -0.000755274 0.0221257 0.000370511 -0.0036634 0.0212025 0.00294161 -0.00492302 0.0210602 -0.00205646 -0.00447104 0.0241129 -0.00699642 0.0014877 0.0250746 0.0035341 0.00494982 0.0246921 -0.00520911 0.00497103 0.0259257 0.00144258 -0.00478165 0.0216003 0.00594167 0.00379241 0.0210308 -0.00325812 0.000711538 0.0195286 -0.00279195 -0.00221039 0.021157 -0.000567595 -0.00412233 0.022426 -0.00698782 -0.00172871 0.0241445 0.000581172 0.000519074 0.0225997 0.000546801 0.00717935 0.0212759 -0.00557382 -0.00225892 0.0216751 0.00397562 -0.00216647 0.021692 -0.00318274 -0.00131847 0.022426 0.00401159 0.00274321 0.0233973 0.00710646 0.00115724 0.0206847 0.00438107 0.00316525 0.0203705 -0.00131936 0.00707823 0.0179447 -0.00415521 0.00375246 0.0239269 0.0034015 0.00492095 0.0220764 0.00447189 0.00373619 0.0218619 0.00513568 0.00504644 0.0188168 -0.0024161 0.00529611 0.0215366 0.00249451 0.00525445 0.0233515 0.00255724 -0.00673081 0.0221729 0.00385104 -0.00600621 0.0189608 0.0039186 -0.000101516 0.0207382 0.00302615 -0.00351673 0.0218182 0.000246771 -0.00549977 0.0223832 0.0055578 -0.00457774 0.023656 -0.00357755 -0.00624842 0.021354 0.00423558 -0.00171571 0.0232498 -0.00334295 0.00637717 0.0222655 -0.00102035 -0.00581592 0.019963 -0.00697817 0.00177457 0.0211552 -0.00626784 -0.000838586 0.0219443 -0.0047008 -0.000405305 0.0191044 0.00575186 -0.000814336 0.0233017 0.00152612 0.00357744 0.0230415 -0.00395171 0.0015031 0.0224323 0.00613953 0.00376141 0.0241863 0.00054323 0.00405648 0.0204753 -0.000447649 -0.00718657 0.0192977 -0.0013163 0.00707885 0.0222789 0.00712331 0.00069951 0.0238332 -0.00309349 9.62651e-05 0.0246725 0.00064417 0.00219797 0.0207794 -0.00467047 -0.00096897 0.0219545 0.00281534 -0.000325324 0.0244632 -0.00199047 0.00384218 0.0237335 -0.00541033 -0.00243479 0.0194804 0.00152252 0.00167159 0.0220136 -0.000972136 -0.00205953 0.0242323 -0.00547633 -0.00109829 0.0205787 0.00539965 -0.00476357 0.0220751 -0.00621206 0.00364011 0.0223879 0.000585025 -0.0068531 0.0231668 -0.000153602 0.00456325 0.0254644 -0.00509899 -0.00508341 0.0214067 -0.0016269 0.00700088 0.0195128 0.0038328 0.00229418 0.0215953 -0.00575304 -0.00432969 0.0245748 0.00430349 5.21571e-05 0.0191931 0.00321938 0.00115946 0.0195903 -0.00719603 -0.000244266 0.0247038 0.000114279 -0.00208868 0.0213186 -0.00152719 -0.00302363 0.0217023 -0.000870886 0.00614269 0.0239728 0.00436196 -0.000494187 0.0222244 0.000573654 -0.00191139 0.0238477 -0.000806133 -0.00715496 0.0255139 0.00369915 -0.00617778 0.0253637 0.0003185 0.00436289 0.0223462 0.000591044 -0.00717591 0.0247338 0.00718417 -0.000415709 0.020982 0.00604606 -0.00390968 0.0208845 -0.00714326 0.00090488 0.0235921 0.00326856 -0.00298892 0.0233087 -0.00299415 0.00448691 0.0197301 -0.00472986 0.0054292 0.0232755 -0.00405376 0.00595085 0.020897 0.00285589 0.0037249 0.0239183 -0.006309 -0.00346952 0.0233459 -0.00582074 -0.00423906 0.0202552 -0.00576503 0.00431375 0.0237684 -0.00186665 0.00328444 0.0222388 -0.00312855 0.00648525 0.0197066 0.00672271 -0.00257903 0.0214689 0.00299995 0.00385773 0.0207863 -0.00425694 -0.00372296 0.0191069 -0.000483623 -0.00718412 0.0208969 0.00378932 -0.0014254 0.0198497 0.00369299 0.00618114 0.0211353 0.000533349 -0.00411793 0.0237171 -0.00421868 -0.00577364 0.0227404 0.00262269 -0.00152749 0.0233861 0.00303284 0.00653004 0.0225497 -0.00554283 0.0019672 0.0204759 -0.00215726 -0.00687018 0.0209597 -0.000350987 0.00128352 0.0236508 -0.00225983 -0.00683654 0.0230832 0.00410432 -0.00476229 0.0230138 1.22373e-05 0.00720042 0.0247851 0.000527219 -0.00107522 0.0224847 0.00511114 0.00107266 0.0182626 -0.000706365 3.85913e-05 0.0197574 -0.00340018 -0.00132732 0.0240105 -0.00615392 -0.000345489 0.0234619 -0.0020378 0.00225757 0.021024 0.00473685 0.001317 0.020071 -0.00288601 0.000344339 0.0221479 0.00587482 -0.000114413 0.0218684 -0.000788019 0.00635957 0.0209512 -0.00216758 0.00173591 0.0225308 0.0068209 0.00230775 0.021978 -0.000210286 0.00532071 0.0194112 0.00437185 -0.000169238 0.0237909 -0.00200015 -0.00543872 0.0187413 -0.00333053 -0.00450258 0.0231344 -0.0033861 0.0029059 0.021911 -0.000891045 0.00483062 0.0214097 0.000311857 -0.00303493 0.0191127 -0.00107767 -0.00585606 0.0215614 -0.00468212 -0.00547011 0.024241 0.00100328 0.00418289 0.0244269 -0.00642704 0.00324601 0.0208524 -0.00216282 0.000589815 0.0207422 -0.000317083 0.00584937 0.0225014 -0.00063593 0.00384835 0.018952 -0.00081896 -0.00715348 0.0224608 -0.00713864 0.000945421 0.0197962 0.00423887 -0.00581998 0.0217648 0.00586865 0.00395137 0.022621 0.00311259 0.00649257 0.0247381 0.00589457 -0.00135446 0.0208584 0.00411481 0.0059088 0.0235508 0.00468358 -0.00337615 0.0224638 -0.00171138 0.00522076 0.022971 -0.00369856 -0.00617752 0.0252856 0.00546137 -0.00199311 0.0222597 0.00396455 0.00118426 0.0230412 0.00176834 -0.00201888 0.0221259 -0.00233552 -0.00681076 0.0258335 0.000464919 -0.00442697 0.0181791 0.00294724 0.00340773 0.0223266 0.000995051 0.0021257 0.0234541 0.00626633 0.0013424 0.0193358 0.00287415 -0.00660161 0.0178423 -0.0035991 -0.000388853 0.0209178 0.00344046 -0.00632525 0.0204737 -0.00522287 0.000514806 0.022181 0.00493577 -0.00524231 0.0249713 -0.00693079 -0.00195073 0.0193642 0.00137261 0.00242869 0.026688 0.00223671 -0.00467746 0.0276701 -0.0044601 -0.00229585 0.022823 0.00136496 -0.00239133 0.0261727 -0.00578836 0.0042822 0.028376 -0.00673416 -0.00254802 0.0268605 -0.00458028 0.0036913 0.0275098 -0.00422325 -0.00583179 0.027215 -0.00654119 -0.00300991 0.0250179 -0.00147017 0.00642138 0.0254295 0.00353133 -0.0045856 0.0253654 0.00669036 -0.00266174 0.0278763 -0.000378917 0.00463544 0.0237598 -0.00130979 -0.00175925 0.0285573 -0.00353648 -0.00446167 0.02472 0.00487101 0.00530226 0.0272774 0.00566141 -0.00142059 0.0247794 6.01626e-05 0.00285508 0.0245282 -0.000153426 -0.00267545 0.0265888 0.000437654 0.00495077 0.0289618 0.00411147 0.00180971 0.0283696 -0.00719124 0.000360809 0.0261932 0.00384145 0.00569128 0.026076 0.00298731 -9.49566e-05 0.0275113 -0.000757844 -0.00561146 0.0259316 0.00530102 0.0023196 0.0268696 -0.00224887 0.0068402 0.0235565 0.00661835 -0.0012199 0.0271872 0.00669952 -0.00263789 0.0247964 -0.00322842 -0.000125321 0.0269387 -0.00402493 0.00112507 0.0289467 0.000909523 0.00171494 0.0252616 -0.00289157 -0.00659421 0.0276672 0.00719678 0.000222719 0.0253587 -0.00415625 -0.000816182 0.0282634 0.00263205 0.00670219 0.0263489 0.00718873 -0.000407712 0.0284416 0.00182462 0.00395346 0.0277441 -0.00569536 -0.000684585 0.0278481 -0.00191756 -0.00487006 0.0283314 -0.0011115 0.00265489 0.0273744 0.000468757 -0.00306119 0.0293966 -0.00443503 -0.00488408 0.0297391 -0.00490928 0.00526679 0.0274692 -0.000948065 -0.00669565 0.0239882 -0.00134355 0.00108583 0.0271619 0.00261405 0.00137898 0.0280086 0.000727357 -0.000930329 0.0263086 0.00236114 -0.00091026 0.0262856 0.000756944 -0.00662781 0.0293288 0.00157364 -0.00135971 0.0249678 -0.0046512 -0.00333178 0.0290709 -0.00573831 0.000371859 0.0249375 -0.00536078 0.00278826 0.023507 0.00551511 0.000799868 0.0231305 -0.00175638 0.00211893 0.0260121 -0.000164316 0.00291393 0.0261111 0.00257672 0.00208343 0.0231439 0.00225473 -0.00182744 0.027592 0.00378855 -0.000956587 0.0255646 0.00360557 -0.00446644 0.0284706 0.00714656 -0.000875693 0.024131 0.00100427 -0.0062574 0.0277698 0.00429048 -0.00224528 0.0247603 -0.00412035 -0.00299111 0.0268838 -0.00155882 -0.0027682 0.0256091 0.000405601 0.00602502 0.0257962 -0.00205166 -0.00549455 0.0268648 -0.00119756 0.00404891 0.0265621 0.00149118 0.00248461 0.0282833 0.00135282 -0.00548014 0.0235376 -0.00148834 -0.000256199 0.0280353 0.00139986 0.000197976 0.0253953 0.00483059 0.00533932 0.0289623 0.00593948 -0.00406977 0.0277656 0.00261896 -0.00519138 0.0226039 -0.0018679 -0.000851383 0.0265137 -0.00308965 0.00450923 0.0248493 -0.00298911 0.00655052 0.024945 0.0060914 0.00383911 0.0267212 0.00580317 -0.000451918 0.0260449 0.00462613 0.00352706 0.0246491 0.00596846 -0.00402759 0.025101 -0.00303066 -0.00337208 0.0257763 0.00715939 0.000765628 0.022235 -0.00589639 0.00261163 0.0277164 0.00560341 -0.000340523 0.0286462 -0.00232776 0.00516788 0.0261813 0.00305574 0.00300863 0.0273552 0.00141813 -0.00046693 0.0276762 -0.00386703 0.00267677 0.0250751 -0.000153654 -0.00413026 0.0259235 -0.0048663 -0.00436723 0.0272131 0.00132375 -0.00450669 0.0254388 -0.0055719 0.00120429 0.0235814 0.00697928 0.00177008 0.025016 0.0045921 -0.00300785 0.0273123 -0.00455716 -0.00362734 0.0237048 0.00290864 0.000518828 0.025819 0.00649036 -0.00311693 0.0263086 -0.00262381 0.00332568 0.0266039 0.00445254 0.00206855 0.0255366 -0.00580367 0.00126266 0.0262648 0.00397353 -0.00600487 0.0269302 0.00328744 0.00305756 0.0289374 0.00248151 -0.00350465 0.0259026 -0.00606642 -0.00387856 0.026275 0.00144928 -0.000471036 0.0236435 0.00578462 0.00428719 0.0282259 -0.00547978 -0.00229864 0.0240555 0.00247135 -0.00676276 0.0273799 0.00200188 -0.00691623 0.0254422 6.68287e-05 -0.00505757 0.0272086 -0.00133408 0.00337526 0.0251159 -0.00191878 -0.00693981 0.0288893 0.00230713 -0.00682045 0.0289836 0.00294284 -0.00326213 0.0274317 -0.000734538 -0.000526053 0.0233673 -0.00182153 -0.00442819 0.0256945 -0.00475948 0.000327682 0.0270362 0.00589365 0.00284965 0.02548 -0.000680579 -0.00515703 0.023641 -0.00405521 -0.000701009 0.0256715 -0.00550383 -0.00195114 0.0256191 -0.00692284 -0.00197867 0.0283436 -0.000868526 0.00561073 0.0266705 -0.00538861 0.00210139 0.0220626 0.00100258 -0.00588949 0.0262127 0.00488692 0.00449379 0.0258969 0.0027059 -0.00246019 0.0247099 -0.00398942 0.003943 0.0260447 0.00512647 -0.002023 0.0261617 -0.000558861 0.000688564 0.0291439 0.00677766 0.00242904 0.0235724 0.00357059 -0.00238543 0.02625 -0.00702502 0.00157901 0.0272483 -0.000645603 -0.00145645 0.0256777 0.000302887 0.00334919 0.0276511 0.00577005 0.00113565 0.0258493 0.00424037 -0.0016582 0.029134 0.00685723 -0.0021955 0.0232673 -0.00718518 0.000467477 0.022054 -0.00366655 0.00474669 0.0303193 0.00707385 -0.00134377 0.0256589 -0.00315074 -0.0018032 0.0264276 -0.00218452 -0.00140725 0.0250473 -0.00426343 0.00559512 0.0247964 -0.00402696 0.00596861 0.0263339 -0.00338833 -0.00485328 0.0262639 -0.00523374 0.00360181 0.0250988 0.000712328 -0.00199291 0.0279817 -0.00586275 -0.000528139 0.0262556 0.00198237 0.0069221 0.0236903 0.00123187 -0.00308223 0.0247166 0.003702 0.00341932 0.0259504 -0.00403117 0.00127022 0.0240131 0.00657852 0.00292724 0.027942 -0.000757418 -0.00363306 0.024528 0.00237187 -0.00551269 0.0247694 -0.00174762 -0.00238264 0.0271503 0.00686389 0.00217438 0.0265595 -0.00153797 0.0070341 0.0276401 0.00107617 0.00711944 0.0267514 -0.00502788 0.00265767 0.0263736 -0.00433767 0.000867393 0.0255307 -0.00234472 -0.00600839 0.0244494 -0.00261832 0.00670721 0.0265063 -0.0071573 -0.000784917 0.0293823 0.00102511 0.00395482 0.0263585 -8.94603e-06 0.000254865 0.0277057 0.00626457 -0.00354936 0.0226551 0.0015408 0.00702592 0.0252239 0.00217595 0.00247165 0.0246432 0.00167102 0.0008631 0.0268243 0.00191442 0.000988578 0.0241035 0.00209451 -0.00688875 0.0236963 0.0056846 0.000599919 0.0273544 0.00492835 0.00309442 0.0288612 0.00516853 0.00501309 0.0244102 -0.00330074 0.00181406 0.0262974 -0.00704854 -0.00146946 0.0257217 0.00183507 -0.00376813 0.0228558 0.00360203 0.00623427 0.0275618 0.00719564 0.000254558 0.0269582 -0.000797453 -0.00195743 0.0226454 -0.00027218 -0.00719514 0.0282434 -0.00162103 0.0017493 0.0285909 0.00192747 0.00542248 0.0248381 -0.00466019 -0.00367268 0.0255408 -0.00685587 0.00219958 0.0226928 0.00490724 -0.00526897 0.0280006 -0.00132661 -0.00707682 0.0270461 0.00580751 0.000161995 0.0245678 -0.00155195 0.0023121 0.0238925 0.00540808 0.00234419 0.0227272 -0.00359354 0.00623944 0.0278498 -0.000571722 4.57626e-05 0.0262227 -0.00288573 1.66104e-05 0.0287646 0.000236448 -0.00719637 0.0267266 0.00120778 0.000850466 0.0285591 0.00462564 -0.00349618 0.0257892 0.00441811 0.000488254 0.0252904 -0.00342754 -0.00266174 0.0282877 -0.0054689 -0.00296938 0.0277444 -0.00668796 0.0026667 0.0261113 -0.00137891 0.00540122 0.0296442 0.00302368 0.00455479 0.0268502 -0.00602865 0.00393663 0.0268298 -0.000491456 0.00718349 0.0264393 0.00280843 0.00209707 0.0260639 -0.00495488 -0.00522401 0.0257981 0.00410824 0.000227408 0.0286064 -0.00100264 0.00713006 0.0291781 -0.00206052 0.000476643 0.0235118 0.00255562 -0.00553477 0.026358 -0.00222183 0.000591084 0.0259194 -0.000700737 0.0029641 0.0290771 0.000201433 0.00719728 0.0231898 0.00294467 -3.95411e-05 0.0228946 -0.00237414 0.00483246 0.0285171 0.00508242 -0.0031201 0.028831 0.00110192 -0.00381234 0.0268627 0.00226849 0.00534878 0.0283886 -0.00354178 0.00262947 0.0333686 -0.00235031 0.00326879 0.0281793 -0.00316784 -0.00344055 0.0296608 -0.000770208 -0.00582639 0.0289048 -0.00113958 0.000880241 0.0327768 0.00574043 0.00196896 0.0321205 -0.0022473 -0.00327079 0.0309583 0.00115576 0.00438432 0.0306042 0.00148626 -0.00704512 0.0306902 -0.00129437 0.00348056 0.0312141 -0.000848857 0.00184498 0.0302106 0.00460182 -0.00216265 0.0318959 0.00342849 0.00562837 0.0319881 0.00195302 -0.00184032 0.033347 -0.000656705 -0.00717016 0.0298451 2.54762e-05 0.00185396 0.0281654 -0.00523943 -0.00493852 0.0315556 -0.00120451 -0.00408945 0.0271309 0.00400555 -0.00374012 0.0298387 2.41662e-05 0.00720002 0.0279536 0.00494217 0.000665044 0.0325916 -0.00644739 -0.00320538 0.031273 -0.00532961 0.00484108 0.0326502 0.00215454 -0.00291503 0.0305074 -0.00305649 0.00334392 0.030788 -0.00544855 -0.000479111 0.0323654 0.00711472 0.00110794 0.0289476 -0.00642366 0.00094808 0.0295072 -0.00284374 -0.00500682 0.0296285 0.0013733 0.00145551 0.032591 0.000198197 -0.00719743 0.0316268 -0.00412403 -0.00590207 0.0309335 -0.00391056 -0.00604554 0.0287718 0.00069478 0.000336147 0.030073 0.00560982 -0.00133973 0.0298972 -0.00221877 0.000408465 0.0313894 -0.00540213 -0.00185899 0.0288943 0.000126305 0.00142766 0.0266266 0.000638782 -0.00309448 0.0309869 0.00183245 -3.1029e-07 0.0321118 0.0001992 0.00290491 0.030792 0.000354197 -0.00335617 0.0325393 0.00282588 0.00386704 0.0317034 -0.00311038 -0.00453903 0.032697 -0.00382281 0.00283177 0.0286264 -0.00374326 0.00106681 0.0336467 -0.00520991 0.00218931 0.0290983 -0.000699813 0.00558434 0.0327186 -0.00674816 0.00251089 0.029398 0.00461356 -0.00543245 0.0295648 -0.00285812 -0.00660847 0.0316105 -0.00516619 1.21716e-05 0.0291872 0.00305203 -0.000288722 0.0311176 0.00664341 0.00277613 0.0310753 -0.00525093 0.00267433 0.0327733 0.00316686 0.000963687 0.0321065 0.00354019 -0.00317827 0.0312626 -0.00452468 0.00345664 0.0299211 0.000748008 -0.000773208 0.0312245 -0.00508442 0.00106649 0.0327714 0.00310334 -0.00276742 0.0289446 0.00535947 -0.00178269 0.0279978 -0.00336419 0.00124814 0.0306528 -0.00491715 0.00115258 0.030281 0.00656048 0.000627568 0.0326178 0.00344328 -0.00453218 0.0321096 0.000532614 0.00718042 0.0321148 -0.00094266 0.00423121 0.0281309 0.00386447 -0.00607504 0.0321561 -0.00698741 0.00173753 0.0307793 0.00392827 -0.00440626 0.0269048 0.00315628 -0.0016832 0.0303103 -0.00590939 -0.000748238 0.0303827 0.00189148 -0.000724809 0.0301066 0.00223943 0.00205509 0.0296307 0.00541242 -0.00474878 0.0264164 -0.00158087 -0.00583453 0.0302839 -0.000668545 -0.00227904 0.0314181 0.0060112 0.00396283 0.0297761 0.00377131 0.00260718 0.0322191 -0.00349367 0.00629583 0.0306791 0.00172009 0.00539231 0.0264523 0.00507038 -0.00273028 0.0304754 0.00440802 0.00378097 0.0313379 -0.0056107 0.00254348 0.0306599 0.00338257 -0.00501102 0.0305842 -0.00100932 0.00369228 0.0327773 -0.00285056 0.00122229 0.0277138 0.00658736 -7.34761e-05 0.0298884 0.00369033 -0.00618243 0.0284947 0.00700651 -0.00161472 0.0307841 0.00400363 0.00598444 0.0301704 0.000853528 0.00586987 0.0329744 -0.00607056 0.0038719 0.0298963 -0.000577488 -0.00587501 0.0320838 0.00698361 -0.00175197 0.032378 -0.00530117 -0.00223435 0.030456 -0.00705502 0.00143839 0.0323494 -0.00714679 -0.000877778 0.0272047 0.00484868 -0.00532282 0.0311435 0.00443596 -0.000266163 0.0268543 0.0065184 -0.00305788 0.0312729 0.0030141 -0.00653896 0.0308827 0.000708109 -0.00445621 0.0301422 -0.00136294 -0.00706986 0.0312771 2.08573e-05 -0.00445166 0.0286975 -0.00698227 -0.00175752 0.0330702 -0.00195672 0.00377676 0.0296445 -0.00211186 0.00210647 0.031157 -0.00246933 1.77419e-06 0.0329173 -0.00204667 0.00690317 0.0303686 -0.00229996 0.00612383 0.0317425 -0.00268407 -0.00130661 0.0278749 0.00383015 -0.00155084 0.0275903 0.00413633 -0.000669061 0.0322307 0.00618171 -0.00369178 0.029843 -0.00719216 0.00033793 0.0282436 0.000775394 0.00572958 0.0313822 -0.00372712 0.00468068 0.0329899 0.000317054 0.00719308 0.0337 -0.000709126 0.00580933 0.0282499 0.0045877 0.00369946 0.0272531 0.00697116 -0.00180178 0.0291956 0.0041457 0.00412849 0.0297982 0.00241202 -0.00410938 0.0294745 -0.00125716 -0.000824402 0.0317303 -0.00686531 -0.00217043 0.0301268 0.00276957 0.00664609 0.0309442 0.00187312 -0.00551592 0.0304234 0.00371527 0.00149286 0.0298867 -0.00193959 -0.0017399 0.0306097 0.00158371 0.00569534 0.0297934 -0.000765014 -0.00384909 0.0311258 0.00707521 0.00133497 0.0305308 0.00532454 0.00237939 0.0302366 -0.00574959 0.00105593 0.0280603 -0.00217103 0.00477818 0.0308867 0.00432069 -0.00042764 0.0301532 -0.00354521 -0.0062668 0.0330143 0.00323363 0.00178175 0.0334798 0.00278459 0.00506002 0.0306382 0.00279822 0.00663427 0.0293436 -0.0037445 -0.0045127 0.0283445 -0.00276975 -0.00379882 0.0272958 -0.00326835 -0.00456121 0.0311051 -0.00137327 -0.00059221 0.0296496 0.000882982 0.00586861 0.0277297 -0.00340082 0.00475228 0.0272927 0.002576 0.000506855 0.0293491 0.00170165 -0.00205411 0.0292374 -0.00214358 -0.00217003 0.032137 5.33339e-05 -0.00169382 0.0301158 -0.00239075 0.00638727 0.0288939 0.00647059 0.00315827 0.0329026 0.00041821 -0.000717825 0.0289018 0.00517922 0.000861326 0.0297526 0.00114266 0.00710878 0.0290937 -0.0010571 -0.00280195 0.0298017 0.00515579 -0.00383103 0.0316332 0.00160576 -0.00335402 0.0283101 -0.000717519 0.00217587 0.0319384 -0.00468082 -0.00149321 0.0269123 0.00125382 0.00709011 0.0306896 -0.00290698 -0.000510326 0.030275 -0.00298543 -0.00655221 0.0300168 -0.00183833 -0.00539831 0.0331482 -0.00456724 -0.000200515 0.0310595 -0.00184551 -0.00695954 0.0327984 0.00517436 0.00500687 0.0306528 -0.00429154 -0.00117029 0.0298174 -0.00508174 0.00510068 0.0296277 0.00200997 0.000891096 0.0307953 -0.00433416 0.00179037 0.0275249 -0.00581571 -0.00424509 0.030234 -0.00640172 -0.00329533 0.0290878 -0.00555713 -0.0045783 0.0286405 0.0012826 0.0034009 0.0318596 0.000685043 -0.00558551 0.033023 0.00362326 0.00449987 0.0283323 -0.00442733 -0.00356167 0.0306395 0.000798837 0.00344421 0.0293599 0.00223291 0.00414813 0.0294451 0.00282085 -0.000986214 0.0288294 -0.00345931 -0.00223597 0.0306725 -0.00270458 0.00229195 0.0296353 0.000502146 0.0014023 0.0312501 0.00550289 -0.00091885 0.031437 -0.000514587 -0.00126218 0.027261 -0.00592831 0.000743077 0.0314512 0.00333807 0.00290859 0.0305294 6.56164e-05 0.00618747 0.0299059 0.000649382 0.00187833 0.0296505 0.00190003 -0.00606136 0.031927 -0.000427424 0.00418794 0.0300705 -0.000480134 -0.00305134 0.0281088 -0.00391223 0.00442249 0.0287721 0.00216937 0.00686576 0.0278911 0.00672902 0.00256171 0.0294922 -0.000797517 0.00559563 0.0311218 -0.00180457 -0.00496542 0.0316083 0.00194985 -0.00423817 0.0313831 0.00580531 0.000635412 0.0312074 -0.000742019 0.000352281 0.0307765 0.0057022 0.00171275 0.0285035 -0.000592784 0.00717578 0.0309778 -0.00204426 0.000847215 0.0298426 -0.00402433 0.00341333 0.03206 0.00445176 0.00148271 0.0313068 -0.00719842 0.000155089 0.0306761 -0.00122962 -0.00438961 0.0296935 0.00384999 0.00122152 0.0269051 0.00140434 -0.00522259 0.0289224 -0.00198595 -0.00328873 0.0285936 -0.0010449 0.00101912 0.0343754 -0.00446435 -0.00071658 0.0348989 -0.00254644 0.00162554 0.0326196 0.0029428 -0.00168219 0.0318959 -0.00297937 -0.000454664 0.0343641 -0.00419886 -0.00501919 0.033773 0.0013798 0.00545974 0.0344286 -0.00399005 -0.00389909 0.0348962 -0.00110998 0.00711396 0.0324905 -0.00625238 -0.00166284 0.0316497 0.000415086 0.00149919 0.0339307 0.0028909 0.00221066 0.0351183 0.000794536 -0.0045619 0.0342477 0.00234718 0.00223731 0.031591 -0.00248556 0.00376027 0.0337751 -0.000343195 -0.0068428 0.0333361 0.00415423 -0.00177873 0.0333831 -0.00345153 -0.00312655 0.0320017 0.000455366 -0.00471485 0.0317006 -0.00207023 0.0061442 0.0333256 -0.00445573 0.00194559 0.0315917 -0.00685754 -0.00219416 0.0346044 0.0017828 -0.00277211 0.0320577 0.00207109 -0.000805452 0.0345615 0.00161442 -0.0033939 0.0335242 0.00126891 0.000187855 0.0335973 -0.00218973 0.00474847 0.0325521 -0.00159908 -0.00363608 0.0324743 0.00268486 0.00581251 0.0333926 0.00192687 0.0039743 0.0341965 -0.00644005 0.000329972 0.0333254 -0.00718508 -0.00046356 0.0321515 8.3919e-05 -0.00313597 0.0341007 0.00378618 -0.0061242 0.0342433 0.00314572 -0.00292624 0.0328812 -0.00137507 0.00230009 0.0334755 -0.00431664 -0.00221406 0.0343554 0.000326146 0.0027871 0.0329857 -0.00259713 0.00187513 0.0344167 -0.00358233 0.00624571 0.0326912 -0.00160435 -0.000259044 0.0351583 -0.00265579 -0.00316883 0.0335809 -0.000170342 0.00585588 0.0344308 -0.00610725 0.0027796 0.0348732 0.00287196 -0.000538719 0.0332023 0.00236003 0.0030265 0.0329826 -0.0050507 -0.0031358 0.0320499 -0.00402462 0.00116222 0.0352188 0.00053614 -0.00160208 0.0340509 -0.000592491 -0.00564142 0.034363 -0.00600807 0.00396794 0.0338065 0.00359113 0.000829746 0.034715 -0.00176903 0.00589361 0.0351188 0.00603499 0.00283981 0.0344088 -0.00277816 -0.00212242 0.034785 0.00378846 0.00612279 0.0345086 -0.0038543 -0.00608153 0.0349186 -0.00518757 0.000574291 0.0342904 -1.76455e-05 0.00431931 0.0316897 -0.00706964 0.00136417 0.0343712 0.00719878 -0.000136651 0.0313655 -0.00469785 0.00545639 0.0313154 0.00261197 -0.00670956 0.035159 0.00511404 -0.0050682 0.0327006 0.0056617 -0.000699992 0.0330139 0.00565861 -0.00229803 0.0330894 -0.00295501 0.00521782 0.0342842 -0.000498395 -0.00452684 0.0332191 0.00492329 0.002976 0.0332662 -0.000802568 -0.00235637 0.0330106 0.00347985 0.00328989 0.0340945 -0.00346617 -0.00190303 0.0330325 -0.00118269 0.00710227 0.0342498 -0.00444595 0.00374645 0.0340718 0.00433874 0.00463593 0.0342935 -0.00257539 -0.00672276 0.0342023 0.00577659 0.00429781 0.0350149 0.00609871 -0.00382739 0.0329257 0.00433429 -0.000227651 0.033772 -0.00650833 0.00307955 0.0318708 3.75626e-06 -0.00584638 0.0305043 0.00495773 0.00522137 0.0322232 0.00341658 -0.00465564 0.0337272 -0.0047086 0.00544701 0.0339945 -0.00254924 -0.00376223 0.0355783 0.00573409 0.00085908 0.0339681 -0.000604129 -0.000779024 0.0331902 0.000585882 -0.0017751 0.0324612 0.00307985 -0.00240227 0.0343915 0.00117348 -0.00710393 0.0328989 0.0020651 -0.00478782 0.0328812 0.0045394 -0.00363232 0.0332255 -0.0024546 0.00319457 0.0322786 -0.00201393 -0.00144141 0.0335554 -0.00133148 0.00484718 0.0339904 0.000765903 -0.00715916 0.034445 -0.00111063 -0.00711391 0.0347136 -0.00455121 -0.00164756 0.0317416 -0.00531405 0.00398002 0.0313017 0.0056681 0.00443995 0.033425 1.84934e-05 -0.000166163 0.0345305 -0.00718257 -0.000501705 0.0344729 -0.000921931 -0.00163453 0.0347087 -0.00621835 -0.00362937 0.034302 -0.00271475 -0.00463042 0.0342446 -0.00143222 -0.00314781 0.0346115 0.000272031 0.000261524 0.032348 0.00184255 0.00696035 0.0341224 0.000362693 0.00437091 0.0332429 0.00593942 0.00406995 0.0316999 0.00155703 -0.00252526 0.0348666 0.00717593 0.000588393 0.03462 0.00274931 -0.00665451 0.0331463 -0.00409485 -0.000443425 0.0332173 0.00199707 0.000917473 0.0348208 -0.00573751 -0.000959379 0.0339608 -0.00533731 -0.00483261 0.0348815 -0.00421279 -0.00347081 0.0333708 0.00183452 -0.00577399 0.0341198 -0.00111526 0.00339092 0.0346167 0.0039316 0.0041511 0.0328242 -0.00557564 -0.00244718 0.0333952 0.000477897 0.00335501 0.0344737 0.00696802 0.00181318 0.0336117 -0.00480661 0.00212604 0.0342091 0.00184239 0.00464284 0.0326986 -0.00311537 -0.000944435 0.0318006 0.00717875 -0.000554833 0.0335007 0.00208548 0.00689137 0.0323695 -0.00369416 0.000636203 0.0321066 -0.00579822 -0.00426872 0.0328968 -0.00671779 0.00259101 0.0334064
</DataArray></Points>
      <Lines>
        <DataArray type="Int64" Name="connectivity" NumberOfComponents="1" format="ascii">
0 3 0 123 1 133 1 164 1 68 1 119 1 192 2 175 2 5 2 127 2 213 2 120 3 174 3 160 3 60 4 54 4 92 4 57 4 95 5 36 5 188 5 127 5 213 5 129 6 243 6 10 6 337 6 118 6 145 6 154 7 9 7 18 8 208 8 24 8 105 8 61 8 202 9 215 9 153 9 388 10 75 10 82 10 21 10 194 11 69 11 337 11 53 11 383 11 303 12 180 12 65 12 139 13 45 13 159 13 93 13 432 13 163 14 153 14 123 14 412 14 56 14 203 15 122 15 224 15 357 16 75 16 178 16 121 16 100 17 259 17 402 17 344 18 164 18 68 19 167 19 197 19 265 21 57 21 95 21 194 21 244 21 131 21 118 22 40 22 277 22 309 24 148 24 151 24 54 24 57 24 380 25 93 25 141 25 111 25 163 25 119 25 67 26 101 26 99 26 65 26 386 27 88 27 89 27 157 27 211 28 94 28 158 28 166 29 150 29 85 29 141 30 70 30 40 30 277 31 147 31 182 31 165 32 388 32 222 32 68 32 48 32 97 32 414 32 220 33 386 33 177 33 610 34 60 34 196 34 129 34 368 34 433 34 71 35 129 35 173 35 106 35 72 35 416 35 305 35 352 35 427 36 159 36 196 37 92 37 304 37 211 38 43 38 198 38 193 38 146 39 105 39 210 40 180 40 139 41 108 41 100 41 176 41 360 42 431 42 245 42 317 42 191 43 198 43 122 44 103 44 130 44 312 45 174 45 111 47 59 47 409 47 77 47 265 47 282 47 177 48 222 48 119 48 232 48 414 48 311 48 206 50 55 50 124 51 432 51 57 51 115 52 99 52 331 52 386 53 275 53 520 54 151 54 63 54 75 55 73 55 78 56 412 56 240 56 433 56 397 58 134 58 171 58 164 59 156 59 158 59 409 59 77 59 170 60 123 60 196 61 380 61 192 61 103 62 320 62 339 62 271 62 415 62 572 62 286 63 121 63 243 64 211 64 162 64 176 64 318 64 332 64 241 65 248 66 94 66 92 66 84 66 166 67 115 67 119 67 308 68 141 68 185 68 361 69 78 69 124 69 216 70 180 70 117 70 157 71 416 71 352 71 651 72 90 72 296 72 431 72 314 73 135 73 121 74 164 74 185 74 204 74 256 75 108 76 212 76 372 76 255 76 312 76 307 77 157 77 139 77 168 77 387 78 161 78 151 78 202 78 246 79 175 79 127 80 178 80 88 80 96 80 304 80 114 80 176 81 85 81 208 81 171 81 185 81 212 82 380 82 202 83 98 83 270 83 288 83 266 83 351 84 157 84 211 84 162 84 142 84 98 86 187 86 417 86 398 86 354 87 202 87 243 87 246 87 184 87 145 88 109 89 186 89 277 90 213 90 166 90 106 90 404 90 149 91 214 91 156 91 409 91 120 92 96 92 194 93 148 93 432 93 115 94 126 94 95 95 137 96 178 96 108 97 290 98 168 98 142 98 387 98 332 99 197 99 146 100 147 100 337 100 300 101 155 101 409 102 115 102 166 102 131 103 105 103 202 103 212 103 205 103 373 104 225 104 203 104 414 104 278 105 132 105 161 105 423 106 319 106 120 106 199 106 149 107 160 107 188 107 293 108 304 108 337 108 348 109 209 109 211 109 295 110 304 110 162 110 245 110 191 110 339 110 241 111 144 111 153 111 141 111 222 111 232 112 246 112 205 113 383 113 389 113 281 114 182 114 295 115 173 115 244 116 172 116 155 117 156 117 155 118 431 118 154 119 200 119 417 120 319 120 170 120 426 120 265 121 243 121 322 121 337 122 316 123 293 124 246 124 401 124 152 125 277 125 332 125 169 126 156 126 195 127 183 127 188 127 316 127 319 128 316 129 163 129 308 129 199 130 192 130 296 131 166 131 404 131 245 132 134 132 217 133 200 134 208 134 217 135 147 137 175 137 432 139 387 139 248 140 204 140 372 140 220 140 292 140 394 141 222 142 170 142 404 142 317 142 282 143 248 143 309 143 657 144 215 144 412 145 233 145 383 146 224 147 178 148 200 149 426 149 427 149 344 149 365 150 164 152 216 153 215 153 225 153 240 154 348 154 191 154 330 154 406 155 180 156 172 156 158 157 158 159 175 159 432 160 316 162 304 163 173 163 308 165 300 165 360 165 428 166 195 166 404 167 198 167 214 167 197 167 319 168 211 168 277 169 252 170 195 170 426 171 217 171 256 172 197 173 432 173 213 173 296 174 412 175 214 175 195 176 304 176 428 177 297 179 316 179 254 184 244 184 398 184 261 184 237 185 212 186 209 186 318 187 212 187 192 187 361 187 512 188 199 189 190 189 254 189 433 189 199 189 357 189 323 189 385 190 316 190 224 191 320 191 270 191 266 193 198 193 197 194 304 194 245 195 213 196 412 196 232 199 319 200 380 201 254 201 433 201 397 201 302 201 598 203 420 204 388 205 423 205 362 205 255 205 231 206 368 206 308 206 405 206 342 210 246 212 312 213 432 216 322 217 362 218 248 218 421 218 610 218 234 219 336 219 422 219 663 219 653 220 361 220 290 220 292 220 455 220 283 221 324 221 365 221 267 221 315 221 632 222 225 222 388 223 353 223 614 223 636 223 608 224 319 224 331 224 402 224 258 226 335 226 393 226 673 226 366 226 533 226 478 227 660 227 639 227 384 227 642 227 476 227 527 228 586 228 422 228 650 228 471 228 656 229 406 229 266 229 396 229 403 229 253 230 630 230 382 230 524 230 649 230 458 230 582 230 605 230 629 230 550 231 375 231 389 231 614 232 368 232 308 233 373 233 401 233 398 233 383 233 306 233 489 233 381 234 421 234 294 234 333 234 410 234 641 234 358 235 610 235 313 235 571 235 543 236 307 236 681 236 636 237 285 237 330 238 553 238 329 238 506 238 451 239 288 239 251 239 525 239 392 240 412 240 368 240 414 241 339 241 351 242 301 242 253 242 630 242 367 244 380 244 296 245 348 245 317 246 373 247 635 247 673 247 655 248 430 249 394 249 606 249 530 249 508 250 651 250 336 250 379 250 635 250 521 251 378 251 459 252 387 252 351 252 657 253 533 253 349 254 293 254 357 254 323 255 353 256 362 256 372 257 283 257 606 257 343 258 647 258 364 259 319 259 402 259 385 259 324 260 377 260 390 260 530 260 471 260 456 261 431 261 376 261 325 262 395 262 421 262 407 263 346 263 572 263 340 263 537 264 314 264 374 264 673 264 315 265 409 265 297 265 386 266 572 266 392 267 297 267 338 267 445 268 468 268 465 268 636 268 440 269 666 269 381 269 553 269 545 269 284 270 317 270 396 271 428 271 289 272 464 272 298 273 378 273 505 274 320 274 406 274 413 274 415 274 403 275 300 275 289 276 489 276 465 276 291 276 545 276 440 276 425 278 420 278 377 278 586 279 606 279 468 279 660 279 624 279 384 280 505 280 537 281 383 281 400 281 520 281 483 281 502 281 464 282 395 282 430 282 288 283 405 283 399 283 606 284 533 284 439 285 335 285 406 285 666 285 429 286 289 287 566 287 665 287 472 288 525 289 492 290 411 290 405 290 455 290 399 291 614 291 608 291 562 291 561 292 512 292 517 292 596 293 433 294 657 294 333 294 382 294 680 295 346 296 431 297 426 297 421 298 492 298 299 299 415 299 403 299 328 299 519 299 645 300 322 300 360 301 366 301 407 301 580 301 474 302 420 302 369 303 360 303 330 303 400 305 308 305 342 305 376 305 335 306 465 306 676 309 387 309 378 310 392 310 326 310 466 310 667 311 361 311 417 312 373 312 375 312 595 313 620 313 665 313 338 313 434 313 634 314 404 314 429 314 355 315 407 315 321 315 594 318 350 320 348 320 360 320 339 321 655 321 600 321 560 323 651 324 436 324 327 325 398 325 354 325 666 326 572 326 392 326 537 326 503 326 519 326 458 327 647 327 419 327 587 327 510 328 537 329 502 329 562 329 408 329 664 330 666 330 381 331 418 331 419 333 378 334 339 334 572 334 537 335 427 335 393 336 370 336 651 336 486 338 364 338 445 338 510 338 434 339 428 340 392 340 524 341 405 341 497 341 486 342 617 342 347 343 405 343 617 343 635 343 633 343 541 344 355 344 407 345 598 345 647 345 589 345 663 346 428 347 427 347 633 347 374 347 673 348 360 349 403 349 526 350 351 351 459 352 385 352 379 352 365 353 512 353 614 354 517 354 595 354 660 354 676 355 395 355 366 355 396 356 505 356 625 356 605 358 625 358 462 359 389 359 502 359 562 361 372 363 660 363 676 363 573 363 446 363 476 364 402 364 418 366 396 366 478 367 573 367 821 367 470 367 444 367 683 368 370 369 411 369 586 369 422 370 433 370 411 370 497 370 651 371 673 371 527 371 821 373 401 373 398 373 375 374 635 374 673 374 514 376 417 376 393 377 455 379 416 381 553 382 580 382 630 382 524 382 590 382 605 384 638 384 554 384 684 385 651 385 647 385 436 386 402 386 391 389 489 390 455 390 546 391 620 391 610 391 445 393 660 393 633 394 567 395 404 396 429 396 630 398 595 399 530 399 536 400 520 400 415 403 572 405 497 406 413 406 533 407 525 407 580 408 562 408 484 408 796 410 445 410 580 410 641 410 682 411 414 413 553 415 526 416 497 417 517 418 620 418 665 419 566 419 665 422 486 422 650 424 665 424 634 424 577 425 483 425 545 425 439 425 664 430 657 434 472 434 571 434 515 435 484 435 544 435 796 435 857 435 574 435 669 436 651 436 587 436 514 437 904 437 523 437 783 437 820 437 898 438 642 438 461 438 889 438 565 439 553 439 446 439 470 439 452 440 561 440 484 441 663 441 653 441 654 441 570 441 538 442 615 442 626 442 585 442 507 442 540 443 530 443 541 443 639 443 569 443 461 444 542 444 513 444 485 445 610 445 622 446 545 446 544 446 513 447 554 447 619 447 670 448 548 448 856 448 457 448 884 448 797 448 812 449 451 449 678 449 903 450 546 450 453 450 508 450 554 450 881 451 526 451 604 451 845 451 698 452 466 452 678 452 509 452 473 453 567 453 636 454 864 454 616 456 546 457 646 457 631 457 612 457 761 457 602 457 712 458 627 458 582 458 493 459 505 460 645 460 603 460 799 460 903 461 588 461 656 461 889 461 672 462 682 462 680 462 535 463 467 463 469 463 911 463 618 463 671 463 564 463 771 463 482 464 492 464 502 464 553 464 526 465 595 465 614 466 649 466 470 466 667 467 580 467 516 468 512 468 595 468 606 468 681 469 474 469 590 469 548 470 513 471 569 471 576 472 534 472 626 472 787 472 477 473 509 473 683 473 839 474 632 474 622 474 594 474 560 474 516 475 639 475 677 475 527 475 558 475 542 476 624 476 607 476 684 476 601 477 557 477 499 477 843 478 533 478 573 479 544 479 509 479 616 479 669 479 714 480 588 480 555 480 654 481 684 481 601 481 491 481 713 481 652 482 718 482 856 482 797 483 489 484 549 484 664 485 813 485 646 486 541 486 588 486 555 487 529 487 507 487 782 487 668 488 827 488 825 490 540 490 718 490 874 490 711 490 733 490 809 491 563 491 820 493 519 493 547 493 743 494 626 494 579 494 557 494 901 494 806 494 643 495 582 495 743 495 612 495 498 495 661 495 602 496 839 496 583 496 761 496 774 498 799 498 761 498 727 499 529 499 811 500 799 500 727 500 774 501 654 501 668 503 519 504 569 504 638 504 881 504 834 504 672 505 524 505 627 506 698 507 742 507 767 507 778 507 811 508 681 508 546 508 638 509 544 510 514 510 637 511 542 511 559 511 803 511 613 512 517 513 601 513 803 513 813 514 637 515 634 515 557 515 911 515 611 515 786 516 557 516 911 516 901 517 617 518 608 518 609 518 877 519 678 519 667 519 603 521 587 521 655 521 592 522 845 522 863 522 583 522 903 522 581 522 773 523 607 523 601 523 857 527 662 527 867 528 833 528 838 528 691 528 623 529 626 529 787 529 538 530 569 530 638 531 590 531 821 531 683 532 600 532 821 532 901 532 806 532 880 533 575 534 587 534 592 534 570 535 686 535 618 535 838 535 771 535 827 536 586 536 588 538 654 538 585 539 834 539 619 539 859 539 820 540 643 540 811 540 711 541 555 542 600 542 565 543 571 543 611 543 686 544 664 545 676 545 624 546 567 547 629 547 661 548 631 548 564 548 880 549 624 549 601 550 605 550 833 550 631 550 564 551 819 551 740 551 648 551 859 551 852 551 687 551 695 552 881 552 576 552 619 552 740 552 685 554 609 554 834 554 904 555 588 555 653 555 655 555 677 555 615 556 629 556 823 556 661 556 691 557 637 558 579 558 565 558 559 558 658 559 806 560 632 561 562 561 674 563 642 563 684 563 859 563 890 565 807 565 870 566 647 566 587 566 621 567 596 568 749 568 919 570 787 571 622 573 662 574 813 574 783 574 652 575 666 575 676 575 662 576 640 577 787 577 816 577 593 578 838 578 827 579 655 579 637 579 615 579 600 581 813 581 839 581 714 581 773 581 732 582 667 582 584 583 799 583 839 583 774 584 667 584 646 585 592 585 742 587 589 588 656 589 651 589 663 591 813 591 613 591 652 591 822 591 887 591 835 592 653 592 615 593 782 594 821 597 611 597 671 597 827 597 754 599 843 599 659 599 869 599 865 599 801 600 821 601 867 601 803 602 862 602 795 602 893 603 645 603 743 604 645 604 698 605 680 605 823 605 618 605 833 606 681 607 609 607 904 609 681 609 636 609 624 609 900 610 620 611 816 611 659 612 629 612 884 613 644 613 844 613 812 613 688 615 889 616 796 616 628 616 863 616 669 616 876 617 660 618 680 619 881 619 685 621 663 622 632 623 884 623 804 623 704 626 637 627 629 628 664 628 863 630 649 631 683 631 644 632 637 633 639 638 642 639 677 640 709 643 786 643 739 643 718 643 874 644 821 645 678 646 683 646 761 646 812 648 819 648 759 648 658 649 683 650 654 650 749 652 803 652 822 652 706 656 709 656 819 658 889 658 890 658 767 658 776 658 870 659 873 659 842 660 676 660 662 662 673 664 845 667 799 668 919 668 778 668 871 668 974 669 861 670 780 670 847 670 820 670 751 671 786 671 771 671 873 671 854 672 859 672 890 674 857 675 863 675 876 675 773 675 831 675 764 677 889 679 903 679 773 679 764 679 908 682 686 684 834 684 867 685 847 685 725 685 805 685 763 686 911 687 848 687 724 687 1025 687 1022 687 868 688 708 688 933 689 772 689 895 689 1014 689 1037 689 914 690 738 690 711 690 868 690 972 691 893 692 727 692 795 692 696 692 840 692 1009 693 778 693 871 693 811 694 795 694 766 694 908 694 840 694 808 695 859 695 724 695 828 695 968 695 1007 696 795 696 893 696 793 697 739 697 865 697 872 698 863 699 865 699 998 700 825 700 860 700 775 700 921 700 1150 701 721 701 717 701 906 701 794 702 757 702 866 702 914 702 987 702 931 703 813 703 762 703 732 704 804 704 793 705 778 705 753 705 1022 706 837 706 752 706 982 707 996 707 791 707 940 707 930 707 1053 707 994 708 785 708 755 708 914 709 749 709 819 709 729 710 919 710 848 710 1025 710 1022 710 788 711 767 711 737 712 893 712 875 712 802 712 715 713 783 713 820 713 837 713 899 714 861 715 875 715 850 715 855 716 950 716 732 716 766 716 996 716 853 716 1011 717 1010 717 888 717 815 717 1051 717 1003 718 806 718 772 718 744 719 755 719 982 719 933 719 817 719 953 719 1005 720 982 720 769 720 1005 721 736 721 899 722 891 722 972 722 1272 722 810 722 1250 722 1002 723 860 723 970 723 1036 723 1101 724 1033 725 859 725 828 726 763 726 886 726 966 727 743 727 862 727 774 728 1007 728 892 728 1039 728 985 728 1040 729 852 729 848 730 800 730 770 730 766 730 853 730 935 731 826 731 758 731 1023 732 800 733 832 733 737 733 895 734 1010 734 886 734 829 734 1003 734 746 734 1068 735 757 735 896 735 866 735 971 735 1045 736 857 736 790 737 998 737 809 737 972 738 753 738 832 738 868 738 1007 738 895 739 843 739 869 740 852 741 861 741 947 741 814 742 767 742 848 744 874 744 854 744 826 744 858 744 896 745 896 745 894 745 775 745 1233 745 971 745 921 745 917 746 1212 747 778 747 974 747 851 748 847 748 1010 749 759 750 865 750 801 750 998 750 809 750 960 751 899 751 888 752 783 752 899 752 762 752 815 752 798 753 890 754 827 754 854 754 910 755 837 755 822 755 756 755 835 755 892 755 817 756 870 756 822 756 832 756 1007 756 817 757 844 757 875 757 858 757 1037 758 809 758 779 758 960 758 1233 758 945 759 889 760 771 760 802 760 825 760 804 761 839 761 795 761 770 762 790 763 847 763 805 763 886 764 885 765 847 765 841 765 1010 766 773 766 908 766 918 766 935 767 776 768 890 768 807 768 841 768 870 769 996 769 853 769 930 769 1027 770 812 770 902 770 850 770 883 771 856 771 854 772 880 772 844 772 797 772 832 772 858 773 831 775 905 776 806 777 1025 777 868 777 966 777 955 777 1272 779 896 779 1037 779 926 780 900 780 877 781 935 781 792 781 1024 781 1207 781 1215 782 869 782 871 783 790 784 919 784 1086 784 1276 785 880 785 822 785 844 785 832 786 901 788 944 789 865 789 991 789 1023 789 916 790 861 790 984 791 909 791 814 791 882 791 940 792 918 792 940 792 1011 793 893 793 1036 794 947 794 1032 794 1281 794 952 795 883 796 864 798 984 798 814 798 979 800 887 800 830 801 874 801 826 801 991 802 856 802 836 802 866 804 825 804 860 805 1033 807 867 807 837 808 935 808 988 808 963 808 1017 808 1019 809 874 809 858 810 995 810 849 810 1047 812 887 812 850 814 950 814 996 815 899 815 892 815 1034 818 840 818 935 820 899 822 837 823 838 824 974 824 1086 824 925 824 962 825 894 825 965 826 873 826 894 828 841 829 1010 829 892 829 1039 829 985 830 835 830 950 830 933 830 853 831 950 831 885 832 870 835 982 836 893 836 970 836 855 837 892 839 887 840 1009 840 1146 841 859 841 892 842 910 843 873 844 875 844 850 846 1033 846 1025 849 895 849 973 849 1250 849 956 850 902 850 914 851 868 851 972 851 955 851 934 853 902 853 1015 853 1017 854 856 855 883 855 963 855 1026 856 907 857 877 857 864 858 995 860 965 860 978 861 876 861 950 866 965 868 968 871 872 872 997 873 874 875 907 876 909 878 982 878 1031 878 1042 878 1165 878 1005 879 995 879 960 879 958 879 1038 879 1191 882 947 882 915 882 1053 882 1259 886 980 886 1068 891 1007 891 1040 892 1007 892 1034 894 910 896 907 897 1033 897 980 898 899 899 1010 905 910 905 991 905 1052 906 923 910 991 912 1047 912 1041 912 1141 913 1027 913 1207 913 1237 913 1249 913 1214 914 1014 914 953 914 983 915 979 915 1042 915 1259 915 1226 916 960 916 945 916 946 917 1052 917 1238 917 1145 920 1179 920 1212 920 1071 920 961 920 1054 920 1140 921 943 921 941 922 925 922 997 922 960 922 1080 922 1028 922 1038 923 1010 923 1003 924 931 924 1045 924 969 924 1257 924 1044 924 1170 924 1175 925 998 925 972 925 934 926 995 926 1037 927 1207 927 1057 927 1209 927 1151 927 1105 927 1065 928 1272 928 1020 928 1250 928 1162 928 964 928 1099 929 997 929 960 929 946 930 1042 931 1015 932 1052 932 1150 932 1133 933 1015 934 1154 935 1011 936 1154 936 1080 937 956 937 1047 937 1194 937 1096 937 1059 938 963 938 1036 938 1101 938 1001 939 1026 939 1016 939 1001 939 1069 939 1098 940 989 941 1092 941 1145 941 976 942 989 942 1209 942 1105 943 987 943 970 943 1045 943 1050 943 990 944 986 944 955 944 948 945 1233 945 1038 945 1191 945 1008 945 1029 947 984 947 979 948 1171 948 993 948 1048 948 957 948 1115 949 1014 949 983 949 1047 950 967 951 1031 951 1020 951 1071 951 981 952 1165 952 1259 952 975 952 1182 953 1005 953 969 954 1038 954 1087 954 1204 955 1276 955 1048 956 981 956 1000 957 1048 957 1278 957 1021 957 1127 957 1115 957 1153 957 1132 958 972 958 1080 958 1002 958 1074 958 1220 959 1044 959 1249 959 1056 961 1073 961 1135 961 1182 961 1277 962 1086 962 1028 963 1009 963 988 963 1146 964 1048 964 1250 964 1018 964 1126 964 1035 966 968 966 986 966 1030 966 1246 967 982 967 1051 968 1007 968 1030 969 983 969 1234 969 1116 969 1121 969 1175 970 1092 971 1233 971 1192 971 1050 973 1014 973 1031 973 1005 973 1234 975 1281 975 1164 976 1150 976 1133 977 1050 977 1116 977 1067 977 1088 977 1180 977 1189 978 1092 978 1091 979 1051 979 1032 980 1004 981 1250 981 1099 981 1126 981 1000 981 1194 981 1195 982 1034 983 1014 983 1037 983 1116 985 1039 985 1218 985 1073 986 1272 986 1171 987 988 987 990 988 1257 989 994 989 1024 989 1254 990 1092 990 1170 991 1023 992 1259 992 1106 992 1182 992 1423 992 1279 993 1276 994 1011 994 1077 996 1042 999 1068 999 1071 999 1187 1000 1123 1000 1135 1000 1096 1000 1125 1001 1188 1001 1241 1001 1139 1002 1018 1002 1047 1002 1035 1003 1032 1003 1218 1003 1179 1003 1073 1004 1171 1004 1246 1004 1055 1004 1162 1004 1227 1005 1134 1005 1049 1005 1123 1005 1234 1006 1019 1006 1207 1006 1241 1008 1275 1008 1203 1009 1036 1012 1106 1012 1077 1012 1237 1013 1215 1013 1241 1015 1049 1015 1027 1016 1101 1016 1092 1016 1091 1016 1060 1017 1257 1018 1080 1018 1127 1019 1146 1019 1244 1020 1030 1020 1246 1020 1075 1020 1071 1021 1048 1021 1162 1021 1157 1025 1033 1026 1101 1026 1244 1027 1257 1027 1077 1027 1044 1027 1207 1028 1204 1029 1275 1029 1240 1030 1272 1030 1040 1031 1034 1031 1040 1031 1123 1032 1051 1032 1179 1034 1051 1034 1073 1035 1074 1035 1270 1038 1220 1038 1263 1039 1246 1039 1068 1040 1250 1041 1192 1041 1047 1041 1116 1041 1094 1041 1088 1042 1165 1042 1134 1043 1052 1043 1122 1044 1049 1046 1281 1046 1212 1046 1107 1046 1140 1047 1220 1049 1134 1049 1255 1050 1145 1050 1217 1052 1275 1054 1095 1054 1247 1054 1379 1055 1068 1055 1075 1055 1159 1056 1175 1056 1078 1056 1180 1056 1138 1056 1058 1057 1226 1057 1408 1057 1248 1057 1105 1058 1214 1058 1201 1058 1475 1058 1294 1058 1299 1059 1175 1059 1094 1060 1139 1060 1225 1061 1335 1061 1129 1061 1431 1061 1486 1062 1176 1062 1239 1062 1279 1062 1437 1063 1102 1063 1196 1063 1469 1064 1075 1064 1071 1064 1195 1064 1090 1064 1084 1065 1214 1065 1151 1065 1105 1065 1178 1065 1109 1066 1155 1066 1122 1066 1197 1066 1240 1066 1189 1066 1269 1067 1170 1067 1175 1067 1111 1067 1167 1068 1218 1069 1170 1069 1249 1069 1201 1069 1256 1069 1102 1070 1475 1070 1174 1070 1372 1070 1497 1070 1337 1071 1135 1072 1463 1072 1206 1072 1440 1072 1411 1073 1165 1074 1220 1074 1156 1074 1141 1075 1162 1076 1149 1076 1148 1076 1261 1076 1089 1077 1248 1078 1121 1078 1125 1078 1242 1078 1399 1078 1495 1078 1228 1079 1203 1079 1240 1079 1366 1079 1422 1079 1166 1079 1343 1080 1087 1081 1228 1081 1097 1081 1337 1081 1313 1081 1478 1081 1542 1082 1336 1082 1476 1082 1383 1082 1402 1083 1248 1083 1242 1083 1147 1084 1135 1084 1100 1084 1284 1084 1113 1085 1210 1085 1469 1085 1436 1085 1450 1086 1154 1087 1127 1087 1183 1087 1156 1087 1265 1088 1155 1088 1189 1088 1500 1089 1149 1089 1143 1089 1210 1089 1264 1089 1460 1090 1251 1090 1229 1090 1247 1090 1128 1090 1403 1091 1150 1091 1221 1092 1098 1093 1376 1093 1372 1093 1384 1093 1445 1094 1232 1094 1500 1094 1138 1095 1223 1095 1211 1095 1379 1096 1234 1097 1495 1097 1427 1098 1217 1098 1111 1099 1251 1099 1195 1099 1136 1100 1195 1100 1128 1100 1113 1100 1181 1100 1439 1102 1111 1102 1499 1102 1434 1103 1265 1103 1452 1103 1422 1103 1345 1104 1198 1104 1399 1104 1389 1104 1332 1104 1418 1104 1354 1105 1208 1105 1147 1106 1165 1106 1134 1106 1226 1106 1277 1107 1212 1108 1126 1108 1194 1108 1136 1108 1463 1108 1198 1109 1208 1109 1308 1109 1359 1110 1235 1110 1470 1110 1365 1110 1405 1110 1426 1111 1201 1111 1148 1111 1152 1112 1269 1112 1456 1112 1454 1113 1296 1114 1178 1114 1294 1114 1196 1114 1359 1114 1186 1114 1291 1114 1369 1115 1185 1116 1192 1117 1352 1117 1403 1117 1202 1117 1306 1117 1375 1117 1409 1118 1391 1118 1235 1118 1236 1118 1334 1118 1404 1119 1230 1119 1206 1119 1158 1119 1345 1119 1292 1119 1482 1120 1140 1120 1164 1120 1211 1120 1137 1121 1255 1121 1237 1122 1238 1122 1145 1122 1133 1122 1243 1122 1476 1123 1277 1123 1255 1124 1357 1124 1230 1125 1466 1125 1142 1125 1399 1126 1194 1126 1132 1127 1278 1127 1132 1127 1156 1127 1357 1128 1447 1128 1296 1128 1400 1129 1205 1129 1486 1129 1303 1130 1210 1130 1264 1130 1262 1130 1304 1131 1431 1131 1428 1131 1412 1131 1489 1131 1429 1131 1325 1132 1157 1132 1357 1133 1261 1135 1195 1135 1142 1136 1403 1137 1193 1137 1462 1138 1180 1138 1232 1138 1228 1139 1241 1140 1182 1140 1176 1140 1284 1141 1268 1142 1176 1142 1235 1143 1269 1143 1339 1143 1476 1143 1363 1144 1275 1144 1366 1145 1217 1145 1189 1145 1149 1146 1188 1147 1335 1147 1372 1147 1431 1147 1359 1148 1221 1148 1273 1148 1152 1149 1189 1151 1249 1151 1161 1151 1266 1152 1225 1152 1469 1153 1357 1153 1457 1154 1276 1154 1278 1155 1191 1155 1220 1155 1197 1156 1463 1156 1206 1157 1251 1157 1185 1157 1352 1157 1403 1158 1183 1158 1230 1158 1452 1158 1280 1158 1364 1159 1227 1159 1223 1160 1268 1160 1197 1160 1206 1161 1209 1162 1251 1163 1226 1163 1423 1163 1471 1164 1182 1164 1423 1164 1236 1166 1268 1166 1240 1166 1245 1166 1298 1166 1474 1167 1273 1167 1201 1167 1274 1167 1210 1167 1253 1168 1239 1168 1408 1168 1248 1168 1437 1169 1261 1169 1415 1169 1363 1169 1460 1171 1219 1172 1241 1172 1256 1172 1308 1173 1366 1173 1474 1173 1315 1174 1235 1174 1495 1174 1404 1174 1497 1176 1182 1176 1277 1176 1279 1176 1284 1177 1500 1177 1389 1177 1341 1177 1380 1178 1266 1178 1475 1178 1395 1179 1281 1180 1339 1180 1274 1181 1466 1181 1198 1181 1427 1181 1418 1183 1260 1183 1230 1183 1452 1184 1254 1184 1213 1185 1258 1185 1202 1186 1253 1186 1348 1186 1350 1186 1450 1187 1212 1188 1215 1189 1273 1190 1252 1190 1211 1190 1290 1190 1470 1191 1233 1191 1192 1191 1238 1192 1238 1193 1205 1193 1334 1193 1462 1194 1232 1195 1466 1196 1256 1196 1294 1196 1308 1196 1231 1196 1291 1197 1240 1197 1245 1198 1232 1198 1435 1198 1332 1199 1326 1199 1271 1199 1306 1199 1480 1200 1440 1200 1280 1200 1385 1201 1249 1201 1294 1202 1393 1203 1263 1205 1423 1205 1236 1205 1376 1206 1224 1206 1411 1208 1213 1208 1428 1209 1215 1210 1454 1213 1335 1213 1431 1214 1237 1214 1248 1216 1263 1216 1268 1216 1452 1219 1251 1219 1258 1221 1225 1222 1463 1222 1352 1222 1403 1222 1439 1222 1435 1223 1247 1223 1252 1224 1270 1224 1500 1224 1389 1225 1264 1225 1434 1226 1254 1226 1408 1227 1251 1228 1475 1228 1274 1229 1326 1229 1447 1230 1357 1230 1265 1231 1348 1231 1453 1232 1270 1232 1466 1232 1389 1233 1275 1235 1427 1237 1242 1239 1277 1239 1255 1239 1495 1240 1263 1240 1366 1240 1336 1241 1249 1242 1495 1243 1366 1243 1476 1243 1415 1244 1257 1245 1269 1247 1296 1249 1256 1251 1258 1252 1296 1252 1267 1252 1492 1253 1469 1256 1266 1256 1499 1258 1326 1260 1278 1262 1434 1262 1469 1263 1268 1265 1268 1267 1271 1269 1500 1269 1336 1271 1447 1271 1473 1273 1339 1274 1299 1279 1408 1279 1376 1280 1364 1280 1292 1280 1580 1282 1455 1282 1542 1282 1450 1283 1496 1283 1398 1283 1716 1283 1342 1283 1664 1284 1379 1284 1391 1285 1332 1285 1387 1285 1300 1285 1329 1286 1288 1286 1598 1287 1462 1287 1388 1287 1485 1287 1406 1288 1412 1288 1445 1288 1549 1289 1430 1289 1314 1289 1374 1290 1391 1290 1405 1291 1360 1291 1407 1291 1448 1291 1490 1292 1440 1292 1387 1292 1575 1293 1356 1293 1566 1293 1309 1293 1627 1295 1441 1295 1617 1295 1692 1295 1699 1295 1650 1296 1470 1296 1365 1296 1430 1297 1410 1297 1464 1298 1310 1298 1345 1298 1362 1298 1413 1299 1395 1299 1313 1299 1338 1300 1373 1300 1418 1300 1699 1301 1651 1301 1625 1301 1685 1301 1636 1301 1698 1301 1695 1302 1715 1302 1493 1302 1328 1302 1708 1302 1459 1302 1386 1302 1634 1303 1433 1303 1603 1304 1410 1304 1488 1304 1317 1304 1464 1305 1330 1305 1605 1305 1687 1305 1493 1305 1328 1306 1373 1306 1349 1307 1383 1307 1442 1307 1626 1308 1360 1309 1425 1309 1362 1309 1465 1309 1566 1309 1318 1310 1422 1310 1364 1310 1425 1310 1381 1311 1358 1311 1401 1311 1592 1312 1677 1312 1479 1312 1551 1313 1454 1313 1354 1313 1542 1314 1349 1314 1396 1314 1537 1315 1474 1315 1377 1315 1425 1315 1465 1316 1666 1316 1320 1316 1617 1316 1479 1316 1674 1316 1556 1317 1586 1318 1368 1318 1627 1318 1531 1319 1450 1319 1370 1319 1351 1319 1504 1320 1666 1320 1401 1320 1603 1320 1541 1320 1556 1321 1349 1321 1522 1321 1508 1321 1533 1321 1714 1322 1337 1322 1419 1322 1468 1322 1520 1322 1506 1323 1664 1323 1699 1323 1662 1323 1654 1323 1608 1323 1656 1323 1543 1324 1537 1324 1680 1324 1647 1324 1533 1324 1678 1324 1684 1324 1536 1325 1429 1326 1403 1327 1497 1327 1337 1327 1478 1327 1468 1328 1455 1328 1481 1328 1351 1328 1653 1329 1418 1329 1354 1329 1692 1330 1332 1330 1341 1330 1380 1330 1340 1331 1467 1331 1716 1331 1519 1331 1397 1331 1513 1331 1798 1332 1389 1332 1411 1333 1485 1333 1680 1333 1484 1334 1376 1334 1446 1334 1384 1335 1408 1335 1376 1336 1476 1336 1474 1337 1395 1337 1497 1337 1461 1337 1382 1338 1542 1338 1350 1338 1450 1339 1456 1339 1454 1340 1398 1340 1432 1340 1618 1340 1371 1340 1687 1341 1345 1341 1483 1341 1416 1341 1605 1342 1575 1342 1472 1342 1629 1342 1523 1343 1425 1344 1480 1344 1409 1344 1392 1344 1716 1345 1411 1346 1470 1346 1365 1346 1666 1346 1426 1346 1374 1346 1485 1346 1484 1347 1439 1347 1427 1347 1365 1347 1418 1347 1441 1348 1407 1348 1586 1348 1444 1349 1400 1349 1430 1350 1382 1350 1407 1350 1572 1351 1419 1351 1520 1351 1579 1351 1685 1352 1357 1352 1457 1352 1440 1353 1617 1353 1692 1353 1451 1353 1479 1354 1456 1354 1380 1354 1455 1355 1683 1355 1390 1355 1596 1356 1580 1356 1472 1358 1427 1358 1418 1358 1497 1358 1426 1358 1692 1359 1428 1359 1412 1360 1428 1361 1402 1361 1410 1361 1438 1361 1390 1362 1474 1362 1425 1362 1420 1362 1605 1363 1460 1363 1436 1363 1410 1364 1482 1364 1580 1364 1381 1365 1430 1365 1648 1367 1445 1367 1489 1367 1417 1367 1551 1368 1566 1368 1458 1368 1493 1369 1448 1369 1652 1370 1491 1370 1436 1370 1386 1371 1455 1371 1451 1371 1481 1372 1412 1372 1461 1373 1439 1373 1375 1373 1503 1373 1394 1374 1388 1374 1680 1374 1647 1375 1440 1375 1435 1375 1387 1375 1503 1377 1415 1377 1420 1377 1402 1377 1442 1378 1482 1378 1416 1378 1566 1378 1502 1380 1483 1380 1715 1382 1412 1382 1506 1383 1483 1383 1436 1384 1401 1384 1445 1384 1417 1385 1496 1385 1575 1385 1594 1385 1472 1386 1683 1386 1686 1386 1694 1387 1416 1388 1470 1389 1456 1390 1459 1390 1583 1392 1496 1393 1440 1394 1409 1394 1522 1396 1508 1396 1519 1396 1669 1397 1594 1398 1575 1398 1416 1398 1565 1400 1522 1401 1433 1401 1677 1401 1640 1404 1446 1404 1666 1405 1666 1405 1433 1406 1603 1406 1679 1406 1449 1407 1625 1408 1471 1409 1480 1409 1496 1410 1460 1410 1626 1411 1435 1412 1431 1412 1652 1413 1482 1413 1416 1414 1451 1414 1468 1414 1650 1414 1538 1414 1515 1416 1482 1417 1621 1417 1640 1418 1478 1419 1450 1419 1572 1420 1483 1420 1458 1421 1566 1421 1687 1421 1565 1421 1576 1421 1539 1421 1642 1422 1452 1424 1700 1424 1562 1424 1529 1424 1585 1424 1641 1424 1779 1426 1617 1428 1429 1429 1448 1429 1477 1430 1648 1431 1445 1432 1692 1432 1699 1432 1659 1432 1654 1434 1453 1436 1491 1436 1488 1436 1626 1437 1446 1438 1442 1438 1708 1438 1702 1440 1496 1441 1617 1443 1448 1443 1490 1443 1625 1444 1453 1444 1490 1444 1651 1444 1701 1444 1524 1445 1677 1446 1461 1449 1621 1449 1631 1449 1577 1449 1713 1450 1586 1451 1478 1451 1542 1451 1659 1454 1456 1454 1491 1458 1605 1458 1465 1458 1708 1459 1628 1459 1639 1461 1592 1462 1603 1464 1701 1467 1473 1467 1480 1467 1508 1468 1592 1468 1710 1468 1689 1468 1498 1470 1492 1472 1594 1472 1554 1473 1480 1474 1483 1477 1652 1477 1657 1478 1542 1479 1592 1479 1710 1479 1668 1481 1520 1481 1696 1482 1575 1484 1617 1484 1507 1485 1541 1487 1625 1487 1657 1487 1698 1487 1641 1487 1703 1488 1586 1488 1683 1490 1524 1491 1715 1494 1524 1494 1657 1494 1615 1494 1695 1498 1572 1498 1612 1498 1685 1498 1515 1498 1698 1501 1652 1501 1506 1501 1572 1501 1657 1501 1612 1502 1566 1502 1523 1502 1620 1503 1664 1504 1701 1504 1683 1504 1686 1505 1720 1505 1711 1505 1550 1505 1842 1505 1756 1505 1791 1505 1732 1506 1549 1506 1612 1507 1717 1507 1533 1507 1684 1507 1688 1507 1511 1508 1610 1508 1581 1509 1824 1509 1720 1509 1665 1509 1614 1509 1753 1510 1712 1510 1558 1510 1525 1510 1658 1511 1635 1511 1637 1511 1735 1512 1685 1512 1686 1512 1636 1512 1776 1512 1622 1512 1681 1513 1633 1513 1535 1514 1698 1514 1613 1514 1641 1514 1776 1514 1665 1515 1710 1515 1696 1515 1707 1515 1545 1515 1613 1516 1587 1516 1561 1516 1619 1516 1734 1516 1783 1517 1645 1517 1632 1517 1799 1517 1746 1518 1740 1518 1742 1518 1762 1518 1766 1518 1741 1519 1609 1520 1542 1521 1678 1521 1536 1521 1848 1522 1699 1523 1565 1523 1590 1523 1587 1523 1561 1524 1625 1524 1661 1525 1712 1525 1619 1525 1782 1525 1796 1525 1803 1526 1678 1526 1631 1526 1727 1526 1764 1527 1779 1527 1768 1527 1801 1528 1629 1528 1654 1528 1576 1528 1705 1528 1543 1528 1561 1529 1689 1529 1613 1529 1711 1530 1727 1530 1671 1530 1693 1530 1815 1530 1748 1530 1831 1531 1708 1531 1702 1531 1593 1531 1638 1532 1621 1532 1640 1532 1556 1532 1553 1532 1574 1533 1669 1533 1649 1534 1690 1534 1731 1534 1544 1535 1599 1536 1669 1536 1555 1536 1649 1537 1647 1538 1659 1538 1696 1538 1578 1538 1707 1538 1676 1538 1563 1538 1690 1539 1627 1539 1587 1539 1642 1539 1593 1539 1691 1540 1668 1540 1707 1540 1567 1541 1674 1543 1637 1543 1546 1543 1740 1544 1676 1544 1557 1544 1824 1544 1762 1544 1743 1545 1696 1545 1698 1545 1690 1545 1681 1546 1736 1546 1805 1546 1785 1546 1742 1546 1787 1546 1750 1547 1694 1547 1645 1547 1763 1547 1838 1547 1843 1548 1649 1548 1670 1548 1822 1549 1677 1549 1700 1549 1551 1549 1689 1549 1562 1550 1847 1550 1756 1550 1765 1551 1553 1551 1568 1552 1703 1552 1597 1552 1737 1552 1812 1553 1598 1554 1594 1554 1604 1555 1669 1555 1609 1555 1643 1555 1672 1556 1577 1556 1568 1557 1578 1557 1642 1557 1721 1557 1619 1557 1560 1558 1702 1558 1638 1558 1827 1559 1738 1559 1797 1559 1711 1559 1849 1559 1842 1560 1731 1560 1712 1560 1644 1561 1570 1562 1589 1563 1656 1563 1578 1563 1805 1563 1824 1564 1693 1564 1738 1564 1847 1565 1629 1565 1654 1566 1618 1567 1710 1567 1689 1567 1568 1567 1738 1567 1613 1568 1589 1568 1671 1568 1693 1568 1738 1569 1778 1569 1706 1569 1845 1569 1803 1569 1841 1570 1590 1570 1573 1571 1667 1571 1709 1571 1846 1571 1597 1571 1624 1572 1625 1573 1607 1573 1604 1573 1830 1574 1713 1574 1589 1574 1602 1575 1580 1576 1578 1576 1721 1577 1727 1577 1671 1578 1654 1578 1653 1579 1696 1579 1634 1581 1714 1581 1669 1581 1798 1581 1609 1581 1704 1582 1635 1582 1656 1582 1637 1582 1630 1582 1787 1583 1702 1583 1673 1584 1731 1584 1712 1584 1588 1584 1644 1584 1786 1585 1615 1585 1779 1586 1651 1587 1620 1587 1663 1588 1694 1588 1673 1588 1827 1589 1598 1589 1738 1589 1797 1590 1633 1590 1607 1590 1604 1591 1776 1591 1744 1591 1753 1591 1826 1592 1677 1593 1778 1595 1627 1595 1606 1595 1778 1595 1600 1596 1646 1596 1645 1596 1673 1596 1632 1597 1826 1597 1843 1597 1724 1598 1675 1598 1816 1599 1704 1599 1736 1599 1733 1599 1682 1600 1783 1601 1674 1601 1684 1601 1631 1601 1815 1602 1693 1602 1748 1602 1849 1603 1621 1604 1663 1604 1781 1605 1715 1605 1618 1606 1620 1607 1633 1607 1697 1608 1716 1608 1610 1608 1798 1608 1633 1608 1736 1609 1672 1610 1716 1610 1699 1610 1714 1611 1727 1611 1749 1611 1839 1611 1739 1613 1720 1613 1665 1613 1810 1614 1844 1614 1847 1615 1657 1615 1709 1615 1616 1616 1641 1616 1744 1616 1757 1616 1737 1619 1691 1619 1734 1619 1762 1622 1667 1622 1703 1623 1711 1623 1744 1623 1757 1623 1791 1623 1801 1623 1784 1624 1760 1624 1825 1624 1790 1628 1683 1628 1673 1629 1716 1630 1635 1630 1707 1630 1804 1631 1679 1632 1667 1632 1846 1633 1716 1633 1705 1633 1697 1634 1653 1634 1660 1634 1694 1634 1712 1635 1662 1635 1650 1635 1688 1635 1668 1635 1655 1636 1646 1636 1645 1636 1695 1637 1714 1637 1704 1637 1745 1638 1706 1639 1660 1639 1702 1642 1660 1643 1793 1643 1723 1644 1763 1644 1769 1645 1686 1646 1701 1647 1648 1648 1717 1649 1684 1649 1704 1650 1710 1652 1700 1653 1687 1653 1676 1654 1664 1654 1687 1655 1745 1655 1844 1655 1811 1656 1659 1656 1662 1658 1827 1658 1786 1658 1817 1658 1841 1658 1771 1660 1708 1660 1706 1661 1701 1661 1667 1662 1717 1663 1795 1665 1690 1665 1755 1668 1844 1670 1704 1670 1672 1670 1785 1670 1822 1671 1674 1671 1815 1671 1847 1672 1733 1672 1793 1673 1827 1673 1799 1674 1688 1675 1700 1676 1731 1678 1679 1678 1684 1679 1680 1681 1731 1681 1755 1681 1843 1682 1736 1682 1807 1682 1785 1682 1836 1682 1730 1684 1764 1685 1696 1685 1686 1688 1735 1690 1824 1691 1706 1691 1782 1693 1713 1694 1731 1695 1709 1697 1807 1697 1830 1697 1808 1699 1717 1703 1776 1703 1709 1704 1745 1705 1808 1706 1712 1709 1726 1711 1738 1711 1816 1711 1810 1713 1749 1718 1753 1718 1818 1718 1728 1718 1758 1719 1754 1719 1833 1719 1722 1719 1775 1720 1847 1720 1753 1721 1740 1721 1752 1722 1811 1722 1831 1722 1758 1723 1835 1723 1774 1723 1834 1723 1725 1724 1747 1724 1760 1724 1825 1725 1835 1725 1802 1726 1737 1727 1749 1728 1743 1728 1755 1729 1788 1729 1832 1729 1769 1730 1742 1730 1750 1731 1763 1732 1744 1732 1812 1733 1807 1733 1813 1733 1767 1733 1814 1734 1806 1735 1764 1735 1789 1737 1784 1737 1790 1738 1847 1739 1821 1740 1752 1741 1762 1741 1743 1742 1808 1742 1828 1743 1824 1743 1818 1743 1832 1744 1810 1745 1785 1745 1759 1745 1787 1746 1843 1746 1825 1746 1773 1747 1763 1747 1840 1748 1819 1748 1833 1748 1777 1748 1775 1750 1766 1750 1823 1751 1830 1751 1800 1751 1780 1752 1809 1752 1806 1753 1756 1753 1837 1754 1835 1754 1772 1755 1840 1758 1820 1759 1835 1759 1789 1759 1823 1759 1772 1760 1812 1761 1849 1761 1842 1761 1768 1762 1796 1763 1788 1764 1815 1764 1848 1764 1835 1764 1839 1765 1775 1765 1842 1766 1805 1766 1818 1766 1828 1766 1820 1767 1785 1767 1814 1768 1849 1768 1791 1769 1796 1769 1832 1770 1812 1770 1784 1770 1790 1771 1786 1771 1841 1771 1794 1772 1811 1773 1792 1774 1793 1775 1842 1776 1826 1777 1849 1779 1816 1780 1836 1781 1795 1782 1783 1782 1845 1782 1796 1783 1795 1786 1838 1787 1804 1788 1838 1789 1844 1789 1831 1792 1838 1792 1817 1793 1814 1794 1817 1795 1809 1799 1838 1799 1817 1800 1808 1800 1809 1802 1822 1802 1823 1803 1841 1804 1824 1804 1811 1804 1818 1806 1828 1807 1813 1808 1836 1811 1820 1812 1837 1815 1844 1819 1833 1820 1823 1821 1848 1821 1834 1826 1843 1829 1845 1829 1841 1830 1836 1831 1847 1833 1839 1837 1840
</DataArray>
        <DataArray type="Int64" Name="offsets" NumberOfComponents="1" format="ascii">
2 4 6 8 10 12 14 16 18 20 22 24 26 28 30 32 34 36 38 40 42 44 46 48 50 52 54 56 58 60 62 64 66 68 70 72 74 76 78 80 82 84 86 88 90 92 94 96 98 100 102 104 106 108 110 112 114 116 118 120 122 124 126 128 130 132 134 136 138 140 142 144 146 148 150 152 154 156 158 160 162 164 166 168 170 172 174 176 178 180 182 184 186 188 190 192 194 196 198 200 202 204 206 208 210 212 214 216 218 220 222 224 226 228 230 232 234 236 238 240 242 244 246 248 250 252 254 256 258 260 262 264 266 268 270 272 274 276 278 280 282 284 286 288 290 292 294 296 298 300 302 304 306 308 310 312 314 316 318 320 322 324 326 328 330 332 334 336 338 340 342 344 346 348 350 352 354 356 358 360 362 364 366 368 370 372 374 376 378 380 382 384 386 388 390 392 394 396 398 400 402 404 406 408 410 412 414 416 418 420 422 424 426 428 430 432 434 436 438 440 442 444 446 448 450 452 454 456 458 460 462 464 466 468 470 472 474 476 478 480 482 484 486 488 490 492 494 496 498 500 502 504 506 508 510 512 514 516 518 520 522 524 526 528 530 532 534 536 538 540 542 544 546 548 550 552 554 556 558 560 562 564 566 568 570 572 574 576 578 580 582 584 586 588 590 592 594 596 598 600 602 604 606 608 610 612 614 616 618 620 622 624 626 628 630 632 634 636 638 640 642 644 646 648 650 652 654 656 658 660 662 664 666 668 670 672 674 676 678 680 682 684 686 688 690 692 694 696 698 700 702 704 706 708 710 712 714 716 718 720 722 724 726 728 730 732 734 736 738 740 742 744 746 748 750 752 754 756 758 760 762 764 766 768 770 772 774 776 778 780 782 784 786 788 790 792 794 796 798 800 802 804 806 808 810 812 814 816 818 820 822 824 826 828 830 832 834 836 838 840 842 844 846 848 850 852 854 856 858 860 862 864 866 868 870 872 874 876 878 880 882 884 886 888 890 892 894 896 898 900 902 904 906 908 910 912 914 916 918 920 922 924 926 928 930 932 934 936 938 940 942 944 946 948 950 952 954 956 958 960 962 964 966 968 970 972 974 976 978 980 982 984 986 988 990 992 994 996 998 1000 1002 1004 1006 1008 1010 1012 1014 1016 1018 1020 1022 1024 1026 1028 1030 1032 1034 1036 1038 1040 1042 1044 1046 1048 1050 1052 1054 1056 1058 1060 1062 1064 1066 1068 1070 1072 1074 1076 1078 1080 1082 1084 1086 1088 1090 1092 1094 1096 1098 1100 1102 1104 1106 1108 1110 1112 1114 1116 1118 1120 1122 1124 1126 1128 1130 1132 1134 1136 1138 1140 1142 1144 1146 1148 1150 1152 1154 1156 1158 1160 1162 1164 1166 1168 1170 1172 1174 1176 1178 1180 1182 1184 1186 1188 1190 1192 1194 1196 1198 1200 1202 1204 1206 1208 1210 1212 1214 1216 1218 1220 1222 1224 1226 1228 1230 1232 1234 1236 1238 1240 1242 1244 1246 1248 1250 1252 1254 1256 1258 1260 1262 1264 1266 1268 1270 1272 1274 1276 1278 1280 1282 1284 1286 1288 1290 1292 1294 1296 1298 1300 1302 1304 1306 1308 1310 1312 1314 1316 1318 1320 1322 1324 1326 1328 1330 1332 1334 1336 1338 1340 1342 1344 1346 1348 1350 1352 1354 1356 1358 1360 1362 1364 1366 1368 1370 1372 1374 1376 1378 1380 1382 1384 1386 1388 1390 1392 1394 1396 1398 1400 1402 1404 1406 1408 1410 1412 1414 1416 1418 1420 1422 1424 1426 1428 1430 1432 1434 1436 1438 1440 1442 1444 1446 1448 1450 1452 1454 1456 1458 1460 1462 1464 1466 1468 1470 1472 1474 1476 1478 1480 1482 1484 1486 1488 1490 1492 1494 1496 1498 1500 1502 1504 1506 1508 1510 1512 1514 1516 1518 1520 1522 1524 1526 1528 1530 1532 1534 1536 1538 1540 1542 1544 1546 1548 1550 1552 1554 1556 1558 1560 1562 1564 1566 1568 1570 1572 1574 1576 1578 1580 1582 1584 1586 1588 1590 1592 1594 1596 1598 1600 1602 1604 1606 1608 1610 1612 1614 1616 1618 1620 1622 1624 1626 1628 1630 1632 1634 1636 1638 1640 1642 1644 1646 1648 1650 1652 1654 1656 1658 1660 1662 1664 1666 1668 1670 1672 1674 1676 1678 1680 1682 1684 1686 1688 1690 1692 1694 1696 1698 1700 1702 1704 1706 1708 1710 1712 1714 1716 1718 1720 1722 1724 1726 1728 1730 1732 1734 1736 1738 1740 1742 1744 1746 1748 1750 1752 1754 1756 1758 1760 1762 1764 1766 1768 1770 1772 1774 1776 1778 1780 1782 1784 1786 1788 1790 1792 1794 1796 1798 1800 1802 1804 1806 1808 1810 1812 1814 1816 1818 1820 1822 1824 1826 1828 1830 1832 1834 1836 1838 1840 1842 1844 1846 1848 1850 1852 1854 1856 1858 1860 1862 1864 1866 1868 1870 1872 1874 1876 1878 1880 1882 1884 1886 1888 1890 1892 1894 1896 1898 1900 1902 1904 1906 1908 1910 1912 1914 1916 1918 1920 1922 1924 1926 1928 1930 1932 1934 1936 1938 1940 1942 1944 1946 1948 1950 1952 1954 1956 1958 1960 1962 1964 1966 1968 1970 1972 1974 1976 1978 1980 1982 1984 1986 1988 1990 1992 1994 1996 1998 2000 2002 2004 2006 2008 2010 2012 2014 2016 2018 2020 2022 2024 2026 2028 2030 2032 2034 2036 2038 2040 2042 2044 2046 2048 2050 2052 2054 2056 2058 2060 2062 2064 2066 2068 2070 2072 2074 2076 2078 2080 2082 2084 2086 2088 2090 2092 2094 2096 2098 2100 2102 2104 2106 2108 2110 2112 2114 2116 2118 2120 2122 2124 2126 2128 2130 2132 2134 2136 2138 2140 2142 2144 2146 2148 2150 2152 2154 2156 2158 2160 2162 2164 2166 2168 2170 2172 2174 2176 2178 2180 2182 2184 2186 2188 2190 2192 2194 2196 2198 2200 2202 2204 2206 2208 2210 2212 2214 2216 2218 2220 2222 2224 2226 2228 2230 2232 2234 2236 2238 2240 2242 2244 2246 2248 2250 2252 2254 2256 2258 2260 2262 2264 2266 2268 2270 2272 2274 2276 2278 2280 2282 2284 2286 2288 2290 2292 2294 2296 2298 2300 2302 2304 2306 2308 2310 2312 2314 2316 2318 2320 2322 2324 2326 2328 2330 2332 2334 2336 2338 2340 2342 2344 2346 2348 2350 2352 2354 2356 2358 2360 2362 2364 2366 2368 2370 2372 2374 2376 2378 2380 2382 2384 2386 2388 2390 2392 2394 2396 2398 2400 2402 2404 2406 2408 2410 2412 2414 2416 2418 2420 2422 2424 2426 2428 2430 2432 2434 2436 2438 2440 2442 2444 2446 2448 2450 2452 2454 2456 2458 2460 2462 2464 2466 2468 2470 2472 2474 2476 2478 2480 2482 2484 2486 2488 2490 2492 2494 2496 2498 2500 2502 2504 2506 2508 2510 2512 2514 2516 2518 2520 2522 2524 2526 2528 2530 2532 2534 2536 2538 2540 2542 2544 2546 2548 2550 2552 2554 2556 2558 2560 2562 2564 2566 2568 2570 2572 2574 2576 2578 2580 2582 2584 2586 2588 2590 2592 2594 2596 2598 2600 2602 2604 2606 2608 2610 2612 2614 2616 2618 2620 2622 2624 2626 2628 2630 2632 2634 2636 2638 2640 2642 2644 2646 2648 2650 2652 2654 2656 2658 2660 2662 2664 2666 2668 2670 2672 2674 2676 2678 2680 2682 2684 2686 2688 2690 2692 2694 2696 2698 2700 2702 2704 2706 2708 2710 2712 2714 2716 2718 2720 2722 2724 2726 2728 2730 2732 2734 2736 2738 2740 2742 2744 2746 2748 2750 2752 2754 2756 2758 2760 2762 2764 2766 2768 2770 2772 2774 2776 2778 2780 2782 2784 2786 2788 2790 2792 2794 2796 2798 2800 2802 2804 2806 2808 2810 2812 2814 2816 2818 2820 2822 2824 2826 2828 2830 2832 2834 2836 2838 2840 2842 2844 2846 2848 2850 2852 2854 2856 2858 2860 2862 2864 2866 2868 2870 2872 2874 2876 2878 2880 2882 2884 2886 2888 2890 2892 2894 2896 2898 2900 2902 2904 2906 2908 2910 2912 2914 2916 2918 2920 2922 2924 2926 2928 2930 2932 2934 2936 2938 2940 2942 2944 2946 2948 2950 2952 2954 2956 2958 2960 2962 2964 2966 2968 2970 2972 2974 2976 2978 2980 2982 2984 2986 2988 2990 2992 2994 2996 2998 3000 3002 3004 3006 3008 3010 3012 3014 3016 3018 3020 3022 3024 3026 3028 3030 3032 3034 3036 3038 3040 3042 3044 3046 3048 3050 3052 3054 3056 3058 3060 3062 3064 3066 3068 3070 3072 3074 3076 3078 3080 3082 3084 3086 3088 3090 3092 3094 3096 3098 3100 3102 3104 3106 3108 3110 3112 3114 3116 3118 3120 3122 3124 3126 3128 3130 3132 3134 3136 3138 3140 3142 3144 3146 3148 3150 3152 3154 3156 3158 3160 3162 3164 3166 3168 3170 3172 3174 3176 3178 3180 3182 3184 3186 3188 3190 3192 3194 3196 3198 3200 3202 3204 3206 3208 3210 3212 3214 3216 3218 3220 3222 3224 3226 3228 3230 3232 3234 3236 3238 3240 3242 3244 3246 3248 3250 3252 3254 3256 3258 3260 3262 3264 3266 3268 3270 3272 3274 3276 3278 3280 3282 3284 3286 3288 3290 3292 3294 3296 3298 3300 3302 3304 3306 3308 3310 3312 3314 3316 3318 3320 3322 3324 3326 3328 3330 3332 3334 3336 3338 3340 3342 3344 3346 3348 3350 3352 3354 3356 3358 3360 3362 3364 3366 3368 3370 3372 3374 3376 3378 3380 3382 3384 3386 3388 3390 3392 3394 3396 3398 3400 3402 3404 3406 3408 3410 3412 3414 3416 3418 3420 3422 3424 3426 3428 3430 3432 3434 3436 3438 3440 3442 3444 3446 3448 3450 3452 3454 3456 3458 3460 3462 3464 3466 3468 3470 3472 3474 3476 3478 3480 3482 3484 3486 3488 3490 3492 3494 3496 3498 3500 3502 3504 3506 3508 3510 3512 3514 3516 3518 3520 3522 3524 3526 3528 3530 3532 3534 3536 3538 3540 3542 3544 3546 3548 3550 3552 3554 3556 3558 3560 3562 3564 3566 3568 3570 3572 3574 3576 3578 3580 3582 3584 3586 3588 3590 3592 3594 3596 3598 3600 3602 3604 3606 3608 3610 3612 3614 3616 3618 3620 3622 3624 3626 3628 3630 3632 3634 3636 3638 3640 3642 3644 3646 3648 3650 3652 3654 3656 3658 3660 3662 3664 3666 3668 3670 3672 3674 3676 3678 3680 3682 3684 3686 3688 3690 3692 3694 3696 3698 3700 3702 3704 3706 3708 3710 3712 3714 3716 3718 3720 3722 3724 3726 3728 3730 3732 3734 3736 3738 3740 3742 3744 3746 3748 3750 3752 3754 3756 3758 3760 3762 3764 3766 3768 3770 3772 3774 3776 3778 3780 3782 3784 3786 3788 3790 3792 3794 3796 3798 3800 3802 3804 3806 3808 3810 3812 3814 3816 3818 3820 3822 3824 3826 3828 3830 3832 3834 3836 3838 3840 3842 3844 3846 3848 3850 3852 3854 3856 3858 3860 3862 3864 3866 3868 3870 3872 3874 3876 3878 3880 3882 3884 3886 3888 3890 3892 3894 3896 3898 3900 3902 3904 3906 3908 3910 3912 3914 3916 3918 3920 3922 3924 3926 3928 3930 3932 3934 3936 3938 3940 3942 3944 3946 3948 3950 3952 3954 3956 3958 3960 3962 3964 3966 3968 3970 3972 3974 3976 3978 3980 3982 3984 3986 3988 3990 3992 3994 3996 3998 4000 4002 4004 4006 4008 4010 4012 4014 4016 4018 4020 4022 4024 4026 4028 4030 4032 4034 4036 4038 4040 4042 4044 4046 4048 4050 4052 4054 4056 4058 4060 4062 4064 4066 4068 4070 4072 4074 4076 4078 4080 4082 4084 4086 4088 4090 4092 4094 4096 4098 4100 4102 4104 4106 4108 4110 4112 4114 4116 4118 4120 4122 4124 4126 4128 4130 4132 4134 4136 4138 4140 4142 4144 4146 4148 4150 4152 4154 4156 4158 4160 4162 4164 4166 4168 4170 4172 4174 4176 4178 4180 4182 4184 4186 4188 4190 4192 4194 4196 4198 4200 4202 4204 4206 4208 4210 4212 4214 4216 4218 4220 4222 4224 4226 4228 4230 4232 4234 4236 4238 4240 4242 4244 4246 4248 4250 4252 4254 4256 4258 4260 4262 4264 4266 4268 4270 4272 4274 4276 4278 4280 4282 4284 4286 4288 4290 4292 4294 4296 4298 4300 4302 4304 4306 4308 4310 4312 4314 4316 4318 4320 4322 4324 4326 4328 4330 4332 4334 4336 4338 4340 4342 4344 4346 4348 4350 4352 4354 4356 4358 4360 4362 4364 4366 4368 4370 4372 4374 4376 4378 4380 4382 4384 4386 4388 4390 4392 4394 4396 4398 4400 4402 4404 4406 4408 4410 4412 4414 4416 4418 4420 4422 4424 4426 4428 4430 4432 4434 4436 4438 4440 4442 4444 4446 4448 4450 4452 4454 4456 4458 4460 4462 4464 4466 4468 4470 4472 4474 4476 4478 4480 4482 4484 4486 4488 4490 4492 4494 4496 4498 4500 4502 4504 4506 4508 4510 4512 4514 4516 4518 4520 4522 4524 4526 4528 4530 4532 4534 4536 4538 4540 4542 4544 4546 4548 4550 4552 4554 4556 4558 4560 4562 4564 4566 4568 4570 4572 4574 4576 4578 4580 4582 4584 4586 4588 4590 4592 4594 4596 4598 4600 4602 4604 4606 4608 4610 4612 4614 4616 4618 4620 4622 4624 4626 4628 4630 4632 4634 4636 4638 4640 4642 4644 4646 4648 4650 4652 4654 4656 4658 4660 4662 4664 4666 4668 4670 4672 4674 4676 4678 4680 4682 4684 4686 4688 4690 4692 4694 4696 4698 4700 4702 4704 4706 4708 4710 4712 4714 4716 4718 4720 4722 4724 4726 4728 4730 4732 4734 4736 4738 4740 4742 4744 4746 4748 4750 4752 4754 4756 4758 4760 4762 4764 4766 4768 4770 4772 4774 4776 4778 4780 4782 4784 4786 4788 4790 4792 4794 4796 4798 4800 4802 4804 4806 4808 4810 4812 4814 4816 4818 4820 4822 4824 4826 4828 4830 4832 4834 4836 4838 4840 4842 4844 4846 4848 4850 4852 4854 4856 4858 4860 4862 4864 4866 4868 4870 4872 4874 4876 4878 4880 4882 4884 4886 4888 4890 4892 4894 4896 4898 4900 4902 4904 4906 4908 4910 4912 4914 4916 4918 4920 4922 4924 4926 4928 4930 4932 4934 4936 4938 4940 4942 4944 4946 4948 4950 4952 4954 4956 4958 4960 4962 4964 4966 4968 4970 4972 4974 4976 4978 4980 4982 4984 4986 4988 4990 4992 4994 4996 4998 5000 5002 5004 5006 5008 5010 5012 5014 5016 5018 5020 5022 5024 5026 5028 5030 5032 5034 5036 5038 5040 5042 5044 5046 5048 5050 5052 5054 5056 5058 5060 5062 5064 5066 5068 5070 5072 5074 5076 5078 5080 5082 5084 5086 5088 5090 5092 5094 5096 5098 5100 5102 5104 5106 5108 5110 5112 5114 5116 5118 5120 5122 5124 5126 5128 5130 5132 5134 5136 5138 5140 5142 5144 5146 5148 5150 5152 5154 5156 5158 5160 5162 5164 5166 5168 5170 5172 5174 5176 5178 5180 5182 5184 5186 5188 5190 5192 5194 5196 5198 5200 5202 5204 5206 5208 5210 5212 5214 5216 5218 5220 5222 5224 5226 5228 5230 5232 5234 5236 5238 5240 5242 5244 5246 5248 5250 5252 5254 5256 5258 5260 5262 5264 5266 5268 5270 5272 5274 5276 5278 5280 5282 5284 5286 5288 5290 5292 5294 5296 5298 5300 5302 5304 5306 5308 5310 5312 5314 5316 5318 5320 5322 5324 5326 5328 5330 5332 5334 5336 5338 5340 5342 5344 5346 5348 5350 5352 5354 5356 5358 5360 5362 5364 5366 5368 5370 5372 5374 5376 5378 5380 5382 5384 5386 5388 5390 5392 5394 5396 5398 5400 5402 5404 5406 5408 5410 5412 5414 5416 5418 5420 5422 5424 5426 5428 5430 5432 5434 5436 5438 5440 5442 5444 5446 5448 5450 5452 5454 5456 5458 5460 5462 5464 5466 5468 5470 5472 5474 5476 5478 5480 5482 5484 5486 5488 5490 5492 5494 5496 5498 5500 5502 5504 5506 5508 5510 5512 5514 5516 5518 5520 5522 5524 5526 5528 5530 5532 5534 5536 5538 5540 5542 5544 5546 5548 5550 5552 5554 5556 5558 5560 5562 5564 5566 5568 5570 5572 5574 5576 5578 5580 5582 5584 5586 5588 5590 5592 5594 5596 5598 5600 5602 5604 5606 5608 5610 5612 5614 5616 5618 5620 5622 5624 5626 5628 5630 5632 5634 5636 5638 5640 5642 5644 5646 5648 5650 5652 5654 5656 5658 5660 5662 5664 5666 5668 5670 5672 5674 5676 5678 5680 5682 5684 5686 5688 5690 5692 5694 5696 5698 5700 5702 5704 5706 5708 5710 5712 5714 5716 5718 5720 5722 5724 5726 5728 5730 5732 5734 5736 5738 5740 5742 5744 5746 5748 5750 5752 5754 5756 5758 5760 5762 5764 5766 5768 5770 5772 5774 5776 5778 5780 5782 5784 5786 5788 5790 5792 5794 5796 5798 5800 5802 5804 5806 5808 5810 5812 5814 5816 5818 5820 5822 5824 5826 5828 5830 5832 5834 5836 5838 5840 5842 5844 5846 5848 5850 5852 5854 5856 5858 5860 5862 5864 5866 5868 5870 5872 5874 5876 5878 5880 5882 5884 5886 5888 5890 5892 5894 5896 5898 5900 5902 5904 5906 5908 5910 5912 5914 5916 5918 5920 5922 5924 5926 5928 5930 5932 5934 5936 5938 5940 5942 5944 5946 5948 5950 5952 5954 5956 5958 5960 5962 5964 5966 5968 5970 5972 5974 5976 5978 5980 5982 5984 5986 5988 5990 5992 5994 5996 5998 6000 6002 6004 6006 6008 6010 6012 6014 6016 6018 6020 6022 6024 6026 6028 6030 6032 6034 6036 6038 6040 6042 6044 6046 6048 6050 6052 6054 6056 6058 6060 6062 6064 6066 6068 6070 6072 6074 6076 6078 6080 6082 6084 6086 6088 6090 6092 6094 6096 6098 6100 6102 6104 6106 6108 6110 6112 6114 6116 6118 6120 6122 6124 6126 6128 6130 6132 6134 6136 6138 6140 6142 6144 6146 6148 6150 6152 6154 6156 6158 6160 6162 6164 6166 6168 6170 6172 6174 6176 6178 6180 6182 6184 6186 6188 6190 6192 6194 6196 6198 6200 6202 6204 6206 6208 6210 6212 6214 6216 6218 6220 6222 6224 6226 6228 6230 6232 6234 6236 6238 6240 6242 6244 6246 6248 6250 6252 6254 6256 6258 6260 6262 6264 6266 6268 6270 6272 6274 6276 6278 6280 6282 6284 6286 6288 6290 6292 6294 6296 6298 6300 6302 6304 6306 6308 6310 6312 6314 6316 6318 6320 6322 6324 6326 6328 6330 6332 6334 6336 6338 6340 6342 6344 6346 6348 6350 6352 6354 6356 6358 6360 6362 6364 6366 6368 6370 6372 6374 6376 6378 6380 6382 6384 6386 6388 6390 6392 6394 6396 6398 6400 6402 6404 6406 6408 6410 6412 6414 6416 6418 6420 6422 6424 6426 6428 6430 6432 6434 6436 6438 6440 6442 6444 6446 6448 6450 6452 6454 6456 6458 6460 6462 6464 6466 6468 6470 6472 6474 6476 6478 6480 6482 6484 6486 6488 6490 6492 6494 6496 6498 6500 6502 6504 6506 6508 6510 6512 6514 6516 6518 6520 6522 6524 6526 6528 6530 6532 6534 6536 6538 6540 6542 6544 6546 6548 6550 6552 6554 6556 6558 6560 6562 6564 6566 6568 6570 6572 6574 6576 6578 6580 6582 6584 6586 6588 6590 6592 6594 6596 6598 6600 6602 6604 6606 6608 6610 6612 6614 6616 6618 6620 6622 6624 6626 6628 6630 6632 6634 6636 6638 6640 6642 6644 6646 6648 6650 6652 6654 6656 6658 6660 6662 6664 6666 6668 6670 6672 6674 6676 6678 6680 6682 6684 6686 6688 6690 6692 6694 6696 6698 6700 6702 6704 6706 6708 6710 6712 6714 6716 6718 6720 6722 6724 6726 6728 6730 6732 6734 6736 6738 6740 6742 6744 6746 6748 6750 6752 6754 6756 6758 6760 6762 6764 6766 6768 6770 6772 6774 6776 6778 6780 6782 6784 6786 6788 6790 6792 6794 6796 6798 6800 6802 6804 6806 6808 6810 6812 6814 6816 6818 6820 6822 6824 6826 6828 6830 6832 6834 6836 6838 6840 6842 6844 6846 6848 6850 6852 6854 6856 6858 6860 6862 6864 6866 6868 6870 6872 6874 6876 6878 6880 6882 6884 6886 6888 6890 6892 6894 6896 6898 6900 6902 6904 6906 6908 6910 6912 6914 6916 6918 6920 6922 6924 6926 6928 6930 6932 6934 6936 6938 6940 6942 6944 6946 6948 6950 6952 6954 6956 6958 6960 6962 6964 6966 6968 6970 6972 6974 6976 6978 6980 6982 6984 6986 6988 6990 6992 6994 6996 6998 7000 7002 7004 7006 7008 7010 7012 7014 7016 7018 7020 7022 7024 7026 7028 7030 7032 7034 7036 7038 7040 7042 7044 7046 7048 7050 7052 7054 7056 7058 7060 7062 7064 7066 7068 7070 7072 7074 7076 7078 7080 7082 7084 7086 7088 7090 7092 7094 7096 7098 7100 7102 7104 7106 7108 7110 7112 7114 7116 7118 7120 7122 7124 7126 7128 7130 7132 7134 7136 7138 7140 7142 7144 7146 7148 7150 7152 7154 7156 7158 7160 7162 7164 7166 7168 7170 7172 7174 7176 7178 7180 7182 7184 7186 7188 7190 7192 7194 7196 7198 7200 7202 7204 7206 7208 7210 7212 7214 7216 7218 7220 7222 7224 7226 7228 7230 7232 7234 7236 7238 7240 7242 7244 7246 7248 7250 7252 7254 7256 7258 7260 7262 7264 7266 7268 7270 7272 7274 7276 7278 7280 7282 7284 7286 7288 7290 7292 7294 7296 7298 7300 7302 7304 7306 7308 7310 7312 7314 7316 7318 7320 7322 7324 7326 7328 7330 7332 7334 7336 7338 7340 7342 7344 7346 7348 7350 7352 7354 7356 7358 7360 7362 7364 7366 7368 7370 7372 7374 7376 7378 7380 7382 7384 7386 7388 7390 7392 7394 7396 7398 7400 7402 7404 7406 7408 7410 7412 7414 7416 7418 7420 7422 7424 7426 7428 7430 7432 7434 7436 7438 7440 7442 7444 7446 7448 7450 7452 7454 7456 7458 7460 7462 7464 7466 7468 7470 7472 7474 7476 7478 7480 7482 7484 7486 7488 7490 7492 7494 7496 7498 7500 7502 7504 7506 7508 7510 7512 7514 7516 7518 7520 7522 7524 7526 7528 7530 7532 7534 7536 7538 7540 7542 7544 7546 7548 7550 7552 7554 7556 7558 7560 7562 7564 7566 7568 7570 7572 7574 7576 7578 7580 7582 7584 7586 7588 7590 7592 7594 7596 7598 7600 7602 7604 7606 7608 7610 7612 7614 7616 7618 7620 7622 7624 7626 7628 7630 7632 7634 7636 7638 7640 7642 7644 7646 7648 7650 7652 7654 7656 7658 7660 7662 7664 7666 7668 7670 7672 7674 7676 7678 7680 7682 7684 7686 7688 7690 7692 7694 7696 7698 7700 7702 7704 7706 7708 7710 7712 7714 7716 7718 7720 7722 7724 7726 7728 7730 7732 7734 7736 7738 7740 7742 7744 7746 7748 7750 7752 7754 7756 7758 7760 7762 7764 7766 7768 7770 7772 7774 7776 7778 7780 7782 7784 7786 7788 7790 7792 7794 7796 7798 7800 7802 7804 7806 7808 7810 7812 7814 7816 7818 7820 7822 7824 7826 7828 7830 7832 7834 7836 7838 7840 7842 7844 7846 7848 7850 7852 7854 7856 7858 7860 7862 7864 7866 7868 7870 7872 7874 7876 7878 7880 7882 7884 7886 7888 7890 7892 7894 7896 7898 7900 7902 7904 7906 7908 7910 7912 7914 7916 7918 7920 7922 7924 7926 7928 7930 7932 7934 7936 7938 7940 7942 7944 7946 7948 7950 7952 7954 7956 7958 7960 7962 7964 7966 7968 7970 7972 7974 7976 7978 7980 7982 7984 7986 7988 7990 7992 7994 7996 7998 8000 8002 8004 8006 8008 8010 8012 8014 8016 8018 8020 8022 8024 8026 8028 8030 8032 8034 8036 8038 8040 8042 8044 8046 8048 8050 8052 8054 8056 8058 8060 8062 8064 8066 8068 8070 8072 8074 8076 8078 8080 8082 8084 8086 8088 8090 8092 8094 8096 8098 8100 8102 8104 8106 8108 8110 8112 8114 8116 8118 8120 8122 8124 8126 8128 8130 8132 8134 8136 8138 8140 8142 8144 8146 8148 8150 8152 8154 8156 8158 8160
</DataArray>
      </Lines>
    </Piece>
  </PolyData>
</VTKFile>
