<?xml version="1.0"?>
<VTKFile type="PolyData" version="0.1" byte_order="LittleEndian">
  <PolyData>
    <Piece NumberOfPoints="1850" NumberOfVerts="0" NumberOfLines="4114" NumberOfStrips="0" NumberOfPolys="0">
      <PointData><DataArray type="Int64" Name="particle_id" NumberOfComponents="1" format="ascii">
1 2 3 4 5 6 7 8 9 10 11 12 13 14 15 16 17 18 19 20 21 22 23 24 25 26 27 28 29 30 31 32 33 34 35 36 37 38 39 40 41 42 43 44 45 46 47 48 49 50 51 52 53 54 55 56 57 58 59 60 61 62 63 64 65 66 67 68 69 70 71 72 73 74 75 76 77 78 79 80 81 82 83 84 85 86 87 88 89 90 91 92 93 94 95 96 97 98 99 100 101 102 103 104 105 106 107 108 109 110 111 112 113 114 115 116 117 118 119 120 121 122 123 124 125 126 127 128 129 130 131 132 133 134 135 136 137 138 139 140 141 142 143 144 145 146 147 148 149 150 151 152 153 154 155 156 157 158 159 160 161 162 163 164 165 166 167 168 169 170 171 172 173 174 175 176 177 178 179 180 181 182 183 184 185 186 187 188 189 190 191 192 193 194 195 196 197 198 199 200 201 202 203 204 205 206 207 208 209 210 211 212 213 214 215 216 217 218 219 220 221 222 223 224 225 226 227 228 229 230 231 232 233 234 235 236 237 238 239 240 241 242 243 244 245 246 247 248 249 250 251 252 253 254 255 256 257 258 259 260 261 262 263 264 265 266 267 268 269 270 271 272 273 274 275 276 277 278 279 280 281 282 283 284 285 286 287 288 289 290 291 292 293 294 295 296 297 298 299 300 301 302 303 304 305 306 307 308 309 310 311 312 313 314 315 316 317 318 319 320 321 322 323 324 325 326 327 328 329 330 331 332 333 334 335 336 337 338 339 340 341 342 343 344 345 346 347 348 349 350 351 352 353 354 355 356 357 358 359 360 361 362 363 364 365 366 367 368 369 370 371 372 373 374 375 376 377 378 379 380 381 382 383 384 385 386 387 388 389 390 391 392 393 394 395 396 397 398 399 400 401 402 403 404 405 406 407 408 409 410 411 412 413 414 415 416 417 418 419 420 421 422 423 424 425 426 427 428 429 430 431 432 433 434 435 436 437 438 439 440 441 442 443 444 445 446 447 448 449 450 451 452 453 454 455 456 457 458 459 460 461 462 463 464 465 466 467 468 469 470 471 472 473 474 475 476 477 478 479 480 481 482 483 484 485 486 487 488 489 490 491 492 493 494 495 496 497 498 499 500 501 502 503 504 505 506 507 508 509 510 511 512 513 514 515 516 517 518 519 520 521 522 523 524 525 526 527 528 529 530 531 532 533 534 535 536 537 538 539 540 541 542 543 544 545 546 547 548 549 550 551 552 553 554 555 556 557 558 559 560 561 562 563 564 565 566 567 568 569 570 571 572 573 574 575 576 577 578 579 580 581 582 583 584 585 586 587 588 589 590 591 592 593 594 595 596 597 598 599 600 601 602 603 604 605 606 607 608 609 610 611 612 613 614 615 616 617 618 619 620 621 622 623 624 625 626 627 628 629 630 631 632 633 634 635 636 637 638 639 640 641 642 643 644 645 646 647 648 649 650 651 652 653 654 655 656 657 658 659 660 661 662 663 664 665 666 667 668 669 670 671 672 673 674 675 676 677 678 679 680 681 682 683 684 685 686 687 688 689 690 691 692 693 694 695 696 697 698 699 700 701 702 703 704 705 706 707 708 709 710 711 712 713 714 715 716 717 718 719 720 721 722 723 724 725 726 727 728 729 730 731 732 733 734 735 736 737 738 739 740 741 742 743 744 745 746 747 748 749 750 751 752 753 754 755 756 757 758 759 760 761 762 763 764 765 766 767 768 769 770 771 772 773 774 775 776 777 778 779 780 781 782 783 784 785 786 787 788 789 790 791 792 793 794 795 796 797 798 799 800 801 802 803 804 805 806 807 808 809 810 811 812 813 814 815 816 817 818 819 820 821 822 823 824 825 826 827 828 829 830 831 832 833 834 835 836 837 838 839 840 841 842 843 844 845 846 847 848 849 850 851 852 853 854 855 856 857 858 859 860 861 862 863 864 865 866 867 868 869 870 871 872 873 874 875 876 877 878 879 880 881 882 883 884 885 886 887 888 889 890 891 892 893 894 895 896 897 898 899 900 901 902 903 904 905 906 907 908 909 910 911 912 913 914 915 916 917 918 919 920 921 922 923 924 925 926 927 928 929 930 931 932 933 934 935 936 937 938 939 940 941 942 943 944 945 946 947 948 949 950 951 952 953 954 955 956 957 958 959 960 961 962 963 964 965 966 967 968 969 970 971 972 973 974 975 976 977 978 979 980 981 982 983 984 985 986 987 988 989 990 991 992 993 994 995 996 997 998 999 1000 1001 1002 1003 1004 1005 1006 1007 1008 1009 1010 1011 1012 1013 1014 1015 1016 1017 1018 1019 1020 1021 1022 1023 1024 1025 1026 1027 1028 1029 1030 1031 1032 1033 1034 1035 1036 1037 1038 1039 1040 1041 1042 1043 1044 1045 1046 1047 1048 1049 1050 1051 1052 1053 1054 1055 1056 1057 1058 1059 1060 1061 1062 1063 1064 1065 1066 1067 1068 1069 1070 1071 1072 1073 1074 1075 1076 1077 1078 1079 1080 1081 1082 1083 1084 1085 1086 1087 1088 1089 1090 1091 1092 1093 1094 1095 1096 1097 1098 1099 1100 1101 1102 1103 1104 1105 1106 1107 1108 1109 1110 1111 1112 1113 1114 1115 1116 1117 1118 1119 1120 1121 1122 1123 1124 1125 1126 1127 1128 1129 1130 1131 1132 1133 1134 1135 1136 1137 1138 1139 1140 1141 1142 1143 1144 1145 1146 1147 1148 1149 1150 1151 1152 1153 1154 1155 1156 1157 1158 1159 1160 1161 1162 1163 1164 1165 1166 1167 1168 1169 1170 1171 1172 1173 1174 1175 1176 1177 1178 1179 1180 1181 1182 1183 1184 1185 1186 1187 1188 1189 1190 1191 1192 1193 1194 1195 1196 1197 1198 1199 1200 1201 1202 1203 1204 1205 1206 1207 1208 1209 1210 1211 1212 1213 1214 1215 1216 1217 1218 1219 1220 1221 1222 1223 1224 1225 1226 1227 1228 1229 1230 1231 1232 1233 1234 1235 1236 1237 1238 1239 1240 1241 1242 1243 1244 1245 1246 1247 1248 1249 1250 1251 1252 1253 1254 1255 1256 1257 1258 1259 1260 1261 1262 1263 1264 1265 1266 1267 1268 1269 1270 1271 1272 1273 1274 1275 1276 1277 1278 1279 1280 1281 1282 1283 1284 1285 1286 1287 1288 1289 1290 1291 1292 1293 1294 1295 1296 1297 1298 1299 1300 1301 1302 1303 1304 1305 1306 1307 1308 1309 1310 1311 1312 1313 1314 1315 1316 1317 1318 1319 1320 1321 1322 1323 1324 1325 1326 1327 1328 1329 1330 1331 1332 1333 1334 1335 1336 1337 1338 1339 1340 1341 1342 1343 1344 1345 1346 1347 1348 1349 1350 1351 1352 1353 1354 1355 1356 1357 1358 1359 1360 1361 1362 1363 1364 1365 1366 1367 1368 1369 1370 1371 1372 1373 1374 1375 1376 1377 1378 1379 1380 1381 1382 1383 1384 1385 1386 1387 1388 1389 1390 1391 1392 1393 1394 1395 1396 1397 1398 1399 1400 1401 1402 1403 1404 1405 1406 1407 1408 1409 1410 1411 1412 1413 1414 1415 1416 1417 1418 1419 1420 1421 1422 1423 1424 1425 1426 1427 1428 1429 1430 1431 1432 1433 1434 1435 1436 1437 1438 1439 1440 1441 1442 1443 1444 1445 1446 1447 1448 1449 1450 1451 1452 1453 1454 1455 1456 1457 1458 1459 1460 1461 1462 1463 1464 1465 1466 1467 1468 1469 1470 1471 1472 1473 1474 1475 1476 1477 1478 1479 1480 1481 1482 1483 1484 1485 1486 1487 1488 1489 1490 1491 1492 1493 1494 1495 1496 1497 1498 1499 1500 1501 1502 1503 1504 1505 1506 1507 1508 1509 1510 1511 1512 1513 1514 1515 1516 1517 1518 1519 1520 1521 1522 1523 1524 1525 1526 1527 1528 1529 1530 1531 1532 1533 1534 1535 1536 1537 1538 1539 1540 1541 1542 1543 1544 1545 1546 1547 1548 1549 1550 1551 1552 1553 1554 1555 1556 1557 1558 1559 1560 1561 1562 1563 1564 1565 1566 1567 1568 1569 1570 1571 1572 1573 1574 1575 1576 1577 1578 1579 1580 1581 1582 1583 1584 1585 1586 1587 1588 1589 1590 1591 1592 1593 1594 1595 1596 1597 1598 1599 1600 1601 1602 1603 1604 1605 1606 1607 1608 1609 1610 1611 1612 1613 1614 1615 1616 1617 1618 1619 1620 1621 1622 1623 1624 1625 1626 1627 1628 1629 1630 1631 1632 1633 1634 1635 1636 1637 1638 1639 1640 1641 1642 1643 1644 1645 1646 1647 1648 1649 1650 1651 1652 1653 1654 1655 1656 1657 1658 1659 1660 1661 1662 1663 1664 1665 1666 1667 1668 1669 1670 1671 1672 1673 1674 1675 1676 1677 1678 1679 1680 1681 1682 1683 1684 1685 1686 1687 1688 1689 1690 1691 1692 1693 1694 1695 1696 1697 1698 1699 1700 1701 1702 1703 1704 1705 1706 1707 1708 1709 1710 1711 1712 1713 1714 1715 1716 1717 1718 1719 1720 1721 1722 1723 1724 1725 1726 1727 1728 1729 1730 1731 1732 1733 1734 1735 1736 1737 1738 1739 1740 1741 1742 1743 1744 1745 1746 1747 1748 1749 1750 1751 1752 1753 1754 1755 1756 1757 1758 1759 1760 1761 1762 1763 1764 1765 1766 1767 1768 1769 1770 1771 1772 1773 1774 1775 1776 1777 1778 1779 1780 1781 1782 1783 1784 1785 1786 1787 1788 1789 1790 1791 1792 1793 1794 1795 1796 1797 1798 1799 1800 1801 1802 1803 1804 1805 1806 1807 1808 1809 1810 1811 1812 1813 1814 1815 1816 1817 1818 1819 1820 1821 1822 1823 1824 1825 1826 1827 1828 1829 1830 1831 1832 1833 1834 1835 1836 1837 1838 1839 1840 1841 1842 1843 1844 1845 1846 1847 1848 1849 1850
</DataArray></PointData>
      <CellData>
        <DataArray type="Int64" Name="particle_1" NumberOfComponents="1" format="ascii">
1 1 1 1 1 1 2 2 2 2 2 2 3 3 3 3 4 4 4 4 4 5 5 5 5 5 6 6 6 7 7 7 7 8 8 8 8 8 8 9 9 9 9 11 11 11 12 14 14 14 14 15 15 16 16 16 16 16 16 17 17 17 17 17 18 18 18 18 18 18 18 19 19 19 19 19 20 20 20 20 20 21 21 22 22 22 22 23 23 23 24 24 24 24 24 24 25 25 25 25 26 26 27 27 28 28 29 29 29 29 30 30 30 30 30 31 31 31 32 32 32 33 33 33 33 34 34 34 34 35 35 35 36 36 37 37 37 37 37 38 38 38 38 38 39 39 39 39 39 40 40 40 40 41 41 41 42 42 42 42 43 43 43 43 44 44 45 45 45 45 45 46 46 46 46 46 47 47 47 47 47 48 48 48 48 49 49 49 49 49 49 49 50 51 52 52 52 52 52 52 54 54 54 54 54 55 55 55 55 55 55 56 56 56 56 57 57 57 57 57 57 58 58 58 58 59 59 59 59 59 60 60 60 60 61 61 61 61 62 63 63 63 63 63 64 64 64 64 64 65 65 65 66 66 66 67 67 67 68 68 68 68 68 68 69 69 70 70 71 71 71 72 72 72 72 73 73 73 73 74 74 74 74 74 75 75 75 75 75 76 76 76 76 76 77 78 78 78 79 79 79 80 81 81 82 82 83 83 83 84 84 85 85 85 86 86 86 86 86 87 87 88 88 88 88 88 89 89 89 89 89 90 91 91 92 92 92 93 94 95 96 97 97 98 98 98 99 99 99 100 100 102 102 103 103 103 103 104 104 104 104 105 105 105 105 105 106 106 106 106 107 107 109 109 109 110 110 110 110 110 111 111 112 113 113 113 113 113 114 114 114 115 115 115 116 117 118 118 119 119 119 120 120 121 121 121 122 122 123 123 123 124 124 125 126 126 127 127 127 128 129 129 132 132 133 133 133 133 134 134 135 135 136 136 136 137 137 138 138 138 139 139 139 140 141 141 141 141 142 143 143 144 145 146 147 147 147 147 149 151 151 151 152 152 153 153 154 155 155 155 155 157 157 158 158 158 159 159 160 160 160 161 161 161 162 162 162 162 162 162 162 163 164 165 166 167 168 168 168 169 169 170 170 172 174 174 175 175 175 175 175 176 177 177 177 177 178 178 178 179 181 182 182 183 184 184 186 187 188 190 192 192 193 195 195 196 199 199 200 200 201 203 203 205 205 210 212 212 212 212 212 212 214 215 216 218 220 221 221 225 226 226 227 227 227 228 228 228 229 229 229 229 230 230 231 231 231 231 231 232 232 232 232 232 233 233 233 233 233 233 234 234 234 234 234 235 235 235 236 237 237 239 239 239 241 241 241 241 242 242 242 242 242 242 243 243 244 244 244 244 246 246 246 247 247 248 248 248 248 248 249 249 249 250 250 250 250 250 251 251 251 252 253 253 253 254 254 254 255 255 256 256 256 256 256 256 257 257 257 257 257 257 258 258 258 258 259 259 259 260 260 260 260 260 261 261 262 262 263 263 264 264 264 264 265 265 266 266 266 266 267 267 267 267 267 268 268 269 269 270 270 270 270 270 270 270 271 271 271 272 272 272 272 273 273 273 273 274 275 275 275 275 276 276 276 276 276 277 277 277 277 277 278 278 279 279 280 280 280 280 280 280 281 281 281 281 281 283 283 283 284 284 284 284 285 285 285 285 285 286 286 286 286 286 287 288 288 288 288 289 289 289 289 290 290 290 290 290 290 290 291 291 291 292 292 292 293 293 293 293 293 294 295 295 295 296 297 297 297 298 298 298 298 298 299 299 300 300 300 300 300 301 303 303 304 304 304 305 305 305 306 306 306 306 306 307 307 307 307 307 307 308 308 308 309 309 309 310 311 311 311 312 312 312 312 312 313 313 314 315 315 315 316 316 316 316 317 318 318 318 319 319 319 320 321 321 321 321 321 322 323 325 325 325 325 326 326 326 327 327 327 327 328 328 329 329 329 329 329 329 329 330 331 331 331 332 332 332 333 333 334 335 335 335 335 336 336 336 337 337 338 338 338 339 339 339 339 340 340 341 342 343 343 343 344 344 344 345 346 346 348 348 349 350 351 351 352 353 353 354 355 355 355 355 355 356 357 357 357 357 358 358 360 362 363 363 363 363 364 364 364 364 364 365 365 366 367 367 367 368 369 370 370 370 372 372 375 377 377 377 377 377 378 378 383 383 383 383 383 383 384 384 384 384 384 385 385 386 387 387 387 388 388 389 391 391 392 392 392 393 393 394 394 394 395 395 397 399 400 400 400 401 401 404 404 405 405 405 406 406 406 406 406 407 407 408 408 409 410 410 411 413 413 413 414 414 416 416 419 419 419 419 420 420 420 422 422 422 423 423 423 424 425 425 429 429 431 431 432 433 433 433 434 434 435 435 436 436 436 436 436 437 437 437 437 437 437 438 438 438 439 439 439 440 440 441 443 443 443 443 444 444 445 445 445 445 445 446 446 446 446 446 447 447 447 447 447 448 449 449 451 451 452 452 453 453 453 453 455 455 456 456 456 456 456 457 457 458 458 458 458 459 459 459 460 460 460 461 461 461 462 463 463 463 464 464 465 465 465 466 466 466 466 466 467 469 470 470 470 470 470 470 470 470 471 471 471 471 471 472 472 472 472 472 473 474 474 474 474 474 475 476 476 476 476 476 476 476 477 478 478 478 479 480 480 480 481 481 482 482 482 482 483 483 483 484 485 485 485 486 486 486 486 486 486 487 487 488 488 488 488 488 489 489 489 489 490 490 490 491 491 491 492 492 492 492 493 493 493 493 494 494 494 496 497 497 497 497 498 498 498 499 499 499 499 500 500 500 500 501 501 501 502 502 502 503 503 503 504 504 504 504 505 506 506 506 506 507 507 507 507 507 508 509 509 509 511 511 511 512 513 513 514 514 514 515 516 516 516 516 516 516 517 518 519 519 519 520 520 520 520 520 521 521 522 522 522 523 523 524 524 524 525 525 526 526 527 527 527 527 528 528 528 528 530 530 531 531 531 531 532 532 532 533 533 533 533 534 534 534 534 535 535 536 536 537 537 537 538 538 539 539 539 540 540 540 540 541 541 541 542 542 542 542 543 544 544 544 544 547 548 548 548 548 548 549 549 549 549 551 551 552 554 554 554 554 554 556 558 558 559 560 562 562 562 562 563 563 564 565 565 565 565 566 566 566 567 568 568 569 569 569 570 572 574 574 575 575 576 576 576 576 576 576 577 578 578 581 581 581 581 582 583 583 583 584 584 584 585 586 586 587 587 588 588 589 589 589 590 590 590 591 591 591 591 591 592 593 594 594 594 595 596 596 596 596 597 597 597 598 599 599 601 601 602 603 603 607 607 607 608 608 608 608 609 609 610 610 611 611 614 615 617 618 619 619 619 619 619 621 621 621 622 623 623 626 627 627 628 630 630 632 632 632 634 635 635 636 638 639 639 640 640 640 640 642 647 649 649 649 649 649 649 649 652 653 654 654 655 657 657 658 659 659 660 660 661 661 662 663 666 668 668 669 669 669 670 670 670 670 670 671 671 671 671 671 672 673 673 673 674 674 674 674 675 675 675 676 677 677 677 677 677 677 678 679 679 681 681 681 681 681 681 682 682 682 682 682 683 683 683 683 684 684 684 685 685 685 685 685 686 686 686 686 687 687 687 687 688 688 688 688 689 689 689 691 691 691 691 691 692 692 692 693 693 694 695 695 695 696 696 696 697 697 697 697 697 697 697 698 698 698 698 699 699 699 699 699 700 700 700 700 702 702 703 705 705 705 706 706 707 707 707 708 708 708 708 708 709 709 709 709 709 710 710 710 710 710 711 712 713 713 713 713 714 714 714 715 715 715 716 716 716 717 718 718 719 720 720 721 721 721 722 722 722 723 723 724 724 724 724 725 725 726 727 727 727 727 728 728 729 729 729 729 729 730 730 730 731 731 731 731 731 732 732 732 732 732 732 733 733 733 733 734 735 735 735 736 736 736 736 736 737 738 738 738 739 739 739 740 740 740 740 741 741 741 741 742 743 743 743 743 743 744 744 744 744 745 745 746 746 747 747 747 747 747 747 748 748 749 750 750 750 751 751 752 752 752 752 753 753 753 753 753 754 754 754 754 754 754 755 755 755 756 756 757 757 757 758 758 758 759 759 760 760 761 761 762 762 763 763 763 764 764 765 766 766 766 767 767 767 768 768 769 769 769 770 770 771 771 771 771 772 772 772 773 773 773 773 773 774 775 775 775 775 776 776 778 778 778 778 779 780 780 780 780 780 780 781 781 781 781 782 782 783 783 783 783 784 784 785 785 785 785 785 786 787 787 787 790 790 790 790 790 791 791 792 792 792 792 792 792 793 793 793 795 796 797 797 798 798 798 800 800 801 801 801 802 802 802 803 803 803 804 804 805 806 806 806 806 807 807 807 807 808 809 809 809 809 810 812 813 813 813 814 815 816 816 816 817 817 818 819 819 820 820 820 822 822 823 823 823 825 825 825 826 826 826 826 828 829 829 830 831 831 831 833 833 833 834 834 834 834 834 835 837 837 837 837 839 839 839 839 839 839 840 840 840 840 841 841 841 841 842 844 844 844 844 845 845 846 847 848 848 849 850 850 850 850 850 851 851 851 851 852 853 853 853 853 854 854 855 858 860 860 861 861 861 863 863 863 867 869 872 872 873 873 875 875 875 876 879 879 879 879 879 879 880 880 881 882 882 882 882 884 884 884 884 885 886 886 886 887 887 887 888 890 892 893 895 895 895 895 896 896 896 903 906 906 906 908 908 909 909 910 910 911 911 913 913 913 913 913 914 915 915 915 916 916 916 917 917 917 918 918 919 919 919 919 919 920 920 921 921 921 921 921 922 922 923 923 923 923 924 924 924 925 925 926 926 926 927 927 928 929 929 929 929 929 929 930 930 930 931 931 931 931 931 931 932 932 933 933 934 934 934 935 935 935 935 935 935 936 936 937 937 937 937 937 937 938 939 939 939 940 940 940 941 941 941 941 942 942 942 942 943 943 943 944 944 946 946 946 946 947 948 949 949 950 950 950 951 951 951 951 952 952 953 953 954 954 954 954 954 956 956 956 956 957 957 957 957 958 958 960 960 960 961 961 961 961 961 961 961 962 963 964 964 964 964 965 965 965 966 966 966 966 966 967 967 968 969 969 969 969 970 971 971 971 971 971 972 972 973 973 974 974 974 975 975 975 976 976 976 977 977 977 977 977 978 978 978 979 979 979 979 979 980 980 980 980 980 980 981 981 982 982 983 983 983 984 984 984 985 985 985 986 986 986 986 986 988 988 988 988 988 989 989 989 990 991 991 991 992 992 992 992 992 993 993 993 993 994 994 994 996 996 997 997 997 997 997 997 998 998 998 998 999 999 999 999 1000 1000 1000 1000 1001 1001 1001 1001 1002 1002 1003 1003 1003 1003 1004 1004 1004 1005 1005 1005 1006 1007 1007 1007 1007 1008 1008 1008 1008 1008 1009 1009 1010 1010 1010 1011 1011 1011 1012 1012 1013 1014 1015 1015 1016 1016 1017 1018 1019 1020 1020 1020 1020 1021 1021 1021 1022 1022 1022 1022 1022 1022 1024 1024 1024 1025 1026 1027 1027 1028 1028 1029 1029 1029 1029 1029 1030 1030 1030 1030 1031 1032 1032 1032 1033 1033 1033 1034 1034 1034 1034 1035 1036 1036 1037 1037 1038 1038 1038 1039 1040 1040 1042 1042 1042 1042 1043 1043 1043 1043 1043 1043 1044 1044 1045 1046 1046 1046 1047 1048 1048 1048 1048 1049 1050 1051 1051 1051 1052 1052 1052 1054 1055 1056 1056 1057 1057 1057 1058 1058 1058 1058 1058 1059 1059 1059 1060 1061 1061 1061 1061 1062 1063 1063 1063 1064 1064 1064 1065 1065 1066 1066 1066 1066 1067 1067 1067 1067 1068 1068 1068 1068 1068 1069 1069 1070 1070 1070 1070 1071 1071 1072 1072 1072 1073 1074 1074 1075 1076 1076 1076 1077 1077 1077 1078 1079 1080 1081 1081 1081 1081 1082 1084 1084 1084 1084 1085 1085 1085 1086 1086 1087 1087 1088 1090 1090 1091 1093 1094 1094 1094 1096 1097 1098 1098 1098 1098 1099 1100 1100 1100 1102 1102 1102 1103 1103 1103 1103 1105 1105 1105 1106 1107 1108 1108 1108 1108 1108 1109 1109 1109 1109 1109 1109 1110 1112 1113 1113 1113 1115 1115 1116 1116 1116 1119 1120 1121 1122 1122 1126 1128 1129 1129 1131 1131 1131 1132 1132 1132 1133 1134 1134 1135 1136 1136 1136 1138 1139 1141 1141 1141 1141 1143 1144 1144 1144 1146 1146 1146 1148 1150 1154 1155 1155 1157 1158 1158 1158 1158 1161 1161 1167 1167 1167 1167 1168 1168 1168 1169 1169 1169 1170 1170 1170 1170 1170 1170 1170 1171 1171 1172 1172 1172 1173 1173 1173 1174 1174 1174 1174 1174 1174 1174 1174 1175 1175 1176 1176 1176 1178 1178 1178 1178 1179 1179 1179 1180 1181 1181 1181 1181 1181 1182 1182 1182 1182 1182 1183 1185 1185 1185 1185 1186 1187 1187 1188 1188 1189 1189 1189 1189 1189 1189 1190 1190 1190 1190 1190 1191 1191 1192 1192 1193 1194 1194 1196 1197 1197 1197 1197 1197 1197 1198 1198 1198 1198 1199 1199 1199 1199 1199 1199 1201 1202 1202 1203 1203 1204 1204 1204 1205 1205 1205 1206 1206 1206 1207 1207 1207 1208 1208 1208 1208 1209 1210 1210 1210 1210 1210 1211 1211 1211 1212 1212 1212 1214 1215 1216 1216 1216 1216 1216 1216 1217 1217 1217 1218 1219 1220 1220 1220 1220 1220 1221 1221 1221 1221 1223 1223 1224 1224 1224 1224 1224 1224 1225 1225 1225 1226 1226 1226 1226 1227 1227 1227 1227 1227 1228 1228 1229 1229 1230 1230 1230 1230 1230 1231 1231 1231 1231 1232 1232 1233 1233 1234 1234 1234 1234 1235 1236 1236 1236 1236 1236 1236 1237 1237 1237 1237 1238 1238 1238 1238 1239 1239 1239 1240 1240 1240 1240 1241 1241 1241 1241 1241 1241 1242 1242 1243 1244 1244 1244 1245 1246 1246 1246 1247 1247 1247 1247 1248 1248 1249 1249 1250 1251 1251 1252 1253 1253 1253 1254 1254 1254 1257 1257 1257 1257 1259 1259 1260 1260 1260 1260 1260 1261 1261 1261 1262 1262 1262 1263 1264 1264 1264 1265 1265 1265 1266 1267 1267 1269 1269 1269 1269 1269 1270 1270 1271 1272 1272 1273 1273 1273 1274 1274 1275 1276 1276 1276 1276 1277 1277 1277 1277 1277 1279 1279 1279 1279 1279 1280 1282 1282 1283 1283 1284 1284 1284 1284 1285 1285 1285 1285 1286 1286 1286 1286 1286 1287 1288 1288 1288 1288 1289 1289 1289 1289 1290 1290 1293 1293 1293 1294 1294 1296 1297 1297 1297 1297 1298 1299 1299 1299 1300 1301 1301 1302 1302 1302 1303 1303 1303 1304 1304 1304 1304 1304 1305 1306 1306 1306 1309 1310 1310 1313 1313 1314 1314 1314 1315 1315 1315 1315 1322 1322 1322 1323 1323 1324 1324 1325 1326 1326 1328 1328 1331 1331 1331 1332 1332 1332 1333 1334 1335 1335 1335 1335 1336 1336 1336 1337 1337 1337 1337 1339 1339 1339 1339 1341 1341 1341 1343 1346 1347 1347 1347 1348 1349 1349 1351 1351 1351 1351 1352 1352 1354 1357 1358 1359 1359 1359 1359 1363 1363 1363 1363 1364 1364 1364 1364 1366 1366 1367 1369 1369 1371 1371 1371 1372 1374 1374 1374 1374 1377 1379 1379 1380 1380 1380 1381 1381 1381 1381 1381 1381 1381 1381 1382 1382 1382 1382 1383 1383 1383 1384 1384 1384 1384 1384 1385 1385 1385 1386 1386 1386 1387 1387 1387 1387 1387 1388 1388 1388 1388 1388 1389 1389 1389 1389 1390 1390 1390 1390 1390 1391 1391 1391 1392 1392 1392 1392 1393 1393 1393 1394 1394 1394 1395 1395 1395 1395 1396 1396 1396 1397 1398 1398 1398 1398 1399 1399 1399 1399 1400 1401 1402 1402 1402 1403 1403 1404 1404 1404 1405 1405 1405 1405 1406 1406 1406 1406 1406 1407 1407 1407 1407 1407 1408 1408 1409 1409 1409 1409 1411 1411 1411 1411 1411 1413 1413 1413 1414 1414 1414 1414 1415 1415 1415 1415 1415 1415 1416 1416 1416 1417 1417 1419 1419 1419 1419 1419 1419 1419 1420 1420 1420 1421 1421 1422 1422 1422 1423 1423 1423 1424 1424 1424 1425 1425 1425 1425 1426 1426 1426 1426 1426 1427 1427 1427 1429 1429 1429 1429 1430 1430 1430 1431 1431 1431 1432 1433 1433 1433 1434 1434 1434 1435 1435 1435 1435 1435 1435 1436 1436 1437 1437 1437 1437 1437 1439 1439 1439 1439 1439 1440 1440 1441 1441 1441 1441 1442 1442 1443 1443 1443 1444 1444 1444 1444 1445 1445 1446 1446 1447 1448 1448 1449 1449 1449 1450 1450 1451 1451 1452 1452 1453 1453 1454 1454 1454 1455 1458 1458 1458 1458 1460 1460 1460 1461 1461 1461 1462 1462 1462 1463 1463 1463 1464 1464 1464 1465 1466 1466 1467 1467 1468 1468 1469 1469 1469 1469 1469 1470 1471 1471 1471 1471 1472 1472 1473 1474 1474 1474 1474 1474 1475 1475 1476 1477 1477 1478 1478 1478 1478 1478 1478 1478 1479 1479 1479 1480 1480 1480 1480 1480 1480 1481 1481 1481 1482 1482 1482 1482 1483 1483 1483 1483 1484 1484 1485 1485 1485 1486 1486 1486 1487 1487 1487 1488 1489 1489 1489 1489 1489 1490 1490 1490 1492 1492 1493 1493 1493 1493 1493 1493 1493 1493 1494 1494 1494 1495 1495 1497 1497 1498 1498 1499 1499 1501 1501 1502 1502 1503 1503 1503 1504 1504 1505 1505 1506 1506 1506 1507 1507 1508 1508 1509 1509 1509 1509 1511 1511 1512 1512 1513 1513 1514 1516 1516 1518 1518 1518 1518 1519 1519 1519 1519 1520 1521 1521 1523 1523 1523 1526 1526 1527 1527 1527 1528 1528 1528 1529 1531 1532 1532 1535 1536 1536 1537 1537 1537 1538 1538 1538 1539 1541 1543 1544 1545 1545 1545 1545 1545 1546 1546 1548 1549 1549 1549 1549 1551 1551 1551 1551 1556 1556 1557 1557 1559 1560 1560 1560 1561 1562 1562 1564 1565 1565 1568 1568 1569 1569 1569 1570 1571 1572 1572 1572 1573 1573 1575 1575 1575 1575 1576 1579 1579 1580 1580 1583 1583 1583 1583 1584 1584 1587 1587 1590 1590 1590 1590 1590 1592 1592 1592 1592 1592 1593 1593 1593 1593 1593 1593 1594 1594 1594 1594 1594 1594 1595 1595 1595 1595 1595 1595 1596 1596 1596 1596 1597 1597 1597 1597 1598 1599 1599 1599 1599 1599 1600 1600 1600 1601 1601 1601 1601 1601 1601 1602 1602 1603 1603 1603 1603 1604 1605 1605 1605 1605 1606 1606 1606 1607 1607 1608 1608 1608 1609 1609 1609 1609 1610 1610 1610 1612 1613 1614 1614 1614 1614 1615 1615 1615 1615 1615 1616 1616 1616 1616 1616 1617 1617 1617 1617 1617 1618 1618 1618 1618 1619 1619 1619 1619 1620 1620 1620 1621 1621 1622 1622 1623 1623 1623 1624 1625 1626 1628 1628 1628 1628 1628 1628 1629 1629 1629 1629 1630 1630 1632 1632 1632 1632 1634 1634 1634 1634 1634 1635 1636 1636 1636 1637 1637 1637 1637 1637 1638 1638 1638 1639 1639 1639 1639 1640 1640 1641 1641 1642 1642 1642 1642 1643 1643 1644 1644 1644 1645 1645 1645 1645 1646 1646 1647 1647 1647 1647 1648 1648 1648 1648 1649 1649 1650 1651 1652 1652 1652 1652 1654 1654 1654 1656 1657 1657 1657 1658 1658 1660 1660 1661 1661 1661 1662 1663 1663 1664 1666 1666 1666 1667 1667 1668 1668 1668 1668 1670 1670 1670 1670 1671 1671 1671 1672 1672 1672 1673 1674 1674 1675 1675 1675 1675 1675 1675 1676 1676 1676 1676 1677 1677 1677 1679 1679 1680 1680 1680 1682 1683 1683 1683 1685 1686 1686 1686 1687 1687 1687 1687 1688 1688 1688 1689 1689 1689 1690 1690 1690 1690 1691 1691 1692 1694 1695 1695 1696 1696 1697 1697 1698 1698 1698 1699 1700 1700 1700 1700 1702 1703 1703 1704 1704 1704 1706 1707 1707 1707 1707 1708 1709 1711 1711 1711 1712 1712 1712 1713 1713 1713 1714 1714 1714 1715 1715 1716 1716 1717 1717 1717 1718 1718 1719 1719 1721 1723 1724 1724 1726 1726 1726 1726 1727 1727 1728 1728 1730 1730 1730 1730 1730 1731 1731 1732 1732 1732 1733 1733 1733 1736 1736 1736 1739 1740 1741 1741 1742 1742 1744 1745 1748 1750 1750 1751 1753 1753 1753 1755 1758 1759 1760 1760 1762 1763 1763 1764 1766 1767 1772 1772 1772 1773 1773 1773 1773 1774 1774 1775 1775 1775 1776 1776 1778 1779 1779 1780 1780 1780 1781 1784 1784 1785 1786 1786 1786 1787 1787 1788 1790 1791 1792 1792 1793 1793 1794 1794 1795 1795 1796 1797 1797 1798 1799 1800 1801 1801 1802 1802 1803 1805 1806 1807 1810 1811 1811 1814 1816 1817 1817 1818 1818 1819 1820 1821 1824 1825 1828 1829 1830 1832 1833 1833 1835 1837
</DataArray>
        <DataArray type="Int64" Name="particle_2" NumberOfComponents="1" format="ascii">
146 62 58 245 334 352 412 201 397 370 406 429 32 28 35 213 11 39 403 90 412 130 51 134 26 121 27 125 216 194 102 165 62 184 215 181 282 76 22 69 140 108 71 209 426 174 205 186 93 111 110 99 75 192 38 162 354 254 358 92 139 143 174 118 54 97 79 235 417 382 259 99 176 117 150 223 44 170 134 426 227 151 269 215 374 237 397 62 361 274 98 369 161 97 428 269 44 50 170 166 131 41 183 158 84 213 183 70 205 224 198 71 379 225 205 176 219 83 51 132 171 77 247 421 385 154 323 418 341 132 154 323 150 207 83 161 245 197 151 399 356 664 242 375 188 209 42 215 182 179 302 221 77 356 192 195 208 209 173 204 202 48 220 107 144 178 373 54 278 385 414 225 137 347 396 138 50 188 64 218 166 117 187 120 214 119 80 108 167 389 115 78 209 134 90 247 201 394 406 405 77 107 313 201 382 173 99 215 403 135 75 112 208 225 85 396 181 60 175 525 644 72 161 361 237 179 202 302 111 157 138 136 324 251 131 116 104 142 145 163 337 89 664 291 211 69 80 86 167 193 128 164 320 141 427 223 79 81 373 278 386 234 226 236 94 124 194 125 112 108 376 152 224 135 73 224 216 303 644 134 144 323 199 418 169 223 369 107 313 347 182 412 415 240 118 167 163 351 107 157 214 193 322 292 202 189 206 245 197 159 191 152 184 224 164 166 116 109 163 132 252 342 196 373 248 414 426 109 182 90 212 240 131 170 148 139 169 111 119 164 128 107 269 150 172 207 173 204 172 187 150 200 146 349 122 341 336 164 116 390 399 317 376 320 203 427 112 108 184 137 223 220 170 166 402 191 302 238 196 373 238 157 198 337 282 136 415 378 165 381 361 222 137 129 430 202 174 313 140 128 222 150 168 171 199 279 123 571 160 349 196 188 184 146 149 317 157 153 226 430 389 301 134 144 166 182 163 337 171 390 146 374 376 283 378 376 337 376 320 427 217 204 403 317 379 205 158 324 430 210 159 177 219 161 159 148 186 191 180 428 366 268 208 173 278 333 190 180 183 379 158 189 278 216 381 262 210 252 252 191 221 172 374 297 163 401 356 309 328 664 264 356 211 194 426 218 197 269 322 179 220 211 390 369 177 247 181 282 243 237 561 206 178 252 342 247 210 217 426 202 224 218 426 194 208 218 191 189 208 335 546 195 211 279 287 386 390 410 219 206 385 222 301 379 396 217 316 240 664 291 409 359 345 357 396 347 278 342 373 396 362 231 426 418 247 462 469 230 301 283 294 448 573 646 234 236 616 246 577 415 328 378 331 420 254 665 293 543 549 515 414 382 261 616 651 313 339 276 285 374 425 625 332 286 580 626 585 593 410 664 375 359 553 289 412 415 287 354 550 656 616 626 585 418 316 312 421 336 360 314 309 283 420 360 477 422 255 454 265 631 332 323 579 638 572 309 354 392 551 280 644 495 393 512 419 258 413 434 479 492 559 647 393 573 646 526 276 353 580 495 638 518 573 465 382 365 381 296 303 274 291 442 633 367 282 525 350 407 585 891 286 645 387 604 519 468 455 417 308 367 300 295 371 284 459 438 333 585 273 651 299 626 577 340 407 395 494 352 473 665 557 568 428 429 388 558 340 425 366 612 435 510 302 373 399 335 451 477 651 423 377 614 360 314 346 444 454 351 301 432 606 543 679 589 414 571 310 477 299 625 557 293 560 509 354 361 352 644 393 553 633 467 606 327 603 371 479 307 564 480 415 555 367 417 333 350 432 473 442 420 560 318 409 300 603 318 352 428 355 650 620 365 667 564 310 613 359 633 551 384 315 305 361 424 455 643 439 432 473 557 475 551 467 460 496 667 559 461 552 534 799 428 455 348 401 330 473 314 455 353 602 418 398 433 421 319 403 357 336 551 514 508 402 410 394 359 376 324 579 332 394 567 450 379 324 424 644 579 495 529 349 557 368 481 582 631 327 645 331 413 561 603 337 351 510 646 628 634 611 578 789 546 415 631 555 625 411 368 417 616 468 410 380 375 391 433 450 346 347 415 411 481 615 382 431 365 558 595 440 380 398 408 545 598 495 411 638 362 408 422 529 395 398 362 401 441 462 417 529 629 370 425 429 400 388 399 369 412 374 370 375 392 567 505 577 613 490 563 595 502 552 533 693 451 423 462 633 645 371 448 370 374 428 429 462 468 404 605 508 614 575 676 631 625 626 614 556 593 483 497 648 650 517 618 508 414 405 571 625 512 519 455 521 430 404 475 633 606 513 469 435 409 421 648 407 457 429 402 429 419 612 430 546 550 478 431 648 650 412 409 416 555 431 529 587 433 475 648 418 433 579 525 631 561 421 567 561 431 425 612 434 479 631 442 645 496 598 605 626 482 570 495 644 561 620 558 603 558 625 553 475 450 646 647 646 628 627 499 822 686 755 618 652 690 788 632 822 517 589 503 628 611 642 457 504 473 572 492 663 511 477 613 897 493 796 833 901 695 694 856 576 907 482 508 614 556 632 557 454 598 567 648 573 524 454 575 592 703 510 643 810 600 678 902 856 504 653 467 606 527 514 606 618 627 478 484 470 479 502 578 468 634 547 812 838 666 526 663 485 483 658 497 530 725 478 495 484 514 598 641 637 583 652 507 500 818 739 719 717 511 544 795 835 715 665 701 738 762 586 726 545 676 592 632 843 734 902 845 651 545 550 538 620 581 503 655 582 680 650 517 564 570 585 891 658 636 668 547 849 761 717 1035 692 857 824 498 702 902 597 767 764 673 503 799 694 687 613 522 662 811 632 600 518 519 661 630 504 642 794 765 595 585 658 551 610 678 597 654 637 619 779 601 586 739 870 515 531 704 762 774 715 869 510 643 611 618 811 842 611 660 897 794 577 522 734 959 712 652 788 619 830 829 652 582 680 531 532 657 668 518 550 543 601 641 690 568 570 552 799 811 693 600 603 526 574 572 588 524 789 639 737 540 667 595 536 703 843 617 582 526 578 899 644 579 646 661 656 679 601 586 629 883 701 738 599 696 604 588 640 900 680 615 838 611 552 794 565 630 846 655 623 643 897 613 575 584 641 586 584 641 552 693 600 774 565 847 877 704 719 900 624 703 959 874 738 596 846 774 562 771 599 777 864 696 808 645 604 589 904 553 648 639 588 581 630 562 832 811 580 595 574 617 569 905 720 791 891 635 799 639 623 765 742 668 711 672 651 590 622 818 815 770 595 680 645 588 607 843 678 695 597 725 782 1159 891 789 639 589 818 659 655 640 605 637 624 656 701 621 658 870 827 609 653 818 836 645 904 749 665 629 883 655 694 847 862 848 829 693 789 737 812 667 680 630 657 836 654 725 673 637 609 821 690 871 643 650 620 626 613 610 704 786 719 881 891 658 662 654 643 789 810 663 704 627 641 636 871 830 702 726 859 827 883 799 847 651 749 659 634 647 774 810 888 902 646 662 892 641 663 647 774 680 838 666 797 796 661 794 728 695 777 833 901 828 676 728 843 803 659 838 905 660 761 842 728 821 795 774 878 668 683 795 849 859 702 844 816 677 1089 933 1027 720 791 793 869 920 769 894 816 928 888 902 1164 867 716 759 710 788 1159 865 689 713 933 721 693 738 749 857 824 862 1075 784 1126 898 733 1075 825 1089 815 800 876 945 772 887 1014 705 798 1053 854 757 871 830 692 824 856 776 733 867 706 1159 1031 820 907 768 1015 822 776 759 1075 697 802 785 730 794 695 742 794 821 777 725 894 1023 866 759 825 819 744 741 947 700 754 967 910 881 815 880 936 945 712 882 912 783 859 716 734 726 859 748 765 768 828 962 982 936 903 932 1111 1118 715 1080 1125 948 752 779 889 718 817 751 838 1151 768 962 756 721 828 820 886 885 793 1140 779 890 807 722 861 825 881 846 862 1031 781 853 791 936 834 849 804 806 1053 852 972 782 894 786 895 758 1154 909 897 864 771 804 858 1091 1156 824 953 1107 875 1156 1125 746 906 952 1009 1107 1130 930 950 862 867 865 1089 845 871 827 866 797 805 876 745 801 858 904 762 739 761 787 870 779 889 890 817 1075 825 1165 1157 907 801 855 760 1111 879 751 825 1093 958 793 778 1025 1026 819 1126 1107 1130 1037 1056 868 806 761 881 868 1153 874 1071 920 1080 1054 1121 1150 851 944 916 1078 1164 825 928 1071 1079 1046 832 770 862 911 944 955 1049 823 908 1086 841 779 845 834 1111 818 832 786 787 803 863 928 767 1151 858 918 886 1147 843 878 861 873 911 849 872 860 857 784 899 812 804 809 814 833 893 1126 1134 1056 1059 1295 899 920 1074 1062 1134 842 824 805 835 960 837 830 1080 1074 884 1121 985 1175 1017 918 895 1162 894 820 1151 1123 967 1086 840 920 798 807 854 955 819 868 868 1153 1035 1156 987 887 990 1026 815 905 847 831 869 848 840 1106 905 1016 1080 885 814 836 815 859 827 955 855 932 945 920 1074 868 827 854 878 892 1151 1083 987 835 1012 1053 903 914 866 819 975 947 864 877 1140 860 1156 843 814 893 886 940 1083 900 1164 867 1017 874 926 904 1075 1095 1031 962 918 842 830 1095 964 999 1164 1073 1079 894 1031 963 918 893 889 845 866 877 858 1091 858 873 893 857 1145 1009 1107 1062 1016 1016 872 1099 995 1009 1062 1117 1048 934 1065 862 848 1054 948 1013 949 1110 1064 888 890 955 1049 939 898 861 847 869 867 865 885 1145 1054 1089 1015 1135 896 906 989 946 903 1155 935 1120 1019 953 952 1114 873 872 987 898 1164 912 894 1023 1013 1159 875 1140 995 1091 893 877 1106 1156 1124 1074 1087 1117 1069 985 1143 903 932 1153 959 912 1166 1060 1125 1025 925 978 899 982 1018 1147 1083 970 1112 898 926 894 901 1017 1046 1006 1110 1015 1121 927 914 1150 1121 946 1151 963 1064 1375 1079 1006 1150 1014 1053 981 964 938 1152 1009 990 946 1171 990 968 1038 1051 1122 1010 1023 949 934 1055 1256 1376 1178 1054 1074 1045 1085 1193 1330 1039 1152 1229 1378 1094 1160 1357 1127 1100 1196 1099 1308 939 1093 1002 1081 983 1123 1070 1362 1202 1244 1270 1231 1062 1056 1055 1056 1041 1378 1061 1115 1294 1111 1127 1135 944 1118 950 1032 1027 1001 1155 1355 1139 1070 1153 1009 1213 986 1030 1326 1340 1283 1183 975 1316 973 1014 1018 968 1098 954 1258 1377 1078 1171 1342 996 1268 1109 1232 1044 1155 1121 1045 1311 1004 1093 1044 1162 1149 972 1368 1041 1112 982 1078 1184 1053 972 1104 1095 1021 980 1058 1213 1326 1142 1036 1308 1088 1163 1096 1116 997 1161 1122 1124 1099 1142 1307 965 1180 1128 1245 1424 1325 1162 1123 972 1130 969 994 1321 1225 1348 1132 1131 983 1309 1362 1060 1096 996 981 999 1201 994 1195 1378 1011 1020 1218 1234 1118 1100 1002 1317 1155 1078 1047 1049 999 1148 1082 1320 1327 1039 1343 1373 1235 1586 1092 1085 1004 1175 1066 1005 1057 1050 1028 1162 1019 1021 1186 1098 1049 1201 1014 1028 1311 1105 1209 991 1214 1090 1142 991 1298 1116 1375 1082 1353 1194 1308 1088 1050 1204 1343 1132 1155 1047 1025 1143 1263 1066 1316 1177 1274 1094 1160 1274 1360 1358 1400 1133 1300 1256 1184 1072 1116 1375 1128 1245 1325 1215 1137 1101 1178 1309 1095 1148 1177 1378 1005 1291 1188 1417 1165 1135 1132 1131 1166 1024 1100 1032 1043 1052 1045 1291 1050 1047 1209 1346 1096 1222 1200 1108 1146 1291 1039 1262 1373 1332 1104 1118 1097 1163 1119 1041 1256 1356 1153 1035 1023 1091 1054 1135 1140 1125 1046 1184 1078 1360 1249 1160 1206 1120 1077 1200 1052 1376 1090 1232 1566 1187 1097 1274 1119 1092 1045 1165 1051 1162 1342 1225 1296 1128 1030 1350 1213 1128 1202 1231 1159 1048 1101 1376 1329 1096 1345 1144 1113 1377 1219 1104 1142 1040 1148 1157 1195 1072 1262 1179 1114 1063 1134 1065 1055 1137 1183 1368 1192 1376 1301 1233 1106 1150 1195 1073 1051 1120 1188 1127 1118 1069 1067 1316 1373 1079 1355 1321 1196 1301 1243 1134 1295 1130 1059 1298 1220 1204 1200 1171 1342 1338 1211 1157 1355 1076 1161 1148 1122 1378 1160 1145 1127 1196 1214 1186 1129 1082 1117 1101 1081 1175 1105 1109 1069 1196 1101 1090 1320 1326 1113 1432 1228 1111 1114 1131 1139 1108 1362 1079 1161 1193 1281 1179 1089 1080 1117 1126 1115 1294 1296 1110 1120 1116 1342 1157 1099 1117 1143 1137 1268 1353 1300 1256 1192 1223 1092 1308 1330 1096 1154 1114 1142 1263 1243 1242 1106 1148 1177 1102 1367 1163 1166 1149 1342 1320 1258 1142 1118 1183 1368 1274 1158 1370 1119 1307 1358 1191 1137 1287 1172 1150 1145 1139 1200 1338 1326 1202 1268 1220 1242 1287 1266 1255 1162 1150 1320 1258 1198 1157 1249 1139 1321 1128 1360 1321 1175 1360 1249 1165 1217 1186 1320 1295 1355 1296 1134 1295 1222 1183 1145 1135 1155 1329 1307 1180 1342 1213 1294 1309 1296 1361 1268 1184 1281 1258 1188 1417 1176 1317 1156 1345 1222 1200 1165 1160 1367 1206 1257 1329 1163 1273 1264 1517 1267 1275 1347 1238 1248 1174 1540 1358 1206 1350 1543 1456 1552 1530 1291 1188 1347 1205 1417 1581 1380 1435 1217 1284 1276 1540 1246 1385 1455 1546 1298 1311 1270 1210 1421 1294 1356 1280 1275 1250 1235 1334 1292 1187 1278 1255 1529 1323 1208 1542 1351 1547 1374 1368 1232 1255 1238 1577 1213 1255 1299 1211 1324 1364 1500 1221 1446 1354 1339 1233 1357 1280 1344 1550 1292 1491 1282 1344 1195 1215 1340 1243 1356 1218 1296 1543 1203 1244 1219 1341 1359 1310 1470 1289 1372 1323 1382 1568 1229 1314 1264 1361 1260 1319 1237 1271 1266 1238 1271 1234 1259 1543 1251 1559 1226 1278 1529 1351 1412 1362 1476 1253 1285 1306 1558 1281 1338 1410 1341 1310 1505 1239 1554 1257 1322 1363 1581 1535 1427 1325 1231 1530 1225 1250 1263 1242 1319 1266 1278 1500 1589 1408 1468 1496 1303 1336 1267 1379 1447 1425 1585 1249 1355 1348 1468 1567 1598 1396 1232 1280 1297 1467 1577 1438 1457 1496 1367 1248 1277 1369 1539 1749 1350 1340 1284 1276 1376 1275 1280 1312 1356 1357 1550 1401 1586 1373 1271 1417 1352 1488 1408 1278 1365 1271 1254 1287 1255 1476 1247 1318 1252 1305 1293 1455 1486 1531 1488 1337 1558 1508 1328 1579 1278 1255 1252 1361 1350 1285 1555 1540 1335 1455 1542 1337 1349 1516 1555 1290 1360 1307 1281 1373 1586 1372 1260 1577 1331 1266 1255 1547 1367 1370 1272 1401 1358 1400 1356 1280 1275 1550 1297 1283 1379 1473 1291 1281 1332 1318 1276 1451 1336 1496 1303 1514 1346 1359 1405 1344 1312 1279 1534 1494 1459 1276 1403 1496 1357 1326 1314 1377 1317 1360 1309 1340 1304 1451 1385 1491 1290 1578 1475 1436 1525 1563 1534 1501 1433 1312 1301 1302 1327 1554 1350 1333 1477 1304 1333 1421 1331 1428 1410 1334 1517 1354 1588 1309 1421 1451 1446 1339 1525 1433 1520 1568 1456 1491 1555 1540 1539 1295 1356 1362 1534 1481 1524 1387 1308 1566 1366 1492 1378 1366 1313 1525 1563 1418 1344 1563 1371 1428 1453 1546 1564 1553 1318 1577 1337 1558 1347 1588 1466 1566 1418 1338 1364 1459 1529 1412 1631 1571 1400 1420 1578 1492 1521 1410 1500 1540 1338 1432 1408 1474 1524 1544 1499 1352 1500 1334 1552 1589 1432 1336 1379 1397 1451 1448 1397 1476 1547 1533 1508 1579 1393 1651 1669 1377 1438 1517 1365 1373 1362 1361 1476 1358 1577 1521 1365 1403 1412 1559 1373 1589 1390 1496 1456 1438 1457 1466 1447 1491 1552 1369 1510 1417 1515 1459 1517 1376 1525 1370 1530 1416 1501 1756 1522 1529 1542 1631 1449 1635 1410 1457 1404 1543 1535 1524 1442 1443 1587 1583 1738 1757 1665 1716 1529 1542 1386 1631 1508 1512 1532 1669 1665 1748 1804 1618 1397 1591 1414 1611 1627 1507 1467 1577 1435 1411 1502 1497 1708 1389 1743 1694 1471 1681 1694 1472 1511 1474 1505 1604 1504 1409 1630 1551 1510 1557 1564 1655 1474 1722 1673 1516 1536 1440 1405 1585 1450 1684 1598 1692 1638 1426 1582 1576 1662 1727 1604 1444 1691 1660 1491 1543 1471 1436 1479 1408 1567 1473 1585 1570 1447 1505 1425 1584 1426 1439 1621 1705 1699 1418 1470 1568 1611 1430 1547 1468 1412 1434 1571 1635 1520 1509 1502 1442 1536 1585 1663 1744 1451 1553 1425 1445 1524 1464 1428 1544 1624 1659 1477 1486 1436 1476 1500 1587 1441 1498 1757 1623 1764 1610 1465 1514 1427 1515 1453 1502 1442 1569 1482 1503 1478 1456 1555 1530 1448 1729 1570 1646 1473 1591 1445 1570 1705 1452 1497 1527 1681 1752 1696 1704 1562 1582 1626 1436 1655 1650 1438 1562 1710 1582 1559 1449 1512 1534 1481 1524 1437 1502 1460 1510 1633 1537 1469 1490 1502 1482 1553 1485 1768 1483 1765 1631 1594 1659 1485 1587 1761 1544 1503 1536 1722 1698 1513 1504 1660 1549 1483 1570 1517 1448 1585 1451 1651 1516 1508 1495 1584 1646 1459 1453 1756 1681 1499 1556 1486 1538 1541 1591 1556 1669 1729 1759 1503 1575 1612 1523 1579 1536 1499 1485 1498 1489 1604 1504 1535 1477 1564 1496 1580 1613 1525 1537 1548 1561 1522 1574 1519 1518 1565 1566 1535 1578 1527 1557 1612 1737 1531 1511 1561 1532 1489 1604 1578 1752 1515 1530 1564 1678 1668 1569 1727 1740 1711 1742 1572 1682 1737 1652 1743 1696 1753 1840 1788 1534 1494 1581 1490 1709 1740 1664 1553 1729 1498 1759 1611 1507 1564 1572 1719 1539 1546 1768 1554 1540 1531 1515 1532 1669 1504 1625 1597 1497 1743 1575 1577 1520 1512 1495 1673 1638 1667 1643 1746 1614 1514 1581 1574 1636 1667 1581 1574 1587 1603 1579 1587 1710 1574 1544 1503 1624 1575 1757 1584 1625 1580 1651 1752 1633 1739 1571 1594 1547 1722 1568 1582 1627 1560 1589 1548 1598 1638 1528 1580 1756 1533 1521 1522 1708 1573 1771 1710 1576 1565 1573 1537 1631 1627 1577 1533 1544 1570 1656 1578 1681 1752 1589 1548 1588 1542 1541 1638 1748 1557 1722 1560 1710 1582 1678 1749 1650 1714 1749 1768 1552 1624 1625 1759 1654 1725 1685 1655 1553 1586 1684 1607 1712 1680 1571 1745 1734 1590 1579 1729 1659 1612 1598 1653 1738 1636 1567 1710 1576 1659 1678 1740 1582 1662 1662 1653 1711 1646 1631 1655 1661 1715 1709 1674 1612 1602 1664 1758 1668 1669 1583 1588 1613 1722 1669 1673 1620 1613 1607 1624 1665 1734 1689 1810 1785 1718 1606 1701 1834 1600 1802 1623 1610 1720 1833 1730 1794 1754 1653 1647 1734 1762 1814 1808 1615 1679 1731 1829 1780 1626 1754 1836 1677 1625 1748 1618 1751 1630 1605 1760 1838 1820 1793 1726 1815 1798 1653 1636 1645 1605 1801 1688 1694 1695 1759 1764 1618 1657 1692 1713 1698 1801 1676 1768 1699 1609 1750 1751 1737 1819 1845 1715 1808 1648 1706 1640 1706 1735 1661 1684 1748 1637 1672 1700 1654 1656 1808 1725 1632 1740 1664 1713 1629 1837 1705 1699 1656 1679 1731 1725 1750 1657 1763 1674 1703 1639 1766 1643 1804 1622 1769 1701 1760 1838 1641 1720 1816 1641 1651 1662 1750 1775 1781 1671 1795 1790 1840 1642 1807 1848 1667 1658 1640 1706 1829 1780 1746 1637 1843 1672 1832 1745 1653 1644 1698 1643 1747 1760 1832 1827 1746 1693 1702 1697 1770 1807 1812 1719 1759 1758 1695 1758 1788 1675 1825 1673 1698 1747 1760 1718 1653 1711 1686 1814 1759 1654 1754 1778 1666 1814 1715 1649 1817 1690 1650 1783 1768 1669 1681 1694 1771 1696 1656 1685 1775 1765 1707 1735 1781 1746 1689 1733 1751 1761 1715 1695 1754 1684 1723 1840 1734 1810 1831 1745 1747 1836 1674 1727 1742 1704 1739 1849 1845 1725 1735 1828 1683 1791 1806 1722 1740 1697 1721 1695 1788 1825 1786 1819 1717 1720 1797 1805 1778 1686 1777 1701 1818 1685 1687 1723 1724 1691 1741 1796 1687 1774 1823 1792 1803 1782 1809 1790 1762 1831 1839 1747 1843 1785 1706 1802 1798 1835 1702 1733 1693 1721 1736 1816 1755 1767 1836 1774 1738 1716 1760 1808 1804 1732 1827 1800 1732 1771 1840 1737 1721 1767 1833 1804 1800 1784 1813 1756 1743 1738 1713 1717 1751 1850 1782 1757 1758 1824 1769 1724 1728 1783 1736 1764 1720 1742 1837 1801 1747 1846 1761 1765 1737 1809 1783 1726 1783 1845 1817 1815 1754 1742 1834 1815 1824 1805 1820 1773 1822 1744 1811 1751 1763 1806 1751 1806 1850 1761 1819 1833 1783 1770 1746 1791 1770 1799 1841 1762 1804 1751 1763 1803 1755 1766 1779 1789 1824 1765 1827 1793 1814 1800 1781 1838 1807 1786 1841 1811 1809 1833 1821 1794 1822 1812 1777 1841 1829 1809 1849 1845 1814 1840 1789 1802 1828 1847 1813 1820 1793 1846 1849 1789 1787 1819 1845 1789 1803 1796 1799 1823 1827 1839 1838 1813 1829 1809 1806 1799 1801 1817 1844 1826 1823 1839 1808 1818 1826 1837 1826 1844 1831 1847 1830 1823 1825 1819 1842 1834 1847 1821 1822 1825 1848 1848 1835 1830 1847 1846 1842 1835 1842 1844
</DataArray>
        <DataArray type="Float64" Name="center_distance" NumberOfComponents="1" format="ascii">
0.00159976894761 0.00159926010536 0.00159905689426 0.00159911686168 0.0015997706812 0.00159959165468 0.00159968818167 0.00159958362894 0.00159997116057 0.00159936633132 0.0015995304767 0.00159983164211 0.0015995914249 0.00159948845138 0.00159972573731 0.00159994742634 0.00159983065558 0.00159956666894 0.00159961219492 0.00159962299709 0.0015997846602 0.00159964959568 0.00159961728382 0.00159966035182 0.00159943918227 0.00159972384854 0.00159989366873 0.00159986992397 0.00159993825732 0.00159924736875 0.00159878680966 0.00159964516186 0.00159936392217 0.00159886904183 0.00159934952504 0.00159947975293 0.0015994404856 0.00159951137221 0.00159929563593 0.0015992924633 0.00159917185589 0.00159980056496 0.00159891962901 0.00159943223092 0.0015996718522 0.00159952571623 0.00159906100568 0.00159982482024 0.00159962128398 0.00159973794481 0.00159942571235 0.00159942007302 0.0015988651787 0.00159951887875 0.00159918885765 0.00159945481308 0.00159937915931 0.00159920658208 0.0015999146514 0.00159981577834 0.0015999144282 0.00159988791124 0.00159999149746 0.00159980473601 0.00159960168889 0.00159952663878 0.0015990864145 0.00159937381206 0.00159909461356 0.00159917835809 0.00159974302989 0.00159907236564 0.00159952128762 0.00159939068055 0.00159948359342 0.00159950595091 0.00159961356558 0.00159957286157 0.0015992382494 0.00159937554192 0.00159962371397 0.00159910305279 0.00159907125047 0.00159968399919 0.00159969089007 0.00159941769185 0.00159963754294 0.00159954203762 0.00159941622829 0.00159993974158 0.00159948964862 0.00159965792669 0.00159893365316 0.00159956133517 0.00159969151016 0.0015990594845 0.00159949324255 0.00159970669715 0.00159956971265 0.00159922894181 0.00159992979325 0.00159944616765 0.00159988478737 0.00159991488048 0.00159949345849 0.00159993911584 0.00159860373388 0.0015999753936 0.0015994208397 0.00159864278164 0.00159999318975 0.00159906547288 0.00159919047506 0.00159978767111 0.00159965296613 0.00159949659091 0.00159991483057 0.0015990780633 0.00159983029442 0.00159912875778 0.00159937122388 0.00159922356888 0.00159930954729 0.00159956214039 0.00159952364309 0.00159992591738 0.00159994018731 0.00159994123993 0.00159995237928 0.00159974466948 0.00159971843692 0.001599807102 0.00159994867959 0.00159988871863 0.00159896740668 0.00159899970358 0.00159968584477 0.00159969143802 0.00159897107865 0.00159924967199 0.00159968708845 0.00159981257644 0.00159948741268 0.00159950422856 0.00159925158606 0.00159981790282 0.00159958116361 0.00159931235822 0.00159918235238 0.00159874287564 0.00159967178536 0.00159923576833 0.00159912084005 0.00159907870298 0.00159961190125 0.00159998976925 0.00159970150456 0.00159949366123 0.00159952921873 0.00159966716531 0.00159952702148 0.00159966739265 0.00159987933335 0.00159948612428 0.0015994632468 0.0015994836541 0.00159952062611 0.00159940086006 0.00159939657811 0.00159933552312 0.00159939473516 0.00159962234234 0.00159956833485 0.00159951187482 0.00159957015137 0.00159942595113 0.00159992774358 0.00159979589806 0.00159969678727 0.00159933425223 0.00159923787488 0.00159940306903 0.00159953732315 0.00159945616652 0.00159943410281 0.00159979184293 0.00159991353201 0.00159969085685 0.00159956424144 0.00159947026921 0.00159995008812 0.00159974296037 0.00159970776459 0.00159961092853 0.00159958204763 0.00159909826303 0.00159949996435 0.00159957471397 0.00159940999027 0.00159936258273 0.00159947538545 0.00159903983353 0.00159971104101 0.00159940737887 0.00159942761314 0.00159956195312 0.00159886505084 0.00159908507546 0.00159931333201 0.00159901220834 0.00159918914154 0.00159987298934 0.00159977317507 0.00159942978535 0.00159984431535 0.00159905477237 0.00159952984517 0.00159942194931 0.00159956898455 0.00159929234806 0.00159935694835 0.00159899341109 0.00159891794499 0.00159897416919 0.00159922878885 0.00159983096231 0.00159973128996 0.00159982158787 0.00159976829812 0.00159989849418 0.00159945047405 0.00159935387892 0.00159947414116 0.00159946519987 0.0015997773876 0.00159984696014 0.00159946659203 0.00159991969514 0.00159945237483 0.00159988659854 0.00159932437917 0.00159961589484 0.00159943356096 0.00159955593065 0.00159918088439 0.00159903997463 0.00159995717105 0.0015992077943 0.00159945809695 0.00159975427249 0.00159970257222 0.00159918189865 0.00159994843783 0.00159990716226 0.00159996481955 0.00159970806974 0.00159997919519 0.00159972725629 0.00159970833482 0.00159916102743 0.00159926354659 0.00159929100635 0.00159954846539 0.001599665097 0.00159918194031 0.00159888667301 0.00159999932525 0.00159990181951 0.00159973104383 0.00159976592634 0.00159906848367 0.00159856889024 0.00159923215466 0.00159938363699 0.00159876734576 0.00159923765393 0.00159963566864 0.00159917813908 0.00159867714136 0.00159953699646 0.0015995899955 0.00159958478168 0.00159951706195 0.00159965257862 0.00159934294612 0.00159987099131 0.00159948732156 0.00159914381891 0.00159910770672 0.00159956362652 0.00159944289962 0.00159932263922 0.00159935091795 0.00159991798761 0.00159978197846 0.0015994049617 0.0015997153036 0.00159934533931 0.00159949307162 0.00159927511817 0.00159920679741 0.00159988182132 0.0015999193242 0.00159980148113 0.00159952206012 0.00159985407204 0.00159997958445 0.00159962314907 0.00159962884191 0.00159956000458 0.00159918700034 0.00159969151308 0.00159910692462 0.00159908258127 0.00159946483781 0.00159968023625 0.00159958236123 0.00159955509774 0.00159930033563 0.00159983819985 0.00159953952842 0.00159876303715 0.00159873551655 0.00159966690308 0.0015991050021 0.00159897852383 0.00159941014957 0.00159939595599 0.00159957277199 0.00159965850624 0.00159920965393 0.00159993358918 0.00159938460683 0.0015991484973 0.00159977593819 0.00159977474975 0.00159969288302 0.0015995915678 0.00159914242574 0.00159973698556 0.00159939903227 0.00159943465405 0.00159941273646 0.00159960450363 0.00159934417407 0.00159927349859 0.00159938026112 0.00159957345124 0.00159879422457 0.00159966386699 0.0015995634515 0.00159995896011 0.00159852874496 0.00159975225951 0.00159969711787 0.00159973537717 0.00159985477696 0.00159917164962 0.00159934558937 0.00159921152146 0.00159910652523 0.00159985217889 0.00159965099605 0.0015995722687 0.00159967664218 0.00159993590344 0.00159973736683 0.00159996532762 0.00159987382168 0.00159974514231 0.00159962678908 0.00159990742912 0.00159938118836 0.00159948955441 0.0015992158388 0.00159922855696 0.00159961352669 0.00159990847686 0.00159934432786 0.001599366126 0.00159991246969 0.00159931319834 0.00159999812737 0.00159957666304 0.00159956141937 0.00159967078687 0.001599761701 0.00159955072318 0.00159948634746 0.00159987994127 0.00159927346934 0.00159984878156 0.00159979268939 0.00159986045293 0.0015992161449 0.00159960929933 0.00159941657919 0.0015993674888 0.00159949856752 0.00159929772302 0.00159966822429 0.00159952876524 0.0015993134192 0.00159925796789 0.00159888532368 0.00159924460246 0.00159974406205 0.00159961107711 0.00159959781775 0.00159968231728 0.00159983013377 0.00159957973829 0.00159865286074 0.00159985805248 0.001599813872 0.00159982273099 0.00159967952783 0.00159987660623 0.00159966355009 0.00159909781126 0.00159982076738 0.00159980737796 0.00159912118964 0.00159852632526 0.00159925886193 0.00159940173513 0.00159921304574 0.00159929824414 0.00159921044294 0.00159936750529 0.00159914131787 0.00159934553283 0.00159878269682 0.00159931211592 0.00159904649058 0.00159935173414 0.00159915066027 0.00159963186357 0.00159929102266 0.00159995127414 0.0015992859603 0.00159969471282 0.00159929931739 0.0015992735793 0.00159961944679 0.00159944081628 0.00159967969401 0.00159930949109 0.00159994813047 0.00159995274931 0.00159987541223 0.00159849918584 0.00159991395045 0.00159889422507 0.00159989140533 0.00159978063687 0.00159987108102 0.00159981790937 0.00159985547307 0.00159931244898 0.00159914817204 0.00159936182362 0.00159889012882 0.00159894924295 0.00159949760042 0.00159949290774 0.00159975247002 0.0015997914666 0.00159927890271 0.00159934850366 0.00159972796954 0.00159886186342 0.00159893115205 0.0015995681921 0.00159989873745 0.00159988876295 0.00159960470956 0.00159977308574 0.00159956007492 0.00159950445003 0.00159949997095 0.00159903164098 0.00159954751444 0.0015994436201 0.00159916754076 0.00159931206241 0.00159931561983 0.00159915004212 0.00159947728712 0.00159935668929 0.00159926788418 0.00159929973289 0.00159908965576 0.00159961082357 0.00159966801972 0.00159926736918 0.00159953987616 0.00159925697223 0.00159976153596 0.00159946888973 0.00159954953122 0.00159922410632 0.00159926284821 0.00159954377224 0.00159941276559 0.00159957645961 0.00159950929831 0.00159967701218 0.00159990456349 0.00159944369524 0.00159918203481 0.00159993990359 0.00159938717597 0.00159956995749 0.00159873900286 0.00159889605047 0.00159958280148 0.00159951047476 0.00159933002447 0.00159945777572 0.0015994509822 0.00159946631981 0.00159923602635 0.00159926741429 0.00159925664263 0.00159916939271 0.00159963206766 0.00159916605641 0.00159969073817 0.00159978360784 0.00159983377781 0.00159983834521 0.00159988555911 0.0015995052817 0.0015995645173 0.00159953099876 0.00159904272342 0.00159869074288 0.00159999277278 0.00159993765186 0.00159961568088 0.00159970402119 0.00159968047823 0.00159923197571 0.00159917660506 0.00159971971509 0.00159956039326 0.00159996312901 0.00159954298093 0.00159942241096 0.00159936089029 0.00159956213496 0.00159974211307 0.00159970942971 0.00159972537745 0.00159955009682 0.00159953706306 0.00159940502336 0.00159974589384 0.00159967105088 0.0015997295416 0.00159946098461 0.00159973975751 0.0015997038241 0.00159965059868 0.00159959639314 0.00159974051927 0.00159971434344 0.00159982532938 0.00159975513325 0.00159972904906 0.00159986168243 0.00159992593524 0.00159937009029 0.00159915259136 0.00159945949861 0.00159978101253 0.0015998186402 0.00159901370641 0.00159979179192 0.00159950698348 0.00159962776802 0.00159957503173 0.00159964689624 0.00159870721853 0.00159911652338 0.00159919152202 0.00159924238593 0.00159904237567 0.00159915604454 0.00159921452813 0.00159900353447 0.00159994882492 0.00159977330717 0.00159901737979 0.00159863823626 0.00159919769664 0.00159883073157 0.00159941146437 0.00159955058901 0.00159924222794 0.0015999505399 0.00159993281739 0.00159997788797 0.00159967228665 0.00159952963922 0.00159973570677 0.00159961780529 0.00159925288384 0.00159932102868 0.00159967072285 0.00159964366737 0.0015994496782 0.00159956530318 0.00159989971883 0.00159994282688 0.0015997565328 0.00159935745477 0.00159954518132 0.00159938130523 0.00159987640893 0.00159985171988 0.00159980166793 0.00159991982948 0.00159896865798 0.00159961258142 0.00159944412648 0.00159963009061 0.00159971804305 0.00159908240475 0.00159958698151 0.00159970013113 0.00159960859908 0.00159976468298 0.00159997574086 0.00159988507761 0.00159965368026 0.00159962651963 0.00159976724984 0.00159956341312 0.00159943387181 0.00159967490323 0.00159935787034 0.00159951145543 0.00159934888892 0.00159911218914 0.00159903668751 0.00159985380697 0.00159936291497 0.00159940344182 0.00159890759483 0.00159909666385 0.00159929883609 0.00159880630622 0.00159934009533 0.0015993249639 0.00159909474764 0.00159953788199 0.00159950798855 0.00159915055337 0.00159981817531 0.00159962743266 0.00159976861705 0.00159943960521 0.00159971427085 0.00159959053093 0.00159988519895 0.00159986146501 0.00159976610593 0.0015991403905 0.00159971478437 0.00159890880743 0.00159972946034 0.00159942657444 0.00159993124898 0.00159996117346 0.00159994227738 0.00159991501529 0.00159988805189 0.00159992193282 0.00159982013155 0.00159955828066 0.00159946680021 0.0015996287712 0.00159973509685 0.00159994179267 0.00159958392253 0.00159953384743 0.00159966632299 0.00159940986474 0.00159965552667 0.00159946932844 0.0015992112072 0.00159937878847 0.00159991008789 0.00159990410034 0.00159911460353 0.00159887342142 0.00159923535422 0.00159988408678 0.00159967763038 0.00159971255946 0.0015998145068 0.00159961669883 0.00159996125582 0.00159981775779 0.00159939315519 0.00159945548233 0.00159984242592 0.0015999425392 0.00159963783709 0.0015995816994 0.00159967358957 0.00159934542988 0.0015994131926 0.00159963170076 0.00159956801707 0.00159988099402 0.00159974336471 0.00159969884699 0.00159958991785 0.0015998694755 0.00159927828641 0.00159959687062 0.00159957804841 0.00159977506238 0.00159884668742 0.00159885824769 0.00159924793468 0.00159992470122 0.00159923254887 0.00159929601093 0.00159965725898 0.00159963688483 0.00159887883272 0.00159970576359 0.00159961904761 0.00159934994277 0.00159916550652 0.0015994572259 0.00159912907384 0.00159954770415 0.00159983107872 0.00159945437527 0.00159965912988 0.00159964532346 0.00159940178683 0.00159935988784 0.00159964508946 0.00159950904566 0.0015997759289 0.0015995659172 0.00159984153368 0.0015996179404 0.00159895912385 0.00159941583724 0.00159989774892 0.00159947109398 0.00159927545241 0.00159901767959 0.00159904153017 0.00159912790502 0.00159992431242 0.00159895162333 0.00159969790029 0.00159931996766 0.00159977432069 0.00159990357745 0.00159929360777 0.00159965541116 0.00159955983745 0.00159954310449 0.00159969242854 0.00159932848452 0.00159936442393 0.00159952562964 0.0015992606093 0.00159971030849 0.00159968825514 0.00159898893308 0.00159955164727 0.00159980702685 0.00159920848508 0.00159916681013 0.00159958899424 0.00159958156772 0.00159959612114 0.00159936951265 0.00159957344804 0.00159951321921 0.00159980112401 0.00159962625918 0.0015996645645 0.00159982177489 0.00159966395673 0.0015999255852 0.00159965621756 0.00159963717769 0.00159944232888 0.00159958961508 0.00159976691663 0.00159949609856 0.00159950234089 0.00159963319108 0.00159961672904 0.001599235552 0.00159904813641 0.00159946419858 0.00159999426846 0.00159946870886 0.00159909644929 0.00159970611537 0.00159930554905 0.00159905100689 0.00159945720226 0.0015996983833 0.00159956326843 0.00159967843862 0.00159939555264 0.00159950601081 0.00159973201476 0.00159930930317 0.00159986422448 0.00159932163916 0.00159999437841 0.00159918431789 0.00159964744927 0.00159973890915 0.00159966446423 0.00159917331731 0.00159988524628 0.00159956199465 0.00159922621431 0.0015994556296 0.00159930449581 0.001599905886 0.00159925174319 0.00159960523541 0.00159989271174 0.00159986881691 0.0015999228772 0.00159962139586 0.00159991723755 0.00159967040523 0.0015997037388 0.0015999100377 0.00159924151459 0.0015999276367 0.0015991981177 0.0015997644547 0.00159915877646 0.00159929239472 0.00159896598606 0.00159918244378 0.00159920897346 0.00159929587865 0.00159886406075 0.00159944573945 0.00159973116577 0.00159964234053 0.00159994580326 0.00159993394176 0.00159996044663 0.00159947487792 0.00159932018125 0.00159911678541 0.00159921618068 0.00159934108221 0.00159983251055 0.00159978023269 0.00159948972071 0.00159930359983 0.00159950401093 0.00159980261332 0.00159923602 0.00159993302822 0.00159993794823 0.00159996068431 0.00159940040908 0.00159934309308 0.00159934084787 0.00159927821869 0.0015995839138 0.00159970857761 0.00159930297907 0.00159946448384 0.0015997503116 0.0015997712244 0.00159942382327 0.00159967718093 0.00159958942065 0.0015999610123 0.00159953780492 0.00159975521771 0.00159985858294 0.00159942153582 0.00159924807929 0.00159944160863 0.00159941755781 0.00159965849358 0.00159986186156 0.00159973267178 0.00159969742074 0.00159964112013 0.00159986723857 0.00159903809326 0.00159996401681 0.00159958637372 0.00159975522927 0.0015997751465 0.00159944651368 0.00159962091209 0.00159963300164 0.0015993279943 0.00159944465342 0.00159935386608 0.00159954669306 0.00159955908756 0.00159908905952 0.00159974464392 0.00159991645049 0.00159949449834 0.00159992806145 0.00159951408995 0.00159973305824 0.00159979819334 0.00159993604243 0.00159976721466 0.00159970111576 0.0015995699279 0.00159984624265 0.0015995991761 0.00159987758393 0.001599762421 0.00159954455391 0.0015993049378 0.00159973985336 0.00159987213296 0.00159989246765 0.00159951330311 0.0015997041746 0.00159939065517 0.00159985233098 0.0015999393454 0.00159954199264 0.00159962305309 0.00159958628237 0.00159950130885 0.00159971875796 0.00159985345093 0.00159990555551 0.0015999505177 0.00159979899323 0.00159989690526 0.00159925380055 0.00159982502688 0.00159928090656 0.00159963089142 0.00159924986135 0.00159943027021 0.00159957763132 0.00159959533845 0.00159919617547 0.00159953644791 0.0015996160327 0.00159969153103 0.00159949320648 0.00159912069175 0.00159955771584 0.00159993166708 0.00159946186106 0.00159935401663 0.00159941875361 0.00159938623385 0.00159994442492 0.00159992776627 0.00159940472023 0.00159947846659 0.00159909479949 0.00159970598683 0.00159912068001 0.00159966248213 0.00159964303744 0.00159907348994 0.00159977103155 0.00159950381667 0.00159975672856 0.0015999392185 0.00159940019602 0.00159970343809 0.00159916716188 0.0015990478322 0.0015995816488 0.00159892742356 0.00159911950961 0.00159917882257 0.00159894233374 0.00159968652479 0.00159909217777 0.00159872380762 0.00159939114664 0.00159933758917 0.00159934636613 0.00159974912356 0.00159989546408 0.0015998265312 0.00159990712736 0.00159990615443 0.00159997759376 0.00159991585847 0.0015991921097 0.0015995563613 0.00159925190116 0.00159926641138 0.00159977971861 0.00159968986413 0.00159966164069 0.00159906784293 0.00159962031848 0.00159962402865 0.00159998124422 0.00159890907008 0.00159981370507 0.00159973163489 0.00159951201968 0.0015992466251 0.00159949266052 0.00159905851118 0.00159941767502 0.00159938048766 0.00159948438645 0.00159974994133 0.0015996030045 0.00159972347498 0.00159970164864 0.00159902050723 0.00159980781205 0.00159957752277 0.00159982118277 0.00159872564102 0.0015991774073 0.00159927034424 0.00159936479697 0.00159937758735 0.00159939815816 0.00159967123312 0.00159924160667 0.00159939072519 0.0015994232038 0.00159995730494 0.00159953075047 0.00159945873673 0.00159942592537 0.00159996783518 0.00159945815558 0.00159994627319 0.00159977733464 0.00159964162109 0.00159955776956 0.00159978662685 0.00159949486631 0.00159901513371 0.0015989778937 0.0015991888238 0.00159947956161 0.00159944689624 0.00159932118921 0.00159917201242 0.00159951173491 0.00159940797229 0.00159964789037 0.00159994107885 0.00159940096184 0.00159965391264 0.0015995958379 0.00159889901538 0.00159961094858 0.00159959877294 0.00159971095292 0.00159970581196 0.00159951492837 0.00159921211155 0.00159955060706 0.00159992687363 0.00159994712664 0.00159967134004 0.00159918952551 0.00159959186366 0.00159939356291 0.00159952789391 0.00159915670971 0.00159890979715 0.00159934316763 0.00159995777582 0.00159910480542 0.00159946302641 0.00159999739418 0.00159955081474 0.00159974828884 0.00159959819171 0.00159943324581 0.00159975371613 0.00159928924867 0.00159992906101 0.0015999287134 0.00159917165735 0.00159980168256 0.00159959277897 0.00159969632717 0.00159986045638 0.00159991680384 0.00159968193984 0.00159962417858 0.00159967924394 0.00159971092954 0.00159988164682 0.00159961793239 0.00159994973996 0.00159979295436 0.0015997381613 0.0015996612724 0.00159960174124 0.00159980946277 0.00159957775793 0.00159917970472 0.00159950658459 0.00159932970847 0.00159953544166 0.0015992730774 0.00159942094043 0.00159965332524 0.0015999316021 0.00159963458774 0.00159978400766 0.00159980970196 0.00159971700946 0.00159999981117 0.00159985312761 0.00159990321545 0.00159985863258 0.00159996543629 0.00159982419472 0.00159990791054 0.00159988054043 0.00159901752813 0.00159982000235 0.00159910429493 0.00159945779091 0.00159945838215 0.00159957687222 0.00159998585695 0.00159947464476 0.00159949233619 0.00159967880099 0.00159992440238 0.00159996188793 0.00159954951263 0.00159965124832 0.00159940029592 0.00159949360864 0.00159902645438 0.00159952606403 0.00159961732908 0.00159902126363 0.00159954452702 0.00159972316009 0.00159946984664 0.00159960270918 0.00159963840985 0.0015997106739 0.00159970152393 0.00159943475291 0.0015994562722 0.0015992193621 0.00159944947824 0.0015996878416 0.0015997184823 0.00159988382402 0.00159949438768 0.00159951455515 0.00159947663295 0.00159955469653 0.00159927466604 0.00159963480498 0.00159972801228 0.00159976560512 0.00159964532359 0.00159977390871 0.00159982475512 0.00159966742056 0.00159978663285 0.00159970146305 0.00159978946104 0.00159973283723 0.00159957536999 0.00159995537711 0.00159969033643 0.00159960704028 0.0015998474936 0.00159978825571 0.00159920762639 0.00159948710812 0.00159956838361 0.00159946374984 0.00159953115866 0.00159927495036 0.00159963290452 0.00159920358855 0.00159976397038 0.00159973605453 0.00159975183596 0.0015997300512 0.00159965697793 0.0015993541489 0.00159979178219 0.00159994778408 0.00159957585569 0.00159928670425 0.00159971316581 0.00159929529266 0.00159973618659 0.00159966354006 0.00159948740866 0.00159963310774 0.00159967760731 0.0015997932504 0.00159974998688 0.00159994386388 0.00159982441836 0.00159959132047 0.00159994454576 0.00159961887993 0.00159943132709 0.00159967123585 0.00159976361971 0.00159945156379 0.0015997591068 0.00159923687544 0.00159984953617 0.00159992390481 0.00159994302178 0.0015999696535 0.00159906531089 0.00159923703277 0.00159982139899 0.00159926912134 0.00159941460715 0.00159906676116 0.00159959102589 0.00159928473254 0.00159911456862 0.00159971548178 0.00159912641728 0.0015999210593 0.00159927472172 0.00159934668887 0.00159953068537 0.0015995540971 0.00159938768151 0.00159969838865 0.00159949622782 0.00159968399645 0.00159976023697 0.00159963275322 0.0015999790564 0.00159917119098 0.00159884108914 0.00159917838621 0.00159905529276 0.00159981847601 0.00159990177098 0.00159988263825 0.0015996759062 0.00159942537174 0.00159994423292 0.00159943264436 0.00159973332755 0.00159969639047 0.00159920408701 0.00159918084373 0.00159945400671 0.00159952782192 0.0015999443481 0.00159950898499 0.00159991957205 0.0015996321064 0.00159969626047 0.00159909881602 0.00159995716219 0.00159924513712 0.00159936046514 0.00159905173454 0.00159903611053 0.00159955662319 0.00159922059361 0.00159939570569 0.00159939081022 0.00159947548993 0.0015993454314 0.0015994212935 0.001599259113 0.00159926252894 0.0015995569205 0.00159938529545 0.00159991459798 0.00159997409922 0.00159955072443 0.0015995158411 0.00159992628285 0.00159977066002 0.00159971538521 0.00159990240445 0.00159954991734 0.00159967592877 0.00159997759526 0.00159966039909 0.00159898915845 0.00159972770967 0.00159961950368 0.00159974816718 0.0015997528363 0.00159960958436 0.00159937442242 0.00159989383721 0.0015997305039 0.00159938041257 0.00159939976813 0.00159992005634 0.0015999245178 0.00159950299498 0.00159956369763 0.00159940617308 0.00159967484718 0.00159923293289 0.00159943756171 0.00159948213615 0.00159935457498 0.00159960689102 0.00159966359082 0.00159967495705 0.00159954730779 0.00159991635482 0.00159961625383 0.00159955092433 0.00159996774885 0.00159971147065 0.0015992440688 0.00159916929249 0.00159888651282 0.00159977442137 0.00159959364075 0.00159965057952 0.00159969109865 0.00159914816343 0.00159968773613 0.00159949992446 0.00159935830214 0.00159927395769 0.00159957837374 0.00159958133027 0.00159973276682 0.0015994971348 0.00159953146271 0.00159954548079 0.00159924885272 0.00159993597602 0.00159992079969 0.00159995773134 0.00159943841214 0.00159925667505 0.00159991959948 0.00159994707579 0.00159996565062 0.00159951118465 0.00159950406351 0.00159971360438 0.00159942666376 0.00159998899175 0.00159991958394 0.00159984226388 0.00159939854927 0.00159944437826 0.00159964818477 0.00159936763766 0.0015994485346 0.00159946352455 0.00159961887745 0.0015993349361 0.00159956058229 0.00159928249235 0.0015998675474 0.00159992295067 0.00159994512944 0.00159991200124 0.00159995107123 0.00159958472102 0.00159938696205 0.00159940237771 0.00159946639104 0.00159941472437 0.00159932514561 0.00159937738154 0.0015997627954 0.00159958578284 0.0015995032745 0.00159967341073 0.00159970724018 0.00159977166603 0.00159974724515 0.00159903633039 0.00159962860577 0.00159980926294 0.00159971362348 0.00159967262404 0.00159980165547 0.00159966271513 0.00159952511027 0.00159946122887 0.00159954936618 0.00159977343173 0.00159949798807 0.00159949076657 0.00159985070906 0.00159986226969 0.0015998863746 0.0015999199599 0.00159997866347 0.00159993914643 0.00159991554034 0.00159912534037 0.00159927379828 0.00159936233107 0.00159959449473 0.00159941434217 0.00159954278657 0.00159955017358 0.00159953083508 0.00159929212146 0.00159955870782 0.0015994468404 0.00159948738716 0.00159939191956 0.00159989602412 0.00159919686047 0.00159916332111 0.0015998237843 0.00159977659699 0.00159931779465 0.00159936289059 0.00159972607647 0.00159955678349 0.00159882863733 0.00159952038021 0.0015997657046 0.00159937993123 0.00159954823589 0.00159966165717 0.00159936241974 0.0015995501373 0.00159994283147 0.00159974029354 0.00159977969506 0.00159977801787 0.00159919501404 0.00159979950783 0.00159940089011 0.00159995315526 0.00159961329115 0.00159988865176 0.00159989952497 0.00159993164751 0.00159905910547 0.00159976373273 0.00159954316495 0.00159941409229 0.00159932427542 0.00159937789465 0.00159962560583 0.00159954313809 0.00159965210165 0.00159989282537 0.00159953109135 0.00159905876374 0.00159913762309 0.00159932566225 0.00159993407988 0.00159954447345 0.00159982802543 0.00159955880561 0.00159962574618 0.00159978442301 0.0015996932473 0.0015999564024 0.00159979892461 0.00159983893223 0.00159939330938 0.00159982078266 0.00159946879395 0.00159925102846 0.00159923182331 0.00159958562056 0.00159950098851 0.00159993512402 0.00159949539063 0.00159949049829 0.00159904964437 0.00159957935122 0.00159980967232 0.00159986972703 0.00159968203106 0.00159970576013 0.00159971885619 0.00159987617465 0.00159954391171 0.00159933340114 0.00159995118051 0.00159995064785 0.00159951279168 0.00159900107984 0.00159960611428 0.00159949957407 0.00159953498456 0.00159996405729 0.00159956779569 0.00159946961778 0.00159953840957 0.00159978670217 0.0015998460311 0.00159955333572 0.00159965745316 0.00159945591002 0.00159971271026 0.00159964594315 0.00159994519965 0.00159973747099 0.0015998836559 0.00159948117203 0.00159991587253 0.00159984895856 0.00159957367386 0.00159946766913 0.0015993529544 0.00159945627337 0.00159912013668 0.00159879648174 0.00159943721891 0.00159972498867 0.00159929409741 0.00159960599869 0.00159941479627 0.0015999328384 0.0015999687178 0.00159953126489 0.00159914829912 0.00159967296855 0.00159978836371 0.00159939089961 0.00159937035958 0.00159973726013 0.00159918758804 0.00159905829735 0.00159912523998 0.0015996543427 0.00159968889453 0.00159968479023 0.00159983175462 0.00159951418308 0.00159971070448 0.00159968684206 0.00159978145464 0.00159900977146 0.00159977909451 0.00159966473631 0.00159943170287 0.00159967177265 0.00159935369427 0.00159911392363 0.00159943460799 0.00159955340725 0.00159958407489 0.00159904033028 0.00159985462561 0.00159935182754 0.00159993615798 0.00159930109949 0.00159962404392 0.00159995848147 0.00159914000645 0.00159904769838 0.00159960328518 0.00159980822015 0.00159973040648 0.00159978283469 0.00159965272535 0.00159993383984 0.00159994338062 0.00159995203056 0.00159993032213 0.00159939256797 0.0015999660975 0.00159953240622 0.00159985369334 0.00159979709601 0.00159978961685 0.00159918937126 0.00159994449908 0.00159963100507 0.00159982541249 0.00159964518568 0.00159938250379 0.00159931203576 0.001599212248 0.00159933509581 0.00159927098278 0.00159964522284 0.00159974307132 0.00159963991592 0.00159933549302 0.00159945814196 0.00159912851185 0.00159978709718 0.00159962717545 0.00159968765235 0.0015997337995 0.00159944459032 0.00159943326442 0.00159973007107 0.00159936354576 0.0015994847043 0.00159965420901 0.00159995247014 0.00159931746316 0.00159961055717 0.00159958242468 0.00159987909598 0.00159978457521 0.00159979134201 0.00159954724654 0.00159949358765 0.00159954940925 0.0015999462397 0.0015994810404 0.00159968263208 0.00159889640654 0.00159883035597 0.00159921335579 0.00159980191284 0.00159977031904 0.00159939268815 0.00159944497843 0.00159965092301 0.00159959449115 0.00159981956052 0.00159945355269 0.00159949048946 0.00159993540118 0.00159971006021 0.00159970854788 0.00159994741048 0.00159926081888 0.00159955213525 0.00159928666845 0.00159950540542 0.00159969320445 0.00159942964451 0.00159933466801 0.00159937562354 0.00159962127373 0.00159992354755 0.00159939935943 0.00159934072536 0.00159971651054 0.00159990014889 0.00159936673835 0.00159931800873 0.00159957292044 0.00159956658047 0.00159965040101 0.00159979302196 0.00159972534641 0.00159975503313 0.00159968915226 0.00159900858944 0.00159947632894 0.00159968942496 0.00159924905515 0.00159912313833 0.00159951613209 0.00159934697277 0.0015995996176 0.00159931511079 0.00159952160951 0.0015995087982 0.0015993850877 0.00159934210901 0.00159959446294 0.0015996421739 0.0015994229906 0.00159945496791 0.00159979539033 0.00159986821013 0.00159966744483 0.00159964944091 0.0015995791646 0.00159940363381 0.00159932196222 0.00159970056868 0.0015997580619 0.00159987022106 0.0015997660287 0.0015997617241 0.00159982042779 0.00159992689517 0.0015998444387 0.00159960711255 0.00159924536818 0.00159961653215 0.00159950469956 0.00159974680536 0.00159996058497 0.00159958229865 0.00159966948742 0.00159948959467 0.00159952958654 0.00159950333086 0.00159937910302 0.00159996459882 0.00159961712095 0.00159959294183 0.00159965135892 0.00159976310475 0.00159954779857 0.00159920582408 0.00159938208883 0.00159928472135 0.00159965794039 0.00159965976443 0.00159993630713 0.00159998590753 0.00159997704284 0.00159971382982 0.00159960331083 0.00159948707628 0.00159911376652 0.00159959305052 0.00159980969157 0.001599891598 0.00159965569386 0.0015996328414 0.00159987196409 0.0015993357855 0.00159952131503 0.00159950418289 0.00159941037673 0.00159956285576 0.00159976998348 0.00159991500473 0.00159974258151 0.00159905125401 0.00159988325595 0.00159978269082 0.00159902005053 0.0015993931994 0.00159957820406 0.00159978565409 0.00159973909959 0.00159990622334 0.0015996740382 0.0015999082341 0.00159957936173 0.00159984033319 0.00159995941848 0.00159980601991 0.00159969026627 0.00159984957088 0.00159969557146 0.00159968032924 0.00159882885748 0.00159905857026 0.00159963686212 0.00159992124703 0.00159869857177 0.00159963748776 0.0015995036447 0.00159962488602 0.00159955387435 0.0015998010927 0.00159967545846 0.00159994380281 0.00159963135651 0.00159968003018 0.0015996547156 0.00159986617711 0.00159957719155 0.00159968189437 0.00159969828358 0.00159944976972 0.00159989296216 0.00159944980199 0.00159955621741 0.00159989606765 0.00159968592641 0.00159967081386 0.0015992926939 0.00159965021496 0.00159973956423 0.00159936432915 0.00159995699196 0.0015999401586 0.00159956397373 0.00159983903099 0.00159955805036 0.00159955880618 0.00159972762925 0.00159965417173 0.00159978959176 0.00159979288692 0.00159985719914 0.00159952378565 0.00159962405283 0.00159999136693 0.00159971476013 0.00159967049904 0.0015990487414 0.00159941070741 0.00159970656868 0.00159957775537 0.00159947116072 0.00159940609627 0.00159977965018 0.00159971291338 0.00159955061503 0.00159952221614 0.00159980467481 0.00159966800329 0.00159926022878 0.00159941294716 0.00159959450545 0.00159979173984 0.00159919158447 0.00159973308728 0.00159973855539 0.00159964511051 0.00159995296516 0.00159997851497 0.00159989254415 0.00159973098303 0.00159976151972 0.00159960641344 0.00159967786863 0.00159954026952 0.00159963722884 0.00159965630926 0.00159987421724 0.00159995459579 0.00159948321729 0.0015999476707 0.00159907131737 0.0015997614774 0.00159972940954 0.00159954161443 0.00159954334592 0.00159992638849 0.00159994958674 0.0015997585495 0.00159962320594 0.00159969012662 0.00159995613379 0.00159945181998 0.00159921563738 0.00159918448747 0.00159895264209 0.00159984106214 0.00159976563586 0.00159982252906 0.00159990528158 0.00159981251234 0.00159941943347 0.00159934529394 0.0015997439659 0.00159953786415 0.00159955966761 0.00159964034128 0.00159982410194 0.00159974224921 0.00159943999654 0.00159951007239 0.00159982251769 0.00159975905908 0.00159954063932 0.00159945446192 0.00159966557087 0.0015994811311 0.0015996748361 0.0015994376372 0.00159982000327 0.00159980478317 0.00159984081306 0.00159959906506 0.00159974136197 0.00159980790926 0.00159959928484 0.00159949274211 0.00159926850411 0.00159944367517 0.00159968109965 0.00159952829438 0.00159951636056 0.0015994794401 0.00159935121671 0.00159961889348 0.00159972417147 0.00159980245518 0.00159953939861 0.00159961719762 0.00159990742193 0.00159978258243 0.00159964812573 0.00159955953799 0.00159918423628 0.0015995562007 0.00159974011025 0.00159944309522 0.00159986048731 0.00159929915338 0.00159960568555 0.00159986478257 0.00159963533655 0.00159979823297 0.00159972502444 0.00159970329225 0.00159969169559 0.00159963360059 0.00159968854402 0.00159949173134 0.00159942679249 0.00159972592751 0.00159944986002 0.00159968088732 0.00159947323782 0.00159955978072 0.00159959989652 0.00159920695205 0.00159985235942 0.00159921692426 0.0015998675049 0.00159944885312 0.00159981944244 0.00159963416331 0.0015996346527 0.00159973630873 0.00159993169516 0.00159972592203 0.00159917714777 0.00159950925341 0.00159889336764 0.00159915232696 0.00159959832985 0.00159967832613 0.00159963769034 0.00159970231637 0.00159968442882 0.00159943334355 0.00159955986594 0.0015996693448 0.00159946680614 0.00159973157595 0.00159941134259 0.00159938624593 0.00159948183089 0.00159967095961 0.00159972852047 0.00159942320112 0.00159994505852 0.00159993053508 0.00159987607987 0.00159977174231 0.0015997283943 0.00159962253195 0.00159965937656 0.00159973718184 0.00159961825386 0.00159974647058 0.00159966629897 0.00159947240636 0.00159984092638 0.00159938497156 0.00159908557476 0.00159951167942 0.00159970926493 0.00159957247921 0.00159940735572 0.0015994740957 0.00159962890855 0.00159970460289 0.00159987655222 0.00159946137283 0.00159993885117 0.00159968207593 0.001599851642 0.00159986931768 0.00159984647831 0.00159990721902 0.00159970165446 0.00159983620316 0.00159980524815 0.00159983813413 0.0015998989007 0.00159990601305 0.00159954881668 0.00159892757524 0.00159914194626 0.00159957669121 0.00159979677742 0.00159949715454 0.00159968207287 0.00159940205454 0.00159947852658 0.00159977441155 0.00159963109036 0.00159916348098 0.00159925867407 0.00159972611653 0.0015998147733 0.00159960118577 0.00159976574722 0.00159971258921 0.00159951745429 0.0015999758917 0.00159942837665 0.00159973806662 0.00159942136195 0.00159946681376 0.00159959663587 0.00159990727266 0.00159960084833 0.00159935612685 0.00159930618514 0.00159972769807 0.00159958629108 0.00159963020788 0.00159955089637 0.00159949009661 0.00159962548457 0.0015994893377 0.00159986081288 0.00159936635431 0.00159972582576 0.00159937715811 0.00159942734962 0.00159972848577 0.0015993646733 0.00159904729369 0.00159993113511 0.00159961236506 0.00159925820642 0.00159962125166 0.00159914309139 0.00159952097425 0.00159961027696 0.0015997388603 0.00159967144111 0.00159962283322 0.00159980655599 0.00159991919041 0.00159972872281 0.00159970879935 0.00159982171411 0.00159985027498 0.00159993152552 0.00159947752775 0.00159975676584 0.00159969233381 0.00159974318409 0.00159980376237 0.00159965158147 0.0015993741913 0.00159960223685 0.00159939448117 0.0015997781516 0.00159958843621 0.00159947585773 0.00159921658953 0.00159998570859 0.00159992430924 0.00159976360639 0.00159906942496 0.00159946741797 0.00159990438589 0.00159989082127 0.00159985437592 0.00159919307122 0.00159914246765 0.00159983054611 0.00159951566376 0.00159968350169 0.00159957628678 0.00159968115019 0.00159979763359 0.00159969233262 0.00159952944979 0.001599713932 0.00159945234816 0.00159977333272 0.00159971825074 0.00159948236259 0.00159969808238 0.00159967708107 0.00159961417553 0.00159969110574 0.00159965280032 0.00159993141068 0.00159943472345 0.00159972962046 0.00159936625239 0.00159962122352 0.00159953425037 0.00159949503848 0.00159966796844 0.00159999878884 0.00159949474156 0.00159986543783 0.00159978468079 0.00159931849411 0.00159953958932 0.00159957235359 0.00159992980945 0.00159945728492 0.00159953643144 0.00159949998098 0.0015995782854 0.00159993137805 0.00159968832877 0.00159959885556 0.00159988240332 0.00159990797326 0.00159986424212 0.00159996911633 0.00159930199409 0.0015993580738 0.00159961415615 0.00159947600765 0.00159986261082 0.00159947924532 0.001599590707 0.00159975734667 0.00159956105749 0.00159962657859 0.00159941683211 0.00159971546925 0.00159923572721 0.00159948712572 0.00159945692515 0.00159925005188 0.00159928853386 0.00159958710792 0.00159911539483 0.00159945871699 0.00159915282983 0.00159974327849 0.00159905845626 0.00159937134067 0.00159966683993 0.00159952854071 0.00159971986011 0.00159995691147 0.0015996133285 0.00159990620002 0.00159994975961 0.0015997273873 0.00159968206854 0.00159989596016 0.00159973716037 0.0015995671735 0.00159938473009 0.00159951498938 0.00159953444048 0.00159951839046 0.00159975193177 0.00159972005164 0.00159953184705 0.00159960842185 0.00159981898978 0.00159990084492 0.00159957650801 0.00159976122175 0.00159984145691 0.00159980595207 0.00159970631523 0.00159975229493 0.00159966586556 0.00159969935246 0.00159967461432 0.00159959710745 0.00159947401961 0.00159966037941 0.00159960081145 0.00159931263079 0.001599558956 0.0015998865219 0.00159914333196 0.00159971582543 0.0015995822726 0.0015996839713 0.00159970243179 0.00159982743317 0.00159912425394 0.00159962526903 0.00159950208498 0.00159982715031 0.00159913573338 0.00159928588903 0.0015995024833 0.00159953872732 0.0015995860016 0.00159975210836 0.00159998739122 0.00159958328815 0.00159968635982 0.00159947972274 0.00159946150893 0.00159968197166 0.00159976786646 0.00159986020642 0.00159987119494 0.00159996062298 0.00159964858543 0.00159966107079 0.00159966583338 0.00159982228782 0.00159956206881 0.00159993779601 0.00159975735342 0.00159966809157 0.00159960959004 0.00159951773573 0.00159947783953 0.00159927154024 0.00159967561964 0.00159962547233 0.00159955627432 0.00159958872021 0.00159971346001 0.00159940552505 0.00159996754983 0.00159972296198 0.00159943067631 0.00159929316008 0.00159956319529 0.00159983144196 0.00159944616759 0.00159930714212 0.00159951026263 0.00159963129074 0.00159934435155 0.00159954449085 0.00159947299333 0.00159988765867 0.00159987064129 0.00159953791395 0.00159972218313 0.00159958216227 0.00159977681648 0.00159952024536 0.00159963887853 0.00159960097861 0.00159946852238 0.00159991898888 0.00159961781 0.00159948827106 0.00159951299287 0.00159957399254 0.00159979850486 0.00159938179596 0.0015998785718 0.00159993284567 0.00159976105673 0.00159929374358 0.00159969212013 0.00159943805918 0.00159934463705 0.00159928145013 0.00159970289637 0.00159971268894 0.00159948817995 0.00159995375139 0.00159976518294 0.00159959036693 0.00159990612312 0.00159973182043 0.00159964949073 0.00159986273146 0.00159982195407 0.00159963445843 0.00159982870983 0.00159970872144 0.00159961879049 0.00159969963905 0.00159981077583 0.0015996012039 0.00159974068154 0.00159992345156 0.00159987094221 0.00159992580186 0.00159991970752 0.00159974630408 0.00159978168887 0.00159974942959 0.00159970707332 0.00159990855819 0.0015998576721 0.00159974195433 0.00159947070667 0.0015998761638 0.0015998861008 0.00159971933747 0.00159966715935 0.00159973939086 0.00159960218743 0.00159958413116 0.00159963985774 0.00159974554707 0.00159973609088 0.00159988861217 0.00159960774132 0.001599640708 0.00159956670238 0.00159992680359 0.00159978412228 0.00159979682952 0.00159991633059 0.00159970162534 0.0015995895623 0.00159971504372 0.00159961740612 0.00159995413793 0.00159952248929 0.00159928654912 0.00159961507004 0.00159989420631 0.00159960753784 0.00159934706955 0.00159968423831 0.0015993531862 0.00159943847593 0.00159924747846 0.00159912887659 0.00159972880434 0.00159996627109 0.00159991323245 0.00159964023988 0.00159978853949 0.0015997128431 0.00159967456543 0.00159954066668 0.00159968520196 0.00159957588886 0.00159976199117 0.00159958332879 0.00159990074497 0.00159982221104 0.00159930772746 0.00159975707787 0.00159916315464 0.00159972230097 0.00159969892767 0.00159963525653 0.00159979908641 0.00159966912694 0.00159951869387 0.00159984846491 0.00159945127636 0.00159960941459 0.00159954987897 0.00159993476082 0.00159966586903 0.00159982472167 0.00159961583849 0.00159963718328 0.00159922268931 0.001599536748 0.00159918548385 0.00159980341637 0.00159991635486 0.00159976271568 0.00159981629794 0.00159964654658 0.00159928679951 0.00159942263704 0.00159974506872 0.00159931212174 0.00159969744859 0.0015996307723 0.00159991361615 0.00159979611898 0.00159985691424 0.0015998194919 0.00159967608344 0.00159984687195 0.0015997259413 0.00159953860207 0.00159991658969 0.00159985259265 0.00159990910698 0.00159987108644 0.00159967519936 0.00159966090031 0.00159976828088 0.00159988071642 0.00159955422332 0.00159950157394 0.0015996034762 0.00159950704175 0.0015996168356 0.0015996583211 0.00159981713602 0.00159960427144 0.00159933394388 0.00159966515084 0.00159965329833 0.00159971511849 0.00159989513669 0.00159973193279 0.00159958356121 0.00159972646892 0.00159945242747 0.00159979942661 0.00159986722519 0.00159975044887 0.00159969590894 0.00159992507773 0.00159988057181 0.00159953391157 0.00159969247298 0.00159962773002 0.0015994282889 0.00159980236819 0.00159968859792 0.00159974612707 0.00159993788229 0.00159972453845 0.00159989453311 0.00159935766854 0.00159927286535 0.00159950038603 0.001599787833 0.00159968142562 0.00159953708168 0.00159969247827 0.00159986360542 0.00159983175465 0.00159962682805 0.00159966679226 0.00159970362452 0.00159936751223 0.00159981340474 0.00159955457893 0.00159964426496 0.00159943648712 0.00159940752702 0.00159925675563 0.00159912025531 0.00159969085722 0.00159985271636 0.00159957214301 0.00159976996347 0.00159977282218 0.00159951411666 0.00159951894563 0.00159940197988 0.00159961694465 0.00159967143827 0.00159965489569 0.00159933338343 0.00159943620288 0.00159948507773 0.00159970306009 0.00159936217926 0.00159966064608 0.00159948830954 0.00159974267952 0.00159977977296 0.00159935609764 0.00159985260296 0.00159937775054 0.00159989180236 0.00159989639915 0.00159994407808 0.00159968436144 0.00159978705645 0.00159974772683 0.00159981475455 0.00159982862506 0.00159981441263 0.00159954239091 0.0015997877283 0.0015998864109 0.001599849329 0.00159992747476 0.00159970744754 0.00159953480446 0.00159988667978 0.00159955747543 0.00159932911839 0.00159985695493 0.00159941279293 0.00159963344053 0.00159929490872 0.00159989293433 0.00159924608891 0.00159917916313 0.00159959025917 0.00159973437157 0.00159984604949 0.00159977013752 0.00159985103834 0.00159960476065 0.00159946856233 0.00159935594105 0.00159968457141 0.00159932919933 0.00159966252341 0.00159973123722 0.00159962405948 0.00159960501371 0.00159913755785 0.00159981859402 0.00159965522096 0.00159963968789 0.00159977627838 0.00159975399718 0.00159973770947 0.00159919871248 0.00159940889024 0.0015997140456 0.00159982614141 0.00159984854122 0.00159991040336 0.00159990679985 0.00159967995849 0.0015994997115 0.00159957989251 0.00159979056405 0.0015998190464 0.00159978842752 0.00159977873179 0.00159982444577 0.0015998246692 0.00159960272131 0.00159945664904 0.00159958797211 0.00159988312997 0.00159991903636 0.00159944881792 0.00159958254357 0.0015997513259 0.00159926361848 0.00159977271989 0.00159975817094 0.0015998955358 0.0015998783388 0.00159967127843 0.0015993237418 0.00159963666138 0.00159933922562 0.00159949030471 0.00159982807755 0.00159982946354 0.00159940117383 0.00159965412487 0.00159962388283 0.00159953610954 0.00159954295957 0.00159982918203 0.00159969231477 0.00159973964769 0.00159962227231 0.00159980301093 0.00159958096478 0.00159938792902 0.00159965177426 0.00159956475956 0.00159973067894 0.00159968724208 0.00159960673383 0.00159956223357 0.00159974200853 0.00159945156371 0.00159968613103 0.001599666004 0.00159990218895 0.0015996401997 0.00159937289185 0.00159982964717 0.00159939809909 0.00159971881856 0.00159960094944 0.00159933850809 0.0015995614142 0.00159996093382 0.0015998347857 0.00159967964346 0.00159996105487 0.00159936856243 0.00159944122426 0.00159936590328 0.00159931637804 0.00159984974123 0.00159951335006 0.00159993124817 0.00159964127737 0.0015998900863 0.00159985964892 0.0015996602676 0.0015997629568 0.00159971107633 0.00159938697535 0.00159966585501 0.00159969759948 0.00159976186473 0.0015997780737 0.00159976365668 0.00159980116036 0.00159973311124 0.0015992554287 0.00159957632451 0.0015995806082 0.00159946139923 0.0015994902714 0.00159939872692 0.00159935672585 0.00159995922188 0.00159974555743 0.0015997698921 0.00159986599404 0.0015997123901 0.00159973564684 0.00159980856278 0.00159977636449 0.00159964980595 0.0015999007049 0.00159950557092 0.00159974745461 0.00159993459302 0.00159951105348 0.00159970952784 0.00159971491775 0.00159940251164 0.00159973904886 0.00159991419214 0.0015994545259 0.00159971133936 0.00159967793886 0.00159997042681 0.00159973658277 0.00159946137623 0.00159940906287 0.00159966741707 0.00159954627945 0.0015994258271 0.00159933506831 0.00159919750311 0.00159913518646 0.00159978135331 0.00159942447298 0.00159955189541 0.00159967484688 0.00159933814105 0.00159925932281 0.00159991715407 0.00159948992646 0.00159945049945 0.00159981827177 0.0015997459383 0.00159950638072 0.0015996720364 0.00159975403861 0.00159942419366 0.00159963757531 0.00159974201974 0.0015999044982 0.0015996033385 0.00159934296358 0.00159928131016 0.00159968578295 0.0015994053496 0.00159967014095 0.0015997289835 0.00159966977041 0.00159979863687 0.0015996411929 0.0015996723955 0.00159990387577 0.00159961165404 0.00159937633595 0.00159940934022 0.00159951660658 0.0015996925152 0.00159946721641 0.00159951461053 0.00159979017326 0.00159952900188 0.00159992395926 0.00159981601667 0.00159939025743 0.00159970378345 0.00159985449716 0.00159991832336 0.00159975710486 0.00159982641706 0.0015996468619 0.00159970929748 0.00159987293488 0.00159956563303 0.00159955735293 0.00159957829642 0.00159992439494 0.00159992314598 0.00159997152702 0.00159982478714 0.00159984091875 0.00159993776441 0.00159958668033 0.00159967643964 0.00159965555864 0.00159972373901 0.00159987613643 0.00159991516623 0.00159965585899 0.00159965091093 0.0015997361022 0.00159979200865 0.00159987055287 0.00159951978149 0.00159994744629 0.00159993134552 0.00159996290546 0.00159961847152 0.00159988315512 0.00159972212081 0.00159988724745 0.00159979860635 0.00159982686769 0.00159989267631 0.00159967294564 0.00159973887447 0.00159991717715 0.00159965684897 0.00159963692666 0.00159976939731 0.0015997850268 0.00159983725434 0.00159984097944 0.00159989548894 0.0015996523551 0.00159987814391 0.00159973804788 0.00159990830566 0.00159981624309 0.0015998351864 0.00159993992571 0.00159986181111 0.00159987513734 0.00159934630565 0.00159980370961 0.00159983731766 0.00159933572635 0.00159976671088 0.00159991398884 0.00159959260841 0.00159984564368 0.00159970135229 0.0015996720855 0.00159926959017 0.00159975800336 0.00159992326937 0.00159969128014 0.00159990977254 0.00159981383004 0.00159971841085 0.00159982388052 0.0015998996669 0.00159988858347 0.00159964935028 0.00159983251358 0.00159972668001 0.00159985562222 0.00159979916745 0.00159992000657 0.00159993705565 0.00159982522643 0.0015997529541 0.00159949563133 0.00159986687232 0.00159961490555 0.00159958359573 0.00159943688366 0.00159970432842 0.00159999015858 0.0015996373437 0.00159972501624 0.00159992498457 0.00159988533549 0.0015996929332 0.00159998313016 0.00159947353266 0.00159962208681 0.00159989327757 0.0015993871918 0.00159927975488 0.00159992804376 0.00159973243235 0.00159957988602 0.00159944869181 0.00159969326281 0.00159950506188 0.00159997309738 0.00159995504418 0.00159975408975 0.00159990824181 0.00159971398854 0.00159998626072 0.00159990157275 0.0015998582359 0.00159972659815 0.00159993729935 0.00159976819505 0.00159954979932 0.00159960165745 0.00159975817939 0.00159933789722 0.00159944410417 0.00159943393559 0.00159994352602 0.00159963841986 0.00159966070896 0.00159968046369 0.00159972426327 0.00159982344658 0.00159988538774 0.00159959022304 0.00159966057335 0.00159968584286 0.00159972889957 0.00159981694725 0.00159969011655 0.00159983597894 0.00159977038865 0.00159941838271 0.00159925380092 0.00159952845318 0.00159930720928 0.00159943108775 0.00159959829076 0.00159985070992 0.00159985136293 0.00159953174652 0.00159990175971 0.00159966021559 0.00159966319413 0.0015998915424 0.00159956147121 0.00159983046518 0.00159972870371 0.00159984479899 0.00159985076097 0.00159986286819 0.0015998323098 0.00159958952545 0.0015995545343 0.0015997660636 0.00159973298394 0.00159952036074 0.00159992949941 0.00159968986294 0.00159977006536 0.00159967960291 0.00159968469573 0.00159986313891 0.00159958696526 0.00159997000149 0.00159975345041 0.00159973148145 0.00159907690396 0.00159992755448 0.00159924105718 0.00159944573387 0.00159986611347 0.00159994017565 0.0015998758204 0.00159966963964 0.00159946315017 0.00159976388198 0.00159963011591 0.00159958680307 0.00159978780273 0.0015997502606 0.00159988945506 0.00159986690169 0.00159977311561 0.00159980862279 0.00159929030705 0.00159955074701 0.00159985363907 0.00159992996851 0.00159971377746 0.00159972815839 0.00159991783323 0.00159991725656 0.00159994416124 0.00159935845278 0.00159975616448 0.00159929580573 0.00159973393484 0.00159966991321 0.00159946495254 0.00159980353349 0.00159976201232 0.00159996249411 0.00159982644358 0.0015997015951 0.00159979319824 0.00159956473714 0.0015996183082 0.00159991714183 0.00159989874494 0.00159994305561 0.00159974342919 0.00159978742751 0.00159962587785 0.00159979426792 0.00159970446782 0.00159969582123 0.00159992123677 0.00159985622889 0.00159972607719 0.00159951167156 0.00159938746275 0.00159993517515 0.00159944003281 0.00159994014173 0.00159979692896 0.00159975810516 0.00159953141526 0.00159954714794 0.00159943860391 0.0015998074922 0.0015997441042 0.00159996062029 0.00159990052766 0.00159974254306 0.0015996507427 0.00159975996736 0.00159960831233 0.00159911970864 0.00159997897342 0.00159951929196 0.00159984281446 0.00159944111695 0.00159955364958 0.00159972324856 0.00159964319005 0.00159990495197 0.00159976635482 0.0015998347464 0.00159944414194 0.00159989243687 0.00159997456691 0.00159992010141 0.00159994203458 0.00159993404707 0.00159951304273 0.00159981858369 0.00159979781576 0.00159992449167 0.0015996771517 0.00159955424302 0.00159975319606 0.00159970023939 0.00159978027665 0.00159957845486 0.00159960027341 0.00159987738029 0.00159974948172 0.0015998773131 0.00159970496701 0.00159989806096 0.00159994390151 0.00159993036724 0.00159980822269 0.00159975870425 0.00159969840535 0.00159957349007 0.00159999164848 0.00159976853354 0.00159982118798 0.00159966355234 0.0015999150305 0.00159957572482 0.00159984003825 0.00159996826989 0.0015999286774 0.00159983706441 0.00159986405104 0.00159984014396 0.00159980350581 0.00159956122819 0.00159956256439 0.00159953324022 0.00159951338218 0.00159969663729 0.00159984702836 0.00159988491779 0.00159976871194 0.00159944811913 0.00159985825742 0.00159968865629 0.0015997480699 0.00159972331679 0.00159974508965 0.00159980715024 0.0015996458899 0.00159995893898 0.00159998650543 0.00159978282205 0.00159991651959 0.00159971150542 0.00159982297495 0.00159988955376 0.00159980192473 0.00159982258115 0.00159977142077 0.00159986480312 0.00159980284443 0.00159989179277 0.00159958422961 0.00159937283347 0.00159948577641 0.00159976923192 0.00159971858289 0.00159966122123 0.00159990582554 0.00159983642357 0.00159996868186 0.00159982978771 0.00159953311334 0.00159959671652 0.00159985722341 0.00159987627225 0.00159975520408 0.00159987233923 0.00159972697477 0.00159956252024 0.00159974388648 0.00159963503351 0.00159958312844 0.00159952427031 0.00159989833502 0.00159946676644 0.00159945540699 0.0015998690826 0.00159961737877 0.00159959437246 0.00159986398286 0.00159960110969 0.00159934931257 0.00159964755814 0.00159986422424 0.00159952685614 0.0015998383686 0.00159987349127 0.00159984294055 0.00159971393517 0.00159962824707 0.00159982615587 0.0015997626582 0.00159982059415 0.00159961909585 0.00159974677752 0.00159994916007 0.00159970243416 0.00159975258907 0.00159999031852 0.00159973836028 0.00159964079896 0.00159995089886 0.00159993907094 0.00159990716943 0.00159977309582 0.00159961307402 0.00159991122193 0.00159969562215 0.00159983089743 0.00159999296579 0.00159973911788 0.00159920486513 0.00159956110226 0.00159941736764 0.00159987977258 0.00159991115496 0.00159995241818 0.00159996293499 0.00159959848927 0.00159975239205 0.00159943720629 0.00159969018305 0.00159970013717 0.00159964618769 0.00159994281866 0.00159951546342 0.00159987420138 0.00159961855504 0.00159962124777 0.00159978198835 0.0015995700222 0.00159930633218 0.00159965766881 0.00159938135906 0.00159965283963 0.00159987418848 0.00159963324093 0.00159990589986 0.00159938336063 0.00159953442276 0.00159988130846 0.00159966352644 0.00159978904765 0.00159974767563 0.00159976190297 0.00159998097782 0.00159969185018 0.00159992565107 0.00159995190519 0.00159959961024 0.00159975352884 0.00159931824772 0.00159994492597 0.0015993975782 0.0015997867015 0.00159987730062 0.00159993025083 0.00159962198083 0.00159963418077 0.00159977878437 0.00159956531975 0.00159962887373 0.0015995669525 0.00159981854717 0.00159975675914 0.001599786803 0.00159988395955 0.00159979841057 0.00159979646968 0.00159959444218 0.00159957913053 0.00159976214931 0.00159960861782 0.00159985833336 0.00159950574517 0.00159990832884 0.00159989545358 0.00159961606627 0.00159947034916 0.00159945022877 0.00159995150069 0.00159959056395 0.00159981291947 0.00159977442511 0.00159969719367 0.0015998766012 0.00159941453629 0.0015999256363 0.00159990078101 0.00159989159429 0.00159983978843 0.00159970892379 0.00159978725933 0.00159982432419 0.00159960597785 0.00159973415225 0.00159959745268 0.0015997778663 0.00159998901076 0.00159972735614 0.00159962284021 0.00159969718534 0.00159984139818 0.00159996149342 0.00159982703495 0.00159988183005 0.00159975830571 0.00159974849805 0.00159987930009 0.00159974098499 0.00159990759244 0.00159977089057 0.00159980187509 0.00159986347968 0.00159982666823 0.00159992983196 0.00159985021614 0.0015998376155 0.00159993794202 0.00159986143583 0.00159994953527 0.00159983669629 0.00159979103056 0.00159972283553 0.00159966760713 0.00159965999674 0.0015997111469 0.00159980154913 0.00159982286577 0.00159973426747 0.00159982217596 0.00159996960397 0.00159979387109 0.00159976276709 0.00159996569369 0.00159989866015 0.00159987558505 0.00159980043539 0.00159979233035 0.00159960318929 0.00159967877548 0.00159984419578 0.00159990522533 0.00159986993398 0.00159988173651 0.00159990079683 0.00159998419295 0.00159993250383 0.00159995988118 0.00159980884558 0.00159977121182 0.00159982164372 0.00159990273438 0.00159996293953 0.00159994410869 0.00159972518392 0.00159989468205 0.00159991252969 0.00159988273014 0.00159982137066 0.0015997661302 0.0015995512901 0.00159963910311 0.00159987570986 0.00159974049676 0.00159975924664 0.00159993837137 0.00159974668412 0.00159975707178 0.00159974871139 0.00159994401055 0.00159983197753 0.00159992906913 0.00159974122101 0.00159990305476 0.00159975484496 0.00159967694819 0.00159989686443 0.00159972425891 0.00159978258015 0.00159978463842 0.00159963179891 0.00159958577013 0.00159967521243 0.00159969510115 0.00159979373515 0.0015995755879 0.00159969333352 0.00159974592626 0.00159993414929 0.00159986760695 0.00159975129802 0.00159986324817 0.00159985651328 0.00159983841085 0.00159952584657 0.00159947211606 0.00159983136059 0.00159969149744 0.0015997666706 0.00159994502111 0.0015998081866 0.00159979954974 0.00159993031773 0.00159980662497 0.00159972957634 0.00159972718484 0.00159985077558 0.00159979347468 0.00159981369326 0.00159985515691 0.00159977372079 0.00159990616955 0.00159961305067 0.00159958843219 0.00159983899147 0.00159975074207 0.0015996111752 0.0015998896594 0.00159968931274 0.00159962168124 0.00159971644196 0.0015995394303 0.00159967243176 0.00159985155975 0.00159984296319 0.00159990389442 0.00159980438607 0.00159997394432 0.00159992961948 0.00159980262062 0.00159964245832 0.00159973092789 0.00159969486139 0.00159989255801 0.00159979000776 0.00159983787241 0.00159992693284 0.00159984231505 0.00159995569318 0.00159988543253 0.00159990348744 0.00159985433852 0.00159978425376 0.00159972177626 0.00159979561297 0.00159977251954 0.00159976665269 0.00159976277114 0.00159984982651 0.00159998159352 0.00159985188882 0.00159992997613 0.00159968469178 0.00159980287959 0.0015995873362 0.00159968295972 0.00159982086464 0.00159987675415 0.00159987590675 0.0015998685745 0.00159987857582 0.00159990102881 0.00159985977388 0.0015998445127 0.00159992686596 0.00159988868921 0.0015998479305 0.00159974671749 0.00159980323708 0.00159983554518 0.00159960203054 0.00159966724727 0.0015997476974 0.00159973717247 0.00159980114851 0.00159974050906 0.00159970765546 0.00159996488857 0.00159960137534 0.00159995983567 0.00159980318752 0.00159959602594 0.00159964113445 0.00159971426425 0.0015998120232 0.00159974117321 0.00159980123315 0.00159954245493 0.00159978768854 0.0015998259688 0.00159976727997 0.00159992425435 0.00159995911454 0.00159977749057 0.00159986029555 0.00159984694224 0.00159989727588 0.00159985099989 0.00159998504657 0.0015999494767 0.00159993489008 0.00159998942448 0.00159956786535 0.0015997351252 0.00159981538345 0.00159965110142 0.00159986128222 0.00159993710568 0.00159980849965 0.0015998100995 0.00159974885927 0.00159982799552 0.00159959870433 0.00159978628181 0.0015996926818 0.00159965191023 0.00159993801391 0.00159992454481 0.00159989216993 0.00159983062278 0.00159978211762 0.00159982629165 0.00159978187822 0.00159988082253 0.00159986486915 0.00159994972958 0.00159997716423 0.00159993436167 0.00159992896611 0.00159989796459 0.00159998292661 0.00159990585611 0.00159994219696 0.00159990246826 0.00159963920456 0.00159986488001 0.00159985918217 0.00159993333795 0.00159961951774 0.00159963917009 0.00159989078742 0.00159996811182 0.00159993205419 0.00159996895325 0.00159956014728 0.00159964516008 0.00159968066832 0.00159960243575 0.00159984611514 0.00159987874984 0.00159952872237 0.00159947542798 0.00159951625009 0.00159992233531 0.0015999149896 0.00159980785169 0.00159966719708 0.00159969707448 0.00159995696551 0.0015997064051 0.00159976075482 0.00159960064921 0.00159983361162 0.00159976017981 0.00159983390942 0.00159983247529 0.00159969826259 0.00159971026028 0.00159993448095 0.00159979977821 0.00159982201984 0.00159981091799 0.0015999510994 0.00159988925984 0.00159988625848 0.00159960742137 0.001599805339 0.00159978752006 0.00159974293417 0.0015999715612 0.00159993326586 0.00159988110419 0.00159973172708 0.00159993336054 0.00159956462756 0.00159957590978 0.00159973315983 0.00159981497751 0.0015998155433 0.00159994035697 0.00159984022202 0.00159994583941 0.00159986357671 0.0015998153179 0.00159987386324 0.00159941789136 0.00159981340866 0.00159994281568 0.0015997492645 0.00159989778474 0.00159988748761 0.00159986349831 0.00159975861716 0.0015998811523 0.00159990593101 0.00159992991204 0.00159962027574 0.00159957574537 0.00159981569944 0.00159981704823 0.00159976052107 0.00159956899474 0.00159981968021 0.0015998861286 0.00159982261063 0.0015999211051 0.00159976482469 0.00159978874127 0.00159984943727 0.00159984675383 0.00159984066631 0.00159955599752 0.00159978276267 0.00159971736763 0.00159963576758 0.00159983419208 0.00159978104898 0.00159973420201 0.00159968724726 0.00159968243695 0.00159985706986 0.00159976801063 0.00159973758082 0.00159983907884 0.00159976927395 0.00159980292736 0.00159985076026 0.0015996345912 0.00159986446287 0.00159967934802 0.00159976999526 0.00159979716282 0.00159982372344 0.00159952768395 0.00159969775377 0.0015998407027 0.00159985232356 0.00159986984394 0.00159981865979 0.00159983643795 0.00159988897015 0.00159985545616 0.0015998184951 0.00159983447468 0.00159979573915 0.00159967287614 0.00159980671164 0.00159988145746 0.00159981802861 0.00159975056691 0.001599645667 0.00159969065461 0.00159976166185 0.0015997851141 0.0015998215239 0.00159987127182 0.00159974636147 0.00159967740241 0.00159979248913 0.00159986483263 0.00159986718185 0.00159956442394 0.00159978792843 0.00159984611701 0.00159992450467 0.00159989679374 0.0015999566854 0.00159981903078 0.00159990975426 0.00159977838542 0.0015997577405 0.00159970416879 0.00159992964253 0.00159989817635 0.0015998914973 0.00159997656699 0.00159988927275 0.00159975823768 0.00159988054503 0.00159979082628 0.0015997539358 0.00159974566911 0.00159963534942 0.0015996367695 0.00159978948638 0.00159969429937 0.00159956539664 0.00159965311487 0.00159983246376 0.00159974068813 0.00159970450942 0.00159976636189 0.00159975379899 0.00159972637637 0.00159984353492 0.0015998398899 0.00159983456126 0.00159974299889 0.00159974683026 0.00159995855219 0.00159977382566 0.00159987719126 0.00159972638995 0.00159989698784 0.00159993412432 0.00159973148353 0.00159984957327 0.00159986528522 0.00159990223113 0.00159983200148 0.00159974980015 0.00159994944699 0.0015997507376 0.00159985175046 0.0015999165302 0.00159986500517 0.00159976509644 0.00159978528358 0.00159999066856 0.00159988501887 0.00159983166441 0.00159977706424 0.00159979906783 0.00159975621258 0.00159976971633 0.0015997101541 0.00159986810608 0.00159985639584 0.00159982115689 0.00159993998228 0.001599909817 0.00159989538673 0.00159983337849 0.00159992768977 0.0015999704568 0.00159996618999 0.00159962355043 0.00159976869669 0.00159981400317 0.00159985962268 0.00159987458317 0.0015999522429 0.00159979745985 0.00159977491784 0.00159983184859 0.00159989286833 0.0015998717718 0.00159977338335 0.00159993579461 0.00159984464405 0.00159974220252 0.00159966002802 0.00159978605343 0.00159970989064 0.0015997573308 0.00159987247694 0.00159987282178 0.00159967916075 0.00159974050202 0.00159982438894 0.00159992177312 0.00159975937785 0.00159976911691 0.00159985732588 0.00159989327415 0.00159986745082 0.00159991061909 0.00159990928503 0.00159992027324 0.00159976530725 0.00159985739527 0.0015999247491 0.00159983751618 0.00159990606586 0.00159987894257 0.00159990214315 0.00159991305419 0.00159991297009 0.00159992795036 0.00159991261208 0.00159977744218 0.00159971733798 0.00159990837429 0.00159979728503 0.00159987370733 0.00159984783668 0.00159993335719 0.00159991353852 0.00159989951058 0.00159992833357 0.00159997114025 0.00159993050241 0.00159987838502 0.00159985296082 0.00159990542331 0.00159985536652 0.00159989496951 0.00159988889731 0.00159985551257 0.00159982405064 0.00159969867952 0.00159988298632 0.00159989040879 0.00159994028596 0.00159989740876 0.0015999748137 0.00159988995844 0.00159994849544 0.0015999292682 0.00159992154567 0.00159983906808 0.00159992002762 0.00159986583041 0.00159992245887 0.00159992461301 0.00159990348078 0.00159993397465 0.00159985844082 0.00159987478125 0.00159986887996 0.00159989720696 0.00159973042642 0.00159976593599 0.00159982575326 0.00159993043701 0.0015999514384 0.00159960176663 0.00159984685359 0.00159971326088 0.0015998221598 0.00159988917576 0.00159986184684 0.00159991228661 0.00159994157875 0.00159972612035 0.00159982105918 0.00159998112035 0.00159980161813 0.00159992467168 0.00159985600223 0.00159988349878 0.00159961745539 0.00159990332299 0.00159983098067 0.0015998899979 0.00159983742618 0.00159991675531 0.00159991297 0.00159984808768 0.00159983895498 0.00159983433356 0.00159995645446 0.00159983147924 0.00159992368265 0.00159982673979 0.00159989707433 0.00159990392451 0.00159982581408 0.00159983759824 0.00159973297834 0.00159985343506 0.00159987194893 0.00159983529099 0.00159994870955 0.00159996483266 0.00159988175954 0.00159981357217 0.00159984501375 0.00159987919018 0.00159993252502 0.00159992196124 0.00159994443136 0.00159988769497 0.00159988002532 0.00159992064259 0.0015999619868 0.00159993967086 0.00159981638526 0.00159992328356 0.00159995420728 0.00159967716099 0.00159974833666 0.00159988329226 0.0015998047962 0.00159983638586 0.00159990534792 0.0015998803067 0.001599937754 0.00159995457438 0.00159992418397 0.00159989873216 0.00159987860674 0.001599930823 0.00159975342007 0.00159991019856 0.00159991726966 0.00159987366518 0.00159988293391 0.00159994908242 0.00159988932808 0.00159992429256 0.00159989823114 0.00159992884671 0.00159995500291 0.00159986938025 0.00159974086155 0.00159987128544 0.00159986184408 0.00159986913972 0.00159989926072 0.00159988244621 0.00159991018567 0.00159995851167 0.00159985259108 0.00159990699305 0.001599724006 0.00159995041383 0.00159994814251 0.0015999108535 0.00159988266442 0.00159989361762 0.00159987083192 0.00159987347801 0.00159978741851 0.00159985230738 0.00159993835474 0.00159986873588 0.0015999568572 0.00159990716448 0.00159976256859 0.00159993486516 0.00159991478478 0.00159992543447 0.00159979649716 0.00159984285056 0.00159975577847 0.00159994104283 0.0015998337676 0.00159981072602 0.00159982595015 0.00159994928425 0.00159989106024 0.00159996943265 0.00159986450092 0.00159997416443 0.00159995645854 0.00159990342384 0.00159991020335 0.00159997957138 0.00159988663643 0.00159960542794 0.00159967282209 0.00159990106315 0.00159974724413 0.00159989551076 0.00159974949048 0.00159977005817 0.00159981580073 0.00159971646503 0.00159993637141 0.00159996853923 0.00159997339884 0.00159984385986 0.00159988374348 0.00159992095651 0.00159975195421 0.00159993441749 0.00159969392772 0.00159984027134 0.00159974190835 0.00159986162943 0.0015998928227 0.00159985521389 0.001599938102 0.00159994179495 0.00159994520782 0.00159987317698 0.0015998555002 0.00159982545227 0.00159983380525 0.00159992936812 0.00159980057459 0.00159989921115 0.00159990771017 0.00159994878268 0.00159991056084 0.00159993478703 0.0015999114733 0.00159990796572 0.00159986853643 0.00159995891504 0.00159990584065 0.00159993309152 0.00159979233267 0.00159984344317 0.00159980798725 0.00159980532093 0.00159991121953 0.00159991023432 0.00159983352718 0.00159987162667 0.00159990251743 0.00159988879237 0.00159994966673 0.00159995494114 0.00159994853285 0.00159987000762 0.00159992824605 0.0015999302261 0.00159990747082 0.00159974589335 0.00159991614527 0.00159994834539 0.00159987865148 0.00159984470464 0.00159989449839 0.0015999177648 0.00159989731681 0.00159980051521 0.00159996305684 0.0015999453483 0.00159993886376 0.00159995296333 0.00159995473286 0.00159994571814 0.00159988874021 0.00159994201013 0.00159993557919 0.00159986709701 0.00159992732976 0.00159994477573 0.00159996806664 0.00159990368461 0.00159997647808 0.00159993495943 0.00159978655284 0.00159987480988 0.0015999431215 0.00159979746267 0.00159990998092 0.00159993036655 0.00159990424207 0.00159992980244 0.00159997691344 0.00159990133301 0.0015998554703 0.001599884627 0.00159988123863 0.00159995144 0.00159996465843 0.00159989910705 0.00159990334922 0.00159995013954 0.00159978931431 0.00159981501889 0.00159985668239 0.00159976740684 0.00159983027419 0.00159992013595 0.00159988574906 0.00159986998506 0.00159996843977 0.00159990921176 0.00159996580453 0.00159980196295 0.00159990340477 0.00159971651535 0.00159983596207 0.00159988163831 0.00159996626726 0.00159993943571 0.00159993267728 0.00159979938622 0.00159980071104 0.00159991979502 0.00159988718737 0.00159986333183 0.00159986342602 0.00159973851455 0.00159986955429 0.00159990879682 0.0015998756307 0.00159986849755 0.00159994493471 0.001599925807 0.00159996151546 0.00159997199569 0.00159989155541 0.00159985442211 0.00159991509965 0.00159992120498 0.00159994492143 0.00159984379243 0.00159990580247 0.00159987431833 0.00159989682891 0.00159994063712 0.00159988777515 0.00159998699848 0.00159991051939 0.0015999525773 0.00159986692306 0.00159995311003 0.00159991260876 0.00159992860948 0.00159995530505 0.00159984412345 0.00159988267157 0.00159986581449 0.00159983895301 0.00159997671289 0.00159991523621 0.00159991312731 0.00159992374113 0.0015999100174 0.00159990736972 0.00159986662992 0.00159976187024 0.00159990004053 0.00159977827968 0.00159993088362 0.00159998573278 0.0015998730486 0.00159991501106 0.00159985122646 0.00159987327833 0.00159986258557 0.00159992037768 0.00159988103625 0.00159996888039 0.00159990312094 0.00159997191612 0.00159995880281 0.00159984451873 0.00159987442413 0.00159994254219 0.00159993588299 0.00159994727981 0.00159992953218 0.00159988460618 0.00159991506057 0.00159987669907 0.00159993420128 0.00159992907566 0.00159996577772 0.00159996443864 0.00159990803491 0.00159992292079 0.00159992371542 0.00159995532485 0.00159985649899 0.00159995932517 0.00159979477414 0.00159987688741 0.00159997821226 0.00159995790885 0.00159991168443 0.00159994164474 0.00159992059951 0.00159996454708 0.00159995374281 0.00159995782185 0.00159998510759 0.00159988810836 0.00159994094608 0.00159996269456 0.00159993711701 0.00159986384815 0.0015999509127 0.00159994965996 0.00159995474824 0.00159994406465 0.00159993955835 0.00159994736877 0.00159999408387 0.0015999588641 0.00159995624468 0.00159994491076 0.00159993775211 0.0015999379003 0.00159989548426 0.00159995627683 0.00159995850431 0.0015999547793 0.00159994436295 0.00159994650744 0.00159995609354 0.00159993578793 0.00159997334059 0.00159993845561 0.00159993281567 0.00159990352172 0.00159988142995 0.00159992569897 0.00159994612814 0.00159993385912 0.0015999261796 0.00159996403284 0.00159994849705 0.0015999570048 0.00159989441961 0.00159998933862 0.00159991273833 0.00159994163308 0.00159991408204 0.00159992969153 0.00159991059623 0.00159995340094 0.00159995999833 0.00159992664743 0.00159996261794 0.001599936119 0.00159993269294 0.0015999681011 0.00159994179242 0.00159993689625 0.00159992463819 0.00159998592148 0.00159995874154
</DataArray>
        <DataArray type="Float64" Name="contact_force" NumberOfComponents="1" format="ascii">
0.000162728284005 0.000932507142396 0.00134195490973 0.00121601921088 0.000160900289708 0.000382330303498 0.000255123116388 0.000393657159455 7.17591488157e-06 0.000739078738057 0.000471392927045 0.000101215625336 0.000382653053398 0.000536077676967 0.000210449282208 1.76623968526e-05 0.000102106567858 0.000417952643762 0.000353848688903 0.00033916762622 0.00014641440327 0.000303914567501 0.00034690661058 0.000290028903216 0.000615360973948 0.000212626971068 5.08029435507e-05 6.873742121e-05 2.24789260063e-05 0.000956688853823 0.00195790114175 0.000309701132607 0.000743297605734 0.00176224853258 0.000768675819054 0.00054980895 0.000613217078302 0.000500454494464 0.000866150061829 0.000872008668172 0.00110422156016 0.000130496708897 0.0016453440137 0.000626837475049 0.000275423879922 0.000478580212312 0.00133318921579 0.000107429419634 0.00034148203347 0.000196556082211 0.000637663510431 0.000647079015104 0.00177128546652 0.000488966554513 0.00107039225393 0.00058981455597 0.000716749845096 0.00103550058349 3.65335566612e-05 0.000115853294242 3.66769640526e-05 5.4984522774e-05 1.14873676977e-06 0.000126424309341 0.000368324816731 0.000477184524315 0.00127944358364 0.000726029715798 0.00126225855517 0.00109124237615 0.000190862787608 0.00130906912819 0.00048529893016 0.000696891080741 0.00054373212388 0.000508806326778 0.000351974373044 0.000409025432824 0.000974129183048 0.000723023277266 0.000338200686397 0.00124465122256 0.00131143042649 0.000260273309093 0.000251806408774 0.000651068450475 0.000319729122259 0.000454090117608 0.000653524564253 2.1673246042e-05 0.000534196797105 0.000293140710746 0.00161341122401 0.000425693059092 0.000251049079169 0.00133643019323 0.000528563965345 0.000232740390828 0.000413556843687 0.00099203747269 2.72562194286e-05 0.000603899711004 5.72990551261e-05 3.63865660492e-05 0.000528226163497 2.20117095919e-05 0.00241740625977 5.655479082e-06 0.000645796247225 0.00231671138635 8.23458010964e-07 0.00132368670382 0.00106719231854 0.000143354383534 0.000299540217186 0.000523333967317 3.64185789061e-05 0.00129702694041 0.000102433381608 0.00119153200928 0.000730535634215 0.00100242466541 0.000840617159943 0.000424521484691 0.000481721525421 2.95441727736e-05 2.1433214751e-05 2.08699204394e-05 1.52261911604e-05 0.000189039013927 0.000218907629822 0.000124133475103 1.70346230899e-05 5.43915044068e-05 0.00153741569368 0.00146585298492 0.000257996483904 0.000251137148698 0.00152922226955 0.00095230065789 0.000256465958105 0.000118886797481 0.000537711257506 0.000511469329081 0.000948659039144 0.00011385501439 0.000397158582366 0.00083548898859 0.00108329467748 0.00206521232679 0.000275508037433 0.00097889224576 0.0012078115867 0.00129567728825 0.000354250691853 1.51620830792e-06 0.000238948272065 0.000527909058594 0.000473288664183 0.000281345656587 0.000476605959502 0.000281057454918 6.14155370267e-05 0.000539739861983 0.000576181501446 0.000543636298564 0.000486305188874 0.000679500449441 0.000686797863518 0.000793628326174 0.000689946656191 0.000340051571716 0.000415544769146 0.000499682529231 0.000412924508724 0.000637265839239 2.84584978159e-05 0.000135103945665 0.00024463494526 0.000795906269634 0.00097484766466 0.000675746039073 0.000461120043758 0.000587619583697 0.000623740087218 0.000139150278642 3.72546443347e-05 0.000251847005268 0.000421469575767 0.000564911174452 1.63381589089e-05 0.000190940247827 0.00023147100863 0.000355583358957 0.000395901850843 0.00125463429749 0.000518082348311 0.000406367553413 0.000664027560705 0.00074564666453 0.000556746948258 0.00137853293874 0.000227589210359 0.00066844094578 0.000634500299835 0.000424793854217 0.00177158484924 0.00128225753952 0.00083371487372 0.00143845200292 0.00106983037137 6.6321999712e-05 0.000158282727838 0.000630891829611 9.00048733855e-05 0.00134648636518 0.000472344318513 0.000643941221842 0.000414606967518 0.000872221717287 0.000755555088664 0.00147970641054 0.00164919251327 0.00152233752724 0.000992332687596 0.000101829282385 0.000204090687009 0.000110416481382 0.000163414906798 4.73842254034e-05 0.000596869868695 0.000760971179826 0.000558728878253 0.000573039558383 0.00015389388599 8.77211164099e-05 0.000570803455253 3.33434190202e-05 0.000593775732323 5.59532528091e-05 0.00081367672249 0.000348796858084 0.000624636152353 0.000433584295534 0.00108621338009 0.00137822908643 1.29868428354e-05 0.00103312836592 0.000584493563649 0.000178475251913 0.00023766740345 0.00108419651577 1.71551306838e-05 4.14461514829e-05 9.66828253122e-06 0.000231108553844 4.39686190244e-06 0.000208703364948 0.00023079384582 0.00112594969804 0.000926009120019 0.000874703496656 0.000444563609935 0.000283972244906 0.00108411371115 0.00172120043708 2.56812571384e-08 4.50749360888e-05 0.00020437115931 0.000165930476007 0.00131729503277 0.0025084575764 0.000985843489549 0.000709009732068 0.00200520721067 0.000975271639607 0.000322212349685 0.00109167871281 0.00222929480173 0.000461608523282 0.000384662881274 0.000392023500654 0.000491738810035 0.000300042077377 0.00078036686267 6.78931270357e-05 0.000537854645336 0.00116076896589 0.00123497672888 0.000422362023405 0.00060925278266 0.000816821976995 0.000766208107324 3.44125225828e-05 0.000149157966936 0.000672534746965 0.000222571885867 0.000776107247433 0.000528831420506 0.000904270095272 0.00103507907061 5.95259160849e-05 3.35747112592e-05 0.000129598520427 0.000484124714943 8.16779996569e-05 4.27404520695e-06 0.000338962554671 0.000331310915872 0.000427631394667 0.00107407074728 0.000251045520602 0.00123660078628 0.0012875044857 0.00057362157413 0.000264936125352 0.000395456357488 0.00043480473444 0.000857495767124 9.53598900019e-05 0.00045782719479 0.00201572984921 0.00208337316974 0.000281678218185 0.00124059597576 0.00151265435398 0.000663758646102 0.000687860263127 0.000409154111684 0.000292396055526 0.00102949274793 2.50758467987e-05 0.000707336968787 0.00115126787147 0.000155399315197 0.000156637329523 0.000249375095609 0.000382452319638 0.00116360331078 0.000197636312296 0.000682612242079 0.00062282892949 0.000659396900507 0.000364427468001 0.000778180280058 0.000907302343515 0.00071484265977 0.000408178724554 0.00193997881511 0.000285538116176 0.00042261616106 1.21816645675e-05 0.00261474467763 0.000180672827042 0.000244234956507 0.000199451963978 8.10868869089e-05 0.00110463412474 0.000775662613901 0.00102584597623 0.0012374304096 8.32725849095e-05 0.000302094531215 0.000409877321663 0.000269415391358 2.37765849806e-05 0.00019720672336 9.45960082698e-06 6.56711237845e-05 0.000188514152825 0.000334063368186 4.12675770281e-05 0.000713238960985 0.000534344727464 0.00101743193729 0.000992780286667 0.00035202750469 4.05689452732e-05 0.000777906579851 0.000739437973075 3.79432919305e-05 0.000833958328133 1.18733777105e-07 0.000403577203706 0.000425570492794 0.000276766212429 0.000170443590667 0.000441233379078 0.000539388283953 6.09520036182e-05 0.000907357139908 8.61597578383e-05 0.000138302375984 7.63797857949e-05 0.00101683625229 0.000357819147156 0.000652935412134 0.000737054630342 0.000520254729251 0.000862303208492 0.000280003990051 0.000473972691814 0.000833556092826 0.000936550912094 0.00172433048012 0.000961968160059 0.000189713997578 0.000355379684897 0.000373707392521 0.000262354022082 0.000102578875462 0.000399187640221 0.00229095249063 7.8359032024e-05 0.000117656225562 0.000109356995071 0.000265817041552 6.35092783677e-05 0.00028594201307 0.00125557728471 0.000111179044443 0.000123867196937 0.00120709122972 0.00262119785441 0.000934858824364 0.000678012341765 0.00102287267757 0.000861343563055 0.0010279514944 0.000737025804004 0.00116585887373 0.000775763135271 0.00196786580913 0.000835930618886 0.00136422130555 0.000764763360374 0.00114688402414 0.000327273264581 0.000874673311879 1.57592905085e-05 0.000884058254522 0.000247149763366 0.00085936835008 0.000907151157166 0.000343969886117 0.000612673536467 0.000265610312416 0.00084071980312 1.73087587731e-05 1.50490651735e-05 6.44333157111e-05 0.00269393878477 3.69845440156e-05 0.00170371698107 5.24336485774e-05 0.000150536837854 6.78223156605e-05 0.000113848873371 8.05045683748e-05 0.000835323571664 0.00115192758612 0.000746979079865 0.00171319265375 0.0015781592152 0.000521760561255 0.000529087889649 0.000180442587183 0.000139527809645 0.000897197667112 0.000770487002386 0.000207885235806 0.00177905312381 0.00161909091482 0.000415750921596 4.72139858848e-05 5.43590106629e-05 0.000364142870872 0.00015837624328 0.000427528856418 0.000511126651229 0.000518072098265 0.00139621387488 0.000445968746883 0.00060807127825 0.00111286328117 0.000836028165034 0.000829551729756 0.0011481363123 0.000553722471065 0.000756011703109 0.000917840114939 0.000858604069789 0.00127264072482 0.000355727259403 0.000280263003984 0.000918808749189 0.000457308683835 0.000938436551146 0.000170620685291 0.000567119257826 0.000442990472168 0.00100138404207 0.00092732662283 0.000451512627197 0.000659347845888 0.000403868136318 0.000503644020157 0.000268953110189 4.31985490061e-05 0.000607948105813 0.00108392586679 2.15858984701e-05 0.000702912112266 0.000413203919838 0.00207476299805 0.00169950002501 0.000394831225147 0.000501833875236 0.000803499767282 0.000585013359208 0.000596042157062 0.000571240477864 0.000978396547917 0.00091872388808 0.000939061028754 0.00110915170327 0.000327001153971 0.00111584109972 0.000251992039608 0.000147488997268 9.92957963498e-05 9.5231408356e-05 5.67243027138e-05 0.000509840467148 0.000421069419673 0.000470606950143 0.00137231399698 0.0021950011932 9.00230996576e-07 2.28103863308e-05 0.000349088329658 0.000235932772723 0.000264635449589 0.000986188135717 0.0010947365845 0.000217418710403 0.000427064879655 1.03734828331e-05 0.000452687831012 0.000643169966103 0.000748618345062 0.000424529377858 0.000191885142713 0.000229495490202 0.000210863606516 0.000442156419325 0.000461508913253 0.000672430206041 0.000187680929113 0.000276433354257 0.000206085800211 0.000579827884353 0.000194520170523 0.000236168471435 0.000302610618666 0.000375694774837 0.000193666722942 0.000223698793585 0.000106961410784 0.000177538302068 0.00020664900767 7.53725735681e-05 2.95334877369e-05 0.000732512091699 0.00114297486136 0.000582227306671 0.000150150308642 0.000113164159399 0.00143518094563 0.000139201437469 0.000507212028841 0.000332749846859 0.000405912200537 0.000307433268678 0.00215369907137 0.00121671800664 0.00106512268688 0.000966205249291 0.00137306185951 0.00113599556909 0.00101998386035 0.00145744026511 1.69623141318e-05 0.000158144473992 0.00142717056734 0.00232835926419 0.0010529439759 0.00185254463226 0.000661540574728 0.000441431043537 0.000966507490449 1.61168366317e-05 2.55142434191e-05 4.81770549984e-06 0.000274877093793 0.000472654717502 0.000199079432841 0.000346197834048 0.000946192582571 0.000819736911858 0.000276846948294 0.000311659767518 0.000598166959639 0.000419930134536 4.6529288556e-05 2.00301922915e-05 0.000176018381731 0.000754662734123 0.000449422473175 0.000713036916968 6.36616655923e-05 8.36607488064e-05 0.00012941563749 3.32597823356e-05 0.00153462198537 0.000353319829113 0.000607241329106 0.000329640356937 0.000219367124952 0.00128787608465 0.000388912217713 0.000240599332204 0.000358781556749 0.000167254319505 5.536182078e-06 5.70826726019e-05 0.000298616092831 0.000334425218733 0.000164525160116 0.000422671883349 0.000624122025773 0.000271591594092 0.000753930716967 0.000500326644766 0.00076980366358 0.00122568259904 0.00138531370905 8.19006502249e-05 0.000745063770998 0.000675113122982 0.00167291149155 0.00125797332476 0.000860253949876 0.00191089464102 0.00078545108996 0.000812620628986 0.00126197816182 0.000460284856476 0.000505661811134 0.00114710055656 0.000113599555364 0.000333199631555 0.000163077626039 0.000614664995593 0.00022378407509 0.000383909627734 5.69922901399e-05 7.55503634391e-05 0.000165739550616 0.00116774805305 0.00022318105567 0.00167012680236 0.000206178676311 0.000636228202666 2.64128975836e-05 1.12096047974e-05 2.03196565471e-05 3.630016005e-05 5.48810579699e-05 3.19595050094e-05 0.000111771179865 0.000430147063621 0.000570469325867 0.000331405597072 0.000199768968172 2.05761376054e-05 0.000393240868492 0.000466325820363 0.000282414351657 0.000664239495204 0.000296231170437 0.000566416716344 0.00102645934248 0.000717392130756 3.95025072069e-05 4.35133952117e-05 0.00122068616013 0.00175202208684 0.000979688006311 5.78224941206e-05 0.000268181308532 0.000225797627074 0.00011705483253 0.000347702296726 1.11739608985e-05 0.000113991060992 0.000692649946555 0.000588728833601 9.16483240485e-05 2.01815628851e-05 0.000319339979721 0.000396396738689 0.000273239441657 0.000775946194512 0.000658628806334 0.000327490410378 0.000416003729864 6.01520597081e-05 0.000190489876299 0.000242146479512 0.000384772159635 6.90932137909e-05 0.000898348136211 0.000375028278947 0.000401597760289 0.000156311337466 0.00181475453532 0.00178753762256 0.000955610012629 3.02746604678e-05 0.000985084401111 0.00086545844208 0.000293999422517 0.000320600300801 0.00173941401856 0.000233852477139 0.000344511246377 0.000767935485419 0.00111694493613 0.000585903404088 0.00119088369319 0.000445688320602 0.000101724108572 0.000590525164008 0.00029159545612 0.000309489588167 0.000677924448339 0.000750380356443 0.000309795915188 0.000504033027538 0.000155408981978 0.000419040696864 9.24278416088e-05 0.000346014272542 0.0015559510614 0.000654181337173 4.79070278675e-05 0.000563592371599 0.000903644720029 0.00142651748019 0.00137488070104 0.00119328181709 3.05094434529e-05 0.00157279950995 0.000243289186167 0.000821659149999 0.000157085092524 4.38697605443e-05 0.000869893762145 0.000296380182307 0.00042787506508 0.000452504264703 0.000249928850096 0.000806271644983 0.000742418270482 0.000478711276296 0.000931554610837 0.000228455170488 0.00025503295451 0.00148959154109 0.000439872759244 0.000124206030605 0.00103177738103 0.0011143287026 0.000386072807124 0.000396583939236 0.000376074622328 0.000733519914746 0.000408183326342 0.000497619612346 0.000129948378625 0.000334775105013 0.000284649798174 0.000110242914343 0.0002854237715 2.97431031194e-05 0.000295340407629 0.000320212524233 0.000610189285253 0.000385198363791 0.000164878591315 0.000524101906682 0.000514393276505 0.00032550463118 0.000347661191706 0.000979307926764 0.00136069070151 0.00057464962878 6.35777022356e-07 0.000567408975585 0.00125842152559 0.000233433218608 0.000847929429505 0.00135454031386 0.000585941682743 0.000242705948451 0.000422882027338 0.000267173374088 0.000688549357409 0.000508713794992 0.000203265493199 0.000841063023688 7.33043152281e-05 0.000818631587666 6.17569951571e-07 0.0010793909052 0.000306711292615 0.000195472124619 0.00028477744308 0.0011012999184 5.69570511693e-05 0.000424733453174 0.000997305887399 0.000588490015224 0.000849859185489 4.23037347191e-05 0.000948360287641 0.000363416487306 5.14903258241e-05 6.96168119744e-05 3.13813439292e-05 0.000341330725338 3.48856893701e-05 0.000277247611223 0.000236270503028 3.95355852018e-05 0.000967872590835 2.85216666027e-05 0.00105211516828 0.000167497764872 0.00113048413858 0.000872135451011 0.00154058951248 0.00108311304148 0.00103082259091 0.00086570238492 0.00177390355896 0.000604600217401 0.000204232194635 0.000313402124984 1.84866037524e-05 2.48764185876e-05 1.15258398256e-05 0.000557555069226 0.000821272071837 0.00121617674042 0.00101676664295 0.000783689804068 0.000100433486739 0.000150953085484 0.000534083620768 0.000851501944999 0.000511806156883 0.000128491414545 0.000978408751366 2.53942350204e-05 2.26479344178e-05 1.1422107679e-05 0.000680267806845 0.000780105063985 0.00078410790392 0.000898474575041 0.000393253244134 0.000230505721526 0.000852640735736 0.000574190780722 0.000182807868541 0.000160328933355 0.00064081241611 0.000268742349846 0.000385472137686 1.1279471438e-05 0.000460400007844 0.000177446461694 7.79202022844e-05 0.000644632284015 0.000955334395059 0.00061137178997 0.000651293254261 0.000292412315225 7.52262073692e-05 0.000202518426673 0.000243868711702 0.000315007569569 7.08769847137e-05 0.00138228245201 1.0001077583e-05 0.000389771004466 0.000177433888559 0.000156223660608 0.000603333826848 0.000341985144765 0.000325756827843 0.000807154705065 0.000606378080278 0.000760993869408 0.000447183627448 0.000428968959891 0.00127389122347 0.00018906740007 3.53845145554e-05 0.000526600450615 2.82709132447e-05 0.000496285013468 0.000202079437517 0.000132831346846 2.3699286844e-05 0.000164562464962 0.000239415277879 0.000413246559629 8.83387320352e-05 0.000371815730674 6.27559609319e-05 0.000169671704719 0.000450352741172 0.000849049184041 0.000194412714791 6.69938970031e-05 5.16661400228e-05 0.000497490962426 0.00023574936188 0.000696934621426 8.31440948763e-05 2.18873399777e-05 0.000454157016225 0.000339092070057 0.000389900130684 0.000515994223374 0.000218533340756 8.22000283707e-05 4.2526762189e-05 1.6127689415e-05 0.000132042388561 4.85011556343e-05 0.000944451652193 0.000107239393339 0.000893460459904 0.000328570490051 0.000951940176618 0.000630087308243 0.0004021933639 0.000377168362545 0.00105593997075 0.000462429109232 0.000348609092801 0.000251023610797 0.00052862040971 0.00120811719308 0.000430972370955 2.61723256974e-05 0.000578414238099 0.000760727915087 0.000649288548124 0.000704533651043 1.91962968482e-05 2.84450942053e-05 0.00067294416721 0.000551849363866 0.00126186975014 0.000233586377307 0.00120814139827 0.000287304552326 0.000312486555458 0.00130668996789 0.000160531702266 0.000512106859328 0.000175806132702 2.19560602622e-05 0.000680630429855 0.000236630321406 0.00111362312569 0.00136134305274 0.000396468675933 0.00162757018898 0.00121055431004 0.00109031717085 0.00159375044971 0.000257159243164 0.00126735582482 0.00211237765052 0.000696091616889 0.000789929773288 0.000774281997884 0.000184114157791 4.95217150028e-05 0.000105859396909 4.14695256765e-05 4.2122877044e-05 4.91417793827e-06 3.57612687871e-05 0.00106396155678 0.000432953726649 0.00094805997678 0.000920611132356 0.000151483057119 0.00025306107552 0.000288379599401 0.00131865440959 0.000342788727747 0.000337776532259 3.76357164654e-06 0.00166952383404 0.000117814536929 0.000203697840231 0.000499460104369 0.000958107119638 0.00052947484313 0.00133850530949 0.000651096662228 0.000714450739929 0.000542480118429 0.000183214663498 0.000366501470699 0.000213058568026 0.000238775283996 0.00142036249277 0.000123448716061 0.000402348424322 0.000110792765676 0.00210782726722 0.00109313706812 0.000913217805038 0.000741764748227 0.000719473764467 0.00068410207427 0.000276203661307 0.000967696336321 0.000696814504173 0.000641846137011 1.29259888981e-05 0.000470980700107 0.0005834587857 0.000637308749711 8.45218440209e-06 0.000584398715734 1.82466835361e-05 0.000153948811097 0.000314348227205 0.000430893847146 0.000144413236984 0.000526025551294 0.00143206671711 0.00151405426656 0.00107045926657 0.000550112268697 0.000602708422704 0.00081944620746 0.00110390849267 0.000499897373383 0.000667437188356 0.000306135853395 2.09557980347e-05 0.000679327310189 0.000298315585491 0.00037647030127 0.00169265801826 0.000355555871003 0.000372376845021 0.000227693288747 0.000233794811759 0.000495001098691 0.0010246946031 0.000441404452661 2.89739944653e-05 1.7813641281e-05 0.000276068938341 0.0010690705577 0.000382036839382 0.000691952012828 0.000475287890245 0.00113465281149 0.0016678550975 0.000779972274382 1.27127424942e-05 0.00124100494355 0.000576536400206 1.94900946414e-07 0.00044109850315 0.000185033788171 0.000373186287506 0.000625157505979 0.00017908173484 0.000877958262775 2.76837441182e-05 2.78874761667e-05 0.00110461867342 0.000129401319285 0.000380752395606 0.000245191974819 7.6376949169e-05 3.51602720608e-05 0.000262821722804 0.000337574500524 0.000266170334326 0.000227720917074 5.96578010093e-05 0.000346025156661 1.65094106095e-05 0.000138037303417 0.000196312568215 0.000288850572235 0.000368252200452 0.000121861667778 0.000402012541507 0.00108856072572 0.000507827731652 0.000804068309936 0.000463935631661 0.000908091479803 0.000645627778558 0.000299075384376 2.62096669764e-05 0.000323647320917 0.000147080418812 0.000121632272688 0.000220574459169 3.80202842047e-09 8.2472200205e-05 4.41170428169e-05 7.7879177576e-05 9.41516249011e-06 0.000108005332446 4.09460744997e-05 6.04962966059e-05 0.00142684741568 0.000111891627402 0.0012420666222 0.000584988776026 0.000584032210492 0.000403278115264 2.46440434046e-06 0.000557926440199 0.000529982646468 0.000266721872913 3.04550669702e-05 1.09016224176e-05 0.000443017894994 0.000301767043961 0.000680460390255 0.000527991303696 0.00140744620657 0.000478053887874 0.000346845081991 0.0014187175377 0.000450392630064 0.00021342258905 0.000565587271293 0.000366910501454 0.000318582732478 0.000228023057875 0.000238925011378 0.000622665565709 0.000587448299763 0.00101058254099 0.000598492996355 0.000255540587185 0.000218854711609 5.8019218108e-05 0.000526773370533 0.00049557248737 0.000554762256534 0.000435393021316 0.000905116241256 0.000323358753826 0.000207836248936 0.000166272158123 0.000309489417845 0.000157515422845 0.000107489325345 0.000281022080912 0.000144407140197 0.000238998121587 0.000141545501087 0.000202330446914 0.000405427662164 1.38112773453e-05 0.000252483215481 0.000360927018707 8.72628594075e-05 0.00014276274794 0.00103345685658 0.000538190570881 0.000415474371734 0.000575371696484 0.000470366286548 0.000904584113048 0.000325886147881 0.00104136645697 0.000168014627567 0.000198686635321 0.00018113635503 0.000205503606272 0.000294361108682 0.000760494275662 0.000139211188678 1.74824293481e-05 0.000404732245477 0.000882676982843 0.000225083532468 0.000866783304921 0.00019853753992 0.000285954793596 0.000537717585162 0.000325615580849 0.000268210095941 0.000137741357821 0.000183164598596 1.94877132229e-05 0.000107799310855 0.000382799770412 1.91337212786e-05 0.000344738728388 0.000628334854171 0.000276200227253 0.000168389198976 0.000595095315491 0.000173234411859 0.000976765906288 8.55156327722e-05 3.07562326208e-05 1.99278593227e-05 7.74569295344e-06 0.0013240308974 0.000976463859088 0.000110591868167 0.000915514583896 0.000656248718024 0.00132095051671 0.000383213728984 0.00088633937918 0.00122075837184 0.000222362966072 0.0011963366266 3.24974118571e-05 0.000905012031412 0.000773708603186 0.000471078720665 0.000436272453689 0.000702042504156 0.00024269948583 0.00052390026261 0.0002602766932 0.000172016720038 0.000326087641268 4.44093517707e-06 0.00110555167723 0.00182798401832 0.00109118634243 0.0013453745602 0.000113317864928 4.51083638449e-05 5.89097522544e-05 0.000270335711164 0.000638230878367 1.92958620988e-05 0.000626152917842 0.000201773708602 0.000245115308184 0.00104038895327 0.00108629425874 0.000591123608174 0.000475396605299 1.92361152902e-05 0.000504126467085 3.34201051973e-05 0.000326949511645 0.000245272759594 0.00125348038202 1.29908712273e-05 0.000960947035891 0.000749365472275 0.00135298268765 0.00138655849985 0.000432570413894 0.00100819208683 0.00068828784155 0.000696668631735 0.000556580626824 0.000775943490499 0.000645037386371 0.000934383821292 0.000927929145001 0.000432135379729 0.000706150030028 3.65678622274e-05 6.107545805e-06 0.000441231536655 0.000493604625674 2.93258195099e-05 0.000160922590325 0.000222476189417 4.46727167637e-05 0.000442421028408 0.000270307472499 4.91368298271e-06 0.000289968365384 0.00148909350907 0.000208183193051 0.000343892768186 0.000185167962358 0.000180042222667 0.000357427661738 0.000724968456939 5.0682245836e-05 0.000204986885445 0.00071458063366 0.000681358877809 3.31187083462e-05 3.03853469914e-05 0.000513379484664 0.000422258799283 0.000670482061073 0.000271661832655 0.000984345114007 0.000618030154978 0.000546035317149 0.000759741828538 0.000361132684426 0.000285890086219 0.000271524151788 0.000446274294915 3.54453073079e-05 0.000348307975284 0.00044093708818 8.48623724873e-06 0.000227081804824 0.000962987714529 0.00110935245387 0.00172157194788 0.000156979980514 0.000379544387328 0.00030263550185 0.000251551589041 0.00115194505538 0.000255670099563 0.0005181443424 0.000753170378612 0.000906442453158 0.000401133401644 0.000396921564285 0.000202410439541 0.000522486063953 0.000469908802901 0.000448978670587 0.000953860788988 2.37362085838e-05 3.26578564755e-05 1.27328331431e-05 0.000616628950263 0.000938999611225 3.34030111408e-05 1.78393483737e-05 9.32772394233e-06 0.000500742674304 0.000511724776827 0.000224567496506 0.000636079550711 1.69228894244e-06 3.34126986685e-05 9.17897218705e-05 0.000683435340953 0.000606828804237 0.000305751990075 0.000736794447228 0.000600032467506 0.000575734326874 0.000344742096396 0.000794680221716 0.000426789457725 0.000890506602567 7.06298161605e-05 3.13365121683e-05 1.88324354274e-05 3.82483009861e-05 1.58578306311e-05 0.000392109406273 0.000703280183044 0.000676920285084 0.000571126114094 0.00065605161336 0.000812292540144 0.000719830647853 0.000169270784732 0.000390606500843 0.000512946449838 0.000273464031645 0.000232094338693 0.00015986490431 0.000186185819192 0.00138608411806 0.000331627152526 0.000122053424368 0.000224545031226 0.00027445271228 0.000129427839864 0.000287007100483 0.000479497683296 0.000579433786979 0.000443233947554 0.000158014149773 0.000521156796998 0.000532442491594 8.45176692836e-05 7.48930683387e-05 5.61190701567e-05 3.31786571134e-05 4.56649545758e-06 2.19951271529e-05 3.59642763133e-05 0.00119854947298 0.000906740993177 0.000746088302726 0.000378348575914 0.000656694350342 0.00045297665223 0.000442043267326 0.000470853321946 0.00087264069643 0.000429523270345 0.000602799691321 0.00053775142442 0.000694766545269 4.91242868599e-05 0.00105459049309 0.00112133548531 0.000108383771172 0.00015471445268 0.000825600643 0.000745106542504 0.000210059025921 0.000432335834072 0.00185752391115 0.000486679428348 0.000166166318458 0.000715413493703 0.000444902588966 0.000288358539695 0.000745932694908 0.000442096753663 2.00277852873e-05 0.000193919495158 0.000151507345455 0.000153240781021 0.00105822935039 0.00013153564949 0.000679449336551 1.48555459428e-05 0.000352349373763 5.44405330116e-05 4.66642791564e-05 2.61835668047e-05 0.00133723815116 0.000168268449942 0.000452414449473 0.000657114666462 0.000813864150435 0.000718940988055 0.000335653326249 0.000452454346833 0.000300660170433 5.1408550081e-05 0.000470467591816 0.00133796675177 0.00117339172203 0.000811359927047 2.47984370514e-05 0.000450472086306 0.000104494562168 0.000429380492441 0.000335464604342 0.000146656371073 0.000248931543471 1.33380147332e-05 0.000132110011426 9.47131583634e-05 0.000692385970871 0.000111164820274 0.00056727267782 0.000949719409748 0.00098648169943 0.000390836079182 0.0005164914857 2.42115869773e-05 0.00052520676576 0.000532863296364 0.00135745852826 0.000399739253217 0.000121660688405 6.88935889366e-05 0.000262708661327 0.000233856597722 0.000218418853468 6.38427618855e-05 0.000451305609694 0.000797432979587 1.58047319851e-05 1.60641036748e-05 0.000498275333094 0.00146282883997 0.000362203551143 0.000518689024855 0.000464620543927 9.98420801882e-06 0.000416323553309 0.000565953541995 0.000459496845725 0.000144336780328 8.85211126533e-05 0.000437390335052 0.000293749611736 0.000588035356672 0.00022561995728 0.000308678831542 1.8796299272e-05 0.000197089418113 5.81452060296e-05 0.000547560877453 3.57523103118e-05 8.60085254303e-05 0.00040785921933 0.000569075420629 0.000762605040732 0.000587446396577 0.00120926132437 0.00193453401468 0.000618595254857 0.000211311541693 0.000868989455865 0.000362362999874 0.000655930717211 2.55022752723e-05 8.10668575512e-06 0.000470206434445 0.00115166981879 0.000274019595548 0.000142653544118 0.000696515294632 0.000732042407975 0.000197326905113 0.00107290632783 0.00133896131462 0.00119875583455 0.000297759724117 0.000254248738829 0.000259296612088 0.000101114180725 0.000496142346615 0.000227986905992 0.000256768940437 0.000149695840425 0.00144377827167 0.000152127277375 0.000284431127431 0.00062771214838 0.000275524035749 0.000761297412815 0.00122209250067 0.000622905044453 0.00043728526519 0.00039302488886 0.00137746329203 8.12136797533e-05 0.000764598085715 2.36350894415e-05 0.000856091885428 0.000337755946874 1.2395390839e-05 0.00116853072154 0.00136163006443 0.000366112852929 0.000123055717227 0.000205098039975 0.000148280156191 0.000299852011708 2.49340134966e-05 1.97399000269e-05 1.5393744506e-05 2.69488152658e-05 0.000693655563116 9.14628698254e-06 0.000468490118639 8.19961547225e-05 0.000133916229902 0.000141388402871 0.00106937577391 1.91578847431e-05 0.000328418745399 0.000106885086942 0.000309669938872 0.000710965927684 0.000836076746183 0.00102442840668 0.000794393990627 0.000912019295621 0.000309621290189 0.000190816627066 0.000316594392156 0.000793682250618 0.000584420753588 0.00119203656018 0.000143936009038 0.000333544742942 0.00025577301195 0.000201238298313 0.000606481437843 0.000625126727248 0.000205480918619 0.000743957488224 0.000541978585942 0.000297932481985 1.51826347321e-05 0.000826202482579 0.000356092571698 0.000395366230864 6.15968437898e-05 0.000146501094568 0.000139652873411 0.000446364880407 0.000528024134241 0.000443170413941 1.82637455145e-05 0.000547769271153 0.000261964160275 0.00169867783866 0.00185343733475 0.00102226823393 0.000129176000671 0.000161281606194 0.00069344971677 0.000605845858129 0.000302189372057 0.000378353589061 0.000112303862363 0.000591861074393 0.000532877157088 2.40566010567e-05 0.000228748933418 0.000230540997702 1.76703918204e-05 0.000931158576035 0.000439154840437 0.000882743433273 0.000509649228856 0.000248983710251 0.000631125579888 0.000795160790096 0.000722881528336 0.000341495899385 3.09730870326e-05 0.000682054912555 0.00078432652072 0.000221158028613 4.62302998203e-05 0.0007383667507 0.000825212059121 0.000408940873123 0.000418080641192 0.000302867453953 0.000137969705029 0.000210899361081 0.0001776472076 0.000253932862221 0.00144636416808 0.000555245696576 0.000253598788486 0.000953475209506 0.00120307852755 0.00049315968857 0.000773204331507 0.000371201583962 0.000830477429352 0.000484809529801 0.000504414155817 0.000706508046647 0.000781858669463 0.000378393069172 0.000313621164015 0.000642202031272 0.000589563311242 0.000135608397277 7.01003855151e-05 0.000280991311515 0.000304115950788 0.00040000530145 0.000674787252106 0.000818046862011 0.000240072920558 0.000174362767928 6.85020682214e-05 0.000165821648757 0.000170418808982 0.000111495167519 2.89611922109e-05 8.98979286808e-05 0.00036082746043 0.000960505843349 0.000347929127877 0.00051074064165 0.000186671965288 1.14654249246e-05 0.000395545246819 0.000278406481498 0.000534281505735 0.000472734123624 0.000512859147004 0.00071684732218 9.75941781379e-06 0.000347128088622 0.000380523999793 0.000301623508591 0.000168939755479 0.000445548758493 0.00103698486473 0.000711682703559 0.000886360173186 0.000293123097005 0.000290781591009 2.35523137765e-05 2.45119610774e-06 5.09653063676e-06 0.00022430239121 0.000366077354997 0.000538240682464 0.00122241755085 0.000380371608142 0.000121642235954 5.22941687247e-05 0.00029601552684 0.00032597020934 6.71266612063e-05 0.000793158303734 0.00048525724622 0.000511540012781 0.000663375256795 0.000423481543902 0.000161635175368 3.63069271714e-05 0.000191362552744 0.00135401125657 5.84452809733e-05 0.000148427522091 0.00142135601025 0.000692574261441 0.000401375578472 0.000145401921432 0.000195258289186 4.207648583e-05 0.000272676308404 4.07304639376e-05 0.000399724267491 9.34801288566e-05 1.19781536335e-05 0.000125179463924 0.000252569034267 8.54860441918e-05 0.000246107813824 0.000264820562929 0.0018570002807 0.00133837930929 0.000320630388544 3.23815616481e-05 0.00217534267476 0.000319802127118 0.000512373125587 0.000336621783488 0.000436599394602 0.000129979070538 0.000270896114274 1.95195245519e-05 0.000327949673936 0.000265192276289 0.000297278005726 7.17287014859e-05 0.000402821672409 0.000262878079728 0.000242826320254 0.000598017750774 5.13101571714e-05 0.000597965147004 0.000433164376418 4.90934426255e-05 0.000257895926194 0.000276732174982 0.000871582404789 0.000303109253292 0.000194736914031 0.000742584341115 1.30683820898e-05 2.14486490241e-05 0.000421858032848 9.46260591406e-05 0.000430483511407 0.000429379667319 0.000208275436558 0.000297980666989 0.000141413688416 0.000138104755605 7.90666959272e-05 0.000481505281646 0.000337743941907 1.17528986246e-06 0.000223209502295 0.000277129257473 0.00135939366167 0.000662817266769 0.000232893321124 0.000402016195287 0.000563485702693 0.000670612154563 0.000151553645851 0.000225380721887 0.000441392714906 0.000483887667762 0.000126483748949 0.000280283807726 0.000932273833678 0.000659042057996 0.000378333567393 0.00013925366803 0.0010649992955 0.000202046465306 0.000195869530639 0.000309768350781 1.49460637872e-05 4.61425163695e-06 5.16110213315e-05 0.000204440468951 0.000170638120293 0.000361790979702 0.00026788406329 0.000456722383796 0.000320144817662 0.000295222259085 6.53625571215e-05 1.41756021315e-05 0.000544326290771 1.75393990427e-05 0.00131128872091 0.000170683539466 0.000206236748455 0.000454719672119 0.000452145648057 2.92628053417e-05 1.65849643274e-05 0.0001738359158 0.00033888582897 0.000252739858079 1.34614711221e-05 0.000594678380622 0.00101782397344 0.00107905431313 0.00157050751715 9.28406989732e-05 0.000166239446277 0.000109543905737 4.27119148675e-05 0.000118947789609 0.000648149713198 0.000776187936297 0.000189820912801 0.000460311515621 0.000428122729838 0.000316033577547 0.000108090848367 0.00019173321594 0.000614021260109 0.000502452740674 0.000109554436346 0.000173285889142 0.000456171416366 0.000590384503214 0.000283369749364 0.000547625672775 0.000271675728903 0.000617905729251 0.000111890767926 0.000126378511194 9.30590288213e-05 0.000371970240204 0.000192724050487 0.000123355063845 0.00037166443357 0.000529347134356 0.000916674560443 0.000607981004692 0.000263863819695 0.000474683257393 0.000492810446473 0.000550304935066 0.000765679170524 0.000344720340846 0.000212254113979 0.000128645862659 0.000458020816161 0.000347023815937 4.12723832229e-05 0.00014853859027 0.000305828962494 0.000428311794332 0.00107955289268 0.000433188848968 0.000194124823324 0.000608931949726 7.63515596101e-05 0.000859670099773 0.000362795068957 7.28528165743e-05 0.00032265299847 0.000132792228767 0.000211270313281 0.000236804901962 0.000250822766231 0.000324959686358 0.000254678546464 0.000530930092181 0.000635865332322 0.000210230402476 0.000597870533256 0.000264127389623 0.000560169201713 0.000427957785588 0.000370813761718 0.00103477639611 8.31200821992e-05 0.00101532012786 7.06638137804e-05 0.000599512676247 0.000112414122847 0.000324211364925 0.000323561017697 0.000198399680378 2.61561924439e-05 0.000210236702415 0.00109365444585 0.000503713132429 0.00170569899609 0.00114350983158 0.000372993857758 0.000267313573444 0.0003195341044 0.0002379741403 0.000259742694901 0.000624995808024 0.000427833529179 0.000278586699942 0.000570459805318 0.000203764946744 0.000661745910849 0.000704512848055 0.000546518184952 0.000276548405991 0.000207254025023 0.000641850605629 1.88689543744e-05 2.68253649839e-05 6.39160792108e-05 0.00015978480019 0.000207398521365 0.000339795515855 0.000291278981964 0.00019741511846 0.000345588540357 0.00018704232418 0.000282444855843 0.000561496000216 9.29596775948e-05 0.00070670822542 0.0012812080329 0.000499982595384 0.000229690734709 0.000409574779023 0.000668480104664 0.000558801331231 0.000331221693324 0.000235237584149 6.35509860411e-05 0.000579201567008 2.21553984149e-05 0.000262653062361 8.37266677251e-05 6.92185703888e-05 8.81357231265e-05 4.14081430312e-05 0.000238768303174 9.71305038329e-05 0.000125927256664 9.54179954065e-05 4.70998574018e-05 4.2218097173e-05 0.000444044911247 0.00162722494492 0.0011645793252 0.000403536921647 0.00013423175946 0.000522455303907 0.000262656847129 0.000677469436314 0.000551754158023 0.000156990230218 0.000328304893992 0.00112101410429 0.000935214285168 0.000210012946767 0.000116802662536 0.000369022901179 0.000166120971414 0.000225762570659 0.00049113969552 5.48463012969e-06 0.000633231163474 0.000196419049089 0.000644922935694 0.000570447577862 0.000375355910821 4.13722416934e-05 0.00036949134719 0.000757003381 0.000846764699061 0.000208196497758 0.00038988781773 0.00032948361408 0.000440978277568 0.000533493567287 0.000335816417606 0.000534685046865 7.6084450109e-05 0.000739038514753 0.000210347485117 0.000720218158766 0.000634938524081 0.000207293768649 0.000741981374132 0.00136249809534 2.64785449112e-05 0.000353615847819 0.000936099368076 0.000341525745108 0.00116224878905 0.000485775521735 0.000356476959296 0.0001955269863 0.000275941594862 0.000339388796511 0.000124660903241 3.36582602288e-05 0.000207022363946 0.00023024269291 0.000110299313976 8.48865617672e-05 2.62536958066e-05 0.000553340153937 0.000175765728041 0.00025004433027 0.000190691016306 0.000127371069483 0.000301334746848 0.000725370258289 0.000367565013183 0.000690380987691 0.000153102325738 0.000386859337104 0.000555995308976 0.00101597121843 2.50328433531e-06 3.05113637807e-05 0.000168403439702 0.00131529886284 0.000569478210121 4.33191928979e-05 5.28572299016e-05 8.14230074395e-05 0.00106206268639 0.00116351800906 0.000102205592584 0.000493875856487 0.000260888196235 0.000404115365395 0.000263801093594 0.0001333843808 0.000250045772383 0.000472940273453 0.000224182267852 0.000593819116766 0.00015811774218 0.000219124799749 0.000545677228086 0.000243069253635 0.000268867059108 0.000351141365317 0.000251542918314 0.000299754917287 2.63197714888e-05 0.000622714245142 0.000205995663151 0.000739216818922 0.000341563813155 0.000465721321707 0.000525756640928 0.000280327949484 6.17587274701e-08 0.000526220433015 7.23238950676e-05 0.000146393404617 0.000824331242142 0.000457736377056 0.000409755312276 2.72467901103e-05 0.000585807842354 0.000462453746451 0.000518056506764 0.000401259468673 2.63385544657e-05 0.000254942599213 0.000372261833862 5.90867245599e-05 4.09042494962e-05 7.32900316607e-05 7.95226229734e-06 0.00085444869543 0.000753572429954 0.000351167822558 0.000555756780076 7.46150025373e-05 0.000550613839866 0.000383662026213 0.000175136526307 0.000426097323242 0.000334346032988 0.000652510862442 0.000222377657188 0.000978971259677 0.000538162863189 0.000586390437242 0.000951577532887 0.000879283046765 0.000388733683208 0.00121905009454 0.000583490692264 0.00114249241077 0.000190585882385 0.00133862242348 0.000730332103046 0.00028175832717 0.000474311483237 0.000217249992429 1.31050851794e-05 0.000352298340874 4.20921863709e-05 1.64997307191e-05 0.000208553013243 0.000262662216015 4.916961796e-05 0.000197439304122 0.000417222866118 0.000707124455888 0.00049490771105 0.000465436203919 0.000489711123141 0.00018103146696 0.000217027231094 0.000469330731387 0.000359025275147 0.000112837120074 4.57477563685e-05 0.000403798915895 0.000170958029448 9.2495009806e-05 0.000125245134322 0.000233195128683 0.000180634081527 0.000282995290451 0.000241537084936 0.000271953714504 0.0003746978427 0.000558922606872 0.000289993562116 0.000369542559511 0.000834992268364 0.000429160973348 5.60099823395e-05 0.00116175938648 0.000221960229773 0.000395582242404 0.00026030776595 0.00023783575083 0.000105034826059 0.00120078328801 0.0003361063552 0.000514790104185 0.000105293179126 0.00117725068388 0.000884190622348 0.000514172488908 0.000459022476014 0.000390297112555 0.000180838200775 2.07447002741e-06 0.000394140548881 0.00025736227711 0.000549856815454 0.000578982059112 0.000262782281695 0.000163871785729 7.65822586791e-05 6.77324407241e-05 1.1448843059e-05 0.000305229839042 0.000289108487774 0.000283036170962 0.000109767334758 0.000424625581286 2.2731320785e-05 0.000175129221831 0.000280172026317 0.000357419845161 0.000490710074334 0.00055284493205 0.000910973401604 0.000270694332025 0.000335832869716 0.000433081058764 0.000386458972613 0.000224737323571 0.000671579888742 8.56491018662e-06 0.000213651724377 0.000629413747959 0.000870720864859 0.000422988262449 0.00010139616753 0.000603899818782 0.000845013379076 0.000502160108907 0.000328037430227 0.000777864404561 0.000450446283929 0.000560559233374 5.51704701835e-05 6.81696179812e-05 0.000460237110216 0.000214553334813 0.000395738980716 0.00015448649758 0.000486884690849 0.0003179635344 0.000369310467267 0.000567707748551 3.37842498346e-05 0.00034619144433 0.000536361150242 0.000497966725535 0.000407401999766 0.00013252390373 0.000712188739389 6.199785381e-05 2.54981329712e-05 0.000171135284473 0.000869642896315 0.000250304858296 0.00061721037853 0.000777356382794 0.000892447584199 0.000237278983105 0.000225645071195 0.000536504392534 1.45728778284e-05 0.000166721580288 0.000384140291762 4.21439555981e-05 0.000203486624824 0.000304051118954 7.45167388081e-05 0.000110076706635 0.000323819125192 0.000103871405353 0.000230335093115 0.000344860083573 0.00024119180404 0.000120604156789 0.00036899773574 0.000193485087877 3.1031437515e-05 6.79318897631e-05 2.9613304116e-05 3.33357030317e-05 0.000187226605673 0.000149455245524 0.000183777362368 0.000232292789973 4.05148834804e-05 7.86742117701e-05 0.00019206233758 0.000564211561113 6.38511589583e-05 5.63220398284e-05 0.000217858247696 0.000281353216993 0.000194931402425 0.000367633515133 0.000392945129183 0.000316671129571 0.000188065235521 0.000198645595188 5.44695742592e-05 0.00035996160833 0.000315550346298 0.000417904253853 2.90156319576e-05 0.000146963356424 0.000134180148196 3.54607109191e-05 0.00023880325981 0.000385272685833 0.000222876714125 0.000346740342881 1.43905620181e-05 0.000483472772204 0.000882964940136 0.000349920920179 5.04181555057e-05 0.000360241733258 0.000773032456091 0.00025997793287 0.00076219528336 0.000616523889945 0.000956479674552 0.0011912882763 0.000206929041421 9.07613178274e-06 3.7448404248e-05 0.000316167247304 0.000142475848646 0.000225463487396 0.000272015004438 0.000456130657971 0.000258788733046 0.000404684767368 0.000170132369702 0.00039408289327 4.58169486943e-05 0.000109838480477 0.000843942784387 0.000175427618949 0.00112167015248 0.000214416842877 0.000242049175532 0.000322759198128 0.000131950586828 0.000278862073543 0.000489248428621 8.64305296792e-05 0.000595563200865 0.000357660818029 0.000442477609794 2.44151910978e-05 0.000282990880576 0.000107520108331 0.000348873604327 0.000320205128353 0.00100412852769 0.00046198012759 0.00107707735153 0.000127708073984 3.54452811154e-05 0.000169356121095 0.000115363497023 0.00030789002875 0.000882500166006 0.000642792384129 0.00018859580431 0.00083592000477 0.000243835042657 0.000328729558605 3.72002777551e-05 0.000134884655688 7.93034284351e-05 0.000112367928093 0.000270113986263 8.77969570461e-05 0.000210214535919 0.000459209441139 3.52961194188e-05 8.29232056589e-05 4.01506982805e-05 6.78180433635e-05 0.00027122058966 0.000289326649085 0.000163433152032 6.03626534844e-05 0.000436087215138 0.000515582837096 0.000365848459942 0.000507122119896 0.000347516212609 0.000292633864195 0.000114574930169 0.000364748431841 0.000796459280349 0.000283903774065 0.000299110214332 0.000222788991764 4.97545377747e-05 0.00020335875902 0.000393753216624 0.00020960776206 0.000593690125955 0.000131615585709 7.08877005389e-05 0.000182657143637 0.000245698673428 3.0047870106e-05 6.04724571958e-05 0.00046622958564 0.000249874690455 0.000332800809845 0.000633376986862 0.00012873084233 0.000254612436308 0.000187422585822 2.26840420181e-05 0.000211830662672 5.01847272009e-05 0.000754286149109 0.000908488858019 0.000517427143655 0.000143190459156 0.000263459351746 0.000461481067821 0.000249868236413 7.3806228944e-05 0.000101114153307 0.000334011050864 0.000281818796778 0.000236407224953 0.000737013678227 0.000118099555637 0.000435565509057 0.000310876090464 0.000619802197087 0.000668190304426 0.000938846919108 0.0012090167805 0.00025184654618 8.28188333544e-05 0.000410058001799 0.000161656271726 0.000158652253653 0.000496244104996 0.000488864598301 0.000677596327603 0.000347367874804 0.000275945180874 0.000297045461128 0.000797464764463 0.000620271215204 0.000541389532302 0.000237082885064 0.000746354748598 0.000289652077316 0.000536300651091 0.000191253272844 0.000151426996987 0.000757054887258 8.29145042338e-05 0.000719190820478 5.21463642584e-05 4.88587462333e-05 1.93762833618e-05 0.00025982589674 0.000143977323024 0.000185653837357 0.000116820396656 0.000103948524514 0.000117143975138 0.000453564759909 0.000143296468829 5.60921841922e-05 8.56923084205e-05 2.86174610673e-05 0.00023184779671 0.00046489049029 5.58931323432e-05 0.000431323804446 0.000805130308702 7.92696037027e-05 0.000659301796431 0.000325172654991 0.000867491764411 5.13301701447e-05 0.000959130157036 0.00108963896837 0.000384291873476 0.000200589956483 8.85052498864e-05 0.000161472833372 8.42382033242e-05 0.000364072276704 0.000567643725082 0.000757331071904 0.000259566674179 0.000804984609427 0.000287251837034 0.000204150773354 0.000337734979692 0.000363722677459 0.00117352488726 0.000113207385451 0.000296625601014 0.000316895184258 0.000155045541739 0.000178775286404 0.000196820923149 0.00105094481112 0.000665885472886 0.00022404874796 0.000106216403422 8.63652455318e-05 3.92947850037e-05 4.16890736483e-05 0.000265281406319 0.000518475352866 0.000398967922977 0.000140434625462 0.000112784178687 0.000142589025669 0.00015250212113 0.000107774075994 0.000107568384575 0.000366893698551 0.000586837693187 0.000387513884041 5.85399163542e-05 3.37545568802e-05 0.000599570108555 0.000395197403888 0.000181695087795 0.000925873521486 0.000158759419182 0.000174244898289 4.94707613061e-05 6.21763857391e-05 0.0002761465617 0.000814828401169 0.000320896277242 0.000787004355956 0.000533167017428 0.000104447064507 0.000103186578213 0.000678966747683 0.000298041234069 0.000337973063785 0.000462935523553 0.000452719573482 0.000103442188094 0.000250067539595 0.000194643313018 0.000340146158774 0.000128103366885 0.000397441433756 0.000701616874237 0.000301084672588 0.000420718103687 0.000204787201424 0.000256277109828 0.000361349308187 0.000424385970455 0.000192001829994 0.000595095432325 0.000257643928154 0.000282819436987 4.48207579435e-05 0.000316220215126 0.000727630687977 0.000103019962637 0.000684202797566 0.000218462702331 0.000369350965227 0.000788286601296 0.000425578029343 1.13135477722e-05 9.83940392095e-05 0.00026567319259 1.12610035e-05 0.000735178790572 0.000612003158556 0.000739827732975 0.000828173549776 8.53408756809e-05 0.000497418982978 2.64133628246e-05 0.000314800562772 5.33918612423e-05 7.70408323983e-05 0.000290136785317 0.00016909805008 0.00022754747849 0.000703257311835 0.000283008694015 0.000243652648247 0.000170267962165 0.000153182975954 0.000168349700783 0.000129912757127 0.000202019262574 0.00094136226642 0.000404061396913 0.000397948841319 0.000579158984052 0.000533219288393 0.000683132549905 0.000755947249658 1.20653022924e-05 0.000188053755609 0.000161731513075 7.18759348026e-05 0.000225997220371 0.000199147148964 0.0001227260936 0.000154956037685 0.000303641050455 4.58446958857e-05 0.000509393445278 0.000185954426056 2.45094451876e-05 0.000500944239137 0.000229379248985 0.000223024512222 0.000676692740176 0.000195315239023 3.68288314401e-05 0.000590280643597 0.000227236813173 0.000267796466311 7.45151551689e-06 0.000198090487164 0.000579196085127 0.000665593791942 0.00028102650762 0.000447795797451 0.000637472387071 0.000794443275002 0.00105332496744 0.00117836833965 0.000149799964068 0.000639728823885 0.00043950764929 0.000271662210079 0.000788942791157 0.000933986935517 3.49384873397e-05 0.000533760623079 0.000596828483541 0.000113509169442 0.000187631673283 0.000508142493174 0.000275192001162 0.000178730121244 0.000640194607951 0.00031968628403 0.000191989317705 4.32428887014e-05 0.000366039048408 0.000780335759605 0.000892708362914 0.000258072637715 0.000671877221206 0.000277581141155 0.000206724017682 0.00027804899265 0.000132393686358 0.000314911765627 0.000274740153309 4.36663278985e-05 0.000354589225443 0.000721644669405 0.000665125255347 0.000492434465422 0.000249823229798 0.000569801519923 0.00049548769243 0.000140827867269 0.000473615715676 3.07232304798e-05 0.00011562853981 0.00069761710957 0.000236217098595 8.13213420875e-05 3.42014192503e-05 0.000175398376152 0.000105963891904 0.000307478111549 0.00022965215683 6.63646564647e-05 0.000419452262963 0.000431502912746 0.000401243739175 3.04595621414e-05 3.12174371307e-05 7.03957937445e-06 0.000107459872951 9.29663595392e-05 2.27486440018e-05 0.000389337702695 0.000269668550043 0.000296189932353 0.000212753487865 6.38723295866e-05 3.62034953608e-05 0.000295802594932 0.000302205046944 0.000198632812299 0.000138984141874 6.82395253467e-05 0.000487591014068 1.76523477098e-05 2.63572843749e-05 1.04679682833e-05 0.000345293009958 5.85210206776e-05 0.00021462552962 5.5473672096e-05 0.000132423781576 0.000105551525996 5.15158366384e-05 0.000274048391406 0.000195511062318 3.49238886771e-05 0.000294527129801 0.000320544912777 0.000162253434623 0.000146040674325 9.61969853064e-05 9.29131641972e-05 4.95040499797e-05 0.000300331679999 6.23258489119e-05 0.000196440131221 4.06828257987e-05 0.000115415162178 9.8036299581e-05 2.15739797914e-05 7.52674171828e-05 6.46466819633e-05 0.000774389473995 0.000127422433016 9.61408497903e-05 0.000793264252194 0.000165096962053 3.69597970123e-05 0.000380991626346 8.88554323598e-05 0.000239131132598 0.000275130204488 0.000914633824943 0.000174426048613 3.1142284106e-05 0.000251329923719 3.9710507309e-05 0.000117696015097 0.000218938041205 0.000108295012001 4.65654377096e-05 5.44906260449e-05 0.000304233883672 0.000100430763675 0.000209365167009 8.03799804705e-05 0.000131870757692 3.31496385486e-05 2.31383534127e-05 0.000107055992898 0.000179913525247 0.000524831019153 7.11704797923e-05 0.000350145251231 0.000393704252975 0.000619148096351 0.000235565519434 1.4304864125e-06 0.000319992776597 0.000211279773801 3.0103933286e-05 5.68906492717e-05 0.00024931398319 3.210434443e-06 0.000559698959992 0.000340396755991 5.10835279475e-05 0.000702884879038 0.000895607723562 2.82813419423e-05 0.000202790571961 0.000398977167709 0.00059977590833 0.000248912672419 0.000510180316224 6.46530714654e-06 1.39661340065e-05 0.000178674379519 4.07253318823e-05 0.000224115815683 2.35962760806e-06 4.5244980591e-05 7.82072044585e-05 0.000209459241645 2.30041090085e-05 0.000163523959508 0.000442595065898 0.000368368428123 0.000174235770966 0.000789378797052 0.000607277886703 0.000624016571933 1.9663914443e-05 0.000318569502861 0.000289571576141 0.000264653519679 0.000212148159059 0.000108695497193 5.68517683548e-05 0.000384342717132 0.000289745208036 0.000257998835017 0.000206820052106 0.000114752388461 0.000252752187052 9.73300096553e-05 0.000161208287138 0.000649910124116 0.000944450944228 0.000474443580085 0.000844890524845 0.000628731582398 0.000373048305694 8.45169374491e-05 8.39630151353e-05 0.0004694819139 4.51161288646e-05 0.00029020341004 0.000286395913109 5.23344097494e-05 0.000425495045192 0.000102278821185 0.000207044222971 8.95857916556e-05 8.4473594781e-05 7.44054333472e-05 0.000100614104292 0.000385324573181 0.000435630974398 0.000165784551134 0.00020216381693 0.00048670905293 2.74275175741e-05 0.000253062526232 0.000161548874872 0.000265723636608 0.000259413232557 7.41852091419e-05 0.000388935172117 7.61284126438e-06 0.000179371641284 0.000203872562074 0.00129947423807 2.85702928504e-05 0.000968748240327 0.000604609345149 7.17798668007e-05 2.14394817798e-05 6.41169336986e-05 0.000278214166171 0.000576337096292 0.000168109029445 0.000329606538016 0.000389164280977 0.000143221112366 0.000182863883715 5.38524756706e-05 7.11469320511e-05 0.000158344972906 0.000122668396639 0.000875997930399 0.000441198284564 8.2041785837e-05 2.71542219484e-05 0.000224363957895 0.000207668790879 3.45097373627e-05 3.48736740206e-05 1.93330776281e-05 0.000752905182744 0.000176417957936 0.000865836873901 0.00020108484832 0.000277868661314 0.000573437123764 0.000127593969909 0.00017010968731 1.06425708811e-05 0.000105939610898 0.000238839561014 0.000137793487335 0.000420750622951 0.000345514748714 3.49462329964e-05 4.72087467438e-05 1.99101163288e-05 0.000190418095233 0.000143601158519 0.000335287588331 0.000136725765686 0.000235398942548 0.000245804984249 3.23878874865e-05 7.987388148e-05 0.000210058202791 0.000499994667552 0.000702418758914 2.41829709276e-05 0.000613961602003 2.14577219648e-05 0.000134081642581 0.000174315997214 0.000469980196153 0.000446510693546 0.000616313135678 0.00012375701979 0.000189667130941 1.14500180902e-05 4.59674976764e-05 0.000191405423775 0.000302423534269 0.000172306950053 0.000359175903722 0.0012101438584 4.46735462345e-06 0.000488336761638 9.13095537213e-05 0.000612179449928 0.000436929397294 0.000213320293134 0.000312286188602 4.29350532352e-05 0.000165475076384 9.84291510111e-05 0.000607216004907 5.16883287443e-05 5.94286875403e-06 3.30907044242e-05 2.0447998357e-05 2.48169548582e-05 0.000497890249801 0.000113217049602 0.000133204313209 3.04011252534e-05 0.000268778855499 0.000436058319731 0.00017964928084 0.000240469048582 0.000150907786381 0.000401017635353 0.000370289929001 6.2912619302e-05 0.00018372002186 6.29643368221e-05 0.000234802763591 4.76878968962e-05 1.94681234954e-05 2.69226449211e-05 0.000123053279971 0.000173668816975 0.000242679337967 0.00040812299326 1.11826670948e-06 0.000163165921256 0.000110787917597 0.000285939145993 3.62904124301e-05 0.000404919586879 9.37392720829e-05 8.28141656883e-06 2.79086048419e-05 9.63654378692e-05 7.34448171431e-05 9.36463656423e-05 0.000127620933541 0.000425848789344 0.000423905001361 0.000467237269815 0.000497369737169 0.000244816468898 8.76624786576e-05 5.72017944965e-05 0.000162977316995 0.000600710679665 7.81893965988e-05 0.000254540844222 0.000185275256523 0.000213241413388 0.000188572586229 0.000124086919739 0.00030874847617 1.21910744219e-05 2.29686721908e-06 0.000148293098611 3.5340626568e-05 0.000227040765029 0.000109131326952 5.37803679122e-05 0.000129164370871 0.000109495683475 0.000160122543737 7.28362081978e-05 0.000128265816956 5.21532982219e-05 0.000392805608879 0.000727732306446 0.000540288016428 0.000162428016983 0.000218737418959 0.00028891602217 4.23445004161e-05 9.69345109795e-05 8.12065875056e-06 0.000102892495879 0.000467427801658 0.000375243336785 7.90465388584e-05 6.37673005696e-05 0.000177461273804 6.68318578813e-05 0.000209026575769 0.00042396918551 0.000189909240133 0.000323055264949 0.000394367155953 0.000480770409844 4.74957127991e-05 0.000570523531423 0.00058885103181 6.94054184607e-05 0.000346777520047 0.00037851970309 7.35000812375e-05 0.000369128496754 0.000769052472286 0.000306569242721 7.33045105531e-05 0.0004768559021 9.52107408852e-05 6.59292457761e-05 9.1199706344e-05 0.0002241785416 0.000332107694525 0.000106203143658 0.000169417661424 0.000111340263939 0.000344445811895 0.000186702753404 1.67959578055e-05 0.000237832913207 0.000180312430958 1.39575748442e-06 0.000196088836499 0.000315430526027 1.59417045902e-05 2.20360660327e-05 4.1441351012e-05 0.000158365687233 0.000352646175946 3.87575097544e-05 0.000246046340204 0.00010188791067 8.64410524412e-07 0.000195237760155 0.00103886363519 0.000426032133052 0.000651612254236 6.10805093899e-05 3.88013724762e-05 1.52075367978e-05 1.04554672621e-05 0.00037277182278 0.000180527860268 0.000618616075585 0.000252670828076 0.000240592068475 0.000308359086117 2.00345127941e-05 0.000494182312993 6.53749185244e-05 0.000345179641767 0.000341531008652 0.000149147814709 0.000413110654921 0.000846495531536 0.000293472261256 0.000712943846897 0.000299704010718 6.53849734121e-05 0.000325438281303 4.2294385631e-05 0.000709486633693 0.000465462774162 5.99138209517e-05 0.000285972160912 0.000141962586364 0.000185710364455 0.000170226949134 3.84403976475e-06 0.000250634136808 2.97036208277e-05 1.54541338804e-05 0.000371211811653 0.000179286051152 0.000824778331326 1.89372820063e-05 0.000685091160517 0.00014433745987 6.29739419662e-05 2.69901900194e-05 0.000340539954215 0.000324188151822 0.000152447761707 0.000419906122481 0.000331268310405 0.000417542460251 0.000113251242574 0.00017577298571 0.000144234446625 5.79177185976e-05 0.000132616935372 0.000134536777114 0.000378422115726 0.000400053872737 0.0001699628312 0.00035875579061 7.81265683666e-05 0.000509124188571 4.06673991779e-05 4.95291735679e-05 0.00034856337132 0.000564783291459 0.000597269531616 1.56495061264e-05 0.000383863190932 0.00011856055532 0.000156976076719 0.000244143281415 6.3513160307e-05 0.000656367877794 2.97124759558e-05 4.5791993711e-05 5.2296858568e-05 9.39589543963e-05 0.000230095120148 0.000143771606727 0.000107886050082 0.000362391745017 0.000200838436303 0.000374216342901 0.000153397764958 1.68790846581e-06 0.000208588768591 0.000339379352015 0.000244153347892 9.25464145388e-05 1.10713275563e-05 0.000105398609422 5.95193120614e-05 0.000174099260641 0.000184803151093 6.14409250235e-05 0.00019314556663 4.11584112236e-05 0.000160679989717 0.000129212929614 7.39083168377e-05 0.00010573398728 2.72336830603e-05 8.4936601893e-05 9.58769517924e-05 2.26513331933e-05 7.55742307906e-05 1.66103713565e-05 9.66921932687e-05 0.000139965659886 0.00021379802303 0.000280785639932 0.00029048383723 0.000227464111187 0.000129531930548 0.000109232300007 0.000200707886868 0.000109870994783 7.76466296824e-06 0.000137121546873 0.000169301088528 9.31018759674e-06 4.72680565061e-05 6.42992947258e-05 0.000130623893624 0.00013866181643 0.000366245599215 0.00026675365252 9.01085858405e-05 4.27499650269e-05 6.87294939636e-05 5.95899973414e-05 4.57810416465e-05 2.91188153985e-06 2.5693073852e-05 1.17738808418e-05 0.00012245424911 0.000160342151769 0.000110364640987 4.44463782739e-05 1.04535495259e-05 1.93603768615e-05 0.000211086541675 5.00784542523e-05 3.79042899074e-05 5.88405801389e-05 0.000110618186264 0.000165713759885 0.000440398489009 0.000317666967084 6.42025619546e-05 0.000193691928021 0.000173083585852 2.24166701405e-05 0.000186806059983 0.000175434211444 0.000184568060908 1.94113906241e-05 0.000100913300904 2.76789945606e-05 0.000192881628374 4.42269564139e-05 0.000177851933969 0.000269033031468 4.85299748682e-05 0.000212153197427 0.000148540924777 0.000146436615691 0.000327359496999 0.000390624488385 0.000271204221422 0.000246678346343 0.000137257218207 0.00040511560628 0.000248826606197 0.000187645004435 2.47592815311e-05 7.0582188801e-05 0.000181725636391 7.40963926283e-05 7.9637005658e-05 9.51734138246e-05 0.000478382952822 0.000561959509072 0.000101469603701 0.00025106460863 0.000165139720052 1.88882314197e-05 0.000123088014737 0.00013149440929 2.69513657684e-05 0.000124594233232 0.000206046090905 0.000208785389229 8.44611930951e-05 0.000137517293487 0.000117825748462 8.07688684188e-05 0.00015771184631 4.21126946952e-05 0.000352678100146 0.00038686500242 9.46609066856e-05 0.000182335331379 0.000355245249519 5.37032217359e-05 0.000253736252852 0.000340944869067 0.00022123828416 0.000457973543893 0.000274694544106 8.37963050648e-05 9.11799949193e-05 4.36536216318e-05 0.000126764316616 6.16241382384e-06 2.73574745032e-05 0.000128484282896 0.00031324732105 0.000204503326205 0.000246969365992 5.16010313397e-05 0.000140994512126 9.56495116255e-05 2.8938810689e-05 9.17450641407e-05 1.36647979805e-05 5.68184433062e-05 4.39312021752e-05 8.1454372803e-05 0.000146829116186 0.000215024827865 0.000135387118492 0.000158969385386 0.000165158729461 0.000169296748024 8.52682295676e-05 3.65892576476e-06 8.351781086e-05 2.71497909126e-05 0.000259418111043 0.000128231504353 0.000388411345543 0.00026155860844 0.000111088554178 6.33951150935e-05 6.40500627867e-05 6.9809861963e-05 6.19947770419e-05 4.56205495432e-05 7.69379709115e-05 8.98337887109e-05 2.89785515691e-05 5.4413071356e-05 8.68881485671e-05 0.000186769149696 0.000127882827485 9.77163541013e-05 0.000367851013178 0.000281241750221 0.000185686325555 0.000197425669325 0.000129924367671 0.000193678152023 0.000231600672078 9.63984608617e-06 0.000368759814685 1.17939185384e-05 0.000127931146212 0.000376207596188 0.000314988724807 0.000223791817469 0.000119413580553 0.000192935073881 0.000129841429039 0.00045346958036 0.000143336727469 0.000106374616853 0.000164493217048 3.05445583312e-05 1.21129689119e-05 0.000153787127856 7.65090282152e-05 8.77365143041e-05 4.82398520475e-05 8.42708224618e-05 2.67922205797e-06 1.66392961428e-05 2.43426635155e-05 1.5934913286e-06 0.000416222909554 0.000199736895793 0.000116226003182 0.000301957727163 7.56999381077e-05 2.31107715057e-05 0.000122786805121 0.000121251325722 0.000184405157546 0.000104521826977 0.000372472358604 0.000144763661708 0.00024962021956 0.000300908344479 2.2611986062e-05 3.03690381462e-05 5.18808602274e-05 0.000102136237117 0.00014901518097 0.000106078745135 0.000149260849186 6.02821267292e-05 7.2782857591e-05 1.65145254011e-05 5.05615932877e-06 2.46396006548e-05 2.77393145578e-05 4.77555377389e-05 3.26871463732e-06 4.23238898354e-05 2.03621375565e-05 4.46289143384e-05 0.000317533032965 7.27740852156e-05 7.74254681848e-05 2.52182759632e-05 0.000343873699156 0.000317578529723 5.28818144469e-05 8.34337852346e-06 2.59502408097e-05 8.01533176847e-06 0.000427423366807 0.000309703458843 0.000264399334195 0.000367289349267 8.84486493343e-05 6.18615567032e-05 0.000474037379341 0.000556679243807 0.000492979311139 3.17126671094e-05 3.63166221849e-05 0.000123410526926 0.000281305375546 0.000244287439259 1.30804393364e-05 0.00023308809576 0.000171459736202 0.000369767857692 9.94447472674e-05 0.000172078241613 9.91778871213e-05 0.00010046520093 0.00024285165744 0.000228512208414 2.45724663137e-05 0.000131269656563 0.00011001571764 0.000120468270316 1.5844138747e-05 5.39951921213e-05 5.62051232894e-05 0.0003604021093 0.000125839143709 0.00014350738393 0.00019096944218 7.02690598304e-06 2.52591899891e-05 6.00685541649e-05 0.000203592883879 2.52054539945e-05 0.000420909519909 0.000404654830887 0.000201964093586 0.00011660955498 0.000116075081914 2.13420845928e-05 9.35777752672e-05 1.84681070963e-05 7.38295302272e-05 0.000116287909049 6.56386809164e-05 0.000650733877655 0.000118095834246 2.00360814384e-05 0.000183959021651 4.78818563094e-05 5.52965257006e-05 7.38931832491e-05 0.000173762852028 6.00320996916e-05 4.22733903594e-05 2.71870721262e-05 0.000342846609073 0.000404890171475 0.000115927727189 0.000114657443214 0.000171711075019 0.000414592263449 0.000112192139584 5.63014195045e-05 0.000109468391725 3.24691362742e-05 0.000167103263896 0.000142271964341 8.55999595205e-05 8.78985658192e-05 9.31877334675e-05 0.000433486361224 0.000148353916342 0.00022015583545 0.000322081101088 9.8924820471e-05 0.00015011282802 0.000200782054467 0.000256270737241 0.000262205796259 7.91740919891e-05 0.000163719144499 0.000196965747139 9.45838693692e-05 0.00016238364511 0.000128184894892 8.44741959653e-05 0.000323642722863 7.3111344708e-05 0.000266040792912 0.000161622758944 0.00013385009954 0.000108439921101 0.000475604991554 0.00024346620433 9.31558145306e-05 8.31503658022e-05 6.88008687252e-05 0.000113145818973 9.69217277337e-05 5.42072008865e-05 8.05186950613e-05 0.000113299990949 9.86720183277e-05 0.000135261767728 0.000274135746349 0.00012451048071 5.98010293799e-05 0.000113737062499 0.000182527559294 0.000309040031679 0.000252094182821 0.000170485599866 0.000145951718594 0.000110475871219 6.76718076979e-05 0.000187163078732 0.000268465839435 0.000138502818566 7.28123649244e-05 7.09224068647e-05 0.000421204838201 0.00014309387199 8.84470339948e-05 3.03932729792e-05 4.85798752112e-05 1.32083560326e-05 0.000112798778577 3.97225743736e-05 0.000152860347871 0.000174710328677 0.000235756313577 2.7344040966e-05 4.76069495201e-05 5.23670569737e-05 5.25580749944e-06 5.39857498075e-05 0.00017417277673 6.04927988973e-05 0.000140170951254 0.000178842195234 0.000187929955583 0.000322635913602 0.000320753065331 0.000141519944841 0.000247652002329 0.000419794710168 0.000299347662512 0.000100475573956 0.000193477711274 0.000235349245346 0.000165467558546 0.000178991369367 0.000209714149792 9.06825006545e-05 9.38696972683e-05 9.85946119027e-05 0.000190897327658 0.00018664442904 1.23637377231e-05 0.000157602218689 6.30581510377e-05 0.000209698548471 4.84428911799e-05 2.47733673059e-05 0.00020387019829 8.54840058312e-05 7.24469669897e-05 4.47917704263e-05 0.000100891720835 0.000183369841611 1.66539752265e-05 0.000182340234078 8.36348705837e-05 3.53338839681e-05 7.26729924215e-05 0.000166813705031 0.000145779089098 1.32074810451e-06 5.7126446459e-05 0.000101195513582 0.000154229324964 0.000131968889719 0.000176365764806 0.000161916851964 0.000228637828012 7.01834177387e-05 7.97347945752e-05 0.00011081681596 2.15435175879e-05 3.96811578526e-05 4.95766842779e-05 9.96538188539e-05 2.84902990632e-05 7.44018523848e-06 9.10888623769e-06 0.000338421192313 0.000162993437779 0.000117531868438 7.7062444585e-05 6.50775299823e-05 1.52916471417e-05 0.000133556196831 0.000156462024114 0.000101029477452 5.13776385841e-05 6.72779352138e-05 0.000158064761995 2.38371650847e-05 8.9719987447e-05 0.000191785312386 0.000290443742194 0.000144995767181 0.000228949632046 0.000175153702544 6.67237473607e-05 6.64532866334e-05 0.000266273888142 0.000193686036223 0.000107826410065 3.20576233483e-05 0.000172942103342 0.000162549465385 7.89614555689e-05 5.10859856767e-05 7.07070795702e-05 3.91529542264e-05 4.00327857177e-05 3.29840131502e-05 0.00016658920473 7.89038626958e-05 3.02457870753e-05 9.59649260687e-05 4.21825211005e-05 6.17141183718e-05 4.48522478044e-05 3.75638691366e-05 3.76183844637e-05 2.83364272143e-05 3.78507466336e-05 0.000153837299162 0.000220190482031 4.06371641894e-05 0.000133729150541 6.57604206533e-05 8.69685642671e-05 2.52073552656e-05 3.72504377746e-05 4.66743049444e-05 2.81106582641e-05 7.1835001122e-06 2.68442923231e-05 6.21409598516e-05 8.26127286595e-05 4.26160816292e-05 8.05936051375e-05 4.98735674643e-05 5.42605550045e-05 8.04715652918e-05 0.000108138141306 0.00024234849533 5.86478809871e-05 5.31570539725e-05 2.13802141034e-05 4.81462858272e-05 5.85657804193e-06 5.34850574888e-05 1.712639249e-05 2.75625530724e-05 3.21975443111e-05 9.45933542259e-05 3.31365563772e-05 7.20076234145e-05 3.16370139075e-05 3.0327875688e-05 4.39357483686e-05 2.4857843632e-05 7.80376857439e-05 6.49234180884e-05 6.95666279047e-05 4.82884070246e-05 0.000205075286942 0.000165920217795 0.000106572301751 2.68821960178e-05 1.5679665602e-05 0.000368216984137 8.78127523306e-05 0.000224971631416 0.000109885968262 5.40566935522e-05 7.52382319726e-05 3.80624007694e-05 2.06896742301e-05 0.000210008560789 0.000110907643318 3.80091555322e-06 0.000129464389076 3.02924788667e-05 8.00628378612e-05 5.82630259155e-05 0.000346673364891 4.40435342774e-05 0.000101812692279 5.34562871182e-05 9.60446699826e-05 3.51910439519e-05 3.76184403772e-05 8.67534678921e-05 9.46930901316e-05 9.87982278721e-05 1.33141301968e-05 0.000101362536853 3.08910211203e-05 0.000105668517104 4.83818963827e-05 4.36331155715e-05 0.000106516509162 9.58922356572e-05 0.000202170170804 8.22133743009e-05 6.71385833118e-05 9.79429956579e-05 1.7019706976e-05 9.66288151872e-06 5.95725971078e-05 0.000117940634583 8.93999145204e-05 6.15248705898e-05 2.56809710695e-05 3.19420557583e-05 1.91929595832e-05 5.51437351223e-05 6.08880022633e-05 3.27550748351e-05 1.08592281643e-05 2.1711412045e-05 0.00011528124648 3.11336449618e-05 1.43579360383e-05 0.000268767257038 0.000184981069375 5.84180202161e-05 0.000126365852695 9.69680339481e-05 4.26670494444e-05 6.0673930618e-05 2.2754351235e-05 1.41856294718e-05 3.05871449436e-05 4.72176838615e-05 6.19710973638e-05 2.66587561623e-05 0.000179404748908 3.94295906307e-05 3.48653952496e-05 6.57933432668e-05 5.86872829411e-05 1.68344507947e-05 5.39452909714e-05 3.05214515549e-05 4.75685295285e-05 2.78092835313e-05 1.39853718666e-05 6.91688639484e-05 0.000193283650634 6.76610652212e-05 7.52404889705e-05 6.93600032517e-05 4.68484912726e-05 5.90544021048e-05 3.94380865389e-05 1.2381871161e-05 8.2924523531e-05 4.15595163831e-05 0.00021244513699 1.6178498111e-05 1.73027300475e-05 3.89990252901e-05 5.88900503746e-05 5.08395761864e-05 6.80189854333e-05 6.5939608504e-05 0.000143610278247 8.31640318006e-05 2.24257434283e-05 6.96813234518e-05 1.31298526239e-05 4.14446618084e-05 0.000169513618772 2.4356640003e-05 3.64479509222e-05 2.98335215921e-05 0.000134509532381 9.12781041565e-05 0.000176837054433 2.09750147768e-05 9.93049373785e-05 0.000120651770926 0.000106391720774 1.67344562644e-05 5.26837843106e-05 7.83040122797e-06 7.30805564645e-05 6.08449390336e-06 1.33122607902e-05 4.39746378789e-05 3.94264393919e-05 4.27814879513e-06 5.5925209189e-05 0.00036315065994 0.000274203696482 4.55968106804e-05 0.000186186939535 4.94885453384e-05 0.000183710377532 0.00016155645569 0.000115832168511 0.000221211293648 2.35166683394e-05 8.17619673703e-06 6.35694240357e-06 9.04001618193e-05 5.80795619958e-05 3.25609097781e-05 0.000181006903033 2.46081740191e-05 0.000248103756319 9.35344509296e-05 0.000192113667978 7.54159014764e-05 5.14104681759e-05 8.07212196561e-05 2.25638010719e-05 2.0574927776e-05 1.8792093979e-05 6.61750827682e-05 8.04818998676e-05 0.00010684855212 9.92712090408e-05 2.7504165804e-05 0.000130487250768 4.68830741909e-05 4.1079781592e-05 1.6983319741e-05 3.91912320576e-05 2.4400477374e-05 3.85930189662e-05 4.09092751042e-05 6.98402011166e-05 1.22017372801e-05 4.23343147244e-05 2.53582416053e-05 0.000138659497192 9.07622775566e-05 0.000123279948281 0.000125856671855 3.87590817453e-05 3.94060435638e-05 9.95204511728e-05 6.73921890859e-05 4.45951644829e-05 5.43374451518e-05 1.65455078028e-05 1.40141765472e-05 1.7107734142e-05 6.86711273291e-05 2.81621691566e-05 2.70045420703e-05 4.12396931079e-05 0.000187681470173 3.55785868842e-05 1.72012893544e-05 6.19368455297e-05 8.96674987546e-05 5.02095103838e-05 3.45528581193e-05 4.82110291834e-05 0.00013054553413 1.04039535592e-05 1.87198731188e-05 2.21485544417e-05 1.49469365844e-05 1.41114595415e-05 1.8530169053e-05 5.4375679711e-05 2.04609397491e-05 2.39572293421e-05 7.0990376508e-05 2.87033288219e-05 1.90148229895e-05 8.36111763752e-06 4.379664672e-05 5.28574708955e-06 2.43037841786e-05 0.000144488375648 6.49011591165e-05 1.98755684498e-05 0.000133553405826 3.95730168995e-05 2.69230496045e-05 4.34169658157e-05 2.725086816e-05 5.13968173461e-06 4.54103846057e-05 8.05068820303e-05 5.74187313229e-05 5.9966698129e-05 1.5678891751e-05 9.73477844389e-06 4.69557274944e-05 4.40256102544e-05 1.6312920972e-05 0.000141693491072 0.000116570434784 7.94962579477e-05 0.000164358715825 0.000102451705913 3.30692466244e-05 5.65831335194e-05 6.86890074901e-05 8.21499943608e-06 4.0081295271e-05 9.26510314523e-06 0.000129126987794 4.39876633866e-05 0.000221152398523 9.73450212163e-05 5.96642333647e-05 9.07767704465e-06 2.18384750117e-05 2.55940962789e-05 0.000131655337681 0.000130353355393 3.32812292426e-05 5.55180131046e-05 7.40284112476e-05 7.39518891746e-05 0.000195915431712 6.9030661008e-05 4.03563886806e-05 6.42639115428e-05 6.98711875967e-05 1.8932775683e-05 2.96102262055e-05 1.10618243006e-05 6.86648974583e-06 5.23249930578e-05 8.13842722077e-05 3.62461224657e-05 3.24074971825e-05 1.89396245548e-05 9.04587250678e-05 4.23600640105e-05 6.5283777601e-05 4.85550436727e-05 2.11918957471e-05 5.50846870573e-05 2.17214371273e-06 3.9218480678e-05 1.51313167134e-05 7.11297928684e-05 1.48770676464e-05 3.78529025908e-05 2.79484784571e-05 1.38447489765e-05 9.01713435696e-05 5.88846660774e-05 7.20204437956e-05 9.46948247345e-05 5.20679940238e-06 3.61587044425e-05 3.75164949404e-05 3.08555184358e-05 3.95489705739e-05 4.13073020043e-05 7.13649502819e-05 0.000170262053223 4.6305573439e-05 0.000152969760602 2.66237233169e-05 2.49693076876e-06 6.62755874965e-05 3.63028729717e-05 8.40786803714e-05 6.60957739308e-05 7.46355704079e-05 3.29192263703e-05 6.01200430262e-05 8.04356540026e-06 4.41816777861e-05 6.89577358153e-06 1.22517686239e-05 8.98285685551e-05 6.52013574572e-05 2.01799901834e-05 2.37879603779e-05 1.77362886107e-05 2.74083966493e-05 5.74342818923e-05 3.62711536525e-05 6.34376211814e-05 2.47299674548e-05 2.76751681893e-05 9.27600153057e-06 9.8257317999e-06 4.08631491572e-05 3.13547427366e-05 3.08711292698e-05 1.38355487721e-05 7.96489010021e-05 1.20194859701e-05 0.000136221436626 6.32923243146e-05 4.71211288522e-06 1.26527112391e-05 3.84550364677e-05 2.06546242028e-05 3.27817496628e-05 9.7808242951e-06 1.4576935928e-05 1.26919573865e-05 2.66283741999e-06 5.4839537073e-05 2.10266681305e-05 1.05573662491e-05 2.31045263081e-05 7.36092946069e-05 1.59349637309e-05 1.65488425427e-05 1.41042670734e-05 1.93832619541e-05 2.17721749703e-05 1.76914181829e-05 6.66736046214e-07 1.22244375164e-05 1.34104608472e-05 1.89451281107e-05 2.2755390689e-05 2.26741778004e-05 4.95073727486e-05 1.33956832453e-05 1.23851655089e-05 1.40897516181e-05 1.92284142077e-05 1.81274798913e-05 1.34800027363e-05 2.38408849472e-05 6.37783279731e-06 2.23707265894e-05 2.55152212251e-05 4.39078006321e-05 5.98218479189e-05 2.96749203954e-05 1.83206252758e-05 2.49231157434e-05 2.93874524668e-05 9.99439689536e-06 1.71255904885e-05 1.30625279592e-05 5.02657572135e-05 1.61293810686e-06 3.77687478276e-05 2.06608159011e-05 3.68997404411e-05 2.73154798168e-05 3.91679755198e-05 1.47388334913e-05 1.17223448957e-05 2.91085330155e-05 1.05899092046e-05 2.36567424636e-05 2.5585165904e-05 8.34758464841e-06 2.05762693895e-05 2.32263025583e-05 3.03126820465e-05 2.44755740193e-06 1.22791084826e-05
</DataArray>
      </CellData>
      <Points><DataArray type="Float64" Name="Points" NumberOfComponents="3" format="ascii">
-0.00356914 0.00494911 0.003262 0.000251308 0.00166664 0.00529296 0.00637147 -0.00335379 0.000799864 0.000476681 2.4069e-05 0.00323126 0.00339157 -0.00595815 0.00213693 -0.00544044 0.00231327 0.00297602 -0.00551206 0.00463352 0.000799301 -0.00206396 -0.00011891 0.00306888 -0.00415143 -0.0039858 0.000798978 -0.00578818 -0.00406122 0.000799936 0.00129575 -0.000704765 0.00206619 -0.00501188 -7.02187e-05 0.000799242 0.00516648 0.00246294 0.000799936 0.00657503 0.0029349 0.00192651 0.00127272 0.00316253 0.000799068 0.000375238 -0.00592494 0.00676438 0.00267286 0.000882931 0.0022145 0.00229439 0.00413572 0.00503365 0.000562377 0.00467217 0.000799483 0.00232141 -0.00340319 0.00215515 -0.000545747 0.00718025 0.00529985 -0.00198323 0.001277 0.00384519 -0.00525136 0.00492651 0.00363897 -0.000602329 0.00484035 0.00389122 0.00135605 -0.00337748 0.000799316 0.00244713 -0.00677167 0.00313914 -0.00690152 0.00205185 0.00237891 0.00659458 -0.00176994 0.000799852 -0.00566535 0.00122569 0.00151578 -0.00576028 -0.00180603 0.00231991 -0.00158908 0.00702296 0.000799389 0.00547407 -0.00467794 0.000799389 0.00342877 0.000240908 0.00435217 0.00531793 -0.00334884 0.00439289 0.00535286 -0.00362968 0.00200213 9.40651e-05 0.00719941 0.000799869 -0.00181908 0.00584083 0.00350741 0.00160591 -0.00533119 0.00593353 -0.000544205 -0.00045517 0.00209691 0.00381167 0.00199714 0.00206682 0.00156327 -0.00702896 0.00444712 -0.000796784 0.000703265 0.00102319 0.0028295 0.00435825 0.00222298 0.00280871 -0.00270804 0.000799389 0.00395113 0.00216971 0.00490912 -0.00381666 -0.00166896 0.00365476 -0.000689068 -0.00269718 0.000799144 0.00265341 0.00594279 0.00209201 -0.00281896 -0.00520321 0.00296825 0.000706494 -0.00191652 0.000851582 0.00402035 -0.00534588 0.00079956 0.00210464 -0.000163612 0.00518913 -0.00209269 0.00361416 0.000799936 0.00251194 0.0026724 0.00442529 -0.000489681 0.00240682 0.00208786 -0.00357639 -0.000837396 0.000799506 -0.0043504 0.000209033 0.00488955 -0.00316003 0.00344051 0.00359925 0.00431242 0.00380123 0.0019779 -0.0047076 -0.00133848 0.00507869 0.000543206 -0.00717992 0.0030262 -0.00470497 0.00497767 0.00213651 -0.000283071 -0.00326438 0.00502434 -0.00111914 -0.00407997 0.00147882 -0.000828827 -0.00715279 0.00197878 -0.00706564 -0.00138477 0.00483692 0.00171458 0.00557853 0.00343653 0.00558928 0.00293497 0.00529078 -0.00255471 -0.0038951 0.000799197 -0.00501423 0.00249984 0.000799886 -0.00484029 -0.00304116 0.0018897 -0.00323457 0.00201199 0.00288472 -0.00433743 0.00178017 0.00401874 0.00423199 -0.00355132 0.00319873 0.000947175 0.00305368 0.00236065 -0.0010045 -0.000941416 0.00394035 0.00327821 0.00159867 0.00352071 -0.00189096 -0.00460375 0.00412526 0.00306819 0.00481047 0.00380768 -0.00145303 -0.00547789 0.0021818 0.00220662 0.00685375 0.00426771 0.00500559 0.00517586 0.000799912 -0.00176195 0.00698171 0.00238856 0.00665383 -0.000171547 0.000799479 -0.0033465 7.91297e-05 0.00209049 -0.000112502 -0.00463594 0.00259014 0.0049913 -0.00215043 0.000799652 0.00574883 0.000413466 0.00469488 0.000700437 -0.0024825 0.00403431 0.00135066 -0.00102137 0.00406912 0.00144981 -0.00579899 0.000799326 0.00270524 0.00162895 0.000799649 0.00593226 0.00387062 0.000799536 -0.00317977 -0.00536707 0.000799615 0.00031862 -0.00719309 0.000799846 -0.00236013 -0.00679058 0.000799507 0.00088246 0.00448362 0.00436739 -0.000238035 0.00562778 0.00254749 -0.000317187 0.00333673 0.000798717 0.00206384 0.00689808 0.000799667 -0.00391039 0.00109123 0.000799936 -0.0040441 0.00400011 0.000799156 0.00690489 -0.00204064 0.00531433 0.00108746 -0.00568888 0.00322343 -0.00626368 -0.00355127 0.00368596 -0.00321733 -0.00243683 0.00226794 0.00193317 0.00375823 0.00340406 -0.00361818 -0.00398527 0.00230729 0.00109824 -0.0037934 0.00320886 0.00645619 0.00177517 0.00302153 0.00579789 0.00426983 0.00234267 -0.00385195 -0.00241336 0.000799656 -0.00295371 -0.00214941 0.0049578 -0.00627365 0.003534 0.00369107 -0.00367056 -0.0045755 0.0041685 -0.000477264 -0.00599252 0.00335519 0.0020715 0.00520187 0.000799527 0.0018186 0.000945343 0.0035657 -0.00375181 -0.00614601 0.00207369 0.00159305 0.00702205 0.00261073 0.00421779 -0.00583644 0.00350135 0.00718347 -0.00048882 0.00504361 0.00716151 -0.000746179 0.00346485 -0.00225438 -0.00232468 0.000799397 -0.00438778 0.00315782 0.00211681 -0.00643464 -0.00323063 0.00202038 0.00524426 0.00493367 0.00470468 -0.00233423 -0.00681135 0.00239856 -0.00414342 -0.00588846 0.00495087 0.00282028 -0.00662479 0.000799728 0.00158056 -0.00702484 0.00181825 0.00429937 -0.0035929 0.000798803 -0.000541079 -0.0032845 0.00333993 0.00358023 -0.00437617 0.00199317 -0.0020301 0.00281836 0.00220867 -0.00437012 -0.00288428 0.00484514 -0.00316507 -0.00312878 0.00370935 -0.0053421 -0.00211554 0.00383297 0.00140841 0.00080092 0.00123769 -0.00489826 -0.00527801 0.00137325 -0.00635701 -0.00059184 0.00364159 -0.000165108 -0.00719812 0.00446067 0.00394131 -4.645e-05 0.00191968 0.00389119 -0.00258496 0.00197044 -0.0043148 0.00576421 0.000799589 -0.00305306 0.00403759 0.00205285 0.00569597 0.00106286 0.00137671 0.0042038 0.00106897 0.000799897 -0.00683092 -0.00227526 0.000799868 0.000925967 0.00604615 0.00153319 -0.00145182 0.00588407 0.00506303 -0.00254299 0.00137029 0.00159423 0.00389217 0.00419096 0.00512874 0.00562448 -0.00449522 0.00331976 -0.00718425 0.000480324 0.00166346 0.00252016 -0.0045195 0.000799936 0.00457126 0.00470661 0.00327133 -0.00716318 0.000731185 0.00324325 0.00505839 -0.000286311 0.000799761 0.00597615 -4.00072e-05 0.00265556 -0.00189227 0.00429047 0.00312293 -0.000402799 -0.00498105 0.00573386 -0.000292272 -0.00462282 0.00417925 0.000286397 -0.00601113 0.00187739 -0.00597161 0.00397918 0.00218476 0.000274369 -0.00321478 0.00196595 -0.0020593 -0.00381335 0.00274503 0.00067298 0.00716892 0.00391062 0.0024427 0.00280582 0.00185088 0.0012998 -0.0045925 0.00183816 0.00487969 -0.00529503 0.00214991 -0.00063305 0.00412967 0.00215061 -0.00140599 0.00216518 0.000799222 0.00248313 -0.000433996 0.00310314 -0.00287222 0.000773048 0.00512507 -0.000616849 0.00575286 0.00079975 0.00376014 -0.00139412 0.0030287 0.00263605 -0.00156391 0.0019037 0.00363828 0.00295554 0.000798993 -0.00653981 -0.000702113 0.000799819 -0.00340916 0.000533273 0.00363758 -0.000169455 -0.00179866 0.0028792 -0.00696994 0.00180872 0.000799085 -0.00234688 -0.00115137 0.00188129 -0.00331173 0.00257584 0.000799936 0.00695447 0.00186457 0.000799629 0.00353603 0.00627231 0.000799364 -0.00115184 -0.00116577 0.000799444 0.00430517 0.0057718 0.00210903 0.00505105 -0.00513111 0.00467107 0.00715683 0.000794001 0.00197084 0.000758376 -0.00716021 0.00582323 -0.000911338 -0.00607468 0.000799758 -0.00639841 0.00330237 0.000799654 0.00232062 -0.00681587 0.0058403 0.00716177 0.000751435 0.00402753 -0.000916911 0.0071417 0.00373731 -0.00527586 -0.00168364 0.000799935 0.00346594 -0.00458359 0.00415059 -0.00282758 0.00503933 0.000799912 0.00182061 0.00140899 0.00512097 0.00353294 0.00455153 0.000799505 -0.00543187 -0.00472617 0.00438358 0.000289058 0.00185649 0.000799689 -0.00573743 -0.000209834 0.00221737 -0.0017424 0.00545886 0.00189817 1.01089e-05 0.00720056 0.00239755 -0.00222571 1.98891e-05 0.000799122 0.000385873 -0.000350139 0.000799478 0.0037238 -0.00116813 0.000799686 0.000110484 -0.00484362 0.000798938 0.00100329 -0.00241264 0.00560303 0.00671624 -0.0025947 0.00216542 0.00347673 0.00630574 0.00341436 -0.00100055 0.000986825 0.00261672 -0.00564659 0.000911278 0.00371879 0.00228942 -0.000459837 0.000799476 -0.00145496 -0.0024446 0.00218026 -0.0030181 0.00653693 0.00132987 0.0033784 0.00314093 0.00310416 0.00481315 0.00103819 0.00286369 -0.00459519 -0.00554309 0.00329195 0.00124942 0.00462033 0.00224298 -0.00449492 0.00107157 0.00259374 -0.00427173 -0.00123597 0.00218364 0.00576583 0.00431292 0.00608364 0.00263999 -0.00256007 0.00347668 -0.00532135 0.00485053 0.00714206 -0.00526868 -0.00349645 0.00619502 -0.00544581 0.00471058 0.00873077 0.00535147 0.00347558 0.00738189 -0.002136 -0.00267406 0.00634213 -0.00188307 -0.00529713 0.00888893 0.00447342 0.00258796 0.00638265 0.00108335 0.00310384 0.00519678 0.00658746 0.00290755 0.0065405 -0.00285907 0.00231285 0.00469257 0.00639484 0.0033086 0.00347378 -0.00519865 -0.00223104 0.0090913 0.000107843 -0.00120294 0.00506019 0.00285369 0.003165 0.00923836 0.00237308 -0.00396379 0.00624981 -0.00157685 -0.000105674 0.00545607 0.00114429 -0.00710888 0.00876554 -0.00317497 0.00646286 0.00292981 0.00416453 0.00374754 0.0084195 0.00292661 -0.0012771 0.00438812 0.00574778 -0.000686851 0.00585524 -0.00267794 -0.00428437 0.00681814 0.00575209 -0.000609776 0.00905372 -0.00468663 -0.00131257 0.0066778 0.00505009 -0.00121956 0.00209909 -0.00606779 -0.000328925 0.0086758 -0.000815921 -0.00583656 0.00782777 0.00423497 -0.000758611 0.00856884 -0.00473329 0.00175967 0.00715915 -0.00330885 0.000628045 0.00897037 -0.00531746 0.00261675 0.00837652 0.00180641 0.00411433 0.00655701 -0.00688774 0.00210094 0.00873583 0.00328318 0.0026613 0.00744932 -0.00716132 0.000745368 0.00484308 -0.00614935 0.00374521 0.00549541 -0.000555689 -0.00384117 0.00684514 -0.00341932 -0.000785761 0.00585582 0.00387517 0.00606861 0.00865316 -0.00352621 -0.00231641 0.00906896 -0.00186848 0.00695413 0.00617629 0.000231433 0.00588992 0.00476314 0.000344053 -0.00227782 0.00896669 0.00257974 0.00498452 0.00765532 0.00572532 0.00263579 0.00869676 0.00136016 0.00562185 0.00847136 -0.00518527 0.00499542 0.00523605 -0.00392527 -0.00603621 0.00872304 0.000258405 0.00373754 0.00641093 -0.00301763 0.00384132 0.00689117 0.00466407 0.00330817 0.00404097 0.0034437 -0.00632401 0.00481308 0.00434725 0.000792893 0.00894075 0.00714689 -0.000874682 0.00819283 -0.00268874 -0.000659971 0.00443822 -0.00385445 -0.00409769 0.00575042 -0.000220791 -0.00357557 0.00971207 0.00602233 0.00143448 0.0068028 -0.00443351 -0.00362045 0.00888146 0.00152043 -0.00696345 0.00721744 -0.0043541 0.0032351 0.00554652 0.00215199 -0.00392669 0.00783359 -0.00109789 0.000241623 0.00920445 -0.000424794 -0.00233596 0.00631915 0.00282706 0.00662259 0.00572406 -0.00312359 -0.00440805 0.00841136 -0.00662055 -0.0028306 0.0067319 0.0008002 -0.00123432 0.00784325 -0.00719892 -0.000127165 0.0061836 -0.00215944 0.00421878 0.00469827 0.000738641 0.00144391 0.008653 0.00695579 0.00186186 0.00802906 0.00180625 -0.00238068 0.0083261 -0.00511821 -0.00506443 0.0059153 0.00514883 0.00262961 0.00267587 -0.00554438 0.00240751 0.00485963 -0.00247569 0.00676154 0.0081656 -0.00451237 -0.0056113 0.00729115 0.0038604 -0.00348943 0.00885463 -0.00152383 0.00139228 0.0102309 -0.000355888 0.00580689 0.00624831 -0.00168739 -0.00550644 0.00652826 0.00718568 0.000455932 0.00730153 -0.00012825 0.00580352 0.00783597 0.00466524 -0.00184724 0.00565429 0.00108089 0.00234677 0.00378877 0.00713401 -0.000979155 0.00659684 0.00268523 -0.00251768 0.00965491 0.00254788 -0.00258583 0.00522507 -0.00562365 -0.00449726 0.00256569 -0.00620846 -0.00138364 0.00618849 0.00418404 -0.00117736 0.00702521 -0.00688663 -0.00210251 0.00341825 -0.00578166 0.0010634 0.00604647 0.00114551 0.00710809 0.00543779 0.00537915 -0.00244343 0.00307521 -0.00586907 -0.000239703 0.00512338 -0.00597917 -0.00401181 0.00955964 -0.00236694 -0.000964957 0.0085606 -0.00157936 0.000117513 0.00768437 -0.00167049 -0.00401442 0.00560379 -0.00325374 0.00469592 0.00941802 -0.00187241 -0.00695234 0.00718768 -0.00175906 -0.00117769 0.00676338 -0.00582966 -0.00179513 0.00768717 0.00300357 0.00508188 0.00611618 -0.0038625 0.00607645 0.0043585 0.00394669 -0.00519337 0.00582684 0.00597177 -0.0020775 0.00661336 -0.00171984 -0.00298677 0.00437899 -0.00702285 -0.00157485 0.00902916 0.00167091 0.002295 0.00644497 0.00060851 0.00435806 0.00784225 0.00629833 -0.00348231 0.00565021 0.00476334 -0.000334824 0.0036825 0.00603577 -0.00374881 0.00882336 -0.00716574 0.000703102 0.00771502 0.00403167 0.00596541 0.00487565 0.00678377 -0.00241353 0.00794993 -0.00224076 -0.00181466 0.00342294 0.000206319 0.00719745 0.00680377 0.00682755 -0.00228701 0.00373556 0.00356462 0.00625564 0.0070952 -0.00274181 -0.00517561 0.00535283 -0.00373181 0.00449886 0.00478828 0.00111557 0.00552307 0.00686962 -5.49085e-07 -0.00720088 0.00765252 -0.00182358 0.0032828 0.00595101 0.000591418 -0.00580675 0.00479176 -0.000432245 0.00183074 0.00385119 0.00147478 -0.00541842 0.00781041 0.00210804 -0.00247048 0.00675836 0.00574423 -0.00065754 0.00745469 -0.0047067 0.00346767 0.00400399 0.00467794 0.00547337 0.00625387 0.00634293 0.00340701 0.00997676 -0.000207978 0.00374469 0.0102419 0.00210324 0.0016562 0.00784603 -0.00239627 0.00504917 0.00604702 -0.00075727 -0.00261921 0.00785756 -0.00654326 -0.00300501 0.00845214 -0.000161644 0.00336092 0.00347173 -0.000608635 0.00297278 0.0049576 -0.000759937 -0.0011888 0.00857345 -0.00373139 0.00615769 0.00736316 0.00531958 0.00185266 0.00414407 -0.0016678 0.0028433 0.00376625 0.00282904 -0.00532053 0.00696418 -0.00468847 -0.00351294 0.00341003 0.00451517 -0.000205799 0.0101783 -0.00373249 -0.00259362 0.00628247 -0.00713317 -0.000986167 0.00229963 0.00543518 -0.00472248 0.0061757 -0.00688809 0.00209641 0.00403077 0.00300258 0.00300203 0.00591149 0.00366636 0.00283391 0.0106387 0.0021902 -0.001018 0.00907041 0.00323805 0.00100649 0.00574357 0.00687399 0.00214343 0.00476105 -0.00430481 -0.00107267 0.00843306 -0.00112984 0.00428132 0.00699034 -0.00312496 -0.00648693 0.00387198 0.00239791 -0.00480483 0.00298127 0.00440069 -0.00569877 0.0072753 0.000167065 -0.00471404 0.00840502 -0.00468855 0.00335745 0.00710566 0.0029607 -0.00124715 0.00599643 0.0009199 0.00714132 0.00823428 -0.00473127 -0.000372802 0.00344962 -0.00134667 0.00158805 0.00527938 0.00557142 -0.00152974 0.00437453 0.00212132 -0.00551087 0.00443031 -0.00190848 0.00250999 0.00734935 -0.00141205 -0.00600542 0.00503394 0.00204371 -0.00391491 0.00449291 0.000707489 0.00144065 0.00252501 0.0032077 -0.00644644 0.00803517 0.00212991 0.00036222 0.00669937 0.000655643 0.000192774 0.0057649 0.00247151 0.00676305 0.00832758 0.00617408 -0.00370568 0.00723044 0.00141636 -0.00107461 0.00637568 0.00371372 -0.00366067 0.00543224 -0.00714546 -0.000891535 0.00758823 -0.000359335 0.000391319 0.00454485 -0.00316349 0.00011016 0.00746445 0.00483025 0.00115229 0.00577519 -0.00145509 -0.00169115 0.00527931 -0.000667308 0.000756092 0.00646549 0.00167517 0.00557081 0.00537157 0.00396643 -0.00249288 0.00436837 -0.00323609 0.00169741 0.00771809 -0.00287031 -0.00298367 0.00772914 0.00420814 -0.000314366 0.00563391 0.00584137 -0.00219803 0.00922432 0.0029187 0.00146072 0.00920822 -0.00685135 0.0022173 0.00576108 -0.00309592 0.00236879 0.00627319 0.00134939 -0.00221264 0.0025976 -0.00619723 -0.0027121 0.00504653 -0.000769484 0.00448834 0.00544272 -0.000594965 0.00238502 0.00644501 -0.00161676 -0.00701704 0.00381279 0.000771048 0.00112446 0.00706004 -0.00421978 -0.00403869 0.00730653 0.00486562 -0.00322056 0.00644977 -0.00398434 0.00207374 0.00908081 -0.00398446 0.00449107 0.00798688 0.000678367 -0.00235501 0.0133074 0.00248364 -0.00143264 0.0119154 -5.13346e-05 -0.00154666 0.0103336 -0.0030624 0.00651719 0.00963348 2.24299e-05 0.00496382 0.00920117 -0.00301401 -0.00653955 0.00614236 -0.00163869 -0.00396386 0.00801588 -0.00569043 0.000224501 0.011061 0.0071815 0.000522283 0.00897139 -0.00122193 0.00709592 0.0125209 0.0005668 0.00325064 0.0138397 0.00277548 0.000290918 0.0108089 -0.00589508 -0.00413392 0.00752198 0.00684917 -0.00222052 0.0105755 0.00493387 -0.00236107 0.00779752 0.00316244 0.000459833 0.00791894 -0.00608601 0.00384771 0.0108349 0.00660809 -0.000560992 0.0112674 0.00714915 -0.000858266 0.00979214 -0.00161203 0.00578602 0.00723785 0.00276219 0.00213975 0.012672 0.000561526 0.00641292 0.00961269 0.00211655 -0.00479287 0.0100937 0.00109639 -0.00271998 0.0103077 0.00400374 -0.0045655 0.0100291 -0.0019685 0.0027873 0.00958642 -0.00397687 0.00499844 0.00628812 -0.00522816 0.00495092 0.0116259 -0.00654039 -0.00301055 0.0143015 -0.00681745 0.00231657 0.0103191 0.0033489 0.00483629 0.0118954 0.00303622 -0.00485896 0.00878625 -0.0033244 0.00638661 0.00583289 -0.00625315 0.00356931 0.00736431 0.00447765 -0.00367998 0.0112734 -0.0024584 -0.00402657 0.0129878 -0.00555911 0.000142366 0.0136581 -0.00293161 -0.00571586 0.00751094 -0.000351704 -0.00611933 0.0125888 0.00472871 -0.0041948 0.00771111 0.00461204 2.1462e-05 0.012932 0.00578235 0.000764725 0.00823533 0.00392921 -0.00603454 0.00940199 -0.0019794 0.00146897 0.0086808 -0.000921146 -0.000216962 0.010726 -0.00667971 -0.00268906 0.0101244 0.00165533 0.000620621 0.00971562 0.0039406 0.00440105 0.0104745 0.00499576 -0.00518545 0.0111204 -0.00668567 0.00267343 0.0118726 -0.000488897 -0.00328941 0.014359 0.00497333 -0.00520662 0.0143075 0.00420094 0.00201771 0.0145085 0.000265902 0.000484153 0.0126337 0.00678302 0.00241538 0.0111518 0.00182958 0.000839532 0.0126762 -0.00454299 0.00038899 0.00995881 -0.00155977 0.00573944 0.0117427 0.00160804 0.00444606 0.00952715 -0.00631533 0.00197503 0.00724797 0.00428636 -0.00213697 0.00959584 0.00374681 0.00331045 0.0121636 0.00521193 -0.00410608 0.0131712 0.000612882 -0.00378927 0.0126022 -0.0030389 -0.00491609 0.011792 -0.00385134 0.0012459 0.0138544 -0.00141109 0.00426343 0.00932454 0.000514829 -0.000478026 0.0113805 -0.000523026 0.00567292 0.0105266 0.0049513 0.00522733 0.00781093 0.00713847 0.000940043 0.0138403 0.00420258 -0.00294493 0.0126668 0.00322808 -0.00114929 0.0102799 -0.00481722 -0.00324698 0.0103881 -0.00235533 0.00465918 0.00809541 -0.0064591 -0.000228152 0.0123888 -0.00465977 0.000440849 0.00805997 0.000839851 -0.00570034 0.00947015 0.00295635 -0.00361832 0.0107829 -0.00222984 -0.0052292 0.0104486 0.000448034 0.00236897 0.0108366 0.000671534 -0.000568538 0.00929467 -0.00563718 0.00117127 0.00909405 -0.00403923 -0.00112799 0.0100093 -0.00338202 0.00366763 0.0121103 -0.000714964 0.00334025 0.00821516 0.00707624 0.00133165 0.0122907 -0.00534485 -0.00482418 0.012084 -0.00461781 0.00330359 0.011162 -0.00441376 0.000298179 0.00648509 -0.00526352 0.0024584 0.00996734 0.00119901 -0.00565692 0.0110791 -0.000149403 -0.00641675 0.0106728 0.00178783 0.00697462 0.00689686 0.00439128 0.00570623 0.0127412 -0.00390742 -0.00358016 0.0116606 -0.00704006 -0.00151155 0.0116315 -0.00143225 0.0042602 0.0111331 -0.00223837 0.000865219 0.011561 -0.00154302 0.00703302 0.00980799 0.00714915 0.000859205 0.0107641 0.0026016 -0.00567383 0.0126785 0.00343786 -0.00632671 0.0108958 -0.00019418 0.0029746 0.0123427 -0.00292613 0.00259461 0.0132056 -0.00480634 -0.00536108 0.0137476 0.00706928 -0.0013666 0.0138053 -0.000606083 -0.0051231 0.00983582 -0.00420132 8.09647e-05 0.0128149 0.00512792 -0.00505434 0.00899996 -0.000832944 -0.00715176 0.00598785 -0.00580168 0.00380272 0.0125804 0.00275865 0.00635779 0.0134436 -0.00181943 -0.00388764 0.00964142 0.00234314 -0.00623568 0.00936456 0.00337653 -0.00207705 0.00828116 -0.00110219 0.00269688 0.011055 0.00344835 -0.00324482 0.00719062 -0.00295318 -0.000945379 0.0121187 -0.000208278 -0.000792974 0.00668204 0.00248295 0.00184357 0.0110606 -0.00515949 -0.00502289 0.00863034 0.000549671 0.00263576 0.00753366 -0.00238995 5.01137e-05 0.0101455 -0.00381301 -0.00476625 0.00980985 -0.00223564 0.00105272 0.00656519 -0.00334647 -0.000966969 0.0136691 0.00550602 0.00447991 0.0108178 0.000110034 0.00090094 0.0100201 -0.00176811 0.00336295 0.0124137 -0.00719495 0.000270285 0.0137203 0.00456021 0.000373034 0.00714588 -0.00319366 -0.00645298 0.0100834 -0.00287367 -0.00249469 0.013629 0.00162457 0.00221935 0.00976327 0.00713959 0.00093382 0.00577362 -0.00563442 -0.00101683 0.0100531 -0.00630267 0.00348181 0.00929262 -0.00249777 -0.00154541 0.0101071 0.00558444 0.000641383 0.0110127 0.00205836 0.00382801 0.01388 0.00582556 0.00423228 0.00870834 -0.00325367 0.00338191 0.0103303 -0.00582249 -0.000132494 0.00710763 0.00189695 0.00337743 0.00797406 -0.00157891 -0.00146237 0.0114841 -0.00612041 -0.00379337 0.0111376 0.00546602 -0.00252081 0.0117609 0.0021675 -0.00686626 0.0117041 0.00313166 0.00473707 0.009136 0.00103942 -0.00533073 0.012637 0.00263256 0.00670156 0.00991796 -0.00354646 -0.00209787 0.0111812 -0.00127728 -0.00257307 0.0103736 -0.00169147 -0.00699851 0.0100084 -0.000905583 0.000488114 0.0137344 0.00566254 -0.00108323 0.0124468 0.00220983 0.00349547 0.0106649 -0.00402304 0.00597171 0.0118927 0.000676008 0.00325779 0.00900133 -0.00464343 -0.000985432 0.0117079 0.00355087 0.00326765 0.0137505 0.00573092 -0.00333986 0.0103394 0.0032299 0.00643511 0.0119167 0.00122933 0.00225326 0.0122279 0.00180362 -0.00429517 0.0116614 -0.00068147 0.00716782 0.00846237 -1.7964e-05 0.000127502 0.00803028 -0.00319881 -0.00334894 0.0102457 0.00544536 -0.00144397 0.0105784 0.00125965 -0.00381927 0.00915692 0.00544303 0.00202039 0.0102147 -0.0029445 -0.00657061 0.0134502 0.00394119 0.00602642 0.0105432 0.00515109 0.00287082 0.0115372 -0.0020712 0.00541023 0.010224 -0.00299203 0.0031532 0.00833533 0.00692839 0.0019603 0.00962502 0.00397079 0.00127933 0.0104173 -0.00717297 -0.000624446 0.0103071 0.00394077 0.00401933 0.00685884 -0.00450626 -0.00561564 0.0109749 0.00165563 -0.00124247 0.0105605 0.00363652 -0.00437543 0.0131037 -0.000627747 0.00159355 0.00783455 0.0016464 -0.00700958 0.0132094 -0.00283426 -0.00661869 0.0116336 -0.00146907 0.0018032 0.0126038 0.00687311 -0.00214608 0.0124225 -0.00439848 -0.00250767 0.00773371 0.0042384 0.00236452 0.00922033 0.00102467 -0.00207657 0.0117708 -0.0042644 0.00580231 0.00885796 -0.000397435 -0.00669617 0.0091175 -0.00367551 0.000217442 0.0112914 -0.00322948 -0.00148091 0.00731577 0.0031285 -3.03327e-05 0.0123357 0.000665411 -0.00334221 0.00774971 -0.00467054 0.00491752 0.0101271 0.00552071 0.00462191 0.0124108 0.00451482 -0.00560869 0.0125865 0.00595832 -0.00404294 0.0117581 -0.00717213 0.000636548 0.00931356 -0.00262825 0.00242219 0.0114471 -0.00528942 -0.00318001 0.012358 0.00348287 -0.00489019 0.0115973 -0.00275263 0.0066537 0.0111966 -0.00139499 0.00578193 0.00882247 -0.00435361 0.00163649 0.00561087 -0.00194034 -0.002464 0.00892219 -0.00441184 0.00360577 0.00924874 -0.00324632 0.00143678 0.0103491 0.00253717 -0.000954744 0.00751062 -8.25699e-06 0.00565456 0.0133091 0.00157354 0.000162224 0.00818512 0.00468678 0.00183727 0.00777828 0.00368672 -0.00229006 0.0113022 0.00136926 0.00706868 0.0108282 0.00485081 0.00261283 0.0130873 -0.001223 -0.000129822 0.0122942 0.00133738 -0.00707515 0.0103529 -0.00558874 -0.00146697 0.0129047 0.00256449 0.00521306 0.0105539 -0.00028111 -0.00141691 0.0124183 0.00100542 0.00535997 0.0108777 -0.00465747 0.00150485 0.0110995 0.00640525 0.00328906 0.0124377 -0.0071484 0.000862223 0.0108972 0.000796112 -0.00395237 0.00598362 -0.00249748 -0.00675375 0.00864825 -0.00585705 -0.00418849 0.0134616 -0.000490654 0.00221334 0.0093277 -0.00709309 0.00123885 0.0124511 0.00355798 -0.00625962 0.0156373 0.00160673 0.00167004 0.0173326 -0.00332486 -0.000366415 0.0155332 -0.00713747 0.000946954 0.015169 0.00336149 0.00310339 0.0153303 0.00240101 0.000968772 0.0146993 0.0043547 -0.00311659 0.0161162 0.00430815 -0.000852218 0.0116269 0.00073271 0.00278461 0.0165896 0.00217699 0.00358227 0.0123039 0.000322985 -0.00431984 0.0110197 -0.00563194 -0.0021341 0.0111976 -0.00014291 -0.00132438 0.0162271 0.00220562 -0.000288765 0.0159752 -0.00520776 -0.00403207 0.0149145 -0.00295853 0.00656455 0.0164157 0.00129765 -0.00708265 0.0165604 0.00164534 -0.00308863 0.0143495 0.000981775 0.000596886 0.0140595 0.000779042 0.00467109 0.0152437 -0.000865696 0.00273567 0.0166243 0.00257191 -0.00300295 0.0122088 0.00231529 -0.00170766 0.0150106 0.000660333 -0.00402261 0.0151957 0.000845278 0.00379444 0.0114443 3.17289e-07 0.00178913 0.0135201 0.000979224 0.00446877 0.0128885 0.00405599 0.00594973 0.0142863 0.00309738 -0.00199651 0.0163756 0.0058077 0.00111115 0.0175413 -0.00384491 -0.00478759 0.0153699 0.00712041 0.00107117 0.0166285 0.00060582 -0.00717475 0.0118619 0.00338949 -0.00542996 0.01428 0.00719739 -0.000206607 0.0127115 -0.00404828 -0.00595486 0.0124698 0.00103181 -0.00712582 0.0149838 -0.000495564 0.00441957 0.0143107 -0.000109247 0.00572922 0.0163512 -0.00327572 -0.00523847 0.0177919 -0.00415912 0.000720436 0.0163616 0.00542799 -0.00229759 0.0152576 -0.00707712 -0.00132471 0.0136786 0.00697849 0.00177182 0.0151973 0.000227226 0.00426817 0.0169107 0.00083115 0.00715252 0.0158624 -0.00492533 0.000820092 0.0149611 0.00395824 -0.00452574 0.0154705 -0.00205406 -0.00359916 0.0144751 0.00470788 -0.000955507 0.0157455 -0.00324223 -0.00506878 0.0139146 -0.00216609 -0.00021183 0.014441 0.00139882 0.00361584 0.0177832 -0.00273939 -0.00297471 0.0157786 -0.0061541 0.00373753 0.014162 -0.00104348 -0.00712421 0.0187248 0.00325293 0.00481798 0.0134914 0.000125745 -0.00719929 0.013668 0.0047119 0.0038959 0.0195919 0.000487547 0.00639593 0.0119812 -0.0037311 0.00443268 0.0148578 0.000314629 -0.00311935 0.0164701 -0.00490533 0.00288901 0.0171981 -0.000658812 -0.00427208 0.0186753 0.000719219 0.000142352 0.0155707 0.00597796 -0.000157237 0.0137457 0.00214407 -0.00455638 0.014783 -0.0054363 -0.00227387 0.0153454 -0.00323057 0.00503798 0.0129218 -0.000938641 -0.00522866 0.0113967 -0.000908275 -0.0042776 0.0126825 0.00587331 -0.00416525 0.0151486 0.00235909 -0.00121924 0.0175628 -0.00101241 0.0030009 0.0137766 -0.00487763 -0.00288291 0.0176462 0.00448861 -0.0017817 0.0171347 -0.00592675 -0.00143627 0.0166172 -0.00617381 0.00370626 0.0177272 0.00110268 -0.0026767 0.018269 -0.000218508 -0.00700308 0.0159738 -0.000297962 -0.00295589 0.011579 -0.00216185 -0.0068681 0.0155462 0.00597084 -0.00156769 0.0165735 -0.00353171 0.00022611 0.0177475 -0.00213406 0.00382918 0.0189391 0.00425701 0.000838631 0.0172603 -0.000528955 -0.00162923 0.0140651 -0.000444033 0.00410177 0.0183534 0.00215895 -0.00686891 0.0178913 0.00560648 0.00451778 0.0184204 0.00386397 -0.00210722 0.0149759 -0.00327951 -0.00295722 0.0176589 -0.00104082 -0.00271022 0.0129743 -0.00190084 -0.0057202 0.0125763 0.00482103 0.00350258 0.015876 0.00541781 0.0019853 0.0155468 -0.00135142 0.0047872 0.0130106 0.00188722 0.00694852 0.0176347 0.00561501 0.00141598 0.0140646 -0.000932307 0.00411541 0.0158192 -0.00675363 0.00249579 0.0150521 -0.00197264 -0.00177669 0.0147383 -0.00463484 0.00385188 0.013673 -0.00252893 0.00666898 0.0148784 0.000148669 -0.00110688 0.0191812 -0.00359079 0.0014632 0.0122909 -0.00277421 -0.00096126 0.0185079 0.00104037 -0.000967443 0.0143893 0.00145801 0.00557179 0.0139439 -0.00718262 -0.000503407 0.016282 0.00460785 -0.00343862 0.0144933 -0.00466561 -0.000195367 0.0188804 0.00282027 0.00434887 0.0177461 0.00255419 0.00493265 0.0149257 0.00673673 0.0025414 0.0171287 -0.00171098 -0.00102684 0.0161266 0.00169119 -0.00442559 0.0163506 -0.00142715 -0.00705779 0.0133135 -0.00145985 -0.00505904 0.0139647 0.00368679 -0.00146098 0.0129697 -0.00333686 0.00482779 0.01101 -0.00466055 0.00441728 0.0176692 -0.00355581 -0.00185124 0.0149856 -0.00176983 0.00206199 0.0154839 -0.00489661 -0.000570159 0.0157521 -0.00019409 0.00492157 0.0118998 -0.00549659 0.00114397 0.0124126 -0.00273648 0.00665973 0.0127959 -0.00502519 -0.0027088 0.0138628 0.00182093 -0.00586481 0.0156647 -0.000505687 0.00124361 0.011456 -0.00531563 -0.00485684 0.0162803 -0.00437989 -0.00190097 0.0164859 0.000274974 -0.0055663 0.0153613 0.00546253 0.00320575 0.0144409 -0.00523636 0.00494243 0.0146767 -0.00696786 -0.00181677 0.0153941 -0.00130328 -0.00708162 0.0171466 0.00318226 -0.00403779 0.0167813 0.00188539 0.00694878 0.0146469 -0.00494229 0.00335449 0.0151619 0.0039563 0.00130088 0.0120168 0.00114433 0.000985715 0.0112379 -0.00482717 0.0053422 0.0131242 -0.00110929 0.00711416 0.0166455 -0.00372698 0.00616053 0.0139483 -0.00377817 -0.00338749 0.0145998 0.00244034 0.00198357 0.0160045 0.00650749 -0.00308163 0.0161402 -0.00239074 -0.0026866 0.0121166 0.00199345 -0.00298534 0.0169767 0.00167416 0.00579601 0.0159449 0.00193411 0.00553165 0.0121691 0.00220121 -0.00187935 0.0134247 0.00185139 -0.00549028 0.0186423 0.000496551 -0.00228364 0.0151182 0.00356794 -0.000522454 0.0167804 0.00339839 0.00452488 0.0162608 0.00130527 -0.00576445 0.0141537 0.000202315 0.00610633 0.0148286 0.00540942 -0.00227947 0.0134778 0.00317643 -0.00305965 0.0138882 -0.00210432 0.00349211 0.0148506 -0.00184462 -0.00134545 0.0132004 -0.00142509 0.00619096 0.0138236 -0.0018046 -0.00278781 0.0170627 -0.00628363 -0.000437572 0.0149606 -0.00411291 -0.00214293 0.0126766 -0.00715715 0.000787996 0.017226 -0.0067186 -0.00259043 0.0127681 -0.00279377 -0.00350945 0.0191833 -0.00157395 0.000562129 0.0160041 0.00451575 0.00560832 0.0188442 0.00116046 -0.000837496 0.0127993 0.00548847 0.00127948 0.012476 0.00412891 -0.00589887 0.0170871 0.00468989 -0.00101729 0.0141459 -0.00264038 0.000360673 0.0130247 -0.00211775 0.00148857 0.0140316 -0.000461189 0.00123808 0.0150753 -0.00677287 0.00244377 0.0134533 -0.000385568 -1.15655e-05 0.0174665 -0.00264859 0.00238258 0.0193883 -0.00259068 -0.00671777 0.0186947 0.00129213 0.00266874 0.0190678 0.000760327 -0.00561147 0.0168848 -0.0059331 -0.00407964 0.0175348 0.00161163 0.00204059 0.0137792 -0.00098403 -0.00258117 0.0157052 -0.00234614 0.00495558 0.0142521 0.00251628 -0.00674677 0.0145257 -0.00623057 0.00360881 0.0160755 0.00470128 0.000397336 0.0148922 -0.000700518 -0.000386572 0.0150577 0.00510696 0.00507617 0.0158517 0.00135863 0.00707072 0.0131411 0.0001706 0.00128732 0.0165444 0.00281479 -0.00325803 0.0154337 0.00106956 0.0016687 0.0152436 -0.000912513 -0.00638612 0.014671 -0.00309459 0.00119298 0.015263 0.000135636 -0.00472424 0.0138097 0.00205651 -0.00416077 0.0132353 -0.00684309 0.00223837 0.0166286 -0.00130763 0.0055793 0.0152969 0.00697884 -0.00177337 0.0153494 -0.00385758 0.0022784 0.0161558 -0.00630406 -0.003479 0.01594 -0.00352866 0.00278518 0.0146749 0.00674885 0.00251035 0.0137921 -0.00522678 -0.0021619 0.0190308 -0.00411709 -0.0059071 0.0164795 -0.003513 -0.0062854 0.0149178 0.00718134 -0.000522188 0.0164996 -0.00130436 -0.00708092 0.0115586 -0.00534005 0.00125249 0.0189645 -0.00532556 0.00187358 0.0138261 0.000311291 0.00693974 0.0173601 -0.00422871 0.00582795 0.0170507 0.00235443 -0.000288766 0.0137115 0.00656274 -0.00296385 0.0143484 0.00521015 -0.00496966 0.0163619 0.00492362 0.005254 0.00954494 0.00541708 0.00474348 0.0140023 -0.00100667 0.00713015 0.0150492 0.00407174 0.00443917 0.0148122 0.00363259 0.00326343 0.018595 -0.00223085 0.00107892 0.0185605 -0.00056482 0.0071784 0.0110652 0.00338351 -0.000509194 0.0149162 -0.0046138 0.00264768 0.0126207 -0.00418234 -0.00400207 0.0131791 -0.000147436 0.0071989 0.0137017 0.00348025 0.000987843 0.0135187 -0.00283408 -0.00661928 0.0171164 -0.00172311 -0.00384387 0.0112374 -0.00481437 -0.00116964 0.0142718 -0.00379407 0.00248942 0.0182768 -0.000228423 0.00282121 0.0151596 0.00592129 0.00409603 0.0169099 0.00529177 0.00488268 0.0207095 0.00483894 0.000921315 0.0188004 -0.00161684 0.00410669 0.0172651 0.00592928 0.000280596 0.0159106 0.000908497 -0.00696198 0.0191172 -0.00173007 -0.00568701 0.0178033 -0.00318269 0.00357789 0.020333 -0.0030702 0.00497471 0.0195473 0.00441754 -0.000358184 0.0198559 0.00282628 0.00579087 0.0170543 -0.00126587 -0.00397268 0.0217865 -0.00308475 -0.00108252 0.0169433 -0.00592402 0.00409269 0.0215547 0.00183296 -0.00696279 0.0221658 0.00322373 -0.00471675 0.0222846 -0.00391509 -0.00604292 0.0206048 -0.00668401 0.000722467 0.0196514 0.00599411 -0.00398921 0.0173532 -0.00266716 7.59661e-05 0.0197277 0.00408521 0.00219493 0.0164302 0.00136159 0.0014231 0.0234375 -0.00077671 -0.00292143 0.0195243 0.00196625 -0.00261033 0.0208105 -0.00487362 -0.00530022 0.0177518 0.000183474 0.00209635 0.0179253 -0.00207452 -0.00421216 0.0204273 0.00149511 0.00168622 0.0203138 -0.00280625 -0.00439043 0.0165197 0.00318996 0.00405148 0.0234202 -0.000297843 -0.0071941 0.0201415 0.00509059 -0.00509212 0.0180787 -0.0021942 0.00685381 0.0177918 0.00048484 0.00564557 0.0220379 -0.00173164 0.00557623 0.0207481 -0.00329409 -0.00265469 0.0232012 -0.00103405 0.0026783 0.0187841 -0.00432329 -0.00345622 0.0161165 -0.0041861 0.00243945 0.0198267 0.00338323 -0.00277546 0.0177435 -0.00273806 0.00129043 0.0168249 0.00320803 0.00644661 0.0184622 -0.000496885 -0.00441765 0.0202603 -0.0017383 0.00563316 0.0189252 -0.000171701 -0.00571319 0.0181807 0.000655255 -0.00418916 0.0176099 0.00119636 0.00429545 0.0215585 0.00256379 -0.00556931 0.0170506 -0.00718971 -0.0003875 0.0208074 0.00521632 0.00188831 0.0210123 0.0049806 -0.00150637 0.0186314 0.00719582 -0.000232784 0.0149266 -0.0070976 -0.00120489 0.0177173 0.00567134 0.00111416 0.0226605 0.00107729 0.00553 0.0174052 0.00439874 0.00399321 0.0173906 0.000558934 -0.0054728 0.0195851 0.0044279 0.000676511 0.0217542 -0.000757294 -0.00021696 0.0217974 0.00700377 0.00167099 0.0184442 -0.00310352 0.0064973 0.0190587 0.00189147 -0.00556027 0.0204662 -0.00442762 0.0056778 0.0186309 0.00273164 -0.00305078 0.0221792 -0.00101643 -0.00574719 0.0195385 0.0059031 -0.0041224 0.0190581 -0.00108731 0.00302815 0.0203446 0.00353842 -0.00471963 0.0181835 0.00323987 0.00642992 0.0226499 -0.00612635 0.00378327 0.0242235 -0.00557538 0.00188655 0.0204142 -0.0043751 0.00101577 0.0217678 0.00160718 0.00495552 0.0201604 0.00242873 -0.00677836 0.0195789 -0.000512924 0.0056787 0.0178981 -0.00202148 0.00049987 0.0211287 -0.00535542 -0.00268444 0.0219957 -0.00567895 -0.00089721 0.0198998 0.00431208 0.00411885 0.022282 -0.00528822 0.00488621 0.0162745 -0.00700367 0.00167268 0.0226438 -0.00146821 0.0014521 0.0199357 -0.00412402 0.00386876 0.0190728 -0.00575272 -0.00122949 0.0214627 0.00526492 -0.00491175 0.0207696 0.00595971 -0.00292157 0.0226674 0.000461697 -0.00576022 0.0211558 -0.00690993 0.00202309 0.0182125 -0.00300098 0.00654511 0.0206544 0.00541382 0.00267059 0.0223935 -0.00188153 -0.0023331 0.022389 0.00276049 -0.00455805 0.0195718 -0.00278957 0.00279652 0.0232981 0.000674717 0.000456442 0.0197027 0.0065997 -0.00287853 0.018332 -0.00291176 -0.00658553 0.0217908 -0.00457121 0.00270002 0.021357 -0.00297842 0.0015015 0.0223778 0.00451364 0.00230835 0.0195284 -0.000111069 0.00224468 0.0223886 -0.0041479 0.00382682 0.0232189 -0.00205344 -0.0041239 0.0179056 0.0058267 -0.000972827 0.0202972 0.0012648 -0.00365953 0.0223715 -0.00115377 -0.00572698 0.0163089 0.00452262 0.00560241 0.0172446 -0.00172178 0.00564872 0.0168515 -0.00119952 0.00136209 0.0173714 -0.00596565 0.000537252 0.0161883 0.00274906 0.00280259 0.0173432 -0.000791177 0.00715656 0.0184987 0.000493273 0.00392514 0.0196533 0.00419896 -0.00242274 0.022287 0.00182167 0.0033884 0.0203989 -0.00353379 -0.00468778 0.0236947 0.00385995 0.00607816 0.0158683 0.00656569 -0.00295515 0.0199293 -0.00530247 0.00283691 0.0187488 -0.00559155 0.00453647 0.0189646 0.00183071 0.00117461 0.0188364 0.000495113 0.00543314 0.019115 0.00284218 0.000955575 0.0228635 0.00284768 0.00255046 0.0229846 0.00182461 0.00426533 0.0163847 -0.00297196 -0.00501798 0.0214784 0.00707035 0.00136052 0.0207207 -0.000918632 0.00714135 0.022864 -0.000924035 -0.00446667 0.0153508 -0.0068166 -0.00189725 0.020433 0.00245235 -0.0026794 0.0191279 -0.00335107 0.00496658 0.0211221 -0.00551793 0.00462545 0.0230073 -0.00634101 -0.0034109 0.0206361 0.000833691 -0.00373955 0.020833 -0.00151757 -0.0015591 0.0199503 -0.00159163 -0.00621847 0.0226162 -0.00226894 0.00247933 0.0177869 -0.00523012 0.00359131 0.0202034 0.0034101 0.00170669 0.0183027 -0.00191072 0.00208233 0.0213378 -0.00359598 -0.00456603 0.0200768 0.00351297 -0.00628501 0.0185117 -0.00544059 0.00197012 0.0224836 0.00319687 0.000575222 0.0194129 -0.00386306 -0.00607619 0.0229717 0.000189806 -0.00719796 0.0177081 -0.00198471 -2.98444e-05 0.017432 -0.000987562 -0.00257013 0.0210706 0.000728118 -0.00245945 0.0198091 -0.00556903 0.00022931 0.022486 -0.000383704 0.00426444 0.0213113 0.00150375 -0.00107793 0.020031 0.00719821 0.000163587 0.0179449 0.00348648 -0.00307788 0.0206402 -0.001919 -0.00231091 0.0185855 -0.00543327 -0.00472455 0.0205416 0.00411467 0.00590906 0.0203631 -0.00262075 -0.00258928 0.0204806 -0.00430859 -0.000580744 0.0216915 -0.00432798 -0.0038516 0.0213067 0.00156772 0.00588432 0.0233688 -0.00472862 -0.00346923 0.0198062 0.00114994 0.00141687 0.021852 0.00525755 -0.000401188 0.0174034 -0.00363917 0.00621289 0.0220831 0.00264429 0.000482165 0.0176151 -0.00421128 -0.00146042 0.0180139 0.00142198 -0.00163614 0.0163354 0.00179657 -0.0011498 0.0216021 0.00341112 0.0035584 0.0204633 -0.000981161 0.00452853 0.0198 0.00394963 -0.000319107 0.0183207 -0.00499564 -0.000253152 0.0173164 -0.00337505 -0.00112506 0.0205121 0.00443821 0.00566979 0.0219114 -0.00418159 0.00586135 0.0154523 0.000614654 -0.00611888 0.0228072 -0.0066688 0.00271258 0.0212399 0.00646243 0.00317487 0.0185718 -0.00680576 -0.00235193 0.0188636 -0.0071991 0.000117102 0.0223256 0.00116439 0.000149456 0.0171074 -0.00448986 -0.00368979 0.0228896 -0.00250266 0.00467302 0.0158534 -0.00662832 0.00281229 0.0196437 0.00493501 -0.00301451 0.0180513 0.0045381 -0.00559022 0.0220229 0.00211026 -0.00396465 0.0182362 0.00609067 0.00209149 0.0196884 0.00703821 -0.00151882 0.0194067 0.00126457 0.00636286 0.0208394 -0.00623831 1.91505e-05 0.0182857 -0.00232943 -0.00606068 0.0203964 -0.00285992 -0.00345566 0.0218042 0.00560616 -0.00451812 0.0225417 0.00663504 -0.0014211 0.0225202 -0.000792029 -0.00428575 0.0169349 -0.00290815 -0.000116245 0.0223095 -0.00253652 0.00315691 0.0163626 -0.000429211 -0.00290862 0.0178706 0.00133885 0.00292018 0.0223648 -0.00424938 -0.00137787 0.0230768 0.00331405 0.00465983 0.0193077 -0.00413803 -0.00405779 0.0184409 -0.00294963 0.00539595 0.0179082 0.000623951 0.00717315 0.0232867 -0.00612685 -0.00378205 0.0190946 0.00304421 -0.00144067 0.0206442 0.00398906 0.00267799 0.021667 -0.00365615 -0.00217099 0.0193349 -0.00241503 -0.00508589 0.0191313 0.00695996 -0.00184589 0.0210125 0.0027674 0.0023687 0.0196091 -0.00374721 0.00110074 0.0190692 0.00446283 -0.00194113 0.0200809 0.00518579 0.00260591 0.0175162 -0.00668051 -0.00268541 0.0172771 -0.00523907 0.0013339 0.01737 0.000581075 -0.00129576 0.0176529 -0.00469118 -0.00546261 0.0193322 0.00423003 0.00174646 0.0229446 0.00287056 0.00660323 0.0210908 0.000812837 -0.0039393 0.0192074 0.000724647 3.09599e-06 0.0212362 -0.00078022 3.58278e-05 0.020218 9.00215e-05 -0.00719959 0.0217469 -0.00127276 -0.000487091 0.018789 -0.000525071 0.000926304 0.0187548 0.00719459 -0.000289878 0.0213273 -0.00203772 -0.00109351 0.0213896 -0.000184413 0.00719785 0.0201312 0.00246612 0.00223692 0.0214588 -0.00544305 0.00201872 0.0158859 0.00035904 -0.00101676 0.0226215 -0.00715071 -0.000845104 0.0192751 -0.00470777 -0.00201002 0.0205362 -0.00130349 0.00708151 0.0213124 -0.00104304 -0.00146726 0.0175459 -0.00108816 0.00215914 0.023652 0.000862902 0.00714812 0.0188474 0.0038446 -0.00346739 0.0191306 0.00221748 0.00685027 0.0196511 -0.00313292 0.00382221 0.0176895 0.00645161 0.00319702 0.0156978 0.00128626 -0.0070842 0.0206671 -0.00231461 -0.00529552 0.015296 0.00621288 0.00363884 0.0200824 2.10858e-05 0.0020175 0.0197885 -0.00397826 0.00386394 0.0163323 0.00280162 -0.00111842 0.0190965 0.00434841 -0.00383254 0.023254 0.00145435 0.00322115 0.0152307 0.00443057 -0.00387468 0.0216568 0.00593747 -0.000241762 0.0188424 0.00203336 0.00538299 0.0186791 0.00570115 0.000616888 0.0201713 0.00348713 0.000783089 0.0158592 0.00148156 -0.000367413 0.018594 0.00700716 -0.00142245 0.0178101 0.000251847 0.00442619 0.0257545 -0.00126877 -0.00103907 0.024679 0.00549191 0.001428 0.0257551 0.00418423 -0.00113416 0.0243506 -0.00197094 0.00407635 0.0212505 -0.00261881 0.000628296 0.0236952 0.00236794 -0.00296087 0.0276936 0.00410153 0.00220133 0.0259234 -0.00425446 0.000286838 0.0203491 -0.000323492 0.00146772 0.024875 0.00367351 -0.00507644 0.0207788 -0.00042879 -0.00293897 0.0226753 -0.00439854 0.00570043 0.0233944 0.00717737 0.000575718 0.0226725 -0.00494752 -0.00258819 0.025586 -0.00581289 -0.000584757 0.0265774 -0.00142872 -0.00705736 0.0212644 -0.00173887 0.00698721 0.0197763 -0.00249915 -0.00241512 0.0249939 0.00296189 0.00500812 0.0210089 -0.00406318 -0.00346867 0.0245849 -0.00147647 0.00314409 0.0224528 -0.00204218 0.00322481 0.0264591 0.000801109 -0.00500913 0.0239889 0.00693467 -0.00193711 0.0240045 -0.000490051 -0.007184 0.0232579 -0.00487569 0.00529771 0.0216443 0.00470352 0.00346562 0.023689 -0.00457372 0.00504615 0.0200934 -0.00467703 -0.0053276 0.0218157 0.00176624 -0.00109045 0.0236961 -0.000148046 0.00719871 0.0246873 -0.00457285 -0.00454699 0.0270409 0.000436072 0.002917 0.0210442 0.00302809 -0.00652875 0.0210406 0.00161912 0.00292003 0.0239398 0.00113762 -0.00133104 0.0251475 -0.00626553 0.000837837 0.0237915 -0.00366405 0.000499401 0.0248996 0.0036108 -0.00251089 0.023772 -0.0067332 0.00255092 0.0265091 -0.00707856 -0.00132088 0.0259339 -0.0014382 0.00108662 0.0224981 -0.000495019 5.79185e-05 0.0256111 -0.00122206 0.00471686 0.0225966 -0.000839866 0.00574005 0.0265628 0.00264963 0.00374976 0.0219452 -0.00584225 -0.00420835 0.0219995 0.00628201 0.00351883 0.0234354 0.00451944 -0.00353849 0.0260303 0.00425841 0.00145532 0.0245171 0.00291665 -0.00154264 0.0226802 -0.00167836 0.00700177 0.0242649 -0.00580928 -0.00111736 0.0233158 -0.00363758 0.0032875 0.026358 -0.00042852 0.00129325 0.0211423 0.00147478 -0.00704785 0.0237845 0.002211 0.00581834 0.0274477 0.00310101 -0.000215837 0.0218054 -0.00640634 0.00328678 0.0278915 -0.00128456 -0.00344123 0.025179 0.00212451 0.00687954 0.0244908 0.00326708 -0.00641645 0.0226181 0.00719682 -0.00022683 0.0268109 0.00268607 0.001659 0.0243031 -0.00234629 -0.00366218 0.0240039 -0.000723075 -0.00533708 0.02363 0.00221839 -0.00329251 0.0236751 -0.00517289 0.00500816 0.0246113 -0.00393196 0.00211503 0.0248806 -0.0062143 -0.000103048 0.0250845 -0.00281368 -0.000847593 0.0250485 -0.00607297 -0.00386773 0.0235456 0.00660257 0.00287241 0.0272016 -0.00224539 0.0012733 0.0274326 -0.00515664 -0.0025138 0.0237443 -0.00507746 -0.00510528 0.0233481 0.00172276 0.000288572 0.024506 0.00686839 0.00216233 0.0228221 0.00413685 0.00379865 0.0258417 -0.00360131 -0.00119099 0.0263977 0.00677231 0.000515695 0.025459 0.00439048 -0.00108523 0.0214307 -0.00296296 0.00639265 0.0235317 -0.00563302 0.00262562 0.0253504 -0.00547269 -0.00462393 0.0248213 -0.000291804 -0.00150192 0.0259019 -0.00475179 -0.000710995 0.0253101 -0.00394261 -0.00187357 0.0245665 6.03297e-05 -0.00470936 0.0222933 0.00400371 -0.00432496 0.0247366 0.000234788 0.00719651 0.0217354 0.00503197 -0.00257034 0.0245045 8.96359e-05 -0.00243847 0.0246626 0.00465365 0.00549429 0.0258378 -0.00303299 0.00484227 0.022685 -0.00704782 -0.00147491 0.0223686 0.00158165 0.00362144 0.0253769 0.00278105 -0.00664126 0.0257204 -0.00473156 -6.1602e-05 0.0238481 0.000801761 0.00556468 0.0267343 -0.00367805 -0.00208121 0.0217582 0.000719011 -0.00563939 0.0257824 0.00124859 0.00173456 0.0250025 -0.00515366 0.00108281 0.0249153 0.00266415 -0.00508413 0.0251715 0.000545584 0.00466431 0.0241999 0.00617528 -0.00370301 0.0212883 -0.00132011 -0.00243908 0.0239063 0.00252394 0.00237612 0.025724 0.00696903 -0.00181013 0.0268212 -0.00599578 -0.00166351 0.0248078 -0.000595516 -0.00576063 0.0266861 -0.000290497 -0.00383955 0.0239903 -0.00205897 0.00603786 0.0222601 -0.0013221 -0.00706561 0.0246191 0.0041009 0.00474489 0.0245372 0.0032128 0.000907586 0.0256135 0.00106896 5.55835e-05 0.0259474 -0.00248338 0.00552655 0.0253624 -0.0027157 -0.00118193 0.0234872 -3.02751e-05 0.00260317 0.0273058 -0.00301605 -0.00490983 0.0269885 0.00712406 -0.00104455 0.0254251 -0.00328152 0.00345605 0.0219261 0.0071911 -0.0003582 0.0239714 0.00679109 0.00239285 0.0256872 0.000694573 -0.00230252 0.0217307 -7.43098e-05 -0.00129588 0.0207538 0.0015387 6.3641e-05 0.022612 1.71961e-05 -0.00318937 0.0260732 -0.00575459 0.000347777 0.0209014 -0.00333253 -0.00470892 0.0252833 0.00167648 -0.00520451 0.0220363 -0.00261366 -0.00670927 0.0237446 -0.00160264 -0.00701974 0.0261935 0.00128375 -0.00708468 0.0253722 0.00263082 0.00142996 0.0270092 -0.00643568 -0.00322833 0.0249666 -0.00172912 -0.000756641 0.0262218 0.00569781 -0.000287596 0.021891 -0.00710357 0.00117748 0.0211263 -0.0011721 -0.00107706 0.0230807 -0.00127563 0.00708625 0.0258163 -0.00319143 0.00145543 0.0206022 -0.000555325 -0.004899 0.0251597 -0.00299964 -0.00654541 0.0252885 5.46444e-05 0.00314167 0.0241895 -0.00677116 -0.002448 0.028012 0.00455081 -0.00557958 0.0195036 0.00502815 -0.00343294 0.0202064 -0.00677656 -0.0024328 0.023621 -0.00718495 -0.000471124 0.0238143 0.00179791 0.00697225 0.0222188 0.00363306 0.00150434 0.0206398 0.00598293 -0.00400643 0.0255866 -0.00395946 -0.00310134 0.0267349 -0.00168978 0.00380132 0.0238958 0.0055669 0.0021305 0.0238914 0.00164566 0.00431048 0.0230936 0.00361161 0.00622873 0.0241929 -0.00352767 0.0022216 0.0275575 0.00719983 7.95999e-05 0.0197709 -0.00645933 0.00318075 0.0227554 0.000270142 -0.000655254 0.0271373 -0.00330245 0.00470434 0.0242557 0.00256827 -0.000496227 0.0260301 -0.00392009 0.00604007 0.0248827 0.00309399 0.00501042 0.0257944 0.0019263 0.00442388 0.0267171 -0.00294431 0.000267843 0.0264033 0.000135004 0.00388948 0.0227775 -0.00152245 0.00269368 0.0278756 0.0034732 0.00301806 0.024608 -0.000459627 0.00566307 0.0250108 -0.000144747 0.00565823 0.0205638 -0.00680818 0.00234305 0.024083 0.000151247 -0.00638403 0.0244856 0.00664667 0.00276802 0.0213526 -0.00423564 0.00137875 0.0233594 -0.00105791 0.000317132 0.0238568 0.00423125 -0.000398169 0.0229229 -0.00273983 -0.00210378 0.0273899 0.00328738 0.000180701 0.0241903 -0.00719757 0.000199907 0.0264147 -0.00433325 0.0036635 0.0248989 0.00506127 0.00512099 0.0232791 -0.00230009 0.00477436 0.0267624 0.002168 0.000262731 0.0205973 0.00093973 -0.00240401 0.0233081 0.00235161 -0.00488555 0.023615 0.00521491 -0.00162214 0.0232289 0.000571893 0.00701692 0.026104 0.00544647 -0.00227915 0.0212957 0.000343176 -0.000414839 0.0241038 8.34589e-05 0.000699279 0.0228037 0.00529706 -0.0021407 0.0260287 -0.00120881 0.00288511 0.0251364 -0.0070947 0.00122819 0.0251937 -0.0021748 -0.00529372 0.0243466 0.0040684 -0.00538196 0.0235379 -0.00112018 -0.00548751 0.0212734 0.00577943 -0.00062355 0.0261846 0.00541716 -0.00474292 0.0241144 0.00174501 -0.00698553 0.0269006 -0.00590832 -0.00411571 0.026274 -0.00503862 0.00266629 0.023866 -0.00563674 -0.000946847 0.0281256 0.00588641 0.00414689 0.0219993 -0.00218159 -0.00474944 0.0228426 -0.000306232 0.005773 0.0234223 0.0023664 -0.00413824 0.0210641 0.00353257 0.00627453 0.0266706 0.00244616 -0.00216153 0.0263099 -0.000890597 -0.000361255 0.0304874 -0.00534281 -0.00326688 0.0276133 -0.00414092 0.0015927 0.0289709 -0.00124935 0.00232479 0.0310174 0.00325505 0.00307103 0.0269658 -0.005846 -0.00420328 0.0288088 -0.000736523 -0.00303214 0.0274756 0.00359556 -0.00497511 0.0295115 0.00439098 -0.00360151 0.0293116 -0.00253927 0.00493927 0.0283356 -0.00719532 -0.000260647 0.0306132 0.00439036 -0.000587688 0.0286559 -0.00258087 0.00197198 0.0288338 -0.00394487 -0.00131353 0.0295156 0.000840272 0.00715101 0.0291671 -0.0062882 0.00350763 0.0294715 0.00339554 0.00462538 0.0273175 -0.00224058 -0.00557566 0.0303041 -0.00413295 0.00589587 0.0302239 0.00633327 -0.00342603 0.0241382 0.00290418 -0.00322749 0.0251191 0.00548617 -0.00170242 0.029068 -0.005933 0.00117388 0.0263095 0.00372465 0.00616187 0.0282549 0.000403954 0.00592078 0.0282423 0.00459881 0.00374014 0.0299295 -0.00412796 -0.00589931 0.0277713 -0.00454672 0.00197108 0.0263501 -0.00717417 -0.000611884 0.0290525 -0.00177492 0.00539855 0.023934 -0.00171016 -0.00254027 0.0286457 -0.00713337 -0.00097775 0.0274956 0.00218324 0.00686105 0.0302875 0.002191 0.00355116 0.0280598 0.00178229 -0.00140008 0.0279452 0.00546655 0.000270381 0.0274739 -0.0023711 0.00193695 0.024581 -0.00296783 -0.00655778 0.0268881 0.00107083 0.00012568 0.0314194 0.00502018 -0.0051616 0.0261318 0.00018002 0.00131158 0.0263854 -0.00136792 -0.00301092 0.0301394 -1.99745e-05 -0.00352357 0.0312076 0.00583049 0.00054709 0.0241478 0.0015964 0.00492505 0.0286238 0.00415804 0.0046926 0.0287221 0.00440893 -0.0043796 0.0273864 0.00183584 8.44225e-05 0.0273512 0.00577019 -0.00430642 0.0306906 -0.00321763 -0.00602036 0.0290813 0.00588742 0.000114008 0.0291316 0.00221611 0.00491238 0.0244612 -0.00184235 -0.00574159 0.027688 -0.0061639 0.000511769 0.0285274 0.000806239 -0.00328772 0.0278125 0.00639672 -0.000913017 0.0280156 0.000540778 -0.0044728 0.0288537 0.00112239 0.00583658 0.0251748 0.00372516 0.00241085 0.0297611 -0.00493027 -0.00219787 0.0304138 0.0020854 -4.73444e-05 0.0301946 -0.000740256 -0.00165736 0.0295618 -0.002488 -0.000274711 0.0304596 -0.00277249 0.00664506 0.0298403 0.00300893 0.00381662 0.0294089 -0.000731522 0.00399753 0.0269538 0.0012476 0.00709144 0.0275519 0.000703104 0.00401093 0.0276617 -0.00467106 7.02867e-05 0.0288954 0.000887579 0.00591216 0.0301784 0.0014581 0.00289616 0.0267975 0.00435047 -0.00573718 0.0282307 0.00116013 0.00155985 0.0276252 0.00685772 0.00219386 0.0289118 0.00503578 0.00303291 0.0269211 0.00575884 -0.000987872 0.0245931 0.00216459 0.00686695 0.0260901 0.000127653 0.0028044 0.0302846 0.000272252 0.00277191 0.0257308 0.0016014 -0.00272372 0.0290807 -0.00117299 -0.000284538 0.0286338 0.00166626 0.000981026 0.0290283 -0.00316556 0.00456191 0.0307473 0.003243 -0.00106127 0.0273883 0.00410586 -0.00591475 0.0250568 -0.000545736 0.00717938 0.027237 -0.00115359 -0.00426412 0.0265443 -0.00513202 0.00334358 0.0269263 0.000847742 -0.00596056 0.0293549 -0.00420879 -0.00584183 0.0261746 0.0050204 -0.00284533 0.0280501 0.00428502 -0.00250066 0.0304677 0.00482124 0.00534774 0.0274219 -0.0030955 0.00344728 0.0284903 0.00675343 -0.00249635 0.0282502 -0.00196423 0.000503063 0.0251614 0.00408737 9.92022e-05 0.0266817 -0.00124421 -0.00455353 0.0312192 0.00565762 -0.000872951 0.0304251 0.00359484 -0.00529793 0.031933 0.00154683 -0.00351126 0.0264122 0.000845183 -0.00461345 0.0304179 0.00212933 0.00252142 0.029738 -0.00540724 -0.00475416 0.0304694 0.00317902 0.000923039 0.0295451 0.0056669 0.00179299 0.0279215 0.00588065 0.00415393 0.0261531 -0.00295101 0.00184163 0.0261142 -0.00223838 0.00363758 0.0298276 0.00202398 -0.00423607 0.0294043 0.00671766 -0.00259177 0.0254481 -0.00255955 -0.00360869 0.0261497 -0.00450532 0.00145637 0.0308015 0.00195367 -0.00504603 0.0266086 -0.00442574 -0.000105827 0.0304663 0.00284332 -0.00630817 0.0241568 0.00300209 -0.00438613 0.0281476 0.00125115 0.00142776 0.0305074 0.000345839 0.000387628 0.0283477 -0.00274626 0.0034238 0.0250365 0.000531651 -0.00629921 0.0276855 -0.000249318 -0.00308925 0.0289984 0.000522143 -0.00239247 0.0302144 -0.00203667 0.00522466 0.0298274 -0.000980561 0.00514532 0.0280412 0.00677136 -0.00244721 0.0305652 -0.0063086 -0.00347057 0.0301536 -0.00366865 0.000631736 0.0277823 -0.00292265 -0.00338932 0.0292527 0.0049936 -0.00137047 0.0273977 -0.00378642 0.00445547 0.0274581 -0.00559572 0.00151918 0.0296326 -0.00335043 0.00637296 0.0283738 0.00349739 -0.00545696 0.026523 -0.00136464 0.00163394 0.0261213 -0.00394362 -0.000993842 0.0279479 -0.00133264 0.00442919 0.0255355 0.001858 -0.00695634 0.0300944 -0.000124454 -0.00719924 0.0296368 -0.00219207 -0.00373829 0.0277013 -0.00401344 -0.00256506 0.0282413 0.0017245 -0.0069905 0.0285004 -0.00111357 -0.00146046 0.0275506 0.000919273 -0.00207249 0.0267783 -0.001974 -0.00548787 0.0259215 0.00362764 0.00621963 0.0305827 0.00583163 -0.00422331 0.0281009 -0.00402111 0.00597279 0.0269779 -0.00625951 -0.00257199 0.0265014 0.00472882 9.58009e-05 0.0252163 0.00586277 0.00417947 0.0277527 -0.0036047 0.00280628 0.0298647 -0.00242896 -0.000558011 0.0276729 0.000395303 -0.00451941 0.026878 0.00382668 -0.00250914 0.0270396 -0.00239366 -0.00118315 0.0291459 -0.000864641 -0.00454096 0.0280929 0.00714616 0.000878601 0.029776 0.00677247 0.00131457 0.0268687 0.00535221 0.00294091 0.0252537 0.00621848 0.00362951 0.0292122 -0.00492727 -0.00184551 0.0270081 0.00274952 -0.00166332 0.0248204 0.000263051 -0.00173491 0.028318 0.000394064 0.00440746 0.0311688 0.00413927 0.00172801 0.027451 -0.00453902 0.000375685 0.0264648 -0.00524057 0.00493782 0.0269976 -0.00171249 0.00699348 0.0309866 0.00112068 -0.00365615 0.0247808 -0.00698167 -0.00175983 0.0311294 0.00389311 -0.00138401 0.0259038 0.00292645 0.0021707 0.0283959 0.00566989 0.00443789 0.0245929 0.00701911 0.0016049 0.0243137 0.000295137 0.0021608 0.0288294 0.00373564 -0.00204492 0.0285678 -0.000982178 0.000346897 0.0271073 -0.00707178 0.00135412 0.027515 -0.00285855 -0.00218482 0.0303035 -0.00463235 0.0030099 0.0284091 -0.0019453 -0.00693244 0.0287513 -1.63922e-05 -0.0072002 0.026297 0.00329362 0.000399721 0.0280378 -0.000210239 -0.0058905 0.0305531 -0.00423617 -0.00582287 0.0245753 -0.00556434 0.00194588 0.0276614 -0.00369184 -0.00448315 0.0283745 -0.00258911 -0.00377822 0.0308319 0.00290383 0.0054131 0.0294059 -0.00688742 -0.00209866 0.0295688 0.00442717 0.00010097 0.0301151 0.000602553 -0.00717486 0.0310618 0.00170738 -0.00532565 0.0281644 0.00186438 -0.0031768 0.0305924 -0.00156852 -0.00702738 0.0303033 -0.00158779 -0.00234781 0.0263069 0.00612581 -0.00316415 0.0269388 -0.000975873 0.00128664 0.0284056 -0.00185856 0.00646128 0.027803 0.00308116 -0.00391115 0.0266221 -0.00221597 -0.00478408 0.028914 -0.0014896 0.000997529 0.0298927 -0.000555351 0.00573846 0.0295094 0.00233106 0.00681241 0.0286953 -0.00588268 0.00415155 0.0257612 0.000520091 0.000132857 0.0299174 -0.0026864 0.00668033 0.0264518 -0.00383226 0.00480747 0.0258984 -0.00675627 -0.00143715 0.0326801 0.00418095 0.00315869 0.0282676 0.00538919 0.00259287 0.0325225 0.00125933 -0.000128517 0.0337456 -0.00526836 -0.00343655 0.0313683 0.00369799 0.00432997 0.0334623 -0.00404797 -0.00595443 0.032145 -0.00175576 0.00390402 0.0313295 -0.00687626 0.00213503 0.0288974 -0.00168682 -0.000633421 0.0340112 0.00569427 0.00168185 0.0338017 -0.0031677 -0.00199635 0.032614 0.00303167 -0.00320645 0.0316862 0.000619929 0.00214846 0.0317887 -0.00379732 0.00464863 0.02928 -0.00160869 -0.00170834 0.0328288 0.00509865 0.00250752 0.0309516 -0.001011 0.00555627 0.031032 0.00528933 -0.0018498 0.0330216 0.00413679 0.00160396 0.0318558 0.0017132 0.000935564 0.0326404 -0.00479694 -0.00536933 0.0291245 0.00284136 -0.00212119 0.0298921 -0.000826899 0.00715244 0.0288118 -0.00405141 0.00224405 0.032118 0.00257122 0.00393113 0.0323988 0.000401914 -0.0037287 0.0327755 0.00466508 0.00548457 0.0315989 -0.000495401 0.00325923 0.0320747 0.00114981 -0.00710773 0.0332078 -0.00185132 0.000871981 0.031446 0.0059343 0.00407765 0.0307429 -0.00171333 0.000622564 0.0330203 0.00142237 -0.00104902 0.0324473 0.00126499 -0.00120209 0.0294459 -0.000790734 0.00426001 0.0301041 -0.00371464 -0.00616788 0.0305948 -0.00450737 -0.00355443 0.0293975 0.000214166 0.00465133 0.0336294 0.00147011 -0.004364 0.0337829 -0.00708349 0.00129118 0.0302405 -0.00544966 -0.00233076 0.0289063 0.00258451 0.0029149 0.0336345 0.00706123 -0.00140736 0.0293843 -0.00548044 0.00182696 0.0332574 -0.0057349 -0.000825518 0.0297179 -0.00372793 -0.00128129 0.0312971 -0.0042332 0.000879036 0.0329324 -0.00512461 0.00286379 0.0303603 -8.88078e-05 -0.00668218 0.0341266 0.00217053 0.00239742 0.0321783 0.00178569 -0.00144123 0.0309394 0.00227702 -0.00315653 0.0331117 -0.00341874 0.000583977 0.0315873 -0.00435972 -0.000689582 0.0326426 -0.00285815 -0.0035643 0.03254 0.00177501 0.00458091 0.0301759 -0.00542779 -0.00473089 0.0322951 0.00459646 0.000733105 0.0331168 0.00564548 0.000962378 0.0319307 0.00567208 0.00113921 0.0303408 -0.000544688 0.00371873 0.0286189 0.00451367 -0.00560971 0.030661 -0.00377115 -0.00287561 0.0314213 0.0017396 0.00509919 0.031689 0.00459302 0.00099305 0.0287975 0.00325293 0.00481671 0.031254 -7.85096e-05 0.00222918 0.0332258 -0.00705677 0.00142952 0.0318342 0.00282988 -0.000796791 0.0289932 -0.00317825 0.00646075 0.0313768 0.00342959 -0.000944278 0.0308018 -0.00354112 -0.00471394 0.0299502 0.000978667 0.00713321 0.0313046 0.00156643 -0.00420066 0.0317851 -0.000289107 0.00104684 0.0309515 -0.00590166 -0.00366614 0.0333912 -0.00582181 0.000551499 0.0308888 -0.0014058 -0.00609977 0.0315963 -0.00118861 0.00249839 0.0294282 0.00675649 -0.00248812 0.0331176 0.00098159 0.00330417 0.0340241 -0.00476127 0.00325118 0.0331384 -0.00300893 0.00135293 0.0302455 -4.78816e-05 -0.00648403 0.0323499 0.00378364 -0.00263299 0.0329868 -0.000705432 -0.00217735 0.0340633 -0.00361511 -0.00622676 0.0336609 -0.000811914 -0.00468883 0.0296849 0.0050251 0.00515652 0.0331228 -0.000478689 0.00718428 0.0319868 0.00519792 -0.0049823 0.0293583 0.00718499 -0.000469673 0.0306764 -0.00571602 0.0043782 0.0325237 -0.000275357 0.00719478 0.030313 0.000326432 0.00580242 0.0319492 -0.00282101 -0.00484794 0.033494 -0.000569087 0.00617191 0.0332224 -0.00433835 -0.00213387 0.0336959 -0.00719944 9.97698e-05 0.0327123 0.00416328 0.00171034 0.0343072 -0.00489485 0.00528048 0.0314888 -0.0053608 0.00480668 0.0295794 -0.00588631 0.00414637 0.0309387 0.00400752 -0.00409695 0.0307837 0.00285602 -0.00167252 0.0321057 0.00516807 -0.00501318 0.0319936 -0.0012945 -0.00708281 0.0331542 -0.00246227 -0.00062281 0.032021 0.00453419 0.003892 0.0315209 -0.00312197 0.00269493 0.0333397 0.00592626 0.00408913 0.0323428 -0.00438158 0.00376569 0.0314529 0.00233311 -0.00681162 0.0321726 0.0063682 -0.00335998 0.0318335 0.00485578 0.00531656 0.0300194 0.00313387 0.00151108 0.0330987 -0.00145832 0.00190804 0.0339693 0.00313158 -0.00648349 0.0292495 0.00143137 -0.00582451 0.0312837 -0.0006485 -0.00599587 0.0287222 -0.00151999 -0.00308975 0.0318027 -0.00201719 0.0067463 0.0325376 -0.000218557 -0.00232303 0.0323299 0.00707558 0.00133309 0.0313082 0.00432459 2.20209e-05 0.0317097 -0.000880772 -0.000390119 0.032087 -0.00117622 -0.00350712 0.0333084 -0.00561725 -0.000825214 0.0336224 0.00283398 0.00167379 0.030915 3.23363e-05 -0.00102156 0.033239 0.00477883 -0.00341441 0.0320079 -0.0026788 0.00038549 0.0290147 0.000836059 0.00715133 0.032898 0.00720009 1.19926e-05 0.0322019 0.000990057 0.00369925 0.0324738 0.0061412 0.000203002 0.0333859 -0.00264068 -0.00509885 0.031778 0.00697093 0.00179995 0.0328348 0.00102638 0.00353897 0.0291834 0.000704538 -0.00130955 0.0346714 0.0035717 0.00575007 0.0327362 -0.0031464 0.00401643 0.0324382 -0.00373909 0.00554513 0.0325629 -0.00657604 -0.0029322 0.0321397 0.00125674 0.00172974 0.0339521 0.00338921 -0.000411288 0.0329332 0.00547759 -0.00208737 0.0314507 -0.0016038 -0.00163948 0.0311328 0.00703321 -0.00154161 0.0318577 0.000172794 -0.00499092 0.0318196 -0.00653797 0.00301618 0.0326939 -0.00137549 -0.00499373 0.0327518 0.00259886 -0.00486503 0.0307583 0.00267253 0.00668568 0.0318005 -0.0055973 -0.000976999 0.0313046 -0.00563458 0.00214945 0.0316979 -0.00562969 0.000264484 0.0324509 -0.0027917 0.00268829 0.0312375 0.00717935 0.000545874 0.0282116 -0.000826564 0.00478556 0.0324218 -0.00227964 0.00527534 0.0319655 0.0061698 -0.0034031 0.0294321 0.00358723 -0.00624285 0.033224 -0.00409292 -0.00451942 0.0314391 0.00485498 -0.00531692 0.0335328 0.00307551 -0.00651021 0.0276509 0.000218619 -0.00121861 0.0312582 0.00132014 -0.0025728 0.0319701 0.00148359 0.00324684 0.0310094 -0.0030769 -0.000118508 0.0334094 0.00274151 0.000242863 0.0316246 -0.00494276 -0.00211845 0.0322146 -0.00172069 0.00361215 0.033041 9.86181e-05 0.000808782 0.0324909 0.00308268 0.00325356 0.0309596 0.00240216 -0.00678756 0.0341506 0.00588274 -0.00415139 0.0331365 0.00527507 0.00234724 0.0293699 0.00661178 0.00285039 0.0315139 6.49609e-05 -0.00526957 0.0333913 0.0031745 -0.0064625 0.0308574 0.00209334 0.00652022 0.0349158 0.00187322 -0.00039352 0.0352671 -0.00209307 -0.00611444 0.0341463 0.00156732 0.00541482 0.0332479 0.00693727 -0.00192741 0.035365 -0.00325083 -0.00642436 0.0352062 -0.00450414 -0.0048984 0.0335908 0.00282695 -0.00523413 0.034206 0.00351215 0.00348382 0.0348074 -0.000615309 0.00339788 0.0341776 -0.00163615 0.00701167 0.0340686 0.00573884 -0.000627951 0.0320793 -0.00138389 0.000808963 0.0351295 -0.00716085 -0.000750259 0.0340672 0.00495727 -0.00313275 0.0339524 0.00523951 -0.00191769 0.0349543 0.0034882 -0.00420177 0.0330935 0.00410861 -0.00434474 0.0345613 -0.000764875 0.00543038 0.0346266 -0.00596537 0.00312259 0.0341841 -0.00262088 -0.00444941 0.0350306 -0.00277602 3.6047e-05 0.0349731 0.000704102 0.000669492 0.0350163 0.00100222 0.00492374 0.0349949 -0.00549754 0.00464947 0.0340852 -0.00143026 -0.00329061 0.034955 0.00531874 0.00115716 0.0352658 -0.00121611 -0.0047453 0.0343242 -0.0021828 0.00322297 0.0345224 -0.00240018 -0.00263833 0.0338624 0.00478317 0.00312874 0.0339028 -0.0019204 0.00536928 0.0335216 -0.0019241 0.00211351 0.0324526 5.22806e-05 -0.00256537 0.035418 -0.00394302 0.00448541 0.0337441 0.00119373 -0.00578625 0.0344615 0.00383179 0.00297258 0.032626 0.000663438 0.00629074 0.0342357 -0.00677481 -0.00243775 0.0339283 0.0033132 0.00567818 0.0343135 -0.00127616 -0.00708611 0.03512 -0.000122295 0.00202822 0.0348413 -0.00444593 -0.00354709 0.0327362 0.00711353 0.00111291 0.0342727 0.00239345 -0.00151735 0.0336294 0.00495811 -0.000142968 0.0344058 0.0057398 0.00434698 0.0343033 0.00408148 -0.00140978 0.0339741 -0.000624189 -0.000596994 0.0352067 0.00314354 -0.00136617 0.0352695 0.000626105 -0.000796433 0.0361848 -0.00363782 -0.00362029 0.034115 0.000876317 -0.00238018 0.0334951 0.00308442 -0.00272261 0.0344231 -0.00271646 0.00471475 0.0347454 -0.00324953 0.00130431 0.0341204 0.0020552 0.00291516 0.0351447 0.00229115 0.00437336 0.0342231 0.00290493 0.00485158 0.0356211 -0.00540776 -0.00282878 0.0346619 -0.00490627 0.000846081 0.0343835 0.00272068 0.000380191 0.0341523 0.00647936 0.00313982 0.0335579 0.00287383 0.00154379 0.0352396 -0.00265283 -0.0066936 0.0324036 3.13714e-05 -0.00373999 0.0343318 -0.000426312 0.00034863 0.0339305 -0.00319809 -0.0014597 0.0345932 0.00220914 -0.0053181 0.0327326 0.00234772 0.00680665 0.0333624 0.00373445 0.000202014 0.0353771 -0.00703886 0.00151506 0.033441 3.90337e-05 -0.00503335 0.0352737 0.00636347 -0.00124054 0.0340389 -0.0060239 -0.000119064 0.0349993 0.0044051 0.00478544 0.0350688 0.00156318 -0.00309393 0.0347515 0.00645185 -0.0031961 0.0345196 -0.00310569 0.00649579 0.0336831
</DataArray></Points>
      <Lines>
        <DataArray type="Int64" Name="connectivity" NumberOfComponents="1" format="ascii">
0 145 0 61 0 57 0 244 0 333 0 351 1 411 1 200 1 396 1 369 1 405 1 428 2 31 2 27 2 34 2 212 3 10 3 38 3 402 3 89 3 411 4 129 4 50 4 133 4 25 4 120 5 26 5 124 5 215 6 193 6 101 6 164 6 61 7 183 7 214 7 180 7 281 7 75 7 21 8 68 8 139 8 107 8 70 10 208 10 425 10 173 11 204 13 185 13 92 13 110 13 109 14 98 14 74 15 191 15 37 15 161 15 353 15 253 15 357 16 91 16 138 16 142 16 173 16 117 17 53 17 96 17 78 17 234 17 416 17 381 17 258 18 98 18 175 18 116 18 149 18 222 19 43 19 169 19 133 19 425 19 226 20 150 20 268 21 214 21 373 21 236 21 396 22 61 22 360 22 273 23 97 23 368 23 160 23 96 23 427 23 268 24 43 24 49 24 169 24 165 25 130 25 40 26 182 26 157 27 83 27 212 28 182 28 69 28 204 28 223 29 197 29 70 29 378 29 224 29 204 30 175 30 218 30 82 31 50 31 131 31 170 32 76 32 246 32 420 32 384 33 153 33 322 33 417 33 340 34 131 34 153 34 322 35 149 35 206 36 82 36 160 36 244 36 196 36 150 37 398 37 355 37 663 37 241 37 374 38 187 38 208 38 41 38 214 38 181 39 178 39 301 39 220 39 76 40 355 40 191 40 194 41 207 41 208 41 172 41 203 42 201 42 47 42 219 42 106 43 143 43 177 44 372 44 53 44 277 44 384 44 413 45 224 45 136 45 346 45 395 45 137 46 49 46 187 46 63 46 217 46 165 47 116 47 186 47 119 47 213 48 118 48 79 48 107 48 166 48 388 48 114 48 77 49 208 50 133 51 89 51 246 51 200 51 393 51 405 51 404 53 76 53 106 53 312 53 200 53 381 54 172 54 98 54 214 54 402 54 134 54 74 55 111 55 207 55 224 55 84 56 395 56 180 56 59 56 174 56 524 56 643 57 71 57 160 57 360 57 236 58 178 58 201 58 301 58 110 58 156 59 137 59 135 59 323 59 250 60 130 60 115 60 103 60 141 61 144 62 162 62 336 62 88 62 663 62 290 63 210 63 68 63 79 63 85 63 166 64 192 64 127 64 163 65 319 65 140 65 426 66 222 66 78 66 80 67 372 67 277 67 385 67 233 67 225 67 235 68 93 68 123 69 193 69 124 70 111 70 107 70 375 71 151 71 223 71 134 71 72 72 223 72 215 72 302 72 643 73 133 73 143 73 322 73 198 73 417 74 168 74 222 74 368 74 106 74 312 75 346 75 181 75 411 75 414 75 239 76 117 77 166 77 162 77 350 78 106 78 156 78 213 79 192 80 321 80 291 81 201 81 188 82 205 82 244 82 196 83 158 83 190 84 151 84 183 84 223 85 163 85 165 85 115 85 108 85 162 86 131 86 251 87 341 87 195 87 372 87 247 87 413 88 425 88 108 88 181 88 89 88 211 89 239 90 130 90 169 91 147 91 138 91 168 92 110 93 118 94 163 95 127 96 106 96 268 97 149 97 171 97 206 98 172 98 203 98 171 99 186 99 149 101 199 101 145 102 348 102 121 102 340 102 335 103 163 103 115 103 389 103 398 104 316 104 375 104 319 104 202 104 426 105 111 105 107 105 183 105 136 106 222 106 219 108 169 108 165 108 401 109 190 109 301 109 237 109 195 109 372 110 237 110 156 111 197 112 336 112 281 112 135 112 414 112 377 113 164 113 380 113 360 114 221 114 136 114 128 115 429 116 201 117 173 117 312 118 139 118 127 118 221 119 149 119 167 120 170 120 198 120 278 121 122 121 570 122 159 122 348 122 195 123 187 123 183 124 145 125 148 125 316 126 156 126 152 126 225 127 429 128 388 128 300 131 133 131 143 132 165 132 181 132 162 132 336 133 170 133 389 134 145 134 373 135 375 135 282 135 377 136 375 136 336 137 375 137 319 137 426 138 216 138 203 138 402 139 316 140 378 140 204 140 157 140 323 141 429 142 209 142 158 143 176 144 218 145 160 146 158 146 147 146 185 146 190 148 179 150 427 150 365 150 267 151 207 151 172 152 277 152 332 153 189 154 179 154 182 154 378 154 157 156 188 156 277 157 215 157 380 157 261 158 209 158 251 159 251 159 190 159 220 160 171 160 373 160 296 161 162 161 400 161 355 161 308 161 327 161 663 161 263 162 355 163 210 164 193 165 425 166 217 167 196 167 268 167 321 168 178 168 219 169 210 169 389 171 368 173 176 173 246 174 180 174 281 174 242 174 236 174 560 175 205 176 177 176 251 176 341 176 246 177 209 177 216 177 425 178 201 180 223 181 217 181 425 182 193 183 207 183 217 185 190 186 188 187 207 189 334 191 545 191 194 192 210 194 278 194 286 195 385 198 389 198 409 199 218 199 205 200 384 202 221 202 300 204 378 204 395 209 216 211 315 211 239 211 663 211 290 211 408 211 358 213 344 214 356 215 395 217 346 219 277 220 341 220 372 224 395 225 361 225 230 226 425 226 417 226 246 227 461 227 468 227 229 228 300 228 282 228 293 228 447 229 572 229 645 230 233 230 235 230 615 230 245 230 576 231 414 231 327 231 377 231 330 231 419 232 253 232 664 232 292 232 542 232 548 232 514 233 413 233 381 233 260 233 615 233 650 234 312 234 338 234 275 235 284 236 373 236 424 238 624 238 331 238 285 240 579 240 625 240 584 240 592 241 409 241 663 241 374 241 358 241 552 241 288 242 411 242 414 243 286 243 353 243 549 243 655 245 615 245 625 245 584 246 417 246 315 247 311 247 420 247 335 247 359 247 313 248 308 248 282 248 419 249 359 249 476 249 421 249 254 249 453 250 264 250 630 250 331 251 322 252 578 252 637 252 571 253 308 253 353 253 391 254 550 254 279 255 643 255 494 255 392 255 511 255 418 255 257 256 412 256 433 256 478 256 491 256 558 256 646 257 392 257 572 257 645 257 525 258 275 258 352 258 579 259 494 259 637 259 517 259 572 259 464 260 381 260 364 261 380 261 295 262 302 262 273 263 290 263 441 263 632 263 366 264 281 264 524 265 349 265 406 265 584 265 890 266 285 266 644 266 386 266 603 266 518 267 467 267 454 268 416 268 307 269 366 269 299 269 294 269 370 269 283 269 458 269 437 270 332 270 584 270 272 271 650 271 298 271 625 271 576 272 339 272 406 272 394 272 493 273 351 274 472 274 664 274 556 274 567 275 427 275 428 275 387 275 557 275 339 276 424 276 365 276 611 276 434 276 509 277 301 277 372 278 398 278 334 279 450 279 476 279 650 279 422 279 376 279 613 280 359 280 313 280 345 280 443 280 453 282 350 282 300 282 431 283 605 283 542 283 678 283 588 284 413 284 570 284 309 284 476 284 298 285 624 285 556 285 292 285 559 285 508 286 353 287 360 287 351 287 643 287 392 288 552 288 632 288 466 288 605 289 326 289 602 289 370 289 478 289 306 289 563 289 479 290 414 290 554 290 366 291 416 291 332 291 349 292 431 292 472 292 441 292 419 292 559 293 317 294 408 294 299 294 602 295 317 296 351 296 427 296 354 297 649 297 619 297 364 297 666 297 563 298 309 298 612 299 358 299 632 299 550 299 383 299 314 300 304 302 360 302 423 303 454 303 642 303 438 304 431 304 472 304 556 305 474 305 550 305 466 305 459 305 495 306 666 306 558 306 460 306 551 306 533 306 798 307 427 307 454 307 347 308 400 308 329 308 472 309 313 310 454 310 352 310 601 311 417 311 397 311 432 311 420 311 318 312 402 312 356 313 335 314 550 314 513 314 507 315 401 315 409 315 393 315 358 316 375 317 323 317 578 317 331 318 393 318 566 318 449 319 378 320 323 320 423 320 643 320 578 320 494 321 528 322 348 324 556 324 367 324 480 324 581 325 630 325 326 325 644 326 330 326 412 326 560 326 602 327 336 327 350 328 509 328 645 328 627 328 633 328 610 328 577 328 788 329 545 330 414 330 630 330 554 331 624 331 410 331 367 332 416 332 615 333 467 334 409 334 379 334 374 334 390 335 432 335 449 335 345 336 346 336 414 337 410 337 480 337 614 338 381 338 430 338 364 338 557 339 594 339 439 340 379 341 397 342 407 342 544 342 597 343 494 343 410 343 637 344 361 345 407 345 421 347 528 347 394 348 397 349 361 350 400 350 440 351 461 352 416 352 528 353 628 354 369 354 424 354 428 354 399 354 387 355 398 356 368 356 411 356 373 356 369 357 374 357 391 359 566 361 504 362 576 362 612 362 489 362 562 363 594 363 501 363 551 363 532 363 692 364 450 364 422 365 461 366 632 366 644 366 370 367 447 368 369 369 373 369 427 369 428 371 461 371 467 374 403 376 604 376 507 376 613 376 574 376 675 377 630 377 624 382 625 382 613 382 555 382 592 382 482 382 496 383 647 383 649 383 516 383 617 383 507 384 413 384 404 385 570 386 624 386 511 386 518 387 454 387 520 388 429 390 403 390 474 391 632 391 605 391 512 392 468 392 434 393 408 393 420 393 647 394 406 394 456 396 428 398 401 399 428 399 418 399 611 400 429 400 545 403 549 403 477 404 430 404 647 404 649 405 411 405 408 405 415 405 554 405 430 406 528 406 586 407 432 407 474 408 647 409 417 409 432 410 578 412 524 412 630 412 560 413 420 413 566 415 560 415 430 418 424 418 611 418 433 418 478 419 630 419 441 419 644 421 495 421 597 421 604 422 625 422 481 422 569 423 494 424 643 424 560 428 619 428 557 430 602 430 557 431 624 432 552 432 474 432 449 433 645 433 646 434 645 434 627 435 626 435 498 435 821 435 685 435 754 436 617 436 651 436 689 436 787 436 631 436 821 437 516 437 588 437 502 438 627 438 610 438 641 439 456 439 503 440 472 442 571 442 491 442 662 442 510 443 476 443 612 444 896 444 492 444 795 444 832 444 900 445 694 445 693 445 855 445 575 445 906 446 481 446 507 446 613 446 555 446 631 447 556 448 453 448 597 450 566 450 647 451 572 451 523 452 453 452 574 452 591 452 702 454 509 454 642 455 809 455 599 455 677 455 901 455 855 456 503 456 652 457 466 457 605 457 526 457 513 458 605 458 617 458 626 459 477 459 483 459 469 460 478 460 501 460 577 461 467 462 633 462 546 462 811 463 837 463 665 464 525 464 662 464 484 465 482 465 657 465 496 465 529 465 724 466 477 468 494 469 483 469 513 469 597 469 640 469 636 469 582 469 651 469 506 470 499 470 817 470 738 470 718 470 716 471 510 471 543 471 794 471 834 471 714 472 664 473 700 473 737 473 761 473 585 473 725 474 544 475 675 475 591 475 631 475 842 475 733 475 901 475 844 476 650 477 544 477 549 477 537 478 619 479 580 479 502 479 654 480 581 480 679 481 649 481 516 481 563 481 569 482 584 482 890 482 657 483 635 484 667 484 546 484 848 485 760 485 716 485 1034 485 691 485 856 485 823 486 497 486 701 487 901 487 596 487 766 487 763 487 672 488 502 488 798 488 693 488 686 489 612 489 521 489 661 490 810 490 631 490 599 491 517 491 518 491 660 491 629 492 503 492 641 492 793 492 764 493 594 493 584 493 657 495 550 496 609 496 677 496 596 496 653 497 636 497 618 497 778 498 600 498 585 498 738 498 869 499 514 499 530 499 703 499 761 500 773 500 714 500 868 501 509 501 642 501 610 502 617 502 810 502 841 503 610 503 659 503 896 503 793 504 576 505 521 505 733 505 958 505 711 506 651 506 787 506 618 506 829 506 828 507 651 508 581 508 679 508 530 510 531 510 656 510 667 511 517 512 549 512 542 513 600 513 640 513 689 514 567 515 569 515 551 515 798 515 810 515 692 515 599 516 602 517 525 518 573 518 571 518 587 519 523 519 788 519 638 519 736 519 539 520 666 520 594 521 535 521 702 521 842 522 616 522 581 523 525 523 577 523 898 524 643 524 578 525 645 525 660 526 655 526 678 526 600 526 585 527 628 527 882 527 700 527 737 529 598 529 695 530 603 530 587 530 639 530 899 531 679 531 614 531 837 532 610 532 551 532 793 532 564 533 629 533 845 533 654 533 622 534 642 534 896 535 612 535 574 536 583 536 640 536 585 537 583 537 640 538 551 538 692 538 599 539 773 539 564 539 846 539 876 540 703 540 718 540 899 541 623 541 702 541 958 541 873 542 737 543 595 543 845 543 773 543 561 546 770 547 598 547 776 547 863 547 695 547 807 548 644 548 603 548 588 548 903 550 552 550 647 551 638 553 587 553 580 553 629 553 561 553 831 555 810 557 579 557 594 558 573 559 616 561 568 561 904 561 719 561 790 562 890 562 634 563 798 564 638 564 622 564 764 564 741 565 667 565 710 565 671 566 650 567 589 567 621 568 817 568 814 568 769 569 594 571 679 573 644 573 587 574 606 574 842 575 677 575 694 575 596 575 724 575 781 575 1158 576 890 577 788 577 638 580 588 580 817 580 658 580 654 581 639 582 604 582 636 582 623 583 655 583 700 583 620 584 657 585 869 585 826 586 608 586 652 587 817 587 835 588 644 588 903 588 748 589 664 589 628 589 882 590 654 590 693 590 846 590 861 590 847 591 828 592 692 593 788 593 736 593 811 594 666 595 679 595 629 595 656 595 835 596 653 596 724 596 672 597 636 598 608 598 820 600 689 600 870 601 642 602 649 602 619 606 625 606 612 606 609 607 703 607 785 607 718 607 880 608 890 608 657 609 661 609 653 610 642 610 788 613 809 614 662 616 703 617 626 618 640 618 635 618 870 618 829 618 701 620 725 620 858 620 826 621 882 622 798 622 846 625 650 626 748 626 658 627 633 629 646 629 773 631 809 631 887 631 901 633 645 634 661 634 891 635 640 637 662 638 646 638 773 639 679 639 837 639 665 639 796 641 795 646 660 648 793 648 727 648 694 648 776 648 832 648 900 648 827 651 675 652 727 653 842 653 802 654 658 656 837 656 904 657 659 658 760 658 841 659 727 659 820 660 794 660 773 661 877 662 667 665 682 667 794 667 848 668 858 668 701 668 843 669 815 669 676 669 1088 669 932 669 1026 670 719 670 790 670 792 670 868 670 919 671 768 672 893 672 815 672 927 673 887 673 901 673 1163 673 866 674 715 674 758 674 709 675 787 676 1158 676 864 676 688 676 712 676 932 676 720 677 692 678 737 678 748 680 856 680 823 680 861 680 1074 680 783 680 1125 681 897 681 732 681 1074 681 824 681 1088 682 814 682 799 682 875 682 944 683 771 683 886 683 1013 684 704 684 797 684 1052 684 853 684 756 685 870 685 829 685 691 685 823 686 855 686 775 686 732 686 866 687 705 687 1158 687 1030 687 819 688 906 688 767 688 1014 690 821 690 775 690 758 690 1074 690 696 691 801 691 784 691 729 692 793 692 694 693 741 694 793 694 820 694 776 695 724 695 893 695 1022 696 865 696 758 696 824 696 818 696 743 696 740 696 946 697 699 697 753 697 966 697 909 698 880 698 814 698 879 698 935 698 944 699 711 699 881 699 911 699 782 701 858 701 715 702 733 704 725 704 858 704 747 705 764 705 767 706 827 706 961 706 981 707 935 707 902 707 931 707 1110 707 1117 708 714 708 1079 708 1124 708 947 708 751 709 778 709 888 709 717 709 816 709 750 710 837 711 1150 712 767 712 961 712 755 712 720 713 827 713 819 713 885 714 884 714 792 714 1139 715 778 715 889 715 806 716 721 717 860 717 824 718 880 719 845 719 861 720 1030 720 780 720 852 721 790 721 935 721 833 722 848 722 803 723 805 723 1052 723 851 723 971 724 781 724 893 725 785 726 894 726 757 726 1153 726 908 727 896 727 863 728 770 728 803 728 857 728 1090 728 1155 729 823 729 952 729 1106 730 874 730 1155 730 1124 730 745 730 905 731 951 731 1008 731 1106 731 1129 731 929 731 949 732 861 732 866 732 864 732 1088 733 844 734 870 734 826 734 865 735 796 735 804 735 875 735 744 735 800 736 857 737 903 737 761 737 738 738 760 738 786 738 869 739 778 739 888 739 889 739 816 740 1074 740 824 740 1164 740 1156 741 906 742 800 742 854 742 759 742 1110 742 878 743 750 743 824 743 1092 743 957 744 792 744 777 745 1024 745 1025 746 818 746 1125 746 1106 746 1129 746 1036 746 1055 747 867 747 805 748 760 749 880 749 867 749 1152 750 873 750 1070 751 919 751 1079 751 1053 751 1120 752 1149 752 850 752 943 752 915 752 1077 753 1163 753 824 753 927 753 1070 753 1078 753 1045 754 831 754 769 754 861 755 910 755 943 756 954 756 1048 756 822 757 907 757 1085 757 840 758 778 758 844 759 833 759 1110 760 817 760 831 761 785 761 786 762 802 762 862 762 927 763 766 763 1150 764 857 765 917 765 885 765 1146 766 842 766 877 766 860 767 872 767 910 768 848 768 871 768 859 769 856 769 783 770 898 770 811 770 803 770 808 771 813 771 832 771 892 772 1125 772 1133 772 1055 772 1058 772 1294 773 898 774 919 774 1073 774 1061 774 1133 775 841 775 823 777 804 777 834 777 959 777 836 778 829 779 1079 779 1073 779 883 779 1120 779 984 779 1174 780 1016 780 917 780 894 780 1161 781 893 781 819 782 1150 782 1122 782 966 782 1085 783 839 783 919 784 797 784 806 784 853 784 954 784 818 785 867 786 867 786 1152 786 1034 789 1155 789 986 789 886 789 989 789 1025 790 814 790 904 791 846 791 830 791 868 791 847 791 839 791 1105 792 904 792 1015 792 1079 794 884 795 813 796 835 796 814 797 858 797 826 797 954 799 854 799 931 800 944 800 919 800 1073 801 867 801 826 801 853 802 877 802 891 802 1150 803 1082 803 986 804 834 805 1011 805 1052 805 902 805 913 806 865 806 818 806 974 806 946 807 863 808 876 808 1139 808 859 808 1155 809 842 811 813 812 892 812 885 812 939 813 1082 814 899 815 1163 815 866 815 1016 816 873 816 925 817 903 818 1074 818 1094 819 1030 819 961 819 917 821 841 821 829 822 1094 822 963 822 998 824 1163 824 1072 824 1078 825 893 825 1030 825 962 825 917 827 892 828 888 828 844 829 865 830 876 830 857 830 1090 832 857 832 872 832 892 833 856 833 1144 833 1008 833 1106 833 1061 834 1015 836 1015 836 871 836 1098 836 994 838 1008 838 1061 838 1116 838 1047 838 933 838 1064 839 861 839 847 839 1053 839 947 840 1012 840 948 840 1109 840 1063 841 887 843 889 843 954 843 1048 843 938 844 897 844 860 845 846 846 868 847 866 847 864 848 884 849 1144 849 1053 849 1088 849 1014 849 1134 850 895 850 905 850 988 850 945 851 902 852 1154 852 934 852 1119 852 1018 853 952 853 951 854 1113 857 872 859 871 859 986 860 897 860 1163 860 911 862 893 862 1022 862 1012 866 1158 868 874 871 1139 871 994 872 1090 872 892 874 876 874 1105 874 1155 875 1123 878 1073 878 1086 878 1116 878 1068 878 984 878 1142 879 902 879 931 880 1152 881 958 881 911 881 1165 881 1059 883 1124 883 1024 883 924 883 977 884 898 885 981 885 1017 885 1146 886 1082 886 969 886 1111 887 897 889 925 891 893 892 900 894 1016 894 1045 894 1005 894 1109 895 1014 895 1120 895 926 902 913 905 1149 905 1120 905 945 907 1150 907 962 908 1063 908 1374 909 1078 909 1005 910 1149 910 1013 912 1052 912 980 912 963 912 937 912 1151 913 1008 914 989 914 945 914 1170 915 989 915 967 915 1037 916 1050 916 1121 916 1009 917 1022 917 948 918 933 918 1054 918 1255 918 1375 918 1177 919 1053 919 1073 920 1044 920 1084 920 1192 920 1329 920 1038 921 1151 921 1228 922 1377 922 1093 922 1159 922 1356 923 1126 923 1099 923 1195 924 1098 924 1307 925 938 925 1092 925 1001 926 1080 926 982 927 1122 928 1069 928 1361 928 1201 928 1243 928 1269 928 1230 929 1061 929 1055 929 1054 930 1055 930 1040 930 1377 930 1060 930 1114 930 1293 931 1110 931 1126 932 1134 932 943 933 1117 933 949 933 1031 934 1026 934 1000 934 1154 934 1354 934 1138 934 1069 935 1152 935 1008 936 1212 936 985 936 1029 936 1325 936 1339 936 1282 937 1182 938 974 938 1315 938 972 939 1013 939 1017 939 967 940 1097 940 953 940 1257 940 1376 941 1077 941 1170 941 1341 941 995 942 1267 942 1108 942 1231 943 1043 943 1154 945 1120 945 1044 945 1310 945 1003 946 1092 947 1043 948 1161 948 1148 949 971 949 1367 949 1040 950 1111 950 981 950 1077 950 1183 951 1052 951 971 952 1103 952 1094 953 1020 953 979 953 1057 953 1212 953 1325 955 1141 955 1035 955 1307 955 1087 956 1162 956 1095 956 1115 956 996 957 1160 957 1121 959 1123 959 1098 959 1141 960 1306 960 964 960 1179 960 1127 960 1244 960 1423 960 1324 961 1161 962 1122 963 971 963 1129 963 968 963 993 964 1320 964 1224 964 1347 965 1131 965 1130 965 982 965 1308 965 1361 966 1059 966 1095 967 995 968 980 968 998 968 1200 968 993 969 1194 970 1377 970 1010 970 1019 970 1217 970 1233 971 1117 971 1099 972 1001 972 1316 973 1154 973 1077 973 1046 974 1048 974 998 974 1147 975 1081 975 1319 975 1326 976 1038 976 1342 976 1372 976 1234 976 1585 977 1091 977 1084 977 1003 978 1174 978 1065 978 1004 978 1056 978 1049 979 1027 979 1161 979 1018 979 1020 979 1185 979 1097 980 1048 980 1200 981 1013 981 1027 982 1310 982 1104 982 1208 983 990 983 1213 983 1089 984 1141 984 990 984 1297 985 1115 985 1374 985 1081 985 1352 985 1193 987 1307 987 1087 987 1049 987 1203 987 1342 988 1131 988 1154 988 1046 989 1024 990 1142 990 1262 990 1065 991 1315 991 1176 991 1273 991 1093 991 1159 992 1273 992 1359 992 1357 992 1399 993 1132 993 1299 993 1255 995 1183 995 1071 996 1115 996 1374 996 1127 996 1244 996 1324 996 1214 997 1136 997 1100 997 1177 997 1308 998 1094 998 1147 998 1176 998 1377 999 1004 999 1290 999 1187 999 1416 1000 1164 1000 1134 1000 1131 1000 1130 1001 1165 1001 1023 1002 1099 1002 1031 1002 1042 1002 1051 1003 1044 1003 1290 1003 1049 1004 1046 1004 1208 1004 1345 1005 1095 1006 1221 1006 1199 1006 1107 1006 1145 1007 1290 1007 1038 1007 1261 1007 1372 1007 1331 1008 1103 1008 1117 1009 1096 1009 1162 1009 1118 1010 1040 1010 1255 1010 1355 1011 1152 1011 1034 1012 1022 1013 1090 1014 1053 1014 1134 1015 1139 1015 1124 1016 1045 1017 1183 1018 1077 1019 1359 1019 1248 1019 1159 1019 1205 1020 1119 1020 1076 1020 1199 1021 1051 1021 1375 1021 1089 1021 1231 1021 1565 1021 1186 1023 1096 1023 1273 1023 1118 1024 1091 1025 1044 1026 1164 1026 1050 1027 1161 1027 1341 1028 1224 1028 1295 1028 1127 1028 1029 1028 1349 1029 1212 1029 1127 1029 1201 1029 1230 1030 1158 1031 1047 1031 1100 1031 1375 1032 1328 1032 1095 1032 1344 1033 1143 1033 1112 1033 1376 1033 1218 1034 1103 1035 1141 1035 1039 1036 1147 1036 1156 1037 1194 1037 1071 1037 1261 1038 1178 1039 1113 1039 1062 1041 1133 1041 1064 1041 1054 1041 1136 1042 1182 1042 1367 1042 1191 1042 1375 1042 1300 1042 1232 1043 1105 1043 1149 1044 1194 1045 1072 1045 1050 1045 1119 1046 1187 1047 1126 1047 1117 1047 1068 1047 1066 1048 1315 1049 1372 1050 1078 1050 1354 1050 1320 1051 1195 1051 1300 1051 1242 1053 1133 1054 1294 1055 1129 1055 1058 1056 1297 1056 1219 1056 1203 1057 1199 1057 1170 1057 1341 1057 1337 1057 1210 1058 1156 1058 1354 1058 1075 1059 1160 1060 1147 1060 1121 1060 1377 1060 1159 1061 1144 1062 1126 1062 1195 1062 1213 1063 1185 1063 1128 1063 1081 1064 1116 1064 1100 1065 1080 1065 1174 1065 1104 1065 1108 1066 1068 1066 1195 1066 1100 1066 1089 1067 1319 1067 1325 1067 1112 1067 1431 1067 1227 1068 1110 1068 1113 1069 1130 1069 1138 1069 1107 1069 1361 1070 1078 1070 1160 1071 1192 1071 1280 1071 1178 1072 1088 1073 1079 1073 1116 1074 1125 1075 1114 1075 1293 1075 1295 1076 1109 1076 1119 1076 1115 1077 1341 1078 1156 1079 1098 1080 1116 1080 1142 1080 1136 1080 1267 1081 1352 1083 1299 1083 1255 1083 1191 1083 1222 1084 1091 1084 1307 1084 1329 1085 1095 1085 1153 1086 1113 1086 1141 1087 1262 1089 1242 1089 1241 1090 1105 1092 1147 1093 1176 1093 1101 1093 1366 1095 1162 1096 1165 1097 1148 1097 1341 1097 1319 1097 1257 1098 1141 1099 1117 1099 1182 1099 1367 1101 1273 1101 1157 1101 1369 1102 1118 1102 1306 1102 1357 1102 1190 1104 1136 1104 1286 1104 1171 1105 1149 1106 1144 1107 1138 1107 1199 1107 1337 1107 1325 1107 1201 1108 1267 1108 1219 1108 1241 1108 1286 1108 1265 1108 1254 1109 1161 1111 1149 1112 1319 1112 1257 1112 1197 1114 1156 1114 1248 1115 1138 1115 1320 1115 1127 1118 1359 1119 1320 1120 1174 1121 1359 1121 1248 1125 1164 1127 1216 1128 1185 1128 1319 1130 1294 1130 1354 1130 1295 1131 1133 1131 1294 1131 1221 1132 1182 1133 1144 1133 1134 1134 1154 1135 1328 1135 1306 1135 1179 1137 1341 1138 1212 1140 1293 1140 1308 1140 1295 1140 1360 1142 1267 1143 1183 1143 1280 1143 1257 1145 1187 1145 1416 1145 1175 1147 1316 1149 1155 1153 1344 1154 1221 1154 1199 1156 1164 1157 1159 1157 1366 1157 1205 1157 1256 1160 1328 1160 1162 1166 1272 1166 1263 1166 1516 1166 1266 1167 1274 1167 1346 1167 1237 1168 1247 1168 1173 1168 1539 1169 1357 1169 1205 1169 1349 1169 1542 1169 1455 1169 1551 1169 1529 1170 1290 1170 1187 1171 1346 1171 1204 1171 1416 1172 1580 1172 1379 1172 1434 1173 1216 1173 1283 1173 1275 1173 1539 1173 1245 1173 1384 1173 1454 1173 1545 1174 1297 1174 1310 1175 1269 1175 1209 1175 1420 1177 1293 1177 1355 1177 1279 1177 1274 1178 1249 1178 1234 1178 1333 1179 1291 1180 1186 1180 1277 1180 1254 1180 1528 1180 1322 1181 1207 1181 1541 1181 1350 1181 1546 1181 1373 1182 1367 1184 1231 1184 1254 1184 1237 1184 1576 1185 1212 1186 1254 1186 1298 1187 1210 1187 1323 1188 1363 1188 1499 1188 1220 1188 1445 1188 1353 1188 1338 1189 1232 1189 1356 1189 1279 1189 1343 1189 1549 1190 1291 1190 1490 1191 1281 1191 1343 1192 1194 1193 1214 1193 1339 1195 1242 1196 1355 1196 1217 1196 1295 1196 1542 1196 1202 1196 1243 1197 1218 1197 1340 1197 1358 1197 1309 1198 1469 1198 1288 1198 1371 1198 1322 1198 1381 1198 1567 1200 1228 1201 1313 1201 1263 1202 1360 1202 1259 1203 1318 1203 1236 1203 1270 1204 1265 1204 1237 1204 1270 1205 1233 1205 1258 1205 1542 1206 1250 1206 1558 1206 1225 1207 1277 1207 1528 1207 1350 1207 1411 1208 1361 1209 1475 1209 1252 1209 1284 1209 1305 1209 1557 1210 1280 1210 1337 1210 1409 1211 1340 1211 1309 1211 1504 1213 1238 1214 1553 1215 1256 1215 1321 1215 1362 1215 1580 1215 1534 1215 1426 1216 1324 1216 1230 1216 1529 1217 1224 1218 1249 1219 1262 1219 1241 1219 1318 1219 1265 1219 1277 1220 1499 1220 1588 1220 1407 1220 1467 1222 1495 1222 1302 1223 1335 1223 1266 1223 1378 1223 1446 1223 1424 1223 1584 1224 1248 1224 1354 1224 1347 1225 1467 1225 1566 1225 1597 1225 1395 1226 1231 1226 1279 1226 1296 1226 1466 1226 1576 1227 1437 1227 1456 1228 1495 1228 1366 1229 1247 1229 1276 1229 1368 1229 1538 1229 1748 1230 1349 1230 1339 1230 1283 1230 1275 1231 1375 1231 1274 1232 1279 1232 1311 1233 1355 1233 1356 1233 1549 1233 1400 1234 1585 1235 1372 1235 1270 1235 1416 1235 1351 1235 1487 1235 1407 1236 1277 1236 1364 1236 1270 1236 1253 1237 1286 1237 1254 1237 1475 1237 1246 1238 1317 1238 1251 1238 1304 1239 1292 1239 1454 1239 1485 1239 1530 1240 1487 1240 1336 1240 1557 1240 1507 1240 1327 1240 1578 1241 1277 1241 1254 1242 1251 1243 1360 1243 1349 1243 1284 1244 1554 1245 1539 1245 1334 1245 1454 1246 1541 1246 1336 1246 1348 1246 1515 1247 1554 1247 1289 1248 1359 1248 1306 1249 1280 1250 1372 1250 1585 1251 1371 1252 1259 1252 1576 1252 1330 1253 1265 1253 1254 1253 1546 1256 1366 1256 1369 1256 1271 1256 1400 1258 1357 1258 1399 1259 1355 1259 1279 1259 1274 1259 1549 1259 1296 1260 1282 1260 1378 1260 1472 1261 1290 1261 1280 1261 1331 1262 1317 1263 1275 1263 1450 1263 1335 1264 1495 1264 1302 1264 1513 1265 1345 1266 1358 1266 1404 1268 1343 1268 1311 1268 1278 1268 1533 1268 1493 1269 1458 1269 1275 1270 1402 1271 1495 1271 1356 1272 1325 1272 1313 1272 1376 1273 1316 1273 1359 1274 1308 1275 1339 1275 1303 1275 1450 1275 1384 1276 1490 1276 1289 1276 1577 1276 1474 1276 1435 1278 1524 1278 1562 1278 1533 1278 1500 1278 1432 1279 1311 1281 1300 1281 1301 1282 1326 1282 1553 1283 1349 1283 1332 1283 1476 1283 1303 1284 1332 1284 1420 1284 1330 1284 1427 1285 1409 1285 1333 1285 1516 1285 1353 1285 1587 1286 1308 1287 1420 1287 1450 1287 1445 1287 1338 1288 1524 1288 1432 1288 1519 1288 1567 1289 1455 1289 1490 1292 1554 1292 1539 1292 1538 1293 1294 1293 1355 1295 1361 1296 1533 1296 1480 1296 1523 1296 1386 1297 1307 1298 1565 1298 1365 1298 1491 1299 1377 1300 1365 1300 1312 1301 1524 1301 1562 1301 1417 1302 1343 1302 1562 1302 1370 1303 1427 1303 1452 1303 1545 1303 1563 1303 1552 1304 1317 1305 1576 1305 1336 1305 1557 1308 1346 1309 1587 1309 1465 1312 1565 1312 1417 1313 1337 1313 1363 1313 1458 1314 1528 1314 1411 1314 1630 1314 1570 1321 1399 1321 1419 1321 1577 1322 1491 1322 1520 1323 1409 1323 1499 1324 1539 1325 1337 1325 1431 1327 1407 1327 1473 1330 1523 1330 1543 1330 1498 1331 1351 1331 1499 1331 1333 1332 1551 1333 1588 1334 1431 1334 1335 1334 1378 1334 1396 1335 1450 1335 1447 1335 1396 1336 1475 1336 1546 1336 1532 1336 1507 1338 1578 1338 1392 1338 1650 1338 1668 1340 1376 1340 1437 1340 1516 1342 1364 1345 1372 1346 1361 1346 1360 1346 1475 1347 1357 1348 1576 1348 1520 1350 1364 1350 1402 1350 1411 1350 1558 1351 1372 1351 1588 1353 1389 1356 1495 1357 1455 1358 1437 1358 1456 1358 1465 1358 1446 1362 1490 1362 1551 1362 1368 1362 1509 1363 1416 1363 1514 1363 1458 1363 1516 1365 1375 1365 1524 1366 1369 1368 1529 1368 1415 1370 1500 1370 1755 1370 1521 1371 1528 1373 1541 1373 1630 1373 1448 1373 1634 1376 1409 1378 1456 1378 1403 1379 1542 1379 1534 1379 1523 1380 1441 1380 1442 1380 1586 1380 1582 1380 1737 1380 1756 1380 1664 1380 1715 1381 1528 1381 1541 1381 1385 1381 1630 1382 1507 1382 1511 1382 1531 1383 1668 1383 1664 1383 1747 1383 1803 1383 1617 1384 1396 1384 1590 1384 1413 1385 1610 1385 1626 1385 1506 1386 1466 1386 1576 1386 1434 1386 1410 1386 1501 1387 1496 1387 1707 1387 1388 1387 1742 1387 1693 1388 1470 1388 1680 1388 1693 1388 1471 1389 1510 1389 1473 1389 1504 1389 1603 1389 1503 1390 1408 1390 1629 1390 1550 1391 1509 1391 1556 1391 1563 1391 1654 1392 1473 1392 1721 1392 1672 1393 1515 1393 1535 1393 1439 1394 1404 1394 1584 1394 1449 1394 1683 1395 1597 1395 1691 1395 1637 1396 1425 1397 1581 1397 1575 1397 1661 1397 1726 1398 1603 1398 1443 1398 1690 1398 1659 1399 1490 1400 1542 1401 1470 1401 1435 1401 1478 1402 1407 1402 1566 1403 1472 1403 1584 1403 1569 1404 1446 1404 1504 1404 1424 1404 1583 1405 1425 1405 1438 1405 1620 1405 1704 1405 1698 1406 1417 1406 1469 1406 1567 1406 1610 1406 1429 1407 1546 1407 1467 1408 1411 1408 1433 1408 1570 1408 1634 1410 1519 1410 1508 1410 1501 1410 1441 1410 1535 1412 1584 1412 1662 1412 1743 1413 1450 1413 1552 1413 1424 1413 1444 1414 1523 1414 1463 1414 1427 1414 1543 1414 1623 1414 1658 1415 1476 1415 1485 1415 1435 1416 1475 1416 1499 1418 1586 1418 1440 1418 1497 1418 1756 1418 1622 1418 1763 1418 1609 1419 1464 1419 1513 1419 1426 1420 1514 1420 1452 1421 1501 1421 1441 1421 1568 1422 1481 1422 1502 1422 1477 1423 1455 1423 1554 1423 1529 1424 1447 1424 1728 1424 1569 1424 1645 1425 1472 1425 1590 1425 1444 1425 1569 1425 1704 1426 1451 1426 1496 1426 1526 1428 1680 1428 1751 1428 1695 1428 1703 1429 1561 1429 1581 1429 1625 1430 1435 1430 1654 1430 1649 1431 1437 1432 1561 1432 1709 1432 1581 1433 1558 1433 1448 1433 1511 1434 1533 1434 1480 1434 1523 1434 1436 1434 1501 1434 1459 1435 1509 1435 1632 1436 1536 1436 1468 1436 1489 1436 1501 1436 1481 1438 1552 1438 1484 1438 1767 1438 1482 1438 1764 1439 1630 1439 1593 1440 1658 1440 1484 1440 1586 1440 1760 1441 1543 1441 1502 1442 1535 1442 1721 1442 1697 1443 1512 1443 1503 1443 1659 1443 1548 1444 1482 1444 1569 1445 1516 1445 1447 1446 1584 1447 1450 1447 1650 1448 1515 1448 1507 1448 1494 1449 1583 1449 1645 1450 1458 1450 1452 1451 1755 1451 1680 1452 1498 1452 1555 1453 1485 1453 1537 1453 1540 1454 1590 1457 1555 1457 1668 1457 1728 1457 1758 1459 1502 1459 1574 1459 1611 1460 1522 1460 1578 1460 1535 1461 1498 1461 1484 1461 1497 1462 1488 1462 1603 1462 1503 1463 1534 1463 1476 1463 1563 1464 1495 1465 1579 1465 1612 1466 1524 1466 1536 1467 1547 1467 1560 1468 1521 1468 1573 1468 1518 1468 1517 1468 1564 1469 1565 1470 1534 1470 1577 1470 1526 1470 1556 1471 1611 1471 1736 1472 1530 1473 1510 1473 1560 1473 1531 1473 1488 1473 1603 1474 1577 1474 1751 1475 1514 1476 1529 1476 1563 1477 1677 1477 1667 1477 1568 1477 1726 1477 1739 1477 1710 1477 1741 1478 1571 1478 1681 1478 1736 1479 1651 1479 1742 1479 1695 1479 1752 1479 1839 1479 1787 1480 1533 1480 1493 1480 1580 1481 1489 1481 1708 1481 1739 1481 1663 1482 1552 1482 1728 1482 1497 1482 1758 1483 1610 1483 1506 1484 1563 1484 1571 1484 1718 1485 1538 1485 1545 1485 1767 1486 1553 1486 1539 1486 1530 1487 1514 1488 1531 1488 1668 1488 1503 1488 1624 1488 1596 1489 1496 1489 1742 1489 1574 1491 1576 1491 1519 1492 1511 1492 1494 1492 1672 1492 1637 1492 1666 1492 1642 1492 1745 1492 1613 1493 1513 1493 1580 1493 1573 1494 1635 1494 1666 1496 1580 1496 1573 1497 1586 1497 1602 1498 1578 1498 1586 1500 1709 1500 1573 1501 1543 1501 1502 1502 1623 1502 1574 1502 1756 1503 1583 1503 1624 1504 1579 1504 1650 1505 1751 1505 1632 1505 1738 1506 1570 1506 1593 1507 1546 1507 1721 1508 1567 1508 1581 1508 1626 1508 1559 1510 1588 1510 1547 1511 1597 1511 1637 1512 1527 1512 1579 1513 1755 1515 1532 1515 1520 1517 1521 1517 1707 1517 1572 1517 1770 1518 1709 1518 1575 1518 1564 1518 1572 1519 1536 1520 1630 1520 1626 1522 1576 1522 1532 1522 1543 1525 1569 1525 1655 1526 1577 1526 1680 1526 1751 1527 1588 1527 1547 1527 1587 1528 1541 1530 1540 1531 1637 1531 1747 1534 1556 1535 1721 1535 1559 1536 1709 1536 1581 1536 1677 1537 1748 1537 1649 1537 1713 1538 1748 1540 1767 1542 1551 1543 1623 1544 1624 1544 1758 1544 1653 1544 1724 1544 1684 1545 1654 1545 1552 1547 1585 1548 1683 1548 1606 1548 1711 1548 1679 1550 1570 1550 1744 1550 1733 1550 1589 1555 1578 1555 1728 1556 1658 1556 1611 1558 1597 1559 1652 1559 1737 1559 1635 1560 1566 1561 1709 1561 1575 1563 1658 1564 1677 1564 1739 1567 1581 1567 1661 1568 1661 1568 1652 1568 1710 1569 1645 1570 1630 1571 1654 1571 1660 1571 1714 1572 1708 1572 1673 1574 1611 1574 1601 1574 1663 1574 1757 1575 1667 1578 1668 1578 1582 1579 1587 1579 1612 1582 1721 1582 1668 1582 1672 1582 1619 1583 1612 1583 1606 1586 1623 1586 1664 1589 1733 1589 1688 1589 1809 1589 1784 1589 1717 1591 1605 1591 1700 1591 1833 1591 1599 1591 1801 1592 1622 1592 1609 1592 1719 1592 1832 1592 1729 1592 1793 1593 1753 1593 1652 1593 1646 1593 1733 1593 1761 1593 1813 1594 1807 1594 1614 1594 1678 1594 1730 1594 1828 1594 1779 1595 1625 1595 1753 1595 1835 1595 1676 1596 1624 1596 1747 1596 1617 1596 1750 1597 1629 1598 1604 1598 1759 1598 1837 1598 1819 1598 1792 1599 1725 1599 1814 1599 1797 1600 1652 1600 1635 1600 1644 1600 1604 1600 1800 1600 1687 1601 1693 1601 1694 1602 1758 1602 1763 1602 1617 1602 1656 1603 1691 1604 1712 1604 1697 1604 1800 1604 1675 1605 1767 1605 1698 1605 1608 1606 1749 1606 1750 1607 1736 1607 1818 1607 1844 1608 1714 1608 1807 1608 1647 1608 1705 1609 1639 1609 1705 1609 1734 1611 1660 1612 1683 1613 1747 1613 1636 1613 1671 1613 1699 1614 1653 1614 1655 1614 1807 1614 1724 1614 1631 1615 1739 1615 1663 1615 1712 1615 1628 1615 1836 1616 1704 1616 1698 1616 1655 1616 1678 1616 1730 1617 1724 1617 1749 1617 1656 1617 1762 1618 1673 1618 1702 1618 1638 1618 1765 1619 1642 1619 1803 1619 1621 1620 1768 1620 1700 1621 1759 1621 1837 1622 1640 1622 1719 1622 1815 1623 1640 1624 1650 1625 1661 1627 1749 1627 1774 1627 1780 1627 1670 1627 1794 1627 1789 1628 1839 1628 1641 1628 1806 1628 1847 1629 1666 1629 1657 1631 1639 1631 1705 1631 1828 1631 1779 1633 1745 1633 1636 1633 1842 1633 1671 1633 1831 1634 1744 1635 1652 1635 1643 1635 1697 1636 1642 1636 1746 1636 1759 1636 1831 1636 1826 1637 1745 1637 1692 1637 1701 1638 1696 1638 1769 1638 1806 1638 1811 1639 1718 1639 1758 1640 1757 1640 1694 1641 1757 1641 1787 1641 1674 1641 1824 1642 1672 1642 1697 1643 1746 1643 1759 1643 1717 1644 1652 1644 1710 1644 1685 1644 1813 1645 1758 1645 1653 1646 1753 1646 1777 1646 1665 1646 1813 1647 1714 1647 1648 1647 1816 1647 1689 1648 1649 1648 1782 1649 1767 1650 1668 1651 1680 1651 1693 1651 1770 1651 1695 1653 1655 1653 1684 1653 1774 1655 1764 1656 1706 1656 1734 1656 1780 1657 1745 1657 1688 1659 1732 1659 1750 1660 1760 1660 1714 1660 1694 1661 1753 1662 1683 1662 1722 1663 1839 1665 1733 1665 1809 1665 1830 1666 1744 1666 1746 1667 1835 1667 1673 1667 1726 1667 1741 1669 1703 1669 1738 1669 1848 1669 1844 1670 1724 1670 1734 1670 1827 1671 1682 1671 1790 1671 1805 1672 1721 1673 1739 1673 1696 1674 1720 1674 1694 1674 1787 1674 1824 1674 1785 1674 1818 1675 1716 1675 1719 1675 1796 1675 1804 1676 1777 1676 1685 1676 1776 1678 1700 1678 1817 1679 1684 1679 1686 1679 1722 1681 1723 1682 1690 1682 1740 1682 1795 1684 1686 1685 1773 1685 1822 1685 1791 1686 1802 1686 1781 1686 1808 1686 1789 1687 1761 1687 1830 1687 1838 1688 1746 1688 1842 1688 1784 1689 1705 1689 1801 1689 1797 1689 1834 1690 1701 1690 1732 1691 1692 1693 1720 1694 1735 1694 1815 1695 1754 1695 1766 1696 1835 1696 1773 1697 1737 1697 1715 1697 1759 1698 1807 1699 1803 1699 1731 1699 1826 1699 1799 1701 1731 1702 1770 1702 1839 1703 1736 1703 1720 1703 1766 1705 1832 1706 1803 1706 1799 1706 1783 1706 1812 1707 1755 1708 1742 1710 1737 1710 1712 1710 1716 1711 1750 1711 1849 1711 1781 1712 1756 1712 1757 1712 1823 1713 1768 1713 1723 1713 1727 1714 1782 1714 1735 1715 1763 1715 1719 1716 1741 1716 1836 1716 1800 1717 1746 1717 1845 1718 1760 1718 1764 1720 1736 1722 1808 1723 1782 1723 1725 1725 1782 1725 1844 1725 1816 1725 1814 1726 1753 1726 1741 1727 1833 1727 1814 1729 1823 1729 1804 1729 1819 1729 1772 1729 1821 1730 1743 1730 1810 1731 1750 1731 1762 1731 1805 1732 1750 1732 1805 1732 1849 1735 1760 1735 1818 1735 1832 1738 1782 1739 1769 1740 1745 1740 1790 1741 1769 1741 1798 1743 1840 1744 1761 1747 1803 1749 1750 1749 1762 1750 1802 1752 1754 1752 1765 1752 1778 1754 1788 1757 1823 1758 1764 1759 1826 1759 1792 1761 1813 1762 1799 1762 1780 1763 1837 1765 1806 1766 1785 1771 1840 1771 1810 1771 1808 1772 1832 1772 1820 1772 1793 1772 1821 1773 1811 1773 1776 1774 1840 1774 1828 1774 1808 1775 1848 1775 1844 1777 1813 1778 1839 1778 1788 1779 1801 1779 1827 1779 1846 1780 1812 1783 1819 1783 1792 1784 1845 1785 1848 1785 1788 1785 1786 1786 1818 1786 1844 1787 1788 1789 1802 1790 1795 1791 1798 1791 1822 1792 1826 1792 1838 1793 1837 1793 1812 1794 1828 1794 1808 1795 1805 1796 1798 1796 1800 1797 1816 1798 1843 1799 1825 1800 1822 1800 1838 1801 1807 1801 1817 1802 1825 1804 1836 1805 1825 1806 1843 1809 1830 1810 1846 1810 1829 1813 1822 1815 1824 1816 1818 1816 1841 1817 1833 1817 1846 1818 1820 1819 1821 1820 1824 1823 1847 1824 1847 1827 1834 1828 1829 1829 1846 1831 1845 1832 1841 1832 1834 1834 1841 1836 1843
</DataArray>
        <DataArray type="Int64" Name="offsets" NumberOfComponents="1" format="ascii">
2 4 6 8 10 12 14 16 18 20 22 24 26 28 30 32 34 36 38 40 42 44 46 48 50 52 54 56 58 60 62 64 66 68 70 72 74 76 78 80 82 84 86 88 90 92 94 96 98 100 102 104 106 108 110 112 114 116 118 120 122 124 126 128 130 132 134 136 138 140 142 144 146 148 150 152 154 156 158 160 162 164 166 168 170 172 174 176 178 180 182 184 186 188 190 192 194 196 198 200 202 204 206 208 210 212 214 216 218 220 222 224 226 228 230 232 234 236 238 240 242 244 246 248 250 252 254 256 258 260 262 264 266 268 270 272 274 276 278 280 282 284 286 288 290 292 294 296 298 300 302 304 306 308 310 312 314 316 318 320 322 324 326 328 330 332 334 336 338 340 342 344 346 348 350 352 354 356 358 360 362 364 366 368 370 372 374 376 378 380 382 384 386 388 390 392 394 396 398 400 402 404 406 408 410 412 414 416 418 420 422 424 426 428 430 432 434 436 438 440 442 444 446 448 450 452 454 456 458 460 462 464 466 468 470 472 474 476 478 480 482 484 486 488 490 492 494 496 498 500 502 504 506 508 510 512 514 516 518 520 522 524 526 528 530 532 534 536 538 540 542 544 546 548 550 552 554 556 558 560 562 564 566 568 570 572 574 576 578 580 582 584 586 588 590 592 594 596 598 600 602 604 606 608 610 612 614 616 618 620 622 624 626 628 630 632 634 636 638 640 642 644 646 648 650 652 654 656 658 660 662 664 666 668 670 672 674 676 678 680 682 684 686 688 690 692 694 696 698 700 702 704 706 708 710 712 714 716 718 720 722 724 726 728 730 732 734 736 738 740 742 744 746 748 750 752 754 756 758 760 762 764 766 768 770 772 774 776 778 780 782 784 786 788 790 792 794 796 798 800 802 804 806 808 810 812 814 816 818 820 822 824 826 828 830 832 834 836 838 840 842 844 846 848 850 852 854 856 858 860 862 864 866 868 870 872 874 876 878 880 882 884 886 888 890 892 894 896 898 900 902 904 906 908 910 912 914 916 918 920 922 924 926 928 930 932 934 936 938 940 942 944 946 948 950 952 954 956 958 960 962 964 966 968 970 972 974 976 978 980 982 984 986 988 990 992 994 996 998 1000 1002 1004 1006 1008 1010 1012 1014 1016 1018 1020 1022 1024 1026 1028 1030 1032 1034 1036 1038 1040 1042 1044 1046 1048 1050 1052 1054 1056 1058 1060 1062 1064 1066 1068 1070 1072 1074 1076 1078 1080 1082 1084 1086 1088 1090 1092 1094 1096 1098 1100 1102 1104 1106 1108 1110 1112 1114 1116 1118 1120 1122 1124 1126 1128 1130 1132 1134 1136 1138 1140 1142 1144 1146 1148 1150 1152 1154 1156 1158 1160 1162 1164 1166 1168 1170 1172 1174 1176 1178 1180 1182 1184 1186 1188 1190 1192 1194 1196 1198 1200 1202 1204 1206 1208 1210 1212 1214 1216 1218 1220 1222 1224 1226 1228 1230 1232 1234 1236 1238 1240 1242 1244 1246 1248 1250 1252 1254 1256 1258 1260 1262 1264 1266 1268 1270 1272 1274 1276 1278 1280 1282 1284 1286 1288 1290 1292 1294 1296 1298 1300 1302 1304 1306 1308 1310 1312 1314 1316 1318 1320 1322 1324 1326 1328 1330 1332 1334 1336 1338 1340 1342 1344 1346 1348 1350 1352 1354 1356 1358 1360 1362 1364 1366 1368 1370 1372 1374 1376 1378 1380 1382 1384 1386 1388 1390 1392 1394 1396 1398 1400 1402 1404 1406 1408 1410 1412 1414 1416 1418 1420 1422 1424 1426 1428 1430 1432 1434 1436 1438 1440 1442 1444 1446 1448 1450 1452 1454 1456 1458 1460 1462 1464 1466 1468 1470 1472 1474 1476 1478 1480 1482 1484 1486 1488 1490 1492 1494 1496 1498 1500 1502 1504 1506 1508 1510 1512 1514 1516 1518 1520 1522 1524 1526 1528 1530 1532 1534 1536 1538 1540 1542 1544 1546 1548 1550 1552 1554 1556 1558 1560 1562 1564 1566 1568 1570 1572 1574 1576 1578 1580 1582 1584 1586 1588 1590 1592 1594 1596 1598 1600 1602 1604 1606 1608 1610 1612 1614 1616 1618 1620 1622 1624 1626 1628 1630 1632 1634 1636 1638 1640 1642 1644 1646 1648 1650 1652 1654 1656 1658 1660 1662 1664 1666 1668 1670 1672 1674 1676 1678 1680 1682 1684 1686 1688 1690 1692 1694 1696 1698 1700 1702 1704 1706 1708 1710 1712 1714 1716 1718 1720 1722 1724 1726 1728 1730 1732 1734 1736 1738 1740 1742 1744 1746 1748 1750 1752 1754 1756 1758 1760 1762 1764 1766 1768 1770 1772 1774 1776 1778 1780 1782 1784 1786 1788 1790 1792 1794 1796 1798 1800 1802 1804 1806 1808 1810 1812 1814 1816 1818 1820 1822 1824 1826 1828 1830 1832 1834 1836 1838 1840 1842 1844 1846 1848 1850 1852 1854 1856 1858 1860 1862 1864 1866 1868 1870 1872 1874 1876 1878 1880 1882 1884 1886 1888 1890 1892 1894 1896 1898 1900 1902 1904 1906 1908 1910 1912 1914 1916 1918 1920 1922 1924 1926 1928 1930 1932 1934 1936 1938 1940 1942 1944 1946 1948 1950 1952 1954 1956 1958 1960 1962 1964 1966 1968 1970 1972 1974 1976 1978 1980 1982 1984 1986 1988 1990 1992 1994 1996 1998 2000 2002 2004 2006 2008 2010 2012 2014 2016 2018 2020 2022 2024 2026 2028 2030 2032 2034 2036 2038 2040 2042 2044 2046 2048 2050 2052 2054 2056 2058 2060 2062 2064 2066 2068 2070 2072 2074 2076 2078 2080 2082 2084 2086 2088 2090 2092 2094 2096 2098 2100 2102 2104 2106 2108 2110 2112 2114 2116 2118 2120 2122 2124 2126 2128 2130 2132 2134 2136 2138 2140 2142 2144 2146 2148 2150 2152 2154 2156 2158 2160 2162 2164 2166 2168 2170 2172 2174 2176 2178 2180 2182 2184 2186 2188 2190 2192 2194 2196 2198 2200 2202 2204 2206 2208 2210 2212 2214 2216 2218 2220 2222 2224 2226 2228 2230 2232 2234 2236 2238 2240 2242 2244 2246 2248 2250 2252 2254 2256 2258 2260 2262 2264 2266 2268 2270 2272 2274 2276 2278 2280 2282 2284 2286 2288 2290 2292 2294 2296 2298 2300 2302 2304 2306 2308 2310 2312 2314 2316 2318 2320 2322 2324 2326 2328 2330 2332 2334 2336 2338 2340 2342 2344 2346 2348 2350 2352 2354 2356 2358 2360 2362 2364 2366 2368 2370 2372 2374 2376 2378 2380 2382 2384 2386 2388 2390 2392 2394 2396 2398 2400 2402 2404 2406 2408 2410 2412 2414 2416 2418 2420 2422 2424 2426 2428 2430 2432 2434 2436 2438 2440 2442 2444 2446 2448 2450 2452 2454 2456 2458 2460 2462 2464 2466 2468 2470 2472 2474 2476 2478 2480 2482 2484 2486 2488 2490 2492 2494 2496 2498 2500 2502 2504 2506 2508 2510 2512 2514 2516 2518 2520 2522 2524 2526 2528 2530 2532 2534 2536 2538 2540 2542 2544 2546 2548 2550 2552 2554 2556 2558 2560 2562 2564 2566 2568 2570 2572 2574 2576 2578 2580 2582 2584 2586 2588 2590 2592 2594 2596 2598 2600 2602 2604 2606 2608 2610 2612 2614 2616 2618 2620 2622 2624 2626 2628 2630 2632 2634 2636 2638 2640 2642 2644 2646 2648 2650 2652 2654 2656 2658 2660 2662 2664 2666 2668 2670 2672 2674 2676 2678 2680 2682 2684 2686 2688 2690 2692 2694 2696 2698 2700 2702 2704 2706 2708 2710 2712 2714 2716 2718 2720 2722 2724 2726 2728 2730 2732 2734 2736 2738 2740 2742 2744 2746 2748 2750 2752 2754 2756 2758 2760 2762 2764 2766 2768 2770 2772 2774 2776 2778 2780 2782 2784 2786 2788 2790 2792 2794 2796 2798 2800 2802 2804 2806 2808 2810 2812 2814 2816 2818 2820 2822 2824 2826 2828 2830 2832 2834 2836 2838 2840 2842 2844 2846 2848 2850 2852 2854 2856 2858 2860 2862 2864 2866 2868 2870 2872 2874 2876 2878 2880 2882 2884 2886 2888 2890 2892 2894 2896 2898 2900 2902 2904 2906 2908 2910 2912 2914 2916 2918 2920 2922 2924 2926 2928 2930 2932 2934 2936 2938 2940 2942 2944 2946 2948 2950 2952 2954 2956 2958 2960 2962 2964 2966 2968 2970 2972 2974 2976 2978 2980 2982 2984 2986 2988 2990 2992 2994 2996 2998 3000 3002 3004 3006 3008 3010 3012 3014 3016 3018 3020 3022 3024 3026 3028 3030 3032 3034 3036 3038 3040 3042 3044 3046 3048 3050 3052 3054 3056 3058 3060 3062 3064 3066 3068 3070 3072 3074 3076 3078 3080 3082 3084 3086 3088 3090 3092 3094 3096 3098 3100 3102 3104 3106 3108 3110 3112 3114 3116 3118 3120 3122 3124 3126 3128 3130 3132 3134 3136 3138 3140 3142 3144 3146 3148 3150 3152 3154 3156 3158 3160 3162 3164 3166 3168 3170 3172 3174 3176 3178 3180 3182 3184 3186 3188 3190 3192 3194 3196 3198 3200 3202 3204 3206 3208 3210 3212 3214 3216 3218 3220 3222 3224 3226 3228 3230 3232 3234 3236 3238 3240 3242 3244 3246 3248 3250 3252 3254 3256 3258 3260 3262 3264 3266 3268 3270 3272 3274 3276 3278 3280 3282 3284 3286 3288 3290 3292 3294 3296 3298 3300 3302 3304 3306 3308 3310 3312 3314 3316 3318 3320 3322 3324 3326 3328 3330 3332 3334 3336 3338 3340 3342 3344 3346 3348 3350 3352 3354 3356 3358 3360 3362 3364 3366 3368 3370 3372 3374 3376 3378 3380 3382 3384 3386 3388 3390 3392 3394 3396 3398 3400 3402 3404 3406 3408 3410 3412 3414 3416 3418 3420 3422 3424 3426 3428 3430 3432 3434 3436 3438 3440 3442 3444 3446 3448 3450 3452 3454 3456 3458 3460 3462 3464 3466 3468 3470 3472 3474 3476 3478 3480 3482 3484 3486 3488 3490 3492 3494 3496 3498 3500 3502 3504 3506 3508 3510 3512 3514 3516 3518 3520 3522 3524 3526 3528 3530 3532 3534 3536 3538 3540 3542 3544 3546 3548 3550 3552 3554 3556 3558 3560 3562 3564 3566 3568 3570 3572 3574 3576 3578 3580 3582 3584 3586 3588 3590 3592 3594 3596 3598 3600 3602 3604 3606 3608 3610 3612 3614 3616 3618 3620 3622 3624 3626 3628 3630 3632 3634 3636 3638 3640 3642 3644 3646 3648 3650 3652 3654 3656 3658 3660 3662 3664 3666 3668 3670 3672 3674 3676 3678 3680 3682 3684 3686 3688 3690 3692 3694 3696 3698 3700 3702 3704 3706 3708 3710 3712 3714 3716 3718 3720 3722 3724 3726 3728 3730 3732 3734 3736 3738 3740 3742 3744 3746 3748 3750 3752 3754 3756 3758 3760 3762 3764 3766 3768 3770 3772 3774 3776 3778 3780 3782 3784 3786 3788 3790 3792 3794 3796 3798 3800 3802 3804 3806 3808 3810 3812 3814 3816 3818 3820 3822 3824 3826 3828 3830 3832 3834 3836 3838 3840 3842 3844 3846 3848 3850 3852 3854 3856 3858 3860 3862 3864 3866 3868 3870 3872 3874 3876 3878 3880 3882 3884 3886 3888 3890 3892 3894 3896 3898 3900 3902 3904 3906 3908 3910 3912 3914 3916 3918 3920 3922 3924 3926 3928 3930 3932 3934 3936 3938 3940 3942 3944 3946 3948 3950 3952 3954 3956 3958 3960 3962 3964 3966 3968 3970 3972 3974 3976 3978 3980 3982 3984 3986 3988 3990 3992 3994 3996 3998 4000 4002 4004 4006 4008 4010 4012 4014 4016 4018 4020 4022 4024 4026 4028 4030 4032 4034 4036 4038 4040 4042 4044 4046 4048 4050 4052 4054 4056 4058 4060 4062 4064 4066 4068 4070 4072 4074 4076 4078 4080 4082 4084 4086 4088 4090 4092 4094 4096 4098 4100 4102 4104 4106 4108 4110 4112 4114 4116 4118 4120 4122 4124 4126 4128 4130 4132 4134 4136 4138 4140 4142 4144 4146 4148 4150 4152 4154 4156 4158 4160 4162 4164 4166 4168 4170 4172 4174 4176 4178 4180 4182 4184 4186 4188 4190 4192 4194 4196 4198 4200 4202 4204 4206 4208 4210 4212 4214 4216 4218 4220 4222 4224 4226 4228 4230 4232 4234 4236 4238 4240 4242 4244 4246 4248 4250 4252 4254 4256 4258 4260 4262 4264 4266 4268 4270 4272 4274 4276 4278 4280 4282 4284 4286 4288 4290 4292 4294 4296 4298 4300 4302 4304 4306 4308 4310 4312 4314 4316 4318 4320 4322 4324 4326 4328 4330 4332 4334 4336 4338 4340 4342 4344 4346 4348 4350 4352 4354 4356 4358 4360 4362 4364 4366 4368 4370 4372 4374 4376 4378 4380 4382 4384 4386 4388 4390 4392 4394 4396 4398 4400 4402 4404 4406 4408 4410 4412 4414 4416 4418 4420 4422 4424 4426 4428 4430 4432 4434 4436 4438 4440 4442 4444 4446 4448 4450 4452 4454 4456 4458 4460 4462 4464 4466 4468 4470 4472 4474 4476 4478 4480 4482 4484 4486 4488 4490 4492 4494 4496 4498 4500 4502 4504 4506 4508 4510 4512 4514 4516 4518 4520 4522 4524 4526 4528 4530 4532 4534 4536 4538 4540 4542 4544 4546 4548 4550 4552 4554 4556 4558 4560 4562 4564 4566 4568 4570 4572 4574 4576 4578 4580 4582 4584 4586 4588 4590 4592 4594 4596 4598 4600 4602 4604 4606 4608 4610 4612 4614 4616 4618 4620 4622 4624 4626 4628 4630 4632 4634 4636 4638 4640 4642 4644 4646 4648 4650 4652 4654 4656 4658 4660 4662 4664 4666 4668 4670 4672 4674 4676 4678 4680 4682 4684 4686 4688 4690 4692 4694 4696 4698 4700 4702 4704 4706 4708 4710 4712 4714 4716 4718 4720 4722 4724 4726 4728 4730 4732 4734 4736 4738 4740 4742 4744 4746 4748 4750 4752 4754 4756 4758 4760 4762 4764 4766 4768 4770 4772 4774 4776 4778 4780 4782 4784 4786 4788 4790 4792 4794 4796 4798 4800 4802 4804 4806 4808 4810 4812 4814 4816 4818 4820 4822 4824 4826 4828 4830 4832 4834 4836 4838 4840 4842 4844 4846 4848 4850 4852 4854 4856 4858 4860 4862 4864 4866 4868 4870 4872 4874 4876 4878 4880 4882 4884 4886 4888 4890 4892 4894 4896 4898 4900 4902 4904 4906 4908 4910 4912 4914 4916 4918 4920 4922 4924 4926 4928 4930 4932 4934 4936 4938 4940 4942 4944 4946 4948 4950 4952 4954 4956 4958 4960 4962 4964 4966 4968 4970 4972 4974 4976 4978 4980 4982 4984 4986 4988 4990 4992 4994 4996 4998 5000 5002 5004 5006 5008 5010 5012 5014 5016 5018 5020 5022 5024 5026 5028 5030 5032 5034 5036 5038 5040 5042 5044 5046 5048 5050 5052 5054 5056 5058 5060 5062 5064 5066 5068 5070 5072 5074 5076 5078 5080 5082 5084 5086 5088 5090 5092 5094 5096 5098 5100 5102 5104 5106 5108 5110 5112 5114 5116 5118 5120 5122 5124 5126 5128 5130 5132 5134 5136 5138 5140 5142 5144 5146 5148 5150 5152 5154 5156 5158 5160 5162 5164 5166 5168 5170 5172 5174 5176 5178 5180 5182 5184 5186 5188 5190 5192 5194 5196 5198 5200 5202 5204 5206 5208 5210 5212 5214 5216 5218 5220 5222 5224 5226 5228 5230 5232 5234 5236 5238 5240 5242 5244 5246 5248 5250 5252 5254 5256 5258 5260 5262 5264 5266 5268 5270 5272 5274 5276 5278 5280 5282 5284 5286 5288 5290 5292 5294 5296 5298 5300 5302 5304 5306 5308 5310 5312 5314 5316 5318 5320 5322 5324 5326 5328 5330 5332 5334 5336 5338 5340 5342 5344 5346 5348 5350 5352 5354 5356 5358 5360 5362 5364 5366 5368 5370 5372 5374 5376 5378 5380 5382 5384 5386 5388 5390 5392 5394 5396 5398 5400 5402 5404 5406 5408 5410 5412 5414 5416 5418 5420 5422 5424 5426 5428 5430 5432 5434 5436 5438 5440 5442 5444 5446 5448 5450 5452 5454 5456 5458 5460 5462 5464 5466 5468 5470 5472 5474 5476 5478 5480 5482 5484 5486 5488 5490 5492 5494 5496 5498 5500 5502 5504 5506 5508 5510 5512 5514 5516 5518 5520 5522 5524 5526 5528 5530 5532 5534 5536 5538 5540 5542 5544 5546 5548 5550 5552 5554 5556 5558 5560 5562 5564 5566 5568 5570 5572 5574 5576 5578 5580 5582 5584 5586 5588 5590 5592 5594 5596 5598 5600 5602 5604 5606 5608 5610 5612 5614 5616 5618 5620 5622 5624 5626 5628 5630 5632 5634 5636 5638 5640 5642 5644 5646 5648 5650 5652 5654 5656 5658 5660 5662 5664 5666 5668 5670 5672 5674 5676 5678 5680 5682 5684 5686 5688 5690 5692 5694 5696 5698 5700 5702 5704 5706 5708 5710 5712 5714 5716 5718 5720 5722 5724 5726 5728 5730 5732 5734 5736 5738 5740 5742 5744 5746 5748 5750 5752 5754 5756 5758 5760 5762 5764 5766 5768 5770 5772 5774 5776 5778 5780 5782 5784 5786 5788 5790 5792 5794 5796 5798 5800 5802 5804 5806 5808 5810 5812 5814 5816 5818 5820 5822 5824 5826 5828 5830 5832 5834 5836 5838 5840 5842 5844 5846 5848 5850 5852 5854 5856 5858 5860 5862 5864 5866 5868 5870 5872 5874 5876 5878 5880 5882 5884 5886 5888 5890 5892 5894 5896 5898 5900 5902 5904 5906 5908 5910 5912 5914 5916 5918 5920 5922 5924 5926 5928 5930 5932 5934 5936 5938 5940 5942 5944 5946 5948 5950 5952 5954 5956 5958 5960 5962 5964 5966 5968 5970 5972 5974 5976 5978 5980 5982 5984 5986 5988 5990 5992 5994 5996 5998 6000 6002 6004 6006 6008 6010 6012 6014 6016 6018 6020 6022 6024 6026 6028 6030 6032 6034 6036 6038 6040 6042 6044 6046 6048 6050 6052 6054 6056 6058 6060 6062 6064 6066 6068 6070 6072 6074 6076 6078 6080 6082 6084 6086 6088 6090 6092 6094 6096 6098 6100 6102 6104 6106 6108 6110 6112 6114 6116 6118 6120 6122 6124 6126 6128 6130 6132 6134 6136 6138 6140 6142 6144 6146 6148 6150 6152 6154 6156 6158 6160 6162 6164 6166 6168 6170 6172 6174 6176 6178 6180 6182 6184 6186 6188 6190 6192 6194 6196 6198 6200 6202 6204 6206 6208 6210 6212 6214 6216 6218 6220 6222 6224 6226 6228 6230 6232 6234 6236 6238 6240 6242 6244 6246 6248 6250 6252 6254 6256 6258 6260 6262 6264 6266 6268 6270 6272 6274 6276 6278 6280 6282 6284 6286 6288 6290 6292 6294 6296 6298 6300 6302 6304 6306 6308 6310 6312 6314 6316 6318 6320 6322 6324 6326 6328 6330 6332 6334 6336 6338 6340 6342 6344 6346 6348 6350 6352 6354 6356 6358 6360 6362 6364 6366 6368 6370 6372 6374 6376 6378 6380 6382 6384 6386 6388 6390 6392 6394 6396 6398 6400 6402 6404 6406 6408 6410 6412 6414 6416 6418 6420 6422 6424 6426 6428 6430 6432 6434 6436 6438 6440 6442 6444 6446 6448 6450 6452 6454 6456 6458 6460 6462 6464 6466 6468 6470 6472 6474 6476 6478 6480 6482 6484 6486 6488 6490 6492 6494 6496 6498 6500 6502 6504 6506 6508 6510 6512 6514 6516 6518 6520 6522 6524 6526 6528 6530 6532 6534 6536 6538 6540 6542 6544 6546 6548 6550 6552 6554 6556 6558 6560 6562 6564 6566 6568 6570 6572 6574 6576 6578 6580 6582 6584 6586 6588 6590 6592 6594 6596 6598 6600 6602 6604 6606 6608 6610 6612 6614 6616 6618 6620 6622 6624 6626 6628 6630 6632 6634 6636 6638 6640 6642 6644 6646 6648 6650 6652 6654 6656 6658 6660 6662 6664 6666 6668 6670 6672 6674 6676 6678 6680 6682 6684 6686 6688 6690 6692 6694 6696 6698 6700 6702 6704 6706 6708 6710 6712 6714 6716 6718 6720 6722 6724 6726 6728 6730 6732 6734 6736 6738 6740 6742 6744 6746 6748 6750 6752 6754 6756 6758 6760 6762 6764 6766 6768 6770 6772 6774 6776 6778 6780 6782 6784 6786 6788 6790 6792 6794 6796 6798 6800 6802 6804 6806 6808 6810 6812 6814 6816 6818 6820 6822 6824 6826 6828 6830 6832 6834 6836 6838 6840 6842 6844 6846 6848 6850 6852 6854 6856 6858 6860 6862 6864 6866 6868 6870 6872 6874 6876 6878 6880 6882 6884 6886 6888 6890 6892 6894 6896 6898 6900 6902 6904 6906 6908 6910 6912 6914 6916 6918 6920 6922 6924 6926 6928 6930 6932 6934 6936 6938 6940 6942 6944 6946 6948 6950 6952 6954 6956 6958 6960 6962 6964 6966 6968 6970 6972 6974 6976 6978 6980 6982 6984 6986 6988 6990 6992 6994 6996 6998 7000 7002 7004 7006 7008 7010 7012 7014 7016 7018 7020 7022 7024 7026 7028 7030 7032 7034 7036 7038 7040 7042 7044 7046 7048 7050 7052 7054 7056 7058 7060 7062 7064 7066 7068 7070 7072 7074 7076 7078 7080 7082 7084 7086 7088 7090 7092 7094 7096 7098 7100 7102 7104 7106 7108 7110 7112 7114 7116 7118 7120 7122 7124 7126 7128 7130 7132 7134 7136 7138 7140 7142 7144 7146 7148 7150 7152 7154 7156 7158 7160 7162 7164 7166 7168 7170 7172 7174 7176 7178 7180 7182 7184 7186 7188 7190 7192 7194 7196 7198 7200 7202 7204 7206 7208 7210 7212 7214 7216 7218 7220 7222 7224 7226 7228 7230 7232 7234 7236 7238 7240 7242 7244 7246 7248 7250 7252 7254 7256 7258 7260 7262 7264 7266 7268 7270 7272 7274 7276 7278 7280 7282 7284 7286 7288 7290 7292 7294 7296 7298 7300 7302 7304 7306 7308 7310 7312 7314 7316 7318 7320 7322 7324 7326 7328 7330 7332 7334 7336 7338 7340 7342 7344 7346 7348 7350 7352 7354 7356 7358 7360 7362 7364 7366 7368 7370 7372 7374 7376 7378 7380 7382 7384 7386 7388 7390 7392 7394 7396 7398 7400 7402 7404 7406 7408 7410 7412 7414 7416 7418 7420 7422 7424 7426 7428 7430 7432 7434 7436 7438 7440 7442 7444 7446 7448 7450 7452 7454 7456 7458 7460 7462 7464 7466 7468 7470 7472 7474 7476 7478 7480 7482 7484 7486 7488 7490 7492 7494 7496 7498 7500 7502 7504 7506 7508 7510 7512 7514 7516 7518 7520 7522 7524 7526 7528 7530 7532 7534 7536 7538 7540 7542 7544 7546 7548 7550 7552 7554 7556 7558 7560 7562 7564 7566 7568 7570 7572 7574 7576 7578 7580 7582 7584 7586 7588 7590 7592 7594 7596 7598 7600 7602 7604 7606 7608 7610 7612 7614 7616 7618 7620 7622 7624 7626 7628 7630 7632 7634 7636 7638 7640 7642 7644 7646 7648 7650 7652 7654 7656 7658 7660 7662 7664 7666 7668 7670 7672 7674 7676 7678 7680 7682 7684 7686 7688 7690 7692 7694 7696 7698 7700 7702 7704 7706 7708 7710 7712 7714 7716 7718 7720 7722 7724 7726 7728 7730 7732 7734 7736 7738 7740 7742 7744 7746 7748 7750 7752 7754 7756 7758 7760 7762 7764 7766 7768 7770 7772 7774 7776 7778 7780 7782 7784 7786 7788 7790 7792 7794 7796 7798 7800 7802 7804 7806 7808 7810 7812 7814 7816 7818 7820 7822 7824 7826 7828 7830 7832 7834 7836 7838 7840 7842 7844 7846 7848 7850 7852 7854 7856 7858 7860 7862 7864 7866 7868 7870 7872 7874 7876 7878 7880 7882 7884 7886 7888 7890 7892 7894 7896 7898 7900 7902 7904 7906 7908 7910 7912 7914 7916 7918 7920 7922 7924 7926 7928 7930 7932 7934 7936 7938 7940 7942 7944 7946 7948 7950 7952 7954 7956 7958 7960 7962 7964 7966 7968 7970 7972 7974 7976 7978 7980 7982 7984 7986 7988 7990 7992 7994 7996 7998 8000 8002 8004 8006 8008 8010 8012 8014 8016 8018 8020 8022 8024 8026 8028 8030 8032 8034 8036 8038 8040 8042 8044 8046 8048 8050 8052 8054 8056 8058 8060 8062 8064 8066 8068 8070 8072 8074 8076 8078 8080 8082 8084 8086 8088 8090 8092 8094 8096 8098 8100 8102 8104 8106 8108 8110 8112 8114 8116 8118 8120 8122 8124 8126 8128 8130 8132 8134 8136 8138 8140 8142 8144 8146 8148 8150 8152 8154 8156 8158 8160 8162 8164 8166 8168 8170 8172 8174 8176 8178 8180 8182 8184 8186 8188 8190 8192 8194 8196 8198 8200 8202 8204 8206 8208 8210 8212 8214 8216 8218 8220 8222 8224 8226 8228
</DataArray>
      </Lines>
    </Piece>
  </PolyData>
</VTKFile>
