pore_id,particle_index,particle_id
0,1536,1537
0,1636,1637
0,1651,1652
0,1690,1691
1,1636,1637
1,1651,1652
1,1690,1691
1,1815,1816
2,1651,1652
2,1690,1691
2,1815,1816
2,1816,1817
3,1536,1537
3,1651,1652
3,1799,1800
3,1814,1815
4,1631,1632
4,1651,1652
4,1799,1800
4,1814,1815
5,1521,1522
5,1631,1632
5,1703,1704
5,1725,1726
6,1651,1652
6,1690,1691
6,1811,1812
6,1816,1817
7,1690,1691
7,1811,1812
7,1815,1816
7,1816,1817
8,1536,1537
8,1651,1652
8,1690,1691
8,1811,1812
9,1536,1537
9,1651,1652
9,1799,1800
9,1811,1812
10,1631,1632
10,1651,1652
10,1799,1800
10,1811,1812
11,130,131
11,297,298
11,302,303
11,407,408
12,28,29
12,149,150
12,169,170
12,180,181
13,37,38
13,107,108
13,210,211
13,219,220
14,1642,1643
14,1677,1678
14,1696,1697
14,1708,1709
15,1656,1657
15,1657,1658
15,1685,1686
15,1730,1731
16,1677,1678
16,1703,1704
16,1777,1778
16,1816,1817
17,1631,1632
17,1703,1704
17,1777,1778
17,1816,1817
18,1631,1632
18,1651,1652
18,1777,1778
18,1816,1817
19,1631,1632
19,1703,1704
19,1725,1726
19,1777,1778
20,1677,1678
20,1703,1704
20,1725,1726
20,1777,1778
21,1642,1643
21,1677,1678
21,1708,1709
21,1777,1778
22,1636,1637
22,1708,1709
22,1777,1778
22,1815,1816
23,1636,1637
23,1651,1652
23,1777,1778
23,1815,1816
24,1651,1652
24,1777,1778
24,1815,1816
24,1816,1817
25,1696,1697
25,1708,1709
25,1777,1778
25,1815,1816
26,1677,1678
26,1696,1697
26,1708,1709
26,1777,1778
27,1696,1697
27,1777,1778
27,1815,1816
27,1816,1817
28,1677,1678
28,1696,1697
28,1777,1778
28,1816,1817
29,1471,1472
29,1521,1522
29,1631,1632
29,1725,1726
30,1471,1472
30,1499,1500
30,1521,1522
30,1552,1553
31,1471,1472
31,1521,1522
31,1552,1553
31,1725,1726
32,1471,1472
32,1499,1500
32,1552,1553
32,1697,1698
33,1636,1637
33,1708,1709
33,1777,1778
33,1825,1826
34,1636,1637
34,1651,1652
34,1777,1778
34,1825,1826
35,1536,1537
35,1636,1637
35,1651,1652
35,1825,1826
36,1631,1632
36,1651,1652
36,1777,1778
36,1825,1826
37,1631,1632
37,1725,1726
37,1777,1778
37,1825,1826
38,1342,1343
38,1562,1563
38,1596,1597
38,1687,1688
39,1536,1537
39,1651,1652
39,1687,1688
39,1814,1815
40,1536,1537
40,1651,1652
40,1687,1688
40,1825,1826
41,1651,1652
41,1687,1688
41,1814,1815
41,1825,1826
42,1536,1537
42,1636,1637
42,1687,1688
42,1825,1826
43,1342,1343
43,1459,1460
43,1562,1563
43,1596,1597
44,1298,1299
44,1459,1460
44,1571,1572
44,1600,1601
45,1342,1343
45,1459,1460
45,1571,1572
45,1596,1597
46,1298,1299
46,1342,1343
46,1459,1460
46,1571,1572
47,1677,1678
47,1703,1704
47,1740,1741
47,1816,1817
48,1703,1704
48,1716,1717
48,1740,1741
48,1816,1817
49,1716,1717
49,1740,1741
49,1772,1773
49,1816,1817
50,1677,1678
50,1696,1697
50,1772,1773
50,1816,1817
51,1677,1678
51,1740,1741
51,1772,1773
51,1816,1817
52,1677,1678
52,1696,1697
52,1740,1741
52,1772,1773
53,1657,1658
53,1681,1682
53,1690,1691
53,1815,1816
54,1681,1682
54,1690,1691
54,1811,1812
54,1815,1816
55,1657,1658
55,1681,1682
55,1690,1691
55,1811,1812
56,1681,1682
56,1811,1812
56,1815,1816
56,1816,1817
57,1681,1682
57,1696,1697
57,1815,1816
57,1816,1817
58,1681,1682
58,1696,1697
58,1772,1773
58,1816,1817
59,1657,1658
59,1681,1682
59,1685,1686
59,1811,1812
60,1656,1657
60,1657,1658
60,1681,1682
60,1685,1686
61,1536,1537
61,1790,1791
61,1799,1800
61,1811,1812
62,1536,1537
62,1690,1691
62,1790,1791
62,1811,1812
63,1657,1658
63,1690,1691
63,1790,1791
63,1811,1812
64,1657,1658
64,1685,1686
64,1790,1791
64,1811,1812
65,1685,1686
65,1790,1791
65,1799,1800
65,1811,1812
66,1657,1658
66,1685,1686
66,1730,1731
66,1790,1791
67,1521,1522
67,1631,1632
67,1703,1704
67,1770,1771
68,1521,1522
68,1703,1704
68,1716,1717
68,1770,1771
69,57,58
69,268,269
69,290,291
69,381,382
70,268,269
70,274,275
70,290,291
70,381,382
71,310,311
71,462,463
71,559,560
71,576,577
72,64,65
72,67,68
72,76,77
72,130,131
73,37,38
73,57,58
73,219,220
73,264,265
74,37,38
74,107,108
74,219,220
74,264,265
75,37,38
75,57,58
75,264,265
75,290,291
76,57,58
76,264,265
76,268,269
76,290,291
77,310,311
77,413,414
77,559,560
77,576,577
78,72,73
78,139,140
78,162,163
78,213,214
79,72,73
79,139,140
79,162,163
79,340,341
80,44,45
80,72,73
80,139,140
80,216,217
81,31,32
81,62,63
81,65,66
81,205,206
82,72,73
82,162,163
82,212,213
82,340,341
83,1342,1343
83,1563,1564
83,1571,1572
83,1596,1597
84,1298,1299
84,1342,1343
84,1563,1564
84,1571,1572
85,1584,1585
85,1631,1632
85,1799,1800
85,1814,1815
86,1584,1585
86,1738,1739
86,1799,1800
86,1814,1815
87,1453,1454
87,1584,1585
87,1738,1739
87,1799,1800
88,1455,1456
88,1584,1585
88,1738,1739
88,1814,1815
89,1455,1456
89,1584,1585
89,1738,1739
89,1827,1828
90,1455,1456
90,1562,1563
90,1596,1597
90,1687,1688
91,1455,1456
91,1562,1563
91,1687,1688
91,1814,1815
92,1471,1472
92,1499,1500
92,1565,1566
92,1697,1698
93,57,58
93,268,269
93,272,273
93,381,382
94,797,798
94,869,870
94,904,905
94,968,969
95,869,870
95,904,905
95,968,969
95,1154,1155
96,869,870
96,968,969
96,1021,1022
96,1154,1155
97,469,470
97,474,475
97,683,684
97,826,827
98,469,470
98,474,475
98,727,728
98,826,827
99,464,465
99,474,475
99,727,728
99,826,827
100,474,475
100,503,504
100,683,684
100,791,792
101,469,470
101,474,475
101,683,684
101,791,792
102,474,475
102,503,504
102,727,728
102,791,792
103,469,470
103,474,475
103,727,728
103,791,792
104,1057,1058
104,1123,1124
104,1177,1178
104,1323,1324
105,428,429
105,511,512
105,626,627
105,842,843
106,428,429
106,511,512
106,597,598
106,626,627
107,428,429
107,511,512
107,789,790
107,842,843
108,688,689
108,731,732
108,799,800
108,810,811
109,315,316
109,451,452
109,461,462
109,627,628
110,1638,1639
110,1667,1668
110,1786,1787
110,1841,1842
111,666,667
111,742,743
111,884,885
111,993,994
112,1649,1650
112,1708,1709
112,1777,1778
112,1825,1826
113,1636,1637
113,1649,1650
113,1708,1709
113,1825,1826
114,1677,1678
114,1703,1704
114,1725,1726
114,1817,1818
115,1521,1522
115,1703,1704
115,1725,1726
115,1817,1818
116,1521,1522
116,1552,1553
116,1725,1726
116,1817,1818
117,1714,1715
117,1741,1742
117,1793,1794
117,1822,1823
118,1642,1643
118,1693,1694
118,1793,1794
118,1822,1823
119,1453,1454
119,1588,1589
119,1738,1739
119,1799,1800
120,1436,1437
120,1453,1454
120,1588,1589
120,1738,1739
121,1153,1154
121,1298,1299
121,1548,1549
121,1563,1564
122,1298,1299
122,1342,1343
122,1528,1529
122,1548,1549
123,1342,1343
123,1528,1529
123,1548,1549
123,1563,1564
124,1298,1299
124,1342,1343
124,1548,1549
124,1563,1564
125,1681,1682
125,1685,1686
125,1707,1708
125,1811,1812
126,1685,1686
126,1707,1708
126,1799,1800
126,1811,1812
127,1681,1682
127,1707,1708
127,1811,1812
127,1816,1817
128,1631,1632
128,1707,1708
128,1799,1800
128,1811,1812
129,1686,1687
129,1707,1708
129,1716,1717
129,1770,1771
130,1707,1708
130,1716,1717
130,1772,1773
130,1816,1817
131,1681,1682
131,1707,1708
131,1772,1773
131,1816,1817
132,1631,1632
132,1651,1652
132,1707,1708
132,1816,1817
133,1631,1632
133,1651,1652
133,1707,1708
133,1811,1812
134,1651,1652
134,1707,1708
134,1811,1812
134,1816,1817
135,1631,1632
135,1703,1704
135,1707,1708
135,1816,1817
136,1703,1704
136,1707,1708
136,1716,1717
136,1816,1817
137,1631,1632
137,1703,1704
137,1707,1708
137,1770,1771
138,1703,1704
138,1707,1708
138,1716,1717
138,1770,1771
139,1455,1456
139,1549,1550
139,1563,1564
139,1827,1828
140,1549,1550
140,1563,1564
140,1571,1572
140,1596,1597
141,1455,1456
141,1549,1550
141,1563,1564
141,1596,1597
142,64,65
142,130,131
142,173,174
142,302,303
143,67,68
143,130,131
143,173,174
143,302,303
144,64,65
144,67,68
144,130,131
144,173,174
145,257,258
145,453,454
145,478,479
145,588,589
146,389,390
146,527,528
146,543,544
146,575,576
147,249,250
147,310,311
147,413,414
147,576,577
148,455,456
148,462,463
148,559,560
148,576,577
149,476,477
149,675,676
149,902,903
149,921,922
150,476,477
150,675,676
150,840,841
150,921,922
151,434,435
151,448,449
151,614,615
151,659,660
152,448,449
152,614,615
152,659,660
152,690,691
153,448,449
153,595,596
153,614,615
153,690,691
154,448,449
154,595,596
154,690,691
154,763,764
155,434,435
155,526,527
155,614,615
155,659,660
156,556,557
156,638,639
156,650,651
156,673,674
157,434,435
157,556,557
157,650,651
157,673,674
158,434,435
158,448,449
158,471,472
158,556,557
159,257,258
159,453,454
159,489,490
159,629,630
160,257,258
160,453,454
160,489,490
160,588,589
161,453,454
161,489,490
161,497,498
161,629,630
162,489,490
162,497,498
162,629,630
162,798,799
163,453,454
163,489,490
163,588,589
163,701,702
164,489,490
164,588,589
164,701,702
164,798,799
165,453,454
165,489,490
165,497,498
165,701,702
166,489,490
166,497,498
166,701,702
166,798,799
167,69,70
167,98,99
167,168,169
167,194,195
168,69,70
168,97,98
168,98,99
168,194,195
169,3,4
169,37,38
169,53,54
169,210,211
170,24,25
170,105,106
170,150,151
170,174,175
171,244,245
171,248,249
171,280,281
171,527,528
172,244,245
172,248,249
172,508,509
172,527,528
173,244,245
173,248,249
173,498,499
173,508,509
174,248,249
174,249,250
174,280,281
174,527,528
175,248,249
175,249,250
175,280,281
175,413,414
176,248,249
176,249,250
176,389,390
176,527,528
177,130,131
177,303,304
177,407,408
177,512,513
178,303,304
178,407,408
178,512,513
178,598,599
179,64,65
179,76,77
179,130,131
179,303,304
180,76,77
180,130,131
180,303,304
180,512,513
181,130,131
181,302,303
181,303,304
181,407,408
182,64,65
182,130,131
182,302,303
182,303,304
183,67,68
183,76,77
183,130,131
183,277,278
184,76,77
184,303,304
184,502,503
184,512,513
185,28,29
185,149,150
185,169,170
185,220,221
186,28,29
186,53,54
186,149,150
186,220,221
187,28,29
187,169,170
187,197,198
187,220,221
188,28,29
188,53,54
188,197,198
188,220,221
189,3,4
189,28,29
189,53,54
189,197,198
190,3,4
190,37,38
190,53,54
190,197,198
191,7,8
191,19,20
191,22,23
191,138,139
192,29,30
192,73,74
192,155,156
192,159,160
193,34,35
193,72,73
193,166,167
193,216,217
194,44,45
194,91,92
194,223,224
194,340,341
195,44,45
195,72,73
195,91,92
195,216,217
196,44,45
196,91,92
196,139,140
196,340,341
197,72,73
197,91,92
197,139,140
197,340,341
198,44,45
198,72,73
198,91,92
198,139,140
199,34,35
199,72,73
199,91,92
199,216,217
200,44,45
200,91,92
200,183,184
200,223,224
201,26,27
201,111,112
201,166,167
201,213,214
202,26,27
202,72,73
202,166,167
202,213,214
203,26,27
203,111,112
203,166,167
203,201,202
204,26,27
204,34,35
204,72,73
204,212,213
205,26,27
205,34,35
205,72,73
205,166,167
206,26,27
206,166,167
206,177,178
206,201,202
207,198,199
207,223,224
207,237,238
207,340,341
208,198,199
208,212,213
208,237,238
208,340,341
209,91,92
209,223,224
209,237,238
209,340,341
210,72,73
210,212,213
210,237,238
210,340,341
211,72,73
211,91,92
211,237,238
211,340,341
212,34,35
212,72,73
212,212,213
212,237,238
213,34,35
213,72,73
213,91,92
213,237,238
214,4,5
214,198,199
214,309,310
214,338,339
215,4,5
215,198,199
215,237,238
215,338,339
216,1153,1154
216,1298,1299
216,1563,1564
216,1614,1615
217,1298,1299
217,1563,1564
217,1571,1572
217,1614,1615
218,1153,1154
218,1298,1299
218,1600,1601
218,1614,1615
219,1298,1299
219,1571,1572
219,1600,1601
219,1614,1615
220,1417,1418
220,1571,1572
220,1600,1601
220,1614,1615
221,1549,1550
221,1563,1564
221,1571,1572
221,1614,1615
222,1455,1456
222,1586,1587
222,1687,1688
222,1814,1815
223,1455,1456
223,1586,1587
223,1738,1739
223,1814,1815
224,1342,1343
224,1528,1529
224,1586,1587
224,1687,1688
225,1342,1343
225,1528,1529
225,1563,1564
225,1586,1587
226,1342,1343
226,1586,1587
226,1596,1597
226,1687,1688
227,1455,1456
227,1586,1587
227,1596,1597
227,1687,1688
228,1455,1456
228,1563,1564
228,1586,1587
228,1827,1828
229,1455,1456
229,1586,1587
229,1738,1739
229,1827,1828
230,1342,1343
230,1563,1564
230,1586,1587
230,1596,1597
231,1455,1456
231,1563,1564
231,1586,1587
231,1596,1597
232,1536,1537
232,1541,1542
232,1790,1791
232,1799,1800
233,1536,1537
233,1541,1542
233,1799,1800
233,1814,1815
234,1541,1542
234,1738,1739
234,1799,1800
234,1814,1815
235,1541,1542
235,1588,1589
235,1790,1791
235,1799,1800
236,1541,1542
236,1588,1589
236,1738,1739
236,1799,1800
237,1536,1537
237,1541,1542
237,1687,1688
237,1814,1815
238,1528,1529
238,1541,1542
238,1588,1589
238,1738,1739
239,1541,1542
239,1586,1587
239,1687,1688
239,1814,1815
240,1541,1542
240,1586,1587
240,1738,1739
240,1814,1815
241,1528,1529
241,1541,1542
241,1586,1587
241,1687,1688
242,1528,1529
242,1541,1542
242,1586,1587
242,1738,1739
243,1467,1468
243,1584,1585
243,1631,1632
243,1814,1815
244,1455,1456
244,1467,1468
244,1631,1632
244,1814,1815
245,1455,1456
245,1467,1468
245,1584,1585
245,1814,1815
246,1467,1468
246,1521,1522
246,1631,1632
246,1770,1771
247,1467,1468
247,1584,1585
247,1631,1632
247,1770,1771
248,1467,1468
248,1471,1472
248,1521,1522
248,1631,1632
249,1467,1468
249,1471,1472
249,1499,1500
249,1521,1522
250,1455,1456
250,1467,1468
250,1584,1585
250,1827,1828
251,1455,1456
251,1562,1563
251,1605,1606
251,1814,1815
252,1562,1563
252,1605,1606
252,1687,1688
252,1814,1815
253,1605,1606
253,1687,1688
253,1814,1815
253,1825,1826
254,1562,1563
254,1605,1606
254,1687,1688
254,1825,1826
255,1455,1456
255,1605,1606
255,1631,1632
255,1814,1815
256,1605,1606
256,1631,1632
256,1651,1652
256,1814,1815
257,1605,1606
257,1631,1632
257,1651,1652
257,1825,1826
258,1605,1606
258,1651,1652
258,1814,1815
258,1825,1826
259,1455,1456
259,1562,1563
259,1596,1597
259,1605,1606
260,1471,1472
260,1605,1606
260,1631,1632
260,1725,1726
261,1605,1606
261,1631,1632
261,1725,1726
261,1825,1826
262,1467,1468
262,1471,1472
262,1605,1606
262,1631,1632
263,1455,1456
263,1467,1468
263,1605,1606
263,1631,1632
264,1455,1456
264,1467,1468
264,1471,1472
264,1605,1606
265,1471,1472
265,1499,1500
265,1538,1539
265,1565,1566
266,1467,1468
266,1471,1472
266,1499,1500
266,1538,1539
267,1455,1456
267,1467,1468
267,1471,1472
267,1538,1539
268,1467,1468
268,1517,1518
268,1538,1539
268,1827,1828
269,1455,1456
269,1538,1539
269,1549,1550
269,1827,1828
270,1455,1456
270,1467,1468
270,1538,1539
270,1827,1828
271,503,504
271,683,684
271,791,792
271,831,832
272,474,475
272,503,504
272,683,684
272,831,832
273,1527,1528
273,1582,1583
273,1592,1593
273,1847,1848
274,1667,1668
274,1688,1689
274,1786,1787
274,1794,1795
275,1667,1668
275,1688,1689
275,1786,1787
275,1841,1842
276,57,58
276,264,265
276,268,269
276,370,371
277,57,58
277,268,269
277,272,273
277,370,371
278,57,58
278,219,220
278,264,265
278,370,371
279,1527,1528
279,1582,1583
279,1669,1670
279,1847,1848
280,1652,1653
280,1667,1668
280,1688,1689
280,1794,1795
281,1583,1584
281,1652,1653
281,1688,1689
281,1794,1795
282,688,689
282,731,732
282,797,798
282,1006,1007
283,614,615
283,659,660
283,690,691
283,754,755
284,731,732
284,763,764
284,773,774
284,1006,1007
285,659,660
285,690,691
285,754,755
285,808,809
286,659,660
286,754,755
286,808,809
286,834,835
287,448,449
287,659,660
287,690,691
287,808,809
288,690,691
288,754,755
288,808,809
288,997,998
289,690,691
289,773,774
289,808,809
289,997,998
290,448,449
290,471,472
290,556,557
290,746,747
291,717,718
291,835,836
291,885,886
291,957,958
292,659,660
292,732,733
292,808,809
292,834,835
293,675,676
293,732,733
293,834,835
293,902,903
294,732,733
294,754,755
294,834,835
294,902,903
295,659,660
295,732,733
295,754,755
295,834,835
296,1481,1482
296,1516,1517
296,1612,1613
296,1789,1790
297,1370,1371
297,1583,1584
297,1601,1602
297,1669,1670
298,1316,1317
298,1370,1371
298,1599,1600
298,1601,1602
299,791,792
299,823,824
299,831,832
299,989,990
300,1230,1231
300,1231,1232
300,1237,1238
300,1275,1276
301,240,241
301,453,454
301,497,498
301,701,702
302,240,241
302,453,454
302,588,589
302,701,702
303,240,241
303,453,454
303,478,479
303,588,589
304,428,429
304,511,512
304,704,705
304,789,790
305,428,429
305,511,512
305,597,598
305,704,705
306,469,470
306,704,705
306,727,728
306,826,827
307,428,429
307,560,561
307,626,627
307,842,843
308,428,429
308,560,561
308,789,790
308,842,843
309,428,429
309,516,517
309,560,561
309,789,790
310,470,471
310,697,698
310,815,816
310,820,821
311,697,698
311,815,816
311,820,821
311,845,846
312,511,512
312,586,587
312,597,598
312,626,627
313,849,850
313,873,874
313,939,940
313,1032,1033
314,315,316
314,403,404
314,451,452
314,627,628
315,315,316
315,403,404
315,520,521
315,627,628
316,464,465
316,474,475
316,618,619
316,826,827
317,464,465
317,474,475
317,558,559
317,618,619
318,315,316
318,520,521
318,627,628
318,645,646
319,1638,1639
319,1659,1660
319,1667,1668
319,1841,1842
320,1638,1639
320,1659,1660
320,1710,1711
320,1840,1841
321,1659,1660
321,1667,1668
321,1688,1689
321,1841,1842
322,1652,1653
322,1659,1660
322,1667,1668
322,1688,1689
323,450,451
323,520,521
323,627,628
323,645,646
324,1246,1247
324,1557,1558
324,1582,1583
324,1608,1609
325,1488,1489
325,1493,1494
325,1565,1566
325,1697,1698
326,1339,1340
326,1491,1492
326,1493,1494
326,1697,1698
327,1488,1489
327,1491,1492
327,1493,1494
327,1697,1698
328,1248,1249
328,1488,1489
328,1491,1492
328,1493,1494
329,1267,1268
329,1282,1283
329,1417,1418
329,1600,1601
330,1282,1283
330,1417,1418
330,1571,1572
330,1600,1601
331,1677,1678
331,1703,1704
331,1740,1741
331,1802,1803
332,1677,1678
332,1703,1704
332,1802,1803
332,1817,1818
333,1703,1704
333,1740,1741
333,1802,1803
333,1817,1818
334,1714,1715
334,1741,1742
334,1793,1794
334,1802,1803
335,1740,1741
335,1741,1742
335,1793,1794
335,1802,1803
336,1024,1025
336,1113,1114
336,1197,1198
336,1242,1243
337,100,101
337,198,199
337,212,213
337,340,341
338,100,101
338,162,163
338,212,213
338,340,341
339,1646,1647
339,1694,1695
339,1714,1715
339,1759,1760
340,1646,1647
340,1694,1695
340,1714,1715
340,1817,1818
341,1646,1647
341,1714,1715
341,1802,1803
341,1817,1818
342,1646,1647
342,1740,1741
342,1802,1803
342,1817,1818
343,1646,1647
343,1714,1715
343,1741,1742
343,1759,1760
344,1646,1647
344,1714,1715
344,1741,1742
344,1802,1803
345,1646,1647
345,1740,1741
345,1741,1742
345,1759,1760
346,1646,1647
346,1740,1741
346,1741,1742
346,1802,1803
347,1646,1647
347,1704,1705
347,1740,1741
347,1759,1760
348,1646,1647
348,1658,1659
348,1704,1705
348,1759,1760
349,1646,1647
349,1658,1659
349,1704,1705
349,1740,1741
350,1453,1454
350,1457,1458
350,1568,1569
350,1584,1585
351,1656,1657
351,1681,1682
351,1685,1686
351,1803,1804
352,1656,1657
352,1744,1745
352,1803,1804
352,1831,1832
353,1648,1649
353,1803,1804
353,1831,1832
353,1833,1834
354,1656,1657
354,1685,1686
354,1730,1731
354,1803,1804
355,1656,1657
355,1730,1731
355,1744,1745
355,1803,1804
356,1436,1437
356,1453,1454
356,1588,1589
356,1698,1699
357,1436,1437
357,1453,1454
357,1698,1699
357,1755,1756
358,1453,1454
358,1588,1589
358,1698,1699
358,1799,1800
359,1685,1686
359,1698,1699
359,1730,1731
359,1790,1791
360,1588,1589
360,1698,1699
360,1730,1731
360,1790,1791
361,1453,1454
361,1680,1681
361,1698,1699
361,1755,1756
362,1680,1681
362,1698,1699
362,1744,1745
362,1755,1756
363,1685,1686
363,1698,1699
363,1730,1731
363,1803,1804
364,1698,1699
364,1730,1731
364,1744,1745
364,1803,1804
365,1685,1686
365,1698,1699
365,1790,1791
365,1799,1800
366,1588,1589
366,1698,1699
366,1790,1791
366,1799,1800
367,1453,1454
367,1568,1569
367,1680,1681
367,1698,1699
368,1680,1681
368,1698,1699
368,1744,1745
368,1803,1804
369,1568,1569
369,1680,1681
369,1698,1699
369,1803,1804
370,1681,1682
370,1685,1686
370,1707,1708
370,1749,1750
371,1681,1682
371,1707,1708
371,1749,1750
371,1772,1773
372,1749,1750
372,1772,1773
372,1783,1784
372,1833,1834
373,1707,1708
373,1716,1717
373,1749,1750
373,1772,1773
374,1716,1717
374,1749,1750
374,1772,1773
374,1783,1784
375,1681,1682
375,1685,1686
375,1749,1750
375,1803,1804
376,1686,1687
376,1707,1708
376,1716,1717
376,1749,1750
377,1686,1687
377,1716,1717
377,1749,1750
377,1783,1784
378,1685,1686
378,1707,1708
378,1749,1750
378,1812,1813
379,1686,1687
379,1707,1708
379,1749,1750
379,1812,1813
380,1685,1686
380,1707,1708
380,1799,1800
380,1812,1813
381,1686,1687
381,1707,1708
381,1770,1771
381,1812,1813
382,1453,1454
382,1584,1585
382,1799,1800
382,1812,1813
383,1453,1454
383,1568,1569
383,1584,1585
383,1812,1813
384,1584,1585
384,1631,1632
384,1799,1800
384,1812,1813
385,1631,1632
385,1707,1708
385,1799,1800
385,1812,1813
386,1584,1585
386,1631,1632
386,1770,1771
386,1812,1813
387,1631,1632
387,1707,1708
387,1770,1771
387,1812,1813
388,1453,1454
388,1568,1569
388,1698,1699
388,1812,1813
389,1453,1454
389,1698,1699
389,1799,1800
389,1812,1813
390,1685,1686
390,1698,1699
390,1799,1800
390,1812,1813
391,1685,1686
391,1698,1699
391,1803,1804
391,1812,1813
392,1568,1569
392,1698,1699
392,1803,1804
392,1812,1813
393,1071,1072
393,1110,1111
393,1314,1315
393,1340,1341
394,1436,1437
394,1593,1594
394,1755,1756
394,1829,1830
395,1448,1449
395,1453,1454
395,1457,1458
395,1584,1585
396,1448,1449
396,1453,1454
396,1584,1585
396,1738,1739
397,1448,1449
397,1453,1454
397,1457,1458
397,1829,1830
398,1448,1449
398,1453,1454
398,1738,1739
398,1829,1830
399,1448,1449
399,1584,1585
399,1738,1739
399,1827,1828
400,466,467
400,575,576
400,597,598
400,642,643
401,586,587
401,597,598
401,626,627
401,642,643
402,466,467
402,586,587
402,597,598
402,642,643
403,284,285
403,466,467
403,575,576
403,597,598
404,284,285
404,466,467
404,597,598
404,846,847
405,452,453
405,547,548
405,727,728
405,753,754
406,452,453
406,461,462
406,464,465
406,486,487
407,585,586
407,603,604
407,643,644
407,753,754
408,452,453
408,603,604
408,643,644
408,753,754
409,452,453
409,603,604
409,727,728
409,753,754
410,244,245
410,485,486
410,494,495
410,498,499
411,485,486
411,494,495
411,498,499
411,541,542
412,244,245
412,485,486
412,498,499
412,508,509
413,353,354
413,389,390
413,527,528
413,543,544
414,249,250
414,353,354
414,389,390
414,527,528
415,249,250
415,291,292
415,353,354
415,412,413
416,256,257
416,455,456
416,559,560
416,576,577
417,256,257
417,455,456
417,488,489
417,576,577
418,299,300
418,435,436
418,468,469
418,545,546
419,299,300
419,468,469
419,545,546
419,585,586
420,468,469
420,545,546
420,585,586
420,603,604
421,299,300
421,545,546
421,585,586
421,643,644
422,545,546
422,585,586
422,603,604
422,643,644
423,312,313
423,451,452
423,461,462
423,486,487
424,312,313
424,452,453
424,486,487
424,564,565
425,312,313
425,452,453
425,461,462
425,486,487
426,34,35
426,144,145
426,212,213
426,237,238
427,4,5
427,144,145
427,237,238
427,338,339
428,144,145
428,212,213
428,237,238
428,338,339
429,357,358
429,412,413
429,488,489
429,576,577
430,256,257
430,357,358
430,576,577
430,600,601
431,256,257
431,357,358
431,488,489
431,576,577
432,249,250
432,357,358
432,389,390
432,576,577
433,249,250
433,357,358
433,412,413
433,576,577
434,249,250
434,353,354
434,357,358
434,389,390
435,249,250
435,353,354
435,357,358
435,412,413
436,243,244
436,317,318
436,565,566
436,587,588
437,351,352
437,412,413
437,488,489
437,576,577
438,351,352
438,455,456
438,488,489
438,576,577
439,249,250
439,351,352
439,412,413
439,576,577
440,249,250
440,291,292
440,351,352
440,412,413
441,351,352
441,455,456
441,462,463
441,576,577
442,249,250
442,310,311
442,351,352
442,576,577
443,310,311
443,351,352
443,462,463
443,576,577
444,675,676
444,834,835
444,902,903
444,984,985
445,675,676
445,902,903
445,921,922
445,984,985
446,732,733
446,834,835
446,885,886
446,984,985
447,675,676
447,732,733
447,834,835
447,984,985
448,454,455
448,465,466
448,565,566
448,689,690
449,454,455
449,465,466
449,565,566
449,580,581
450,465,466
450,565,566
450,580,581
450,587,588
451,243,244
451,465,466
451,565,566
451,587,588
452,256,257
452,357,358
452,443,444
452,600,601
453,256,257
453,357,358
453,443,444
453,488,489
454,443,444
454,465,466
454,580,581
454,587,588
455,256,257
455,443,444
455,455,456
455,488,489
456,443,444
456,455,456
456,488,489
456,587,588
457,448,449
457,471,472
457,579,580
457,595,596
458,434,435
458,448,449
458,471,472
458,579,580
459,434,435
459,526,527
459,579,580
459,614,615
460,448,449
460,579,580
460,595,596
460,614,615
461,434,435
461,448,449
461,579,580
461,614,615
462,346,347
462,552,553
462,569,570
462,573,574
463,670,671
463,758,759
463,787,788
463,817,818
464,257,258
464,489,490
464,629,630
464,694,695
465,489,490
465,629,630
465,694,695
465,798,799
466,257,258
466,397,398
466,489,490
466,572,573
467,257,258
467,397,398
467,489,490
467,588,589
468,267,268
468,397,398
468,538,539
468,572,573
469,267,268
469,397,398
469,512,513
469,598,599
470,257,258
470,397,398
470,478,479
470,588,589
471,257,258
471,397,398
471,478,479
471,598,599
472,267,268
472,397,398
472,512,513
472,630,631
473,330,331
473,397,398
473,588,589
473,630,631
474,397,398
474,478,479
474,588,589
474,630,631
475,397,398
475,478,479
475,598,599
475,630,631
476,397,398
476,512,513
476,598,599
476,630,631
477,270,271
477,407,408
477,512,513
477,598,599
478,267,268
478,270,271
478,512,513
478,598,599
479,267,268
479,270,271
479,299,300
479,512,513
480,267,268
480,285,286
480,397,398
480,538,539
481,285,286
481,330,331
481,593,594
481,630,631
482,285,286
482,330,331
482,397,398
482,630,631
483,285,286
483,330,331
483,485,486
483,593,594
484,299,300
484,328,329
484,468,469
484,585,586
485,267,268
485,299,300
485,328,329
485,585,586
486,299,300
486,328,329
486,435,436
486,468,469
487,328,329
487,468,469
487,538,539
487,585,586
488,285,286
488,328,329
488,468,469
488,538,539
489,267,268
489,328,329
489,538,539
489,585,586
490,267,268
490,285,286
490,328,329
490,538,539
491,267,268
491,299,300
491,328,329
491,512,513
492,328,329
492,435,436
492,468,469
492,593,594
493,285,286
493,328,329
493,468,469
493,593,594
494,267,268
494,328,329
494,512,513
494,630,631
495,285,286
495,328,329
495,593,594
495,630,631
496,267,268
496,328,329
496,397,398
496,630,631
497,267,268
497,285,286
497,328,329
497,397,398
498,285,286
498,328,329
498,397,398
498,630,631
499,10,11
499,69,70
499,151,152
499,154,155
500,10,11
500,69,70
500,97,98
500,151,152
501,10,11
501,69,70
501,97,98
501,194,195
502,10,11
502,69,70
502,154,155
502,168,169
503,10,11
503,69,70
503,168,169
503,194,195
504,10,11
504,97,98
504,111,112
504,151,152
505,34,35
505,121,122
505,166,167
505,177,178
506,34,35
506,121,122
506,166,167
506,216,217
507,121,122
507,166,167
507,177,178
507,216,217
508,94,95
508,150,151
508,176,177
508,183,184
509,44,45
509,91,92
509,176,177
509,183,184
510,44,45
510,91,92
510,176,177
510,216,217
511,94,95
511,150,151
511,174,175
511,176,177
512,105,106
512,150,151
512,174,175
512,176,177
513,16,17
513,90,91
513,108,109
513,158,159
514,61,62
514,108,109
514,118,119
514,158,159
515,16,17
515,61,62
515,108,109
515,158,159
516,7,8
516,19,20
516,56,57
516,138,139
517,248,249
517,249,250
517,389,390
517,531,532
518,248,249
518,249,250
518,413,414
518,531,532
519,249,250
519,389,390
519,531,532
519,576,577
520,249,250
520,413,414
520,531,532
520,576,577
521,357,358
521,389,390
521,531,532
521,576,577
522,357,358
522,531,532
522,576,577
522,600,601
523,357,358
523,389,390
523,531,532
523,600,601
524,413,414
524,531,532
524,559,560
524,576,577
525,258,259
525,413,414
525,531,532
525,559,560
526,256,257
526,531,532
526,576,577
526,600,601
527,256,257
527,258,259
527,531,532
527,600,601
528,256,257
528,531,532
528,559,560
528,576,577
529,256,257
529,258,259
529,531,532
529,559,560
530,222,223
530,299,300
530,328,329
530,435,436
531,130,131
531,222,223
531,297,298
531,407,408
532,222,223
532,299,300
532,328,329
532,512,513
533,222,223
533,270,271
533,297,298
533,407,408
534,222,223
534,270,271
534,297,298
534,299,300
535,130,131
535,222,223
535,407,408
535,512,513
536,222,223
536,270,271
536,407,408
536,512,513
537,222,223
537,270,271
537,299,300
537,512,513
538,244,245
538,327,328
538,485,486
538,494,495
539,276,277
539,327,328
539,485,486
539,494,495
540,244,245
540,252,253
540,327,328
540,494,495
541,276,277
541,278,279
541,485,486
541,494,495
542,278,279
542,485,486
542,494,495
542,541,542
543,278,279
543,494,495
543,498,499
543,541,542
544,276,277
544,278,279
544,283,284
544,485,486
545,283,284
545,330,331
545,485,486
545,593,594
546,283,284
546,330,331
546,593,594
546,630,631
547,276,277
547,283,284
547,327,328
547,485,486
548,283,284
548,330,331
548,485,486
548,541,542
549,278,279
549,283,284
549,330,331
549,541,542
550,278,279
550,283,284
550,485,486
550,541,542
551,283,284
551,327,328
551,485,486
551,593,594
552,303,304
552,325,326
552,512,513
552,598,599
553,303,304
553,325,326
553,502,503
553,512,513
554,325,326
554,502,503
554,512,513
554,630,631
555,76,77
555,303,304
555,325,326
555,502,503
556,64,65
556,76,77
556,303,304
556,325,326
557,40,41
557,56,57
557,64,65
557,226,227
558,40,41
558,56,57
558,87,88
558,226,227
559,64,65
559,67,68
559,173,174
559,226,227
560,56,57
560,64,65
560,173,174
560,226,227
561,87,88
561,119,120
561,157,158
561,226,227
562,40,41
562,87,88
562,157,158
562,226,227
563,86,87
563,157,158
563,200,201
563,225,226
564,40,41
564,86,87
564,157,158
564,200,201
565,16,17
565,61,62
565,82,83
565,225,226
566,61,62
566,82,83
566,200,201
566,225,226
567,16,17
567,61,62
567,82,83
567,108,109
568,2,3
568,36,37
568,180,181
568,199,200
569,2,3
569,36,37
569,167,168
569,199,200
570,2,3
570,36,37
570,169,170
570,180,181
571,2,3
571,36,37
571,169,170
571,220,221
572,36,37
572,149,150
572,169,170
572,180,181
573,36,37
573,149,150
573,169,170
573,220,221
574,2,3
574,48,49
574,167,168
574,170,171
575,2,3
575,48,49
575,170,171
575,372,373
576,2,3
576,36,37
576,48,49
576,167,168
577,2,3
577,36,37
577,48,49
577,220,221
578,37,38
578,107,108
578,202,203
578,264,265
579,37,38
579,53,54
579,197,198
579,202,203
580,53,54
580,197,198
580,202,203
580,220,221
581,37,38
581,53,54
581,202,203
581,210,211
582,37,38
582,126,127
582,197,198
582,202,203
583,37,38
583,126,127
583,202,203
583,290,291
584,37,38
584,202,203
584,264,265
584,290,291
585,73,74
585,155,156
585,159,160
585,171,172
586,73,74
586,155,156
586,161,162
586,171,172
587,7,8
587,59,60
587,171,172
587,224,225
588,73,74
588,159,160
588,171,172
588,304,305
589,22,23
589,59,60
589,163,164
589,171,172
590,7,8
590,22,23
590,59,60
590,171,172
591,29,30
591,43,44
591,107,108
591,159,160
592,29,30
592,43,44
592,107,108
592,219,220
593,43,44
593,107,108
593,210,211
593,219,220
594,29,30
594,43,44
594,125,126
594,155,156
595,43,44
595,125,126
595,155,156
595,159,160
596,29,30
596,43,44
596,155,156
596,159,160
597,108,109
597,118,119
597,141,142
597,158,159
598,239,240
598,274,275
598,308,309
598,542,543
599,59,60
599,88,89
599,163,164
599,171,172
600,88,89
600,125,126
600,155,156
600,163,164
601,88,89
601,155,156
601,163,164
601,171,172
602,88,89
602,125,126
602,155,156
602,159,160
603,88,89
603,155,156
603,159,160
603,171,172
604,25,26
604,107,108
604,202,203
604,264,265
605,25,26
605,53,54
605,202,203
605,210,211
606,25,26
606,43,44
606,107,108
606,210,211
607,25,26
607,37,38
607,107,108
607,210,211
608,25,26
608,37,38
608,202,203
608,210,211
609,25,26
609,37,38
609,107,108
609,202,203
610,137,138
610,143,144
610,206,207
610,217,218
611,59,60
611,143,144
611,206,207
611,224,225
612,244,245
612,280,281
612,288,289
612,527,528
613,249,250
613,288,289
613,291,292
613,353,354
614,244,245
614,288,289
614,349,350
614,527,528
615,249,250
615,280,281
615,288,289
615,527,528
616,249,250
616,288,289
616,353,354
616,527,528
617,54,55
617,348,349
617,414,415
617,418,419
618,248,249
618,280,281
618,306,307
618,413,414
619,248,249
619,306,307
619,346,347
619,498,499
620,244,245
620,248,249
620,280,281
620,306,307
621,244,245
621,306,307
621,494,495
621,498,499
622,244,245
622,248,249
622,306,307
622,498,499
623,244,245
623,252,253
623,280,281
623,306,307
624,244,245
624,252,253
624,306,307
624,494,495
625,261,262
625,275,276
625,323,324
625,329,330
626,131,132
626,261,262
626,275,276
626,323,324
627,250,251
627,258,259
627,413,414
627,559,560
628,250,251
628,258,259
628,413,414
628,531,532
629,250,251
629,306,307
629,402,403
629,413,414
630,250,251
630,306,307
630,346,347
630,402,403
631,248,249
631,250,251
631,306,307
631,413,414
632,248,249
632,250,251
632,306,307
632,346,347
633,91,92
633,223,224
633,237,238
633,371,372
634,34,35
634,91,92
634,237,238
634,371,372
635,34,35
635,144,145
635,237,238
635,371,372
636,4,5
636,144,145
636,237,238
636,371,372
637,5,6
637,36,37
637,149,150
637,220,221
638,5,6
638,25,26
638,33,34
638,53,54
639,5,6
639,33,34
639,53,54
639,149,150
640,5,6
640,53,54
640,149,150
640,220,221
641,5,6
641,53,54
641,202,203
641,220,221
642,5,6
642,25,26
642,53,54
642,202,203
643,147,148
643,273,274
643,405,406
643,431,432
644,142,143
644,147,148
644,273,274
644,405,406
645,737,738
645,849,850
645,944,945
645,1032,1033
646,454,455
646,532,533
646,580,581
646,792,793
647,454,455
647,532,533
647,565,566
647,580,581
648,317,318
648,532,533
648,565,566
648,587,588
649,317,318
649,532,533
649,587,588
649,635,636
650,532,533
650,565,566
650,580,581
650,587,588
651,855,856
651,920,921
651,1059,1060
651,1191,1192
652,855,856
652,873,874
652,920,921
652,1059,1060
653,467,468
653,555,556
653,611,612
653,686,687
654,467,468
654,504,505
654,555,556
654,611,612
655,26,27
655,68,69
655,72,73
655,213,214
656,26,27
656,68,69
656,72,73
656,212,213
657,68,69
657,72,73
657,162,163
657,213,214
658,68,69
658,72,73
658,162,163
658,212,213
659,68,69
659,112,113
659,162,163
659,213,214
660,68,69
660,112,113
660,162,163
660,307,308
661,68,69
661,100,101
661,162,163
661,212,213
662,68,69
662,100,101
662,162,163
662,307,308
663,68,69
663,112,113
663,154,155
663,307,308
664,26,27
664,68,69
664,111,112
664,213,214
665,10,11
665,68,69
665,151,152
665,154,155
666,10,11
666,68,69
666,111,112
666,151,152
667,68,69
667,112,113
667,151,152
667,213,214
668,68,69
668,111,112
668,151,152
668,213,214
669,68,69
669,112,113
669,151,152
669,154,155
670,51,52
670,60,61
670,114,115
670,318,319
671,26,27
671,177,178
671,201,202
671,318,319
672,34,35
672,121,122
672,177,178
672,318,319
673,34,35
673,166,167
673,177,178
673,318,319
674,26,27
674,34,35
674,166,167
674,318,319
675,26,27
675,166,167
675,177,178
675,318,319
676,26,27
676,34,35
676,212,213
676,318,319
677,34,35
677,144,145
677,212,213
677,318,319
678,1153,1154
678,1360,1361
678,1600,1601
678,1614,1615
679,1360,1361
679,1417,1418
679,1600,1601
679,1614,1615
680,1153,1154
680,1360,1361
680,1369,1370
680,1600,1601
681,1360,1361
681,1369,1370
681,1417,1418
681,1600,1601
682,1037,1038
682,1360,1361
682,1417,1418
682,1614,1615
683,1153,1154
683,1434,1435
683,1548,1549
683,1563,1564
684,1153,1154
684,1434,1435
684,1563,1564
684,1614,1615
685,1153,1154
685,1174,1175
685,1434,1435
685,1548,1549
686,1174,1175
686,1343,1344
686,1434,1435
686,1548,1549
687,1153,1154
687,1174,1175
687,1360,1361
687,1434,1435
688,1153,1154
688,1360,1361
688,1434,1435
688,1614,1615
689,1302,1303
689,1331,1332
689,1343,1344
689,1553,1554
690,1325,1326
690,1538,1539
690,1549,1550
690,1565,1566
691,1467,1468
691,1499,1500
691,1538,1539
691,1579,1580
692,1499,1500
692,1517,1518
692,1538,1539
692,1579,1580
693,1467,1468
693,1517,1518
693,1538,1539
693,1579,1580
694,1385,1386
694,1496,1497
694,1517,1518
694,1827,1828
695,1496,1497
695,1538,1539
695,1549,1550
695,1827,1828
696,1496,1497
696,1517,1518
696,1538,1539
696,1827,1828
697,1496,1497
697,1549,1550
697,1563,1564
697,1827,1828
698,1496,1497
698,1549,1550
698,1563,1564
698,1614,1615
699,1325,1326
699,1496,1497
699,1538,1539
699,1549,1550
700,1325,1326
700,1496,1497
700,1517,1518
700,1538,1539
701,1734,1735
701,1786,1787
701,1794,1795
701,1800,1801
702,1688,1689
702,1786,1787
702,1794,1795
702,1800,1801
703,1695,1696
703,1734,1735
703,1786,1787
703,1800,1801
704,1695,1696
704,1786,1787
704,1800,1801
704,1841,1842
705,1688,1689
705,1786,1787
705,1800,1801
705,1841,1842
706,1695,1696
706,1791,1792
706,1800,1801
706,1841,1842
707,1627,1628
707,1717,1718
707,1721,1722
707,1840,1841
708,1700,1701
708,1721,1722
708,1726,1727
708,1826,1827
709,1469,1470
709,1643,1644
709,1700,1701
709,1737,1738
710,1643,1644
710,1700,1701
710,1737,1738
710,1826,1827
711,1610,1611
711,1717,1718
711,1737,1738
711,1826,1827
712,1627,1628
712,1717,1718
712,1721,1722
712,1737,1738
713,1627,1628
713,1700,1701
713,1721,1722
713,1737,1738
714,1717,1718
714,1721,1722
714,1737,1738
714,1826,1827
715,1700,1701
715,1721,1722
715,1737,1738
715,1826,1827
716,1370,1371
716,1465,1466
716,1599,1600
716,1669,1670
717,1465,1466
717,1527,1528
717,1669,1670
717,1847,1848
718,1465,1466
718,1527,1528
718,1583,1584
718,1669,1670
719,1465,1466
719,1527,1528
719,1583,1584
719,1794,1795
720,1465,1466
720,1583,1584
720,1688,1689
720,1794,1795
721,299,300
721,344,345
721,545,546
721,643,644
722,683,684
722,722,723
722,831,832
722,993,994
723,474,475
723,683,684
723,722,723
723,831,832
724,474,475
724,503,504
724,722,723
724,831,832
725,474,475
725,503,504
725,558,559
725,722,723
726,1297,1298
726,1348,1349
726,1408,1409
726,1443,1444
727,1316,1317
727,1505,1506
727,1599,1600
727,1601,1602
728,1296,1297
728,1316,1317
728,1505,1506
728,1599,1600
729,1316,1317
729,1505,1506
729,1572,1573
729,1601,1602
730,1296,1297
730,1316,1317
730,1505,1506
730,1572,1573
731,1297,1298
731,1306,1307
731,1348,1349
731,1396,1397
732,570,571
732,574,575
732,621,622
732,624,625
733,347,348
733,570,571
733,574,575
733,624,625
734,347,348
734,570,571
734,615,616
734,624,625
735,440,441
735,442,443
735,550,551
735,624,625
736,654,655
736,978,979
736,1206,1207
736,1221,1222
737,869,870
737,904,905
737,978,979
737,1221,1222
738,493,494
738,688,689
738,799,800
738,810,811
739,493,494
739,688,689
739,731,732
739,799,800
740,493,494
740,731,732
740,746,747
740,799,800
741,493,494
741,688,689
741,731,732
741,746,747
742,440,441
742,442,443
742,567,568
742,734,735
743,440,441
743,442,443
743,550,551
743,734,735
744,688,689
744,780,781
744,797,798
744,1006,1007
745,4,5
745,198,199
745,215,216
745,309,310
746,198,199
746,215,216
746,223,224
746,237,238
747,4,5
747,198,199
747,215,216
747,237,238
748,661,662
748,675,676
748,732,733
748,902,903
749,661,662
749,732,733
749,754,755
749,902,903
750,659,660
750,661,662
750,732,733
750,754,755
751,476,477
751,661,662
751,675,676
751,902,903
752,614,615
752,659,660
752,661,662
752,754,755
753,526,527
753,614,615
753,661,662
753,689,690
754,526,527
754,614,615
754,659,660
754,661,662
755,1528,1529
755,1588,1589
755,1678,1679
755,1738,1739
756,1436,1437
756,1588,1589
756,1678,1679
756,1738,1739
757,1436,1437
757,1437,1438
757,1678,1679
757,1829,1830
758,1436,1437
758,1453,1454
758,1678,1679
758,1738,1739
759,1436,1437
759,1453,1454
759,1678,1679
759,1829,1830
760,1453,1454
760,1678,1679
760,1738,1739
760,1829,1830
761,1437,1438
761,1448,1449
761,1678,1679
761,1738,1739
762,1448,1449
762,1678,1679
762,1738,1739
762,1829,1830
763,1437,1438
763,1448,1449
763,1678,1679
763,1829,1830
764,754,755
764,788,789
764,834,835
764,902,903
765,754,755
765,788,789
765,808,809
765,997,998
766,754,755
766,788,789
766,808,809
766,834,835
767,732,733
767,828,829
767,834,835
767,885,886
768,732,733
768,808,809
768,828,829
768,834,835
769,717,718
769,828,829
769,835,836
769,885,886
770,717,718
770,732,733
770,828,829
770,885,886
771,738,739
771,808,809
771,828,829
771,834,835
772,738,739
772,788,789
772,834,835
772,872,873
773,738,739
773,788,789
773,808,809
773,997,998
774,738,739
774,788,789
774,808,809
774,834,835
775,448,449
775,595,596
775,760,761
775,763,764
776,448,449
776,746,747
776,760,761
776,763,764
777,448,449
777,471,472
777,595,596
777,760,761
778,448,449
778,471,472
778,746,747
778,760,761
779,731,732
779,763,764
779,811,812
779,1006,1007
780,731,732
780,746,747
780,763,764
780,811,812
781,746,747
781,760,761
781,763,764
781,811,812
782,688,689
782,731,732
782,811,812
782,1006,1007
783,688,689
783,731,732
783,746,747
783,811,812
784,463,464
784,746,747
784,760,761
784,811,812
785,688,689
785,780,781
785,811,812
785,1006,1007
786,463,464
786,493,494
786,746,747
786,811,812
787,493,494
787,688,689
787,746,747
787,811,812
788,693,694
788,717,718
788,885,886
788,957,958
789,519,520
789,693,694
789,732,733
789,885,886
790,357,358
790,389,390
790,477,478
790,600,601
791,389,390
791,477,478
791,543,544
791,575,576
792,434,435
792,514,515
792,650,651
792,673,674
793,439,440
793,514,515
793,673,674
793,717,718
794,1239,1240
794,1279,1280
794,1316,1317
794,1370,1371
795,1239,1240
795,1316,1317
795,1370,1371
795,1599,1600
796,1239,1240
796,1246,1247
796,1279,1280
796,1370,1371
797,666,667
797,742,743
797,866,867
797,884,885
798,855,856
798,864,865
798,873,874
798,1223,1224
799,761,762
799,849,850
799,864,865
799,939,940
800,666,667
800,866,867
800,982,983
800,988,989
801,866,867
801,884,885
801,982,983
801,988,989
802,666,667
802,866,867
802,884,885
802,982,983
803,653,654
803,704,705
803,826,827
803,846,847
804,511,512
804,597,598
804,653,654
804,704,705
805,597,598
805,653,654
805,704,705
805,846,847
806,1229,1230
806,1260,1261
806,1348,1349
806,1408,1409
807,1260,1261
807,1348,1349
807,1408,1409
807,1443,1444
808,29,30
808,73,74
808,155,156
808,227,228
809,73,74
809,155,156
809,161,162
809,227,228
810,1105,1106
810,1136,1137
810,1254,1255
810,1300,1301
811,1136,1137
811,1231,1232
811,1237,1238
811,1275,1276
812,1136,1137
812,1208,1209
812,1231,1232
812,1275,1276
813,1136,1137
813,1208,1209
813,1231,1232
813,1402,1403
814,1136,1137
814,1231,1232
814,1300,1301
814,1402,1403
815,1036,1037
815,1231,1232
815,1300,1301
815,1402,1403
816,1126,1127
816,1140,1141
816,1396,1397
816,1402,1403
817,1435,1436
817,1497,1498
817,1643,1644
817,1665,1666
818,1435,1436
818,1610,1611
818,1737,1738
818,1826,1827
819,1435,1436
819,1643,1644
819,1737,1738
819,1826,1827
820,1781,1782
820,1797,1798
820,1823,1824
820,1834,1835
821,857,858
821,860,861
821,996,997
821,1203,1204
822,891,892
822,937,938
822,1012,1013
822,1169,1170
823,891,892
823,937,938
823,1169,1170
823,1213,1214
824,470,471
824,497,498
824,644,645
824,701,702
825,240,241
825,497,498
825,644,645
825,701,702
826,330,331
826,541,542
826,649,650
826,818,819
827,438,439
827,498,499
827,541,542
827,573,574
828,438,439
828,541,542
828,573,574
828,818,819
829,346,347
829,438,439
829,498,499
829,573,574
830,346,347
830,438,439
830,569,570
830,573,574
831,248,249
831,346,347
831,438,439
831,498,499
832,248,249
832,346,347
832,438,439
832,569,570
833,468,469
833,538,539
833,585,586
833,625,626
834,585,586
834,603,604
834,625,626
834,753,754
835,603,604
835,625,626
835,727,728
835,753,754
836,469,470
836,625,626
836,704,705
836,727,728
837,469,470
837,625,626
837,704,705
837,789,790
838,428,429
838,625,626
838,704,705
838,789,790
839,625,626
839,704,705
839,727,728
839,826,827
840,469,470
840,656,657
840,683,684
840,791,792
841,469,470
841,656,657
841,683,684
841,702,703
842,656,657
842,791,792
842,823,824
842,989,990
843,656,657
843,750,751
843,823,824
843,989,990
844,702,703
844,710,711
844,842,843
844,893,894
845,516,517
845,560,561
845,662,663
845,789,790
846,516,517
846,609,610
846,662,663
846,716,717
847,516,517
847,560,561
847,662,663
847,694,695
848,516,517
848,609,610
848,662,663
848,694,695
849,560,561
849,662,663
849,694,695
849,798,799
850,536,537
850,560,561
850,626,627
850,842,843
851,511,512
851,536,537
851,626,627
851,842,843
852,511,512
852,536,537
852,586,587
852,842,843
853,511,512
853,536,537
853,586,587
853,626,627
854,815,816
854,820,821
854,845,846
854,881,882
855,820,821
855,845,846
855,881,882
855,1022,1023
856,817,818
856,820,821
856,881,882
856,1022,1023
857,670,671
857,817,818
857,820,821
857,881,882
858,670,671
858,815,816
858,820,821
858,881,882
859,670,671
859,758,759
859,817,818
859,881,882
860,670,671
860,758,759
860,815,816
860,881,882
861,697,698
861,807,808
861,820,821
861,845,846
862,807,808
862,820,821
862,845,846
862,1022,1023
863,697,698
863,807,808
863,820,821
863,1022,1023
864,859,860
864,1122,1123
864,1154,1155
864,1190,1191
865,859,860
865,1021,1022
865,1122,1123
865,1154,1155
866,437,438
866,550,551
866,624,625
866,756,757
867,437,438
867,570,571
867,621,622
867,685,686
868,437,438
868,570,571
868,621,622
868,624,625
869,745,746
869,749,750
869,810,811
869,852,853
870,571,572
870,765,766
870,840,841
870,841,842
871,537,538
871,571,572
871,765,766
871,841,842
872,519,520
872,675,676
872,840,841
872,841,842
873,476,477
873,675,676
873,840,841
873,841,842
874,476,477
874,519,520
874,675,676
874,841,842
875,454,455
875,476,477
875,792,793
875,841,842
876,454,455
876,580,581
876,792,793
876,841,842
877,1146,1147
877,1268,1269
877,1299,1300
877,1314,1315
878,1071,1072
878,1146,1147
878,1268,1269
878,1314,1315
879,1110,1111
879,1185,1186
879,1268,1269
879,1314,1315
880,1071,1072
880,1110,1111
880,1268,1269
880,1314,1315
881,1076,1077
881,1191,1192
881,1215,1216
881,1285,1286
882,1076,1077
882,1143,1144
882,1191,1192
882,1215,1216
883,920,921
883,1076,1077
883,1143,1144
883,1191,1192
884,855,856
884,920,921
884,1076,1077
884,1191,1192
885,268,269
885,274,275
885,381,382
885,648,649
886,236,237
886,268,269
886,274,275
886,648,649
887,239,240
887,274,275
887,381,382
887,648,649
888,239,240
888,381,382
888,403,404
888,648,649
889,236,237
889,274,275
889,542,543
889,648,649
890,236,237
890,298,299
890,542,543
890,648,649
891,504,505
891,522,523
891,553,554
891,611,612
892,265,266
892,298,299
892,542,543
892,648,649
893,265,266
893,315,316
893,520,521
893,645,646
894,239,240
894,265,266
894,274,275
894,542,543
895,239,240
895,265,266
895,274,275
895,648,649
896,265,266
896,274,275
896,542,543
896,648,649
897,239,240
897,265,266
897,403,404
897,520,521
898,239,240
898,265,266
898,403,404
898,648,649
899,265,266
899,315,316
899,403,404
899,520,521
900,265,266
900,315,316
900,403,404
900,648,649
901,1638,1639
901,1659,1660
901,1798,1799
901,1840,1841
902,1638,1639
902,1659,1660
902,1798,1799
902,1841,1842
903,1637,1638
903,1645,1646
903,1652,1653
903,1710,1711
904,1645,1646
904,1652,1653
904,1659,1660
904,1710,1711
905,1610,1611
905,1637,1638
905,1645,1646
905,1710,1711
906,1610,1611
906,1645,1646
906,1710,1711
906,1717,1718
907,1610,1611
907,1645,1646
907,1717,1718
907,1737,1738
908,425,426
908,450,451
908,623,624
908,779,780
909,1227,1228
909,1250,1251
909,1308,1309
909,1404,1405
910,1080,1081
910,1250,1251
910,1308,1309
910,1404,1405
911,1110,1111
911,1185,1186
911,1314,1315
911,1404,1405
912,451,452
912,461,462
912,486,487
912,620,621
913,461,462
913,464,465
913,486,487
913,620,621
914,464,465
914,486,487
914,558,559
914,620,621
915,464,465
915,558,559
915,618,619
915,620,621
916,1484,1485
916,1557,1558
916,1582,1583
916,1847,1848
917,1246,1247
917,1484,1485
917,1557,1558
917,1582,1583
918,1484,1485
918,1582,1583
918,1669,1670
918,1847,1848
919,1246,1247
919,1484,1485
919,1582,1583
919,1669,1670
920,1465,1466
920,1484,1485
920,1669,1670
920,1847,1848
921,1239,1240
921,1246,1247
921,1484,1485
921,1557,1558
922,1465,1466
922,1484,1485
922,1599,1600
922,1669,1670
923,1246,1247
923,1370,1371
923,1484,1485
923,1669,1670
924,1370,1371
924,1484,1485
924,1599,1600
924,1669,1670
925,1239,1240
925,1246,1247
925,1370,1371
925,1484,1485
926,1239,1240
926,1370,1371
926,1484,1485
926,1599,1600
927,1227,1228
927,1250,1251
927,1308,1309
927,1420,1421
928,1227,1228
928,1308,1309
928,1401,1402
928,1420,1421
929,1592,1593
929,1644,1645
929,1761,1762
929,1843,1844
930,1666,1667
930,1762,1763
930,1765,1766
930,1839,1840
931,1693,1694
931,1765,1766
931,1822,1823
931,1839,1840
932,1248,1249
932,1491,1492
932,1493,1494
932,1518,1519
933,1339,1340
933,1491,1492
933,1493,1494
933,1518,1519
934,1248,1249
934,1420,1421
934,1493,1494
934,1518,1519
935,1339,1340
935,1420,1421
935,1493,1494
935,1518,1519
936,1248,1249
936,1401,1402
936,1420,1421
936,1518,1519
937,1476,1477
937,1484,1485
937,1557,1558
937,1847,1848
938,1455,1456
938,1554,1555
938,1596,1597
938,1605,1606
939,1455,1456
939,1471,1472
939,1554,1555
939,1605,1606
940,1554,1555
940,1562,1563
940,1596,1597
940,1605,1606
941,1455,1456
941,1471,1472
941,1538,1539
941,1554,1555
942,1455,1456
942,1549,1550
942,1554,1555
942,1596,1597
943,1605,1606
943,1718,1719
943,1725,1726
943,1825,1826
944,1471,1472
944,1605,1606
944,1718,1719
944,1725,1726
945,1471,1472
945,1554,1555
945,1605,1606
945,1718,1719
946,1471,1472
946,1538,1539
946,1565,1566
946,1567,1568
947,1471,1472
947,1538,1539
947,1554,1555
947,1567,1568
948,1538,1539
948,1549,1550
948,1565,1566
948,1567,1568
949,1549,1550
949,1554,1555
949,1567,1568
949,1596,1597
950,1455,1456
950,1538,1539
950,1549,1550
950,1567,1568
951,1455,1456
951,1549,1550
951,1554,1555
951,1567,1568
952,1455,1456
952,1538,1539
952,1554,1555
952,1567,1568
953,1399,1400
953,1410,1411
953,1426,1427
953,1522,1523
954,1317,1318
954,1339,1340
954,1358,1359
954,1399,1400
955,1261,1262
955,1317,1318
955,1426,1427
955,1522,1523
956,1317,1318
956,1399,1400
956,1426,1427
956,1522,1523
957,1317,1318
957,1358,1359
957,1473,1474
957,1510,1511
958,1224,1225
958,1267,1268
958,1282,1283
958,1427,1428
959,1267,1268
959,1282,1283
959,1427,1428
959,1600,1601
960,1427,1428
960,1459,1460
960,1571,1572
960,1600,1601
961,1282,1283
961,1427,1428
961,1571,1572
961,1600,1601
962,1224,1225
962,1282,1283
962,1427,1428
962,1510,1511
963,1282,1283
963,1427,1428
963,1473,1474
963,1510,1511
964,1024,1025
964,1113,1114
964,1184,1185
964,1242,1243
965,1153,1154
965,1174,1175
965,1360,1361
965,1386,1387
966,1153,1154
966,1360,1361
966,1369,1370
966,1386,1387
967,927,928
967,1184,1185
967,1188,1189
967,1220,1221
968,888,889
968,927,928
968,981,982
968,1196,1197
969,855,856
969,873,874
969,1196,1197
969,1223,1224
970,1031,1032
970,1233,1234
970,1285,1286
970,1363,1364
971,1113,1114
971,1267,1268
971,1286,1287
971,1369,1370
972,1267,1268
972,1286,1287
972,1369,1370
972,1600,1601
973,1267,1268
973,1286,1287
973,1417,1418
973,1600,1601
974,1286,1287
974,1369,1370
974,1417,1418
974,1600,1601
975,1037,1038
975,1286,1287
975,1360,1361
975,1417,1418
976,1286,1287
976,1360,1361
976,1369,1370
976,1417,1418
977,1037,1038
977,1159,1160
977,1286,1287
977,1360,1361
978,1286,1287
978,1360,1361
978,1369,1370
978,1386,1387
979,1159,1160
979,1286,1287
979,1360,1361
979,1386,1387
980,246,247
980,317,318
980,364,365
980,379,380
981,198,199
981,309,310
981,338,339
981,356,357
982,100,101
982,198,199
982,212,213
982,356,357
983,198,199
983,212,213
983,237,238
983,356,357
984,198,199
984,237,238
984,338,339
984,356,357
985,212,213
985,237,238
985,338,339
985,356,357
986,1646,1647
986,1694,1695
986,1747,1748
986,1817,1818
987,1462,1463
987,1552,1553
987,1739,1740
987,1747,1748
988,1646,1647
988,1694,1695
988,1747,1748
988,1759,1760
989,1646,1647
989,1658,1659
989,1747,1748
989,1759,1760
990,1521,1522
990,1674,1675
990,1716,1717
990,1770,1771
991,1658,1659
991,1674,1675
991,1739,1740
991,1747,1748
992,1646,1647
992,1658,1659
992,1674,1675
992,1747,1748
993,1646,1647
993,1658,1659
993,1674,1675
993,1740,1741
994,1646,1647
994,1674,1675
994,1747,1748
994,1817,1818
995,1521,1522
995,1552,1553
995,1674,1675
995,1817,1818
996,1552,1553
996,1674,1675
996,1747,1748
996,1817,1818
997,1521,1522
997,1674,1675
997,1703,1704
997,1716,1717
998,1674,1675
998,1703,1704
998,1716,1717
998,1740,1741
999,1521,1522
999,1674,1675
999,1703,1704
999,1817,1818
1000,1674,1675
1000,1703,1704
1000,1740,1741
1000,1817,1818
1001,1646,1647
1001,1674,1675
1001,1740,1741
1001,1817,1818
1002,1523,1524
1002,1592,1593
1002,1644,1645
1002,1847,1848
1003,1658,1659
1003,1704,1705
1003,1759,1760
1003,1774,1775
1004,1444,1445
1004,1593,1594
1004,1629,1630
1004,1755,1756
1005,1444,1445
1005,1629,1630
1005,1680,1681
1005,1755,1756
1006,1444,1445
1006,1593,1594
1006,1755,1756
1006,1829,1830
1007,1444,1445
1007,1453,1454
1007,1568,1569
1007,1680,1681
1008,1444,1445
1008,1453,1454
1008,1680,1681
1008,1755,1756
1009,1444,1445
1009,1593,1594
1009,1629,1630
1009,1662,1663
1010,1444,1445
1010,1453,1454
1010,1457,1458
1010,1568,1569
1011,1444,1445
1011,1453,1454
1011,1457,1458
1011,1829,1830
1012,1436,1437
1012,1444,1445
1012,1453,1454
1012,1755,1756
1013,1436,1437
1013,1444,1445
1013,1453,1454
1013,1829,1830
1014,1436,1437
1014,1444,1445
1014,1755,1756
1014,1829,1830
1015,1653,1654
1015,1680,1681
1015,1744,1745
1015,1755,1756
1016,1629,1630
1016,1653,1654
1016,1680,1681
1016,1755,1756
1017,1648,1649
1017,1653,1654
1017,1670,1671
1017,1831,1832
1018,1653,1654
1018,1680,1681
1018,1744,1745
1018,1803,1804
1019,1648,1649
1019,1653,1654
1019,1680,1681
1019,1803,1804
1020,1653,1654
1020,1744,1745
1020,1803,1804
1020,1831,1832
1021,1648,1649
1021,1653,1654
1021,1803,1804
1021,1831,1832
1022,1444,1445
1022,1451,1452
1022,1457,1458
1022,1829,1830
1023,1451,1452
1023,1481,1482
1023,1612,1613
1023,1789,1790
1024,1444,1445
1024,1451,1452
1024,1593,1594
1024,1829,1830
1025,1451,1452
1025,1593,1594
1025,1662,1663
1025,1789,1790
1026,1444,1445
1026,1451,1452
1026,1593,1594
1026,1662,1663
1027,1264,1265
1027,1451,1452
1027,1481,1482
1027,1612,1613
1028,1264,1265
1028,1481,1482
1028,1516,1517
1028,1612,1613
1029,1110,1111
1029,1314,1315
1029,1340,1341
1029,1414,1415
1030,1227,1228
1030,1250,1251
1030,1404,1405
1030,1414,1415
1031,1110,1111
1031,1314,1315
1031,1404,1405
1031,1414,1415
1032,1305,1306
1032,1413,1414
1032,1429,1430
1032,1432,1433
1033,1302,1303
1033,1305,1306
1033,1403,1404
1033,1525,1526
1034,1302,1303
1034,1305,1306
1034,1331,1332
1034,1553,1554
1035,859,860
1035,1122,1123
1035,1190,1191
1035,1273,1274
1036,859,860
1036,1058,1059
1036,1190,1191
1036,1273,1274
1037,1122,1123
1037,1154,1155
1037,1190,1191
1037,1273,1274
1038,1086,1087
1038,1091,1092
1038,1324,1325
1038,1350,1351
1039,1349,1350
1039,1366,1367
1039,1573,1574
1039,1603,1604
1040,1349,1350
1040,1366,1367
1040,1380,1381
1040,1573,1574
1041,1437,1438
1041,1448,1449
1041,1490,1491
1041,1738,1739
1042,1490,1491
1042,1528,1529
1042,1678,1679
1042,1738,1739
1043,1437,1438
1043,1490,1491
1043,1678,1679
1043,1738,1739
1044,1490,1491
1044,1528,1529
1044,1586,1587
1044,1738,1739
1045,1490,1491
1045,1528,1529
1045,1594,1595
1045,1678,1679
1046,1437,1438
1046,1490,1491
1046,1594,1595
1046,1678,1679
1047,1490,1491
1047,1528,1529
1047,1563,1564
1047,1586,1587
1048,1490,1491
1048,1586,1587
1048,1738,1739
1048,1827,1828
1049,1448,1449
1049,1490,1491
1049,1738,1739
1049,1827,1828
1050,1385,1386
1050,1437,1438
1050,1448,1449
1050,1490,1491
1051,1490,1491
1051,1563,1564
1051,1586,1587
1051,1827,1828
1052,1490,1491
1052,1528,1529
1052,1548,1549
1052,1594,1595
1053,1490,1491
1053,1528,1529
1053,1548,1549
1053,1563,1564
1054,1331,1332
1054,1437,1438
1054,1490,1491
1054,1594,1595
1055,1331,1332
1055,1385,1386
1055,1437,1438
1055,1490,1491
1056,1385,1386
1056,1448,1449
1056,1490,1491
1056,1827,1828
1057,1490,1491
1057,1496,1497
1057,1563,1564
1057,1827,1828
1058,1578,1579
1058,1612,1613
1058,1664,1665
1058,1846,1847
1059,1578,1579
1059,1612,1613
1059,1789,1790
1059,1846,1847
1060,1516,1517
1060,1578,1579
1060,1612,1613
1060,1789,1790
1061,131,132
1061,178,179
1061,184,185
1061,275,276
1062,336,337
1062,527,528
1062,543,544
1062,575,576
1063,284,285
1063,336,337
1063,543,544
1063,575,576
1064,336,337
1064,353,354
1064,527,528
1064,543,544
1065,284,285
1065,294,295
1065,336,337
1065,543,544
1066,288,289
1066,336,337
1066,349,350
1066,527,528
1067,288,289
1067,336,337
1067,353,354
1067,527,528
1068,452,453
1068,464,465
1068,672,673
1068,727,728
1069,452,453
1069,464,465
1069,486,487
1069,672,673
1070,464,465
1070,486,487
1070,558,559
1070,672,673
1071,452,453
1071,547,548
1071,672,673
1071,727,728
1072,464,465
1072,474,475
1072,672,673
1072,727,728
1073,464,465
1073,474,475
1073,558,559
1073,672,673
1074,452,453
1074,547,548
1074,564,565
1074,672,673
1075,452,453
1075,486,487
1075,564,565
1075,672,673
1076,474,475
1076,503,504
1076,672,673
1076,727,728
1077,474,475
1077,503,504
1077,558,559
1077,672,673
1078,503,504
1078,547,548
1078,672,673
1078,727,728
1079,589,590
1079,704,705
1079,826,827
1079,846,847
1080,589,590
1080,625,626
1080,704,705
1080,826,827
1081,589,590
1081,603,604
1081,625,626
1081,704,705
1082,589,590
1082,625,626
1082,727,728
1082,826,827
1083,589,590
1083,603,604
1083,625,626
1083,727,728
1084,452,453
1084,461,462
1084,464,465
1084,589,590
1085,452,453
1085,589,590
1085,603,604
1085,727,728
1086,464,465
1086,589,590
1086,727,728
1086,826,827
1087,452,453
1087,464,465
1087,589,590
1087,727,728
1088,322,323
1088,522,523
1088,553,554
1088,718,719
1089,322,323
1089,477,478
1089,543,544
1089,718,719
1090,322,323
1090,357,358
1090,389,390
1090,543,544
1091,322,323
1091,389,390
1091,477,478
1091,543,544
1092,322,323
1092,357,358
1092,389,390
1092,477,478
1093,291,292
1093,332,333
1093,353,354
1093,412,413
1094,288,289
1094,291,292
1094,332,333
1094,353,354
1095,81,82
1095,332,333
1095,339,340
1095,383,384
1096,461,462
1096,589,590
1096,596,597
1096,599,600
1097,284,285
1097,294,295
1097,596,597
1097,599,600
1098,284,285
1098,596,597
1098,599,600
1098,846,847
1099,589,590
1099,596,597
1099,599,600
1099,846,847
1100,344,345
1100,358,359
1100,564,565
1100,643,644
1101,312,313
1101,451,452
1101,459,460
1101,461,462
1102,315,316
1102,451,452
1102,459,460
1102,461,462
1103,315,316
1103,403,404
1103,451,452
1103,459,460
1104,272,273
1104,292,293
1104,358,359
1104,459,460
1105,292,293
1105,312,313
1105,358,359
1105,459,460
1106,315,316
1106,403,404
1106,459,460
1106,648,649
1107,381,382
1107,403,404
1107,459,460
1107,648,649
1108,268,269
1108,272,273
1108,381,382
1108,459,460
1109,268,269
1109,272,273
1109,292,293
1109,459,460
1110,268,269
1110,381,382
1110,459,460
1110,648,649
1111,268,269
1111,292,293
1111,459,460
1111,648,649
1112,301,302
1112,452,453
1112,564,565
1112,643,644
1113,301,302
1113,312,313
1113,452,453
1113,564,565
1114,301,302
1114,358,359
1114,564,565
1114,643,644
1115,301,302
1115,312,313
1115,358,359
1115,564,565
1116,292,293
1116,301,302
1116,312,313
1116,358,359
1117,301,302
1117,452,453
1117,603,604
1117,643,644
1118,301,302
1118,545,546
1118,603,604
1118,643,644
1119,301,302
1119,344,345
1119,358,359
1119,643,644
1120,292,293
1120,301,302
1120,344,345
1120,358,359
1121,301,302
1121,545,546
1121,596,597
1121,603,604
1122,301,302
1122,344,345
1122,545,546
1122,643,644
1123,301,302
1123,452,453
1123,589,590
1123,603,604
1124,301,302
1124,589,590
1124,596,597
1124,603,604
1125,292,293
1125,301,302
1125,312,313
1125,461,462
1126,301,302
1126,312,313
1126,452,453
1126,461,462
1127,301,302
1127,452,453
1127,461,462
1127,589,590
1128,301,302
1128,461,462
1128,589,590
1128,596,597
1129,249,250
1129,280,281
1129,395,396
1129,413,414
1130,249,250
1130,310,311
1130,395,396
1130,413,414
1131,249,250
1131,310,311
1131,351,352
1131,395,396
1132,249,250
1132,291,292
1132,351,352
1132,395,396
1133,51,52
1133,291,292
1133,351,352
1133,395,396
1134,518,519
1134,522,523
1134,553,554
1134,718,719
1135,467,468
1135,504,505
1135,549,550
1135,611,612
1136,549,550
1136,571,572
1136,783,784
1136,825,826
1137,537,538
1137,549,550
1137,765,766
1137,825,826
1138,549,550
1138,571,572
1138,765,766
1138,825,826
1139,537,538
1139,549,550
1139,571,572
1139,765,766
1140,93,94
1140,208,209
1140,246,247
1140,379,380
1141,872,873
1141,888,889
1141,911,912
1141,924,925
1142,888,889
1142,911,912
1142,924,925
1142,1171,1172
1143,822,823
1143,911,912
1143,924,925
1143,1171,1172
1144,822,823
1144,921,922
1144,924,925
1144,984,985
1145,834,835
1145,872,873
1145,924,925
1145,984,985
1146,556,557
1146,605,606
1146,638,639
1146,650,651
1147,250,251
1147,258,259
1147,509,510
1147,605,606
1148,471,472
1148,509,510
1148,605,606
1148,636,637
1149,233,234
1149,256,257
1149,258,259
1149,559,560
1150,638,639
1150,650,651
1150,673,674
1150,786,787
1151,466,467
1151,561,562
1151,586,587
1151,642,643
1152,489,490
1152,533,534
1152,572,573
1152,694,695
1153,489,490
1153,533,534
1153,694,695
1153,798,799
1154,533,534
1154,560,561
1154,694,695
1154,798,799
1155,397,398
1155,533,534
1155,538,539
1155,572,573
1156,397,398
1156,489,490
1156,533,534
1156,572,573
1157,516,517
1157,533,534
1157,572,573
1157,694,695
1158,428,429
1158,516,517
1158,533,534
1158,560,561
1159,516,517
1159,533,534
1159,560,561
1159,694,695
1160,267,268
1160,499,500
1160,554,555
1160,572,573
1161,257,258
1161,397,398
1161,499,500
1161,598,599
1162,267,268
1162,397,398
1162,499,500
1162,598,599
1163,257,258
1163,397,398
1163,499,500
1163,572,573
1164,267,268
1164,397,398
1164,499,500
1164,572,573
1165,257,258
1165,489,490
1165,499,500
1165,572,573
1166,257,258
1166,489,490
1166,499,500
1166,694,695
1167,489,490
1167,499,500
1167,572,573
1167,694,695
1168,267,268
1168,270,271
1168,499,500
1168,598,599
1169,267,268
1169,270,271
1169,499,500
1169,554,555
1170,483,484
1170,547,548
1170,727,728
1170,753,754
1171,483,484
1171,547,548
1171,753,754
1171,781,782
1172,483,484
1172,503,504
1172,727,728
1172,791,792
1173,483,484
1173,503,504
1173,547,548
1173,727,728
1174,469,470
1174,483,484
1174,727,728
1174,791,792
1175,270,271
1175,297,298
1175,299,300
1175,410,411
1176,299,300
1176,410,411
1176,585,586
1176,643,644
1177,267,268
1177,299,300
1177,410,411
1177,585,586
1178,267,268
1178,270,271
1178,299,300
1178,410,411
1179,410,411
1179,585,586
1179,643,644
1179,753,754
1180,267,268
1180,410,411
1180,554,555
1180,585,586
1181,267,268
1181,270,271
1181,410,411
1181,554,555
1182,444,445
1182,597,598
1182,626,627
1182,642,643
1183,428,429
1183,444,445
1183,597,598
1183,626,627
1184,428,429
1184,444,445
1184,533,534
1184,538,539
1185,428,429
1185,444,445
1185,533,534
1185,626,627
1186,285,286
1186,444,445
1186,468,469
1186,538,539
1187,428,429
1187,444,445
1187,538,539
1187,625,626
1188,18,19
1188,31,32
1188,62,63
1188,65,66
1189,9,10
1189,18,19
1189,31,32
1189,65,66
1190,55,56
1190,118,119
1190,141,142
1190,158,159
1191,23,24
1191,42,43
1191,55,56
1191,101,102
1192,23,24
1192,55,56
1192,101,102
1192,104,105
1193,7,8
1193,21,22
1193,22,23
1193,138,139
1194,7,8
1194,21,22
1194,22,23
1194,59,60
1195,7,8
1195,21,22
1195,59,60
1195,224,225
1196,7,8
1196,21,22
1196,206,207
1196,224,225
1197,21,22
1197,59,60
1197,206,207
1197,224,225
1198,21,22
1198,137,138
1198,193,194
1198,206,207
1199,21,22
1199,137,138
1199,143,144
1199,206,207
1200,21,22
1200,59,60
1200,143,144
1200,206,207
1201,450,451
1201,592,593
1201,645,646
1201,779,780
1202,450,451
1202,520,521
1202,592,593
1202,645,646
1203,161,162
1203,221,222
1203,287,288
1203,368,369
1204,73,74
1204,171,172
1204,221,222
1204,304,305
1205,171,172
1205,221,222
1205,224,225
1205,304,305
1206,73,74
1206,161,162
1206,171,172
1206,221,222
1207,73,74
1207,161,162
1207,221,222
1207,227,228
1208,130,131
1208,222,223
1208,255,256
1208,512,513
1209,130,131
1209,222,223
1209,255,256
1209,277,278
1210,76,77
1210,130,131
1210,255,256
1210,512,513
1211,76,77
1211,255,256
1211,502,503
1211,512,513
1212,76,77
1212,130,131
1212,255,256
1212,277,278
1213,76,77
1213,255,256
1213,277,278
1213,502,503
1214,255,256
1214,502,503
1214,512,513
1214,630,631
1215,255,256
1215,328,329
1215,512,513
1215,630,631
1216,222,223
1216,255,256
1216,328,329
1216,512,513
1217,255,256
1217,328,329
1217,593,594
1217,630,631
1218,255,256
1218,283,284
1218,593,594
1218,630,631
1219,255,256
1219,283,284
1219,502,503
1219,630,631
1220,222,223
1220,255,256
1220,277,278
1220,435,436
1221,255,256
1221,328,329
1221,435,436
1221,593,594
1222,222,223
1222,255,256
1222,328,329
1222,435,436
1223,335,336
1223,349,350
1223,366,367
1223,435,436
1224,255,256
1224,335,336
1224,435,436
1224,593,594
1225,255,256
1225,277,278
1225,335,336
1225,435,436
1226,255,256
1226,327,328
1226,335,336
1226,593,594
1227,255,256
1227,277,278
1227,327,328
1227,335,336
1228,234,235
1228,298,299
1228,339,340
1228,383,384
1229,264,265
1229,268,269
1229,370,371
1229,390,391
1230,268,269
1230,272,273
1230,292,293
1230,390,391
1231,268,269
1231,272,273
1231,370,371
1231,390,391
1232,122,123
1232,272,273
1232,370,371
1232,390,391
1233,292,293
1233,344,345
1233,358,359
1233,390,391
1234,122,123
1234,344,345
1234,358,359
1234,390,391
1235,272,273
1235,292,293
1235,358,359
1235,390,391
1236,122,123
1236,272,273
1236,358,359
1236,390,391
1237,327,328
1237,449,450
1237,485,486
1237,593,594
1238,244,245
1238,449,450
1238,485,486
1238,508,509
1239,244,245
1239,327,328
1239,449,450
1239,485,486
1240,244,245
1240,449,450
1240,508,509
1240,527,528
1241,244,245
1241,349,350
1241,449,450
1241,527,528
1242,327,328
1242,335,336
1242,349,350
1242,449,450
1243,327,328
1243,335,336
1243,449,450
1243,593,594
1244,336,337
1244,349,350
1244,449,450
1244,527,528
1245,335,336
1245,349,350
1245,435,436
1245,449,450
1246,335,336
1246,435,436
1246,449,450
1246,593,594
1247,449,450
1247,508,509
1247,527,528
1247,575,576
1248,336,337
1248,449,450
1248,527,528
1248,575,576
1249,321,322
1249,420,421
1249,568,569
1249,574,575
1250,276,277
1250,278,279
1250,283,284
1250,354,355
1251,17,18
1251,276,277
1251,326,327
1251,354,355
1252,17,18
1252,326,327
1252,354,355
1252,502,503
1253,276,277
1253,283,284
1253,326,327
1253,327,328
1254,255,256
1254,283,284
1254,326,327
1254,502,503
1255,255,256
1255,277,278
1255,326,327
1255,502,503
1256,255,256
1256,277,278
1256,326,327
1256,327,328
1257,276,277
1257,283,284
1257,326,327
1257,354,355
1258,283,284
1258,326,327
1258,354,355
1258,502,503
1259,283,284
1259,326,327
1259,327,328
1259,593,594
1260,255,256
1260,326,327
1260,327,328
1260,593,594
1261,255,256
1261,283,284
1261,326,327
1261,593,594
1262,76,77
1262,277,278
1262,326,327
1262,502,503
1263,76,77
1263,204,205
1263,277,278
1263,326,327
1264,277,278
1264,326,327
1264,327,328
1264,335,336
1265,63,64
1265,207,208
1265,211,212
1265,388,389
1266,276,277
1266,278,279
1266,352,353
1266,354,355
1267,278,279
1267,283,284
1267,330,331
1267,424,425
1268,278,279
1268,330,331
1268,424,425
1268,541,542
1269,330,331
1269,424,425
1269,541,542
1269,649,650
1270,330,331
1270,424,425
1270,588,589
1270,649,650
1271,240,241
1271,424,425
1271,478,479
1271,588,589
1272,240,241
1272,377,378
1272,424,425
1272,478,479
1273,240,241
1273,424,425
1273,588,589
1273,701,702
1274,424,425
1274,588,589
1274,649,650
1274,701,702
1275,0,1
1275,61,62
1275,200,201
1275,225,226
1276,0,1
1276,86,87
1276,200,201
1276,225,226
1277,0,1
1277,61,62
1277,82,83
1277,200,201
1278,0,1
1278,118,119
1278,141,142
1278,207,208
1279,0,1
1279,61,62
1279,108,109
1279,118,119
1280,0,1
1280,108,109
1280,118,119
1280,141,142
1281,67,68
1281,76,77
1281,245,246
1281,277,278
1282,76,77
1282,204,205
1282,245,246
1282,277,278
1283,67,68
1283,204,205
1283,245,246
1283,277,278
1284,64,65
1284,67,68
1284,76,77
1284,245,246
1285,64,65
1285,67,68
1285,226,227
1285,245,246
1286,40,41
1286,86,87
1286,226,227
1286,245,246
1287,40,41
1287,64,65
1287,226,227
1287,245,246
1288,17,18
1288,245,246
1288,326,327
1288,502,503
1289,17,18
1289,204,205
1289,245,246
1289,326,327
1290,76,77
1290,245,246
1290,326,327
1290,502,503
1291,76,77
1291,204,205
1291,245,246
1291,326,327
1292,17,18
1292,86,87
1292,245,246
1292,376,377
1293,36,37
1293,109,110
1293,180,181
1293,199,200
1294,98,99
1294,109,110
1294,194,195
1294,199,200
1295,97,98
1295,98,99
1295,109,110
1295,194,195
1296,109,110
1296,167,168
1296,194,195
1296,199,200
1297,36,37
1297,109,110
1297,167,168
1297,199,200
1298,109,110
1298,167,168
1298,192,193
1298,194,195
1299,36,37
1299,109,110
1299,167,168
1299,192,193
1300,70,71
1300,97,98
1300,109,110
1300,194,195
1301,70,71
1301,109,110
1301,192,193
1301,194,195
1302,2,3
1302,48,49
1302,372,373
1302,382,383
1303,169,170
1303,197,198
1303,220,221
1303,382,383
1304,2,3
1304,169,170
1304,220,221
1304,382,383
1305,2,3
1305,48,49
1305,220,221
1305,382,383
1306,126,127
1306,197,198
1306,202,203
1306,382,383
1307,197,198
1307,202,203
1307,220,221
1307,382,383
1308,235,236
1308,308,309
1308,372,373
1308,409,410
1309,235,236
1309,308,309
1309,409,410
1309,473,474
1310,235,236
1310,239,240
1310,308,309
1310,542,543
1311,235,236
1311,239,240
1311,308,309
1311,473,474
1312,235,236
1312,239,240
1312,265,266
1312,542,543
1313,235,236
1313,239,240
1313,265,266
1313,473,474
1314,235,236
1314,265,266
1314,460,461
1314,542,543
1315,235,236
1315,265,266
1315,460,461
1315,473,474
1316,113,114
1316,236,237
1316,268,269
1316,274,275
1317,113,114
1317,202,203
1317,264,265
1317,290,291
1318,113,114
1318,236,237
1318,274,275
1318,542,543
1319,113,114
1319,268,269
1319,274,275
1319,290,291
1320,113,114
1320,264,265
1320,268,269
1320,290,291
1321,113,114
1321,126,127
1321,274,275
1321,290,291
1322,113,114
1322,126,127
1322,202,203
1322,290,291
1323,1230,1231
1323,1237,1238
1323,1275,1276
1323,1368,1369
1324,1162,1163
1324,1230,1231
1324,1237,1238
1324,1368,1369
1325,1162,1163
1325,1230,1231
1325,1320,1321
1325,1368,1369
1326,1647,1648
1326,1732,1733
1326,1795,1796
1326,1807,1808
1327,1732,1733
1327,1795,1796
1327,1797,1798
1327,1807,1808
1328,1654,1655
1328,1781,1782
1328,1795,1796
1328,1834,1835
1329,1781,1782
1329,1795,1796
1329,1797,1798
1329,1834,1835
1330,1732,1733
1330,1795,1796
1330,1797,1798
1330,1834,1835
1331,120,121
1331,155,156
1331,163,164
1331,171,172
1332,120,121
1332,155,156
1332,161,162
1332,171,172
1333,22,23
1333,120,121
1333,163,164
1333,171,172
1334,120,121
1334,161,162
1334,221,222
1334,368,369
1335,120,121
1335,161,162
1335,171,172
1335,221,222
1336,120,121
1336,221,222
1336,224,225
1336,368,369
1337,120,121
1337,171,172
1337,221,222
1337,224,225
1338,7,8
1338,19,20
1338,22,23
1338,120,121
1339,7,8
1339,22,23
1339,120,121
1339,171,172
1340,7,8
1340,19,20
1340,120,121
1340,368,369
1341,7,8
1341,120,121
1341,224,225
1341,368,369
1342,7,8
1342,120,121
1342,171,172
1342,224,225
1343,88,89
1343,159,160
1343,171,172
1343,185,186
1344,59,60
1344,88,89
1344,171,172
1344,185,186
1345,5,6
1345,33,34
1345,75,76
1345,92,93
1346,5,6
1346,25,26
1346,33,34
1346,92,93
1347,15,16
1347,63,64
1347,211,212
1347,388,389
1348,15,16
1348,63,64
1348,211,212
1348,217,218
1349,15,16
1349,52,53
1349,211,212
1349,388,389
1350,67,68
1350,95,96
1350,204,205
1350,245,246
1351,67,68
1351,95,96
1351,226,227
1351,245,246
1352,16,17
1352,82,83
1352,108,109
1352,182,183
1353,82,83
1353,182,183
1353,200,201
1353,229,230
1354,54,55
1354,179,180
1354,319,320
1354,414,415
1355,54,55
1355,179,180
1355,414,415
1355,418,419
1356,179,180
1356,296,297
1356,319,320
1356,414,415
1357,241,242
1357,261,262
1357,275,276
1357,329,330
1358,241,242
1358,275,276
1358,329,330
1358,507,508
1359,241,242
1359,329,330
1359,402,403
1359,507,508
1360,306,307
1360,346,347
1360,378,379
1360,498,499
1361,278,279
1361,378,379
1361,494,495
1361,498,499
1362,306,307
1362,378,379
1362,494,495
1362,498,499
1363,346,347
1363,378,379
1363,498,499
1363,573,574
1364,378,379
1364,498,499
1364,541,542
1364,573,574
1365,278,279
1365,378,379
1365,498,499
1365,541,542
1366,250,251
1366,346,347
1366,367,368
1366,402,403
1367,306,307
1367,346,347
1367,367,368
1367,402,403
1368,306,307
1368,346,347
1368,367,368
1368,378,379
1369,346,347
1369,367,368
1369,378,379
1369,573,574
1370,367,368
1370,378,379
1370,573,574
1370,615,616
1371,367,368
1371,552,553
1371,573,574
1371,615,616
1372,91,92
1372,136,137
1372,176,177
1372,183,184
1373,91,92
1373,136,137
1373,176,177
1373,216,217
1374,34,35
1374,91,92
1374,136,137
1374,216,217
1375,34,35
1375,91,92
1375,136,137
1375,371,372
1376,105,106
1376,136,137
1376,176,177
1376,216,217
1377,34,35
1377,121,122
1377,136,137
1377,216,217
1378,34,35
1378,121,122
1378,136,137
1378,371,372
1379,4,5
1379,209,210
1379,310,311
1379,462,463
1380,13,14
1380,209,210
1380,261,262
1380,323,324
1381,13,14
1381,209,210
1381,323,324
1381,365,366
1382,4,5
1382,13,14
1382,237,238
1382,371,372
1383,4,5
1383,13,14
1383,215,216
1383,237,238
1384,13,14
1384,223,224
1384,237,238
1384,371,372
1385,13,14
1385,215,216
1385,223,224
1385,237,238
1386,81,82
1386,331,332
1386,383,384
1386,391,392
1387,235,236
1387,331,332
1387,383,384
1387,542,543
1388,236,237
1388,298,299
1388,331,332
1388,542,543
1389,298,299
1389,331,332
1389,383,384
1389,542,543
1390,81,82
1390,114,115
1390,187,188
1390,401,402
1391,81,82
1391,187,188
1391,339,340
1391,401,402
1392,50,51
1392,51,52
1392,114,115
1392,401,402
1393,51,52
1393,291,292
1393,395,396
1393,401,402
1394,50,51
1394,51,52
1394,395,396
1394,401,402
1395,81,82
1395,291,292
1395,332,333
1395,401,402
1396,81,82
1396,332,333
1396,339,340
1396,401,402
1397,288,289
1397,291,292
1397,332,333
1397,401,402
1398,288,289
1398,332,333
1398,339,340
1398,401,402
1399,9,10
1399,32,33
1399,187,188
1399,228,229
1400,9,10
1400,65,66
1400,187,188
1400,228,229
1401,9,10
1401,32,33
1401,92,93
1401,228,229
1402,9,10
1402,75,76
1402,92,93
1402,228,229
1403,5,6
1403,32,33
1403,92,93
1403,228,229
1404,5,6
1404,75,76
1404,92,93
1404,228,229
1405,9,10
1405,31,32
1405,65,66
1405,228,229
1406,9,10
1406,31,32
1406,75,76
1406,228,229
1407,36,37
1407,85,86
1407,167,168
1407,192,193
1408,85,86
1408,167,168
1408,192,193
1408,194,195
1409,48,49
1409,85,86
1409,167,168
1409,391,392
1410,36,37
1410,48,49
1410,85,86
1410,167,168
1411,70,71
1411,85,86
1411,192,193
1411,194,195
1412,36,37
1412,48,49
1412,85,86
1412,220,221
1413,5,6
1413,36,37
1413,85,86
1413,220,221
1414,46,47
1414,167,168
1414,391,392
1414,405,406
1415,46,47
1415,142,143
1415,147,148
1415,170,171
1416,46,47
1416,142,143
1416,147,148
1416,405,406
1417,46,47
1417,48,49
1417,167,168
1417,170,171
1418,46,47
1418,48,49
1418,167,168
1418,391,392
1419,46,47
1419,48,49
1419,170,171
1419,372,373
1420,46,47
1420,147,148
1420,170,171
1420,409,410
1421,46,47
1421,170,171
1421,372,373
1421,409,410
1422,46,47
1422,235,236
1422,372,373
1422,409,410
1423,142,143
1423,145,146
1423,168,169
1423,194,195
1424,145,146
1424,167,168
1424,391,392
1424,405,406
1425,85,86
1425,145,146
1425,167,168
1425,194,195
1426,85,86
1426,145,146
1426,167,168
1426,391,392
1427,70,71
1427,85,86
1427,145,146
1427,194,195
1428,822,823
1428,921,922
1428,964,965
1428,984,985
1429,519,520
1429,571,572
1429,674,675
1429,693,694
1430,20,21
1430,98,99
1430,194,195
1430,199,200
1431,20,21
1431,98,99
1431,168,169
1431,194,195
1432,20,21
1432,142,143
1432,147,148
1432,170,171
1433,20,21
1433,167,168
1433,194,195
1433,199,200
1434,20,21
1434,142,143
1434,168,169
1434,194,195
1435,20,21
1435,145,146
1435,167,168
1435,194,195
1436,20,21
1436,142,143
1436,145,146
1436,194,195
1437,2,3
1437,20,21
1437,170,171
1437,199,200
1438,2,3
1438,20,21
1438,167,168
1438,170,171
1439,2,3
1439,20,21
1439,167,168
1439,199,200
1440,20,21
1440,46,47
1440,167,168
1440,170,171
1441,20,21
1441,46,47
1441,142,143
1441,170,171
1442,20,21
1442,145,146
1442,167,168
1442,405,406
1443,20,21
1443,142,143
1443,145,146
1443,405,406
1444,20,21
1444,46,47
1444,167,168
1444,405,406
1445,20,21
1445,46,47
1445,142,143
1445,405,406
1446,873,874
1446,907,908
1446,1032,1033
1446,1059,1060
1447,873,874
1447,907,908
1447,1032,1033
1447,1196,1197
1448,467,468
1448,611,612
1448,634,635
1448,686,687
1449,467,468
1449,549,550
1449,611,612
1449,634,635
1450,634,635
1450,671,672
1450,783,784
1450,825,826
1451,549,550
1451,634,635
1451,783,784
1451,825,826
1452,337,338
1452,467,468
1452,504,505
1452,555,556
1453,337,338
1453,467,468
1453,504,505
1453,601,602
1454,273,274
1454,399,400
1454,429,430
1454,431,432
1455,8,9
1455,60,61
1455,114,115
1455,318,319
1456,8,9
1456,62,63
1456,65,66
1456,114,115
1457,8,9
1457,62,63
1457,65,66
1457,205,206
1458,8,9
1458,26,27
1458,201,202
1458,318,319
1459,8,9
1459,26,27
1459,60,61
1459,318,319
1460,8,9
1460,70,71
1460,201,202
1460,205,206
1461,8,9
1461,62,63
1461,177,178
1461,205,206
1462,8,9
1462,177,178
1462,201,202
1462,205,206
1463,8,9
1463,62,63
1463,177,178
1463,318,319
1464,8,9
1464,177,178
1464,201,202
1464,318,319
1465,1305,1306
1465,1359,1360
1465,1413,1414
1465,1432,1433
1466,1359,1360
1466,1429,1430
1466,1432,1433
1466,1553,1554
1467,1305,1306
1467,1359,1360
1467,1429,1430
1467,1432,1433
1468,1305,1306
1468,1359,1360
1468,1429,1430
1468,1553,1554
1469,1103,1104
1469,1174,1175
1469,1360,1361
1469,1434,1435
1470,1037,1038
1470,1103,1104
1470,1159,1160
1470,1360,1361
1471,1103,1104
1471,1174,1175
1471,1360,1361
1471,1386,1387
1472,1103,1104
1472,1159,1160
1472,1360,1361
1472,1386,1387
1473,1245,1246
1473,1248,1249
1473,1488,1489
1473,1493,1494
1474,1227,1228
1474,1245,1246
1474,1270,1271
1474,1414,1415
1475,1071,1072
1475,1312,1313
1475,1314,1315
1475,1340,1341
1476,1299,1300
1476,1312,1313
1476,1314,1315
1476,1330,1331
1477,1462,1463
1477,1552,1553
1477,1622,1623
1477,1739,1740
1478,1462,1463
1478,1622,1623
1478,1739,1740
1478,1820,1821
1479,1499,1500
1479,1552,1553
1479,1622,1623
1479,1697,1698
1480,1462,1463
1480,1552,1553
1480,1622,1623
1480,1697,1698
1481,1462,1463
1481,1491,1492
1481,1622,1623
1481,1697,1698
1482,1488,1489
1482,1491,1492
1482,1622,1623
1482,1697,1698
1483,1467,1468
1483,1584,1585
1483,1758,1759
1483,1770,1771
1484,1467,1468
1484,1517,1518
1484,1579,1580
1484,1758,1759
1485,1686,1687
1485,1758,1759
1485,1770,1771
1485,1812,1813
1486,1584,1585
1486,1758,1759
1486,1770,1771
1486,1812,1813
1487,1467,1468
1487,1584,1585
1487,1758,1759
1487,1827,1828
1488,1467,1468
1488,1517,1518
1488,1758,1759
1488,1827,1828
1489,1568,1569
1489,1686,1687
1489,1758,1759
1489,1812,1813
1490,1568,1569
1490,1584,1585
1490,1758,1759
1490,1812,1813
1491,1457,1458
1491,1568,1569
1491,1584,1585
1491,1758,1759
1492,1448,1449
1492,1584,1585
1492,1758,1759
1492,1827,1828
1493,1448,1449
1493,1457,1458
1493,1584,1585
1493,1758,1759
1494,1429,1430
1494,1432,1433
1494,1553,1554
1494,1590,1591
1495,1331,1332
1495,1385,1386
1495,1429,1430
1495,1590,1591
1496,1331,1332
1496,1429,1430
1496,1553,1554
1496,1590,1591
1497,1359,1360
1497,1432,1433
1497,1553,1554
1497,1590,1591
1498,1312,1313
1498,1359,1360
1498,1432,1433
1498,1590,1591
1499,1037,1038
1499,1256,1257
1499,1360,1361
1499,1614,1615
1500,1037,1038
1500,1103,1104
1500,1256,1257
1500,1360,1361
1501,1256,1257
1501,1360,1361
1501,1434,1435
1501,1614,1615
1502,1103,1104
1502,1256,1257
1502,1360,1361
1502,1434,1435
1503,1103,1104
1503,1256,1257
1503,1434,1435
1503,1553,1554
1504,1256,1257
1504,1359,1360
1504,1553,1554
1504,1590,1591
1505,1256,1257
1505,1312,1313
1505,1359,1360
1505,1590,1591
1506,1103,1104
1506,1256,1257
1506,1359,1360
1506,1553,1554
1507,1265,1266
1507,1434,1435
1507,1563,1564
1507,1614,1615
1508,1265,1266
1508,1496,1497
1508,1563,1564
1508,1614,1615
1509,1265,1266
1509,1490,1491
1509,1496,1497
1509,1563,1564
1510,1256,1257
1510,1265,1266
1510,1496,1497
1510,1614,1615
1511,1256,1257
1511,1265,1266
1511,1496,1497
1511,1590,1591
1512,1265,1266
1512,1331,1332
1512,1490,1491
1512,1594,1595
1513,1265,1266
1513,1434,1435
1513,1548,1549
1513,1563,1564
1514,1265,1266
1514,1490,1491
1514,1548,1549
1514,1563,1564
1515,1265,1266
1515,1331,1332
1515,1385,1386
1515,1490,1491
1516,1265,1266
1516,1331,1332
1516,1553,1554
1516,1590,1591
1517,1265,1266
1517,1331,1332
1517,1385,1386
1517,1590,1591
1518,1265,1266
1518,1385,1386
1518,1496,1497
1518,1590,1591
1519,1256,1257
1519,1265,1266
1519,1434,1435
1519,1614,1615
1520,1256,1257
1520,1265,1266
1520,1434,1435
1520,1553,1554
1521,1256,1257
1521,1265,1266
1521,1553,1554
1521,1590,1591
1522,1265,1266
1522,1331,1332
1522,1343,1344
1522,1594,1595
1523,1265,1266
1523,1490,1491
1523,1548,1549
1523,1594,1595
1524,1265,1266
1524,1385,1386
1524,1496,1497
1524,1827,1828
1525,1265,1266
1525,1385,1386
1525,1490,1491
1525,1827,1828
1526,1265,1266
1526,1490,1491
1526,1496,1497
1526,1827,1828
1527,1265,1266
1527,1331,1332
1527,1343,1344
1527,1553,1554
1528,1265,1266
1528,1343,1344
1528,1434,1435
1528,1553,1554
1529,1265,1266
1529,1343,1344
1529,1548,1549
1529,1594,1595
1530,1265,1266
1530,1343,1344
1530,1434,1435
1530,1548,1549
1531,1057,1058
1531,1123,1124
1531,1141,1142
1531,1177,1178
1532,1715,1716
1532,1734,1735
1532,1794,1795
1532,1800,1801
1533,1688,1689
1533,1715,1716
1533,1794,1795
1533,1800,1801
1534,1527,1528
1534,1715,1716
1534,1734,1735
1534,1794,1795
1535,1465,1466
1535,1527,1528
1535,1715,1716
1535,1794,1795
1536,1465,1466
1536,1688,1689
1536,1715,1716
1536,1794,1795
1537,1465,1466
1537,1527,1528
1537,1715,1716
1537,1847,1848
1538,1527,1528
1538,1592,1593
1538,1715,1716
1538,1847,1848
1539,1527,1528
1539,1592,1593
1539,1715,1716
1539,1734,1735
1540,1523,1524
1540,1592,1593
1540,1715,1716
1540,1847,1848
1541,1672,1673
1541,1688,1689
1541,1715,1716
1541,1800,1801
1542,1523,1524
1542,1672,1673
1542,1715,1716
1542,1800,1801
1543,1736,1737
1543,1791,1792
1543,1800,1801
1543,1841,1842
1544,1523,1524
1544,1672,1673
1544,1736,1737
1544,1800,1801
1545,1736,1737
1545,1741,1742
1545,1759,1760
1545,1779,1780
1546,1627,1628
1546,1655,1656
1546,1721,1722
1546,1840,1841
1547,1469,1470
1547,1643,1644
1547,1700,1701
1547,1810,1811
1548,1643,1644
1548,1700,1701
1548,1810,1811
1548,1823,1824
1549,260,261
1549,287,288
1549,297,298
1549,362,363
1550,222,223
1550,260,261
1550,297,298
1550,299,300
1551,260,261
1551,287,288
1551,297,298
1551,302,303
1552,130,131
1552,260,261
1552,297,298
1552,302,303
1553,130,131
1553,222,223
1553,260,261
1553,297,298
1554,1263,1264
1554,1296,1297
1554,1316,1317
1554,1572,1573
1555,1263,1264
1555,1297,1298
1555,1306,1307
1555,1348,1349
1556,1263,1264
1556,1297,1298
1556,1348,1349
1556,1443,1444
1557,1263,1264
1557,1296,1297
1557,1297,1298
1557,1306,1307
1558,1019,1020
1558,1091,1092
1558,1324,1325
1558,1350,1351
1559,463,464
1559,491,492
1559,493,494
1559,746,747
1560,463,464
1560,491,492
1560,746,747
1560,760,761
1561,471,472
1561,491,492
1561,746,747
1561,760,761
1562,471,472
1562,491,492
1562,556,557
1562,746,747
1563,491,492
1563,556,557
1563,746,747
1563,799,800
1564,491,492
1564,493,494
1564,556,557
1564,799,800
1565,491,492
1565,493,494
1565,746,747
1565,799,800
1566,471,472
1566,491,492
1566,556,557
1566,605,606
1567,471,472
1567,491,492
1567,509,510
1567,605,606
1568,491,492
1568,556,557
1568,605,606
1568,638,639
1569,440,441
1569,567,568
1569,734,735
1569,827,828
1570,13,14
1570,203,204
1570,215,216
1570,365,366
1571,13,14
1571,203,204
1571,215,216
1571,223,224
1572,91,92
1572,183,184
1572,203,204
1572,223,224
1573,91,92
1573,203,204
1573,223,224
1573,371,372
1574,13,14
1574,203,204
1574,223,224
1574,371,372
1575,872,873
1575,911,912
1575,1008,1009
1575,1172,1173
1576,872,873
1576,1008,1009
1576,1047,1048
1576,1172,1173
1577,911,912
1577,1008,1009
1577,1047,1048
1577,1172,1173
1578,738,739
1578,788,789
1578,997,998
1578,1008,1009
1579,738,739
1579,788,789
1579,872,873
1579,1008,1009
1580,1367,1368
1580,1437,1438
1580,1594,1595
1580,1678,1679
1581,1302,1303
1581,1331,1332
1581,1343,1344
1581,1367,1368
1582,1331,1332
1582,1343,1344
1582,1367,1368
1582,1594,1595
1583,1331,1332
1583,1367,1368
1583,1437,1438
1583,1594,1595
1584,975,976
1584,1083,1084
1584,1132,1133
1584,1172,1173
1585,869,870
1585,968,969
1585,992,993
1585,1021,1022
1586,797,798
1586,869,870
1586,968,969
1586,992,993
1587,738,739
1587,755,756
1587,947,948
1587,992,993
1588,659,660
1588,732,733
1588,808,809
1588,837,838
1589,732,733
1589,808,809
1589,828,829
1589,837,838
1590,434,435
1590,448,449
1590,556,557
1590,837,838
1591,448,449
1591,659,660
1591,808,809
1591,837,838
1592,556,557
1592,746,747
1592,799,800
1592,837,838
1593,448,449
1593,556,557
1593,746,747
1593,837,838
1594,731,732
1594,746,747
1594,799,800
1594,837,838
1595,731,732
1595,755,756
1595,799,800
1595,837,838
1596,731,732
1596,746,747
1596,763,764
1596,837,838
1597,448,449
1597,746,747
1597,763,764
1597,837,838
1598,731,732
1598,763,764
1598,773,774
1598,837,838
1599,448,449
1599,690,691
1599,763,764
1599,837,838
1600,448,449
1600,690,691
1600,808,809
1600,837,838
1601,690,691
1601,763,764
1601,773,774
1601,837,838
1602,690,691
1602,773,774
1602,808,809
1602,837,838
1603,928,929
1603,1021,1022
1603,1122,1123
1603,1139,1140
1604,859,860
1604,1021,1022
1604,1045,1046
1604,1139,1140
1605,859,860
1605,1021,1022
1605,1122,1123
1605,1139,1140
1606,859,860
1606,1045,1046
1606,1058,1059
1606,1139,1140
1607,859,860
1607,1122,1123
1607,1139,1140
1607,1273,1274
1608,859,860
1608,1058,1059
1608,1139,1140
1608,1273,1274
1609,928,929
1609,1132,1133
1609,1139,1140
1609,1172,1173
1610,1083,1084
1610,1132,1133
1610,1139,1140
1610,1172,1173
1611,471,472
1611,509,510
1611,594,595
1611,636,637
1612,471,472
1612,594,595
1612,595,596
1612,760,761
1613,471,472
1613,579,580
1613,594,595
1613,595,596
1614,471,472
1614,579,580
1614,594,595
1614,636,637
1615,688,689
1615,767,768
1615,780,781
1615,986,987
1616,688,689
1616,767,768
1616,780,781
1616,811,812
1617,463,464
1617,493,494
1617,767,768
1617,811,812
1618,493,494
1618,688,689
1618,767,768
1618,811,812
1619,463,464
1619,567,568
1619,767,768
1619,827,828
1620,463,464
1620,493,494
1620,767,768
1620,827,828
1621,567,568
1621,734,735
1621,767,768
1621,827,828
1622,519,520
1622,693,694
1622,726,727
1622,885,886
1623,519,520
1623,571,572
1623,693,694
1623,726,727
1624,571,572
1624,674,675
1624,693,694
1624,726,727
1625,519,520
1625,726,727
1625,732,733
1625,885,886
1626,519,520
1626,675,676
1626,726,727
1626,732,733
1627,726,727
1627,732,733
1627,885,886
1627,984,985
1628,675,676
1628,726,727
1628,732,733
1628,984,985
1629,726,727
1629,795,796
1629,885,886
1629,984,985
1630,519,520
1630,675,676
1630,726,727
1630,840,841
1631,519,520
1631,726,727
1631,840,841
1631,841,842
1632,571,572
1632,726,727
1632,840,841
1632,841,842
1633,519,520
1633,571,572
1633,726,727
1633,841,842
1634,571,572
1634,726,727
1634,765,766
1634,840,841
1635,726,727
1635,765,766
1635,840,841
1635,964,965
1636,571,572
1636,726,727
1636,765,766
1636,964,965
1637,675,676
1637,726,727
1637,840,841
1637,921,922
1638,675,676
1638,726,727
1638,921,922
1638,984,985
1639,726,727
1639,840,841
1639,921,922
1639,964,965
1640,726,727
1640,921,922
1640,964,965
1640,984,985
1641,256,257
1641,443,444
1641,600,601
1641,774,775
1642,434,435
1642,514,515
1642,650,651
1642,774,775
1643,514,515
1643,600,601
1643,650,651
1643,774,775
1644,439,440
1644,500,501
1644,693,694
1644,717,718
1645,439,440
1645,500,501
1645,514,515
1645,717,718
1646,500,501
1646,717,718
1646,732,733
1646,885,886
1647,500,501
1647,693,694
1647,717,718
1647,885,886
1648,500,501
1648,693,694
1648,732,733
1648,885,886
1649,500,501
1649,519,520
1649,693,694
1649,732,733
1650,434,435
1650,500,501
1650,514,515
1650,774,775
1651,434,435
1651,500,501
1651,526,527
1651,774,775
1652,322,323
1652,513,514
1652,522,523
1652,718,719
1653,322,323
1653,477,478
1653,513,514
1653,718,719
1654,1099,1100
1654,1129,1130
1654,1170,1171
1654,1392,1393
1655,1085,1086
1655,1177,1178
1655,1236,1237
1655,1315,1316
1656,1134,1135
1656,1147,1148
1656,1207,1208
1656,1214,1215
1657,1036,1037
1657,1147,1148
1657,1207,1208
1657,1251,1252
1658,1081,1082
1658,1134,1135
1658,1147,1148
1658,1207,1208
1659,1081,1082
1659,1147,1148
1659,1207,1208
1659,1251,1252
1660,990,991
1660,1057,1058
1660,1085,1086
1660,1177,1178
1661,895,896
1661,990,991
1661,1057,1058
1661,1085,1086
1662,895,896
1662,990,991
1662,1085,1086
1662,1156,1157
1663,990,991
1663,1085,1086
1663,1177,1178
1663,1315,1316
1664,990,991
1664,1085,1086
1664,1092,1093
1664,1156,1157
1665,990,991
1665,1085,1086
1665,1092,1093
1665,1315,1316
1666,684,685
1666,853,854
1666,949,950
1666,1014,1015
1667,853,854
1667,1014,1015
1667,1016,1017
1667,1095,1096
1668,684,685
1668,853,854
1668,1014,1015
1668,1016,1017
1669,684,685
1669,1003,1004
1669,1014,1015
1669,1016,1017
1670,1272,1273
1670,1296,1297
1670,1316,1317
1670,1599,1600
1671,1239,1240
1671,1272,1273
1671,1316,1317
1671,1599,1600
1672,1272,1273
1672,1296,1297
1672,1297,1298
1672,1418,1419
1673,1263,1264
1673,1272,1273
1673,1296,1297
1673,1316,1317
1674,1263,1264
1674,1272,1273
1674,1316,1317
1674,1443,1444
1675,1263,1264
1675,1272,1273
1675,1296,1297
1675,1297,1298
1676,1263,1264
1676,1272,1273
1676,1297,1298
1676,1443,1444
1677,1239,1240
1677,1272,1273
1677,1279,1280
1677,1316,1317
1678,1272,1273
1678,1297,1298
1678,1408,1409
1678,1443,1444
1679,1296,1297
1679,1297,1298
1679,1418,1419
1679,1480,1481
1680,737,738
1680,849,850
1680,931,932
1680,944,945
1681,737,738
1681,931,932
1681,944,945
1681,964,965
1682,726,727
1682,795,796
1682,931,932
1682,984,985
1683,726,727
1683,931,932
1683,964,965
1683,984,985
1684,855,856
1684,864,865
1684,1000,1001
1684,1223,1224
1685,741,742
1685,849,850
1685,873,874
1685,939,940
1686,741,742
1686,864,865
1686,873,874
1686,939,940
1687,741,742
1687,849,850
1687,864,865
1687,939,940
1688,741,742
1688,864,865
1688,873,874
1688,1223,1224
1689,741,742
1689,761,762
1689,849,850
1689,864,865
1690,741,742
1690,849,850
1690,873,874
1690,1032,1033
1691,741,742
1691,873,874
1691,1032,1033
1691,1196,1197
1692,741,742
1692,873,874
1692,1196,1197
1692,1223,1224
1693,741,742
1693,981,982
1693,1196,1197
1693,1223,1224
1694,737,738
1694,741,742
1694,849,850
1694,1032,1033
1695,737,738
1695,741,742
1695,849,850
1695,931,932
1696,920,921
1696,1109,1110
1696,1143,1144
1696,1176,1177
1697,855,856
1697,873,874
1697,920,921
1697,1109,1110
1698,855,856
1698,864,865
1698,873,874
1698,1109,1110
1699,855,856
1699,864,865
1699,1000,1001
1699,1109,1110
1700,920,921
1700,1076,1077
1700,1109,1110
1700,1143,1144
1701,855,856
1701,920,921
1701,1076,1077
1701,1109,1110
1702,873,874
1702,920,921
1702,939,940
1702,1109,1110
1703,864,865
1703,873,874
1703,939,940
1703,1109,1110
1704,761,762
1704,864,865
1704,939,940
1704,1109,1110
1705,666,667
1705,700,701
1705,965,966
1705,982,983
1706,666,667
1706,700,701
1706,777,778
1706,838,839
1707,666,667
1707,700,701
1707,982,983
1707,988,989
1708,666,667
1708,700,701
1708,866,867
1708,988,989
1709,666,667
1709,700,701
1709,777,778
1709,866,867
1710,816,817
1710,864,865
1710,1000,1001
1710,1223,1224
1711,666,667
1711,884,885
1711,912,913
1711,993,994
1712,666,667
1712,884,885
1712,912,913
1712,982,983
1713,666,667
1713,912,913
1713,965,966
1713,982,983
1714,481,482
1714,653,654
1714,696,697
1714,826,827
1715,474,475
1715,481,482
1715,618,619
1715,826,827
1716,474,475
1716,481,482
1716,683,684
1716,826,827
1717,481,482
1717,683,684
1717,696,697
1717,826,827
1718,481,482
1718,683,684
1718,696,697
1718,838,839
1719,469,470
1719,704,705
1719,800,801
1719,826,827
1720,653,654
1720,704,705
1720,800,801
1720,826,827
1721,653,654
1721,696,697
1721,800,801
1721,826,827
1722,511,512
1722,653,654
1722,704,705
1722,800,801
1723,469,470
1723,683,684
1723,800,801
1723,826,827
1724,683,684
1724,696,697
1724,800,801
1724,826,827
1725,511,512
1725,704,705
1725,789,790
1725,800,801
1726,469,470
1726,704,705
1726,789,790
1726,800,801
1727,469,470
1727,683,684
1727,702,703
1727,800,801
1728,469,470
1728,702,703
1728,789,790
1728,800,801
1729,683,684
1729,696,697
1729,710,711
1729,800,801
1730,683,684
1730,702,703
1730,710,711
1730,800,801
1731,511,512
1731,789,790
1731,800,801
1731,842,843
1732,702,703
1732,789,790
1732,800,801
1732,842,843
1733,702,703
1733,710,711
1733,800,801
1733,842,843
1734,481,482
1734,632,633
1734,653,654
1734,696,697
1735,632,633
1735,696,697
1735,838,839
1735,1011,1012
1736,481,482
1736,632,633
1736,696,697
1736,838,839
1737,477,478
1737,513,514
1737,715,716
1737,718,719
1738,632,633
1738,715,716
1738,836,837
1738,843,844
1739,439,440
1739,513,514
1739,715,716
1739,836,837
1740,466,467
1740,597,598
1740,640,641
1740,846,847
1741,597,598
1741,640,641
1741,653,654
1741,846,847
1742,511,512
1742,597,598
1742,640,641
1742,653,654
1743,511,512
1743,586,587
1743,597,598
1743,640,641
1744,466,467
1744,586,587
1744,597,598
1744,640,641
1745,632,633
1745,640,641
1745,715,716
1745,836,837
1746,895,896
1746,946,947
1746,990,991
1746,1016,1017
1747,895,896
1747,946,947
1747,990,991
1747,1057,1058
1748,853,854
1748,946,947
1748,1016,1017
1748,1095,1096
1749,946,947
1749,990,991
1749,1016,1017
1749,1095,1096
1750,946,947
1750,1057,1058
1750,1177,1178
1750,1323,1324
1751,946,947
1751,990,991
1751,1057,1058
1751,1177,1178
1752,946,947
1752,987,988
1752,990,991
1752,1095,1096
1753,946,947
1753,987,988
1753,1177,1178
1753,1323,1324
1754,946,947
1754,987,988
1754,990,991
1754,1177,1178
1755,946,947
1755,987,988
1755,1107,1108
1755,1323,1324
1756,853,854
1756,946,947
1756,987,988
1756,1107,1108
1757,452,453
1757,530,531
1757,547,548
1757,564,565
1758,452,453
1758,530,531
1758,547,548
1758,753,754
1759,410,411
1759,530,531
1759,643,644
1759,753,754
1760,530,531
1760,547,548
1760,753,754
1760,781,782
1761,410,411
1761,530,531
1761,753,754
1761,781,782
1762,452,453
1762,530,531
1762,564,565
1762,643,644
1763,452,453
1763,530,531
1763,643,644
1763,753,754
1764,1126,1127
1764,1140,1141
1764,1287,1288
1764,1402,1403
1765,1136,1137
1765,1208,1209
1765,1287,1288
1765,1402,1403
1766,1126,1127
1766,1208,1209
1766,1287,1288
1766,1402,1403
1767,1084,1085
1767,1140,1141
1767,1169,1170
1767,1287,1288
1768,1435,1436
1768,1610,1611
1768,1737,1738
1768,1844,1845
1769,1726,1727
1769,1781,1782
1769,1784,1785
1769,1823,1824
1770,1700,1701
1770,1726,1727
1770,1784,1785
1770,1826,1827
1771,1497,1498
1771,1643,1644
1771,1784,1785
1771,1823,1824
1772,1643,1644
1772,1700,1701
1772,1784,1785
1772,1826,1827
1773,1643,1644
1773,1700,1701
1773,1784,1785
1773,1823,1824
1774,1435,1436
1774,1643,1644
1774,1784,1785
1774,1826,1827
1775,1435,1436
1775,1497,1498
1775,1643,1644
1775,1784,1785
1776,1468,1469
1776,1472,1473
1776,1487,1488
1776,1606,1607
1777,865,866
1777,887,888
1777,892,893
1777,1206,1207
1778,681,682
1778,865,866
1778,887,888
1778,1206,1207
1779,891,892
1779,971,972
1779,1169,1170
1779,1213,1214
1780,1127,1128
1780,1169,1170
1780,1254,1255
1780,1287,1288
1781,1127,1128
1781,1136,1137
1781,1254,1255
1781,1300,1301
1782,1127,1128
1782,1136,1137
1782,1254,1255
1782,1287,1288
1783,1127,1128
1783,1140,1141
1783,1169,1170
1783,1287,1288
1784,1084,1085
1784,1127,1128
1784,1140,1141
1784,1169,1170
1785,1127,1128
1785,1136,1137
1785,1300,1301
1785,1402,1403
1786,1127,1128
1786,1136,1137
1786,1287,1288
1786,1402,1403
1787,1127,1128
1787,1140,1141
1787,1287,1288
1787,1402,1403
1788,1036,1037
1788,1129,1130
1788,1137,1138
1788,1147,1148
1789,930,931
1789,971,972
1789,1044,1045
1789,1213,1214
1790,891,892
1790,971,972
1790,1044,1045
1790,1213,1214
1791,930,931
1791,971,972
1791,1044,1045
1791,1397,1398
1792,857,858
1792,1044,1045
1792,1186,1187
1792,1203,1204
1793,930,931
1793,1044,1045
1793,1203,1204
1793,1397,1398
1794,1044,1045
1794,1186,1187
1794,1203,1204
1794,1397,1398
1795,1468,1469
1795,1472,1473
1795,1501,1502
1795,1606,1607
1796,541,542
1796,573,574
1796,631,632
1796,649,650
1797,573,574
1797,631,632
1797,649,650
1797,685,686
1798,378,379
1798,541,542
1798,573,574
1798,631,632
1799,570,571
1799,573,574
1799,615,616
1799,631,632
1800,378,379
1800,573,574
1800,615,616
1800,631,632
1801,278,279
1801,378,379
1801,541,542
1801,631,632
1802,321,322
1802,570,571
1802,574,575
1802,631,632
1803,278,279
1803,321,322
1803,424,425
1803,631,632
1804,278,279
1804,424,425
1804,541,542
1804,631,632
1805,424,425
1805,541,542
1805,631,632
1805,649,650
1806,469,470
1806,625,626
1806,706,707
1806,789,790
1807,483,484
1807,706,707
1807,735,736
1807,989,990
1808,706,707
1808,716,717
1808,735,736
1808,989,990
1809,516,517
1809,706,707
1809,716,717
1809,735,736
1810,469,470
1810,483,484
1810,706,707
1810,791,792
1811,483,484
1811,706,707
1811,791,792
1811,989,990
1812,469,470
1812,625,626
1812,706,707
1812,727,728
1813,469,470
1813,483,484
1813,706,707
1813,727,728
1814,469,470
1814,656,657
1814,706,707
1814,791,792
1815,656,657
1815,706,707
1815,791,792
1815,989,990
1816,469,470
1816,702,703
1816,706,707
1816,789,790
1817,469,470
1817,656,657
1817,702,703
1817,706,707
1818,683,684
1818,696,697
1818,710,711
1818,848,849
1819,666,667
1819,848,849
1819,912,913
1819,965,966
1820,696,697
1820,710,711
1820,848,849
1820,1011,1012
1821,710,711
1821,848,849
1821,965,966
1821,1011,1012
1822,666,667
1822,848,849
1822,912,913
1822,993,994
1823,683,684
1823,831,832
1823,848,849
1823,993,994
1824,683,684
1824,696,697
1824,838,839
1824,848,849
1825,696,697
1825,838,839
1825,848,849
1825,1011,1012
1826,666,667
1826,742,743
1826,848,849
1826,993,994
1827,666,667
1827,700,701
1827,848,849
1827,965,966
1828,700,701
1828,848,849
1828,965,966
1828,1011,1012
1829,666,667
1829,700,701
1829,838,839
1829,848,849
1830,700,701
1830,838,839
1830,848,849
1830,1011,1012
1831,683,684
1831,722,723
1831,848,849
1831,993,994
1832,722,723
1832,742,743
1832,848,849
1832,993,994
1833,684,685
1833,750,751
1833,766,767
1833,823,824
1834,656,657
1834,750,751
1834,766,767
1834,823,824
1835,684,685
1835,750,751
1835,766,767
1835,949,950
1836,684,685
1836,766,767
1836,949,950
1836,1014,1015
1837,651,652
1837,710,711
1837,842,843
1837,893,894
1838,511,512
1838,651,652
1838,800,801
1838,842,843
1839,651,652
1839,710,711
1839,800,801
1839,842,843
1840,710,711
1840,759,760
1840,965,966
1840,1011,1012
1841,560,561
1841,789,790
1841,819,820
1841,842,843
1842,560,561
1842,662,663
1842,789,790
1842,819,820
1843,702,703
1843,789,790
1843,819,820
1843,842,843
1844,702,703
1844,819,820
1844,842,843
1844,893,894
1845,497,498
1845,629,630
1845,637,638
1845,798,799
1846,470,471
1846,637,638
1846,815,816
1846,820,821
1847,637,638
1847,670,671
1847,815,816
1847,820,821
1848,517,518
1848,560,561
1848,662,663
1848,819,820
1849,535,536
1849,536,537
1849,586,587
1849,626,627
1850,535,536
1850,626,627
1850,642,643
1850,818,819
1851,535,536
1851,586,587
1851,626,627
1851,642,643
1852,535,536
1852,561,562
1852,586,587
1852,642,643
1853,438,439
1853,535,536
1853,642,643
1853,818,819
1854,438,439
1854,535,536
1854,561,562
1854,642,643
1855,713,714
1855,845,846
1855,881,882
1855,1022,1023
1856,807,808
1856,845,846
1856,936,937
1856,1022,1023
1857,713,714
1857,845,846
1857,936,937
1857,1022,1023
1858,859,860
1858,994,995
1858,1045,1046
1858,1111,1112
1859,859,860
1859,994,995
1859,1111,1112
1859,1189,1190
1860,861,862
1860,994,995
1860,1045,1046
1860,1111,1112
1861,861,862
1861,994,995
1861,1111,1112
1861,1189,1190
1862,859,860
1862,1045,1046
1862,1058,1059
1862,1111,1112
1863,859,860
1863,1058,1059
1863,1111,1112
1863,1189,1190
1864,1045,1046
1864,1058,1059
1864,1111,1112
1864,1139,1140
1865,1058,1059
1865,1086,1087
1865,1111,1112
1865,1189,1190
1866,869,870
1866,870,871
1866,1021,1022
1866,1154,1155
1867,859,860
1867,869,870
1867,870,871
1867,1021,1022
1868,859,860
1868,870,871
1868,1021,1022
1868,1154,1155
1869,869,870
1869,870,871
1869,978,979
1869,1221,1222
1870,869,870
1870,870,871
1870,904,905
1870,1154,1155
1871,869,870
1871,870,871
1871,904,905
1871,1221,1222
1872,870,871
1872,904,905
1872,1154,1155
1872,1221,1222
1873,859,860
1873,870,871
1873,1154,1155
1873,1190,1191
1874,870,871
1874,1154,1155
1874,1190,1191
1874,1221,1222
1875,870,871
1875,1019,1020
1875,1190,1191
1875,1221,1222
1876,857,858
1876,1029,1030
1876,1186,1187
1876,1199,1200
1877,654,655
1877,681,682
1877,970,971
1877,986,987
1878,654,655
1878,681,682
1878,970,971
1878,1206,1207
1879,681,682
1879,865,866
1879,970,971
1879,1206,1207
1880,654,655
1880,970,971
1880,978,979
1880,1206,1207
1881,865,866
1881,970,971
1881,978,979
1881,1206,1207
1882,744,745
1882,865,866
1882,970,971
1882,1015,1016
1883,437,438
1883,570,571
1883,685,686
1883,776,777
1884,570,571
1884,573,574
1884,615,616
1884,776,777
1885,570,571
1885,615,616
1885,624,625
1885,776,777
1886,437,438
1886,570,571
1886,624,625
1886,776,777
1887,570,571
1887,573,574
1887,631,632
1887,776,777
1888,573,574
1888,631,632
1888,685,686
1888,776,777
1889,570,571
1889,631,632
1889,685,686
1889,776,777
1890,552,553
1890,573,574
1890,615,616
1890,776,777
1891,440,441
1891,442,443
1891,624,625
1891,776,777
1892,440,441
1892,550,551
1892,624,625
1892,776,777
1893,437,438
1893,550,551
1893,624,625
1893,776,777
1894,663,664
1894,749,750
1894,810,811
1894,852,853
1895,663,664
1895,749,750
1895,799,800
1895,810,811
1896,663,664
1896,749,750
1896,813,814
1896,852,853
1897,663,664
1897,731,732
1897,755,756
1897,799,800
1898,663,664
1898,755,756
1898,799,800
1898,837,838
1899,663,664
1899,755,756
1899,813,814
1899,835,836
1900,427,428
1900,537,538
1900,571,572
1900,841,842
1901,427,428
1901,537,538
1901,792,793
1901,841,842
1902,427,428
1902,537,538
1902,601,602
1902,792,793
1903,427,428
1903,580,581
1903,792,793
1903,841,842
1904,427,428
1904,504,505
1904,549,550
1904,611,612
1905,427,428
1905,467,468
1905,504,505
1905,549,550
1906,427,428
1906,467,468
1906,537,538
1906,549,550
1907,427,428
1907,467,468
1907,504,505
1907,601,602
1908,427,428
1908,467,468
1908,537,538
1908,601,602
1909,755,756
1909,913,914
1909,947,948
1909,992,993
1910,664,665
1910,738,739
1910,828,829
1910,834,835
1911,664,665
1911,828,829
1911,835,836
1911,885,886
1912,664,665
1912,828,829
1912,834,835
1912,885,886
1913,664,665
1913,738,739
1913,834,835
1913,872,873
1914,664,665
1914,795,796
1914,835,836
1914,885,886
1915,664,665
1915,834,835
1915,872,873
1915,984,985
1916,664,665
1916,872,873
1916,924,925
1916,984,985
1917,664,665
1917,795,796
1917,924,925
1917,984,985
1918,664,665
1918,834,835
1918,885,886
1918,984,985
1919,664,665
1919,795,796
1919,885,886
1919,984,985
1920,914,915
1920,1053,1054
1920,1189,1190
1920,1225,1226
1921,914,915
1921,1053,1054
1921,1081,1082
1921,1225,1226
1922,1053,1054
1922,1081,1082
1922,1134,1135
1922,1207,1208
1923,914,915
1923,1053,1054
1923,1081,1082
1923,1134,1135
1924,1053,1054
1924,1185,1186
1924,1207,1208
1924,1268,1269
1925,962,963
1925,1088,1089
1925,1089,1090
1925,1128,1129
1926,926,927
1926,988,989
1926,991,992
1926,1121,1122
1927,700,701
1927,982,983
1927,988,989
1927,1121,1122
1928,884,885
1928,982,983
1928,988,989
1928,1121,1122
1929,884,885
1929,988,989
1929,991,992
1929,1121,1122
1930,884,885
1930,982,983
1930,991,992
1930,1121,1122
1931,908,909
1931,1109,1110
1931,1143,1144
1931,1176,1177
1932,908,909
1932,1076,1077
1932,1109,1110
1932,1143,1144
1933,855,856
1933,908,909
1933,1076,1077
1933,1109,1110
1934,855,856
1934,908,909
1934,1000,1001
1934,1109,1110
1935,855,856
1935,908,909
1935,962,963
1935,1076,1077
1936,855,856
1936,908,909
1936,962,963
1936,1000,1001
1937,315,316
1937,608,609
1937,627,628
1937,645,646
1938,315,316
1938,461,462
1938,608,609
1938,627,628
1939,450,451
1939,608,609
1939,627,628
1939,645,646
1940,425,426
1940,450,451
1940,608,609
1940,627,628
1941,425,426
1941,608,609
1941,620,621
1941,627,628
1942,315,316
1942,461,462
1942,599,600
1942,608,609
1943,450,451
1943,608,609
1943,645,646
1943,779,780
1944,425,426
1944,450,451
1944,608,609
1944,779,780
1945,451,452
1945,461,462
1945,608,609
1945,627,628
1946,451,452
1946,461,462
1946,608,609
1946,620,621
1947,451,452
1947,608,609
1947,620,621
1947,627,628
1948,425,426
1948,608,609
1948,618,619
1948,620,621
1949,425,426
1949,608,609
1949,779,780
1949,793,794
1950,461,462
1950,464,465
1950,608,609
1950,620,621
1951,464,465
1951,608,609
1951,618,619
1951,620,621
1952,461,462
1952,589,590
1952,599,600
1952,608,609
1953,425,426
1953,608,609
1953,618,619
1953,793,794
1954,461,462
1954,464,465
1954,589,590
1954,608,609
1955,350,351
1955,421,422
1955,555,556
1955,686,687
1956,421,422
1956,555,556
1956,611,612
1956,686,687
1957,350,351
1957,421,422
1957,460,461
1957,592,593
1958,421,422
1958,592,593
1958,645,646
1958,779,780
1959,284,285
1959,472,473
1959,599,600
1959,846,847
1960,472,473
1960,477,478
1960,543,544
1960,718,719
1961,472,473
1961,477,478
1961,715,716
1961,718,719
1962,284,285
1962,294,295
1962,472,473
1962,543,544
1963,284,285
1963,294,295
1963,472,473
1963,599,600
1964,466,467
1964,472,473
1964,477,478
1964,715,716
1965,284,285
1965,466,467
1965,472,473
1965,846,847
1966,284,285
1966,472,473
1966,543,544
1966,575,576
1967,284,285
1967,466,467
1967,472,473
1967,575,576
1968,472,473
1968,477,478
1968,543,544
1968,575,576
1969,466,467
1969,472,473
1969,477,478
1969,575,576
1970,265,266
1970,460,461
1970,479,480
1970,645,646
1971,265,266
1971,298,299
1971,479,480
1971,648,649
1972,265,266
1972,315,316
1972,479,480
1972,645,646
1973,315,316
1973,479,480
1973,608,609
1973,645,646
1974,315,316
1974,479,480
1974,599,600
1974,608,609
1975,479,480
1975,599,600
1975,608,609
1975,645,646
1976,1583,1584
1976,1585,1586
1976,1652,1653
1976,1688,1689
1977,1465,1466
1977,1583,1584
1977,1585,1586
1977,1688,1689
1978,1489,1490
1978,1583,1584
1978,1585,1586
1978,1652,1653
1979,1489,1490
1979,1585,1586
1979,1637,1638
1979,1652,1653
1980,1585,1586
1980,1637,1638
1980,1645,1646
1980,1652,1653
1981,1676,1677
1981,1710,1711
1981,1717,1718
1981,1840,1841
1982,1645,1646
1982,1676,1677
1982,1710,1711
1982,1717,1718
1983,1659,1660
1983,1676,1677
1983,1710,1711
1983,1840,1841
1984,1645,1646
1984,1659,1660
1984,1676,1677
1984,1710,1711
1985,1627,1628
1985,1676,1677
1985,1717,1718
1985,1840,1841
1986,1659,1660
1986,1676,1677
1986,1798,1799
1986,1840,1841
1987,1627,1628
1987,1676,1677
1987,1717,1718
1987,1737,1738
1988,1645,1646
1988,1676,1677
1988,1717,1718
1988,1737,1738
1989,1627,1628
1989,1655,1656
1989,1676,1677
1989,1840,1841
1990,666,667
1990,742,743
1990,866,867
1990,977,978
1991,666,667
1991,777,778
1991,866,867
1991,977,978
1992,1534,1535
1992,1558,1559
1992,1561,1562
1992,1807,1808
1993,1474,1475
1993,1561,1562
1993,1664,1665
1993,1806,1807
1994,1558,1559
1994,1561,1562
1994,1613,1614
1994,1807,1808
1995,1474,1475
1995,1560,1561
1995,1561,1562
1995,1664,1665
1996,908,909
1996,952,953
1996,962,963
1996,1200,1201
1997,908,909
1997,962,963
1997,1076,1077
1997,1200,1201
1998,1076,1077
1998,1143,1144
1998,1200,1201
1998,1215,1216
1999,908,909
1999,1076,1077
1999,1143,1144
1999,1200,1201
2000,1040,1041
2000,1150,1151
2000,1236,1237
2000,1315,1316
2001,1085,1086
2001,1092,1093
2001,1150,1151
2001,1315,1316
2002,1085,1086
2002,1150,1151
2002,1236,1237
2002,1315,1316
2003,1080,1081
2003,1088,1089
2003,1128,1129
2003,1180,1181
2004,1080,1081
2004,1128,1129
2004,1180,1181
2004,1363,1364
2005,1080,1081
2005,1180,1181
2005,1259,1260
2005,1363,1364
2006,1180,1181
2006,1233,1234
2006,1259,1260
2006,1266,1267
2007,1180,1181
2007,1233,1234
2007,1259,1260
2007,1363,1364
2008,1128,1129
2008,1180,1181
2008,1285,1286
2008,1363,1364
2009,1180,1181
2009,1233,1234
2009,1285,1286
2009,1363,1364
2010,1079,1080
2010,1144,1145
2010,1200,1201
2010,1215,1216
2011,1079,1080
2011,1144,1145
2011,1200,1201
2011,1405,1406
2012,1144,1145
2012,1180,1181
2012,1266,1267
2012,1405,1406
2013,1144,1145
2013,1180,1181
2013,1233,1234
2013,1266,1267
2014,1144,1145
2014,1180,1181
2014,1233,1234
2014,1285,1286
2015,1076,1077
2015,1144,1145
2015,1215,1216
2015,1285,1286
2016,1076,1077
2016,1144,1145
2016,1200,1201
2016,1215,1216
2017,1076,1077
2017,1128,1129
2017,1144,1145
2017,1285,1286
2018,1128,1129
2018,1144,1145
2018,1180,1181
2018,1285,1286
2019,1077,1078
2019,1262,1263
2019,1271,1272
2019,1283,1284
2020,1262,1263
2020,1271,1272
2020,1283,1284
2020,1378,1379
2021,1260,1261
2021,1262,1263
2021,1271,1272
2021,1378,1379
2022,1229,1230
2022,1260,1261
2022,1262,1263
2022,1408,1409
2023,1229,1230
2023,1260,1261
2023,1262,1263
2023,1271,1272
2024,1040,1041
2024,1077,1078
2024,1262,1263
2024,1344,1345
2025,1040,1041
2025,1212,1213
2025,1262,1263
2025,1344,1345
2026,1123,1124
2026,1229,1230
2026,1262,1263
2026,1271,1272
2027,1262,1263
2027,1283,1284
2027,1372,1373
2027,1378,1379
2028,1077,1078
2028,1262,1263
2028,1283,1284
2028,1372,1373
2029,1077,1078
2029,1262,1263
2029,1344,1345
2029,1372,1373
2030,1344,1345
2030,1372,1373
2030,1401,1402
2030,1587,1588
2031,1248,1249
2031,1401,1402
2031,1420,1421
2031,1559,1560
2032,1227,1228
2032,1248,1249
2032,1420,1421
2032,1559,1560
2033,1227,1228
2033,1401,1402
2033,1420,1421
2033,1559,1560
2034,1344,1345
2034,1401,1402
2034,1559,1560
2034,1587,1588
2035,1308,1309
2035,1344,1345
2035,1401,1402
2035,1559,1560
2036,1227,1228
2036,1308,1309
2036,1401,1402
2036,1559,1560
2037,1040,1041
2037,1301,1302
2037,1315,1316
2037,1392,1393
2038,1092,1093
2038,1150,1151
2038,1301,1302
2038,1315,1316
2039,1040,1041
2039,1212,1213
2039,1352,1353
2039,1392,1393
2040,1227,1228
2040,1308,1309
2040,1352,1353
2040,1404,1405
2041,1051,1052
2041,1236,1237
2041,1373,1374
2041,1387,1388
2042,1051,1052
2042,1141,1142
2042,1236,1237
2042,1387,1388
2043,1051,1052
2043,1077,1078
2043,1283,1284
2043,1373,1374
2044,1051,1052
2044,1077,1078
2044,1236,1237
2044,1373,1374
2045,1051,1052
2045,1077,1078
2045,1141,1142
2045,1236,1237
2046,1051,1052
2046,1077,1078
2046,1271,1272
2046,1283,1284
2047,1051,1052
2047,1077,1078
2047,1141,1142
2047,1271,1272
2048,1240,1241
2048,1373,1374
2048,1411,1412
2048,1419,1420
2049,1240,1241
2049,1255,1256
2049,1373,1374
2049,1419,1420
2050,1258,1259
2050,1399,1400
2050,1410,1411
2050,1522,1523
2051,1240,1241
2051,1258,1259
2051,1399,1400
2051,1410,1411
2052,1240,1241
2052,1258,1259
2052,1410,1411
2052,1419,1420
2053,1240,1241
2053,1258,1259
2053,1411,1412
2053,1419,1420
2054,1080,1081
2054,1090,1091
2054,1250,1251
2054,1308,1309
2055,1090,1091
2055,1250,1251
2055,1308,1309
2055,1420,1421
2056,1080,1081
2056,1090,1091
2056,1250,1251
2056,1259,1260
2057,1080,1081
2057,1090,1091
2057,1180,1181
2057,1259,1260
2058,1090,1091
2058,1180,1181
2058,1259,1260
2058,1266,1267
2059,1276,1277
2059,1401,1402
2059,1420,1421
2059,1518,1519
2060,1240,1241
2060,1255,1256
2060,1276,1277
2060,1373,1374
2061,1276,1277
2061,1308,1309
2061,1344,1345
2061,1401,1402
2062,1276,1277
2062,1308,1309
2062,1401,1402
2062,1420,1421
2063,1090,1091
2063,1276,1277
2063,1308,1309
2063,1420,1421
2064,1519,1520
2064,1557,1558
2064,1582,1583
2064,1608,1609
2065,1519,1520
2065,1582,1583
2065,1592,1593
2065,1847,1848
2066,1519,1520
2066,1557,1558
2066,1582,1583
2066,1847,1848
2067,1519,1520
2067,1592,1593
2067,1644,1645
2067,1847,1848
2068,1519,1520
2068,1592,1593
2068,1644,1645
2068,1761,1762
2069,1666,1667
2069,1673,1674
2069,1736,1737
2069,1741,1742
2070,1673,1674
2070,1694,1695
2070,1714,1715
2070,1759,1760
2071,1673,1674
2071,1714,1715
2071,1741,1742
2071,1759,1760
2072,1673,1674
2072,1714,1715
2072,1741,1742
2072,1822,1823
2073,1666,1667
2073,1673,1674
2073,1822,1823
2073,1839,1840
2074,1666,1667
2074,1673,1674
2074,1765,1766
2074,1839,1840
2075,1673,1674
2075,1765,1766
2075,1822,1823
2075,1839,1840
2076,1248,1249
2076,1401,1402
2076,1506,1507
2076,1518,1519
2077,1248,1249
2077,1491,1492
2077,1506,1507
2077,1518,1519
2078,1248,1249
2078,1401,1402
2078,1506,1507
2078,1559,1560
2079,1401,1402
2079,1506,1507
2079,1559,1560
2079,1587,1588
2080,1276,1277
2080,1401,1402
2080,1518,1519
2080,1542,1543
2081,1240,1241
2081,1276,1277
2081,1518,1519
2081,1542,1543
2082,1240,1241
2082,1373,1374
2082,1411,1412
2082,1542,1543
2083,1240,1241
2083,1276,1277
2083,1373,1374
2083,1542,1543
2084,1077,1078
2084,1283,1284
2084,1373,1374
2084,1542,1543
2085,1077,1078
2085,1283,1284
2085,1372,1373
2085,1542,1543
2086,1077,1078
2086,1276,1277
2086,1373,1374
2086,1542,1543
2087,1344,1345
2087,1372,1373
2087,1401,1402
2087,1542,1543
2088,1077,1078
2088,1344,1345
2088,1372,1373
2088,1542,1543
2089,1276,1277
2089,1344,1345
2089,1401,1402
2089,1542,1543
2090,1077,1078
2090,1276,1277
2090,1344,1345
2090,1542,1543
2091,1476,1477
2091,1506,1507
2091,1540,1541
2091,1557,1558
2092,1339,1340
2092,1491,1492
2092,1518,1519
2092,1540,1541
2093,1491,1492
2093,1506,1507
2093,1518,1519
2093,1540,1541
2094,1450,1451
2094,1471,1472
2094,1554,1555
2094,1718,1719
2095,1450,1451
2095,1530,1531
2095,1554,1555
2095,1718,1719
2096,1450,1451
2096,1471,1472
2096,1565,1566
2096,1697,1698
2097,1450,1451
2097,1471,1472
2097,1565,1566
2097,1567,1568
2098,1450,1451
2098,1471,1472
2098,1554,1555
2098,1567,1568
2099,1450,1451
2099,1530,1531
2099,1554,1555
2099,1567,1568
2100,1358,1359
2100,1450,1451
2100,1565,1566
2100,1567,1568
2101,1605,1606
2101,1718,1719
2101,1808,1809
2101,1825,1826
2102,1554,1555
2102,1605,1606
2102,1718,1719
2102,1808,1809
2103,1562,1563
2103,1605,1606
2103,1808,1809
2103,1825,1826
2104,1554,1555
2104,1562,1563
2104,1605,1606
2104,1808,1809
2105,1649,1650
2105,1718,1719
2105,1808,1809
2105,1825,1826
2106,1562,1563
2106,1687,1688
2106,1808,1809
2106,1825,1826
2107,1406,1407
2107,1549,1550
2107,1571,1572
2107,1596,1597
2108,1406,1407
2108,1549,1550
2108,1567,1568
2108,1596,1597
2109,1406,1407
2109,1459,1460
2109,1571,1572
2109,1596,1597
2110,1406,1407
2110,1427,1428
2110,1459,1460
2110,1571,1572
2111,1406,1407
2111,1554,1555
2111,1567,1568
2111,1596,1597
2112,1406,1407
2112,1530,1531
2112,1554,1555
2112,1567,1568
2113,1282,1283
2113,1406,1407
2113,1427,1428
2113,1473,1474
2114,1406,1407
2114,1473,1474
2114,1530,1531
2114,1567,1568
2115,1232,1233
2115,1358,1359
2115,1473,1474
2115,1567,1568
2116,1232,1233
2116,1282,1283
2116,1473,1474
2116,1510,1511
2117,1232,1233
2117,1282,1283
2117,1406,1407
2117,1473,1474
2118,1232,1233
2118,1406,1407
2118,1473,1474
2118,1567,1568
2119,1232,1233
2119,1406,1407
2119,1549,1550
2119,1567,1568
2120,1232,1233
2120,1406,1407
2120,1549,1550
2120,1571,1572
2121,1232,1233
2121,1282,1283
2121,1371,1372
2121,1417,1418
2122,1232,1233
2122,1282,1283
2122,1417,1418
2122,1571,1572
2123,1232,1233
2123,1282,1283
2123,1427,1428
2123,1571,1572
2124,1232,1233
2124,1406,1407
2124,1427,1428
2124,1571,1572
2125,1232,1233
2125,1282,1283
2125,1406,1407
2125,1427,1428
2126,1067,1068
2126,1224,1225
2126,1282,1283
2126,1510,1511
2127,1067,1068
2127,1233,1234
2127,1259,1260
2127,1363,1364
2128,1031,1032
2128,1067,1068
2128,1233,1234
2128,1363,1364
2129,888,889
2129,927,928
2129,1171,1172
2129,1226,1227
2130,888,889
2130,927,928
2130,1196,1197
2130,1226,1227
2131,1078,1079
2131,1184,1185
2131,1188,1189
2131,1220,1221
2132,1078,1079
2132,1188,1189
2132,1220,1221
2132,1386,1387
2133,1078,1079
2133,1113,1114
2133,1286,1287
2133,1369,1370
2134,1078,1079
2134,1286,1287
2134,1369,1370
2134,1386,1387
2135,1078,1079
2135,1159,1160
2135,1220,1221
2135,1386,1387
2136,1078,1079
2136,1159,1160
2136,1220,1221
2136,1286,1287
2137,1078,1079
2137,1159,1160
2137,1286,1287
2137,1386,1387
2138,1078,1079
2138,1184,1185
2138,1220,1221
2138,1242,1243
2139,1078,1079
2139,1113,1114
2139,1184,1185
2139,1242,1243
2140,1078,1079
2140,1220,1221
2140,1242,1243
2140,1286,1287
2141,1078,1079
2141,1113,1114
2141,1242,1243
2141,1286,1287
2142,1037,1038
2142,1159,1160
2142,1235,1236
2142,1286,1287
2143,1159,1160
2143,1220,1221
2143,1235,1236
2143,1286,1287
2144,1220,1221
2144,1235,1236
2144,1242,1243
2144,1286,1287
2145,1031,1032
2145,1238,1239
2145,1242,1243
2145,1363,1364
2146,1235,1236
2146,1238,1239
2146,1242,1243
2146,1363,1364
2147,888,889
2147,927,928
2147,1010,1011
2147,1171,1172
2148,927,928
2148,1010,1011
2148,1184,1185
2148,1188,1189
2149,927,928
2149,1010,1011
2149,1171,1172
2149,1226,1227
2150,927,928
2150,1010,1011
2150,1184,1185
2150,1226,1227
2151,1024,1025
2151,1096,1097
2151,1197,1198
2151,1242,1243
2152,1031,1032
2152,1096,1097
2152,1197,1198
2152,1242,1243
2153,1031,1032
2153,1096,1097
2153,1238,1239
2153,1242,1243
2154,907,908
2154,1024,1025
2154,1096,1097
2154,1197,1198
2155,907,908
2155,1096,1097
2155,1120,1121
2155,1197,1198
2156,1031,1032
2156,1096,1097
2156,1120,1121
2156,1197,1198
2157,907,908
2157,1059,1060
2157,1096,1097
2157,1120,1121
2158,873,874
2158,907,908
2158,1059,1060
2158,1096,1097
2159,873,874
2159,907,908
2159,1096,1097
2159,1196,1197
2160,855,856
2160,873,874
2160,1059,1060
2160,1096,1097
2161,927,928
2161,981,982
2161,1064,1065
2161,1211,1212
2162,927,928
2162,981,982
2162,1196,1197
2162,1211,1212
2163,981,982
2163,1196,1197
2163,1211,1212
2163,1223,1224
2164,855,856
2164,1196,1197
2164,1211,1212
2164,1223,1224
2165,981,982
2165,1027,1028
2165,1211,1212
2165,1223,1224
2166,981,982
2166,1027,1028
2166,1064,1065
2166,1211,1212
2167,855,856
2167,873,874
2167,1196,1197
2167,1211,1212
2168,855,856
2168,873,874
2168,1096,1097
2168,1211,1212
2169,873,874
2169,1096,1097
2169,1196,1197
2169,1211,1212
2170,1080,1081
2170,1142,1143
2170,1250,1251
2170,1259,1260
2171,1080,1081
2171,1142,1143
2171,1259,1260
2171,1363,1364
2172,1037,1038
2172,1142,1143
2172,1330,1331
2172,1371,1372
2173,1037,1038
2173,1142,1143
2173,1299,1300
2173,1330,1331
2174,1037,1038
2174,1142,1143
2174,1235,1236
2174,1299,1300
2175,1658,1659
2175,1674,1675
2175,1739,1740
2175,1804,1805
2176,1591,1592
2176,1686,1687
2176,1758,1759
2176,1770,1771
2177,1635,1636
2177,1658,1659
2177,1704,1705
2177,1740,1741
2178,1635,1636
2178,1658,1659
2178,1674,1675
2178,1740,1741
2179,1635,1636
2179,1658,1659
2179,1674,1675
2179,1704,1705
2180,1635,1636
2180,1674,1675
2180,1716,1717
2180,1740,1741
2181,1635,1636
2181,1716,1717
2181,1740,1741
2181,1772,1773
2182,1635,1636
2182,1716,1717
2182,1772,1773
2182,1783,1784
2183,1635,1636
2183,1772,1773
2183,1783,1784
2183,1833,1834
2184,1635,1636
2184,1704,1705
2184,1740,1741
2184,1759,1760
2185,1635,1636
2185,1704,1705
2185,1759,1760
2185,1774,1775
2186,1523,1524
2186,1672,1673
2186,1736,1737
2186,1838,1839
2187,1673,1674
2187,1694,1695
2187,1759,1760
2187,1838,1839
2188,1736,1737
2188,1759,1760
2188,1779,1780
2188,1838,1839
2189,1672,1673
2189,1736,1737
2189,1779,1780
2189,1838,1839
2190,1736,1737
2190,1741,1742
2190,1759,1760
2190,1838,1839
2191,1673,1674
2191,1741,1742
2191,1759,1760
2191,1838,1839
2192,1673,1674
2192,1736,1737
2192,1741,1742
2192,1838,1839
2193,1523,1524
2193,1617,1618
2193,1672,1673
2193,1715,1716
2194,1465,1466
2194,1484,1485
2194,1617,1618
2194,1847,1848
2195,1476,1477
2195,1484,1485
2195,1617,1618
2195,1847,1848
2196,1465,1466
2196,1617,1618
2196,1715,1716
2196,1847,1848
2197,1523,1524
2197,1617,1618
2197,1715,1716
2197,1847,1848
2198,1736,1737
2198,1791,1792
2198,1800,1801
2198,1819,1820
2199,1523,1524
2199,1736,1737
2199,1800,1801
2199,1819,1820
2200,1695,1696
2200,1734,1735
2200,1800,1801
2200,1819,1820
2201,1695,1696
2201,1791,1792
2201,1800,1801
2201,1819,1820
2202,1666,1667
2202,1762,1763
2202,1791,1792
2202,1819,1820
2203,1715,1716
2203,1734,1735
2203,1800,1801
2203,1819,1820
2204,1523,1524
2204,1715,1716
2204,1800,1801
2204,1819,1820
2205,1592,1593
2205,1734,1735
2205,1819,1820
2205,1843,1844
2206,1695,1696
2206,1762,1763
2206,1791,1792
2206,1819,1820
2207,1592,1593
2207,1715,1716
2207,1734,1735
2207,1819,1820
2208,1523,1524
2208,1592,1593
2208,1715,1716
2208,1819,1820
2209,1592,1593
2209,1644,1645
2209,1819,1820
2209,1843,1844
2210,1523,1524
2210,1592,1593
2210,1644,1645
2210,1819,1820
2211,1568,1569
2211,1680,1681
2211,1682,1683
2211,1803,1804
2212,1648,1649
2212,1680,1681
2212,1682,1683
2212,1803,1804
2213,1568,1569
2213,1663,1664
2213,1680,1681
2213,1682,1683
2214,1648,1649
2214,1682,1683
2214,1803,1804
2214,1833,1834
2215,1568,1569
2215,1682,1683
2215,1803,1804
2215,1812,1813
2216,1568,1569
2216,1663,1664
2216,1682,1683
2216,1686,1687
2217,1682,1683
2217,1749,1750
2217,1803,1804
2217,1833,1834
2218,1568,1569
2218,1682,1683
2218,1686,1687
2218,1812,1813
2219,1682,1683
2219,1686,1687
2219,1749,1750
2219,1812,1813
2220,1682,1683
2220,1685,1686
2220,1749,1750
2220,1803,1804
2221,1682,1683
2221,1685,1686
2221,1803,1804
2221,1812,1813
2222,1682,1683
2222,1685,1686
2222,1749,1750
2222,1812,1813
2223,1682,1683
2223,1686,1687
2223,1749,1750
2223,1783,1784
2224,1682,1683
2224,1749,1750
2224,1783,1784
2224,1833,1834
2225,1663,1664
2225,1682,1683
2225,1686,1687
2225,1783,1784
2226,1663,1664
2226,1682,1683
2226,1783,1784
2226,1833,1834
2227,1319,1320
2227,1413,1414
2227,1433,1434
2227,1525,1526
2228,1264,1265
2228,1319,1320
2228,1481,1482
2228,1516,1517
2229,1451,1452
2229,1593,1594
2229,1604,1605
2229,1789,1790
2230,1451,1452
2230,1481,1482
2230,1604,1605
2230,1789,1790
2231,1451,1452
2231,1593,1594
2231,1604,1605
2231,1829,1830
2232,1436,1437
2232,1593,1594
2232,1604,1605
2232,1829,1830
2233,1436,1437
2233,1437,1438
2233,1604,1605
2233,1829,1830
2234,1436,1437
2234,1437,1438
2234,1604,1605
2234,1678,1679
2235,1367,1368
2235,1437,1438
2235,1604,1605
2235,1678,1679
2236,1629,1630
2236,1662,1663
2236,1711,1712
2236,1792,1793
2237,1444,1445
2237,1629,1630
2237,1662,1663
2237,1792,1793
2238,1444,1445
2238,1629,1630
2238,1680,1681
2238,1792,1793
2239,1568,1569
2239,1663,1664
2239,1680,1681
2239,1792,1793
2240,1444,1445
2240,1568,1569
2240,1680,1681
2240,1792,1793
2241,1053,1054
2241,1189,1190
2241,1225,1226
2241,1394,1395
2242,1086,1087
2242,1189,1190
2242,1225,1226
2242,1394,1395
2243,1086,1087
2243,1111,1112
2243,1189,1190
2243,1394,1395
2244,1071,1072
2244,1146,1147
2244,1268,1269
2244,1394,1395
2245,861,862
2245,1111,1112
2245,1146,1147
2245,1394,1395
2246,861,862
2246,1111,1112
2246,1189,1190
2246,1394,1395
2247,1289,1290
2247,1305,1306
2247,1413,1414
2247,1429,1430
2248,1289,1290
2248,1305,1306
2248,1413,1414
2248,1525,1526
2249,1289,1290
2249,1319,1320
2249,1413,1414
2249,1525,1526
2250,1289,1290
2250,1319,1320
2250,1351,1352
2250,1525,1526
2251,1264,1265
2251,1289,1290
2251,1351,1352
2251,1481,1482
2252,1289,1290
2252,1319,1320
2252,1351,1352
2252,1481,1482
2253,1264,1265
2253,1289,1290
2253,1319,1320
2253,1481,1482
2254,1289,1290
2254,1331,1332
2254,1429,1430
2254,1553,1554
2255,1289,1290
2255,1305,1306
2255,1331,1332
2255,1553,1554
2256,1289,1290
2256,1305,1306
2256,1429,1430
2256,1553,1554
2257,1289,1290
2257,1302,1303
2257,1351,1352
2257,1525,1526
2258,1289,1290
2258,1302,1303
2258,1305,1306
2258,1331,1332
2259,1289,1290
2259,1302,1303
2259,1305,1306
2259,1525,1526
2260,1289,1290
2260,1302,1303
2260,1331,1332
2260,1367,1368
2261,1289,1290
2261,1302,1303
2261,1351,1352
2261,1367,1368
2262,1289,1290
2262,1331,1332
2262,1351,1352
2262,1367,1368
2263,1060,1061
2263,1190,1191
2263,1273,1274
2263,1324,1325
2264,1058,1059
2264,1060,1061
2264,1190,1191
2264,1273,1274
2265,859,860
2265,1058,1059
2265,1189,1190
2265,1193,1194
2266,1058,1059
2266,1086,1087
2266,1189,1190
2266,1193,1194
2267,859,860
2267,1058,1059
2267,1190,1191
2267,1193,1194
2268,859,860
2268,870,871
2268,1190,1191
2268,1193,1194
2269,1060,1061
2269,1086,1087
2269,1193,1194
2269,1324,1325
2270,1058,1059
2270,1060,1061
2270,1086,1087
2270,1193,1194
2271,1086,1087
2271,1091,1092
2271,1193,1194
2271,1324,1325
2272,1060,1061
2272,1190,1191
2272,1193,1194
2272,1324,1325
2273,1058,1059
2273,1060,1061
2273,1190,1191
2273,1193,1194
2274,1019,1020
2274,1190,1191
2274,1193,1194
2274,1324,1325
2275,870,871
2275,1019,1020
2275,1190,1191
2275,1193,1194
2276,1019,1020
2276,1091,1092
2276,1193,1194
2276,1324,1325
2277,1086,1087
2277,1091,1092
2277,1098,1099
2277,1350,1351
2278,1049,1050
2278,1086,1087
2278,1091,1092
2278,1098,1099
2279,1056,1057
2279,1091,1092
2279,1098,1099
2279,1350,1351
2280,1056,1057
2280,1098,1099
2280,1222,1223
2280,1350,1351
2281,1098,1099
2281,1166,1167
2281,1222,1223
2281,1350,1351
2282,1341,1342
2282,1430,1431
2282,1468,1469
2282,1501,1502
2283,1341,1342
2283,1430,1431
2283,1501,1502
2283,1603,1604
2284,1098,1099
2284,1124,1125
2284,1166,1167
2284,1294,1295
2285,1098,1099
2285,1166,1167
2285,1294,1295
2285,1350,1351
2286,1086,1087
2286,1098,1099
2286,1294,1295
2286,1350,1351
2287,1086,1087
2287,1124,1125
2287,1294,1295
2287,1362,1363
2288,1049,1050
2288,1086,1087
2288,1124,1125
2288,1294,1295
2289,1049,1050
2289,1098,1099
2289,1124,1125
2289,1294,1295
2290,1049,1050
2290,1086,1087
2290,1098,1099
2290,1294,1295
2291,1294,1295
2291,1324,1325
2291,1350,1351
2291,1415,1416
2292,1060,1061
2292,1294,1295
2292,1324,1325
2292,1415,1416
2293,1086,1087
2293,1294,1295
2293,1324,1325
2293,1350,1351
2294,1060,1061
2294,1086,1087
2294,1294,1295
2294,1324,1325
2295,1532,1533
2295,1534,1535
2295,1558,1559
2295,1561,1562
2296,1532,1533
2296,1558,1559
2296,1561,1562
2296,1664,1665
2297,1532,1533
2297,1534,1535
2297,1561,1562
2297,1806,1807
2298,1532,1533
2298,1561,1562
2298,1664,1665
2298,1806,1807
2299,1532,1533
2299,1578,1579
2299,1664,1665
2299,1846,1847
2300,1532,1533
2300,1664,1665
2300,1806,1807
2300,1846,1847
2301,1532,1533
2301,1611,1612
2301,1806,1807
2301,1846,1847
2302,1241,1242
2302,1349,1350
2302,1380,1381
2302,1573,1574
2303,1241,1242
2303,1349,1350
2303,1380,1381
2303,1550,1551
2304,24,25
2304,174,175
2304,184,185
2304,324,325
2305,131,132
2305,174,175
2305,184,185
2305,324,325
2306,131,132
2306,178,179
2306,184,185
2306,324,325
2307,13,14
2307,135,136
2307,203,204
2307,365,366
2308,13,14
2308,135,136
2308,323,324
2308,365,366
2309,94,95
2309,135,136
2309,174,175
2309,184,185
2310,178,179
2310,275,276
2310,343,344
2310,404,405
2311,275,276
2311,329,330
2311,343,344
2311,404,405
2312,275,276
2312,329,330
2312,404,405
2312,507,508
2313,289,290
2313,353,354
2313,357,358
2313,412,413
2314,289,290
2314,322,323
2314,357,358
2314,543,544
2315,289,290
2315,332,333
2315,353,354
2315,412,413
2316,289,290
2316,353,354
2316,389,390
2316,543,544
2317,289,290
2317,357,358
2317,389,390
2317,543,544
2318,289,290
2318,353,354
2318,357,358
2318,389,390
2319,289,290
2319,332,333
2319,387,388
2319,412,413
2320,289,290
2320,332,333
2320,383,384
2320,387,388
2321,231,232
2321,293,294
2321,387,388
2321,431,432
2322,235,236
2322,293,294
2322,460,461
2322,473,474
2323,235,236
2323,293,294
2323,409,410
2323,473,474
2324,231,232
2324,293,294
2324,387,388
2324,641,642
2325,504,505
2325,522,523
2325,553,554
2325,641,642
2326,322,323
2326,522,523
2326,553,554
2326,641,642
2327,350,351
2327,421,422
2327,460,461
2327,647,648
2328,350,351
2328,421,422
2328,555,556
2328,647,648
2329,231,232
2329,293,294
2329,641,642
2329,647,648
2330,231,232
2330,504,505
2330,641,642
2330,647,648
2331,337,338
2331,504,505
2331,555,556
2331,647,648
2332,231,232
2332,337,338
2332,504,505
2332,647,648
2333,504,505
2333,553,554
2333,641,642
2333,647,648
2334,504,505
2334,555,556
2334,611,612
2334,647,648
2335,421,422
2335,555,556
2335,611,612
2335,647,648
2336,504,505
2336,553,554
2336,611,612
2336,647,648
2337,421,422
2337,553,554
2337,611,612
2337,647,648
2338,231,232
2338,387,388
2338,422,423
2338,641,642
2339,322,323
2339,422,423
2339,522,523
2339,641,642
2340,289,290
2340,387,388
2340,412,413
2340,422,423
2341,289,290
2341,387,388
2341,422,423
2341,641,642
2342,289,290
2342,322,323
2342,422,423
2342,641,642
2343,357,358
2343,412,413
2343,422,423
2343,488,489
2344,422,423
2344,504,505
2344,522,523
2344,641,642
2345,231,232
2345,422,423
2345,504,505
2345,641,642
2346,289,290
2346,357,358
2346,412,413
2346,422,423
2347,289,290
2347,322,323
2347,357,358
2347,422,423
2348,532,533
2348,546,547
2348,580,581
2348,587,588
2349,231,232
2349,422,423
2349,504,505
2349,546,547
2350,427,428
2350,504,505
2350,546,547
2350,601,602
2351,443,444
2351,546,547
2351,580,581
2351,587,588
2352,443,444
2352,488,489
2352,546,547
2352,587,588
2353,532,533
2353,546,547
2353,601,602
2353,792,793
2354,427,428
2354,546,547
2354,601,602
2354,792,793
2355,532,533
2355,546,547
2355,580,581
2355,792,793
2356,427,428
2356,546,547
2356,580,581
2356,792,793
2357,443,444
2357,522,523
2357,546,547
2357,580,581
2358,427,428
2358,504,505
2358,522,523
2358,546,547
2359,422,423
2359,504,505
2359,522,523
2359,546,547
2360,427,428
2360,522,523
2360,546,547
2360,580,581
2361,332,333
2361,387,388
2361,412,413
2361,613,614
2362,291,292
2362,351,352
2362,412,413
2362,613,614
2363,291,292
2363,332,333
2363,412,413
2363,613,614
2364,387,388
2364,412,413
2364,422,423
2364,613,614
2365,351,352
2365,412,413
2365,488,489
2365,613,614
2366,412,413
2366,422,423
2366,488,489
2366,613,614
2367,351,352
2367,455,456
2367,488,489
2367,613,614
2368,341,342
2368,349,350
2368,366,367
2368,435,436
2369,341,342
2369,366,367
2369,435,436
2369,545,546
2370,341,342
2370,435,436
2370,468,469
2370,545,546
2371,341,342
2371,349,350
2371,435,436
2371,449,450
2372,341,342
2372,435,436
2372,468,469
2372,593,594
2373,341,342
2373,435,436
2373,449,450
2373,593,594
2374,341,342
2374,449,450
2374,468,469
2374,593,594
2375,336,337
2375,341,342
2375,349,350
2375,449,450
2376,284,285
2376,294,295
2376,336,337
2376,341,342
2377,284,285
2377,294,295
2377,341,342
2377,596,597
2378,315,316
2378,459,460
2378,528,529
2378,648,649
2379,292,293
2379,459,460
2379,528,529
2379,648,649
2380,315,316
2380,459,460
2380,461,462
2380,528,529
2381,292,293
2381,312,313
2381,461,462
2381,528,529
2382,312,313
2382,459,460
2382,461,462
2382,528,529
2383,292,293
2383,312,313
2383,459,460
2383,528,529
2384,315,316
2384,461,462
2384,528,529
2384,599,600
2385,461,462
2385,528,529
2385,596,597
2385,599,600
2386,292,293
2386,301,302
2386,461,462
2386,528,529
2387,301,302
2387,461,462
2387,528,529
2387,596,597
2388,315,316
2388,479,480
2388,528,529
2388,599,600
2389,236,237
2389,298,299
2389,528,529
2389,648,649
2390,236,237
2390,268,269
2390,292,293
2390,528,529
2391,268,269
2391,292,293
2391,528,529
2391,648,649
2392,236,237
2392,268,269
2392,528,529
2392,648,649
2393,294,295
2393,528,529
2393,596,597
2393,599,600
2394,294,295
2394,479,480
2394,528,529
2394,599,600
2395,298,299
2395,479,480
2395,528,529
2395,648,649
2396,294,295
2396,298,299
2396,479,480
2396,528,529
2397,265,266
2397,315,316
2397,528,529
2397,648,649
2398,265,266
2398,315,316
2398,479,480
2398,528,529
2399,265,266
2399,479,480
2399,528,529
2399,648,649
2400,17,18
2400,140,141
2400,276,277
2400,326,327
2401,140,141
2401,276,277
2401,326,327
2401,327,328
2402,140,141
2402,276,277
2402,327,328
2402,494,495
2403,140,141
2403,252,253
2403,327,328
2403,494,495
2404,278,279
2404,321,322
2404,352,353
2404,392,393
2405,348,349
2405,392,393
2405,420,421
2405,612,613
2406,14,15
2406,51,52
2406,144,145
2406,318,319
2407,14,15
2407,34,35
2407,144,145
2407,371,372
2408,14,15
2408,34,35
2408,121,122
2408,371,372
2409,14,15
2409,51,52
2409,114,115
2409,318,319
2410,14,15
2410,34,35
2410,144,145
2410,318,319
2411,14,15
2411,34,35
2411,121,122
2411,318,319
2412,27,28
2412,62,63
2412,65,66
2412,114,115
2413,14,15
2413,27,28
2413,50,51
2413,400,401
2414,27,28
2414,62,63
2414,96,97
2414,148,149
2415,14,15
2415,27,28
2415,114,115
2415,318,319
2416,27,28
2416,50,51
2416,51,52
2416,114,115
2417,14,15
2417,27,28
2417,51,52
2417,114,115
2418,14,15
2418,27,28
2418,50,51
2418,51,52
2419,8,9
2419,27,28
2419,62,63
2419,114,115
2420,8,9
2420,27,28
2420,62,63
2420,318,319
2421,8,9
2421,27,28
2421,114,115
2421,318,319
2422,14,15
2422,27,28
2422,121,122
2422,318,319
2423,27,28
2423,62,63
2423,177,178
2423,318,319
2424,27,28
2424,121,122
2424,177,178
2424,318,319
2425,27,28
2425,62,63
2425,148,149
2425,177,178
2426,27,28
2426,121,122
2426,148,149
2426,177,178
2427,484,485
2427,529,530
2427,725,726
2427,739,740
2428,421,422
2428,611,612
2428,686,687
2428,739,740
2429,549,550
2429,634,635
2429,739,740
2429,783,784
2430,549,550
2430,611,612
2430,634,635
2430,739,740
2431,484,485
2431,634,635
2431,686,687
2431,739,740
2432,611,612
2432,634,635
2432,686,687
2432,739,740
2433,634,635
2433,671,672
2433,739,740
2433,783,784
2434,671,672
2434,725,726
2434,739,740
2434,783,784
2435,484,485
2435,634,635
2435,671,672
2435,739,740
2436,484,485
2436,671,672
2436,725,726
2436,739,740
2437,518,519
2437,553,554
2437,718,719
2437,830,831
2438,529,530
2438,779,780
2438,793,794
2438,830,831
2439,518,519
2439,553,554
2439,611,612
2439,830,831
2440,421,422
2440,553,554
2440,611,612
2440,830,831
2441,518,519
2441,529,530
2441,739,740
2441,830,831
2442,518,519
2442,611,612
2442,739,740
2442,830,831
2443,421,422
2443,611,612
2443,739,740
2443,830,831
2444,243,244
2444,465,466
2444,565,566
2444,583,584
2445,465,466
2445,565,566
2445,583,584
2445,689,690
2446,309,310
2446,356,357
2446,364,365
2446,510,511
2447,338,339
2447,356,357
2447,364,365
2447,510,511
2448,309,310
2448,338,339
2448,356,357
2448,510,511
2449,338,339
2449,455,456
2449,462,463
2449,510,511
2450,338,339
2450,356,357
2450,361,362
2450,364,365
2451,246,247
2451,356,357
2451,361,362
2451,364,365
2452,338,339
2452,361,362
2452,364,365
2452,510,511
2453,338,339
2453,361,362
2453,455,456
2453,510,511
2454,243,244
2454,361,362
2454,364,365
2454,510,511
2455,243,244
2455,361,362
2455,455,456
2455,510,511
2456,243,244
2456,317,318
2456,361,362
2456,364,365
2457,338,339
2457,361,362
2457,455,456
2457,462,463
2458,351,352
2458,361,362
2458,455,456
2458,462,463
2459,351,352
2459,361,362
2459,455,456
2459,613,614
2460,93,94
2460,208,209
2460,247,248
2460,379,380
2461,142,143
2461,247,248
2461,273,274
2461,405,406
2462,11,12
2462,51,52
2462,291,292
2462,351,352
2463,11,12
2463,351,352
2463,361,362
2463,613,614
2464,11,12
2464,208,209
2464,361,362
2464,613,614
2465,11,12
2465,81,82
2465,291,292
2465,401,402
2466,11,12
2466,51,52
2466,291,292
2466,401,402
2467,11,12
2467,60,61
2467,81,82
2467,114,115
2468,11,12
2468,51,52
2468,60,61
2468,114,115
2469,11,12
2469,291,292
2469,351,352
2469,613,614
2470,11,12
2470,81,82
2470,114,115
2470,401,402
2471,11,12
2471,51,52
2471,114,115
2471,401,402
2472,11,12
2472,81,82
2472,291,292
2472,332,333
2473,11,12
2473,291,292
2473,332,333
2473,613,614
2474,801,802
2474,888,889
2474,981,982
2474,1196,1197
2475,795,796
2475,801,802
2475,924,925
2475,984,985
2476,795,796
2476,801,802
2476,931,932
2476,984,985
2477,741,742
2477,801,802
2477,981,982
2477,1196,1197
2478,801,802
2478,822,823
2478,924,925
2478,984,985
2479,801,802
2479,888,889
2479,924,925
2479,1171,1172
2480,737,738
2480,741,742
2480,801,802
2480,931,932
2481,801,802
2481,822,823
2481,964,965
2481,984,985
2482,801,802
2482,931,932
2482,964,965
2482,984,985
2483,737,738
2483,801,802
2483,1032,1033
2483,1196,1197
2484,737,738
2484,741,742
2484,801,802
2484,1032,1033
2485,741,742
2485,801,802
2485,1032,1033
2485,1196,1197
2486,737,738
2486,801,802
2486,822,823
2486,964,965
2487,737,738
2487,801,802
2487,931,932
2487,964,965
2488,775,776
2488,872,873
2488,911,912
2488,924,925
2489,775,776
2489,872,873
2489,911,912
2489,1008,1009
2490,775,776
2490,788,789
2490,872,873
2490,1008,1009
2491,775,776
2491,788,789
2491,834,835
2491,872,873
2492,775,776
2492,834,835
2492,872,873
2492,924,925
2493,775,776
2493,788,789
2493,834,835
2493,902,903
2494,775,776
2494,834,835
2494,902,903
2494,984,985
2495,775,776
2495,834,835
2495,924,925
2495,984,985
2496,775,776
2496,902,903
2496,921,922
2496,984,985
2497,775,776
2497,921,922
2497,924,925
2497,984,985
2498,775,776
2498,822,823
2498,921,922
2498,924,925
2499,775,776
2499,822,823
2499,911,912
2499,924,925
2500,775,776
2500,822,823
2500,911,912
2500,1171,1172
2501,434,435
2501,471,472
2501,577,578
2501,579,580
2502,434,435
2502,471,472
2502,556,557
2502,577,578
2503,471,472
2503,556,557
2503,577,578
2503,605,606
2504,471,472
2504,577,578
2504,579,580
2504,636,637
2505,471,472
2505,577,578
2505,605,606
2505,636,637
2506,434,435
2506,556,557
2506,577,578
2506,650,651
2507,556,557
2507,577,578
2507,605,606
2507,650,651
2508,233,234
2508,577,578
2508,579,580
2508,636,637
2509,434,435
2509,526,527
2509,577,578
2509,579,580
2510,434,435
2510,526,527
2510,577,578
2510,774,775
2511,526,527
2511,577,578
2511,579,580
2511,774,775
2512,233,234
2512,256,257
2512,258,259
2512,577,578
2513,258,259
2513,577,578
2513,605,606
2513,636,637
2514,233,234
2514,258,259
2514,577,578
2514,636,637
2515,434,435
2515,577,578
2515,650,651
2515,774,775
2516,258,259
2516,577,578
2516,605,606
2516,650,651
2517,577,578
2517,600,601
2517,650,651
2517,774,775
2518,256,257
2518,577,578
2518,600,601
2518,774,775
2519,258,259
2519,577,578
2519,600,601
2519,650,651
2520,256,257
2520,258,259
2520,577,578
2520,600,601
2521,521,522
2521,605,606
2521,638,639
2521,650,651
2522,521,522
2522,638,639
2522,650,651
2522,786,787
2523,521,522
2523,569,570
2523,638,639
2523,786,787
2524,258,259
2524,521,522
2524,605,606
2524,650,651
2525,250,251
2525,258,259
2525,521,522
2525,605,606
2526,250,251
2526,258,259
2526,521,522
2526,531,532
2527,248,249
2527,346,347
2527,521,522
2527,569,570
2528,258,259
2528,521,522
2528,600,601
2528,650,651
2529,258,259
2529,521,522
2529,531,532
2529,600,601
2530,248,249
2530,250,251
2530,346,347
2530,521,522
2531,248,249
2531,413,414
2531,521,522
2531,531,532
2532,248,249
2532,250,251
2532,413,414
2532,521,522
2533,250,251
2533,413,414
2533,521,522
2533,531,532
2534,523,524
2534,552,553
2534,638,639
2534,769,770
2535,523,524
2535,745,746
2535,749,750
2535,810,811
2536,523,524
2536,638,639
2536,673,674
2536,786,787
2537,523,524
2537,673,674
2537,749,750
2537,786,787
2538,523,524
2538,749,750
2538,799,800
2538,810,811
2539,523,524
2539,673,674
2539,749,750
2539,799,800
2540,493,494
2540,523,524
2540,810,811
2540,827,828
2541,493,494
2541,523,524
2541,769,770
2541,827,828
2542,493,494
2542,523,524
2542,799,800
2542,810,811
2543,523,524
2543,556,557
2543,673,674
2543,799,800
2544,523,524
2544,556,557
2544,638,639
2544,673,674
2545,493,494
2545,523,524
2545,556,557
2545,799,800
2546,491,492
2546,523,524
2546,638,639
2546,769,770
2547,491,492
2547,493,494
2547,523,524
2547,769,770
2548,491,492
2548,523,524
2548,556,557
2548,638,639
2549,491,492
2549,493,494
2549,523,524
2549,556,557
2550,439,440
2550,551,552
2550,673,674
2550,786,787
2551,551,552
2551,673,674
2551,749,750
2551,786,787
2552,439,440
2552,551,552
2552,673,674
2552,717,718
2553,248,249
2553,438,439
2553,569,570
2553,646,647
2554,438,439
2554,561,562
2554,569,570
2554,646,647
2555,248,249
2555,521,522
2555,569,570
2555,646,647
2556,248,249
2556,498,499
2556,508,509
2556,646,647
2557,438,439
2557,498,499
2557,508,509
2557,646,647
2558,248,249
2558,438,439
2558,498,499
2558,646,647
2559,438,439
2559,508,509
2559,642,643
2559,646,647
2560,438,439
2560,561,562
2560,642,643
2560,646,647
2561,248,249
2561,389,390
2561,531,532
2561,646,647
2562,248,249
2562,521,522
2562,531,532
2562,646,647
2563,248,249
2563,508,509
2563,527,528
2563,646,647
2564,248,249
2564,389,390
2564,527,528
2564,646,647
2565,508,509
2565,575,576
2565,642,643
2565,646,647
2566,389,390
2566,531,532
2566,600,601
2566,646,647
2567,521,522
2567,531,532
2567,600,601
2567,646,647
2568,389,390
2568,477,478
2568,575,576
2568,646,647
2569,508,509
2569,527,528
2569,575,576
2569,646,647
2570,389,390
2570,527,528
2570,575,576
2570,646,647
2571,466,467
2571,575,576
2571,642,643
2571,646,647
2572,466,467
2572,561,562
2572,642,643
2572,646,647
2573,466,467
2573,477,478
2573,575,576
2573,646,647
2574,432,433
2574,536,537
2574,560,561
2574,626,627
2575,428,429
2575,432,433
2575,560,561
2575,626,627
2576,428,429
2576,432,433
2576,533,534
2576,626,627
2577,428,429
2577,432,433
2577,533,534
2577,560,561
2578,432,433
2578,517,518
2578,536,537
2578,560,561
2579,432,433
2579,533,534
2579,560,561
2579,798,799
2580,432,433
2580,517,518
2580,560,561
2580,798,799
2581,432,433
2581,535,536
2581,626,627
2581,818,819
2582,432,433
2582,535,536
2582,536,537
2582,626,627
2583,257,258
2583,499,500
2583,607,608
2583,694,695
2584,499,500
2584,554,555
2584,572,573
2584,607,608
2585,499,500
2585,572,573
2585,607,608
2585,694,695
2586,516,517
2586,572,573
2586,607,608
2586,694,695
2587,516,517
2587,607,608
2587,609,610
2587,694,695
2588,516,517
2588,607,608
2588,716,717
2588,735,736
2589,516,517
2589,607,608
2589,609,610
2589,716,717
2590,426,427
2590,609,610
2590,662,663
2590,694,695
2591,426,427
2591,609,610
2591,662,663
2591,959,960
2592,426,427
2592,629,630
2592,694,695
2592,798,799
2593,426,427
2593,629,630
2593,637,638
2593,798,799
2594,898,899
2594,972,973
2594,1012,1013
2594,1135,1136
2595,898,899
2595,937,938
2595,1012,1013
2595,1135,1136
2596,896,897
2596,898,899
2596,937,938
2596,1135,1136
2597,891,892
2597,937,938
2597,1012,1013
2597,1135,1136
2598,891,892
2598,955,956
2598,1012,1013
2598,1135,1136
2599,851,852
2599,972,973
2599,1101,1102
2599,1114,1115
2600,851,852
2600,972,973
2600,1101,1102
2600,1107,1108
2601,851,852
2601,972,973
2601,1107,1108
2601,1117,1118
2602,851,852
2602,972,973
2602,1114,1115
2602,1135,1136
2603,851,852
2603,955,956
2603,1114,1115
2603,1135,1136
2604,851,852
2604,972,973
2604,1012,1013
2604,1135,1136
2605,501,502
2605,626,627
2605,642,643
2605,818,819
2606,444,445
2606,501,502
2606,626,627
2606,818,819
2607,444,445
2607,501,502
2607,626,627
2607,642,643
2608,438,439
2608,501,502
2608,508,509
2608,642,643
2609,438,439
2609,501,502
2609,642,643
2609,818,819
2610,438,439
2610,501,502
2610,541,542
2610,818,819
2611,438,439
2611,498,499
2611,501,502
2611,508,509
2612,438,439
2612,498,499
2612,501,502
2612,541,542
2613,330,331
2613,501,502
2613,541,542
2613,818,819
2614,485,486
2614,498,499
2614,501,502
2614,508,509
2615,485,486
2615,498,499
2615,501,502
2615,541,542
2616,285,286
2616,485,486
2616,501,502
2616,593,594
2617,330,331
2617,485,486
2617,501,502
2617,541,542
2618,285,286
2618,330,331
2618,485,486
2618,501,502
2619,449,450
2619,485,486
2619,501,502
2619,508,509
2620,449,450
2620,485,486
2620,501,502
2620,593,594
2621,444,445
2621,525,526
2621,597,598
2621,642,643
2622,525,526
2622,575,576
2622,597,598
2622,642,643
2623,284,285
2623,525,526
2623,575,576
2623,597,598
2624,508,509
2624,525,526
2624,575,576
2624,642,643
2625,501,502
2625,508,509
2625,525,526
2625,642,643
2626,444,445
2626,501,502
2626,525,526
2626,642,643
2627,449,450
2627,508,509
2627,525,526
2627,575,576
2628,341,342
2628,449,450
2628,468,469
2628,525,526
2629,449,450
2629,501,502
2629,508,509
2629,525,526
2630,284,285
2630,336,337
2630,525,526
2630,575,576
2631,336,337
2631,449,450
2631,525,526
2631,575,576
2632,284,285
2632,336,337
2632,341,342
2632,525,526
2633,336,337
2633,341,342
2633,449,450
2633,525,526
2634,285,286
2634,444,445
2634,468,469
2634,525,526
2635,285,286
2635,444,445
2635,501,502
2635,525,526
2636,449,450
2636,468,469
2636,525,526
2636,593,594
2637,449,450
2637,501,502
2637,525,526
2637,593,594
2638,285,286
2638,468,469
2638,525,526
2638,593,594
2639,285,286
2639,501,502
2639,525,526
2639,593,594
2640,423,424
2640,428,429
2640,625,626
2640,704,705
2641,423,424
2641,428,429
2641,444,445
2641,625,626
2642,423,424
2642,428,429
2642,597,598
2642,704,705
2643,423,424
2643,428,429
2643,444,445
2643,597,598
2644,423,424
2644,597,598
2644,704,705
2644,846,847
2645,423,424
2645,603,604
2645,625,626
2645,704,705
2646,423,424
2646,444,445
2646,525,526
2646,597,598
2647,423,424
2647,444,445
2647,468,469
2647,525,526
2648,423,424
2648,468,469
2648,538,539
2648,625,626
2649,423,424
2649,444,445
2649,468,469
2649,538,539
2650,423,424
2650,444,445
2650,538,539
2650,625,626
2651,284,285
2651,423,424
2651,597,598
2651,846,847
2652,423,424
2652,589,590
2652,704,705
2652,846,847
2653,423,424
2653,589,590
2653,603,604
2653,704,705
2654,423,424
2654,468,469
2654,585,586
2654,603,604
2655,423,424
2655,468,469
2655,585,586
2655,625,626
2656,423,424
2656,585,586
2656,603,604
2656,625,626
2657,284,285
2657,423,424
2657,525,526
2657,597,598
2658,341,342
2658,423,424
2658,468,469
2658,525,526
2659,284,285
2659,341,342
2659,423,424
2659,525,526
2660,284,285
2660,423,424
2660,596,597
2660,846,847
2661,423,424
2661,589,590
2661,596,597
2661,846,847
2662,423,424
2662,589,590
2662,596,597
2662,603,604
2663,284,285
2663,341,342
2663,423,424
2663,596,597
2664,423,424
2664,468,469
2664,545,546
2664,603,604
2665,341,342
2665,423,424
2665,468,469
2665,545,546
2666,423,424
2666,545,546
2666,596,597
2666,603,604
2667,341,342
2667,423,424
2667,545,546
2667,596,597
2668,23,24
2668,80,81
2668,101,102
2668,104,105
2669,23,24
2669,80,81
2669,101,102
2669,190,191
2670,27,28
2670,80,81
2670,121,122
2670,148,149
2671,14,15
2671,27,28
2671,80,81
2671,121,122
2672,14,15
2672,27,28
2672,80,81
2672,400,401
2673,80,81
2673,96,97
2673,104,105
2673,148,149
2674,27,28
2674,80,81
2674,96,97
2674,148,149
2675,27,28
2675,80,81
2675,96,97
2675,388,389
2676,27,28
2676,80,81
2676,388,389
2676,400,401
2677,9,10
2677,31,32
2677,75,76
2677,189,190
2678,9,10
2678,18,19
2678,31,32
2678,189,190
2679,137,138
2679,143,144
2679,189,190
2679,217,218
2680,9,10
2680,18,19
2680,189,190
2680,217,218
2681,63,64
2681,137,138
2681,189,190
2681,217,218
2682,18,19
2682,63,64
2682,137,138
2682,189,190
2683,18,19
2683,63,64
2683,189,190
2683,217,218
2684,9,10
2684,75,76
2684,92,93
2684,189,190
2685,0,1
2685,61,62
2685,78,79
2685,118,119
2686,0,1
2686,61,62
2686,78,79
2686,225,226
2687,78,79
2687,119,120
2687,157,158
2687,225,226
2688,78,79
2688,86,87
2688,157,158
2688,225,226
2689,0,1
2689,78,79
2689,86,87
2689,225,226
2690,121,122
2690,124,125
2690,148,149
2690,177,178
2691,121,122
2691,124,125
2691,177,178
2691,216,217
2692,105,106
2692,124,125
2692,136,137
2692,216,217
2693,121,122
2693,124,125
2693,136,137
2693,216,217
2694,80,81
2694,121,122
2694,124,125
2694,148,149
2695,80,81
2695,104,105
2695,124,125
2695,148,149
2696,23,24
2696,80,81
2696,104,105
2696,124,125
2697,105,106
2697,124,125
2697,136,137
2697,190,191
2698,121,122
2698,124,125
2698,136,137
2698,190,191
2699,23,24
2699,105,106
2699,124,125
2699,190,191
2700,23,24
2700,80,81
2700,124,125
2700,190,191
2701,80,81
2701,121,122
2701,124,125
2701,190,191
2702,118,119
2702,141,142
2702,172,173
2702,207,208
2703,55,56
2703,118,119
2703,141,142
2703,172,173
2704,63,64
2704,96,97
2704,172,173
2704,388,389
2705,63,64
2705,172,173
2705,207,208
2705,388,389
2706,484,485
2706,671,672
2706,679,680
2706,725,726
2707,671,672
2707,679,680
2707,707,708
2707,725,726
2708,350,351
2708,396,397
2708,460,461
2708,592,593
2709,350,351
2709,396,397
2709,460,461
2709,473,474
2710,396,397
2710,520,521
2710,592,593
2710,645,646
2711,396,397
2711,460,461
2711,592,593
2711,645,646
2712,265,266
2712,396,397
2712,520,521
2712,645,646
2713,265,266
2713,396,397
2713,460,461
2713,645,646
2714,239,240
2714,265,266
2714,396,397
2714,520,521
2715,239,240
2715,265,266
2715,396,397
2715,473,474
2716,265,266
2716,396,397
2716,460,461
2716,473,474
2717,785,786
2717,920,921
2717,939,940
2717,1109,1110
2718,785,786
2718,920,921
2718,1109,1110
2718,1176,1177
2719,707,708
2719,761,762
2719,785,786
2719,939,940
2720,761,762
2720,785,786
2720,939,940
2720,1109,1110
2721,761,762
2721,785,786
2721,864,865
2721,1109,1110
2722,67,68
2722,130,131
2722,277,278
2722,375,376
2723,221,222
2723,224,225
2723,368,369
2723,375,376
2724,67,68
2724,130,131
2724,302,303
2724,375,376
2725,130,131
2725,222,223
2725,277,278
2725,375,376
2726,130,131
2726,260,261
2726,302,303
2726,375,376
2727,130,131
2727,222,223
2727,260,261
2727,375,376
2728,173,174
2728,302,303
2728,368,369
2728,375,376
2729,67,68
2729,173,174
2729,302,303
2729,375,376
2730,19,20
2730,173,174
2730,368,369
2730,375,376
2731,287,288
2731,302,303
2731,368,369
2731,375,376
2732,221,222
2732,287,288
2732,368,369
2732,375,376
2733,260,261
2733,287,288
2733,302,303
2733,375,376
2734,221,222
2734,260,261
2734,287,288
2734,375,376
2735,50,51
2735,52,53
2735,252,253
2735,295,296
2736,244,245
2736,252,253
2736,280,281
2736,295,296
2737,244,245
2737,280,281
2737,288,289
2737,295,296
2738,50,51
2738,252,253
2738,280,281
2738,295,296
2739,50,51
2739,280,281
2739,295,296
2739,395,396
2740,50,51
2740,295,296
2740,395,396
2740,401,402
2741,249,250
2741,280,281
2741,288,289
2741,295,296
2742,249,250
2742,280,281
2742,295,296
2742,395,396
2743,288,289
2743,291,292
2743,295,296
2743,401,402
2744,291,292
2744,295,296
2744,395,396
2744,401,402
2745,249,250
2745,288,289
2745,291,292
2745,295,296
2746,249,250
2746,291,292
2746,295,296
2746,395,396
2747,89,90
2747,335,336
2747,349,350
2747,366,367
2748,89,90
2748,234,235
2748,349,350
2748,366,367
2749,244,245
2749,262,263
2749,288,289
2749,349,350
2750,244,245
2750,262,263
2750,288,289
2750,295,296
2751,262,263
2751,327,328
2751,335,336
2751,349,350
2752,52,53
2752,252,253
2752,262,263
2752,295,296
2753,244,245
2753,262,263
2753,349,350
2753,449,450
2754,244,245
2754,262,263
2754,327,328
2754,449,450
2755,262,263
2755,327,328
2755,349,350
2755,449,450
2756,244,245
2756,252,253
2756,262,263
2756,327,328
2757,244,245
2757,252,253
2757,262,263
2757,295,296
2758,232,233
2758,236,237
2758,268,269
2758,292,293
2759,232,233
2759,268,269
2759,292,293
2759,390,391
2760,232,233
2760,236,237
2760,292,293
2760,528,529
2761,232,233
2761,292,293
2761,344,345
2761,390,391
2762,232,233
2762,292,293
2762,301,302
2762,528,529
2763,232,233
2763,341,342
2763,366,367
2763,545,546
2764,232,233
2764,292,293
2764,301,302
2764,344,345
2765,232,233
2765,301,302
2765,344,345
2765,545,546
2766,232,233
2766,301,302
2766,545,546
2766,596,597
2767,232,233
2767,301,302
2767,528,529
2767,596,597
2768,73,74
2768,74,75
2768,221,222
2768,227,228
2769,74,75
2769,122,123
2769,344,345
2769,390,391
2770,74,75
2770,260,261
2770,344,345
2770,362,363
2771,74,75
2771,122,123
2771,344,345
2771,362,363
2772,74,75
2772,122,123
2772,227,228
2772,362,363
2773,74,75
2773,161,162
2773,227,228
2773,362,363
2774,74,75
2774,161,162
2774,221,222
2774,227,228
2775,74,75
2775,260,261
2775,287,288
2775,362,363
2776,74,75
2776,221,222
2776,260,261
2776,287,288
2777,74,75
2777,161,162
2777,287,288
2777,362,363
2778,74,75
2778,161,162
2778,221,222
2778,287,288
2779,103,104
2779,122,123
2779,227,228
2779,370,371
2780,103,104
2780,122,123
2780,370,371
2780,390,391
2781,74,75
2781,103,104
2781,122,123
2781,227,228
2782,74,75
2782,103,104
2782,122,123
2782,390,391
2783,73,74
2783,74,75
2783,103,104
2783,227,228
2784,29,30
2784,73,74
2784,103,104
2784,227,228
2785,29,30
2785,103,104
2785,227,228
2785,370,371
2786,103,104
2786,264,265
2786,370,371
2786,390,391
2787,103,104
2787,107,108
2787,219,220
2787,264,265
2788,103,104
2788,219,220
2788,264,265
2788,370,371
2789,29,30
2789,103,104
2789,107,108
2789,159,160
2790,29,30
2790,73,74
2790,103,104
2790,159,160
2791,29,30
2791,103,104
2791,107,108
2791,219,220
2792,29,30
2792,103,104
2792,219,220
2792,370,371
2793,103,104
2793,107,108
2793,159,160
2793,304,305
2794,73,74
2794,103,104
2794,159,160
2794,304,305
2795,73,74
2795,103,104
2795,221,222
2795,304,305
2796,74,75
2796,103,104
2796,221,222
2796,304,305
2797,73,74
2797,74,75
2797,103,104
2797,221,222
2798,54,55
2798,316,317
2798,348,349
2798,414,415
2799,182,183
2799,229,230
2799,316,317
2799,319,320
2800,54,55
2800,316,317
2800,319,320
2800,414,415
2801,54,55
2801,182,183
2801,316,317
2801,319,320
2802,271,272
2802,326,327
2802,327,328
2802,335,336
2803,262,263
2803,271,272
2803,327,328
2803,335,336
2804,140,141
2804,271,272
2804,326,327
2804,327,328
2805,204,205
2805,271,272
2805,277,278
2805,326,327
2806,271,272
2806,277,278
2806,326,327
2806,335,336
2807,17,18
2807,204,205
2807,271,272
2807,326,327
2808,17,18
2808,140,141
2808,271,272
2808,326,327
2809,140,141
2809,252,253
2809,271,272
2809,327,328
2810,252,253
2810,262,263
2810,271,272
2810,327,328
2811,17,18
2811,204,205
2811,211,212
2811,271,272
2812,17,18
2812,140,141
2812,211,212
2812,271,272
2813,52,53
2813,140,141
2813,252,253
2813,271,272
2814,52,53
2814,252,253
2814,262,263
2814,271,272
2815,52,53
2815,140,141
2815,211,212
2815,271,272
2816,15,16
2816,52,53
2816,211,212
2816,271,272
2817,214,215
2817,276,277
2817,278,279
2817,352,353
2818,214,215
2818,278,279
2818,352,353
2818,392,393
2819,214,215
2819,352,353
2819,392,393
2819,414,415
2820,140,141
2820,214,215
2820,276,277
2820,494,495
2821,140,141
2821,214,215
2821,276,277
2821,296,297
2822,214,215
2822,276,277
2822,278,279
2822,494,495
2823,278,279
2823,283,284
2823,354,355
2823,480,481
2824,278,279
2824,283,284
2824,424,425
2824,480,481
2825,278,279
2825,352,353
2825,354,355
2825,480,481
2826,278,279
2826,321,322
2826,352,353
2826,480,481
2827,278,279
2827,321,322
2827,424,425
2827,480,481
2828,321,322
2828,377,378
2828,480,481
2828,568,569
2829,321,322
2829,352,353
2829,480,481
2829,568,569
2830,238,239
2830,377,378
2830,480,481
2830,568,569
2831,259,260
2831,352,353
2831,480,481
2831,568,569
2832,259,260
2832,352,353
2832,354,355
2832,480,481
2833,238,239
2833,259,260
2833,480,481
2833,568,569
2834,238,239
2834,259,260
2834,354,355
2834,480,481
2835,240,241
2835,424,425
2835,604,605
2835,701,702
2836,424,425
2836,604,605
2836,649,650
2836,701,702
2837,240,241
2837,604,605
2837,644,645
2837,701,702
2838,240,241
2838,604,605
2838,621,622
2838,644,645
2839,240,241
2839,574,575
2839,604,605
2839,621,622
2840,424,425
2840,604,605
2840,631,632
2840,649,650
2841,604,605
2841,631,632
2841,649,650
2841,685,686
2842,570,571
2842,574,575
2842,604,605
2842,621,622
2843,570,571
2843,574,575
2843,604,605
2843,631,632
2844,321,322
2844,574,575
2844,604,605
2844,631,632
2845,321,322
2845,424,425
2845,604,605
2845,631,632
2846,321,322
2846,568,569
2846,574,575
2846,604,605
2847,240,241
2847,568,569
2847,574,575
2847,604,605
2848,240,241
2848,377,378
2848,424,425
2848,604,605
2849,570,571
2849,604,605
2849,621,622
2849,685,686
2850,570,571
2850,604,605
2850,631,632
2850,685,686
2851,321,322
2851,377,378
2851,568,569
2851,604,605
2852,240,241
2852,377,378
2852,568,569
2852,604,605
2853,321,322
2853,377,378
2853,480,481
2853,604,605
2854,321,322
2854,424,425
2854,480,481
2854,604,605
2855,377,378
2855,424,425
2855,480,481
2855,604,605
2856,12,13
2856,259,260
2856,352,353
2856,354,355
2857,12,13
2857,259,260
2857,354,355
2857,376,377
2858,12,13
2858,259,260
2858,316,317
2858,352,353
2859,12,13
2859,17,18
2859,354,355
2859,376,377
2860,12,13
2860,229,230
2860,259,260
2860,376,377
2861,12,13
2861,229,230
2861,259,260
2861,316,317
2862,12,13
2862,316,317
2862,352,353
2862,414,415
2863,12,13
2863,229,230
2863,316,317
2863,319,320
2864,12,13
2864,316,317
2864,319,320
2864,414,415
2865,12,13
2865,17,18
2865,276,277
2865,354,355
2866,12,13
2866,276,277
2866,352,353
2866,354,355
2867,12,13
2867,214,215
2867,276,277
2867,352,353
2868,12,13
2868,296,297
2868,319,320
2868,414,415
2869,12,13
2869,214,215
2869,276,277
2869,296,297
2870,12,13
2870,214,215
2870,296,297
2870,414,415
2871,12,13
2871,214,215
2871,352,353
2871,414,415
2872,12,13
2872,17,18
2872,140,141
2872,276,277
2873,12,13
2873,140,141
2873,276,277
2873,296,297
2874,12,13
2874,17,18
2874,140,141
2874,296,297
2875,48,49
2875,191,192
2875,220,221
2875,382,383
2876,191,192
2876,202,203
2876,220,221
2876,382,383
2877,126,127
2877,191,192
2877,202,203
2877,382,383
2878,113,114
2878,126,127
2878,191,192
2878,202,203
2879,126,127
2879,191,192
2879,372,373
2879,382,383
2880,48,49
2880,191,192
2880,372,373
2880,382,383
2881,126,127
2881,191,192
2881,308,309
2881,372,373
2882,46,47
2882,48,49
2882,191,192
2882,372,373
2883,46,47
2883,191,192
2883,235,236
2883,372,373
2884,191,192
2884,235,236
2884,308,309
2884,372,373
2885,46,47
2885,191,192
2885,235,236
2885,331,332
2886,126,127
2886,191,192
2886,274,275
2886,308,309
2887,113,114
2887,126,127
2887,191,192
2887,274,275
2888,191,192
2888,235,236
2888,308,309
2888,542,543
2889,191,192
2889,235,236
2889,331,332
2889,542,543
2890,113,114
2890,191,192
2890,331,332
2890,542,543
2891,191,192
2891,274,275
2891,308,309
2891,542,543
2892,113,114
2892,191,192
2892,274,275
2892,542,543
2893,5,6
2893,25,26
2893,196,197
2893,202,203
2894,113,114
2894,196,197
2894,202,203
2894,264,265
2895,25,26
2895,196,197
2895,202,203
2895,264,265
2896,5,6
2896,32,33
2896,92,93
2896,196,197
2897,5,6
2897,25,26
2897,92,93
2897,196,197
2898,25,26
2898,107,108
2898,196,197
2898,264,265
2899,1486,1487
2899,1732,1733
2899,1797,1798
2899,1807,1808
2900,1468,1469
2900,1486,1487
2900,1487,1488
2900,1606,1607
2901,1654,1655
2901,1818,1819
2901,1834,1835
2901,1836,1837
2902,1654,1655
2902,1818,1819
2902,1828,1829
2902,1836,1837
2903,33,34
2903,41,42
2903,75,76
2903,92,93
2904,25,26
2904,33,34
2904,41,42
2904,92,93
2905,25,26
2905,41,42
2905,107,108
2905,159,160
2906,41,42
2906,92,93
2906,107,108
2906,159,160
2907,25,26
2907,41,42
2907,92,93
2907,107,108
2908,9,10
2908,99,100
2908,189,190
2908,217,218
2909,9,10
2909,15,16
2909,99,100
2909,217,218
2910,9,10
2910,32,33
2910,92,93
2910,99,100
2911,9,10
2911,32,33
2911,99,100
2911,187,188
2912,21,22
2912,129,130
2912,193,194
2912,206,207
2913,7,8
2913,56,57
2913,129,130
2913,138,139
2914,7,8
2914,21,22
2914,129,130
2914,138,139
2915,56,57
2915,87,88
2915,129,130
2915,138,139
2916,56,57
2916,87,88
2916,129,130
2916,226,227
2917,87,88
2917,119,120
2917,129,130
2917,226,227
2918,86,87
2918,106,107
2918,226,227
2918,245,246
2919,95,96
2919,106,107
2919,226,227
2919,245,246
2920,95,96
2920,106,107
2920,129,130
2920,193,194
2921,95,96
2921,106,107
2921,129,130
2921,226,227
2922,106,107
2922,119,120
2922,129,130
2922,193,194
2923,106,107
2923,119,120
2923,129,130
2923,226,227
2924,78,79
2924,106,107
2924,119,120
2924,193,194
2925,106,107
2925,119,120
2925,157,158
2925,226,227
2926,0,1
2926,78,79
2926,86,87
2926,106,107
2927,78,79
2927,106,107
2927,119,120
2927,157,158
2928,78,79
2928,86,87
2928,106,107
2928,157,158
2929,40,41
2929,106,107
2929,157,158
2929,226,227
2930,40,41
2930,86,87
2930,106,107
2930,157,158
2931,40,41
2931,86,87
2931,106,107
2931,226,227
2932,17,18
2932,117,118
2932,204,205
2932,245,246
2933,95,96
2933,117,118
2933,204,205
2933,245,246
2934,17,18
2934,117,118
2934,204,205
2934,211,212
2935,17,18
2935,86,87
2935,117,118
2935,245,246
2936,86,87
2936,106,107
2936,117,118
2936,245,246
2937,95,96
2937,106,107
2937,117,118
2937,245,246
2938,0,1
2938,86,87
2938,106,107
2938,117,118
2939,17,18
2939,86,87
2939,117,118
2939,376,377
2940,6,7
2940,137,138
2940,193,194
2940,206,207
2941,6,7
2941,129,130
2941,193,194
2941,206,207
2942,6,7
2942,95,96
2942,129,130
2942,193,194
2943,6,7
2943,95,96
2943,129,130
2943,206,207
2944,6,7
2944,95,96
2944,106,107
2944,193,194
2945,6,7
2945,95,96
2945,106,107
2945,117,118
2946,6,7
2946,117,118
2946,207,208
2946,211,212
2947,6,7
2947,137,138
2947,206,207
2947,217,218
2948,6,7
2948,117,118
2948,204,205
2948,211,212
2949,6,7
2949,95,96
2949,117,118
2949,204,205
2950,6,7
2950,63,64
2950,207,208
2950,211,212
2951,6,7
2951,78,79
2951,106,107
2951,193,194
2952,0,1
2952,6,7
2952,117,118
2952,207,208
2953,0,1
2953,6,7
2953,106,107
2953,117,118
2954,6,7
2954,63,64
2954,137,138
2954,217,218
2955,6,7
2955,63,64
2955,211,212
2955,217,218
2956,0,1
2956,6,7
2956,78,79
2956,106,107
2957,102,103
2957,108,109
2957,182,183
2957,319,320
2958,102,103
2958,182,183
2958,229,230
2958,319,320
2959,12,13
2959,102,103
2959,229,230
2959,319,320
2960,12,13
2960,102,103
2960,229,230
2960,376,377
2961,0,1
2961,86,87
2961,102,103
2961,200,201
2962,102,103
2962,182,183
2962,200,201
2962,229,230
2963,0,1
2963,82,83
2963,102,103
2963,200,201
2964,82,83
2964,102,103
2964,182,183
2964,200,201
2965,82,83
2965,102,103
2965,108,109
2965,182,183
2966,61,62
2966,82,83
2966,102,103
2966,108,109
2967,0,1
2967,61,62
2967,102,103
2967,108,109
2968,0,1
2968,61,62
2968,82,83
2968,102,103
2969,179,180
2969,296,297
2969,319,320
2969,342,343
2970,131,132
2970,156,157
2970,178,179
2970,275,276
2971,241,242
2971,329,330
2971,369,370
2971,402,403
2972,241,242
2972,261,262
2972,329,330
2972,369,370
2973,280,281
2973,306,307
2973,369,370
2973,413,414
2974,306,307
2974,369,370
2974,402,403
2974,413,414
2975,280,281
2975,369,370
2975,395,396
2975,413,414
2976,310,311
2976,369,370
2976,395,396
2976,413,414
2977,367,368
2977,378,379
2977,606,607
2977,615,616
2978,367,368
2978,436,437
2978,606,607
2978,615,616
2979,253,254
2979,436,437
2979,606,607
2979,612,613
2980,440,441
2980,552,553
2980,617,618
2980,769,770
2981,367,368
2981,552,553
2981,615,616
2981,617,618
2982,367,368
2982,436,437
2982,615,616
2982,617,618
2983,440,441
2983,442,443
2983,567,568
2983,617,618
2984,440,441
2984,552,553
2984,617,618
2984,776,777
2985,552,553
2985,615,616
2985,617,618
2985,776,777
2986,440,441
2986,615,616
2986,617,618
2986,776,777
2987,440,441
2987,442,443
2987,615,616
2987,617,618
2988,58,59
2988,121,122
2988,136,137
2988,371,372
2989,58,59
2989,121,122
2989,136,137
2989,190,191
2990,14,15
2990,58,59
2990,121,122
2990,371,372
2991,58,59
2991,80,81
2991,121,122
2991,190,191
2992,14,15
2992,58,59
2992,80,81
2992,121,122
2993,84,85
2993,113,114
2993,236,237
2993,542,543
2994,84,85
2994,236,237
2994,331,332
2994,542,543
2995,84,85
2995,113,114
2995,331,332
2995,542,543
2996,84,85
2996,234,235
2996,236,237
2996,298,299
2997,84,85
2997,236,237
2997,298,299
2997,331,332
2998,84,85
2998,234,235
2998,298,299
2998,383,384
2999,84,85
2999,298,299
2999,331,332
2999,383,384
3000,32,33
3000,84,85
3000,89,90
3000,234,235
3001,84,85
3001,234,235
3001,339,340
3001,383,384
3002,84,85
3002,331,332
3002,339,340
3002,383,384
3003,5,6
3003,75,76
3003,188,189
3003,228,229
3004,5,6
3004,33,34
3004,75,76
3004,188,189
3005,31,32
3005,75,76
3005,188,189
3005,228,229
3006,5,6
3006,33,34
3006,149,150
3006,188,189
3007,36,37
3007,85,86
3007,188,189
3007,192,193
3008,5,6
3008,36,37
3008,85,86
3008,188,189
3009,36,37
3009,149,150
3009,188,189
3009,192,193
3010,5,6
3010,36,37
3010,149,150
3010,188,189
3011,1,2
3011,31,32
3011,65,66
3011,205,206
3012,1,2
3012,31,32
3012,65,66
3012,228,229
3013,1,2
3013,31,32
3013,188,189
3013,205,206
3014,1,2
3014,31,32
3014,188,189
3014,228,229
3015,1,2
3015,8,9
3015,65,66
3015,205,206
3016,1,2
3016,8,9
3016,70,71
3016,205,206
3017,1,2
3017,70,71
3017,192,193
3017,205,206
3018,1,2
3018,70,71
3018,85,86
3018,192,193
3019,1,2
3019,70,71
3019,85,86
3019,145,146
3020,1,2
3020,188,189
3020,192,193
3020,205,206
3021,1,2
3021,85,86
3021,188,189
3021,192,193
3022,1,2
3022,5,6
3022,85,86
3022,228,229
3023,1,2
3023,5,6
3023,188,189
3023,228,229
3024,1,2
3024,5,6
3024,85,86
3024,188,189
3025,81,82
3025,332,333
3025,383,384
3025,398,399
3026,332,333
3026,383,384
3026,387,388
3026,398,399
3027,81,82
3027,391,392
3027,398,399
3027,405,406
3028,332,333
3028,387,388
3028,398,399
3028,613,614
3029,11,12
3029,81,82
3029,332,333
3029,398,399
3030,11,12
3030,332,333
3030,398,399
3030,613,614
3031,26,27
3031,68,69
3031,212,213
3031,230,231
3032,26,27
3032,68,69
3032,111,112
3032,230,231
3033,10,11
3033,68,69
3033,111,112
3033,230,231
3034,68,69
3034,154,155
3034,230,231
3034,307,308
3035,10,11
3035,68,69
3035,154,155
3035,230,231
3036,519,520
3036,563,564
3036,674,675
3036,693,694
3037,500,501
3037,519,520
3037,563,564
3037,693,694
3038,439,440
3038,500,501
3038,563,564
3038,693,694
3039,439,440
3039,500,501
3039,514,515
3039,563,564
3040,439,440
3040,513,514
3040,514,515
3040,563,564
3041,761,762
3041,849,850
3041,850,851
3041,939,940
3042,671,672
3042,783,784
3042,825,826
3042,850,851
3043,707,708
3043,761,762
3043,850,851
3043,939,940
3044,671,672
3044,707,708
3044,761,762
3044,850,851
3045,147,148
3045,273,274
3045,431,432
3045,566,567
3046,147,148
3046,293,294
3046,409,410
3046,566,567
3047,273,274
3047,429,430
3047,431,432
3047,566,567
3048,293,294
3048,409,410
3048,473,474
3048,566,567
3049,1062,1063
3049,1103,1104
3049,1159,1160
3049,1386,1387
3050,1062,1063
3050,1103,1104
3050,1159,1160
3050,1398,1399
3051,1062,1063
3051,1174,1175
3051,1228,1229
3051,1386,1387
3052,1062,1063
3052,1103,1104
3052,1174,1175
3052,1228,1229
3053,1062,1063
3053,1103,1104
3053,1174,1175
3053,1386,1387
3054,975,976
3054,1062,1063
3054,1228,1229
3054,1386,1387
3055,975,976
3055,1062,1063
3055,1188,1189
3055,1386,1387
3056,1062,1063
3056,1188,1189
3056,1220,1221
3056,1386,1387
3057,1062,1063
3057,1159,1160
3057,1220,1221
3057,1386,1387
3058,1062,1063
3058,1159,1160
3058,1220,1221
3058,1398,1399
3059,975,976
3059,1062,1063
3059,1132,1133
3059,1228,1229
3060,975,976
3060,1062,1063
3060,1083,1084
3060,1132,1133
3061,1302,1303
3061,1343,1344
3061,1361,1362
3061,1553,1554
3062,1103,1104
3062,1174,1175
3062,1228,1229
3062,1361,1362
3063,1302,1303
3063,1305,1306
3063,1361,1362
3063,1403,1404
3064,1302,1303
3064,1305,1306
3064,1361,1362
3064,1553,1554
3065,1174,1175
3065,1343,1344
3065,1361,1362
3065,1434,1435
3066,1343,1344
3066,1361,1362
3066,1434,1435
3066,1553,1554
3067,1103,1104
3067,1174,1175
3067,1361,1362
3067,1434,1435
3068,1103,1104
3068,1361,1362
3068,1434,1435
3068,1553,1554
3069,1305,1306
3069,1359,1360
3069,1361,1362
3069,1553,1554
3070,1103,1104
3070,1359,1360
3070,1361,1362
3070,1553,1554
3071,1090,1091
3071,1250,1251
3071,1365,1366
3071,1420,1421
3072,1339,1340
3072,1358,1359
3072,1365,1366
3072,1493,1494
3073,1339,1340
3073,1365,1366
3073,1420,1421
3073,1493,1494
3074,1227,1228
3074,1250,1251
3074,1365,1366
3074,1420,1421
3075,1248,1249
3075,1365,1366
3075,1420,1421
3075,1493,1494
3076,1245,1246
3076,1248,1249
3076,1365,1366
3076,1493,1494
3077,1227,1228
3077,1248,1249
3077,1365,1366
3077,1420,1421
3078,1227,1228
3078,1245,1246
3078,1248,1249
3078,1365,1366
3079,1278,1279
3079,1312,1313
3079,1340,1341
3079,1432,1433
3080,1278,1279
3080,1312,1313
3080,1432,1433
3080,1590,1591
3081,1278,1279
3081,1314,1315
3081,1330,1331
3081,1414,1415
3082,1278,1279
3082,1312,1313
3082,1314,1315
3082,1330,1331
3083,1278,1279
3083,1314,1315
3083,1340,1341
3083,1414,1415
3084,1278,1279
3084,1312,1313
3084,1314,1315
3084,1340,1341
3085,1256,1257
3085,1278,1279
3085,1312,1313
3085,1330,1331
3086,1256,1257
3086,1278,1279
3086,1312,1313
3086,1590,1591
3087,1325,1326
3087,1357,1358
3087,1496,1497
3087,1549,1550
3088,1357,1358
3088,1496,1497
3088,1549,1550
3088,1614,1615
3089,1256,1257
3089,1357,1358
3089,1496,1497
3089,1614,1615
3090,1325,1326
3090,1357,1358
3090,1496,1497
3090,1590,1591
3091,1256,1257
3091,1357,1358
3091,1496,1497
3091,1590,1591
3092,1232,1233
3092,1357,1358
3092,1371,1372
3092,1417,1418
3093,1357,1358
3093,1549,1550
3093,1571,1572
3093,1614,1615
3094,1232,1233
3094,1357,1358
3094,1549,1550
3094,1571,1572
3095,1037,1038
3095,1256,1257
3095,1357,1358
3095,1614,1615
3096,1037,1038
3096,1330,1331
3096,1357,1358
3096,1371,1372
3097,1037,1038
3097,1256,1257
3097,1330,1331
3097,1357,1358
3098,1256,1257
3098,1278,1279
3098,1330,1331
3098,1357,1358
3099,1278,1279
3099,1325,1326
3099,1357,1358
3099,1590,1591
3100,1256,1257
3100,1278,1279
3100,1357,1358
3100,1590,1591
3101,1037,1038
3101,1357,1358
3101,1371,1372
3101,1417,1418
3102,1037,1038
3102,1357,1358
3102,1417,1418
3102,1614,1615
3103,1357,1358
3103,1417,1418
3103,1571,1572
3103,1614,1615
3104,1232,1233
3104,1357,1358
3104,1417,1418
3104,1571,1572
3105,1462,1463
3105,1491,1492
3105,1620,1621
3105,1622,1623
3106,1462,1463
3106,1620,1621
3106,1622,1623
3106,1820,1821
3107,1491,1492
3107,1506,1507
3107,1540,1541
3107,1620,1621
3108,1476,1477
3108,1506,1507
3108,1540,1541
3108,1620,1621
3109,1325,1326
3109,1388,1389
3109,1498,1499
3109,1517,1518
3110,1388,1389
3110,1498,1499
3110,1517,1518
3110,1579,1580
3111,1388,1389
3111,1499,1500
3111,1517,1518
3111,1579,1580
3112,1245,1246
3112,1270,1271
3112,1325,1326
3112,1388,1389
3113,1270,1271
3113,1325,1326
3113,1388,1389
3113,1498,1499
3114,1245,1246
3114,1270,1271
3114,1388,1389
3114,1488,1489
3115,1388,1389
3115,1499,1500
3115,1538,1539
3115,1565,1566
3116,1388,1389
3116,1499,1500
3116,1517,1518
3116,1538,1539
3117,1325,1326
3117,1388,1389
3117,1538,1539
3117,1565,1566
3118,1325,1326
3118,1388,1389
3118,1517,1518
3118,1538,1539
3119,1388,1389
3119,1499,1500
3119,1579,1580
3119,1622,1623
3120,1388,1389
3120,1488,1489
3120,1493,1494
3120,1565,1566
3121,1245,1246
3121,1388,1389
3121,1493,1494
3121,1565,1566
3122,1245,1246
3122,1388,1389
3122,1488,1489
3122,1493,1494
3123,1388,1389
3123,1499,1500
3123,1565,1566
3123,1697,1698
3124,1388,1389
3124,1499,1500
3124,1622,1623
3124,1697,1698
3125,1388,1389
3125,1488,1489
3125,1565,1566
3125,1697,1698
3126,1388,1389
3126,1488,1489
3126,1622,1623
3126,1697,1698
3127,1313,1314
3127,1340,1341
3127,1395,1396
3127,1432,1433
3128,1234,1235
3128,1243,1244
3128,1313,1314
3128,1395,1396
3129,1278,1279
3129,1340,1341
3129,1395,1396
3129,1432,1433
3130,1234,1235
3130,1243,1244
3130,1395,1396
3130,1595,1596
3131,1243,1244
3131,1334,1335
3131,1395,1396
3131,1595,1596
3132,1243,1244
3132,1334,1335
3132,1340,1341
3132,1395,1396
3133,1234,1235
3133,1313,1314
3133,1395,1396
3133,1618,1619
3134,1234,1235
3134,1395,1396
3134,1498,1499
3134,1618,1619
3135,1474,1475
3135,1482,1483
3135,1742,1743
3135,1821,1822
3136,1252,1253
3136,1313,1314
3136,1429,1430
3136,1432,1433
3137,1252,1253
3137,1413,1414
3137,1429,1430
3137,1432,1433
3138,894,895
3138,980,981
3138,982,983
3138,1156,1157
3139,894,895
3139,980,981
3139,1095,1096
3139,1156,1157
3140,894,895
3140,965,966
3140,980,981
3140,982,983
3141,894,895
3141,912,913
3141,965,966
3141,982,983
3142,894,895
3142,990,991
3142,1095,1096
3142,1156,1157
3143,894,895
3143,895,896
3143,990,991
3143,1156,1157
3144,894,895
3144,990,991
3144,1016,1017
3144,1095,1096
3145,894,895
3145,895,896
3145,990,991
3145,1016,1017
3146,894,895
3146,1014,1015
3146,1016,1017
3146,1095,1096
3147,894,895
3147,895,896
3147,1003,1004
3147,1016,1017
3148,894,895
3148,1003,1004
3148,1014,1015
3148,1016,1017
3149,895,896
3149,960,961
3149,1057,1058
3149,1085,1086
3150,895,896
3150,960,961
3150,1085,1086
3150,1156,1157
3151,926,927
3151,991,992
3151,1149,1150
3151,1210,1211
3152,926,927
3152,991,992
3152,1121,1122
3152,1149,1150
3153,908,909
3153,952,953
3153,1149,1150
3153,1200,1201
3154,1141,1142
3154,1158,1159
3154,1236,1237
3154,1387,1388
3155,960,961
3155,1057,1058
3155,1085,1086
3155,1158,1159
3156,1057,1058
3156,1085,1086
3156,1158,1159
3156,1177,1178
3157,1085,1086
3157,1158,1159
3157,1177,1178
3157,1236,1237
3158,1057,1058
3158,1141,1142
3158,1158,1159
3158,1177,1178
3159,1141,1142
3159,1158,1159
3159,1177,1178
3159,1236,1237
3160,1469,1470
3160,1691,1692
3160,1700,1701
3160,1810,1811
3161,1627,1628
3161,1691,1692
3161,1700,1701
3161,1737,1738
3162,1469,1470
3162,1691,1692
3162,1700,1701
3162,1737,1738
3163,1654,1655
3163,1671,1672
3163,1726,1727
3163,1818,1819
3164,1654,1655
3164,1671,1672
3164,1818,1819
3164,1834,1835
3165,1671,1672
3165,1700,1701
3165,1721,1722
3165,1726,1727
3166,1654,1655
3166,1671,1672
3166,1726,1727
3166,1781,1782
3167,1654,1655
3167,1671,1672
3167,1781,1782
3167,1834,1835
3168,1671,1672
3168,1781,1782
3168,1823,1824
3168,1834,1835
3169,1671,1672
3169,1810,1811
3169,1823,1824
3169,1834,1835
3170,1671,1672
3170,1726,1727
3170,1781,1782
3170,1823,1824
3171,1671,1672
3171,1700,1701
3171,1810,1811
3171,1823,1824
3172,1671,1672
3172,1700,1701
3172,1726,1727
3172,1784,1785
3173,1671,1672
3173,1726,1727
3173,1784,1785
3173,1823,1824
3174,1671,1672
3174,1700,1701
3174,1784,1785
3174,1823,1824
3175,1671,1672
3175,1818,1819
3175,1834,1835
3175,1835,1836
3176,1671,1672
3176,1810,1811
3176,1834,1835
3176,1835,1836
3177,1639,1640
3177,1706,1707
3177,1769,1770
3177,1849,1850
3178,1639,1640
3178,1668,1669
3178,1769,1770
3178,1849,1850
3179,1639,1640
3179,1706,1707
3179,1712,1713
3179,1769,1770
3180,1639,1640
3180,1668,1669
3180,1712,1713
3180,1769,1770
3181,1668,1669
3181,1712,1713
3181,1719,1720
3181,1769,1770
3182,1748,1749
3182,1818,1819
3182,1834,1835
3182,1836,1837
3183,1748,1749
3183,1818,1819
3183,1828,1829
3183,1836,1837
3184,1668,1669
3184,1748,1749
3184,1828,1829
3184,1836,1837
3185,222,223
3185,277,278
3185,394,395
3185,435,436
3186,277,278
3186,335,336
3186,394,395
3186,435,436
3187,335,336
3187,366,367
3187,394,395
3187,435,436
3188,222,223
3188,277,278
3188,375,376
3188,394,395
3189,74,75
3189,221,222
3189,260,261
3189,394,395
3190,222,223
3190,260,261
3190,375,376
3190,394,395
3191,221,222
3191,260,261
3191,375,376
3191,394,395
3192,1269,1270
3192,1306,1307
3192,1348,1349
3192,1396,1397
3193,1126,1127
3193,1269,1270
3193,1306,1307
3193,1396,1397
3194,1126,1127
3194,1140,1141
3194,1269,1270
3194,1396,1397
3195,857,858
3195,1167,1168
3195,1186,1187
3195,1203,1204
3196,857,858
3196,1029,1030
3196,1167,1168
3196,1186,1187
3197,1167,1168
3197,1186,1187
3197,1203,1204
3197,1397,1398
3198,1105,1106
3198,1167,1168
3198,1186,1187
3198,1397,1398
3199,857,858
3199,1029,1030
3199,1167,1168
3199,1204,1205
3200,857,858
3200,996,997
3200,1203,1204
3200,1204,1205
3201,857,858
3201,1167,1168
3201,1203,1204
3201,1204,1205
3202,1162,1163
3202,1230,1231
3202,1237,1238
3202,1280,1281
3203,1029,1030
3203,1167,1168
3203,1186,1187
3203,1280,1281
3204,1105,1106
3204,1167,1168
3204,1237,1238
3204,1280,1281
3205,1105,1106
3205,1167,1168
3205,1186,1187
3205,1280,1281
3206,430,431
3206,463,464
3206,491,492
3206,760,761
3207,430,431
3207,471,472
3207,491,492
3207,509,510
3208,430,431
3208,471,472
3208,509,510
3208,594,595
3209,430,431
3209,471,472
3209,491,492
3209,760,761
3210,430,431
3210,471,472
3210,594,595
3210,760,761
3211,430,431
3211,463,464
3211,760,761
3211,811,812
3212,463,464
3212,491,492
3212,493,494
3212,721,722
3213,491,492
3213,493,494
3213,721,722
3213,769,770
3214,463,464
3214,493,494
3214,721,722
3214,827,828
3215,493,494
3215,721,722
3215,769,770
3215,827,828
3216,463,464
3216,567,568
3216,721,722
3216,827,828
3217,440,441
3217,567,568
3217,721,722
3217,827,828
3218,440,441
3218,721,722
3218,769,770
3218,827,828
3219,430,431
3219,463,464
3219,491,492
3219,721,722
3220,430,431
3220,491,492
3220,509,510
3220,721,722
3221,440,441
3221,567,568
3221,617,618
3221,721,722
3222,440,441
3222,617,618
3222,721,722
3222,769,770
3223,408,409
3223,430,431
3223,463,464
3223,721,722
3224,408,409
3224,430,431
3224,509,510
3224,721,722
3225,681,682
3225,814,815
3225,970,971
3225,986,987
3226,681,682
3226,814,815
3226,865,866
3226,970,971
3227,744,745
3227,814,815
3227,865,866
3227,970,971
3228,493,494
3228,688,689
3228,810,811
3228,812,813
3229,493,494
3229,810,811
3229,812,813
3229,827,828
3230,493,494
3230,688,689
3230,767,768
3230,812,813
3231,493,494
3231,767,768
3231,812,813
3231,827,828
3232,688,689
3232,767,768
3232,812,813
3232,986,987
3233,812,813
3233,814,815
3233,970,971
3233,986,987
3234,13,14
3234,146,147
3234,203,204
3234,371,372
3235,94,95
3235,135,136
3235,146,147
3235,203,204
3236,13,14
3236,135,136
3236,146,147
3236,203,204
3237,58,59
3237,136,137
3237,146,147
3237,371,372
3238,13,14
3238,58,59
3238,146,147
3238,371,372
3239,94,95
3239,146,147
3239,183,184
3239,203,204
3240,94,95
3240,146,147
3240,176,177
3240,183,184
3241,136,137
3241,146,147
3241,176,177
3241,183,184
3242,91,92
3242,136,137
3242,146,147
3242,183,184
3243,91,92
3243,136,137
3243,146,147
3243,371,372
3244,91,92
3244,146,147
3244,183,184
3244,203,204
3245,91,92
3245,146,147
3245,203,204
3245,371,372
3246,94,95
3246,135,136
3246,146,147
3246,174,175
3247,131,132
3247,135,136
3247,146,147
3247,323,324
3248,13,14
3248,135,136
3248,146,147
3248,323,324
3249,94,95
3249,146,147
3249,174,175
3249,176,177
3250,58,59
3250,131,132
3250,146,147
3250,261,262
3251,13,14
3251,58,59
3251,146,147
3251,261,262
3252,131,132
3252,146,147
3252,174,175
3252,184,185
3253,135,136
3253,146,147
3253,174,175
3253,184,185
3254,131,132
3254,135,136
3254,146,147
3254,184,185
3255,131,132
3255,146,147
3255,261,262
3255,323,324
3256,13,14
3256,146,147
3256,261,262
3256,323,324
3257,105,106
3257,146,147
3257,174,175
3257,176,177
3258,105,106
3258,136,137
3258,146,147
3258,176,177
3259,131,132
3259,146,147
3259,174,175
3259,190,191
3260,58,59
3260,131,132
3260,146,147
3260,190,191
3261,58,59
3261,136,137
3261,146,147
3261,190,191
3262,105,106
3262,146,147
3262,174,175
3262,190,191
3263,105,106
3263,136,137
3263,146,147
3263,190,191
3264,797,798
3264,897,898
3264,968,969
3264,992,993
3265,770,771
3265,897,898
3265,968,969
3265,992,993
3266,738,739
3266,770,771
3266,947,948
3266,992,993
3267,770,771
3267,997,998
3267,1008,1009
3267,1047,1048
3268,738,739
3268,770,771
3268,997,998
3268,1008,1009
3269,738,739
3269,770,771
3269,872,873
3269,947,948
3270,770,771
3270,872,873
3270,1008,1009
3270,1047,1048
3271,738,739
3271,770,771
3271,872,873
3271,1008,1009
3272,714,715
3272,738,739
3272,755,756
3272,992,993
3273,714,715
3273,731,732
3273,755,756
3273,837,838
3274,714,715
3274,738,739
3274,755,756
3274,828,829
3275,714,715
3275,738,739
3275,808,809
3275,828,829
3276,714,715
3276,731,732
3276,773,774
3276,837,838
3277,714,715
3277,773,774
3277,808,809
3277,837,838
3278,714,715
3278,755,756
3278,828,829
3278,837,838
3279,714,715
3279,808,809
3279,828,829
3279,837,838
3280,714,715
3280,773,774
3280,808,809
3280,997,998
3281,714,715
3281,738,739
3281,808,809
3281,997,998
3282,714,715
3282,797,798
3282,897,898
3282,992,993
3283,714,715
3283,738,739
3283,770,771
3283,992,993
3284,714,715
3284,770,771
3284,897,898
3284,992,993
3285,714,715
3285,738,739
3285,770,771
3285,997,998
3286,714,715
3286,731,732
3286,797,798
3286,1006,1007
3287,714,715
3287,731,732
3287,773,774
3287,1006,1007
3288,714,715
3288,797,798
3288,897,898
3288,1006,1007
3289,714,715
3289,773,774
3289,897,898
3289,1006,1007
3290,714,715
3290,773,774
3290,897,898
3290,997,998
3291,714,715
3291,770,771
3291,897,898
3291,997,998
3292,938,939
3292,1050,1051
3292,1064,1065
3292,1104,1105
3293,938,939
3293,1027,1028
3293,1050,1051
3293,1089,1090
3294,938,939
3294,1027,1028
3294,1050,1051
3294,1064,1065
3295,1027,1028
3295,1050,1051
3295,1064,1065
3295,1089,1090
3296,1050,1051
3296,1146,1147
3296,1268,1269
3296,1299,1300
3297,861,862
3297,1050,1051
3297,1104,1105
3297,1146,1147
3298,861,862
3298,938,939
3298,1050,1051
3298,1104,1105
3299,1050,1051
3299,1268,1269
3299,1299,1300
3299,1314,1315
3300,872,873
3300,888,889
3300,911,912
3300,1023,1024
3301,872,873
3301,888,889
3301,954,955
3301,1023,1024
3302,872,873
3302,911,912
3302,1023,1024
3302,1172,1173
3303,872,873
3303,1023,1024
3303,1047,1048
3303,1172,1173
3304,911,912
3304,1010,1011
3304,1023,1024
3304,1172,1173
3305,888,889
3305,911,912
3305,1023,1024
3305,1171,1172
3306,911,912
3306,1010,1011
3306,1023,1024
3306,1171,1172
3307,888,889
3307,1010,1011
3307,1023,1024
3307,1171,1172
3308,888,889
3308,927,928
3308,1010,1011
3308,1023,1024
3309,975,976
3309,1023,1024
3309,1083,1084
3309,1172,1173
3310,975,976
3310,1010,1011
3310,1023,1024
3310,1172,1173
3311,879,880
3311,1083,1084
3311,1139,1140
3311,1172,1173
3312,879,880
3312,1023,1024
3312,1083,1084
3312,1172,1173
3313,871,872
3313,933,934
3313,981,982
3313,1027,1028
3314,933,934
3314,981,982
3314,1027,1028
3314,1064,1065
3315,871,872
3315,933,934
3315,938,939
3315,1027,1028
3316,933,934
3316,938,939
3316,1064,1065
3316,1104,1105
3317,933,934
3317,938,939
3317,1027,1028
3317,1064,1065
3318,888,889
3318,927,928
3318,933,934
3318,981,982
3319,927,928
3319,933,934
3319,981,982
3319,1064,1065
3320,888,889
3320,933,934
3320,954,955
3320,1023,1024
3321,879,880
3321,933,934
3321,954,955
3321,1023,1024
3322,888,889
3322,927,928
3322,933,934
3322,1023,1024
3323,562,563
3323,579,580
3323,594,595
3323,595,596
3324,233,234
3324,562,563
3324,579,580
3324,636,637
3325,514,515
3325,524,525
3325,673,674
3325,717,718
3326,500,501
3326,514,515
3326,524,525
3326,717,718
3327,434,435
3327,514,515
3327,524,525
3327,673,674
3328,434,435
3328,500,501
3328,514,515
3328,524,525
3329,500,501
3329,524,525
3329,717,718
3329,732,733
3330,434,435
3330,524,525
3330,556,557
3330,673,674
3331,434,435
3331,524,525
3331,556,557
3331,837,838
3332,434,435
3332,500,501
3332,524,525
3332,659,660
3333,500,501
3333,524,525
3333,659,660
3333,732,733
3334,524,525
3334,556,557
3334,673,674
3334,799,800
3335,524,525
3335,556,557
3335,799,800
3335,837,838
3336,524,525
3336,717,718
3336,732,733
3336,828,829
3337,524,525
3337,732,733
3337,828,829
3337,837,838
3338,524,525
3338,659,660
3338,732,733
3338,837,838
3339,434,435
3339,448,449
3339,524,525
3339,659,660
3340,448,449
3340,524,525
3340,659,660
3340,837,838
3341,434,435
3341,448,449
3341,524,525
3341,837,838
3342,434,435
3342,526,527
3342,659,660
3342,839,840
3343,434,435
3343,500,501
3343,659,660
3343,839,840
3344,434,435
3344,500,501
3344,526,527
3344,839,840
3345,500,501
3345,659,660
3345,732,733
3345,839,840
3346,526,527
3346,659,660
3346,661,662
3346,839,840
3347,659,660
3347,661,662
3347,732,733
3347,839,840
3348,661,662
3348,675,676
3348,732,733
3348,839,840
3349,519,520
3349,675,676
3349,732,733
3349,839,840
3350,500,501
3350,519,520
3350,732,733
3350,839,840
3351,476,477
3351,661,662
3351,675,676
3351,839,840
3352,476,477
3352,519,520
3352,675,676
3352,839,840
3353,476,477
3353,661,662
3353,689,690
3353,839,840
3354,526,527
3354,661,662
3354,689,690
3354,839,840
3355,465,466
3355,526,527
3355,689,690
3355,839,840
3356,500,501
3356,526,527
3356,774,775
3356,839,840
3357,454,455
3357,476,477
3357,689,690
3357,839,840
3358,454,455
3358,465,466
3358,689,690
3358,839,840
3359,476,477
3359,519,520
3359,839,840
3359,841,842
3360,1043,1044
3360,1105,1106
3360,1186,1187
3360,1300,1301
3361,1043,1044
3361,1105,1106
3361,1186,1187
3361,1280,1281
3362,1043,1044
3362,1105,1106
3362,1237,1238
3362,1280,1281
3363,1043,1044
3363,1230,1231
3363,1231,1232
3363,1502,1503
3364,1043,1044
3364,1119,1120
3364,1230,1231
3364,1502,1503
3365,1043,1044
3365,1105,1106
3365,1136,1137
3365,1237,1238
3366,1043,1044
3366,1105,1106
3366,1136,1137
3366,1300,1301
3367,1043,1044
3367,1230,1231
3367,1231,1232
3367,1237,1238
3368,1043,1044
3368,1230,1231
3368,1237,1238
3368,1280,1281
3369,1043,1044
3369,1136,1137
3369,1231,1232
3369,1237,1238
3370,1043,1044
3370,1136,1137
3370,1231,1232
3370,1300,1301
3371,1048,1049
3371,1099,1100
3371,1212,1213
3371,1392,1393
3372,1048,1049
3372,1099,1100
3372,1129,1130
3372,1392,1393
3373,1036,1037
3373,1048,1049
3373,1129,1130
3373,1147,1148
3374,1329,1330
3374,1344,1345
3374,1372,1373
3374,1587,1588
3375,1212,1213
3375,1262,1263
3375,1329,1330
3375,1344,1345
3376,1262,1263
3376,1329,1330
3376,1344,1345
3376,1372,1373
3377,1212,1213
3377,1329,1330
3377,1333,1334
3377,1408,1409
3378,1212,1213
3378,1262,1263
3378,1329,1330
3378,1408,1409
3379,1297,1298
3379,1329,1330
3379,1333,1334
3379,1408,1409
3380,1297,1298
3380,1329,1330
3380,1333,1334
3380,1418,1419
3381,1272,1273
3381,1329,1330
3381,1418,1419
3381,1587,1588
3382,1239,1240
3382,1272,1273
3382,1329,1330
3382,1587,1588
3383,1272,1273
3383,1297,1298
3383,1329,1330
3383,1408,1409
3384,1272,1273
3384,1297,1298
3384,1329,1330
3384,1418,1419
3385,1040,1041
3385,1077,1078
3385,1087,1088
3385,1236,1237
3386,1087,1088
3386,1141,1142
3386,1177,1178
3386,1236,1237
3387,1077,1078
3387,1087,1088
3387,1141,1142
3387,1236,1237
3388,1040,1041
3388,1077,1078
3388,1087,1088
3388,1262,1263
3389,1087,1088
3389,1177,1178
3389,1236,1237
3389,1315,1316
3390,1040,1041
3390,1087,1088
3390,1236,1237
3390,1315,1316
3391,1040,1041
3391,1087,1088
3391,1212,1213
3391,1262,1263
3392,1087,1088
3392,1123,1124
3392,1141,1142
3392,1177,1178
3393,1077,1078
3393,1087,1088
3393,1141,1142
3393,1271,1272
3394,1077,1078
3394,1087,1088
3394,1262,1263
3394,1271,1272
3395,1087,1088
3395,1123,1124
3395,1141,1142
3395,1271,1272
3396,1087,1088
3396,1123,1124
3396,1262,1263
3396,1271,1272
3397,1087,1088
3397,1123,1124
3397,1229,1230
3397,1262,1263
3398,1099,1100
3398,1155,1156
3398,1170,1171
3398,1392,1393
3399,1087,1088
3399,1155,1156
3399,1177,1178
3399,1315,1316
3400,1099,1100
3400,1155,1156
3400,1212,1213
3400,1392,1393
3401,1040,1041
3401,1155,1156
3401,1315,1316
3401,1392,1393
3402,1040,1041
3402,1087,1088
3402,1155,1156
3402,1315,1316
3403,1040,1041
3403,1155,1156
3403,1212,1213
3403,1392,1393
3404,1040,1041
3404,1087,1088
3404,1155,1156
3404,1212,1213
3405,1087,1088
3405,1123,1124
3405,1155,1156
3405,1177,1178
3406,1110,1111
3406,1185,1186
3406,1268,1269
3406,1364,1365
3407,1110,1111
3407,1185,1186
3407,1207,1208
3407,1364,1365
3408,1185,1186
3408,1207,1208
3408,1268,1269
3408,1364,1365
3409,1053,1054
3409,1207,1208
3409,1268,1269
3409,1364,1365
3410,1053,1054
3410,1268,1269
3410,1364,1365
3410,1394,1395
3411,1071,1072
3411,1110,1111
3411,1268,1269
3411,1364,1365
3412,1071,1072
3412,1268,1269
3412,1364,1365
3412,1394,1395
3413,1053,1054
3413,1225,1226
3413,1364,1365
3413,1394,1395
3414,1053,1054
3414,1081,1082
3414,1207,1208
3414,1364,1365
3415,1071,1072
3415,1110,1111
3415,1340,1341
3415,1364,1365
3416,1071,1072
3416,1334,1335
3416,1340,1341
3416,1364,1365
3417,1110,1111
3417,1334,1335
3417,1340,1341
3417,1364,1365
3418,915,916
3418,1134,1135
3418,1214,1215
3418,1219,1220
3419,915,916
3419,961,962
3419,1134,1135
3419,1219,1220
3420,915,916
3420,961,962
3420,974,975
3420,1219,1220
3421,914,915
3421,1053,1054
3421,1134,1135
3421,1219,1220
3422,914,915
3422,961,962
3422,1134,1135
3422,1219,1220
3423,961,962
3423,974,975
3423,1182,1183
3423,1219,1220
3424,967,968
3424,990,991
3424,1092,1093
3424,1156,1157
3425,967,968
3425,990,991
3425,1095,1096
3425,1156,1157
3426,916,917
3426,967,968
3426,1092,1093
3426,1301,1302
3427,916,917
3427,967,968
3427,1018,1019
3427,1301,1302
3428,967,968
3428,980,981
3428,1095,1096
3428,1156,1157
3429,1279,1280
3429,1316,1317
3429,1338,1339
3429,1443,1444
3430,1272,1273
3430,1279,1280
3430,1316,1317
3430,1338,1339
3431,1272,1273
3431,1316,1317
3431,1338,1339
3431,1443,1444
3432,1260,1261
3432,1279,1280
3432,1338,1339
3432,1443,1444
3433,1260,1261
3433,1338,1339
3433,1408,1409
3433,1443,1444
3434,1272,1273
3434,1338,1339
3434,1408,1409
3434,1443,1444
3435,1260,1261
3435,1279,1280
3435,1338,1339
3435,1378,1379
3436,1260,1261
3436,1262,1263
3436,1338,1339
3436,1378,1379
3437,1272,1273
3437,1329,1330
3437,1338,1339
3437,1408,1409
3438,1239,1240
3438,1272,1273
3438,1279,1280
3438,1338,1339
3439,1239,1240
3439,1272,1273
3439,1329,1330
3439,1338,1339
3440,1260,1261
3440,1262,1263
3440,1338,1339
3440,1408,1409
3441,1262,1263
3441,1329,1330
3441,1338,1339
3441,1408,1409
3442,1262,1263
3442,1338,1339
3442,1372,1373
3442,1378,1379
3443,1262,1263
3443,1329,1330
3443,1338,1339
3443,1372,1373
3444,1239,1240
3444,1338,1339
3444,1372,1373
3444,1587,1588
3445,1239,1240
3445,1329,1330
3445,1338,1339
3445,1587,1588
3446,1329,1330
3446,1338,1339
3446,1372,1373
3446,1587,1588
3447,1296,1297
3447,1297,1298
3447,1328,1329
3447,1480,1481
3448,1296,1297
3448,1297,1298
3448,1306,1307
3448,1328,1329
3449,1297,1298
3449,1306,1307
3449,1328,1329
3449,1396,1397
3450,1306,1307
3450,1328,1329
3450,1382,1383
3450,1572,1573
3451,1296,1297
3451,1328,1329
3451,1382,1383
3451,1572,1573
3452,1126,1127
3452,1306,1307
3452,1328,1329
3452,1396,1397
3453,1263,1264
3453,1296,1297
3453,1306,1307
3453,1328,1329
3454,1263,1264
3454,1306,1307
3454,1328,1329
3454,1572,1573
3455,1263,1264
3455,1296,1297
3455,1328,1329
3455,1572,1573
3456,1119,1120
3456,1251,1252
3456,1334,1335
3456,1376,1377
3457,1249,1250
3457,1376,1377
3457,1454,1455
3457,1502,1503
3458,1249,1250
3458,1376,1377
3458,1454,1455
3458,1595,1596
3459,1243,1244
3459,1334,1335
3459,1376,1377
3459,1595,1596
3460,1036,1037
3460,1195,1196
3460,1231,1232
3460,1402,1403
3461,1195,1196
3461,1297,1298
3461,1333,1334
3461,1396,1397
3462,1110,1111
3462,1340,1341
3462,1412,1413
3462,1414,1415
3463,1270,1271
3463,1278,1279
3463,1412,1413
3463,1414,1415
3464,1278,1279
3464,1340,1341
3464,1412,1413
3464,1414,1415
3465,1270,1271
3465,1278,1279
3465,1395,1396
3465,1412,1413
3466,1278,1279
3466,1340,1341
3466,1395,1396
3466,1412,1413
3467,1110,1111
3467,1334,1335
3467,1340,1341
3467,1412,1413
3468,1334,1335
3468,1395,1396
3468,1412,1413
3468,1595,1596
3469,1334,1335
3469,1340,1341
3469,1395,1396
3469,1412,1413
3470,720,721
3470,741,742
3470,761,762
3470,864,865
3471,720,721
3471,741,742
3471,761,762
3471,849,850
3472,700,701
3472,743,744
3472,866,867
3472,988,989
3473,700,701
3473,743,744
3473,777,778
3473,866,867
3474,700,701
3474,743,744
3474,988,989
3474,1121,1122
3475,752,753
3475,965,966
3475,980,981
3475,982,983
3476,700,701
3476,752,753
3476,965,966
3476,982,983
3477,700,701
3477,752,753
3477,982,983
3477,1121,1122
3478,741,742
3478,864,865
3478,922,923
3478,1223,1224
3479,816,817
3479,864,865
3479,922,923
3479,1223,1224
3480,720,721
3480,741,742
3480,864,865
3480,922,923
3481,720,721
3481,816,817
3481,864,865
3481,922,923
3482,741,742
3482,922,923
3482,981,982
3482,1223,1224
3483,741,742
3483,801,802
3483,922,923
3483,981,982
3484,720,721
3484,795,796
3484,922,923
3484,931,932
3485,720,721
3485,741,742
3485,922,923
3485,931,932
3486,720,721
3486,816,817
3486,922,923
3486,957,958
3487,795,796
3487,801,802
3487,922,923
3487,931,932
3488,741,742
3488,801,802
3488,922,923
3488,931,932
3489,563,564
3489,674,675
3489,693,694
3489,711,712
3490,439,440
3490,513,514
3490,711,712
3490,836,837
3491,513,514
3491,711,712
3491,715,716
3491,836,837
3492,711,712
3492,715,716
3492,836,837
3492,843,844
3493,439,440
3493,563,564
3493,693,694
3493,711,712
3494,439,440
3494,513,514
3494,563,564
3494,711,712
3495,518,519
3495,522,523
3495,563,564
3495,711,712
3496,513,514
3496,522,523
3496,563,564
3496,711,712
3497,513,514
3497,711,712
3497,715,716
3497,718,719
3498,518,519
3498,522,523
3498,711,712
3498,718,719
3499,513,514
3499,522,523
3499,711,712
3499,718,719
3500,481,482
3500,495,496
3500,632,633
3500,793,794
3501,481,482
3501,495,496
3501,632,633
3501,653,654
3502,472,473
3502,495,496
3502,715,716
3502,718,719
3503,495,496
3503,640,641
3503,653,654
3503,846,847
3504,466,467
3504,472,473
3504,495,496
3504,846,847
3505,466,467
3505,472,473
3505,495,496
3505,715,716
3506,495,496
3506,632,633
3506,640,641
3506,653,654
3507,495,496
3507,632,633
3507,640,641
3507,715,716
3508,466,467
3508,495,496
3508,640,641
3508,846,847
3509,466,467
3509,495,496
3509,640,641
3509,715,716
3510,496,497
3510,589,590
3510,826,827
3510,846,847
3511,496,497
3511,653,654
3511,826,827
3511,846,847
3512,481,482
3512,496,497
3512,653,654
3512,826,827
3513,495,496
3513,496,497
3513,653,654
3513,846,847
3514,481,482
3514,495,496
3514,496,497
3514,653,654
3515,481,482
3515,496,497
3515,618,619
3515,826,827
3516,481,482
3516,495,496
3516,496,497
3516,793,794
3517,464,465
3517,496,497
3517,618,619
3517,826,827
3518,464,465
3518,496,497
3518,589,590
3518,826,827
3519,464,465
3519,496,497
3519,608,609
3519,618,619
3520,464,465
3520,496,497
3520,589,590
3520,608,609
3521,481,482
3521,496,497
3521,618,619
3521,793,794
3522,496,497
3522,608,609
3522,618,619
3522,793,794
3523,496,497
3523,589,590
3523,599,600
3523,846,847
3524,496,497
3524,589,590
3524,599,600
3524,608,609
3525,472,473
3525,496,497
3525,599,600
3525,846,847
3526,472,473
3526,495,496
3526,496,497
3526,846,847
3527,1239,1240
3527,1246,1247
3527,1279,1280
3527,1619,1620
3528,1246,1247
3528,1557,1558
3528,1608,1609
3528,1619,1620
3529,242,243
3529,410,411
3529,530,531
3529,643,644
3530,242,243
3530,260,261
3530,297,298
3530,362,363
3531,242,243
3531,260,261
3531,344,345
3531,362,363
3532,242,243
3532,297,298
3532,299,300
3532,410,411
3533,242,243
3533,299,300
3533,410,411
3533,643,644
3534,242,243
3534,260,261
3534,297,298
3534,299,300
3535,242,243
3535,260,261
3535,299,300
3535,344,345
3536,242,243
3536,299,300
3536,344,345
3536,643,644
3537,242,243
3537,344,345
3537,564,565
3537,643,644
3538,242,243
3538,530,531
3538,564,565
3538,643,644
3539,122,123
3539,242,243
3539,344,345
3539,362,363
3540,242,243
3540,344,345
3540,358,359
3540,564,565
3541,122,123
3541,242,243
3541,344,345
3541,358,359
3542,1466,1467
3542,1483,1484
3542,1665,1666
3542,1768,1769
3543,1435,1436
3543,1508,1509
3543,1665,1666
3543,1844,1845
3544,1435,1436
3544,1508,1509
3544,1737,1738
3544,1844,1845
3545,1435,1436
3545,1508,1509
3545,1643,1644
3545,1665,1666
3546,1435,1436
3546,1508,1509
3546,1643,1644
3546,1737,1738
3547,1469,1470
3547,1508,1509
3547,1643,1644
3547,1737,1738
3548,1483,1484
3548,1508,1509
3548,1665,1666
3548,1844,1845
3549,1483,1484
3549,1508,1509
3549,1665,1666
3549,1768,1769
3550,1508,1509
3550,1610,1611
3550,1737,1738
3550,1844,1845
3551,1446,1447
3551,1505,1506
3551,1572,1573
3551,1601,1602
3552,1446,1447
3552,1483,1484
3552,1505,1506
3552,1572,1573
3553,1208,1209
3553,1275,1276
3553,1295,1296
3553,1625,1626
3554,1126,1127
3554,1306,1307
3554,1328,1329
3554,1625,1626
3555,1306,1307
3555,1328,1329
3555,1382,1383
3555,1625,1626
3556,971,972
3556,1094,1095
3556,1169,1170
3556,1254,1255
3557,1094,1095
3557,1127,1128
3557,1169,1170
3557,1254,1255
3558,1094,1095
3558,1127,1128
3558,1254,1255
3558,1300,1301
3559,891,892
3559,971,972
3559,1094,1095
3559,1169,1170
3560,891,892
3560,1094,1095
3560,1127,1128
3560,1169,1170
3561,1094,1095
3561,1105,1106
3561,1254,1255
3561,1300,1301
3562,971,972
3562,1094,1095
3562,1105,1106
3562,1254,1255
3563,1094,1095
3563,1105,1106
3563,1186,1187
3563,1300,1301
3564,1094,1095
3564,1127,1128
3564,1137,1138
3564,1300,1301
3565,891,892
3565,1094,1095
3565,1127,1128
3565,1137,1138
3566,1094,1095
3566,1105,1106
3566,1186,1187
3566,1397,1398
3567,1044,1045
3567,1094,1095
3567,1186,1187
3567,1397,1398
3568,971,972
3568,1094,1095
3568,1105,1106
3568,1397,1398
3569,971,972
3569,1044,1045
3569,1094,1095
3569,1397,1398
3570,891,892
3570,971,972
3570,1044,1045
3570,1094,1095
3571,891,892
3571,1012,1013
3571,1034,1035
3571,1169,1170
3572,891,892
3572,1034,1035
3572,1127,1128
3572,1169,1170
3573,1012,1013
3573,1034,1035
3573,1084,1085
3573,1169,1170
3574,1034,1035
3574,1084,1085
3574,1127,1128
3574,1169,1170
3575,891,892
3575,955,956
3575,1012,1013
3575,1034,1035
3576,891,892
3576,1034,1035
3576,1127,1128
3576,1137,1138
3577,891,892
3577,955,956
3577,1034,1035
3577,1137,1138
3578,972,973
3578,1012,1013
3578,1034,1035
3578,1084,1085
3579,851,852
3579,972,973
3579,1034,1035
3579,1084,1085
3580,851,852
3580,972,973
3580,1012,1013
3580,1034,1035
3581,1034,1035
3581,1084,1085
3581,1127,1128
3581,1140,1141
3582,955,956
3582,1012,1013
3582,1034,1035
3582,1135,1136
3583,851,852
3583,1012,1013
3583,1034,1035
3583,1135,1136
3584,851,852
3584,955,956
3584,1034,1035
3584,1135,1136
3585,955,956
3585,1034,1035
3585,1129,1130
3585,1137,1138
3586,915,916
3586,961,962
3586,1073,1074
3586,1134,1135
3587,914,915
3587,961,962
3587,1073,1074
3587,1134,1135
3588,914,915
3588,1073,1074
3588,1081,1082
3588,1134,1135
3589,851,852
3589,1069,1070
3589,1114,1115
3589,1194,1195
3590,851,852
3590,955,956
3590,1069,1070
3590,1114,1115
3591,955,956
3591,1034,1035
3591,1069,1070
3591,1129,1130
3592,851,852
3592,955,956
3592,1034,1035
3592,1069,1070
3593,1018,1019
3593,1069,1070
3593,1170,1171
3593,1214,1215
3594,1018,1019
3594,1069,1070
3594,1170,1171
3594,1194,1195
3595,1069,1070
3595,1129,1130
3595,1170,1171
3595,1214,1215
3596,955,956
3596,1069,1070
3596,1129,1130
3596,1137,1138
3597,1049,1050
3597,1055,1056
3597,1098,1099
3597,1124,1125
3598,1119,1120
3598,1244,1245
3598,1251,1252
3598,1334,1335
3599,1244,1245
3599,1251,1252
3599,1334,1335
3599,1364,1365
3600,1053,1054
3600,1081,1082
3600,1225,1226
3600,1244,1245
3601,1053,1054
3601,1225,1226
3601,1244,1245
3601,1364,1365
3602,1053,1054
3602,1081,1082
3602,1244,1245
3602,1364,1365
3603,1081,1082
3603,1207,1208
3603,1244,1245
3603,1251,1252
3604,1081,1082
3604,1207,1208
3604,1244,1245
3604,1364,1365
3605,1207,1208
3605,1244,1245
3605,1251,1252
3605,1364,1365
3606,1119,1120
3606,1244,1245
3606,1334,1335
3606,1346,1347
3607,1119,1120
3607,1334,1335
3607,1346,1347
3607,1376,1377
3608,1049,1050
3608,1055,1056
3608,1124,1125
3608,1346,1347
3609,1366,1367
3609,1380,1381
3609,1504,1505
3609,1558,1559
3610,1349,1350
3610,1366,1367
3610,1380,1381
3610,1504,1505
3611,1349,1350
3611,1380,1381
3611,1504,1505
3611,1550,1551
3612,1366,1367
3612,1504,1505
3612,1558,1559
3612,1613,1614
3613,1504,1505
3613,1558,1559
3613,1561,1562
3613,1613,1614
3614,1504,1505
3614,1558,1559
3614,1561,1562
3614,1664,1665
3615,1504,1505
3615,1532,1533
3615,1558,1559
3615,1664,1665
3616,1119,1120
3616,1347,1348
3616,1376,1377
3616,1502,1503
3617,1119,1120
3617,1346,1347
3617,1347,1348
3617,1376,1377
3618,1347,1348
3618,1376,1377
3618,1454,1455
3618,1502,1503
3619,1243,1244
3619,1334,1335
3619,1347,1348
3619,1376,1377
3620,1243,1244
3620,1334,1335
3620,1346,1347
3620,1347,1348
3621,1334,1335
3621,1346,1347
3621,1347,1348
3621,1376,1377
3622,1243,1244
3622,1347,1348
3622,1376,1377
3622,1595,1596
3623,102,103
3623,116,117
3623,200,201
3623,229,230
3624,102,103
3624,116,117
3624,229,230
3624,376,377
3625,40,41
3625,86,87
3625,116,117
3625,200,201
3626,116,117
3626,229,230
3626,259,260
3626,376,377
3627,40,41
3627,86,87
3627,116,117
3627,245,246
3628,86,87
3628,116,117
3628,245,246
3628,376,377
3629,86,87
3629,102,103
3629,116,117
3629,200,201
3630,86,87
3630,102,103
3630,116,117
3630,376,377
3631,238,239
3631,354,355
3631,373,374
3631,502,503
3632,17,18
3632,354,355
3632,373,374
3632,502,503
3633,17,18
3633,245,246
3633,373,374
3633,502,503
3634,238,239
3634,325,326
3634,373,374
3634,502,503
3635,17,18
3635,354,355
3635,373,374
3635,376,377
3636,17,18
3636,245,246
3636,373,374
3636,376,377
3637,76,77
3637,325,326
3637,373,374
3637,502,503
3638,76,77
3638,245,246
3638,373,374
3638,502,503
3639,116,117
3639,238,239
3639,325,326
3639,373,374
3640,116,117
3640,245,246
3640,373,374
3640,376,377
3641,259,260
3641,354,355
3641,373,374
3641,376,377
3642,238,239
3642,259,260
3642,354,355
3642,373,374
3643,116,117
3643,259,260
3643,373,374
3643,376,377
3644,116,117
3644,238,239
3644,259,260
3644,373,374
3645,40,41
3645,116,117
3645,325,326
3645,373,374
3646,40,41
3646,116,117
3646,245,246
3646,373,374
3647,64,65
3647,76,77
3647,325,326
3647,373,374
3648,40,41
3648,64,65
3648,325,326
3648,373,374
3649,64,65
3649,76,77
3649,245,246
3649,373,374
3650,40,41
3650,64,65
3650,245,246
3650,373,374
3651,516,517
3651,544,545
3651,706,707
3651,735,736
3652,516,517
3652,544,545
3652,706,707
3652,789,790
3653,544,545
3653,625,626
3653,706,707
3653,789,790
3654,544,545
3654,554,555
3654,735,736
3654,781,782
3655,428,429
3655,516,517
3655,544,545
3655,789,790
3656,428,429
3656,544,545
3656,625,626
3656,789,790
3657,483,484
3657,544,545
3657,735,736
3657,781,782
3658,483,484
3658,544,545
3658,706,707
3658,735,736
3659,544,545
3659,554,555
3659,607,608
3659,735,736
3660,516,517
3660,544,545
3660,607,608
3660,735,736
3661,428,429
3661,538,539
3661,544,545
3661,625,626
3662,483,484
3662,544,545
3662,753,754
3662,781,782
3663,544,545
3663,625,626
3663,727,728
3663,753,754
3664,544,545
3664,625,626
3664,706,707
3664,727,728
3665,544,545
3665,554,555
3665,572,573
3665,607,608
3666,516,517
3666,544,545
3666,572,573
3666,607,608
3667,410,411
3667,544,545
3667,753,754
3667,781,782
3668,410,411
3668,544,545
3668,554,555
3668,781,782
3669,544,545
3669,585,586
3669,625,626
3669,753,754
3670,428,429
3670,533,534
3670,538,539
3670,544,545
3671,428,429
3671,516,517
3671,533,534
3671,544,545
3672,483,484
3672,544,545
3672,727,728
3672,753,754
3673,483,484
3673,544,545
3673,706,707
3673,727,728
3674,267,268
3674,538,539
3674,544,545
3674,572,573
3675,267,268
3675,544,545
3675,554,555
3675,572,573
3676,538,539
3676,544,545
3676,585,586
3676,625,626
3677,533,534
3677,538,539
3677,544,545
3677,572,573
3678,516,517
3678,533,534
3678,544,545
3678,572,573
3679,410,411
3679,544,545
3679,585,586
3679,753,754
3680,410,411
3680,544,545
3680,554,555
3680,585,586
3681,267,268
3681,538,539
3681,544,545
3681,585,586
3682,267,268
3682,544,545
3682,554,555
3682,585,586
3683,684,685
3683,766,767
3683,889,890
3683,1014,1015
3684,684,685
3684,889,890
3684,1003,1004
3684,1014,1015
3685,684,685
3685,766,767
3685,823,824
3685,889,890
3686,684,685
3686,823,824
3686,889,890
3686,1003,1004
3687,656,657
3687,766,767
3687,823,824
3687,889,890
3688,823,824
3688,889,890
3688,993,994
3688,1003,1004
3689,889,890
3689,912,913
3689,993,994
3689,1003,1004
3690,848,849
3690,889,890
3690,912,913
3690,965,966
3691,848,849
3691,889,890
3691,912,913
3691,993,994
3692,823,824
3692,831,832
3692,889,890
3692,993,994
3693,831,832
3693,848,849
3693,889,890
3693,993,994
3694,683,684
3694,831,832
3694,848,849
3694,889,890
3695,656,657
3695,683,684
3695,702,703
3695,889,890
3696,683,684
3696,791,792
3696,831,832
3696,889,890
3697,656,657
3697,683,684
3697,791,792
3697,889,890
3698,791,792
3698,823,824
3698,831,832
3698,889,890
3699,656,657
3699,791,792
3699,823,824
3699,889,890
3700,876,877
3700,896,897
3700,937,938
3700,1213,1214
3701,876,877
3701,891,892
3701,955,956
3701,1135,1136
3702,876,877
3702,891,892
3702,1044,1045
3702,1213,1214
3703,876,877
3703,891,892
3703,937,938
3703,1213,1214
3704,876,877
3704,891,892
3704,937,938
3704,1135,1136
3705,790,791
3705,819,820
3705,842,843
3705,893,894
3706,560,561
3706,790,791
3706,819,820
3706,842,843
3707,517,518
3707,560,561
3707,790,791
3707,819,820
3708,536,537
3708,560,561
3708,790,791
3708,842,843
3709,517,518
3709,536,537
3709,560,561
3709,790,791
3710,517,518
3710,758,759
3710,790,791
3710,815,816
3711,961,962
3711,974,975
3711,1005,1006
3711,1182,1183
3712,867,868
3712,961,962
3712,1005,1006
3712,1182,1183
3713,687,688
3713,877,878
3713,1005,1006
3713,1025,1026
3714,915,916
3714,961,962
3714,974,975
3714,1005,1006
3715,877,878
3715,915,916
3715,974,975
3715,1005,1006
3716,651,652
3716,710,711
3716,893,894
3716,901,902
3717,710,711
3717,759,760
3717,893,894
3717,901,902
3718,710,711
3718,759,760
3718,901,902
3718,1011,1012
3719,702,703
3719,710,711
3719,782,783
3719,893,894
3720,710,711
3720,759,760
3720,782,783
3720,893,894
3721,683,684
3721,702,703
3721,710,711
3721,782,783
3722,683,684
3722,710,711
3722,782,783
3722,848,849
3723,683,684
3723,702,703
3723,782,783
3723,889,890
3724,683,684
3724,782,783
3724,848,849
3724,889,890
3725,710,711
3725,782,783
3725,848,849
3725,965,966
3726,710,711
3726,759,760
3726,782,783
3726,965,966
3727,656,657
3727,702,703
3727,782,783
3727,889,890
3728,656,657
3728,766,767
3728,782,783
3728,889,890
3729,766,767
3729,782,783
3729,889,890
3729,1014,1015
3730,695,696
3730,702,703
3730,706,707
3730,789,790
3731,695,696
3731,702,703
3731,789,790
3731,819,820
3732,662,663
3732,695,696
3732,789,790
3732,819,820
3733,516,517
3733,662,663
3733,695,696
3733,789,790
3734,516,517
3734,695,696
3734,706,707
3734,789,790
3735,516,517
3735,662,663
3735,695,696
3735,716,717
3736,516,517
3736,695,696
3736,706,707
3736,716,717
3737,656,657
3737,695,696
3737,702,703
3737,706,707
3738,695,696
3738,706,707
3738,716,717
3738,989,990
3739,656,657
3739,695,696
3739,706,707
3739,989,990
3740,695,696
3740,716,717
3740,750,751
3740,989,990
3741,656,657
3741,695,696
3741,750,751
3741,989,990
3742,702,703
3742,819,820
3742,847,848
3742,893,894
3743,702,703
3743,782,783
3743,847,848
3743,893,894
3744,695,696
3744,702,703
3744,819,820
3744,847,848
3745,656,657
3745,702,703
3745,782,783
3745,847,848
3746,656,657
3746,766,767
3746,782,783
3746,847,848
3747,656,657
3747,695,696
3747,702,703
3747,847,848
3748,656,657
3748,750,751
3748,766,767
3748,847,848
3749,656,657
3749,695,696
3749,750,751
3749,847,848
3750,662,663
3750,695,696
3750,819,820
3750,966,967
3751,695,696
3751,819,820
3751,847,848
3751,966,967
3752,560,561
3752,662,663
3752,778,779
3752,798,799
3753,517,518
3753,560,561
3753,778,779
3753,798,799
3754,517,518
3754,560,561
3754,662,663
3754,778,779
3755,662,663
3755,694,695
3755,778,779
3755,798,799
3756,426,427
3756,694,695
3756,778,779
3756,798,799
3757,426,427
3757,662,663
3757,694,695
3757,778,779
3758,517,518
3758,637,638
3758,778,779
3758,798,799
3759,426,427
3759,637,638
3759,778,779
3759,798,799
3760,517,518
3760,637,638
3760,778,779
3760,815,816
3761,517,518
3761,758,759
3761,778,779
3761,790,791
3762,426,427
3762,662,663
3762,778,779
3762,959,960
3763,517,518
3763,758,759
3763,778,779
3763,815,816
3764,637,638
3764,670,671
3764,778,779
3764,815,816
3765,426,427
3765,637,638
3765,670,671
3765,778,779
3766,517,518
3766,662,663
3766,778,779
3766,819,820
3767,517,518
3767,778,779
3767,790,791
3767,819,820
3768,758,759
3768,778,779
3768,959,960
3768,966,967
3769,662,663
3769,778,779
3769,959,960
3769,966,967
3770,426,427
3770,670,671
3770,778,779
3770,959,960
3771,670,671
3771,758,759
3771,778,779
3771,815,816
3772,662,663
3772,778,779
3772,819,820
3772,966,967
3773,670,671
3773,758,759
3773,778,779
3773,787,788
3774,758,759
3774,778,779
3774,787,788
3774,959,960
3775,670,671
3775,778,779
3775,787,788
3775,959,960
3776,665,666
3776,687,688
3776,867,868
3776,1005,1006
3777,665,666
3777,744,745
3777,852,853
3777,867,868
3778,657,658
3778,736,737
3778,756,757
3778,807,808
3779,437,438
3779,657,658
3779,736,737
3779,756,757
3780,697,698
3780,736,737
3780,807,808
3780,845,846
3781,657,658
3781,697,698
3781,736,737
3781,807,808
3782,736,737
3782,756,757
3782,768,769
3782,807,808
3783,432,433
3783,517,518
3783,536,537
3783,705,706
3784,432,433
3784,535,536
3784,705,706
3784,818,819
3785,432,433
3785,701,702
3785,705,706
3785,798,799
3786,649,650
3786,685,686
3786,705,706
3786,818,819
3787,437,438
3787,550,551
3787,756,757
3787,802,803
3788,550,551
3788,747,748
3788,756,757
3788,802,803
3789,437,438
3789,736,737
3789,756,757
3789,802,803
3790,440,441
3790,550,551
3790,776,777
3790,802,803
3791,437,438
3791,550,551
3791,776,777
3791,802,803
3792,550,551
3792,734,735
3792,747,748
3792,802,803
3793,440,441
3793,550,551
3793,734,735
3793,802,803
3794,440,441
3794,552,553
3794,639,640
3794,776,777
3795,440,441
3795,639,640
3795,776,777
3795,802,803
3796,440,441
3796,552,553
3796,639,640
3796,769,770
3797,523,524
3797,552,553
3797,639,640
3797,769,770
3798,438,439
3798,561,562
3798,569,570
3798,628,629
3799,438,439
3799,535,536
3799,561,562
3799,628,629
3800,561,562
3800,569,570
3800,628,629
3800,786,787
3801,523,524
3801,552,553
3801,628,629
3801,639,640
3802,569,570
3802,628,629
3802,638,639
3802,786,787
3803,523,524
3803,628,629
3803,638,639
3803,786,787
3804,523,524
3804,628,629
3804,639,640
3804,745,746
3805,552,553
3805,569,570
3805,628,629
3805,638,639
3806,523,524
3806,552,553
3806,628,629
3806,638,639
3807,523,524
3807,628,629
3807,749,750
3807,786,787
3808,860,861
3808,930,931
3808,932,933
3808,1022,1023
3809,860,861
3809,932,933
3809,936,937
3809,1022,1023
3810,713,714
3810,932,933
3810,936,937
3810,1022,1023
3811,713,714
3811,881,882
3811,932,933
3811,1022,1023
3812,860,861
3812,930,931
3812,932,933
3812,1203,1204
3813,857,858
3813,860,861
3813,932,933
3813,1203,1204
3814,930,931
3814,932,933
3814,1044,1045
3814,1203,1204
3815,857,858
3815,932,933
3815,1044,1045
3815,1203,1204
3816,713,714
3816,932,933
3816,936,937
3816,1004,1005
3817,860,861
3817,936,937
3817,940,941
3817,1004,1005
3818,860,861
3818,932,933
3818,936,937
3818,1004,1005
3819,860,861
3819,940,941
3819,996,997
3819,1004,1005
3820,857,858
3820,860,861
3820,996,997
3820,1004,1005
3821,713,714
3821,845,846
3821,874,875
3821,936,937
3822,768,769
3822,807,808
3822,874,875
3822,936,937
3823,807,808
3823,845,846
3823,874,875
3823,936,937
3824,713,714
3824,874,875
3824,936,937
3824,1004,1005
3825,736,737
3825,807,808
3825,845,846
3825,874,875
3826,768,769
3826,874,875
3826,936,937
3826,940,941
3827,874,875
3827,936,937
3827,940,941
3827,1004,1005
3828,887,888
3828,892,893
3828,996,997
3828,1133,1134
3829,865,866
3829,887,888
3829,892,893
3829,1133,1134
3830,857,858
3830,996,997
3830,1004,1005
3830,1133,1134
3831,887,888
3831,940,941
3831,996,997
3831,1133,1134
3832,940,941
3832,996,997
3832,1004,1005
3832,1133,1134
3833,887,888
3833,940,941
3833,1004,1005
3833,1133,1134
3834,865,866
3834,887,888
3834,1004,1005
3834,1133,1134
3835,682,683
3835,688,689
3835,731,732
3835,810,811
3836,682,683
3836,688,689
3836,731,732
3836,797,798
3837,682,683
3837,731,732
3837,799,800
3837,810,811
3838,663,664
3838,682,683
3838,731,732
3838,799,800
3839,663,664
3839,682,683
3839,799,800
3839,810,811
3840,663,664
3840,682,683
3840,731,732
3840,755,756
3841,682,683
3841,714,715
3841,731,732
3841,797,798
3842,682,683
3842,714,715
3842,797,798
3842,992,993
3843,682,683
3843,714,715
3843,731,732
3843,755,756
3844,682,683
3844,714,715
3844,755,756
3844,992,993
3845,809,810
3845,913,914
3845,1017,1018
3845,1182,1183
3846,663,664
3846,755,756
3846,809,810
3846,813,814
3847,755,756
3847,809,810
3847,813,814
3847,835,836
3848,655,656
3848,809,810
3848,813,814
3848,835,836
3849,663,664
3849,749,750
3849,771,772
3849,813,814
3850,551,552
3850,673,674
3850,749,750
3850,771,772
3851,551,552
3851,749,750
3851,771,772
3851,813,814
3852,673,674
3852,749,750
3852,771,772
3852,799,800
3853,663,664
3853,749,750
3853,771,772
3853,799,800
3854,551,552
3854,673,674
3854,717,718
3854,771,772
3855,551,552
3855,717,718
3855,771,772
3855,813,814
3856,524,525
3856,673,674
3856,771,772
3856,799,800
3857,663,664
3857,771,772
3857,799,800
3857,837,838
3858,663,664
3858,771,772
3858,813,814
3858,835,836
3859,524,525
3859,673,674
3859,717,718
3859,771,772
3860,524,525
3860,717,718
3860,771,772
3860,828,829
3861,717,718
3861,771,772
3861,828,829
3861,835,836
3862,717,718
3862,771,772
3862,813,814
3862,835,836
3863,524,525
3863,771,772
3863,799,800
3863,837,838
3864,524,525
3864,771,772
3864,828,829
3864,837,838
3865,755,756
3865,771,772
3865,828,829
3865,837,838
3866,663,664
3866,755,756
3866,771,772
3866,837,838
3867,755,756
3867,771,772
3867,828,829
3867,835,836
3868,663,664
3868,755,756
3868,771,772
3868,835,836
3869,913,914
3869,947,948
3869,951,952
3869,992,993
3870,947,948
3870,951,952
3870,992,993
3870,1021,1022
3871,869,870
3871,951,952
3871,992,993
3871,1021,1022
3872,859,860
3872,869,870
3872,951,952
3872,1021,1022
3873,859,860
3873,951,952
3873,1021,1022
3873,1045,1046
3874,859,860
3874,951,952
3874,994,995
3874,1045,1046
3875,879,880
3875,947,948
3875,954,955
3875,956,957
3876,947,948
3876,951,952
3876,956,957
3876,1045,1046
3877,913,914
3877,947,948
3877,951,952
3877,956,957
3878,951,952
3878,956,957
3878,994,995
3878,1045,1046
3879,913,914
3879,951,952
3879,956,957
3879,994,995
3880,861,862
3880,956,957
3880,994,995
3880,1045,1046
3881,861,862
3881,938,939
3881,956,957
3881,1104,1105
3882,871,872
3882,933,934
3882,954,955
3882,956,957
3883,871,872
3883,938,939
3883,956,957
3883,1017,1018
3884,871,872
3884,913,914
3884,956,957
3884,1017,1018
3885,861,862
3885,956,957
3885,1045,1046
3885,1104,1105
3886,879,880
3886,956,957
3886,1045,1046
3886,1104,1105
3887,871,872
3887,933,934
3887,938,939
3887,956,957
3888,933,934
3888,938,939
3888,956,957
3888,1104,1105
3889,879,880
3889,933,934
3889,956,957
3889,1104,1105
3890,879,880
3890,933,934
3890,954,955
3890,956,957
3891,663,664
3891,682,683
3891,755,756
3891,983,984
3892,913,914
3892,951,952
3892,983,984
3892,992,993
3893,755,756
3893,913,914
3893,983,984
3893,992,993
3894,682,683
3894,755,756
3894,983,984
3894,992,993
3895,869,870
3895,951,952
3895,983,984
3895,992,993
3896,913,914
3896,983,984
3896,994,995
3896,1015,1016
3897,913,914
3897,951,952
3897,983,984
3897,994,995
3898,871,872
3898,905,906
3898,922,923
3898,981,982
3899,871,872
3899,905,906
3899,933,934
3899,981,982
3900,871,872
3900,905,906
3900,933,934
3900,954,955
3901,664,665
3901,795,796
3901,905,906
3901,924,925
3902,795,796
3902,801,802
3902,905,906
3902,922,923
3903,801,802
3903,905,906
3903,922,923
3903,981,982
3904,801,802
3904,888,889
3904,905,906
3904,981,982
3905,888,889
3905,905,906
3905,933,934
3905,981,982
3906,888,889
3906,905,906
3906,933,934
3906,954,955
3907,795,796
3907,801,802
3907,905,906
3907,924,925
3908,801,802
3908,888,889
3908,905,906
3908,924,925
3909,872,873
3909,888,889
3909,905,906
3909,924,925
3910,872,873
3910,888,889
3910,905,906
3910,954,955
3911,664,665
3911,872,873
3911,905,906
3911,924,925
3912,664,665
3912,872,873
3912,905,906
3912,954,955
3913,456,457
3913,599,600
3913,608,609
3913,645,646
3914,456,457
3914,608,609
3914,645,646
3914,779,780
3915,456,457
3915,608,609
3915,779,780
3915,793,794
3916,456,457
3916,479,480
3916,599,600
3916,645,646
3917,456,457
3917,779,780
3917,793,794
3917,830,831
3918,456,457
3918,496,497
3918,608,609
3918,793,794
3919,456,457
3919,496,497
3919,599,600
3919,608,609
3920,456,457
3920,495,496
3920,496,497
3920,793,794
3921,456,457
3921,472,473
3921,496,497
3921,599,600
3922,456,457
3922,472,473
3922,495,496
3922,496,497
3923,456,457
3923,472,473
3923,495,496
3923,718,719
3924,460,461
3924,539,540
3924,592,593
3924,645,646
3925,421,422
3925,460,461
3925,539,540
3925,592,593
3926,421,422
3926,539,540
3926,592,593
3926,645,646
3927,460,461
3927,479,480
3927,539,540
3927,645,646
3928,456,457
3928,479,480
3928,539,540
3928,645,646
3929,421,422
3929,460,461
3929,539,540
3929,647,648
3930,421,422
3930,539,540
3930,553,554
3930,647,648
3931,421,422
3931,539,540
3931,553,554
3931,830,831
3932,421,422
3932,539,540
3932,645,646
3932,779,780
3933,421,422
3933,539,540
3933,779,780
3933,830,831
3934,456,457
3934,539,540
3934,645,646
3934,779,780
3935,456,457
3935,539,540
3935,779,780
3935,830,831
3936,460,461
3936,539,540
3936,641,642
3936,647,648
3937,539,540
3937,553,554
3937,641,642
3937,647,648
3938,1489,1490
3938,1583,1584
3938,1585,1586
3938,1623,1624
3939,1465,1466
3939,1583,1584
3939,1585,1586
3939,1623,1624
3940,1489,1490
3940,1583,1584
3940,1601,1602
3940,1623,1624
3941,1583,1584
3941,1601,1602
3941,1623,1624
3941,1669,1670
3942,1465,1466
3942,1583,1584
3942,1623,1624
3942,1669,1670
3943,1505,1506
3943,1599,1600
3943,1601,1602
3943,1623,1624
3944,1370,1371
3944,1599,1600
3944,1601,1602
3944,1623,1624
3945,1370,1371
3945,1465,1466
3945,1599,1600
3945,1623,1624
3946,1370,1371
3946,1601,1602
3946,1623,1624
3946,1669,1670
3947,1370,1371
3947,1465,1466
3947,1623,1624
3947,1669,1670
3948,1446,1447
3948,1489,1490
3948,1601,1602
3948,1623,1624
3949,1446,1447
3949,1505,1506
3949,1601,1602
3949,1623,1624
3950,1465,1466
3950,1484,1485
3950,1599,1600
3950,1623,1624
3951,1465,1466
3951,1585,1586
3951,1688,1689
3951,1788,1789
3952,1465,1466
3952,1688,1689
3952,1715,1716
3952,1788,1789
3953,1465,1466
3953,1617,1618
3953,1715,1716
3953,1788,1789
3954,1672,1673
3954,1688,1689
3954,1715,1716
3954,1788,1789
3955,1617,1618
3955,1672,1673
3955,1715,1716
3955,1788,1789
3956,1465,1466
3956,1585,1586
3956,1623,1624
3956,1788,1789
3957,1020,1021
3957,1143,1144
3957,1200,1201
3957,1215,1216
3958,1020,1021
3958,1079,1080
3958,1200,1201
3958,1215,1216
3959,908,909
3959,1020,1021
3959,1143,1144
3959,1176,1177
3960,908,909
3960,1020,1021
3960,1143,1144
3960,1200,1201
3961,908,909
3961,926,927
3961,1020,1021
3961,1176,1177
3962,908,909
3962,926,927
3962,1020,1021
3962,1149,1150
3963,908,909
3963,1020,1021
3963,1149,1150
3963,1200,1201
3964,425,426
3964,487,488
3964,618,619
3964,620,621
3965,487,488
3965,558,559
3965,618,619
3965,620,621
3966,481,482
3966,618,619
3966,793,794
3966,832,833
3967,529,530
3967,779,780
3967,793,794
3967,832,833
3968,529,530
3968,623,624
3968,779,780
3968,832,833
3969,425,426
3969,618,619
3969,793,794
3969,832,833
3970,425,426
3970,487,488
3970,618,619
3970,832,833
3971,425,426
3971,779,780
3971,793,794
3971,832,833
3972,425,426
3972,623,624
3972,779,780
3972,832,833
3973,425,426
3973,487,488
3973,623,624
3973,832,833
3974,487,488
3974,623,624
3974,832,833
3974,977,978
3975,1809,1810
3975,1810,1811
3975,1834,1835
3975,1835,1836
3976,1809,1810
3976,1818,1819
3976,1834,1835
3976,1835,1836
3977,1748,1749
3977,1809,1810
3977,1818,1819
3977,1834,1835
3978,1748,1749
3978,1809,1810
3978,1818,1819
3978,1835,1836
3979,952,953
3979,1009,1010
3979,1092,1093
3979,1150,1151
3980,1009,1010
3980,1085,1086
3980,1092,1093
3980,1150,1151
3981,960,961
3981,1009,1010
3981,1085,1086
3981,1156,1157
3982,1009,1010
3982,1085,1086
3982,1092,1093
3982,1156,1157
3983,1080,1081
3983,1088,1089
3983,1157,1158
3983,1180,1181
3984,962,963
3984,1088,1089
3984,1128,1129
3984,1157,1158
3985,1088,1089
3985,1128,1129
3985,1157,1158
3985,1180,1181
3986,952,953
3986,962,963
3986,1157,1158
3986,1200,1201
3987,1144,1145
3987,1157,1158
3987,1200,1201
3987,1405,1406
3988,1144,1145
3988,1157,1158
3988,1180,1181
3988,1405,1406
3989,1128,1129
3989,1144,1145
3989,1157,1158
3989,1180,1181
3990,962,963
3990,1076,1077
3990,1157,1158
3990,1200,1201
3991,1076,1077
3991,1144,1145
3991,1157,1158
3991,1200,1201
3992,962,963
3992,1076,1077
3992,1128,1129
3992,1157,1158
3993,1076,1077
3993,1128,1129
3993,1144,1145
3993,1157,1158
3994,1077,1078
3994,1161,1162
3994,1236,1237
3994,1373,1374
3995,1161,1162
3995,1236,1237
3995,1373,1374
3995,1387,1388
3996,1085,1086
3996,1150,1151
3996,1161,1162
3996,1236,1237
3997,1227,1228
3997,1248,1249
3997,1327,1328
3997,1559,1560
3998,1245,1246
3998,1248,1249
3998,1327,1328
3998,1488,1489
3999,1227,1228
3999,1245,1246
3999,1248,1249
3999,1327,1328
4000,1245,1246
4000,1270,1271
4000,1327,1328
4000,1488,1489
4001,1227,1228
4001,1245,1246
4001,1270,1271
4001,1327,1328
4002,1227,1228
4002,1270,1271
4002,1327,1328
4002,1414,1415
4003,1270,1271
4003,1327,1328
4003,1412,1413
4003,1414,1415
4004,1030,1031
4004,1308,1309
4004,1352,1353
4004,1404,1405
4005,1030,1031
4005,1040,1041
4005,1150,1151
4005,1315,1316
4006,1030,1031
4006,1040,1041
4006,1301,1302
4006,1315,1316
4007,1030,1031
4007,1150,1151
4007,1301,1302
4007,1315,1316
4008,1030,1031
4008,1308,1309
4008,1344,1345
4008,1352,1353
4009,1030,1031
4009,1040,1041
4009,1344,1345
4009,1352,1353
4010,1030,1031
4010,1040,1041
4010,1301,1302
4010,1392,1393
4011,1030,1031
4011,1040,1041
4011,1352,1353
4011,1392,1393
4012,1030,1031
4012,1301,1302
4012,1352,1353
4012,1392,1393
4013,1209,1210
4013,1308,1309
4013,1344,1345
4013,1559,1560
4014,1209,1210
4014,1308,1309
4014,1344,1345
4014,1352,1353
4015,1209,1210
4015,1227,1228
4015,1308,1309
4015,1559,1560
4016,1209,1210
4016,1227,1228
4016,1308,1309
4016,1352,1353
4017,1209,1210
4017,1227,1228
4017,1327,1328
4017,1559,1560
4018,1209,1210
4018,1212,1213
4018,1329,1330
4018,1344,1345
4019,1209,1210
4019,1212,1213
4019,1329,1330
4019,1333,1334
4020,1209,1210
4020,1344,1345
4020,1559,1560
4020,1587,1588
4021,1209,1210
4021,1329,1330
4021,1344,1345
4021,1587,1588
4022,1040,1041
4022,1209,1210
4022,1212,1213
4022,1344,1345
4023,1040,1041
4023,1209,1210
4023,1344,1345
4023,1352,1353
4024,1040,1041
4024,1209,1210
4024,1212,1213
4024,1352,1353
4025,1048,1049
4025,1209,1210
4025,1212,1213
4025,1333,1334
4026,1209,1210
4026,1327,1328
4026,1416,1417
4026,1559,1560
4027,1209,1210
4027,1416,1417
4027,1559,1560
4027,1587,1588
4028,1209,1210
4028,1333,1334
4028,1416,1417
4028,1418,1419
4029,1209,1210
4029,1329,1330
4029,1333,1334
4029,1418,1419
4030,1209,1210
4030,1212,1213
4030,1352,1353
4030,1392,1393
4031,1048,1049
4031,1209,1210
4031,1212,1213
4031,1392,1393
4032,1048,1049
4032,1209,1210
4032,1352,1353
4032,1392,1393
4033,1209,1210
4033,1416,1417
4033,1418,1419
4033,1587,1588
4034,1209,1210
4034,1329,1330
4034,1418,1419
4034,1587,1588
4035,1181,1182
4035,1301,1302
4035,1352,1353
4035,1392,1393
4036,1170,1171
4036,1181,1182
4036,1301,1302
4036,1392,1393
4037,1018,1019
4037,1170,1171
4037,1181,1182
4037,1214,1215
4038,1018,1019
4038,1170,1171
4038,1181,1182
4038,1301,1302
4039,1129,1130
4039,1170,1171
4039,1181,1182
4039,1392,1393
4040,1129,1130
4040,1170,1171
4040,1181,1182
4040,1214,1215
4041,1051,1052
4041,1145,1146
4041,1373,1374
4041,1387,1388
4042,1051,1052
4042,1145,1146
4042,1373,1374
4042,1411,1412
4043,1145,1146
4043,1373,1374
4043,1411,1412
4043,1419,1420
4044,1145,1146
4044,1255,1256
4044,1373,1374
4044,1419,1420
4045,1145,1146
4045,1161,1162
4045,1373,1374
4045,1387,1388
4046,1145,1146
4046,1161,1162
4046,1255,1256
4046,1373,1374
4047,1255,1256
4047,1304,1305
4047,1310,1311
4047,1419,1420
4048,1145,1146
4048,1255,1256
4048,1304,1305
4048,1419,1420
4049,1255,1256
4049,1266,1267
4049,1304,1305
4049,1310,1311
4050,1255,1256
4050,1266,1267
4050,1304,1305
4050,1405,1406
4051,1161,1162
4051,1255,1256
4051,1304,1305
4051,1405,1406
4052,1145,1146
4052,1161,1162
4052,1255,1256
4052,1304,1305
4053,1519,1520
4053,1557,1558
4053,1580,1581
4053,1608,1609
4054,1339,1340
4054,1399,1400
4054,1461,1462
4054,1522,1523
4055,1258,1259
4055,1399,1400
4055,1461,1462
4055,1522,1523
4056,1753,1754
4056,1762,1763
4056,1765,1766
4056,1839,1840
4057,1079,1080
4057,1144,1145
4057,1192,1193
4057,1215,1216
4058,1144,1145
4058,1192,1193
4058,1215,1216
4058,1285,1286
4059,1192,1193
4059,1215,1216
4059,1257,1258
4059,1285,1286
4060,1144,1145
4060,1192,1193
4060,1233,1234
4060,1285,1286
4061,1192,1193
4061,1233,1234
4061,1257,1258
4061,1285,1286
4062,1079,1080
4062,1144,1145
4062,1192,1193
4062,1405,1406
4063,1079,1080
4063,1192,1193
4063,1304,1305
4063,1405,1406
4064,1192,1193
4064,1257,1258
4064,1266,1267
4064,1310,1311
4065,1144,1145
4065,1192,1193
4065,1233,1234
4065,1266,1267
4066,1192,1193
4066,1233,1234
4066,1257,1258
4066,1266,1267
4067,1144,1145
4067,1192,1193
4067,1266,1267
4067,1405,1406
4068,1192,1193
4068,1266,1267
4068,1304,1305
4068,1310,1311
4069,1192,1193
4069,1266,1267
4069,1304,1305
4069,1405,1406
4070,1180,1181
4070,1266,1267
4070,1293,1294
4070,1405,1406
4071,1090,1091
4071,1180,1181
4071,1266,1267
4071,1293,1294
4072,1255,1256
4072,1266,1267
4072,1293,1294
4072,1405,1406
4073,1090,1091
4073,1255,1256
4073,1266,1267
4073,1293,1294
4074,1157,1158
4074,1180,1181
4074,1293,1294
4074,1405,1406
4075,1080,1081
4075,1090,1091
4075,1180,1181
4075,1293,1294
4076,1080,1081
4076,1157,1158
4076,1180,1181
4076,1293,1294
4077,1150,1151
4077,1161,1162
4077,1293,1294
4077,1405,1406
4078,1161,1162
4078,1255,1256
4078,1293,1294
4078,1405,1406
4079,1150,1151
4079,1157,1158
4079,1293,1294
4079,1405,1406
4080,1080,1081
4080,1090,1091
4080,1293,1294
4080,1308,1309
4081,1030,1031
4081,1080,1081
4081,1293,1294
4081,1308,1309
4082,1080,1081
4082,1088,1089
4082,1157,1158
4082,1293,1294
4083,1090,1091
4083,1255,1256
4083,1266,1267
4083,1407,1408
4084,1090,1091
4084,1255,1256
4084,1276,1277
4084,1407,1408
4085,1240,1241
4085,1255,1256
4085,1276,1277
4085,1407,1408
4086,1255,1256
4086,1266,1267
4086,1310,1311
4086,1407,1408
4087,1240,1241
4087,1399,1400
4087,1407,1408
4087,1410,1411
4088,1240,1241
4088,1399,1400
4088,1407,1408
4088,1518,1519
4089,1240,1241
4089,1276,1277
4089,1407,1408
4089,1518,1519
4090,1310,1311
4090,1407,1408
4090,1410,1411
4090,1426,1427
4091,1399,1400
4091,1407,1408
4091,1410,1411
4091,1426,1427
4092,1310,1311
4092,1407,1408
4092,1410,1411
4092,1419,1420
4093,1255,1256
4093,1310,1311
4093,1407,1408
4093,1419,1420
4094,1240,1241
4094,1407,1408
4094,1410,1411
4094,1419,1420
4095,1240,1241
4095,1255,1256
4095,1407,1408
4095,1419,1420
4096,1248,1249
4096,1423,1424
4096,1506,1507
4096,1559,1560
4097,1248,1249
4097,1423,1424
4097,1488,1489
4097,1491,1492
4098,1248,1249
4098,1423,1424
4098,1491,1492
4098,1506,1507
4099,1423,1424
4099,1491,1492
4099,1506,1507
4099,1620,1621
4100,1423,1424
4100,1488,1489
4100,1491,1492
4100,1622,1623
4101,1423,1424
4101,1491,1492
4101,1620,1621
4101,1622,1623
4102,1423,1424
4102,1620,1621
4102,1622,1623
4102,1820,1821
4103,1423,1424
4103,1440,1441
4103,1488,1489
4103,1622,1623
4104,1423,1424
4104,1440,1441
4104,1622,1623
4104,1820,1821
4105,1283,1284
4105,1373,1374
4105,1422,1423
4105,1542,1543
4106,1373,1374
4106,1411,1412
4106,1422,1423
4106,1542,1543
4107,1051,1052
4107,1283,1284
4107,1373,1374
4107,1422,1423
4108,1051,1052
4108,1373,1374
4108,1411,1412
4108,1422,1423
4109,1537,1538
4109,1554,1555
4109,1562,1563
4109,1808,1809
4110,1406,1407
4110,1530,1531
4110,1537,1538
4110,1554,1555
4111,1537,1538
4111,1554,1555
4111,1562,1563
4111,1596,1597
4112,1406,1407
4112,1537,1538
4112,1554,1555
4112,1596,1597
4113,1459,1460
4113,1537,1538
4113,1562,1563
4113,1596,1597
4114,1406,1407
4114,1459,1460
4114,1537,1538
4114,1596,1597
4115,1406,1407
4115,1427,1428
4115,1459,1460
4115,1537,1538
4116,1261,1262
4116,1375,1376
4116,1473,1474
4116,1530,1531
4117,1375,1376
4117,1406,1407
4117,1473,1474
4117,1530,1531
4118,1375,1376
4118,1406,1407
4118,1427,1428
4118,1473,1474
4119,1375,1376
4119,1406,1407
4119,1530,1531
4119,1537,1538
4120,1375,1376
4120,1406,1407
4120,1427,1428
4120,1537,1538
4121,1224,1225
4121,1375,1376
4121,1427,1428
4121,1510,1511
4122,1375,1376
4122,1427,1428
4122,1473,1474
4122,1510,1511
4123,1120,1121
4123,1191,1192
4123,1285,1286
4123,1321,1322
4124,1191,1192
4124,1215,1216
4124,1285,1286
4124,1321,1322
4125,1215,1216
4125,1257,1258
4125,1285,1286
4125,1321,1322
4126,1233,1234
4126,1257,1258
4126,1285,1286
4126,1321,1322
4127,1031,1032
4127,1120,1121
4127,1285,1286
4127,1321,1322
4128,1031,1032
4128,1233,1234
4128,1285,1286
4128,1321,1322
4129,1031,1032
4129,1067,1068
4129,1233,1234
4129,1321,1322
4130,1224,1225
4130,1375,1376
4130,1510,1511
4130,1621,1622
4131,1261,1262
4131,1317,1318
4131,1426,1427
4131,1621,1622
4132,1375,1376
4132,1473,1474
4132,1510,1511
4132,1621,1622
4133,1261,1262
4133,1375,1376
4133,1473,1474
4133,1621,1622
4134,1317,1318
4134,1473,1474
4134,1510,1511
4134,1621,1622
4135,1261,1262
4135,1317,1318
4135,1473,1474
4135,1621,1622
4136,1233,1234
4136,1257,1258
4136,1266,1267
4136,1326,1327
4137,1233,1234
4137,1259,1260
4137,1266,1267
4137,1326,1327
4138,1317,1318
4138,1326,1327
4138,1510,1511
4138,1621,1622
4139,1317,1318
4139,1326,1327
4139,1426,1427
4139,1621,1622
4140,1067,1068
4140,1259,1260
4140,1326,1327
4140,1510,1511
4141,1067,1068
4141,1233,1234
4141,1326,1327
4141,1510,1511
4142,1067,1068
4142,1233,1234
4142,1259,1260
4142,1326,1327
4143,1257,1258
4143,1266,1267
4143,1310,1311
4143,1326,1327
4144,1266,1267
4144,1310,1311
4144,1326,1327
4144,1407,1408
4145,1257,1258
4145,1310,1311
4145,1326,1327
4145,1426,1427
4146,1310,1311
4146,1326,1327
4146,1407,1408
4146,1426,1427
4147,1090,1091
4147,1259,1260
4147,1266,1267
4147,1326,1327
4148,1090,1091
4148,1266,1267
4148,1326,1327
4148,1407,1408
4149,1317,1318
4149,1326,1327
4149,1399,1400
4149,1426,1427
4150,1326,1327
4150,1399,1400
4150,1407,1408
4150,1426,1427
4151,1046,1047
4151,1224,1225
4151,1267,1268
4151,1282,1283
4152,1046,1047
4152,1067,1068
4152,1224,1225
4152,1282,1283
4153,1031,1032
4153,1046,1047
4153,1197,1198
4153,1242,1243
4154,1046,1047
4154,1113,1114
4154,1197,1198
4154,1242,1243
4155,1031,1032
4155,1046,1047
4155,1067,1068
4155,1321,1322
4156,1046,1047
4156,1067,1068
4156,1224,1225
4156,1321,1322
4157,1031,1032
4157,1046,1047
4157,1120,1121
4157,1197,1198
4158,1031,1032
4158,1046,1047
4158,1120,1121
4158,1321,1322
4159,1046,1047
4159,1120,1121
4159,1197,1198
4159,1321,1322
4160,1031,1032
4160,1218,1219
4160,1242,1243
4160,1363,1364
4161,1031,1032
4161,1067,1068
4161,1218,1219
4161,1363,1364
4162,1031,1032
4162,1046,1047
4162,1218,1219
4162,1242,1243
4163,1031,1032
4163,1046,1047
4163,1067,1068
4163,1218,1219
4164,1218,1219
4164,1235,1236
4164,1242,1243
4164,1363,1364
4165,1046,1047
4165,1067,1068
4165,1218,1219
4165,1282,1283
4166,1218,1219
4166,1235,1236
4166,1242,1243
4166,1286,1287
4167,1142,1143
4167,1218,1219
4167,1235,1236
4167,1363,1364
4168,1046,1047
4168,1218,1219
4168,1267,1268
4168,1282,1283
4169,1113,1114
4169,1218,1219
4169,1242,1243
4169,1286,1287
4170,1046,1047
4170,1113,1114
4170,1218,1219
4170,1242,1243
4171,1037,1038
4171,1218,1219
4171,1235,1236
4171,1286,1287
4172,1067,1068
4172,1218,1219
4172,1259,1260
4172,1371,1372
4173,1142,1143
4173,1218,1219
4173,1259,1260
4173,1371,1372
4174,1067,1068
4174,1218,1219
4174,1259,1260
4174,1363,1364
4175,1142,1143
4175,1218,1219
4175,1259,1260
4175,1363,1364
4176,1037,1038
4176,1142,1143
4176,1218,1219
4176,1371,1372
4177,1037,1038
4177,1142,1143
4177,1218,1219
4177,1235,1236
4178,1067,1068
4178,1218,1219
4178,1282,1283
4178,1371,1372
4179,1218,1219
4179,1267,1268
4179,1282,1283
4179,1417,1418
4180,1218,1219
4180,1267,1268
4180,1286,1287
4180,1417,1418
4181,1113,1114
4181,1218,1219
4181,1267,1268
4181,1286,1287
4182,1046,1047
4182,1113,1114
4182,1218,1219
4182,1267,1268
4183,1037,1038
4183,1218,1219
4183,1286,1287
4183,1417,1418
4184,1037,1038
4184,1218,1219
4184,1371,1372
4184,1417,1418
4185,1218,1219
4185,1282,1283
4185,1371,1372
4185,1417,1418
4186,737,738
4186,801,802
4186,822,823
4186,945,946
4187,822,823
4187,924,925
4187,945,946
4187,1171,1172
4188,801,802
4188,924,925
4188,945,946
4188,1171,1172
4189,801,802
4189,822,823
4189,924,925
4189,945,946
4190,888,889
4190,945,946
4190,1171,1172
4190,1226,1227
4191,801,802
4191,888,889
4191,945,946
4191,1171,1172
4192,737,738
4192,801,802
4192,945,946
4192,1196,1197
4193,888,889
4193,945,946
4193,1196,1197
4193,1226,1227
4194,801,802
4194,888,889
4194,945,946
4194,1196,1197
4195,737,738
4195,945,946
4195,1032,1033
4195,1196,1197
4196,907,908
4196,945,946
4196,1032,1033
4196,1196,1197
4197,907,908
4197,945,946
4197,1196,1197
4197,1226,1227
4198,712,713
4198,816,817
4198,948,949
4198,953,954
4199,1026,1027
4199,1128,1129
4199,1238,1239
4199,1363,1364
4200,1026,1027
4200,1235,1236
4200,1238,1239
4200,1363,1364
4201,1026,1027
4201,1142,1143
4201,1235,1236
4201,1363,1364
4202,1026,1027
4202,1089,1090
4202,1128,1129
4202,1238,1239
4203,1026,1027
4203,1080,1081
4203,1128,1129
4203,1363,1364
4204,1026,1027
4204,1080,1081
4204,1088,1089
4204,1128,1129
4205,1026,1027
4205,1088,1089
4205,1089,1090
4205,1128,1129
4206,1026,1027
4206,1080,1081
4206,1142,1143
4206,1363,1364
4207,1026,1027
4207,1142,1143
4207,1235,1236
4207,1299,1300
4208,1026,1027
4208,1064,1065
4208,1089,1090
4208,1238,1239
4209,1026,1027
4209,1050,1051
4209,1064,1065
4209,1089,1090
4210,1026,1027
4210,1064,1065
4210,1235,1236
4210,1238,1239
4211,1026,1027
4211,1088,1089
4211,1089,1090
4211,1130,1131
4212,1026,1027
4212,1050,1051
4212,1089,1090
4212,1130,1131
4213,1031,1032
4213,1041,1042
4213,1096,1097
4213,1238,1239
4214,1031,1032
4214,1041,1042
4214,1120,1121
4214,1285,1286
4215,1031,1032
4215,1041,1042
4215,1096,1097
4215,1120,1121
4216,1031,1032
4216,1041,1042
4216,1285,1286
4216,1363,1364
4217,1041,1042
4217,1128,1129
4217,1285,1286
4217,1363,1364
4218,1031,1032
4218,1041,1042
4218,1238,1239
4218,1363,1364
4219,1041,1042
4219,1128,1129
4219,1238,1239
4219,1363,1364
4220,1041,1042
4220,1120,1121
4220,1191,1192
4220,1285,1286
4221,855,856
4221,1041,1042
4221,1096,1097
4221,1211,1212
4222,1041,1042
4222,1096,1097
4222,1211,1212
4222,1238,1239
4223,1041,1042
4223,1076,1077
4223,1128,1129
4223,1285,1286
4224,1041,1042
4224,1059,1060
4224,1120,1121
4224,1191,1192
4225,1041,1042
4225,1059,1060
4225,1096,1097
4225,1120,1121
4226,1041,1042
4226,1076,1077
4226,1191,1192
4226,1285,1286
4227,855,856
4227,1041,1042
4227,1076,1077
4227,1191,1192
4228,855,856
4228,1041,1042
4228,1059,1060
4228,1191,1192
4229,855,856
4229,1041,1042
4229,1059,1060
4229,1096,1097
4230,962,963
4230,1041,1042
4230,1076,1077
4230,1128,1129
4231,927,928
4231,1013,1014
4231,1196,1197
4231,1226,1227
4232,927,928
4232,1013,1014
4232,1196,1197
4232,1211,1212
4233,1013,1014
4233,1024,1025
4233,1184,1185
4233,1226,1227
4234,927,928
4234,1013,1014
4234,1184,1185
4234,1226,1227
4235,907,908
4235,1013,1014
4235,1024,1025
4235,1226,1227
4236,907,908
4236,1013,1014
4236,1196,1197
4236,1226,1227
4237,1013,1014
4237,1096,1097
4237,1196,1197
4237,1211,1212
4238,927,928
4238,1013,1014
4238,1184,1185
4238,1220,1221
4239,1013,1014
4239,1024,1025
4239,1096,1097
4239,1242,1243
4240,907,908
4240,1013,1014
4240,1024,1025
4240,1096,1097
4241,907,908
4241,1013,1014
4241,1096,1097
4241,1196,1197
4242,1013,1014
4242,1024,1025
4242,1184,1185
4242,1242,1243
4243,1013,1014
4243,1184,1185
4243,1220,1221
4243,1242,1243
4244,1013,1014
4244,1096,1097
4244,1238,1239
4244,1242,1243
4245,1013,1014
4245,1096,1097
4245,1211,1212
4245,1238,1239
4246,927,928
4246,1013,1014
4246,1064,1065
4246,1220,1221
4247,927,928
4247,1013,1014
4247,1064,1065
4247,1211,1212
4248,1013,1014
4248,1064,1065
4248,1211,1212
4248,1238,1239
4249,1013,1014
4249,1220,1221
4249,1235,1236
4249,1242,1243
4250,1013,1014
4250,1235,1236
4250,1238,1239
4250,1242,1243
4251,1013,1014
4251,1064,1065
4251,1220,1221
4251,1235,1236
4252,1013,1014
4252,1064,1065
4252,1235,1236
4252,1238,1239
4253,1080,1081
4253,1250,1251
4253,1318,1319
4253,1404,1405
4254,1080,1081
4254,1142,1143
4254,1250,1251
4254,1318,1319
4255,1026,1027
4255,1080,1081
4255,1088,1089
4255,1318,1319
4256,1026,1027
4256,1080,1081
4256,1142,1143
4256,1318,1319
4257,1026,1027
4257,1088,1089
4257,1130,1131
4257,1318,1319
4258,1026,1027
4258,1142,1143
4258,1299,1300
4258,1318,1319
4259,1250,1251
4259,1318,1319
4259,1404,1405
4259,1414,1415
4260,1314,1315
4260,1318,1319
4260,1404,1405
4260,1414,1415
4261,1250,1251
4261,1318,1319
4261,1330,1331
4261,1414,1415
4262,1142,1143
4262,1250,1251
4262,1318,1319
4262,1330,1331
4263,1314,1315
4263,1318,1319
4263,1330,1331
4263,1414,1415
4264,1299,1300
4264,1314,1315
4264,1318,1319
4264,1330,1331
4265,1142,1143
4265,1299,1300
4265,1318,1319
4265,1330,1331
4266,1185,1186
4266,1314,1315
4266,1318,1319
4266,1404,1405
4267,1185,1186
4267,1268,1269
4267,1314,1315
4267,1318,1319
4268,1130,1131
4268,1185,1186
4268,1268,1269
4268,1318,1319
4269,1050,1051
4269,1299,1300
4269,1314,1315
4269,1318,1319
4270,1026,1027
4270,1050,1051
4270,1299,1300
4270,1318,1319
4271,1026,1027
4271,1050,1051
4271,1130,1131
4271,1318,1319
4272,1050,1051
4272,1268,1269
4272,1314,1315
4272,1318,1319
4273,1050,1051
4273,1130,1131
4273,1268,1269
4273,1318,1319
4274,1658,1659
4274,1683,1684
4274,1704,1705
4274,1713,1714
4275,1658,1659
4275,1683,1684
4275,1713,1714
4275,1804,1805
4276,1658,1659
4276,1674,1675
4276,1704,1705
4276,1713,1714
4277,1658,1659
4277,1674,1675
4277,1713,1714
4277,1804,1805
4278,1635,1636
4278,1713,1714
4278,1716,1717
4278,1783,1784
4279,1635,1636
4279,1674,1675
4279,1713,1714
4279,1716,1717
4280,1635,1636
4280,1674,1675
4280,1704,1705
4280,1713,1714
4281,1686,1687
4281,1713,1714
4281,1716,1717
4281,1783,1784
4282,1674,1675
4282,1713,1714
4282,1716,1717
4282,1770,1771
4283,1591,1592
4283,1674,1675
4283,1713,1714
4283,1770,1771
4284,1686,1687
4284,1713,1714
4284,1716,1717
4284,1770,1771
4285,1591,1592
4285,1686,1687
4285,1713,1714
4285,1770,1771
4286,1658,1659
4286,1739,1740
4286,1751,1752
4286,1804,1805
4287,1658,1659
4287,1683,1684
4287,1751,1752
4287,1804,1805
4288,1658,1659
4288,1704,1705
4288,1751,1752
4288,1774,1775
4289,1658,1659
4289,1683,1684
4289,1704,1705
4289,1751,1752
4290,1622,1623
4290,1739,1740
4290,1820,1821
4290,1848,1849
4291,1440,1441
4291,1622,1623
4291,1820,1821
4291,1848,1849
4292,1499,1500
4292,1552,1553
4292,1622,1623
4292,1776,1777
4293,1499,1500
4293,1579,1580
4293,1622,1623
4293,1776,1777
4294,1674,1675
4294,1739,1740
4294,1776,1777
4294,1804,1805
4295,1499,1500
4295,1521,1522
4295,1552,1553
4295,1776,1777
4296,1521,1522
4296,1552,1553
4296,1674,1675
4296,1776,1777
4297,1552,1553
4297,1622,1623
4297,1739,1740
4297,1776,1777
4298,1579,1580
4298,1622,1623
4298,1776,1777
4298,1848,1849
4299,1622,1623
4299,1739,1740
4299,1776,1777
4299,1848,1849
4300,1739,1740
4300,1776,1777
4300,1804,1805
4300,1848,1849
4301,1552,1553
4301,1739,1740
4301,1747,1748
4301,1776,1777
4302,1552,1553
4302,1674,1675
4302,1747,1748
4302,1776,1777
4303,1674,1675
4303,1739,1740
4303,1747,1748
4303,1776,1777
4304,1674,1675
4304,1713,1714
4304,1776,1777
4304,1804,1805
4305,1591,1592
4305,1674,1675
4305,1713,1714
4305,1776,1777
4306,1591,1592
4306,1713,1714
4306,1776,1777
4306,1804,1805
4307,1467,1468
4307,1499,1500
4307,1521,1522
4307,1776,1777
4308,1467,1468
4308,1499,1500
4308,1579,1580
4308,1776,1777
4309,1467,1468
4309,1579,1580
4309,1758,1759
4309,1776,1777
4310,1579,1580
4310,1591,1592
4310,1758,1759
4310,1776,1777
4311,1521,1522
4311,1674,1675
4311,1770,1771
4311,1776,1777
4312,1591,1592
4312,1674,1675
4312,1770,1771
4312,1776,1777
4313,1467,1468
4313,1521,1522
4313,1770,1771
4313,1776,1777
4314,1467,1468
4314,1758,1759
4314,1770,1771
4314,1776,1777
4315,1591,1592
4315,1758,1759
4315,1770,1771
4315,1776,1777
4316,1683,1684
4316,1713,1714
4316,1729,1730
4316,1804,1805
4317,1591,1592
4317,1713,1714
4317,1729,1730
4317,1804,1805
4318,1482,1483
4318,1729,1730
4318,1742,1743
4318,1821,1822
4319,1439,1440
4319,1440,1441
4319,1577,1578
4319,1760,1761
4320,1439,1440
4320,1577,1578
4320,1615,1616
4320,1760,1761
4321,1303,1304
4321,1577,1578
4321,1615,1616
4321,1760,1761
4322,1270,1271
4322,1303,1304
4322,1327,1328
4322,1412,1413
4323,1270,1271
4323,1303,1304
4323,1395,1396
4323,1498,1499
4324,1270,1271
4324,1303,1304
4324,1395,1396
4324,1412,1413
4325,1303,1304
4325,1395,1396
4325,1412,1413
4325,1595,1596
4326,1234,1235
4326,1303,1304
4326,1595,1596
4326,1615,1616
4327,1234,1235
4327,1303,1304
4327,1395,1396
4327,1595,1596
4328,1234,1235
4328,1303,1304
4328,1395,1396
4328,1498,1499
4329,1309,1310
4329,1418,1419
4329,1480,1481
4329,1598,1599
4330,1458,1459
4330,1523,1524
4330,1672,1673
4330,1838,1839
4331,1458,1459
4331,1462,1463
4331,1620,1621
4331,1820,1821
4332,1458,1459
4332,1476,1477
4332,1617,1618
4332,1620,1621
4333,1458,1459
4333,1462,1463
4333,1739,1740
4333,1820,1821
4334,1458,1459
4334,1476,1477
4334,1617,1618
4334,1847,1848
4335,1458,1459
4335,1523,1524
4335,1644,1645
4335,1847,1848
4336,1458,1459
4336,1523,1524
4336,1617,1618
4336,1847,1848
4337,1523,1524
4337,1736,1737
4337,1766,1767
4337,1819,1820
4338,1666,1667
4338,1673,1674
4338,1736,1737
4338,1766,1767
4339,1666,1667
4339,1736,1737
4339,1766,1767
4339,1791,1792
4340,1666,1667
4340,1766,1767
4340,1791,1792
4340,1819,1820
4341,1736,1737
4341,1766,1767
4341,1791,1792
4341,1819,1820
4342,1523,1524
4342,1736,1737
4342,1766,1767
4342,1838,1839
4343,1673,1674
4343,1736,1737
4343,1766,1767
4343,1838,1839
4344,1666,1667
4344,1762,1763
4344,1766,1767
4344,1819,1820
4345,1673,1674
4345,1694,1695
4345,1766,1767
4345,1838,1839
4346,1762,1763
4346,1766,1767
4346,1819,1820
4346,1843,1844
4347,1644,1645
4347,1766,1767
4347,1819,1820
4347,1843,1844
4348,1523,1524
4348,1644,1645
4348,1766,1767
4348,1819,1820
4349,1247,1248
4349,1319,1320
4349,1413,1414
4349,1433,1434
4350,1247,1248
4350,1319,1320
4350,1393,1394
4350,1433,1434
4351,1247,1248
4351,1289,1290
4351,1319,1320
4351,1413,1414
4352,1247,1248
4352,1264,1265
4352,1289,1290
4352,1319,1320
4353,1247,1248
4353,1319,1320
4353,1393,1394
4353,1516,1517
4354,1247,1248
4354,1264,1265
4354,1319,1320
4354,1516,1517
4355,1247,1248
4355,1252,1253
4355,1413,1414
4355,1429,1430
4356,1247,1248
4356,1289,1290
4356,1413,1414
4356,1429,1430
4357,1247,1248
4357,1264,1265
4357,1289,1290
4357,1429,1430
4358,1247,1248
4358,1264,1265
4358,1313,1314
4358,1429,1430
4359,1247,1248
4359,1252,1253
4359,1313,1314
4359,1429,1430
4360,1264,1265
4360,1451,1452
4360,1481,1482
4360,1535,1536
4361,1451,1452
4361,1481,1482
4361,1535,1536
4361,1604,1605
4362,1264,1265
4362,1351,1352
4362,1481,1482
4362,1535,1536
4363,1351,1352
4363,1481,1482
4363,1535,1536
4363,1604,1605
4364,1289,1290
4364,1331,1332
4364,1351,1352
4364,1535,1536
4365,1264,1265
4365,1289,1290
4365,1351,1352
4365,1535,1536
4366,1289,1290
4366,1331,1332
4366,1429,1430
4366,1535,1536
4367,1264,1265
4367,1289,1290
4367,1429,1430
4367,1535,1536
4368,1331,1332
4368,1367,1368
4368,1437,1438
4368,1535,1536
4369,1331,1332
4369,1351,1352
4369,1367,1368
4369,1535,1536
4370,1367,1368
4370,1437,1438
4370,1535,1536
4370,1604,1605
4371,1351,1352
4371,1367,1368
4371,1535,1536
4371,1604,1605
4372,1331,1332
4372,1385,1386
4372,1437,1438
4372,1535,1536
4373,1437,1438
4373,1535,1536
4373,1604,1605
4373,1829,1830
4374,1451,1452
4374,1535,1536
4374,1604,1605
4374,1829,1830
4375,1385,1386
4375,1437,1438
4375,1448,1449
4375,1535,1536
4376,1437,1438
4376,1448,1449
4376,1535,1536
4376,1829,1830
4377,1138,1139
4377,1305,1306
4377,1403,1404
4377,1525,1526
4378,1138,1139
4378,1151,1152
4378,1403,1404
4378,1525,1526
4379,1138,1139
4379,1305,1306
4379,1413,1414
4379,1525,1526
4380,1138,1139
4380,1413,1414
4380,1433,1434
4380,1525,1526
4381,1122,1123
4381,1139,1140
4381,1183,1184
4381,1273,1274
4382,928,929
4382,1122,1123
4382,1139,1140
4382,1183,1184
4383,928,929
4383,1132,1133
4383,1139,1140
4383,1183,1184
4384,1507,1508
4384,1662,1663
4384,1711,1712
4384,1846,1847
4385,1507,1508
4385,1662,1663
4385,1711,1712
4385,1792,1793
4386,1507,1508
4386,1662,1663
4386,1789,1790
4386,1846,1847
4387,1451,1452
4387,1507,1508
4387,1662,1663
4387,1789,1790
4388,1444,1445
4388,1451,1452
4388,1507,1508
4388,1662,1663
4389,1444,1445
4389,1507,1508
4389,1662,1663
4389,1792,1793
4390,1507,1508
4390,1612,1613
4390,1789,1790
4390,1846,1847
4391,1451,1452
4391,1507,1508
4391,1612,1613
4391,1789,1790
4392,1507,1508
4392,1612,1613
4392,1664,1665
4392,1846,1847
4393,1444,1445
4393,1451,1452
4393,1457,1458
4393,1507,1508
4394,1507,1508
4394,1664,1665
4394,1806,1807
4394,1846,1847
4395,1629,1630
4395,1670,1671
4395,1711,1712
4395,1824,1825
4396,1629,1630
4396,1711,1712
4396,1792,1793
4396,1824,1825
4397,1629,1630
4397,1680,1681
4397,1792,1793
4397,1824,1825
4398,1629,1630
4398,1653,1654
4398,1670,1671
4398,1824,1825
4399,1629,1630
4399,1653,1654
4399,1680,1681
4399,1824,1825
4400,1648,1649
4400,1653,1654
4400,1670,1671
4400,1824,1825
4401,1648,1649
4401,1653,1654
4401,1680,1681
4401,1824,1825
4402,1663,1664
4402,1680,1681
4402,1792,1793
4402,1824,1825
4403,1648,1649
4403,1680,1681
4403,1682,1683
4403,1824,1825
4404,1663,1664
4404,1680,1681
4404,1682,1683
4404,1824,1825
4405,1648,1649
4405,1663,1664
4405,1682,1683
4405,1824,1825
4406,1028,1029
4406,1049,1050
4406,1086,1087
4406,1091,1092
4407,1028,1029
4407,1086,1087
4407,1091,1092
4407,1193,1194
4408,1028,1029
4408,1049,1050
4408,1086,1087
4408,1225,1226
4409,1028,1029
4409,1086,1087
4409,1189,1190
4409,1225,1226
4410,1028,1029
4410,1086,1087
4410,1189,1190
4410,1193,1194
4411,1028,1029
4411,1049,1050
4411,1091,1092
4411,1098,1099
4412,914,915
4412,1028,1029
4412,1189,1190
4412,1225,1226
4413,892,893
4413,909,910
4413,1115,1116
4413,1206,1207
4414,909,910
4414,978,979
4414,1206,1207
4414,1221,1222
4415,909,910
4415,1115,1116
4415,1206,1207
4415,1221,1222
4416,909,910
4416,1019,1020
4416,1115,1116
4416,1221,1222
4417,870,871
4417,909,910
4417,978,979
4417,1221,1222
4418,870,871
4418,909,910
4418,1019,1020
4418,1221,1222
4419,909,910
4419,1028,1029
4419,1091,1092
4419,1193,1194
4420,870,871
4420,909,910
4420,1019,1020
4420,1193,1194
4421,909,910
4421,1019,1020
4421,1091,1092
4421,1193,1194
4422,909,910
4422,1019,1020
4422,1091,1092
4422,1115,1116
4423,1294,1295
4423,1337,1338
4423,1350,1351
4423,1415,1416
4424,1166,1167
4424,1294,1295
4424,1337,1338
4424,1350,1351
4425,1241,1242
4425,1337,1338
4425,1393,1394
4425,1550,1551
4426,135,136
4426,323,324
4426,363,364
4426,365,366
4427,178,179
4427,275,276
4427,343,344
4427,363,364
4428,178,179
4428,184,185
4428,275,276
4428,363,364
4429,131,132
4429,275,276
4429,323,324
4429,363,364
4430,131,132
4430,135,136
4430,323,324
4430,363,364
4431,131,132
4431,184,185
4431,275,276
4431,363,364
4432,131,132
4432,135,136
4432,184,185
4432,363,364
4433,275,276
4433,329,330
4433,343,344
4433,363,364
4434,275,276
4434,323,324
4434,329,330
4434,363,364
4435,323,324
4435,329,330
4435,343,344
4435,363,364
4436,250,251
4436,367,368
4436,402,403
4436,591,592
4437,509,510
4437,594,595
4437,610,611
4437,636,637
4438,345,346
4438,509,510
4438,610,611
4438,636,637
4439,430,431
4439,509,510
4439,594,595
4439,610,611
4440,408,409
4440,430,431
4440,509,510
4440,610,611
4441,209,210
4441,323,324
4441,334,335
4441,365,366
4442,4,5
4442,215,216
4442,309,310
4442,334,335
4443,13,14
4443,215,216
4443,334,335
4443,365,366
4444,13,14
4444,209,210
4444,334,335
4444,365,366
4445,4,5
4445,13,14
4445,215,216
4445,334,335
4446,4,5
4446,13,14
4446,209,210
4446,334,335
4447,66,67
4447,275,276
4447,404,405
4447,507,508
4448,66,67
4448,178,179
4448,275,276
4448,404,405
4449,66,67
4449,241,242
4449,275,276
4449,507,508
4450,66,67
4450,156,157
4450,178,179
4450,275,276
4451,289,290
4451,332,333
4451,353,354
4451,475,476
4452,336,337
4452,353,354
4452,475,476
4452,543,544
4453,289,290
4453,353,354
4453,475,476
4453,543,544
4454,288,289
4454,336,337
4454,353,354
4454,475,476
4455,288,289
4455,332,333
4455,339,340
4455,475,476
4456,288,289
4456,332,333
4456,353,354
4456,475,476
4457,294,295
4457,336,337
4457,475,476
4457,543,544
4458,289,290
4458,294,295
4458,475,476
4458,543,544
4459,234,235
4459,288,289
4459,339,340
4459,475,476
4460,234,235
4460,298,299
4460,339,340
4460,475,476
4461,298,299
4461,339,340
4461,383,384
4461,475,476
4462,332,333
4462,339,340
4462,383,384
4462,475,476
4463,289,290
4463,332,333
4463,383,384
4463,475,476
4464,288,289
4464,336,337
4464,349,350
4464,475,476
4465,234,235
4465,288,289
4465,349,350
4465,475,476
4466,46,47
4466,235,236
4466,409,410
4466,557,558
4467,235,236
4467,293,294
4467,409,410
4467,557,558
4468,46,47
4468,147,148
4468,409,410
4468,557,558
4469,147,148
4469,293,294
4469,409,410
4469,557,558
4470,293,294
4470,387,388
4470,431,432
4470,557,558
4471,147,148
4471,405,406
4471,431,432
4471,557,558
4472,46,47
4472,147,148
4472,405,406
4472,557,558
4473,147,148
4473,431,432
4473,557,558
4473,566,567
4474,147,148
4474,293,294
4474,557,558
4474,566,567
4475,293,294
4475,431,432
4475,557,558
4475,566,567
4476,383,384
4476,387,388
4476,398,399
4476,557,558
4477,235,236
4477,331,332
4477,383,384
4477,557,558
4478,46,47
4478,235,236
4478,331,332
4478,557,558
4479,387,388
4479,398,399
4479,431,432
4479,557,558
4480,331,332
4480,383,384
4480,391,392
4480,557,558
4481,46,47
4481,331,332
4481,391,392
4481,557,558
4482,46,47
4482,391,392
4482,405,406
4482,557,558
4483,391,392
4483,398,399
4483,405,406
4483,557,558
4484,81,82
4484,383,384
4484,391,392
4484,557,558
4485,81,82
4485,391,392
4485,398,399
4485,557,558
4486,81,82
4486,383,384
4486,398,399
4486,557,558
4487,254,255
4487,293,294
4487,460,461
4487,647,648
4488,254,255
4488,460,461
4488,641,642
4488,647,648
4489,254,255
4489,293,294
4489,641,642
4489,647,648
4490,254,255
4490,293,294
4490,387,388
4490,641,642
4491,254,255
4491,298,299
4491,383,384
4491,542,543
4492,254,255
4492,460,461
4492,479,480
4492,539,540
4493,254,255
4493,460,461
4493,539,540
4493,641,642
4494,254,255
4494,383,384
4494,387,388
4494,557,558
4495,254,255
4495,293,294
4495,387,388
4495,557,558
4496,254,255
4496,289,290
4496,383,384
4496,387,388
4497,254,255
4497,289,290
4497,387,388
4497,641,642
4498,254,255
4498,265,266
4498,298,299
4498,479,480
4499,254,255
4499,265,266
4499,460,461
4499,479,480
4500,254,255
4500,265,266
4500,298,299
4500,542,543
4501,254,255
4501,265,266
4501,460,461
4501,542,543
4502,235,236
4502,254,255
4502,460,461
4502,542,543
4503,235,236
4503,254,255
4503,293,294
4503,460,461
4504,235,236
4504,254,255
4504,383,384
4504,542,543
4505,235,236
4505,254,255
4505,383,384
4505,557,558
4506,235,236
4506,254,255
4506,293,294
4506,557,558
4507,254,255
4507,298,299
4507,383,384
4507,475,476
4508,254,255
4508,289,290
4508,383,384
4508,475,476
4509,254,255
4509,294,295
4509,298,299
4509,479,480
4510,254,255
4510,294,295
4510,298,299
4510,475,476
4511,254,255
4511,289,290
4511,294,295
4511,475,476
4512,231,232
4512,337,338
4512,393,394
4512,504,505
4513,231,232
4513,393,394
4513,504,505
4513,546,547
4514,337,338
4514,393,394
4514,504,505
4514,601,602
4515,393,394
4515,504,505
4515,546,547
4515,601,602
4516,231,232
4516,337,338
4516,393,394
4516,429,430
4517,393,394
4517,532,533
4517,546,547
4517,601,602
4518,393,394
4518,532,533
4518,587,588
4518,635,636
4519,393,394
4519,532,533
4519,546,547
4519,587,588
4520,247,248
4520,282,283
4520,379,380
4520,399,400
4521,208,209
4521,247,248
4521,282,283
4521,379,380
4522,273,274
4522,282,283
4522,399,400
4522,431,432
4523,247,248
4523,273,274
4523,282,283
4523,399,400
4524,273,274
4524,282,283
4524,405,406
4524,431,432
4525,247,248
4525,273,274
4525,282,283
4525,405,406
4526,282,283
4526,387,388
4526,398,399
4526,431,432
4527,282,283
4527,387,388
4527,398,399
4527,613,614
4528,282,283
4528,405,406
4528,431,432
4528,557,558
4529,282,283
4529,398,399
4529,431,432
4529,557,558
4530,282,283
4530,398,399
4530,405,406
4530,557,558
4531,488,489
4531,546,547
4531,584,585
4531,587,588
4532,422,423
4532,488,489
4532,546,547
4532,584,585
4533,422,423
4533,488,489
4533,584,585
4533,613,614
4534,393,394
4534,584,585
4534,587,588
4534,635,636
4535,393,394
4535,546,547
4535,584,585
4535,587,588
4536,231,232
4536,422,423
4536,546,547
4536,584,585
4537,387,388
4537,422,423
4537,584,585
4537,613,614
4538,282,283
4538,387,388
4538,584,585
4538,613,614
4539,231,232
4539,393,394
4539,546,547
4539,584,585
4540,282,283
4540,387,388
4540,431,432
4540,584,585
4541,393,394
4541,399,400
4541,584,585
4541,635,636
4542,231,232
4542,387,388
4542,431,432
4542,584,585
4543,231,232
4543,387,388
4543,422,423
4543,584,585
4544,282,283
4544,399,400
4544,431,432
4544,584,585
4545,399,400
4545,429,430
4545,431,432
4545,584,585
4546,231,232
4546,429,430
4546,431,432
4546,584,585
4547,393,394
4547,399,400
4547,429,430
4547,584,585
4548,231,232
4548,393,394
4548,429,430
4548,584,585
4549,30,31
4549,172,173
4549,207,208
4549,388,389
4550,30,31
4550,141,142
4550,172,173
4550,207,208
4551,30,31
4551,55,56
4551,101,102
4551,141,142
4552,30,31
4552,101,102
4552,141,142
4552,342,343
4553,30,31
4553,55,56
4553,141,142
4553,172,173
4554,30,31
4554,55,56
4554,101,102
4554,104,105
4555,30,31
4555,55,56
4555,104,105
4555,172,173
4556,30,31
4556,80,81
4556,388,389
4556,400,401
4557,30,31
4557,80,81
4557,101,102
4557,104,105
4558,30,31
4558,96,97
4558,172,173
4558,388,389
4559,30,31
4559,96,97
4559,104,105
4559,172,173
4560,30,31
4560,80,81
4560,96,97
4560,388,389
4561,30,31
4561,80,81
4561,96,97
4561,104,105
4562,9,10
4562,65,66
4562,187,188
4562,218,219
4563,65,66
4563,114,115
4563,187,188
4563,218,219
4564,9,10
4564,99,100
4564,187,188
4564,218,219
4565,9,10
4565,15,16
4565,99,100
4565,218,219
4566,114,115
4566,187,188
4566,218,219
4566,401,402
4567,27,28
4567,50,51
4567,114,115
4567,218,219
4568,50,51
4568,52,53
4568,218,219
4568,295,296
4569,50,51
4569,52,53
4569,218,219
4569,400,401
4570,27,28
4570,50,51
4570,218,219
4570,400,401
4571,50,51
4571,114,115
4571,218,219
4571,401,402
4572,50,51
4572,218,219
4572,295,296
4572,401,402
4573,52,53
4573,218,219
4573,262,263
4573,295,296
4574,243,244
4574,406,407
4574,457,458
4574,583,584
4575,243,244
4575,457,458
4575,465,466
4575,583,584
4576,233,234
4576,406,407
4576,457,458
4576,562,563
4577,406,407
4577,457,458
4577,562,563
4577,583,584
4578,256,257
4578,443,444
4578,455,456
4578,457,458
4579,243,244
4579,455,456
4579,457,458
4579,587,588
4580,443,444
4580,455,456
4580,457,458
4580,587,588
4581,256,257
4581,443,444
4581,457,458
4581,774,775
4582,443,444
4582,457,458
4582,465,466
4582,774,775
4583,243,244
4583,457,458
4583,465,466
4583,587,588
4584,443,444
4584,457,458
4584,465,466
4584,587,588
4585,457,458
4585,465,466
4585,526,527
4585,774,775
4586,457,458
4586,526,527
4586,579,580
4586,774,775
4587,233,234
4587,256,257
4587,457,458
4587,577,578
4588,256,257
4588,457,458
4588,577,578
4588,774,775
4589,233,234
4589,457,458
4589,577,578
4589,579,580
4590,457,458
4590,577,578
4590,579,580
4590,774,775
4591,465,466
4591,526,527
4591,622,623
4591,689,690
4592,465,466
4592,583,584
4592,622,623
4592,689,690
4593,526,527
4593,614,615
4593,622,623
4593,689,690
4594,457,458
4594,465,466
4594,526,527
4594,622,623
4595,457,458
4595,465,466
4595,583,584
4595,622,623
4596,457,458
4596,526,527
4596,579,580
4596,622,623
4597,526,527
4597,579,580
4597,614,615
4597,622,623
4598,406,407
4598,562,563
4598,583,584
4598,622,623
4599,457,458
4599,562,563
4599,583,584
4599,622,623
4600,579,580
4600,595,596
4600,614,615
4600,622,623
4601,562,563
4601,579,580
4601,595,596
4601,622,623
4602,233,234
4602,562,563
4602,579,580
4602,622,623
4603,233,234
4603,457,458
4603,579,580
4603,622,623
4604,233,234
4604,457,458
4604,562,563
4604,622,623
4605,39,40
4605,246,247
4605,356,357
4605,361,362
4606,39,40
4606,208,209
4606,246,247
4606,361,362
4607,39,40
4607,212,213
4607,338,339
4607,356,357
4608,39,40
4608,338,339
4608,356,357
4608,361,362
4609,39,40
4609,100,101
4609,212,213
4609,356,357
4610,39,40
4610,100,101
4610,246,247
4610,307,308
4611,39,40
4611,100,101
4611,246,247
4611,356,357
4612,39,40
4612,93,94
4612,246,247
4612,307,308
4613,39,40
4613,93,94
4613,208,209
4613,246,247
4614,39,40
4614,68,69
4614,100,101
4614,212,213
4615,39,40
4615,68,69
4615,100,101
4615,307,308
4616,39,40
4616,68,69
4616,212,213
4616,230,231
4617,39,40
4617,68,69
4617,230,231
4617,307,308
4618,39,40
4618,93,94
4618,230,231
4618,307,308
4619,39,40
4619,93,94
4619,208,209
4619,230,231
4620,266,267
4620,317,318
4620,364,365
4620,379,380
4621,266,267
4621,317,318
4621,361,362
4621,364,365
4622,246,247
4622,266,267
4622,364,365
4622,379,380
4623,246,247
4623,266,267
4623,361,362
4623,364,365
4624,208,209
4624,266,267
4624,361,362
4624,613,614
4625,208,209
4625,246,247
4625,266,267
4625,379,380
4626,208,209
4626,246,247
4626,266,267
4626,361,362
4627,266,267
4627,317,318
4627,379,380
4627,635,636
4628,266,267
4628,282,283
4628,584,585
4628,613,614
4629,266,267
4629,361,362
4629,455,456
4629,613,614
4630,208,209
4630,266,267
4630,282,283
4630,379,380
4631,208,209
4631,266,267
4631,282,283
4631,613,614
4632,266,267
4632,317,318
4632,587,588
4632,635,636
4633,266,267
4633,584,585
4633,587,588
4633,635,636
4634,266,267
4634,379,380
4634,399,400
4634,635,636
4635,266,267
4635,399,400
4635,584,585
4635,635,636
4636,266,267
4636,488,489
4636,584,585
4636,587,588
4637,266,267
4637,488,489
4637,584,585
4637,613,614
4638,266,267
4638,282,283
4638,379,380
4638,399,400
4639,266,267
4639,282,283
4639,399,400
4639,584,585
4640,243,244
4640,266,267
4640,317,318
4640,587,588
4641,243,244
4641,266,267
4641,455,456
4641,587,588
4642,243,244
4642,266,267
4642,317,318
4642,361,362
4643,243,244
4643,266,267
4643,361,362
4643,455,456
4644,266,267
4644,455,456
4644,488,489
4644,587,588
4645,266,267
4645,455,456
4645,488,489
4645,613,614
4646,39,40
4646,115,116
4646,338,339
4646,361,362
4647,115,116
4647,338,339
4647,361,362
4647,462,463
4648,115,116
4648,351,352
4648,361,362
4648,462,463
4649,11,12
4649,115,116
4649,351,352
4649,361,362
4650,4,5
4650,115,116
4650,338,339
4650,462,463
4651,4,5
4651,115,116
4651,144,145
4651,338,339
4652,115,116
4652,144,145
4652,212,213
4652,338,339
4653,39,40
4653,115,116
4653,212,213
4653,338,339
4654,11,12
4654,51,52
4654,115,116
4654,351,352
4655,4,5
4655,115,116
4655,310,311
4655,462,463
4656,115,116
4656,310,311
4656,351,352
4656,462,463
4657,11,12
4657,115,116
4657,208,209
4657,361,362
4658,115,116
4658,310,311
4658,351,352
4658,395,396
4659,51,52
4659,115,116
4659,351,352
4659,395,396
4660,250,251
4660,346,347
4660,521,522
4660,633,634
4661,250,251
4661,521,522
4661,605,606
4661,633,634
4662,250,251
4662,346,347
4662,367,368
4662,633,634
4663,521,522
4663,605,606
4663,633,634
4663,638,639
4664,250,251
4664,509,510
4664,605,606
4664,633,634
4665,521,522
4665,569,570
4665,633,634
4665,638,639
4666,346,347
4666,521,522
4666,569,570
4666,633,634
4667,552,553
4667,569,570
4667,633,634
4667,638,639
4668,346,347
4668,552,553
4668,569,570
4668,633,634
4669,367,368
4669,552,553
4669,617,618
4669,633,634
4670,552,553
4670,633,634
4670,638,639
4670,769,770
4671,552,553
4671,617,618
4671,633,634
4671,769,770
4672,346,347
4672,552,553
4672,573,574
4672,633,634
4673,367,368
4673,552,553
4673,573,574
4673,633,634
4674,346,347
4674,367,368
4674,573,574
4674,633,634
4675,491,492
4675,605,606
4675,633,634
4675,638,639
4676,491,492
4676,633,634
4676,638,639
4676,769,770
4677,491,492
4677,509,510
4677,605,606
4677,633,634
4678,617,618
4678,633,634
4678,721,722
4678,769,770
4679,491,492
4679,509,510
4679,633,634
4679,721,722
4680,491,492
4680,633,634
4680,721,722
4680,769,770
4681,441,442
4681,466,467
4681,561,562
4681,586,587
4682,441,442
4682,551,552
4682,561,562
4682,586,587
4683,439,440
4683,441,442
4683,551,552
4683,836,837
4684,439,440
4684,441,442
4684,551,552
4684,786,787
4685,441,442
4685,551,552
4685,561,562
4685,786,787
4686,439,440
4686,441,442
4686,715,716
4686,836,837
4687,441,442
4687,466,467
4687,586,587
4687,640,641
4688,441,442
4688,640,641
4688,715,716
4688,836,837
4689,441,442
4689,466,467
4689,640,641
4689,715,716
4690,439,440
4690,441,442
4690,513,514
4690,715,716
4691,441,442
4691,466,467
4691,477,478
4691,715,716
4692,441,442
4692,477,478
4692,513,514
4692,715,716
4693,535,536
4693,561,562
4693,586,587
4693,699,700
4694,535,536
4694,561,562
4694,628,629
4694,699,700
4695,561,562
4695,628,629
4695,699,700
4695,786,787
4696,551,552
4696,561,562
4696,586,587
4696,699,700
4697,551,552
4697,561,562
4697,699,700
4697,786,787
4698,551,552
4698,699,700
4698,749,750
4698,786,787
4699,628,629
4699,699,700
4699,749,750
4699,786,787
4700,639,640
4700,699,700
4700,745,746
4700,803,804
4701,628,629
4701,639,640
4701,699,700
4701,745,746
4702,523,524
4702,699,700
4702,745,746
4702,749,750
4703,523,524
4703,628,629
4703,699,700
4703,745,746
4704,523,524
4704,628,629
4704,699,700
4704,749,750
4705,444,445
4705,534,535
4705,626,627
4705,818,819
4706,432,433
4706,534,535
4706,626,627
4706,818,819
4707,444,445
4707,533,534
4707,534,535
4707,626,627
4708,432,433
4708,533,534
4708,534,535
4708,626,627
4709,444,445
4709,501,502
4709,534,535
4709,818,819
4710,285,286
4710,444,445
4710,501,502
4710,534,535
4711,285,286
4711,444,445
4711,534,535
4711,538,539
4712,444,445
4712,533,534
4712,534,535
4712,538,539
4713,432,433
4713,533,534
4713,534,535
4713,798,799
4714,330,331
4714,501,502
4714,534,535
4714,818,819
4715,285,286
4715,330,331
4715,501,502
4715,534,535
4716,285,286
4716,397,398
4716,534,535
4716,538,539
4717,397,398
4717,533,534
4717,534,535
4717,538,539
4718,330,331
4718,534,535
4718,588,589
4718,649,650
4719,330,331
4719,534,535
4719,649,650
4719,818,819
4720,534,535
4720,588,589
4720,649,650
4720,701,702
4721,534,535
4721,649,650
4721,705,706
4721,818,819
4722,432,433
4722,534,535
4722,705,706
4722,818,819
4723,489,490
4723,534,535
4723,588,589
4723,798,799
4724,489,490
4724,533,534
4724,534,535
4724,798,799
4725,534,535
4725,588,589
4725,701,702
4725,798,799
4726,432,433
4726,534,535
4726,701,702
4726,798,799
4727,330,331
4727,397,398
4727,534,535
4727,588,589
4728,285,286
4728,330,331
4728,397,398
4728,534,535
4729,397,398
4729,489,490
4729,534,535
4729,588,589
4730,397,398
4730,489,490
4730,533,534
4730,534,535
4731,534,535
4731,649,650
4731,701,702
4731,705,706
4732,432,433
4732,534,535
4732,701,702
4732,705,706
4733,658,659
4733,750,751
4733,766,767
4733,949,950
4734,658,659
4734,750,751
4734,766,767
4734,847,848
4735,851,852
4735,910,911
4735,1114,1115
4735,1194,1195
4736,851,852
4736,910,911
4736,1101,1102
4736,1114,1115
4737,910,911
4737,987,988
4737,1095,1096
4737,1194,1195
4738,851,852
4738,910,911
4738,987,988
4738,1107,1108
4739,851,852
4739,910,911
4739,1101,1102
4739,1107,1108
4740,853,854
4740,910,911
4740,1014,1015
4740,1095,1096
4741,853,854
4741,910,911
4741,987,988
4741,1107,1108
4742,853,854
4742,910,911
4742,1101,1102
4742,1107,1108
4743,910,911
4743,949,950
4743,1101,1102
4743,1114,1115
4744,910,911
4744,949,950
4744,1014,1015
4744,1114,1115
4745,853,854
4745,910,911
4745,949,950
4745,1101,1102
4746,853,854
4746,910,911
4746,949,950
4746,1014,1015
4747,853,854
4747,910,911
4747,946,947
4747,987,988
4748,853,854
4748,910,911
4748,946,947
4748,1095,1096
4749,910,911
4749,946,947
4749,987,988
4749,1095,1096
4750,987,988
4750,1097,1098
4750,1107,1108
4750,1323,1324
4751,1097,1098
4751,1107,1108
4751,1117,1118
4751,1307,1308
4752,1097,1098
4752,1107,1108
4752,1307,1308
4752,1323,1324
4753,1097,1098
4753,1229,1230
4753,1307,1308
4753,1323,1324
4754,987,988
4754,1097,1098
4754,1177,1178
4754,1323,1324
4755,987,988
4755,1097,1098
4755,1155,1156
4755,1177,1178
4756,1097,1098
4756,1123,1124
4756,1229,1230
4756,1323,1324
4757,1097,1098
4757,1123,1124
4757,1177,1178
4757,1323,1324
4758,1097,1098
4758,1123,1124
4758,1155,1156
4758,1177,1178
4759,0,1
4759,79,80
4759,118,119
4759,207,208
4760,0,1
4760,78,79
4760,79,80
4760,118,119
4761,6,7
4761,78,79
4761,79,80
4761,193,194
4762,6,7
4762,79,80
4762,137,138
4762,193,194
4763,0,1
4763,6,7
4763,79,80
4763,207,208
4764,0,1
4764,6,7
4764,78,79
4764,79,80
4765,79,80
4765,118,119
4765,172,173
4765,207,208
4766,63,64
4766,79,80
4766,172,173
4766,207,208
4767,6,7
4767,63,64
4767,79,80
4767,137,138
4768,6,7
4768,63,64
4768,79,80
4768,207,208
4769,777,778
4769,824,825
4769,866,867
4769,977,978
4770,777,778
4770,824,825
4770,832,833
4770,977,978
4771,623,624
4771,824,825
4771,832,833
4771,977,978
4772,529,530
4772,623,624
4772,824,825
4772,832,833
4773,450,451
4773,505,506
4773,623,624
4773,779,780
4774,450,451
4774,505,506
4774,592,593
4774,779,780
4775,421,422
4775,505,506
4775,592,593
4775,779,780
4776,350,351
4776,421,422
4776,505,506
4776,686,687
4777,350,351
4777,421,422
4777,505,506
4777,592,593
4778,484,485
4778,505,506
4778,529,530
4778,739,740
4779,484,485
4779,505,506
4779,686,687
4779,739,740
4780,421,422
4780,505,506
4780,686,687
4780,739,740
4781,505,506
4781,529,530
4781,779,780
4781,830,831
4782,505,506
4782,529,530
4782,739,740
4782,830,831
4783,421,422
4783,505,506
4783,779,780
4783,830,831
4784,421,422
4784,505,506
4784,739,740
4784,830,831
4785,7,8
4785,206,207
4785,224,225
4785,251,252
4786,95,96
4786,129,130
4786,206,207
4786,251,252
4787,7,8
4787,19,20
4787,251,252
4787,368,369
4788,7,8
4788,224,225
4788,251,252
4788,368,369
4789,19,20
4789,251,252
4789,368,369
4789,375,376
4790,224,225
4790,251,252
4790,368,369
4790,375,376
4791,67,68
4791,95,96
4791,226,227
4791,251,252
4792,7,8
4792,21,22
4792,206,207
4792,251,252
4793,7,8
4793,21,22
4793,129,130
4793,251,252
4794,21,22
4794,129,130
4794,206,207
4794,251,252
4795,95,96
4795,129,130
4795,226,227
4795,251,252
4796,67,68
4796,173,174
4796,251,252
4796,375,376
4797,19,20
4797,173,174
4797,251,252
4797,375,376
4798,7,8
4798,56,57
4798,129,130
4798,251,252
4799,56,57
4799,129,130
4799,226,227
4799,251,252
4800,67,68
4800,173,174
4800,226,227
4800,251,252
4801,7,8
4801,19,20
4801,56,57
4801,251,252
4802,19,20
4802,56,57
4802,173,174
4802,251,252
4803,56,57
4803,173,174
4803,226,227
4803,251,252
4804,341,342
4804,545,546
4804,590,591
4804,596,597
4805,232,233
4805,545,546
4805,590,591
4805,596,597
4806,232,233
4806,341,342
4806,545,546
4806,590,591
4807,294,295
4807,341,342
4807,590,591
4807,596,597
4808,232,233
4808,528,529
4808,590,591
4808,596,597
4809,232,233
4809,234,235
4809,366,367
4809,590,591
4810,232,233
4810,341,342
4810,366,367
4810,590,591
4811,294,295
4811,336,337
4811,341,342
4811,590,591
4812,234,235
4812,349,350
4812,366,367
4812,590,591
4813,341,342
4813,349,350
4813,366,367
4813,590,591
4814,294,295
4814,298,299
4814,528,529
4814,590,591
4815,294,295
4815,528,529
4815,590,591
4815,596,597
4816,294,295
4816,298,299
4816,475,476
4816,590,591
4817,234,235
4817,298,299
4817,475,476
4817,590,591
4818,294,295
4818,336,337
4818,475,476
4818,590,591
4819,336,337
4819,341,342
4819,349,350
4819,590,591
4820,234,235
4820,236,237
4820,298,299
4820,590,591
4821,236,237
4821,298,299
4821,528,529
4821,590,591
4822,232,233
4822,236,237
4822,528,529
4822,590,591
4823,336,337
4823,349,350
4823,475,476
4823,590,591
4824,234,235
4824,349,350
4824,475,476
4824,590,591
4825,232,233
4825,366,367
4825,417,418
4825,545,546
4826,232,233
4826,344,345
4826,390,391
4826,417,418
4827,74,75
4827,344,345
4827,390,391
4827,417,418
4828,366,367
4828,417,418
4828,435,436
4828,545,546
4829,232,233
4829,344,345
4829,417,418
4829,545,546
4830,366,367
4830,394,395
4830,417,418
4830,435,436
4831,299,300
4831,417,418
4831,435,436
4831,545,546
4832,299,300
4832,344,345
4832,417,418
4832,545,546
4833,260,261
4833,299,300
4833,344,345
4833,417,418
4834,74,75
4834,260,261
4834,344,345
4834,417,418
4835,74,75
4835,260,261
4835,394,395
4835,417,418
4836,222,223
4836,299,300
4836,417,418
4836,435,436
4837,222,223
4837,260,261
4837,299,300
4837,417,418
4838,222,223
4838,394,395
4838,417,418
4838,435,436
4839,222,223
4839,260,261
4839,394,395
4839,417,418
4840,103,104
4840,264,265
4840,313,314
4840,390,391
4841,264,265
4841,268,269
4841,313,314
4841,390,391
4842,232,233
4842,268,269
4842,313,314
4842,390,391
4843,232,233
4843,236,237
4843,268,269
4843,313,314
4844,113,114
4844,196,197
4844,264,265
4844,313,314
4845,84,85
4845,113,114
4845,196,197
4845,313,314
4846,113,114
4846,264,265
4846,268,269
4846,313,314
4847,113,114
4847,236,237
4847,268,269
4847,313,314
4848,84,85
4848,113,114
4848,236,237
4848,313,314
4849,84,85
4849,234,235
4849,236,237
4849,313,314
4850,89,90
4850,234,235
4850,313,314
4850,366,367
4851,84,85
4851,89,90
4851,234,235
4851,313,314
4852,232,233
4852,234,235
4852,313,314
4852,366,367
4853,234,235
4853,236,237
4853,313,314
4853,590,591
4854,232,233
4854,236,237
4854,313,314
4854,590,591
4855,232,233
4855,234,235
4855,313,314
4855,590,591
4856,259,260
4856,352,353
4856,386,387
4856,568,569
4857,259,260
4857,316,317
4857,386,387
4857,568,569
4858,259,260
4858,316,317
4858,352,353
4858,386,387
4859,321,322
4859,386,387
4859,420,421
4859,568,569
4860,321,322
4860,352,353
4860,386,387
4860,568,569
4861,321,322
4861,386,387
4861,392,393
4861,420,421
4862,321,322
4862,352,353
4862,386,387
4862,392,393
4863,348,349
4863,386,387
4863,392,393
4863,420,421
4864,316,317
4864,348,349
4864,386,387
4864,414,415
4865,316,317
4865,352,353
4865,386,387
4865,414,415
4866,348,349
4866,386,387
4866,392,393
4866,414,415
4867,352,353
4867,386,387
4867,392,393
4867,414,415
4868,15,16
4868,52,53
4868,271,272
4868,385,386
4869,52,53
4869,262,263
4869,271,272
4869,385,386
4870,15,16
4870,52,53
4870,218,219
4870,385,386
4871,52,53
4871,218,219
4871,262,263
4871,385,386
4872,262,263
4872,271,272
4872,335,336
4872,385,386
4873,89,90
4873,335,336
4873,349,350
4873,385,386
4874,262,263
4874,335,336
4874,349,350
4874,385,386
4875,271,272
4875,277,278
4875,335,336
4875,385,386
4876,204,205
4876,271,272
4876,277,278
4876,385,386
4877,140,141
4877,214,215
4877,296,297
4877,320,321
4878,140,141
4878,252,253
4878,320,321
4878,494,495
4879,140,141
4879,214,215
4879,320,321
4879,494,495
4880,252,253
4880,306,307
4880,320,321
4880,494,495
4881,252,253
4881,280,281
4881,306,307
4881,320,321
4882,252,253
4882,280,281
4882,320,321
4882,369,370
4883,280,281
4883,306,307
4883,320,321
4883,369,370
4884,306,307
4884,320,321
4884,369,370
4884,402,403
4885,241,242
4885,320,321
4885,369,370
4885,402,403
4886,241,242
4886,320,321
4886,402,403
4886,507,508
4887,278,279
4887,281,282
4887,378,379
4887,494,495
4888,214,215
4888,278,279
4888,281,282
4888,494,495
4889,214,215
4889,281,282
4889,320,321
4889,494,495
4890,278,279
4890,281,282
4890,378,379
4890,392,393
4891,214,215
4891,278,279
4891,281,282
4891,392,393
4892,281,282
4892,306,307
4892,378,379
4892,494,495
4893,281,282
4893,306,307
4893,320,321
4893,494,495
4894,281,282
4894,306,307
4894,320,321
4894,402,403
4895,281,282
4895,306,307
4895,367,368
4895,402,403
4896,281,282
4896,306,307
4896,367,368
4896,378,379
4897,281,282
4897,320,321
4897,402,403
4897,507,508
4898,241,242
4898,281,282
4898,320,321
4898,507,508
4899,281,282
4899,367,368
4899,378,379
4899,606,607
4900,281,282
4900,367,368
4900,402,403
4900,507,508
4901,281,282
4901,367,368
4901,507,508
4901,606,607
4902,283,284
4902,416,417
4902,424,425
4902,480,481
4903,283,284
4903,330,331
4903,416,417
4903,630,631
4904,283,284
4904,330,331
4904,416,417
4904,424,425
4905,283,284
4905,416,417
4905,502,503
4905,630,631
4906,377,378
4906,416,417
4906,424,425
4906,480,481
4907,330,331
4907,416,417
4907,588,589
4907,630,631
4908,330,331
4908,416,417
4908,424,425
4908,588,589
4909,283,284
4909,354,355
4909,416,417
4909,502,503
4910,283,284
4910,354,355
4910,416,417
4910,480,481
4911,377,378
4911,416,417
4911,424,425
4911,478,479
4912,416,417
4912,478,479
4912,588,589
4912,630,631
4913,416,417
4913,424,425
4913,478,479
4913,588,589
4914,238,239
4914,377,378
4914,416,417
4914,480,481
4915,238,239
4915,354,355
4915,416,417
4915,502,503
4916,238,239
4916,354,355
4916,416,417
4916,480,481
4917,325,326
4917,416,417
4917,502,503
4917,630,631
4918,325,326
4918,377,378
4918,416,417
4918,478,479
4919,238,239
4919,325,326
4919,416,417
4919,502,503
4920,238,239
4920,325,326
4920,377,378
4920,416,417
4921,416,417
4921,478,479
4921,598,599
4921,630,631
4922,325,326
4922,416,417
4922,478,479
4922,598,599
4923,416,417
4923,512,513
4923,598,599
4923,630,631
4924,325,326
4924,416,417
4924,512,513
4924,598,599
4925,325,326
4925,416,417
4925,512,513
4925,630,631
4926,5,6
4926,165,166
4926,202,203
4926,220,221
4927,165,166
4927,191,192
4927,202,203
4927,220,221
4928,48,49
4928,165,166
4928,191,192
4928,220,221
4929,48,49
4929,85,86
4929,165,166
4929,220,221
4930,5,6
4930,85,86
4930,165,166
4930,220,221
4931,5,6
4931,165,166
4931,196,197
4931,202,203
4932,113,114
4932,165,166
4932,191,192
4932,202,203
4933,113,114
4933,165,166
4933,191,192
4933,331,332
4934,46,47
4934,48,49
4934,165,166
4934,191,192
4935,46,47
4935,165,166
4935,191,192
4935,331,332
4936,113,114
4936,165,166
4936,196,197
4936,202,203
4937,5,6
4937,32,33
4937,165,166
4937,196,197
4938,48,49
4938,85,86
4938,165,166
4938,391,392
4939,46,47
4939,48,49
4939,165,166
4939,391,392
4940,46,47
4940,165,166
4940,331,332
4940,391,392
4941,84,85
4941,113,114
4941,165,166
4941,331,332
4942,84,85
4942,113,114
4942,165,166
4942,196,197
4943,5,6
4943,85,86
4943,165,166
4943,228,229
4944,1486,1487
4944,1487,1488
4944,1689,1690
4944,1797,1798
4945,1486,1487
4945,1689,1690
4945,1732,1733
4945,1797,1798
4946,1486,1487
4946,1487,1488
4946,1606,1607
4946,1689,1690
4947,1487,1488
4947,1689,1690
4947,1797,1798
4947,1823,1824
4948,1689,1690
4948,1797,1798
4948,1823,1824
4948,1834,1835
4949,1689,1690
4949,1732,1733
4949,1797,1798
4949,1834,1835
4950,1689,1690
4950,1732,1733
4950,1809,1810
4950,1834,1835
4951,1689,1690
4951,1810,1811
4951,1823,1824
4951,1834,1835
4952,1689,1690
4952,1809,1810
4952,1810,1811
4952,1834,1835
4953,1689,1690
4953,1727,1728
4953,1809,1810
4953,1810,1811
4954,1456,1457
4954,1486,1487
4954,1606,1607
4954,1689,1690
4955,1456,1457
4955,1486,1487
4955,1689,1690
4955,1732,1733
4956,1456,1457
4956,1504,1505
4956,1561,1562
4956,1613,1614
4957,1456,1457
4957,1504,1505
4957,1560,1561
4957,1561,1562
4958,1456,1457
4958,1561,1562
4958,1613,1614
4958,1807,1808
4959,1456,1457
4959,1486,1487
4959,1613,1614
4959,1807,1808
4960,1456,1457
4960,1561,1562
4960,1732,1733
4960,1807,1808
4961,1456,1457
4961,1486,1487
4961,1732,1733
4961,1807,1808
4962,1452,1453
4962,1456,1457
4962,1501,1502
4962,1606,1607
4963,1341,1342
4963,1456,1457
4963,1486,1487
4963,1613,1614
4964,1456,1457
4964,1468,1469
4964,1501,1502
4964,1606,1607
4965,1456,1457
4965,1468,1469
4965,1486,1487
4965,1606,1607
4966,1366,1367
4966,1456,1457
4966,1504,1505
4966,1613,1614
4967,1341,1342
4967,1366,1367
4967,1456,1457
4967,1613,1614
4968,1341,1342
4968,1456,1457
4968,1468,1469
4968,1501,1502
4969,1341,1342
4969,1456,1457
4969,1468,1469
4969,1486,1487
4970,1647,1648
4970,1732,1733
4970,1775,1776
4970,1795,1796
4971,1732,1733
4971,1775,1776
4971,1795,1796
4971,1834,1835
4972,1748,1749
4972,1775,1776
4972,1834,1835
4972,1836,1837
4973,1668,1669
4973,1748,1749
4973,1775,1776
4973,1836,1837
4974,1639,1640
4974,1647,1648
4974,1712,1713
4974,1775,1776
4975,1639,1640
4975,1668,1669
4975,1712,1713
4975,1775,1776
4976,1732,1733
4976,1775,1776
4976,1809,1810
4976,1834,1835
4977,1748,1749
4977,1775,1776
4977,1809,1810
4977,1834,1835
4978,1668,1669
4978,1712,1713
4978,1719,1720
4978,1775,1776
4979,1668,1669
4979,1719,1720
4979,1748,1749
4979,1775,1776
4980,1712,1713
4980,1719,1720
4980,1748,1749
4980,1775,1776
4981,1639,1640
4981,1668,1669
4981,1724,1725
4981,1849,1850
4982,1668,1669
4982,1724,1725
4982,1836,1837
4982,1849,1850
4983,1639,1640
4983,1668,1669
4983,1724,1725
4983,1775,1776
4984,1668,1669
4984,1724,1725
4984,1775,1776
4984,1836,1837
4985,1639,1640
4985,1647,1648
4985,1724,1725
4985,1775,1776
4986,1724,1725
4986,1813,1814
4986,1836,1837
4986,1849,1850
4987,1647,1648
4987,1724,1725
4987,1775,1776
4987,1795,1796
4988,1724,1725
4988,1775,1776
4988,1795,1796
4988,1834,1835
4989,1724,1725
4989,1775,1776
4989,1834,1835
4989,1836,1837
4990,1654,1655
4990,1724,1725
4990,1813,1814
4990,1836,1837
4991,1654,1655
4991,1724,1725
4991,1795,1796
4991,1834,1835
4992,1654,1655
4992,1724,1725
4992,1834,1835
4992,1836,1837
4993,25,26
4993,33,34
4993,41,42
4993,160,161
4994,25,26
4994,33,34
4994,53,54
4994,160,161
4995,3,4
4995,47,48
4995,160,161
4995,210,211
4996,3,4
4996,53,54
4996,160,161
4996,210,211
4997,25,26
4997,53,54
4997,160,161
4997,210,211
4998,43,44
4998,47,48
4998,160,161
4998,210,211
4999,25,26
4999,43,44
4999,160,161
4999,210,211
5000,123,124
5000,143,144
5000,185,186
5000,189,190
5001,123,124
5001,143,144
5001,206,207
5001,224,225
5002,123,124
5002,143,144
5002,206,207
5002,217,218
5003,99,100
5003,123,124
5003,206,207
5003,217,218
5004,123,124
5004,143,144
5004,189,190
5004,217,218
5005,99,100
5005,123,124
5005,189,190
5005,217,218
5006,9,10
5006,92,93
5006,123,124
5006,189,190
5007,9,10
5007,92,93
5007,99,100
5007,123,124
5008,9,10
5008,99,100
5008,123,124
5008,189,190
5009,123,124
5009,171,172
5009,224,225
5009,304,305
5010,59,60
5010,123,124
5010,143,144
5010,224,225
5011,59,60
5011,123,124
5011,143,144
5011,185,186
5012,123,124
5012,159,160
5012,171,172
5012,304,305
5013,123,124
5013,159,160
5013,171,172
5013,185,186
5014,41,42
5014,123,124
5014,159,160
5014,185,186
5015,41,42
5015,92,93
5015,123,124
5015,159,160
5016,41,42
5016,123,124
5016,185,186
5016,189,190
5017,59,60
5017,123,124
5017,171,172
5017,224,225
5018,59,60
5018,123,124
5018,171,172
5018,185,186
5019,75,76
5019,92,93
5019,123,124
5019,189,190
5020,41,42
5020,75,76
5020,92,93
5020,123,124
5021,41,42
5021,75,76
5021,123,124
5021,189,190
5022,99,100
5022,123,124
5022,304,305
5022,384,385
5023,92,93
5023,99,100
5023,123,124
5023,384,385
5024,32,33
5024,92,93
5024,99,100
5024,384,385
5025,32,33
5025,89,90
5025,99,100
5025,384,385
5026,32,33
5026,92,93
5026,196,197
5026,384,385
5027,25,26
5027,92,93
5027,107,108
5027,384,385
5028,25,26
5028,107,108
5028,196,197
5028,384,385
5029,25,26
5029,92,93
5029,196,197
5029,384,385
5030,107,108
5030,159,160
5030,304,305
5030,384,385
5031,123,124
5031,159,160
5031,304,305
5031,384,385
5032,92,93
5032,107,108
5032,159,160
5032,384,385
5033,92,93
5033,123,124
5033,159,160
5033,384,385
5034,103,104
5034,107,108
5034,304,305
5034,384,385
5035,107,108
5035,196,197
5035,264,265
5035,384,385
5036,196,197
5036,264,265
5036,313,314
5036,384,385
5037,32,33
5037,84,85
5037,89,90
5037,384,385
5038,84,85
5038,89,90
5038,313,314
5038,384,385
5039,32,33
5039,84,85
5039,196,197
5039,384,385
5040,84,85
5040,196,197
5040,313,314
5040,384,385
5041,103,104
5041,107,108
5041,264,265
5041,384,385
5042,103,104
5042,264,265
5042,313,314
5042,384,385
5043,30,31
5043,141,142
5043,152,153
5043,207,208
5044,17,18
5044,140,141
5044,152,153
5044,211,212
5045,30,31
5045,141,142
5045,152,153
5045,342,343
5046,152,153
5046,207,208
5046,211,212
5046,388,389
5047,30,31
5047,152,153
5047,207,208
5047,388,389
5048,30,31
5048,152,153
5048,388,389
5048,400,401
5049,52,53
5049,152,153
5049,211,212
5049,388,389
5050,52,53
5050,140,141
5050,152,153
5050,211,212
5051,52,53
5051,152,153
5051,388,389
5051,400,401
5052,12,13
5052,17,18
5052,376,377
5052,415,416
5053,12,13
5053,102,103
5053,376,377
5053,415,416
5054,17,18
5054,117,118
5054,376,377
5054,415,416
5055,12,13
5055,102,103
5055,319,320
5055,415,416
5056,86,87
5056,117,118
5056,376,377
5056,415,416
5057,86,87
5057,102,103
5057,376,377
5057,415,416
5058,12,13
5058,17,18
5058,296,297
5058,415,416
5059,12,13
5059,296,297
5059,319,320
5059,415,416
5060,0,1
5060,86,87
5060,117,118
5060,415,416
5061,0,1
5061,86,87
5061,102,103
5061,415,416
5062,17,18
5062,117,118
5062,211,212
5062,415,416
5063,17,18
5063,152,153
5063,211,212
5063,415,416
5064,0,1
5064,117,118
5064,207,208
5064,415,416
5065,17,18
5065,140,141
5065,296,297
5065,415,416
5066,17,18
5066,140,141
5066,152,153
5066,415,416
5067,140,141
5067,152,153
5067,296,297
5067,415,416
5068,117,118
5068,207,208
5068,211,212
5068,415,416
5069,152,153
5069,207,208
5069,211,212
5069,415,416
5070,0,1
5070,141,142
5070,207,208
5070,415,416
5071,141,142
5071,152,153
5071,207,208
5071,415,416
5072,108,109
5072,141,142
5072,319,320
5072,415,416
5073,102,103
5073,108,109
5073,319,320
5073,415,416
5074,0,1
5074,108,109
5074,141,142
5074,415,416
5075,0,1
5075,102,103
5075,108,109
5075,415,416
5076,141,142
5076,319,320
5076,342,343
5076,415,416
5077,296,297
5077,319,320
5077,342,343
5077,415,416
5078,141,142
5078,152,153
5078,342,343
5078,415,416
5079,152,153
5079,296,297
5079,342,343
5079,415,416
5080,71,72
5080,179,180
5080,319,320
5080,342,343
5081,71,72
5081,108,109
5081,141,142
5081,319,320
5082,71,72
5082,141,142
5082,319,320
5082,342,343
5083,71,72
5083,108,109
5083,141,142
5083,158,159
5084,71,72
5084,90,91
5084,108,109
5084,158,159
5085,42,43
5085,71,72
5085,90,91
5085,134,135
5086,71,72
5086,156,157
5086,179,180
5086,342,343
5087,71,72
5087,101,102
5087,141,142
5087,342,343
5088,42,43
5088,71,72
5088,90,91
5088,158,159
5089,55,56
5089,71,72
5089,141,142
5089,158,159
5090,55,56
5090,71,72
5090,101,102
5090,141,142
5091,71,72
5091,101,102
5091,156,157
5091,342,343
5092,42,43
5092,55,56
5092,71,72
5092,158,159
5093,42,43
5093,55,56
5093,71,72
5093,101,102
5094,30,31
5094,152,153
5094,311,312
5094,400,401
5095,30,31
5095,152,153
5095,311,312
5095,342,343
5096,101,102
5096,156,157
5096,311,312
5096,342,343
5097,30,31
5097,101,102
5097,311,312
5097,342,343
5098,30,31
5098,80,81
5098,101,102
5098,311,312
5099,30,31
5099,80,81
5099,311,312
5099,400,401
5100,58,59
5100,131,132
5100,261,262
5100,311,312
5101,58,59
5101,80,81
5101,190,191
5101,311,312
5102,58,59
5102,131,132
5102,190,191
5102,311,312
5103,131,132
5103,156,157
5103,275,276
5103,311,312
5104,80,81
5104,101,102
5104,190,191
5104,311,312
5105,131,132
5105,261,262
5105,275,276
5105,311,312
5106,241,242
5106,261,262
5106,275,276
5106,311,312
5107,23,24
5107,38,39
5107,42,43
5107,83,84
5108,23,24
5108,24,25
5108,38,39
5108,83,84
5109,24,25
5109,38,39
5109,83,84
5109,324,325
5110,23,24
5110,38,39
5110,42,43
5110,101,102
5111,24,25
5111,38,39
5111,174,175
5111,324,325
5112,23,24
5112,38,39
5112,101,102
5112,190,191
5113,38,39
5113,101,102
5113,190,191
5113,311,312
5114,38,39
5114,101,102
5114,156,157
5114,311,312
5115,38,39
5115,131,132
5115,156,157
5115,324,325
5116,24,25
5116,38,39
5116,105,106
5116,174,175
5117,23,24
5117,24,25
5117,38,39
5117,105,106
5118,38,39
5118,131,132
5118,190,191
5118,311,312
5119,38,39
5119,131,132
5119,156,157
5119,311,312
5120,38,39
5120,131,132
5120,174,175
5120,190,191
5121,38,39
5121,131,132
5121,174,175
5121,324,325
5122,38,39
5122,105,106
5122,174,175
5122,190,191
5123,23,24
5123,38,39
5123,105,106
5123,190,191
5124,164,165
5124,252,253
5124,320,321
5124,369,370
5125,164,165
5125,241,242
5125,320,321
5125,369,370
5126,50,51
5126,164,165
5126,252,253
5126,280,281
5127,164,165
5127,252,253
5127,280,281
5127,369,370
5128,164,165
5128,241,242
5128,261,262
5128,369,370
5129,164,165
5129,241,242
5129,261,262
5129,311,312
5130,50,51
5130,164,165
5130,280,281
5130,395,396
5131,164,165
5131,280,281
5131,369,370
5131,395,396
5132,58,59
5132,164,165
5132,261,262
5132,311,312
5133,14,15
5133,50,51
5133,164,165
5133,400,401
5134,80,81
5134,164,165
5134,311,312
5134,400,401
5135,58,59
5135,80,81
5135,164,165
5135,311,312
5136,14,15
5136,80,81
5136,164,165
5136,400,401
5137,14,15
5137,58,59
5137,80,81
5137,164,165
5138,286,287
5138,378,379
5138,606,607
5138,615,616
5139,286,287
5139,378,379
5139,615,616
5139,631,632
5140,281,282
5140,286,287
5140,378,379
5140,392,393
5141,281,282
5141,286,287
5141,378,379
5141,606,607
5142,281,282
5142,286,287
5142,392,393
5142,606,607
5143,286,287
5143,347,348
5143,612,613
5143,615,616
5144,286,287
5144,606,607
5144,612,613
5144,615,616
5145,286,287
5145,392,393
5145,606,607
5145,612,613
5146,286,287
5146,347,348
5146,570,571
5146,615,616
5147,286,287
5147,570,571
5147,615,616
5147,631,632
5148,278,279
5148,286,287
5148,321,322
5148,631,632
5149,278,279
5149,286,287
5149,378,379
5149,631,632
5150,278,279
5150,286,287
5150,321,322
5150,392,393
5151,278,279
5151,286,287
5151,378,379
5151,392,393
5152,286,287
5152,347,348
5152,420,421
5152,612,613
5153,286,287
5153,392,393
5153,420,421
5153,612,613
5154,286,287
5154,321,322
5154,570,571
5154,631,632
5155,286,287
5155,321,322
5155,392,393
5155,420,421
5156,286,287
5156,321,322
5156,570,571
5156,574,575
5157,286,287
5157,347,348
5157,570,571
5157,574,575
5158,286,287
5158,321,322
5158,420,421
5158,574,575
5159,286,287
5159,347,348
5159,420,421
5159,574,575
5160,253,254
5160,263,264
5160,507,508
5160,606,607
5161,66,67
5161,263,264
5161,404,405
5161,418,419
5162,66,67
5162,263,264
5162,404,405
5162,507,508
5163,253,254
5163,263,264
5163,606,607
5163,612,613
5164,263,264
5164,348,349
5164,392,393
5164,612,613
5165,263,264
5165,392,393
5165,606,607
5165,612,613
5166,263,264
5166,281,282
5166,507,508
5166,606,607
5167,263,264
5167,281,282
5167,392,393
5167,606,607
5168,60,61
5168,145,146
5168,181,182
5168,391,392
5169,60,61
5169,81,82
5169,181,182
5169,391,392
5170,85,86
5170,145,146
5170,181,182
5170,391,392
5171,1,2
5171,85,86
5171,145,146
5171,181,182
5172,60,61
5172,81,82
5172,114,115
5172,181,182
5173,81,82
5173,114,115
5173,181,182
5173,187,188
5174,85,86
5174,165,166
5174,181,182
5174,391,392
5175,1,2
5175,85,86
5175,181,182
5175,228,229
5176,65,66
5176,114,115
5176,181,182
5176,187,188
5177,1,2
5177,8,9
5177,65,66
5177,181,182
5178,65,66
5178,181,182
5178,187,188
5178,228,229
5179,1,2
5179,65,66
5179,181,182
5179,228,229
5180,8,9
5180,65,66
5180,114,115
5180,181,182
5181,8,9
5181,60,61
5181,114,115
5181,181,182
5182,142,143
5182,145,146
5182,168,169
5182,411,412
5183,142,143
5183,145,146
5183,405,406
5183,411,412
5184,142,143
5184,168,169
5184,247,248
5184,411,412
5185,142,143
5185,247,248
5185,405,406
5185,411,412
5186,93,94
5186,208,209
5186,247,248
5186,411,412
5187,93,94
5187,208,209
5187,230,231
5187,411,412
5188,10,11
5188,145,146
5188,230,231
5188,411,412
5189,93,94
5189,168,169
5189,247,248
5189,411,412
5190,10,11
5190,168,169
5190,194,195
5190,411,412
5191,145,146
5191,168,169
5191,194,195
5191,411,412
5192,10,11
5192,145,146
5192,194,195
5192,411,412
5193,93,94
5193,154,155
5193,168,169
5193,411,412
5194,10,11
5194,154,155
5194,168,169
5194,411,412
5195,10,11
5195,154,155
5195,230,231
5195,411,412
5196,93,94
5196,154,155
5196,307,308
5196,411,412
5197,154,155
5197,230,231
5197,307,308
5197,411,412
5198,93,94
5198,230,231
5198,307,308
5198,411,412
5199,10,11
5199,145,146
5199,175,176
5199,230,231
5200,10,11
5200,97,98
5200,111,112
5200,175,176
5201,70,71
5201,97,98
5201,111,112
5201,175,176
5202,10,11
5202,97,98
5202,175,176
5202,194,195
5203,10,11
5203,145,146
5203,175,176
5203,194,195
5204,70,71
5204,97,98
5204,175,176
5204,194,195
5205,70,71
5205,145,146
5205,175,176
5205,194,195
5206,26,27
5206,111,112
5206,175,176
5206,230,231
5207,10,11
5207,111,112
5207,175,176
5207,230,231
5208,8,9
5208,26,27
5208,60,61
5208,175,176
5209,26,27
5209,60,61
5209,175,176
5209,230,231
5210,60,61
5210,145,146
5210,175,176
5210,230,231
5211,26,27
5211,111,112
5211,175,176
5211,201,202
5212,8,9
5212,26,27
5212,175,176
5212,201,202
5213,70,71
5213,111,112
5213,175,176
5213,201,202
5214,8,9
5214,70,71
5214,175,176
5214,201,202
5215,1,2
5215,70,71
5215,145,146
5215,175,176
5216,1,2
5216,8,9
5216,70,71
5216,175,176
5217,60,61
5217,145,146
5217,175,176
5217,181,182
5218,1,2
5218,145,146
5218,175,176
5218,181,182
5219,8,9
5219,60,61
5219,175,176
5219,181,182
5220,1,2
5220,8,9
5220,175,176
5220,181,182
5221,427,428
5221,433,434
5221,580,581
5221,841,842
5222,427,428
5222,433,434
5222,519,520
5222,841,842
5223,427,428
5223,433,434
5223,522,523
5223,580,581
5224,427,428
5224,433,434
5224,522,523
5224,563,564
5225,433,434
5225,454,455
5225,580,581
5225,841,842
5226,433,434
5226,500,501
5226,519,520
5226,563,564
5227,433,434
5227,500,501
5227,519,520
5227,839,840
5228,433,434
5228,519,520
5228,839,840
5228,841,842
5229,433,434
5229,454,455
5229,465,466
5229,580,581
5230,433,434
5230,454,455
5230,465,466
5230,839,840
5231,433,434
5231,500,501
5231,774,775
5231,839,840
5232,433,434
5232,454,455
5232,476,477
5232,841,842
5233,433,434
5233,454,455
5233,476,477
5233,839,840
5234,433,434
5234,476,477
5234,839,840
5234,841,842
5235,433,434
5235,443,444
5235,465,466
5235,580,581
5236,433,434
5236,443,444
5236,465,466
5236,774,775
5237,433,434
5237,465,466
5237,526,527
5237,774,775
5238,433,434
5238,465,466
5238,526,527
5238,839,840
5239,433,434
5239,526,527
5239,774,775
5239,839,840
5240,518,519
5240,522,523
5240,563,564
5240,805,806
5241,427,428
5241,522,523
5241,563,564
5241,805,806
5242,518,519
5242,674,675
5242,711,712
5242,805,806
5243,518,519
5243,563,564
5243,711,712
5243,805,806
5244,563,564
5244,674,675
5244,711,712
5244,805,806
5245,518,519
5245,674,675
5245,783,784
5245,805,806
5246,522,523
5246,553,554
5246,611,612
5246,805,806
5247,518,519
5247,522,523
5247,553,554
5247,805,806
5248,518,519
5248,553,554
5248,611,612
5248,805,806
5249,427,428
5249,549,550
5249,611,612
5249,805,806
5250,518,519
5250,611,612
5250,739,740
5250,805,806
5251,549,550
5251,611,612
5251,739,740
5251,805,806
5252,518,519
5252,739,740
5252,783,784
5252,805,806
5253,549,550
5253,739,740
5253,783,784
5253,805,806
5254,549,550
5254,571,572
5254,783,784
5254,805,806
5255,571,572
5255,674,675
5255,783,784
5255,805,806
5256,519,520
5256,571,572
5256,674,675
5256,805,806
5257,519,520
5257,563,564
5257,674,675
5257,805,806
5258,504,505
5258,522,523
5258,611,612
5258,805,806
5259,427,428
5259,504,505
5259,522,523
5259,805,806
5260,427,428
5260,504,505
5260,611,612
5260,805,806
5261,537,538
5261,549,550
5261,571,572
5261,805,806
5262,427,428
5262,537,538
5262,571,572
5262,805,806
5263,427,428
5263,537,538
5263,549,550
5263,805,806
5264,519,520
5264,571,572
5264,805,806
5264,841,842
5265,427,428
5265,519,520
5265,805,806
5265,841,842
5266,427,428
5266,571,572
5266,805,806
5266,841,842
5267,427,428
5267,433,434
5267,519,520
5267,805,806
5268,433,434
5268,519,520
5268,563,564
5268,805,806
5269,427,428
5269,433,434
5269,563,564
5269,805,806
5270,333,334
5270,350,351
5270,555,556
5270,647,648
5271,333,334
5271,337,338
5271,555,556
5271,647,648
5272,333,334
5272,350,351
5272,460,461
5272,473,474
5273,333,334
5273,350,351
5273,460,461
5273,647,648
5274,293,294
5274,333,334
5274,473,474
5274,566,567
5275,231,232
5275,333,334
5275,337,338
5275,429,430
5276,231,232
5276,333,334
5276,337,338
5276,647,648
5277,293,294
5277,333,334
5277,460,461
5277,473,474
5278,293,294
5278,333,334
5278,460,461
5278,647,648
5279,231,232
5279,293,294
5279,333,334
5279,647,648
5280,231,232
5280,333,334
5280,429,430
5280,431,432
5281,333,334
5281,429,430
5281,431,432
5281,566,567
5282,231,232
5282,293,294
5282,333,334
5282,431,432
5283,293,294
5283,333,334
5283,431,432
5283,566,567
5284,1071,1072
5284,1146,1147
5284,1314,1315
5284,1332,1333
5285,1146,1147
5285,1299,1300
5285,1314,1315
5285,1332,1333
5286,1071,1072
5286,1312,1313
5286,1314,1315
5286,1332,1333
5287,1299,1300
5287,1312,1313
5287,1314,1315
5287,1332,1333
5288,1062,1063
5288,1083,1084
5288,1202,1203
5288,1398,1399
5289,1202,1203
5289,1228,1229
5289,1361,1362
5289,1403,1404
5290,1062,1063
5290,1103,1104
5290,1202,1203
5290,1228,1229
5291,1062,1063
5291,1103,1104
5291,1202,1203
5291,1398,1399
5292,1202,1203
5292,1305,1306
5292,1361,1362
5292,1403,1404
5293,1202,1203
5293,1305,1306
5293,1359,1360
5293,1361,1362
5294,1103,1104
5294,1202,1203
5294,1228,1229
5294,1361,1362
5295,1103,1104
5295,1202,1203
5295,1359,1360
5295,1398,1399
5296,1103,1104
5296,1202,1203
5296,1359,1360
5296,1361,1362
5297,1202,1203
5297,1332,1333
5297,1359,1360
5297,1398,1399
5298,1142,1143
5298,1250,1251
5298,1371,1372
5298,1424,1425
5299,1142,1143
5299,1259,1260
5299,1371,1372
5299,1424,1425
5300,1142,1143
5300,1250,1251
5300,1259,1260
5300,1424,1425
5301,1090,1091
5301,1250,1251
5301,1259,1260
5301,1424,1425
5302,1090,1091
5302,1250,1251
5302,1365,1366
5302,1424,1425
5303,1067,1068
5303,1259,1260
5303,1371,1372
5303,1424,1425
5304,1067,1068
5304,1259,1260
5304,1424,1425
5304,1510,1511
5305,1067,1068
5305,1282,1283
5305,1371,1372
5305,1424,1425
5306,1067,1068
5306,1282,1283
5306,1424,1425
5306,1510,1511
5307,1232,1233
5307,1282,1283
5307,1371,1372
5307,1424,1425
5308,1232,1233
5308,1282,1283
5308,1424,1425
5308,1510,1511
5309,1259,1260
5309,1326,1327
5309,1424,1425
5309,1510,1511
5310,1358,1359
5310,1424,1425
5310,1473,1474
5310,1510,1511
5311,1232,1233
5311,1424,1425
5311,1473,1474
5311,1510,1511
5312,1232,1233
5312,1358,1359
5312,1424,1425
5312,1473,1474
5313,1227,1228
5313,1250,1251
5313,1355,1356
5313,1365,1366
5314,1227,1228
5314,1245,1246
5314,1355,1356
5314,1365,1366
5315,1227,1228
5315,1250,1251
5315,1355,1356
5315,1414,1415
5316,1227,1228
5316,1245,1246
5316,1355,1356
5316,1414,1415
5317,1330,1331
5317,1355,1356
5317,1357,1358
5317,1371,1372
5318,1278,1279
5318,1330,1331
5318,1355,1356
5318,1357,1358
5319,1250,1251
5319,1355,1356
5319,1371,1372
5319,1424,1425
5320,1250,1251
5320,1355,1356
5320,1365,1366
5320,1424,1425
5321,1250,1251
5321,1330,1331
5321,1355,1356
5321,1414,1415
5322,1278,1279
5322,1330,1331
5322,1355,1356
5322,1414,1415
5323,1142,1143
5323,1330,1331
5323,1355,1356
5323,1371,1372
5324,1142,1143
5324,1250,1251
5324,1355,1356
5324,1371,1372
5325,1142,1143
5325,1250,1251
5325,1330,1331
5325,1355,1356
5326,1278,1279
5326,1325,1326
5326,1355,1356
5326,1357,1358
5327,1245,1246
5327,1270,1271
5327,1355,1356
5327,1414,1415
5328,1270,1271
5328,1278,1279
5328,1355,1356
5328,1414,1415
5329,1245,1246
5329,1270,1271
5329,1325,1326
5329,1355,1356
5330,1270,1271
5330,1278,1279
5330,1325,1326
5330,1355,1356
5331,1439,1440
5331,1546,1547
5331,1727,1728
5331,1742,1743
5332,1439,1440
5332,1546,1547
5332,1742,1743
5332,1760,1761
5333,1439,1440
5333,1546,1547
5333,1615,1616
5333,1760,1761
5334,1546,1547
5334,1727,1728
5334,1742,1743
5334,1821,1822
5335,1474,1475
5335,1546,1547
5335,1742,1743
5335,1821,1822
5336,1451,1452
5336,1457,1458
5336,1507,1508
5336,1513,1514
5337,1451,1452
5337,1507,1508
5337,1513,1514
5337,1612,1613
5338,1385,1386
5338,1517,1518
5338,1564,1565
5338,1827,1828
5339,1517,1518
5339,1564,1565
5339,1758,1759
5339,1827,1828
5340,1517,1518
5340,1564,1565
5340,1579,1580
5340,1758,1759
5341,1385,1386
5341,1448,1449
5341,1564,1565
5341,1827,1828
5342,1448,1449
5342,1564,1565
5342,1758,1759
5342,1827,1828
5343,1448,1449
5343,1457,1458
5343,1564,1565
5343,1758,1759
5344,1498,1499
5344,1517,1518
5344,1564,1565
5344,1579,1580
5345,1395,1396
5345,1498,1499
5345,1597,1598
5345,1618,1619
5346,1325,1326
5346,1498,1499
5346,1517,1518
5346,1597,1598
5347,1498,1499
5347,1517,1518
5347,1564,1565
5347,1597,1598
5348,1498,1499
5348,1564,1565
5348,1597,1598
5348,1618,1619
5349,1270,1271
5349,1325,1326
5349,1498,1499
5349,1597,1598
5350,1270,1271
5350,1395,1396
5350,1498,1499
5350,1597,1598
5351,1385,1386
5351,1517,1518
5351,1564,1565
5351,1597,1598
5352,1385,1386
5352,1564,1565
5352,1597,1598
5352,1618,1619
5353,1325,1326
5353,1496,1497
5353,1517,1518
5353,1597,1598
5354,1325,1326
5354,1496,1497
5354,1590,1591
5354,1597,1598
5355,1270,1271
5355,1278,1279
5355,1325,1326
5355,1597,1598
5356,1270,1271
5356,1278,1279
5356,1395,1396
5356,1597,1598
5357,1385,1386
5357,1496,1497
5357,1517,1518
5357,1597,1598
5358,1385,1386
5358,1496,1497
5358,1590,1591
5358,1597,1598
5359,1385,1386
5359,1429,1430
5359,1590,1591
5359,1597,1598
5360,1429,1430
5360,1432,1433
5360,1590,1591
5360,1597,1598
5361,1313,1314
5361,1395,1396
5361,1432,1433
5361,1597,1598
5362,1313,1314
5362,1395,1396
5362,1597,1598
5362,1618,1619
5363,1278,1279
5363,1432,1433
5363,1590,1591
5363,1597,1598
5364,1278,1279
5364,1325,1326
5364,1590,1591
5364,1597,1598
5365,1278,1279
5365,1395,1396
5365,1432,1433
5365,1597,1598
5366,1313,1314
5366,1429,1430
5366,1432,1433
5366,1597,1598
5367,1313,1314
5367,1429,1430
5367,1597,1598
5367,1618,1619
5368,1264,1265
5368,1313,1314
5368,1429,1430
5368,1616,1617
5369,1247,1248
5369,1264,1265
5369,1313,1314
5369,1616,1617
5370,1451,1452
5370,1513,1514
5370,1612,1613
5370,1616,1617
5371,1234,1235
5371,1313,1314
5371,1616,1617
5371,1618,1619
5372,1591,1592
5372,1686,1687
5372,1758,1759
5372,1763,1764
5373,1482,1483
5373,1591,1592
5373,1758,1759
5373,1763,1764
5374,1457,1458
5374,1568,1569
5374,1758,1759
5374,1763,1764
5375,1568,1569
5375,1686,1687
5375,1758,1759
5375,1763,1764
5376,1457,1458
5376,1564,1565
5376,1758,1759
5376,1763,1764
5377,1482,1483
5377,1564,1565
5377,1758,1759
5377,1763,1764
5378,1568,1569
5378,1663,1664
5378,1686,1687
5378,1763,1764
5379,1457,1458
5379,1513,1514
5379,1564,1565
5379,1763,1764
5380,1482,1483
5380,1513,1514
5380,1564,1565
5380,1763,1764
5381,1568,1569
5381,1663,1664
5381,1763,1764
5381,1792,1793
5382,1444,1445
5382,1457,1458
5382,1568,1569
5382,1763,1764
5383,1444,1445
5383,1568,1569
5383,1763,1764
5383,1792,1793
5384,1457,1458
5384,1507,1508
5384,1513,1514
5384,1763,1764
5385,1444,1445
5385,1457,1458
5385,1507,1508
5385,1763,1764
5386,1444,1445
5386,1507,1508
5386,1763,1764
5386,1792,1793
5387,1474,1475
5387,1482,1483
5387,1511,1512
5387,1513,1514
5388,1482,1483
5388,1511,1512
5388,1513,1514
5388,1763,1764
5389,1507,1508
5389,1511,1512
5389,1513,1514
5389,1763,1764
5390,1507,1508
5390,1511,1512
5390,1763,1764
5390,1792,1793
5391,1507,1508
5391,1511,1512
5391,1664,1665
5391,1806,1807
5392,1507,1508
5392,1511,1512
5392,1612,1613
5392,1664,1665
5393,1507,1508
5393,1511,1512
5393,1513,1514
5393,1612,1613
5394,1071,1072
5394,1274,1275
5394,1312,1313
5394,1340,1341
5395,1274,1275
5395,1312,1313
5395,1340,1341
5395,1432,1433
5396,1274,1275
5396,1313,1314
5396,1340,1341
5396,1432,1433
5397,1252,1253
5397,1274,1275
5397,1313,1314
5397,1432,1433
5398,1252,1253
5398,1274,1275
5398,1413,1414
5398,1432,1433
5399,1252,1253
5399,1274,1275
5399,1362,1363
5399,1413,1414
5400,1274,1275
5400,1312,1313
5400,1359,1360
5400,1432,1433
5401,1274,1275
5401,1359,1360
5401,1413,1414
5401,1432,1433
5402,1071,1072
5402,1274,1275
5402,1312,1313
5402,1332,1333
5403,1274,1275
5403,1312,1313
5403,1332,1333
5403,1359,1360
5404,1241,1242
5404,1349,1350
5404,1431,1432
5404,1550,1551
5405,1243,1244
5405,1346,1347
5405,1347,1348
5405,1431,1432
5406,1347,1348
5406,1349,1350
5406,1421,1422
5406,1431,1432
5407,1243,1244
5407,1347,1348
5407,1421,1422
5407,1431,1432
5408,1234,1235
5408,1243,1244
5408,1409,1410
5408,1421,1422
5409,1234,1235
5409,1243,1244
5409,1409,1410
5409,1595,1596
5410,1234,1235
5410,1409,1410
5410,1595,1596
5410,1615,1616
5411,1409,1410
5411,1454,1455
5411,1595,1596
5411,1615,1616
5412,1243,1244
5412,1347,1348
5412,1409,1410
5412,1595,1596
5413,1243,1244
5413,1347,1348
5413,1409,1410
5413,1421,1422
5414,1376,1377
5414,1409,1410
5414,1454,1455
5414,1595,1596
5415,1347,1348
5415,1376,1377
5415,1409,1410
5415,1595,1596
5416,1347,1348
5416,1376,1377
5416,1409,1410
5416,1454,1455
5417,912,913
5417,993,994
5417,1003,1004
5417,1198,1199
5418,884,885
5418,912,913
5418,993,994
5418,1198,1199
5419,894,895
5419,895,896
5419,1003,1004
5419,1198,1199
5420,894,895
5420,912,913
5420,1003,1004
5420,1198,1199
5421,884,885
5421,912,913
5421,982,983
5421,1198,1199
5422,894,895
5422,912,913
5422,982,983
5422,1198,1199
5423,1635,1636
5423,1783,1784
5423,1833,1834
5423,1845,1846
5424,1635,1636
5424,1704,1705
5424,1713,1714
5424,1845,1846
5425,1635,1636
5425,1713,1714
5425,1783,1784
5425,1845,1846
5426,1683,1684
5426,1704,1705
5426,1713,1714
5426,1845,1846
5427,1668,1669
5427,1719,1720
5427,1769,1770
5427,1773,1774
5428,1655,1656
5428,1778,1779
5428,1818,1819
5428,1828,1829
5429,1632,1633
5429,1691,1692
5429,1700,1701
5429,1810,1811
5430,1632,1633
5430,1671,1672
5430,1700,1701
5430,1810,1811
5431,1627,1628
5431,1632,1633
5431,1691,1692
5431,1700,1701
5432,1632,1633
5432,1691,1692
5432,1810,1811
5432,1835,1836
5433,1632,1633
5433,1671,1672
5433,1810,1811
5433,1835,1836
5434,1627,1628
5434,1632,1633
5434,1700,1701
5434,1721,1722
5435,1627,1628
5435,1632,1633
5435,1655,1656
5435,1721,1722
5436,1632,1633
5436,1671,1672
5436,1700,1701
5436,1721,1722
5437,1632,1633
5437,1671,1672
5437,1818,1819
5437,1835,1836
5438,1632,1633
5438,1655,1656
5438,1778,1779
5438,1818,1819
5439,1632,1633
5439,1778,1779
5439,1818,1819
5439,1835,1836
5440,1632,1633
5440,1671,1672
5440,1726,1727
5440,1818,1819
5441,1632,1633
5441,1671,1672
5441,1721,1722
5441,1726,1727
5442,1632,1633
5442,1655,1656
5442,1818,1819
5442,1828,1829
5443,1634,1635
5443,1639,1640
5443,1647,1648
5443,1712,1713
5444,1634,1635
5444,1639,1640
5444,1706,1707
5444,1712,1713
5445,1532,1533
5445,1534,1535
5445,1634,1635
5445,1806,1807
5446,1532,1533
5446,1611,1612
5446,1634,1635
5446,1806,1807
5447,1702,1703
5447,1748,1749
5447,1818,1819
5447,1828,1829
5448,1702,1703
5448,1778,1779
5448,1818,1819
5448,1828,1829
5449,1702,1703
5449,1719,1720
5449,1773,1774
5449,1842,1843
5450,1702,1703
5450,1756,1757
5450,1773,1774
5450,1842,1843
5451,1702,1703
5451,1748,1749
5451,1818,1819
5451,1835,1836
5452,1702,1703
5452,1778,1779
5452,1818,1819
5452,1835,1836
5453,1702,1703
5453,1748,1749
5453,1778,1779
5453,1835,1836
5454,1668,1669
5454,1702,1703
5454,1719,1720
5454,1748,1749
5455,1668,1669
5455,1702,1703
5455,1748,1749
5455,1828,1829
5456,1668,1669
5456,1702,1703
5456,1719,1720
5456,1773,1774
5457,1668,1669
5457,1702,1703
5457,1773,1774
5457,1828,1829
5458,1229,1230
5458,1335,1336
5458,1348,1349
5458,1408,1409
5459,1229,1230
5459,1307,1308
5459,1335,1336
5459,1348,1349
5460,1097,1098
5460,1229,1230
5460,1307,1308
5460,1335,1336
5461,1099,1100
5461,1155,1156
5461,1212,1213
5461,1335,1336
5462,1097,1098
5462,1099,1100
5462,1155,1156
5462,1335,1336
5463,1229,1230
5463,1262,1263
5463,1335,1336
5463,1408,1409
5464,1212,1213
5464,1262,1263
5464,1335,1336
5464,1408,1409
5465,1097,1098
5465,1123,1124
5465,1229,1230
5465,1335,1336
5466,1097,1098
5466,1123,1124
5466,1155,1156
5466,1335,1336
5467,1087,1088
5467,1229,1230
5467,1262,1263
5467,1335,1336
5468,1087,1088
5468,1212,1213
5468,1262,1263
5468,1335,1336
5469,1087,1088
5469,1155,1156
5469,1212,1213
5469,1335,1336
5470,1087,1088
5470,1123,1124
5470,1229,1230
5470,1335,1336
5471,1087,1088
5471,1123,1124
5471,1155,1156
5471,1335,1336
5472,1056,1057
5472,1098,1099
5472,1222,1223
5472,1390,1391
5473,1055,1056
5473,1098,1099
5473,1222,1223
5473,1390,1391
5474,1055,1056
5474,1118,1119
5474,1222,1223
5474,1356,1357
5475,1029,1030
5475,1118,1119
5475,1167,1168
5475,1204,1205
5476,1029,1030
5476,1118,1119
5476,1204,1205
5476,1390,1391
5477,1055,1056
5477,1118,1119
5477,1222,1223
5477,1390,1391
5478,1029,1030
5478,1055,1056
5478,1118,1119
5478,1390,1391
5479,1118,1119
5479,1162,1163
5479,1167,1168
5479,1280,1281
5480,1029,1030
5480,1118,1119
5480,1167,1168
5480,1280,1281
5481,463,464
5481,567,568
5481,619,620
5481,721,722
5482,408,409
5482,463,464
5482,619,620
5482,721,722
5483,567,568
5483,617,618
5483,619,620
5483,721,722
5484,442,443
5484,567,568
5484,617,618
5484,619,620
5485,436,437
5485,442,443
5485,617,618
5485,619,620
5486,253,254
5486,279,280
5486,436,437
5486,619,620
5487,723,724
5487,812,813
5487,814,815
5487,986,987
5488,723,724
5488,767,768
5488,812,813
5488,986,987
5489,681,682
5489,723,724
5489,814,815
5489,986,987
5490,669,670
5490,681,682
5490,723,724
5490,814,815
5491,669,670
5491,723,724
5491,747,748
5491,814,815
5492,723,724
5492,734,735
5492,767,768
5492,827,828
5493,723,724
5493,767,768
5493,812,813
5493,827,828
5494,652,653
5494,810,811
5494,812,813
5494,827,828
5495,523,524
5495,652,653
5495,745,746
5495,810,811
5496,523,524
5496,652,653
5496,810,811
5496,827,828
5497,639,640
5497,652,653
5497,745,746
5497,803,804
5498,639,640
5498,652,653
5498,802,803
5498,803,804
5499,652,653
5499,723,724
5499,747,748
5499,814,815
5500,652,653
5500,723,724
5500,812,813
5500,814,815
5501,523,524
5501,639,640
5501,652,653
5501,745,746
5502,440,441
5502,639,640
5502,652,653
5502,802,803
5503,652,653
5503,723,724
5503,812,813
5503,827,828
5504,652,653
5504,734,735
5504,747,748
5504,802,803
5505,523,524
5505,652,653
5505,769,770
5505,827,828
5506,523,524
5506,639,640
5506,652,653
5506,769,770
5507,440,441
5507,652,653
5507,734,735
5507,827,828
5508,440,441
5508,652,653
5508,734,735
5508,802,803
5509,440,441
5509,652,653
5509,769,770
5509,827,828
5510,440,441
5510,639,640
5510,652,653
5510,769,770
5511,652,653
5511,723,724
5511,734,735
5511,747,748
5512,652,653
5512,723,724
5512,734,735
5512,827,828
5513,688,689
5513,780,781
5513,854,855
5513,986,987
5514,688,689
5514,812,813
5514,854,855
5514,986,987
5515,688,689
5515,780,781
5515,797,798
5515,854,855
5516,682,683
5516,688,689
5516,797,798
5516,854,855
5517,654,655
5517,780,781
5517,854,855
5517,986,987
5518,654,655
5518,854,855
5518,970,971
5518,986,987
5519,780,781
5519,797,798
5519,854,855
5519,904,905
5520,654,655
5520,780,781
5520,854,855
5520,904,905
5521,654,655
5521,854,855
5521,970,971
5521,978,979
5522,854,855
5522,970,971
5522,978,979
5522,1015,1016
5523,854,855
5523,978,979
5523,983,984
5523,1015,1016
5524,797,798
5524,854,855
5524,869,870
5524,904,905
5525,682,683
5525,797,798
5525,854,855
5525,992,993
5526,682,683
5526,854,855
5526,983,984
5526,992,993
5527,654,655
5527,854,855
5527,904,905
5527,1221,1222
5528,854,855
5528,904,905
5528,978,979
5528,1221,1222
5529,654,655
5529,854,855
5529,978,979
5529,1221,1222
5530,854,855
5530,869,870
5530,904,905
5530,978,979
5531,854,855
5531,869,870
5531,978,979
5531,983,984
5532,797,798
5532,854,855
5532,869,870
5532,992,993
5533,854,855
5533,869,870
5533,983,984
5533,992,993
5534,744,745
5534,814,815
5534,970,971
5534,976,977
5535,812,813
5535,814,815
5535,970,971
5535,976,977
5536,812,813
5536,970,971
5536,976,977
5536,986,987
5537,854,855
5537,970,971
5537,976,977
5537,986,987
5538,812,813
5538,854,855
5538,976,977
5538,986,987
5539,682,683
5539,854,855
5539,976,977
5539,983,984
5540,744,745
5540,970,971
5540,976,977
5540,1015,1016
5541,854,855
5541,970,971
5541,976,977
5541,1015,1016
5542,854,855
5542,976,977
5542,983,984
5542,1015,1016
5543,663,664
5543,810,811
5543,852,853
5543,976,977
5544,663,664
5544,682,683
5544,810,811
5544,976,977
5545,688,689
5545,810,811
5545,812,813
5545,976,977
5546,682,683
5546,688,689
5546,810,811
5546,976,977
5547,688,689
5547,812,813
5547,854,855
5547,976,977
5548,682,683
5548,688,689
5548,854,855
5548,976,977
5549,868,869
5549,968,969
5549,992,993
5549,1021,1022
5550,770,771
5550,868,869
5550,992,993
5550,1021,1022
5551,770,771
5551,868,869
5551,968,969
5551,992,993
5552,770,771
5552,868,869
5552,897,898
5552,968,969
5553,868,869
5553,928,929
5553,1021,1022
5553,1122,1123
5554,770,771
5554,868,869
5554,997,998
5554,1047,1048
5555,770,771
5555,868,869
5555,897,898
5555,997,998
5556,868,869
5556,968,969
5556,1021,1022
5556,1154,1155
5557,868,869
5557,1021,1022
5557,1122,1123
5557,1154,1155
5558,1026,1027
5558,1148,1149
5558,1235,1236
5558,1299,1300
5559,1026,1027
5559,1050,1051
5559,1148,1149
5559,1299,1300
5560,1050,1051
5560,1064,1065
5560,1104,1105
5560,1148,1149
5561,1050,1051
5561,1146,1147
5561,1148,1149
5561,1299,1300
5562,1050,1051
5562,1104,1105
5562,1146,1147
5562,1148,1149
5563,1026,1027
5563,1064,1065
5563,1148,1149
5563,1235,1236
5564,1026,1027
5564,1050,1051
5564,1064,1065
5564,1148,1149
5565,1148,1149
5565,1159,1160
5565,1220,1221
5565,1235,1236
5566,1148,1149
5566,1159,1160
5566,1220,1221
5566,1398,1399
5567,1064,1065
5567,1148,1149
5567,1220,1221
5567,1235,1236
5568,1146,1147
5568,1148,1149
5568,1299,1300
5568,1332,1333
5569,1146,1147
5569,1148,1149
5569,1332,1333
5569,1398,1399
5570,928,929
5570,1021,1022
5570,1070,1071
5570,1139,1140
5571,1021,1022
5571,1045,1046
5571,1070,1071
5571,1139,1140
5572,879,880
5572,1045,1046
5572,1070,1071
5572,1139,1140
5573,928,929
5573,1070,1071
5573,1139,1140
5573,1172,1173
5574,879,880
5574,1070,1071
5574,1139,1140
5574,1172,1173
5575,868,869
5575,928,929
5575,1021,1022
5575,1070,1071
5576,868,869
5576,928,929
5576,1047,1048
5576,1070,1071
5577,928,929
5577,1047,1048
5577,1070,1071
5577,1172,1173
5578,770,771
5578,868,869
5578,1021,1022
5578,1070,1071
5579,770,771
5579,868,869
5579,1047,1048
5579,1070,1071
5580,879,880
5580,947,948
5580,954,955
5580,1070,1071
5581,951,952
5581,1021,1022
5581,1045,1046
5581,1070,1071
5582,947,948
5582,951,952
5582,1045,1046
5582,1070,1071
5583,947,948
5583,951,952
5583,1021,1022
5583,1070,1071
5584,947,948
5584,956,957
5584,1045,1046
5584,1070,1071
5585,879,880
5585,956,957
5585,1045,1046
5585,1070,1071
5586,879,880
5586,947,948
5586,956,957
5586,1070,1071
5587,947,948
5587,992,993
5587,1021,1022
5587,1070,1071
5588,770,771
5588,992,993
5588,1021,1022
5588,1070,1071
5589,770,771
5589,947,948
5589,992,993
5589,1070,1071
5590,770,771
5590,872,873
5590,1047,1048
5590,1070,1071
5591,770,771
5591,872,873
5591,947,948
5591,1070,1071
5592,872,873
5592,947,948
5592,954,955
5592,1070,1071
5593,1023,1024
5593,1047,1048
5593,1070,1071
5593,1172,1173
5594,879,880
5594,1023,1024
5594,1070,1071
5594,1172,1173
5595,879,880
5595,954,955
5595,1023,1024
5595,1070,1071
5596,872,873
5596,1023,1024
5596,1047,1048
5596,1070,1071
5597,872,873
5597,954,955
5597,1023,1024
5597,1070,1071
5598,927,928
5598,933,934
5598,1023,1024
5598,1063,1064
5599,879,880
5599,933,934
5599,1063,1064
5599,1104,1105
5600,879,880
5600,933,934
5600,1023,1024
5600,1063,1064
5601,879,880
5601,1023,1024
5601,1063,1064
5601,1083,1084
5602,927,928
5602,933,934
5602,1063,1064
5602,1064,1065
5603,933,934
5603,1063,1064
5603,1064,1065
5603,1104,1105
5604,1063,1064
5604,1064,1065
5604,1104,1105
5604,1148,1149
5605,975,976
5605,1023,1024
5605,1063,1064
5605,1083,1084
5606,927,928
5606,1063,1064
5606,1064,1065
5606,1220,1221
5607,1063,1064
5607,1064,1065
5607,1148,1149
5607,1220,1221
5608,975,976
5608,1010,1011
5608,1023,1024
5608,1063,1064
5609,927,928
5609,1010,1011
5609,1023,1024
5609,1063,1064
5610,927,928
5610,1063,1064
5610,1188,1189
5610,1220,1221
5611,1063,1064
5611,1148,1149
5611,1220,1221
5611,1398,1399
5612,975,976
5612,1010,1011
5612,1063,1064
5612,1188,1189
5613,927,928
5613,1010,1011
5613,1063,1064
5613,1188,1189
5614,975,976
5614,1062,1063
5614,1063,1064
5614,1188,1189
5615,975,976
5615,1062,1063
5615,1063,1064
5615,1083,1084
5616,1062,1063
5616,1063,1064
5616,1188,1189
5616,1220,1221
5617,1062,1063
5617,1063,1064
5617,1220,1221
5617,1398,1399
5618,1062,1063
5618,1063,1064
5618,1083,1084
5618,1398,1399
5619,233,234
5619,374,375
5619,406,407
5619,562,563
5620,1119,1120
5620,1251,1252
5620,1353,1354
5620,1376,1377
5621,1119,1120
5621,1353,1354
5621,1376,1377
5621,1502,1503
5622,1036,1037
5622,1231,1232
5622,1300,1301
5622,1353,1354
5623,1043,1044
5623,1231,1232
5623,1300,1301
5623,1353,1354
5624,1043,1044
5624,1231,1232
5624,1353,1354
5624,1502,1503
5625,1043,1044
5625,1119,1120
5625,1353,1354
5625,1502,1503
5626,1036,1037
5626,1195,1196
5626,1231,1232
5626,1353,1354
5627,1249,1250
5627,1353,1354
5627,1376,1377
5627,1502,1503
5628,1049,1050
5628,1225,1226
5628,1244,1245
5628,1311,1312
5629,1081,1082
5629,1225,1226
5629,1244,1245
5629,1311,1312
5630,1119,1120
5630,1244,1245
5630,1311,1312
5630,1346,1347
5631,1029,1030
5631,1186,1187
5631,1199,1200
5631,1311,1312
5632,1029,1030
5632,1186,1187
5632,1280,1281
5632,1311,1312
5633,1049,1050
5633,1055,1056
5633,1311,1312
5633,1346,1347
5634,1049,1050
5634,1244,1245
5634,1311,1312
5634,1346,1347
5635,1036,1037
5635,1152,1153
5635,1251,1252
5635,1353,1354
5636,1036,1037
5636,1048,1049
5636,1152,1153
5636,1195,1196
5637,1036,1037
5637,1152,1153
5637,1195,1196
5637,1353,1354
5638,1152,1153
5638,1195,1196
5638,1249,1250
5638,1353,1354
5639,1048,1049
5639,1152,1153
5639,1195,1196
5639,1333,1334
5640,1152,1153
5640,1209,1210
5640,1333,1334
5640,1416,1417
5641,1048,1049
5641,1152,1153
5641,1209,1210
5641,1333,1334
5642,1036,1037
5642,1061,1062
5642,1195,1196
5642,1402,1403
5643,1036,1037
5643,1048,1049
5643,1061,1062
5643,1195,1196
5644,1036,1037
5644,1048,1049
5644,1061,1062
5644,1129,1130
5645,1061,1062
5645,1127,1128
5645,1140,1141
5645,1402,1403
5646,1061,1062
5646,1140,1141
5646,1396,1397
5646,1402,1403
5647,1061,1062
5647,1195,1196
5647,1396,1397
5647,1402,1403
5648,1048,1049
5648,1061,1062
5648,1099,1100
5648,1129,1130
5649,1036,1037
5649,1061,1062
5649,1129,1130
5649,1137,1138
5650,1036,1037
5650,1061,1062
5650,1300,1301
5650,1402,1403
5651,1061,1062
5651,1127,1128
5651,1300,1301
5651,1402,1403
5652,1034,1035
5652,1061,1062
5652,1127,1128
5652,1140,1141
5653,1034,1035
5653,1061,1062
5653,1129,1130
5653,1137,1138
5654,1034,1035
5654,1061,1062
5654,1127,1128
5654,1137,1138
5655,1036,1037
5655,1061,1062
5655,1137,1138
5655,1300,1301
5656,1061,1062
5656,1127,1128
5656,1137,1138
5656,1300,1301
5657,1099,1100
5657,1155,1156
5657,1170,1171
5657,1217,1218
5658,987,988
5658,1097,1098
5658,1155,1156
5658,1217,1218
5659,1097,1098
5659,1099,1100
5659,1155,1156
5659,1217,1218
5660,1069,1070
5660,1170,1171
5660,1194,1195
5660,1217,1218
5661,851,852
5661,1069,1070
5661,1194,1195
5661,1217,1218
5662,910,911
5662,987,988
5662,1194,1195
5662,1217,1218
5663,851,852
5663,910,911
5663,987,988
5663,1217,1218
5664,851,852
5664,910,911
5664,1194,1195
5664,1217,1218
5665,851,852
5665,987,988
5665,1107,1108
5665,1217,1218
5666,987,988
5666,1097,1098
5666,1107,1108
5666,1217,1218
5667,1099,1100
5667,1129,1130
5667,1170,1171
5667,1217,1218
5668,1069,1070
5668,1129,1130
5668,1170,1171
5668,1217,1218
5669,851,852
5669,1107,1108
5669,1117,1118
5669,1217,1218
5670,1097,1098
5670,1107,1108
5670,1117,1118
5670,1217,1218
5671,1034,1035
5671,1069,1070
5671,1129,1130
5671,1217,1218
5672,851,852
5672,1034,1035
5672,1069,1070
5672,1217,1218
5673,1071,1072
5673,1102,1103
5673,1364,1365
5673,1394,1395
5674,1071,1072
5674,1102,1103
5674,1334,1335
5674,1364,1365
5675,1102,1103
5675,1244,1245
5675,1334,1335
5675,1364,1365
5676,1102,1103
5676,1225,1226
5676,1364,1365
5676,1394,1395
5677,1102,1103
5677,1225,1226
5677,1244,1245
5677,1364,1365
5678,1049,1050
5678,1102,1103
5678,1225,1226
5678,1244,1245
5679,1102,1103
5679,1244,1245
5679,1334,1335
5679,1346,1347
5680,1049,1050
5680,1086,1087
5680,1102,1103
5680,1225,1226
5681,1086,1087
5681,1102,1103
5681,1225,1226
5681,1394,1395
5682,1086,1087
5682,1102,1103
5682,1124,1125
5682,1362,1363
5683,1049,1050
5683,1086,1087
5683,1102,1103
5683,1124,1125
5684,1049,1050
5684,1102,1103
5684,1124,1125
5684,1346,1347
5685,1049,1050
5685,1102,1103
5685,1244,1245
5685,1346,1347
5686,998,999
5686,1053,1054
5686,1134,1135
5686,1207,1208
5687,998,999
5687,1053,1054
5687,1134,1135
5687,1219,1220
5688,998,999
5688,1134,1135
5688,1207,1208
5688,1214,1215
5689,998,999
5689,1134,1135
5689,1214,1215
5689,1219,1220
5690,998,999
5690,1181,1182
5690,1207,1208
5690,1214,1215
5691,998,999
5691,1053,1054
5691,1185,1186
5691,1207,1208
5692,998,999
5692,1181,1182
5692,1185,1186
5692,1207,1208
5693,998,999
5693,1053,1054
5693,1185,1186
5693,1268,1269
5694,998,999
5694,1130,1131
5694,1185,1186
5694,1268,1269
5695,998,999
5695,1018,1019
5695,1214,1215
5695,1219,1220
5696,883,884
5696,998,999
5696,1018,1019
5696,1219,1220
5697,998,999
5697,1018,1019
5697,1181,1182
5697,1214,1215
5698,883,884
5698,998,999
5698,1100,1101
5698,1219,1220
5699,938,939
5699,1050,1051
5699,1089,1090
5699,1100,1101
5700,1050,1051
5700,1089,1090
5700,1100,1101
5700,1130,1131
5701,1088,1089
5701,1089,1090
5701,1100,1101
5701,1130,1131
5702,914,915
5702,1053,1054
5702,1187,1188
5702,1189,1190
5703,914,915
5703,1053,1054
5703,1187,1188
5703,1219,1220
5704,861,862
5704,994,995
5704,1187,1188
5704,1189,1190
5705,914,915
5705,961,962
5705,1187,1188
5705,1219,1220
5706,961,962
5706,1182,1183
5706,1187,1188
5706,1219,1220
5707,878,879
5707,990,991
5707,1092,1093
5707,1315,1316
5708,878,879
5708,967,968
5708,990,991
5708,1092,1093
5709,878,879
5709,1092,1093
5709,1301,1302
5709,1315,1316
5710,878,879
5710,967,968
5710,1092,1093
5710,1301,1302
5711,878,879
5711,987,988
5711,990,991
5711,1177,1178
5712,878,879
5712,990,991
5712,1177,1178
5712,1315,1316
5713,878,879
5713,1170,1171
5713,1301,1302
5713,1392,1393
5714,878,879
5714,1301,1302
5714,1315,1316
5714,1392,1393
5715,878,879
5715,1018,1019
5715,1170,1171
5715,1301,1302
5716,878,879
5716,967,968
5716,1018,1019
5716,1301,1302
5717,878,879
5717,987,988
5717,1155,1156
5717,1177,1178
5718,878,879
5718,1155,1156
5718,1177,1178
5718,1315,1316
5719,878,879
5719,987,988
5719,1095,1096
5719,1194,1195
5720,878,879
5720,987,988
5720,990,991
5720,1095,1096
5721,878,879
5721,967,968
5721,1095,1096
5721,1194,1195
5722,878,879
5722,967,968
5722,990,991
5722,1095,1096
5723,878,879
5723,1155,1156
5723,1170,1171
5723,1392,1393
5724,878,879
5724,1155,1156
5724,1315,1316
5724,1392,1393
5725,878,879
5725,1018,1019
5725,1170,1171
5725,1194,1195
5726,878,879
5726,967,968
5726,1018,1019
5726,1194,1195
5727,878,879
5727,1155,1156
5727,1170,1171
5727,1217,1218
5728,878,879
5728,987,988
5728,1155,1156
5728,1217,1218
5729,878,879
5729,1170,1171
5729,1194,1195
5729,1217,1218
5730,878,879
5730,987,988
5730,1194,1195
5730,1217,1218
5731,1195,1196
5731,1231,1232
5731,1322,1323
5731,1353,1354
5732,1195,1196
5732,1249,1250
5732,1322,1323
5732,1353,1354
5733,1231,1232
5733,1322,1323
5733,1353,1354
5733,1502,1503
5734,1249,1250
5734,1322,1323
5734,1353,1354
5734,1502,1503
5735,1249,1250
5735,1322,1323
5735,1454,1455
5735,1502,1503
5736,1249,1250
5736,1309,1310
5736,1322,1323
5736,1454,1455
5737,1290,1291
5737,1328,1329
5737,1382,1383
5737,1625,1626
5738,1290,1291
5738,1295,1296
5738,1382,1383
5738,1625,1626
5739,1460,1461
5739,1472,1473
5739,1501,1502
5739,1606,1607
5740,1452,1453
5740,1460,1461
5740,1501,1502
5740,1606,1607
5741,1382,1383
5741,1464,1465
5741,1466,1467
5741,1483,1484
5742,1464,1465
5742,1466,1467
5742,1483,1484
5742,1768,1769
5743,1383,1384
5743,1464,1465
5743,1466,1467
5743,1768,1769
5744,1295,1296
5744,1382,1383
5744,1464,1465
5744,1466,1467
5745,1290,1291
5745,1295,1296
5745,1382,1383
5745,1464,1465
5746,1295,1296
5746,1383,1384
5746,1464,1465
5746,1466,1467
5747,1290,1291
5747,1295,1296
5747,1383,1384
5747,1464,1465
5748,1290,1291
5748,1328,1329
5748,1382,1383
5748,1464,1465
5749,1290,1291
5749,1328,1329
5749,1464,1465
5749,1480,1481
5750,1296,1297
5750,1464,1465
5750,1480,1481
5750,1505,1506
5751,1464,1465
5751,1483,1484
5751,1505,1506
5751,1572,1573
5752,1382,1383
5752,1464,1465
5752,1483,1484
5752,1572,1573
5753,1296,1297
5753,1328,1329
5753,1382,1383
5753,1464,1465
5754,1296,1297
5754,1328,1329
5754,1464,1465
5754,1480,1481
5755,1296,1297
5755,1464,1465
5755,1505,1506
5755,1572,1573
5756,1296,1297
5756,1382,1383
5756,1464,1465
5756,1572,1573
5757,1052,1053
5757,1251,1252
5757,1334,1335
5757,1376,1377
5758,1052,1053
5758,1251,1252
5758,1353,1354
5758,1376,1377
5759,1052,1053
5759,1249,1250
5759,1353,1354
5759,1376,1377
5760,1052,1053
5760,1152,1153
5760,1251,1252
5760,1353,1354
5761,1052,1053
5761,1152,1153
5761,1249,1250
5761,1353,1354
5762,1052,1053
5762,1334,1335
5762,1376,1377
5762,1595,1596
5763,1052,1053
5763,1334,1335
5763,1412,1413
5763,1595,1596
5764,1052,1053
5764,1249,1250
5764,1376,1377
5764,1595,1596
5765,1052,1053
5765,1110,1111
5765,1334,1335
5765,1364,1365
5766,1052,1053
5766,1251,1252
5766,1334,1335
5766,1364,1365
5767,1052,1053
5767,1110,1111
5767,1334,1335
5767,1412,1413
5768,1052,1053
5768,1110,1111
5768,1207,1208
5768,1364,1365
5769,1052,1053
5769,1207,1208
5769,1251,1252
5769,1364,1365
5770,761,762
5770,796,797
5770,849,850
5770,850,851
5771,720,721
5771,761,762
5771,796,797
5771,849,850
5772,796,797
5772,849,850
5772,931,932
5772,944,945
5773,796,797
5773,849,850
5773,850,851
5773,944,945
5774,741,742
5774,796,797
5774,849,850
5774,931,932
5775,720,721
5775,741,742
5775,796,797
5775,849,850
5776,720,721
5776,741,742
5776,796,797
5776,931,932
5777,796,797
5777,825,826
5777,850,851
5777,944,945
5778,783,784
5778,796,797
5778,825,826
5778,850,851
5779,571,572
5779,783,784
5779,796,797
5779,825,826
5780,796,797
5780,931,932
5780,944,945
5780,964,965
5781,571,572
5781,674,675
5781,783,784
5781,796,797
5782,765,766
5782,796,797
5782,825,826
5782,944,945
5783,571,572
5783,765,766
5783,796,797
5783,825,826
5784,765,766
5784,796,797
5784,944,945
5784,964,965
5785,571,572
5785,765,766
5785,796,797
5785,964,965
5786,571,572
5786,726,727
5786,796,797
5786,964,965
5787,518,519
5787,674,675
5787,764,765
5787,783,784
5788,518,519
5788,739,740
5788,764,765
5788,783,784
5789,725,726
5789,739,740
5789,764,765
5789,783,784
5790,529,530
5790,725,726
5790,739,740
5790,764,765
5791,518,519
5791,674,675
5791,711,712
5791,764,765
5792,674,675
5792,711,712
5792,764,765
5792,843,844
5793,679,680
5793,707,708
5793,725,726
5793,829,830
5794,679,680
5794,725,726
5794,824,825
5794,829,830
5795,529,530
5795,725,726
5795,824,825
5795,829,830
5796,700,701
5796,743,744
5796,777,778
5796,829,830
5797,707,708
5797,730,731
5797,785,786
5797,863,864
5798,785,786
5798,863,864
5798,864,865
5798,1109,1110
5799,707,708
5799,761,762
5799,785,786
5799,863,864
5800,761,762
5800,785,786
5800,863,864
5800,864,865
5801,679,680
5801,707,708
5801,730,731
5801,863,864
5802,679,680
5802,707,708
5802,829,830
5802,863,864
5803,707,708
5803,725,726
5803,829,830
5803,863,864
5804,700,701
5804,743,744
5804,973,974
5804,1121,1122
5805,700,701
5805,752,753
5805,973,974
5805,1121,1122
5806,743,744
5806,829,830
5806,863,864
5806,973,974
5807,700,701
5807,743,744
5807,829,830
5807,973,974
5808,752,753
5808,948,949
5808,973,974
5808,1000,1001
5809,816,817
5809,948,949
5809,973,974
5809,1000,1001
5810,712,713
5810,816,817
5810,948,949
5810,973,974
5811,908,909
5811,952,953
5811,1149,1150
5811,1205,1206
5812,752,753
5812,973,974
5812,1000,1001
5812,1205,1206
5813,752,753
5813,973,974
5813,1121,1122
5813,1205,1206
5814,908,909
5814,952,953
5814,962,963
5814,1205,1206
5815,908,909
5815,962,963
5815,1000,1001
5815,1205,1206
5816,445,446
5816,529,530
5816,793,794
5816,830,831
5817,445,446
5817,518,519
5817,529,530
5817,830,831
5818,445,446
5818,495,496
5818,632,633
5818,793,794
5819,445,446
5819,456,457
5819,793,794
5819,830,831
5820,445,446
5820,456,457
5820,495,496
5820,793,794
5821,445,446
5821,518,519
5821,718,719
5821,830,831
5822,445,446
5822,456,457
5822,718,719
5822,830,831
5823,445,446
5823,456,457
5823,495,496
5823,718,719
5824,445,446
5824,495,496
5824,715,716
5824,718,719
5825,445,446
5825,632,633
5825,715,716
5825,843,844
5826,445,446
5826,495,496
5826,632,633
5826,715,716
5827,445,446
5827,518,519
5827,711,712
5827,718,719
5828,445,446
5828,711,712
5828,715,716
5828,718,719
5829,445,446
5829,518,519
5829,529,530
5829,739,740
5830,445,446
5830,529,530
5830,739,740
5830,764,765
5831,445,446
5831,518,519
5831,739,740
5831,764,765
5832,445,446
5832,518,519
5832,711,712
5832,764,765
5833,445,446
5833,711,712
5833,764,765
5833,843,844
5834,445,446
5834,711,712
5834,715,716
5834,843,844
5835,1283,1284
5835,1372,1373
5835,1378,1379
5835,1389,1390
5836,1283,1284
5836,1378,1379
5836,1389,1390
5836,1619,1620
5837,1283,1284
5837,1372,1373
5837,1389,1390
5837,1542,1543
5838,1338,1339
5838,1372,1373
5838,1378,1379
5838,1389,1390
5839,1283,1284
5839,1389,1390
5839,1422,1423
5839,1542,1543
5840,1283,1284
5840,1389,1390
5840,1422,1423
5840,1619,1620
5841,1239,1240
5841,1338,1339
5841,1372,1373
5841,1389,1390
5842,1389,1390
5842,1422,1423
5842,1608,1609
5842,1619,1620
5843,1389,1390
5843,1557,1558
5843,1608,1609
5843,1619,1620
5844,1279,1280
5844,1338,1339
5844,1378,1379
5844,1389,1390
5845,1239,1240
5845,1279,1280
5845,1338,1339
5845,1389,1390
5846,1279,1280
5846,1378,1379
5846,1389,1390
5846,1619,1620
5847,1239,1240
5847,1279,1280
5847,1389,1390
5847,1619,1620
5848,1239,1240
5848,1372,1373
5848,1389,1390
5848,1587,1588
5849,1372,1373
5849,1389,1390
5849,1401,1402
5849,1587,1588
5850,1372,1373
5850,1389,1390
5850,1401,1402
5850,1542,1543
5851,1239,1240
5851,1246,1247
5851,1389,1390
5851,1557,1558
5852,1246,1247
5852,1389,1390
5852,1557,1558
5852,1619,1620
5853,1239,1240
5853,1246,1247
5853,1389,1390
5853,1619,1620
5854,1389,1390
5854,1401,1402
5854,1506,1507
5854,1587,1588
5855,1483,1484
5855,1508,1509
5855,1539,1540
5855,1768,1769
5856,1464,1465
5856,1483,1484
5856,1505,1506
5856,1539,1540
5857,1464,1465
5857,1483,1484
5857,1539,1540
5857,1768,1769
5858,1446,1447
5858,1483,1484
5858,1505,1506
5858,1539,1540
5859,1446,1447
5859,1505,1506
5859,1539,1540
5859,1623,1624
5860,1483,1484
5860,1508,1509
5860,1539,1540
5860,1844,1845
5861,1446,1447
5861,1483,1484
5861,1539,1540
5861,1844,1845
5862,1446,1447
5862,1539,1540
5862,1637,1638
5862,1844,1845
5863,1489,1490
5863,1539,1540
5863,1585,1586
5863,1623,1624
5864,1446,1447
5864,1489,1490
5864,1539,1540
5864,1623,1624
5865,1489,1490
5865,1539,1540
5865,1585,1586
5865,1637,1638
5866,1446,1447
5866,1489,1490
5866,1539,1540
5866,1637,1638
5867,1508,1509
5867,1610,1611
5867,1650,1651
5867,1844,1845
5868,1610,1611
5868,1637,1638
5868,1645,1646
5868,1650,1651
5869,1610,1611
5869,1637,1638
5869,1650,1651
5869,1844,1845
5870,1610,1611
5870,1645,1646
5870,1650,1651
5870,1737,1738
5871,1508,1509
5871,1610,1611
5871,1650,1651
5871,1737,1738
5872,1539,1540
5872,1637,1638
5872,1650,1651
5872,1844,1845
5873,1508,1509
5873,1539,1540
5873,1650,1651
5873,1844,1845
5874,1469,1470
5874,1508,1509
5874,1650,1651
5874,1737,1738
5875,1585,1586
5875,1637,1638
5875,1645,1646
5875,1650,1651
5876,1539,1540
5876,1585,1586
5876,1637,1638
5876,1650,1651
5877,1460,1461
5877,1472,1473
5877,1485,1486
5877,1606,1607
5878,1460,1461
5878,1485,1486
5878,1570,1571
5878,1606,1607
5879,1472,1473
5879,1485,1486
5879,1487,1488
5879,1497,1498
5880,1472,1473
5880,1485,1486
5880,1487,1488
5880,1606,1607
5881,1485,1486
5881,1487,1488
5881,1606,1607
5881,1689,1690
5882,1485,1486
5882,1570,1571
5882,1606,1607
5882,1727,1728
5883,1485,1486
5883,1487,1488
5883,1497,1498
5883,1823,1824
5884,1485,1486
5884,1487,1488
5884,1689,1690
5884,1823,1824
5885,1485,1486
5885,1689,1690
5885,1810,1811
5885,1823,1824
5886,1485,1486
5886,1689,1690
5886,1727,1728
5886,1810,1811
5887,1485,1486
5887,1606,1607
5887,1689,1690
5887,1727,1728
5888,1485,1486
5888,1497,1498
5888,1643,1644
5888,1823,1824
5889,1485,1486
5889,1643,1644
5889,1810,1811
5889,1823,1824
5890,1469,1470
5890,1485,1486
5890,1643,1644
5890,1810,1811
5891,1469,1470
5891,1485,1486
5891,1727,1728
5891,1810,1811
5892,1469,1470
5892,1485,1486
5892,1570,1571
5892,1727,1728
5893,1068,1069
5893,1094,1095
5893,1137,1138
5893,1300,1301
5894,1044,1045
5894,1068,1069
5894,1094,1095
5894,1186,1187
5895,1068,1069
5895,1073,1074
5895,1081,1082
5895,1199,1200
5896,891,892
5896,1068,1069
5896,1094,1095
5896,1137,1138
5897,891,892
5897,1044,1045
5897,1068,1069
5897,1094,1095
5898,1068,1069
5898,1081,1082
5898,1134,1135
5898,1147,1148
5899,1068,1069
5899,1073,1074
5899,1081,1082
5899,1134,1135
5900,914,915
5900,961,962
5900,1073,1074
5900,1168,1169
5901,1380,1381
5901,1447,1448
5901,1504,1505
5901,1550,1551
5902,1380,1381
5902,1447,1448
5902,1504,1505
5902,1558,1559
5903,1447,1448
5903,1504,1505
5903,1532,1533
5903,1558,1559
5904,1241,1242
5904,1393,1394
5904,1447,1448
5904,1550,1551
5905,1241,1242
5905,1380,1381
5905,1447,1448
5905,1550,1551
5906,1447,1448
5906,1532,1533
5906,1578,1579
5906,1664,1665
5907,1447,1448
5907,1504,1505
5907,1532,1533
5907,1664,1665
5908,886,887
5908,889,890
5908,1003,1004
5908,1014,1015
5909,886,887
5909,889,890
5909,912,913
5909,1003,1004
5910,886,887
5910,894,895
5910,1003,1004
5910,1014,1015
5911,886,887
5911,894,895
5911,912,913
5911,1003,1004
5912,782,783
5912,886,887
5912,889,890
5912,1014,1015
5913,886,887
5913,889,890
5913,912,913
5913,965,966
5914,886,887
5914,894,895
5914,1014,1015
5914,1095,1096
5915,886,887
5915,894,895
5915,912,913
5915,965,966
5916,848,849
5916,886,887
5916,889,890
5916,965,966
5917,782,783
5917,848,849
5917,886,887
5917,965,966
5918,782,783
5918,848,849
5918,886,887
5918,889,890
5919,886,887
5919,894,895
5919,980,981
5919,1095,1096
5920,886,887
5920,894,895
5920,965,966
5920,980,981
5921,759,760
5921,886,887
5921,965,966
5921,980,981
5922,759,760
5922,782,783
5922,886,887
5922,965,966
5923,751,752
5923,790,791
5923,819,820
5923,893,894
5924,751,752
5924,819,820
5924,847,848
5924,893,894
5925,751,752
5925,819,820
5925,847,848
5925,966,967
5926,751,752
5926,758,759
5926,778,779
5926,790,791
5927,751,752
5927,778,779
5927,790,791
5927,819,820
5928,751,752
5928,758,759
5928,778,779
5928,966,967
5929,751,752
5929,778,779
5929,819,820
5929,966,967
5930,536,537
5930,757,758
5930,790,791
5930,842,843
5931,651,652
5931,757,758
5931,790,791
5931,842,843
5932,536,537
5932,586,587
5932,757,758
5932,842,843
5933,511,512
5933,586,587
5933,757,758
5933,842,843
5934,511,512
5934,651,652
5934,757,758
5934,842,843
5935,535,536
5935,536,537
5935,586,587
5935,757,758
5936,535,536
5936,586,587
5936,699,700
5936,757,758
5937,535,536
5937,536,537
5937,699,700
5937,757,758
5938,517,518
5938,790,791
5938,794,795
5938,815,816
5939,794,795
5939,815,816
5939,845,846
5939,881,882
5940,697,698
5940,736,737
5940,794,795
5940,845,846
5941,668,669
5941,794,795
5941,815,816
5941,881,882
5942,668,669
5942,790,791
5942,794,795
5942,815,816
5943,668,669
5943,758,759
5943,815,816
5943,881,882
5944,668,669
5944,758,759
5944,790,791
5944,815,816
5945,668,669
5945,751,752
5945,758,759
5945,1025,1026
5946,668,669
5946,751,752
5946,758,759
5946,790,791
5947,668,669
5947,751,752
5947,790,791
5947,1025,1026
5948,668,669
5948,794,795
5948,845,846
5948,881,882
5949,667,668
5949,751,752
5949,790,791
5949,893,894
5950,667,668
5950,751,752
5950,790,791
5950,1025,1026
5951,651,652
5951,667,668
5951,842,843
5951,893,894
5952,667,668
5952,790,791
5952,842,843
5952,893,894
5953,651,652
5953,667,668
5953,790,791
5953,842,843
5954,651,652
5954,667,668
5954,757,758
5954,790,791
5955,667,668
5955,668,669
5955,790,791
5955,1025,1026
5956,967,968
5956,969,970
5956,1018,1019
5956,1194,1195
5957,967,968
5957,969,970
5957,1095,1096
5957,1194,1195
5958,886,887
5958,969,970
5958,980,981
5958,1095,1096
5959,759,760
5959,886,887
5959,969,970
5959,980,981
5960,967,968
5960,969,970
5960,980,981
5960,1095,1096
5961,759,760
5961,893,894
5961,901,902
5961,979,980
5962,759,760
5962,782,783
5962,893,894
5962,979,980
5963,651,652
5963,893,894
5963,901,902
5963,979,980
5964,651,652
5964,667,668
5964,893,894
5964,979,980
5965,432,433
5965,517,518
5965,798,799
5965,804,805
5966,432,433
5966,705,706
5966,798,799
5966,804,805
5967,432,433
5967,517,518
5967,705,706
5967,804,805
5968,517,518
5968,637,638
5968,798,799
5968,804,805
5969,517,518
5969,637,638
5969,804,805
5969,815,816
5970,517,518
5970,794,795
5970,804,805
5970,815,816
5971,517,518
5971,705,706
5971,794,795
5971,804,805
5972,470,471
5972,637,638
5972,804,805
5972,815,816
5973,701,702
5973,705,706
5973,798,799
5973,804,805
5974,470,471
5974,497,498
5974,637,638
5974,804,805
5975,497,498
5975,637,638
5975,798,799
5975,804,805
5976,470,471
5976,497,498
5976,701,702
5976,804,805
5977,497,498
5977,701,702
5977,798,799
5977,804,805
5978,470,471
5978,697,698
5978,804,805
5978,815,816
5979,697,698
5979,736,737
5979,794,795
5979,804,805
5980,697,698
5980,804,805
5980,815,816
5980,845,846
5981,794,795
5981,804,805
5981,815,816
5981,845,846
5982,697,698
5982,794,795
5982,804,805
5982,845,846
5983,490,491
5983,685,686
5983,705,706
5983,818,819
5984,490,491
5984,535,536
5984,705,706
5984,818,819
5985,490,491
5985,573,574
5985,649,650
5985,685,686
5986,490,491
5986,649,650
5986,685,686
5986,818,819
5987,438,439
5987,490,491
5987,573,574
5987,818,819
5988,438,439
5988,490,491
5988,535,536
5988,818,819
5989,438,439
5989,490,491
5989,535,536
5989,628,629
5990,490,491
5990,573,574
5990,685,686
5990,776,777
5991,490,491
5991,552,553
5991,628,629
5991,639,640
5992,490,491
5992,541,542
5992,573,574
5992,818,819
5993,490,491
5993,541,542
5993,573,574
5993,649,650
5994,490,491
5994,541,542
5994,649,650
5994,818,819
5995,438,439
5995,490,491
5995,569,570
5995,573,574
5996,438,439
5996,490,491
5996,569,570
5996,628,629
5997,490,491
5997,552,553
5997,573,574
5997,776,777
5998,490,491
5998,552,553
5998,639,640
5998,776,777
5999,490,491
5999,552,553
5999,569,570
5999,573,574
6000,490,491
6000,552,553
6000,569,570
6000,628,629
6001,713,714
6001,881,882
6001,932,933
6001,935,936
6002,668,669
6002,758,759
6002,881,882
6002,935,936
6003,668,669
6003,758,759
6003,935,936
6003,1025,1026
6004,758,759
6004,817,818
6004,881,882
6004,935,936
6005,787,788
6005,817,818
6005,896,897
6005,935,936
6006,758,759
6006,787,788
6006,817,818
6006,935,936
6007,876,877
6007,906,907
6007,932,933
6007,1044,1045
6008,857,858
6008,906,907
6008,1044,1045
6008,1186,1187
6009,906,907
6009,1044,1045
6009,1068,1069
6009,1186,1187
6010,857,858
6010,906,907
6010,1073,1074
6010,1199,1200
6011,906,907
6011,1068,1069
6011,1073,1074
6011,1199,1200
6012,857,858
6012,906,907
6012,1186,1187
6012,1199,1200
6013,906,907
6013,1068,1069
6013,1186,1187
6013,1199,1200
6014,876,877
6014,891,892
6014,906,907
6014,1044,1045
6015,891,892
6015,906,907
6015,1044,1045
6015,1068,1069
6016,876,877
6016,899,900
6016,906,907
6016,955,956
6017,876,877
6017,891,892
6017,906,907
6017,955,956
6018,891,892
6018,906,907
6018,1068,1069
6018,1137,1138
6019,857,858
6019,860,861
6019,932,933
6019,1216,1217
6020,857,858
6020,860,861
6020,1004,1005
6020,1216,1217
6021,860,861
6021,932,933
6021,1004,1005
6021,1216,1217
6022,857,858
6022,1004,1005
6022,1133,1134
6022,1216,1217
6023,857,858
6023,932,933
6023,1044,1045
6023,1216,1217
6024,857,858
6024,906,907
6024,1044,1045
6024,1216,1217
6025,906,907
6025,932,933
6025,1044,1045
6025,1216,1217
6026,857,858
6026,906,907
6026,1073,1074
6026,1216,1217
6027,713,714
6027,932,933
6027,1004,1005
6027,1216,1217
6028,713,714
6028,874,875
6028,890,891
6028,1004,1005
6029,687,688
6029,713,714
6029,890,891
6029,1216,1217
6030,713,714
6030,890,891
6030,1004,1005
6030,1216,1217
6031,665,666
6031,744,745
6031,867,868
6031,890,891
6032,665,666
6032,687,688
6032,867,868
6032,890,891
6033,890,891
6033,1004,1005
6033,1133,1134
6033,1216,1217
6034,890,891
6034,1133,1134
6034,1168,1169
6034,1216,1217
6035,687,688
6035,867,868
6035,890,891
6035,1005,1006
6036,744,745
6036,867,868
6036,890,891
6036,1015,1016
6037,867,868
6037,890,891
6037,1015,1016
6037,1168,1169
6038,865,866
6038,890,891
6038,1004,1005
6038,1133,1134
6039,744,745
6039,762,763
6039,814,815
6039,865,866
6040,762,763
6040,874,875
6040,890,891
6040,1004,1005
6041,669,670
6041,762,763
6041,768,769
6041,887,888
6042,744,745
6042,762,763
6042,865,866
6042,890,891
6043,762,763
6043,865,866
6043,890,891
6043,1004,1005
6044,762,763
6044,865,866
6044,887,888
6044,1004,1005
6045,681,682
6045,762,763
6045,865,866
6045,887,888
6046,681,682
6046,762,763
6046,814,815
6046,865,866
6047,762,763
6047,768,769
6047,887,888
6047,940,941
6048,762,763
6048,768,769
6048,874,875
6048,940,941
6049,669,670
6049,681,682
6049,762,763
6049,887,888
6050,669,670
6050,681,682
6050,762,763
6050,814,815
6051,762,763
6051,887,888
6051,940,941
6051,1004,1005
6052,762,763
6052,874,875
6052,940,941
6052,1004,1005
6053,712,713
6053,740,741
6053,821,822
6053,953,954
6054,711,712
6054,740,741
6054,836,837
6054,843,844
6055,712,713
6055,740,741
6055,816,817
6055,953,954
6056,655,656
6056,740,741
6056,821,822
6056,953,954
6057,821,822
6057,901,902
6057,943,944
6057,953,954
6058,655,656
6058,821,822
6058,943,944
6058,953,954
6059,655,656
6059,809,810
6059,813,814
6059,943,944
6060,943,944
6060,974,975
6060,1005,1006
6060,1182,1183
6061,655,656
6061,809,810
6061,943,944
6061,1017,1018
6062,655,656
6062,943,944
6062,953,954
6062,1017,1018
6063,809,810
6063,943,944
6063,1017,1018
6063,1182,1183
6064,710,711
6064,901,902
6064,1002,1003
6064,1011,1012
6065,712,713
6065,901,902
6065,953,954
6065,1002,1003
6066,712,713
6066,821,822
6066,953,954
6066,1002,1003
6067,821,822
6067,901,902
6067,953,954
6067,1002,1003
6068,632,633
6068,696,697
6068,1002,1003
6068,1011,1012
6069,632,633
6069,836,837
6069,843,844
6069,1002,1003
6070,712,713
6070,740,741
6070,821,822
6070,1002,1003
6071,740,741
6071,836,837
6071,843,844
6071,1002,1003
6072,740,741
6072,821,822
6072,836,837
6072,1002,1003
6073,651,652
6073,660,661
6073,710,711
6073,901,902
6074,651,652
6074,660,661
6074,821,822
6074,901,902
6075,660,661
6075,710,711
6075,901,902
6075,1002,1003
6076,660,661
6076,821,822
6076,901,902
6076,1002,1003
6077,660,661
6077,696,697
6077,710,711
6077,1011,1012
6078,660,661
6078,696,697
6078,1002,1003
6078,1011,1012
6079,660,661
6079,710,711
6079,1002,1003
6079,1011,1012
6080,660,661
6080,821,822
6080,836,837
6080,1002,1003
6081,660,661
6081,696,697
6081,710,711
6081,800,801
6082,511,512
6082,651,652
6082,660,661
6082,800,801
6083,651,652
6083,660,661
6083,710,711
6083,800,801
6084,632,633
6084,660,661
6084,696,697
6084,1002,1003
6085,632,633
6085,640,641
6085,660,661
6085,836,837
6086,632,633
6086,660,661
6086,836,837
6086,1002,1003
6087,511,512
6087,653,654
6087,660,661
6087,800,801
6088,653,654
6088,660,661
6088,696,697
6088,800,801
6089,511,512
6089,640,641
6089,653,654
6089,660,661
6090,632,633
6090,653,654
6090,660,661
6090,696,697
6091,632,633
6091,640,641
6091,653,654
6091,660,661
6092,717,718
6092,835,836
6092,844,845
6092,957,958
6093,655,656
6093,835,836
6093,844,845
6093,957,958
6094,717,718
6094,813,814
6094,835,836
6094,844,845
6095,655,656
6095,813,814
6095,835,836
6095,844,845
6096,655,656
6096,740,741
6096,844,845
6096,957,958
6097,693,694
6097,717,718
6097,844,845
6097,957,958
6098,439,440
6098,693,694
6098,717,718
6098,844,845
6099,711,712
6099,740,741
6099,836,837
6099,844,845
6100,711,712
6100,740,741
6100,844,845
6100,957,958
6101,740,741
6101,821,822
6101,836,837
6101,844,845
6102,655,656
6102,740,741
6102,821,822
6102,844,845
6103,439,440
6103,551,552
6103,836,837
6103,844,845
6104,439,440
6104,551,552
6104,717,718
6104,844,845
6105,551,552
6105,717,718
6105,813,814
6105,844,845
6106,693,694
6106,711,712
6106,844,845
6106,957,958
6107,439,440
6107,711,712
6107,836,837
6107,844,845
6108,439,440
6108,693,694
6108,711,712
6108,844,845
6109,655,656
6109,708,709
6109,835,836
6109,957,958
6110,708,709
6110,835,836
6110,885,886
6110,957,958
6111,708,709
6111,795,796
6111,835,836
6111,885,886
6112,708,709
6112,795,796
6112,885,886
6112,957,958
6113,708,709
6113,795,796
6113,922,923
6113,957,958
6114,708,709
6114,816,817
6114,922,923
6114,957,958
6115,664,665
6115,708,709
6115,795,796
6115,835,836
6116,664,665
6116,708,709
6116,795,796
6116,905,906
6117,708,709
6117,795,796
6117,905,906
6117,922,923
6118,708,709
6118,871,872
6118,905,906
6118,922,923
6119,655,656
6119,708,709
6119,809,810
6119,1017,1018
6120,708,709
6120,740,741
6120,816,817
6120,957,958
6121,655,656
6121,708,709
6121,740,741
6121,957,958
6122,708,709
6122,740,741
6122,816,817
6122,953,954
6123,655,656
6123,708,709
6123,740,741
6123,953,954
6124,655,656
6124,708,709
6124,953,954
6124,1017,1018
6125,663,664
6125,813,814
6125,852,853
6125,950,951
6126,809,810
6126,813,814
6126,943,944
6126,950,951
6127,943,944
6127,950,951
6127,1005,1006
6127,1182,1183
6128,809,810
6128,943,944
6128,950,951
6128,1182,1183
6129,665,666
6129,852,853
6129,867,868
6129,950,951
6130,665,666
6130,867,868
6130,950,951
6130,1005,1006
6131,867,868
6131,950,951
6131,1005,1006
6131,1182,1183
6132,871,872
6132,913,914
6132,929,930
6132,1017,1018
6133,809,810
6133,913,914
6133,929,930
6133,1017,1018
6134,708,709
6134,871,872
6134,929,930
6134,1017,1018
6135,708,709
6135,809,810
6135,929,930
6135,1017,1018
6136,755,756
6136,809,810
6136,835,836
6136,929,930
6137,755,756
6137,809,810
6137,913,914
6137,929,930
6138,664,665
6138,708,709
6138,835,836
6138,929,930
6139,655,656
6139,809,810
6139,835,836
6139,929,930
6140,655,656
6140,708,709
6140,835,836
6140,929,930
6141,655,656
6141,708,709
6141,809,810
6141,929,930
6142,755,756
6142,913,914
6142,929,930
6142,947,948
6143,708,709
6143,871,872
6143,905,906
6143,929,930
6144,664,665
6144,708,709
6144,905,906
6144,929,930
6145,913,914
6145,929,930
6145,947,948
6145,956,957
6146,871,872
6146,913,914
6146,929,930
6146,956,957
6147,871,872
6147,905,906
6147,929,930
6147,954,955
6148,664,665
6148,905,906
6148,929,930
6148,954,955
6149,755,756
6149,828,829
6149,835,836
6149,929,930
6150,664,665
6150,828,829
6150,835,836
6150,929,930
6151,738,739
6151,755,756
6151,929,930
6151,947,948
6152,929,930
6152,947,948
6152,954,955
6152,956,957
6153,871,872
6153,929,930
6153,954,955
6153,956,957
6154,872,873
6154,929,930
6154,947,948
6154,954,955
6155,664,665
6155,872,873
6155,929,930
6155,954,955
6156,738,739
6156,755,756
6156,828,829
6156,929,930
6157,664,665
6157,738,739
6157,828,829
6157,929,930
6158,738,739
6158,872,873
6158,929,930
6158,947,948
6159,664,665
6159,738,739
6159,872,873
6159,929,930
6160,744,745
6160,852,853
6160,856,857
6160,867,868
6161,744,745
6161,856,857
6161,867,868
6161,1015,1016
6162,856,857
6162,913,914
6162,983,984
6162,1015,1016
6163,856,857
6163,976,977
6163,983,984
6163,1015,1016
6164,744,745
6164,852,853
6164,856,857
6164,976,977
6165,744,745
6165,856,857
6165,976,977
6165,1015,1016
6166,663,664
6166,852,853
6166,856,857
6166,976,977
6167,852,853
6167,856,857
6167,867,868
6167,950,951
6168,809,810
6168,856,857
6168,913,914
6168,1182,1183
6169,663,664
6169,755,756
6169,856,857
6169,983,984
6170,755,756
6170,856,857
6170,913,914
6170,983,984
6171,663,664
6171,682,683
6171,856,857
6171,983,984
6172,663,664
6172,682,683
6172,856,857
6172,976,977
6173,682,683
6173,856,857
6173,976,977
6173,983,984
6174,856,857
6174,867,868
6174,950,951
6174,1182,1183
6175,809,810
6175,856,857
6175,950,951
6175,1182,1183
6176,663,664
6176,852,853
6176,856,857
6176,950,951
6177,663,664
6177,755,756
6177,809,810
6177,856,857
6178,755,756
6178,809,810
6178,856,857
6178,913,914
6179,663,664
6179,809,810
6179,813,814
6179,856,857
6180,663,664
6180,813,814
6180,856,857
6180,950,951
6181,809,810
6181,813,814
6181,856,857
6181,950,951
6182,447,448
6182,539,540
6182,553,554
6182,641,642
6183,322,323
6183,447,448
6183,553,554
6183,718,719
6184,322,323
6184,447,448
6184,553,554
6184,641,642
6185,322,323
6185,447,448
6185,543,544
6185,718,719
6186,447,448
6186,553,554
6186,718,719
6186,830,831
6187,447,448
6187,456,457
6187,718,719
6187,830,831
6188,447,448
6188,456,457
6188,472,473
6188,718,719
6189,447,448
6189,539,540
6189,553,554
6189,830,831
6190,447,448
6190,456,457
6190,539,540
6190,830,831
6191,447,448
6191,472,473
6191,543,544
6191,718,719
6192,289,290
6192,322,323
6192,447,448
6192,543,544
6193,289,290
6193,322,323
6193,447,448
6193,641,642
6194,447,448
6194,456,457
6194,479,480
6194,539,540
6195,254,255
6195,447,448
6195,479,480
6195,539,540
6196,254,255
6196,447,448
6196,539,540
6196,641,642
6197,289,290
6197,294,295
6197,447,448
6197,543,544
6198,447,448
6198,456,457
6198,472,473
6198,599,600
6199,447,448
6199,456,457
6199,479,480
6199,599,600
6200,294,295
6200,447,448
6200,472,473
6200,543,544
6201,254,255
6201,289,290
6201,447,448
6201,641,642
6202,294,295
6202,447,448
6202,472,473
6202,599,600
6203,294,295
6203,447,448
6203,479,480
6203,599,600
6204,254,255
6204,294,295
6204,447,448
6204,479,480
6205,254,255
6205,289,290
6205,294,295
6205,447,448
6206,1469,1470
6206,1570,1571
6206,1705,1706
6206,1727,1728
6207,1439,1440
6207,1570,1571
6207,1705,1706
6207,1727,1728
6208,1627,1628
6208,1655,1656
6208,1676,1677
6208,1701,1702
6209,1676,1677
6209,1701,1702
6209,1798,1799
6209,1840,1841
6210,1655,1656
6210,1676,1677
6210,1701,1702
6210,1840,1841
6211,1585,1586
6211,1688,1689
6211,1780,1781
6211,1788,1789
6212,1585,1586
6212,1645,1646
6212,1650,1651
6212,1780,1781
6213,1645,1646
6213,1659,1660
6213,1676,1677
6213,1780,1781
6214,1652,1653
6214,1659,1660
6214,1688,1689
6214,1780,1781
6215,1585,1586
6215,1652,1653
6215,1688,1689
6215,1780,1781
6216,1645,1646
6216,1652,1653
6216,1659,1660
6216,1780,1781
6217,1585,1586
6217,1645,1646
6217,1652,1653
6217,1780,1781
6218,1672,1673
6218,1688,1689
6218,1780,1781
6218,1788,1789
6219,1645,1646
6219,1650,1651
6219,1676,1677
6219,1780,1781
6220,1585,1586
6220,1692,1693
6220,1780,1781
6220,1788,1789
6221,1585,1586
6221,1650,1651
6221,1692,1693
6221,1780,1781
6222,1659,1660
6222,1676,1677
6222,1780,1781
6222,1798,1799
6223,1659,1660
6223,1688,1689
6223,1780,1781
6223,1841,1842
6224,1659,1660
6224,1780,1781
6224,1798,1799
6224,1841,1842
6225,709,710
6225,730,731
6225,743,744
6225,988,989
6226,709,710
6226,743,744
6226,866,867
6226,988,989
6227,709,710
6227,824,825
6227,866,867
6227,977,978
6228,679,680
6228,709,710
6228,730,731
6228,863,864
6229,709,710
6229,730,731
6229,743,744
6229,863,864
6230,679,680
6230,709,710
6230,824,825
6230,829,830
6231,709,710
6231,743,744
6231,777,778
6231,866,867
6232,709,710
6232,777,778
6232,824,825
6232,866,867
6233,679,680
6233,709,710
6233,829,830
6233,863,864
6234,709,710
6234,743,744
6234,829,830
6234,863,864
6235,709,710
6235,743,744
6235,777,778
6235,829,830
6236,709,710
6236,777,778
6236,824,825
6236,829,830
6237,772,773
6237,777,778
6237,832,833
6237,838,839
6238,772,773
6238,777,778
6238,832,833
6238,977,978
6239,666,667
6239,772,773
6239,777,778
6239,838,839
6240,666,667
6240,772,773
6240,777,778
6240,977,978
6241,666,667
6241,742,743
6241,772,773
6241,977,978
6242,487,488
6242,742,743
6242,772,773
6242,977,978
6243,487,488
6243,772,773
6243,832,833
6243,977,978
6244,666,667
6244,742,743
6244,772,773
6244,848,849
6245,666,667
6245,772,773
6245,838,839
6245,848,849
6246,487,488
6246,618,619
6246,772,773
6246,832,833
6247,481,482
6247,618,619
6247,772,773
6247,832,833
6248,481,482
6248,772,773
6248,832,833
6248,838,839
6249,722,723
6249,742,743
6249,772,773
6249,848,849
6250,487,488
6250,722,723
6250,742,743
6250,772,773
6251,474,475
6251,481,482
6251,618,619
6251,772,773
6252,683,684
6252,722,723
6252,772,773
6252,848,849
6253,683,684
6253,772,773
6253,838,839
6253,848,849
6254,487,488
6254,558,559
6254,618,619
6254,772,773
6255,487,488
6255,558,559
6255,722,723
6255,772,773
6256,474,475
6256,558,559
6256,618,619
6256,772,773
6257,474,475
6257,558,559
6257,722,723
6257,772,773
6258,474,475
6258,683,684
6258,722,723
6258,772,773
6259,474,475
6259,481,482
6259,683,684
6259,772,773
6260,481,482
6260,683,684
6260,772,773
6260,838,839
6261,952,953
6261,1009,1010
6261,1093,1094
6261,1150,1151
6262,952,953
6262,1093,1094
6262,1150,1151
6262,1157,1158
6263,1093,1094
6263,1150,1151
6263,1157,1158
6263,1405,1406
6264,1093,1094
6264,1150,1151
6264,1161,1162
6264,1405,1406
6265,952,953
6265,1093,1094
6265,1157,1158
6265,1200,1201
6266,1093,1094
6266,1157,1158
6266,1200,1201
6266,1405,1406
6267,952,953
6267,1093,1094
6267,1149,1150
6267,1200,1201
6268,952,953
6268,1009,1010
6268,1093,1094
6268,1149,1150
6269,1079,1080
6269,1093,1094
6269,1200,1201
6269,1405,1406
6270,1009,1010
6270,1085,1086
6270,1093,1094
6270,1150,1151
6271,875,876
6271,894,895
6271,982,983
6271,1156,1157
6272,875,876
6272,960,961
6272,1009,1010
6272,1156,1157
6273,875,876
6273,960,961
6273,1009,1010
6273,1210,1211
6274,875,876
6274,894,895
6274,982,983
6274,1198,1199
6275,875,876
6275,991,992
6275,1149,1150
6275,1210,1211
6276,875,876
6276,1009,1010
6276,1149,1150
6276,1210,1211
6277,875,876
6277,982,983
6277,991,992
6277,1121,1122
6278,875,876
6278,894,895
6278,895,896
6278,1156,1157
6279,875,876
6279,895,896
6279,960,961
6279,1156,1157
6280,875,876
6280,884,885
6280,982,983
6280,991,992
6281,875,876
6281,884,885
6281,982,983
6281,1198,1199
6282,875,876
6282,884,885
6282,991,992
6282,1198,1199
6283,875,876
6283,991,992
6283,1121,1122
6283,1149,1150
6284,875,876
6284,1009,1010
6284,1121,1122
6284,1149,1150
6285,875,876
6285,894,895
6285,895,896
6285,1198,1199
6286,875,876
6286,895,896
6286,960,961
6286,1198,1199
6287,1009,1010
6287,1033,1034
6287,1092,1093
6287,1156,1157
6288,952,953
6288,1009,1010
6288,1033,1034
6288,1092,1093
6289,875,876
6289,1009,1010
6289,1033,1034
6289,1156,1157
6290,967,968
6290,1033,1034
6290,1092,1093
6290,1156,1157
6291,916,917
6291,967,968
6291,1033,1034
6291,1092,1093
6292,875,876
6292,982,983
6292,1033,1034
6292,1156,1157
6293,875,876
6293,1009,1010
6293,1033,1034
6293,1121,1122
6294,952,953
6294,1009,1010
6294,1033,1034
6294,1149,1150
6295,952,953
6295,1033,1034
6295,1149,1150
6295,1205,1206
6296,752,753
6296,1033,1034
6296,1121,1122
6296,1205,1206
6297,967,968
6297,980,981
6297,1033,1034
6297,1156,1157
6298,916,917
6298,967,968
6298,980,981
6298,1033,1034
6299,980,981
6299,982,983
6299,1033,1034
6299,1156,1157
6300,752,753
6300,980,981
6300,982,983
6300,1033,1034
6301,752,753
6301,982,983
6301,1033,1034
6301,1121,1122
6302,875,876
6302,982,983
6302,1033,1034
6302,1121,1122
6303,1009,1010
6303,1033,1034
6303,1121,1122
6303,1149,1150
6304,1033,1034
6304,1121,1122
6304,1149,1150
6304,1205,1206
6305,1030,1031
6305,1201,1202
6305,1301,1302
6305,1352,1353
6306,1181,1182
6306,1201,1202
6306,1301,1302
6306,1352,1353
6307,1181,1182
6307,1185,1186
6307,1201,1202
6307,1352,1353
6308,1130,1131
6308,1185,1186
6308,1201,1202
6308,1318,1319
6309,1088,1089
6309,1130,1131
6309,1201,1202
6309,1318,1319
6310,998,999
6310,1130,1131
6310,1185,1186
6310,1201,1202
6311,998,999
6311,1181,1182
6311,1185,1186
6311,1201,1202
6312,1185,1186
6312,1201,1202
6312,1352,1353
6312,1404,1405
6313,1030,1031
6313,1201,1202
6313,1352,1353
6313,1404,1405
6314,1185,1186
6314,1201,1202
6314,1318,1319
6314,1404,1405
6315,1080,1081
6315,1201,1202
6315,1318,1319
6315,1404,1405
6316,1080,1081
6316,1088,1089
6316,1201,1202
6316,1318,1319
6317,1080,1081
6317,1201,1202
6317,1308,1309
6317,1404,1405
6318,1030,1031
6318,1080,1081
6318,1201,1202
6318,1308,1309
6319,1030,1031
6319,1201,1202
6319,1308,1309
6319,1404,1405
6320,1209,1210
6320,1227,1228
6320,1352,1353
6320,1391,1392
6321,1209,1210
6321,1227,1228
6321,1327,1328
6321,1391,1392
6322,1227,1228
6322,1352,1353
6322,1391,1392
6322,1404,1405
6323,1152,1153
6323,1209,1210
6323,1352,1353
6323,1391,1392
6324,1227,1228
6324,1391,1392
6324,1404,1405
6324,1414,1415
6325,1227,1228
6325,1327,1328
6325,1391,1392
6325,1414,1415
6326,1209,1210
6326,1327,1328
6326,1391,1392
6326,1416,1417
6327,1152,1153
6327,1327,1328
6327,1391,1392
6327,1416,1417
6328,1152,1153
6328,1209,1210
6328,1391,1392
6328,1416,1417
6329,1110,1111
6329,1391,1392
6329,1404,1405
6329,1414,1415
6330,1110,1111
6330,1391,1392
6330,1412,1413
6330,1414,1415
6331,1327,1328
6331,1391,1392
6331,1412,1413
6331,1414,1415
6332,1110,1111
6332,1185,1186
6332,1391,1392
6332,1404,1405
6333,1185,1186
6333,1352,1353
6333,1391,1392
6333,1404,1405
6334,1052,1053
6334,1152,1153
6334,1327,1328
6334,1391,1392
6335,1052,1053
6335,1110,1111
6335,1391,1392
6335,1412,1413
6336,1052,1053
6336,1327,1328
6336,1391,1392
6336,1412,1413
6337,995,996
6337,1009,1010
6337,1149,1150
6337,1210,1211
6338,995,996
6338,1009,1010
6338,1093,1094
6338,1149,1150
6339,926,927
6339,995,996
6339,1149,1150
6339,1210,1211
6340,926,927
6340,995,996
6340,1020,1021
6340,1149,1150
6341,995,996
6341,1020,1021
6341,1079,1080
6341,1200,1201
6342,995,996
6342,1079,1080
6342,1093,1094
6342,1200,1201
6343,995,996
6343,1020,1021
6343,1149,1150
6343,1200,1201
6344,995,996
6344,1093,1094
6344,1149,1150
6344,1200,1201
6345,1291,1292
6345,1506,1507
6345,1540,1541
6345,1557,1558
6346,1291,1292
6346,1557,1558
6346,1580,1581
6346,1608,1609
6347,1291,1292
6347,1389,1390
6347,1506,1507
6347,1557,1558
6348,1291,1292
6348,1506,1507
6348,1518,1519
6348,1540,1541
6349,1291,1292
6349,1389,1390
6349,1557,1558
6349,1608,1609
6350,1240,1241
6350,1291,1292
6350,1518,1519
6350,1542,1543
6351,1291,1292
6351,1389,1390
6351,1401,1402
6351,1506,1507
6352,1291,1292
6352,1389,1390
6352,1401,1402
6352,1542,1543
6353,1291,1292
6353,1401,1402
6353,1506,1507
6353,1518,1519
6354,1291,1292
6354,1401,1402
6354,1518,1519
6354,1542,1543
6355,1291,1292
6355,1389,1390
6355,1422,1423
6355,1608,1609
6356,1291,1292
6356,1389,1390
6356,1422,1423
6356,1542,1543
6357,1258,1259
6357,1461,1462
6357,1522,1523
6357,1555,1556
6358,1258,1259
6358,1399,1400
6358,1461,1462
6358,1478,1479
6359,1240,1241
6359,1399,1400
6359,1478,1479
6359,1518,1519
6360,1240,1241
6360,1258,1259
6360,1399,1400
6360,1478,1479
6361,1339,1340
6361,1399,1400
6361,1478,1479
6361,1518,1519
6362,1339,1340
6362,1399,1400
6362,1461,1462
6362,1478,1479
6363,1240,1241
6363,1291,1292
6363,1478,1479
6363,1518,1519
6364,1339,1340
6364,1478,1479
6364,1518,1519
6364,1540,1541
6365,1339,1340
6365,1461,1462
6365,1478,1479
6365,1540,1541
6366,1291,1292
6366,1478,1479
6366,1518,1519
6366,1540,1541
6367,1258,1259
6367,1461,1462
6367,1478,1479
6367,1555,1556
6368,1258,1259
6368,1478,1479
6368,1555,1556
6368,1580,1581
6369,1475,1476
6369,1512,1513
6369,1522,1523
6369,1555,1556
6370,1461,1462
6370,1512,1513
6370,1522,1523
6370,1555,1556
6371,1461,1462
6371,1475,1476
6371,1512,1513
6371,1555,1556
6372,1519,1520
6372,1633,1634
6372,1644,1645
6372,1761,1762
6373,1519,1520
6373,1580,1581
6373,1633,1634
6373,1761,1762
6374,1519,1520
6374,1557,1558
6374,1633,1634
6374,1847,1848
6375,1519,1520
6375,1633,1634
6375,1644,1645
6375,1847,1848
6376,1476,1477
6376,1540,1541
6376,1557,1558
6376,1633,1634
6377,1519,1520
6377,1557,1558
6377,1580,1581
6377,1633,1634
6378,1458,1459
6378,1633,1634
6378,1644,1645
6378,1847,1848
6379,1458,1459
6379,1476,1477
6379,1633,1634
6379,1847,1848
6380,1476,1477
6380,1540,1541
6380,1620,1621
6380,1633,1634
6381,1458,1459
6381,1476,1477
6381,1620,1621
6381,1633,1634
6382,1458,1459
6382,1540,1541
6382,1620,1621
6382,1633,1634
6383,1476,1477
6383,1557,1558
6383,1633,1634
6383,1847,1848
6384,1291,1292
6384,1540,1541
6384,1557,1558
6384,1633,1634
6385,1291,1292
6385,1557,1558
6385,1580,1581
6385,1633,1634
6386,1694,1695
6386,1714,1715
6386,1764,1765
6386,1817,1818
6387,1673,1674
6387,1694,1695
6387,1714,1715
6387,1764,1765
6388,1649,1650
6388,1787,1788
6388,1801,1802
6388,1805,1806
6389,1649,1650
6389,1718,1719
6389,1801,1802
6389,1805,1806
6390,1642,1643
6390,1677,1678
6390,1777,1778
6390,1805,1806
6391,1677,1678
6391,1725,1726
6391,1777,1778
6391,1805,1806
6392,1642,1643
6392,1708,1709
6392,1777,1778
6392,1805,1806
6393,1642,1643
6393,1708,1709
6393,1787,1788
6393,1805,1806
6394,1718,1719
6394,1725,1726
6394,1805,1806
6394,1825,1826
6395,1649,1650
6395,1718,1719
6395,1805,1806
6395,1825,1826
6396,1725,1726
6396,1777,1778
6396,1805,1806
6396,1825,1826
6397,1649,1650
6397,1777,1778
6397,1805,1806
6397,1825,1826
6398,1649,1650
6398,1708,1709
6398,1777,1778
6398,1805,1806
6399,1649,1650
6399,1708,1709
6399,1787,1788
6399,1805,1806
6400,1644,1645
6400,1731,1732
6400,1761,1762
6400,1843,1844
6401,450,451
6401,505,506
6401,602,603
6401,623,624
6402,484,485
6402,602,603
6402,679,680
6402,725,726
6403,602,603
6403,679,680
6403,725,726
6403,824,825
6404,484,485
6404,505,506
6404,529,530
6404,602,603
6405,529,530
6405,602,603
6405,623,624
6405,824,825
6406,484,485
6406,529,530
6406,602,603
6406,725,726
6407,529,530
6407,602,603
6407,725,726
6407,824,825
6408,529,530
6408,602,603
6408,623,624
6408,779,780
6409,505,506
6409,529,530
6409,602,603
6409,779,780
6410,505,506
6410,602,603
6410,623,624
6410,779,780
6411,1030,1031
6411,1150,1151
6411,1175,1176
6411,1293,1294
6412,1088,1089
6412,1157,1158
6412,1175,1176
6412,1293,1294
6413,1150,1151
6413,1157,1158
6413,1175,1176
6413,1293,1294
6414,1080,1081
6414,1088,1089
6414,1175,1176
6414,1293,1294
6415,1030,1031
6415,1080,1081
6415,1175,1176
6415,1293,1294
6416,1080,1081
6416,1088,1089
6416,1175,1176
6416,1201,1202
6417,1030,1031
6417,1080,1081
6417,1175,1176
6417,1201,1202
6418,1030,1031
6418,1150,1151
6418,1175,1176
6418,1301,1302
6419,1030,1031
6419,1175,1176
6419,1201,1202
6419,1301,1302
6420,962,963
6420,1088,1089
6420,1157,1158
6420,1175,1176
6421,1092,1093
6421,1150,1151
6421,1175,1176
6421,1301,1302
6422,916,917
6422,1092,1093
6422,1175,1176
6422,1301,1302
6423,952,953
6423,962,963
6423,1157,1158
6423,1175,1176
6424,952,953
6424,1150,1151
6424,1157,1158
6424,1175,1176
6425,952,953
6425,1092,1093
6425,1150,1151
6425,1175,1176
6426,962,963
6426,1088,1089
6426,1089,1090
6426,1175,1176
6427,952,953
6427,1033,1034
6427,1092,1093
6427,1175,1176
6428,916,917
6428,1033,1034
6428,1092,1093
6428,1175,1176
6429,916,917
6429,952,953
6429,1033,1034
6429,1175,1176
6430,1112,1113
6430,1161,1162
6430,1255,1256
6430,1293,1294
6431,1112,1113
6431,1255,1256
6431,1276,1277
6431,1373,1374
6432,1112,1113
6432,1161,1162
6432,1255,1256
6432,1373,1374
6433,1090,1091
6433,1112,1113
6433,1255,1256
6433,1276,1277
6434,1090,1091
6434,1112,1113
6434,1255,1256
6434,1293,1294
6435,1077,1078
6435,1112,1113
6435,1276,1277
6435,1373,1374
6436,1077,1078
6436,1112,1113
6436,1161,1162
6436,1373,1374
6437,1090,1091
6437,1112,1113
6437,1276,1277
6437,1308,1309
6438,1090,1091
6438,1112,1113
6438,1293,1294
6438,1308,1309
6439,1030,1031
6439,1112,1113
6439,1293,1294
6439,1308,1309
6440,1112,1113
6440,1150,1151
6440,1161,1162
6440,1293,1294
6441,1030,1031
6441,1112,1113
6441,1150,1151
6441,1293,1294
6442,1077,1078
6442,1112,1113
6442,1276,1277
6442,1344,1345
6443,1112,1113
6443,1276,1277
6443,1308,1309
6443,1344,1345
6444,1030,1031
6444,1112,1113
6444,1308,1309
6444,1344,1345
6445,1112,1113
6445,1150,1151
6445,1161,1162
6445,1236,1237
6446,1040,1041
6446,1077,1078
6446,1112,1113
6446,1344,1345
6447,1030,1031
6447,1040,1041
6447,1112,1113
6447,1344,1345
6448,1040,1041
6448,1077,1078
6448,1112,1113
6448,1236,1237
6449,1077,1078
6449,1112,1113
6449,1161,1162
6449,1236,1237
6450,1040,1041
6450,1112,1113
6450,1150,1151
6450,1236,1237
6451,1030,1031
6451,1040,1041
6451,1112,1113
6451,1150,1151
6452,1377,1378
6452,1416,1417
6452,1559,1560
6452,1587,1588
6453,1377,1378
6453,1416,1417
6453,1418,1419
6453,1587,1588
6454,1309,1310
6454,1377,1378
6454,1416,1417
6454,1418,1419
6455,1309,1310
6455,1377,1378
6455,1418,1419
6455,1598,1599
6456,1309,1310
6456,1377,1378
6456,1416,1417
6456,1598,1599
6457,1377,1378
6457,1506,1507
6457,1559,1560
6457,1587,1588
6458,1377,1378
6458,1423,1424
6458,1506,1507
6458,1559,1560
6459,1375,1376
6459,1449,1450
6459,1530,1531
6459,1537,1538
6460,1449,1450
6460,1530,1531
6460,1537,1538
6460,1554,1555
6461,1449,1450
6461,1537,1538
6461,1554,1555
6461,1808,1809
6462,1449,1450
6462,1649,1650
6462,1718,1719
6462,1808,1809
6463,1449,1450
6463,1649,1650
6463,1718,1719
6463,1801,1802
6464,1449,1450
6464,1530,1531
6464,1554,1555
6464,1718,1719
6465,1449,1450
6465,1554,1555
6465,1718,1719
6465,1808,1809
6466,1065,1066
6466,1233,1234
6466,1257,1258
6466,1321,1322
6467,1065,1066
6467,1067,1068
6467,1224,1225
6467,1321,1322
6468,1065,1066
6468,1067,1068
6468,1233,1234
6468,1321,1322
6469,1065,1066
6469,1224,1225
6469,1510,1511
6469,1621,1622
6470,1065,1066
6470,1233,1234
6470,1257,1258
6470,1326,1327
6471,1065,1066
6471,1067,1068
6471,1224,1225
6471,1510,1511
6472,1065,1066
6472,1067,1068
6472,1233,1234
6472,1510,1511
6473,1065,1066
6473,1233,1234
6473,1326,1327
6473,1510,1511
6474,1065,1066
6474,1326,1327
6474,1510,1511
6474,1621,1622
6475,1065,1066
6475,1257,1258
6475,1326,1327
6475,1426,1427
6476,1065,1066
6476,1326,1327
6476,1426,1427
6476,1621,1622
6477,816,817
6477,948,949
6477,1000,1001
6477,1074,1075
6478,962,963
6478,1074,1075
6478,1089,1090
6478,1175,1176
6479,938,939
6479,1027,1028
6479,1074,1075
6479,1089,1090
6480,938,939
6480,1074,1075
6480,1089,1090
6480,1100,1101
6481,1041,1042
6481,1075,1076
6481,1128,1129
6481,1238,1239
6482,1041,1042
6482,1075,1076
6482,1211,1212
6482,1238,1239
6483,1075,1076
6483,1089,1090
6483,1128,1129
6483,1238,1239
6484,855,856
6484,1041,1042
6484,1075,1076
6484,1211,1212
6485,1064,1065
6485,1075,1076
6485,1089,1090
6485,1238,1239
6486,1064,1065
6486,1075,1076
6486,1211,1212
6486,1238,1239
6487,962,963
6487,1041,1042
6487,1075,1076
6487,1128,1129
6488,1027,1028
6488,1074,1075
6488,1075,1076
6488,1089,1090
6489,1027,1028
6489,1064,1065
6489,1075,1076
6489,1089,1090
6490,1027,1028
6490,1064,1065
6490,1075,1076
6490,1211,1212
6491,855,856
6491,1075,1076
6491,1211,1212
6491,1223,1224
6492,855,856
6492,962,963
6492,1075,1076
6492,1076,1077
6493,962,963
6493,1041,1042
6493,1075,1076
6493,1076,1077
6494,855,856
6494,1041,1042
6494,1075,1076
6494,1076,1077
6495,962,963
6495,1075,1076
6495,1089,1090
6495,1128,1129
6496,962,963
6496,1074,1075
6496,1075,1076
6496,1089,1090
6497,1027,1028
6497,1075,1076
6497,1211,1212
6497,1223,1224
6498,1027,1028
6498,1074,1075
6498,1075,1076
6498,1223,1224
6499,855,856
6499,1000,1001
6499,1075,1076
6499,1223,1224
6500,855,856
6500,962,963
6500,1000,1001
6500,1075,1076
6501,1000,1001
6501,1074,1075
6501,1075,1076
6501,1223,1224
6502,962,963
6502,1000,1001
6502,1074,1075
6502,1075,1076
6503,1672,1673
6503,1733,1734
6503,1780,1781
6503,1788,1789
6504,1692,1693
6504,1733,1734
6504,1780,1781
6504,1788,1789
6505,1336,1337
6505,1579,1580
6505,1622,1623
6505,1848,1849
6506,1336,1337
6506,1388,1389
6506,1579,1580
6506,1622,1623
6507,1336,1337
6507,1388,1389
6507,1498,1499
6507,1579,1580
6508,1336,1337
6508,1388,1389
6508,1488,1489
6508,1622,1623
6509,1303,1304
6509,1336,1337
6509,1498,1499
6509,1760,1761
6510,1336,1337
6510,1440,1441
6510,1488,1489
6510,1622,1623
6511,1336,1337
6511,1440,1441
6511,1622,1623
6511,1848,1849
6512,1270,1271
6512,1336,1337
6512,1388,1389
6512,1488,1489
6513,1270,1271
6513,1336,1337
6513,1388,1389
6513,1498,1499
6514,1336,1337
6514,1440,1441
6514,1760,1761
6514,1848,1849
6515,1270,1271
6515,1303,1304
6515,1336,1337
6515,1498,1499
6516,1336,1337
6516,1440,1441
6516,1577,1578
6516,1760,1761
6517,1303,1304
6517,1336,1337
6517,1577,1578
6517,1760,1761
6518,1591,1592
6518,1609,1610
6518,1729,1730
6518,1804,1805
6519,1482,1483
6519,1609,1610
6519,1729,1730
6519,1742,1743
6520,1482,1483
6520,1591,1592
6520,1609,1610
6520,1729,1730
6521,1579,1580
6521,1591,1592
6521,1609,1610
6521,1776,1777
6522,1591,1592
6522,1609,1610
6522,1776,1777
6522,1804,1805
6523,1579,1580
6523,1609,1610
6523,1776,1777
6523,1848,1849
6524,1609,1610
6524,1776,1777
6524,1804,1805
6524,1848,1849
6525,1336,1337
6525,1609,1610
6525,1760,1761
6525,1848,1849
6526,1336,1337
6526,1579,1580
6526,1609,1610
6526,1848,1849
6527,1579,1580
6527,1591,1592
6527,1609,1610
6527,1758,1759
6528,1564,1565
6528,1579,1580
6528,1609,1610
6528,1758,1759
6529,1336,1337
6529,1498,1499
6529,1609,1610
6529,1760,1761
6530,1336,1337
6530,1498,1499
6530,1579,1580
6530,1609,1610
6531,1418,1419
6531,1442,1443
6531,1480,1481
6531,1598,1599
6532,1377,1378
6532,1418,1419
6532,1442,1443
6532,1598,1599
6533,1272,1273
6533,1296,1297
6533,1418,1419
6533,1442,1443
6534,1296,1297
6534,1418,1419
6534,1442,1443
6534,1480,1481
6535,1442,1443
6535,1505,1506
6535,1599,1600
6535,1623,1624
6536,1239,1240
6536,1272,1273
6536,1442,1443
6536,1599,1600
6537,1272,1273
6537,1418,1419
6537,1442,1443
6537,1587,1588
6538,1377,1378
6538,1418,1419
6538,1442,1443
6538,1587,1588
6539,1296,1297
6539,1442,1443
6539,1505,1506
6539,1599,1600
6540,1272,1273
6540,1296,1297
6540,1442,1443
6540,1599,1600
6541,1296,1297
6541,1442,1443
6541,1480,1481
6541,1505,1506
6542,1239,1240
6542,1272,1273
6542,1442,1443
6542,1587,1588
6543,1309,1310
6543,1381,1382
6543,1480,1481
6543,1598,1599
6544,1290,1291
6544,1309,1310
6544,1381,1382
6544,1480,1481
6545,1381,1382
6545,1383,1384
6545,1464,1465
6545,1768,1769
6546,1290,1291
6546,1381,1382
6546,1464,1465
6546,1480,1481
6547,1290,1291
6547,1381,1382
6547,1383,1384
6547,1464,1465
6548,1381,1382
6548,1383,1384
6548,1460,1461
6548,1768,1769
6549,1381,1382
6549,1460,1461
6549,1570,1571
6549,1768,1769
6550,1439,1440
6550,1440,1441
6550,1574,1575
6550,1577,1578
6551,1440,1441
6551,1574,1575
6551,1577,1578
6551,1598,1599
6552,1439,1440
6552,1570,1571
6552,1574,1575
6552,1705,1706
6553,1309,1310
6553,1574,1575
6553,1577,1578
6553,1598,1599
6554,1309,1310
6554,1381,1382
6554,1574,1575
6554,1577,1578
6555,1309,1310
6555,1381,1382
6555,1574,1575
6555,1598,1599
6556,1381,1382
6556,1570,1571
6556,1574,1575
6556,1768,1769
6557,1469,1470
6557,1570,1571
6557,1574,1575
6557,1705,1706
6558,1492,1493
6558,1617,1618
6558,1620,1621
6558,1820,1821
6559,1458,1459
6559,1492,1493
6559,1620,1621
6559,1820,1821
6560,1458,1459
6560,1492,1493
6560,1617,1618
6560,1620,1621
6561,1492,1493
6561,1523,1524
6561,1617,1618
6561,1672,1673
6562,1458,1459
6562,1492,1493
6562,1523,1524
6562,1672,1673
6563,1458,1459
6563,1492,1493
6563,1523,1524
6563,1617,1618
6564,1492,1493
6564,1617,1618
6564,1672,1673
6564,1788,1789
6565,1492,1493
6565,1672,1673
6565,1733,1734
6565,1788,1789
6566,1492,1493
6566,1692,1693
6566,1733,1734
6566,1788,1789
6567,1071,1072
6567,1274,1275
6567,1332,1333
6567,1425,1426
6568,1071,1072
6568,1102,1103
6568,1274,1275
6568,1425,1426
6569,1102,1103
6569,1274,1275
6569,1362,1363
6569,1425,1426
6570,1071,1072
6570,1102,1103
6570,1394,1395
6570,1425,1426
6571,1071,1072
6571,1146,1147
6571,1394,1395
6571,1425,1426
6572,1071,1072
6572,1146,1147
6572,1332,1333
6572,1425,1426
6573,1058,1059
6573,1086,1087
6573,1362,1363
6573,1425,1426
6574,1058,1059
6574,1086,1087
6574,1111,1112
6574,1425,1426
6575,1086,1087
6575,1111,1112
6575,1394,1395
6575,1425,1426
6576,1111,1112
6576,1146,1147
6576,1394,1395
6576,1425,1426
6577,1111,1112
6577,1146,1147
6577,1332,1333
6577,1425,1426
6578,1086,1087
6578,1102,1103
6578,1362,1363
6578,1425,1426
6579,1086,1087
6579,1102,1103
6579,1394,1395
6579,1425,1426
6580,1058,1059
6580,1139,1140
6580,1163,1164
6580,1273,1274
6581,1139,1140
6581,1163,1164
6581,1183,1184
6581,1273,1274
6582,1151,1152
6582,1163,1164
6582,1183,1184
6582,1273,1274
6583,1131,1132
6583,1151,1152
6583,1163,1164
6583,1273,1274
6584,1058,1059
6584,1060,1061
6584,1163,1164
6584,1273,1274
6585,1060,1061
6585,1131,1132
6585,1163,1164
6585,1273,1274
6586,1131,1132
6586,1138,1139
6586,1151,1152
6586,1163,1164
6587,1138,1139
6587,1151,1152
6587,1163,1164
6587,1403,1404
6588,1138,1139
6588,1163,1164
6588,1202,1203
6588,1403,1404
6589,1202,1203
6589,1228,1229
6589,1292,1293
6589,1403,1404
6590,1062,1063
6590,1132,1133
6590,1228,1229
6590,1292,1293
6591,1062,1063
6591,1083,1084
6591,1132,1133
6591,1292,1293
6592,1062,1063
6592,1202,1203
6592,1228,1229
6592,1292,1293
6593,1062,1063
6593,1083,1084
6593,1202,1203
6593,1292,1293
6594,1706,1707
6594,1709,1710
6594,1712,1713
6594,1769,1770
6595,1611,1612
6595,1634,1635
6595,1706,1707
6595,1709,1710
6596,1634,1635
6596,1706,1707
6596,1709,1710
6596,1712,1713
6597,1611,1612
6597,1706,1707
6597,1709,1710
6597,1711,1712
6598,1611,1612
6598,1634,1635
6598,1709,1710
6598,1806,1807
6599,1634,1635
6599,1709,1710
6599,1712,1713
6599,1806,1807
6600,1709,1710
6600,1711,1712
6600,1792,1793
6600,1824,1825
6601,1611,1612
6601,1709,1710
6601,1711,1712
6601,1846,1847
6602,1507,1508
6602,1709,1710
6602,1711,1712
6602,1846,1847
6603,1507,1508
6603,1709,1710
6603,1711,1712
6603,1792,1793
6604,1611,1612
6604,1709,1710
6604,1806,1807
6604,1846,1847
6605,1507,1508
6605,1709,1710
6605,1806,1807
6605,1846,1847
6606,1507,1508
6606,1511,1512
6606,1709,1710
6606,1806,1807
6607,1507,1508
6607,1511,1512
6607,1709,1710
6607,1792,1793
6608,1028,1029
6608,1049,1050
6608,1098,1099
6608,1165,1166
6609,1028,1029
6609,1049,1050
6609,1165,1166
6609,1225,1226
6610,1029,1030
6610,1165,1166
6610,1199,1200
6610,1311,1312
6611,1049,1050
6611,1165,1166
6611,1225,1226
6611,1311,1312
6612,1056,1057
6612,1098,1099
6612,1165,1166
6612,1390,1391
6613,1049,1050
6613,1055,1056
6613,1098,1099
6613,1165,1166
6614,1049,1050
6614,1055,1056
6614,1165,1166
6614,1311,1312
6615,1029,1030
6615,1055,1056
6615,1165,1166
6615,1311,1312
6616,857,858
6616,1029,1030
6616,1165,1166
6616,1199,1200
6617,1029,1030
6617,1055,1056
6617,1165,1166
6617,1390,1391
6618,1055,1056
6618,1098,1099
6618,1165,1166
6618,1390,1391
6619,1081,1082
6619,1165,1166
6619,1225,1226
6619,1311,1312
6620,1081,1082
6620,1165,1166
6620,1199,1200
6620,1311,1312
6621,857,858
6621,1029,1030
6621,1165,1166
6621,1204,1205
6622,1029,1030
6622,1165,1166
6622,1204,1205
6622,1390,1391
6623,1056,1057
6623,1091,1092
6623,1106,1107
6623,1115,1116
6624,909,910
6624,1091,1092
6624,1106,1107
6624,1115,1116
6625,909,910
6625,1028,1029
6625,1091,1092
6625,1106,1107
6626,1056,1057
6626,1106,1107
6626,1165,1166
6626,1390,1391
6627,1056,1057
6627,1091,1092
6627,1098,1099
6627,1106,1107
6628,1056,1057
6628,1098,1099
6628,1106,1107
6628,1165,1166
6629,1028,1029
6629,1091,1092
6629,1098,1099
6629,1106,1107
6630,1028,1029
6630,1098,1099
6630,1106,1107
6630,1165,1166
6631,865,866
6631,978,979
6631,1125,1126
6631,1206,1207
6632,909,910
6632,978,979
6632,1125,1126
6632,1206,1207
6633,865,866
6633,892,893
6633,1125,1126
6633,1206,1207
6634,892,893
6634,909,910
6634,1125,1126
6634,1206,1207
6635,865,866
6635,970,971
6635,978,979
6635,1125,1126
6636,970,971
6636,978,979
6636,1015,1016
6636,1125,1126
6637,865,866
6637,970,971
6637,1015,1016
6637,1125,1126
6638,865,866
6638,892,893
6638,1125,1126
6638,1133,1134
6639,892,893
6639,1106,1107
6639,1125,1126
6639,1133,1134
6640,892,893
6640,909,910
6640,1115,1116
6640,1125,1126
6641,892,893
6641,1106,1107
6641,1115,1116
6641,1125,1126
6642,909,910
6642,1106,1107
6642,1115,1116
6642,1125,1126
6643,890,891
6643,1015,1016
6643,1125,1126
6643,1168,1169
6644,909,910
6644,1028,1029
6644,1106,1107
6644,1125,1126
6645,865,866
6645,890,891
6645,1125,1126
6645,1133,1134
6646,890,891
6646,1125,1126
6646,1133,1134
6646,1168,1169
6647,744,745
6647,865,866
6647,1015,1016
6647,1125,1126
6648,744,745
6648,865,866
6648,890,891
6648,1125,1126
6649,744,745
6649,890,891
6649,1015,1016
6649,1125,1126
6650,963,964
6650,978,979
6650,1015,1016
6650,1125,1126
6651,909,910
6651,963,964
6651,978,979
6651,1125,1126
6652,909,910
6652,963,964
6652,1028,1029
6652,1125,1126
6653,963,964
6653,983,984
6653,994,995
6653,1015,1016
6654,963,964
6654,978,979
6654,983,984
6654,1015,1016
6655,951,952
6655,963,964
6655,983,984
6655,994,995
6656,859,860
6656,951,952
6656,963,964
6656,994,995
6657,870,871
6657,909,910
6657,963,964
6657,978,979
6658,859,860
6658,963,964
6658,994,995
6658,1189,1190
6659,909,910
6659,963,964
6659,1028,1029
6659,1193,1194
6660,869,870
6660,963,964
6660,978,979
6660,983,984
6661,869,870
6661,951,952
6661,963,964
6661,983,984
6662,859,860
6662,869,870
6662,951,952
6662,963,964
6663,869,870
6663,870,871
6663,963,964
6663,978,979
6664,859,860
6664,869,870
6664,870,871
6664,963,964
6665,859,860
6665,870,871
6665,963,964
6665,1193,1194
6666,870,871
6666,909,910
6666,963,964
6666,1193,1194
6667,859,860
6667,963,964
6667,1189,1190
6667,1193,1194
6668,963,964
6668,1028,1029
6668,1189,1190
6668,1193,1194
6669,1124,1125
6669,1166,1167
6669,1253,1254
6669,1294,1295
6670,1166,1167
6670,1253,1254
6670,1294,1295
6670,1337,1338
6671,1166,1167
6671,1241,1242
6671,1253,1254
6671,1337,1338
6672,1241,1242
6672,1253,1254
6672,1337,1338
6672,1550,1551
6673,1124,1125
6673,1253,1254
6673,1294,1295
6673,1362,1363
6674,1241,1242
6674,1253,1254
6674,1431,1432
6674,1550,1551
6675,1253,1254
6675,1294,1295
6675,1337,1338
6675,1415,1416
6676,1252,1253
6676,1253,1254
6676,1431,1432
6676,1550,1551
6677,1247,1248
6677,1252,1253
6677,1253,1254
6677,1550,1551
6678,1253,1254
6678,1337,1338
6678,1415,1416
6678,1433,1434
6679,1252,1253
6679,1253,1254
6679,1362,1363
6679,1413,1414
6680,1247,1248
6680,1252,1253
6680,1253,1254
6680,1413,1414
6681,1247,1248
6681,1253,1254
6681,1393,1394
6681,1550,1551
6682,1253,1254
6682,1337,1338
6682,1393,1394
6682,1550,1551
6683,1247,1248
6683,1253,1254
6683,1413,1414
6683,1433,1434
6684,1247,1248
6684,1253,1254
6684,1393,1394
6684,1433,1434
6685,1253,1254
6685,1337,1338
6685,1393,1394
6685,1433,1434
6686,329,330
6686,343,344
6686,506,507
6686,591,592
6687,329,330
6687,343,344
6687,404,405
6687,506,507
6688,329,330
6688,404,405
6688,506,507
6688,507,508
6689,329,330
6689,402,403
6689,506,507
6689,507,508
6690,329,330
6690,402,403
6690,506,507
6690,591,592
6691,253,254
6691,343,344
6691,404,405
6691,506,507
6692,343,344
6692,345,346
6692,506,507
6692,591,592
6693,279,280
6693,343,344
6693,345,346
6693,506,507
6694,279,280
6694,345,346
6694,506,507
6694,591,592
6695,367,368
6695,402,403
6695,506,507
6695,507,508
6696,367,368
6696,402,403
6696,506,507
6696,591,592
6697,253,254
6697,263,264
6697,506,507
6697,507,508
6698,263,264
6698,404,405
6698,506,507
6698,507,508
6699,253,254
6699,263,264
6699,404,405
6699,506,507
6700,253,254
6700,506,507
6700,507,508
6700,606,607
6701,367,368
6701,506,507
6701,507,508
6701,606,607
6702,253,254
6702,436,437
6702,506,507
6702,606,607
6703,253,254
6703,279,280
6703,436,437
6703,506,507
6704,367,368
6704,436,437
6704,506,507
6704,606,607
6705,4,5
6705,209,210
6705,360,361
6705,462,463
6706,4,5
6706,209,210
6706,334,335
6706,360,361
6707,310,311
6707,360,361
6707,462,463
6707,559,560
6708,209,210
6708,310,311
6708,360,361
6708,462,463
6709,4,5
6709,309,310
6709,334,335
6709,360,361
6710,4,5
6710,338,339
6710,360,361
6710,462,463
6711,4,5
6711,309,310
6711,338,339
6711,360,361
6712,338,339
6712,360,361
6712,462,463
6712,510,511
6713,323,324
6713,343,344
6713,363,364
6713,458,459
6714,323,324
6714,363,364
6714,365,366
6714,458,459
6715,323,324
6715,329,330
6715,343,344
6715,458,459
6716,329,330
6716,343,344
6716,458,459
6716,591,592
6717,343,344
6717,345,346
6717,458,459
6717,591,592
6718,436,437
6718,446,447
6718,617,618
6718,619,620
6719,279,280
6719,408,409
6719,446,447
6719,619,620
6720,279,280
6720,436,437
6720,446,447
6720,619,620
6721,408,409
6721,446,447
6721,619,620
6721,721,722
6722,446,447
6722,617,618
6722,619,620
6722,721,722
6723,408,409
6723,446,447
6723,509,510
6723,721,722
6724,367,368
6724,436,437
6724,446,447
6724,617,618
6725,446,447
6725,509,510
6725,633,634
6725,721,722
6726,446,447
6726,617,618
6726,633,634
6726,721,722
6727,345,346
6727,446,447
6727,509,510
6727,591,592
6728,279,280
6728,345,346
6728,408,409
6728,446,447
6729,279,280
6729,345,346
6729,446,447
6729,591,592
6730,367,368
6730,446,447
6730,617,618
6730,633,634
6731,367,368
6731,436,437
6731,446,447
6731,506,507
6732,279,280
6732,436,437
6732,446,447
6732,506,507
6733,345,346
6733,446,447
6733,509,510
6733,610,611
6734,408,409
6734,446,447
6734,509,510
6734,610,611
6735,345,346
6735,408,409
6735,446,447
6735,610,611
6736,367,368
6736,446,447
6736,506,507
6736,591,592
6737,279,280
6737,446,447
6737,506,507
6737,591,592
6738,250,251
6738,446,447
6738,509,510
6738,591,592
6739,250,251
6739,446,447
6739,509,510
6739,633,634
6740,250,251
6740,367,368
6740,446,447
6740,591,592
6741,250,251
6741,367,368
6741,446,447
6741,633,634
6742,66,67
6742,156,157
6742,179,180
6742,355,356
6743,66,67
6743,179,180
6743,355,356
6743,418,419
6744,66,67
6744,156,157
6744,178,179
6744,355,356
6745,131,132
6745,178,179
6745,324,325
6745,355,356
6746,131,132
6746,156,157
6746,178,179
6746,355,356
6747,131,132
6747,156,157
6747,324,325
6747,355,356
6748,66,67
6748,355,356
6748,404,405
6748,418,419
6749,66,67
6749,178,179
6749,355,356
6749,404,405
6750,66,67
6750,241,242
6750,300,301
6750,507,508
6751,241,242
6751,281,282
6751,300,301
6751,320,321
6752,214,215
6752,281,282
6752,300,301
6752,320,321
6753,179,180
6753,296,297
6753,300,301
6753,414,415
6754,214,215
6754,296,297
6754,300,301
6754,414,415
6755,241,242
6755,281,282
6755,300,301
6755,507,508
6756,179,180
6756,300,301
6756,414,415
6756,418,419
6757,66,67
6757,179,180
6757,300,301
6757,418,419
6758,66,67
6758,263,264
6758,300,301
6758,507,508
6759,66,67
6759,263,264
6759,300,301
6759,418,419
6760,263,264
6760,281,282
6760,300,301
6760,507,508
6761,214,215
6761,300,301
6761,392,393
6761,414,415
6762,214,215
6762,281,282
6762,300,301
6762,392,393
6763,300,301
6763,348,349
6763,414,415
6763,418,419
6764,263,264
6764,300,301
6764,348,349
6764,418,419
6765,263,264
6765,281,282
6765,300,301
6765,392,393
6766,300,301
6766,348,349
6766,392,393
6766,414,415
6767,263,264
6767,300,301
6767,348,349
6767,392,393
6768,282,283
6768,314,315
6768,398,399
6768,405,406
6769,208,209
6769,282,283
6769,314,315
6769,613,614
6770,282,283
6770,314,315
6770,398,399
6770,613,614
6771,247,248
6771,282,283
6771,314,315
6771,405,406
6772,247,248
6772,314,315
6772,405,406
6772,411,412
6773,208,209
6773,247,248
6773,282,283
6773,314,315
6774,208,209
6774,247,248
6774,314,315
6774,411,412
6775,11,12
6775,208,209
6775,314,315
6775,613,614
6776,11,12
6776,314,315
6776,398,399
6776,613,614
6777,81,82
6777,314,315
6777,398,399
6777,405,406
6778,145,146
6778,314,315
6778,405,406
6778,411,412
6779,208,209
6779,230,231
6779,314,315
6779,411,412
6780,60,61
6780,81,82
6780,314,315
6780,391,392
6781,81,82
6781,314,315
6781,391,392
6781,405,406
6782,11,12
6782,60,61
6782,81,82
6782,314,315
6783,11,12
6783,81,82
6783,314,315
6783,398,399
6784,60,61
6784,145,146
6784,314,315
6784,391,392
6785,145,146
6785,314,315
6785,391,392
6785,405,406
6786,60,61
6786,145,146
6786,230,231
6786,314,315
6787,145,146
6787,230,231
6787,314,315
6787,411,412
6788,39,40
6788,208,209
6788,230,231
6788,314,315
6789,15,16
6789,52,53
6789,127,128
6789,388,389
6790,15,16
6790,52,53
6790,127,128
6790,218,219
6791,27,28
6791,127,128
6791,388,389
6791,400,401
6792,27,28
6792,127,128
6792,218,219
6792,400,401
6793,15,16
6793,63,64
6793,127,128
6793,388,389
6794,52,53
6794,127,128
6794,388,389
6794,400,401
6795,52,53
6795,127,128
6795,218,219
6795,400,401
6796,9,10
6796,15,16
6796,127,128
6796,218,219
6797,63,64
6797,96,97
6797,127,128
6797,388,389
6798,18,19
6798,63,64
6798,96,97
6798,127,128
6799,18,19
6799,63,64
6799,127,128
6799,217,218
6800,15,16
6800,63,64
6800,127,128
6800,217,218
6801,18,19
6801,62,63
6801,96,97
6801,127,128
6802,27,28
6802,62,63
6802,96,97
6802,127,128
6803,27,28
6803,96,97
6803,127,128
6803,388,389
6804,9,10
6804,18,19
6804,127,128
6804,217,218
6805,9,10
6805,15,16
6805,127,128
6805,217,218
6806,27,28
6806,62,63
6806,65,66
6806,127,128
6807,18,19
6807,62,63
6807,65,66
6807,127,128
6808,9,10
6808,18,19
6808,65,66
6808,127,128
6809,9,10
6809,65,66
6809,127,128
6809,218,219
6810,27,28
6810,65,66
6810,114,115
6810,127,128
6811,65,66
6811,114,115
6811,127,128
6811,218,219
6812,27,28
6812,114,115
6812,127,128
6812,218,219
6813,243,244
6813,406,407
6813,510,511
6813,578,579
6814,243,244
6814,406,407
6814,457,458
6814,578,579
6815,243,244
6815,455,456
6815,510,511
6815,578,579
6816,243,244
6816,455,456
6816,457,458
6816,578,579
6817,455,456
6817,462,463
6817,510,511
6817,578,579
6818,233,234
6818,406,407
6818,457,458
6818,578,579
6819,233,234
6819,374,375
6819,406,407
6819,578,579
6820,455,456
6820,462,463
6820,559,560
6820,578,579
6821,256,257
6821,455,456
6821,559,560
6821,578,579
6822,256,257
6822,455,456
6822,457,458
6822,578,579
6823,233,234
6823,256,257
6823,559,560
6823,578,579
6824,233,234
6824,256,257
6824,457,458
6824,578,579
6825,360,361
6825,462,463
6825,559,560
6825,578,579
6826,360,361
6826,374,375
6826,559,560
6826,578,579
6827,360,361
6827,462,463
6827,510,511
6827,578,579
6828,39,40
6828,153,154
6828,212,213
6828,230,231
6829,39,40
6829,115,116
6829,153,154
6829,212,213
6830,115,116
6830,144,145
6830,153,154
6830,212,213
6831,144,145
6831,153,154
6831,212,213
6831,318,319
6832,39,40
6832,153,154
6832,230,231
6832,314,315
6833,11,12
6833,115,116
6833,153,154
6833,208,209
6834,26,27
6834,153,154
6834,212,213
6834,318,319
6835,26,27
6835,153,154
6835,212,213
6835,230,231
6836,11,12
6836,60,61
6836,153,154
6836,314,315
6837,60,61
6837,153,154
6837,230,231
6837,314,315
6838,11,12
6838,153,154
6838,208,209
6838,314,315
6839,39,40
6839,153,154
6839,208,209
6839,314,315
6840,39,40
6840,153,154
6840,208,209
6840,361,362
6841,115,116
6841,153,154
6841,208,209
6841,361,362
6842,39,40
6842,115,116
6842,153,154
6842,361,362
6843,26,27
6843,60,61
6843,153,154
6843,318,319
6844,26,27
6844,60,61
6844,153,154
6844,230,231
6845,51,52
6845,144,145
6845,153,154
6845,318,319
6846,51,52
6846,115,116
6846,144,145
6846,153,154
6847,11,12
6847,51,52
6847,115,116
6847,153,154
6848,51,52
6848,60,61
6848,153,154
6848,318,319
6849,11,12
6849,51,52
6849,60,61
6849,153,154
6850,466,467
6850,561,562
6850,582,583
6850,646,647
6851,441,442
6851,466,467
6851,561,562
6851,582,583
6852,466,467
6852,477,478
6852,582,583
6852,646,647
6853,441,442
6853,466,467
6853,477,478
6853,582,583
6854,441,442
6854,561,562
6854,582,583
6854,786,787
6855,561,562
6855,569,570
6855,582,583
6855,786,787
6856,561,562
6856,569,570
6856,582,583
6856,646,647
6857,389,390
6857,477,478
6857,582,583
6857,600,601
6858,389,390
6858,582,583
6858,600,601
6858,646,647
6859,389,390
6859,477,478
6859,582,583
6859,646,647
6860,521,522
6860,569,570
6860,582,583
6860,786,787
6861,521,522
6861,569,570
6861,582,583
6861,646,647
6862,477,478
6862,513,514
6862,582,583
6862,600,601
6863,513,514
6863,514,515
6863,582,583
6863,600,601
6864,441,442
6864,477,478
6864,513,514
6864,582,583
6865,521,522
6865,582,583
6865,650,651
6865,786,787
6866,514,515
6866,582,583
6866,600,601
6866,650,651
6867,521,522
6867,582,583
6867,600,601
6867,650,651
6868,521,522
6868,582,583
6868,600,601
6868,646,647
6869,439,440
6869,441,442
6869,582,583
6869,786,787
6870,439,440
6870,513,514
6870,514,515
6870,582,583
6871,439,440
6871,441,442
6871,513,514
6871,582,583
6872,514,515
6872,582,583
6872,650,651
6872,673,674
6873,582,583
6873,650,651
6873,673,674
6873,786,787
6874,439,440
6874,514,515
6874,582,583
6874,673,674
6875,439,440
6875,582,583
6875,673,674
6875,786,787
6876,680,681
6876,724,725
6876,959,960
6876,966,967
6877,658,659
6877,680,681
6877,724,725
6877,966,967
6878,695,696
6878,716,717
6878,724,725
6878,750,751
6879,609,610
6879,662,663
6879,716,717
6879,724,725
6880,662,663
6880,695,696
6880,716,717
6880,724,725
6881,662,663
6881,695,696
6881,724,725
6881,966,967
6882,609,610
6882,662,663
6882,724,725
6882,959,960
6883,662,663
6883,724,725
6883,959,960
6883,966,967
6884,658,659
6884,724,725
6884,750,751
6884,847,848
6885,658,659
6885,724,725
6885,847,848
6885,966,967
6886,695,696
6886,724,725
6886,750,751
6886,847,848
6887,695,696
6887,724,725
6887,847,848
6887,966,967
6888,74,75
6888,132,133
6888,390,391
6888,417,418
6889,74,75
6889,103,104
6889,132,133
6889,390,391
6890,103,104
6890,132,133
6890,313,314
6890,390,391
6891,132,133
6891,232,233
6891,390,391
6891,417,418
6892,132,133
6892,232,233
6892,313,314
6892,390,391
6893,103,104
6893,132,133
6893,313,314
6893,384,385
6894,132,133
6894,232,233
6894,366,367
6894,417,418
6895,132,133
6895,232,233
6895,313,314
6895,366,367
6896,74,75
6896,103,104
6896,132,133
6896,304,305
6897,103,104
6897,132,133
6897,304,305
6897,384,385
6898,74,75
6898,132,133
6898,394,395
6898,417,418
6899,89,90
6899,132,133
6899,313,314
6899,366,367
6900,89,90
6900,132,133
6900,313,314
6900,384,385
6901,74,75
6901,132,133
6901,221,222
6901,304,305
6902,132,133
6902,221,222
6902,304,305
6902,394,395
6903,74,75
6903,132,133
6903,221,222
6903,394,395
6904,132,133
6904,366,367
6904,394,395
6904,417,418
6905,71,72
6905,90,91
6905,108,109
6905,305,306
6906,16,17
6906,90,91
6906,108,109
6906,305,306
6907,16,17
6907,108,109
6907,182,183
6907,305,306
6908,108,109
6908,182,183
6908,305,306
6908,319,320
6909,54,55
6909,182,183
6909,305,306
6909,319,320
6910,71,72
6910,108,109
6910,305,306
6910,319,320
6911,54,55
6911,179,180
6911,305,306
6911,319,320
6912,49,50
6912,99,100
6912,187,188
6912,218,219
6913,49,50
6913,89,90
6913,99,100
6913,385,386
6914,49,50
6914,218,219
6914,262,263
6914,385,386
6915,15,16
6915,49,50
6915,99,100
6915,218,219
6916,15,16
6916,49,50
6916,99,100
6916,385,386
6917,15,16
6917,49,50
6917,218,219
6917,385,386
6918,32,33
6918,49,50
6918,99,100
6918,187,188
6919,32,33
6919,49,50
6919,89,90
6919,99,100
6920,32,33
6920,49,50
6920,89,90
6920,234,235
6921,49,50
6921,89,90
6921,349,350
6921,385,386
6922,49,50
6922,262,263
6922,349,350
6922,385,386
6923,49,50
6923,187,188
6923,218,219
6923,401,402
6924,49,50
6924,89,90
6924,234,235
6924,349,350
6925,49,50
6925,288,289
6925,339,340
6925,401,402
6926,49,50
6926,187,188
6926,339,340
6926,401,402
6927,49,50
6927,234,235
6927,288,289
6927,339,340
6928,49,50
6928,288,289
6928,295,296
6928,401,402
6929,49,50
6929,262,263
6929,288,289
6929,295,296
6930,49,50
6930,218,219
6930,295,296
6930,401,402
6931,49,50
6931,218,219
6931,262,263
6931,295,296
6932,49,50
6932,234,235
6932,288,289
6932,349,350
6933,49,50
6933,262,263
6933,288,289
6933,349,350
6934,204,205
6934,269,270
6934,277,278
6934,385,386
6935,6,7
6935,204,205
6935,211,212
6935,269,270
6936,15,16
6936,211,212
6936,217,218
6936,269,270
6937,204,205
6937,211,212
6937,269,270
6937,271,272
6938,204,205
6938,269,270
6938,271,272
6938,385,386
6939,15,16
6939,211,212
6939,269,270
6939,271,272
6940,15,16
6940,269,270
6940,271,272
6940,385,386
6941,99,100
6941,206,207
6941,217,218
6941,269,270
6942,15,16
6942,99,100
6942,217,218
6942,269,270
6943,15,16
6943,99,100
6943,269,270
6943,385,386
6944,6,7
6944,95,96
6944,204,205
6944,269,270
6945,6,7
6945,95,96
6945,206,207
6945,269,270
6946,6,7
6946,206,207
6946,217,218
6946,269,270
6947,6,7
6947,211,212
6947,217,218
6947,269,270
6948,5,6
6948,32,33
6948,186,187
6948,228,229
6949,5,6
6949,32,33
6949,165,166
6949,186,187
6950,5,6
6950,165,166
6950,186,187
6950,228,229
6951,32,33
6951,186,187
6951,187,188
6951,228,229
6952,181,182
6952,186,187
6952,187,188
6952,228,229
6953,85,86
6953,165,166
6953,186,187
6953,228,229
6954,85,86
6954,181,182
6954,186,187
6954,228,229
6955,85,86
6955,165,166
6955,181,182
6955,186,187
6956,32,33
6956,84,85
6956,186,187
6956,196,197
6957,32,33
6957,165,166
6957,186,187
6957,196,197
6958,84,85
6958,165,166
6958,186,187
6958,196,197
6959,84,85
6959,165,166
6959,186,187
6959,331,332
6960,32,33
6960,49,50
6960,186,187
6960,187,188
6961,49,50
6961,186,187
6961,187,188
6961,339,340
6962,81,82
6962,186,187
6962,187,188
6962,339,340
6963,81,82
6963,181,182
6963,186,187
6963,187,188
6964,32,33
6964,84,85
6964,186,187
6964,234,235
6965,84,85
6965,186,187
6965,234,235
6965,339,340
6966,84,85
6966,186,187
6966,331,332
6966,339,340
6967,165,166
6967,186,187
6967,331,332
6967,391,392
6968,165,166
6968,181,182
6968,186,187
6968,391,392
6969,32,33
6969,49,50
6969,186,187
6969,234,235
6970,49,50
6970,186,187
6970,234,235
6970,339,340
6971,81,82
6971,186,187
6971,331,332
6971,391,392
6972,81,82
6972,181,182
6972,186,187
6972,391,392
6973,81,82
6973,186,187
6973,339,340
6973,383,384
6974,81,82
6974,186,187
6974,331,332
6974,383,384
6975,186,187
6975,331,332
6975,339,340
6975,383,384
6976,1606,1607
6976,1689,1690
6976,1727,1728
6976,1746,1747
6977,1456,1457
6977,1606,1607
6977,1689,1690
6977,1746,1747
6978,1452,1453
6978,1606,1607
6978,1727,1728
6978,1746,1747
6979,1452,1453
6979,1456,1457
6979,1606,1607
6979,1746,1747
6980,1456,1457
6980,1689,1690
6980,1732,1733
6980,1746,1747
6981,1452,1453
6981,1546,1547
6981,1727,1728
6981,1746,1747
6982,1689,1690
6982,1727,1728
6982,1746,1747
6982,1809,1810
6983,1689,1690
6983,1732,1733
6983,1746,1747
6983,1809,1810
6984,1452,1453
6984,1456,1457
6984,1560,1561
6984,1746,1747
6985,1452,1453
6985,1546,1547
6985,1560,1561
6985,1746,1747
6986,1456,1457
6986,1561,1562
6986,1732,1733
6986,1746,1747
6987,1474,1475
6987,1546,1547
6987,1560,1561
6987,1746,1747
6988,1727,1728
6988,1746,1747
6988,1809,1810
6988,1821,1822
6989,1474,1475
6989,1560,1561
6989,1561,1562
6989,1746,1747
6990,1456,1457
6990,1560,1561
6990,1561,1562
6990,1746,1747
6991,1546,1547
6991,1727,1728
6991,1746,1747
6991,1821,1822
6992,1474,1475
6992,1546,1547
6992,1746,1747
6992,1821,1822
6993,1479,1480
6993,1647,1648
6993,1712,1713
6993,1775,1776
6994,1479,1480
6994,1534,1535
6994,1634,1635
6994,1647,1648
6995,1479,1480
6995,1634,1635
6995,1647,1648
6995,1712,1713
6996,1479,1480
6996,1647,1648
6996,1732,1733
6996,1775,1776
6997,1479,1480
6997,1534,1535
6997,1634,1635
6997,1806,1807
6998,1479,1480
6998,1634,1635
6998,1712,1713
6998,1806,1807
6999,1479,1480
6999,1534,1535
6999,1647,1648
6999,1807,1808
7000,1479,1480
7000,1647,1648
7000,1732,1733
7000,1807,1808
7001,1479,1480
7001,1534,1535
7001,1561,1562
7001,1807,1808
7002,1479,1480
7002,1561,1562
7002,1732,1733
7002,1807,1808
7003,1479,1480
7003,1534,1535
7003,1561,1562
7003,1806,1807
7004,1479,1480
7004,1561,1562
7004,1732,1733
7004,1746,1747
7005,1474,1475
7005,1479,1480
7005,1561,1562
7005,1806,1807
7006,1474,1475
7006,1479,1480
7006,1561,1562
7006,1746,1747
7007,1479,1480
7007,1732,1733
7007,1775,1776
7007,1809,1810
7008,1479,1480
7008,1732,1733
7008,1746,1747
7008,1809,1810
7009,1479,1480
7009,1746,1747
7009,1809,1810
7009,1821,1822
7010,1479,1480
7010,1712,1713
7010,1748,1749
7010,1775,1776
7011,1479,1480
7011,1748,1749
7011,1809,1810
7011,1821,1822
7012,1479,1480
7012,1748,1749
7012,1775,1776
7012,1809,1810
7013,1479,1480
7013,1712,1713
7013,1719,1720
7013,1748,1749
7014,25,26
7014,35,36
7014,43,44
7014,160,161
7015,25,26
7015,35,36
7015,41,42
7015,160,161
7016,35,36
7016,43,44
7016,47,48
7016,125,126
7017,35,36
7017,43,44
7017,47,48
7017,160,161
7018,35,36
7018,43,44
7018,125,126
7018,159,160
7019,35,36
7019,88,89
7019,125,126
7019,159,160
7020,25,26
7020,35,36
7020,41,42
7020,159,160
7021,35,36
7021,88,89
7021,159,160
7021,185,186
7022,35,36
7022,41,42
7022,159,160
7022,185,186
7023,35,36
7023,43,44
7023,107,108
7023,159,160
7024,25,26
7024,35,36
7024,107,108
7024,159,160
7025,25,26
7025,35,36
7025,43,44
7025,107,108
7026,133,134
7026,140,141
7026,296,297
7026,320,321
7027,133,134
7027,140,141
7027,152,153
7027,296,297
7028,133,134
7028,140,141
7028,252,253
7028,320,321
7029,133,134
7029,164,165
7029,241,242
7029,320,321
7030,52,53
7030,133,134
7030,140,141
7030,252,253
7031,52,53
7031,133,134
7031,140,141
7031,152,153
7032,133,134
7032,152,153
7032,296,297
7032,342,343
7033,133,134
7033,152,153
7033,311,312
7033,342,343
7034,133,134
7034,152,153
7034,311,312
7034,400,401
7035,133,134
7035,164,165
7035,311,312
7035,400,401
7036,133,134
7036,164,165
7036,252,253
7036,320,321
7037,52,53
7037,133,134
7037,152,153
7037,400,401
7038,50,51
7038,133,134
7038,164,165
7038,252,253
7039,50,51
7039,133,134
7039,164,165
7039,400,401
7040,50,51
7040,52,53
7040,133,134
7040,252,253
7041,50,51
7041,52,53
7041,133,134
7041,400,401
7042,164,165
7042,195,196
7042,261,262
7042,369,370
7043,164,165
7043,195,196
7043,369,370
7043,395,396
7044,195,196
7044,310,311
7044,369,370
7044,395,396
7045,195,196
7045,209,210
7045,310,311
7045,369,370
7046,195,196
7046,209,210
7046,261,262
7046,369,370
7047,58,59
7047,164,165
7047,195,196
7047,261,262
7048,13,14
7048,195,196
7048,209,210
7048,261,262
7049,13,14
7049,58,59
7049,195,196
7049,261,262
7050,14,15
7050,58,59
7050,164,165
7050,195,196
7051,115,116
7051,195,196
7051,310,311
7051,395,396
7052,4,5
7052,195,196
7052,209,210
7052,310,311
7053,13,14
7053,58,59
7053,195,196
7053,371,372
7054,50,51
7054,164,165
7054,195,196
7054,395,396
7055,14,15
7055,50,51
7055,164,165
7055,195,196
7056,4,5
7056,115,116
7056,195,196
7056,310,311
7057,4,5
7057,115,116
7057,144,145
7057,195,196
7058,51,52
7058,115,116
7058,144,145
7058,195,196
7059,51,52
7059,115,116
7059,195,196
7059,395,396
7060,4,5
7060,144,145
7060,195,196
7060,371,372
7061,14,15
7061,51,52
7061,144,145
7061,195,196
7062,4,5
7062,13,14
7062,195,196
7062,371,372
7063,4,5
7063,13,14
7063,195,196
7063,209,210
7064,14,15
7064,144,145
7064,195,196
7064,371,372
7065,14,15
7065,58,59
7065,195,196
7065,371,372
7066,50,51
7066,51,52
7066,195,196
7066,395,396
7067,14,15
7067,50,51
7067,51,52
7067,195,196
7068,433,434
7068,522,523
7068,540,541
7068,563,564
7069,513,514
7069,522,523
7069,540,541
7069,563,564
7070,443,444
7070,522,523
7070,540,541
7070,580,581
7071,433,434
7071,522,523
7071,540,541
7071,580,581
7072,433,434
7072,443,444
7072,540,541
7072,580,581
7073,443,444
7073,540,541
7073,600,601
7073,774,775
7074,433,434
7074,443,444
7074,540,541
7074,774,775
7075,322,323
7075,513,514
7075,522,523
7075,540,541
7076,357,358
7076,443,444
7076,540,541
7076,600,601
7077,513,514
7077,514,515
7077,540,541
7077,600,601
7078,513,514
7078,514,515
7078,540,541
7078,563,564
7079,514,515
7079,540,541
7079,600,601
7079,774,775
7080,500,501
7080,514,515
7080,540,541
7080,563,564
7081,433,434
7081,500,501
7081,540,541
7081,563,564
7082,322,323
7082,422,423
7082,522,523
7082,540,541
7083,322,323
7083,357,358
7083,422,423
7083,540,541
7084,443,444
7084,522,523
7084,540,541
7084,546,547
7085,422,423
7085,522,523
7085,540,541
7085,546,547
7086,357,358
7086,443,444
7086,488,489
7086,540,541
7087,357,358
7087,422,423
7087,488,489
7087,540,541
7088,322,323
7088,357,358
7088,477,478
7088,540,541
7089,322,323
7089,477,478
7089,513,514
7089,540,541
7090,357,358
7090,477,478
7090,540,541
7090,600,601
7091,477,478
7091,513,514
7091,540,541
7091,600,601
7092,500,501
7092,514,515
7092,540,541
7092,774,775
7093,433,434
7093,500,501
7093,540,541
7093,774,775
7094,443,444
7094,488,489
7094,540,541
7094,546,547
7095,422,423
7095,488,489
7095,540,541
7095,546,547
7096,1035,1036
7096,1299,1300
7096,1312,1313
7096,1332,1333
7097,1035,1036
7097,1148,1149
7097,1299,1300
7097,1332,1333
7098,1035,1036
7098,1148,1149
7098,1332,1333
7098,1398,1399
7099,1035,1036
7099,1312,1313
7099,1332,1333
7099,1359,1360
7100,1035,1036
7100,1332,1333
7100,1359,1360
7100,1398,1399
7101,1035,1036
7101,1148,1149
7101,1159,1160
7101,1398,1399
7102,1035,1036
7102,1037,1038
7102,1299,1300
7102,1330,1331
7103,1035,1036
7103,1037,1038
7103,1256,1257
7103,1330,1331
7104,1035,1036
7104,1256,1257
7104,1312,1313
7104,1359,1360
7105,1035,1036
7105,1299,1300
7105,1312,1313
7105,1330,1331
7106,1035,1036
7106,1256,1257
7106,1312,1313
7106,1330,1331
7107,1035,1036
7107,1037,1038
7107,1235,1236
7107,1299,1300
7108,1035,1036
7108,1037,1038
7108,1159,1160
7108,1235,1236
7109,1035,1036
7109,1037,1038
7109,1103,1104
7109,1159,1160
7110,1035,1036
7110,1103,1104
7110,1159,1160
7110,1398,1399
7111,1035,1036
7111,1148,1149
7111,1235,1236
7111,1299,1300
7112,1035,1036
7112,1148,1149
7112,1159,1160
7112,1235,1236
7113,1035,1036
7113,1037,1038
7113,1103,1104
7113,1256,1257
7114,1035,1036
7114,1103,1104
7114,1256,1257
7114,1359,1360
7115,1035,1036
7115,1103,1104
7115,1359,1360
7115,1398,1399
7116,1090,1091
7116,1284,1285
7116,1365,1366
7116,1424,1425
7117,1090,1091
7117,1259,1260
7117,1284,1285
7117,1326,1327
7118,1090,1091
7118,1259,1260
7118,1284,1285
7118,1424,1425
7119,1259,1260
7119,1284,1285
7119,1326,1327
7119,1424,1425
7120,1284,1285
7120,1358,1359
7120,1365,1366
7120,1424,1425
7121,1090,1091
7121,1284,1285
7121,1365,1366
7121,1420,1421
7122,1284,1285
7122,1326,1327
7122,1399,1400
7122,1407,1408
7123,1090,1091
7123,1284,1285
7123,1326,1327
7123,1407,1408
7124,1284,1285
7124,1358,1359
7124,1424,1425
7124,1510,1511
7125,1284,1285
7125,1326,1327
7125,1424,1425
7125,1510,1511
7126,1284,1285
7126,1317,1318
7126,1358,1359
7126,1399,1400
7127,1284,1285
7127,1317,1318
7127,1326,1327
7127,1399,1400
7128,1284,1285
7128,1317,1318
7128,1358,1359
7128,1510,1511
7129,1284,1285
7129,1317,1318
7129,1326,1327
7129,1510,1511
7130,1284,1285
7130,1399,1400
7130,1407,1408
7130,1518,1519
7131,1090,1091
7131,1276,1277
7131,1284,1285
7131,1420,1421
7132,1090,1091
7132,1276,1277
7132,1284,1285
7132,1407,1408
7133,1284,1285
7133,1339,1340
7133,1358,1359
7133,1399,1400
7134,1284,1285
7134,1339,1340
7134,1358,1359
7134,1365,1366
7135,1284,1285
7135,1339,1340
7135,1365,1366
7135,1420,1421
7136,1284,1285
7136,1339,1340
7136,1399,1400
7136,1518,1519
7137,1284,1285
7137,1339,1340
7137,1420,1421
7137,1518,1519
7138,1276,1277
7138,1284,1285
7138,1420,1421
7138,1518,1519
7139,1276,1277
7139,1284,1285
7139,1407,1408
7139,1518,1519
7140,1355,1356
7140,1365,1366
7140,1424,1425
7140,1495,1496
7141,1232,1233
7141,1371,1372
7141,1424,1425
7141,1495,1496
7142,1355,1356
7142,1371,1372
7142,1424,1425
7142,1495,1496
7143,1232,1233
7143,1358,1359
7143,1495,1496
7143,1567,1568
7144,1232,1233
7144,1358,1359
7144,1424,1425
7144,1495,1496
7145,1358,1359
7145,1365,1366
7145,1424,1425
7145,1495,1496
7146,1232,1233
7146,1495,1496
7146,1549,1550
7146,1567,1568
7147,1232,1233
7147,1357,1358
7147,1371,1372
7147,1495,1496
7148,1355,1356
7148,1357,1358
7148,1371,1372
7148,1495,1496
7149,1358,1359
7149,1495,1496
7149,1565,1566
7149,1567,1568
7150,1495,1496
7150,1549,1550
7150,1565,1566
7150,1567,1568
7151,1232,1233
7151,1357,1358
7151,1495,1496
7151,1549,1550
7152,1245,1246
7152,1355,1356
7152,1365,1366
7152,1495,1496
7153,1358,1359
7153,1493,1494
7153,1495,1496
7153,1565,1566
7154,1358,1359
7154,1365,1366
7154,1493,1494
7154,1495,1496
7155,1325,1326
7155,1495,1496
7155,1549,1550
7155,1565,1566
7156,1325,1326
7156,1357,1358
7156,1495,1496
7156,1549,1550
7157,1325,1326
7157,1355,1356
7157,1357,1358
7157,1495,1496
7158,1245,1246
7158,1493,1494
7158,1495,1496
7158,1565,1566
7159,1245,1246
7159,1365,1366
7159,1493,1494
7159,1495,1496
7160,1245,1246
7160,1325,1326
7160,1355,1356
7160,1495,1496
7161,1325,1326
7161,1388,1389
7161,1495,1496
7161,1565,1566
7162,1245,1246
7162,1388,1389
7162,1495,1496
7162,1565,1566
7163,1245,1246
7163,1325,1326
7163,1388,1389
7163,1495,1496
7164,1439,1440
7164,1503,1504
7164,1546,1547
7164,1615,1616
7165,1452,1453
7165,1503,1504
7165,1546,1547
7165,1615,1616
7166,1439,1440
7166,1503,1504
7166,1570,1571
7166,1727,1728
7167,1439,1440
7167,1503,1504
7167,1546,1547
7167,1727,1728
7168,1452,1453
7168,1503,1504
7168,1546,1547
7168,1727,1728
7169,1439,1440
7169,1503,1504
7169,1570,1571
7169,1574,1575
7170,1452,1453
7170,1503,1504
7170,1606,1607
7170,1727,1728
7171,1503,1504
7171,1570,1571
7171,1606,1607
7171,1727,1728
7172,1439,1440
7172,1503,1504
7172,1577,1578
7172,1615,1616
7173,1439,1440
7173,1503,1504
7173,1574,1575
7173,1577,1578
7174,1409,1410
7174,1454,1455
7174,1503,1504
7174,1615,1616
7175,1409,1410
7175,1452,1453
7175,1503,1504
7175,1615,1616
7176,1452,1453
7176,1460,1461
7176,1503,1504
7176,1606,1607
7177,1460,1461
7177,1503,1504
7177,1570,1571
7177,1606,1607
7178,1454,1455
7178,1503,1504
7178,1577,1578
7178,1615,1616
7179,1381,1382
7179,1503,1504
7179,1570,1571
7179,1574,1575
7180,1381,1382
7180,1460,1461
7180,1503,1504
7180,1570,1571
7181,1381,1382
7181,1503,1504
7181,1574,1575
7181,1577,1578
7182,1309,1310
7182,1454,1455
7182,1503,1504
7182,1577,1578
7183,1309,1310
7183,1381,1382
7183,1454,1455
7183,1503,1504
7184,1309,1310
7184,1381,1382
7184,1503,1504
7184,1577,1578
7185,1482,1483
7185,1609,1610
7185,1679,1680
7185,1742,1743
7186,1546,1547
7186,1679,1680
7186,1742,1743
7186,1760,1761
7187,1474,1475
7187,1482,1483
7187,1679,1680
7187,1742,1743
7188,1474,1475
7188,1546,1547
7188,1679,1680
7188,1742,1743
7189,1609,1610
7189,1679,1680
7189,1742,1743
7189,1760,1761
7190,1546,1547
7190,1615,1616
7190,1679,1680
7190,1760,1761
7191,1498,1499
7191,1609,1610
7191,1679,1680
7191,1760,1761
7192,1513,1514
7192,1564,1565
7192,1618,1619
7192,1679,1680
7193,1482,1483
7193,1513,1514
7193,1564,1565
7193,1679,1680
7194,1498,1499
7194,1564,1565
7194,1618,1619
7194,1679,1680
7195,1482,1483
7195,1564,1565
7195,1679,1680
7195,1758,1759
7196,1564,1565
7196,1609,1610
7196,1679,1680
7196,1758,1759
7197,1234,1235
7197,1498,1499
7197,1618,1619
7197,1679,1680
7198,1498,1499
7198,1564,1565
7198,1579,1580
7198,1679,1680
7199,1498,1499
7199,1579,1580
7199,1609,1610
7199,1679,1680
7200,1564,1565
7200,1579,1580
7200,1609,1610
7200,1679,1680
7201,1482,1483
7201,1591,1592
7201,1679,1680
7201,1758,1759
7202,1591,1592
7202,1609,1610
7202,1679,1680
7202,1758,1759
7203,1482,1483
7203,1591,1592
7203,1609,1610
7203,1679,1680
7204,1303,1304
7204,1498,1499
7204,1679,1680
7204,1760,1761
7205,1303,1304
7205,1615,1616
7205,1679,1680
7205,1760,1761
7206,1234,1235
7206,1303,1304
7206,1498,1499
7206,1679,1680
7207,1234,1235
7207,1303,1304
7207,1615,1616
7207,1679,1680
7208,1313,1314
7208,1429,1430
7208,1618,1619
7208,1624,1625
7209,1313,1314
7209,1429,1430
7209,1616,1617
7209,1624,1625
7210,1313,1314
7210,1616,1617
7210,1618,1619
7210,1624,1625
7211,1385,1386
7211,1564,1565
7211,1618,1619
7211,1624,1625
7212,1513,1514
7212,1564,1565
7212,1618,1619
7212,1624,1625
7213,1513,1514
7213,1616,1617
7213,1618,1619
7213,1624,1625
7214,1385,1386
7214,1429,1430
7214,1597,1598
7214,1624,1625
7215,1385,1386
7215,1597,1598
7215,1618,1619
7215,1624,1625
7216,1429,1430
7216,1597,1598
7216,1618,1619
7216,1624,1625
7217,1264,1265
7217,1429,1430
7217,1535,1536
7217,1624,1625
7218,1264,1265
7218,1429,1430
7218,1616,1617
7218,1624,1625
7219,1331,1332
7219,1385,1386
7219,1429,1430
7219,1624,1625
7220,1331,1332
7220,1385,1386
7220,1535,1536
7220,1624,1625
7221,1331,1332
7221,1429,1430
7221,1535,1536
7221,1624,1625
7222,1264,1265
7222,1451,1452
7222,1535,1536
7222,1624,1625
7223,1451,1452
7223,1513,1514
7223,1616,1617
7223,1624,1625
7224,1264,1265
7224,1451,1452
7224,1612,1613
7224,1624,1625
7225,1451,1452
7225,1612,1613
7225,1616,1617
7225,1624,1625
7226,1264,1265
7226,1612,1613
7226,1616,1617
7226,1624,1625
7227,1451,1452
7227,1457,1458
7227,1513,1514
7227,1624,1625
7228,1457,1458
7228,1513,1514
7228,1564,1565
7228,1624,1625
7229,1385,1386
7229,1448,1449
7229,1535,1536
7229,1624,1625
7230,1451,1452
7230,1457,1458
7230,1624,1625
7230,1829,1830
7231,1451,1452
7231,1535,1536
7231,1624,1625
7231,1829,1830
7232,1448,1449
7232,1457,1458
7232,1564,1565
7232,1624,1625
7233,1385,1386
7233,1448,1449
7233,1564,1565
7233,1624,1625
7234,1448,1449
7234,1457,1458
7234,1624,1625
7234,1829,1830
7235,1448,1449
7235,1535,1536
7235,1624,1625
7235,1829,1830
7236,1447,1448
7236,1504,1505
7236,1543,1544
7236,1550,1551
7237,1264,1265
7237,1543,1544
7237,1612,1613
7237,1616,1617
7238,1247,1248
7238,1264,1265
7238,1543,1544
7238,1616,1617
7239,1543,1544
7239,1578,1579
7239,1612,1613
7239,1664,1665
7240,1264,1265
7240,1516,1517
7240,1543,1544
7240,1612,1613
7241,1247,1248
7241,1264,1265
7241,1516,1517
7241,1543,1544
7242,1516,1517
7242,1543,1544
7242,1578,1579
7242,1612,1613
7243,1447,1448
7243,1516,1517
7243,1543,1544
7243,1578,1579
7244,1247,1248
7244,1393,1394
7244,1516,1517
7244,1543,1544
7245,1247,1248
7245,1393,1394
7245,1543,1544
7245,1550,1551
7246,1393,1394
7246,1447,1448
7246,1516,1517
7246,1543,1544
7247,1393,1394
7247,1447,1448
7247,1543,1544
7247,1550,1551
7248,1482,1483
7248,1729,1730
7248,1757,1758
7248,1821,1822
7249,1482,1483
7249,1511,1512
7249,1757,1758
7249,1763,1764
7250,1719,1720
7250,1748,1749
7250,1757,1758
7250,1821,1822
7251,1663,1664
7251,1757,1758
7251,1763,1764
7251,1792,1793
7252,1252,1253
7252,1428,1429
7252,1431,1432
7252,1550,1551
7253,1243,1244
7253,1252,1253
7253,1313,1314
7253,1428,1429
7254,1243,1244
7254,1252,1253
7254,1428,1429
7254,1431,1432
7255,1247,1248
7255,1252,1253
7255,1428,1429
7255,1550,1551
7256,1247,1248
7256,1428,1429
7256,1543,1544
7256,1550,1551
7257,1243,1244
7257,1421,1422
7257,1428,1429
7257,1431,1432
7258,1349,1350
7258,1428,1429
7258,1431,1432
7258,1550,1551
7259,1349,1350
7259,1421,1422
7259,1428,1429
7259,1431,1432
7260,1428,1429
7260,1504,1505
7260,1543,1544
7260,1550,1551
7261,1247,1248
7261,1252,1253
7261,1313,1314
7261,1428,1429
7262,1247,1248
7262,1313,1314
7262,1428,1429
7262,1616,1617
7263,1247,1248
7263,1428,1429
7263,1543,1544
7263,1616,1617
7264,1234,1235
7264,1243,1244
7264,1313,1314
7264,1428,1429
7265,1234,1235
7265,1243,1244
7265,1421,1422
7265,1428,1429
7266,1349,1350
7266,1428,1429
7266,1504,1505
7266,1550,1551
7267,1349,1350
7267,1421,1422
7267,1428,1429
7267,1504,1505
7268,1234,1235
7268,1313,1314
7268,1428,1429
7268,1616,1617
7269,1347,1348
7269,1349,1350
7269,1354,1355
7269,1431,1432
7270,1346,1347
7270,1347,1348
7270,1354,1355
7270,1431,1432
7271,1354,1355
7271,1356,1357
7271,1573,1574
7271,1603,1604
7272,1349,1350
7272,1354,1355
7272,1573,1574
7272,1603,1604
7273,1320,1321
7273,1354,1355
7273,1356,1357
7273,1603,1604
7274,1119,1120
7274,1346,1347
7274,1347,1348
7274,1354,1355
7275,1119,1120
7275,1230,1231
7275,1354,1355
7275,1502,1503
7276,1119,1120
7276,1347,1348
7276,1354,1355
7276,1502,1503
7277,1243,1244
7277,1334,1335
7277,1346,1347
7277,1400,1401
7278,1243,1244
7278,1346,1347
7278,1400,1401
7278,1431,1432
7279,1102,1103
7279,1334,1335
7279,1346,1347
7279,1400,1401
7280,1124,1125
7280,1346,1347
7280,1400,1401
7280,1431,1432
7281,1102,1103
7281,1124,1125
7281,1346,1347
7281,1400,1401
7282,1102,1103
7282,1274,1275
7282,1362,1363
7282,1400,1401
7283,1243,1244
7283,1252,1253
7283,1400,1401
7283,1431,1432
7284,1102,1103
7284,1124,1125
7284,1362,1363
7284,1400,1401
7285,1252,1253
7285,1274,1275
7285,1362,1363
7285,1400,1401
7286,1071,1072
7286,1102,1103
7286,1334,1335
7286,1400,1401
7287,1071,1072
7287,1102,1103
7287,1274,1275
7287,1400,1401
7288,1243,1244
7288,1334,1335
7288,1340,1341
7288,1400,1401
7289,1243,1244
7289,1252,1253
7289,1313,1314
7289,1400,1401
7290,1252,1253
7290,1274,1275
7290,1313,1314
7290,1400,1401
7291,1071,1072
7291,1334,1335
7291,1340,1341
7291,1400,1401
7292,1071,1072
7292,1274,1275
7292,1340,1341
7292,1400,1401
7293,1124,1125
7293,1253,1254
7293,1362,1363
7293,1400,1401
7294,1252,1253
7294,1253,1254
7294,1362,1363
7294,1400,1401
7295,1124,1125
7295,1253,1254
7295,1400,1401
7295,1431,1432
7296,1252,1253
7296,1253,1254
7296,1400,1401
7296,1431,1432
7297,1274,1275
7297,1313,1314
7297,1340,1341
7297,1400,1401
7298,1313,1314
7298,1340,1341
7298,1395,1396
7298,1400,1401
7299,1243,1244
7299,1313,1314
7299,1395,1396
7299,1400,1401
7300,1243,1244
7300,1340,1341
7300,1395,1396
7300,1400,1401
7301,1347,1348
7301,1354,1355
7301,1502,1503
7301,1569,1570
7302,1430,1431
7302,1501,1502
7302,1569,1570
7302,1603,1604
7303,1230,1231
7303,1354,1355
7303,1502,1503
7303,1569,1570
7304,1320,1321
7304,1430,1431
7304,1569,1570
7304,1603,1604
7305,1320,1321
7305,1354,1355
7305,1569,1570
7305,1603,1604
7306,1230,1231
7306,1368,1369
7306,1502,1503
7306,1569,1570
7307,1230,1231
7307,1320,1321
7307,1354,1355
7307,1569,1570
7308,1230,1231
7308,1320,1321
7308,1368,1369
7308,1569,1570
7309,1320,1321
7309,1368,1369
7309,1430,1431
7309,1569,1570
7310,1347,1348
7310,1349,1350
7310,1421,1422
7310,1533,1534
7311,1347,1348
7311,1409,1410
7311,1421,1422
7311,1533,1534
7312,1409,1410
7312,1421,1422
7312,1452,1453
7312,1533,1534
7313,1347,1348
7313,1349,1350
7313,1354,1355
7313,1533,1534
7314,1347,1348
7314,1354,1355
7314,1533,1534
7314,1569,1570
7315,1349,1350
7315,1354,1355
7315,1533,1534
7315,1603,1604
7316,1354,1355
7316,1533,1534
7316,1569,1570
7316,1603,1604
7317,1501,1502
7317,1533,1534
7317,1569,1570
7317,1603,1604
7318,1349,1350
7318,1421,1422
7318,1504,1505
7318,1533,1534
7319,1349,1350
7319,1366,1367
7319,1533,1534
7319,1603,1604
7320,1349,1350
7320,1366,1367
7320,1504,1505
7320,1533,1534
7321,1452,1453
7321,1456,1457
7321,1501,1502
7321,1533,1534
7322,1421,1422
7322,1452,1453
7322,1533,1534
7322,1560,1561
7323,1421,1422
7323,1504,1505
7323,1533,1534
7323,1560,1561
7324,1341,1342
7324,1366,1367
7324,1533,1534
7324,1603,1604
7325,1341,1342
7325,1501,1502
7325,1533,1534
7325,1603,1604
7326,1366,1367
7326,1456,1457
7326,1504,1505
7326,1533,1534
7327,1452,1453
7327,1456,1457
7327,1533,1534
7327,1560,1561
7328,1456,1457
7328,1504,1505
7328,1533,1534
7328,1560,1561
7329,1341,1342
7329,1366,1367
7329,1456,1457
7329,1533,1534
7330,1341,1342
7330,1456,1457
7330,1501,1502
7330,1533,1534
7331,1735,1736
7331,1756,1757
7331,1833,1834
7331,1845,1846
7332,1735,1736
7332,1756,1757
7332,1842,1843
7332,1845,1846
7333,1735,1736
7333,1756,1757
7333,1773,1774
7333,1842,1843
7334,1735,1736
7334,1783,1784
7334,1833,1834
7334,1845,1846
7335,1719,1720
7335,1735,1736
7335,1773,1774
7335,1842,1843
7336,1648,1649
7336,1663,1664
7336,1735,1736
7336,1824,1825
7337,1719,1720
7337,1735,1736
7337,1757,1758
7337,1842,1843
7338,1648,1649
7338,1682,1683
7338,1735,1736
7338,1833,1834
7339,1663,1664
7339,1682,1683
7339,1735,1736
7339,1833,1834
7340,1648,1649
7340,1663,1664
7340,1682,1683
7340,1735,1736
7341,1683,1684
7341,1704,1705
7341,1754,1755
7341,1845,1846
7342,1754,1755
7342,1756,1757
7342,1842,1843
7342,1845,1846
7343,1683,1684
7343,1754,1755
7343,1842,1843
7343,1845,1846
7344,1702,1703
7344,1754,1755
7344,1756,1757
7344,1842,1843
7345,1702,1703
7345,1754,1755
7345,1778,1779
7345,1842,1843
7346,1591,1592
7346,1713,1714
7346,1729,1730
7346,1745,1746
7347,1591,1592
7347,1686,1687
7347,1713,1714
7347,1745,1746
7348,1683,1684
7348,1713,1714
7348,1729,1730
7348,1745,1746
7349,1683,1684
7349,1713,1714
7349,1745,1746
7349,1845,1846
7350,1686,1687
7350,1713,1714
7350,1745,1746
7350,1783,1784
7351,1713,1714
7351,1745,1746
7351,1783,1784
7351,1845,1846
7352,1683,1684
7352,1729,1730
7352,1745,1746
7352,1842,1843
7353,1683,1684
7353,1745,1746
7353,1842,1843
7353,1845,1846
7354,1663,1664
7354,1686,1687
7354,1745,1746
7354,1783,1784
7355,1729,1730
7355,1745,1746
7355,1757,1758
7355,1842,1843
7356,1663,1664
7356,1686,1687
7356,1745,1746
7356,1763,1764
7357,1591,1592
7357,1686,1687
7357,1745,1746
7357,1763,1764
7358,1735,1736
7358,1745,1746
7358,1842,1843
7358,1845,1846
7359,1735,1736
7359,1745,1746
7359,1783,1784
7359,1845,1846
7360,1663,1664
7360,1735,1736
7360,1745,1746
7360,1757,1758
7361,1735,1736
7361,1745,1746
7361,1757,1758
7361,1842,1843
7362,1663,1664
7362,1745,1746
7362,1757,1758
7362,1763,1764
7363,1482,1483
7363,1591,1592
7363,1729,1730
7363,1745,1746
7364,1482,1483
7364,1729,1730
7364,1745,1746
7364,1757,1758
7365,1663,1664
7365,1745,1746
7365,1783,1784
7365,1833,1834
7366,1735,1736
7366,1745,1746
7366,1783,1784
7366,1833,1834
7367,1663,1664
7367,1735,1736
7367,1745,1746
7367,1833,1834
7368,1482,1483
7368,1591,1592
7368,1745,1746
7368,1763,1764
7369,1482,1483
7369,1745,1746
7369,1757,1758
7369,1763,1764
7370,1648,1649
7370,1670,1671
7370,1824,1825
7370,1837,1838
7371,1670,1671
7371,1711,1712
7371,1824,1825
7371,1837,1838
7372,1706,1707
7372,1709,1710
7372,1769,1770
7372,1837,1838
7373,1706,1707
7373,1709,1710
7373,1711,1712
7373,1837,1838
7374,1709,1710
7374,1711,1712
7374,1824,1825
7374,1837,1838
7375,1683,1684
7375,1684,1685
7375,1754,1755
7375,1778,1779
7376,1660,1661
7376,1684,1685
7376,1754,1755
7376,1778,1779
7377,1660,1661
7377,1684,1685
7377,1754,1755
7377,1774,1775
7378,1684,1685
7378,1704,1705
7378,1751,1752
7378,1774,1775
7379,1683,1684
7379,1684,1685
7379,1704,1705
7379,1751,1752
7380,1660,1661
7380,1684,1685
7380,1701,1702
7380,1733,1734
7381,1684,1685
7381,1704,1705
7381,1754,1755
7381,1774,1775
7382,1683,1684
7382,1684,1685
7382,1704,1705
7382,1754,1755
7383,1655,1656
7383,1660,1661
7383,1684,1685
7383,1778,1779
7384,436,437
7384,442,443
7384,515,516
7384,619,620
7385,253,254
7385,436,437
7385,515,516
7385,619,620
7386,253,254
7386,436,437
7386,515,516
7386,612,613
7387,347,348
7387,515,516
7387,612,613
7387,615,616
7388,515,516
7388,606,607
7388,612,613
7388,615,616
7389,436,437
7389,515,516
7389,606,607
7389,612,613
7390,436,437
7390,515,516
7390,606,607
7390,615,616
7391,347,348
7391,515,516
7391,615,616
7391,624,625
7392,442,443
7392,515,516
7392,624,625
7392,776,777
7393,515,516
7393,615,616
7393,624,625
7393,776,777
7394,442,443
7394,515,516
7394,615,616
7394,617,618
7395,436,437
7395,442,443
7395,515,516
7395,617,618
7396,436,437
7396,515,516
7396,615,616
7396,617,618
7397,440,441
7397,442,443
7397,515,516
7397,615,616
7398,440,441
7398,442,443
7398,515,516
7398,776,777
7399,440,441
7399,515,516
7399,615,616
7399,776,777
7400,233,234
7400,258,259
7400,482,483
7400,636,637
7401,233,234
7401,374,375
7401,482,483
7401,636,637
7402,233,234
7402,258,259
7402,482,483
7402,559,560
7403,233,234
7403,482,483
7403,559,560
7403,578,579
7404,374,375
7404,482,483
7404,559,560
7404,578,579
7405,233,234
7405,374,375
7405,482,483
7405,578,579
7406,345,346
7406,482,483
7406,509,510
7406,636,637
7407,345,346
7407,482,483
7407,509,510
7407,591,592
7408,360,361
7408,374,375
7408,482,483
7408,559,560
7409,250,251
7409,258,259
7409,482,483
7409,509,510
7410,250,251
7410,258,259
7410,482,483
7410,559,560
7411,250,251
7411,482,483
7411,509,510
7411,591,592
7412,258,259
7412,482,483
7412,509,510
7412,605,606
7413,258,259
7413,482,483
7413,605,606
7413,636,637
7414,482,483
7414,509,510
7414,605,606
7414,636,637
7415,250,251
7415,413,414
7415,482,483
7415,559,560
7416,548,549
7416,594,595
7416,610,611
7416,636,637
7417,548,549
7417,562,563
7417,594,595
7417,595,596
7418,548,549
7418,579,580
7418,594,595
7418,636,637
7419,548,549
7419,562,563
7419,579,580
7419,636,637
7420,548,549
7420,562,563
7420,579,580
7420,594,595
7421,233,234
7421,548,549
7421,562,563
7421,636,637
7422,233,234
7422,374,375
7422,548,549
7422,636,637
7423,233,234
7423,374,375
7423,548,549
7423,562,563
7424,345,346
7424,548,549
7424,610,611
7424,636,637
7425,345,346
7425,482,483
7425,548,549
7425,636,637
7426,374,375
7426,482,483
7426,548,549
7426,636,637
7427,345,346
7427,374,375
7427,482,483
7427,548,549
7428,1039,1040
7428,1081,1082
7428,1244,1245
7428,1251,1252
7429,1039,1040
7429,1081,1082
7429,1244,1245
7429,1311,1312
7430,1039,1040
7430,1043,1044
7430,1119,1120
7430,1311,1312
7431,1039,1040
7431,1081,1082
7431,1147,1148
7431,1251,1252
7432,1039,1040
7432,1068,1069
7432,1081,1082
7432,1147,1148
7433,1039,1040
7433,1119,1120
7433,1244,1245
7433,1251,1252
7434,1039,1040
7434,1119,1120
7434,1244,1245
7434,1311,1312
7435,1039,1040
7435,1081,1082
7435,1199,1200
7435,1311,1312
7436,1039,1040
7436,1068,1069
7436,1081,1082
7436,1199,1200
7437,1039,1040
7437,1119,1120
7437,1251,1252
7437,1353,1354
7438,1039,1040
7438,1043,1044
7438,1119,1120
7438,1353,1354
7439,1039,1040
7439,1186,1187
7439,1199,1200
7439,1311,1312
7440,1039,1040
7440,1068,1069
7440,1186,1187
7440,1199,1200
7441,1039,1040
7441,1043,1044
7441,1186,1187
7441,1280,1281
7442,1039,1040
7442,1186,1187
7442,1280,1281
7442,1311,1312
7443,1039,1040
7443,1043,1044
7443,1280,1281
7443,1311,1312
7444,1039,1040
7444,1043,1044
7444,1186,1187
7444,1300,1301
7445,1036,1037
7445,1039,1040
7445,1251,1252
7445,1353,1354
7446,1036,1037
7446,1039,1040
7446,1147,1148
7446,1251,1252
7447,1039,1040
7447,1068,1069
7447,1137,1138
7447,1300,1301
7448,1039,1040
7448,1068,1069
7448,1137,1138
7448,1147,1148
7449,1039,1040
7449,1094,1095
7449,1186,1187
7449,1300,1301
7450,1039,1040
7450,1068,1069
7450,1094,1095
7450,1300,1301
7451,1039,1040
7451,1068,1069
7451,1094,1095
7451,1186,1187
7452,1036,1037
7452,1039,1040
7452,1300,1301
7452,1353,1354
7453,1039,1040
7453,1043,1044
7453,1300,1301
7453,1353,1354
7454,1036,1037
7454,1039,1040
7454,1137,1138
7454,1300,1301
7455,1036,1037
7455,1039,1040
7455,1137,1138
7455,1147,1148
7456,1048,1049
7456,1066,1067
7456,1209,1210
7456,1352,1353
7457,1066,1067
7457,1152,1153
7457,1209,1210
7457,1352,1353
7458,1048,1049
7458,1066,1067
7458,1152,1153
7458,1209,1210
7459,1048,1049
7459,1066,1067
7459,1352,1353
7459,1392,1393
7460,1066,1067
7460,1181,1182
7460,1352,1353
7460,1392,1393
7461,1066,1067
7461,1152,1153
7461,1352,1353
7461,1391,1392
7462,1048,1049
7462,1066,1067
7462,1129,1130
7462,1392,1393
7463,1066,1067
7463,1129,1130
7463,1181,1182
7463,1392,1393
7464,1066,1067
7464,1181,1182
7464,1185,1186
7464,1352,1353
7465,1066,1067
7465,1185,1186
7465,1352,1353
7465,1391,1392
7466,1066,1067
7466,1181,1182
7466,1185,1186
7466,1207,1208
7467,1052,1053
7467,1066,1067
7467,1152,1153
7467,1391,1392
7468,1048,1049
7468,1066,1067
7468,1129,1130
7468,1147,1148
7469,1066,1067
7469,1129,1130
7469,1181,1182
7469,1214,1215
7470,1066,1067
7470,1181,1182
7470,1207,1208
7470,1214,1215
7471,1036,1037
7471,1066,1067
7471,1207,1208
7471,1251,1252
7472,1052,1053
7472,1066,1067
7472,1207,1208
7472,1251,1252
7473,1052,1053
7473,1066,1067
7473,1152,1153
7473,1251,1252
7474,1036,1037
7474,1066,1067
7474,1152,1153
7474,1251,1252
7475,1036,1037
7475,1048,1049
7475,1066,1067
7475,1152,1153
7476,1066,1067
7476,1129,1130
7476,1147,1148
7476,1214,1215
7477,1066,1067
7477,1147,1148
7477,1207,1208
7477,1214,1215
7478,1036,1037
7478,1066,1067
7478,1147,1148
7478,1207,1208
7479,1036,1037
7479,1048,1049
7479,1066,1067
7479,1147,1148
7480,1066,1067
7480,1110,1111
7480,1185,1186
7480,1207,1208
7481,1052,1053
7481,1066,1067
7481,1110,1111
7481,1207,1208
7482,1066,1067
7482,1110,1111
7482,1185,1186
7482,1391,1392
7483,1052,1053
7483,1066,1067
7483,1110,1111
7483,1391,1392
7484,1048,1049
7484,1061,1062
7484,1082,1083
7484,1099,1100
7485,1048,1049
7485,1082,1083
7485,1212,1213
7485,1333,1334
7486,1048,1049
7486,1082,1083
7486,1099,1100
7486,1212,1213
7487,1048,1049
7487,1082,1083
7487,1195,1196
7487,1333,1334
7488,1048,1049
7488,1061,1062
7488,1082,1083
7488,1195,1196
7489,1082,1083
7489,1099,1100
7489,1212,1213
7489,1335,1336
7490,1082,1083
7490,1195,1196
7490,1333,1334
7490,1396,1397
7491,1061,1062
7491,1082,1083
7491,1195,1196
7491,1396,1397
7492,1082,1083
7492,1212,1213
7492,1333,1334
7492,1408,1409
7493,1082,1083
7493,1212,1213
7493,1335,1336
7493,1408,1409
7494,1082,1083
7494,1297,1298
7494,1333,1334
7494,1396,1397
7495,1082,1083
7495,1297,1298
7495,1333,1334
7495,1408,1409
7496,1082,1083
7496,1269,1270
7496,1348,1349
7496,1396,1397
7497,1082,1083
7497,1140,1141
7497,1269,1270
7497,1396,1397
7498,1061,1062
7498,1082,1083
7498,1140,1141
7498,1396,1397
7499,1082,1083
7499,1297,1298
7499,1348,1349
7499,1408,1409
7500,1082,1083
7500,1297,1298
7500,1348,1349
7500,1396,1397
7501,1082,1083
7501,1335,1336
7501,1348,1349
7501,1408,1409
7502,1082,1083
7502,1269,1270
7502,1307,1308
7502,1348,1349
7503,1082,1083
7503,1307,1308
7503,1335,1336
7503,1348,1349
7504,1178,1179
7504,1182,1183
7504,1187,1188
7504,1219,1220
7505,974,975
7505,1178,1179
7505,1182,1183
7505,1219,1220
7506,883,884
7506,974,975
7506,1178,1179
7506,1219,1220
7507,883,884
7507,1100,1101
7507,1178,1179
7507,1219,1220
7508,994,995
7508,1178,1179
7508,1182,1183
7508,1187,1188
7509,861,862
7509,994,995
7509,1178,1179
7509,1187,1188
7510,943,944
7510,974,975
7510,1178,1179
7510,1182,1183
7511,943,944
7511,1017,1018
7511,1178,1179
7511,1182,1183
7512,861,862
7512,938,939
7512,956,957
7512,1178,1179
7513,938,939
7513,956,957
7513,1017,1018
7513,1178,1179
7514,913,914
7514,994,995
7514,1178,1179
7514,1182,1183
7515,913,914
7515,1017,1018
7515,1178,1179
7515,1182,1183
7516,913,914
7516,956,957
7516,1017,1018
7516,1178,1179
7517,861,862
7517,956,957
7517,994,995
7517,1178,1179
7518,913,914
7518,956,957
7518,994,995
7518,1178,1179
7519,998,999
7519,1100,1101
7519,1160,1161
7519,1219,1220
7520,998,999
7520,1053,1054
7520,1160,1161
7520,1219,1220
7521,1053,1054
7521,1160,1161
7521,1187,1188
7521,1219,1220
7522,1100,1101
7522,1160,1161
7522,1178,1179
7522,1219,1220
7523,1160,1161
7523,1178,1179
7523,1187,1188
7523,1219,1220
7524,861,862
7524,1160,1161
7524,1178,1179
7524,1187,1188
7525,998,999
7525,1053,1054
7525,1160,1161
7525,1268,1269
7526,861,862
7526,938,939
7526,1160,1161
7526,1178,1179
7527,938,939
7527,1100,1101
7527,1160,1161
7527,1178,1179
7528,998,999
7528,1130,1131
7528,1160,1161
7528,1268,1269
7529,998,999
7529,1100,1101
7529,1130,1131
7529,1160,1161
7530,1053,1054
7530,1160,1161
7530,1268,1269
7530,1394,1395
7531,861,862
7531,1160,1161
7531,1189,1190
7531,1394,1395
7532,861,862
7532,1160,1161
7532,1187,1188
7532,1189,1190
7533,1053,1054
7533,1160,1161
7533,1189,1190
7533,1394,1395
7534,1053,1054
7534,1160,1161
7534,1187,1188
7534,1189,1190
7535,861,862
7535,938,939
7535,1050,1051
7535,1160,1161
7536,938,939
7536,1050,1051
7536,1100,1101
7536,1160,1161
7537,1050,1051
7537,1130,1131
7537,1160,1161
7537,1268,1269
7538,1050,1051
7538,1100,1101
7538,1130,1131
7538,1160,1161
7539,1146,1147
7539,1160,1161
7539,1268,1269
7539,1394,1395
7540,861,862
7540,1146,1147
7540,1160,1161
7540,1394,1395
7541,1050,1051
7541,1146,1147
7541,1160,1161
7541,1268,1269
7542,861,862
7542,1050,1051
7542,1146,1147
7542,1160,1161
7543,1290,1291
7543,1328,1329
7543,1480,1481
7543,1494,1495
7544,1297,1298
7544,1328,1329
7544,1396,1397
7544,1494,1495
7545,1297,1298
7545,1328,1329
7545,1480,1481
7545,1494,1495
7546,1195,1196
7546,1297,1298
7546,1396,1397
7546,1494,1495
7547,1290,1291
7547,1309,1310
7547,1480,1481
7547,1494,1495
7548,1290,1291
7548,1309,1310
7548,1322,1323
7548,1494,1495
7549,1195,1196
7549,1297,1298
7549,1333,1334
7549,1494,1495
7550,1195,1196
7550,1249,1250
7550,1322,1323
7550,1494,1495
7551,1297,1298
7551,1333,1334
7551,1418,1419
7551,1494,1495
7552,1297,1298
7552,1418,1419
7552,1480,1481
7552,1494,1495
7553,1309,1310
7553,1418,1419
7553,1480,1481
7553,1494,1495
7554,1249,1250
7554,1309,1310
7554,1322,1323
7554,1494,1495
7555,1152,1153
7555,1195,1196
7555,1333,1334
7555,1494,1495
7556,1152,1153
7556,1195,1196
7556,1249,1250
7556,1494,1495
7557,1152,1153
7557,1333,1334
7557,1416,1417
7557,1494,1495
7558,1152,1153
7558,1249,1250
7558,1416,1417
7558,1494,1495
7559,1333,1334
7559,1416,1417
7559,1418,1419
7559,1494,1495
7560,1309,1310
7560,1416,1417
7560,1418,1419
7560,1494,1495
7561,1249,1250
7561,1309,1310
7561,1416,1417
7561,1494,1495
7562,1230,1231
7562,1275,1276
7562,1368,1369
7562,1529,1530
7563,1230,1231
7563,1368,1369
7563,1502,1503
7563,1529,1530
7564,1290,1291
7564,1295,1296
7564,1383,1384
7564,1529,1530
7565,1275,1276
7565,1295,1296
7565,1529,1530
7565,1625,1626
7566,1290,1291
7566,1295,1296
7566,1529,1530
7566,1625,1626
7567,1230,1231
7567,1231,1232
7567,1275,1276
7567,1529,1530
7568,1230,1231
7568,1231,1232
7568,1502,1503
7568,1529,1530
7569,1231,1232
7569,1322,1323
7569,1502,1503
7569,1529,1530
7570,1208,1209
7570,1231,1232
7570,1275,1276
7570,1529,1530
7571,1208,1209
7571,1275,1276
7571,1529,1530
7571,1625,1626
7572,1295,1296
7572,1383,1384
7572,1466,1467
7572,1500,1501
7573,720,721
7573,733,734
7573,796,797
7573,931,932
7574,720,721
7574,733,734
7574,795,796
7574,931,932
7575,726,727
7575,733,734
7575,795,796
7575,931,932
7576,571,572
7576,674,675
7576,726,727
7576,733,734
7577,571,572
7577,674,675
7577,733,734
7577,796,797
7578,571,572
7578,726,727
7578,733,734
7578,796,797
7579,726,727
7579,733,734
7579,931,932
7579,964,965
7580,726,727
7580,733,734
7580,796,797
7580,964,965
7581,733,734
7581,796,797
7581,931,932
7581,964,965
7582,733,734
7582,795,796
7582,922,923
7582,957,958
7583,720,721
7583,733,734
7583,922,923
7583,957,958
7584,720,721
7584,733,734
7584,795,796
7584,922,923
7585,733,734
7585,795,796
7585,885,886
7585,957,958
7586,726,727
7586,733,734
7586,795,796
7586,885,886
7587,674,675
7587,693,694
7587,726,727
7587,733,734
7588,693,694
7588,733,734
7588,885,886
7588,957,958
7589,693,694
7589,726,727
7589,733,734
7589,885,886
7590,829,830
7590,863,864
7590,923,924
7590,973,974
7591,720,721
7591,816,817
7591,864,865
7591,923,924
7592,720,721
7592,761,762
7592,864,865
7592,923,924
7593,761,762
7593,863,864
7593,864,865
7593,923,924
7594,863,864
7594,864,865
7594,923,924
7594,973,974
7595,712,713
7595,816,817
7595,923,924
7595,973,974
7596,816,817
7596,864,865
7596,923,924
7596,1000,1001
7597,864,865
7597,923,924
7597,973,974
7597,1000,1001
7598,816,817
7598,923,924
7598,973,974
7598,1000,1001
7599,728,729
7599,777,778
7599,832,833
7599,838,839
7600,728,729
7600,777,778
7600,824,825
7600,832,833
7601,728,729
7601,777,778
7601,824,825
7601,829,830
7602,529,530
7602,728,729
7602,824,825
7602,832,833
7603,529,530
7603,728,729
7603,824,825
7603,829,830
7604,529,530
7604,728,729
7604,793,794
7604,832,833
7605,445,446
7605,529,530
7605,728,729
7605,793,794
7606,445,446
7606,632,633
7606,728,729
7606,793,794
7607,481,482
7607,632,633
7607,728,729
7607,793,794
7608,481,482
7608,632,633
7608,728,729
7608,838,839
7609,481,482
7609,728,729
7609,793,794
7609,832,833
7610,481,482
7610,728,729
7610,832,833
7610,838,839
7611,445,446
7611,529,530
7611,728,729
7611,764,765
7612,529,530
7612,725,726
7612,728,729
7612,764,765
7613,529,530
7613,725,726
7613,728,729
7613,829,830
7614,725,726
7614,728,729
7614,764,765
7614,829,830
7615,445,446
7615,632,633
7615,728,729
7615,843,844
7616,703,704
7616,707,708
7616,761,762
7616,863,864
7617,703,704
7617,707,708
7617,725,726
7617,863,864
7618,671,672
7618,703,704
7618,707,708
7618,761,762
7619,671,672
7619,703,704
7619,707,708
7619,725,726
7620,703,704
7620,761,762
7620,863,864
7620,923,924
7621,671,672
7621,703,704
7621,725,726
7621,783,784
7622,703,704
7622,725,726
7622,829,830
7622,863,864
7623,703,704
7623,829,830
7623,863,864
7623,923,924
7624,671,672
7624,703,704
7624,783,784
7624,850,851
7625,671,672
7625,703,704
7625,761,762
7625,850,851
7626,703,704
7626,725,726
7626,764,765
7626,783,784
7627,703,704
7627,725,726
7627,764,765
7627,829,830
7628,703,704
7628,783,784
7628,796,797
7628,850,851
7629,703,704
7629,761,762
7629,796,797
7629,850,851
7630,703,704
7630,720,721
7630,761,762
7630,796,797
7631,703,704
7631,720,721
7631,761,762
7631,923,924
7632,674,675
7632,703,704
7632,783,784
7632,796,797
7633,674,675
7633,703,704
7633,764,765
7633,783,784
7634,743,744
7634,903,904
7634,973,974
7634,1121,1122
7635,903,904
7635,973,974
7635,1121,1122
7635,1205,1206
7636,743,744
7636,863,864
7636,903,904
7636,973,974
7637,903,904
7637,973,974
7637,1000,1001
7637,1205,1206
7638,730,731
7638,903,904
7638,926,927
7638,1176,1177
7639,730,731
7639,743,744
7639,903,904
7639,988,989
7640,743,744
7640,903,904
7640,988,989
7640,1121,1122
7641,903,904
7641,908,909
7641,926,927
7641,1176,1177
7642,903,904
7642,908,909
7642,1109,1110
7642,1176,1177
7643,730,731
7643,743,744
7643,863,864
7643,903,904
7644,863,864
7644,864,865
7644,903,904
7644,1109,1110
7645,863,864
7645,864,865
7645,903,904
7645,973,974
7646,864,865
7646,903,904
7646,1000,1001
7646,1109,1110
7647,864,865
7647,903,904
7647,973,974
7647,1000,1001
7648,903,904
7648,908,909
7648,1000,1001
7648,1109,1110
7649,903,904
7649,908,909
7649,1000,1001
7649,1205,1206
7650,730,731
7650,903,904
7650,926,927
7650,988,989
7651,903,904
7651,926,927
7651,988,989
7651,1121,1122
7652,730,731
7652,785,786
7652,903,904
7652,1176,1177
7653,785,786
7653,903,904
7653,1109,1110
7653,1176,1177
7654,903,904
7654,926,927
7654,1121,1122
7654,1149,1150
7655,903,904
7655,1121,1122
7655,1149,1150
7655,1205,1206
7656,903,904
7656,908,909
7656,926,927
7656,1149,1150
7657,903,904
7657,908,909
7657,1149,1150
7657,1205,1206
7658,730,731
7658,785,786
7658,863,864
7658,903,904
7659,785,786
7659,863,864
7659,903,904
7659,1109,1110
7660,1469,1470
7660,1508,1509
7660,1650,1651
7660,1796,1797
7661,1508,1509
7661,1539,1540
7661,1650,1651
7661,1796,1797
7662,1469,1470
7662,1508,1509
7662,1768,1769
7662,1796,1797
7663,1508,1509
7663,1539,1540
7663,1768,1769
7663,1796,1797
7664,1469,1470
7664,1574,1575
7664,1705,1706
7664,1796,1797
7665,1469,1470
7665,1570,1571
7665,1768,1769
7665,1796,1797
7666,1469,1470
7666,1570,1571
7666,1574,1575
7666,1796,1797
7667,1570,1571
7667,1574,1575
7667,1768,1769
7667,1796,1797
7668,1383,1384
7668,1460,1461
7668,1581,1582
7668,1768,1769
7669,1460,1461
7669,1472,1473
7669,1485,1486
7669,1581,1582
7670,1460,1461
7670,1570,1571
7670,1581,1582
7670,1768,1769
7671,1460,1461
7671,1485,1486
7671,1570,1571
7671,1581,1582
7672,1472,1473
7672,1485,1486
7672,1497,1498
7672,1581,1582
7673,1460,1461
7673,1472,1473
7673,1500,1501
7673,1581,1582
7674,1383,1384
7674,1460,1461
7674,1500,1501
7674,1581,1582
7675,1469,1470
7675,1570,1571
7675,1581,1582
7675,1768,1769
7676,1469,1470
7676,1485,1486
7676,1570,1571
7676,1581,1582
7677,1466,1467
7677,1581,1582
7677,1665,1666
7677,1768,1769
7678,1383,1384
7678,1466,1467
7678,1581,1582
7678,1768,1769
7679,1472,1473
7679,1497,1498
7679,1500,1501
7679,1581,1582
7680,1497,1498
7680,1581,1582
7680,1643,1644
7680,1665,1666
7681,1485,1486
7681,1497,1498
7681,1581,1582
7681,1643,1644
7682,1469,1470
7682,1485,1486
7682,1581,1582
7682,1643,1644
7683,1466,1467
7683,1500,1501
7683,1581,1582
7683,1665,1666
7684,1383,1384
7684,1466,1467
7684,1500,1501
7684,1581,1582
7685,1508,1509
7685,1581,1582
7685,1643,1644
7685,1665,1666
7686,1508,1509
7686,1581,1582
7686,1665,1666
7686,1768,1769
7687,1469,1470
7687,1508,1509
7687,1581,1582
7687,1643,1644
7688,1469,1470
7688,1508,1509
7688,1581,1582
7688,1768,1769
7689,1038,1039
7689,1068,1069
7689,1137,1138
7689,1147,1148
7690,1038,1039
7690,1068,1069
7690,1134,1135
7690,1147,1148
7691,915,916
7691,1038,1039
7691,1069,1070
7691,1214,1215
7692,1038,1039
7692,1129,1130
7692,1137,1138
7692,1147,1148
7693,1038,1039
7693,1069,1070
7693,1129,1130
7693,1137,1138
7694,899,900
7694,915,916
7694,1038,1039
7694,1069,1070
7695,1038,1039
7695,1134,1135
7695,1147,1148
7695,1214,1215
7696,915,916
7696,1038,1039
7696,1134,1135
7696,1214,1215
7697,915,916
7697,1038,1039
7697,1073,1074
7697,1134,1135
7698,1038,1039
7698,1068,1069
7698,1073,1074
7698,1134,1135
7699,899,900
7699,906,907
7699,915,916
7699,1038,1039
7700,906,907
7700,1038,1039
7700,1068,1069
7700,1137,1138
7701,1038,1039
7701,1129,1130
7701,1147,1148
7701,1214,1215
7702,1038,1039
7702,1069,1070
7702,1129,1130
7702,1214,1215
7703,955,956
7703,1038,1039
7703,1069,1070
7703,1137,1138
7704,899,900
7704,955,956
7704,1038,1039
7704,1069,1070
7705,906,907
7705,915,916
7705,1038,1039
7705,1073,1074
7706,906,907
7706,1038,1039
7706,1068,1069
7706,1073,1074
7707,899,900
7707,906,907
7707,955,956
7707,1038,1039
7708,891,892
7708,955,956
7708,1038,1039
7708,1137,1138
7709,891,892
7709,906,907
7709,1038,1039
7709,1137,1138
7710,891,892
7710,906,907
7710,955,956
7710,1038,1039
7711,862,863
7711,914,915
7711,961,962
7711,1187,1188
7712,862,863
7712,914,915
7712,961,962
7712,1168,1169
7713,862,863
7713,867,868
7713,1015,1016
7713,1168,1169
7714,862,863
7714,867,868
7714,961,962
7714,1168,1169
7715,862,863
7715,994,995
7715,1187,1188
7715,1189,1190
7716,862,863
7716,914,915
7716,1187,1188
7716,1189,1190
7717,862,863
7717,963,964
7717,994,995
7717,1189,1190
7718,862,863
7718,963,964
7718,994,995
7718,1015,1016
7719,862,863
7719,963,964
7719,1028,1029
7719,1125,1126
7720,862,863
7720,1015,1016
7720,1125,1126
7720,1168,1169
7721,862,863
7721,963,964
7721,1015,1016
7721,1125,1126
7722,862,863
7722,914,915
7722,1028,1029
7722,1189,1190
7723,862,863
7723,963,964
7723,1028,1029
7723,1189,1190
7724,862,863
7724,994,995
7724,1182,1183
7724,1187,1188
7725,862,863
7725,867,868
7725,961,962
7725,1182,1183
7726,862,863
7726,961,962
7726,1182,1183
7726,1187,1188
7727,856,857
7727,862,863
7727,867,868
7727,1182,1183
7728,856,857
7728,862,863
7728,867,868
7728,1015,1016
7729,862,863
7729,913,914
7729,994,995
7729,1182,1183
7730,856,857
7730,862,863
7730,913,914
7730,1182,1183
7731,862,863
7731,913,914
7731,994,995
7731,1015,1016
7732,856,857
7732,862,863
7732,913,914
7732,1015,1016
7733,419,420
7733,517,518
7733,536,537
7733,705,706
7734,419,420
7734,517,518
7734,536,537
7734,794,795
7735,419,420
7735,517,518
7735,705,706
7735,794,795
7736,419,420
7736,432,433
7736,535,536
7736,536,537
7737,419,420
7737,432,433
7737,536,537
7737,705,706
7738,419,420
7738,432,433
7738,535,536
7738,705,706
7739,419,420
7739,535,536
7739,536,537
7739,699,700
7740,419,420
7740,490,491
7740,535,536
7740,705,706
7741,419,420
7741,639,640
7741,699,700
7741,803,804
7742,419,420
7742,535,536
7742,628,629
7742,699,700
7743,419,420
7743,490,491
7743,535,536
7743,628,629
7744,419,420
7744,628,629
7744,639,640
7744,699,700
7745,419,420
7745,490,491
7745,628,629
7745,639,640
7746,668,669
7746,719,720
7746,794,795
7746,845,846
7747,719,720
7747,736,737
7747,794,795
7747,845,846
7748,719,720
7748,736,737
7748,794,795
7748,803,804
7749,719,720
7749,736,737
7749,845,846
7749,874,875
7750,713,714
7750,719,720
7750,845,846
7750,874,875
7751,713,714
7751,719,720
7751,845,846
7751,881,882
7752,668,669
7752,719,720
7752,845,846
7752,881,882
7753,668,669
7753,713,714
7753,719,720
7753,881,882
7754,668,669
7754,687,688
7754,713,714
7754,719,720
7755,713,714
7755,719,720
7755,874,875
7755,890,891
7756,719,720
7756,762,763
7756,874,875
7756,890,891
7757,687,688
7757,713,714
7757,719,720
7757,890,891
7758,665,666
7758,687,688
7758,719,720
7758,890,891
7759,668,669
7759,719,720
7759,748,749
7759,794,795
7760,668,669
7760,748,749
7760,790,791
7760,794,795
7761,665,666
7761,719,720
7761,748,749
7761,803,804
7762,536,537
7762,748,749
7762,757,758
7762,790,791
7763,665,666
7763,745,746
7763,748,749
7763,803,804
7764,699,700
7764,745,746
7764,748,749
7764,803,804
7765,419,420
7765,699,700
7765,748,749
7765,803,804
7766,517,518
7766,536,537
7766,748,749
7766,790,791
7767,517,518
7767,536,537
7767,748,749
7767,794,795
7768,517,518
7768,748,749
7768,790,791
7768,794,795
7769,419,420
7769,536,537
7769,748,749
7769,794,795
7770,419,420
7770,748,749
7770,794,795
7770,803,804
7771,719,720
7771,748,749
7771,794,795
7771,803,804
7772,536,537
7772,699,700
7772,748,749
7772,757,758
7773,419,420
7773,536,537
7773,699,700
7773,748,749
7774,1018,1019
7774,1054,1055
7774,1069,1070
7774,1214,1215
7775,915,916
7775,1054,1055
7775,1069,1070
7775,1214,1215
7776,1018,1019
7776,1054,1055
7776,1214,1215
7776,1219,1220
7777,915,916
7777,1054,1055
7777,1214,1215
7777,1219,1220
7778,883,884
7778,969,970
7778,1018,1019
7778,1054,1055
7779,877,878
7779,915,916
7779,974,975
7779,1054,1055
7780,883,884
7780,1018,1019
7780,1054,1055
7780,1219,1220
7781,883,884
7781,974,975
7781,1054,1055
7781,1219,1220
7782,915,916
7782,974,975
7782,1054,1055
7782,1219,1220
7783,759,760
7783,901,902
7783,985,986
7783,1011,1012
7784,712,713
7784,901,902
7784,953,954
7784,985,986
7785,712,713
7785,948,949
7785,953,954
7785,985,986
7786,712,713
7786,985,986
7786,1002,1003
7786,1011,1012
7787,901,902
7787,985,986
7787,1002,1003
7787,1011,1012
7788,712,713
7788,901,902
7788,985,986
7788,1002,1003
7789,752,753
7789,948,949
7789,973,974
7789,985,986
7790,712,713
7790,948,949
7790,973,974
7790,985,986
7791,759,760
7791,965,966
7791,980,981
7791,985,986
7792,752,753
7792,965,966
7792,980,981
7792,985,986
7793,759,760
7793,965,966
7793,985,986
7793,1011,1012
7794,700,701
7794,712,713
7794,985,986
7794,1011,1012
7795,700,701
7795,752,753
7795,973,974
7795,985,986
7796,700,701
7796,712,713
7796,973,974
7796,985,986
7797,700,701
7797,965,966
7797,985,986
7797,1011,1012
7798,700,701
7798,752,753
7798,965,966
7798,985,986
7799,667,668
7799,691,692
7799,877,878
7799,979,980
7800,651,652
7800,691,692
7800,901,902
7800,979,980
7801,651,652
7801,667,668
7801,691,692
7801,979,980
7802,691,692
7802,877,878
7802,974,975
7802,1054,1055
7803,691,692
7803,877,878
7803,979,980
7803,1054,1055
7804,691,692
7804,877,878
7804,974,975
7804,1005,1006
7805,691,692
7805,943,944
7805,974,975
7805,1005,1006
7806,691,692
7806,943,944
7806,950,951
7806,1005,1006
7807,692,693
7807,759,760
7807,901,902
7807,979,980
7808,692,693
7808,759,760
7808,969,970
7808,979,980
7809,692,693
7809,759,760
7809,901,902
7809,985,986
7810,691,692
7810,692,693
7810,901,902
7810,979,980
7811,692,693
7811,969,970
7811,979,980
7811,1054,1055
7812,691,692
7812,692,693
7812,979,980
7812,1054,1055
7813,692,693
7813,901,902
7813,953,954
7813,985,986
7814,691,692
7814,692,693
7814,974,975
7814,1054,1055
7815,692,693
7815,883,884
7815,974,975
7815,1054,1055
7816,692,693
7816,948,949
7816,953,954
7816,985,986
7817,691,692
7817,692,693
7817,943,944
7817,974,975
7818,692,693
7818,901,902
7818,943,944
7818,953,954
7819,691,692
7819,692,693
7819,901,902
7819,943,944
7820,941,942
7820,1069,1070
7820,1114,1115
7820,1194,1195
7821,941,942
7821,969,970
7821,979,980
7821,1054,1055
7822,941,942
7822,969,970
7822,1018,1019
7822,1194,1195
7823,941,942
7823,969,970
7823,1018,1019
7823,1054,1055
7824,877,878
7824,941,942
7824,979,980
7824,1054,1055
7825,941,942
7825,1018,1019
7825,1069,1070
7825,1194,1195
7826,941,942
7826,1018,1019
7826,1054,1055
7826,1069,1070
7827,941,942
7827,955,956
7827,1069,1070
7827,1114,1115
7828,899,900
7828,941,942
7828,955,956
7828,1069,1070
7829,899,900
7829,915,916
7829,941,942
7829,1069,1070
7830,915,916
7830,941,942
7830,1054,1055
7830,1069,1070
7831,877,878
7831,899,900
7831,915,916
7831,941,942
7832,877,878
7832,915,916
7832,941,942
7832,1054,1055
7833,782,783
7833,847,848
7833,893,894
7833,917,918
7834,782,783
7834,893,894
7834,917,918
7834,979,980
7835,766,767
7835,782,783
7835,917,918
7835,1014,1015
7836,766,767
7836,782,783
7836,847,848
7836,917,918
7837,782,783
7837,886,887
7837,917,918
7837,1014,1015
7838,917,918
7838,941,942
7838,969,970
7838,979,980
7839,759,760
7839,782,783
7839,886,887
7839,917,918
7840,759,760
7840,782,783
7840,917,918
7840,979,980
7841,910,911
7841,917,918
7841,1014,1015
7841,1114,1115
7842,910,911
7842,917,918
7842,1014,1015
7842,1095,1096
7843,917,918
7843,941,942
7843,1114,1115
7843,1194,1195
7844,886,887
7844,917,918
7844,1014,1015
7844,1095,1096
7845,886,887
7845,917,918
7845,969,970
7845,1095,1096
7846,759,760
7846,886,887
7846,917,918
7846,969,970
7847,759,760
7847,917,918
7847,969,970
7847,979,980
7848,910,911
7848,917,918
7848,1114,1115
7848,1194,1195
7849,910,911
7849,917,918
7849,1095,1096
7849,1194,1195
7850,917,918
7850,969,970
7850,1095,1096
7850,1194,1195
7851,917,918
7851,941,942
7851,969,970
7851,1194,1195
7852,876,877
7852,906,907
7852,932,933
7852,999,1000
7853,713,714
7853,932,933
7853,935,936
7853,999,1000
7854,876,877
7854,899,900
7854,906,907
7854,999,1000
7855,668,669
7855,935,936
7855,999,1000
7855,1025,1026
7856,713,714
7856,932,933
7856,999,1000
7856,1216,1217
7857,906,907
7857,932,933
7857,999,1000
7857,1216,1217
7858,668,669
7858,687,688
7858,999,1000
7858,1025,1026
7859,668,669
7859,687,688
7859,713,714
7859,999,1000
7860,668,669
7860,713,714
7860,881,882
7860,999,1000
7861,713,714
7861,881,882
7861,935,936
7861,999,1000
7862,668,669
7862,881,882
7862,935,936
7862,999,1000
7863,687,688
7863,713,714
7863,999,1000
7863,1216,1217
7864,881,882
7864,932,933
7864,1022,1023
7864,1072,1073
7865,881,882
7865,932,933
7865,935,936
7865,1072,1073
7866,817,818
7866,881,882
7866,1022,1023
7866,1072,1073
7867,817,818
7867,881,882
7867,935,936
7867,1072,1073
7868,930,931
7868,932,933
7868,1022,1023
7868,1072,1073
7869,817,818
7869,896,897
7869,935,936
7869,1072,1073
7870,876,877
7870,896,897
7870,1072,1073
7870,1213,1214
7871,876,877
7871,896,897
7871,935,936
7871,1072,1073
7872,876,877
7872,932,933
7872,999,1000
7872,1072,1073
7873,876,877
7873,935,936
7873,999,1000
7873,1072,1073
7874,932,933
7874,935,936
7874,999,1000
7874,1072,1073
7875,930,931
7875,1044,1045
7875,1072,1073
7875,1213,1214
7876,876,877
7876,1044,1045
7876,1072,1073
7876,1213,1214
7877,930,931
7877,932,933
7877,1044,1045
7877,1072,1073
7878,876,877
7878,932,933
7878,1044,1045
7878,1072,1073
7879,787,788
7879,880,881
7879,896,897
7879,898,899
7880,787,788
7880,880,881
7880,896,897
7880,935,936
7881,751,752
7881,758,759
7881,880,881
7881,966,967
7882,758,759
7882,787,788
7882,880,881
7882,935,936
7883,680,681
7883,787,788
7883,880,881
7883,898,899
7884,758,759
7884,787,788
7884,880,881
7884,959,960
7885,758,759
7885,880,881
7885,959,960
7885,966,967
7886,680,681
7886,787,788
7886,880,881
7886,959,960
7887,680,681
7887,880,881
7887,959,960
7887,966,967
7888,678,679
7888,744,745
7888,762,763
7888,814,815
7889,665,666
7889,678,679
7889,744,745
7889,890,891
7890,678,679
7890,744,745
7890,762,763
7890,890,891
7891,665,666
7891,678,679
7891,745,746
7891,803,804
7892,665,666
7892,678,679
7892,719,720
7892,890,891
7893,678,679
7893,719,720
7893,762,763
7893,890,891
7894,665,666
7894,678,679
7894,719,720
7894,803,804
7895,652,653
7895,678,679
7895,745,746
7895,803,804
7896,665,666
7896,678,679
7896,745,746
7896,852,853
7897,665,666
7897,678,679
7897,744,745
7897,852,853
7898,678,679
7898,719,720
7898,762,763
7898,874,875
7899,678,679
7899,744,745
7899,852,853
7899,976,977
7900,678,679
7900,744,745
7900,814,815
7900,976,977
7901,678,679
7901,745,746
7901,810,811
7901,852,853
7902,652,653
7902,678,679
7902,745,746
7902,810,811
7903,652,653
7903,678,679
7903,812,813
7903,814,815
7904,678,679
7904,812,813
7904,814,815
7904,976,977
7905,652,653
7905,678,679
7905,810,811
7905,812,813
7906,678,679
7906,810,811
7906,852,853
7906,976,977
7907,678,679
7907,810,811
7907,812,813
7907,976,977
7908,511,512
7908,651,652
7908,729,730
7908,757,758
7909,511,512
7909,651,652
7909,660,661
7909,729,730
7910,511,512
7910,586,587
7910,729,730
7910,757,758
7911,651,652
7911,660,661
7911,729,730
7911,821,822
7912,511,512
7912,586,587
7912,640,641
7912,729,730
7913,511,512
7913,640,641
7913,660,661
7913,729,730
7914,640,641
7914,660,661
7914,729,730
7914,836,837
7915,660,661
7915,729,730
7915,821,822
7915,836,837
7916,441,442
7916,640,641
7916,729,730
7916,836,837
7917,441,442
7917,586,587
7917,640,641
7917,729,730
7918,441,442
7918,551,552
7918,729,730
7918,836,837
7919,441,442
7919,551,552
7919,586,587
7919,729,730
7920,551,552
7920,586,587
7920,699,700
7920,729,730
7921,586,587
7921,699,700
7921,729,730
7921,757,758
7922,551,552
7922,729,730
7922,836,837
7922,844,845
7923,729,730
7923,821,822
7923,836,837
7923,844,845
7924,708,709
7924,871,872
7924,958,959
7924,1017,1018
7925,871,872
7925,938,939
7925,958,959
7925,1027,1028
7926,871,872
7926,938,939
7926,958,959
7926,1017,1018
7927,708,709
7927,871,872
7927,922,923
7927,958,959
7928,938,939
7928,958,959
7928,1027,1028
7928,1074,1075
7929,871,872
7929,958,959
7929,981,982
7929,1027,1028
7930,871,872
7930,922,923
7930,958,959
7930,981,982
7931,708,709
7931,816,817
7931,922,923
7931,958,959
7932,958,959
7932,981,982
7932,1027,1028
7932,1223,1224
7933,922,923
7933,958,959
7933,981,982
7933,1223,1224
7934,816,817
7934,922,923
7934,958,959
7934,1223,1224
7935,708,709
7935,816,817
7935,953,954
7935,958,959
7936,708,709
7936,953,954
7936,958,959
7936,1017,1018
7937,958,959
7937,1027,1028
7937,1074,1075
7937,1223,1224
7938,816,817
7938,948,949
7938,958,959
7938,1074,1075
7939,816,817
7939,948,949
7939,953,954
7939,958,959
7940,816,817
7940,958,959
7940,1000,1001
7940,1223,1224
7941,958,959
7941,1000,1001
7941,1074,1075
7941,1223,1224
7942,816,817
7942,958,959
7942,1000,1001
7942,1074,1075
7943,1675,1676
7943,1729,1730
7943,1742,1743
7943,1821,1822
7944,1675,1676
7944,1729,1730
7944,1757,1758
7944,1821,1822
7945,1675,1676
7945,1729,1730
7945,1757,1758
7945,1842,1843
7946,1675,1676
7946,1683,1684
7946,1729,1730
7946,1842,1843
7947,1675,1676
7947,1748,1749
7947,1757,1758
7947,1821,1822
7948,1675,1676
7948,1748,1749
7948,1809,1810
7948,1821,1822
7949,1675,1676
7949,1748,1749
7949,1809,1810
7949,1835,1836
7950,1675,1676
7950,1748,1749
7950,1778,1779
7950,1835,1836
7951,1675,1676
7951,1683,1684
7951,1754,1755
7951,1842,1843
7952,1675,1676
7952,1754,1755
7952,1778,1779
7952,1842,1843
7953,1675,1676
7953,1683,1684
7953,1754,1755
7953,1778,1779
7954,1675,1676
7954,1719,1720
7954,1757,1758
7954,1842,1843
7955,1675,1676
7955,1719,1720
7955,1748,1749
7955,1757,1758
7956,1675,1676
7956,1702,1703
7956,1778,1779
7956,1842,1843
7957,1675,1676
7957,1702,1703
7957,1748,1749
7957,1778,1779
7958,1675,1676
7958,1702,1703
7958,1719,1720
7958,1842,1843
7959,1675,1676
7959,1702,1703
7959,1719,1720
7959,1748,1749
7960,1439,1440
7960,1440,1441
7960,1641,1642
7960,1760,1761
7961,1439,1440
7961,1440,1441
7961,1574,1575
7961,1641,1642
7962,1439,1440
7962,1574,1575
7962,1641,1642
7962,1705,1706
7963,1440,1441
7963,1641,1642
7963,1820,1821
7963,1848,1849
7964,1574,1575
7964,1641,1642
7964,1705,1706
7964,1796,1797
7965,1641,1642
7965,1692,1693
7965,1705,1706
7965,1796,1797
7966,1440,1441
7966,1574,1575
7966,1598,1599
7966,1641,1642
7967,1463,1464
7967,1609,1610
7967,1804,1805
7967,1848,1849
7968,1463,1464
7968,1609,1610
7968,1729,1730
7968,1742,1743
7969,1463,1464
7969,1609,1610
7969,1729,1730
7969,1804,1805
7970,1463,1464
7970,1609,1610
7970,1742,1743
7970,1760,1761
7971,1463,1464
7971,1609,1610
7971,1760,1761
7971,1848,1849
7972,1439,1440
7972,1463,1464
7972,1742,1743
7972,1760,1761
7973,1439,1440
7973,1463,1464
7973,1641,1642
7973,1705,1706
7974,1439,1440
7974,1463,1464
7974,1641,1642
7974,1760,1761
7975,1440,1441
7975,1463,1464
7975,1760,1761
7975,1848,1849
7976,1440,1441
7976,1463,1464
7976,1641,1642
7976,1760,1761
7977,1440,1441
7977,1463,1464
7977,1641,1642
7977,1848,1849
7978,1626,1627
7978,1676,1677
7978,1701,1702
7978,1798,1799
7979,1626,1627
7979,1676,1677
7979,1780,1781
7979,1798,1799
7980,1626,1627
7980,1701,1702
7980,1779,1780
7980,1798,1799
7981,1626,1627
7981,1672,1673
7981,1733,1734
7981,1780,1781
7982,1626,1627
7982,1660,1661
7982,1701,1702
7982,1779,1780
7983,1626,1627
7983,1660,1661
7983,1701,1702
7983,1733,1734
7984,1626,1627
7984,1780,1781
7984,1798,1799
7984,1841,1842
7985,1626,1627
7985,1779,1780
7985,1798,1799
7985,1841,1842
7986,1626,1627
7986,1688,1689
7986,1780,1781
7986,1841,1842
7987,1626,1627
7987,1672,1673
7987,1688,1689
7987,1780,1781
7988,1626,1627
7988,1736,1737
7988,1779,1780
7988,1841,1842
7989,1626,1627
7989,1672,1673
7989,1736,1737
7989,1779,1780
7990,1626,1627
7990,1688,1689
7990,1800,1801
7990,1841,1842
7991,1626,1627
7991,1672,1673
7991,1688,1689
7991,1800,1801
7992,1626,1627
7992,1736,1737
7992,1800,1801
7992,1841,1842
7993,1626,1627
7993,1672,1673
7993,1736,1737
7993,1800,1801
7994,960,961
7994,1009,1010
7994,1042,1043
7994,1210,1211
7995,995,996
7995,1009,1010
7995,1042,1043
7995,1210,1211
7996,995,996
7996,1009,1010
7996,1042,1043
7996,1093,1094
7997,1009,1010
7997,1042,1043
7997,1085,1086
7997,1093,1094
7998,960,961
7998,1042,1043
7998,1085,1086
7998,1158,1159
7999,960,961
7999,1009,1010
7999,1042,1043
7999,1085,1086
8000,1042,1043
8000,1158,1159
8000,1236,1237
8000,1387,1388
8001,1042,1043
8001,1085,1086
8001,1158,1159
8001,1236,1237
8002,1042,1043
8002,1161,1162
8002,1236,1237
8002,1387,1388
8003,1042,1043
8003,1085,1086
8003,1161,1162
8003,1236,1237
8004,1042,1043
8004,1085,1086
8004,1150,1151
8004,1161,1162
8005,1042,1043
8005,1085,1086
8005,1093,1094
8005,1150,1151
8006,1042,1043
8006,1093,1094
8006,1150,1151
8006,1161,1162
8007,916,917
8007,980,981
8007,1007,1008
8007,1033,1034
8008,752,753
8008,980,981
8008,1007,1008
8008,1033,1034
8009,752,753
8009,980,981
8009,985,986
8009,1007,1008
8010,752,753
8010,948,949
8010,985,986
8010,1007,1008
8011,692,693
8011,948,949
8011,985,986
8011,1007,1008
8012,916,917
8012,967,968
8012,980,981
8012,1007,1008
8013,967,968
8013,969,970
8013,980,981
8013,1007,1008
8014,883,884
8014,916,917
8014,1007,1008
8014,1018,1019
8015,883,884
8015,969,970
8015,1007,1008
8015,1018,1019
8016,883,884
8016,969,970
8016,1007,1008
8016,1054,1055
8017,692,693
8017,883,884
8017,1007,1008
8017,1054,1055
8018,692,693
8018,969,970
8018,1007,1008
8018,1054,1055
8019,916,917
8019,967,968
8019,1007,1008
8019,1018,1019
8020,967,968
8020,969,970
8020,1007,1008
8020,1018,1019
8021,759,760
8021,969,970
8021,980,981
8021,1007,1008
8022,759,760
8022,980,981
8022,985,986
8022,1007,1008
8023,692,693
8023,759,760
8023,969,970
8023,1007,1008
8024,692,693
8024,759,760
8024,985,986
8024,1007,1008
8025,752,753
8025,934,935
8025,1033,1034
8025,1205,1206
8026,752,753
8026,934,935
8026,948,949
8026,1000,1001
8027,752,753
8027,934,935
8027,1000,1001
8027,1205,1206
8028,752,753
8028,934,935
8028,948,949
8028,1007,1008
8029,752,753
8029,934,935
8029,1007,1008
8029,1033,1034
8030,934,935
8030,948,949
8030,1000,1001
8030,1074,1075
8031,916,917
8031,934,935
8031,1007,1008
8031,1033,1034
8032,934,935
8032,962,963
8032,1000,1001
8032,1205,1206
8033,934,935
8033,962,963
8033,1000,1001
8033,1074,1075
8034,916,917
8034,934,935
8034,952,953
8034,1033,1034
8035,934,935
8035,952,953
8035,962,963
8035,1205,1206
8036,934,935
8036,952,953
8036,1033,1034
8036,1205,1206
8037,883,884
8037,916,917
8037,934,935
8037,1074,1075
8038,883,884
8038,916,917
8038,934,935
8038,1007,1008
8039,934,935
8039,962,963
8039,1074,1075
8039,1175,1176
8040,934,935
8040,952,953
8040,962,963
8040,1175,1176
8041,916,917
8041,934,935
8041,952,953
8041,1175,1176
8042,998,999
8042,1001,1002
8042,1181,1182
8042,1201,1202
8043,1001,1002
8043,1181,1182
8043,1201,1202
8043,1301,1302
8044,998,999
8044,1001,1002
8044,1130,1131
8044,1201,1202
8045,883,884
8045,916,917
8045,1001,1002
8045,1018,1019
8046,883,884
8046,998,999
8046,1001,1002
8046,1100,1101
8047,883,884
8047,998,999
8047,1001,1002
8047,1018,1019
8048,998,999
8048,1001,1002
8048,1018,1019
8048,1181,1182
8049,916,917
8049,1001,1002
8049,1018,1019
8049,1301,1302
8050,1001,1002
8050,1018,1019
8050,1181,1182
8050,1301,1302
8051,916,917
8051,1001,1002
8051,1175,1176
8051,1301,1302
8052,1001,1002
8052,1175,1176
8052,1201,1202
8052,1301,1302
8053,998,999
8053,1001,1002
8053,1100,1101
8053,1130,1131
8054,883,884
8054,916,917
8054,1001,1002
8054,1074,1075
8055,883,884
8055,1001,1002
8055,1074,1075
8055,1100,1101
8056,1001,1002
8056,1088,1089
8056,1100,1101
8056,1130,1131
8057,1001,1002
8057,1088,1089
8057,1130,1131
8057,1201,1202
8058,1001,1002
8058,1088,1089
8058,1175,1176
8058,1201,1202
8059,916,917
8059,934,935
8059,1001,1002
8059,1175,1176
8060,916,917
8060,934,935
8060,1001,1002
8060,1074,1075
8061,934,935
8061,1001,1002
8061,1074,1075
8061,1175,1176
8062,1001,1002
8062,1074,1075
8062,1089,1090
8062,1100,1101
8063,1001,1002
8063,1074,1075
8063,1089,1090
8063,1175,1176
8064,1001,1002
8064,1088,1089
8064,1089,1090
8064,1100,1101
8065,1001,1002
8065,1088,1089
8065,1089,1090
8065,1175,1176
8066,1461,1462
8066,1475,1476
8066,1555,1556
8066,1556,1557
8067,1240,1241
8067,1258,1259
8067,1411,1412
8067,1575,1576
8068,1240,1241
8068,1258,1259
8068,1478,1479
8068,1575,1576
8069,1240,1241
8069,1291,1292
8069,1478,1479
8069,1575,1576
8070,1258,1259
8070,1478,1479
8070,1575,1576
8070,1580,1581
8071,1240,1241
8071,1411,1412
8071,1542,1543
8071,1575,1576
8072,1240,1241
8072,1291,1292
8072,1542,1543
8072,1575,1576
8073,1291,1292
8073,1478,1479
8073,1575,1576
8073,1580,1581
8074,1411,1412
8074,1422,1423
8074,1542,1543
8074,1575,1576
8075,1291,1292
8075,1422,1423
8075,1542,1543
8075,1575,1576
8076,1291,1292
8076,1575,1576
8076,1580,1581
8076,1608,1609
8077,1291,1292
8077,1422,1423
8077,1575,1576
8077,1608,1609
8078,1261,1262
8078,1317,1318
8078,1522,1523
8078,1589,1590
8079,1339,1340
8079,1399,1400
8079,1522,1523
8079,1589,1590
8080,1317,1318
8080,1399,1400
8080,1522,1523
8080,1589,1590
8081,1317,1318
8081,1339,1340
8081,1399,1400
8081,1589,1590
8082,1339,1340
8082,1461,1462
8082,1522,1523
8082,1589,1590
8083,1461,1462
8083,1512,1513
8083,1522,1523
8083,1589,1590
8084,1317,1318
8084,1339,1340
8084,1358,1359
8084,1589,1590
8085,1261,1262
8085,1473,1474
8085,1530,1531
8085,1589,1590
8086,1261,1262
8086,1317,1318
8086,1473,1474
8086,1589,1590
8087,1317,1318
8087,1358,1359
8087,1473,1474
8087,1589,1590
8088,1473,1474
8088,1530,1531
8088,1567,1568
8088,1589,1590
8089,1450,1451
8089,1530,1531
8089,1567,1568
8089,1589,1590
8090,1358,1359
8090,1473,1474
8090,1567,1568
8090,1589,1590
8091,1358,1359
8091,1450,1451
8091,1567,1568
8091,1589,1590
8092,1477,1478
8092,1718,1719
8092,1725,1726
8092,1805,1806
8093,1471,1472
8093,1477,1478
8093,1718,1719
8093,1725,1726
8094,1450,1451
8094,1471,1472
8094,1477,1478
8094,1718,1719
8095,1477,1478
8095,1725,1726
8095,1805,1806
8095,1817,1818
8096,1471,1472
8096,1477,1478
8096,1552,1553
8096,1725,1726
8097,1477,1478
8097,1552,1553
8097,1725,1726
8097,1817,1818
8098,1471,1472
8098,1477,1478
8098,1552,1553
8098,1697,1698
8099,1450,1451
8099,1471,1472
8099,1477,1478
8099,1697,1698
8100,1556,1557
8100,1731,1732
8100,1743,1744
8100,1753,1754
8101,1458,1459
8101,1470,1471
8101,1540,1541
8101,1633,1634
8102,1470,1471
8102,1556,1557
8102,1731,1732
8102,1743,1744
8103,1470,1471
8103,1644,1645
8103,1731,1732
8103,1761,1762
8104,1470,1471
8104,1556,1557
8104,1731,1732
8104,1761,1762
8105,1771,1772
8105,1787,1788
8105,1801,1802
8105,1805,1806
8106,1642,1643
8106,1693,1694
8106,1771,1772
8106,1787,1788
8107,1628,1629
8107,1644,1645
8107,1766,1767
8107,1843,1844
8108,1628,1629
8108,1644,1645
8108,1731,1732
8108,1843,1844
8109,1628,1629
8109,1762,1763
8109,1766,1767
8109,1843,1844
8110,1628,1629
8110,1731,1732
8110,1762,1763
8110,1843,1844
8111,1470,1471
8111,1628,1629
8111,1743,1744
8111,1764,1765
8112,1470,1471
8112,1628,1629
8112,1731,1732
8112,1743,1744
8113,1628,1629
8113,1731,1732
8113,1753,1754
8113,1762,1763
8114,1628,1629
8114,1743,1744
8114,1753,1754
8114,1764,1765
8115,1628,1629
8115,1731,1732
8115,1743,1744
8115,1753,1754
8116,1628,1629
8116,1673,1674
8116,1694,1695
8116,1764,1765
8117,1628,1629
8117,1673,1674
8117,1764,1765
8117,1765,1766
8118,1628,1629
8118,1753,1754
8118,1764,1765
8118,1765,1766
8119,1628,1629
8119,1753,1754
8119,1762,1763
8119,1765,1766
8120,1628,1629
8120,1666,1667
8120,1762,1763
8120,1766,1767
8121,1628,1629
8121,1666,1667
8121,1673,1674
8121,1766,1767
8122,1628,1629
8122,1666,1667
8122,1762,1763
8122,1765,1766
8123,1628,1629
8123,1666,1667
8123,1673,1674
8123,1765,1766
8124,1377,1378
8124,1423,1424
8124,1440,1441
8124,1566,1567
8125,1377,1378
8125,1423,1424
8125,1559,1560
8125,1566,1567
8126,1336,1337
8126,1440,1441
8126,1566,1567
8126,1577,1578
8127,1423,1424
8127,1440,1441
8127,1488,1489
8127,1566,1567
8128,1336,1337
8128,1440,1441
8128,1488,1489
8128,1566,1567
8129,1440,1441
8129,1566,1567
8129,1577,1578
8129,1598,1599
8130,1377,1378
8130,1440,1441
8130,1566,1567
8130,1598,1599
8131,1327,1328
8131,1416,1417
8131,1559,1560
8131,1566,1567
8132,1377,1378
8132,1416,1417
8132,1559,1560
8132,1566,1567
8133,1303,1304
8133,1336,1337
8133,1566,1567
8133,1577,1578
8134,1270,1271
8134,1327,1328
8134,1488,1489
8134,1566,1567
8135,1270,1271
8135,1336,1337
8135,1488,1489
8135,1566,1567
8136,1377,1378
8136,1416,1417
8136,1566,1567
8136,1598,1599
8137,1248,1249
8137,1327,1328
8137,1488,1489
8137,1566,1567
8138,1248,1249
8138,1327,1328
8138,1559,1560
8138,1566,1567
8139,1248,1249
8139,1423,1424
8139,1488,1489
8139,1566,1567
8140,1248,1249
8140,1423,1424
8140,1559,1560
8140,1566,1567
8141,1270,1271
8141,1303,1304
8141,1327,1328
8141,1566,1567
8142,1270,1271
8142,1303,1304
8142,1336,1337
8142,1566,1567
8143,1309,1310
8143,1416,1417
8143,1566,1567
8143,1598,1599
8144,1309,1310
8144,1566,1567
8144,1577,1578
8144,1598,1599
8145,1450,1451
8145,1509,1510
8145,1530,1531
8145,1589,1590
8146,1450,1451
8146,1509,1510
8146,1530,1531
8146,1718,1719
8147,1449,1450
8147,1509,1510
8147,1530,1531
8147,1718,1719
8148,1449,1450
8148,1509,1510
8148,1718,1719
8148,1801,1802
8149,1450,1451
8149,1477,1478
8149,1509,1510
8149,1718,1719
8150,1509,1510
8150,1718,1719
8150,1801,1802
8150,1805,1806
8151,1477,1478
8151,1509,1510
8151,1718,1719
8151,1805,1806
8152,1650,1651
8152,1692,1693
8152,1785,1786
8152,1796,1797
8153,1692,1693
8153,1705,1706
8153,1785,1786
8153,1796,1797
8154,1627,1628
8154,1691,1692
8154,1737,1738
8154,1785,1786
8155,1469,1470
8155,1650,1651
8155,1785,1786
8155,1796,1797
8156,1469,1470
8156,1691,1692
8156,1705,1706
8156,1785,1786
8157,1469,1470
8157,1705,1706
8157,1785,1786
8157,1796,1797
8158,1627,1628
8158,1676,1677
8158,1701,1702
8158,1785,1786
8159,1627,1628
8159,1676,1677
8159,1737,1738
8159,1785,1786
8160,1469,1470
8160,1691,1692
8160,1737,1738
8160,1785,1786
8161,1469,1470
8161,1650,1651
8161,1737,1738
8161,1785,1786
8162,1626,1627
8162,1676,1677
8162,1701,1702
8162,1785,1786
8163,1626,1627
8163,1701,1702
8163,1733,1734
8163,1785,1786
8164,1650,1651
8164,1676,1677
8164,1780,1781
8164,1785,1786
8165,1650,1651
8165,1692,1693
8165,1780,1781
8165,1785,1786
8166,1692,1693
8166,1733,1734
8166,1780,1781
8166,1785,1786
8167,1645,1646
8167,1676,1677
8167,1737,1738
8167,1785,1786
8168,1645,1646
8168,1650,1651
8168,1737,1738
8168,1785,1786
8169,1645,1646
8169,1650,1651
8169,1676,1677
8169,1785,1786
8170,1626,1627
8170,1676,1677
8170,1780,1781
8170,1785,1786
8171,1626,1627
8171,1733,1734
8171,1780,1781
8171,1785,1786
8172,1465,1466
8172,1484,1485
8172,1576,1577
8172,1617,1618
8173,1476,1477
8173,1484,1485
8173,1576,1577
8173,1617,1618
8174,1492,1493
8174,1576,1577
8174,1617,1618
8174,1820,1821
8175,1440,1441
8175,1576,1577
8175,1641,1642
8175,1820,1821
8176,1440,1441
8176,1576,1577
8176,1598,1599
8176,1641,1642
8177,1423,1424
8177,1576,1577
8177,1620,1621
8177,1820,1821
8178,1377,1378
8178,1442,1443
8178,1576,1577
8178,1598,1599
8179,1423,1424
8179,1440,1441
8179,1576,1577
8179,1820,1821
8180,1476,1477
8180,1576,1577
8180,1617,1618
8180,1620,1621
8181,1576,1577
8181,1617,1618
8181,1620,1621
8181,1820,1821
8182,1377,1378
8182,1423,1424
8182,1440,1441
8182,1576,1577
8183,1377,1378
8183,1440,1441
8183,1576,1577
8183,1598,1599
8184,1239,1240
8184,1484,1485
8184,1515,1516
8184,1599,1600
8185,1239,1240
8185,1442,1443
8185,1515,1516
8185,1599,1600
8186,1484,1485
8186,1515,1516
8186,1576,1577
8186,1599,1600
8187,1442,1443
8187,1515,1516
8187,1576,1577
8187,1599,1600
8188,1377,1378
8188,1442,1443
8188,1515,1516
8188,1576,1577
8189,1239,1240
8189,1442,1443
8189,1515,1516
8189,1587,1588
8190,1377,1378
8190,1442,1443
8190,1515,1516
8190,1587,1588
8191,1476,1477
8191,1484,1485
8191,1515,1516
8191,1576,1577
8192,1377,1378
8192,1506,1507
8192,1515,1516
8192,1587,1588
8193,1239,1240
8193,1389,1390
8193,1515,1516
8193,1587,1588
8194,1389,1390
8194,1506,1507
8194,1515,1516
8194,1587,1588
8195,1377,1378
8195,1423,1424
8195,1506,1507
8195,1515,1516
8196,1377,1378
8196,1423,1424
8196,1515,1516
8196,1576,1577
8197,1239,1240
8197,1484,1485
8197,1515,1516
8197,1557,1558
8198,1239,1240
8198,1389,1390
8198,1515,1516
8198,1557,1558
8199,1476,1477
8199,1484,1485
8199,1515,1516
8199,1557,1558
8200,1476,1477
8200,1506,1507
8200,1515,1516
8200,1557,1558
8201,1389,1390
8201,1506,1507
8201,1515,1516
8201,1557,1558
8202,1476,1477
8202,1506,1507
8202,1515,1516
8202,1620,1621
8203,1423,1424
8203,1506,1507
8203,1515,1516
8203,1620,1621
8204,1476,1477
8204,1515,1516
8204,1576,1577
8204,1620,1621
8205,1423,1424
8205,1515,1516
8205,1576,1577
8205,1620,1621
8206,1464,1465
8206,1505,1506
8206,1539,1540
8206,1699,1700
8207,1464,1465
8207,1480,1481
8207,1505,1506
8207,1699,1700
8208,1464,1465
8208,1539,1540
8208,1699,1700
8208,1768,1769
8209,1539,1540
8209,1699,1700
8209,1768,1769
8209,1796,1797
8210,1442,1443
8210,1480,1481
8210,1505,1506
8210,1699,1700
8211,1442,1443
8211,1480,1481
8211,1598,1599
8211,1699,1700
8212,1574,1575
8212,1699,1700
8212,1768,1769
8212,1796,1797
8213,1574,1575
8213,1598,1599
8213,1641,1642
8213,1699,1700
8214,1574,1575
8214,1641,1642
8214,1699,1700
8214,1796,1797
8215,1381,1382
8215,1480,1481
8215,1598,1599
8215,1699,1700
8216,1381,1382
8216,1464,1465
8216,1480,1481
8216,1699,1700
8217,1381,1382
8217,1464,1465
8217,1699,1700
8217,1768,1769
8218,1381,1382
8218,1574,1575
8218,1699,1700
8218,1768,1769
8219,1381,1382
8219,1574,1575
8219,1598,1599
8219,1699,1700
8220,1290,1291
8220,1309,1310
8220,1322,1323
8220,1607,1608
8221,1290,1291
8221,1309,1310
8221,1381,1382
8221,1607,1608
8222,1309,1310
8222,1322,1323
8222,1454,1455
8222,1607,1608
8223,1309,1310
8223,1381,1382
8223,1454,1455
8223,1607,1608
8224,1290,1291
8224,1322,1323
8224,1529,1530
8224,1607,1608
8225,1290,1291
8225,1381,1382
8225,1383,1384
8225,1607,1608
8226,1381,1382
8226,1383,1384
8226,1460,1461
8226,1607,1608
8227,1322,1323
8227,1454,1455
8227,1502,1503
8227,1607,1608
8228,1381,1382
8228,1454,1455
8228,1503,1504
8228,1607,1608
8229,1381,1382
8229,1460,1461
8229,1503,1504
8229,1607,1608
8230,1322,1323
8230,1502,1503
8230,1529,1530
8230,1607,1608
8231,1290,1291
8231,1383,1384
8231,1529,1530
8231,1607,1608
8232,1368,1369
8232,1502,1503
8232,1569,1570
8232,1607,1608
8233,1368,1369
8233,1502,1503
8233,1529,1530
8233,1607,1608
8234,1672,1673
8234,1767,1768
8234,1779,1780
8234,1838,1839
8235,1626,1627
8235,1672,1673
8235,1767,1768
8235,1779,1780
8236,1626,1627
8236,1672,1673
8236,1733,1734
8236,1767,1768
8237,1626,1627
8237,1660,1661
8237,1767,1768
8237,1779,1780
8238,1626,1627
8238,1660,1661
8238,1733,1734
8238,1767,1768
8239,1759,1760
8239,1767,1768
8239,1774,1775
8239,1779,1780
8240,1759,1760
8240,1767,1768
8240,1779,1780
8240,1838,1839
8241,1658,1659
8241,1751,1752
8241,1767,1768
8241,1774,1775
8242,1660,1661
8242,1767,1768
8242,1774,1775
8242,1779,1780
8243,1658,1659
8243,1759,1760
8243,1767,1768
8243,1774,1775
8244,1660,1661
8244,1684,1685
8244,1767,1768
8244,1774,1775
8245,1684,1685
8245,1751,1752
8245,1767,1768
8245,1774,1775
8246,1660,1661
8246,1684,1685
8246,1733,1734
8246,1767,1768
8247,1684,1685
8247,1733,1734
8247,1751,1752
8247,1767,1768
8248,1458,1459
8248,1739,1740
8248,1820,1821
8248,1832,1833
8249,1458,1459
8249,1492,1493
8249,1820,1821
8249,1832,1833
8250,1458,1459
8250,1672,1673
8250,1832,1833
8250,1838,1839
8251,1458,1459
8251,1492,1493
8251,1672,1673
8251,1832,1833
8252,1733,1734
8252,1751,1752
8252,1767,1768
8252,1832,1833
8253,1658,1659
8253,1739,1740
8253,1747,1748
8253,1832,1833
8254,1462,1463
8254,1739,1740
8254,1747,1748
8254,1832,1833
8255,1458,1459
8255,1462,1463
8255,1739,1740
8255,1832,1833
8256,1458,1459
8256,1462,1463
8256,1747,1748
8256,1832,1833
8257,1458,1459
8257,1694,1695
8257,1747,1748
8257,1832,1833
8258,1458,1459
8258,1694,1695
8258,1832,1833
8258,1838,1839
8259,1672,1673
8259,1767,1768
8259,1832,1833
8259,1838,1839
8260,1658,1659
8260,1739,1740
8260,1751,1752
8260,1832,1833
8261,1658,1659
8261,1751,1752
8261,1767,1768
8261,1832,1833
8262,1492,1493
8262,1672,1673
8262,1733,1734
8262,1832,1833
8263,1672,1673
8263,1733,1734
8263,1767,1768
8263,1832,1833
8264,1658,1659
8264,1747,1748
8264,1759,1760
8264,1832,1833
8265,1694,1695
8265,1747,1748
8265,1759,1760
8265,1832,1833
8266,1694,1695
8266,1759,1760
8266,1832,1833
8266,1838,1839
8267,1658,1659
8267,1759,1760
8267,1767,1768
8267,1832,1833
8268,1759,1760
8268,1767,1768
8268,1832,1833
8268,1838,1839
8269,1058,1059
8269,1111,1112
8269,1139,1140
8269,1164,1165
8270,1058,1059
8270,1111,1112
8270,1164,1165
8270,1425,1426
8271,1111,1112
8271,1164,1165
8271,1332,1333
8271,1425,1426
8272,1045,1046
8272,1111,1112
8272,1139,1140
8272,1164,1165
8273,1111,1112
8273,1146,1147
8273,1164,1165
8273,1332,1333
8274,1146,1147
8274,1164,1165
8274,1332,1333
8274,1398,1399
8275,879,880
8275,1045,1046
8275,1139,1140
8275,1164,1165
8276,879,880
8276,1083,1084
8276,1139,1140
8276,1164,1165
8277,861,862
8277,1045,1046
8277,1104,1105
8277,1164,1165
8278,861,862
8278,1045,1046
8278,1111,1112
8278,1164,1165
8279,879,880
8279,1045,1046
8279,1104,1105
8279,1164,1165
8280,861,862
8280,1104,1105
8280,1146,1147
8280,1164,1165
8281,861,862
8281,1111,1112
8281,1146,1147
8281,1164,1165
8282,1104,1105
8282,1146,1147
8282,1148,1149
8282,1164,1165
8283,1146,1147
8283,1148,1149
8283,1164,1165
8283,1398,1399
8284,1063,1064
8284,1104,1105
8284,1148,1149
8284,1164,1165
8285,1063,1064
8285,1148,1149
8285,1164,1165
8285,1398,1399
8286,1063,1064
8286,1083,1084
8286,1164,1165
8286,1398,1399
8287,879,880
8287,1063,1064
8287,1083,1084
8287,1164,1165
8288,879,880
8288,1063,1064
8288,1104,1105
8288,1164,1165
8289,1058,1059
8289,1060,1061
8289,1163,1164
8289,1374,1375
8290,1058,1059
8290,1086,1087
8290,1362,1363
8290,1374,1375
8291,1058,1059
8291,1060,1061
8291,1086,1087
8291,1374,1375
8292,1058,1059
8292,1362,1363
8292,1374,1375
8292,1425,1426
8293,1058,1059
8293,1163,1164
8293,1374,1375
8293,1425,1426
8294,1086,1087
8294,1294,1295
8294,1362,1363
8294,1374,1375
8295,1060,1061
8295,1086,1087
8295,1294,1295
8295,1374,1375
8296,1060,1061
8296,1294,1295
8296,1374,1375
8296,1415,1416
8297,1060,1061
8297,1131,1132
8297,1374,1375
8297,1415,1416
8298,1060,1061
8298,1131,1132
8298,1163,1164
8298,1374,1375
8299,1253,1254
8299,1294,1295
8299,1362,1363
8299,1374,1375
8300,1253,1254
8300,1294,1295
8300,1374,1375
8300,1415,1416
8301,1131,1132
8301,1138,1139
8301,1163,1164
8301,1374,1375
8302,1253,1254
8302,1362,1363
8302,1374,1375
8302,1413,1414
8303,1138,1139
8303,1374,1375
8303,1413,1414
8303,1433,1434
8304,1131,1132
8304,1374,1375
8304,1415,1416
8304,1433,1434
8305,1131,1132
8305,1138,1139
8305,1374,1375
8305,1433,1434
8306,1253,1254
8306,1374,1375
8306,1413,1414
8306,1433,1434
8307,1253,1254
8307,1374,1375
8307,1415,1416
8307,1433,1434
8308,1083,1084
8308,1202,1203
8308,1277,1278
8308,1292,1293
8309,1083,1084
8309,1139,1140
8309,1164,1165
8309,1277,1278
8310,1083,1084
8310,1202,1203
8310,1277,1278
8310,1398,1399
8311,1083,1084
8311,1164,1165
8311,1277,1278
8311,1398,1399
8312,1083,1084
8312,1132,1133
8312,1139,1140
8312,1277,1278
8313,1132,1133
8313,1139,1140
8313,1183,1184
8313,1277,1278
8314,1083,1084
8314,1132,1133
8314,1277,1278
8314,1292,1293
8315,1132,1133
8315,1183,1184
8315,1277,1278
8315,1292,1293
8316,1139,1140
8316,1163,1164
8316,1183,1184
8316,1277,1278
8317,1202,1203
8317,1277,1278
8317,1332,1333
8317,1398,1399
8318,1164,1165
8318,1277,1278
8318,1332,1333
8318,1398,1399
8319,1058,1059
8319,1139,1140
8319,1163,1164
8319,1277,1278
8320,1058,1059
8320,1139,1140
8320,1164,1165
8320,1277,1278
8321,1151,1152
8321,1163,1164
8321,1183,1184
8321,1277,1278
8322,1151,1152
8322,1183,1184
8322,1277,1278
8322,1292,1293
8323,1151,1152
8323,1163,1164
8323,1277,1278
8323,1403,1404
8324,1163,1164
8324,1202,1203
8324,1277,1278
8324,1403,1404
8325,1151,1152
8325,1277,1278
8325,1292,1293
8325,1403,1404
8326,1202,1203
8326,1277,1278
8326,1292,1293
8326,1403,1404
8327,1058,1059
8327,1163,1164
8327,1277,1278
8327,1425,1426
8328,1058,1059
8328,1164,1165
8328,1277,1278
8328,1425,1426
8329,1164,1165
8329,1277,1278
8329,1332,1333
8329,1425,1426
8330,914,915
8330,919,920
8330,1028,1029
8330,1225,1226
8331,919,920
8331,1028,1029
8331,1165,1166
8331,1225,1226
8332,919,920
8332,1028,1029
8332,1106,1107
8332,1165,1166
8333,914,915
8333,919,920
8333,1081,1082
8333,1225,1226
8334,919,920
8334,1081,1082
8334,1165,1166
8334,1225,1226
8335,919,920
8335,1081,1082
8335,1165,1166
8335,1199,1200
8336,919,920
8336,1073,1074
8336,1081,1082
8336,1199,1200
8337,914,915
8337,919,920
8337,1073,1074
8337,1081,1082
8338,914,915
8338,919,920
8338,1073,1074
8338,1168,1169
8339,919,920
8339,1028,1029
8339,1106,1107
8339,1125,1126
8340,857,858
8340,919,920
8340,1073,1074
8340,1199,1200
8341,857,858
8341,919,920
8341,1165,1166
8341,1199,1200
8342,857,858
8342,919,920
8342,1106,1107
8342,1165,1166
8343,862,863
8343,914,915
8343,919,920
8343,1028,1029
8344,862,863
8344,919,920
8344,1028,1029
8344,1125,1126
8345,862,863
8345,914,915
8345,919,920
8345,1168,1169
8346,862,863
8346,919,920
8346,1125,1126
8346,1168,1169
8347,919,920
8347,1125,1126
8347,1133,1134
8347,1168,1169
8348,919,920
8348,1106,1107
8348,1125,1126
8348,1133,1134
8349,857,858
8349,919,920
8349,1073,1074
8349,1216,1217
8350,919,920
8350,1073,1074
8350,1168,1169
8350,1216,1217
8351,857,858
8351,919,920
8351,1106,1107
8351,1133,1134
8352,857,858
8352,919,920
8352,1133,1134
8352,1216,1217
8353,919,920
8353,1133,1134
8353,1168,1169
8353,1216,1217
8354,858,859
8354,892,893
8354,1056,1057
8354,1115,1116
8355,858,859
8355,892,893
8355,1106,1107
8355,1115,1116
8356,858,859
8356,1056,1057
8356,1106,1107
8356,1115,1116
8357,858,859
8357,1056,1057
8357,1106,1107
8357,1390,1391
8358,858,859
8358,892,893
8358,996,997
8358,1133,1134
8359,858,859
8359,892,893
8359,1106,1107
8359,1133,1134
8360,858,859
8360,1165,1166
8360,1204,1205
8360,1390,1391
8361,858,859
8361,1106,1107
8361,1165,1166
8361,1390,1391
8362,857,858
8362,858,859
8362,996,997
8362,1204,1205
8363,857,858
8363,858,859
8363,996,997
8363,1133,1134
8364,857,858
8364,858,859
8364,1106,1107
8364,1133,1134
8365,857,858
8365,858,859
8365,1165,1166
8365,1204,1205
8366,857,858
8366,858,859
8366,1106,1107
8366,1165,1166
8367,345,346
8367,374,375
8367,482,483
8367,581,582
8368,360,361
8368,374,375
8368,482,483
8368,581,582
8369,345,346
8369,374,375
8369,548,549
8369,581,582
8370,323,324
8370,334,335
8370,365,366
8370,581,582
8371,323,324
8371,365,366
8371,458,459
8371,581,582
8372,309,310
8372,334,335
8372,360,361
8372,616,617
8373,334,335
8373,360,361
8373,581,582
8373,616,617
8374,360,361
8374,374,375
8374,581,582
8374,616,617
8375,309,310
8375,338,339
8375,510,511
8375,616,617
8376,309,310
8376,338,339
8376,360,361
8376,616,617
8377,338,339
8377,360,361
8377,510,511
8377,616,617
8378,360,361
8378,510,511
8378,578,579
8378,616,617
8379,360,361
8379,374,375
8379,578,579
8379,616,617
8380,406,407
8380,510,511
8380,578,579
8380,616,617
8381,374,375
8381,406,407
8381,578,579
8381,616,617
8382,374,375
8382,406,407
8382,562,563
8382,616,617
8383,42,43
8383,71,72
8383,77,78
8383,134,135
8384,42,43
8384,71,72
8384,77,78
8384,101,102
8385,71,72
8385,77,78
8385,101,102
8385,156,157
8386,42,43
8386,77,78
8386,83,84
8386,134,135
8387,38,39
8387,42,43
8387,77,78
8387,101,102
8388,38,39
8388,77,78
8388,101,102
8388,156,157
8389,38,39
8389,42,43
8389,77,78
8389,83,84
8390,38,39
8390,77,78
8390,156,157
8390,324,325
8391,77,78
8391,156,157
8391,324,325
8391,355,356
8392,38,39
8392,77,78
8392,83,84
8392,324,325
8393,45,46
8393,214,215
8393,296,297
8393,320,321
8394,45,46
8394,214,215
8394,296,297
8394,300,301
8395,45,46
8395,214,215
8395,300,301
8395,320,321
8396,45,46
8396,133,134
8396,296,297
8396,320,321
8397,45,46
8397,241,242
8397,300,301
8397,320,321
8398,45,46
8398,133,134
8398,241,242
8398,320,321
8399,45,46
8399,66,67
8399,241,242
8399,300,301
8400,45,46
8400,133,134
8400,296,297
8400,342,343
8401,45,46
8401,179,180
8401,296,297
8401,342,343
8402,45,46
8402,179,180
8402,296,297
8402,300,301
8403,45,46
8403,66,67
8403,179,180
8403,300,301
8404,45,46
8404,156,157
8404,311,312
8404,342,343
8405,45,46
8405,133,134
8405,311,312
8405,342,343
8406,45,46
8406,66,67
8406,241,242
8406,275,276
8407,45,46
8407,66,67
8407,156,157
8407,275,276
8408,45,46
8408,156,157
8408,179,180
8408,342,343
8409,45,46
8409,66,67
8409,156,157
8409,179,180
8410,45,46
8410,241,242
8410,275,276
8410,311,312
8411,45,46
8411,156,157
8411,275,276
8411,311,312
8412,45,46
8412,164,165
8412,241,242
8412,311,312
8413,45,46
8413,133,134
8413,164,165
8413,241,242
8414,45,46
8414,133,134
8414,164,165
8414,311,312
8415,898,899
8415,972,973
8415,1135,1136
8415,1173,1174
8416,949,950
8416,1101,1102
8416,1114,1115
8416,1173,1174
8417,972,973
8417,1101,1102
8417,1114,1115
8417,1173,1174
8418,972,973
8418,1114,1115
8418,1135,1136
8418,1173,1174
8419,71,72
8419,110,111
8419,179,180
8419,319,320
8420,110,111
8420,179,180
8420,305,306
8420,319,320
8421,71,72
8421,110,111
8421,305,306
8421,319,320
8422,71,72
8422,110,111
8422,156,157
8422,179,180
8423,71,72
8423,77,78
8423,110,111
8423,156,157
8424,71,72
8424,77,78
8424,110,111
8424,134,135
8425,110,111
8425,156,157
8425,179,180
8425,355,356
8426,77,78
8426,110,111
8426,156,157
8426,355,356
8427,54,55
8427,110,111
8427,179,180
8427,305,306
8428,71,72
8428,90,91
8428,110,111
8428,134,135
8429,71,72
8429,90,91
8429,110,111
8429,305,306
8430,54,55
8430,110,111
8430,179,180
8430,418,419
8431,110,111
8431,179,180
8431,355,356
8431,418,419
8432,128,129
8432,204,205
8432,269,270
8432,277,278
8433,95,96
8433,128,129
8433,204,205
8433,269,270
8434,67,68
8434,128,129
8434,204,205
8434,277,278
8435,67,68
8435,95,96
8435,128,129
8435,204,205
8436,67,68
8436,128,129
8436,277,278
8436,375,376
8437,95,96
8437,128,129
8437,206,207
8437,269,270
8438,67,68
8438,95,96
8438,128,129
8438,251,252
8439,67,68
8439,128,129
8439,251,252
8439,375,376
8440,128,129
8440,277,278
8440,375,376
8440,394,395
8441,128,129
8441,224,225
8441,251,252
8441,375,376
8442,128,129
8442,206,207
8442,224,225
8442,251,252
8443,95,96
8443,128,129
8443,206,207
8443,251,252
8444,128,129
8444,221,222
8444,224,225
8444,375,376
8445,128,129
8445,221,222
8445,375,376
8445,394,395
8446,1234,1235
8446,1547,1548
8446,1616,1617
8446,1618,1619
8447,1234,1235
8447,1547,1548
8447,1618,1619
8447,1679,1680
8448,1513,1514
8448,1547,1548
8448,1616,1617
8448,1618,1619
8449,1513,1514
8449,1547,1548
8449,1618,1619
8449,1679,1680
8450,1474,1475
8450,1546,1547
8450,1547,1548
8450,1560,1561
8451,1474,1475
8451,1546,1547
8451,1547,1548
8451,1679,1680
8452,1474,1475
8452,1482,1483
8452,1513,1514
8452,1547,1548
8453,1474,1475
8453,1482,1483
8453,1547,1548
8453,1679,1680
8454,1482,1483
8454,1513,1514
8454,1547,1548
8454,1679,1680
8455,1234,1235
8455,1421,1422
8455,1428,1429
8455,1547,1548
8456,1234,1235
8456,1428,1429
8456,1547,1548
8456,1616,1617
8457,1234,1235
8457,1547,1548
8457,1615,1616
8457,1679,1680
8458,1546,1547
8458,1547,1548
8458,1615,1616
8458,1679,1680
8459,1421,1422
8459,1452,1453
8459,1547,1548
8459,1560,1561
8460,1452,1453
8460,1546,1547
8460,1547,1548
8460,1560,1561
8461,1234,1235
8461,1409,1410
8461,1547,1548
8461,1615,1616
8462,1234,1235
8462,1409,1410
8462,1421,1422
8462,1547,1548
8463,1452,1453
8463,1546,1547
8463,1547,1548
8463,1615,1616
8464,1409,1410
8464,1452,1453
8464,1547,1548
8464,1615,1616
8465,1409,1410
8465,1421,1422
8465,1452,1453
8465,1547,1548
8466,1447,1448
8466,1504,1505
8466,1520,1521
8466,1664,1665
8467,1447,1448
8467,1504,1505
8467,1520,1521
8467,1543,1544
8468,1421,1422
8468,1428,1429
8468,1504,1505
8468,1520,1521
8469,1428,1429
8469,1504,1505
8469,1520,1521
8469,1543,1544
8470,1421,1422
8470,1504,1505
8470,1520,1521
8470,1560,1561
8471,1421,1422
8471,1520,1521
8471,1547,1548
8471,1560,1561
8472,1447,1448
8472,1520,1521
8472,1578,1579
8472,1664,1665
8473,1520,1521
8473,1543,1544
8473,1578,1579
8473,1664,1665
8474,1447,1448
8474,1520,1521
8474,1543,1544
8474,1578,1579
8475,1428,1429
8475,1520,1521
8475,1543,1544
8475,1616,1617
8476,1520,1521
8476,1560,1561
8476,1561,1562
8476,1664,1665
8477,1504,1505
8477,1520,1521
8477,1561,1562
8477,1664,1665
8478,1504,1505
8478,1520,1521
8478,1560,1561
8478,1561,1562
8479,1474,1475
8479,1520,1521
8479,1560,1561
8479,1664,1665
8480,1474,1475
8480,1520,1521
8480,1547,1548
8480,1560,1561
8481,1520,1521
8481,1543,1544
8481,1612,1613
8481,1664,1665
8482,1520,1521
8482,1543,1544
8482,1612,1613
8482,1616,1617
8483,1513,1514
8483,1520,1521
8483,1547,1548
8483,1616,1617
8484,1421,1422
8484,1428,1429
8484,1520,1521
8484,1547,1548
8485,1428,1429
8485,1520,1521
8485,1547,1548
8485,1616,1617
8486,1474,1475
8486,1511,1512
8486,1520,1521
8486,1664,1665
8487,1513,1514
8487,1520,1521
8487,1612,1613
8487,1616,1617
8488,1474,1475
8488,1511,1512
8488,1513,1514
8488,1520,1521
8489,1474,1475
8489,1513,1514
8489,1520,1521
8489,1547,1548
8490,1511,1512
8490,1520,1521
8490,1612,1613
8490,1664,1665
8491,1511,1512
8491,1513,1514
8491,1520,1521
8491,1612,1613
8492,1511,1512
8492,1709,1710
8492,1720,1721
8492,1806,1807
8493,1709,1710
8493,1712,1713
8493,1720,1721
8493,1806,1807
8494,1511,1512
8494,1709,1710
8494,1720,1721
8494,1792,1793
8495,1474,1475
8495,1479,1480
8495,1720,1721
8495,1806,1807
8496,1479,1480
8496,1712,1713
8496,1720,1721
8496,1806,1807
8497,1709,1710
8497,1712,1713
8497,1719,1720
8497,1720,1721
8498,1511,1512
8498,1720,1721
8498,1763,1764
8498,1792,1793
8499,1720,1721
8499,1757,1758
8499,1763,1764
8499,1792,1793
8500,1511,1512
8500,1720,1721
8500,1757,1758
8500,1763,1764
8501,1663,1664
8501,1709,1710
8501,1720,1721
8501,1792,1793
8502,1663,1664
8502,1720,1721
8502,1757,1758
8502,1792,1793
8503,1663,1664
8503,1709,1710
8503,1720,1721
8503,1757,1758
8504,1474,1475
8504,1664,1665
8504,1720,1721
8504,1806,1807
8505,1474,1475
8505,1511,1512
8505,1664,1665
8505,1720,1721
8506,1511,1512
8506,1664,1665
8506,1720,1721
8506,1806,1807
8507,1719,1720
8507,1720,1721
8507,1757,1758
8507,1821,1822
8508,1474,1475
8508,1720,1721
8508,1746,1747
8508,1821,1822
8509,1474,1475
8509,1479,1480
8509,1720,1721
8509,1746,1747
8510,1479,1480
8510,1720,1721
8510,1746,1747
8510,1821,1822
8511,1479,1480
8511,1712,1713
8511,1719,1720
8511,1720,1721
8512,1474,1475
8512,1482,1483
8512,1720,1721
8512,1821,1822
8513,1482,1483
8513,1720,1721
8513,1757,1758
8513,1821,1822
8514,1474,1475
8514,1482,1483
8514,1511,1512
8514,1720,1721
8515,1482,1483
8515,1511,1512
8515,1720,1721
8515,1757,1758
8516,1719,1720
8516,1720,1721
8516,1748,1749
8516,1821,1822
8517,1479,1480
8517,1719,1720
8517,1720,1721
8517,1748,1749
8518,1479,1480
8518,1720,1721
8518,1748,1749
8518,1821,1822
8519,1281,1282
8519,1349,1350
8519,1354,1355
8519,1573,1574
8520,1281,1282
8520,1349,1350
8520,1354,1355
8520,1431,1432
8521,1241,1242
8521,1281,1282
8521,1349,1350
8521,1573,1574
8522,1241,1242
8522,1281,1282
8522,1349,1350
8522,1431,1432
8523,1166,1167
8523,1241,1242
8523,1281,1282
8523,1573,1574
8524,1166,1167
8524,1281,1282
8524,1356,1357
8524,1573,1574
8525,1281,1282
8525,1354,1355
8525,1356,1357
8525,1573,1574
8526,1055,1056
8526,1281,1282
8526,1354,1355
8526,1356,1357
8527,1124,1125
8527,1281,1282
8527,1346,1347
8527,1431,1432
8528,1281,1282
8528,1346,1347
8528,1354,1355
8528,1431,1432
8529,1124,1125
8529,1166,1167
8529,1253,1254
8529,1281,1282
8530,1166,1167
8530,1241,1242
8530,1253,1254
8530,1281,1282
8531,1124,1125
8531,1253,1254
8531,1281,1282
8531,1431,1432
8532,1241,1242
8532,1253,1254
8532,1281,1282
8532,1431,1432
8533,1166,1167
8533,1222,1223
8533,1281,1282
8533,1356,1357
8534,1055,1056
8534,1222,1223
8534,1281,1282
8534,1356,1357
8535,1098,1099
8535,1124,1125
8535,1166,1167
8535,1281,1282
8536,1055,1056
8536,1098,1099
8536,1124,1125
8536,1281,1282
8537,1055,1056
8537,1124,1125
8537,1281,1282
8537,1346,1347
8538,1055,1056
8538,1281,1282
8538,1346,1347
8538,1354,1355
8539,1098,1099
8539,1166,1167
8539,1222,1223
8539,1281,1282
8540,1055,1056
8540,1098,1099
8540,1222,1223
8540,1281,1282
8541,1118,1119
8541,1162,1163
8541,1280,1281
8541,1384,1385
8542,1029,1030
8542,1118,1119
8542,1280,1281
8542,1384,1385
8543,1029,1030
8543,1280,1281
8543,1311,1312
8543,1384,1385
8544,1029,1030
8544,1055,1056
8544,1118,1119
8544,1384,1385
8545,1029,1030
8545,1055,1056
8545,1311,1312
8545,1384,1385
8546,1162,1163
8546,1230,1231
8546,1280,1281
8546,1384,1385
8547,1043,1044
8547,1230,1231
8547,1280,1281
8547,1384,1385
8548,1043,1044
8548,1280,1281
8548,1311,1312
8548,1384,1385
8549,1119,1120
8549,1230,1231
8549,1354,1355
8549,1384,1385
8550,1119,1120
8550,1311,1312
8550,1346,1347
8550,1384,1385
8551,1055,1056
8551,1311,1312
8551,1346,1347
8551,1384,1385
8552,1119,1120
8552,1346,1347
8552,1354,1355
8552,1384,1385
8553,1055,1056
8553,1346,1347
8553,1354,1355
8553,1384,1385
8554,1162,1163
8554,1230,1231
8554,1320,1321
8554,1384,1385
8555,1230,1231
8555,1320,1321
8555,1354,1355
8555,1384,1385
8556,1118,1119
8556,1162,1163
8556,1320,1321
8556,1384,1385
8557,1055,1056
8557,1118,1119
8557,1356,1357
8557,1384,1385
8558,1055,1056
8558,1354,1355
8558,1356,1357
8558,1384,1385
8559,1043,1044
8559,1119,1120
8559,1230,1231
8559,1384,1385
8560,1043,1044
8560,1119,1120
8560,1311,1312
8560,1384,1385
8561,1118,1119
8561,1320,1321
8561,1356,1357
8561,1384,1385
8562,1320,1321
8562,1354,1355
8562,1356,1357
8562,1384,1385
8563,1368,1369
8563,1430,1431
8563,1524,1525
8563,1569,1570
8564,1430,1431
8564,1501,1502
8564,1524,1525
8564,1569,1570
8565,1460,1461
8565,1472,1473
8565,1501,1502
8565,1524,1525
8566,1460,1461
8566,1472,1473
8566,1500,1501
8566,1524,1525
8567,1468,1469
8567,1472,1473
8567,1501,1502
8567,1524,1525
8568,1430,1431
8568,1468,1469
8568,1501,1502
8568,1524,1525
8569,1452,1453
8569,1501,1502
8569,1533,1534
8569,1545,1546
8570,1409,1410
8570,1452,1453
8570,1533,1534
8570,1545,1546
8571,1501,1502
8571,1533,1534
8571,1545,1546
8571,1569,1570
8572,1409,1410
8572,1454,1455
8572,1503,1504
8572,1545,1546
8573,1409,1410
8573,1452,1453
8573,1503,1504
8573,1545,1546
8574,1347,1348
8574,1409,1410
8574,1533,1534
8574,1545,1546
8575,1347,1348
8575,1533,1534
8575,1545,1546
8575,1569,1570
8576,1454,1455
8576,1503,1504
8576,1545,1546
8576,1607,1608
8577,1347,1348
8577,1502,1503
8577,1545,1546
8577,1569,1570
8578,1452,1453
8578,1460,1461
8578,1501,1502
8578,1545,1546
8579,1452,1453
8579,1460,1461
8579,1503,1504
8579,1545,1546
8580,1460,1461
8580,1503,1504
8580,1545,1546
8580,1607,1608
8581,1454,1455
8581,1502,1503
8581,1545,1546
8581,1607,1608
8582,1502,1503
8582,1545,1546
8582,1569,1570
8582,1607,1608
8583,1460,1461
8583,1501,1502
8583,1524,1525
8583,1545,1546
8584,1501,1502
8584,1524,1525
8584,1545,1546
8584,1569,1570
8585,1460,1461
8585,1524,1525
8585,1545,1546
8585,1607,1608
8586,1347,1348
8586,1454,1455
8586,1502,1503
8586,1545,1546
8587,1347,1348
8587,1409,1410
8587,1454,1455
8587,1545,1546
8588,1661,1662
8588,1709,1710
8588,1769,1770
8588,1837,1838
8589,1661,1662
8589,1709,1710
8589,1824,1825
8589,1837,1838
8590,1661,1662
8590,1769,1770
8590,1773,1774
8590,1837,1838
8591,1661,1662
8591,1712,1713
8591,1719,1720
8591,1769,1770
8592,1661,1662
8592,1709,1710
8592,1712,1713
8592,1719,1720
8593,1661,1662
8593,1709,1710
8593,1712,1713
8593,1769,1770
8594,1661,1662
8594,1719,1720
8594,1769,1770
8594,1773,1774
8595,1661,1662
8595,1719,1720
8595,1735,1736
8595,1773,1774
8596,1661,1662
8596,1663,1664
8596,1735,1736
8596,1824,1825
8597,1648,1649
8597,1661,1662
8597,1735,1736
8597,1824,1825
8598,1648,1649
8598,1661,1662
8598,1824,1825
8598,1837,1838
8599,1661,1662
8599,1663,1664
8599,1709,1710
8599,1757,1758
8600,1661,1662
8600,1719,1720
8600,1735,1736
8600,1757,1758
8601,1661,1662
8601,1663,1664
8601,1735,1736
8601,1757,1758
8602,1661,1662
8602,1663,1664
8602,1792,1793
8602,1824,1825
8603,1661,1662
8603,1663,1664
8603,1709,1710
8603,1792,1793
8604,1661,1662
8604,1709,1710
8604,1792,1793
8604,1824,1825
8605,1661,1662
8605,1709,1710
8605,1719,1720
8605,1720,1721
8606,1661,1662
8606,1719,1720
8606,1720,1721
8606,1757,1758
8607,1661,1662
8607,1709,1710
8607,1720,1721
8607,1757,1758
8608,345,346
8608,380,381
8608,482,483
8608,591,592
8609,345,346
8609,380,381
8609,458,459
8609,591,592
8610,323,324
8610,329,330
8610,380,381
8610,458,459
8611,329,330
8611,380,381
8611,458,459
8611,591,592
8612,345,346
8612,380,381
8612,482,483
8612,581,582
8613,360,361
8613,380,381
8613,482,483
8613,581,582
8614,323,324
8614,380,381
8614,458,459
8614,581,582
8615,345,346
8615,380,381
8615,458,459
8615,581,582
8616,209,210
8616,323,324
8616,334,335
8616,380,381
8617,209,210
8617,334,335
8617,360,361
8617,380,381
8618,209,210
8618,310,311
8618,360,361
8618,380,381
8619,261,262
8619,323,324
8619,329,330
8619,380,381
8620,209,210
8620,261,262
8620,323,324
8620,380,381
8621,323,324
8621,334,335
8621,380,381
8621,581,582
8622,334,335
8622,360,361
8622,380,381
8622,581,582
8623,310,311
8623,360,361
8623,380,381
8623,559,560
8624,360,361
8624,380,381
8624,482,483
8624,559,560
8625,261,262
8625,329,330
8625,369,370
8625,380,381
8626,209,210
8626,261,262
8626,369,370
8626,380,381
8627,209,210
8627,310,311
8627,369,370
8627,380,381
8628,310,311
8628,369,370
8628,380,381
8628,413,414
8629,310,311
8629,380,381
8629,413,414
8629,559,560
8630,380,381
8630,413,414
8630,482,483
8630,559,560
8631,250,251
8631,380,381
8631,413,414
8631,482,483
8632,250,251
8632,380,381
8632,482,483
8632,591,592
8633,329,330
8633,369,370
8633,380,381
8633,402,403
8634,329,330
8634,380,381
8634,402,403
8634,591,592
8635,369,370
8635,380,381
8635,402,403
8635,413,414
8636,250,251
8636,380,381
8636,402,403
8636,413,414
8637,250,251
8637,380,381
8637,402,403
8637,591,592
8638,1061,1062
8638,1082,1083
8638,1140,1141
8638,1379,1380
8639,1061,1062
8639,1082,1083
8639,1099,1100
8639,1379,1380
8640,1034,1035
8640,1061,1062
8640,1140,1141
8640,1379,1380
8641,1082,1083
8641,1269,1270
8641,1307,1308
8641,1379,1380
8642,1082,1083
8642,1140,1141
8642,1269,1270
8642,1379,1380
8643,1097,1098
8643,1117,1118
8643,1307,1308
8643,1379,1380
8644,1097,1098
8644,1117,1118
8644,1217,1218
8644,1379,1380
8645,1097,1098
8645,1099,1100
8645,1217,1218
8645,1379,1380
8646,1034,1035
8646,1084,1085
8646,1140,1141
8646,1379,1380
8647,1061,1062
8647,1099,1100
8647,1129,1130
8647,1379,1380
8648,1034,1035
8648,1061,1062
8648,1129,1130
8648,1379,1380
8649,1117,1118
8649,1269,1270
8649,1307,1308
8649,1379,1380
8650,1097,1098
8650,1307,1308
8650,1335,1336
8650,1379,1380
8651,1082,1083
8651,1307,1308
8651,1335,1336
8651,1379,1380
8652,1097,1098
8652,1099,1100
8652,1335,1336
8652,1379,1380
8653,1082,1083
8653,1099,1100
8653,1335,1336
8653,1379,1380
8654,1084,1085
8654,1117,1118
8654,1269,1270
8654,1379,1380
8655,1084,1085
8655,1140,1141
8655,1269,1270
8655,1379,1380
8656,851,852
8656,1034,1035
8656,1084,1085
8656,1379,1380
8657,851,852
8657,1117,1118
8657,1217,1218
8657,1379,1380
8658,851,852
8658,1034,1035
8658,1217,1218
8658,1379,1380
8659,1099,1100
8659,1129,1130
8659,1217,1218
8659,1379,1380
8660,1034,1035
8660,1129,1130
8660,1217,1218
8660,1379,1380
8661,972,973
8661,1084,1085
8661,1117,1118
8661,1379,1380
8662,851,852
8662,972,973
8662,1084,1085
8662,1379,1380
8663,851,852
8663,972,973
8663,1117,1118
8663,1379,1380
8664,1195,1196
8664,1345,1346
8664,1396,1397
8664,1494,1495
8665,1195,1196
8665,1322,1323
8665,1345,1346
8665,1494,1495
8666,1195,1196
8666,1345,1346
8666,1396,1397
8666,1402,1403
8667,1328,1329
8667,1345,1346
8667,1396,1397
8667,1494,1495
8668,1195,1196
8668,1231,1232
8668,1345,1346
8668,1402,1403
8669,1195,1196
8669,1231,1232
8669,1322,1323
8669,1345,1346
8670,1290,1291
8670,1328,1329
8670,1345,1346
8670,1494,1495
8671,1290,1291
8671,1322,1323
8671,1345,1346
8671,1494,1495
8672,1290,1291
8672,1328,1329
8672,1345,1346
8672,1625,1626
8673,1126,1127
8673,1208,1209
8673,1345,1346
8673,1402,1403
8674,1126,1127
8674,1345,1346
8674,1396,1397
8674,1402,1403
8675,1208,1209
8675,1231,1232
8675,1345,1346
8675,1402,1403
8676,1126,1127
8676,1208,1209
8676,1345,1346
8676,1625,1626
8677,1126,1127
8677,1328,1329
8677,1345,1346
8677,1396,1397
8678,1126,1127
8678,1328,1329
8678,1345,1346
8678,1625,1626
8679,1208,1209
8679,1231,1232
8679,1345,1346
8679,1529,1530
8680,1208,1209
8680,1345,1346
8680,1529,1530
8680,1625,1626
8681,1290,1291
8681,1345,1346
8681,1529,1530
8681,1625,1626
8682,1231,1232
8682,1322,1323
8682,1345,1346
8682,1529,1530
8683,1290,1291
8683,1322,1323
8683,1345,1346
8683,1529,1530
8684,676,677
8684,712,713
8684,923,924
8684,973,974
8685,676,677
8685,829,830
8685,923,924
8685,973,974
8686,676,677
8686,700,701
8686,712,713
8686,973,974
8687,676,677
8687,700,701
8687,829,830
8687,973,974
8688,676,677
8688,700,701
8688,712,713
8688,1011,1012
8689,676,677
8689,712,713
8689,1002,1003
8689,1011,1012
8690,676,677
8690,728,729
8690,764,765
8690,829,830
8691,676,677
8691,700,701
8691,777,778
8691,829,830
8692,676,677
8692,728,729
8692,777,778
8692,829,830
8693,632,633
8693,676,677
8693,1002,1003
8693,1011,1012
8694,676,677
8694,740,741
8694,843,844
8694,1002,1003
8695,676,677
8695,712,713
8695,740,741
8695,1002,1003
8696,632,633
8696,676,677
8696,843,844
8696,1002,1003
8697,632,633
8697,676,677
8697,728,729
8697,843,844
8698,676,677
8698,703,704
8698,764,765
8698,829,830
8699,676,677
8699,703,704
8699,829,830
8699,923,924
8700,445,446
8700,676,677
8700,764,765
8700,843,844
8701,445,446
8701,676,677
8701,728,729
8701,843,844
8702,445,446
8702,676,677
8702,728,729
8702,764,765
8703,676,677
8703,700,701
8703,777,778
8703,838,839
8704,676,677
8704,700,701
8704,838,839
8704,1011,1012
8705,676,677
8705,728,729
8705,777,778
8705,838,839
8706,632,633
8706,676,677
8706,838,839
8706,1011,1012
8707,632,633
8707,676,677
8707,728,729
8707,838,839
8708,677,678
8708,703,704
8708,720,721
8708,923,924
8709,677,678
8709,720,721
8709,816,817
8709,923,924
8710,677,678
8710,720,721
8710,816,817
8710,957,958
8711,677,678
8711,740,741
8711,816,817
8711,957,958
8712,677,678
8712,712,713
8712,740,741
8712,816,817
8713,677,678
8713,712,713
8713,816,817
8713,923,924
8714,674,675
8714,677,678
8714,703,704
8714,764,765
8715,676,677
8715,677,678
8715,740,741
8715,843,844
8716,676,677
8716,677,678
8716,703,704
8716,923,924
8717,677,678
8717,720,721
8717,733,734
8717,957,958
8718,676,677
8718,677,678
8718,712,713
8718,740,741
8719,676,677
8719,677,678
8719,712,713
8719,923,924
8720,674,675
8720,677,678
8720,764,765
8720,843,844
8721,676,677
8721,677,678
8721,764,765
8721,843,844
8722,676,677
8722,677,678
8722,703,704
8722,764,765
8723,674,675
8723,677,678
8723,733,734
8723,796,797
8724,674,675
8724,677,678
8724,703,704
8724,796,797
8725,677,678
8725,720,721
8725,733,734
8725,796,797
8726,677,678
8726,703,704
8726,720,721
8726,796,797
8727,677,678
8727,693,694
8727,733,734
8727,957,958
8728,674,675
8728,677,678
8728,693,694
8728,733,734
8729,674,675
8729,677,678
8729,711,712
8729,843,844
8730,677,678
8730,711,712
8730,740,741
8730,957,958
8731,677,678
8731,711,712
8731,740,741
8731,843,844
8732,677,678
8732,693,694
8732,711,712
8732,957,958
8733,674,675
8733,677,678
8733,693,694
8733,711,712
8734,419,420
8734,698,699
8734,705,706
8734,794,795
8735,698,699
8735,705,706
8735,794,795
8735,804,805
8736,698,699
8736,736,737
8736,794,795
8736,803,804
8737,419,420
8737,698,699
8737,794,795
8737,803,804
8738,490,491
8738,685,686
8738,698,699
8738,705,706
8739,419,420
8739,490,491
8739,698,699
8739,705,706
8740,437,438
8740,657,658
8740,698,699
8740,736,737
8741,419,420
8741,490,491
8741,639,640
8741,698,699
8742,437,438
8742,698,699
8742,736,737
8742,802,803
8743,698,699
8743,736,737
8743,802,803
8743,803,804
8744,490,491
8744,685,686
8744,698,699
8744,776,777
8745,490,491
8745,639,640
8745,698,699
8745,776,777
8746,639,640
8746,698,699
8746,802,803
8746,803,804
8747,419,420
8747,639,640
8747,698,699
8747,803,804
8748,437,438
8748,685,686
8748,698,699
8748,776,777
8749,437,438
8749,698,699
8749,776,777
8749,802,803
8750,639,640
8750,698,699
8750,776,777
8750,802,803
8751,691,692
8751,806,807
8751,950,951
8751,1005,1006
8752,665,666
8752,806,807
8752,950,951
8752,1005,1006
8753,691,692
8753,806,807
8753,877,878
8753,1005,1006
8754,667,668
8754,691,692
8754,806,807
8754,877,878
8755,665,666
8755,687,688
8755,806,807
8755,1005,1006
8756,806,807
8756,877,878
8756,1005,1006
8756,1025,1026
8757,667,668
8757,806,807
8757,877,878
8757,1025,1026
8758,651,652
8758,667,668
8758,757,758
8758,806,807
8759,687,688
8759,806,807
8759,1005,1006
8759,1025,1026
8760,667,668
8760,757,758
8760,790,791
8760,806,807
8761,748,749
8761,757,758
8761,790,791
8761,806,807
8762,668,669
8762,687,688
8762,806,807
8762,1025,1026
8763,667,668
8763,668,669
8763,806,807
8763,1025,1026
8764,665,666
8764,687,688
8764,719,720
8764,806,807
8765,665,666
8765,719,720
8765,748,749
8765,806,807
8766,667,668
8766,668,669
8766,790,791
8766,806,807
8767,668,669
8767,748,749
8767,790,791
8767,806,807
8768,668,669
8768,687,688
8768,719,720
8768,806,807
8769,668,669
8769,719,720
8769,748,749
8769,806,807
8770,882,883
8770,941,942
8770,955,956
8770,1114,1115
8771,882,883
8771,899,900
8771,941,942
8771,955,956
8772,751,752
8772,758,759
8772,882,883
8772,1025,1026
8773,758,759
8773,882,883
8773,935,936
8773,1025,1026
8774,751,752
8774,758,759
8774,880,881
8774,882,883
8775,758,759
8775,880,881
8775,882,883
8775,935,936
8776,882,883
8776,955,956
8776,1114,1115
8776,1135,1136
8777,882,883
8777,899,900
8777,999,1000
8777,1025,1026
8778,882,883
8778,935,936
8778,999,1000
8778,1025,1026
8779,876,877
8779,882,883
8779,955,956
8779,1135,1136
8780,876,877
8780,882,883
8780,899,900
8780,955,956
8781,880,881
8781,882,883
8781,896,897
8781,935,936
8782,876,877
8782,882,883
8782,899,900
8782,999,1000
8783,876,877
8783,882,883
8783,935,936
8783,999,1000
8784,876,877
8784,882,883
8784,896,897
8784,935,936
8785,882,883
8785,896,897
8785,898,899
8785,1135,1136
8786,880,881
8786,882,883
8786,896,897
8786,898,899
8787,880,881
8787,882,883
8787,898,899
8787,1135,1136
8788,882,883
8788,896,897
8788,937,938
8788,1135,1136
8789,876,877
8789,882,883
8789,896,897
8789,937,938
8790,876,877
8790,882,883
8790,937,938
8790,1135,1136
8791,766,767
8791,833,834
8791,847,848
8791,917,918
8792,751,752
8792,833,834
8792,847,848
8792,966,967
8793,751,752
8793,833,834
8793,880,881
8793,966,967
8794,658,659
8794,766,767
8794,833,834
8794,847,848
8795,833,834
8795,917,918
8795,1014,1015
8795,1114,1115
8796,766,767
8796,833,834
8796,917,918
8796,1014,1015
8797,833,834
8797,882,883
8797,1114,1115
8797,1135,1136
8798,833,834
8798,880,881
8798,882,883
8798,1135,1136
8799,680,681
8799,833,834
8799,880,881
8799,966,967
8800,658,659
8800,766,767
8800,833,834
8800,949,950
8801,833,834
8801,949,950
8801,1014,1015
8801,1114,1115
8802,766,767
8802,833,834
8802,949,950
8802,1014,1015
8803,833,834
8803,949,950
8803,1114,1115
8803,1173,1174
8804,658,659
8804,833,834
8804,949,950
8804,1173,1174
8805,658,659
8805,680,681
8805,833,834
8805,1173,1174
8806,658,659
8806,680,681
8806,833,834
8806,966,967
8807,658,659
8807,833,834
8807,847,848
8807,966,967
8808,833,834
8808,880,881
8808,898,899
8808,1135,1136
8809,833,834
8809,1114,1115
8809,1135,1136
8809,1173,1174
8810,833,834
8810,898,899
8810,1135,1136
8810,1173,1174
8811,680,681
8811,833,834
8811,880,881
8811,898,899
8812,680,681
8812,833,834
8812,898,899
8812,1173,1174
8813,893,894
8813,900,901
8813,917,918
8813,979,980
8814,667,668
8814,751,752
8814,893,894
8814,900,901
8815,667,668
8815,893,894
8815,900,901
8815,979,980
8816,900,901
8816,917,918
8816,941,942
8816,979,980
8817,667,668
8817,751,752
8817,900,901
8817,1025,1026
8818,751,752
8818,847,848
8818,893,894
8818,900,901
8819,751,752
8819,833,834
8819,847,848
8819,900,901
8820,847,848
8820,893,894
8820,900,901
8820,917,918
8821,833,834
8821,847,848
8821,900,901
8821,917,918
8822,833,834
8822,900,901
8822,917,918
8822,1114,1115
8823,900,901
8823,917,918
8823,941,942
8823,1114,1115
8824,751,752
8824,882,883
8824,900,901
8824,1025,1026
8825,667,668
8825,877,878
8825,900,901
8825,1025,1026
8826,667,668
8826,877,878
8826,900,901
8826,979,980
8827,833,834
8827,882,883
8827,900,901
8827,1114,1115
8828,882,883
8828,900,901
8828,941,942
8828,1114,1115
8829,877,878
8829,900,901
8829,941,942
8829,979,980
8830,751,752
8830,880,881
8830,882,883
8830,900,901
8831,751,752
8831,833,834
8831,880,881
8831,900,901
8832,833,834
8832,880,881
8832,882,883
8832,900,901
8833,877,878
8833,899,900
8833,900,901
8833,1025,1026
8834,882,883
8834,899,900
8834,900,901
8834,1025,1026
8835,877,878
8835,899,900
8835,900,901
8835,941,942
8836,882,883
8836,899,900
8836,900,901
8836,941,942
8837,687,688
8837,999,1000
8837,1025,1026
8837,1116,1117
8838,899,900
8838,999,1000
8838,1025,1026
8838,1116,1117
8839,687,688
8839,877,878
8839,1025,1026
8839,1116,1117
8840,877,878
8840,899,900
8840,1025,1026
8840,1116,1117
8841,687,688
8841,877,878
8841,1005,1006
8841,1116,1117
8842,687,688
8842,999,1000
8842,1116,1117
8842,1216,1217
8843,899,900
8843,906,907
8843,915,916
8843,1116,1117
8844,899,900
8844,906,907
8844,999,1000
8844,1116,1117
8845,877,878
8845,915,916
8845,1005,1006
8845,1116,1117
8846,877,878
8846,899,900
8846,915,916
8846,1116,1117
8847,915,916
8847,961,962
8847,1005,1006
8847,1116,1117
8848,906,907
8848,999,1000
8848,1116,1117
8848,1216,1217
8849,687,688
8849,890,891
8849,1116,1117
8849,1216,1217
8850,890,891
8850,1116,1117
8850,1168,1169
8850,1216,1217
8851,1073,1074
8851,1116,1117
8851,1168,1169
8851,1216,1217
8852,906,907
8852,915,916
8852,1073,1074
8852,1116,1117
8853,906,907
8853,1073,1074
8853,1116,1117
8853,1216,1217
8854,915,916
8854,961,962
8854,1073,1074
8854,1116,1117
8855,961,962
8855,1073,1074
8855,1116,1117
8855,1168,1169
8856,687,688
8856,890,891
8856,1005,1006
8856,1116,1117
8857,867,868
8857,961,962
8857,1005,1006
8857,1116,1117
8858,867,868
8858,961,962
8858,1116,1117
8858,1168,1169
8859,867,868
8859,890,891
8859,1005,1006
8859,1116,1117
8860,867,868
8860,890,891
8860,1116,1117
8860,1168,1169
8861,669,670
8861,762,763
8861,814,815
8861,918,919
8862,678,679
8862,762,763
8862,814,815
8862,918,919
8863,669,670
8863,747,748
8863,814,815
8863,918,919
8864,652,653
8864,747,748
8864,814,815
8864,918,919
8865,652,653
8865,678,679
8865,814,815
8865,918,919
8866,669,670
8866,747,748
8866,768,769
8866,918,919
8867,669,670
8867,762,763
8867,768,769
8867,918,919
8868,652,653
8868,747,748
8868,802,803
8868,918,919
8869,762,763
8869,768,769
8869,874,875
8869,918,919
8870,678,679
8870,762,763
8870,874,875
8870,918,919
8871,652,653
8871,802,803
8871,803,804
8871,918,919
8872,652,653
8872,678,679
8872,803,804
8872,918,919
8873,736,737
8873,802,803
8873,803,804
8873,918,919
8874,747,748
8874,756,757
8874,768,769
8874,918,919
8875,736,737
8875,756,757
8875,768,769
8875,918,919
8876,747,748
8876,756,757
8876,802,803
8876,918,919
8877,736,737
8877,756,757
8877,802,803
8877,918,919
8878,736,737
8878,768,769
8878,807,808
8878,918,919
8879,768,769
8879,807,808
8879,874,875
8879,918,919
8880,736,737
8880,807,808
8880,874,875
8880,918,919
8881,719,720
8881,736,737
8881,803,804
8881,918,919
8882,719,720
8882,736,737
8882,874,875
8882,918,919
8883,678,679
8883,719,720
8883,803,804
8883,918,919
8884,678,679
8884,719,720
8884,874,875
8884,918,919
8885,699,700
8885,748,749
8885,757,758
8885,942,943
8886,748,749
8886,757,758
8886,806,807
8886,942,943
8887,665,666
8887,806,807
8887,942,943
8887,950,951
8888,551,552
8888,749,750
8888,813,814
8888,942,943
8889,551,552
8889,699,700
8889,729,730
8889,942,943
8890,699,700
8890,729,730
8890,757,758
8890,942,943
8891,551,552
8891,699,700
8891,749,750
8891,942,943
8892,665,666
8892,748,749
8892,806,807
8892,942,943
8893,665,666
8893,852,853
8893,942,943
8893,950,951
8894,749,750
8894,813,814
8894,852,853
8894,942,943
8895,813,814
8895,852,853
8895,942,943
8895,950,951
8896,745,746
8896,749,750
8896,852,853
8896,942,943
8897,699,700
8897,745,746
8897,749,750
8897,942,943
8898,665,666
8898,745,746
8898,748,749
8898,942,943
8899,699,700
8899,745,746
8899,748,749
8899,942,943
8900,665,666
8900,745,746
8900,852,853
8900,942,943
8901,925,926
8901,948,949
8901,958,959
8901,1074,1075
8902,925,926
8902,953,954
8902,958,959
8902,1017,1018
8903,925,926
8903,948,949
8903,953,954
8903,958,959
8904,925,926
8904,938,939
8904,1017,1018
8904,1178,1179
8905,925,926
8905,938,939
8905,958,959
8905,1017,1018
8906,925,926
8906,938,939
8906,958,959
8906,1074,1075
8907,692,693
8907,925,926
8907,948,949
8907,953,954
8908,883,884
8908,925,926
8908,1074,1075
8908,1100,1101
8909,883,884
8909,925,926
8909,1100,1101
8909,1178,1179
8910,925,926
8910,938,939
8910,1074,1075
8910,1100,1101
8911,925,926
8911,938,939
8911,1100,1101
8911,1178,1179
8912,925,926
8912,943,944
8912,953,954
8912,1017,1018
8913,692,693
8913,925,926
8913,943,944
8913,953,954
8914,692,693
8914,883,884
8914,925,926
8914,1007,1008
8915,692,693
8915,925,926
8915,948,949
8915,1007,1008
8916,883,884
8916,925,926
8916,934,935
8916,1074,1075
8917,883,884
8917,925,926
8917,934,935
8917,1007,1008
8918,925,926
8918,934,935
8918,948,949
8918,1074,1075
8919,925,926
8919,934,935
8919,948,949
8919,1007,1008
8920,883,884
8920,925,926
8920,974,975
8920,1178,1179
8921,692,693
8921,883,884
8921,925,926
8921,974,975
8922,925,926
8922,943,944
8922,1017,1018
8922,1178,1179
8923,925,926
8923,943,944
8923,974,975
8923,1178,1179
8924,692,693
8924,925,926
8924,943,944
8924,974,975
8925,1675,1676
8925,1750,1751
8925,1778,1779
8925,1835,1836
8926,1691,1692
8926,1705,1706
8926,1750,1751
8926,1785,1786
8927,1683,1684
8927,1684,1685
8927,1750,1751
8927,1778,1779
8928,1675,1676
8928,1683,1684
8928,1750,1751
8928,1778,1779
8929,1684,1685
8929,1733,1734
8929,1750,1751
8929,1751,1752
8930,1683,1684
8930,1684,1685
8930,1750,1751
8930,1751,1752
8931,1675,1676
8931,1683,1684
8931,1729,1730
8931,1750,1751
8932,1683,1684
8932,1750,1751
8932,1751,1752
8932,1804,1805
8933,1463,1464
8933,1750,1751
8933,1751,1752
8933,1804,1805
8934,1683,1684
8934,1729,1730
8934,1750,1751
8934,1804,1805
8935,1463,1464
8935,1729,1730
8935,1750,1751
8935,1804,1805
8936,995,996
8936,1079,1080
8936,1093,1094
8936,1108,1109
8937,995,996
8937,1042,1043
8937,1093,1094
8937,1108,1109
8938,1042,1043
8938,1108,1109
8938,1161,1162
8938,1387,1388
8939,1042,1043
8939,1093,1094
8939,1108,1109
8939,1161,1162
8940,1079,1080
8940,1108,1109
8940,1304,1305
8940,1405,1406
8941,1079,1080
8941,1093,1094
8941,1108,1109
8941,1405,1406
8942,1108,1109
8942,1145,1146
8942,1161,1162
8942,1387,1388
8943,1108,1109
8943,1145,1146
8943,1161,1162
8943,1304,1305
8944,1108,1109
8944,1161,1162
8944,1304,1305
8944,1405,1406
8945,1093,1094
8945,1108,1109
8945,1161,1162
8945,1405,1406
8946,1291,1292
8946,1478,1479
8946,1544,1545
8946,1580,1581
8947,1291,1292
8947,1544,1545
8947,1580,1581
8947,1633,1634
8948,1478,1479
8948,1544,1545
8948,1555,1556
8948,1580,1581
8949,1544,1545
8949,1555,1556
8949,1556,1557
8949,1580,1581
8950,1544,1545
8950,1580,1581
8950,1633,1634
8950,1761,1762
8951,1544,1545
8951,1556,1557
8951,1580,1581
8951,1761,1762
8952,1291,1292
8952,1478,1479
8952,1540,1541
8952,1544,1545
8953,1291,1292
8953,1540,1541
8953,1544,1545
8953,1633,1634
8954,1470,1471
8954,1544,1545
8954,1556,1557
8954,1761,1762
8955,1461,1462
8955,1478,1479
8955,1540,1541
8955,1544,1545
8956,1461,1462
8956,1478,1479
8956,1544,1545
8956,1555,1556
8957,1461,1462
8957,1544,1545
8957,1555,1556
8957,1556,1557
8958,1461,1462
8958,1470,1471
8958,1544,1545
8958,1556,1557
8959,1544,1545
8959,1633,1634
8959,1644,1645
8959,1761,1762
8960,1470,1471
8960,1544,1545
8960,1644,1645
8960,1761,1762
8961,1470,1471
8961,1544,1545
8961,1633,1634
8961,1644,1645
8962,1470,1471
8962,1540,1541
8962,1544,1545
8962,1633,1634
8963,1339,1340
8963,1358,1359
8963,1493,1494
8963,1514,1515
8964,1339,1340
8964,1358,1359
8964,1514,1515
8964,1589,1590
8965,1358,1359
8965,1450,1451
8965,1514,1515
8965,1589,1590
8966,1339,1340
8966,1493,1494
8966,1514,1515
8966,1697,1698
8967,1358,1359
8967,1493,1494
8967,1514,1515
8967,1565,1566
8968,1358,1359
8968,1450,1451
8968,1514,1515
8968,1565,1566
8969,1450,1451
8969,1477,1478
8969,1514,1515
8969,1697,1698
8970,1493,1494
8970,1514,1515
8970,1565,1566
8970,1697,1698
8971,1450,1451
8971,1514,1515
8971,1565,1566
8971,1697,1698
8972,1339,1340
8972,1461,1462
8972,1514,1515
8972,1589,1590
8973,1461,1462
8973,1512,1513
8973,1514,1515
8973,1589,1590
8974,1450,1451
8974,1509,1510
8974,1514,1515
8974,1589,1590
8975,1509,1510
8975,1512,1513
8975,1514,1515
8975,1589,1590
8976,1450,1451
8976,1477,1478
8976,1509,1510
8976,1514,1515
8977,1477,1478
8977,1526,1527
8977,1552,1553
8977,1817,1818
8978,1462,1463
8978,1526,1527
8978,1552,1553
8978,1747,1748
8979,1526,1527
8979,1552,1553
8979,1747,1748
8979,1817,1818
8980,1462,1463
8980,1526,1527
8980,1552,1553
8980,1697,1698
8981,1477,1478
8981,1526,1527
8981,1552,1553
8981,1697,1698
8982,1477,1478
8982,1514,1515
8982,1526,1527
8982,1697,1698
8983,1526,1527
8983,1694,1695
8983,1747,1748
8983,1817,1818
8984,1526,1527
8984,1694,1695
8984,1764,1765
8984,1817,1818
8985,1458,1459
8985,1526,1527
8985,1694,1695
8985,1747,1748
8986,1458,1459
8986,1462,1463
8986,1526,1527
8986,1747,1748
8987,1458,1459
8987,1633,1634
8987,1644,1645
8987,1728,1729
8988,1470,1471
8988,1633,1634
8988,1644,1645
8988,1728,1729
8989,1458,1459
8989,1470,1471
8989,1633,1634
8989,1728,1729
8990,1458,1459
8990,1526,1527
8990,1694,1695
8990,1728,1729
8991,1458,1459
8991,1470,1471
8991,1526,1527
8991,1728,1729
8992,1628,1629
8992,1644,1645
8992,1728,1729
8992,1766,1767
8993,1628,1629
8993,1694,1695
8993,1728,1729
8993,1764,1765
8994,1470,1471
8994,1628,1629
8994,1728,1729
8994,1764,1765
8995,1470,1471
8995,1644,1645
8995,1728,1729
8995,1731,1732
8996,1628,1629
8996,1644,1645
8996,1728,1729
8996,1731,1732
8997,1470,1471
8997,1628,1629
8997,1728,1729
8997,1731,1732
8998,1526,1527
8998,1694,1695
8998,1728,1729
8998,1764,1765
8999,1470,1471
8999,1526,1527
8999,1728,1729
8999,1764,1765
9000,1673,1674
9000,1694,1695
9000,1728,1729
9000,1766,1767
9001,1628,1629
9001,1673,1674
9001,1694,1695
9001,1728,1729
9002,1628,1629
9002,1673,1674
9002,1728,1729
9002,1766,1767
9003,1458,1459
9003,1523,1524
9003,1644,1645
9003,1728,1729
9004,1523,1524
9004,1644,1645
9004,1728,1729
9004,1766,1767
9005,1458,1459
9005,1694,1695
9005,1728,1729
9005,1838,1839
9006,1458,1459
9006,1523,1524
9006,1728,1729
9006,1838,1839
9007,1694,1695
9007,1728,1729
9007,1766,1767
9007,1838,1839
9008,1523,1524
9008,1728,1729
9008,1766,1767
9008,1838,1839
9009,1458,1459
9009,1540,1541
9009,1620,1621
9009,1752,1753
9010,1458,1459
9010,1470,1471
9010,1540,1541
9010,1752,1753
9011,1458,1459
9011,1462,1463
9011,1620,1621
9011,1752,1753
9012,1462,1463
9012,1491,1492
9012,1620,1621
9012,1752,1753
9013,1491,1492
9013,1540,1541
9013,1620,1621
9013,1752,1753
9014,1458,1459
9014,1462,1463
9014,1526,1527
9014,1752,1753
9015,1458,1459
9015,1470,1471
9015,1526,1527
9015,1752,1753
9016,1462,1463
9016,1491,1492
9016,1697,1698
9016,1752,1753
9017,1462,1463
9017,1526,1527
9017,1697,1698
9017,1752,1753
9018,1514,1515
9018,1526,1527
9018,1697,1698
9018,1752,1753
9019,1461,1462
9019,1540,1541
9019,1544,1545
9019,1752,1753
9020,1470,1471
9020,1540,1541
9020,1544,1545
9020,1752,1753
9021,1461,1462
9021,1470,1471
9021,1544,1545
9021,1752,1753
9022,1339,1340
9022,1491,1492
9022,1697,1698
9022,1752,1753
9023,1339,1340
9023,1514,1515
9023,1697,1698
9023,1752,1753
9024,1339,1340
9024,1491,1492
9024,1540,1541
9024,1752,1753
9025,1339,1340
9025,1461,1462
9025,1540,1541
9025,1752,1753
9026,1339,1340
9026,1461,1462
9026,1514,1515
9026,1752,1753
9027,1630,1631
9027,1642,1643
9027,1787,1788
9027,1805,1806
9028,1630,1631
9028,1642,1643
9028,1771,1772
9028,1787,1788
9029,1630,1631
9029,1771,1772
9029,1787,1788
9029,1805,1806
9030,1630,1631
9030,1642,1643
9030,1677,1678
9030,1802,1803
9031,1630,1631
9031,1642,1643
9031,1677,1678
9031,1805,1806
9032,1630,1631
9032,1677,1678
9032,1802,1803
9032,1817,1818
9033,1630,1631
9033,1714,1715
9033,1802,1803
9033,1817,1818
9034,1630,1631
9034,1677,1678
9034,1725,1726
9034,1817,1818
9035,1630,1631
9035,1677,1678
9035,1725,1726
9035,1805,1806
9036,1630,1631
9036,1725,1726
9036,1805,1806
9036,1817,1818
9037,1630,1631
9037,1714,1715
9037,1764,1765
9037,1817,1818
9038,1309,1310
9038,1416,1417
9038,1531,1532
9038,1566,1567
9039,1309,1310
9039,1531,1532
9039,1566,1567
9039,1577,1578
9040,1327,1328
9040,1416,1417
9040,1531,1532
9040,1566,1567
9041,1249,1250
9041,1309,1310
9041,1416,1417
9041,1531,1532
9042,1303,1304
9042,1327,1328
9042,1531,1532
9042,1566,1567
9043,1303,1304
9043,1531,1532
9043,1566,1567
9043,1577,1578
9044,1249,1250
9044,1454,1455
9044,1531,1532
9044,1595,1596
9045,1249,1250
9045,1309,1310
9045,1454,1455
9045,1531,1532
9046,1152,1153
9046,1249,1250
9046,1416,1417
9046,1531,1532
9047,1052,1053
9047,1152,1153
9047,1249,1250
9047,1531,1532
9048,1052,1053
9048,1327,1328
9048,1412,1413
9048,1531,1532
9049,1152,1153
9049,1327,1328
9049,1416,1417
9049,1531,1532
9050,1052,1053
9050,1152,1153
9050,1327,1328
9050,1531,1532
9051,1303,1304
9051,1412,1413
9051,1531,1532
9051,1595,1596
9052,1303,1304
9052,1327,1328
9052,1412,1413
9052,1531,1532
9053,1309,1310
9053,1454,1455
9053,1531,1532
9053,1577,1578
9054,1303,1304
9054,1531,1532
9054,1595,1596
9054,1615,1616
9055,1303,1304
9055,1531,1532
9055,1577,1578
9055,1615,1616
9056,1052,1053
9056,1249,1250
9056,1531,1532
9056,1595,1596
9057,1052,1053
9057,1412,1413
9057,1531,1532
9057,1595,1596
9058,1454,1455
9058,1531,1532
9058,1595,1596
9058,1615,1616
9059,1454,1455
9059,1531,1532
9059,1577,1578
9059,1615,1616
9060,1477,1478
9060,1509,1510
9060,1640,1641
9060,1805,1806
9061,1526,1527
9061,1640,1641
9061,1764,1765
9061,1817,1818
9062,1630,1631
9062,1640,1641
9062,1764,1765
9062,1817,1818
9063,1477,1478
9063,1526,1527
9063,1640,1641
9063,1817,1818
9064,1477,1478
9064,1640,1641
9064,1805,1806
9064,1817,1818
9065,1630,1631
9065,1640,1641
9065,1805,1806
9065,1817,1818
9066,1509,1510
9066,1640,1641
9066,1801,1802
9066,1805,1806
9067,1509,1510
9067,1640,1641
9067,1801,1802
9067,1830,1831
9068,1630,1631
9068,1640,1641
9068,1771,1772
9068,1805,1806
9069,1640,1641
9069,1771,1772
9069,1801,1802
9069,1805,1806
9070,1640,1641
9070,1771,1772
9070,1801,1802
9070,1830,1831
9071,1509,1510
9071,1512,1513
9071,1602,1603
9071,1830,1831
9072,1449,1450
9072,1509,1510
9072,1602,1603
9072,1801,1802
9073,1509,1510
9073,1602,1603
9073,1801,1802
9073,1830,1831
9074,1449,1450
9074,1509,1510
9074,1530,1531
9074,1602,1603
9075,1261,1262
9075,1530,1531
9075,1589,1590
9075,1602,1603
9076,1509,1510
9076,1530,1531
9076,1589,1590
9076,1602,1603
9077,1509,1510
9077,1512,1513
9077,1589,1590
9077,1602,1603
9078,1261,1262
9078,1522,1523
9078,1589,1590
9078,1602,1603
9079,1512,1513
9079,1522,1523
9079,1589,1590
9079,1602,1603
9080,1438,1439
9080,1442,1443
9080,1599,1600
9080,1623,1624
9081,1438,1439
9081,1442,1443
9081,1576,1577
9081,1599,1600
9082,1438,1439
9082,1484,1485
9082,1599,1600
9082,1623,1624
9083,1438,1439
9083,1484,1485
9083,1576,1577
9083,1599,1600
9084,1438,1439
9084,1465,1466
9084,1484,1485
9084,1623,1624
9085,1438,1439
9085,1465,1466
9085,1484,1485
9085,1576,1577
9086,1438,1439
9086,1442,1443
9086,1505,1506
9086,1623,1624
9087,1438,1439
9087,1442,1443
9087,1505,1506
9087,1699,1700
9088,1438,1439
9088,1442,1443
9088,1576,1577
9088,1598,1599
9089,1438,1439
9089,1442,1443
9089,1598,1599
9089,1699,1700
9090,1438,1439
9090,1465,1466
9090,1623,1624
9090,1788,1789
9091,1438,1439
9091,1505,1506
9091,1539,1540
9091,1623,1624
9092,1438,1439
9092,1505,1506
9092,1539,1540
9092,1699,1700
9093,1438,1439
9093,1576,1577
9093,1598,1599
9093,1641,1642
9094,1438,1439
9094,1598,1599
9094,1641,1642
9094,1699,1700
9095,1438,1439
9095,1465,1466
9095,1617,1618
9095,1788,1789
9096,1438,1439
9096,1465,1466
9096,1576,1577
9096,1617,1618
9097,1438,1439
9097,1539,1540
9097,1699,1700
9097,1796,1797
9098,1438,1439
9098,1492,1493
9098,1641,1642
9098,1692,1693
9099,1438,1439
9099,1641,1642
9099,1692,1693
9099,1796,1797
9100,1438,1439
9100,1641,1642
9100,1699,1700
9100,1796,1797
9101,1438,1439
9101,1492,1493
9101,1617,1618
9101,1788,1789
9102,1438,1439
9102,1492,1493
9102,1576,1577
9102,1617,1618
9103,1438,1439
9103,1585,1586
9103,1623,1624
9103,1788,1789
9104,1438,1439
9104,1585,1586
9104,1692,1693
9104,1788,1789
9105,1438,1439
9105,1492,1493
9105,1692,1693
9105,1788,1789
9106,1438,1439
9106,1492,1493
9106,1641,1642
9106,1820,1821
9107,1438,1439
9107,1492,1493
9107,1576,1577
9107,1820,1821
9108,1438,1439
9108,1576,1577
9108,1641,1642
9108,1820,1821
9109,1438,1439
9109,1539,1540
9109,1585,1586
9109,1623,1624
9110,1438,1439
9110,1650,1651
9110,1692,1693
9110,1796,1797
9111,1438,1439
9111,1539,1540
9111,1650,1651
9111,1796,1797
9112,1438,1439
9112,1585,1586
9112,1650,1651
9112,1692,1693
9113,1438,1439
9113,1539,1540
9113,1585,1586
9113,1650,1651
9114,1163,1164
9114,1179,1180
9114,1374,1375
9114,1425,1426
9115,1138,1139
9115,1179,1180
9115,1374,1375
9115,1413,1414
9116,1138,1139
9116,1163,1164
9116,1179,1180
9116,1374,1375
9117,1179,1180
9117,1274,1275
9117,1359,1360
9117,1413,1414
9118,1179,1180
9118,1274,1275
9118,1362,1363
9118,1413,1414
9119,1179,1180
9119,1362,1363
9119,1374,1375
9119,1413,1414
9120,1179,1180
9120,1274,1275
9120,1362,1363
9120,1425,1426
9121,1179,1180
9121,1362,1363
9121,1374,1375
9121,1425,1426
9122,1138,1139
9122,1179,1180
9122,1305,1306
9122,1413,1414
9123,1179,1180
9123,1305,1306
9123,1359,1360
9123,1413,1414
9124,1179,1180
9124,1274,1275
9124,1332,1333
9124,1359,1360
9125,1179,1180
9125,1274,1275
9125,1332,1333
9125,1425,1426
9126,1138,1139
9126,1163,1164
9126,1179,1180
9126,1202,1203
9127,1179,1180
9127,1202,1203
9127,1305,1306
9127,1359,1360
9128,1179,1180
9128,1277,1278
9128,1332,1333
9128,1425,1426
9129,1163,1164
9129,1179,1180
9129,1277,1278
9129,1425,1426
9130,1138,1139
9130,1179,1180
9130,1305,1306
9130,1403,1404
9131,1179,1180
9131,1202,1203
9131,1305,1306
9131,1403,1404
9132,1138,1139
9132,1179,1180
9132,1202,1203
9132,1403,1404
9133,1163,1164
9133,1179,1180
9133,1202,1203
9133,1277,1278
9134,1179,1180
9134,1202,1203
9134,1332,1333
9134,1359,1360
9135,1179,1180
9135,1202,1203
9135,1277,1278
9135,1332,1333
9136,99,100
9136,206,207
9136,269,270
9136,359,360
9137,128,129
9137,206,207
9137,269,270
9137,359,360
9138,99,100
9138,269,270
9138,359,360
9138,385,386
9139,99,100
9139,123,124
9139,304,305
9139,359,360
9140,99,100
9140,123,124
9140,206,207
9140,359,360
9141,128,129
9141,206,207
9141,224,225
9141,359,360
9142,269,270
9142,277,278
9142,359,360
9142,385,386
9143,128,129
9143,269,270
9143,277,278
9143,359,360
9144,123,124
9144,224,225
9144,304,305
9144,359,360
9145,123,124
9145,206,207
9145,224,225
9145,359,360
9146,221,222
9146,224,225
9146,304,305
9146,359,360
9147,128,129
9147,221,222
9147,224,225
9147,359,360
9148,132,133
9148,304,305
9148,359,360
9148,394,395
9149,221,222
9149,304,305
9149,359,360
9149,394,395
9150,128,129
9150,221,222
9150,359,360
9150,394,395
9151,128,129
9151,277,278
9151,359,360
9151,394,395
9152,89,90
9152,99,100
9152,359,360
9152,385,386
9153,277,278
9153,335,336
9153,359,360
9153,394,395
9154,277,278
9154,335,336
9154,359,360
9154,385,386
9155,99,100
9155,304,305
9155,359,360
9155,384,385
9156,89,90
9156,99,100
9156,359,360
9156,384,385
9157,132,133
9157,304,305
9157,359,360
9157,384,385
9158,89,90
9158,132,133
9158,359,360
9158,384,385
9159,89,90
9159,335,336
9159,359,360
9159,385,386
9160,89,90
9160,132,133
9160,359,360
9160,366,367
9161,132,133
9161,359,360
9161,366,367
9161,394,395
9162,89,90
9162,335,336
9162,359,360
9162,366,367
9163,335,336
9163,359,360
9163,366,367
9163,394,395
9164,1288,1289
9164,1383,1384
9164,1529,1530
9164,1607,1608
9165,1288,1289
9165,1368,1369
9165,1529,1530
9165,1607,1608
9166,1288,1289
9166,1460,1461
9166,1500,1501
9166,1524,1525
9167,1288,1289
9167,1460,1461
9167,1524,1525
9167,1607,1608
9168,1288,1289
9168,1295,1296
9168,1383,1384
9168,1529,1530
9169,1288,1289
9169,1295,1296
9169,1383,1384
9169,1500,1501
9170,1288,1289
9170,1383,1384
9170,1460,1461
9170,1500,1501
9171,1288,1289
9171,1383,1384
9171,1460,1461
9171,1607,1608
9172,1288,1289
9172,1368,1369
9172,1569,1570
9172,1607,1608
9173,1288,1289
9173,1368,1369
9173,1524,1525
9173,1569,1570
9174,1275,1276
9174,1288,1289
9174,1295,1296
9174,1529,1530
9175,1275,1276
9175,1288,1289
9175,1368,1369
9175,1529,1530
9176,1288,1289
9176,1545,1546
9176,1569,1570
9176,1607,1608
9177,1288,1289
9177,1524,1525
9177,1545,1546
9177,1569,1570
9178,1288,1289
9178,1524,1525
9178,1545,1546
9178,1607,1608
9179,492,493
9179,685,686
9179,698,699
9179,705,706
9180,492,493
9180,698,699
9180,705,706
9180,804,805
9181,492,493
9181,701,702
9181,705,706
9181,804,805
9182,437,438
9182,492,493
9182,685,686
9182,698,699
9183,437,438
9183,492,493
9183,657,658
9183,698,699
9184,492,493
9184,657,658
9184,698,699
9184,736,737
9185,492,493
9185,604,605
9185,644,645
9185,701,702
9186,492,493
9186,649,650
9186,701,702
9186,705,706
9187,492,493
9187,649,650
9187,685,686
9187,705,706
9188,492,493
9188,621,622
9188,644,645
9188,657,658
9189,470,471
9189,492,493
9189,644,645
9189,657,658
9190,470,471
9190,492,493
9190,644,645
9190,701,702
9191,470,471
9191,492,493
9191,701,702
9191,804,805
9192,437,438
9192,492,493
9192,621,622
9192,685,686
9193,437,438
9193,492,493
9193,621,622
9193,657,658
9194,492,493
9194,657,658
9194,697,698
9194,736,737
9195,492,493
9195,697,698
9195,736,737
9195,804,805
9196,492,493
9196,736,737
9196,794,795
9196,804,805
9197,492,493
9197,698,699
9197,736,737
9197,794,795
9198,492,493
9198,698,699
9198,794,795
9198,804,805
9199,492,493
9199,604,605
9199,649,650
9199,701,702
9200,492,493
9200,604,605
9200,649,650
9200,685,686
9201,492,493
9201,604,605
9201,621,622
9201,685,686
9202,492,493
9202,604,605
9202,621,622
9202,644,645
9203,470,471
9203,492,493
9203,657,658
9203,697,698
9204,470,471
9204,492,493
9204,697,698
9204,804,805
9205,691,692
9205,784,785
9205,806,807
9205,950,951
9206,784,785
9206,806,807
9206,942,943
9206,950,951
9207,691,692
9207,784,785
9207,943,944
9207,950,951
9208,784,785
9208,813,814
9208,942,943
9208,950,951
9209,757,758
9209,784,785
9209,806,807
9209,942,943
9210,784,785
9210,813,814
9210,943,944
9210,950,951
9211,784,785
9211,821,822
9211,901,902
9211,943,944
9212,691,692
9212,784,785
9212,901,902
9212,943,944
9213,651,652
9213,757,758
9213,784,785
9213,806,807
9214,729,730
9214,757,758
9214,784,785
9214,942,943
9215,655,656
9215,784,785
9215,813,814
9215,943,944
9216,655,656
9216,784,785
9216,821,822
9216,943,944
9217,651,652
9217,784,785
9217,821,822
9217,901,902
9218,651,652
9218,691,692
9218,784,785
9218,901,902
9219,729,730
9219,784,785
9219,821,822
9219,844,845
9220,551,552
9220,784,785
9220,813,814
9220,942,943
9221,551,552
9221,729,730
9221,784,785
9221,942,943
9222,651,652
9222,729,730
9222,784,785
9222,821,822
9223,651,652
9223,729,730
9223,757,758
9223,784,785
9224,651,652
9224,667,668
9224,691,692
9224,784,785
9225,651,652
9225,667,668
9225,784,785
9225,806,807
9226,667,668
9226,691,692
9226,784,785
9226,806,807
9227,655,656
9227,784,785
9227,813,814
9227,844,845
9228,655,656
9228,784,785
9228,821,822
9228,844,845
9229,551,552
9229,784,785
9229,813,814
9229,844,845
9230,551,552
9230,729,730
9230,784,785
9230,844,845
9231,1551,1552
9231,1691,1692
9231,1750,1751
9231,1835,1836
9232,1551,1552
9232,1691,1692
9232,1705,1706
9232,1750,1751
9233,1463,1464
9233,1551,1552
9233,1705,1706
9233,1750,1751
9234,1551,1552
9234,1691,1692
9234,1810,1811
9234,1835,1836
9235,1551,1552
9235,1675,1676
9235,1750,1751
9235,1835,1836
9236,1551,1552
9236,1727,1728
9236,1809,1810
9236,1810,1811
9237,1551,1552
9237,1809,1810
9237,1810,1811
9237,1835,1836
9238,1469,1470
9238,1551,1552
9238,1727,1728
9238,1810,1811
9239,1469,1470
9239,1551,1552
9239,1705,1706
9239,1727,1728
9240,1469,1470
9240,1551,1552
9240,1691,1692
9240,1810,1811
9241,1469,1470
9241,1551,1552
9241,1691,1692
9241,1705,1706
9242,1439,1440
9242,1551,1552
9242,1705,1706
9242,1727,1728
9243,1439,1440
9243,1463,1464
9243,1551,1552
9243,1705,1706
9244,1551,1552
9244,1675,1676
9244,1729,1730
9244,1750,1751
9245,1463,1464
9245,1551,1552
9245,1729,1730
9245,1750,1751
9246,1551,1552
9246,1727,1728
9246,1809,1810
9246,1821,1822
9247,1439,1440
9247,1551,1552
9247,1727,1728
9247,1742,1743
9248,1439,1440
9248,1463,1464
9248,1551,1552
9248,1742,1743
9249,1551,1552
9249,1675,1676
9249,1729,1730
9249,1742,1743
9250,1463,1464
9250,1551,1552
9250,1729,1730
9250,1742,1743
9251,1551,1552
9251,1675,1676
9251,1809,1810
9251,1821,1822
9252,1551,1552
9252,1675,1676
9252,1809,1810
9252,1835,1836
9253,1551,1552
9253,1727,1728
9253,1742,1743
9253,1821,1822
9254,1551,1552
9254,1675,1676
9254,1742,1743
9254,1821,1822
9255,1691,1692
9255,1722,1723
9255,1750,1751
9255,1835,1836
9256,1722,1723
9256,1750,1751
9256,1778,1779
9256,1835,1836
9257,1632,1633
9257,1691,1692
9257,1722,1723
9257,1835,1836
9258,1632,1633
9258,1722,1723
9258,1778,1779
9258,1835,1836
9259,1684,1685
9259,1722,1723
9259,1750,1751
9259,1778,1779
9260,1632,1633
9260,1655,1656
9260,1722,1723
9260,1778,1779
9261,1655,1656
9261,1684,1685
9261,1722,1723
9261,1778,1779
9262,1691,1692
9262,1722,1723
9262,1750,1751
9262,1785,1786
9263,1627,1628
9263,1632,1633
9263,1655,1656
9263,1722,1723
9264,1627,1628
9264,1632,1633
9264,1691,1692
9264,1722,1723
9265,1684,1685
9265,1722,1723
9265,1733,1734
9265,1750,1751
9266,1722,1723
9266,1733,1734
9266,1750,1751
9266,1785,1786
9267,1627,1628
9267,1691,1692
9267,1722,1723
9267,1785,1786
9268,1684,1685
9268,1701,1702
9268,1722,1723
9268,1733,1734
9269,1701,1702
9269,1722,1723
9269,1733,1734
9269,1785,1786
9270,1627,1628
9270,1655,1656
9270,1701,1702
9270,1722,1723
9271,1627,1628
9271,1701,1702
9271,1722,1723
9271,1785,1786
9272,1655,1656
9272,1660,1661
9272,1701,1702
9272,1722,1723
9273,1655,1656
9273,1660,1661
9273,1684,1685
9273,1722,1723
9274,1660,1661
9274,1684,1685
9274,1701,1702
9274,1722,1723
9275,1445,1446
9275,1463,1464
9275,1641,1642
9275,1705,1706
9276,1445,1446
9276,1463,1464
9276,1705,1706
9276,1750,1751
9277,1445,1446
9277,1641,1642
9277,1692,1693
9277,1705,1706
9278,1445,1446
9278,1692,1693
9278,1705,1706
9278,1785,1786
9279,1445,1446
9279,1705,1706
9279,1750,1751
9279,1785,1786
9280,1445,1446
9280,1733,1734
9280,1750,1751
9280,1751,1752
9281,1445,1446
9281,1463,1464
9281,1750,1751
9281,1751,1752
9282,1445,1446
9282,1692,1693
9282,1733,1734
9282,1785,1786
9283,1445,1446
9283,1733,1734
9283,1750,1751
9283,1785,1786
9284,1445,1446
9284,1492,1493
9284,1692,1693
9284,1733,1734
9285,1445,1446
9285,1492,1493
9285,1641,1642
9285,1692,1693
9286,1445,1446
9286,1492,1493
9286,1641,1642
9286,1820,1821
9287,1445,1446
9287,1733,1734
9287,1751,1752
9287,1832,1833
9288,1445,1446
9288,1492,1493
9288,1733,1734
9288,1832,1833
9289,1445,1446
9289,1641,1642
9289,1820,1821
9289,1848,1849
9290,1445,1446
9290,1463,1464
9290,1641,1642
9290,1848,1849
9291,1445,1446
9291,1492,1493
9291,1820,1821
9291,1832,1833
9292,1445,1446
9292,1739,1740
9292,1820,1821
9292,1848,1849
9293,1445,1446
9293,1739,1740
9293,1820,1821
9293,1832,1833
9294,1445,1446
9294,1739,1740
9294,1751,1752
9294,1832,1833
9295,1445,1446
9295,1739,1740
9295,1751,1752
9295,1804,1805
9296,1445,1446
9296,1463,1464
9296,1751,1752
9296,1804,1805
9297,1445,1446
9297,1739,1740
9297,1804,1805
9297,1848,1849
9298,1445,1446
9298,1463,1464
9298,1804,1805
9298,1848,1849
9299,1642,1643
9299,1693,1694
9299,1771,1772
9299,1782,1783
9300,1630,1631
9300,1642,1643
9300,1771,1772
9300,1782,1783
9301,1642,1643
9301,1693,1694
9301,1782,1783
9301,1822,1823
9302,1630,1631
9302,1642,1643
9302,1782,1783
9302,1802,1803
9303,1642,1643
9303,1782,1783
9303,1793,1794
9303,1822,1823
9304,1642,1643
9304,1782,1783
9304,1793,1794
9304,1802,1803
9305,1630,1631
9305,1714,1715
9305,1782,1783
9305,1802,1803
9306,1693,1694
9306,1765,1766
9306,1782,1783
9306,1822,1823
9307,1630,1631
9307,1640,1641
9307,1764,1765
9307,1782,1783
9308,1714,1715
9308,1782,1783
9308,1793,1794
9308,1822,1823
9309,1714,1715
9309,1782,1783
9309,1793,1794
9309,1802,1803
9310,1673,1674
9310,1714,1715
9310,1782,1783
9310,1822,1823
9311,1673,1674
9311,1765,1766
9311,1782,1783
9311,1822,1823
9312,1630,1631
9312,1714,1715
9312,1764,1765
9312,1782,1783
9313,1753,1754
9313,1764,1765
9313,1765,1766
9313,1782,1783
9314,1743,1744
9314,1753,1754
9314,1764,1765
9314,1782,1783
9315,1673,1674
9315,1714,1715
9315,1764,1765
9315,1782,1783
9316,1673,1674
9316,1764,1765
9316,1765,1766
9316,1782,1783
9317,1441,1442
9317,1470,1471
9317,1526,1527
9317,1752,1753
9318,1441,1442
9318,1514,1515
9318,1526,1527
9318,1752,1753
9319,1441,1442
9319,1477,1478
9319,1514,1515
9319,1526,1527
9320,1441,1442
9320,1477,1478
9320,1526,1527
9320,1640,1641
9321,1441,1442
9321,1461,1462
9321,1470,1471
9321,1752,1753
9322,1441,1442
9322,1461,1462
9322,1514,1515
9322,1752,1753
9323,1441,1442
9323,1470,1471
9323,1743,1744
9323,1764,1765
9324,1441,1442
9324,1470,1471
9324,1526,1527
9324,1764,1765
9325,1441,1442
9325,1640,1641
9325,1743,1744
9325,1764,1765
9326,1441,1442
9326,1526,1527
9326,1640,1641
9326,1764,1765
9327,1441,1442
9327,1477,1478
9327,1509,1510
9327,1514,1515
9328,1441,1442
9328,1477,1478
9328,1509,1510
9328,1640,1641
9329,1441,1442
9329,1461,1462
9329,1512,1513
9329,1514,1515
9330,1441,1442
9330,1509,1510
9330,1512,1513
9330,1514,1515
9331,1441,1442
9331,1461,1462
9331,1475,1476
9331,1512,1513
9332,1441,1442
9332,1461,1462
9332,1475,1476
9332,1556,1557
9333,1441,1442
9333,1461,1462
9333,1470,1471
9333,1556,1557
9334,1441,1442
9334,1475,1476
9334,1556,1557
9334,1743,1744
9335,1441,1442
9335,1470,1471
9335,1556,1557
9335,1743,1744
9336,1441,1442
9336,1640,1641
9336,1743,1744
9336,1830,1831
9337,1441,1442
9337,1509,1510
9337,1512,1513
9337,1830,1831
9338,1441,1442
9338,1509,1510
9338,1640,1641
9338,1830,1831
9339,1441,1442
9339,1475,1476
9339,1512,1513
9339,1830,1831
9340,1441,1442
9340,1475,1476
9340,1743,1744
9340,1830,1831
9341,1693,1694
9341,1723,1724
9341,1771,1772
9341,1782,1783
9342,1693,1694
9342,1723,1724
9342,1753,1754
9342,1765,1766
9343,1693,1694
9343,1723,1724
9343,1765,1766
9343,1782,1783
9344,1723,1724
9344,1753,1754
9344,1765,1766
9344,1782,1783
9345,1723,1724
9345,1743,1744
9345,1753,1754
9345,1782,1783
9346,1475,1476
9346,1723,1724
9346,1743,1744
9346,1830,1831
9347,1640,1641
9347,1723,1724
9347,1743,1744
9347,1830,1831
9348,1640,1641
9348,1723,1724
9348,1771,1772
9348,1830,1831
9349,1640,1641
9349,1723,1724
9349,1743,1744
9349,1764,1765
9350,1723,1724
9350,1743,1744
9350,1764,1765
9350,1782,1783
9351,1640,1641
9351,1723,1724
9351,1764,1765
9351,1782,1783
9352,1630,1631
9352,1640,1641
9352,1723,1724
9352,1771,1772
9353,1630,1631
9353,1723,1724
9353,1771,1772
9353,1782,1783
9354,1630,1631
9354,1640,1641
9354,1723,1724
9354,1782,1783
