pore_id,particle_index,particle_id
0,621,622
0,717,718
0,749,750
0,767,768
1,1224,1225
1,1296,1297
1,1307,1308
1,1541,1542
2,1224,1225
2,1296,1297
2,1442,1443
2,1541,1542
3,1118,1119
3,1210,1211
3,1261,1262
3,1339,1340
4,79,80
4,103,104
4,264,265
4,323,324
5,33,34
5,86,87
5,114,115
5,340,341
6,33,34
6,84,85
6,86,87
6,340,341
7,33,34
7,84,85
7,157,158
7,340,341
8,361,362
8,431,432
8,452,453
8,531,532
9,1447,1448
9,1565,1566
9,1756,1757
9,1782,1783
10,1666,1667
10,1780,1781
10,1811,1812
10,1847,1848
11,457,458
11,690,691
11,746,747
11,771,772
12,646,647
12,746,747
12,771,772
12,785,786
13,1232,1233
13,1296,1297
13,1307,1308
13,1541,1542
14,1237,1238
14,1271,1272
14,1296,1297
14,1442,1443
15,1224,1225
15,1271,1272
15,1296,1297
15,1442,1443
16,1224,1225
16,1271,1272
16,1296,1297
16,1307,1308
17,15,16
17,79,80
17,97,98
17,160,161
18,457,458
18,551,552
18,626,627
18,690,691
19,457,458
19,626,627
19,690,691
19,746,747
20,626,627
20,690,691
20,743,744
20,746,747
21,438,439
21,453,454
21,551,552
21,626,627
22,453,454
22,551,552
22,626,627
22,690,691
23,267,268
23,303,304
23,361,362
23,431,432
24,267,268
24,303,304
24,338,339
24,361,362
25,303,304
25,361,362
25,431,432
25,452,453
26,514,515
26,591,592
26,610,611
26,755,756
27,421,422
27,488,489
27,716,717
27,758,759
28,289,290
28,352,353
28,377,378
28,390,391
29,1042,1043
29,1139,1140
29,1219,1220
29,1386,1387
30,1118,1119
30,1210,1211
30,1339,1340
30,1386,1387
31,1042,1043
31,1139,1140
31,1210,1211
31,1386,1387
32,1042,1043
32,1118,1119
32,1210,1211
32,1386,1387
33,12,13
33,36,37
33,114,115
33,364,365
34,25,26
34,150,151
34,339,340
34,374,375
35,26,27
35,86,87
35,114,115
35,301,302
36,86,87
36,114,115
36,301,302
36,340,341
37,12,13
37,114,115
37,301,302
37,364,365
38,12,13
38,26,27
38,301,302
38,364,365
39,12,13
39,26,27
39,114,115
39,301,302
40,36,37
40,114,115
40,301,302
40,364,365
41,84,85
41,148,149
41,157,158
41,340,341
42,78,79
42,144,145
42,186,187
42,320,321
43,282,283
43,446,447
43,453,454
43,551,552
44,446,447
44,453,454
44,551,552
44,690,691
45,282,283
45,410,411
45,446,447
45,453,454
46,327,328
46,410,411
46,452,453
46,453,454
47,410,411
47,438,439
47,452,453
47,453,454
48,510,511
48,674,675
48,720,721
48,735,736
49,879,880
49,946,947
49,1012,1013
49,1131,1132
50,1719,1720
50,1842,1843
50,1846,1847
50,1849,1850
51,1719,1720
51,1782,1783
51,1846,1847
51,1849,1850
52,1447,1448
52,1719,1720
52,1756,1757
52,1782,1783
53,1548,1549
53,1565,1566
53,1756,1757
53,1782,1783
54,746,747
54,771,772
54,785,786
54,869,870
55,642,643
55,781,782
55,785,786
55,869,870
56,646,647
56,771,772
56,785,786
56,869,870
57,744,745
57,838,839
57,882,883
57,955,956
58,838,839
58,882,883
58,955,956
58,1000,1001
59,904,905
59,966,967
59,977,978
59,1036,1037
60,1646,1647
60,1667,1668
60,1767,1768
60,1804,1805
61,1224,1225
61,1295,1296
61,1462,1463
61,1530,1531
62,1224,1225
62,1271,1272
62,1295,1296
62,1462,1463
63,1271,1272
63,1295,1296
63,1462,1463
63,1612,1613
64,1271,1272
64,1442,1443
64,1493,1494
64,1612,1613
65,1271,1272
65,1462,1463
65,1493,1494
65,1612,1613
66,1224,1225
66,1271,1272
66,1442,1443
66,1493,1494
67,502,503
67,529,530
67,577,578
67,647,648
68,751,752
68,966,967
68,977,978
68,1036,1037
69,717,718
69,749,750
69,767,768
69,811,812
70,60,61
70,180,181
70,279,280
70,310,311
71,55,56
71,180,181
71,279,280
71,310,311
72,55,56
72,60,61
72,180,181
72,310,311
73,236,237
73,402,403
73,423,424
73,462,463
74,236,237
74,402,403
74,462,463
74,755,756
75,740,741
75,809,810
75,886,887
75,964,965
76,846,847
76,886,887
76,958,959
76,997,998
77,740,741
77,809,810
77,886,887
77,1013,1014
78,1118,1119
78,1210,1211
78,1259,1260
78,1261,1262
79,236,237
79,462,463
79,494,495
79,755,756
80,236,237
80,494,495
80,597,598
80,755,756
81,494,495
81,499,500
81,578,579
81,734,735
82,462,463
82,494,495
82,520,521
82,734,735
83,483,484
83,514,515
83,610,611
83,755,756
84,483,484
84,514,515
84,597,598
84,610,611
85,483,484
85,597,598
85,610,611
85,755,756
86,963,964
86,969,970
86,975,976
86,1163,1164
87,1004,1005
87,1094,1095
87,1139,1140
87,1156,1157
88,1004,1005
88,1139,1140
88,1156,1157
88,1219,1220
89,922,923
89,1004,1005
89,1156,1157
89,1219,1220
90,1232,1233
90,1288,1289
90,1307,1308
90,1541,1542
91,1224,1225
91,1288,1289
91,1307,1308
91,1541,1542
92,1004,1005
92,1094,1095
92,1108,1109
92,1156,1157
93,52,53
93,95,96
93,255,256
93,290,291
94,987,988
94,1047,1048
94,1151,1152
94,1179,1180
95,311,312
95,361,362
95,417,418
95,609,610
96,311,312
96,338,339
96,361,362
96,609,610
97,26,27
97,48,49
97,114,115
97,141,142
98,12,13
98,26,27
98,114,115
98,141,142
99,12,13
99,26,27
99,141,142
99,186,187
100,12,13
100,141,142
100,144,145
100,186,187
101,281,282
101,361,362
101,417,418
101,452,453
102,281,282
102,303,304
102,361,362
102,452,453
103,281,282
103,303,304
103,338,339
103,361,362
104,281,282
104,311,312
104,361,362
104,417,418
105,281,282
105,311,312
105,338,339
105,361,362
106,54,55
106,267,268
106,303,304
106,338,339
107,25,26
107,102,103
107,339,340
107,374,375
108,327,328
108,437,438
108,467,468
108,593,594
109,221,222
109,379,380
109,431,432
109,531,532
110,102,103
110,221,222
110,360,361
110,379,380
111,303,304
111,379,380
111,431,432
111,452,453
112,267,268
112,303,304
112,379,380
112,431,432
113,260,261
113,438,439
113,453,454
113,626,627
114,260,261
114,327,328
114,449,450
114,453,454
115,21,22
115,81,82
115,128,129
115,153,154
116,1388,1389
116,1434,1435
116,1489,1490
116,1568,1569
117,1228,1229
117,1270,1271
117,1388,1389
117,1489,1490
118,1228,1229
118,1265,1266
118,1434,1435
118,1489,1490
119,1228,1229
119,1388,1389
119,1434,1435
119,1489,1490
120,429,430
120,646,647
120,781,782
120,795,796
121,646,647
121,781,782
121,785,786
121,795,796
122,646,647
122,746,747
122,785,786
122,795,796
123,690,691
123,743,744
123,746,747
123,795,796
124,743,744
124,746,747
124,785,786
124,795,796
125,646,647
125,746,747
125,771,772
125,795,796
126,690,691
126,746,747
126,771,772
126,795,796
127,646,647
127,690,691
127,771,772
127,795,796
128,507,508
128,743,744
128,785,786
128,795,796
129,507,508
129,781,782
129,785,786
129,795,796
130,244,245
130,327,328
130,437,438
130,565,566
131,244,245
131,327,328
131,449,450
131,565,566
132,244,245
132,358,359
132,437,438
132,565,566
133,244,245
133,358,359
133,449,450
133,565,566
134,244,245
134,327,328
134,437,438
134,593,594
135,244,245
135,327,328
135,449,450
135,601,602
136,244,245
136,327,328
136,593,594
136,601,602
137,244,245
137,262,263
137,437,438
137,593,594
138,410,411
138,424,425
138,452,453
138,467,468
139,327,328
139,410,411
139,424,425
139,467,468
140,327,328
140,410,411
140,424,425
140,452,453
141,360,361
141,424,425
141,467,468
141,593,594
142,327,328
142,424,425
142,467,468
142,593,594
143,424,425
143,431,432
143,452,453
143,531,532
144,379,380
144,424,425
144,431,432
144,531,532
145,379,380
145,424,425
145,431,432
145,452,453
146,221,222
146,379,380
146,424,425
146,531,532
147,221,222
147,360,361
147,379,380
147,424,425
148,440,441
148,591,592
148,716,717
148,753,754
149,421,422
149,440,441
149,716,717
149,753,754
150,421,422
150,488,489
150,716,717
150,753,754
151,537,538
151,591,592
151,753,754
151,755,756
152,483,484
152,537,538
152,753,754
152,755,756
153,440,441
153,514,515
153,591,592
153,753,754
154,514,515
154,591,592
154,753,754
154,755,756
155,483,484
155,514,515
155,753,754
155,755,756
156,236,237
156,402,403
156,504,505
156,691,692
157,402,403
157,504,505
157,591,592
157,755,756
158,236,237
158,402,403
158,504,505
158,755,756
159,504,505
159,591,592
159,610,611
159,755,756
160,236,237
160,504,505
160,610,611
160,755,756
161,465,466
161,528,529
161,647,648
161,680,681
162,502,503
162,528,529
162,647,648
162,680,681
163,196,197
163,352,353
163,377,378
163,390,391
164,239,240
164,265,266
164,557,558
164,594,595
165,25,26
165,150,151
165,199,200
165,374,375
166,25,26
166,102,103
166,199,200
166,374,375
167,25,26
167,102,103
167,199,200
167,360,361
168,199,200
168,244,245
168,593,594
168,601,602
169,133,134
169,299,300
169,348,349
169,386,387
170,55,56
170,279,280
170,310,311
170,366,367
171,14,15
171,125,126
171,130,131
171,157,158
172,33,34
172,125,126
172,130,131
172,157,158
173,33,34
173,84,85
173,125,126
173,157,158
174,82,83
174,122,123
174,136,137
174,292,293
175,344,345
175,439,440
175,499,500
175,515,516
176,344,345
176,499,500
176,515,516
176,578,579
177,14,15
177,130,131
177,157,158
177,329,330
178,33,34
178,157,158
178,329,330
178,340,341
179,33,34
179,114,115
179,329,330
179,340,341
180,33,34
180,130,131
180,157,158
180,329,330
181,33,34
181,48,49
181,114,115
181,329,330
182,33,34
182,48,49
182,130,131
182,329,330
183,34,35
183,58,59
183,120,121
183,264,265
184,410,411
184,417,418
184,452,453
184,478,479
185,281,282
185,417,418
185,452,453
185,478,479
186,410,411
186,452,453
186,467,468
186,478,479
187,282,283
187,410,411
187,446,447
187,548,549
188,404,405
188,478,479
188,523,524
188,548,549
189,282,283
189,410,411
189,417,418
189,548,549
190,410,411
190,417,418
190,478,479
190,548,549
191,327,328
191,407,408
191,437,438
191,565,566
192,327,328
192,407,408
192,437,438
192,467,468
193,327,328
193,407,408
193,410,411
193,467,468
194,407,408
194,410,411
194,467,468
194,478,479
195,327,328
195,407,408
195,453,454
195,565,566
196,407,408
196,446,447
196,453,454
196,565,566
197,327,328
197,407,408
197,410,411
197,453,454
198,407,408
198,410,411
198,446,447
198,453,454
199,407,408
199,410,411
199,446,447
199,548,549
200,404,405
200,407,408
200,478,479
200,548,549
201,407,408
201,410,411
201,478,479
201,548,549
202,21,22
202,113,114
202,128,129
202,153,154
203,12,13
203,186,187
203,320,321
203,334,335
204,796,797
204,831,832
204,879,880
204,1012,1013
205,796,797
205,879,880
205,946,947
205,1012,1013
206,678,679
206,796,797
206,901,902
206,946,947
207,434,435
207,435,436
207,735,736
207,868,869
208,377,378
208,479,480
208,514,515
208,587,588
209,289,290
209,377,378
209,479,480
209,587,588
210,289,290
210,479,480
210,587,588
210,605,606
211,150,151
211,199,200
211,365,366
211,372,373
212,25,26
212,150,151
212,199,200
212,372,373
213,257,258
213,404,405
213,409,410
213,455,456
214,257,258
214,404,405
214,409,410
214,523,524
215,249,250
215,404,405
215,478,479
215,523,524
216,249,250
216,404,405
216,407,408
216,478,479
217,249,250
217,407,408
217,467,468
217,478,479
218,249,250
218,407,408
218,437,438
218,467,468
219,249,250
219,404,405
219,407,408
219,455,456
220,249,250
220,407,408
220,437,438
220,455,456
221,1706,1707
221,1719,1720
221,1782,1783
221,1846,1847
222,1706,1707
222,1719,1720
222,1842,1843
222,1846,1847
223,1706,1707
223,1719,1720
223,1756,1757
223,1782,1783
224,1447,1448
224,1565,1566
224,1782,1783
224,1834,1835
225,1719,1720
225,1782,1783
225,1834,1835
225,1849,1850
226,1447,1448
226,1719,1720
226,1782,1783
226,1834,1835
227,1782,1783
227,1834,1835
227,1846,1847
227,1849,1850
228,1538,1539
228,1663,1664
228,1673,1674
228,1812,1813
229,1548,1549
229,1663,1664
229,1682,1683
229,1812,1813
230,1420,1421
230,1663,1664
230,1682,1683
230,1812,1813
231,1420,1421
231,1538,1539
231,1663,1664
231,1812,1813
232,110,111
232,164,165
232,172,173
232,312,313
233,74,75
233,110,111
233,172,173
233,312,313
234,676,677
234,792,793
234,838,839
234,1000,1001
235,792,793
235,838,839
235,882,883
235,1000,1001
236,642,643
236,676,677
236,792,793
236,838,839
237,642,643
237,648,649
237,676,677
237,792,793
238,642,643
238,648,649
238,781,782
238,792,793
239,620,621
239,744,745
239,838,839
239,882,883
240,620,621
240,744,745
240,838,839
240,869,870
241,620,621
241,792,793
241,838,839
241,882,883
242,620,621
242,642,643
242,838,839
242,869,870
243,620,621
243,642,643
243,792,793
243,838,839
244,620,621
244,646,647
244,771,772
244,869,870
245,620,621
245,642,643
245,781,782
245,869,870
246,620,621
246,642,643
246,781,782
246,792,793
247,620,621
247,646,647
247,781,782
247,785,786
248,620,621
248,646,647
248,785,786
248,869,870
249,620,621
249,781,782
249,785,786
249,869,870
250,863,864
250,904,905
250,966,967
250,1036,1037
251,620,621
251,744,745
251,882,883
251,911,912
252,751,752
252,911,912
252,966,967
252,977,978
253,620,621
253,744,745
253,869,870
253,911,912
254,620,621
254,771,772
254,869,870
254,911,912
255,1652,1653
255,1817,1818
255,1831,1832
255,1841,1842
256,1547,1548
256,1757,1758
256,1758,1759
256,1832,1833
257,41,42
257,84,85
257,148,149
257,157,158
258,41,42
258,84,85
258,125,126
258,157,158
259,1224,1225
259,1295,1296
259,1487,1488
259,1530,1531
260,1545,1546
260,1559,1560
260,1784,1785
260,1821,1822
261,1212,1213
261,1265,1266
261,1318,1319
261,1434,1435
262,1212,1213
262,1265,1266
262,1300,1301
262,1520,1521
263,1212,1213
263,1300,1301
263,1354,1355
263,1520,1521
264,1212,1213
264,1245,1246
264,1354,1355
264,1491,1492
265,1212,1213
265,1245,1246
265,1354,1355
265,1520,1521
266,1228,1229
266,1269,1270
266,1388,1389
266,1434,1435
267,1237,1238
267,1269,1270
267,1271,1272
267,1511,1512
268,1269,1270
268,1388,1389
268,1434,1435
268,1568,1569
269,1237,1238
269,1269,1270
269,1388,1389
269,1511,1512
270,1269,1270
270,1388,1389
270,1511,1512
270,1568,1569
271,1506,1507
271,1712,1713
271,1730,1731
271,1813,1814
272,1295,1296
272,1391,1392
272,1462,1463
272,1530,1531
273,1222,1223
273,1391,1392
273,1462,1463
273,1530,1531
274,1318,1319
274,1332,1333
274,1486,1487
274,1583,1584
275,1212,1213
275,1318,1319
275,1434,1435
275,1553,1554
276,402,403
276,504,505
276,591,592
276,718,719
277,402,403
277,504,505
277,691,692
277,718,719
278,257,258
278,504,505
278,691,692
278,718,719
279,524,525
279,536,537
279,586,587
279,608,609
280,524,525
280,608,609
280,720,721
280,735,736
281,524,525
281,586,587
281,608,609
281,720,721
282,404,405
282,407,408
282,455,456
282,458,459
283,407,408
283,437,438
283,455,456
283,458,459
284,358,359
284,437,438
284,458,459
284,565,566
285,407,408
285,437,438
285,458,459
285,565,566
286,572,573
286,621,622
286,717,718
286,749,750
287,572,573
287,717,718
287,749,750
287,811,812
288,572,573
288,623,624
288,717,718
288,811,812
289,465,466
289,621,622
289,647,648
289,784,785
290,577,578
290,621,622
290,647,648
290,784,785
291,465,466
291,647,648
291,680,681
291,784,785
292,572,573
292,621,622
292,717,718
292,784,785
293,572,573
293,577,578
293,621,622
293,784,785
294,502,503
294,577,578
294,647,648
294,784,785
295,502,503
295,647,648
295,680,681
295,784,785
296,502,503
296,577,578
296,680,681
296,784,785
297,421,422
297,465,466
297,680,681
297,784,785
298,413,414
298,457,458
298,690,691
298,771,772
299,413,414
299,646,647
299,690,691
299,771,772
300,987,988
300,1014,1015
300,1018,1019
300,1149,1150
301,987,988
301,1014,1015
301,1018,1019
301,1047,1048
302,403,404
302,572,573
302,685,686
302,749,750
303,572,573
303,685,686
303,749,750
303,811,812
304,672,673
304,749,750
304,767,768
304,811,812
305,672,673
305,767,768
305,811,812
305,857,858
306,672,673
306,855,856
306,857,858
306,883,884
307,672,673
307,811,812
307,855,856
307,857,858
308,423,424
308,472,473
308,614,615
308,928,929
309,402,403
309,423,424
309,689,690
309,691,692
310,402,403
310,689,690
310,691,692
310,718,719
311,491,492
311,689,690
311,691,692
311,718,719
312,524,525
312,536,537
312,586,587
312,696,697
313,435,436
313,524,525
313,696,697
313,735,736
314,423,424
314,472,473
314,562,563
314,614,615
315,435,436
315,562,563
315,689,690
315,696,697
316,435,436
316,472,473
316,562,563
316,689,690
317,423,424
317,472,473
317,562,563
317,689,690
318,397,398
318,476,477
318,544,545
318,545,546
319,397,398
319,476,477
319,498,499
319,545,546
320,55,56
320,180,181
320,222,223
320,279,280
321,236,237
321,248,249
321,504,505
321,610,611
322,248,249
322,597,598
322,610,611
322,755,756
323,236,237
323,248,249
323,610,611
323,755,756
324,236,237
324,248,249
324,597,598
324,755,756
325,236,237
325,423,424
325,460,461
325,462,463
326,460,461
326,689,690
326,691,692
326,696,697
327,460,461
327,562,563
327,689,690
327,696,697
328,402,403
328,423,424
328,460,461
328,691,692
329,236,237
329,402,403
329,460,461
329,691,692
330,236,237
330,402,403
330,423,424
330,460,461
331,423,424
331,460,461
331,689,690
331,691,692
332,423,424
332,460,461
332,562,563
332,689,690
333,402,403
333,423,424
333,462,463
333,671,672
334,462,463
334,537,538
334,671,672
334,755,756
335,402,403
335,462,463
335,671,672
335,755,756
336,537,538
336,591,592
336,671,672
336,755,756
337,402,403
337,591,592
337,671,672
337,755,756
338,537,538
338,591,592
338,671,672
338,753,754
339,591,592
339,671,672
339,716,717
339,753,754
340,475,476
340,510,511
340,735,736
340,757,758
341,434,435
341,510,511
341,735,736
341,757,758
342,434,435
342,435,436
342,735,736
342,757,758
343,435,436
343,562,563
343,735,736
343,757,758
344,472,473
344,562,563
344,614,615
344,757,758
345,435,436
345,472,473
345,562,563
345,757,758
346,434,435
346,435,436
346,757,758
346,868,869
347,435,436
347,472,473
347,757,758
347,868,869
348,562,563
348,581,582
348,614,615
348,757,758
349,475,476
349,562,563
349,581,582
349,757,758
350,262,263
350,437,438
350,455,456
350,508,509
351,244,245
351,262,263
351,437,438
351,508,509
352,244,245
352,358,359
352,437,438
352,508,509
353,358,359
353,437,438
353,458,459
353,508,509
354,358,359
354,458,459
354,508,509
354,536,537
355,437,438
355,455,456
355,458,459
355,508,509
356,641,642
356,740,741
356,799,800
356,971,972
357,740,741
357,886,887
357,964,965
357,971,972
358,816,817
358,886,887
358,964,965
358,971,972
359,816,817
359,924,925
359,964,965
359,971,972
360,476,477
360,722,723
360,734,735
360,763,764
361,36,37
361,59,60
361,178,179
361,364,365
362,641,642
362,752,753
362,884,885
362,1188,1189
363,664,665
363,740,741
363,884,885
363,1013,1014
364,752,753
364,804,805
364,884,885
364,1188,1189
365,1216,1217
365,1470,1471
365,1578,1579
365,1581,1582
366,1441,1442
366,1480,1481
366,1581,1582
366,1742,1743
367,1042,1043
367,1118,1119
367,1210,1211
367,1334,1335
368,1118,1119
368,1210,1211
368,1259,1260
368,1334,1335
369,1206,1207
369,1210,1211
369,1259,1260
369,1334,1335
370,1042,1043
370,1139,1140
370,1210,1211
370,1334,1335
371,1062,1063
371,1139,1140
371,1210,1211
371,1334,1335
372,1062,1063
372,1206,1207
372,1210,1211
372,1334,1335
373,1042,1043
373,1094,1095
373,1139,1140
373,1334,1335
374,1042,1043
374,1094,1095
374,1288,1289
374,1334,1335
375,1062,1063
375,1094,1095
375,1139,1140
375,1334,1335
376,394,395
376,494,495
376,520,521
376,734,735
377,394,395
377,494,495
377,578,579
377,734,735
378,464,465
378,483,484
378,537,538
378,725,726
379,464,465
379,537,538
379,725,726
379,959,960
380,464,465
380,468,469
380,571,572
380,725,726
381,464,465
381,483,484
381,537,538
381,753,754
382,464,465
382,468,469
382,636,637
382,673,674
383,464,465
383,636,637
383,673,674
383,731,732
384,464,465
384,571,572
384,725,726
384,959,960
385,464,465
385,468,469
385,571,572
385,673,674
386,464,465
386,488,489
386,537,538
386,959,960
387,464,465
387,488,489
387,537,538
387,753,754
388,464,465
388,488,489
388,731,732
388,959,960
389,464,465
389,488,489
389,731,732
389,753,754
390,654,655
390,904,905
390,905,906
390,977,978
391,1062,1063
391,1206,1207
391,1234,1235
391,1301,1302
392,1062,1063
392,1206,1207
392,1210,1211
392,1301,1302
393,804,805
393,857,858
393,884,885
393,909,910
394,742,743
394,855,856
394,857,858
394,909,910
395,804,805
395,883,884
395,909,910
395,1070,1071
396,804,805
396,857,858
396,883,884
396,909,910
397,1042,1043
397,1094,1095
397,1116,1117
397,1288,1289
398,1004,1005
398,1094,1095
398,1116,1117
398,1139,1140
399,1042,1043
399,1094,1095
399,1116,1117
399,1139,1140
400,1004,1005
400,1116,1117
400,1139,1140
400,1219,1220
401,1042,1043
401,1116,1117
401,1139,1140
401,1219,1220
402,1228,1229
402,1270,1271
402,1388,1389
402,1577,1578
403,1051,1052
403,1228,1229
403,1270,1271
403,1577,1578
404,1072,1073
404,1078,1079
404,1084,1085
404,1173,1174
405,1072,1073
405,1078,1079
405,1173,1174
405,1192,1193
406,1078,1079
406,1084,1085
406,1173,1174
406,1308,1309
407,1078,1079
407,1173,1174
407,1192,1193
407,1308,1309
408,883,884
408,1070,1071
408,1132,1133
408,1187,1188
409,1271,1272
409,1442,1443
409,1484,1485
409,1612,1613
410,1442,1443
410,1484,1485
410,1493,1494
410,1612,1613
411,1442,1443
411,1484,1485
411,1493,1494
411,1517,1518
412,1484,1485
412,1493,1494
412,1517,1518
412,1612,1613
413,1237,1238
413,1271,1272
413,1442,1443
413,1484,1485
414,1457,1458
414,1484,1485
414,1517,1518
414,1612,1613
415,1237,1238
415,1271,1272
415,1484,1485
415,1511,1512
416,368,369
416,387,388
416,388,389
416,399,400
417,368,369
417,387,388
417,388,389
417,513,514
418,368,369
418,369,370
418,387,388
418,513,514
419,674,675
419,699,700
419,726,727
419,750,751
420,209,210
420,268,269
420,388,389
420,513,514
421,209,210
421,368,369
421,388,389
421,513,514
422,209,210
422,294,295
422,399,400
422,493,494
423,209,210
423,368,369
423,399,400
423,493,494
424,209,210
424,294,295
424,388,389
424,399,400
425,209,210
425,368,369
425,388,389
425,399,400
426,57,58
426,99,100
426,171,172
426,173,174
427,209,210
427,268,269
427,343,344
427,513,514
428,60,61
428,179,180
428,279,280
428,310,311
429,16,17
429,69,70
429,164,165
429,171,172
430,16,17
430,69,70
430,110,111
430,164,165
431,16,17
431,74,75
431,110,111
431,312,313
432,16,17
432,69,70
432,92,93
432,110,111
433,16,17
433,74,75
433,92,93
433,110,111
434,16,17
434,99,100
434,164,165
434,173,174
435,16,17
435,164,165
435,171,172
435,173,174
436,16,17
436,99,100
436,171,172
436,173,174
437,16,17
437,99,100
437,164,165
437,312,313
438,16,17
438,110,111
438,164,165
438,312,313
439,313,314
439,368,369
439,369,370
439,513,514
440,209,210
440,313,314
440,368,369
440,513,514
441,209,210
441,313,314
441,343,344
441,513,514
442,29,30
442,160,161
442,171,172
442,189,190
443,15,16
443,160,161
443,171,172
443,189,190
444,15,16
444,97,98
444,160,161
444,189,190
445,15,16
445,57,58
445,97,98
445,189,190
446,15,16
446,171,172
446,173,174
446,189,190
447,15,16
447,57,58
447,173,174
447,189,190
448,57,58
448,171,172
448,173,174
448,189,190
449,47,48
449,52,53
449,97,98
449,189,190
450,47,48
450,57,58
450,97,98
450,189,190
451,57,58
451,99,100
451,171,172
451,189,190
452,16,17
452,99,100
452,171,172
452,189,190
453,58,59
453,103,104
453,135,136
453,182,183
454,58,59
454,103,104
454,182,183
454,264,265
455,34,35
455,58,59
455,182,183
455,264,265
456,103,104
456,182,183
456,264,265
456,323,324
457,34,35
457,182,183
457,264,265
457,323,324
458,1212,1213
458,1245,1246
458,1387,1388
458,1491,1492
459,1212,1213
459,1245,1246
459,1387,1388
459,1520,1521
460,1019,1020
460,1327,1328
460,1346,1347
460,1520,1521
461,1019,1020
461,1151,1152
461,1327,1328
461,1346,1347
462,965,966
462,1009,1010
462,1084,1085
462,1168,1169
463,1009,1010
463,1084,1085
463,1168,1169
463,1308,1309
464,1084,1085
464,1168,1169
464,1173,1174
464,1308,1309
465,1009,1010
465,1168,1169
465,1213,1214
465,1308,1309
466,1168,1169
466,1173,1174
466,1213,1214
466,1308,1309
467,1009,1010
467,1014,1015
467,1168,1169
467,1213,1214
468,965,966
468,1009,1010
468,1014,1015
468,1168,1169
469,853,854
469,948,949
469,1018,1019
469,1149,1150
470,853,854
470,987,988
470,1018,1019
470,1149,1150
471,682,683
471,948,949
471,955,956
471,966,967
472,682,683
472,744,745
472,955,956
472,966,967
473,682,683
473,744,745
473,882,883
473,955,956
474,682,683
474,744,745
474,911,912
474,966,967
475,682,683
475,744,745
475,882,883
475,911,912
476,682,683
476,863,864
476,904,905
476,966,967
477,682,683
477,904,905
477,966,967
477,977,978
478,682,683
478,904,905
478,905,906
478,977,978
479,682,683
479,911,912
479,966,967
479,977,978
480,682,683
480,905,906
480,911,912
480,977,978
481,1019,1020
481,1151,1152
481,1152,1153
481,1327,1328
482,282,283
482,446,447
482,522,523
482,548,549
483,419,420
483,652,653
483,670,671
483,977,978
484,419,420
484,547,548
484,652,653
484,670,671
485,652,653
485,751,752
485,977,978
485,1036,1037
486,652,653
486,670,671
486,751,752
486,977,978
487,1212,1213
487,1300,1301
487,1354,1355
487,1473,1474
488,1471,1472
488,1708,1709
488,1815,1816
488,1821,1822
489,360,361
489,467,468
489,590,591
489,593,594
490,360,361
490,424,425
490,467,468
490,590,591
491,249,250
491,262,263
491,535,536
491,590,591
492,437,438
492,467,468
492,590,591
492,593,594
493,249,250
493,437,438
493,467,468
493,590,591
494,262,263
494,437,438
494,590,591
494,593,594
495,249,250
495,262,263
495,437,438
495,590,591
496,25,26
496,37,38
496,102,103
496,360,361
497,37,38
497,102,103
497,360,361
497,379,380
498,37,38
498,102,103
498,165,166
498,221,222
499,37,38
499,102,103
499,221,222
499,379,380
500,53,54
500,267,268
500,303,304
500,379,380
501,53,54
501,185,186
501,303,304
501,379,380
502,37,38
502,53,54
502,185,186
502,379,380
503,61,62
503,93,94
503,94,95
503,112,113
504,61,62
504,70,71
504,93,94
504,112,113
505,70,71
505,112,113
505,165,166
505,339,340
506,61,62
506,94,95
506,112,113
506,147,148
507,8,9
507,10,11
507,75,76
507,146,147
508,8,9
508,88,89
508,156,157
508,258,259
509,8,9
509,10,11
509,146,147
509,258,259
510,8,9
510,10,11
510,88,89
510,258,259
511,10,11
511,53,54
511,146,147
511,258,259
512,54,55
512,146,147
512,258,259
512,267,268
513,53,54
513,146,147
513,258,259
513,267,268
514,54,55
514,258,259
514,267,268
514,303,304
515,53,54
515,258,259
515,267,268
515,303,304
516,53,54
516,185,186
516,258,259
516,303,304
517,260,261
517,449,450
517,453,454
517,573,574
518,573,574
518,690,691
518,743,744
518,795,796
519,453,454
519,573,574
519,626,627
519,690,691
520,260,261
520,453,454
520,573,574
520,626,627
521,573,574
521,626,627
521,690,691
521,743,744
522,260,261
522,573,574
522,626,627
522,743,744
523,446,447
523,453,454
523,565,566
523,573,574
524,446,447
524,453,454
524,573,574
524,690,691
525,327,328
525,453,454
525,565,566
525,573,574
526,327,328
526,449,450
526,453,454
526,573,574
527,327,328
527,449,450
527,565,566
527,573,574
528,221,222
528,309,310
528,424,425
528,531,532
529,309,310
529,327,328
529,593,594
529,601,602
530,309,310
530,327,328
530,424,425
530,593,594
531,309,310
531,360,361
531,424,425
531,593,594
532,102,103
532,221,222
532,309,310
532,374,375
533,102,103
533,221,222
533,309,310
533,360,361
534,221,222
534,309,310
534,360,361
534,424,425
535,199,200
535,309,310
535,593,594
535,601,602
536,199,200
536,309,310
536,360,361
536,593,594
537,199,200
537,309,310
537,374,375
537,601,602
538,102,103
538,199,200
538,309,310
538,374,375
539,102,103
539,199,200
539,309,310
539,360,361
540,10,11
540,75,76
540,146,147
540,228,229
541,10,11
541,53,54
541,146,147
541,228,229
542,75,76
542,94,95
542,147,148
542,228,229
543,10,11
543,75,76
543,147,148
543,228,229
544,94,95
544,112,113
544,147,148
544,228,229
545,199,200
545,316,317
545,374,375
545,601,602
546,150,151
546,199,200
546,316,317
546,374,375
547,150,151
547,199,200
547,316,317
547,365,366
548,260,261
548,445,446
548,573,574
548,743,744
549,260,261
549,445,446
549,449,450
549,573,574
550,445,446
550,507,508
550,743,744
550,795,796
551,445,446
551,573,574
551,743,744
551,795,796
552,358,359
552,449,450
552,518,519
552,565,566
553,445,446
553,507,508
553,518,519
553,795,796
554,449,450
554,518,519
554,565,566
554,573,574
555,445,446
555,449,450
555,518,519
555,573,574
556,445,446
556,518,519
556,573,574
556,795,796
557,421,422
557,465,466
557,638,639
557,680,681
558,59,60
558,158,159
558,178,179
558,364,365
559,59,60
559,158,159
559,196,197
559,230,231
560,59,60
560,158,159
560,178,179
560,230,231
561,158,159
561,178,179
561,196,197
561,230,231
562,502,503
562,528,529
562,550,551
562,680,681
563,528,529
563,550,551
563,605,606
563,680,681
564,479,480
564,550,551
564,605,606
564,680,681
565,479,480
565,550,551
565,587,588
565,605,606
566,440,441
566,479,480
566,550,551
566,680,681
567,344,345
567,463,464
567,499,500
567,578,579
568,265,266
568,344,345
568,463,464
568,578,579
569,463,464
569,494,495
569,499,500
569,578,579
570,463,464
570,483,484
570,537,538
570,725,726
571,463,464
571,494,495
571,597,598
571,755,756
572,463,464
572,483,484
572,597,598
572,755,756
573,463,464
573,483,484
573,537,538
573,755,756
574,265,266
574,344,345
574,382,383
574,578,579
575,344,345
575,382,383
575,515,516
575,578,579
576,265,266
576,382,383
576,557,558
576,594,595
577,252,253
577,265,266
577,382,383
577,594,595
578,252,253
578,265,266
578,344,345
578,382,383
579,383,384
579,463,464
579,494,495
579,597,598
580,265,266
580,383,384
580,463,464
580,597,598
581,383,384
581,394,395
581,494,495
581,578,579
582,383,384
582,463,464
582,494,495
582,578,579
583,265,266
583,383,384
583,463,464
583,578,579
584,239,240
584,265,266
584,383,384
584,557,558
585,382,383
585,383,384
585,557,558
585,578,579
586,265,266
586,382,383
586,383,384
586,578,579
587,265,266
587,382,383
587,383,384
587,557,558
588,846,847
588,958,959
588,997,998
588,1086,1087
589,1197,1198
589,1345,1346
589,1366,1367
589,1611,1612
590,510,511
590,640,641
590,674,675
590,726,727
591,510,511
591,640,641
591,674,675
591,720,721
592,441,442
592,726,727
592,769,770
592,786,787
593,510,511
593,640,641
593,726,727
593,786,787
594,441,442
594,640,641
594,726,727
594,786,787
595,475,476
595,510,511
595,640,641
595,786,787
596,441,442
596,695,696
596,769,770
596,786,787
597,566,567
597,633,634
597,695,696
597,786,787
598,441,442
598,566,567
598,695,696
598,786,787
599,129,130
599,133,134
599,308,309
599,348,349
600,133,134
600,299,300
600,308,309
600,348,349
601,129,130
601,305,306
601,308,309
601,348,349
602,129,130
602,212,213
602,305,306
602,308,309
603,194,195
603,231,232
603,314,315
603,398,399
604,194,195
604,231,232
604,314,315
604,354,355
605,644,645
605,775,776
605,842,843
605,947,948
606,644,645
606,775,776
606,842,843
606,921,922
607,775,776
607,842,843
607,921,922
607,947,948
608,644,645
608,775,776
608,818,819
608,921,922
609,665,666
609,875,876
609,910,911
609,1190,1191
610,41,42
610,84,85
610,125,126
610,177,178
611,31,32
611,91,92
611,195,196
611,310,311
612,133,134
612,138,139
612,299,300
612,386,387
613,60,61
613,107,108
613,180,181
613,280,281
614,239,240
614,336,337
614,557,558
614,594,595
615,212,213
615,253,254
615,305,306
615,336,337
616,212,213
616,239,240
616,253,254
616,336,337
617,212,213
617,253,254
617,305,306
617,308,309
618,212,213
618,239,240
618,253,254
618,324,325
619,253,254
619,305,306
619,308,309
619,348,349
620,253,254
620,299,300
620,308,309
620,348,349
621,253,254
621,299,300
621,308,309
621,324,325
622,212,213
622,253,254
622,308,309
622,324,325
623,14,15
623,157,158
623,215,216
623,329,330
624,1197,1198
624,1278,1279
624,1345,1346
624,1611,1612
625,1042,1043
625,1118,1119
625,1251,1252
625,1334,1335
626,1118,1119
626,1251,1252
626,1259,1260
626,1334,1335
627,1238,1239
627,1251,1252
627,1259,1260
627,1340,1341
628,1238,1239
628,1251,1252
628,1259,1260
628,1261,1262
629,1118,1119
629,1251,1252
629,1259,1260
629,1261,1262
630,1371,1372
630,1417,1418
630,1493,1494
630,1799,1800
631,281,282
631,319,320
631,452,453
631,478,479
632,281,282
632,303,304
632,319,320
632,452,453
633,319,320
633,424,425
633,452,453
633,467,468
634,319,320
634,452,453
634,467,468
634,478,479
635,303,304
635,319,320
635,379,380
635,452,453
636,319,320
636,379,380
636,424,425
636,452,453
637,319,320
637,424,425
637,467,468
637,590,591
638,185,186
638,303,304
638,319,320
638,379,380
639,319,320
639,360,361
639,424,425
639,590,591
640,21,22
640,113,114
640,128,129
640,139,140
641,46,47
641,137,138
641,145,146
641,170,171
642,194,195
642,206,207
642,231,232
642,398,399
643,524,525
643,536,537
643,558,559
643,608,609
644,466,467
644,495,496
644,608,609
644,635,636
645,466,467
645,495,496
645,558,559
645,608,609
646,436,437
646,674,675
646,732,733
646,750,751
647,466,467
647,501,502
647,608,609
647,635,636
648,501,502
648,524,525
648,608,609
648,735,736
649,501,502
649,510,511
649,674,675
649,735,736
650,501,502
650,674,675
650,720,721
650,735,736
651,501,502
651,608,609
651,720,721
651,735,736
652,436,437
652,501,502
652,635,636
652,674,675
653,10,11
653,22,23
653,88,89
653,258,259
654,22,23
654,88,89
654,140,141
654,156,157
655,7,8
655,234,235
655,328,329
655,359,360
656,7,8
656,328,329
656,337,338
656,359,360
657,7,8
657,214,215
657,234,235
657,359,360
658,7,8
658,214,215
658,337,338
658,359,360
659,18,19
659,74,75
659,92,93
659,110,111
660,18,19
660,74,75
660,92,93
660,98,99
661,18,19
661,65,66
661,110,111
661,172,173
662,18,19
662,74,75
662,110,111
662,172,173
663,18,19
663,65,66
663,70,71
663,93,94
664,18,19
664,61,62
664,70,71
664,93,94
665,25,26
665,150,151
665,217,218
665,372,373
666,25,26
666,150,151
666,217,218
666,339,340
667,18,19
667,74,75
667,98,99
667,217,218
668,18,19
668,74,75
668,172,173
668,217,218
669,65,66
669,70,71
669,172,173
669,217,218
670,18,19
670,65,66
670,70,71
670,217,218
671,18,19
671,65,66
671,172,173
671,217,218
672,47,48
672,52,53
672,189,190
672,389,390
673,47,48
673,52,53
673,255,256
673,389,390
674,47,48
674,57,58
674,189,190
674,389,390
675,257,258
675,291,292
675,409,410
675,455,456
676,1719,1720
676,1763,1764
676,1842,1843
676,1849,1850
677,1719,1720
677,1763,1764
677,1834,1835
677,1849,1850
678,1763,1764
678,1842,1843
678,1848,1849
678,1849,1850
679,1763,1764
679,1771,1772
679,1848,1849
679,1849,1850
680,1414,1415
680,1439,1440
680,1521,1522
680,1777,1778
681,1414,1415
681,1439,1440
681,1579,1580
681,1777,1778
682,1439,1440
682,1521,1522
682,1579,1580
682,1777,1778
683,1655,1656
683,1691,1692
683,1732,1733
683,1822,1823
684,1683,1684
684,1691,1692
684,1732,1733
684,1758,1759
685,1683,1684
685,1691,1692
685,1732,1733
685,1822,1823
686,1352,1353
686,1409,1410
686,1428,1429
686,1512,1513
687,1352,1353
687,1373,1374
687,1409,1410
687,1428,1429
688,1252,1253
688,1362,1363
688,1513,1514
688,1533,1534
689,1252,1253
689,1362,1363
689,1533,1534
689,1587,1588
690,1252,1253
690,1409,1410
690,1512,1513
690,1533,1534
691,1252,1253
691,1352,1353
691,1409,1410
691,1512,1513
692,1512,1513
692,1534,1535
692,1548,1549
692,1663,1664
693,1548,1549
693,1644,1645
693,1756,1757
693,1812,1813
694,1548,1549
694,1644,1645
694,1682,1683
694,1833,1834
695,1548,1549
695,1644,1645
695,1682,1683
695,1812,1813
696,1644,1645
696,1654,1655
696,1755,1756
696,1833,1834
697,1644,1645
697,1706,1707
697,1756,1757
697,1782,1783
698,1644,1645
698,1654,1655
698,1706,1707
698,1755,1756
699,150,151
699,217,218
699,335,336
699,372,373
700,150,151
700,335,336
700,365,366
700,372,373
701,1216,1217
701,1470,1471
701,1581,1582
701,1726,1727
702,792,793
702,882,883
702,934,935
702,1000,1001
703,934,935
703,963,964
703,975,976
703,1000,1001
704,934,935
704,963,964
704,975,976
704,1163,1164
705,676,677
705,934,935
705,963,964
705,1000,1001
706,676,677
706,792,793
706,934,935
706,1000,1001
707,648,649
707,676,677
707,792,793
707,956,957
708,619,620
708,648,649
708,708,709
708,956,957
709,648,649
709,708,709
709,781,782
709,956,957
710,648,649
710,781,782
710,792,793
710,956,957
711,620,621
711,646,647
711,781,782
711,927,928
712,620,621
712,781,782
712,792,793
712,927,928
713,781,782
713,792,793
713,927,928
713,956,957
714,708,709
714,781,782
714,927,928
714,956,957
715,429,430
715,646,647
715,781,782
715,927,928
716,429,430
716,708,709
716,781,782
716,927,928
717,1414,1415
717,1427,1428
717,1439,1440
717,1508,1509
718,1325,1326
718,1427,1428
718,1439,1440
718,1508,1509
719,1325,1326
719,1427,1428
719,1508,1509
719,1607,1608
720,1325,1326
720,1435,1436
720,1508,1509
720,1607,1608
721,1351,1352
721,1414,1415
721,1439,1440
721,1508,1509
722,1185,1186
722,1206,1207
722,1210,1211
722,1259,1260
723,1185,1186
723,1210,1211
723,1259,1260
723,1261,1262
724,1185,1186
724,1206,1207
724,1210,1211
724,1301,1302
725,1238,1239
725,1259,1260
725,1261,1262
725,1341,1342
726,1185,1186
726,1259,1260
726,1261,1262
726,1341,1342
727,1185,1186
727,1218,1219
727,1341,1342
727,1397,1398
728,1218,1219
728,1238,1239
728,1261,1262
728,1341,1342
729,1185,1186
729,1218,1219
729,1261,1262
729,1341,1342
730,969,970
730,975,976
730,981,982
730,1163,1164
731,1342,1343
731,1362,1363
731,1558,1559
731,1615,1616
732,1638,1639
732,1683,1684
732,1700,1701
732,1775,1776
733,1424,1425
733,1425,1426
733,1579,1580
733,1678,1679
734,1424,1425
734,1425,1426
734,1521,1522
734,1579,1580
735,1425,1426
735,1521,1522
735,1579,1580
735,1777,1778
736,1425,1426
736,1521,1522
736,1702,1703
736,1777,1778
737,1425,1426
737,1467,1468
737,1576,1577
737,1639,1640
738,1425,1426
738,1467,1468
738,1576,1577
738,1702,1703
739,1369,1370
739,1453,1454
739,1477,1478
739,1522,1523
740,1203,1204
740,1369,1370
740,1453,1454
740,1522,1523
741,1320,1321
741,1369,1370
741,1477,1478
741,1522,1523
742,1731,1732
742,1766,1767
742,1815,1816
742,1820,1821
743,1471,1472
743,1766,1767
743,1815,1816
743,1821,1822
744,1731,1732
744,1741,1742
744,1766,1767
744,1820,1821
745,1670,1671
745,1741,1742
745,1766,1767
745,1820,1821
746,1684,1685
746,1731,1732
746,1741,1742
746,1766,1767
747,1230,1231
747,1353,1354
747,1597,1598
747,1624,1625
748,1500,1501
748,1502,1503
748,1557,1558
748,1621,1622
749,644,645
749,775,776
749,818,819
749,820,821
750,775,776
750,818,819
750,820,821
750,921,922
751,1230,1231
751,1236,1237
751,1353,1354
751,1597,1598
752,1649,1650
752,1700,1701
752,1757,1758
752,1758,1759
753,1649,1650
753,1757,1758
753,1758,1759
753,1832,1833
754,1649,1650
754,1683,1684
754,1700,1701
754,1775,1776
755,1649,1650
755,1683,1684
755,1700,1701
755,1758,1759
756,1649,1650
756,1683,1684
756,1732,1733
756,1758,1759
757,1649,1650
757,1732,1733
757,1758,1759
757,1832,1833
758,1727,1728
758,1746,1747
758,1780,1781
758,1826,1827
759,1666,1667
759,1780,1781
759,1811,1812
759,1826,1827
760,1780,1781
760,1811,1812
760,1826,1827
760,1847,1848
761,1687,1688
761,1727,1728
761,1780,1781
761,1826,1827
762,1470,1471
762,1552,1553
762,1578,1579
762,1581,1582
763,1211,1212
763,1274,1275
763,1542,1543
763,1610,1611
764,1251,1252
764,1259,1260
764,1340,1341
764,1448,1449
765,1238,1239
765,1259,1260
765,1340,1341
765,1448,1449
766,1238,1239
766,1259,1260
766,1341,1342
766,1448,1449
767,1051,1052
767,1199,1200
767,1280,1281
767,1311,1312
768,1396,1397
768,1487,1488
768,1530,1531
768,1625,1626
769,1224,1225
769,1257,1258
769,1307,1308
769,1487,1488
770,1257,1258
770,1288,1289
770,1307,1308
770,1311,1312
771,1257,1258
771,1307,1308
771,1311,1312
771,1487,1488
772,1094,1095
772,1257,1258
772,1288,1289
772,1311,1312
773,1062,1063
773,1206,1207
773,1234,1235
773,1257,1258
774,1206,1207
774,1234,1235
774,1257,1258
774,1396,1397
775,1062,1063
775,1094,1095
775,1257,1258
775,1334,1335
776,1094,1095
776,1257,1258
776,1288,1289
776,1334,1335
777,1062,1063
777,1206,1207
777,1257,1258
777,1334,1335
778,1318,1319
778,1434,1435
778,1546,1547
778,1553,1554
779,1318,1319
779,1486,1487
779,1546,1547
779,1583,1584
780,1318,1319
780,1332,1333
780,1486,1487
780,1546,1547
781,1318,1319
781,1332,1333
781,1546,1547
781,1553,1554
782,1212,1213
782,1434,1435
782,1546,1547
782,1553,1554
783,1486,1487
783,1573,1574
783,1576,1577
783,1609,1610
784,1492,1493
784,1609,1610
784,1626,1627
784,1702,1703
785,1051,1052
785,1199,1200
785,1228,1229
785,1464,1465
786,1224,1225
786,1271,1272
786,1295,1296
786,1464,1465
787,1224,1225
787,1271,1272
787,1307,1308
787,1464,1465
788,1224,1225
788,1307,1308
788,1464,1465
788,1487,1488
789,1051,1052
789,1307,1308
789,1464,1465
789,1577,1578
790,1051,1052
790,1228,1229
790,1464,1465
790,1577,1578
791,1307,1308
791,1311,1312
791,1464,1465
791,1487,1488
792,1199,1200
792,1311,1312
792,1464,1465
792,1487,1488
793,1051,1052
793,1307,1308
793,1311,1312
793,1464,1465
794,1051,1052
794,1199,1200
794,1311,1312
794,1464,1465
795,1271,1272
795,1296,1297
795,1307,1308
795,1464,1465
796,1296,1297
796,1307,1308
796,1464,1465
796,1577,1578
797,1237,1238
797,1269,1270
797,1271,1272
797,1464,1465
798,1228,1229
798,1269,1270
798,1388,1389
798,1464,1465
799,1228,1229
799,1388,1389
799,1464,1465
799,1577,1578
800,1237,1238
800,1271,1272
800,1296,1297
800,1464,1465
801,1237,1238
801,1296,1297
801,1464,1465
801,1577,1578
802,1237,1238
802,1269,1270
802,1388,1389
802,1464,1465
803,1237,1238
803,1388,1389
803,1464,1465
803,1577,1578
804,1269,1270
804,1271,1272
804,1511,1512
804,1586,1587
805,1271,1272
805,1484,1485
805,1586,1587
805,1612,1613
806,1271,1272
806,1484,1485
806,1511,1512
806,1586,1587
807,1271,1272
807,1295,1296
807,1586,1587
807,1612,1613
808,1269,1270
808,1271,1272
808,1295,1296
808,1586,1587
809,1457,1458
809,1484,1485
809,1586,1587
809,1612,1613
810,1269,1270
810,1295,1296
810,1546,1547
810,1586,1587
811,1529,1530
811,1573,1574
811,1598,1599
811,1686,1687
812,1457,1458
812,1517,1518
812,1612,1613
812,1711,1712
813,1586,1587
813,1612,1613
813,1627,1628
813,1711,1712
814,1457,1458
814,1517,1518
814,1628,1629
814,1711,1712
815,1517,1518
815,1628,1629
815,1632,1633
815,1711,1712
816,1517,1518
816,1632,1633
816,1711,1712
816,1799,1800
817,1580,1581
817,1686,1687
817,1764,1765
817,1783,1784
818,1753,1754
818,1764,1765
818,1783,1784
818,1808,1809
819,1506,1507
819,1717,1718
819,1749,1750
819,1799,1800
820,1506,1507
820,1632,1633
820,1717,1718
820,1799,1800
821,1417,1418
821,1717,1718
821,1749,1750
821,1799,1800
822,1506,1507
822,1712,1713
822,1730,1731
822,1736,1737
823,1506,1507
823,1712,1713
823,1717,1718
823,1736,1737
824,1506,1507
824,1717,1718
824,1736,1737
824,1749,1750
825,1712,1713
825,1730,1731
825,1794,1795
825,1813,1814
826,1692,1693
826,1704,1705
826,1794,1795
826,1845,1846
827,1651,1652
827,1661,1662
827,1781,1782
827,1817,1818
828,1651,1652
828,1661,1662
828,1817,1818
828,1827,1828
829,1492,1493
829,1626,1627
829,1672,1673
829,1702,1703
830,1295,1296
830,1391,1392
830,1498,1499
830,1583,1584
831,1295,1296
831,1498,1499
831,1546,1547
831,1583,1584
832,1486,1487
832,1498,1499
832,1546,1547
832,1583,1584
833,1486,1487
833,1498,1499
833,1572,1573
833,1583,1584
834,1391,1392
834,1498,1499
834,1572,1573
834,1583,1584
835,1486,1487
835,1498,1499
835,1529,1530
835,1546,1547
836,1295,1296
836,1498,1499
836,1546,1547
836,1586,1587
837,1498,1499
837,1529,1530
837,1546,1547
837,1586,1587
838,1498,1499
838,1529,1530
838,1586,1587
838,1627,1628
839,1227,1228
839,1318,1319
839,1332,1333
839,1583,1584
840,1227,1228
840,1229,1230
840,1318,1319
840,1583,1584
841,1227,1228
841,1318,1319
841,1332,1333
841,1553,1554
842,1227,1228
842,1229,1230
842,1318,1319
842,1553,1554
843,1227,1228
843,1229,1230
843,1332,1333
843,1553,1554
844,1227,1228
844,1332,1333
844,1486,1487
844,1583,1584
845,1227,1228
845,1486,1487
845,1572,1573
845,1583,1584
846,1227,1228
846,1332,1333
846,1486,1487
846,1609,1610
847,1227,1228
847,1609,1610
847,1626,1627
847,1702,1703
848,1212,1213
848,1265,1266
848,1318,1319
848,1596,1597
849,1212,1213
849,1318,1319
849,1553,1554
849,1596,1597
850,1212,1213
850,1491,1492
850,1553,1554
850,1596,1597
851,1212,1213
851,1387,1388
851,1491,1492
851,1596,1597
852,1212,1213
852,1387,1388
852,1520,1521
852,1596,1597
853,1242,1243
853,1337,1338
853,1387,1388
853,1491,1492
854,1212,1213
854,1354,1355
854,1491,1492
854,1532,1533
855,1473,1474
855,1532,1533
855,1544,1545
855,1784,1785
856,1354,1355
856,1473,1474
856,1532,1533
856,1784,1785
857,1532,1533
857,1545,1546
857,1559,1560
857,1784,1785
858,1532,1533
858,1544,1545
858,1545,1546
858,1784,1785
859,358,359
859,458,459
859,536,537
859,714,715
860,358,359
860,536,537
860,558,559
860,714,715
861,358,359
861,458,459
861,565,566
861,714,715
862,429,430
862,518,519
862,558,559
862,714,715
863,358,359
863,518,519
863,558,559
863,714,715
864,358,359
864,518,519
864,565,566
864,714,715
865,435,436
865,524,525
865,659,660
865,696,697
866,435,436
866,659,660
866,689,690
866,696,697
867,491,492
867,659,660
867,689,690
867,691,692
868,659,660
868,689,690
868,691,692
868,696,697
869,458,459
869,536,537
869,659,660
869,714,715
870,257,258
870,404,405
870,455,456
870,555,556
871,404,405
871,455,456
871,458,459
871,555,556
872,491,492
872,555,556
872,707,708
872,718,719
873,491,492
873,555,556
873,691,692
873,718,719
874,257,258
874,555,556
874,691,692
874,718,719
875,491,492
875,555,556
875,659,660
875,691,692
876,403,404
876,526,527
876,572,573
876,749,750
877,526,527
877,572,573
877,621,622
877,749,750
878,526,527
878,572,573
878,577,578
878,621,622
879,526,527
879,529,530
879,577,578
879,647,648
880,526,527
880,577,578
880,621,622
880,647,648
881,863,864
881,904,905
881,943,944
881,1036,1037
882,649,650
882,654,655
882,905,906
882,977,978
883,649,650
883,654,655
883,715,716
883,977,978
884,419,420
884,447,448
884,649,650
884,715,716
885,447,448
885,522,523
885,603,604
885,707,708
886,491,492
886,517,518
886,707,708
886,718,719
887,440,441
887,517,518
887,591,592
887,716,717
888,1019,1020
888,1083,1084
888,1122,1123
888,1346,1347
889,1019,1020
889,1122,1123
889,1151,1152
889,1346,1347
890,1019,1020
890,1047,1048
890,1122,1123
890,1151,1152
891,1009,1010
891,1014,1015
891,1122,1123
891,1213,1214
892,1009,1010
892,1014,1015
892,1047,1048
892,1122,1123
893,1083,1084
893,1195,1196
893,1213,1214
893,1308,1309
894,1173,1174
894,1195,1196
894,1213,1214
894,1308,1309
895,1173,1174
895,1192,1193
895,1195,1196
895,1308,1309
896,748,749
896,751,752
896,911,912
896,977,978
897,670,671
897,748,749
897,751,752
897,977,978
898,413,414
898,457,458
898,748,749
898,771,772
899,649,650
899,748,749
899,771,772
899,911,912
900,413,414
900,649,650
900,748,749
900,771,772
901,419,420
901,670,671
901,748,749
901,977,978
902,413,414
902,419,420
902,457,458
902,748,749
903,419,420
903,457,458
903,670,671
903,748,749
904,748,749
904,905,906
904,911,912
904,977,978
905,649,650
905,748,749
905,905,906
905,977,978
906,649,650
906,748,749
906,905,906
906,911,912
907,413,414
907,419,420
907,649,650
907,748,749
908,419,420
908,715,716
908,748,749
908,977,978
909,649,650
909,715,716
909,748,749
909,977,978
910,419,420
910,649,650
910,715,716
910,748,749
911,438,439
911,551,552
911,599,600
911,626,627
912,282,283
912,551,552
912,599,600
912,794,795
913,282,283
913,599,600
913,609,610
913,794,795
914,403,404
914,685,686
914,703,704
914,749,750
915,403,404
915,526,527
915,703,704
915,749,750
916,685,686
916,703,704
916,749,750
916,811,812
917,672,673
917,703,704
917,749,750
917,811,812
918,685,686
918,703,704
918,773,774
918,855,856
919,685,686
919,703,704
919,811,812
919,855,856
920,672,673
920,703,704
920,811,812
920,855,856
921,672,673
921,767,768
921,839,840
921,857,858
922,672,673
922,839,840
922,857,858
922,883,884
923,804,805
923,839,840
923,857,858
923,883,884
924,752,753
924,804,805
924,839,840
924,884,885
925,804,805
925,839,840
925,857,858
925,884,885
926,657,658
926,658,659
926,936,937
926,959,960
927,658,659
927,740,741
927,809,810
927,964,965
928,658,659
928,740,741
928,809,810
928,1013,1014
929,658,659
929,664,665
929,740,741
929,1013,1014
930,655,656
930,658,659
930,664,665
930,936,937
931,655,656
931,658,659
931,809,810
931,1013,1014
932,655,656
932,658,659
932,664,665
932,1013,1014
933,472,473
933,713,714
933,789,790
933,928,929
934,423,424
934,472,473
934,789,790
934,928,929
935,713,714
935,789,790
935,928,929
935,936,937
936,423,424
936,472,473
936,689,690
936,789,790
937,402,403
937,423,424
937,689,690
937,789,790
938,402,403
938,423,424
938,671,672
938,789,790
939,639,640
939,713,714
939,928,929
939,936,937
940,639,640
940,713,714
940,910,911
940,950,951
941,536,537
941,570,571
941,586,587
941,696,697
942,458,459
942,508,509
942,536,537
942,570,571
943,455,456
943,458,459
943,508,509
943,570,571
944,455,456
944,458,459
944,555,556
944,570,571
945,458,459
945,536,537
945,570,571
945,659,660
946,458,459
946,555,556
946,570,571
946,659,660
947,524,525
947,536,537
947,570,571
947,696,697
948,524,525
948,536,537
948,570,571
948,659,660
949,524,525
949,570,571
949,659,660
949,696,697
950,570,571
950,659,660
950,691,692
950,696,697
951,555,556
951,570,571
951,659,660
951,691,692
952,257,258
952,555,556
952,570,571
952,691,692
953,257,258
953,455,456
953,555,556
953,570,571
954,475,476
954,542,543
954,735,736
954,757,758
955,542,543
955,562,563
955,735,736
955,757,758
956,475,476
956,542,543
956,562,563
956,757,758
957,435,436
957,542,543
957,696,697
957,735,736
958,435,436
958,542,543
958,562,563
958,735,736
959,435,436
959,542,543
959,562,563
959,696,697
960,475,476
960,510,511
960,542,543
960,735,736
961,510,511
961,542,543
961,720,721
961,735,736
962,524,525
962,542,543
962,696,697
962,735,736
963,524,525
963,542,543
963,586,587
963,696,697
964,475,476
964,510,511
964,542,543
964,640,641
965,510,511
965,542,543
965,640,641
965,720,721
966,524,525
966,542,543
966,720,721
966,735,736
967,524,525
967,542,543
967,586,587
967,720,721
968,397,398
968,476,477
968,544,545
968,567,568
969,55,56
969,299,300
969,366,367
969,414,415
970,55,56
970,279,280
970,366,367
970,414,415
971,55,56
971,222,223
971,279,280
971,414,415
972,253,254
972,299,300
972,324,325
972,414,415
973,296,297
973,299,300
973,366,367
973,414,415
974,257,258
974,409,410
974,504,505
974,525,526
975,291,292
975,409,410
975,448,449
975,525,526
976,257,258
976,291,292
976,409,410
976,525,526
977,257,258
977,504,505
977,525,526
977,691,692
978,236,237
978,504,505
978,525,526
978,691,692
979,236,237
979,248,249
979,504,505
979,525,526
980,257,258
980,525,526
980,570,571
980,691,692
981,257,258
981,291,292
981,455,456
981,525,526
982,257,258
982,455,456
982,525,526
982,570,571
983,475,476
983,503,504
983,509,510
983,607,608
984,503,504
984,509,510
984,581,582
984,681,682
985,475,476
985,503,504
985,509,510
985,581,582
986,475,476
986,509,510
986,562,563
986,581,582
987,475,476
987,509,510
987,542,543
987,607,608
988,475,476
988,509,510
988,542,543
988,562,563
989,488,489
989,537,538
989,762,763
989,959,960
990,537,538
990,671,672
990,762,763
990,959,960
991,488,489
991,537,538
991,753,754
991,762,763
992,537,538
992,671,672
992,753,754
992,762,763
993,488,489
993,716,717
993,753,754
993,762,763
994,671,672
994,716,717
994,753,754
994,762,763
995,488,489
995,731,732
995,762,763
995,959,960
996,488,489
996,664,665
996,731,732
996,762,763
997,664,665
997,731,732
997,762,763
997,959,960
998,658,659
998,762,763
998,936,937
998,959,960
999,658,659
999,664,665
999,762,763
999,936,937
1000,658,659
1000,664,665
1000,762,763
1000,959,960
1001,671,672
1001,762,763
1001,789,790
1001,936,937
1002,488,489
1002,716,717
1002,758,759
1002,762,763
1003,488,489
1003,664,665
1003,758,759
1003,762,763
1004,655,656
1004,664,665
1004,762,763
1004,936,937
1005,634,635
1005,639,640
1005,657,658
1005,936,937
1006,634,635
1006,639,640
1006,657,658
1006,928,929
1007,634,635
1007,639,640
1007,928,929
1007,936,937
1008,634,635
1008,657,658
1008,936,937
1008,959,960
1009,634,635
1009,789,790
1009,928,929
1009,936,937
1010,634,635
1010,671,672
1010,789,790
1010,936,937
1011,634,635
1011,762,763
1011,936,937
1011,959,960
1012,634,635
1012,671,672
1012,762,763
1012,936,937
1013,634,635
1013,671,672
1013,762,763
1013,959,960
1014,462,463
1014,634,635
1014,763,764
1014,928,929
1015,537,538
1015,634,635
1015,671,672
1015,959,960
1016,462,463
1016,537,538
1016,634,635
1016,671,672
1017,423,424
1017,462,463
1017,634,635
1017,928,929
1018,423,424
1018,634,635
1018,789,790
1018,928,929
1019,423,424
1019,462,463
1019,634,635
1019,671,672
1020,423,424
1020,634,635
1020,671,672
1020,789,790
1021,633,634
1021,661,662
1021,695,696
1021,935,936
1022,695,696
1022,769,770
1022,786,787
1022,935,936
1023,633,634
1023,695,696
1023,786,787
1023,935,936
1024,726,727
1024,769,770
1024,786,787
1024,935,936
1025,472,473
1025,552,553
1025,614,615
1025,757,758
1026,434,435
1026,552,553
1026,757,758
1026,868,869
1027,472,473
1027,552,553
1027,757,758
1027,868,869
1028,395,396
1028,566,567
1028,633,634
1028,786,787
1029,395,396
1029,503,504
1029,581,582
1029,681,682
1030,395,396
1030,581,582
1030,633,634
1030,786,787
1031,395,396
1031,498,499
1031,681,682
1031,733,734
1032,395,396
1032,503,504
1032,681,682
1032,733,734
1033,395,396
1033,498,499
1033,733,734
1033,779,780
1034,395,396
1034,475,476
1034,503,504
1034,581,582
1035,395,396
1035,475,476
1035,581,582
1035,786,787
1036,395,396
1036,566,567
1036,633,634
1036,929,930
1037,566,567
1037,633,634
1037,695,696
1037,929,930
1038,633,634
1038,661,662
1038,695,696
1038,929,930
1039,644,645
1039,692,693
1039,818,819
1039,921,922
1040,625,626
1040,692,693
1040,818,819
1040,921,922
1041,625,626
1041,692,693
1041,818,819
1041,960,961
1042,644,645
1042,661,662
1042,692,693
1042,929,930
1043,633,634
1043,661,662
1043,692,693
1043,929,930
1044,644,645
1044,692,693
1044,842,843
1044,921,922
1045,644,645
1045,661,662
1045,692,693
1045,842,843
1046,633,634
1046,661,662
1046,692,693
1046,935,936
1047,633,634
1047,692,693
1047,698,699
1047,935,936
1048,230,231
1048,367,368
1048,408,409
1048,415,416
1049,252,253
1049,265,266
1049,367,368
1049,594,595
1050,636,637
1050,673,674
1050,731,732
1050,788,789
1051,673,674
1051,731,732
1051,788,789
1051,799,800
1052,488,489
1052,664,665
1052,731,732
1052,893,894
1053,664,665
1053,740,741
1053,884,885
1053,893,894
1054,731,732
1054,740,741
1054,799,800
1054,893,894
1055,488,489
1055,664,665
1055,758,759
1055,893,894
1056,731,732
1056,788,789
1056,799,800
1056,893,894
1057,641,642
1057,740,741
1057,799,800
1057,893,894
1058,641,642
1058,740,741
1058,884,885
1058,893,894
1059,641,642
1059,752,753
1059,884,885
1059,893,894
1060,462,463
1060,494,495
1060,734,735
1060,782,783
1061,462,463
1061,734,735
1061,763,764
1061,782,783
1062,494,495
1062,499,500
1062,734,735
1062,782,783
1063,463,464
1063,494,495
1063,499,500
1063,782,783
1064,462,463
1064,537,538
1064,755,756
1064,782,783
1065,462,463
1065,494,495
1065,755,756
1065,782,783
1066,462,463
1066,537,538
1066,634,635
1066,782,783
1067,462,463
1067,634,635
1067,763,764
1067,782,783
1068,463,464
1068,537,538
1068,725,726
1068,782,783
1069,463,464
1069,499,500
1069,725,726
1069,782,783
1070,463,464
1070,537,538
1070,755,756
1070,782,783
1071,463,464
1071,494,495
1071,755,756
1071,782,783
1072,537,538
1072,725,726
1072,782,783
1072,959,960
1073,537,538
1073,634,635
1073,782,783
1073,959,960
1074,423,424
1074,433,434
1074,462,463
1074,928,929
1075,433,434
1075,462,463
1075,763,764
1075,928,929
1076,423,424
1076,433,434
1076,614,615
1076,928,929
1077,433,434
1077,460,461
1077,462,463
1077,520,521
1078,423,424
1078,433,434
1078,460,461
1078,462,463
1079,433,434
1079,462,463
1079,520,521
1079,734,735
1080,433,434
1080,462,463
1080,734,735
1080,763,764
1081,433,434
1081,509,510
1081,520,521
1081,681,682
1082,433,434
1082,460,461
1082,509,510
1082,520,521
1083,423,424
1083,433,434
1083,562,563
1083,614,615
1084,433,434
1084,520,521
1084,681,682
1084,734,735
1085,433,434
1085,509,510
1085,581,582
1085,681,682
1086,423,424
1086,433,434
1086,460,461
1086,562,563
1087,433,434
1087,460,461
1087,509,510
1087,562,563
1088,433,434
1088,562,563
1088,581,582
1088,614,615
1089,433,434
1089,509,510
1089,562,563
1089,581,582
1090,239,240
1090,298,299
1090,336,337
1090,594,595
1091,212,213
1091,239,240
1091,298,299
1091,336,337
1092,239,240
1092,285,286
1092,298,299
1092,373,374
1093,468,469
1093,571,572
1093,705,706
1093,725,726
1094,344,345
1094,439,440
1094,499,500
1094,705,706
1095,571,572
1095,705,706
1095,725,726
1095,783,784
1096,667,668
1096,725,726
1096,782,783
1096,959,960
1097,634,635
1097,657,658
1097,667,668
1097,959,960
1098,634,635
1098,667,668
1098,782,783
1098,959,960
1099,499,500
1099,667,668
1099,725,726
1099,782,783
1100,634,635
1100,657,658
1100,667,668
1100,763,764
1101,634,635
1101,667,668
1101,763,764
1101,782,783
1102,499,500
1102,667,668
1102,705,706
1102,725,726
1103,667,668
1103,705,706
1103,725,726
1103,783,784
1104,439,440
1104,499,500
1104,667,668
1104,705,706
1105,439,440
1105,667,668
1105,705,706
1105,783,784
1106,667,668
1106,722,723
1106,734,735
1106,763,764
1107,499,500
1107,667,668
1107,734,735
1107,782,783
1108,667,668
1108,734,735
1108,763,764
1108,782,783
1109,1252,1253
1109,1440,1441
1109,1512,1513
1109,1663,1664
1110,1420,1421
1110,1440,1441
1110,1538,1539
1110,1663,1664
1111,1252,1253
1111,1440,1441
1111,1512,1513
1111,1533,1534
1112,1252,1253
1112,1440,1441
1112,1533,1534
1112,1587,1588
1113,1420,1421
1113,1440,1441
1113,1538,1539
1113,1679,1680
1114,806,807
1114,879,880
1114,946,947
1114,1131,1132
1115,806,807
1115,827,828
1115,946,947
1115,1131,1132
1116,796,797
1116,806,807
1116,879,880
1116,946,947
1117,1211,1212
1117,1233,1234
1117,1274,1275
1117,1542,1543
1118,1216,1217
1118,1415,1416
1118,1581,1582
1118,1600,1601
1119,1415,1416
1119,1441,1442
1119,1480,1481
1119,1581,1582
1120,1062,1063
1120,1094,1095
1120,1139,1140
1120,1201,1202
1121,1094,1095
1121,1139,1140
1121,1156,1157
1121,1201,1202
1122,1058,1059
1122,1097,1098
1122,1156,1157
1122,1201,1202
1123,654,655
1123,845,846
1123,904,905
1123,977,978
1124,845,846
1124,904,905
1124,943,944
1124,1036,1037
1125,654,655
1125,685,686
1125,845,846
1125,925,926
1126,685,686
1126,811,812
1126,855,856
1126,925,926
1127,685,686
1127,845,846
1127,855,856
1127,925,926
1128,811,812
1128,855,856
1128,857,858
1128,925,926
1129,742,743
1129,855,856
1129,857,858
1129,925,926
1130,623,624
1130,811,812
1130,857,858
1130,925,926
1131,623,624
1131,742,743
1131,857,858
1131,925,926
1132,974,975
1132,1086,1087
1132,1186,1187
1132,1258,1259
1133,846,847
1133,974,975
1133,997,998
1133,1086,1087
1134,1108,1109
1134,1116,1117
1134,1232,1233
1134,1360,1361
1135,1094,1095
1135,1116,1117
1135,1288,1289
1135,1360,1361
1136,1116,1117
1136,1232,1233
1136,1288,1289
1136,1360,1361
1137,1004,1005
1137,1094,1095
1137,1108,1109
1137,1360,1361
1138,1004,1005
1138,1094,1095
1138,1116,1117
1138,1360,1361
1139,1004,1005
1139,1108,1109
1139,1116,1117
1139,1360,1361
1140,1232,1233
1140,1288,1289
1140,1307,1308
1140,1360,1361
1141,1288,1289
1141,1307,1308
1141,1311,1312
1141,1360,1361
1142,1094,1095
1142,1288,1289
1142,1311,1312
1142,1360,1361
1143,1051,1052
1143,1307,1308
1143,1311,1312
1143,1360,1361
1144,1232,1233
1144,1296,1297
1144,1307,1308
1144,1360,1361
1145,1296,1297
1145,1307,1308
1145,1360,1361
1145,1577,1578
1146,1051,1052
1146,1144,1145
1146,1270,1271
1146,1577,1578
1147,1051,1052
1147,1144,1145
1147,1195,1196
1147,1270,1271
1148,1051,1052
1148,1144,1145
1148,1307,1308
1148,1577,1578
1149,1051,1052
1149,1144,1145
1149,1307,1308
1149,1360,1361
1150,1144,1145
1150,1307,1308
1150,1360,1361
1150,1577,1578
1151,1144,1145
1151,1232,1233
1151,1296,1297
1151,1360,1361
1152,1144,1145
1152,1296,1297
1152,1360,1361
1152,1577,1578
1153,1078,1079
1153,1085,1086
1153,1108,1109
1153,1192,1193
1154,1072,1073
1154,1078,1079
1154,1085,1086
1154,1192,1193
1155,1058,1059
1155,1072,1073
1155,1078,1079
1155,1085,1086
1156,1058,1059
1156,1072,1073
1156,1085,1086
1156,1132,1133
1157,1004,1005
1157,1085,1086
1157,1108,1109
1157,1156,1157
1158,1078,1079
1158,1085,1086
1158,1108,1109
1158,1156,1157
1159,922,923
1159,1004,1005
1159,1085,1086
1159,1156,1157
1160,922,923
1160,1058,1059
1160,1085,1086
1160,1156,1157
1161,1058,1059
1161,1078,1079
1161,1085,1086
1161,1156,1157
1162,1052,1053
1162,1058,1059
1162,1078,1079
1162,1084,1085
1163,1052,1053
1163,1078,1079
1163,1084,1085
1163,1308,1309
1164,1052,1053
1164,1058,1059
1164,1078,1079
1164,1156,1157
1165,47,48
1165,57,58
1165,213,214
1165,389,390
1166,57,58
1166,99,100
1166,189,190
1166,213,214
1167,57,58
1167,189,190
1167,213,214
1167,389,390
1168,554,555
1168,635,636
1168,768,769
1168,844,845
1169,436,437
1169,554,555
1169,635,636
1169,844,845
1170,477,478
1170,554,555
1170,635,636
1170,768,769
1171,477,478
1171,495,496
1171,554,555
1171,651,652
1172,477,478
1172,495,496
1172,554,555
1172,635,636
1173,495,496
1173,554,555
1173,584,585
1173,651,652
1174,495,496
1174,554,555
1174,584,585
1174,635,636
1175,436,437
1175,554,555
1175,584,585
1175,635,636
1176,436,437
1176,584,585
1176,635,636
1176,674,675
1177,495,496
1177,584,585
1177,608,609
1177,635,636
1178,501,502
1178,584,585
1178,674,675
1178,720,721
1179,501,502
1179,584,585
1179,608,609
1179,720,721
1180,501,502
1180,584,585
1180,635,636
1180,674,675
1181,501,502
1181,584,585
1181,608,609
1181,635,636
1182,674,675
1182,750,751
1182,898,899
1182,901,902
1183,436,437
1183,674,675
1183,750,751
1183,898,899
1184,436,437
1184,554,555
1184,844,845
1184,898,899
1185,436,437
1185,732,733
1185,750,751
1185,898,899
1186,95,96
1186,255,256
1186,287,288
1186,290,291
1187,95,96
1187,254,255
1187,255,256
1187,287,288
1188,95,96
1188,254,255
1188,287,288
1188,290,291
1189,194,195
1189,206,207
1189,254,255
1189,287,288
1190,209,210
1190,268,269
1190,287,288
1190,343,344
1191,441,442
1191,589,590
1191,726,727
1191,769,770
1192,589,590
1192,640,641
1192,699,700
1192,726,727
1193,441,442
1193,589,590
1193,640,641
1193,726,727
1194,201,202
1194,310,311
1194,354,355
1194,366,367
1195,201,202
1195,279,280
1195,310,311
1195,366,367
1196,179,180
1196,201,202
1196,279,280
1196,310,311
1197,194,195
1197,201,202
1197,314,315
1197,354,355
1198,201,202
1198,314,315
1198,354,355
1198,366,367
1199,211,212
1199,335,336
1199,365,366
1199,372,373
1200,207,208
1200,234,235
1200,321,322
1200,359,360
1201,207,208
1201,214,215
1201,234,235
1201,359,360
1202,207,208
1202,222,223
1202,321,322
1202,359,360
1203,180,181
1203,207,208
1203,222,223
1203,279,280
1204,180,181
1204,207,208
1204,222,223
1204,321,322
1205,60,61
1205,179,180
1205,207,208
1205,279,280
1206,60,61
1206,180,181
1206,207,208
1206,279,280
1207,107,108
1207,180,181
1207,207,208
1207,321,322
1208,60,61
1208,107,108
1208,180,181
1208,207,208
1209,80,81
1209,207,208
1209,214,215
1209,234,235
1210,80,81
1210,207,208
1210,234,235
1210,321,322
1211,80,81
1211,107,108
1211,207,208
1211,321,322
1212,80,81
1212,115,116
1212,234,235
1212,321,322
1213,313,314
1213,369,370
1213,484,485
1213,513,514
1214,313,314
1214,368,369
1214,369,370
1214,484,485
1215,484,485
1215,554,555
1215,584,585
1215,651,652
1216,436,437
1216,484,485
1216,554,555
1216,732,733
1217,436,437
1217,484,485
1217,584,585
1217,732,733
1218,436,437
1218,484,485
1218,554,555
1218,584,585
1219,209,210
1219,368,369
1219,427,428
1219,493,494
1220,209,210
1220,313,314
1220,368,369
1220,427,428
1221,209,210
1221,313,314
1221,343,344
1221,427,428
1222,313,314
1222,368,369
1222,427,428
1222,484,485
1223,60,61
1223,107,108
1223,191,192
1223,207,208
1224,60,61
1224,179,180
1224,191,192
1224,207,208
1225,76,77
1225,179,180
1225,191,192
1225,207,208
1226,32,33
1226,124,125
1226,135,136
1226,191,192
1227,52,53
1227,95,96
1227,106,107
1227,323,324
1228,52,53
1228,95,96
1228,106,107
1228,290,291
1229,91,92
1229,95,96
1229,106,107
1229,323,324
1230,34,35
1230,106,107
1230,182,183
1230,323,324
1231,34,35
1231,91,92
1231,106,107
1231,323,324
1232,60,61
1232,106,107
1232,179,180
1232,310,311
1233,31,32
1233,91,92
1233,106,107
1233,310,311
1234,31,32
1234,34,35
1234,91,92
1234,106,107
1235,106,107
1235,179,180
1235,201,202
1235,310,311
1236,106,107
1236,179,180
1236,201,202
1236,290,291
1237,38,39
1237,103,104
1237,135,136
1237,160,161
1238,38,39
1238,103,104
1238,135,136
1238,182,183
1239,38,39
1239,103,104
1239,182,183
1239,323,324
1240,38,39
1240,79,80
1240,103,104
1240,160,161
1241,38,39
1241,79,80
1241,97,98
1241,160,161
1242,38,39
1242,97,98
1242,160,161
1242,189,190
1243,38,39
1243,52,53
1243,97,98
1243,189,190
1244,38,39
1244,52,53
1244,97,98
1244,323,324
1245,38,39
1245,52,53
1245,189,190
1245,389,390
1246,38,39
1246,52,53
1246,106,107
1246,323,324
1247,38,39
1247,106,107
1247,182,183
1247,323,324
1248,38,39
1248,79,80
1248,103,104
1248,323,324
1249,38,39
1249,79,80
1249,97,98
1249,323,324
1250,937,938
1250,969,970
1250,978,979
1250,1023,1024
1251,937,938
1251,978,979
1251,1023,1024
1251,1076,1077
1252,1195,1196
1252,1280,1281
1252,1308,1309
1252,1358,1359
1253,1083,1084
1253,1195,1196
1253,1308,1309
1253,1358,1359
1254,1083,1084
1254,1195,1196
1254,1270,1271
1254,1358,1359
1255,1051,1052
1255,1195,1196
1255,1280,1281
1255,1358,1359
1256,1051,1052
1256,1195,1196
1256,1270,1271
1256,1358,1359
1257,1051,1052
1257,1228,1229
1257,1270,1271
1257,1358,1359
1258,1228,1229
1258,1265,1266
1258,1358,1359
1258,1489,1490
1259,1228,1229
1259,1270,1271
1259,1358,1359
1259,1489,1490
1260,1245,1246
1260,1310,1311
1260,1337,1338
1260,1387,1388
1261,1245,1246
1261,1310,1311
1261,1327,1328
1261,1520,1521
1262,629,630
1262,744,745
1262,911,912
1262,966,967
1263,629,630
1263,751,752
1263,911,912
1263,966,967
1264,629,630
1264,748,749
1264,751,752
1264,911,912
1265,629,630
1265,744,745
1265,869,870
1265,911,912
1266,629,630
1266,771,772
1266,869,870
1266,911,912
1267,457,458
1267,629,630
1267,748,749
1267,771,772
1268,629,630
1268,748,749
1268,771,772
1268,911,912
1269,457,458
1269,629,630
1269,670,671
1269,748,749
1270,629,630
1270,670,671
1270,748,749
1270,751,752
1271,457,458
1271,629,630
1271,746,747
1271,771,772
1272,629,630
1272,746,747
1272,771,772
1272,869,870
1273,942,943
1273,948,949
1273,1018,1019
1273,1149,1150
1274,863,864
1274,942,943
1274,948,949
1274,1149,1150
1275,863,864
1275,942,943
1275,948,949
1275,966,967
1276,682,683
1276,942,943
1276,948,949
1276,966,967
1277,682,683
1277,863,864
1277,942,943
1277,966,967
1278,682,683
1278,863,864
1278,904,905
1278,942,943
1279,1019,1020
1279,1152,1153
1279,1246,1247
1279,1327,1328
1280,1246,1247
1280,1387,1388
1280,1520,1521
1280,1596,1597
1281,1019,1020
1281,1246,1247
1281,1327,1328
1281,1520,1521
1282,1246,1247
1282,1310,1311
1282,1327,1328
1282,1520,1521
1283,1245,1246
1283,1246,1247
1283,1387,1388
1283,1520,1521
1284,1245,1246
1284,1246,1247
1284,1310,1311
1284,1520,1521
1285,1245,1246
1285,1246,1247
1285,1310,1311
1285,1387,1388
1286,413,414
1286,419,420
1286,527,528
1286,551,552
1287,419,420
1287,527,528
1287,551,552
1287,794,795
1288,446,447
1288,527,528
1288,551,552
1288,690,691
1289,413,414
1289,527,528
1289,551,552
1289,690,691
1290,282,283
1290,446,447
1290,522,523
1290,527,528
1291,282,283
1291,522,523
1291,527,528
1291,794,795
1292,419,420
1292,527,528
1292,603,604
1292,794,795
1293,522,523
1293,527,528
1293,603,604
1293,794,795
1294,447,448
1294,522,523
1294,527,528
1294,707,708
1295,447,448
1295,522,523
1295,527,528
1295,603,604
1296,282,283
1296,446,447
1296,527,528
1296,551,552
1297,282,283
1297,527,528
1297,551,552
1297,794,795
1298,419,420
1298,447,448
1298,527,528
1298,649,650
1299,413,414
1299,447,448
1299,527,528
1299,649,650
1300,413,414
1300,419,420
1300,527,528
1300,649,650
1301,419,420
1301,447,448
1301,527,528
1301,715,716
1302,447,448
1302,527,528
1302,603,604
1302,715,716
1303,419,420
1303,527,528
1303,603,604
1303,715,716
1304,257,258
1304,404,405
1304,432,433
1304,555,556
1305,432,433
1305,522,523
1305,548,549
1305,592,593
1306,432,433
1306,555,556
1306,707,708
1306,718,719
1307,257,258
1307,432,433
1307,555,556
1307,718,719
1308,404,405
1308,432,433
1308,523,524
1308,548,549
1309,432,433
1309,523,524
1309,548,549
1309,592,593
1310,200,201
1310,282,283
1310,417,418
1310,609,610
1311,200,201
1311,311,312
1311,417,418
1311,609,610
1312,200,201
1312,282,283
1312,417,418
1312,548,549
1313,200,201
1313,282,283
1313,522,523
1313,548,549
1314,200,201
1314,522,523
1314,548,549
1314,592,593
1315,371,372
1315,547,548
1315,777,778
1315,794,795
1316,371,372
1316,547,548
1316,599,600
1316,794,795
1317,371,372
1317,599,600
1317,609,610
1317,794,795
1318,282,283
1318,371,372
1318,609,610
1318,794,795
1319,200,201
1319,282,283
1319,371,372
1319,609,610
1320,200,201
1320,282,283
1320,371,372
1320,794,795
1321,685,686
1321,773,774
1321,787,788
1321,845,846
1322,654,655
1322,715,716
1322,787,788
1322,977,978
1323,419,420
1323,715,716
1323,787,788
1323,977,978
1324,419,420
1324,652,653
1324,787,788
1324,977,978
1325,654,655
1325,787,788
1325,845,846
1325,977,978
1326,654,655
1326,685,686
1326,787,788
1326,845,846
1327,1398,1399
1327,1504,1505
1327,1558,1559
1327,1615,1616
1328,262,263
1328,422,423
1328,535,536
1328,590,591
1329,262,263
1329,422,423
1329,590,591
1329,593,594
1330,360,361
1330,422,423
1330,590,591
1330,593,594
1331,199,200
1331,360,361
1331,422,423
1331,593,594
1332,25,26
1332,199,200
1332,360,361
1332,422,423
1333,25,26
1333,199,200
1333,372,373
1333,422,423
1334,25,26
1334,37,38
1334,210,211
1334,360,361
1335,25,26
1335,210,211
1335,360,361
1335,422,423
1336,210,211
1336,360,361
1336,422,423
1336,590,591
1337,42,43
1337,98,99
1337,118,119
1337,123,124
1338,42,43
1338,98,99
1338,118,119
1338,210,211
1339,37,38
1339,42,43
1339,118,119
1339,210,211
1340,9,10
1340,22,23
1340,88,89
1340,140,141
1341,9,10
1341,22,23
1341,49,50
1341,88,89
1342,9,10
1342,22,23
1342,49,50
1342,288,289
1343,8,9
1343,156,157
1343,242,243
1343,258,259
1344,8,9
1344,146,147
1344,242,243
1344,258,259
1345,54,55
1345,146,147
1345,242,243
1345,258,259
1346,88,89
1346,156,157
1346,242,243
1346,258,259
1347,22,23
1347,88,89
1347,156,157
1347,242,243
1348,22,23
1348,88,89
1348,242,243
1348,258,259
1349,140,141
1349,151,152
1349,156,157
1349,242,243
1350,22,23
1350,140,141
1350,156,157
1350,242,243
1351,22,23
1351,140,141
1351,151,152
1351,242,243
1352,197,198
1352,309,310
1352,424,425
1352,531,532
1353,197,198
1353,309,310
1353,327,328
1353,424,425
1354,197,198
1354,424,425
1354,452,453
1354,531,532
1355,197,198
1355,327,328
1355,424,425
1355,452,453
1356,197,198
1356,438,439
1356,452,453
1356,531,532
1357,197,198
1357,438,439
1357,452,453
1357,453,454
1358,197,198
1358,327,328
1358,452,453
1358,453,454
1359,197,198
1359,260,261
1359,438,439
1359,453,454
1360,197,198
1360,260,261
1360,327,328
1360,453,454
1361,197,198
1361,309,310
1361,327,328
1361,601,602
1362,197,198
1362,309,310
1362,374,375
1362,601,602
1363,197,198
1363,327,328
1363,449,450
1363,601,602
1364,197,198
1364,260,261
1364,327,328
1364,449,450
1365,37,38
1365,165,166
1365,221,222
1365,317,318
1366,37,38
1366,221,222
1366,317,318
1366,379,380
1367,53,54
1367,267,268
1367,317,318
1367,379,380
1368,37,38
1368,53,54
1368,317,318
1368,379,380
1369,53,54
1369,146,147
1369,267,268
1369,317,318
1370,53,54
1370,146,147
1370,228,229
1370,317,318
1371,221,222
1371,317,318
1371,379,380
1371,431,432
1372,267,268
1372,317,318
1372,379,380
1372,431,432
1373,10,11
1373,53,54
1373,174,175
1373,228,229
1374,10,11
1374,147,148
1374,174,175
1374,228,229
1375,112,113
1375,147,148
1375,174,175
1375,228,229
1376,37,38
1376,42,43
1376,118,119
1376,174,175
1377,37,38
1377,53,54
1377,174,175
1377,317,318
1378,53,54
1378,174,175
1378,228,229
1378,317,318
1379,37,38
1379,112,113
1379,165,166
1379,174,175
1380,112,113
1380,165,166
1380,174,175
1380,228,229
1381,37,38
1381,53,54
1381,174,175
1381,185,186
1382,61,62
1382,112,113
1382,147,148
1382,174,175
1383,42,43
1383,61,62
1383,112,113
1383,174,175
1384,42,43
1384,61,62
1384,147,148
1384,174,175
1385,37,38
1385,165,166
1385,174,175
1385,317,318
1386,165,166
1386,174,175
1386,228,229
1386,317,318
1387,1567,1568
1387,1580,1581
1387,1686,1687
1387,1764,1765
1388,1473,1474
1388,1510,1511
1388,1544,1545
1388,1567,1568
1389,13,14
1389,30,31
1389,80,81
1389,124,125
1390,13,14
1390,80,81
1390,107,108
1390,124,125
1391,13,14
1391,30,31
1391,80,81
1391,183,184
1392,13,14
1392,80,81
1392,107,108
1392,321,322
1393,13,14
1393,80,81
1393,115,116
1393,321,322
1394,13,14
1394,80,81
1394,115,116
1394,183,184
1395,392,393
1395,507,508
1395,648,649
1395,781,782
1396,392,393
1396,648,649
1396,708,709
1396,781,782
1397,392,393
1397,619,620
1397,648,649
1397,708,709
1398,392,393
1398,619,620
1398,708,709
1398,768,769
1399,316,317
1399,374,375
1399,426,427
1399,601,602
1400,197,198
1400,374,375
1400,426,427
1400,601,602
1401,260,261
1401,426,427
1401,445,446
1401,449,450
1402,197,198
1402,426,427
1402,449,450
1402,601,602
1403,197,198
1403,260,261
1403,426,427
1403,449,450
1404,244,245
1404,426,427
1404,449,450
1404,601,602
1405,244,245
1405,358,359
1405,449,450
1405,556,557
1406,358,359
1406,449,450
1406,518,519
1406,556,557
1407,244,245
1407,426,427
1407,449,450
1407,556,557
1408,445,446
1408,449,450
1408,518,519
1408,556,557
1409,426,427
1409,445,446
1409,449,450
1409,556,557
1410,445,446
1410,507,508
1410,518,519
1410,556,557
1411,400,401
1411,445,446
1411,507,508
1411,556,557
1412,400,401
1412,507,508
1412,518,519
1412,556,557
1413,429,430
1413,708,709
1413,712,713
1413,781,782
1414,429,430
1414,712,713
1414,781,782
1414,795,796
1415,392,393
1415,708,709
1415,712,713
1415,781,782
1416,507,508
1416,712,713
1416,781,782
1416,795,796
1417,429,430
1417,518,519
1417,712,713
1417,795,796
1418,392,393
1418,507,508
1418,712,713
1418,781,782
1419,392,393
1419,400,401
1419,507,508
1419,712,713
1420,392,393
1420,400,401
1420,477,478
1420,712,713
1421,429,430
1421,466,467
1421,708,709
1421,712,713
1422,429,430
1422,466,467
1422,558,559
1422,712,713
1423,429,430
1423,518,519
1423,558,559
1423,712,713
1424,507,508
1424,518,519
1424,712,713
1424,795,796
1425,400,401
1425,507,508
1425,518,519
1425,712,713
1426,392,393
1426,708,709
1426,712,713
1426,768,769
1427,392,393
1427,477,478
1427,712,713
1427,768,769
1428,466,467
1428,495,496
1428,558,559
1428,712,713
1429,635,636
1429,708,709
1429,712,713
1429,768,769
1430,477,478
1430,635,636
1430,712,713
1430,768,769
1431,477,478
1431,495,496
1431,635,636
1431,712,713
1432,466,467
1432,495,496
1432,635,636
1432,712,713
1433,248,249
1433,356,357
1433,504,505
1433,610,611
1434,238,239
1434,356,357
1434,504,505
1434,610,611
1435,238,239
1435,356,357
1435,409,410
1435,504,505
1436,356,357
1436,409,410
1436,504,505
1436,525,526
1437,248,249
1437,356,357
1437,504,505
1437,525,526
1438,356,357
1438,409,410
1438,448,449
1438,525,526
1439,248,249
1439,356,357
1439,448,449
1439,525,526
1440,328,329
1440,356,357
1440,409,410
1440,448,449
1441,342,343
1441,356,357
1441,373,374
1441,541,542
1442,248,249
1442,342,343
1442,356,357
1442,541,542
1443,248,249
1443,342,343
1443,356,357
1443,448,449
1444,238,239
1444,425,426
1444,504,505
1444,610,611
1445,425,426
1445,504,505
1445,591,592
1445,610,611
1446,425,426
1446,514,515
1446,591,592
1446,610,611
1447,425,426
1447,440,441
1447,514,515
1447,591,592
1448,425,426
1448,440,441
1448,479,480
1448,514,515
1449,425,426
1449,479,480
1449,514,515
1449,587,588
1450,425,426
1450,440,441
1450,479,480
1450,550,551
1451,425,426
1451,479,480
1451,550,551
1451,587,588
1452,465,466
1452,638,639
1452,680,681
1452,701,702
1453,465,466
1453,528,529
1453,680,681
1453,701,702
1454,528,529
1454,605,606
1454,680,681
1454,701,702
1455,479,480
1455,605,606
1455,680,681
1455,701,702
1456,289,290
1456,479,480
1456,605,606
1456,701,702
1457,421,422
1457,465,466
1457,756,757
1457,784,785
1458,421,422
1458,465,466
1458,638,639
1458,756,757
1459,421,422
1459,717,718
1459,756,757
1459,784,785
1460,421,422
1460,488,489
1460,756,757
1460,758,759
1461,488,489
1461,756,757
1461,758,759
1461,893,894
1462,623,624
1462,717,718
1462,756,757
1462,758,759
1463,463,464
1463,483,484
1463,516,517
1463,725,726
1464,464,465
1464,468,469
1464,516,517
1464,725,726
1465,464,465
1465,483,484
1465,516,517
1465,725,726
1466,468,469
1466,516,517
1466,705,706
1466,725,726
1467,252,253
1467,265,266
1467,344,345
1467,516,517
1468,265,266
1468,344,345
1468,463,464
1468,516,517
1469,463,464
1469,499,500
1469,516,517
1469,725,726
1470,344,345
1470,463,464
1470,499,500
1470,516,517
1471,499,500
1471,516,517
1471,705,706
1471,725,726
1472,344,345
1472,499,500
1472,516,517
1472,705,706
1473,283,284
1473,322,323
1473,394,395
1473,568,569
1474,322,323
1474,383,384
1474,394,395
1474,568,569
1475,239,240
1475,322,323
1475,383,384
1475,557,558
1476,243,244
1476,305,306
1476,322,323
1476,557,558
1477,243,244
1477,253,254
1477,305,306
1477,322,323
1478,305,306
1478,322,323
1478,336,337
1478,557,558
1479,239,240
1479,322,323
1479,336,337
1479,557,558
1480,253,254
1480,305,306
1480,322,323
1480,336,337
1481,239,240
1481,253,254
1481,322,323
1481,336,337
1482,694,695
1482,846,847
1482,886,887
1482,958,959
1483,641,642
1483,694,695
1483,740,741
1483,971,972
1484,694,695
1484,740,741
1484,886,887
1484,971,972
1485,694,695
1485,846,847
1485,958,959
1485,1086,1087
1486,694,695
1486,846,847
1486,967,968
1486,1086,1087
1487,694,695
1487,846,847
1487,967,968
1487,1188,1189
1488,641,642
1488,694,695
1488,884,885
1488,1188,1189
1489,694,695
1489,846,847
1489,884,885
1489,1188,1189
1490,641,642
1490,694,695
1490,740,741
1490,884,885
1491,694,695
1491,846,847
1491,886,887
1491,1013,1014
1492,694,695
1492,740,741
1492,886,887
1492,1013,1014
1493,694,695
1493,846,847
1493,884,885
1493,1013,1014
1494,694,695
1494,740,741
1494,884,885
1494,1013,1014
1495,1345,1346
1495,1359,1360
1495,1366,1367
1495,1611,1612
1496,1231,1232
1496,1359,1360
1496,1366,1367
1496,1611,1612
1497,1197,1198
1497,1248,1249
1497,1500,1501
1497,1602,1603
1498,1197,1198
1498,1248,1249
1498,1345,1346
1498,1366,1367
1499,1248,1249
1499,1366,1367
1499,1582,1583
1499,1602,1603
1500,1248,1249
1500,1297,1298
1500,1366,1367
1500,1582,1583
1501,1248,1249
1501,1411,1412
1501,1582,1583
1501,1602,1603
1502,1248,1249
1502,1297,1298
1502,1411,1412
1502,1582,1583
1503,1248,1249
1503,1297,1298
1503,1359,1360
1503,1366,1367
1504,1248,1249
1504,1345,1346
1504,1359,1360
1504,1366,1367
1505,1325,1326
1505,1369,1370
1505,1539,1540
1505,1607,1608
1506,1645,1646
1506,1677,1678
1506,1714,1715
1506,1771,1772
1507,1621,1622
1507,1645,1646
1507,1677,1678
1507,1774,1775
1508,1645,1646
1508,1677,1678
1508,1763,1764
1508,1771,1772
1509,1645,1646
1509,1763,1764
1509,1771,1772
1509,1849,1850
1510,1645,1646
1510,1763,1764
1510,1834,1835
1510,1849,1850
1511,1447,1448
1511,1565,1566
1511,1721,1722
1511,1834,1835
1512,14,15
1512,104,105
1512,130,131
1512,329,330
1513,48,49
1513,104,105
1513,130,131
1513,329,330
1514,111,112
1514,180,181
1514,222,223
1514,321,322
1515,55,56
1515,111,112
1515,180,181
1515,222,223
1516,111,112
1516,222,223
1516,324,325
1516,414,415
1517,55,56
1517,111,112
1517,222,223
1517,414,415
1518,111,112
1518,299,300
1518,308,309
1518,324,325
1519,111,112
1519,299,300
1519,324,325
1519,414,415
1520,55,56
1520,111,112
1520,299,300
1520,414,415
1521,194,195
1521,206,207
1521,254,255
1521,418,419
1522,194,195
1522,231,232
1522,354,355
1522,418,419
1523,195,196
1523,318,319
1523,354,355
1523,418,419
1524,398,399
1524,604,605
1524,607,608
1524,693,694
1525,503,504
1525,604,605
1525,607,608
1525,693,694
1526,475,476
1526,503,504
1526,607,608
1526,693,694
1527,209,210
1527,294,295
1527,450,451
1527,493,494
1528,194,195
1528,314,315
1528,398,399
1528,450,451
1529,194,195
1529,201,202
1529,314,315
1529,450,451
1530,194,195
1530,201,202
1530,290,291
1530,450,451
1531,194,195
1531,254,255
1531,290,291
1531,450,451
1532,254,255
1532,287,288
1532,290,291
1532,450,451
1533,194,195
1533,254,255
1533,287,288
1533,450,451
1534,194,195
1534,206,207
1534,287,288
1534,450,451
1535,231,232
1535,296,297
1535,354,355
1535,538,539
1536,296,297
1536,354,355
1536,366,367
1536,538,539
1537,231,232
1537,314,315
1537,354,355
1537,538,539
1538,314,315
1538,354,355
1538,366,367
1538,538,539
1539,296,297
1539,366,367
1539,414,415
1539,538,539
1540,850,851
1540,872,873
1540,907,908
1540,947,948
1541,842,843
1541,907,908
1541,921,922
1541,947,948
1542,775,776
1542,907,908
1542,921,922
1542,947,948
1543,692,693
1543,842,843
1543,907,908
1543,921,922
1544,625,626
1544,665,666
1544,907,908
1544,921,922
1545,657,658
1545,658,659
1545,772,773
1545,936,937
1546,639,640
1546,657,658
1546,772,773
1546,936,937
1547,655,656
1547,658,659
1547,772,773
1547,809,810
1548,655,656
1548,658,659
1548,772,773
1548,936,937
1549,809,810
1549,862,863
1549,886,887
1549,964,965
1550,816,817
1550,862,863
1550,886,887
1550,964,965
1551,846,847
1551,862,863
1551,886,887
1551,997,998
1552,862,863
1552,886,887
1552,958,959
1552,997,998
1553,816,817
1553,862,863
1553,886,887
1553,958,959
1554,665,666
1554,875,876
1554,887,888
1554,910,911
1555,625,626
1555,665,666
1555,887,888
1555,921,922
1556,665,666
1556,887,888
1556,907,908
1556,921,922
1557,82,83
1557,101,102
1557,136,137
1557,292,293
1558,31,32
1558,101,102
1558,136,137
1558,292,293
1559,31,32
1559,34,35
1559,101,102
1559,136,137
1560,58,59
1560,82,83
1560,101,102
1560,280,281
1561,82,83
1561,101,102
1561,120,121
1561,136,137
1562,58,59
1562,82,83
1562,101,102
1562,120,121
1563,34,35
1563,101,102
1563,120,121
1563,136,137
1564,34,35
1564,58,59
1564,101,102
1564,120,121
1565,34,35
1565,58,59
1565,101,102
1565,182,183
1566,60,61
1566,101,102
1566,106,107
1566,310,311
1567,31,32
1567,101,102
1567,106,107
1567,310,311
1568,34,35
1568,101,102
1568,106,107
1568,182,183
1569,31,32
1569,34,35
1569,101,102
1569,106,107
1570,60,61
1570,101,102
1570,182,183
1570,280,281
1571,60,61
1571,101,102
1571,106,107
1571,182,183
1572,138,139
1572,163,164
1572,299,300
1572,386,387
1573,55,56
1573,138,139
1573,163,164
1573,299,300
1574,163,164
1574,296,297
1574,299,300
1574,386,387
1575,55,56
1575,163,164
1575,299,300
1575,366,367
1576,163,164
1576,296,297
1576,299,300
1576,366,367
1577,163,164
1577,296,297
1577,318,319
1577,386,387
1578,138,139
1578,163,164
1578,318,319
1578,386,387
1579,55,56
1579,163,164
1579,310,311
1579,366,367
1580,163,164
1580,310,311
1580,354,355
1580,366,367
1581,163,164
1581,296,297
1581,354,355
1581,366,367
1582,163,164
1582,296,297
1582,318,319
1582,354,355
1583,138,139
1583,163,164
1583,195,196
1583,318,319
1584,163,164
1584,195,196
1584,310,311
1584,354,355
1585,163,164
1585,195,196
1585,318,319
1585,354,355
1586,31,32
1586,138,139
1586,163,164
1586,195,196
1587,133,134
1587,261,262
1587,299,300
1587,308,309
1588,133,134
1588,138,139
1588,261,262
1588,299,300
1589,55,56
1589,138,139
1589,261,262
1589,299,300
1590,55,56
1590,111,112
1590,261,262
1590,299,300
1591,111,112
1591,261,262
1591,299,300
1591,308,309
1592,87,88
1592,129,130
1592,133,134
1592,261,262
1593,129,130
1593,133,134
1593,261,262
1593,308,309
1594,58,59
1594,82,83
1594,109,110
1594,280,281
1595,13,14
1595,107,108
1595,109,110
1595,124,125
1596,107,108
1596,109,110
1596,124,125
1596,191,192
1597,60,61
1597,107,108
1597,109,110
1597,280,281
1598,60,61
1598,107,108
1598,109,110
1598,191,192
1599,109,110
1599,124,125
1599,135,136
1599,191,192
1600,58,59
1600,101,102
1600,109,110
1600,182,183
1601,58,59
1601,101,102
1601,109,110
1601,280,281
1602,101,102
1602,109,110
1602,182,183
1602,280,281
1603,58,59
1603,109,110
1603,135,136
1603,182,183
1604,109,110
1604,135,136
1604,182,183
1604,191,192
1605,60,61
1605,109,110
1605,182,183
1605,280,281
1606,60,61
1606,109,110
1606,182,183
1606,191,192
1607,6,7
1607,64,65
1607,177,178
1607,330,331
1608,41,42
1608,64,65
1608,125,126
1608,177,178
1609,41,42
1609,64,65
1609,177,178
1609,330,331
1610,129,130
1610,188,189
1610,193,194
1610,212,213
1611,193,194
1611,212,213
1611,298,299
1611,336,337
1612,129,130
1612,193,194
1612,212,213
1612,305,306
1613,193,194
1613,212,213
1613,305,306
1613,336,337
1614,283,284
1614,322,323
1614,381,382
1614,568,569
1615,296,297
1615,381,382
1615,414,415
1615,538,539
1616,296,297
1616,299,300
1616,381,382
1616,414,415
1617,253,254
1617,299,300
1617,381,382
1617,414,415
1618,36,37
1618,215,216
1618,307,308
1618,329,330
1619,119,120
1619,148,149
1619,157,158
1619,215,216
1620,119,120
1620,148,149
1620,162,163
1620,215,216
1621,119,120
1621,148,149
1621,157,158
1621,340,341
1622,119,120
1622,148,149
1622,162,163
1622,340,341
1623,119,120
1623,157,158
1623,329,330
1623,340,341
1624,119,120
1624,157,158
1624,215,216
1624,329,330
1625,119,120
1625,162,163
1625,301,302
1625,340,341
1626,59,60
1626,119,120
1626,162,163
1626,301,302
1627,114,115
1627,119,120
1627,301,302
1627,340,341
1628,114,115
1628,119,120
1628,329,330
1628,340,341
1629,36,37
1629,119,120
1629,215,216
1629,329,330
1630,36,37
1630,114,115
1630,119,120
1630,301,302
1631,36,37
1631,114,115
1631,119,120
1631,329,330
1632,36,37
1632,59,60
1632,119,120
1632,178,179
1633,36,37
1633,59,60
1633,119,120
1633,364,365
1634,59,60
1634,119,120
1634,301,302
1634,364,365
1635,36,37
1635,119,120
1635,301,302
1635,364,365
1636,36,37
1636,119,120
1636,178,179
1636,307,308
1637,36,37
1637,119,120
1637,215,216
1637,307,308
1638,41,42
1638,148,149
1638,155,156
1638,157,158
1639,41,42
1639,148,149
1639,155,156
1639,188,189
1640,14,15
1640,155,156
1640,157,158
1640,215,216
1641,41,42
1641,125,126
1641,155,156
1641,157,158
1642,41,42
1642,64,65
1642,125,126
1642,155,156
1643,41,42
1643,155,156
1643,188,189
1643,330,331
1644,41,42
1644,64,65
1644,155,156
1644,330,331
1645,14,15
1645,125,126
1645,155,156
1645,157,158
1646,1027,1028
1646,1037,1038
1646,1147,1148
1646,1404,1405
1647,544,545
1647,711,712
1647,722,723
1647,793,794
1648,439,440
1648,667,668
1648,711,712
1648,783,784
1649,667,668
1649,711,712
1649,728,729
1649,783,784
1650,667,668
1650,711,712
1650,722,723
1650,728,729
1651,1050,1051
1651,1091,1092
1651,1291,1292
1651,1389,1390
1652,1197,1198
1652,1278,1279
1652,1345,1346
1652,1616,1617
1653,1278,1279
1653,1331,1332
1653,1597,1598
1653,1616,1617
1654,1236,1237
1654,1353,1354
1654,1597,1598
1654,1616,1617
1655,1236,1237
1655,1331,1332
1655,1597,1598
1655,1616,1617
1656,1042,1043
1656,1288,1289
1656,1304,1305
1656,1334,1335
1657,1042,1043
1657,1251,1252
1657,1304,1305
1657,1334,1335
1658,1042,1043
1658,1116,1117
1658,1288,1289
1658,1304,1305
1659,1232,1233
1659,1288,1289
1659,1304,1305
1659,1541,1542
1660,1116,1117
1660,1232,1233
1660,1288,1289
1660,1304,1305
1661,30,31
1661,80,81
1661,83,84
1661,183,184
1662,39,40
1662,117,118
1662,123,124
1662,175,176
1663,281,282
1663,319,320
1663,478,479
1663,512,513
1664,5,6
1664,137,138
1664,145,146
1664,170,171
1665,5,6
1665,139,140
1665,145,146
1665,170,171
1666,5,6
1666,128,129
1666,139,140
1666,145,146
1667,5,6
1667,113,114
1667,139,140
1667,144,145
1668,5,6
1668,113,114
1668,128,129
1668,139,140
1669,66,67
1669,113,114
1669,139,140
1669,144,145
1670,23,24
1670,63,64
1670,66,67
1670,139,140
1671,12,13
1671,66,67
1671,141,142
1671,144,145
1672,66,67
1672,113,114
1672,141,142
1672,144,145
1673,66,67
1673,144,145
1673,186,187
1673,320,321
1674,12,13
1674,66,67
1674,186,187
1674,320,321
1675,12,13
1675,66,67
1675,144,145
1675,186,187
1676,12,13
1676,66,67
1676,320,321
1676,334,335
1677,66,67
1677,275,276
1677,320,321
1677,334,335
1678,63,64
1678,66,67
1678,275,276
1678,334,335
1679,1297,1298
1679,1359,1360
1679,1366,1367
1679,1400,1401
1680,1231,1232
1680,1359,1360
1680,1366,1367
1680,1400,1401
1681,211,212
1681,273,274
1681,335,336
1681,365,366
1682,368,369
1682,399,400
1682,493,494
1682,519,520
1683,262,263
1683,485,486
1683,508,509
1683,519,520
1684,294,295
1684,485,486
1684,493,494
1684,519,520
1685,294,295
1685,399,400
1685,493,494
1685,519,520
1686,294,295
1686,399,400
1686,485,486
1686,519,520
1687,21,22
1687,81,82
1687,153,154
1687,293,294
1688,9,10
1688,49,50
1688,71,72
1688,288,289
1689,71,72
1689,83,84
1689,143,144
1689,175,176
1690,46,47
1690,151,152
1690,170,171
1690,219,220
1691,10,11
1691,49,50
1691,88,89
1691,121,122
1692,10,11
1692,22,23
1692,88,89
1692,121,122
1693,22,23
1693,49,50
1693,88,89
1693,121,122
1694,22,23
1694,49,50
1694,121,122
1694,288,289
1695,10,11
1695,49,50
1695,121,122
1695,174,175
1696,22,23
1696,24,25
1696,121,122
1696,288,289
1697,53,54
1697,121,122
1697,174,175
1697,185,186
1698,10,11
1698,53,54
1698,121,122
1698,174,175
1699,53,54
1699,121,122
1699,185,186
1699,258,259
1700,10,11
1700,53,54
1700,121,122
1700,258,259
1701,10,11
1701,22,23
1701,121,122
1701,258,259
1702,36,37
1702,178,179
1702,297,298
1702,307,308
1703,67,68
1703,71,72
1703,143,144
1703,288,289
1704,67,68
1704,71,72
1704,143,144
1704,175,176
1705,67,68
1705,83,84
1705,143,144
1705,175,176
1706,67,68
1706,118,119
1706,123,124
1706,175,176
1707,67,68
1707,117,118
1707,123,124
1707,175,176
1708,7,8
1708,20,21
1708,214,215
1708,234,235
1709,20,21
1709,80,81
1709,214,215
1709,234,235
1710,20,21
1710,67,68
1710,83,84
1710,143,144
1711,20,21
1711,83,84
1711,117,118
1711,175,176
1712,20,21
1712,67,68
1712,117,118
1712,175,176
1713,20,21
1713,67,68
1713,83,84
1713,175,176
1714,20,21
1714,80,81
1714,83,84
1714,183,184
1715,20,21
1715,30,31
1715,83,84
1715,117,118
1716,20,21
1716,30,31
1716,80,81
1716,83,84
1717,209,210
1717,272,273
1717,294,295
1717,388,389
1718,209,210
1718,272,273
1718,294,295
1718,450,451
1719,52,53
1719,255,256
1719,272,273
1719,290,291
1720,52,53
1720,255,256
1720,272,273
1720,389,390
1721,52,53
1721,272,273
1721,290,291
1721,389,390
1722,255,256
1722,272,273
1722,287,288
1722,290,291
1723,272,273
1723,287,288
1723,290,291
1723,450,451
1724,209,210
1724,272,273
1724,287,288
1724,450,451
1725,255,256
1725,268,269
1725,272,273
1725,287,288
1726,209,210
1726,268,269
1726,272,273
1726,388,389
1727,209,210
1727,268,269
1727,272,273
1727,287,288
1728,249,250
1728,262,263
1728,411,412
1728,535,536
1729,262,263
1729,411,412
1729,437,438
1729,455,456
1730,249,250
1730,262,263
1730,411,412
1730,437,438
1731,249,250
1731,411,412
1731,437,438
1731,455,456
1732,262,263
1732,411,412
1732,485,486
1732,508,509
1733,262,263
1733,411,412
1733,455,456
1733,508,509
1734,226,227
1734,249,250
1734,411,412
1734,535,536
1735,226,227
1735,337,338
1735,411,412
1735,535,536
1736,226,227
1736,291,292
1736,337,338
1736,411,412
1737,226,227
1737,249,250
1737,411,412
1737,455,456
1738,226,227
1738,291,292
1738,411,412
1738,455,456
1739,226,227
1739,291,292
1739,409,410
1739,455,456
1740,226,227
1740,291,292
1740,409,410
1740,448,449
1741,226,227
1741,291,292
1741,337,338
1741,448,449
1742,226,227
1742,328,329
1742,409,410
1742,448,449
1743,226,227
1743,328,329
1743,337,338
1743,448,449
1744,7,8
1744,226,227
1744,337,338
1744,535,536
1745,226,227
1745,404,405
1745,409,410
1745,455,456
1746,226,227
1746,249,250
1746,404,405
1746,455,456
1747,226,227
1747,404,405
1747,409,410
1747,523,524
1748,226,227
1748,249,250
1748,404,405
1748,523,524
1749,454,455
1749,485,486
1749,493,494
1749,519,520
1750,454,455
1750,493,494
1750,519,520
1750,586,587
1751,398,399
1751,454,455
1751,493,494
1751,607,608
1752,1687,1688
1752,1714,1715
1752,1727,1728
1752,1814,1815
1753,1687,1688
1753,1714,1715
1753,1771,1772
1753,1814,1815
1754,1687,1688
1754,1771,1772
1754,1814,1815
1754,1848,1849
1755,1677,1678
1755,1763,1764
1755,1771,1772
1755,1814,1815
1756,1763,1764
1756,1771,1772
1756,1814,1815
1756,1848,1849
1757,1677,1678
1757,1714,1715
1757,1771,1772
1757,1814,1815
1758,1677,1678
1758,1703,1704
1758,1814,1815
1758,1839,1840
1759,1447,1448
1759,1694,1695
1759,1719,1720
1759,1722,1723
1760,1694,1695
1760,1719,1720
1760,1722,1723
1760,1763,1764
1761,1694,1695
1761,1703,1704
1761,1722,1723
1761,1763,1764
1762,1447,1448
1762,1694,1695
1762,1719,1720
1762,1834,1835
1763,1694,1695
1763,1719,1720
1763,1763,1764
1763,1834,1835
1764,1421,1422
1764,1447,1448
1764,1694,1695
1764,1722,1723
1765,1421,1422
1765,1694,1695
1765,1703,1704
1765,1722,1723
1766,1447,1448
1766,1694,1695
1766,1721,1722
1766,1834,1835
1767,1694,1695
1767,1721,1722
1767,1774,1775
1767,1834,1835
1768,1645,1646
1768,1694,1695
1768,1774,1775
1768,1834,1835
1769,1645,1646
1769,1694,1695
1769,1763,1764
1769,1834,1835
1770,1421,1422
1770,1447,1448
1770,1694,1695
1770,1721,1722
1771,1645,1646
1771,1677,1678
1771,1694,1695
1771,1774,1775
1772,1645,1646
1772,1677,1678
1772,1694,1695
1772,1763,1764
1773,1677,1678
1773,1694,1695
1773,1763,1764
1773,1814,1815
1774,1677,1678
1774,1694,1695
1774,1703,1704
1774,1814,1815
1775,1694,1695
1775,1703,1704
1775,1763,1764
1775,1814,1815
1776,1677,1678
1776,1694,1695
1776,1703,1704
1776,1839,1840
1777,1651,1652
1777,1661,1662
1777,1720,1721
1777,1827,1828
1778,1547,1548
1778,1678,1679
1778,1737,1738
1778,1748,1749
1779,1547,1548
1779,1678,1679
1779,1748,1749
1779,1758,1759
1780,1678,1679
1780,1691,1692
1780,1748,1749
1780,1758,1759
1781,1547,1548
1781,1720,1721
1781,1748,1749
1781,1758,1759
1782,1691,1692
1782,1732,1733
1782,1748,1749
1782,1758,1759
1783,1720,1721
1783,1732,1733
1783,1748,1749
1783,1758,1759
1784,1817,1818
1784,1827,1828
1784,1840,1841
1784,1841,1842
1785,1419,1420
1785,1573,1574
1785,1598,1599
1785,1686,1687
1786,1419,1420
1786,1573,1574
1786,1598,1599
1786,1639,1640
1787,1419,1420
1787,1482,1483
1787,1573,1574
1787,1686,1687
1788,1419,1420
1788,1598,1599
1788,1633,1634
1788,1686,1687
1789,1419,1420
1789,1573,1574
1789,1576,1577
1789,1639,1640
1790,937,938
1790,1159,1160
1790,1181,1182
1790,1381,1382
1791,1067,1068
1791,1191,1192
1791,1298,1299
1791,1309,1310
1792,1103,1104
1792,1181,1182
1792,1191,1192
1792,1309,1310
1793,1103,1104
1793,1159,1160
1793,1181,1182
1793,1309,1310
1794,1440,1441
1794,1525,1526
1794,1538,1539
1794,1663,1664
1795,1446,1447
1795,1477,1478
1795,1626,1627
1795,1672,1673
1796,1446,1447
1796,1492,1493
1796,1626,1627
1796,1672,1673
1797,1446,1447
1797,1459,1460
1797,1477,1478
1797,1672,1673
1798,1446,1447
1798,1459,1460
1798,1492,1493
1798,1672,1673
1799,1413,1414
1799,1446,1447
1799,1477,1478
1799,1626,1627
1800,1453,1454
1800,1490,1491
1800,1672,1673
1800,1699,1700
1801,1459,1460
1801,1490,1491
1801,1672,1673
1801,1699,1700
1802,1453,1454
1802,1477,1478
1802,1490,1491
1802,1672,1673
1803,1459,1460
1803,1477,1478
1803,1490,1491
1803,1672,1673
1804,1453,1454
1804,1477,1478
1804,1490,1491
1804,1522,1523
1805,1463,1464
1805,1534,1535
1805,1548,1549
1805,1565,1566
1806,1463,1464
1806,1534,1535
1806,1565,1566
1806,1792,1793
1807,1463,1464
1807,1548,1549
1807,1756,1757
1807,1812,1813
1808,1463,1464
1808,1548,1549
1808,1565,1566
1808,1756,1757
1809,1421,1422
1809,1463,1464
1809,1490,1491
1809,1792,1793
1810,1447,1448
1810,1463,1464
1810,1565,1566
1810,1756,1757
1811,1447,1448
1811,1463,1464
1811,1722,1723
1811,1756,1757
1812,1421,1422
1812,1447,1448
1812,1463,1464
1812,1722,1723
1813,1421,1422
1813,1447,1448
1813,1463,1464
1813,1721,1722
1814,1421,1422
1814,1463,1464
1814,1721,1722
1814,1792,1793
1815,1447,1448
1815,1463,1464
1815,1565,1566
1815,1721,1722
1816,1463,1464
1816,1565,1566
1816,1721,1722
1816,1792,1793
1817,1534,1535
1817,1565,1566
1817,1671,1672
1817,1792,1793
1818,1565,1566
1818,1671,1672
1818,1721,1722
1818,1792,1793
1819,1411,1412
1819,1582,1583
1819,1671,1672
1819,1792,1793
1820,1582,1583
1820,1671,1672
1820,1721,1722
1820,1774,1775
1821,74,75
1821,172,173
1821,204,205
1821,312,313
1822,74,75
1822,172,173
1822,204,205
1822,217,218
1823,150,151
1823,204,205
1823,217,218
1823,335,336
1824,70,71
1824,172,173
1824,204,205
1824,217,218
1825,70,71
1825,204,205
1825,217,218
1825,339,340
1826,150,151
1826,204,205
1826,217,218
1826,339,340
1827,74,75
1827,204,205
1827,217,218
1827,372,373
1828,74,75
1828,204,205
1828,211,212
1828,372,373
1829,204,205
1829,217,218
1829,335,336
1829,372,373
1830,204,205
1830,211,212
1830,335,336
1830,372,373
1831,902,903
1831,958,959
1831,997,998
1831,1086,1087
1832,1053,1054
1832,1210,1211
1832,1261,1262
1832,1339,1340
1833,1053,1054
1833,1185,1186
1833,1210,1211
1833,1261,1262
1834,1053,1054
1834,1185,1186
1834,1210,1211
1834,1301,1302
1835,1415,1416
1835,1432,1433
1835,1507,1508
1835,1600,1601
1836,1415,1416
1836,1507,1508
1836,1581,1582
1836,1600,1601
1837,1216,1217
1837,1507,1508
1837,1581,1582
1837,1600,1601
1838,1216,1217
1838,1507,1508
1838,1581,1582
1838,1726,1727
1839,1415,1416
1839,1432,1433
1839,1441,1442
1839,1507,1508
1840,1415,1416
1840,1441,1442
1840,1507,1508
1840,1581,1582
1841,1516,1517
1841,1592,1593
1841,1647,1648
1841,1726,1727
1842,1516,1517
1842,1592,1593
1842,1647,1648
1842,1724,1725
1843,1516,1517
1843,1592,1593
1843,1724,1725
1843,1736,1737
1844,619,620
1844,631,632
1844,708,709
1844,956,957
1845,619,620
1845,631,632
1845,768,769
1845,844,845
1846,619,620
1846,631,632
1846,708,709
1846,768,769
1847,631,632
1847,635,636
1847,768,769
1847,844,845
1848,631,632
1848,635,636
1848,708,709
1848,768,769
1849,466,467
1849,501,502
1849,631,632
1849,635,636
1850,466,467
1850,631,632
1850,708,709
1850,712,713
1851,631,632
1851,635,636
1851,708,709
1851,712,713
1852,466,467
1852,631,632
1852,635,636
1852,712,713
1853,676,677
1853,764,765
1853,792,793
1853,934,935
1854,676,677
1854,764,765
1854,792,793
1854,956,957
1855,676,677
1855,764,765
1855,934,935
1855,963,964
1856,619,620
1856,648,649
1856,676,677
1856,764,765
1857,648,649
1857,676,677
1857,764,765
1857,956,957
1858,619,620
1858,648,649
1858,764,765
1858,956,957
1859,466,467
1859,524,525
1859,608,609
1859,663,664
1860,466,467
1860,501,502
1860,608,609
1860,663,664
1861,501,502
1861,524,525
1861,608,609
1861,663,664
1862,501,502
1862,524,525
1862,663,664
1862,735,736
1863,434,435
1863,663,664
1863,735,736
1863,868,869
1864,434,435
1864,501,502
1864,663,664
1864,735,736
1865,435,436
1865,663,664
1865,735,736
1865,868,869
1866,435,436
1866,524,525
1866,663,664
1866,735,736
1867,1250,1251
1867,1292,1293
1867,1333,1334
1867,1405,1406
1868,1250,1251
1868,1292,1293
1868,1405,1406
1868,1435,1436
1869,1250,1251
1869,1292,1293
1869,1435,1436
1869,1508,1509
1870,1292,1293
1870,1303,1304
1870,1351,1352
1870,1508,1509
1871,1016,1017
1871,1206,1207
1871,1234,1235
1871,1301,1302
1872,1016,1017
1872,1185,1186
1872,1206,1207
1872,1301,1302
1873,1016,1017
1873,1303,1304
1873,1363,1364
1873,1397,1398
1874,1174,1175
1874,1250,1251
1874,1333,1334
1874,1363,1364
1875,1250,1251
1875,1292,1293
1875,1333,1334
1875,1363,1364
1876,1037,1038
1876,1147,1148
1876,1374,1375
1876,1404,1405
1877,831,832
1877,879,880
1877,1012,1013
1877,1180,1181
1878,850,851
1878,872,873
1878,907,908
1878,1180,1181
1879,831,832
1879,842,843
1879,850,851
1879,1180,1181
1880,842,843
1880,850,851
1880,947,948
1880,1180,1181
1881,850,851
1881,907,908
1881,947,948
1881,1180,1181
1882,842,843
1882,907,908
1882,947,948
1882,1180,1181
1883,1655,1656
1883,1691,1692
1883,1810,1811
1883,1822,1823
1884,1655,1656
1884,1735,1736
1884,1810,1811
1884,1840,1841
1885,1352,1353
1885,1373,1374
1885,1428,1429
1885,1535,1536
1886,1373,1374
1886,1428,1429
1886,1535,1536
1886,1671,1672
1887,1428,1429
1887,1534,1535
1887,1535,1536
1887,1792,1793
1888,1428,1429
1888,1534,1535
1888,1535,1536
1888,1671,1672
1889,1534,1535
1889,1535,1536
1889,1671,1672
1889,1792,1793
1890,1411,1412
1890,1522,1523
1890,1535,1536
1890,1792,1793
1891,1297,1298
1891,1373,1374
1891,1535,1536
1891,1582,1583
1892,1373,1374
1892,1535,1536
1892,1582,1583
1892,1671,1672
1893,1411,1412
1893,1535,1536
1893,1671,1672
1893,1792,1793
1894,1297,1298
1894,1411,1412
1894,1535,1536
1894,1582,1583
1895,1411,1412
1895,1535,1536
1895,1582,1583
1895,1671,1672
1896,1566,1567
1896,1767,1768
1896,1804,1805
1896,1837,1838
1897,1566,1567
1897,1708,1709
1897,1804,1805
1897,1837,1838
1898,1708,1709
1898,1804,1805
1898,1820,1821
1898,1837,1838
1899,1566,1567
1899,1674,1675
1899,1767,1768
1899,1837,1838
1900,1420,1421
1900,1538,1539
1900,1674,1675
1900,1679,1680
1901,1566,1567
1901,1674,1675
1901,1679,1680
1901,1795,1796
1902,1644,1645
1902,1744,1745
1902,1755,1756
1902,1833,1834
1903,1644,1645
1903,1682,1683
1903,1744,1745
1903,1833,1834
1904,1644,1645
1904,1682,1683
1904,1744,1745
1904,1812,1813
1905,1463,1464
1905,1623,1624
1905,1722,1723
1905,1756,1757
1906,1463,1464
1906,1623,1624
1906,1756,1757
1906,1812,1813
1907,1463,1464
1907,1623,1624
1907,1673,1674
1907,1812,1813
1908,1623,1624
1908,1644,1645
1908,1756,1757
1908,1812,1813
1909,1623,1624
1909,1644,1645
1909,1744,1745
1909,1812,1813
1910,1421,1422
1910,1490,1491
1910,1664,1665
1910,1699,1700
1911,1459,1460
1911,1490,1491
1911,1664,1665
1911,1673,1674
1912,1459,1460
1912,1490,1491
1912,1664,1665
1912,1699,1700
1913,1463,1464
1913,1623,1624
1913,1664,1665
1913,1722,1723
1914,1463,1464
1914,1490,1491
1914,1664,1665
1914,1673,1674
1915,1463,1464
1915,1623,1624
1915,1664,1665
1915,1673,1674
1916,1421,1422
1916,1463,1464
1916,1664,1665
1916,1722,1723
1917,1421,1422
1917,1463,1464
1917,1490,1491
1917,1664,1665
1918,1670,1671
1918,1741,1742
1918,1803,1804
1918,1820,1821
1919,1803,1804
1919,1804,1805
1919,1820,1821
1919,1837,1838
1920,1731,1732
1920,1803,1804
1920,1804,1805
1920,1820,1821
1921,1731,1732
1921,1741,1742
1921,1803,1804
1921,1820,1821
1922,1353,1354
1922,1597,1598
1922,1599,1600
1922,1624,1625
1923,1353,1354
1923,1590,1591
1923,1599,1600
1923,1624,1625
1924,1488,1489
1924,1502,1503
1924,1621,1622
1924,1677,1678
1925,1488,1489
1925,1502,1503
1925,1557,1558
1925,1677,1678
1926,1488,1489
1926,1502,1503
1926,1557,1558
1926,1621,1622
1927,1488,1489
1927,1621,1622
1927,1677,1678
1927,1774,1775
1928,1488,1489
1928,1677,1678
1928,1694,1695
1928,1774,1775
1929,1488,1489
1929,1677,1678
1929,1694,1695
1929,1839,1840
1930,1488,1489
1930,1694,1695
1930,1703,1704
1930,1839,1840
1931,1421,1422
1931,1488,1489
1931,1694,1695
1931,1703,1704
1932,1485,1486
1932,1500,1501
1932,1602,1603
1932,1621,1622
1933,1485,1486
1933,1500,1501
1933,1557,1558
1933,1621,1622
1934,1248,1249
1934,1485,1486
1934,1500,1501
1934,1602,1603
1935,1485,1486
1935,1488,1489
1935,1557,1558
1935,1621,1622
1936,1485,1486
1936,1500,1501
1936,1557,1558
1936,1590,1591
1937,1248,1249
1937,1411,1412
1937,1485,1486
1937,1602,1603
1938,1203,1204
1938,1485,1486
1938,1557,1558
1938,1590,1591
1939,1485,1486
1939,1500,1501
1939,1590,1591
1939,1599,1600
1940,1203,1204
1940,1485,1486
1940,1488,1489
1940,1557,1558
1941,1093,1094
1941,1174,1175
1941,1221,1222
1941,1264,1265
1942,1050,1051
1942,1091,1092
1942,1264,1265
1942,1291,1292
1943,1590,1591
1943,1599,1600
1943,1624,1625
1943,1761,1762
1944,1500,1501
1944,1502,1503
1944,1557,1558
1944,1761,1762
1945,1500,1501
1945,1557,1558
1945,1590,1591
1945,1761,1762
1946,1500,1501
1946,1590,1591
1946,1599,1600
1946,1761,1762
1947,1211,1212
1947,1236,1237
1947,1437,1438
1947,1610,1611
1948,1221,1222
1948,1333,1334
1948,1374,1375
1948,1437,1438
1949,1211,1212
1949,1274,1275
1949,1437,1438
1949,1610,1611
1950,1050,1051
1950,1091,1092
1950,1264,1265
1950,1401,1402
1951,1050,1051
1951,1221,1222
1951,1264,1265
1951,1401,1402
1952,1091,1092
1952,1174,1175
1952,1264,1265
1952,1401,1402
1953,1174,1175
1953,1221,1222
1953,1264,1265
1953,1401,1402
1954,1174,1175
1954,1221,1222
1954,1333,1334
1954,1401,1402
1955,1221,1222
1955,1333,1334
1955,1401,1402
1955,1437,1438
1956,1333,1334
1956,1401,1402
1956,1405,1406
1956,1437,1438
1957,1236,1237
1957,1401,1402
1957,1405,1406
1957,1437,1438
1958,1250,1251
1958,1333,1334
1958,1401,1402
1958,1405,1406
1959,1174,1175
1959,1250,1251
1959,1333,1334
1959,1401,1402
1960,1713,1714
1960,1776,1777
1960,1828,1829
1960,1838,1839
1961,1649,1650
1961,1757,1758
1961,1828,1829
1961,1832,1833
1962,1757,1758
1962,1801,1802
1962,1828,1829
1962,1832,1833
1963,1668,1669
1963,1688,1689
1963,1776,1777
1963,1828,1829
1964,1668,1669
1964,1776,1777
1964,1828,1829
1964,1838,1839
1965,1634,1635
1965,1668,1669
1965,1828,1829
1965,1838,1839
1966,1634,1635
1966,1668,1669
1966,1801,1802
1966,1828,1829
1967,1768,1769
1967,1801,1802
1967,1828,1829
1967,1832,1833
1968,1690,1691
1968,1730,1731
1968,1768,1769
1968,1789,1790
1969,1634,1635
1969,1690,1691
1969,1768,1769
1969,1789,1790
1970,1634,1635
1970,1768,1769
1970,1789,1790
1970,1801,1802
1971,1634,1635
1971,1668,1669
1971,1789,1790
1971,1801,1802
1972,1668,1669
1972,1724,1725
1972,1789,1790
1972,1801,1802
1973,1687,1688
1973,1727,1728
1973,1787,1788
1973,1826,1827
1974,1687,1688
1974,1727,1728
1974,1787,1788
1974,1814,1815
1975,1687,1688
1975,1787,1788
1975,1814,1815
1975,1848,1849
1976,1687,1688
1976,1780,1781
1976,1787,1788
1976,1826,1827
1977,1707,1708
1977,1775,1776
1977,1811,1812
1977,1847,1848
1978,1707,1708
1978,1811,1812
1978,1826,1827
1978,1847,1848
1979,1707,1708
1979,1780,1781
1979,1826,1827
1979,1847,1848
1980,1707,1708
1980,1780,1781
1980,1787,1788
1980,1826,1827
1981,1638,1639
1981,1707,1708
1981,1787,1788
1981,1788,1789
1982,1638,1639
1982,1705,1706
1982,1786,1787
1982,1788,1789
1983,1488,1489
1983,1557,1558
1983,1640,1641
1983,1839,1840
1984,1203,1204
1984,1488,1489
1984,1557,1558
1984,1640,1641
1985,1640,1641
1985,1699,1700
1985,1703,1704
1985,1839,1840
1986,1421,1422
1986,1640,1641
1986,1699,1700
1986,1703,1704
1987,1488,1489
1987,1640,1641
1987,1703,1704
1987,1839,1840
1988,1421,1422
1988,1488,1489
1988,1640,1641
1988,1703,1704
1989,1636,1637
1989,1713,1714
1989,1775,1776
1989,1811,1812
1990,1636,1637
1990,1707,1708
1990,1775,1776
1990,1811,1812
1991,1675,1676
1991,1713,1714
1991,1745,1746
1991,1776,1777
1992,1713,1714
1992,1745,1746
1992,1776,1777
1992,1828,1829
1993,1649,1650
1993,1745,1746
1993,1757,1758
1993,1828,1829
1994,1649,1650
1994,1713,1714
1994,1745,1746
1994,1828,1829
1995,1649,1650
1995,1700,1701
1995,1745,1746
1995,1757,1758
1996,1700,1701
1996,1745,1746
1996,1757,1758
1996,1769,1770
1997,1649,1650
1997,1713,1714
1997,1745,1746
1997,1775,1776
1998,1636,1637
1998,1713,1714
1998,1745,1746
1998,1775,1776
1999,1636,1637
1999,1700,1701
1999,1745,1746
1999,1769,1770
2000,1649,1650
2000,1700,1701
2000,1745,1746
2000,1775,1776
2001,1636,1637
2001,1700,1701
2001,1745,1746
2001,1775,1776
2002,1470,1471
2002,1552,1553
2002,1581,1582
2002,1593,1594
2003,1470,1471
2003,1581,1582
2003,1593,1594
2003,1726,1727
2004,1581,1582
2004,1593,1594
2004,1726,1727
2004,1742,1743
2005,1470,1471
2005,1593,1594
2005,1647,1648
2005,1726,1727
2006,1516,1517
2006,1593,1594
2006,1647,1648
2006,1726,1727
2007,1470,1471
2007,1593,1594
2007,1647,1648
2007,1688,1689
2008,1224,1225
2008,1368,1369
2008,1462,1463
2008,1530,1531
2009,1222,1223
2009,1368,1369
2009,1462,1463
2009,1530,1531
2010,1222,1223
2010,1368,1369
2010,1444,1445
2010,1462,1463
2011,1368,1369
2011,1371,1372
2011,1417,1418
2011,1617,1618
2012,1224,1225
2012,1271,1272
2012,1368,1369
2012,1462,1463
2013,1224,1225
2013,1271,1272
2013,1368,1369
2013,1493,1494
2014,1271,1272
2014,1368,1369
2014,1462,1463
2014,1493,1494
2015,1368,1369
2015,1371,1372
2015,1417,1418
2015,1493,1494
2016,1224,1225
2016,1368,1369
2016,1442,1443
2016,1541,1542
2017,1224,1225
2017,1368,1369
2017,1442,1443
2017,1493,1494
2018,1368,1369
2018,1371,1372
2018,1442,1443
2018,1541,1542
2019,1368,1369
2019,1371,1372
2019,1442,1443
2019,1493,1494
2020,1222,1223
2020,1441,1442
2020,1444,1445
2020,1524,1525
2021,1415,1416
2021,1441,1442
2021,1480,1481
2021,1524,1525
2022,1206,1207
2022,1259,1260
2022,1334,1335
2022,1594,1595
2023,1206,1207
2023,1257,1258
2023,1396,1397
2023,1594,1595
2024,1206,1207
2024,1257,1258
2024,1334,1335
2024,1594,1595
2025,1257,1258
2025,1288,1289
2025,1334,1335
2025,1594,1595
2026,1288,1289
2026,1304,1305
2026,1334,1335
2026,1594,1595
2027,1224,1225
2027,1257,1258
2027,1487,1488
2027,1594,1595
2028,1257,1258
2028,1396,1397
2028,1487,1488
2028,1594,1595
2029,1224,1225
2029,1288,1289
2029,1307,1308
2029,1594,1595
2030,1224,1225
2030,1257,1258
2030,1307,1308
2030,1594,1595
2031,1257,1258
2031,1288,1289
2031,1307,1308
2031,1594,1595
2032,1224,1225
2032,1487,1488
2032,1530,1531
2032,1594,1595
2033,1396,1397
2033,1487,1488
2033,1530,1531
2033,1594,1595
2034,1224,1225
2034,1288,1289
2034,1541,1542
2034,1594,1595
2035,1226,1227
2035,1391,1392
2035,1414,1415
2035,1572,1573
2036,1226,1227
2036,1391,1392
2036,1572,1573
2036,1583,1584
2037,1351,1352
2037,1414,1415
2037,1508,1509
2037,1605,1606
2038,1351,1352
2038,1414,1415
2038,1605,1606
2038,1614,1615
2039,1303,1304
2039,1351,1352
2039,1508,1509
2039,1605,1606
2040,1303,1304
2040,1351,1352
2040,1605,1606
2040,1614,1615
2041,1226,1227
2041,1530,1531
2041,1605,1606
2041,1625,1626
2042,1222,1223
2042,1391,1392
2042,1605,1606
2042,1614,1615
2043,1222,1223
2043,1391,1392
2043,1530,1531
2043,1605,1606
2044,1226,1227
2044,1391,1392
2044,1530,1531
2044,1605,1606
2045,1631,1632
2045,1766,1767
2045,1815,1816
2045,1821,1822
2046,1631,1632
2046,1731,1732
2046,1766,1767
2046,1815,1816
2047,1631,1632
2047,1637,1638
2047,1652,1653
2047,1831,1832
2048,1631,1632
2048,1684,1685
2048,1731,1732
2048,1766,1767
2049,1631,1632
2049,1684,1685
2049,1741,1742
2049,1766,1767
2050,1212,1213
2050,1434,1435
2050,1436,1437
2050,1546,1547
2051,1212,1213
2051,1300,1301
2051,1436,1437
2051,1473,1474
2052,1265,1266
2052,1300,1301
2052,1434,1435
2052,1436,1437
2053,1212,1213
2053,1265,1266
2053,1300,1301
2053,1436,1437
2054,1212,1213
2054,1265,1266
2054,1434,1435
2054,1436,1437
2055,1436,1437
2055,1473,1474
2055,1510,1511
2055,1544,1545
2056,1212,1213
2056,1436,1437
2056,1546,1547
2056,1553,1554
2057,1199,1200
2057,1228,1229
2057,1382,1383
2057,1464,1465
2058,1228,1229
2058,1269,1270
2058,1382,1383
2058,1464,1465
2059,1199,1200
2059,1382,1383
2059,1464,1465
2059,1487,1488
2060,1228,1229
2060,1269,1270
2060,1382,1383
2060,1434,1435
2061,1269,1270
2061,1271,1272
2061,1295,1296
2061,1382,1383
2062,1271,1272
2062,1295,1296
2062,1382,1383
2062,1464,1465
2063,1269,1270
2063,1271,1272
2063,1382,1383
2063,1464,1465
2064,1224,1225
2064,1295,1296
2064,1382,1383
2064,1487,1488
2065,1224,1225
2065,1295,1296
2065,1382,1383
2065,1464,1465
2066,1224,1225
2066,1382,1383
2066,1464,1465
2066,1487,1488
2067,1318,1319
2067,1382,1383
2067,1434,1435
2067,1546,1547
2068,1269,1270
2068,1382,1383
2068,1434,1435
2068,1546,1547
2069,1269,1270
2069,1295,1296
2069,1382,1383
2069,1546,1547
2070,1318,1319
2070,1382,1383
2070,1546,1547
2070,1583,1584
2071,1295,1296
2071,1382,1383
2071,1546,1547
2071,1583,1584
2072,1269,1270
2072,1434,1435
2072,1546,1547
2072,1716,1717
2073,1269,1270
2073,1546,1547
2073,1586,1587
2073,1716,1717
2074,1269,1270
2074,1434,1435
2074,1568,1569
2074,1716,1717
2075,1434,1435
2075,1436,1437
2075,1546,1547
2075,1716,1717
2076,1434,1435
2076,1436,1437
2076,1568,1569
2076,1716,1717
2077,1269,1270
2077,1511,1512
2077,1568,1569
2077,1716,1717
2078,1269,1270
2078,1511,1512
2078,1586,1587
2078,1716,1717
2079,1529,1530
2079,1546,1547
2079,1586,1587
2079,1716,1717
2080,1436,1437
2080,1510,1511
2080,1568,1569
2080,1716,1717
2081,1510,1511
2081,1568,1569
2081,1716,1717
2081,1751,1752
2082,1416,1417
2082,1462,1463
2082,1493,1494
2082,1612,1613
2083,1368,1369
2083,1416,1417
2083,1444,1445
2083,1462,1463
2084,1368,1369
2084,1416,1417
2084,1462,1463
2084,1493,1494
2085,1416,1417
2085,1689,1690
2085,1711,1712
2085,1717,1718
2086,1416,1417
2086,1612,1613
2086,1627,1628
2086,1711,1712
2087,1416,1417
2087,1627,1628
2087,1689,1690
2087,1711,1712
2088,1368,1369
2088,1416,1417
2088,1417,1418
2088,1444,1445
2089,1368,1369
2089,1416,1417
2089,1417,1418
2089,1493,1494
2090,1416,1417
2090,1417,1418
2090,1493,1494
2090,1799,1800
2091,1416,1417
2091,1417,1418
2091,1717,1718
2091,1799,1800
2092,1416,1417
2092,1632,1633
2092,1711,1712
2092,1799,1800
2093,1416,1417
2093,1632,1633
2093,1717,1718
2093,1799,1800
2094,1416,1417
2094,1632,1633
2094,1711,1712
2094,1717,1718
2095,1416,1417
2095,1493,1494
2095,1517,1518
2095,1799,1800
2096,1416,1417
2096,1517,1518
2096,1711,1712
2096,1799,1800
2097,1416,1417
2097,1493,1494
2097,1517,1518
2097,1612,1613
2098,1416,1417
2098,1517,1518
2098,1612,1613
2098,1711,1712
2099,1465,1466
2099,1547,1548
2099,1618,1619
2099,1737,1738
2100,1465,1466
2100,1547,1548
2100,1737,1738
2100,1748,1749
2101,1465,1466
2101,1547,1548
2101,1720,1721
2101,1748,1749
2102,1465,1466
2102,1547,1548
2102,1642,1643
2102,1720,1721
2103,1651,1652
2103,1653,1654
2103,1661,1662
2103,1720,1721
2104,1465,1466
2104,1642,1643
2104,1653,1654
2104,1720,1721
2105,1651,1652
2105,1653,1654
2105,1720,1721
2105,1827,1828
2106,1529,1530
2106,1598,1599
2106,1627,1628
2106,1648,1649
2107,1536,1537
2107,1648,1649
2107,1751,1752
2107,1753,1754
2108,1529,1530
2108,1598,1599
2108,1648,1649
2108,1686,1687
2109,1598,1599
2109,1633,1634
2109,1648,1649
2109,1686,1687
2110,1633,1634
2110,1648,1649
2110,1686,1687
2110,1783,1784
2111,1633,1634
2111,1648,1649
2111,1753,1754
2111,1783,1784
2112,1648,1649
2112,1686,1687
2112,1764,1765
2112,1783,1784
2113,1648,1649
2113,1753,1754
2113,1764,1765
2113,1783,1784
2114,1630,1631
2114,1651,1652
2114,1653,1654
2114,1661,1662
2115,1630,1631
2115,1692,1693
2115,1794,1795
2115,1813,1814
2116,1630,1631
2116,1692,1693
2116,1704,1705
2116,1794,1795
2117,1630,1631
2117,1712,1713
2117,1794,1795
2117,1813,1814
2118,1630,1631
2118,1642,1643
2118,1653,1654
2118,1712,1713
2119,1630,1631
2119,1651,1652
2119,1661,1662
2119,1781,1782
2120,1630,1631
2120,1692,1693
2120,1704,1705
2120,1781,1782
2121,1630,1631
2121,1661,1662
2121,1704,1705
2121,1781,1782
2122,1630,1631
2122,1642,1643
2122,1653,1654
2122,1720,1721
2123,1630,1631
2123,1653,1654
2123,1661,1662
2123,1720,1721
2124,1652,1653
2124,1760,1761
2124,1817,1818
2124,1831,1832
2125,1633,1634
2125,1652,1653
2125,1797,1798
2125,1817,1818
2126,1419,1420
2126,1598,1599
2126,1633,1634
2126,1797,1798
2127,1652,1653
2127,1797,1798
2127,1817,1818
2127,1841,1842
2128,1797,1798
2128,1817,1818
2128,1827,1828
2128,1841,1842
2129,1651,1652
2129,1797,1798
2129,1817,1818
2129,1827,1828
2130,1633,1634
2130,1651,1652
2130,1797,1798
2130,1817,1818
2131,1633,1634
2131,1651,1652
2131,1797,1798
2131,1827,1828
2132,1797,1798
2132,1827,1828
2132,1840,1841
2132,1841,1842
2133,1633,1634
2133,1641,1642
2133,1651,1652
2133,1753,1754
2134,1633,1634
2134,1641,1642
2134,1753,1754
2134,1783,1784
2135,1641,1642
2135,1753,1754
2135,1783,1784
2135,1808,1809
2136,1641,1642
2136,1660,1661
2136,1753,1754
2136,1808,1809
2137,1641,1642
2137,1651,1652
2137,1660,1661
2137,1753,1754
2138,1633,1634
2138,1641,1642
2138,1651,1652
2138,1817,1818
2139,1641,1642
2139,1660,1661
2139,1781,1782
2139,1808,1809
2140,1641,1642
2140,1651,1652
2140,1660,1661
2140,1781,1782
2141,1641,1642
2141,1781,1782
2141,1808,1809
2141,1817,1818
2142,1641,1642
2142,1651,1652
2142,1781,1782
2142,1817,1818
2143,1641,1642
2143,1760,1761
2143,1808,1809
2143,1817,1818
2144,1641,1642
2144,1760,1761
2144,1783,1784
2144,1808,1809
2145,1633,1634
2145,1641,1642
2145,1652,1653
2145,1817,1818
2146,1633,1634
2146,1641,1642
2146,1652,1653
2146,1783,1784
2147,1641,1642
2147,1652,1653
2147,1760,1761
2147,1817,1818
2148,1641,1642
2148,1652,1653
2148,1760,1761
2148,1783,1784
2149,1712,1713
2149,1717,1718
2149,1736,1737
2149,1740,1741
2150,1465,1466
2150,1547,1548
2150,1642,1643
2150,1740,1741
2151,1465,1466
2151,1547,1548
2151,1618,1619
2151,1740,1741
2152,1642,1643
2152,1653,1654
2152,1712,1713
2152,1740,1741
2153,1465,1466
2153,1642,1643
2153,1653,1654
2153,1740,1741
2154,1465,1466
2154,1653,1654
2154,1689,1690
2154,1740,1741
2155,1349,1350
2155,1521,1522
2155,1672,1673
2155,1702,1703
2156,1349,1350
2156,1626,1627
2156,1672,1673
2156,1702,1703
2157,1349,1350
2157,1414,1415
2157,1427,1428
2157,1439,1440
2158,1349,1350
2158,1414,1415
2158,1439,1440
2158,1521,1522
2159,1349,1350
2159,1572,1573
2159,1702,1703
2159,1777,1778
2160,1349,1350
2160,1521,1522
2160,1702,1703
2160,1777,1778
2161,1349,1350
2161,1414,1415
2161,1572,1573
2161,1777,1778
2162,1349,1350
2162,1414,1415
2162,1521,1522
2162,1777,1778
2163,1227,1228
2163,1349,1350
2163,1572,1573
2163,1702,1703
2164,1227,1228
2164,1349,1350
2164,1626,1627
2164,1702,1703
2165,1467,1468
2165,1492,1493
2165,1643,1644
2165,1702,1703
2166,1492,1493
2166,1643,1644
2166,1672,1673
2166,1702,1703
2167,1459,1460
2167,1492,1493
2167,1643,1644
2167,1672,1673
2168,1459,1460
2168,1643,1644
2168,1672,1673
2168,1699,1700
2169,1459,1460
2169,1643,1644
2169,1664,1665
2169,1699,1700
2170,1459,1460
2170,1460,1461
2170,1643,1644
2170,1673,1674
2171,1459,1460
2171,1643,1644
2171,1664,1665
2171,1673,1674
2172,1460,1461
2172,1643,1644
2172,1664,1665
2172,1673,1674
2173,1295,1296
2173,1391,1392
2173,1418,1419
2173,1462,1463
2174,1295,1296
2174,1391,1392
2174,1418,1419
2174,1498,1499
2175,1295,1296
2175,1418,1419
2175,1462,1463
2175,1612,1613
2176,1222,1223
2176,1391,1392
2176,1418,1419
2176,1462,1463
2177,1295,1296
2177,1418,1419
2177,1586,1587
2177,1612,1613
2178,1418,1419
2178,1586,1587
2178,1612,1613
2178,1627,1628
2179,1295,1296
2179,1418,1419
2179,1498,1499
2179,1586,1587
2180,1418,1419
2180,1498,1499
2180,1586,1587
2180,1627,1628
2181,1416,1417
2181,1418,1419
2181,1462,1463
2181,1612,1613
2182,1416,1417
2182,1418,1419
2182,1612,1613
2182,1627,1628
2183,1222,1223
2183,1418,1419
2183,1444,1445
2183,1462,1463
2184,1416,1417
2184,1418,1419
2184,1444,1445
2184,1462,1463
2185,1416,1417
2185,1418,1419
2185,1627,1628
2185,1689,1690
2186,1486,1487
2186,1498,1499
2186,1561,1562
2186,1572,1573
2187,1561,1562
2187,1572,1573
2187,1702,1703
2187,1777,1778
2188,1486,1487
2188,1561,1562
2188,1573,1574
2188,1576,1577
2189,1227,1228
2189,1561,1562
2189,1572,1573
2189,1702,1703
2190,1227,1228
2190,1486,1487
2190,1561,1562
2190,1572,1573
2191,1425,1426
2191,1561,1562
2191,1576,1577
2191,1702,1703
2192,1425,1426
2192,1561,1562
2192,1702,1703
2192,1777,1778
2193,1486,1487
2193,1529,1530
2193,1561,1562
2193,1573,1574
2194,1486,1487
2194,1498,1499
2194,1529,1530
2194,1561,1562
2195,1561,1562
2195,1573,1574
2195,1576,1577
2195,1639,1640
2196,1561,1562
2196,1576,1577
2196,1609,1610
2196,1702,1703
2197,1227,1228
2197,1561,1562
2197,1609,1610
2197,1702,1703
2198,1486,1487
2198,1561,1562
2198,1576,1577
2198,1609,1610
2199,1227,1228
2199,1486,1487
2199,1561,1562
2199,1609,1610
2200,1242,1243
2200,1337,1338
2200,1398,1399
2200,1452,1453
2201,1342,1343
2201,1452,1453
2201,1558,1559
2201,1615,1616
2202,1398,1399
2202,1452,1453
2202,1558,1559
2202,1615,1616
2203,1242,1243
2203,1398,1399
2203,1452,1453
2203,1558,1559
2204,1229,1230
2204,1312,1313
2204,1318,1319
2204,1553,1554
2205,1312,1313
2205,1491,1492
2205,1553,1554
2205,1596,1597
2206,1312,1313
2206,1387,1388
2206,1491,1492
2206,1596,1597
2207,429,430
2207,492,493
2207,646,647
2207,795,796
2208,429,430
2208,492,493
2208,518,519
2208,795,796
2209,429,430
2209,492,493
2209,518,519
2209,714,715
2210,492,493
2210,646,647
2210,690,691
2210,795,796
2211,413,414
2211,492,493
2211,646,647
2211,690,691
2212,492,493
2212,518,519
2212,573,574
2212,795,796
2213,492,493
2213,573,574
2213,690,691
2213,795,796
2214,492,493
2214,518,519
2214,565,566
2214,573,574
2215,492,493
2215,518,519
2215,565,566
2215,714,715
2216,446,447
2216,492,493
2216,573,574
2216,690,691
2217,446,447
2217,492,493
2217,565,566
2217,573,574
2218,446,447
2218,492,493
2218,527,528
2218,690,691
2219,413,414
2219,492,493
2219,527,528
2219,690,691
2220,458,459
2220,565,566
2220,714,715
2220,736,737
2221,458,459
2221,659,660
2221,714,715
2221,736,737
2222,458,459
2222,555,556
2222,659,660
2222,736,737
2223,446,447
2223,492,493
2223,565,566
2223,736,737
2224,492,493
2224,565,566
2224,714,715
2224,736,737
2225,447,448
2225,492,493
2225,527,528
2225,736,737
2226,446,447
2226,492,493
2226,527,528
2226,736,737
2227,491,492
2227,555,556
2227,659,660
2227,736,737
2228,447,448
2228,491,492
2228,707,708
2228,736,737
2229,491,492
2229,555,556
2229,707,708
2229,736,737
2230,970,971
2230,1058,1059
2230,1078,1079
2230,1084,1085
2231,970,971
2231,1072,1073
2231,1078,1079
2231,1084,1085
2232,970,971
2232,1058,1059
2232,1072,1073
2232,1078,1079
2233,970,971
2233,1058,1059
2233,1072,1073
2233,1132,1133
2234,970,971
2234,1072,1073
2234,1132,1133
2234,1187,1188
2235,822,823
2235,970,971
2235,1072,1073
2235,1187,1188
2236,403,404
2236,526,527
2236,561,562
2236,777,778
2237,403,404
2237,561,562
2237,572,573
2237,582,583
2238,403,404
2238,526,527
2238,561,562
2238,572,573
2239,561,562
2239,572,573
2239,577,578
2239,582,583
2240,526,527
2240,561,562
2240,572,573
2240,577,578
2241,526,527
2241,529,530
2241,561,562
2241,577,578
2242,421,422
2242,461,462
2242,717,718
2242,784,785
2243,461,462
2243,572,573
2243,717,718
2243,784,785
2244,461,462
2244,572,573
2244,577,578
2244,784,785
2245,461,462
2245,572,573
2245,577,578
2245,582,583
2246,461,462
2246,572,573
2246,623,624
2246,717,718
2247,421,422
2247,461,462
2247,517,518
2247,716,717
2248,461,462
2248,623,624
2248,717,718
2248,758,759
2249,421,422
2249,461,462
2249,716,717
2249,758,759
2250,461,462
2250,717,718
2250,756,757
2250,758,759
2251,421,422
2251,461,462
2251,717,718
2251,756,757
2252,421,422
2252,461,462
2252,756,757
2252,758,759
2253,419,420
2253,457,458
2253,490,491
2253,670,671
2254,457,458
2254,490,491
2254,551,552
2254,626,627
2255,490,491
2255,551,552
2255,599,600
2255,626,627
2256,490,491
2256,551,552
2256,599,600
2256,794,795
2257,490,491
2257,547,548
2257,599,600
2257,794,795
2258,413,414
2258,419,420
2258,457,458
2258,490,491
2259,413,414
2259,419,420
2259,490,491
2259,551,552
2260,419,420
2260,490,491
2260,551,552
2260,794,795
2261,419,420
2261,490,491
2261,547,548
2261,794,795
2262,419,420
2262,490,491
2262,547,548
2262,670,671
2263,457,458
2263,490,491
2263,551,552
2263,690,691
2264,413,414
2264,457,458
2264,490,491
2264,690,691
2265,413,414
2265,490,491
2265,551,552
2265,690,691
2266,227,228
2266,361,362
2266,452,453
2266,531,532
2267,227,228
2267,438,439
2267,452,453
2267,531,532
2268,227,228
2268,361,362
2268,417,418
2268,452,453
2269,227,228
2269,361,362
2269,417,418
2269,609,610
2270,227,228
2270,282,283
2270,417,418
2270,609,610
2271,227,228
2271,282,283
2271,599,600
2271,609,610
2272,227,228
2272,410,411
2272,438,439
2272,452,453
2273,227,228
2273,282,283
2273,410,411
2273,417,418
2274,227,228
2274,410,411
2274,417,418
2274,452,453
2275,227,228
2275,438,439
2275,551,552
2275,599,600
2276,227,228
2276,282,283
2276,551,552
2276,599,600
2277,227,228
2277,410,411
2277,438,439
2277,453,454
2278,227,228
2278,282,283
2278,410,411
2278,453,454
2279,227,228
2279,438,439
2279,453,454
2279,551,552
2280,227,228
2280,282,283
2280,453,454
2280,551,552
2281,668,669
2281,672,673
2281,703,704
2281,855,856
2282,668,669
2282,672,673
2282,855,856
2282,883,884
2283,403,404
2283,656,657
2283,685,686
2283,703,704
2284,403,404
2284,656,657
2284,685,686
2284,787,788
2285,656,657
2285,685,686
2285,703,704
2285,773,774
2286,656,657
2286,685,686
2286,773,774
2286,787,788
2287,652,653
2287,656,657
2287,977,978
2287,1036,1037
2288,652,653
2288,656,657
2288,787,788
2288,977,978
2289,656,657
2289,845,846
2289,943,944
2289,1036,1037
2290,656,657
2290,773,774
2290,845,846
2290,943,944
2291,656,657
2291,773,774
2291,787,788
2291,845,846
2292,656,657
2292,787,788
2292,845,846
2292,977,978
2293,656,657
2293,904,905
2293,977,978
2293,1036,1037
2294,656,657
2294,845,846
2294,904,905
2294,977,978
2295,656,657
2295,845,846
2295,904,905
2295,1036,1037
2296,664,665
2296,731,732
2296,913,914
2296,959,960
2297,658,659
2297,664,665
2297,913,914
2297,959,960
2298,658,659
2298,664,665
2298,740,741
2298,913,914
2299,664,665
2299,740,741
2299,893,894
2299,913,914
2300,731,732
2300,740,741
2300,893,894
2300,913,914
2301,664,665
2301,731,732
2301,893,894
2301,913,914
2302,571,572
2302,673,674
2302,913,914
2302,924,925
2303,464,465
2303,571,572
2303,673,674
2303,913,914
2304,464,465
2304,673,674
2304,731,732
2304,913,914
2305,464,465
2305,571,572
2305,913,914
2305,959,960
2306,464,465
2306,731,732
2306,913,914
2306,959,960
2307,673,674
2307,799,800
2307,913,914
2307,971,972
2308,673,674
2308,731,732
2308,799,800
2308,913,914
2309,740,741
2309,799,800
2309,913,914
2309,971,972
2310,731,732
2310,740,741
2310,799,800
2310,913,914
2311,740,741
2311,913,914
2311,964,965
2311,971,972
2312,658,659
2312,740,741
2312,913,914
2312,964,965
2313,913,914
2313,924,925
2313,964,965
2313,971,972
2314,673,674
2314,913,914
2314,924,925
2314,971,972
2315,402,403
2315,456,457
2315,689,690
2315,789,790
2316,402,403
2316,456,457
2316,689,690
2316,718,719
2317,456,457
2317,491,492
2317,689,690
2317,718,719
2318,456,457
2318,491,492
2318,517,518
2318,718,719
2319,402,403
2319,456,457
2319,591,592
2319,718,719
2320,456,457
2320,517,518
2320,591,592
2320,718,719
2321,456,457
2321,517,518
2321,591,592
2321,716,717
2322,402,403
2322,456,457
2322,671,672
2322,789,790
2323,402,403
2323,456,457
2323,591,592
2323,671,672
2324,456,457
2324,591,592
2324,671,672
2324,716,717
2325,481,482
2325,570,571
2325,586,587
2325,696,697
2326,454,455
2326,481,482
2326,586,587
2326,696,697
2327,481,482
2327,536,537
2327,570,571
2327,586,587
2328,481,482
2328,508,509
2328,536,537
2328,570,571
2329,454,455
2329,481,482
2329,519,520
2329,586,587
2330,455,456
2330,481,482
2330,508,509
2330,570,571
2331,481,482
2331,485,486
2331,508,509
2331,519,520
2332,454,455
2332,481,482
2332,485,486
2332,519,520
2333,481,482
2333,519,520
2333,536,537
2333,586,587
2334,481,482
2334,508,509
2334,519,520
2334,536,537
2335,411,412
2335,481,482
2335,485,486
2335,508,509
2336,411,412
2336,455,456
2336,481,482
2336,508,509
2337,291,292
2337,411,412
2337,481,482
2337,485,486
2338,291,292
2338,411,412
2338,455,456
2338,481,482
2339,394,395
2339,520,521
2339,568,569
2339,575,576
2340,283,284
2340,394,395
2340,568,569
2340,575,576
2341,509,510
2341,520,521
2341,575,576
2341,681,682
2342,503,504
2342,575,576
2342,681,682
2342,733,734
2343,503,504
2343,509,510
2343,575,576
2343,681,682
2344,283,284
2344,381,382
2344,568,569
2344,575,576
2345,381,382
2345,538,539
2345,568,569
2345,575,576
2346,544,545
2346,545,546
2346,721,722
2346,793,794
2347,476,477
2347,544,545
2347,545,546
2347,721,722
2348,545,546
2348,721,722
2348,793,794
2348,979,980
2349,544,545
2349,721,722
2349,722,723
2349,793,794
2350,476,477
2350,544,545
2350,721,722
2350,722,723
2351,459,460
2351,476,477
2351,722,723
2351,763,764
2352,459,460
2352,476,477
2352,721,722
2352,722,723
2353,459,460
2353,476,477
2353,734,735
2353,763,764
2354,459,460
2354,476,477
2354,681,682
2354,734,735
2355,433,434
2355,459,460
2355,734,735
2355,763,764
2356,433,434
2356,459,460
2356,681,682
2356,734,735
2357,433,434
2357,459,460
2357,614,615
2357,928,929
2358,433,434
2358,459,460
2358,763,764
2358,928,929
2359,433,434
2359,459,460
2359,581,582
2359,614,615
2360,433,434
2360,459,460
2360,581,582
2360,681,682
2361,283,284
2361,394,395
2361,575,576
2361,737,738
2362,397,398
2362,476,477
2362,567,568
2362,737,738
2363,476,477
2363,567,568
2363,734,735
2363,737,738
2364,394,395
2364,567,568
2364,734,735
2364,737,738
2365,283,284
2365,575,576
2365,733,734
2365,737,738
2366,394,395
2366,520,521
2366,575,576
2366,737,738
2367,520,521
2367,575,576
2367,681,682
2367,737,738
2368,397,398
2368,476,477
2368,498,499
2368,737,738
2369,476,477
2369,498,499
2369,681,682
2369,737,738
2370,476,477
2370,681,682
2370,734,735
2370,737,738
2371,235,236
2371,283,284
2371,733,734
2371,737,738
2372,498,499
2372,681,682
2372,733,734
2372,737,738
2373,575,576
2373,681,682
2373,733,734
2373,737,738
2374,394,395
2374,520,521
2374,734,735
2374,737,738
2375,520,521
2375,681,682
2375,734,735
2375,737,738
2376,401,402
2376,567,568
2376,578,579
2376,734,735
2377,401,402
2377,515,516
2377,567,568
2377,578,579
2378,401,402
2378,499,500
2378,578,579
2378,734,735
2379,401,402
2379,499,500
2379,515,516
2379,578,579
2380,401,402
2380,499,500
2380,667,668
2380,734,735
2381,401,402
2381,667,668
2381,722,723
2381,734,735
2382,401,402
2382,439,440
2382,499,500
2382,515,516
2383,401,402
2383,439,440
2383,499,500
2383,667,668
2384,401,402
2384,476,477
2384,544,545
2384,722,723
2385,401,402
2385,476,477
2385,722,723
2385,734,735
2386,401,402
2386,476,477
2386,544,545
2386,567,568
2387,401,402
2387,476,477
2387,567,568
2387,734,735
2388,401,402
2388,439,440
2388,515,516
2388,544,545
2389,401,402
2389,515,516
2389,544,545
2389,567,568
2390,401,402
2390,439,440
2390,667,668
2390,711,712
2391,401,402
2391,667,668
2391,711,712
2391,722,723
2392,401,402
2392,439,440
2392,544,545
2392,711,712
2393,401,402
2393,544,545
2393,711,712
2393,722,723
2394,279,280
2394,325,326
2394,366,367
2394,414,415
2395,201,202
2395,279,280
2395,325,326
2395,366,367
2396,201,202
2396,314,315
2396,325,326
2396,366,367
2397,314,315
2397,325,326
2397,366,367
2397,538,539
2398,179,180
2398,201,202
2398,279,280
2398,325,326
2399,291,292
2399,306,307
2399,455,456
2399,525,526
2400,306,307
2400,455,456
2400,525,526
2400,570,571
2401,291,292
2401,306,307
2401,455,456
2401,481,482
2402,306,307
2402,455,456
2402,481,482
2402,570,571
2403,306,307
2403,525,526
2403,570,571
2403,691,692
2404,306,307
2404,570,571
2404,691,692
2404,696,697
2405,306,307
2405,481,482
2405,570,571
2405,696,697
2406,306,307
2406,460,461
2406,691,692
2406,696,697
2407,236,237
2407,306,307
2407,460,461
2407,691,692
2408,236,237
2408,306,307
2408,525,526
2408,691,692
2409,346,347
2409,460,461
2409,462,463
2409,520,521
2410,236,237
2410,346,347
2410,460,461
2410,462,463
2411,248,249
2411,342,343
2411,346,347
2411,541,542
2412,346,347
2412,462,463
2412,494,495
2412,520,521
2413,236,237
2413,346,347
2413,462,463
2413,494,495
2414,248,249
2414,346,347
2414,541,542
2414,597,598
2415,236,237
2415,248,249
2415,346,347
2415,597,598
2416,236,237
2416,346,347
2416,494,495
2416,597,598
2417,346,347
2417,394,395
2417,494,495
2417,520,521
2418,346,347
2418,394,395
2418,520,521
2418,568,569
2419,346,347
2419,383,384
2419,541,542
2419,597,598
2420,346,347
2420,383,384
2420,494,495
2420,597,598
2421,346,347
2421,383,384
2421,394,395
2421,494,495
2422,346,347
2422,383,384
2422,394,395
2422,568,569
2423,203,204
2423,222,223
2423,324,325
2423,373,374
2424,203,204
2424,222,223
2424,324,325
2424,414,415
2425,203,204
2425,222,223
2425,279,280
2425,414,415
2426,203,204
2426,279,280
2426,325,326
2426,414,415
2427,203,204
2427,222,223
2427,279,280
2427,359,360
2428,630,631
2428,633,634
2428,698,699
2428,935,936
2429,630,631
2429,633,634
2429,786,787
2429,935,936
2430,581,582
2430,630,631
2430,633,634
2430,786,787
2431,434,435
2431,552,553
2431,630,631
2431,757,758
2432,475,476
2432,581,582
2432,630,631
2432,757,758
2433,475,476
2433,581,582
2433,630,631
2433,786,787
2434,434,435
2434,510,511
2434,630,631
2434,757,758
2435,475,476
2435,510,511
2435,630,631
2435,757,758
2436,475,476
2436,510,511
2436,630,631
2436,786,787
2437,678,679
2437,702,703
2437,726,727
2437,769,770
2438,678,679
2438,702,703
2438,796,797
2438,901,902
2439,702,703
2439,796,797
2439,806,807
2439,879,880
2440,702,703
2440,796,797
2440,901,902
2440,946,947
2441,702,703
2441,796,797
2441,806,807
2441,946,947
2442,702,703
2442,704,705
2442,769,770
2442,935,936
2443,661,662
2443,695,696
2443,704,705
2443,935,936
2444,695,696
2444,704,705
2444,769,770
2444,935,936
2445,678,679
2445,702,703
2445,704,705
2445,769,770
2446,678,679
2446,702,703
2446,704,705
2446,796,797
2447,395,396
2447,474,475
2447,566,567
2447,786,787
2448,395,396
2448,474,475
2448,566,567
2448,779,780
2449,395,396
2449,474,475
2449,475,476
2449,503,504
2450,395,396
2450,474,475
2450,475,476
2450,786,787
2451,441,442
2451,474,475
2451,566,567
2451,596,597
2452,441,442
2452,474,475
2452,566,567
2452,786,787
2453,395,396
2453,474,475
2453,733,734
2453,779,780
2454,395,396
2454,474,475
2454,503,504
2454,733,734
2455,474,475
2455,475,476
2455,503,504
2455,693,694
2456,474,475
2456,503,504
2456,604,605
2456,693,694
2457,474,475
2457,596,597
2457,604,605
2457,693,694
2458,474,475
2458,596,597
2458,604,605
2458,779,780
2459,474,475
2459,566,567
2459,596,597
2459,779,780
2460,474,475
2460,604,605
2460,733,734
2460,779,780
2461,474,475
2461,503,504
2461,604,605
2461,733,734
2462,474,475
2462,475,476
2462,640,641
2462,786,787
2463,474,475
2463,475,476
2463,640,641
2463,693,694
2464,441,442
2464,474,475
2464,589,590
2464,596,597
2465,474,475
2465,589,590
2465,596,597
2465,693,694
2466,441,442
2466,474,475
2466,640,641
2466,786,787
2467,441,442
2467,474,475
2467,589,590
2467,640,641
2468,474,475
2468,589,590
2468,640,641
2468,693,694
2469,633,634
2469,692,693
2469,723,724
2469,929,930
2470,644,645
2470,692,693
2470,723,724
2470,818,819
2471,644,645
2471,692,693
2471,723,724
2471,929,930
2472,545,546
2472,721,722
2472,723,724
2472,979,980
2473,721,722
2473,723,724
2473,818,819
2473,979,980
2474,644,645
2474,723,724
2474,818,819
2474,820,821
2475,723,724
2475,818,819
2475,820,821
2475,979,980
2476,196,197
2476,230,231
2476,378,379
2476,415,416
2477,230,231
2477,378,379
2477,408,409
2477,415,416
2478,178,179
2478,196,197
2478,230,231
2478,378,379
2479,178,179
2479,230,231
2479,378,379
2479,408,409
2480,196,197
2480,352,353
2480,377,378
2480,378,379
2481,352,353
2481,377,378
2481,378,379
2481,443,444
2482,158,159
2482,178,179
2482,196,197
2482,378,379
2483,158,159
2483,196,197
2483,352,353
2483,378,379
2484,158,159
2484,352,353
2484,378,379
2484,443,444
2485,297,298
2485,378,379
2485,443,444
2485,580,581
2486,178,179
2486,285,286
2486,307,308
2486,378,379
2487,285,286
2487,297,298
2487,307,308
2487,378,379
2488,178,179
2488,297,298
2488,307,308
2488,378,379
2489,390,391
2489,451,452
2489,473,474
2489,543,544
2490,377,378
2490,451,452
2490,479,480
2490,514,515
2491,451,452
2491,483,484
2491,514,515
2491,597,598
2492,289,290
2492,377,378
2492,390,391
2492,451,452
2493,289,290
2493,390,391
2493,451,452
2493,473,474
2494,289,290
2494,377,378
2494,451,452
2494,479,480
2495,289,290
2495,451,452
2495,473,474
2495,479,480
2496,367,368
2496,415,416
2496,543,544
2496,585,586
2497,252,253
2497,265,266
2497,367,368
2497,585,586
2498,252,253
2498,367,368
2498,543,544
2498,585,586
2499,451,452
2499,483,484
2499,585,586
2499,597,598
2500,252,253
2500,516,517
2500,543,544
2500,585,586
2501,463,464
2501,483,484
2501,585,586
2501,597,598
2502,265,266
2502,463,464
2502,585,586
2502,597,598
2503,463,464
2503,483,484
2503,516,517
2503,585,586
2504,252,253
2504,265,266
2504,516,517
2504,585,586
2505,265,266
2505,463,464
2505,516,517
2505,585,586
2506,470,471
2506,636,637
2506,731,732
2506,788,789
2507,464,465
2507,470,471
2507,636,637
2507,731,732
2508,464,465
2508,470,471
2508,731,732
2508,753,754
2509,470,471
2509,488,489
2509,731,732
2509,753,754
2510,421,422
2510,470,471
2510,488,489
2510,753,754
2511,421,422
2511,470,471
2511,488,489
2511,756,757
2512,421,422
2512,470,471
2512,638,639
2512,756,757
2513,470,471
2513,638,639
2513,756,757
2513,788,789
2514,470,471
2514,479,480
2514,680,681
2514,701,702
2515,421,422
2515,470,471
2515,638,639
2515,680,681
2516,470,471
2516,638,639
2516,680,681
2516,701,702
2517,440,441
2517,470,471
2517,479,480
2517,680,681
2518,421,422
2518,440,441
2518,470,471
2518,753,754
2519,421,422
2519,440,441
2519,470,471
2519,680,681
2520,470,471
2520,488,489
2520,731,732
2520,893,894
2521,470,471
2521,488,489
2521,756,757
2521,893,894
2522,470,471
2522,731,732
2522,788,789
2522,893,894
2523,470,471
2523,756,757
2523,788,789
2523,893,894
2524,617,618
2524,788,789
2524,799,800
2524,893,894
2525,617,618
2525,641,642
2525,752,753
2525,893,894
2526,617,618
2526,641,642
2526,799,800
2526,893,894
2527,617,618
2527,756,757
2527,788,789
2527,893,894
2528,617,618
2528,638,639
2528,756,757
2528,788,789
2529,752,753
2529,884,885
2529,893,894
2529,914,915
2530,752,753
2530,839,840
2530,884,885
2530,914,915
2531,839,840
2531,857,858
2531,884,885
2531,914,915
2532,617,618
2532,752,753
2532,893,894
2532,914,915
2533,617,618
2533,756,757
2533,893,894
2533,914,915
2534,623,624
2534,717,718
2534,756,757
2534,914,915
2535,623,624
2535,756,757
2535,758,759
2535,914,915
2536,756,757
2536,758,759
2536,893,894
2536,914,915
2537,767,768
2537,839,840
2537,857,858
2537,914,915
2538,623,624
2538,717,718
2538,811,812
2538,914,915
2539,623,624
2539,811,812
2539,857,858
2539,914,915
2540,717,718
2540,767,768
2540,811,812
2540,914,915
2541,767,768
2541,811,812
2541,857,858
2541,914,915
2542,148,149
2542,162,163
2542,184,185
2542,215,216
2543,184,185
2543,285,286
2543,298,299
2543,408,409
2544,119,120
2544,162,163
2544,184,185
2544,215,216
2545,119,120
2545,184,185
2545,215,216
2545,307,308
2546,119,120
2546,178,179
2546,184,185
2546,307,308
2547,178,179
2547,184,185
2547,285,286
2547,307,308
2548,178,179
2548,184,185
2548,230,231
2548,408,409
2549,59,60
2549,119,120
2549,162,163
2549,184,185
2550,59,60
2550,119,120
2550,178,179
2550,184,185
2551,178,179
2551,184,185
2551,285,286
2551,378,379
2552,184,185
2552,285,286
2552,378,379
2552,408,409
2553,178,179
2553,184,185
2553,378,379
2553,408,409
2554,59,60
2554,162,163
2554,184,185
2554,230,231
2555,59,60
2555,178,179
2555,184,185
2555,230,231
2556,1470,1471
2556,1552,1553
2556,1578,1579
2556,1754,1755
2557,1552,1553
2557,1578,1579
2557,1754,1755
2557,1823,1824
2558,1470,1471
2558,1593,1594
2558,1688,1689
2558,1754,1755
2559,1470,1471
2559,1552,1553
2559,1593,1594
2559,1754,1755
2560,1669,1670
2560,1675,1676
2560,1754,1755
2560,1823,1824
2561,1552,1553
2561,1669,1670
2561,1754,1755
2561,1823,1824
2562,1412,1413
2562,1552,1553
2562,1669,1670
2562,1769,1770
2563,1412,1413
2563,1636,1637
2563,1669,1670
2563,1769,1770
2564,1636,1637
2564,1669,1670
2564,1745,1746
2564,1769,1770
2565,1669,1670
2565,1675,1676
2565,1713,1714
2565,1745,1746
2566,1636,1637
2566,1669,1670
2566,1713,1714
2566,1745,1746
2567,1412,1413
2567,1552,1553
2567,1659,1660
2567,1669,1670
2568,1552,1553
2568,1659,1660
2568,1669,1670
2568,1823,1824
2569,298,299
2569,367,368
2569,385,386
2569,594,595
2570,298,299
2570,336,337
2570,385,386
2570,594,595
2571,193,194
2571,336,337
2571,385,386
2571,594,595
2572,193,194
2572,298,299
2572,336,337
2572,385,386
2573,298,299
2573,367,368
2573,385,386
2573,408,409
2574,230,231
2574,367,368
2574,385,386
2574,408,409
2575,184,185
2575,298,299
2575,385,386
2575,408,409
2576,162,163
2576,184,185
2576,230,231
2576,385,386
2577,184,185
2577,230,231
2577,385,386
2577,408,409
2578,806,807
2578,827,828
2578,1131,1132
2578,1136,1137
2579,870,871
2579,978,979
2579,1023,1024
2579,1076,1077
2580,870,871
2580,978,979
2580,1076,1077
2580,1159,1160
2581,870,871
2581,978,979
2581,1103,1104
2581,1159,1160
2582,870,871
2582,1021,1022
2582,1103,1104
2582,1159,1160
2583,814,815
2583,870,871
2583,1076,1077
2583,1159,1160
2584,676,677
2584,729,730
2584,764,765
2584,963,964
2585,619,620
2585,676,677
2585,729,730
2585,764,765
2586,1027,1028
2586,1130,1131
2586,1166,1167
2586,1177,1178
2587,1058,1059
2587,1064,1065
2587,1156,1157
2587,1201,1202
2588,922,923
2588,1058,1059
2588,1064,1065
2588,1156,1157
2589,817,818
2589,922,923
2589,1064,1065
2589,1186,1187
2590,817,818
2590,1064,1065
2590,1070,1071
2590,1132,1133
2591,817,818
2591,922,923
2591,1064,1065
2591,1132,1133
2592,922,923
2592,1058,1059
2592,1064,1065
2592,1085,1086
2593,1058,1059
2593,1064,1065
2593,1085,1086
2593,1132,1133
2594,922,923
2594,1064,1065
2594,1085,1086
2594,1132,1133
2595,456,457
2595,491,492
2595,517,518
2595,709,710
2596,623,624
2596,739,740
2596,742,743
2596,925,926
2597,472,473
2597,687,688
2597,713,714
2597,789,790
2598,435,436
2598,472,473
2598,687,688
2598,868,869
2599,435,436
2599,472,473
2599,687,688
2599,689,690
2600,472,473
2600,687,688
2600,689,690
2600,789,790
2601,456,457
2601,687,688
2601,689,690
2601,789,790
2602,456,457
2602,491,492
2602,687,688
2602,689,690
2603,456,457
2603,491,492
2603,687,688
2603,709,710
2604,654,655
2604,685,686
2604,765,766
2604,925,926
2605,654,655
2605,715,716
2605,765,766
2605,787,788
2606,654,655
2606,685,686
2606,765,766
2606,787,788
2607,403,404
2607,715,716
2607,765,766
2607,787,788
2608,403,404
2608,685,686
2608,765,766
2608,787,788
2609,403,404
2609,582,583
2609,715,716
2609,765,766
2610,403,404
2610,572,573
2610,685,686
2610,765,766
2611,403,404
2611,572,573
2611,582,583
2611,765,766
2612,461,462
2612,572,573
2612,623,624
2612,765,766
2613,461,462
2613,572,573
2613,582,583
2613,765,766
2614,572,573
2614,623,624
2614,765,766
2614,811,812
2615,572,573
2615,685,686
2615,765,766
2615,811,812
2616,623,624
2616,765,766
2616,811,812
2616,925,926
2617,685,686
2617,765,766
2617,811,812
2617,925,926
2618,845,846
2618,855,856
2618,881,882
2618,925,926
2619,742,743
2619,855,856
2619,881,882
2619,925,926
2620,739,740
2620,742,743
2620,761,762
2620,854,855
2621,655,656
2621,739,740
2621,761,762
2621,854,855
2622,655,656
2622,809,810
2622,903,904
2622,1013,1014
2623,655,656
2623,772,773
2623,809,810
2623,903,904
2624,772,773
2624,809,810
2624,903,904
2624,1155,1156
2625,1058,1059
2625,1064,1065
2625,1071,1072
2625,1201,1202
2626,832,833
2626,846,847
2626,967,968
2626,1086,1087
2627,832,833
2627,846,847
2627,974,975
2627,1086,1087
2628,832,833
2628,967,968
2628,1086,1087
2628,1186,1187
2629,832,833
2629,974,975
2629,1086,1087
2629,1186,1187
2630,832,833
2630,974,975
2630,1071,1072
2630,1129,1130
2631,832,833
2631,1064,1065
2631,1071,1072
2631,1129,1130
2632,817,818
2632,832,833
2632,967,968
2632,1186,1187
2633,817,818
2633,832,833
2633,1064,1065
2633,1186,1187
2634,655,656
2634,854,855
2634,1013,1014
2634,1044,1045
2635,761,762
2635,854,855
2635,1044,1045
2635,1129,1130
2636,655,656
2636,761,762
2636,854,855
2636,1044,1045
2637,761,762
2637,815,816
2637,1044,1045
2637,1129,1130
2638,815,816
2638,1015,1016
2638,1044,1045
2638,1129,1130
2639,1051,1052
2639,1247,1248
2639,1311,1312
2639,1360,1361
2640,1051,1052
2640,1144,1145
2640,1247,1248
2640,1360,1361
2641,1051,1052
2641,1247,1248
2641,1280,1281
2641,1311,1312
2642,1144,1145
2642,1192,1193
2642,1195,1196
2642,1247,1248
2643,1051,1052
2643,1144,1145
2643,1195,1196
2643,1247,1248
2644,1052,1053
2644,1247,1248
2644,1280,1281
2644,1311,1312
2645,1192,1193
2645,1195,1196
2645,1247,1248
2645,1308,1309
2646,1108,1109
2646,1144,1145
2646,1192,1193
2646,1247,1248
2647,1108,1109
2647,1144,1145
2647,1247,1248
2647,1360,1361
2648,1052,1053
2648,1247,1248
2648,1280,1281
2648,1308,1309
2649,1195,1196
2649,1247,1248
2649,1280,1281
2649,1308,1309
2650,1051,1052
2650,1195,1196
2650,1247,1248
2650,1280,1281
2651,1094,1095
2651,1108,1109
2651,1247,1248
2651,1360,1361
2652,1078,1079
2652,1108,1109
2652,1192,1193
2652,1247,1248
2653,1078,1079
2653,1192,1193
2653,1247,1248
2653,1308,1309
2654,1052,1053
2654,1078,1079
2654,1247,1248
2654,1308,1309
2655,1094,1095
2655,1108,1109
2655,1156,1157
2655,1247,1248
2656,1078,1079
2656,1108,1109
2656,1156,1157
2656,1247,1248
2657,1058,1059
2657,1097,1098
2657,1156,1157
2657,1390,1391
2658,1052,1053
2658,1058,1059
2658,1156,1157
2658,1390,1391
2659,1052,1053
2659,1058,1059
2659,1097,1098
2659,1390,1391
2660,1097,1098
2660,1156,1157
2660,1201,1202
2660,1390,1391
2661,1094,1095
2661,1156,1157
2661,1201,1202
2661,1390,1391
2662,1094,1095
2662,1156,1157
2662,1247,1248
2662,1390,1391
2663,1052,1053
2663,1247,1248
2663,1311,1312
2663,1390,1391
2664,1052,1053
2664,1078,1079
2664,1156,1157
2664,1390,1391
2665,1078,1079
2665,1156,1157
2665,1247,1248
2665,1390,1391
2666,1052,1053
2666,1078,1079
2666,1247,1248
2666,1390,1391
2667,1062,1063
2667,1094,1095
2667,1201,1202
2667,1390,1391
2668,1094,1095
2668,1311,1312
2668,1360,1361
2668,1390,1391
2669,1247,1248
2669,1311,1312
2669,1360,1361
2669,1390,1391
2670,1094,1095
2670,1247,1248
2670,1360,1361
2670,1390,1391
2671,1094,1095
2671,1257,1258
2671,1311,1312
2671,1390,1391
2672,1062,1063
2672,1094,1095
2672,1257,1258
2672,1390,1391
2673,1062,1063
2673,1234,1235
2673,1257,1258
2673,1390,1391
2674,643,644
2674,806,807
2674,827,828
2674,946,947
2675,245,246
2675,589,590
2675,596,597
2675,693,694
2676,225,226
2676,294,295
2676,485,486
2676,496,497
2677,294,295
2677,399,400
2677,485,486
2677,496,497
2678,262,263
2678,411,412
2678,485,486
2678,496,497
2679,262,263
2679,411,412
2679,496,497
2679,535,536
2680,262,263
2680,380,381
2680,422,423
2680,496,497
2681,207,208
2681,214,215
2681,256,257
2681,359,360
2682,203,204
2682,256,257
2682,279,280
2682,359,360
2683,203,204
2683,256,257
2683,279,280
2683,325,326
2684,179,180
2684,256,257
2684,279,280
2684,325,326
2685,179,180
2685,207,208
2685,256,257
2685,279,280
2686,76,77
2686,179,180
2686,225,226
2686,256,257
2687,76,77
2687,179,180
2687,207,208
2687,256,257
2688,76,77
2688,214,215
2688,225,226
2688,256,257
2689,76,77
2689,207,208
2689,214,215
2689,256,257
2690,222,223
2690,256,257
2690,279,280
2690,359,360
2691,207,208
2691,222,223
2691,256,257
2691,279,280
2692,207,208
2692,222,223
2692,256,257
2692,359,360
2693,201,202
2693,310,311
2693,354,355
2693,384,385
2694,194,195
2694,201,202
2694,354,355
2694,384,385
2695,194,195
2695,354,355
2695,384,385
2695,418,419
2696,91,92
2696,195,196
2696,310,311
2696,384,385
2697,195,196
2697,310,311
2697,354,355
2697,384,385
2698,91,92
2698,195,196
2698,384,385
2698,418,419
2699,195,196
2699,354,355
2699,384,385
2699,418,419
2700,194,195
2700,201,202
2700,290,291
2700,384,385
2701,91,92
2701,106,107
2701,310,311
2701,384,385
2702,106,107
2702,201,202
2702,310,311
2702,384,385
2703,106,107
2703,201,202
2703,290,291
2703,384,385
2704,194,195
2704,254,255
2704,290,291
2704,384,385
2705,194,195
2705,254,255
2705,384,385
2705,418,419
2706,91,92
2706,254,255
2706,384,385
2706,418,419
2707,95,96
2707,106,107
2707,290,291
2707,384,385
2708,91,92
2708,95,96
2708,106,107
2708,384,385
2709,95,96
2709,254,255
2709,290,291
2709,384,385
2710,91,92
2710,95,96
2710,254,255
2710,384,385
2711,179,180
2711,201,202
2711,274,275
2711,325,326
2712,272,273
2712,274,275
2712,294,295
2712,450,451
2713,179,180
2713,201,202
2713,274,275
2713,290,291
2714,179,180
2714,225,226
2714,256,257
2714,274,275
2715,179,180
2715,256,257
2715,274,275
2715,325,326
2716,201,202
2716,274,275
2716,290,291
2716,450,451
2717,272,273
2717,274,275
2717,290,291
2717,450,451
2718,30,31
2718,32,33
2718,117,118
2718,220,221
2719,20,21
2719,30,31
2719,117,118
2719,220,221
2720,20,21
2720,30,31
2720,80,81
2720,220,221
2721,80,81
2721,207,208
2721,214,215
2721,220,221
2722,20,21
2722,80,81
2722,214,215
2722,220,221
2723,76,77
2723,207,208
2723,214,215
2723,220,221
2724,30,31
2724,80,81
2724,124,125
2724,220,221
2725,30,31
2725,32,33
2725,124,125
2725,220,221
2726,80,81
2726,107,108
2726,124,125
2726,220,221
2727,80,81
2727,107,108
2727,207,208
2727,220,221
2728,107,108
2728,124,125
2728,191,192
2728,220,221
2729,107,108
2729,191,192
2729,207,208
2729,220,221
2730,32,33
2730,124,125
2730,191,192
2730,220,221
2731,76,77
2731,191,192
2731,207,208
2731,220,221
2732,586,587
2732,608,609
2732,613,614
2732,720,721
2733,584,585
2733,608,609
2733,613,614
2733,720,721
2734,493,494
2734,519,520
2734,586,587
2734,613,614
2735,368,369
2735,427,428
2735,484,485
2735,613,614
2736,427,428
2736,484,485
2736,584,585
2736,613,614
2737,495,496
2737,584,585
2737,608,609
2737,613,614
2738,368,369
2738,427,428
2738,493,494
2738,613,614
2739,368,369
2739,493,494
2739,519,520
2739,613,614
2740,442,443
2740,640,641
2740,674,675
2740,720,721
2741,442,443
2741,584,585
2741,674,675
2741,720,721
2742,442,443
2742,674,675
2742,699,700
2742,726,727
2743,442,443
2743,640,641
2743,674,675
2743,726,727
2744,442,443
2744,640,641
2744,699,700
2744,726,727
2745,436,437
2745,442,443
2745,674,675
2745,732,733
2746,436,437
2746,442,443
2746,584,585
2746,674,675
2747,436,437
2747,442,443
2747,584,585
2747,732,733
2748,442,443
2748,674,675
2748,732,733
2748,750,751
2749,442,443
2749,674,675
2749,699,700
2749,750,751
2750,442,443
2750,699,700
2750,732,733
2750,750,751
2751,442,443
2751,584,585
2751,613,614
2751,720,721
2752,427,428
2752,442,443
2752,584,585
2752,613,614
2753,442,443
2753,484,485
2753,584,585
2753,732,733
2754,427,428
2754,442,443
2754,484,485
2754,584,585
2755,313,314
2755,442,443
2755,484,485
2755,732,733
2756,313,314
2756,427,428
2756,442,443
2756,484,485
2757,74,75
2757,181,182
2757,211,212
2757,372,373
2758,74,75
2758,98,99
2758,181,182
2758,217,218
2759,74,75
2759,181,182
2759,217,218
2759,372,373
2760,181,182
2760,211,212
2760,372,373
2760,380,381
2761,181,182
2761,211,212
2761,350,351
2761,380,381
2762,181,182
2762,372,373
2762,380,381
2762,422,423
2763,25,26
2763,98,99
2763,181,182
2763,210,211
2764,25,26
2764,181,182
2764,372,373
2764,422,423
2765,25,26
2765,181,182
2765,210,211
2765,422,423
2766,25,26
2766,98,99
2766,181,182
2766,217,218
2767,25,26
2767,181,182
2767,217,218
2767,372,373
2768,90,91
2768,135,136
2768,182,183
2768,191,192
2769,38,39
2769,90,91
2769,135,136
2769,182,183
2770,77,78
2770,90,91
2770,189,190
2770,389,390
2771,29,30
2771,32,33
2771,90,91
2771,135,136
2772,32,33
2772,90,91
2772,135,136
2772,191,192
2773,29,30
2773,90,91
2773,135,136
2773,160,161
2774,38,39
2774,90,91
2774,135,136
2774,160,161
2775,76,77
2775,90,91
2775,191,192
2775,220,221
2776,32,33
2776,90,91
2776,191,192
2776,220,221
2777,29,30
2777,90,91
2777,160,161
2777,189,190
2778,38,39
2778,90,91
2778,160,161
2778,189,190
2779,1015,1016
2779,1097,1098
2779,1201,1202
2779,1323,1324
2780,1097,1098
2780,1201,1202
2780,1323,1324
2780,1390,1391
2781,1062,1063
2781,1201,1202
2781,1323,1324
2781,1390,1391
2782,1062,1063
2782,1234,1235
2782,1301,1302
2782,1323,1324
2783,1062,1063
2783,1201,1202
2783,1301,1302
2783,1323,1324
2784,1175,1176
2784,1199,1200
2784,1239,1240
2784,1280,1281
2785,1199,1200
2785,1217,1218
2785,1239,1240
2785,1280,1281
2786,1217,1218
2786,1239,1240
2786,1280,1281
2786,1358,1359
2787,1051,1052
2787,1199,1200
2787,1217,1218
2787,1280,1281
2788,1051,1052
2788,1217,1218
2788,1280,1281
2788,1358,1359
2789,1051,1052
2789,1199,1200
2789,1217,1218
2789,1228,1229
2790,1051,1052
2790,1217,1218
2790,1228,1229
2790,1358,1359
2791,1217,1218
2791,1228,1229
2791,1265,1266
2791,1358,1359
2792,1199,1200
2792,1217,1218
2792,1228,1229
2792,1382,1383
2793,1217,1218
2793,1265,1266
2793,1318,1319
2793,1596,1597
2794,1175,1176
2794,1199,1200
2794,1217,1218
2794,1239,1240
2795,1217,1218
2795,1265,1266
2795,1318,1319
2795,1434,1435
2796,1217,1218
2796,1318,1319
2796,1382,1383
2796,1434,1435
2797,1217,1218
2797,1228,1229
2797,1265,1266
2797,1434,1435
2798,1217,1218
2798,1228,1229
2798,1382,1383
2798,1434,1435
2799,1019,1020
2799,1083,1084
2799,1256,1257
2799,1346,1347
2800,1019,1020
2800,1256,1257
2800,1346,1347
2800,1520,1521
2801,1019,1020
2801,1246,1247
2801,1256,1257
2801,1520,1521
2802,1246,1247
2802,1256,1257
2802,1520,1521
2802,1596,1597
2803,1019,1020
2803,1239,1240
2803,1246,1247
2803,1256,1257
2804,1239,1240
2804,1246,1247
2804,1256,1257
2804,1596,1597
2805,1217,1218
2805,1256,1257
2805,1265,1266
2805,1358,1359
2806,1217,1218
2806,1239,1240
2806,1256,1257
2806,1358,1359
2807,1212,1213
2807,1256,1257
2807,1265,1266
2807,1520,1521
2808,1212,1213
2808,1256,1257
2808,1265,1266
2808,1596,1597
2809,1212,1213
2809,1256,1257
2809,1520,1521
2809,1596,1597
2810,1217,1218
2810,1256,1257
2810,1265,1266
2810,1596,1597
2811,1217,1218
2811,1239,1240
2811,1256,1257
2811,1596,1597
2812,654,655
2812,812,813
2812,845,846
2812,925,926
2813,812,813
2813,845,846
2813,881,882
2813,925,926
2814,742,743
2814,812,813
2814,881,882
2814,954,955
2815,742,743
2815,812,813
2815,881,882
2815,925,926
2816,815,816
2816,880,881
2816,954,955
2816,1022,1023
2817,815,816
2817,880,881
2817,1022,1023
2817,1092,1093
2818,957,958
2818,996,997
2818,1104,1105
2818,1164,1165
2819,682,683
2819,882,883
2819,955,956
2819,972,973
2820,682,683
2820,859,860
2820,882,883
2820,972,973
2821,853,854
2821,948,949
2821,955,956
2821,972,973
2822,682,683
2822,948,949
2822,955,956
2822,972,973
2823,853,854
2823,948,949
2823,972,973
2823,1018,1019
2824,682,683
2824,859,860
2824,942,943
2824,972,973
2825,942,943
2825,948,949
2825,972,973
2825,1018,1019
2826,682,683
2826,942,943
2826,948,949
2826,972,973
2827,682,683
2827,905,906
2827,911,912
2827,932,933
2828,682,683
2828,882,883
2828,911,912
2828,932,933
2829,682,683
2829,859,860
2829,882,883
2829,932,933
2830,620,621
2830,882,883
2830,911,912
2830,932,933
2831,620,621
2831,792,793
2831,882,883
2831,932,933
2832,792,793
2832,882,883
2832,932,933
2832,934,935
2833,859,860
2833,882,883
2833,932,933
2833,934,935
2834,829,830
2834,965,966
2834,976,977
2834,1168,1169
2835,829,830
2835,976,977
2835,1014,1015
2835,1168,1169
2836,965,966
2836,976,977
2836,1014,1015
2836,1168,1169
2837,829,830
2837,976,977
2837,1014,1015
2837,1149,1150
2838,829,830
2838,863,864
2838,976,977
2838,1149,1150
2839,863,864
2839,942,943
2839,976,977
2839,1149,1150
2840,976,977
2840,1014,1015
2840,1018,1019
2840,1149,1150
2841,942,943
2841,976,977
2841,1018,1019
2841,1149,1150
2842,682,683
2842,900,901
2842,904,905
2842,942,943
2843,682,683
2843,859,860
2843,900,901
2843,942,943
2844,682,683
2844,900,901
2844,904,905
2844,905,906
2845,654,655
2845,900,901
2845,904,905
2845,905,906
2846,682,683
2846,900,901
2846,905,906
2846,932,933
2847,682,683
2847,859,860
2847,900,901
2847,932,933
2848,987,988
2848,1018,1019
2848,1047,1048
2848,1126,1127
2849,987,988
2849,996,997
2849,1018,1019
2849,1126,1127
2850,1009,1010
2850,1014,1015
2850,1047,1048
2850,1126,1127
2851,1014,1015
2851,1018,1019
2851,1047,1048
2851,1126,1127
2852,976,977
2852,1014,1015
2852,1018,1019
2852,1126,1127
2853,965,966
2853,1009,1010
2853,1014,1015
2853,1126,1127
2854,965,966
2854,976,977
2854,1014,1015
2854,1126,1127
2855,965,966
2855,976,977
2855,1089,1090
2855,1126,1127
2856,987,988
2856,996,997
2856,1018,1019
2856,1125,1126
2857,853,854
2857,987,988
2857,1018,1019
2857,1125,1126
2858,853,854
2858,987,988
2858,1125,1126
2858,1179,1180
2859,957,958
2859,996,997
2859,1018,1019
2859,1125,1126
2860,853,854
2860,1111,1112
2860,1125,1126
2860,1179,1180
2861,853,854
2861,972,973
2861,1018,1019
2861,1125,1126
2862,957,958
2862,972,973
2862,1018,1019
2862,1125,1126
2863,853,854
2863,957,958
2863,972,973
2863,1125,1126
2864,853,854
2864,1111,1112
2864,1125,1126
2864,1170,1171
2865,996,997
2865,1029,1030
2865,1104,1105
2865,1403,1404
2866,996,997
2866,1029,1030
2866,1104,1105
2866,1164,1165
2867,1029,1030
2867,1054,1055
2867,1273,1274
2867,1403,1404
2868,874,875
2868,908,909
2868,1109,1110
2868,1190,1191
2869,1075,1076
2869,1152,1153
2869,1314,1315
2869,1370,1371
2870,1075,1076
2870,1151,1152
2870,1152,1153
2870,1179,1180
2871,1075,1076
2871,1151,1152
2871,1152,1153
2871,1327,1328
2872,1075,1076
2872,1152,1153
2872,1246,1247
2872,1327,1328
2873,1075,1076
2873,1246,1247
2873,1310,1311
2873,1327,1328
2874,1075,1076
2874,1152,1153
2874,1246,1247
2874,1310,1311
2875,1198,1199
2875,1342,1343
2875,1558,1559
2875,1560,1561
2876,1198,1199
2876,1242,1243
2876,1558,1559
2876,1560,1561
2877,1342,1343
2877,1452,1453
2877,1558,1559
2877,1560,1561
2878,1242,1243
2878,1452,1453
2878,1558,1559
2878,1560,1561
2879,1242,1243
2879,1337,1338
2879,1387,1388
2879,1560,1561
2880,1242,1243
2880,1337,1338
2880,1452,1453
2880,1560,1561
2881,1152,1153
2881,1246,1247
2881,1254,1255
2881,1310,1311
2882,1075,1076
2882,1152,1153
2882,1254,1255
2882,1310,1311
2883,1075,1076
2883,1152,1153
2883,1254,1255
2883,1314,1315
2884,1075,1076
2884,1254,1255
2884,1310,1311
2884,1314,1315
2885,1246,1247
2885,1254,1255
2885,1310,1311
2885,1387,1388
2886,1152,1153
2886,1254,1255
2886,1314,1315
2886,1370,1371
2887,432,433
2887,522,523
2887,579,580
2887,707,708
2888,522,523
2888,579,580
2888,603,604
2888,707,708
2889,579,580
2889,582,583
2889,603,604
2889,707,708
2890,561,562
2890,577,578
2890,579,580
2890,582,583
2891,432,433
2891,522,523
2891,579,580
2891,592,593
2892,416,417
2892,522,523
2892,603,604
2892,794,795
2893,282,283
2893,416,417
2893,522,523
2893,794,795
2894,200,201
2894,282,283
2894,416,417
2894,794,795
2895,200,201
2895,282,283
2895,416,417
2895,522,523
2896,200,201
2896,371,372
2896,416,417
2896,794,795
2897,416,417
2897,522,523
2897,579,580
2897,603,604
2898,416,417
2898,603,604
2898,777,778
2898,794,795
2899,416,417
2899,561,562
2899,603,604
2899,777,778
2900,371,372
2900,416,417
2900,777,778
2900,794,795
2901,416,417
2901,561,562
2901,582,583
2901,603,604
2902,416,417
2902,579,580
2902,582,583
2902,603,604
2903,416,417
2903,561,562
2903,579,580
2903,582,583
2904,416,417
2904,561,562
2904,577,578
2904,579,580
2905,200,201
2905,311,312
2905,559,560
2905,609,610
2906,200,201
2906,371,372
2906,559,560
2906,609,610
2907,200,201
2907,271,272
2907,311,312
2907,559,560
2908,200,201
2908,371,372
2908,416,417
2908,559,560
2909,396,397
2909,547,548
2909,652,653
2909,777,778
2910,396,397
2910,419,420
2910,547,548
2910,652,653
2911,396,397
2911,419,420
2911,652,653
2911,787,788
2912,396,397
2912,403,404
2912,652,653
2912,656,657
2913,396,397
2913,403,404
2913,656,657
2913,787,788
2914,396,397
2914,652,653
2914,656,657
2914,787,788
2915,396,397
2915,403,404
2915,715,716
2915,787,788
2916,396,397
2916,547,548
2916,777,778
2916,794,795
2917,396,397
2917,603,604
2917,777,778
2917,794,795
2918,396,397
2918,403,404
2918,561,562
2918,777,778
2919,396,397
2919,561,562
2919,603,604
2919,777,778
2920,396,397
2920,419,420
2920,547,548
2920,794,795
2921,396,397
2921,419,420
2921,603,604
2921,794,795
2922,396,397
2922,419,420
2922,603,604
2922,715,716
2923,396,397
2923,419,420
2923,715,716
2923,787,788
2924,396,397
2924,403,404
2924,582,583
2924,715,716
2925,396,397
2925,582,583
2925,603,604
2925,715,716
2926,396,397
2926,403,404
2926,561,562
2926,582,583
2927,396,397
2927,561,562
2927,582,583
2927,603,604
2928,1545,1546
2928,1559,1560
2928,1725,1726
2928,1821,1822
2929,1471,1472
2929,1545,1546
2929,1725,1726
2929,1821,1822
2930,1471,1472
2930,1708,1709
2930,1725,1726
2930,1821,1822
2931,1532,1533
2931,1545,1546
2931,1559,1560
2931,1725,1726
2932,1503,1504
2932,1532,1533
2932,1559,1560
2932,1725,1726
2933,1426,1427
2933,1471,1472
2933,1482,1483
2933,1545,1546
2934,1426,1427
2934,1471,1472
2934,1482,1483
2934,1585,1586
2935,1426,1427
2935,1471,1472
2935,1545,1546
2935,1725,1726
2936,1426,1427
2936,1471,1472
2936,1585,1586
2936,1725,1726
2937,1426,1427
2937,1486,1487
2937,1573,1574
2937,1609,1610
2938,1332,1333
2938,1426,1427
2938,1486,1487
2938,1609,1610
2939,1426,1427
2939,1573,1574
2939,1576,1577
2939,1609,1610
2940,1419,1420
2940,1426,1427
2940,1573,1574
2940,1576,1577
2941,1419,1420
2941,1426,1427
2941,1482,1483
2941,1573,1574
2942,1566,1567
2942,1613,1614
2942,1674,1675
2942,1837,1838
2943,62,63
2943,210,211
2943,360,361
2943,590,591
2944,37,38
2944,62,63
2944,210,211
2944,360,361
2945,62,63
2945,319,320
2945,360,361
2945,590,591
2946,37,38
2946,62,63
2946,360,361
2946,379,380
2947,37,38
2947,62,63
2947,118,119
2947,210,211
2948,62,63
2948,360,361
2948,379,380
2948,424,425
2949,62,63
2949,319,320
2949,360,361
2949,424,425
2950,62,63
2950,319,320
2950,379,380
2950,424,425
2951,37,38
2951,62,63
2951,185,186
2951,379,380
2952,62,63
2952,185,186
2952,319,320
2952,379,380
2953,37,38
2953,62,63
2953,118,119
2953,174,175
2954,37,38
2954,62,63
2954,174,175
2954,185,186
2955,62,63
2955,121,122
2955,174,175
2955,185,186
2956,42,43
2956,98,99
2956,190,191
2956,210,211
2957,37,38
2957,42,43
2957,190,191
2957,210,211
2958,25,26
2958,98,99
2958,190,191
2958,210,211
2959,25,26
2959,37,38
2959,190,191
2959,210,211
2960,25,26
2960,98,99
2960,190,191
2960,217,218
2961,37,38
2961,112,113
2961,174,175
2961,190,191
2962,37,38
2962,42,43
2962,174,175
2962,190,191
2963,42,43
2963,112,113
2963,174,175
2963,190,191
2964,25,26
2964,190,191
2964,217,218
2964,339,340
2965,70,71
2965,112,113
2965,190,191
2965,339,340
2966,70,71
2966,190,191
2966,217,218
2966,339,340
2967,61,62
2967,70,71
2967,112,113
2967,190,191
2968,42,43
2968,61,62
2968,112,113
2968,190,191
2969,25,26
2969,102,103
2969,190,191
2969,339,340
2970,25,26
2970,37,38
2970,102,103
2970,190,191
2971,112,113
2971,165,166
2971,190,191
2971,339,340
2972,37,38
2972,112,113
2972,165,166
2972,190,191
2973,18,19
2973,61,62
2973,70,71
2973,190,191
2974,18,19
2974,70,71
2974,190,191
2974,217,218
2975,18,19
2975,98,99
2975,190,191
2975,217,218
2976,18,19
2976,42,43
2976,61,62
2976,190,191
2977,18,19
2977,42,43
2977,98,99
2977,190,191
2978,102,103
2978,165,166
2978,190,191
2978,339,340
2979,37,38
2979,102,103
2979,165,166
2979,190,191
2980,49,50
2980,96,97
2980,121,122
2980,174,175
2981,96,97
2981,118,119
2981,123,124
2981,175,176
2982,42,43
2982,96,97
2982,118,119
2982,123,124
2983,42,43
2983,96,97
2983,123,124
2983,175,176
2984,42,43
2984,96,97
2984,118,119
2984,174,175
2985,67,68
2985,96,97
2985,118,119
2985,175,176
2986,67,68
2986,71,72
2986,96,97
2986,175,176
2987,62,63
2987,96,97
2987,118,119
2987,174,175
2988,62,63
2988,96,97
2988,121,122
2988,174,175
2989,49,50
2989,71,72
2989,96,97
2989,288,289
2990,49,50
2990,96,97
2990,121,122
2990,288,289
2991,67,68
2991,71,72
2991,96,97
2991,288,289
2992,1265,1266
2992,1300,1301
2992,1380,1381
2992,1489,1490
2993,1265,1266
2993,1300,1301
2993,1380,1381
2993,1520,1521
2994,1083,1084
2994,1256,1257
2994,1346,1347
2994,1380,1381
2995,1265,1266
2995,1358,1359
2995,1380,1381
2995,1489,1490
2996,1256,1257
2996,1265,1266
2996,1380,1381
2996,1520,1521
2997,1256,1257
2997,1346,1347
2997,1380,1381
2997,1520,1521
2998,1256,1257
2998,1265,1266
2998,1358,1359
2998,1380,1381
2999,1083,1084
2999,1256,1257
2999,1358,1359
2999,1380,1381
3000,1270,1271
3000,1358,1359
3000,1380,1381
3000,1489,1490
3001,1083,1084
3001,1270,1271
3001,1358,1359
3001,1380,1381
3002,1503,1504
3002,1515,1516
3002,1532,1533
3002,1559,1560
3003,1242,1243
3003,1337,1338
3003,1398,1399
3003,1515,1516
3004,1242,1243
3004,1398,1399
3004,1503,1504
3004,1515,1516
3005,1491,1492
3005,1503,1504
3005,1515,1516
3005,1532,1533
3006,1245,1246
3006,1354,1355
3006,1491,1492
3006,1515,1516
3007,1354,1355
3007,1491,1492
3007,1515,1516
3007,1532,1533
3008,1242,1243
3008,1337,1338
3008,1491,1492
3008,1515,1516
3009,1242,1243
3009,1491,1492
3009,1503,1504
3009,1515,1516
3010,1245,1246
3010,1337,1338
3010,1387,1388
3010,1515,1516
3011,1337,1338
3011,1387,1388
3011,1491,1492
3011,1515,1516
3012,1245,1246
3012,1387,1388
3012,1491,1492
3012,1515,1516
3013,1537,1538
3013,1567,1568
3013,1580,1581
3013,1686,1687
3014,1482,1483
3014,1537,1538
3014,1544,1545
3014,1686,1687
3015,1537,1538
3015,1544,1545
3015,1567,1568
3015,1686,1687
3016,1537,1538
3016,1567,1568
3016,1580,1581
3016,1784,1785
3017,1537,1538
3017,1580,1581
3017,1631,1632
3017,1784,1785
3018,1537,1538
3018,1544,1545
3018,1567,1568
3018,1784,1785
3019,1537,1538
3019,1544,1545
3019,1545,1546
3019,1784,1785
3020,1482,1483
3020,1537,1538
3020,1544,1545
3020,1545,1546
3021,1471,1472
3021,1482,1483
3021,1537,1538
3021,1545,1546
3022,1537,1538
3022,1545,1546
3022,1784,1785
3022,1821,1822
3023,1471,1472
3023,1537,1538
3023,1545,1546
3023,1821,1822
3024,1471,1472
3024,1537,1538
3024,1766,1767
3024,1821,1822
3025,1537,1538
3025,1631,1632
3025,1784,1785
3025,1821,1822
3026,1537,1538
3026,1631,1632
3026,1766,1767
3026,1821,1822
3027,13,14
3027,68,69
3027,115,116
3027,183,184
3028,14,15
3028,68,69
3028,104,105
3028,130,131
3029,14,15
3029,68,69
3029,104,105
3029,115,116
3030,48,49
3030,68,69
3030,104,105
3030,153,154
3031,48,49
3031,68,69
3031,104,105
3031,130,131
3032,68,69
3032,104,105
3032,153,154
3032,293,294
3033,14,15
3033,125,126
3033,130,131
3033,176,177
3034,14,15
3034,68,69
3034,130,131
3034,176,177
3035,14,15
3035,68,69
3035,115,116
3035,176,177
3036,358,359
3036,505,506
3036,518,519
3036,558,559
3037,358,359
3037,505,506
3037,518,519
3037,556,557
3038,505,506
3038,518,519
3038,558,559
3038,712,713
3039,495,496
3039,505,506
3039,558,559
3039,712,713
3040,400,401
3040,505,506
3040,518,519
3040,556,557
3041,400,401
3041,505,506
3041,518,519
3041,712,713
3042,400,401
3042,477,478
3042,505,506
3042,712,713
3043,477,478
3043,495,496
3043,505,506
3043,712,713
3044,205,206
3044,238,239
3044,356,357
3044,610,611
3045,205,206
3045,238,239
3045,356,357
3045,580,581
3046,205,206
3046,238,239
3046,425,426
3046,610,611
3047,205,206
3047,425,426
3047,514,515
3047,610,611
3048,205,206
3048,377,378
3048,378,379
3048,443,444
3049,205,206
3049,378,379
3049,443,444
3049,580,581
3050,205,206
3050,377,378
3050,451,452
3050,514,515
3051,205,206
3051,377,378
3051,514,515
3051,587,588
3052,205,206
3052,425,426
3052,514,515
3052,587,588
3053,205,206
3053,377,378
3053,443,444
3053,587,588
3054,205,206
3054,443,444
3054,580,581
3054,587,588
3055,328,329
3055,351,352
3055,356,357
3055,409,410
3056,238,239
3056,351,352
3056,356,357
3056,409,410
3057,238,239
3057,351,352
3057,356,357
3057,580,581
3058,218,219
3058,512,513
3058,523,524
3058,592,593
3059,717,718
3059,756,757
3059,784,785
3059,797,798
3060,465,466
3060,756,757
3060,784,785
3060,797,798
3061,621,622
3061,717,718
3061,784,785
3061,797,798
3062,465,466
3062,621,622
3062,784,785
3062,797,798
3063,621,622
3063,717,718
3063,767,768
3063,797,798
3064,717,718
3064,767,768
3064,797,798
3064,914,915
3065,717,718
3065,756,757
3065,797,798
3065,914,915
3066,465,466
3066,638,639
3066,756,757
3066,797,798
3067,617,618
3067,756,757
3067,797,798
3067,914,915
3068,617,618
3068,638,639
3068,756,757
3068,797,798
3069,767,768
3069,797,798
3069,839,840
3069,914,915
3070,752,753
3070,797,798
3070,839,840
3070,914,915
3071,617,618
3071,752,753
3071,797,798
3071,914,915
3072,198,199
3072,216,217
3072,352,353
3072,443,444
3073,252,253
3073,468,469
3073,543,544
3073,606,607
3074,252,253
3074,468,469
3074,516,517
3074,606,607
3075,252,253
3075,516,517
3075,543,544
3075,606,607
3076,464,465
3076,468,469
3076,606,607
3076,636,637
3077,464,465
3077,468,469
3077,516,517
3077,606,607
3078,451,452
3078,473,474
3078,543,544
3078,606,607
3079,464,465
3079,483,484
3079,516,517
3079,606,607
3080,516,517
3080,543,544
3080,585,586
3080,606,607
3081,451,452
3081,543,544
3081,585,586
3081,606,607
3082,483,484
3082,516,517
3082,585,586
3082,606,607
3083,451,452
3083,483,484
3083,585,586
3083,606,607
3084,243,244
3084,322,323
3084,497,498
3084,557,558
3085,283,284
3085,322,323
3085,394,395
3085,497,498
3086,243,244
3086,283,284
3086,322,323
3086,497,498
3087,383,384
3087,497,498
3087,557,558
3087,578,579
3088,322,323
3088,383,384
3088,497,498
3088,557,558
3089,383,384
3089,394,395
3089,497,498
3089,578,579
3090,322,323
3090,383,384
3090,394,395
3090,497,498
3091,497,498
3091,515,516
3091,567,568
3091,578,579
3092,394,395
3092,497,498
3092,578,579
3092,734,735
3093,497,498
3093,567,568
3093,578,579
3093,734,735
3094,394,395
3094,497,498
3094,567,568
3094,734,735
3095,283,284
3095,394,395
3095,497,498
3095,737,738
3096,394,395
3096,497,498
3096,567,568
3096,737,738
3097,382,383
3097,497,498
3097,557,558
3097,578,579
3098,382,383
3098,497,498
3098,515,516
3098,578,579
3099,382,383
3099,497,498
3099,515,516
3099,557,558
3100,1112,1113
3100,1194,1195
3100,1231,1232
3100,1406,1407
3101,1194,1195
3101,1231,1232
3101,1406,1407
3101,1611,1612
3102,1231,1232
3102,1359,1360
3102,1406,1407
3102,1611,1612
3103,1345,1346
3103,1359,1360
3103,1406,1407
3103,1611,1612
3104,1320,1321
3104,1369,1370
3104,1522,1523
3104,1603,1604
3105,1235,1236
3105,1344,1345
3105,1364,1365
3105,1372,1373
3106,1320,1321
3106,1344,1345
3106,1364,1365
3106,1603,1604
3107,1383,1384
3107,1409,1410
3107,1533,1534
3107,1543,1544
3108,1344,1345
3108,1364,1365
3108,1372,1373
3108,1543,1544
3109,1320,1321
3109,1344,1345
3109,1364,1365
3109,1543,1544
3110,1252,1253
3110,1513,1514
3110,1533,1534
3110,1543,1544
3111,1252,1253
3111,1409,1410
3111,1533,1534
3111,1543,1544
3112,1252,1253
3112,1352,1353
3112,1409,1410
3112,1543,1544
3113,1248,1249
3113,1345,1346
3113,1359,1360
3113,1551,1552
3114,1203,1204
3114,1411,1412
3114,1485,1486
3114,1551,1552
3115,1248,1249
3115,1411,1412
3115,1485,1486
3115,1551,1552
3116,1248,1249
3116,1297,1298
3116,1411,1412
3116,1551,1552
3117,1248,1249
3117,1297,1298
3117,1359,1360
3117,1551,1552
3118,1203,1204
3118,1411,1412
3118,1522,1523
3118,1551,1552
3119,1203,1204
3119,1369,1370
3119,1539,1540
3119,1551,1552
3120,1369,1370
3120,1539,1540
3120,1551,1552
3120,1607,1608
3121,1369,1370
3121,1551,1552
3121,1603,1604
3121,1607,1608
3122,1203,1204
3122,1369,1370
3122,1522,1523
3122,1551,1552
3123,1369,1370
3123,1522,1523
3123,1551,1552
3123,1603,1604
3124,194,195
3124,231,232
3124,277,278
3124,418,419
3125,231,232
3125,277,278
3125,354,355
3125,418,419
3126,277,278
3126,318,319
3126,354,355
3126,418,419
3127,475,476
3127,553,554
3127,607,608
3127,693,694
3128,475,476
3128,553,554
3128,640,641
3128,693,694
3129,475,476
3129,542,543
3129,553,554
3129,607,608
3130,475,476
3130,542,543
3130,553,554
3130,640,641
3131,542,543
3131,553,554
3131,640,641
3131,720,721
3132,442,443
3132,553,554
3132,640,641
3132,720,721
3133,427,428
3133,493,494
3133,553,554
3133,613,614
3134,454,455
3134,493,494
3134,553,554
3134,607,608
3135,454,455
3135,542,543
3135,553,554
3135,607,608
3136,398,399
3136,493,494
3136,553,554
3136,607,608
3137,398,399
3137,553,554
3137,607,608
3137,693,694
3138,442,443
3138,553,554
3138,613,614
3138,720,721
3139,427,428
3139,442,443
3139,553,554
3139,613,614
3140,454,455
3140,493,494
3140,553,554
3140,586,587
3141,542,543
3141,553,554
3141,586,587
3141,720,721
3142,454,455
3142,542,543
3142,553,554
3142,586,587
3143,493,494
3143,553,554
3143,586,587
3143,613,614
3144,553,554
3144,586,587
3144,613,614
3144,720,721
3145,245,246
3145,546,547
3145,589,590
3145,693,694
3146,546,547
3146,589,590
3146,640,641
3146,699,700
3147,442,443
3147,546,547
3147,640,641
3147,699,700
3148,546,547
3148,589,590
3148,640,641
3148,693,694
3149,313,314
3149,427,428
3149,442,443
3149,546,547
3150,427,428
3150,546,547
3150,553,554
3150,693,694
3151,427,428
3151,442,443
3151,546,547
3151,553,554
3152,313,314
3152,343,344
3152,427,428
3152,546,547
3153,546,547
3153,553,554
3153,640,641
3153,693,694
3154,442,443
3154,546,547
3154,553,554
3154,640,641
3155,313,314
3155,546,547
3155,699,700
3155,732,733
3156,442,443
3156,546,547
3156,699,700
3156,732,733
3157,313,314
3157,442,443
3157,546,547
3157,732,733
3158,209,210
3158,287,288
3158,332,333
3158,343,344
3159,209,210
3159,287,288
3159,332,333
3159,450,451
3160,209,210
3160,332,333
3160,450,451
3160,493,494
3161,206,207
3161,287,288
3161,332,333
3161,343,344
3162,206,207
3162,287,288
3162,332,333
3162,450,451
3163,209,210
3163,332,333
3163,427,428
3163,493,494
3164,209,210
3164,332,333
3164,343,344
3164,427,428
3165,332,333
3165,398,399
3165,450,451
3165,493,494
3166,206,207
3166,245,246
3166,332,333
3166,343,344
3167,206,207
3167,245,246
3167,332,333
3167,398,399
3168,332,333
3168,343,344
3168,427,428
3168,546,547
3169,245,246
3169,332,333
3169,343,344
3169,546,547
3170,194,195
3170,206,207
3170,332,333
3170,398,399
3171,194,195
3171,332,333
3171,398,399
3171,450,451
3172,194,195
3172,206,207
3172,332,333
3172,450,451
3173,245,246
3173,332,333
3173,398,399
3173,693,694
3174,332,333
3174,427,428
3174,546,547
3174,693,694
3175,245,246
3175,332,333
3175,546,547
3175,693,694
3176,332,333
3176,398,399
3176,493,494
3176,553,554
3177,332,333
3177,398,399
3177,553,554
3177,693,694
3178,332,333
3178,427,428
3178,493,494
3178,553,554
3179,332,333
3179,427,428
3179,553,554
3179,693,694
3180,397,398
3180,564,565
3180,567,568
3180,737,738
3181,497,498
3181,564,565
3181,567,568
3181,737,738
3182,235,236
3182,243,244
3182,283,284
3182,564,565
3183,243,244
3183,283,284
3183,497,498
3183,564,565
3184,283,284
3184,497,498
3184,564,565
3184,737,738
3185,235,236
3185,283,284
3185,564,565
3185,737,738
3186,296,297
3186,318,319
3186,386,387
3186,393,394
3187,296,297
3187,318,319
3187,354,355
3187,393,394
3188,277,278
3188,318,319
3188,354,355
3188,393,394
3189,231,232
3189,296,297
3189,354,355
3189,393,394
3190,231,232
3190,277,278
3190,354,355
3190,393,394
3191,397,398
3191,498,499
3191,545,546
3191,798,799
3192,498,499
3192,733,734
3192,779,780
3192,798,799
3193,397,398
3193,498,499
3193,737,738
3193,798,799
3194,498,499
3194,733,734
3194,737,738
3194,798,799
3195,235,236
3195,733,734
3195,737,738
3195,798,799
3196,397,398
3196,564,565
3196,737,738
3196,798,799
3197,235,236
3197,564,565
3197,737,738
3197,798,799
3198,887,888
3198,891,892
3198,907,908
3198,921,922
3199,872,873
3199,891,892
3199,907,908
3199,947,948
3200,665,666
3200,887,888
3200,891,892
3200,907,908
3201,775,776
3201,820,821
3201,921,922
3201,991,992
3202,887,888
3202,891,892
3202,921,922
3202,991,992
3203,775,776
3203,907,908
3203,921,922
3203,991,992
3204,891,892
3204,907,908
3204,921,922
3204,991,992
3205,775,776
3205,907,908
3205,947,948
3205,991,992
3206,891,892
3206,907,908
3206,947,948
3206,991,992
3207,31,32
3207,195,196
3207,270,271
3207,310,311
3208,163,164
3208,195,196
3208,270,271
3208,310,311
3209,31,32
3209,163,164
3209,195,196
3209,270,271
3210,31,32
3210,101,102
3210,270,271
3210,310,311
3211,31,32
3211,101,102
3211,270,271
3211,292,293
3212,31,32
3212,138,139
3212,270,271
3212,292,293
3213,31,32
3213,138,139
3213,163,164
3213,270,271
3214,60,61
3214,101,102
3214,270,271
3214,310,311
3215,60,61
3215,101,102
3215,270,271
3215,280,281
3216,82,83
3216,101,102
3216,270,271
3216,292,293
3217,82,83
3217,101,102
3217,270,271
3217,280,281
3218,55,56
3218,163,164
3218,270,271
3218,310,311
3219,55,56
3219,60,61
3219,270,271
3219,310,311
3220,55,56
3220,138,139
3220,163,164
3220,270,271
3221,55,56
3221,60,61
3221,180,181
3221,270,271
3222,60,61
3222,180,181
3222,270,271
3222,280,281
3223,55,56
3223,180,181
3223,270,271
3223,280,281
3224,55,56
3224,138,139
3224,261,262
3224,270,271
3225,87,88
3225,133,134
3225,134,135
3225,261,262
3226,133,134
3226,134,135
3226,138,139
3226,261,262
3227,134,135
3227,138,139
3227,270,271
3227,292,293
3228,134,135
3228,138,139
3228,261,262
3228,270,271
3229,82,83
3229,122,123
3229,134,135
3229,292,293
3230,82,83
3230,134,135
3230,270,271
3230,292,293
3231,82,83
3231,134,135
3231,270,271
3231,280,281
3232,40,41
3232,82,83
3232,109,110
3232,280,281
3233,40,41
3233,107,108
3233,109,110
3233,280,281
3234,13,14
3234,40,41
3234,107,108
3234,109,110
3235,13,14
3235,40,41
3235,109,110
3235,124,125
3236,235,236
3236,243,244
3236,283,284
3236,532,533
3237,296,297
3237,299,300
3237,381,382
3237,532,533
3238,243,244
3238,283,284
3238,322,323
3238,532,533
3239,283,284
3239,322,323
3239,381,382
3239,532,533
3240,296,297
3240,386,387
3240,393,394
3240,532,533
3241,243,244
3241,305,306
3241,348,349
3241,532,533
3242,253,254
3242,305,306
3242,348,349
3242,532,533
3243,243,244
3243,253,254
3243,305,306
3243,532,533
3244,253,254
3244,299,300
3244,348,349
3244,532,533
3245,253,254
3245,299,300
3245,381,382
3245,532,533
3246,243,244
3246,253,254
3246,322,323
3246,532,533
3247,253,254
3247,322,323
3247,381,382
3247,532,533
3248,299,300
3248,348,349
3248,386,387
3248,532,533
3249,296,297
3249,299,300
3249,386,387
3249,532,533
3250,229,230
3250,239,240
3250,253,254
3250,322,323
3251,229,230
3251,253,254
3251,322,323
3251,381,382
3252,229,230
3252,253,254
3252,381,382
3252,414,415
3253,229,230
3253,322,323
3253,381,382
3253,568,569
3254,229,230
3254,239,240
3254,253,254
3254,324,325
3255,229,230
3255,253,254
3255,324,325
3255,414,415
3256,229,230
3256,239,240
3256,322,323
3256,383,384
3257,229,230
3257,322,323
3257,383,384
3257,568,569
3258,229,230
3258,239,240
3258,324,325
3258,373,374
3259,229,230
3259,239,240
3259,383,384
3259,541,542
3260,229,230
3260,346,347
3260,383,384
3260,541,542
3261,229,230
3261,346,347
3261,383,384
3261,568,569
3262,203,204
3262,229,230
3262,324,325
3262,373,374
3263,203,204
3263,229,230
3263,342,343
3263,373,374
3264,203,204
3264,229,230
3264,324,325
3264,414,415
3265,229,230
3265,239,240
3265,373,374
3265,541,542
3266,229,230
3266,342,343
3266,373,374
3266,541,542
3267,229,230
3267,342,343
3267,346,347
3267,541,542
3268,229,230
3268,342,343
3268,346,347
3268,568,569
3269,36,37
3269,104,105
3269,161,162
3269,329,330
3270,36,37
3270,161,162
3270,307,308
3270,329,330
3271,161,162
3271,215,216
3271,307,308
3271,329,330
3272,104,105
3272,115,116
3272,161,162
3272,293,294
3273,14,15
3273,161,162
3273,215,216
3273,329,330
3274,14,15
3274,104,105
3274,161,162
3274,329,330
3275,14,15
3275,104,105
3275,115,116
3275,161,162
3276,223,224
3276,285,286
3276,297,298
3276,307,308
3277,223,224
3277,328,329
3277,351,352
3277,356,357
3278,223,224
3278,351,352
3278,356,357
3278,580,581
3279,223,224
3279,297,298
3279,351,352
3279,580,581
3280,2,3
3280,129,130
3280,188,189
3280,212,213
3281,2,3
3281,129,130
3281,212,213
3281,308,309
3282,2,3
3282,212,213
3282,308,309
3282,324,325
3283,2,3
3283,111,112
3283,308,309
3283,324,325
3284,2,3
3284,14,15
3284,155,156
3284,215,216
3285,653,654
3285,711,712
3285,728,729
3285,783,784
3286,657,658
3286,667,668
3286,700,701
3286,728,729
3287,667,668
3287,700,701
3287,728,729
3287,783,784
3288,571,572
3288,700,701
3288,783,784
3288,924,925
3289,657,658
3289,667,668
3289,700,701
3289,959,960
3290,571,572
3290,700,701
3290,725,726
3290,783,784
3291,667,668
3291,700,701
3291,725,726
3291,783,784
3292,653,654
3292,700,701
3292,728,729
3292,783,784
3293,571,572
3293,700,701
3293,913,914
3293,924,925
3294,571,572
3294,700,701
3294,913,914
3294,959,960
3295,571,572
3295,700,701
3295,725,726
3295,959,960
3296,667,668
3296,700,701
3296,725,726
3296,959,960
3297,700,701
3297,913,914
3297,924,925
3297,964,965
3298,657,658
3298,658,659
3298,700,701
3298,959,960
3299,658,659
3299,700,701
3299,913,914
3299,959,960
3300,658,659
3300,700,701
3300,913,914
3300,964,965
3301,872,873
3301,989,990
3301,1128,1129
3301,1154,1155
3302,872,873
3302,895,896
3302,1128,1129
3302,1154,1155
3303,1278,1279
3303,1321,1322
3303,1345,1346
3303,1611,1612
3304,1278,1279
3304,1321,1322
3304,1345,1346
3304,1616,1617
3305,1278,1279
3305,1321,1322
3305,1331,1332
3305,1616,1617
3306,1278,1279
3306,1302,1303
3306,1321,1322
3306,1331,1332
3307,1031,1032
3307,1194,1195
3307,1321,1322
3307,1406,1407
3308,1194,1195
3308,1321,1322
3308,1406,1407
3308,1611,1612
3309,1050,1051
3309,1302,1303
3309,1321,1322
3309,1331,1332
3310,1236,1237
3310,1243,1244
3310,1331,1332
3310,1616,1617
3311,1236,1237
3311,1243,1244
3311,1401,1402
3311,1405,1406
3312,1236,1237
3312,1243,1244
3312,1331,1332
3312,1401,1402
3313,1243,1244
3313,1539,1540
3313,1551,1552
3313,1607,1608
3314,1243,1244
3314,1345,1346
3314,1539,1540
3314,1551,1552
3315,1243,1244
3315,1325,1326
3315,1435,1436
3315,1607,1608
3316,1243,1244
3316,1325,1326
3316,1539,1540
3316,1607,1608
3317,1243,1244
3317,1551,1552
3317,1603,1604
3317,1607,1608
3318,989,990
3318,1120,1121
3318,1154,1155
3318,1361,1362
3319,1120,1121
3319,1128,1129
3319,1154,1155
3319,1389,1390
3320,1120,1121
3320,1154,1155
3320,1291,1292
3320,1389,1390
3321,800,801
3321,850,851
3321,872,873
3321,947,948
3322,800,801
3322,850,851
3322,872,873
3322,989,990
3323,800,801
3323,989,990
3323,1154,1155
3323,1361,1362
3324,800,801
3324,872,873
3324,989,990
3324,1154,1155
3325,1197,1198
3325,1248,1249
3325,1500,1501
3325,1514,1515
3326,1197,1198
3326,1278,1279
3326,1514,1515
3326,1616,1617
3327,1278,1279
3327,1514,1515
3327,1597,1598
3327,1616,1617
3328,1353,1354
3328,1514,1515
3328,1597,1598
3328,1599,1600
3329,1248,1249
3329,1485,1486
3329,1500,1501
3329,1514,1515
3330,1485,1486
3330,1500,1501
3330,1514,1515
3330,1599,1600
3331,1353,1354
3331,1514,1515
3331,1597,1598
3331,1616,1617
3332,1197,1198
3332,1345,1346
3332,1514,1515
3332,1616,1617
3333,42,43
3333,61,62
3333,147,148
3333,169,170
3334,42,43
3334,96,97
3334,169,170
3334,175,176
3335,49,50
3335,71,72
3335,96,97
3335,169,170
3336,71,72
3336,96,97
3336,169,170
3336,175,176
3337,42,43
3337,147,148
3337,169,170
3337,174,175
3338,42,43
3338,96,97
3338,169,170
3338,174,175
3339,49,50
3339,96,97
3339,169,170
3339,174,175
3340,10,11
3340,49,50
3340,147,148
3340,169,170
3341,10,11
3341,147,148
3341,169,170
3341,174,175
3342,10,11
3342,49,50
3342,169,170
3342,174,175
3343,420,421
3343,478,479
3343,512,513
3343,523,524
3344,420,421
3344,512,513
3344,523,524
3344,592,593
3345,420,421
3345,478,479
3345,523,524
3345,548,549
3346,420,421
3346,523,524
3346,548,549
3346,592,593
3347,281,282
3347,420,421
3347,478,479
3347,512,513
3348,281,282
3348,417,418
3348,420,421
3348,478,479
3349,417,418
3349,420,421
3349,478,479
3349,548,549
3350,200,201
3350,420,421
3350,548,549
3350,592,593
3351,200,201
3351,417,418
3351,420,421
3351,548,549
3352,200,201
3352,271,272
3352,420,421
3352,592,593
3353,281,282
3353,357,358
3353,420,421
3353,512,513
3354,271,272
3354,357,358
3354,420,421
3354,512,513
3355,218,219
3355,271,272
3355,420,421
3355,592,593
3356,218,219
3356,271,272
3356,420,421
3356,512,513
3357,218,219
3357,420,421
3357,512,513
3357,592,593
3358,281,282
3358,311,312
3358,417,418
3358,420,421
3359,200,201
3359,311,312
3359,417,418
3359,420,421
3360,200,201
3360,271,272
3360,311,312
3360,420,421
3361,271,272
3361,311,312
3361,345,346
3361,420,421
3362,271,272
3362,345,346
3362,357,358
3362,420,421
3363,428,429
3363,502,503
3363,528,529
3363,647,648
3364,428,429
3364,502,503
3364,528,529
3364,550,551
3365,428,429
3365,528,529
3365,550,551
3365,605,606
3366,3,4
3366,27,28
3366,357,358
3366,471,472
3367,3,4
3367,345,346
3367,357,358
3367,471,472
3368,78,79
3368,142,143
3368,275,276
3368,320,321
3369,78,79
3369,142,143
3369,144,145
3369,320,321
3370,66,67
3370,142,143
3370,144,145
3370,320,321
3371,66,67
3371,142,143
3371,275,276
3371,320,321
3372,63,64
3372,66,67
3372,142,143
3372,275,276
3373,63,64
3373,66,67
3373,139,140
3373,142,143
3374,5,6
3374,78,79
3374,142,143
3374,144,145
3375,5,6
3375,139,140
3375,142,143
3375,144,145
3376,66,67
3376,139,140
3376,142,143
3376,144,145
3377,5,6
3377,139,140
3377,142,143
3377,170,171
3378,5,6
3378,78,79
3378,137,138
3378,142,143
3379,5,6
3379,137,138
3379,142,143
3379,170,171
3380,116,117
3380,211,212
3380,273,274
3380,335,336
3381,116,117
3381,211,212
3381,273,274
3381,375,376
3382,116,117
3382,204,205
3382,211,212
3382,335,336
3383,74,75
3383,116,117
3383,204,205
3383,312,313
3384,368,369
3384,399,400
3384,405,406
3384,519,520
3385,368,369
3385,405,406
3385,519,520
3385,613,614
3386,405,406
3386,495,496
3386,608,609
3386,613,614
3387,405,406
3387,495,496
3387,558,559
3387,608,609
3388,405,406
3388,495,496
3388,505,506
3388,558,559
3389,405,406
3389,536,537
3389,558,559
3389,608,609
3390,405,406
3390,536,537
3390,586,587
3390,608,609
3391,405,406
3391,586,587
3391,608,609
3391,613,614
3392,405,406
3392,519,520
3392,536,537
3392,586,587
3393,405,406
3393,519,520
3393,586,587
3393,613,614
3394,358,359
3394,405,406
3394,536,537
3394,558,559
3395,358,359
3395,405,406
3395,505,506
3395,558,559
3396,358,359
3396,405,406
3396,508,509
3396,536,537
3397,405,406
3397,508,509
3397,519,520
3397,536,537
3398,21,22
3398,108,109
3398,113,114
3398,139,140
3399,23,24
3399,63,64
3399,108,109
3399,139,140
3400,23,24
3400,66,67
3400,108,109
3400,139,140
3401,0,1
3401,104,105
3401,153,154
3401,293,294
3402,0,1
3402,48,49
3402,104,105
3402,153,154
3403,0,1
3403,21,22
3403,113,114
3403,153,154
3404,0,1
3404,21,22
3404,153,154
3404,293,294
3405,0,1
3405,23,24
3405,108,109
3405,293,294
3406,0,1
3406,36,37
3406,104,105
3406,161,162
3407,0,1
3407,48,49
3407,141,142
3407,153,154
3408,0,1
3408,113,114
3408,141,142
3408,153,154
3409,0,1
3409,23,24
3409,36,37
3409,66,67
3410,0,1
3410,48,49
3410,104,105
3410,329,330
3411,0,1
3411,36,37
3411,104,105
3411,329,330
3412,0,1
3412,21,22
3412,108,109
3412,113,114
3413,0,1
3413,21,22
3413,108,109
3413,293,294
3414,0,1
3414,23,24
3414,66,67
3414,108,109
3415,0,1
3415,66,67
3415,113,114
3415,141,142
3416,0,1
3416,48,49
3416,114,115
3416,329,330
3417,0,1
3417,36,37
3417,114,115
3417,329,330
3418,0,1
3418,66,67
3418,113,114
3418,139,140
3419,0,1
3419,108,109
3419,113,114
3419,139,140
3420,0,1
3420,66,67
3420,108,109
3420,139,140
3421,0,1
3421,48,49
3421,114,115
3421,141,142
3422,0,1
3422,12,13
3422,36,37
3422,66,67
3423,0,1
3423,12,13
3423,66,67
3423,141,142
3424,0,1
3424,12,13
3424,36,37
3424,114,115
3425,0,1
3425,12,13
3425,114,115
3425,141,142
3426,21,22
3426,81,82
3426,85,86
3426,143,144
3427,21,22
3427,81,82
3427,85,86
3427,128,129
3428,81,82
3428,83,84
3428,85,86
3428,143,144
3429,71,72
3429,83,84
3429,85,86
3429,143,144
3430,71,72
3430,85,86
3430,143,144
3430,288,289
3431,9,10
3431,71,72
3431,85,86
3431,288,289
3432,233,234
3432,271,272
3432,370,371
3432,471,472
3433,233,234
3433,251,252
3433,370,371
3433,471,472
3434,271,272
3434,357,358
3434,370,371
3434,471,472
3435,27,28
3435,357,358
3435,370,371
3435,471,472
3436,251,252
3436,370,371
3436,428,429
3436,550,551
3437,233,234
3437,251,252
3437,370,371
3437,428,429
3438,3,4
3438,27,28
3438,357,358
3438,363,364
3439,9,10
3439,35,36
3439,140,141
3439,145,146
3440,9,10
3440,22,23
3440,35,36
3440,140,141
3441,35,36
3441,128,129
3441,139,140
3441,145,146
3442,9,10
3442,35,36
3442,128,129
3442,145,146
3443,9,10
3443,22,23
3443,35,36
3443,288,289
3444,22,23
3444,24,25
3444,35,36
3444,288,289
3445,21,22
3445,35,36
3445,128,129
3445,139,140
3446,21,22
3446,35,36
3446,85,86
3446,128,129
3447,9,10
3447,35,36
3447,85,86
3447,128,129
3448,9,10
3448,35,36
3448,85,86
3448,288,289
3449,151,152
3449,154,155
3449,219,220
3449,242,243
3450,3,4
3450,154,155
3450,219,220
3450,363,364
3451,216,217
3451,352,353
3451,443,444
3451,574,575
3452,216,217
3452,275,276
3452,334,335
3452,574,575
3453,297,298
3453,443,444
3453,574,575
3453,580,581
3454,443,444
3454,574,575
3454,576,577
3454,580,581
3455,198,199
3455,443,444
3455,574,575
3455,576,577
3456,198,199
3456,216,217
3456,443,444
3456,574,575
3457,67,68
3457,143,144
3457,149,150
3457,288,289
3458,24,25
3458,35,36
3458,149,150
3458,288,289
3459,21,22
3459,108,109
3459,149,150
3459,293,294
3460,21,22
3460,85,86
3460,143,144
3460,149,150
3461,21,22
3461,35,36
3461,85,86
3461,149,150
3462,85,86
3462,143,144
3462,149,150
3462,288,289
3463,35,36
3463,85,86
3463,149,150
3463,288,289
3464,21,22
3464,108,109
3464,139,140
3464,149,150
3465,21,22
3465,35,36
3465,139,140
3465,149,150
3466,62,63
3466,263,264
3466,319,320
3466,590,591
3467,7,8
3467,67,68
3467,118,119
3467,263,264
3468,268,269
3468,272,273
3468,326,327
3468,388,389
3469,47,48
3469,213,214
3469,326,327
3469,389,390
3470,255,256
3470,268,269
3470,272,273
3470,326,327
3471,47,48
3471,255,256
3471,326,327
3471,389,390
3472,255,256
3472,272,273
3472,326,327
3472,389,390
3473,1629,1630
3473,1703,1704
3473,1722,1723
3473,1763,1764
3474,1629,1630
3474,1719,1720
3474,1763,1764
3474,1842,1843
3475,1629,1630
3475,1719,1720
3475,1722,1723
3475,1763,1764
3476,1697,1698
3476,1763,1764
3476,1814,1815
3476,1848,1849
3477,1697,1698
3477,1703,1704
3477,1763,1764
3477,1814,1815
3478,1629,1630
3478,1697,1698
3478,1703,1704
3478,1763,1764
3479,1697,1698
3479,1787,1788
3479,1814,1815
3479,1848,1849
3480,1697,1698
3480,1763,1764
3480,1842,1843
3480,1848,1849
3481,1629,1630
3481,1697,1698
3481,1763,1764
3481,1842,1843
3482,1697,1698
3482,1787,1788
3482,1788,1789
3482,1814,1815
3483,1697,1698
3483,1703,1704
3483,1705,1706
3483,1788,1789
3484,1629,1630
3484,1697,1698
3484,1703,1704
3484,1705,1706
3485,1697,1698
3485,1788,1789
3485,1814,1815
3485,1839,1840
3486,1697,1698
3486,1703,1704
3486,1788,1789
3486,1839,1840
3487,1697,1698
3487,1703,1704
3487,1814,1815
3487,1839,1840
3488,1638,1639
3488,1697,1698
3488,1787,1788
3488,1788,1789
3489,1732,1733
3489,1738,1739
3489,1758,1759
3489,1832,1833
3490,1720,1721
3490,1732,1733
3490,1738,1739
3490,1758,1759
3491,1642,1643
3491,1738,1739
3491,1768,1769
3491,1832,1833
3492,1547,1548
3492,1642,1643
3492,1738,1739
3492,1832,1833
3493,1547,1548
3493,1642,1643
3493,1720,1721
3493,1738,1739
3494,1547,1548
3494,1738,1739
3494,1758,1759
3494,1832,1833
3495,1547,1548
3495,1720,1721
3495,1738,1739
3495,1758,1759
3496,1797,1798
3496,1824,1825
3496,1827,1828
3496,1840,1841
3497,1639,1640
3497,1797,1798
3497,1824,1825
3497,1840,1841
3498,1639,1640
3498,1691,1692
3498,1748,1749
3498,1824,1825
3499,1655,1656
3499,1691,1692
3499,1732,1733
3499,1824,1825
3500,1691,1692
3500,1732,1733
3500,1748,1749
3500,1824,1825
3501,1720,1721
3501,1732,1733
3501,1748,1749
3501,1824,1825
3502,1655,1656
3502,1698,1699
3502,1824,1825
3502,1840,1841
3503,1698,1699
3503,1824,1825
3503,1827,1828
3503,1840,1841
3504,1698,1699
3504,1817,1818
3504,1827,1828
3504,1840,1841
3505,1661,1662
3505,1698,1699
3505,1738,1739
3505,1844,1845
3506,1655,1656
3506,1698,1699
3506,1732,1733
3506,1824,1825
3507,1661,1662
3507,1698,1699
3507,1817,1818
3507,1827,1828
3508,1661,1662
3508,1698,1699
3508,1720,1721
3508,1827,1828
3509,1661,1662
3509,1698,1699
3509,1720,1721
3509,1738,1739
3510,1698,1699
3510,1720,1721
3510,1732,1733
3510,1738,1739
3511,1698,1699
3511,1720,1721
3511,1732,1733
3511,1824,1825
3512,1698,1699
3512,1720,1721
3512,1824,1825
3512,1827,1828
3513,1471,1472
3513,1482,1483
3513,1585,1586
3513,1759,1760
3514,1426,1427
3514,1482,1483
3514,1585,1586
3514,1759,1760
3515,1419,1420
3515,1426,1427
3515,1482,1483
3515,1759,1760
3516,1419,1420
3516,1426,1427
3516,1576,1577
3516,1759,1760
3517,1471,1472
3517,1670,1671
3517,1759,1760
3517,1766,1767
3518,1471,1472
3518,1537,1538
3518,1759,1760
3518,1766,1767
3519,1471,1472
3519,1482,1483
3519,1537,1538
3519,1759,1760
3520,1460,1461
3520,1613,1614
3520,1772,1773
3520,1816,1817
3521,1320,1321
3521,1413,1414
3521,1422,1423
3521,1513,1514
3522,1282,1283
3522,1320,1321
3522,1364,1365
3522,1603,1604
3523,1282,1283
3523,1320,1321
3523,1413,1414
3523,1422,1423
3524,1282,1283
3524,1320,1321
3524,1364,1365
3524,1422,1423
3525,1282,1283
3525,1369,1370
3525,1603,1604
3525,1607,1608
3526,1282,1283
3526,1320,1321
3526,1369,1370
3526,1603,1604
3527,1282,1283
3527,1320,1321
3527,1369,1370
3527,1477,1478
3528,1282,1283
3528,1320,1321
3528,1413,1414
3528,1477,1478
3529,864,865
3529,937,938
3529,995,996
3529,1381,1382
3530,814,815
3530,864,865
3530,1076,1077
3530,1159,1160
3531,864,865
3531,937,938
3531,978,979
3531,1076,1077
3532,864,865
3532,978,979
3532,1076,1077
3532,1159,1160
3533,864,865
3533,937,938
3533,978,979
3533,1159,1160
3534,864,865
3534,937,938
3534,995,996
3534,1163,1164
3535,989,990
3535,1041,1042
3535,1128,1129
3535,1154,1155
3536,989,990
3536,1041,1042
3536,1120,1121
3536,1154,1155
3537,1041,1042
3537,1120,1121
3537,1128,1129
3537,1154,1155
3538,1031,1032
3538,1034,1035
3538,1041,1042
3538,1120,1121
3539,1031,1032
3539,1041,1042
3539,1128,1129
3539,1389,1390
3540,1031,1032
3540,1041,1042
3540,1120,1121
3540,1389,1390
3541,1041,1042
3541,1120,1121
3541,1128,1129
3541,1389,1390
3542,814,815
3542,1001,1002
3542,1021,1022
3542,1159,1160
3543,814,815
3543,1001,1002
3543,1082,1083
3543,1159,1160
3544,1202,1203
3544,1320,1321
3544,1413,1414
3544,1477,1478
3545,1202,1203
3545,1413,1414
3545,1446,1447
3545,1477,1478
3546,1202,1203
3546,1446,1447
3546,1459,1460
3546,1477,1478
3547,1202,1203
3547,1446,1447
3547,1459,1460
3547,1525,1526
3548,1202,1203
3548,1320,1321
3548,1413,1414
3548,1513,1514
3549,1202,1203
3549,1320,1321
3549,1513,1514
3549,1543,1544
3550,1202,1203
3550,1320,1321
3550,1352,1353
3550,1543,1544
3551,1202,1203
3551,1252,1253
3551,1513,1514
3551,1543,1544
3552,1202,1203
3552,1252,1253
3552,1352,1353
3552,1543,1544
3553,1317,1318
3553,1492,1493
3553,1609,1610
3553,1626,1627
3554,1317,1318
3554,1446,1447
3554,1492,1493
3554,1626,1627
3555,1317,1318
3555,1413,1414
3555,1446,1447
3555,1626,1627
3556,1459,1460
3556,1525,1526
3556,1528,1529
3556,1673,1674
3557,1459,1460
3557,1490,1491
3557,1528,1529
3557,1673,1674
3558,1459,1460
3558,1477,1478
3558,1490,1491
3558,1528,1529
3559,1202,1203
3559,1459,1460
3559,1477,1478
3559,1528,1529
3560,1202,1203
3560,1459,1460
3560,1525,1526
3560,1528,1529
3561,1477,1478
3561,1490,1491
3561,1522,1523
3561,1528,1529
3562,1490,1491
3562,1522,1523
3562,1528,1529
3562,1792,1793
3563,1428,1429
3563,1528,1529
3563,1534,1535
3563,1792,1793
3564,1202,1203
3564,1252,1253
3564,1352,1353
3564,1528,1529
3565,1202,1203
3565,1252,1253
3565,1525,1526
3565,1528,1529
3566,1352,1353
3566,1428,1429
3566,1512,1513
3566,1528,1529
3567,1252,1253
3567,1352,1353
3567,1512,1513
3567,1528,1529
3568,1522,1523
3568,1528,1529
3568,1535,1536
3568,1792,1793
3569,1352,1353
3569,1522,1523
3569,1528,1529
3569,1535,1536
3570,1320,1321
3570,1477,1478
3570,1522,1523
3570,1528,1529
3571,1202,1203
3571,1320,1321
3571,1477,1478
3571,1528,1529
3572,1320,1321
3572,1352,1353
3572,1522,1523
3572,1528,1529
3573,1202,1203
3573,1320,1321
3573,1352,1353
3573,1528,1529
3574,1428,1429
3574,1528,1529
3574,1535,1536
3574,1792,1793
3575,1352,1353
3575,1428,1429
3575,1528,1529
3575,1535,1536
3576,862,863
3576,962,963
3576,1134,1135
3576,1155,1156
3577,1053,1054
3577,1113,1114
3577,1185,1186
3577,1301,1302
3578,1053,1054
3578,1113,1114
3578,1177,1178
3578,1185,1186
3579,1006,1007
3579,1053,1054
3579,1210,1211
3579,1301,1302
3580,1006,1007
3580,1053,1054
3580,1113,1114
3580,1301,1302
3581,1006,1007
3581,1062,1063
3581,1139,1140
3581,1210,1211
3582,1006,1007
3582,1062,1063
3582,1210,1211
3582,1301,1302
3583,1006,1007
3583,1053,1054
3583,1210,1211
3583,1339,1340
3584,1006,1007
3584,1062,1063
3584,1139,1140
3584,1201,1202
3585,1006,1007
3585,1062,1063
3585,1201,1202
3585,1301,1302
3586,1006,1007
3586,1139,1140
3586,1210,1211
3586,1386,1387
3587,1006,1007
3587,1210,1211
3587,1339,1340
3587,1386,1387
3588,1006,1007
3588,1258,1259
3588,1339,1340
3588,1386,1387
3589,899,900
3589,902,903
3589,1032,1033
3589,1134,1135
3590,862,863
3590,899,900
3590,962,963
3590,1134,1135
3591,816,817
3591,862,863
3591,899,900
3591,958,959
3592,862,863
3592,899,900
3592,997,998
3592,1134,1135
3593,899,900
3593,902,903
3593,997,998
3593,1134,1135
3594,862,863
3594,899,900
3594,958,959
3594,997,998
3595,899,900
3595,902,903
3595,958,959
3595,997,998
3596,1441,1442
3596,1581,1582
3596,1680,1681
3596,1742,1743
3597,1441,1442
3597,1507,1508
3597,1581,1582
3597,1680,1681
3598,1581,1582
3598,1680,1681
3598,1726,1727
3598,1742,1743
3599,1507,1508
3599,1581,1582
3599,1680,1681
3599,1726,1727
3600,1516,1517
3600,1592,1593
3600,1680,1681
3600,1726,1727
3601,1432,1433
3601,1507,1508
3601,1595,1596
3601,1680,1681
3602,1432,1433
3602,1441,1442
3602,1507,1508
3602,1680,1681
3603,1592,1593
3603,1595,1596
3603,1680,1681
3603,1749,1750
3604,1593,1594
3604,1680,1681
3604,1726,1727
3604,1742,1743
3605,1516,1517
3605,1593,1594
3605,1680,1681
3605,1742,1743
3606,1516,1517
3606,1593,1594
3606,1680,1681
3606,1726,1727
3607,1441,1442
3607,1444,1445
3607,1595,1596
3607,1680,1681
3608,1516,1517
3608,1724,1725
3608,1736,1737
3608,1750,1751
3609,1724,1725
3609,1750,1751
3609,1789,1790
3609,1801,1802
3610,1724,1725
3610,1730,1731
3610,1736,1737
3610,1750,1751
3611,1724,1725
3611,1730,1731
3611,1750,1751
3611,1789,1790
3612,1750,1751
3612,1768,1769
3612,1789,1790
3612,1801,1802
3613,1730,1731
3613,1750,1751
3613,1768,1769
3613,1789,1790
3614,1642,1643
3614,1750,1751
3614,1768,1769
3614,1832,1833
3615,1750,1751
3615,1768,1769
3615,1801,1802
3615,1832,1833
3616,1642,1643
3616,1712,1713
3616,1750,1751
3616,1768,1769
3617,1750,1751
3617,1757,1758
3617,1801,1802
3617,1832,1833
3618,1516,1517
3618,1618,1619
3618,1750,1751
3618,1757,1758
3619,1642,1643
3619,1712,1713
3619,1740,1741
3619,1750,1751
3620,1712,1713
3620,1736,1737
3620,1740,1741
3620,1750,1751
3621,1516,1517
3621,1618,1619
3621,1740,1741
3621,1750,1751
3622,1712,1713
3622,1730,1731
3622,1750,1751
3622,1768,1769
3623,1712,1713
3623,1730,1731
3623,1736,1737
3623,1750,1751
3624,1547,1548
3624,1642,1643
3624,1750,1751
3624,1832,1833
3625,1547,1548
3625,1750,1751
3625,1757,1758
3625,1832,1833
3626,1547,1548
3626,1618,1619
3626,1750,1751
3626,1757,1758
3627,1547,1548
3627,1642,1643
3627,1740,1741
3627,1750,1751
3628,1547,1548
3628,1618,1619
3628,1740,1741
3628,1750,1751
3629,1059,1060
3629,1090,1091
3629,1101,1102
3629,1404,1405
3630,1027,1028
3630,1037,1038
3630,1090,1091
3630,1404,1405
3631,1027,1028
3631,1059,1060
3631,1090,1091
3631,1404,1405
3632,1027,1028
3632,1037,1038
3632,1090,1091
3632,1177,1178
3633,1037,1038
3633,1045,1046
3633,1090,1091
3633,1177,1178
3634,1025,1026
3634,1059,1060
3634,1090,1091
3634,1101,1102
3635,961,962
3635,962,963
3635,1025,1026
3635,1059,1060
3636,708,709
3636,759,760
3636,927,928
3636,956,957
3637,631,632
3637,708,709
3637,759,760
3637,956,957
3638,466,467
3638,631,632
3638,708,709
3638,759,760
3639,429,430
3639,466,467
3639,708,709
3639,759,760
3640,429,430
3640,708,709
3640,759,760
3640,927,928
3641,627,628
3641,856,857
3641,1076,1077
3641,1136,1137
3642,627,628
3642,827,828
3642,856,857
3642,1136,1137
3643,627,628
3643,643,644
3643,827,828
3643,856,857
3644,627,628
3644,806,807
3644,827,828
3644,1136,1137
3645,864,865
3645,995,996
3645,1163,1164
3645,1167,1168
3646,814,815
3646,864,865
3646,1076,1077
3646,1167,1168
3647,1043,1044
3647,1234,1235
3647,1396,1397
3647,1625,1626
3648,1016,1017
3648,1043,1044
3648,1234,1235
3648,1396,1397
3649,1016,1017
3649,1043,1044
3649,1303,1304
3649,1363,1364
3650,1043,1044
3650,1303,1304
3650,1508,1509
3650,1605,1606
3651,1043,1044
3651,1250,1251
3651,1292,1293
3651,1363,1364
3652,1043,1044
3652,1292,1293
3652,1303,1304
3652,1363,1364
3653,1043,1044
3653,1292,1293
3653,1303,1304
3653,1508,1509
3654,1333,1334
3654,1374,1375
3654,1395,1396
3654,1437,1438
3655,1238,1239
3655,1341,1342
3655,1410,1411
3655,1448,1449
3656,1410,1411
3656,1415,1416
3656,1432,1433
3656,1600,1601
3657,1410,1411
3657,1415,1416
3657,1448,1449
3657,1524,1525
3658,1238,1239
3658,1340,1341
3658,1410,1411
3658,1432,1433
3659,1238,1239
3659,1340,1341
3659,1410,1411
3659,1448,1449
3660,1340,1341
3660,1410,1411
3660,1432,1433
3660,1448,1449
3661,1267,1268
3661,1274,1275
3661,1289,1290
3661,1395,1396
3662,1147,1148
3662,1267,1268
3662,1374,1375
3662,1395,1396
3663,1233,1234
3663,1267,1268
3663,1274,1275
3663,1289,1290
3664,1147,1148
3664,1267,1268
3664,1348,1349
3664,1395,1396
3665,1267,1268
3665,1289,1290
3665,1348,1349
3665,1395,1396
3666,1267,1268
3666,1274,1275
3666,1395,1396
3666,1437,1438
3667,1267,1268
3667,1374,1375
3667,1395,1396
3667,1437,1438
3668,986,987
3668,1103,1104
3668,1181,1182
3668,1191,1192
3669,986,987
3669,1181,1182
3669,1191,1192
3669,1309,1310
3670,1342,1343
3670,1362,1363
3670,1601,1602
3670,1615,1616
3671,821,822
3671,872,873
3671,907,908
3671,1180,1181
3672,821,822
3672,872,873
3672,891,892
3672,907,908
3673,821,822
3673,907,908
3673,912,913
3673,1180,1181
3674,692,693
3674,907,908
3674,912,913
3674,921,922
3675,665,666
3675,821,822
3675,907,908
3675,912,913
3676,625,626
3676,692,693
3676,912,913
3676,921,922
3677,625,626
3677,692,693
3677,698,699
3677,912,913
3678,625,626
3678,907,908
3678,912,913
3678,921,922
3679,625,626
3679,665,666
3679,698,699
3679,912,913
3680,625,626
3680,665,666
3680,907,908
3680,912,913
3681,1639,1640
3681,1691,1692
3681,1723,1724
3681,1748,1749
3682,1425,1426
3682,1467,1468
3682,1639,1640
3682,1723,1724
3683,1639,1640
3683,1691,1692
3683,1723,1724
3683,1824,1825
3684,1639,1640
3684,1723,1724
3684,1824,1825
3684,1840,1841
3685,1723,1724
3685,1735,1736
3685,1810,1811
3685,1840,1841
3686,1655,1656
3686,1691,1692
3686,1723,1724
3686,1810,1811
3687,1655,1656
3687,1723,1724
3687,1810,1811
3687,1840,1841
3688,1655,1656
3688,1691,1692
3688,1723,1724
3688,1824,1825
3689,1655,1656
3689,1723,1724
3689,1824,1825
3689,1840,1841
3690,1424,1425
3690,1425,1426
3690,1521,1522
3690,1715,1716
3691,1643,1644
3691,1672,1673
3691,1699,1700
3691,1715,1716
3692,1453,1454
3692,1672,1673
3692,1699,1700
3692,1715,1716
3693,1425,1426
3693,1521,1522
3693,1702,1703
3693,1715,1716
3694,1521,1522
3694,1672,1673
3694,1702,1703
3694,1715,1716
3695,1425,1426
3695,1467,1468
3695,1702,1703
3695,1715,1716
3696,1467,1468
3696,1643,1644
3696,1702,1703
3696,1715,1716
3697,1643,1644
3697,1672,1673
3697,1702,1703
3697,1715,1716
3698,1699,1700
3698,1703,1704
3698,1818,1819
3698,1839,1840
3699,1703,1704
3699,1705,1706
3699,1788,1789
3699,1818,1819
3700,1640,1641
3700,1699,1700
3700,1818,1819
3700,1839,1840
3701,1458,1459
3701,1640,1641
3701,1818,1819
3701,1839,1840
3702,1458,1459
3702,1640,1641
3702,1699,1700
3702,1818,1819
3703,1458,1459
3703,1788,1789
3703,1818,1819
3703,1839,1840
3704,1703,1704
3704,1788,1789
3704,1818,1819
3704,1839,1840
3705,1458,1459
3705,1786,1787
3705,1788,1789
3705,1818,1819
3706,1705,1706
3706,1786,1787
3706,1788,1789
3706,1818,1819
3707,1424,1425
3707,1458,1459
3707,1786,1787
3707,1818,1819
3708,1772,1773
3708,1779,1780
3708,1816,1817
3708,1825,1826
3709,1670,1671
3709,1779,1780
3709,1803,1804
3709,1820,1821
3710,1779,1780
3710,1803,1804
3710,1820,1821
3710,1837,1838
3711,1646,1647
3711,1779,1780
3711,1803,1804
3711,1825,1826
3712,1613,1614
3712,1772,1773
3712,1779,1780
3712,1816,1817
3713,1613,1614
3713,1779,1780
3713,1816,1817
3713,1837,1838
3714,1471,1472
3714,1658,1659
3714,1708,1709
3714,1725,1726
3715,1471,1472
3715,1585,1586
3715,1658,1659
3715,1725,1726
3716,1658,1659
3716,1708,1709
3716,1820,1821
3716,1837,1838
3717,1658,1659
3717,1708,1709
3717,1815,1816
3717,1820,1821
3718,1471,1472
3718,1658,1659
3718,1708,1709
3718,1815,1816
3719,1658,1659
3719,1779,1780
3719,1820,1821
3719,1837,1838
3720,1613,1614
3720,1658,1659
3720,1779,1780
3720,1837,1838
3721,1658,1659
3721,1766,1767
3721,1815,1816
3721,1820,1821
3722,1471,1472
3722,1658,1659
3722,1766,1767
3722,1815,1816
3723,1658,1659
3723,1670,1671
3723,1779,1780
3723,1820,1821
3724,1585,1586
3724,1613,1614
3724,1658,1659
3724,1772,1773
3725,1613,1614
3725,1658,1659
3725,1772,1773
3725,1779,1780
3726,1658,1659
3726,1670,1671
3726,1766,1767
3726,1820,1821
3727,1471,1472
3727,1658,1659
3727,1670,1671
3727,1766,1767
3728,1471,1472
3728,1658,1659
3728,1670,1671
3728,1759,1760
3729,1471,1472
3729,1585,1586
3729,1658,1659
3729,1759,1760
3730,1585,1586
3730,1658,1659
3730,1759,1760
3730,1772,1773
3731,1658,1659
3731,1670,1671
3731,1759,1760
3731,1772,1773
3732,1658,1659
3732,1670,1671
3732,1772,1773
3732,1779,1780
3733,1667,1668
3733,1744,1745
3733,1791,1792
3733,1833,1834
3734,1744,1745
3734,1755,1756
3734,1791,1792
3734,1833,1834
3735,1654,1655
3735,1667,1668
3735,1791,1792
3735,1833,1834
3736,1654,1655
3736,1755,1756
3736,1791,1792
3736,1833,1834
3737,1523,1524
3737,1623,1624
3737,1673,1674
3737,1812,1813
3738,1523,1524
3738,1623,1624
3738,1744,1745
3738,1812,1813
3739,1523,1524
3739,1623,1624
3739,1744,1745
3739,1816,1817
3740,1460,1461
3740,1523,1524
3740,1538,1539
3740,1673,1674
3741,1523,1524
3741,1538,1539
3741,1673,1674
3741,1812,1813
3742,1460,1461
3742,1523,1524
3742,1538,1539
3742,1613,1614
3743,1523,1524
3743,1538,1539
3743,1613,1614
3743,1674,1675
3744,1460,1461
3744,1523,1524
3744,1613,1614
3744,1816,1817
3745,1523,1524
3745,1682,1683
3745,1744,1745
3745,1812,1813
3746,1420,1421
3746,1523,1524
3746,1682,1683
3746,1812,1813
3747,1420,1421
3747,1523,1524
3747,1538,1539
3747,1812,1813
3748,1420,1421
3748,1523,1524
3748,1674,1675
3748,1682,1683
3749,1420,1421
3749,1523,1524
3749,1538,1539
3749,1674,1675
3750,1644,1645
3750,1744,1745
3750,1755,1756
3750,1800,1801
3751,1623,1624
3751,1644,1645
3751,1744,1745
3751,1800,1801
3752,1629,1630
3752,1695,1696
3752,1722,1723
3752,1800,1801
3753,1629,1630
3753,1695,1696
3753,1710,1711
3753,1800,1801
3754,1644,1645
3754,1706,1707
3754,1755,1756
3754,1800,1801
3755,1623,1624
3755,1722,1723
3755,1756,1757
3755,1800,1801
3756,1623,1624
3756,1644,1645
3756,1756,1757
3756,1800,1801
3757,1629,1630
3757,1710,1711
3757,1800,1801
3757,1842,1843
3758,1644,1645
3758,1706,1707
3758,1756,1757
3758,1800,1801
3759,1706,1707
3759,1719,1720
3759,1756,1757
3759,1800,1801
3760,1706,1707
3760,1719,1720
3760,1800,1801
3760,1842,1843
3761,1629,1630
3761,1719,1720
3761,1800,1801
3761,1842,1843
3762,1629,1630
3762,1719,1720
3762,1722,1723
3762,1800,1801
3763,1447,1448
3763,1722,1723
3763,1756,1757
3763,1800,1801
3764,1447,1448
3764,1719,1720
3764,1722,1723
3764,1800,1801
3765,1447,1448
3765,1719,1720
3765,1756,1757
3765,1800,1801
3766,1670,1671
3766,1741,1742
3766,1796,1797
3766,1803,1804
3767,1646,1647
3767,1796,1797
3767,1803,1804
3767,1825,1826
3768,1670,1671
3768,1779,1780
3768,1796,1797
3768,1803,1804
3769,1779,1780
3769,1796,1797
3769,1803,1804
3769,1825,1826
3770,1670,1671
3770,1759,1760
3770,1772,1773
3770,1796,1797
3771,1728,1729
3771,1735,1736
3771,1796,1797
3771,1825,1826
3772,1670,1671
3772,1772,1773
3772,1779,1780
3772,1796,1797
3773,1772,1773
3773,1779,1780
3773,1796,1797
3773,1825,1826
3774,1670,1671
3774,1741,1742
3774,1796,1797
3774,1841,1842
3775,1728,1729
3775,1796,1797
3775,1816,1817
3775,1825,1826
3776,1728,1729
3776,1772,1773
3776,1796,1797
3776,1816,1817
3777,1772,1773
3777,1796,1797
3777,1816,1817
3777,1825,1826
3778,1728,1729
3778,1735,1736
3778,1796,1797
3778,1810,1811
3779,1723,1724
3779,1735,1736
3779,1796,1797
3779,1810,1811
3780,1723,1724
3780,1728,1729
3780,1796,1797
3780,1810,1811
3781,1230,1231
3781,1236,1237
3781,1454,1455
3781,1597,1598
3782,1230,1231
3782,1236,1237
3782,1454,1455
3782,1610,1611
3783,1236,1237
3783,1437,1438
3783,1454,1455
3783,1610,1611
3784,775,776
3784,848,849
3784,947,948
3784,991,992
3785,848,849
3785,891,892
3785,947,948
3785,991,992
3786,848,849
3786,872,873
3786,891,892
3786,947,948
3787,800,801
3787,848,849
3787,872,873
3787,947,948
3788,800,801
3788,848,849
3788,872,873
3788,891,892
3789,1485,1486
3789,1602,1603
3789,1621,1622
3789,1718,1719
3790,1485,1486
3790,1488,1489
3790,1621,1622
3790,1718,1719
3791,1411,1412
3791,1485,1486
3791,1602,1603
3791,1718,1719
3792,1488,1489
3792,1621,1622
3792,1718,1719
3792,1774,1775
3793,1411,1412
3793,1582,1583
3793,1602,1603
3793,1718,1719
3794,1602,1603
3794,1621,1622
3794,1718,1719
3794,1774,1775
3795,1582,1583
3795,1718,1719
3795,1721,1722
3795,1774,1775
3796,1694,1695
3796,1718,1719
3796,1721,1722
3796,1774,1775
3797,1488,1489
3797,1694,1695
3797,1718,1719
3797,1774,1775
3798,1488,1489
3798,1694,1695
3798,1718,1719
3798,1721,1722
3799,1411,1412
3799,1582,1583
3799,1718,1719
3799,1792,1793
3800,1582,1583
3800,1671,1672
3800,1718,1719
3800,1792,1793
3801,1582,1583
3801,1671,1672
3801,1718,1719
3801,1721,1722
3802,1671,1672
3802,1718,1719
3802,1721,1722
3802,1792,1793
3803,1203,1204
3803,1485,1486
3803,1496,1497
3803,1590,1591
3804,1203,1204
3804,1496,1497
3804,1539,1540
3804,1551,1552
3805,1203,1204
3805,1485,1486
3805,1496,1497
3805,1551,1552
3806,1345,1346
3806,1496,1497
3806,1539,1540
3806,1551,1552
3807,1248,1249
3807,1345,1346
3807,1496,1497
3807,1551,1552
3808,1248,1249
3808,1485,1486
3808,1496,1497
3808,1551,1552
3809,1353,1354
3809,1496,1497
3809,1590,1591
3809,1599,1600
3810,1353,1354
3810,1496,1497
3810,1514,1515
3810,1599,1600
3811,1485,1486
3811,1496,1497
3811,1590,1591
3811,1599,1600
3812,1485,1486
3812,1496,1497
3812,1514,1515
3812,1599,1600
3813,1248,1249
3813,1485,1486
3813,1496,1497
3813,1514,1515
3814,1353,1354
3814,1496,1497
3814,1514,1515
3814,1616,1617
3815,1345,1346
3815,1496,1497
3815,1514,1515
3815,1616,1617
3816,1243,1244
3816,1345,1346
3816,1496,1497
3816,1539,1540
3817,1243,1244
3817,1345,1346
3817,1496,1497
3817,1616,1617
3818,1197,1198
3818,1248,1249
3818,1345,1346
3818,1496,1497
3819,1197,1198
3819,1345,1346
3819,1496,1497
3819,1514,1515
3820,1197,1198
3820,1248,1249
3820,1496,1497
3820,1514,1515
3821,1211,1212
3821,1230,1231
3821,1519,1520
3821,1610,1611
3822,1211,1212
3822,1519,1520
3822,1542,1543
3822,1610,1611
3823,1461,1462
3823,1519,1520
3823,1574,1575
3823,1624,1625
3824,1091,1092
3824,1114,1115
3824,1121,1122
3824,1264,1265
3825,1091,1092
3825,1121,1122
3825,1264,1265
3825,1291,1292
3826,1091,1092
3826,1121,1122
3826,1291,1292
3826,1389,1390
3827,1121,1122
3827,1154,1155
3827,1291,1292
3827,1389,1390
3828,895,896
3828,1121,1122
3828,1128,1129
3828,1154,1155
3829,1121,1122
3829,1128,1129
3829,1154,1155
3829,1389,1390
3830,895,896
3830,1038,1039
3830,1121,1122
3830,1128,1129
3831,1038,1039
3831,1121,1122
3831,1128,1129
3831,1389,1390
3832,1050,1051
3832,1221,1222
3832,1264,1265
3832,1326,1327
3833,1050,1051
3833,1079,1080
3833,1291,1292
3833,1326,1327
3834,1050,1051
3834,1264,1265
3834,1291,1292
3834,1326,1327
3835,1469,1470
3835,1557,1558
3835,1590,1591
3835,1761,1762
3836,1469,1470
3836,1574,1575
3836,1590,1591
3836,1624,1625
3837,1469,1470
3837,1590,1591
3837,1624,1625
3837,1761,1762
3838,1412,1413
3838,1472,1473
3838,1659,1660
3838,1729,1730
3839,1472,1473
3839,1562,1563
3839,1659,1660
3839,1729,1730
3840,1472,1473
3840,1562,1563
3840,1665,1666
3840,1746,1747
3841,1472,1473
3841,1562,1563
3841,1574,1575
3841,1729,1730
3842,1469,1470
3842,1472,1473
3842,1574,1575
3842,1729,1730
3843,1325,1326
3843,1439,1440
3843,1508,1509
3843,1606,1607
3844,1351,1352
3844,1439,1440
3844,1508,1509
3844,1606,1607
3845,1292,1293
3845,1313,1314
3845,1351,1352
3845,1606,1607
3846,1243,1244
3846,1325,1326
3846,1539,1540
3846,1606,1607
3847,1292,1293
3847,1351,1352
3847,1508,1509
3847,1606,1607
3848,1243,1244
3848,1405,1406
3848,1435,1436
3848,1606,1607
3849,1243,1244
3849,1325,1326
3849,1435,1436
3849,1606,1607
3850,1292,1293
3850,1405,1406
3850,1435,1436
3850,1606,1607
3851,1325,1326
3851,1435,1436
3851,1508,1509
3851,1606,1607
3852,1292,1293
3852,1435,1436
3852,1508,1509
3852,1606,1607
3853,1050,1051
3853,1221,1222
3853,1401,1402
3853,1402,1403
3854,1050,1051
3854,1221,1222
3854,1326,1327
3854,1402,1403
3855,1050,1051
3855,1079,1080
3855,1326,1327
3855,1402,1403
3856,1221,1222
3856,1401,1402
3856,1402,1403
3856,1437,1438
3857,1050,1051
3857,1331,1332
3857,1401,1402
3857,1402,1403
3858,1236,1237
3858,1331,1332
3858,1401,1402
3858,1402,1403
3859,1236,1237
3859,1401,1402
3859,1402,1403
3859,1437,1438
3860,1236,1237
3860,1402,1403
3860,1437,1438
3860,1454,1455
3861,1526,1527
3861,1700,1701
3861,1769,1770
3861,1786,1787
3862,1526,1527
3862,1579,1580
3862,1678,1679
3862,1737,1738
3863,1526,1527
3863,1547,1548
3863,1678,1679
3863,1737,1738
3864,1526,1527
3864,1547,1548
3864,1678,1679
3864,1758,1759
3865,1526,1527
3865,1700,1701
3865,1757,1758
3865,1758,1759
3866,1526,1527
3866,1700,1701
3866,1757,1758
3866,1769,1770
3867,1424,1425
3867,1526,1527
3867,1579,1580
3867,1678,1679
3868,1424,1425
3868,1526,1527
3868,1678,1679
3868,1786,1787
3869,1526,1527
3869,1547,1548
3869,1757,1758
3869,1758,1759
3870,1526,1527
3870,1547,1548
3870,1618,1619
3870,1737,1738
3871,1526,1527
3871,1700,1701
3871,1743,1744
3871,1758,1759
3872,1526,1527
3872,1678,1679
3872,1743,1744
3872,1758,1759
3873,1683,1684
3873,1700,1701
3873,1743,1744
3873,1758,1759
3874,1526,1527
3874,1700,1701
3874,1743,1744
3874,1786,1787
3875,1526,1527
3875,1678,1679
3875,1743,1744
3875,1786,1787
3876,1678,1679
3876,1691,1692
3876,1743,1744
3876,1758,1759
3877,1638,1639
3877,1683,1684
3877,1700,1701
3877,1743,1744
3878,1638,1639
3878,1700,1701
3878,1743,1744
3878,1786,1787
3879,1683,1684
3879,1691,1692
3879,1743,1744
3879,1758,1759
3880,1638,1639
3880,1705,1706
3880,1743,1744
3880,1786,1787
3881,1638,1639
3881,1683,1684
3881,1743,1744
3881,1822,1823
3882,1638,1639
3882,1705,1706
3882,1743,1744
3882,1822,1823
3883,1683,1684
3883,1691,1692
3883,1743,1744
3883,1822,1823
3884,1325,1326
3884,1369,1370
3884,1468,1469
3884,1539,1540
3885,1325,1326
3885,1427,1428
3885,1439,1440
3885,1468,1469
3886,1349,1350
3886,1427,1428
3886,1439,1440
3886,1468,1469
3887,1349,1350
3887,1439,1440
3887,1468,1469
3887,1521,1522
3888,1349,1350
3888,1468,1469
3888,1521,1522
3888,1672,1673
3889,1203,1204
3889,1378,1379
3889,1496,1497
3889,1539,1540
3890,1203,1204
3890,1378,1379
3890,1496,1497
3890,1590,1591
3891,1325,1326
3891,1378,1379
3891,1539,1540
3891,1606,1607
3892,1243,1244
3892,1378,1379
3892,1539,1540
3892,1606,1607
3893,1353,1354
3893,1378,1379
3893,1496,1497
3893,1590,1591
3894,1458,1459
3894,1640,1641
3894,1699,1700
3894,1778,1779
3895,1424,1425
3895,1458,1459
3895,1778,1779
3895,1818,1819
3896,1458,1459
3896,1699,1700
3896,1778,1779
3896,1818,1819
3897,1424,1425
3897,1715,1716
3897,1778,1779
3897,1818,1819
3898,1699,1700
3898,1715,1716
3898,1778,1779
3898,1818,1819
3899,1453,1454
3899,1640,1641
3899,1699,1700
3899,1778,1779
3900,1453,1454
3900,1699,1700
3900,1715,1716
3900,1778,1779
3901,1424,1425
3901,1521,1522
3901,1715,1716
3901,1778,1779
3902,1453,1454
3902,1672,1673
3902,1715,1716
3902,1778,1779
3903,1453,1454
3903,1468,1469
3903,1672,1673
3903,1778,1779
3904,1521,1522
3904,1672,1673
3904,1715,1716
3904,1778,1779
3905,1468,1469
3905,1521,1522
3905,1672,1673
3905,1778,1779
3906,1421,1422
3906,1479,1480
3906,1488,1489
3906,1640,1641
3907,1421,1422
3907,1479,1480
3907,1490,1491
3907,1699,1700
3908,1421,1422
3908,1479,1480
3908,1640,1641
3908,1699,1700
3909,1421,1422
3909,1479,1480
3909,1490,1491
3909,1792,1793
3910,1479,1480
3910,1488,1489
3910,1718,1719
3910,1721,1722
3911,1453,1454
3911,1479,1480
3911,1490,1491
3911,1699,1700
3912,1453,1454
3912,1479,1480
3912,1640,1641
3912,1699,1700
3913,1203,1204
3913,1479,1480
3913,1488,1489
3913,1640,1641
3914,1421,1422
3914,1479,1480
3914,1721,1722
3914,1792,1793
3915,1479,1480
3915,1718,1719
3915,1721,1722
3915,1792,1793
3916,1411,1412
3916,1479,1480
3916,1718,1719
3916,1792,1793
3917,1421,1422
3917,1479,1480
3917,1694,1695
3917,1721,1722
3918,1421,1422
3918,1479,1480
3918,1488,1489
3918,1694,1695
3919,1479,1480
3919,1488,1489
3919,1694,1695
3919,1721,1722
3920,1203,1204
3920,1453,1454
3920,1479,1480
3920,1640,1641
3921,1203,1204
3921,1411,1412
3921,1479,1480
3921,1522,1523
3922,1411,1412
3922,1479,1480
3922,1522,1523
3922,1792,1793
3923,1479,1480
3923,1490,1491
3923,1522,1523
3923,1792,1793
3924,1203,1204
3924,1411,1412
3924,1479,1480
3924,1485,1486
3925,1411,1412
3925,1479,1480
3925,1485,1486
3925,1718,1719
3926,1203,1204
3926,1479,1480
3926,1485,1486
3926,1488,1489
3927,1479,1480
3927,1485,1486
3927,1488,1489
3927,1718,1719
3928,1203,1204
3928,1453,1454
3928,1479,1480
3928,1522,1523
3929,1453,1454
3929,1479,1480
3929,1490,1491
3929,1522,1523
3930,1638,1639
3930,1707,1708
3930,1733,1734
3930,1775,1776
3931,1636,1637
3931,1707,1708
3931,1733,1734
3931,1775,1776
3932,1638,1639
3932,1700,1701
3932,1733,1734
3932,1786,1787
3933,1638,1639
3933,1707,1708
3933,1733,1734
3933,1788,1789
3934,1638,1639
3934,1733,1734
3934,1786,1787
3934,1788,1789
3935,1636,1637
3935,1700,1701
3935,1733,1734
3935,1769,1770
3936,1412,1413
3936,1636,1637
3936,1733,1734
3936,1769,1770
3937,1638,1639
3937,1700,1701
3937,1733,1734
3937,1775,1776
3938,1636,1637
3938,1700,1701
3938,1733,1734
3938,1775,1776
3939,1700,1701
3939,1733,1734
3939,1769,1770
3939,1786,1787
3940,1412,1413
3940,1733,1734
3940,1769,1770
3940,1786,1787
3941,1636,1637
3941,1707,1708
3941,1790,1791
3941,1811,1812
3942,1707,1708
3942,1790,1791
3942,1811,1812
3942,1826,1827
3943,1412,1413
3943,1636,1637
3943,1733,1734
3943,1790,1791
3944,1636,1637
3944,1707,1708
3944,1733,1734
3944,1790,1791
3945,1666,1667
3945,1790,1791
3945,1811,1812
3945,1826,1827
3946,1665,1666
3946,1666,1667
3946,1790,1791
3946,1826,1827
3947,1665,1666
3947,1746,1747
3947,1790,1791
3947,1826,1827
3948,1472,1473
3948,1665,1666
3948,1746,1747
3948,1790,1791
3949,1412,1413
3949,1472,1473
3949,1729,1730
3949,1790,1791
3950,1675,1676
3950,1688,1689
3950,1747,1748
3950,1776,1777
3951,1675,1676
3951,1745,1746
3951,1747,1748
3951,1776,1777
3952,1688,1689
3952,1747,1748
3952,1776,1777
3952,1828,1829
3953,1745,1746
3953,1747,1748
3953,1776,1777
3953,1828,1829
3954,1675,1676
3954,1688,1689
3954,1747,1748
3954,1754,1755
3955,1669,1670
3955,1675,1676
3955,1745,1746
3955,1747,1748
3956,1669,1670
3956,1675,1676
3956,1747,1748
3956,1754,1755
3957,1593,1594
3957,1688,1689
3957,1747,1748
3957,1754,1755
3958,1669,1670
3958,1745,1746
3958,1747,1748
3958,1769,1770
3959,1745,1746
3959,1747,1748
3959,1757,1758
3959,1769,1770
3960,1552,1553
3960,1593,1594
3960,1747,1748
3960,1754,1755
3961,1552,1553
3961,1669,1670
3961,1747,1748
3961,1754,1755
3962,1552,1553
3962,1669,1670
3962,1747,1748
3962,1769,1770
3963,1450,1451
3963,1552,1553
3963,1578,1579
3963,1581,1582
3964,1450,1451
3964,1480,1481
3964,1581,1582
3964,1742,1743
3965,1433,1434
3965,1450,1451
3965,1480,1481
3965,1742,1743
3966,1450,1451
3966,1581,1582
3966,1593,1594
3966,1742,1743
3967,1450,1451
3967,1552,1553
3967,1581,1582
3967,1593,1594
3968,1439,1440
3968,1475,1476
3968,1521,1522
3968,1579,1580
3969,1424,1425
3969,1458,1459
3969,1475,1476
3969,1778,1779
3970,1439,1440
3970,1468,1469
3970,1475,1476
3970,1521,1522
3971,1468,1469
3971,1475,1476
3971,1521,1522
3971,1778,1779
3972,1424,1425
3972,1475,1476
3972,1521,1522
3972,1579,1580
3973,1424,1425
3973,1475,1476
3973,1521,1522
3973,1778,1779
3974,1450,1451
3974,1480,1481
3974,1569,1570
3974,1589,1590
3975,1433,1434
3975,1450,1451
3975,1480,1481
3975,1589,1590
3976,1439,1440
3976,1475,1476
3976,1579,1580
3976,1589,1590
3977,1351,1352
3977,1480,1481
3977,1589,1590
3977,1614,1615
3978,1414,1415
3978,1439,1440
3978,1579,1580
3978,1589,1590
3979,1414,1415
3979,1579,1580
3979,1589,1590
3979,1777,1778
3980,1351,1352
3980,1414,1415
3980,1439,1440
3980,1589,1590
3981,1351,1352
3981,1414,1415
3981,1589,1590
3981,1614,1615
3982,1222,1223
3982,1368,1369
3982,1444,1445
3982,1575,1576
3983,1222,1223
3983,1444,1445
3983,1524,1525
3983,1575,1576
3984,1222,1223
3984,1368,1369
3984,1530,1531
3984,1575,1576
3985,1396,1397
3985,1530,1531
3985,1575,1576
3985,1594,1595
3986,1224,1225
3986,1368,1369
3986,1530,1531
3986,1575,1576
3987,1224,1225
3987,1530,1531
3987,1575,1576
3987,1594,1595
3988,1224,1225
3988,1368,1369
3988,1575,1576
3988,1594,1595
3989,1251,1252
3989,1259,1260
3989,1275,1276
3989,1334,1335
3990,1259,1260
3990,1275,1276
3990,1334,1335
3990,1594,1595
3991,1251,1252
3991,1259,1260
3991,1275,1276
3991,1448,1449
3992,1259,1260
3992,1275,1276
3992,1448,1449
3992,1594,1595
3993,1251,1252
3993,1275,1276
3993,1304,1305
3993,1334,1335
3994,1275,1276
3994,1304,1305
3994,1334,1335
3994,1594,1595
3995,1275,1276
3995,1448,1449
3995,1575,1576
3995,1594,1595
3996,1251,1252
3996,1275,1276
3996,1340,1341
3996,1448,1449
3997,1251,1252
3997,1275,1276
3997,1340,1341
3997,1617,1618
3998,1275,1276
3998,1368,1369
3998,1575,1576
3998,1594,1595
3999,1275,1276
3999,1368,1369
3999,1371,1372
3999,1617,1618
4000,1275,1276
4000,1304,1305
4000,1371,1372
4000,1541,1542
4001,1275,1276
4001,1368,1369
4001,1371,1372
4001,1541,1542
4002,1275,1276
4002,1288,1289
4002,1304,1305
4002,1541,1542
4003,1275,1276
4003,1288,1289
4003,1541,1542
4003,1594,1595
4004,1275,1276
4004,1288,1289
4004,1304,1305
4004,1594,1595
4005,1224,1225
4005,1275,1276
4005,1368,1369
4005,1541,1542
4006,1224,1225
4006,1275,1276
4006,1541,1542
4006,1594,1595
4007,1224,1225
4007,1275,1276
4007,1368,1369
4007,1594,1595
4008,1580,1581
4008,1631,1632
4008,1783,1784
4008,1835,1836
4009,1631,1632
4009,1637,1638
4009,1652,1653
4009,1835,1836
4010,1631,1632
4010,1652,1653
4010,1783,1784
4010,1835,1836
4011,1652,1653
4011,1760,1761
4011,1783,1784
4011,1835,1836
4012,1760,1761
4012,1783,1784
4012,1808,1809
4012,1835,1836
4013,1637,1638
4013,1652,1653
4013,1831,1832
4013,1835,1836
4014,1637,1638
4014,1760,1761
4014,1831,1832
4014,1835,1836
4015,1652,1653
4015,1760,1761
4015,1831,1832
4015,1835,1836
4016,1580,1581
4016,1764,1765
4016,1783,1784
4016,1835,1836
4017,1212,1213
4017,1436,1437
4017,1455,1456
4017,1553,1554
4018,1212,1213
4018,1455,1456
4018,1491,1492
4018,1553,1554
4019,1212,1213
4019,1455,1456
4019,1491,1492
4019,1532,1533
4020,1212,1213
4020,1436,1437
4020,1455,1456
4020,1473,1474
4021,1212,1213
4021,1354,1355
4021,1455,1456
4021,1473,1474
4022,1212,1213
4022,1354,1355
4022,1455,1456
4022,1532,1533
4023,1354,1355
4023,1455,1456
4023,1473,1474
4023,1532,1533
4024,1455,1456
4024,1473,1474
4024,1532,1533
4024,1544,1545
4025,1436,1437
4025,1455,1456
4025,1473,1474
4025,1544,1545
4026,1332,1333
4026,1455,1456
4026,1546,1547
4026,1553,1554
4027,1436,1437
4027,1455,1456
4027,1546,1547
4027,1553,1554
4028,1332,1333
4028,1455,1456
4028,1486,1487
4028,1546,1547
4029,1455,1456
4029,1532,1533
4029,1544,1545
4029,1545,1546
4030,1426,1427
4030,1455,1456
4030,1482,1483
4030,1545,1546
4031,1318,1319
4031,1382,1383
4031,1583,1584
4031,1588,1589
4032,1217,1218
4032,1318,1319
4032,1382,1383
4032,1588,1589
4033,1199,1200
4033,1217,1218
4033,1382,1383
4033,1588,1589
4034,1199,1200
4034,1382,1383
4034,1487,1488
4034,1588,1589
4035,1229,1230
4035,1318,1319
4035,1583,1584
4035,1588,1589
4036,1226,1227
4036,1229,1230
4036,1375,1376
4036,1588,1589
4037,1226,1227
4037,1229,1230
4037,1583,1584
4037,1588,1589
4038,1295,1296
4038,1382,1383
4038,1487,1488
4038,1588,1589
4039,1295,1296
4039,1382,1383
4039,1583,1584
4039,1588,1589
4040,1226,1227
4040,1375,1376
4040,1588,1589
4040,1625,1626
4041,1295,1296
4041,1487,1488
4041,1530,1531
4041,1588,1589
4042,1487,1488
4042,1530,1531
4042,1588,1589
4042,1625,1626
4043,1226,1227
4043,1530,1531
4043,1588,1589
4043,1625,1626
4044,1226,1227
4044,1391,1392
4044,1530,1531
4044,1588,1589
4045,1226,1227
4045,1391,1392
4045,1583,1584
4045,1588,1589
4046,1295,1296
4046,1391,1392
4046,1530,1531
4046,1588,1589
4047,1295,1296
4047,1391,1392
4047,1583,1584
4047,1588,1589
4048,1465,1466
4048,1550,1551
4048,1737,1738
4048,1748,1749
4049,1550,1551
4049,1678,1679
4049,1737,1738
4049,1748,1749
4050,1425,1426
4050,1550,1551
4050,1678,1679
4050,1748,1749
4051,1425,1426
4051,1550,1551
4051,1561,1562
4051,1777,1778
4052,1550,1551
4052,1579,1580
4052,1678,1679
4052,1737,1738
4053,1550,1551
4053,1579,1580
4053,1737,1738
4053,1777,1778
4054,1425,1426
4054,1550,1551
4054,1579,1580
4054,1678,1679
4055,1425,1426
4055,1550,1551
4055,1579,1580
4055,1777,1778
4056,1425,1426
4056,1550,1551
4056,1639,1640
4056,1723,1724
4057,1550,1551
4057,1639,1640
4057,1723,1724
4057,1748,1749
4058,1425,1426
4058,1550,1551
4058,1723,1724
4058,1748,1749
4059,1425,1426
4059,1550,1551
4059,1576,1577
4059,1639,1640
4060,1550,1551
4060,1561,1562
4060,1576,1577
4060,1639,1640
4061,1425,1426
4061,1550,1551
4061,1561,1562
4061,1576,1577
4062,1550,1551
4062,1561,1562
4062,1573,1574
4062,1639,1640
4063,1443,1444
4063,1457,1458
4063,1536,1537
4063,1628,1629
4064,1443,1444
4064,1457,1458
4064,1628,1629
4064,1711,1712
4065,1443,1444
4065,1627,1628
4065,1689,1690
4065,1711,1712
4066,1443,1444
4066,1598,1599
4066,1627,1628
4066,1648,1649
4067,1443,1444
4067,1598,1599
4067,1627,1628
4067,1689,1690
4068,1443,1444
4068,1598,1599
4068,1653,1654
4068,1689,1690
4069,1443,1444
4069,1598,1599
4069,1651,1652
4069,1653,1654
4070,1443,1444
4070,1536,1537
4070,1648,1649
4070,1753,1754
4071,1443,1444
4071,1598,1599
4071,1633,1634
4071,1651,1652
4072,1443,1444
4072,1598,1599
4072,1633,1634
4072,1648,1649
4073,1443,1444
4073,1633,1634
4073,1651,1652
4073,1753,1754
4074,1443,1444
4074,1633,1634
4074,1648,1649
4074,1753,1754
4075,1529,1530
4075,1586,1587
4075,1681,1682
4075,1716,1717
4076,1529,1530
4076,1648,1649
4076,1681,1682
4076,1716,1717
4077,1529,1530
4077,1586,1587
4077,1627,1628
4077,1681,1682
4078,1529,1530
4078,1627,1628
4078,1648,1649
4078,1681,1682
4079,1511,1512
4079,1586,1587
4079,1681,1682
4079,1716,1717
4080,1586,1587
4080,1627,1628
4080,1681,1682
4080,1711,1712
4081,1443,1444
4081,1627,1628
4081,1648,1649
4081,1681,1682
4082,1511,1512
4082,1568,1569
4082,1681,1682
4082,1751,1752
4083,1511,1512
4083,1568,1569
4083,1681,1682
4083,1716,1717
4084,1568,1569
4084,1681,1682
4084,1716,1717
4084,1751,1752
4085,1443,1444
4085,1457,1458
4085,1681,1682
4085,1711,1712
4086,1443,1444
4086,1627,1628
4086,1681,1682
4086,1711,1712
4087,1457,1458
4087,1586,1587
4087,1612,1613
4087,1681,1682
4088,1457,1458
4088,1612,1613
4088,1681,1682
4088,1711,1712
4089,1586,1587
4089,1612,1613
4089,1681,1682
4089,1711,1712
4090,1443,1444
4090,1457,1458
4090,1536,1537
4090,1681,1682
4091,1443,1444
4091,1536,1537
4091,1648,1649
4091,1681,1682
4092,1457,1458
4092,1484,1485
4092,1511,1512
4092,1681,1682
4093,1457,1458
4093,1484,1485
4093,1586,1587
4093,1681,1682
4094,1484,1485
4094,1511,1512
4094,1586,1587
4094,1681,1682
4095,1457,1458
4095,1511,1512
4095,1536,1537
4095,1681,1682
4096,1511,1512
4096,1536,1537
4096,1681,1682
4096,1751,1752
4097,1536,1537
4097,1648,1649
4097,1681,1682
4097,1751,1752
4098,1529,1530
4098,1564,1565
4098,1648,1649
4098,1716,1717
4099,1564,1565
4099,1648,1649
4099,1686,1687
4099,1764,1765
4100,1564,1565
4100,1681,1682
4100,1716,1717
4100,1751,1752
4101,1564,1565
4101,1648,1649
4101,1681,1682
4101,1751,1752
4102,1564,1565
4102,1648,1649
4102,1681,1682
4102,1716,1717
4103,1564,1565
4103,1567,1568
4103,1686,1687
4103,1764,1765
4104,1544,1545
4104,1564,1565
4104,1567,1568
4104,1686,1687
4105,1510,1511
4105,1564,1565
4105,1716,1717
4105,1751,1752
4106,1564,1565
4106,1751,1752
4106,1753,1754
4106,1764,1765
4107,1564,1565
4107,1648,1649
4107,1753,1754
4107,1764,1765
4108,1564,1565
4108,1648,1649
4108,1751,1752
4108,1753,1754
4109,1436,1437
4109,1510,1511
4109,1544,1545
4109,1564,1565
4110,1436,1437
4110,1510,1511
4110,1564,1565
4110,1716,1717
4111,1510,1511
4111,1564,1565
4111,1567,1568
4111,1764,1765
4112,1510,1511
4112,1564,1565
4112,1751,1752
4112,1764,1765
4113,1510,1511
4113,1544,1545
4113,1564,1565
4113,1567,1568
4114,1628,1629
4114,1632,1633
4114,1813,1814
4114,1836,1837
4115,1628,1629
4115,1632,1633
4115,1711,1712
4115,1836,1837
4116,1443,1444
4116,1628,1629
4116,1711,1712
4116,1836,1837
4117,1630,1631
4117,1712,1713
4117,1813,1814
4117,1836,1837
4118,1632,1633
4118,1711,1712
4118,1717,1718
4118,1836,1837
4119,1689,1690
4119,1711,1712
4119,1717,1718
4119,1836,1837
4120,1506,1507
4120,1632,1633
4120,1813,1814
4120,1836,1837
4121,1506,1507
4121,1712,1713
4121,1813,1814
4121,1836,1837
4122,1630,1631
4122,1653,1654
4122,1712,1713
4122,1836,1837
4123,1443,1444
4123,1689,1690
4123,1711,1712
4123,1836,1837
4124,1443,1444
4124,1653,1654
4124,1689,1690
4124,1836,1837
4125,1506,1507
4125,1632,1633
4125,1717,1718
4125,1836,1837
4126,1506,1507
4126,1712,1713
4126,1717,1718
4126,1836,1837
4127,1712,1713
4127,1717,1718
4127,1740,1741
4127,1836,1837
4128,1689,1690
4128,1717,1718
4128,1740,1741
4128,1836,1837
4129,1653,1654
4129,1712,1713
4129,1740,1741
4129,1836,1837
4130,1653,1654
4130,1689,1690
4130,1740,1741
4130,1836,1837
4131,1630,1631
4131,1642,1643
4131,1712,1713
4131,1806,1807
4132,1630,1631
4132,1712,1713
4132,1794,1795
4132,1806,1807
4133,1642,1643
4133,1712,1713
4133,1768,1769
4133,1806,1807
4134,1712,1713
4134,1730,1731
4134,1768,1769
4134,1806,1807
4135,1690,1691
4135,1730,1731
4135,1768,1769
4135,1806,1807
4136,1712,1713
4136,1730,1731
4136,1794,1795
4136,1806,1807
4137,1690,1691
4137,1730,1731
4137,1794,1795
4137,1806,1807
4138,1642,1643
4138,1738,1739
4138,1768,1769
4138,1806,1807
4139,1738,1739
4139,1768,1769
4139,1806,1807
4139,1844,1845
4140,1630,1631
4140,1704,1705
4140,1794,1795
4140,1806,1807
4141,1661,1662
4141,1738,1739
4141,1806,1807
4141,1844,1845
4142,1661,1662
4142,1704,1705
4142,1806,1807
4142,1844,1845
4143,1630,1631
4143,1661,1662
4143,1704,1705
4143,1806,1807
4144,1704,1705
4144,1806,1807
4144,1844,1845
4144,1845,1846
4145,1704,1705
4145,1794,1795
4145,1806,1807
4145,1845,1846
4146,1690,1691
4146,1794,1795
4146,1806,1807
4146,1845,1846
4147,1630,1631
4147,1642,1643
4147,1720,1721
4147,1806,1807
4148,1630,1631
4148,1661,1662
4148,1720,1721
4148,1806,1807
4149,1642,1643
4149,1720,1721
4149,1738,1739
4149,1806,1807
4150,1661,1662
4150,1720,1721
4150,1738,1739
4150,1806,1807
4151,1701,1702
4151,1797,1798
4151,1840,1841
4151,1841,1842
4152,1639,1640
4152,1701,1702
4152,1797,1798
4152,1840,1841
4153,1419,1420
4153,1639,1640
4153,1701,1702
4153,1797,1798
4154,1639,1640
4154,1701,1702
4154,1723,1724
4154,1840,1841
4155,1701,1702
4155,1735,1736
4155,1840,1841
4155,1841,1842
4156,1701,1702
4156,1735,1736
4156,1796,1797
4156,1841,1842
4157,1670,1671
4157,1701,1702
4157,1796,1797
4157,1841,1842
4158,1670,1671
4158,1701,1702
4158,1759,1760
4158,1796,1797
4159,1701,1702
4159,1723,1724
4159,1735,1736
4159,1840,1841
4160,1701,1702
4160,1723,1724
4160,1735,1736
4160,1796,1797
4161,1701,1702
4161,1759,1760
4161,1772,1773
4161,1796,1797
4162,1456,1457
4162,1717,1718
4162,1736,1737
4162,1740,1741
4163,1456,1457
4163,1717,1718
4163,1736,1737
4163,1749,1750
4164,1456,1457
4164,1516,1517
4164,1618,1619
4164,1740,1741
4165,1456,1457
4165,1516,1517
4165,1736,1737
4165,1750,1751
4166,1456,1457
4166,1736,1737
4166,1740,1741
4166,1750,1751
4167,1456,1457
4167,1516,1517
4167,1740,1741
4167,1750,1751
4168,1456,1457
4168,1592,1593
4168,1736,1737
4168,1749,1750
4169,1456,1457
4169,1516,1517
4169,1592,1593
4169,1736,1737
4170,1456,1457
4170,1592,1593
4170,1680,1681
4170,1749,1750
4171,1456,1457
4171,1516,1517
4171,1592,1593
4171,1680,1681
4172,1456,1457
4172,1516,1517
4172,1618,1619
4172,1742,1743
4173,1456,1457
4173,1516,1517
4173,1680,1681
4173,1742,1743
4174,1456,1457
4174,1595,1596
4174,1680,1681
4174,1749,1750
4175,1444,1445
4175,1456,1457
4175,1595,1596
4175,1680,1681
4176,1416,1417
4176,1417,1418
4176,1444,1445
4176,1456,1457
4177,1417,1418
4177,1456,1457
4177,1717,1718
4177,1749,1750
4178,1416,1417
4178,1417,1418
4178,1456,1457
4178,1717,1718
4179,1417,1418
4179,1456,1457
4179,1595,1596
4179,1749,1750
4180,1417,1418
4180,1444,1445
4180,1456,1457
4180,1595,1596
4181,1441,1442
4181,1444,1445
4181,1456,1457
4181,1680,1681
4182,1441,1442
4182,1456,1457
4182,1680,1681
4182,1742,1743
4183,1349,1350
4183,1608,1609
4183,1626,1627
4183,1672,1673
4184,1477,1478
4184,1608,1609
4184,1626,1627
4184,1672,1673
4185,1413,1414
4185,1477,1478
4185,1608,1609
4185,1626,1627
4186,1282,1283
4186,1413,1414
4186,1477,1478
4186,1608,1609
4187,1349,1350
4187,1427,1428
4187,1468,1469
4187,1608,1609
4188,1349,1350
4188,1468,1469
4188,1608,1609
4188,1672,1673
4189,1282,1283
4189,1369,1370
4189,1477,1478
4189,1608,1609
4190,1325,1326
4190,1427,1428
4190,1468,1469
4190,1608,1609
4191,1325,1326
4191,1369,1370
4191,1468,1469
4191,1608,1609
4192,1369,1370
4192,1453,1454
4192,1468,1469
4192,1608,1609
4193,1453,1454
4193,1468,1469
4193,1608,1609
4193,1672,1673
4194,1369,1370
4194,1453,1454
4194,1477,1478
4194,1608,1609
4195,1453,1454
4195,1477,1478
4195,1608,1609
4195,1672,1673
4196,1282,1283
4196,1427,1428
4196,1607,1608
4196,1608,1609
4197,1282,1283
4197,1369,1370
4197,1607,1608
4197,1608,1609
4198,1325,1326
4198,1427,1428
4198,1607,1608
4198,1608,1609
4199,1325,1326
4199,1369,1370
4199,1607,1608
4199,1608,1609
4200,1416,1417
4200,1418,1419
4200,1444,1445
4200,1494,1495
4201,1416,1417
4201,1444,1445
4201,1456,1457
4201,1494,1495
4202,1416,1417
4202,1418,1419
4202,1494,1495
4202,1689,1690
4203,1441,1442
4203,1444,1445
4203,1456,1457
4203,1494,1495
4204,1456,1457
4204,1494,1495
4204,1618,1619
4204,1742,1743
4205,1441,1442
4205,1456,1457
4205,1494,1495
4205,1742,1743
4206,1456,1457
4206,1494,1495
4206,1618,1619
4206,1740,1741
4207,1416,1417
4207,1494,1495
4207,1689,1690
4207,1717,1718
4208,1416,1417
4208,1456,1457
4208,1494,1495
4208,1717,1718
4209,1465,1466
4209,1494,1495
4209,1618,1619
4209,1740,1741
4210,1465,1466
4210,1494,1495
4210,1689,1690
4210,1740,1741
4211,1494,1495
4211,1689,1690
4211,1717,1718
4211,1740,1741
4212,1456,1457
4212,1494,1495
4212,1717,1718
4212,1740,1741
4213,1391,1392
4213,1498,1499
4213,1572,1573
4213,1785,1786
4214,1391,1392
4214,1418,1419
4214,1498,1499
4214,1785,1786
4215,1391,1392
4215,1414,1415
4215,1572,1573
4215,1785,1786
4216,1414,1415
4216,1572,1573
4216,1777,1778
4216,1785,1786
4217,1222,1223
4217,1391,1392
4217,1614,1615
4217,1785,1786
4218,1222,1223
4218,1391,1392
4218,1418,1419
4218,1785,1786
4219,1414,1415
4219,1605,1606
4219,1614,1615
4219,1785,1786
4220,1391,1392
4220,1605,1606
4220,1614,1615
4220,1785,1786
4221,1414,1415
4221,1589,1590
4221,1777,1778
4221,1785,1786
4222,1414,1415
4222,1589,1590
4222,1614,1615
4222,1785,1786
4223,1226,1227
4223,1391,1392
4223,1414,1415
4223,1785,1786
4224,1226,1227
4224,1414,1415
4224,1605,1606
4224,1785,1786
4225,1226,1227
4225,1391,1392
4225,1605,1606
4225,1785,1786
4226,1579,1580
4226,1589,1590
4226,1777,1778
4226,1785,1786
4227,1433,1434
4227,1579,1580
4227,1589,1590
4227,1785,1786
4228,407,408
4228,458,459
4228,565,566
4228,583,584
4229,458,459
4229,565,566
4229,583,584
4229,736,737
4230,407,408
4230,446,447
4230,565,566
4230,583,584
4231,446,447
4231,565,566
4231,583,584
4231,736,737
4232,458,459
4232,555,556
4232,583,584
4232,736,737
4233,404,405
4233,407,408
4233,458,459
4233,583,584
4234,404,405
4234,458,459
4234,555,556
4234,583,584
4235,404,405
4235,432,433
4235,555,556
4235,583,584
4236,432,433
4236,555,556
4236,583,584
4236,707,708
4237,555,556
4237,583,584
4237,707,708
4237,736,737
4238,407,408
4238,446,447
4238,548,549
4238,583,584
4239,446,447
4239,522,523
4239,548,549
4239,583,584
4240,432,433
4240,522,523
4240,583,584
4240,707,708
4241,404,405
4241,407,408
4241,548,549
4241,583,584
4242,404,405
4242,432,433
4242,548,549
4242,583,584
4243,432,433
4243,522,523
4243,548,549
4243,583,584
4244,446,447
4244,522,523
4244,527,528
4244,583,584
4245,446,447
4245,527,528
4245,583,584
4245,736,737
4246,522,523
4246,527,528
4246,583,584
4246,707,708
4247,447,448
4247,527,528
4247,583,584
4247,707,708
4248,447,448
4248,583,584
4248,707,708
4248,736,737
4249,447,448
4249,527,528
4249,583,584
4249,736,737
4250,952,953
4250,1064,1065
4250,1070,1071
4250,1129,1130
4251,952,953
4251,970,971
4251,1058,1059
4251,1132,1133
4252,909,910
4252,952,953
4252,1070,1071
4252,1129,1130
4253,952,953
4253,1064,1065
4253,1070,1071
4253,1132,1133
4254,952,953
4254,1058,1059
4254,1064,1065
4254,1132,1133
4255,952,953
4255,1064,1065
4255,1071,1072
4255,1129,1130
4256,952,953
4256,1070,1071
4256,1132,1133
4256,1187,1188
4257,952,953
4257,970,971
4257,1132,1133
4257,1187,1188
4258,920,921
4258,1072,1073
4258,1084,1085
4258,1173,1174
4259,920,921
4259,1084,1085
4259,1168,1169
4259,1173,1174
4260,920,921
4260,970,971
4260,1072,1073
4260,1084,1085
4261,822,823
4261,920,921
4261,970,971
4261,1072,1073
4262,920,921
4262,965,966
4262,1084,1085
4262,1168,1169
4263,703,704
4263,727,728
4263,773,774
4263,855,856
4264,668,669
4264,703,704
4264,727,728
4264,855,856
4265,668,669
4265,703,704
4265,727,728
4265,773,774
4266,668,669
4266,727,728
4266,773,774
4266,931,932
4267,668,669
4267,727,728
4267,822,823
4267,931,932
4268,685,686
4268,727,728
4268,773,774
4268,855,856
4269,685,686
4269,727,728
4269,845,846
4269,855,856
4270,685,686
4270,727,728
4270,773,774
4270,845,846
4271,727,728
4271,845,846
4271,855,856
4271,881,882
4272,727,728
4272,773,774
4272,931,932
4272,943,944
4273,727,728
4273,773,774
4273,845,846
4273,943,944
4274,315,316
4274,538,539
4274,568,569
4274,575,576
4275,315,316
4275,503,504
4275,509,510
4275,607,608
4276,315,316
4276,503,504
4276,509,510
4276,575,576
4277,315,316
4277,503,504
4277,604,605
4277,607,608
4278,315,316
4278,503,504
4278,604,605
4278,733,734
4279,315,316
4279,503,504
4279,575,576
4279,733,734
4280,231,232
4280,314,315
4280,315,316
4280,398,399
4281,231,232
4281,314,315
4281,315,316
4281,538,539
4282,231,232
4282,315,316
4282,398,399
4282,604,605
4283,315,316
4283,398,399
4283,604,605
4283,607,608
4284,235,236
4284,283,284
4284,486,487
4284,733,734
4285,283,284
4285,486,487
4285,575,576
4285,733,734
4286,315,316
4286,486,487
4286,575,576
4286,733,734
4287,231,232
4287,315,316
4287,486,487
4287,538,539
4288,315,316
4288,486,487
4288,538,539
4288,575,576
4289,283,284
4289,381,382
4289,486,487
4289,575,576
4290,381,382
4290,486,487
4290,538,539
4290,575,576
4291,231,232
4291,277,278
4291,393,394
4291,486,487
4292,231,232
4292,296,297
4292,486,487
4292,538,539
4293,231,232
4293,296,297
4293,393,394
4293,486,487
4294,235,236
4294,283,284
4294,486,487
4294,532,533
4295,235,236
4295,393,394
4295,486,487
4295,532,533
4296,231,232
4296,315,316
4296,486,487
4296,604,605
4297,315,316
4297,486,487
4297,604,605
4297,733,734
4298,296,297
4298,381,382
4298,486,487
4298,538,539
4299,283,284
4299,381,382
4299,486,487
4299,532,533
4300,296,297
4300,381,382
4300,486,487
4300,532,533
4301,296,297
4301,393,394
4301,486,487
4301,532,533
4302,459,460
4302,722,723
4302,763,764
4302,790,791
4303,459,460
4303,721,722
4303,722,723
4303,790,791
4304,459,460
4304,721,722
4304,790,791
4304,960,961
4305,459,460
4305,763,764
4305,790,791
4305,928,929
4306,667,668
4306,722,723
4306,763,764
4306,790,791
4307,667,668
4307,722,723
4307,728,729
4307,790,791
4308,639,640
4308,657,658
4308,790,791
4308,928,929
4309,657,658
4309,667,668
4309,763,764
4309,790,791
4310,657,658
4310,667,668
4310,728,729
4310,790,791
4311,639,640
4311,657,658
4311,790,791
4311,851,852
4312,657,658
4312,728,729
4312,790,791
4312,851,852
4313,634,635
4313,657,658
4313,790,791
4313,928,929
4314,634,635
4314,657,658
4314,763,764
4314,790,791
4315,634,635
4315,763,764
4315,790,791
4315,928,929
4316,459,460
4316,581,582
4316,614,615
4316,666,667
4317,581,582
4317,630,631
4317,633,634
4317,666,667
4318,581,582
4318,614,615
4318,666,667
4318,757,758
4319,581,582
4319,630,631
4319,666,667
4319,757,758
4320,552,553
4320,614,615
4320,666,667
4320,757,758
4321,552,553
4321,630,631
4321,666,667
4321,757,758
4322,630,631
4322,633,634
4322,666,667
4322,698,699
4323,552,553
4323,630,631
4323,666,667
4323,698,699
4324,633,634
4324,666,667
4324,692,693
4324,698,699
4325,552,553
4325,625,626
4325,666,667
4325,698,699
4326,625,626
4326,666,667
4326,692,693
4326,698,699
4327,625,626
4327,666,667
4327,692,693
4327,960,961
4328,459,460
4328,618,619
4328,666,667
4328,960,961
4329,618,619
4329,633,634
4329,666,667
4329,692,693
4330,618,619
4330,666,667
4330,692,693
4330,960,961
4331,395,396
4331,581,582
4331,618,619
4331,633,634
4332,581,582
4332,618,619
4332,633,634
4332,666,667
4333,459,460
4333,581,582
4333,618,619
4333,666,667
4334,459,460
4334,618,619
4334,721,722
4334,960,961
4335,395,396
4335,498,499
4335,618,619
4335,681,682
4336,618,619
4336,721,722
4336,818,819
4336,960,961
4337,618,619
4337,721,722
4337,723,724
4337,818,819
4338,618,619
4338,633,634
4338,723,724
4338,929,930
4339,618,619
4339,692,693
4339,818,819
4339,960,961
4340,395,396
4340,581,582
4340,618,619
4340,681,682
4341,459,460
4341,581,582
4341,618,619
4341,681,682
4342,459,460
4342,476,477
4342,618,619
4342,721,722
4343,476,477
4343,498,499
4343,618,619
4343,681,682
4344,459,460
4344,476,477
4344,618,619
4344,681,682
4345,618,619
4345,633,634
4345,692,693
4345,723,724
4346,618,619
4346,692,693
4346,723,724
4346,818,819
4347,545,546
4347,618,619
4347,721,722
4347,723,724
4348,476,477
4348,498,499
4348,545,546
4348,618,619
4349,476,477
4349,545,546
4349,618,619
4349,721,722
4350,291,292
4350,337,338
4350,448,449
4350,469,470
4351,291,292
4351,306,307
4351,469,470
4351,481,482
4352,291,292
4352,448,449
4352,525,526
4352,588,589
4353,291,292
4353,306,307
4353,525,526
4353,588,589
4354,291,292
4354,448,449
4354,469,470
4354,588,589
4355,291,292
4355,306,307
4355,469,470
4355,588,589
4356,342,343
4356,448,449
4356,469,470
4356,588,589
4357,248,249
4357,448,449
4357,525,526
4357,588,589
4358,248,249
4358,342,343
4358,448,449
4358,588,589
4359,236,237
4359,248,249
4359,525,526
4359,588,589
4360,236,237
4360,248,249
4360,346,347
4360,588,589
4361,248,249
4361,342,343
4361,346,347
4361,588,589
4362,236,237
4362,306,307
4362,525,526
4362,588,589
4363,236,237
4363,306,307
4363,460,461
4363,588,589
4364,236,237
4364,346,347
4364,460,461
4364,588,589
4365,454,455
4365,481,482
4365,600,601
4365,696,697
4366,306,307
4366,481,482
4366,600,601
4366,696,697
4367,306,307
4367,454,455
4367,481,482
4367,600,601
4368,542,543
4368,586,587
4368,600,601
4368,696,697
4369,454,455
4369,586,587
4369,600,601
4369,696,697
4370,454,455
4370,542,543
4370,586,587
4370,600,601
4371,306,307
4371,460,461
4371,600,601
4371,696,697
4372,454,455
4372,542,543
4372,600,601
4372,607,608
4373,509,510
4373,542,543
4373,600,601
4373,607,608
4374,460,461
4374,562,563
4374,600,601
4374,696,697
4375,460,461
4375,509,510
4375,562,563
4375,600,601
4376,542,543
4376,562,563
4376,600,601
4376,696,697
4377,509,510
4377,542,543
4377,562,563
4377,600,601
4378,306,307
4378,460,461
4378,588,589
4378,600,601
4379,203,204
4379,222,223
4379,278,279
4379,359,360
4380,203,204
4380,222,223
4380,278,279
4380,373,374
4381,203,204
4381,278,279
4381,342,343
4381,373,374
4382,203,204
4382,278,279
4382,359,360
4382,469,470
4383,278,279
4383,342,343
4383,448,449
4383,469,470
4384,203,204
4384,278,279
4384,342,343
4384,469,470
4385,278,279
4385,342,343
4385,356,357
4385,373,374
4386,223,224
4386,278,279
4386,356,357
4386,373,374
4387,278,279
4387,328,329
4387,337,338
4387,359,360
4388,278,279
4388,328,329
4388,337,338
4388,448,449
4389,278,279
4389,337,338
4389,359,360
4389,469,470
4390,278,279
4390,337,338
4390,448,449
4390,469,470
4391,278,279
4391,328,329
4391,356,357
4391,448,449
4392,223,224
4392,278,279
4392,328,329
4392,356,357
4393,278,279
4393,342,343
4393,356,357
4393,448,449
4394,381,382
4394,538,539
4394,568,569
4394,602,603
4395,381,382
4395,414,415
4395,538,539
4395,602,603
4396,203,204
4396,229,230
4396,414,415
4396,602,603
4397,203,204
4397,325,326
4397,414,415
4397,602,603
4398,229,230
4398,381,382
4398,568,569
4398,602,603
4399,229,230
4399,381,382
4399,414,415
4399,602,603
4400,229,230
4400,342,343
4400,568,569
4400,602,603
4401,203,204
4401,229,230
4401,342,343
4401,602,603
4402,203,204
4402,342,343
4402,469,470
4402,602,603
4403,203,204
4403,325,326
4403,469,470
4403,602,603
4404,366,367
4404,414,415
4404,538,539
4404,602,603
4405,325,326
4405,366,367
4405,414,415
4405,602,603
4406,325,326
4406,366,367
4406,538,539
4406,602,603
4407,342,343
4407,469,470
4407,588,589
4407,602,603
4408,314,315
4408,325,326
4408,538,539
4408,602,603
4409,342,343
4409,346,347
4409,568,569
4409,602,603
4410,346,347
4410,568,569
4410,588,589
4410,602,603
4411,342,343
4411,346,347
4411,588,589
4411,602,603
4412,726,727
4412,738,739
4412,769,770
4412,935,936
4413,702,703
4413,726,727
4413,738,739
4413,769,770
4414,702,703
4414,738,739
4414,769,770
4414,935,936
4415,510,511
4415,726,727
4415,738,739
4415,786,787
4416,726,727
4416,738,739
4416,786,787
4416,935,936
4417,510,511
4417,630,631
4417,738,739
4417,786,787
4418,630,631
4418,738,739
4418,786,787
4418,935,936
4419,510,511
4419,674,675
4419,726,727
4419,738,739
4420,678,679
4420,702,703
4420,738,739
4420,901,902
4421,678,679
4421,702,703
4421,726,727
4421,738,739
4422,674,675
4422,738,739
4422,750,751
4422,901,902
4423,674,675
4423,726,727
4423,738,739
4423,750,751
4424,678,679
4424,738,739
4424,750,751
4424,901,902
4425,678,679
4425,726,727
4425,738,739
4425,750,751
4426,622,623
4426,661,662
4426,704,705
4426,842,843
4427,622,623
4427,661,662
4427,704,705
4427,935,936
4428,622,623
4428,661,662
4428,692,693
4428,842,843
4429,622,623
4429,661,662
4429,692,693
4429,935,936
4430,622,623
4430,692,693
4430,698,699
4430,935,936
4431,622,623
4431,702,703
4431,704,705
4431,935,936
4432,622,623
4432,692,693
4432,698,699
4432,912,913
4433,622,623
4433,704,705
4433,831,832
4433,842,843
4434,622,623
4434,879,880
4434,912,913
4434,1180,1181
4435,622,623
4435,692,693
4435,842,843
4435,907,908
4436,622,623
4436,692,693
4436,907,908
4436,912,913
4437,622,623
4437,831,832
4437,879,880
4437,1180,1181
4438,622,623
4438,831,832
4438,842,843
4438,1180,1181
4439,622,623
4439,796,797
4439,831,832
4439,879,880
4440,622,623
4440,704,705
4440,796,797
4440,831,832
4441,622,623
4441,842,843
4441,907,908
4441,1180,1181
4442,622,623
4442,907,908
4442,912,913
4442,1180,1181
4443,622,623
4443,702,703
4443,796,797
4443,879,880
4444,622,623
4444,702,703
4444,704,705
4444,796,797
4445,266,267
4445,367,368
4445,408,409
4445,415,416
4446,266,267
4446,367,368
4446,415,416
4446,585,586
4447,266,267
4447,378,379
4447,408,409
4447,415,416
4448,266,267
4448,285,286
4448,378,379
4448,408,409
4449,266,267
4449,377,378
4449,390,391
4449,451,452
4450,196,197
4450,266,267
4450,377,378
4450,390,391
4451,196,197
4451,266,267
4451,377,378
4451,378,379
4452,196,197
4452,266,267
4452,390,391
4452,415,416
4453,196,197
4453,266,267
4453,378,379
4453,415,416
4454,266,267
4454,451,452
4454,585,586
4454,597,598
4455,266,267
4455,415,416
4455,543,544
4455,585,586
4456,266,267
4456,451,452
4456,543,544
4456,585,586
4457,266,267
4457,390,391
4457,415,416
4457,543,544
4458,266,267
4458,390,391
4458,451,452
4458,543,544
4459,205,206
4459,266,267
4459,377,378
4459,451,452
4460,205,206
4460,266,267
4460,451,452
4460,514,515
4461,265,266
4461,367,368
4461,521,522
4461,585,586
4462,298,299
4462,367,368
4462,408,409
4462,521,522
4463,266,267
4463,367,368
4463,408,409
4463,521,522
4464,266,267
4464,367,368
4464,521,522
4464,585,586
4465,265,266
4465,367,368
4465,521,522
4465,594,595
4466,298,299
4466,367,368
4466,521,522
4466,594,595
4467,265,266
4467,521,522
4467,585,586
4467,597,598
4468,266,267
4468,285,286
4468,408,409
4468,521,522
4469,239,240
4469,265,266
4469,521,522
4469,594,595
4470,239,240
4470,298,299
4470,521,522
4470,594,595
4471,239,240
4471,285,286
4471,298,299
4471,521,522
4472,285,286
4472,298,299
4472,408,409
4472,521,522
4473,239,240
4473,383,384
4473,521,522
4473,541,542
4474,239,240
4474,265,266
4474,383,384
4474,521,522
4475,383,384
4475,521,522
4475,541,542
4475,597,598
4476,265,266
4476,383,384
4476,521,522
4476,597,598
4477,266,267
4477,521,522
4477,585,586
4477,597,598
4478,285,286
4478,373,374
4478,521,522
4478,541,542
4479,239,240
4479,373,374
4479,521,522
4479,541,542
4480,239,240
4480,285,286
4480,373,374
4480,521,522
4481,444,445
4481,470,471
4481,636,637
4481,788,789
4482,444,445
4482,470,471
4482,638,639
4482,788,789
4483,444,445
4483,470,471
4483,638,639
4483,701,702
4484,444,445
4484,470,471
4484,479,480
4484,701,702
4485,289,290
4485,444,445
4485,473,474
4485,479,480
4486,289,290
4486,444,445
4486,479,480
4486,701,702
4487,664,665
4487,758,759
4487,836,837
4487,893,894
4488,758,759
4488,836,837
4488,893,894
4488,914,915
4489,664,665
4489,836,837
4489,884,885
4489,893,894
4490,836,837
4490,884,885
4490,893,894
4490,914,915
4491,655,656
4491,664,665
4491,758,759
4491,836,837
4492,664,665
4492,836,837
4492,884,885
4492,1013,1014
4493,836,837
4493,854,855
4493,884,885
4493,1013,1014
4494,623,624
4494,758,759
4494,836,837
4494,914,915
4495,836,837
4495,857,858
4495,884,885
4495,914,915
4496,655,656
4496,739,740
4496,758,759
4496,836,837
4497,655,656
4497,739,740
4497,836,837
4497,854,855
4498,655,656
4498,664,665
4498,836,837
4498,1013,1014
4499,655,656
4499,836,837
4499,854,855
4499,1013,1014
4500,739,740
4500,742,743
4500,836,837
4500,854,855
4501,623,624
4501,739,740
4501,758,759
4501,836,837
4502,623,624
4502,739,740
4502,742,743
4502,836,837
4503,623,624
4503,742,743
4503,836,837
4503,857,858
4504,623,624
4504,836,837
4504,857,858
4504,914,915
4505,836,837
4505,857,858
4505,884,885
4505,909,910
4506,742,743
4506,836,837
4506,857,858
4506,909,910
4507,742,743
4507,836,837
4507,854,855
4507,909,910
4508,184,185
4508,259,260
4508,285,286
4508,298,299
4509,259,260
4509,285,286
4509,298,299
4509,373,374
4510,212,213
4510,239,240
4510,259,260
4510,298,299
4511,239,240
4511,259,260
4511,298,299
4511,373,374
4512,2,3
4512,212,213
4512,259,260
4512,324,325
4513,212,213
4513,239,240
4513,259,260
4513,324,325
4514,239,240
4514,259,260
4514,324,325
4514,373,374
4515,184,185
4515,259,260
4515,285,286
4515,307,308
4516,184,185
4516,215,216
4516,259,260
4516,307,308
4517,223,224
4517,259,260
4517,285,286
4517,373,374
4518,223,224
4518,259,260
4518,285,286
4518,307,308
4519,161,162
4519,215,216
4519,259,260
4519,307,308
4520,161,162
4520,223,224
4520,259,260
4520,307,308
4521,1540,1541
4521,1659,1660
4521,1662,1663
4521,1823,1824
4522,1461,1462
4522,1540,1541
4522,1659,1660
4522,1662,1663
4523,1461,1462
4523,1562,1563
4523,1659,1660
4523,1662,1663
4524,1659,1660
4524,1662,1663
4524,1669,1670
4524,1823,1824
4525,1472,1473
4525,1562,1563
4525,1662,1663
4525,1665,1666
4526,1412,1413
4526,1472,1473
4526,1659,1660
4526,1662,1663
4527,1472,1473
4527,1562,1563
4527,1659,1660
4527,1662,1663
4528,1412,1413
4528,1659,1660
4528,1662,1663
4528,1669,1670
4529,1412,1413
4529,1472,1473
4529,1662,1663
4529,1790,1791
4530,1472,1473
4530,1662,1663
4530,1665,1666
4530,1790,1791
4531,1531,1532
4531,1562,1563
4531,1574,1575
4531,1729,1730
4532,1531,1532
4532,1562,1563
4532,1659,1660
4532,1729,1730
4533,1461,1462
4533,1531,1532
4533,1562,1563
4533,1574,1575
4534,1461,1462
4534,1531,1532
4534,1562,1563
4534,1659,1660
4535,1461,1462
4535,1519,1520
4535,1531,1532
4535,1574,1575
4536,1461,1462
4536,1531,1532
4536,1540,1541
4536,1542,1543
4537,1461,1462
4537,1531,1532
4537,1540,1541
4537,1659,1660
4538,1461,1462
4538,1519,1520
4538,1531,1532
4538,1542,1543
4539,1211,1212
4539,1519,1520
4539,1531,1532
4539,1542,1543
4540,1450,1451
4540,1552,1553
4540,1555,1556
4540,1578,1579
4541,1552,1553
4541,1555,1556
4541,1578,1579
4541,1823,1824
4542,1552,1553
4542,1555,1556
4542,1659,1660
4542,1823,1824
4543,1540,1541
4543,1555,1556
4543,1578,1579
4543,1823,1824
4544,1540,1541
4544,1555,1556
4544,1659,1660
4544,1823,1824
4545,1483,1484
4545,1540,1541
4545,1555,1556
4545,1578,1579
4546,1531,1532
4546,1540,1541
4546,1555,1556
4546,1659,1660
4547,1216,1217
4547,1555,1556
4547,1578,1579
4547,1581,1582
4548,1450,1451
4548,1555,1556
4548,1578,1579
4548,1581,1582
4549,1218,1219
4549,1238,1239
4549,1341,1342
4549,1549,1550
4550,1238,1239
4550,1341,1342
4550,1410,1411
4550,1549,1550
4551,17,18
4551,193,194
4551,212,213
4551,298,299
4552,17,18
4552,193,194
4552,298,299
4552,385,386
4553,17,18
4553,212,213
4553,259,260
4553,298,299
4554,2,3
4554,17,18
4554,212,213
4554,259,260
4555,17,18
4555,184,185
4555,298,299
4555,385,386
4556,17,18
4556,184,185
4556,259,260
4556,298,299
4557,17,18
4557,188,189
4557,193,194
4557,212,213
4558,2,3
4558,17,18
4558,188,189
4558,212,213
4559,2,3
4559,17,18
4559,215,216
4559,259,260
4560,17,18
4560,184,185
4560,215,216
4560,259,260
4561,17,18
4561,188,189
4561,193,194
4561,385,386
4562,17,18
4562,148,149
4562,184,185
4562,215,216
4563,2,3
4563,17,18
4563,155,156
4563,188,189
4564,2,3
4564,17,18
4564,155,156
4564,215,216
4565,17,18
4565,148,149
4565,188,189
4565,385,386
4566,17,18
4566,148,149
4566,162,163
4566,184,185
4567,17,18
4567,148,149
4567,162,163
4567,385,386
4568,17,18
4568,162,163
4568,184,185
4568,385,386
4569,17,18
4569,148,149
4569,155,156
4569,188,189
4570,17,18
4570,148,149
4570,157,158
4570,215,216
4571,17,18
4571,148,149
4571,155,156
4571,157,158
4572,17,18
4572,155,156
4572,157,158
4572,215,216
4573,827,828
4573,1127,1128
4573,1131,1132
4573,1136,1137
4574,824,825
4574,879,880
4574,912,913
4574,1180,1181
4575,821,822
4575,824,825
4575,912,913
4575,1180,1181
4576,821,822
4576,824,825
4576,1081,1082
4576,1180,1181
4577,872,873
4577,989,990
4577,1081,1082
4577,1128,1129
4578,872,873
4578,895,896
4578,1081,1082
4578,1128,1129
4579,821,822
4579,872,873
4579,895,896
4579,1081,1082
4580,821,822
4580,872,873
4580,1081,1082
4580,1180,1181
4581,552,553
4581,625,626
4581,637,638
4581,910,911
4582,552,553
4582,625,626
4582,637,638
4582,698,699
4583,637,638
4583,665,666
4583,698,699
4583,912,913
4584,625,626
4584,637,638
4584,665,666
4584,910,911
4585,625,626
4585,637,638
4585,665,666
4585,698,699
4586,870,871
4586,918,919
4586,978,979
4586,1023,1024
4587,870,871
4587,918,919
4587,1023,1024
4587,1076,1077
4588,856,857
4588,870,871
4588,918,919
4588,1076,1077
4589,776,777
4589,856,857
4589,918,919
4589,1076,1077
4590,856,857
4590,951,952
4590,1076,1077
4590,1136,1137
4591,856,857
4591,870,871
4591,951,952
4591,1076,1077
4592,827,828
4592,856,857
4592,951,952
4592,1136,1137
4593,814,815
4593,951,952
4593,1076,1077
4593,1136,1137
4594,814,815
4594,870,871
4594,951,952
4594,1076,1077
4595,814,815
4595,951,952
4595,1021,1022
4595,1136,1137
4596,827,828
4596,951,952
4596,1127,1128
4596,1136,1137
4597,814,815
4597,951,952
4597,1021,1022
4597,1159,1160
4598,814,815
4598,870,871
4598,951,952
4598,1159,1160
4599,870,871
4599,951,952
4599,1021,1022
4599,1159,1160
4600,729,730
4600,866,867
4600,963,964
4600,1023,1024
4601,729,730
4601,764,765
4601,866,867
4601,963,964
4602,866,867
4602,963,964
4602,969,970
4602,1163,1164
4603,866,867
4603,963,964
4603,969,970
4603,1023,1024
4604,866,867
4604,934,935
4604,963,964
4604,1163,1164
4605,764,765
4605,866,867
4605,934,935
4605,963,964
4606,866,867
4606,918,919
4606,1023,1024
4606,1076,1077
4607,729,730
4607,866,867
4607,918,919
4607,1023,1024
4608,866,867
4608,937,938
4608,969,970
4608,1163,1164
4609,866,867
4609,937,938
4609,969,970
4609,1023,1024
4610,866,867
4610,934,935
4610,1163,1164
4610,1167,1168
4611,866,867
4611,937,938
4611,1023,1024
4611,1076,1077
4612,864,865
4612,866,867
4612,937,938
4612,1163,1164
4613,864,865
4613,866,867
4613,1163,1164
4613,1167,1168
4614,864,865
4614,866,867
4614,937,938
4614,1076,1077
4615,864,865
4615,866,867
4615,1076,1077
4615,1167,1168
4616,400,401
4616,477,478
4616,505,506
4616,563,564
4617,477,478
4617,495,496
4617,505,506
4617,563,564
4618,495,496
4618,505,506
4618,563,564
4618,615,616
4619,400,401
4619,505,506
4619,556,557
4619,563,564
4620,477,478
4620,495,496
4620,563,564
4620,651,652
4621,495,496
4621,563,564
4621,615,616
4621,651,652
4622,1066,1067
4622,1130,1131
4622,1166,1167
4622,1177,1178
4623,1053,1054
4623,1066,1067
4623,1177,1178
4623,1185,1186
4624,1066,1067
4624,1185,1186
4624,1218,1219
4624,1261,1262
4625,1053,1054
4625,1066,1067
4625,1185,1186
4625,1261,1262
4626,1053,1054
4626,1066,1067
4626,1261,1262
4626,1339,1340
4627,1053,1054
4627,1066,1067
4627,1339,1340
4627,1365,1366
4628,655,656
4628,677,678
4628,772,773
4628,936,937
4629,655,656
4629,677,678
4629,739,740
4629,761,762
4630,655,656
4630,677,678
4630,772,773
4630,903,904
4631,639,640
4631,677,678
4631,713,714
4631,936,937
4632,639,640
4632,677,678
4632,772,773
4632,936,937
4633,639,640
4633,677,678
4633,713,714
4633,950,951
4634,623,624
4634,650,651
4634,739,740
4634,758,759
4635,461,462
4635,623,624
4635,650,651
4635,765,766
4636,461,462
4636,623,624
4636,650,651
4636,758,759
4637,461,462
4637,650,651
4637,716,717
4637,758,759
4638,461,462
4638,517,518
4638,650,651
4638,716,717
4639,456,457
4639,517,518
4639,650,651
4639,716,717
4640,456,457
4640,517,518
4640,650,651
4640,709,710
4641,511,512
4641,659,660
4641,714,715
4641,736,737
4642,429,430
4642,511,512
4642,558,559
4642,714,715
4643,466,467
4643,511,512
4643,663,664
4643,759,760
4644,429,430
4644,466,467
4644,511,512
4644,558,559
4645,511,512
4645,524,525
4645,536,537
4645,659,660
4646,511,512
4646,536,537
4646,659,660
4646,714,715
4647,466,467
4647,511,512
4647,524,525
4647,663,664
4648,511,512
4648,524,525
4648,536,537
4648,558,559
4649,511,512
4649,536,537
4649,558,559
4649,714,715
4650,466,467
4650,511,512
4650,524,525
4650,608,609
4651,466,467
4651,511,512
4651,558,559
4651,608,609
4652,511,512
4652,524,525
4652,558,559
4652,608,609
4653,413,414
4653,447,448
4653,649,650
4653,741,742
4654,413,414
4654,492,493
4654,646,647
4654,741,742
4655,447,448
4655,492,493
4655,736,737
4655,741,742
4656,429,430
4656,492,493
4656,646,647
4656,741,742
4657,413,414
4657,447,448
4657,527,528
4657,741,742
4658,447,448
4658,492,493
4658,527,528
4658,741,742
4659,413,414
4659,492,493
4659,527,528
4659,741,742
4660,429,430
4660,511,512
4660,714,715
4660,741,742
4661,511,512
4661,714,715
4661,736,737
4661,741,742
4662,429,430
4662,492,493
4662,714,715
4662,741,742
4663,492,493
4663,714,715
4663,736,737
4663,741,742
4664,582,583
4664,715,716
4664,730,731
4664,765,766
4665,447,448
4665,603,604
4665,715,716
4665,730,731
4666,582,583
4666,603,604
4666,715,716
4666,730,731
4667,447,448
4667,603,604
4667,707,708
4667,730,731
4668,582,583
4668,603,604
4668,707,708
4668,730,731
4669,447,448
4669,491,492
4669,707,708
4669,730,731
4670,447,448
4670,491,492
4670,709,710
4670,730,731
4671,461,462
4671,517,518
4671,582,583
4671,730,731
4672,461,462
4672,582,583
4672,730,731
4672,765,766
4673,517,518
4673,650,651
4673,709,710
4673,730,731
4674,491,492
4674,517,518
4674,707,708
4674,730,731
4675,491,492
4675,517,518
4675,709,710
4675,730,731
4676,579,580
4676,582,583
4676,707,708
4676,730,731
4677,517,518
4677,579,580
4677,707,708
4677,730,731
4678,517,518
4678,579,580
4678,582,583
4678,730,731
4679,461,462
4679,517,518
4679,650,651
4679,730,731
4680,461,462
4680,650,651
4680,730,731
4680,765,766
4681,845,846
4681,904,905
4681,939,940
4681,943,944
4682,727,728
4682,845,846
4682,939,940
4682,943,944
4683,939,940
4683,942,943
4683,976,977
4683,1089,1090
4684,829,830
4684,931,932
4684,939,940
4684,943,944
4685,727,728
4685,931,932
4685,939,940
4685,943,944
4686,829,830
4686,863,864
4686,939,940
4686,976,977
4687,863,864
4687,939,940
4687,942,943
4687,976,977
4688,863,864
4688,904,905
4688,939,940
4688,943,944
4689,863,864
4689,904,905
4689,939,940
4689,942,943
4690,829,830
4690,863,864
4690,939,940
4690,943,944
4691,1006,1007
4691,1053,1054
4691,1113,1114
4691,1183,1184
4692,833,834
4692,875,876
4692,910,911
4692,1190,1191
4693,833,834
4693,875,876
4693,1026,1027
4693,1190,1191
4694,833,834
4694,875,876
4694,894,895
4694,1026,1027
4695,833,834
4695,874,875
4695,1026,1027
4695,1190,1191
4696,833,834
4696,874,875
4696,894,895
4696,1026,1027
4697,833,834
4697,858,859
4697,874,875
4697,894,895
4698,833,834
4698,874,875
4698,908,909
4698,1190,1191
4699,833,834
4699,858,859
4699,874,875
4699,908,909
4700,930,931
4700,1064,1065
4700,1070,1071
4700,1129,1130
4701,832,833
4701,930,931
4701,1064,1065
4701,1129,1130
4702,909,910
4702,930,931
4702,1070,1071
4702,1129,1130
4703,817,818
4703,930,931
4703,1064,1065
4703,1070,1071
4704,817,818
4704,832,833
4704,930,931
4704,1064,1065
4705,854,855
4705,909,910
4705,930,931
4705,1129,1130
4706,804,805
4706,909,910
4706,930,931
4706,1070,1071
4707,804,805
4707,817,818
4707,930,931
4707,1070,1071
4708,804,805
4708,817,818
4708,930,931
4708,1188,1189
4709,804,805
4709,884,885
4709,930,931
4709,1188,1189
4710,804,805
4710,884,885
4710,909,910
4710,930,931
4711,817,818
4711,930,931
4711,967,968
4711,1188,1189
4712,817,818
4712,832,833
4712,930,931
4712,967,968
4713,846,847
4713,884,885
4713,930,931
4713,1013,1014
4714,854,855
4714,884,885
4714,930,931
4714,1013,1014
4715,836,837
4715,884,885
4715,909,910
4715,930,931
4716,836,837
4716,854,855
4716,884,885
4716,930,931
4717,836,837
4717,854,855
4717,909,910
4717,930,931
4718,846,847
4718,884,885
4718,930,931
4718,1188,1189
4719,846,847
4719,930,931
4719,967,968
4719,1188,1189
4720,832,833
4720,846,847
4720,930,931
4720,967,968
4721,832,833
4721,841,842
4721,846,847
4721,974,975
4722,832,833
4722,841,842
4722,974,975
4722,1129,1130
4723,841,842
4723,846,847
4723,974,975
4723,997,998
4724,832,833
4724,841,842
4724,846,847
4724,930,931
4725,832,833
4725,841,842
4725,930,931
4725,1129,1130
4726,841,842
4726,846,847
4726,930,931
4726,1013,1014
4727,841,842
4727,854,855
4727,1044,1045
4727,1129,1130
4728,841,842
4728,854,855
4728,930,931
4728,1129,1130
4729,841,842
4729,974,975
4729,997,998
4729,1183,1184
4730,841,842
4730,854,855
4730,1013,1014
4730,1044,1045
4731,841,842
4731,854,855
4731,930,931
4731,1013,1014
4732,841,842
4732,846,847
4732,862,863
4732,997,998
4733,809,810
4733,841,842
4733,903,904
4733,1013,1014
4734,655,656
4734,841,842
4734,903,904
4734,1013,1014
4735,655,656
4735,841,842
4735,1013,1014
4735,1044,1045
4736,655,656
4736,841,842
4736,903,904
4736,1044,1045
4737,809,810
4737,841,842
4737,862,863
4737,1155,1156
4738,809,810
4738,841,842
4738,903,904
4738,1155,1156
4739,809,810
4739,841,842
4739,886,887
4739,1013,1014
4740,809,810
4740,841,842
4740,862,863
4740,886,887
4741,841,842
4741,846,847
4741,886,887
4741,1013,1014
4742,841,842
4742,846,847
4742,862,863
4742,886,887
4743,861,862
4743,1015,1016
4743,1071,1072
4743,1129,1130
4744,861,862
4744,1015,1016
4744,1044,1045
4744,1129,1130
4745,841,842
4745,861,862
4745,1044,1045
4745,1129,1130
4746,861,862
4746,974,975
4746,1071,1072
4746,1129,1130
4747,841,842
4747,861,862
4747,974,975
4747,1129,1130
4748,841,842
4748,861,862
4748,974,975
4748,1183,1184
4749,861,862
4749,894,895
4749,903,904
4749,1044,1045
4750,841,842
4750,861,862
4750,903,904
4750,1044,1045
4751,213,214
4751,326,327
4751,375,376
4751,376,377
4752,268,269
4752,376,377
4752,388,389
4752,513,514
4753,268,269
4753,326,327
4753,376,377
4753,388,389
4754,369,370
4754,376,377
4754,387,388
4754,513,514
4755,376,377
4755,387,388
4755,388,389
4755,513,514
4756,273,274
4756,375,376
4756,376,377
4756,387,388
4757,20,21
4757,117,118
4757,187,188
4757,220,221
4758,20,21
4758,187,188
4758,214,215
4758,220,221
4759,7,8
4759,20,21
4759,187,188
4759,214,215
4760,7,8
4760,118,119
4760,187,188
4760,263,264
4761,7,8
4761,67,68
4761,118,119
4761,187,188
4762,7,8
4762,20,21
4762,67,68
4762,187,188
4763,67,68
4763,118,119
4763,123,124
4763,187,188
4764,67,68
4764,117,118
4764,123,124
4764,187,188
4765,20,21
4765,67,68
4765,117,118
4765,187,188
4766,262,263
4766,349,350
4766,422,423
4766,535,536
4767,262,263
4767,349,350
4767,496,497
4767,535,536
4768,262,263
4768,349,350
4768,422,423
4768,496,497
4769,181,182
4769,210,211
4769,349,350
4769,422,423
4770,349,350
4770,380,381
4770,422,423
4770,496,497
4771,181,182
4771,349,350
4771,380,381
4771,422,423
4772,349,350
4772,422,423
4772,535,536
4772,590,591
4773,210,211
4773,349,350
4773,422,423
4773,590,591
4774,349,350
4774,350,351
4774,380,381
4774,496,497
4775,181,182
4775,349,350
4775,350,351
4775,380,381
4776,263,264
4776,349,350
4776,535,536
4776,590,591
4777,62,63
4777,210,211
4777,349,350
4777,590,591
4778,62,63
4778,263,264
4778,349,350
4778,590,591
4779,118,119
4779,187,188
4779,263,264
4779,349,350
4780,98,99
4780,118,119
4780,210,211
4780,349,350
4781,98,99
4781,181,182
4781,210,211
4781,349,350
4782,118,119
4782,123,124
4782,187,188
4782,349,350
4783,7,8
4783,263,264
4783,349,350
4783,535,536
4784,7,8
4784,187,188
4784,263,264
4784,349,350
4785,62,63
4785,118,119
4785,210,211
4785,349,350
4786,62,63
4786,118,119
4786,263,264
4786,349,350
4787,98,99
4787,118,119
4787,123,124
4787,349,350
4788,241,242
4788,294,295
4788,388,389
4788,399,400
4789,241,242
4789,294,295
4789,399,400
4789,496,497
4790,241,242
4790,387,388
4790,388,389
4790,399,400
4791,211,212
4791,241,242
4791,350,351
4791,380,381
4792,241,242
4792,380,381
4792,399,400
4792,496,497
4793,241,242
4793,350,351
4793,380,381
4793,496,497
4794,241,242
4794,376,377
4794,387,388
4794,388,389
4795,211,212
4795,241,242
4795,273,274
4795,375,376
4796,241,242
4796,273,274
4796,375,376
4796,376,377
4797,241,242
4797,273,274
4797,376,377
4797,387,388
4798,11,12
4798,74,75
4798,181,182
4798,211,212
4799,11,12
4799,181,182
4799,211,212
4799,350,351
4800,11,12
4800,16,17
4800,99,100
4800,189,190
4801,11,12
4801,99,100
4801,189,190
4801,213,214
4802,11,12
4802,16,17
4802,74,75
4802,312,313
4803,11,12
4803,74,75
4803,116,117
4803,312,313
4804,11,12
4804,74,75
4804,204,205
4804,211,212
4805,11,12
4805,74,75
4805,116,117
4805,204,205
4806,11,12
4806,116,117
4806,204,205
4806,211,212
4807,11,12
4807,99,100
4807,116,117
4807,213,214
4808,11,12
4808,16,17
4808,99,100
4808,312,313
4809,11,12
4809,99,100
4809,116,117
4809,312,313
4810,214,215
4810,225,226
4810,256,257
4810,331,332
4811,214,215
4811,331,332
4811,337,338
4811,359,360
4812,256,257
4812,331,332
4812,337,338
4812,359,360
4813,214,215
4813,256,257
4813,331,332
4813,359,360
4814,7,8
4814,331,332
4814,337,338
4814,535,536
4815,7,8
4815,214,215
4815,331,332
4815,337,338
4816,331,332
4816,337,338
4816,411,412
4816,535,536
4817,331,332
4817,411,412
4817,496,497
4817,535,536
4818,331,332
4818,349,350
4818,496,497
4818,535,536
4819,7,8
4819,331,332
4819,349,350
4819,535,536
4820,7,8
4820,187,188
4820,214,215
4820,331,332
4821,7,8
4821,187,188
4821,331,332
4821,349,350
4822,225,226
4822,284,285
4822,294,295
4822,485,486
4823,225,226
4823,256,257
4823,274,275
4823,284,285
4824,256,257
4824,274,275
4824,284,285
4824,325,326
4825,225,226
4825,256,257
4825,284,285
4825,331,332
4826,225,226
4826,284,285
4826,485,486
4826,496,497
4827,225,226
4827,284,285
4827,331,332
4827,496,497
4828,203,204
4828,256,257
4828,284,285
4828,325,326
4829,203,204
4829,284,285
4829,325,326
4829,469,470
4830,284,285
4830,411,412
4830,485,486
4830,496,497
4831,284,285
4831,331,332
4831,411,412
4831,496,497
4832,256,257
4832,284,285
4832,331,332
4832,337,338
4833,203,204
4833,256,257
4833,284,285
4833,359,360
4834,203,204
4834,284,285
4834,359,360
4834,469,470
4835,284,285
4835,331,332
4835,337,338
4835,411,412
4836,256,257
4836,284,285
4836,337,338
4836,359,360
4837,284,285
4837,337,338
4837,359,360
4837,469,470
4838,284,285
4838,291,292
4838,411,412
4838,485,486
4839,284,285
4839,291,292
4839,337,338
4839,411,412
4840,284,285
4840,291,292
4840,337,338
4840,469,470
4841,284,285
4841,291,292
4841,481,482
4841,485,486
4842,284,285
4842,291,292
4842,469,470
4842,481,482
4843,232,233
4843,272,273
4843,274,275
4843,389,390
4844,225,226
4844,232,233
4844,274,275
4844,294,295
4845,232,233
4845,272,273
4845,274,275
4845,294,295
4846,232,233
4846,272,273
4846,326,327
4846,388,389
4847,232,233
4847,272,273
4847,326,327
4847,389,390
4848,232,233
4848,272,273
4848,294,295
4848,388,389
4849,232,233
4849,241,242
4849,294,295
4849,388,389
4850,77,78
4850,225,226
4850,232,233
4850,350,351
4851,225,226
4851,232,233
4851,294,295
4851,496,497
4852,232,233
4852,241,242
4852,294,295
4852,496,497
4853,225,226
4853,232,233
4853,350,351
4853,496,497
4854,232,233
4854,241,242
4854,350,351
4854,496,497
4855,76,77
4855,152,153
4855,179,180
4855,191,192
4856,76,77
4856,90,91
4856,152,153
4856,191,192
4857,76,77
4857,77,78
4857,90,91
4857,152,153
4858,90,91
4858,152,153
4858,182,183
4858,191,192
4859,76,77
4859,152,153
4859,179,180
4859,225,226
4860,76,77
4860,77,78
4860,152,153
4860,225,226
4861,77,78
4861,90,91
4861,152,153
4861,389,390
4862,60,61
4862,152,153
4862,179,180
4862,191,192
4863,60,61
4863,152,153
4863,182,183
4863,191,192
4864,38,39
4864,90,91
4864,152,153
4864,182,183
4865,152,153
4865,179,180
4865,225,226
4865,274,275
4866,60,61
4866,106,107
4866,152,153
4866,179,180
4867,60,61
4867,106,107
4867,152,153
4867,182,183
4868,38,39
4868,106,107
4868,152,153
4868,182,183
4869,77,78
4869,152,153
4869,225,226
4869,232,233
4870,152,153
4870,225,226
4870,232,233
4870,274,275
4871,152,153
4871,179,180
4871,274,275
4871,290,291
4872,77,78
4872,152,153
4872,232,233
4872,389,390
4873,152,153
4873,232,233
4873,274,275
4873,389,390
4874,38,39
4874,152,153
4874,189,190
4874,389,390
4875,90,91
4875,152,153
4875,189,190
4875,389,390
4876,38,39
4876,90,91
4876,152,153
4876,189,190
4877,106,107
4877,152,153
4877,179,180
4877,290,291
4878,152,153
4878,272,273
4878,290,291
4878,389,390
4879,152,153
4879,272,273
4879,274,275
4879,290,291
4880,152,153
4880,272,273
4880,274,275
4880,389,390
4881,52,53
4881,152,153
4881,290,291
4881,389,390
4882,38,39
4882,52,53
4882,152,153
4882,389,390
4883,52,53
4883,106,107
4883,152,153
4883,290,291
4884,38,39
4884,52,53
4884,106,107
4884,152,153
4885,76,77
4885,77,78
4885,89,90
4885,90,91
4886,76,77
4886,89,90
4886,90,91
4886,220,221
4887,32,33
4887,89,90
4887,90,91
4887,220,221
4888,89,90
4888,117,118
4888,123,124
4888,187,188
4889,89,90
4889,117,118
4889,187,188
4889,220,221
4890,32,33
4890,39,40
4890,89,90
4890,117,118
4891,32,33
4891,89,90
4891,117,118
4891,220,221
4892,29,30
4892,32,33
4892,39,40
4892,89,90
4893,29,30
4893,32,33
4893,89,90
4893,90,91
4894,39,40
4894,89,90
4894,92,93
4894,123,124
4895,39,40
4895,89,90
4895,117,118
4895,123,124
4896,29,30
4896,39,40
4896,69,70
4896,89,90
4897,39,40
4897,69,70
4897,89,90
4897,92,93
4898,937,938
4898,1069,1070
4898,1181,1182
4898,1381,1382
4899,978,979
4899,1069,1070
4899,1103,1104
4899,1159,1160
4900,1069,1070
4900,1103,1104
4900,1159,1160
4900,1181,1182
4901,986,987
4901,1069,1070
4901,1103,1104
4901,1165,1166
4902,986,987
4902,1069,1070
4902,1103,1104
4902,1181,1182
4903,986,987
4903,1069,1070
4903,1165,1166
4903,1181,1182
4904,937,938
4904,978,979
4904,1069,1070
4904,1159,1160
4905,937,938
4905,1069,1070
4905,1159,1160
4905,1181,1182
4906,937,938
4906,969,970
4906,978,979
4906,1069,1070
4907,937,938
4907,969,970
4907,1020,1021
4907,1069,1070
4908,815,816
4908,880,881
4908,916,917
4908,954,955
4909,761,762
4909,815,816
4909,916,917
4909,954,955
4910,815,816
4910,858,859
4910,880,881
4910,916,917
4911,880,881
4911,916,917
4911,1022,1023
4911,1073,1074
4912,880,881
4912,916,917
4912,954,955
4912,1022,1023
4913,1097,1098
4913,1323,1324
4913,1335,1336
4913,1390,1391
4914,1062,1063
4914,1234,1235
4914,1335,1336
4914,1390,1391
4915,1062,1063
4915,1234,1235
4915,1323,1324
4915,1335,1336
4916,1062,1063
4916,1323,1324
4916,1335,1336
4916,1390,1391
4917,1234,1235
4917,1257,1258
4917,1335,1336
4917,1390,1391
4918,1226,1227
4918,1591,1592
4918,1605,1606
4918,1625,1626
4919,1226,1227
4919,1375,1376
4919,1591,1592
4919,1625,1626
4920,1207,1208
4920,1375,1376
4920,1591,1592
4920,1625,1626
4921,1043,1044
4921,1591,1592
4921,1605,1606
4921,1625,1626
4922,1043,1044
4922,1207,1208
4922,1591,1592
4922,1625,1626
4923,1226,1227
4923,1414,1415
4923,1591,1592
4923,1605,1606
4924,1414,1415
4924,1427,1428
4924,1508,1509
4924,1591,1592
4925,1414,1415
4925,1508,1509
4925,1591,1592
4925,1605,1606
4926,706,707
4926,739,740
4926,742,743
4926,925,926
4927,623,624
4927,706,707
4927,739,740
4927,925,926
4928,623,624
4928,650,651
4928,706,707
4928,739,740
4929,623,624
4929,706,707
4929,765,766
4929,925,926
4930,623,624
4930,650,651
4930,706,707
4930,765,766
4931,654,655
4931,706,707
4931,765,766
4931,925,926
4932,654,655
4932,706,707
4932,812,813
4932,925,926
4933,650,651
4933,706,707
4933,709,710
4933,730,731
4934,650,651
4934,706,707
4934,730,731
4934,765,766
4935,472,473
4935,687,688
4935,713,714
4935,917,918
4936,472,473
4936,687,688
4936,868,869
4936,917,918
4937,434,435
4937,552,553
4937,868,869
4937,917,918
4938,434,435
4938,637,638
4938,868,869
4938,917,918
4939,434,435
4939,552,553
4939,637,638
4939,917,918
4940,552,553
4940,637,638
4940,910,911
4940,917,918
4941,472,473
4941,552,553
4941,713,714
4941,917,918
4942,472,473
4942,552,553
4942,868,869
4942,917,918
4943,713,714
4943,910,911
4943,917,918
4943,950,951
4944,803,804
4944,954,955
4944,1022,1023
4944,1089,1090
4945,803,804
4945,815,816
4945,954,955
4945,1022,1023
4946,969,970
4946,981,982
4946,1162,1163
4946,1163,1164
4947,937,938
4947,969,970
4947,1162,1163
4947,1163,1164
4948,969,970
4948,981,982
4948,1020,1021
4948,1162,1163
4949,937,938
4949,969,970
4949,1020,1021
4949,1162,1163
4950,937,938
4950,995,996
4950,1162,1163
4950,1163,1164
4951,937,938
4951,995,996
4951,1162,1163
4951,1381,1382
4952,937,938
4952,1069,1070
4952,1162,1163
4952,1381,1382
4953,937,938
4953,1020,1021
4953,1069,1070
4953,1162,1163
4954,860,861
4954,942,943
4954,976,977
4954,1018,1019
4955,860,861
4955,942,943
4955,976,977
4955,1089,1090
4956,860,861
4956,942,943
4956,972,973
4956,1018,1019
4957,860,861
4957,957,958
4957,972,973
4957,1018,1019
4958,860,861
4958,976,977
4958,1018,1019
4958,1126,1127
4959,860,861
4959,976,977
4959,1089,1090
4959,1126,1127
4960,860,861
4960,957,958
4960,996,997
4960,1018,1019
4961,860,861
4961,996,997
4961,1018,1019
4961,1126,1127
4962,859,860
4962,860,861
4962,942,943
4962,972,973
4963,859,860
4963,860,861
4963,957,958
4963,972,973
4964,860,861
4964,957,958
4964,996,997
4964,1164,1165
4965,882,883
4965,890,891
4965,955,956
4965,972,973
4966,890,891
4966,955,956
4966,1000,1001
4966,1170,1171
4967,882,883
4967,890,891
4967,955,956
4967,1000,1001
4968,853,854
4968,890,891
4968,955,956
4968,1170,1171
4969,853,854
4969,890,891
4969,955,956
4969,972,973
4970,882,883
4970,890,891
4970,934,935
4970,1000,1001
4971,853,854
4971,890,891
4971,957,958
4971,972,973
4972,859,860
4972,882,883
4972,890,891
4972,934,935
4973,859,860
4973,882,883
4973,890,891
4973,972,973
4974,890,891
4974,975,976
4974,1000,1001
4974,1170,1171
4975,890,891
4975,934,935
4975,975,976
4975,1000,1001
4976,853,854
4976,890,891
4976,1125,1126
4976,1170,1171
4977,853,854
4977,890,891
4977,957,958
4977,1125,1126
4978,859,860
4978,890,891
4978,957,958
4978,972,973
4979,890,891
4979,934,935
4979,975,976
4979,1163,1164
4980,874,875
4980,908,909
4980,968,969
4980,1109,1110
4981,858,859
4981,874,875
4981,908,909
4981,968,969
4982,858,859
4982,906,907
4982,908,909
4982,968,969
4983,828,829
4983,906,907
4983,916,917
4983,1073,1074
4984,906,907
4984,938,939
4984,968,969
4984,1073,1074
4985,858,859
4985,880,881
4985,906,907
4985,916,917
4986,858,859
4986,880,881
4986,906,907
4986,968,969
4987,880,881
4987,906,907
4987,916,917
4987,1073,1074
4988,880,881
4988,906,907
4988,968,969
4988,1073,1074
4989,823,824
4989,859,860
4989,900,901
4989,932,933
4990,823,824
4990,900,901
4990,905,906
4990,932,933
4991,823,824
4991,828,829
4991,906,907
4991,938,939
4992,620,621
4992,710,711
4992,792,793
4992,927,928
4993,620,621
4993,710,711
4993,792,793
4993,932,933
4994,620,621
4994,646,647
4994,710,711
4994,927,928
4995,620,621
4995,646,647
4995,710,711
4995,771,772
4996,620,621
4996,710,711
4996,911,912
4996,932,933
4997,413,414
4997,646,647
4997,710,711
4997,771,772
4998,413,414
4998,649,650
4998,710,711
4998,771,772
4999,620,621
4999,710,711
4999,771,772
4999,911,912
5000,649,650
5000,710,711
5000,771,772
5000,911,912
5001,649,650
5001,710,711
5001,741,742
5001,745,746
5002,649,650
5002,710,711
5002,905,906
5002,911,912
5003,710,711
5003,905,906
5003,911,912
5003,932,933
5004,413,414
5004,646,647
5004,710,711
5004,741,742
5005,413,414
5005,649,650
5005,710,711
5005,741,742
5006,996,997
5006,1104,1105
5006,1204,1205
5006,1403,1404
5007,996,997
5007,1104,1105
5007,1125,1126
5007,1204,1205
5008,1075,1076
5008,1152,1153
5008,1179,1180
5008,1204,1205
5009,1075,1076
5009,1179,1180
5009,1204,1205
5009,1370,1371
5010,1075,1076
5010,1152,1153
5010,1204,1205
5010,1370,1371
5011,1111,1112
5011,1125,1126
5011,1179,1180
5011,1204,1205
5012,1111,1112
5012,1179,1180
5012,1204,1205
5012,1370,1371
5013,1111,1112
5013,1125,1126
5013,1170,1171
5013,1178,1179
5014,890,891
5014,1125,1126
5014,1170,1171
5014,1178,1179
5015,890,891
5015,957,958
5015,1125,1126
5015,1178,1179
5016,957,958
5016,996,997
5016,1104,1105
5016,1178,1179
5017,996,997
5017,1104,1105
5017,1125,1126
5017,1178,1179
5018,957,958
5018,996,997
5018,1125,1126
5018,1178,1179
5019,981,982
5019,1111,1112
5019,1170,1171
5019,1178,1179
5020,1104,1105
5020,1111,1112
5020,1178,1179
5020,1204,1205
5021,1111,1112
5021,1125,1126
5021,1178,1179
5021,1204,1205
5022,1104,1105
5022,1125,1126
5022,1178,1179
5022,1204,1205
5023,981,982
5023,1162,1163
5023,1163,1164
5023,1178,1179
5024,957,958
5024,1104,1105
5024,1164,1165
5024,1178,1179
5025,975,976
5025,981,982
5025,1170,1171
5025,1178,1179
5026,975,976
5026,981,982
5026,1163,1164
5026,1178,1179
5027,890,891
5027,975,976
5027,1170,1171
5027,1178,1179
5028,890,891
5028,975,976
5028,1163,1164
5028,1178,1179
5029,957,958
5029,995,996
5029,1164,1165
5029,1178,1179
5030,995,996
5030,1162,1163
5030,1163,1164
5030,1178,1179
5031,995,996
5031,1104,1105
5031,1164,1165
5031,1178,1179
5032,995,996
5032,1104,1105
5032,1162,1163
5032,1178,1179
5033,1019,1020
5033,1054,1055
5033,1239,1240
5033,1399,1400
5034,1019,1020
5034,1083,1084
5034,1122,1123
5034,1399,1400
5035,1239,1240
5035,1280,1281
5035,1358,1359
5035,1399,1400
5036,1019,1020
5036,1239,1240
5036,1256,1257
5036,1399,1400
5037,1239,1240
5037,1256,1257
5037,1358,1359
5037,1399,1400
5038,1009,1010
5038,1122,1123
5038,1213,1214
5038,1399,1400
5039,1083,1084
5039,1122,1123
5039,1213,1214
5039,1399,1400
5040,1083,1084
5040,1308,1309
5040,1358,1359
5040,1399,1400
5041,1019,1020
5041,1083,1084
5041,1256,1257
5041,1399,1400
5042,1083,1084
5042,1256,1257
5042,1358,1359
5042,1399,1400
5043,1280,1281
5043,1308,1309
5043,1358,1359
5043,1399,1400
5044,1009,1010
5044,1213,1214
5044,1308,1309
5044,1399,1400
5045,1083,1084
5045,1213,1214
5045,1308,1309
5045,1399,1400
5046,1052,1053
5046,1097,1098
5046,1124,1125
5046,1390,1391
5047,1052,1053
5047,1124,1125
5047,1280,1281
5047,1311,1312
5048,1052,1053
5048,1124,1125
5048,1311,1312
5048,1390,1391
5049,1124,1125
5049,1175,1176
5049,1199,1200
5049,1280,1281
5050,1124,1125
5050,1199,1200
5050,1280,1281
5050,1311,1312
5051,1124,1125
5051,1257,1258
5051,1311,1312
5051,1390,1391
5052,1124,1125
5052,1257,1258
5052,1335,1336
5052,1390,1391
5053,994,995
5053,996,997
5053,1029,1030
5053,1403,1404
5054,994,995
5054,1054,1055
5054,1152,1153
5054,1403,1404
5055,994,995
5055,1029,1030
5055,1054,1055
5055,1403,1404
5056,994,995
5056,1019,1020
5056,1054,1055
5056,1152,1153
5057,994,995
5057,1019,1020
5057,1054,1055
5057,1399,1400
5058,994,995
5058,1152,1153
5058,1204,1205
5058,1403,1404
5059,994,995
5059,996,997
5059,1204,1205
5059,1403,1404
5060,994,995
5060,1019,1020
5060,1047,1048
5060,1151,1152
5061,994,995
5061,1019,1020
5061,1151,1152
5061,1152,1153
5062,994,995
5062,1019,1020
5062,1047,1048
5062,1122,1123
5063,994,995
5063,1019,1020
5063,1122,1123
5063,1399,1400
5064,987,988
5064,994,995
5064,1047,1048
5064,1126,1127
5065,987,988
5065,994,995
5065,996,997
5065,1126,1127
5066,994,995
5066,1009,1010
5066,1047,1048
5066,1126,1127
5067,994,995
5067,1009,1010
5067,1126,1127
5067,1399,1400
5068,994,995
5068,1009,1010
5068,1047,1048
5068,1122,1123
5069,994,995
5069,1009,1010
5069,1122,1123
5069,1399,1400
5070,987,988
5070,994,995
5070,1047,1048
5070,1179,1180
5071,994,995
5071,1047,1048
5071,1151,1152
5071,1179,1180
5072,994,995
5072,1151,1152
5072,1152,1153
5072,1179,1180
5073,994,995
5073,1152,1153
5073,1179,1180
5073,1204,1205
5074,994,995
5074,1125,1126
5074,1179,1180
5074,1204,1205
5075,994,995
5075,996,997
5075,1125,1126
5075,1204,1205
5076,987,988
5076,994,995
5076,1125,1126
5076,1179,1180
5077,987,988
5077,994,995
5077,996,997
5077,1125,1126
5078,1007,1008
5078,1052,1053
5078,1097,1098
5078,1124,1125
5079,1007,1008
5079,1175,1176
5079,1335,1336
5079,1393,1394
5080,1007,1008
5080,1124,1125
5080,1175,1176
5080,1335,1336
5081,1007,1008
5081,1097,1098
5081,1323,1324
5081,1335,1336
5082,1007,1008
5082,1097,1098
5082,1335,1336
5082,1390,1391
5083,1007,1008
5083,1097,1098
5083,1124,1125
5083,1390,1391
5084,1007,1008
5084,1124,1125
5084,1335,1336
5084,1390,1391
5085,864,865
5085,995,996
5085,1057,1058
5085,1381,1382
5086,814,815
5086,864,865
5086,1057,1058
5086,1082,1083
5087,995,996
5087,1104,1105
5087,1164,1165
5087,1176,1177
5088,995,996
5088,1057,1058
5088,1176,1177
5088,1381,1382
5089,1104,1105
5089,1162,1163
5089,1176,1177
5089,1381,1382
5090,995,996
5090,1162,1163
5090,1176,1177
5090,1381,1382
5091,995,996
5091,1104,1105
5091,1162,1163
5091,1176,1177
5092,1057,1058
5092,1176,1177
5092,1329,1330
5092,1381,1382
5093,933,934
5093,995,996
5093,1164,1165
5093,1176,1177
5094,933,934
5094,995,996
5094,1057,1058
5094,1176,1177
5095,1029,1030
5095,1104,1105
5095,1164,1165
5095,1176,1177
5096,1029,1030
5096,1176,1177
5096,1273,1274
5096,1403,1404
5097,1029,1030
5097,1104,1105
5097,1176,1177
5097,1403,1404
5098,933,934
5098,1029,1030
5098,1164,1165
5098,1176,1177
5099,933,934
5099,1017,1018
5099,1029,1030
5099,1176,1177
5100,865,866
5100,957,958
5100,995,996
5100,1164,1165
5101,860,861
5101,865,866
5101,957,958
5101,1164,1165
5102,865,866
5102,933,934
5102,995,996
5102,1164,1165
5103,865,866
5103,933,934
5103,938,939
5103,1073,1074
5104,865,866
5104,933,934
5104,938,939
5104,995,996
5105,859,860
5105,860,861
5105,865,866
5105,957,958
5106,823,824
5106,859,860
5106,865,866
5106,900,901
5107,828,829
5107,865,866
5107,906,907
5107,1073,1074
5108,865,866
5108,906,907
5108,938,939
5108,1073,1074
5109,828,829
5109,865,866
5109,906,907
5109,938,939
5110,823,824
5110,828,829
5110,865,866
5110,938,939
5111,823,824
5111,828,829
5111,865,866
5111,900,901
5112,874,875
5112,988,989
5112,1109,1110
5112,1190,1191
5113,821,822
5113,988,989
5113,1109,1110
5113,1190,1191
5114,874,875
5114,988,989
5114,1026,1027
5114,1190,1191
5115,821,822
5115,895,896
5115,988,989
5115,1081,1082
5116,821,822
5116,824,825
5116,988,989
5116,1109,1110
5117,821,822
5117,824,825
5117,988,989
5117,1081,1082
5118,981,982
5118,1005,1006
5118,1111,1112
5118,1178,1179
5119,1005,1006
5119,1104,1105
5119,1111,1112
5119,1178,1179
5120,1005,1006
5120,1104,1105
5120,1111,1112
5120,1204,1205
5121,1005,1006
5121,1111,1112
5121,1204,1205
5121,1370,1371
5122,981,982
5122,1005,1006
5122,1162,1163
5122,1178,1179
5123,1005,1006
5123,1104,1105
5123,1162,1163
5123,1178,1179
5124,981,982
5124,1005,1006
5124,1020,1021
5124,1162,1163
5125,1198,1199
5125,1242,1243
5125,1262,1263
5125,1387,1388
5126,1242,1243
5126,1262,1263
5126,1387,1388
5126,1560,1561
5127,1198,1199
5127,1242,1243
5127,1262,1263
5127,1560,1561
5128,1254,1255
5128,1262,1263
5128,1387,1388
5128,1560,1561
5129,1262,1263
5129,1312,1313
5129,1387,1388
5129,1596,1597
5130,1246,1247
5130,1262,1263
5130,1387,1388
5130,1596,1597
5131,1246,1247
5131,1254,1255
5131,1262,1263
5131,1387,1388
5132,1088,1089
5132,1254,1255
5132,1262,1263
5132,1283,1284
5133,1254,1255
5133,1262,1263
5133,1283,1284
5133,1560,1561
5134,506,507
5134,517,518
5134,579,580
5134,707,708
5135,432,433
5135,506,507
5135,579,580
5135,707,708
5136,506,507
5136,517,518
5136,707,708
5136,718,719
5137,432,433
5137,506,507
5137,707,708
5137,718,719
5138,432,433
5138,506,507
5138,579,580
5138,592,593
5139,440,441
5139,506,507
5139,517,518
5139,591,592
5140,425,426
5140,440,441
5140,506,507
5140,591,592
5141,504,505
5141,506,507
5141,591,592
5141,718,719
5142,506,507
5142,517,518
5142,591,592
5142,718,719
5143,425,426
5143,504,505
5143,506,507
5143,591,592
5144,257,258
5144,504,505
5144,506,507
5144,718,719
5145,257,258
5145,432,433
5145,506,507
5145,718,719
5146,412,413
5146,522,523
5146,579,580
5146,592,593
5147,412,413
5147,416,417
5147,522,523
5147,579,580
5148,200,201
5148,412,413
5148,522,523
5148,592,593
5149,200,201
5149,412,413
5149,416,417
5149,522,523
5150,200,201
5150,412,413
5150,416,417
5150,559,560
5151,412,413
5151,502,503
5151,577,578
5151,579,580
5152,412,413
5152,416,417
5152,577,578
5152,579,580
5153,200,201
5153,271,272
5153,412,413
5153,592,593
5154,200,201
5154,271,272
5154,412,413
5154,559,560
5155,412,413
5155,502,503
5155,529,530
5155,577,578
5156,412,413
5156,529,530
5156,561,562
5156,577,578
5157,412,413
5157,416,417
5157,561,562
5157,577,578
5158,1559,1560
5158,1620,1621
5158,1725,1726
5158,1821,1822
5159,1620,1621
5159,1708,1709
5159,1725,1726
5159,1821,1822
5160,1503,1504
5160,1559,1560
5160,1620,1621
5160,1725,1726
5161,1501,1502
5161,1532,1533
5161,1545,1546
5161,1725,1726
5162,1426,1427
5162,1501,1502
5162,1545,1546
5162,1725,1726
5163,1455,1456
5163,1501,1502
5163,1532,1533
5163,1545,1546
5164,1426,1427
5164,1455,1456
5164,1501,1502
5164,1545,1546
5165,1332,1333
5165,1426,1427
5165,1455,1456
5165,1501,1502
5166,1501,1502
5166,1503,1504
5166,1532,1533
5166,1725,1726
5167,1455,1456
5167,1491,1492
5167,1501,1502
5167,1532,1533
5168,1491,1492
5168,1501,1502
5168,1503,1504
5168,1532,1533
5169,1455,1456
5169,1491,1492
5169,1501,1502
5169,1553,1554
5170,1332,1333
5170,1455,1456
5170,1501,1502
5170,1553,1554
5171,1426,1427
5171,1505,1506
5171,1576,1577
5171,1609,1610
5172,1426,1427
5172,1505,1506
5172,1576,1577
5172,1759,1760
5173,1426,1427
5173,1505,1506
5173,1585,1586
5173,1759,1760
5174,1505,1506
5174,1576,1577
5174,1609,1610
5174,1702,1703
5175,1492,1493
5175,1505,1506
5175,1609,1610
5175,1702,1703
5176,1505,1506
5176,1585,1586
5176,1759,1760
5176,1772,1773
5177,1467,1468
5177,1505,1506
5177,1576,1577
5177,1702,1703
5178,1467,1468
5178,1492,1493
5178,1505,1506
5178,1702,1703
5179,1460,1461
5179,1467,1468
5179,1505,1506
5179,1772,1773
5180,1460,1461
5180,1505,1506
5180,1613,1614
5180,1772,1773
5181,1505,1506
5181,1585,1586
5181,1613,1614
5181,1772,1773
5182,1467,1468
5182,1492,1493
5182,1505,1506
5182,1643,1644
5183,1460,1461
5183,1467,1468
5183,1505,1506
5183,1643,1644
5184,1460,1461
5184,1492,1493
5184,1505,1506
5184,1643,1644
5185,1460,1461
5185,1538,1539
5185,1613,1614
5185,1685,1686
5186,1460,1461
5186,1538,1539
5186,1673,1674
5186,1685,1686
5187,1459,1460
5187,1460,1461
5187,1673,1674
5187,1685,1686
5188,1446,1447
5188,1459,1460
5188,1525,1526
5188,1685,1686
5189,1446,1447
5189,1459,1460
5189,1492,1493
5189,1685,1686
5190,1460,1461
5190,1492,1493
5190,1505,1506
5190,1685,1686
5191,1460,1461
5191,1505,1506
5191,1613,1614
5191,1685,1686
5192,1317,1318
5192,1446,1447
5192,1492,1493
5192,1685,1686
5193,1525,1526
5193,1538,1539
5193,1673,1674
5193,1685,1686
5194,1459,1460
5194,1525,1526
5194,1673,1674
5194,1685,1686
5195,1459,1460
5195,1492,1493
5195,1643,1644
5195,1685,1686
5196,1460,1461
5196,1492,1493
5196,1643,1644
5196,1685,1686
5197,1459,1460
5197,1460,1461
5197,1643,1644
5197,1685,1686
5198,1505,1506
5198,1585,1586
5198,1613,1614
5198,1685,1686
5199,1503,1504
5199,1620,1621
5199,1725,1726
5199,1805,1806
5200,1398,1399
5200,1503,1504
5200,1620,1621
5200,1805,1806
5201,1398,1399
5201,1504,1505
5201,1795,1796
5201,1805,1806
5202,1398,1399
5202,1620,1621
5202,1795,1796
5202,1805,1806
5203,1501,1502
5203,1503,1504
5203,1725,1726
5203,1805,1806
5204,1398,1399
5204,1504,1505
5204,1558,1559
5204,1805,1806
5205,1242,1243
5205,1398,1399
5205,1558,1559
5205,1805,1806
5206,1242,1243
5206,1398,1399
5206,1503,1504
5206,1805,1806
5207,1580,1581
5207,1631,1632
5207,1773,1774
5207,1783,1784
5208,1537,1538
5208,1580,1581
5208,1631,1632
5208,1773,1774
5209,1580,1581
5209,1686,1687
5209,1773,1774
5209,1783,1784
5210,1537,1538
5210,1580,1581
5210,1686,1687
5210,1773,1774
5211,1631,1632
5211,1652,1653
5211,1773,1774
5211,1783,1784
5212,1537,1538
5212,1631,1632
5212,1766,1767
5212,1773,1774
5213,1537,1538
5213,1759,1760
5213,1766,1767
5213,1773,1774
5214,1633,1634
5214,1686,1687
5214,1773,1774
5214,1783,1784
5215,1633,1634
5215,1652,1653
5215,1773,1774
5215,1783,1784
5216,1633,1634
5216,1652,1653
5216,1773,1774
5216,1797,1798
5217,1419,1420
5217,1482,1483
5217,1686,1687
5217,1773,1774
5218,1482,1483
5218,1537,1538
5218,1686,1687
5218,1773,1774
5219,1419,1420
5219,1633,1634
5219,1686,1687
5219,1773,1774
5220,1419,1420
5220,1633,1634
5220,1773,1774
5220,1797,1798
5221,1419,1420
5221,1701,1702
5221,1773,1774
5221,1797,1798
5222,1419,1420
5222,1482,1483
5222,1759,1760
5222,1773,1774
5223,1482,1483
5223,1537,1538
5223,1759,1760
5223,1773,1774
5224,1419,1420
5224,1701,1702
5224,1759,1760
5224,1773,1774
5225,104,105
5225,115,116
5225,166,167
5225,293,294
5226,68,69
5226,104,105
5226,115,116
5226,166,167
5227,68,69
5227,104,105
5227,166,167
5227,293,294
5228,68,69
5228,81,82
5228,166,167
5228,183,184
5229,68,69
5229,115,116
5229,166,167
5229,183,184
5230,81,82
5230,153,154
5230,166,167
5230,293,294
5231,68,69
5231,81,82
5231,153,154
5231,166,167
5232,68,69
5232,153,154
5232,166,167
5232,293,294
5233,81,82
5233,83,84
5233,143,144
5233,166,167
5234,81,82
5234,83,84
5234,166,167
5234,183,184
5235,21,22
5235,81,82
5235,143,144
5235,166,167
5236,21,22
5236,81,82
5236,166,167
5236,293,294
5237,20,21
5237,83,84
5237,143,144
5237,166,167
5238,20,21
5238,83,84
5238,166,167
5238,183,184
5239,21,22
5239,143,144
5239,149,150
5239,166,167
5240,21,22
5240,149,150
5240,166,167
5240,293,294
5241,80,81
5241,115,116
5241,166,167
5241,234,235
5242,80,81
5242,115,116
5242,166,167
5242,183,184
5243,20,21
5243,80,81
5243,166,167
5243,234,235
5244,20,21
5244,80,81
5244,166,167
5244,183,184
5245,14,15
5245,100,101
5245,115,116
5245,176,177
5246,13,14
5246,100,101
5246,115,116
5246,321,322
5247,13,14
5247,68,69
5247,100,101
5247,115,116
5248,68,69
5248,100,101
5248,115,116
5248,176,177
5249,13,14
5249,68,69
5249,100,101
5249,176,177
5250,13,14
5250,100,101
5250,107,108
5250,321,322
5251,13,14
5251,40,41
5251,100,101
5251,107,108
5252,100,101
5252,107,108
5252,180,181
5252,321,322
5253,244,245
5253,347,348
5253,358,359
5253,556,557
5254,347,348
5254,358,359
5254,505,506
5254,556,557
5255,347,348
5255,358,359
5255,405,406
5255,505,506
5256,347,348
5256,505,506
5256,556,557
5256,563,564
5257,347,348
5257,405,406
5257,505,506
5257,615,616
5258,347,348
5258,505,506
5258,563,564
5258,615,616
5259,347,348
5259,534,535
5259,563,564
5259,615,616
5260,244,245
5260,347,348
5260,426,427
5260,556,557
5261,205,206
5261,425,426
5261,587,588
5261,595,596
5262,205,206
5262,238,239
5262,425,426
5262,595,596
5263,205,206
5263,580,581
5263,587,588
5263,595,596
5264,205,206
5264,238,239
5264,580,581
5264,595,596
5265,425,426
5265,550,551
5265,587,588
5265,595,596
5266,550,551
5266,576,577
5266,587,588
5266,595,596
5267,218,219
5267,238,239
5267,580,581
5267,595,596
5268,443,444
5268,580,581
5268,587,588
5268,595,596
5269,443,444
5269,576,577
5269,580,581
5269,595,596
5270,443,444
5270,576,577
5270,587,588
5270,595,596
5271,198,199
5271,224,225
5271,352,353
5271,443,444
5272,224,225
5272,443,444
5272,576,577
5272,587,588
5273,198,199
5273,224,225
5273,443,444
5273,576,577
5274,224,225
5274,289,290
5274,352,353
5274,377,378
5275,224,225
5275,352,353
5275,377,378
5275,443,444
5276,224,225
5276,289,290
5276,377,378
5276,587,588
5277,224,225
5277,377,378
5277,443,444
5277,587,588
5278,224,225
5278,289,290
5278,587,588
5278,605,606
5279,1344,1345
5279,1347,1348
5279,1372,1373
5279,1385,1386
5280,1112,1113
5280,1231,1232
5280,1347,1348
5280,1385,1386
5281,1112,1113
5281,1231,1232
5281,1347,1348
5281,1406,1407
5282,1231,1232
5282,1347,1348
5282,1359,1360
5282,1406,1407
5283,1231,1232
5283,1347,1348
5283,1385,1386
5283,1400,1401
5284,1231,1232
5284,1347,1348
5284,1359,1360
5284,1400,1401
5285,1001,1002
5285,1067,1068
5285,1095,1096
5285,1146,1147
5286,1001,1002
5286,1067,1068
5286,1146,1147
5286,1309,1310
5287,1067,1068
5287,1095,1096
5287,1146,1147
5287,1249,1250
5288,1001,1002
5288,1082,1083
5288,1095,1096
5288,1146,1147
5289,1344,1345
5289,1372,1373
5289,1385,1386
5289,1392,1393
5290,1347,1348
5290,1385,1386
5290,1392,1393
5290,1400,1401
5291,1344,1345
5291,1347,1348
5291,1385,1386
5291,1392,1393
5292,1352,1353
5292,1373,1374
5292,1392,1393
5292,1409,1410
5293,1344,1345
5293,1372,1373
5293,1392,1393
5293,1543,1544
5294,1352,1353
5294,1392,1393
5294,1409,1410
5294,1543,1544
5295,1372,1373
5295,1383,1384
5295,1392,1393
5295,1543,1544
5296,1383,1384
5296,1392,1393
5296,1409,1410
5296,1543,1544
5297,1298,1299
5297,1372,1373
5297,1385,1386
5297,1392,1393
5298,1148,1149
5298,1273,1274
5298,1286,1287
5298,1393,1394
5299,1054,1055
5299,1273,1274
5299,1286,1287
5299,1393,1394
5300,1054,1055
5300,1175,1176
5300,1286,1287
5300,1393,1394
5301,1175,1176
5301,1286,1287
5301,1375,1376
5301,1393,1394
5302,1088,1089
5302,1148,1149
5302,1273,1274
5302,1286,1287
5303,1054,1055
5303,1175,1176
5303,1239,1240
5303,1286,1287
5304,880,881
5304,968,969
5304,1073,1074
5304,1189,1190
5305,858,859
5305,880,881
5305,968,969
5305,1189,1190
5306,533,534
5306,596,597
5306,604,605
5306,779,780
5307,194,195
5307,206,207
5307,418,419
5307,533,534
5308,194,195
5308,277,278
5308,418,419
5308,533,534
5309,194,195
5309,206,207
5309,231,232
5309,533,534
5310,194,195
5310,231,232
5310,277,278
5310,533,534
5311,533,534
5311,596,597
5311,604,605
5311,693,694
5312,398,399
5312,533,534
5312,604,605
5312,693,694
5313,206,207
5313,245,246
5313,398,399
5313,533,534
5314,231,232
5314,398,399
5314,533,534
5314,604,605
5315,206,207
5315,231,232
5315,398,399
5315,533,534
5316,245,246
5316,533,534
5316,596,597
5316,693,694
5317,245,246
5317,398,399
5317,533,534
5317,693,694
5318,1147,1148
5318,1223,1224
5318,1374,1375
5318,1404,1405
5319,1147,1148
5319,1223,1224
5319,1267,1268
5319,1374,1375
5320,498,499
5320,539,540
5320,779,780
5320,798,799
5321,498,499
5321,539,540
5321,545,546
5321,798,799
5322,395,396
5322,539,540
5322,566,567
5322,929,930
5323,498,499
5323,539,540
5323,545,546
5323,618,619
5324,539,540
5324,545,546
5324,618,619
5324,723,724
5325,539,540
5325,618,619
5325,723,724
5325,929,930
5326,395,396
5326,498,499
5326,539,540
5326,779,780
5327,395,396
5327,539,540
5327,566,567
5327,779,780
5328,395,396
5328,498,499
5328,539,540
5328,618,619
5329,395,396
5329,539,540
5329,633,634
5329,929,930
5330,395,396
5330,539,540
5330,618,619
5330,633,634
5331,539,540
5331,618,619
5331,633,634
5331,929,930
5332,235,236
5332,393,394
5332,430,431
5332,486,487
5333,430,431
5333,733,734
5333,779,780
5333,798,799
5334,235,236
5334,430,431
5334,733,734
5334,798,799
5335,235,236
5335,430,431
5335,486,487
5335,733,734
5336,277,278
5336,393,394
5336,430,431
5336,486,487
5337,430,431
5337,604,605
5337,733,734
5337,779,780
5338,430,431
5338,486,487
5338,604,605
5338,733,734
5339,430,431
5339,533,534
5339,604,605
5339,779,780
5340,231,232
5340,430,431
5340,486,487
5340,604,605
5341,231,232
5341,277,278
5341,430,431
5341,486,487
5342,231,232
5342,430,431
5342,533,534
5342,604,605
5343,231,232
5343,277,278
5343,430,431
5343,533,534
5344,639,640
5344,772,773
5344,801,802
5344,851,852
5345,801,802
5345,833,834
5345,875,876
5345,910,911
5346,639,640
5346,801,802
5346,910,911
5346,950,951
5347,801,802
5347,833,834
5347,910,911
5347,950,951
5348,639,640
5348,677,678
5348,801,802
5348,950,951
5349,639,640
5349,677,678
5349,772,773
5349,801,802
5350,677,678
5350,801,802
5350,833,834
5350,950,951
5351,677,678
5351,772,773
5351,801,802
5351,903,904
5352,677,678
5352,801,802
5352,833,834
5352,903,904
5353,1026,1027
5353,1114,1115
5353,1141,1142
5353,1193,1194
5354,87,88
5354,131,132
5354,134,135
5354,261,262
5355,56,57
5355,87,88
5355,131,132
5355,134,135
5356,6,7
5356,87,88
5356,131,132
5356,330,331
5357,6,7
5357,64,65
5357,131,132
5357,330,331
5358,6,7
5358,56,57
5358,87,88
5358,131,132
5359,115,116
5359,166,167
5359,293,294
5359,362,363
5360,223,224
5360,328,329
5360,351,352
5360,362,363
5361,223,224
5361,278,279
5361,328,329
5361,362,363
5362,108,109
5362,293,294
5362,295,296
5362,362,363
5363,234,235
5363,328,329
5363,359,360
5363,362,363
5364,278,279
5364,328,329
5364,359,360
5364,362,363
5365,7,8
5365,234,235
5365,328,329
5365,362,363
5366,205,206
5366,356,357
5366,480,481
5366,580,581
5367,223,224
5367,356,357
5367,480,481
5367,580,581
5368,205,206
5368,378,379
5368,480,481
5368,580,581
5369,297,298
5369,378,379
5369,480,481
5369,580,581
5370,223,224
5370,297,298
5370,480,481
5370,580,581
5371,205,206
5371,356,357
5371,480,481
5371,610,611
5372,285,286
5372,297,298
5372,378,379
5372,480,481
5373,223,224
5373,285,286
5373,297,298
5373,480,481
5374,266,267
5374,285,286
5374,378,379
5374,480,481
5375,285,286
5375,373,374
5375,480,481
5375,541,542
5376,223,224
5376,285,286
5376,373,374
5376,480,481
5377,356,357
5377,373,374
5377,480,481
5377,541,542
5378,223,224
5378,356,357
5378,373,374
5378,480,481
5379,205,206
5379,377,378
5379,378,379
5379,480,481
5380,266,267
5380,377,378
5380,378,379
5380,480,481
5381,205,206
5381,266,267
5381,377,378
5381,480,481
5382,248,249
5382,356,357
5382,480,481
5382,610,611
5383,248,249
5383,356,357
5383,480,481
5383,541,542
5384,205,206
5384,480,481
5384,514,515
5384,610,611
5385,205,206
5385,266,267
5385,480,481
5385,514,515
5386,248,249
5386,480,481
5386,597,598
5386,610,611
5387,248,249
5387,480,481
5387,541,542
5387,597,598
5388,480,481
5388,521,522
5388,541,542
5388,597,598
5389,285,286
5389,480,481
5389,521,522
5389,541,542
5390,266,267
5390,451,452
5390,480,481
5390,597,598
5391,266,267
5391,480,481
5391,521,522
5391,597,598
5392,266,267
5392,285,286
5392,480,481
5392,521,522
5393,266,267
5393,451,452
5393,480,481
5393,514,515
5394,480,481
5394,514,515
5394,597,598
5394,610,611
5395,451,452
5395,480,481
5395,514,515
5395,597,598
5396,28,29
5396,64,65
5396,155,156
5396,330,331
5397,28,29
5397,64,65
5397,131,132
5397,330,331
5398,28,29
5398,111,112
5398,261,262
5398,308,309
5399,2,3
5399,28,29
5399,111,112
5399,308,309
5400,28,29
5400,129,130
5400,188,189
5400,330,331
5401,28,29
5401,155,156
5401,188,189
5401,330,331
5402,2,3
5402,28,29
5402,129,130
5402,308,309
5403,2,3
5403,28,29
5403,129,130
5403,188,189
5404,2,3
5404,28,29
5404,155,156
5404,188,189
5405,28,29
5405,129,130
5405,261,262
5405,308,309
5406,28,29
5406,87,88
5406,131,132
5406,330,331
5407,28,29
5407,87,88
5407,131,132
5407,261,262
5408,28,29
5408,87,88
5408,129,130
5408,330,331
5409,28,29
5409,87,88
5409,129,130
5409,261,262
5410,1410,1411
5410,1415,1416
5410,1466,1467
5410,1600,1601
5411,1410,1411
5411,1466,1467
5411,1549,1550
5411,1600,1601
5412,653,654
5412,684,685
5412,711,712
5412,728,729
5413,684,685
5413,711,712
5413,722,723
5413,793,794
5414,684,685
5414,711,712
5414,722,723
5414,728,729
5415,684,685
5415,770,771
5415,851,852
5415,892,893
5416,809,810
5416,862,863
5416,926,927
5416,964,965
5417,809,810
5417,862,863
5417,926,927
5417,1155,1156
5418,772,773
5418,809,810
5418,926,927
5418,1155,1156
5419,657,658
5419,728,729
5419,851,852
5419,926,927
5420,657,658
5420,700,701
5420,728,729
5420,926,927
5421,658,659
5421,809,810
5421,926,927
5421,964,965
5422,658,659
5422,772,773
5422,809,810
5422,926,927
5423,657,658
5423,658,659
5423,772,773
5423,926,927
5424,658,659
5424,700,701
5424,926,927
5424,964,965
5425,657,658
5425,658,659
5425,700,701
5425,926,927
5426,639,640
5426,657,658
5426,772,773
5426,926,927
5427,639,640
5427,657,658
5427,851,852
5427,926,927
5428,639,640
5428,772,773
5428,851,852
5428,926,927
5429,772,773
5429,801,802
5429,926,927
5429,1155,1156
5430,801,802
5430,851,852
5430,926,927
5430,1155,1156
5431,772,773
5431,801,802
5431,851,852
5431,926,927
5432,840,841
5432,1025,1026
5432,1059,1060
5432,1101,1102
5433,840,841
5433,961,962
5433,1025,1026
5433,1059,1060
5434,770,771
5434,820,821
5434,877,878
5434,941,942
5435,820,821
5435,921,922
5435,941,942
5435,991,992
5436,887,888
5436,921,922
5436,941,942
5436,991,992
5437,770,771
5437,877,878
5437,892,893
5437,941,942
5438,770,771
5438,820,821
5438,941,942
5438,979,980
5439,818,819
5439,820,821
5439,941,942
5439,979,980
5440,818,819
5440,820,821
5440,921,922
5440,941,942
5441,1243,1244
5441,1330,1331
5441,1331,1332
5441,1401,1402
5442,1321,1322
5442,1330,1331
5442,1345,1346
5442,1616,1617
5443,1321,1322
5443,1330,1331
5443,1331,1332
5443,1616,1617
5444,1243,1244
5444,1330,1331
5444,1345,1346
5444,1616,1617
5445,1243,1244
5445,1330,1331
5445,1331,1332
5445,1616,1617
5446,1330,1331
5446,1345,1346
5446,1406,1407
5446,1611,1612
5447,1321,1322
5447,1330,1331
5447,1345,1346
5447,1611,1612
5448,1321,1322
5448,1330,1331
5448,1406,1407
5448,1611,1612
5449,1330,1331
5449,1345,1346
5449,1359,1360
5449,1406,1407
5450,1102,1103
5450,1194,1195
5450,1321,1322
5450,1611,1612
5451,1102,1103
5451,1278,1279
5451,1321,1322
5451,1611,1612
5452,1102,1103
5452,1278,1279
5452,1302,1303
5452,1321,1322
5453,1031,1032
5453,1102,1103
5453,1194,1195
5453,1321,1322
5454,1031,1032
5454,1034,1035
5454,1102,1103
5454,1194,1195
5455,1031,1032
5455,1034,1035
5455,1102,1103
5455,1120,1121
5456,1050,1051
5456,1102,1103
5456,1302,1303
5456,1321,1322
5457,1031,1032
5457,1102,1103
5457,1120,1121
5457,1389,1390
5458,1050,1051
5458,1079,1080
5458,1241,1242
5458,1302,1303
5459,1079,1080
5459,1241,1242
5459,1291,1292
5459,1361,1362
5460,1050,1051
5460,1079,1080
5460,1241,1242
5460,1291,1292
5461,1050,1051
5461,1102,1103
5461,1241,1242
5461,1302,1303
5462,1154,1155
5462,1241,1242
5462,1291,1292
5462,1361,1362
5463,1120,1121
5463,1154,1155
5463,1241,1242
5463,1361,1362
5464,1120,1121
5464,1154,1155
5464,1241,1242
5464,1291,1292
5465,1050,1051
5465,1241,1242
5465,1291,1292
5465,1389,1390
5466,1120,1121
5466,1241,1242
5466,1291,1292
5466,1389,1390
5467,1050,1051
5467,1102,1103
5467,1241,1242
5467,1389,1390
5468,1102,1103
5468,1120,1121
5468,1241,1242
5468,1389,1390
5469,18,19
5469,42,43
5469,61,62
5469,105,106
5470,42,43
5470,61,62
5470,105,106
5470,169,170
5471,39,40
5471,92,93
5471,105,106
5471,123,124
5472,18,19
5472,92,93
5472,98,99
5472,105,106
5473,18,19
5473,42,43
5473,98,99
5473,105,106
5474,39,40
5474,105,106
5474,123,124
5474,175,176
5475,92,93
5475,98,99
5475,105,106
5475,123,124
5476,42,43
5476,98,99
5476,105,106
5476,123,124
5477,42,43
5477,105,106
5477,123,124
5477,175,176
5478,42,43
5478,105,106
5478,169,170
5478,175,176
5479,251,252
5479,428,429
5479,550,551
5479,598,599
5480,251,252
5480,370,371
5480,550,551
5480,598,599
5481,370,371
5481,550,551
5481,576,577
5481,598,599
5482,251,252
5482,370,371
5482,576,577
5482,598,599
5483,428,429
5483,550,551
5483,598,599
5483,605,606
5484,550,551
5484,587,588
5484,598,599
5484,605,606
5485,550,551
5485,576,577
5485,587,588
5485,598,599
5486,198,199
5486,251,252
5486,576,577
5486,598,599
5487,198,199
5487,224,225
5487,576,577
5487,598,599
5488,224,225
5488,587,588
5488,598,599
5488,605,606
5489,224,225
5489,576,577
5489,587,588
5489,598,599
5490,428,429
5490,528,529
5490,598,599
5490,605,606
5491,3,4
5491,27,28
5491,276,277
5491,471,472
5492,251,252
5492,276,277
5492,370,371
5492,471,472
5493,27,28
5493,276,277
5493,370,371
5493,471,472
5494,233,234
5494,271,272
5494,353,354
5494,471,472
5495,271,272
5495,311,312
5495,345,346
5495,353,354
5496,311,312
5496,345,346
5496,353,354
5496,559,560
5497,271,272
5497,311,312
5497,353,354
5497,559,560
5498,271,272
5498,353,354
5498,412,413
5498,559,560
5499,271,272
5499,345,346
5499,353,354
5499,357,358
5500,345,346
5500,353,354
5500,357,358
5500,471,472
5501,271,272
5501,353,354
5501,357,358
5501,471,472
5502,369,370
5502,482,483
5502,615,616
5502,651,652
5503,368,369
5503,369,370
5503,482,483
5503,484,485
5504,369,370
5504,482,483
5504,484,485
5504,651,652
5505,482,483
5505,495,496
5505,615,616
5505,651,652
5506,368,369
5506,482,483
5506,484,485
5506,613,614
5507,368,369
5507,405,406
5507,482,483
5507,613,614
5508,482,483
5508,495,496
5508,505,506
5508,615,616
5509,405,406
5509,482,483
5509,495,496
5509,505,506
5510,405,406
5510,482,483
5510,505,506
5510,615,616
5511,482,483
5511,484,485
5511,584,585
5511,613,614
5512,482,483
5512,495,496
5512,584,585
5512,651,652
5513,482,483
5513,484,485
5513,584,585
5513,651,652
5514,482,483
5514,495,496
5514,584,585
5514,613,614
5515,405,406
5515,482,483
5515,495,496
5515,613,614
5516,355,356
5516,399,400
5516,405,406
5516,519,520
5517,355,356
5517,405,406
5517,508,509
5517,519,520
5518,355,356
5518,358,359
5518,405,406
5518,508,509
5519,347,348
5519,355,356
5519,358,359
5519,405,406
5520,262,263
5520,355,356
5520,508,509
5520,519,520
5521,244,245
5521,262,263
5521,355,356
5521,508,509
5522,244,245
5522,355,356
5522,358,359
5522,508,509
5523,244,245
5523,347,348
5523,355,356
5523,358,359
5524,262,263
5524,355,356
5524,380,381
5524,496,497
5525,355,356
5525,380,381
5525,399,400
5525,496,497
5526,262,263
5526,355,356
5526,485,486
5526,519,520
5527,355,356
5527,399,400
5527,485,486
5527,519,520
5528,262,263
5528,355,356
5528,485,486
5528,496,497
5529,355,356
5529,399,400
5529,485,486
5529,496,497
5530,297,298
5530,341,342
5530,351,352
5530,580,581
5531,297,298
5531,341,342
5531,574,575
5531,580,581
5532,23,24
5532,297,298
5532,341,342
5532,574,575
5533,23,24
5533,63,64
5533,108,109
5533,341,342
5534,23,24
5534,63,64
5534,341,342
5534,574,575
5535,27,28
5535,300,301
5535,357,358
5535,363,364
5536,271,272
5536,300,301
5536,357,358
5536,512,513
5537,218,219
5537,271,272
5537,300,301
5537,512,513
5538,27,28
5538,300,301
5538,357,358
5538,370,371
5539,271,272
5539,300,301
5539,357,358
5539,370,371
5540,218,219
5540,271,272
5540,300,301
5540,370,371
5541,45,46
5541,139,140
5541,142,143
5541,170,171
5542,45,46
5542,63,64
5542,139,140
5542,142,143
5543,45,46
5543,139,140
5543,145,146
5543,170,171
5544,35,36
5544,45,46
5544,139,140
5544,145,146
5545,35,36
5545,45,46
5545,139,140
5545,149,150
5546,24,25
5546,35,36
5546,45,46
5546,149,150
5547,54,55
5547,250,251
5547,258,259
5547,303,304
5548,54,55
5548,242,243
5548,250,251
5548,258,259
5549,54,55
5549,154,155
5549,242,243
5549,250,251
5550,185,186
5550,250,251
5550,258,259
5550,303,304
5551,22,23
5551,242,243
5551,250,251
5551,258,259
5552,121,122
5552,185,186
5552,250,251
5552,258,259
5553,22,23
5553,121,122
5553,250,251
5553,258,259
5554,22,23
5554,24,25
5554,121,122
5554,250,251
5555,3,4
5555,202,203
5555,357,358
5555,363,364
5556,3,4
5556,154,155
5556,202,203
5556,363,364
5557,3,4
5557,202,203
5557,345,346
5557,357,358
5558,3,4
5558,154,155
5558,202,203
5558,345,346
5559,154,155
5559,202,203
5559,250,251
5559,363,364
5560,154,155
5560,202,203
5560,338,339
5560,345,346
5561,202,203
5561,281,282
5561,311,312
5561,338,339
5562,202,203
5562,311,312
5562,338,339
5562,345,346
5563,202,203
5563,281,282
5563,357,358
5563,420,421
5564,202,203
5564,345,346
5564,357,358
5564,420,421
5565,202,203
5565,281,282
5565,311,312
5565,420,421
5566,202,203
5566,311,312
5566,345,346
5566,420,421
5567,202,203
5567,281,282
5567,303,304
5567,338,339
5568,202,203
5568,281,282
5568,357,358
5568,512,513
5569,54,55
5569,202,203
5569,303,304
5569,338,339
5570,54,55
5570,154,155
5570,202,203
5570,338,339
5571,54,55
5571,202,203
5571,250,251
5571,303,304
5572,54,55
5572,154,155
5572,202,203
5572,250,251
5573,23,24
5573,63,64
5573,208,209
5573,574,575
5574,63,64
5574,66,67
5574,208,209
5574,334,335
5575,23,24
5575,63,64
5575,66,67
5575,208,209
5576,63,64
5576,208,209
5576,275,276
5576,334,335
5577,208,209
5577,275,276
5577,334,335
5577,574,575
5578,63,64
5578,208,209
5578,275,276
5578,574,575
5579,12,13
5579,66,67
5579,208,209
5579,334,335
5580,158,159
5580,208,209
5580,334,335
5580,364,365
5581,158,159
5581,208,209
5581,216,217
5581,334,335
5582,208,209
5582,216,217
5582,334,335
5582,574,575
5583,12,13
5583,36,37
5583,66,67
5583,208,209
5584,23,24
5584,36,37
5584,66,67
5584,208,209
5585,158,159
5585,178,179
5585,208,209
5585,364,365
5586,158,159
5586,208,209
5586,216,217
5586,352,353
5587,208,209
5587,216,217
5587,352,353
5587,574,575
5588,23,24
5588,208,209
5588,297,298
5588,574,575
5589,12,13
5589,36,37
5589,208,209
5589,364,365
5590,12,13
5590,208,209
5590,334,335
5590,364,365
5591,36,37
5591,178,179
5591,208,209
5591,364,365
5592,158,159
5592,208,209
5592,352,353
5592,443,444
5593,208,209
5593,352,353
5593,443,444
5593,574,575
5594,158,159
5594,178,179
5594,208,209
5594,378,379
5595,178,179
5595,208,209
5595,297,298
5595,378,379
5596,208,209
5596,297,298
5596,443,444
5596,574,575
5597,36,37
5597,178,179
5597,208,209
5597,297,298
5598,23,24
5598,36,37
5598,208,209
5598,297,298
5599,158,159
5599,208,209
5599,378,379
5599,443,444
5600,208,209
5600,297,298
5600,378,379
5600,443,444
5601,43,44
5601,216,217
5601,275,276
5601,574,575
5602,43,44
5602,198,199
5602,216,217
5602,574,575
5603,43,44
5603,63,64
5603,275,276
5603,574,575
5604,43,44
5604,198,199
5604,574,575
5604,576,577
5605,43,44
5605,198,199
5605,251,252
5605,576,577
5606,43,44
5606,198,199
5606,251,252
5606,276,277
5607,43,44
5607,251,252
5607,370,371
5607,576,577
5608,43,44
5608,251,252
5608,276,277
5608,370,371
5609,7,8
5609,240,241
5609,328,329
5609,362,363
5610,240,241
5610,328,329
5610,351,352
5610,362,363
5611,240,241
5611,295,296
5611,351,352
5611,362,363
5612,7,8
5612,240,241
5612,328,329
5612,337,338
5613,226,227
5613,240,241
5613,328,329
5613,337,338
5614,7,8
5614,226,227
5614,240,241
5614,337,338
5615,7,8
5615,226,227
5615,240,241
5615,535,536
5616,7,8
5616,240,241
5616,263,264
5616,535,536
5617,226,227
5617,240,241
5617,328,329
5617,409,410
5618,226,227
5618,240,241
5618,409,410
5618,523,524
5619,24,25
5619,132,133
5619,149,150
5619,288,289
5620,67,68
5620,132,133
5620,149,150
5620,288,289
5621,24,25
5621,121,122
5621,132,133
5621,288,289
5622,96,97
5622,121,122
5622,132,133
5622,288,289
5623,67,68
5623,96,97
5623,132,133
5623,288,289
5624,121,122
5624,132,133
5624,185,186
5624,250,251
5625,24,25
5625,121,122
5625,132,133
5625,250,251
5626,62,63
5626,121,122
5626,132,133
5626,185,186
5627,62,63
5627,96,97
5627,121,122
5627,132,133
5628,67,68
5628,118,119
5628,132,133
5628,263,264
5629,62,63
5629,118,119
5629,132,133
5629,263,264
5630,62,63
5630,132,133
5630,185,186
5630,319,320
5631,62,63
5631,132,133
5631,263,264
5631,319,320
5632,67,68
5632,96,97
5632,118,119
5632,132,133
5633,62,63
5633,96,97
5633,118,119
5633,132,133
5634,1687,1688
5634,1787,1788
5634,1843,1844
5634,1848,1849
5635,1687,1688
5635,1780,1781
5635,1787,1788
5635,1843,1844
5636,1638,1639
5636,1707,1708
5636,1787,1788
5636,1843,1844
5637,1707,1708
5637,1780,1781
5637,1843,1844
5637,1847,1848
5638,1707,1708
5638,1780,1781
5638,1787,1788
5638,1843,1844
5639,1707,1708
5639,1775,1776
5639,1843,1844
5639,1847,1848
5640,1638,1639
5640,1707,1708
5640,1775,1776
5640,1843,1844
5641,1638,1639
5641,1683,1684
5641,1822,1823
5641,1843,1844
5642,1638,1639
5642,1683,1684
5642,1775,1776
5642,1843,1844
5643,1623,1624
5643,1739,1740
5643,1744,1745
5643,1816,1817
5644,1460,1461
5644,1523,1524
5644,1739,1740
5644,1816,1817
5645,1523,1524
5645,1623,1624
5645,1739,1740
5645,1816,1817
5646,1460,1461
5646,1643,1644
5646,1664,1665
5646,1739,1740
5647,1623,1624
5647,1664,1665
5647,1722,1723
5647,1739,1740
5648,1460,1461
5648,1664,1665
5648,1673,1674
5648,1739,1740
5649,1623,1624
5649,1664,1665
5649,1673,1674
5649,1739,1740
5650,1728,1729
5650,1739,1740
5650,1772,1773
5650,1816,1817
5651,1460,1461
5651,1739,1740
5651,1772,1773
5651,1816,1817
5652,1460,1461
5652,1523,1524
5652,1673,1674
5652,1739,1740
5653,1523,1524
5653,1623,1624
5653,1673,1674
5653,1739,1740
5654,1320,1321
5654,1408,1409
5654,1422,1423
5654,1513,1514
5655,1320,1321
5655,1364,1365
5655,1408,1409
5655,1422,1423
5656,1320,1321
5656,1408,1409
5656,1513,1514
5656,1543,1544
5657,1320,1321
5657,1364,1365
5657,1408,1409
5657,1543,1544
5658,1235,1236
5658,1364,1365
5658,1372,1373
5658,1408,1409
5659,1364,1365
5659,1372,1373
5659,1408,1409
5659,1543,1544
5660,1040,1041
5660,1235,1236
5660,1364,1365
5660,1408,1409
5661,1040,1041
5661,1235,1236
5661,1343,1344
5661,1408,1409
5662,1040,1041
5662,1343,1344
5662,1364,1365
5662,1408,1409
5663,1349,1350
5663,1427,1428
5663,1509,1510
5663,1608,1609
5664,1349,1350
5664,1509,1510
5664,1608,1609
5664,1626,1627
5665,1227,1228
5665,1349,1350
5665,1509,1510
5665,1626,1627
5666,1349,1350
5666,1414,1415
5666,1427,1428
5666,1509,1510
5667,1414,1415
5667,1427,1428
5667,1509,1510
5667,1591,1592
5668,1226,1227
5668,1229,1230
5668,1375,1376
5668,1509,1510
5669,1226,1227
5669,1375,1376
5669,1509,1510
5669,1591,1592
5670,1226,1227
5670,1414,1415
5670,1509,1510
5670,1591,1592
5671,1226,1227
5671,1414,1415
5671,1509,1510
5671,1572,1573
5672,1349,1350
5672,1414,1415
5672,1509,1510
5672,1572,1573
5673,1227,1228
5673,1229,1230
5673,1509,1510
5673,1583,1584
5674,1226,1227
5674,1229,1230
5674,1509,1510
5674,1583,1584
5675,1227,1228
5675,1349,1350
5675,1509,1510
5675,1572,1573
5676,1227,1228
5676,1509,1510
5676,1572,1573
5676,1583,1584
5677,1226,1227
5677,1509,1510
5677,1572,1573
5677,1583,1584
5678,1198,1199
5678,1262,1263
5678,1312,1313
5678,1407,1408
5679,1088,1089
5679,1148,1149
5679,1286,1287
5679,1407,1408
5680,1088,1089
5680,1148,1149
5680,1343,1344
5680,1407,1408
5681,1262,1263
5681,1286,1287
5681,1312,1313
5681,1407,1408
5682,1040,1041
5682,1260,1261
5682,1343,1344
5682,1364,1365
5683,1040,1041
5683,1148,1149
5683,1260,1261
5683,1343,1344
5684,1260,1261
5684,1282,1283
5684,1364,1365
5684,1422,1423
5685,1260,1261
5685,1364,1365
5685,1408,1409
5685,1422,1423
5686,1260,1261
5686,1343,1344
5686,1364,1365
5686,1408,1409
5687,1260,1261
5687,1343,1344
5687,1408,1409
5687,1422,1423
5688,1148,1149
5688,1260,1261
5688,1343,1344
5688,1407,1408
5689,1282,1283
5689,1306,1307
5689,1603,1604
5689,1607,1608
5690,1282,1283
5690,1306,1307
5690,1364,1365
5690,1603,1604
5691,1260,1261
5691,1282,1283
5691,1306,1307
5691,1364,1365
5692,1040,1041
5692,1260,1261
5692,1306,1307
5692,1364,1365
5693,895,896
5693,896,897
5693,1038,1039
5693,1128,1129
5694,895,896
5694,896,897
5694,1081,1082
5694,1128,1129
5695,895,896
5695,896,897
5695,988,989
5695,1038,1039
5696,895,896
5696,896,897
5696,988,989
5696,1081,1082
5697,826,827
5697,896,897
5697,988,989
5697,1038,1039
5698,1067,1068
5698,1087,1088
5698,1191,1192
5698,1298,1299
5699,1001,1002
5699,1021,1022
5699,1087,1088
5699,1159,1160
5700,1067,1068
5700,1087,1088
5700,1191,1192
5700,1309,1310
5701,1001,1002
5701,1067,1068
5701,1087,1088
5701,1309,1310
5702,1021,1022
5702,1087,1088
5702,1103,1104
5702,1159,1160
5703,1001,1002
5703,1087,1088
5703,1159,1160
5703,1309,1310
5704,1087,1088
5704,1103,1104
5704,1191,1192
5704,1309,1310
5705,1087,1088
5705,1103,1104
5705,1159,1160
5705,1309,1310
5706,831,832
5706,923,924
5706,1012,1013
5706,1180,1181
5707,831,832
5707,850,851
5707,923,924
5707,1180,1181
5708,850,851
5708,872,873
5708,923,924
5708,989,990
5709,850,851
5709,872,873
5709,923,924
5709,1180,1181
5710,872,873
5710,923,924
5710,989,990
5710,1081,1082
5711,872,873
5711,923,924
5711,1081,1082
5711,1180,1181
5712,923,924
5712,989,990
5712,1041,1042
5712,1128,1129
5713,923,924
5713,989,990
5713,1081,1082
5713,1128,1129
5714,1067,1068
5714,1095,1096
5714,1133,1134
5714,1249,1250
5715,1001,1002
5715,1067,1068
5715,1095,1096
5715,1133,1134
5716,1067,1068
5716,1087,1088
5716,1133,1134
5716,1249,1250
5717,1001,1002
5717,1067,1068
5717,1087,1088
5717,1133,1134
5718,1001,1002
5718,1021,1022
5718,1087,1088
5718,1133,1134
5719,985,986
5719,1148,1149
5719,1273,1274
5719,1393,1394
5720,985,986
5720,1017,1018
5720,1273,1274
5720,1393,1394
5721,985,986
5721,1040,1041
5721,1148,1149
5721,1276,1277
5722,1202,1203
5722,1252,1253
5722,1525,1526
5722,1570,1571
5723,1202,1203
5723,1446,1447
5723,1525,1526
5723,1570,1571
5724,1202,1203
5724,1252,1253
5724,1513,1514
5724,1570,1571
5725,1252,1253
5725,1440,1441
5725,1570,1571
5725,1587,1588
5726,1252,1253
5726,1440,1441
5726,1525,1526
5726,1570,1571
5727,1440,1441
5727,1525,1526
5727,1538,1539
5727,1570,1571
5728,1252,1253
5728,1362,1363
5728,1513,1514
5728,1570,1571
5729,1252,1253
5729,1362,1363
5729,1570,1571
5729,1587,1588
5730,1440,1441
5730,1570,1571
5730,1587,1588
5730,1679,1680
5731,1440,1441
5731,1538,1539
5731,1570,1571
5731,1679,1680
5732,1504,1505
5732,1570,1571
5732,1587,1588
5732,1679,1680
5733,1504,1505
5733,1558,1559
5733,1570,1571
5733,1615,1616
5734,1504,1505
5734,1570,1571
5734,1587,1588
5734,1615,1616
5735,1342,1343
5735,1362,1363
5735,1558,1559
5735,1570,1571
5736,1342,1343
5736,1362,1363
5736,1513,1514
5736,1570,1571
5737,1362,1363
5737,1558,1559
5737,1570,1571
5737,1615,1616
5738,1362,1363
5738,1570,1571
5738,1587,1588
5738,1615,1616
5739,1227,1228
5739,1255,1256
5739,1609,1610
5739,1626,1627
5740,1255,1256
5740,1317,1318
5740,1609,1610
5740,1626,1627
5741,1227,1228
5741,1255,1256
5741,1332,1333
5741,1609,1610
5742,1255,1256
5742,1317,1318
5742,1332,1333
5742,1609,1610
5743,1227,1228
5743,1229,1230
5743,1255,1256
5743,1509,1510
5744,1227,1228
5744,1255,1256
5744,1509,1510
5744,1626,1627
5745,1227,1228
5745,1229,1230
5745,1255,1256
5745,1332,1333
5746,1198,1199
5746,1255,1256
5746,1312,1313
5746,1407,1408
5747,1229,1230
5747,1255,1256
5747,1332,1333
5747,1553,1554
5748,1229,1230
5748,1255,1256
5748,1312,1313
5748,1553,1554
5749,1198,1199
5749,1255,1256
5749,1407,1408
5749,1422,1423
5750,1255,1256
5750,1317,1318
5750,1413,1414
5750,1626,1627
5751,1317,1318
5751,1413,1414
5751,1430,1431
5751,1446,1447
5752,1413,1414
5752,1422,1423
5752,1430,1431
5752,1513,1514
5753,1255,1256
5753,1413,1414
5753,1422,1423
5753,1430,1431
5754,1255,1256
5754,1317,1318
5754,1413,1414
5754,1430,1431
5755,1202,1203
5755,1413,1414
5755,1430,1431
5755,1513,1514
5756,1202,1203
5756,1413,1414
5756,1430,1431
5756,1446,1447
5757,1198,1199
5757,1255,1256
5757,1422,1423
5757,1430,1431
5758,1198,1199
5758,1255,1256
5758,1317,1318
5758,1430,1431
5759,1202,1203
5759,1430,1431
5759,1513,1514
5759,1570,1571
5760,1202,1203
5760,1430,1431
5760,1446,1447
5760,1570,1571
5761,1342,1343
5761,1422,1423
5761,1430,1431
5761,1513,1514
5762,1198,1199
5762,1317,1318
5762,1430,1431
5762,1558,1559
5763,1198,1199
5763,1342,1343
5763,1430,1431
5763,1558,1559
5764,1342,1343
5764,1430,1431
5764,1558,1559
5764,1570,1571
5765,1342,1343
5765,1430,1431
5765,1513,1514
5765,1570,1571
5766,1423,1424
5766,1525,1526
5766,1528,1529
5766,1673,1674
5767,1252,1253
5767,1423,1424
5767,1512,1513
5767,1528,1529
5768,1252,1253
5768,1423,1424
5768,1525,1526
5768,1528,1529
5769,1423,1424
5769,1512,1513
5769,1534,1535
5769,1663,1664
5770,1252,1253
5770,1423,1424
5770,1512,1513
5770,1663,1664
5771,1423,1424
5771,1538,1539
5771,1663,1664
5771,1673,1674
5772,1423,1424
5772,1525,1526
5772,1538,1539
5772,1673,1674
5773,1423,1424
5773,1525,1526
5773,1538,1539
5773,1663,1664
5774,1423,1424
5774,1463,1464
5774,1490,1491
5774,1673,1674
5775,1423,1424
5775,1490,1491
5775,1528,1529
5775,1673,1674
5776,1252,1253
5776,1423,1424
5776,1440,1441
5776,1663,1664
5777,1423,1424
5777,1440,1441
5777,1525,1526
5777,1663,1664
5778,1252,1253
5778,1423,1424
5778,1440,1441
5778,1525,1526
5779,1423,1424
5779,1428,1429
5779,1512,1513
5779,1534,1535
5780,1423,1424
5780,1428,1429
5780,1512,1513
5780,1528,1529
5781,1423,1424
5781,1428,1429
5781,1528,1529
5781,1534,1535
5782,1423,1424
5782,1463,1464
5782,1534,1535
5782,1792,1793
5783,1423,1424
5783,1528,1529
5783,1534,1535
5783,1792,1793
5784,1423,1424
5784,1463,1464
5784,1490,1491
5784,1792,1793
5785,1423,1424
5785,1490,1491
5785,1528,1529
5785,1792,1793
5786,1423,1424
5786,1534,1535
5786,1548,1549
5786,1663,1664
5787,1423,1424
5787,1463,1464
5787,1534,1535
5787,1548,1549
5788,1423,1424
5788,1663,1664
5788,1673,1674
5788,1812,1813
5789,1423,1424
5789,1548,1549
5789,1663,1664
5789,1812,1813
5790,1423,1424
5790,1463,1464
5790,1673,1674
5790,1812,1813
5791,1423,1424
5791,1463,1464
5791,1548,1549
5791,1812,1813
5792,1037,1038
5792,1045,1046
5792,1093,1094
5792,1319,1320
5793,1045,1046
5793,1113,1114
5793,1177,1178
5793,1319,1320
5794,1037,1038
5794,1045,1046
5794,1177,1178
5794,1319,1320
5795,1016,1017
5795,1319,1320
5795,1363,1364
5795,1397,1398
5796,1016,1017
5796,1185,1186
5796,1319,1320
5796,1397,1398
5797,1177,1178
5797,1185,1186
5797,1319,1320
5797,1397,1398
5798,1113,1114
5798,1177,1178
5798,1185,1186
5798,1319,1320
5799,1016,1017
5799,1185,1186
5799,1301,1302
5799,1319,1320
5800,1113,1114
5800,1185,1186
5800,1301,1302
5800,1319,1320
5801,832,833
5801,974,975
5801,1055,1056
5801,1186,1187
5802,974,975
5802,1055,1056
5802,1186,1187
5802,1258,1259
5803,974,975
5803,1006,1007
5803,1055,1056
5803,1258,1259
5804,832,833
5804,974,975
5804,1055,1056
5804,1071,1072
5805,974,975
5805,1006,1007
5805,1055,1056
5805,1071,1072
5806,1055,1056
5806,1186,1187
5806,1258,1259
5806,1386,1387
5807,1006,1007
5807,1055,1056
5807,1258,1259
5807,1386,1387
5808,832,833
5808,1055,1056
5808,1064,1065
5808,1186,1187
5809,1055,1056
5809,1186,1187
5809,1219,1220
5809,1386,1387
5810,832,833
5810,1055,1056
5810,1064,1065
5810,1071,1072
5811,1055,1056
5811,1139,1140
5811,1219,1220
5811,1386,1387
5812,1006,1007
5812,1055,1056
5812,1139,1140
5812,1386,1387
5813,1006,1007
5813,1055,1056
5813,1139,1140
5813,1201,1202
5814,1006,1007
5814,1055,1056
5814,1071,1072
5814,1201,1202
5815,1055,1056
5815,1139,1140
5815,1156,1157
5815,1219,1220
5816,922,923
5816,1055,1056
5816,1186,1187
5816,1219,1220
5817,922,923
5817,1055,1056
5817,1064,1065
5817,1186,1187
5818,1055,1056
5818,1139,1140
5818,1156,1157
5818,1201,1202
5819,922,923
5819,1055,1056
5819,1156,1157
5819,1219,1220
5820,922,923
5820,1055,1056
5820,1064,1065
5820,1156,1157
5821,1055,1056
5821,1064,1065
5821,1156,1157
5821,1201,1202
5822,1055,1056
5822,1064,1065
5822,1071,1072
5822,1201,1202
5823,778,779
5823,816,817
5823,924,925
5823,964,965
5824,700,701
5824,778,779
5824,783,784
5824,924,925
5825,653,654
5825,700,701
5825,778,779
5825,783,784
5826,700,701
5826,778,779
5826,924,925
5826,964,965
5827,700,701
5827,778,779
5827,926,927
5827,964,965
5828,961,962
5828,962,963
5828,998,999
5828,1059,1060
5829,899,900
5829,962,963
5829,998,999
5829,1134,1135
5830,899,900
5830,998,999
5830,1032,1033
5830,1134,1135
5831,962,963
5831,1025,1026
5831,1049,1050
5831,1059,1060
5832,1025,1026
5832,1049,1050
5832,1059,1060
5832,1090,1091
5833,1037,1038
5833,1090,1091
5833,1145,1146
5833,1404,1405
5834,1090,1091
5834,1101,1102
5834,1145,1146
5834,1404,1405
5835,1101,1102
5835,1138,1139
5835,1145,1146
5835,1223,1224
5836,1101,1102
5836,1145,1146
5836,1223,1224
5836,1404,1405
5837,1138,1139
5837,1145,1146
5837,1223,1224
5837,1326,1327
5838,1145,1146
5838,1221,1222
5838,1264,1265
5838,1326,1327
5839,1093,1094
5839,1145,1146
5839,1221,1222
5839,1264,1265
5840,1037,1038
5840,1145,1146
5840,1374,1375
5840,1404,1405
5841,1145,1146
5841,1223,1224
5841,1374,1375
5841,1404,1405
5842,1145,1146
5842,1221,1222
5842,1223,1224
5842,1374,1375
5843,434,435
5843,637,638
5843,724,725
5843,868,869
5844,637,638
5844,724,725
5844,868,869
5844,917,918
5845,637,638
5845,724,725
5845,867,868
5845,917,918
5846,619,620
5846,729,730
5846,776,777
5846,953,954
5847,619,620
5847,729,730
5847,764,765
5847,953,954
5848,619,620
5848,764,765
5848,953,954
5848,956,957
5849,619,620
5849,631,632
5849,953,954
5849,956,957
5850,619,620
5850,631,632
5850,844,845
5850,953,954
5851,624,625
5851,764,765
5851,953,954
5851,956,957
5852,624,625
5852,866,867
5852,1076,1077
5852,1167,1168
5853,624,625
5853,729,730
5853,764,765
5853,866,867
5854,624,625
5854,729,730
5854,764,765
5854,953,954
5855,624,625
5855,627,628
5855,776,777
5855,953,954
5856,624,625
5856,866,867
5856,918,919
5856,1076,1077
5857,624,625
5857,729,730
5857,866,867
5857,918,919
5858,624,625
5858,729,730
5858,776,777
5858,953,954
5859,624,625
5859,776,777
5859,856,857
5859,1076,1077
5860,624,625
5860,627,628
5860,776,777
5860,856,857
5861,624,625
5861,627,628
5861,856,857
5861,1076,1077
5862,624,625
5862,776,777
5862,918,919
5862,1076,1077
5863,624,625
5863,729,730
5863,776,777
5863,918,919
5864,1250,1251
5864,1292,1293
5864,1357,1358
5864,1508,1509
5865,1043,1044
5865,1250,1251
5865,1292,1293
5865,1357,1358
5866,1043,1044
5866,1292,1293
5866,1357,1358
5866,1508,1509
5867,1043,1044
5867,1357,1358
5867,1508,1509
5867,1605,1606
5868,1357,1358
5868,1508,1509
5868,1591,1592
5868,1605,1606
5869,1043,1044
5869,1357,1358
5869,1591,1592
5869,1605,1606
5870,1250,1251
5870,1357,1358
5870,1435,1436
5870,1508,1509
5871,1039,1040
5871,1250,1251
5871,1357,1358
5871,1435,1436
5872,1043,1044
5872,1207,1208
5872,1357,1358
5872,1591,1592
5873,1315,1316
5873,1333,1334
5873,1395,1396
5873,1437,1438
5874,1315,1316
5874,1333,1334
5874,1405,1406
5874,1437,1438
5875,1292,1293
5875,1315,1316
5875,1333,1334
5875,1405,1406
5876,1211,1212
5876,1274,1275
5876,1315,1316
5876,1437,1438
5877,1274,1275
5877,1315,1316
5877,1395,1396
5877,1437,1438
5878,1236,1237
5878,1315,1316
5878,1405,1406
5878,1437,1438
5879,1292,1293
5879,1315,1316
5879,1405,1406
5879,1606,1607
5880,1292,1293
5880,1313,1314
5880,1315,1316
5880,1606,1607
5881,1211,1212
5881,1233,1234
5881,1274,1275
5881,1315,1316
5882,1211,1212
5882,1313,1314
5882,1315,1316
5882,1584,1585
5883,1313,1314
5883,1315,1316
5883,1584,1585
5883,1606,1607
5884,1274,1275
5884,1289,1290
5884,1315,1316
5884,1395,1396
5885,1176,1177
5885,1200,1201
5885,1329,1330
5885,1381,1382
5886,1104,1105
5886,1176,1177
5886,1200,1201
5886,1403,1404
5887,1088,1089
5887,1200,1201
5887,1273,1274
5887,1403,1404
5888,1176,1177
5888,1200,1201
5888,1273,1274
5888,1403,1404
5889,1088,1089
5889,1200,1201
5889,1283,1284
5889,1343,1344
5890,1040,1041
5890,1148,1149
5890,1196,1197
5890,1343,1344
5891,985,986
5891,1040,1041
5891,1148,1149
5891,1196,1197
5892,985,986
5892,1148,1149
5892,1196,1197
5892,1273,1274
5893,1176,1177
5893,1196,1197
5893,1200,1201
5893,1273,1274
5894,1176,1177
5894,1196,1197
5894,1200,1201
5894,1329,1330
5895,1088,1089
5895,1148,1149
5895,1196,1197
5895,1273,1274
5896,1088,1089
5896,1148,1149
5896,1196,1197
5896,1343,1344
5897,1088,1089
5897,1196,1197
5897,1200,1201
5897,1273,1274
5898,1088,1089
5898,1196,1197
5898,1200,1201
5898,1343,1344
5899,1184,1185
5899,1299,1300
5899,1305,1306
5899,1601,1602
5900,1342,1343
5900,1362,1363
5900,1518,1519
5900,1601,1602
5901,1299,1300
5901,1342,1343
5901,1518,1519
5901,1601,1602
5902,1342,1343
5902,1362,1363
5902,1513,1514
5902,1518,1519
5903,1342,1343
5903,1408,1409
5903,1513,1514
5903,1518,1519
5904,1299,1300
5904,1342,1343
5904,1408,1409
5904,1518,1519
5905,1362,1363
5905,1513,1514
5905,1518,1519
5905,1533,1534
5906,1362,1363
5906,1518,1519
5906,1533,1534
5906,1601,1602
5907,1383,1384
5907,1518,1519
5907,1533,1534
5907,1601,1602
5908,1513,1514
5908,1518,1519
5908,1533,1534
5908,1543,1544
5909,1383,1384
5909,1518,1519
5909,1533,1534
5909,1543,1544
5910,1408,1409
5910,1513,1514
5910,1518,1519
5910,1543,1544
5911,1184,1185
5911,1383,1384
5911,1518,1519
5911,1601,1602
5912,1184,1185
5912,1299,1300
5912,1518,1519
5912,1601,1602
5913,1372,1373
5913,1383,1384
5913,1518,1519
5913,1543,1544
5914,1372,1373
5914,1408,1409
5914,1518,1519
5914,1543,1544
5915,1629,1630
5915,1693,1694
5915,1695,1696
5915,1722,1723
5916,1629,1630
5916,1693,1694
5916,1703,1704
5916,1722,1723
5917,1629,1630
5917,1693,1694
5917,1695,1696
5917,1705,1706
5918,1693,1694
5918,1695,1696
5918,1722,1723
5918,1739,1740
5919,1664,1665
5919,1693,1694
5919,1722,1723
5919,1739,1740
5920,1693,1694
5920,1699,1700
5920,1703,1704
5920,1818,1819
5921,1629,1630
5921,1693,1694
5921,1703,1704
5921,1705,1706
5922,1693,1694
5922,1703,1704
5922,1705,1706
5922,1818,1819
5923,1421,1422
5923,1664,1665
5923,1693,1694
5923,1722,1723
5924,1421,1422
5924,1664,1665
5924,1693,1694
5924,1699,1700
5925,1643,1644
5925,1664,1665
5925,1693,1694
5925,1699,1700
5926,1643,1644
5926,1664,1665
5926,1693,1694
5926,1739,1740
5927,1421,1422
5927,1693,1694
5927,1703,1704
5927,1722,1723
5928,1421,1422
5928,1693,1694
5928,1699,1700
5928,1703,1704
5929,1643,1644
5929,1693,1694
5929,1699,1700
5929,1715,1716
5930,1693,1694
5930,1699,1700
5930,1715,1716
5930,1818,1819
5931,1438,1439
5931,1658,1659
5931,1708,1709
5931,1725,1726
5932,1438,1439
5932,1585,1586
5932,1658,1659
5932,1725,1726
5933,1438,1439
5933,1585,1586
5933,1613,1614
5933,1658,1659
5934,1438,1439
5934,1620,1621
5934,1708,1709
5934,1725,1726
5935,1438,1439
5935,1620,1621
5935,1725,1726
5935,1805,1806
5936,1438,1439
5936,1566,1567
5936,1708,1709
5936,1795,1796
5937,1438,1439
5937,1566,1567
5937,1708,1709
5937,1837,1838
5938,1438,1439
5938,1658,1659
5938,1708,1709
5938,1837,1838
5939,1438,1439
5939,1566,1567
5939,1613,1614
5939,1837,1838
5940,1438,1439
5940,1613,1614
5940,1658,1659
5940,1837,1838
5941,1438,1439
5941,1620,1621
5941,1708,1709
5941,1795,1796
5942,1438,1439
5942,1620,1621
5942,1795,1796
5942,1805,1806
5943,1667,1668
5943,1744,1745
5943,1791,1792
5943,1809,1810
5944,1744,1745
5944,1791,1792
5944,1809,1810
5944,1816,1817
5945,1523,1524
5945,1744,1745
5945,1809,1810
5945,1816,1817
5946,1667,1668
5946,1682,1683
5946,1767,1768
5946,1809,1810
5947,1523,1524
5947,1682,1683
5947,1744,1745
5947,1809,1810
5948,1674,1675
5948,1767,1768
5948,1809,1810
5948,1837,1838
5949,1674,1675
5949,1682,1683
5949,1767,1768
5949,1809,1810
5950,1523,1524
5950,1674,1675
5950,1682,1683
5950,1809,1810
5951,1667,1668
5951,1682,1683
5951,1809,1810
5951,1833,1834
5952,1667,1668
5952,1744,1745
5952,1809,1810
5952,1833,1834
5953,1682,1683
5953,1744,1745
5953,1809,1810
5953,1833,1834
5954,1523,1524
5954,1613,1614
5954,1674,1675
5954,1809,1810
5955,1523,1524
5955,1613,1614
5955,1809,1810
5955,1816,1817
5956,1613,1614
5956,1674,1675
5956,1809,1810
5956,1837,1838
5957,1613,1614
5957,1809,1810
5957,1816,1817
5957,1837,1838
5958,1079,1080
5958,1100,1101
5958,1138,1139
5958,1326,1327
5959,1100,1101
5959,1138,1139
5959,1223,1224
5959,1326,1327
5960,1079,1080
5960,1100,1101
5960,1402,1403
5960,1454,1455
5961,1100,1101
5961,1402,1403
5961,1437,1438
5961,1454,1455
5962,1079,1080
5962,1100,1101
5962,1326,1327
5962,1402,1403
5963,1100,1101
5963,1221,1222
5963,1402,1403
5963,1437,1438
5964,1100,1101
5964,1221,1222
5964,1326,1327
5964,1402,1403
5965,1100,1101
5965,1221,1222
5965,1374,1375
5965,1437,1438
5966,1100,1101
5966,1221,1222
5966,1223,1224
5966,1374,1375
5967,1100,1101
5967,1145,1146
5967,1221,1222
5967,1326,1327
5968,1100,1101
5968,1145,1146
5968,1221,1222
5968,1223,1224
5969,1100,1101
5969,1145,1146
5969,1223,1224
5969,1326,1327
5970,1079,1080
5970,1241,1242
5970,1244,1245
5970,1302,1303
5971,1079,1080
5971,1244,1245
5971,1402,1403
5971,1454,1455
5972,1236,1237
5972,1244,1245
5972,1454,1455
5972,1597,1598
5973,1236,1237
5973,1244,1245
5973,1402,1403
5973,1454,1455
5974,1050,1051
5974,1079,1080
5974,1244,1245
5974,1302,1303
5975,1050,1051
5975,1079,1080
5975,1244,1245
5975,1402,1403
5976,1244,1245
5976,1278,1279
5976,1331,1332
5976,1597,1598
5977,1244,1245
5977,1278,1279
5977,1302,1303
5977,1331,1332
5978,1236,1237
5978,1244,1245
5978,1331,1332
5978,1597,1598
5979,1236,1237
5979,1244,1245
5979,1331,1332
5979,1402,1403
5980,1050,1051
5980,1244,1245
5980,1302,1303
5980,1331,1332
5981,1050,1051
5981,1244,1245
5981,1331,1332
5981,1402,1403
5982,1274,1275
5982,1350,1351
5982,1437,1438
5982,1610,1611
5983,1350,1351
5983,1437,1438
5983,1454,1455
5983,1610,1611
5984,1100,1101
5984,1350,1351
5984,1437,1438
5984,1454,1455
5985,1267,1268
5985,1274,1275
5985,1350,1351
5985,1437,1438
5986,1267,1268
5986,1350,1351
5986,1374,1375
5986,1437,1438
5987,1223,1224
5987,1267,1268
5987,1350,1351
5987,1374,1375
5988,1100,1101
5988,1350,1351
5988,1374,1375
5988,1437,1438
5989,1100,1101
5989,1223,1224
5989,1350,1351
5989,1374,1375
5990,800,801
5990,848,849
5990,1060,1061
5990,1361,1362
5991,800,801
5991,848,849
5991,891,892
5991,1060,1061
5992,800,801
5992,1060,1061
5992,1154,1155
5992,1361,1362
5993,1060,1061
5993,1154,1155
5993,1291,1292
5993,1361,1362
5994,800,801
5994,872,873
5994,891,892
5994,1060,1061
5995,800,801
5995,872,873
5995,1060,1061
5995,1154,1155
5996,872,873
5996,891,892
5996,895,896
5996,1060,1061
5997,872,873
5997,895,896
5997,1060,1061
5997,1154,1155
5998,895,896
5998,1060,1061
5998,1121,1122
5998,1154,1155
5999,1472,1473
5999,1497,1498
5999,1562,1563
5999,1574,1575
6000,1469,1470
6000,1472,1473
6000,1497,1498
6000,1574,1575
6001,1469,1470
6001,1497,1498
6001,1574,1575
6001,1624,1625
6002,1469,1470
6002,1497,1498
6002,1624,1625
6002,1761,1762
6003,1469,1470
6003,1497,1498
6003,1761,1762
6003,1798,1799
6004,1461,1462
6004,1497,1498
6004,1574,1575
6004,1624,1625
6005,1461,1462
6005,1497,1498
6005,1562,1563
6005,1574,1575
6006,1469,1470
6006,1472,1473
6006,1497,1498
6006,1798,1799
6007,1472,1473
6007,1497,1498
6007,1746,1747
6007,1798,1799
6008,1472,1473
6008,1497,1498
6008,1562,1563
6008,1746,1747
6009,1557,1558
6009,1640,1641
6009,1650,1651
6009,1839,1840
6010,1458,1459
6010,1640,1641
6010,1650,1651
6010,1839,1840
6011,1203,1204
6011,1557,1558
6011,1640,1641
6011,1650,1651
6012,1469,1470
6012,1557,1558
6012,1590,1591
6012,1650,1651
6013,1203,1204
6013,1557,1558
6013,1590,1591
6013,1650,1651
6014,1458,1459
6014,1640,1641
6014,1650,1651
6014,1778,1779
6015,1458,1459
6015,1475,1476
6015,1650,1651
6015,1778,1779
6016,1469,1470
6016,1472,1473
6016,1604,1605
6016,1798,1799
6017,1557,1558
6017,1604,1605
6017,1650,1651
6017,1839,1840
6018,1469,1470
6018,1557,1558
6018,1604,1605
6018,1650,1651
6019,1604,1605
6019,1677,1678
6019,1814,1815
6019,1839,1840
6020,1604,1605
6020,1714,1715
6020,1727,1728
6020,1798,1799
6021,1604,1605
6021,1714,1715
6021,1727,1728
6021,1814,1815
6022,1502,1503
6022,1604,1605
6022,1714,1715
6022,1798,1799
6023,1502,1503
6023,1557,1558
6023,1604,1605
6023,1677,1678
6024,1488,1489
6024,1604,1605
6024,1677,1678
6024,1839,1840
6025,1488,1489
6025,1557,1558
6025,1604,1605
6025,1839,1840
6026,1488,1489
6026,1557,1558
6026,1604,1605
6026,1677,1678
6027,1502,1503
6027,1604,1605
6027,1761,1762
6027,1798,1799
6028,1469,1470
6028,1604,1605
6028,1761,1762
6028,1798,1799
6029,1502,1503
6029,1557,1558
6029,1604,1605
6029,1761,1762
6030,1469,1470
6030,1557,1558
6030,1604,1605
6030,1761,1762
6031,1502,1503
6031,1604,1605
6031,1677,1678
6031,1714,1715
6032,1604,1605
6032,1677,1678
6032,1714,1715
6032,1814,1815
6033,1424,1425
6033,1678,1679
6033,1752,1753
6033,1786,1787
6034,1678,1679
6034,1743,1744
6034,1752,1753
6034,1786,1787
6035,1424,1425
6035,1752,1753
6035,1786,1787
6035,1818,1819
6036,1424,1425
6036,1425,1426
6036,1678,1679
6036,1752,1753
6037,1705,1706
6037,1752,1753
6037,1786,1787
6037,1818,1819
6038,1705,1706
6038,1743,1744
6038,1752,1753
6038,1786,1787
6039,1424,1425
6039,1425,1426
6039,1715,1716
6039,1752,1753
6040,1424,1425
6040,1715,1716
6040,1752,1753
6040,1818,1819
6041,1678,1679
6041,1691,1692
6041,1743,1744
6041,1752,1753
6042,1425,1426
6042,1467,1468
6042,1715,1716
6042,1752,1753
6043,1425,1426
6043,1678,1679
6043,1748,1749
6043,1752,1753
6044,1425,1426
6044,1723,1724
6044,1748,1749
6044,1752,1753
6045,1425,1426
6045,1467,1468
6045,1723,1724
6045,1752,1753
6046,1678,1679
6046,1691,1692
6046,1748,1749
6046,1752,1753
6047,1691,1692
6047,1723,1724
6047,1748,1749
6047,1752,1753
6048,1691,1692
6048,1723,1724
6048,1752,1753
6048,1810,1811
6049,1691,1692
6049,1743,1744
6049,1752,1753
6049,1822,1823
6050,1707,1708
6050,1733,1734
6050,1788,1789
6050,1829,1830
6051,1707,1708
6051,1733,1734
6051,1790,1791
6051,1829,1830
6052,1472,1473
6052,1729,1730
6052,1790,1791
6052,1829,1830
6053,1412,1413
6053,1729,1730
6053,1790,1791
6053,1829,1830
6054,1412,1413
6054,1733,1734
6054,1790,1791
6054,1829,1830
6055,1458,1459
6055,1786,1787
6055,1788,1789
6055,1829,1830
6056,1733,1734
6056,1786,1787
6056,1788,1789
6056,1829,1830
6057,1458,1459
6057,1788,1789
6057,1829,1830
6057,1839,1840
6058,1469,1470
6058,1472,1473
6058,1729,1730
6058,1829,1830
6059,1469,1470
6059,1650,1651
6059,1729,1730
6059,1829,1830
6060,1458,1459
6060,1650,1651
6060,1829,1830
6060,1839,1840
6061,1604,1605
6061,1650,1651
6061,1829,1830
6061,1839,1840
6062,1469,1470
6062,1472,1473
6062,1604,1605
6062,1829,1830
6063,1469,1470
6063,1604,1605
6063,1650,1651
6063,1829,1830
6064,1757,1758
6064,1801,1802
6064,1828,1829
6064,1830,1831
6065,1745,1746
6065,1757,1758
6065,1828,1829
6065,1830,1831
6066,1745,1746
6066,1747,1748
6066,1757,1758
6066,1830,1831
6067,1745,1746
6067,1747,1748
6067,1828,1829
6067,1830,1831
6068,1668,1669
6068,1801,1802
6068,1828,1829
6068,1830,1831
6069,1668,1669
6069,1688,1689
6069,1828,1829
6069,1830,1831
6070,1688,1689
6070,1747,1748
6070,1828,1829
6070,1830,1831
6071,1593,1594
6071,1688,1689
6071,1747,1748
6071,1830,1831
6072,1750,1751
6072,1757,1758
6072,1801,1802
6072,1830,1831
6073,1516,1517
6073,1750,1751
6073,1757,1758
6073,1830,1831
6074,1647,1648
6074,1668,1669
6074,1688,1689
6074,1830,1831
6075,1593,1594
6075,1647,1648
6075,1688,1689
6075,1830,1831
6076,1724,1725
6076,1750,1751
6076,1801,1802
6076,1830,1831
6077,1516,1517
6077,1724,1725
6077,1750,1751
6077,1830,1831
6078,1516,1517
6078,1593,1594
6078,1647,1648
6078,1830,1831
6079,1516,1517
6079,1647,1648
6079,1724,1725
6079,1830,1831
6080,1647,1648
6080,1668,1669
6080,1724,1725
6080,1830,1831
6081,1668,1669
6081,1724,1725
6081,1801,1802
6081,1830,1831
6082,1429,1430
6082,1747,1748
6082,1757,1758
6082,1769,1770
6083,1429,1430
6083,1747,1748
6083,1757,1758
6083,1830,1831
6084,1429,1430
6084,1593,1594
6084,1747,1748
6084,1830,1831
6085,1429,1430
6085,1526,1527
6085,1757,1758
6085,1769,1770
6086,1429,1430
6086,1552,1553
6086,1747,1748
6086,1769,1770
6087,1429,1430
6087,1552,1553
6087,1593,1594
6087,1747,1748
6088,1429,1430
6088,1450,1451
6088,1552,1553
6088,1593,1594
6089,1429,1430
6089,1433,1434
6089,1618,1619
6089,1742,1743
6090,1429,1430
6090,1450,1451
6090,1593,1594
6090,1742,1743
6091,1429,1430
6091,1433,1434
6091,1450,1451
6091,1742,1743
6092,1429,1430
6092,1516,1517
6092,1618,1619
6092,1757,1758
6093,1429,1430
6093,1516,1517
6093,1757,1758
6093,1830,1831
6094,1429,1430
6094,1516,1517
6094,1593,1594
6094,1830,1831
6095,1429,1430
6095,1547,1548
6095,1618,1619
6095,1757,1758
6096,1429,1430
6096,1526,1527
6096,1547,1548
6096,1618,1619
6097,1429,1430
6097,1526,1527
6097,1547,1548
6097,1757,1758
6098,1429,1430
6098,1433,1434
6098,1618,1619
6098,1737,1738
6099,1429,1430
6099,1526,1527
6099,1618,1619
6099,1737,1738
6100,1429,1430
6100,1516,1517
6100,1618,1619
6100,1742,1743
6101,1429,1430
6101,1516,1517
6101,1593,1594
6101,1742,1743
6102,1412,1413
6102,1552,1553
6102,1659,1660
6102,1807,1808
6103,1475,1476
6103,1579,1580
6103,1589,1590
6103,1807,1808
6104,1412,1413
6104,1552,1553
6104,1769,1770
6104,1807,1808
6105,1433,1434
6105,1579,1580
6105,1589,1590
6105,1807,1808
6106,1433,1434
6106,1450,1451
6106,1589,1590
6106,1807,1808
6107,1429,1430
6107,1552,1553
6107,1769,1770
6107,1807,1808
6108,1429,1430
6108,1450,1451
6108,1552,1553
6108,1807,1808
6109,1429,1430
6109,1433,1434
6109,1450,1451
6109,1807,1808
6110,1424,1425
6110,1526,1527
6110,1579,1580
6110,1807,1808
6111,1526,1527
6111,1769,1770
6111,1786,1787
6111,1807,1808
6112,1433,1434
6112,1579,1580
6112,1737,1738
6112,1807,1808
6113,1526,1527
6113,1579,1580
6113,1737,1738
6113,1807,1808
6114,1429,1430
6114,1526,1527
6114,1769,1770
6114,1807,1808
6115,1429,1430
6115,1433,1434
6115,1737,1738
6115,1807,1808
6116,1429,1430
6116,1526,1527
6116,1737,1738
6116,1807,1808
6117,1478,1479
6117,1531,1532
6117,1574,1575
6117,1729,1730
6118,1478,1479
6118,1531,1532
6118,1574,1575
6118,1584,1585
6119,1469,1470
6119,1478,1479
6119,1574,1575
6119,1729,1730
6120,1469,1470
6120,1478,1479
6120,1650,1651
6120,1729,1730
6121,1469,1470
6121,1478,1479
6121,1574,1575
6121,1590,1591
6122,1469,1470
6122,1478,1479
6122,1590,1591
6122,1650,1651
6123,1378,1379
6123,1478,1479
6123,1590,1591
6123,1650,1651
6124,1458,1459
6124,1475,1476
6124,1478,1479
6124,1650,1651
6125,1478,1479
6125,1499,1500
6125,1574,1575
6125,1590,1591
6126,1378,1379
6126,1478,1479
6126,1499,1500
6126,1590,1591
6127,1478,1479
6127,1499,1500
6127,1574,1575
6127,1584,1585
6128,1378,1379
6128,1478,1479
6128,1499,1500
6128,1584,1585
6129,1353,1354
6129,1378,1379
6129,1499,1500
6129,1590,1591
6130,1353,1354
6130,1499,1500
6130,1590,1591
6130,1624,1625
6131,1499,1500
6131,1574,1575
6131,1590,1591
6131,1624,1625
6132,1499,1500
6132,1519,1520
6132,1574,1575
6132,1624,1625
6133,1230,1231
6133,1353,1354
6133,1499,1500
6133,1624,1625
6134,1230,1231
6134,1499,1500
6134,1519,1520
6134,1624,1625
6135,1499,1500
6135,1519,1520
6135,1531,1532
6135,1574,1575
6136,1499,1500
6136,1531,1532
6136,1574,1575
6136,1584,1585
6137,1211,1212
6137,1230,1231
6137,1499,1500
6137,1519,1520
6138,1211,1212
6138,1499,1500
6138,1519,1520
6138,1531,1532
6139,1211,1212
6139,1499,1500
6139,1531,1532
6139,1584,1585
6140,1313,1314
6140,1431,1432
6140,1569,1570
6140,1584,1585
6141,1313,1314
6141,1431,1432
6141,1584,1585
6141,1606,1607
6142,1351,1352
6142,1431,1432
6142,1439,1440
6142,1589,1590
6143,1313,1314
6143,1351,1352
6143,1431,1432
6143,1569,1570
6144,1351,1352
6144,1431,1432
6144,1569,1570
6144,1589,1590
6145,1351,1352
6145,1431,1432
6145,1439,1440
6145,1606,1607
6146,1313,1314
6146,1351,1352
6146,1431,1432
6146,1606,1607
6147,1431,1432
6147,1439,1440
6147,1475,1476
6147,1589,1590
6148,1378,1379
6148,1431,1432
6148,1584,1585
6148,1606,1607
6149,1378,1379
6149,1431,1432
6149,1478,1479
6149,1584,1585
6150,1325,1326
6150,1431,1432
6150,1439,1440
6150,1606,1607
6151,1448,1449
6151,1524,1525
6151,1556,1557
6151,1575,1576
6152,1016,1017
6152,1043,1044
6152,1396,1397
6152,1556,1557
6153,1016,1017
6153,1043,1044
6153,1303,1304
6153,1556,1557
6154,1016,1017
6154,1303,1304
6154,1397,1398
6154,1556,1557
6155,1206,1207
6155,1396,1397
6155,1556,1557
6155,1594,1595
6156,1396,1397
6156,1556,1557
6156,1575,1576
6156,1594,1595
6157,1448,1449
6157,1556,1557
6157,1575,1576
6157,1594,1595
6158,1206,1207
6158,1234,1235
6158,1396,1397
6158,1556,1557
6159,1016,1017
6159,1234,1235
6159,1396,1397
6159,1556,1557
6160,1016,1017
6160,1206,1207
6160,1234,1235
6160,1556,1557
6161,1206,1207
6161,1259,1260
6161,1556,1557
6161,1594,1595
6162,1259,1260
6162,1448,1449
6162,1556,1557
6162,1594,1595
6163,1016,1017
6163,1185,1186
6163,1206,1207
6163,1556,1557
6164,1016,1017
6164,1185,1186
6164,1397,1398
6164,1556,1557
6165,1259,1260
6165,1341,1342
6165,1448,1449
6165,1556,1557
6166,1185,1186
6166,1341,1342
6166,1397,1398
6166,1556,1557
6167,1185,1186
6167,1206,1207
6167,1259,1260
6167,1556,1557
6168,1185,1186
6168,1259,1260
6168,1341,1342
6168,1556,1557
6169,1222,1223
6169,1266,1267
6169,1524,1525
6169,1575,1576
6170,1266,1267
6170,1303,1304
6170,1524,1525
6170,1614,1615
6171,1222,1223
6171,1266,1267
6171,1524,1525
6171,1614,1615
6172,1266,1267
6172,1524,1525
6172,1556,1557
6172,1575,1576
6173,1266,1267
6173,1303,1304
6173,1605,1606
6173,1614,1615
6174,1222,1223
6174,1266,1267
6174,1605,1606
6174,1614,1615
6175,1266,1267
6175,1396,1397
6175,1556,1557
6175,1575,1576
6176,1266,1267
6176,1396,1397
6176,1530,1531
6176,1575,1576
6177,1222,1223
6177,1266,1267
6177,1530,1531
6177,1575,1576
6178,1043,1044
6178,1266,1267
6178,1396,1397
6178,1556,1557
6179,1043,1044
6179,1266,1267
6179,1303,1304
6179,1556,1557
6180,1222,1223
6180,1266,1267
6180,1530,1531
6180,1605,1606
6181,1043,1044
6181,1266,1267
6181,1396,1397
6181,1625,1626
6182,1266,1267
6182,1396,1397
6182,1530,1531
6182,1625,1626
6183,1266,1267
6183,1530,1531
6183,1605,1606
6183,1625,1626
6184,1043,1044
6184,1266,1267
6184,1303,1304
6184,1605,1606
6185,1043,1044
6185,1266,1267
6185,1605,1606
6185,1625,1626
6186,1220,1221
6186,1441,1442
6186,1444,1445
6186,1524,1525
6187,1220,1221
6187,1444,1445
6187,1524,1525
6187,1575,1576
6188,1220,1221
6188,1441,1442
6188,1444,1445
6188,1595,1596
6189,1220,1221
6189,1368,1369
6189,1444,1445
6189,1575,1576
6190,1220,1221
6190,1415,1416
6190,1432,1433
6190,1441,1442
6191,1220,1221
6191,1415,1416
6191,1441,1442
6191,1524,1525
6192,1220,1221
6192,1448,1449
6192,1524,1525
6192,1575,1576
6193,1220,1221
6193,1417,1418
6193,1444,1445
6193,1595,1596
6194,1220,1221
6194,1417,1418
6194,1595,1596
6194,1617,1618
6195,1220,1221
6195,1432,1433
6195,1595,1596
6195,1617,1618
6196,1220,1221
6196,1368,1369
6196,1417,1418
6196,1444,1445
6197,1220,1221
6197,1368,1369
6197,1417,1418
6197,1617,1618
6198,1220,1221
6198,1275,1276
6198,1368,1369
6198,1617,1618
6199,1220,1221
6199,1275,1276
6199,1368,1369
6199,1575,1576
6200,1220,1221
6200,1415,1416
6200,1448,1449
6200,1524,1525
6201,1220,1221
6201,1432,1433
6201,1595,1596
6201,1680,1681
6202,1220,1221
6202,1432,1433
6202,1441,1442
6202,1680,1681
6203,1220,1221
6203,1441,1442
6203,1595,1596
6203,1680,1681
6204,1220,1221
6204,1275,1276
6204,1340,1341
6204,1617,1618
6205,1220,1221
6205,1340,1341
6205,1432,1433
6205,1617,1618
6206,1220,1221
6206,1340,1341
6206,1432,1433
6206,1448,1449
6207,1220,1221
6207,1410,1411
6207,1432,1433
6207,1448,1449
6208,1220,1221
6208,1410,1411
6208,1415,1416
6208,1432,1433
6209,1220,1221
6209,1410,1411
6209,1415,1416
6209,1448,1449
6210,1220,1221
6210,1275,1276
6210,1340,1341
6210,1448,1449
6211,1220,1221
6211,1275,1276
6211,1448,1449
6211,1575,1576
6212,1300,1301
6212,1328,1329
6212,1436,1437
6212,1473,1474
6213,1328,1329
6213,1436,1437
6213,1473,1474
6213,1510,1511
6214,1300,1301
6214,1328,1329
6214,1434,1435
6214,1436,1437
6215,1328,1329
6215,1436,1437
6215,1510,1511
6215,1568,1569
6216,1265,1266
6216,1300,1301
6216,1328,1329
6216,1434,1435
6217,1265,1266
6217,1300,1301
6217,1328,1329
6217,1489,1490
6218,1265,1266
6218,1328,1329
6218,1434,1435
6218,1489,1490
6219,1328,1329
6219,1434,1435
6219,1489,1490
6219,1568,1569
6220,1328,1329
6220,1434,1435
6220,1436,1437
6220,1568,1569
6221,1529,1530
6221,1573,1574
6221,1676,1677
6221,1686,1687
6222,1482,1483
6222,1573,1574
6222,1676,1677
6222,1686,1687
6223,1486,1487
6223,1529,1530
6223,1573,1574
6223,1676,1677
6224,1426,1427
6224,1482,1483
6224,1573,1574
6224,1676,1677
6225,1426,1427
6225,1455,1456
6225,1482,1483
6225,1676,1677
6226,1482,1483
6226,1544,1545
6226,1676,1677
6226,1686,1687
6227,1426,1427
6227,1486,1487
6227,1573,1574
6227,1676,1677
6228,1486,1487
6228,1529,1530
6228,1546,1547
6228,1676,1677
6229,1455,1456
6229,1486,1487
6229,1546,1547
6229,1676,1677
6230,1529,1530
6230,1648,1649
6230,1676,1677
6230,1686,1687
6231,1564,1565
6231,1648,1649
6231,1676,1677
6231,1686,1687
6232,1529,1530
6232,1564,1565
6232,1648,1649
6232,1676,1677
6233,1544,1545
6233,1564,1565
6233,1676,1677
6233,1686,1687
6234,1482,1483
6234,1544,1545
6234,1545,1546
6234,1676,1677
6235,1455,1456
6235,1544,1545
6235,1545,1546
6235,1676,1677
6236,1455,1456
6236,1482,1483
6236,1545,1546
6236,1676,1677
6237,1332,1333
6237,1426,1427
6237,1486,1487
6237,1676,1677
6238,1332,1333
6238,1455,1456
6238,1486,1487
6238,1676,1677
6239,1332,1333
6239,1426,1427
6239,1455,1456
6239,1676,1677
6240,1436,1437
6240,1455,1456
6240,1546,1547
6240,1676,1677
6241,1436,1437
6241,1455,1456
6241,1544,1545
6241,1676,1677
6242,1436,1437
6242,1544,1545
6242,1564,1565
6242,1676,1677
6243,1529,1530
6243,1564,1565
6243,1676,1677
6243,1716,1717
6244,1436,1437
6244,1564,1565
6244,1676,1677
6244,1716,1717
6245,1529,1530
6245,1546,1547
6245,1676,1677
6245,1716,1717
6246,1436,1437
6246,1546,1547
6246,1676,1677
6246,1716,1717
6247,1175,1176
6247,1199,1200
6247,1217,1218
6247,1281,1282
6248,1175,1176
6248,1199,1200
6248,1281,1282
6248,1588,1589
6249,1199,1200
6249,1217,1218
6249,1281,1282
6249,1588,1589
6250,1175,1176
6250,1281,1282
6250,1375,1376
6250,1588,1589
6251,1175,1176
6251,1217,1218
6251,1239,1240
6251,1281,1282
6252,1217,1218
6252,1281,1282
6252,1318,1319
6252,1588,1589
6253,1175,1176
6253,1281,1282
6253,1286,1287
6253,1375,1376
6254,1175,1176
6254,1239,1240
6254,1281,1282
6254,1286,1287
6255,1229,1230
6255,1281,1282
6255,1318,1319
6255,1588,1589
6256,1229,1230
6256,1281,1282
6256,1375,1376
6256,1588,1589
6257,1217,1218
6257,1239,1240
6257,1281,1282
6257,1596,1597
6258,1229,1230
6258,1281,1282
6258,1312,1313
6258,1318,1319
6259,1217,1218
6259,1281,1282
6259,1318,1319
6259,1596,1597
6260,1281,1282
6260,1318,1319
6260,1553,1554
6260,1596,1597
6261,1281,1282
6261,1312,1313
6261,1318,1319
6261,1553,1554
6262,1281,1282
6262,1312,1313
6262,1553,1554
6262,1596,1597
6263,1550,1551
6263,1639,1640
6263,1696,1697
6263,1748,1749
6264,1465,1466
6264,1550,1551
6264,1696,1697
6264,1748,1749
6265,1465,1466
6265,1696,1697
6265,1720,1721
6265,1748,1749
6266,1550,1551
6266,1598,1599
6266,1639,1640
6266,1696,1697
6267,1639,1640
6267,1696,1697
6267,1748,1749
6267,1824,1825
6268,1696,1697
6268,1720,1721
6268,1748,1749
6268,1824,1825
6269,1465,1466
6269,1653,1654
6269,1696,1697
6269,1720,1721
6270,1696,1697
6270,1797,1798
6270,1824,1825
6270,1827,1828
6271,1639,1640
6271,1696,1697
6271,1797,1798
6271,1824,1825
6272,1653,1654
6272,1696,1697
6272,1720,1721
6272,1827,1828
6273,1696,1697
6273,1720,1721
6273,1824,1825
6273,1827,1828
6274,1598,1599
6274,1633,1634
6274,1696,1697
6274,1797,1798
6275,1633,1634
6275,1696,1697
6275,1797,1798
6275,1827,1828
6276,1419,1420
6276,1598,1599
6276,1639,1640
6276,1696,1697
6277,1419,1420
6277,1598,1599
6277,1696,1697
6277,1797,1798
6278,1419,1420
6278,1639,1640
6278,1696,1697
6278,1797,1798
6279,1598,1599
6279,1651,1652
6279,1653,1654
6279,1696,1697
6280,1651,1652
6280,1653,1654
6280,1696,1697
6280,1827,1828
6281,1598,1599
6281,1633,1634
6281,1651,1652
6281,1696,1697
6282,1633,1634
6282,1651,1652
6282,1696,1697
6282,1827,1828
6283,1418,1419
6283,1474,1475
6283,1627,1628
6283,1689,1690
6284,1418,1419
6284,1474,1475
6284,1498,1499
6284,1627,1628
6285,1474,1475
6285,1598,1599
6285,1627,1628
6285,1689,1690
6286,1474,1475
6286,1550,1551
6286,1598,1599
6286,1696,1697
6287,1465,1466
6287,1474,1475
6287,1550,1551
6287,1696,1697
6288,1474,1475
6288,1598,1599
6288,1653,1654
6288,1689,1690
6289,1465,1466
6289,1474,1475
6289,1653,1654
6289,1689,1690
6290,1474,1475
6290,1550,1551
6290,1561,1562
6290,1573,1574
6291,1474,1475
6291,1598,1599
6291,1653,1654
6291,1696,1697
6292,1465,1466
6292,1474,1475
6292,1653,1654
6292,1696,1697
6293,1474,1475
6293,1550,1551
6293,1561,1562
6293,1777,1778
6294,1474,1475
6294,1529,1530
6294,1598,1599
6294,1627,1628
6295,1474,1475
6295,1498,1499
6295,1529,1530
6295,1627,1628
6296,1474,1475
6296,1498,1499
6296,1529,1530
6296,1561,1562
6297,1474,1475
6297,1529,1530
6297,1573,1574
6297,1598,1599
6298,1474,1475
6298,1529,1530
6298,1561,1562
6298,1573,1574
6299,1474,1475
6299,1573,1574
6299,1598,1599
6299,1639,1640
6300,1474,1475
6300,1550,1551
6300,1573,1574
6300,1639,1640
6301,1474,1475
6301,1550,1551
6301,1598,1599
6301,1639,1640
6302,1536,1537
6302,1628,1629
6302,1660,1661
6302,1762,1763
6303,1443,1444
6303,1536,1537
6303,1628,1629
6303,1762,1763
6304,1443,1444
6304,1628,1629
6304,1762,1763
6304,1836,1837
6305,1536,1537
6305,1660,1661
6305,1753,1754
6305,1762,1763
6306,1443,1444
6306,1536,1537
6306,1753,1754
6306,1762,1763
6307,1628,1629
6307,1660,1661
6307,1692,1693
6307,1762,1763
6308,1651,1652
6308,1660,1661
6308,1753,1754
6308,1762,1763
6309,1443,1444
6309,1651,1652
6309,1753,1754
6309,1762,1763
6310,1628,1629
6310,1692,1693
6310,1762,1763
6310,1813,1814
6311,1628,1629
6311,1762,1763
6311,1813,1814
6311,1836,1837
6312,1443,1444
6312,1651,1652
6312,1653,1654
6312,1762,1763
6313,1443,1444
6313,1653,1654
6313,1762,1763
6313,1836,1837
6314,1630,1631
6314,1692,1693
6314,1762,1763
6314,1813,1814
6315,1630,1631
6315,1762,1763
6315,1813,1814
6315,1836,1837
6316,1660,1661
6316,1692,1693
6316,1762,1763
6316,1781,1782
6317,1651,1652
6317,1660,1661
6317,1762,1763
6317,1781,1782
6318,1630,1631
6318,1651,1652
6318,1653,1654
6318,1762,1763
6319,1630,1631
6319,1653,1654
6319,1762,1763
6319,1836,1837
6320,1630,1631
6320,1692,1693
6320,1762,1763
6320,1781,1782
6321,1630,1631
6321,1651,1652
6321,1762,1763
6321,1781,1782
6322,1467,1468
6322,1639,1640
6322,1657,1658
6322,1723,1724
6323,1639,1640
6323,1657,1658
6323,1701,1702
6323,1723,1724
6324,1657,1658
6324,1701,1702
6324,1772,1773
6324,1796,1797
6325,1657,1658
6325,1701,1702
6325,1723,1724
6325,1796,1797
6326,1467,1468
6326,1576,1577
6326,1639,1640
6326,1657,1658
6327,1657,1658
6327,1728,1729
6327,1772,1773
6327,1796,1797
6328,1657,1658
6328,1723,1724
6328,1728,1729
6328,1796,1797
6329,1467,1468
6329,1505,1506
6329,1576,1577
6329,1657,1658
6330,1467,1468
6330,1505,1506
6330,1657,1658
6330,1772,1773
6331,1419,1420
6331,1576,1577
6331,1639,1640
6331,1657,1658
6332,1419,1420
6332,1639,1640
6332,1657,1658
6332,1701,1702
6333,1657,1658
6333,1701,1702
6333,1759,1760
6333,1772,1773
6334,1505,1506
6334,1576,1577
6334,1657,1658
6334,1759,1760
6335,1505,1506
6335,1657,1658
6335,1759,1760
6335,1772,1773
6336,1419,1420
6336,1576,1577
6336,1657,1658
6336,1759,1760
6337,1419,1420
6337,1657,1658
6337,1701,1702
6337,1759,1760
6338,1222,1223
6338,1418,1419
6338,1451,1452
6338,1785,1786
6339,1222,1223
6339,1418,1419
6339,1444,1445
6339,1451,1452
6340,1418,1419
6340,1444,1445
6340,1451,1452
6340,1494,1495
6341,1222,1223
6341,1441,1442
6341,1444,1445
6341,1451,1452
6342,1441,1442
6342,1444,1445
6342,1451,1452
6342,1494,1495
6343,1222,1223
6343,1451,1452
6343,1614,1615
6343,1785,1786
6344,1222,1223
6344,1441,1442
6344,1451,1452
6344,1524,1525
6345,1222,1223
6345,1451,1452
6345,1524,1525
6345,1614,1615
6346,1441,1442
6346,1451,1452
6346,1494,1495
6346,1742,1743
6347,1441,1442
6347,1451,1452
6347,1480,1481
6347,1524,1525
6348,1451,1452
6348,1480,1481
6348,1524,1525
6348,1614,1615
6349,1441,1442
6349,1451,1452
6349,1480,1481
6349,1742,1743
6350,1433,1434
6350,1451,1452
6350,1480,1481
6350,1742,1743
6351,1433,1434
6351,1451,1452
6351,1618,1619
6351,1742,1743
6352,1451,1452
6352,1494,1495
6352,1618,1619
6352,1742,1743
6353,1451,1452
6353,1480,1481
6353,1589,1590
6353,1614,1615
6354,1433,1434
6354,1451,1452
6354,1480,1481
6354,1589,1590
6355,1451,1452
6355,1589,1590
6355,1614,1615
6355,1785,1786
6356,1433,1434
6356,1451,1452
6356,1589,1590
6356,1785,1786
6357,727,728
6357,834,835
6357,855,856
6357,881,882
6358,727,728
6358,803,804
6358,834,835
6358,881,882
6359,803,804
6359,834,835
6359,952,953
6359,970,971
6360,668,669
6360,727,728
6360,834,835
6360,855,856
6361,668,669
6361,727,728
6361,822,823
6361,834,835
6362,822,823
6362,834,835
6362,970,971
6362,1187,1188
6363,834,835
6363,952,953
6363,970,971
6363,1187,1188
6364,742,743
6364,834,835
6364,855,856
6364,909,910
6365,742,743
6365,834,835
6365,855,856
6365,881,882
6366,668,669
6366,822,823
6366,834,835
6366,1187,1188
6367,834,835
6367,952,953
6367,1070,1071
6367,1187,1188
6368,834,835
6368,909,910
6368,952,953
6368,1070,1071
6369,668,669
6369,834,835
6369,855,856
6369,883,884
6370,668,669
6370,834,835
6370,883,884
6370,1187,1188
6371,834,835
6371,855,856
6371,857,858
6371,883,884
6372,834,835
6372,855,856
6372,857,858
6372,909,910
6373,834,835
6373,857,858
6373,883,884
6373,909,910
6374,834,835
6374,883,884
6374,1070,1071
6374,1187,1188
6375,834,835
6375,883,884
6375,909,910
6375,1070,1071
6376,639,640
6376,790,791
6376,791,792
6376,851,852
6377,639,640
6377,791,792
6377,801,802
6377,910,911
6378,639,640
6378,791,792
6378,801,802
6378,851,852
6379,625,626
6379,665,666
6379,791,792
6379,910,911
6380,625,626
6380,665,666
6380,791,792
6380,887,888
6381,665,666
6381,791,792
6381,887,888
6381,910,911
6382,625,626
6382,791,792
6382,818,819
6382,960,961
6383,625,626
6383,791,792
6383,887,888
6383,921,922
6384,791,792
6384,887,888
6384,921,922
6384,941,942
6385,625,626
6385,791,792
6385,818,819
6385,921,922
6386,791,792
6386,818,819
6386,921,922
6386,941,942
6387,459,460
6387,614,615
6387,616,617
6387,928,929
6388,459,460
6388,616,617
6388,790,791
6388,928,929
6389,459,460
6389,616,617
6389,790,791
6389,960,961
6390,616,617
6390,639,640
6390,790,791
6390,928,929
6391,459,460
6391,614,615
6391,616,617
6391,666,667
6392,459,460
6392,616,617
6392,666,667
6392,960,961
6393,616,617
6393,639,640
6393,790,791
6393,791,792
6394,616,617
6394,790,791
6394,791,792
6394,960,961
6395,552,553
6395,614,615
6395,616,617
6395,666,667
6396,616,617
6396,625,626
6396,666,667
6396,960,961
6397,616,617
6397,639,640
6397,713,714
6397,910,911
6398,616,617
6398,639,640
6398,713,714
6398,928,929
6399,616,617
6399,639,640
6399,791,792
6399,910,911
6400,552,553
6400,616,617
6400,625,626
6400,910,911
6401,552,553
6401,616,617
6401,625,626
6401,666,667
6402,472,473
6402,616,617
6402,713,714
6402,928,929
6403,472,473
6403,614,615
6403,616,617
6403,928,929
6404,472,473
6404,552,553
6404,616,617
6404,713,714
6405,472,473
6405,552,553
6405,614,615
6405,616,617
6406,616,617
6406,713,714
6406,910,911
6406,917,918
6407,552,553
6407,616,617
6407,713,714
6407,917,918
6408,552,553
6408,616,617
6408,910,911
6408,917,918
6409,616,617
6409,625,626
6409,791,792
6409,910,911
6410,616,617
6410,625,626
6410,791,792
6410,960,961
6411,1,2
6411,222,223
6411,278,279
6411,359,360
6412,1,2
6412,222,223
6412,321,322
6412,359,360
6413,1,2
6413,222,223
6413,278,279
6413,373,374
6414,1,2
6414,161,162
6414,223,224
6414,259,260
6415,1,2
6415,234,235
6415,321,322
6415,359,360
6416,1,2
6416,115,116
6416,234,235
6416,321,322
6417,1,2
6417,234,235
6417,359,360
6417,362,363
6418,1,2
6418,278,279
6418,359,360
6418,362,363
6419,1,2
6419,222,223
6419,324,325
6419,373,374
6420,1,2
6420,223,224
6420,278,279
6420,373,374
6421,1,2
6421,223,224
6421,259,260
6421,373,374
6422,1,2
6422,223,224
6422,278,279
6422,362,363
6423,1,2
6423,115,116
6423,166,167
6423,234,235
6424,1,2
6424,166,167
6424,234,235
6424,362,363
6425,1,2
6425,115,116
6425,166,167
6425,362,363
6426,1,2
6426,115,116
6426,161,162
6426,293,294
6427,1,2
6427,115,116
6427,293,294
6427,362,363
6428,1,2
6428,161,162
6428,293,294
6428,362,363
6429,487,488
6429,568,569
6429,588,589
6429,602,603
6430,346,347
6430,487,488
6430,520,521
6430,568,569
6431,346,347
6431,487,488
6431,568,569
6431,588,589
6432,346,347
6432,460,461
6432,487,488
6432,520,521
6433,346,347
6433,460,461
6433,487,488
6433,588,589
6434,487,488
6434,520,521
6434,568,569
6434,575,576
6435,315,316
6435,487,488
6435,568,569
6435,575,576
6436,315,316
6436,487,488
6436,538,539
6436,568,569
6437,487,488
6437,538,539
6437,568,569
6437,602,603
6438,315,316
6438,487,488
6438,538,539
6438,602,603
6439,460,461
6439,487,488
6439,588,589
6439,600,601
6440,487,488
6440,509,510
6440,520,521
6440,575,576
6441,315,316
6441,487,488
6441,509,510
6441,575,576
6442,460,461
6442,487,488
6442,509,510
6442,520,521
6443,460,461
6443,487,488
6443,509,510
6443,600,601
6444,315,316
6444,487,488
6444,509,510
6444,607,608
6445,487,488
6445,509,510
6445,600,601
6445,607,608
6446,444,445
6446,470,471
6446,540,541
6446,636,637
6447,464,465
6447,470,471
6447,540,541
6447,636,637
6448,464,465
6448,540,541
6448,606,607
6448,636,637
6449,473,474
6449,540,541
6449,606,607
6449,636,637
6450,444,445
6450,473,474
6450,540,541
6450,636,637
6451,464,465
6451,470,471
6451,540,541
6451,753,754
6452,464,465
6452,483,484
6452,540,541
6452,753,754
6453,464,465
6453,483,484
6453,540,541
6453,606,607
6454,451,452
6454,473,474
6454,540,541
6454,606,607
6455,444,445
6455,473,474
6455,479,480
6455,540,541
6456,444,445
6456,470,471
6456,479,480
6456,540,541
6457,483,484
6457,514,515
6457,540,541
6457,753,754
6458,451,452
6458,479,480
6458,514,515
6458,540,541
6459,451,452
6459,473,474
6459,479,480
6459,540,541
6460,451,452
6460,483,484
6460,514,515
6460,540,541
6461,451,452
6461,483,484
6461,540,541
6461,606,607
6462,440,441
6462,479,480
6462,514,515
6462,540,541
6463,440,441
6463,514,515
6463,540,541
6463,753,754
6464,440,441
6464,470,471
6464,479,480
6464,540,541
6465,440,441
6465,470,471
6465,540,541
6465,753,754
6466,127,128
6466,161,162
6466,215,216
6466,259,260
6467,2,3
6467,127,128
6467,215,216
6467,259,260
6468,14,15
6468,127,128
6468,161,162
6468,215,216
6469,2,3
6469,14,15
6469,127,128
6469,215,216
6470,1,2
6470,127,128
6470,161,162
6470,259,260
6471,14,15
6471,115,116
6471,127,128
6471,161,162
6472,1,2
6472,115,116
6472,127,128
6472,161,162
6473,2,3
6473,127,128
6473,259,260
6473,324,325
6474,1,2
6474,127,128
6474,222,223
6474,324,325
6475,1,2
6475,115,116
6475,127,128
6475,321,322
6476,1,2
6476,127,128
6476,222,223
6476,321,322
6477,111,112
6477,127,128
6477,222,223
6477,324,325
6478,2,3
6478,111,112
6478,127,128
6478,324,325
6479,127,128
6479,259,260
6479,324,325
6479,373,374
6480,1,2
6480,127,128
6480,324,325
6480,373,374
6481,1,2
6481,127,128
6481,259,260
6481,373,374
6482,100,101
6482,115,116
6482,127,128
6482,321,322
6483,14,15
6483,100,101
6483,115,116
6483,127,128
6484,111,112
6484,127,128
6484,222,223
6484,321,322
6485,1669,1670
6485,1675,1676
6485,1734,1735
6485,1823,1824
6486,1662,1663
6486,1675,1676
6486,1734,1735
6486,1823,1824
6487,1662,1663
6487,1669,1670
6487,1734,1735
6487,1823,1824
6488,1666,1667
6488,1675,1676
6488,1713,1714
6488,1734,1735
6489,1669,1670
6489,1675,1676
6489,1713,1714
6489,1734,1735
6490,1636,1637
6490,1669,1670
6490,1713,1714
6490,1734,1735
6491,1665,1666
6491,1666,1667
6491,1734,1735
6491,1790,1791
6492,1662,1663
6492,1665,1666
6492,1734,1735
6492,1790,1791
6493,1412,1413
6493,1662,1663
6493,1669,1670
6493,1734,1735
6494,1412,1413
6494,1662,1663
6494,1734,1735
6494,1790,1791
6495,1666,1667
6495,1713,1714
6495,1734,1735
6495,1811,1812
6496,1636,1637
6496,1713,1714
6496,1734,1735
6496,1811,1812
6497,1666,1667
6497,1734,1735
6497,1790,1791
6497,1811,1812
6498,1636,1637
6498,1734,1735
6498,1790,1791
6498,1811,1812
6499,1412,1413
6499,1636,1637
6499,1669,1670
6499,1734,1735
6500,1412,1413
6500,1636,1637
6500,1734,1735
6500,1790,1791
6501,1483,1484
6501,1540,1541
6501,1542,1543
6501,1554,1555
6502,1483,1484
6502,1540,1541
6502,1554,1555
6502,1555,1556
6503,1531,1532
6503,1540,1541
6503,1542,1543
6503,1554,1555
6504,1531,1532
6504,1540,1541
6504,1554,1555
6504,1555,1556
6505,1233,1234
6505,1483,1484
6505,1542,1543
6505,1554,1555
6506,1211,1212
6506,1531,1532
6506,1542,1543
6506,1554,1555
6507,1211,1212
6507,1531,1532
6507,1554,1555
6507,1584,1585
6508,1211,1212
6508,1233,1234
6508,1542,1543
6508,1554,1555
6509,1211,1212
6509,1313,1314
6509,1554,1555
6509,1584,1585
6510,1313,1314
6510,1554,1555
6510,1569,1570
6510,1584,1585
6511,1211,1212
6511,1313,1314
6511,1315,1316
6511,1554,1555
6512,1384,1385
6512,1466,1467
6512,1549,1550
6512,1600,1601
6513,1289,1290
6513,1384,1385
6513,1466,1467
6513,1549,1550
6514,814,815
6514,949,950
6514,1021,1022
6514,1136,1137
6515,814,815
6515,949,950
6515,1001,1002
6515,1021,1022
6516,949,950
6516,951,952
6516,1021,1022
6516,1136,1137
6517,949,950
6517,951,952
6517,1021,1022
6517,1127,1128
6518,949,950
6518,951,952
6518,1127,1128
6518,1136,1137
6519,949,950
6519,1001,1002
6519,1021,1022
6519,1133,1134
6520,949,950
6520,1021,1022
6520,1127,1128
6520,1133,1134
6521,814,815
6521,949,950
6521,1001,1002
6521,1082,1083
6522,949,950
6522,1001,1002
6522,1095,1096
6522,1133,1134
6523,949,950
6523,1001,1002
6523,1082,1083
6523,1095,1096
6524,896,897
6524,949,950
6524,1082,1083
6524,1095,1096
6525,627,628
6525,806,807
6525,819,820
6525,1136,1137
6526,819,820
6526,824,825
6526,867,868
6526,1109,1110
6527,643,644
6527,675,676
6527,844,845
6527,898,899
6528,627,628
6528,675,676
6528,776,777
6528,856,857
6529,627,628
6529,643,644
6529,675,676
6529,856,857
6530,619,620
6530,675,676
6530,768,769
6530,844,845
6531,627,628
6531,675,676
6531,776,777
6531,953,954
6532,619,620
6532,675,676
6532,844,845
6532,953,954
6533,619,620
6533,675,676
6533,776,777
6533,953,954
6534,655,656
6534,677,678
6534,761,762
6534,837,838
6535,655,656
6535,677,678
6535,837,838
6535,903,904
6536,655,656
6536,761,762
6536,837,838
6536,1044,1045
6537,655,656
6537,837,838
6537,903,904
6537,1044,1045
6538,677,678
6538,833,834
6538,837,838
6538,903,904
6539,837,838
6539,894,895
6539,903,904
6539,1044,1045
6540,833,834
6540,837,838
6540,858,859
6540,894,895
6541,833,834
6541,837,838
6541,894,895
6541,903,904
6542,677,678
6542,833,834
6542,837,838
6542,950,951
6543,815,816
6543,837,838
6543,858,859
6543,916,917
6544,761,762
6544,815,816
6544,837,838
6544,1044,1045
6545,761,762
6545,815,816
6545,837,838
6545,916,917
6546,833,834
6546,837,838
6546,908,909
6546,950,951
6547,833,834
6547,837,838
6547,858,859
6547,908,909
6548,697,698
6548,713,714
6548,789,790
6548,936,937
6549,655,656
6549,677,678
6549,697,698
6549,936,937
6550,655,656
6550,677,678
6550,697,698
6550,739,740
6551,697,698
6551,762,763
6551,789,790
6551,936,937
6552,655,656
6552,697,698
6552,739,740
6552,758,759
6553,655,656
6553,697,698
6553,762,763
6553,936,937
6554,650,651
6554,697,698
6554,739,740
6554,758,759
6555,456,457
6555,687,688
6555,697,698
6555,789,790
6556,456,457
6556,687,688
6556,697,698
6556,709,710
6557,655,656
6557,664,665
6557,697,698
6557,758,759
6558,655,656
6558,664,665
6558,697,698
6558,762,763
6559,664,665
6559,697,698
6559,758,759
6559,762,763
6560,697,698
6560,716,717
6560,758,759
6560,762,763
6561,671,672
6561,697,698
6561,762,763
6561,789,790
6562,456,457
6562,671,672
6562,697,698
6562,789,790
6563,650,651
6563,697,698
6563,716,717
6563,758,759
6564,456,457
6564,650,651
6564,697,698
6564,716,717
6565,456,457
6565,650,651
6565,697,698
6565,709,710
6566,671,672
6566,697,698
6566,716,717
6566,762,763
6567,456,457
6567,671,672
6567,697,698
6567,716,717
6568,650,651
6568,697,698
6568,706,707
6568,709,710
6569,650,651
6569,697,698
6569,706,707
6569,739,740
6570,435,436
6570,663,664
6570,754,755
6570,868,869
6571,511,512
6571,524,525
6571,659,660
6571,754,755
6572,511,512
6572,524,525
6572,663,664
6572,754,755
6573,435,436
6573,687,688
6573,754,755
6573,868,869
6574,435,436
6574,524,525
6574,659,660
6574,754,755
6575,435,436
6575,524,525
6575,663,664
6575,754,755
6576,435,436
6576,659,660
6576,689,690
6576,754,755
6577,435,436
6577,687,688
6577,689,690
6577,754,755
6578,491,492
6578,659,660
6578,689,690
6578,754,755
6579,491,492
6579,687,688
6579,689,690
6579,754,755
6580,447,448
6580,649,650
6580,683,684
6580,741,742
6581,649,650
6581,683,684
6581,741,742
6581,745,746
6582,447,448
6582,491,492
6582,683,684
6582,709,710
6583,683,684
6583,687,688
6583,709,710
6583,719,720
6584,491,492
6584,683,684
6584,687,688
6584,709,710
6585,491,492
6585,683,684
6585,687,688
6585,754,755
6586,447,448
6586,491,492
6586,683,684
6586,736,737
6587,447,448
6587,683,684
6587,736,737
6587,741,742
6588,511,512
6588,683,684
6588,736,737
6588,741,742
6589,491,492
6589,659,660
6589,683,684
6589,736,737
6590,491,492
6590,659,660
6590,683,684
6590,754,755
6591,511,512
6591,659,660
6591,683,684
6591,736,737
6592,511,512
6592,659,660
6592,683,684
6592,754,755
6593,802,803
6593,939,940
6593,942,943
6593,1089,1090
6594,802,803
6594,900,901
6594,904,905
6594,942,943
6595,802,803
6595,904,905
6595,939,940
6595,942,943
6596,802,803
6596,812,813
6596,828,829
6596,954,955
6597,802,803
6597,812,813
6597,828,829
6597,900,901
6598,802,803
6598,803,804
6598,954,955
6598,1089,1090
6599,802,803
6599,803,804
6599,881,882
6599,954,955
6600,802,803
6600,812,813
6600,881,882
6600,954,955
6601,654,655
6601,802,803
6601,900,901
6601,904,905
6602,654,655
6602,802,803
6602,812,813
6602,900,901
6603,727,728
6603,802,803
6603,845,846
6603,881,882
6604,727,728
6604,802,803
6604,845,846
6604,939,940
6605,654,655
6605,802,803
6605,845,846
6605,904,905
6606,654,655
6606,802,803
6606,812,813
6606,845,846
6607,802,803
6607,812,813
6607,845,846
6607,881,882
6608,802,803
6608,845,846
6608,904,905
6608,939,940
6609,974,975
6609,997,998
6609,1153,1154
6609,1183,1184
6610,974,975
6610,997,998
6610,1086,1087
6610,1153,1154
6611,902,903
6611,997,998
6611,1086,1087
6611,1153,1154
6612,902,903
6612,997,998
6612,1134,1135
6612,1153,1154
6613,997,998
6613,1134,1135
6613,1153,1154
6613,1183,1184
6614,974,975
6614,1086,1087
6614,1153,1154
6614,1258,1259
6615,902,903
6615,1086,1087
6615,1153,1154
6615,1258,1259
6616,902,903
6616,1032,1033
6616,1134,1135
6616,1153,1154
6617,974,975
6617,1006,1007
6617,1153,1154
6617,1183,1184
6618,1006,1007
6618,1053,1054
6618,1153,1154
6618,1183,1184
6619,902,903
6619,1032,1033
6619,1153,1154
6619,1365,1366
6620,974,975
6620,1006,1007
6620,1153,1154
6620,1258,1259
6621,902,903
6621,1153,1154
6621,1258,1259
6621,1365,1366
6622,1006,1007
6622,1153,1154
6622,1258,1259
6622,1339,1340
6623,1006,1007
6623,1053,1054
6623,1153,1154
6623,1339,1340
6624,1153,1154
6624,1258,1259
6624,1339,1340
6624,1365,1366
6625,1053,1054
6625,1153,1154
6625,1339,1340
6625,1365,1366
6626,835,836
6626,997,998
6626,1134,1135
6626,1183,1184
6627,835,836
6627,841,842
6627,997,998
6627,1183,1184
6628,835,836
6628,862,863
6628,997,998
6628,1134,1135
6629,835,836
6629,841,842
6629,862,863
6629,997,998
6630,835,836
6630,862,863
6630,1134,1135
6630,1155,1156
6631,835,836
6631,841,842
6631,862,863
6631,1155,1156
6632,835,836
6632,1049,1050
6632,1134,1135
6632,1183,1184
6633,835,836
6633,962,963
6633,1134,1135
6633,1155,1156
6634,835,836
6634,962,963
6634,1049,1050
6634,1134,1135
6635,835,836
6635,841,842
6635,861,862
6635,1183,1184
6636,835,836
6636,841,842
6636,903,904
6636,1155,1156
6637,835,836
6637,861,862
6637,894,895
6637,903,904
6638,835,836
6638,841,842
6638,861,862
6638,903,904
6639,861,862
6639,1015,1016
6639,1071,1072
6639,1158,1159
6640,1015,1016
6640,1071,1072
6640,1158,1159
6640,1201,1202
6641,1015,1016
6641,1158,1159
6641,1201,1202
6641,1323,1324
6642,1006,1007
6642,1071,1072
6642,1158,1159
6642,1201,1202
6643,974,975
6643,1006,1007
6643,1071,1072
6643,1158,1159
6644,861,862
6644,974,975
6644,1071,1072
6644,1158,1159
6645,1158,1159
6645,1201,1202
6645,1301,1302
6645,1323,1324
6646,1006,1007
6646,1158,1159
6646,1201,1202
6646,1301,1302
6647,974,975
6647,1006,1007
6647,1158,1159
6647,1183,1184
6648,861,862
6648,974,975
6648,1158,1159
6648,1183,1184
6649,1006,1007
6649,1113,1114
6649,1158,1159
6649,1301,1302
6650,1006,1007
6650,1113,1114
6650,1158,1159
6650,1183,1184
6651,815,816
6651,1015,1016
6651,1044,1045
6651,1117,1118
6652,861,862
6652,1015,1016
6652,1044,1045
6652,1117,1118
6653,861,862
6653,894,895
6653,1044,1045
6653,1117,1118
6654,815,816
6654,858,859
6654,880,881
6654,1117,1118
6655,815,816
6655,1015,1016
6655,1092,1093
6655,1117,1118
6656,815,816
6656,880,881
6656,1092,1093
6656,1117,1118
6657,815,816
6657,837,838
6657,858,859
6657,1117,1118
6658,815,816
6658,837,838
6658,1044,1045
6658,1117,1118
6659,837,838
6659,858,859
6659,894,895
6659,1117,1118
6660,837,838
6660,894,895
6660,1044,1045
6660,1117,1118
6661,44,45
6661,349,350
6661,350,351
6661,496,497
6662,44,45
6662,331,332
6662,349,350
6662,496,497
6663,44,45
6663,225,226
6663,350,351
6663,496,497
6664,44,45
6664,225,226
6664,331,332
6664,496,497
6665,44,45
6665,187,188
6665,331,332
6665,349,350
6666,44,45
6666,77,78
6666,225,226
6666,350,351
6667,44,45
6667,181,182
6667,349,350
6667,350,351
6668,44,45
6668,214,215
6668,225,226
6668,331,332
6669,44,45
6669,187,188
6669,214,215
6669,331,332
6670,44,45
6670,76,77
6670,77,78
6670,225,226
6671,44,45
6671,76,77
6671,77,78
6671,89,90
6672,44,45
6672,76,77
6672,214,215
6672,225,226
6673,44,45
6673,76,77
6673,214,215
6673,220,221
6674,44,45
6674,76,77
6674,89,90
6674,220,221
6675,44,45
6675,187,188
6675,214,215
6675,220,221
6676,44,45
6676,89,90
6676,187,188
6676,220,221
6677,284,285
6677,294,295
6677,485,486
6677,569,570
6678,294,295
6678,485,486
6678,493,494
6678,569,570
6679,454,455
6679,485,486
6679,493,494
6679,569,570
6680,294,295
6680,450,451
6680,493,494
6680,569,570
6681,274,275
6681,294,295
6681,450,451
6681,569,570
6682,225,226
6682,274,275
6682,294,295
6682,569,570
6683,225,226
6683,284,285
6683,294,295
6683,569,570
6684,225,226
6684,274,275
6684,284,285
6684,569,570
6685,274,275
6685,284,285
6685,325,326
6685,569,570
6686,398,399
6686,454,455
6686,493,494
6686,569,570
6687,398,399
6687,450,451
6687,493,494
6687,569,570
6688,314,315
6688,398,399
6688,450,451
6688,569,570
6689,201,202
6689,314,315
6689,450,451
6689,569,570
6690,201,202
6690,274,275
6690,450,451
6690,569,570
6691,201,202
6691,314,315
6691,325,326
6691,569,570
6692,201,202
6692,274,275
6692,325,326
6692,569,570
6693,232,233
6693,241,242
6693,333,334
6693,350,351
6694,77,78
6694,232,233
6694,333,334
6694,389,390
6695,77,78
6695,232,233
6695,333,334
6695,350,351
6696,232,233
6696,326,327
6696,333,334
6696,389,390
6697,11,12
6697,77,78
6697,333,334
6697,350,351
6698,211,212
6698,241,242
6698,333,334
6698,350,351
6699,11,12
6699,211,212
6699,333,334
6699,350,351
6700,232,233
6700,326,327
6700,333,334
6700,388,389
6701,232,233
6701,241,242
6701,333,334
6701,388,389
6702,77,78
6702,189,190
6702,333,334
6702,389,390
6703,213,214
6703,326,327
6703,333,334
6703,389,390
6704,211,212
6704,241,242
6704,333,334
6704,375,376
6705,326,327
6705,333,334
6705,376,377
6705,388,389
6706,241,242
6706,333,334
6706,376,377
6706,388,389
6707,189,190
6707,213,214
6707,333,334
6707,389,390
6708,11,12
6708,189,190
6708,213,214
6708,333,334
6709,213,214
6709,326,327
6709,333,334
6709,375,376
6710,116,117
6710,211,212
6710,333,334
6710,375,376
6711,11,12
6711,116,117
6711,211,212
6711,333,334
6712,326,327
6712,333,334
6712,375,376
6712,376,377
6713,241,242
6713,333,334
6713,375,376
6713,376,377
6714,116,117
6714,213,214
6714,333,334
6714,375,376
6715,11,12
6715,116,117
6715,213,214
6715,333,334
6716,77,78
6716,90,91
6716,189,190
6716,247,248
6717,77,78
6717,89,90
6717,90,91
6717,247,248
6718,29,30
6718,90,91
6718,189,190
6718,247,248
6719,29,30
6719,69,70
6719,89,90
6719,247,248
6720,29,30
6720,89,90
6720,90,91
6720,247,248
6721,16,17
6721,69,70
6721,171,172
6721,247,248
6722,16,17
6722,171,172
6722,189,190
6722,247,248
6723,11,12
6723,16,17
6723,189,190
6723,247,248
6724,29,30
6724,69,70
6724,171,172
6724,247,248
6725,29,30
6725,171,172
6725,189,190
6725,247,248
6726,77,78
6726,189,190
6726,247,248
6726,333,334
6727,11,12
6727,189,190
6727,247,248
6727,333,334
6728,11,12
6728,77,78
6728,247,248
6728,333,334
6729,16,17
6729,69,70
6729,92,93
6729,247,248
6730,11,12
6730,77,78
6730,247,248
6730,350,351
6731,706,707
6731,719,720
6731,812,813
6731,878,879
6732,761,762
6732,878,879
6732,916,917
6732,954,955
6733,677,678
6733,739,740
6733,761,762
6733,878,879
6734,812,813
6734,828,829
6734,878,879
6734,954,955
6735,828,829
6735,878,879
6735,916,917
6735,954,955
6736,742,743
6736,761,762
6736,878,879
6736,954,955
6737,742,743
6737,812,813
6737,878,879
6737,954,955
6738,739,740
6738,742,743
6738,761,762
6738,878,879
6739,706,707
6739,739,740
6739,742,743
6739,878,879
6740,742,743
6740,812,813
6740,878,879
6740,925,926
6741,706,707
6741,742,743
6741,878,879
6741,925,926
6742,706,707
6742,812,813
6742,878,879
6742,925,926
6743,1016,1017
6743,1043,1044
6743,1209,1210
6743,1234,1235
6744,1043,1044
6744,1209,1210
6744,1234,1235
6744,1625,1626
6745,1043,1044
6745,1207,1208
6745,1209,1210
6745,1625,1626
6746,1043,1044
6746,1207,1208
6746,1209,1210
6746,1357,1358
6747,1207,1208
6747,1209,1210
6747,1335,1336
6747,1393,1394
6748,632,633
6748,706,707
6748,709,710
6748,719,720
6749,632,633
6749,683,684
6749,709,710
6749,719,720
6750,632,633
6750,649,650
6750,683,684
6750,745,746
6751,632,633
6751,683,684
6751,719,720
6751,745,746
6752,632,633
6752,649,650
6752,654,655
6752,715,716
6753,632,633
6753,654,655
6753,706,707
6753,812,813
6754,632,633
6754,706,707
6754,709,710
6754,730,731
6755,447,448
6755,632,633
6755,649,650
6755,715,716
6756,447,448
6756,632,633
6756,649,650
6756,683,684
6757,447,448
6757,632,633
6757,683,684
6757,709,710
6758,632,633
6758,654,655
6758,715,716
6758,765,766
6759,632,633
6759,654,655
6759,706,707
6759,765,766
6760,447,448
6760,632,633
6760,715,716
6760,730,731
6761,447,448
6761,632,633
6761,709,710
6761,730,731
6762,632,633
6762,715,716
6762,730,731
6762,765,766
6763,632,633
6763,706,707
6763,730,731
6763,765,766
6764,637,638
6764,867,868
6764,917,918
6764,940,941
6765,910,911
6765,917,918
6765,940,941
6765,950,951
6766,637,638
6766,910,911
6766,917,918
6766,940,941
6767,833,834
6767,910,911
6767,940,941
6767,1190,1191
6768,833,834
6768,910,911
6768,940,941
6768,950,951
6769,833,834
6769,908,909
6769,940,941
6769,1190,1191
6770,833,834
6770,908,909
6770,940,941
6770,950,951
6771,908,909
6771,940,941
6771,1109,1110
6771,1190,1191
6772,867,868
6772,908,909
6772,940,941
6772,1109,1110
6773,665,666
6773,910,911
6773,940,941
6773,1190,1191
6774,637,638
6774,665,666
6774,910,911
6774,940,941
6775,821,822
6775,940,941
6775,1109,1110
6775,1190,1191
6776,637,638
6776,665,666
6776,912,913
6776,940,941
6777,824,825
6777,867,868
6777,940,941
6777,1109,1110
6778,821,822
6778,824,825
6778,940,941
6778,1109,1110
6779,665,666
6779,821,822
6779,940,941
6779,1190,1191
6780,665,666
6780,821,822
6780,912,913
6780,940,941
6781,637,638
6781,824,825
6781,867,868
6781,940,941
6782,637,638
6782,824,825
6782,912,913
6782,940,941
6783,821,822
6783,824,825
6783,912,913
6783,940,941
6784,815,816
6784,945,946
6784,1022,1023
6784,1092,1093
6785,803,804
6785,815,816
6785,945,946
6785,1022,1023
6786,815,816
6786,945,946
6786,1015,1016
6786,1092,1093
6787,945,946
6787,1015,1016
6787,1092,1093
6787,1097,1098
6788,815,816
6788,945,946
6788,1015,1016
6788,1129,1130
6789,945,946
6789,952,953
6789,970,971
6789,1058,1059
6790,803,804
6790,945,946
6790,952,953
6790,970,971
6791,945,946
6791,1015,1016
6791,1071,1072
6791,1129,1130
6792,945,946
6792,952,953
6792,1071,1072
6792,1129,1130
6793,945,946
6793,1058,1059
6793,1097,1098
6793,1201,1202
6794,945,946
6794,1058,1059
6794,1071,1072
6794,1201,1202
6795,945,946
6795,1015,1016
6795,1097,1098
6795,1201,1202
6796,945,946
6796,1015,1016
6796,1071,1072
6796,1201,1202
6797,945,946
6797,1058,1059
6797,1064,1065
6797,1071,1072
6798,945,946
6798,952,953
6798,1058,1059
6798,1064,1065
6799,945,946
6799,952,953
6799,1064,1065
6799,1071,1072
6800,742,743
6800,825,826
6800,881,882
6800,954,955
6801,803,804
6801,825,826
6801,881,882
6801,954,955
6802,803,804
6802,815,816
6802,825,826
6802,954,955
6803,761,762
6803,815,816
6803,825,826
6803,954,955
6804,742,743
6804,761,762
6804,825,826
6804,954,955
6805,742,743
6805,825,826
6805,834,835
6805,909,910
6806,742,743
6806,825,826
6806,834,835
6806,881,882
6807,761,762
6807,815,816
6807,825,826
6807,1129,1130
6808,825,826
6808,834,835
6808,909,910
6808,952,953
6809,803,804
6809,825,826
6809,834,835
6809,881,882
6810,803,804
6810,825,826
6810,834,835
6810,952,953
6811,742,743
6811,761,762
6811,825,826
6811,854,855
6812,761,762
6812,825,826
6812,854,855
6812,1129,1130
6813,825,826
6813,909,910
6813,952,953
6813,1129,1130
6814,742,743
6814,825,826
6814,854,855
6814,909,910
6815,825,826
6815,854,855
6815,909,910
6815,1129,1130
6816,803,804
6816,815,816
6816,825,826
6816,945,946
6817,803,804
6817,825,826
6817,945,946
6817,952,953
6818,815,816
6818,825,826
6818,945,946
6818,1129,1130
6819,825,826
6819,945,946
6819,952,953
6819,1129,1130
6820,810,811
6820,859,860
6820,900,901
6820,942,943
6821,810,811
6821,859,860
6821,860,861
6821,942,943
6822,810,811
6822,859,860
6822,865,866
6822,900,901
6823,810,811
6823,859,860
6823,860,861
6823,865,866
6824,810,811
6824,860,861
6824,942,943
6824,1089,1090
6825,810,811
6825,828,829
6825,865,866
6825,900,901
6826,802,803
6826,810,811
6826,942,943
6826,1089,1090
6827,802,803
6827,810,811
6827,900,901
6827,942,943
6828,810,811
6828,860,861
6828,1022,1023
6828,1089,1090
6829,802,803
6829,810,811
6829,828,829
6829,900,901
6830,810,811
6830,828,829
6830,865,866
6830,1073,1074
6831,802,803
6831,810,811
6831,828,829
6831,954,955
6832,802,803
6832,810,811
6832,954,955
6832,1089,1090
6833,810,811
6833,954,955
6833,1022,1023
6833,1089,1090
6834,810,811
6834,828,829
6834,916,917
6834,1073,1074
6835,810,811
6835,916,917
6835,1022,1023
6835,1073,1074
6836,810,811
6836,828,829
6836,916,917
6836,954,955
6837,810,811
6837,916,917
6837,954,955
6837,1022,1023
6838,965,966
6838,1089,1090
6838,1126,1127
6838,1171,1172
6839,860,861
6839,1089,1090
6839,1126,1127
6839,1171,1172
6840,860,861
6840,1022,1023
6840,1089,1090
6840,1171,1172
6841,860,861
6841,996,997
6841,1126,1127
6841,1171,1172
6842,965,966
6842,1009,1010
6842,1126,1127
6842,1171,1172
6843,996,997
6843,1029,1030
6843,1105,1106
6843,1164,1165
6844,860,861
6844,996,997
6844,1105,1106
6844,1164,1165
6845,933,934
6845,1029,1030
6845,1105,1106
6845,1164,1165
6846,860,861
6846,996,997
6846,1105,1106
6846,1171,1172
6847,933,934
6847,1017,1018
6847,1029,1030
6847,1105,1106
6848,865,866
6848,933,934
6848,1073,1074
6848,1105,1106
6849,865,866
6849,933,934
6849,1105,1106
6849,1164,1165
6850,860,861
6850,865,866
6850,1105,1106
6850,1164,1165
6851,810,811
6851,865,866
6851,1073,1074
6851,1105,1106
6852,810,811
6852,860,861
6852,865,866
6852,1105,1106
6853,933,934
6853,1073,1074
6853,1105,1106
6853,1189,1190
6854,933,934
6854,1017,1018
6854,1105,1106
6854,1189,1190
6855,860,861
6855,1022,1023
6855,1105,1106
6855,1171,1172
6856,810,811
6856,1022,1023
6856,1073,1074
6856,1105,1106
6857,810,811
6857,860,861
6857,1022,1023
6857,1105,1106
6858,880,881
6858,1022,1023
6858,1073,1074
6858,1105,1106
6859,880,881
6859,1073,1074
6859,1105,1106
6859,1189,1190
6860,1017,1018
6860,1092,1093
6860,1105,1106
6860,1189,1190
6861,880,881
6861,1022,1023
6861,1092,1093
6861,1105,1106
6862,880,881
6862,1092,1093
6862,1105,1106
6862,1189,1190
6863,669,670
6863,859,860
6863,932,933
6863,934,935
6864,669,670
6864,823,824
6864,859,860
6864,932,933
6865,669,670
6865,792,793
6865,932,933
6865,934,935
6866,669,670
6866,764,765
6866,792,793
6866,934,935
6867,669,670
6867,764,765
6867,866,867
6867,934,935
6868,669,670
6868,866,867
6868,934,935
6868,1167,1168
6869,669,670
6869,764,765
6869,792,793
6869,956,957
6870,624,625
6870,669,670
6870,764,765
6870,866,867
6871,624,625
6871,669,670
6871,866,867
6871,1167,1168
6872,766,767
6872,823,824
6872,905,906
6872,932,933
6873,710,711
6873,766,767
6873,905,906
6873,932,933
6874,710,711
6874,766,767
6874,823,824
6874,932,933
6875,710,711
6875,745,746
6875,766,767
6875,823,824
6876,649,650
6876,710,711
6876,766,767
6876,905,906
6877,649,650
6877,710,711
6877,745,746
6877,766,767
6878,632,633
6878,649,650
6878,745,746
6878,766,767
6879,766,767
6879,823,824
6879,900,901
6879,905,906
6880,632,633
6880,719,720
6880,745,746
6880,766,767
6881,649,650
6881,654,655
6881,766,767
6881,905,906
6882,632,633
6882,649,650
6882,654,655
6882,766,767
6883,632,633
6883,654,655
6883,766,767
6883,812,813
6884,654,655
6884,766,767
6884,900,901
6884,905,906
6885,654,655
6885,766,767
6885,812,813
6885,900,901
6886,706,707
6886,719,720
6886,766,767
6886,812,813
6887,632,633
6887,706,707
6887,719,720
6887,766,767
6888,632,633
6888,706,707
6888,766,767
6888,812,813
6889,766,767
6889,812,813
6889,828,829
6889,900,901
6890,766,767
6890,823,824
6890,828,829
6890,900,901
6891,719,720
6891,766,767
6891,828,829
6891,878,879
6892,719,720
6892,766,767
6892,812,813
6892,878,879
6893,766,767
6893,812,813
6893,828,829
6893,878,879
6894,429,430
6894,759,760
6894,780,781
6894,927,928
6895,710,711
6895,741,742
6895,745,746
6895,780,781
6896,429,430
6896,511,512
6896,741,742
6896,780,781
6897,429,430
6897,466,467
6897,759,760
6897,780,781
6898,429,430
6898,466,467
6898,511,512
6898,780,781
6899,466,467
6899,511,512
6899,759,760
6899,780,781
6900,646,647
6900,710,711
6900,780,781
6900,927,928
6901,646,647
6901,710,711
6901,741,742
6901,780,781
6902,683,684
6902,745,746
6902,754,755
6902,780,781
6903,511,512
6903,683,684
6903,754,755
6903,780,781
6904,511,512
6904,663,664
6904,759,760
6904,780,781
6905,511,512
6905,663,664
6905,754,755
6905,780,781
6906,683,684
6906,741,742
6906,745,746
6906,780,781
6907,511,512
6907,683,684
6907,741,742
6907,780,781
6908,429,430
6908,646,647
6908,780,781
6908,927,928
6909,429,430
6909,646,647
6909,741,742
6909,780,781
6910,982,983
6910,1152,1153
6910,1254,1255
6910,1370,1371
6911,982,983
6911,1152,1153
6911,1204,1205
6911,1370,1371
6912,982,983
6912,1152,1153
6912,1254,1255
6912,1403,1404
6913,982,983
6913,1152,1153
6913,1204,1205
6913,1403,1404
6914,982,983
6914,1005,1006
6914,1204,1205
6914,1370,1371
6915,982,983
6915,1104,1105
6915,1204,1205
6915,1403,1404
6916,982,983
6916,1005,1006
6916,1104,1105
6916,1204,1205
6917,982,983
6917,1254,1255
6917,1314,1315
6917,1370,1371
6918,982,983
6918,1104,1105
6918,1200,1201
6918,1403,1404
6919,982,983
6919,1088,1089
6919,1254,1255
6919,1403,1404
6920,982,983
6920,1088,1089
6920,1200,1201
6920,1403,1404
6921,982,983
6921,1088,1089
6921,1254,1255
6921,1283,1284
6922,982,983
6922,1088,1089
6922,1200,1201
6922,1283,1284
6923,983,984
6923,1124,1125
6923,1175,1176
6923,1335,1336
6924,983,984
6924,1207,1208
6924,1335,1336
6924,1393,1394
6925,983,984
6925,1175,1176
6925,1335,1336
6925,1393,1394
6926,983,984
6926,1207,1208
6926,1375,1376
6926,1393,1394
6927,983,984
6927,1175,1176
6927,1375,1376
6927,1393,1394
6928,983,984
6928,1207,1208
6928,1375,1376
6928,1625,1626
6929,983,984
6929,1124,1125
6929,1175,1176
6929,1199,1200
6930,983,984
6930,1207,1208
6930,1209,1210
6930,1625,1626
6931,983,984
6931,1207,1208
6931,1209,1210
6931,1335,1336
6932,983,984
6932,1209,1210
6932,1234,1235
6932,1625,1626
6933,983,984
6933,1209,1210
6933,1234,1235
6933,1335,1336
6934,983,984
6934,1396,1397
6934,1487,1488
6934,1625,1626
6935,983,984
6935,1124,1125
6935,1257,1258
6935,1335,1336
6936,983,984
6936,1375,1376
6936,1588,1589
6936,1625,1626
6937,983,984
6937,1175,1176
6937,1375,1376
6937,1588,1589
6938,983,984
6938,1175,1176
6938,1199,1200
6938,1588,1589
6939,983,984
6939,1199,1200
6939,1487,1488
6939,1588,1589
6940,983,984
6940,1487,1488
6940,1588,1589
6940,1625,1626
6941,983,984
6941,1199,1200
6941,1311,1312
6941,1487,1488
6942,983,984
6942,1124,1125
6942,1199,1200
6942,1311,1312
6943,983,984
6943,1234,1235
6943,1396,1397
6943,1625,1626
6944,983,984
6944,1257,1258
6944,1396,1397
6944,1487,1488
6945,983,984
6945,1257,1258
6945,1311,1312
6945,1487,1488
6946,983,984
6946,1124,1125
6946,1257,1258
6946,1311,1312
6947,983,984
6947,1234,1235
6947,1257,1258
6947,1396,1397
6948,983,984
6948,1234,1235
6948,1257,1258
6948,1335,1336
6949,1007,1008
6949,1063,1064
6949,1335,1336
6949,1393,1394
6950,1063,1064
6950,1209,1210
6950,1335,1336
6950,1393,1394
6951,985,986
6951,1063,1064
6951,1160,1161
6951,1276,1277
6952,1007,1008
6952,1017,1018
6952,1063,1064
6952,1393,1394
6953,985,986
6953,1017,1018
6953,1063,1064
6953,1393,1394
6954,985,986
6954,1017,1018
6954,1063,1064
6954,1160,1161
6955,1063,1064
6955,1207,1208
6955,1209,1210
6955,1393,1394
6956,990,991
6956,1135,1136
6956,1160,1161
6956,1189,1190
6957,874,875
6957,968,969
6957,1135,1136
6957,1189,1190
6958,874,875
6958,968,969
6958,1109,1110
6958,1135,1136
6959,874,875
6959,988,989
6959,990,991
6959,1135,1136
6960,826,827
6960,988,989
6960,1109,1110
6960,1135,1136
6961,874,875
6961,988,989
6961,1109,1110
6961,1135,1136
6962,933,934
6962,1057,1058
6962,1176,1177
6962,1285,1286
6963,1057,1058
6963,1176,1177
6963,1285,1286
6963,1329,1330
6964,933,934
6964,1017,1018
6964,1189,1190
6964,1285,1286
6965,1017,1018
6965,1160,1161
6965,1189,1190
6965,1285,1286
6966,933,934
6966,1135,1136
6966,1189,1190
6966,1285,1286
6967,1135,1136
6967,1160,1161
6967,1189,1190
6967,1285,1286
6968,1176,1177
6968,1196,1197
6968,1285,1286
6968,1329,1330
6969,933,934
6969,1017,1018
6969,1176,1177
6969,1285,1286
6970,985,986
6970,1017,1018
6970,1160,1161
6970,1285,1286
6971,1176,1177
6971,1196,1197
6971,1273,1274
6971,1285,1286
6972,985,986
6972,1017,1018
6972,1273,1274
6972,1285,1286
6973,985,986
6973,1196,1197
6973,1273,1274
6973,1285,1286
6974,1017,1018
6974,1029,1030
6974,1273,1274
6974,1285,1286
6975,1017,1018
6975,1029,1030
6975,1176,1177
6975,1285,1286
6976,1029,1030
6976,1176,1177
6976,1273,1274
6976,1285,1286
6977,814,815
6977,826,827
6977,915,916
6977,1082,1083
6978,814,815
6978,915,916
6978,1057,1058
6978,1082,1083
6979,814,815
6979,864,865
6979,915,916
6979,1167,1168
6980,819,820
6980,867,868
6980,915,916
6980,1109,1110
6981,819,820
6981,824,825
6981,915,916
6981,1109,1110
6982,864,865
6982,995,996
6982,1110,1111
6982,1167,1168
6983,864,865
6983,995,996
6983,1057,1058
6983,1110,1111
6984,938,939
6984,995,996
6984,1110,1111
6984,1167,1168
6985,864,865
6985,915,916
6985,1110,1111
6985,1167,1168
6986,933,934
6986,938,939
6986,995,996
6986,1110,1111
6987,933,934
6987,995,996
6987,1057,1058
6987,1110,1111
6988,814,815
6988,864,865
6988,1057,1058
6988,1110,1111
6989,814,815
6989,864,865
6989,915,916
6989,1110,1111
6990,814,815
6990,915,916
6990,1057,1058
6990,1110,1111
6991,933,934
6991,938,939
6991,1073,1074
6991,1110,1111
6992,938,939
6992,968,969
6992,1073,1074
6992,1110,1111
6993,933,934
6993,1073,1074
6993,1110,1111
6993,1189,1190
6994,968,969
6994,1073,1074
6994,1110,1111
6994,1189,1190
6995,933,934
6995,1110,1111
6995,1135,1136
6995,1189,1190
6996,968,969
6996,1110,1111
6996,1135,1136
6996,1189,1190
6997,933,934
6997,1057,1058
6997,1110,1111
6997,1285,1286
6998,933,934
6998,1110,1111
6998,1135,1136
6998,1285,1286
6999,968,969
6999,1109,1110
6999,1110,1111
6999,1135,1136
7000,826,827
7000,1109,1110
7000,1110,1111
7000,1135,1136
7001,826,827
7001,915,916
7001,1109,1110
7001,1110,1111
7002,826,827
7002,1057,1058
7002,1082,1083
7002,1110,1111
7003,826,827
7003,915,916
7003,1082,1083
7003,1110,1111
7004,915,916
7004,1057,1058
7004,1082,1083
7004,1110,1111
7005,830,831
7005,865,866
7005,957,958
7005,995,996
7006,830,831
7006,957,958
7006,995,996
7006,1178,1179
7007,830,831
7007,890,891
7007,957,958
7007,1178,1179
7008,830,831
7008,859,860
7008,890,891
7008,957,958
7009,830,831
7009,859,860
7009,865,866
7009,957,958
7010,830,831
7010,995,996
7010,1163,1164
7010,1178,1179
7011,830,831
7011,890,891
7011,1163,1164
7011,1178,1179
7012,830,831
7012,859,860
7012,890,891
7012,934,935
7013,830,831
7013,890,891
7013,934,935
7013,1163,1164
7014,669,670
7014,830,831
7014,859,860
7014,934,935
7015,830,831
7015,938,939
7015,995,996
7015,1167,1168
7016,830,831
7016,865,866
7016,938,939
7016,995,996
7017,830,831
7017,934,935
7017,1163,1164
7017,1167,1168
7018,830,831
7018,995,996
7018,1163,1164
7018,1167,1168
7019,669,670
7019,830,831
7019,934,935
7019,1167,1168
7020,823,824
7020,830,831
7020,859,860
7020,865,866
7021,823,824
7021,830,831
7021,865,866
7021,938,939
7022,669,670
7022,823,824
7022,830,831
7022,859,860
7023,1283,1284
7023,1287,1288
7023,1342,1343
7023,1560,1561
7024,1287,1288
7024,1342,1343
7024,1452,1453
7024,1560,1561
7025,1283,1284
7025,1287,1288
7025,1299,1300
7025,1342,1343
7026,1283,1284
7026,1287,1288
7026,1299,1300
7026,1305,1306
7027,1287,1288
7027,1299,1300
7027,1342,1343
7027,1601,1602
7028,1287,1288
7028,1299,1300
7028,1305,1306
7028,1601,1602
7029,1287,1288
7029,1342,1343
7029,1452,1453
7029,1615,1616
7030,1287,1288
7030,1342,1343
7030,1601,1602
7030,1615,1616
7031,506,507
7031,517,518
7031,549,550
7031,579,580
7032,461,462
7032,517,518
7032,549,550
7032,582,583
7033,517,518
7033,549,550
7033,579,580
7033,582,583
7034,440,441
7034,506,507
7034,517,518
7034,549,550
7035,461,462
7035,549,550
7035,577,578
7035,582,583
7036,549,550
7036,577,578
7036,579,580
7036,582,583
7037,421,422
7037,461,462
7037,517,518
7037,549,550
7038,421,422
7038,440,441
7038,549,550
7038,716,717
7039,440,441
7039,517,518
7039,549,550
7039,716,717
7040,421,422
7040,517,518
7040,549,550
7040,716,717
7041,421,422
7041,461,462
7041,549,550
7041,784,785
7042,461,462
7042,549,550
7042,577,578
7042,784,785
7043,421,422
7043,440,441
7043,549,550
7043,680,681
7044,421,422
7044,549,550
7044,680,681
7044,784,785
7045,549,550
7045,577,578
7045,680,681
7045,784,785
7046,502,503
7046,549,550
7046,577,578
7046,680,681
7047,502,503
7047,549,550
7047,577,578
7047,579,580
7048,440,441
7048,549,550
7048,550,551
7048,680,681
7049,502,503
7049,549,550
7049,550,551
7049,680,681
7050,425,426
7050,440,441
7050,549,550
7050,550,551
7051,425,426
7051,440,441
7051,506,507
7051,549,550
7052,269,270
7052,425,426
7052,550,551
7052,595,596
7053,269,270
7053,506,507
7053,579,580
7053,592,593
7054,269,270
7054,425,426
7054,549,550
7054,550,551
7055,269,270
7055,425,426
7055,506,507
7055,549,550
7056,269,270
7056,506,507
7056,549,550
7056,579,580
7057,269,270
7057,502,503
7057,549,550
7057,550,551
7058,269,270
7058,502,503
7058,549,550
7058,579,580
7059,269,270
7059,412,413
7059,502,503
7059,579,580
7060,269,270
7060,412,413
7060,579,580
7060,592,593
7061,269,270
7061,428,429
7061,502,503
7061,550,551
7062,233,234
7062,269,270
7062,428,429
7062,502,503
7063,233,234
7063,269,270
7063,412,413
7063,502,503
7064,269,270
7064,370,371
7064,428,429
7064,550,551
7065,233,234
7065,269,270
7065,370,371
7065,428,429
7066,269,270
7066,370,371
7066,550,551
7066,576,577
7067,269,270
7067,550,551
7067,576,577
7067,595,596
7068,269,270
7068,370,371
7068,576,577
7068,595,596
7069,218,219
7069,269,270
7069,370,371
7069,595,596
7070,218,219
7070,269,270
7070,271,272
7070,592,593
7071,269,270
7071,271,272
7071,412,413
7071,592,593
7072,233,234
7072,269,270
7072,271,272
7072,412,413
7073,233,234
7073,269,270
7073,271,272
7073,370,371
7074,218,219
7074,269,270
7074,271,272
7074,370,371
7075,257,258
7075,406,407
7075,504,505
7075,506,507
7076,406,407
7076,425,426
7076,504,505
7076,506,507
7077,238,239
7077,406,407
7077,425,426
7077,504,505
7078,257,258
7078,406,407
7078,409,410
7078,504,505
7079,238,239
7079,406,407
7079,409,410
7079,504,505
7080,257,258
7080,406,407
7080,432,433
7080,506,507
7081,257,258
7081,406,407
7081,409,410
7081,523,524
7082,238,239
7082,406,407
7082,409,410
7082,523,524
7083,406,407
7083,432,433
7083,506,507
7083,592,593
7084,218,219
7084,238,239
7084,406,407
7084,523,524
7085,269,270
7085,406,407
7085,506,507
7085,592,593
7086,269,270
7086,406,407
7086,425,426
7086,506,507
7087,218,219
7087,406,407
7087,523,524
7087,592,593
7088,406,407
7088,432,433
7088,523,524
7088,592,593
7089,238,239
7089,406,407
7089,425,426
7089,595,596
7090,218,219
7090,238,239
7090,406,407
7090,595,596
7091,218,219
7091,269,270
7091,406,407
7091,592,593
7092,257,258
7092,404,405
7092,406,407
7092,523,524
7093,404,405
7093,406,407
7093,432,433
7093,523,524
7094,257,258
7094,404,405
7094,406,407
7094,432,433
7095,269,270
7095,406,407
7095,425,426
7095,595,596
7096,218,219
7096,269,270
7096,406,407
7096,595,596
7097,412,413
7097,416,417
7097,489,490
7097,559,560
7098,371,372
7098,416,417
7098,489,490
7098,559,560
7099,412,413
7099,489,490
7099,529,530
7099,561,562
7100,412,413
7100,416,417
7100,489,490
7100,561,562
7101,371,372
7101,416,417
7101,489,490
7101,777,778
7102,416,417
7102,489,490
7102,561,562
7102,777,778
7103,489,490
7103,526,527
7103,529,530
7103,561,562
7104,489,490
7104,526,527
7104,561,562
7104,777,778
7105,1268,1269
7105,1491,1492
7105,1501,1502
7105,1553,1554
7106,1268,1269
7106,1332,1333
7106,1501,1502
7106,1553,1554
7107,1268,1269
7107,1312,1313
7107,1491,1492
7107,1553,1554
7108,1255,1256
7108,1268,1269
7108,1332,1333
7108,1553,1554
7109,1268,1269
7109,1317,1318
7109,1332,1333
7109,1501,1502
7110,1268,1269
7110,1312,1313
7110,1387,1388
7110,1491,1492
7111,1255,1256
7111,1268,1269
7111,1312,1313
7111,1553,1554
7112,1198,1199
7112,1255,1256
7112,1268,1269
7112,1312,1313
7113,1255,1256
7113,1268,1269
7113,1317,1318
7113,1332,1333
7114,1198,1199
7114,1255,1256
7114,1268,1269
7114,1317,1318
7115,1242,1243
7115,1268,1269
7115,1387,1388
7115,1491,1492
7116,1198,1199
7116,1242,1243
7116,1268,1269
7116,1387,1388
7117,1242,1243
7117,1268,1269
7117,1491,1492
7117,1503,1504
7118,1268,1269
7118,1491,1492
7118,1501,1502
7118,1503,1504
7119,1198,1199
7119,1262,1263
7119,1268,1269
7119,1387,1388
7120,1262,1263
7120,1268,1269
7120,1312,1313
7120,1387,1388
7121,1198,1199
7121,1262,1263
7121,1268,1269
7121,1312,1313
7122,1242,1243
7122,1268,1269
7122,1503,1504
7122,1805,1806
7123,1268,1269
7123,1501,1502
7123,1503,1504
7123,1805,1806
7124,1198,1199
7124,1242,1243
7124,1268,1269
7124,1558,1559
7125,1198,1199
7125,1268,1269
7125,1317,1318
7125,1558,1559
7126,1242,1243
7126,1268,1269
7126,1558,1559
7126,1805,1806
7127,1426,1427
7127,1445,1446
7127,1505,1506
7127,1585,1586
7128,1426,1427
7128,1445,1446
7128,1585,1586
7128,1725,1726
7129,1426,1427
7129,1445,1446
7129,1501,1502
7129,1725,1726
7130,1445,1446
7130,1505,1506
7130,1585,1586
7130,1685,1686
7131,1426,1427
7131,1445,1446
7131,1505,1506
7131,1609,1610
7132,1445,1446
7132,1501,1502
7132,1725,1726
7132,1805,1806
7133,1268,1269
7133,1317,1318
7133,1445,1446
7133,1501,1502
7134,1268,1269
7134,1445,1446
7134,1501,1502
7134,1805,1806
7135,1332,1333
7135,1426,1427
7135,1445,1446
7135,1609,1610
7136,1332,1333
7136,1426,1427
7136,1445,1446
7136,1501,1502
7137,1317,1318
7137,1332,1333
7137,1445,1446
7137,1609,1610
7138,1317,1318
7138,1332,1333
7138,1445,1446
7138,1501,1502
7139,1317,1318
7139,1445,1446
7139,1492,1493
7139,1685,1686
7140,1445,1446
7140,1492,1493
7140,1505,1506
7140,1685,1686
7141,1317,1318
7141,1445,1446
7141,1492,1493
7141,1609,1610
7142,1445,1446
7142,1492,1493
7142,1505,1506
7142,1609,1610
7143,1438,1439
7143,1445,1446
7143,1585,1586
7143,1725,1726
7144,1438,1439
7144,1445,1446
7144,1725,1726
7144,1805,1806
7145,1445,1446
7145,1585,1586
7145,1613,1614
7145,1685,1686
7146,1438,1439
7146,1445,1446
7146,1585,1586
7146,1613,1614
7147,1631,1632
7147,1652,1653
7147,1765,1766
7147,1773,1774
7148,1631,1632
7148,1765,1766
7148,1766,1767
7148,1773,1774
7149,1631,1632
7149,1652,1653
7149,1765,1766
7149,1831,1832
7150,1631,1632
7150,1741,1742
7150,1765,1766
7150,1766,1767
7151,1652,1653
7151,1765,1766
7151,1831,1832
7151,1841,1842
7152,1684,1685
7152,1741,1742
7152,1765,1766
7152,1831,1832
7153,1631,1632
7153,1684,1685
7153,1741,1742
7153,1765,1766
7154,1652,1653
7154,1765,1766
7154,1797,1798
7154,1841,1842
7155,1652,1653
7155,1765,1766
7155,1773,1774
7155,1797,1798
7156,1741,1742
7156,1765,1766
7156,1831,1832
7156,1841,1842
7157,1670,1671
7157,1741,1742
7157,1765,1766
7157,1766,1767
7158,1637,1638
7158,1684,1685
7158,1765,1766
7158,1831,1832
7159,1631,1632
7159,1637,1638
7159,1684,1685
7159,1765,1766
7160,1631,1632
7160,1637,1638
7160,1765,1766
7160,1831,1832
7161,1701,1702
7161,1765,1766
7161,1797,1798
7161,1841,1842
7162,1701,1702
7162,1765,1766
7162,1773,1774
7162,1797,1798
7163,1670,1671
7163,1741,1742
7163,1765,1766
7163,1841,1842
7164,1670,1671
7164,1759,1760
7164,1765,1766
7164,1766,1767
7165,1759,1760
7165,1765,1766
7165,1766,1767
7165,1773,1774
7166,1670,1671
7166,1701,1702
7166,1765,1766
7166,1841,1842
7167,1670,1671
7167,1701,1702
7167,1759,1760
7167,1765,1766
7168,1701,1702
7168,1759,1760
7168,1765,1766
7168,1773,1774
7169,14,15
7169,72,73
7169,100,101
7169,176,177
7170,14,15
7170,72,73
7170,125,126
7170,155,156
7171,14,15
7171,72,73
7171,125,126
7171,176,177
7172,64,65
7172,72,73
7172,125,126
7172,155,156
7173,64,65
7173,72,73
7173,125,126
7173,176,177
7174,28,29
7174,64,65
7174,72,73
7174,155,156
7175,14,15
7175,72,73
7175,100,101
7175,127,128
7176,28,29
7176,64,65
7176,72,73
7176,131,132
7177,2,3
7177,14,15
7177,72,73
7177,155,156
7178,2,3
7178,14,15
7178,72,73
7178,127,128
7179,2,3
7179,28,29
7179,72,73
7179,155,156
7180,2,3
7180,28,29
7180,72,73
7180,111,112
7181,2,3
7181,72,73
7181,111,112
7181,127,128
7182,72,73
7182,111,112
7182,127,128
7182,321,322
7183,72,73
7183,100,101
7183,127,128
7183,321,322
7184,347,348
7184,500,501
7184,556,557
7184,563,564
7185,347,348
7185,426,427
7185,500,501
7185,556,557
7186,347,348
7186,500,501
7186,534,535
7186,563,564
7187,244,245
7187,316,317
7187,347,348
7187,500,501
7188,244,245
7188,347,348
7188,426,427
7188,500,501
7189,347,348
7189,365,366
7189,500,501
7189,534,535
7190,244,245
7190,316,317
7190,500,501
7190,601,602
7191,244,245
7191,426,427
7191,500,501
7191,601,602
7192,316,317
7192,426,427
7192,500,501
7192,601,602
7193,1235,1236
7193,1344,1345
7193,1372,1373
7193,1377,1378
7194,1344,1345
7194,1347,1348
7194,1372,1373
7194,1377,1378
7195,1235,1236
7195,1298,1299
7195,1372,1373
7195,1377,1378
7196,1298,1299
7196,1372,1373
7196,1377,1378
7196,1385,1386
7197,1347,1348
7197,1372,1373
7197,1377,1378
7197,1385,1386
7198,1235,1236
7198,1298,1299
7198,1309,1310
7198,1377,1378
7199,1067,1068
7199,1298,1299
7199,1309,1310
7199,1377,1378
7200,1099,1100
7200,1235,1236
7200,1309,1310
7200,1377,1378
7201,1099,1100
7201,1146,1147
7201,1309,1310
7201,1377,1378
7202,1112,1113
7202,1298,1299
7202,1377,1378
7202,1385,1386
7203,1067,1068
7203,1112,1113
7203,1298,1299
7203,1377,1378
7204,1112,1113
7204,1347,1348
7204,1377,1378
7204,1385,1386
7205,1067,1068
7205,1146,1147
7205,1309,1310
7205,1377,1378
7206,1065,1066
7206,1099,1100
7206,1146,1147
7206,1377,1378
7207,1001,1002
7207,1082,1083
7207,1096,1097
7207,1146,1147
7208,1001,1002
7208,1096,1097
7208,1146,1147
7208,1309,1310
7209,1001,1002
7209,1082,1083
7209,1096,1097
7209,1159,1160
7210,1096,1097
7210,1181,1182
7210,1309,1310
7210,1329,1330
7211,1096,1097
7211,1099,1100
7211,1309,1310
7211,1329,1330
7212,1096,1097
7212,1099,1100
7212,1146,1147
7212,1309,1310
7213,1096,1097
7213,1159,1160
7213,1181,1182
7213,1309,1310
7214,1001,1002
7214,1096,1097
7214,1159,1160
7214,1309,1310
7215,1096,1097
7215,1159,1160
7215,1181,1182
7215,1381,1382
7216,1096,1097
7216,1181,1182
7216,1329,1330
7216,1381,1382
7217,814,815
7217,864,865
7217,1096,1097
7217,1159,1160
7218,814,815
7218,1082,1083
7218,1096,1097
7218,1159,1160
7219,814,815
7219,864,865
7219,1082,1083
7219,1096,1097
7220,864,865
7220,1057,1058
7220,1082,1083
7220,1096,1097
7221,937,938
7221,1096,1097
7221,1159,1160
7221,1381,1382
7222,864,865
7222,937,938
7222,1096,1097
7222,1381,1382
7223,864,865
7223,937,938
7223,1096,1097
7223,1159,1160
7224,864,865
7224,1057,1058
7224,1096,1097
7224,1381,1382
7225,1057,1058
7225,1096,1097
7225,1329,1330
7225,1381,1382
7226,1373,1374
7226,1392,1393
7226,1400,1401
7226,1527,1528
7227,1352,1353
7227,1373,1374
7227,1392,1393
7227,1527,1528
7228,1347,1348
7228,1392,1393
7228,1400,1401
7228,1527,1528
7229,1344,1345
7229,1347,1348
7229,1392,1393
7229,1527,1528
7230,1297,1298
7230,1373,1374
7230,1400,1401
7230,1527,1528
7231,1297,1298
7231,1359,1360
7231,1400,1401
7231,1527,1528
7232,1347,1348
7232,1359,1360
7232,1400,1401
7232,1527,1528
7233,1344,1345
7233,1347,1348
7233,1359,1360
7233,1527,1528
7234,1352,1353
7234,1392,1393
7234,1527,1528
7234,1543,1544
7235,1344,1345
7235,1392,1393
7235,1527,1528
7235,1543,1544
7236,1344,1345
7236,1359,1360
7236,1527,1528
7236,1603,1604
7237,1297,1298
7237,1373,1374
7237,1527,1528
7237,1535,1536
7238,1352,1353
7238,1373,1374
7238,1527,1528
7238,1535,1536
7239,1320,1321
7239,1352,1353
7239,1527,1528
7239,1543,1544
7240,1320,1321
7240,1344,1345
7240,1527,1528
7240,1543,1544
7241,1352,1353
7241,1522,1523
7241,1527,1528
7241,1535,1536
7242,1320,1321
7242,1344,1345
7242,1527,1528
7242,1603,1604
7243,1297,1298
7243,1359,1360
7243,1527,1528
7243,1551,1552
7244,1522,1523
7244,1527,1528
7244,1551,1552
7244,1603,1604
7245,1359,1360
7245,1527,1528
7245,1551,1552
7245,1603,1604
7246,1297,1298
7246,1411,1412
7246,1527,1528
7246,1535,1536
7247,1411,1412
7247,1522,1523
7247,1527,1528
7247,1535,1536
7248,1320,1321
7248,1352,1353
7248,1522,1523
7248,1527,1528
7249,1320,1321
7249,1522,1523
7249,1527,1528
7249,1603,1604
7250,1297,1298
7250,1411,1412
7250,1527,1528
7250,1551,1552
7251,1411,1412
7251,1522,1523
7251,1527,1528
7251,1551,1552
7252,1024,1025
7252,1246,1247
7252,1262,1263
7252,1596,1597
7253,1024,1025
7253,1239,1240
7253,1246,1247
7253,1596,1597
7254,1024,1025
7254,1239,1240
7254,1281,1282
7254,1596,1597
7255,1024,1025
7255,1239,1240
7255,1281,1282
7255,1286,1287
7256,1024,1025
7256,1054,1055
7256,1239,1240
7256,1286,1287
7257,1024,1025
7257,1262,1263
7257,1312,1313
7257,1596,1597
7258,1024,1025
7258,1281,1282
7258,1312,1313
7258,1596,1597
7259,1024,1025
7259,1262,1263
7259,1286,1287
7259,1312,1313
7260,1024,1025
7260,1281,1282
7260,1286,1287
7260,1312,1313
7261,1024,1025
7261,1088,1089
7261,1254,1255
7261,1262,1263
7262,1024,1025
7262,1246,1247
7262,1254,1255
7262,1262,1263
7263,1024,1025
7263,1088,1089
7263,1262,1263
7263,1407,1408
7264,1024,1025
7264,1088,1089
7264,1286,1287
7264,1407,1408
7265,1024,1025
7265,1262,1263
7265,1286,1287
7265,1407,1408
7266,1019,1020
7266,1024,1025
7266,1239,1240
7266,1246,1247
7267,1019,1020
7267,1024,1025
7267,1054,1055
7267,1239,1240
7268,1024,1025
7268,1152,1153
7268,1246,1247
7268,1254,1255
7269,1019,1020
7269,1024,1025
7269,1152,1153
7269,1246,1247
7270,1019,1020
7270,1024,1025
7270,1054,1055
7270,1152,1153
7271,1024,1025
7271,1088,1089
7271,1254,1255
7271,1403,1404
7272,1024,1025
7272,1152,1153
7272,1254,1255
7272,1403,1404
7273,1024,1025
7273,1054,1055
7273,1152,1153
7273,1403,1404
7274,1024,1025
7274,1088,1089
7274,1273,1274
7274,1286,1287
7275,1024,1025
7275,1054,1055
7275,1273,1274
7275,1286,1287
7276,1024,1025
7276,1088,1089
7276,1273,1274
7276,1403,1404
7277,1024,1025
7277,1054,1055
7277,1273,1274
7277,1403,1404
7278,988,989
7278,990,991
7278,1135,1136
7278,1150,1151
7279,895,896
7279,1038,1039
7279,1121,1122
7279,1150,1151
7280,895,896
7280,988,989
7280,1038,1039
7280,1150,1151
7281,1030,1031
7281,1038,1039
7281,1121,1122
7281,1150,1151
7282,874,875
7282,988,989
7282,1026,1027
7282,1150,1151
7283,874,875
7283,990,991
7283,1026,1027
7283,1150,1151
7284,874,875
7284,988,989
7284,990,991
7284,1150,1151
7285,1026,1027
7285,1114,1115
7285,1141,1142
7285,1150,1151
7286,990,991
7286,1002,1003
7286,1030,1031
7286,1276,1277
7287,1002,1003
7287,1063,1064
7287,1209,1210
7287,1335,1336
7288,990,991
7288,1002,1003
7288,1160,1161
7288,1276,1277
7289,1002,1003
7289,1063,1064
7289,1160,1161
7289,1276,1277
7290,1026,1027
7290,1114,1115
7290,1115,1116
7290,1193,1194
7291,1026,1027
7291,1114,1115
7291,1115,1116
7291,1150,1151
7292,990,991
7292,1026,1027
7292,1115,1116
7292,1150,1151
7293,894,895
7293,1026,1027
7293,1115,1116
7293,1193,1194
7294,874,875
7294,894,895
7294,1026,1027
7294,1115,1116
7295,874,875
7295,990,991
7295,1026,1027
7295,1115,1116
7296,895,896
7296,1107,1108
7296,1121,1122
7296,1150,1151
7297,872,873
7297,891,892
7297,895,896
7297,1107,1108
7298,821,822
7298,872,873
7298,895,896
7298,1107,1108
7299,821,822
7299,872,873
7299,891,892
7299,1107,1108
7300,1026,1027
7300,1107,1108
7300,1141,1142
7300,1150,1151
7301,1107,1108
7301,1114,1115
7301,1121,1122
7301,1150,1151
7302,1107,1108
7302,1114,1115
7302,1141,1142
7302,1150,1151
7303,821,822
7303,895,896
7303,988,989
7303,1107,1108
7304,821,822
7304,988,989
7304,1107,1108
7304,1190,1191
7305,895,896
7305,988,989
7305,1107,1108
7305,1150,1151
7306,875,876
7306,1026,1027
7306,1107,1108
7306,1190,1191
7307,875,876
7307,1026,1027
7307,1107,1108
7307,1141,1142
7308,665,666
7308,875,876
7308,1107,1108
7308,1190,1191
7309,665,666
7309,821,822
7309,1107,1108
7309,1190,1191
7310,875,876
7310,887,888
7310,1107,1108
7310,1141,1142
7311,988,989
7311,1026,1027
7311,1107,1108
7311,1190,1191
7312,988,989
7312,1026,1027
7312,1107,1108
7312,1150,1151
7313,665,666
7313,875,876
7313,887,888
7313,1107,1108
7314,665,666
7314,887,888
7314,891,892
7314,1107,1108
7315,665,666
7315,891,892
7315,907,908
7315,1107,1108
7316,665,666
7316,821,822
7316,907,908
7316,1107,1108
7317,821,822
7317,891,892
7317,907,908
7317,1107,1108
7318,4,5
7318,56,57
7318,122,123
7318,134,135
7319,4,5
7319,56,57
7319,131,132
7319,134,135
7320,4,5
7320,82,83
7320,122,123
7320,134,135
7321,4,5
7321,82,83
7321,134,135
7321,280,281
7322,4,5
7322,40,41
7322,82,83
7322,280,281
7323,64,65
7323,72,73
7323,176,177
7323,192,193
7324,72,73
7324,100,101
7324,176,177
7324,192,193
7325,64,65
7325,72,73
7325,131,132
7325,192,193
7326,6,7
7326,64,65
7326,131,132
7326,192,193
7327,64,65
7327,125,126
7327,176,177
7327,192,193
7328,6,7
7328,56,57
7328,131,132
7328,192,193
7329,4,5
7329,56,57
7329,131,132
7329,192,193
7330,50,51
7330,223,224
7330,297,298
7330,307,308
7331,50,51
7331,161,162
7331,223,224
7331,307,308
7332,50,51
7332,161,162
7332,293,294
7332,362,363
7333,1,2
7333,50,51
7333,161,162
7333,223,224
7334,1,2
7334,50,51
7334,161,162
7334,362,363
7335,1,2
7335,50,51
7335,223,224
7335,362,363
7336,50,51
7336,223,224
7336,297,298
7336,351,352
7337,50,51
7337,297,298
7337,341,342
7337,351,352
7338,50,51
7338,223,224
7338,351,352
7338,362,363
7339,23,24
7339,36,37
7339,50,51
7339,297,298
7340,36,37
7340,50,51
7340,297,298
7340,307,308
7341,23,24
7341,50,51
7341,297,298
7341,341,342
7342,50,51
7342,108,109
7342,293,294
7342,362,363
7343,50,51
7343,295,296
7343,351,352
7343,362,363
7344,50,51
7344,295,296
7344,341,342
7344,351,352
7345,36,37
7345,50,51
7345,161,162
7345,307,308
7346,23,24
7346,50,51
7346,108,109
7346,293,294
7347,23,24
7347,50,51
7347,108,109
7347,341,342
7348,50,51
7348,108,109
7348,295,296
7348,362,363
7349,50,51
7349,108,109
7349,295,296
7349,341,342
7350,0,1
7350,23,24
7350,36,37
7350,50,51
7351,0,1
7351,23,24
7351,50,51
7351,293,294
7352,0,1
7352,36,37
7352,50,51
7352,161,162
7353,50,51
7353,104,105
7353,161,162
7353,293,294
7354,0,1
7354,50,51
7354,104,105
7354,293,294
7355,0,1
7355,50,51
7355,104,105
7355,161,162
7356,67,68
7356,143,144
7356,149,150
7356,168,169
7357,143,144
7357,149,150
7357,166,167
7357,168,169
7358,166,167
7358,168,169
7358,234,235
7358,362,363
7359,149,150
7359,166,167
7359,168,169
7359,293,294
7360,166,167
7360,168,169
7360,293,294
7360,362,363
7361,20,21
7361,67,68
7361,143,144
7361,168,169
7362,20,21
7362,143,144
7362,166,167
7362,168,169
7363,67,68
7363,132,133
7363,149,150
7363,168,169
7364,168,169
7364,293,294
7364,295,296
7364,362,363
7365,20,21
7365,166,167
7365,168,169
7365,234,235
7366,7,8
7366,168,169
7366,234,235
7366,362,363
7367,168,169
7367,240,241
7367,295,296
7367,362,363
7368,7,8
7368,168,169
7368,240,241
7368,362,363
7369,108,109
7369,168,169
7369,293,294
7369,295,296
7370,108,109
7370,149,150
7370,168,169
7370,295,296
7371,108,109
7371,149,150
7371,168,169
7371,293,294
7372,7,8
7372,20,21
7372,168,169
7372,234,235
7373,7,8
7373,20,21
7373,67,68
7373,168,169
7374,67,68
7374,132,133
7374,168,169
7374,263,264
7375,132,133
7375,168,169
7375,240,241
7375,263,264
7376,7,8
7376,67,68
7376,168,169
7376,263,264
7377,7,8
7377,168,169
7377,240,241
7377,263,264
7378,1294,1295
7378,1415,1416
7378,1480,1481
7378,1524,1525
7379,1294,1295
7379,1313,1314
7379,1351,1352
7379,1569,1570
7380,1294,1295
7380,1351,1352
7380,1480,1481
7380,1589,1590
7381,1294,1295
7381,1480,1481
7381,1569,1570
7381,1589,1590
7382,1294,1295
7382,1351,1352
7382,1569,1570
7382,1589,1590
7383,1294,1295
7383,1351,1352
7383,1480,1481
7383,1614,1615
7384,1294,1295
7384,1480,1481
7384,1524,1525
7384,1614,1615
7385,1294,1295
7385,1303,1304
7385,1351,1352
7385,1614,1615
7386,1294,1295
7386,1303,1304
7386,1524,1525
7386,1614,1615
7387,1336,1337
7387,1341,1342
7387,1410,1411
7387,1549,1550
7388,1336,1337
7388,1410,1411
7388,1466,1467
7388,1549,1550
7389,1218,1219
7389,1336,1337
7389,1341,1342
7389,1549,1550
7390,1218,1219
7390,1336,1337
7390,1348,1349
7390,1549,1550
7391,1289,1290
7391,1336,1337
7391,1348,1349
7391,1549,1550
7392,1289,1290
7392,1336,1337
7392,1466,1467
7392,1549,1550
7393,1289,1290
7393,1336,1337
7393,1348,1349
7393,1395,1396
7394,684,685
7394,770,771
7394,793,794
7394,980,981
7395,684,685
7395,770,771
7395,851,852
7395,980,981
7396,684,685
7396,728,729
7396,851,852
7396,980,981
7397,770,771
7397,793,794
7397,979,980
7397,980,981
7398,721,722
7398,793,794
7398,979,980
7398,980,981
7399,684,685
7399,722,723
7399,793,794
7399,980,981
7400,684,685
7400,722,723
7400,728,729
7400,980,981
7401,721,722
7401,722,723
7401,793,794
7401,980,981
7402,721,722
7402,722,723
7402,790,791
7402,980,981
7403,790,791
7403,791,792
7403,851,852
7403,980,981
7404,722,723
7404,728,729
7404,790,791
7404,980,981
7405,728,729
7405,790,791
7405,851,852
7405,980,981
7406,721,722
7406,790,791
7406,960,961
7406,980,981
7407,790,791
7407,791,792
7407,960,961
7407,980,981
7408,770,771
7408,941,942
7408,979,980
7408,980,981
7409,770,771
7409,851,852
7409,941,942
7409,980,981
7410,791,792
7410,851,852
7410,941,942
7410,980,981
7411,818,819
7411,941,942
7411,979,980
7411,980,981
7412,791,792
7412,818,819
7412,941,942
7412,980,981
7413,721,722
7413,818,819
7413,960,961
7413,980,981
7414,721,722
7414,818,819
7414,979,980
7414,980,981
7415,791,792
7415,818,819
7415,960,961
7415,980,981
7416,851,852
7416,888,889
7416,926,927
7416,1155,1156
7417,877,878
7417,888,889
7417,892,893
7417,941,942
7418,770,771
7418,851,852
7418,888,889
7418,892,893
7419,770,771
7419,888,889
7419,892,893
7419,941,942
7420,770,771
7420,851,852
7420,888,889
7420,941,942
7421,877,878
7421,888,889
7421,892,893
7421,961,962
7422,688,689
7422,728,729
7422,851,852
7422,926,927
7423,684,685
7423,688,689
7423,728,729
7423,851,852
7424,653,654
7424,684,685
7424,688,689
7424,728,729
7425,688,689
7425,851,852
7425,888,889
7425,926,927
7426,684,685
7426,688,689
7426,851,852
7426,892,893
7427,653,654
7427,684,685
7427,688,689
7427,892,893
7428,653,654
7428,688,689
7428,700,701
7428,728,729
7429,653,654
7429,688,689
7429,700,701
7429,778,779
7430,688,689
7430,700,701
7430,728,729
7430,926,927
7431,688,689
7431,700,701
7431,778,779
7431,926,927
7432,688,689
7432,851,852
7432,888,889
7432,892,893
7433,688,689
7433,888,889
7433,926,927
7433,1155,1156
7434,688,689
7434,862,863
7434,926,927
7434,1155,1156
7435,688,689
7435,778,779
7435,816,817
7435,964,965
7436,688,689
7436,778,779
7436,926,927
7436,964,965
7437,688,689
7437,816,817
7437,862,863
7437,964,965
7438,688,689
7438,862,863
7438,926,927
7438,964,965
7439,840,841
7439,1025,1026
7439,1048,1049
7439,1101,1102
7440,1048,1049
7440,1101,1102
7440,1138,1139
7440,1145,1146
7441,1048,1049
7441,1138,1139
7441,1145,1146
7441,1326,1327
7442,3,4
7442,27,28
7442,126,127
7442,276,277
7443,45,46
7443,126,127
7443,170,171
7443,219,220
7444,45,46
7444,126,127
7444,142,143
7444,170,171
7445,3,4
7445,27,28
7445,126,127
7445,363,364
7446,27,28
7446,45,46
7446,126,127
7446,363,364
7447,3,4
7447,126,127
7447,219,220
7447,363,364
7448,45,46
7448,126,127
7448,219,220
7448,363,364
7449,233,234
7449,271,272
7449,286,287
7449,412,413
7450,233,234
7450,271,272
7450,286,287
7450,353,354
7451,271,272
7451,286,287
7451,353,354
7451,412,413
7452,233,234
7452,286,287
7452,412,413
7452,502,503
7453,286,287
7453,412,413
7453,502,503
7453,529,530
7454,286,287
7454,412,413
7454,489,490
7454,529,530
7455,286,287
7455,353,354
7455,412,413
7455,559,560
7456,286,287
7456,412,413
7456,489,490
7456,559,560
7457,233,234
7457,286,287
7457,428,429
7457,502,503
7458,304,305
7458,355,356
7458,399,400
7458,405,406
7459,304,305
7459,405,406
7459,482,483
7459,615,616
7460,304,305
7460,347,348
7460,405,406
7460,615,616
7461,304,305
7461,347,348
7461,355,356
7461,405,406
7462,304,305
7462,369,370
7462,482,483
7462,615,616
7463,304,305
7463,368,369
7463,399,400
7463,405,406
7464,304,305
7464,368,369
7464,405,406
7464,482,483
7465,304,305
7465,369,370
7465,387,388
7465,615,616
7466,304,305
7466,387,388
7466,534,535
7466,615,616
7467,304,305
7467,347,348
7467,534,535
7467,615,616
7468,304,305
7468,368,369
7468,369,370
7468,482,483
7469,304,305
7469,368,369
7469,387,388
7469,399,400
7470,304,305
7470,368,369
7470,369,370
7470,387,388
7471,244,245
7471,262,263
7471,355,356
7471,560,561
7472,262,263
7472,355,356
7472,380,381
7472,560,561
7473,244,245
7473,262,263
7473,560,561
7473,593,594
7474,199,200
7474,244,245
7474,560,561
7474,593,594
7475,262,263
7475,380,381
7475,422,423
7475,560,561
7476,244,245
7476,347,348
7476,355,356
7476,560,561
7477,262,263
7477,422,423
7477,560,561
7477,593,594
7478,199,200
7478,422,423
7478,560,561
7478,593,594
7479,199,200
7479,372,373
7479,422,423
7479,560,561
7480,372,373
7480,380,381
7480,422,423
7480,560,561
7481,199,200
7481,316,317
7481,365,366
7481,560,561
7482,199,200
7482,365,366
7482,372,373
7482,560,561
7483,244,245
7483,316,317
7483,347,348
7483,560,561
7484,199,200
7484,244,245
7484,560,561
7484,601,602
7485,244,245
7485,316,317
7485,560,561
7485,601,602
7486,199,200
7486,316,317
7486,560,561
7486,601,602
7487,316,317
7487,365,366
7487,500,501
7487,560,561
7488,347,348
7488,365,366
7488,500,501
7488,560,561
7489,316,317
7489,347,348
7489,500,501
7489,560,561
7490,530,531
7490,574,575
7490,576,577
7490,580,581
7491,341,342
7491,530,531
7491,574,575
7491,580,581
7492,43,44
7492,530,531
7492,574,575
7492,576,577
7493,43,44
7493,370,371
7493,530,531
7493,576,577
7494,63,64
7494,341,342
7494,530,531
7494,574,575
7495,43,44
7495,63,64
7495,530,531
7495,574,575
7496,218,219
7496,300,301
7496,370,371
7496,530,531
7497,27,28
7497,300,301
7497,370,371
7497,530,531
7498,27,28
7498,43,44
7498,63,64
7498,530,531
7499,530,531
7499,576,577
7499,580,581
7499,595,596
7500,218,219
7500,530,531
7500,580,581
7500,595,596
7501,370,371
7501,530,531
7501,576,577
7501,595,596
7502,218,219
7502,370,371
7502,530,531
7502,595,596
7503,27,28
7503,276,277
7503,370,371
7503,530,531
7504,27,28
7504,43,44
7504,276,277
7504,530,531
7505,43,44
7505,276,277
7505,370,371
7505,530,531
7506,27,28
7506,167,168
7506,300,301
7506,363,364
7507,27,28
7507,45,46
7507,167,168
7507,363,364
7508,24,25
7508,45,46
7508,167,168
7508,363,364
7509,27,28
7509,167,168
7509,300,301
7509,530,531
7510,27,28
7510,45,46
7510,63,64
7510,167,168
7511,27,28
7511,63,64
7511,167,168
7511,530,531
7512,108,109
7512,149,150
7512,167,168
7512,295,296
7513,24,25
7513,45,46
7513,149,150
7513,167,168
7514,108,109
7514,167,168
7514,295,296
7514,341,342
7515,63,64
7515,108,109
7515,139,140
7515,167,168
7516,45,46
7516,63,64
7516,139,140
7516,167,168
7517,63,64
7517,108,109
7517,167,168
7517,341,342
7518,63,64
7518,167,168
7518,341,342
7518,530,531
7519,108,109
7519,139,140
7519,149,150
7519,167,168
7520,45,46
7520,139,140
7520,149,150
7520,167,168
7521,19,20
7521,154,155
7521,219,220
7521,363,364
7522,19,20
7522,154,155
7522,250,251
7522,363,364
7523,19,20
7523,154,155
7523,219,220
7523,242,243
7524,19,20
7524,154,155
7524,242,243
7524,250,251
7525,19,20
7525,45,46
7525,219,220
7525,363,364
7526,19,20
7526,22,23
7526,24,25
7526,250,251
7527,19,20
7527,24,25
7527,250,251
7527,363,364
7528,19,20
7528,151,152
7528,219,220
7528,242,243
7529,19,20
7529,24,25
7529,45,46
7529,363,364
7530,19,20
7530,22,23
7530,140,141
7530,151,152
7531,19,20
7531,22,23
7531,151,152
7531,242,243
7532,19,20
7532,22,23
7532,242,243
7532,250,251
7533,19,20
7533,22,23
7533,35,36
7533,140,141
7534,19,20
7534,22,23
7534,24,25
7534,35,36
7535,19,20
7535,24,25
7535,35,36
7535,45,46
7536,19,20
7536,45,46
7536,170,171
7536,219,220
7537,19,20
7537,151,152
7537,170,171
7537,219,220
7538,19,20
7538,45,46
7538,145,146
7538,170,171
7539,19,20
7539,35,36
7539,45,46
7539,145,146
7540,19,20
7540,35,36
7540,140,141
7540,145,146
7541,19,20
7541,46,47
7541,140,141
7541,145,146
7542,19,20
7542,46,47
7542,140,141
7542,151,152
7543,19,20
7543,46,47
7543,145,146
7543,170,171
7544,19,20
7544,46,47
7544,151,152
7544,170,171
7545,240,241
7545,295,296
7545,351,352
7545,611,612
7546,218,219
7546,238,239
7546,523,524
7546,611,612
7547,238,239
7547,409,410
7547,523,524
7547,611,612
7548,240,241
7548,409,410
7548,523,524
7548,611,612
7549,238,239
7549,351,352
7549,409,410
7549,611,612
7550,218,219
7550,512,513
7550,523,524
7550,611,612
7551,218,219
7551,300,301
7551,512,513
7551,611,612
7552,295,296
7552,341,342
7552,351,352
7552,611,612
7553,328,329
7553,351,352
7553,409,410
7553,611,612
7554,240,241
7554,328,329
7554,409,410
7554,611,612
7555,240,241
7555,328,329
7555,351,352
7555,611,612
7556,218,219
7556,300,301
7556,530,531
7556,611,612
7557,167,168
7557,295,296
7557,341,342
7557,611,612
7558,238,239
7558,351,352
7558,580,581
7558,611,612
7559,341,342
7559,351,352
7559,580,581
7559,611,612
7560,218,219
7560,238,239
7560,580,581
7560,611,612
7561,218,219
7561,530,531
7561,580,581
7561,611,612
7562,167,168
7562,341,342
7562,530,531
7562,611,612
7563,167,168
7563,300,301
7563,530,531
7563,611,612
7564,341,342
7564,530,531
7564,580,581
7564,611,612
7565,512,513
7565,523,524
7565,611,612
7565,612,613
7566,240,241
7566,523,524
7566,611,612
7566,612,613
7567,132,133
7567,263,264
7567,319,320
7567,612,613
7568,263,264
7568,319,320
7568,590,591
7568,612,613
7569,249,250
7569,478,479
7569,523,524
7569,612,613
7570,478,479
7570,512,513
7570,523,524
7570,612,613
7571,226,227
7571,249,250
7571,523,524
7571,612,613
7572,226,227
7572,240,241
7572,523,524
7572,612,613
7573,319,320
7573,478,479
7573,512,513
7573,612,613
7574,319,320
7574,467,468
7574,478,479
7574,612,613
7575,319,320
7575,467,468
7575,590,591
7575,612,613
7576,263,264
7576,535,536
7576,590,591
7576,612,613
7577,226,227
7577,240,241
7577,535,536
7577,612,613
7578,240,241
7578,263,264
7578,535,536
7578,612,613
7579,249,250
7579,467,468
7579,478,479
7579,612,613
7580,249,250
7580,467,468
7580,590,591
7580,612,613
7581,249,250
7581,535,536
7581,590,591
7581,612,613
7582,226,227
7582,249,250
7582,535,536
7582,612,613
7583,1629,1630
7583,1697,1698
7583,1705,1706
7583,1793,1794
7584,1629,1630
7584,1697,1698
7584,1793,1794
7584,1842,1843
7585,1629,1630
7585,1710,1711
7585,1793,1794
7585,1842,1843
7586,1638,1639
7586,1705,1706
7586,1788,1789
7586,1793,1794
7587,1638,1639
7587,1697,1698
7587,1788,1789
7587,1793,1794
7588,1697,1698
7588,1705,1706
7588,1788,1789
7588,1793,1794
7589,1638,1639
7589,1793,1794
7589,1822,1823
7589,1843,1844
7590,1638,1639
7590,1697,1698
7590,1787,1788
7590,1793,1794
7591,1638,1639
7591,1787,1788
7591,1793,1794
7591,1843,1844
7592,1697,1698
7592,1793,1794
7592,1842,1843
7592,1848,1849
7593,1697,1698
7593,1787,1788
7593,1793,1794
7593,1848,1849
7594,1787,1788
7594,1793,1794
7594,1843,1844
7594,1848,1849
7595,1744,1745
7595,1791,1792
7595,1816,1817
7595,1819,1820
7596,1739,1740
7596,1744,1745
7596,1816,1817
7596,1819,1820
7597,1728,1729
7597,1739,1740
7597,1816,1817
7597,1819,1820
7598,1744,1745
7598,1755,1756
7598,1791,1792
7598,1819,1820
7599,1695,1696
7599,1728,1729
7599,1739,1740
7599,1819,1820
7600,1728,1729
7600,1816,1817
7600,1819,1820
7600,1825,1826
7601,1728,1729
7601,1791,1792
7601,1819,1820
7601,1825,1826
7602,1791,1792
7602,1816,1817
7602,1819,1820
7602,1825,1826
7603,1695,1696
7603,1710,1711
7603,1728,1729
7603,1819,1820
7604,1744,1745
7604,1755,1756
7604,1800,1801
7604,1819,1820
7605,1710,1711
7605,1755,1756
7605,1800,1801
7605,1819,1820
7606,1695,1696
7606,1710,1711
7606,1800,1801
7606,1819,1820
7607,1695,1696
7607,1722,1723
7607,1800,1801
7607,1819,1820
7608,1695,1696
7608,1722,1723
7608,1739,1740
7608,1819,1820
7609,1623,1624
7609,1744,1745
7609,1800,1801
7609,1819,1820
7610,1623,1624
7610,1739,1740
7610,1744,1745
7610,1819,1820
7611,1623,1624
7611,1722,1723
7611,1800,1801
7611,1819,1820
7612,1623,1624
7612,1722,1723
7612,1739,1740
7612,1819,1820
7613,1208,1209
7613,1299,1300
7613,1343,1344
7613,1408,1409
7614,1208,1209
7614,1299,1300
7614,1408,1409
7614,1518,1519
7615,1208,1209
7615,1235,1236
7615,1372,1373
7615,1408,1409
7616,1208,1209
7616,1372,1373
7616,1408,1409
7616,1518,1519
7617,1184,1185
7617,1208,1209
7617,1299,1300
7617,1518,1519
7618,986,987
7618,1191,1192
7618,1208,1209
7618,1309,1310
7619,1342,1343
7619,1379,1380
7619,1422,1423
7619,1513,1514
7620,1342,1343
7620,1379,1380
7620,1408,1409
7620,1513,1514
7621,1379,1380
7621,1408,1409
7621,1422,1423
7621,1513,1514
7622,1343,1344
7622,1379,1380
7622,1408,1409
7622,1422,1423
7623,1299,1300
7623,1342,1343
7623,1379,1380
7623,1408,1409
7624,1299,1300
7624,1343,1344
7624,1379,1380
7624,1408,1409
7625,1198,1199
7625,1342,1343
7625,1379,1380
7625,1430,1431
7626,1342,1343
7626,1379,1380
7626,1422,1423
7626,1430,1431
7627,1198,1199
7627,1379,1380
7627,1422,1423
7627,1430,1431
7628,1283,1284
7628,1299,1300
7628,1342,1343
7628,1379,1380
7629,1283,1284
7629,1299,1300
7629,1343,1344
7629,1379,1380
7630,1198,1199
7630,1342,1343
7630,1379,1380
7630,1560,1561
7631,1283,1284
7631,1342,1343
7631,1379,1380
7631,1560,1561
7632,1088,1089
7632,1283,1284
7632,1343,1344
7632,1379,1380
7633,1198,1199
7633,1379,1380
7633,1407,1408
7633,1422,1423
7634,1088,1089
7634,1343,1344
7634,1379,1380
7634,1407,1408
7635,1198,1199
7635,1262,1263
7635,1379,1380
7635,1560,1561
7636,1262,1263
7636,1283,1284
7636,1379,1380
7636,1560,1561
7637,1088,1089
7637,1262,1263
7637,1283,1284
7637,1379,1380
7638,1088,1089
7638,1262,1263
7638,1379,1380
7638,1407,1408
7639,1198,1199
7639,1262,1263
7639,1379,1380
7639,1407,1408
7640,1260,1261
7640,1343,1344
7640,1379,1380
7640,1422,1423
7641,1260,1261
7641,1379,1380
7641,1407,1408
7641,1422,1423
7642,1260,1261
7642,1343,1344
7642,1379,1380
7642,1407,1408
7643,1040,1041
7643,1148,1149
7643,1260,1261
7643,1367,1368
7644,1040,1041
7644,1148,1149
7644,1276,1277
7644,1367,1368
7645,1039,1040
7645,1040,1041
7645,1276,1277
7645,1367,1368
7646,1039,1040
7646,1040,1041
7646,1306,1307
7646,1367,1368
7647,1040,1041
7647,1260,1261
7647,1306,1307
7647,1367,1368
7648,985,986
7648,1148,1149
7648,1367,1368
7648,1393,1394
7649,985,986
7649,1148,1149
7649,1276,1277
7649,1367,1368
7650,1207,1208
7650,1357,1358
7650,1367,1368
7650,1591,1592
7651,985,986
7651,1063,1064
7651,1367,1368
7651,1393,1394
7652,985,986
7652,1063,1064
7652,1276,1277
7652,1367,1368
7653,1063,1064
7653,1207,1208
7653,1367,1368
7653,1393,1394
7654,1063,1064
7654,1207,1208
7654,1209,1210
7654,1367,1368
7655,1277,1278
7655,1306,1307
7655,1603,1604
7655,1607,1608
7656,1243,1244
7656,1277,1278
7656,1603,1604
7656,1607,1608
7657,1243,1244
7657,1277,1278
7657,1551,1552
7657,1603,1604
7658,1277,1278
7658,1330,1331
7658,1359,1360
7658,1406,1407
7659,1065,1066
7659,1277,1278
7659,1330,1331
7659,1406,1407
7660,1277,1278
7660,1359,1360
7660,1551,1552
7660,1603,1604
7661,1243,1244
7661,1277,1278
7661,1345,1346
7661,1551,1552
7662,1243,1244
7662,1277,1278
7662,1330,1331
7662,1345,1346
7663,1277,1278
7663,1347,1348
7663,1359,1360
7663,1406,1407
7664,1277,1278
7664,1345,1346
7664,1359,1360
7664,1551,1552
7665,1277,1278
7665,1330,1331
7665,1345,1346
7665,1359,1360
7666,1277,1278
7666,1344,1345
7666,1359,1360
7666,1603,1604
7667,1277,1278
7667,1344,1345
7667,1347,1348
7667,1359,1360
7668,1277,1278
7668,1347,1348
7668,1377,1378
7668,1406,1407
7669,1065,1066
7669,1277,1278
7669,1377,1378
7669,1406,1407
7670,1272,1273
7670,1282,1283
7670,1427,1428
7670,1607,1608
7671,1272,1273
7671,1282,1283
7671,1306,1307
7671,1607,1608
7672,1260,1261
7672,1272,1273
7672,1282,1283
7672,1306,1307
7673,1039,1040
7673,1272,1273
7673,1306,1307
7673,1607,1608
7674,1272,1273
7674,1427,1428
7674,1508,1509
7674,1607,1608
7675,1272,1273
7675,1435,1436
7675,1508,1509
7675,1607,1608
7676,1039,1040
7676,1272,1273
7676,1435,1436
7676,1607,1608
7677,1039,1040
7677,1272,1273
7677,1357,1358
7677,1435,1436
7678,1272,1273
7678,1357,1358
7678,1435,1436
7678,1508,1509
7679,1039,1040
7679,1272,1273
7679,1306,1307
7679,1367,1368
7680,1039,1040
7680,1272,1273
7680,1357,1358
7680,1367,1368
7681,1272,1273
7681,1427,1428
7681,1508,1509
7681,1591,1592
7682,1272,1273
7682,1357,1358
7682,1508,1509
7682,1591,1592
7683,1272,1273
7683,1357,1358
7683,1367,1368
7683,1591,1592
7684,1272,1273
7684,1282,1283
7684,1427,1428
7684,1608,1609
7685,1272,1273
7685,1427,1428
7685,1509,1510
7685,1591,1592
7686,1260,1261
7686,1272,1273
7686,1306,1307
7686,1367,1368
7687,889,890
7687,923,924
7687,1041,1042
7687,1128,1129
7688,889,890
7688,923,924
7688,1081,1082
7688,1128,1129
7689,889,890
7689,896,897
7689,1081,1082
7689,1128,1129
7690,889,890
7690,896,897
7690,949,950
7690,1095,1096
7691,1028,1029
7691,1034,1035
7691,1095,1096
7691,1249,1250
7692,1028,1029
7692,1034,1035
7692,1041,1042
7692,1095,1096
7693,1028,1029
7693,1095,1096
7693,1133,1134
7693,1249,1250
7694,889,890
7694,1028,1029
7694,1041,1042
7694,1095,1096
7695,949,950
7695,1028,1029
7695,1095,1096
7695,1133,1134
7696,889,890
7696,949,950
7696,1028,1029
7696,1095,1096
7697,826,827
7697,988,989
7697,993,994
7697,1038,1039
7698,826,827
7698,988,989
7698,993,994
7698,1135,1136
7699,988,989
7699,993,994
7699,1038,1039
7699,1150,1151
7700,988,989
7700,993,994
7700,1135,1136
7700,1150,1151
7701,990,991
7701,993,994
7701,1135,1136
7701,1150,1151
7702,993,994
7702,1030,1031
7702,1038,1039
7702,1150,1151
7703,990,991
7703,993,994
7703,1030,1031
7703,1150,1151
7704,990,991
7704,993,994
7704,1135,1136
7704,1160,1161
7705,990,991
7705,993,994
7705,1030,1031
7705,1276,1277
7706,990,991
7706,993,994
7706,1160,1161
7706,1276,1277
7707,1040,1041
7707,1099,1100
7707,1161,1162
7707,1329,1330
7708,1040,1041
7708,1161,1162
7708,1196,1197
7708,1329,1330
7709,1040,1041
7709,1161,1162
7709,1196,1197
7709,1343,1344
7710,1040,1041
7710,1161,1162
7710,1235,1236
7710,1343,1344
7711,1040,1041
7711,1099,1100
7711,1161,1162
7711,1235,1236
7712,1161,1162
7712,1196,1197
7712,1200,1201
7712,1329,1330
7713,1161,1162
7713,1196,1197
7713,1200,1201
7713,1343,1344
7714,1161,1162
7714,1235,1236
7714,1343,1344
7714,1408,1409
7715,1161,1162
7715,1208,1209
7715,1235,1236
7715,1408,1409
7716,1161,1162
7716,1208,1209
7716,1343,1344
7716,1408,1409
7717,1099,1100
7717,1161,1162
7717,1235,1236
7717,1309,1310
7718,1161,1162
7718,1181,1182
7718,1309,1310
7718,1329,1330
7719,1099,1100
7719,1161,1162
7719,1309,1310
7719,1329,1330
7720,1161,1162
7720,1181,1182
7720,1329,1330
7720,1381,1382
7721,1161,1162
7721,1200,1201
7721,1329,1330
7721,1381,1382
7722,1161,1162
7722,1208,1209
7722,1235,1236
7722,1309,1310
7723,986,987
7723,1161,1162
7723,1181,1182
7723,1309,1310
7724,986,987
7724,1161,1162
7724,1208,1209
7724,1309,1310
7725,1260,1261
7725,1338,1339
7725,1407,1408
7725,1422,1423
7726,1255,1256
7726,1338,1339
7726,1407,1408
7726,1422,1423
7727,1255,1256
7727,1338,1339
7727,1413,1414
7727,1422,1423
7728,1282,1283
7728,1338,1339
7728,1413,1414
7728,1422,1423
7729,1260,1261
7729,1282,1283
7729,1338,1339
7729,1422,1423
7730,1229,1230
7730,1255,1256
7730,1338,1339
7730,1509,1510
7731,1255,1256
7731,1338,1339
7731,1413,1414
7731,1626,1627
7732,1255,1256
7732,1338,1339
7732,1509,1510
7732,1626,1627
7733,1260,1261
7733,1272,1273
7733,1282,1283
7733,1338,1339
7734,1282,1283
7734,1338,1339
7734,1413,1414
7734,1608,1609
7735,1338,1339
7735,1413,1414
7735,1608,1609
7735,1626,1627
7736,1338,1339
7736,1509,1510
7736,1608,1609
7736,1626,1627
7737,1272,1273
7737,1282,1283
7737,1338,1339
7737,1608,1609
7738,1338,1339
7738,1427,1428
7738,1509,1510
7738,1608,1609
7739,1272,1273
7739,1338,1339
7739,1427,1428
7739,1608,1609
7740,1272,1273
7740,1338,1339
7740,1427,1428
7740,1509,1510
7741,1045,1046
7741,1093,1094
7741,1319,1320
7741,1324,1325
7742,1045,1046
7742,1113,1114
7742,1319,1320
7742,1324,1325
7743,1045,1046
7743,1093,1094
7743,1193,1194
7743,1324,1325
7744,1045,1046
7744,1049,1050
7744,1193,1194
7744,1324,1325
7745,1093,1094
7745,1114,1115
7745,1193,1194
7745,1324,1325
7746,1114,1115
7746,1115,1116
7746,1193,1194
7746,1324,1325
7747,1037,1038
7747,1093,1094
7747,1290,1291
7747,1319,1320
7748,1290,1291
7748,1333,1334
7748,1363,1364
7748,1395,1396
7749,1174,1175
7749,1290,1291
7749,1333,1334
7749,1363,1364
7750,1290,1291
7750,1363,1364
7750,1395,1396
7750,1397,1398
7751,1290,1291
7751,1319,1320
7751,1363,1364
7751,1397,1398
7752,1290,1291
7752,1333,1334
7752,1374,1375
7752,1395,1396
7753,1221,1222
7753,1290,1291
7753,1333,1334
7753,1374,1375
7754,1093,1094
7754,1174,1175
7754,1221,1222
7754,1290,1291
7755,1174,1175
7755,1221,1222
7755,1290,1291
7755,1333,1334
7756,1037,1038
7756,1093,1094
7756,1145,1146
7756,1290,1291
7757,1093,1094
7757,1145,1146
7757,1221,1222
7757,1290,1291
7758,1037,1038
7758,1145,1146
7758,1290,1291
7758,1374,1375
7759,1145,1146
7759,1221,1222
7759,1290,1291
7759,1374,1375
7760,962,963
7760,998,999
7760,1134,1135
7760,1143,1144
7761,962,963
7761,1049,1050
7761,1134,1135
7761,1143,1144
7762,962,963
7762,998,999
7762,1059,1060
7762,1143,1144
7763,962,963
7763,1049,1050
7763,1059,1060
7763,1143,1144
7764,998,999
7764,1032,1033
7764,1134,1135
7764,1143,1144
7765,1049,1050
7765,1059,1060
7765,1090,1091
7765,1143,1144
7766,1027,1028
7766,1059,1060
7766,1090,1091
7766,1143,1144
7767,631,632
7767,635,636
7767,844,845
7767,973,974
7768,501,502
7768,631,632
7768,635,636
7768,973,974
7769,631,632
7769,844,845
7769,953,954
7769,973,974
7770,436,437
7770,635,636
7770,844,845
7770,973,974
7771,436,437
7771,501,502
7771,635,636
7771,973,974
7772,675,676
7772,844,845
7772,953,954
7772,973,974
7773,627,628
7773,675,676
7773,953,954
7773,973,974
7774,643,644
7774,898,899
7774,901,902
7774,973,974
7775,643,644
7775,844,845
7775,898,899
7775,973,974
7776,643,644
7776,675,676
7776,844,845
7776,973,974
7777,627,628
7777,643,644
7777,675,676
7777,973,974
7778,436,437
7778,844,845
7778,898,899
7778,973,974
7779,434,435
7779,637,638
7779,724,725
7779,847,848
7780,434,435
7780,510,511
7780,630,631
7780,847,848
7781,434,435
7781,510,511
7781,738,739
7781,847,848
7782,510,511
7782,630,631
7782,738,739
7782,847,848
7783,630,631
7783,738,739
7783,847,848
7783,935,936
7784,702,703
7784,738,739
7784,847,848
7784,935,936
7785,630,631
7785,698,699
7785,847,848
7785,935,936
7786,434,435
7786,552,553
7786,630,631
7786,847,848
7787,434,435
7787,552,553
7787,637,638
7787,847,848
7788,552,553
7788,630,631
7788,698,699
7788,847,848
7789,552,553
7789,637,638
7789,698,699
7789,847,848
7790,622,623
7790,698,699
7790,847,848
7790,935,936
7791,622,623
7791,702,703
7791,847,848
7791,935,936
7792,622,623
7792,698,699
7792,847,848
7792,912,913
7793,637,638
7793,698,699
7793,847,848
7793,912,913
7794,631,632
7794,774,775
7794,953,954
7794,973,974
7795,501,502
7795,631,632
7795,774,775
7795,973,974
7796,466,467
7796,501,502
7796,631,632
7796,774,775
7797,466,467
7797,631,632
7797,759,760
7797,774,775
7798,466,467
7798,501,502
7798,663,664
7798,774,775
7799,466,467
7799,663,664
7799,759,760
7799,774,775
7800,434,435
7800,663,664
7800,774,775
7800,868,869
7801,434,435
7801,724,725
7801,774,775
7801,868,869
7802,1240,1241
7802,1315,1316
7802,1405,1406
7802,1606,1607
7803,1236,1237
7803,1240,1241
7803,1315,1316
7803,1405,1406
7804,1211,1212
7804,1240,1241
7804,1315,1316
7804,1584,1585
7805,1240,1241
7805,1315,1316
7805,1584,1585
7805,1606,1607
7806,1211,1212
7806,1240,1241
7806,1499,1500
7806,1584,1585
7807,1211,1212
7807,1236,1237
7807,1240,1241
7807,1437,1438
7808,1211,1212
7808,1240,1241
7808,1315,1316
7808,1437,1438
7809,1236,1237
7809,1240,1241
7809,1315,1316
7809,1437,1438
7810,1211,1212
7810,1230,1231
7810,1240,1241
7810,1499,1500
7811,1240,1241
7811,1378,1379
7811,1584,1585
7811,1606,1607
7812,1240,1241
7812,1378,1379
7812,1499,1500
7812,1584,1585
7813,1211,1212
7813,1230,1231
7813,1240,1241
7813,1610,1611
7814,1230,1231
7814,1236,1237
7814,1240,1241
7814,1610,1611
7815,1211,1212
7815,1236,1237
7815,1240,1241
7815,1610,1611
7816,1230,1231
7816,1236,1237
7816,1240,1241
7816,1353,1354
7817,1230,1231
7817,1240,1241
7817,1353,1354
7817,1499,1500
7818,1236,1237
7818,1240,1241
7818,1243,1244
7818,1405,1406
7819,1240,1241
7819,1243,1244
7819,1405,1406
7819,1606,1607
7820,1240,1241
7820,1243,1244
7820,1378,1379
7820,1606,1607
7821,1240,1241
7821,1353,1354
7821,1378,1379
7821,1499,1500
7822,1236,1237
7822,1240,1241
7822,1243,1244
7822,1616,1617
7823,1236,1237
7823,1240,1241
7823,1353,1354
7823,1616,1617
7824,1240,1241
7824,1243,1244
7824,1496,1497
7824,1616,1617
7825,1240,1241
7825,1353,1354
7825,1496,1497
7825,1616,1617
7826,1240,1241
7826,1353,1354
7826,1378,1379
7826,1496,1497
7827,1240,1241
7827,1243,1244
7827,1496,1497
7827,1539,1540
7828,1240,1241
7828,1243,1244
7828,1378,1379
7828,1539,1540
7829,1240,1241
7829,1378,1379
7829,1496,1497
7829,1539,1540
7830,1292,1293
7830,1313,1314
7830,1315,1316
7830,1563,1564
7831,1294,1295
7831,1303,1304
7831,1351,1352
7831,1563,1564
7832,1294,1295
7832,1313,1314
7832,1351,1352
7832,1563,1564
7833,1292,1293
7833,1303,1304
7833,1351,1352
7833,1563,1564
7834,1292,1293
7834,1313,1314
7834,1351,1352
7834,1563,1564
7835,1292,1293
7835,1303,1304
7835,1363,1364
7835,1563,1564
7836,1292,1293
7836,1333,1334
7836,1363,1364
7836,1563,1564
7837,1292,1293
7837,1315,1316
7837,1333,1334
7837,1563,1564
7838,1333,1334
7838,1363,1364
7838,1395,1396
7838,1563,1564
7839,1315,1316
7839,1333,1334
7839,1395,1396
7839,1563,1564
7840,1303,1304
7840,1363,1364
7840,1397,1398
7840,1563,1564
7841,1363,1364
7841,1395,1396
7841,1397,1398
7841,1563,1564
7842,1336,1337
7842,1395,1396
7842,1397,1398
7842,1563,1564
7843,1080,1081
7843,1283,1284
7843,1299,1300
7843,1343,1344
7844,1080,1081
7844,1200,1201
7844,1283,1284
7844,1343,1344
7845,1080,1081
7845,1161,1162
7845,1200,1201
7845,1343,1344
7846,1080,1081
7846,1208,1209
7846,1299,1300
7846,1343,1344
7847,1080,1081
7847,1161,1162
7847,1208,1209
7847,1343,1344
7848,1080,1081
7848,1283,1284
7848,1299,1300
7848,1305,1306
7849,1080,1081
7849,1283,1284
7849,1305,1306
7849,1376,1377
7850,982,983
7850,1080,1081
7850,1200,1201
7850,1283,1284
7851,982,983
7851,1080,1081
7851,1283,1284
7851,1376,1377
7852,1080,1081
7852,1165,1166
7852,1305,1306
7852,1376,1377
7853,1080,1081
7853,1184,1185
7853,1208,1209
7853,1299,1300
7854,986,987
7854,1080,1081
7854,1161,1162
7854,1208,1209
7855,986,987
7855,1080,1081
7855,1165,1166
7855,1181,1182
7856,986,987
7856,1080,1081
7856,1161,1162
7856,1181,1182
7857,1080,1081
7857,1161,1162
7857,1181,1182
7857,1381,1382
7858,1080,1081
7858,1161,1162
7858,1200,1201
7858,1381,1382
7859,1080,1081
7859,1165,1166
7859,1184,1185
7859,1305,1306
7860,1080,1081
7860,1184,1185
7860,1299,1300
7860,1305,1306
7861,986,987
7861,1080,1081
7861,1165,1166
7861,1184,1185
7862,986,987
7862,1080,1081
7862,1184,1185
7862,1208,1209
7863,1069,1070
7863,1080,1081
7863,1165,1166
7863,1181,1182
7864,986,987
7864,1056,1057
7864,1191,1192
7864,1208,1209
7865,986,987
7865,1056,1057
7865,1184,1185
7865,1208,1209
7866,1056,1057
7866,1184,1185
7866,1383,1384
7866,1518,1519
7867,1056,1057
7867,1184,1185
7867,1208,1209
7867,1518,1519
7868,1056,1057
7868,1372,1373
7868,1383,1384
7868,1518,1519
7869,1056,1057
7869,1208,1209
7869,1372,1373
7869,1518,1519
7870,1056,1057
7870,1298,1299
7870,1372,1373
7870,1392,1393
7871,1056,1057
7871,1372,1373
7871,1383,1384
7871,1392,1393
7872,1056,1057
7872,1191,1192
7872,1298,1299
7872,1309,1310
7873,1056,1057
7873,1191,1192
7873,1208,1209
7873,1309,1310
7874,1056,1057
7874,1235,1236
7874,1298,1299
7874,1372,1373
7875,1056,1057
7875,1235,1236
7875,1298,1299
7875,1309,1310
7876,1056,1057
7876,1208,1209
7876,1235,1236
7876,1372,1373
7877,1056,1057
7877,1208,1209
7877,1235,1236
7877,1309,1310
7878,1643,1644
7878,1693,1694
7878,1739,1740
7878,1802,1803
7879,1460,1461
7879,1467,1468
7879,1643,1644
7879,1802,1803
7880,1460,1461
7880,1643,1644
7880,1739,1740
7880,1802,1803
7881,1467,1468
7881,1643,1644
7881,1715,1716
7881,1802,1803
7882,1643,1644
7882,1693,1694
7882,1715,1716
7882,1802,1803
7883,1460,1461
7883,1467,1468
7883,1772,1773
7883,1802,1803
7884,1460,1461
7884,1739,1740
7884,1772,1773
7884,1802,1803
7885,1467,1468
7885,1715,1716
7885,1752,1753
7885,1802,1803
7886,1467,1468
7886,1723,1724
7886,1752,1753
7886,1802,1803
7887,1467,1468
7887,1657,1658
7887,1772,1773
7887,1802,1803
7888,1693,1694
7888,1715,1716
7888,1802,1803
7888,1818,1819
7889,1715,1716
7889,1752,1753
7889,1802,1803
7889,1818,1819
7890,1467,1468
7890,1657,1658
7890,1723,1724
7890,1802,1803
7891,1693,1694
7891,1695,1696
7891,1739,1740
7891,1802,1803
7892,1728,1729
7892,1739,1740
7892,1772,1773
7892,1802,1803
7893,1657,1658
7893,1728,1729
7893,1772,1773
7893,1802,1803
7894,1693,1694
7894,1705,1706
7894,1802,1803
7894,1818,1819
7895,1705,1706
7895,1752,1753
7895,1802,1803
7895,1818,1819
7896,1657,1658
7896,1723,1724
7896,1728,1729
7896,1802,1803
7897,1723,1724
7897,1752,1753
7897,1802,1803
7897,1810,1811
7898,1693,1694
7898,1695,1696
7898,1705,1706
7898,1802,1803
7899,1723,1724
7899,1728,1729
7899,1802,1803
7899,1810,1811
7900,1695,1696
7900,1728,1729
7900,1802,1803
7900,1810,1811
7901,1695,1696
7901,1728,1729
7901,1739,1740
7901,1802,1803
7902,1566,1567
7902,1635,1636
7902,1674,1675
7902,1795,1796
7903,1438,1439
7903,1566,1567
7903,1635,1636
7903,1795,1796
7904,1566,1567
7904,1613,1614
7904,1635,1636
7904,1674,1675
7905,1438,1439
7905,1566,1567
7905,1613,1614
7905,1635,1636
7906,1538,1539
7906,1613,1614
7906,1635,1636
7906,1674,1675
7907,1538,1539
7907,1635,1636
7907,1674,1675
7907,1679,1680
7908,1635,1636
7908,1674,1675
7908,1679,1680
7908,1795,1796
7909,1538,1539
7909,1613,1614
7909,1635,1636
7909,1685,1686
7910,1438,1439
7910,1635,1636
7910,1795,1796
7910,1805,1806
7911,1445,1446
7911,1613,1614
7911,1635,1636
7911,1685,1686
7912,1438,1439
7912,1445,1446
7912,1613,1614
7912,1635,1636
7913,1504,1505
7913,1635,1636
7913,1679,1680
7913,1795,1796
7914,1504,1505
7914,1635,1636
7914,1795,1796
7914,1805,1806
7915,1438,1439
7915,1445,1446
7915,1635,1636
7915,1805,1806
7916,1538,1539
7916,1570,1571
7916,1635,1636
7916,1679,1680
7917,1770,1771
7917,1791,1792
7917,1809,1810
7917,1816,1817
7918,1646,1647
7918,1770,1771
7918,1791,1792
7918,1825,1826
7919,1770,1771
7919,1791,1792
7919,1816,1817
7919,1825,1826
7920,1770,1771
7920,1809,1810
7920,1816,1817
7920,1837,1838
7921,1646,1647
7921,1770,1771
7921,1779,1780
7921,1825,1826
7922,1770,1771
7922,1779,1780
7922,1816,1817
7922,1825,1826
7923,1770,1771
7923,1779,1780
7923,1816,1817
7923,1837,1838
7924,1767,1768
7924,1770,1771
7924,1809,1810
7924,1837,1838
7925,1646,1647
7925,1667,1668
7925,1767,1768
7925,1770,1771
7926,1646,1647
7926,1667,1668
7926,1770,1771
7926,1791,1792
7927,1667,1668
7927,1767,1768
7927,1770,1771
7927,1809,1810
7928,1667,1668
7928,1770,1771
7928,1791,1792
7928,1809,1810
7929,1646,1647
7929,1767,1768
7929,1770,1771
7929,1804,1805
7930,1767,1768
7930,1770,1771
7930,1804,1805
7930,1837,1838
7931,1646,1647
7931,1770,1771
7931,1803,1804
7931,1804,1805
7932,1646,1647
7932,1770,1771
7932,1779,1780
7932,1803,1804
7933,1770,1771
7933,1803,1804
7933,1804,1805
7933,1837,1838
7934,1770,1771
7934,1779,1780
7934,1803,1804
7934,1837,1838
7935,1079,1080
7935,1100,1101
7935,1138,1139
7935,1356,1357
7936,1079,1080
7936,1138,1139
7936,1326,1327
7936,1356,1357
7937,848,849
7937,1060,1061
7937,1356,1357
7937,1361,1362
7938,1079,1080
7938,1291,1292
7938,1356,1357
7938,1361,1362
7939,1079,1080
7939,1291,1292
7939,1326,1327
7939,1356,1357
7940,1060,1061
7940,1291,1292
7940,1356,1357
7940,1361,1362
7941,1048,1049
7941,1138,1139
7941,1326,1327
7941,1356,1357
7942,1475,1476
7942,1476,1477
7942,1650,1651
7942,1778,1779
7943,1468,1469
7943,1475,1476
7943,1476,1477
7943,1778,1779
7944,1378,1379
7944,1476,1477
7944,1478,1479
7944,1650,1651
7945,1475,1476
7945,1476,1477
7945,1478,1479
7945,1650,1651
7946,1378,1379
7946,1431,1432
7946,1476,1477
7946,1478,1479
7947,1431,1432
7947,1475,1476
7947,1476,1477
7947,1478,1479
7948,1325,1326
7948,1468,1469
7948,1476,1477
7948,1539,1540
7949,1325,1326
7949,1378,1379
7949,1476,1477
7949,1539,1540
7950,1325,1326
7950,1439,1440
7950,1468,1469
7950,1476,1477
7951,1439,1440
7951,1468,1469
7951,1475,1476
7951,1476,1477
7952,1203,1204
7952,1378,1379
7952,1476,1477
7952,1539,1540
7953,1453,1454
7953,1468,1469
7953,1476,1477
7953,1778,1779
7954,1203,1204
7954,1476,1477
7954,1640,1641
7954,1650,1651
7955,1476,1477
7955,1640,1641
7955,1650,1651
7955,1778,1779
7956,1325,1326
7956,1431,1432
7956,1439,1440
7956,1476,1477
7957,1431,1432
7957,1439,1440
7957,1475,1476
7957,1476,1477
7958,1325,1326
7958,1378,1379
7958,1476,1477
7958,1606,1607
7959,1325,1326
7959,1431,1432
7959,1476,1477
7959,1606,1607
7960,1378,1379
7960,1431,1432
7960,1476,1477
7960,1606,1607
7961,1203,1204
7961,1369,1370
7961,1476,1477
7961,1539,1540
7962,1369,1370
7962,1468,1469
7962,1476,1477
7962,1539,1540
7963,1203,1204
7963,1378,1379
7963,1476,1477
7963,1590,1591
7964,1203,1204
7964,1476,1477
7964,1590,1591
7964,1650,1651
7965,1378,1379
7965,1476,1477
7965,1590,1591
7965,1650,1651
7966,1203,1204
7966,1369,1370
7966,1453,1454
7966,1476,1477
7967,1369,1370
7967,1453,1454
7967,1468,1469
7967,1476,1477
7968,1203,1204
7968,1453,1454
7968,1476,1477
7968,1640,1641
7969,1453,1454
7969,1476,1477
7969,1640,1641
7969,1778,1779
7970,1707,1708
7970,1709,1710
7970,1790,1791
7970,1829,1830
7971,1707,1708
7971,1709,1710
7971,1787,1788
7971,1826,1827
7972,1707,1708
7972,1709,1710
7972,1790,1791
7972,1826,1827
7973,1707,1708
7973,1709,1710
7973,1787,1788
7973,1788,1789
7974,1707,1708
7974,1709,1710
7974,1788,1789
7974,1829,1830
7975,1472,1473
7975,1709,1710
7975,1790,1791
7975,1829,1830
7976,1472,1473
7976,1604,1605
7976,1709,1710
7976,1829,1830
7977,1709,1710
7977,1727,1728
7977,1787,1788
7977,1826,1827
7978,1709,1710
7978,1746,1747
7978,1790,1791
7978,1826,1827
7979,1472,1473
7979,1709,1710
7979,1746,1747
7979,1790,1791
7980,1709,1710
7980,1787,1788
7980,1788,1789
7980,1814,1815
7981,1709,1710
7981,1788,1789
7981,1829,1830
7981,1839,1840
7982,1604,1605
7982,1709,1710
7982,1829,1830
7982,1839,1840
7983,1709,1710
7983,1727,1728
7983,1746,1747
7983,1826,1827
7984,1709,1710
7984,1788,1789
7984,1814,1815
7984,1839,1840
7985,1604,1605
7985,1709,1710
7985,1814,1815
7985,1839,1840
7986,1709,1710
7986,1727,1728
7986,1787,1788
7986,1814,1815
7987,1604,1605
7987,1709,1710
7987,1727,1728
7987,1814,1815
7988,1709,1710
7988,1727,1728
7988,1746,1747
7988,1798,1799
7989,1604,1605
7989,1709,1710
7989,1727,1728
7989,1798,1799
7990,1472,1473
7990,1709,1710
7990,1746,1747
7990,1798,1799
7991,1472,1473
7991,1604,1605
7991,1709,1710
7991,1798,1799
7992,1478,1479
7992,1495,1496
7992,1531,1532
7992,1584,1585
7993,1431,1432
7993,1478,1479
7993,1495,1496
7993,1584,1585
7994,1431,1432
7994,1495,1496
7994,1569,1570
7994,1584,1585
7995,1495,1496
7995,1554,1555
7995,1569,1570
7995,1584,1585
7996,1495,1496
7996,1531,1532
7996,1554,1555
7996,1584,1585
7997,1478,1479
7997,1495,1496
7997,1531,1532
7997,1729,1730
7998,1495,1496
7998,1554,1555
7998,1555,1556
7998,1569,1570
7999,1495,1496
7999,1531,1532
7999,1554,1555
7999,1555,1556
8000,1431,1432
8000,1495,1496
8000,1569,1570
8000,1589,1590
8001,1431,1432
8001,1475,1476
8001,1478,1479
8001,1495,1496
8002,1495,1496
8002,1531,1532
8002,1659,1660
8002,1729,1730
8003,1450,1451
8003,1495,1496
8003,1569,1570
8003,1589,1590
8004,1450,1451
8004,1495,1496
8004,1589,1590
8004,1807,1808
8005,1475,1476
8005,1495,1496
8005,1589,1590
8005,1807,1808
8006,1431,1432
8006,1475,1476
8006,1495,1496
8006,1589,1590
8007,1450,1451
8007,1495,1496
8007,1555,1556
8007,1569,1570
8008,1495,1496
8008,1531,1532
8008,1555,1556
8008,1659,1660
8009,1412,1413
8009,1495,1496
8009,1659,1660
8009,1729,1730
8010,1412,1413
8010,1495,1496
8010,1659,1660
8010,1807,1808
8011,1450,1451
8011,1495,1496
8011,1552,1553
8011,1555,1556
8012,1450,1451
8012,1495,1496
8012,1552,1553
8012,1807,1808
8013,1495,1496
8013,1552,1553
8013,1555,1556
8013,1659,1660
8014,1495,1496
8014,1552,1553
8014,1659,1660
8014,1807,1808
8015,1322,1323
8015,1341,1342
8015,1448,1449
8015,1556,1557
8016,1322,1323
8016,1448,1449
8016,1524,1525
8016,1556,1557
8017,1322,1323
8017,1341,1342
8017,1410,1411
8017,1448,1449
8018,1322,1323
8018,1410,1411
8018,1448,1449
8018,1524,1525
8019,1322,1323
8019,1336,1337
8019,1341,1342
8019,1410,1411
8020,1322,1323
8020,1336,1337
8020,1410,1411
8020,1466,1467
8021,1322,1323
8021,1410,1411
8021,1415,1416
8021,1524,1525
8022,1322,1323
8022,1410,1411
8022,1415,1416
8022,1466,1467
8023,1322,1323
8023,1341,1342
8023,1397,1398
8023,1556,1557
8024,1322,1323
8024,1336,1337
8024,1341,1342
8024,1397,1398
8025,1294,1295
8025,1322,1323
8025,1415,1416
8025,1524,1525
8026,1294,1295
8026,1322,1323
8026,1415,1416
8026,1466,1467
8027,1294,1295
8027,1303,1304
8027,1322,1323
8027,1524,1525
8028,1303,1304
8028,1322,1323
8028,1397,1398
8028,1556,1557
8029,1294,1295
8029,1322,1323
8029,1466,1467
8029,1563,1564
8030,1322,1323
8030,1336,1337
8030,1466,1467
8030,1563,1564
8031,1266,1267
8031,1303,1304
8031,1322,1323
8031,1524,1525
8032,1266,1267
8032,1303,1304
8032,1322,1323
8032,1556,1557
8033,1266,1267
8033,1322,1323
8033,1524,1525
8033,1556,1557
8034,1303,1304
8034,1322,1323
8034,1397,1398
8034,1563,1564
8035,1322,1323
8035,1336,1337
8035,1397,1398
8035,1563,1564
8036,1294,1295
8036,1303,1304
8036,1322,1323
8036,1563,1564
8037,1449,1450
8037,1474,1475
8037,1498,1499
8037,1561,1562
8038,1449,1450
8038,1498,1499
8038,1561,1562
8038,1572,1573
8039,1449,1450
8039,1498,1499
8039,1572,1573
8039,1785,1786
8040,1418,1419
8040,1449,1450
8040,1498,1499
8040,1785,1786
8041,1418,1419
8041,1449,1450
8041,1474,1475
8041,1498,1499
8042,1449,1450
8042,1474,1475
8042,1561,1562
8042,1777,1778
8043,1449,1450
8043,1561,1562
8043,1572,1573
8043,1777,1778
8044,1449,1450
8044,1572,1573
8044,1777,1778
8044,1785,1786
8045,1418,1419
8045,1449,1450
8045,1451,1452
8045,1785,1786
8046,1449,1450
8046,1579,1580
8046,1737,1738
8046,1777,1778
8047,1449,1450
8047,1579,1580
8047,1777,1778
8047,1785,1786
8048,1449,1450
8048,1550,1551
8048,1737,1738
8048,1777,1778
8049,1449,1450
8049,1474,1475
8049,1550,1551
8049,1777,1778
8050,1433,1434
8050,1449,1450
8050,1451,1452
8050,1785,1786
8051,1449,1450
8051,1465,1466
8051,1550,1551
8051,1737,1738
8052,1449,1450
8052,1465,1466
8052,1474,1475
8052,1550,1551
8053,1449,1450
8053,1465,1466
8053,1474,1475
8053,1689,1690
8054,1418,1419
8054,1449,1450
8054,1474,1475
8054,1689,1690
8055,1433,1434
8055,1449,1450
8055,1579,1580
8055,1737,1738
8056,1433,1434
8056,1449,1450
8056,1579,1580
8056,1785,1786
8057,1418,1419
8057,1449,1450
8057,1451,1452
8057,1494,1495
8058,1433,1434
8058,1449,1450
8058,1618,1619
8058,1737,1738
8059,1433,1434
8059,1449,1450
8059,1451,1452
8059,1618,1619
8060,1449,1450
8060,1465,1466
8060,1494,1495
8060,1689,1690
8061,1418,1419
8061,1449,1450
8061,1494,1495
8061,1689,1690
8062,1449,1450
8062,1465,1466
8062,1618,1619
8062,1737,1738
8063,1449,1450
8063,1465,1466
8063,1494,1495
8063,1618,1619
8064,1449,1450
8064,1451,1452
8064,1494,1495
8064,1618,1619
8065,727,728
8065,822,823
8065,834,835
8065,1137,1138
8066,727,728
8066,803,804
8066,834,835
8066,1137,1138
8067,727,728
8067,822,823
8067,931,932
8067,1137,1138
8068,822,823
8068,834,835
8068,970,971
8068,1137,1138
8069,803,804
8069,834,835
8069,970,971
8069,1137,1138
8070,727,728
8070,931,932
8070,939,940
8070,1137,1138
8071,822,823
8071,920,921
8071,931,932
8071,1137,1138
8072,822,823
8072,920,921
8072,970,971
8072,1137,1138
8073,803,804
8073,970,971
8073,1084,1085
8073,1137,1138
8074,829,830
8074,920,921
8074,931,932
8074,1137,1138
8075,829,830
8075,931,932
8075,939,940
8075,1137,1138
8076,803,804
8076,965,966
8076,1089,1090
8076,1137,1138
8077,802,803
8077,939,940
8077,1089,1090
8077,1137,1138
8078,727,728
8078,802,803
8078,939,940
8078,1137,1138
8079,802,803
8079,803,804
8079,1089,1090
8079,1137,1138
8080,920,921
8080,965,966
8080,1084,1085
8080,1137,1138
8081,920,921
8081,970,971
8081,1084,1085
8081,1137,1138
8082,829,830
8082,965,966
8082,1137,1138
8082,1168,1169
8083,829,830
8083,920,921
8083,1137,1138
8083,1168,1169
8084,920,921
8084,965,966
8084,1137,1138
8084,1168,1169
8085,829,830
8085,965,966
8085,976,977
8085,1137,1138
8086,829,830
8086,939,940
8086,976,977
8086,1137,1138
8087,965,966
8087,976,977
8087,1089,1090
8087,1137,1138
8088,939,940
8088,976,977
8088,1089,1090
8088,1137,1138
8089,727,728
8089,803,804
8089,881,882
8089,1137,1138
8090,727,728
8090,802,803
8090,881,882
8090,1137,1138
8091,802,803
8091,803,804
8091,881,882
8091,1137,1138
8092,791,792
8092,801,802
8092,805,806
8092,851,852
8093,791,792
8093,805,806
8093,887,888
8093,941,942
8094,791,792
8094,805,806
8094,851,852
8094,941,942
8095,805,806
8095,851,852
8095,888,889
8095,941,942
8096,805,806
8096,875,876
8096,887,888
8096,910,911
8097,791,792
8097,805,806
8097,887,888
8097,910,911
8098,801,802
8098,805,806
8098,875,876
8098,910,911
8099,791,792
8099,801,802
8099,805,806
8099,910,911
8100,801,802
8100,805,806
8100,851,852
8100,1155,1156
8101,805,806
8101,851,852
8101,888,889
8101,1155,1156
8102,302,303
8102,315,316
8102,487,488
8102,602,603
8103,302,303
8103,314,315
8103,315,316
8103,538,539
8104,302,303
8104,314,315
8104,538,539
8104,602,603
8105,302,303
8105,315,316
8105,538,539
8105,602,603
8106,302,303
8106,315,316
8106,487,488
8106,607,608
8107,302,303
8107,398,399
8107,454,455
8107,607,608
8108,302,303
8108,315,316
8108,398,399
8108,607,608
8109,302,303
8109,314,315
8109,315,316
8109,398,399
8110,302,303
8110,454,455
8110,600,601
8110,607,608
8111,302,303
8111,487,488
8111,600,601
8111,607,608
8112,302,303
8112,314,315
8112,325,326
8112,602,603
8113,302,303
8113,325,326
8113,469,470
8113,602,603
8114,302,303
8114,469,470
8114,588,589
8114,602,603
8115,302,303
8115,487,488
8115,588,589
8115,602,603
8116,302,303
8116,314,315
8116,398,399
8116,569,570
8117,302,303
8117,398,399
8117,454,455
8117,569,570
8118,302,303
8118,314,315
8118,325,326
8118,569,570
8119,302,303
8119,306,307
8119,454,455
8119,600,601
8120,302,303
8120,487,488
8120,588,589
8120,600,601
8121,284,285
8121,302,303
8121,325,326
8121,469,470
8122,284,285
8122,302,303
8122,325,326
8122,569,570
8123,302,303
8123,454,455
8123,485,486
8123,569,570
8124,284,285
8124,302,303
8124,485,486
8124,569,570
8125,302,303
8125,306,307
8125,454,455
8125,481,482
8126,302,303
8126,306,307
8126,469,470
8126,481,482
8127,302,303
8127,306,307
8127,469,470
8127,588,589
8128,302,303
8128,306,307
8128,588,589
8128,600,601
8129,302,303
8129,454,455
8129,481,482
8129,485,486
8130,284,285
8130,302,303
8130,481,482
8130,485,486
8131,284,285
8131,302,303
8131,469,470
8131,481,482
8132,1554,1555
8132,1555,1556
8132,1569,1570
8132,1619,1620
8133,1483,1484
8133,1554,1555
8133,1555,1556
8133,1619,1620
8134,1216,1217
8134,1384,1385
8134,1483,1484
8134,1619,1620
8135,1216,1217
8135,1555,1556
8135,1581,1582
8135,1619,1620
8136,1216,1217
8136,1483,1484
8136,1578,1579
8136,1619,1620
8137,1216,1217
8137,1555,1556
8137,1578,1579
8137,1619,1620
8138,1483,1484
8138,1555,1556
8138,1578,1579
8138,1619,1620
8139,1216,1217
8139,1415,1416
8139,1581,1582
8139,1619,1620
8140,1450,1451
8140,1555,1556
8140,1581,1582
8140,1619,1620
8141,1450,1451
8141,1555,1556
8141,1569,1570
8141,1619,1620
8142,1216,1217
8142,1384,1385
8142,1600,1601
8142,1619,1620
8143,1384,1385
8143,1466,1467
8143,1600,1601
8143,1619,1620
8144,1294,1295
8144,1415,1416
8144,1466,1467
8144,1619,1620
8145,1415,1416
8145,1480,1481
8145,1581,1582
8145,1619,1620
8146,1450,1451
8146,1480,1481
8146,1581,1582
8146,1619,1620
8147,1450,1451
8147,1480,1481
8147,1569,1570
8147,1619,1620
8148,1216,1217
8148,1415,1416
8148,1600,1601
8148,1619,1620
8149,1415,1416
8149,1466,1467
8149,1600,1601
8149,1619,1620
8150,1294,1295
8150,1415,1416
8150,1480,1481
8150,1619,1620
8151,1294,1295
8151,1480,1481
8151,1569,1570
8151,1619,1620
8152,624,625
8152,627,628
8152,873,874
8152,1076,1077
8153,624,625
8153,627,628
8153,873,874
8153,953,954
8154,627,628
8154,873,874
8154,953,954
8154,973,974
8155,724,725
8155,819,820
8155,867,868
8155,873,874
8156,627,628
8156,873,874
8156,1076,1077
8156,1136,1137
8157,627,628
8157,819,820
8157,873,874
8157,1136,1137
8158,814,815
8158,873,874
8158,1076,1077
8158,1136,1137
8159,814,815
8159,819,820
8159,873,874
8159,1136,1137
8160,806,807
8160,819,820
8160,852,853
8160,1136,1137
8161,814,815
8161,852,853
8161,949,950
8161,1136,1137
8162,814,815
8162,819,820
8162,852,853
8162,1136,1137
8163,814,815
8163,826,827
8163,852,853
8163,1082,1083
8164,814,815
8164,852,853
8164,949,950
8164,1082,1083
8165,814,815
8165,826,827
8165,852,853
8165,915,916
8166,814,815
8166,819,820
8166,852,853
8166,915,916
8167,819,820
8167,824,825
8167,852,853
8167,915,916
8168,826,827
8168,852,853
8168,896,897
8168,1082,1083
8169,852,853
8169,896,897
8169,949,950
8169,1082,1083
8170,826,827
8170,852,853
8170,896,897
8170,988,989
8171,826,827
8171,852,853
8171,915,916
8171,1109,1110
8172,824,825
8172,852,853
8172,915,916
8172,1109,1110
8173,824,825
8173,852,853
8173,988,989
8173,1081,1082
8174,852,853
8174,896,897
8174,988,989
8174,1081,1082
8175,826,827
8175,852,853
8175,988,989
8175,1109,1110
8176,824,825
8176,852,853
8176,988,989
8176,1109,1110
8177,677,678
8177,686,687
8177,713,714
8177,936,937
8178,686,687
8178,697,698
8178,713,714
8178,936,937
8179,677,678
8179,686,687
8179,697,698
8179,936,937
8180,686,687
8180,687,688
8180,713,714
8180,789,790
8181,686,687
8181,697,698
8181,713,714
8181,789,790
8182,686,687
8182,687,688
8182,697,698
8182,789,790
8183,686,687
8183,687,688
8183,713,714
8183,917,918
8184,677,678
8184,686,687
8184,713,714
8184,950,951
8185,686,687
8185,687,688
8185,709,710
8185,719,720
8186,686,687
8186,687,688
8186,697,698
8186,709,710
8187,686,687
8187,713,714
8187,917,918
8187,950,951
8188,686,687
8188,706,707
8188,709,710
8188,719,720
8189,686,687
8189,697,698
8189,706,707
8189,709,710
8190,677,678
8190,686,687
8190,697,698
8190,739,740
8191,677,678
8191,686,687
8191,739,740
8191,878,879
8192,686,687
8192,697,698
8192,706,707
8192,739,740
8193,686,687
8193,706,707
8193,719,720
8193,878,879
8194,686,687
8194,706,707
8194,739,740
8194,878,879
8195,1032,1033
8195,1119,1120
8195,1134,1135
8195,1153,1154
8196,1119,1120
8196,1134,1135
8196,1153,1154
8196,1183,1184
8197,1049,1050
8197,1119,1120
8197,1134,1135
8197,1183,1184
8198,1053,1054
8198,1119,1120
8198,1153,1154
8198,1183,1184
8199,1032,1033
8199,1119,1120
8199,1134,1135
8199,1143,1144
8200,1049,1050
8200,1119,1120
8200,1134,1135
8200,1143,1144
8201,1049,1050
8201,1113,1114
8201,1119,1120
8201,1183,1184
8202,1053,1054
8202,1113,1114
8202,1119,1120
8202,1183,1184
8203,1032,1033
8203,1119,1120
8203,1153,1154
8203,1365,1366
8204,1053,1054
8204,1119,1120
8204,1153,1154
8204,1365,1366
8205,1032,1033
8205,1119,1120
8205,1130,1131
8205,1143,1144
8206,1032,1033
8206,1119,1120
8206,1130,1131
8206,1365,1366
8207,1045,1046
8207,1113,1114
8207,1119,1120
8207,1177,1178
8208,1045,1046
8208,1049,1050
8208,1113,1114
8208,1119,1120
8209,1053,1054
8209,1113,1114
8209,1119,1120
8209,1177,1178
8210,1053,1054
8210,1066,1067
8210,1119,1120
8210,1365,1366
8211,1066,1067
8211,1119,1120
8211,1130,1131
8211,1365,1366
8212,1027,1028
8212,1119,1120
8212,1130,1131
8212,1177,1178
8213,1027,1028
8213,1119,1120
8213,1130,1131
8213,1143,1144
8214,1053,1054
8214,1066,1067
8214,1119,1120
8214,1177,1178
8215,1066,1067
8215,1119,1120
8215,1130,1131
8215,1177,1178
8216,1027,1028
8216,1090,1091
8216,1119,1120
8216,1177,1178
8217,1027,1028
8217,1090,1091
8217,1119,1120
8217,1143,1144
8218,1045,1046
8218,1090,1091
8218,1119,1120
8218,1177,1178
8219,1045,1046
8219,1049,1050
8219,1090,1091
8219,1119,1120
8220,1049,1050
8220,1090,1091
8220,1119,1120
8220,1143,1144
8221,835,836
8221,919,920
8221,962,963
8221,1155,1156
8222,888,889
8222,919,920
8222,962,963
8222,1155,1156
8223,805,806
8223,888,889
8223,919,920
8223,1155,1156
8224,835,836
8224,919,920
8224,962,963
8224,1049,1050
8225,894,895
8225,919,920
8225,1026,1027
8225,1193,1194
8226,875,876
8226,919,920
8226,1026,1027
8226,1141,1142
8227,919,920
8227,1026,1027
8227,1141,1142
8227,1193,1194
8228,919,920
8228,962,963
8228,1025,1026
8228,1049,1050
8229,919,920
8229,1025,1026
8229,1049,1050
8229,1193,1194
8230,880,881
8230,1068,1069
8230,1092,1093
8230,1189,1190
8231,1015,1016
8231,1068,1069
8231,1092,1093
8231,1117,1118
8232,1017,1018
8232,1068,1069
8232,1092,1093
8232,1189,1190
8233,1002,1003
8233,1063,1064
8233,1068,1069
8233,1160,1161
8234,1007,1008
8234,1017,1018
8234,1068,1069
8234,1092,1093
8235,1007,1008
8235,1017,1018
8235,1063,1064
8235,1068,1069
8236,1017,1018
8236,1068,1069
8236,1160,1161
8236,1189,1190
8237,1017,1018
8237,1063,1064
8237,1068,1069
8237,1160,1161
8238,1007,1008
8238,1063,1064
8238,1068,1069
8238,1335,1336
8239,1002,1003
8239,1063,1064
8239,1068,1069
8239,1335,1336
8240,1007,1008
8240,1068,1069
8240,1323,1324
8240,1335,1336
8241,1015,1016
8241,1068,1069
8241,1092,1093
8241,1097,1098
8242,1007,1008
8242,1068,1069
8242,1092,1093
8242,1097,1098
8243,1015,1016
8243,1068,1069
8243,1097,1098
8243,1323,1324
8244,1007,1008
8244,1068,1069
8244,1097,1098
8244,1323,1324
8245,861,862
8245,894,895
8245,992,993
8245,1117,1118
8246,861,862
8246,992,993
8246,1158,1159
8246,1183,1184
8247,992,993
8247,1113,1114
8247,1158,1159
8247,1183,1184
8248,992,993
8248,1113,1114
8248,1158,1159
8248,1324,1325
8249,992,993
8249,1115,1116
8249,1193,1194
8249,1324,1325
8250,835,836
8250,861,862
8250,894,895
8250,992,993
8251,835,836
8251,861,862
8251,992,993
8251,1183,1184
8252,894,895
8252,992,993
8252,1115,1116
8252,1193,1194
8253,992,993
8253,1049,1050
8253,1113,1114
8253,1183,1184
8254,992,993
8254,1049,1050
8254,1193,1194
8254,1324,1325
8255,992,993
8255,1045,1046
8255,1049,1050
8255,1113,1114
8256,992,993
8256,1045,1046
8256,1113,1114
8256,1324,1325
8257,992,993
8257,1045,1046
8257,1049,1050
8257,1324,1325
8258,835,836
8258,992,993
8258,1049,1050
8258,1183,1184
8259,919,920
8259,992,993
8259,1049,1050
8259,1193,1194
8260,835,836
8260,919,920
8260,992,993
8260,1049,1050
8261,11,12
8261,247,248
8261,350,351
8261,391,392
8262,11,12
8262,181,182
8262,350,351
8262,391,392
8263,44,45
8263,181,182
8263,350,351
8263,391,392
8264,44,45
8264,77,78
8264,350,351
8264,391,392
8265,77,78
8265,247,248
8265,350,351
8265,391,392
8266,44,45
8266,77,78
8266,89,90
8266,391,392
8267,77,78
8267,89,90
8267,247,248
8267,391,392
8268,16,17
8268,92,93
8268,247,248
8268,391,392
8269,11,12
8269,16,17
8269,247,248
8269,391,392
8270,69,70
8270,89,90
8270,92,93
8270,391,392
8271,69,70
8271,92,93
8271,247,248
8271,391,392
8272,69,70
8272,89,90
8272,247,248
8272,391,392
8273,16,17
8273,74,75
8273,92,93
8273,391,392
8274,11,12
8274,16,17
8274,74,75
8274,391,392
8275,74,75
8275,92,93
8275,98,99
8275,391,392
8276,74,75
8276,98,99
8276,181,182
8276,391,392
8277,11,12
8277,74,75
8277,181,182
8277,391,392
8278,92,93
8278,98,99
8278,123,124
8278,391,392
8279,89,90
8279,92,93
8279,123,124
8279,391,392
8280,98,99
8280,123,124
8280,349,350
8280,391,392
8281,98,99
8281,181,182
8281,349,350
8281,391,392
8282,44,45
8282,181,182
8282,349,350
8282,391,392
8283,89,90
8283,123,124
8283,187,188
8283,391,392
8284,44,45
8284,89,90
8284,187,188
8284,391,392
8285,123,124
8285,187,188
8285,349,350
8285,391,392
8286,44,45
8286,187,188
8286,349,350
8286,391,392
8287,660,661
8287,761,762
8287,837,838
8287,916,917
8288,660,661
8288,761,762
8288,878,879
8288,916,917
8289,660,661
8289,677,678
8289,761,762
8289,837,838
8290,660,661
8290,677,678
8290,761,762
8290,878,879
8291,660,661
8291,677,678
8291,686,687
8291,878,879
8292,660,661
8292,837,838
8292,908,909
8292,950,951
8293,660,661
8293,677,678
8293,837,838
8293,950,951
8294,660,661
8294,677,678
8294,686,687
8294,950,951
8295,660,661
8295,837,838
8295,858,859
8295,908,909
8296,660,661
8296,837,838
8296,858,859
8296,916,917
8297,660,661
8297,858,859
8297,906,907
8297,908,909
8298,660,661
8298,858,859
8298,906,907
8298,916,917
8299,660,661
8299,686,687
8299,917,918
8299,950,951
8300,660,661
8300,828,829
8300,906,907
8300,916,917
8301,660,661
8301,828,829
8301,878,879
8301,916,917
8302,660,661
8302,686,687
8302,719,720
8302,878,879
8303,803,804
8303,965,966
8303,1010,1011
8303,1089,1090
8304,965,966
8304,1010,1011
8304,1089,1090
8304,1171,1172
8305,803,804
8305,1010,1011
8305,1022,1023
8305,1089,1090
8306,1010,1011
8306,1022,1023
8306,1089,1090
8306,1171,1172
8307,965,966
8307,1010,1011
8307,1084,1085
8307,1137,1138
8308,803,804
8308,1010,1011
8308,1084,1085
8308,1137,1138
8309,803,804
8309,965,966
8309,1010,1011
8309,1137,1138
8310,803,804
8310,945,946
8310,1010,1011
8310,1022,1023
8311,803,804
8311,970,971
8311,1010,1011
8311,1084,1085
8312,803,804
8312,945,946
8312,970,971
8312,1010,1011
8313,945,946
8313,1010,1011
8313,1022,1023
8313,1092,1093
8314,1010,1011
8314,1022,1023
8314,1092,1093
8314,1171,1172
8315,970,971
8315,1010,1011
8315,1058,1059
8315,1084,1085
8316,945,946
8316,970,971
8316,1010,1011
8316,1058,1059
8317,945,946
8317,1010,1011
8317,1058,1059
8317,1097,1098
8318,945,946
8318,1010,1011
8318,1092,1093
8318,1097,1098
8319,1010,1011
8319,1052,1053
8319,1058,1059
8319,1084,1085
8320,1010,1011
8320,1052,1053
8320,1058,1059
8320,1097,1098
8321,1007,1008
8321,1010,1011
8321,1052,1053
8321,1097,1098
8322,1007,1008
8322,1010,1011
8322,1092,1093
8322,1097,1098
8323,1009,1010
8323,1123,1124
8323,1126,1127
8323,1399,1400
8324,1009,1010
8324,1123,1124
8324,1126,1127
8324,1171,1172
8325,1123,1124
8325,1126,1127
8325,1171,1172
8325,1399,1400
8326,965,966
8326,1009,1010
8326,1123,1124
8326,1171,1172
8327,965,966
8327,1010,1011
8327,1123,1124
8327,1171,1172
8328,1009,1010
8328,1123,1124
8328,1308,1309
8328,1399,1400
8329,965,966
8329,1009,1010
8329,1084,1085
8329,1123,1124
8330,965,966
8330,1010,1011
8330,1084,1085
8330,1123,1124
8331,1007,1008
8331,1010,1011
8331,1052,1053
8331,1123,1124
8332,1052,1053
8332,1123,1124
8332,1280,1281
8332,1308,1309
8333,1123,1124
8333,1280,1281
8333,1308,1309
8333,1399,1400
8334,1009,1010
8334,1084,1085
8334,1123,1124
8334,1308,1309
8335,1052,1053
8335,1084,1085
8335,1123,1124
8335,1308,1309
8336,1010,1011
8336,1052,1053
8336,1084,1085
8336,1123,1124
8337,1003,1004
8337,1054,1055
8337,1175,1176
8337,1239,1240
8338,1003,1004
8338,1054,1055
8338,1239,1240
8338,1399,1400
8339,1003,1004
8339,1054,1055
8339,1175,1176
8339,1393,1394
8340,1003,1004
8340,1007,1008
8340,1175,1176
8340,1393,1394
8341,1003,1004
8341,1007,1008
8341,1124,1125
8341,1175,1176
8342,1003,1004
8342,1123,1124
8342,1280,1281
8342,1399,1400
8343,1003,1004
8343,1007,1008
8343,1052,1053
8343,1124,1125
8344,1003,1004
8344,1007,1008
8344,1052,1053
8344,1123,1124
8345,1003,1004
8345,1175,1176
8345,1239,1240
8345,1280,1281
8346,1003,1004
8346,1239,1240
8346,1280,1281
8346,1399,1400
8347,1003,1004
8347,1124,1125
8347,1175,1176
8347,1280,1281
8348,1003,1004
8348,1052,1053
8348,1124,1125
8348,1280,1281
8349,1003,1004
8349,1052,1053
8349,1123,1124
8349,1280,1281
8350,994,995
8350,1029,1030
8350,1054,1055
8350,1140,1141
8351,994,995
8351,1054,1055
8351,1140,1141
8351,1399,1400
8352,1003,1004
8352,1054,1055
8352,1140,1141
8352,1399,1400
8353,994,995
8353,1126,1127
8353,1140,1141
8353,1399,1400
8354,1126,1127
8354,1140,1141
8354,1171,1172
8354,1399,1400
8355,994,995
8355,996,997
8355,1126,1127
8355,1140,1141
8356,994,995
8356,996,997
8356,1029,1030
8356,1140,1141
8357,996,997
8357,1126,1127
8357,1140,1141
8357,1171,1172
8358,1017,1018
8358,1029,1030
8358,1140,1141
8358,1273,1274
8359,1029,1030
8359,1054,1055
8359,1140,1141
8359,1273,1274
8360,1123,1124
8360,1140,1141
8360,1171,1172
8360,1399,1400
8361,1003,1004
8361,1123,1124
8361,1140,1141
8361,1399,1400
8362,1003,1004
8362,1007,1008
8362,1123,1124
8362,1140,1141
8363,996,997
8363,1029,1030
8363,1105,1106
8363,1140,1141
8364,996,997
8364,1105,1106
8364,1140,1141
8364,1171,1172
8365,1017,1018
8365,1140,1141
8365,1273,1274
8365,1393,1394
8366,1054,1055
8366,1140,1141
8366,1273,1274
8366,1393,1394
8367,1007,1008
8367,1017,1018
8367,1140,1141
8367,1393,1394
8368,1003,1004
8368,1054,1055
8368,1140,1141
8368,1393,1394
8369,1003,1004
8369,1007,1008
8369,1140,1141
8369,1393,1394
8370,1017,1018
8370,1029,1030
8370,1105,1106
8370,1140,1141
8371,1007,1008
8371,1010,1011
8371,1123,1124
8371,1140,1141
8372,1010,1011
8372,1123,1124
8372,1140,1141
8372,1171,1172
8373,1007,1008
8373,1017,1018
8373,1092,1093
8373,1140,1141
8374,1017,1018
8374,1092,1093
8374,1105,1106
8374,1140,1141
8375,1007,1008
8375,1010,1011
8375,1092,1093
8375,1140,1141
8376,1010,1011
8376,1092,1093
8376,1140,1141
8376,1171,1172
8377,1022,1023
8377,1092,1093
8377,1140,1141
8377,1171,1172
8378,1022,1023
8378,1092,1093
8378,1105,1106
8378,1140,1141
8379,1022,1023
8379,1105,1106
8379,1140,1141
8379,1171,1172
8380,807,808
8380,823,824
8380,906,907
8380,938,939
8381,807,808
8381,823,824
8381,830,831
8381,938,939
8382,669,670
8382,807,808
8382,823,824
8382,830,831
8383,807,808
8383,830,831
8383,938,939
8383,1167,1168
8384,669,670
8384,807,808
8384,830,831
8384,1167,1168
8385,710,711
8385,760,761
8385,780,781
8385,927,928
8386,710,711
8386,745,746
8386,760,761
8386,780,781
8387,710,711
8387,760,761
8387,792,793
8387,927,928
8388,710,711
8388,745,746
8388,760,761
8388,823,824
8389,759,760
8389,760,761
8389,780,781
8389,927,928
8390,760,761
8390,792,793
8390,927,928
8390,956,957
8391,669,670
8391,760,761
8391,792,793
8391,956,957
8392,710,711
8392,760,761
8392,792,793
8392,932,933
8393,669,670
8393,760,761
8393,792,793
8393,932,933
8394,745,746
8394,760,761
8394,807,808
8394,823,824
8395,669,670
8395,760,761
8395,807,808
8395,823,824
8396,710,711
8396,760,761
8396,823,824
8396,932,933
8397,669,670
8397,760,761
8397,823,824
8397,932,933
8398,759,760
8398,760,761
8398,927,928
8398,956,957
8399,982,983
8399,1157,1158
8399,1314,1315
8399,1370,1371
8400,1157,1158
8400,1283,1284
8400,1305,1306
8400,1376,1377
8401,982,983
8401,1157,1158
8401,1283,1284
8401,1376,1377
8402,982,983
8402,1005,1006
8402,1157,1158
8402,1370,1371
8403,1005,1006
8403,1157,1158
8403,1370,1371
8403,1376,1377
8404,982,983
8404,1005,1006
8404,1157,1158
8404,1376,1377
8405,1157,1158
8405,1283,1284
8405,1287,1288
8405,1305,1306
8406,982,983
8406,1157,1158
8406,1254,1255
8406,1314,1315
8407,982,983
8407,1157,1158
8407,1254,1255
8407,1283,1284
8408,72,73
8408,111,112
8408,159,160
8408,321,322
8409,72,73
8409,100,101
8409,159,160
8409,321,322
8410,111,112
8410,159,160
8410,180,181
8410,321,322
8411,100,101
8411,159,160
8411,180,181
8411,321,322
8412,28,29
8412,72,73
8412,111,112
8412,159,160
8413,28,29
8413,72,73
8413,131,132
8413,159,160
8414,72,73
8414,100,101
8414,159,160
8414,192,193
8415,72,73
8415,131,132
8415,159,160
8415,192,193
8416,100,101
8416,107,108
8416,159,160
8416,180,181
8417,40,41
8417,100,101
8417,107,108
8417,159,160
8418,40,41
8418,100,101
8418,159,160
8418,192,193
8419,28,29
8419,111,112
8419,159,160
8419,261,262
8420,28,29
8420,131,132
8420,159,160
8420,261,262
8421,107,108
8421,159,160
8421,180,181
8421,280,281
8422,40,41
8422,107,108
8422,159,160
8422,280,281
8423,4,5
8423,40,41
8423,159,160
8423,280,281
8424,4,5
8424,40,41
8424,159,160
8424,192,193
8425,4,5
8425,131,132
8425,159,160
8425,192,193
8426,55,56
8426,159,160
8426,180,181
8426,280,281
8427,55,56
8427,111,112
8427,159,160
8427,180,181
8428,55,56
8428,111,112
8428,159,160
8428,261,262
8429,55,56
8429,159,160
8429,270,271
8429,280,281
8430,55,56
8430,159,160
8430,261,262
8430,270,271
8431,4,5
8431,134,135
8431,159,160
8431,280,281
8432,131,132
8432,134,135
8432,159,160
8432,261,262
8433,4,5
8433,131,132
8433,134,135
8433,159,160
8434,134,135
8434,159,160
8434,270,271
8434,280,281
8435,134,135
8435,159,160
8435,261,262
8435,270,271
8436,1112,1113
8436,1172,1173
8436,1347,1348
8436,1406,1407
8437,1112,1113
8437,1172,1173
8437,1347,1348
8437,1377,1378
8438,1172,1173
8438,1347,1348
8438,1377,1378
8438,1406,1407
8439,1065,1066
8439,1172,1173
8439,1377,1378
8439,1406,1407
8440,1031,1032
8440,1065,1066
8440,1172,1173
8440,1406,1407
8441,1067,1068
8441,1112,1113
8441,1172,1173
8441,1249,1250
8442,1067,1068
8442,1112,1113
8442,1172,1173
8442,1377,1378
8443,1065,1066
8443,1146,1147
8443,1172,1173
8443,1377,1378
8444,1034,1035
8444,1112,1113
8444,1172,1173
8444,1249,1250
8445,1067,1068
8445,1146,1147
8445,1172,1173
8445,1249,1250
8446,1067,1068
8446,1146,1147
8446,1172,1173
8446,1377,1378
8447,1095,1096
8447,1146,1147
8447,1172,1173
8447,1249,1250
8448,1031,1032
8448,1034,1035
8448,1172,1173
8448,1194,1195
8449,1031,1032
8449,1172,1173
8449,1194,1195
8449,1406,1407
8450,1034,1035
8450,1112,1113
8450,1172,1173
8450,1194,1195
8451,1112,1113
8451,1172,1173
8451,1194,1195
8451,1406,1407
8452,1034,1035
8452,1095,1096
8452,1172,1173
8452,1249,1250
8453,826,827
8453,896,897
8453,984,985
8453,1038,1039
8454,826,827
8454,984,985
8454,993,994
8454,1038,1039
8455,984,985
8455,1082,1083
8455,1095,1096
8455,1146,1147
8456,896,897
8456,984,985
8456,1082,1083
8456,1095,1096
8457,826,827
8457,896,897
8457,984,985
8457,1082,1083
8458,984,985
8458,1065,1066
8458,1099,1100
8458,1146,1147
8459,984,985
8459,1082,1083
8459,1096,1097
8459,1146,1147
8460,984,985
8460,1096,1097
8460,1099,1100
8460,1146,1147
8461,984,985
8461,1096,1097
8461,1099,1100
8461,1329,1330
8462,1091,1092
8462,1121,1122
8462,1316,1317
8462,1389,1390
8463,1038,1039
8463,1121,1122
8463,1316,1317
8463,1389,1390
8464,1030,1031
8464,1091,1092
8464,1121,1122
8464,1316,1317
8465,1030,1031
8465,1038,1039
8465,1121,1122
8465,1316,1317
8466,993,994
8466,1030,1031
8466,1038,1039
8466,1316,1317
8467,984,985
8467,993,994
8467,1038,1039
8467,1316,1317
8468,1040,1041
8468,1284,1285
8468,1306,1307
8468,1364,1365
8469,1065,1066
8469,1277,1278
8469,1284,1285
8469,1377,1378
8470,1040,1041
8470,1235,1236
8470,1284,1285
8470,1364,1365
8471,1040,1041
8471,1099,1100
8471,1235,1236
8471,1284,1285
8472,1099,1100
8472,1235,1236
8472,1284,1285
8472,1377,1378
8473,1065,1066
8473,1099,1100
8473,1284,1285
8473,1377,1378
8474,1284,1285
8474,1306,1307
8474,1364,1365
8474,1603,1604
8475,1277,1278
8475,1284,1285
8475,1306,1307
8475,1603,1604
8476,1284,1285
8476,1344,1345
8476,1364,1365
8476,1603,1604
8477,1277,1278
8477,1284,1285
8477,1344,1345
8477,1603,1604
8478,1235,1236
8478,1284,1285
8478,1344,1345
8478,1364,1365
8479,1235,1236
8479,1284,1285
8479,1344,1345
8479,1377,1378
8480,1284,1285
8480,1344,1345
8480,1347,1348
8480,1377,1378
8481,1277,1278
8481,1284,1285
8481,1344,1345
8481,1347,1348
8482,1277,1278
8482,1284,1285
8482,1347,1348
8482,1377,1378
8483,990,991
8483,1030,1031
8483,1061,1062
8483,1150,1151
8484,990,991
8484,1002,1003
8484,1030,1031
8484,1061,1062
8485,1061,1062
8485,1114,1115
8485,1121,1122
8485,1150,1151
8486,1030,1031
8486,1061,1062
8486,1121,1122
8486,1150,1151
8487,1061,1062
8487,1114,1115
8487,1115,1116
8487,1150,1151
8488,990,991
8488,1061,1062
8488,1115,1116
8488,1150,1151
8489,990,991
8489,1002,1003
8489,1061,1062
8489,1115,1116
8490,1061,1062
8490,1091,1092
8490,1114,1115
8490,1121,1122
8491,1030,1031
8491,1061,1062
8491,1091,1092
8491,1121,1122
8492,1030,1031
8492,1061,1062
8492,1091,1092
8492,1174,1175
8493,1061,1062
8493,1114,1115
8493,1115,1116
8493,1324,1325
8494,1002,1003
8494,1061,1062
8494,1115,1116
8494,1324,1325
8495,1061,1062
8495,1091,1092
8495,1114,1115
8495,1264,1265
8496,1061,1062
8496,1091,1092
8496,1174,1175
8496,1264,1265
8497,1061,1062
8497,1093,1094
8497,1114,1115
8497,1264,1265
8498,1061,1062
8498,1093,1094
8498,1174,1175
8498,1264,1265
8499,1061,1062
8499,1093,1094
8499,1114,1115
8499,1324,1325
8500,168,169
8500,240,241
8500,246,247
8500,295,296
8501,132,133
8501,168,169
8501,240,241
8501,246,247
8502,149,150
8502,168,169
8502,246,247
8502,295,296
8503,132,133
8503,149,150
8503,168,169
8503,246,247
8504,240,241
8504,246,247
8504,295,296
8504,611,612
8505,240,241
8505,246,247
8505,611,612
8505,612,613
8506,132,133
8506,240,241
8506,246,247
8506,263,264
8507,240,241
8507,246,247
8507,263,264
8507,612,613
8508,132,133
8508,246,247
8508,263,264
8508,612,613
8509,24,25
8509,132,133
8509,149,150
8509,246,247
8510,246,247
8510,512,513
8510,611,612
8510,612,613
8511,149,150
8511,167,168
8511,246,247
8511,295,296
8512,24,25
8512,149,150
8512,167,168
8512,246,247
8513,246,247
8513,300,301
8513,512,513
8513,611,612
8514,167,168
8514,246,247
8514,295,296
8514,611,612
8515,167,168
8515,246,247
8515,300,301
8515,611,612
8516,24,25
8516,167,168
8516,246,247
8516,363,364
8517,167,168
8517,246,247
8517,300,301
8517,363,364
8518,688,689
8518,862,863
8518,944,945
8518,1155,1156
8519,688,689
8519,888,889
8519,944,945
8519,1155,1156
8520,862,863
8520,944,945
8520,962,963
8520,1155,1156
8521,888,889
8521,944,945
8521,962,963
8521,1155,1156
8522,862,863
8522,899,900
8522,944,945
8522,962,963
8523,816,817
8523,862,863
8523,899,900
8523,944,945
8524,688,689
8524,816,817
8524,862,863
8524,944,945
8525,899,900
8525,944,945
8525,962,963
8525,998,999
8526,688,689
8526,778,779
8526,816,817
8526,944,945
8527,688,689
8527,888,889
8527,892,893
8527,944,945
8528,944,945
8528,961,962
8528,962,963
8528,998,999
8529,888,889
8529,944,945
8529,961,962
8529,962,963
8530,888,889
8530,892,893
8530,944,945
8530,961,962
8531,653,654
8531,688,689
8531,892,893
8531,944,945
8532,653,654
8532,688,689
8532,778,779
8532,944,945
8533,848,849
8533,891,892
8533,1060,1061
8533,1182,1183
8534,848,849
8534,1060,1061
8534,1182,1183
8534,1356,1357
8535,1048,1049
8535,1060,1061
8535,1182,1183
8535,1356,1357
8536,1048,1049
8536,1138,1139
8536,1182,1183
8536,1356,1357
8537,1048,1049
8537,1101,1102
8537,1138,1139
8537,1182,1183
8538,840,841
8538,1048,1049
8538,1101,1102
8538,1182,1183
8539,1077,1078
8539,1090,1091
8539,1101,1102
8539,1145,1146
8540,1048,1049
8540,1077,1078
8540,1101,1102
8540,1145,1146
8541,1025,1026
8541,1077,1078
8541,1090,1091
8541,1101,1102
8542,1025,1026
8542,1048,1049
8542,1077,1078
8542,1101,1102
8543,1025,1026
8543,1048,1049
8543,1077,1078
8543,1141,1142
8544,1045,1046
8544,1077,1078
8544,1093,1094
8544,1193,1194
8545,1037,1038
8545,1045,1046
8545,1077,1078
8545,1093,1094
8546,1037,1038
8546,1077,1078
8546,1093,1094
8546,1145,1146
8547,1037,1038
8547,1045,1046
8547,1077,1078
8547,1090,1091
8548,1037,1038
8548,1077,1078
8548,1090,1091
8548,1145,1146
8549,1077,1078
8549,1093,1094
8549,1114,1115
8549,1193,1194
8550,1077,1078
8550,1114,1115
8550,1141,1142
8550,1193,1194
8551,1077,1078
8551,1093,1094
8551,1114,1115
8551,1264,1265
8552,1077,1078
8552,1093,1094
8552,1145,1146
8552,1264,1265
8553,1045,1046
8553,1049,1050
8553,1077,1078
8553,1193,1194
8554,1025,1026
8554,1049,1050
8554,1077,1078
8554,1193,1194
8555,1045,1046
8555,1049,1050
8555,1077,1078
8555,1090,1091
8556,1025,1026
8556,1049,1050
8556,1077,1078
8556,1090,1091
8557,919,920
8557,1025,1026
8557,1077,1078
8557,1193,1194
8558,919,920
8558,1077,1078
8558,1141,1142
8558,1193,1194
8559,919,920
8559,1025,1026
8559,1077,1078
8559,1141,1142
8560,27,28
8560,43,44
8560,51,52
8560,276,277
8561,27,28
8561,51,52
8561,126,127
8561,276,277
8562,27,28
8562,43,44
8562,51,52
8562,63,64
8563,27,28
8563,45,46
8563,51,52
8563,63,64
8564,45,46
8564,51,52
8564,63,64
8564,142,143
8565,27,28
8565,45,46
8565,51,52
8565,126,127
8566,45,46
8566,51,52
8566,126,127
8566,142,143
8567,51,52
8567,63,64
8567,142,143
8567,275,276
8568,43,44
8568,51,52
8568,63,64
8568,275,276
8569,51,52
8569,78,79
8569,142,143
8569,275,276
8570,51,52
8570,78,79
8570,137,138
8570,142,143
8571,51,52
8571,137,138
8571,142,143
8571,170,171
8572,51,52
8572,126,127
8572,142,143
8572,170,171
8573,237,238
8573,304,305
8573,355,356
8573,399,400
8574,237,238
8574,241,242
8574,380,381
8574,399,400
8575,237,238
8575,355,356
8575,380,381
8575,399,400
8576,237,238
8576,241,242
8576,387,388
8576,399,400
8577,237,238
8577,304,305
8577,387,388
8577,399,400
8578,237,238
8578,355,356
8578,380,381
8578,560,561
8579,237,238
8579,241,242
8579,273,274
8579,387,388
8580,237,238
8580,304,305
8580,347,348
8580,355,356
8581,237,238
8581,347,348
8581,355,356
8581,560,561
8582,237,238
8582,304,305
8582,347,348
8582,534,535
8583,211,212
8583,237,238
8583,241,242
8583,380,381
8584,237,238
8584,365,366
8584,372,373
8584,560,561
8585,237,238
8585,372,373
8585,380,381
8585,560,561
8586,237,238
8586,273,274
8586,387,388
8586,534,535
8587,237,238
8587,273,274
8587,365,366
8587,534,535
8588,237,238
8588,304,305
8588,387,388
8588,534,535
8589,211,212
8589,237,238
8589,273,274
8589,365,366
8590,211,212
8590,237,238
8590,241,242
8590,273,274
8591,237,238
8591,347,348
8591,365,366
8591,534,535
8592,237,238
8592,347,348
8592,365,366
8592,560,561
8593,211,212
8593,237,238
8593,365,366
8593,372,373
8594,211,212
8594,237,238
8594,372,373
8594,380,381
8595,1656,1657
8595,1695,1696
8595,1710,1711
8595,1728,1729
8596,1656,1657
8596,1695,1696
8596,1728,1729
8596,1810,1811
8597,1629,1630
8597,1656,1657
8597,1695,1696
8597,1710,1711
8598,1629,1630
8598,1656,1657
8598,1710,1711
8598,1793,1794
8599,1656,1657
8599,1695,1696
8599,1705,1706
8599,1802,1803
8600,1656,1657
8600,1695,1696
8600,1802,1803
8600,1810,1811
8601,1638,1639
8601,1656,1657
8601,1705,1706
8601,1822,1823
8602,1638,1639
8602,1656,1657
8602,1793,1794
8602,1822,1823
8603,1638,1639
8603,1656,1657
8603,1705,1706
8603,1793,1794
8604,1629,1630
8604,1656,1657
8604,1695,1696
8604,1705,1706
8605,1629,1630
8605,1656,1657
8605,1705,1706
8605,1793,1794
8606,1656,1657
8606,1705,1706
8606,1743,1744
8606,1822,1823
8607,1656,1657
8607,1743,1744
8607,1752,1753
8607,1822,1823
8608,1656,1657
8608,1705,1706
8608,1743,1744
8608,1752,1753
8609,1656,1657
8609,1691,1692
8609,1810,1811
8609,1822,1823
8610,1656,1657
8610,1691,1692
8610,1752,1753
8610,1822,1823
8611,1656,1657
8611,1691,1692
8611,1752,1753
8611,1810,1811
8612,1656,1657
8612,1705,1706
8612,1752,1753
8612,1802,1803
8613,1656,1657
8613,1752,1753
8613,1802,1803
8613,1810,1811
8614,1148,1149
8614,1260,1261
8614,1355,1356
8614,1407,1408
8615,1148,1149
8615,1260,1261
8615,1355,1356
8615,1367,1368
8616,1260,1261
8616,1338,1339
8616,1355,1356
8616,1407,1408
8617,1148,1149
8617,1286,1287
8617,1355,1356
8617,1407,1408
8618,1148,1149
8618,1355,1356
8618,1367,1368
8618,1393,1394
8619,1260,1261
8619,1272,1273
8619,1355,1356
8619,1367,1368
8620,1260,1261
8620,1272,1273
8620,1338,1339
8620,1355,1356
8621,1286,1287
8621,1355,1356
8621,1375,1376
8621,1393,1394
8622,1148,1149
8622,1286,1287
8622,1355,1356
8622,1393,1394
8623,1286,1287
8623,1312,1313
8623,1355,1356
8623,1407,1408
8624,1207,1208
8624,1355,1356
8624,1375,1376
8624,1393,1394
8625,1207,1208
8625,1355,1356
8625,1367,1368
8625,1393,1394
8626,1281,1282
8626,1286,1287
8626,1355,1356
8626,1375,1376
8627,1281,1282
8627,1286,1287
8627,1312,1313
8627,1355,1356
8628,1207,1208
8628,1355,1356
8628,1375,1376
8628,1591,1592
8629,1207,1208
8629,1355,1356
8629,1367,1368
8629,1591,1592
8630,1229,1230
8630,1355,1356
8630,1375,1376
8630,1509,1510
8631,1229,1230
8631,1338,1339
8631,1355,1356
8631,1509,1510
8632,1229,1230
8632,1255,1256
8632,1338,1339
8632,1355,1356
8633,1255,1256
8633,1338,1339
8633,1355,1356
8633,1407,1408
8634,1272,1273
8634,1355,1356
8634,1367,1368
8634,1591,1592
8635,1272,1273
8635,1338,1339
8635,1355,1356
8635,1509,1510
8636,1229,1230
8636,1281,1282
8636,1355,1356
8636,1375,1376
8637,1229,1230
8637,1281,1282
8637,1312,1313
8637,1355,1356
8638,1229,1230
8638,1255,1256
8638,1312,1313
8638,1355,1356
8639,1255,1256
8639,1312,1313
8639,1355,1356
8639,1407,1408
8640,1355,1356
8640,1375,1376
8640,1509,1510
8640,1591,1592
8641,1272,1273
8641,1355,1356
8641,1509,1510
8641,1591,1592
8642,1277,1278
8642,1306,1307
8642,1394,1395
8642,1607,1608
8643,1243,1244
8643,1277,1278
8643,1394,1395
8643,1607,1608
8644,1243,1244
8644,1277,1278
8644,1330,1331
8644,1394,1395
8645,1243,1244
8645,1394,1395
8645,1435,1436
8645,1607,1608
8646,1039,1040
8646,1394,1395
8646,1435,1436
8646,1607,1608
8647,1039,1040
8647,1306,1307
8647,1394,1395
8647,1607,1608
8648,1277,1278
8648,1284,1285
8648,1306,1307
8648,1394,1395
8649,1065,1066
8649,1277,1278
8649,1330,1331
8649,1394,1395
8650,1065,1066
8650,1277,1278
8650,1284,1285
8650,1394,1395
8651,849,850
8651,889,890
8651,949,950
8651,1028,1029
8652,849,850
8652,889,890
8652,923,924
8652,1041,1042
8653,849,850
8653,923,924
8653,1028,1029
8653,1041,1042
8654,849,850
8654,889,890
8654,1028,1029
8654,1041,1042
8655,849,850
8655,949,950
8655,1127,1128
8655,1133,1134
8656,849,850
8656,949,950
8656,1028,1029
8656,1133,1134
8657,1065,1066
8657,1099,1100
8657,1263,1264
8657,1284,1285
8658,993,994
8658,1030,1031
8658,1263,1264
8658,1276,1277
8659,984,985
8659,1065,1066
8659,1099,1100
8659,1263,1264
8660,1040,1041
8660,1099,1100
8660,1263,1264
8660,1284,1285
8661,1030,1031
8661,1039,1040
8661,1263,1264
8661,1276,1277
8662,993,994
8662,1030,1031
8662,1263,1264
8662,1316,1317
8663,984,985
8663,1065,1066
8663,1263,1264
8663,1316,1317
8664,984,985
8664,993,994
8664,1263,1264
8664,1316,1317
8665,1039,1040
8665,1040,1041
8665,1263,1264
8665,1276,1277
8666,1065,1066
8666,1263,1264
8666,1284,1285
8666,1394,1395
8667,1039,1040
8667,1040,1041
8667,1263,1264
8667,1306,1307
8668,1040,1041
8668,1263,1264
8668,1284,1285
8668,1306,1307
8669,1065,1066
8669,1263,1264
8669,1316,1317
8669,1394,1395
8670,1039,1040
8670,1263,1264
8670,1306,1307
8670,1394,1395
8671,1263,1264
8671,1284,1285
8671,1306,1307
8671,1394,1395
8672,1074,1075
8672,1158,1159
8672,1301,1302
8672,1323,1324
8673,1074,1075
8673,1113,1114
8673,1158,1159
8673,1301,1302
8674,1074,1075
8674,1113,1114
8674,1158,1159
8674,1324,1325
8675,1016,1017
8675,1074,1075
8675,1234,1235
8675,1301,1302
8676,1074,1075
8676,1234,1235
8676,1301,1302
8676,1323,1324
8677,1016,1017
8677,1074,1075
8677,1301,1302
8677,1319,1320
8678,1074,1075
8678,1113,1114
8678,1301,1302
8678,1319,1320
8679,1074,1075
8679,1113,1114
8679,1319,1320
8679,1324,1325
8680,1016,1017
8680,1074,1075
8680,1209,1210
8680,1234,1235
8681,1074,1075
8681,1234,1235
8681,1323,1324
8681,1335,1336
8682,1074,1075
8682,1209,1210
8682,1234,1235
8682,1335,1336
8683,1002,1003
8683,1074,1075
8683,1209,1210
8683,1335,1336
8684,1068,1069
8684,1074,1075
8684,1323,1324
8684,1335,1336
8685,1002,1003
8685,1068,1069
8685,1074,1075
8685,1323,1324
8686,1002,1003
8686,1068,1069
8686,1074,1075
8686,1335,1336
8687,1214,1215
8687,1290,1291
8687,1395,1396
8687,1397,1398
8688,1214,1215
8688,1336,1337
8688,1395,1396
8688,1397,1398
8689,1037,1038
8689,1214,1215
8689,1290,1291
8689,1319,1320
8690,1214,1215
8690,1290,1291
8690,1319,1320
8690,1397,1398
8691,1037,1038
8691,1214,1215
8691,1290,1291
8691,1374,1375
8692,1214,1215
8692,1290,1291
8692,1374,1375
8692,1395,1396
8693,1037,1038
8693,1177,1178
8693,1214,1215
8693,1319,1320
8694,1177,1178
8694,1214,1215
8694,1319,1320
8694,1397,1398
8695,1037,1038
8695,1147,1148
8695,1214,1215
8695,1374,1375
8696,1147,1148
8696,1214,1215
8696,1374,1375
8696,1395,1396
8697,1147,1148
8697,1214,1215
8697,1348,1349
8697,1395,1396
8698,1214,1215
8698,1336,1337
8698,1348,1349
8698,1395,1396
8699,1027,1028
8699,1037,1038
8699,1147,1148
8699,1214,1215
8700,1027,1028
8700,1147,1148
8700,1166,1167
8700,1214,1215
8701,1027,1028
8701,1037,1038
8701,1177,1178
8701,1214,1215
8702,1027,1028
8702,1166,1167
8702,1177,1178
8702,1214,1215
8703,1147,1148
8703,1166,1167
8703,1214,1215
8703,1348,1349
8704,1166,1167
8704,1214,1215
8704,1218,1219
8704,1348,1349
8705,1214,1215
8705,1218,1219
8705,1336,1337
8705,1348,1349
8706,1214,1215
8706,1218,1219
8706,1341,1342
8706,1397,1398
8707,1214,1215
8707,1218,1219
8707,1336,1337
8707,1341,1342
8708,1214,1215
8708,1336,1337
8708,1341,1342
8708,1397,1398
8709,1185,1186
8709,1214,1215
8709,1218,1219
8709,1397,1398
8710,1177,1178
8710,1185,1186
8710,1214,1215
8710,1397,1398
8711,1066,1067
8711,1166,1167
8711,1214,1215
8711,1218,1219
8712,1066,1067
8712,1166,1167
8712,1177,1178
8712,1214,1215
8713,1066,1067
8713,1185,1186
8713,1214,1215
8713,1218,1219
8714,1066,1067
8714,1177,1178
8714,1185,1186
8714,1214,1215
8715,702,703
8715,738,739
8715,876,877
8715,901,902
8716,702,703
8716,738,739
8716,847,848
8716,876,877
8717,643,644
8717,876,877
8717,901,902
8717,973,974
8718,627,628
8718,643,644
8718,876,877
8718,973,974
8719,627,628
8719,873,874
8719,876,877
8719,973,974
8720,724,725
8720,819,820
8720,873,874
8720,876,877
8721,702,703
8721,876,877
8721,901,902
8721,946,947
8722,702,703
8722,806,807
8722,876,877
8722,946,947
8723,643,644
8723,876,877
8723,901,902
8723,946,947
8724,643,644
8724,806,807
8724,876,877
8724,946,947
8725,643,644
8725,806,807
8725,827,828
8725,876,877
8726,627,628
8726,806,807
8726,827,828
8726,876,877
8727,627,628
8727,643,644
8727,827,828
8727,876,877
8728,627,628
8728,806,807
8728,819,820
8728,876,877
8729,627,628
8729,819,820
8729,873,874
8729,876,877
8730,637,638
8730,724,725
8730,813,814
8730,847,848
8731,637,638
8731,813,814
8731,824,825
8731,867,868
8732,637,638
8732,724,725
8732,813,814
8732,867,868
8733,637,638
8733,813,814
8733,824,825
8733,912,913
8734,637,638
8734,813,814
8734,847,848
8734,912,913
8735,813,814
8735,819,820
8735,824,825
8735,867,868
8736,724,725
8736,813,814
8736,819,820
8736,867,868
8737,813,814
8737,824,825
8737,879,880
8737,912,913
8738,622,623
8738,813,814
8738,879,880
8738,912,913
8739,622,623
8739,813,814
8739,847,848
8739,912,913
8740,806,807
8740,813,814
8740,824,825
8740,879,880
8741,806,807
8741,813,814
8741,819,820
8741,824,825
8742,724,725
8742,813,814
8742,847,848
8742,876,877
8743,622,623
8743,702,703
8743,813,814
8743,879,880
8744,622,623
8744,702,703
8744,813,814
8744,847,848
8745,806,807
8745,813,814
8745,819,820
8745,876,877
8746,724,725
8746,813,814
8746,819,820
8746,876,877
8747,702,703
8747,806,807
8747,813,814
8747,879,880
8748,702,703
8748,806,807
8748,813,814
8748,876,877
8749,702,703
8749,813,814
8749,847,848
8749,876,877
8750,501,502
8750,628,629
8750,774,775
8750,973,974
8751,434,435
8751,628,629
8751,724,725
8751,774,775
8752,628,629
8752,724,725
8752,774,775
8752,873,874
8753,628,629
8753,774,775
8753,873,874
8753,973,974
8754,628,629
8754,724,725
8754,873,874
8754,876,877
8755,628,629
8755,873,874
8755,876,877
8755,973,974
8756,434,435
8756,501,502
8756,628,629
8756,663,664
8757,434,435
8757,628,629
8757,663,664
8757,774,775
8758,501,502
8758,628,629
8758,663,664
8758,774,775
8759,628,629
8759,738,739
8759,847,848
8759,876,877
8760,628,629
8760,724,725
8760,847,848
8760,876,877
8761,628,629
8761,738,739
8761,876,877
8761,901,902
8762,628,629
8762,876,877
8762,901,902
8762,973,974
8763,434,435
8763,510,511
8763,628,629
8763,738,739
8764,434,435
8764,628,629
8764,738,739
8764,847,848
8765,434,435
8765,628,629
8765,724,725
8765,847,848
8766,501,502
8766,510,511
8766,628,629
8766,674,675
8767,510,511
8767,628,629
8767,674,675
8767,738,739
8768,436,437
8768,501,502
8768,628,629
8768,674,675
8769,436,437
8769,501,502
8769,628,629
8769,973,974
8770,628,629
8770,674,675
8770,738,739
8770,901,902
8771,434,435
8771,510,511
8771,628,629
8771,735,736
8772,501,502
8772,510,511
8772,628,629
8772,735,736
8773,434,435
8773,501,502
8773,628,629
8773,735,736
8774,436,437
8774,628,629
8774,674,675
8774,898,899
8775,436,437
8775,628,629
8775,898,899
8775,973,974
8776,628,629
8776,674,675
8776,898,899
8776,901,902
8777,628,629
8777,898,899
8777,901,902
8777,973,974
8778,662,663
8778,687,688
8778,754,755
8778,868,869
8779,662,663
8779,687,688
8779,868,869
8779,917,918
8780,662,663
8780,683,684
8780,687,688
8780,719,720
8781,662,663
8781,683,684
8781,687,688
8781,754,755
8782,662,663
8782,683,684
8782,719,720
8782,745,746
8783,662,663
8783,683,684
8783,745,746
8783,754,755
8784,662,663
8784,686,687
8784,687,688
8784,719,720
8785,662,663
8785,686,687
8785,687,688
8785,917,918
8786,660,661
8786,662,663
8786,686,687
8786,719,720
8787,982,983
8787,1005,1006
8787,1215,1216
8787,1376,1377
8788,982,983
8788,1080,1081
8788,1215,1216
8788,1376,1377
8789,982,983
8789,1080,1081
8789,1200,1201
8789,1215,1216
8790,1005,1006
8790,1020,1021
8790,1215,1216
8790,1376,1377
8791,982,983
8791,1005,1006
8791,1104,1105
8791,1215,1216
8792,982,983
8792,1104,1105
8792,1200,1201
8792,1215,1216
8793,1020,1021
8793,1165,1166
8793,1215,1216
8793,1376,1377
8794,1080,1081
8794,1165,1166
8794,1215,1216
8794,1376,1377
8795,1005,1006
8795,1104,1105
8795,1162,1163
8795,1215,1216
8796,1005,1006
8796,1020,1021
8796,1162,1163
8796,1215,1216
8797,1020,1021
8797,1069,1070
8797,1165,1166
8797,1215,1216
8798,1069,1070
8798,1080,1081
8798,1165,1166
8798,1215,1216
8799,1104,1105
8799,1162,1163
8799,1215,1216
8799,1381,1382
8800,1080,1081
8800,1200,1201
8800,1215,1216
8800,1381,1382
8801,1104,1105
8801,1176,1177
8801,1215,1216
8801,1381,1382
8802,1176,1177
8802,1200,1201
8802,1215,1216
8802,1381,1382
8803,1104,1105
8803,1176,1177
8803,1200,1201
8803,1215,1216
8804,1069,1070
8804,1162,1163
8804,1215,1216
8804,1381,1382
8805,1020,1021
8805,1069,1070
8805,1162,1163
8805,1215,1216
8806,1069,1070
8806,1181,1182
8806,1215,1216
8806,1381,1382
8807,1080,1081
8807,1181,1182
8807,1215,1216
8807,1381,1382
8808,1069,1070
8808,1080,1081
8808,1181,1182
8808,1215,1216
8809,1445,1446
8809,1571,1572
8809,1635,1636
8809,1685,1686
8810,1317,1318
8810,1446,1447
8810,1571,1572
8810,1685,1686
8811,1317,1318
8811,1445,1446
8811,1571,1572
8811,1685,1686
8812,1446,1447
8812,1525,1526
8812,1571,1572
8812,1685,1686
8813,1446,1447
8813,1525,1526
8813,1570,1571
8813,1571,1572
8814,1538,1539
8814,1571,1572
8814,1635,1636
8814,1685,1686
8815,1538,1539
8815,1570,1571
8815,1571,1572
8815,1635,1636
8816,1445,1446
8816,1571,1572
8816,1635,1636
8816,1805,1806
8817,1525,1526
8817,1538,1539
8817,1571,1572
8817,1685,1686
8818,1525,1526
8818,1538,1539
8818,1570,1571
8818,1571,1572
8819,1430,1431
8819,1558,1559
8819,1570,1571
8819,1571,1572
8820,1430,1431
8820,1446,1447
8820,1570,1571
8820,1571,1572
8821,1504,1505
8821,1558,1559
8821,1570,1571
8821,1571,1572
8822,1268,1269
8822,1317,1318
8822,1445,1446
8822,1571,1572
8823,1268,1269
8823,1445,1446
8823,1571,1572
8823,1805,1806
8824,1317,1318
8824,1430,1431
8824,1558,1559
8824,1571,1572
8825,1317,1318
8825,1430,1431
8825,1446,1447
8825,1571,1572
8826,1504,1505
8826,1558,1559
8826,1571,1572
8826,1805,1806
8827,1504,1505
8827,1571,1572
8827,1635,1636
8827,1805,1806
8828,1504,1505
8828,1570,1571
8828,1571,1572
8828,1679,1680
8829,1504,1505
8829,1571,1572
8829,1635,1636
8829,1679,1680
8830,1570,1571
8830,1571,1572
8830,1635,1636
8830,1679,1680
8831,1268,1269
8831,1317,1318
8831,1558,1559
8831,1571,1572
8832,1268,1269
8832,1558,1559
8832,1571,1572
8832,1805,1806
8833,1011,1012
8833,1291,1292
8833,1326,1327
8833,1356,1357
8834,1011,1012
8834,1048,1049
8834,1326,1327
8834,1356,1357
8835,1011,1012
8835,1264,1265
8835,1291,1292
8835,1326,1327
8836,1011,1012
8836,1060,1061
8836,1291,1292
8836,1356,1357
8837,1011,1012
8837,1048,1049
8837,1060,1061
8837,1356,1357
8838,1011,1012
8838,1145,1146
8838,1264,1265
8838,1326,1327
8839,1011,1012
8839,1048,1049
8839,1145,1146
8839,1326,1327
8840,1011,1012
8840,1077,1078
8840,1145,1146
8840,1264,1265
8841,1011,1012
8841,1048,1049
8841,1077,1078
8841,1145,1146
8842,1011,1012
8842,1121,1122
8842,1264,1265
8842,1291,1292
8843,1011,1012
8843,1048,1049
8843,1077,1078
8843,1141,1142
8844,1011,1012
8844,1114,1115
8844,1121,1122
8844,1264,1265
8845,1011,1012
8845,1121,1122
8845,1154,1155
8845,1291,1292
8846,1011,1012
8846,1060,1061
8846,1154,1155
8846,1291,1292
8847,1011,1012
8847,1060,1061
8847,1121,1122
8847,1154,1155
8848,1011,1012
8848,1077,1078
8848,1114,1115
8848,1264,1265
8849,1011,1012
8849,1077,1078
8849,1114,1115
8849,1141,1142
8850,891,892
8850,1011,1012
8850,1107,1108
8850,1141,1142
8851,1011,1012
8851,1107,1108
8851,1114,1115
8851,1121,1122
8852,1011,1012
8852,1107,1108
8852,1114,1115
8852,1141,1142
8853,895,896
8853,1011,1012
8853,1060,1061
8853,1121,1122
8854,895,896
8854,1011,1012
8854,1107,1108
8854,1121,1122
8855,891,892
8855,895,896
8855,1011,1012
8855,1060,1061
8856,891,892
8856,895,896
8856,1011,1012
8856,1107,1108
8857,1478,1479
8857,1481,1482
8857,1495,1496
8857,1729,1730
8858,1475,1476
8858,1478,1479
8858,1481,1482
8858,1495,1496
8859,1458,1459
8859,1475,1476
8859,1478,1479
8859,1481,1482
8860,1458,1459
8860,1478,1479
8860,1481,1482
8860,1650,1651
8861,1478,1479
8861,1481,1482
8861,1650,1651
8861,1729,1730
8862,1458,1459
8862,1481,1482
8862,1650,1651
8862,1829,1830
8863,1481,1482
8863,1650,1651
8863,1729,1730
8863,1829,1830
8864,1458,1459
8864,1481,1482
8864,1786,1787
8864,1829,1830
8865,1424,1425
8865,1458,1459
8865,1481,1482
8865,1786,1787
8866,1424,1425
8866,1458,1459
8866,1475,1476
8866,1481,1482
8867,1475,1476
8867,1481,1482
8867,1495,1496
8867,1807,1808
8868,1412,1413
8868,1481,1482
8868,1729,1730
8868,1829,1830
8869,1412,1413
8869,1481,1482
8869,1495,1496
8869,1729,1730
8870,1412,1413
8870,1481,1482
8870,1495,1496
8870,1807,1808
8871,1412,1413
8871,1481,1482
8871,1733,1734
8871,1786,1787
8872,1412,1413
8872,1481,1482
8872,1733,1734
8872,1829,1830
8873,1481,1482
8873,1733,1734
8873,1786,1787
8873,1829,1830
8874,1412,1413
8874,1481,1482
8874,1769,1770
8874,1786,1787
8875,1412,1413
8875,1481,1482
8875,1769,1770
8875,1807,1808
8876,1481,1482
8876,1769,1770
8876,1786,1787
8876,1807,1808
8877,1424,1425
8877,1481,1482
8877,1526,1527
8877,1786,1787
8878,1424,1425
8878,1481,1482
8878,1526,1527
8878,1807,1808
8879,1481,1482
8879,1526,1527
8879,1786,1787
8879,1807,1808
8880,1424,1425
8880,1475,1476
8880,1481,1482
8880,1579,1580
8881,1424,1425
8881,1481,1482
8881,1579,1580
8881,1807,1808
8882,1475,1476
8882,1481,1482
8882,1579,1580
8882,1807,1808
8883,877,878
8883,888,889
8883,941,942
8883,999,1000
8884,805,806
8884,888,889
8884,941,942
8884,999,1000
8885,805,806
8885,888,889
8885,919,920
8885,999,1000
8886,805,806
8886,887,888
8886,941,942
8886,999,1000
8887,805,806
8887,875,876
8887,887,888
8887,999,1000
8888,805,806
8888,875,876
8888,919,920
8888,999,1000
8889,877,878
8889,888,889
8889,961,962
8889,999,1000
8890,919,920
8890,962,963
8890,999,1000
8890,1025,1026
8891,888,889
8891,919,920
8891,962,963
8891,999,1000
8892,840,841
8892,877,878
8892,961,962
8892,999,1000
8893,840,841
8893,961,962
8893,999,1000
8893,1025,1026
8894,919,920
8894,999,1000
8894,1025,1026
8894,1141,1142
8895,875,876
8895,919,920
8895,999,1000
8895,1141,1142
8896,961,962
8896,962,963
8896,999,1000
8896,1025,1026
8897,888,889
8897,961,962
8897,962,963
8897,999,1000
8898,1313,1314
8898,1554,1555
8898,1569,1570
8898,1622,1623
8899,1554,1555
8899,1569,1570
8899,1619,1620
8899,1622,1623
8900,1294,1295
8900,1313,1314
8900,1569,1570
8900,1622,1623
8901,1294,1295
8901,1569,1570
8901,1619,1620
8901,1622,1623
8902,1294,1295
8902,1313,1314
8902,1563,1564
8902,1622,1623
8903,1294,1295
8903,1466,1467
8903,1563,1564
8903,1622,1623
8904,1294,1295
8904,1466,1467
8904,1619,1620
8904,1622,1623
8905,1313,1314
8905,1315,1316
8905,1554,1555
8905,1622,1623
8906,1313,1314
8906,1315,1316
8906,1563,1564
8906,1622,1623
8907,1211,1212
8907,1233,1234
8907,1315,1316
8907,1622,1623
8908,1211,1212
8908,1233,1234
8908,1554,1555
8908,1622,1623
8909,1211,1212
8909,1315,1316
8909,1554,1555
8909,1622,1623
8910,1289,1290
8910,1336,1337
8910,1466,1467
8910,1622,1623
8911,1336,1337
8911,1466,1467
8911,1563,1564
8911,1622,1623
8912,1233,1234
8912,1274,1275
8912,1289,1290
8912,1622,1623
8913,1233,1234
8913,1274,1275
8913,1315,1316
8913,1622,1623
8914,1274,1275
8914,1289,1290
8914,1315,1316
8914,1622,1623
8915,1289,1290
8915,1315,1316
8915,1395,1396
8915,1622,1623
8916,1315,1316
8916,1395,1396
8916,1563,1564
8916,1622,1623
8917,1233,1234
8917,1483,1484
8917,1554,1555
8917,1622,1623
8918,1483,1484
8918,1554,1555
8918,1619,1620
8918,1622,1623
8919,1289,1290
8919,1336,1337
8919,1395,1396
8919,1622,1623
8920,1336,1337
8920,1395,1396
8920,1563,1564
8920,1622,1623
8921,1233,1234
8921,1289,1290
8921,1384,1385
8921,1622,1623
8922,1289,1290
8922,1384,1385
8922,1466,1467
8922,1622,1623
8923,1384,1385
8923,1466,1467
8923,1619,1620
8923,1622,1623
8924,1233,1234
8924,1384,1385
8924,1483,1484
8924,1622,1623
8925,1384,1385
8925,1483,1484
8925,1619,1620
8925,1622,1623
8926,814,815
8926,871,872
8926,915,916
8926,1167,1168
8927,814,815
8927,871,872
8927,1076,1077
8927,1167,1168
8928,624,625
8928,871,872
8928,1076,1077
8928,1167,1168
8929,624,625
8929,669,670
8929,871,872
8929,1167,1168
8930,669,670
8930,807,808
8930,871,872
8930,1167,1168
8931,807,808
8931,871,872
8931,938,939
8931,1167,1168
8932,814,815
8932,871,872
8932,873,874
8932,1076,1077
8933,624,625
8933,871,872
8933,873,874
8933,1076,1077
8934,814,815
8934,819,820
8934,871,872
8934,915,916
8935,814,815
8935,819,820
8935,871,872
8935,873,874
8936,871,872
8936,938,939
8936,1110,1111
8936,1167,1168
8937,871,872
8937,915,916
8937,1110,1111
8937,1167,1168
8938,819,820
8938,867,868
8938,871,872
8938,915,916
8939,806,807
8939,843,844
8939,852,853
8939,1136,1137
8940,843,844
8940,852,853
8940,949,950
8940,1136,1137
8941,806,807
8941,843,844
8941,1131,1132
8941,1136,1137
8942,843,844
8942,1127,1128
8942,1131,1132
8942,1136,1137
8943,843,844
8943,949,950
8943,1127,1128
8943,1136,1137
8944,843,844
8944,849,850
8944,889,890
8944,949,950
8945,843,844
8945,889,890
8945,896,897
8945,949,950
8946,843,844
8946,852,853
8946,896,897
8946,949,950
8947,843,844
8947,849,850
8947,1012,1013
8947,1131,1132
8948,843,844
8948,849,850
8948,1127,1128
8948,1131,1132
8949,843,844
8949,849,850
8949,949,950
8949,1127,1128
8950,806,807
8950,824,825
8950,843,844
8950,879,880
8951,843,844
8951,889,890
8951,896,897
8951,1081,1082
8952,843,844
8952,852,853
8952,896,897
8952,1081,1082
8953,843,844
8953,879,880
8953,1012,1013
8953,1131,1132
8954,806,807
8954,843,844
8954,879,880
8954,1131,1132
8955,824,825
8955,843,844
8955,852,853
8955,1081,1082
8956,806,807
8956,819,820
8956,824,825
8956,843,844
8957,806,807
8957,819,820
8957,843,844
8957,852,853
8958,819,820
8958,824,825
8958,843,844
8958,852,853
8959,843,844
8959,849,850
8959,923,924
8959,1012,1013
8960,843,844
8960,849,850
8960,889,890
8960,923,924
8961,824,825
8961,843,844
8961,879,880
8961,1180,1181
8962,824,825
8962,843,844
8962,1081,1082
8962,1180,1181
8963,843,844
8963,879,880
8963,1012,1013
8963,1180,1181
8964,843,844
8964,889,890
8964,923,924
8964,1081,1082
8965,843,844
8965,923,924
8965,1012,1013
8965,1180,1181
8966,843,844
8966,923,924
8966,1081,1082
8966,1180,1181
8967,835,836
8967,903,904
8967,1008,1009
8967,1155,1156
8968,835,836
8968,919,920
8968,1008,1009
8968,1155,1156
8969,835,836
8969,894,895
8969,903,904
8969,1008,1009
8970,772,773
8970,903,904
8970,1008,1009
8970,1155,1156
8971,772,773
8971,801,802
8971,1008,1009
8971,1155,1156
8972,772,773
8972,801,802
8972,903,904
8972,1008,1009
8973,801,802
8973,805,806
8973,1008,1009
8973,1155,1156
8974,805,806
8974,919,920
8974,1008,1009
8974,1155,1156
8975,835,836
8975,894,895
8975,992,993
8975,1008,1009
8976,835,836
8976,919,920
8976,992,993
8976,1008,1009
8977,801,802
8977,805,806
8977,875,876
8977,1008,1009
8978,805,806
8978,875,876
8978,919,920
8978,1008,1009
8979,833,834
8979,894,895
8979,903,904
8979,1008,1009
8980,801,802
8980,833,834
8980,903,904
8980,1008,1009
8981,894,895
8981,919,920
8981,1008,1009
8981,1193,1194
8982,894,895
8982,992,993
8982,1008,1009
8982,1193,1194
8983,919,920
8983,992,993
8983,1008,1009
8983,1193,1194
8984,801,802
8984,833,834
8984,875,876
8984,1008,1009
8985,833,834
8985,875,876
8985,894,895
8985,1008,1009
8986,875,876
8986,894,895
8986,1008,1009
8986,1026,1027
8987,894,895
8987,919,920
8987,1008,1009
8987,1026,1027
8988,875,876
8988,919,920
8988,1008,1009
8988,1026,1027
8989,990,991
8989,1002,1003
8989,1033,1034
8989,1160,1161
8990,1002,1003
8990,1033,1034
8990,1068,1069
8990,1160,1161
8991,990,991
8991,1033,1034
8991,1160,1161
8991,1189,1190
8992,1033,1034
8992,1068,1069
8992,1160,1161
8992,1189,1190
8993,990,991
8993,1002,1003
8993,1033,1034
8993,1115,1116
8994,874,875
8994,990,991
8994,1033,1034
8994,1115,1116
8995,858,859
8995,874,875
8995,968,969
8995,1033,1034
8996,858,859
8996,968,969
8996,1033,1034
8996,1189,1190
8997,874,875
8997,968,969
8997,1033,1034
8997,1189,1190
8998,874,875
8998,1033,1034
8998,1135,1136
8998,1189,1190
8999,874,875
8999,990,991
8999,1033,1034
8999,1135,1136
9000,990,991
9000,1033,1034
9000,1135,1136
9000,1189,1190
9001,858,859
9001,880,881
9001,1033,1034
9001,1189,1190
9002,858,859
9002,880,881
9002,1033,1034
9002,1117,1118
9003,880,881
9003,1033,1034
9003,1068,1069
9003,1189,1190
9004,858,859
9004,874,875
9004,894,895
9004,1033,1034
9005,874,875
9005,894,895
9005,1033,1034
9005,1115,1116
9006,858,859
9006,894,895
9006,1033,1034
9006,1117,1118
9007,880,881
9007,1033,1034
9007,1092,1093
9007,1117,1118
9008,880,881
9008,1033,1034
9008,1068,1069
9008,1092,1093
9009,1033,1034
9009,1068,1069
9009,1092,1093
9009,1117,1118
9010,1033,1034
9010,1068,1069
9010,1117,1118
9010,1142,1143
9011,894,895
9011,992,993
9011,1117,1118
9011,1142,1143
9012,894,895
9012,992,993
9012,1115,1116
9012,1142,1143
9013,1015,1016
9013,1068,1069
9013,1117,1118
9013,1142,1143
9014,894,895
9014,1033,1034
9014,1117,1118
9014,1142,1143
9015,894,895
9015,1033,1034
9015,1115,1116
9015,1142,1143
9016,1002,1003
9016,1033,1034
9016,1115,1116
9016,1142,1143
9017,1002,1003
9017,1033,1034
9017,1068,1069
9017,1142,1143
9018,1015,1016
9018,1068,1069
9018,1142,1143
9018,1323,1324
9019,1002,1003
9019,1115,1116
9019,1142,1143
9019,1324,1325
9020,992,993
9020,1115,1116
9020,1142,1143
9020,1324,1325
9021,1002,1003
9021,1068,1069
9021,1142,1143
9021,1323,1324
9022,861,862
9022,1015,1016
9022,1142,1143
9022,1158,1159
9023,861,862
9023,1015,1016
9023,1117,1118
9023,1142,1143
9024,1015,1016
9024,1142,1143
9024,1158,1159
9024,1323,1324
9025,861,862
9025,992,993
9025,1142,1143
9025,1158,1159
9026,861,862
9026,992,993
9026,1117,1118
9026,1142,1143
9027,992,993
9027,1142,1143
9027,1158,1159
9027,1324,1325
9028,1074,1075
9028,1142,1143
9028,1158,1159
9028,1323,1324
9029,1074,1075
9029,1142,1143
9029,1158,1159
9029,1324,1325
9030,1002,1003
9030,1074,1075
9030,1142,1143
9030,1323,1324
9031,1002,1003
9031,1074,1075
9031,1142,1143
9031,1324,1325
9032,759,760
9032,760,761
9032,808,809
9032,956,957
9033,669,670
9033,760,761
9033,808,809
9033,956,957
9034,624,625
9034,764,765
9034,808,809
9034,956,957
9035,669,670
9035,764,765
9035,808,809
9035,956,957
9036,624,625
9036,669,670
9036,764,765
9036,808,809
9037,624,625
9037,669,670
9037,808,809
9037,871,872
9038,624,625
9038,808,809
9038,953,954
9038,956,957
9039,624,625
9039,808,809
9039,873,874
9039,953,954
9040,669,670
9040,760,761
9040,807,808
9040,808,809
9041,669,670
9041,807,808
9041,808,809
9041,871,872
9042,624,625
9042,808,809
9042,871,872
9042,873,874
9043,631,632
9043,759,760
9043,808,809
9043,956,957
9044,631,632
9044,808,809
9044,953,954
9044,956,957
9045,631,632
9045,759,760
9045,774,775
9045,808,809
9046,631,632
9046,774,775
9046,808,809
9046,953,954
9047,774,775
9047,808,809
9047,953,954
9047,973,974
9048,808,809
9048,873,874
9048,953,954
9048,973,974
9049,774,775
9049,808,809
9049,873,874
9049,973,974
9050,663,664
9050,747,748
9050,759,760
9050,780,781
9051,747,748
9051,759,760
9051,760,761
9051,780,781
9052,663,664
9052,747,748
9052,759,760
9052,774,775
9053,747,748
9053,759,760
9053,774,775
9053,808,809
9054,747,748
9054,759,760
9054,760,761
9054,808,809
9055,663,664
9055,747,748
9055,754,755
9055,780,781
9056,745,746
9056,747,748
9056,760,761
9056,780,781
9057,663,664
9057,747,748
9057,774,775
9057,868,869
9058,663,664
9058,747,748
9058,754,755
9058,868,869
9059,662,663
9059,747,748
9059,754,755
9059,868,869
9060,745,746
9060,747,748
9060,754,755
9060,780,781
9061,662,663
9061,745,746
9061,747,748
9061,754,755
9062,745,746
9062,747,748
9062,760,761
9062,807,808
9063,747,748
9063,760,761
9063,807,808
9063,808,809
9064,1279,1280
9064,1283,1284
9064,1287,1288
9064,1560,1561
9065,1157,1158
9065,1279,1280
9065,1283,1284
9065,1287,1288
9066,1254,1255
9066,1279,1280
9066,1283,1284
9066,1560,1561
9067,1157,1158
9067,1254,1255
9067,1279,1280
9067,1283,1284
9068,1279,1280
9068,1287,1288
9068,1452,1453
9068,1560,1561
9069,1157,1158
9069,1254,1255
9069,1279,1280
9069,1314,1315
9070,1279,1280
9070,1337,1338
9070,1452,1453
9070,1560,1561
9071,1254,1255
9071,1279,1280
9071,1387,1388
9071,1560,1561
9072,1279,1280
9072,1337,1338
9072,1387,1388
9072,1560,1561
9073,1254,1255
9073,1279,1280
9073,1310,1311
9073,1387,1388
9074,1254,1255
9074,1279,1280
9074,1310,1311
9074,1314,1315
9075,1279,1280
9075,1310,1311
9075,1337,1338
9075,1387,1388
9076,1031,1032
9076,1041,1042
9076,1128,1129
9076,1169,1170
9077,896,897
9077,984,985
9077,1095,1096
9077,1169,1170
9078,1031,1032
9078,1034,1035
9078,1041,1042
9078,1169,1170
9079,1034,1035
9079,1041,1042
9079,1095,1096
9079,1169,1170
9080,889,890
9080,1041,1042
9080,1128,1129
9080,1169,1170
9081,889,890
9081,1041,1042
9081,1095,1096
9081,1169,1170
9082,1031,1032
9082,1065,1066
9082,1169,1170
9082,1316,1317
9083,984,985
9083,1065,1066
9083,1169,1170
9083,1316,1317
9084,1031,1032
9084,1065,1066
9084,1169,1170
9084,1172,1173
9085,984,985
9085,1095,1096
9085,1146,1147
9085,1169,1170
9086,984,985
9086,1065,1066
9086,1146,1147
9086,1169,1170
9087,889,890
9087,896,897
9087,1128,1129
9087,1169,1170
9088,889,890
9088,896,897
9088,1095,1096
9088,1169,1170
9089,896,897
9089,1038,1039
9089,1128,1129
9089,1169,1170
9090,896,897
9090,984,985
9090,1038,1039
9090,1169,1170
9091,1031,1032
9091,1034,1035
9091,1169,1170
9091,1172,1173
9092,1034,1035
9092,1095,1096
9092,1169,1170
9092,1172,1173
9093,1031,1032
9093,1128,1129
9093,1169,1170
9093,1389,1390
9094,1031,1032
9094,1169,1170
9094,1316,1317
9094,1389,1390
9095,984,985
9095,1038,1039
9095,1169,1170
9095,1316,1317
9096,1095,1096
9096,1146,1147
9096,1169,1170
9096,1172,1173
9097,1065,1066
9097,1146,1147
9097,1169,1170
9097,1172,1173
9098,1038,1039
9098,1128,1129
9098,1169,1170
9098,1389,1390
9099,1038,1039
9099,1169,1170
9099,1316,1317
9099,1389,1390
9100,984,985
9100,1098,1099
9100,1099,1100
9100,1263,1264
9101,984,985
9101,993,994
9101,1098,1099
9101,1263,1264
9102,1040,1041
9102,1098,1099
9102,1099,1100
9102,1329,1330
9103,1040,1041
9103,1098,1099
9103,1263,1264
9103,1276,1277
9104,1040,1041
9104,1098,1099
9104,1099,1100
9104,1263,1264
9105,993,994
9105,1098,1099
9105,1263,1264
9105,1276,1277
9106,993,994
9106,1098,1099
9106,1160,1161
9106,1276,1277
9107,1040,1041
9107,1098,1099
9107,1196,1197
9107,1329,1330
9108,1098,1099
9108,1196,1197
9108,1285,1286
9108,1329,1330
9109,985,986
9109,1098,1099
9109,1160,1161
9109,1276,1277
9110,985,986
9110,1098,1099
9110,1160,1161
9110,1285,1286
9111,985,986
9111,1040,1041
9111,1098,1099
9111,1276,1277
9112,985,986
9112,1040,1041
9112,1098,1099
9112,1196,1197
9113,985,986
9113,1098,1099
9113,1196,1197
9113,1285,1286
9114,1002,1003
9114,1030,1031
9114,1253,1254
9114,1276,1277
9115,1002,1003
9115,1030,1031
9115,1061,1062
9115,1253,1254
9116,1002,1003
9116,1063,1064
9116,1253,1254
9116,1276,1277
9117,1002,1003
9117,1063,1064
9117,1209,1210
9117,1253,1254
9118,1030,1031
9118,1039,1040
9118,1253,1254
9118,1276,1277
9119,1030,1031
9119,1061,1062
9119,1174,1175
9119,1253,1254
9120,1063,1064
9120,1253,1254
9120,1276,1277
9120,1367,1368
9121,1063,1064
9121,1209,1210
9121,1253,1254
9121,1367,1368
9122,1039,1040
9122,1250,1251
9122,1253,1254
9122,1357,1358
9123,1043,1044
9123,1250,1251
9123,1253,1254
9123,1357,1358
9124,1043,1044
9124,1209,1210
9124,1253,1254
9124,1357,1358
9125,1039,1040
9125,1253,1254
9125,1276,1277
9125,1367,1368
9126,1039,1040
9126,1253,1254
9126,1357,1358
9126,1367,1368
9127,1207,1208
9127,1209,1210
9127,1253,1254
9127,1357,1358
9128,1207,1208
9128,1253,1254
9128,1357,1358
9128,1367,1368
9129,1207,1208
9129,1209,1210
9129,1253,1254
9129,1367,1368
9130,73,74
9130,132,133
9130,319,320
9130,612,613
9131,73,74
9131,132,133
9131,246,247
9131,612,613
9132,73,74
9132,132,133
9132,185,186
9132,319,320
9133,73,74
9133,319,320
9133,512,513
9133,612,613
9134,73,74
9134,246,247
9134,512,513
9134,612,613
9135,73,74
9135,132,133
9135,185,186
9135,250,251
9136,73,74
9136,281,282
9136,319,320
9136,512,513
9137,24,25
9137,73,74
9137,132,133
9137,250,251
9138,24,25
9138,73,74
9138,132,133
9138,246,247
9139,73,74
9139,185,186
9139,303,304
9139,319,320
9140,73,74
9140,281,282
9140,303,304
9140,319,320
9141,24,25
9141,73,74
9141,250,251
9141,363,364
9142,24,25
9142,73,74
9142,246,247
9142,363,364
9143,73,74
9143,202,203
9143,281,282
9143,303,304
9144,73,74
9144,202,203
9144,281,282
9144,512,513
9145,73,74
9145,202,203
9145,250,251
9145,363,364
9146,73,74
9146,185,186
9146,250,251
9146,303,304
9147,73,74
9147,202,203
9147,250,251
9147,303,304
9148,73,74
9148,202,203
9148,357,358
9148,512,513
9149,73,74
9149,202,203
9149,357,358
9149,363,364
9150,73,74
9150,246,247
9150,300,301
9150,512,513
9151,73,74
9151,246,247
9151,300,301
9151,363,364
9152,73,74
9152,300,301
9152,357,358
9152,512,513
9153,73,74
9153,300,301
9153,357,358
9153,363,364
9154,1065,1066
9154,1205,1206
9154,1330,1331
9154,1394,1395
9155,1065,1066
9155,1205,1206
9155,1316,1317
9155,1394,1395
9156,1031,1032
9156,1205,1206
9156,1316,1317
9156,1389,1390
9157,1091,1092
9157,1205,1206
9157,1316,1317
9157,1389,1390
9158,1205,1206
9158,1330,1331
9158,1331,1332
9158,1401,1402
9159,1065,1066
9159,1205,1206
9159,1330,1331
9159,1406,1407
9160,1031,1032
9160,1205,1206
9160,1321,1322
9160,1406,1407
9161,1205,1206
9161,1321,1322
9161,1330,1331
9161,1406,1407
9162,1205,1206
9162,1321,1322
9162,1330,1331
9162,1331,1332
9163,1050,1051
9163,1091,1092
9163,1205,1206
9163,1389,1390
9164,1031,1032
9164,1065,1066
9164,1205,1206
9164,1406,1407
9165,1031,1032
9165,1065,1066
9165,1205,1206
9165,1316,1317
9166,1050,1051
9166,1091,1092
9166,1205,1206
9166,1401,1402
9167,1050,1051
9167,1205,1206
9167,1331,1332
9167,1401,1402
9168,1031,1032
9168,1102,1103
9168,1205,1206
9168,1321,1322
9169,1050,1051
9169,1102,1103
9169,1205,1206
9169,1321,1322
9170,1050,1051
9170,1205,1206
9170,1321,1322
9170,1331,1332
9171,1031,1032
9171,1102,1103
9171,1205,1206
9171,1389,1390
9172,1050,1051
9172,1102,1103
9172,1205,1206
9172,1389,1390
9173,1030,1031
9173,1263,1264
9173,1293,1294
9173,1316,1317
9174,1263,1264
9174,1293,1294
9174,1316,1317
9174,1394,1395
9175,1030,1031
9175,1091,1092
9175,1293,1294
9175,1316,1317
9176,1030,1031
9176,1039,1040
9176,1263,1264
9176,1293,1294
9177,1039,1040
9177,1263,1264
9177,1293,1294
9177,1394,1395
9178,1091,1092
9178,1205,1206
9178,1293,1294
9178,1316,1317
9179,1205,1206
9179,1293,1294
9179,1316,1317
9179,1394,1395
9180,1091,1092
9180,1205,1206
9180,1293,1294
9180,1401,1402
9181,1091,1092
9181,1174,1175
9181,1293,1294
9181,1401,1402
9182,1030,1031
9182,1091,1092
9182,1174,1175
9182,1293,1294
9183,1205,1206
9183,1293,1294
9183,1330,1331
9183,1401,1402
9184,1205,1206
9184,1293,1294
9184,1330,1331
9184,1394,1395
9185,1174,1175
9185,1250,1251
9185,1293,1294
9185,1401,1402
9186,1039,1040
9186,1250,1251
9186,1253,1254
9186,1293,1294
9187,1030,1031
9187,1039,1040
9187,1253,1254
9187,1293,1294
9188,1039,1040
9188,1250,1251
9188,1293,1294
9188,1435,1436
9189,1039,1040
9189,1293,1294
9189,1394,1395
9189,1435,1436
9190,1243,1244
9190,1293,1294
9190,1330,1331
9190,1401,1402
9191,1243,1244
9191,1293,1294
9191,1330,1331
9191,1394,1395
9192,1174,1175
9192,1250,1251
9192,1253,1254
9192,1293,1294
9193,1030,1031
9193,1174,1175
9193,1253,1254
9193,1293,1294
9194,1250,1251
9194,1293,1294
9194,1405,1406
9194,1435,1436
9195,1250,1251
9195,1293,1294
9195,1401,1402
9195,1405,1406
9196,1243,1244
9196,1293,1294
9196,1401,1402
9196,1405,1406
9197,1243,1244
9197,1293,1294
9197,1405,1406
9197,1435,1436
9198,1243,1244
9198,1293,1294
9198,1394,1395
9198,1435,1436
9199,660,661
9199,679,680
9199,906,907
9199,908,909
9200,679,680
9200,867,868
9200,908,909
9200,940,941
9201,679,680
9201,867,868
9201,917,918
9201,940,941
9202,662,663
9202,679,680
9202,868,869
9202,917,918
9203,660,661
9203,679,680
9203,908,909
9203,950,951
9204,660,661
9204,679,680
9204,917,918
9204,950,951
9205,660,661
9205,679,680
9205,686,687
9205,917,918
9206,662,663
9206,679,680
9206,686,687
9206,917,918
9207,660,661
9207,662,663
9207,679,680
9207,686,687
9208,679,680
9208,908,909
9208,940,941
9208,950,951
9209,679,680
9209,917,918
9209,940,941
9209,950,951
9210,840,841
9210,1025,1026
9210,1048,1049
9210,1106,1107
9211,840,841
9211,999,1000
9211,1025,1026
9211,1106,1107
9212,1025,1026
9212,1048,1049
9212,1106,1107
9212,1141,1142
9213,999,1000
9213,1025,1026
9213,1106,1107
9213,1141,1142
9214,848,849
9214,891,892
9214,991,992
9214,1106,1107
9215,848,849
9215,891,892
9215,1106,1107
9215,1182,1183
9216,848,849
9216,991,992
9216,1106,1107
9216,1182,1183
9217,887,888
9217,891,892
9217,991,992
9217,1106,1107
9218,891,892
9218,1011,1012
9218,1106,1107
9218,1141,1142
9219,1011,1012
9219,1048,1049
9219,1106,1107
9219,1141,1142
9220,887,888
9220,941,942
9220,991,992
9220,1106,1107
9221,887,888
9221,941,942
9221,999,1000
9221,1106,1107
9222,891,892
9222,1060,1061
9222,1106,1107
9222,1182,1183
9223,891,892
9223,1011,1012
9223,1060,1061
9223,1106,1107
9224,1048,1049
9224,1060,1061
9224,1106,1107
9224,1182,1183
9225,1011,1012
9225,1048,1049
9225,1060,1061
9225,1106,1107
9226,887,888
9226,891,892
9226,1106,1107
9226,1107,1108
9227,887,888
9227,1106,1107
9227,1107,1108
9227,1141,1142
9228,891,892
9228,1106,1107
9228,1107,1108
9228,1141,1142
9229,875,876
9229,887,888
9229,1106,1107
9229,1141,1142
9230,875,876
9230,887,888
9230,999,1000
9230,1106,1107
9231,875,876
9231,999,1000
9231,1106,1107
9231,1141,1142
9232,807,808
9232,897,898
9232,906,907
9232,938,939
9233,807,808
9233,871,872
9233,897,898
9233,938,939
9234,897,898
9234,906,907
9234,938,939
9234,968,969
9235,897,898
9235,908,909
9235,968,969
9235,1109,1110
9236,897,898
9236,906,907
9236,908,909
9236,968,969
9237,867,868
9237,897,898
9237,915,916
9237,1109,1110
9238,867,868
9238,871,872
9238,897,898
9238,915,916
9239,871,872
9239,897,898
9239,938,939
9239,1110,1111
9240,871,872
9240,897,898
9240,915,916
9240,1110,1111
9241,897,898
9241,968,969
9241,1109,1110
9241,1110,1111
9242,897,898
9242,915,916
9242,1109,1110
9242,1110,1111
9243,897,898
9243,938,939
9243,968,969
9243,1110,1111
9244,679,680
9244,897,898
9244,906,907
9244,908,909
9245,867,868
9245,897,898
9245,908,909
9245,1109,1110
9246,679,680
9246,867,868
9246,897,898
9246,908,909
9247,724,725
9247,774,775
9247,868,869
9247,885,886
9248,747,748
9248,774,775
9248,868,869
9248,885,886
9249,747,748
9249,774,775
9249,808,809
9249,885,886
9250,724,725
9250,868,869
9250,885,886
9250,917,918
9251,679,680
9251,868,869
9251,885,886
9251,917,918
9252,662,663
9252,747,748
9252,868,869
9252,885,886
9253,662,663
9253,679,680
9253,868,869
9253,885,886
9254,724,725
9254,774,775
9254,873,874
9254,885,886
9255,774,775
9255,808,809
9255,873,874
9255,885,886
9256,724,725
9256,867,868
9256,885,886
9256,917,918
9257,679,680
9257,867,868
9257,885,886
9257,917,918
9258,808,809
9258,871,872
9258,873,874
9258,885,886
9259,807,808
9259,808,809
9259,871,872
9259,885,886
9260,747,748
9260,807,808
9260,808,809
9260,885,886
9261,724,725
9261,867,868
9261,873,874
9261,885,886
9262,867,868
9262,871,872
9262,885,886
9262,897,898
9263,807,808
9263,871,872
9263,885,886
9263,897,898
9264,679,680
9264,867,868
9264,885,886
9264,897,898
9265,679,680
9265,807,808
9265,885,886
9265,897,898
9266,819,820
9266,867,868
9266,873,874
9266,885,886
9267,819,820
9267,867,868
9267,871,872
9267,885,886
9268,819,820
9268,871,872
9268,873,874
9268,885,886
9269,984,985
9269,1046,1047
9269,1099,1100
9269,1329,1330
9270,1046,1047
9270,1098,1099
9270,1099,1100
9270,1329,1330
9271,984,985
9271,1046,1047
9271,1098,1099
9271,1099,1100
9272,1046,1047
9272,1057,1058
9272,1285,1286
9272,1329,1330
9273,1046,1047
9273,1098,1099
9273,1285,1286
9273,1329,1330
9274,984,985
9274,993,994
9274,1046,1047
9274,1098,1099
9275,1046,1047
9275,1057,1058
9275,1082,1083
9275,1096,1097
9276,1046,1047
9276,1057,1058
9276,1096,1097
9276,1329,1330
9277,984,985
9277,1046,1047
9277,1082,1083
9277,1096,1097
9278,984,985
9278,1046,1047
9278,1096,1097
9278,1329,1330
9279,826,827
9279,1046,1047
9279,1057,1058
9279,1082,1083
9280,826,827
9280,984,985
9280,1046,1047
9280,1082,1083
9281,826,827
9281,984,985
9281,993,994
9281,1046,1047
9282,1046,1047
9282,1098,1099
9282,1160,1161
9282,1285,1286
9283,993,994
9283,1046,1047
9283,1098,1099
9283,1160,1161
9284,826,827
9284,993,994
9284,1046,1047
9284,1135,1136
9285,1046,1047
9285,1135,1136
9285,1160,1161
9285,1285,1286
9286,993,994
9286,1046,1047
9286,1135,1136
9286,1160,1161
9287,826,827
9287,1046,1047
9287,1057,1058
9287,1110,1111
9288,826,827
9288,1046,1047
9288,1110,1111
9288,1135,1136
9289,1046,1047
9289,1057,1058
9289,1110,1111
9289,1285,1286
9290,1046,1047
9290,1110,1111
9290,1135,1136
9290,1285,1286
9291,1016,1017
9291,1074,1075
9291,1209,1210
9291,1225,1226
9292,1002,1003
9292,1074,1075
9292,1209,1210
9292,1225,1226
9293,1002,1003
9293,1209,1210
9293,1225,1226
9293,1253,1254
9294,1043,1044
9294,1225,1226
9294,1250,1251
9294,1253,1254
9295,1043,1044
9295,1209,1210
9295,1225,1226
9295,1253,1254
9296,1016,1017
9296,1225,1226
9296,1319,1320
9296,1363,1364
9297,1016,1017
9297,1074,1075
9297,1225,1226
9297,1319,1320
9298,1002,1003
9298,1061,1062
9298,1225,1226
9298,1253,1254
9299,1043,1044
9299,1225,1226
9299,1250,1251
9299,1363,1364
9300,1016,1017
9300,1043,1044
9300,1225,1226
9300,1363,1364
9301,1016,1017
9301,1043,1044
9301,1209,1210
9301,1225,1226
9302,1002,1003
9302,1061,1062
9302,1225,1226
9302,1324,1325
9303,1002,1003
9303,1074,1075
9303,1225,1226
9303,1324,1325
9304,1174,1175
9304,1225,1226
9304,1250,1251
9304,1363,1364
9305,1174,1175
9305,1225,1226
9305,1250,1251
9305,1253,1254
9306,1061,1062
9306,1174,1175
9306,1225,1226
9306,1253,1254
9307,1074,1075
9307,1225,1226
9307,1319,1320
9307,1324,1325
9308,1061,1062
9308,1093,1094
9308,1174,1175
9308,1225,1226
9309,1093,1094
9309,1225,1226
9309,1290,1291
9309,1319,1320
9310,1225,1226
9310,1290,1291
9310,1319,1320
9310,1363,1364
9311,1093,1094
9311,1225,1226
9311,1319,1320
9311,1324,1325
9312,1061,1062
9312,1093,1094
9312,1225,1226
9312,1324,1325
9313,1093,1094
9313,1174,1175
9313,1225,1226
9313,1290,1291
9314,1174,1175
9314,1225,1226
9314,1290,1291
9314,1363,1364
9315,645,646
9315,807,808
9315,897,898
9315,906,907
9316,645,646
9316,679,680
9316,897,898
9316,906,907
9317,645,646
9317,679,680
9317,807,808
9317,897,898
9318,645,646
9318,660,661
9318,679,680
9318,906,907
9319,645,646
9319,660,661
9319,662,663
9319,679,680
9320,645,646
9320,679,680
9320,807,808
9320,885,886
9321,645,646
9321,662,663
9321,679,680
9321,885,886
9322,645,646
9322,823,824
9322,828,829
9322,906,907
9323,645,646
9323,807,808
9323,823,824
9323,906,907
9324,645,646
9324,660,661
9324,662,663
9324,719,720
9325,645,646
9325,747,748
9325,807,808
9325,885,886
9326,645,646
9326,662,663
9326,747,748
9326,885,886
9327,645,646
9327,660,661
9327,828,829
9327,906,907
9328,645,646
9328,662,663
9328,719,720
9328,745,746
9329,645,646
9329,745,746
9329,807,808
9329,823,824
9330,645,646
9330,745,746
9330,747,748
9330,807,808
9331,645,646
9331,662,663
9331,745,746
9331,747,748
9332,645,646
9332,719,720
9332,828,829
9332,878,879
9333,645,646
9333,660,661
9333,719,720
9333,878,879
9334,645,646
9334,660,661
9334,828,829
9334,878,879
9335,645,646
9335,719,720
9335,766,767
9335,828,829
9336,645,646
9336,766,767
9336,823,824
9336,828,829
9337,645,646
9337,719,720
9337,745,746
9337,766,767
9338,645,646
9338,745,746
9338,766,767
9338,823,824
9339,840,841
9339,1035,1036
9339,1048,1049
9339,1182,1183
9340,840,841
9340,1035,1036
9340,1048,1049
9340,1106,1107
9341,1035,1036
9341,1048,1049
9341,1106,1107
9341,1182,1183
9342,840,841
9342,877,878
9342,999,1000
9342,1035,1036
9343,840,841
9343,999,1000
9343,1035,1036
9343,1106,1107
9344,991,992
9344,1035,1036
9344,1106,1107
9344,1182,1183
9345,877,878
9345,941,942
9345,999,1000
9345,1035,1036
9346,941,942
9346,999,1000
9346,1035,1036
9346,1106,1107
9347,941,942
9347,991,992
9347,1035,1036
9347,1106,1107
9348,820,821
9348,941,942
9348,991,992
9348,1035,1036
9349,820,821
9349,877,878
9349,941,942
9349,1035,1036
9350,848,849
9350,991,992
9350,1035,1036
9350,1182,1183
