<?xml version="1.0"?>
<VTKFile type="PolyData" version="0.1" byte_order="LittleEndian">
  <PolyData>
    <Piece NumberOfPoints="1850" NumberOfVerts="0" NumberOfLines="4091" NumberOfStrips="0" NumberOfPolys="0">
      <PointData><DataArray type="Int64" Name="particle_id" NumberOfComponents="1" format="ascii">
1 2 3 4 5 6 7 8 9 10 11 12 13 14 15 16 17 18 19 20 21 22 23 24 25 26 27 28 29 30 31 32 33 34 35 36 37 38 39 40 41 42 43 44 45 46 47 48 49 50 51 52 53 54 55 56 57 58 59 60 61 62 63 64 65 66 67 68 69 70 71 72 73 74 75 76 77 78 79 80 81 82 83 84 85 86 87 88 89 90 91 92 93 94 95 96 97 98 99 100 101 102 103 104 105 106 107 108 109 110 111 112 113 114 115 116 117 118 119 120 121 122 123 124 125 126 127 128 129 130 131 132 133 134 135 136 137 138 139 140 141 142 143 144 145 146 147 148 149 150 151 152 153 154 155 156 157 158 159 160 161 162 163 164 165 166 167 168 169 170 171 172 173 174 175 176 177 178 179 180 181 182 183 184 185 186 187 188 189 190 191 192 193 194 195 196 197 198 199 200 201 202 203 204 205 206 207 208 209 210 211 212 213 214 215 216 217 218 219 220 221 222 223 224 225 226 227 228 229 230 231 232 233 234 235 236 237 238 239 240 241 242 243 244 245 246 247 248 249 250 251 252 253 254 255 256 257 258 259 260 261 262 263 264 265 266 267 268 269 270 271 272 273 274 275 276 277 278 279 280 281 282 283 284 285 286 287 288 289 290 291 292 293 294 295 296 297 298 299 300 301 302 303 304 305 306 307 308 309 310 311 312 313 314 315 316 317 318 319 320 321 322 323 324 325 326 327 328 329 330 331 332 333 334 335 336 337 338 339 340 341 342 343 344 345 346 347 348 349 350 351 352 353 354 355 356 357 358 359 360 361 362 363 364 365 366 367 368 369 370 371 372 373 374 375 376 377 378 379 380 381 382 383 384 385 386 387 388 389 390 391 392 393 394 395 396 397 398 399 400 401 402 403 404 405 406 407 408 409 410 411 412 413 414 415 416 417 418 419 420 421 422 423 424 425 426 427 428 429 430 431 432 433 434 435 436 437 438 439 440 441 442 443 444 445 446 447 448 449 450 451 452 453 454 455 456 457 458 459 460 461 462 463 464 465 466 467 468 469 470 471 472 473 474 475 476 477 478 479 480 481 482 483 484 485 486 487 488 489 490 491 492 493 494 495 496 497 498 499 500 501 502 503 504 505 506 507 508 509 510 511 512 513 514 515 516 517 518 519 520 521 522 523 524 525 526 527 528 529 530 531 532 533 534 535 536 537 538 539 540 541 542 543 544 545 546 547 548 549 550 551 552 553 554 555 556 557 558 559 560 561 562 563 564 565 566 567 568 569 570 571 572 573 574 575 576 577 578 579 580 581 582 583 584 585 586 587 588 589 590 591 592 593 594 595 596 597 598 599 600 601 602 603 604 605 606 607 608 609 610 611 612 613 614 615 616 617 618 619 620 621 622 623 624 625 626 627 628 629 630 631 632 633 634 635 636 637 638 639 640 641 642 643 644 645 646 647 648 649 650 651 652 653 654 655 656 657 658 659 660 661 662 663 664 665 666 667 668 669 670 671 672 673 674 675 676 677 678 679 680 681 682 683 684 685 686 687 688 689 690 691 692 693 694 695 696 697 698 699 700 701 702 703 704 705 706 707 708 709 710 711 712 713 714 715 716 717 718 719 720 721 722 723 724 725 726 727 728 729 730 731 732 733 734 735 736 737 738 739 740 741 742 743 744 745 746 747 748 749 750 751 752 753 754 755 756 757 758 759 760 761 762 763 764 765 766 767 768 769 770 771 772 773 774 775 776 777 778 779 780 781 782 783 784 785 786 787 788 789 790 791 792 793 794 795 796 797 798 799 800 801 802 803 804 805 806 807 808 809 810 811 812 813 814 815 816 817 818 819 820 821 822 823 824 825 826 827 828 829 830 831 832 833 834 835 836 837 838 839 840 841 842 843 844 845 846 847 848 849 850 851 852 853 854 855 856 857 858 859 860 861 862 863 864 865 866 867 868 869 870 871 872 873 874 875 876 877 878 879 880 881 882 883 884 885 886 887 888 889 890 891 892 893 894 895 896 897 898 899 900 901 902 903 904 905 906 907 908 909 910 911 912 913 914 915 916 917 918 919 920 921 922 923 924 925 926 927 928 929 930 931 932 933 934 935 936 937 938 939 940 941 942 943 944 945 946 947 948 949 950 951 952 953 954 955 956 957 958 959 960 961 962 963 964 965 966 967 968 969 970 971 972 973 974 975 976 977 978 979 980 981 982 983 984 985 986 987 988 989 990 991 992 993 994 995 996 997 998 999 1000 1001 1002 1003 1004 1005 1006 1007 1008 1009 1010 1011 1012 1013 1014 1015 1016 1017 1018 1019 1020 1021 1022 1023 1024 1025 1026 1027 1028 1029 1030 1031 1032 1033 1034 1035 1036 1037 1038 1039 1040 1041 1042 1043 1044 1045 1046 1047 1048 1049 1050 1051 1052 1053 1054 1055 1056 1057 1058 1059 1060 1061 1062 1063 1064 1065 1066 1067 1068 1069 1070 1071 1072 1073 1074 1075 1076 1077 1078 1079 1080 1081 1082 1083 1084 1085 1086 1087 1088 1089 1090 1091 1092 1093 1094 1095 1096 1097 1098 1099 1100 1101 1102 1103 1104 1105 1106 1107 1108 1109 1110 1111 1112 1113 1114 1115 1116 1117 1118 1119 1120 1121 1122 1123 1124 1125 1126 1127 1128 1129 1130 1131 1132 1133 1134 1135 1136 1137 1138 1139 1140 1141 1142 1143 1144 1145 1146 1147 1148 1149 1150 1151 1152 1153 1154 1155 1156 1157 1158 1159 1160 1161 1162 1163 1164 1165 1166 1167 1168 1169 1170 1171 1172 1173 1174 1175 1176 1177 1178 1179 1180 1181 1182 1183 1184 1185 1186 1187 1188 1189 1190 1191 1192 1193 1194 1195 1196 1197 1198 1199 1200 1201 1202 1203 1204 1205 1206 1207 1208 1209 1210 1211 1212 1213 1214 1215 1216 1217 1218 1219 1220 1221 1222 1223 1224 1225 1226 1227 1228 1229 1230 1231 1232 1233 1234 1235 1236 1237 1238 1239 1240 1241 1242 1243 1244 1245 1246 1247 1248 1249 1250 1251 1252 1253 1254 1255 1256 1257 1258 1259 1260 1261 1262 1263 1264 1265 1266 1267 1268 1269 1270 1271 1272 1273 1274 1275 1276 1277 1278 1279 1280 1281 1282 1283 1284 1285 1286 1287 1288 1289 1290 1291 1292 1293 1294 1295 1296 1297 1298 1299 1300 1301 1302 1303 1304 1305 1306 1307 1308 1309 1310 1311 1312 1313 1314 1315 1316 1317 1318 1319 1320 1321 1322 1323 1324 1325 1326 1327 1328 1329 1330 1331 1332 1333 1334 1335 1336 1337 1338 1339 1340 1341 1342 1343 1344 1345 1346 1347 1348 1349 1350 1351 1352 1353 1354 1355 1356 1357 1358 1359 1360 1361 1362 1363 1364 1365 1366 1367 1368 1369 1370 1371 1372 1373 1374 1375 1376 1377 1378 1379 1380 1381 1382 1383 1384 1385 1386 1387 1388 1389 1390 1391 1392 1393 1394 1395 1396 1397 1398 1399 1400 1401 1402 1403 1404 1405 1406 1407 1408 1409 1410 1411 1412 1413 1414 1415 1416 1417 1418 1419 1420 1421 1422 1423 1424 1425 1426 1427 1428 1429 1430 1431 1432 1433 1434 1435 1436 1437 1438 1439 1440 1441 1442 1443 1444 1445 1446 1447 1448 1449 1450 1451 1452 1453 1454 1455 1456 1457 1458 1459 1460 1461 1462 1463 1464 1465 1466 1467 1468 1469 1470 1471 1472 1473 1474 1475 1476 1477 1478 1479 1480 1481 1482 1483 1484 1485 1486 1487 1488 1489 1490 1491 1492 1493 1494 1495 1496 1497 1498 1499 1500 1501 1502 1503 1504 1505 1506 1507 1508 1509 1510 1511 1512 1513 1514 1515 1516 1517 1518 1519 1520 1521 1522 1523 1524 1525 1526 1527 1528 1529 1530 1531 1532 1533 1534 1535 1536 1537 1538 1539 1540 1541 1542 1543 1544 1545 1546 1547 1548 1549 1550 1551 1552 1553 1554 1555 1556 1557 1558 1559 1560 1561 1562 1563 1564 1565 1566 1567 1568 1569 1570 1571 1572 1573 1574 1575 1576 1577 1578 1579 1580 1581 1582 1583 1584 1585 1586 1587 1588 1589 1590 1591 1592 1593 1594 1595 1596 1597 1598 1599 1600 1601 1602 1603 1604 1605 1606 1607 1608 1609 1610 1611 1612 1613 1614 1615 1616 1617 1618 1619 1620 1621 1622 1623 1624 1625 1626 1627 1628 1629 1630 1631 1632 1633 1634 1635 1636 1637 1638 1639 1640 1641 1642 1643 1644 1645 1646 1647 1648 1649 1650 1651 1652 1653 1654 1655 1656 1657 1658 1659 1660 1661 1662 1663 1664 1665 1666 1667 1668 1669 1670 1671 1672 1673 1674 1675 1676 1677 1678 1679 1680 1681 1682 1683 1684 1685 1686 1687 1688 1689 1690 1691 1692 1693 1694 1695 1696 1697 1698 1699 1700 1701 1702 1703 1704 1705 1706 1707 1708 1709 1710 1711 1712 1713 1714 1715 1716 1717 1718 1719 1720 1721 1722 1723 1724 1725 1726 1727 1728 1729 1730 1731 1732 1733 1734 1735 1736 1737 1738 1739 1740 1741 1742 1743 1744 1745 1746 1747 1748 1749 1750 1751 1752 1753 1754 1755 1756 1757 1758 1759 1760 1761 1762 1763 1764 1765 1766 1767 1768 1769 1770 1771 1772 1773 1774 1775 1776 1777 1778 1779 1780 1781 1782 1783 1784 1785 1786 1787 1788 1789 1790 1791 1792 1793 1794 1795 1796 1797 1798 1799 1800 1801 1802 1803 1804 1805 1806 1807 1808 1809 1810 1811 1812 1813 1814 1815 1816 1817 1818 1819 1820 1821 1822 1823 1824 1825 1826 1827 1828 1829 1830 1831 1832 1833 1834 1835 1836 1837 1838 1839 1840 1841 1842 1843 1844 1845 1846 1847 1848 1849 1850
</DataArray></PointData>
      <CellData>
        <DataArray type="Int64" Name="particle_1" NumberOfComponents="1" format="ascii">
1 1 1 2 2 2 2 3 3 3 4 4 4 4 5 5 5 6 6 6 6 8 8 9 9 9 9 10 10 10 10 11 11 11 11 12 12 12 12 12 13 13 14 14 14 14 15 15 15 15 15 15 16 16 16 16 17 17 17 18 18 18 18 18 18 19 19 19 19 19 20 20 20 20 20 20 21 21 21 21 22 22 22 22 23 23 23 23 24 24 24 24 24 24 25 25 25 25 26 26 26 26 26 26 27 27 28 29 29 29 30 30 30 30 30 31 31 31 32 32 32 33 33 33 33 34 34 35 35 35 35 35 35 35 36 36 36 36 37 37 37 37 37 38 38 38 38 39 39 39 39 40 40 40 40 40 40 41 41 41 42 42 42 43 43 44 44 44 45 45 46 46 46 46 46 47 47 47 47 47 48 48 48 48 48 49 49 49 50 50 50 50 50 51 51 51 51 51 52 52 52 53 53 53 54 54 54 54 55 55 55 55 56 56 57 57 57 57 57 58 59 59 59 60 60 60 61 61 61 61 61 61 63 63 63 63 64 64 64 64 65 65 65 66 66 66 66 67 67 67 67 67 68 68 68 68 68 69 69 69 69 69 70 70 71 71 71 71 72 72 72 72 72 73 73 73 73 73 74 74 74 74 75 76 76 76 76 77 77 77 77 78 78 78 79 79 79 79 79 80 80 80 81 81 81 81 82 82 83 83 83 83 84 84 85 85 85 86 86 86 88 88 88 88 89 90 90 90 90 90 91 91 91 91 91 92 92 92 93 93 93 95 95 95 96 96 96 96 97 97 97 98 98 98 98 98 99 99 100 100 100 101 102 102 102 103 104 104 104 104 105 105 105 105 105 106 106 107 107 108 108 108 109 110 110 110 110 111 111 111 111 112 112 112 112 113 113 113 113 114 114 116 116 117 117 118 118 119 119 119 120 120 121 121 122 122 122 123 123 123 124 124 124 125 125 126 126 126 127 127 128 128 128 129 130 130 130 131 131 131 132 133 133 134 135 135 136 137 137 138 138 139 140 141 141 141 141 142 142 143 143 143 143 144 145 145 146 147 147 147 148 148 148 149 150 150 150 151 151 151 151 152 153 153 153 153 153 153 154 155 155 155 157 158 158 158 160 160 161 161 161 161 161 162 163 163 164 164 165 167 168 168 169 169 169 170 171 171 172 173 173 174 175 177 180 180 180 181 181 181 182 182 183 184 184 184 184 185 186 187 187 188 189 189 189 189 190 190 190 191 192 195 196 196 198 199 200 201 201 201 202 203 203 203 204 204 206 206 206 207 207 208 208 210 212 212 212 215 215 215 216 219 220 221 221 223 224 226 228 228 228 228 230 230 230 231 232 234 234 234 234 235 237 237 242 243 243 243 243 243 244 244 244 245 245 245 245 245 246 246 247 247 247 247 248 249 249 249 249 250 250 250 250 250 251 251 251 252 252 252 252 253 254 254 254 254 255 256 256 256 257 257 257 257 257 257 257 258 258 258 258 259 259 259 260 260 260 261 261 261 261 262 262 262 263 263 264 264 265 265 265 265 265 265 266 266 266 267 267 267 268 268 268 268 269 270 270 270 270 270 270 271 271 272 272 272 272 272 273 274 274 274 274 275 275 275 276 276 277 277 277 277 278 278 278 278 279 279 279 279 280 280 280 281 281 281 281 282 282 282 282 282 283 283 283 283 283 284 284 284 284 285 285 285 285 286 286 286 286 286 287 287 287 287 288 288 288 289 289 290 290 290 291 291 291 291 291 292 292 292 293 293 293 293 293 293 294 294 295 295 295 295 296 296 297 298 298 298 299 299 299 300 300 301 301 301 301 301 302 303 303 303 303 303 303 303 304 304 305 305 306 306 306 307 307 308 308 308 309 310 310 310 311 311 311 311 311 311 312 312 312 312 313 313 313 313 313 314 314 314 314 314 315 315 316 316 316 317 317 317 317 317 317 317 318 318 318 318 318 318 318 319 319 319 320 320 320 320 321 321 321 322 322 323 323 323 324 324 324 324 325 325 325 326 326 327 328 328 328 330 330 330 330 330 331 331 331 332 332 332 333 333 334 334 334 334 334 335 335 335 335 335 336 336 337 337 338 340 340 340 341 343 344 344 344 345 346 346 346 346 347 347 347 347 350 350 351 351 351 351 351 353 353 354 354 354 354 354 355 355 355 355 356 356 356 358 358 358 360 360 361 361 362 363 363 364 365 366 366 366 366 366 366 367 367 367 368 369 369 369 370 370 371 372 372 373 373 374 374 376 377 377 377 378 379 379 379 380 380 380 384 384 385 385 385 386 387 387 387 387 389 389 390 390 392 394 394 394 395 397 397 399 399 399 400 401 402 402 404 404 404 404 405 405 405 405 405 406 406 406 408 408 408 408 411 411 413 413 413 413 414 417 417 417 417 421 421 421 422 422 423 423 423 425 425 426 429 429 431 432 434 435 436 436 436 437 438 439 439 439 439 440 441 442 442 442 442 443 443 446 446 450 450 451 453 453 453 453 454 455 455 456 456 457 457 457 457 459 459 460 460 462 462 462 462 462 462 463 463 463 464 464 465 466 466 466 466 467 467 467 468 468 468 468 469 469 469 469 470 470 470 470 470 471 471 471 471 472 472 472 472 473 473 473 473 473 474 475 475 476 476 476 476 477 478 478 478 479 479 480 480 480 481 481 481 481 482 482 482 482 482 483 484 484 484 485 485 485 486 486 486 487 487 488 488 488 488 488 489 489 489 489 490 490 490 491 491 491 492 492 492 493 493 493 494 494 495 496 496 496 496 497 497 498 498 499 499 500 500 500 501 501 502 502 502 502 502 503 503 503 503 503 503 503 503 504 504 504 504 505 505 505 506 507 507 507 507 508 508 508 509 509 509 509 510 510 510 510 511 513 513 514 514 515 516 516 516 516 517 517 517 517 517 518 518 518 518 519 519 520 520 521 521 521 522 522 522 522 523 523 523 523 523 524 524 524 525 525 525 525 526 526 526 526 526 527 527 528 529 529 529 530 530 530 531 531 531 532 534 535 535 535 538 538 538 538 538 538 539 539 539 540 540 541 541 541 542 543 543 546 547 547 547 547 549 550 550 550 550 551 551 551 551 551 551 552 552 553 553 554 554 554 555 555 555 555 555 557 557 557 557 558 558 560 560 561 561 561 562 562 564 565 565 565 567 568 568 568 568 569 570 570 572 573 573 573 573 574 574 574 575 575 575 575 575 576 577 577 577 578 578 578 578 578 579 579 579 580 580 580 580 581 581 581 582 582 583 585 585 586 587 588 590 591 591 591 593 594 594 595 595 595 596 596 596 596 597 597 597 598 598 598 598 598 598 598 598 599 601 602 604 604 604 604 606 606 606 607 607 608 609 609 609 609 609 610 612 613 613 614 614 615 615 616 616 618 618 619 619 619 619 620 621 623 623 624 625 625 626 626 626 627 628 628 631 631 632 633 635 635 635 635 635 636 636 637 637 638 638 638 638 639 639 639 640 640 641 641 641 641 643 644 645 645 645 645 645 645 646 647 647 647 650 652 652 652 653 654 655 656 657 657 657 657 658 662 662 662 662 663 666 666 666 667 668 668 669 669 669 670 671 671 673 675 675 675 676 677 677 677 677 678 678 678 679 679 679 679 680 680 681 681 681 682 682 682 682 682 683 683 683 683 683 684 684 686 686 686 687 687 688 688 688 688 688 688 689 689 690 690 690 691 691 691 691 691 692 693 693 693 693 694 694 694 694 695 695 695 696 696 696 696 696 697 697 697 697 698 698 698 698 699 699 699 700 700 701 701 701 701 701 702 702 702 703 703 704 704 704 705 705 705 705 706 706 706 707 707 707 707 708 709 709 710 710 711 711 711 712 712 712 712 713 713 714 714 714 714 714 715 715 715 716 716 716 716 716 716 717 717 719 719 720 720 720 720 721 721 721 721 724 724 724 724 724 724 724 724 726 726 726 726 726 726 727 727 728 728 728 730 730 730 730 731 731 731 732 732 732 732 733 734 735 736 736 736 736 737 737 737 738 739 739 739 739 739 739 740 741 742 743 743 743 743 743 744 744 744 744 744 745 745 745 745 745 745 746 746 746 747 747 747 747 748 748 748 749 749 749 749 749 750 750 750 750 751 751 751 752 752 753 754 754 756 756 756 756 756 758 758 759 759 760 760 760 762 762 762 762 763 763 764 766 767 767 767 768 768 769 769 772 772 772 772 772 772 772 773 773 774 774 775 775 776 776 776 776 777 777 777 778 778 780 780 781 781 782 783 783 784 784 785 785 785 786 786 786 786 786 787 787 787 788 789 790 790 790 791 791 791 791 791 792 792 792 792 792 793 794 794 794 795 797 797 797 798 798 798 799 799 800 800 801 801 803 803 805 805 805 805 808 808 809 810 810 810 810 811 811 811 812 813 813 813 814 814 814 814 814 814 815 815 815 815 816 817 817 817 818 818 819 819 819 819 820 820 820 821 822 822 822 823 824 825 826 826 829 829 830 832 832 833 834 835 835 836 836 836 839 840 840 841 841 841 841 841 842 842 842 843 843 844 845 845 846 846 846 847 848 848 848 848 849 850 850 851 851 851 853 853 854 855 856 857 858 858 860 863 863 864 864 864 865 867 867 867 867 867 870 870 871 874 874 878 878 878 878 884 886 887 887 887 888 888 888 889 889 890 890 891 892 892 892 892 892 893 893 893 893 894 894 894 895 895 895 895 896 896 896 896 897 897 898 899 899 899 900 900 900 900 901 901 902 902 902 902 903 903 903 903 903 905 905 905 906 906 906 906 907 907 908 908 908 909 909 909 909 910 910 910 910 910 911 911 912 913 913 913 913 913 913 914 915 915 915 916 916 916 917 918 918 919 919 919 919 920 920 920 921 921 921 921 922 922 922 922 922 922 923 923 923 924 924 924 924 924 925 925 925 925 925 926 926 926 927 927 927 928 928 928 928 928 929 929 929 929 930 930 930 931 931 931 932 933 934 934 934 935 935 935 936 937 937 937 937 937 937 938 938 939 939 939 939 939 940 941 941 941 941 941 942 942 942 943 944 944 944 946 946 946 946 948 948 948 948 949 949 949 949 950 950 950 950 951 951 951 951 952 952 953 953 953 954 954 957 957 957 957 957 958 958 958 958 959 959 959 959 959 960 960 961 961 961 961 961 961 962 962 962 962 963 963 964 965 965 965 965 965 966 967 967 968 968 968 968 969 969 969 970 970 970 971 971 972 973 973 973 973 973 973 974 974 974 974 975 975 976 976 977 977 977 978 978 978 978 979 980 980 980 980 980 981 982 982 983 983 984 984 984 984 985 985 985 986 986 986 986 987 987 988 988 988 988 989 989 989 990 990 990 991 991 992 992 992 992 993 993 993 994 994 994 995 995 996 996 996 997 998 998 998 999 999 999 1001 1001 1002 1003 1003 1003 1004 1004 1006 1007 1008 1009 1009 1010 1010 1010 1010 1011 1012 1012 1013 1014 1014 1015 1015 1015 1015 1015 1015 1016 1016 1018 1019 1020 1020 1020 1021 1021 1021 1021 1021 1022 1022 1022 1022 1024 1024 1024 1025 1025 1025 1025 1025 1027 1027 1027 1028 1028 1030 1030 1031 1032 1032 1033 1034 1034 1036 1036 1036 1036 1037 1037 1037 1037 1038 1038 1038 1038 1039 1040 1040 1043 1044 1044 1044 1045 1046 1048 1048 1048 1048 1049 1052 1054 1055 1056 1060 1060 1062 1063 1063 1064 1065 1065 1067 1067 1068 1070 1070 1071 1071 1072 1072 1073 1074 1075 1075 1075 1075 1076 1076 1076 1079 1082 1083 1085 1085 1085 1085 1091 1091 1091 1092 1092 1092 1092 1093 1093 1093 1094 1094 1094 1095 1095 1095 1095 1095 1096 1096 1096 1096 1097 1097 1097 1098 1098 1098 1098 1099 1099 1099 1100 1100 1100 1100 1101 1101 1101 1101 1101 1101 1102 1102 1102 1103 1103 1103 1104 1104 1104 1104 1105 1105 1105 1105 1106 1106 1106 1106 1107 1107 1107 1107 1107 1108 1108 1109 1109 1109 1109 1109 1109 1111 1111 1111 1112 1112 1112 1112 1113 1113 1113 1113 1113 1114 1114 1114 1114 1114 1115 1115 1115 1115 1116 1118 1118 1118 1118 1118 1118 1119 1119 1119 1119 1120 1121 1121 1121 1121 1121 1122 1122 1122 1122 1123 1123 1123 1123 1124 1125 1126 1126 1127 1127 1127 1127 1128 1128 1128 1129 1129 1129 1129 1131 1131 1131 1132 1132 1133 1133 1133 1133 1134 1134 1135 1136 1137 1137 1137 1137 1138 1138 1138 1138 1139 1139 1139 1140 1140 1140 1140 1140 1140 1141 1141 1141 1142 1142 1142 1142 1142 1143 1143 1144 1144 1145 1145 1145 1145 1146 1146 1147 1147 1148 1148 1148 1149 1149 1149 1150 1152 1152 1152 1152 1153 1153 1153 1153 1154 1154 1154 1154 1154 1155 1155 1155 1155 1156 1157 1157 1157 1158 1158 1158 1158 1159 1159 1159 1159 1159 1160 1160 1160 1160 1160 1161 1161 1161 1161 1162 1162 1162 1162 1163 1163 1163 1163 1164 1164 1164 1165 1167 1167 1167 1168 1168 1168 1168 1169 1170 1170 1171 1172 1173 1173 1173 1173 1173 1173 1173 1174 1174 1174 1175 1175 1175 1176 1177 1177 1178 1179 1179 1179 1180 1180 1181 1181 1181 1182 1182 1183 1183 1183 1184 1185 1185 1186 1186 1187 1187 1188 1188 1188 1189 1189 1189 1189 1189 1190 1190 1190 1191 1192 1192 1192 1192 1194 1194 1194 1194 1194 1194 1195 1195 1195 1196 1196 1197 1198 1198 1200 1200 1200 1201 1201 1201 1201 1201 1202 1202 1202 1203 1204 1204 1205 1205 1205 1205 1206 1208 1208 1208 1208 1209 1209 1210 1210 1210 1210 1212 1212 1213 1213 1213 1213 1215 1215 1215 1215 1216 1216 1217 1219 1219 1219 1220 1221 1221 1221 1222 1222 1223 1223 1223 1223 1224 1225 1225 1227 1227 1228 1228 1229 1229 1230 1230 1231 1231 1231 1231 1231 1232 1232 1232 1232 1233 1234 1234 1234 1236 1237 1238 1239 1239 1240 1240 1240 1241 1242 1242 1243 1243 1243 1244 1245 1246 1246 1246 1246 1247 1247 1248 1248 1248 1250 1250 1250 1250 1252 1253 1255 1256 1257 1257 1257 1257 1258 1258 1258 1259 1259 1259 1260 1260 1260 1261 1262 1262 1263 1264 1265 1265 1265 1266 1266 1266 1268 1268 1271 1271 1271 1272 1272 1272 1273 1274 1275 1276 1277 1278 1278 1279 1279 1282 1284 1284 1285 1285 1285 1286 1286 1287 1287 1287 1287 1288 1290 1290 1291 1291 1292 1294 1294 1294 1294 1295 1295 1296 1297 1299 1301 1302 1303 1304 1306 1306 1307 1307 1308 1309 1309 1310 1310 1310 1312 1315 1316 1318 1318 1318 1319 1319 1319 1320 1320 1320 1320 1320 1321 1321 1323 1323 1323 1325 1326 1326 1326 1326 1327 1327 1327 1328 1328 1328 1329 1329 1329 1329 1330 1330 1330 1331 1331 1331 1332 1332 1332 1332 1333 1333 1333 1333 1334 1334 1334 1334 1334 1335 1336 1336 1336 1336 1336 1337 1337 1337 1337 1337 1338 1338 1338 1338 1338 1339 1339 1340 1340 1340 1340 1340 1341 1341 1341 1341 1341 1341 1342 1342 1343 1343 1343 1344 1344 1345 1346 1346 1346 1346 1346 1347 1347 1347 1347 1348 1348 1348 1349 1349 1349 1349 1349 1350 1350 1350 1350 1350 1350 1352 1352 1352 1353 1353 1354 1354 1354 1354 1355 1355 1355 1355 1356 1356 1356 1356 1357 1357 1357 1357 1357 1358 1358 1358 1359 1359 1359 1360 1362 1363 1363 1363 1363 1364 1364 1364 1365 1365 1365 1365 1366 1366 1366 1366 1368 1368 1368 1368 1369 1370 1371 1371 1372 1372 1372 1373 1373 1374 1374 1374 1374 1375 1375 1375 1376 1377 1378 1379 1379 1380 1380 1380 1381 1381 1381 1383 1383 1384 1384 1385 1385 1387 1387 1388 1389 1389 1389 1389 1390 1390 1390 1391 1391 1392 1392 1393 1394 1394 1394 1395 1395 1395 1395 1395 1396 1396 1398 1398 1398 1398 1399 1399 1402 1403 1403 1403 1403 1405 1405 1405 1405 1405 1406 1406 1406 1406 1406 1406 1407 1408 1408 1409 1409 1409 1409 1410 1410 1411 1411 1411 1411 1413 1413 1414 1414 1414 1414 1415 1415 1415 1416 1417 1417 1417 1417 1418 1418 1419 1420 1421 1421 1421 1422 1423 1423 1423 1424 1424 1424 1424 1424 1424 1424 1425 1425 1425 1426 1426 1427 1427 1427 1428 1428 1428 1429 1429 1429 1430 1431 1431 1432 1432 1433 1433 1433 1433 1434 1434 1434 1434 1435 1435 1435 1435 1435 1436 1437 1438 1438 1438 1438 1439 1439 1441 1441 1441 1442 1442 1443 1443 1443 1444 1444 1444 1444 1445 1445 1445 1445 1446 1446 1447 1447 1448 1449 1449 1450 1450 1452 1453 1453 1453 1453 1453 1456 1456 1457 1457 1458 1458 1458 1458 1458 1458 1459 1459 1460 1460 1460 1462 1463 1464 1464 1469 1469 1469 1469 1470 1470 1470 1470 1471 1472 1473 1476 1478 1482 1483 1484 1487 1488 1489 1490 1490 1492 1492 1492 1492 1492 1496 1496 1496 1496 1496 1500 1501 1502 1502 1502 1503 1503 1503 1503 1504 1504 1504 1504 1505 1505 1505 1505 1505 1506 1506 1506 1506 1506 1506 1506 1507 1507 1507 1507 1507 1508 1508 1508 1509 1509 1509 1509 1510 1510 1510 1510 1511 1511 1511 1513 1513 1513 1513 1514 1514 1514 1514 1514 1515 1516 1518 1519 1519 1519 1520 1520 1520 1520 1520 1521 1521 1521 1521 1521 1522 1522 1522 1523 1523 1523 1523 1525 1525 1525 1526 1526 1527 1527 1528 1528 1528 1528 1529 1530 1530 1530 1530 1531 1531 1532 1533 1533 1533 1533 1533 1534 1534 1534 1535 1536 1536 1537 1537 1537 1537 1537 1538 1538 1538 1538 1539 1539 1540 1540 1540 1541 1541 1541 1541 1541 1542 1542 1542 1543 1543 1543 1544 1544 1544 1544 1544 1545 1545 1545 1545 1545 1546 1546 1546 1546 1546 1547 1547 1547 1548 1548 1549 1549 1549 1550 1550 1550 1551 1551 1551 1552 1553 1553 1553 1554 1554 1554 1555 1555 1555 1556 1556 1556 1557 1557 1557 1558 1558 1559 1559 1559 1560 1560 1561 1561 1561 1562 1563 1563 1563 1565 1565 1566 1567 1567 1567 1569 1569 1569 1569 1570 1570 1570 1570 1570 1570 1571 1571 1572 1572 1572 1573 1573 1573 1575 1575 1575 1576 1576 1577 1577 1578 1578 1578 1578 1578 1578 1580 1580 1580 1580 1581 1582 1583 1584 1584 1584 1584 1585 1585 1585 1587 1588 1588 1589 1590 1590 1590 1590 1591 1591 1591 1591 1591 1592 1592 1593 1593 1593 1593 1593 1594 1594 1594 1595 1595 1595 1596 1597 1597 1597 1598 1598 1598 1598 1598 1599 1600 1600 1600 1600 1600 1600 1601 1601 1601 1601 1601 1602 1602 1602 1602 1603 1603 1603 1603 1603 1604 1606 1606 1607 1608 1609 1609 1610 1611 1611 1611 1611 1612 1612 1612 1612 1612 1614 1614 1615 1615 1615 1615 1616 1617 1617 1617 1618 1618 1618 1619 1621 1621 1622 1622 1622 1623 1624 1624 1624 1624 1625 1627 1627 1627 1628 1629 1629 1629 1630 1630 1630 1630 1632 1633 1634 1634 1634 1635 1636 1636 1636 1636 1639 1639 1640 1640 1642 1643 1644 1644 1645 1645 1645 1646 1646 1646 1647 1647 1648 1649 1649 1649 1650 1650 1650 1650 1651 1651 1652 1653 1653 1653 1654 1654 1654 1654 1655 1655 1655 1655 1656 1656 1657 1658 1659 1661 1662 1664 1664 1664 1665 1666 1666 1667 1668 1668 1669 1669 1669 1669 1670 1670 1674 1674 1675 1676 1676 1677 1678 1678 1679 1679 1680 1680 1680 1681 1682 1685 1687 1687 1687 1687 1687 1689 1693 1693 1694 1694 1694 1696 1700 1700 1702 1703 1703 1703 1704 1705 1706 1706 1706 1708 1712 1712 1714 1714 1715 1717 1719 1719 1719 1719 1720 1721 1723 1723 1724 1726 1727 1727 1729 1729 1729 1730 1730 1731 1731 1731 1731 1731 1732 1733 1733 1733 1733 1734 1734 1734 1735 1735 1735 1736 1738 1738 1738 1739 1739 1739 1740 1740 1740 1741 1741 1741 1741 1743 1743 1743 1744 1744 1744 1745 1745 1745 1745 1746 1746 1746 1747 1747 1748 1748 1749 1749 1749 1751 1751 1751 1752 1752 1752 1753 1753 1753 1754 1754 1755 1755 1757 1757 1757 1757 1757 1758 1758 1759 1759 1760 1760 1760 1760 1761 1761 1761 1762 1762 1763 1763 1764 1764 1765 1765 1765 1766 1766 1766 1766 1768 1769 1769 1770 1771 1771 1771 1772 1772 1773 1774 1775 1775 1777 1777 1780 1781 1782 1783 1783 1783 1783 1783 1784 1786 1787 1787 1788 1789 1790 1790 1791 1791 1792 1793 1793 1795 1797 1797 1798 1798 1799 1801 1801 1802 1802 1804 1805 1806 1807 1807 1809 1809 1809 1811 1811 1812 1813 1813 1814 1818 1818 1821 1822 1823 1826 1826 1831 1835 1836 1839
</DataArray>
        <DataArray type="Int64" Name="particle_2" NumberOfComponents="1" format="ascii">
94 136 191 175 236 164 368 11 181 80 200 352 451 450 199 8 178 99 192 58 403 229 174 349 82 336 163 194 146 188 88 225 15 191 360 92 45 17 74 217 211 120 396 127 352 220 146 225 31 88 223 181 137 65 53 235 222 196 262 75 97 178 135 166 82 28 132 43 140 44 126 204 287 292 326 417 23 139 108 61 214 177 137 433 56 144 193 145 49 167 31 111 134 426 159 111 182 342 102 431 60 390 380 425 214 403 186 178 111 161 176 173 236 327 266 185 349 114 117 96 80 117 76 336 77 209 120 424 142 419 397 288 204 275 424 163 290 308 160 152 183 196 137 76 105 201 381 191 248 101 184 44 403 384 448 428 168 178 159 182 218 214 177 214 50 132 403 448 154 103 118 339 106 412 372 217 262 67 149 441 171 83 360 239 297 229 194 159 177 61 133 433 384 138 195 375 419 90 396 220 182 79 255 295 236 206 444 355 88 191 156 125 113 144 109 193 157 203 221 214 110 198 452 348 409 307 165 231 133 140 365 398 241 145 375 175 190 120 375 173 152 162 70 89 97 135 219 382 418 409 131 277 144 186 176 430 175 211 121 176 132 236 433 78 360 452 128 131 135 388 212 141 347 89 197 119 388 195 232 103 147 416 269 157 117 96 105 336 163 308 381 235 345 261 177 196 133 410 449 216 230 228 157 93 210 117 174 391 233 226 189 232 162 137 156 248 268 228 385 324 107 94 156 223 129 375 100 327 126 392 449 333 284 390 621 160 110 189 225 238 216 97 179 135 210 117 230 198 170 396 166 193 157 124 177 108 121 132 145 175 139 239 198 449 400 271 237 174 349 155 210 133 348 198 449 374 392 225 191 221 112 201 207 238 160 348 217 159 391 246 286 427 126 381 204 197 240 179 138 391 208 205 190 155 216 205 148 179 207 141 173 175 211 132 129 199 127 195 375 374 193 218 165 248 130 164 383 364 202 219 239 297 253 202 253 309 279 304 617 422 206 201 255 159 180 166 226 242 410 190 207 224 384 388 142 397 331 180 427 229 178 167 159 145 430 224 185 232 418 149 202 200 339 277 433 403 345 172 209 197 205 214 201 256 204 333 287 624 232 203 269 349 210 201 164 395 238 210 415 352 376 341 254 183 181 228 365 393 192 174 273 386 271 235 247 178 233 191 187 327 447 185 327 218 240 269 336 349 216 208 407 376 242 253 373 279 304 229 231 202 388 194 230 232 382 217 197 241 195 239 214 388 218 348 258 396 219 398 256 333 219 240 221 336 383 215 343 337 448 240 221 248 378 218 219 412 289 424 381 300 225 352 376 224 427 426 419 297 258 263 378 304 238 233 360 343 297 418 253 264 338 305 240 269 271 534 406 281 251 755 280 483 488 292 401 454 274 566 376 294 367 261 435 512 434 407 320 414 362 376 296 306 446 474 463 668 515 559 413 301 610 264 391 288 300 296 398 449 258 302 507 537 643 350 656 586 557 308 263 358 302 273 321 634 325 355 359 295 367 298 512 410 271 307 409 422 548 313 357 611 605 636 501 480 447 444 533 592 453 510 426 342 460 310 415 288 300 275 487 344 534 416 316 289 330 370 315 285 448 571 321 511 404 445 487 437 362 567 441 380 338 644 322 474 605 587 373 282 548 617 401 477 511 436 465 480 615 434 310 329 611 464 450 296 459 474 344 302 400 328 590 389 519 583 589 426 290 342 306 460 445 326 559 648 424 341 429 397 451 391 294 545 314 533 600 553 571 325 333 540 435 512 438 323 440 569 306 322 384 420 340 345 322 344 418 345 477 483 387 540 366 461 369 437 559 629 582 685 353 324 465 577 654 478 311 491 452 385 410 431 407 342 446 316 367 378 358 369 434 434 357 329 478 597 615 515 687 539 528 630 411 569 617 338 317 556 458 447 392 364 393 399 377 583 416 441 528 548 617 394 464 319 458 470 563 479 363 344 546 421 544 464 670 497 342 460 357 456 359 401 442 461 436 354 334 608 369 371 463 465 395 393 417 377 437 393 380 425 514 412 392 372 370 377 419 412 392 512 354 483 387 624 527 590 354 593 547 556 644 411 623 760 424 427 365 395 556 428 386 477 352 430 421 544 406 386 487 534 544 629 415 352 424 397 665 655 444 533 359 571 643 455 514 527 438 457 440 494 368 428 359 401 380 664 510 381 445 371 382 452 376 414 605 423 487 383 430 621 527 566 457 620 653 390 425 438 393 461 445 463 383 429 624 603 584 434 378 375 447 450 383 600 553 461 479 423 519 441 400 592 433 387 617 439 455 483 398 395 428 420 562 481 420 527 432 592 622 470 398 412 429 432 408 537 422 428 440 613 566 610 828 561 540 559 648 620 595 485 587 543 584 531 537 640 664 529 531 564 558 532 474 553 665 559 454 474 879 552 617 455 451 479 603 528 630 434 563 487 449 600 545 528 446 611 439 505 630 545 536 542 465 601 664 649 655 634 673 464 636 474 605 563 459 563 556 470 576 760 540 465 478 520 501 477 483 488 613 546 567 545 611 623 608 551 475 594 599 536 648 505 542 498 622 587 755 807 641 757 554 898 469 855 802 838 590 654 620 626 622 498 585 497 495 757 639 713 740 488 572 663 499 549 610 484 865 764 552 831 796 610 561 619 490 527 514 495 539 563 546 504 521 725 583 612 642 837 588 775 771 883 826 572 861 671 683 544 829 807 518 500 645 564 589 511 634 572 525 493 574 631 718 759 659 869 783 626 515 539 529 796 763 655 506 663 669 601 646 628 555 692 797 576 660 622 666 602 616 632 588 684 651 658 879 552 587 812 652 544 589 532 629 618 642 861 541 560 658 650 604 534 543 582 673 553 531 537 549 673 667 869 586 764 799 659 514 593 623 608 655 603 584 592 654 723 829 641 573 857 687 700 723 639 698 546 770 879 627 589 607 570 560 587 625 788 755 882 581 710 873 766 733 728 719 625 579 638 566 653 561 855 582 535 668 574 838 621 590 664 623 569 753 880 683 799 600 583 661 685 536 577 620 635 873 835 591 674 616 783 784 631 718 624 620 861 829 825 636 742 755 607 593 802 596 599 640 594 816 870 686 626 614 774 802 599 747 632 560 564 665 676 565 768 674 733 692 845 719 610 667 764 847 583 671 587 812 828 729 873 627 618 589 658 771 860 770 802 862 840 779 753 632 650 602 861 742 807 849 668 581 842 831 639 806 827 713 660 648 672 582 837 637 679 696 722 725 615 723 627 837 765 736 625 739 754 668 735 661 666 660 649 755 812 593 729 616 711 614 633 789 685 865 735 753 601 862 876 636 615 687 689 872 790 741 702 891 1019 701 699 628 692 658 725 788 824 861 735 790 879 618 630 642 861 825 795 679 865 661 663 647 654 646 755 723 674 678 866 833 828 872 835 766 828 672 646 796 672 723 734 802 838 718 780 876 854 784 638 770 796 828 735 838 689 766 651 725 642 761 723 703 804 705 784 713 740 661 708 652 734 810 793 649 664 829 780 684 709 857 830 831 862 733 692 771 829 775 857 669 672 667 708 802 718 759 859 676 838 733 859 840 873 670 700 757 729 742 755 855 802 733 757 761 764 729 955 798 681 757 768 875 1079 721 821 858 877 833 765 1041 773 843 1042 894 969 1218 882 689 702 868 1019 865 847 795 790 741 1023 830 789 816 914 784 723 1052 778 748 819 1074 979 865 735 741 743 1049 850 966 878 954 901 821 781 1053 1042 884 727 722 801 994 869 884 1062 761 795 843 904 967 698 1059 808 960 703 740 804 738 876 779 792 824 740 702 805 1055 818 786 849 805 785 822 871 858 952 911 739 754 863 871 852 914 745 735 838 809 842 761 736 758 882 885 869 858 1062 844 1007 932 1011 738 823 797 867 947 912 1089 835 858 911 885 744 777 940 1070 1018 1066 1090 840 1017 795 843 1053 1084 981 956 941 920 756 748 836 819 979 1014 888 933 847 799 741 781 955 891 765 945 881 1019 1055 741 1053 962 1069 881 1051 832 960 748 888 908 840 788 882 866 765 844 945 943 1034 1020 803 842 793 868 752 1052 834 822 1053 861 1041 777 940 968 785 857 758 885 889 746 1086 947 1244 919 982 976 1007 850 931 774 769 779 789 871 979 1039 881 840 911 917 1034 779 972 832 851 853 960 936 777 1070 763 1029 776 759 778 808 832 836 825 849 809 804 831 796 806 771 767 875 814 876 816 880 881 826 878 814 822 782 827 804 788 883 860 824 787 1029 776 1041 945 784 827 1023 826 824 822 1067 848 849 868 983 863 834 866 844 869 955 898 869 952 831 827 1018 818 1002 805 917 1080 993 971 826 1077 814 812 972 795 1041 849 1007 966 1011 1165 985 845 854 794 800 851 1029 840 832 1086 1041 821 820 943 1042 1083 1072 847 813 845 820 1084 1254 806 1066 868 1019 983 1002 972 836 838 857 883 850 1077 853 918 1039 883 880 843 1053 875 1067 878 1050 1043 817 1059 823 981 964 852 875 1008 956 921 894 864 934 1110 890 854 852 856 839 824 1059 1006 853 860 833 850 966 879 866 1007 836 1086 837 868 872 891 1090 888 1004 1017 859 845 1062 877 1082 1078 886 882 868 863 880 904 945 854 943 867 1078 930 872 1052 1006 918 1071 1041 857 1023 914 1086 929 960 964 876 873 1089 885 1062 1017 875 881 1051 1051 1060 1014 872 1017 943 947 1020 912 1066 1013 918 945 997 1077 1193 905 906 1087 1082 907 1047 1267 1004 1001 1224 945 932 1060 1058 1055 906 1283 1233 1302 986 908 936 907 1267 962 1080 1218 932 994 1031 1064 900 1166 1151 1264 1218 1148 1059 1031 1197 1300 1084 1000 1003 1166 1302 1016 932 1057 1054 1235 1218 989 1076 992 1187 1070 1043 991 1050 1043 1233 1302 1004 1035 964 1027 938 1147 1293 1275 1282 1110 933 1025 978 1207 1055 1020 1117 1055 1080 969 1020 923 1088 1005 938 924 1276 1006 918 941 1060 1059 1074 1086 1249 1061 946 941 1032 1299 1049 1003 1040 1028 1057 1040 1033 1130 1245 1140 969 989 995 1156 1073 1242 1270 1120 1058 1124 984 1207 988 1089 1061 1081 997 1031 1003 940 954 931 1057 1229 1013 1090 1004 1244 1078 1081 1135 954 1165 1108 1026 1224 983 1063 1058 995 1262 1123 1035 1064 1054 1269 1170 1171 1216 1047 1073 1299 1046 1242 1169 1157 997 944 987 1156 1299 1046 1314 1219 1164 1017 1071 1074 1299 1244 982 1191 1263 1067 1052 1070 1071 1088 1249 1207 1214 1166 1028 1176 1251 996 1267 1085 1200 955 1069 1063 1074 1199 1070 1143 1283 1199 1044 1299 1136 1186 1164 1112 1282 1004 1249 1224 1261 980 972 1066 1089 982 1117 1068 1146 1125 1084 1042 1049 1048 996 1226 987 1016 1311 1236 1181 1280 1193 1041 1000 1000 1049 1018 1057 1087 1082 1078 1081 1068 1021 993 1088 1066 1063 1312 1110 1199 1025 1186 1226 1200 1015 1212 1084 1083 1005 1226 1249 1056 1068 1001 1094 1030 1275 1094 1207 1147 1191 1297 1179 987 1089 1226 1018 1312 1088 1124 1056 1065 1193 1045 1184 1032 1311 1305 1188 1027 1046 1207 1153 1221 1105 1080 1218 1124 1165 1108 1206 1071 1296 1298 1076 1148 1222 1051 1002 1058 997 1254 1031 1078 1076 1035 1005 1261 1000 1238 1025 1036 1024 1172 1144 1039 1073 1009 1151 1033 1130 1014 1244 1067 1023 1233 1124 1203 1143 1245 1313 1103 1026 1026 1064 1035 1034 1249 1191 1263 1316 1091 1215 1401 1045 1108 1040 1051 1078 1088 1061 1117 1135 1125 1150 1278 1166 1151 1172 1037 1322 1148 1198 1058 1110 1238 1186 1293 1039 1156 1073 1080 1124 1224 1120 1151 1188 1169 1054 1086 1060 1124 1203 1324 1288 1130 1251 1171 1092 1296 1302 1199 1186 1074 1312 1130 1071 1302 1236 1164 1233 1270 1083 1166 1218 1176 1084 1063 1235 1069 1081 1088 1249 1087 1070 1312 1269 1076 1154 1079 1071 1191 1077 1296 1079 1074 1087 1298 1099 1094 1110 1199 1275 1282 1298 1116 1222 1283 1298 1322 1267 1099 1149 1167 1149 1309 1132 1324 1138 1382 1494 1180 1362 1482 1110 1156 1136 1178 1234 1162 1473 1355 1474 1281 1160 1368 1272 1485 1237 1204 1132 1370 1268 1120 1276 1252 1131 1348 1306 1403 1234 1309 1132 1361 1189 1192 1324 1345 1377 1155 1219 1440 1141 1185 1475 1462 1214 1154 1303 1195 1257 1300 1455 1220 1126 1115 1178 1234 1361 1235 1201 1280 1277 1437 1279 1239 1246 1367 1237 1301 1305 1242 1182 1129 1126 1316 1175 1303 1323 1412 1285 1471 1432 1410 1275 1120 1209 1177 1135 1440 1174 1319 1161 1348 1331 1351 1471 1273 1364 1213 1251 1198 1163 1144 1369 1240 1217 1285 1399 1262 1367 1278 1304 1251 1258 1207 1225 1185 1430 1407 1378 1413 1232 1327 1282 1404 1230 1152 1228 1345 1307 1255 1310 1377 1413 1384 1306 1213 1481 1150 1242 1315 1486 1237 1391 1187 1486 1194 1402 1170 1300 1335 1314 1238 1203 1256 1196 1142 1219 1230 1495 1171 1324 1228 1382 1208 1296 1302 1227 1486 1388 1400 1432 1620 1226 1215 1224 1209 1198 1315 1272 1267 1252 1253 1240 1274 1464 1384 1497 1293 1324 1225 1175 1214 1262 1288 1321 1304 1206 1245 1269 1292 1299 1270 1169 1431 1185 1461 1286 1287 1237 1266 1480 1391 1396 1371 1177 1333 1359 1579 1220 1174 1477 1459 1178 1377 1361 1448 1170 1248 1228 1369 1313 1277 1241 1184 1276 1386 1255 1369 1494 1452 1447 1182 1197 1171 1245 1397 1498 1345 1230 1247 1495 1698 1479 1216 1292 1307 1221 1377 1271 1218 1231 1325 1360 1191 1209 1309 1386 1255 1211 1265 1279 1190 1474 1268 1482 1445 1211 1265 1277 1196 1293 1251 1321 1210 1493 1430 1353 1376 1192 1448 1428 1210 1475 1371 1297 1268 1484 1334 1445 1288 1485 1304 1402 1446 1266 1468 1271 1308 1324 1274 1264 1315 1272 1263 1253 1204 1206 1317 1211 1280 1437 1481 1223 1539 1251 1212 1291 1227 1335 1672 1524 1245 1241 1324 1498 1382 1289 1234 1236 1305 1404 1430 1388 1420 1270 1276 1231 1325 1316 1258 1284 1401 1243 1228 1278 1313 1256 1280 1319 1288 1494 1468 1321 1367 1386 1281 1491 1362 1267 1282 1377 1248 1416 1292 1385 1312 1235 1373 1464 1242 1360 1325 1474 1281 1318 1353 1450 1471 1311 1252 1361 1310 1277 1465 1312 1440 1348 1367 1301 1351 1274 1275 1360 1455 1248 1342 1261 1256 1454 1259 1462 1587 1274 1345 1335 1320 1342 1430 1407 1378 1344 1325 1255 1370 1292 1269 1317 1466 1440 1278 1388 1400 1461 1260 1568 1436 1489 1587 1289 1297 1303 1289 1322 1311 1493 1461 1485 1351 1318 1420 1499 1361 1294 1353 1321 1486 1485 1399 1293 1282 1386 1404 1295 1284 1437 1461 1360 1303 1295 1295 1308 1399 1493 1387 1475 1422 1363 1326 1321 1335 1459 1309 1401 1498 1377 1450 1448 1327 1351 1412 1314 1316 1305 1351 1313 1316 1308 1479 1659 1331 1441 1471 1361 1323 1491 1370 1487 1314 1416 1401 1446 1396 1661 1466 1454 1608 1369 1483 1480 1429 1447 1367 1485 1412 1353 1376 1491 1422 1363 1381 1581 1478 1357 1671 1403 1449 1628 1459 1511 1463 1673 1431 1481 1344 1477 1642 1421 1605 1628 1525 1562 1371 1422 1581 1579 1432 1476 1451 1517 1398 1397 1344 1490 1556 1713 1652 1672 1524 1463 1536 1582 1607 1683 1583 1415 1701 1374 1585 1560 1663 1543 1685 1527 1454 1495 1642 1587 1418 1616 1565 1429 1489 1631 1678 1368 1392 1452 1366 1512 1596 1502 1627 1518 1652 1492 1589 1454 1495 1551 1410 1358 1526 1686 1716 1396 1394 1364 1635 1414 1395 1400 1399 1419 1412 1358 1587 1363 1616 1648 1497 1473 1579 1406 1408 1526 1532 1557 1479 1660 1659 1426 1683 1432 1417 1517 1362 1518 1456 1371 1379 1462 1387 1374 1490 1465 1574 1442 1372 1394 1516 1632 1473 1535 1512 1651 1407 1422 1393 1518 1385 1487 1464 1497 1483 1480 1626 1475 1495 1387 1638 1623 1444 1451 1512 1571 1401 1468 1387 1707 1682 1707 1439 1718 1698 1479 1453 1524 1626 1479 1660 1452 1390 1568 1392 1420 1451 1521 1515 1721 1565 1441 1443 1480 1500 1490 1623 1434 1465 1728 1488 1516 1728 1606 1545 1695 1500 1613 1499 1457 1515 1467 1410 1586 1486 1452 1441 1478 1560 1426 1470 1435 1566 1674 1476 1451 1435 1640 1512 1521 1474 1410 1665 1446 1710 1447 1661 1574 1427 1620 1499 1526 1467 1494 1478 1574 1442 1508 1552 1529 1572 1709 1483 1471 1671 1433 1534 1489 1472 1620 1484 1725 1643 1496 1490 1597 1543 1700 1536 1516 1582 1632 1501 1636 1606 1556 1674 1727 1581 1711 1586 1509 1716 1473 1448 1451 1524 1447 1443 1431 1474 1481 1484 1526 1661 1574 1509 1508 1518 1539 1652 1563 1460 1660 1579 1512 1529 1437 1466 1638 1472 1648 1778 1445 1576 1641 1551 1560 1586 1488 1710 1605 1536 1490 1523 1585 1564 1487 1451 1535 1457 1494 1468 1626 1613 1660 1613 1516 1476 1640 1710 1616 1523 1711 1634 1655 1579 1596 1627 1721 1517 1526 1716 1515 1532 1621 1565 1641 1464 1660 1581 1495 1673 1475 1479 1478 1635 1692 1548 1579 1518 1556 1588 1574 1656 1491 1534 1607 1707 1524 1620 1535 1677 1642 1556 1623 1651 1596 1682 1684 1530 1725 1560 1528 1679 1700 1613 1632 1571 1684 1712 1586 1677 1552 1610 1542 1765 1662 1809 1669 1691 1735 1519 1805 1709 1621 1519 1577 1786 1561 1615 1602 1688 1538 1567 1639 1635 1599 1669 1583 1716 1552 1691 1527 1720 1555 1784 1641 1631 1625 1839 1668 1580 1823 1562 1779 1799 1748 1749 1645 1626 1652 1550 1559 1577 1528 1558 1604 1697 1795 1640 1534 1529 1531 1572 1681 1821 1790 1570 1711 1564 1622 1582 1594 1595 1620 1532 1699 1700 1678 1562 1817 1795 1680 1589 1705 1657 1654 1571 1736 1645 1595 1737 1646 1821 1776 1640 1583 1686 1707 1626 1628 1701 1703 1709 1559 1577 1688 1639 1839 1580 1651 1726 1652 1708 1633 1645 1621 1658 1819 1614 1656 1817 1743 1560 1659 1692 1683 1566 1724 1703 1666 1635 1692 1637 1592 1669 1629 1559 1788 1813 1804 1607 1548 1699 1635 1583 1584 1785 1690 1583 1686 1691 1698 1725 1663 1593 1674 1589 1580 1705 1704 1744 1569 1624 1813 1711 1564 1688 1716 1665 1675 1625 1673 1599 1592 1850 1663 1597 1709 1650 1828 1643 1652 1742 1633 1672 1605 1634 1619 1622 1690 1702 1666 1803 1844 1725 1616 1648 1679 1685 1647 1705 1575 1686 1709 1621 1742 1684 1827 1721 1658 1715 1723 1689 1841 1739 1737 1644 1846 1790 1687 1833 1806 1780 1820 1670 1711 1681 1599 1647 1598 1720 1785 1648 1647 1696 1638 1674 1589 1839 1675 1664 1789 1693 1619 1765 1774 1690 1808 1646 1629 1695 1830 1609 1618 1717 1673 1604 1767 1617 1681 1767 1705 1643 1628 1617 1817 1662 1720 1840 1755 1701 1610 1750 1618 1717 1630 1694 1704 1825 1715 1824 1766 1623 1619 1708 1843 1667 1695 1846 1609 1714 1748 1667 1637 1659 1631 1830 1834 1665 1678 1656 1817 1697 1657 1824 1758 1812 1838 1653 1615 1756 1730 1789 1782 1663 1628 1646 1779 1691 1805 1822 1778 1676 1756 1655 1647 1639 1713 1779 1794 1775 1798 1678 1721 1689 1704 1636 1699 1646 1666 1676 1750 1786 1694 1667 1839 1659 1683 1699 1661 1692 1737 1646 1637 1727 1806 1660 1683 1725 1673 1667 1800 1723 1675 1819 1692 1779 1794 1662 1696 1722 1720 1779 1775 1703 1788 1803 1841 1726 1682 1688 1721 1723 1769 1839 1820 1827 1747 1711 1702 1727 1785 1722 1662 1824 1709 1663 1671 1765 1750 1756 1789 1750 1703 1788 1728 1708 1733 1695 1846 1735 1830 1806 1759 1727 1705 1756 1716 1691 1695 1725 1722 1817 1720 1724 1705 1736 1737 1718 1702 1794 1735 1797 1776 1734 1825 1819 1826 1732 1781 1796 1840 1795 1779 1724 1724 1709 1736 1712 1719 1742 1839 1849 1843 1718 1824 1797 1800 1761 1732 1724 1780 1803 1820 1795 1723 1825 1819 1727 1742 1785 1780 1731 1764 1757 1841 1793 1840 1755 1836 1770 1815 1822 1843 1806 1752 1845 1797 1772 1741 1794 1804 1802 1761 1827 1824 1838 1786 1831 1782 1760 1775 1801 1804 1802 1829 1831 1777 1816 1847 1820 1773 1758 1780 1844 1762 1811 1824 1766 1838 1820 1849 1821 1754 1779 1776 1768 1775 1776 1763 1774 1770 1815 1767 1821 1810 1799 1810 1836 1801 1784 1844 1801 1792 1837 1827 1832 1849 1823 1795 1799 1775 1768 1773 1793 1812 1773 1848 1821 1810 1806 1780 1778 1840 1808 1828 1826 1787 1842 1799 1825 1819 1808 1822 1781 1831 1833 1776 1803 1843 1801 1792 1799 1814 1784 1786 1789 1788 1850 1848 1829 1841 1785 1805 1828 1793 1844 1796 1833 1791 1833 1800 1813 1841 1812 1816 1846 1818 1813 1804 1814 1807 1837 1850 1822 1850 1850 1815 1816 1836 1816 1840 1847 1820 1832 1832 1848 1829 1816 1822 1834 1833 1834 1845 1828 1835 1850 1842 1837 1849
</DataArray>
        <DataArray type="Float64" Name="center_distance" NumberOfComponents="1" format="ascii">
0.00159968329485 0.00159974485089 0.00159939762425 0.00159979991793 0.00159954672808 0.00159958076722 0.0015998020671 0.00159992173123 0.00159997766255 0.00159998292489 0.00159965003197 0.00159910953219 0.00159941437468 0.00159934961513 0.00159959714288 0.00159964467229 0.00159924647665 0.00159947975085 0.00159904642858 0.00159982977645 0.00159897153884 0.00159969385395 0.00159948632084 0.00159985973118 0.00159973560755 0.00159975847237 0.00159969923169 0.00159970544211 0.00159973625283 0.00159994716963 0.00159941239061 0.00159952150959 0.00159956186918 0.00159983761669 0.00159936321635 0.00159943995479 0.00159944787339 0.00159950595634 0.00159943532689 0.00159965896789 0.00159966567947 0.00159939530786 0.00159954883142 0.00159949879176 0.00159949920425 0.00159946811948 0.00159959103517 0.00159912770116 0.00159941197284 0.00159953655321 0.0015993413223 0.001599515432 0.00159996567967 0.0015996850807 0.00159971285127 0.00159971514532 0.00159920969736 0.00159933867814 0.00159919689094 0.00159988371946 0.0015998127811 0.00159950027836 0.00159948139499 0.00159998194625 0.00159959061621 0.00159981381063 0.00159997559668 0.00159993329448 0.00159990026554 0.001599881734 0.00159946958724 0.00159968890255 0.00159976070194 0.00159945294466 0.00159964663866 0.00159995151042 0.00159923471447 0.00159989754505 0.00159947506654 0.00159937902678 0.00159943055562 0.00159939125821 0.00159932252367 0.00159916576581 0.00159997949408 0.00159979834649 0.00159998225305 0.00159926226994 0.0015993796481 0.00159992133222 0.00159956141918 0.00159947444234 0.0015998759668 0.00159929610456 0.00159938084104 0.00159961793996 0.00159949317979 0.00159911152747 0.00159963338583 0.0015997370808 0.00159954354095 0.00159927874928 0.00159934011252 0.00159969477956 0.00159941254361 0.00159949939503 0.00159988948805 0.00159912043115 0.00159954963674 0.00159915152864 0.0015998412765 0.00159961928051 0.00159952376517 0.00159972486915 0.00159969070906 0.00159916011005 0.00159967691505 0.00159935507897 0.00159992295337 0.00159997194883 0.00159998603352 0.00159983853412 0.00159946999642 0.00159949059956 0.00159981076671 0.0015998309779 0.00159970549867 0.00159953711678 0.00159949090484 0.00159919644446 0.00159943926528 0.00159927567716 0.00159936888285 0.00159932603574 0.0015991655103 0.0015995022472 0.0015992687555 0.00159959534579 0.00159944207534 0.00159964333407 0.00159977880166 0.00159990894921 0.00159931874994 0.00159962970004 0.00159970218332 0.00159969874476 0.00159961372956 0.00159919151004 0.0015994250645 0.00159990942408 0.0015995059001 0.00159948999964 0.00159868751287 0.00159919406919 0.00159996111497 0.00159893003959 0.00159940236967 0.00159947161021 0.00159953760742 0.00159976219099 0.00159978506308 0.00159967349808 0.00159958859875 0.00159991451539 0.00159998178684 0.00159943488968 0.00159985810652 0.00159971556052 0.00159970942508 0.00159928908898 0.00159934731832 0.00159997155292 0.0015995695014 0.00159938935333 0.00159947743316 0.00159927962113 0.00159917363592 0.00159928546748 0.00159951268983 0.00159956941554 0.00159952796334 0.00159968349684 0.00159967766271 0.00159975996895 0.00159957395847 0.00159988547982 0.00159915528449 0.00159935986676 0.00159942362963 0.00159978218798 0.00159997190935 0.00159971894301 0.00159942230412 0.00159961045984 0.0015999032443 0.00159972859781 0.00159970907638 0.00159973842801 0.00159946181303 0.00159992765107 0.00159945922955 0.00159943334862 0.00159993524806 0.00159946306096 0.00159954438886 0.00159952441604 0.00159957845681 0.00159933723644 0.00159959456611 0.00159949708824 0.00159994315568 0.00159958567799 0.00159995872937 0.00159996545197 0.00159981653153 0.00159990017303 0.00159961236796 0.00159970272496 0.00159978663344 0.00159957075871 0.00159984293677 0.00159995064605 0.0015998751924 0.00159933965915 0.00159959224469 0.00159950084389 0.00159914165237 0.00159970354135 0.0015993420142 0.00159993153976 0.00159945711567 0.00159954162378 0.00159962000124 0.00159951988974 0.00159950880767 0.00159981384005 0.00159911369137 0.00159966801436 0.00159940162182 0.00159953380634 0.0015995591661 0.00159951270623 0.00159944443196 0.00159960009253 0.00159976069354 0.00159985869628 0.00159963075742 0.00159950604774 0.00159914821189 0.0015995837336 0.00159922046415 0.00159921539232 0.00159971039301 0.00159965553785 0.00159966875068 0.00159988791118 0.0015997153365 0.00159972831768 0.00159949360021 0.00159985012199 0.00159964240804 0.00159936934945 0.00159933249649 0.00159948136088 0.00159941999546 0.00159993121494 0.00159933049931 0.00159925597257 0.00159948599044 0.00159968851047 0.0015996356165 0.00159984776195 0.00159975373053 0.00159964597146 0.00159956477445 0.00159981341309 0.00159972317482 0.00159995533144 0.00159948796126 0.0015998046193 0.00159978160121 0.00159941357835 0.00159963714128 0.0015992257608 0.00159982136404 0.00159977886475 0.00159947562274 0.00159956127576 0.00159968862393 0.00159968603308 0.00159977449544 0.00159996790812 0.00159985401256 0.00159950151227 0.00159949161398 0.00159944050434 0.00159944726882 0.00159950542189 0.00159947283763 0.00159941535668 0.00159874259198 0.00159858627538 0.00159985259296 0.00159966311931 0.00159959527775 0.00159988093802 0.00159926042332 0.00159928195504 0.00159929189422 0.00159923648 0.00159943210666 0.00159936727574 0.00159972336832 0.00159950506498 0.00159984966612 0.00159962360612 0.0015997475674 0.00159875778424 0.00159954252017 0.00159882444554 0.00159955501257 0.00159944360409 0.00159982867823 0.00159923943354 0.00159976386483 0.00159941864296 0.00159986150333 0.00159962896048 0.00159922734063 0.00159946898055 0.00159894269279 0.00159940273209 0.00159952637924 0.00159954925806 0.00159908916143 0.00159953251697 0.0015998181129 0.00159955070557 0.00159963809665 0.00159981269921 0.00159972735601 0.00159932336559 0.00159966967482 0.0015995384978 0.00159920172856 0.00159939427324 0.00159919761497 0.00159941630571 0.00159979962009 0.00159931969286 0.00159992444045 0.00159925460287 0.00159941414585 0.00159976362842 0.00159922620195 0.00159895773344 0.00159978832786 0.00159914905157 0.00159985453866 0.00159992578479 0.0015999327905 0.00159993307878 0.00159940980423 0.00159981900108 0.00159951340688 0.00159923819455 0.001599846903 0.00159928102254 0.00159972319823 0.00159941025248 0.00159885551434 0.00159945888452 0.00159952915459 0.00159961890692 0.00159895901538 0.00159951451305 0.00159931349945 0.0015997459212 0.00159947930609 0.00159929274993 0.00159926701799 0.00159892011163 0.00159978701857 0.00159948582965 0.00159963294759 0.00159950299908 0.00159961922001 0.00159978318316 0.00159962771565 0.00159970519383 0.00159978154199 0.00159998358114 0.00159925261277 0.00159971189045 0.0015997963347 0.00159933577407 0.00159932577728 0.00159974024305 0.00159960045303 0.00159934760004 0.00159949903439 0.00159994239327 0.00159989223666 0.00159927886924 0.0015996375371 0.00159936034988 0.00159952214018 0.00159978034368 0.00159978859531 0.00159969103036 0.00159960136282 0.00159957300133 0.00159974736855 0.0015994463691 0.0015998636682 0.00159976120161 0.00159936152765 0.00159988057149 0.00159998955924 0.00159991274546 0.00159990160836 0.00159972095571 0.00159962388605 0.00159953440309 0.00159951219188 0.00159944966604 0.00159937835204 0.00159989165224 0.00159979068455 0.00159940893804 0.00159940724713 0.00159956087111 0.0015996695108 0.00159926061295 0.00159966230665 0.00159976239311 0.00159942098547 0.00159951943205 0.00159944980624 0.00159929968472 0.00159913135571 0.00159927641784 0.00159992101548 0.0015999834034 0.00159954947519 0.00159998896688 0.00159967134754 0.00159948820392 0.00159961771321 0.00159970497902 0.00159974385537 0.00159997594636 0.00159994003554 0.00159957532681 0.00159976305175 0.00159956429362 0.0015994946004 0.00159941185048 0.00159994538816 0.00159971635508 0.00159956635295 0.00159992557103 0.00159968289734 0.00159971597981 0.00159951007386 0.0015993008198 0.00159974101096 0.00159957101439 0.00159978616345 0.00159955194625 0.00159958559533 0.00159965779242 0.00159991691792 0.00159935553046 0.00159942324961 0.00159964228943 0.00159963110988 0.00159998314422 0.00159981612789 0.00159949251497 0.0015993440059 0.00159942016781 0.0015990500656 0.00159960832686 0.00159941546791 0.00159986461093 0.00159917716204 0.00159945385212 0.00159964516045 0.00159938729523 0.00159959608644 0.00159977705954 0.00159931750624 0.00159991597308 0.00159992066588 0.00159997874485 0.00159987627628 0.0015991604337 0.00159954655273 0.00159939456869 0.00159945382147 0.00159995268245 0.001599272741 0.00159983467309 0.00159958249832 0.00159934985212 0.00159956642762 0.00159989456945 0.00159914236156 0.00159989333163 0.00159968502434 0.0015994168051 0.00159942199837 0.00159982993051 0.00159945389792 0.00159933269446 0.00159958324495 0.0015992458663 0.00159992144516 0.00159975845276 0.00159953101928 0.00159945350535 0.0015995831622 0.00159941322218 0.00159924687938 0.00159982655369 0.00159958205025 0.00159979846402 0.00159983774313 0.00159968651715 0.00159965434602 0.00159948159461 0.00159939992879 0.00159972960246 0.00159975912615 0.00159967833955 0.00159973436594 0.00159930660341 0.00159969131307 0.00159969572634 0.00159948593049 0.00159994760946 0.00159944965607 0.00159992466716 0.0015996069189 0.00159947920046 0.00159922454028 0.00159972846394 0.00159971094191 0.00159941436715 0.00159962830794 0.00159970625612 0.00159933975152 0.00159964872277 0.00159957255631 0.00159950713063 0.00159997640419 0.00159967184877 0.00159984674874 0.00159914643047 0.00159943535567 0.00159899376432 0.00159940914625 0.00159921098023 0.001599759582 0.00159980623281 0.00159945959699 0.00159889474321 0.00159961703232 0.00159977473162 0.00159968762906 0.0015993722978 0.00159937942709 0.00159937438622 0.00159928581011 0.0015993831928 0.00159947912313 0.00159987169781 0.00159970010685 0.00159967989102 0.00159941551131 0.00159937989966 0.0015993049112 0.00159977496992 0.0015999108617 0.00159897117765 0.00159927346663 0.00159951406147 0.00159982418909 0.00159982733151 0.00159951361614 0.00159956049123 0.00159949509238 0.00159881459153 0.00159958457314 0.001599788223 0.00159959706726 0.00159967532596 0.00159968761577 0.00159989094413 0.00159967794904 0.00159963172347 0.00159984951578 0.00159984157632 0.00159920019378 0.00159949794838 0.0015995821721 0.00159954514071 0.00159980405189 0.00159944242443 0.00159953179495 0.00159962785172 0.00159982253713 0.00159958695099 0.00159955217697 0.00159994298499 0.0015995984673 0.00159976414883 0.00159978192935 0.00159976308945 0.001599939933 0.00159943554246 0.0015997376153 0.00159960325131 0.00159952239159 0.0015997144041 0.00159958573888 0.00159962774893 0.00159987060608 0.00159918551245 0.00159975223248 0.00159935696856 0.00159970661822 0.00159927254005 0.00159936939109 0.00159947536674 0.00159963859882 0.00159969924109 0.00159957309329 0.00159970048839 0.00159949852493 0.00159983067062 0.00159898855733 0.00159938737496 0.00159961759614 0.00159902029478 0.00159996758795 0.00159962331844 0.00159963365334 0.00159987993652 0.00159967305885 0.00159917232176 0.00159958449793 0.00159974394896 0.0015999042071 0.00159985942357 0.0015991452554 0.00159947670902 0.00159966932269 0.00159990578691 0.00159984866711 0.0015994770698 0.00159981514076 0.00159953023207 0.00159978807501 0.00159992612019 0.00159981140277 0.00159960421088 0.00159942362386 0.00159951766072 0.00159984684751 0.00159949656181 0.0015995144701 0.00159908235668 0.00159965953124 0.00159971514256 0.00159980551304 0.00159980378653 0.00159884083469 0.00159967576425 0.00159952267643 0.00159920135151 0.0015995625631 0.00159920062167 0.0015996780481 0.00159964979656 0.00159979656594 0.00159989256136 0.00159988412452 0.00159989182766 0.00159936850188 0.00159941813471 0.00159974011952 0.00159951965591 0.00159946960569 0.00159920800724 0.00159979122142 0.0015997900784 0.00159944362518 0.00159949871462 0.00159927699231 0.00159994945996 0.0015993465287 0.00159929745324 0.00159950312357 0.00159964043023 0.00159972100562 0.00159926410325 0.00159949893303 0.00159921725 0.00159919099439 0.00159956303177 0.00159895634752 0.00159981914067 0.00159994536242 0.00159942243663 0.0015999096145 0.00159991910398 0.00159974010668 0.00159943026469 0.00159948079771 0.00159909573427 0.00159929744994 0.00159956991098 0.0015995373604 0.0015992231698 0.00159962286978 0.0015994027814 0.00159964028097 0.00159939444656 0.0015995761263 0.00159945339704 0.00159960344325 0.00159935528976 0.00159908396714 0.00159915337217 0.00159959280662 0.00159944655077 0.00159928676539 0.00159992707941 0.00159961724722 0.00159911359903 0.00159962281887 0.00159996893887 0.00159995187438 0.00159968204901 0.001599792044 0.0015998925362 0.00159940444214 0.00159981064094 0.00159939096731 0.00159927842318 0.00159984843117 0.00159973473094 0.00159964357371 0.00159930530808 0.00159939110626 0.00159942174402 0.00159958824613 0.00159987490602 0.00159980099998 0.00159937165752 0.0015996534117 0.00159918488148 0.00159936622738 0.00159994135031 0.00159934834657 0.00159953458683 0.00159931545262 0.00159977904661 0.00159988080945 0.00159950656747 0.0015995216611 0.00159983964296 0.00159943964138 0.00159979736841 0.0015992713481 0.00159954971087 0.00159946601379 0.00159940552634 0.00159967295408 0.00159978791687 0.00159961044578 0.00159945704354 0.00159958610608 0.00159960377324 0.00159996851825 0.00159975222786 0.00159997375266 0.00159970300025 0.00159956653178 0.00159948417658 0.00159945826701 0.00159899113246 0.00159941444604 0.00159961670081 0.00159965326147 0.00159949854654 0.00159864577686 0.00159916879469 0.00159901172602 0.00159988611586 0.00159975192342 0.00159951819295 0.00159975647335 0.00159980273155 0.00159949389283 0.00159992702249 0.00159987309171 0.0015990825052 0.00159942863383 0.00159907885324 0.00159952322016 0.00159981459406 0.00159915563676 0.00159950012429 0.00159989053841 0.00159965492755 0.00159987045544 0.00159965870477 0.00159980158886 0.00159920322784 0.00159941665428 0.00159905690544 0.00159877398167 0.0015997545125 0.00159990536894 0.00159962750341 0.00159971420732 0.00159940252863 0.00159943784349 0.00159995158845 0.00159990577717 0.00159937928906 0.00159952576259 0.00159985577033 0.00159979864592 0.00159948545358 0.00159956670089 0.00159993346255 0.00159972153567 0.00159963486262 0.00159941678645 0.00159948893448 0.0015994268774 0.00159929944419 0.00159987959679 0.00159943851743 0.00159926533221 0.00159991345865 0.00159924054981 0.00159932376531 0.00159950788215 0.00159947966515 0.00159939723768 0.00159932790924 0.00159941133503 0.00159963857033 0.00159938160508 0.00159959751114 0.00159942798369 0.00159936287647 0.00159995181369 0.0015999187872 0.00159958781655 0.00159874586883 0.00159984974242 0.00159908182598 0.00159971112165 0.00159945575217 0.00159916470172 0.0015994689736 0.00159945092944 0.00159990297488 0.00159904796768 0.0015998258592 0.00159933834991 0.00159928586423 0.00159930294079 0.00159947986887 0.00159937410461 0.00159930092373 0.00159980683026 0.00159947485686 0.00159989780365 0.00159936029066 0.00159999624029 0.00159948092777 0.00159948541558 0.0015995521944 0.00159915777674 0.00159937352451 0.00159937960475 0.00159916042263 0.00159962020955 0.00159955104823 0.00159984698331 0.00159971977293 0.00159973750969 0.00159945545801 0.00159936006374 0.00159952764352 0.00159974509313 0.00159932469622 0.00159954356887 0.0015998469759 0.00159929878648 0.00159955649275 0.00159929082055 0.00159955109962 0.00159936902928 0.00159948086475 0.00159946814708 0.00159994299635 0.00159984290311 0.00159992353142 0.00159945145115 0.00159921003969 0.00159904591593 0.00159948293233 0.00159909637394 0.00159903280034 0.00159908669753 0.00159996119908 0.00159951565417 0.00159903132798 0.0015995791042 0.00159947485943 0.00159978483983 0.00159964332718 0.00159992044925 0.00159951789031 0.00159980765281 0.00159936838893 0.00159912512022 0.00159973626993 0.00159985191725 0.00159982800997 0.00159985039814 0.00159993399172 0.00159974294671 0.0015991986634 0.00159921116769 0.00159954822952 0.00159968133233 0.00159963077702 0.00159954449358 0.00159986917678 0.00159980343655 0.00159949487811 0.00159960888498 0.0015999452356 0.00159992299879 0.0015992131435 0.00159912936014 0.00159895531715 0.00159908653115 0.00159925540967 0.00159954940276 0.00159917299251 0.00159939555775 0.00159964679519 0.00159980707514 0.0015997033155 0.00159969735121 0.00159971199839 0.00159985862223 0.00159975810556 0.0015996609831 0.00159992339704 0.00159987485544 0.00159999793121 0.00159989975458 0.00159973105003 0.00159973751142 0.00159997944573 0.00159993418081 0.0015992081118 0.00159942599283 0.00159945694217 0.00159891064367 0.00159893671715 0.00159953070123 0.00159936656495 0.00159991785987 0.00159908403597 0.00159956441124 0.00159954253709 0.00159979098174 0.00159943150958 0.00159937042988 0.00159943135075 0.0015995067713 0.00159959109938 0.00159941416564 0.0015998957664 0.00159955801664 0.00159933269657 0.00159969643877 0.00159934061006 0.00159971746224 0.0015994285179 0.00159983301787 0.00159924216488 0.00159996645433 0.00159990838801 0.00159999226946 0.00159953270023 0.0015996985069 0.00159933716267 0.00159911426452 0.00159879249719 0.00159945040155 0.00159941824321 0.00159978092918 0.00159926015091 0.00159980043051 0.00159916185535 0.00159955515444 0.0015996939587 0.0015995424817 0.00159964520041 0.00159964707902 0.00159917210241 0.001599363126 0.00159939112301 0.00159966243111 0.00159976505156 0.00159963461544 0.00159966288098 0.00159980502639 0.00159980489932 0.00159967118108 0.00159939024465 0.00159932988127 0.00159939278709 0.00159979128204 0.00159968622481 0.00159946745391 0.00159903237236 0.00159946369528 0.00159959377939 0.00159909338978 0.0015999221854 0.0015992418525 0.00159964588185 0.00159886891687 0.00159982858271 0.0015993972592 0.00159966325052 0.00159941678453 0.0015995485586 0.00159965003883 0.0015995029875 0.00159954666727 0.00159943049132 0.00159958071375 0.0015997716762 0.00159977852028 0.00159983940013 0.00159957487166 0.00159946941449 0.00159986569271 0.00159973929953 0.00159992468093 0.00159929384804 0.00159925716503 0.00159990468643 0.00159952567021 0.00159925834529 0.00159982679288 0.00159969358195 0.00159959764272 0.00159957039606 0.00159984331384 0.00159917377359 0.00159913021683 0.00159962077692 0.00159966435323 0.00159942346748 0.00159938992147 0.00159967003353 0.00159939583077 0.00159964967594 0.00159974873499 0.00159953238231 0.00159988193495 0.00159936202871 0.00159921606886 0.00159942358755 0.00159993524395 0.00159939121317 0.00159950729232 0.00159952189829 0.0015997447245 0.00159945353329 0.0015996065501 0.00159966676246 0.00159905739869 0.00159962591696 0.00159994761338 0.0015996588085 0.00159939898776 0.00159940709689 0.00159968036573 0.00159965083668 0.00159990375692 0.00159968295292 0.00159995221991 0.00159941755019 0.0015995236662 0.00159953130176 0.00159943953576 0.00159987475143 0.00159936987551 0.0015991709496 0.00159958510092 0.00159946920229 0.00159980213489 0.00159980999974 0.00159975829469 0.00159917452133 0.00159936062544 0.00159930862009 0.00159992895762 0.0015991875185 0.00159977569273 0.00159948281373 0.00159920462947 0.00159970489753 0.00159965997404 0.00159932488578 0.00159951848159 0.00159973755387 0.00159960811988 0.00159985301372 0.00159954571911 0.00159969386104 0.00159978244751 0.0015997419867 0.00159983186569 0.00159986297207 0.00159988849505 0.0015999041855 0.00159940602835 0.00159979842895 0.00159938455948 0.00159925713802 0.0015997632997 0.00159968867064 0.00159990416933 0.00159968769031 0.00159978570154 0.00159955571669 0.00159916458062 0.00159980079251 0.00159940241965 0.00159964050495 0.00159968024845 0.00159960408493 0.00159973169408 0.0015993500592 0.00159934252871 0.00159940809395 0.00159987515466 0.00159971131768 0.00159944392311 0.0015999277433 0.00159996258066 0.00159949606568 0.00159988731894 0.00159958287403 0.00159950995027 0.00159933468905 0.00159968182957 0.00159989984398 0.00159949265769 0.00159937544413 0.00159961127682 0.00159919757292 0.00159937607133 0.00159994070484 0.0015993379292 0.00159996925307 0.00159984412819 0.00159929960695 0.00159978702667 0.0015996158708 0.00159951737686 0.00159963405337 0.00159964198053 0.00159922054145 0.00159897826513 0.00159932722301 0.00159950546613 0.00159975017718 0.00159977305434 0.00159983853693 0.0015996441388 0.00159977100792 0.00159958266468 0.00159939199656 0.00159977086172 0.00159974325507 0.00159927577817 0.00159968419026 0.00159963977671 0.00159971934511 0.00159950261846 0.00159985680883 0.00159960889829 0.00159948753715 0.00159976408634 0.00159959254651 0.00159987673881 0.00159947524103 0.00159982902112 0.00159980361084 0.00159977785037 0.00159951364196 0.00159948290185 0.00159967981523 0.00159987159624 0.00159976768166 0.00159923115861 0.00159943536263 0.0015998150723 0.00159930709259 0.00159975428524 0.00159967456432 0.00159925638805 0.0015999634767 0.00159992588487 0.00159954968551 0.00159923017632 0.00159978768109 0.0015996697357 0.00159980469391 0.00159985085131 0.0015998924772 0.0015999378542 0.00159923657368 0.00159934094578 0.00159956787552 0.0015992691294 0.00159941610412 0.00159919685273 0.00159897315587 0.00159952438111 0.00159985059901 0.00159981614287 0.00159943757203 0.00159971111902 0.00159898631571 0.00159983138345 0.00159977141229 0.00159976880882 0.00159924767183 0.00159972367011 0.00159965915272 0.00159958289149 0.00159964067764 0.00159997956438 0.0015995170742 0.00159996338604 0.00159965681828 0.00159996921495 0.00159977071714 0.00159968343718 0.00159967817307 0.00159955425058 0.0015993858591 0.00159954966768 0.00159981851587 0.00159969822552 0.00159986761517 0.00159979494088 0.00159977336195 0.00159987372315 0.0015999259999 0.00159993483929 0.00159973358981 0.00159963203068 0.00159962807296 0.00159966469354 0.00159970130988 0.00159947390699 0.00159957551237 0.00159993879567 0.00159993049684 0.00159937755062 0.00159953264235 0.00159954261383 0.0015994203263 0.00159964731209 0.0015993748073 0.00159934878812 0.00159994742995 0.00159985661897 0.00159970370151 0.00159966687614 0.00159951563855 0.00159941998436 0.00159960142323 0.00159923604799 0.00159976610866 0.00159959900112 0.0015994158957 0.00159944239835 0.00159993193699 0.00159947248669 0.00159924142636 0.00159965675402 0.00159995459816 0.00159992432706 0.00159997413244 0.00159991731976 0.00159973126714 0.00159962478385 0.00159985574717 0.00159998421365 0.00159964522896 0.00159985874613 0.00159965244769 0.00159985664557 0.0015995792212 0.00159947884369 0.00159977234473 0.00159956235336 0.00159979781338 0.00159943172675 0.00159953740483 0.0015995359922 0.00159996254033 0.00159958577847 0.00159959530751 0.00159981976114 0.00159994368242 0.0015994312759 0.00159957247689 0.00159945313234 0.00159964776655 0.00159975110779 0.00159920012817 0.00159943919361 0.00159977639448 0.00159948385606 0.0015998826829 0.00159927814906 0.00159988140179 0.00159940171363 0.00159946153542 0.00159927069702 0.00159962710418 0.00159956672797 0.00159988423404 0.00159950303901 0.00159959843259 0.00159967455654 0.00159952597398 0.00159983867449 0.00159954536328 0.00159958256131 0.00159978819686 0.00159934078723 0.00159926988251 0.00159950537126 0.00159928997886 0.00159975369499 0.00159925709059 0.00159965164464 0.00159968248104 0.00159975478279 0.00159978116666 0.00159969724896 0.00159979559054 0.00159973812493 0.00159926464381 0.00159971414663 0.00159966771451 0.00159972370035 0.00159952547838 0.00159972813933 0.00159974442165 0.00159960343146 0.00159961454586 0.00159970483152 0.00159977250784 0.00159949791409 0.00159968878064 0.00159930448356 0.00159976526639 0.00159973131331 0.00159972149294 0.0015997379274 0.00159948475381 0.00159932850562 0.00159968428628 0.00159956029073 0.001599546566 0.00159953119676 0.00159959112797 0.00159965480203 0.00159978326217 0.00159986234787 0.0015997992448 0.00159974275026 0.00159967386976 0.00159974614408 0.00159960291648 0.00159955775365 0.00159955942674 0.00159933001292 0.00159952586444 0.00159948477245 0.00159983920876 0.00159935769229 0.00159947676598 0.00159948119559 0.00159985607244 0.00159966745092 0.00159968269333 0.00159955467982 0.00159993102776 0.00159956524625 0.00159997881774 0.00159952122299 0.00159933683116 0.00159913549725 0.0015993350339 0.00159995493908 0.00159933675647 0.00159940775555 0.00159951391279 0.00159984515221 0.00159997762989 0.00159989148335 0.00159955403264 0.00159954312253 0.00159985658299 0.00159976254669 0.00159942605939 0.00159924287889 0.00159974159722 0.00159968947135 0.0015990717993 0.0015997931989 0.00159994368906 0.00159997211544 0.00159956537138 0.00159945541599 0.00159953340148 0.00159980601419 0.00159930472925 0.00159983909134 0.00159939139973 0.00159986090694 0.00159995778135 0.00159973978165 0.0015999654524 0.00159896965523 0.00159946831602 0.0015994219125 0.00159957302614 0.00159969267532 0.00159967374633 0.00159893792558 0.00159954919684 0.00159936778888 0.00159936542885 0.00159934713487 0.0015993686548 0.00159933077916 0.00159999198298 0.00159974128408 0.00159921911125 0.00159942072788 0.00159962699514 0.00159926766847 0.0015993411037 0.00159943618269 0.00159981893478 0.00159970891295 0.00159935912456 0.00159946034872 0.00159933916701 0.00159943012469 0.00159960781636 0.00159957871279 0.00159984793092 0.001599807769 0.00159965791364 0.00159987749124 0.00159967633054 0.0015997746743 0.00159939359054 0.0015999217544 0.00159974233313 0.00159967677261 0.00159949201626 0.00159958478871 0.00159921073633 0.001599329508 0.00159982872563 0.00159969661898 0.00159969914445 0.00159955580092 0.00159927112018 0.00159977780149 0.00159942416139 0.00159939546815 0.00159895908201 0.00159929156174 0.00159956982233 0.00159990359326 0.00159951802181 0.00159968904719 0.0015999225204 0.00159977586711 0.00159930252917 0.00159957154252 0.00159939146075 0.00159962430675 0.00159982103369 0.00159982877051 0.00159987499031 0.00159961102583 0.00159991847915 0.00159928257136 0.00159960289585 0.00159944236659 0.00159934035614 0.00159963119712 0.00159973840828 0.00159974543443 0.00159980945568 0.00159982798736 0.00159933704412 0.00159967174618 0.00159994115538 0.00159944289377 0.00159900637015 0.00159952491095 0.00159952882049 0.00159981081197 0.00159983154475 0.00159992622092 0.00159995350281 0.00159954343632 0.00159987120416 0.00159977949369 0.00159967758767 0.00159970307058 0.00159970907493 0.00159985315586 0.00159989579525 0.00159949036425 0.00159985006517 0.00159955329641 0.00159976509803 0.00159964597692 0.0015996063121 0.00159933146497 0.00159949545558 0.0015993447585 0.00159939167831 0.00159953853404 0.0015994574369 0.00159976325849 0.00159993712701 0.00159932162094 0.0015995868496 0.00159929257798 0.00159992930422 0.00159943454218 0.00159958891745 0.00159979666924 0.00159995033516 0.00159968468855 0.00159950504164 0.00159996861684 0.00159927557547 0.00159970809896 0.00159961562541 0.00159943246511 0.00159977236146 0.00159994695626 0.00159941430253 0.00159927440222 0.00159947366792 0.00159935169549 0.00159942854701 0.0015997071641 0.00159989221921 0.00159993435159 0.00159995624932 0.00159948146789 0.00159932695044 0.00159941530635 0.00159964360257 0.00159912332052 0.00159952030494 0.00159955717864 0.00159985795999 0.00159963121773 0.00159958302432 0.00159911884603 0.00159992131533 0.00159977511125 0.0015997120075 0.00159994597543 0.00159981874733 0.00159985352571 0.00159958920011 0.00159956604808 0.00159969197478 0.00159968039281 0.00159971352698 0.00159890948535 0.00159977749391 0.0015992880978 0.00159991497462 0.00159930209846 0.00159987119029 0.0015999554918 0.00159959911057 0.00159980619244 0.0015994986534 0.00159941126004 0.00159968648832 0.00159951218463 0.00159984889136 0.00159955739244 0.00159960493019 0.00159983050722 0.0015999371956 0.00159974331484 0.00159964995492 0.00159909306529 0.00159925391662 0.00159942696006 0.00159941864607 0.00159958681894 0.00159984198646 0.00159967472095 0.0015994645604 0.00159955258896 0.00159939755758 0.00159920075925 0.00159949998433 0.0015996643272 0.00159997232593 0.0015995360786 0.00159957452991 0.00159944218475 0.00159989405643 0.00159994246363 0.00159996630675 0.00159929022405 0.00159934187141 0.00159965850535 0.00159989428983 0.00159955632091 0.00159952168029 0.00159934218926 0.00159937291355 0.00159939667794 0.00159991259965 0.00159968562963 0.00159976992652 0.00159986712828 0.00159958935397 0.00159975245624 0.00159966246632 0.00159936493124 0.00159972137371 0.00159957702589 0.00159964563598 0.00159945214056 0.00159937402213 0.00159984705004 0.00159950164555 0.00159979454221 0.0015997300363 0.00159966000907 0.00159971707207 0.00159991132162 0.00159994218367 0.00159993536319 0.00159967980163 0.00159974277546 0.00159926561877 0.00159929172812 0.00159945608353 0.00159962122091 0.00159917101787 0.00159955635054 0.00159959486975 0.00159989688036 0.00159952931373 0.00159985608462 0.00159990535087 0.00159990986176 0.00159943766878 0.00159921947765 0.00159941592244 0.00159918093474 0.00159951780316 0.00159933610148 0.00159951081169 0.00159925535667 0.00159982965107 0.00159990116544 0.00159935509066 0.00159905868329 0.00159948129262 0.00159994477629 0.00159933052893 0.00159951262396 0.00159939269397 0.00159967540252 0.00159940994876 0.0015994035752 0.00159983063948 0.00159986094883 0.00159924949715 0.00159913465447 0.00159971394336 0.00159990310267 0.00159987014838 0.0015996168449 0.00159945957945 0.00159927930614 0.00159963917741 0.00159955003149 0.00159917162404 0.00159946467978 0.00159992318702 0.00159948520374 0.00159926693494 0.00159909949589 0.00159970985396 0.00159999811974 0.0015994604298 0.00159993506748 0.0015997043156 0.00159974574278 0.00159936084044 0.00159974894592 0.00159960662137 0.00159943858089 0.0015994560117 0.00159986114102 0.00159951255761 0.00159991032206 0.0015999704122 0.00159983625901 0.00159937937813 0.0015995728748 0.00159988515304 0.00159997974138 0.00159994732873 0.00159992842523 0.00159966741234 0.00159955137903 0.00159944662817 0.00159913222906 0.00159933620904 0.00159932436554 0.00159941059096 0.00159953528324 0.00159994558264 0.00159933193746 0.00159980864388 0.00159982628432 0.00159979827273 0.00159982616053 0.00159977335797 0.00159981131621 0.00159980895713 0.00159986444957 0.00159956163705 0.00159990321666 0.00159950714508 0.00159966470363 0.0015991932419 0.00159994824168 0.00159927324047 0.00159921640726 0.00159951411933 0.00159923261825 0.00159942165666 0.00159905340825 0.00159979460188 0.00159968850554 0.00159960547747 0.0015996138632 0.00159953873715 0.00159936810755 0.00159963129986 0.00159940675629 0.00159911594514 0.0015993633878 0.0015999130109 0.00159952294989 0.00159959895915 0.00159978343879 0.00159960768397 0.00159943151612 0.00159956774304 0.00159992665544 0.0015997132311 0.0015996150978 0.00159951144477 0.00159994606856 0.00159973490764 0.00159950070593 0.0015994951862 0.0015994813542 0.00159987983991 0.0015995313289 0.00159966416685 0.00159951271099 0.00159956060965 0.00159970911762 0.0015997187056 0.00159992319292 0.00159972232991 0.00159976440524 0.00159971320524 0.00159945952527 0.0015999556854 0.00159969367606 0.00159900940804 0.00159986899913 0.00159942770214 0.00159965564542 0.00159985606237 0.00159977013546 0.00159963048348 0.0015997308248 0.00159976592733 0.00159917942962 0.00159951002279 0.00159918603755 0.00159929440783 0.00159960695106 0.00159947155144 0.00159942390712 0.00159954791414 0.00159937058839 0.00159966414212 0.00159931620376 0.0015996104941 0.00159952232739 0.00159979636736 0.00159914073286 0.00159995358304 0.00159994081152 0.00159997513822 0.00159956050209 0.00159965809987 0.00159992191074 0.00159956720577 0.0015996552493 0.00159992142581 0.00159950716906 0.00159991393995 0.00159990017662 0.00159948466237 0.00159994960336 0.00159950393034 0.00159966579824 0.00159963736669 0.00159948556824 0.00159961807048 0.00159939482482 0.00159957954969 0.00159958648569 0.00159944693699 0.00159984324078 0.00159994666553 0.00159974109979 0.00159936530849 0.00159927530563 0.0015999464361 0.00159993083979 0.0015999365074 0.001599887562 0.00159916855441 0.00159993195689 0.00159978279236 0.00159972748203 0.00159967166323 0.00159994323762 0.00159990595424 0.00159990718116 0.00159992970174 0.001599931307 0.00159971315538 0.00159982664727 0.00159983020306 0.00159950322687 0.00159963598839 0.00159967273391 0.0015993916881 0.00159987171128 0.00159968124839 0.00159975840912 0.00159985857622 0.00159974938004 0.00159973358546 0.00159968269304 0.00159985556579 0.00159979857581 0.00159995428195 0.00159961159595 0.00159994735386 0.00159965661968 0.00159982511899 0.00159968554348 0.00159965489128 0.00159950590367 0.00159946791371 0.00159976164608 0.00159959631971 0.00159933789879 0.00159931410022 0.00159970551701 0.00159972080178 0.00159994174202 0.00159997222184 0.00159950615419 0.00159988725745 0.00159927599281 0.0015992992437 0.00159967594002 0.00159947897649 0.00159944025422 0.00159970450744 0.00159955251868 0.00159971888581 0.00159973920485 0.00159977182236 0.00159975345493 0.00159989254798 0.00159948037311 0.00159924762053 0.00159934487474 0.00159964579568 0.00159962302941 0.00159990881688 0.00159996190485 0.0015996841557 0.00159980445812 0.00159931146267 0.00159986120701 0.00159951213941 0.00159976059879 0.00159991114565 0.00159958510811 0.00159944968408 0.0015994379457 0.00159960091322 0.00159931253845 0.00159983163921 0.00159987755815 0.00159991112892 0.00159962069385 0.00159937482309 0.0015995041505 0.00159950852891 0.00159931902369 0.0015999091052 0.00159965582356 0.00159950661802 0.00159977087466 0.00159992034118 0.0015993528938 0.00159937429641 0.00159933913945 0.00159964637575 0.0015998180893 0.00159979821756 0.00159968824003 0.001599654191 0.00159939391871 0.00159967006129 0.00159988133709 0.00159961275733 0.00159945432832 0.00159961602936 0.00159993540753 0.00159937613283 0.00159951767949 0.00159987941074 0.00159964375743 0.00159983708182 0.00159995500741 0.00159997703056 0.00159982973978 0.00159970902183 0.00159989521142 0.00159982390769 0.00159967300181 0.00159992424365 0.00159971480226 0.00159978914669 0.00159963889903 0.00159961818956 0.00159998308628 0.00159996609906 0.00159967270759 0.00159971018782 0.0015990958328 0.00159963710063 0.00159976655969 0.00159942908977 0.00159941829452 0.00159989748879 0.00159951849838 0.00159978194872 0.00159957476388 0.00159930991839 0.00159971362743 0.00159967826777 0.00159980421351 0.00159972401857 0.00159931894029 0.00159982542841 0.00159953682367 0.00159990694732 0.00159979732001 0.00159959687149 0.00159962074498 0.0015992529974 0.00159976882541 0.0015993502806 0.00159960591439 0.00159941429575 0.00159967742093 0.00159953857043 0.0015994272368 0.00159926561078 0.0015998030812 0.00159911699954 0.00159897690208 0.00159951309195 0.00159936113731 0.00159946327247 0.00159943219308 0.00159990653673 0.00159932572909 0.00159946147501 0.00159982639707 0.00159989828114 0.00159939009051 0.00159963968623 0.00159997321945 0.00159957429387 0.00159986603769 0.00159960777263 0.00159952802461 0.00159954627803 0.00159951173117 0.00159986676988 0.00159937467236 0.00159991368801 0.00159997611335 0.00159949027049 0.00159976964464 0.00159977095319 0.0015998242422 0.00159971461835 0.00159956393791 0.00159946855132 0.00159971474575 0.00159978757576 0.001599494432 0.00159962233932 0.00159976172155 0.00159929118872 0.00159909375374 0.00159956328538 0.00159952121265 0.00159929601206 0.00159951740432 0.00159935742615 0.00159957633349 0.00159982708686 0.00159927959235 0.00159945986338 0.00159948255358 0.00159947417232 0.00159964567081 0.00159955928301 0.00159947379881 0.00159957715465 0.00159972931099 0.00159973697137 0.00159969095562 0.00159957428708 0.00159915673848 0.00159945711616 0.00159972835951 0.00159937757384 0.0015997399663 0.00159978164891 0.00159981155635 0.00159955720053 0.00159967467196 0.00159989650199 0.00159997551529 0.00159995865519 0.00159936714039 0.00159976954403 0.00159954499918 0.00159914158107 0.00159948512104 0.00159981516681 0.00159934761092 0.00159982784047 0.00159961532854 0.00159964572061 0.00159980980198 0.00159991073817 0.00159974794387 0.00159976531784 0.00159939383679 0.00159958969055 0.00159958708441 0.00159930595442 0.00159976128491 0.00159931256085 0.00159927761137 0.00159929504185 0.00159944161093 0.00159946144669 0.00159935489074 0.00159988334467 0.00159959876508 0.00159947171347 0.00159964990404 0.00159918061298 0.00159966875608 0.00159941729508 0.00159950685389 0.00159923862906 0.00159997619693 0.00159964737421 0.00159962224467 0.00159966881579 0.00159978432913 0.00159973991113 0.00159968502491 0.0015994486936 0.00159926336587 0.001599435479 0.00159954686928 0.00159961171943 0.00159944850704 0.00159963612859 0.0015995534922 0.00159965215808 0.0015999729882 0.00159989098939 0.00159954136663 0.00159959635785 0.00159992316635 0.00159991424512 0.00159990091523 0.00159935845034 0.00159975642251 0.00159932414998 0.00159992221835 0.00159974447637 0.00159954138548 0.00159922179219 0.00159977583971 0.00159930228596 0.0015997688613 0.00159986688306 0.00159993081634 0.00159989440996 0.00159983989723 0.00159986639882 0.00159989871752 0.00159923641263 0.00159973492224 0.00159931844326 0.00159987342409 0.00159989559759 0.00159937385163 0.00159996648115 0.00159951791427 0.00159961708045 0.00159963582408 0.00159970827772 0.00159969054006 0.00159995022059 0.00159943019889 0.00159930789097 0.00159994277392 0.00159947960731 0.00159945380669 0.00159991706635 0.00159969770651 0.00159975124024 0.00159985856715 0.00159983638316 0.00159973326139 0.00159916455477 0.00159944361157 0.00159935595593 0.0015992724202 0.00159938673849 0.00159955769482 0.00159986622343 0.0015998239815 0.00159965147833 0.0015994627685 0.00159933682849 0.00159956463411 0.00159967762154 0.00159905037184 0.00159974900454 0.00159950604646 0.00159929773274 0.00159992379359 0.00159929296732 0.0015997973596 0.00159996781288 0.00159983058245 0.00159980046075 0.0015996965899 0.00159979175653 0.00159977954895 0.0015997566039 0.00159977763535 0.00159983449145 0.00159960042749 0.00159929477143 0.00159960112066 0.00159930375351 0.00159980650236 0.00159930407131 0.00159957071489 0.00159935017728 0.00159974682791 0.0015993578053 0.00159961050657 0.00159998440838 0.00159944912191 0.00159949900513 0.00159999041766 0.00159942090387 0.00159955268539 0.00159995746763 0.00159992977157 0.00159965726628 0.00159967886918 0.00159973846049 0.00159963980448 0.00159958368541 0.00159982921174 0.00159961993671 0.00159977065586 0.0015996280102 0.00159993371709 0.00159957211624 0.00159968403604 0.00159959605526 0.00159972875879 0.00159964188005 0.00159965965962 0.0015997596589 0.00159963221558 0.00159954238864 0.0015997431415 0.00159894976068 0.00159954197553 0.00159959232411 0.00159979049124 0.00159962833674 0.00159975318896 0.0015995103794 0.00159980804364 0.00159954457972 0.00159954791938 0.00159981502709 0.00159986527858 0.00159988101902 0.0015997190813 0.00159914454202 0.00159918254253 0.00159946648116 0.00159995467947 0.0015994855177 0.00159989571459 0.00159978097401 0.00159955649765 0.00159984387557 0.00159947073593 0.00159981610121 0.00159941514777 0.00159957421118 0.00159962895062 0.00159969719866 0.00159991232125 0.00159993068231 0.00159998031799 0.00159995759076 0.00159996417835 0.00159937065425 0.00159966777124 0.00159946010744 0.00159953651643 0.00159968667917 0.00159979267553 0.00159981850044 0.00159949516603 0.00159955080545 0.00159951481655 0.00159956194238 0.00159946256273 0.00159950342653 0.00159972673004 0.00159958118067 0.00159970744982 0.00159972395215 0.00159972372376 0.00159963006825 0.00159976977175 0.00159995895468 0.00159959278334 0.0015999403828 0.00159960105237 0.00159954286688 0.00159977166592 0.00159947071674 0.00159994388918 0.00159965256057 0.00159977542323 0.00159965276667 0.00159997301103 0.00159932931685 0.00159930371531 0.00159927522786 0.00159968084908 0.00159958053377 0.00159987491025 0.0015997632599 0.00159990546407 0.00159949805062 0.00159936441465 0.00159957475934 0.0015997213642 0.00159948766969 0.00159987884401 0.00159970101723 0.0015999576591 0.00159968525261 0.00159987730529 0.0015998449139 0.00159967030122 0.00159959926985 0.00159957853821 0.00159948155807 0.0015993887441 0.00159980438335 0.00159982164003 0.00159966241539 0.00159971213686 0.00159933779159 0.00159937239803 0.00159954666014 0.0015997310555 0.00159964052581 0.00159941151993 0.00159990834229 0.00159958427526 0.00159966823962 0.00159975813212 0.00159967933672 0.00159953145231 0.00159943406962 0.00159961002845 0.00159986223058 0.00159943082827 0.00159941711297 0.00159982820048 0.00159978393487 0.00159984024049 0.00159973872793 0.00159959131601 0.00159954995588 0.00159970073338 0.00159977778715 0.00159981766039 0.00159938543898 0.00159967864128 0.00159943190768 0.00159953484221 0.00159991664155 0.00159982039747 0.00159961806132 0.00159938163048 0.00159966233975 0.0015998043272 0.0015994785346 0.00159988656521 0.00159990811119 0.00159994155174 0.00159965232817 0.00159956332962 0.00159957728558 0.00159972483912 0.00159973125195 0.00159974077443 0.00159929145872 0.00159930609069 0.00159992693357 0.00159967589385 0.00159916570473 0.00159992502123 0.00159921599005 0.00159950977715 0.00159910373896 0.00159972660515 0.00159927069682 0.00159969649952 0.00159962865017 0.00159954699859 0.00159929623323 0.00159982341133 0.00159946610986 0.00159972521156 0.00159945733704 0.00159954302582 0.00159947353749 0.00159950218329 0.00159962928249 0.00159945074534 0.00159981806762 0.00159953087548 0.00159975821191 0.00159966459052 0.00159974413723 0.00159944581952 0.00159953785088 0.00159971521979 0.00159978059888 0.00159980332898 0.00159944642033 0.00159945643842 0.00159982877891 0.00159979360278 0.00159977153014 0.00159978336656 0.00159976179712 0.00159970206591 0.00159950823161 0.00159928196543 0.00159967919747 0.00159964044944 0.00159947330464 0.00159925701198 0.00159969021892 0.00159945552191 0.00159982780118 0.00159944815839 0.00159967365323 0.00159940165114 0.00159971145432 0.00159977050292 0.00159974701786 0.00159974794685 0.00159993782524 0.001599794257 0.00159949002019 0.0015998896799 0.00159985628129 0.00159985691259 0.00159992850211 0.0015995241398 0.0015992656891 0.00159952600324 0.00159995022823 0.0015997231189 0.00159963823456 0.00159995863266 0.0015994224608 0.00159967776242 0.00159935287706 0.00159986416541 0.00159949339133 0.00159966626147 0.00159974196534 0.00159982795924 0.001599713636 0.00159957452252 0.00159943781001 0.00159986481933 0.00159975370086 0.00159949142627 0.00159946214705 0.00159929071636 0.00159973060533 0.00159975935769 0.00159974535698 0.00159987761393 0.00159970748107 0.00159943431425 0.00159963233832 0.00159973437703 0.0015997099711 0.00159964422619 0.00159935605715 0.00159955272684 0.0015992649379 0.00159955790489 0.00159971066192 0.0015993356535 0.00159961487413 0.00159953407156 0.00159963073267 0.00159958220682 0.00159994900899 0.00159945557454 0.00159983611981 0.00159968860466 0.00159973044402 0.00159921823086 0.0015992210533 0.00159991298809 0.00159987369816 0.00159960094007 0.00159975132427 0.00159980922645 0.00159970453506 0.00159986540094 0.00159986251635 0.00159991903042 0.00159983296649 0.00159962925563 0.00159971811276 0.00159967375349 0.00159984999428 0.00159981400163 0.00159994272656 0.00159988782137 0.00159981643643 0.00159958771982 0.00159937744227 0.00159967761021 0.00159955010421 0.00159979649588 0.00159961988923 0.00159944413058 0.00159979560877 0.00159971248913 0.00159969125772 0.00159970450471 0.00159934547134 0.00159961315179 0.00159969958939 0.00159958218103 0.00159984749094 0.00159982544682 0.0015994844496 0.00159972055416 0.00159970471473 0.00159982467771 0.0015996994789 0.00159989467418 0.00159986010128 0.00159996568786 0.00159982200546 0.00159977273044 0.00159952833562 0.00159984678412 0.00159953191141 0.0015994381411 0.00159974090891 0.0015998018539 0.00159959721069 0.00159975211779 0.00159923333608 0.00159929980049 0.00159952673979 0.00159957926434 0.00159980763663 0.00159973659779 0.00159955365767 0.00159956363627 0.00159943620245 0.00159946572363 0.00159994470005 0.00159961168588 0.00159951312461 0.00159965188461 0.00159949954048 0.00159958080044 0.00159970026612 0.00159973823501 0.00159994491348 0.00159965391759 0.00159955175163 0.0015998140686 0.00159980869559 0.00159963977798 0.00159957018514 0.00159966729929 0.00159971067882 0.00159939519174 0.00159930008522 0.00159969949078 0.00159956282647 0.00159982390585 0.00159978947155 0.00159975735573 0.00159982196368 0.00159959739209 0.00159975942517 0.00159976455233 0.00159987327161 0.00159975727328 0.0015998806151 0.00159907601114 0.00159912672103 0.00159921739145 0.00159974543655 0.00159945402859 0.00159944590651 0.00159973166955 0.00159982870915 0.00159941628678 0.00159953343882 0.00159940300106 0.00159939301793 0.00159968640939 0.00159906608065 0.00159957436141 0.00159921794519 0.00159956823828 0.00159957649454 0.00159982715732 0.00159961483383 0.00159992294707 0.00159990499817 0.00159990965923 0.00159997760855 0.00159964644776 0.00159983423758 0.00159947766642 0.00159977661204 0.00159957692384 0.00159976842903 0.00159987133636 0.00159964326807 0.00159964357154 0.00159967695347 0.00159972948091 0.00159989568284 0.00159976318088 0.00159980432426 0.00159986183402 0.00159980798732 0.00159995281643 0.00159957627829 0.00159974340506 0.00159957095173 0.00159984112045 0.00159979972347 0.00159976156723 0.00159965945714 0.00159993579165 0.00159959642894 0.00159974047833 0.00159969559463 0.00159962447536 0.00159981458936 0.0015994914667 0.00159957125377 0.00159971079583 0.00159975641095 0.00159945563508 0.00159973677092 0.00159958677522 0.00159958530125 0.00159953559088 0.00159970995801 0.00159994273757 0.00159993037709 0.0015996908989 0.00159960259375 0.0015997469338 0.00159981694395 0.00159953508244 0.00159987034163 0.00159956690758 0.00159986612227 0.00159974333814 0.00159962174807 0.00159954177909 0.00159974228874 0.00159955584146 0.00159968199729 0.00159958245707 0.00159942668654 0.00159957087134 0.00159973269914 0.00159951853653 0.00159960770716 0.00159991950165 0.00159984043757 0.00159960898443 0.00159979321937 0.00159965698101 0.00159976089781 0.0015997487013 0.00159981628363 0.00159982464324 0.00159982951355 0.00159993756531 0.00159974130476 0.0015995941627 0.00159981343578 0.00159926011009 0.00159926734121 0.0015996609251 0.00159985345157 0.001599931663 0.00159968784127 0.00159997390368 0.00159967623535 0.00159994595741 0.00159969080289 0.00159958479186 0.00159939281523 0.00159941988582 0.00159977626313 0.00159978510203 0.00159953356559 0.00159929703403 0.00159982417405 0.00159938962576 0.00159957003534 0.00159977844919 0.00159981012254 0.00159986279234 0.00159963680263 0.00159983513429 0.00159966274489 0.0015999263928 0.00159983767508 0.00159923352236 0.00159951218419 0.00159941686198 0.00159992640348 0.00159980593593 0.00159965299569 0.00159983310687 0.00159986265256 0.0015998347802 0.00159980688917 0.00159977524869 0.0015997885308 0.00159972898813 0.00159991855485 0.00159972491194 0.00159952089841 0.00159935717007 0.00159967588194 0.00159952680556 0.00159986245512 0.0015993880151 0.00159970828234 0.00159954056393 0.00159998715881 0.0015995705989 0.00159977078856 0.00159944454544 0.00159976137286 0.00159978045464 0.00159986988489 0.00159972629902 0.00159998913607 0.00159970844783 0.00159996581475 0.00159980150614 0.00159988688546 0.00159970575084 0.00159980127111 0.00159980601464 0.00159996294045 0.00159994547925 0.00159981053549 0.0015998641119 0.00159987114912 0.00159997720111 0.00159970159637 0.00159989736076 0.00159972977193 0.00159972339017 0.00159988194892 0.00159986766146 0.00159953268555 0.00159972281373 0.00159962594466 0.00159983091613 0.0015997276523 0.00159988681223 0.00159953909895 0.00159963856654 0.00159950869924 0.00159936190668 0.0015999693743 0.00159932811484 0.00159942191622 0.00159975191568 0.00159940680805 0.00159957282635 0.00159942578144 0.00159999203028 0.00159900636422 0.00159984496063 0.00159954080733 0.00159959174801 0.0015999447421 0.00159976325389 0.00159969317273 0.00159997397873 0.00159975147362 0.00159983111724 0.00159991259115 0.00159982146469 0.00159981621915 0.00159964658007 0.00159963575137 0.00159936796752 0.0015995336586 0.00159971978255 0.00159968703508 0.00159984798802 0.00159980331898 0.00159989406302 0.00159972389524 0.00159987218924 0.0015996136963 0.00159946640898 0.00159954692123 0.00159960072268 0.00159963381904 0.0015995569239 0.00159987504072 0.00159991439445 0.00159975288618 0.00159977291504 0.00159977138407 0.0015998479985 0.00159951970621 0.00159984852095 0.00159975834698 0.00159979180011 0.00159997613653 0.00159947296873 0.00159985052711 0.00159942963116 0.00159967530962 0.00159986020447 0.00159956862182 0.00159959801704 0.00159982154809 0.00159940956857 0.00159964406934 0.00159980500822 0.00159946891473 0.00159977302646 0.0015993631553 0.00159955085849 0.00159988974887 0.00159974737008 0.00159976369359 0.00159969740356 0.00159951574864 0.00159952293236 0.00159976596035 0.00159952818626 0.00159974666385 0.00159962645733 0.00159989080143 0.00159978891859 0.00159934542177 0.00159975426669 0.00159980156319 0.00159926913162 0.00159958399542 0.00159934489775 0.00159944164671 0.00159947212916 0.00159980211631 0.0015997428429 0.0015995010876 0.00159957389882 0.00159928748097 0.00159929880573 0.00159992780363 0.00159977556079 0.00159961870161 0.00159987406307 0.00159969695024 0.00159967347676 0.00159982788324 0.00159943154135 0.00159951503883 0.00159965461157 0.0015998497361 0.00159964756231 0.00159929806972 0.00159988002348 0.00159985565663 0.00159970883837 0.00159933654383 0.0015997466595 0.00159971759659 0.00159955664839 0.00159925876563 0.00159993568408 0.0015993618904 0.0015999325478 0.00159957520967 0.00159944624611 0.00159979171704 0.00159975195823 0.00159984347319 0.00159958538857 0.00159978414936 0.00159962492911 0.00159975095868 0.00159974835754 0.00159973604407 0.00159989646506 0.00159993909044 0.00159957879878 0.00159945988661 0.00159989778388 0.0015996412935 0.00159990622222 0.00159994603152 0.00159968104652 0.00159949500752 0.00159986760762 0.00159992334856 0.00159966617745 0.0015995862967 0.00159980070967 0.0015996867924 0.0015995283102 0.00159936368008 0.00159943928866 0.00159975965394 0.00159971836207 0.00159972356542 0.00159978231212 0.00159971273129 0.00159964950466 0.00159988285164 0.00159953673412 0.00159947203998 0.00159992595753 0.00159972734769 0.00159936495617 0.00159943007191 0.00159974511023 0.00159954476332 0.00159978520294 0.00159938772053 0.00159952018717 0.00159963032477 0.00159983812968 0.00159963084967 0.00159972324158 0.00159980289872 0.00159959720607 0.00159999999723 0.00159983322507 0.00159994278352 0.00159979538891 0.00159974538455 0.0015998163369 0.00159985025361 0.00159953000831 0.00159998519493 0.001599743182 0.00159971931979 0.00159962511169 0.00159995255589 0.00159956558958 0.00159982256247 0.00159982522497 0.00159978385276 0.00159966241445 0.0015996944046 0.0015996906467 0.00159981516942 0.00159975090882 0.00159988869507 0.00159925769444 0.00159970638223 0.00159972659844 0.00159993151023 0.00159996511483 0.00159937892774 0.00159960292692 0.00159971290002 0.00159975546558 0.00159961686149 0.00159936242711 0.00159944004086 0.00159969996737 0.00159984532823 0.00159953608243 0.00159999594392 0.00159943446327 0.00159997765478 0.00159977143485 0.00159990767189 0.00159983884254 0.00159990060339 0.00159988298452 0.00159981034871 0.00159985032038 0.00159968865568 0.00159959060061 0.00159995671435 0.00159971061772 0.00159970647947 0.00159956721909 0.00159999184008 0.00159978045433 0.00159970065439 0.00159983906278 0.00159962847852 0.00159928372284 0.00159984260934 0.00159962530361 0.00159993809778 0.00159934070001 0.00159989436382 0.00159988018506 0.0015994109434 0.00159987506333 0.0015995790129 0.00159990793442 0.00159997229295 0.00159943289024 0.00159994866486 0.00159990738303 0.00159987163757 0.00159993626298 0.00159968393546 0.00159968246289 0.00159983111058 0.00159981272504 0.00159988544364 0.00159987284685 0.00159977426816 0.0015998071281 0.00159981127706 0.00159987265281 0.00159979784498 0.00159973546403 0.00159969660256 0.00159989209764 0.00159983262571 0.00159961355652 0.0015997183618 0.00159990855199 0.00159970996526 0.00159966242477 0.00159981506111 0.00159974107446 0.00159990428198 0.00159986050199 0.00159957038764 0.00159956697216 0.00159971380631 0.0015999161682 0.0015998077416 0.00159991085316 0.00159957681442 0.00159984398517 0.00159966010315 0.00159982595823 0.00159967222846 0.00159980791522 0.00159969380326 0.00159971643886 0.00159974549991 0.00159968825451 0.00159980593918 0.00159978634269 0.00159975345966 0.00159983635523 0.00159988413995 0.00159990114208 0.00159992133514 0.00159986719454 0.00159989985084 0.00159980951585 0.00159980916034 0.0015998667541 0.00159946848363 0.00159951694234 0.00159987500772 0.00159983542051 0.00159962879669 0.00159950210338 0.00159988032756 0.0015998718575 0.00159970682253 0.00159986631715 0.00159960362208 0.00159984032337 0.00159965031342 0.00159971483803 0.00159969181128 0.00159991993357 0.00159989311169 0.00159982795193 0.00159976171195 0.00159963436235 0.00159977191706 0.00159967536361 0.001599778414 0.00159973653761 0.00159983378958 0.00159961032916 0.00159964018973 0.00159987716227 0.00159976679987 0.00159968569849 0.00159987805232 0.00159977421557 0.0015995504263 0.00159971214103 0.00159955435182 0.00159984846884 0.00159967010925 0.00159979013728 0.00159980306829 0.00159990646133 0.00159956621082 0.00159979307071 0.00159991634981 0.00159967123401 0.00159968193271 0.00159980224155 0.00159952545916 0.00159964535533 0.00159966688006 0.00159938037472 0.00159979687223 0.00159981722019 0.00159988869183 0.0015998856924 0.00159940332337 0.00159950064667 0.00159951478796 0.0015996456767 0.00159959029346 0.00159996773583 0.00159988979677 0.00159989599007 0.00159947985597 0.00159938941129 0.00159975974292 0.0015995569408 0.0015996900525 0.00159945997871 0.00159965740082 0.00159948883472 0.00159963118727 0.00159948619862 0.00159965843468 0.00159978756859 0.00159965442049 0.00159968763682 0.0015998151963 0.00159972459897 0.0015995505643 0.00159989155717 0.00159986523205 0.00159967539297 0.00159964945867 0.00159986651035 0.00159984055078 0.00159963726578 0.00159955535193 0.00159998011122 0.00159962666146 0.00159970070748 0.0015998183992 0.00159945883057 0.00159959912661 0.0015999554119 0.00159994916681 0.00159981665251 0.00159980184474 0.00159971859681 0.00159962085693 0.0015997680017 0.00159993075125 0.00159979259423 0.0015999178976 0.00159977649733 0.00159995494997 0.00159989631106 0.00159983053604 0.00159994584971 0.00159978216898 0.00159980695781 0.00159992410559 0.00159988187324 0.00159991787557 0.00159994560552 0.00159991771699 0.00159992638194 0.0015998707121 0.00159971704107 0.0015995746615 0.00159979746223 0.00159971454802 0.00159967190834 0.00159982134446 0.00159983475667 0.00159981572339 0.0015998624079 0.00159971348221 0.00159972265928 0.00159974323155 0.00159978420507 0.00159987809324 0.00159985682159 0.0015997920796 0.0015999451658 0.00159954933949 0.00159980216344 0.00159986548877 0.00159979459014 0.00159971155738 0.00159992244735 0.00159957416987 0.00159968381004 0.00159996747046 0.00159990231641 0.00159986370259 0.00159988659797 0.00159985278392 0.00159989999451 0.00159958147856 0.00159950214705 0.00159995690834 0.00159976258305 0.00159976684376 0.0015995448471 0.00159968594746 0.00159988712543 0.00159976865649 0.00159980289749 0.0015998823724 0.00159979736962 0.00159971214343 0.0015997678991 0.00159985210462 0.00159976457871 0.00159991417213 0.00159957085993 0.00159975905238 0.00159958776009 0.00159973876996 0.00159976837493 0.00159979032608 0.00159983201072 0.00159977642185 0.0015996319336 0.00159981981253 0.00159992083996 0.00159991707256 0.00159996058718 0.00159997886464 0.00159951721188 0.00159956413633 0.00159986875365 0.00159976364697 0.00159978834473 0.00159988469195 0.00159973633982 0.00159992033964 0.00159977882489 0.00159966865855 0.00159981084878 0.00159986597823 0.00159983930757 0.00159983701494 0.00159998058988 0.00159964772733 0.00159993103009 0.001599858983 0.00159984187236 0.00159968907188 0.0015997709013 0.00159979794906 0.00159994294828 0.00159992498917 0.00159998384855 0.00159982578242 0.00159982407726 0.00159963967145 0.0015996743759 0.00159990059806 0.00159959950404 0.00159992150336 0.0015998483447 0.00159993881069 0.00159990281656 0.0015999810292 0.00159967525214 0.00159961672069 0.00159970572254 0.0015997462174 0.00159954600858 0.0015996848303 0.00159979144314 0.00159988737911 0.00159990772353 0.001599925282 0.00159951598017 0.00159981794836 0.00159959382882 0.00159994000294 0.00159961106308 0.00159980807072 0.00159982436993 0.00159989104898 0.00159977432379 0.00159956341409 0.00159988022388 0.00159978823405 0.00159992125791 0.00159977830408 0.00159981238355 0.00159972124494 0.00159985723279 0.00159968670592 0.00159969148517 0.00159964851611 0.00159984214169 0.00159982718176 0.0015996974512 0.00159978955449 0.0015996048618 0.00159980138039 0.00159973614344 0.0015997227994 0.0015999055403 0.00159971793664 0.00159988752763 0.00159979158466 0.00159979293606 0.00159976440455 0.00159980778866 0.00159965646724 0.00159980753677 0.00159993471043 0.00159974267825 0.00159975381047 0.0015998884977 0.00159974407983 0.00159977143252 0.00159980197216 0.00159970405513 0.00159994125152 0.00159943606049 0.00159990038736 0.00159993536033 0.00159973042117 0.00159975987623 0.00159985661624 0.00159965444711 0.00159989456493 0.00159991612913 0.00159967464476 0.00159982038244 0.00159982794626 0.00159974320692 0.00159980728449 0.00159986979136 0.00159991904685 0.00159989027054 0.00159981712256 0.00159988552852 0.00159978597308 0.0015998170161 0.00159966488031 0.00159981624247 0.00159971940892 0.00159985185832 0.001599937714 0.00159958995389 0.00159984376578 0.00159963443478 0.00159956221363 0.00159951084242 0.00159959465525 0.00159964991325 0.00159984074461 0.00159960578262 0.00159973636603 0.00159960428373 0.00159988396189 0.00159986171171 0.00159970420366 0.00159932519237 0.00159965019739 0.00159978282074 0.00159991107002 0.00159970153692 0.00159984295937 0.00159994940851 0.00159993889414 0.00159982039492 0.00159966683337 0.00159971915952 0.001599793448 0.00159989750721 0.00159983060161 0.00159976220412 0.00159972594706 0.00159985430187 0.00159976312049 0.00159990586841 0.00159984959347 0.00159975725054 0.00159991105955 0.00159994728974 0.00159974891839 0.00159976950272 0.00159981008345 0.00159970803911 0.00159974771585 0.00159987150906 0.00159990511473 0.0015999629548 0.00159992027249 0.00159991313965 0.00159991754124 0.00159992576291 0.00159984313952 0.00159984682329 0.00159991299163 0.00159994235543 0.00159981614326 0.00159983281725 0.00159992670597 0.00159993873283 0.00159982286451 0.00159988418571 0.00159991422671 0.00159970947257 0.0015997760518 0.00159986236073 0.00159989538611 0.00159981543342 0.00159988209057 0.00159982758606 0.00159970422533 0.00159962818413 0.00159983251379 0.00159979494863 0.00159974408649 0.00159986057603 0.00159984416688 0.00159991901011 0.00159981689321 0.00159981429836 0.00159984622371 0.00159983842246 0.0015998972071 0.00159990144868 0.00159987798402 0.00159987871202 0.001599767027 0.00159978004839 0.00159977430408 0.00159985216224 0.00159990947296 0.0015997865414 0.00159981779857 0.0015996217342 0.00159991194162 0.00159995465449 0.00159996665946 0.00159985472552 0.00159991613643 0.00159984704873 0.00159990874922 0.00159989709286 0.00159985359271 0.00159985219251 0.00159997429403 0.00159980085864 0.0015996380556 0.0015999006426 0.00159983249199 0.00159989744252 0.00159966772907 0.00159972435282 0.00159996143431 0.0015998459237 0.00159976371166 0.00159996451004 0.00159986994542 0.00159985631897 0.00159965517277 0.00159987081225 0.00159987148669 0.00159964328416 0.00159967907676 0.00159981692501 0.00159982676029 0.00159987968515 0.00159984362249 0.0015998208969 0.00159970440887 0.00159986310277 0.00159986928921 0.00159985997974 0.00159969391553 0.00159989441872 0.00159986582831 0.00159968799246 0.0015997499639 0.00159988145921 0.00159979453346 0.00159964717861 0.00159987393777 0.00159993010725 0.00159967780175 0.00159973036075 0.00159994422811 0.0015998987145 0.00159986939689 0.0015998529379 0.00159989866868 0.00159978477978 0.00159991573208 0.00159985965887 0.00159978971455 0.00159970992268 0.00159978172998 0.00159962532618 0.00159975742408 0.00159994606972 0.00159975876439 0.00159988838138 0.00159980371017 0.00159994978987 0.00159992618988 0.00159980567019 0.00159989935307 0.00159982523137 0.00159984587886 0.00159950574733 0.00159946947067 0.00159968283807 0.00159995490992 0.0015997934047 0.00159989260446 0.00159983907463 0.00159989473799 0.00159963538055 0.00159994400185 0.00159973007797 0.00159985941358 0.00159984246605 0.00159992353492 0.0015999076009 0.00159989258573 0.00159993725507 0.00159994866513 0.00159985929524 0.00159987414115 0.00159986273214 0.00159980817984 0.00159999026264 0.00159990644868 0.00159993143727 0.0015999338153 0.00159988666057 0.00159995717897 0.00159978907258 0.00159952907686 0.00159981714591 0.00159981735943 0.00159992289823 0.00159992469749 0.00159995598417 0.00159985802231 0.00159982813506 0.00159986538581 0.00159984905503 0.00159984500455 0.00159990629784 0.0015996653154 0.00159991606635 0.00159979284762 0.00159982911415 0.0015999437211 0.00159981468378 0.00159991485292 0.00159988141232 0.00159985608826 0.00159977552138 0.00159982909188 0.0015998503068 0.00159979052878 0.00159975686684 0.00159983005525 0.00159970620852 0.00159991462702 0.00159985278366 0.00159989832372 0.00159993779492 0.00159980334573 0.00159977272991 0.0015999139661 0.00159989379491 0.00159988258539 0.00159993673766 0.00159981269407 0.00159992865705 0.00159985984677 0.00159996658794 0.00159956385135 0.00159977561941 0.00159973890063 0.00159979583623 0.00159971065085 0.0015997235885 0.00159980219966 0.00159984355478 0.00159974375996 0.00159974664978 0.00159969314181 0.00159984625166 0.00159991750066 0.00159984866663 0.00159990986711 0.00159987437287 0.00159991359438 0.00159983092885 0.00159994419389 0.00159994369738 0.00159993202533 0.00159982311357 0.00159993734567 0.00159976969987 0.00159984615309 0.00159992153259 0.00159988747024 0.00159998775372 0.00159980398602 0.00159988394604 0.00159992879486 0.0015999507946 0.00159980875144 0.00159982871153 0.00159990464171 0.00159992564996 0.00159992497452 0.00159989306341 0.00159995415795 0.00159993518566 0.00159983593329 0.00159970429738 0.00159997867376 0.00159992903946 0.00159984536098 0.00159987982017 0.00159997387602 0.00159994846262 0.00159991142192 0.00159985805129 0.00159989066172 0.00159991890145 0.00159992846441 0.00159994016314 0.00159987315553 0.00159985431885 0.00159984896318 0.00159996964108 0.00159988647279 0.00159988786944 0.00159987653663 0.00159987950114 0.00159997058581 0.00159992725627 0.00159984410096 0.00159990636078 0.00159988814053 0.0015997592293 0.00159980336894 0.00159986824232 0.00159986599839 0.00159979549058 0.00159985879323 0.0015999177691 0.00159989611921 0.0015998396595 0.00159992600864 0.00159996497619 0.00159987579737 0.00159978934396 0.00159993038295 0.00159988570113 0.00159991428877 0.00159987203868 0.00159977761624 0.00159992299196 0.00159980117741 0.00159985700723 0.0015996318216 0.00159975733037 0.0015998313205 0.00159986848766 0.001599831147 0.00159974424328 0.00159976384663 0.00159986720838 0.00159983830252 0.00159989004036 0.00159997276331 0.00159997644974 0.0015999404909 0.00159988200976 0.00159993724383 0.00159989633277 0.0015999275226 0.00159977287231 0.00159987099617 0.00159979470737 0.00159990294133 0.00159986864743 0.00159988109517 0.00159998447598 0.00159985420982 0.00159994742812 0.00159994947183 0.00159995690871 0.00159986290773 0.00159988442592 0.00159992401683 0.00159996102017 0.0015996186224 0.00159979403442 0.00159996044696 0.0015997939006 0.00159980627227 0.00159989759367 0.00159984842949 0.0015998287952 0.00159984705246 0.00159978809326 0.00159991955586 0.00159985425245 0.00159983549028 0.00159991871521 0.00159981384601 0.00159978955132 0.00159985353592 0.00159991669091 0.00159982871826 0.00159994335111 0.00159978988057 0.00159981198914 0.00159993978509 0.00159978472984 0.0015996971769 0.00159975716207 0.00159988443065 0.00159988951677 0.00159986313031 0.00159991297112 0.00159978778546 0.00159998077628 0.0015999559282 0.00159972678365 0.00159973441102 0.00159990239983 0.001599639794 0.00159980192335 0.00159977770719 0.00159995005605 0.00159979703719 0.00159981765667 0.00159995282157 0.00159964688588 0.00159989881403 0.00159967583027 0.00159987949867 0.00159992906224 0.0015997636957 0.00159985152813 0.0015998773397 0.00159965934524 0.00159973684022 0.00159983073695 0.00159974922208 0.00159999536894 0.00159992525774 0.0015998794824 0.00159986592493 0.00159992256868 0.00159991526457 0.00159987182006 0.00159990744274 0.00159995646925 0.00159986749416 0.00159995168035 0.0015997015237 0.00159990067115 0.00159996290065 0.00159997070258 0.00159991593889 0.00159993533649 0.00159999329863 0.00159993938969 0.00159983213914 0.00159991746338 0.00159989098758 0.00159986800468 0.00159996806465 0.00159981487897 0.00159976131363 0.00159982756076 0.00159962210857 0.0015998925351 0.00159975742694 0.00159983834373 0.0015998336924 0.00159988807945 0.00159977404223 0.00159981963983 0.00159984196397 0.00159988886931 0.00159983915472 0.00159989640466 0.00159987267831 0.0015997609294 0.00159977133152 0.00159990892095 0.00159991980498 0.001599939455 0.00159982978597 0.00159983394861 0.0015998467933 0.00159986631273 0.00159991065247 0.00159972572671 0.00159959371517 0.00159992601238 0.0015998534293 0.00159982365038 0.00159993157481 0.00159992189351 0.00159994168601 0.00159978543608 0.00159981780206 0.00159974707158 0.00159989430095 0.00159991433687 0.00159987370441 0.00159989365213 0.00159997757526 0.00159991976309 0.00159992431931 0.00159985423021 0.00159993807696 0.00159991476211 0.00159993853514 0.00159987336279 0.00159982396216 0.00159977266686 0.00159980319407 0.00159975010352 0.00159971777128 0.00159992432535 0.00159992034694 0.00159972245506 0.00159987694947 0.00159987214653 0.00159987607955 0.00159989265831 0.0015998864764 0.0015998628639 0.00159986206127 0.00159995617654 0.00159992945805 0.00159993110178 0.00159982396931 0.00159982176418 0.00159988019317 0.00159989908976 0.00159990544652 0.00159991131361 0.00159978875948 0.00159995891217 0.00159975963561 0.0015997782767 0.00159988199639 0.00159990669141 0.00159991222008 0.00159993059073 0.00159992846214 0.00159995049349 0.00159992248795 0.00159985578689 0.00159994062104 0.00159991985023 0.00159993884764 0.00159989446962 0.00159994706289 0.00159989359839 0.00159987183243 0.00159992260595 0.00159992167824 0.00159989890732 0.00159995246263 0.00159994104418 0.00159978364172 0.00159988975532 0.00159987148111 0.00159987186989 0.00159992727286 0.00159992569407 0.00159995692692 0.0015999320295 0.00159996370169 0.00159995911572 0.00159992526379 0.00159997790546 0.00159998412631 0.00159995397991 0.0015999409285 0.00159993795779 0.00159997456128 0.00159985197884 0.0015998862425 0.00159994225343 0.00159993170257 0.00159989221809 0.00159992872158 0.0015998914914 0.00159994997365 0.00159995892251 0.00159995091575 0.00159988926584 0.00159984653217 0.0015999580371 0.00159995127233 0.00159995356046 0.00159981922388 0.00159987615192 0.00159991362106 0.00159990629502 0.00159992800423 0.00159991717506 0.00159993726669 0.00159994073251 0.0015999396554 0.00159994707679 0.0015999684398 0.00159993251098 0.00159983288704 0.00159994722558 0.00159988496851 0.00159992979108 0.00159995197004 0.00159987189114 0.0015998979252 0.00159990354429 0.00159991175282 0.00159995186104 0.0015999408562 0.00159990120645 0.0015999551872 0.001599920843 0.00159996774535 0.00159986946084 0.00159993424398 0.00159991472569 0.00159999556215 0.00159995595682 0.00159994548461 0.00159993329722 0.00159991466072 0.00159992870106 0.00159990112873 0.00159995825664 0.0015999341628 0.0015999046524 0.00159987750258 0.00159984005814 0.00159991765565 0.00159979084187 0.00159997324168 0.00159995809383 0.00159991568132 0.00159993203078 0.00159993236505 0.00159994349424 0.00159992258526 0.0015999175221 0.00159994527523 0.00159995542134 0.00159994192696 0.00159994130675 0.00159990607663 0.00159991097806 0.00159987077967 0.00159994956494 0.00159979083365 0.00159995215865 0.00159981034841 0.00159990622316 0.00159993710651 0.0015999123259 0.00159988351889 0.00159994309758 0.00159994053446 0.00159988880318 0.00159993763254 0.0015999562462 0.00159993392365 0.00159998456304 0.00159987654103 0.00159992981001 0.00159995320408 0.00159993618419 0.00159996233073 0.0015999629161 0.0015999413888 0.00159989309825 0.00159988075406 0.00159980806569 0.0015998934613 0.00159991300535 0.00159998146474 0.00159994074858 0.00159995535371 0.00159996381336 0.00159995982803 0.00159996032443 0.00159987016429 0.00159999787509 0.00159992054353 0.00159987493056 0.00159990224418 0.00159994920931 0.00159988714531 0.00159990942659 0.00159993904485 0.00159991301845 0.00159994206171 0.00159993627925 0.00159992545163 0.00159993297241 0.00159994470095 0.00159994793094 0.00159993270826 0.00159987901679 0.0015998740279 0.0015999584742 0.00159982095531 0.00159988718492 0.00159991416302 0.00159998104191 0.00159996205011 0.0015999717449
</DataArray>
        <DataArray type="Float64" Name="contact_force" NumberOfComponents="1" format="ascii">
0.000261143993076 0.000188837580393 0.000685012615199 0.000131132272167 0.000447131809693 0.000397722534213 0.000129025133855 3.20833774119e-05 4.89156573314e-06 3.26920903493e-06 0.000303347143583 0.00123118886448 0.00065663966637 0.000768516124669 0.000374648422836 0.000310342289578 0.000958390322831 0.000549812244215 0.00136435437024 0.000102902709807 0.00152819645719 0.000248193454926 0.000539430211718 7.6973111082e-05 0.00019919155076 0.000173919218675 0.000241682643432 0.000234235834566 0.000198462773559 1.77919183407e-05 0.000659979478356 0.000484961435287 0.000424915967976 9.5875894823e-05 0.000744535140019 0.000614089922944 0.000601111951321 0.000508797934654 0.000621717378233 0.000291803338704 0.000283231740362 0.000688967654003 0.000444023156844 0.000519905777717 0.00051926410269 0.000568353403596 0.000383200693552 0.00119370025035 0.000660683445083 0.000462271545666 0.000783261507812 0.000494230381997 9.31589277184e-06 0.000258938277915 0.000225453868718 0.000222757525074 0.00102940789622 0.000787982663812 0.00105453046265 5.80975625972e-05 0.000118692115734 0.000517594414207 0.000547207955362 3.55425380694e-06 0.000383789699023 0.000117714415381 5.58561249395e-06 2.52429436382e-05 4.61493108915e-05 5.95918986915e-05 0.000566002420221 0.000254238909859 0.000171516584641 0.00059284919991 0.000307769718755 1.56447983008e-05 0.000980917755748 4.80503700922e-05 0.000557254678393 0.000716979354298 0.000629613911805 0.000695900297501 0.000817031001127 0.00111642440823 4.30245512371e-06 0.000132680174696 3.464039921e-06 0.000928418029246 0.000715903551547 3.23290323766e-05 0.00042557077536 0.000558248937208 6.40035782416e-05 0.000865285781826 0.000713839510981 0.000346014876255 0.000528662160384 0.00122705309015 0.000325245441375 0.000197528971757 0.000451856021005 0.000897484046323 0.000785420395498 0.000247068722352 0.000659721730928 0.000518967404745 5.38283658657e-05 0.00120865430244 0.000442834832893 0.00114512560296 9.265293309e-05 0.000344195358822 0.00048153634656 0.000211449314059 0.00025202762353 0.00112779696247 0.000269074429975 0.000758852120217 3.1334861063e-05 6.88373023809e-06 2.41839667077e-06 9.50645249518e-05 0.00056534759679 0.000532704441672 0.000120612865598 0.000101815189183 0.000234168367325 0.000461428596073 0.000532225642918 0.00105540997214 0.000615224343817 0.00090322429964 0.000734619274184 0.000810685939799 0.00111693734299 0.000514538546833 0.000916202055863 0.000377158104376 0.000610605454461 0.000312097138546 0.00015242989005 4.02552875225e-05 0.000823867127613 0.000330162579027 0.000238133704616 0.000242269781124 0.000351750361945 0.0010651463759 0.000638742817583 3.99407750113e-05 0.000508884819854 0.000533645760559 0.00220312898898 0.00106009304042 1.12349459747e-05 0.00162161930177 0.0006769339408 0.000562767442637 0.000460695139728 0.000169918166336 0.000146003700867 0.000273354332882 0.000386630176381 3.66209200356e-05 3.60143237984e-06 0.000622439587844 7.83142897492e-05 0.000222270667116 0.000229500973117 0.000878254157125 0.000772590702006 7.02997613013e-06 0.00041386143399 0.000699169280475 0.000553490436231 0.00089585720849 0.00110066330393 0.000884973664504 0.000498431584412 0.000413985254818 0.000475183052401 0.000260894201221 0.000268140964093 0.000172305239839 0.000407450872207 5.67832635526e-05 0.00113753049392 0.00075041742733 0.000641135484197 0.000148943007481 6.89826789416e-06 0.000218317689062 0.000643348434911 0.00035622607271 4.40973165521e-05 0.000207165471101 0.000229914207546 0.00019601269359 0.000578491675291 2.85131685992e-05 0.000582662095798 0.00062498741085 2.41421816448e-05 0.00057648076296 0.000450597563057 0.000480549521696 0.000401014859425 0.000790560800592 0.000378248681754 0.000522558638323 1.98576548937e-05 0.00039075483331 1.22845443184e-05 9.4087561139e-06 0.000115143521591 4.6213536402e-05 0.000353611881559 0.000237484360952 0.000144406542198 0.000412049682866 9.12030006448e-05 1.60649801371e-05 6.46039227301e-05 0.000786229969155 0.000381501967264 0.000516716018166 0.00116517768798 0.000236506751873 0.0007820276787 2.62455059353e-05 0.000586081894409 0.000454705766395 0.000343218436806 0.000487426143088 0.000504399568121 0.000117686525182 0.00122257302734 0.000280269797931 0.000678204972711 0.000466387490655 0.000428854343791 0.000498406426252 0.000606740829184 0.000370541304767 0.000171525612674 7.78265449912e-05 0.000328749425616 0.000508656743226 0.00115184676667 0.000393508733732 0.0010084432887 0.00101830101112 0.000228355204488 0.000296216742087 0.000279337882762 5.49845640837e-05 0.000222533305727 0.000207486293138 0.00052800449323 8.5016696348e-05 0.000313313394421 0.000733804744163 0.000799056843835 0.000547261953733 0.000647208838536 2.64325190662e-05 0.000802645715634 0.000940331032096 0.000539950740966 0.000254719691883 0.000322281518356 8.70326401265e-05 0.000179066035033 0.000308641812076 0.000420696520343 0.000118091628564 0.000213405566357 1.38324858712e-05 0.000536848291892 0.000126537670046 0.000149545267902 0.000657979464808 0.000320260726618 0.000998182784707 0.00011062433473 0.000152364684108 0.000556369249107 0.000425779540588 0.000254580535744 0.000257764549253 0.000156902675307 8.42345257966e-06 8.17279430614e-05 0.000515678536507 0.000531113988931 0.000613186277104 0.000602099536911 0.000509623772036 0.000560807669944 0.000654988736205 0.00206591137047 0.00246288750444 8.29229359553e-05 0.000286491353505 0.00037725323061 6.01945282641e-05 0.000931906105085 0.000891507093215 0.000873060933569 0.000977525223636 0.00062704326699 0.000737427063406 0.000213181842336 0.000510175525475 8.54048733264e-05 0.000338346094185 0.00018582986475 0.00202858353614 0.000453372600101 0.00186750370732 0.000434929587783 0.000608097534248 0.000103900145982 0.000971858639639 0.000168127340843 0.000649473976089 7.55190227232e-05 0.000331152167507 0.000995129171101 0.000566973798453 0.00159293896185 0.000676318271578 0.000477577044252 0.000443393480004 0.00127367746004 0.000468323678701 0.000113658047113 0.000441259329058 0.000318996738708 0.000118769999382 0.000208588920287 0.000815508447829 0.000278169730325 0.000459365116093 0.00104501670869 0.00069073663433 0.00105310475507 0.000653394553875 0.000131425188296 0.000822157243708 3.0432063235e-05 0.000942928831761 0.000657024561579 0.00016837989676 0.000997329791711 0.00155906978121 0.000142689787878 0.00115014396533 8.12865549738e-05 2.96235235167e-05 2.55295586991e-05 2.53654826696e-05 0.000664341657767 0.000112826556735 0.000497331874395 0.000974234384732 8.77702529041e-05 0.00089324430444 0.000213378491173 0.000663584948168 0.00179396050172 0.000583219833003 0.000473385398192 0.000344702113903 0.00155619428028 0.000495636958569 0.000833409935561 0.00018765061301 0.000550517452453 0.000871478839862 0.000919469474092 0.00164424162413 0.000144015742522 0.00054020411781 0.000325828795127 0.000513373129236 0.000344277403504 0.00014792338875 0.000332820077027 0.000234532048599 0.000149606096942 3.08256276394e-06 0.000946707575989 0.000226586398532 0.000134670632733 0.000793178765601 0.00081115232403 0.000193976048855 0.000370040376082 0.000772090551574 0.000519528300704 2.02584971501e-05 5.18327057241e-05 0.000897260135754 0.000319736850732 0.000749568058519 0.000484003068641 0.000150838741862 0.000142419442521 0.000251635004006 0.000368777191615 0.000408824697566 0.0001860494771 0.000603570252229 7.37552797824e-05 0.00017097965088 0.000747498785095 6.04726968724e-05 1.56313201608e-06 3.77641248152e-05 4.52204244713e-05 0.000215976772524 0.000337968716866 0.000465492270798 0.000499195757356 0.000598186782027 0.000718148254304 5.22549284772e-05 0.000140313437155 0.00066580470694 0.000668663848476 0.000426368745518 0.00027837693536 0.000931547719679 0.000287528640177 0.000169701582603 0.000645552453813 0.000488123312101 0.000597958217733 0.000858692652399 0.00118620649224 0.000901839232083 3.25244760143e-05 3.13275107207e-06 0.000443073121805 1.69802767743e-06 0.000276059487005 0.000536466707591 0.000346322959956 0.000234788427969 0.000189943843417 5.46598595469e-06 2.15148466928e-05 0.000405489490902 0.00016899646018 0.00042139387571 0.000526440982018 0.000660889673873 1.86993927286e-05 0.000221339979449 0.000418409883891 2.97516032879e-05 0.000261635803509 0.000221779380467 0.000502450477658 0.000856605834845 0.000193116518481 0.000411681577836 0.000144883945348 0.00043943285341 0.000390871767164 0.000293313319073 3.50879806298e-05 0.000758055382006 0.000641769664319 0.000313469291615 0.000328278827166 3.20642134933e-06 0.000115523712768 0.00052970270743 0.000778479613 0.000646920368937 0.00135655612984 0.000359155916058 0.000654801823325 7.29915759012e-05 0.00109362599353 0.000591374671723 0.000309702975547 0.000702706923482 0.000376123091834 0.000154234204081 0.000826124247191 3.56882335294e-05 3.27406535548e-05 4.54039484563e-06 6.37641799579e-05 0.00112714513846 0.000447391294128 0.000690231313014 0.000591424465869 1.50810188976e-05 0.000908721914193 9.84946563171e-05 0.000395261648615 0.000768096123445 0.000418301821984 5.01587880408e-05 0.00116373395045 5.10447237609e-05 0.000259007792359 0.000652556199878 0.000643859251654 0.000102763043305 0.000591300290756 0.000798701388736 0.00039420184359 0.000959554989602 3.22594350204e-05 0.000173940396204 0.000470576059751 0.000591937987097 0.000394319250072 0.000658579007148 0.000957622085562 0.000105838811885 0.000395898124341 0.000132564194628 9.57639378087e-05 0.000257168645501 0.000297755425729 0.000546892043083 0.000681085329011 0.000206016237006 0.00017321353604 0.000267296853828 0.000200596332007 0.000845999092058 0.000251289709516 0.000245920017155 0.000540045208885 1.75701959233e-05 0.000598203039357 3.02951995155e-05 0.000361094257474 0.000550684979888 0.00100054403521 0.000207318765376 0.00022770629346 0.00065665232587 0.000332026130594 0.000233265536183 0.000786064999608 0.000305050922101 0.000409463986738 0.000506984973653 5.31067345056e-06 0.000275428200724 8.79029484035e-05 0.00115546207607 0.00062166984113 0.00147892758899 0.000665452922475 0.0010269024038 0.00017272206745 0.000124973438785 0.000582068347865 0.00170251965037 0.000347248615861 0.000156656242546 0.000255801613933 0.000728664848355 0.000716286172704 0.000725031382529 0.00088433719738 0.000709776297989 0.000550807633287 6.73361722392e-05 0.000240628559951 0.00026536529753 0.000654728899734 0.000715468140408 0.000849097931482 0.000156407732663 3.89936494739e-05 0.00152900156906 0.000907362218962 0.000496328650468 0.000108010526516 0.000105127653306 0.000497011082398 0.000426922129045 0.000525672472129 0.00189103419204 0.000392318880654 0.000142795831539 0.00037475391643 0.000271062037283 0.000255817941652 5.2768031053e-05 0.000267783762607 0.000327460107175 8.55330169458e-05 9.23905335081e-05 0.00104803191378 0.000521218591941 0.000395725016018 0.000449482666376 0.000127089292095 0.000610032471618 0.000469409081883 0.000332637623461 0.000109536432362 0.000388955321276 0.000439093467493 1.99471656001e-05 0.000372802419652 0.000167824125128 0.000149208369869 0.000168956125742 2.15700547999e-05 0.000621361389665 0.000196926930787 0.000366159750081 0.000483621157108 0.000223627543026 0.000390668684367 0.000332775452342 6.81974547577e-05 0.00107702063213 0.000180702396305 0.000755519455531 0.000232834349791 0.000909098578586 0.000733732062898 0.000556776719736 0.000318333024441 0.000241671310487 0.000408692640542 0.000240169496843 0.000520321017239 0.000102092962552 0.00149042198634 0.000702569775687 0.000346482056719 0.00142082463196 8.54982138582e-06 0.000338734079124 0.000324889522314 6.09556184082e-05 0.000273906107692 0.00110328992941 0.000392425419253 0.000189839753839 4.34407512775e-05 7.7226458551e-05 0.00115784891973 0.000554641310715 0.000278614638961 4.23705639227e-05 8.62575905234e-05 0.00055406781823 0.000116455256019 0.000471761388495 0.000142945534784 2.94229371131e-05 0.000120005266164 0.000364832170995 0.000641145110231 0.000490824562755 8.78179793614e-05 0.000523379351554 0.000495702739573 0.00128797730089 0.000291080595176 0.00022276075685 0.000125670422265 0.000127347543638 0.00182858608028 0.000270513342594 0.000483188581218 0.00104575718185 0.00042390688232 0.00104719099061 0.00026766021867 0.000303653270506 0.000134441346305 5.15986231869e-05 5.77942521061e-05 5.21280759669e-05 0.000735284538365 0.000650325859928 0.000194114437823 0.000487782276701 0.000565972882829 0.00103271184871 0.000139773957638 0.000140923370935 0.000608062957996 0.000520025806136 0.000900765457262 1.66475657237e-05 0.000773993166564 0.000862800112912 0.000513180256565 0.000315916348954 0.000215918837957 0.0009249594072 0.000519685991306 0.0010146866707 0.00106616554749 0.000423225807911 0.00156218048354 0.000112696053888 1.8712614365e-05 0.000643127092881 3.98148892399e-05 3.37122778412e-05 0.000194128820881 0.000630096480098 0.000548153570356 0.00125991558755 0.000862806202857 0.000413270951126 0.000461064355243 0.00100319762933 0.000339339448966 0.000676234507856 0.000316113080847 0.000690440183058 0.000404344981143 0.000592113971013 0.000365894068288 0.000758480116715 0.00128458818256 0.00114139549057 0.00038071360972 0.000603273196295 0.000882563489335 2.88517804059e-05 0.000346956374384 0.0012227640969 0.000339408166589 8.02090081459e-06 1.54689875475e-05 0.000262686412011 0.000138948710625 5.16167466005e-05 0.000673415783478 0.000120733137811 0.000696399173829 0.000898092782545 8.64593934761e-05 0.000200183028515 0.000311782643571 0.000848370805594 0.000696160867138 0.000644284284363 0.000387127371089 6.48264107204e-05 0.000130069968934 0.000729780030723 0.00029896351349 0.00107827240136 0.000739260589512 2.08111438725e-05 0.000770765688484 0.000465216746295 0.000829855763336 0.000152176769787 6.02920528611e-05 0.000507854155916 0.0004847311066 9.40869522505e-05 0.000614605477466 0.000133646651687 0.000911333831749 0.000442725507397 0.000571731871014 0.00067157770595 0.000274037789679 0.000143105571471 0.000356245352677 0.000586198706634 0.000390149377179 0.000365437449941 8.184378245e-06 0.000180707444726 6.23053271716e-06 0.00023715455447 0.000418151101918 0.000542811370028 0.00058421845193 0.00148473371351 0.000656519648167 0.000347699606978 0.000299157919192 0.000520287382201 0.00230904656097 0.00111034976438 0.00143950569541 5.63108697898e-05 0.000181040604871 0.000490012401968 0.00017608286567 0.00012837598528 0.000527546909245 2.88855666008e-05 6.62418294791e-05 0.00128766462144 0.000632803878835 0.00129536031226 0.000482363199567 0.000116972245787 0.00113681898806 0.000517833794744 5.30627734729e-05 0.000297004322553 6.83165768818e-05 0.000292141103376 0.000129493042454 0.00104207402625 0.000652809355484 0.00134193105151 0.00198903666338 0.000178213831006 4.26528324401e-05 0.00033310472549 0.00022385871301 0.000676663882242 0.000617565757021 1.56070521306e-05 4.23771309646e-05 0.000716525155545 0.000478510044284 8.02563271725e-05 0.000132384758608 0.000540796894809 0.000417906420337 2.51476039095e-05 0.000215303803592 0.000323282193499 0.000652587500218 0.000535318457578 0.000635724055647 0.000859135073261 6.12145213401e-05 0.00061645553779 0.000922643331906 3.7302064263e-05 0.000969719844468 0.000814785913542 0.000505825845721 0.000549948108682 0.000685672121311 0.000807307952046 0.000661758661551 0.000318370665984 0.000712518621296 0.000374134825898 0.000633884258189 0.000745131313106 1.54982568888e-05 3.391049162e-05 0.000387733363718 0.00205784085394 8.53398628206e-05 0.00128909476774 0.000227493937969 0.000588291273367 0.00111856114053 0.000566984932159 0.000596128089869 4.42816302109e-05 0.00136105251059 0.000106475125452 0.00078856938133 0.000884236681964 0.000852710966963 0.000549625171063 0.000725520973524 0.000856414834858 0.000124395878373 0.000557588608145 4.78685652181e-05 0.000749672162419 3.37776102555e-07 0.000547947612173 0.000540856797267 0.000439067843716 0.00113249995608 0.000726529866358 0.00071597860096 0.00112716743524 0.000342936263028 0.000440754631052 8.77012035375e-05 0.000217351416914 0.000197045836281 0.000588768284536 0.00075007109179 0.000475666049633 0.00018856872374 0.000813104025455 0.000451814561402 8.77075698636e-05 0.000860345261198 0.000432761314279 0.000875047358571 0.000440678948402 0.000734363624343 0.000548047407098 0.000568309180246 1.9941203328e-05 9.12323191531e-05 3.09828882377e-05 0.000595278651968 0.00102873910689 0.0013654547518 0.000544776571688 0.00125857895146 0.001393707215 0.0012788490633 1.11985131628e-05 0.000493890527082 0.00139689086632 0.000400091414949 0.000557584513931 0.000146231236436 0.000312106182774 3.28748462384e-05 0.000490474165061 0.000123602176095 0.000735481825285 0.00119900201064 0.000198443477877 8.34937656335e-05 0.000104508654005 8.47818414427e-05 2.48482028015e-05 0.000190955465432 0.00105104137432 0.00102653647102 0.000444912006635 0.000263575078198 0.000328723259368 0.000450442232617 6.93305406463e-05 0.000127688411955 0.000526007126818 0.000358388519407 1.87778065377e-05 3.1307162012e-05 0.0010226820855 0.0011902965289 0.00156449451337 0.00127919855205 0.000941398346038 0.000443179987847 0.00110194903945 0.000688540615921 0.000307565242748 0.000124159405745 0.000236777059814 0.000243952770471 0.00022645906353 7.78877242909e-05 0.000174315562583 0.000289220701985 3.10645958831e-05 6.48657299069e-05 1.37870204875e-07 4.6504410979e-05 0.000204364094673 0.000197043886864 4.31767943929e-06 2.47415088727e-05 0.00103250735995 0.000637196409902 0.000586362877676 0.00166591289283 0.00160646238449 0.000471054837182 0.000738670031337 3.449295749e-05 0.00128444341111 0.000421223250005 0.000453347450032 0.000140014716352 0.000628032422296 0.000731919825534 0.000628295643884 0.000507539506873 0.000383110446434 0.000656991276893 4.93070406548e-05 0.000430532775073 0.00079869760397 0.000245056827442 0.000784532279413 0.000220045293961 0.000632996483593 9.99775195178e-05 0.000966628137116 9.00227010523e-06 4.06280368399e-05 9.95892478479e-07 0.000468048327531 0.000242556779877 0.000790692796352 0.00122138731 0.00194414909428 0.000596987996233 0.000650143960706 0.000150236041586 0.00093242102417 0.000130628690106 0.0011242834387 0.000434721620445 0.000248066085306 0.000453429795026 0.00030965065824 0.000307194581643 0.00110372853512 0.000744693600683 0.000696132136114 0.0002873696956 0.000166861520117 0.000323610516825 0.000286795424748 0.000126142398545 0.000126265739889 0.000276269245788 0.000697639031235 0.00080375738531 0.000693280266314 0.000139713085791 0.0002575284696 0.000569420559613 0.00139463236973 0.000575459510341 0.000379350164098 0.00126481865915 3.18045308799e-05 0.000967225882298 0.000308759000778 0.00176254061492 0.000103987050876 0.000685635398724 0.000286323998867 0.000652590720498 0.000444425961502 0.000303338216788 0.000513391065804 0.000447221786054 0.000629720549824 0.000397798622476 0.000159854222761 0.000152720840629 9.43007445075e-05 0.000406141552531 0.000566278949615 7.21185089977e-05 0.000195033882974 3.02868948801e-05 0.000869449965252 0.000938071316469 4.31151029847e-05 0.000478649874595 0.000935836515277 0.000105619952056 0.000248524296648 0.000373951375716 0.000412571976696 9.08747618956e-05 0.00110038827392 0.00118854011867 0.000342168077082 0.000284918760672 0.000641406066404 0.000698193749434 0.000277716735319 0.000688074159891 0.000303810153325 0.000184542061032 0.000468526050014 5.944007817e-05 0.000746619015826 0.00101698423132 0.000641205701842 2.41444822016e-05 0.000695977531342 0.000506735513359 0.000484370611203 0.000188977916883 0.000591892593235 0.000361602562013 0.000281856604761 0.00134087842853 0.000335235017654 1.75682274441e-05 0.000292007938978 0.0006826880803 0.000668918089722 0.00026477522601 0.000302301467941 4.3747335358e-05 0.000261567013382 1.53026897358e-05 0.000651306045645 0.00048168646959 0.000470150958146 0.000614779261562 6.49466124654e-05 0.000732886767156 0.00110603466842 0.000391571483602 0.000566618699743 0.000128958858951 0.000121346887367 0.000174111165176 0.00109889481612 0.000749083750774 0.000842311013458 2.77442893063e-05 0.00107304409245 0.000155654742985 0.000544964012393 0.00103932550975 0.00023488571734 0.000290512927127 0.00081276170397 0.000489572130465 0.000196996085487 0.000359440656373 8.25681439049e-05 0.00044862559889 0.000248184835745 0.000148676880496 0.000192026201032 0.000101014065776 7.43209025415e-05 5.45555060868e-05 4.34554476557e-05 0.000670727197219 0.000132598798097 0.000707418600965 0.000938122483626 0.000168731268261 0.000254523248566 4.34664468125e-05 0.000255726379782 0.000145353638173 0.000433897699867 0.00111880439305 0.000130273430261 0.000676849027182 0.000315817880626 0.000264920973313 0.000365006320532 0.000203630454638 0.000767729175955 0.000781110602486 0.000667231458545 6.46332254953e-05 0.000227262418369 0.000607574605865 2.84586626559e-05 1.06057541872e-05 0.000524153215016 5.54209229395e-05 0.000394728230273 0.000502640607221 0.000795123060605 0.000262958414753 4.64422173783e-05 0.000529479274975 0.000723193125588 0.000355105991137 0.00105318752846 0.000722104012516 2.11556414791e-05 0.000789321605515 7.89950537191e-06 9.01672293562e-05 0.000858835689266 0.000144007519421 0.000348829599496 0.00049125790309 0.00032435752832 0.000313875422486 0.0010082932933 0.00151322904436 0.000808544699149 0.000509555397688 0.000182955514292 0.000158409116719 9.50620461064e-05 0.000311041474185 0.000160556558696 0.000395025426569 0.000694634583199 0.000160710338298 0.000190611962662 0.000903035373632 0.000260037289666 0.000316778007997 0.000217849353399 0.000513962980832 7.93910790979e-05 0.000358370221178 0.000537515422387 0.000167890829377 0.000381078459614 6.34069491088e-05 0.000556976859959 0.000103588383434 0.000127518625873 0.000153414262345 0.00049697151329 0.000544824744158 0.000265459543462 6.74161519943e-05 0.000164067513818 0.00098776236763 0.00062165834607 0.000116519948123 0.000845103992599 0.000178461364654 0.000272016404339 0.000939543486806 1.02270947225e-05 2.95636200817e-05 0.000442762898155 0.000989655955827 0.000143344278544 0.000278092834192 0.000126465200438 8.43969001121e-05 5.16592601581e-05 2.26994349139e-05 0.000977345314942 0.000783933207336 0.000416208222036 0.000915499440801 0.000653733074773 0.00105460572862 0.00152459373439 0.000480602457376 8.46111424294e-05 0.000115509592189 0.000618013137803 0.000227497051755 0.00149537948911 0.000101448973665 0.000160131462427 0.000162874924895 0.000956111030531 0.00021283307979 0.000291566144417 0.000394703451526 0.000315590340443 4.28034676914e-06 0.000491720086467 1.02652000658e-05 0.000294566635568 7.91420321621e-06 0.000160862466927 0.000260967961666 0.000267504399458 0.000436047223514 0.000705179002442 0.00044278919802 0.000113280547269 0.000242896422299 7.05756185234e-05 0.000136055461299 0.000158087148375 6.57480651938e-05 2.94948256063e-05 2.4371151798e-05 0.00020147612077 0.000327050460057 0.000332341044416 0.000284485561357 0.000239182079719 0.000559102121248 0.000405223755541 2.21855692174e-05 2.68475209897e-05 0.000719537446628 0.000468135287633 0.000453233380984 0.000646655146339 0.000306890326838 0.00072429951104 0.000769982431663 1.76605788078e-05 7.95490334841e-05 0.00023631511741 0.000281712399673 0.000493914407925 0.000647227406236 0.000368693356802 0.000978354992942 0.000165736652973 0.000372059236336 0.000654083131992 0.000610075262053 2.60174131093e-05 0.000561367778065 0.000968041481185 0.000294649380328 1.41744937608e-05 3.05005891985e-05 6.09579789694e-06 3.48337245071e-05 0.000204116685064 0.000336759325826 8.02756559531e-05 2.90616355265e-06 0.000309613286004 7.7785363102e-05 0.000300211696408 7.95268905097e-05 0.000399924605093 0.000551250935694 0.000159152661085 0.000424211795033 0.000133206663423 0.000627672589779 0.000460997945669 0.000463111175282 1.06229029752e-05 0.000390612683267 0.000377211614492 0.000112116616939 1.95822841917e-05 0.000628419705273 0.000409578110157 0.000592544138621 0.000306297352635 0.00018193418635 0.00104816087125 0.000615342300711 0.000154924863592 0.000543317369425 5.88761411994e-05 0.000898604584893 5.98431668562e-05 0.000678048880222 0.000578939329392 0.000912555592907 0.000333640391959 0.000417867236463 5.7712336401e-05 0.000513311254055 0.000372850763657 0.000272026152163 0.000478190136271 9.49405916736e-05 0.000449152801181 0.00039517220019 0.000142822273624 0.000784216113963 0.000914084774241 0.000509702025661 0.000876605651108 0.000179104797418 0.00093821232643 0.000301252799152 0.000262151189547 0.000177919592034 0.000149991815967 0.000244076414866 0.000135409401996 0.000196353466682 0.000923940437478 0.00022393002398 0.000280649584407 0.000212798148733 0.000478940273267 0.000207690638641 0.000189314306791 0.000365910379187 0.000350635932037 0.000234964535305 0.000158981650887 0.00052127199888 0.000254388373004 0.000849881628597 0.000166632714264 0.000204064080832 0.000215353359459 0.000196575674342 0.000541900472099 0.000806233653457 0.000259918702545 0.000427214291297 0.00044737165337 0.000470308955006 0.000383070267241 0.000297166389297 0.000147842547567 7.48293134982e-05 0.000131794577871 0.000191174411771 0.000272887699191 0.000187403753473 0.000366623359391 0.000430917103984 0.000428474068434 0.000803520547726 0.000478355907322 0.000541871061502 9.44693534678e-05 0.000754244320905 0.000554550754319 0.000547523587872 8.00042903696e-05 0.000280983600148 0.000261888324004 0.000435417527101 2.65404838063e-05 0.000420012631497 4.51705807633e-06 0.000485397208179 0.000791286047736 0.00117773319547 0.000794504940359 1.40151385132e-05 0.000791419745622 0.000667803734874 0.000496556452748 8.9280136755e-05 4.90229505407e-06 5.23771540738e-05 0.000436367053734 0.000452477471806 7.95789790623e-05 0.000169537077839 0.000637085583478 0.000965262368665 0.00019246116532 0.000253541963389 0.00131026813958 0.00013779283203 1.9578822481e-05 6.82249329272e-06 0.000419831310105 0.000588836436306 0.000466995159204 0.000125185001557 0.000849431352441 9.45728497652e-05 0.000695657630542 7.60073432754e-05 1.27102417995e-05 0.000194493107315 9.40858184377e-06 0.00153239667035 0.000568038415084 0.000644002728717 0.000408789062682 0.000249628116278 0.000273042625111 0.00160372452314 0.000443483804954 0.000736530165175 0.000740658192131 0.000772916462516 0.000735017477609 0.000802142498341 1.05175978782e-06 0.000192811113836 0.00101106970472 0.00064598328665 0.000333786744969 0.000918245790002 0.000783651466818 0.000620304528013 0.000112888552002 0.000230107973951 0.000751722920751 0.00058085423982 0.000787109077825 0.000630328738989 0.000359858320117 0.000400649636415 8.68877836675e-05 0.000123490198566 0.000293157475162 6.28272485411e-05 0.000269804957635 0.00015671604087 0.000691904724848 3.20691364955e-05 0.000191639585693 0.000269252391181 0.000530483718005 0.000392013544966 0.00102737860373 0.000804429051897 0.000103857030987 0.000244838638214 0.000241787806889 0.000433774304782 0.000911761471973 0.000153464899717 0.000640248419709 0.000688693725254 0.00155604486841 0.000873675902867 0.000413398733245 4.38589713811e-05 0.000490273507871 0.000254061621939 3.15993704949e-05 0.000155473265483 0.000853466379218 0.000410921573824 0.00069555301958 0.000337401831221 0.000110931340244 0.000103816215885 6.47608982551e-05 0.000355449978849 3.41036126864e-05 0.000890359531672 0.000366651932539 0.000610127395044 0.000784985502274 0.000328162380405 0.000196034874361 0.000188190127581 0.00012186846749 0.000104529260009 0.000790904933427 0.000275557368389 2.09149839791e-05 0.000609262390251 0.00145122345385 0.00047979959934 0.000473889344191 0.000120569600908 0.000101303432661 2.93627827203e-05 1.46905300429e-05 0.000452011400224 6.77251700039e-05 0.000151715120817 0.0002682346005 0.000237070323919 0.00022991593033 8.2448404552e-05 4.92865696426e-05 0.00053307360125 8.5065048474e-05 0.000437448077596 0.000166812015844 0.000308634670661 0.000361930724397 0.000800909779594 0.000525105362025 0.000777140308421 0.000695180038556 0.000459311002683 0.000585561777445 0.00016877532795 2.30990186432e-05 0.000818664570117 0.000389098545181 0.000871796658863 2.75414980847e-05 0.000623013808306 0.000386181002714 0.000134338953815 1.621701531e-05 0.000259422086865 0.000510211619623 8.14596212932e-06 0.000903414522851 0.000231073852915 0.000349163905374 0.000626449678671 0.000159135119275 1.78998153567e-05 0.000656761011802 0.000905610118334 0.000559483271647 0.000764831759905 0.00063294811987 0.000232184822042 5.18452995974e-05 2.46452763175e-05 1.34083234598e-05 0.000547092577396 0.000809036125733 0.000655073318911 0.00031174478311 0.00120270358778 0.000486794002511 0.000431757789828 7.8435628955e-05 0.000328134878485 0.000394514927573 0.0012119230601 3.2339442534e-05 0.000156260399166 0.000226448323488 1.83985806136e-05 0.000113063903438 8.21371171401e-05 0.000385782765451 0.000418851207355 0.00025048214145 0.000264741580558 0.00022465854228 0.00166857065205 0.000153783661276 0.000880091535952 3.63262239197e-05 0.000854257072383 6.77361100037e-05 1.37580680112e-05 0.000371906910858 0.000125012492414 0.000520121073985 0.000661885122456 0.000257204132134 0.000499206874727 8.60659386081e-05 0.000431445139122 0.000363838049468 0.000102240782667 2.30612277512e-05 0.000190545401464 0.000303447322882 0.00126549775953 0.000944231300229 0.000635586531733 0.000649468749209 0.000389141866641 9.2031988094e-05 0.000271820044354 0.000574067650674 0.000438487674902 0.000685126340852 0.00104692065641 0.000518051306892 0.000284951910639 6.74538770839e-06 0.000462981834995 0.000406631387863 0.000610425862114 5.05253374546e-05 2.02213934398e-05 9.06174346466e-06 0.000876151608721 0.000782282250392 0.000292397196287 5.03584683235e-05 0.000433012850675 0.000484701940308 0.000781715615593 0.000727592929601 0.000686627431296 3.78588236523e-05 0.000258261551332 0.000161695224242 7.0965325964e-05 0.000385566049544 0.000180457660773 0.000287324734068 0.000741529560225 0.000215491667662 0.000403058447536 0.000309080621061 0.000594156797762 0.000725664393657 8.76438386232e-05 0.000515471729081 0.0001364524231 0.00020552061537 0.000290468036789 0.000220501255412 3.86922465347e-05 2.03691610103e-05 2.40778199955e-05 0.00026547645982 0.000191146317661 0.000922103550023 0.000873368144736 0.000587754093898 0.000341567346996 0.00110589805793 0.000432969477893 0.000377823837983 4.85187301155e-05 0.000473145421264 7.99941339548e-05 4.26650546409e-05 3.96516248698e-05 0.000617853673596 0.00101035816891 0.000654038220518 0.00108611323962 0.000490607167024 0.000792592381448 0.00050131586826 0.000941498865277 0.000103016421439 4.55261184095e-05 0.000758831495677 0.00133813827978 0.000547369998307 1.90145374273e-05 0.000802592443947 0.000498532647895 0.000693439751652 0.000270966166619 0.000664097628678 0.000674886719209 0.000102121126827 7.59730078709e-05 0.000952633529071 0.00117945581563 0.00022416891897 4.41941804249e-05 6.85596215749e-05 0.00034750356348 0.000582096687673 0.000896444859797 0.000317568866048 0.000442252742427 0.00110468529723 0.000573875667221 3.11924366011e-05 0.000541190812748 0.000919625744231 0.0012520621768 0.000228993057473 1.19460868718e-07 0.000580723328711 2.42432469772e-05 0.000235580840384 0.000187848310587 0.000748705932382 0.000184309731985 0.000361504323896 0.00061635104132 0.000587870526185 7.58155544645e-05 0.000498634453733 3.93482795564e-05 7.45703623195e-06 9.70808246862e-05 0.000716370942763 0.000409006433554 5.70264872107e-05 4.22485876155e-06 1.77116073236e-05 2.80567427909e-05 0.00028103249135 0.000440267572195 0.000603146648102 0.00118441800524 0.000792399784571 0.000813701342526 0.000663013747121 0.000464172969453 1.85995993601e-05 0.00080006086104 0.000122648113265 0.000106085462277 0.000132752977932 0.000106198877794 0.000158091316161 0.000120087893883 0.000122347073698 7.31221027586e-05 0.000425253712293 4.41162163648e-05 0.000506962673855 0.000284472715129 0.00106172573488 1.72531194539e-05 0.000907785926934 0.00101632579302 0.000496240004851 0.000984950813405 0.000644430298142 0.00134940221631 0.000136392990372 0.000254725736058 0.000363082287972 0.000351567832581 0.000459007794896 0.000735973359422 0.000328025261502 0.000669494565539 0.00121791272405 0.000744234477179 3.75919314246e-05 0.000482773416494 0.000372117638837 0.000147661861464 0.000360040555546 0.000628021601325 0.00041639963445 2.91037650683e-05 0.000225006678254 0.000349883079124 0.000500343016164 1.83510275828e-05 0.000199983032813 0.000516930260968 0.000525525962991 0.000547272514283 6.10292029706e-05 0.000470110125935 0.000285156114741 0.000498399129104 0.000426749597406 0.000229865322022 0.000218594370632 3.11888383791e-05 0.000214383320727 0.000167550523392 0.000225037116028 0.000582184230527 1.36683955135e-05 0.000248409821693 0.00144457316854 6.94718087689e-05 0.000634352314524 0.000296078001565 8.00126886231e-05 0.000161475005036 0.000329115342085 0.000204620863846 0.000165929428619 0.00108910838583 0.000502529037015 0.00107597925953 0.000868416310093 0.000361049948634 0.000562861337734 0.000640672529781 0.000445377967461 0.000731643421413 0.000285187619417 0.000828490259934 0.000356179083735 0.000483718666925 0.000134638244567 0.00116705049463 1.46525225566e-05 2.10985729589e-05 5.74375378981e-06 0.000426906299116 0.000292918124818 3.19730677164e-05 0.000417176216628 0.000296589020946 3.22713592972e-05 0.000506925678281 3.69913134018e-05 4.62110438979e-05 0.000542044734838 1.65767602033e-05 0.000511930891281 0.000283080817185 0.000319962353606 0.000540616128446 0.000345837583433 0.000689793354277 0.000399456373173 0.000389612750185 0.000602641817954 9.09383275127e-05 1.80471784594e-05 0.000193017168215 0.000740868921655 0.000903919329655 1.81637569599e-05 2.66490539248e-05 2.34413158814e-05 5.52416993098e-05 0.0011108312741 2.60059989205e-05 0.000148323509148 0.000208444315059 0.000275661819253 1.98147319697e-05 4.22577283984e-05 4.14334917106e-05 2.73095274446e-05 2.63794708934e-05 0.000225095807382 0.000105753165649 0.000102516117269 0.000513020227147 0.000321788264282 0.000274314554813 0.00069516326986 6.73255684972e-05 0.000263679229567 0.000173987535292 7.79257555376e-05 0.000183831878918 0.000201481062053 0.000261888691973 8.04271119394e-05 0.000132453910886 1.43228303821e-05 0.000354668790073 1.7698933854e-05 0.000294822384026 0.000107154722581 0.000258367722197 0.000297051154746 0.000508879308183 0.000568683263382 0.000170502518479 0.000375797303027 0.000789376000694 0.000832316179731 0.00023414649935 0.000216155505715 2.0602999841e-05 6.78348103437e-06 0.000508492320651 5.54662868901e-05 0.000902633952804 0.00085950391007 0.000270293401661 0.000551040253455 0.000613597510991 0.000235351610206 0.000438590993673 0.000218384339929 0.000195140137439 0.000159700758344 0.000179366706409 5.16082587742e-05 0.000548826109737 0.000956208826393 0.000776933528612 0.000308871703211 0.000339124020494 4.03430788896e-05 1.08943633213e-05 0.000260079977168 0.000126694285128 0.000837121660175 7.5761516792e-05 0.000499276295957 0.000171627492093 3.88074774129e-05 0.000391561302772 0.000598157365831 0.00061739734591 0.000369401241635 0.000835160543203 0.000101218241879 6.27757875968e-05 3.88184343379e-05 0.000342280511758 0.000724272067853 0.000511590139707 0.000504829020019 0.000823370588243 4.01518835921e-05 0.000295848277307 0.000507776119593 0.000160696729594 3.2941860215e-05 0.000762712188467 0.000725187510679 0.000787158305399 0.000308113267385 0.000113680168909 0.000132807441478 0.00025505149049 0.000297955760943 0.000691343146163 0.000277681688516 5.98921409158e-05 0.000353079219846 0.000590601386137 0.000348613632114 2.40530513307e-05 0.000721997244745 0.000490795912512 6.13564623337e-05 0.000311541622005 9.6349992962e-05 1.39832715754e-05 5.10062014031e-06 0.000102935961326 0.000229978882846 4.9701359292e-05 0.000108269947391 0.000273977794457 3.05510317303e-05 0.000223160052466 0.000141862625009 0.000317936459036 0.000345675859025 3.22296763226e-06 9.14565845346e-06 0.000274347654706 0.000228597926924 0.00125970969078 0.000320314546221 0.000165257475473 0.000632046567557 0.000650057949277 4.80899588105e-05 0.00048954652941 0.000149188486251 0.000406296023697 0.000839939542389 0.000224540392754 0.000267386328348 0.000126932088973 0.000212430634792 0.000823521852558 0.000106870463166 0.000461866937035 4.15901656965e-05 0.000133694531393 0.000375027069993 0.000342211307731 0.000945976856895 0.000162857391926 0.000767336913741 0.00036247929933 0.000656772427086 0.000268442715279 0.000459256678307 0.000635126164828 0.000922118602304 0.000128034828343 0.00121573450143 0.0015162581485 0.000497814766706 0.000748184376536 0.000576140167786 0.000626900138491 4.18657422862e-05 0.00081123929124 0.000579036766825 0.000105982195732 4.75334739824e-05 0.000697903584126 0.000316897371141 6.42135220213e-06 0.000406969818008 7.1840821155e-05 0.000359918521287 0.000475090525595 0.000447797908023 0.000499903111522 7.12526429503e-05 0.000724534026715 3.71538695124e-05 5.40916503734e-06 0.000533220710551 0.000161992473823 0.000160614122802 0.000107961586038 0.000223375947786 0.00042191002042 0.000567661380368 0.000223226386265 0.000143450955282 0.000526704108054 0.000340055648758 0.000170421541168 0.000874366032398 0.00126405708554 0.000422857400998 0.000485412933413 0.000865456367707 0.000491215986655 0.000754713138253 0.000404048540387 0.000105351163109 0.00089591089887 0.000581638001694 0.000545375253253 0.000558679205679 0.000309035050214 0.000428683756934 0.000559274576329 0.000402874410581 0.000206349434955 0.000197652306693 0.00025172631166 0.000406979550477 0.00113459474473 0.000586081104451 0.000207438377156 0.000719497192806 0.000194286127396 0.000149496284355 0.000119858714976 0.000431725777541 0.000271881455263 4.87860145065e-05 5.61357851368e-06 1.23176766703e-05 0.000737663698371 0.000162098611108 0.000449692463476 0.00116532287939 0.000541321241203 0.000116430640406 0.000772071225209 0.000104663187774 0.000349568506576 0.000308969900067 0.000121536388945 3.90747342132e-05 0.000185414301479 0.000166577934001 0.000691483319672 0.000385092110977 0.000388766882032 0.00084718709917 0.000170890203488 0.000835119722479 0.000899608805606 0.000867246082256 0.000611368006097 0.00057908243545 0.0007591843667 5.83786743638e-05 0.00037238778073 0.000562602495027 0.000303513482886 0.00108675328545 0.000279331052763 0.000651733989508 0.000507412029358 0.000973401007375 5.38080060978e-06 0.000306809246526 0.000340183495342 0.000279255529647 0.000146752185125 0.000194347966029 0.000259007098341 0.000599772979698 0.000926349985859 0.000621466184393 0.000446922887628 0.000354499662099 0.00060007744954 0.00032160237899 0.000437160501951 0.00030058701902 6.50470423266e-06 5.27351905969e-05 0.000455088452066 0.000375744041202 3.12050244725e-05 3.67947265574e-05 4.56991044375e-05 0.000752909473109 0.000176138008164 0.000814090792691 3.17843314299e-05 0.000189253514371 0.000455060407185 0.0010058673678 0.000155501781765 0.000853912820934 0.000162819475313 7.11618657564e-05 2.66626120744e-05 5.02726486277e-05 9.38632515402e-05 7.15505161612e-05 4.72279188089e-05 0.000977654609202 0.000199966513989 0.000824423515714 6.59817664724e-05 4.94268710835e-05 0.000725960890098 8.99147647949e-06 0.000490437608472 0.000347183161841 0.000322006165485 0.000230861615988 0.000252234221477 1.62731619598e-05 0.000630205634324 0.000843643792749 2.00580350008e-05 0.000550039818599 0.000591448462769 3.49939951124e-05 0.00024352330463 0.000181788975658 7.79332490357e-05 9.69704346474e-05 0.000201848799596 0.00111885631068 0.000608085271518 0.000757304826892 0.000909323245937 0.000703664938401 0.000431003093239 7.16914632131e-05 0.000108201886749 0.000301468555634 0.000576951817333 0.000791290829748 0.000420900014153 0.000268192337654 0.00135590019354 0.000184245185088 0.000508658721537 0.000862285283356 3.08236857891e-05 0.000871077055644 0.000133655369279 8.46097819187e-06 0.00010217271444 0.000130598994502 0.000244873845834 0.000139236932263 0.000151658093951 0.000175941289314 0.000153637057474 9.86570198448e-05 0.000370075849125 0.00086774514472 0.000369113263598 0.00085122009646 0.000124712748074 0.000850637364588 0.000412112777603 0.000767519969125 0.00018664703105 0.000754045269355 0.000356161971877 2.85255627928e-06 0.000599074173065 0.000519573814815 1.37437297155e-06 0.00064568892842 0.000438345917002 1.28521772312e-05 2.72688498792e-05 0.000293990021184 0.000266636943235 0.000195976183211 0.000316741374278 0.000393577074605 0.00010341519371 0.000343305870054 0.000160926964617 0.000332425163319 2.50034350822e-05 0.000410096486834 0.000260227786599 0.000376166637177 0.000206981179472 0.000314007569501 0.000290915971698 0.000172639200373 0.00032680398294 0.000453568139462 0.000190738450007 0.00157699296744 0.000454182462685 0.000381390514094 0.000140507856186 0.00033198754193 0.00017965703348 0.000501980515357 0.00012322564253 0.000450314460328 0.000445370218329 0.000116562683573 7.24523214853e-05 6.01331087178e-05 0.000218156581094 0.00115929875273 0.0010829167986 0.000570981424607 1.41364305047e-05 0.000540695806136 4.93438104685e-05 0.000150189936182 0.000432754133747 9.03865118338e-05 0.000564164771532 0.0001155488598 0.000655339839626 0.000407088399688 0.000331165364302 0.000244137238999 3.80398535573e-05 2.67401289128e-05 4.0457741797e-06 1.27964073197e-05 9.93380665755e-06 0.000731528581143 0.00028057772093 0.000581243836543 0.000462326578555 0.000256969303185 0.000138316244802 0.000113294990099 0.000525557455215 0.000441112196021 0.000495172259772 0.000424809481638 0.000577283331561 0.000512710981979 0.000209307684795 0.00039713432038 0.000231845082681 0.000212507325368 0.000212771110901 0.000329670246314 0.00016185840875 1.21840819395e-05 0.000380746262175 2.13282255922e-05 0.000369208060965 0.000452857297268 0.000159865016913 0.000564195461327 1.94745420023e-05 0.000300065457212 0.000155935351981 0.000299798501115 6.49645912437e-06 0.000804773079474 0.000851290152702 0.000904064850686 0.000264174869047 0.000398054789206 6.48231240365e-05 0.000168773823301 4.25885313044e-05 0.000521059387312 0.000742434524857 0.000406302520033 0.000215502700983 0.000537306905326 6.17895020265e-05 0.000239533680297 1.2765488633e-05 0.000258726282861 6.29703483554e-05 8.94863235319e-05 0.000277378863795 0.000371685290219 0.000400898706421 0.000546949874866 0.000700215850404 0.000126766961659 0.000110368066066 0.000287389768282 0.000226295769553 0.00078956772012 0.000728490338201 0.000447232342242 0.000204357863896 0.000315790396798 0.000661446900648 4.06584500712e-05 0.00039274092 0.000279984585573 0.000174286855669 0.000266054849935 0.000469924460033 0.000623794955292 0.000356817986568 7.49249714464e-05 0.000629161763403 0.000652039540373 0.000104335054516 0.000147154783365 9.35615564732e-05 0.0001956756687 0.000382806036264 0.000442364217305 0.000239874874546 0.000153479752752 0.000114082456963 0.000705902731464 0.000266920830994 0.000627372847357 0.000464833899247 3.52632045212e-05 0.000111523400915 0.000345850026855 0.000712474717415 0.000287486358543 0.00012682154441 0.000551741426962 5.5977921642e-05 4.08123183715e-05 2.07040243554e-05 0.000300366566116 0.000422793150654 0.000402687298316 0.000211483930307 0.000204133989244 0.000193381128543 0.000873866483663 0.000846937613107 2.89383790303e-05 0.000270351172171 0.00111654701372 3.00818666865e-05 0.00101713758399 0.000502906992519 0.00124322324208 0.000209451188396 0.000912555956641 0.000244983267486 0.00033156768497 0.000446731593718 0.000865048544807 0.000108728054166 0.000571577588649 0.000211054702369 0.000585723450331 0.000452621138074 0.000559691255823 0.000514637646983 0.000330721165468 0.000596427926394 0.000113700490098 0.000470792502603 0.000174200620261 0.000284616674176 0.000189630413185 0.000604469206614 0.000460331337937 0.000222670171952 0.000150575946589 0.000127793249792 0.000603486480683 0.000587178936947 0.000103808575092 0.000137389362318 0.000160007637864 0.000147735746545 0.000170340473036 0.000238274542605 0.000505287153184 0.000891487741143 0.000266228173942 0.000315891028311 0.000560062614022 0.000938361247471 0.000252626950198 0.000588664652261 0.000104699016981 0.000600646583321 0.000273159501858 0.000678155113839 0.000227101090134 0.000161087957873 0.000186437010681 0.000185411020562 2.27153004136e-05 0.000136736652176 0.000533613511814 5.36882608896e-05 7.98302141898e-05 7.93047982651e-05 2.80115521631e-05 0.000480968267023 0.000921971094932 0.000478145868498 1.62694182644e-05 0.000213470224724 0.00031881441686 1.2327746371e-05 0.00064308671692 0.00026801656072 0.000762741775274 7.33521575071e-05 0.000528331215475 0.000282492466647 0.000192050047215 0.000104554891869 0.000224530307401 0.00040664197542 0.000617620929354 7.28231119648e-05 0.000179098396719 0.000531408172504 0.000577953201284 0.00087524019652 0.000204871168482 0.000172963846844 0.000188276018395 6.27328929724e-05 0.00023180794052 0.000623390536488 0.000326640399885 0.000200583772197 0.000228854390591 0.00031092690192 0.000757126297484 0.000438284991987 0.000923386218642 0.000430696077525 0.000228037217691 0.000793394740536 0.000350188099898 0.000465989552224 0.00032878249028 0.000395675688249 1.68708812568e-05 0.000588579307625 9.72046444471e-05 0.000254604167968 0.000205055209136 0.00101278002044 0.00100730028332 3.76067142337e-05 6.57675775313e-05 0.000369363965484 0.000181696868412 0.000122088455442 0.000235318606956 7.23536440211e-05 7.46919727179e-05 3.37582716676e-05 0.000100023667037 0.000330757118394 0.000219285781286 0.000273033637642 8.51253852109e-05 0.000117533329223 2.00829361576e-05 5.50506597342e-05 0.000115233053082 0.000387869855978 0.000719725327604 0.000268206475264 0.000442145535686 0.000134510796855 0.000343370204311 0.000607234612642 0.000135391292738 0.000225880500656 0.000251357300811 0.000235354872046 0.000775872472968 0.000352539866295 0.000241251628919 0.000395712329601 8.72651418256e-05 0.00010685356176 0.000542380456069 0.000216443141815 0.000235104002077 0.000107560561269 0.000241384737484 5.00840737356e-05 7.66686777337e-05 9.31256155383e-06 0.000110029054881 0.000158748357821 0.000474621013274 8.78725017476e-05 0.000469233956174 0.00061707541614 0.000193230674915 0.000129233655697 0.000374553837799 0.000180827878714 0.000983569116016 0.000858479726277 0.000477031793401 0.00039986309215 0.000123617772261 0.000198073536275 0.000436917524635 0.00042234787344 0.000620271917537 0.000572197944834 1.90539243582e-05 0.00035454561912 0.000497764686524 0.000300941563941 0.000518741244668 0.000397675262346 0.000240436890376 0.000196229677749 1.89437218774e-05 0.000298309186652 0.000439719187823 0.000117469862666 0.000122598399808 0.000316776333527 0.000412875858752 0.000281175800499 0.000228017239527 0.000689166108742 0.000857956140899 0.000241370414715 0.000423524107677 0.000108271643442 0.00014153489435 0.000175126718991 0.000110067795508 0.000374300834572 0.00017289109693 0.000167393631828 6.61010317546e-05 0.00017521598489 6.04395794073e-05 0.00130135998002 0.00119571272293 0.00101441164474 0.000188187778311 0.000591088071042 0.000604326889364 0.000203658381975 0.000103872019979 0.000653426336168 0.000466939108212 0.000675861458385 0.000692884970896 0.000257301265752 0.00132239562313 0.000406872971398 0.00101333520335 0.000415684230157 0.000403818176375 0.000105286776358 0.000350243070165 3.13387074112e-05 4.29037547923e-05 3.97853373219e-05 4.90931151524e-06 0.000308019164719 9.88841009233e-05 0.000553119869119 0.000154698815116 0.000403204320042 0.000163276440821 6.76209188573e-05 0.000312183765208 0.000311785498514 0.00026902643809 0.000206155163593 4.93663469284e-05 0.000168858330376 0.000126824403288 7.52487089108e-05 0.000123279878333 1.50170121594e-05 0.000404127510321 0.000190444955611 0.000411771779147 9.27896092637e-05 0.000131323491558 0.000170587125755 0.000291175626135 2.38388135076e-05 0.000375644781404 0.000193712566098 0.000246079716592 0.000337174710902 0.000116976686143 0.000531344808815 0.000411337043742 0.000227878925253 0.000176150537943 0.00058848112979 0.000197878284484 0.000389203626008 0.000391287914557 0.000463712127195 0.000228869883312 2.0077147248e-05 2.69169345113e-05 0.000251795618908 0.000367070409846 0.000186529948812 0.000114755490802 0.00046447385756 6.84066285084e-05 0.000417607425129 7.1772790876e-05 0.000190519458964 0.000340854527057 0.000454474683231 0.000191689107197 0.000433714923601 0.000262750511927 0.000395320239304 0.000636041645549 0.000411887512109 0.000202487339016 0.000489488341634 0.000360008633518 3.34639970877e-05 9.33884808326e-05 0.000358251829993 0.000137772364104 0.00029435715241 0.000171306042831 0.000184579181211 0.000115376968465 0.000107592276538 0.000103141194823 2.28578987773e-05 0.000192788003852 0.000378813357663 0.000118070084523 0.000932498194603 0.00091886135591 0.000289294915608 8.21994896932e-05 2.61746712587e-05 0.000255540987956 6.17683998316e-06 0.000269923995842 1.8407784724e-05 0.000251912940447 0.000392009087974 0.000693232072989 0.000647392351183 0.000155061388536 0.000145964015251 0.000466748812262 0.000863572483395 0.000108024387825 0.000698701433539 0.000413091722217 0.000152794373983 0.000121229266291 7.44671760233e-05 0.000320709172675 9.80828008973e-05 0.000286969113342 2.92602340423e-05 9.58241888334e-05 0.000983210669917 0.000499207563853 0.000652460730232 2.92538655988e-05 0.000125260759353 0.000299501943656 9.98975994753e-05 7.45809955455e-05 9.8398957291e-05 0.000124338976096 0.000156117183437 0.000142484634393 0.000206718718939 3.40561236055e-05 0.000211399987221 0.000485890897404 0.00075516434838 0.000270366069992 0.00047693236398 7.47418729589e-05 0.000701468868497 0.000230856134263 0.000456283724376 2.13208906339e-06 0.000412279809645 0.00016078731831 0.000606554942405 0.0001707957665 0.000150724466076 6.87684004211e-05 0.000209803087584 1.65911917881e-06 0.000230659722779 9.26094980354e-06 0.000129574031611 5.57410313669e-05 0.000233867675468 0.000129804229585 0.000125184563802 1.04531601077e-05 1.86526318657e-05 0.000120833999342 7.33955103609e-05 6.77685893062e-05 5.04391705685e-06 0.000238838035102 4.81800729865e-05 0.000205822587191 0.000213156583594 5.94295323577e-05 7.05386055555e-05 0.000468070385257 0.000213823244117 0.000335197781444 0.000101871012414 0.000208248990691 5.57951687981e-05 0.000458467860515 0.00031837567643 0.000504566602312 0.00074683324038 7.85283541249e-06 0.000806937535042 0.00064399652243 0.000181049078283 0.000669406954775 0.000409076021839 0.000637548427571 1.04246578905e-06 0.00145123645631 8.94458774668e-05 0.000455921182669 0.000382199225798 1.903219744e-05 0.000168780245055 0.00024902232033 6.15021031375e-06 0.00018153321156 0.000101689315951 3.78643476638e-05 0.000110530850803 0.000115437714409 0.000307846270222 0.000322102603328 0.00073621801406 0.000466609203756 0.000217340223287 0.000256531583249 8.68388538387e-05 0.000127802993237 5.05206280075e-05 0.000212573037297 6.69496759281e-05 0.000351795798604 0.000571097306677 0.000446846042861 0.000369665832386 0.000324669122305 0.0004321304133 6.4721731467e-05 3.66986606068e-05 0.000179987727459 0.000158554981903 0.000160161110291 8.68298703075e-05 0.0004877056671 8.63825838579e-05 0.000174054674379 0.000139193223102 5.40129321345e-06 0.000560598478642 8.46722303889e-05 0.000631147733526 0.000271082493246 7.65838650545e-05 0.000415130468129 0.000373429665422 0.000110453409845 0.000664739595855 0.000311132553905 0.000126160038319 0.000567079213125 0.000158438301985 0.000744642213536 0.000441034064154 5.3637916279e-05 0.000186047790326 0.000168310260897 0.000243889479478 0.000493746030286 0.000482800017164 0.000165894311528 0.000474846481657 0.000186828481286 0.00033450890213 5.2871635938e-05 0.000142092878211 0.000775960623498 0.000178481578773 0.00012951817084 0.000915495259583 0.000393137530273 0.000776892598335 0.000611309248974 0.000561938591626 0.00012897702097 0.000191071154155 0.000516337650063 0.000407536435679 0.000881235629633 0.00086030981872 2.84230325727e-05 0.000155792105909 0.00034498069694 6.54827641768e-05 0.000244437740101 0.000273381100855 0.000104624179859 0.000627979782609 0.000494832025685 0.00029741237217 8.53452430755e-05 0.000306563794876 0.00086166471735 6.08894053372e-05 8.03512433651e-05 0.000230196414946 0.000791800368164 0.000186833294871 0.000219888360531 0.000432533529913 0.000935041032508 2.38987425123e-05 0.000746861822477 2.56679685533e-05 0.000405657282989 0.000603771391823 0.000139276535941 0.00018100250242 9.07361729721e-05 0.000391164332927 0.000146935712004 0.000336563788101 0.000182097694061 0.000184958043212 0.00019869844406 4.88121286984e-05 2.20254862289e-05 0.000400526984398 0.000581600481172 4.78824559736e-05 0.000314779336181 4.20772443478e-05 1.83699347188e-05 0.000263929754541 0.000525804994117 7.0581653784e-05 3.10940854978e-05 0.000282599152261 0.000389879885533 0.000130354693796 0.0002568300197 0.000474659381599 0.000743721992917 0.000615185866959 0.000172644544024 0.000218994929691 0.00021295404763 0.000148815690119 0.000225595183713 0.000304032998211 5.87491628929e-05 0.000462000897381 0.000562080991754 2.95201561896e-05 0.000208598467702 0.000741485890678 0.000630416301144 0.000188549746389 0.000450042181987 0.000145861218526 0.000701975393509 0.000486973272276 0.000329327408494 9.5421926109e-05 0.000328626232295 0.000213328368604 0.000128212833444 0.000374560284098 6.74130259059e-12 9.97914874892e-05 2.00529844489e-05 0.000135609809827 0.000188245443196 0.000115326795007 8.49047259595e-05 0.000472098495341 2.63944779682e-06 0.000190693343133 0.000217878828103 0.000336318063576 1.51415647665e-05 0.000419515192451 0.000109512976483 0.000107057330315 0.000147238672668 0.000287390971906 0.000247524140965 0.000252103845748 0.000116428173732 0.000182152384558 5.44087756877e-05 0.000937068654576 0.000233115334496 0.00020945890552 2.62624879432e-05 9.54681786229e-06 0.000717150894561 0.000366608898701 0.000225396462398 0.000177176998968 0.000347480992571 0.000745919761976 0.000613948365092 0.000240796443444 8.9127955772e-05 0.000462976104938 3.78492535796e-07 0.000623144219765 4.89411525761e-06 0.000160107753796 4.11053446127e-05 9.47922753918e-05 4.59150137103e-05 5.86492326472e-05 0.00012101273056 8.48479490769e-05 0.000254541592908 0.000383811627127 1.31951192724e-05 0.000228089476007 0.000232999540625 0.000417156959347 1.08000699696e-06 0.000150724778326 0.000239969846495 9.45980285663e-05 0.000331797594579 0.000888216822872 9.14883492094e-05 0.000336059827942 2.2566110084e-05 0.000784371750597 5.03056046731e-05 6.0766442875e-05 0.000662419152727 6.47041658442e-05 0.00040022160295 4.09301428959e-05 6.75744919966e-06 0.000625745914229 1.70419582576e-05 4.129839768e-05 6.73836063577e-05 2.35768078253e-05 0.000260352058106 0.000262173674316 0.000101695328932 0.000118745429896 5.68101757232e-05 6.6433634652e-05 0.000157139935003 0.00012410828659 0.000120125275917 6.65857641557e-05 0.00013317543648 0.000199353766373 0.000244858515665 5.19330434164e-05 0.000100329923547 0.000351986750975 0.000218995244897 4.05190031638e-05 0.000228861309551 0.000287377794751 0.000116530525976 0.000193045498979 4.33898251074e-05 7.63395128864e-05 0.000412584109262 0.000417514025515 0.000224330035635 3.55639908894e-05 0.000123516596096 3.89992527323e-05 0.000403360750146 9.02913576924e-05 0.000290347478872 0.000106384312402 0.000274950307674 0.000123349322032 0.000248255107203 0.000221241924111 0.000188117529706 0.000255033718116 0.000125257613551 0.000144701818544 0.000179361544922 9.69952693193e-05 5.77827119616e-05 4.55422530032e-05 3.23272310175e-05 7.09122480711e-05 4.643744439e-05 0.000121810746238 0.00012215192433 7.12653023191e-05 0.00056776983206 0.000491921506867 6.4747373065e-05 9.78274919955e-05 0.000331371465194 0.000514761568974 6.06580668271e-05 6.72104998841e-05 0.000232591171969 7.16161371225e-05 0.000365646589801 9.34887538957e-05 0.000302981276168 0.00022311807216 0.000250681592549 3.31950312892e-05 5.1202678297e-05 0.000104561561209 0.000170431840033 0.000323946817346 0.000159601346022 0.000271014879625 0.000152830774114 0.00019814142403 9.92852492433e-05 0.000356405340026 0.000316233349211 6.30804878622e-05 0.000165002506244 0.000258176699953 6.23961321197e-05 0.000157194857821 0.00044167079835 0.000226290853152 0.000435898680878 8.64271665343e-05 0.000277621156417 0.000140864088455 0.000128047418031 4.19164170776e-05 0.000418615610882 0.00013792096404 3.54484889274e-05 0.000276202544694 0.000262830555517 0.000128854593809 0.000478969366752 0.000309447876093 0.000281707421763 0.000714646117382 0.000134137834034 0.000114495834753 5.44111486261e-05 5.66252297887e-05 0.000675314211317 0.00051702229356 0.000495216036199 0.000309027351603 0.000384243640883 8.49137780464e-06 5.36029665468e-05 4.91484214032e-05 0.000549645621082 0.000699069725569 0.000172548673894 0.000432105687676 0.000252830556593 0.000581451726782 0.000293816934566 0.000535475200877 0.000328175533631 0.000539622736228 0.000292487956624 0.000143458220933 0.000297659200504 0.000255792084879 0.000116402775233 0.000211760853591 0.000441467460738 5.23237206736e-05 7.24898616836e-05 0.000270978116849 0.000304092830743 7.14609439434e-05 9.32891074476e-05 0.000320095916878 0.00043443215736 4.10969493383e-06 0.000334234740901 0.000239906012603 0.00011338979592 0.000583307057853 0.000371884594603 1.37951290076e-05 1.67926178753e-05 0.000115029653343 0.000129242615948 0.000218721198594 0.000342059795847 0.000163728602504 2.67002435304e-05 0.000138397610694 3.4469194454e-05 0.000154817991739 1.40100611851e-05 4.89210726995e-05 0.000102214704117 1.84628412075e-05 0.00014896249341 0.000124272687904 3.06345843649e-05 5.9486684945e-05 3.44830702169e-05 1.85878680853e-05 3.45829933176e-05 2.92667073383e-05 6.81136534553e-05 0.00022053750538 0.000406442757663 0.00013355384385 0.000223458532341 0.000275353199732 0.000110642525578 9.84199761771e-05 0.000115905132379 7.47803690852e-05 0.000224711209215 0.000214001989952 0.000190638160472 0.000146878831684 6.23647250525e-05 7.93804661971e-05 0.000138913037189 1.88137155934e-05 0.000443273327602 0.000128930946453 7.22828300301e-05 0.000136404678976 0.00022697942588 3.16440673437e-05 0.000407147643518 0.000260507036117 8.5963527832e-06 4.47331798204e-05 7.37273712989e-05 5.59536694198e-05 8.27618568821e-05 4.6337555587e-05 0.000396710699054 0.000514693841236 1.31065152011e-05 0.000169498138713 0.000164955923564 0.000449917949624 0.000257869989392 5.55637465311e-05 0.000163035934217 0.00012821403773 5.91100348886e-05 0.00013364545479 0.000226288016628 0.000163837227622 8.33353474549e-05 0.000167365504304 3.68417131136e-05 0.000411903938815 0.000173293113887 0.000387813035202 0.000195628447721 0.000163333657892 0.000140674037522 0.000100883399511 0.00015489642152 0.000327179897361 0.00011206867553 3.26329531212e-05 3.49900632989e-05 1.14644611328e-05 4.50206512839e-06 0.000491509833603 0.000421622088572 6.96671713769e-05 0.00016836007671 0.000142672732057 5.73702568107e-05 0.000198364597457 3.29428166747e-05 0.000152405882535 0.000279454427988 0.000120534413897 7.18886596585e-05 9.438228059e-05 9.64093244059e-05 3.96223029305e-06 0.000306348509561 2.65391389883e-05 7.75897895895e-05 9.21316886785e-05 0.000254031361207 0.000160668701214 0.000133072606015 1.99664341859e-05 3.01011623406e-05 3.00756172839e-06 0.000106545553273 0.000108113598099 0.000316916864003 0.000272252676243 4.59187063866e-05 0.000371359517594 3.22235910024e-05 8.65333946457e-05 2.21774041507e-05 4.4390059312e-05 3.82847413334e-06 0.000271154488691 0.000347672550356 0.000233901414508 0.00018732256715 0.000448196864358 0.000259247173149 0.000139551360174 5.53765336495e-05 4.10708605726e-05 2.99250699775e-05 0.000493391962465 0.000113812308694 0.000379280927686 2.15323949083e-05 0.000355398922385 0.000123199572965 0.000107843919719 5.26919538191e-05 0.000157081847568 0.000422670483097 6.07369099696e-05 0.000142784654726 3.23748493228e-05 0.000152944507378 0.000119070370114 0.000215641069825 7.90387486944e-05 0.000256936390899 0.000251079585913 0.000305320154974 9.18964046142e-05 0.000105264447457 0.000243831879605 0.000141451270533 0.000363932530475 0.000129697182096 0.000198586255405 0.000213839826927 4.2537029837e-05 0.000219491319886 5.52670308547e-05 0.000139409334558 0.000138055607158 0.000167551255285 0.000123471252534 0.000295018728329 0.000123714039474 2.44434793936e-05 0.000191254689989 0.000178978846241 5.45535557702e-05 0.000189694228626 0.000160110197071 0.00012911797987 0.000235892189538 2.08637462911e-05 0.000620506209708 4.60647823975e-05 2.40794201449e-05 0.000205081279582 0.000172405086067 7.95513003924e-05 0.000297624818973 5.01620188246e-05 3.5588861726e-05 0.000271915550504 0.000111537404022 0.000104566730037 0.000190665589395 0.000123957370377 6.88425629573e-05 3.37479927474e-05 5.32576727786e-05 0.000114587582063 5.67470499909e-05 0.00014507746336 0.000114687656027 0.000284247903176 0.000115415748947 0.000217775054835 8.35436076283e-05 2.27762913288e-05 0.000384721437388 9.04818761306e-05 0.000323850563257 0.000424414972943 0.000501268623517 0.000378123944442 0.000303501512022 9.31190549938e-05 0.000362661118174 0.000198335019345 0.000364731447211 5.79159666133e-05 7.53486481129e-05 0.00023571462981 0.000812208110018 0.00030313208985 0.000148294445083 3.88570353458e-05 0.000238909412715 9.11833164618e-05 1.6672990858e-05 2.21320507426e-05 0.000111525783871 0.000281766651132 0.000218065469952 0.00013754393307 4.80769919454e-05 0.000102155384015 0.000169904088357 0.000210207906453 8.14851191534e-05 0.000168922920079 4.23155955312e-05 8.54667876202e-05 0.000175240605577 3.8863891952e-05 1.77312806689e-05 0.000184340055736 0.0001621421961 0.000121266696253 0.00023114492031 0.000185665960091 6.74848199062e-05 4.28248192578e-05 1.0447087303e-05 3.29844798154e-05 3.75084973598e-05 3.46938533742e-05 2.96366250899e-05 9.1026459235e-05 8.78388102998e-05 3.7604420913e-05 2.02784567167e-05 0.000115509227147 0.000100157746571 2.90736970147e-05 2.22197435898e-05 0.000109233469834 5.77484791893e-05 3.68065798171e-05 0.000229444718201 0.00015528113517 7.48188257308e-05 4.95771257851e-05 0.000116178815833 5.93225939648e-05 0.000104895269327 0.000235688727194 0.000332192043083 0.000100430567741 0.000136047747326 0.000189686823488 7.62787363037e-05 9.01336541654e-05 3.37709687486e-05 0.000114803209383 0.000117252188053 8.83550536957e-05 9.51631517524e-05 4.82883115686e-05 4.53305509724e-05 6.2448556353e-05 6.18904996159e-05 0.000164761498232 0.000151143006014 0.000157102434564 8.32866479381e-05 3.99084475473e-05 0.000144499994842 0.000113952800351 0.000340873283293 3.82871813397e-05 1.41481196548e-05 8.91982554429e-06 8.11299752133e-05 3.55842138739e-05 8.76449655715e-05 4.03879903309e-05 4.83688336726e-05 8.20807642051e-05 8.32610744753e-05 6.03876796549e-06 0.000130208566119 0.000319051017398 4.58878477962e-05 0.000100450182622 4.81225176133e-05 0.000280631136286 0.000212044827931 1.1096833705e-05 8.8613745781e-05 0.000168290955043 9.79615311797e-06 6.87204255198e-05 7.97988277557e-05 0.000296687790189 6.80345252468e-05 6.75024420629e-05 0.000312162643013 0.000266378449955 0.000114773304736 0.00010564976103 6.11471436375e-05 9.06063830037e-05 0.000111058548189 0.000235469375862 7.42145978665e-05 6.92411904753e-05 7.6768611305e-05 0.000248118585041 5.02663952785e-05 7.2009315521e-05 0.000255355365301 0.000183189852206 5.97997090977e-05 0.000136461140065 0.000307064571683 6.55805184062e-05 2.70735703668e-05 0.000267967492736 0.000205150226694 1.92983609329e-05 4.72300342931e-05 6.91556419232e-05 8.26320454408e-05 4.72620864284e-05 0.000146292458269 3.58418804863e-05 7.7032645089e-05 0.000141289916717 0.000228911711102 0.000149413033076 0.000336029473781 0.000175052725861 1.83504368656e-05 0.000173603895197 5.46389484717e-05 0.000127421886394 1.64848270229e-05 2.9381312768e-05 0.00012551814077 4.67840887588e-05 0.000107051452105 8.86524342222e-05 0.000509120854208 0.000566189013887 0.000261709163567 1.40287437163e-05 0.00013758718953 5.15675751897e-05 9.45875798877e-05 5.00385627332e-05 0.000322594593738 1.94159173421e-05 0.000205473040796 7.72346864579e-05 9.16133117359e-05 3.09807585849e-05 4.11527597141e-05 5.15810640411e-05 2.30284812697e-05 1.70418221783e-05 7.73322311855e-05 6.5421874789e-05 7.45161932225e-05 0.000123094524568 1.40785897591e-06 4.19249165207e-05 2.63044656223e-05 2.4947885323e-05 5.59073446133e-05 1.29832359444e-05 0.000141937416322 0.000473502629289 0.000114565635719 0.000114365022807 3.13685051307e-05 3.02769109774e-05 1.35304001013e-05 7.83840173592e-05 0.000104394654921 7.23658430579e-05 8.59261404348e-05 8.94078732345e-05 4.20263591528e-05 0.000283694517827 3.562882511e-05 0.000138144070764 0.000103503848251 1.95621109938e-05 0.000116887348217 3.64042436766e-05 5.9835194678e-05 7.99911008934e-05 0.000155833143587 0.000103524077518 8.48594978538e-05 0.000140470099785 0.000175656266679 0.000102650004021 0.000233322237245 3.65492086153e-05 8.27620704326e-05 4.75036318909e-05 2.27319189298e-05 0.00012777691849 0.000158748916033 3.69744524378e-05 5.07125401177e-05 5.89495594448e-05 2.33139134937e-05 0.000118774892547 2.79205462258e-05 7.68779881885e-05 8.94854176193e-06 0.000422035650617 0.00015573107571 0.000195481684521 0.000135165343822 0.000228050311831 0.000212927374571 0.000128895537196 9.06652363089e-05 0.000190049978348 0.0001868440457 0.000249059961381 8.83309707027e-05 3.47194693517e-05 8.62580043654e-05 3.96480937037e-05 6.52412823401e-05 3.72143379417e-05 0.00010185951484 1.93161209164e-05 1.95744783912e-05 2.59667718751e-05 0.000109003171951 2.29786241665e-05 0.000161934209165 8.84159308486e-05 3.22055949316e-05 5.53093351484e-05 1.98565362979e-06 0.000127153386167 5.79278344934e-05 2.78396852782e-05 1.59925063701e-05 0.000122544719741 0.000103869859438 4.31454520074e-05 2.97042877499e-05 3.01099816951e-05 5.12373684898e-05 1.43811415674e-05 2.4177087169e-05 9.73706495388e-05 0.000235602618922 4.56319151775e-06 2.76963611527e-05 8.90996452862e-05 6.10442430042e-05 6.18665995039e-06 1.71427665308e-05 3.86266214595e-05 7.83600133426e-05 5.29731402408e-05 3.38389564706e-05 2.80337126935e-05 2.14462090129e-05 6.6191870962e-05 8.14708724844e-05 8.60045855529e-05 7.75044893075e-06 5.60463444149e-05 5.50152844441e-05 6.35630181945e-05 6.12874771101e-05 7.39150039512e-06 2.87468780729e-05 9.01908599589e-05 4.19840183893e-05 5.48158888696e-05 0.000173102282608 0.000127754298241 7.00747002584e-05 7.18724329957e-05 0.000135508746743 7.77464579887e-05 3.45501487065e-05 4.90569113118e-05 9.40723967748e-05 2.94896010538e-05 9.6037850304e-06 6.41347694521e-05 0.000141663582233 2.69135378441e-05 5.66187460347e-05 3.6766641303e-05 6.70680064205e-05 0.00015365685447 3.13113243227e-05 0.000129896048366 7.92261303483e-05 0.000327329243317 0.000175154171139 0.00010150578414 6.98790676644e-05 0.000101662437604 0.000189512526965 0.000168146786131 7.09011650302e-05 9.52691342417e-05 5.34253408028e-05 6.58610970182e-06 5.29530551598e-06 2.12702416161e-05 5.93835954458e-05 2.30346721541e-05 4.89057114389e-05 2.85891481171e-05 0.000158599739004 6.78892909887e-05 0.000136287925095 4.43046056155e-05 6.97517631073e-05 6.00753922911e-05 2.83402443727e-06 8.15623561122e-05 1.76615005017e-05 1.66416997004e-05 1.31063426154e-05 7.43732528099e-05 5.75689108187e-05 3.06883445123e-05 1.12760566479e-05 0.000345088201828 0.000136958606729 1.15256938756e-05 0.000137092103504 0.000124935255948 4.80161729294e-05 8.64608302483e-05 0.000103793763815 8.76417612868e-05 0.000142927074005 3.34301981822e-05 8.15265833192e-05 9.77652876461e-05 3.39555910962e-05 0.0001176808727 0.000141454467433 8.21285287321e-05 3.52318886617e-05 0.000103863738692 1.97553354273e-05 0.000141122635596 0.000119446037269 2.16497739564e-05 0.000146343384022 0.000244163562227 0.000175336416775 5.75653790305e-05 5.38073866077e-05 7.41922062814e-05 3.76177191727e-05 0.000143238589427 3.90529051626e-06 1.35562188692e-05 0.000209246097202 0.000200545264285 4.46758893962e-05 0.000316755196663 0.000129165721092 0.000153562604532 1.63539115899e-05 0.000133974467682 0.000114085951727 1.50145596468e-05 0.000307446790557 4.71604327635e-05 0.00027043072114 6.12893615826e-05 2.7683024513e-05 0.000168308008258 8.38230797869e-05 6.29438635498e-05 0.000291319148434 0.000197800155484 0.000102032979821 0.000184005700752 4.617619933e-07 2.99396481835e-05 6.13017745564e-05 7.19315446999e-05 3.15698376196e-05 3.61405615105e-05 6.72399561685e-05 4.12584628008e-05 1.33073477836e-05 7.06724065373e-05 1.55626296402e-05 0.000238925293524 4.58680681093e-05 1.04700037498e-05 7.34753217685e-06 3.57100173118e-05 2.40927457997e-05 8.037897164e-07 2.18633676508e-05 0.000100767737678 3.47430049814e-05 5.27364984901e-05 7.02643655016e-05 8.36189621071e-06 0.000116702716687 0.000170859361689 0.000104918359639 0.000340367366916 5.1617539947e-05 0.000175049625309 9.52327200027e-05 9.93723302671e-05 5.48607953888e-05 0.000157375912744 0.000112229827663 9.20516389742e-05 5.42810669848e-05 9.45169753345e-05 4.88548491354e-05 6.65657706591e-05 0.000171272089325 0.000160216341318 4.02740277341e-05 3.32750289265e-05 2.18280386582e-05 0.000102894077459 9.91427824094e-05 8.78646124016e-05 7.16196897144e-05 3.91310193851e-05 0.000210461475335 0.000379440119196 2.94873619772e-05 8.22182262793e-05 0.000108507349013 2.62253547565e-05 3.19836504214e-05 2.06327217328e-05 0.000145623806257 0.000113949528088 0.000186377635357 5.03505204598e-05 3.67356962188e-05 6.57626977926e-05 5.0814840292e-05 4.92026472341e-06 3.33011065749e-05 3.05052741998e-05 8.15452472272e-05 2.25774959605e-05 3.64624977181e-05 2.23273781983e-05 6.60296998921e-05 0.00010821971351 0.000158814979436 0.000127924766265 0.000183036434343 0.000219684372302 3.05016230803e-05 3.29382912955e-05 0.000214238405697 6.32444734097e-05 6.69832376249e-05 6.39163275333e-05 5.15287945657e-05 5.60436750406e-05 7.44089259813e-05 7.50631331551e-05 1.34417962799e-05 2.7451654086e-05 2.64977705613e-05 0.000108213121149 0.000110252854633 6.07602735214e-05 4.69677962974e-05 4.26003933697e-05 3.86974883876e-05 0.000142253579146 1.22030138406e-05 0.000172664290364 0.000152972845205 5.93936873612e-05 4.17618534463e-05 3.81057136874e-05 2.67931380206e-05 2.80350428312e-05 1.6139525581e-05 3.16192220673e-05 8.02425005389e-05 2.12005030628e-05 3.32468705126e-05 2.21573166716e-05 5.02300518543e-05 1.78458659572e-05 5.08533619663e-05 6.72302251228e-05 3.15470459704e-05 3.21159692101e-05 4.70952286912e-05 1.51862309259e-05 2.09742931037e-05 0.000147454357618 5.36332126676e-05 6.75068454973e-05 6.72007539454e-05 2.87370439995e-05 2.96778562229e-05 1.30980399892e-05 2.59643852275e-05 1.01327432754e-05 1.21124475822e-05 2.99360156951e-05 4.81199142405e-06 2.93031306118e-06 1.44650045313e-05 2.10360597795e-05 2.26427034543e-05 5.94484087878e-06 8.34416807188e-05 5.62169645347e-05 2.03323079266e-05 2.61519381608e-05 5.18461065779e-05 2.78826769096e-05 5.2371330517e-05 1.63944017404e-05 1.21984102539e-05 1.59334786344e-05 5.39908018971e-05 8.80893431573e-05 1.25949274868e-05 1.57601673492e-05 1.46632143198e-05 0.000112618293299 6.3860343661e-05 3.71971022906e-05 4.20282544451e-05 2.83046493683e-05 3.49252121575e-05 2.30220867235e-05 2.11408369084e-05 2.1719758158e-05 1.78388393865e-05 8.21498862772e-06 2.56889884498e-05 0.00010009503714 1.7763662428e-05 5.71639832299e-05 2.7257486144e-05 1.54228850271e-05 6.71840375928e-05 4.77831901595e-05 4.38923925479e-05 3.84103787108e-05 1.54754188528e-05 2.10746882621e-05 4.54977814956e-05 1.38995428703e-05 3.26310681911e-05 8.48761968283e-06 6.91048571083e-05 2.47058954232e-05 3.6485868324e-05 4.33167402818e-07 1.3543013714e-05 1.86498779164e-05 2.52413922248e-05 3.65275721806e-05 2.78947137844e-05 4.55514809031e-05 1.24962149175e-05 2.47516631561e-05 4.31381982076e-05 6.2818527338e-05 9.37217864705e-05 3.46216756619e-05 0.000140155278129 6.41335789513e-06 1.25693911476e-05 3.58742700746e-05 2.59636526757e-05 2.57723526046e-05 1.96805135818e-05 3.15596948803e-05 3.47059348808e-05 1.87574261145e-05 1.37907512248e-05 2.05049734123e-05 2.08343294717e-05 4.21752667435e-05 3.89173214565e-05 6.80602607357e-05 1.65957209132e-05 0.000140163547347 1.53321277526e-05 0.000121013017713 4.20766089829e-05 2.31103169346e-05 3.80368323489e-05 5.82479397588e-05 1.98881064697e-05 2.12468931598e-05 5.43295247195e-05 2.28209852839e-05 1.34097595146e-05 2.48866481495e-05 2.81021829125e-06 6.35596276805e-05 2.72464636521e-05 1.48323268784e-05 2.3620535124e-05 1.07121857491e-05 1.04634619758e-05 2.07906602475e-05 5.12123331193e-05 6.03340900678e-05 0.000123204412872 5.09516714589e-05 3.75955280435e-05 3.69739089218e-06 2.11322372396e-05 1.38221441579e-05 1.00860189493e-05 1.17972836144e-05 1.15792944302e-05 6.85470196464e-05 1.43518803242e-07 3.28164261445e-05 6.48073367634e-05 4.47828038913e-05 1.67715635519e-05 5.55490647396e-05 3.99391116497e-05 2.20502191686e-05 3.75870337977e-05 2.04336442302e-05 2.35677770879e-05 2.98232220735e-05 2.54259805208e-05 1.90534618473e-05 1.7408722097e-05 2.55764355595e-05 6.16573683141e-05 6.55101977104e-05 1.23986498623e-05 0.000111004227885 5.55198238301e-05 3.68475800877e-05 3.82462771078e-06 1.08321097324e-05 6.95893218116e-06
</DataArray>
      </CellData>
      <Points><DataArray type="Float64" Name="Points" NumberOfComponents="3" format="ascii">
-0.00649222 0.00311371 0.000799581 0.00558746 -0.00140514 0.00406647 -0.00396922 0.00158746 0.00367818 -0.00217346 -0.0068649 0.00552007 -0.00506036 -0.00512252 0.000799592 0.00646381 0.00317313 0.0015086 0.00374484 0.000560814 0.000799936 -0.00494533 -0.00352702 0.000799671 -0.00226135 -0.0016446 0.00338291 -0.0072004 -9.11026e-06 0.000799623 -0.00415011 0.00178287 0.00210057 -0.00112952 0.00577913 0.00171324 0.00642911 -0.00281349 0.000799548 -0.00272947 -0.00666293 0.00369633 -0.00473212 0.000306678 0.00189876 0.00288188 0.00532664 0.00345288 9.47914e-05 0.00495469 0.0023295 -0.00293594 -0.00398923 0.00217272 0.00566062 0.00167782 0.00231249 0.00251962 -0.00132686 0.00636005 0.00306962 -0.000182128 0.00206231 0.00304868 0.00404431 0.00244686 0.00301446 -0.00116139 0.000799158 -0.00575823 -0.00180712 0.00325763 -0.00610384 -0.00381986 0.00486501 4.63126e-05 0.0042814 0.00622617 0.0053516 0.00481744 0.00230106 0.00546364 0.00119569 0.000799824 -0.00388972 -0.00394414 0.00353134 0.00669742 -0.00264352 0.00393061 -0.00477742 -0.00127805 0.00211016 -0.00130117 0.000672882 0.00355555 -0.000292666 -0.000482314 0.00290959 0.00567121 -0.00438316 0.000799762 0.000295194 -0.00291649 0.00532472 -0.00230642 -0.00159395 0.00502566 0.00146121 0.0044954 0.000799516 0.000621486 0.000758971 0.00378508 -0.00556299 0.0020628 0.00349628 0.0058352 0.00281761 0.00431647 -0.00546169 -0.00469205 0.0033722 0.00300693 0.00327966 0.000799558 0.00482719 0.00303401 0.00247351 0.00685042 0.00221694 0.00323625 -0.00132743 0.00707677 0.000799348 0.00227314 -0.00683224 0.00527173 -0.00147677 0.00557677 0.00449903 -0.00406817 0.00405087 0.00186573 -0.00679865 -0.00237124 0.00218185 0.00348084 0.00267489 0.00325985 0.00276495 -0.00377329 0.00361907 -0.00431162 -0.00576646 0.00366659 0.00280395 0.00404046 0.0044009 0.00719438 -0.000291717 0.00504506 -0.00693598 0.0019336 0.00268396 0.00276318 -0.00274152 0.000799938 0.000760258 -0.000333834 0.00136639 0.00570639 0.00439106 0.000799792 -0.00158739 0.00333413 0.00349433 -0.000374652 0.00441308 0.00468864 0.00351413 0.00112294 0.00287299 -0.00401956 -0.000650325 0.000799936 0.00416142 -0.00331257 0.00231265 0.0052667 -0.00491047 0.00252138 0.00362758 0.00563237 0.00207105 -0.000958801 -0.00575539 0.00185035 -0.00292414 0.00506562 0.00494796 0.00556592 -0.00173458 0.00161058 0.00717878 -0.000554323 0.00218411 0.00447164 0.00564389 0.00342959 -0.00426663 0.00364777 0.00423966 -0.000221689 -0.0047794 0.00336814 0.00146074 -0.00541055 0.001682 -0.00201184 0.00691375 0.0024149 -0.00239377 -0.00337246 0.000799662 0.000206682 0.000884299 0.00224526 -0.00107218 -0.000829139 0.0042629 0.00411002 0.00563776 0.00498765 0.00175898 0.00331056 0.00343473 -0.00242529 0.00178405 0.0033073 -0.000762377 0.00130561 0.000799693 -0.00340895 -0.00259979 0.00280865 -0.00326578 0.00493265 0.000799144 0.00248407 0.00675834 0.00222755 -0.00719824 0.000172888 0.00476683 -0.00237246 0.00118178 0.00637985 -0.0023077 2.09303e-06 0.000799936 -0.00628149 0.000704129 0.00189735 0.00023388 -0.00593513 0.00079967 0.00373826 -0.00337843 0.00482568 0.00140606 0.00247477 0.00613043 -0.00140279 0.00449521 0.000799414 -0.00232484 0.00164858 0.000799767 -0.00701951 0.00160343 0.000799713 -0.00132283 -0.00458041 0.000799366 -0.00103561 0.00185632 0.00251206 -0.00248535 -0.00538902 0.00154269 0.00182771 0.00113218 0.00204937 0.00696101 0.00182849 0.000799326 0.00394685 -0.00237577 0.00359657 -0.00636724 0.00336144 0.00397213 -0.000314054 0.00297178 0.00538127 -0.00045974 0.00718558 0.00213838 -0.002641 -0.00158298 0.000799354 0.000693863 0.00217791 0.00304996 0.00371087 -0.00617065 0.00550381 -0.00530744 0.00134015 0.000799498 0.00198672 5.05809e-05 0.00321621 0.00148737 -0.00164137 0.000799773 -0.000900325 0.00370914 0.00209905 -0.00500849 -0.00294763 0.00409158 0.00188808 -0.00087043 0.00451992 0.00156384 -0.0038005 0.000799587 -0.00414531 -0.00140057 0.00357418 0.000422185 0.00717799 0.000799936 0.0040119 -0.00597877 0.00309094 -0.00128465 0.000366846 0.00198526 0.00201637 -0.00691208 0.00369514 0.001097 -0.00415317 0.00260184 0.00619591 -0.0036682 0.00213115 0.00719585 0.000246036 0.000799362 -0.0023606 -0.00680212 0.000799513 0.00322461 -0.0052085 0.00430876 0.00263528 0.00171984 0.000799681 -0.00698034 0.00176622 0.00427415 0.00289595 -0.0020269 0.00497202 -0.00193466 -0.00693557 0.00233533 -0.0054247 0.00473531 0.00405529 -0.000800294 -0.00715567 0.000799388 -0.0066829 0.00268048 0.00555246 -0.00348574 0.00373396 0.00563265 0.00712419 0.00104439 0.00218346 0.00218033 0.00176813 0.00347514 -0.00684911 -0.00222056 0.00435246 -0.00138059 -0.00430359 0.00237371 -0.00564427 0.00447024 0.00079976 0.00203189 0.00522933 0.00210086 0.00258498 -0.00374963 0.00202979 0.00324162 -0.000946424 0.00345728 0.00477332 0.00174136 0.00364228 0.00114334 -0.00451473 0.00415945 0.00019366 -0.00328701 0.00377205 -0.00594612 -0.00406059 0.00197024 0.00425716 -0.00216889 0.000799652 0.0034558 -0.00188579 0.00215493 -0.00565056 -0.000405506 0.000799691 -0.00305403 0.00652046 0.00356314 0.00044081 -0.00718653 0.00372242 -0.00239222 0.00679146 0.00499392 0.0055876 0.0045415 0.00419494 0.00324199 -0.00642924 0.000799495 0.00301373 0.00488084 0.000799441 0.00145959 -4.64047e-05 0.00597595 -0.00285723 0.00660903 0.00079973 -0.00161756 -0.00119729 0.00196636 -0.00718687 0.000436283 0.00318886 0.000830841 0.00116007 0.000798924 0.0030977 -0.000113305 0.00541125 -0.00636258 -0.00337049 0.00335202 2.93092e-05 0.00378275 0.00079936 -0.00288664 -0.00434157 0.00471167 0.0031475 0.00647575 0.000799566 -0.00257012 -0.000278166 0.00415527 0.00417765 -0.00109491 0.00475558 0.00399331 0.00197311 0.00160616 -0.00247935 -0.00518731 0.00312983 -0.00494093 -0.00290193 0.00242507 0.00624552 0.0035831 0.00565951 0.0014261 0.00705521 0.00470412 -0.00358667 -0.00449793 0.000799446 -0.00465301 0.00301204 0.000799296 0.00167805 -0.00676695 0.0007999 0.00596067 -0.00403911 0.00366927 -0.00391126 -0.00241477 0.00130163 0.00540868 -0.00255876 0.0029726 0.00688514 -0.00210682 0.00243522 0.00236374 0.00263743 0.00211581 -0.00443417 -0.00454903 0.0021548 0.000182318 -0.00441955 0.00131666 -0.000259198 -0.00317053 0.00224252 -0.00375518 9.34148e-05 0.00314719 -0.00496696 -0.00494495 0.00487238 0.00159497 0.00608957 0.000799512 -0.00498587 0.00221305 0.00498046 -0.00536614 -0.00197976 0.000799314 0.0052569 -0.000390787 0.000799631 0.00124087 -0.0070927 0.00230407 -0.0071544 -0.000809068 0.00218446 -0.00242184 0.00434222 0.00202281 0.00375716 -0.00483779 0.00199872 -0.00560774 0.00242208 0.00193861 0.00507104 0.0028359 0.000799092 0.0021609 0.00019189 0.000799385 -0.00702052 -0.00159867 0.000799387 0.00247514 -0.00517063 0.00289579 0.000989077 0.00365333 0.00207534 0.00270267 -0.00492341 0.000799454 -0.000586377 0.00219698 0.00400881 -0.00380436 -0.00611306 0.000799577 -0.000857 -0.00714895 0.00465686 0.00195638 0.000724323 0.00466594 -0.000355468 -0.00719146 0.00233512 -8.36547e-05 -0.00162031 0.0018044 0.00108093 -0.00157687 0.00570685 0.00277862 -0.00664038 0.00231561 0.00717561 0.00060377 0.00371983 0.001378 -0.00270031 0.00199393 -0.00446028 -0.000178647 0.00455709 0.00458143 -0.00555441 0.000799933 0.000139921 0.00238271 0.00156418 0.00707259 -0.00134896 0.000799761 8.07977e-05 -0.0058463 0.004521 0.00459521 0.00554288 0.000799936 0.0042579 0.00407525 0.00140044 -0.000514616 -0.0014884 0.00563079 -0.00281282 0.000829171 0.00208412 -0.00133813 0.00492095 0.003047 0.00147444 0.00282055 0.000799096 -0.00100177 -0.00617982 0.00339205 -0.00356737 -0.00625453 0.00499612 0.00124563 -0.00122662 0.00260198 0.000139753 0.00541741 0.000799359 -0.00569193 -0.000211692 0.00306836 0.00232037 -0.00223396 0.00322606 -0.00375869 0.000939422 0.000799088 -0.0046151 0.00552714 0.0014184 -0.000725461 -0.000552655 0.000799936 -0.00252247 0.00118986 0.00478816 -0.00649138 -0.00311625 0.000799763 -0.00227594 0.00274956 0.00204181 0.00468775 0.000376525 0.00208272 -0.00310924 0.00578174 0.00214544 -0.0030881 0.00334326 0.00079918 -0.00499941 0.0051815 0.00565074 0.00293137 0.00657666 0.00444992 0.00711281 -0.00111953 0.00367882 -0.00117434 -0.00222206 0.000799845 -0.00127403 0.0028549 0.000799446 -0.00528414 0.00370003 0.00284429 0.000318734 -0.00279673 0.000798965 0.00403819 -0.00381687 0.000799613 0.000927408 0.00637971 0.00222368 -0.00232073 -0.00154014 0.00978035 0.00629064 0.00350353 0.00845057 0.00429638 0.000682502 0.00767991 -0.0043042 -0.0035444 0.00539806 0.00239366 0.00679093 0.00595001 -0.00575481 0.000743821 0.00438039 -0.00599206 -0.00399198 0.00773649 -0.00410193 -0.00397932 0.00712746 -0.00141886 -0.000271147 0.0101487 0.0027625 -0.00191597 0.0100868 -0.0054848 0.00370387 0.00527655 -0.0025543 -0.00306812 0.00562028 0.00257525 0.00251697 0.00483272 0.000613785 0.00118496 0.00540402 0.0057892 -0.00275572 0.00988412 -0.000962733 0.00112927 0.00513885 0.00685891 0.0021133 0.00789521 0.00560248 -0.000134751 0.00701096 0.00308754 0.00536965 0.0061881 -6.98135e-05 0.00567893 0.00374577 -0.00181726 0.00242807 0.00551547 -0.0057774 0.00429694 0.00673329 -0.00606692 -0.000934695 0.00926723 0.00657684 -0.00293034 0.00549975 -0.00249279 0.00476144 0.00917748 -0.00709841 -0.0012086 0.00556728 -0.00180689 -0.00277355 0.00216191 -0.00100546 -0.00306549 0.00754123 0.000389843 0.00719002 0.00349327 0.00102281 -0.00553118 0.00727414 0.00684138 0.00224438 0.00630121 0.00509954 -7.60822e-05 0.00883671 0.000409033 -0.00267815 0.00690209 -0.00510107 -0.00508131 0.0100417 -0.00257576 0.00586797 0.00628675 -0.00354607 -0.00255863 0.00930044 -0.00549249 0.00218249 0.00649749 0.005024 0.00258671 0.0081136 -0.00351434 -0.000480752 0.00967294 -0.00608287 0.000876002 0.00720645 -0.00299502 -0.00490266 0.00783753 0.000344839 0.00301408 0.00719882 0.00116714 -0.00597362 0.00880419 -0.00531474 -0.00203357 0.00536829 0.00151298 -0.000700668 0.00743419 -0.00105035 -0.00346446 0.00599324 -5.38799e-06 -0.00593011 0.00611595 -0.0038484 -0.00139573 0.0054007 0.0046119 -0.00267372 0.00760779 0.00297777 5.0829e-05 0.0070311 0.00230949 0.00682017 0.0086661 -0.00376799 -0.00253693 0.00651909 0.00389229 0.00413345 0.00556929 -0.00256979 -0.00351993 0.00715406 -0.00435076 0.00518452 0.00295826 0.00434364 0.00482308 0.0070139 0.00323595 0.00185754 0.00733753 -0.00171427 -0.00205214 0.00652632 0.00121183 -0.00168788 0.00976668 -0.000400473 0.00179377 0.00648117 -0.00154503 0.00113074 0.0093742 -0.00351736 0.00213491 0.00561015 0.00195278 0.00535265 0.00477083 -0.00528593 -0.00303312 0.00661679 0.000342499 0.00570996 0.00529047 -0.00174728 -0.00019685 0.00556806 -0.00709958 0.00119929 0.00599031 -0.00719795 -0.000196758 0.00680208 -0.00275607 0.0012253 0.0104143 -2.11021e-05 0.00720001 0.00816449 -0.00444841 0.00458695 0.00757534 0.00483109 -0.00352745 0.00627303 0.00222553 -0.0049378 0.0081462 -0.000159874 0.00719905 0.00499515 -0.0051907 0.00331401 0.00819728 -0.00171092 -0.00555345 0.00876877 -0.0064507 0.00319955 0.00917567 -0.00671773 -0.00259158 0.00747015 0.00639218 0.000612689 0.00819477 -0.00298724 -0.00214659 0.00785971 0.00177127 0.00567615 0.0096458 -0.0018238 0.000805239 0.00783361 0.00423953 -0.000685935 0.00638017 0.00184827 -0.00226411 0.00746897 0.00523475 -0.00289951 0.00452576 -0.00038449 0.00431934 0.00776782 -0.00718723 0.000429264 0.00827443 0.00239033 -0.00510377 0.00656306 0.00231686 -0.00422832 0.00520788 0.00420222 0.00584719 0.00833919 0.00241224 0.00123165 0.00611234 0.00188518 0.00408037 0.00965966 -0.00293265 0.00657621 0.00926628 -0.000707776 -0.00199368 0.00322867 0.00574408 0.000728022 0.00442107 -0.00410452 0.00591606 0.00675462 0.000708421 -0.00716507 0.00529965 0.00476024 0.00317491 0.00651082 -0.00196265 -0.00477784 0.00594283 -0.0066681 -0.00271762 0.00587685 0.00590326 -6.93132e-05 0.00302245 -0.00187762 -0.00398279 0.00851914 0.00530102 0.00487296 0.00573339 -0.000721233 -0.00304783 0.00911581 -0.00116273 -0.00419176 0.00452067 5.82927e-05 0.00360918 0.00337555 -0.00319368 -0.0010776 0.00221295 0.00542949 -0.0011979 0.0099388 0.00704324 -0.00149635 0.00767636 -0.00191316 -0.00560298 0.00457299 -0.00101746 0.00218775 0.00790374 0.00304146 0.00495947 0.00898906 0.00634761 0.000754345 0.00590912 -0.00126554 0.00567959 0.00801297 -0.00710624 -0.00116241 0.00807381 -0.000293446 0.000101091 0.00616579 0.0072004 -5.99543e-05 0.00698974 -0.0035628 0.00299794 0.00295885 -0.00434738 -0.00573946 0.00717014 -0.00548634 -0.00375411 0.00923558 -0.000198952 -0.00519814 0.00838507 0.00353134 -0.002596 0.00632555 0.0044062 0.000142767 0.00376839 0.00295797 0.00256162 0.00874601 0.00150653 0.00552783 0.00637119 0.00561944 -0.000591629 0.00544362 -0.00148695 -0.000576231 0.00710009 0.00116145 -0.0040808 0.00661381 -0.000238577 0.000700835 0.00764786 0.0027883 -0.00663863 0.00677354 -0.00463334 0.000964615 0.00591659 0.00478456 -0.00538103 0.00461943 0.00429244 -0.00424831 0.00360325 -0.00374997 -0.004955 0.00591025 0.00257995 -0.00366766 0.00724091 -0.00331817 9.6432e-05 0.00564241 -0.000446838 -0.00718616 0.00925222 -0.00138444 0.00486197 0.00664302 0.000376761 -0.000438408 0.00481715 -0.00305139 0.004417 0.00349142 0.00198959 -0.00286249 0.005991 0.00426964 0.00289112 0.00463433 -0.003689 0.00168559 0.00713578 0.00584682 0.00420229 0.00707929 0.00381246 0.00195862 0.00584988 0.00101913 -0.00577074 0.00317678 0.00101791 -0.00712825 0.00990067 0.00154001 0.00396316 0.00670081 -0.00348058 -0.00259373 0.00440631 0.00373238 -0.00460887 0.00584758 0.00495918 -0.00199938 0.00581897 -0.00360535 0.00346082 0.00835171 0.00453551 0.000586982 0.00545855 -0.00353044 -0.00627561 0.00236705 0.000135112 -0.00450606 0.00540122 0.0034595 0.00123449 0.0044677 0.00581971 -0.00423997 0.00730879 -0.00115369 0.00328031 0.00670726 0.0055733 0.00146351 0.00711594 0.00455388 0.00557722 0.0105465 0.00620054 0.00366099 0.0030084 0.00417897 0.0001041 0.0101316 0.00190521 -2.5289e-05 0.00952026 -0.00214769 -0.00312905 0.00984405 -0.00555496 -0.00458096 0.00631483 0.00503484 -0.00514754 0.00836673 -0.00178104 0.00401767 0.00534012 0.00124711 0.00482594 0.00343509 -0.00146865 0.00704884 0.00882846 0.00137932 -0.00551144 0.00539263 0.00295429 -0.00347904 0.00980633 -0.00508089 -0.00510194 0.00844118 -0.00221162 -0.00351523 0.00352001 -0.00118354 0.00710227 0.00377007 0.00351306 -0.00140216 0.00761195 -0.00422142 0.00583348 0.00441437 0.00162339 -0.0030092 0.00443887 0.0028738 0.00316192 0.00632947 -0.00282898 -0.00473197 0.00956462 -0.00270735 0.00290406 0.00675654 -7.62211e-05 -0.00667484 0.00778222 -0.00111998 -0.0025984 0.00465046 5.31543e-05 0.0056671 0.00702544 -0.00595105 -0.000839168 0.00451606 0.000681217 -0.00177931 0.00399327 0.00539499 0.00200634 0.00562209 -0.000335783 -0.00454635 0.00692962 0.00468996 -0.00108304 0.00278013 0.00117089 0.00400232 0.00512318 0.00481317 -0.0053557 0.00675978 0.00419566 0.00407402 0.00356081 -0.0059655 8.36671e-05 0.00582202 0.00153916 0.00703362 0.00728046 -0.00415093 -0.00118222 0.00838428 0.000538518 -0.00202116 0.00835458 0.0019865 0.00545648 0.00789487 -0.00375023 0.000159586 0.00761085 0.00342152 0.00633585 0.00970893 -0.00106996 0.00624102 0.00589614 0.00715738 0.000787317 0.00958832 -0.00703844 0.00152037 0.00948274 0.00694655 -0.00148612 0.00607977 8.09213e-06 -0.00114517 0.00712259 -0.00451268 -0.00268486 0.00797286 0.00578057 -0.00429288 0.00523824 0.00697386 0.0017906 0.00477316 0.000993586 0.00250604 0.00458592 -0.00284379 -0.00601298 0.006696 -0.000968894 -0.00713519 0.00653697 -0.0028485 0.00292214 0.00438846 -0.00398937 0.00503376 0.00967318 0.00351305 -0.000247677 0.00871961 -0.00259258 0.00219303 0.00818444 -0.00679223 -0.00238926 0.00905484 0.00395014 0.00368286 0.00930721 -0.00540201 0.0047602 0.00884823 -0.00320254 -0.00644889 0.00819245 -0.00597382 -0.0014116 0.00668677 -0.00295626 -0.00105692 0.00668949 -0.000765475 0.00554382 0.0113331 -0.00100431 -0.000331214 0.00860515 -0.0059029 0.00189961 0.00842177 -0.00303421 0.00082174 0.00887918 -0.00295381 -0.00232064 0.0124281 -0.00694756 0.00188996 0.013733 0.00182301 0.00241647 0.0113438 0.0010892 0.00237169 0.00992289 -0.00454488 0.00353394 0.00964445 -0.00640474 0.00329108 0.0131239 0.00632691 0.00343741 0.0108138 0.00375374 -0.00271514 0.0115661 -0.00396653 -0.00398903 0.00872096 -0.00210168 0.00542837 0.0122055 0.00460672 -0.000460324 0.0121571 0.00377547 0.00350844 0.00772649 -0.00221277 0.00254823 0.00969707 -0.00159399 -0.00702252 0.00814898 -0.0048869 -0.000949498 0.0103465 0.00197581 -0.00633108 0.0109036 -0.00602533 -0.00394232 0.0145687 0.00502014 0.00447501 0.00842087 0.00242097 -0.00345344 0.0120527 -0.00158635 -0.00396218 0.0110891 -0.00322899 -0.00643556 0.0125752 0.000337382 -0.0037147 0.00811874 0.00534909 0.00298006 0.00963332 -0.00136285 0.00154483 0.0134751 0.00582514 -0.000664596 0.0131731 -0.00104999 0.00168094 0.0107922 -0.000793528 0.00715623 0.011676 0.00584966 0.00187334 0.0106743 0.0029149 0.00501496 0.0105823 -0.00315522 0.00361101 0.0104333 0.00439805 0.00570088 0.0140581 -0.00585684 0.00418817 0.0102846 -0.00525222 0.00211643 0.00986657 0.00626668 0.00354527 0.0124088 -0.00456362 -0.00556909 0.0127403 -0.00703375 -0.00154009 0.0103885 -0.00343765 -0.0038152 0.011811 0.000173546 -0.00433077 0.0108316 -0.00577929 -0.00167215 0.0114595 -0.000405679 -0.00149 0.00953138 0.00688237 0.00211523 0.0118721 0.0045426 -0.00335497 0.00908047 0.00719114 -0.000362638 0.0123826 0.00655235 -0.00298572 0.0121663 -0.00091561 0.00493329 0.00938397 0.00543569 0.00145305 0.00916435 0.00313153 0.00648359 0.00733558 0.0026167 -0.00670769 0.00862797 -0.0012709 0.00348476 0.00880556 -0.00184117 0.000481474 0.0114956 -0.00141085 -0.00384586 0.0137548 -0.00417252 0.00192083 0.012983 -0.00269935 -0.00667541 0.011085 -4.56812e-06 -0.00578086 0.00987633 -0.00612341 -0.00285631 0.0104307 -0.0040636 -0.00141524 0.0116362 -0.00167709 -0.00140622 0.0127974 0.00334509 0.00199349 0.0138043 -0.00396806 0.000168035 0.0137352 0.00422366 0.00213142 0.0103897 -0.000119601 0.000602588 0.0115262 0.00226658 0.00386181 0.00812178 0.000115171 0.00719942 0.00657074 -0.000509984 0.00718225 0.0101018 0.00442124 -0.00360365 0.013612 0.00364347 -0.0046759 0.00899936 0.00159816 -0.0036279 0.0106419 0.00607595 -0.00255902 0.00697304 -0.00151401 -0.00183828 0.00843175 0.00118675 0.000935214 0.010665 -0.00255034 -0.0006252 0.00831928 0.00600126 -0.00397909 0.00887628 0.00565328 0.00138162 0.0136948 -0.00233385 0.00249467 0.0112911 0.00243807 0.000860681 0.00830033 -0.000525711 -0.0043315 0.0122705 -0.0046222 0.000975185 0.0086751 -0.00120399 -0.0021881 0.0107289 -0.000962968 -0.00450891 0.00972105 -0.00464951 -0.000536699 0.00648638 -0.00238291 -0.00679464 0.00952172 0.00135117 0.00478269 0.0109938 -0.00652941 0.00303521 0.00736725 0.00434175 -0.00383917 0.0105921 -0.000872077 0.00714746 0.0140119 -0.000442376 0.00403132 0.0117402 -0.00400045 -0.00394611 0.0103195 0.00322259 -0.00276591 0.00839561 -0.00719255 0.000331862 0.0140007 0.00416935 0.00412382 0.0139175 -0.00407836 0.00593405 0.00835389 0.0052245 -0.00216333 0.011258 0.00292673 -0.00460178 0.0109456 0.0023176 -0.00131736 0.00867159 -0.0047459 -0.00287416 0.0112438 0.0045689 0.000961472 0.0114245 -0.00024794 -0.00719605 0.0108761 -0.00135696 -0.00574215 0.00722029 0.00180291 -0.00343797 0.00869642 -0.00710492 -0.00116643 0.013447 0.00384016 0.00127381 0.00909464 -0.00391407 -0.00604314 0.00956666 0.00151113 0.00410307 0.0135302 0.000944923 0.00713783 0.00943797 -0.00617544 -0.00370232 0.0117874 0.00549403 -0.0014213 0.00806713 0.00559182 0.00453626 0.00991317 -0.000161241 -0.00301636 0.0131992 -0.000974984 0.000147999 0.0127992 -0.00427541 0.00487365 0.0127752 -0.00490056 0.00527497 0.0109659 -3.57689e-05 0.000688524 0.00966338 0.00252616 -0.00674297 0.013504 -0.00451533 0.000312463 0.0122387 6.06765e-06 -0.00720014 0.0126771 -0.00209632 -0.000282244 0.0138556 0.000396218 -0.000563425 0.0105596 0.00238396 -0.0053993 0.00966944 0.00385352 -0.00608203 0.00782884 -0.00497177 0.00313263 0.0111332 0.00688166 -0.00211791 0.0108636 -0.00322714 -0.00254123 0.0108674 -0.0056556 -0.0044564 0.0130995 0.000858165 -0.004521 0.00939856 0.000857512 0.00334716 0.00867675 0.00712084 0.00106959 0.0131406 -0.00228039 0.00410824 0.00773254 0.000317461 0.00410496 0.00997808 -0.000752818 0.00605781 0.0128474 0.00208972 -0.00071 0.0109533 0.00182211 0.00613584 0.011705 -0.00430915 0.000863848 0.0102905 0.00257131 -0.00128923 0.0145346 0.000490081 0.00521856 0.0122696 0.0040667 -0.00417584 0.00754008 0.00335311 0.0063721 0.0113064 0.00551306 0.00463132 0.0115077 0.00146454 -0.00704971 0.00757188 -0.00579214 -0.000625682 0.0126694 -0.00510448 -0.00220723 0.00938051 0.00120276 -0.00218235 0.0128535 -0.00149944 -0.00583168 0.010444 0.000243612 0.00576162 0.0101115 0.0016388 -0.00444284 0.0130418 0.00394571 -0.001257 0.0109378 -0.00547389 -0.000449454 0.00786302 0.00353339 -0.00627339 0.0112648 0.00416757 0.0040544 0.0108478 -0.00104069 0.00337723 0.0104086 -0.00334884 -3.53378e-05 0.0112003 0.00673078 0.002558 0.0135787 -0.00428197 0.00315081 0.00689129 -0.000288556 -0.00571659 0.0114829 0.00336387 0.000449883 0.0125878 0.00240399 0.00147268 0.00977748 0.00177111 0.00240475 0.00768572 -0.00375648 0.00218427 0.0093038 -0.00168941 0.00610296 0.0101537 0.00127645 0.000960235 0.00720534 -0.00310668 -0.000667618 0.0126771 0.000155587 0.00265374 0.0111903 -0.00141664 -0.00705944 0.0119597 0.00347606 0.0063054 0.0128996 0.000234295 -0.0027988 0.0103747 0.000554338 0.0057557 0.00854217 -0.00257797 0.00239062 0.0128688 -0.00484149 -0.00454944 0.0115393 -0.00211302 0.00688299 0.013017 0.00680821 0.00234423 0.00947717 0.00181977 0.000495944 0.0120669 -0.00577121 0.00057255 0.00971244 0.00264605 -0.00556467 0.0124283 -0.00285514 0.00128793 0.0139943 -0.00482808 0.00337548 0.0128702 0.00505782 -0.00512486 0.00996591 -0.00257013 -0.0027558 0.0139188 0.00147052 -0.00495019 0.0115339 0.00695189 -0.00187471 0.00922789 -0.00280771 0.00663052 0.00767305 -0.00260742 -0.00547056 0.0136893 -0.00196751 0.00463924 0.0107357 0.00394253 0.00447933 0.0123735 0.000587949 -0.000435412 0.00871143 0.0071681 -0.000666886 0.0102544 -0.00679163 -0.00239188 0.0124669 -0.00720009 3.94024e-05 0.0101953 -0.00332788 -0.00406088 0.0133874 0.0028807 0.00299421 0.010284 -0.000428093 0.00227457 0.00942517 0.00577573 0.000331739 0.0102537 0.0060178 -0.00395308 0.0109204 6.17868e-06 0.00324102 0.0131945 -0.00713957 -0.000934107 0.0118647 0.00697885 -0.00177139 0.0131165 -0.00577758 0.00429651 0.0118788 0.00382025 -0.00610319 0.00970008 0.00168973 0.0025223 0.0133057 0.00501957 0.00290814 0.0115684 -0.00133501 0.00707549 0.00723473 0.00419916 -0.00167036 0.00903213 -0.00556175 0.00166424 0.011369 0.00601712 -0.00077932 0.0113791 -0.000844383 -0.000823649 0.0115354 0.00259122 0.00383582 0.0116131 -0.00659761 0.00266838 0.0106772 0.00370867 -0.0043633 0.0123207 0.000735491 0.00157575 0.00857901 0.00716618 0.000698235 0.0111854 0.00520235 0.00290242 0.0139024 0.00560061 -0.00183945 0.0173571 -0.00717734 0.000566002 0.0124183 -0.00717905 0.000553451 0.0171147 0.00636508 0.00336576 0.0149102 0.0015319 -0.00563987 0.0140977 0.005483 -0.00466684 0.0158663 0.00525868 -0.000808174 0.0185316 0.000969225 -0.00100891 0.0142973 0.00322955 -0.00263525 0.0131641 -0.00404226 -0.00595833 0.0142019 0.00149192 -0.00216001 0.0112695 -0.000205087 0.00648443 0.015306 -0.00381197 0.00187569 0.0114249 -0.0023905 0.00118776 0.0173001 0.00204413 -0.000637811 0.0131724 0.0024507 -0.00323717 0.0155975 -0.00396408 -0.00413938 0.0175394 0.00532993 0.00484128 0.0130826 0.0065448 -0.00300278 0.0155083 0.00208643 -0.0068912 0.0166428 0.00703575 -0.000504585 0.0155718 0.00341681 -0.00551473 0.0140102 -0.00396131 0.00359608 0.0156179 -0.0039061 0.00299734 0.0141357 0.00112034 0.00571071 0.0136551 -0.00565102 0.00131203 0.0129264 0.00269957 -0.00118667 0.0161256 0.00146942 -0.00197284 0.0154719 -0.0041488 0.00160262 0.0148811 0.00518982 0.00144093 0.0166549 -0.00175692 0.00102954 0.0151281 0.00213233 0.00687761 0.0169342 0.000615188 0.000314785 0.0131165 0.00509347 -0.00508882 0.0115649 -0.00128484 -0.00530718 0.0145746 -0.00110771 -0.00210399 0.0141192 0.0071348 0.000970622 0.0147369 -0.00217577 -0.00686371 0.0165736 -0.00557657 0.00455499 0.0136493 0.0048583 0.00531437 0.0171955 0.00449044 0.00122729 0.015219 -0.00125002 -0.00324298 0.0168048 -0.00273723 0.0066595 0.0167428 -0.00104462 0.00250704 0.0122375 0.00390741 0.00294195 0.0149633 0.00387187 -0.00425698 0.0151673 -0.00705691 0.00142954 0.0184468 0.00249772 -0.00675288 0.0151032 -0.00304853 0.000914971 0.0124512 -0.00116968 0.00270069 0.0175905 -0.00573674 7.61506e-05 0.0112328 0.00484722 -0.00165256 0.0142751 0.000933833 -0.00698589 0.0155371 0.00291602 0.00100694 0.0149876 0.0059251 0.000596641 0.0121896 0.00396062 -0.00235956 0.0162659 0.000652 0.00223877 0.0160035 -0.00310967 0.00428787 0.0173294 0.00301891 0.00338523 0.0130867 -0.00346339 -0.00143358 0.0140357 0.000926434 -0.000830771 0.0120444 -0.000532101 -0.00662561 0.0140698 0.00314837 0.00319182 0.0170746 -0.00414145 0.00456433 0.0143564 -0.00152688 -0.000540915 0.0153274 -0.00540192 0.0024396 0.0140335 0.00357802 -0.00251797 0.0147206 -5.33713e-05 -0.00217999 0.0118401 0.00102891 -0.00371853 0.0161492 -0.00158543 -0.00458712 0.0160047 0.00223874 0.0056349 0.017935 -0.00261838 -0.00511004 0.0171085 -0.000985997 0.00450438 0.0131684 -0.00270936 0.00274885 0.017159 0.00225248 0.00229092 0.01583 -0.000603255 0.00481083 0.0156472 -0.00404978 0.00595211 0.017324 -0.00134684 -0.00168195 0.016434 0.000792178 0.0071566 0.0110302 -0.00306657 0.000113055 0.0150645 -0.00236553 -0.00128651 0.0113589 -0.00110321 0.00290241 0.0160055 -0.00688267 0.00211515 0.0121506 -0.000248361 -0.00425603 0.0151914 -0.000853233 0.00271664 0.0144372 -0.00361474 0.00622758 0.0106699 0.00420407 -0.00584608 0.0126581 -0.00684557 -0.00223264 0.0156035 0.000508884 0.00718218 0.0126041 0.00503391 -0.00348713 0.0121356 0.000979853 -0.00713335 0.0139447 0.00218731 0.000915256 0.0135662 -0.00635924 -0.00337733 0.0166095 -0.00715721 0.000789351 0.015533 -0.00188031 0.00415777 0.014449 -0.00410528 -0.00591513 0.0111499 -0.00671604 -0.00259555 0.0140514 -0.00499037 -0.00121739 0.014557 0.000866261 -0.00535681 0.0155248 -0.00198225 0.00382177 0.0121195 -0.00449686 -0.00439243 0.0144274 -0.00464451 0.000141942 0.0153258 -4.84653e-06 -0.00249823 0.0161307 -0.000985821 0.0014089 0.016567 0.000173245 0.00457668 0.0142684 -0.00198022 -0.00692264 0.0134502 0.00640999 -0.00168341 0.0146143 -0.00688542 0.00210502 0.0164019 0.0057992 6.7392e-05 0.0145954 -0.0035022 0.00334451 0.011977 0.00143828 -0.00243018 0.0170045 0.00244265 -0.000309166 0.0174384 -0.00499277 -0.0022638 0.015767 -0.00470348 -0.00172778 0.0130685 -0.00111007 0.00559139 0.0143354 0.00197141 -0.00272073 0.0141487 -0.00427975 -0.00579002 0.0179606 0.00158436 0.00527567 0.0151228 -0.00240231 -0.00187755 0.0152455 0.00166592 0.00384842 0.0158409 0.00289966 -0.00400382 0.013923 -0.00233644 0.00681051 0.0114345 0.00457253 0.00556192 0.0156418 0.00655321 -0.00298337 0.0179434 0.00576278 -0.00273522 0.0135346 0.00256978 0.00513184 0.0163751 0.0035254 -0.00627824 0.0169778 0.00107137 0.0036298 0.0120667 -0.00389537 0.00605534 0.0138312 -0.00243477 0.00267392 0.0146741 0.00120381 -0.000856503 0.0165866 -0.003603 0.00623387 0.012269 -0.00147331 -0.00291102 0.0122899 -0.00240931 0.00382258 0.0159309 0.000206873 0.00170395 0.013797 -0.00362784 -0.00313598 0.0150569 -0.00458894 0.00364996 0.0170922 -0.00460045 -0.0032976 0.0127796 0.00595984 -0.00404041 0.0144384 -0.00602148 -0.00184436 0.0169182 -0.0061342 0.0037705 0.0166537 0.000717424 0.00716432 0.0141897 -0.00709741 -0.00121143 0.0179189 0.00282983 -0.00187366 0.017564 -0.00104675 0.00121403 0.0181675 0.00323368 0.00643325 0.0157228 0.00547718 0.0046737 0.0146665 -0.00570275 0.00132722 0.0151425 -0.00571892 0.00437429 0.015232 -0.00560124 0.000169106 0.0140441 0.00018018 -0.00458012 0.0136846 -0.00504764 -0.00386124 0.0158321 -0.00301119 0.00405934 0.0133215 0.00303067 0.000734088 0.0110496 -0.00209585 -0.00454455 0.0124893 -0.002832 -0.00580618 0.0152373 -0.00338517 0.00484854 0.0114464 0.000202552 0.00370103 0.0164704 0.000728072 -0.00573093 0.0127177 -0.000778061 -0.000172529 0.0166925 0.00436833 0.000439592 0.0138324 -0.00124266 0.0041728 0.0169679 0.00154508 -0.00703283 0.0122746 0.000772163 0.00168172 0.0123007 0.00571821 0.00437521 0.0162198 0.00239111 0.00324115 0.0145509 0.00696562 0.00182312 0.0175787 -0.00039939 -0.000152304 0.0142614 0.004921 -0.00525619 0.0144893 -0.0017599 -0.00697661 0.0150334 0.00304442 0.004653 0.0149241 0.00629533 0.0034957 0.0178394 0.00461592 -0.00196911 0.0127242 -0.00379967 0.000588113 0.0166085 0.000471507 -0.0029279 0.0146654 -0.00355786 -0.00441389 0.0160169 0.000608999 0.00557911 0.0163538 0.0017699 0.00697917 0.0153796 -0.00512729 0.00505592 0.0165527 0.00268135 0.00606566 0.0142672 0.00337971 0.00244716 0.0117116 0.00356586 0.00625502 0.0172775 -0.00256143 -0.00429389 0.0147717 0.00594984 0.00187519 0.0153157 0.000810153 0.00299524 0.0145557 -0.00650768 -0.000838289 0.0148944 0.000822862 -0.0035037 0.0120362 0.00247932 0.0050497 0.0126783 -0.000162426 0.00109768 0.0152311 0.00031238 0.00167783 0.0174632 0.00287782 -0.00148978 0.0121055 -0.00108902 -0.00572859 0.0128678 0.00476362 0.00373798 0.0174492 -1.36017e-05 -0.00100415 0.0155594 0.00718721 -0.000437669 0.0139805 -0.00174545 0.00698546 0.0153418 -0.00293565 0.00177657 0.0159093 0.00362516 -0.00090703 0.0133939 0.00450894 0.00191124 0.0127103 -3.25123e-05 -0.00720046 0.0168095 -0.00714905 -0.000856333 0.0163598 0.00200922 0.00691448 0.0130898 0.00661156 0.00285086 0.0164048 -0.00509036 -0.00300357 0.0175088 -0.00273536 -0.0050769 0.0111234 0.00544553 -0.004711 0.0130799 0.00136629 0.00138206 0.0148568 -0.0001245 -0.00128175 0.0131624 -0.00496515 -0.00278732 0.0142511 0.00696815 -0.00181298 0.0164901 -0.00149214 -0.0031938 0.0152246 0.00702491 0.00157819 0.0191586 -0.00216521 0.00686719 0.0197456 -0.00196508 0.00385611 0.0183596 -0.00111219 -0.00574393 0.0170026 0.00027019 0.00141462 0.0190536 0.00392133 -0.000564564 0.0149945 -0.00555316 -0.00179132 0.0203512 -0.00286367 0.00516828 0.0193787 0.00425914 -0.00202865 0.0182648 -8.15814e-05 -0.00719959 0.0189464 0.0038688 -0.00607312 0.0191212 0.00680248 -0.00236115 0.0197951 -0.00662529 0.00281976 0.0149943 0.00178489 -0.00697536 0.0210328 0.00306127 -0.00512763 0.018115 -0.00419086 -0.00377308 0.0190797 -0.000909279 -0.00580247 0.018736 0.00553503 -0.00123439 0.0208507 0.00390479 -0.00604925 0.015437 -0.00378578 -0.00245131 0.0182523 -0.00539096 -0.00271079 0.0190521 -0.00139131 0.00567505 0.0190117 -0.00411916 0.00480966 0.0184549 -0.00124767 0.00198152 0.021833 -0.000631261 0.00178014 0.0203268 0.00364601 0.00180633 0.0164477 0.00547102 0.00468113 0.0185302 0.00406014 0.000712992 0.0176758 0.000625171 0.00717315 0.016487 -0.00525879 0.00491877 0.0212374 -0.00535804 0.00184701 0.017899 0.00226213 0.0012254 0.0170234 -0.00418009 0.00212243 0.0168526 0.00198535 0.00426159 0.0187157 -0.00709704 0.00121704 0.0200314 0.00203173 -0.00291178 0.0184828 -7.56966e-05 -0.00370026 0.0200766 0.00458389 0.000527865 0.0191761 -0.00470715 0.00341999 0.0213195 0.00174118 0.000394949 0.020547 0.00402042 0.00440589 0.0193937 0.00111648 -0.00570233 0.0186858 -0.00140433 -0.004478 0.0179371 -0.000374159 0.00591059 0.0175715 0.00644162 0.00321725 0.019408 -0.00262548 -0.0051665 0.0187069 -0.00124267 -0.00709276 0.0178521 -0.000836407 0.00284186 0.0191483 -0.000439079 -0.000257499 0.0183217 0.00485643 0.00217394 0.0212156 -0.00312248 0.00648795 0.0185124 0.000544001 -0.0059923 0.0215161 -0.00476219 0.00540045 0.0197951 -0.00588377 0.00211789 0.0217613 -0.000187841 -0.00443477 0.0168999 -0.0059324 0.00209229 0.0193713 -0.00195729 -0.00213926 0.0216656 0.00399386 0.00414494 0.0161071 -0.00487309 0.00091316 0.0191552 -0.00047268 -0.00622756 0.0156181 0.00150538 0.00513909 0.0199642 0.00346853 0.0046568 0.0176382 -0.00355885 -0.00121333 0.0172296 0.00209922 0.0018147 0.0198994 0.00307398 -0.00316493 0.0201438 -0.000918676 0.00681318 0.0207792 0.00511543 -3.35651e-05 0.0160383 -0.0027353 0.00016626 0.0184826 -0.00268561 -0.00360989 0.0183419 0.00533625 -0.00159981 0.0157975 -0.0071998 -5.67273e-05 0.0190216 -0.00452351 -8.72215e-05 0.0204144 -0.00295666 -0.000192884 0.0220055 0.000198946 0.00421051 0.0197481 -0.00361138 0.00509724 0.0160447 0.00426211 0.00580346 0.020218 0.00414482 -0.00340705 0.0174612 0.000784317 0.00715718 0.0202149 -0.00561459 0.00450803 0.0179746 -0.00521353 -0.00341877 0.0216842 -0.005234 -0.00494477 0.0169941 0.00256351 -0.0051663 0.0153175 0.00120022 -0.00420649 0.0176631 0.00563048 0.000643572 0.0179716 0.0043119 0.00382907 0.0212409 0.00221587 0.000198549 0.0189386 -0.00210695 0.00534954 0.0155628 -0.0016285 -0.000640896 0.0194342 0.00185578 0.00695712 0.0218921 0.0050368 -0.00514549 0.0173275 0.00195037 0.00693105 0.0188269 0.00255853 0.0033747 0.0201364 -0.00209075 0.00242763 0.0204234 -0.00229563 0.00214237 0.0185806 0.000808041 0.00327995 0.0208977 -0.00660986 0.00285529 0.0178762 0.00289824 0.00567888 0.0193916 -5.27304e-05 -0.00147501 0.0173591 0.00325183 0.000671049 0.0200987 -0.00502404 -0.00515747 0.0192275 -0.00639413 -0.00116587 0.0215596 -0.00620122 0.00365941 0.0191973 0.0015027 0.000806744 0.0220744 0.00429051 -0.000858801 0.0199183 -0.00304666 -0.0065243 0.0208172 -0.00365695 -0.00105214 0.0190175 0.00712178 -0.00106301 0.0209577 0.00101477 0.000259139 0.0178833 0.00112981 -0.0071113 0.0179056 0.00557275 0.00152722 0.0199398 -0.000511568 0.00718224 0.019277 0.000624128 -0.00578639 0.017166 0.000525758 -0.000408249 0.0213136 0.00522837 -0.00495043 0.022305 0.0020963 -0.00524926 0.0168451 -0.00293197 0.00349702 0.0195822 0.00134684 -0.00128768 0.0181205 0.00198166 -0.00440669 0.0190498 -0.000509086 0.00451823 0.0183471 0.000554936 0.0071787 0.0180849 -0.00537539 0.000863646 0.0166378 -0.00363726 -0.00621389 0.0165583 -0.0070026 -0.00167444 0.0194474 0.00149333 -0.00144678 0.0197053 -0.00209775 -0.00383784 0.0212399 -0.00289557 -0.00659212 0.0179763 -0.00136896 -0.00706867 0.0207214 -0.000961864 0.00713588 0.0167281 0.000289001 0.00316289 0.018057 0.00164806 0.00553693 0.0225981 -0.00416306 -0.00404741 0.0206553 0.00503763 0.00293261 0.016095 0.000102262 -0.00304324 0.0176358 0.00181957 -0.000111279 0.0153123 0.00421371 0.00229413 0.0178611 0.00580856 0.00425522 0.0216128 0.00255189 -0.00463121 0.0207614 -0.00467505 -0.00547631 0.01559 0.00599394 -0.00398995 0.0212799 -0.000581146 0.00018135 0.0203209 -0.00199159 -0.00691909 0.0192552 -0.00462868 0.0036985 0.019487 0.00297592 -0.0018572 0.0192279 -0.00379873 -0.00119473 0.0156244 -0.00232507 0.00386502 0.0210858 0.00142057 -0.00705885 0.0194776 -0.0071979 0.000180848 0.0212454 0.000958955 -0.00491716 0.0201691 0.00157426 0.00291337 0.0171381 -0.00164988 0.00700856 0.0181666 0.00200445 -0.000735235 0.021828 0.00206499 -0.00340764 0.0216692 -0.00288605 -0.00158092 0.0203997 -0.00378169 0.00301139 0.0183167 0.000585823 -0.00261905 0.0191007 0.0015005 -0.00415243 0.014684 0.00556597 -0.00332409 0.0167318 -0.00503557 -0.00146135 0.0181184 -0.00426336 -0.00143658 0.0212335 -0.00571317 -0.00438213 0.0204454 -0.00657719 0.0029306 0.020571 -0.00353226 0.00627404 0.0203277 0.00456041 -0.00341788 0.019006 0.00258768 -0.00359868 0.0171495 -0.0066459 -0.00277125 0.0180625 0.000909899 0.000698389 0.0163489 -0.00243973 -0.000253736 0.0166087 0.0049672 -0.00309525 0.0152632 -0.000406772 -0.005746 0.0202537 0.00342368 0.00022993 0.0162904 0.00365973 0.00221722 0.0200545 7.47037e-06 -0.00449263 0.0186896 0.000712838 -7.92735e-05 0.0194173 -0.0052697 0.00270228 0.0158351 0.00163235 0.00186707 0.0183469 0.00320583 0.00322799 0.0186804 0.0067591 0.000898133 0.0162899 -0.00179642 -0.000980141 0.01788 0.000212825 -0.0071974 0.0205184 0.00468255 0.00043956 0.0207756 -0.00324187 0.00642984 0.015242 -0.00495577 -0.00067956 0.0166626 0.00313928 0.00476234 0.0206808 0.00422836 -0.000960413 0.0169943 -0.00244754 -0.00235344 0.0173809 -0.00432944 -3.20913e-05 0.0179847 0.0070491 -0.00146755 0.0180626 -0.00373733 0.00445448 0.0205789 -0.00369088 0.00141835 0.0182031 -0.0022213 0.000929328 0.0211039 0.00621944 0.000151682 0.0204387 -0.00376928 -0.00283922 0.0166222 0.0056846 0.00216094 0.0184752 -0.00591742 -0.000133367 0.0178185 0.00361098 -0.000584494 0.0184962 0.0049223 0.00318858 0.0199079 0.00719198 0.000346492 0.0181512 0.00578326 -0.00428908 0.0184535 0.00363909 -0.00471023 0.0166831 -0.00240544 0.00678713 0.0213682 0.00134105 0.00449058 0.0172696 0.00634776 -0.000448434 0.0170487 0.0031389 0.00148846 0.0187287 0.00429557 0.0057784 0.018619 -0.00192334 0.00551545 0.0175098 5.39083e-05 0.00553342 0.0227262 0.002185 -0.00225217 0.0227684 -0.00302528 0.00578327 0.0264749 -0.00323846 0.00155392 0.0197315 -0.0014817 0.00316486 0.0250457 -0.00523238 0.00247086 0.0259228 0.00712491 -0.00103988 0.0232185 -1.03924e-05 0.00720014 0.0247276 -0.00299415 0.00533494 0.021688 -0.000345457 -0.00325391 0.0261954 -0.000164361 0.00484813 0.0250114 0.000583495 -0.00101598 0.0241287 -0.00198638 -0.00468818 0.02259 -0.00417692 -0.0022028 0.0249096 0.00272778 0.00137228 0.022934 0.000128248 -0.00719906 0.02369 -0.000750412 0.00280275 0.0232555 -0.00296004 -0.00502584 0.0202645 -0.00386225 -0.00406089 0.0240336 -0.00176783 0.000946777 0.0195698 0.00718722 0.00043421 0.0238453 -0.00417005 0.000633799 0.0226403 0.00139724 0.00273873 0.0231837 0.00393416 0.00357235 0.0265093 -0.00228922 0.00315999 0.0230033 0.00704562 0.00148407 0.0207564 0.00543497 0.00471915 0.0201286 -0.00129255 -0.0056448 0.0254149 0.00553955 0.00137291 0.0260978 -0.00346514 0.00389707 0.0222077 0.00355987 -0.00328191 0.022258 0.00652768 0.00303862 0.0249653 0.00507618 0.00234843 0.0227907 0.00277501 -0.000819418 0.0204286 0.00472742 0.00543079 0.0217023 0.000270331 0.00195625 0.0223613 -0.00585003 -0.000737753 0.0248898 0.00223336 8.7402e-05 0.026373 -0.00304904 2.21363e-05 0.0236034 0.00148934 -0.00338364 0.0201769 0.000271387 -0.00368993 0.0247853 -0.000757859 0.0059672 0.0240344 0.000389508 -0.000575348 0.0256912 -0.00588095 0.00415403 0.0240442 0.00627486 0.00287087 0.0209608 -0.00383503 0.00114972 0.0211599 0.00651283 -0.00217524 0.0241897 0.00360331 -0.00171131 0.0232729 0.00270456 -0.00667307 0.0229367 -0.000163421 -0.0025266 0.0211599 -0.00283187 -0.00271759 0.0242132 0.000566908 -0.00303241 0.0224903 -0.00275196 -0.00325745 0.0199008 0.00461527 -0.00386601 0.0233088 0.00347589 0.00561737 0.0256219 0.0034122 0.0063403 0.0214625 -0.000789655 0.0032457 0.0209665 0.00644017 -0.00245559 0.0213501 -0.00138425 0.00577529 0.0220696 0.0064845 0.00312898 0.0225256 0.00239793 -0.00581115 0.0196926 -0.00176757 0.000456508 0.0244569 0.00031877 4.99931e-05 0.0228395 0.00406391 0.00108354 0.0221028 -0.000747423 -0.00568437 0.0224108 -0.00458375 0.00227303 0.0202117 -0.00667648 0.0026958 0.0230249 -0.00563087 -0.00275611 0.0254437 0.00568588 -0.00111459 0.0253889 -0.00365868 0.00232224 0.0256756 8.72362e-05 -0.00639749 0.0257131 -0.000539714 0.00188309 0.0248756 0.00256222 -0.00436161 0.0228876 -0.00327118 -0.00169342 0.0224621 -0.00364111 -0.00621202 0.0193653 0.00356157 -0.00455579 0.0195228 -0.00309537 0.00650071 0.0227828 0.00279604 -0.00247162 0.0252037 -0.00708586 0.00127984 0.0224026 0.00200832 -0.00557483 0.0220051 0.000872819 -0.00446054 0.0218379 0.00369814 -0.0049198 0.0218394 -0.001602 -0.00219768 0.0253047 -4.81466e-05 -0.00545478 0.0244276 0.00113145 0.00121189 0.0235803 0.00461407 -0.00308746 0.0205706 -0.00303721 0.00308534 0.0244149 -0.00189428 0.00199781 0.0240321 0.000449365 0.00405802 0.0222489 -0.00312175 0.00648812 0.0250419 -0.00577218 -0.00430378 0.0228944 -0.00561944 0.00118424 0.0230342 -0.000407551 0.00718862 0.026529 -0.00444774 -0.00566124 0.0206324 -0.00549713 -0.00203431 0.024022 -0.00176704 -0.000626298 0.0210279 0.00431778 -0.00146208 0.0218634 -0.00718847 -0.000417002 0.0227289 0.000755953 0.00397429 0.0259853 -0.00482177 0.000318818 0.0241176 0.00174 0.00447837 0.0214022 0.000744215 0.00556847 0.026113 -0.005855 -0.00419053 0.018261 0.0041329 -0.000345319 0.0239152 0.00256081 0.0015772 0.0245118 -0.000655825 -0.00125285 0.0219931 0.00323374 -0.0064335 0.0214403 0.00511387 -0.00293807 0.0221029 -0.00296633 -2.08452e-05 0.0200545 0.000278842 0.00719493 0.0217685 -0.00325369 -0.00529008 0.0218142 -0.00577024 0.00430635 0.0260546 0.00136336 -0.0020503 0.021181 0.000721619 0.00716381 0.0233055 0.00433726 -0.0057471 0.0254739 -0.0018037 -0.00559871 0.0212126 0.000858574 0.00168115 0.0208998 -0.000333305 -0.0021572 0.023482 -0.00114926 0.00404011 0.0223077 -0.00567191 -0.000656569 0.0231774 -0.00481469 -0.00535352 0.022159 0.00228123 0.00682911 0.0234287 -0.00492553 0.00423984 0.0227639 0.0027303 0.00153356 0.0213423 0.00322853 0.00530161 0.022665 0.000764607 -0.00565952 0.023065 0.0058233 0.00423456 0.0241698 0.00525504 -0.00206972 0.0195154 -0.00254688 -0.00319485 0.0227134 -0.00102228 -0.00709617 0.0247965 0.00203213 -7.93593e-05 0.0232965 0.0065007 -2.45817e-05 0.0220036 -0.00492024 0.0052575 0.0250894 -0.0013989 0.00418005 0.01982 -0.000732524 0.00115709 0.0233174 0.00233795 0.00681005 0.0203741 0.00507506 -0.0051076 0.0242067 0.00109807 -0.0041559 0.0234976 -0.00125682 -0.00328954 0.018998 -0.00257493 -0.00117537 0.0245519 -0.00443318 0.00299424 0.0236388 0.00276177 0.00157277 0.0261007 -0.00652655 -0.00304136 0.020129 -0.0011244 0.00421946 0.0238972 -0.00149017 -0.00469223 0.0197299 -0.00526585 -0.00197012 0.0223602 0.00715071 -0.000844105 0.024806 -4.51596e-05 -0.0013131 0.0201241 -0.002397 -0.00444357 0.0245485 0.00688103 0.00212175 0.0237032 -0.00187736 -0.00181707 0.0232376 -0.00436718 0.00217629 0.0222658 0.00206613 -0.00546516 0.0239746 0.000783474 0.00543457 0.0185675 -0.000645879 -0.00450223 0.0213376 -0.00400076 -0.00425874 0.0256148 -0.000916389 -0.000872146 0.0247278 0.00351063 -0.00478967 0.0241024 0.00120239 0.00302573 0.019363 -0.00719106 0.00036255 0.0254818 0.00295298 -0.00211695 0.0213461 -0.00229753 0.00492087 0.0230669 -0.00095176 0.00713703 0.0227892 0.00263878 -0.00669904 0.0182413 -0.00205164 0.00690178 0.0239269 -0.00100446 -0.00327343 0.0222972 -0.00140044 -0.0070628 0.0232386 0.00468676 0.00546645 0.0233009 -0.00555478 -0.00458119 0.0258154 -0.00446577 -0.00564786 0.0263006 -3.61846e-05 0.00578589 0.0198954 0.00363747 0.0026248 0.0221486 0.000809951 0.0057755 0.0212565 0.00438264 -0.00571268 0.0205927 -0.00656145 -0.00296489 0.0232739 0.0051496 0.000327258 0.0249512 -0.00184451 0.00552713 0.0205581 0.00106563 0.0071215 0.025909 -0.000401868 -0.00718959 0.0219954 -0.00616728 0.00371603 0.0219027 0.00112198 0.00219269 0.024844 0.00579136 -0.001542 0.0224917 0.00696997 0.00180579 0.0266688 -0.00117582 -0.000379179 0.023228 -0.00282963 0.0022204 0.0218269 -0.00440664 0.00569442 0.022347 -0.00419985 -0.0026646 0.02333 0.00490607 0.0039354 0.0228938 -0.00504895 -0.00513345 0.0240556 -0.00391638 -0.00397427 0.0224373 -0.00463355 0.00368373 0.0250685 -0.00220296 0.00103543 0.0227 -0.00559191 -0.000565543 0.019324 0.00362758 0.00425046 0.0238028 0.00511398 0.00286386 0.0256935 -0.00695577 -0.00185961 0.0254163 -0.00500908 -0.00145751 0.0261408 0.00339629 -0.00031638 0.0224952 -0.000450678 0.004805 0.021089 0.0024582 -0.00676739 0.0256075 0.000991191 0.00598701 0.0243554 -0.000472954 -0.00439113 0.0233107 -0.000898942 0.000420623 0.0218704 0.000539379 0.00112293 0.025881 0.0046051 0.00304422 0.0241875 -0.00239004 -0.0020264 0.0189455 0.00212748 0.00296431 0.0217449 0.00717281 -0.000628916 0.0194189 -0.00559689 0.00108842 0.020571 0.00121793 -0.00709559 0.0225237 0.00700123 0.00138518 0.0251184 -0.00414975 -0.00249159 0.0200363 0.00294571 0.00282066 0.0235779 0.00436089 0.00121877 0.0236689 -0.00538477 5.6285e-05 0.0217745 -0.000200177 -0.00172311 0.0266368 -1.18989e-05 -0.00481044 0.0258916 0.00402345 0.00185702 0.0250965 0.000761118 0.00452523 0.023747 -0.00193411 0.00523375 0.0248327 -0.00666018 -0.00273723 0.0216938 -0.000742385 -0.00179303 0.0187666 -0.00336043 -0.00286501 0.0213764 -0.00138142 -0.00220386 0.0201744 0.00653064 -0.0030326 0.0228394 0.00222705 0.00407493 0.0228921 -0.00268893 -0.00667924 0.0223714 0.00395402 0.000511595 0.0259977 -0.00240682 -0.00678641 0.0255351 0.00421413 -0.00355051 0.0248289 0.00498775 -0.000158993 0.0225058 0.00532298 -0.00458647 0.019956 0.00183714 0.0035859 0.0244674 0.00080736 -0.00145537 0.022607 -0.00365533 0.00438946 0.0237244 -0.00412814 -0.00138066 0.0274741 0.000801438 0.000104834 0.0270866 0.00200098 -0.00288129 0.0282792 0.00174011 -0.00698665 0.028098 -0.00692411 0.00186787 0.0259686 -0.000885525 -0.00561751 0.0269616 0.00227928 -0.00545198 0.0298487 -0.00389863 0.000906937 0.0263818 0.00138877 0.00468212 0.0272781 0.00337076 -0.00636257 0.0243575 -0.00614083 0.000536197 0.0282598 0.00426803 -0.00579889 0.0280688 0.00118682 0.000848893 0.0293363 -0.00651282 -0.00306982 0.0299025 -0.000453158 -0.00253117 0.0297567 -0.00303715 -0.00413953 0.0269747 0.00269811 -0.00519574 0.0254195 -0.00288628 -0.00659649 0.0289029 -0.00716541 0.00070799 0.0270436 -1.78669e-05 -0.00214596 0.0250882 -0.00243328 0.00467843 0.0291503 -0.00496129 0.00311397 0.0292747 -0.00163086 -0.00416673 0.0259251 0.00384117 0.00358096 0.0282976 0.0055927 -0.000774329 0.028063 0.00556586 0.0018218 0.0245625 0.00554932 0.00458756 0.0261338 0.00199849 0.00296856 0.0259345 -0.00428179 -0.00318396 0.028215 -0.00161228 0.00261754 0.0265431 0.00492075 0.00525624 0.029065 -0.000733905 -0.000187893 0.0274273 0.00254593 0.00330979 0.0273985 -0.00414448 0.00333302 0.0268159 -0.00337799 0.00180412 0.0234663 4.38052e-05 0.00333418 0.0245385 -0.00435384 0.00489467 0.0265407 -0.00538929 -0.00236264 0.0274039 0.00621966 0.000385113 0.0271565 0.00661225 -0.00284961 0.0279947 -0.00277146 0.00430848 0.0276312 0.00591595 0.00101583 0.0230683 -0.00569133 0.00132024 0.0269352 0.00308161 -0.00313758 0.0237774 -0.00137265 0.00663921 0.0253517 -0.00354439 0.000973613 0.0248231 0.00634249 -0.00340883 0.0265205 -0.00308496 -0.00155982 0.0260188 -0.00658779 -0.00290669 0.0283127 -0.000865372 0.00428841 0.0292619 0.00205311 0.00478087 0.0255091 7.13819e-05 0.000451526 0.0245066 -0.00637159 -0.000659551 0.0264003 -0.00410187 0.00591758 0.0277445 -0.00143985 0.00705338 0.0290055 -0.0025428 -0.00155985 0.0275932 0.00113694 -0.00260793 0.0239237 0.00549511 -0.00465236 0.028239 -0.000943911 0.000299426 0.0258194 0.00205556 -0.00388566 0.0247502 -0.00408874 0.0059265 0.0238977 -0.00690474 -0.00204165 0.0270048 0.00358182 0.00624619 0.0241549 0.000720895 0.004508 0.0292797 0.00149544 -0.00432559 0.0261824 0.00688278 -0.00211455 0.025745 -0.00716701 -0.000690526 0.0278201 -0.00685725 0.00219539 0.0275942 0.00707706 -0.00132684 0.0278394 0.00543216 -0.00142319 0.0295163 0.00483396 -0.000648496 0.0266602 0.00413237 -0.00589616 0.0230301 0.0011299 0.00578624 0.0284065 0.00640169 0.00329575 0.0265388 0.00486168 0.00531086 0.0248835 0.00235098 0.00522222 0.0240004 0.00412836 -0.00168879 0.0247841 0.000819831 -0.00282051 0.0272019 -0.00419756 -0.00109144 0.023621 -0.00278577 0.00100987 0.0290154 -0.000579127 0.00282523 0.0277463 -0.00563893 0.000748565 0.0254421 0.00587066 0.00416883 0.0283761 0.00327263 -0.00133678 0.0263679 0.0051177 0.00308711 0.0274697 0.00261146 0.006465 0.0282734 0.00329581 0.00331516 0.0250654 0.00181872 -0.00129393 0.0256804 0.00580196 0.000559358 0.0289215 0.000493314 0.00192453 0.0302963 0.00607632 -0.00386235 0.0241292 0.0029987 0.00181206 0.0277323 -0.00367626 -0.00480743 0.0282802 0.00491751 0.00525912 0.0274413 0.0023609 0.00680205 0.0250263 -0.00047279 -0.00515088 0.028435 -0.00497155 -0.000107188 0.0269979 0.000963113 -0.00305894 0.0304254 0.00473842 -0.00391294 0.029588 -0.00382937 0.000306538 0.0301351 -0.002028 -0.00024067 0.0283661 0.00542608 0.00274152 0.029001 -0.000758813 0.00397261 0.0264998 0.00381043 -0.00432434 0.0261698 -0.00659731 0.000359047 0.0239965 -0.00695224 0.00187352 0.0243691 0.00293106 0.00476729 0.0268625 0.00402237 0.000870822 0.0285233 -0.0063266 0.00343797 0.028451 -0.00174547 0.00178097 0.0280759 -0.00395487 -0.0060167 0.0248302 -0.00365976 -0.00549212 0.023348 -0.00567667 -0.00442935 0.0297798 -0.000126142 0.00719919 0.0281043 -0.00153209 -0.0055843 0.0238346 0.000418929 -0.0043606 0.0273652 0.00710288 0.00118014 0.0282276 0.00265869 -0.00417421 0.0272701 -0.00531211 -0.00227672 0.0290438 -0.000269647 0.00580868 0.0273267 0.0030363 -0.000421273 0.0250774 0.00402335 -0.00273885 0.0261944 -1.05476e-05 0.00258866 0.0262103 0.00354395 -0.00270698 0.0286645 0.0014788 0.0016793 0.0270502 -4.69561e-05 0.00432723 0.0278879 0.00130811 -0.00281859 0.0256785 -0.0022828 -0.00191371 0.0291316 -0.00278806 -0.00526996 0.0258709 0.00165944 -0.00700631 0.0241117 -0.00351173 0.00299117 0.0282449 -0.000383509 0.00584573 0.0289219 0.00318159 0.00469261 0.0297962 0.00123401 -0.00709383 0.0265842 -0.00208634 0.000640625 0.027007 -0.00603292 -0.00393038 0.0244345 -0.00429181 -0.00287227 0.0263579 0.00306952 -0.00651303 0.0288515 -0.00266322 -4.75957e-05 0.0256831 0.00717095 -0.000649752 0.0263933 -0.0027569 -0.00665152 0.0239801 0.0015431 0.00703277 0.0293203 0.00163717 0.000302786 0.024799 0.00267242 -0.00131952 0.0282656 -0.00405358 0.00147614 0.0281583 0.00418943 0.0020024 0.026681 -0.00460169 -0.00553785 0.0293614 -0.00231505 0.00399408 0.0261307 -0.00535468 0.00194363 0.0244173 -0.0040588 -0.000626803 0.025158 0.000946539 0.00314901 0.0273905 -0.000540668 -0.0071798 0.0269594 0.00144902 -0.0013503 0.0272357 -0.0016219 -0.00102959 0.0263972 0.0054263 -0.00269244 0.0254225 -0.00646371 0.00317222 0.025165 -0.00196023 0.00692814 0.0268126 0.00544396 -0.00429187 0.0255344 0.00219733 0.00613406 0.0264708 0.00569387 -0.000687459 0.0238406 0.00502259 -0.00235393 0.0236361 -0.00147263 0.00539747 0.0263556 0.00719657 -0.000222706 0.028991 -0.00362391 -0.00622168 0.0275338 -0.00563174 -0.00097762 0.0281666 -0.00340566 0.00477216 0.0252572 -0.00415716 0.0042985 0.0299884 -0.00703162 -0.00154812 0.0238491 0.00222044 -0.00142671 0.0241379 -0.00282788 -0.00311794 0.0257619 -0.000474389 -0.00421238 0.0297305 -0.00223209 0.0015242 0.0255537 -0.00121227 -0.0032854 0.0241988 0.00136057 0.00707037 0.0274806 0.00577701 -0.00192131 0.0268849 0.00579458 -0.00427362 0.0307343 -0.00294195 0.00519818 0.0305753 0.0068645 0.00217291 0.0294967 -0.00437256 -0.0057203 0.0329285 0.00415138 0.000653969 0.0320449 0.00229701 0.00315987 0.0324335 -0.0057574 -0.000375393 0.0309949 0.00456472 0.000193735 0.0298674 0.0041436 0.00202061 0.0296292 -0.00116867 -0.00200685 0.0325309 0.000183396 -0.00719785 0.0284003 -0.00189227 0.00331075 0.0285206 -0.00568492 0.00131277 0.0331984 0.000959754 -0.00508938 0.0321865 0.00182051 0.00553293 0.0298272 0.00514304 -0.0027112 0.0286125 0.00218669 0.00429236 0.0286089 -0.00516151 0.00256792 0.0277846 0.00299976 0.00172589 0.0323356 -0.000138444 -0.00635893 0.0319439 0.000342209 0.00297135 0.0290456 0.00477143 -0.00539215 0.0327907 -0.00379642 -0.00221714 0.0295518 0.00501411 -0.00516723 0.0268025 0.00351344 -0.0062848 0.0304338 0.00351971 0.00514809 0.0283003 -0.000190998 -0.0024093 0.0313302 -0.000682396 -0.00539179 0.0307914 -0.00080805 0.00190639 0.0293661 -0.00365719 0.00407396 0.0314913 -0.000436817 0.00324456 0.030416 0.00369315 0.00618101 0.0295094 0.00292523 -0.00368967 0.0321838 0.00173501 0.00236669 0.0285416 -0.00170789 0.00546392 0.0279368 0.00391353 -0.00425062 0.0282595 0.00140868 0.00128883 0.0323757 -0.00510046 0.000979894 0.0315345 -0.00556319 0.00457098 0.0276185 -0.00704189 0.00150171 0.0301332 0.00209789 0.00544556 0.0314007 -0.00321877 -0.00644058 0.032086 0.000960672 -0.0020351 0.0291959 -0.000252694 0.000507826 0.0304552 0.00395063 -0.0015279 0.0301102 0.0016073 -0.000734192 0.0329672 0.00162344 -0.00070469 0.0300944 0.0028156 -6.12893e-05 0.0292433 -0.00378264 -0.00175215 0.0332564 0.00289199 0.00235544 0.0308687 -0.00114845 -0.00405086 0.0274458 0.00556551 0.00152828 0.0301724 -0.00377222 0.00188386 0.0317508 -0.00205826 0.00406892 0.0321707 0.000195684 -0.00161129 0.033267 -0.00468261 0.000148489 0.0287911 0.00454165 0.00498012 0.0305946 0.000684695 -0.00716743 0.0308355 0.0025539 0.000209416 0.0320879 0.000289322 -0.00336376 0.0286099 0.000830258 0.00338762 0.0330305 0.000903121 -0.00555666 0.0306575 -0.00650041 0.00309612 0.0300043 -0.00479888 -0.00101498 0.0298831 0.002023 -0.00571525 0.0267737 -0.00179137 0.000317537 0.0300601 -0.0054486 -0.00169831 0.03184 -0.00629523 -0.00349435 0.0267263 -0.000744502 -0.000467499 0.0326609 -0.00268826 -0.00335815 0.0297221 -0.00178721 0.00409123 0.0305544 0.00143361 0.00321457 0.0301896 -0.00517102 0.00501012 0.0320689 0.00526863 0.00152122 0.0277596 -0.000533355 0.004446 0.0314826 -5.29161e-06 0.00720003 0.0296995 0.00207793 0.00208073 0.0335942 0.00497336 -0.0030061 0.0325076 -0.00298679 0.0020121 0.0270937 -0.00420765 0.000806521 0.0328506 -0.00342762 4.74082e-05 0.0276464 0.0046359 -0.00550926 0.0295984 0.00263363 0.00149989 0.0295416 -0.00298602 -0.00288828 0.0324598 -0.00501473 -0.00296912 0.0304551 0.00667315 0.00270415 0.0279999 -0.00462824 -0.00426373 0.0270863 -0.00411992 0.00182666 0.0297179 -0.00453402 0.00292528 0.0308048 0.0036969 0.00617846 0.0330471 -0.00639348 -0.00331123 0.0327395 0.00285146 -0.0010739 0.0311802 0.00619482 0.000910351 0.0315072 0.00223817 -0.00683623 0.0312272 0.00320493 -0.00507535 0.0314346 -0.0029561 0.00327683 0.0297176 0.00110613 -0.00438105 0.0295358 -0.00280311 -0.00447581 0.0325375 0.00322579 0.000536415 0.0306732 0.00649772 0.00310203 0.0323849 -0.00114742 0.00648361 0.0327613 -0.00710638 -0.00115897 0.0306409 0.0070902 -0.0012541 0.0313077 0.0011991 -0.00709958 0.032415 0.00199796 -0.00521252 0.0282922 0.00509741 -0.00264432 0.0304943 0.00111007 -0.00056183 0.0285858 -0.00216645 -0.00686635 0.0271148 0.00720004 -2.60204e-05 0.0323272 0.00651953 0.00305548 0.0307858 -0.00263062 -0.00670248 0.0305943 -0.00237904 0.00535821 0.0338749 0.00430917 -0.00189098 0.0275207 0.00166885 0.00548337 0.0329416 0.00259932 0.00430966 0.0335042 -0.00268572 -0.00310462 0.0281426 0.00215257 -0.00410885 0.0307149 0.00540949 0.00193154 0.0324559 -0.0067431 -0.0025244 0.0313911 0.00366654 0.00619668 0.0271009 0.00255286 0.00394882 0.0310654 -0.00404494 -0.00182478 0.0310828 -0.00678584 -0.00154036 0.0291208 0.00145113 -0.00260279 0.0332502 -0.000420882 -0.00667831 0.0297876 0.00492588 -0.00352749 0.0272539 -0.00147645 0.00558183 0.03006 0.00262972 -0.00403686 0.0291897 0.00132823 -0.00140385 0.0315413 0.00497856 0.00349061 0.0327024 -0.00140688 -0.00706124 0.0285093 0.0062793 -0.00352322 0.029407 -0.00663594 0.00236218 0.0314195 -0.00104056 -0.000959111 0.029455 0.00412364 -0.000801683 0.0286952 0.00348122 -0.00313927 0.0302041 0.00390339 -0.00230963 0.0315054 -0.00578586 -0.00428555 0.0281902 -0.00436242 -0.000418775 0.0317769 0.000365333 0.00161527 0.0281971 0.000605195 -0.00594362 0.0275012 -0.00228629 -0.00535801 0.0276896 0.000785102 -0.0058854 0.0290962 0.00655543 -0.00297775 0.0322709 0.00261449 0.00670885 0.0305662 0.00233959 -0.00258967 0.0311808 -0.00358057 -0.0033554 0.0310498 -0.00414879 -0.0039966 0.0295866 -4.42793e-05 -0.0032019 0.0327127 0.00020995 0.0019273 0.0332357 -0.00417056 0.00444226 0.0283951 -0.00602881 0.00195881 0.0289827 0.000445752 0.00571629 0.0319368 -0.00409667 0.00335201 0.0328496 -0.00275143 -0.00113119 0.030446 -0.00403507 -0.00596317 0.0307956 -0.00312673 0.00522556 0.0324667 0.00105238 0.00424339 0.0315458 -0.000162294 -0.00145779 0.0282141 -0.000651858 0.00134883 0.0269912 0.00349127 -0.000125831 0.0273902 -0.00417222 -0.00467484 0.0317341 -0.00114518 -0.00271486 0.0283259 0.00486179 0.00531085 0.0323761 0.00581788 0.00424183 0.0299733 0.00050299 -4.94358e-05 0.0317506 0.00668316 -0.00267881 0.0307044 -0.00714683 0.000874111 0.0327188 0.00465183 -0.000631814 0.0312349 -0.00478757 0.000624842 0.0343306 0.00211291 0.000492615 0.0279168 0.00351879 -0.00628169 0.0267403 0.00179186 -0.00697372 0.029697 -0.00280296 0.00146161 0.03055 0.0038055 0.00611232 0.0314523 0.00406574 0.00354173 0.0313895 0.00715733 0.000783801 0.0302341 -0.00173388 -0.00577492 0.0296484 -0.00169729 -0.00407559 0.0307529 -0.00133105 0.00199811 0.0308753 0.00475017 -0.00541098 0.0311911 -0.00384508 0.00571356 0.0293104 -0.000240086 0.000296189 0.0288697 -0.00446165 0.00565131 0.0307861 -0.0017842 -0.00240526 0.0306352 0.00284354 0.00308396 0.0294451 0.00404532 -0.00214888 0.0334893 -0.00548784 0.000838818 0.0299887 -0.00131959 0.0070782 0.0306037 -0.00528044 -0.00231227 0.0333078 0.00441291 0.00199078 0.0312058 0.00247809 -0.0019996 0.0297004 0.00233585 0.00681067 0.0336017 0.00612258 0.00378886 0.0337803 0.00604882 -0.000335179 0.0305138 -0.00483249 -0.00317942 0.0320305 -0.00158164 -0.0070242 0.0317587 -0.00170445 -0.00268534 0.0268249 0.00012797 -0.00105324 0.0305435 -3.20699e-05 -0.00399939 0.0312531 0.00166569 0.000836283 0.0308628 -0.00140981 -0.00100306 0.0313082 -4.54545e-05 0.00145329 0.0317291 -0.00178457 0.00554935 0.0316295 -0.0026067 0.00289566 0.0312315 -0.00614653 0.00374992 0.0322244 -0.00274931 0.00665447 0.0281772 -0.0071924 0.000332115 0.0312142 0.0010156 0.00264595 0.0316252 0.00247801 -0.00266892 0.0267594 -0.00338876 -0.000762467 0.0290257 -0.00303971 0.00652703 0.0314607 -0.00720012 -8.91669e-06 0.0293276 0.00703001 -0.00155573 0.0328777 -0.000946384 0.00490854 0.0329574 0.00434677 0.00359652 0.0298154 0.00701589 0.00161815 0.0326838 -0.00270844 0.00667127 0.0299022 -0.00223085 0.00173941 0.0322712 -0.00153888 -0.00353796 0.0322514 8.12831e-05 0.00545251 0.0304014 -0.00298684 -0.00492831 0.030171 0.00103209 0.00667628 0.030799 -0.00137272 0.000570229 0.0315958 -0.00180874 -0.0043826 0.0288645 -0.00553283 0.00460746 0.0292176 -0.00289991 0.000125644 0.0314247 0.00693854 -0.00192351 0.0293173 -0.00289736 -0.00177226 0.0346593 0.00144388 0.00375524 0.0344619 -0.00399981 -0.00289196 0.0343583 0.00637201 0.00222619 0.0340163 -0.00643247 -0.000310156 0.033523 0.00480798 -0.00173782 0.0348344 0.00388165 -0.000812229 0.0326254 -0.000625122 0.00292457 0.0319722 0.0042853 -0.0038902 0.0313655 -0.00376735 0.00613577 0.0341019 0.00311277 0.00243209 0.0347627 -0.000135498 -0.00418531 0.0352782 0.00368471 -0.000673126 0.03524 -0.00577506 0.00429996 0.0307687 -0.00218479 -0.00686063 0.0332322 -0.00243441 0.00335006 0.0335496 -0.00199533 0.000562742 0.0344259 -0.00173238 0.00698861 0.0342422 -0.00428549 0.0028799 0.0343666 0.00199592 -0.00589424 0.0331019 0.00175913 -0.00428774 0.033317 0.00578755 0.00428311 0.0315723 0.00171671 -0.00355976 0.0347457 -0.00622154 -0.00135899 0.0347127 0.00347106 -0.00630822 0.0339218 0.00138826 -0.00706503 0.0340072 -0.00264815 -0.00358723 0.0338589 0.00337581 0.00475245 0.0321773 -0.00130012 -0.00167989 0.0346503 -0.00333499 0.00424893 0.0345195 -0.0055555 0.00196377 0.0347518 -0.000108032 -0.00446378 0.0337029 -0.000716945 0.00341786 0.0334913 -0.000886154 0.00129357 0.0353178 0.00269125 -0.00482147 0.0346108 -0.00351136 -0.000403598 0.0341029 -0.00550777 -0.00463766 0.032614 -0.000453266 0.00603416 0.0341308 0.00330747 -0.00639544 0.0323327 0.00110611 -0.00507049 0.0345501 0.000735013 0.00688347 0.0329922 -0.00550845 -0.00278149 0.0348794 0.00483299 0.00149292 0.0348577 0.00391146 -0.00305792 0.0349504 -0.00150735 0.00219193 0.0341487 -0.0069281 -0.0019601 0.0334091 0.000288624 -0.00302012 0.034267 0.00290504 -0.00324692 0.0337211 -0.000616052 -0.00717375 0.0332559 -0.00602167 -0.00394681 0.0312656 0.00132737 -0.00354816 0.0319656 -0.00267218 0.000378943 0.032988 0.00484654 0.00301038 0.0343508 0.00336828 0.00400757 0.0348743 0.00152488 0.000817796 0.0344176 -0.00210025 -0.00105284 0.0334149 -0.00283803 -0.00135496 0.0320277 0.0035996 0.00300004 0.0333484 0.000127901 0.00507469 0.0352717 0.000480172 0.000351685 0.0332991 0.00411916 0.00477453 0.0336878 0.00582804 -0.00422798 0.0330873 0.00566866 -0.00377593 0.0346138 0.000151435 -0.00181435 0.0353097 -6.21769e-05 0.00351944 0.0349476 0.0027436 -0.0019358 0.0325839 -0.000764964 -0.00493641 0.0323228 0.00534327 0.00482597 0.0347168 0.00552389 -0.00154207 0.0334171 0.0018964 -0.00195683 0.0346446 0.000404225 -0.00595172 0.0334141 0.00664814 -0.0027645 0.0338538 -0.00125756 -0.00327798 0.034587 0.00432676 -7.37736e-06 0.0339345 -0.00110151 0.00101559 0.0331431 0.00290025 -0.000974365 0.0338785 0.00418436 0.00151151 0.0333952 -0.00487412 -0.000582029 0.0332839 -0.00199246 -0.00466111 0.0349138 -0.00592634 -0.00408891 0.0340574 -0.00331754 -0.00513536 0.0339795 0.0023405 -0.00631832 0.0350539 -0.00288846 0.00180448 0.0348952 -0.00139979 0.00433112 0.0346136 0.000898962 -0.000729601 0.0344018 -0.000815313 -0.0061131 0.0344371 -0.00462701 -0.00144185 0.0346102 -0.00181318 -0.00532247 0.0334681 -0.00213831 -0.00544521 0.0314523 0.00605806 -0.000441917 0.0344486 0.00201813 0.00691143 0.0320369 -0.00334307 0.00204416 0.0333801 0.00327555 -0.00493434 0.0331257 0.00563349 0.000862046 0.0336244 -0.00696644 0.00181936 0.0340113 -0.00271512 0.00666871 0.0330209 -0.000172838 0.00719807 0.0317129 0.00113017 0.00607795 0.034356 -0.00437676 0.00481115 0.0334433 0.000446486 0.00477256 0.0337332 0.00212489 -0.000334854 0.035351 0.00562033 -0.00024826 0.0324492 0.0033711 0.000889545 0.0350999 -0.00235958 0.0032566 0.0353093 0.0043759 -0.00391445 0.0336813 0.0071816 0.000516009 0.0338323 0.00107713 0.00711905 0.0355697 -0.00297534 -0.00350586 0.0354229 -0.00179133 -0.0025435 0.0359044 -0.00264721 0.00614086 0.0352443 -0.00522329 0.00244461 0.0321662 -0.0041698 -0.00400995 0.0332266 0.000886217 0.00226689 0.0346454 -0.000487883 0.0071835 0.0352433 -0.00714228 -0.000910359 0.0322209 -0.000645394 -0.000277079 0.0342464 -0.00718835 0.000409998 0.0347354 0.00565457 -0.00172538 0.0318331 -0.00295734 -0.00656466 0.0346017 0.000404732 0.000359776 0.0354642 -0.00566858 0.00304716 0.0335799 0.00288485 0.000601683 0.0336031
</DataArray></Points>
      <Lines>
        <DataArray type="Int64" Name="connectivity" NumberOfComponents="1" format="ascii">
0 93 0 135 0 190 1 174 1 235 1 163 1 367 2 10 2 180 2 79 3 199 3 351 3 450 3 449 4 198 4 7 4 177 5 98 5 191 5 57 5 402 7 228 7 173 8 348 8 81 8 335 8 162 9 193 9 145 9 187 9 87 10 224 10 14 10 190 10 359 11 91 11 44 11 16 11 73 11 216 12 210 12 119 13 395 13 126 13 351 13 219 14 145 14 224 14 30 14 87 14 222 14 180 15 136 15 64 15 52 15 234 16 221 16 195 16 261 17 74 17 96 17 177 17 134 17 165 17 81 18 27 18 131 18 42 18 139 18 43 19 125 19 203 19 286 19 291 19 325 19 416 20 22 20 138 20 107 20 60 21 213 21 176 21 136 21 432 22 55 22 143 22 192 22 144 23 48 23 166 23 30 23 110 23 133 23 425 24 158 24 110 24 181 24 341 25 101 25 430 25 59 25 389 25 379 25 424 26 213 26 402 27 185 28 177 28 110 28 160 29 175 29 172 29 235 29 326 29 265 30 184 30 348 30 113 31 116 31 95 31 79 32 116 32 75 32 335 32 76 33 208 33 119 34 423 34 141 34 418 34 396 34 287 34 203 34 274 35 423 35 162 35 289 35 307 36 159 36 151 36 182 36 195 36 136 37 75 37 104 37 200 37 380 38 190 38 247 38 100 38 183 39 43 39 402 39 383 39 447 39 427 39 167 40 177 40 158 40 181 41 217 41 213 41 176 42 213 42 49 43 131 43 402 43 447 44 153 44 102 45 117 45 338 45 105 45 411 45 371 46 216 46 261 46 66 46 148 46 440 47 170 47 82 47 359 47 238 47 296 48 228 48 193 48 158 49 176 49 60 49 132 49 432 49 383 50 137 50 194 50 374 50 418 50 89 51 395 51 219 51 181 52 78 52 254 52 294 53 235 53 205 53 443 53 354 54 87 54 190 54 155 54 124 55 112 55 143 56 108 56 192 56 156 56 202 56 220 57 213 58 109 58 197 58 451 59 347 59 408 59 306 60 164 60 230 60 132 60 139 60 364 60 397 62 240 62 144 62 374 62 174 63 189 63 119 63 374 63 172 64 151 64 161 64 69 65 88 65 96 65 134 65 218 66 381 66 417 66 408 66 130 66 276 67 143 67 185 67 175 67 429 67 174 68 210 68 120 68 175 68 131 68 235 69 432 69 77 70 359 70 451 70 127 70 130 71 134 71 387 71 211 71 140 71 346 72 88 72 196 72 118 72 387 72 194 73 231 73 102 73 146 73 415 74 268 75 156 75 116 75 95 75 104 76 335 76 162 76 307 76 380 77 234 77 344 77 260 78 176 78 195 78 132 78 409 78 448 79 215 79 229 79 227 80 156 80 92 80 209 80 116 81 173 81 390 82 232 82 225 82 188 82 231 83 161 83 136 84 155 84 247 84 267 85 227 85 384 85 323 87 106 87 93 87 155 87 222 88 128 89 374 89 99 89 326 89 125 89 391 90 448 90 332 90 283 90 389 90 620 91 159 91 109 91 188 92 224 92 237 92 215 94 96 94 178 94 134 95 209 95 116 95 229 95 197 96 169 96 395 96 165 97 192 97 156 97 123 97 176 97 107 98 120 98 131 99 144 99 174 99 138 100 238 101 197 101 448 101 399 102 270 103 236 103 173 103 348 103 154 104 209 104 132 104 347 104 197 104 448 105 373 105 391 106 224 106 190 107 220 107 111 107 200 108 206 109 237 109 159 109 347 109 216 110 158 110 390 110 245 110 285 111 426 111 125 111 380 111 203 112 196 112 239 112 178 112 137 113 390 113 207 115 204 115 189 116 154 116 215 117 204 117 147 118 178 118 206 118 140 119 172 119 174 120 210 120 131 121 128 121 198 121 126 122 194 122 374 122 373 123 192 123 217 123 164 124 247 124 129 125 163 125 382 125 363 126 201 126 218 127 238 127 296 127 252 128 201 129 252 129 308 129 278 130 303 130 616 130 421 131 205 132 200 132 254 133 158 134 179 134 165 135 225 136 241 136 409 137 189 137 206 138 223 139 383 140 387 140 141 140 396 140 330 141 179 141 426 142 228 142 177 142 166 142 158 143 144 144 429 144 223 145 184 146 231 146 417 146 148 147 201 147 199 147 338 148 276 149 432 149 402 149 344 150 171 150 208 150 196 150 204 151 213 152 200 152 255 152 203 152 332 152 286 152 623 153 231 154 202 154 268 154 348 156 209 157 200 157 163 157 394 159 237 159 209 160 414 160 351 160 375 160 340 160 253 161 182 162 180 162 227 163 364 163 392 164 191 166 173 167 272 167 385 168 270 168 234 168 246 169 177 170 232 170 190 171 186 172 326 172 446 173 184 174 326 176 217 179 239 179 268 179 335 180 348 180 215 180 207 181 406 181 375 182 241 183 252 183 372 183 278 183 303 184 228 185 230 186 201 186 387 187 193 188 229 188 231 188 381 188 216 189 196 189 240 189 194 190 238 191 213 194 387 195 217 195 347 197 257 198 395 199 218 200 397 200 255 200 332 201 218 202 239 202 220 202 335 203 382 203 214 205 342 205 336 205 447 206 239 206 220 207 247 207 377 209 217 211 218 211 411 211 288 214 423 214 380 214 299 215 224 218 351 219 375 220 223 220 426 222 425 223 418 225 296 227 257 227 262 227 377 227 303 229 237 229 232 229 359 230 342 231 296 233 417 233 252 233 263 233 337 234 304 236 239 236 268 241 270 242 533 242 405 242 280 242 250 242 754 243 279 243 482 243 487 244 291 244 400 244 453 244 273 244 565 245 375 245 293 246 366 246 260 246 434 246 511 247 433 248 406 248 319 248 413 248 361 249 375 249 295 249 305 249 445 249 473 250 462 250 667 250 514 251 558 251 412 251 300 251 609 252 263 253 390 253 287 253 299 253 295 254 397 255 448 255 257 255 301 256 506 256 536 256 642 256 349 256 655 256 585 256 556 257 307 257 262 257 357 257 301 258 272 258 320 258 633 259 324 259 354 259 358 260 294 260 366 260 297 260 511 261 409 261 270 261 306 262 408 262 421 263 547 263 312 264 356 264 610 264 604 264 635 264 500 264 479 265 446 265 443 265 532 266 591 266 452 266 509 267 425 267 341 267 459 267 309 268 414 269 287 269 299 269 274 269 486 269 343 269 533 270 415 270 315 271 288 271 329 271 369 271 314 271 284 272 447 273 570 273 320 273 510 273 403 274 444 274 486 274 436 275 361 275 566 276 440 276 379 276 337 276 643 277 321 277 473 277 604 277 586 278 372 278 281 278 547 278 616 279 400 279 476 279 510 280 435 280 464 280 479 280 614 281 433 281 309 281 328 281 610 281 463 282 449 282 295 282 458 282 473 282 343 283 301 283 399 283 327 283 589 284 388 284 518 284 582 284 588 285 425 285 289 285 341 285 305 285 459 286 444 286 325 286 558 286 647 287 423 287 340 287 428 288 396 288 450 289 390 289 293 289 544 290 313 290 532 290 599 290 552 290 570 291 324 291 332 291 539 292 434 292 511 292 437 292 322 292 439 292 568 293 305 293 321 294 383 294 419 294 339 294 344 295 321 295 343 296 417 297 344 297 476 297 482 298 386 298 539 298 365 299 460 299 368 300 436 300 558 300 628 300 581 300 684 301 352 302 323 302 464 302 576 302 653 302 477 302 310 302 490 303 451 303 384 304 409 304 430 305 406 305 341 305 445 306 315 306 366 307 377 307 357 307 368 308 433 309 433 309 356 309 328 310 477 310 596 310 614 310 514 310 686 310 538 311 527 311 629 311 410 311 568 312 616 312 337 312 316 312 555 312 457 313 446 313 391 313 363 313 392 313 398 314 376 314 582 315 415 315 440 315 527 316 547 316 616 316 393 316 463 316 318 316 457 316 469 317 562 317 478 317 362 317 343 317 545 317 420 317 543 318 463 318 669 318 496 319 341 319 459 319 356 319 455 320 358 320 400 320 441 321 460 321 435 322 353 322 333 322 607 323 368 323 370 323 462 323 464 324 394 324 392 324 416 325 376 325 436 326 392 327 379 327 424 327 513 329 411 329 391 329 371 329 369 329 376 330 418 330 411 330 391 331 511 331 353 331 482 332 386 332 623 333 526 333 589 333 353 333 592 333 546 334 555 334 643 334 410 334 622 334 759 335 423 335 426 336 364 336 394 337 555 339 427 339 385 339 476 340 351 342 429 343 420 343 543 343 405 344 385 345 486 345 533 345 543 345 628 346 414 346 351 346 423 346 396 349 664 349 654 350 443 350 532 350 358 350 570 350 642 352 454 352 513 353 526 353 437 353 456 353 439 353 493 354 367 354 427 354 358 354 400 355 379 355 663 355 509 357 380 357 444 357 370 359 381 359 451 360 375 360 413 361 604 362 422 362 486 363 382 364 429 365 620 365 526 365 565 365 456 365 619 365 652 366 389 366 424 366 437 367 392 368 460 368 444 368 462 369 382 369 428 370 623 371 602 371 583 372 433 372 377 373 374 373 446 375 449 376 382 376 599 376 552 377 460 378 478 378 422 378 518 379 440 379 399 379 591 383 432 383 386 384 616 384 438 384 454 385 482 386 397 386 394 386 427 386 419 388 561 388 480 389 419 389 526 391 431 393 591 393 621 393 469 394 397 396 411 396 428 398 431 398 407 398 536 399 421 400 427 401 439 401 612 403 565 403 609 403 827 403 560 404 539 404 558 404 647 404 619 404 594 405 484 405 586 405 542 407 583 407 530 407 536 407 639 410 663 410 528 412 530 412 563 412 557 412 531 413 473 416 552 416 664 416 558 416 453 420 473 420 878 420 551 421 616 421 454 422 450 422 478 422 602 424 527 424 629 425 433 428 562 428 486 430 448 431 599 433 544 434 527 435 445 435 610 435 438 436 504 437 629 438 544 438 535 438 541 438 464 439 600 440 663 441 648 441 654 441 633 441 672 442 463 442 635 445 473 445 604 449 562 449 458 450 562 452 555 452 469 452 575 452 759 453 539 454 464 454 477 455 519 455 500 456 476 456 482 456 487 456 612 458 545 458 566 459 544 459 610 461 622 461 607 461 550 461 474 461 593 461 598 462 535 462 647 462 504 463 541 463 497 464 621 465 586 465 754 465 806 465 640 466 756 466 553 466 897 467 468 467 854 467 801 467 837 468 589 468 653 468 619 468 625 469 621 469 497 469 584 469 496 469 494 470 756 470 638 470 712 470 739 471 487 471 571 471 662 471 498 472 548 472 609 472 483 472 864 472 763 473 551 474 830 474 795 475 609 475 560 475 618 475 489 476 526 477 513 477 494 477 538 478 562 478 545 479 503 479 520 479 724 480 582 480 611 480 641 480 836 481 587 481 774 481 770 481 882 481 825 482 571 483 860 483 670 483 682 484 543 484 828 484 806 485 517 485 499 485 644 486 563 486 588 487 510 487 633 487 571 487 524 487 492 488 573 488 630 488 717 488 758 489 658 489 868 489 782 490 625 490 514 490 538 491 528 491 795 491 762 492 654 492 505 492 662 493 668 493 600 494 645 495 627 495 554 495 691 495 796 496 575 496 659 497 621 497 665 498 601 498 615 499 631 499 587 499 683 500 650 500 657 501 878 501 551 501 586 501 811 501 651 502 543 502 588 502 531 502 628 502 617 502 641 502 860 502 540 503 559 503 657 503 649 503 603 504 533 504 542 504 581 505 672 506 552 506 530 506 536 506 548 507 672 507 666 507 868 508 585 508 763 508 798 508 658 509 513 509 592 509 622 509 607 510 654 512 602 512 583 513 591 513 653 514 722 515 828 515 640 515 572 515 856 516 686 516 699 516 722 516 638 516 697 517 545 517 769 517 878 517 626 518 588 518 606 519 569 519 559 520 586 520 624 520 787 521 754 521 881 521 580 521 709 522 872 522 765 522 732 522 727 522 718 523 624 523 578 523 637 524 565 524 652 524 560 524 854 525 581 525 534 525 667 525 573 525 837 526 620 526 589 527 663 528 622 528 568 528 752 529 879 529 682 529 798 530 599 530 582 530 660 531 684 533 535 534 576 534 619 534 634 537 872 537 834 537 590 537 673 537 615 537 782 538 783 538 630 538 717 539 623 539 619 540 860 540 828 540 824 541 635 542 741 542 754 545 606 546 592 546 801 546 595 546 598 548 639 549 593 549 815 549 869 549 685 550 625 550 613 550 773 550 801 550 598 550 746 551 631 551 559 552 563 552 664 553 675 553 564 553 767 554 673 554 732 554 691 554 844 554 718 556 609 556 666 556 763 556 846 557 582 557 670 559 586 559 811 560 827 560 728 560 872 561 626 561 617 563 588 564 657 564 770 564 859 566 769 567 801 567 861 567 839 567 778 568 752 569 631 569 649 571 601 572 860 572 741 572 806 572 848 573 667 573 580 573 841 574 830 574 638 574 805 574 826 574 712 575 659 576 647 576 671 576 581 577 836 577 636 577 678 577 695 577 721 578 724 578 614 578 722 579 626 579 836 579 764 579 735 580 624 580 738 580 753 581 667 581 734 582 660 584 665 584 659 585 648 586 754 587 811 589 592 590 728 590 615 590 710 592 613 593 632 593 788 594 684 594 864 594 734 595 752 595 600 595 861 595 875 596 635 596 614 596 686 597 688 597 871 597 789 597 740 597 701 597 890 597 1018 597 700 598 698 600 627 601 691 603 657 603 724 603 787 603 823 605 860 605 734 605 789 606 878 606 617 607 629 608 641 608 860 608 824 608 794 608 678 609 864 611 660 612 662 612 646 613 653 613 645 614 754 614 722 615 673 615 677 617 865 617 832 618 827 618 871 618 834 618 765 619 827 620 671 622 645 622 795 623 671 624 722 624 733 625 801 625 837 625 717 626 779 627 875 627 853 630 783 630 637 631 769 632 795 634 827 634 734 634 837 634 688 634 765 635 650 635 724 636 641 636 760 637 722 637 702 637 803 637 704 638 783 638 712 638 739 639 660 639 707 640 651 640 733 640 809 640 792 642 648 643 663 644 828 644 779 644 683 644 708 644 856 644 829 645 830 646 861 646 732 646 691 649 770 651 828 651 774 651 856 652 668 653 671 654 666 655 707 656 801 656 717 656 758 656 858 657 675 661 837 661 732 661 858 661 839 662 872 665 669 665 699 665 756 666 728 667 741 667 754 668 854 668 801 668 732 669 756 670 760 670 763 672 728 674 954 674 797 674 680 675 756 676 767 676 874 676 1078 676 720 677 820 677 857 677 876 678 832 678 764 678 1040 678 772 679 842 679 1041 680 893 680 968 680 1217 681 881 681 688 681 701 681 867 681 1018 682 864 682 846 682 794 682 789 682 740 683 1022 683 829 685 788 685 815 685 913 686 783 686 722 687 1051 687 777 687 747 687 818 687 1073 687 978 688 864 688 734 689 740 689 742 689 1048 690 849 690 965 690 877 690 953 690 900 691 820 692 780 692 1052 692 1041 692 883 693 726 693 721 693 800 693 993 694 868 694 883 694 1061 695 760 695 794 695 842 695 903 695 966 696 697 696 1058 696 807 696 959 697 702 697 739 697 803 697 737 698 875 698 778 698 791 699 823 699 739 700 701 700 804 700 1054 700 817 700 785 701 848 701 804 701 784 702 821 702 870 703 857 703 951 703 910 704 738 704 753 704 862 704 870 705 851 705 913 705 744 706 734 706 837 706 808 706 841 707 760 708 735 708 757 709 881 709 884 710 868 710 857 710 1061 711 843 711 1006 711 931 711 1010 712 737 712 822 713 796 713 866 713 946 713 911 713 1088 714 834 714 857 714 910 715 884 715 743 715 776 715 939 715 1069 715 1017 716 1065 716 1089 718 839 718 1016 719 794 719 842 719 1052 719 1083 720 980 720 955 720 940 720 919 723 755 723 747 723 835 723 818 723 978 723 1013 723 887 723 932 725 846 725 798 725 740 725 780 725 954 725 890 726 764 726 944 727 880 727 1018 727 1054 729 740 729 1052 729 961 729 1068 730 880 730 1050 730 831 731 959 731 747 731 887 731 907 732 839 733 787 734 881 735 865 735 764 735 843 735 944 736 942 736 1033 736 1019 737 802 738 841 738 792 738 867 738 751 738 1051 738 833 739 821 740 1052 741 860 742 1040 742 776 742 939 742 967 742 784 743 856 743 757 743 884 743 888 743 745 744 1085 744 946 744 1243 744 918 744 981 744 975 745 1006 745 849 745 930 746 773 746 768 746 778 746 788 747 870 747 978 747 1038 748 880 748 839 748 910 748 916 748 1033 749 778 749 971 749 831 749 850 750 852 750 959 750 935 751 776 751 1069 752 762 753 1028 753 775 755 758 755 777 755 807 755 831 755 835 757 824 757 848 758 808 758 803 759 830 759 795 759 805 761 770 761 766 761 874 761 813 762 875 762 815 763 879 765 880 766 825 766 877 766 813 767 821 767 781 768 826 768 803 771 787 771 882 771 859 771 823 771 786 771 1028 771 775 772 1040 772 944 773 783 773 826 774 1022 774 825 775 823 775 821 775 1066 775 847 776 848 776 867 776 982 777 862 777 833 779 865 779 843 780 868 780 954 781 897 782 868 782 951 783 830 783 826 784 1017 784 817 784 1001 785 804 785 916 785 1079 785 992 785 970 786 825 786 1076 786 813 787 811 788 971 789 794 789 1040 789 848 790 1006 790 965 790 1010 790 1164 790 984 791 844 791 853 791 793 791 799 791 850 792 1028 793 839 793 831 793 1085 794 1040 796 820 796 819 796 942 797 1041 797 1082 797 1071 798 846 798 812 799 844 799 819 800 1083 800 1253 802 805 802 1065 804 867 804 1018 804 982 804 1001 807 971 807 835 808 837 809 856 809 882 809 849 809 1076 810 852 810 917 810 1038 811 882 812 879 812 842 812 1052 813 874 813 1066 813 877 813 1049 813 1042 813 816 814 1058 814 822 814 980 814 963 815 851 816 874 816 1007 816 955 817 920 817 893 818 863 818 933 818 1109 818 889 819 853 819 851 819 855 820 838 821 823 821 1058 821 1005 822 852 823 859 824 832 825 849 825 965 828 878 828 865 829 1006 831 835 831 1085 832 836 833 867 834 871 834 890 835 1089 835 887 835 1003 838 1016 839 858 839 844 840 1061 840 876 840 1081 840 1077 840 885 841 881 841 867 841 862 842 879 842 903 843 944 844 853 844 942 845 866 845 1077 845 929 846 871 847 1051 847 1005 847 917 847 1070 848 1040 849 856 849 1022 850 913 850 1085 850 928 852 959 852 963 853 875 854 872 855 1088 856 884 857 1061 857 1016 859 874 862 880 862 1050 863 1050 863 1059 863 1013 864 871 866 1016 866 942 866 946 866 1019 866 911 869 1065 869 1012 870 917 873 944 873 996 877 1076 877 1192 877 904 877 905 883 1086 885 1081 886 906 886 1046 886 1266 887 1003 887 1000 887 1223 888 944 888 931 889 1059 889 1057 890 1054 891 905 891 1282 891 1232 891 1301 891 985 892 907 892 935 892 906 892 1266 893 961 893 1079 893 1217 894 931 894 993 894 1030 894 1063 895 899 895 1165 895 1150 895 1263 896 1217 896 1147 897 1058 898 1030 898 1196 898 1299 899 1083 899 999 899 1002 899 1165 900 1301 900 1015 901 931 901 1056 901 1053 901 1234 902 1217 902 988 902 1075 902 991 902 1186 904 1069 904 1042 904 990 905 1049 905 1042 905 1232 905 1301 906 1003 906 1034 907 963 907 1026 907 937 908 1146 908 1292 908 1274 908 1281 909 1109 909 932 909 1024 909 977 909 1206 910 1054 910 1019 911 1116 912 1054 912 1079 912 968 912 1019 912 922 912 1087 913 1004 914 937 914 923 914 1275 915 1005 915 917 915 940 916 1059 917 1058 917 1073 918 1085 918 1248 918 1060 918 945 919 940 919 1031 919 1298 920 1048 920 1002 920 1039 920 1027 921 1056 921 1039 921 1032 921 1129 921 1244 921 1139 922 968 922 988 922 994 923 1155 923 1072 923 1241 923 1269 923 1119 924 1057 924 1123 924 983 924 1206 924 987 925 1088 925 1060 925 1080 926 996 926 1030 926 1002 927 939 927 953 927 930 927 1056 927 1228 928 1012 928 1089 928 1003 928 1243 929 1077 929 1080 929 1134 930 953 930 1164 930 1107 931 1025 932 1223 933 982 933 1062 933 1057 934 994 934 1261 934 1122 935 1034 936 1063 936 1053 936 1268 936 1169 936 1170 936 1215 937 1046 937 1072 938 1298 938 1045 938 1241 938 1168 938 1156 939 996 940 943 940 986 940 1155 940 1298 940 1045 941 1313 941 1218 941 1163 942 1016 943 1070 943 1073 943 1298 945 1243 945 981 945 1190 945 1262 947 1066 947 1051 947 1069 947 1070 948 1087 948 1248 948 1206 948 1213 949 1165 949 1027 949 1175 949 1250 950 995 950 1266 950 1084 950 1199 951 954 951 1068 952 1062 952 1073 952 1198 953 1069 953 1142 956 1282 956 1198 956 1043 956 1298 956 1135 957 1185 957 1163 957 1111 957 1281 958 1003 958 1248 958 1223 958 1260 958 979 959 971 959 1065 960 1088 960 981 960 1116 960 1067 960 1145 960 1124 961 1083 961 1041 961 1048 961 1047 962 995 962 1225 963 986 964 1015 964 1310 964 1235 964 1180 964 1279 965 1192 966 1040 966 999 967 999 967 1048 967 1017 967 1056 968 1086 968 1081 968 1077 969 1080 969 1067 969 1020 970 992 970 1087 971 1065 972 1062 972 1311 972 1109 972 1198 972 1024 972 1185 973 1225 973 1199 973 1014 973 1211 974 1083 974 1082 975 1004 975 1225 976 1248 976 1055 976 1067 977 1000 977 1093 977 1029 977 1274 978 1093 979 1206 979 1146 979 1190 979 1296 979 1178 980 986 981 1088 981 1225 982 1017 982 1311 983 1087 983 1123 983 1055 983 1064 984 1192 984 1044 984 1183 985 1031 985 1310 985 1304 985 1187 986 1026 986 1045 987 1206 987 1152 987 1220 987 1104 988 1079 988 1217 988 1123 989 1164 989 1107 989 1205 990 1070 990 1295 991 1297 991 1075 991 1147 991 1221 992 1050 992 1001 992 1057 993 996 993 1253 993 1030 994 1077 994 1075 995 1034 995 1004 995 1260 996 999 997 1237 997 1024 997 1035 998 1023 998 1171 998 1143 1000 1038 1000 1072 1001 1008 1002 1150 1002 1032 1002 1129 1003 1013 1003 1243 1005 1066 1006 1022 1007 1232 1008 1123 1008 1202 1009 1142 1009 1244 1009 1312 1009 1102 1010 1025 1011 1025 1011 1063 1012 1034 1013 1033 1013 1248 1014 1190 1014 1262 1014 1315 1014 1090 1014 1214 1014 1400 1015 1044 1015 1107 1017 1039 1018 1050 1019 1077 1019 1087 1019 1060 1020 1116 1020 1134 1020 1124 1020 1149 1020 1277 1021 1165 1021 1150 1021 1171 1021 1036 1023 1321 1023 1147 1023 1197 1024 1057 1024 1109 1024 1237 1024 1185 1024 1292 1026 1038 1026 1155 1026 1072 1027 1079 1027 1123 1029 1223 1029 1119 1030 1150 1031 1187 1031 1168 1032 1053 1033 1085 1033 1059 1035 1123 1035 1202 1035 1323 1035 1287 1036 1129 1036 1250 1036 1170 1036 1091 1037 1295 1037 1301 1037 1198 1037 1185 1038 1073 1039 1311 1039 1129 1042 1070 1043 1301 1043 1235 1043 1163 1044 1232 1045 1269 1047 1082 1047 1165 1047 1217 1047 1175 1048 1083 1051 1062 1053 1234 1054 1068 1055 1080 1059 1087 1059 1248 1061 1086 1062 1069 1062 1311 1063 1268 1064 1075 1064 1153 1066 1078 1066 1070 1067 1190 1069 1076 1069 1295 1070 1078 1070 1073 1071 1086 1071 1297 1072 1098 1073 1093 1074 1109 1074 1198 1074 1274 1074 1281 1075 1297 1075 1115 1075 1221 1078 1282 1081 1297 1082 1321 1084 1266 1084 1098 1084 1148 1084 1166 1090 1148 1090 1308 1090 1131 1091 1323 1091 1137 1091 1381 1091 1493 1092 1179 1092 1361 1092 1481 1093 1109 1093 1155 1093 1135 1094 1177 1094 1233 1094 1161 1094 1472 1094 1354 1095 1473 1095 1280 1095 1159 1095 1367 1096 1271 1096 1484 1096 1236 1097 1203 1097 1131 1097 1369 1097 1267 1098 1119 1098 1275 1098 1251 1099 1130 1099 1347 1099 1305 1099 1402 1100 1233 1100 1308 1100 1131 1100 1360 1100 1188 1100 1191 1101 1323 1101 1344 1101 1376 1102 1154 1102 1218 1102 1439 1103 1140 1103 1184 1103 1474 1103 1461 1104 1213 1104 1153 1104 1302 1104 1194 1105 1256 1105 1299 1105 1454 1105 1219 1106 1125 1106 1114 1106 1177 1106 1233 1106 1360 1107 1234 1107 1200 1108 1279 1108 1276 1108 1436 1108 1278 1108 1238 1108 1245 1110 1366 1110 1236 1110 1300 1111 1304 1111 1241 1111 1181 1111 1128 1112 1125 1112 1315 1112 1174 1112 1302 1112 1322 1113 1411 1113 1284 1113 1470 1113 1431 1113 1409 1114 1274 1114 1119 1114 1208 1114 1176 1115 1134 1117 1439 1117 1173 1117 1318 1117 1160 1117 1347 1117 1330 1118 1350 1118 1470 1118 1272 1118 1363 1119 1212 1120 1250 1120 1197 1120 1162 1120 1143 1120 1368 1121 1239 1121 1216 1121 1284 1121 1398 1122 1261 1122 1366 1122 1277 1122 1303 1123 1250 1124 1257 1125 1206 1125 1224 1126 1184 1126 1429 1126 1406 1126 1377 1127 1412 1127 1231 1127 1326 1128 1281 1128 1403 1128 1229 1128 1151 1130 1227 1130 1344 1130 1306 1131 1254 1131 1309 1132 1376 1132 1412 1132 1383 1132 1305 1133 1212 1133 1480 1134 1149 1135 1241 1136 1314 1136 1485 1136 1236 1136 1390 1137 1186 1137 1485 1137 1193 1137 1401 1138 1169 1138 1299 1138 1334 1139 1313 1139 1237 1139 1202 1139 1255 1139 1195 1139 1141 1140 1218 1140 1229 1140 1494 1141 1170 1141 1323 1141 1227 1141 1381 1141 1207 1142 1295 1142 1301 1143 1226 1143 1485 1144 1387 1144 1399 1144 1431 1144 1619 1145 1225 1145 1214 1146 1223 1146 1208 1147 1197 1147 1314 1147 1271 1148 1266 1148 1251 1148 1252 1149 1239 1151 1273 1151 1463 1151 1383 1151 1496 1152 1292 1152 1323 1152 1224 1152 1174 1153 1213 1153 1261 1153 1287 1153 1320 1153 1303 1154 1205 1154 1244 1154 1268 1154 1291 1155 1298 1156 1269 1156 1168 1156 1430 1157 1184 1157 1460 1157 1285 1157 1286 1158 1236 1158 1265 1158 1479 1158 1390 1158 1395 1159 1370 1159 1176 1159 1332 1159 1358 1159 1578 1160 1219 1160 1173 1160 1476 1160 1458 1161 1177 1161 1376 1161 1360 1161 1447 1162 1169 1162 1247 1162 1227 1162 1368 1163 1312 1163 1276 1163 1240 1164 1183 1166 1275 1166 1385 1166 1254 1167 1368 1167 1493 1167 1451 1167 1446 1168 1181 1169 1196 1169 1170 1170 1244 1171 1396 1172 1497 1172 1344 1172 1229 1172 1246 1172 1494 1172 1697 1172 1478 1173 1215 1173 1291 1173 1306 1174 1220 1174 1376 1174 1270 1175 1217 1176 1230 1176 1324 1177 1359 1178 1190 1178 1208 1178 1308 1179 1385 1179 1254 1180 1210 1180 1264 1180 1278 1181 1189 1181 1473 1182 1267 1182 1481 1182 1444 1183 1210 1184 1264 1184 1276 1185 1195 1185 1292 1186 1250 1186 1320 1187 1209 1187 1492 1187 1429 1188 1352 1188 1375 1188 1191 1188 1447 1188 1427 1189 1209 1189 1474 1189 1370 1190 1296 1191 1267 1191 1483 1191 1333 1191 1444 1193 1287 1193 1484 1193 1303 1193 1401 1193 1445 1193 1265 1194 1467 1194 1270 1194 1307 1195 1323 1195 1273 1196 1263 1197 1314 1197 1271 1199 1262 1199 1252 1199 1203 1200 1205 1200 1316 1200 1210 1200 1279 1200 1436 1201 1480 1201 1222 1201 1538 1202 1250 1203 1211 1203 1290 1204 1226 1204 1334 1204 1671 1204 1523 1205 1244 1207 1240 1207 1323 1207 1497 1207 1381 1208 1288 1208 1233 1209 1235 1209 1304 1209 1403 1209 1429 1211 1387 1211 1419 1212 1269 1212 1275 1212 1230 1212 1324 1214 1315 1214 1257 1214 1283 1214 1400 1215 1242 1215 1227 1216 1277 1218 1312 1218 1255 1218 1279 1219 1318 1220 1287 1220 1493 1220 1467 1221 1320 1221 1366 1222 1385 1222 1280 1222 1490 1222 1361 1223 1266 1224 1281 1224 1376 1226 1247 1226 1415 1227 1291 1227 1384 1228 1311 1228 1234 1229 1372 1229 1463 1230 1241 1230 1359 1230 1324 1230 1473 1230 1280 1231 1317 1231 1352 1231 1449 1231 1470 1232 1310 1233 1251 1233 1360 1233 1309 1235 1276 1236 1464 1237 1311 1238 1439 1238 1347 1239 1366 1239 1300 1239 1350 1240 1273 1241 1274 1241 1359 1242 1454 1242 1247 1242 1341 1243 1260 1244 1255 1245 1453 1245 1258 1245 1461 1245 1586 1246 1273 1246 1344 1247 1334 1247 1319 1247 1341 1249 1429 1249 1406 1249 1377 1249 1343 1251 1324 1252 1254 1254 1369 1255 1291 1256 1268 1256 1316 1256 1465 1256 1439 1257 1277 1257 1387 1257 1399 1258 1460 1258 1259 1258 1567 1259 1435 1259 1488 1259 1586 1260 1288 1261 1296 1261 1302 1262 1288 1263 1321 1264 1310 1264 1492 1264 1460 1265 1484 1265 1350 1265 1317 1267 1419 1267 1498 1270 1360 1270 1293 1270 1352 1271 1320 1271 1485 1271 1484 1272 1398 1273 1292 1274 1281 1275 1385 1276 1403 1277 1294 1277 1283 1278 1436 1278 1460 1281 1359 1283 1302 1283 1294 1284 1294 1284 1307 1284 1398 1285 1492 1285 1386 1286 1474 1286 1421 1286 1362 1286 1325 1287 1320 1289 1334 1289 1458 1290 1308 1290 1400 1291 1497 1293 1376 1293 1449 1293 1447 1293 1326 1294 1350 1294 1411 1295 1313 1296 1315 1298 1304 1300 1350 1301 1312 1302 1315 1303 1307 1305 1478 1305 1658 1306 1330 1306 1440 1307 1470 1308 1360 1308 1322 1309 1490 1309 1369 1309 1486 1311 1313 1314 1415 1315 1400 1317 1445 1317 1395 1317 1660 1318 1465 1318 1453 1318 1607 1319 1368 1319 1482 1319 1479 1319 1428 1319 1446 1320 1366 1320 1484 1322 1411 1322 1352 1322 1375 1324 1490 1325 1421 1325 1362 1325 1380 1325 1580 1326 1477 1326 1356 1326 1670 1327 1402 1327 1448 1327 1627 1328 1458 1328 1510 1328 1462 1328 1672 1329 1430 1329 1480 1329 1343 1330 1476 1330 1641 1330 1420 1331 1604 1331 1627 1331 1524 1331 1561 1332 1370 1332 1421 1332 1580 1332 1578 1333 1431 1333 1475 1333 1450 1333 1516 1333 1397 1334 1396 1335 1343 1335 1489 1335 1555 1335 1712 1335 1651 1336 1671 1336 1523 1336 1462 1336 1535 1336 1581 1337 1606 1337 1682 1337 1582 1337 1414 1337 1700 1338 1373 1338 1584 1339 1559 1339 1662 1339 1542 1339 1684 1339 1526 1340 1453 1340 1494 1340 1641 1340 1586 1340 1417 1340 1615 1341 1564 1341 1428 1342 1488 1342 1630 1342 1677 1343 1367 1343 1391 1344 1451 1345 1365 1345 1511 1345 1595 1345 1501 1345 1626 1346 1517 1346 1651 1346 1491 1346 1588 1347 1453 1347 1494 1347 1550 1348 1409 1348 1357 1348 1525 1348 1685 1348 1715 1349 1395 1349 1393 1349 1363 1349 1634 1349 1413 1349 1394 1351 1399 1351 1398 1351 1418 1352 1411 1352 1357 1353 1586 1353 1362 1353 1615 1353 1647 1354 1496 1354 1472 1354 1578 1354 1405 1355 1407 1355 1525 1355 1531 1355 1556 1356 1478 1356 1659 1356 1658 1356 1425 1356 1682 1357 1431 1357 1416 1357 1516 1358 1361 1358 1517 1358 1455 1359 1370 1361 1378 1362 1461 1362 1386 1362 1373 1362 1489 1363 1464 1363 1573 1363 1441 1364 1371 1364 1393 1364 1515 1364 1631 1365 1472 1365 1534 1365 1511 1365 1650 1367 1406 1367 1421 1367 1392 1367 1517 1368 1384 1369 1486 1370 1463 1370 1496 1371 1482 1371 1479 1371 1625 1372 1474 1372 1494 1373 1386 1373 1637 1373 1622 1373 1443 1374 1450 1374 1511 1374 1570 1375 1400 1376 1467 1377 1386 1378 1706 1378 1681 1379 1706 1379 1438 1379 1717 1380 1697 1380 1478 1380 1452 1382 1523 1382 1625 1383 1478 1383 1659 1384 1451 1384 1389 1386 1567 1386 1391 1387 1419 1388 1450 1388 1520 1388 1514 1388 1720 1389 1564 1389 1440 1389 1442 1390 1479 1390 1499 1391 1489 1391 1622 1392 1433 1393 1464 1393 1727 1393 1487 1394 1515 1394 1727 1394 1605 1394 1544 1394 1694 1395 1499 1395 1612 1397 1498 1397 1456 1397 1514 1397 1466 1398 1409 1398 1585 1401 1485 1402 1451 1402 1440 1402 1477 1402 1559 1404 1425 1404 1469 1404 1434 1404 1565 1404 1673 1405 1475 1405 1450 1405 1434 1405 1639 1405 1511 1405 1520 1406 1473 1407 1409 1407 1664 1408 1445 1408 1709 1408 1446 1408 1660 1409 1573 1409 1426 1410 1619 1410 1498 1410 1525 1410 1466 1412 1493 1412 1477 1413 1573 1413 1441 1413 1507 1413 1551 1414 1528 1414 1571 1414 1708 1415 1482 1416 1470 1416 1670 1416 1432 1416 1533 1417 1488 1417 1471 1418 1619 1419 1483 1420 1724 1420 1642 1420 1495 1421 1489 1422 1596 1422 1542 1422 1699 1423 1535 1423 1515 1423 1581 1423 1631 1423 1500 1423 1635 1423 1605 1424 1555 1424 1673 1424 1726 1425 1580 1425 1710 1426 1585 1426 1508 1426 1715 1427 1472 1427 1447 1427 1450 1428 1523 1428 1446 1428 1442 1429 1430 1430 1473 1430 1480 1431 1483 1431 1525 1432 1660 1432 1573 1432 1508 1432 1507 1433 1517 1433 1538 1433 1651 1433 1562 1434 1459 1434 1659 1434 1578 1434 1511 1434 1528 1435 1436 1436 1465 1437 1637 1437 1471 1437 1647 1437 1777 1438 1444 1438 1575 1440 1640 1440 1550 1440 1559 1441 1585 1441 1487 1442 1709 1442 1604 1442 1535 1443 1489 1443 1522 1443 1584 1443 1563 1444 1486 1444 1450 1444 1534 1444 1456 1445 1493 1445 1467 1446 1625 1446 1612 1447 1659 1448 1612 1448 1515 1449 1475 1449 1639 1451 1709 1452 1615 1452 1522 1452 1710 1452 1633 1452 1654 1455 1578 1455 1595 1456 1626 1456 1720 1457 1516 1457 1525 1457 1715 1457 1514 1457 1531 1457 1620 1458 1564 1458 1640 1459 1463 1459 1659 1459 1580 1461 1494 1462 1672 1463 1474 1463 1478 1468 1477 1468 1634 1468 1691 1468 1547 1469 1578 1469 1517 1469 1555 1469 1587 1470 1573 1471 1655 1472 1490 1475 1533 1477 1606 1481 1706 1482 1523 1483 1619 1486 1534 1487 1676 1488 1641 1489 1555 1489 1622 1491 1650 1491 1595 1491 1681 1491 1683 1491 1529 1495 1724 1495 1559 1495 1527 1495 1678 1495 1699 1499 1612 1500 1631 1501 1570 1501 1683 1501 1711 1502 1585 1502 1676 1502 1551 1502 1609 1503 1541 1503 1764 1503 1661 1503 1808 1504 1668 1504 1690 1504 1734 1504 1518 1504 1804 1505 1708 1505 1620 1505 1518 1505 1576 1505 1785 1505 1560 1505 1614 1506 1601 1506 1687 1506 1537 1506 1566 1506 1638 1507 1634 1507 1598 1507 1668 1508 1582 1508 1715 1508 1551 1508 1690 1509 1526 1509 1719 1509 1554 1509 1783 1510 1640 1510 1630 1510 1624 1512 1838 1512 1667 1512 1579 1512 1822 1513 1561 1513 1778 1513 1798 1513 1747 1513 1748 1514 1644 1515 1625 1517 1651 1518 1549 1518 1558 1518 1576 1519 1527 1519 1557 1519 1603 1519 1696 1519 1794 1520 1639 1520 1533 1520 1528 1520 1530 1520 1571 1521 1680 1521 1820 1521 1789 1522 1569 1522 1710 1522 1563 1522 1621 1524 1581 1524 1593 1524 1594 1525 1619 1525 1531 1526 1698 1526 1699 1527 1677 1527 1561 1527 1816 1527 1794 1528 1679 1529 1588 1529 1704 1529 1656 1529 1653 1530 1570 1530 1735 1531 1644 1532 1594 1532 1736 1532 1645 1532 1820 1532 1775 1533 1639 1533 1582 1533 1685 1534 1706 1535 1625 1535 1627 1536 1700 1536 1702 1536 1708 1536 1558 1536 1576 1537 1687 1537 1638 1537 1838 1537 1579 1538 1650 1538 1725 1539 1651 1539 1707 1539 1632 1540 1644 1540 1620 1540 1657 1540 1818 1540 1613 1541 1655 1541 1816 1541 1742 1542 1559 1542 1658 1542 1691 1543 1682 1543 1565 1543 1723 1543 1702 1543 1665 1544 1634 1544 1691 1544 1636 1544 1591 1544 1668 1545 1628 1545 1558 1545 1787 1545 1812 1545 1803 1546 1606 1546 1547 1546 1698 1547 1634 1547 1582 1548 1583 1548 1784 1548 1689 1549 1582 1549 1685 1549 1690 1550 1697 1550 1724 1550 1662 1551 1592 1552 1673 1552 1588 1552 1579 1553 1704 1553 1703 1553 1743 1554 1568 1554 1623 1554 1812 1555 1710 1555 1563 1555 1687 1556 1715 1556 1664 1556 1674 1557 1624 1557 1672 1558 1598 1558 1591 1558 1849 1559 1662 1559 1596 1560 1708 1560 1649 1560 1827 1561 1642 1562 1651 1562 1741 1562 1632 1564 1671 1564 1604 1565 1633 1566 1618 1566 1621 1566 1689 1568 1701 1568 1665 1568 1802 1568 1843 1569 1724 1569 1615 1569 1647 1569 1678 1569 1684 1569 1646 1570 1704 1570 1574 1571 1685 1571 1708 1571 1620 1572 1741 1572 1683 1572 1826 1574 1720 1574 1657 1574 1714 1575 1722 1575 1688 1576 1840 1576 1738 1577 1736 1577 1643 1577 1845 1577 1789 1577 1686 1577 1832 1579 1805 1579 1779 1579 1819 1579 1669 1580 1710 1581 1680 1582 1598 1583 1646 1583 1597 1583 1719 1583 1784 1584 1647 1584 1646 1584 1695 1586 1637 1587 1673 1587 1588 1588 1838 1589 1674 1589 1663 1589 1788 1589 1692 1590 1618 1590 1764 1590 1773 1590 1689 1590 1807 1591 1645 1591 1628 1592 1694 1592 1829 1592 1608 1592 1617 1592 1716 1593 1672 1593 1603 1593 1766 1594 1616 1594 1680 1594 1766 1595 1704 1596 1642 1596 1627 1596 1616 1597 1816 1597 1661 1597 1719 1597 1839 1597 1754 1598 1700 1599 1609 1599 1749 1599 1617 1599 1716 1599 1629 1599 1693 1600 1703 1600 1824 1600 1714 1600 1823 1600 1765 1601 1622 1601 1618 1601 1707 1601 1842 1602 1666 1602 1694 1602 1845 1602 1608 1602 1713 1603 1747 1605 1666 1605 1636 1606 1658 1607 1630 1608 1829 1608 1833 1609 1664 1610 1677 1610 1655 1610 1816 1610 1696 1611 1656 1611 1823 1611 1757 1611 1811 1611 1837 1613 1652 1613 1614 1614 1755 1614 1729 1614 1788 1614 1781 1615 1662 1616 1627 1616 1645 1616 1778 1617 1690 1617 1804 1617 1821 1618 1777 1620 1675 1620 1755 1621 1654 1621 1646 1621 1638 1622 1712 1623 1778 1623 1793 1623 1774 1623 1797 1624 1677 1626 1720 1626 1688 1626 1703 1627 1635 1628 1698 1628 1645 1628 1665 1629 1675 1629 1749 1629 1785 1629 1693 1631 1666 1632 1838 1633 1658 1633 1682 1633 1698 1634 1660 1635 1691 1635 1736 1635 1645 1635 1636 1638 1726 1638 1805 1639 1659 1639 1682 1641 1724 1642 1672 1643 1666 1643 1799 1644 1722 1644 1674 1644 1818 1645 1691 1645 1778 1645 1793 1646 1661 1646 1695 1647 1721 1648 1719 1648 1778 1648 1774 1649 1702 1649 1787 1649 1802 1649 1840 1650 1725 1650 1681 1651 1687 1652 1720 1652 1722 1652 1768 1653 1838 1653 1819 1653 1826 1653 1746 1654 1710 1654 1701 1654 1726 1654 1784 1655 1721 1655 1661 1656 1823 1657 1708 1658 1662 1660 1670 1661 1764 1663 1749 1663 1755 1663 1788 1664 1749 1665 1702 1665 1787 1666 1727 1667 1707 1667 1732 1668 1694 1668 1845 1668 1734 1668 1829 1669 1805 1669 1758 1673 1726 1673 1704 1674 1755 1675 1715 1675 1690 1676 1694 1677 1724 1677 1721 1678 1816 1678 1719 1679 1723 1679 1704 1679 1735 1680 1736 1681 1717 1684 1701 1686 1793 1686 1734 1686 1796 1686 1775 1686 1733 1688 1824 1692 1818 1692 1825 1693 1731 1693 1780 1693 1795 1695 1839 1699 1794 1699 1778 1701 1723 1702 1723 1702 1708 1702 1735 1703 1711 1704 1718 1705 1741 1705 1838 1705 1848 1707 1842 1711 1717 1711 1823 1713 1796 1713 1799 1714 1760 1716 1731 1718 1723 1718 1779 1718 1802 1718 1819 1719 1794 1720 1722 1722 1824 1722 1818 1723 1726 1725 1741 1726 1784 1726 1779 1728 1730 1728 1763 1728 1756 1729 1840 1729 1792 1730 1839 1730 1754 1730 1835 1730 1769 1730 1814 1731 1821 1732 1842 1732 1805 1732 1751 1732 1844 1733 1796 1733 1771 1733 1740 1734 1793 1734 1803 1734 1801 1735 1760 1737 1826 1737 1823 1737 1837 1738 1785 1738 1830 1738 1781 1739 1759 1739 1774 1739 1800 1740 1803 1740 1801 1740 1828 1740 1830 1742 1776 1742 1815 1742 1846 1743 1819 1743 1772 1743 1757 1744 1779 1744 1843 1744 1761 1744 1810 1745 1823 1745 1765 1745 1837 1746 1819 1746 1848 1747 1820 1747 1753 1748 1778 1748 1775 1748 1767 1750 1774 1750 1775 1750 1762 1751 1773 1751 1769 1751 1814 1752 1766 1752 1820 1752 1809 1753 1798 1753 1809 1754 1835 1754 1800 1756 1783 1756 1843 1756 1800 1756 1791 1756 1836 1757 1826 1757 1831 1758 1848 1758 1822 1759 1794 1759 1798 1759 1774 1759 1767 1760 1772 1760 1792 1760 1811 1761 1772 1761 1847 1762 1820 1762 1809 1763 1805 1763 1779 1764 1777 1764 1839 1764 1807 1765 1827 1765 1825 1765 1786 1765 1841 1767 1798 1768 1824 1768 1818 1769 1807 1770 1821 1770 1780 1770 1830 1771 1832 1771 1775 1772 1802 1773 1842 1774 1800 1774 1791 1776 1798 1776 1813 1779 1783 1780 1785 1781 1788 1782 1787 1782 1849 1782 1847 1782 1828 1782 1840 1783 1784 1785 1804 1786 1827 1786 1792 1787 1843 1788 1795 1789 1832 1789 1790 1790 1832 1790 1799 1791 1812 1792 1840 1792 1811 1794 1815 1796 1845 1796 1817 1797 1812 1797 1803 1798 1813 1800 1806 1800 1836 1801 1849 1801 1821 1803 1849 1804 1849 1805 1814 1806 1815 1806 1835 1808 1815 1808 1839 1808 1846 1810 1819 1810 1831 1811 1831 1812 1847 1812 1828 1813 1815 1817 1821 1817 1833 1820 1832 1821 1833 1822 1844 1825 1827 1825 1834 1830 1849 1834 1841 1835 1836 1838 1848
</DataArray>
        <DataArray type="Int64" Name="offsets" NumberOfComponents="1" format="ascii">
2 4 6 8 10 12 14 16 18 20 22 24 26 28 30 32 34 36 38 40 42 44 46 48 50 52 54 56 58 60 62 64 66 68 70 72 74 76 78 80 82 84 86 88 90 92 94 96 98 100 102 104 106 108 110 112 114 116 118 120 122 124 126 128 130 132 134 136 138 140 142 144 146 148 150 152 154 156 158 160 162 164 166 168 170 172 174 176 178 180 182 184 186 188 190 192 194 196 198 200 202 204 206 208 210 212 214 216 218 220 222 224 226 228 230 232 234 236 238 240 242 244 246 248 250 252 254 256 258 260 262 264 266 268 270 272 274 276 278 280 282 284 286 288 290 292 294 296 298 300 302 304 306 308 310 312 314 316 318 320 322 324 326 328 330 332 334 336 338 340 342 344 346 348 350 352 354 356 358 360 362 364 366 368 370 372 374 376 378 380 382 384 386 388 390 392 394 396 398 400 402 404 406 408 410 412 414 416 418 420 422 424 426 428 430 432 434 436 438 440 442 444 446 448 450 452 454 456 458 460 462 464 466 468 470 472 474 476 478 480 482 484 486 488 490 492 494 496 498 500 502 504 506 508 510 512 514 516 518 520 522 524 526 528 530 532 534 536 538 540 542 544 546 548 550 552 554 556 558 560 562 564 566 568 570 572 574 576 578 580 582 584 586 588 590 592 594 596 598 600 602 604 606 608 610 612 614 616 618 620 622 624 626 628 630 632 634 636 638 640 642 644 646 648 650 652 654 656 658 660 662 664 666 668 670 672 674 676 678 680 682 684 686 688 690 692 694 696 698 700 702 704 706 708 710 712 714 716 718 720 722 724 726 728 730 732 734 736 738 740 742 744 746 748 750 752 754 756 758 760 762 764 766 768 770 772 774 776 778 780 782 784 786 788 790 792 794 796 798 800 802 804 806 808 810 812 814 816 818 820 822 824 826 828 830 832 834 836 838 840 842 844 846 848 850 852 854 856 858 860 862 864 866 868 870 872 874 876 878 880 882 884 886 888 890 892 894 896 898 900 902 904 906 908 910 912 914 916 918 920 922 924 926 928 930 932 934 936 938 940 942 944 946 948 950 952 954 956 958 960 962 964 966 968 970 972 974 976 978 980 982 984 986 988 990 992 994 996 998 1000 1002 1004 1006 1008 1010 1012 1014 1016 1018 1020 1022 1024 1026 1028 1030 1032 1034 1036 1038 1040 1042 1044 1046 1048 1050 1052 1054 1056 1058 1060 1062 1064 1066 1068 1070 1072 1074 1076 1078 1080 1082 1084 1086 1088 1090 1092 1094 1096 1098 1100 1102 1104 1106 1108 1110 1112 1114 1116 1118 1120 1122 1124 1126 1128 1130 1132 1134 1136 1138 1140 1142 1144 1146 1148 1150 1152 1154 1156 1158 1160 1162 1164 1166 1168 1170 1172 1174 1176 1178 1180 1182 1184 1186 1188 1190 1192 1194 1196 1198 1200 1202 1204 1206 1208 1210 1212 1214 1216 1218 1220 1222 1224 1226 1228 1230 1232 1234 1236 1238 1240 1242 1244 1246 1248 1250 1252 1254 1256 1258 1260 1262 1264 1266 1268 1270 1272 1274 1276 1278 1280 1282 1284 1286 1288 1290 1292 1294 1296 1298 1300 1302 1304 1306 1308 1310 1312 1314 1316 1318 1320 1322 1324 1326 1328 1330 1332 1334 1336 1338 1340 1342 1344 1346 1348 1350 1352 1354 1356 1358 1360 1362 1364 1366 1368 1370 1372 1374 1376 1378 1380 1382 1384 1386 1388 1390 1392 1394 1396 1398 1400 1402 1404 1406 1408 1410 1412 1414 1416 1418 1420 1422 1424 1426 1428 1430 1432 1434 1436 1438 1440 1442 1444 1446 1448 1450 1452 1454 1456 1458 1460 1462 1464 1466 1468 1470 1472 1474 1476 1478 1480 1482 1484 1486 1488 1490 1492 1494 1496 1498 1500 1502 1504 1506 1508 1510 1512 1514 1516 1518 1520 1522 1524 1526 1528 1530 1532 1534 1536 1538 1540 1542 1544 1546 1548 1550 1552 1554 1556 1558 1560 1562 1564 1566 1568 1570 1572 1574 1576 1578 1580 1582 1584 1586 1588 1590 1592 1594 1596 1598 1600 1602 1604 1606 1608 1610 1612 1614 1616 1618 1620 1622 1624 1626 1628 1630 1632 1634 1636 1638 1640 1642 1644 1646 1648 1650 1652 1654 1656 1658 1660 1662 1664 1666 1668 1670 1672 1674 1676 1678 1680 1682 1684 1686 1688 1690 1692 1694 1696 1698 1700 1702 1704 1706 1708 1710 1712 1714 1716 1718 1720 1722 1724 1726 1728 1730 1732 1734 1736 1738 1740 1742 1744 1746 1748 1750 1752 1754 1756 1758 1760 1762 1764 1766 1768 1770 1772 1774 1776 1778 1780 1782 1784 1786 1788 1790 1792 1794 1796 1798 1800 1802 1804 1806 1808 1810 1812 1814 1816 1818 1820 1822 1824 1826 1828 1830 1832 1834 1836 1838 1840 1842 1844 1846 1848 1850 1852 1854 1856 1858 1860 1862 1864 1866 1868 1870 1872 1874 1876 1878 1880 1882 1884 1886 1888 1890 1892 1894 1896 1898 1900 1902 1904 1906 1908 1910 1912 1914 1916 1918 1920 1922 1924 1926 1928 1930 1932 1934 1936 1938 1940 1942 1944 1946 1948 1950 1952 1954 1956 1958 1960 1962 1964 1966 1968 1970 1972 1974 1976 1978 1980 1982 1984 1986 1988 1990 1992 1994 1996 1998 2000 2002 2004 2006 2008 2010 2012 2014 2016 2018 2020 2022 2024 2026 2028 2030 2032 2034 2036 2038 2040 2042 2044 2046 2048 2050 2052 2054 2056 2058 2060 2062 2064 2066 2068 2070 2072 2074 2076 2078 2080 2082 2084 2086 2088 2090 2092 2094 2096 2098 2100 2102 2104 2106 2108 2110 2112 2114 2116 2118 2120 2122 2124 2126 2128 2130 2132 2134 2136 2138 2140 2142 2144 2146 2148 2150 2152 2154 2156 2158 2160 2162 2164 2166 2168 2170 2172 2174 2176 2178 2180 2182 2184 2186 2188 2190 2192 2194 2196 2198 2200 2202 2204 2206 2208 2210 2212 2214 2216 2218 2220 2222 2224 2226 2228 2230 2232 2234 2236 2238 2240 2242 2244 2246 2248 2250 2252 2254 2256 2258 2260 2262 2264 2266 2268 2270 2272 2274 2276 2278 2280 2282 2284 2286 2288 2290 2292 2294 2296 2298 2300 2302 2304 2306 2308 2310 2312 2314 2316 2318 2320 2322 2324 2326 2328 2330 2332 2334 2336 2338 2340 2342 2344 2346 2348 2350 2352 2354 2356 2358 2360 2362 2364 2366 2368 2370 2372 2374 2376 2378 2380 2382 2384 2386 2388 2390 2392 2394 2396 2398 2400 2402 2404 2406 2408 2410 2412 2414 2416 2418 2420 2422 2424 2426 2428 2430 2432 2434 2436 2438 2440 2442 2444 2446 2448 2450 2452 2454 2456 2458 2460 2462 2464 2466 2468 2470 2472 2474 2476 2478 2480 2482 2484 2486 2488 2490 2492 2494 2496 2498 2500 2502 2504 2506 2508 2510 2512 2514 2516 2518 2520 2522 2524 2526 2528 2530 2532 2534 2536 2538 2540 2542 2544 2546 2548 2550 2552 2554 2556 2558 2560 2562 2564 2566 2568 2570 2572 2574 2576 2578 2580 2582 2584 2586 2588 2590 2592 2594 2596 2598 2600 2602 2604 2606 2608 2610 2612 2614 2616 2618 2620 2622 2624 2626 2628 2630 2632 2634 2636 2638 2640 2642 2644 2646 2648 2650 2652 2654 2656 2658 2660 2662 2664 2666 2668 2670 2672 2674 2676 2678 2680 2682 2684 2686 2688 2690 2692 2694 2696 2698 2700 2702 2704 2706 2708 2710 2712 2714 2716 2718 2720 2722 2724 2726 2728 2730 2732 2734 2736 2738 2740 2742 2744 2746 2748 2750 2752 2754 2756 2758 2760 2762 2764 2766 2768 2770 2772 2774 2776 2778 2780 2782 2784 2786 2788 2790 2792 2794 2796 2798 2800 2802 2804 2806 2808 2810 2812 2814 2816 2818 2820 2822 2824 2826 2828 2830 2832 2834 2836 2838 2840 2842 2844 2846 2848 2850 2852 2854 2856 2858 2860 2862 2864 2866 2868 2870 2872 2874 2876 2878 2880 2882 2884 2886 2888 2890 2892 2894 2896 2898 2900 2902 2904 2906 2908 2910 2912 2914 2916 2918 2920 2922 2924 2926 2928 2930 2932 2934 2936 2938 2940 2942 2944 2946 2948 2950 2952 2954 2956 2958 2960 2962 2964 2966 2968 2970 2972 2974 2976 2978 2980 2982 2984 2986 2988 2990 2992 2994 2996 2998 3000 3002 3004 3006 3008 3010 3012 3014 3016 3018 3020 3022 3024 3026 3028 3030 3032 3034 3036 3038 3040 3042 3044 3046 3048 3050 3052 3054 3056 3058 3060 3062 3064 3066 3068 3070 3072 3074 3076 3078 3080 3082 3084 3086 3088 3090 3092 3094 3096 3098 3100 3102 3104 3106 3108 3110 3112 3114 3116 3118 3120 3122 3124 3126 3128 3130 3132 3134 3136 3138 3140 3142 3144 3146 3148 3150 3152 3154 3156 3158 3160 3162 3164 3166 3168 3170 3172 3174 3176 3178 3180 3182 3184 3186 3188 3190 3192 3194 3196 3198 3200 3202 3204 3206 3208 3210 3212 3214 3216 3218 3220 3222 3224 3226 3228 3230 3232 3234 3236 3238 3240 3242 3244 3246 3248 3250 3252 3254 3256 3258 3260 3262 3264 3266 3268 3270 3272 3274 3276 3278 3280 3282 3284 3286 3288 3290 3292 3294 3296 3298 3300 3302 3304 3306 3308 3310 3312 3314 3316 3318 3320 3322 3324 3326 3328 3330 3332 3334 3336 3338 3340 3342 3344 3346 3348 3350 3352 3354 3356 3358 3360 3362 3364 3366 3368 3370 3372 3374 3376 3378 3380 3382 3384 3386 3388 3390 3392 3394 3396 3398 3400 3402 3404 3406 3408 3410 3412 3414 3416 3418 3420 3422 3424 3426 3428 3430 3432 3434 3436 3438 3440 3442 3444 3446 3448 3450 3452 3454 3456 3458 3460 3462 3464 3466 3468 3470 3472 3474 3476 3478 3480 3482 3484 3486 3488 3490 3492 3494 3496 3498 3500 3502 3504 3506 3508 3510 3512 3514 3516 3518 3520 3522 3524 3526 3528 3530 3532 3534 3536 3538 3540 3542 3544 3546 3548 3550 3552 3554 3556 3558 3560 3562 3564 3566 3568 3570 3572 3574 3576 3578 3580 3582 3584 3586 3588 3590 3592 3594 3596 3598 3600 3602 3604 3606 3608 3610 3612 3614 3616 3618 3620 3622 3624 3626 3628 3630 3632 3634 3636 3638 3640 3642 3644 3646 3648 3650 3652 3654 3656 3658 3660 3662 3664 3666 3668 3670 3672 3674 3676 3678 3680 3682 3684 3686 3688 3690 3692 3694 3696 3698 3700 3702 3704 3706 3708 3710 3712 3714 3716 3718 3720 3722 3724 3726 3728 3730 3732 3734 3736 3738 3740 3742 3744 3746 3748 3750 3752 3754 3756 3758 3760 3762 3764 3766 3768 3770 3772 3774 3776 3778 3780 3782 3784 3786 3788 3790 3792 3794 3796 3798 3800 3802 3804 3806 3808 3810 3812 3814 3816 3818 3820 3822 3824 3826 3828 3830 3832 3834 3836 3838 3840 3842 3844 3846 3848 3850 3852 3854 3856 3858 3860 3862 3864 3866 3868 3870 3872 3874 3876 3878 3880 3882 3884 3886 3888 3890 3892 3894 3896 3898 3900 3902 3904 3906 3908 3910 3912 3914 3916 3918 3920 3922 3924 3926 3928 3930 3932 3934 3936 3938 3940 3942 3944 3946 3948 3950 3952 3954 3956 3958 3960 3962 3964 3966 3968 3970 3972 3974 3976 3978 3980 3982 3984 3986 3988 3990 3992 3994 3996 3998 4000 4002 4004 4006 4008 4010 4012 4014 4016 4018 4020 4022 4024 4026 4028 4030 4032 4034 4036 4038 4040 4042 4044 4046 4048 4050 4052 4054 4056 4058 4060 4062 4064 4066 4068 4070 4072 4074 4076 4078 4080 4082 4084 4086 4088 4090 4092 4094 4096 4098 4100 4102 4104 4106 4108 4110 4112 4114 4116 4118 4120 4122 4124 4126 4128 4130 4132 4134 4136 4138 4140 4142 4144 4146 4148 4150 4152 4154 4156 4158 4160 4162 4164 4166 4168 4170 4172 4174 4176 4178 4180 4182 4184 4186 4188 4190 4192 4194 4196 4198 4200 4202 4204 4206 4208 4210 4212 4214 4216 4218 4220 4222 4224 4226 4228 4230 4232 4234 4236 4238 4240 4242 4244 4246 4248 4250 4252 4254 4256 4258 4260 4262 4264 4266 4268 4270 4272 4274 4276 4278 4280 4282 4284 4286 4288 4290 4292 4294 4296 4298 4300 4302 4304 4306 4308 4310 4312 4314 4316 4318 4320 4322 4324 4326 4328 4330 4332 4334 4336 4338 4340 4342 4344 4346 4348 4350 4352 4354 4356 4358 4360 4362 4364 4366 4368 4370 4372 4374 4376 4378 4380 4382 4384 4386 4388 4390 4392 4394 4396 4398 4400 4402 4404 4406 4408 4410 4412 4414 4416 4418 4420 4422 4424 4426 4428 4430 4432 4434 4436 4438 4440 4442 4444 4446 4448 4450 4452 4454 4456 4458 4460 4462 4464 4466 4468 4470 4472 4474 4476 4478 4480 4482 4484 4486 4488 4490 4492 4494 4496 4498 4500 4502 4504 4506 4508 4510 4512 4514 4516 4518 4520 4522 4524 4526 4528 4530 4532 4534 4536 4538 4540 4542 4544 4546 4548 4550 4552 4554 4556 4558 4560 4562 4564 4566 4568 4570 4572 4574 4576 4578 4580 4582 4584 4586 4588 4590 4592 4594 4596 4598 4600 4602 4604 4606 4608 4610 4612 4614 4616 4618 4620 4622 4624 4626 4628 4630 4632 4634 4636 4638 4640 4642 4644 4646 4648 4650 4652 4654 4656 4658 4660 4662 4664 4666 4668 4670 4672 4674 4676 4678 4680 4682 4684 4686 4688 4690 4692 4694 4696 4698 4700 4702 4704 4706 4708 4710 4712 4714 4716 4718 4720 4722 4724 4726 4728 4730 4732 4734 4736 4738 4740 4742 4744 4746 4748 4750 4752 4754 4756 4758 4760 4762 4764 4766 4768 4770 4772 4774 4776 4778 4780 4782 4784 4786 4788 4790 4792 4794 4796 4798 4800 4802 4804 4806 4808 4810 4812 4814 4816 4818 4820 4822 4824 4826 4828 4830 4832 4834 4836 4838 4840 4842 4844 4846 4848 4850 4852 4854 4856 4858 4860 4862 4864 4866 4868 4870 4872 4874 4876 4878 4880 4882 4884 4886 4888 4890 4892 4894 4896 4898 4900 4902 4904 4906 4908 4910 4912 4914 4916 4918 4920 4922 4924 4926 4928 4930 4932 4934 4936 4938 4940 4942 4944 4946 4948 4950 4952 4954 4956 4958 4960 4962 4964 4966 4968 4970 4972 4974 4976 4978 4980 4982 4984 4986 4988 4990 4992 4994 4996 4998 5000 5002 5004 5006 5008 5010 5012 5014 5016 5018 5020 5022 5024 5026 5028 5030 5032 5034 5036 5038 5040 5042 5044 5046 5048 5050 5052 5054 5056 5058 5060 5062 5064 5066 5068 5070 5072 5074 5076 5078 5080 5082 5084 5086 5088 5090 5092 5094 5096 5098 5100 5102 5104 5106 5108 5110 5112 5114 5116 5118 5120 5122 5124 5126 5128 5130 5132 5134 5136 5138 5140 5142 5144 5146 5148 5150 5152 5154 5156 5158 5160 5162 5164 5166 5168 5170 5172 5174 5176 5178 5180 5182 5184 5186 5188 5190 5192 5194 5196 5198 5200 5202 5204 5206 5208 5210 5212 5214 5216 5218 5220 5222 5224 5226 5228 5230 5232 5234 5236 5238 5240 5242 5244 5246 5248 5250 5252 5254 5256 5258 5260 5262 5264 5266 5268 5270 5272 5274 5276 5278 5280 5282 5284 5286 5288 5290 5292 5294 5296 5298 5300 5302 5304 5306 5308 5310 5312 5314 5316 5318 5320 5322 5324 5326 5328 5330 5332 5334 5336 5338 5340 5342 5344 5346 5348 5350 5352 5354 5356 5358 5360 5362 5364 5366 5368 5370 5372 5374 5376 5378 5380 5382 5384 5386 5388 5390 5392 5394 5396 5398 5400 5402 5404 5406 5408 5410 5412 5414 5416 5418 5420 5422 5424 5426 5428 5430 5432 5434 5436 5438 5440 5442 5444 5446 5448 5450 5452 5454 5456 5458 5460 5462 5464 5466 5468 5470 5472 5474 5476 5478 5480 5482 5484 5486 5488 5490 5492 5494 5496 5498 5500 5502 5504 5506 5508 5510 5512 5514 5516 5518 5520 5522 5524 5526 5528 5530 5532 5534 5536 5538 5540 5542 5544 5546 5548 5550 5552 5554 5556 5558 5560 5562 5564 5566 5568 5570 5572 5574 5576 5578 5580 5582 5584 5586 5588 5590 5592 5594 5596 5598 5600 5602 5604 5606 5608 5610 5612 5614 5616 5618 5620 5622 5624 5626 5628 5630 5632 5634 5636 5638 5640 5642 5644 5646 5648 5650 5652 5654 5656 5658 5660 5662 5664 5666 5668 5670 5672 5674 5676 5678 5680 5682 5684 5686 5688 5690 5692 5694 5696 5698 5700 5702 5704 5706 5708 5710 5712 5714 5716 5718 5720 5722 5724 5726 5728 5730 5732 5734 5736 5738 5740 5742 5744 5746 5748 5750 5752 5754 5756 5758 5760 5762 5764 5766 5768 5770 5772 5774 5776 5778 5780 5782 5784 5786 5788 5790 5792 5794 5796 5798 5800 5802 5804 5806 5808 5810 5812 5814 5816 5818 5820 5822 5824 5826 5828 5830 5832 5834 5836 5838 5840 5842 5844 5846 5848 5850 5852 5854 5856 5858 5860 5862 5864 5866 5868 5870 5872 5874 5876 5878 5880 5882 5884 5886 5888 5890 5892 5894 5896 5898 5900 5902 5904 5906 5908 5910 5912 5914 5916 5918 5920 5922 5924 5926 5928 5930 5932 5934 5936 5938 5940 5942 5944 5946 5948 5950 5952 5954 5956 5958 5960 5962 5964 5966 5968 5970 5972 5974 5976 5978 5980 5982 5984 5986 5988 5990 5992 5994 5996 5998 6000 6002 6004 6006 6008 6010 6012 6014 6016 6018 6020 6022 6024 6026 6028 6030 6032 6034 6036 6038 6040 6042 6044 6046 6048 6050 6052 6054 6056 6058 6060 6062 6064 6066 6068 6070 6072 6074 6076 6078 6080 6082 6084 6086 6088 6090 6092 6094 6096 6098 6100 6102 6104 6106 6108 6110 6112 6114 6116 6118 6120 6122 6124 6126 6128 6130 6132 6134 6136 6138 6140 6142 6144 6146 6148 6150 6152 6154 6156 6158 6160 6162 6164 6166 6168 6170 6172 6174 6176 6178 6180 6182 6184 6186 6188 6190 6192 6194 6196 6198 6200 6202 6204 6206 6208 6210 6212 6214 6216 6218 6220 6222 6224 6226 6228 6230 6232 6234 6236 6238 6240 6242 6244 6246 6248 6250 6252 6254 6256 6258 6260 6262 6264 6266 6268 6270 6272 6274 6276 6278 6280 6282 6284 6286 6288 6290 6292 6294 6296 6298 6300 6302 6304 6306 6308 6310 6312 6314 6316 6318 6320 6322 6324 6326 6328 6330 6332 6334 6336 6338 6340 6342 6344 6346 6348 6350 6352 6354 6356 6358 6360 6362 6364 6366 6368 6370 6372 6374 6376 6378 6380 6382 6384 6386 6388 6390 6392 6394 6396 6398 6400 6402 6404 6406 6408 6410 6412 6414 6416 6418 6420 6422 6424 6426 6428 6430 6432 6434 6436 6438 6440 6442 6444 6446 6448 6450 6452 6454 6456 6458 6460 6462 6464 6466 6468 6470 6472 6474 6476 6478 6480 6482 6484 6486 6488 6490 6492 6494 6496 6498 6500 6502 6504 6506 6508 6510 6512 6514 6516 6518 6520 6522 6524 6526 6528 6530 6532 6534 6536 6538 6540 6542 6544 6546 6548 6550 6552 6554 6556 6558 6560 6562 6564 6566 6568 6570 6572 6574 6576 6578 6580 6582 6584 6586 6588 6590 6592 6594 6596 6598 6600 6602 6604 6606 6608 6610 6612 6614 6616 6618 6620 6622 6624 6626 6628 6630 6632 6634 6636 6638 6640 6642 6644 6646 6648 6650 6652 6654 6656 6658 6660 6662 6664 6666 6668 6670 6672 6674 6676 6678 6680 6682 6684 6686 6688 6690 6692 6694 6696 6698 6700 6702 6704 6706 6708 6710 6712 6714 6716 6718 6720 6722 6724 6726 6728 6730 6732 6734 6736 6738 6740 6742 6744 6746 6748 6750 6752 6754 6756 6758 6760 6762 6764 6766 6768 6770 6772 6774 6776 6778 6780 6782 6784 6786 6788 6790 6792 6794 6796 6798 6800 6802 6804 6806 6808 6810 6812 6814 6816 6818 6820 6822 6824 6826 6828 6830 6832 6834 6836 6838 6840 6842 6844 6846 6848 6850 6852 6854 6856 6858 6860 6862 6864 6866 6868 6870 6872 6874 6876 6878 6880 6882 6884 6886 6888 6890 6892 6894 6896 6898 6900 6902 6904 6906 6908 6910 6912 6914 6916 6918 6920 6922 6924 6926 6928 6930 6932 6934 6936 6938 6940 6942 6944 6946 6948 6950 6952 6954 6956 6958 6960 6962 6964 6966 6968 6970 6972 6974 6976 6978 6980 6982 6984 6986 6988 6990 6992 6994 6996 6998 7000 7002 7004 7006 7008 7010 7012 7014 7016 7018 7020 7022 7024 7026 7028 7030 7032 7034 7036 7038 7040 7042 7044 7046 7048 7050 7052 7054 7056 7058 7060 7062 7064 7066 7068 7070 7072 7074 7076 7078 7080 7082 7084 7086 7088 7090 7092 7094 7096 7098 7100 7102 7104 7106 7108 7110 7112 7114 7116 7118 7120 7122 7124 7126 7128 7130 7132 7134 7136 7138 7140 7142 7144 7146 7148 7150 7152 7154 7156 7158 7160 7162 7164 7166 7168 7170 7172 7174 7176 7178 7180 7182 7184 7186 7188 7190 7192 7194 7196 7198 7200 7202 7204 7206 7208 7210 7212 7214 7216 7218 7220 7222 7224 7226 7228 7230 7232 7234 7236 7238 7240 7242 7244 7246 7248 7250 7252 7254 7256 7258 7260 7262 7264 7266 7268 7270 7272 7274 7276 7278 7280 7282 7284 7286 7288 7290 7292 7294 7296 7298 7300 7302 7304 7306 7308 7310 7312 7314 7316 7318 7320 7322 7324 7326 7328 7330 7332 7334 7336 7338 7340 7342 7344 7346 7348 7350 7352 7354 7356 7358 7360 7362 7364 7366 7368 7370 7372 7374 7376 7378 7380 7382 7384 7386 7388 7390 7392 7394 7396 7398 7400 7402 7404 7406 7408 7410 7412 7414 7416 7418 7420 7422 7424 7426 7428 7430 7432 7434 7436 7438 7440 7442 7444 7446 7448 7450 7452 7454 7456 7458 7460 7462 7464 7466 7468 7470 7472 7474 7476 7478 7480 7482 7484 7486 7488 7490 7492 7494 7496 7498 7500 7502 7504 7506 7508 7510 7512 7514 7516 7518 7520 7522 7524 7526 7528 7530 7532 7534 7536 7538 7540 7542 7544 7546 7548 7550 7552 7554 7556 7558 7560 7562 7564 7566 7568 7570 7572 7574 7576 7578 7580 7582 7584 7586 7588 7590 7592 7594 7596 7598 7600 7602 7604 7606 7608 7610 7612 7614 7616 7618 7620 7622 7624 7626 7628 7630 7632 7634 7636 7638 7640 7642 7644 7646 7648 7650 7652 7654 7656 7658 7660 7662 7664 7666 7668 7670 7672 7674 7676 7678 7680 7682 7684 7686 7688 7690 7692 7694 7696 7698 7700 7702 7704 7706 7708 7710 7712 7714 7716 7718 7720 7722 7724 7726 7728 7730 7732 7734 7736 7738 7740 7742 7744 7746 7748 7750 7752 7754 7756 7758 7760 7762 7764 7766 7768 7770 7772 7774 7776 7778 7780 7782 7784 7786 7788 7790 7792 7794 7796 7798 7800 7802 7804 7806 7808 7810 7812 7814 7816 7818 7820 7822 7824 7826 7828 7830 7832 7834 7836 7838 7840 7842 7844 7846 7848 7850 7852 7854 7856 7858 7860 7862 7864 7866 7868 7870 7872 7874 7876 7878 7880 7882 7884 7886 7888 7890 7892 7894 7896 7898 7900 7902 7904 7906 7908 7910 7912 7914 7916 7918 7920 7922 7924 7926 7928 7930 7932 7934 7936 7938 7940 7942 7944 7946 7948 7950 7952 7954 7956 7958 7960 7962 7964 7966 7968 7970 7972 7974 7976 7978 7980 7982 7984 7986 7988 7990 7992 7994 7996 7998 8000 8002 8004 8006 8008 8010 8012 8014 8016 8018 8020 8022 8024 8026 8028 8030 8032 8034 8036 8038 8040 8042 8044 8046 8048 8050 8052 8054 8056 8058 8060 8062 8064 8066 8068 8070 8072 8074 8076 8078 8080 8082 8084 8086 8088 8090 8092 8094 8096 8098 8100 8102 8104 8106 8108 8110 8112 8114 8116 8118 8120 8122 8124 8126 8128 8130 8132 8134 8136 8138 8140 8142 8144 8146 8148 8150 8152 8154 8156 8158 8160 8162 8164 8166 8168 8170 8172 8174 8176 8178 8180 8182
</DataArray>
      </Lines>
    </Piece>
  </PolyData>
</VTKFile>
